med_type,pref_code,med_code,name,address,phone,opener,manager,depts,beds,designated_date,source
病院,41,0111103,神野病院,佐賀市神園３丁目１８番４５号,0952-31-1441,医療法人　杏仁会　理事長　石丸　正吾,石丸　正吾,精神　精　内,179,昭32. 11. 1,kyushu/000491319.zip
病院,41,0111392,諸隈病院,佐賀市水ケ江２丁目６番２２号,0952-22-5500,医療法人　諸隈病院　理事長　諸隈　強,諸隈　強,一般　一般　内　呼　消　循　リハ,60,昭32. 11. 1,kyushu/000491319.zip
病院,41,0111764,佐賀整肢学園　こども発達医療センター,佐賀市金立町大字金立２２１５番地２７,0952-98-2211,社会福祉法人　佐賀整肢学園　理事長　中尾清一郎,窪田　秀明,一般　整外　小　リハ　歯　児童精神科　小外,199,昭35. 11. 1,kyushu/000491319.zip
病院,41,0113067,医療法人　聖医会　藤川病院,佐賀市松原一丁目２番６号,0952-29-0311,医療法人　聖医会　理事長　藤川　謙二,藤川　謙二,一般　整外　内　脳外　リハ　リウ　麻,,昭47. 7. 1,kyushu/000491319.zip
診療所,41,0113562,陣内胃腸科内科医院,佐賀市新栄西２丁目１番２号,0952-29-2226,陣内　重信,陣内　重信,内科　循環器内科　胃腸内科　麻　リハ　呼内　放,,昭53. 9. 1,kyushu/000491319.zip
診療所,41,0113885,杉原医院,佐賀市鍋島町大字八戸溝１６２９番地１,0952-31-5005,杉原　茂樹,杉原　茂樹,一般　外　消,,昭57. 1. 1,kyushu/000491319.zip
診療所,41,0114016,木村医院,佐賀市久保泉町大字下和泉１９３１番地,0952-98-1234,石井　雄二,石井　雄二,内　外　呼　整外　胃,,昭58. 12. 1,kyushu/000491319.zip
診療所,41,0114289,医療法人社団　恵風会　西村医院,佐賀市兵庫町大字瓦町９７１番地,0952-25-0147,医療法人社団　恵風会　西村医院　理事長　西村　一宣,西村　靖子,内　外　神内,,昭63. 1. 1,kyushu/000491319.zip
病院,41,0114297,清友病院,佐賀市久保泉町大字川久保５４５７番地,0952-98-3355,医療法人　清友会　理事長　野口　清,橋本　和人,精神　精　神内　リハ　脳外,100,昭63. 1. 1,kyushu/000491319.zip
診療所,41,0114438,医療法人　信愛整形外科医院,佐賀市川原町４番８号,0952-22-1001,医療法人　信愛整形外科医院　理事長　森永　秀和,森永　秀和,一般　整外　リハ　リウ,,平元. 8. 1,kyushu/000491319.zip
診療所,41,0114446,ながえ内科クリニック,佐賀市開成１丁目４番２号,0952-30-2211,医療法人ながえ内科クリニック　理事長　永江　欣司,永江　欣司,内　呼　循　小　リハ　胃,,平元. 8. 1,kyushu/000491319.zip
診療所,41,0114453,医療法人　中央クリニック,佐賀市八幡小路５番１５号,0952-26-6258,医療法人　中央クリニック　理事長　光岡　正純,光岡　正純,外　整外　麻　消,,平元. 9. 1,kyushu/000491319.zip
診療所,41,0114479,前山医院,佐賀市川原町５番１７号,0952-23-2348,医療法人　前山メディカル　理事長　前山　英彦,前山　英彦,内科　糖尿病内科　消化器内科,,平元. 9. 1,kyushu/000491319.zip
診療所,41,0114503,高柳内科,佐賀市嘉瀬町大字十五２２９１番地１,0952-23-6563,医療法人　信和会　理事長　高柳　和弘,高柳　和弘,一般　内　小　放　リハ,,平2. 2. 1,kyushu/000491319.zip
診療所,41,0114511,医療法人　三和会　本多整形外科,佐賀市高木瀬東２丁目４番１０号,0952-32-3535,医療法人　三和会　理事長　本多　重信,本多　孝行,整外　リハ,,平2. 2. 1,kyushu/000491319.zip
診療所,41,0114545,佐賀県医療生活協同組合　神野診療所,佐賀市神野東四丁目１０番５号,0952-31-1060,佐賀県医療生活協同組合　理事長　愛野　浩生,香月　彰夫,一般　内　小　循　消,,平2. 7. 1,kyushu/000491319.zip
診療所,41,0114552,医療法人　北島整形外科,佐賀市高木瀬東２丁目１５番６号,0952-30-2657,医療法人　北島整形外科　理事長　北島　雅治,北島　雅治,療養　整外,,平2. 9. 1,kyushu/000491319.zip
診療所,41,0114586,栗山医院,佐賀市白山１丁目４番６号,0952-23-2636,医療法人　素心庵　理事長　栗山　一道,栗山　一道,内,,平3. 2. 1,kyushu/000491319.zip
診療所,41,0114594,田尻医院,佐賀市高木町５番１６号,0952-24-8281,田尻　祐二,田尻　祐二,内　呼　消　循,,平3. 1. 27,kyushu/000491319.zip
診療所,41,0114651,医療法人　おそえがわ脳神経内科,佐賀市神園３丁目４番５号,0952-31-8181,医療法人　おそえがわ脳神経内科　理事長　小副川　学,小副川　学,一般　神内　内　リハ,,平3. 10. 1,kyushu/000491319.zip
診療所,41,0114669,医療法人　牧野医院,佐賀市日の出１丁目１４番２６号,0952-31-2320,医療法人　牧野医院　理事長　牧野　順一,牧野　順一,一般　ひ,,平3. 10. 1,kyushu/000491319.zip
診療所,41,0114792,島田医院,佐賀市嘉瀬町大字中原１９７３番地１,0952-23-5805,医療法人長生会　理事長　島田　利平,島田　利平,一般　療養　内　循　小,,平5. 4. 1,kyushu/000491319.zip
診療所,41,0114800,ひさのう循環器・内科,佐賀市鍋島１丁目５番１号,0952-33-0020,久納　隆一,久納　隆一,循環器内科　内科,,平5. 4. 16,kyushu/000491319.zip
診療所,41,0114842,くすの木耳鼻咽喉科クリニック,佐賀市鍋島三丁目６番２４号,0952-33-3387,福山　つや子,福山　つや子,耳い　気食,,平5. 7. 1,kyushu/000491319.zip
診療所,41,0114875,医療法人　中原眼科医院,佐賀市南佐賀２丁目１４番１０号,0952-25-3871,医療法人　中原眼科医院　理事長　中原陽平,中原　陽平,眼,,平5. 9. 1,kyushu/000491319.zip
病院,41,0114925,医療法人　春陽会　上村病院,佐賀市兵庫町大字渕１９０３番地１,0952-33-0099,医療法人　春陽会　理事長　上村　春良,上村　春良,一般　療養　救急科　循　消　リハ　眼　内　外　整外　放　呼内　膠原病・リウマチ内科　麻,106,平5. 12. 1,kyushu/000491319.zip
診療所,41,0114966,医療法人　力武医院,佐賀市神野東２丁目４番２２号,0952-31-2667,医療法人　力武医院　理事長　力武　修一,力武　修一,一般　内　腎臓内科,,平6. 3. 1,kyushu/000491319.zip
病院,41,0115021,福岡病院,佐賀市開成６丁目１４番１０号,0952-31-4611,医療法人　福翔会　理事長　福岡　英信,福岡　英信,療養　内科　呼吸器内科　循環器内科　消化器内科　放　リハ　心内　婦　老年内科,103,平7. 2. 1,kyushu/000491319.zip
診療所,41,0115047,医療法人　むつみのかい　もろくま心療クリニック,佐賀市高木瀬西２丁目１７番２号,0952-33-6488,医）むつみのかい　もろくま心療クリニック　理事長　諸隈　暢,諸隈　暢,精　心内　神内,,平7. 8. 1,kyushu/000491319.zip
診療所,41,0115062,平林クリニック,佐賀市下田町２番２３号,0952-22-5390,医療法人　平林胃腸科外科　理事長　平林　雅彦,平林　雅彦,整外　リハ　胃腸内科　内,,平7. 10. 1,kyushu/000491319.zip
診療所,41,0115070,医療法人　力武クリニック,佐賀市開成３丁目５番５号,0952-32-5500,医療法人　力武クリニック　理事長　力武　祐一郎,力武　祐一郎,内　外　こう　胃,,平7. 10. 1,kyushu/000491319.zip
病院,41,0115104,医療法人　尽心会　百武整形外科病院,佐賀市水ケ江３丁目２番１３号,0952-97-6670,医療法人　尽心会　百武整形外科病院　理事長　百武　康介,中尾　祥史,一般　整外　リハ　麻　リウ,,平7. 11. 1,kyushu/000491319.zip
診療所,41,0115146,日浦呼吸器科内科小児科医院,佐賀市鍋島２丁目１２番３１号,0952-34-1400,日浦　研哉,日浦　研哉,内　呼　小　アレ,,平8. 2. 15,kyushu/000491319.zip
診療所,41,0115161,小田クリニック,佐賀市西田代２丁目２番１７号,0952-23-7038,小田　雅男,小田　雅男,麻　内,,平8. 4. 15,kyushu/000491319.zip
病院,41,0115179,サンテ溝上病院,佐賀市大財１丁目６番６０号,0952-24-5251,医療法人　同愛会　理事長　溝上　泰一朗,溝上　泰一朗,一般　脳外　脳血管内科　内　循環器内科　血管外科　整外　リハ　外　脳神経内科　消化器内科,,平8. 5. 1,kyushu/000491319.zip
診療所,41,0115229,深川胃腸科外科医院,佐賀市水ケ江３丁目３番４号,0952-23-8412,深川　博,深川　博,胃　内　外,,平9. 1. 12,kyushu/000491319.zip
診療所,41,0115237,森医院,佐賀市八戸２丁目１番１３号,0952-28-7383,森　久男,森　久男,胃　内,,平9. 3. 24,kyushu/000491319.zip
診療所,41,0115286,ナガセ皮ふ科泌尿器科クリニック,佐賀市神園四丁目７番１４号,0952-33-3550,医療法人　謙親会　理事長　永瀬　謙二,永瀬　謙二,皮　ひ,,平9. 9. 1,kyushu/000491319.zip
診療所,41,0115302,橋野医院,佐賀市高木瀬東五丁目１７番１５号,0952-31-0007,医療法人　源流会　理事長　橋野　耕太郎,橋野　耕太郎,一般　外　胃　リハ　内　整外　放　こう,,平9. 10. 1,kyushu/000491319.zip
診療所,41,0115310,小峯クリニック,佐賀市本庄町大字袋２７５番地１,0952-25-3288,医療法人　光心会　理事長　小峯　光徳,小峯　光徳,一般　整外　リハ　リウ　膠原病内科,,平9. 11. 1,kyushu/000491319.zip
病院,41,0115344,医療法人　智仁会　佐賀リハビリテーション病院,佐賀市南佐賀１丁目１７番１号,0952-25-0231,医療法人　智仁会　理事長　吉原　正博,吉原　正博,療養　内　皮　リハ　脳内,,平10. 4. 1,kyushu/000491319.zip
病院,41,0115385,医療法人　仁和会　小池病院,佐賀市嘉瀬町大字中原１９２２番地２,0952-23-2171,医療法人　仁和会　理事長　小池　英介,小池　英介,一般　外科　乳腺外科　内　放　麻,,平10. 7. 1,kyushu/000491319.zip
診療所,41,0115401,こうの医院,佐賀市兵庫南一丁目１２番７号,0952-23-7276,河野　哲也,河野　哲也,内　外　胃　眼,,平10. 11. 2,kyushu/000491319.zip
診療所,41,0115435,黒沢内科医院,佐賀市北川副町大字光法１５９７番地,0952-26-1723,黒沢　美郎,黒沢　美郎,内,,平11. 1. 8,kyushu/000491319.zip
診療所,41,0115534,さとう泌尿器科,佐賀市鍋島２丁目６番２７号,0952-34-1678,佐藤　伸二,佐藤　伸二,ひ,,平11. 11. 19,kyushu/000491319.zip
診療所,41,0115567,医療法人　北野整形外科医院,佐賀市若楠二丁目４番１０号,0952-32-5073,医療法人　北野整形外科医院　理事長　北野　克顯,北野　克顯,整外　リハ,,平12. 3. 1,kyushu/000491319.zip
診療所,41,0115591,医療法人　ばばこどもクリニック,佐賀市鍋島３丁目１５番２６号,0952-30-8900,医療法人　ばばこどもクリニック　理事長　馬場　常嘉,馬場　常嘉,小,,平12. 5. 1,kyushu/000491319.zip
診療所,41,0115625,医療法人　千葉内科循環器科,佐賀市天神二丁目３番３８号,0952-22-7531,医療法人　千葉内科循環器科　理事長　千葉　未知夫,千葉　未知夫,一般　内科　人工透析内科　循環器内科　胃腸内科,,平12. 9. 1,kyushu/000491319.zip
診療所,41,0115674,内野産婦人科,佐賀市水ケ江２丁目４番２号,0952-23-2360,医療法人　輔仁会　理事長　内野　稔,内野　美穂,一般　産婦　小,,平13. 4. 1,kyushu/000491319.zip
診療所,41,0115716,ごとう整形外科皮ふ科クリニック,佐賀市木原２丁目１７番９号,0952-23-7100,医療法人　ごとうクリニック　理事長　後藤　正治,後藤　正治,整外　リハ　リウ　皮　アレ,,平13. 9. 1,kyushu/000491319.zip
診療所,41,0115724,松永内科医院,佐賀市高木瀬西１丁目３番２５号,0952-31-1940,松永　千佳,松永　千佳,内　胃　循　小,,平13. 7. 29,kyushu/000491319.zip
病院,41,0115732,医療法人　安寿会　田中病院,佐賀市嘉瀬町大字扇町２３４４番地１６,0952-23-2640,医療法人　安寿会　理事長　浅見　豊子,浅見　昭彦,一般　一般　整外　内　リハ　リウ　小児リハビリテーション料,39,平13. 10. 1,kyushu/000491319.zip
診療所,41,0115740,医療法人　徹心会　こうの眼科クリニック,佐賀市駅前中央一丁目５番１０号,0952-28-0811,医療法人　徹心会　理事長　河野　さとみ,河野　さとみ,眼,,平13. 10. 1,kyushu/000491319.zip
診療所,41,0115757,かじはら内科クリニック,佐賀市八戸溝二丁目１０番２号,0952-36-8536,梶原　進,梶原　進,内　消　循　呼　アレ　小,,平13. 10. 2,kyushu/000491319.zip
病院,41,0115799,島田病院,佐賀市嘉瀬町大字中原１６７９番地１,0952-40-8550,医療法人　長生会　理事長　島田　利平,島田　ひとみ,療養　療養　内　リハ　消　歯　歯外,84,平14. 8. 1,kyushu/000491319.zip
診療所,41,0115815,医療法人　吉松皮フ科,佐賀市本庄町大字本庄８８８番地５,0952-23-5802,医療法人　吉松皮フ科　理事長　西　隆久,西　隆久,皮,,平14. 10. 1,kyushu/000491319.zip
診療所,41,0115856,つのだ内科クリニック,佐賀市兵庫南２丁目１６番３２号,0952-27-1777,医療法人　誠心会　理事長　角田　誠也,角田　誠也,内　小　循　呼　消,,平15. 3. 1,kyushu/000491319.zip
病院,41,0115872,医療法人社団　敬愛会　佐賀記念病院,佐賀市高木瀬町大字長瀬１２４０番地１,0952-31-7771,医療法人社団　敬愛会　理事長　内田　康文,内田　匡彦,一般　療養　内科　胃腸内科　循環器内科　呼吸器内科　消化器内科　整外　放　リハ　眼　歯　歯外　麻　耳い　神内　皮　形外　糖尿病内科,120,平15. 3. 1,kyushu/000491319.zip
診療所,41,0115948,医療法人　龍皮フ科クリニック,佐賀市兵庫南三丁目１番１号,0952-27-8877,医療法人　龍皮フ科クリニック　理事長　龍　誠治,龍　誠治,皮　アレ,,平15. 9. 1,kyushu/000491319.zip
診療所,41,0115971,たんぽぽクリニック,佐賀市若宮一丁目１９番２９号,0952-36-9206,橘川　桂三,橘川　桂三,内　胃　呼　小,,平15. 11. 1,kyushu/000491319.zip
診療所,41,0115997,神田胃腸科内科医院,佐賀市蓮池町大字蓮池３６５番地７,0952-97-0019,神田　和久,神田　和久,内　胃　小,,平15. 12. 5,kyushu/000491319.zip
診療所,41,0116029,佐賀クリニック,佐賀市中央本町２番２１号,0952-29-1248,医療法人　如春窩会　理事長　大塚　卓,大塚　伸,一般　療養　内科　人工透析内科　腎臓内科　高血圧内科　外　リハ,,平16. 4. 1,kyushu/000491319.zip
診療所,41,0116037,矢ヶ部医院,佐賀市木原三丁目２番１１号,0952-29-6121,医療法人　純伸会　理事長　矢ヶ部　伸也,矢ヶ部　伸也,一般　一般　一般　療養　内　外,15,平16. 4. 1,kyushu/000491319.zip
診療所,41,0116045,医療法人　金武外科肛門科,佐賀市城内二丁目２番５６号,0952-24-3232,医療法人　金武外科肛門科　理事長　金武　良憲,金武　良憲,一般　一般　外　大腸肛門科,19,平16. 4. 1,kyushu/000491319.zip
診療所,41,0116094,医療法人　三和会　兵庫整形外科,佐賀市巨勢町大字修理田１２２６番地３,0952-41-7001,医療法人　三和会　理事長　本多　重信,本多　弘一,一般　一般　整外　リハ　婦,19,平16. 11. 1,kyushu/000491319.zip
診療所,41,0116102,医療法人　南里泌尿器科医院,佐賀市松原三丁目２番３３号,0952-23-5911,医療法人　南里泌尿器科医院　理事長　南里　正晴,南里　正晴,一般　療養　ひ　性　リハ,,平16. 11. 1,kyushu/000491319.zip
診療所,41,0116110,やまだ耳鼻咽喉科,佐賀市高木瀬東三丁目４０９番地１,0952-30-3433,山田　昇一郎,山田　昇一郎,耳い　アレ,,平17. 2. 4,kyushu/000491319.zip
診療所,41,0116128,医療法人　多布施クリニック,佐賀市多布施４丁目１番６号,0952-24-9007,医療法人　多布施クリニック　理事長　諸隈　,諸隈　,精　心内,,平17. 3. 22,kyushu/000491319.zip
診療所,41,0116144,西山クリニック,佐賀市東佐賀町１４番２６号,0952-22-8288,西山　重徳,西山　重徳,心内　精,,平17. 4. 11,kyushu/000491319.zip
診療所,41,0116151,医療法人　しまだ眼科,佐賀市嘉瀬町大字扇町２４７７番地１,0952-28-7575,医療法人　しまだ眼科　理事長　嶋田　英一,嶋田　英一,眼,,平17. 4. 1,kyushu/000491319.zip
診療所,41,0116169,医療法人　新栄こどもクリニック,佐賀市鍋島町八戸１３４３番地７,0952-41-5299,医療法人　新栄こどもクリニック　理事長　古賀　広幸,古賀　広幸,小　内　アレ,,平17. 4. 1,kyushu/000491319.zip
診療所,41,0116193,医療法人　卓悠会　さが駅前眼科,佐賀市神野東１丁目９番１８号,0952-34-2750,医療法人　卓悠会　理事長　牛山　佳子,牛山　佳子,眼,,平17. 8. 1,kyushu/000491319.zip
診療所,41,0116201,医療法人　笙船会　飯盛内科,佐賀市多布施２丁目６番２４号,0952-23-2095,医療法人　笙船会　理事長　飯盛　宏二郎,村山　司郎,内,,平17. 9. 1,kyushu/000491319.zip
診療所,41,0116227,医療法人　草場整形外科,佐賀市赤松町１番９号,0952-22-9383,医療法人　草場整形外科　理事長　草場　謙,草場　謙,一般　一般　整外　リウ　リハ,19,平17. 11. 1,kyushu/000491319.zip
診療所,41,0116243,医療法人　西島皮膚科医院,佐賀市大和町大字尼寺２６７１番地２,0952-62-6276,医療法人　西島皮膚科医院　理事長　西島　君実,西島　君実,皮,,平18. 2. 1,kyushu/000491319.zip
診療所,41,0116250,なかしま小児科,佐賀市兵庫町大字瓦町１０９６番２,0952-27-7667,中嶋　安嗣,中嶋　安嗣,小,,平18. 3. 1,kyushu/000491319.zip
診療所,41,0116284,医療法人　森永整形外科医院,佐賀市開成六丁目１４番４８号,0952-31-5155,医療法人　森永整形外科医院　理事長　森永　秀史,森永　秀史,一般　一般　療養　療養　整外　リハ　リウ,17,平18. 9. 1,kyushu/000491319.zip
診療所,41,0116318,神代整形外科,佐賀市大和町大字川上１７０番地４,0952-64-9870,神代　敏之,神代　敏之,整外　リハ,,平18. 10. 10,kyushu/000491319.zip
診療所,41,0116342,橋野こどもクリニック,佐賀市高木瀬東四丁目１４番３号,0952-31-0020,医療法人　橋野こどもクリニック　理事長　橋野かの子,橋野　かの子,小　アレ,,平19. 1. 1,kyushu/000491319.zip
診療所,41,0116359,内藤医院　北山診療所,佐賀市富士町大字大野１０６０番地２３,0952-57-2226,内藤　博文,内藤　博文,内　麻,,平19. 1. 1,kyushu/000491319.zip
診療所,41,0116375,医療法人　永浜眼科医院,佐賀市中央本町３番８号,0952-23-6256,医療法人　永浜眼科医院　理事長　永浜　正浩,永浜　正浩,眼,,平19. 2. 1,kyushu/000491319.zip
診療所,41,0116409,おおくま産婦人科,佐賀市高木瀬西二丁目１０番５号,0952-31-6117,医療法人　おおくま産婦人科　理事長　大隈　良譲,大隈　良譲,一般　産婦,,平19. 3. 1,kyushu/000491319.zip
診療所,41,0116417,医療法人　明雄会　深町眼科医院,佐賀市与賀町２番６９号,0952-23-4388,医療法人　明雄会　理事長　中野　容子,中野　容子,眼,,平19. 5. 1,kyushu/000491319.zip
診療所,41,0116433,悠心堂クリニック,佐賀市白山二丁目７番１号エスプラッツ２階,0952-28-1828,医療法人　悠心堂　理事長　田代　良樹,田代　良樹,精　心療内科　内,,平19. 11. 5,kyushu/000491319.zip
診療所,41,0116441,中山内科クリニック,佐賀市高木瀬西４丁目６番１４号,0952-36-5439,中山　利浩,中山　利浩,内科　肝臓・消化器内科,,平19. 12. 1,kyushu/000491319.zip
診療所,41,0116474,医療法人　ながせ皮膚科,佐賀市高木瀬西５丁目１５番２７号,0952-32-1214,医療法人　ながせ皮膚科　理事長　永瀨　浩太郎,永瀨　浩太郎,皮膚科　美容皮膚科,,平20. 4. 1,kyushu/000491319.zip
診療所,41,0116557,夢咲胃腸内科,佐賀市兵庫北２丁目３０番２３号,0952-20-0888,井手口　尚生,井手口　尚生,内科　消化器内科（内視鏡）,,平20. 10. 1,kyushu/000491319.zip
診療所,41,0116607,美川眼科医院,佐賀市松原４丁目３番２１号,0952-23-2789,医療法人ＹＴ　理事長　西村　知久,美川　優子,一般　一般　眼,8,平21. 3. 2,kyushu/000491319.zip
診療所,41,0116631,えがしら小児科医院,佐賀市兵庫北２丁目２５番４８号,0952-97-9861,江頭　昌典,江頭　昌典,小,,平21. 9. 1,kyushu/000491319.zip
診療所,41,0116664,ゆめ眼科医院,佐賀市兵庫北５丁目１４番１号ゆめタウン佐賀２階,0952-31-5033,医療法人　ひまわり会　理事長　伊藤　正吾,伊藤　正吾,眼,,平22. 2. 1,kyushu/000491319.zip
診療所,41,0116672,森　医院,佐賀市愛敬町８番１１号,0952-23-2584,森　丘,森　丘,内,,平22. 3. 13,kyushu/000491319.zip
診療所,41,0116698,医療法人　えとう内科・循環器内科,佐賀市神野東四丁目３番１９号,0952-33-8177,医療法人　えとう内科・循環器内科　理事長　江頭　泰博,江頭　泰博,内科　循環器内科,,平22. 10. 18,kyushu/000491319.zip
診療所,41,0116706,統合医療　やまのうち小児科・内科,佐賀市兵庫北５丁目８－７－２,0952-33-8500,山内　昌樹,山内　昌樹,小　内　アレ　漢方小児科　漢方内科　漢方アレルギー科,,平22. 12. 16,kyushu/000491319.zip
診療所,41,0116714,岸川整形外科,佐賀市本庄町本庄８６２番地１,0952-25-1351,岸川　陽一,岸川　陽一,一般　療養　整外　リハ　リウ,,平23. 1. 1,kyushu/000491319.zip
診療所,41,0116730,医療法人　九曜会　こが内科こどもクリニック,佐賀市西与賀町大字厘外８５９番地１５,0952-24-0541,医療法人　九曜会　理事長　古賀　貴文,古賀　貴文,内　循環器内科　消化器内科　呼吸器内科　小　アレ,,平23. 1. 1,kyushu/000491319.zip
診療所,41,0116748,庄野真由美レディースクリニック,佐賀市兵庫北二丁目３０番２６号,0952-20-5550,医療法人　博優会　理事長　庄野　真由美,庄野　真由美,一般　産　婦,,平23. 2. 1,kyushu/000491319.zip
診療所,41,0116763,じんの内医院,佐賀市新郷本町２４番３号,0952-24-2225,医療法人　朝霧会　理事長　陣内　謙一,陣内　寛,一般　一般　内　腎臓内科　循環器内科　人工透析内科　ひ　皮　形外,13,平23. 4. 1,kyushu/000491319.zip
診療所,41,0116789,医療法人　中尾医院,佐賀市中央本町１－２２,0952-23-3213,医療法人　中尾医院　理事長　中尾　偕主,中尾　匡孝,一般　一般　皮　内　リウ　ひ,19,平23. 4. 1,kyushu/000491319.zip
診療所,41,0116797,医療法人　みぞかみ耳鼻咽喉科,佐賀市与賀町４番２１号,0952-22-4057,医療法人　みぞかみ耳鼻咽喉科　理事長　溝上　宏幸,溝上　宏幸,耳い　アレ　気管食道・耳鼻咽喉科,,平23. 5. 1,kyushu/000491319.zip
診療所,41,0116805,ももた耳鼻咽喉科,佐賀市兵庫北２丁目３１番２６号,0952-37-9133,百田　統洋,百田　統洋,耳い,,平23. 5. 1,kyushu/000491319.zip
診療所,41,0116821,第一心療クリニック,佐賀市駅南本町６－４　第一生命ビル４階,0952-22-4929,金　章介,金　章介,精　神内,,平23. 9. 1,kyushu/000491319.zip
診療所,41,0116854,しげた総合診療クリニック,佐賀市大和町大字川上３２３－１,0952-64-9800,重田　研一郎,重田　研一郎,内　心内　漢方内科,,平23. 12. 19,kyushu/000491319.zip
診療所,41,0116870,内田クリニック,佐賀市高木瀬町大字東高木２４１番地２,0952-36-6100,医療法人　内田クリニック　理事長　内田　敏文,内田　敏文,内科　胃腸内科　外,,平24. 1. 1,kyushu/000491319.zip
診療所,41,0116896,佐藤整形外科,佐賀市大財三丁目５番１８号,0952-22-3103,医療法人　佐藤整形外科　理事長　廣田　省三,佐藤　直人,一般　一般　整外　リウ　リハ,11,平24. 4. 1,kyushu/000491319.zip
診療所,41,0116904,きりんクリニック,佐賀市久保泉町上和泉２２３２番地１,0952-98-0135,医療法人　長晴会　理事長　木下　竜太郎,木下　竜太郎,内　小　アレ　リハ,,平24. 10. 1,kyushu/000491319.zip
診療所,41,0116912,医療法人かたえ内科・呼吸器クリニック,佐賀市高木瀬町長瀬１２４５番地３,0952-36-6200,医療法人かたえ内科・呼吸器クリニック　理事長　片江　正治,片江　正治,内科　呼吸器内科　アレ,,平25. 1. 1,kyushu/000491319.zip
診療所,41,0116920,医療法人　さの眼科,佐賀市兵庫北二丁目２５番８号,0952-20-1313,医療法人　さの眼科　理事長　佐野　邦人,佐野　邦人,眼,,平25. 1. 1,kyushu/000491319.zip
診療所,41,0116938,ささきこどもクリニック,佐賀市大和町尼寺３４２４番地６,0952-62-1801,医療法人　佐々木小児科　理事長　佐々木　和也,佐々木　和也,小　アレ,,平25. 1. 1,kyushu/000491319.zip
診療所,41,0116946,若楠クリニック,佐賀市駅前中央１－１０－３７佐賀駅前センタービル６Ｆ,0952-27-7222,植木　裕司,植木　裕司,精　心内,,平25. 5. 1,kyushu/000491319.zip
診療所,41,0116953,医療法人　夢咲クリニック,佐賀市兵庫北一丁目８番２３号,0952-20-1515,医療法人　夢咲クリニック　理事長　山口　耕太郎,山口　耕太郎,内科　呼吸器内科・腎臓内科（人工透析）,,平25. 6. 1,kyushu/000491319.zip
診療所,41,0116987,かみぞのクリニック,佐賀市神園六丁目４番１６号,0952-36-6755,医療法人　思惟会　理事長　高島　敏伸,高島　敏伸,内　小,,平26. 1. 1,kyushu/000491319.zip
診療所,41,0117019,こやなぎ内科クリニック,佐賀市高木瀬町大字長瀬９６９番地１アルタ高木瀬店２階,0952-36-5100,小栁　修二郎,小栁　修二郎,内科　消化器内科,,平26. 6. 2,kyushu/000491319.zip
診療所,41,0117035,いちはら耳鼻咽喉科クリニック,佐賀市嘉瀬町大字扇町２４６９－２６,0952-24-8010,市原　次郎,市原　次郎,耳い　アレ　小児耳鼻咽喉科,,平26. 7. 1,kyushu/000491319.zip
診療所,41,0117084,医療法人　尽心会　百武整形外科・スポーツクリニック,佐賀市水ケ江４丁目２番１５号,0952-26-2006,医療法人　尽心会　百武整形外科病院　理事長　百武　康介,百武　康介,整外　リハ　リウ,,平27. 4. 1,kyushu/000491319.zip
診療所,41,0117092,わたなべ女性内科,佐賀市鍋島町大字森田５９４－１,0952-31-6550,渡邉　恵子,渡邉　恵子,内　漢方内科　臨床検査科,,平27. 5. 7,kyushu/000491319.zip
診療所,41,0117118,植田産婦人科内科医院,佐賀市与賀町２番５３号,0952-22-2550,福田　伸子,太田　記代子,内　産婦,,平27. 6. 8,kyushu/000491319.zip
診療所,41,0117167,一般財団法人　佐賀県産業医学協会診療所,佐賀市鍋島町八戸１９９４番地１,0952-22-6729,一般財団法人　佐賀県産業医学協会　理事長　後藤　英之,後藤　英之,内,,平27. 12. 1,kyushu/000491319.zip
病院,41,0117183,なゆたの森病院,佐賀市本庄町大字本庄２６９番地１,0952-20-6000,医療法人至誠会　理事長　山口　龍太郎,青木　洋介,一般　療養　内科　循環器内科　消化器内科　腎臓内科　呼吸器内科　緩和ケア内科　放　リハ,105,平27. 12. 1,kyushu/000491319.zip
診療所,41,0117209,医療法人社団敬愛会　健診センター佐賀,佐賀市高木瀬町大字長瀬１１６７番地２,0952-20-5511,医療法人社団　敬愛会　理事長　　内田　康文,古栁　志保,内,,平28. 2. 1,kyushu/000491319.zip
診療所,41,0117258,晴寿診療所,佐賀市高木瀬町東高木１１７０,0952-30-1165,社会福祉法人　晴寿会　理事長　寺田　洋臣,合瀬　克明,精　内　心内,,平28. 6. 1,kyushu/000491319.zip
診療所,41,0117282,寺田内科,佐賀市大財１丁目８番３０号,0952-24-5288,寺田　洋臣,寺田　洋臣,内科　消化器内科　呼吸器内科,,平28. 12. 1,kyushu/000491319.zip
診療所,41,0117290,満岡内科クリニック,佐賀市大和町大字尼寺８４８番地１１,0952-51-2922,医療法人　満岡内科クリニック　理事長　満岡　聡,満岡　聡,内科　消化器内科　肝臓内科,,平29. 1. 1,kyushu/000491319.zip
診療所,41,0117316,二宮内科医院,佐賀市兵庫南２丁目１４番１９号,0952-41-5590,二宮　風夫,二宮　風夫,内　消,,平29. 4. 1,kyushu/000491319.zip
診療所,41,0117332,医療法人　森山胃腸科,佐賀市諸富町大字大堂９３７番地１,0952-47-2425,医療法人　森山胃腸科　理事長　森山幹夫,森山　幹彦,内科　消化器内科　リハ,,平29. 6. 19,kyushu/000491319.zip
診療所,41,0117340,しまのえ耳鼻咽喉科,佐賀市神野東４丁目３－２９,0952-37-5331,医療法人　しまのえ耳鼻咽喉科　理事長　島ノ江　洋平,島ノ江　洋平,耳い,,平29. 7. 1,kyushu/000491319.zip
診療所,41,0117357,産婦人科　なかなみクリニック,佐賀市木原１丁目２４番３８号,0952-28-5277,医療法人　産婦人科なかなみクリニック　理事長　中並　正道,中並　正道,産　婦人科　性感染症婦人科,,平29. 8. 1,kyushu/000491319.zip
診療所,41,0117381,佐賀県健康づくり財団　佐賀県健診・検査センター,佐賀市水ケ江一丁目１２番１０号,0952-37-3301,公益財団法人　佐賀県健康づくり財団　理事長　志田　正典,佐野　雅之,内　婦　眼　放,,平30. 1. 1,kyushu/000491319.zip
診療所,41,0117399,中原胃腸科内科,佐賀市城内一丁目５番９号,0952-29-8008,中原　伸,中原　伸,内科　胃腸内科　消化器内科　呼吸器内科　循環器内科,,平30. 1. 1,kyushu/000491319.zip
診療所,41,0117415,富﨑小児科,佐賀市神野東２丁目４－３８,0952-30-5793,円城寺　しづか,円城寺　しづか,小　児童精神科,,平30. 1. 1,kyushu/000491319.zip
診療所,41,0117423,山口耳鼻咽喉科医院,佐賀市堀川町１－８,0952-24-2004,山口　勝矢,山口　勝矢,耳い,,平30. 4. 1,kyushu/000491319.zip
診療所,41,0117480,小林耳鼻咽喉科クリニック,佐賀市中の小路７番３０号,0952-26-3151,医療法人小林耳鼻咽喉科クリニック　理事長　小林　信介,小林　信介,耳い　アレ,,平30. 7. 1,kyushu/000491319.zip
診療所,41,0117498,山口眼科医院,佐賀市松原２丁目１１番２０号,0952-37-3217,山口　晃生,山口　晃生,眼,,平30. 8. 1,kyushu/000491319.zip
診療所,41,0117506,すこやか女性クリニック,佐賀市白山二丁目７番１号　エスプラッツ２階,0952-20-1671,医療法人　ｄａｙｓ　理事長　西岡　智子,西岡　智子,婦　女性内科,,平30. 9. 1,kyushu/000491319.zip
診療所,41,0117522,医療法人　慶仁会　森川耳鼻咽喉科,佐賀市本庄町大字本庄１２６６番１,0952-24-6051,医療法人　慶仁会　理事長　森川　郁郎,森川　郁郎,耳い,,平30. 11. 1,kyushu/000491319.zip
診療所,41,0117548,医療法人　正和会　志田内科,佐賀市水ケ江二丁目７番２３号,0952-23-3720,医療法人　正和会　理事長　志田　正典,志田　正典,内科　循環器内科　胃腸内科　リハ,,平31. 1. 1,kyushu/000491319.zip
病院,41,0117571,福田脳神経外科病院,佐賀市本庄町本庄１２３６番地２,0952-29-2223,医療法人博愛会　理事長　福田　雄高,福田　雄高,一般　一般　脳外,40,平31. 4. 1,kyushu/000491319.zip
診療所,41,0117613,ゆたか内科消化器科クリニック,佐賀市兵庫南一丁目２０番１５号,0952-41-7355,医療法人　裕和会　理事長　中島　裕,中島　裕,内科　消化器内科,,令元. 7. 1,kyushu/000491319.zip
診療所,41,0117621,ぶどうの木クリニック,佐賀市水ケ江１丁目２－２１,0952-20-0899,医療法人　葡萄の木　理事長　山本　巻一,山本　巻一,一般　一般　内　外　循環器内科,19,令2. 1. 1,kyushu/000491319.zip
診療所,41,0117639,まつした耳鼻咽喉科クリニック,佐賀市北川副町大字光法１４８４番地１,0952-37-5096,医療法人　まつした耳鼻咽喉科クリニック　理事長　松下　英友,松下　英友,耳い　アレ,,令2. 1. 1,kyushu/000491319.zip
診療所,41,0117647,佐賀駅南クリニック,佐賀市駅前中央一丁目９番３８号佐賀新聞佐賀駅前ビル６階,0952-27-7328,医療法人　周継会　理事長　久野　建夫,久野　建夫,小　内　精,,令2. 1. 1,kyushu/000491319.zip
診療所,41,0117654,おおいし脳・神経リハクリニック,佐賀市鍋島町森田６０５番地５,0952-37-8126,医療法人　光恵会　理事長　大石　豪,大石　豪,脳外　リハ,,令2. 1. 1,kyushu/000491319.zip
診療所,41,0117662,こいけクリニック,佐賀市兵庫北２丁目１９番１２号,0952-20-3111,医療法人　こいけクリニック　理事長　小池　健太,小池　健太,乳腺外科　甲状腺内科　外　内,,令2. 2. 1,kyushu/000491319.zip
診療所,41,0117670,クリニック新生,佐賀市新生町５番１５号,0952-23-2895,八次　浩幸,八次　浩幸,内　外　美容皮膚科,,令2. 3. 1,kyushu/000491319.zip
診療所,41,0117688,とも眼科,佐賀市兵庫南１丁目２２番１１号,0952-97-9728,森　智昌,森　智昌,眼,,令2. 4. 1,kyushu/000491319.zip
診療所,41,0117712,のぐちクリニック,佐賀市駅前中央一丁目４番１７号　２階,0952-20-0404,医療法人　清友会　理事長　野口　清,野口　清,精　心内　脳外,,令2. 7. 1,kyushu/000491319.zip
診療所,41,0117738,医療法人　コールメディカルクリニック佐賀,佐賀市鍋島４丁目１番２３号,0952-20-6622,医療法人　コールメディカルクリニック佐賀　理事長　山口　宗孝,山口　宗孝,内科　循環器内科,,令2. 8. 1,kyushu/000491319.zip
診療所,41,0117803,ふくなが眼科,佐賀市開成６丁目８－２１,0952-36-8811,福永　由起子,福永　由起子,眼,,令3. 5. 1,kyushu/000491319.zip
病院,41,0117811,ふじの森ホスピタル,佐賀市富士町大字小副川２７２番地,0952-64-2231,医療法人　健心会　理事長　鮫島　隆晃,鮫島　隆晃,精神　精神　精　心療内科　内,163,令3. 4. 1,kyushu/000491319.zip
診療所,41,0117829,さかえまち整形外科,佐賀市駅前中央１－４－１７コムボックス佐賀駅前２Ｆ,0952-97-5789,医療法人仁栄会　理事長　角田　憲治,角田　憲治,整外　リハ,,令3. 5. 17,kyushu/000491319.zip
診療所,41,0117837,みね内科循環器科クリニック,佐賀市高木瀬町大字東高木２３１番地１２,0952-37-3986,医療法人　新恵会　理事長　三根　大悟,三根　大悟,内　循環器内科　リハ　眼,,令3. 6. 1,kyushu/000491319.zip
診療所,41,0117845,いさがいこどもクリニック,佐賀市西与賀町大字高太郎１２６－１５,0952-24-2521,医療法人　いさがいこどもクリニック　理事長　飯盛　健生,飯盛　健生,小　アレ　内,,令3. 9. 1,kyushu/000491319.zip
診療所,41,0117852,坂井医院,佐賀市川副町大字犬井道６１５のロ,0952-45-0040,大串　昭彦,大串　昭彦,内,,令3. 9. 1,kyushu/000491319.zip
診療所,41,0117860,かすがの杜こどもクリニック,佐賀市大和町尼寺２６６０－３,0952-62-5006,大塚　泰史,大塚　泰史,小　小児腎臓内科　小児泌尿器科　アレ,,令3. 10. 1,kyushu/000491319.zip
診療所,41,0117886,おおたゆうこ小児科,佐賀市木原二丁目２３番１号,0952-26-4611,医療法人　おおたゆうこ小児科　理事長　太田　裕子,太田　裕子,小　内,,令3. 12. 1,kyushu/000491319.zip
診療所,41,0117894,やまと心のクリニック,佐賀市大和町大字尼寺３１２７番地１,0952-20-6030,医療法人健心会　理事長　鮫島　隆晃,樋口　麻衣子,精　心内　老年精神科　老年心療内科,,令4. 4. 1,kyushu/000491319.zip
診療所,41,0117910,かとうクリニック内科・呼吸器内科,佐賀市本庄町大字末次２９－１２,0952-41-8011,加藤　剛,加藤　剛,内科　呼吸器内科　アレルギー科,,令4. 5. 6,kyushu/000491319.zip
診療所,41,0117928,医療法人　正島脳神経外科,佐賀市鍋島一丁目３番１０号,0952-32-0035,医療法人　正島脳神経外科　理事長　正島　弘隆,正島　弘隆,脳外　外　リハ,,令4. 5. 1,kyushu/000491319.zip
病院,41,0117936,境野病院,佐賀市松原４丁目２番２８号,0952-26-2468,医療法人社団　真仁会　理事長　境野　昌範,佛坂　顕,一般　一般　整外　リハ　内,37,令4. 5. 1,kyushu/000491319.zip
診療所,41,0117944,萩原脳神経外科クリニック,佐賀市木原一丁目２４番３８号,0952-27-8800,医療法人　真晴会　理事長　萩原　直司,萩原　直司,脳外,,令4. 7. 1,kyushu/000491319.zip
診療所,41,0117951,古賀眼科,佐賀市鍋島町森田４１６番地１,0952-20-0607,医療法人匠双隆　理事長　古賀　隆史,古賀　隆史,眼,,令4. 8. 1,kyushu/000491319.zip
診療所,41,0117969,中尾整形外科,佐賀市兵庫町大字渕１３３５番地１,0952-22-0702,医療法人中尾整形外科　理事長　中尾　俊憲,中尾　俊憲,整外　リハ　リウ,,令4. 8. 1,kyushu/000491319.zip
診療所,41,0117977,なかしまクリニック,佐賀市白山２丁目５－１７,0952-41-1127,中島　弘治,中島　弘治,胃腸内科　乳腺外科　内　外,,令4. 9. 16,kyushu/000491319.zip
診療所,41,0118009,鶴田内科,佐賀市高木瀬東五丁目２番７号,0952-31-3868,医療法人　鶴田内科　理事長　鶴田　満浩,鶴田　満浩,循環器内科　消化器内科　糖尿病内科,,令4. 11. 1,kyushu/000491319.zip
診療所,41,0118017,江口医院,佐賀市神野東１丁目５番１号,0952-23-3005,医療法人　メディンフラ　理事長　江口　仁,江口　仁,内,,令5. 1. 1,kyushu/000491319.zip
診療所,41,0118033,あじさいクリニック乳腺外科,佐賀市駅前中央一丁目４－１７コムボックス佐賀駅前２Ｆ,0952-27-7600,医療法人紫陽会　理事長　濵本　隆浩,濵本　隆浩,乳腺外科,,令5. 1. 1,kyushu/000491319.zip
診療所,41,0118041,医療法人ひさとみ内科クリニック,佐賀市大和町大字尼寺３２８４－１,0952-62-5565,医療法人ひさとみ内科クリニック　理事長　久冨　昭孝,久冨　昭孝,内　糖尿病内科,,令5. 2. 1,kyushu/000491319.zip
診療所,41,0118058,のだ整形外科クリニック,佐賀市久保田町徳万２８２,0952-37-0680,野田　明生,野田　明生,整外　リハ,,令5. 4. 7,kyushu/000491319.zip
病院,41,0118066,医療法人公和会　横須賀病院,佐賀市巨勢町大字高尾３２４番地１５,0952-24-3371,医療法人公和会　理事長　横須賀　公彦,横須賀　公彦,一般　脳外　整外　外　内　リハ　消化器外科　胸外　皮,90,令5. 4. 1,kyushu/000491319.zip
診療所,41,0118074,凌皮膚科医院,佐賀市松原三丁目４番３号,0952-23-3226,凌　太郎,凌　太郎,皮　内,,令5. 5. 1,kyushu/000491319.zip
診療所,41,0118090,ライフスタイル医科学研究所クリニック,佐賀市駅前中央２丁目２－１０アビタシオン神野８０１,0952-97-4777,庄野　菜穂子,庄野　菜穂子,内　心内,,令5. 6. 1,kyushu/000491319.zip
診療所,41,0118108,やさか内科皮膚科,佐賀市木原一丁目２４番３８号,0952-29-1722,八坂　太親,八坂　太親,内　胃腸内科　内視鏡内科　漢方内科　皮,,令5. 7. 1,kyushu/000491319.zip
診療所,41,0118116,はーと・なう心療クリニック,佐賀市神園２丁目６－３,0952-37-6415,一般社団法人　ディアライフ２　代表理事　田中　みはる,境　宏一,精　心内　内,,令5. 9. 1,kyushu/000491319.zip
診療所,41,0118124,ファミリィ　アイ　クリニック,佐賀市若宮一丁目１９番２６号,0952-32-2401,医療法人　Ｗｅｌｌｎｅｓｓ＆Ｈａｐｐｉｎｅｓｓ　理事長　八次　桃子,八次　桃子,眼,,令5. 9. 26,kyushu/000491319.zip
診療所,41,0118132,さくらもみじクリニック,佐賀市大和町尼寺３４９９－１,0952-37-8493,川﨑　裕満,川﨑　裕満,心臓血管外科　内　循環器内科,,令5. 10. 6,kyushu/000491319.zip
診療所,41,0118140,清和医院,佐賀市大和町大字久池井２５５２－１,050-5536-7353,井手　康史,井手　康史,内　消化器内科,,令5. 11. 6,kyushu/000491319.zip
診療所,41,0118157,医療法人望雄会　横尾クリニック,佐賀市長瀬町７番２３号の１,0952-23-8219,医療法人望雄会　横尾クリニック　理事長　横尾　大輔,横尾　大輔,ひ　泌尿器科（人工透析）　内　血液内科,,令6. 2. 1,kyushu/000491319.zip
診療所,41,0118165,あさのはこどもクリニック,佐賀市開成５丁目９－２７,0952-20-3445,医療法人あさのはこどもクリニック　理事長　江藤　潤也,江藤　潤也,小,,令6. 6. 1,kyushu/000491319.zip
診療所,41,0118181,さが恵比須メンタルくりにっく,佐賀市鍋島町大字森田１０８９番地１,0952-97-8501,医療法人　とらすと＆ほーぷ　理事長　谷口　研一朗,谷口　研一朗,精神科　心療内科,,令6. 7. 1,kyushu/000491319.zip
診療所,41,0118207,ほり内科外科クリニック,佐賀市神野西一丁目５番１０号,0952-20-1730,堀　晋一朗,堀　晋一朗,内　外,,令6. 12. 1,kyushu/000491319.zip
診療所,41,0118215,池田内科・消化器科,佐賀市若宮３丁目１－２４,0952-31-1222,池田　信博,池田　信博,内　消化器内科　呼内,,令7. 1. 1,kyushu/000491319.zip
診療所,41,0118223,前山皮膚科,佐賀市神野東３丁目７－１,0952-30-5412,医療法人前山皮膚科　理事長　前山　直,前山　直,皮,,令7. 1. 1,kyushu/000491319.zip
診療所,41,0118231,しらみず診療所,佐賀市駅前中央２丁目７番１９号,0952-34-1120,医療法人フルライフパートナーズ　理事長　白水　雅彦,白水　雅彦,内　小,,令7. 1. 1,kyushu/000491319.zip
診療所,41,0118249,まえだこどもクリニック,佐賀市嘉瀬町扇町２４７７－１３,0952-20-6571,前田　寿幸,前田　寿幸,小　児童精神科,,令7. 4. 14,kyushu/000491319.zip
診療所,41,0118256,沖田眼科医院,佐賀市高木瀬町大字長瀬１１５２－９,0952-31-8467,医療法人　アネモネ　理事長　三根　正,坂口　美華,眼,,令7. 5. 1,kyushu/000491319.zip
診療所,41,0118264,しらきクリニック,佐賀市本庄町本庄５４１番地１３,0952-24-7021,医療法人　しらきクリニック　理事長　白木　綾,白木　綾,内　循環器内科,,令7. 5. 1,kyushu/000491319.zip
診療所,41,0118272,さがセレニティクリニック,佐賀市鍋島３丁目２番４号ツツミビル１階,0952-37-7430,医療法人　さがセレニティクリニック　理事長　山田　幸子,山田　幸子,精　心内,,令7. 5. 1,kyushu/000491319.zip
診療所,41,0118280,ぶどうの木なべしまクリニック,佐賀市鍋島町森田１２９－１２,0952-20-7193,崔　承彦,崔　承彦,内,,令7. 7. 1,kyushu/000491319.zip
診療所,41,0118298,古賀クリニック,佐賀市水ケ江１丁目３番１３－２号,0952-37-0260,医療法人　ＫＯＧＡ　理事長　古賀　憲幸,古賀　憲幸,形外　内　外,,令7. 6. 1,kyushu/000491319.zip
診療所,41,0118322,佐大通り心療クリニック,佐賀市本庄町大字本庄１１６７番地Ｓ－ＦＯＲＴ佐賀本庄１Ｆ,0952-29-3030,佐藤　武,佐藤　武,精　心内,,令8. 1. 13,kyushu/000491319.zip
診療所,41,0118330,陣内クリニック,佐賀市神野西四丁目１０番１５号,0952-30-6171,陣内　嘉和,陣内　嘉和,内　リウ　呼吸器内科　消化器内科　循環器内科　小,,令8. 1. 5,kyushu/000491319.zip
診療所,41,0118348,医療法人明香会さくらクリニック,佐賀市鍋島二丁目２番１２号,0952-34-1935,医療法人明香会　　理事長　彌冨　郁夫,彌冨　郁夫,麻　ペインクリニック内科　ペインクリニック外科　アレ,,令8. 1. 1,kyushu/000491319.zip
診療所,41,0118355,あさりメンタルクリニック,佐賀市水ケ江１－２－１５,0952-24-6566,村　大輔,村　大輔,精,,令8. 3. 1,kyushu/000491319.zip
診療所,41,0118363,ふるかわクリニック,佐賀市諸富町山領４５９－８,0952-20-3441,古川　祐太朗,古川　祐太朗,内　小　外　糖尿病内科,,令8. 5. 1,kyushu/000491319.zip
診療所,41,0118371,医療法人さとクリ　さとうクリニック,佐賀市川副町大字南里３７２－１,0952-45-8000,医療法人　さとクリ　理事長　佐藤　智丈,佐藤　智丈,内　消化器内科　外　整外　リハ　形外,,令8. 6. 1,kyushu/000491319.zip
診療所,41,0124783,むとう内科・脳神経内科クリニック,佐賀市南佐賀二丁目１番１３号,0952-23-2485,武藤　義孝,武藤　義孝,内　消化器内科　脳内,,平5. 1. 17,kyushu/000491319.zip
診療所,41,0211721,黒崎医院,唐津市浦５０６３番地１,0955-72-4313,山邊　忠厚,山邊　忠厚,一般　内科　胃腸内科　放,,昭51. 11. 1,kyushu/000491319.zip
病院,41,0211838,松籟病院,唐津市鏡４３０４番地１,0955-77-1011,医療法人　松籟会　理事長　井上　素仁,井上　素仁,精神　精　内　心内,264,昭53. 11. 1,kyushu/000491319.zip
病院,41,0211978,河畔病院,唐津市松南町１１９番地２,0955-77-2611,医療法人　松籟会　理事長　井上　素仁,井上　浩平,一般　療養　内科　循環器内科　呼吸器内科　脳神経内科　外科　消化器外科　乳腺外科　脳外　整外　リハ　消化器内科　糖尿病内科　緩和ケア内科,,昭57. 11. 1,kyushu/000491319.zip
診療所,41,0211994,夏秋皮フ科クリニック,唐津市和多田用尺１２番３８号,0955-73-9669,夏秋　まき子,夏秋　まき子,皮,,昭58. 5. 1,kyushu/000491319.zip
病院,41,0212075,唐津第一病院,唐津市朝日町１０７１番地４,0955-72-1212,医療法人社団　芳香会　理事長　田中　路子,谷岡　輝寿,療養　内科　消化器内科　糖尿病内科　老年内科　肝臓内科　内視鏡内科　循環器内科　腎臓内科　呼吸器内科　肝胆膵内科　脳神経内科　胃腸科　外科　こう　整外　皮　放　リハ,101,昭60. 9. 1,kyushu/000491319.zip
診療所,41,0212166,宮﨑耳鼻咽喉科医院,唐津市千代田町２５６６番地６,0955-72-3562,宮﨑　俊已,宮﨑　俊已,耳い　アレ,,昭63. 2. 14,kyushu/000491319.zip
診療所,41,0212224,医療法人社団　藤松内科医院,唐津市西城内６番４号,0955-72-2616,医療法人社団　藤松内科医院　理事長　藤松　里実,藤松　里実,内　循　糖尿病内科,,昭64. 1. 1,kyushu/000491319.zip
診療所,41,0212232,医療法人　久間内科,唐津市和多田天満町１丁目１番３号,0955-72-7310,医療法人　久間内科　理事長　久間　文明,久間　文明,内　呼　消　循,,平元. 8. 1,kyushu/000491319.zip
診療所,41,0212265,医療法人　成瀬胃腸科内科クリニック,唐津市鏡３５００番地１,0955-77-1171,医療法人　成瀬胃腸科内科クリニック　理事長　成瀬　育生,成瀬　育生,胃　内科　糖尿病内科　呼　循　小　放,,平2. 1. 1,kyushu/000491319.zip
診療所,41,0212299,医療法人　清心会　服巻医院,唐津市船宮町２５８８番地３,0955-72-2360,医療法人　清心会　服巻医院　理事長　服巻　信也,服巻　信也,一般　療養　内　循　胃　外　整外　リウ　リハ,,平2. 9. 1,kyushu/000491319.zip
病院,41,0212349,医療法人　平川病院,唐津市山本６４４番地５,0955-78-0026,医療法人　平川病院　理事長　平川　浩明,平川　浩明,一般　外科　ペインクリニック外科　内　胃腸内科　麻　リハ,,平4. 2. 1,kyushu/000491319.zip
病院,41,0212380,医療法人　修腎会　藤﨑病院,唐津市栄町２５７６番地９,0955-72-5125,医療法人　修腎会　藤﨑病院　理事長　藤﨑　大整,中村　晃二,一般　療養　皮　ひ　内　腎臓内科　循　麻,,平4. 8. 1,kyushu/000491319.zip
診療所,41,0212406,医療法人　小出眼科,唐津市刀町１５２２番地第１,0955-75-0090,医療法人　小出眼科　理事長　小出　浩志,小出　浩志,一般　眼,,平4. 9. 1,kyushu/000491319.zip
診療所,41,0212422,医療法人　本城医院,唐津市刀町１５３７番地４,0955-72-5420,医療法人　本城医院　理事長　本城　史郎,本城　史郎,一般　耳い　内　気食　麻　アレ　歯　歯外,,平5. 9. 1,kyushu/000491319.zip
診療所,41,0212448,医療法人　ひまわり　坂本小児科医院,唐津市西城内６番４２号,0955-72-3838,医療法人　ひまわり　坂本小児科医院　理事長　坂本　亘司,坂本　亘司,小　アレ,,平6. 9. 1,kyushu/000491319.zip
診療所,41,0212489,仁愛クリニック,唐津市大名小路５番３号,0955-72-5445,医療法人社団　仁瑚会　理事長　板垣　奈々,板垣　奈々,内　外　胃　リハ,,平8. 2. 1,kyushu/000491319.zip
診療所,41,0212497,医療法人　誠仁会　なばたけ冬野クリニック,唐津市菜畑３６６０番地１,0955-75-2220,医療法人誠仁会　理事長　冬野　誠三,冬野　誠三,内　循　人工透析内科　腎臓内科　呼内,,平8. 2. 1,kyushu/000491319.zip
病院,41,0212505,唐津東松浦医師会医療センター,唐津市千代田町２５６６番地１１,0955-75-5181,一般社団法人　唐津東松浦医師会　会長　服巻　信也,下野　信行,一般　内　外　胃　放　リハ,,平8. 4. 1,kyushu/000491319.zip
診療所,41,0212521,医療法人虹心会　たなべクリニック産科婦人科,唐津市坊主町５５０番地１,0955-74-4171,医療法人虹心会　たなべクリニック産科婦人科　理事長　田邉　良平,田邉　良平,一般　産　婦,,平8. 10. 1,kyushu/000491319.zip
診療所,41,0212547,医療法人　きりの内科小児科クリニック,唐津市山本１５６１番地１,0955-78-0021,医療法人　きりの内科小児科クリニック　理事長　桐野　良二,桐野　良二,一般　療養　内　小,,平8. 12. 1,kyushu/000491319.zip
診療所,41,0212562,医療法人　友和会　今村医院,唐津市神田２２０２番地２０,0955-74-1573,医療法人　友和会　今村医院　理事長　今村　達也,今村　達也,内　胃,,平9. 4. 1,kyushu/000491319.zip
診療所,41,0212612,医療法人　心和会　藤原外科医院,唐津市朝日町９８８番地１,0955-72-4747,医療法人　心和会　理事長　藤原　雄,藤原　雄,一般　外　整外　胃　内,,平9. 8. 1,kyushu/000491319.zip
診療所,41,0212646,わきやま眼科,唐津市和多田先石３８６４番地１,0955-70-2025,脇山　博之,脇山　博之,一般　眼,,平10. 6. 1,kyushu/000491319.zip
診療所,41,0212653,山下町クリニック,唐津市山下町１１４１番地２,0955-72-4478,佐藤　正明,佐藤　正明,内　消　呼　循,,平10. 9. 1,kyushu/000491319.zip
診療所,41,0212661,医療法人　北島内科,唐津市和多田用尺１２番３１号,0955-73-2477,医療法人　北島内科　理事長　北島　幸治,北島　幸治,一般　内　循　消　呼,,平10. 10. 1,kyushu/000491319.zip
診療所,41,0212687,医療法人　希清会　岩本内科,唐津市海岸通７１８２番地３０６,0955-72-2877,医療法人　希清会　理事長　岩本　剛人,岩本　剛人,一般　内　消　循　放,,平11. 7. 1,kyushu/000491319.zip
病院,41,0212695,医療法人　整和会　副島整形外科病院,唐津市和多田天満町一丁目２番１号,0955-72-8335,医療法人　整和会　理事長　副島　康,志田原　哲,一般　療養　整外　リハ,,平11. 10. 1,kyushu/000491319.zip
診療所,41,0212729,長生堂渡辺医院,唐津市海岸通７１８２番地５８,0955-72-2770,渡邊　尚,渡邊　尚,一般　内　小　呼　リハ,,平12. 7. 24,kyushu/000491319.zip
診療所,41,0212745,井本整形外科・内科クリニック,唐津市東城内１７番２６号,0955-74-8700,井本　浩樹,井本　浩樹,整外　外　リハ　内科　糖尿病内科,,平12. 10. 1,kyushu/000491319.zip
診療所,41,0212752,日髙内科循環器科医院,唐津市鏡２６５２番地１,0955-77-6013,日髙　義雄,日髙　義雄,内　循,,平13. 2. 1,kyushu/000491319.zip
病院,41,0212802,からつ医療福祉センター,唐津市双水２８０６番地,0955-70-3580,社会福祉法人　佐賀整肢学園　理事長　中尾　清一郎,久保　和泰,一般　リハ　整外　小　耳い　ひ　歯,,平14. 4. 1,kyushu/000491319.zip
病院,41,0212810,医療法人　賛健会　城内病院,唐津市南城内２番１７号,0955-79-8550,医療法人　賛健会　理事長　保利　俊雄,松永　萬成,一般　療養　整外　外　リハ　内科　漢方内科　消化器内科　循環器内科　麻　リウ　眼　糖尿病内科,,平14. 7. 1,kyushu/000491319.zip
診療所,41,0212828,医療法人　賛健会　保利クリニック,唐津市南城内３番３４号,0955-72-4511,医療法人　賛健会　理事長　保利　俊雄,保利　俊雄,整外　外　リハ,,平14. 7. 1,kyushu/000491319.zip
診療所,41,0212869,医療法人　春陽会　野口内科,唐津市大名小路２番４４号,0955-72-2314,医療法人　春陽会　野口内科　理事長　野口　裕貴,野口　裕貴,内科　糖尿病内科,,平15. 4. 1,kyushu/000491319.zip
診療所,41,0212877,医療法人　整和会　副島整形外科クリニック,唐津市和多田天満町一丁目２番１号,0955-72-8335,医療法人　整和会　理事長　副島　康,副島　康,整外　リハ,,平15. 10. 1,kyushu/000491319.zip
診療所,41,0212885,医療法人　元生會　脇山内科,唐津市町田１丁目２３９８番地２,0955-72-4780,医療法人　元生會　理事長　脇山　哲史,脇山　哲史,内　循　小　呼　神内,,平15. 11. 1,kyushu/000491319.zip
診療所,41,0212893,ふじい胃腸内科小児科,唐津市大石町２４１４番地,0955-74-2370,藤井　億秀,藤井　億秀,消化器内科　内　小　漢方内科　内視鏡内科　胃腸内科,,平15. 11. 18,kyushu/000491319.zip
診療所,41,0212919,いざわ耳鼻咽喉科クリニック,唐津市町田１７８４番地１,0955-79-5025,伊澤　秀身,伊澤　秀身,耳い　気食　アレ,,平16. 9. 1,kyushu/000491319.zip
診療所,41,0212935,医療法人　吉田内科クリニック,唐津市紺屋町１６７５番地２,0955-79-5500,医療法人　吉田内科クリニック　理事長　吉田　健志,吉田　健志,内　呼　循　リウ,,平17. 2. 1,kyushu/000491319.zip
診療所,41,0212943,藤松眼科,唐津市平野町１４４５番地,0955-74-4864,藤松　ゆり,藤松　ゆり,眼,,平17. 4. 11,kyushu/000491319.zip
診療所,41,0212968,医療法人　水光会　呼子中央クリニック,唐津市呼子町呼子４１８２番地１,0955-82-3211,医療法人　水光会　理事長　平山　雅紀,平山　雅紀,内　消　循　リハ,,平17. 5. 1,kyushu/000491319.zip
診療所,41,0212984,こころクリニック,唐津市紺屋町１６６８番地３,0955-70-1001,松口　直成,松口　直成,精　心内　神,,平17. 6. 3,kyushu/000491319.zip
診療所,41,0212992,医療法人　いのうえ内科クリニック,唐津市町田１丁目８番５号,0955-70-1765,医療法人　いのうえ内科クリニック　理事長　井上　孝利,井上　孝利,内　消,,平17. 9. 1,kyushu/000491319.zip
診療所,41,0213024,岸川内科,唐津市湊町７６９番地１,0955-79-0982,岸川　敏介,岸川　敏介,内　循,,平18. 10. 1,kyushu/000491319.zip
診療所,41,0213032,冬野医院,唐津市西城内５番１２号,0955-72-2905,冬野　玄太郎,冬野　玄太郎,内　呼,,平18. 10. 11,kyushu/000491319.zip
診療所,41,0213040,医療法人社団　三浦医院,唐津市呼子町殿ノ浦吹上１２３番地,0955-51-1138,医療法人社団　三浦医院　理事長　三浦　正徳,三浦　正徳,内　呼　循環器内科,,平19. 5. 1,kyushu/000491319.zip
診療所,41,0213065,向島診療所,唐津市肥前町向島２０９番地３,0955-54-0011,医療法人　肥前内科クリニック　理事長　草野　藏生,草野　生,内,,平19. 12. 1,kyushu/000491319.zip
診療所,41,0213099,宮崎外科胃腸科,唐津市新興町６８番地,0955-72-8115,宮崎　素彦,宮崎　素彦,外　消化器内科,,平21. 10. 20,kyushu/000491319.zip
診療所,41,0213107,医療法人　修腎会　藤﨑病院　栄町クリニック,唐津市栄町２５８８番地１７,0955-70-2700,医療法人　修腎会　藤﨑病院　理事長　藤﨑　大整,中村　晃子,内科　人工透析内科　腎臓内科,,平22. 2. 1,kyushu/000491319.zip
診療所,41,0213123,うらごう小児科医院,唐津市浜玉町横田下字干居９３７番地２,0955-70-5588,医療法人うらごう小児科医院　理事長　浦郷　興起,浦郷　興起,小,,平23. 1. 1,kyushu/000491319.zip
診療所,41,0213131,黒木医院,唐津市厳木町牧瀬３９番地４,0955-63-2331,黒木　俊高,黒木　俊高,内,,平23. 10. 1,kyushu/000491319.zip
病院,41,0213149,虹と海のホスピタル,唐津市原８４２番地１,0955-77-0711,医療法人　唐虹会　理事長　進藤　龍一,進藤　太郎,精神　精　心内　内,265,平24. 2. 1,kyushu/000491319.zip
診療所,41,0213198,川添医院,唐津市西城内１番８号,0955-72-4759,川添　一雄,川添　一雄,外　胃腸内科　循環器内科,,平25. 1. 1,kyushu/000491319.zip
診療所,41,0213206,医療法人　平川俊彦脳神経外科,唐津市鏡４６４３番地１,0955-77-4100,医療法人　平川俊彦脳神経外科　理事長　平川　俊彦,平川　俊彦,脳外,,平25. 3. 1,kyushu/000491319.zip
診療所,41,0213214,大手口クリニック,唐津市弓鷹町１５１１番地,0955-72-1717,山下　清司,山下　清司,内,,平25. 4. 1,kyushu/000491319.zip
診療所,41,0213255,医療法人　よしむら整形外科クリニック,唐津市浜玉町浜崎１０５７－１,0955-56-8780,医療法人　よしむら整形外科クリニック　理事長　吉村　豊暢,吉村　豊暢,整外　リハ　リウ,,平27. 1. 1,kyushu/000491319.zip
診療所,41,0213263,たじまメンタルクリニック,唐津市町田２丁目４番６号　１０３号,0955-79-9087,田島　卓爾,田島　卓爾,精　心内,,平27. 9. 1,kyushu/000491319.zip
診療所,41,0213271,医療法人　関医院,唐津市船宮町２３０２番地３３,0955-72-8265,医療法人　関医院　理事長　關　和宏,關　和宏,内科　糖尿病内科　消化器内科　皮　ひ　アレ　感染症内科,,平30. 1. 1,kyushu/000491319.zip
診療所,41,0213289,丸田耳鼻咽喉科クリニック,唐津市呼子町呼子４１８２番地１,0955-51-1661,医療法人　健英会　理事長　丸田　弾,丸田　弾,耳い　アレ　気管食道内科,,平30. 2. 1,kyushu/000491319.zip
診療所,41,0213297,おだくらクリニック,唐津市大名小路３０８番地８,0955-72-2012,医療法人Ｂｅ－Ｍｅｄ　理事長　小田倉　隆,小田倉　隆,内　ひ,,令元. 7. 1,kyushu/000491319.zip
診療所,41,0213305,Ｃａｒｒｏｔ　浜玉クリニック,唐津市浜玉町浜崎２１９番地外,0955-58-8132,清水　俊寿,清水　俊寿,内　放,,令元. 10. 1,kyushu/000491319.zip
診療所,41,0213313,たじま脳神経外科クリニック,唐津市坊主町５３２番地２,0955-58-8580,医療法人　たじま脳神経外科クリニック　理事長　田島　裕,田島　裕,脳外　リハ,,令2. 6. 1,kyushu/000491319.zip
診療所,41,0213321,医療法人　慈孝会　七山診療所,唐津市七山滝川１２５４番地,0955-58-3003,医療法人　慈孝会　理事長　阿部　智介,阿部　智介,内　外,,令2. 6. 1,kyushu/000491319.zip
診療所,41,0213339,なかおだクリニック,唐津市和多田本村２番１７－８号,0955-79-8866,医療法人　なかおだクリニック　理事長　中小田　和宏,中小田　和宏,内科　消化器内科　放,,令2. 7. 1,kyushu/000491319.zip
診療所,41,0213347,久保田レディースクリニック　産婦人科・麻酔科,唐津市大石町２４４４番１,0955-73-3445,医療法人　Ｏｈａｎａ　理事長　久保田　仁士,久保田　仁士,一般　一般　産　婦　麻,17,令3. 2. 1,kyushu/000491319.zip
診療所,41,0213354,加藤眼科医院,唐津市西城内６番４３号,0955-72-2009,医療法人　有生会　理事長　加藤　博彦,加藤　博彦,一般　一般　眼,5,令3. 4. 1,kyushu/000491319.zip
診療所,41,0213370,医療法人　深川皮膚科,唐津市菜畑１０６９番地,0955-73-1540,医療法人　深川皮膚科　理事長　深川　修司,深川　修司,皮,,令3. 7. 1,kyushu/000491319.zip
診療所,41,0213404,加藤眼科医院　浜玉診療所,唐津市浜玉町浜崎字畑田２１７番地１,0955-58-8936,医療法人　有生会　理事長　加藤　博彦,佐伯　有祐,眼科,,令4. 5. 14,kyushu/000491319.zip
診療所,41,0213420,悠悠クリニック,唐津市鏡辻２５３７番地,0955-77-0949,医療法人　凱風会　理事長　仲井　宏充,仲井　宏充,内科　呼吸器内科　糖尿病内科　内分泌内科　アレ　リハ　皮　腎臓内科,,令5. 2. 1,kyushu/000491319.zip
診療所,41,0213438,なかにし整形外科,唐津市和多田西山８－２,0955-58-7230,仲西　知憲,仲西　知憲,整外　リハ,,令5. 5. 16,kyushu/000491319.zip
診療所,41,0213446,医療法人社団　三浦医院　三浦内科外科クリニック,唐津市浜玉町浜崎６１１番地２,0955-58-7480,医療法人社団　三浦医院　理事長　三浦　正徳,川元　真,内　外　循環器内科,,令5. 8. 1,kyushu/000491319.zip
診療所,41,0213453,丸田ひふ科,唐津市南城内３番５号,0955-73-1983,丸田　康夫,丸田　康夫,皮,,令5. 8. 1,kyushu/000491319.zip
診療所,41,0213479,ハナシマレディースクリニック,唐津市南城内２番８号,0955-75-0840,医療法人ハナシマレディースクリニック　理事長　花島　克幸,花島　克幸,産　婦,,令6. 1. 1,kyushu/000491319.zip
診療所,41,0213487,温耳鼻咽喉科,唐津市和多田西山３番３３号,0955-53-8373,温　光太郎,温　光太郎,耳鼻咽喉科　小児耳鼻咽喉科　頭頸部外科,,令6. 8. 1,kyushu/000491319.zip
診療所,41,0213495,皐月クリニック,唐津市呼子町呼子３０８４番地１,0955-80-0832,亀谷　真智子,亀谷　真智子,内　心内　精,,令6. 9. 1,kyushu/000491319.zip
診療所,41,0213511,仁愛クリニック　なごや診療所,唐津市鎮西町名護屋４１９８,0955-82-1008,医療法人社団仁瑚会　理事長　板垣　奈々,板垣　奈々,内　外　リハ　漢方内科,,令7. 7. 1,kyushu/000491319.zip
診療所,41,0213529,まえざとホームクリニック,唐津市原１３７０番地,0955-53-9005,医療法人喜巡会　理事長　前里　喜一,前里　喜一,緩和ケア内科　内　外,,令8. 6. 1,kyushu/000491319.zip
病院,41,0310994,若楠療育園,鳥栖市弥生が丘二丁目１３４番地１,0942-83-1121,社会福祉法人　若楠　理事長　前田　博敏,野上　憲彦,一般　内　小　精　神　リハ　歯　小歯,,昭53. 5. 1,kyushu/000491319.zip
病院,41,0311067,松岡病院,鳥栖市西新町１４２２番地,0942-83-4606,医療法人正友会　理事長　松岡　稔昌,松岡　稔昌,療養　精神　精神科　内科　神経内科　老年精神科　循環器内科　糖尿病内科　消化器内科　リウ　リハ　腎臓内科,202,昭54. 12. 1,kyushu/000491319.zip
診療所,41,0311273,医療法人　石田医院,鳥栖市古賀町３６６番地１,0942-82-2722,医療法人　石田医院　理事長　石田　康一郎,石田　康一郎,内　循　小　胃,,昭63. 9. 1,kyushu/000491319.zip
診療所,41,0311307,医療法人　千鳥会　石橋整形外科,鳥栖市桜町１４６５番地１,0942-82-7751,医療法人　千鳥会　石橋整形外科　理事長　石橋　千直,石橋　千直,一般　整外　リハ,,昭64. 1. 1,kyushu/000491319.zip
病院,41,0311331,今村病院,鳥栖市轟木町１５２３番地６,0942-82-5550,医療法人社団　如水会　理事長　今村　一郎,今村　一郎,一般　療養　外　内科　腎臓内科　脳神経内科　整形外科　脳神経外科　消化器内科　循環器内科　呼吸器内科　こう　リハ　放　アレ　麻　耳い　心臓血管外科　救急科　歯科　歯科口腔外科　ひ　消化器外科　呼吸器外科　形外　婦　眼　小,178,平元. 8. 1,kyushu/000491319.zip
診療所,41,0311364,医療法人　白水レディースクリニック,鳥栖市本通町２丁目８８２番地７,0942-83-8383,医療法人　白水レディースクリニック　理事長　白水　信之,白水　信之,一般　産　婦　麻,,平元. 8. 1,kyushu/000491319.zip
診療所,41,0311463,医療法人　健裕会　古賀内科医院,鳥栖市宿町１１０６番地２,0942-83-3204,医療法人　健裕会　古賀内科医院　理事長　古賀　仁了,古賀　仁了,内　呼　消　循　小　放　心内　リハ,,平3. 9. 1,kyushu/000491319.zip
診療所,41,0311489,おか眼科クリニック,鳥栖市萱方町１８９番地１,0942-83-0111,岡　千利,岡　千利,眼,,平4. 6. 8,kyushu/000491319.zip
診療所,41,0311547,医療法人　きざと外科医院,鳥栖市原町８６１番地１,0942-83-2084,医療法人　きざと外科医院　理事長　古賀　政隆,古賀　政隆,一般　外科　消化器外科　胆のう外科　肛門外科　内　リハ,,平5. 2. 1,kyushu/000491319.zip
診療所,41,0311570,医療法人社団　武田内科医院,鳥栖市村田町７１５番地,0942-84-1011,医療法人社団　武田内科医院　理事長　武田　建三,武田　建三,内科　循環器内科　消化器内科　呼吸器内科　糖尿病内科　小,,平5. 8. 1,kyushu/000491319.zip
診療所,41,0311596,医療法人　藤戸医院,鳥栖市今泉町２４２５番地,0942-84-0865,医療法人　藤戸医院　理事長　藤戸　好典,藤戸　好典,外　内　小外　こう　麻,,平6. 2. 1,kyushu/000491319.zip
診療所,41,0311604,医療法人　前山内科,鳥栖市宿町１４６５番地１,0942-85-0005,医療法人　前山内科　理事長　前山　泰彦,前山　泰彦,内　呼内　消化器内科　内視鏡内科　小,,平6. 9. 1,kyushu/000491319.zip
診療所,41,0311661,いとうクリニック,鳥栖市轟木町１３８３番地,0942-81-2088,伊東　博巳,伊東　博巳,ひ　皮　性,,平8. 12. 2,kyushu/000491319.zip
診療所,41,0311679,野下医院,鳥栖市曽根崎町１５５３番地１,0942-83-2082,野下　貞寿,野下　貞寿,内　呼　胃,,平9. 4. 1,kyushu/000491319.zip
診療所,41,0311802,医療法人野田内科,鳥栖市西田町２１１番地１,0942-83-1160,医療法人野田内科　理事長　野田　悠,野田　悠,内　呼内　消化器内科　アレ,,平11. 9. 1,kyushu/000491319.zip
診療所,41,0311810,医療法人　すがい小児科,鳥栖市神辺町５８番地３,0942-84-7020,医療法人　すがい小児科　理事長　須貝　聖一,須貝　聖一,小,,平11. 10. 1,kyushu/000491319.zip
診療所,41,0311844,医療法人　はらだ会　はらだ内科胃腸科,鳥栖市鎗田町２８１番地３,0942-84-1515,医療法人　はらだ会　はらだ内科胃腸科　理事長　原田　良策,原田　良策,一般　内科　糖尿病内科　消化器内科　呼吸器内科　循環器内科　リハ　脳神経内科,,平13. 3. 1,kyushu/000491319.zip
診療所,41,0311885,医療法人社団　三善会　山津医院,鳥栖市萱方町２７０番地,0942-84-0011,医療法人社団　三善会　理事長　山津　善保,山津　善保,一般　内　放　リハ,,平13. 10. 1,kyushu/000491319.zip
診療所,41,0311919,医療法人　梁井眼科医院,鳥栖市田代大官町７９８番地３,0942-82-2845,医療法人　梁井眼科医院　理事長　梁井　修,梁井　修,眼,,平14. 1. 4,kyushu/000491319.zip
診療所,41,0311927,医療法人　眞正会　古賀医院,鳥栖市原古賀町６０９番地２,0942-83-3457,医療法人　眞正会　理事長　古賀　正哉,古賀　正哉,一般　一般　内　神内　呼　消　循　小　外　膠原病リウマチ科,8,平14. 3. 1,kyushu/000491319.zip
病院,41,0311935,やよいがおか鹿毛病院,鳥栖市弥生が丘二丁目１４３番地,0942-87-3150,医療法人　清明会　理事長　鹿毛　竜太郎,道永　成,一般　療養　外科　消化器外科　内科　循環器内科　消化器内科　内分泌内科　腎臓内科（人工透析）　リハビリテーション科　脳外　整外　放　麻　ひ　心外　形外　呼内　リウ　糖尿病内科　脳内,259,平14. 3. 1,kyushu/000491319.zip
病院,41,0311943,医療法人　啓心会　啓心会病院,鳥栖市原町６７０番地１,0942-83-1030,医療法人　啓心会　理事長　福田　啓治,川原　正士,療養　内科　胃腸内科　整外　リハ　呼　心内　脳・血管内科,180,平14. 4. 1,kyushu/000491319.zip
診療所,41,0311976,医療法人　廣松クリニック,鳥栖市宿町９９４番地１,0942-83-3467,医療法人　廣松クリニック　理事長　廣松　直幸,廣松　直幸,皮　形外,,平14. 6. 1,kyushu/000491319.zip
診療所,41,0311984,医療法人　黒岩医院,鳥栖市鎗田町３２７番地４,0942-82-3415,医療法人　黒岩医院　理事長　黒岩　泰直,黒岩　泰直,耳い,,平14. 10. 1,kyushu/000491319.zip
診療所,41,0312008,医療法人　むらかみ小児科,鳥栖市古野町１９０番地１０,0942-83-2450,医療法人　むらかみ小児科　理事長　村上　泰由,村上　泰由,小,,平15. 4. 1,kyushu/000491319.zip
診療所,41,0312016,医療法人　なかしまクリニック,鳥栖市蔵上町６６５番地１,0942-84-5811,医療法人　なかしまクリニック　理事長　中嶋　修,中嶋　修,脳外　内,,平15. 5. 1,kyushu/000491319.zip
診療所,41,0312032,医療法人　やましたクリニック,鳥栖市蔵上４丁目３２５番地,0942-81-5511,医療法人　やましたクリニック　理事長　山下　恭輔,山下　恭輔,小　内　呼　アレ,,平15. 10. 1,kyushu/000491319.zip
診療所,41,0312040,医療法人希望会　レディースクリニック　山田産婦人科,鳥栖市蔵上２丁目１８６番地,0942-84-4656,医療法人希望会　レディースクリニック　山田産婦人科　理事長　山田　孝之,山田　孝之,一般　一般　産　婦　歯,13,平15. 10. 1,kyushu/000491319.zip
診療所,41,0312057,医療法人　古賀医院,鳥栖市儀徳町２９０７番地１,0942-50-8338,医療法人　古賀医院　理事長　小林　武,大島　勇人,精　心内,,平15. 11. 1,kyushu/000491319.zip
診療所,41,0312065,すむのさと温泉診療所,鳥栖市高田町２０３番地１,0942-84-5017,医療法人　好古堂　理事長　髙尾　英介,加納　隆之,内,,平15. 11. 1,kyushu/000491319.zip
診療所,41,0312073,医療法人　三輪堂医院,鳥栖市元町１０８６番地,0942-83-2281,医療法人　三輪堂医院　理事長　橋本　隆壽,橋本　隆壽,脳外　外　内　リハ,,平16. 3. 1,kyushu/000491319.zip
診療所,41,0312081,皮ふ科　駒井あやこクリニック,鳥栖市蔵上４丁目１９２番地,0942-82-0121,医療法人　三愛会　理事長　駒井礼子,駒井　礼子,皮　アレ,,平16. 4. 1,kyushu/000491319.zip
診療所,41,0312131,医療法人　まごころ医療館,鳥栖市蔵上２丁目２１０番地,0942-87-5002,医療法人　まごころ医療館　理事長　中川原　英和,中川原　英和,一般　一般　内　循　麻　整外　リハ　リウ　外科　消化器外科　呼内,19,平16. 10. 1,kyushu/000491319.zip
診療所,41,0312149,医療法人　じゅんせんせいのこども総合クリニック,鳥栖市下野町３０９７番地２,0942-81-2333,医療法人　じゅんせんせいのこども総合クリニック　理事長　小村　順一,小村　順一,小外　小　整外　内　アレ　耳　皮,,平17. 5. 1,kyushu/000491319.zip
診療所,41,0312180,医療法人　せとじまクリニック,鳥栖市真木町１９７４番地４,0942-87-5008,医療法人　せとじまクリニック　理事長　瀬戸島　謙三,瀬戸島　謙三,内科　胃腸内科　内視鏡内科　循環器内科　外　リハ　放,,平18. 4. 1,kyushu/000491319.zip
病院,41,0312198,すむのさと髙尾病院,鳥栖市高田町２１０番地１,0942-84-8838,医療法人　好古堂　理事長　髙尾　英介,加納　隆之,療養　療養　内　神内　呼　消　循　皮　リハ,182,平18. 5. 1,kyushu/000491319.zip
診療所,41,0312214,医療法人　梅野耳鼻咽喉科,鳥栖市本町１丁目９２４番地１,0942-82-2318,医療法人　梅野耳鼻咽喉科　理事長　梅野　哲義,梅野　哲義,一般　一般　耳い　気食　アレ,4,平19. 2. 5,kyushu/000491319.zip
診療所,41,0312222,やまさき眼科,鳥栖市宿町９８５番地,0942-83-5870,医療法人　圭生会　理事長　山嵜　圭,山嵜　圭,眼,,平19. 3. 1,kyushu/000491319.zip
診療所,41,0312248,医療法人芳生会　和田内科・循環器科,鳥栖市原古賀町１３３４番地８,0942-81-2121,医療法人芳生会　理事長　和田　芳文,和田　芳文,一般　一般　内科　循環器内科　腎臓内科　人工透析内科,8,平19. 5. 1,kyushu/000491319.zip
診療所,41,0312271,医療法人　光寿　權藤医院,鳥栖市弥生が丘２丁目１番地,0942-82-2978,医療法人　光寿　權藤医院　理事長　權藤　重喜,權藤　重喜,内科　内分泌内科　リウ　リハ,,平20. 11. 1,kyushu/000491319.zip
診療所,41,0312354,こやなぎ内科循環器科クリニック,鳥栖市原町１０７７番地３,0942-81-5424,医療法人　こやなぎ内科循環器科クリニック　理事長　小栁　毅,小栁　毅,内　循　呼,,平23. 1. 1,kyushu/000491319.zip
病院,41,0312370,医療法人　仁徳会　今村病院,鳥栖市本通町一丁目８５５番地１０,0942-83-3771,医療法人　仁徳会　理事長　木村　卓司,木村　卓司,療養　外　内科　老年内科　呼吸器内科　循環器内科　消化器内科　糖尿病内科　整外　皮　リハ　リウ,,平23. 1. 1,kyushu/000491319.zip
診療所,41,0312388,こが医療館　明彦　まきこクリニック,鳥栖市大正町７６４－５,0942-85-8822,古賀　明彦,古賀　明彦,内科　循環器内科　糖尿病内科　消化器内科　乳腺外科　肛門外科　外　アレ　リハ,,平23. 5. 1,kyushu/000491319.zip
診療所,41,0312396,サンロードクリニック,鳥栖市弥生が丘２丁目５番,0942-84-1041,医療法人　良葉会　理事長　プリンヤ・ピパッシュキャット,ＰＲＩＮＹＡ　ＰＩＰＡＴＣＨＵＫＩＡＴ,形外　美外　皮　美容皮膚科,,平23. 5. 2,kyushu/000491319.zip
診療所,41,0312412,宮﨑医院,鳥栖市東町１丁目１０５９番地１,0942-83-2083,宮﨑　勇三,宮﨑　勇三,内,,平24. 1. 4,kyushu/000491319.zip
診療所,41,0312438,医療法人　ひかり医院,鳥栖市宿町１２４７番地４,0942-83-3526,医療法人　ひかり医院　理事長　有吉　輝,有吉　輝,外　内　皮　こう,,平25. 1. 1,kyushu/000491319.zip
診療所,41,0312453,品川内科クリニック,鳥栖市弥生が丘５丁目２２２番地,0942-85-8334,品川　正治,品川　正治,内　消化器内科,,平25. 11. 7,kyushu/000491319.zip
診療所,41,0312461,大園内科医院,鳥栖市萱方町１５８番地１０,0942-87-8888,医療法人　太啓会　理事長　大園　洋邦,大園　洋邦,内科　消化器内科　リハ　胃腸内科　内視鏡内科,,平26. 1. 1,kyushu/000491319.zip
診療所,41,0312529,内科・外科　くろだ医院,鳥栖市元町１３２８－５　ＮＴＴ西日本鳥栖ビル１階,0942-50-5833,黒田　久志,黒田　久志,内科　アレルギー疾患内科　ペインクリニック内科　外科　肛門外科　リハ　小児皮膚科　救急科　消化器内科　糖尿病内科　内分泌内科　内視鏡内科,,平26. 11. 11,kyushu/000491319.zip
診療所,41,0312537,医療法人　しばやま整形外科,鳥栖市本鳥栖町６３３番４３,0942-82-2515,医療法人　しばやま整形外科　理事長　柴山　慶,柴山　慶,整外　リハ,,平27. 1. 1,kyushu/000491319.zip
診療所,41,0312560,医療法人　鳥越脳神経外科クリニック,鳥栖市藤木町１４５０番地６,0942-87-3030,医療法人　鳥越脳神経外科クリニック　理事長　鳥越隆一郎,鳥越　隆一郎,脳外　リハ,,平28. 3. 1,kyushu/000491319.zip
診療所,41,0312578,つつみクリニック,鳥栖市弥生が丘６丁目８２番地,0942-82-4400,医療法人　徳隣会　理事長　堤　光太郎,塚原　常宏,内　精　整外　小,,平28. 5. 1,kyushu/000491319.zip
診療所,41,0312586,医療法人　斎藤内科医院,鳥栖市東町１丁目１０５４番地６,0942-82-2016,医療法人　斎藤内科医院　理事長　齋藤博之,齋籐　博之,内科　消化器内科　小　放,,平28. 10. 11,kyushu/000491319.zip
診療所,41,0312594,かわらハートクリニック,鳥栖市曽根崎町２３７５番地,0942-87-3133,医療法人かわらハートクリニック　理事長　前園　智美,前園　明寛,循環器内科　心臓血管内科　内科　外科　形成外科,,平29. 3. 1,kyushu/000491319.zip
病院,41,0312602,いぬお病院,鳥栖市萱方町１１０番地１,0942-82-7007,医療法人　いぬお病院　理事長　犬尾　明文,犬尾　明文,精神　精神　精　心内,156,平31. 1. 1,kyushu/000491319.zip
診療所,41,0312610,医療法人　柳寿　ごんどう皮膚科,鳥栖市弥生が丘２丁目３番,0942-50-5047,医療法人　柳寿　ごんどう皮膚科　理事長　權藤　寿喜,權藤　寿喜,皮,,平31. 2. 1,kyushu/000491319.zip
診療所,41,0312628,玄々堂内科・呼吸器内科,鳥栖市神辺町１５７４番地２,0942-83-2151,医療法人玄々堂　理事長　古賀　道衛,山田　和子,内科　呼吸器内科　消化器内科　内分泌・代謝内科　小,,令2. 4. 13,kyushu/000491319.zip
診療所,41,0312636,お元気でクリニック,鳥栖市立石町２１５９番１,0942-87-7050,医療法人ゲズンハイト　理事長　安倉　俊秀,安倉　俊秀,内　呼　アレ,,令2. 5. 1,kyushu/000491319.zip
診療所,41,0312651,大島クリニック,鳥栖市村田町１３１番１,0942-50-8338,大島　勇人,大島　勇人,精　心内　睡眠障害内科,,令6. 12. 1,kyushu/000491319.zip
診療所,41,0312669,名取医院,鳥栖市村田町１３８番１,0942-84-8008,名取　千桂,名取　千桂,内　小,,令6. 11. 1,kyushu/000491319.zip
診療所,41,0312677,おかむら内科,鳥栖市古野町１７６－５,0942-50-6350,岡村　圭祐,岡村　圭祐,内　循環器内科,,令7. 7. 1,kyushu/000491319.zip
診療所,41,0312685,あさひクリニックとす,鳥栖市轟木町１５０７－８　オフィスパレア鳥栖Ⅴ３号,0942-50-6345,医療法人徳志会　理事長　大田　和枝,飯田　修司,内,,令8. 4. 1,kyushu/000491319.zip
診療所,41,0312693,上村クリニック,鳥栖市古賀町字天神３４３番地,0942-50-5770,医療法人尽心会　百武整形外科病院　理事長　百武　康介,上村　聡子,ペインクリニック外科　疼痛緩和内科　麻　リハ　アレ　漢方内科,,令8. 1. 1,kyushu/000491319.zip
診療所,41,0312701,岩岡整形外科,鳥栖市蔵上２丁目１１２番地,0942-85-1000,医療法人慶愛会　　理事長　岩岡　勝義,岩岡　勝義,一般　整外　リハ,,令8. 3. 1,kyushu/000491319.zip
診療所,41,0312719,荒木眼科,鳥栖市本鳥栖町５３７番１フレスポ鳥栖２階,0942-50-9888,医療法人　荒木眼科　理事長　荒木　理子,荒木　理子,眼,,令8. 4. 1,kyushu/000491319.zip
診療所,41,0312727,ひよし小児科,鳥栖市宿町１２６８番地,0942-82-2677,医療法人　ひよし小児科　理事長　日吉　保彦,日吉　保彦,小,,令8. 4. 1,kyushu/000491319.zip
診療所,41,0312735,新鳥栖もりたクリニック,鳥栖市原古賀町７２２－４,0942-50-6088,森田　敏夫,森田　敏夫,内　外　小　整外,,令8. 5. 7,kyushu/000491319.zip
診療所,41,0410521,太田医院,多久市北多久町大字小侍６３０番地,0952-74-3236,太田　正憲,太田　正憲,小　内　放,,昭63. 5. 1,kyushu/000491319.zip
病院,41,0410539,中多久病院,多久市北多久町大字多久原２５１２番地２４,0952-75-4141,医療法人社団　高仁会　理事長　織田　優美子,織田　麻里子,精神　精　神内　内,155,平2. 1. 1,kyushu/000491319.zip
診療所,41,0410588,医療法人　りゅう整形外科,多久市東多久町大字別府４１５６番地７,0952-76-2101,医療法人　りゅう整形外科　理事長　劉　斯允,劉　斯允,整外　リウ　リハ,,平3. 2. 1,kyushu/000491319.zip
病院,41,0410620,医療法人　剛友会　諸隈病院,多久市北多久町大字多久原２４１４番地７０,0952-74-2100,医療法人　剛友会　理事長　諸隈　太郎,清松　和光,一般　内科　人工透析内科　外　整外　リハ　神内,,平6. 5. 1,kyushu/000491319.zip
診療所,41,0410646,医療法人　江口医院,多久市東多久町大字別府５３１８番地１,0952-76-2137,医療法人　江口医院　理事長　江口　芳樹,江口　芳樹,内　小　ペインクリニック内科　漢方内科,,平8. 10. 1,kyushu/000491319.zip
診療所,41,0410695,医療法人社団　諸江内科循環器科医院,多久市北多久町大字小侍６０４番地,0952-75-3880,医療法人社団　諸江内科循環器科医院　理事長　諸江　一男,諸江　一男,内　循,,平14. 10. 1,kyushu/000491319.zip
診療所,41,0410703,内田整形外科医院,多久市北多久町大字小侍９１４番地１,0952-75-8838,内田　健一,内田　健一,整外　リウ　リハ,,平15. 8. 1,kyushu/000491319.zip
診療所,41,0410729,医療法人　池田内科胃腸科医院,多久市北多久町小侍４０番地５,0952-71-9355,医療法人　池田内科胃腸科医院　理事長　池田　英雄,池田　英雄,内　胃腸内科,,平16. 5. 1,kyushu/000491319.zip
診療所,41,0410737,佐賀県医療生活協同組合　多久生協クリニック,多久市東多久町大字別府３２４５－５,0952-76-3177,佐賀県医療生活協同組合　理事長　愛野　浩生,愛野　浩生,内　小,,平23. 7. 1,kyushu/000491319.zip
病院,41,0511252,堀田病院,伊万里市立花町２９７４番地５,0955-23-3224,医療法人博友会　理事長　堀田　雄介,堀田　雄介,精神　精　内　心内,180,昭54. 12. 1,kyushu/000491319.zip
病院,41,0511344,小島病院,伊万里市黒川町塩屋２０５番地１,0955-27-2121,医療法人　二期会　理事長　小島　直樹,小島　直樹,一般　療養　内　精　リハ,,昭62. 1. 1,kyushu/000491319.zip
病院,41,0511369,山口病院,伊万里市新天町３０５番地,0955-23-5255,医療法人　朋友会　理事長　藤邑　葉子,藤邑　俊克,療養　内　胃　循　整外　呼　リハ,,昭64. 1. 1,kyushu/000491319.zip
診療所,41,0511401,医療法人　加茂医院,伊万里市大坪町丙２１０３番地１,0955-23-2014,医療法人　加茂医院　理事長　加茂　泰広,加茂　泰広,内　消化器内科　リハ,,平元. 8. 1,kyushu/000491319.zip
診療所,41,0511419,鈴山内科小児科医院,伊万里市立花町１６０４番地２,0955-22-7366,鈴山　純司,鈴山　純司,内　小,,平元. 8. 1,kyushu/000491319.zip
診療所,41,0511435,医療法人　岡村医院,伊万里市蓮池町１８番地,0955-22-2304,医療法人　岡村医院　理事長　岡村　克佑,岡村　克佑,一般　療養　内　呼　循　小　消化器内科,,平3. 5. 1,kyushu/000491319.zip
診療所,41,0511443,医療法人　小副川医院,伊万里市二里町八谷搦８７０番地１,0955-22-4114,医療法人　小副川医院　理事長　小副川　芳夫,小副川　芳夫,一般　外　内　消,,平4. 2. 1,kyushu/000491319.zip
診療所,41,0511468,医療法人　世戸医院,伊万里市伊万里町甲４１２番地,0955-23-5235,医療法人　世戸医院　理事長　世戸　憲男,世戸　憲男,眼,,平4. 3. 1,kyushu/000491319.zip
診療所,41,0511484,医療法人　内山産婦人科医院,伊万里市東山代町長浜１２５０番地,0955-23-3241,医療法人　内山産婦人科医院　理事長　内山　章,内山　章,一般　産婦　小　麻,,平5. 2. 1,kyushu/000491319.zip
診療所,41,0511492,立石医院,伊万里市東山代町里１１１番地１,0955-28-0007,医療法人　立石医院　理事長　西田博之,西田　憲史,一般　内　循環器内科　胃,,平5. 9. 1,kyushu/000491319.zip
診療所,41,0511518,医療法人　日髙医院,伊万里市松島町３８０番地４,0955-23-5263,医療法人　日髙医院　理事長　日髙　重和,日髙　重和,一般　療養　外　内　整外,,平5. 9. 1,kyushu/000491319.zip
診療所,41,0511542,泌尿器科いまりクリニック,伊万里市大川内町甲４４５５番地１,0955-22-9680,小嶺　信一郎,小嶺　信一郎,一般　ひ,,平6. 6. 1,kyushu/000491319.zip
診療所,41,0511583,医療法人　小嶋眼科医院,伊万里市松島町３４０番地１,0955-23-2222,医療法人　小嶋眼科医院　理事長　小嶋　嘉生,小嶋　嘉生,一般　眼,,平9. 11. 1,kyushu/000491319.zip
診療所,41,0511633,医療法人　いび整形外科,伊万里市立花町１６０４番地１６３,0955-20-1265,医療法人　いび整形外科　理事長　井樋　直孝,井樋　直孝,一般　整外　リハ,,平12. 3. 1,kyushu/000491319.zip
診療所,41,0511641,医療法人　水上医院,伊万里市山代町立岩２６７１番地１,0955-28-3714,医療法人　水上医院　理事長　水上　忠弘,水上　忠弘,一般　内,,平12. 9. 1,kyushu/000491319.zip
病院,41,0511658,山のサナーレ・クリニック,伊万里市立花町３２３番地２,0955-22-2128,医療法人　山のサナーレ・クリニック　理事長　富田　均,富田　均,精神　精　神　心内,144,平12. 9. 1,kyushu/000491319.zip
診療所,41,0511724,医療法人　いとう小児科,伊万里市二里町八谷搦１１４０番地,0955-20-1611,医療法人　いとう小児科　理事長　伊東　雅樹,伊東　雅樹,小　アレ,,平15. 3. 1,kyushu/000491319.zip
病院,41,0511732,西田病院,伊万里市山代町楠久８９０番地２,0955-28-1111,医療法人　光仁会　理事長　　西田　博,西田　良介,一般　一般　療養　療養　内　外科　消化器外科　乳腺外科　肛門外科　リハ　放　麻　心外　整外　呼外　呼吸器内科　消化器内科　緩和ケア内科　人工透析内科,98,平16. 4. 1,kyushu/000491319.zip
診療所,41,0511740,大川野クリニック,伊万里市大川町大川野３１４３番地１,0955-20-8060,医療法人　光仁会　理事長　西田　博,西川　武彦,内　外　小,,平16. 7. 1,kyushu/000491319.zip
診療所,41,0511757,原皮膚科医院,伊万里市伊万里町甲４７番地１,0955-22-2432,医療法人　久淳会　理事長　中村　英理,白井　礼子,皮　形外,,平16. 9. 1,kyushu/000491319.zip
病院,41,0511773,山元記念病院,伊万里市二里町八谷搦８８番地４,0955-23-2166,社会医療法人　謙仁会　理事長　山元　謙太郎,小川　健一,療養　療養　一般　一般　外科　消化器外科　内科　循環器内科　消化器内科　呼吸器内科　整外　脳外　麻　放　心外　呼外　リハ,150,平17. 4. 1,kyushu/000491319.zip
病院,41,0511799,前田病院,伊万里市立花町２７４２番地１,0955-23-5101,医療法人　幸善会　理事長　前田　利朗,前田　麻木,療養　療養　内科　腎臓内科　糖尿病内科　消化器内科　血液内科　漢方内科　呼吸器内科　アレルギー科　整外　リハ　脳外,89,平19. 8. 1,kyushu/000491319.zip
診療所,41,0511815,伊万里篠田皮ふ科・形成外科,伊万里市新天町４６０番地１１,0955-21-1001,医療法人　恕心会　理事長　篠田　大介,関山　華子,皮　形外,,平21. 6. 25,kyushu/000491319.zip
診療所,41,0511823,伊万里眼科,伊万里市新天町４６０番地１１,0955-21-0160,医療法人　永世会　理事長　谷口　亮,元田　正憲,眼,,平21. 6. 24,kyushu/000491319.zip
診療所,41,0511856,ケンジンＳＰＡクリニック,伊万里市二里町八谷搦１３番地５,0955-22-7771,社会医療法人　謙仁会　理事長　山元　謙太郎,山元　章生,内　外科　消化器外科　リハ,,平22. 7. 1,kyushu/000491319.zip
診療所,41,0511864,医療法人　恵祐会　きたじま整形外科,伊万里市二里町大里字中町乙１２７番地１,0955-25-9977,医療法人　恵祐会　理事長　北島　隆治,北島　隆治,整外　リウ　リハ,,平23. 6. 1,kyushu/000491319.zip
診療所,41,0511922,助廣医院,伊万里市南波多町大曲８２,0955-24-2023,助廣　俊吾,助廣　俊吾,内科　循環器内科,,平24. 8. 1,kyushu/000491319.zip
診療所,41,0511930,医療法人　博洋会　井手小児科医院,伊万里市二里町大里甲２６８１番地３,0955-23-8157,医療法人　博洋会　井手小児科医院　理事長　井手　健,井手　健,小,,平25. 8. 1,kyushu/000491319.zip
診療所,41,0511948,夏秋医院,伊万里市伊万里町甲６４番地,0955-23-2032,夏秋　正文,夏秋　正文,内科　循環器内科　呼吸器内科　消化器内科,,平26. 4. 1,kyushu/000491319.zip
診療所,41,0511955,医療法人　古川内科クリニック,伊万里市脇田町４０３番地２,0955-21-0730,医療法人　古川内科クリニック　理事長　古川　浩一郎,古川　浩一郎,内科　循環器内科,,平26. 6. 1,kyushu/000491319.zip
診療所,41,0511963,医療法人亮信会　木本耳鼻咽喉科医院,伊万里市蓮池町４１番地,0955-22-3410,医療法人　亮信会　理事長　木本　信二,木本　信二,耳い,,平27. 5. 1,kyushu/000491319.zip
診療所,41,0511989,おぜきホームクリニック,伊万里市蓮池町５８番地,0955-25-8030,小関　一幸,小関　一幸,内　外,,平30. 5. 1,kyushu/000491319.zip
診療所,41,0511997,医療法人　カミヤ　いちばんがせクリニック,伊万里市大坪町甲２３５０番地８４,0955-25-9938,医療法人　カミヤ　理事長　一番ヶ瀬　崇,一番ヶ瀬　崇,耳い　アレ,,平30. 7. 1,kyushu/000491319.zip
病院,41,0512011,伊万里整形外科病院,伊万里市木須町４４５０番地,0955-23-2504,医療法人社団再整会　理事長　谷口　秀人,谷口　秀将,療養　療養　整外　内　リハ　リウ,69,令元. 11. 1,kyushu/000491319.zip
診療所,41,0512029,医療法人　たなか内科クリニック,伊万里市新天町６２０番地５,0955-22-5800,医療法人　たなか内科クリニック　理事長　田中　俊郎,田中　雄一郎,内科　消化器内科,,令2. 2. 1,kyushu/000491319.zip
診療所,41,0512045,隅田医院,伊万里市立花町４０００番地,0955-23-3167,医療法人精仁会　理事長　隅田　達男,隅田　達男,療養　内,19,令2. 10. 1,kyushu/000491319.zip
診療所,41,0512052,産婦人科　南ヶ丘クリニック,伊万里市立花町２２９４番地３,0955-22-1135,医療法人　産婦人科　南ヶ丘クリニック　理事長　林　浩史,林　浩史,一般　一般　産婦,6,令3. 7. 1,kyushu/000491319.zip
診療所,41,0512060,星のライフクリニック,伊万里市南波多町井手野２４３８－１,0955-24-3131,吉田　昌人,吉田　昌人,内　救急科　緩和ケア内科　ペインクリニック内科　麻　小　精　循環器内科,,令4. 1. 1,kyushu/000491319.zip
診療所,41,0512078,医療法人　小島医院,伊万里市波多津町辻５４４１番地,0955-25-0038,医療法人　小島医院　理事長　川内　孝次郎,川内　孝次郎,内　胃　小,,令5. 3. 27,kyushu/000491319.zip
診療所,41,0512086,こうすけ整形外科,伊万里市二里町八谷搦１０６０,0955-29-9030,山元　孝亮,山元　孝亮,整外　リハ,,令7. 9. 1,kyushu/000491319.zip
病院,41,0610633,医療法人　敬和会　持田病院,武雄市武雄町大字武雄５８５８番地１,0954-22-3138,医療法人　敬和会　理事長　古賀　博美,古賀　博美,療養　内科　消化器内科　血液内科,,昭45. 5. 1,kyushu/000491319.zip
診療所,41,0610831,医療法人　貝原医院,武雄市武雄町大字武雄８００７番地,0954-22-3366,医療法人　貝原医院　理事長　貝原　良太,貝原　良太,内　循,,平4. 9. 1,kyushu/000491319.zip
診療所,41,0610880,野口脳神経外科,武雄市武雄町大字昭和３１０番地,0954-22-5211,野口　眞志,野口　眞志,脳外　神内　リハ,,平6. 9. 9,kyushu/000491319.zip
診療所,41,0610914,中島医院,武雄市武雄町大字富岡８３０９番地,0954-22-5099,中島　恒平,中島　恒平,内　循,,平7. 10. 2,kyushu/000491319.zip
診療所,41,0610930,こばやしクリニック,武雄市若木町大字川古７５１１番地３,0954-26-2655,医療法人　雄邦会　理事長　小林　龍彦,小林　龍彦,内　小　リハ,,平9. 6. 1,kyushu/000491319.zip
診療所,41,0610948,医療法人　北士会　北川眼科,武雄市武雄町大字昭和１５９番地,0954-23-7125,医療法人　北士会　理事長　北川　雄士,北川　雄士,一般　眼,,平9. 10. 1,kyushu/000491319.zip
診療所,41,0610997,医療法人　つちはし医院,武雄市武雄町大字昭和７５番地,0954-20-1222,医療法人　つちはし医院　理事長　土橋　清高,土橋　清高,胃　外　こう　内　麻　リハ,,平10. 10. 1,kyushu/000491319.zip
診療所,41,0611052,清水医院,武雄市武雄町大字富岡７４５４番地１,0954-22-3888,清水　正彦,清水　正彦,一般　内科　漢方内科　産婦　アレ,,平11. 11. 1,kyushu/000491319.zip
診療所,41,0611078,医療法人　古賀内科医院,武雄市武雄町大字富岡１１５３４番地２,0954-22-3135,医療法人　古賀内科医院　理事長　古賀　賢二,古賀　賢二,一般　療養　内　小　循　呼　消　放,,平13. 1. 1,kyushu/000491319.zip
診療所,41,0611102,医療法人　養寿堂　まつお内科眼科,武雄市朝日町大字甘久２６９９番地,0954-23-2178,医療法人　養寿堂　理事長　松尾　功,松尾　功,消化器内科　眼,,平13. 10. 1,kyushu/000491319.zip
診療所,41,0611110,医療法人　篠田整形外科,武雄市朝日町大字甘久２０６番地３,0954-23-6000,医療法人　篠田整形外科　理事長　篠田　毅,篠田　毅,一般　整外　リウ　リハ,,平14. 4. 1,kyushu/000491319.zip
病院,41,0611128,副島整形外科病院,武雄市武雄町大字富岡７６４１番地１,0954-20-0388,医療法人　整肢会　理事長　副島　義久,中島　久美子,一般　一般　整外　形外　リハ　麻,77,平15. 6. 1,kyushu/000491319.zip
診療所,41,0611136,副島整形外科クリニック,武雄市武雄町大字富岡７７２４番地１,0954-22-2155,医療法人　整肢会　理事長　副島　義久,副島　義久,整外　形外　リハ,,平15. 6. 1,kyushu/000491319.zip
診療所,41,0611185,みふねやまクリニック,武雄市武雄町大字永島１５３６１番地１,0954-22-0123,医療法人みふねやまクリニック　理事長　小林　登,小林　登,内　消化器内科　糖尿病内科　肛門内科　皮,,平18. 9. 1,kyushu/000491319.zip
診療所,41,0611227,谷口眼科婦人科,武雄市武雄町大字武雄３８５番地２,0954-23-3130,医療法人　永世会　理事長　谷口　亮,谷口　憲,一般　一般　眼　婦,7,平19. 8. 1,kyushu/000491319.zip
診療所,41,0611276,太田小児科内科医院,武雄市武雄町大字武雄７３２３番地１,0954-22-4178,太田　光博,太田　光博,小　内,,平22. 9. 1,kyushu/000491319.zip
病院,41,0611284,新武雄病院,武雄市武雄町大字富岡１２６２８番地,0954-23-3111,一般社団法人　巨樹の会　理事長　鶴﨑　直邦,藤田　博正,一般　一般　内科　呼吸器内科　循環器内科　消化器内科　外科　肛門外科　消化器外科　整外　脳外　リウ　泌尿器科（人工透析）　リハ　放　救急科　麻　形外　耳い　呼外　脳内,195,平23. 6. 1,kyushu/000491319.zip
診療所,41,0611292,医療法人　松永メンタルクリニック,武雄市武雄町大字昭和２１０番地,0954-27-8211,医療法人　松永メンタルクリニック　理事長　松永　昌宏,松永　昌宏,心内　精,,平23. 8. 1,kyushu/000491319.zip
診療所,41,0611300,まつもと内科・胃腸科クリニック,武雄市北方町大字大崎１３１８番地１,0954-36-0467,医療法人　まつもと内科・胃腸科クリニック　理事長　松本　洋二,松本　洋二,内　消化器内科　胃腸内科,,平24. 1. 1,kyushu/000491319.zip
診療所,41,0611326,なかおたかこクリニック,武雄市武雄町大字昭和２２６－１,0954-28-9901,中尾　孝子,中尾　孝子,ひ,,平24. 4. 2,kyushu/000491319.zip
診療所,41,0611334,酒井眼科医院,武雄市武雄町永島１３２４９番地４,0954-22-3988,山田　浩喜,山田　浩喜,一般　一般　眼,11,平24. 11. 1,kyushu/000491319.zip
診療所,41,0611359,医療法人　東雲会　小野医院,武雄市東川登町永野５７５２番地２,0954-23-2901,医療法人　東雲会　理事長　小野　辰也,小野　辰也,内　消化器内科（胃腸内科）　内視鏡内科,,平25. 4. 1,kyushu/000491319.zip
診療所,41,0611367,中川内医院,武雄市武内町真手野２８１８０番地１,0954-20-8070,医療法人　青葉会　理事長　中川内　哲治,中川内　哲治,内　外科（消化器・肛門）,,平26. 3. 1,kyushu/000491319.zip
診療所,41,0611375,くさの耳鼻咽喉科・小児科,武雄市朝日町大字甘久１２８７番地,0954-23-3333,医療法人　ファースト　理事長　草野　謙一郎,草野　謙一郎,小　耳い　アレ　小児耳鼻咽喉科,,平26. 3. 1,kyushu/000491319.zip
診療所,41,0611383,森皮ふ科泌尿器科,武雄市武雄町武雄５６２７番地１４,0954-23-8171,医療法人　緑森会　理事長　森　徹,森　徹,皮　ひ,,平26. 4. 1,kyushu/000491319.zip
診療所,41,0611409,篠田皮ふ科・形成外科,武雄市武雄町大字昭和１０６番地,0954-23-1240,医療法人　恕心会　理事長　篠田　大介,篠田　大介,皮　形外　美容皮膚科,,平26. 8. 1,kyushu/000491319.zip
病院,41,0611417,園田病院,武雄市武雄町大字武雄３６４８番地１,0954-23-3188,医療法人　浄心会　理事長　丹羽　和紘,濵田　芳人,精神　精　心内,189,平27. 4. 1,kyushu/000491319.zip
診療所,41,0611425,なごみといやしのクリニック,武雄市武雄町大字富岡１２６２４番地５,0954-23-7537,医療法人　なごみといやし　理事長　丸山誠代,丸山　誠代,内　リハ　循環器内科　糖尿病内科,,平28. 1. 1,kyushu/000491319.zip
診療所,41,0611433,蒲地耳鼻咽喉科医院,武雄市武雄町大字昭和２７番地３４,0954-23-2798,医療法人　健耳会　理事長　蒲地紳一郎,蒲地　紳一郎,耳い,,平28. 6. 1,kyushu/000491319.zip
診療所,41,0611441,医療法人昭和会　高原内科クリニック,武雄市武雄町大字昭和１５８番地,0954-23-5599,医療法人昭和会　理事長　井上　葉子,井上　葉子,内,,平29. 1. 1,kyushu/000491319.zip
診療所,41,0611458,なかがわちクリニック,武雄市武雄町大字永島字水町１３２７３番地１,0954-20-1555,医療法人　青葉会　理事長　中川内　哲治,中川内　玲子,糖尿病内科　消化器内科　外,,平30. 10. 1,kyushu/000491319.zip
診療所,41,0611482,医療法人　楢崎内科,武雄市朝日町大字中野１０６２８番地１,0954-22-3758,医療法人　楢崎内科　理事長　楢﨑　史彦,楢﨑　史彦,内　呼内　循環器内科,,令5. 5. 16,kyushu/000491319.zip
診療所,41,0611490,わかば子どもクリニック,武雄市武雄町昭和２３－２０,0954-27-7807,ＴＯＣＡＮ　ＶＬＡＤ,ＴＯＣＡＮ　ＶＬＡＤ,小,,令7. 5. 26,kyushu/000491319.zip
診療所,41,0611508,武雄なないろ診療所,武雄市武雄町大字富岡１１０８３番地１,0954-26-8100,社会福祉法人　あきの会　理事長　中村　佳奈,樋髙　克彦,内　リハ,,令7. 6. 1,kyushu/000491319.zip
病院,41,0710052,祐愛会　織田病院,鹿島市大字高津原４３０６番地,0954-63-3275,社会医療法人　祐愛会　理事長　織田　正道,伊山　明宏,一般　内科　消化器内科　肝臓内科　呼吸器内科　循環器内科　外科　循環器・心臓血管外科　消化器外科　乳腺外科　肛門外科　呼吸器外科　外科（がん）　頭頸部外科　耳い　皮　形外　脳外　放射線科　放射線診断科　麻　リハ　救急科　整外,131,昭32. 11. 1,kyushu/000491319.zip
診療所,41,0710631,医療法人社団　別府整形外科,鹿島市大字高津原３５２３番地１,0954-63-3063,医療法人社団　別府整形外科　理事長　別府　俊介,別府　俊介,整外　リハ　内　麻,,昭62. 1. 1,kyushu/000491319.zip
診療所,41,0710672,医療法人　村山小児科医院,鹿島市大字高津原３６０８番地,09546-3-1158,医療法人　村山小児科医院　理事長　村山　康郎,村山　康郎,小,,平元. 8. 1,kyushu/000491319.zip
診療所,41,0710680,医療法人社団　森田医院,鹿島市大字納富分４０７６番地３,0954-63-3956,医療法人社団　森田医院　理事長　森田　園美,森田　園美,一般　内　外,,平元. 8. 1,kyushu/000491319.zip
病院,41,0710698,医療法人　犬塚病院,鹿島市大字高津原６０２番地３,0954-63-2538,医療法人　犬塚病院　理事長　犬塚　貞孝,犬塚　貞孝,一般　内科　消化器内科　呼吸器内科　循環器内科　放　リハ,,平元. 9. 1,kyushu/000491319.zip
診療所,41,0710730,医療法人　高木眼科医院,鹿島市大字高津原３７６８番地１,0954-62-3200,医療法人　高木眼科医院　理事長　高木敏博,高木　敏博,眼,,平6. 10. 1,kyushu/000491319.zip
診療所,41,0710748,ホロス光武クリニック,鹿島市大字納富分２９３８番地,09546-3-3466,光武　和彦,光武　和彦,婦　内,,平7. 9. 5,kyushu/000491319.zip
病院,41,0710805,医療法人　天心堂　志田病院,鹿島市大字中村２１３４番地４,0954-63-1236,医療法人　天心堂　理事長　志田　知之,志田　知之,療養　内　外　小　消　整外　リウ　リハ,,平12. 3. 1,kyushu/000491319.zip
診療所,41,0710813,鈴木内科クリニック,鹿島市大字山浦甲３５８番地１,0954-69-8161,鈴木　寛,鈴木　寛,内　呼,,平15. 4. 1,kyushu/000491319.zip
診療所,41,0710821,稗田産婦人科クリニック,鹿島市大字高津原４０４５番地２,0954-63-3309,稗田　義雄,稗田　義雄,産　婦,,平15. 8. 1,kyushu/000491319.zip
診療所,41,0710847,医療法人　芳山堂　薬師寺医院,鹿島市浜町１２８０番地１,0954-63-5281,医療法人　芳山堂　理事長　藥師寺　浩之,藥師寺　浩之,一般　内科　消化器内科　外,,平19. 3. 1,kyushu/000491319.zip
診療所,41,0710862,医療法人　好生堂下河辺眼科医院,鹿島市大字中村１４９番地１,0954-63-3046,医療法人　好生堂下河辺眼科医院　理事長　下河辺　和人,下河　和人,一般　眼,,平23. 2. 1,kyushu/000491319.zip
診療所,41,0710870,鹿島時間外こどもクリニック,鹿島市大字高津原８１３番地,0954-63-1838,一般社団法人　鹿島藤津地区医師会　会長　伊山　明宏,伊山　明宏,小,,平23. 6. 1,kyushu/000491319.zip
診療所,41,0710888,医療法人　わしざき耳鼻咽喉科,鹿島市大字納富分字藤津甲４１番地１,0954-69-0222,医療法人　わしざき耳鼻咽喉科　理事長　鷲﨑　政治,鷲﨑　政治,耳い,,平23. 6. 1,kyushu/000491319.zip
診療所,41,0710896,ようこクリニック,鹿島市高津原４３２１番地７,0954-68-0007,社会医療法人　祐愛会　理事長　織田　正道,織田　洋子,皮,,平25. 10. 9,kyushu/000491319.zip
病院,41,0710920,医療法人誠晴會　ふきあげ納富病院,鹿島市大字高津原１８６７番地１,0954-63-1117,医療法人誠晴會　理事長　納富　貴,納富　貴,一般　一般　ひ　皮　形外　外　内　消化器内科　循環器内科　放,30,令2. 12. 1,kyushu/000491319.zip
診療所,41,0710938,西岡内科クリニック,鹿島市大字高津原３７７７－１,0954-63-4090,西岡　敦二郎,西岡　敦二郎,一般　内,,令6. 9. 17,kyushu/000491319.zip
診療所,41,0710946,中村医院,鹿島市古枝甲８３７番地２,0954-63-9234,中村　宏彰,中村　宏彰,外　消化器内科,,令7. 6. 1,kyushu/000491319.zip
診療所,41,0910025,医療法人　こんどう耳鼻咽喉科医院,嬉野市嬉野町大字下宿甲３０８２番地７０,0954-20-2177,医療法人　こんどう耳鼻咽喉科医院　理事長　近藤　毅,近藤　毅,耳い,,平20. 2. 1,kyushu/000491319.zip
診療所,41,0910058,黒川整形外科クリニック,嬉野市嬉野町大字下宿乙２３６７番地１１,0954-20-4700,黒川　宏亮,黒川　宏亮,整外　リハ,,令2. 1. 1,kyushu/000491319.zip
診療所,41,0910066,にった眼科医院,嬉野市嬉野町下宿乙１２０１－１,0954-28-9232,医療法人ＮＩＴＴＡ　理事長　新田　憲和,新田　憲和,眼,,令7. 6. 1,kyushu/000491319.zip
診療所,41,1011021,医療法人　島内整形外科医院,佐賀市大和町大字尼寺２６２８番地１,0952-62-2300,医療法人　島内整形外科医院　理事長　島内　誠一郎,島内　誠一郎,一般　整外　リハ,,昭62. 1. 1,kyushu/000491319.zip
診療所,41,1011054,齊藤医院,佐賀市諸富町大字大堂２１４番地,0952-47-2003,齊藤　明正,齊藤　明正,内　小,,昭63. 6. 1,kyushu/000491319.zip
病院,41,1011096,もろどみ中央病院,佐賀市諸富町大字諸富津２３０番地２,0952-47-3255,医療法人社団杠葉会　理事長　牧　孝将,牧　孝将,一般　療養　内科　循環器内科　腎臓内科　消化器内科　神経内科　外科　消化器外科　整外　脳外　皮　ひ　眼　耳い　リハ　麻　ペインクリニック科,109,平2. 9. 1,kyushu/000491319.zip
診療所,41,1011112,医療法人　中西内科,佐賀市大和町大字尼寺２２５７番地８,0952-62-0029,医療法人　中西内科　理事長　中西　朗,中西　弘,内,,平2. 10. 1,kyushu/000491319.zip
診療所,41,1011146,みやはら・好川総合クリニック,佐賀市久保田町大字新田１４６８番地,0952-68-3507,医療法人　洋友会　理事長　宮原　有三,好川　直樹,内科　消化器内科　循環器内科　呼吸器内科　神内　整外　皮　小,,平3. 10. 1,kyushu/000491319.zip
診療所,41,1011211,医療法人　源勇会　枝國医院,佐賀市川副町大字早津江２６５番地２,0952-45-1521,医療法人　源勇会　理事長　枝國　源一郎,枝国　源一郎,一般　外　内　胃腸内科　整外,,平5. 5. 1,kyushu/000491319.zip
病院,41,1011237,早津江病院,佐賀市川副町大字福富８２７番地,0952-45-1331,医療法人　樟風会　理事長　松永　啓介,松永　高政,精神　心内　精,282,平5. 12. 1,kyushu/000491319.zip
診療所,41,1011245,外科・内科・馬島医院,佐賀市諸富町大字為重５６４番地３,0952-47-3399,馬島　英明,馬島　英明,外　内科　胃腸内科　漢方内科　リハ,,平6. 1. 18,kyushu/000491319.zip
診療所,41,1011260,つつみクリニック耳鼻咽喉科,佐賀市大和町大字尼寺２４７０番地２,0952-62-7901,堤　昭一郎,堤　昭一郎,耳い,,平6. 9. 9,kyushu/000491319.zip
診療所,41,1011328,しまだこども医院,佐賀市久保田町大字新田３３１９番地５,0952-51-3050,島田　興人,島田　興人,小,,平9. 4. 12,kyushu/000491319.zip
病院,41,1011344,ふじおか病院,佐賀市大和町大字尼寺２６８５番地,0952-62-2200,医療法人　大和正信会　理事長　藤岡　康彦,岩根　紳治,一般　療養　内科　胃腸内科　循環器内科　呼吸器内科　リハ,,平9. 4. 1,kyushu/000491319.zip
診療所,41,1011351,東与賀大塚医院,佐賀市東与賀町大字下古賀１３４９番地,0952-34-7071,医療法人　如春窩会　理事長　大塚　卓,大塚　明奈,一般　療養　皮　歯　歯外　小歯,,平9. 10. 1,kyushu/000491319.zip
診療所,41,1011369,医療法人　北川整形外科,佐賀市川副町大字鹿江９５３番地,0952-45-8520,医療法人　北川整形外科　理事長　北川　守,北川　守,整外　リハ,,平10. 1. 1,kyushu/000491319.zip
診療所,41,1011377,医療法人　實生会　池田産婦人科,佐賀市諸富町大字諸富津４３１番地４,0952-47-3541,医療法人　實生会　池田産婦人科　理事長　池田　雅彦,池田　雅彦,一般　産　婦,,平11. 5. 1,kyushu/000491319.zip
診療所,41,1011385,医療法人　やまと眼科医院,佐賀市大和町大字尼寺２５２４番地１０,0952-62-7007,医療法人　やまと眼科医院　理事長　坂井　裕一郎,坂井　裕一郎,一般　眼,,平11. 6. 1,kyushu/000491319.zip
診療所,41,1011401,鶴田眼科医院,佐賀市川副町大字小々森９６０番地１,0952-34-7511,鶴田　実,鶴田　実,一般　眼,,平11. 8. 5,kyushu/000491319.zip
診療所,41,1011427,溝口クリニック,佐賀市大和町大字川上５２８３番地３,0952-51-2661,溝口　哲郎,溝口　哲郎,内　外　消,,平12. 1. 20,kyushu/000491319.zip
診療所,41,1011435,医療法人　山口内科胃腸科クリニック,佐賀市大和町大字久池井９８７番地４,0952-62-9885,医療法人山口内科胃腸科クリニック　理事長　山口　俊介,山口　俊介,内科　消化器内科　糖尿病内科　アレ,,平12. 3. 1,kyushu/000491319.zip
診療所,41,1011500,鶴田内科循環器科医院,佐賀市川副町大字小々森９６０番地７,0952-45-7567,鶴田　真,鶴田　真,内科　循環器内科,,平15. 5. 20,kyushu/000491319.zip
診療所,41,1011518,医療法人　せとぐち内科,佐賀市久保田町大字久保田１３０番地６,0952-51-3111,医療法人　せとぐち内科　理事長　瀬戸口　洋一,瀬戸口　洋一,内科　肝臓内科　糖尿病内科,,平15. 10. 1,kyushu/000491319.zip
診療所,41,1011526,Ｙ．Ｈ．Ｃ．矢山クリニック,佐賀市大和町大字尼寺３０４９番地１,0952-62-8892,医療法人　山桃会　理事長　矢山　利彦,矢山　利彦,一般　内　外　アレ　リウ　神内,,平16. 11. 1,kyushu/000491319.zip
診療所,41,1011542,江頭クリニック,佐賀市川副町大字鹿江９９０番地１,0952-45-1311,江頭　清徳,江頭　清徳,一般　一般　内　胃　外,6,平17. 7. 11,kyushu/000491319.zip
診療所,41,1011559,恵比寿クリニック,佐賀市諸富町大字為重１１５番地２,0952-34-8922,医療法人　輝文会　理事長　山田　隆啓,山田　隆啓,内　小　外　整外　循　呼　消,,平17. 8. 1,kyushu/000491319.zip
診療所,41,1011575,きしかわ内科クリニック,佐賀市東与賀町下古賀１１２４番地１８,0952-34-7310,岸川　勇人,岸川　勇人,内　小　消　循,,平17. 12. 1,kyushu/000491319.zip
診療所,41,1011583,いのうえ内科泌尿器科クリニック,佐賀市久保田町大字徳万１６３９番地１,0952-68-2466,医療法人メディスマイル　理事長　井上　通朗,井上　通朗,内科　消化器内科　呼吸器内科　皮　ひ　アレ,,平18. 6. 1,kyushu/000491319.zip
診療所,41,1020758,ロザリオの園診療所,佐賀市大和町大字久池井１３８６番地２,0952-62-0303,社会福祉法人聖母の騎士会　理事長　富永　ミツ子,須古　治男,内,,昭44. 7. 1,kyushu/000491319.zip
診療所,41,1110781,福嶋内科医院,神埼市千代田町境原２４９６番地３,0952-44-2141,福嶋　和文,福嶋　和文,内科　呼吸器内科　循環器内科　消化器内科　小,,昭60. 6. 1,kyushu/000491319.zip
診療所,41,1110849,中下医院,神埼市千代田町餘江１２８番地,0952-44-2488,中下　真二,中下　真二,内　呼　整外　放　胃,,平元. 5. 1,kyushu/000491319.zip
診療所,41,1110872,南医院,神埼市千代田町直鳥８０８番地１,0952-44-2777,南　泰三,南　泰三,外　整外　こう　リハ　胃,,平3. 9. 3,kyushu/000491319.zip
診療所,41,1110880,医療法人　久和会　和田医院,神埼市神埼町神埼２９３番地,0952-52-2021,医療法人　久和会　理事長　和田　達郎,和田　達郎,一般　内　胃　小,,平4. 3. 1,kyushu/000491319.zip
診療所,41,1110930,医療法人　聖母会　古賀内科,神埼市千代田町境原２８２番地２,0952-44-2311,医療法人　聖母会　古賀内科　理事長　古賀　聖祥,古賀　聖祥,胃　内　呼　循　小　リハ,,平6. 5. 1,kyushu/000491319.zip
診療所,41,1110955,しらいし内科,神埼市神埼町城原１２５６番地１,0952-52-3848,白石　昇三,白石　昇三,内科　循環器内科　呼吸器内科,,平7. 3. 1,kyushu/000491319.zip
病院,41,1110963,医療法人　久和会　和田記念病院,神埼市神埼町尾崎３７８０番地,0952-52-5521,医療法人　久和会　理事長　和田　達郎,田中　一雄,療養　内　リハ　消　循　呼　小,,平7. 4. 1,kyushu/000491319.zip
診療所,41,1111003,医療法人　輝秀会　くらとみ眼科医院,神埼市神埼町田道ケ里２４３５番地１,0952-52-8841,医療法人　輝秀会　理事長　倉富　彰秀,倉富　彰秀,一般　眼,,平9. 5. 1,kyushu/000491319.zip
診療所,41,1111037,最所医院,神埼郡吉野ヶ里町吉田８２６番地３,0952-52-2452,最所　正純,最所　正純,内　呼　胃　リハ,,平11. 4. 1,kyushu/000491319.zip
診療所,41,1111045,みつます耳鼻咽喉科,神埼郡吉野ヶ里町吉田２９０６番地１,0952-53-8820,光増　高夫,光増　高夫,耳い　アレ,,平11. 8. 1,kyushu/000491319.zip
診療所,41,1111052,目達原整形外科,神埼郡吉野ヶ里町吉田２９００番地,0952-52-3717,医療法人　清香会　理事長　橋本　三四郎,橋本　三四郎,一般　整外　リウ　リハ,,平12. 4. 1,kyushu/000491319.zip
診療所,41,1111078,吉村産婦人科,神埼郡吉野ヶ里町豆田１４６８番地１,0952-55-8282,吉村　修,吉村　修,一般　産婦,,平12. 7. 1,kyushu/000491319.zip
診療所,41,1111086,中尾胃腸科医院,神埼市神埼町田道ケ里２２８４番地１,0952-52-3295,中尾　昌功,中尾　昌功,外　内　胃　こう　整外,,平12. 8. 1,kyushu/000491319.zip
診療所,41,1111094,小森医院,神埼郡吉野ヶ里町豆田１２５４番地２,0952-52-1136,小森　啓範,小森　啓範,内　小　皮,,平13. 7. 1,kyushu/000491319.zip
診療所,41,1111102,医療法人　なかしま整形外科クリニック,神埼市神埼町本堀２９３４番地２５,0952-51-1430,医療法人　なかしま整形外科クリニック　理事長　中島　勝也,中島　勝也,整外　リハ,,平13. 10. 1,kyushu/000491319.zip
診療所,41,1111110,医療法人　慈照会　西谷クリニック,神埼郡吉野ヶ里町大曲１５０７番地１,0952-52-3139,医療法人　慈照会　理事長　西谷　剣四郎,西谷　剣四郎,内　神内　精,,平14. 3. 1,kyushu/000491319.zip
診療所,41,1111144,ひらまつふれあいクリニック,神埼郡吉野ヶ里町吉田２９２５番地１,0952-51-1110,医療法人　ひらまつ病院　理事長　平松　克輝,原　幸治郎,内科　消化器内科　循環器内科,,平18. 5. 8,kyushu/000491319.zip
診療所,41,1111169,みねこ皮ふ科クリニック,神埼郡吉野ヶ里町吉田２１５４番地３,0952-51-1655,医療法人　みねこ皮ふ科クリニック　理事長　山　峰子,山　峰子,皮　アレ,,平22. 3. 1,kyushu/000491319.zip
診療所,41,1111177,松本医院,神埼郡吉野ヶ里町三津７５１－９,0952-52-4185,松本　治,松本　治,内科　消化器内科　リウマチ科　小児科,,令4. 3. 20,kyushu/000491319.zip
診療所,41,1111185,真心クリニック佐賀,神埼郡吉野ヶ里町吉田１７４２－２,0952-20-5255,大下　真太郎,大下　真太郎,心内　精,,令7. 6. 1,kyushu/000491319.zip
診療所,41,1210425,池田胃腸科外科,三養基郡基山町大字小倉５４５番地５５,0942-92-2308,池田　明生,池田　明生,外　内科　消化器内科　循環器内科　内科（ペインクリニック）　漢方内科　放　アレ　リハ,,昭54. 11. 1,kyushu/000491319.zip
病院,41,1210441,大島病院,三養基郡みやき町大字白壁４２８７番地,0942-89-2600,医療法人勇愛会　理事長　大島　勇紀,大島　勇紀,一般　療養　精神　精　神内　脳外　リハ　外　内　心内,240,昭55. 3. 1,kyushu/000491319.zip
病院,41,1210458,光風会病院,三養基郡みやき町大字白壁２９２７番地,0942-89-2800,医療法人　光風会　理事長　江本　すずな,福岡　裕行,精神　精　心内,174,昭55. 6. 1,kyushu/000491319.zip
診療所,41,1210599,宮原医院,三養基郡みやき町大字東尾１１５５番地,0942-89-2216,宮原　裕子,宮原　裕子,内　小　皮　アレ,,平4. 9. 7,kyushu/000491319.zip
診療所,41,1210607,医療法人まつおクリニック,三養基郡みやき町大字東尾２２８０番地２,0942-89-5678,医療法人まつおクリニック　理事長　松尾　純夫,松尾　純武,内科　消化器内科　循環器内科,,平5. 2. 1,kyushu/000491319.zip
診療所,41,1210623,つくし整形外科医院,三養基郡基山町大字園部２７６５番地２５,0942-92-7655,水田　豊,水田　豊,整外　リハ　リウ,,平6. 12. 1,kyushu/000491319.zip
診療所,41,1210649,まなこ耳鼻咽喉科クリニック,三養基郡みやき町大字白壁１０５４番地１,0942-89-1733,真子　弘子,真子　弘子,耳い,,平8. 3. 1,kyushu/000491319.zip
診療所,41,1210680,高木クリニック,三養基郡みやき町大字原古賀１１７４番地１,0942-94-2055,髙木　敏彦,髙木　敏彦,消　内　外　リハ,,平9. 5. 1,kyushu/000491319.zip
診療所,41,1210706,平川医院,三養基郡みやき町大字西島２９７９番地８,0942-96-3315,平川　哲哉,平川　哲哉,内　消,,平9. 12. 6,kyushu/000491319.zip
病院,41,1210722,きやま髙尾病院,三養基郡基山町大字園部２７０番地１,0942-92-4860,医療法人　好古堂　理事長　髙尾　英介,東内　真一,療養　内　リハ,160,平11. 4. 1,kyushu/000491319.zip
診療所,41,1210748,医療法人　なるお内科小児科,三養基郡基山町けやき台１丁目２３番地７,0942-92-4170,医療法人　なるお内科小児科　理事長　鳴尾　隆子,鳴尾　隆子,内　小　消　循　リハ　ひ,,平12. 8. 1,kyushu/000491319.zip
診療所,41,1210755,志賀眼科医院,三養基郡基山町大字宮浦７３５番地１４,0942-92-0709,志賀　宗祐,志賀　宗祐,眼,,平13. 4. 1,kyushu/000491319.zip
診療所,41,1210771,さかい胃腸・内視鏡内科クリニック,三養基郡基山町大字小倉１０５９番地２,0942-92-1121,医療法人　さかい胃腸・内視鏡内科クリニック　理事長　酒井　健,酒井　健,胃腸内科　内視鏡内科　肝臓内科　漢方内科　ペインクリニック外科　小,,平14. 3. 1,kyushu/000491319.zip
診療所,41,1210847,医療法人　昭和会　永岡眼科医院,三養基郡上峰町大字坊所１５７０番地６４,0952-55-9174,医療法人　昭和会　理事長　永岡　信一郎,永岡　信一郎,眼,,平17. 3. 1,kyushu/000491319.zip
診療所,41,1210862,医療法人秋吉医院,三養基郡みやき町大字原古賀５１８番地４,0942-94-2051,医療法人秋吉医院　理事長　秋吉　恵介,秋　恵介,内　消　循　小　リハ,,平19. 5. 1,kyushu/000491319.zip
診療所,41,1210870,医療法人　回生会　うえきクリニック,三養基郡上峰町大字坊所１５７０番地５５,0952-51-1881,医療法人　回生会　うえきクリニック　理事長　植木　一虎,植木　一虎,循　内　胃　リハ,,平19. 9. 1,kyushu/000491319.zip
診療所,41,1210896,いのくち医院,三養基郡みやき町簑原２９４６番地１,0942-94-4677,医療法人鵬之風　理事長　猪口　寛,猪口　寛,内　外　整外,,平25. 1. 1,kyushu/000491319.zip
診療所,41,1210912,あおぞらクリニック,三養基郡みやき町原古賀六本黒木１０６８－４,0942-94-9811,今村　洋一,今村　洋一,糖尿病内科,,平25. 7. 16,kyushu/000491319.zip
病院,41,1210920,医療法人　三樹会　三樹病院,三養基郡上峰町坊所２７６番地１,0952-52-7272,医療法人　三樹会　理事長　橋本　謙,橋本　宏介,一般　一般　療養　療養　外　内　整外　胃　呼　循環器内科　リハ,56,平25. 7. 1,kyushu/000491319.zip
診療所,41,1210938,医療法人　三樹会　みきクリニック,三養基郡みやき町大字市武１３３１－９,0942-96-9600,医療法人　三樹会　理事長　橋本　謙,橋本　謙,内,,平26. 9. 1,kyushu/000491319.zip
診療所,41,1210953,平井内科,三養基郡上峰町大字坊所２７３３番地１,0952-53-3737,医療法人平井内科　理事長　平井賢治,平井　賢治,内科　肝臓内科　消化器内科,,平28. 6. 1,kyushu/000491319.zip
診療所,41,1210961,上野クリニック,三養基郡みやき町大字簑原１６７６番地７・１６７６番地１０,0942-94-5085,医療法人　上野クリニック　理事長　　上野　孝毅,上野　孝毅,内　外　胃　小　リハ,,平29. 2. 1,kyushu/000491319.zip
診療所,41,1210979,斎藤整形外科医院,三養基郡みやき町大字寄人１５０９番地１,0942-96-3110,医療法人　斎藤整形外科医院　理事長　　齋藤　隆,齋藤　隆,整外　内　リハ,,平29. 2. 1,kyushu/000491319.zip
診療所,41,1210987,やまだ小児科クリニック,三養基郡上峰町大字坊所４４４番地７,0952-51-1516,医療法人やまだ小児科クリニック　理事長　山田秀二,山田　秀二,小　アレ,,平29. 6. 1,kyushu/000491319.zip
診療所,41,1210995,まえはら耳鼻咽喉科アレルギー科クリニック,三養基郡基山町大字園部字牛逢２７７２番１０,0942-81-0733,医療法人　まえはらクリニック　理事長　前原　法文,前原　法文,耳い　アレ,,平30. 1. 1,kyushu/000491319.zip
診療所,41,1211001,きやま鹿毛医院,三養基郡基山町大字宮浦３９９番地１,0942-92-2650,医療法人　清明会　理事長　鹿毛　竜太郎,内田　昌子,内科　腎臓内科（人工透析）,,平30. 2. 1,kyushu/000491319.zip
診療所,41,1211019,鹿毛診療所,三養基郡基山町大字宮浦１８６番地６５,0942-50-8059,医療法人　清明会　理事長　鹿毛　竜太郎,久保田　和充,内科　循環器内科,,平30. 6. 4,kyushu/000491319.zip
診療所,41,1211027,おおば内科・循環器科医院,三養基郡みやき町大字白壁字一本松２３２番地２,0942-50-9912,医療法人　おおば内科・循環器科医院　理事長　大場　豊治,大場　豊治,内科　循環器内科　糖尿病内科,,平30. 7. 1,kyushu/000491319.zip
診療所,41,1211035,ばば整形外科,三養基郡基山町大字宮浦１８６番地１８,0942-50-5115,医療法人　成友会　理事長　松本　大成,馬場　尚樹,整外　リウ　リハ,,平30. 7. 1,kyushu/000491319.zip
診療所,41,1211043,みやき統合医療クリニック,三養基郡みやき町大字白壁字三本松１０７４番地３（２階）,0942-85-7622,医療法人幸伸会　理事長　小江　俊行,小江　俊行,内　リハ,,令3. 7. 1,kyushu/000491319.zip
診療所,41,1211050,みやき腎クリニック,三養基郡上峰町大字坊所１５７０－４,0952-55-2122,医療法人芳生会　理事長　和田　芳文,若杉　大輔,腎臓内科　リウ　循環器内科,,令5. 1. 26,kyushu/000491319.zip
診療所,41,1211068,みくりや鼻の診療所,三養基郡みやき町大字白壁２９０２番地８,0942-85-9802,御厨　剛史,御厨　剛史,耳鼻咽喉科,,令6. 5. 1,kyushu/000491319.zip
診療所,41,1211076,田中整形外科まりこ眼科,三養基郡みやき町簑原９１７,0942-50-6101,田中　稔一郎,田中　稔一郎,整外　眼　リハ　内　小　皮,,令8. 4. 1,kyushu/000491319.zip
診療所,41,1310621,伊東医院,小城市小城町２７８番地,0952-73-3235,伊東　浩章,伊東　浩章,内　小　整外　リハ,,昭61. 6. 1,kyushu/000491319.zip
診療所,41,1310738,医療法人　上坂医院,小城市小城町２５１番地５,0952-73-2930,医療法人　上坂医院　理事長　上坂　政勝,上坂　宏,耳い,,平4. 4. 1,kyushu/000491319.zip
診療所,41,1310761,医療法人　やなぎしまこども医院,小城市小城町中町５４９番地１,0952-73-3666,医療法人　やなぎしまこども医院　理事長　田島　大輔,田島　大輔,小,,平4. 9. 1,kyushu/000491319.zip
診療所,41,1310845,医療法人　高橋内科,小城市小城町晴気２００番地３,0952-72-1100,医療法人　高橋内科　理事長　高橋　明,高橋　明,内　小　リハ,,平7. 10. 1,kyushu/000491319.zip
診療所,41,1310951,酒井内科クリニック,小城市小城町６１７番地１２,0952-71-1377,酒井　正平,酒井　正平,内科　消化器内科　循環器内科　小,,平12. 4. 7,kyushu/000491319.zip
診療所,41,1310993,医療法人　野田好生医院,小城市小城町栗原５番地４,0952-72-3232,医療法人　野田好生医院　理事長　野田　和人,野田　和人,内科　胃腸内科　呼吸器内科　循環器内科　糖尿病内科　小児科　神内　整外,,平14. 4. 1,kyushu/000491319.zip
診療所,41,1311017,鶴田整形外科,小城市牛津町勝１２４１番地６,0952-66-4114,医療法人　友和会　理事長　鶴田　敏幸,井手　衆哉,一般　一般　整外　リハ　リウ　麻,19,平14. 6. 1,kyushu/000491319.zip
診療所,41,1311025,しまうちクリニック,小城市牛津町勝１４９９番地１,0952-66-6036,島内　義弘,島内　義弘,内科　消化器内科,,平14. 9. 2,kyushu/000491319.zip
診療所,41,1311033,徳富医院,小城市芦刈町三王崎３１６番地３,0952-66-1547,医療法人　六科会　理事長　原野　裕子,原野　裕子,一般　内　産婦　小　麻,,平14. 11. 1,kyushu/000491319.zip
診療所,41,1311058,鶴田運動機能回復クリニック,小城市牛津町上砥川１７４番地８,0952-51-5611,医療法人　友和会　理事長　鶴田　敏幸,北島　将,一般　一般　整外　リウ　リハ,19,平15. 4. 1,kyushu/000491319.zip
診療所,41,1311066,藤井整形外科医院,小城市小城町畑田２３４５番地１,0952-72-7650,医療法人　藤井整形外科　理事長　藤井　博昭,藤井　博昭,整外　リハ,,平17. 1. 1,kyushu/000491319.zip
診療所,41,1311074,医療法人　修和会　村岡内科医院,小城市牛津町牛津７３４番地１,0952-66-3750,医療法人　修和会　理事長　村岡　浩,村岡　浩,内,,平17. 3. 1,kyushu/000491319.zip
診療所,41,1311116,まなべ消化器内科クリニック,小城市三日月町長神田２１７３番４,0952-72-3636,真鍋　靖史,真鍋　靖史,内　消　外,,平20. 7. 1,kyushu/000491319.zip
診療所,41,1311157,はやしだ耳鼻咽喉科,小城市三日月町長神田２１７１番地３,0952-72-8741,林田　精一郎,林田　精一郎,耳い,,平22. 4. 1,kyushu/000491319.zip
診療所,41,1311165,医療法人アイクレセント　いなだ小児科・アレルギー科,小城市三日月町長神田字大寺２１７３番地３,0952-72-7800,医療法人　アイクレセント　理事長　稲田　成安,稲田　成安,小　アレ,,平22. 6. 1,kyushu/000491319.zip
診療所,41,1311173,医療法人　まえだ脳神経外科・眼科クリニック,小城市三日月町長神田２１７３番地２,0952-72-6101,医療法人　まえだ脳神経外科・眼科クリニック　理事長　前田　健二,前田　健二,脳外　眼　リハ,,平23. 1. 1,kyushu/000491319.zip
診療所,41,1311181,ひらまつクリニック,小城市小城町８１５－１,0952-20-3500,医療法人　ひらまつ病院　理事長　平松　克輝,平松　明子,内科　人工透析内科　婦　乳腺外科　精　放　リハ,,平27. 9. 1,kyushu/000491319.zip
病院,41,1311199,医療法人　ひらまつ病院,小城市小城町１０００番地１,0952-72-2111,医療法人　ひらまつ病院　理事長　平松　克輝,平松　克輝,一般　療養　外科　呼吸器外科　消化器外科　肛門外科　整外　内科　消化器内科　循環器内科　人工透析内科　神内　リウ　眼　ひ　皮　放　麻　リハ　小　呼内　脳外,104,平27. 9. 1,kyushu/000491319.zip
診療所,41,1311207,おおしまクリニック,小城市牛津町乙柳１０９６番地１,0952-66-0314,医療法人おおしまクリニック　理事長　大島勝也,大島　勝也,内　消,,平28. 6. 1,kyushu/000491319.zip
診療所,41,1311215,医療法人　孟子会　ひろおか内科・脳神経クリニック,小城市三日月町久米１２９５番地２,0952-73-8022,医療法人　孟子会　理事長　廣岡満,岡　満,内　神内,,平29. 1. 1,kyushu/000491319.zip
診療所,41,1311223,上砥川戸塚クリニック,小城市牛津町上砥川１２３４－７,0952-20-0573,戸塚　和敏,戸塚　和敏,内　外　アレ,,平29. 3. 1,kyushu/000491319.zip
病院,41,1311256,江口病院,小城市三日月町金田１１７８－１,0952-73-3083,医療法人　ロコメディカル　理事長　江口　有一郎,黒木　茂高,一般　療養　内科　消化器内科　循環器内科　呼吸器内科　リハ　皮,,平30. 9. 1,kyushu/000491319.zip
診療所,41,1311264,にしかわ整形外科クリニック,小城市三日月町長神田字大寺２１７１番地５,0952-73-8855,医療法人　永潤会　理事長　西川　英夫,西川　英夫,整外　リハ,,平31. 1. 1,kyushu/000491319.zip
診療所,41,1311272,あまねクリニック,小城市三日月町金田１１７７番地５,0952-97-5766,一般社団法人　あまね　　代表理事　大野　真如,小野　直子,小,,令3. 4. 1,kyushu/000491319.zip
診療所,41,1311298,ひまわりクリニック,小城市三日月町堀江３０５番地,0952-97-4810,医療法人　ひまわりクリニック　理事長　野上　耕二郎,野上　耕二郎,精　心内,,令5. 7. 1,kyushu/000491319.zip
診療所,41,1311306,ひらまつ在宅クリニック,小城市三日月町久米２１５５－２,0952-72-8400,医療法人　ひらまつ病院　理事長　平松　克輝,鐘ケ江　寿美子,内　小　婦,,令5. 8. 1,kyushu/000491319.zip
診療所,41,1311314,こば皮ふ科クリニック,小城市三日月町長神田２１７１番地６,0952-37-0717,医療法人　ＫＤＣ　理事長　古場　慎一,古場　慎一,皮,,令7. 5. 1,kyushu/000491319.zip
診療所,41,1411262,草場医院,唐津市肥前町田野甲２９２９番地１,0955-54-1155,草場　通,草場　通,内　循　胃,,昭59. 9. 1,kyushu/000491319.zip
診療所,41,1411361,医療法人　あおぞら胃腸科,唐津市浜玉町浜崎８０３番地,0955-56-2152,医療法人　あおぞら胃腸科　理事長　笠原　健太郎,笠原　健太郎,内　児童精神科,,昭63. 1. 1,kyushu/000491319.zip
診療所,41,1411379,医療法人　桑原医院,唐津市浜玉町浜崎１０６７番地１,0955-56-8761,医療法人　桑原医院　理事長　桑原　武文,桑原　武文,内　皮,,平元. 8. 1,kyushu/000491319.zip
診療所,41,1411387,医療法人　田渕医院,東松浦郡玄海町大字諸浦６番地１,0955-52-2311,医療法人　田渕医院　理事長　田渕　延,田渕　延,外　内　循　整外　胃,,平2. 1. 1,kyushu/000491319.zip
診療所,41,1411411,渡辺内科,唐津市肥前町入野９１５番地７,0955-54-0016,渡邊　講一,渡邊　講一,内　呼　消　循　リハ,,平6. 5. 1,kyushu/000491319.zip
診療所,41,1411437,森永医院,唐津市相知町相知３０６０番地１,0955-62-2528,森永　幸二,森永　幸二,内　外　リハ,,平7. 7. 17,kyushu/000491319.zip
診療所,41,1411486,医療法人　肥前内科クリニック,唐津市肥前町入野甲１８７６番地７,0955-54-0011,医療法人　肥前内科クリニック　理事長　草野　生,草野　生,内,,平10. 2. 1,kyushu/000491319.zip
病院,41,1411494,医療法人　尚誠会　冬野病院,唐津市相知町相知２２６４番地,0955-62-3211,医療法人　尚誠会　理事長　冬野　誠太,冬野　誠太,療養　内科　消化器内科　胃腸内科　人工透析内科　腎臓内科,,平10. 5. 1,kyushu/000491319.zip
診療所,41,1411502,医療法人　山田整形外科クリニック,唐津市呼子町呼子３７５３番地,0955-82-5540,医療法人　山田整形外科クリニック　理事長　山田　修,山田　修,整外　リハ　リウ　内　外,,平10. 9. 1,kyushu/000491319.zip
病院,41,1411510,医療法人　至誠堂　宇都宮病院,唐津市厳木町本山３８６番地１,0955-63-2515,医療法人　至誠堂　理事長　齋藤　浩記,宇都宮　至,療養　内　神内　呼　消　循　皮　耳い　リハ　整外,,平11. 6. 1,kyushu/000491319.zip
診療所,41,1411544,堀田医院,東松浦郡玄海町大字今村６１１６番地,0955-52-6111,堀田　まり子,堀田　まり子,一般　一般　療養　療養　内　呼　アレ　循　消,8,平17. 6. 2,kyushu/000491319.zip
診療所,41,1510337,医療法人　蒲地医院,西松浦郡有田町稗古場２丁目９番１２号,0955-42-5151,医療法人　蒲地医院　理事長　蒲地　英之,蒲地　英之,内　循,,平3. 2. 1,kyushu/000491319.zip
診療所,41,1510378,川浪医院,西松浦郡有田町大野乙２７２４番地,0955-42-2525,川浪　東洋,川浪　東洋,皮,,平13. 4. 8,kyushu/000491319.zip
診療所,41,1510394,小嶋内科,西松浦郡有田町黒川丙６０８番地２７,0955-41-2288,医療法人　小嶋内科　理事長　小嶋　圭介,小嶋　圭介,内　呼　胃　循　小,,平14. 7. 1,kyushu/000491319.zip
診療所,41,1510444,医療法人　なごみ会　口石やすひろ整形外科クリニック,西松浦郡有田町戸杓丙６７３番地１,0955-41-1737,医療法人なごみ会口石やすひろ整形外科クリニック　理事長　口石　倫太朗,口石　倫太朗,整外　形外　リハ,,平19. 9. 1,kyushu/000491319.zip
診療所,41,1510469,松尾内科,西松浦郡有田町南原甲２６７番地,0955-42-3873,松尾　哲也,松尾　哲也,内　小,,平20. 4. 1,kyushu/000491319.zip
診療所,41,1510477,上有田整形外科クリニック,西松浦郡有田町上幸平一丁目３番５号,0955-41-1428,医療法人　上有田整形外科クリニック　理事長　鶴田敬郎,鶴田　敬郎,整外　リウ　リハ,,平21. 5. 1,kyushu/000491319.zip
診療所,41,1510501,石井内科,西松浦郡有田町立部乙２１１０番地１,0955-46-2077,医療法人　文庫堂　理事長　石井　善智,石井　善智,内科　糖尿病内科　リウ,,平25. 6. 1,kyushu/000491319.zip
診療所,41,1510519,馬渡クリニック,西松浦郡有田町本町丙１０８０番地１,0955-41-0007,医療法人社団馬渡メディカル　理事長　馬渡　恭太郎,馬渡　恭太郎,内　消化器内科,,平26. 12. 1,kyushu/000491319.zip
診療所,41,1510527,岸クリニック,西松浦郡有田町本町丙９６７番地１,0955-42-2833,医療法人　銀杏会　理事長　岸展弘,岸　展弘,一般　産　内　婦,,平28. 1. 1,kyushu/000491319.zip
診療所,41,1510535,けがと痛みのクリニック,西松浦郡有田町本町丙７８４番地１０,095-543-2211,医療法人高原医院　理事長　髙原　一洋,髙原　智洋,整外　麻　リハ　ペインクリニック内科　内,,令4. 8. 1,kyushu/000491319.zip
診療所,41,1510543,医療法人　竜門堂　ありた医院,西松浦郡有田町大木宿乙８４３－２３,0955-46-4603,医療法人　竜門堂　理事長　下村　恭子,下村　徹郎,内,,令8. 4. 1,kyushu/000491319.zip
病院,41,1610061,医療法人　醇和会　有島病院,杵島郡白石町大字戸ケ里２３５２番地３,0954-65-4100,医療法人　醇和会　理事長　有島　宏明,有島　宏明,療養　内科　呼　消　小　循　リハ　児童精神科,,昭32. 10. 1,kyushu/000491319.zip
病院,41,1610392,医療法人　敬天堂　古賀病院,杵島郡江北町大字上小田１１５０番地,0952-86-2070,医療法人　敬天堂　理事長　古賀　義行,古賀　義行,療養　外科　消化器外科　内科　消化器内科　呼吸器内科　整外　リハ,,昭32. 11. 1,kyushu/000491319.zip
診療所,41,1610442,医療法人　回春堂　有明医院,杵島郡白石町大字築切８５１番地,0952-84-2842,医療法人　回春堂　理事長　嬉野　光俊,嬉野　光俊,一般　内　外　こう　胃,,昭32. 11. 1,kyushu/000491319.zip
病院,41,1610947,大野病院,武雄市山内町大字大野６３５１番地１,0954-45-2233,医療法人　竜門堂　理事長　下村　恭子,下村　恭子,療養　内　リハ,148,昭55. 5. 1,kyushu/000491319.zip
病院,41,1610954,白石共立病院,杵島郡白石町大字福田１２９６番地,0952-84-6060,医療法人静便堂　理事長　沖田　光紀,池田　裕次,一般　療養　内科　呼吸器内科　循環器内科　消化器内科　腎臓内科　人工透析内科　神経内科　糖尿病代謝内科　小　皮　アレ　リウ　外科　消化器外科　気管食道外科　肛門外科　呼外　脳外　心外　リハ　放　病理診断科　救急科　整外,108,昭55. 7. 1,kyushu/000491319.zip
診療所,41,1610988,川崎整形外科医院,杵島郡大町町大字福母２５６１番地４,0952-82-5551,川﨑　修,川﨑　修,一般　整外　リハ　リウ,,昭56. 5. 1,kyushu/000491319.zip
診療所,41,1611069,かたふち産婦人科,杵島郡白石町大字廿治１０６５番地１２,0952-84-6133,片渕　秀樹,片渕　秀樹,一般　産婦,,昭63. 5. 23,kyushu/000491319.zip
診療所,41,1611077,医療法人　慈慶会　八木産婦人科,武雄市北方町大字大崎１１２１番地,0954-36-3600,医療法人　慈慶会　八木産婦人科　理事長　八木　憲一郎,八木　憲一郎,一般　産　小　婦,,昭63. 8. 1,kyushu/000491319.zip
診療所,41,1611184,カタフチ医院,杵島郡白石町大字福富３２１３番地１,0952-87-2233,片渕　励起,片渕　励起,内　循　小　リハ　胃,,平5. 12. 9,kyushu/000491319.zip
診療所,41,1611267,竜門堂医院,武雄市山内町大字大野６６０２番地１,0954-20-7050,医療法人　竜門堂　理事長　下村　恭子,常吉　直子,整外　内,,平10. 3. 1,kyushu/000491319.zip
診療所,41,1611275,医療法人　野口眼科医院,杵島郡江北町大字山口１３５５番地７,0952-86-5550,医療法人　野口眼科医院　理事長　野口　智,野口　智,一般　眼,,平10. 3. 1,kyushu/000491319.zip
病院,41,1611325,順天堂病院,杵島郡大町町大字福母７０７番地２,0952-82-3161,医療法人　順天堂　理事長　溝上　健次,溝上　健次,療養　内　消　呼　外　放　リハ　整外　皮　神内,115,平11. 10. 1,kyushu/000491319.zip
診療所,41,1611333,医療法人　ニコークリニック,武雄市北方町大字志久１５７４番地,0954-36-5777,医療法人　ニコークリニック　理事長　桑原　淳生,桑原　淳生,内科　循環器内科　皮　消化器内科,,平12. 3. 1,kyushu/000491319.zip
診療所,41,1611341,副島医院,杵島郡白石町大字堤１４６８番地,0952-84-2205,副島　寛,副島　寛,内　小　循,,平12. 4. 1,kyushu/000491319.zip
診療所,41,1611358,有島クリニック,杵島郡白石町大字牛屋３２８５番地,0954-65-2066,有島　史芳,有島　史芳,外　内　呼　胃　こう　リハ,,平12. 4. 3,kyushu/000491319.zip
病院,41,1611382,医療法人　武岡病院,杵島郡江北町大字山口１２８２番地,0952-86-3013,医療法人　武岡病院　理事長　武岡　敦之,武岡　敦之,療養　療養　内　呼　循　胃　小　リハ　整外　外　ひ　精,30,平13. 9. 1,kyushu/000491319.zip
診療所,41,1611390,原田内科医院,杵島郡白石町大字福富１８２７番地,0952-87-3737,医療法人　文斎会　理事長　安東　栄治,安東　栄治,一般　療養　内　胃　消,17,平14. 4. 1,kyushu/000491319.zip
診療所,41,1611408,医療法人　清哲会　藤瀬医院,武雄市山内町大字鳥海９７７７番地２,0954-45-2007,医療法人　清哲会　理事長　藤瀬　剛弘,藤瀬　剛弘,内　外　麻　リハ　放　消化器内科,,平14. 8. 1,kyushu/000491319.zip
診療所,41,1611416,佛坂医院,武雄市山内町大字三間坂甲１３２０２番地１,0954-45-2016,佛坂　芳孝,佛坂　芳孝,内科　耳い　消化器内科,,平15. 5. 1,kyushu/000491319.zip
診療所,41,1611432,溝口医院,杵島郡白石町大字戸ケ里１７８０番地,0954-65-2046,溝口　克弘,溝口　克弘,内　神内　リハ,,平19. 5. 1,kyushu/000491319.zip
診療所,41,1611465,医療法人　戸原内科,杵島郡大町町大字福母４０４番地６,0952-82-2051,医療法人　戸原内科　理事長　戸原　震一,戸原　震一,一般　一般　療養　療養　内科　消化器内科　循環器内科　呼吸器内科　小　皮,16,平21. 4. 1,kyushu/000491319.zip
診療所,41,1611499,重村医院,杵島郡白石町大字廿治１５１０,0952-84-2656,重村　剛,重村　剛,一般　内　外　小,,平24. 3. 1,kyushu/000491319.zip
診療所,41,1611507,いけがみ内科クリニック,杵島郡白石町福富１４１８番地,0952-87-2107,池上　素樹,池上　素樹,内科　消化器内科　小,,平24. 10. 12,kyushu/000491319.zip
診療所,41,1611515,医療法人栄江会　たなか耳鼻咽喉科クリニック,杵島郡江北町山口１２０４－１,0952-74-6033,医療法人栄江会　理事長　田中　雅博,田中　雅博,耳い　アレルギー科　頭頸部外科　気管食道内科　甲状腺内科　漢方内科,,平25. 1. 1,kyushu/000491319.zip
病院,41,1611523,白石保養院,杵島郡白石町大字福吉２１３４番地１,0952-84-2231,医療法人　耕雲会　理事長　緒方　周,道塩　和久,精神　精　心内,248,平27. 4. 1,kyushu/000491319.zip
診療所,41,1611598,医療法人社団　栄寿会　古賀小児科内科医院,杵島郡江北町大字上小田２８０番地１,0952-86-2533,医療法人社団　栄寿会　理事長　古賀　達彦,古賀　達彦,療養　療養　小　内　胃　整外,2,平30. 6. 1,kyushu/000491319.zip
診療所,41,1611606,なかふさ皮膚科クリニック,杵島郡白石町大字福吉１８３５番地１,0952-74-5788,医療法人　淳幸会　理事長　中房　淳司,中房　淳司,皮,,平30. 7. 1,kyushu/000491319.zip
診療所,41,1611614,スマイル耳鼻咽喉科・歯科クリニック,杵島郡白石町大字福吉１８３５－１,0952-97-7271,柿添　亜矢,柿添　亜矢,耳い　アレ　歯外　小歯　漢方内科,,平31. 1. 11,kyushu/000491319.zip
診療所,41,1611622,かわぞえ内科クリニック,杵島郡白石町大字福吉１８３４番地１,0952-37-5593,医療法人かわぞえクリニック　理事長　川添　聖治,川添　聖治,内科　肝臓・消化器内科,,令元. 6. 1,kyushu/000491319.zip
診療所,41,1611648,大隈レディースクリニック,杵島郡江北町大字山口１３６７－１,0952-86-2567,大隈　良成,大隈　良成,一般　一般　産　婦,19,令4. 4. 1,kyushu/000491319.zip
診療所,41,1611655,三根眼科医院,杵島郡白石町福吉２０７８－５,0952-84-2340,医療法人　アネモネ　理事長　三根　正,三根　正,一般　眼,,令4. 8. 8,kyushu/000491319.zip
診療所,41,1611663,しろいし脳神経外科,杵島郡白石町大字福吉１８４３番１,0952-37-3525,伊藤　隆浩,伊藤　隆浩,脳外　脳内,,令5. 1. 16,kyushu/000491319.zip
病院,41,1611671,祐愛会高島病院,杵島郡白石町大字戸ケ里１８３１番地１８,0954-65-3129,社会医療法人　祐愛会　理事長　織田　正道,田中　潤一,療養　内　外　リハ　小　循環器内科　消化器内科　児童精神科　血液内科,,令5. 4. 1,kyushu/000491319.zip
診療所,41,1611689,森外科医院,杵島郡白石町大字戸ケ里１８１１番地,0954-65-2059,医療法人　ＥＭＵ　理事長　森　倫人,森　倫人,外　内　肛門外科　麻,,令7. 1. 1,kyushu/000491319.zip
診療所,41,1611697,ふじい整形外科,杵島郡白石町大字福吉１８２０番地１,0952-84-5880,医療法人透現　理事長　藤井　利雄,藤井　由匡,一般　一般　整外,16,令7. 3. 10,kyushu/000491319.zip
病院,41,1710481,嬉野温泉病院,嬉野市嬉野町大字下宿乙１９１９番地,0954-43-0157,医療法人財団　友朋会　理事長　中川　龍治,中川　龍治,一般　療養　精神　精神科　児童・思春期精神科　老年精神科　内　皮　ひ　眼　リハ　心内　整外,634,昭54. 9. 1,kyushu/000491319.zip
病院,41,1710572,医療法人　陽明会　樋口病院,嬉野市塩田町大字馬場下甲１番地,0954-66-2022,医療法人　陽明会　樋口病院　理事長　樋口　正晃,石崎　知樹,一般　療養　内科　脳神経内科　小　整外　リハ　耳い　老年内科,,昭61. 1. 1,kyushu/000491319.zip
診療所,41,1710580,西村医院,嬉野市塩田町大字馬場下甲１４９８番地,0954-66-2109,西村　進,西村　進,内　小　放,,昭61. 4. 1,kyushu/000491319.zip
診療所,41,1710614,森医院,嬉野市嬉野町大字下宿乙５４３番地１,0954-43-0725,森　茂樹,森　茂樹,内　小,,昭62. 9. 1,kyushu/000491319.zip
診療所,41,1710663,医療法人　朝長医院,嬉野市嬉野町大字下宿乙２１８８番地,0954-43-2117,医療法人　朝長医院　理事長　朝長　道生,朝長　道生,内　消,,平2. 9. 1,kyushu/000491319.zip
診療所,41,1710671,医療法人　田中医院,嬉野市嬉野町大字下宿乙２３５３番地１３,0954-43-2111,医療法人　田中医院　理事長　田中　研一,田中　研一,内　呼　小　胃,,平2. 9. 1,kyushu/000491319.zip
診療所,41,1710689,医療法人　光武医院,嬉野市塩田町大字馬場下甲７３９番地,0954-66-2027,医療法人　光武医院　理事長　光武　良崇,光武　良崇,一般　療養　内　呼　消　小　放,,平2. 9. 1,kyushu/000491319.zip
診療所,41,1710697,医療法人　優健会　樋口医院,嬉野市嬉野町大字下宿甲１７４０番地１,0954-43-1652,医療法人　優健会　樋口医院　理事長　樋口　健,樋口　健,一般　内　小,,平3. 2. 1,kyushu/000491319.zip
診療所,41,1710713,医療法人　太田医院,嬉野市嬉野町大字岩屋川内甲７７番地１,0954-43-1148,医療法人　太田医院　理事長　太田　春彦,太田　春彦,一般　内科　人工透析内科　小,,平5. 1. 1,kyushu/000491319.zip
診療所,41,1710754,医療法人　野中医院,嬉野市嬉野町大字吉田丁４６５３番地,0954-43-9341,医療法人　野中医院　理事長　田邊　章弘,田邊　章弘,一般　療養　内　小　循　胃,,平10. 6. 1,kyushu/000491319.zip
診療所,41,1710762,福田医院,嬉野市嬉野町大字下宿乙２３１５番地２,0954-43-0550,福田　義孝,福田　義孝,一般　療養　内　漢方内科,,平11. 4. 1,kyushu/000491319.zip
病院,41,1710788,福田病院,嬉野市嬉野町大字下宿甲４７１４番地１０,0954-42-2221,医療法人　うれしの　理事長　福田　貞義,福田　義人,一般　療養　外　胃　呼　放　整外　脳外　形外　リハ,,平12. 2. 1,kyushu/000491319.zip
診療所,41,1710796,うれしのふくだクリニック,嬉野市嬉野町大字下宿甲４７１５番地５,0954-42-1211,福田　貞義,福田　貞義,一般　外　胃　呼　放　整外　脳外　形外　リハ,,平12. 2. 1,kyushu/000491319.zip
診療所,41,1710804,医療法人悠池会　池田内科,嬉野市嬉野町大字下野丙３９番地１,0954-43-2123,医療法人　悠池会　池田内科　理事長　池田　圭,池田　圭,内　小　消化器内科,,平12. 4. 1,kyushu/000491319.zip
診療所,41,1710820,谷口医院,嬉野市塩田町大字谷所甲２６３７番地１,0954-66-3568,谷口　親房,谷口　親房,内　小,,平15. 7. 1,kyushu/000491319.zip
診療所,41,1720605,緒方医院,藤津郡太良町大字大浦丁３６９番地２,0954-68-2220,緒方　良二,緒方　良二,一般　内　小　皮,,昭62. 4. 1,kyushu/000491319.zip
診療所,41,2010022,医療法人　山田こどもクリニック,神埼市神埼町田道ケ里２３９４番地１,0952-55-6566,医療法人　山田こどもクリニック　理事長　山田　孝,山田　孝,小　アレ,,平20. 6. 1,kyushu/000491319.zip
診療所,41,2010071,栗並医院,神埼市神埼町枝ケ里７６番地１,0952-52-2977,医療法人　栗並医院　理事長　栗並　昇,栗並　昇,一般　一般　内科　糖尿病内科　歯　小歯　歯外,19,平26. 1. 1,kyushu/000491319.zip
診療所,41,2010089,和田医院,神埼市千代田町嘉納１３１９－１８,0952-44-2046,和田　郁子,和田　郁子,内　小,,平27. 9. 1,kyushu/000491319.zip
診療所,41,2010097,おおつぼ内科医院,神埼市神埼町本堀３１９９－１,0952-52-3130,大坪　維範,大坪　維範,内科　消化器内科,,平27. 9. 24,kyushu/000491319.zip
診療所,41,2010113,医療法人　神埼クリニック,神埼市神埼町田道ケ里２３９６番地,0952-53-1818,医療法人　神埼クリニック　理事長　中山　昌之,中山　昌之,内科　胃腸内科　呼吸器内科　放,,平30. 6. 1,kyushu/000491319.zip
病院,41,2010139,医療法人啓仁会　橋本病院,神埼市神埼町本告牟田２９９４－１,0952-52-2022,医療法人啓仁会　理事長　花田　啓一郎,花田　啓一郎,一般　一般　外　内科　胃腸内科　整形外科　肛門外科　呼吸器内科　リハ　消化器外科　消化器内科　糖尿病内科　内視鏡内科,40,令2. 3. 1,kyushu/000491319.zip
診療所,41,2010147,たけうち小児科,神埼市神埼町本堀２７０７－２,0952-52-2524,医療法人たけうち小児科　理事長　竹内　孝仁,竹内　孝仁,小　アレ,,令4. 1. 1,kyushu/000491319.zip
病院,41,2010154,医療法人社団　啓祐会　神埼病院,神埼市神埼町鶴３１９４－３,0952-52-3145,医療法人社団　啓祐会　理事長　橋本　峰一,橋本　峰一,療養　内　外　整外　脳外　リハ　皮　麻,,令5. 12. 1,kyushu/000491319.zip
診療所,41,2010162,医療法人　ごんどう耳鼻咽喉科,神埼市神埼町田道ケ里２２２６番１,0952-55-7001,医療法人　ごんどう耳鼻咽喉科　理事長　權藤　久次郎,權藤　久次郎,耳い　アレ,,令6. 4. 1,kyushu/000491319.zip
診療所,41,9810531,佐賀県鳥栖保健所,鳥栖市元町１２３４番地１,0942-83-2161,佐賀県知事,本田　成美,内,,昭32. 7. 1,kyushu/000491319.zip
診療所,41,9810549,佐賀県伊万里保健所,伊万里市新天町１２２番地４,0955-23-2101,佐賀県知事,大林　航,内,,昭32. 7. 1,kyushu/000491319.zip
診療所,41,9810556,佐賀県杵藤保健所,武雄市武雄町大字昭和２６５番地,0954-22-2103,佐賀県知事,大林　航,内,,昭32. 7. 1,kyushu/000491319.zip
病院,41,9810713,社会福祉法人　恩賜財団　済生会唐津病院,唐津市元旗町８１７番地,0955-73-3175,社会福祉法人恩賜財団済生会支部佐賀県済生会　支部長　園田　孝志,山懸　基維,一般　内科　消化器内　循環器内　糖尿病内　腎臓内　呼　外科　消化器外科　血管外科　乳腺外科　呼外　放　リハ　耳い　整外　神内　麻　脳外　リウ,193,昭32. 7. 1,kyushu/000491319.zip
診療所,41,9810887,鹿島市休日こどもクリニック,鹿島市大字高津原８１３番地,0954-63-1838,鹿島市長,伊山　明宏,小,,昭56. 10. 1,kyushu/000491319.zip
診療所,41,9810952,佐賀県佐賀中部保健所,佐賀市八丁畷町１番２０号,0952-30-1321,佐賀県知事,中里　栄介,内　呼,,平元. 12. 8,kyushu/000491319.zip
診療所,41,9811018,佐賀県唐津保健所,唐津市大名小路３番１号,0955-73-4185,佐賀県知事,坂本　龍彦,内,,昭62. 7. 1,kyushu/000491319.zip
診療所,41,9811026,鳥栖市休日救急医療センター,鳥栖市本町３丁目１４９６番地１,0942-83-0119,鳥栖市長,原田　良策,内　小　外,,平3. 4. 1,kyushu/000491319.zip
病院,41,9811042,独立行政法人地域医療機能推進機構　佐賀中部病院,佐賀市兵庫南３丁目８番１号,0952-28-5311,独立行政法人地域医療機能推進機構　理事長　山本　修一,園畑　素樹,一般　内科　消化器内科　循環器内科　血液内科　呼内　外　整外　婦　眼　リハ　麻　脳神経内科　放　病理診断科　形外　皮　ひ　救急科,160,平8. 4. 1,kyushu/000491319.zip
診療所,41,9811059,佐賀県精神保健福祉センター,小城市小城町１７８番地９,0952-73-5060,佐賀県知事,宮下　聡,精,,平10. 1. 1,kyushu/000491319.zip
診療所,41,9811109,唐津休日急患センター,唐津市千代田町２５６６番地１１,0955-75-5193,唐津市長,服巻　信也,内　外,,平17. 1. 1,kyushu/000491319.zip
診療所,41,9811117,唐津市小川島診療所,唐津市呼子町小川島１６１番地１,0955-82-8010,唐津市長,小林　祐大,内　外　小,,平17. 1. 1,kyushu/000491319.zip
診療所,41,9811125,唐津市加唐島診療所,唐津市鎮西町加唐島４０７番地,0955-82-9350,唐津市長,三浦　真帆,内　外　小,,平17. 1. 1,kyushu/000491319.zip
診療所,41,9811133,唐津市神集島診療所,唐津市神集島２７８２番地３,0955-79-1577,唐津市長,松尾　岬,内　外　小,,平17. 1. 1,kyushu/000491319.zip
診療所,41,9811141,唐津市高島診療所,唐津市高島６７５番地５,0955-74-3360,唐津市長,秋山　瞳,内　外　小,,平17. 1. 1,kyushu/000491319.zip
診療所,41,9811158,唐津市松島診療所,唐津市鎮西町松島３４８７番地１,0955-82-9350,唐津市長,牛島　宏貴,内　外　小,,平17. 1. 1,kyushu/000491319.zip
診療所,41,9811166,唐津市馬渡島診療所,唐津市鎮西町馬渡島２４番地,0955-82-9014,唐津市長,中村　和樹,内　外　小,,平17. 1. 1,kyushu/000491319.zip
病院,41,9811182,唐津市民病院きたはた,唐津市北波多徳須恵１４２４番地１,0955-64-2611,唐津市長,大野　毎子,療養　療養　内　外　小　耳い　リハ　整外,56,平17. 4. 1,kyushu/000491319.zip
病院,41,9811208,佐賀市立富士大和温泉病院,佐賀市富士町大字梅野１７２１番地１,0952-63-0111,佐賀市長,杉岡　隆,一般　一般　療養　療養　内　外　眼　放　リハ　整外　消　呼　循,81,平17. 10. 1,kyushu/000491319.zip
診療所,41,9811224,佐賀市立国民健康保険三瀬診療所,佐賀市三瀬村藤原３８８２番地６,0952-56-2001,佐賀市長,西　智子,一般　一般　内　外　小　歯,6,平17. 10. 1,kyushu/000491319.zip
診療所,41,9811240,武雄地区休日急患センター,武雄市武雄町大字昭和３００番地,0954-22-5599,武雄市長,太田　光博,小児科　救急科,,平18. 3. 1,kyushu/000491319.zip
病院,41,9811265,町立太良病院,藤津郡太良町大字多良１５２０番地１２,0954-67-0016,太良町長,上通　一泰,一般　外　整外　内科　循環器内科　小　耳い　リハ,,平18. 4. 1,kyushu/000491319.zip
病院,41,9811315,伊万里有田共立病院,西松浦郡有田町二ノ瀬甲８６０番地,0955-46-2121,伊万里・有田地区医療福祉組合　管理者職務代理者　事務長　森田　聡子,桃崎　宣明,一般　一般（感染）　一般外科　消化器外科　整外　脳外　総合内科　呼吸器内科　消化器内科　循環器内科　糖尿病・代謝内科　脳神経内科　小　ひ　眼　耳い　放　麻　リハ　心外　婦　膠原病・リウマチ科　救急科　乳腺外科　病理　形外,206,平24. 3. 1,kyushu/000491319.zip
診療所,41,9811323,伊万里休日・夜間急患医療センター,伊万里市立花町１５４２番地９,0955-23-9910,伊万里市長,古川　浩一郎,内　外　小,,平24. 4. 1,kyushu/000491319.zip
診療所,41,9811331,九州国際重粒子線がん治療センター,鳥栖市原古賀町３０４９番地,0942-81-1897,公益財団法人　佐賀国際重粒子線がん治療財団　理事長　外　須美夫,塩山　善之,放,,平25. 6. 1,kyushu/000491319.zip
病院,41,9811349,佐賀県医療センター好生館,佐賀市嘉瀬町中原４００番地,0952-24-2171,地方独立行政法人佐賀県医療センター好生館　理事長　樗木　等,田中　聡也,一般　一般　一般（感染）　感染　内科　呼吸器内科　循環器内科　消化器内科　血液内科　腫瘍内科　糖尿病代謝内科　腎臓内科　肝臓・胆のう・膵臓内科　脳神経内科　緩和ケア内科　外科　消化器外科　肝臓・胆のう・膵臓外科　呼吸器外科　心臓血管外科　小児外科　整形外科　脳神経外科　形成外科　精神科　小児科　皮膚科　泌尿器科　産婦人科　眼科　耳鼻咽喉科　放射線科　リハビリテーション科　麻酔科　病理診断科　救急科　歯外,450,平25. 5. 1,kyushu/000491319.zip
病院,41,9811356,唐津赤十字病院,唐津市和多田２４３０,0955-72-5111,日本赤十字社　社長　清家　篤,宮原　正晴,一般　一般（感染）　内　脳神経内科　呼内　小　外　呼外　整外　脳外　産婦　眼　耳い　皮　ひ　リハ　放　麻　精　病理　形外　歯外　循環器内科　血液内科　糖尿病内科　腎臓内科　救急科　腫瘍内科　消化器内科　消化器外科　乳腺外科　感染症内科　肝胆膵外科　膠原病・リウマチ内科　胸部・心臓血管外科,304,平28. 8. 1,kyushu/000491319.zip
診療所,41,9811364,佐賀市休日夜間こども診療所,佐賀市水ケ江一丁目１２番１１号,0952-24-1400,佐賀市長,吉原　正博,小,,平30. 4. 9,kyushu/000491319.zip
診療所,41,9811380,神埼市国民健康保険脊振診療所,神埼市脊振町広滝５５５番地１,0952-59-2321,神埼市長,牛島　幸雄,内　外　歯　歯外,,令3. 3. 1,kyushu/000491319.zip
病院,41,9811406,公立佐賀中央病院,多久市東多久町別府３５６２番地,0952-20-3400,多久小城医療企業団　企業長　香月　正則,佐藤　清治,一般　一般　療養　療養　内　呼内　循環器内科　消化器内科　肝胆膵内科　腎臓内科　脳内　脳外　糖尿病内科　皮　リウマチ・膠原病科　外　整外　耳い　リハ　ひ　産婦　小　眼　麻,140,令7. 7. 1,kyushu/000491319.zip
病院,41,9910018,独立行政法人国立病院機構　佐賀病院,佐賀市日の出一丁目２０番１号,0952-30-7141,独立行政法人国立病院機構　理事長　新木　一弘,阿比留　正剛,一般　内科　消化器内科　循環器内科　小　外科　消化器外科　乳腺外科　整外　形外　脳外　皮　ひ　産婦　眼　耳い　リハ　放　麻　病理　精　内分泌・代謝内科　呼内　肝臓内科,287,昭32. 7. 1,kyushu/000491319.zip
病院,41,9910034,独立行政法人国立病院機構　東佐賀病院,三養基郡みやき町大字原古賀７３２４番地,0942-94-2048,独立行政法人国立病院機構　理事長　新木　一弘,山本　修一,一般　結核　その他　内科　呼吸器内科　循環器内科　消化器内科　糖尿病・内分泌内科　小児科　アレ　外　整外　リハ　放　歯　眼　肝臓内科　リウマチ科（膠原病）　ひ,301,昭32. 7. 1,kyushu/000491319.zip
病院,41,9910042,独立行政法人国立病院機構　肥前精神医療センター,神埼郡吉野ヶ里町三津１６０番地,0952-52-3231,独立行政法人国立病院機構　理事長　新木　一弘,上野　雄文,一般　精神　精神科　老年精神科　児童精神科　内科　神経内科　小　リハ　外　歯,546,昭32. 7. 1,kyushu/000491319.zip
病院,41,9910067,佐賀大学医学部附属病院,佐賀市鍋島５丁目１番１号,0952-31-6511,国立大学法人佐賀大学　学長　野出　孝一,野口　満,一般　精神　内科　呼吸器内科　消化器内科　血液・腫瘍内科　循環器内科　肝臓・糖尿病・内分泌内科　腎臓内科　脳神経内科　精神科　リウ　小　外科　消化器外科　耳鼻いんこう科・頭頸部外科　ペインクリニック・緩和ケア外科　整形外科　形成外科　脳神経外科　呼吸器外科　心臓血管外科　皮膚科　泌尿器科　産婦　眼　リハ　放　麻酔科　病理診断科　救急科　歯科　歯科口腔外科,580,昭53. 10. 1,kyushu/000491319.zip
病院,41,9910075,独立行政法人国立病院機構　嬉野医療センター,嬉野市嬉野町大字下宿甲４７６０番地１,0954-43-1120,独立行政法人国立病院機構　理事長　新木　一弘,力武　一久,一般　一般　一般（感染）　感染　内科　循環器内科　消化器内科　呼吸器内科　小　外科　整形外科　脳神経外科　心臓血管外科　神経内科　糖尿病・内分泌内科　腎臓内科　皮膚科　泌尿器科　産婦　眼　耳い　リハ　リウ　麻酔科　放射線科　救急科　病理診断科　歯外　呼吸器・乳腺外科　消化器外科,399,令元. 6. 1,kyushu/000491319.zip
歯科,41,0130786,諸隈歯科医院,佐賀市蓮池町大字小松９８５番地,0952-97-0065,諸隈　昭夫,諸隈　昭夫,歯,,昭41. 1. 1,kyushu/000491319.zip
歯科,41,0130927,加藤歯科医院,佐賀市八幡小路３番２８号,0952-23-5758,加藤　十四男,加藤　十四男,歯　小歯　矯歯,,昭43. 9. 1,kyushu/000491319.zip
歯科,41,0131289,江頭歯科医院,佐賀市北川副町大字光法１４７７番地１３,0952-26-7668,江頭　健三,江頭　健三,歯　小歯　歯外,,昭51. 1. 1,kyushu/000491319.zip
歯科,41,0131370,鳥巣歯科医院,佐賀市神野東４丁目１３番５号,0952-31-7611,鳥巣　晃一,鳥巣　晃一,歯　小歯,,昭53. 12. 1,kyushu/000491319.zip
歯科,41,0131594,佐野歯科医院,佐賀市水ケ江２丁目５番３５号,0952-23-6405,佐野　直,佐野　直,歯　矯歯　小歯　歯外,,昭56. 2. 25,kyushu/000491319.zip
歯科,41,0131628,上原歯科医院,佐賀市神園２丁目１０番１８号,0952-31-3196,上原　正純,上原　正純,歯　歯外　小歯,,昭56. 7. 1,kyushu/000491319.zip
歯科,41,0131636,福成歯科医院,佐賀市木原三丁目５番１号,0952-29-5355,福成　義和,福成　義和,歯　小歯,,昭56. 7. 1,kyushu/000491319.zip
歯科,41,0131651,西村歯科医院,佐賀市本庄町大字本庄２８０番地１８,0952-25-3660,西村　大志,西村　大志,歯,,昭56. 10. 1,kyushu/000491319.zip
歯科,41,0131693,宮崎歯科医院,佐賀市水ヶ江１丁目４番５３号,0952-24-8241,宮崎　祐輔,宮崎　祐輔,歯　矯歯,,昭57. 12. 1,kyushu/000491319.zip
歯科,41,0131792,徳島歯科医院,佐賀市日の出１丁目２７２番１４号,0952-31-7783,徳島　茂樹,徳島　茂樹,歯,,昭58. 11. 1,kyushu/000491319.zip
歯科,41,0131826,武富歯科医院,佐賀市金立町大字千布３１４７番地,0952-98-1123,武富　啓起,武富　啓起,歯　矯歯　小歯　歯外,,昭59. 10. 1,kyushu/000491319.zip
歯科,41,0131867,西村正信歯科医院,佐賀市高木瀬町大字東高木１１６３番地３,0952-32-1141,西村　正信,西村　正信,歯　小歯,,昭61. 7. 24,kyushu/000491319.zip
歯科,41,0131891,小副川歯科医院,佐賀市与賀町１７４番,0952-24-6796,小副川　文夫,小副川　文夫,歯,,昭61. 9. 15,kyushu/000491319.zip
歯科,41,0131933,たなか歯科,佐賀市本庄町大字本庄１２２５番地２,0952-26-2062,田中　俊夫,田中　俊夫,歯　小歯,,昭62. 6. 1,kyushu/000491319.zip
歯科,41,0132006,栗林歯科医院,佐賀市緑小路１番２号,0952-23-8940,栗林　恵一,栗林　恵一,歯,,昭63. 12. 29,kyushu/000491319.zip
歯科,41,0132071,日浦歯科医院,佐賀市鍋島町大字八戸溝２３７番地１,0952-32-0202,日浦　隆,日浦　隆,歯　小歯,,平元. 7. 14,kyushu/000491319.zip
歯科,41,0132105,諸岡歯科医院,佐賀市神野東４丁目３番９号,0952-30-3271,医療法人　健歯会　理事長　諸岡　紀仁,諸岡　紀仁,歯　矯歯　小歯,,平元. 10. 1,kyushu/000491319.zip
歯科,41,0132113,福成歯科医院,佐賀市鍋島町大字八戸溝１２５０番地４,0952-33-2811,福成　義久,福成　義久,歯,,平2. 3. 29,kyushu/000491319.zip
歯科,41,0132154,ももたに歯科医院,佐賀市柳町６番６号,0952-29-1551,桃谷　泰蔵,桃谷　泰蔵,歯　小歯　矯歯　歯外,,平2. 12. 10,kyushu/000491319.zip
歯科,41,0132238,医療法人　森永歯科クリニック,佐賀市高木瀬東５丁目８番２６号,0952-31-3734,医療法人　森永歯科クリニック　理事長　森永　大作,森永　大作,歯　矯歯　小歯　歯外,,平5. 9. 1,kyushu/000491319.zip
歯科,41,0132246,植田歯科医院,佐賀市田代２丁目１２番８号,0952-28-4448,植田　雅人,植田　雅人,歯,,平5. 10. 1,kyushu/000491319.zip
歯科,41,0132253,しげまつ歯科医院,佐賀市巨勢町大字修理田１２０９番地３,0952-22-5034,重松　守,重松　守,歯　小歯,,平5. 11. 1,kyushu/000491319.zip
歯科,41,0132279,東島歯科医院,佐賀市与賀町３番２号,0952-23-6020,東島　伸氏,東島　伸氏,歯　小歯　歯外,,平6. 2. 1,kyushu/000491319.zip
歯科,41,0132295,野口歯科医院,佐賀市兵庫南１丁目４番２６号,0952-25-6060,野口　忠裕,野口　忠裕,歯　小歯,,平6. 4. 1,kyushu/000491319.zip
歯科,41,0132303,医療法人　清仁会　山田歯科医院,佐賀市若楠三丁目２番２２号,0952-31-1182,医療法人　清仁会　理事長　山田　昭仁,山田　昭仁,歯　小歯　矯歯　歯外,,平6. 9. 1,kyushu/000491319.zip
歯科,41,0132311,田中栄一歯科・小児歯科医院,佐賀市鍋島町大字森田３９９番地１,0952-33-0631,田中　栄一,田中　栄一,歯　矯歯　小歯,,平6. 11. 1,kyushu/000491319.zip
歯科,41,0132337,すみ矯正歯科,佐賀市神園３丁目１４番５号,0952-32-4767,隅　康二,隅　康二,矯歯,,平7. 6. 1,kyushu/000491319.zip
歯科,41,0132352,酒井歯科医院,佐賀市大財５丁目１１番３０号,0952-23-8417,酒井　正男,酒井　正男,歯　小歯,,平8. 10. 4,kyushu/000491319.zip
歯科,41,0132378,鶴田歯科医院,佐賀市久保泉町大字川久保２４９４番地１,0952-71-8065,鶴田　和裕,鶴田　和裕,歯　小歯,,平9. 5. 1,kyushu/000491319.zip
歯科,41,0132394,うめづ歯科・小児歯科医院,佐賀市八戸溝三丁目８番２号,0952-30-2555,梅津　哲夫,梅津　哲夫,歯　矯歯　小歯,,平9. 11. 7,kyushu/000491319.zip
歯科,41,0132402,横尾歯科医院,佐賀市金立町大字千布３０２８番地１,0952-98-3224,横尾　芳弘,横尾　芳弘,歯　小歯,,平10. 5. 1,kyushu/000491319.zip
歯科,41,0132428,安田歯科,佐賀市若宮三丁目１番５９号,0952-34-4588,安田　幸司,安田　幸司,歯　小歯,,平10. 6. 1,kyushu/000491319.zip
歯科,41,0132444,藤川歯科医院,佐賀市兵庫南二丁目７番３号,0952-24-5528,藤川　義博,藤川　義博,歯,,平10. 11. 1,kyushu/000491319.zip
歯科,41,0132451,ふるかわ歯科・小児歯科医院,佐賀市鍋島三丁目１４番１５号,0952-34-2666,古川　直樹,古川　直樹,歯　小歯　歯外,,平11. 10. 1,kyushu/000491319.zip
歯科,41,0132477,いまむら歯科医院,佐賀市久保泉町大字川久保１２２６番地,0952-98-2491,今村　英夫,今村　英夫,歯　小歯　歯外,,平12. 3. 18,kyushu/000491319.zip
歯科,41,0132501,にし歯科医院,佐賀市開成２丁目１番１３号,0952-36-9855,西　信太郎,西　信太郎,歯　小歯,,平12. 11. 6,kyushu/000491319.zip
歯科,41,0132527,いちのせ歯科小児歯科医院,佐賀市木原２丁目３番８号,0952-27-0420,一瀬　暢宏,一瀬　暢宏,歯　小歯,,平13. 1. 15,kyushu/000491319.zip
歯科,41,0132535,御厨歯科医院,佐賀市松原１丁目３番１０号,0952-23-6227,御厨　信一,御厨　信一,歯,,平13. 2. 1,kyushu/000491319.zip
歯科,41,0132568,田中なおき歯科,佐賀市光２丁目９番１号,0952-26-5930,田中　直樹,田中　直樹,歯　小歯　矯歯,,平13. 4. 2,kyushu/000491319.zip
歯科,41,0132576,はら歯科医院,佐賀市嘉瀬町大字中原１９６８番地５,0952-22-8026,原　秀幸,原　秀幸,歯　小歯,,平13. 4. 2,kyushu/000491319.zip
歯科,41,0132600,服部歯科医院,佐賀市多布施１丁目５番３９号,0952-24-1028,服部　武彦,服部　武彦,歯,,平13. 8. 16,kyushu/000491319.zip
歯科,41,0132626,みのり歯科診療所,佐賀市水ケ江５丁目２番８号,0952-27-8566,内山　睦美,内山　睦美,歯　小歯　歯外,,平14. 2. 2,kyushu/000491319.zip
歯科,41,0132642,きたむら歯科クリニック,佐賀市巨勢町大字牛島７３０番地モラージュ佐賀２Ｆ,0952-41-6024,北村　泰之,北村　泰之,歯　小歯,,平15. 3. 21,kyushu/000491319.zip
歯科,41,0132659,こうすけ歯科医院,佐賀市兵庫町大字渕１３２１番地８,0952-41-8469,古川　幸介,古川　幸介,歯　小歯　矯歯,,平15. 7. 3,kyushu/000491319.zip
歯科,41,0132667,副島歯科医院,佐賀市大財二丁目１番１８号,0952-24-8981,副島　詩子,副島　詩子,歯　小歯　矯歯　歯外,,平15. 8. 8,kyushu/000491319.zip
歯科,41,0132675,北村歯科医院,佐賀市神野東２丁目５番２６号,0952-30-5232,服部　信一,服部　信一,歯　小歯,,平16. 1. 1,kyushu/000491319.zip
歯科,41,0132683,おかむら歯科医院,佐賀市昭栄町３０番,0952-27-7899,盧（岡村）　泰石,盧（岡村）　泰石,歯　小歯　歯外,,平16. 1. 5,kyushu/000491319.zip
歯科,41,0132691,医療法人社団　恵真会　下平歯科医院,佐賀市神野西三丁目１番２１号,0952-31-1840,医療法人社団　恵真会　理事長　下平　格,下平　格,歯,,平16. 2. 1,kyushu/000491319.zip
歯科,41,0132717,山口歯科医院,佐賀市新栄東二丁目２番１６号,0952-24-3324,山口　史高,山口　史高,歯　小歯,,平16. 4. 5,kyushu/000491319.zip
歯科,41,0132782,北島歯科医院,佐賀市長瀬町２番３２号,0952-23-7621,北島　正弘,北島　正弘,歯　小歯,,平17. 3. 19,kyushu/000491319.zip
歯科,41,0132816,スマイル髙城歯科,佐賀市北川副町大字江上９５番地１,0952-27-0412,髙城　秀典,髙城　秀典,歯　小歯　歯外,,平17. 12. 2,kyushu/000491319.zip
歯科,41,0132824,陣内歯科医院,佐賀市白山２丁目８番２２号,0952-23-4700,陣内　重雄,陣内　重雄,歯　小歯　歯外,,平18. 1. 1,kyushu/000491319.zip
歯科,41,0132832,松本歯科医院,佐賀市柳町１番１２号,0952-23-2244,松本　一,松本　一,歯　小歯　歯外,,平18. 1. 1,kyushu/000491319.zip
歯科,41,0132840,医療法人　小松歯科,佐賀市天祐２丁目３番１２号,0952-22-5281,医療法人　小松歯科　理事長　小松　倫也,小松　倫也,歯　小歯　歯外,,平18. 2. 1,kyushu/000491319.zip
歯科,41,0132857,医療法人　浦歯科医院,佐賀市兵庫南４丁目１番２９号,0952-28-7070,医療法人　浦歯科医院　理事長　浦　嘉訓,浦　嘉訓,歯　小歯,,平18. 9. 1,kyushu/000491319.zip
歯科,41,0132881,医療法人　健成会　こんどう矯正歯科,佐賀市駅南本町６番７号ＵＣＨＩＤＡビル３階,0952-27-0927,医療法人　健成会　こんどう矯正歯科　理事長　近藤　成智,近藤　成智,歯　矯歯,,平19. 2. 1,kyushu/000491319.zip
歯科,41,0132899,池田歯科・こども歯科医院,佐賀市新栄西１丁目２番４５号,0952-22-0388,医療法人　池田歯科医院　理事長　池田　幸史,池田　幸史,歯　小歯　矯歯　歯外,,平19. 4. 1,kyushu/000491319.zip
歯科,41,0132923,ゆめ咲歯科クリニック,佐賀市兵庫北二丁目３０番３７号,0952-30-3156,石川　和直,石川　和直,歯　小歯　矯歯,,平19. 7. 6,kyushu/000491319.zip
歯科,41,0132956,みうら歯科口腔外科クリニック,佐賀市本庄町大字袋１０３番１,0952-28-0535,三浦　正資,三浦　正資,歯　小歯　歯外,,平19. 11. 1,kyushu/000491319.zip
歯科,41,0132964,中島歯科医院,佐賀市北川副町大字光法１４８５番地３,0952-24-8148,中島　喜治,中島　喜治,歯,,平20. 3. 11,kyushu/000491319.zip
歯科,41,0133004,今村歯科医院,佐賀市堀川町２番１１号,0952-24-2014,今村　忍,今村　忍,歯　小歯,,平20. 12. 1,kyushu/000491319.zip
歯科,41,0133020,嘉村壽人歯科医院,佐賀市川原町１番２４号,0952-26-8255,嘉村　壽人,嘉村　壽人,歯　小歯,,平21. 4. 2,kyushu/000491319.zip
歯科,41,0133053,まえやま歯科医院,佐賀市水ケ江五丁目７番１９号,0952-23-3150,前山　茂樹,前山　茂樹,歯　小歯　歯外,,平21. 7. 6,kyushu/000491319.zip
歯科,41,0133061,ひろ歯科クリニック,佐賀市兵庫北１丁目８番２号,0952-28-6420,金ヶ江　浩綱,金ヶ江　浩綱,歯　歯外　小歯,,平21. 7. 1,kyushu/000491319.zip
歯科,41,0133087,井内歯科医院,佐賀市松原４丁目５番１３号,0952-29-3320,井内　正幸,井内　正幸,歯,,平22. 1. 21,kyushu/000491319.zip
歯科,41,0133103,千葉歯科医院,佐賀市開成五丁目３番３５号,0952-31-8164,千葉　研介,千葉　研介,歯　矯歯　小歯,,平22. 8. 5,kyushu/000491319.zip
歯科,41,0133111,かもめ歯科クリニック,佐賀市兵庫北５丁目１４番１号ゆめタウン佐賀２Ｆ,0952-33-8739,医療法人　オリオン会　理事長　吉村　正則,吉村　正則,歯　小歯　矯歯　歯外,,平22. 11. 1,kyushu/000491319.zip
歯科,41,0133137,ゆきデンタルクリニック,佐賀市兵庫北二丁目１５番３４号,0952-30-4901,矢島　由紀,矢島　由紀,小歯　矯歯　歯,,平23. 5. 20,kyushu/000491319.zip
歯科,41,0133160,たしろデンタルクリニック,佐賀市鍋島１丁目９番８号秋桜マンション１階１０１号,0952-97-7964,田代　聡志,田代　聡志,歯　小歯　歯外　矯歯,,平23. 12. 1,kyushu/000491319.zip
歯科,41,0133186,イターナル歯科クリニック,佐賀市白山１丁目７番１号,0952-27-5055,医療法人　英峰会　理事長　岩永　英隆,岩永　英隆,歯　小歯　歯外　矯歯,,平24. 6. 1,kyushu/000491319.zip
歯科,41,0133194,おのはら歯科医院,佐賀市東佐賀町１４－２０,0952-37-7300,小野原　昌弘,小野原　昌弘,歯　小歯　歯外,,平24. 9. 1,kyushu/000491319.zip
歯科,41,0133202,木下歯科医院,佐賀市久保泉町上和泉２２３２番地１,0952-98-3155,医療法人　長晴会　理事長　木下　竜太郎,木下　拓郎,歯　小歯,,平24. 10. 1,kyushu/000491319.zip
歯科,41,0133210,しほデンタルクリニック,佐賀市本庄町袋２４４－１,0952-97-8315,高森　志保,高森　志保,歯　小歯　歯外　矯歯,,平25. 8. 1,kyushu/000491319.zip
歯科,41,0133236,はらだ歯科クリニック,佐賀市木原二丁目８番１０号,0952-29-5103,原田　大二,原田　大二,歯　歯外　小歯,,平26. 4. 1,kyushu/000491319.zip
歯科,41,0133277,古宇田歯科医院,佐賀市高木瀬町大字長瀬９２０番地３,0952-30-8011,医療法人　古宇田歯科医院　理事長　古宇田　剛,古宇田　剛,歯,,平28. 1. 1,kyushu/000491319.zip
歯科,41,0133285,そえじま歯科,佐賀市久保田町徳万９２５－５,0952-68-4180,副島　洋人,副島　洋人,歯　小歯,,平28. 1. 4,kyushu/000491319.zip
歯科,41,0133293,北山歯科診療所,佐賀市富士町大字中原４８３番地１,0952-57-2638,医療法人　森永歯科クリニック　理事長　森永　大作,森永　太,歯,,平28. 2. 1,kyushu/000491319.zip
歯科,41,0133319,すえます歯科クリニック,佐賀市川副町早津江２０８－１,0952-37-1011,末益　伸彦,末益　伸彦,歯　歯外　小歯　矯歯,,平29. 1. 11,kyushu/000491319.zip
歯科,41,0133467,池田デンタルクリニック,佐賀市鍋島町大字八戸１３４４－５,0952-23-6203,池田　現人,池田　現人,歯　矯歯　小歯,,平29. 11. 1,kyushu/000491319.zip
歯科,41,0133475,北川歯科こども歯科医院,佐賀市開成６丁目８番１８号,0952-31-7515,医療法人ＨＣＡ－ｓｔｙｌｅ　理事長　北川　博一,北川　博一,歯　歯外　小歯,,平30. 5. 1,kyushu/000491319.zip
歯科,41,0133483,はやし歯科クリニック,佐賀市赤松町２４１－４０,0952-37-1582,林　好美,林　好美,歯　小歯　歯外　矯歯,,平30. 5. 1,kyushu/000491319.zip
歯科,41,0133491,サノ歯科クリニック,佐賀市久保田町大字徳万１７３番地１,0952-68-2405,医療法人　明和会　理事長　佐野　豊,佐野　豊,歯　矯歯　小歯　歯外,,平30. 6. 1,kyushu/000491319.zip
歯科,41,0133517,ＴＥＲＲＡ矯正歯科クリニック,佐賀市西与賀町厘外７３９－７,0952-29-5086,医療法人ＴＥＲＲＡ矯正歯科クリニック　理事長　寺谷　由唯,寺谷　由唯,矯歯　歯　小歯　歯外,,平30. 9. 1,kyushu/000491319.zip
歯科,41,0133525,おがさわら歯科・小児歯科,佐賀市神野西２－３－３１,0952-31-8687,小笠原　浩司,小笠原　浩司,歯　小歯,,平31. 3. 1,kyushu/000491319.zip
歯科,41,0133533,進歯科医院,佐賀市木原一丁目２４番３８号,0952-27-8024,進　武彦,進　武彦,歯　小歯,,平31. 4. 12,kyushu/000491319.zip
歯科,41,0133541,フジセデンタルクリニック,佐賀市南佐賀１丁目２１番３０号,0952-27-7011,医療法人フジセデンタルクリニック　理事長　藤瀬　恭平,藤瀬　恭平,歯　矯歯　歯外,,令元. 6. 1,kyushu/000491319.zip
歯科,41,0133558,Ｓａｇａｎ歯科・こども歯科,佐賀市本庄町大字本庄５０７番地９,0952-37-3337,医療法人池田歯科医院　理事長　池田　幸史,馬渕　裕子,歯　小歯　歯外　矯歯,,令元. 7. 1,kyushu/000491319.zip
歯科,41,0133566,うえの歯科,佐賀市大和町大字東山田２８４４番地３,0952-51-2151,医療法人きらめき　理事長　上野　清明,上野　清明,歯　矯歯　歯外　小歯,,令元. 7. 1,kyushu/000491319.zip
歯科,41,0133582,ふくしま歯科・こども歯科,佐賀市鍋島２丁目６－２９,0952-34-4810,福島　真司,福島　真司,歯　小歯　矯歯,,令2. 7. 27,kyushu/000491319.zip
歯科,41,0133590,松原入れ歯クリニック,佐賀市松原４丁目６番７号,0952-23-6298,高森　祐介,高森　祐介,歯,,令2. 8. 1,kyushu/000491319.zip
歯科,41,0133608,秋山歯科医院,佐賀市高木瀬町長瀬１６９２－１,0952-32-8020,秋山　兼範,秋山　兼範,歯　歯外　小歯　矯歯,,令3. 1. 1,kyushu/000491319.zip
歯科,41,0133624,佐賀駅つるた歯科,佐賀市駅前中央１丁目４－１７コムボックス佐賀駅前２階,0952-37-7382,鶴田　満大,鶴田　満大,歯　小歯　歯外,,令3. 2. 8,kyushu/000491319.zip
歯科,41,0133632,高森歯科医院,佐賀市嘉瀬町扇町２３７５－１,0952-25-2751,松本　亜矢子,松本　亜矢子,歯　小歯,,令3. 3. 1,kyushu/000491319.zip
歯科,41,0133640,森寺歯科医院,佐賀市鬼丸町４番２３号,0952-26-7450,森寺　邦夫,森寺　邦夫,歯　小歯,,令3. 4. 6,kyushu/000491319.zip
歯科,41,0133657,あすく歯科医院,佐賀市兵庫北５丁目２番２３号,0952-65-5924,医療法人　央瑞会　理事長　中島　毅久,中島　毅久,歯　矯歯　小歯　歯外,,令3. 7. 1,kyushu/000491319.zip
歯科,41,0133665,佐賀駅前矯正歯科,佐賀市駅前中央一丁目１３番４０号,0952-37-3527,医療法人　佐賀駅前矯正歯科　理事長　佐野　良太,佐野　良太,歯　矯歯,,令3. 12. 1,kyushu/000491319.zip
歯科,41,0133673,福山歯科クリニック,佐賀市高木瀬西２丁目９－２３,0952-30-7777,福山　雅大,福山　雅大,歯　小歯　歯外,,令4. 3. 8,kyushu/000491319.zip
歯科,41,0133681,しわ歯科医院,佐賀市東与賀町大字下古賀字四本杉１１１９番８,0952-97-7951,医療法人　樹会　理事長　志波　智樹,志波　智樹,歯　小歯　歯外,,令5. 4. 3,kyushu/000491319.zip
歯科,41,0133699,駒井歯科医院,佐賀市多布施４丁目１－１８,0952-22-7311,渡邊　悠里,渡邊　悠里,歯　小歯　歯外,,令5. 4. 1,kyushu/000491319.zip
歯科,41,0133707,緒方歯科クリニック,佐賀市若宮一丁目１９番２２号,0952-31-6115,医療法人社団　邦仁会　理事長　緒方　理人,緒方　敏,歯　小歯　矯歯　歯外,,令5. 6. 1,kyushu/000491319.zip
歯科,41,0133715,緒方歯科医院,佐賀市川副町大字西古賀２４７番地１０,0952-45-8377,医療法人　希会　理事長　緒方　寿也,緒方　寿也,歯　小歯　矯歯　歯外,,令5. 6. 1,kyushu/000491319.zip
歯科,41,0133723,中島卓哉歯科,佐賀市神園５－５－４,0952-31-7666,中島　卓哉,中島　卓哉,歯　小歯　歯外,,令5. 7. 3,kyushu/000491319.zip
歯科,41,0133731,グレースデンタルクリニック,佐賀市天神二丁目５番２５号ＮＣ天神ビル１０１号室,,医療法人　ＨＣＡ－ｓｔｙｌｅ　理事長　北川　博一,大谷　真,歯　小歯　矯歯　歯外,,令5. 9. 20,kyushu/000491319.zip
歯科,41,0133749,さがなべしま総合歯科・こども歯科・矯正歯科クリニック,佐賀市鍋島町大字森田４７２－１,0952-36-4114,鶴田　敏弘,鶴田　敏弘,歯　矯歯　小歯　歯外,,令5. 10. 1,kyushu/000491319.zip
歯科,41,0133756,おか歯科,佐賀市高木瀬東３－１３－１７,0952-32-6683,医療法人大和会　理事長　岡　大和,岡　大和,歯　小歯　歯外　矯歯,,令6. 8. 1,kyushu/000491319.zip
歯科,41,0133764,坂井歯科医院,佐賀市末広１丁目１０番２号,0952-29-2020,坂井　拓弥,坂井　拓弥,歯　小歯,,令6. 8. 2,kyushu/000491319.zip
歯科,41,0133772,中尾歯科医院,佐賀市神園２丁目７の５１,0952-31-0651,医療法人中尾歯科医院　理事長　中尾　嘉宏,中尾　嘉宏,歯,,令6. 10. 1,kyushu/000491319.zip
歯科,41,0133798,さがの杜にしむら歯科クリニック,佐賀市西田代１－３－１７,0952-20-5542,西村　賢人,西村　賢人,歯　歯外　小歯　矯歯,,令7. 4. 15,kyushu/000491319.zip
歯科,41,0133806,しげまつ歯科口腔クリニック,佐賀市大和町大字尼寺３２１７番２,0952-37-1184,医療法人　しげまつ歯科口腔クリニック　理事長　重松　正仁,重松　正仁,歯　歯外　小歯,,令7. 6. 1,kyushu/000491319.zip
歯科,41,0133814,佐賀駅前小川歯科,佐賀市駅前中央二丁目１番１号北口ビル１階,0952-31-8303,医療法人　裕正会　理事長　小川　裕也,小川　正文,歯,,令7. 7. 1,kyushu/000491319.zip
歯科,41,0133822,ふじわら歯科クリニック,佐賀市兵庫南２丁目１５－２７,0952-27-7888,医療法人　ふじわら歯科クリニック　理事長　藤原　和由,藤原　和由,歯　小歯　歯外,,令8. 1. 1,kyushu/000491319.zip
歯科,41,0133830,よしだ歯科クリニック,佐賀市久保田町大字徳万２１００番地１６,0952-68-5230,医療法人　陽葉会　理事長　吉田　陽一,吉田　陽一,歯　歯外　小歯　矯歯,,令8. 2. 1,kyushu/000491319.zip
歯科,41,0133848,なごみハロー歯科診療所,佐賀市中の小路３番３６号スターセルシオ２０８号室,0952-97-5690,医療法人　雄昌会　理事長　北川　亮,酒井　龍磨,歯,,令8. 4. 1,kyushu/000491319.zip
歯科,41,0133855,佐賀中央歯科・口腔外科,佐賀市栄町５番９号Ｃｙｇａｍｅｓ佐賀ビル１Ｆ,0952-20-4192,医療法人ＳＩＣ　理事長　中山　雪詩,中山　雪詩,歯　歯外　矯歯,,令8. 5. 1,kyushu/000491319.zip
歯科,41,0133863,松尾歯科医院,佐賀市成章町２－２２,0952-23-8452,松尾　陽介,松尾　陽介,歯,,令8. 6. 1,kyushu/000491319.zip
歯科,41,0230735,田村弘典歯科医院,唐津市海岸通７１８２番地２３,0955-72-6400,田村　弘典,田村　弘典,歯　小歯,,昭59. 4. 1,kyushu/000491319.zip
歯科,41,0230784,宮原歯科クリニック,唐津市山本１４９７番地,0955-78-0177,宮原　敦子,宮原　敦子,歯　小歯　矯歯,,昭61. 7. 1,kyushu/000491319.zip
歯科,41,0230842,牟田悟朗歯科医院,唐津市大名小路１３７番地１,0955-74-6858,牟田　悟朗,牟田　悟朗,歯,,平2. 9. 1,kyushu/000491319.zip
歯科,41,0230883,みのはら歯科医院,唐津市鏡１８２２番地２,0955-77-2339,簔原　尚之,簔原　尚之,歯　小歯,,平3. 7. 1,kyushu/000491319.zip
歯科,41,0230933,古市ひとひろ歯科,唐津市山本２１３７番地１９,0955-78-0492,古市　仁宏,古市　仁宏,歯　矯歯　小歯　歯外,,平5. 2. 1,kyushu/000491319.zip
歯科,41,0230974,市原歯科医院,唐津市二タ子２丁目４番７４号,0955-73-7888,市原　真俊,市原　真俊,歯　矯歯　小歯,,平6. 8. 1,kyushu/000491319.zip
歯科,41,0231006,未来歯科医院,唐津市刀町１５１５番地１,0955-75-2905,奥野　政信,奥野　政信,歯,,平7. 2. 1,kyushu/000491319.zip
歯科,41,0231071,小宮矯正歯科,唐津市大石町２４７５番地２,0955-70-0133,小宮　智幸,小宮　智幸,歯　矯歯,,平11. 11. 1,kyushu/000491319.zip
歯科,41,0231105,今村歯科医院,唐津市神田２２０２番地２０,0955-70-0222,今村　哲也,今村　哲也,歯,,平12. 4. 1,kyushu/000491319.zip
歯科,41,0231121,松尾しげき歯科医院,唐津市町田五丁目９番３４号,0955-74-4745,医療法人　咬福会　理事長　松尾　繁樹,松尾　繁樹,歯,,平12. 9. 1,kyushu/000491319.zip
歯科,41,0231162,古市歯科医院,唐津市鏡１０６３番地３,0955-77-0208,医療法人　古市歯科医院　理事長　古市　哲,古市　哲,歯　小歯　矯歯　歯外,,平14. 10. 1,kyushu/000491319.zip
歯科,41,0231170,田村歯科医院,唐津市南城内２番２３号,0955-73-5212,田村　直樹,田村　直樹,歯,,平15. 1. 1,kyushu/000491319.zip
歯科,41,0231212,なかみぞ歯科クリニック,唐津市和多田大土井１０番２２号,0955-79-8111,中溝　誠,中溝　誠,歯,,平16. 2. 1,kyushu/000491319.zip
歯科,41,0231238,あい歯科医院,唐津市大名小路６番２号,0955-72-4273,舛田　耕二,舛田　耕二,歯　矯歯,,平16. 3. 8,kyushu/000491319.zip
歯科,41,0231261,まつうら歯科,唐津市町田１８０９番地,0955-72-6200,医療法人松栄会　理事長　松浦　明,松浦　武,歯　小歯　矯歯,,平17. 2. 1,kyushu/000491319.zip
歯科,41,0231287,青木歯科医院,唐津市新興町１８０番地,0955-79-4182,青木　隆憲,青木　隆憲,歯　矯歯　歯外,,平17. 8. 1,kyushu/000491319.zip
歯科,41,0231303,くが歯科医院,唐津市相知町町切８９８番地１,0955-51-5120,空閑　照孝,空閑　照孝,歯　小歯,,平17. 11. 1,kyushu/000491319.zip
歯科,41,0231311,おおた歯科医院,唐津市東唐津４丁目７番１７号,0955-72-0553,大田　剛,大田　剛,歯　小歯　矯歯,,平18. 2. 2,kyushu/000491319.zip
歯科,41,0231329,くりたやすゆき歯科医院,唐津市相知町中山３７５０番地６,0955-51-8811,栗田　靖之,栗田　靖之,歯　小歯　矯歯,,平18. 5. 1,kyushu/000491319.zip
歯科,41,0231345,医療法人　勝三会　ハセガワ歯科,唐津市鎮西町塩鶴２５３５番地１,0955-82-4859,医療法人　勝三会　理事長　長谷川　信義,長谷川　信義,歯　小歯　歯外,,平19. 2. 1,kyushu/000491319.zip
歯科,41,0231352,医療法人　和光会　リキタケ歯科医院,唐津市町田１丁目２３５１番地１,0955-75-0055,医療法人　和光会　リキタケ歯科医院　理事長　力武　晃,力武　晃,歯　小歯,,平19. 4. 1,kyushu/000491319.zip
歯科,41,0231402,松尾歯科医院,唐津市熊原町３１４５番地,0955-72-8021,松尾　賛,松尾　賛,歯,,平20. 12. 1,kyushu/000491319.zip
歯科,41,0231410,あおぞら歯科医院,唐津市肥前町入野甲１９６１番地１１,0955-51-6802,堤　英臣,堤　英臣,歯　矯歯　小歯　歯外,,平20. 12. 1,kyushu/000491319.zip
歯科,41,0231428,たなべ歯科医院,唐津市坊主町４３６番地１,0955-73-7183,田邉　隆,田邉　隆,歯　小歯,,平22. 4. 19,kyushu/000491319.zip
歯科,41,0231444,おき歯科医院,唐津市原字笹原１３９２番地５,0955-77-3603,沖　宜親,沖　宜親,歯　小歯,,平22. 11. 1,kyushu/000491319.zip
歯科,41,0231469,上野デンタルクリニック,唐津市山本１５５４－５,0955-78-1447,上野　博司,上野　博司,歯　小歯　歯外　矯歯,,平23. 12. 13,kyushu/000491319.zip
歯科,41,0231477,医療法人　すえなが歯科医院,唐津市浜玉町浜崎１０４４番地,0955-56-6548,医療法人　すえなが歯科医院　理事長　末永　順一郎,末永　順一郎,歯,,平24. 1. 1,kyushu/000491319.zip
歯科,41,0231501,みさき歯科医院,唐津市和多田南先石７－１１,0955-75-1510,庄﨑　達雄,庄﨑　達雄,歯　小歯,,平25. 3. 11,kyushu/000491319.zip
歯科,41,0231535,中島歯科,唐津市鏡新開３５番,0955-77-2351,中島　雅典,中島　雅典,歯　小歯　歯外,,平25. 8. 1,kyushu/000491319.zip
歯科,41,0231543,よぶこ歯科医院,唐津市呼子町呼子４１８２番地２,0955-82-1732,畠中　浩朝,畠中　浩朝,歯　小歯　矯歯,,平26. 6. 1,kyushu/000491319.zip
歯科,41,0231550,藤井歯科医院,唐津市西唐津２丁目６２２８－８,0955-58-8675,藤井　哲則,藤井　哲則,歯　小歯,,平27. 8. 1,kyushu/000491319.zip
歯科,41,0231576,ひかり歯科医院,唐津市相知町相知１６４１番地２,0955-62-2301,杉光　真澄,杉光　真澄,歯,,平28. 1. 1,kyushu/000491319.zip
歯科,41,0231592,北城内ひろこ歯科クリニック,唐津市北城内６－５２,0955-58-8413,高﨑　浩子,高﨑　浩子,歯　小歯　矯歯　歯外,,平28. 6. 1,kyushu/000491319.zip
歯科,41,0231600,中谷歯科,唐津市肥前町田野丙２番１号,0955-54-0607,医療法人　中谷歯科　理事長　中谷格,中谷　格,歯　小歯　矯歯,,平28. 7. 1,kyushu/000491319.zip
歯科,41,0231634,井上歯科医院,唐津市町田１丁目７番２８号,0955-74-1692,井上　栄治,井上　栄治,歯　矯歯　小歯　歯外,,平30. 1. 1,kyushu/000491319.zip
歯科,41,0231642,よつば歯科クリニック,唐津市神田１９４０－３,0955-53-8418,野口　貴正,野口　貴正,歯,,平30. 5. 1,kyushu/000491319.zip
歯科,41,0231659,大浦歯科医院,唐津市山本４８４－３,0955-58-8676,大浦　一典,大浦　一典,歯,,平30. 5. 10,kyushu/000491319.zip
歯科,41,0231667,さくら歯科医院,唐津市呼子町殿ノ浦９８４番地１４,0955-82-2828,医療法人　冨士生会　理事長　加茂　公平,白水　資樹,歯　小歯　歯外,,平30. 9. 1,kyushu/000491319.zip
歯科,41,0232103,井本歯科医院,唐津市厳木町厳木８６１番地５,0955-63-2775,井本　万早好,井本　万早好,歯　小歯　矯歯,,令2. 9. 1,kyushu/000491319.zip
歯科,41,0232137,わたなべ歯科クリニック,唐津市二タ子一丁目４６２番地７,0955-79-7717,医療法人　Ｂｅｓｔ　Ｓｍｉｌｅ　理事長　渡辺　孝輔,渡辺　孝輔,歯　小歯　歯外　矯歯,,令3. 1. 1,kyushu/000491319.zip
歯科,41,0232152,田代歯科医院,唐津市相知町相知１９４０番地,0955-62-2217,医療法人　たしろ会　理事長　田代　賢治,田代　賢治,歯,,令3. 4. 1,kyushu/000491319.zip
歯科,41,0232178,こが歯科医院,唐津市菜畑３２３５－１,0955-72-3506,古賀　幹一,古賀　幹一,歯　小歯　歯外,,令4. 6. 1,kyushu/000491319.zip
歯科,41,0232186,椿原松尾歯科,唐津市鏡２８４０,0955-77-3918,松尾　憲篤,松尾　憲篤,歯　矯歯　小歯,,令4. 12. 1,kyushu/000491319.zip
歯科,41,0232194,医療法人　いわまつ　岩松歯科医院,唐津市刀町１５０１番地４,0955-72-1072,医療法人　いわまつ　理事長　竹島　英顕,竹島　英顕,歯　小歯　矯歯　歯外,,令6. 4. 1,kyushu/000491319.zip
歯科,41,0232202,ハシムラ歯科医院,唐津市和多田用尺１２番２９号,0955-79-6550,医療法人雪風　理事長　橋村　隆,橋村　隆,歯　小歯　矯歯　歯外,,令7. 6. 1,kyushu/000491319.zip
歯科,41,0232210,みなと歯科医院,唐津市湊町３３１－２,0955-79-0920,福田　健,福田　健,歯　小歯　歯外,,令7. 10. 1,kyushu/000491319.zip
歯科,41,0232228,古舘歯科医院,唐津市神田２６５１番地１,0955-74-5777,医療法人　古舘歯科医院　理事長　古舘　剛,古舘　剛,歯　歯外　小歯,,令8. 1. 1,kyushu/000491319.zip
歯科,41,0232236,平川歯科医院,唐津市鏡４６４３番地１,0955-53-9591,平川　智裕,平川　智裕,歯　小歯　矯歯　歯外,,令8. 6. 1,kyushu/000491319.zip
歯科,41,0330212,医療法人健栄会　門司歯科医院,鳥栖市田代上町２２１番地,0942-82-2747,医療法人　健栄会　理事長　門司　達也,門司　達也,歯　矯歯　小歯　歯外,,昭47. 11. 1,kyushu/000491319.zip
歯科,41,0330295,藤戸歯科医院,鳥栖市今泉町２５３７番地３,0942-85-0100,藤戸　礼子,藤戸　礼子,歯　歯外　小歯,,昭56. 6. 1,kyushu/000491319.zip
歯科,41,0330352,中冨歯科医院,鳥栖市桜町１４６８番地１,0942-85-1234,中冨　弘康,中冨　弘康,歯　小歯　歯外　矯歯,,昭59. 8. 1,kyushu/000491319.zip
歯科,41,0330378,照崎歯科医院,鳥栖市轟木町１５０１番地１０,0942-85-1575,照﨑　金憲,照﨑　金憲,歯　矯歯　小歯,,昭61. 7. 1,kyushu/000491319.zip
歯科,41,0330410,うえだ歯科・矯正歯科クリニック,鳥栖市村田町７番地６,0942-82-8060,上田　昭彦,上田　昭彦,歯　小歯　矯歯　歯外,,昭63. 6. 1,kyushu/000491319.zip
歯科,41,0330444,熊谷歯科医院,鳥栖市山浦町１３８６番地１,0942-82-4970,熊谷　孝之,熊谷　孝之,歯　小歯,,平元. 10. 11,kyushu/000491319.zip
歯科,41,0330451,医療法人　權藤歯科,鳥栖市宿町１１０３番地５,0942-82-4448,医療法人　權藤歯科　理事長　權藤　総一郎,權藤　総一郎,歯　矯歯　小歯　歯外,,平2. 1. 1,kyushu/000491319.zip
歯科,41,0330469,こが歯科,鳥栖市曽根崎町１４９０番地６,0942-83-2163,古賀　初,古賀　初,歯,,平2. 5. 1,kyushu/000491319.zip
歯科,41,0330493,医療法人　原歯科医院,鳥栖市宿町１３６２番地１,0942-85-2377,医療法人　原歯科医院　理事長　原　保之,原　保之,歯　小歯　歯外,,平5. 2. 1,kyushu/000491319.zip
歯科,41,0330519,酒井歯科医院,鳥栖市本町一丁目９２１番地１．９２１番地２,0942-84-1575,酒井　孝也,酒井　孝也,歯　小歯,,平9. 8. 7,kyushu/000491319.zip
歯科,41,0330527,こばやし歯科医院,鳥栖市田代外町６５５番地１,0942-84-3939,小林　吉史,小林　吉史,歯　小歯　歯外,,平11. 6. 1,kyushu/000491319.zip
歯科,41,0330592,うえまつ歯科,鳥栖市弥生が丘２丁目９番地,0942-87-3514,上松　誠八郎,上松　誠八郎,歯　小歯,,平14. 4. 1,kyushu/000491319.zip
歯科,41,0330634,ふたば歯科医院,鳥栖市宿町１４２９番地１,0942-82-5466,新冨　芳浩,新冨　芳浩,歯　歯外　小歯,,平16. 3. 1,kyushu/000491319.zip
歯科,41,0330642,たにぐち歯科クリニック,鳥栖市宿町１１３１番地２,0942-81-3814,谷口　哲也,谷口　哲也,歯　小歯　矯歯　歯外,,平16. 5. 1,kyushu/000491319.zip
歯科,41,0330659,田中こども歯科医院,鳥栖市宿町１４７０番地１３,0942-87-5151,田中　克明,田中　克明,小歯　矯歯　歯,,平16. 6. 18,kyushu/000491319.zip
歯科,41,0330683,医療法人　くらのうえ市丸歯科,鳥栖市蔵上二丁目１８７番地,0942-81-5410,医療法人　くらのうえ市丸歯科　理事長　市丸　英二,市丸　英二,歯　小歯　矯歯　歯外,,平19. 2. 1,kyushu/000491319.zip
歯科,41,0330725,ヒロデンタルクリニック,鳥栖市弥生が丘６丁目９８番,0942-48-6480,古賀　洋,古賀　洋,歯　小歯　矯歯,,平20. 2. 1,kyushu/000491319.zip
歯科,41,0330774,古賀歯科医院,鳥栖市儀徳町２６７２番地１,0942-82-4072,古賀　隆利,古賀　隆利,歯,,平22. 1. 1,kyushu/000491319.zip
歯科,41,0330782,医療法人　皓徳会　中川歯科医院,鳥栖市曽根崎町字城下２３７７番,0942-87-3558,医療法人　皓徳会　理事長　中川　晃成,中川　晃成,歯　小歯　歯外　矯歯,,平22. 4. 1,kyushu/000491319.zip
歯科,41,0330808,医療法人　なりとみ歯科,鳥栖市神辺町字河原３９７番地１,0942-84-3116,医療法人　なりとみ歯科　理事長　成富　健剛,成富　健剛,歯　小歯　矯歯,,平22. 6. 1,kyushu/000491319.zip
歯科,41,0330816,きむら歯科医院,鳥栖市幸津町馬場１９４８番地７,0942-85-8445,木村　欣史,木村　欣史,歯　小歯　矯歯,,平23. 1. 1,kyushu/000491319.zip
歯科,41,0330824,アルファ歯科・矯正歯科クリニック,鳥栖市大正町６９７－３,0942-83-8211,䅏田　隆資,＿田　隆資,歯　小歯　矯歯　歯外,,平23. 5. 1,kyushu/000491319.zip
歯科,41,0330832,近藤歯科医院,鳥栖市今泉町字六枝２３８９－４,0942-85-1717,近藤　英紀,近藤　英紀,歯　小歯,,平23. 12. 1,kyushu/000491319.zip
歯科,41,0330873,とおやま歯科医院,鳥栖市本鳥栖町５３７番地１,0942-84-8217,医療法人　Ｗｈｉｔｅ　Ａｒｔ　理事長　遠山　聖,遠山　聖,歯　歯外　小歯　矯歯,,平25. 8. 1,kyushu/000491319.zip
歯科,41,0330881,しもむら歯科医院,鳥栖市轟木町三本黒木１２４３番７,0942-81-5451,下村　久行,下村　久行,歯　小歯,,平25. 9. 1,kyushu/000491319.zip
歯科,41,0330899,みらい歯科・こども矯正歯科,鳥栖市弥生が丘２丁目１９４番地,0942-87-3100,医療法人　敬天会　理事長　中村　好一,中澤　佐文美,歯　小歯　矯歯,,平27. 1. 1,kyushu/000491319.zip
歯科,41,0330907,弥生が丘ソラーレ歯科医院,鳥栖市弥生が丘５－２１３,0942-83-8003,岩元　知之,岩元　知之,歯　小歯　矯歯　歯外,,平27. 4. 1,kyushu/000491319.zip
歯科,41,0330915,しらみず歯科クリニック,鳥栖市本通町２丁目８８２－１,0942-83-8282,白水　一崇,白水　一崇,歯　矯歯　歯外　小歯,,平28. 8. 1,kyushu/000491319.zip
歯科,41,0330923,野口歯科医院,鳥栖市神辺町１５７８－８,0942-82-6510,医療法人健やか会　理事長　野口史明,野口　史明,歯　小歯　矯歯,,平29. 4. 1,kyushu/000491319.zip
歯科,41,0331020,隈本歯科医院,鳥栖市弥生が丘２丁目１２４番地,0942-87-9877,隈本　太郎,隈本　太郎,歯　小歯　矯歯,,令3. 5. 1,kyushu/000491319.zip
歯科,41,0331038,きたがわ歯科クリニック,鳥栖市村田町字三本松１４１－１,0942-85-8883,北川　幸郎,北川　幸郎,歯　小歯　歯外　矯歯,,令5. 4. 17,kyushu/000491319.zip
歯科,41,0331046,元町歯科診療所,鳥栖市元町１３００－１,0942-82-4141,古賀　真,古賀　真,歯　歯外,,令6. 4. 1,kyushu/000491319.zip
歯科,41,0331053,ｃｈｉｅ　ｄｅｎｔａｌ　ｃｌｉｎｉｃ,鳥栖市弥生が丘六丁目３２６番地,0942-82-0988,医療法人Ｃ　ｓｔｙｌｅ　理事長　古賀　千恵,古賀　千恵,歯　小歯　矯歯,,令6. 3. 1,kyushu/000491319.zip
歯科,41,0331061,佐賀新鳥栖デンタルクリニック,鳥栖市原古賀町三本松８６１,0942-50-6633,医療法人社団飛翔会　理事長　中村　英生,池田　大助,歯　小歯　歯外,,令6. 8. 1,kyushu/000491319.zip
歯科,41,0331079,ふかや歯科医院,鳥栖市萱方町１３６番地１,0942-85-2522,医療法人　口福歯福　理事長　深谷　拓司,深谷　拓司,歯　歯外　小歯,,令8. 4. 1,kyushu/000491319.zip
歯科,41,0430327,医療法人　そがデンタルクリニック,多久市東多久町大字別府５４１１番地,0952-76-3751,医療法人　そがデンタルクリニック　理事長　曽我　修一,曽我　修一,歯　小歯,,平16. 3. 1,kyushu/000491319.zip
歯科,41,0430368,うめず歯科口腔外科医院,多久市北多久町小侍７８４－１０,0952-74-2505,梅津　健太郎,梅津　健太郎,歯　歯外　小歯,,平25. 4. 1,kyushu/000491319.zip
歯科,41,0430376,もろおか歯科医院,多久市北多久町小侍５７３０,0952-74-3671,諸岡　新,諸岡　新,歯　小歯,,平25. 8. 1,kyushu/000491319.zip
歯科,41,0430384,井上歯科医院,多久市北多久町大字小侍２－１２,0952-74-3333,井上　将成,井上　将成,歯　歯外　小歯,,平29. 10. 2,kyushu/000491319.zip
歯科,41,0430392,井本歯科医院,多久市北多久町小侍４５－３９,0952-37-5181,井本　信幸,井本　信幸,歯　小歯,,令2. 9. 1,kyushu/000491319.zip
歯科,41,0430400,木下歯科クリニック,多久市東多久町大字別府４６３６番地１,0952-76-4970,医療法人　きのの木　理事長　木下　務,木下　務,歯　矯歯　小歯　歯外,,令5. 1. 1,kyushu/000491319.zip
歯科,41,0430418,たく歯科,多久市多久町１７３９番地１,0952-97-6008,医療法人　美国会　理事長　國治　秀一郎,大川内　祥子,歯　歯外,,令8. 7. 1,kyushu/000491319.zip
歯科,41,0530365,上田歯科医院,伊万里市大坪町丙２１１０番地,0955-23-8185,上田　敏雄,上田　敏雄,歯,,昭54. 6. 1,kyushu/000491319.zip
歯科,41,0530498,岩﨑歯科医院,伊万里市伊万里町乙１６９番地１,0955-22-4182,岩﨑　平市,岩﨑　平市,歯　矯歯,,昭60. 9. 1,kyushu/000491319.zip
歯科,41,0530514,高瀬歯科医院,伊万里市大川町大川野３１７３番地,0955-29-2045,高瀬　圭二,高瀬　圭二,歯,,昭61. 5. 1,kyushu/000491319.zip
歯科,41,0530621,森田歯科医院,伊万里市山代町立岩２６７１番地,0955-28-3044,森田　知典,森田　知典,歯,,平元. 8. 23,kyushu/000491319.zip
歯科,41,0530670,よしなが歯科医院,伊万里市二里町大里乙３番３３,0955-23-6962,永　信秀,永　信秀,歯,,平4. 4. 1,kyushu/000491319.zip
歯科,41,0530696,医療法人愛歯会　國谷歯科医院,伊万里市東山代町里１０２８番地７,0955-28-4668,医療法人愛歯会　國谷歯科医院　理事長　國谷　好高,國谷　好高,歯　矯歯　小歯　歯外,,平4. 8. 1,kyushu/000491319.zip
歯科,41,0530712,松尾歯科・こども歯科クリニック,伊万里市南波多町井手野２７６４番地１,0955-24-3070,医療法人　松尾歯科医院　理事長　松尾　優,松尾　優,歯　矯歯　小歯　歯外,,平5. 2. 1,kyushu/000491319.zip
歯科,41,0530738,岡本歯科医院,伊万里市二里町八谷搦１１２３番地２,0955-22-8744,岡本　健,岡本　健,歯,,平5. 6. 1,kyushu/000491319.zip
歯科,41,0530787,ふくだ歯科医院,伊万里市二里町八谷搦１００３番地,0955-22-1844,福田　浩司,福田　浩司,歯,,平8. 12. 6,kyushu/000491319.zip
歯科,41,0530803,医療法人　下田歯科医院,伊万里市山代町楠久津１７７番地７８,0955-28-2118,医療法人　下田歯科医院　理事長　下田　昭則,下田　昭則,歯,,平9. 10. 1,kyushu/000491319.zip
歯科,41,0530910,医療法人　いけだ歯科医院,伊万里市伊万里町甲１９番地１,0955-22-4618,医療法人　いけだ歯科医院　理事長　池田　盛多,池田　盛多,歯　小歯　矯歯,,平17. 2. 1,kyushu/000491319.zip
歯科,41,0530928,ますもと　けんこう歯科,伊万里市松島町９１２番地１,0955-24-9688,舛元　康浩,舛元　康浩,歯　小歯　矯歯　歯外,,平17. 4. 20,kyushu/000491319.zip
歯科,41,0530936,ヨシロー歯科クリニック,伊万里市立花町３４２７番地３,0955-22-7388,鈴木　由郎,鈴木　由郎,歯　小歯,,平18. 1. 11,kyushu/000491319.zip
歯科,41,0530944,桑原歯科　光のクリニック,伊万里市立花町３９９７番地４,0955-22-0788,桑原　貞好,桑原　貞好,歯　小歯,,平18. 6. 1,kyushu/000491319.zip
歯科,41,0530977,堀江歯科診療所,伊万里市脇田町１６９番地４,0955-23-1188,医療法人　恒和会　理事長　堀江　稔,堀江　稔,歯　小歯　矯歯　歯外,,平19. 10. 1,kyushu/000491319.zip
歯科,41,0530985,まつうら歯科,伊万里市新天町４６４番地５,0955-20-4300,医療法人松栄会　理事長　松浦　明,松浦　博,歯　小歯　矯歯　歯外,,平25. 7. 1,kyushu/000491319.zip
歯科,41,0530993,医療法人　高瀬歯科医院,伊万里市二里町八谷搦７６番地１,0955-22-5828,医療法人　高瀬歯科医院　理事長　高瀬　浩二,高瀬　浩二,歯,,平26. 1. 1,kyushu/000491319.zip
歯科,41,0531009,麻生歯科医院,伊万里市新天町６４３－３,0955-23-2221,池田　朋江,池田　朋江,歯,,平26. 4. 1,kyushu/000491319.zip
歯科,41,0531025,医療法人　浦上歯科医院,伊万里市大坪町丙１５５１番地４,0955-23-9100,医療法人　浦上歯科医院　理事長　浦上　多果子,稲田　晴久,歯,,平27. 1. 1,kyushu/000491319.zip
歯科,41,0531066,いまり歯科診療所,伊万里市立花町２４０４番地１２７,0955-29-8411,医療法人　尚美会　理事長　岡田　和子,岡田　和子,歯　小歯　歯外　矯歯,,令3. 1. 1,kyushu/000491319.zip
歯科,41,0531074,井川歯科,伊万里市新天町４８８番地１８,0955-22-1122,医療法人　伊万里井川歯科　理事長　井川　範道,井川　範道,歯　矯歯　小歯　歯外,,令4. 7. 1,kyushu/000491319.zip
歯科,41,0531082,小野デンタルオフィス,伊万里市東山代町長浜２１２９－１,0955-25-9758,医療法人ＯＳＰ　理事長　小野　大輔,小野　大輔,歯科　小児歯科　矯正歯科　歯科口腔外科,,令6. 7. 1,kyushu/000491319.zip
歯科,41,0630264,諸隈歯科医院,武雄市武雄町大字武雄７２５６番地,0954-22-2222,諸隈　仁士,諸隈　仁士,歯,,昭50. 10. 1,kyushu/000491319.zip
歯科,41,0630306,寺尾歯科医院,武雄市武雄町大字昭和２３番地５,0954-23-7500,寺尾　弘隆,寺尾　洋史,歯,,昭61. 11. 1,kyushu/000491319.zip
歯科,41,0630363,医療法人　庄野歯科医院,武雄市武雄町大字富岡７８２０番地７,0954-22-2566,医療法人　庄野歯科医院　理事長　庄野　保幸,庄野　保幸,歯　小歯,,平2. 10. 1,kyushu/000491319.zip
歯科,41,0630397,医療法人　福山歯科医院,武雄市武雄町大字昭和７３６番地,0954-23-5780,医療法人　福山歯科医院　理事長　福山　善幸,福山　善幸,歯　小歯　歯外,,平2. 10. 1,kyushu/000491319.zip
歯科,41,0630470,広瀬歯科医院,武雄市朝日町大字甘久１５４４番地２,0954-23-1716,医療法人　広瀬歯科医院　理事長　廣瀬　一弘,廣瀬　一弘,歯　小歯　歯外,,平10. 10. 1,kyushu/000491319.zip
歯科,41,0630488,山口亨歯科医院,武雄市武雄町大字永島１５３４８番地,0954-22-3445,山口　亨,山口　亨,歯　小歯　矯歯,,平11. 6. 1,kyushu/000491319.zip
歯科,41,0630504,のだ歯科医院,武雄市武雄町大字武雄５９６７番地１,0954-20-0085,野田　正純,野田　正純,歯　小歯　矯歯,,平13. 8. 1,kyushu/000491319.zip
歯科,41,0630553,ふるかわ歯科医院,武雄市東川登町大字永野６２９１番地１,0954-23-6118,古川　元一,古川　元一,歯　小歯,,平15. 3. 1,kyushu/000491319.zip
歯科,41,0630595,医療法人　知新会　中尾歯科医院,武雄市武雄町大字富岡８９６５番地２８,0954-22-2328,医療法人　知新会　理事長　中尾　直弘,中尾　弘志,歯　矯歯　小歯,,平17. 9. 1,kyushu/000491319.zip
歯科,41,0630629,マスダ小児矯正歯科医院,武雄市武雄町大字富岡８３００番地,0954-23-2384,増田　純一,増田　純一,小歯　矯歯,,平18. 6. 1,kyushu/000491319.zip
歯科,41,0630637,たけお歯科,武雄市武雄町大字昭和２９０番地,0954-22-3221,医療法人　博真会　理事長　木村　真紀子,柳田　裕之,歯　小歯　矯歯　歯外,,平19. 2. 1,kyushu/000491319.zip
歯科,41,0630678,新武雄あおぞら歯科クリニック,武雄市武雄町大字富岡字五反田１２６２４番３,0954-33-0183,医療法人　祐歯会　理事長　富樫　宏明,桑原　崇,歯　小歯　歯外　矯歯,,平23. 10. 1,kyushu/000491319.zip
歯科,41,0630702,池田歯科,武雄市武雄町大字武雄５８９６番地２Ｔ－ｃｕｂｅ１０１,0954-26-8400,医療法人　池田歯科　理事長　池田　周平,池田　周平,歯　小歯　歯外,,平30. 2. 1,kyushu/000491319.zip
歯科,41,0630710,ロータス歯科医院,佐賀県武雄市武雄町大字武雄字小路５５９６番１,0954-23-0167,丸山　慎司,丸山　慎司,歯　小歯　歯外,,平31. 2. 1,kyushu/000491319.zip
歯科,41,0630728,まつうら歯科,武雄市山内町大野７２８５番地１,0954-45-5000,医療法人松栄会　理事長　松浦　明,松浦　明,歯　小歯　矯歯　歯外,,令2. 4. 1,kyushu/000491319.zip
歯科,41,0630736,松尾歯科矯正歯科,武雄市武雄町昭和４番地１１,0954-23-4820,医療法人　松尾歯科矯正歯科　理事長　松尾　謙一郎,松尾　謙一郎,歯　矯歯,,令2. 6. 20,kyushu/000491319.zip
歯科,41,0630744,おさだ歯科医院,武雄市武雄町大字武雄７３５７番地２,0954-20-0060,長田　耕一郎,長田　耕一郎,歯,,令3. 2. 1,kyushu/000491319.zip
歯科,41,0630769,のりこ歯科医院,武雄市北方町大字大崎１３１８－３,0954-36-3535,医療法人のりこ歯科医院　理事長　藤本　慎子,藤本　慎子,歯　小歯　矯歯,,令6. 9. 1,kyushu/000491319.zip
歯科,41,0630777,まさよし歯科,武雄市武雄町大字永島１３７０６番地４,0954-33-1375,医療法人　清武会　理事長　清本　真功,清本　真功,歯,,令8. 2. 1,kyushu/000491319.zip
歯科,41,0730270,くにまつ歯科医院,鹿島市浜町３５９番地,0954-63-1182,國松　秀俊,國松　秀俊,歯,,平3. 5. 1,kyushu/000491319.zip
歯科,41,0730312,みやび歯科医院,鹿島市大字納富分３０４２番地１,0954-63-2010,光安　雅幸,光安　雅幸,歯,,平7. 9. 4,kyushu/000491319.zip
歯科,41,0730346,けんこう歯科医院,鹿島市古枝甲３３６番地１,0954-63-7118,掛園　浩,掛園　浩,歯　小歯,,平9. 3. 8,kyushu/000491319.zip
歯科,41,0730353,きはら歯科医院,鹿島市大字高津原４２４１番地５,0954-63-3383,木原　昭裕,木原　昭裕,歯　小歯,,平9. 4. 5,kyushu/000491319.zip
歯科,41,0730361,光武歯科医院,鹿島市大字納富分甲１３８番地１,0954-62-0070,光武　正彦,光武　正彦,歯　小歯,,平9. 7. 1,kyushu/000491319.zip
歯科,41,0730395,稗田歯科医院,鹿島市大字高津原４０４５番地６,09546-3-1811,医療法人　稗田歯科医院　理事長　稗田　照雄,稗田　照雄,歯　小歯　歯外,,平10. 10. 1,kyushu/000491319.zip
歯科,41,0730403,もりた歯科医院,鹿島市大字高津原３７５２番地７,09546-2-4182,医療法人　もりた歯科医院　理事長　森田　興司,森田　興司,歯,,平10. 10. 1,kyushu/000491319.zip
歯科,41,0730460,とがし歯科医院,鹿島市大字納富分２９１９番地９,0954-62-1830,医療法人　祐歯会　理事長　富樫　宏明,富樫　宏明,歯　小歯　矯歯　歯外,,平18. 2. 1,kyushu/000491319.zip
歯科,41,0730478,峰松歯科医院,鹿島市大字納富分３１８４番地４,0954-69-8020,峰松　慶太,峰松　慶太,歯　小歯,,平19. 5. 1,kyushu/000491319.zip
歯科,41,0730544,とがし歯科第２医院,鹿島市大字高津原３７１５番地１７,0954-69-7505,医療法人　祐歯会　理事長　富樫　宏明,柴原　美紀,歯　歯外　小歯　矯歯,,平24. 5. 1,kyushu/000491319.zip
歯科,41,0730551,医療法人月歯　西川歯科医院,鹿島市納富分２０４２番地３,0954-62-4618,医療法人月歯　西川歯科医院　理事長　佐々木　健一,佐々木　健一,歯　小歯　矯歯　歯外,,平26. 1. 1,kyushu/000491319.zip
歯科,41,0730569,医療法人　あんず歯科,鹿島市大字中村２００７番地１,0954-69-0799,医療法人　あんず歯科　理事長　中西　美穂,中西　美穂,歯,,平26. 6. 1,kyushu/000491319.zip
歯科,41,0730585,えごし歯科医院,鹿島市納富分１３５０番地１,0954-69-8100,医療法人　永晴会　理事長　江越　良輔,江越　良輔,歯　小歯　矯歯,,令5. 6. 1,kyushu/000491319.zip
歯科,41,0730593,ひだまり歯科医院,鹿島市大字納富分９９０番地３,0954-69-0103,医療法人　ひだまり歯科医院　理事長　古庄　龍央,古庄　龍央,歯　小歯　歯外　矯歯,,令6. 7. 1,kyushu/000491319.zip
歯科,41,0930045,医療法人　薫風会　前田歯科医院,嬉野市嬉野町大字下宿字三本杉甲４２７１番地２,0954-20-2288,医療法人　薫風会　理事長　前田　修,前田　修,歯　小歯　矯歯　歯外,,令元. 7. 1,kyushu/000491319.zip
歯科,41,0930078,いたや歯科医院,嬉野市嬉野町大字下宿甲４７２５－６,0954-43-3264,板家　圭祐,板家　圭祐,歯　小歯,,平29. 8. 3,kyushu/000491319.zip
歯科,41,0930102,宮﨑歯科医院,嬉野市嬉野町大字不動山甲１３番地３,0954-42-0009,宮﨑　祥徳,宮﨑　祥徳,歯　歯外　小歯,,令3. 1. 1,kyushu/000491319.zip
歯科,41,0930110,うれしの・山口歯科医院,嬉野市嬉野町大字下宿乙２１２４－３,0954-43-6780,山口　義,山口　義,歯　小歯　歯外　矯歯,,令4. 4. 1,kyushu/000491319.zip
歯科,41,0930128,西村歯科医院,嬉野市塩田町久間乙１７０５番地１,0954-66-4808,西村　渉,西村　渉,歯,,令6. 1. 19,kyushu/000491319.zip
歯科,41,0930136,てらお総合歯科クリニック,嬉野市塩田町馬場下甲５０－３,0954-66-2142,浜谷　育美,浜谷　育美,歯　小歯　矯歯　歯外,,令6. 4. 1,kyushu/000491319.zip
歯科,41,1030373,今泉歯科医院,佐賀市大和町大字尼寺１３８１番地６,0952-62-5410,今泉　章,今泉　章,歯,,昭54. 12. 1,kyushu/000491319.zip
歯科,41,1030431,清水歯科,佐賀市東与賀町大字田中５４９番地３,0952-45-0327,清水　一弘,清水　一弘,歯　小歯,,昭59. 8. 1,kyushu/000491319.zip
歯科,41,1030456,増田歯科医院,佐賀市川副町大字鹿江６５２番地１,0952-45-5046,増田　章久,増田　章久,歯　矯歯　小歯,,昭60. 9. 1,kyushu/000491319.zip
歯科,41,1030472,医療法人社団恵真会　下平歯科医院久保田診療所,佐賀市久保田町大字久富３９２番地２,0952-68-4520,医療法人社団　恵真会　理事長　下平　格,下平　大治,歯　小歯,,昭62. 11. 1,kyushu/000491319.zip
歯科,41,1030480,あびる歯科,佐賀市大和町大字尼寺７８９番地１,0952-62-1919,阿比留　大志,阿比留　大志,歯　小歯,,平元. 7. 1,kyushu/000491319.zip
歯科,41,1030498,やまぐち歯科医院,佐賀市大和町大字久池井９３１番地８,0952-62-4848,山口　倫仁,山口　倫仁,歯,,平元. 7. 1,kyushu/000491319.zip
歯科,41,1030506,なかはら歯科医院,佐賀市諸富町大字山領８０９番地１３,0952-47-5455,中原　正仁,中原　正仁,歯　小歯　矯歯　歯外,,平3. 6. 1,kyushu/000491319.zip
歯科,41,1030555,こいで歯科医院,佐賀市川副町大字福富８２９番地５,0952-45-8810,小井手　秀久,小井手　秀久,歯　矯歯　小歯,,平6. 12. 1,kyushu/000491319.zip
歯科,41,1030571,医療法人祥和会　はっとり歯科医院,佐賀市大和町大字尼寺２９００番地１,0952-62-1261,医療法人　祥和会　理事長　服部　康治,服部　康治,歯　小歯　矯歯　歯外,,平7. 9. 1,kyushu/000491319.zip
歯科,41,1030654,諸富歯科医院,佐賀市諸富町大字徳富１８５７番地３,0952-47-8020,矢野　次郎,矢野　次郎,歯　小歯　矯歯　歯外,,平13. 3. 1,kyushu/000491319.zip
歯科,41,1030662,富士歯科医院,佐賀市富士町大字内野１２７番地１,0952-63-0567,医療法人　にしで歯科医院　理事長　西出　裕輔,前田　和哉,歯　矯歯　小歯,,平13. 6. 1,kyushu/000491319.zip
歯科,41,1030688,西村歯科医院,佐賀市諸富町大字諸富津１０４番地１,0952-47-2516,医療法人　西厚会　理事長　城戸　幸博,城戸　幸博,歯　小歯　矯歯　歯外,,平15. 9. 1,kyushu/000491319.zip
歯科,41,1030712,にしだ歯科医院,佐賀市東与賀町大字飯盛２１１番地２２,0952-34-7003,西田　浩史,西田　浩史,歯　小歯,,平19. 5. 7,kyushu/000491319.zip
歯科,41,1031066,小川歯科医院,佐賀市大和町大字尼寺２２５９番地,0952-62-0061,小川　清文,小川　清文,歯　小歯　矯歯,,昭63. 9. 1,kyushu/000491319.zip
歯科,41,1130322,大櫛歯科矯正歯科医院,神埼市千代田町姉２番地１,0952-44-5475,大櫛　秀貴,大櫛　秀貴,歯　矯歯　小歯,,昭55. 7. 1,kyushu/000491319.zip
歯科,41,1130363,永原歯科医院,神埼市神埼町神埼５９０番地,0952-52-2970,永原　昇,永原　昇,歯,,昭58. 2. 1,kyushu/000491319.zip
歯科,41,1130389,古賀歯科医院,神埼市神埼町田道ケ里２２６８番地８,0952-52-1647,古賀　俊樹,古賀　俊樹,歯,,昭61. 8. 1,kyushu/000491319.zip
歯科,41,1130413,中山歯科医院,神埼市千代田町詫田８２番地１,0952-44-4147,中山　光,中山　光,歯,,平元. 3. 1,kyushu/000491319.zip
歯科,41,1130439,江頭歯科医院,神埼市千代田町下西７７６番地６,0952-44-5523,江頭　秀明,江頭　秀明,歯,,平2. 4. 2,kyushu/000491319.zip
歯科,41,1130447,中村歯科医院,神埼市千代田町餘江１４８９番地３,0952-44-2992,中村　智彰,中村　智彰,歯　小歯,,平2. 7. 11,kyushu/000491319.zip
歯科,41,1130454,医療法人デンタルアソシエイツ　タナカ歯科・こども歯科,神埼郡吉野ヶ里町吉田８３９番地２,0952-52-4118,医療法人デンタルアソシエイツタナカ歯科・こども歯科　理事長　田中　恵輔,田中　恵輔,歯　小歯,,平4. 3. 1,kyushu/000491319.zip
歯科,41,1130488,つかもと歯科・小児歯科医院,神埼郡吉野ヶ里町三津８４０番地５,0952-53-1593,塚本　浩樹,塚本　浩樹,歯　小歯　矯歯,,平9. 4. 5,kyushu/000491319.zip
歯科,41,1130504,なかはら歯科医院,神埼市神埼町城原１２５６番地１,0952-53-1849,中原　弘敬,中原　弘敬,歯　小歯,,平11. 3. 1,kyushu/000491319.zip
歯科,41,1130512,荒木歯科医院,神埼郡吉野ヶ里町吉田２９４６番地６１,0952-52-2251,荒木　和也,荒木　和也,歯,,平11. 9. 3,kyushu/000491319.zip
歯科,41,1130546,船津歯科医院,神埼市神埼町本堀３１８１番地１,0952-52-1391,船津　昌利,船津　昌利,歯　小歯　矯歯　歯外,,平15. 8. 18,kyushu/000491319.zip
歯科,41,1130579,楠川歯科診療所,神埼郡吉野ヶ里町吉田３３９番地１１,0952-52-2286,楠川　洋邦,楠川　洋邦,歯　小歯　歯外　矯歯,,平18. 6. 2,kyushu/000491319.zip
歯科,41,1130587,エイト歯科クリニック,神埼郡吉野ヶ里町田手１４７８番地３,0952-55-6888,江口　隆郎,江口　隆郎,歯　小歯　歯外　矯歯,,平18. 7. 1,kyushu/000491319.zip
歯科,41,1130629,目達原歯科医院,神埼郡吉野ヶ里町吉田２９８９番地３,0952-52-2278,医療法人　優照会　理事長　岡　義久,岡　義久,歯　小歯　矯歯　歯外,,平30. 1. 1,kyushu/000491319.zip
歯科,41,1230262,山口歯科医院,三養基郡みやき町大字原古賀１６３９番地,0942-94-2052,山口　三男,山口　三男,歯,,昭60. 2. 1,kyushu/000491319.zip
歯科,41,1230312,真子歯科医院,三養基郡みやき町大字原古賀５９２番地８,0942-94-4180,真子　知文,真子　知文,歯,,昭62. 6. 1,kyushu/000491319.zip
歯科,41,1230353,重松歯科医院,三養基郡基山町大字宮浦９６４番地１,0942-92-1234,重松　秀樹,重松　秀樹,歯　小歯　矯歯　歯外,,平元. 4. 1,kyushu/000491319.zip
歯科,41,1230403,古賀歯科医院,三養基郡基山町大字小倉３９５番地７,0942-92-7430,古賀　正義,古賀　正義,歯,,平7. 5. 1,kyushu/000491319.zip
歯科,41,1230411,佐久間歯科医院,三養基郡みやき町大字簑原７４０番地１,0942-94-5050,佐久間　有良,佐久間　有良,歯,,平7. 9. 1,kyushu/000491319.zip
歯科,41,1230429,原歯科医院,三養基郡基山町けやき台１丁目７番１,0942-92-1177,原　哲三,原　哲三,歯　矯歯　小歯,,平7. 10. 1,kyushu/000491319.zip
歯科,41,1230437,古賀歯科医院,三養基郡上峰町大字堤１８８１番地,0952-52-6653,古賀　悦郎,古賀　悦郎,歯　小歯,,平9. 5. 1,kyushu/000491319.zip
歯科,41,1230445,コシオ歯科医院,三養基郡基山町大字宮浦１００１番地５,0942-92-0231,小椎尾　功,小椎尾　功,歯　小歯,,平10. 8. 7,kyushu/000491319.zip
歯科,41,1230452,はっとり歯科医院,三養基郡上峰町大字坊所２８８番地６,0952-52-8330,服部　俊嗣,服部　俊嗣,歯　小歯　歯外　矯歯,,平11. 4. 20,kyushu/000491319.zip
歯科,41,1230460,あおやぎ歯科医院,三養基郡基山町大字宮浦４６９番地１,0942-92-1755,青栁　俊,青栁　俊,歯,,平13. 1. 18,kyushu/000491319.zip
歯科,41,1230478,金子歯科,三養基郡上峰町大字坊所１５７０番地１７６,0952-52-8214,金子　稔,金子　稔,歯　小歯　矯歯,,平13. 8. 1,kyushu/000491319.zip
歯科,41,1230494,さとう歯科クリニック,三養基郡みやき町大字白壁２３３１番地２,0942-89-9111,佐藤　忠芳,佐藤　忠芳,歯　小歯　歯外　矯歯,,平15. 6. 1,kyushu/000491319.zip
歯科,41,1230528,かねだ歯科クリニック,三養基郡みやき町大字市武１２９０番地１,0942-96-3963,兼田　米藏,兼田　米藏,歯　小歯,,平17. 8. 1,kyushu/000491319.zip
歯科,41,1230536,スマイル歯科医院,三養基郡みやき町大字原古賀７４５０番地１１,0942-94-9603,富安　紀文,富安　紀文,歯　小歯　歯外,,平18. 1. 17,kyushu/000491319.zip
歯科,41,1230544,みやべ歯科クリニック,三養基郡みやき町大字簑原１０３９番地１,0942-94-3492,宮部　篤,宮部　篤,歯　小歯,,平18. 4. 1,kyushu/000491319.zip
歯科,41,1230593,医療法人　立山　立山歯科医院,三養基郡基山町小倉１６５７番地１,0942-81-0081,医療法人　立山　理事長　髙橋　伸介,橋　伸介,歯　矯歯　小歯　歯外,,平20. 9. 1,kyushu/000491319.zip
歯科,41,1230619,かねもと歯科クリニック,三養基郡上峰町大字坊所２２５６番地４,0952-20-7122,兼元　明史,兼元　明史,歯　歯外,,平21. 2. 1,kyushu/000491319.zip
歯科,41,1230635,みやはら歯科医院,三養基郡みやき町江口４３９１番地６,0942-89-2882,宮原　均,宮原　均,歯　小歯,,平22. 12. 1,kyushu/000491319.zip
歯科,41,1230668,よねみつ歯科クリニック,三養基郡みやき町白壁平林２１７８番地,0942-89-5432,米光　一裕,米光　一裕,歯　歯外　小歯　矯歯,,平24. 8. 17,kyushu/000491319.zip
歯科,41,1230676,しだ歯科クリニック,三養基郡みやき町江口２９４１－５,0942-89-3330,志田　敦,志田　敦,歯　小歯,,平25. 3. 1,kyushu/000491319.zip
歯科,41,1230684,秀島歯科医院,三養基郡みやき町西島１４８４番地１号,0942-96-4133,秀島　重典,秀島　重典,歯　小歯,,平26. 1. 1,kyushu/000491319.zip
歯科,41,1230718,ゆきこ歯科,三養基郡基山町大字小倉６１８－１ニューマックスビル１Ｆ（１階一部）,0942-85-7205,手島　由希子,手島　由希子,歯　歯外　小歯,,令元. 5. 1,kyushu/000491319.zip
歯科,41,1230726,みやき藤井歯科クリニック,三養基郡みやき町原古賀１１５１－２,0942-94-9731,藤井　勝芳,藤井　勝芳,歯　歯外　小歯,,令2. 4. 1,kyushu/000491319.zip
歯科,41,1230742,のきた歯科医院,三養基郡基山町大字宮浦４８７－１０,0942-92-6911,䅏田　健史,䅏田　健史,歯　小歯,,令4. 12. 1,kyushu/000491319.zip
歯科,41,1230759,ルアナファミリー歯科・矯正歯科,三養基郡基山町長野１０５１番地９,0942-92-6488,医療法人雅会　理事長　石　原吉,石　原吉,歯　小歯　矯歯　歯外,,令5. 5. 1,kyushu/000491319.zip
歯科,41,1230767,けやき歯科クリニック,三養基郡基山町宮浦２５９－４５,0942-50-6757,梶原　勝敬,梶原　勝敬,歯　小歯　歯外　矯歯,,令8. 4. 1,kyushu/000491319.zip
歯科,41,1330195,林田歯科医院,小城市小城町松尾４０５４番地１,0952-73-2148,林田　宏紹,林田　宏紹,歯　小歯　矯歯　歯外,,昭58. 4. 1,kyushu/000491319.zip
歯科,41,1330336,歯科まつながクリニック,小城市小城町５１０番地,0952-72-7575,松永　勝穂,松永　勝穂,歯,,平4. 4. 1,kyushu/000491319.zip
歯科,41,1330369,行武歯科医院,小城市小城町晴気１１番地１,0952-72-8511,行武　正昇,行武　正昇,歯　小歯　矯歯　歯外,,平7. 2. 1,kyushu/000491319.zip
歯科,41,1330377,さくら歯科,小城市小城町２０９番地６,0952-72-1020,髙橋　伸滋,髙橋　伸滋,歯　小歯　矯歯　歯外,,平8. 6. 11,kyushu/000491319.zip
歯科,41,1330419,ウッディデンタルクリニック,小城市牛津町柿樋瀬７７６番地３,0952-66-6480,白木　洋,白木　洋,歯,,平9. 7. 7,kyushu/000491319.zip
歯科,41,1330443,藤田歯科医院,小城市小城町畑田２６０２番地２２,0952-71-1344,藤田　寛,藤田　寛,歯　小歯,,平13. 6. 27,kyushu/000491319.zip
歯科,41,1330468,みかづき歯科医院,小城市三日月町樋口９６１番地１,0952-72-2411,医療法人　にしで歯科医院　理事長　西出　裕輔,久保山　克範,歯　小歯　矯歯　歯外,,平15. 1. 1,kyushu/000491319.zip
歯科,41,1330476,医療法人　口歯科医院,小城市牛津町牛津２４５番地５,0952-66-4022,医療法人　口歯科医院　理事長　山﨑　克彦,山﨑　克彦,歯　歯外,,平15. 3. 1,kyushu/000491319.zip
歯科,41,1330492,はらだ歯科医院,小城市三日月町長神田１０５５番地１,0952-73-7363,原田　雄一,原田　雄一,歯　小歯　矯歯,,平15. 4. 15,kyushu/000491319.zip
歯科,41,1330500,おおば歯科,小城市芦刈町芦溝８９３番地８,0952-63-8418,大庭　洋文,大庭　洋文,歯　小歯,,平16. 5. 1,kyushu/000491319.zip
歯科,41,1330526,医療法人　清仁会　ゆめ歯科・小児歯科,小城市三日月町三ケ島４６０番地５,0952-73-7005,医療法人　清仁会　理事長　山田　昭仁,大石　知英,歯　小歯　歯外,,平17. 7. 1,kyushu/000491319.zip
歯科,41,1330534,船津歯科クリニック,小城市小城町５８４番地１号,0952-72-1225,医療法人　裕仁会　理事長　船津　裕一,船津　裕一,歯　小歯　矯歯,,平18. 12. 1,kyushu/000491319.zip
歯科,41,1330591,おわしデンタルクリニック,小城市牛津町柿樋瀬９２９－１１,0952-65-3437,尾鷲　俊行,尾鷲　俊行,歯　小歯,,平23. 11. 8,kyushu/000491319.zip
歯科,41,1330625,としひこ歯科クリニック,小城市三日月町久米９４９－１－２,0952-73-3553,医療法人　優仁会　理事長　林田俊彦,林田　俊彦,歯　小歯,,平28. 8. 1,kyushu/000491319.zip
歯科,41,1330633,松永歯科医院,小城市小城町２１９番地８,0952-73-3794,平山　輝久,平山　輝久,歯　歯外　矯歯　小歯,,平29. 8. 26,kyushu/000491319.zip
歯科,41,1330641,副島歯科医院,小城市芦刈町三王崎３２６番地８,0952-66-1184,医療法人　育歯会　理事長　副島　渉,副島　渉,歯　矯歯　小歯　歯外,,平30. 3. 1,kyushu/000491319.zip
歯科,41,1330658,酒井たかよし歯科医院,小城市牛津町上砥川１２３４－３８,0952-63-8180,酒井　貴芳,酒井　貴芳,歯　小歯　歯外,,平31. 3. 22,kyushu/000491319.zip
歯科,41,1330666,医療法人元秀会　川副歯科医院,小城市小城町９６番地,0952-73-3310,医療法人元秀会　理事長　川副　弘之,川副　弘之,歯,,令2. 12. 1,kyushu/000491319.zip
歯科,41,1330674,坂井歯科・矯正歯科,小城市牛津町柿樋瀬１１１５－７,0952-66-0141,冨田　知孝,冨田　知孝,歯　小歯　矯歯,,令4. 1. 1,kyushu/000491319.zip
歯科,41,1430441,松浦歯科医院,唐津市鎮西町岩野２２３番地１,0955-82-5211,松浦　嘉人,松浦　嘉人,歯,,昭57. 6. 1,kyushu/000491319.zip
歯科,41,1430599,医療法人社団恵真会　下平歯科医院厳木診療所,唐津市厳木町牧瀬７６番地１,0955-63-2866,医療法人社団　恵真会　理事長　下平　格,柳澤　康二,歯,,昭62. 11. 1,kyushu/000491319.zip
歯科,41,1430607,井上歯科医院,唐津市浜玉町浜崎８３７番地１,0955-56-6043,井上　敏,井上　敏,歯,,平元. 9. 1,kyushu/000491319.zip
歯科,41,1430714,松尾歯科医院,唐津市浜玉町浜崎１８８５番地,0955-56-6343,医療法人　ますらお　理事長　齊藤　英喜,松尾　勇弥,歯　矯歯　小歯,,平8. 9. 1,kyushu/000491319.zip
歯科,41,1430797,医療法人社団恵真会下平歯科医院玄海診療所,東松浦郡玄海町大字平尾８８４番地１,0955-52-2225,医療法人社団恵真会　理事長　下平　格,林　聖史,歯,,平12. 4. 1,kyushu/000491319.zip
歯科,41,1430813,神吉歯科医院,唐津市北波多徳須恵１１６０番地及び１１６１番地１,0955-64-2075,神吉　京子,神吉　京子,歯　小歯,,平13. 1. 1,kyushu/000491319.zip
歯科,41,1430839,医療法人　安稜会　はらだ歯科医院,唐津市北波多徳須恵１２７８番地１,0955-64-4418,医療法人　安稜会　はらだ歯科医院　理事長　原田　幹夫,原田　幹夫,歯　小歯,,平14. 4. 1,kyushu/000491319.zip
歯科,41,1430847,落合歯科医院,唐津市浜玉町大江５２番地１,0955-56-6305,落合　崇規,落合　崇規,歯,,平15. 1. 1,kyushu/000491319.zip
歯科,41,1530364,医療法人修健会　山口歯科医院,西松浦郡有田町下本丙４４７番地,0955-46-5470,医療法人修健会　山口歯科医院　理事長　山口論理,山口　論理,歯　小歯　矯歯,,平13. 2. 1,kyushu/000491319.zip
歯科,41,1530372,むかい歯科医院,西松浦郡有田町本町丙１４９８番地４,0955-42-3477,向　弘之,向　弘之,歯　小歯　矯歯　歯外,,平14. 3. 1,kyushu/000491319.zip
歯科,41,1530380,坪井歯科医院,西松浦郡有田町稗古場２丁目８番２３号,0955-42-3540,坪井　研吾,坪井　研吾,歯,,平14. 7. 1,kyushu/000491319.zip
歯科,41,1530398,ますだ歯科医院,西松浦郡有田町本町丙７９０番地１,0955-41-1184,益田　裕介,益田　裕介,歯　小歯,,平17. 5. 1,kyushu/000491319.zip
歯科,41,1530414,やまの歯科医院,西松浦郡有田町立部乙２２４９番地１,0955-46-4788,医療法人　やまの歯科医院　理事長　山野　貴弘,山野　貴弘,歯　小歯,,平27. 1. 1,kyushu/000491319.zip
歯科,41,1530422,家永歯科医院,西松浦郡有田町南原甲６３０－３,0955-42-2074,家永　健次,家永　健次,歯　小歯　矯歯,,平29. 8. 1,kyushu/000491319.zip
歯科,41,1630594,久原歯科医院,武雄市北方町大字志久５７８番地２,0954-36-4369,久原　康浩,久原　康浩,歯,,昭60. 4. 1,kyushu/000491319.zip
歯科,41,1630768,医療法人　古野歯科医院,武雄市山内町大字鳥海９０８２番地１,0954-45-5188,医療法人　古野歯科医院　理事長　古野　宏,古野　宏,歯　矯歯　小歯,,平5. 9. 1,kyushu/000491319.zip
歯科,41,1630784,はらだ歯科医院,杵島郡江北町大字山口３０６１番地４,0952-71-6011,原田　保,原田　保,歯　矯歯,,平7. 6. 1,kyushu/000491319.zip
歯科,41,1630792,犬塚歯科医院,杵島郡白石町大字戸ケ里２８６３番地,0954-65-2011,犬塚　孝史,犬塚　孝史,歯,,平7. 9. 1,kyushu/000491319.zip
歯科,41,1630800,岸川歯科医院,杵島郡大町町大字福母４０３番地１,0952-82-2028,岸川　直司,岸川　直司,歯,,平7. 12. 15,kyushu/000491319.zip
歯科,41,1630818,医療法人　小川内歯科,杵島郡大町町大字福母２９５番地６,0952-82-5557,医療法人　小川内歯科　理事長　小川内　充,小川内　充,歯　矯歯,,平8. 10. 1,kyushu/000491319.zip
歯科,41,1630826,医療法人明生会　前山歯科クリニック,杵島郡白石町大字遠江２８９番地１４,0952-84-6161,医療法人明生会　前山歯科クリニック　理事長　前山　秀樹,前山　秀樹,歯　矯歯　小歯,,平8. 10. 1,kyushu/000491319.zip
歯科,41,1630859,かっぱ歯科医院,杵島郡江北町大字佐留志１４２４番地１７,0952-86-2100,岸川　純一,岸川　純一,歯,,平17. 4. 17,kyushu/000491319.zip
歯科,41,1630891,医療法人　きたむら歯科,武雄市山内町大字三間坂甲１４０２４番地１,0954-45-5265,医療法人　きたむら歯科　理事長　北村明生,北村　明生,歯　小歯,,平13. 9. 1,kyushu/000491319.zip
歯科,41,1630909,京子歯科クリニック,杵島郡白石町大字福田２２６３番地１６号,0952-74-5520,辻　京子,辻　京子,歯　小歯,,平18. 12. 20,kyushu/000491319.zip
歯科,41,1630925,ナチュラルデンタルクリニック,杵島郡江北町大字佐留志２０３２－２,0952-86-3375,江口　譲治,江口　譲治,歯　小歯,,平23. 9. 1,kyushu/000491319.zip
歯科,41,1630933,まつお歯科医院,杵島郡白石町福富下分２８２７番地３７,0952-87-3223,医療法人　善成　理事長　松尾　留美子,松尾　留美子,歯　小歯　歯外　矯歯,,平25. 7. 1,kyushu/000491319.zip
歯科,41,1630941,なかお歯科クリニック,杵島郡大町町福母１５４６,0952-82-5203,中尾　真,中尾　真,歯　小歯　歯外,,平26. 1. 21,kyushu/000491319.zip
歯科,41,1630958,小栁歯科医院,杵島郡江北町惣領分１８９８番地,0952-86-2574,小栁　進祐,小栁　進祐,歯,,平26. 8. 17,kyushu/000491319.zip
歯科,41,1630966,ホワイトパール歯科医院,杵島郡江北町大字山口字三本松三１３５５番６,0952-86-2666,医療法人　白珠会　理事長　赤間　淳,岡﨑　誠,歯　小歯　歯外,,平27. 9. 1,kyushu/000491319.zip
歯科,41,1630974,まじま歯科医院,杵島郡白石町大字福田１２８０－１,0952-97-6487,眞島　亮太,眞島　亮太,歯,,平30. 5. 7,kyushu/000491319.zip
歯科,41,1630990,医療法人　小笠原歯科医院,杵島郡大町町大字大町８８７８番地９,0952-82-2321,医療法人　小笠原歯科医院　理事長　小笠原　誠司,小笠原　誠司,歯　小歯　歯外,,平31. 2. 4,kyushu/000491319.zip
歯科,41,1631006,あまの歯科医院,杵島郡白石町大字廿治１５２６番地２,0952-37-8120,天野　浩充,天野　浩充,歯　小歯　歯外　矯歯,,平31. 3. 20,kyushu/000491319.zip
歯科,41,1631014,医療法人　聖生会　久野歯科クリニック,杵島郡白石町大字戸ケ里２４５７番地１,0954-65-2120,医療法人　聖生会　久野歯科クリニック　理事長　久野　麻弓,久野　麻弓,歯　小歯　矯歯,,令3. 7. 1,kyushu/000491319.zip
歯科,41,1730287,西野歯科医院,藤津郡太良町大字多良１６２７番地１,0954-67-2155,西野　國博,西野　國博,歯,,平5. 5. 1,kyushu/000491319.zip
歯科,41,1730295,古賀歯科医院,嬉野市嬉野町大字下宿甲３１８８番地,0954-43-3982,医療法人　清静会　理事長　古賀　正章,古賀　正章,歯　小歯　矯歯　歯外,,平8. 9. 1,kyushu/000491319.zip
歯科,41,1730329,医療法人　良歯会　あらい歯科医院,嬉野市嬉野町大字下宿甲１７８１番地１,0954-43-0505,医療法人　良歯会　あらい歯科医院　理事長　新井　良一,新井　良一,歯　矯歯　小歯,,平9. 5. 1,kyushu/000491319.zip
歯科,41,1730345,くりやま歯科・小児歯科医院,嬉野市塩田町大字五町田甲１８３７番地１,0954-66-9090,栗山　和久,栗山　和久,歯　小歯,,平10. 3. 26,kyushu/000491319.zip
歯科,41,1730352,宮原歯科医院,嬉野市嬉野町大字下宿乙２１７３番地,0954-43-0607,宮原　昭,宮原　昭,歯　歯外　小歯,,平10. 6. 4,kyushu/000491319.zip
歯科,41,1730386,船津歯科医院,嬉野市嬉野町大字下宿乙２２０２番地３９,0954-43-0149,舩津　光弘,舩津　光弘,歯,,平11. 12. 11,kyushu/000491319.zip
歯科,41,1730477,ひだか歯科,藤津郡太良町大字多良１番１９,0954-67-9123,日髙　丈博,日髙　丈博,歯　小歯　矯歯　歯外,,平18. 2. 14,kyushu/000491319.zip
歯科,41,1730501,たばた歯科医院,藤津郡太良町大浦丁３６８番地１９,0954-68-1180,田畑　佳秀,田畑　佳秀,歯　小歯,,平25. 10. 21,kyushu/000491319.zip
歯科,41,2030018,しばた歯科医院,神埼市神埼町鶴９３１番地１,0952-55-9118,柴田　祐三,柴田　祐三,歯　小歯,,平18. 11. 1,kyushu/000491319.zip
歯科,41,2030026,千代田歯科クリニック,神埼市千代田町大字崎村６３９番地３,0952-44-6698,今村　正雄,今村　正雄,歯　小歯　矯歯,,平21. 7. 11,kyushu/000491319.zip
歯科,41,2030034,こばやし歯科医院,神埼市神埼町鶴１６２３－４,0952-55-6030,小林　善郎,小林　善郎,歯　小歯　歯外　矯歯,,平24. 1. 18,kyushu/000491319.zip
歯科,41,2030042,迎島歯科医院,神埼市千代田町迎島５５２－２５,0952-34-6407,青山　貴博,青山　貴博,歯　小歯　歯外,,平27. 12. 1,kyushu/000491319.zip
歯科,41,2030059,泉福歯科医院,神埼市神埼町田道ケ里２２４０－１,0952-52-2839,泉福　浩志,泉福　浩志,歯　小歯,,平28. 2. 7,kyushu/000491319.zip
歯科,41,2030083,佐賀さくら歯科親子歯科クリニック,神埼市千代田町境原２６３５番地２,0952-97-6438,医療法人桜裕会　理事長　野中　智美,野中　智美,歯　小歯　歯外　矯歯,,令3. 1. 1,kyushu/000491319.zip
歯科,41,9831939,佐賀市休日歯科診療所,佐賀市水ケ江一丁目１２番１１号,0952-24-1426,佐賀市長,森永　大作,歯　小歯,,平30. 4. 15,kyushu/000491319.zip
歯科,41,9831954,唐津休日歯科診療所,唐津市二タ子１丁目５番１号,0955-53-8271,唐津市長,田邉　隆,歯　小歯　歯外,,平31. 4. 1,kyushu/000491319.zip
薬局,41,0141666,久保薬局木原店,佐賀市木原二丁目２３番７号,0952-24-2233,有限会社　久保薬局　代表取締役　久保寛和,本村　亮侑,,,昭56. 6. 1,kyushu/000491319.zip
薬局,41,0141864,養正会薬局,佐賀市鍋島４丁目１番６号,0952-30-2694,有限会社　養正会　代表取締役　鍵山俊明,森田　華子,,,昭58. 7. 1,kyushu/000491319.zip
薬局,41,0141963,有限会社　福島薬局,佐賀市松原４丁目７番１４号,0952-23-3623,有限会社　福島薬局　代表取締役　　福島　一仁,福島　一仁,,,昭59. 5. 1,kyushu/000491319.zip
薬局,41,0142037,久保薬局中町店,佐賀市白山１丁目５番２３号,0952-26-2817,有限会社　久保薬局　代表取締役　久保寛和,西尾　亜砂美,,,昭60. 10. 1,kyushu/000491319.zip
薬局,41,0142219,神代薬局　本庄店,佐賀市本庄町大字本庄８８８番地８,0952-23-2577,株式会社　神代薬局　代表取締役　神代　剛,齊藤　悠介,,,昭62. 1. 1,kyushu/000491319.zip
薬局,41,0142334,栄城薬局,佐賀市城内２丁目２番６０号,0952-24-7819,川副　隆裕,川副　隆裕,,,昭63. 6. 1,kyushu/000491319.zip
薬局,41,0142417,株式会社　愛敬薬局高木町支店,佐賀市高木町５番１２号,0952-26-5793,株式会社　愛敬薬局　代表取締役　大久保　正明,武下　欣二,,,平元. 2. 1,kyushu/000491319.zip
薬局,41,0142540,株式会社　愛敬薬局松原支店,佐賀市松原４丁目３番９号,0952-23-4193,株式会社　愛敬薬局　代表取締役　大久保　正明,角町　理早,,,平2. 4. 1,kyushu/000491319.zip
薬局,41,0142565,有限会社　伊勢薬局,佐賀市伊勢町１番８号,0952-22-2897,有限会社　伊勢薬局　代表取締役　木室一寿,木室　千悦,,,平2. 4. 1,kyushu/000491319.zip
薬局,41,0142573,有限会社　伊勢薬局神野店,佐賀市神園２丁目７番３号,0952-31-9567,有限会社　伊勢薬局　代表取締役　木室一寿,江原　竜治,,,平2. 4. 1,kyushu/000491319.zip
薬局,41,0142607,昭栄調剤薬局,佐賀市長瀬町７番２６号,0952-29-6606,有限会社　昭栄調剤薬局　代表取締役　西村　晋,相田　昌子,,,平2. 10. 1,kyushu/000491319.zip
薬局,41,0142631,有限会社　南佐賀調剤薬局,佐賀市南佐賀二丁目１番１５号,0952-29-4655,有限会社　南佐賀調剤薬局　代表取締役　梅崎　弘之,梅崎　潤一,,,平2. 11. 1,kyushu/000491319.zip
薬局,41,0142649,久保薬局中の小路店,佐賀市中の小路７番１６号,0952-24-2882,有限会社　久保薬局　代表取締役　久保寛和,新郷　伸子,,,平2. 11. 1,kyushu/000491319.zip
薬局,41,0142680,シンセイ薬局,佐賀市神園４丁目７番１５号,0952-30-0065,有限会社　シンセイ薬局　代表取締役　岩本勝幸,古賀　秀昌,,,平3. 7. 1,kyushu/000491319.zip
薬局,41,0142722,久保薬局西与賀店,佐賀市西与賀町大字厘外８５９番地１６,0952-22-2311,有限会社　久保薬局　代表取締役　久保　寛和,吉冨　和敏,,,平4. 8. 1,kyushu/000491319.zip
薬局,41,0142730,駅前第一薬局,佐賀市駅南本町６番４号第一生命ビル５Ｆ,0952-22-4928,株式会社　カールトン　代表取締役　吉岡　弘,百武　裕起,,,平4. 9. 1,kyushu/000491319.zip
薬局,41,0142771,溝上薬局　堀川店,佐賀市堀川町１番１８号,0952-23-7747,株式会社　ミズ　代表取締役　溝上　泰興,宮地　良光,,,平4. 10. 1,kyushu/000491319.zip
薬局,41,0142789,溝上薬局　県庁前　林店,佐賀市松原１丁目４番６号,0952-26-8331,株式会社　ミズ　代表取締役　溝上　泰興,林　俊輔,,,平4. 10. 1,kyushu/000491319.zip
薬局,41,0142797,タカトリ薬局,佐賀市天神２丁目５番２号,0952-23-4563,有限会社　タカトリ薬局　代表取締役　高取　幸司,高取　茂詔,,,平4. 11. 1,kyushu/000491319.zip
薬局,41,0142870,株式会社　愛敬薬局医大前支店,佐賀市鍋島三丁目６番２２号,0952-33-8793,株式会社　愛敬薬局　代表取締役　大久保　正明,堤　保幸,,,平5. 7. 1,kyushu/000491319.zip
薬局,41,0142888,株式会社　愛敬薬局開成支店,佐賀市開成３丁目５番６号,0952-32-5793,株式会社　愛敬薬局　代表取締役　大久保　正明,神髙　正憲,,,平5. 10. 1,kyushu/000491319.zip
薬局,41,0142938,アイ薬局,佐賀市開成６丁目１２３番地９,0952-33-6655,有限会社　デイ・テイ・エイ　代表取締役　増田　泉,中山　真由子,,,平6. 4. 1,kyushu/000491319.zip
薬局,41,0142946,虹の薬局,佐賀市神野東４丁目９番２１号,0952-32-2077,有限会社　佐賀保健企画　代表取締役　中嶋　宏樹,中嶋　宏樹,,,平6. 5. 1,kyushu/000491319.zip
薬局,41,0142953,溝上薬局　空港通り店,佐賀市本庄町袋２８８番地１,0952-28-1513,株式会社　ミズ　代表取締役　溝上　泰興,田頭　加代子,,,平6. 5. 1,kyushu/000491319.zip
薬局,41,0143001,株式会社　愛敬薬局中央支店,佐賀市中央本町３番９号,0952-22-5793,株式会社　愛敬薬局　代表取締役　大久保　正明,原口　仁始,,,平6. 12. 1,kyushu/000491319.zip
薬局,41,0143019,株式会社　ドンキー薬局,佐賀市巨勢町大字牛島５９８番地１,0952-23-6818,株式会社　ドンキー薬局　代表取締役　宮地広子,宮地　広子,,,平7. 6. 1,kyushu/000491319.zip
薬局,41,0143027,神代薬局　枳小路店,佐賀市水ケ江２丁目９番７号,0952-28-6665,株式会社　神代薬局　代表取締役　神代　剛,江原　敏満,,,平7. 11. 1,kyushu/000491319.zip
薬局,41,0143035,有限会社　永松薬局,佐賀市中央本町１番２４号,0952-26-6523,有限会社　永松薬局　代表取締役　永松　良紹,永松　良紹,,,平8. 3. 1,kyushu/000491319.zip
薬局,41,0143050,株式会社　愛敬薬局兵庫支店,佐賀市兵庫南３丁目１番３号,0952-29-5793,株式会社　愛敬薬局　代表取締役　大久保　正明,古賀　敦士,,,平8. 4. 1,kyushu/000491319.zip
薬局,41,0143092,さくら薬局,佐賀市高木瀬西２丁目１６番１４号,0952-32-2465,有限会社　ファーマシステムズ　代表取締役　川岸準治,川岸　準治,,,平8. 7. 1,kyushu/000491319.zip
薬局,41,0143175,なべしま薬局,佐賀市鍋島町大字八戸溝１６０４番地７,0952-34-4118,有限会社　かみぞの薬局　取締役　田中　須磨代,田中　須磨代,,,平9. 11. 1,kyushu/000491319.zip
薬局,41,0143183,有限会社　かせ薬局,佐賀市嘉瀬町大字十五２３０５番地２,0952-27-9070,有限会社　かせ薬局　代表取締役　永廣　英展,久富　大聖,,,平10. 1. 1,kyushu/000491319.zip
薬局,41,0143274,春風薬局,佐賀市兵庫南一丁目１２番９号,0952-27-8955,株式会社　春風薬局　代表取締役　宇土　隆,大坪　慶子,,,平10. 11. 1,kyushu/000491319.zip
薬局,41,0143308,のぐち薬局　医大西通り店,佐賀市鍋島五丁目３番５号,0952-33-9382,有限会社　のぐち薬局　代表取締役　野口　敬介,野口　敬介,,,平10. 12. 1,kyushu/000491319.zip
薬局,41,0143324,三漢薬局,佐賀市神野東四丁目１番１号,0952-34-4510,有限会社　三浦商店　代表取締役　三浦　公義,三浦　暢世,,,平11. 1. 1,kyushu/000491319.zip
薬局,41,0143415,溝上薬局　医大南センター店,佐賀市鍋島２丁目６番７号,0952-34-1991,株式会社　ミズ　代表取締役　溝上　泰興,森　勇人,,,平11. 11. 1,kyushu/000491319.zip
薬局,41,0143449,のぞみ薬局,佐賀市開成一丁目４番４号,0952-36-9220,有限会社　のぞみ薬局　代表取締役　久保　陽平,久保　陽平,,,平12. 4. 1,kyushu/000491319.zip
薬局,41,0143464,有限会社　ハロー薬局佐賀天神店,佐賀市天神二丁目１番２５号,0952-28-1033,有限会社　ハロー薬局佐賀天神店　代表取締役　小川　孝之,小川　孝之,,,平12. 9. 1,kyushu/000491319.zip
薬局,41,0143506,さつき薬局,佐賀市天神１丁目４番３４号,0952-24-5477,有限会社　さつき薬局　代表取締役　西　智佐子,西　保洋,,,平13. 1. 1,kyushu/000491319.zip
薬局,41,0143621,そうごう薬局　佐賀兵庫店,佐賀市兵庫町大字渕１９０４番地１０,0952-36-8651,総合メディカル株式会社　代表取締役　多田　荘一郎,森　一紀,,,平14. 2. 1,kyushu/000491319.zip
薬局,41,0143639,株式会社　愛敬薬局兵庫西支店,佐賀市兵庫南二丁目１５番２７号,0952-23-5793,株式会社　愛敬薬局　代表取締役　大久保　正明,大嶌　利彦,,,平14. 3. 1,kyushu/000491319.zip
薬局,41,0143662,有限会社　伊勢薬局　本庄店,佐賀市本庄町大字本庄８６０番地１６,0952-27-7880,有限会社　伊勢薬局　代表取締役　木室　一寿,藤井　千衣子,,,平14. 9. 1,kyushu/000491319.zip
薬局,41,0143670,くぼ薬局医大通り店,佐賀市鍋島三丁目２番１号,0952-32-1133,有限会社　久保薬局　代表取締役　久保寛和,中村　幸佑,,,平14. 10. 1,kyushu/000491319.zip
薬局,41,0143696,やまぐち薬局　兵庫南店,佐賀市兵庫南三丁目１４番２５号,0952-26-7755,有限会社　やまぐち薬局　代表取締役　隈本　稔,中野　裕人,,,平15. 1. 1,kyushu/000491319.zip
薬局,41,0143704,佐賀北薬局,佐賀市高木瀬町大字長瀬１２４４番地２,0952-30-6091,ジンフィールド株式会社　代表取締役　野村　隆志,島内　知子,,,平15. 3. 1,kyushu/000491319.zip
薬局,41,0143712,国立佐賀病院前　春風薬局,佐賀市日の出一丁目２１番１号,0952-36-5454,株式会社　春風薬局　代表取締役　宇土　隆,片山　幸樹,,,平15. 4. 1,kyushu/000491319.zip
薬局,41,0143720,こうの薬局,佐賀市神野東３丁目７番８号,0952-30-4346,石井　拓也,石井　拓也,,,平15. 5. 12,kyushu/000491319.zip
薬局,41,0143761,株式会社　愛敬薬局　神野支店,佐賀市神野東二丁目４番２４号,0952-31-5793,株式会社　愛敬薬局　代表取締役　大久保　正明,鳥谷　勇次,,,平15. 9. 1,kyushu/000491319.zip
薬局,41,0143787,ひので薬局　高木瀬店,佐賀市高木瀬東四丁目８４８番２号,0952-34-5678,有限会社　サンライズ　代表取締役　鍵山　士郎,大島　融子,,,平15. 9. 1,kyushu/000491319.zip
薬局,41,0143795,神代薬局　若宮店,佐賀市若宮一丁目１９番３０号,0952-36-6275,株式会社　神代薬局　代表取締役　神代　剛,岡　忠久,,,平15. 11. 1,kyushu/000491319.zip
薬局,41,0143811,オガサワラ薬局,佐賀市西与賀町大字厘外１５９６番地２３,0952-23-3665,小笠原　光一,小笠原　光一,,,平16. 1. 1,kyushu/000491319.zip
薬局,41,0143829,タカトリ薬局　大財店,佐賀市大財三丁目５番１２号,0952-23-4371,有限会社　タカトリ薬局　代表取締役　高取　幸司,高取　幸司,,,平16. 2. 1,kyushu/000491319.zip
薬局,41,0143845,神代薬局　木原店,佐賀市木原三丁目２番１５号,0952-29-5607,株式会社　神代薬局　代表取締役　神代　剛,奥城　法之,,,平16. 4. 1,kyushu/000491319.zip
薬局,41,0143886,溝上薬局　兵庫店,佐賀市兵庫南２丁目１４番２０号,0952-28-7026,株式会社　ミズ　代表取締役　溝上　泰興,島ノ江　学,,,平16. 9. 1,kyushu/000491319.zip
薬局,41,0143894,神代薬局　松原店,佐賀市松原三丁目１番１３号,0952-41-2890,株式会社　神代薬局　代表取締役　神代　剛,糸山　さやか,,,平16. 11. 1,kyushu/000491319.zip
薬局,41,0143928,今泉薬局鍋島アーガス店,佐賀市八戸溝三丁目１２番２０号,0952-36-8577,有限会社　今泉薬局　代表取締役　今泉　德子,今村　祐介,,,平16. 11. 1,kyushu/000491319.zip
薬局,41,0143969,みどり薬局,佐賀市多布施四丁目２５番１号,0952-23-3237,株式会社　カールトン　代表取締役　吉岡　弘,西口　亮子,,,平17. 3. 22,kyushu/000491319.zip
薬局,41,0144009,溝上薬局　大財店,佐賀市大財１丁目８番３９号,0952-26-5593,株式会社　ミズ　代表取締役　溝上　泰興,今村　小百合,,,平17. 12. 1,kyushu/000491319.zip
薬局,41,0144041,ヤマト薬局　立石店,佐賀市大和町大字東山田２１００番地５,0952-51-2882,有限会社　養正会　代表取締役　鍵山　俊明,池田　信博,,,平18. 10. 1,kyushu/000491319.zip
薬局,41,0144058,中原薬局　神野店,佐賀市神野東一丁目３番３０号,0952-26-1221,株式会社　中原薬局　代表取締役　吉田　博順,吉田　永美子,,,平18. 11. 1,kyushu/000491319.zip
薬局,41,0144066,コーソ薬局　佐大通り店,佐賀市本庄町大字本庄５４１番地７,0952-27-8122,株式会社　コーソ薬局　代表取締役　高祖　厚志,高祖　毅志,,,平18. 12. 1,kyushu/000491319.zip
薬局,41,0144090,ひかり薬局　兵庫店,佐賀市兵庫町大字渕１３３３番地４,0952-27-4511,Ｕ．アソシエート株式会社　代表取締役　久野　真也,小宮　眞宏,,,平19. 2. 1,kyushu/000491319.zip
薬局,41,0144124,らいふ薬局　木原店,佐賀市木原２丁目１７番１０号,0952-27-9555,株式会社　ナチュラルライフ　代表取締役　海老澤　修,射場　茂樹,,,平19. 5. 1,kyushu/000491319.zip
薬局,41,0144140,らいふ薬局　兵庫店,佐賀市巨勢町修理田１２２６番地４,0952-27-0025,株式会社　ナチュラルライフ　代表取締役　海老澤　修,祖川　由樹,,,平19. 5. 1,kyushu/000491319.zip
薬局,41,0144157,らいふ薬局　医大通り店,佐賀市鍋島一丁目３番５号,0952-36-7055,株式会社　ナチュラルライフ　代表取締役　海老澤　修,木下　和彦,,,平19. 8. 1,kyushu/000491319.zip
薬局,41,0144165,溝上薬局　エスプラッツ店,佐賀市白山二丁目７番１号,0952-27-8228,株式会社　ミズ　代表取締役　溝上　泰興,深堀　寛太,,,平19. 9. 1,kyushu/000491319.zip
薬局,41,0144181,溝上薬局　高木瀬店,佐賀市高木瀬西四丁目６番１４号,0952-32-5353,株式会社　ミズ　代表取締役　溝上　泰興,唐島　綾,,,平19. 12. 1,kyushu/000491319.zip
薬局,41,0144207,株式会社　愛敬薬局高木瀬支店,佐賀市高木瀬西５丁目１５番２９号,0952-32-1293,株式会社　愛敬薬局　代表取締役　大久保　正明,塚原　由大,,,平20. 4. 1,kyushu/000491319.zip
薬局,41,0144215,株式会社　愛敬薬局夢咲支店,佐賀市兵庫北２丁目３０番２１号,0952-33-5793,株式会社　愛敬薬局　代表取締役　大久保　正明,大久保　正規,,,平20. 5. 1,kyushu/000491319.zip
薬局,41,0144264,神代薬局　大和店,佐賀市大和町尼寺２６４１番地３,0952-62-6840,株式会社　神代薬局　代表取締役　神代　剛,松田　善憲,,,平21. 1. 1,kyushu/000491319.zip
薬局,41,0144280,ふくしま薬局　通小路店,佐賀市松原４丁目３番２０号,0952-20-2180,有限会社　福島薬局　代表取締役　福島一仁,福島　あさ子,,,平21. 3. 1,kyushu/000491319.zip
薬局,41,0144322,春風薬局　大和店,佐賀市大和町大字尼寺字一本松３４２９番地１,0952-62-8700,株式会社　春風薬局　代表取締役　宇土　隆,宇土　隆,,,平21. 12. 1,kyushu/000491319.zip
薬局,41,0144363,ペリカン薬局　川副店,佐賀市川副町小々森９６７番地１８,0952-34-7522,株式会社　シンクロファーマネット１４　代表取締役　熊本　奈美,立川　堅志郎,,,平22. 5. 1,kyushu/000491319.zip
薬局,41,0144371,アルナ薬局　国立佐賀病院東側店,佐賀市日の出一丁目２番１号,0952-97-8194,株式会社アルナ薬局　代表取締役　渡邊　総一郎,権藤　美里,,,平22. 6. 1,kyushu/000491319.zip
薬局,41,0144405,らいふ薬局　高木瀬店,佐賀市高木瀬東二丁目４番８号,0952-34-1600,株式会社　ナチュラルライフ　代表取締役　海老澤　修,馬場　一輝,,,平22. 9. 1,kyushu/000491319.zip
薬局,41,0144421,神代薬局　神野東店,佐賀市神野東四丁目３番１５号,0952-60-1213,株式会社　神代薬局　代表取締役　神代　剛,吾妻　千織,,,平22. 10. 1,kyushu/000491319.zip
薬局,41,0144454,神代薬局　北部バイパス店,佐賀市若宮三丁目１番２２号,0952-34-4666,株式会社　神代薬局　代表取締役　神代　剛,長池　司,,,平23. 1. 1,kyushu/000491319.zip
薬局,41,0144470,カールトン　いな穂薬局,佐賀市新郷本町２４番１２号,0952-37-9531,株式会社　カールトン　代表取締役　吉岡　弘,林　誉史,,,平23. 4. 1,kyushu/000491319.zip
薬局,41,0144488,くすだ薬局,佐賀市与賀町４－２８,0952-29-5611,株式会社　くすだ薬局　代表取締役　楠田　雅博,楠田　和成,,,平23. 5. 1,kyushu/000491319.zip
薬局,41,0144496,カールトン　あお葉薬局,佐賀市大和町尼寺３１２９番地１,0952-64-9812,株式会社　カールトン　代表取締役　吉岡　弘,萩野　則子,,,平23. 6. 1,kyushu/000491319.zip
薬局,41,0144538,こやなぎ薬局,佐賀市川副町大字鹿江１０５９－８,0952-37-8910,小栁　貴亮,小栁　貴亮,,,平23. 10. 1,kyushu/000491319.zip
薬局,41,0144546,佐賀北薬局　２号店,佐賀市高木瀬町大字長瀬１２４６－２,0952-97-9920,ジンフィールド株式会社　代表取締役　野村　隆志,野村　隆志,,,平23. 10. 1,kyushu/000491319.zip
薬局,41,0144553,ピース薬局　ドライブスルー夢咲店,佐賀市兵庫北２丁目２５番３号,0952-97-9237,有限会社　サンライズ　代表取締役　鍵山　士郎,蒔田　彩,,,平23. 11. 1,kyushu/000491319.zip
薬局,41,0144561,やまぐち薬局　大和川上店,佐賀市大和町川上３２４－３,0952-62-0751,有限会社　やまぐち薬局　代表取締役　隈本　稔,川﨑　一範,,,平23. 12. 1,kyushu/000491319.zip
薬局,41,0144579,溝上薬局　久保泉店,佐賀市久保泉町上和泉２２３５－３,0952-98-1599,株式会社　ミズ　代表取締役　溝上　泰興,髙倉　浩平,,,平24. 10. 1,kyushu/000491319.zip
薬局,41,0144595,かみぞの薬局,佐賀市神園６－４－２０,0952-33-8820,株式会社ひびき　代表取締役　小島　英紀,小島　英紀,,,平24. 11. 1,kyushu/000491319.zip
薬局,41,0144637,らいふ薬局　佐賀県医療センター好生館前店,佐賀市嘉瀬町中原４００,0952-41-7370,株式会社　ナチュラルライフ　代表取締役　海老澤　修,栗原　朝子,,,平25. 5. 1,kyushu/000491319.zip
薬局,41,0144645,福神調剤薬局　佐賀駅前店,佐賀市駅前中央１－１０－３７佐賀駅前センタービル　６Ｆ,0952-25-8808,株式会社　ワタナベ　代表取締役　渡邊　郁夫,三根　愛子,,,平25. 5. 1,kyushu/000491319.zip
薬局,41,0144652,ロングサン薬局,佐賀市水ケ江１丁目４－４６,0952-23-4473,株式会社　ロングサン薬局　代表取締役　川内　信幸,川内　香澄,,,平25. 5. 1,kyushu/000491319.zip
薬局,41,0144660,ショーエイ薬局　光法店,佐賀市北川副町光法１４８４番地１２,0952-27-0027,有限会社　昭栄調剤薬局　代表取締役　西村　晋,力武　由記子,,,平25. 11. 1,kyushu/000491319.zip
薬局,41,0144678,アルナ薬局　好生館前店,佐賀市嘉瀬町扇町２４７２－１,0952-37-5005,株式会社アルナ薬局　代表取締役　渡邊　総一郎,清本　泰平,,,平25. 12. 1,kyushu/000491319.zip
薬局,41,0144686,神代薬局　嘉瀬店,佐賀市嘉瀬町中原１９７９番４号,0952-27-7555,株式会社　神代薬局　代表取締役　神代　剛,西岡　英樹,,,平26. 1. 1,kyushu/000491319.zip
薬局,41,0144694,ひので薬局　城北店,佐賀市高木瀬西１丁目２－１,0952-34-4355,有限会社　サンライズ　代表取締役　鍵山　士郎,野田　容子,,,平26. 2. 1,kyushu/000491319.zip
薬局,41,0144702,ひので薬局　北部店,佐賀市高木瀬東３丁目４－１５,0952-31-9646,有限会社　サンライズ　代表取締役　鍵山　士郎,堤　佳子,,,平26. 2. 1,kyushu/000491319.zip
薬局,41,0144710,そうごう薬局　高木瀬店,佐賀市高木瀬町大字長瀬９６９番地１,0952-37-5561,総合メディカル株式会社　代表取締役　多田　荘一郎,村山　皓紀,,,平26. 6. 1,kyushu/000491319.zip
薬局,41,0144728,溝上薬局　木原店,佐賀市木原一丁目２４番４０号,0952-37-8638,株式会社　ミズ　代表取締役　溝上　泰興,福手　吉典,,,平26. 6. 1,kyushu/000491319.zip
薬局,41,0144736,やまぐち薬局　嘉瀬扇町店,佐賀市嘉瀬町扇町２４６９番２６,0952-22-2231,有限会社　やまぐち薬局　代表取締役　隈本　稔,百武　崇典,,,平26. 7. 1,kyushu/000491319.zip
薬局,41,0144769,宇都宮薬局,佐賀市水ケ江４丁目２番１０号,0952-22-9335,有限会社　宇都宮薬局　代表取締役　宇都宮　圭,宇都宮　麻希子,,,平27. 4. 20,kyushu/000491319.zip
薬局,41,0144777,ひかり薬局　鍋島店,佐賀市鍋島町森田５９４－５,0952-33-2325,Ｕ．アソシエート株式会社　代表取締役　久野　真也,岩本　舞,,,平27. 5. 1,kyushu/000491319.zip
薬局,41,0144785,カワハラ薬局,佐賀市川原町５－１７,0952-23-5214,株式会社カワハラ薬局　代表取締役　貞島　孝光,内山　哲裕,,,平27. 6. 1,kyushu/000491319.zip
薬局,41,0144801,ひかり薬局　鍋島西店,佐賀市鍋島町森田６０８－１,0952-32-7355,Ｕ．アソシエート株式会社　代表取締役　久野真也,相川　有里子,,,平28. 4. 18,kyushu/000491319.zip
薬局,41,0144827,ほのぼの薬局兵庫南店,佐賀市兵庫南１丁目２０－２４,0952-97-8850,有限会社アキメディカル　代表取締役　山本晶弘,實松　紋,,,平28. 10. 11,kyushu/000491319.zip
薬局,41,0144843,株式会社愛敬薬局嘉瀬町支店,佐賀市嘉瀬町扇町２４７７－１０,0952-29-4193,株式会社愛敬薬局　代表取締役　大久保正明,増山　多佳子,,,平29. 3. 21,kyushu/000491319.zip
薬局,41,0144868,神代薬局　八田店,佐賀市北川副町新郷７３２－１,0952-27-9123,株式会社神代薬局　代表取締役　神代　剛,中山　智美,,,平29. 11. 1,kyushu/000491319.zip
薬局,41,0144876,アサヒ薬局,佐賀市金立町金立２２１２－２７,0952-71-8088,株式会社アサヒ薬局　代表取締役　鴨川清子,後藤　容子,,,平29. 12. 25,kyushu/000491319.zip
薬局,41,0144892,溝上薬局　さが北警察南店,佐賀市高木瀬町東高木２３１－１４,0952-37-1968,株式会社ミズ　代表取締役　溝上　泰興,末増　千愛,,,平30. 5. 1,kyushu/000491319.zip
薬局,41,0144918,日新薬局,佐賀市本庄町本庄１２６６－１０,0952-97-8275,株式会社Ａｌｓａｃｅ　代表取締役　麻見　尚史,石井　妙子,,,平30. 11. 1,kyushu/000491319.zip
薬局,41,0144934,溝上薬局　医大通り店,佐賀市鍋島１－４－２６,0952-33-9339,株式会社　ミズ　代表取締役　溝上　泰興,本　敬太郎,,,平31. 4. 1,kyushu/000491319.zip
薬局,41,0144942,いけだ薬局西堀端店,佐賀市赤松町１－９,0952-24-0988,株式会社いけだ薬局　代表取締役　池田　博規,原口　幸子,,,令元. 10. 1,kyushu/000491319.zip
薬局,41,0144959,いけだ薬局北部店,佐賀市高木瀬町東高木２４３－２,0952-32-0737,株式会社いけだ薬局　代表取締役　池田　博規,酒井　淳子,,,令元. 10. 1,kyushu/000491319.zip
薬局,41,0144967,いけだ薬局みなみ店,佐賀市東与賀町下古賀１１２４－１９,0952-45-8530,株式会社いけだ薬局　代表取締役　池田　博規,池田　博規,,,令元. 10. 1,kyushu/000491319.zip
薬局,41,0144975,溝上薬局　本店,佐賀市水ケ江１－２－２２,0952-24-2555,株式会社　ミズ　代表取締役　溝上　泰興,野中　和哉,,,令2. 1. 1,kyushu/000491319.zip
薬局,41,0144991,溝上薬局　コムボックス佐賀駅前店,佐賀市駅前中央１－４－１７,0952-20-0721,株式会社　ミズ　代表取締役　溝上　泰興,福島　雅隆,,,令2. 7. 1,kyushu/000491319.zip
薬局,41,0145014,カイドー薬局　好生堂店,佐賀市川副町犬井道６２５－２,0952-45-6934,株式会社　コーソ薬局　代表取締役　高祖　厚志,千々岩　里紗,,,令2. 10. 1,kyushu/000491319.zip
薬局,41,0145022,カイドー薬局　大和店,佐賀市大和町尼寺２７５４－６,0952-62-7003,株式会社　コーソ薬局　代表取締役　高祖　厚志,高祖　仁志,,,令2. 10. 1,kyushu/000491319.zip
薬局,41,0145030,宇都宮薬局　中ノ橋小路店,佐賀市水ケ江２－６－２３,0952-37-7503,有限会社　宇都宮薬局　代表取締役　宇都宮　圭,宇都宮　圭,,,令3. 2. 1,kyushu/000491319.zip
薬局,41,0145048,大信薬局久保田店,佐賀市久保田町新田１４６８,0952-97-6671,株式会社グッドフェローズ　代表取締役　吉村　企右,田中　留美,,,令3. 5. 1,kyushu/000491319.zip
薬局,41,0145055,すずな薬局　神野店,佐賀市神野東２－５－３,0952-30-5691,株式会社ライフクリエイト　代表取締役　杉山　雄一,三砂　玉緒,,,令3. 7. 1,kyushu/000491319.zip
薬局,41,0145063,コスモス調剤薬局　開成店,佐賀市開成６丁目７－２,0952-36-5320,株式会社コスモス薬品　代表取締役　横山　英昭,田中　裕士,,,令3. 8. 1,kyushu/000491319.zip
薬局,41,0145071,諸富薬局,佐賀市諸富町諸富津２２９－３,0952-47-3525,有限会社牧薬品　代表取締役　牧　重光,大和　郁子,,,令3. 8. 1,kyushu/000491319.zip
薬局,41,0145089,ひので薬局　かすが店,佐賀市大和町尼寺２５６８－１,0952-37-3455,有限会社　サンライズ　代表取締役　鍵山　士郎,山口　貴広,,,令3. 10. 1,kyushu/000491319.zip
薬局,41,0145105,ひよこ薬局,佐賀市川副町福富８６６－３,0952-34-7417,有限会社サンユードラッグ　代表取締役　池田　美千男,池田　学,,,令4. 1. 10,kyushu/000491319.zip
薬局,41,0145113,本田薬局,佐賀市本庄町本庄１２４０ー１０,0952-26-6313,本田　茂樹,本田　茂樹,,,令4. 5. 1,kyushu/000491319.zip
薬局,41,0145121,神代薬局　末次店,佐賀市本庄町末次２９－２２,0952-60-2646,株式会社　神代薬局　代表取締役　神代　剛,杠　直哉,,,令4. 5. 1,kyushu/000491319.zip
薬局,41,0145139,ほーむ薬局,佐賀市長瀬町３－１８,0952-20-0896,株式会社フロンティア　代表取締役　大石　学,末次　祐子,,,令4. 8. 1,kyushu/000491319.zip
薬局,41,0145147,調剤薬局ツルハドラッグ開成店,佐賀市開成５－９－３２,0952-37-8115,株式会社ツルハグループドラッグ＆ファーマシー西日本　代表取締役　村上　正一,笹田　真帆,,,令4. 8. 1,kyushu/000491319.zip
薬局,41,0145154,大和漢方水堂薬局,佐賀市大和町尼寺３０４２－６,0952-64-8877,株式会社ミズ　代表取締役　溝上　泰興,浦山　剛,,,令4. 8. 1,kyushu/000491319.zip
薬局,41,0145162,溝上薬局　ゆめさき店,佐賀市兵庫北５丁目８番７－１号,0952-97-7395,株式会社ミズ　代表取締役　溝上　泰興,湯川　ヒロ孝,,,令4. 8. 1,kyushu/000491319.zip
薬局,41,0145170,神代薬局　白山店,佐賀市白山２－５－１７,0952-60-1694,株式会社　神代薬局　代表取締役　神代　剛,小池　徹,,,令4. 9. 1,kyushu/000491319.zip
薬局,41,0145188,アルナ薬局大和店,佐賀市大和町尼寺３２８６－１,0952-37-3834,株式会社アルナ薬局　代表取締役　渡邊　総一郎,江口　佳徳,,,令5. 1. 16,kyushu/000491319.zip
薬局,41,0145196,日の出薬局,佐賀市高木瀬東５丁目２－８,0952-37-8832,有限会社　サンライズ　代表取締役　鍵山　士郎,中谷　慶一,,,令5. 2. 1,kyushu/000491319.zip
薬局,41,0145204,巨勢公園薬局,佐賀市巨勢町高尾３２４－４８,0952-20-5020,株式会社　みらいワークス　代表取締役　井田　学,秀島　祐二,,,令5. 4. 1,kyushu/000491319.zip
薬局,41,0145212,やまぐち薬局　久保田店,佐賀市久保田町徳万２７８－３,0952-97-4707,有限会社　やまぐち薬局　代表取締役　隈本　稔,富安　剛史,,,令5. 4. 1,kyushu/000491319.zip
薬局,41,0145220,みらいワークス中ノ小路薬局,佐賀市中の小路７－２８,0952-29-2326,株式会社みらいワークス　代表取締役　井田　学,村岡　洋太,,,令5. 5. 1,kyushu/000491319.zip
薬局,41,0145238,あいらんど鍋島薬局,佐賀市鍋島町森田４１６－７,0952-97-9695,株式会社メディカルブランディング　代表取締役　宮﨑　悟,小川　大介,,,令5. 7. 1,kyushu/000491319.zip
薬局,41,0145246,ひかり薬局　大和店,佐賀市大和町大字尼寺３４９９－１１,0952-37-0322,Ｕ．アソシエート株式会社　代表取締役　久野　真也,小宮　千明,,,令5. 10. 6,kyushu/000491319.zip
薬局,41,0145253,佐賀北薬局　高木瀬東店,佐賀市高木瀬東５－１７－１８,0952-31-1611,ジンフィールド　株式会社　代表取締役　野村　隆志,矢ヶ部　秀之,,,令5. 10. 1,kyushu/000491319.zip
薬局,41,0145261,佐賀北薬局　若楠店,佐賀市若楠２－４－１,0952-30-3001,ジンフィールド　株式会社　代表取締役　野村　隆志,野村　昇吾,,,令5. 10. 1,kyushu/000491319.zip
薬局,41,0145279,佐賀北薬局　富士大和温泉病院前店,佐賀市富士町下熊川６４－１,0952-51-0053,ジンフィールド　株式会社　代表取締役　野村　隆志,中島　知美,,,令5. 10. 1,kyushu/000491319.zip
薬局,41,0145287,日本調剤佐大鍋島薬局,佐賀市鍋島５－１－１,0952-36-7330,日本調剤株式会社　代表取締役　小城　和紀,岩本　翔,,,令5. 10. 1,kyushu/000491319.zip
薬局,41,0145295,サンドラッグ佐賀医大通り薬局,佐賀市鍋島一丁目７番４号,0952-37-6726,株式会社　サンドラッグ　代表取締役　貞方　宏司,田中　洋平,,,令6. 2. 1,kyushu/000491319.zip
薬局,41,0145303,アルナ薬局兵庫店,佐賀市兵庫町瓦町９６８－２,0952-29-1079,株式会社アルナ薬局　代表取締役　渡邊　総一郎,栗山　秀晴,,,令6. 3. 1,kyushu/000491319.zip
薬局,41,0145311,エイト薬局　久保田店,佐賀市久保田町徳万２０５２－３,0952-68-4187,株式会社　エイト薬局　代表取締役社長　志岐　誠一郎,清水　裕一朗,,,令6. 7. 1,kyushu/000491319.zip
薬局,41,0145329,さんて薬局,佐賀市嘉瀬町扇町２５０１－４,0952-97-8481,株式会社Ａｌｓａｃｅ　代表取締役　麻見　尚史,小野原　翔子,,,令6. 8. 4,kyushu/000491319.zip
薬局,41,0145337,北山薬局,佐賀市富士町大野１０６０－１５,0952-51-7077,株式会社メディカルブランディング　代表取締役　宮﨑　悟,森友　勇児,,,令6. 8. 1,kyushu/000491319.zip
薬局,41,0145345,大信薬局　大和店,佐賀市大和町大字尼寺２６６９－１,0952-20-1633,株式会社グリット　代表取締役　吉村　企右,行武　由美子,,,令6. 11. 1,kyushu/000491319.zip
薬局,41,0145352,さかなし薬局西与賀店,佐賀市西与賀町高太郎１２０－５,0952-20-1441,株式会社さかなし薬局　代表取締役　坂梨　健太,橋本　政弘,,,令6. 11. 1,kyushu/000491319.zip
薬局,41,0145360,よしおか薬局　寺井店,佐賀市諸富町為重１２１,0952-34-8893,株式会社ウィーズ　代表取締役　芦田　達也,鵜池　由起子,,,令6. 9. 1,kyushu/000491319.zip
薬局,41,0145378,よしおか薬局　早津江店,佐賀市川副町早津江２６９－４,0952-45-5376,株式会社ウィーズ　代表取締役　芦田　達也,野田　知厚,,,令6. 9. 1,kyushu/000491319.zip
薬局,41,0145386,よしおか薬局　尼寺店,佐賀市大和町尼寺２５２８－２,0952-62-7761,株式会社ウィーズ　代表取締役　芦田　達也,武藤　悠佑,,,令6. 9. 1,kyushu/000491319.zip
薬局,41,0145394,よしおか薬局　太田店,佐賀市諸富町大堂９１１－３,0952-47-3322,株式会社ウィーズ　代表取締役　芦田　達也,松枝　三枝子,,,令6. 9. 1,kyushu/000491319.zip
薬局,41,0145402,アルナ薬局神野西店,佐賀市神野西１－５－１５,0952-20-8017,株式会社アルナ薬局　代表取締役　渡邊　総一郎,御厨　恵美子,,,令6. 12. 1,kyushu/000491319.zip
薬局,41,0145410,溝上薬局　下田町店,佐賀市下田町３－２７－１,0952-24-2276,株式会社ミズ　代表取締役　溝上　泰興,岩橋　弘典,,,令7. 2. 1,kyushu/000491319.zip
薬局,41,0145428,アルナ薬局嘉瀬店,佐賀市嘉瀬町大字扇町２３４４－３４,0952-97-9067,株式会社アルナ薬局　代表取締役　渡邊　総一郎,中山　邦宏,,,令7. 5. 1,kyushu/000491319.zip
薬局,41,0145436,高木瀬薬局,佐賀市高木瀬町大字長瀬９６９番７,0952-31-3005,有限会社高木瀬薬局　代表取締役　志田　茂敏,志田　茂敏,,,令7. 5. 1,kyushu/000491319.zip
薬局,41,0145444,とまと薬局,佐賀市大和町尼寺２５３３－１,0952-51-2155,合同会社ＭＭコーポレーション　代表社員　村井　美穂子,村井　美穂子,,,令7. 9. 1,kyushu/000491319.zip
薬局,41,0145451,溝上薬局　本庄佐大南店,佐賀市本庄町本庄２７０－９,0952-37-8264,株式会社ミズ　代表取締役　溝上　泰興,生嶋　香里,,,令8. 3. 1,kyushu/000491319.zip
薬局,41,0145469,すずな薬局　久保田店,佐賀市久保田町大字新田１１２６－６,0952-68-3835,株式会社ライフクリエイト　代表取締役　杉山　雄一,横尾　京子,,,令8. 3. 1,kyushu/000491319.zip
薬局,41,0145477,海浜総合薬局　諸富店,佐賀市諸富町山領４５９－８,0952-20-8350,株式会社ＬＵＭＩＮＡ　代表取締役　榎田　泰介,榎田　泰介,,,令8. 6. 1,kyushu/000491319.zip
薬局,41,0145485,タイガー薬局,佐賀市北川副町光法１５９８－１,0952-27-3088,合同会社Ｍファーマ　代表社員　望月　京保,望月　京保,,,令8. 5. 1,kyushu/000491319.zip
薬局,41,0145493,神代薬局　本庄店,佐賀市本庄町本庄８８８－９,0952-60-5344,株式会社　神代薬局　代表取締役　神代　剛,占野　晃士,,,令8. 7. 1,kyushu/000491319.zip
薬局,41,0240039,有限会社　唐津薬局,唐津市中町１５１３番地２８,0955-74-6121,有限会社　唐津薬局　代表取締役　原田　晃,原田　晃,,,昭32. 9. 1,kyushu/000491319.zip
薬局,41,0240864,薬局神田店,唐津市神田２２０２番地６０,0955-74-1646,株式会社　薬店　代表取締役　　省治郎,光武　充代,,,昭62. 11. 1,kyushu/000491319.zip
薬局,41,0240872,薬局一中通り店,唐津市新興町８０番,0955-73-5441,株式会社　薬店　代表取締役　　省治郎,古川　武史,,,昭63. 11. 1,kyushu/000491319.zip
薬局,41,0240914,薬局城内店,唐津市南城内６７番地,0955-72-3595,株式会社　薬店　代表取締役　　省治郎,　麻依子,,,平元. 10. 1,kyushu/000491319.zip
薬局,41,0240948,有限会社　唐津薬局用尺支店,唐津市和多田用尺１２番３９号,0955-73-3585,有限会社　唐津薬局　代表取締役　原田　晃,原田　将光,,,平4. 2. 1,kyushu/000491319.zip
薬局,41,0240955,みね薬局,唐津市山本１５４３番地,0955-78-2480,有限会社　峰薬局　代表取締役　峰　晃子,峰　達子,,,平4. 3. 1,kyushu/000491319.zip
薬局,41,0241045,馬場薬局　和多田店,唐津市和多田用尺２９３９番地６,0955-73-0834,株式会社　馬場薬局　代表取締役　馬場　正浩,大澤　亮平,,,平6. 4. 1,kyushu/000491319.zip
薬局,41,0241102,株式会社　馬場薬局,唐津市千代田町２５８３番地３３,0955-72-4931,株式会社　馬場薬局　代表取締役　馬場　正浩,松尾　明,,,平7. 8. 1,kyushu/000491319.zip
薬局,41,0241110,有限会社　まつばら薬局,唐津市鏡２９０４番地２,0955-77-1294,有限会社　まつばら薬局　代表取締役　小宮　直美,宮﨑　郁恵,,,平7. 9. 1,kyushu/000491319.zip
薬局,41,0241128,山内薬局,唐津市京町１７０１番地５,0955-72-2826,吉冨　寛,吉冨　寛,,,平8. 5. 1,kyushu/000491319.zip
薬局,41,0241151,有限会社　まつばら薬局　西唐津店,唐津市海岸通７１８２番地７８,0955-74-7648,有限会社　まつばら薬局　代表取締役　小宮　直美,小宮　直美,,,平9. 4. 1,kyushu/000491319.zip
薬局,41,0241177,順天堂薬局,唐津市大名小路５番１号,0955-70-1567,有限会社　寺戸薬局　代表取締役　寺戸洋介,寺戸　裕美子,,,平9. 11. 1,kyushu/000491319.zip
薬局,41,0241193,北川薬局　和多田店,唐津市和多田先石７番７０号,0955-70-2080,有限会社　北川薬局　代表取締役　北川　浩太郎,北川　浩太郎,,,平10. 6. 1,kyushu/000491319.zip
薬局,41,0241201,有限会社　まつばら薬局外町店,唐津市船宮町２２４７番地１,0955-72-0668,有限会社　まつばら薬局　代表取締役　　小宮　直美,麻生　香織,,,平10. 6. 1,kyushu/000491319.zip
薬局,41,0241219,薬局　大手小路店,唐津市南城内３番３６号,0955-72-6498,株式会社　薬店　代表取締役　　省治郎,吉田　朋代,,,平10. 8. 1,kyushu/000491319.zip
薬局,41,0241227,株式会社　アガペ鏡山薬局,唐津市鏡４６２０番地１,0955-70-6133,株式会社　アガペ　代表取締役　藤木　一行,川野　千津,,,平10. 10. 1,kyushu/000491319.zip
薬局,41,0241250,山下町つばさ薬局,唐津市山下町１１３５,0955-70-2255,株式会社アミティエ　代表取締役　古賀　由加利,衛藤　陽子,,,平11. 3. 1,kyushu/000491319.zip
薬局,41,0241292,山下至誠堂薬局　山本店,唐津市山本１５６９番地３,0955-78-2483,株式会社　山下至誠堂　代表取締役　山下　善太郎,丸井　優太,,,平11. 8. 1,kyushu/000491319.zip
薬局,41,0241300,山下至誠堂薬局　菜畑店,唐津市菜畑３６１３番地３,0955-75-3678,株式会社　山下至誠堂　代表取締役　山下　善太郎,古屋　秀人,,,平11. 8. 1,kyushu/000491319.zip
薬局,41,0241334,健栄薬局,唐津市栄町２５７６番地１,0955-70-0232,有限会社　健康倶楽部　代表取締役　橋本　高吉,和田　尚也,,,平12. 4. 1,kyushu/000491319.zip
薬局,41,0241359,薬局　生駒店,唐津市鏡２６５３番地１,0955-70-6560,株式会社　薬店　代表取締役　　省治郎,横田　朝子,,,平13. 1. 1,kyushu/000491319.zip
薬局,41,0241375,あさひ薬局　松南店,唐津市鏡新開３９,0955-77-6020,株式会社　あさひ薬局　代表取締役　曲渕　直喜,岸本　美紀,,,平13. 5. 1,kyushu/000491319.zip
薬局,41,0241383,馬場薬局　海岸店,唐津市海岸通７１８２番地４４１,0955-73-3236,株式会社　馬場薬局　代表取締役　馬場　正浩,平野　潤,,,平13. 5. 1,kyushu/000491319.zip
薬局,41,0241391,町田薬局,唐津市町田１丁目８番５号前田ビル１Ｆ,0955-75-1567,有限会社イグゼット　代表取締役　井口　英三,石倉　敏充,,,平13. 6. 1,kyushu/000491319.zip
薬局,41,0241474,イノウエ薬局,唐津市和多田南先石８番１号,0955-74-1428,井上　猛雄,井上　猛雄,,,平15. 7. 1,kyushu/000491319.zip
薬局,41,0241482,あさひ薬局　山本店,唐津市山本１３９６番地,0955-53-8770,株式会社　あさひ薬局　代表取締役　曲渕　直喜,竹内　秀典,,,平15. 10. 1,kyushu/000491319.zip
薬局,41,0241516,チヨダ薬局,唐津市栄町２５６９番地１３,0955-74-5457,ｆｒｏｍーｋａ．合資会社　無限責任社員　加々良　芳明,加々良　芳明,,,平16. 2. 1,kyushu/000491319.zip
薬局,41,0241524,セレン薬局,唐津市町田１８０３番地１,0955-75-3116,有限会社　セレン薬局　取締役　柳井　美沙子,桑畑　文雄,,,平16. 9. 1,kyushu/000491319.zip
薬局,41,0241532,薬局　大名小路店,唐津市大名小路７１番地,0955-79-4770,株式会社　薬店　代表取締役　　省治郎,高崎　一,,,平16. 9. 1,kyushu/000491319.zip
薬局,41,0241565,きたはた薬局,唐津市北波多徳須恵１１９８番地２,0955-51-2186,有限会社　きたはた薬局　取締役　大石　裕樹,近藤　仁,,,平17. 4. 1,kyushu/000491319.zip
薬局,41,0241581,有限会社　酒井薬局　唐津バイパス店,唐津市浜玉町横田下９３７番地３,0955-70-5566,有限会社　酒井薬局　代表取締役　酒井　清二,酒井　芙美子,,,平18. 5. 1,kyushu/000491319.zip
薬局,41,0241615,健湊薬局,唐津市湊町７７１番１,0955-79-1010,有限会社　健康倶楽部　代表取締役　橋本　髙吉,浅田　政年,,,平18. 10. 1,kyushu/000491319.zip
薬局,41,0241631,健和薬局,唐津市和多田用尺３８４１番地１,0955-79-5666,有限会社　健康倶楽部　代表取締役　橋本　高吉,髙橋　一樹,,,平19. 5. 1,kyushu/000491319.zip
薬局,41,0241649,らいふ薬局　唐津東町店,唐津市東町１９番地８,0955-65-9777,株式会社　ナチュラルライフ　代表取締役　海老澤　修,髙田　沙也花,,,平19. 5. 1,kyushu/000491319.zip
薬局,41,0241656,あさひ薬局　からつ駅前店,唐津市紺屋町１６７１番地４,0955-70-0370,株式会社　あさひ薬局　代表取締役　曲渕　直喜,関　秀浩,,,平19. 10. 1,kyushu/000491319.zip
薬局,41,0241672,あさひ薬局　本店,唐津市朝日町１０５７番地１９,0955-75-3005,株式会社　あさひ薬局　代表取締役　曲渕　直喜,松本　直也,,,平21. 6. 1,kyushu/000491319.zip
薬局,41,0241680,山下至誠堂薬局　浜玉店,唐津市浜玉町浜崎大西１０５０番地１,0955-70-5310,株式会社　山下至誠堂　代表取締役　山下　善太郎,川添　剛人,,,平22. 11. 1,kyushu/000491319.zip
薬局,41,0241698,健栄さかえ町薬局,唐津市栄町２５７８番地１６,0955-58-9233,有限会社　健康倶楽部　代表取締役　橋本　高吉,水口　忠宣,,,平23. 6. 1,kyushu/000491319.zip
薬局,41,0241706,あさひ薬局　市民グラウンド前店,唐津市和多田天満町１丁目４１２６,0955-58-9123,株式会社　あさひ薬局　代表取締役　曲渕　直喜,宮﨑　邦喜,,,平23. 9. 1,kyushu/000491319.zip
薬局,41,0241722,しろくま薬局　本店,唐津市二タ子４７５１番地３,0955-53-8131,株式会社　しろくま薬局　代表取締役　亀山　達也,髙橋　香奈,,,平24. 3. 1,kyushu/000491319.zip
薬局,41,0241730,馬場薬局　浜崎店,唐津市浜玉町浜崎６１１番８,0955-56-7088,株式会社　馬場薬局　代表取締役　馬場　正浩,田﨑　光代,,,平24. 4. 1,kyushu/000491319.zip
薬局,41,0241748,しろくま薬局　東城内店,唐津市千代田町２１０９－１１０,0955-58-9631,株式会社　しろくま薬局　代表取締役　亀山　達也,吉冨　弥生,,,平24. 5. 1,kyushu/000491319.zip
薬局,41,0241771,かわぞえ薬局,唐津市和多田本村２８５９番２,0955-75-7287,川添　善之,川添　善之,,,平25. 7. 1,kyushu/000491319.zip
薬局,41,0241797,薬局　市役所通り店,唐津市刀町１５３１－１,0955-79-7700,株式会社　薬店　代表取締役　　省治郎,吉田　逸子,,,平25. 10. 15,kyushu/000491319.zip
薬局,41,0241805,山下至誠堂薬局　中央店,唐津市呼子町呼子３７５５－３,0955-82-3320,株式会社　山下至誠堂　代表取締役　山下　善太郎,山﨑　元貴,,,平26. 1. 1,kyushu/000491319.zip
薬局,41,0241813,ロングサン薬局　大名小路店,唐津市大名小路３０８－６　中央ビル１階,0955-75-3320,株式会社　ロングサン薬局　代表取締役　川内　信幸,益田　一水,,,平26. 9. 1,kyushu/000491319.zip
薬局,41,0241821,クローバー薬局,唐津市坊主町５１９－１,0955-58-8577,有限会社イグゼット　代表取締役　井口　英三,桑原　大介,,,平26. 12. 1,kyushu/000491319.zip
薬局,41,0241839,しろくま薬局　鏡店,唐津市鏡２５３７番地１,0955-58-8880,株式会社　しろくま薬局　代表取締役　亀山　達也,南田　知成,,,平27. 3. 1,kyushu/000491319.zip
薬局,41,0241854,はる薬局,唐津市原９１７番地,0955-77-2316,株式会社なの花九州　代表取締役　永冨　将寛,橋口　夏海,,,平28. 6. 1,kyushu/000491319.zip
薬局,41,0241862,一般社団法人唐津東松浦薬剤師会薬局,唐津市和多田２４３３－１,0955-70-1533,一般社団法人唐津東松浦薬剤師会　代表理事　亀山　達也,久保　博嗣,,,平28. 8. 1,kyushu/000491319.zip
薬局,41,0241870,あさひ薬局　相知店,唐津市相知町相知３０５６－１,0955-51-8350,株式会社　あさひ薬局　代表取締役　曲渕直喜,四郎園　直樹,,,平28. 10. 1,kyushu/000491319.zip
薬局,41,0241888,あさひ薬局　キャロット浜玉店,唐津市浜玉町浜崎２２４,0955-53-8449,株式会社あさひ薬局　代表取締役　曲渕直喜,小田　有希子,,,平29. 7. 1,kyushu/000491319.zip
薬局,41,0241896,有限会社まつばら薬局　中央店,唐津市西城内５－１４－２,0955-58-8462,有限会社まつばら薬局　代表取締役　小宮　直美,竹内　秀也,,,平30. 4. 1,kyushu/000491319.zip
薬局,41,0241912,山下至誠堂薬局　肥前店,唐津市肥前町入野甲１９６１－１８,0955-51-6233,株式会社　山下至誠堂　代表取締役　山下　善太郎,山下　沙織,,,平30. 6. 1,kyushu/000491319.zip
薬局,41,0241920,たかはし薬局,佐賀県唐津市呼子町呼子４１８０－１,0955-51-1777,髙橋　由佳,髙橋　由佳,,,平31. 2. 1,kyushu/000491319.zip
薬局,41,0241953,ニコニコ薬局　黒崎店,唐津市浦５０６３－７,0955-72-3000,とみながファルマ株式会社　代表取締役　富永　友詮,富永　友詮,,,令元. 10. 1,kyushu/000491319.zip
薬局,41,0241961,薬局　栄町店,唐津市船宮町２５８８番１３,0955-70-2225,株式会社薬店　代表取締役　　省治郎,　智幸,,,令2. 5. 11,kyushu/000491319.zip
薬局,41,0241979,一般社団法人唐津東松浦薬剤師会薬局七山店,唐津市七山滝川１２５４　七山市民センター地内,0955-58-2020,一般社団法人唐津東松浦薬剤師会　代表理事　亀山　達也,米田　幸輔,,,令2. 6. 1,kyushu/000491319.zip
薬局,41,0241995,とみおか薬局　唐津店,唐津市和多田西山８番１号,0955-58-7221,株式会社とみおか薬局　代表取締役　冨岡　隆史,峰松　敏彦,,,令5. 5. 1,kyushu/000491319.zip
薬局,41,0242001,ゴトウ薬局,唐津市船宮町２５８７－２４,0955-74-6588,五島　広朗,五島　広朗,,,令6. 4. 1,kyushu/000491319.zip
薬局,41,0242019,ならざき薬局,唐津市原１０４３－６,0955-58-9351,株式会社ならざき薬局　代表取締役　﨑　弘毅,﨑　弘毅,,,令6. 4. 1,kyushu/000491319.zip
薬局,41,0242027,とみおか薬局　和多田西山店,唐津市和多田西山３－３４,0955-58-8537,株式会社とみおか薬局　代表取締役　冨岡　隆史,西　康宏,,,令6. 8. 1,kyushu/000491319.zip
薬局,41,0340318,漢方朝日薬局,鳥栖市田代新町１５４番地１,0942-82-2727,西依　健,西依　邦子,,,昭62. 6. 1,kyushu/000491319.zip
薬局,41,0340417,溝上薬局　宿町店,鳥栖市宿町１４５３番地１０,0942-84-0551,株式会社　ミズ　代表取締役　溝上　泰興,權藤　三枝子,,,平4. 12. 1,kyushu/000491319.zip
薬局,41,0340482,さつき薬局,鳥栖市神辺町１２７３番地,0942-82-3931,有限会社　さつき　代表取締役　平岡　敏郎,平岡　敏郎,,,平6. 5. 1,kyushu/000491319.zip
薬局,41,0340490,いちご薬局,鳥栖市宿町１２６３番地７,0942-84-4308,有限会社　いちご調剤薬局　代表取締役　寺﨑　錠治,寺﨑　錠治,,,平6. 6. 1,kyushu/000491319.zip
薬局,41,0340581,一光堂薬局,鳥栖市鎗田町２８８番地１,0942-85-3939,有限会社　一光堂　代表取締役　德渕　昭代,德渕　昭代,,,平11. 6. 1,kyushu/000491319.zip
薬局,41,0340607,あおば薬局,鳥栖市蔵上４丁目３２４番地,0942-81-5517,有限会社　ティー・クラフト　代表取締役　西川　秀武,上村　将文,,,平12. 6. 1,kyushu/000491319.zip
薬局,41,0340623,はらこが薬局,鳥栖市原古賀町１２００番地１,0942-81-2161,有限会社　有志堂薬局　代表取締役　早川　武志,今里　雄也,,,平12. 11. 1,kyushu/000491319.zip
薬局,41,0340656,とまと薬局　鳥栖店,鳥栖市宿町９９４番地８,0942-87-8750,有限会社　とまと薬局　代表取締役　河野　惠子,佐藤　高徳,,,平13. 6. 1,kyushu/000491319.zip
薬局,41,0340680,有限会社　青木薬局　田代店,鳥栖市田代大官町７９９番地６,0942-87-3303,有限会社　青木薬局　取締役　青木　大佳,谷川　くにこ,,,平14. 1. 1,kyushu/000491319.zip
薬局,41,0340698,株式会社　大賀薬局　弥生ヶ丘店,鳥栖市弥生が丘二丁目１４４番地,0942-87-3415,株式会社　大賀薬局　代表取締役　大賀　崇浩,田中　穣,,,平14. 2. 1,kyushu/000491319.zip
薬局,41,0340706,もくば薬局　本町店,鳥栖市本町１丁目９３６番地１,0942-84-0201,有限会社　有志堂薬局　代表取締役　早川　武志,田上　義洋,,,平14. 4. 1,kyushu/000491319.zip
薬局,41,0340722,東町　わたや薬局,鳥栖市東町１丁目１０２０番地,0942-81-3039,株式会社　わたや　代表取締役　松雪　幹一,松雪　幹一,,,平14. 8. 1,kyushu/000491319.zip
薬局,41,0340730,メイプル薬局,鳥栖市蔵上２丁目２１６番地,0942-81-3832,有限会社　ティー・クラフト　代表取締役　西川　秀武,羽山　邦雄,,,平14. 10. 1,kyushu/000491319.zip
薬局,41,0340763,くらのうえ薬局,鳥栖市蔵上４丁目１９５番地,0942-81-5192,株式会社　アリタス　代表取締役　星野　崇,井田　幸子,,,平15. 8. 3,kyushu/000491319.zip
薬局,41,0340789,コーヨー薬局　鳥栖店,鳥栖市宿町９８６番地２,0942-87-5733,株式会社　宏洋　代表取締役　吉永　美恵,大石　雅英,,,平16. 5. 1,kyushu/000491319.zip
薬局,41,0340854,ファイン薬局,鳥栖市曽根崎町字村中２３７４番地,0942-48-5234,福田　恵三,坂井　勝弘,,,平20. 10. 20,kyushu/000491319.zip
薬局,41,0340862,わたや薬局,鳥栖市弥生が丘２丁目２０番地,0942-82-3283,株式会社　わたや　代表取締役　松雪　幹一,松雪　良子,,,平20. 11. 1,kyushu/000491319.zip
薬局,41,0340904,ひとみ薬局,鳥栖市萱方町１９１－２,0942-85-9415,株式会社　ひよこメディカル　代表取締役　辻田　正人,田　正人,,,平23. 8. 1,kyushu/000491319.zip
薬局,41,0340953,溝上薬局　弥生が丘店,鳥栖市弥生が丘五丁目２２２番,0942-50-5600,株式会社　ミズ　代表取締役　溝上　泰興,清松　亜由実,,,平25. 11. 1,kyushu/000491319.zip
薬局,41,0340961,溝上薬局　原町店,鳥栖市原町６７０－１,0942-50-8342,株式会社　ミズ　代表取締役　溝上　泰興,佐藤　貴子,,,平26. 1. 1,kyushu/000491319.zip
薬局,41,0340979,クローバ薬局,鳥栖市宿町１２４７番地５,0942-85-8551,株式会社　きさらぎ　代表取締役　福島　明,福島　明,,,平26. 2. 1,kyushu/000491319.zip
薬局,41,0340987,モリ薬局鳥栖蔵上店,鳥栖市蔵上３－１６２,0942-82-7067,株式会社　ドラッグストアモリ　代表取締役　森　竜馬,上原　一将,,,平26. 4. 1,kyushu/000491319.zip
薬局,41,0340995,ひのき薬局,鳥栖市轟木町１５０９－２,0942-85-9446,有限会社　ジン　代表取締役　吉重　康朗,井伊　千蔵,,,平26. 8. 1,kyushu/000491319.zip
薬局,41,0341001,いなみつ薬局　元町店,鳥栖市元町１３２８－５,0942-50-5732,いなみつ薬局株式会社　代表取締役　稲光　貫太,藤本　淳,,,平26. 11. 1,kyushu/000491319.zip
薬局,41,0341035,スカイメディカルあさひ薬局,鳥栖市西田町２１１番地,0942-50-8062,株式会社スカイメディカルホールディングス　代表取締役　三井所　嘉彦,近本　由夏,,,平27. 2. 1,kyushu/000491319.zip
薬局,41,0341043,きらり薬局　鳥栖店,鳥栖市萱方町１０９－８,0942-50-9803,ＨＹＵＧＡ　ＰＲＩＭＡＲＹ　ＣＡＲＥ株式会社　代表取締役　黒木　哲史,野上　颯子,,,平27. 8. 1,kyushu/000491319.zip
薬局,41,0341068,もみの木薬局,鳥栖市藤木町１４５０－５,0942-87-3023,有限会社　もみの木薬局　代表取締役　井上賀智,井上　賀智,,,平28. 3. 1,kyushu/000491319.zip
薬局,41,0341100,本鳥栖薬局,鳥栖市本鳥栖町６３３番地４５,0942-87-3588,株式会社ネオトス　代表取締役　川﨑　隆,川﨑　隆,,,平29. 4. 1,kyushu/000491319.zip
薬局,41,0341134,サンドラッグ弥生が丘薬局,鳥栖市弥生が丘１－３２,0942-81-3522,株式会社サンドラッグ　代表取締役　貞方　宏司,嬉野　皓大,,,平30. 9. 1,kyushu/000491319.zip
薬局,41,0341159,鳥栖ユーカリ薬局,鳥栖市真木町１９８８－８,0942-50-9505,株式会社ユーカリメディカル　代表取締役　古賀　由加利,吉武　直人,,,令2. 4. 1,kyushu/000491319.zip
薬局,41,0341167,溝上薬局　神辺町店,鳥栖市神辺町１５７２－４,0942-50-5331,株式会社ミズ　代表取締役　溝上　泰興,田中　孝,,,令2. 4. 1,kyushu/000491319.zip
薬局,41,0341175,メロディー薬局,鳥栖市蔵上４－１５３,0942-82-8000,株式会社シオン　代表取締役　三橋　博子,三橋　博子,,,令2. 8. 1,kyushu/000491319.zip
薬局,41,0341183,薬局　ぞうさんのくすり箱,鳥栖市下野町３０９７番地３,0942-81-5007,株式会社ＧＲＯＷＴＨ　代表取締役　田中　萌輝,田中　愛子,,,令2. 9. 1,kyushu/000491319.zip
薬局,41,0341191,アイ薬局　鳥栖店,鳥栖市古賀町３４３,0942-85-8390,有限会社　デイ・テイ・エイ　代表取締役　増田　泉,田﨑　美由紀,,,令2. 10. 1,kyushu/000491319.zip
薬局,41,0341209,フルール薬局,鳥栖市東町１－１０２２－１,0942-85-2606,株式会社ＦＬＡＣ　代表取締役　尾花　和英,菰方　枝里子,,,令3. 1. 1,kyushu/000491319.zip
薬局,41,0341225,大正町薬局もこ,鳥栖市大正町字東浦畑７６９－１,0942-85-7817,埋金　龍二,広野　淳子,,,令4. 11. 1,kyushu/000491319.zip
薬局,41,0341233,むらたの薬局,鳥栖市村田町３０５,0942-85-7185,日新薬品株式会社　代表取締役　白木　貴史,野口　幸子,,,令5. 12. 4,kyushu/000491319.zip
薬局,41,0341241,リアン薬局,鳥栖市元町１２４７番地７,0942-85-7388,株式会社　リアンメディカル　代表取締役　髙尾　明宏,髙尾　明宏,,,令6. 3. 1,kyushu/000491319.zip
薬局,41,0341258,有限会社　ひかり薬局,鳥栖市宿町１４０４－１,0942-83-3371,有限会社　ひかり薬局　代表取締役　光田　聡子,光田　秀平,,,令6. 3. 11,kyushu/000491319.zip
薬局,41,0341266,グリーン薬局,鳥栖市立石町字一本杉２１６０－１,0942-50-6180,有限会社　とまと薬局　代表取締役　河野　惠子,河野　惠子,,,令6. 7. 1,kyushu/000491319.zip
薬局,41,0341274,ウエルシアプラス薬局鳥栖蔵上店,鳥栖市蔵上４－３－３,0942-50-9403,イオンウエルシア九州株式会社　代表取締役　内田　守,佐々木　達啓,,,令6. 8. 1,kyushu/000491319.zip
薬局,41,0341282,ウエルシアプラス薬局鳥栖店,鳥栖市宿町字野添１１５６－１,0942-50-9383,イオンウエルシア九州株式会社　代表取締役　内田　守,藤田　悠希,,,令6. 11. 1,kyushu/000491319.zip
薬局,41,0341290,いなみつ薬局　旭店,鳥栖市村田町１３１－４,0942-50-6637,いなみつ薬局株式会社　代表取締役　稲光　貫太,白石　直希,,,令6. 12. 1,kyushu/000491319.zip
薬局,41,0341308,こぐま薬局,鳥栖市村田町１４１－１０,0942-85-0455,有限会社　こぐま薬局　代表取締役　坂上　光広,坂上　光広,,,令7. 1. 1,kyushu/000491319.zip
薬局,41,0341316,スカイメディカル桜町薬局,鳥栖市桜町字清水ヶ本１４６７－６,0942-50-6650,株式会社スカイメディカルアイ　代表取締役　三井所　大地,松石　裕也,,,令7. 4. 1,kyushu/000491319.zip
薬局,41,0341324,とんぼ薬局,鳥栖市京町７９１－１,0942-85-8190,株式会社　もこ　代表取締役社長　埋金　智子,埋金　智子,,,令7. 4. 1,kyushu/000491319.zip
薬局,41,0341332,まつもと薬局　古野店,鳥栖市古野町１７６番５,0942-50-5437,株式会社まつもと薬局　代表取締役　松本　知也,松本　知也,調剤,,令7. 7. 1,kyushu/000491319.zip
薬局,41,0341340,けやき薬局,鳥栖市古賀町３６０－２,0942-85-3841,株式会社けやき薬局　代表取締役　田川　正浩,石田　香織,,,令7. 5. 7,kyushu/000491319.zip
薬局,41,0341357,はる町薬局,鳥栖市原町１０６９－４,0942-87-7505,株式会社ストレチア　代表取締役　山根　弘,有馬　慶子,,,令7. 10. 1,kyushu/000491319.zip
薬局,41,0341365,ムスカリ薬局,鳥栖市原古賀町８６０－２,0942-85-1415,株式会社みやぐち薬局　代表取締役　宮口　圭里,宮口　友紀,,,令8. 2. 1,kyushu/000491319.zip
薬局,41,0341373,わかば薬局,鳥栖市萱方町１３２－７,0942-84-6401,株式会社タイセイ　代表取締役　佐藤　大成,佐藤　大成,,,令8. 6. 1,kyushu/000491319.zip
薬局,41,0440266,中山薬局,多久市北多久町小侍６０８番地９,0952-75-2330,有限会社　中山薬局　代表取締役　中山直利,東島　辰弥,,,昭60. 5. 1,kyushu/000491319.zip
薬局,41,0440332,アイ薬局　東多久店,多久市東多久町大字別府５３２０番地,0952-76-3763,有限会社　デイ・テイ・エイ　代表取締役　増田　泉,園田　麻美,,,平9. 9. 1,kyushu/000491319.zip
薬局,41,0440340,溝上薬局　多久店,多久市北多久町大字小侍４３番地３６,0952-71-9333,株式会社　ミズ　代表取締役　溝上　泰興,杉町　俊樹,,,平10. 11. 1,kyushu/000491319.zip
薬局,41,0440381,スピカ薬局,多久市北多久町大字小侍５８３４,0952-75-8725,有限会社　キシカワ　代表取締役　岸川　三喜男,岸川　公鼓,,,平15. 8. 1,kyushu/000491319.zip
薬局,41,0440415,博賀堂薬局,多久市北多久町大字多久原２４１４番地７５,0952-74-2727,有限会社　博賀堂　代表取締役　西本　由美子,西本　由美子,,,平20. 7. 12,kyushu/000491319.zip
薬局,41,0440423,有限会社　片桐薬局,多久市北多久町大字小侍８４１番地３,0952-75-2014,有限会社　片桐薬局　代表取締役　片桐　博昭,嘉村　華絵,,,平22. 8. 1,kyushu/000491319.zip
薬局,41,0440431,虹の薬局　多久店,多久市東多久町大字別府３２４５番地２３,0952-71-2087,有限会社　佐賀保健企画　代表取締役　中島　宏樹,宮﨑　陽江,,,平23. 7. 1,kyushu/000491319.zip
薬局,41,0440464,のぞみ薬局,多久市東多久町別府４１６２－５,0952-97-5101,株式会社ニケファーマシー　代表取締役　松山　喜範,大久保　栄太郎,,,令4. 1. 1,kyushu/000491319.zip
薬局,41,0440472,あんず薬局　多久店,多久市東多久町別府３６６６番３,0952-37-8075,株式会社あんず　代表取締役　佐田　泰章,秀島　宏実,,,令7. 7. 1,kyushu/000491319.zip
薬局,41,0440480,アルナ薬局東多久店,多久市東多久町大字別府４１６３－１,0952-20-6606,株式会社アルナ薬局　代表取締役　渡邊　総一郎,藤田　啓三,調剤,,令7. 7. 1,kyushu/000491319.zip
薬局,41,0540057,株式会社　山下薬局,伊万里市伊万里町甲９５番地,0955-22-3810,株式会社　山下薬局　代表取締役　山下　裕一郎,山下　順一郎,,,昭32. 10. 1,kyushu/000491319.zip
薬局,41,0540321,波多津カイセイ薬局,伊万里市波多津町辻３６４９番地,0955-25-0244,株式会社　回生薬局　代表取締役　平野　智也,吉田　直文,,,昭53. 8. 1,kyushu/000491319.zip
薬局,41,0540529,誠心堂薬局　寿通り店,伊万里市新天町６０１番地３,0955-23-5814,有限会社　誠心堂薬局　代表取締役　吉富直助,有薗　竜二,,,平4. 9. 1,kyushu/000491319.zip
薬局,41,0540560,あさひ薬局,伊万里市大坪町丙２１５７番地,0955-22-2758,有限会社　あさひ薬局　代表取締役　緒方　高信,緒方　高信,,,平5. 12. 1,kyushu/000491319.zip
薬局,41,0540636,川東カイセイ薬局,伊万里市二里町大里甲２７５１番地１,0955-23-8281,株式会社　回生薬局　代表取締役　平野　智也,三原　明彦,,,平8. 12. 1,kyushu/000491319.zip
薬局,41,0540669,黒川カイセイ薬局,伊万里市黒川町塩屋２０５番地３,0955-27-1218,株式会社　回生薬局　代表取締役　平野　智也,岡村　佳奈,,,平10. 4. 1,kyushu/000491319.zip
薬局,41,0540685,溝上薬局　伊万里ながおさ店,伊万里市新天町２８１番地８,0955-20-1505,株式会社　ミズ　代表取締役　溝上　泰興,德永　知香,,,平10. 10. 1,kyushu/000491319.zip
薬局,41,0540701,あじさい薬局,伊万里市二里町八谷搦１１３９番地５,0955-20-4390,有限会社　やすみせ薬局　代表取締役　馬場　直佐,馬場　美和,,,平13. 5. 1,kyushu/000491319.zip
薬局,41,0540719,溝上薬局　伊万里蓮池店,伊万里市蓮池町５７番地４,0955-24-9510,株式会社　ミズ　代表取締役　溝上　泰興,古賀　佳奈子,,,平15. 7. 1,kyushu/000491319.zip
薬局,41,0540727,さよがわ薬局,伊万里市山代町立岩２７６４番地７,0955-20-2199,有限会社　やすみせ薬局　代表取締役　馬場　直佐,馬場　直佐,,,平15. 10. 1,kyushu/000491319.zip
薬局,41,0540750,鳴石薬局,伊万里市山代町楠久９２６番地４,0955-28-3531,有限会社　フジカワ薬局　代表取締役　鶴田　直美,鶴田　直美,,,平16. 4. 1,kyushu/000491319.zip
薬局,41,0540768,アルナ薬局　大川野店,伊万里市大川町大川野３０６０番地１地内,0955-20-8081,株式会社アルナ薬局　代表取締役　渡邊　総一郎,原口　裕史,,,平16. 6. 1,kyushu/000491319.zip
薬局,41,0540776,ひまわり薬局,伊万里市二里町八谷搦１０４１番地,0955-23-9180,有限会社　宮本薬局　代表取締役　宮本　成治,宮本　昌典,,,平17. 3. 21,kyushu/000491319.zip
薬局,41,0540784,三和薬局,伊万里市立花町３０００番地２,0955-22-2457,株式会社　三和薬局　代表取締役　吉富　靖浩,松尾　麻理,,,平18. 5. 1,kyushu/000491319.zip
薬局,41,0540800,かりん薬局伊万里店,伊万里市新天町６２０番地５,0955-22-5574,有限会社　カーン　取締役　鹿江　修,鹿江　修,,,平20. 4. 1,kyushu/000491319.zip
薬局,41,0540834,誠心堂薬局　あすなろ店,伊万里市大坪町甲２３５０番地８９,0955-25-9936,有限会社　誠心堂薬局　代表取締役　吉富　直助,吉富　直助,,,平23. 8. 1,kyushu/000491319.zip
薬局,41,0540842,さと薬局,伊万里市東山代町里１０４－３,0955-28-0101,株式会社　三和薬局　代表取締役　吉富　靖浩,吉富　靖浩,,,平23. 9. 1,kyushu/000491319.zip
薬局,41,0540859,山下薬局　脇田店,伊万里市脇田町二本椎４０３－９,0955-25-9810,株式会社　山下薬局　代表取締役　山下　裕一郎,山下　理絵,,,平24. 4. 1,kyushu/000491319.zip
薬局,41,0540883,ヤナイ薬局,伊万里市大坪町丙２１０８－１,0955-22-7731,株式会社大黒堂　代表取締役　小島宏信,小島　宏信,,,平28. 4. 1,kyushu/000491319.zip
薬局,41,0540891,こじま薬局,伊万里市立花町４５６－１,0955-25-9641,株式会社　大黒堂　代表取締役　小島宏信,小島　美佐子,,,平28. 5. 1,kyushu/000491319.zip
薬局,41,0540917,山下薬局　松島店,伊万里市松島町２６２,0955-22-6677,株式会社　山下薬局　代表取締役　山下　裕一郎,鵜殿　和恵,,,平29. 4. 1,kyushu/000491319.zip
薬局,41,0540925,おもてなし薬局　南波多店,伊万里市南波多町井手野２４６４－１,0955-24-3099,有限会社　おもてなし　取締役　山口　嘉博,塙　千代子,,,平30. 1. 1,kyushu/000491319.zip
薬局,41,0540933,さくら薬局,伊万里市南波多町大曲８２,0955-20-3150,ＭＫファーマシー株式会社　代表取締役　前田　憲冶,井手　司,,,令元. 10. 1,kyushu/000491319.zip
薬局,41,0540941,回生薬局くすきの杜,伊万里市立花町３５２０－６,0955-25-9122,株式会社　回生薬局　代表取締役　平野　智也,平野　智也,,,令2. 5. 25,kyushu/000491319.zip
薬局,41,0540958,かも薬局　伊万里店,伊万里市二里町八谷搦１０６１番地,0955-29-8610,株式会社かも薬局　代表取締役　加　萌,加　萌,,,令7. 9. 1,kyushu/000491319.zip
薬局,41,0540966,きらり薬局　伊万里店,伊万里市立花町２７４９－４,0955-23-5446,ＨＹＵＧＡ　ＰＲＩＭＡＲＹ　ＣＡＲＥ株式会社　代表取締役　黒木　哲史,増田　博也,,,令7. 9. 1,kyushu/000491319.zip
薬局,41,0540974,サンアイ薬局　いまり店,伊万里市新天町字中島４６０番１４,0955-25-9770,株式会社ファーマダイワ　代表取締役　岡山　善郎,松村　義雅,,,令8. 4. 1,kyushu/000491319.zip
薬局,41,0640105,株式会社　宮﨑薬局,武雄市武雄町大字武雄７２８０番地,0954-23-1165,株式会社　宮﨑薬局　代表取締役　宮崎　法幸,宮﨑　幸久,,,昭38. 2. 1,kyushu/000491319.zip
薬局,41,0640295,コトブキ薬局,武雄市武雄町大字武雄５８５８番地２,0954-23-6751,株式会社　宮﨑薬局　代表取締役　宮崎　法幸,中野　由佳,,,昭57. 7. 1,kyushu/000491319.zip
薬局,41,0640352,あさひ薬局,武雄市武雄町富岡１１５２０番地２,0954-22-2658,有限会社　あさひ薬局　代表取締役　樺島　義邦,樺島　和行,,,昭63. 3. 1,kyushu/000491319.zip
薬局,41,0640378,すみれ薬局,武雄市朝日町大字甘久２６９６番地,0954-23-0547,有限会社　武雄調剤薬局　代表取締役　松尾秀文,松尾　奈緒美,,,平2. 6. 1,kyushu/000491319.zip
薬局,41,0640477,けんこう薬局,武雄市武雄町大字昭和１９６番地１,0954-22-0151,株式会社　健康調剤薬局　代表取締役　古場　清貴,下平　伊知郎,,,平7. 10. 1,kyushu/000491319.zip
薬局,41,0640493,坂本快方薬局,武雄市武雄町大字武雄８０１４番地３,0954-22-6448,有限会社　坂本薬局　代表取締役　坂本　吉弘,坂本　邦代,,,平9. 7. 1,kyushu/000491319.zip
薬局,41,0640519,シモセ薬局　武雄店,武雄市武雄町大字永島１５３６２番地３,0954-22-5688,有限会社　シモセ薬局　取締役　下瀬　和俊,笠木　俊秀,,,平10. 11. 1,kyushu/000491319.zip
薬局,41,0640535,さくら薬局,武雄市朝日町大字甘久２０１番地１,0954-20-0093,有限会社　ファルマ・ケア　代表取締役　古賀　茂樹,福島　幸代,,,平14. 4. 1,kyushu/000491319.zip
薬局,41,0640550,げんき堂薬局,武雄市武雄町大字昭和３０９番地２,0954-26-8123,有限会社　げんき堂　代表取締役　久松　徹,大宅　治,,,平17. 4. 1,kyushu/000491319.zip
薬局,41,0640568,宮崎薬局　武雄東部店,武雄市武雄町富岡１２５０６番地３,0954-26-8222,株式会社　宮﨑薬局　代表取締役　宮崎　法幸,宮﨑　佳詠子,,,平18. 5. 1,kyushu/000491319.zip
薬局,41,0640584,アルナ薬局　北方店,武雄市北方町大字大崎１３１８番地１,0954-36-3306,株式会社アルナ薬局　代表取締役　渡邊　総一郎,伊藤　隆行,,,平19. 5. 1,kyushu/000491319.zip
薬局,41,0640600,シモセ薬局　武内店,武雄市武内町真手野２８１８０番地４,0954-20-8020,有限会社　シモセ薬局　代表取締役　下瀬　和俊,石橋　里奈,,,平20. 9. 10,kyushu/000491319.zip
薬局,41,0640634,げんき堂薬局　昭和店,武雄市武雄町大字昭和２１０番地,0954-27-8839,有限会社　げんき堂　代表取締役　久松　徹,星本　直嗣,,,平22. 8. 17,kyushu/000491319.zip
薬局,41,0640642,さくら新武雄病院前薬局,武雄市武雄町富岡１２６２４－１,0954-26-9650,株式会社なの花九州　代表取締役　永冨　将寛,黒澤　一弘,,,平23. 6. 1,kyushu/000491319.zip
薬局,41,0640667,けんこう薬局　新武雄店,武雄市武雄町昭和２２５番地,0954-28-9321,株式会社　健康調剤薬局　代表取締役　古場　清貴,古場　理絵子,,,平24. 4. 1,kyushu/000491319.zip
薬局,41,0640675,さかい薬局,武雄市武雄町永島１３２７５－１,0954-28-9522,有限会社　酒井コンタクトレンズ　代表取締役　友清　秀樹,友清　秀樹,,,平24. 7. 1,kyushu/000491319.zip
薬局,41,0640691,スカイメディカルメリーランド薬局,武雄市朝日町甘久１２８８,0954-28-9531,株式会社スカイメディカルファーマ　代表取締役　三井所　大地,林　秀明,,,平25. 8. 1,kyushu/000491319.zip
薬局,41,0640717,川登薬局,武雄市東川登町永野５７８８－３,0954-22-5422,株式会社　九州メディファ　代表取締役　三宅　和也,石橋　和也,,,平26. 2. 1,kyushu/000491319.zip
薬局,41,0640758,ヘルシー武雄薬局,武雄市武雄町昭和８－８,0954-22-2335,島原　丈敏,島原　丈敏,,,平27. 10. 1,kyushu/000491319.zip
薬局,41,0640774,あさひ薬局　駅南店,武雄市武雄町昭和２７－１の一部,0954-20-1275,有限会社　あさひ薬局　代表取締役　樺島　義邦,樺島　義邦,,,平28. 6. 1,kyushu/000491319.zip
薬局,41,0640782,あさひ薬局　内町店,武雄市武雄町富岡７４６２－２,0954-26-8080,有限会社あさひ薬局　代表取締役　樺島　義邦,後藤　真一,,,平29. 3. 1,kyushu/000491319.zip
薬局,41,0640790,昭和薬局,武雄市武雄町昭和７８,0954-23-8108,株式会社九州メディファ　代表取締役　三宅和也,山﨑　彰大,,,平29. 3. 1,kyushu/000491319.zip
薬局,41,0640808,おもてなし薬局　若木店,武雄市若木町川古７４６０－１,0954-26-3077,有限会社おもてなし　取締役　山口　嘉博,南里　明広,,,平29. 4. 1,kyushu/000491319.zip
薬局,41,0640816,スカイメディカルたけお薬局,武雄市武雄町武雄３８５－２,0954-26-8577,株式会社スカイメディカルホールディングス　代表取締役　三井所　嘉彦,下平　知子,,,平29. 9. 4,kyushu/000491319.zip
薬局,41,0640824,スカイメディカル昭和薬局,武雄市武雄町昭和１０６,0954-26-8110,株式会社スカイメディカルケア　代表取締役　三井所　嘉彦,大石　修,,,平29. 9. 1,kyushu/000491319.zip
薬局,41,0640832,おおの薬局,武雄市山内町大野６５７５－１０,0954-45-0770,株式会社ディー・シー・トレーディング　代表取締役　吉村　企右,前田　敦子,,,平30. 10. 1,kyushu/000491319.zip
薬局,41,0640840,シモセ薬局　花島店,武雄市武雄町永島１３２２５－１,0954-27-7625,有限会社　シモセ薬局　代表取締役　下瀬　和俊,髙島　伸也,,,平30. 10. 1,kyushu/000491319.zip
薬局,41,0640865,ほうらい薬局,武雄市武雄町富岡７７２５－２,0954-23-3912,有限会社　ほうらい薬局　代表取締役　松岡　義和,松岡　義和,,,平31. 1. 1,kyushu/000491319.zip
薬局,41,0640881,岩井手薬局,武雄市山内町鳥海９７８１－１,0954-45-3955,株式会社九州メディファ　代表取締役　三宅　和也,鵜殿　太誠,,,令元. 11. 3,kyushu/000491319.zip
薬局,41,0640899,げんき堂薬局　みふね店,武雄市武雄町武雄３６６９－１,0954-27-8260,有限会社げんき堂　代表取締役　久松　徹,龍　和仁,,,令元. 12. 2,kyushu/000491319.zip
薬局,41,0640915,きんぎょ薬局,武雄市武雄町昭和１５９,0954-26-8008,株式会社　きんぎょ薬局　代表取締役　北川　笑佳,瀬戸口　崇,,,令4. 6. 1,kyushu/000491319.zip
薬局,41,0640923,みふね薬局,武雄市武雄町武雄５６９８－２,0954-23-8448,中尾　保彦,中尾　保彦,,,令4. 4. 26,kyushu/000491319.zip
薬局,41,0640931,第一薬局,武雄市武雄町昭和１５５,0954-23-9623,株式会社メディカルブランディング　代表取締役　宮﨑　悟,藤　恵,,,令5. 4. 1,kyushu/000491319.zip
薬局,41,0640949,高橋薬局,武雄市朝日町中野１０６２８－２,0954-23-8360,有限会社　高橋薬局　取締役　楢﨑　克彦,楢﨑　克彦,,,令5. 5. 16,kyushu/000491319.zip
薬局,41,0740244,祐信堂薬局,鹿島市大字高津原４３１８番地１１,0954-63-3251,株式会社　信衆堂　代表取締役　井上　定彦,尾﨑　勝喜,,,平5. 4. 1,kyushu/000491319.zip
薬局,41,0740251,有限会社　前山薬局,鹿島市大字高津原３７６９番地１,0954-62-3005,有限会社　前山薬局　代表取締役　前山智春,前山　直洋,,,平6. 10. 1,kyushu/000491319.zip
薬局,41,0740335,アルナ薬局　鹿島店,鹿島市大字高津原４３２９番地３,0954-63-1193,株式会社アルナ薬局　代表取締役　渡邊　総一郎,古賀　大章,,,平11. 3. 1,kyushu/000491319.zip
薬局,41,0740350,溝上薬局　北鹿島店,鹿島市中村２１４５番地７,0954-63-9384,株式会社　ミズ　代表取締役　溝上　泰興,占部　康幸,,,平12. 3. 1,kyushu/000491319.zip
薬局,41,0740384,溝上薬局　鹿島スカイロード店,鹿島市大字高津原４３２１番地２,0954-69-8111,株式会社　ミズ　代表取締役　溝上　泰興,野田　昭,,,平17. 8. 1,kyushu/000491319.zip
薬局,41,0740392,おおぞら薬局,鹿島市大字納富分甲４６番地,0954-69-0677,株式会社　ａｔ　代表取締役　竹下　英資,竹下　英資,,,平20. 5. 9,kyushu/000491319.zip
薬局,41,0740400,オダ薬局,鹿島市高津原６２２番地,0954-62-3349,有限会社　オダ薬局　代表取締役　織田　圭司郎,織田　圭司郎,,,平24. 5. 1,kyushu/000491319.zip
薬局,41,0740426,溝上薬局　西牟田店,鹿島市高津原３５２５－８,0954-68-0086,株式会社　ミズ　代表取締役　溝上　泰興,籠手田　敏広,,,平24. 7. 1,kyushu/000491319.zip
薬局,41,0740434,アルナ薬局　浜町店,鹿島市浜町１２８９－１,0954-62-2257,株式会社アルナ薬局　代表取締役　渡邊　総一郎,津藤　知樹,,,平25. 5. 1,kyushu/000491319.zip
薬局,41,0740442,アルバ薬局,鹿島市高津原９１－５,0954-62-0839,株式会社アリタス　代表取締役　星野　崇,橋本　和人,,,平28. 3. 1,kyushu/000491319.zip
薬局,41,0740459,さかい薬局　鹿島店,鹿島市中村１１９－１,0954-63-6403,株式会社さかい薬局　代表取締役　坂井雅嗣,高橋　祐司,,,平29. 6. 1,kyushu/000491319.zip
薬局,41,0740467,山吹薬局,鹿島市納富分３１０７－１,0954-68-0212,株式会社　なの花　代表取締役　富永　宗一郎,富永　律子,,,平30. 12. 1,kyushu/000491319.zip
薬局,41,0740475,西牟田薬局,鹿島市高津原３６０９－１５,0954-63-3489,有限会社キタファーマシー　代表取締役　北　雄一朗,北　泰輔,,,令元. 7. 1,kyushu/000491319.zip
薬局,41,0740483,なごみ薬局,鹿島市高津原１８６７－４,0954-68-0716,株式会社エヌファーマ　代表取締役　野田　力,野田　力,,,令2. 12. 1,kyushu/000491319.zip
薬局,41,0940018,ヨウメイ堂薬局,嬉野市嬉野町下宿乙２３５３番地１,0954-43-3453,有限会社　ヨウメイ堂薬局　代表取締役　古賀　哲郎,古賀　哲郎,,,平18. 3. 1,kyushu/000491319.zip
薬局,41,0940026,ミント薬局,嬉野市嬉野町下宿甲３０８２番地７４,0954-42-4187,有限会社　ミント　代表取締役　赤坂　直昭,赤坂　仁美,,,平18. 5. 1,kyushu/000491319.zip
薬局,41,0940042,中央薬局　嬉野店,嬉野市嬉野町大字下宿乙２１８７番地４,0954-42-1307,有限会社　中央薬局　代表取締役　佛坂　浩,佛坂　倫子,,,平20. 2. 1,kyushu/000491319.zip
薬局,41,0940059,大草野薬局,嬉野市嬉野町大字下野丙４５番１,0954-20-4005,株式会社　九州メディファ　代表取締役　三宅　和也,松井　友理,,,平20. 4. 1,kyushu/000491319.zip
薬局,41,0940109,ドラッグイレブン薬局　中川通り店,嬉野市嬉野町大字下宿乙２３１５－１０,0954-42-0769,株式会社ドラッグイレブン　代表取締役　半澤　剛,中村　信博,,,平23. 8. 1,kyushu/000491319.zip
薬局,41,0940125,キタ薬局　中町店,嬉野市塩田町馬場下甲７２９－１,0954-66-9222,有限会社　キタファーマシー　代表取締役　北　雄一朗,白仁田　千恵子,,,平25. 2. 4,kyushu/000491319.zip
薬局,41,0940158,ドラッグイレブン薬局　築城店,嬉野市嬉野町下宿甲４７１３－５,0954-42-1789,株式会社ドラッグイレブン　代表取締役　半澤　剛,上田　文,,,平29. 3. 20,kyushu/000491319.zip
薬局,41,0940166,信衆堂薬局築城店,嬉野市嬉野町下宿甲４７３０番地１１,0954-20-2356,株式会社信衆堂　代表取締役　井上　定彦,岳下　ヒトミ,,,令元. 5. 1,kyushu/000491319.zip
薬局,41,0940182,アルナ薬局　嬉野店,嬉野市嬉野町下宿甲４７２８－２８,0954-27-8143,株式会社アルナ薬局　代表取締役　渡邊　総一郎,吉原　可夏実,,,令元. 5. 27,kyushu/000491319.zip
薬局,41,0940208,アルナ薬局　温泉駅前店,嬉野市嬉野町下宿甲３６５０－１,0954-27-8114,株式会社アルナ薬局　代表取締役　渡邊　総一郎,古川　亜由美,,,令4. 2. 1,kyushu/000491319.zip
薬局,41,0940216,温泉四区薬局,嬉野市嬉野町下宿乙２３６７－５,0954-27-7345,株式会社ＡＯＩ　代表取締役　加藤　聡一朗,加藤　聡一朗,,,令6. 1. 1,kyushu/000491319.zip
薬局,41,1040396,内川薬局,佐賀市川副町大字早津江１１７番地１１,0952-45-0211,有限会社　内川薬局　代表取締役　内川豊治,内川　眞理子,,,平3. 6. 1,kyushu/000491319.zip
薬局,41,1040446,諸富センター薬局,佐賀市諸富町大字為重５６５番地６,0952-47-6711,有限会社　ヘルス・メディック・佐賀　代表取締役　磯野　寿光,村本　俊一,,,平6. 1. 1,kyushu/000491319.zip
薬局,41,1040453,コーソ薬局　ラポール店,佐賀市川副町大字鹿江９５３番地　ラポール店内,0952-45-0046,株式会社　コーソ薬局　代表取締役　高祖　厚志,今泉　徹,,,平6. 1. 1,kyushu/000491319.zip
薬局,41,1040487,ヤマト薬局尼寺店,佐賀市大和町大字尼寺２４６９番地４,0952-62-8162,有限会社　養正会　代表取締役　鍵山俊明,鵜池　将也,,,平6. 8. 1,kyushu/000491319.zip
薬局,41,1040610,宇都宮薬局　諸富店,佐賀市諸富町大字大堂４５番地,0952-47-6788,有限会社　宇都宮薬局　代表取締役　宇都宮　圭,宇都宮　理香,,,平11. 1. 1,kyushu/000491319.zip
薬局,41,1040636,ひなた薬局,佐賀市久保田町大字久保田１３０番地５,0952-51-3228,有限会社　メディカルウェーブ　代表取締役　飯盛　理絵,今田　孝男,,,平11. 8. 1,kyushu/000491319.zip
薬局,41,1040669,ひなた薬局　大久保店,佐賀市大和町大字川上５２８３番地４,0952-51-2761,有限会社　メディカルウェーブ　代表取締役　飯盛　理絵,今田　真紀子,,,平12. 1. 1,kyushu/000491319.zip
薬局,41,1040677,溝上薬局　大和国分店,佐賀市大和町大字尼寺７８６番地１,0952-51-2933,株式会社　ミズ　代表取締役　溝上　泰興,西村　淳,,,平12. 7. 1,kyushu/000491319.zip
薬局,41,1040701,ほがらか薬局,佐賀市大和町大字久池井１０３６番地５,0952-62-4865,株式会社　カールトン　代表取締役　吉岡　弘,吉岡　弘,,,平13. 7. 1,kyushu/000491319.zip
薬局,41,1040727,秀島薬局,佐賀市大和町大字尼寺２９０６番地１,0952-64-8917,秀島　範子,塩谷　誠治,,,平13. 11. 1,kyushu/000491319.zip
薬局,41,1040735,佐賀北薬局　大和店,佐賀市大和町大字久池井２５５５番地１,0952-62-5911,有限会社　大和健明堂薬局　代表取締役　野村　隆志,野村　麻里子,,,平13. 11. 1,kyushu/000491319.zip
薬局,41,1040818,らいふ薬局　川副店,佐賀市川副町大字南里３６７番地７,0952-34-9034,株式会社　ナチュラルライフ　代表取締役　海老澤　修,吉武　美由紀,,,平19. 10. 1,kyushu/000491319.zip
薬局,41,1140220,チクシ薬局,神埼郡吉野ヶ里町豆田１２１６番地１２,0952-53-3236,有限会社　チクシ薬局　代表　福島　寿美子,片江　富貴子,,,昭58. 7. 1,kyushu/000491319.zip
薬局,41,1140246,髙島薬局,神埼郡吉野ヶ里町吉田６６７番地４５,0952-52-2559,髙島　英子,髙島　英子,,,昭60. 8. 1,kyushu/000491319.zip
薬局,41,1140279,小林薬局,神埼市神埼町神埼４８７番地,0952-52-2073,有限会社　小林薬局　代表取締役　小林　由佳,小林　由佳,,,昭63. 1. 1,kyushu/000491319.zip
薬局,41,1140360,なかはら薬局,神埼市千代田町下西７７５番地１,0952-44-2026,中原　敏孝,中原　敏孝,,,平4. 12. 1,kyushu/000491319.zip
薬局,41,1140386,エイト薬局　神埼店,神埼市神埼町田道ケ里２２８６番地４,0952-53-2080,株式会社　エイト薬局　代表取締役社長　志岐　誠一郎,馬場　弘尊,,,平7. 3. 1,kyushu/000491319.zip
薬局,41,1140394,エイト薬局　目達原店,神埼郡吉野ヶ里町吉田２９０４番地５,0952-52-1889,株式会社　エイト薬局　代表取締役社長　志岐　誠一郎,大井　裕加里,,,平7. 3. 1,kyushu/000491319.zip
薬局,41,1140410,チトセ薬局アニー店,神埼市千代田町境原２３番地３,0952-44-6007,株式会社　チトセ薬局　代表取締役　貞島孝光,貞島　孝光,,,平7. 11. 1,kyushu/000491319.zip
薬局,41,1140469,神埼薬局　朝日支店,神埼市神埼町本堀２９４９番地１６,0952-52-9300,株式会社　神埼薬局　代表取締役　千代延　誠治,佐々木　美枝,,,平10. 9. 1,kyushu/000491319.zip
薬局,41,1140493,福田薬局,神埼郡吉野ヶ里町吉田８２４番地５,0952-53-2904,福田　勝宏,福田　貴子,,,平12. 1. 1,kyushu/000491319.zip
薬局,41,1140501,おのうえ薬局,神埼市千代田町餘江４３番地２,0952-34-6118,有限会社　エム・エス・ファーマシー　代表取締役　尾上　榮,山口　展昌,,,平12. 2. 1,kyushu/000491319.zip
薬局,41,1140527,エイト薬局　日の隈店,神埼市神埼町城原１２５６番地１,0952-52-6493,株式会社　エイト薬局　代表取締役社長　志岐　誠一郎,橋本　雅和,,,平12. 5. 1,kyushu/000491319.zip
薬局,41,1140535,あさひ薬局　吉野ヶ里店,神埼郡吉野ヶ里町大曲１４９３番地４,0952-55-8373,有限会社　あさひ薬局　代表取締役　緒方正典,緒方　幸子,,,平13. 6. 1,kyushu/000491319.zip
薬局,41,1140550,有限会社　杏心調剤薬局,佐賀市三瀬村藤原３９２１番地５,0952-56-2925,有限会社　杏心調剤薬局　取締役　堀川　智信,堀川　智信,,,平14. 6. 1,kyushu/000491319.zip
薬局,41,1140568,神埼薬剤師会薬局,神埼郡吉野ヶ里町三津１６８番地,0952-51-1077,有限会社　神埼薬剤師会薬局　代表取締役　淀川　裕行,淀川　裕行,,,平15. 10. 1,kyushu/000491319.zip
薬局,41,1140576,神埼薬局　本店,神埼市神埼町田道ケ里２２７１番地５,0952-53-1314,株式会社　神埼薬局　代表取締役　千代延　誠治,池田　知広,,,平15. 11. 1,kyushu/000491319.zip
薬局,41,1140600,たけだ薬局　吉野ヶ里店,神埼郡吉野ヶ里町吉田２９２６番地１,0952-51-1117,株式会社　たけだ　代表取締役　武田　宗幸,武田　惠子,,,平18. 5. 8,kyushu/000491319.zip
薬局,41,1140618,平成薬局,神埼郡吉野ヶ里町三津７４７番地２,0952-53-3255,有限会社　平成薬局　代表取締役　吉浦　龍矢,吉浦　龍矢,,,平19. 4. 1,kyushu/000491319.zip
薬局,41,1140642,くくる薬局,神埼郡吉野ヶ里町吉田１７８５番地５,0952-20-5152,株式会社　隆成堂　代表取締役　古閑　雄作,前山　直人,,,令7. 6. 1,kyushu/000491319.zip
薬局,41,1240079,純真堂調剤薬局,三養基郡みやき町大字東尾１１５７番地３,0942-89-4611,有限会社　純真堂調剤薬局　取締役　宮原朋子,宮原　朋子,,,昭55. 8. 1,kyushu/000491319.zip
薬局,41,1240145,ひまわり薬局基山店,三養基郡基山町大字小倉５４５番地１０７,0942-92-0131,株式会社　ひまわり調剤薬局　代表取締役　菊竹　広隆,吉松　淑恵,,,平2. 8. 1,kyushu/000491319.zip
薬局,41,1240186,タイヘイ薬局　上峰店,三養基郡上峰町大字坊所２７６番地６,0952-52-7277,株式会社　大平　代表取締役　吉村　企右,筬島　清史,,,平4. 8. 1,kyushu/000491319.zip
薬局,41,1240194,有限会社　シンエイ薬局,三養基郡みやき町大字原古賀１９３番地２,0942-94-5062,有限会社　シンエイ薬局　代表取締役　早川　正信,前山　直人,,,平4. 9. 1,kyushu/000491319.zip
薬局,41,1240236,くぼ薬局北茂安店,三養基郡みやき町大字白壁４３０５番地８,0942-89-1777,有限会社　久保薬局　代表取締役　久保寛和,原槙　理恵子,,,平7. 11. 1,kyushu/000491319.zip
薬局,41,1240244,さくら薬局千栗店,三養基郡みやき町大字白壁１０５４番地１０,0942-89-1157,株式会社なの花九州　代表取締役　永冨　将寛,藤田　奨,,,平8. 4. 1,kyushu/000491319.zip
薬局,41,1240251,こども薬局,三養基郡上峰町大字坊所４５０番地１１,0952-53-5528,有限会社　みね　代表取締役　西原　文彦,別府　伸一,,,平8. 12. 1,kyushu/000491319.zip
薬局,41,1240285,エイト薬局　三根店,三養基郡みやき町大字寄人１５１４番８,0942-81-9111,株式会社　エイト薬局　代表取締役社長　志岐　誠一郎,福島　美智子,,,平10. 8. 1,kyushu/000491319.zip
薬局,41,1240319,ひがしお薬局,三養基郡みやき町東尾２２８２番地１,0942-89-1122,有限会社　オー・エム・シー　代表取締役　太田　光博,太田　光博,,,平12. 3. 1,kyushu/000491319.zip
薬局,41,1240327,溝上薬局　けやき台店,三養基郡基山町けやき台一丁目３３番４号,0942-81-0250,株式会社　ミズ　代表取締役　溝上　泰興,井上　太海,,,平12. 9. 1,kyushu/000491319.zip
薬局,41,1240343,溝上薬局上峰店,三養基郡上峰町大字坊所１５７０番地１７６,0952-55-6051,株式会社　ミズ　代表取締役　溝上　泰興,山下　悠太,,,平13. 5. 1,kyushu/000491319.zip
薬局,41,1240376,有限会社　鳥栖三養基薬剤師会会営薬局,三養基郡みやき町大字原古賀７０１９番地１１,0942-94-9100,有限会社　鳥栖三養基薬剤師会会営薬局　代表取締役　松雪幹一,安永　麗子,,,平15. 4. 1,kyushu/000491319.zip
薬局,41,1240384,くりやま薬局,三養基郡みやき町大字簑原２９４６番地４,0942-94-5770,有限会社　くりやま薬局　代表取締役　栗山　浩一,栗山　浩一,,,平15. 11. 1,kyushu/000491319.zip
薬局,41,1240392,中央薬局,三養基郡基山町大字園部２７７２番地１１,0942-92-1666,有限会社　きやま調剤薬局　代表取締役　大場　美紀,大場　順子,,,平16. 10. 1,kyushu/000491319.zip
薬局,41,1240400,調剤薬局　マリンランド,三養基郡みやき町原古賀１０６８－６,0942-94-4433,有限会社　拓親　代表取締役　藤妻　俊史,宮田　潤,,,平25. 7. 16,kyushu/000491319.zip
薬局,41,1240418,おの薬局みやき店,三養基郡みやき町大字市武１３３２－１,0942-96-3700,有限会社小野薬局　代表取締役　小野　弘宇,小野　弘宇,,,平26. 10. 1,kyushu/000491319.zip
薬局,41,1240442,くらの薬局,三養基郡基山町小倉１０５８－４,0942-92-7608,株式会社ひまわり調剤薬局　代表取締役　菊竹　広隆,井手　涼子,,,平27. 8. 1,kyushu/000491319.zip
薬局,41,1240459,しらかべ薬局,三養基郡みやき町白壁字一本松２３２－２,0942-85-9630,有限会社　かせ薬局　代表取締役　永廣英展,江﨑　佳代子,,,平28. 5. 1,kyushu/000491319.zip
薬局,41,1240467,基山薬局,三養基郡基山町宮浦１８６番地６５,0942-81-7055,株式会社　コンファ　代表取締役　志賀　陽介,楠木　直斗,,,平30. 6. 1,kyushu/000491319.zip
薬局,41,1240475,溝上薬局　メディカルコミュニティみやき店,三養基郡みやき町白壁１０７４－３メディカルコミュニティセンター１Ｆ,0942-50-5180,株式会社　ミズ　代表取締役　溝上　泰興,焼山　昌美,,,令3. 7. 1,kyushu/000491319.zip
薬局,41,1240483,もくば薬局上峰店,三養基郡上峰町坊所１５７０－２１７,0952-37-8351,有限会社　有志堂薬局　代表取締役　早川　武志,林﨑　利絵,,,令5. 2. 1,kyushu/000491319.zip
薬局,41,1240491,平成堂薬局　みやき店,三養基郡上峰町坊所２７４１－３,0952-20-2630,株式会社エンブレスまつふじ　代表取締役　松藤　弘子,小野原　直哉,調剤,,令7. 7. 1,kyushu/000491319.zip
薬局,41,1240509,スカイメディカルみやき薬局,三養基郡みやき町大字簑原字千入道９１７－２,0942-85-7580,株式会社スカイメディカルケア　代表取締役　三井所　嘉彦,城戸　隆虎,,,令8. 4. 1,kyushu/000491319.zip
薬局,41,1340408,溝上薬局　小城多久店,小城市小城町栗原１２番地２,0952-72-1852,株式会社　ミズ　代表取締役　溝上　泰興,石川　碧,,,平5. 7. 1,kyushu/000491319.zip
薬局,41,1340424,いしまつ薬局,小城市小城町晴気２６２番地６,0952-72-1103,有限会社　いしまつ薬局　代表取締役　石松康二,石松　康二,,,平5. 12. 1,kyushu/000491319.zip
薬局,41,1340440,けんけん薬局,小城市小城町７２３番地１５,0952-72-6565,中村　賢,中村　賢,,,平7. 3. 1,kyushu/000491319.zip
薬局,41,1340481,今泉薬局,小城市小城町４７０．４７２合併地,0952-72-5121,有限会社　今泉薬局　代表取締役　今泉　德子,今泉　太志,,,平8. 11. 1,kyushu/000491319.zip
薬局,41,1340572,有限会社　あかさか薬局　牛津東店,小城市牛津町勝１４７０番地１,0952-63-8530,有限会社　あかさか薬局　代表取締役　赤坂　太,赤坂　太,,,平14. 6. 1,kyushu/000491319.zip
薬局,41,1340580,有限会社　あかさか薬局　砥川店,小城市牛津町上砥川１７４番地１,0952-66-4893,有限会社　あかさか薬局　代表取締役　赤坂　太,古田　耕平,,,平14. 6. 1,kyushu/000491319.zip
薬局,41,1340606,有限会社　ユートク薬局,小城市牛津町勝１４９９番地１,0952-51-5161,有限会社　ユートク薬局　代表取締役　野田　節子,野田　聡子,,,平14. 9. 1,kyushu/000491319.zip
薬局,41,1340630,神代薬局　セリオ牛津店,小城市牛津町柿樋瀬１０６２番地１ショッピングプラザセリオ内,0952-66-6078,株式会社　神代薬局　代表取締役　神代　剛,御厨　美仁,,,平16. 12. 1,kyushu/000491319.zip
薬局,41,1340671,山本薬局,小城市小城町１７４番地１,0952-72-6227,株式会社　山本薬局　代表取締役　山本　智浩,山本　智浩,,,平18. 7. 1,kyushu/000491319.zip
薬局,41,1340689,バニーズ薬局,小城市三日月町久米１２９５番地２,0952-71-1177,株式会社　ケンコーポレーション　代表取締役　武田　憲二郎,武田　憲二郎,,,平19. 6. 1,kyushu/000491319.zip
薬局,41,1340705,タイヘイ薬局　メディカルモールおぎ店,小城市三日月町長神田２１７３番地１,0952-72-2228,株式会社　大平　代表取締役　吉村　企右,安川　徹,,,平20. 6. 1,kyushu/000491319.zip
薬局,41,1340739,溝上薬局　中町店,小城市小城町５５０－１,0952-73-3361,株式会社　ミズ　代表取締役　溝上　泰興,薗田　貴美子,,,平23. 10. 1,kyushu/000491319.zip
薬局,41,1340747,たけだ薬局　須賀神社前店,小城市小城町８６４－１,0952-37-8819,株式会社　たけだ　代表取締役　武田　宗幸,武田　宗幸,,,平23. 12. 1,kyushu/000491319.zip
薬局,41,1340762,あんず薬局,小城市小城町松尾４０１０－５,0952-97-5507,株式会社あんず　代表取締役　佐田　泰章,池田　周平,,,平27. 8. 1,kyushu/000491319.zip
薬局,41,1340770,たけだ薬局,小城市小城町中町５７２－１,0952-71-1190,株式会社　たけだ　代表取締役　武田　宗幸,藤田　睦也,,,平27. 9. 1,kyushu/000491319.zip
薬局,41,1340788,うしづの薬局,小城市牛津町上砥川１２３４－３３,0952-20-1720,日新薬品株式会社　代表取締役　白木貴史,友田　浩美,,,平29. 3. 1,kyushu/000491319.zip
薬局,41,1340796,今泉薬局　本町店,小城市小城町２８０－６,0952-72-1930,有限会社今泉薬局　代表取締役　今泉　德子,今泉　德子,,,平30. 5. 1,kyushu/000491319.zip
薬局,41,1340812,カールトン　ふくろう薬局,小城市三日月町堀江５４－３,0952-37-0557,株式会社カールトン　代表取締役　吉岡　弘,内田　悠介,,,令5. 7. 1,kyushu/000491319.zip
薬局,41,1340838,三日月薬局,小城市三日月町金田１１７８－７,0952-72-4141,株式会社アガペ　代表取締役　藤木　一行,金﨑　徹,,,令7. 1. 1,kyushu/000491319.zip
薬局,41,1340846,あんず薬局　在宅支援センター店,小城市小城町８３３番地,0952-97-4776,株式会社あんず　代表取締役　佐田　泰章,前野　賢太,,,令7. 2. 25,kyushu/000491319.zip
薬局,41,1340853,いなほ薬局,小城市牛津町乙柳１０９６－３,0952-66-3561,株式会社ヤマモト　代表取締役　スピテリ　真理子,山本　真理子,,,令7. 10. 1,kyushu/000491319.zip
薬局,41,1440240,テンジン薬局,唐津市相知町相知２２６７番地,0955-62-3548,株式会社　テンジン　代表取締役　冨永　雄介,冨永　雄介,,,昭50. 11. 1,kyushu/000491319.zip
薬局,41,1440307,前谷薬局,唐津市呼子町呼子１９５０番地,0955-82-3608,有限会社　前谷薬局　代表取締役　前谷逸生,前谷　令子,,,昭55. 7. 1,kyushu/000491319.zip
薬局,41,1440349,有限会社　愛宕調剤薬局,唐津市呼子町呼子４１８８番地１４,0955-82-5027,有限会社　愛宕調剤薬局　代表取締役　濱田　兼司,入江　良賢,,,昭57. 1. 1,kyushu/000491319.zip
薬局,41,1440448,有限会社　酒井薬局,唐津市浜玉町浜崎８０４番地２,0955-70-5035,有限会社　酒井薬局　代表取締役　酒井清二,酒井　清二,,,平9. 6. 1,kyushu/000491319.zip
薬局,41,1440455,健康クラブ薬局,唐津市厳木町本山３７７番地１１,0955-63-4231,有限会社　健康倶楽部　代表取締役　橋本　高吉,長澤　裕輔,,,平9. 8. 1,kyushu/000491319.zip
薬局,41,1440489,前谷薬局アルファ,唐津市呼子町殿ノ浦１１６番地１,0955-51-1128,有限会社　前谷薬局　代表取締役　前谷　逸生,前谷　逸生,,,平10. 11. 1,kyushu/000491319.zip
薬局,41,1440521,山下至誠堂薬局　有浦店,東松浦郡玄海町大字諸浦３５６番地５,0955-51-3030,株式会社　山下至誠堂　代表取締役　山下　善太郎,山下　善太郎,,,平11. 8. 1,kyushu/000491319.zip
薬局,41,1440539,エキマエ薬局,唐津市浜玉町浜崎１０７２番地,0955-70-5211,竹内　美弥子,竹内　美弥子,,,平11. 9. 1,kyushu/000491319.zip
薬局,41,1440554,有限会社　楢崎薬局,唐津市相知町町切８７５番地３,0955-63-2066,有限会社　楢崎薬局　代表取締役　楢﨑　妙子,楢﨑　妙子,,,平14. 8. 1,kyushu/000491319.zip
薬局,41,1440562,薬局玄海町店,東松浦郡玄海町大字今村６１１５番地,0955-51-3222,株式会社　薬店　代表取締役　　省治郎,中嶋　威史,,,平17. 3. 1,kyushu/000491319.zip
薬局,41,1540346,ゆう薬局,西松浦郡有田町南原甲１６６番地３,0955-42-3900,有限会社　フルショウ　取締役　古荘　裕典,古荘　裕典,,,平10. 12. 1,kyushu/000491319.zip
薬局,41,1540353,わかば薬局,西松浦郡有田町大木宿乙８４４番地４,0955-46-2181,有限会社　わかば薬局　代表取締役　大間　敬太,岩永　悦子,,,平11. 8. 1,kyushu/000491319.zip
薬局,41,1540403,ほのぼの薬局,西松浦郡有田町上幸平一丁目１２０１番地,0955-41-0688,岡　潤二郎,岡　将大,,,平17. 12. 1,kyushu/000491319.zip
薬局,41,1540452,有田けんこう薬局,西松浦郡有田町立部乙２１１０－５,0955-46-2808,株式会社　健康調剤薬局　代表取締役　古場　清貴,古場　清貴,,,平23. 12. 1,kyushu/000491319.zip
薬局,41,1540494,山下薬局　有田店,西松浦郡有田町本町東ノ前丙１０７２,0955-41-1441,株式会社　山下薬局　代表取締役　山下　裕一郎,三根　健夫,,,平28. 6. 1,kyushu/000491319.zip
薬局,41,1540502,スカイメディカルありた薬局,西松浦郡有田町戸杓丙６７３－１,0955-25-9285,株式会社スカイメディカルケア　代表取締役　三井所嘉彦,小野　文子,,,平28. 11. 1,kyushu/000491319.zip
薬局,41,1540510,ひえこば薬局,西松浦郡有田町稗古場２－１０－９,0955-42-3587,株式会社メディスポート　代表取締役　采女　和憲,采女　和憲,,,平30. 10. 1,kyushu/000491319.zip
薬局,41,1540528,かこば薬局,西松浦郡有田町黒川丙６２７－２０,0955-41-2234,株式会社　九州メディファ　代表取締役　三宅　和也,川尻　淳吾,,,平30. 12. 2,kyushu/000491319.zip
薬局,41,1540536,調剤薬局　サイラー,西松浦郡有田町本町丙７８５－７,0955-29-8856,株式会社サイラー　代表取締役　サイラー　和樹,サイラー　和樹,,,令4. 8. 1,kyushu/000491319.zip
薬局,41,1540544,あおぞら薬局伊万里有田共立病院前店,西松浦郡有田町二ノ瀬甲９０８,0955-29-9760,友愛メディカルサポート株式会社　代表取締役　髙木　晋也,田中　修一,,,令7. 12. 1,kyushu/000491319.zip
薬局,41,1640377,ハットリ調剤薬局,杵島郡白石町大字福田１５６４番地,0952-84-5009,服部薬品有限会社　代表取締役　服部　正典,服部　正典,,,平2. 5. 1,kyushu/000491319.zip
薬局,41,1640419,ヤマト薬局,杵島郡江北町山口１３５５番地８,0952-86-2973,有限会社　養正会　代表取締役　鍵山　俊明,日吉　正拓,,,平6. 3. 1,kyushu/000491319.zip
薬局,41,1640476,みまさか薬局,武雄市山内町大字三間坂甲１３９１３番地３,0954-45-5558,有限会社　寺戸薬局　代表取締役　寺戸洋介,寺戸　洋介,,,平7. 2. 1,kyushu/000491319.zip
薬局,41,1640559,なのはな薬局,杵島郡江北町大字上小田１９７番地１,0952-86-2510,有限会社　なのはな薬局　代表取締役　岡　誠司,岡　誠司,,,平13. 11. 1,kyushu/000491319.zip
薬局,41,1640567,溝上薬局　北方店,武雄市北方町大字志久１５６８番地３,0954-36-5400,株式会社　ミズ　代表取締役　溝上　泰興,見潮　恵,,,平14. 4. 1,kyushu/000491319.zip
薬局,41,1640583,タイヘイ薬局　Ａコープ店,杵島郡白石町大字福田１４３９番地２,0952-71-5333,株式会社　大平　代表取締役　吉村　企右,西阪　宏彰,,,平15. 3. 1,kyushu/000491319.zip
薬局,41,1640591,溝上薬局　白石店,杵島郡白石町大字福田１４３６番地４,0952-71-5240,株式会社　ミズ　代表取締役　溝上　泰興,永尾　紫園,,,平15. 3. 1,kyushu/000491319.zip
薬局,41,1640617,そうごう薬局　白石店,杵島郡白石町大字戸ケ里１８１７番地５,0954-65-9191,総合メディカル株式会社　代表取締役　多田　荘一郎,渡邉　寬也,,,平17. 1. 1,kyushu/000491319.zip
薬局,41,1640690,カールトン　よつ葉薬局,杵島郡江北町山口１２０６番地４,0952-74-6207,株式会社　カールトン　代表取締役　吉岡　弘,吉浦　まゆみ,,,平22. 5. 1,kyushu/000491319.zip
薬局,41,1640708,タイヘイ薬局　おおまち店,杵島郡大町町福母４００－４,0952-82-2833,株式会社　大平　代表取締役　吉村　企右,山﨑　良二,,,平23. 7. 1,kyushu/000491319.zip
薬局,41,1640716,まごころ薬局,杵島郡江北町大字上小田１１４８－６,0952-71-6067,合同会社　アクティブ　代表社員有限会社宇都宮薬局職務職務執行者宇都宮圭,宇都宮　甫,,,平23. 9. 1,kyushu/000491319.zip
薬局,41,1640740,有限会社　江頭薬局,杵島郡白石町戸ケ里２３４３番地９,0954-65-5109,有限会社　江頭薬局　代表取締役　江頭　義満,江頭　義満,,,平24. 6. 1,kyushu/000491319.zip
薬局,41,1640757,ロングサン薬局　江北店,杵島郡江北町山口１２８７,0952-86-5331,株式会社　ロングサン薬局　代表取締役　川内　信幸,園部　節子,,,平25. 5. 1,kyushu/000491319.zip
薬局,41,1640765,坂本健康堂薬局,杵島郡白石町福田１９５０－３,0952-84-3079,坂本　健治,坂本　健治,,,平27. 8. 1,kyushu/000491319.zip
薬局,41,1640773,タイヘイ薬局　メディカルモールしろいし店,杵島郡白石町福吉１８３６,0952-71-5115,株式会社　大平　代表取締役　吉村　企右,吉田　貴大,,,平28. 1. 12,kyushu/000491319.zip
薬局,41,1640781,めぐり薬局,杵島郡白石町牛屋３２４６,0954-65-2293,株式会社サーキュレート　代表取締役　青木　孝司,青木　孝司,,,平31. 1. 1,kyushu/000491319.zip
薬局,41,1640807,ユウアイ薬局　大町店,杵島郡大町町福母６９５－４,0952-71-3058,株式会社　ユウアイメディカル　代表取締役　西川　良一朗,武藤　至,,,令4. 11. 21,kyushu/000491319.zip
薬局,41,1640815,木寺調剤薬局,杵島郡白石町築切８４１－２４,0952-97-7847,木寺　健司,中島　しづ子,,,令6. 4. 1,kyushu/000491319.zip
薬局,41,1640823,ショーエイ薬局　福富店,杵島郡白石町福富１６２９－９,0952-71-7010,株式会社尚栄　代表取締役　飯盛　尚子,飯盛　尚子,,,令7. 10. 1,kyushu/000491319.zip
薬局,41,1740318,中央薬局田店,嬉野市嬉野町大字吉田丁４６４９番地２,0954-43-8137,有限会社　中央薬局　代表取締役　佛坂　浩,佛坂　浩,,,昭62. 6. 1,kyushu/000491319.zip
薬局,41,1740334,嬉野薬局　まとば支店,嬉野市嬉野町大字岩屋川内甲９９番地２,0954-42-2778,有限会社　嬉野薬局　代表取締役　野村　忠之,野村　忠之,,,平元. 5. 1,kyushu/000491319.zip
薬局,41,1740359,信衆堂調剤薬局,嬉野市嬉野町大字下宿甲１７３６番地５,0954-42-3580,株式会社　信衆堂　代表取締役　井上　定彦,千布　将平,,,平4. 1. 1,kyushu/000491319.zip
薬局,41,1740367,キタ薬局,嬉野市塩田町大字馬場下甲１８４５番地,0954-66-2037,有限会社　キタファーマシー　代表取締役　北　雄一朗,北　雄一朗,,,平5. 4. 1,kyushu/000491319.zip
薬局,41,1740375,有限会社　かりん薬局,嬉野市嬉野町大字下宿乙１６８４番地９,0954-43-3094,有限会社　かりん薬局　代表取締役　大串　学,大串　淳子,,,平5. 9. 1,kyushu/000491319.zip
薬局,41,1740417,そうごう薬局　塩田店,嬉野市塩田町大字馬場下甲６０４番地１,0954-66-9171,総合メディカル株式会社　代表取締役　多田　荘一郎,林田　雅也,,,平13. 4. 1,kyushu/000491319.zip
薬局,41,1740441,愛命堂薬局,嬉野市塩田町大字谷所甲２６３６番地１,0954-66-4432,有限会社　愛命堂　取締役　山口　弥生,山口　弥生,,,平15. 6. 1,kyushu/000491319.zip
薬局,41,1740466,アルナ薬局　太良店,藤津郡太良町大字多良１５６０番地１,0954-67-9121,株式会社アルナ薬局　代表取締役　渡邊　総一郎,山田　のぞみ,,,平17. 6. 1,kyushu/000491319.zip
薬局,41,1740482,あおぞら薬局　太良店,藤津郡太良町大字多良１５４７,0954-68-0250,友愛メディカルサポート株式会社　代表取締役　髙木　晋也,杉野　允彦,,,令7. 8. 1,kyushu/000491319.zip
薬局,41,2040015,堤薬局　駅通り店,神埼市神埼町田道ケ里２２２６番地９,0952-51-1800,有限会社　堤薬局　取締役　堤　彰智　（令和５年７月１日より）,坂本　陽介,,,平19. 10. 1,kyushu/000491319.zip
薬局,41,2040023,神埼薬局　神埼橋店,神埼市神埼町本告牟田字一ノ鶴２９９４番３,0952-20-8041,株式会社　神埼薬局　代表取締役　千代延　誠治,千代延　久美子,,,平20. 8. 1,kyushu/000491319.zip
薬局,41,2040031,ドラッグイレブン薬局　千代田店,神埼市千代田町餘江１２１１番地１,0952-34-6037,株式会社ドラッグイレブン　代表取締役　半澤　剛,原　瑞絵,,,平20. 9. 16,kyushu/000491319.zip
薬局,41,2040049,なかよし調剤薬局,神埼市神埼町本堀２７０７番地２７,0952-53-0220,株式会社　隆成堂　代表取締役　古閑　雄作,野田　直樹,,,平21. 4. 1,kyushu/000491319.zip
薬局,41,2040064,くすのき薬局,神埼市神埼町本堀３１９９－７,0952-52-2090,株式会社　隆成堂　代表取締役　古閑　雄作,古賀　礼子,,,平27. 9. 1,kyushu/000491319.zip
薬局,41,2040072,ちよだ薬局,神埼市千代田町直鳥８０６－２１,0952-44-3112,株式会社隆成堂　代表取締役　古閑　雄作,田中　早希子,,,平29. 4. 1,kyushu/000491319.zip
薬局,41,2040080,さかい薬局　神埼店,神埼市神埼町枝ケ里７６－１,0952-20-0981,株式会社さかい薬局　代表取締役　坂井　雅嗣,田口　智子,,,令2. 4. 1,kyushu/000491319.zip
薬局,41,2040106,わか葉薬局,神埼市神埼町神埼３１８－１,0952-53-6100,株式会社リッツ　代表取締役　吉岡　義治,吉岡　義治,,,令5. 9. 1,kyushu/000491319.zip
薬局,41,2040114,エイト薬局　駅北店,神埼市神埼町鶴３１９４－９,0952-97-8860,株式会社　エイト薬局　代表取締役社長　志岐　誠一郎,前原　基親,,,令5. 11. 1,kyushu/000491319.zip
