med_type,pref_code,med_code,name,address,phone,opener,manager,depts,beds,designated_date,source
病院,02,0110243,医療法人同仁会　浪打病院,青森市合浦二丁目１１－２４,017-741-4341,医療法人　同仁会　理事長　菊田　一貫,菊田　一貫,一般　療養　内　外　皮　呼内　整外　リハ,,昭44. 8. 1,ika
病院,02,0112165,青森市民病院,青森市勝田一丁目１４－２０,017-734-2171,青森市長　西　秀記,豊木　嘉一,一般　外　精神神経科　小　糖尿病・内分泌内科　循環器内科　消化器内科　整外　脳外　心外　皮　ひ　産婦　眼　耳い　リハ　放　麻　歯外　形外　病理,352,昭38. 12. 16,ika
診療所,02,0113528,福士内科胃腸科医院,青森市緑一丁目１９－５,017-777-8363,福士　経雄,福士　経雄,内　呼　胃　循,,昭46. 10. 1,ika
病院,02,0113965,青森県立つくしが丘病院,青森市大字三内字沢部３５３－９２,017-787-2121,青森県知事　宮下　宗一郎,敦賀　光嗣,精神　精　神　歯,230,昭51. 6. 1,ika
病院,02,0114153,公益財団法人鷹揚郷　腎研究所　青森病院,青森市大字石江字岡部１０１－１,017-781-9331,公益財団法人　鷹揚郷　理事長　鈴木　唯司,吉川　和暁,一般　ひ　リハ　腎臓内科　内科,,昭52. 10. 1,ika
病院,02,0114450,社団法人慈恵会　青森慈恵会病院,青森市大字安田字近野１４６－１,017-782-1201,一般社団法人　慈恵会　理事長　丹野　智宙,丹野　雅彦,一般　精神　療養　内　外　整外　ひ　循　呼　消　リハ　麻　皮　精　リウ　アレ　和漢　脳内,154,昭54. 4. 15,ika
病院,02,0114625,青森保健生活協同組合生協さくら病院,青森市問屋町一丁目１５－１０,017-738-2101,青森保健生活協同組合　理事長　相馬　裕,百成　公美,精神　精　神　内　心内　リハ,140,昭55. 6. 1,ika
病院,02,0114765,青森県立中央病院,青森市東造道二丁目１－１,017-726-8111,青森県知事　宮下　宗一郎,廣田　和美,一般　内科　消化器内科　血液内科　糖尿病・内分泌内科　緩和ケア内科　循環器内科　腎臓内科　リウ　精　脳内　小　外科　消化器外科　耳鼻いんこう科・頭頸部外科　整外　脳外　心外　皮　ひ　産婦　眼　リハ　放射線科　腫瘍放射線科　歯　歯外　麻　病理　臨床　形外　呼内　呼外　救命,584,昭56. 9. 25,ika
病院,02,0114989,一般財団法人双仁会青森厚生病院,青森市大字新城字山田４８８－１,017-788-3121,一般財団法人　双仁会　理事長　田渕　博子,森田　隆幸,一般　療養　内科　循環器内科　消化器内科　呼内　外科　肛門外科　消化器外科　放　麻　リハ,117,昭58. 4. 1,ika
病院,02,0115135,村上新町病院,青森市新町二丁目１－１３,017-723-1111,医療法人　三良会　理事長　村上　秀一,村上　秀一,一般　療養　内科　循環器内科　腎臓内科　消化器内科　呼内　神内　皮　耳い　放　リハ　外科　血管外科　肛門外科　心外　整外　ひ,,昭60. 2. 1,ika
診療所,02,0115242,下山泌尿器科医院,青森市造道三丁目２－２８,017-743-5210,下山　茂,下山　茂,ひ　内　皮,,昭62. 2. 1,ika
診療所,02,0115374,田辺和彦胃腸科内科医院,青森市勝田一丁目１５－１０,0177-35-1188,田辺　和彦,田辺　和彦,内　呼　胃　循　小,,昭63. 12. 15,ika
診療所,02,0115523,工藤こども医院,青森市長島二丁目８－６,0177-76-8413,工藤　協志,工藤　協志,小,,平2. 9. 1,ika
診療所,02,0115531,佐藤内科クリニック,青森市はまなす一丁目１７番２１号,017-726-7800,佐藤　洋湖,佐藤　洋湖,内　呼　消　循　小　皮,,平2. 10. 15,ika
診療所,02,0115556,高内科小児科医院,青森市蛍沢三丁目１２番１５号,0177-41-8181,高　明休,高　明休,内　呼　消　循　小,,平2. 11. 1,ika
診療所,02,0115721,永井耳鼻咽喉科クリニック,青森市小柳六丁目１９－１５,0177-41-8733,永井　政男,永井　政男,耳い,,平3. 4. 1,ika
診療所,02,0115788,福井ひ尿器科クリニック,青森市篠田一丁目１０－１９,0177-66-7100,福井　耕三,福井　耕三,ひ　内　皮,,平3. 8. 1,ika
診療所,02,0115879,成田祥耕クリニック,青森市中佃一丁目１－３０,017-743-6511,成田　祥耕,成田　祥耕,内　脳内　消化器・肝臓内科,,平3. 11. 15,ika
診療所,02,0115978,三戸内科胃腸科,青森市浪館前田四丁目１０－１,017-781-6011,医療法人　三戸内科胃腸科　理事長　三戸　一朗,三戸　一朗,内科　循環器内科　胃　小　呼内,,平4. 7. 1,ika
診療所,02,0116018,やまがみ眼科,青森市長島二丁目１－１４青森クリニックビル３階,0177-75-9220,山上　美情子,山上　美情子,眼,,平4. 10. 1,ika
診療所,02,0116026,医療法人　清和会　三川内科医院,青森市八重田二丁目１－６,017-736-8191,医療法人　清和会　理事長　渡邉　智子,渡邉　智子,内科　消化器内科　漢方内科,,平4. 10. 1,ika
診療所,02,0116034,木村文祥内科クリニック,青森市大字三内字沢部４３９－５,017-782-6812,木村　文祥,木村　文祥,内　神内　胃　循　小,,平4. 10. 15,ika
診療所,02,0116042,おだぎりメンタルクリニック,青森市堤町二丁目１５－１３,0177-77-1521,小田桐　正孝,小田桐　正孝,精　心内　内,,平4. 12. 15,ika
診療所,02,0116117,三上眼科医院,青森市新町二丁目６－２７,017-722-6501,三上　恵一,三上　恵一,眼,,平5. 2. 28,ika
診療所,02,0116133,千代谷皮膚科,青森市小柳六丁目４－２２,0177-42-7700,千代谷　成史,千代谷　成史,皮,,平5. 4. 1,ika
診療所,02,0116141,森山内科クリニック,青森市大字筒井字八ツ橋１３８２－１２,0177-28-1550,森山　裕三,森山　裕三,内　呼　胃　消　循　小,,平5. 4. 1,ika
診療所,02,0116158,近藤内科胃腸科,青森市筒井三丁目１４－３２,0177-28-2022,近藤　博満,近藤　博満,内　呼　胃　循　小　放,,平5. 4. 1,ika
診療所,02,0116208,八重田医院,青森市はまなす二丁目６番１１号,0177-26-1188,医療法人　鶴見会　理事長　円山　宏洋,円山　宏洋,耳い　気食　呼,,平5. 9. 1,ika
診療所,02,0116224,ささき耳鼻咽喉科クリニック,青森市大字浪館字泉川２２－７,0177-39-6687,佐々木　均,佐々木　均,耳　気食,,平5. 11. 15,ika
診療所,02,0116257,南内科循環器科医院,青森市岡造道一丁目１７－８,017-741-1616,南　收,南　收,一般　循　内　心内　精　呼　アレ　小,,平5. 12. 1,ika
診療所,02,0116273,青森眼科クリニック,青森市東造道一丁目４－３,017-736-8111,医療法人　青森眼科　理事長　竹内　侯雄,竹内　侯雄,一般　眼,,平6. 2. 1,ika
病院,02,0116307,あおもり協立病院,青森市東大野二丁目１番地１０,017-762-5500,青森保健生活協同組合　理事長　相馬　裕,相馬　裕,一般　一般　療養　療養　内科　緩和医療内科　消化器内科　循環器内科　呼内　神内　精　放　リハ　リウ　救急科,223,平6. 5. 1,ika
診療所,02,0116315,中部クリニック,青森市中央三丁目１０－２,017-777-6206,青森保健生活協同組合　理事長　相馬　裕,澤岡　孝幸,内　胃　循　放,,平6. 5. 2,ika
診療所,02,0116323,ふくし耳鼻科,青森市松原三丁目１２－１５,0177-34-1187,福士　栄治,福士　栄治,耳い,,平6. 7. 1,ika
診療所,02,0116364,青森県立精神保健福祉センター,青森市大字三内字沢部３５３－９２,017-787-3951,青森県知事　宮下　宗一郎,小山　智教,精　神　内,,平6. 11. 1,ika
診療所,02,0116398,岸谷整形外科クリニック,青森市金沢一丁目５－７,017-723-6881,医療法人　岸谷整形外科クリニック　理事長　岸谷　雄三,岸谷　正樹,整外　リハ,,平7. 6. 1,ika
診療所,02,0116406,剛整形外科クリニック,青森市花園二丁目２２－３,017-741-6100,新渡戸　剛,新渡戸　剛,整外　リハ　放,,平7. 7. 1,ika
診療所,02,0116414,福士泌尿器科医院,青森市金沢三丁目３１－１０,017-739-3633,福士　実,福士　実,ひ　内　皮,,平7. 10. 1,ika
診療所,02,0116430,ひがし整形外科リハビリテーションクリニック,青森市浜館三丁目３－２７,017-741-4154,油川　研一,油川　研一,整外　リハ　放,,平7. 10. 1,ika
診療所,02,0116497,じん耳鼻咽喉科医院,青森市里見二丁目９－１,0177-82-8733,神　均,神　均,耳い,,平8. 4. 15,ika
診療所,02,0116505,髙屋医院,青森市長島三丁目５－８,0177-76-2881,髙屋　善章,髙屋　善章,内　胃　小,,平8. 3. 30,ika
診療所,02,0116513,武山循環器科内科,青森市勝田二丁目９－１３,017-734-0111,医療法人　絋泰会　理事長　武山　稔,武山　稔,内　呼　胃　循,,平8. 5. 1,ika
診療所,02,0116539,えびな脳神経クリニック,青森市緑二丁目１－３,0177-35-3000,蛯名　国彦,蛯名　国彦,脳外　神内　リハ　放,,平8. 7. 1,ika
診療所,02,0116554,村林内科クリニック,青森市沖館四丁目８－１７,017-782-0505,医療法人　燦秀会　理事長　村林　秀哉,村林　秀哉,一般　内　小,,平8. 9. 1,ika
診療所,02,0116562,虹ヶ丘内科クリニック,青森市虹ヶ丘一丁目３－１３,017-765-1177,工藤　育男,工藤　育男,内科　循環器内科　消化器内科　血液内科,,平8. 11. 1,ika
診療所,02,0116588,西部整形外科医院,青森市里見二丁目１２－４１,017-766-8860,半田　哲人,半田　哲人,一般　整外　リハ　リウ,,平8. 12. 15,ika
診療所,02,0116612,医療法人　誠心会　田中産婦人科クリニック,青森市花園一丁目７－１３,017-744-4103,医療法人　誠心会　理事長　田中　誠也,田中　誠也,産婦　内,,平9. 2. 1,ika
診療所,02,0116620,こたに　こどもクリニック,青森市浜館三丁目４－７,0177-65-1188,小谷　健児,小谷　健児,小,,平9. 4. 1,ika
診療所,02,0116661,あきやま胃腸科内科クリニック,青森市松森二丁目１０－２１,017-743-1199,秋山　昌弘,秋山　昌弘,内　呼　胃　循　小,,平9. 4. 15,ika
診療所,02,0116679,医療法人　いしだ医院,青森市花園二丁目４３－２６,017-744-3300,医療法人　いしだ医院　理事長　石田　均,石田　均,内　呼　消　循　小　皮,,平9. 7. 1,ika
診療所,02,0116703,嶋中内科循環器科,青森市青柳二丁目９－３８,017-775-2111,医療法人　明友会　理事長　嶋中　義人,嶋中　義人,内　呼　循　小,,平9. 9. 1,ika
診療所,02,0116711,まつもと内科・外科クリニック,青森市沖館五丁目５－２６,017-783-3030,松本　香,松本　香,内　外　消　こう　呼　循,,平9. 9. 15,ika
診療所,02,0116729,ひでかず胃腸科内科,青森市大字大野字前田７５－８９,017-762-1600,鈴木　秀和,鈴木　秀和,内　胃　呼　循　小,,平9. 10. 1,ika
診療所,02,0116737,駒井胃腸科内科,青森市浜館四丁目１４－４,017-765-1500,駒井　一雄,駒井　一雄,内　胃　小　循　呼　放,,平9. 10. 1,ika
診療所,02,0116745,村岡整形外科クリニック,青森市沖館三丁目１０－１１,017-761-1300,村岡　義隆,村岡　義隆,整外　リハ　リウ,,平9. 10. 15,ika
診療所,02,0116752,木村隆内科呼吸器科医院,青森市久須志四丁目３－２８,017-761-1700,木村　隆,木村　隆,内　呼　アレ　消,,平9. 10. 15,ika
診療所,02,0116778,ファミリークリニック,青森市大字幸畑字松元２０－５,017-728-7000,葛西　敏,葛西　敏,内　胃　循　呼　小,,平9. 11. 1,ika
診療所,02,0116810,まちだ内科クリニック,青森市大字羽白字沢田３９－４,017-788-6688,医療法人　白鴎会　理事長　町田　光司,町田　光司,一般　内　胃　皮　小　こう　眼,,平9. 11. 1,ika
診療所,02,0116877,北畠外科胃腸科医院,青森市堤町二丁目１３－６,017-734-7500,医療法人　北翔会　理事長　北畠　滋郎,北畠　滋郎,消　外　整外　こう　放　内,,平10. 4. 1,ika
診療所,02,0116885,加藤内科循環器科,青森市金沢四丁目４－１０,0177-35-7555,医療法人　加藤内科循環器科　理事長　加藤　正史,加藤　正史,内　呼　消　循　小,,平10. 6. 1,ika
病院,02,0116893,社団法人慈恵会　青い森病院,青森市大字大谷字山ノ内１６－３,017-729-3330,一般社団法人　慈恵会　理事長　丹野　智宙,川﨑　一隆,精神　精神　内　精,160,平10. 6. 1,ika
診療所,02,0116976,木村健一糖尿病・内分泌クリニック,青森市茶屋町１３－９,0177-65-3100,木村　健一,木村　健一,糖尿病内科　内分泌・代謝内科　内科　リウ,,平10. 11. 15,ika
診療所,02,0116984,脳神経外科内科　藤本クリニック,青森市大字大野字片岡３４－３,017-729-1111,医療法人　柏葉会　理事長　藤本　俊一,藤本　俊一,脳外　内　放,,平10. 12. 1,ika
診療所,02,0116992,ＡＭＣクリニック,青森市新町二丁目２－２２,017-722-9111,医療法人　三良会　理事長　村上　秀一,矢口　直,一般　ひ　皮,,平11. 1. 1,ika
診療所,02,0117024,新城胃腸科内科,青森市大字新城字平岡１７５－２３,017-788-8551,齋藤　吉春,齋藤　吉春,内　胃　循　呼　小,,平11. 4. 1,ika
診療所,02,0117057,たかぎ皮膚科クリニック,青森市西滝三丁目２７－１６,0177-82-3112,髙木　順之,髙木　順之,皮,,平11. 4. 1,ika
診療所,02,0117073,筒井小児科クリニック,青森市大字筒井字八ッ橋３１－１０５,0177-64-2100,木村　義治,木村　義治,小,,平11. 5. 1,ika
診療所,02,0117099,降矢内科医院,青森市花園一丁目１９－１,017-742-1836,降矢　太郎,降矢　太郎,内　消,,平11. 6. 15,ika
診療所,02,0117115,とよあきクリニック,青森市浜田二丁目１５番地５,017-762-3100,佐々木　豊明,佐々木　豊明,一般　外　内　胃　整外　こう,,平11. 10. 15,ika
診療所,02,0117131,山上きよし眼科,青森市松原三丁目９－５２,017-721-1160,山上　潔,山上　潔,一般　眼,,平11. 11. 15,ika
診療所,02,0117149,青森クリニック,青森市篠田一丁目９－１１,017-783-2222,畠山　隆,畠山　隆,一般　内　神内　呼　リハ　放,,平11. 12. 1,ika
診療所,02,0117271,菊田クリニック,青森市新町二丁目８－２８,017-721-3313,菊田　英夫,菊田　英夫,内　外,,平12. 11. 1,ika
診療所,02,0117297,三上心療内科・内科医院,青森市大字平新田字池上３６－２,017-737-0120,三上　一治,三上　一治,精　内　心内,,平13. 1. 15,ika
診療所,02,0117321,みどり心療内科クリニック,青森市緑二丁目１５－９,017-721-3300,梨田　忠良,梨田　忠良,精　心内,,平13. 4. 1,ika
診療所,02,0117339,三上雅人クリニック,青森市千刈二丁目７－１８,017-761-6655,三上　雅人,三上　雅人,内　循　小　呼,,平13. 5. 1,ika
診療所,02,0117347,青い海公園クリニック,青森市安方一丁目１０３－２,017-721-1111,医療法人　三良会　理事長　村上　秀一,村上　信子,一般　一般　内科　腎臓内科　神内,19,平13. 8. 1,ika
診療所,02,0117388,小堀眼科,青森市中佃二丁目７－３４,017-765-1414,小堀　和子,小堀　和子,眼,,平14. 4. 15,ika
診療所,02,0117396,すとう小児科クリニック,青森市三好一丁目８－２,017-761-2300,須藤　善雅,須藤　善雅,小　アレ,,平14. 4. 15,ika
診療所,02,0117404,福士胃腸科循環器科医院,青森市千富町１－４－１６,017-776-4558,福士　道夫,福士　道夫,一般　療養　胃　循　内,,平14. 4. 1,ika
診療所,02,0117420,ふじた耳鼻咽喉科クリニック,青森市羽白字沢田４９－１,017-763-3387,藤田　猛志,藤田　猛志,耳い,,平14. 5. 15,ika
病院,02,0117438,こころのケアセンターふよう,青森市雲谷字山吹９３－１,017-738-2214,医療法人　芙蓉会　理事長　村上　拓也,桐生　一宏,療養　精神　精神科　児童精神科　老年精神科　内　心内,290,平14. 7. 1,ika
診療所,02,0117446,井上整形外科,青森市石江字江渡３７－７,017-761-5522,井上　貞宏,井上　貞宏,整外　リハ　リウ,,平14. 7. 1,ika
診療所,02,0117453,川口内科,青森市東大野一丁目８番地４,017-762-5252,川口　均,川口　均,一般　一般　内科　消化器内科,6,平14. 10. 15,ika
診療所,02,0117479,斉藤内科県庁前クリニック,青森市長島二丁目３－４,017-731-3110,齊藤　大太,齊藤　大太,循　呼　消　小　放,,平14. 12. 15,ika
診療所,02,0117487,佐々木胃腸科内科,青森市岡造道二丁目２番２５号,017-741-1155,医療法人　佐々木胃腸科内科　理事長　佐々木　義雄,佐々木　義雄,胃　内　呼　循　小,,平15. 1. 1,ika
病院,02,0117511,一般社団法人青森精神医学研究所附属　浅虫温泉病院,青森市浅虫字内野２７－２,017-752-3004,一般社団法人　青森精神医学研究所　理事長　横山　北斗,川合　久生,精神　精神　精　心内　内,198,平15. 4. 1,ika
診療所,02,0117552,医療法人　マルモ．盛ハート・クリニック,青森市奥野一丁目１－９,017-777-7060,医療法人　マルモ．　理事長　盛　勇造,盛　勇造,循環器内科　呼内　内,,平15. 11. 1,ika
病院,02,0117560,社会福祉法人敬仁会　青森敬仁会病院,青森市久栗坂字山辺８９－１０,017-737-5566,社会福祉法人敬仁会　理事長　丹野　智宙,曽我　須直,療養　内　整外　リハ,120,平15. 12. 1,ika
診療所,02,0117578,協立クリニック,青森市東大野二丁目２番地２,017-762-5511,青森保健生活協同組合　理事長　相馬　裕,磯島　寿人,内科　緩和医療内科　消　循　呼　神内　リハ　産婦　精　心内　整外　ひ,,平16. 3. 1,ika
診療所,02,0117602,おさないクリニック,青森市平新田字森越２３－６,017-737-0202,小山内　秀二,小山内　秀二,内　胃　循　呼,,平16. 6. 1,ika
診療所,02,0117628,長島皮フ科クリニック,青森市金沢４丁目１６－２７,017-776-1112,医療法人　長島皮フ科クリニック　理事長　長島　弘明,長島　弘明,皮,,平16. 5. 1,ika
診療所,02,0117644,石木医院,青森市浅虫字蛍谷６５－３７,017-752-3015,医療法人　蛍慈会　理事長　石木　基夫,赤石　隆信,内　胃　循　小,,平16. 5. 1,ika
診療所,02,0117651,和田クリニック内科・胃腸科,青森市橋本二丁目１４－６,017-775-1300,医療法人　和田クリニック内科・胃腸科　理事長　和田　一穂,和田　一穂,内　胃　呼内,,平16. 8. 1,ika
診療所,02,0117669,村上内科胃腸科医院,青森市栄町二丁目２－１,017-741-1215,村上　秀樹,村上　秀樹,内　呼　胃　循,,平16. 11. 1,ika
診療所,02,0117677,白取医院,青森市高田字川瀬２９４－９,017-739-2342,医療法人　柏葉会　理事長　藤本　俊一,藤本　由美子,一般　一般　内,4,平16. 11. 15,ika
病院,02,0117693,青森市立浪岡病院,青森市浪岡大字浪岡字平野１８０,0172-62-3111,青森市長　西　秀記,高橋　敏之,一般　内　精　小　外　整外　眼　耳い,,平11. 8. 1,ika
診療所,02,0117735,津軽保健生活協同組合　津軽医院,青森市浪岡大字浪岡字浅井２０５,0172-62-3101,津軽保健生活協同組合　理事長　伊藤　真弘,石森　伸二,内　呼　消　循　放,,平17. 4. 1,ika
診療所,02,0117743,大竹整形外科,青森市浪岡福田二丁目１３－８,0172-62-3300,大竹　進,大竹　進,整外　リハ,,平16. 11. 15,ika
診療所,02,0117784,青葉こころのクリニック,青森市青葉１－２－２８,017-762-5560,佐々木　俊徳,佐々木　俊徳,精　内　心内,,平17. 10. 1,ika
診療所,02,0117792,三戸眼科,青森市浪館字志田２４,017-781-2511,三戸　千賀子,三戸　千賀子,一般　一般　眼,,平17. 10. 1,ika
診療所,02,0117800,片桐内科医院,青森市浪打一丁目１２－１８,017-741-2521,片桐　耕吾,片桐　耕吾,内　呼　胃　消　循,,平17. 10. 1,ika
診療所,02,0117842,クリニック　こころの森,青森市東大野１－２１－１０,017-729-1556,大森　寛,大森　寛,精　神　内　心内,,平18. 1. 1,ika
診療所,02,0117875,小松整形外科スポーツクリニック,青森市小柳三丁目１－１,017-763-5917,医療法人尚武会　理事長　小松　尚,小松　尚,一般　整外　リハ,,平18. 1. 1,ika
診療所,02,0117883,平井内科医院,青森市松原三丁目２－５,0177-74-3355,平井　裕一,平井　裕一,一般　一般　内,,平18. 1. 1,ika
診療所,02,0117891,ミッドライフクリニックＡＭＣ,青森市新町１－２－５,017-721-5111,医療法人　三良会　理事長　村上　秀一,山形　尚正,一般　一般　内科　腎臓内科　神内,19,平18. 3. 1,ika
診療所,02,0117917,医療法人　レディスクリニック　セントセシリア,青森市筒井八ッ橋９５－１２,017-738-0321,医療法人　レディスクリニック　セントセシリア　理事長　上田　克文,上田　克文,一般　一般　産婦,17,平18. 5. 1,ika
診療所,02,0117925,三上皮膚科　桜川医院,青森市桜川四丁目２２－１４,017-741-5551,三上　幸子,三上　幸子,皮,,平18. 6. 1,ika
診療所,02,0117933,三上皮膚科　緑医院,青森市緑一丁目１９－６,017-735-5551,三上　英樹,三上　英樹,皮,,平18. 6. 1,ika
診療所,02,0117958,わたなべ内科クリニック,青森市奥野３－１２－１７,017-764-0833,渡辺　泰宏,渡辺　泰宏,内　呼　胃　循　小,,平19. 1. 1,ika
診療所,02,0117974,佐藤整形外科・リウマチ科　クリニック,青森市奥野１－５－８,017-721-3755,佐藤　衛,佐藤　衛,整外　リハ　リウ,,平19. 6. 1,ika
診療所,02,0117982,さくらだ整形外科クリニック,青森市大字平新田字森越２３－４,017-737-3000,医療法人　さくらだ整形外科クリニック　理事長　桜田　純人,桜田　純人,整外　リハ　リウ,,平19. 5. 1,ika
診療所,02,0118022,さいとう小児科,青森市八重田２丁目１３－８,017-736-4640,齋藤　雅彦,齋藤　雅彦,小,,平19. 12. 1,ika
診療所,02,0118048,附属あおもり健康管理センター診療所,青森市松原３丁目９－３９,017-773-6011,公益財団法人青森県総合健診センター　理事長　中路　重之,三上　修,内　外　整外　ひ　婦　放,,平20. 2. 1,ika
診療所,02,0118063,内科おひさまクリニック,青森市橋本一丁目９－２６,,医療法人　内科おひさまクリニック　理事長　冨山　月子,冨山　月子,内科　糖尿病内科　内分泌内科　脂質代謝内科　循環器内科　神内,,平20. 5. 1,ika
診療所,02,0118071,田原小児科医院,青森市浪岡大字浪岡字細田１０３－１,0172-62-4137,田原　悌,田原　悌,小　内,,平20. 7. 28,ika
診療所,02,0118105,岩谷整形外科クリニック,青森市浜田三丁目３－４４,017-762-6288,岩谷　道生,岩谷　道生,整外　リハ　リウ,,平21. 1. 1,ika
診療所,02,0118113,しんまちクリニック,青森市新町二丁目１番１４号,017-735-3111,医療法人　三良会　理事長　村上　秀一,真柄　孝一,一般　内科　腎臓内科　神内　皮　耳い　歯,,平21. 2. 1,ika
診療所,02,0118147,さわだクリニック,青森市大字石江字岡部７６番地２６,017-761-5577,医療法人　さわだクリニック　理事長　澤田　善章,澤田　善章,ひ　内,,平21. 9. 1,ika
診療所,02,0118170,やなぎまちストレスクリニック,青森市長島１丁目６－６クロスタワーＡ－ＢＡＹ３階,017-718-3026,篠﨑　直子,篠﨑　直子,心内　精,,平21. 12. 1,ika
診療所,02,0118196,やましき内科クリニック,青森市浪打２丁目３番１号,017-718-3600,山敷　宏正,山敷　宏正,内科　消化器内科　内視鏡内科　糖尿病・代謝内科　内分泌内科,,平22. 1. 1,ika
診療所,02,0118212,みずたに眼科,青森市東大野一丁目４－１,,水谷　英之,水谷　英之,眼,,平22. 5. 1,ika
診療所,02,0118220,たく内科クリニック,青森市大字大野字山下１７１番１号,017-752-1192,渡邉　拓,渡邉　拓,内科　消化器内科　糖尿病・脂質代謝内科,,平22. 8. 1,ika
診療所,02,0118261,りょう内科クリニック,青森市富田三丁目１６番４号,,医療法人　エヴリワン　理事長　奈須下　亮,奈須下　亮,糖尿病・代謝内科　内分泌内科,,平23. 1. 1,ika
診療所,02,0118279,横内耳鼻咽喉科医院,青森市中央一丁目１２番３号,090-2843-0312,横内　載子,横内　載子,耳い,,平23. 2. 1,ika
診療所,02,0118295,諏訪沢クリニック,青森市大字諏訪沢字丸山６６番地１,017-726-3857,医療法人　丸山会　理事長　荒谷　信夫,荒谷　信夫,内　外,,平23. 6. 1,ika
診療所,02,0118303,エフ．クリニック,青森市浜田三丁目３番地７,017-729-4103,藤井　俊策,藤井　俊策,一般　一般　産婦,14,平23. 11. 1,ika
病院,02,0118311,村上病院,青森市浜田３－３－１４,017-729-8888,医療法人　芙蓉会　理事長　村上　拓也,水木　一郎,一般　一般　療養　療養　内科　消化器内科　循環器内科　糖尿病内科　心療内科　脳内　整外　血管外科　ひ　精　リハ　放　皮,122,平24. 6. 1,ika
診療所,02,0118329,おきだてハートクリニック,青森市沖館三丁目１番１８号ベイコートおきだて　１Ｆ,017-761-1132,工藤　健,工藤　健,内科　循環器内科　腎臓内科　呼内,,平24. 9. 1,ika
診療所,02,0118337,青森東方クリニック,青森市緑三丁目９－２サンロード青森４Ｆ,017-777-9100,穴水　玲逸,穴水　玲逸,内　眼,,平24. 11. 22,ika
診療所,02,0118345,桂木クリニック,青森市桂木四丁目６番地３７,017-773-6663,医療法人桂木クリニック　理事長　伊藤　卓,伊藤　卓,乳腺外科　内,,平25. 2. 1,ika
診療所,02,0118352,青森整形外科クリニック,青森市浪館字泉川１９－２,017-729-0660,荒木　徳一,荒木　徳一,整外　リハ　放,,平25. 4. 1,ika
診療所,02,0118378,いわさき整形外科クリニック,青森市南佃二丁目８番１号,017-763-5557,岩崎　哲也,岩崎　哲也,整外　リハ　放　リウ,,平25. 6. 1,ika
診療所,02,0118386,あおもり腎透析・泌尿器科クリニック,青森市西大野一丁目１５番地７,017-752-6353,医療法人あおもり腎透析・泌尿器科クリニック　理事長　斎藤　英樹,斎藤　英樹,一般　一般　泌尿器科（人工透析）,12,平25. 6. 1,ika
診療所,02,0118394,あおもりベイクリニック,青森市長島一丁目６番６号クロスタワーＡ・ＢＡＹ３Ｆ,017-718-3622,医療法人健章会　理事長　大出　伸治,大出　伸治,整外　リウ　内　乳腺外科,,平25. 6. 1,ika
診療所,02,0118402,森総合クリニック松原,青森市奥野２丁目２０番地２号,017-776-6299,森　明彦,森　明彦,内　小　整外,,平25. 9. 1,ika
診療所,02,0118410,中村豊医院,青森市西滝１丁目１６番３１号,017-782-6633,中村　文彦,中村　文彦,内　外科　肛門外科　整外,,平26. 1. 1,ika
診療所,02,0118436,高橋眼科,青森市堤町２丁目１番２６号,017-734-4866,髙橋　佳二,髙橋　佳二,眼,,平26. 4. 1,ika
診療所,02,0118444,青森県立あすなろ療育福祉センター診療部,青森市大字石江字江渡１０１,017-781-0174,青森県知事　宮下　宗一郎,吉川　圭,一般　整外　小　リハ　歯,,平26. 4. 1,ika
診療所,02,0118451,好醫院,青森市大字浜田字玉川２４７番地１ヴァン・ピュール南青森１階,017-762-5573,社会福祉法人　宏仁会　理事長　長根　祐子,田澤　宏嗣,内　脳外　リハ,,平26. 5. 1,ika
診療所,02,0118477,あおもり睡眠クリニック,青森市西大野五丁目１番４,017-762-3666,医療法人吉田耳鼻咽喉科医院　理事長　秋田　三和興,秋田　三和興,内,,平26. 10. 1,ika
診療所,02,0118501,千歳産婦人科医院,青森市長島三丁目１２番６号,017-776-2893,千歳　和哉,千歳　和哉,一般　産婦,,平26. 12. 14,ika
診療所,02,0118527,たざわ生活習慣病クリニック,青森市中佃２丁目１８番２６号,017-752-8386,田澤　康明,田澤　康明,内科　糖尿病・代謝内科　内分泌内科,,平27. 11. 1,ika
診療所,02,0118535,たかしクリニック耳鼻咽喉科,青森市奥野２丁目１０番２１号,017-752-0288,白崎　隆,白崎　隆,耳鼻咽喉科　小児耳鼻咽喉科　頭頸部外科　アレ,,平28. 2. 1,ika
診療所,02,0118543,井上耳鼻咽喉科医院,青森市大野字片岡２５番地１,017-723-3325,井上　卓,井上　卓,耳い,,平28. 11. 1,ika
診療所,02,0118550,中野脳神経外科・総合内科クリニック,青森市石江４丁目４番地３,017-788-7200,医療法人ルボアヴェール　理事長　中野　高広,中野　高広,脳外　総合内科,,平29. 1. 1,ika
病院,02,0118576,医療法人雄心会　青森新都市病院,青森市石江３丁目１番地,017-757-8750,医療法人雄心会　理事長　伊藤　丈雄,末綱　太,一般　一般　脳外　形外　整外　消化器外科　乳腺外科　甲状腺外科　外科　消化器内科　循環器内科　内科　脳内　リハ　放射線腫瘍科　放射線科　麻　歯外　ひ,191,平29. 5. 1,ika
診療所,02,0118592,浜田みやかわ眼科,青森市大字浜田字玉川３４６番地１,017-764-6119,宮川　靖博,宮川　靖博,眼,,平29. 9. 1,ika
診療所,02,0118600,関谷外科クリニック,青森市大字横内字亀井２６１番地９,017-752-7570,医療法人養仁会　理事長　関谷　哲義,関谷　哲義,外,,平29. 11. 1,ika
診療所,02,0118618,かきざき胃腸科内科クリニック,青森市大字三内字沢部１４５番５,017-782-2882,医療法人一醫会　理事長　柿﨑　良輔,柿﨑　良輔,胃　内　小,,平29. 10. 1,ika
診療所,02,0118634,おきつ内科,青森市古川２丁目８番１６号,017-757-8787,医療法人玲陽会　理事長　沖津　玲奈,沖津　玲奈,内　和漢,,平30. 9. 1,ika
診療所,02,0118642,たにた耳鼻咽喉科クリニック,青森市古川一丁目２１番１８号ＮＡＲＡＹＡビル２Ｆ,017-774-8733,医療法人ネクスト　理事長　谷田　次郎,谷田　次郎,耳い　アレ,,平31. 1. 4,ika
診療所,02,0118659,青森ひかり眼科,青森市千刈二丁目１番３５号,017-766-8877,医療法人慶成　理事長　門　遼星,門　郁,一般　一般　眼,9,令元. 5. 1,ika
診療所,02,0118675,むなかた皮ふ科スキンケアクリニック,青森市篠田二丁目１９番３号,017-752-7572,棟方　貴子,棟方　貴子,皮　小児皮膚科　アレルギー性疾患皮膚科　美容皮膚科,,令元. 6. 1,ika
診療所,02,0118683,阿部レディースクリニック,青森市大字石江字江渡７３番地の３,017-781-7887,阿部　和弘,阿部　和弘,産婦,,令元. 6. 1,ika
診療所,02,0118691,堤橋ふれあいクリニック,青森市堤町２丁目２４番地１３号,017-718-5527,竹内　晋,竹内　晋,内　循,,令元. 9. 1,ika
診療所,02,0118709,青森市急病センター,青森市中央一丁目２２番５号,017-773-6477,青森市長　西　秀記,北畠　滋郎,内　小　外,,令元. 10. 19,ika
診療所,02,0118725,あいだクリニック,青森市合浦一丁目２番２１号,017-762-0810,医療法人　あいだクリニック　理事長　會田　久美子,會田　久美子,小　アレ,,令2. 2. 1,ika
診療所,02,0118733,象こどもクリニック,青森市沖館一丁目１２番１３号,017-761-5855,医療法人エレファン　理事長　舘山　尚,舘山　尚,小,,令2. 3. 1,ika
診療所,02,0118758,かきざき糖尿病内科クリニック,青森市篠田二丁目２０番１５号,017-757-9080,柿﨑　雄介,柿﨑　雄介,糖尿病内科　内科,,令2. 5. 1,ika
診療所,02,0118766,佐藤クリニック内科循環器科,青森県青森市青柳二丁目１番１２号,017-722-4802,佐藤　権裕,佐藤　権裕,療養　療養　循　内　外,,令3. 2. 1,ika
診療所,02,0118774,北川ひ尿器科クリニック,青森市花園二丁目４３番１８号,017-765-3355,医療法人聖徳会　理事長　北川　柾彦,北川　柾彦,一般　一般　ひ,19,令3. 5. 1,ika
診療所,02,0118808,公益財団法人青森県総合健診センター診療所,青森市佃二丁目１９番１２号,017-741-2336,公益財団法人青森県総合健診センター　理事長　中路　重之,下山　克,内　外,,令4. 3. 1,ika
診療所,02,0118816,青森スリー眼科,青森市新町一丁目７番１号ＴＨＲＥＥ４階,017-764-6106,医療法人財団ＭＳＴ会　理事長　玉岡　容子,莊司　郎,眼,,令5. 4. 1,ika
診療所,02,0118824,よこの循環器呼吸器内科医院,青森市大字石江字江渡９７－１２,017-761-1188,横野　良和,横野　良和,循環器内科　内科　呼内　小,,令6. 1. 1,ika
診療所,02,0118840,もり眼科・クリニック,青森市勝田１丁目２番１２号,017-752-7714,医療法人マルモ．　理事長　盛　勇造,盛　泰子,眼,,令6. 11. 1,ika
診療所,02,0118857,きむら眼科,青森市青柳２丁目５番１９号,017-752-6980,木村　智美,木村　智美,眼,,令7. 6. 1,ika
診療所,02,0118865,おとファミリークリニック,青森市篠田３丁目１３番２５号,017-766-5515,川村　直人,川村　直人,小　耳い　内,,令7. 6. 27,ika
診療所,02,0118873,おがわ　よしじ　内科,青森市大字石江字江渡１１７番５,017-766-9107,小川　吉司,小川　吉司,内科　糖尿病内科,,令7. 4. 1,ika
診療所,02,0118881,浪岡ファミリークリニック,青森市浪岡大字浪岡稲村１６２番地８,0172-88-7633,井　研悟,井　研悟,内　小　アレ,,令7. 7. 1,ika
診療所,02,0118899,斉藤内科小児科医院,青森市青柳二丁目６番１７号,017-777-3818,医療法人斉藤内科小児科医院　理事長　齊藤　栄太,齊藤　栄太,一般　一般　療養　療養　内科　呼吸器内科　消化器内科　循環器内科　小,19,令7. 11. 1,ika
診療所,02,0118915,いまにしクリニック泌尿器内科,青森市松原１丁目５番１４号,017-775-6650,今西　賢悟,今西　賢悟,ひ　内,,令8. 1. 1,ika
診療所,02,0118923,まつくらレディースクリニック,青森市浜館５丁目１番１２,017-752-8555,松倉　大輔,松倉　大輔,一般　一般　産婦,15,令8. 5. 1,ika
診療所,02,0118931,山本功皮膚科,青森市緑三丁目９－２サンロード青森４Ｆ,017-718-2338,山本　功,山本　功,皮膚科　小児皮膚科　美容皮膚科,,令8. 6. 1,ika
病院,02,0210027,一般財団法人愛成会　弘前愛成会病院,弘前市大字北園一丁目６－２,0172-34-7111,一般財団法人　愛成会　理事長　佐々木　哲,近藤　毅,精神　精神　精神　精神　精神　精神　精　心内　内,,昭32. 7. 1,ika
診療所,02,0210563,医療法人施仁会　ゆざわ産婦人科クリニック,弘前市大字品川町４８番地１,0172-35-4635,医療法人　施仁会　理事長　湯澤　映,湯澤　映,一般　産婦,,昭44. 10. 1,ika
病院,02,0210639,鳴海病院,弘前市大字品川町１９,0172-32-5211,一般財団法人　医療と育成のための研究所清明会　理事長　淀野　啓,淀野　啓,一般　一般　療養　療養　放射線科　放射線診断科　内科　消化器内科　胃腸内科　循環器内科　内視鏡内科　呼内　外科　消化器外科　乳腺外科　肛門外科　リハ　婦　心外　皮,114,昭44. 10. 1,ika
病院,02,0212320,公益財団法人鷹揚郷　腎研究所　弘前病院,弘前市大字小沢字山崎９０,0172-87-1221,公益財団法人　鷹揚郷　理事長　鈴木　唯司,斎藤　久夫,一般　ひ　内　外　リハ　歯,,昭49. 6. 1,ika
病院,02,0212460,津軽保健生活協同組合　藤代健生病院,弘前市藤代二丁目１２－１,0172-36-5181,津軽保健生活協同組合　理事長　伊藤　真弘,関谷　修,精神　精神神経科　内　リハ　放,220,昭51. 3. 1,ika
病院,02,0212858,医療法人弘愛会　弘愛会病院,弘前市大字宮川三丁目１－４,0172-33-2871,医療法人　弘愛会　理事長　橘　正人,橘　正人,一般　療養　内　外　整外　形外　リハ　皮　呼外　麻,,昭56. 5. 29,ika
診療所,02,0212866,松木皮膚科医院,弘前市大字松森町５３－３,0172-34-7350,松木　哲文,松木　哲文,皮,,昭56. 10. 1,ika
診療所,02,0212874,大津医院,弘前市大字山王町２－５,0172-35-9662,大津　幸世,大津　幸世,内　胃　外　皮　こう,,昭56. 9. 13,ika
診療所,02,0212940,菊池医院,弘前市大字富田町８－１,0172-39-1234,菊池　晃,菊池　晃,内　胃　外　整外　皮,,昭57. 7. 1,ika
病院,02,0213039,弘前記念病院,弘前市大字境関字西田５９－１,0172-28-1211,医療法人　整友会　理事長　佐々木　知行,佐々木　知行,一般　整外　内　麻　リウ　リハ,138,昭59. 8. 1,ika
診療所,02,0213179,今村クリニック,弘前市大字松原西二丁目１－１,0172-88-3090,今村　憲市,今村　憲市,一般　内　呼　消　循　小　皮,,昭61. 12. 1,ika
診療所,02,0213187,弘前市急患診療所,弘前市大字野田二丁目７－１（弘前市総合保健センター内）,0172-37-3750,弘前市長　谷川　政人,佐藤　博彦,内　小　外,,昭61. 12. 1,ika
診療所,02,0213245,相馬信　内科クリニック,弘前市大字城南三丁目１３－２５,0172-37-3741,相馬　信,相馬　信,内　小　胃　呼　循　心内　精,,昭63. 7. 15,ika
診療所,02,0213328,伊藤眼科,弘前市大字南大町二丁目６番地３,0172-36-6105,医療法人　福星会　理事長　伊藤　勇,伊藤　忠,一般　眼,,平元. 6. 1,ika
診療所,02,0213336,佐藤内科医院,弘前市大字覚仙町１５－１,0172-34-2126,医療法人　陽明会　理事長　佐藤　博彦,佐藤　博彦,内　呼　胃　循　小　心内　リハ　放,,平元. 9. 1,ika
診療所,02,0213443,下田クリニック,弘前市大字城東中央四丁目１－３,0172-27-2002,医療法人　サンメディコ　理事長　下田　肇,下田　肇,療養　内科　循環器内科　精　心内　リハ,,平2. 2. 1,ika
診療所,02,0213468,西弘前クリニック,弘前市大字中野一丁目９－８,0172-32-4121,医療法人　光成会　理事長　秋山　邦男,秋山　邦男,外　内　胃腸内科　整外,,平2. 7. 2,ika
診療所,02,0213492,そうまクリニック,弘前市大字八幡町二丁目８－４,0172-32-2222,相馬　宏樹,相馬　宏樹,内　胃　小　外　整外　皮　こう,,平2. 8. 1,ika
診療所,02,0213526,医療法人　弘和会　神整形外科,弘前市大字大町三丁目６－４,0172-35-2551,医療法人　弘和会　理事長　神　裕道,神　裕道,整外　リハ,,平2. 11. 1,ika
診療所,02,0213567,医療法人　聖誠会　石澤内科胃腸科,弘前市大字新町１５１,0172-34-3252,医療法人　聖誠会　理事長　石澤　誠,石澤　誠,一般　療養　療養　内　呼　消　循　小　心内　皮　精,10,平3. 3. 1,ika
診療所,02,0213583,医療法人　一美会　一戸眼科医院,弘前市大字富田二丁目９－６,0172-32-3076,医療法人　一美会　理事長　一戸　敏,一戸　敏,一般　眼,,平3. 1. 30,ika
診療所,02,0213625,さがらクリニック,弘前市大字桔梗野一丁目３－３,0172-37-2070,医療法人　楽清会　理事長　相楽　衛男,相楽　衛男,一般　療養　内　胃　循　小　皮　ひ　リハ,,平3. 11. 1,ika
診療所,02,0213682,よしだ耳鼻科・小児科,弘前市大字中野二丁目１－１５,0172-33-2306,医療法人　吉田耳鼻咽喉科医院　理事長　秋田　三和興,秋田　直子,一般　一般　耳い　アレ　小　内,6,平4. 4. 1,ika
診療所,02,0213724,三上内科医院,弘前市大字北横町５７,0172-35-5601,三上　淳,三上　淳,内　呼　胃　循　放,,平4. 6. 1,ika
診療所,02,0213740,宮園耳鼻科クリニック,弘前市大字宮園五丁目３４－３,0172-39-1133,北山　裕隆,北山　裕隆,耳い,,平4. 7. 15,ika
診療所,02,0213757,おおはしクリニック,弘前市大字青山二丁目１－３,0172-37-5225,大橋　弘実,大橋　弘実,一般　ひ　内　皮,,平4. 9. 15,ika
診療所,02,0213799,金子内科クリニック,弘前市大字徳田町１０－４,0172-37-1102,金子　宏彦,金子　宏彦,内　神内　呼　胃　循　小,,平4. 11. 1,ika
診療所,02,0213823,福士内科医院,弘前市大字松森町５３－１,0172-32-1016,福士　玄,福士　玄,内　呼　胃　循　小,,平5. 2. 1,ika
診療所,02,0213831,しらとりレディスクリニック,弘前市大字豊原二丁目１－２,0172-33-2822,白取　秀世,白取　秀世,一般　産婦　内,,平5. 2. 16,ika
診療所,02,0213914,やぎはし腎泌尿器科医院,弘前市大字笹森町３９－１,0172-38-5533,八木橋　勇治,八木橋　勇治,ひ　外　内,,平6. 10. 1,ika
診療所,02,0213955,早川内科肛門科,弘前市大字安原三丁目７－５,0172-87-7700,早川　一博,早川　一博,一般　内　胃　整外　皮　こう,,平6. 10. 15,ika
診療所,02,0213963,こいし内科クリニック,弘前市大字松原東二丁目５－２,0172-87-7111,小石　陽一,小石　陽一,内　呼　胃　循,,平6. 10. 15,ika
診療所,02,0214052,相原内科医院,弘前市大字青山三丁目８－２,0172-33-0055,医療法人相原内科医院　理事長　相原　智之,相原　智之,内科　内視鏡内科　血液内科　呼吸器内科　循環器内科　糖尿病内科　アレルギー疾患内科　小,,平7. 6. 1,ika
診療所,02,0214060,石戸谷皮膚科泌尿器科医院,弘前市大字北川端町１,0172-32-9028,山本　晃,山本　晃,皮　形外　ひ,,平7. 6. 1,ika
診療所,02,0214136,桔梗野こどもおとなクリニック,弘前市大字桔梗野二丁目１３－５,0172-38-3080,八木　秀樹,八木　秀樹,小　呼　胃　循　内　消,,平8. 4. 15,ika
診療所,02,0214144,黒江内科,弘前市大字駅前町８番地１大町タウンビル３Ｆ,0172-35-2233,黒江　清郎,黒江　清郎,内　呼　胃　循　小　リウ,,平8. 4. 15,ika
診療所,02,0214185,やすはら耳鼻咽喉科,弘前市大字安原三丁目３－２２,0172-88-0087,医療法人　やすはら耳鼻咽喉科　理事長　福岡　敬二,福岡　敬二,耳い,,平8. 5. 1,ika
診療所,02,0214243,にじいろこどもクリニック,弘前市大字松原東二丁目１４－２,0172-88-1010,医療法人　愛桜会　理事長　相澤　知美,相澤　知美,小　内,,平9. 2. 1,ika
診療所,02,0214334,五日市内科医院,弘前市大字植田町８,0172-35-4666,五日市　敬,五日市　敬,内科　糖尿病内科,,平9. 9. 1,ika
診療所,02,0214359,一條耳鼻咽喉科クリニック,弘前市大字駅前三丁目２－１ＣｉｉＮＡ　ＣｉｉＮＡ弘前６階,0172-39-6222,一條　宏明,一條　宏明,耳い　アレ　神内,,平9. 10. 1,ika
診療所,02,0214391,吉田クリニック,弘前市大字百石町４９－１,0172-37-6300,医療法人　吉祥会　理事長　吉田　尚弘,吉田　尚弘,一般　こう　外　胃　皮　内　アレ,,平9. 11. 1,ika
診療所,02,0214441,医療法人　市川整形外科クリニック,弘前市大字南城西二丁目１２－３,0172-38-5888,医療法人　市川整形外科クリニック　理事長　市川　司朗,市川　司朗,一般　整外　リハ,,平10. 10. 1,ika
診療所,02,0214474,医療法人　恵和会　くどうクリニック,弘前市大字駅前三丁目３－７ＡＫＩＭＯＴＯビル２Ｆ,0172-37-1155,医療法人　恵和会　理事長　工藤　達也,工藤　達也,ひ　内　外,,平11. 2. 1,ika
診療所,02,0214532,城東クリニック,弘前市大字城東中央三丁目４－１０,0172-26-2800,医療法人博愛会　理事長　陳　俊輔,陳　俊輔,整外　内,,平11. 6. 1,ika
病院,02,0214557,医療法人元秀会　弘前小野病院,弘前市大字和泉二丁目１９－１,0172-27-1431,医療法人　元秀会　理事長　小野　浩嗣,小野　浩嗣,一般　療養　内科　循環器内科　消化器内科　心臓内科　呼内　老年内科　糖尿病・内分泌内科　外科　消化器外科　肛門外科　呼外　整外　放　リハ,,平11. 9. 1,ika
診療所,02,0214565,かきざき小児科アレルギー科クリニック,弘前市大字神田二丁目６－７,0172-31-2233,柿崎　良樹,柿崎　良樹,小　アレ　内　皮,,平11. 11. 15,ika
診療所,02,0214581,くどう内科　消化器・肝臓クリニック,弘前市大字石川字石川９７,0172-92-3316,医療法人　恩幸会　理事長　工藤　幸志,工藤　幸志,一般　一般　内科　胃腸内科　消化器内科　循環器内科　呼内　リハ　肝臓内科,1,平11. 12. 1,ika
診療所,02,0214599,レディスクリニック　すごう,弘前市大字外崎五丁目７－４,0172-28-8181,医療法人　慶成会　理事長　須郷　広之,須郷　孝信,一般　産婦　内,,平12. 1. 1,ika
診療所,02,0214607,佐藤内科小児科取上医院,弘前市大字取上二丁目１７－１,0172-33-1191,佐藤　淳,佐藤　淳,一般　療養　内　小　循,,平12. 2. 18,ika
診療所,02,0214631,たかはし内科胃腸科小児科,弘前市大字取上二丁目９－１,0172-38-2211,医療法人　七徳会　理事長　高橋　修一,高橋　一徳,一般　内科　消化器内科　糖尿病内科　肝臓内科　小　呼吸器内科　循環器内科　外　皮　リハ,,平12. 5. 1,ika
診療所,02,0214672,松本眼科,弘前市三岳町２－３,0172-31-3211,松本　光生,松本　光生,一般　眼,,平12. 10. 15,ika
診療所,02,0214680,城東こどもクリニック,弘前市城東北四丁目４－２０,0172-29-3111,松原　徹,松原　徹,小,,平12. 11. 1,ika
病院,02,0214706,弘前メディカルセンター,弘前市大字大町二丁目２－９,0172-35-1511,医療法人　北桜会　理事長　対本　宗訓,対本　宗訓,一般　一般　一般　一般　療養　療養　内科　糖尿病・脂質代謝内科・老年内科　漢方内科　呼内,,平13. 2. 1,ika
診療所,02,0214714,いとう胃腸科内科クリニック,弘前市大字早稲田二丁目８番地７,0172-29-3113,伊藤　透,伊藤　透,内　胃　呼　循,,平13. 6. 1,ika
診療所,02,0214722,むらなか小児科内科,弘前市大字早稲田二丁目７番地２,0172-29-3232,村中　秀樹,村中　秀樹,小　内　神内,,平13. 7. 1,ika
診療所,02,0214748,医療法人　成心会　なりた内科クリニック,弘前市大字安原二丁目１－１３,0172-87-7788,医療法人　成心会　理事長　成田　英俊,成田　英俊,一般　一般　内　循　呼　胃　小,15,平13. 10. 2,ika
診療所,02,0214763,満天クリニック,弘前市笹森町３７－２７,0172-33-3001,八木橋　典子,八木橋　典子,精　心内　内,,平14. 5. 1,ika
診療所,02,0214797,さとう耳鼻咽喉科医院,弘前市田園四丁目７－７,0172-27-8733,佐藤　成彦,佐藤　成彦,耳い,,平14. 7. 1,ika
診療所,02,0214805,加藤眼科クリニック,弘前市大字田町五丁目６－７,0172-31-3711,加藤　智博,加藤　智博,眼,,平14. 10. 1,ika
診療所,02,0214813,大町内科クリニック,弘前市大字大町一丁目１４－３,0172-31-3511,對馬　葉子,對馬　健一,内　胃,,平14. 10. 15,ika
診療所,02,0214821,いくこ耳鼻科クリニック,青森県弘前市大字南瓦ケ町２番地６,0172-33-6373,医療法人いくこ耳鼻科クリニック　理事長　武田　育子,武田　育子,一般　一般　耳い,8,平14. 12. 1,ika
病院,02,0214847,聖康会病院,弘前市和泉二丁目１７－１,0172-27-4121,医療法人社団聖康会　理事長　吉田　和貴,吉田　和貴,精神　精神　精神　精　神内　心内　内科　消化器内科,,平15. 4. 1,ika
診療所,02,0214862,畑山医院,弘前市大字石川字春仕内９７－１,0172-92-2115,畑山　亨,畑山　亨,一般　一般　内　循　呼　消　小　放　リハ,19,平15. 5. 1,ika
診療所,02,0214920,大開ファミリークリニック,弘前市大開１－３－３,0172-88-2120,三尾　佳久,三尾　佳久,内　循環器内科　呼吸器内科　アレ,,平15. 7. 15,ika
診療所,02,0214953,福原循環器内科クリニック,弘前市上鞘師町１７－３,0172-32-0528,医療法人　樹会　理事長　福原　泰樹,福原　泰樹,循環器内科　内,,平15. 10. 1,ika
診療所,02,0214961,城西しおたに内科小児科,弘前市南城西１丁目３－１５,0172-31-3177,塩谷　一春,塩谷　一春,内　小,,平15. 12. 1,ika
診療所,02,0214987,みくにや内科循環器科,弘前市笹森町２番地,0172-36-3928,医療法人　三翔会　理事長　三国谷　淳,三国谷　淳,内　呼　循　小　放,,平16. 1. 1,ika
診療所,02,0214995,恵こどもクリニック,弘前市宮川一丁目２－２,0172-36-4152,工藤　恵美子,工藤　恵美子,小　アレ　内,,平16. 1. 15,ika
診療所,02,0215026,山内整形外科,弘前市城東四丁目６－１７,0172-26-3336,医療法人　なごみ会　理事長　山内　大生,山内　大生,整外　リハ,,平16. 8. 1,ika
診療所,02,0215034,ＥＳＴクリニック,弘前市福村字新館添２０－１,0172-29-5500,医療法人社団　クロース・トゥ・ユー　理事長　澤田　光広,澤田　光広,一般　内　外　アレ　リウ　整外　呼外　皮ひ　眼　リハ　放,,平16. 10. 1,ika
診療所,02,0215042,木村脳神経クリニック,弘前市代官町９６－１,0172-31-3117,医療法人　至心会　理事長　木村　正英,木村　正英,脳外　内　放,,平17. 1. 1,ika
診療所,02,0215059,医療法人千葉胃腸科内科医院,弘前市石渡３丁目１３－２,0172-36-7788,医療法人　千葉胃腸科内科医院　理事長　千葉　裕樹,千葉　裕樹,内　呼　消胃　循　小,,平17. 1. 4,ika
診療所,02,0215109,皮フ科クリニック小原,弘前市駅前町８－１　大町タウンビル４Ｆ,0172-34-0032,小原　理,小原　理,皮,,平17. 6. 1,ika
病院,02,0215117,弘前脳卒中・リハビリテーションセンター,弘前市扇町１－２－１,0172-28-8220,一般財団法人　黎明郷　理事長　髙梨　信吾,萩井　譲士,一般　療養　脳・血管内科　循環器内科　内科　脳外　リハ　整外　脳内　放　歯,169,平17. 7. 1,ika
診療所,02,0215125,婦人科さかもとともみクリニック,弘前市大字早稲田３－２０－６,0172-29-5080,坂本　知巳,坂本　知巳,婦　産婦,,平17. 7. 1,ika
診療所,02,0215141,あおもりＰＥＴ画像診断センター,弘前市品川町３１－３,0172-32-5210,一般財団法人　医療と育成のための研究所清明会　理事長　淀野　啓,佐々木　泰輔,放,,平17. 7. 1,ika
診療所,02,0215158,小林ひ尿器科,弘前市富野町１２,0172-31-1177,小林　大樹,小林　大樹,ひ　内,,平17. 11. 1,ika
診療所,02,0215166,よこやま整形外科,弘前市藤野２－６－９,0172-31-2277,横山　隆文,横山　隆文,整外　リハ,,平17. 11. 1,ika
診療所,02,0215174,にしかわ整形外科・手の外科クリニック,弘前市大字早稲田２－２－１２,0172-29-6622,西川　真史,西川　真史,整外　リハ,,平18. 3. 1,ika
診療所,02,0215208,関医院　中津軽診療所,弘前市大字賀田１－１４－２,0172-82-3006,関　秀一,関　秀一,一般　内　循　整外,,平12. 10. 15,ika
診療所,02,0215224,はせがわ内科クリニック,弘前市大字賀田１－３－２,0172-82-1182,長谷川　武久,長谷川　武久,内　呼　消　循　アレ,,平17. 10. 1,ika
診療所,02,0215265,いわね内科胃腸科医院,弘前市浜の町西二丁目１－５,0172-38-0057,医療法人　いわね内科胃腸科医院　理事長　岩根　覚,岩根　覚,内　呼　胃　循　小,,平18. 5. 1,ika
診療所,02,0215273,福島耳鼻咽喉科,弘前市大字百石町４１,0172-32-5032,医療法人　福島耳鼻咽喉科　理事長　福島　龍之,福島　龍之,耳い　アレ,,平19. 1. 1,ika
診療所,02,0215307,さわだ整形外科,弘前市大開３－２－１,0172-87-3311,澤田　雅章,澤田　雅章,整外　リハ　リウ,,平19. 5. 1,ika
診療所,02,0215315,ナルミ医院,弘前市南川端町１３,0172-33-1507,鳴海　晃,鳴海　晃,内　呼吸器内科　アレ,,平19. 4. 1,ika
診療所,02,0215323,坂本アレルギー呼吸器科医院,弘前市大字安原２－１３－１０,0172-39-6110,医療法人　希祥会　理事長　坂本　祥一,坂本　祥一,呼内　アレ,,平19. 5. 1,ika
診療所,02,0215331,医療法人社団クロース・トゥ・ユーＥＳＴクリニック２,弘前市大字福村字新館添２０－５,0172-29-5501,医療法人社団　クロース・トゥ・ユー　理事長　澤田　光広,中野　あおい,一般　一般　皮　ひ,15,平19. 7. 1,ika
診療所,02,0215349,近江整形外科,弘前市大字山下町４－１,0172-32-2121,医療法人　明洋会　理事長　近江　洋一,近江　洋一,一般　整外　リハ　放,,平19. 8. 1,ika
診療所,02,0215356,弘前温泉養生医院,弘前市大字真土字勝剣林３３４－１,0172-82-3377,医療法人　希祥会　理事長　坂本　祥一,安田　利彦,一般　整外　内　リハ　呼内　アレ,,平19. 10. 1,ika
診療所,02,0215364,消化器内科　中畑クリニック,弘前市大字泉野１丁目５－３,0172-89-1700,中畑　元,中畑　元,消化器内科　内科　循環器内科　血液内科　腫瘍内科　呼内　糖尿病・脂質代謝内科　心内　リウ,,平20. 10. 1,ika
診療所,02,0215372,あきた耳鼻咽喉科クリニック,弘前市南城西二丁目５番地１２,0172-32-2332,医療法人　あきた耳鼻咽喉科クリニック　理事長　秋田　二朗,秋田　二朗,耳い　アレ,,平20. 9. 1,ika
診療所,02,0215398,たかはし眼科,弘前市大字紺屋町２１番地４,0172-31-3456,髙橋　大介,髙橋　大介,眼,,平20. 12. 1,ika
診療所,02,0215430,くりたクリニック,弘前市表町２－１１　弘前駅ビル・アプリーズ４Ｆ,0172-31-2100,栗田　武彰,栗田　武彰,外　内,,平21. 5. 21,ika
診療所,02,0215448,サンタハウスクリニック,弘前市大字大川字中桜川１９番地１,0172-99-1799,社会福祉法人　弘前豊徳会　理事長　下山　保則,福井　康三,内　外　形外　ひ,,平21. 12. 1,ika
診療所,02,0215455,梅村医院,弘前市大字石渡一丁目１の６,0172-32-3593,医療法人　芳真会　理事長　梅村　芳文,梅村　芳文,内,,平23. 6. 1,ika
病院,02,0215471,弘前中央病院,弘前市吉野町３番地１,0172-36-7111,一般財団法人医療と育成のための研究所清明会　理事長　淀野　啓,甲藤　敬一,一般　療養　内科　循環器内科　腎臓内科　糖尿病内科　外科　消化器外科　呼内　心外　形外　リハ　放　病理　透析　麻,114,平24. 1. 4,ika
診療所,02,0215489,やまとクリニック　泌尿器科・内科,弘前市高田４丁目３－１,0172-88-8720,大和　隆,大和　隆,ひ　内,,平24. 4. 1,ika
診療所,02,0215497,康安外科内科医院,弘前市大字栄町１丁目２の６,0172-33-6262,鳴海　康方,鳴海　康方,外　胃　循　内　整外　こう　麻　和漢　消,,平24. 4. 1,ika
診療所,02,0215513,ふくだ脳神経・整形外科クリニック,弘前市大字早稲田一丁目４－４,0172-27-5601,医療法人新緑会　理事長　福田　昌,福田　昌,脳外　整外　内　小,,平25. 6. 1,ika
診療所,02,0215521,弘前駅前メンタルクリニック,弘前市大字駅前町６番１１号,0172-31-3133,菊池　淳宏,菊池　淳宏,精　心内,,平25. 6. 1,ika
診療所,02,0215539,青森県立さわらび療育福祉センター診療部,弘前市大字中別所字平山１６８,,青森県知事　宮下　宗一郎,若井　弘美,内　整外,,平26. 4. 1,ika
診療所,02,0215547,一般社団法人慈育会　福士医院,弘前市大字新里字東里見４９番地,0172-27-1521,一般社団法人慈育会　代表理事　福士　智昭,福士　智昭,一般　整外　リハ　リウ　内,,平26. 6. 1,ika
診療所,02,0215554,金子整形外科,弘前市富田３丁目４－４,0172-34-0101,金子　雅,金子　雅,整外　リハ　放,,平26. 11. 1,ika
診療所,02,0215562,場崎クリニック,弘前市代官町８６番２号,0172-38-6600,場崎　潔,場崎　潔,放　内,,平27. 3. 1,ika
診療所,02,0215588,あらいこどもクリニック／眼科クリニック,弘前市大字城東中央四丁目２－８,0172-27-2233,医療法人泰平会　理事長　荒井　宏治,荒井　宏治,眼　小　アレ,,平27. 10. 1,ika
診療所,02,0215596,山形内科クリニック,弘前市松森町１２４,0172-37-5811,山形　亮,山形　亮,一般　内　消　循　呼,,平28. 4. 1,ika
診療所,02,0215620,いちろうクリニック,弘前市大字早稲田四丁目１番地５,0172-26-1692,医療法人一和会　理事長　田村　一朗,田村　一朗,一般　産　婦,,平28. 10. 1,ika
診療所,02,0215638,メーラ．レディスクリニック,弘前市大字東長町６０－２,0172-31-1882,鈴木　洋一郎,鈴木　洋一郎,一般　産　婦,,平28. 11. 1,ika
診療所,02,0215646,オリーブ会診療所,弘前市大字城西一丁目８番地７,0172-55-5908,社会福祉法人オリーブ会　理事長　石澤　誠,箕浦　恵,小　内　皮,,平29. 1. 1,ika
診療所,02,0215653,医療法人　なんば耳鼻咽喉科,弘前市大字高田五丁目２番地３,0172-55-8749,医療法人なんば耳鼻咽喉科　理事長　南場　淳司,南場　淳司,耳い,,平29. 2. 1,ika
診療所,02,0215679,医療法人仙知会　八幡町クリニック,弘前市大字青山四丁目２７番１０,0172-31-6188,医療法人仙知会　理事長　大塚　勝幸,大塚　勝幸,内　外,,平29. 7. 1,ika
診療所,02,0215687,津軽保健生活協同組合　健生クリニック,弘前市大字扇町二丁目２番１２,0172-55-7707,津軽保健生活協同組合　理事長　伊藤　真弘,宇藤　直人,内科　循環器内科　消化器内科　呼内　神内　精神神経科　ひ　心外,,平29. 10. 1,ika
病院,02,0215703,津軽保健生活協同組合　健生病院,弘前市大字扇町二丁目２番２,0172-55-7717,津軽保健生活協同組合　理事長　伊藤　真弘,竹内　一仁,一般　一般　内科　循環器内科　消化器内科　呼内　神　外科　消化器外科　整外　精　産婦　小　アレ　麻　リハ　放　リウ　救急科　皮,282,平29. 10. 1,ika
診療所,02,0215729,一般社団法人　青香会　弘前脳神経外科クリニック,弘前市大清水４丁目８－３,0172-88-5212,一般社団法人青香会　代表理事　鎌野　倫加,鈴木　重晴,脳外　内　リハ,,平30. 6. 1,ika
診療所,02,0215737,弘前駅前整形外科クリニック,弘前市大字駅前町１４番地１,0172-39-7555,医療法人成友会　理事長　成田　俊介,成田　俊介,整外　リハ,,平30. 6. 1,ika
診療所,02,0215745,のだ眼科・血管内科クリニック,弘前市神田三丁目２番地１１,0172-33-6611,医療法人ＦＡＶ＆アイ　理事長　野田　浩,野田　浩,眼　内　放　血管内科,,平31. 1. 2,ika
診療所,02,0215752,医療法人社団　伊東クリニック,弘前市大字元大工町３６番地１,0172-32-0630,医療法人社団　伊東クリニック　理事長　伊東　重豪,伊東　重豪,内科　消化器内科,,平31. 3. 1,ika
診療所,02,0215778,ひろさき糖尿病・内科クリニック,弘前市大字城東北４丁目４の２０,0172-29-2650,長谷川　範幸,長谷川　範幸,糖尿病内科　内科,,令2. 4. 1,ika
診療所,02,0215786,あいづ皮ふ科クリニック,弘前市中野１丁目２－５,0172-38-7755,会津　隆幸,会津　隆幸,皮,,令2. 3. 14,ika
診療所,02,0215794,沢田内科医院,弘前市茂森新町１丁目６の４,0172-37-7755,澤田　直也,澤田　直也,一般　一般　内　小,,令2. 4. 1,ika
診療所,02,0215836,糖尿病・生活習慣病　しろと内科クリニック,青森県弘前市高田４丁目２－１,0172-26-6123,白戸　輔,白戸　輔,糖尿病内科,,令3. 1. 1,ika
診療所,02,0215844,吉川脳神経外科クリニック,青森県弘前市大字城東中央３丁目９－６,0172-26-6120,吉川　朋成,吉川　朋成,脳外,,令3. 3. 1,ika
診療所,02,0215851,弘前あすなろメンタルクリニック,弘前市大字三岳町６－１,0172-88-8279,工藤　周平,工藤　周平,精　心内,,令3. 5. 1,ika
診療所,02,0215869,代官町クリニック　吉田眼科,弘前市大字代官町１０８番地,0172-38-4141,吉田　恒一,吉田　恒一,眼,,令3. 6. 1,ika
診療所,02,0215877,まにわ整形外科,弘前市宮川一丁目２番１号,0172-55-6195,医療法人Ｃａｎａｄｅｎｓｉｓ　Ｈｅａｌｔｈｃａｒｅ　理事長　マニワ・ケイイチロウ,ＭＡＮＩＷＡ　ＫＥＩＩＣＨＩＲＯ,整外　リハ,,令5. 3. 1,ika
診療所,02,0215885,はらクリニック,弘前市大字駅前３丁目３番７号ＡＫＩＭＯＴＯビル３階,0172-36-1112,医療法人三峰会　理事長　原　徹,原　徹,皮　形外　美外,,令5. 7. 1,ika
診療所,02,0215893,あべ耳鼻咽喉科,弘前市大字宮川１丁目２－２２,0172-26-6116,医療法人あべ耳鼻咽喉科　理事長　阿部　尚央,阿部　尚央,耳い,,令6. 2. 1,ika
診療所,02,0215919,めとき眼科クリニック,弘前市北横町５０番地１,0172-40-0691,医療法人スマイルビジョンめとき眼科クリニック　理事長　目時　友美,目時　友美,眼,,令6. 2. 1,ika
診療所,02,0215927,あさり整形外科クリニック,弘前市代官町５９－１,0172-32-0255,浅利　享,浅利　享,整外　リハ,,令6. 5. 1,ika
診療所,02,0215935,あじさい皮ふ科クリニック,弘前市青山１丁目１０－１,0172-34-8822,近藤　直子,近藤　直子,皮,,令6. 4. 1,ika
診療所,02,0215943,ともえ女性クリニック,弘前市大字駅前町８番地１弘前駅前地区共同ビル３階,0172-35-2110,丹藤　伴江,丹藤　伴江,婦,,令6. 5. 1,ika
診療所,02,0215950,まつざき皮膚科,弘前市城東２丁目１－１,0172-88-7272,松﨑　康司,松﨑　康司,皮,,令6. 10. 1,ika
診療所,02,0215968,いわむらクリニック泌尿器科・内科,弘前市浜の町西１丁目４－１６,0172-88-8683,岩村　大径,岩村　大径,ひ　内　皮,,令6. 11. 1,ika
診療所,02,0215976,小笠原クリニック,弘前市門外４丁目４－３９,0172-29-2381,小笠原　尚志,小笠原　尚志,外　整外　内　消化器内科　皮　ひ,,令7. 5. 1,ika
診療所,02,0215984,ひろさきレインディアクリニック,弘前市富田３丁目４－１３,0172-40-3452,松村　功貴,松村　功貴,糖尿病内科　内科　内分泌内科　脂質代謝内科,,令7. 10. 1,ika
診療所,02,0215992,サンデークリニック精神科心療内科,弘前市大字中野四丁目８番１２,0172-38-5826,神　裕,神　裕,精　心内,,令8. 1. 1,ika
診療所,02,0216008,医療法人副島胃腸科内科,弘前市大字稔町８番地１,0172-38-8080,医療法人副島胃腸科内科　理事長　副島　靖雄,副島　靖雄,一般　内科　消化器内科　胃腸内科　循環器内科　呼吸器内科　小,,令8. 2. 1,ika
診療所,02,0216016,おおた眼科,弘前市大字駅前町１３番地１扶岳ビル２Ｆ,0172-38-2333,医療法人Ｐ＆Ｅｙｅ　理事長　太田　卓也,太田　卓也,一般　眼,,令8. 2. 1,ika
診療所,02,0216024,さとうクリニック泌尿器・腎臓　内科,弘前市川先２丁目３－７,0172-88-9951,佐藤　天童,佐藤　天童,ひ　腎臓内科　内科,,令8. 4. 1,ika
病院,02,0311262,独立行政法人労働者健康安全機構　青森労災病院,八戸市大字白銀町字南ヶ丘１,0178-33-1551,独立行政法人労働者健康安全機構　理事長　大西　洋英,玉澤　直樹,一般　一般　内　神　循　小　外　整外　形外　脳外　心外　皮　ひ　産婦　眼　耳い　リハ　放　麻　歯外,250,昭37. 3. 1,ika
病院,02,0311346,医療法人青仁会　青南病院,八戸市大字田面木字赤坂１６－３,0178-27-2016,医療法人　青仁会　理事長　千葉　潜,深澤　隆,精神　内　精　神　歯　心内,199,昭46. 7. 1,ika
病院,02,0312070,医療法人　於本病院,八戸市大字大工町１０,0178-43-4647,医療法人　弘仁会　理事長　於本　淳,於本　淳,療養　内科　消化器内科　循環器内科　呼内　神内,,昭47. 3. 1,ika
病院,02,0312096,圭仁会病院,八戸市大字市川町字桔梗野上２－３６,0178-28-3711,医療法人　昆仁会　理事長　長谷部　満喜,長谷部　満喜,療養　内,,昭47. 4. 1,ika
病院,02,0312542,八戸赤十字病院,八戸市大字田面木字中明戸２番地,0178-27-3111,日本赤十字社　社長　清家　篤,紺野　広,一般　精神　消化器内科　糖尿病代謝内科　腎臓内科　膠原病内科　血液内科　循環器内科　呼内　精　脳内　小　外　心外　呼外　脳外　整外　皮　ひ　産婦　眼　耳い　放　麻　リウ　リハ　病理　形外　歯　歯外,374,昭43. 9. 1,ika
診療所,02,0313433,山道内科医院,八戸市小中野八丁目１２－２３,0178-22-1523,山道　欽彌,山道　欽彌,内　呼　胃　循,,昭55. 7. 1,ika
病院,02,0313573,岸原病院,八戸市柏崎六丁目２９－６,0178-45-8111,医療法人　千隆会　理事長　岸原　千秋,岸原　千秋,一般　療養　内　神内　呼　消　循　リハ,,昭57. 1. 1,ika
病院,02,0313607,総合リハビリ美保野病院,八戸市大字大久保字大山３１－２,0178-25-0111,医療法人　謙昌会　理事長　渡邉　貞義,田　茂,療養　療養　療養　内　整外　リハ　神　歯,,昭57. 4. 15,ika
病院,02,0313623,医療法人清照会　湊病院,八戸市大字新井田字松山下野場７－１５,0178-25-0011,医療法人　清照会　理事長　工藤　清太郎,工藤　清太郎,精神　精　内科　消化器内科　外　リハ,278,昭57. 11. 1,ika
診療所,02,0313649,類家内科クリニック,八戸市類家一丁目８－４２,0178-43-2008,及川　廣則,及川　廣則,内,,昭58. 1. 1,ika
診療所,02,0313912,境皮膚科医院,八戸市売市二丁目３－９,0178-45-0773,医療法人　恵慈会　理事長　境　繁雄,境　繁雄,皮,,昭63. 6. 1,ika
病院,02,0314001,八戸城北病院,八戸市石堂一丁目１４－１４,0178-20-2222,医療法人社団　豊仁会　理事長　菅原　健,齋藤　敦彦,一般　療養　内科　消化器内科　呼内　外科　肛門外科　リハ,,平元. 3. 1,ika
病院,02,0314027,青森県立はまなす医療療育センター,八戸市大字大久保字大塚１７－７２９,0178-31-5005,青森県知事　宮下　宗一郎,盛島　利文,一般（特例）　小　整外　リハ,82,平元. 6. 1,ika
診療所,02,0314035,医療法人一松堂医院はるクリニック,八戸市大字朔日町３７,0178-22-0025,医療法人　一松堂医院　理事長　種市　良意,種市　良意,一般　乳腺外科　内,,平元. 7. 1,ika
診療所,02,0314050,かねた耳鼻科医院,八戸市大字本鍛冶町１－５,0178-43-7770,医療法人かねた耳鼻科医院　理事長　金田　裕治,金田　裕治,耳い,,平元. 9. 1,ika
診療所,02,0314076,村田整形外科医院,八戸市大字常海町１６－１,0178-45-1611,医療法人　東和会　理事長　村田　東伍,村田　東伍,一般　整外,,平元. 9. 1,ika
診療所,02,0314118,ちょうじゃの森内科クリニック,八戸市大字糠塚字下道７－３２,0178-43-6516,医療法人　康和会　理事長　関野　千佳子,松本　立也,内　消　循　呼,,平元. 9. 1,ika
診療所,02,0314126,長谷川内科胃腸科医院,八戸市大字上徒士町２－１,0178-22-3215,医療法人　恵正会　理事長　長谷川　泰正,長谷川　泰正,一般　内　消　循　呼　消胃　胃,,平元. 9. 1,ika
診療所,02,0314134,玉井皮膚科医院,八戸市柏崎六丁目３０－７,0178-24-1415,医療法人　敬和会　理事長　玉井　良子,森次　龍太,皮,,平元. 9. 1,ika
病院,02,0314258,みちのく記念病院,八戸市小中野一丁目４－２２,0178-24-1000,医療法人杏林会　理事長　石山　菜穂,石山　菜穂,一般　精神　療養　精　内科　消化器内科　循環器内科　神内　呼内　リハ,274,平2. 2. 1,ika
診療所,02,0314332,薄場皮膚科医院,八戸市柏崎二丁目６－３,0178-22-5393,医療法人　真秀会　理事長　杉山　泰子,杉山　泰子,皮,,平2. 7. 1,ika
診療所,02,0314373,村井内科クリニック,八戸市吹上三丁目５－３,0178-43-5500,医療法人　村井内科クリニック　理事長　村井　千尋,村井　千尋,内　リウ,,平2. 7. 1,ika
診療所,02,0314449,八戸泌尿器科医院,八戸市城下一丁目１０－５,0178-45-8772,医療法人　八戸泌尿器科医院　理事長　野村　一雄,野村　一雄,一般　ひ　外　皮　内,,平2. 11. 1,ika
病院,02,0314456,八戸平和病院,八戸市湊高台二丁目４－６,0178-31-2222,医療法人　平成会　理事長　濱田　和一郎,藤井　一晃,一般　ひ　外　内科　循環器内科　消化器内科　整外　リハ　眼　麻　放,121,平2. 11. 1,ika
診療所,02,0314464,北村耳鼻咽喉科,八戸市小中野三丁目１－３０,0178-22-2551,医療法人　北村耳鼻科　理事長　北村　箴至,北村　箴至,耳い,,平2. 11. 1,ika
診療所,02,0314530,八戸医療生活協同組合　八戸生協診療所,八戸市南類家一丁目１７－２,0178-44-0278,八戸医療生活協同組合　代表理事　中道　博章,田代　実,一般　内,,平3. 2. 1,ika
診療所,02,0314662,洲﨑耳鼻咽喉科医院,八戸市内丸三丁目２－８,0178-44-2213,医療法人　洲﨑耳鼻咽喉科医院　理事長　洲﨑　洋,洲﨑　洋,耳　い,,平4. 7. 1,ika
診療所,02,0314670,医療法人　仁友会　きよかわ内科胃・大腸クリニック,八戸市柏崎四丁目１５－４１,0178-44-0555,医療法人　仁友会　理事長　清川　哲丸,清川　哲丸,内　胃,,平4. 9. 1,ika
診療所,02,0314720,西村産婦人科クリニック,八戸市小中野四丁目８－１８,0178-22-3901,医療法人　幸益会　理事長　西村　幸也,西村　幸也,産婦,,平5. 2. 1,ika
診療所,02,0314753,柏崎メディカルクリニック,八戸市柏崎三丁目７－１８,0178-45-7777,医療法人　正英会　理事長　長谷川　裕子,長谷川　達郎,内科　胃腸内科　肝臓内科　婦　外科　乳腺外科　肛門外科,,平5. 3. 1,ika
診療所,02,0314761,野々口整形外科,八戸市内丸三丁目５－１４,0178-22-2254,医療法人　内丸会　理事長　野々口　青史,野々口　青史,整外　リハ,,平5. 3. 1,ika
診療所,02,0314795,八戸整形外科,八戸市日計一丁目２番４２号,0178-29-1616,医療法人　八戸整形外科　理事長　朴　鍾大,朴　鍾大,一般　整外　リハ　リウ,,平5. 6. 1,ika
診療所,02,0314860,八戸クリニック内科,八戸市柏崎一丁目８－３２,0178-47-2525,医療法人　拓正会　理事長　石田　正文,石田　正文,内　呼　胃　循,,平6. 2. 1,ika
診療所,02,0314878,三条クリニック,八戸市大字尻内町字直田８１,0178-27-4533,盛合　範彦,盛合　範彦,内科　腎臓内科　糖尿病内科　呼　循　消,,平6. 4. 1,ika
診療所,02,0314894,村上耳鼻咽喉科医院,八戸市大字本徒士町１０－８,0178-22-4717,医療法人　鏡友会　理事長　村上　裕,村上　裕,耳い　気食,,平6. 6. 1,ika
診療所,02,0314910,はかまだ耳鼻咽喉科医院,八戸市大字日計一丁目２番４６号,0178-29-3387,袴田　勝,袴田　勝,耳い,,平6. 9. 1,ika
診療所,02,0314936,田名部整形外科,八戸市石堂一丁目５－２５,0178-29-1000,田名部　誠悦,田名部　誠悦,一般　整外　リハ　リウ,,平6. 11. 15,ika
診療所,02,0314951,下長内科クリニック,八戸市下長三丁目２１－１９,0178-28-5040,三上　信久,三上　信久,一般　内　神内　消　皮,,平6. 12. 15,ika
診療所,02,0314977,高木クリニック,八戸市下長一丁目６－６,0178-20-5566,高木　伸也,高木　伸也,耳い　内　胃,,平7. 5. 15,ika
診療所,02,0315032,さしなみ小児クリニック,八戸市南類家三丁目２－１８,0178-47-3473,医療法人　さしなみ小児クリニック　理事長　差波　司,差波　司,小　アレ,,平8. 2. 1,ika
診療所,02,0315040,たけうちマザーズクリニック,八戸市石堂四丁目１５－１０,0178-20-6556,医療法人　たけうちマザーズクリニック　理事長　竹内　泉,竹内　泉,産　婦,,平8. 2. 1,ika
診療所,02,0315057,くば小児科クリニック,八戸市湊高台一丁目１２－２６,0178-32-1198,久芳　康朗,久芳　康朗,小,,平8. 4. 1,ika
診療所,02,0315107,八戸クリニック皮膚科,八戸市柏崎一丁目８－３２,0178-46-0699,岡部　直美,岡部　直美,皮,,平8. 9. 15,ika
病院,02,0315115,社会医療法人　松平病院,八戸市大字新井田字出口平１７,0178-25-3217,社会医療法人　松平病院　理事長　北條　敬,北條　敬,精神　精　心内　内,182,平8. 8. 30,ika
診療所,02,0315123,すわクリニック,八戸市諏訪一丁目１－９,0178-47-3636,後藤　麻美,後藤　麻美,小　婦,,平8. 11. 1,ika
診療所,02,0315131,あおば循環器内科クリニック,八戸市青葉二丁目２０－２,0178-47-2277,木村　俊昭,木村　俊昭,内　呼　循,,平8. 11. 15,ika
診療所,02,0315149,大島眼科,八戸市根城四丁目２０－１,0178-72-1654,大島　真理,大島　真理,眼,,平8. 11. 15,ika
診療所,02,0315172,ＡＢＥビルクリニック,八戸市大字本徒士町１０－２,0178-22-7927,阿部　一郎,阿部　一郎,内　消　小,,平9. 2. 1,ika
診療所,02,0315230,山口胃腸クリニック,八戸市湊高台二丁目１１－６,0178-32-1231,山口　典男,山口　典男,内　胃,,平9. 7. 1,ika
病院,02,0315255,八戸市立市民病院,八戸市田向三丁目１番１号,0178-72-5111,八戸市長　熊谷　雄一,水野　豊,一般　一般　精神　精神　内科　消化器内科　循環器内科　内分泌・糖尿病内科　精　脳内　呼内　小　外科　消化器外科　移植外科　乳腺外科　整外　形外　脳外　呼外　心外　小外　皮　ひ　産　婦　眼　耳い　リハ　放　歯外　麻　病理　救急科,608,平9. 9. 1,ika
診療所,02,0315263,本田整形外科クリニック,八戸市小中野二丁目９－４,0178-44-8737,医療法人　オルソ会　理事長　本田　忠,本田　忠,整外　リハ,,平9. 10. 1,ika
診療所,02,0315289,山崎内科医院,八戸市下長五丁目７－１１,0178-20-2700,医療法人　嶺和会　理事長　山崎　拓郎,山崎　拓郎,内　小,,平9. 11. 1,ika
診療所,02,0315321,医療法人　おくでら整形外科クリニック,八戸市一番町一丁目３－２４,0178-23-3612,医療法人　おくでら整形外科クリニック　理事長　奥寺　良之,奥寺　良之,整外　リハ,,平10. 2. 1,ika
診療所,02,0315339,関口内科クリニック,八戸市大字大久保字西ノ平２５－７２,0178-31-6661,医療法人　高人会　理事長　関口　孝,関口　孝,一般　内科　腎臓内科　人工透析内科,,平10. 2. 1,ika
診療所,02,0315362,メディカルコート八戸西病院付属八戸西健診プラザ,八戸市大字長苗代字中坪７４－１,0178-21-1717,公益財団法人　シルバーリハビリテーション協会　理事長　田中　由紀子,佐藤　顯,内　婦　ひ　外　皮,,平10. 9. 15,ika
診療所,02,0315388,向井田胃腸科内科医院,八戸市白銀一丁目１０－５,0178-33-2268,医療法人　英春会　理事長　向井田　英明,向井田　英明,内,,平10. 10. 1,ika
診療所,02,0315404,南類家整形外科クリニック,八戸市南類家四丁目２－３０,0178-71-3232,栗崎　和之,栗崎　和之,整外　リハ　リウ,,平10. 12. 1,ika
診療所,02,0315453,八戸新井田クリニック,八戸市新井田西二丁目１番２５号,0178-25-7070,医療法人　泰人会　理事長　池田　成徳,池田　成徳,ひ　内　皮　麻,,平11. 8. 1,ika
診療所,02,0315461,医療法人　浅水眼科　馬場町眼科クリニック,八戸市大字馬場町２,0178-22-3462,医療法人　浅水眼科　理事長　髙橋　奈美子,髙橋　奈美子,一般　眼,,平11. 9. 1,ika
診療所,02,0315479,西村耳鼻咽喉科医院,八戸市南類家二丁目１７－２８,0178-24-3381,医療法人　西村耳鼻咽喉科医院　理事長　西村　哲郎,西村　哲也,耳い　アレ,,平11. 10. 1,ika
診療所,02,0315495,嶋田医院,八戸市大字鮫町字持越沢２５－１,0178-33-1785,医療法人幸英会　理事長　嶋田　哲弥,東野　治仁,内,,平12. 1. 1,ika
診療所,02,0315503,たんぽぽ皮フ科クリニック,八戸市南類家一丁目３－１０,0178-72-4112,佐藤　俊,佐藤　俊,皮,,平12. 4. 15,ika
診療所,02,0315552,滝沢小児科内科医院,八戸市根城五丁目２－１６,0178-41-1178,医療法人滝沢小児科内科医院　理事長　滝沢　鷹太郎,滝沢　鷹太郎,小　内　アレ,,平12. 10. 1,ika
病院,02,0315560,さくら病院,八戸市大字八幡字上樋田８－１,0178-70-2011,一般社団法人信愛会　代表理事　青木　直人,青木　直人,精神　精　心内　内,142,平13. 3. 1,ika
診療所,02,0315610,きく皮膚科,八戸市日計一丁目２番５１号,0178-21-1611,医療法人　照世会　理事長　山谷　眞吾,山谷　眞吾,皮,,平13. 6. 1,ika
診療所,02,0315636,あらい整形外科リハビリテーションクリニック,八戸市柏崎五丁目５－１７,0178-71-3000,医療法人柏陵会　理事長　荒井　久典,荒井　久典,整外　リハ　リウ,,平13. 10. 1,ika
診療所,02,0315693,松橋眼科クリニック,八戸市売市二丁目１２番３２号,0178-73-3315,松橋　英昭,松橋　英昭,一般　眼,,平14. 5. 1,ika
診療所,02,0315701,医療法人　きむらクリニック,八戸市是川四丁目２－３,0178-71-8855,医療法人　きむらクリニック　理事長　木村　雅章,木村　雅章,内　外　皮　リハ,,平14. 5. 1,ika
診療所,02,0315719,吹上眼科,八戸市吹上二丁目１０－５,0178-72-3372,久保　勝文,久保　勝文,一般　眼　和漢,,平14. 10. 1,ika
診療所,02,0315727,中野眼科,八戸市新井田西三丁目１９番２号,0178-30-1515,中野　美奈,中野　美奈,眼,,平14. 10. 15,ika
診療所,02,0315750,種市外科,八戸市小中野一丁目３－２１,0178-43-1215,種市　襄,種市　襄,一般　一般　外　整外,,平16. 4. 1,ika
診療所,02,0315776,なかざわスポーツクリニック,八戸市新井田字館下１,0178-30-2020,医療法人　なかざわ整形外科　理事長　中澤　成史,中澤　成史,一般　一般　整外　リハ　リウ,19,平16. 6. 1,ika
診療所,02,0315784,おっとも脳神経クリニック,八戸市柏崎四丁目１４－４８,0178-41-1115,医療法人　脳ドックセンターおっとも　理事長　乙供　大樹,乙供　大樹,脳外　内　神内　放　リハ,,平16. 7. 1,ika
診療所,02,0315800,山田整形外科クリニック,八戸市白銀町字浜崖７－２９,0178-32-2700,山田　史朗,山田　史朗,整外　リハ　リウ,,平16. 9. 1,ika
診療所,02,0315842,大里脳神経リハビリテーションクリニック,八戸市新井田西３丁目１５－１５,0178-30-1112,大里　孝夫,大里　孝夫,脳外　リハ　神内　内,,平16. 12. 1,ika
診療所,02,0315867,ろくごう整形外科リハビリテーションクリニック,八戸市小中野一丁目４－５２,0178-71-2200,医療法人　南六会　理事長　六郷　則仁,山下　信哉,整外　リハ　リウ,,平16. 12. 1,ika
診療所,02,0315875,青い森腎クリニック,八戸市大字長苗代字上碇田４９－１,0178-70-7779,医療法人　高人会　理事長　関口　孝,山内　崇生,内　呼　循　ひ　麻,,平16. 12. 1,ika
診療所,02,0315917,はしもと小児科,八戸市新井田西３丁目１６－１５,0178-30-1161,医療法人　はしもと小児科　理事長　橋本　剛,橋本　剛,小,,平17. 1. 1,ika
診療所,02,0315925,きくち眼科,八戸市三日町３０－１アクシスビル２階,0178-73-6366,医療法人　ひとみ会　理事長　菊地　泰弘,菊地　泰弘,眼　心内,,平17. 1. 1,ika
診療所,02,0315933,はちのへ９９クリニック,八戸市南類家５丁目１－８,0178-73-8899,医療法人　はちのへ９９クリニック　理事長　内海　謙,内海　謙,一般　一般　消化器外科　外科　肛門外科　内科　消化器内科（内視鏡）　血液透析内科　麻,19,平17. 1. 1,ika
診療所,02,0315941,八戸市国民健康保険　南郷診療所,八戸市南郷大字島守字梨子ノ久保２５－３,0178-82-2211,八戸市長,中里　和彦,内　歯,,平16. 4. 1,ika
診療所,02,0315958,南六クリニック,八戸市南郷大字島守字阿庄内１５－６,0178-82-3311,医療法人　南六会　理事長　六郷　則仁,六郷　則仁,内　整外,,平17. 2. 1,ika
診療所,02,0315966,倉本クリニック婦人科・産科,八戸市廿六日町３　八青パーキングビル１Ｆ,0178-73-2399,倉本　雅規,倉本　雅規,産婦,,平17. 5. 1,ika
病院,02,0315974,東八戸病院,八戸市大久保字西ノ平２５－４４０,0178-32-1551,秋山　弘之,秋山　弘之,精神　精神　精　神　循　内,102,平17. 5. 1,ika
診療所,02,0316030,苫米地レディースクリニック,八戸市大字沢里字下沢内３６－１,0178-47-5651,医療法人苫米地レディースクリニック　理事長　苫米地　怜,苫米地　怜,一般　一般　産婦,17,平18. 1. 1,ika
診療所,02,0316063,安達内科クリニック,八戸市馬場町１－７,0178-24-4818,医療法人　安達内科　理事長　安達　季之,安達　季之,内　呼　胃　循,,平18. 5. 1,ika
診療所,02,0316105,滝澤整形外科クリニック,八戸市根城１－２８－１,0178-73-3232,滝澤　勇夫,滝澤　勇夫,整外,,平18. 6. 1,ika
診療所,02,0316154,とみもと小児科クリニック,八戸市湊高台６丁目６－２０,0178-32-5525,医療法人　とみもと小児科クリニック　理事長　冨本　和彦,冨本　和彦,小　内　循,,平19. 1. 1,ika
診療所,02,0316188,ささクリニック,八戸市田向一丁目６番７号,0178-73-5541,笹　博,笹　博,精　内　心内,,平19. 9. 1,ika
診療所,02,0316238,はるみ眼科・循環器内科クリニック,八戸市一番町二丁目３－６,0178-70-1863,向井田　春海,向井田　春海,内科　循環器内科　糖尿病内科　眼　リハ,,平21. 3. 1,ika
診療所,02,0316246,八戸マナクリニック,八戸市大字番町９－５　協栄八戸番町ビル２階,0178-20-7565,岡田　元,岡田　元,精　心内,,平21. 3. 30,ika
診療所,02,0316253,岬台医院,八戸市岬台二丁目６番５号,0178-34-0784,品川　博樹,品川　博樹,内科　消化器内科,,平21. 4. 1,ika
病院,02,0316279,メディカルコート八戸西病院,八戸市長苗代字中坪７７,0178-28-4000,公益財団法人シルバーリハビリテーション協会　理事長　田中　由紀子,武者　晃永,一般　一般　内科　循環器内科　神内　外　整外　脳外　皮　ひ　眼　婦　リハ,199,平21. 8. 29,ika
診療所,02,0316287,シルバークリニック,八戸市大字河原木字八太郎山１０－４４４,0178-28-4688,公益財団法人シルバーリハビリテーション協会　理事長　田中　由紀子,熊谷　美香,内　外　リハ,,平21. 8. 29,ika
診療所,02,0316295,医療法人　中山こどもクリニック,八戸市江陽一丁目１８番５号,0178-47-9900,医療法人　中山こどもクリニック　理事長　中山　信吾,中山　信吾,小　循　アレ,,平22. 1. 1,ika
診療所,02,0316311,湊高台皮膚科,八戸市湊高台五丁目２０－１６,0178-32-1233,石川　博康,石川　博康,皮,,平22. 5. 1,ika
診療所,02,0316337,ひかり内科クリニック,八戸市青葉３丁目３１－５,0178-73-5100,金田　泰一,金田　泰一,内科　消化器内科　糖尿病内科　呼内,,平22. 9. 1,ika
診療所,02,0316352,橋本耳鼻科クリニック,八戸市湊高台５－２０－１８,0178-33-8711,医療法人　橋本耳鼻科クリニック　理事長　橋本　敏光,橋本　敏光,耳い,,平23. 9. 1,ika
診療所,02,0316360,聖マリア　ハートクリニック,八戸市東白山台３丁目２０番地３号,0178-70-1555,吉田　一弘,吉田　一弘,呼　循,,平24. 4. 1,ika
診療所,02,0316402,山崎眼科,八戸市日計一丁目２－４４,0178-28-5000,山崎　仁志,山崎　仁志,一般　眼,,平25. 1. 1,ika
診療所,02,0316410,村田内科,八戸市新井田西二丁目７番８号,0178-25-0888,医療法人村田内科　理事長　村田　貞幸,村田　貞幸,内科　循環器内科,,平25. 1. 13,ika
診療所,02,0316428,高橋医院,八戸市番町４０番地,0178-71-3123,医療法人延寿堂高橋医院　理事長　髙橋　淑郎,髙橋　淑郎,内　呼内　胃腸内科　消化器内科　外科　乳腺外科　肛門外科　放,,平25. 2. 1,ika
診療所,02,0316436,やわたクリニック,八戸市大字八幡字下樋田１番地４,0178-32-7333,医療法人メディカルフロンティア　理事長　髙田　将司,木曽　喜則,内,,平25. 6. 1,ika
診療所,02,0316444,黒瀧眼科医院,八戸市内丸三丁目５番１５号,0178-51-8400,黒瀧　淳二,黒瀧　淳二,眼,,平25. 7. 1,ika
診療所,02,0316451,みかわ神経科内科,八戸市沼館一丁目６番１８号,0178-44-6780,三川　博,三川　博,精　心内　内,,平26. 1. 1,ika
診療所,02,0316469,くどう整形外科クリニック,八戸市売市４丁目７番地１４号,0178-47-2411,工藤　祐喜,工藤　祐喜,整外　リハ,,平26. 4. 1,ika
診療所,02,0316477,医療法人哲心会　伴内科心臓血管クリニック,八戸市売市一丁目４番５号,0178-22-9016,医療法人哲心会　理事長　伴　哲雄,伴　哲雄,循環器内科　内科,,平26. 7. 9,ika
診療所,02,0316501,かさい糖尿病内科クリニック,八戸市田向五丁目２１番２５号,0178-51-6336,西　伸彦,西　伸彦,糖尿病内科　内科,,平27. 4. 1,ika
診療所,02,0316519,かきざき生活習慣病クリニック,八戸市大字湊町字上田屋前２９番１２号,0178-32-3222,柿崎　善史,柿崎　善史,内科　糖尿病内科　内分泌内科,,平27. 5. 1,ika
診療所,02,0316535,医療法人　仁樹会　鹿内眼科医院,八戸市大字根城字馬場頭２番地の２,0178-73-1213,医療法人　仁樹会　理事長　鹿内　祐樹,鹿内　祐樹,一般　眼,,平27. 7. 1,ika
診療所,02,0316543,鈴木内科医院,八戸市大字尻内町字八百刈２６－３,0178-27-2752,鈴木　和夫,鈴木　和夫,内科　消化器内科,,平27. 7. 6,ika
診療所,02,0316550,福井整形外科リハビリテーションクリニック,八戸市本徒士町８－３,0178-22-5910,福井　要一,福井　要一,整外　リハ,,平27. 9. 1,ika
診療所,02,0316568,白山台メンタルクリニック,八戸市南白山台１丁目１０－５,0178-20-0602,川端　栄蔵,川端　栄蔵,心内　精,,平27. 12. 1,ika
診療所,02,0316584,きどクリニック,八戸市田向五丁目２２番１号,0178-80-7211,医療法人啓友会　理事長　城戸　啓治,城戸　啓治,泌尿器科（人工透析）　内,,平28. 5. 1,ika
診療所,02,0316600,白山台やすらぎ館クリニック,八戸市西白山台６丁目９番３０号,0178-32-7637,社会福祉法人　やすらぎ会　理事長　齋藤　鈴子,河津　俊太郎,内,,平28. 10. 1,ika
診療所,02,0316626,船越内科医院,八戸市大字白銀町字大沢頭１９－１,0178-33-0047,船越　正行,船越　正行,内　循,,平29. 4. 1,ika
診療所,02,0316634,健　呼吸器内科・アレルギー科クリニック,八戸市田向四丁目１３番９号,0178-51-8520,医療法人健俊会　理事長　鹿内　俊樹,鹿内　俊樹,呼内　アレ,,平29. 6. 1,ika
診療所,02,0316642,はちのへハートセンタークリニック,八戸市田向二丁目１番２号,0178-43-4180,医療法人継心会　理事長　菊池　文孝,菊池　文孝,一般　一般　循　内,19,平29. 6. 1,ika
診療所,02,0316659,城下やえがき整形外科,八戸市城下四丁目４－１８,0178-73-7380,八重垣　誠,八重垣　誠,整外　リウ　リハ　ペインクリニック外科,,平29. 7. 1,ika
診療所,02,0316667,和田整形外科クリニック,八戸市湊高台５丁目１３番２６号,0178-38-0152,和田　誠之,和田　誠之,整外,,平29. 9. 1,ika
診療所,02,0316675,麻美レディースクリニック,八戸市根城五丁目１番２号,0178-80-7123,医療法人麻美レディースクリニック　理事長　真鍋　麻美,真鍋　麻美,婦　産,,平29. 10. 1,ika
診療所,02,0316683,西口内科,八戸市大字尻内町字内田１－１,0178-27-8808,小俣　高宏,小俣　高宏,内　外,,平30. 1. 1,ika
診療所,02,0316709,医療法人　いとう整形外科・スポーツクリニック,八戸市東白山台二丁目３５番７号,0178-20-9941,医療法人いとう整形外科・スポーツクリニック　理事長　伊藤　浩司,伊藤　浩司,整外　リハ,,平30. 4. 1,ika
診療所,02,0316717,平賀クリニック,八戸市城下四丁目１９番３３号,0178-38-3755,医療法人　英仁会　理事長　平賀　仁,平賀　仁,内　循,,平30. 6. 1,ika
病院,02,0316725,室岡整形外科記念病院,八戸市長者三丁目３番２３号,0178-46-1000,医療法人室岡整形外科記念病院　理事長　室岡　孝信,西村　慎一,一般　整外　リハ　循環器内科,,平30. 5. 1,ika
診療所,02,0316741,荻生内科医院,八戸市売市２丁目１１－１２,0178-24-4613,荻生　直徳,荻生　直徳,内　循　呼　胃,,平30. 6. 1,ika
診療所,02,0316808,八戸クリニック,八戸市柏崎一丁目８－３２,0178-22-7725,医療法人小春会　理事長　和田　潤郎,和田　潤郎,一般　一般　産婦,19,令元. 10. 1,ika
診療所,02,0316816,うしお内科クリニック,八戸市東白山台二丁目３４番１６号,0178-70-1191,医療法人うしお内科クリニック　理事長　牛尾　晶,牛尾　晶,内科　消化器内科,,令元. 11. 1,ika
診療所,02,0316824,ホームケアクリニック八戸,八戸市大字湊町字新井田道１－１２,0178-20-7387,竹本　照彦,竹本　照彦,内,,令2. 2. 1,ika
診療所,02,0316832,はちのへファミリークリニック,八戸市城下四丁目１１番１１号,0178-72-3000,医療法人はちのへファミリークリニック　理事長　小倉　和也,小倉　和也,内　小,,令2. 3. 1,ika
診療所,02,0316840,八戸市休日夜間急病診療所,八戸市田向三丁目６番１号,0178-20-7651,八戸市長　熊谷　雄一,鈴木　和夫,内　小　外,,令2. 6. 1,ika
診療所,02,0316865,白山台耳鼻科クリニック,青森県八戸市東白山台二丁目３３番１１号,0178-38-3877,去石　巧,去石　巧,耳い　アレ,,令2. 11. 1,ika
診療所,02,0316873,白山台くに眼科,青森県八戸市東白山台二丁目３４番１６号,0178-51-9251,医療法人仁久　理事長　濱端　久仁子,濱端　久仁子,眼科　小児眼科,,令3. 2. 1,ika
診療所,02,0316899,はせがわ心血管クリニック,八戸市大字湊町字下大久保道１５番１,0178-20-8175,長谷川　一志,長谷川　一志,内　循環器内科,,令3. 7. 1,ika
診療所,02,0316915,公益財団法人八戸市総合健診センター,八戸市田向三丁目６番１５号,0178-38-9251,公益財団法人八戸市総合健診センター　理事長　熊谷　雄一,岡本　道孝,内,,令4. 1. 4,ika
診療所,02,0316923,高橋こどもクリニック,八戸市売市三丁目１番３１,0178-47-1717,医療法人　高橋こどもクリニック　理事長　高橋　秀知,高橋　秀知,小　アレ　内,,令4. 4. 1,ika
診療所,02,0316931,はちもり内科・消化器内科クリニック,八戸市田向五丁目２３番３０号,0178-38-3760,八森　久,八森　久,内科　消化器内科,,令4. 5. 1,ika
診療所,02,0316956,江陽アイクリニック,八戸市江陽２丁目１４－１ラピア２Ｆ,0178-45-1751,小島　創太,小島　創太,眼,,令4. 10. 1,ika
診療所,02,0316964,八戸にこクリニック,八戸市大字白銀町字左新井田道２番２,0178-38-7825,清塚　誠,清塚　誠,内,,令4. 11. 1,ika
診療所,02,0316972,たむかい皮ふ科,八戸市田向４丁目１７番２８号,0178-80-7781,木村　一之,木村　一之,皮　内,,令4. 11. 1,ika
診療所,02,0316980,なるみ脳神経・在宅クリニック,八戸市東白山台４丁目３１－１９,0178-38-5671,鳴海　新介,鳴海　新介,脳内　内,,令5. 2. 1,ika
病院,02,0317012,内科種市病院,八戸市大字是川字土間沢１番地,0178-96-1325,医療法人内科種市病院　理事長　種市　良雄,種市　良雄,療養　療養　内科　消化器内科,42,令5. 4. 1,ika
診療所,02,0317038,河原木ファミリークリニック,八戸市日計１丁目２番４５号,0178-32-6521,高橋　祥子,齋藤　祥子,小　内　アレ,,令5. 8. 1,ika
診療所,02,0317046,医療法人　むらかみ脳神経クリニック,八戸市長根一丁目１７番２０号,0178-46-3000,医療法人　むらかみ脳神経クリニック　理事長　村上　壽治,村上　壽治,脳外　脳内,,令5. 7. 21,ika
診療所,02,0317053,よねざわ内科消化器内科クリニック,八戸市根城五丁目２番６号,0178-38-0058,米澤　剛広,米澤　剛広,内科　消化器内科,,令5. 11. 1,ika
診療所,02,0317061,はちのへ西脳神経クリニック,八戸市尻内町鴨ケ池１５－１,0178-20-8122,加藤　孝顕,加藤　孝顕,脳外　神内　神経放射線科　リハ,,令5. 12. 1,ika
診療所,02,0317095,とみさわ甲状腺・乳腺のクリニック八戸,八戸市十三日町１番地ヴィアノヴァ２階－１０,0178-51-9224,医療法人Ｔ＆Ｂ　理事長　冨澤　勇貴,冨澤　勇貴,頸部外科　乳腺外科　内分泌外科　内分泌内科,,令6. 4. 1,ika
診療所,02,0317103,医療法人仁桂会　佐々木泌尿器科,八戸市根城四丁目６番２３号,0178-47-0007,医療法人　仁桂会　理事長　佐々木　桂一,佐々木　桂一,ひ　内,,令6. 4. 1,ika
診療所,02,0317111,医療法人　北村皮膚科,八戸市根城一丁目１４番１５号,0178-43-1325,医療法人　北村皮膚科　理事長　北村　英彦,北村　英彦,皮　アレ　小児皮膚科　美容皮膚科,,令6. 4. 16,ika
診療所,02,0317129,かすがい内科消化器内科クリニック,八戸市小中野四丁目５－１６,0178-43-0418,春日井　聡,春日井　聡,消化器内科　内,,令6. 6. 1,ika
診療所,02,0317137,ひいらぎ耳鼻咽喉科,八戸市番町１６－２,0178-70-5510,医療法人瑞清会　理事長　高橋　秀東,酒井　瑞乃,耳い,,令7. 2. 1,ika
診療所,02,0317152,おひさま在宅クリニック八戸,八戸市南類家二丁目１６－１５アーバンパレスＤ,0178-32-0705,一般社団法人ＡＭＲ　代表理事　井上　比奈,井上　比奈,内　精　小　皮,,令6. 12. 31,ika
診療所,02,0317160,ほそごえハートクリニック,八戸市尻内町字直田４１－１,0178-38-9461,細越　巨禎,細越　巨禎,内科　循環器内科　心臓リハビリテーション科,,令7. 4. 1,ika
診療所,02,0317178,医療法人はちのへ江陽クリニック,八戸市江陽二丁目１３番４５号,0178-38-8505,医療法人はちのへ江陽クリニック　理事長　三浦　浩康,三浦　浩康,腎臓・泌尿器科　内　外,,令7. 3. 1,ika
診療所,02,0317186,陽だまり診療所,八戸市湊高台四丁目２－１０,0178-32-7358,松原　潔,松原　潔,内,,令7. 4. 1,ika
診療所,02,0317194,やましな糖クリニック,八戸市城下四丁目９番７号,0178-51-9280,山科　光弘,山科　光弘,糖尿病内科　内科,,令7. 8. 1,ika
診療所,02,0317210,売市めぐみのクリニック　内科・心臓血管内科,八戸市売市４丁目７－７,0178-51-8910,盛合　美光,盛合　美光,内科　循環器内科,,令7. 9. 1,ika
診療所,02,0317228,はやし呼吸器・総合内科クリニック,八戸市大字沢里字二ツ屋１番地２１２,0178-20-7723,医療法人社団医仁会　理事長　林　彰仁,林　彰仁,呼吸器内科　内科,,令7. 10. 1,ika
診療所,02,0317236,熊谷眼科・形成外科医院,八戸市小中野四丁目１－５３,0178-72-1111,熊谷　知幸,熊谷　知幸,一般　眼　形外,,令8. 3. 1,ika
診療所,02,0317244,よしの整形外科,八戸市南類家２丁目１７番２５号,0178-73-8016,医療法人よしの整形外科　理事長　吉野　孝,吉野　孝,整外　リハ,,令8. 4. 1,ika
病院,02,0410296,黒石市国民健康保険　黒石病院,黒石市北美町一丁目７０,0172-52-2121,黒石市長　髙樋　憲,相馬　悌,一般　消化器内科　内科　糖尿病・内分泌内科　脳内　小　消化器外科　外科　産婦　整外　眼　耳い　脳外　放　皮　ひ　リハ　麻,204,昭41. 4. 15,ika
病院,02,0410502,医療法人社団来蘇圓会　黒石あけぼの病院,黒石市あけぼの町５２,0172-52-2877,医療法人社団来蘇圓会　理事長　古郡　華子,古郡　華子,精神　精神　精神科　神経精神科　心内　内,168,昭59. 1. 21,ika
診療所,02,0410544,津軽保健生活協同組合　健生黒石診療所,黒石市ちとせ三丁目６,0172-53-3015,津軽保健生活協同組合　理事長　伊藤　真弘,坂戸　慶一郎,内　神内　呼　消　循　リハ　放　小,,平2. 4. 1,ika
診療所,02,0410569,かきさか医院,黒石市寿町１６,0172-53-2255,医療法人　杏順会　理事長　柿坂　吉彦,柿坂　吉彦,外　内　小　皮,,平3. 2. 1,ika
病院,02,0410650,一般財団法人双仁会　黒石厚生病院,黒石市大字黒石字建石９－１,0172-52-4121,一般財団法人　双仁会　理事長　田渕　博子,藤本　幸士,一般　療養　内科　糖尿病内科　放　麻,173,平10. 4. 1,ika
診療所,02,0410684,たかはし内科循環器科クリニック,黒石市ぐみの木一丁目６７－１,0172-59-2200,髙橋　昌久,髙橋　昌久,内　循　呼　胃,,平13. 7. 15,ika
診療所,02,0410692,医療法人　兼平医院,黒石市市ノ町１８,0172-52-3305,医療法人　兼平医院　理事長　兼平　二郎,兼平　二郎,内　放,,平13. 8. 1,ika
診療所,02,0410700,田村眼科,黒石市一番町１８３,0172-53-1256,田村　正人,田村　正人,一般　眼,,平14. 5. 1,ika
診療所,02,0410726,古川泌尿器科,黒石市旭町９－１２,0172-53-6565,医療法人　古川泌尿器科　理事長　古川　利有,古川　利有,ひ　内　小　外　皮,,平15. 9. 15,ika
診療所,02,0410734,はなぞの小児科クリニック,黒石市花園町６２－１,0172-59-2600,蝦名　理加,蝦名　理加,小　内　皮,,平15. 11. 1,ika
診療所,02,0410767,山谷胃腸科内科,黒石市大字温湯字上川原７－１０,0172-54-8370,医療法人　晴山会　理事長　山谷　敏彦,山谷　敏彦,内　呼　胃　循　小,,平17. 8. 23,ika
診療所,02,0410791,ちとせクリニック,黒石市ちとせ一丁目１３９,0172-53-7228,北山　武良,北山　武良,内,,平25. 3. 1,ika
診療所,02,0410817,やなぎ整形外科・漢方クリニック,黒石市野添町６４－３,0172-88-6241,柳澤　道朗,柳澤　道朗,整外　漢方内科　リハ,,令4. 9. 1,ika
診療所,02,0410825,こみせ通りクリニック,黒石市前町１５番地,0172-26-6080,医療法人社団龍仁会　理事長　佐藤　正浩,由利　直樹,耳い　頭頸部外科　呼内　皮　形外,,令5. 7. 1,ika
病院,02,0510848,布施病院,五所川原市字芭蕉１８－４,0173-35-3470,医療法人　社団　清泉会　理事長　布施　泉,布施　泉,精神　精神　精,,昭57. 1. 1,ika
診療所,02,0510897,津軽保健生活協同組合　健生　五所川原診療所,五所川原市字一ツ谷５０８－７,0173-35-2542,津軽保健生活協同組合　理事長　伊藤　真弘,津川　信彦,内　呼　胃　循　放,,昭63. 11. 1,ika
診療所,02,0510939,佐藤内科小児科医院,五所川原市字弥生町４－２,0173-35-4155,医療法人　佑生会　理事長　佐藤　充,佐藤　充,内　小　循環器内科　呼吸器内科　放,,平3. 8. 1,ika
診療所,02,0510962,冨田胃腸科内科医院,五所川原市みどり町四丁目１２８,0173-34-3211,医療法人　華峰会　理事長　冨田　高重,冨田　高重,消化器内科　内科,,平4. 10. 1,ika
診療所,02,0510970,楠美泌尿器科クリニック,五所川原市字鎌谷町１６４－３,0173-35-8250,医療法人　康正会　理事長　楠美　康夫,楠美　康夫,ひ　内　皮,,平4. 10. 1,ika
診療所,02,0510988,川崎胃腸科内科医院,五所川原市字敷島町５６,0173-34-3330,医療法人　俊栄会　理事長　川崎　雅俊,川崎　雅俊,一般　内　胃　小　放,,平4. 11. 1,ika
診療所,02,0510996,櫛引クリニック,五所川原市字鎌谷町５１６番地１０,0173-33-1155,櫛引　健,櫛引　健,内　胃　外　こう　リハ,,平6. 2. 1,ika
病院,02,0511002,増田病院,五所川原市字新町４１,0173-35-2726,医療法人済生堂　理事長　増田　満枝,和田　勝雄,療養　療養　内科　循環器内科　呼内,75,平6. 2. 1,ika
診療所,02,0511010,安斎レディスクリニック,五所川原市字一ツ谷５３６－１８,0173-33-1103,安齋　榮一,安齋　榮一,産　婦,,平6. 3. 15,ika
診療所,02,0511085,中井整形外科医院,五所川原市字田町１１０－２・１１０－２２,0173-35-3802,医療法人和洽会　理事長　山本　倫子,山本　倫子,整外　リハ,,平10. 5. 1,ika
診療所,02,0511093,復明堂眼科医院,五所川原市字旭町６５,0173-33-0010,三上　克代,三上　克代,眼,,平10. 10. 15,ika
診療所,02,0511101,鈴木耳鼻咽喉科医院,五所川原市字弥生町２１番地,0173-35-2775,医療法人　鈴木耳鼻咽喉科医院　理事長　鈴木　健策,鈴木　健策,耳い,,平11. 2. 1,ika
診療所,02,0511176,医療法人　守生会　中村整形外科医院,五所川原市字一ツ谷５０８－１２,0173-34-0123,医療法人　守生会　理事長　中村　元美,中村　元美,整外　リハ　リウ　乳腺外科,,平12. 5. 1,ika
診療所,02,0511192,てらだクリニック,五所川原市大字稲実字米崎１２２－１７,0173-33-1200,寺田　明功,寺田　明功,内,,平12. 12. 1,ika
診療所,02,0511200,かねひらクリニック,五所川原市字旭町５５－２,0173-35-3167,兼平　裕,兼平　裕,内　呼　循　胃　小,,平12. 12. 15,ika
診療所,02,0511218,木村内科医院,五所川原市松島町二丁目８９－４,0173-35-2815,木村　正雄,木村　正雄,内　小　循　呼　消,,平13. 4. 4,ika
診療所,02,0511234,中村内科医院,五所川原市字錦町１－１３４,0173-35-3598,中村　謙弥,中村　謙弥,内　呼　循,,平14. 2. 20,ika
診療所,02,0511242,きむら皮ふ科,五所川原市中央五丁目１４番地,0173-38-1155,木村　淳也,木村　淳也,皮,,平16. 3. 1,ika
病院,02,0511259,医療法人慈仁会　尾野病院,五所川原市金木町朝日山４５３,0173-53-2071,医療法人　慈仁会　理事長　菅原　和夫,澤村　大輔,療養　内　皮　整外,,平11. 10. 1,ika
診療所,02,0511283,五所川原市国民健康保険市浦医科診療所,五所川原市相内２７３,0173-62-2009,五所川原市長　佐々木　孝昌,岩村　有泰,内　外,,平12. 4. 15,ika
診療所,02,0511291,いちのへ耳鼻科,五所川原市中央四丁目６９番地,0173-33-8733,一戸　学,一戸　学,耳い,,平17. 11. 1,ika
診療所,02,0511309,いたい皮ふ科,五所川原市中央四丁目６７番地,0173-38-4976,板井　恒二,板井　恒二,皮,,平18. 4. 1,ika
診療所,02,0511325,田町小山クリニック,五所川原市田町４－５,0173-34-3431,小山　正幸,小山　正幸,外　内　小　整外　美外　皮,,平18. 7. 1,ika
診療所,02,0511341,山本耳鼻咽喉科,五所川原市一ツ谷５１６－２,0173-35-5667,山本　洋平,山本　洋平,耳い,,平19. 7. 1,ika
診療所,02,0511358,こどもクリニックおとも,五所川原市字鎌谷町１６３番地１,0173-39-2151,小友　勇人,小友　勇人,小　内　アレ,,平21. 9. 1,ika
診療所,02,0511366,医療法人　幸生会　とやもり内科小児科クリニック,五所川原市金木町沢部４６８－１金木タウンセンターノア内,0173-52-3331,医療法人　幸生会　理事長　都谷森　弘,都谷森　弘,内　呼　消　循　小　アレ,,平22. 5. 12,ika
診療所,02,0511382,まつもと整形外科クリニック,五所川原市中央二丁目３３番地,0173-33-5413,医療法人まつもと整形外科クリニック　理事長　松本　健一,松本　健一,整外　リウ　リハ,,平24. 1. 1,ika
病院,02,0511416,つがる西北五広域連合　かなぎ病院,五所川原市金木町菅原１３番１,0173-53-3111,つがる西北五広域連合　広域連合長　佐々木　孝昌,小沼　譲,一般　療養　内　小　外　整外　婦　眼,,平24. 4. 1,ika
病院,02,0511424,つがる西北五広域連合つがる総合病院,五所川原市字岩木町１２番地３,0173-35-3111,つがる西北五広域連合　広域連合長　佐々木　孝昌,坂本　十一,一般　一般　精神　精神　一般（感染）　感染　消化器・血液・膠原病内科　循環器・呼吸器・腎臓内科　内分泌・糖尿病・代謝内科　脳内　心外　呼外　乳腺外科　消化器外科　形外　整外　小　産科婦人科　皮　ひ　眼　耳い　脳外　精　放　麻　リウ　歯外　救急科　リハ,438,平26. 4. 1,ika
診療所,02,0511440,すとうｍｒｉクリニック,五所川原市大字姥萢字船橋２４６番１号,0173-35-6060,須藤　正人,須藤　正人,整外　内　リハ,,平27. 3. 1,ika
診療所,02,0511465,はら眼科,五所川原市中央１丁目４０番地２,0173-26-7171,医療法人アンド・アイ　理事長　原　信哉,原　信哉,眼,,平28. 1. 1,ika
診療所,02,0511481,かみむらクリニック泌尿器科・内科,五所川原市中央５丁目１１９番地１,0173-26-1052,神村　典孝,神村　典孝,ひ　内,,平29. 10. 2,ika
診療所,02,0511499,エルム女性クリニック,五所川原市中央四丁目９３番地,0173-38-4188,医療法人エルム女性クリニック　理事長　佐藤　秀平,佐藤　秀平,一般　産婦,,平30. 3. 1,ika
診療所,02,0511515,駅前クリニック,五所川原市大町１番地,0173-38-5100,村上　宏,村上　宏,内科　消化器内科　小　アレ,,令5. 6. 1,ika
診療所,02,0511523,白生会クリニック,五所川原市字中平井町１４２番地１号,0173-34-6111,医療法人白生会　理事長　百田　行雅,百田　行雅,一般　一般　ひ　内　外　消化器内科　整外,19,令6. 10. 1,ika
診療所,02,0511531,ＨＯＮＵ　ＫＩＤＳ　ＣＬＩＮＩＣ,五所川原市旭町１８番１,0173-26-0688,花田　勇,花田　勇,小　アレ　内,,令8. 5. 1,ika
病院,02,0610366,十和田市立中央病院,十和田市西十二番町１４－８,0176-23-5121,十和田市長　櫻田　百合子,丹野　弘晃,一般　精神　一般（感染）　内科　消化器内科　循環器内科　糖尿病内科　内分泌内科　呼内　神内　外科　疼痛緩和外科　ペインクリニック外科　整外　脳外　精　小　皮　ひ　産婦　眼　耳い　リハ　放　病理　臨床　救急科　麻,273,昭37. 6. 10,ika
診療所,02,0610820,小嶋外科胃腸科医院,十和田市西三番町１５－４１,0176-23-2666,小嶋　泰彦,小嶋　泰彦,消　外　皮ひ　こう,,昭57. 4. 1,ika
病院,02,0610846,十和田第一病院,十和田市東三番町１０－７０,0176-22-5511,医療法人　泰仁会　理事長　佐々木　泰二,佐々木　一葉,一般　外　内　整外　耳い　ひ　リハ,,昭58. 1. 1,ika
病院,02,0610887,医療法人赤心会　十和田東病院,十和田市大字三本木字里ノ沢１－２４７,0176-22-5252,医療法人　赤心会　理事長　和田　幸子,和田　幸子,一般　整外　循　小　内　リハ　リウ,,昭60. 5. 1,ika
診療所,02,0610960,えとクリニック,十和田市東一番町２－２３,0176-25-2525,江渡　正,江渡　正,内　胃腸内科,,昭63. 11. 1,ika
病院,02,0610978,高松病院,十和田市大字三本木字里ノ沢１－２４９,0176-23-6540,医療法人　幸仁会　理事長　高松　幸作,髙松　幸生,精神　精神　精神　精神　精神　精神　精　内,239,平元. 2. 1,ika
診療所,02,0610986,はし眼科,十和田市東四番町９－７,0176-25-1184,波紫　秀厚,波紫　秀厚,一般　眼,,平元. 3. 1,ika
診療所,02,0611018,阿部クリニック,十和田市東三番町９－６６,0176-25-1122,医療法人　芳和会　理事長　阿部　芳則,阿部　芳則,内　神内　消　循　放,,平元. 9. 1,ika
診療所,02,0611026,育成会内科小児科,十和田市西三番町１－２８,0176-23-3821,医療法人　育成会　理事長　大山　和成,大山　和成,小　内,,平元. 9. 1,ika
診療所,02,0611034,十和田外科内科,十和田市穂並町１－５,0176-22-5151,医療法人泰豊会　理事長　百目木　泰,百目木　泰,一般　消化器外科　内視鏡内科　糖尿病内科　脂質代謝内科,,平元. 10. 1,ika
診療所,02,0611042,しんクリニック　産婦人科・皮ふ科,十和田市穂並町１０－１２,0176-22-7711,医療法人　岑俊会　理事長　小泉　俊光,小泉　俊光,一般　産　婦　女性内科　皮膚科　小児皮膚科,,平2. 2. 1,ika
診療所,02,0611109,村木内科胃腸科医院,十和田市西三番町２０－１７,0176-22-1010,医療法人　村木内科胃腸科医院　理事長　村木　俊雄,村木　俊雄,内　消,,平3. 11. 1,ika
診療所,02,0611133,清潮会クリニック,十和田市東十一番町７－２５,0176-25-3300,医療法人　清潮会　理事長　中村　清純,中村　清純,耳い,,平6. 2. 1,ika
診療所,02,0611141,とわだ耳鼻いんこう科医院,十和田市西十一番町２２－１１,0176-25-3341,小笠原　眞,小笠原　眞,耳い,,平6. 7. 1,ika
診療所,02,0611182,医療法人　十和田東クリニック,十和田市大字三本木字里ノ沢１－５６,0176-22-0011,医療法人　十和田東クリニック　理事長　和田　俊夫,堀井　高文,一般　整外　リウ　リハ,,平9. 10. 1,ika
診療所,02,0611208,かわむらクリニック,十和田市西二十二番町４－１６,0176-20-1505,川村　邦明,川村　邦明,内　循　呼,,平9. 11. 1,ika
診療所,02,0611216,篠田医院,十和田市稲生町２１－２１,0176-23-2022,医療法人　洗心会　理事長　篠田　晉,篠田　晉,内　消　循,,平10. 2. 1,ika
診療所,02,0611224,大山皮膚科クリニック,十和田市大字三本木字千歳森１３７－１,0176-22-8200,医療法人　大山皮膚科クリニック　理事長　大山　展毅,大山　展毅,皮,,平10. 2. 1,ika
診療所,02,0611232,のづき内科小児科クリニック,十和田市東十二番町１４－３０,0176-20-1880,野月　満,野月　満,内　小　呼　消　循　アレ,,平10. 9. 1,ika
診療所,02,0611240,十和田眼科クリニック,十和田市稲生町１５－３６,0176-23-4488,細川　隆史,細川　隆史,一般　眼,,平12. 10. 1,ika
診療所,02,0611257,さとる整形外科クリニック,十和田市東十一番町７－１７,0176-21-5885,東　大,東　大,一般　整外　リウ　リハ,,平14. 11. 15,ika
診療所,02,0611273,十和田市立十和田湖診療所,十和田市大字奥瀬字十和田湖畔休屋１６－１９５,0176-75-2254,十和田市長　櫻田　百合子,高井　哲史,内,,平16. 6. 1,ika
診療所,02,0611323,えと内科医院,十和田市西三番町１－２８,0176-23-2727,医療法人社団　悠陽　理事長　江渡　博之,江渡　博之,内　呼　消　循,,平19. 6. 1,ika
診療所,02,0611349,十和田北クリニック,十和田市元町東五丁目８番５４号,0176-21-3741,医療法人　青松会　理事長　前田　憲一,鵜浦　有弘,一般　泌尿器科（人工透析）　内　外,,平26. 5. 1,ika
診療所,02,0611356,佐藤内科クリニック,十和田市穂並町１０－６,0176-25-2888,佐藤　稔,佐藤　稔,内科　消化器内科　糖尿病内科,,平26. 11. 1,ika
診療所,02,0611364,藤井産婦人科医院,十和田市東三番町９番５９号,0176-22-5588,藤井　俊彦,藤井　俊彦,一般　産婦,,平27. 1. 1,ika
診療所,02,0611372,とわだ循環器内科,十和田市西十一番町４０番３１号,0176-58-0255,藤原　崇之,藤原　崇之,循環器内科　内科,,平27. 12. 1,ika
診療所,02,0611380,藤原内科,十和田市大字三本木字北平１１５－８,0176-24-0770,藤原　史門,藤原　史門,内科　糖尿病内科,,平28. 1. 1,ika
診療所,02,0611406,十和田市立中央病院附属とわだ診療所,十和田市西十二番町１４番８号,0176-51-6942,十和田市長　櫻田　百合子,水野　隆史,内　外,,令元. 10. 1,ika
診療所,02,0611414,西十一番クリニック,十和田市西十一番町４０番３８号,0176-51-3911,医療法人令和　理事長　成田　直史,成田　直史,ひ　内,,令元. 11. 1,ika
診療所,02,0611422,岡本整形外科クリニック,十和田市稲生町２番２２号,0176-20-1101,医療法人岡本整形外科クリニック　理事長　岡本　佳隆,岡本　佳隆,整外　リハ,,令3. 7. 1,ika
診療所,02,0611430,石川ファミリークリニック,十和田市稲生町１９－４,0176-27-1351,石川　敬一,石川　敬一,内　小,,令3. 9. 1,ika
診療所,02,0611448,十和田泌尿器科クリニック,十和田市元町東一丁目３番８号,0176-22-7340,寺井　康詞郎,寺井　康詞郎,ひ　内,,令4. 4. 1,ika
診療所,02,0611455,北園内科クリニック,十和田市西二十一番町１４－３８,0176-22-2331,小山　滋豊,小山　滋豊,内科　循環器内科,,令5. 4. 1,ika
病院,02,0611463,十和田済誠会病院,十和田市大字相坂字小林８４番地１４,0176-23-6251,一般財団法人済誠会　代表理事　江渡　篤子,江渡　篤子,精神　精神　精　心内　内,210,令6. 5. 1,ika
病院,02,0710125,一般財団法人　仁和会　三沢中央病院,三沢市中央町三丁目１１－２,0176-57-1111,一般財団法人　仁和会　理事長　小鹿　和子,棟方　博文,療養　外　内科　消化器内科　循環器内科　呼内　整外　形外　ひ　小　呼外　リハ,,昭32. 11. 1,ika
病院,02,0710562,医療法人聖心会　三沢聖心会病院,三沢市淋代三丁目１１１－６,0176-54-2016,医療法人聖心会　理事長　関口　秀文,矢幅　啓孝,精神　精　神　内,140,昭59. 7. 24,ika
診療所,02,0710604,平山泰照皮膚科医院,三沢市中央町四丁目４－１４,0176-53-1255,医療法人　平山泰照皮膚科医院　理事長　平山　隆士,平山　隆士,皮,,昭62. 12. 28,ika
診療所,02,0710729,医療法人　みさわクリニック,三沢市大町二丁目７－１２,0176-53-3739,医療法人　みさわクリニック　理事長　菊池　弘美,菊池　弘美,内科　消化器内科　小,,平10. 2. 1,ika
診療所,02,0710737,さいとう耳鼻咽喉科クリニック,三沢市堀口二丁目１番地２,0176-50-1406,齋藤　晋一,齋藤　晋一,耳い　アレ,,平10. 10. 15,ika
診療所,02,0710760,ひぐちクリニック,三沢市桜町三丁目１０－１４,0176-50-1441,医療法人　ひぐちクリニック　理事長　樋口　茂樹,樋口　茂樹,内　呼　胃　循　小,,平13. 10. 1,ika
診療所,02,0710778,まつぞのクリニック,三沢市松園町三丁目９－４,0176-52-5050,医療法人　サン・ミッシェル会　理事長　近藤　真人,近藤　真人,内　循　外,,平15. 5. 1,ika
病院,02,0710810,三沢市立三沢病院,三沢市大字三沢字堀口１６４番地６５号,0176-53-2161,三沢市長　小檜山　吉紀,遠藤　哲,一般　一般　一般　一般　一般　内科　腫瘍内科　内視鏡内科　消化器内科　小　外　整外　形外　脳外　皮　ひ　産婦　眼　耳い　リハ　放　麻　歯外,,平22. 11. 5,ika
診療所,02,0710828,医療法人　賢心会　すずき小児科内科クリニック,三沢市下久保二丁目１番６号,0176-52-6555,医療法人　賢心会　理事長　鈴木　吾朗,鈴木　吾朗,小　内　皮　アレ,,平23. 2. 12,ika
診療所,02,0710836,鳴海外科医院,三沢市幸町１－２－１５,0176-53-3056,医療法人　悠仁会　理事長　阪中　容,阪中　容,整外　外科　ペインクリニック外科　内　麻,,平23. 10. 1,ika
診療所,02,0710851,むつみ眼科クリニック,三沢市中央町三丁目１２－３６,0176-58-5215,栗原　睦美,栗原　睦美,眼,,平25. 3. 1,ika
診療所,02,0710869,あいざわクリニック,三沢市大字三沢字堀口１６４－２９８,0176-58-7370,医療法人あいざわクリニック　理事長　相沢　俊二,相沢　俊二,消化器内科　乳腺外科,,平26. 2. 1,ika
診療所,02,0710885,おおぞらクリニック,三沢市中央町４丁目１番２,0176-58-0909,医療法人青仁会　理事長　千葉　潜,千葉　良,精　心内　内,,平27. 5. 1,ika
診療所,02,0710893,サイトウ整形外科クリニック,三沢市緑町３－１－３,0176-58-0252,齋藤　啓,齋藤　啓,整外,,平27. 6. 1,ika
診療所,02,0710919,岡三沢診療所,三沢市緑町１丁目２－５,0176-50-1237,医療法人社団さくらの木岡三沢診療所　理事長　亀田　邦彦,亀田　邦彦,内科　循環器内科,,平27. 10. 1,ika
診療所,02,0710927,得居泌尿器科医院,三沢市下久保三丁目２０番地２号,0176-50-1333,医療法人博收会　理事長　得居　淳,得居　淳,一般　一般　ひ　内,3,令2. 5. 1,ika
診療所,02,0710935,中山内科医院,三沢市桜町３－１－２８,0176-52-7752,中山　宏祥,中山　宏祥,糖尿病内科　内科,,令4. 9. 1,ika
病院,02,0810339,むつ総合病院,むつ市小川町一丁目２－８,0175-22-2111,一部事務組合下北医療センター　管理者　山本　知也,松浦　修,一般　精神　内科　消化器内科　循環器内科　糖尿病内分泌内科　外科　消化器外科　乳腺外科　心外　脳外　整外　形外　精　小　皮　ひ　産　婦　眼　耳い　リハ　放　麻　歯外　救命,380,昭46. 4. 1,ika
診療所,02,0810487,槇皮膚科医院,むつ市柳町一丁目８－１,0175-22-1881,槇　泉,槇　泉,皮,,昭62. 7. 15,ika
診療所,02,0810529,医療法人白心会北村医院,むつ市柳町一丁目９－５５,0175-22-2135,医療法人　白心会　理事長　北村　隆,北村　隆,一般　産婦　内　小,,平6. 6. 1,ika
診療所,02,0810552,中村眼科クリニック,むつ市横迎町二丁目１－９,0175-22-2512,中村　秀世,中村　秀世,一般　眼,,平8. 5. 1,ika
診療所,02,0810560,ほそかわ耳鼻咽喉科クリニック,むつ市中央一丁目３－３６,0175-23-0033,医療法人　高志会　理事長　細川　雅史,細川　雅史,耳い　アレ,,平9. 7. 1,ika
診療所,02,0810586,医療法人道坤会　菊池医院,むつ市大湊浜町１６－２７,0175-24-1276,医療法人　道坤会　理事長　菊池　浩太郎,菊池　浩太郎,内　小　麻,,平10. 10. 1,ika
診療所,02,0810602,村中内科・心療内科医院,むつ市新町１０－４６,0175-23-0120,医療法人　光和会　理事長　村中　一文,村中　一文,内　心内,,平12. 2. 1,ika
診療所,02,0810610,ちば小児科アレルギー科クリニック,むつ市緑ヶ丘６－１６,0175-33-8001,千葉　喜代志,千葉　喜代志,小　アレ,,平12. 12. 1,ika
病院,02,0810636,むつリハビリテーション病院,むつ市桜木町１３－１,0175-24-1211,一部事務組合下北医療センター　管理者　山本　知也,山崎　総一郎,療養　内　リハ　ひ,,平14. 3. 1,ika
診療所,02,0810644,医療法人佑心会角田整形外科医院,むつ市新町１３－５２,0175-22-7945,医療法人　佑心会　理事長　角田　俊吾,角田　俊吾,整外　リハ,,平14. 5. 9,ika
診療所,02,0810669,医療法人章士会　三上医院,むつ市柳町一丁目８－２２,0175-22-1011,医療法人　章士会　理事長　三上　史雄,三上　史雄,内　消　循　放,,平15. 9. 1,ika
診療所,02,0810701,千田医院,むつ市小川町一丁目１０－１,0175-22-2639,医療法人　芳龍会　理事長　千田　龍也,千田　龍也,外　こう,,平15. 12. 15,ika
診療所,02,0810719,柳谷ひ尿器科皮ふ科クリニック,むつ市中央二丁目５－５,0175-24-2055,柳谷　仁志,柳谷　仁志,ひ　皮　内,,平16. 3. 1,ika
診療所,02,0810727,どんぐりこどもクリニック,むつ市中央二丁目５－５,0175-24-5656,佐々木　正人,佐々木　正人,小　アレ,,平16. 5. 1,ika
診療所,02,0810735,たなか泌尿器科クリニック,むつ市中央一丁目６－５,0175-28-2660,田中　聡,田中　聡,ひ　内　皮,,平16. 6. 1,ika
診療所,02,0810768,前田内科医院,むつ市大畑町庚申堂１１－１,0175-34-5272,前田　榮昭,前田　尚孝,内　呼　消　循　小,,平12. 1. 1,ika
診療所,02,0810776,国民健康保険　脇野沢診療所,むつ市脇野沢渡向２９番地５,0175-44-2022,一部事務組合下北医療センター　管理者　山本　知也,大塚　哲生,内　外　歯　歯外,,平16. 5. 1,ika
診療所,02,0810784,国民健康保険大畑診療所,むつ市大畑町観音堂２５－１,0175-34-2211,一部事務組合下北医療センター　管理者　山本　知也,山口　英二,一般　一般　内　整外,,平17. 4. 1,ika
診療所,02,0810792,さとう眼科クリニック,むつ市緑ヶ丘３５－１,0175-23-9165,佐藤　元哉,佐藤　元哉,眼,,平19. 5. 1,ika
診療所,02,0810800,医療法人　胡桃会　ふじた脳神経クリニック,むつ市中央２－５－５,0175-24-5557,医療法人　胡桃会　理事長　藤田　聖一郎,藤田　聖一郎,脳外　内　放,,平19. 5. 1,ika
診療所,02,0810818,国民健康保険　川内診療所,むつ市川内町休所４２番地６２,0175-42-2211,一部事務組合下北医療センター　管理者　山本　知也,越前屋　成広,一般　内　外　整外　歯外,,平21. 4. 1,ika
診療所,02,0810826,中央内科クリニック,むつ市中央２丁目５番５号,0175-28-4550,田中　義規,田中　義規,内　消,,平21. 8. 1,ika
診療所,02,0810842,みちのくクリニック,むつ市十二林１７番１号,0175-23-1171,社会福祉法人青森社会福祉振興団　理事長　中山　辰巳,川部　汎康,内科　消化器内科,,平25. 8. 1,ika
診療所,02,0810859,みどりが丘整形外科クリニック,むつ市緑ヶ丘３５番５号,0175-23-2321,河野　輝生,河野　輝生,整外　リハ,,平27. 4. 1,ika
診療所,02,0810867,むつ女性クリニック,むつ市中央二丁目５番５号,0175-24-3151,医療法人ゆうあい会　理事長　松尾　健志,松尾　健志,婦　内,,令6. 4. 1,ika
診療所,02,0810875,むつハートクリニック,むつ市小川町１丁目１８番１１号,0175-31-1533,祐川　誉徳,祐川　誉徳,内科　循環器内科,,令7. 11. 1,ika
病院,02,0910022,医療法人誠仁会　尾野病院,つがる市木造若竹５,0173-42-2133,医療法人　誠仁会　理事長　一戸　淳,一戸　淳,療養　内　外　皮　整外　リハ,,平11. 8. 1,ika
診療所,02,0910071,山内クリニック,つがる市木造末広４５－２４,0173-42-7171,山内　誠,山内　誠,整外　内　外　皮　こう,,平12. 6. 15,ika
診療所,02,0910113,みやしげ内科クリニック,つがる市木造浮巣４５－１,0173-49-1123,宮重　希典,宮重　希典,内　胃　循　小,,平17. 12. 1,ika
診療所,02,0910162,つがる西北五広域連合つがる市民診療所,つがる市木造千年４番地,0173-42-3111,つがる西北五広域連合　広域連合長　佐々木　孝昌,一戸　久人,内科　糖尿病内科　外,,平26. 3. 1,ika
診療所,02,0910196,ファミリークリニック希望,つがる市富萢町山里１－１,0173-56-2148,小笠原　幸裕,小笠原　幸裕,内　小,,平30. 1. 25,ika
診療所,02,1010046,平川市国民健康保険川診療所,平川市川田の沢口５－１,0172-55-2404,平川市長　工藤　貴弘,阿部　留美子,内　小,,平16. 2. 1,ika
診療所,02,1010087,ふくしまクリニック,平川市小和森種取２３－２,0172-43-1215,福島　高之,福島　高之,一般　内　胃　小　皮　アレ　外　整外　こう　ひ,,平12. 2. 15,ika
診療所,02,1010111,おのえ診療所,平川市中佐渡南田１５－１０,0172-43-5885,東　正夫,東　正夫,内,,平14. 12. 1,ika
診療所,02,1010129,いとう外科内科クリニック,平川市尾上栄松１３２－６,0172-57-5850,伊藤　博之,伊藤　博之,外　内,,平16. 6. 1,ika
診療所,02,1010186,まるも泌尿器科内科クリニック,平川市大光寺三村井３１－１,0172-43-0901,佐藤　元昭,佐藤　元昭,ひ　内　外　皮,,平24. 5. 1,ika
診療所,02,1010194,平川市国民健康保険碇ヶ関診療所,平川市碇ケ関三笠山１２０番地１　２階,0172-45-2780,平川市長　工藤　貴弘,奥口　知行,内　整外,,平24. 5. 1,ika
診療所,02,1010202,花田医院,平川市尾上字栄松２８６,0172-57-3528,花田　直之,花田　直之,内科　消化器内科,,平26. 5. 1,ika
診療所,02,1010210,平川市国民健康保険平川診療所,平川市柏木町藤山２３番地２,0172-44-3101,平川市長　工藤　貴弘,石澤　幸男,内　整外,,平26. 4. 1,ika
診療所,02,1010236,須藤医院,平川市柏木町藤山３７－５,0172-44-3100,医療法人みらい会　理事長　須藤　尚紀,須藤　完文,整外　内,,令元. 8. 1,ika
診療所,02,2010433,今別町国民健康保険今別診療所,東津軽郡今別町大字今別字今別６４,0174-35-2680,今別町長　阿部　義治,田原　義和,内　外　小,,昭49. 5. 1,ika
病院,02,2010615,外ヶ浜町国民健康保険　外ヶ浜中央病院,東津軽郡外ヶ浜町字下蟹田４２－１,0174-22-3450,外ヶ浜町長　山﨑　結子,秋山　昌希,一般　内　小　外　整外　リハ,,昭60. 6. 1,ika
病院,02,2010748,平内町国民健康保険　平内中央病院,東津軽郡平内町大字小湊字外ノ沢１－１,017-755-2131,平内町長　船橋　茂久,首藤　邦昭,一般　療養　内科　消化器内科　循環器内科　小　外　整外　脳外　皮　眼　脳内,,平8. 4. 1,ika
診療所,02,2010763,たざわクリニック,東津軽郡平内町大字小湊字下槻１７－１,0177-58-1222,田澤　宏嗣,田澤　宏嗣,ひ　内　皮,,平9. 10. 15,ika
診療所,02,2010771,ひきち内科クリニック,東津軽郡平内町大字小湊字愛宕９５－２,0177-58-1155,引地　基文,引地　基文,内　神内　呼　消　循　小　脳外　リハ,,平10. 4. 15,ika
診療所,02,2010789,外ヶ浜町国民健康保険外ヶ浜中央病院附属三厩診療所,東津軽郡外ヶ浜町字三厩新町６,0174-37-3311,外ヶ浜町長　山﨑　結子,藤田　均,内　整外　外,,平11. 4. 1,ika
診療所,02,2010797,田澤内科,東津軽郡外ヶ浜町字蟹田１４３,0174-22-2045,田澤　公樹,田澤　公樹,内　小　呼,,平11. 10. 22,ika
診療所,02,2010821,津軽今別医院,東津軽郡今別町大字浜名字中宇田１－１,0174-35-4177,医療法人　みんせい会　理事長　福田　信一郎,福田　信一郎,一般　内　小　リハ,,平13. 2. 1,ika
診療所,02,2010854,まさいく整形外科,東津軽郡平内町大字小湊字愛宕２０－１,017-758-1900,工藤　正育,工藤　正育,整外　リハ　リウ,,平18. 6. 1,ika
診療所,02,2010862,医療法人かにたクリニック,東津軽郡外ヶ浜町字蟹田５－２,0174-22-2333,医療法人　かにたクリニック　理事長　石戸谷　孝博,石戸谷　孝博,内　外　整外,,平20. 1. 1,ika
診療所,02,2010870,蓬田診療所,東津軽郡蓬田村大字郷沢字浜田１４０－５,0174-27-2011,大澤　瑛,大澤　瑛,内,,平31. 4. 10,ika
病院,02,2111017,つがる西北五広域連合　鰺ヶ沢病院,西津軽郡鯵ヶ沢町大字舞戸町字蒲生１０６番地１０,0173-72-3111,つがる西北五広域連合　広域連合長　佐々木　孝昌,板橋　幸弘,一般　内　小　外　整外　婦　眼　耳い　歯,,平24. 4. 1,ika
診療所,02,2111025,あじがさわクリニック,西津軽郡鰺ヶ沢町大字舞戸町字下富田５７－３,0173-72-5200,川田　雅昭,川田　雅昭,内　小　皮,,平25. 11. 1,ika
診療所,02,2111041,深浦町国民健康保険深浦診療所,西津軽郡深浦町大字広戸字家野上１０４番地３,0173-82-0337,深浦町長　平沢　一臣,吉岡　秀樹,内　外,,平30. 6. 1,ika
診療所,02,2111058,七ツ石内科,青森県西津軽郡鰺ヶ沢町七ツ石町２７－１,0173-72-2879,医療法人梟衆会　理事長　今　昭人,今　昭人,内科　糖尿病内科　内分泌・代謝内科　漢方内科　小　アレ　皮　心内　ひ,,令3. 1. 1,ika
診療所,02,2310403,医療法人　博仁会　福井診療所,南津軽郡藤崎町大字藤崎字村元７７－１,0172-75-4021,医療法人　博仁会　理事長　福井　誠,福井　誠,皮　形外　内,,昭44. 11. 1,ika
病院,02,2310973,ときわ会病院,南津軽郡藤崎町大字榊字亀田２－１,0172-65-3771,医療法人　ときわ会　理事長　永山　亮造,永山　淳造,一般　一般　療養　一般　内科　消化器・肝臓内科　糖尿病内科　緩和ケア内科　脳内　和漢　外科　消化器外科　整外　リウ　リハ　麻,,昭55. 1. 1,ika
診療所,02,2311245,小山内医院,南津軽郡大鰐町大字大鰐字大鰐４７－１,0172-48-2415,小山内　幹浩,小山内　幹浩,内　小,,昭63. 10. 1,ika
診療所,02,2311302,せきばクリニック,南津軽郡藤崎町大字藤崎字武元５－５,0172-75-3020,医療法人　栄現会　理事長　関場　慶博,関場　慶博,小　内,,平2. 2. 1,ika
診療所,02,2311377,おおわに内科クリニック,南津軽郡大鰐町大字大鰐字大鰐１０５－６,0172-47-7111,水尻　栄,水尻　栄,内　呼　消　循　皮　リハ,,平7. 4. 15,ika
診療所,02,2311435,津軽三育医院,南津軽郡田舎館村大字川部字上西田１３０－１２,0172-75-3755,亀谷　純三,亀谷　純三,一般　内　外　整外　小　婦　皮　放,,平10. 10. 1,ika
診療所,02,2311500,樽澤医院,南津軽郡藤崎町葛野字前田６１－１３,0172-89-7711,医療法人　幸昭会　理事長　樽澤　孝二,樽澤　孝二,内　小　リハ　放,,平15. 3. 1,ika
診療所,02,2311526,ゆのかわら医院,南津軽郡大鰐町大鰐字湯野川原９０,0172-47-6611,相馬　純平,相馬　純平,内　アレ　小　リハ,,平15. 7. 15,ika
診療所,02,2311575,町立大鰐診療所,南津軽郡大鰐町大字蔵館字川原田４０番地４,0172-48-2211,大鰐町長　山田　年伸,三上　健一郎,一般　内　外　小,,令5. 10. 1,ika
病院,02,2410674,国民健康保険　板柳中央病院,北津軽郡板柳町大字灰沼字岩井７４－２,0172-73-3231,板柳町長　西　健人,照井　健,一般　療養　内　外　整外　眼　耳い　形外,,昭46. 1. 1,ika
診療所,02,2410864,今岡医院,北津軽郡鶴田町大字鶴田字早瀬２４－４,0173-22-2027,医療法人　健医会　理事長　今岡　泰郎,今岡　泰郎,内　循,,平5. 5. 1,ika
診療所,02,2410880,田中外科内科医院,北津軽郡板柳町大字板柳字土井２００,0172-73-2525,田中　正彦,田中　正彦,外　内　胃　循　皮　こう　リハ,,平6. 2. 15,ika
診療所,02,2410930,中里クリニック,北津軽郡中泊町大字中里字亀山２６３－１,0173-57-3636,淀野　美砂子,淀野　美砂子,内　小　外　整外　皮　放,,平9. 5. 1,ika
診療所,02,2410948,中泊町国民健康保険小泊診療所,北津軽郡中泊町大字小泊字朝間１－２５,0173-64-2117,中泊町長　濱舘　豊光,小成田　衆,内　小　皮　歯,,平9. 4. 2,ika
診療所,02,2410955,野宮医院,北津軽郡板柳町大字板柳字土井３０２,0172-73-2256,野宮　英二,野宮　英二,一般　内　小　胃,,平9. 12. 26,ika
診療所,02,2410963,まちだ内科眼科クリニック　いたやなぎ,北津軽郡板柳町大字福野田字実田４４－１,0172-72-0101,医療法人　白鴎会　理事長　町田　光司,松本　一仁,内　眼　胃　小　皮　こう,,平10. 6. 1,ika
診療所,02,2411029,瓜田医院,北津軽郡鶴田町大字鶴田字相原５５－１,0173-22-3232,瓜田　千紗子,瓜田　千紗子,眼　内,,平19. 12. 1,ika
診療所,02,2411045,渡部胃腸科内科,北津軽郡板柳町大字福野田字実田７２番地１３,0172-73-2217,渡部　司,渡部　司,一般　一般　内　呼　消　循　小,19,平21. 2. 18,ika
診療所,02,2411078,つがる西北五広域連合鶴田診療所,北津軽郡鶴田町大字鶴田字鷹ノ尾３４番地,0173-22-2261,つがる西北五広域連合　広域連合長　佐々木　孝昌,齋藤　正人,内　小　外,,平25. 1. 1,ika
診療所,02,2411086,中泊おの医院,北津軽郡中泊町大字中里字紅葉坂１９５－１,0173-57-5758,小野　裕明,小野　裕明,内科　消化器内科　小　外科　肛門外科　乳腺外科　甲状腺外科　整外　皮,,平25. 5. 1,ika
病院,02,2510614,国民健康保険　おいらせ病院,上北郡おいらせ町上明堂１－１,0178-52-3111,おいらせ町長　成田　光寿,磯嶋　泰,一般　内　外　小　整外　皮　脳外　眼,,昭33. 8. 1,ika
病院,02,2511034,公立七戸病院,上北郡七戸町字影津内９８－１,0176-62-2105,中部上北広域事業組合　管理者　長久保　耕治,丸山　将輝,一般　内　外　整外　眼　耳い　小　皮　リハ,,昭41. 4. 1,ika
病院,02,2511380,医療法人正恵会　石田温泉病院,上北郡おいらせ町上前田２１－１,0178-52-3611,医療法人　正恵会　理事長　石田　博文,石田　正実,療養　内　神内　呼　胃　循　小　リハ　放,,昭60. 3. 1,ika
診療所,02,2511497,工藤医院,上北郡七戸町字道ノ上６３－４,0176-68-2666,医療法人　藤仁会　理事長　工藤　要一,工藤　裕康,一般　療養　内　小　整外,,平2. 7. 1,ika
診療所,02,2511505,沼田医院,上北郡六戸町大字犬落瀬字後田１７－１,0176-55-3069,沼田　知明,沼田　知明,内　小　心内　外　ひ　放　整外,,平4. 6. 2,ika
診療所,02,2511521,下田診療所,上北郡おいらせ町向川原３－５５,0178-56-3116,渡辺　珠夫,渡辺　珠夫,内　胃　小,,平6. 4. 25,ika
診療所,02,2511539,げんねん健康管理センター,上北郡六ヶ所村大字尾駮字沖付４－１０８,0175-71-2070,日本原燃株式会社　代表取締役社長　増田　尚宏,本間　之子,歯　内,,平7. 9. 1,ika
病院,02,2511588,公立野辺地病院,上北郡野辺地町字鳴沢９－１２,0175-64-3211,北部上北広域事務組合　管理者　野村　秀雄,中島　道子,一般　療養　内科　糖尿病内科　小　外　皮　整外　産婦　耳い　眼　脳外　歯外　ひ　放　リハ　精　呼内　循環器内科　神内,120,平8. 4. 1,ika
診療所,02,2511646,医療法人明央会　福田眼科医院,上北郡六戸町大字犬落瀬字堀切沢５９－１０７,0176-53-4158,医療法人　明央会　理事長　福田　敦,福田　敦,一般　眼,,平11. 8. 17,ika
診療所,02,2511653,医療法人すみれ会　すみれ内科クリニック,上北郡東北町上北北一丁目３４－１０３,0176-56-2221,医療法人　すみれ会　理事長　石原　融,石原　融,内,,平11. 12. 1,ika
診療所,02,2511661,戸館内科整形外科医院,上北郡野辺地町字野辺地２６１番地１,0175-64-2525,医療法人喜栄会　理事長　戸館　雅大,戸館　雅大,一般　内　胃　循　小　整外　放　呼　リウ,,平12. 1. 4,ika
診療所,02,2511711,旭日クリニック,上北郡東北町大字上野字南谷地２５８－１,0176-58-2050,医療法人　瑞翔会　理事長　岩渕　勝雄,岩渕　勝雄,一般　一般　整外　内科　循環器内科　呼内　消化器外科,19,平13. 6. 4,ika
診療所,02,2511745,吉田内科医院,上北郡東北町字上笹橋２３－８,0175-63-3777,医療法人　なごみ会　理事長　吉田　道正,吉田　道正,内　小　リハ,,平15. 2. 1,ika
病院,02,2511752,医療法人社団　良風会　ちびき病院,上北郡東北町字石坂３２－４,0175-64-5100,医療法人社団　良風会　理事長　間瀬　豊,広原　鍾一,一般　療養　内　外　整外,,平15. 4. 1,ika
診療所,02,2511760,こんの医院,上北郡おいらせ町中野平４０－１イオンモール下田内,0178-56-8066,金野　光雄,金野　光雄,内,,平15. 4. 15,ika
診療所,02,2511786,こおり耳鼻科クリニック,上北郡おいらせ町緑ヶ丘１－５０－２０８０,0176-53-3387,郡　協,郡　協,耳い,,平15. 10. 1,ika
診療所,02,2511794,えびさわクリニック,上北郡野辺地町野辺地６９－１,0175-64-4160,蛯澤　勇,蛯澤　勇,内,,平16. 4. 1,ika
診療所,02,2511802,のへじクリニック,上北郡野辺地町下小中野１８－８,0175-64-7333,医療法人　青松会　理事長　前田　憲一,柳沢　健,一般　ひ　内　外,,平16. 10. 1,ika
診療所,02,2511869,菜の花クリニック,上北郡横浜町寺下８１番地２,0175-76-1787,医療法人　蛍慈会　理事長　石木　基夫,石木　基夫,内　小,,平22. 3. 1,ika
診療所,02,2511877,六ヶ所村国民健康保険　千歳平診療所,上北郡六ケ所村大字倉内字笹崎３９８番地１,0175-74-2301,六ヶ所村長　橋本　隆春,米田　喜與志,内　外　整外,,平22. 4. 1,ika
診療所,02,2511935,青い森こどもアレルギークリニック,上北郡おいらせ町住吉４丁目５０－２１０９,0176-58-7400,鶴田　靖,鶴田　靖,小　アレ,,平26. 2. 1,ika
診療所,02,2511943,六ヶ所村地域家庭医療センター,上北郡六ヶ所村大字尾駮字野附９８６－４,0175-73-7122,六ヶ所村長　橋本　隆春,松岡　史彦,一般　内　小　外　整外　歯　眼,,平26. 8. 1,ika
診療所,02,2511968,小川原湖クリニック,上北郡東北町上北北一丁目３４－４５,0176-56-5600,医療法人小川原湖クリニック　理事長　工藤　恭司,工藤　恭司,内,,平27. 5. 1,ika
診療所,02,2511976,下田きくち眼科,上北郡おいらせ町中野平４０－１イオンモール下田１階,0178-80-7225,医療法人ひとみ会　理事長　菊地　泰弘,梶本　隆夫,眼,,平27. 11. 1,ika
診療所,02,2511984,みさわの森クリニック,上北郡おいらせ町上久保６３番地１７０,0176-58-6800,医療法人　愛森会　理事長　植西　利通,植西　利通,心内　精,,平28. 9. 1,ika
診療所,02,2511992,六戸町国民健康保険診療所,上北郡六戸町犬落瀬字後田４２番地１,0176-55-3121,六戸町長　佐藤　陽大,松山　淳,一般　内　整外,,平28. 10. 1,ika
診療所,02,2512008,六ヶ所村立泊診療所,上北郡六ヶ所村大字泊字川原１５９－１７,0175-77-2030,六ヶ所村長　橋本　隆春,小島　朋美,内　小,,平29. 4. 1,ika
診療所,02,2512024,しちのへ内科クリニック,上北郡七戸町字荒熊内２１２番地１,,医療法人　いちょうの木　理事長　髙橋　悟,髙橋　悟,消化器内科　循環器内科,,令4. 1. 1,ika
診療所,02,2610745,牛滝診療所,下北郡佐井村大字長後字牛滝川目１００,0175-38-5010,一部事務組合下北医療センター　管理者　山本　知也,落合　秀也,内　小　外　皮,,昭46. 4. 1,ika
診療所,02,2610752,福浦診療所,下北郡佐井村大字長後字福浦川目１１－１,0175-38-5317,一部事務組合下北医療センター　管理者　山本　知也,落合　秀也,内　小　外　皮,,昭46. 4. 1,ika
病院,02,2610919,国民健康保険　大間病院,下北郡大間町大字大間字大間平２０番地７８,0175-37-2105,一部事務組合下北医療センター　管理者　山本　知也,工藤　稜顕,一般　内　外　小　整外　皮　ひ　リハ,,平4. 5. 14,ika
診療所,02,2610927,一部事務組合　下北医療センター　国民健康保険　風間浦診療所,下北郡風間浦村大字易国間字大川目１１－２,0175-35-2001,一部事務組合下北医療センター　管理者　山本　知也,大柳　博樹,内　外　小,,平9. 4. 1,ika
診療所,02,2610943,一部事務組合　下北医療センター　東通村診療所,下北郡東通村大字砂子又字里１７－２,0175-28-5111,一部事務組合　下北医療センター　管理者　山本　知也,川原田　恒,一般　内　小　外　整外,,平12. 4. 1,ika
診療所,02,2610950,一部事務組合　下北医療センター　白糠診療所,下北郡東通村大字白糠字赤平１３０－９,0175-45-5025,一部事務組合　下北医療センター　管理者　山本　知也,川原田　恒,内　外,,平12. 4. 15,ika
診療所,02,2610968,さいクリニック,下北郡佐井村佐井大佐井川目３８－１,0175-33-2424,大竹　進,大竹　進,整外,,平31. 4. 13,ika
病院,02,2710776,国民健康保険　五戸総合病院,三戸郡五戸町字沢向１７－３,0178-61-1200,五戸町長　若宮　佳一,安藤　敏典,一般　内　外　産婦　眼　小　整外　耳い　脳外　皮,120,昭44. 2. 1,ika
診療所,02,2710883,新郷村国民健康保険診療所,三戸郡新郷村大字戸来字中野平１７－１,0178-78-3111,新郷村長　佐藤　和友,高杉　亮平,内,,昭49. 4. 1,ika
診療所,02,2711071,川守田外科胃腸科,三戸郡南部町大字剣吉字堰合１３－２,0178-75-0898,川守田　究,川守田　究,内　胃　小　外　皮　こう,,昭63. 12. 1,ika
診療所,02,2711089,田島医院,三戸郡三戸町大字二日町６,0179-22-2228,田島　剛一,田島　剛一,内,,平元. 7. 6,ika
診療所,02,2711105,福原胃腸科外科医院,三戸郡田子町大字田子字上野ノ下タ９８－７,0179-32-2338,医療法人　孝信会　理事長　福原　孝,福原　孝,胃　内　外,,平4. 5. 1,ika
診療所,02,2711113,松医会　松尾整形外科リハビリテーションクリニック,三戸郡五戸町字観音堂１８－６,0178-62-3567,医療法人　松医会　理事長　松尾　博由,松尾　博由,一般　整外　リハ　内,,平5. 3. 1,ika
病院,02,2711170,三戸町国民健康保険　三戸中央病院,三戸郡三戸町大字川守田字沖中９－１,0179-20-1131,三戸町長　沼澤　修二,葛西　智徳,一般　一般　療養　療養　内　小　外　婦　眼　耳い　整外　ひ　皮　循,84,平12. 3. 1,ika
診療所,02,2711188,田中医院,三戸郡五戸町字鍜冶屋窪上ミ３３－２,0178-61-1155,医療法人　菁莱軒　理事長　鈴木　歩,鈴木　歩,内科　消化器内科　循環器内科　神内　呼内,,平13. 6. 1,ika
診療所,02,2711196,ナンブクリニック,三戸郡南部町沖田面字千刈４７－１,0179-20-6161,医療法人　湘洋会　理事長　隂山　俊之,隂山　俊之,一般　一般　眼,10,平15. 3. 1,ika
診療所,02,2711212,みうらクリニック,三戸郡階上町蒼前西三丁目９－３１７７,0178-80-1212,三浦　博光,三浦　博光,内　小　外,,平16. 10. 1,ika
診療所,02,2711238,田子町国民健康保険町立田子診療所,三戸郡田子町大字田子字前田２－１７,0179-32-3171,田子町長　山本　晴美,田中　裕之,内　小　外　整外　ひ　皮,,平19. 4. 1,ika
診療所,02,2711246,かわむら内科クリニック,三戸郡南部町大字苫米地字町中２２,0178-84-3111,川村　明義,川村　明義,内科　糖尿病代謝内科　循環器内科,,平21. 9. 1,ika
診療所,02,2711261,はらだクリニック,三戸郡南部町大字苫米地字白山堂１３番２,0178-60-1661,医療法人　はらだクリニック　理事長　原田　英也,原田　英也,外　内科　内視鏡内科,,平24. 1. 1,ika
病院,02,2711279,国民健康保険南部町医療センター,三戸郡南部町大字下名久井字白山８７番地１,0178-76-2001,南部町長　工藤　祐直,石田　哲平,一般　療養　内　小　外　眼　整外　ひ　循環器内科　肛門外科　皮　アレ　耳い,,平26. 6. 1,ika
病院,02,2711287,南部病院,三戸郡南部町大字沖田面字千刈５２番地２,0179-34-3131,社会医療法人博進会　理事長　小笠原　和人,小原　正和,一般　整外　外　内　リハ　麻,,平28. 5. 1,ika
診療所,02,2711295,スワンクリニック,三戸郡南部町大字沖田面字千刈３７番地１,0179-23-0805,社会医療法人博進会　理事長　小笠原　和人,小笠原　奈緒子,整外　小　外　内　リハ　アレ,,平30. 12. 1,ika
診療所,02,2711303,特別養護老人ホーム三戸老人ホーム医務室,三戸郡南部町大字大向字仙ノ木平３１番地１,0179-22-1215,社会福祉法人恵生会　理事長　工藤　恵一,工藤　恵道,内,,令8. 4. 1,ika
病院,02,8010049,独立行政法人国立病院機構　青森病院,青森市浪岡大字女鹿沢字平野１５５番地１,0172-62-4055,独立行政法人国立病院機構　理事長　新木　一弘,高田　博仁,一般　結核　内　精　神内　呼　小　外　整外　脳外　皮　ひ　眼　耳い　リハ　放　麻　アレ　歯外,300,昭47. 7. 1,ika
病院,02,8010114,独立行政法人国立病院機構弘前総合医療センター,弘前市大字富野町１,0172-32-4311,独立行政法人国立病院機構　理事長　新木　一弘,袴田　健一,一般　一般　一般　一般　一般　一般　一般　一般　一般　一般　循環器内科　消化器・血液内科　糖尿病・内分泌内科　呼内　精　小　消化器外科　乳腺外科　整外　脳外　皮　産婦　眼　耳い　放　リハ　歯外　麻　脳内　病理　呼外　ひ　形外　救急科　臨床検査科,,昭44. 8. 1,ika
病院,02,8010221,弘前大学医学部附属病院,弘前市大字本町５３,0172-33-5111,国立大学法人弘前大学　学長　福田　眞作,横山　良仁,一般　一般（感染）　精神　内科　消化器内科　血液内科　循環器内科　腎臓内科　内分泌内科　糖尿病・代謝内科　感染症内科　腫瘍内科　呼内　脳内　精　小　外科　消化器外科　乳腺外科　呼外　心外　整外　皮　ひ　眼　耳鼻咽喉科・頭頸部外科　放射線治療科　放射線診断科　産婦　麻　脳外　形外　小外　歯外　病理　リハ　救命,601,平6. 2. 1,ika
病院,02,8010510,独立行政法人国立病院機構　八戸病院,八戸市吹上三丁目１３－１,0178-45-6111,独立行政法人国立病院機構　理事長　新木　一弘,三尾　直士,一般　一般　内科　循環器内科　神内　小　リハ,150,昭32. 8. 1,ika
病院,02,8015006,国立療養所　松丘保養園,青森市大字石江字平山１９,017-788-0145,厚生労働省,小堀　宏康,一般　内　外　皮　眼　耳　歯,,昭58. 5. 15,ika
歯科,02,0112165,青森市民病院,青森市勝田一丁目１４－２０,017-734-2171,青森市長　西　秀記,豊木　嘉一,一般　外　精神神経科　小　糖尿病・内分泌内科　循環器内科　消化器内科　整外　脳外　心外　皮　ひ　産婦　眼　耳い　リハ　放　麻　歯外　形外　病理,352,昭38. 12. 16,shika
歯科,02,0118444,青森県立あすなろ療育福祉センター診療部,青森市大字石江字江渡１０１,017-781-0174,青森県知事　宮下　宗一郎,吉川　圭,一般　整外　小　リハ　歯,,平26. 4. 1,shika
歯科,02,0113965,青森県立つくしが丘病院,青森市大字三内字沢部３５３－９２,017-787-2121,青森県知事　宮下　宗一郎,敦賀　光嗣,精神　精　神　歯,230,昭51. 6. 1,shika
歯科,02,0114765,青森県立中央病院,青森市東造道二丁目１－１,017-726-8111,青森県知事　宮下　宗一郎,廣田　和美,一般　内科　消化器内科　血液内科　糖尿病・内分泌内科　緩和ケア内科　循環器内科　腎臓内科　リウ　精　脳内　小　外科　消化器外科　耳鼻いんこう科・頭頸部外科　整外　脳外　心外　皮　ひ　産婦　眼　リハ　放射線科　腫瘍放射線科　歯　歯外　麻　病理　臨床　形外　呼内　呼外　救命,584,昭56. 9. 25,shika
歯科,02,0118113,しんまちクリニック,青森市新町二丁目１番１４号,017-735-3111,医療法人　三良会　理事長　村上　秀一,真柄　孝一,一般　内科　腎臓内科　神内　皮　耳い　歯,,平21. 2. 1,shika
歯科,02,0118576,医療法人雄心会　青森新都市病院,青森市石江３丁目１番地,017-757-8750,医療法人雄心会　理事長　伊藤　丈雄,末綱　太,一般　一般　脳外　形外　整外　消化器外科　乳腺外科　甲状腺外科　外科　消化器内科　循環器内科　内科　脳内　リハ　放射線腫瘍科　放射線科　麻　歯外　ひ,191,平29. 5. 1,shika
歯科,02,0212320,公益財団法人鷹揚郷　腎研究所　弘前病院,弘前市大字小沢字山崎９０,0172-87-1221,公益財団法人　鷹揚郷　理事長　鈴木　唯司,斎藤　久夫,一般　ひ　内　外　リハ　歯,,昭49. 6. 1,shika
歯科,02,0215117,弘前脳卒中・リハビリテーションセンター,弘前市扇町１－２－１,0172-28-8220,一般財団法人　黎明郷　理事長　髙梨　信吾,萩井　譲士,一般　療養　脳・血管内科　循環器内科　内科　脳外　リハ　整外　脳内　放　歯,169,平17. 7. 1,shika
歯科,02,0311262,独立行政法人労働者健康安全機構　青森労災病院,八戸市大字白銀町字南ヶ丘１,0178-33-1551,独立行政法人労働者健康安全機構　理事長　大西　洋英,玉澤　直樹,一般　一般　内　神　循　小　外　整外　形外　脳外　心外　皮　ひ　産婦　眼　耳い　リハ　放　麻　歯外,250,昭37. 3. 1,shika
歯科,02,0311346,医療法人青仁会　青南病院,八戸市大字田面木字赤坂１６－３,0178-27-2016,医療法人　青仁会　理事長　千葉　潜,深澤　隆,精神　内　精　神　歯　心内,199,昭46. 7. 1,shika
歯科,02,0312542,八戸赤十字病院,八戸市大字田面木字中明戸２番地,0178-27-3111,日本赤十字社　社長　清家　篤,紺野　広,一般　精神　消化器内科　糖尿病代謝内科　腎臓内科　膠原病内科　血液内科　循環器内科　呼内　精　脳内　小　外　心外　呼外　脳外　整外　皮　ひ　産婦　眼　耳い　放　麻　リウ　リハ　病理　形外　歯　歯外,374,昭43. 9. 1,shika
歯科,02,0313607,総合リハビリ美保野病院,八戸市大字大久保字大山３１－２,0178-25-0111,医療法人　謙昌会　理事長　渡邉　貞義,田　茂,療養　療養　療養　内　整外　リハ　神　歯,,昭57. 4. 15,shika
歯科,02,0315255,八戸市立市民病院,八戸市田向三丁目１番１号,0178-72-5111,八戸市長　熊谷　雄一,水野　豊,一般　一般　精神　精神　内科　消化器内科　循環器内科　内分泌・糖尿病内科　精　脳内　呼内　小　外科　消化器外科　移植外科　乳腺外科　整外　形外　脳外　呼外　心外　小外　皮　ひ　産　婦　眼　耳い　リハ　放　歯外　麻　病理　救急科,608,平9. 9. 1,shika
歯科,02,0315941,八戸市国民健康保険　南郷診療所,八戸市南郷大字島守字梨子ノ久保２５－３,0178-82-2211,八戸市長,中里　和彦,内　歯,,平16. 4. 1,shika
歯科,02,0511424,つがる西北五広域連合つがる総合病院,五所川原市字岩木町１２番地３,0173-35-3111,つがる西北五広域連合　広域連合長　佐々木　孝昌,坂本　十一,一般　一般　精神　精神　一般（感染）　感染　消化器・血液・膠原病内科　循環器・呼吸器・腎臓内科　内分泌・糖尿病・代謝内科　脳内　心外　呼外　乳腺外科　消化器外科　形外　整外　小　産科婦人科　皮　ひ　眼　耳い　脳外　精　放　麻　リウ　歯外　救急科　リハ,438,平26. 4. 1,shika
歯科,02,0710810,三沢市立三沢病院,三沢市大字三沢字堀口１６４番地６５号,0176-53-2161,三沢市長　小檜山　吉紀,遠藤　哲,一般　一般　一般　一般　一般　内科　腫瘍内科　内視鏡内科　消化器内科　小　外　整外　形外　脳外　皮　ひ　産婦　眼　耳い　リハ　放　麻　歯外,,平22. 11. 5,shika
歯科,02,0810339,むつ総合病院,むつ市小川町一丁目２－８,0175-22-2111,一部事務組合下北医療センター　管理者　山本　知也,松浦　修,一般　精神　内科　消化器内科　循環器内科　糖尿病内分泌内科　外科　消化器外科　乳腺外科　心外　脳外　整外　形外　精　小　皮　ひ　産　婦　眼　耳い　リハ　放　麻　歯外　救命,380,昭46. 4. 1,shika
歯科,02,0810776,国民健康保険　脇野沢診療所,むつ市脇野沢渡向２９番地５,0175-44-2022,一部事務組合下北医療センター　管理者　山本　知也,大塚　哲生,内　外　歯　歯外,,平16. 5. 1,shika
歯科,02,0810818,国民健康保険　川内診療所,むつ市川内町休所４２番地６２,0175-42-2211,一部事務組合下北医療センター　管理者　山本　知也,越前屋　成広,一般　内　外　整外　歯外,,平21. 4. 1,shika
歯科,02,2111017,つがる西北五広域連合　鰺ヶ沢病院,西津軽郡鯵ヶ沢町大字舞戸町字蒲生１０６番地１０,0173-72-3111,つがる西北五広域連合　広域連合長　佐々木　孝昌,板橋　幸弘,一般　内　小　外　整外　婦　眼　耳い　歯,,平24. 4. 1,shika
歯科,02,2410948,中泊町国民健康保険小泊診療所,北津軽郡中泊町大字小泊字朝間１－２５,0173-64-2117,中泊町長　濱舘　豊光,小成田　衆,内　小　皮　歯,,平9. 4. 2,shika
歯科,02,2511943,六ヶ所村地域家庭医療センター,上北郡六ヶ所村大字尾駮字野附９８６－４,0175-73-7122,六ヶ所村長　橋本　隆春,松岡　史彦,一般　内　小　外　整外　歯　眼,,平26. 8. 1,shika
歯科,02,2511539,げんねん健康管理センター,上北郡六ヶ所村大字尾駮字沖付４－１０８,0175-71-2070,日本原燃株式会社　代表取締役社長　増田　尚宏,本間　之子,歯　内,,平7. 9. 1,shika
歯科,02,2511588,公立野辺地病院,上北郡野辺地町字鳴沢９－１２,0175-64-3211,北部上北広域事務組合　管理者　野村　秀雄,中島　道子,一般　療養　内科　糖尿病内科　小　外　皮　整外　産婦　耳い　眼　脳外　歯外　ひ　放　リハ　精　呼内　循環器内科　神内,120,平8. 4. 1,shika
歯科,02,8010049,独立行政法人国立病院機構　青森病院,青森市浪岡大字女鹿沢字平野１５５番地１,0172-62-4055,独立行政法人国立病院機構　理事長　新木　一弘,高田　博仁,一般　結核　内　精　神内　呼　小　外　整外　脳外　皮　ひ　眼　耳い　リハ　放　麻　アレ　歯外,300,昭47. 7. 1,shika
歯科,02,8010114,独立行政法人国立病院機構弘前総合医療センター,弘前市大字富野町１,0172-32-4311,独立行政法人国立病院機構　理事長　新木　一弘,袴田　健一,一般　一般　一般　一般　一般　一般　一般　一般　一般　一般　循環器内科　消化器・血液内科　糖尿病・内分泌内科　呼内　精　小　消化器外科　乳腺外科　整外　脳外　皮　産婦　眼　耳い　放　リハ　歯外　麻　脳内　病理　呼外　ひ　形外　救急科　臨床検査科,,昭44. 8. 1,shika
歯科,02,8010221,弘前大学医学部附属病院,弘前市大字本町５３,0172-33-5111,国立大学法人弘前大学　学長　福田　眞作,横山　良仁,一般　一般（感染）　精神　内科　消化器内科　血液内科　循環器内科　腎臓内科　内分泌内科　糖尿病・代謝内科　感染症内科　腫瘍内科　呼内　脳内　精　小　外科　消化器外科　乳腺外科　呼外　心外　整外　皮　ひ　眼　耳鼻咽喉科・頭頸部外科　放射線治療科　放射線診断科　産婦　麻　脳外　形外　小外　歯外　病理　リハ　救命,601,平6. 2. 1,shika
歯科,02,8015006,国立療養所　松丘保養園,青森市大字石江字平山１９,017-788-0145,厚生労働省,小堀　宏康,一般　内　外　皮　眼　耳　歯,,昭58. 5. 15,shika
歯科,02,0131070,小笠原歯科医院,青森市松原三丁目１４－２７タケダビル　２０２号,017-734-7841,小笠原　佑吉,小笠原　佑吉,歯,,昭46. 6. 1,shika
歯科,02,0131542,幸畑歯科,青森市幸畑二丁目１３－１７,0177-38-8000,荒関　文雄,荒関　文雄,歯,,昭54. 12. 15,shika
歯科,02,0131617,山口歯科医院,青森市本町五丁目４－２小関耳鼻咽喉科　２階,017-777-6887,山口　勝弘,山口　勝弘,歯　矯歯　小歯,,昭55. 5. 1,shika
歯科,02,0131633,小川歯科診療所,青森市佃二丁目２－３,017-742-5070,小川　武裕,小川　武裕,歯　矯歯　小歯,,昭55. 6. 1,shika
歯科,02,0131815,後藤歯科医院,青森市篠田一丁目２５－８,017-781-3130,後藤　渉,後藤　渉,歯,,昭57. 7. 10,shika
歯科,02,0131823,中央歯科クリニック,青森市長島二丁目１２－６,0177-77-6050,嶋中　繁樹,嶋中　繁樹,歯　小歯,,昭57. 10. 1,shika
歯科,02,0131880,源内歯科クリニック,青森市富田一丁目２６－１,017-766-4188,柿﨑　実,柿﨑　実,歯　小歯　矯歯　歯外,,昭58. 5. 15,shika
歯科,02,0131989,若井歯科医院,青森市小柳三丁目１５－８,017-741-1470,若井　浩,若井　浩,歯,,昭59. 8. 1,shika
歯科,02,0131997,今歯科医院,青森市旭町一丁目１５－８,017-777-2146,今　恒男,今　恒男,歯,,昭59. 8. 1,shika
歯科,02,0132029,カタヤ歯科医院,青森市合浦一丁目１４－１２,0177-43-6464,片谷　昌平,片谷　昌平,歯　小歯,,昭60. 5. 1,shika
歯科,02,0132110,対馬歯科医院,青森市八重田四丁目１－１３,0177-36-2355,対馬　正之,対馬　正之,歯,,昭61. 8. 15,shika
歯科,02,0132151,北川歯科医院,青森市筒井四丁目５番１７号,017-738-8188,北川　隆史,北川　隆史,歯,,昭62. 7. 1,shika
歯科,02,0132201,むらかみ歯科クリニック,青森市金沢三丁目３０－２３,017-777-8244,村上　公克,村上　公克,歯,,昭62. 8. 15,shika
歯科,02,0132219,小林歯科クリニック,青森市青葉一丁目１－１８,0177-39-9963,小林　敏彦,小林　敏彦,歯,,昭62. 8. 15,shika
歯科,02,0132268,長谷川歯科医院,青森市奥野三丁目１２－９,0177-74-3268,長谷川　光昭,長谷川　光昭,歯,,昭63. 7. 11,shika
歯科,02,0132284,江良歯科,青森市中央一丁目１７－１３,0177-22-8828,江良　好光,江良　好光,歯,,昭63. 9. 15,shika
歯科,02,0132326,むらた歯科医院,青森市岡造道二丁目３－１８,0177-41-8880,村田　裕明,村田　裕明,歯,,平元. 7. 15,shika
歯科,02,0132334,桜庭歯科医院,青森市青葉二丁目１０－２,017-739-7575,櫻庭　裕,櫻庭　裕,歯,,平元. 8. 1,shika
歯科,02,0132342,成田歯科矯正歯科医院,青森市堤町二丁目２１－７,0177-22-8214,成田　昌穂,成田　昌穂,歯　矯歯,,平元. 8. 1,shika
歯科,02,0132383,ホワイト歯科医院,青森市佃一丁目２０－１０,0177-41-8855,鈴木　波香,鈴木　波香,歯　小歯,,平元. 12. 15,shika
歯科,02,0132409,おきだて歯科クリニック,青森市沖館五丁目２０－１１,017-766-2322,喜田　眞司,喜田　眞司,歯,,平2. 2. 1,shika
歯科,02,0132458,ヤマダ歯科矯正歯科クリニック,青森市大字浜田字玉川２４４－４,0177-39-1112,山田　淳一,山田　淳一,歯　矯歯,,平3. 6. 1,shika
歯科,02,0132516,奥瀬歯科医院,青森市新町一丁目１２－５,0177-22-4703,奥瀬　博之,奥瀬　博之,歯,,平3. 7. 17,shika
歯科,02,0132540,医療法人ミナトヤ歯科医院,青森市桂木四丁目４－１０,017-723-3077,医療法人　ミナトヤ歯科医院　理事長　湊谷　浩,湊谷　浩,歯　小歯,,平3. 8. 1,shika
歯科,02,0132557,よしかわ歯科医院,青森市大字筒井字八ッ橋１３８２－２２,017-728-2530,吉川　哲也,吉川　哲也,歯　小歯,,平3. 9. 15,shika
歯科,02,0132565,まつもと歯科医院,青森市中佃一丁目１７－７,017-741-6480,松本　靖宏,松本　靖宏,歯　小歯,,平3. 10. 1,shika
歯科,02,0132599,さかがみ歯科クリニック,青森市小柳六丁目１８－３,0177-43-8110,坂上　雅彦,坂上　雅彦,歯,,平4. 3. 15,shika
歯科,02,0132607,竹浪歯科医院,青森市幸畑一丁目２０－１５,0177-28-2811,竹浪　守夫,竹浪　守夫,歯,,平4. 4. 1,shika
歯科,02,0132615,米澤デンタルクリニック,青森市大字浪館字泉川２２－４,0177-29-1234,米澤　貴幸,米澤　貴幸,歯　矯歯　小歯,,平4. 6. 1,shika
歯科,02,0132656,かわさき歯科医院,青森市造道三丁目２４－２,0177-43-1008,川崎　恒俊,川崎　恒俊,歯,,平4. 7. 15,shika
歯科,02,0132664,牧歯科医院,青森市古川一丁目１６－１１丸吉ビル２Ｆ,0177-75-8881,牧　和宏,牧　和宏,歯,,平4. 8. 1,shika
歯科,02,0132672,フラワー歯科医院,青森市緑三丁目４－２１,017-723-8898,三浦　雅文,三浦　雅文,歯,,平4. 10. 1,shika
歯科,02,0132698,せき歯科クリニック,青森市幸畑一丁目２２－１０,017-738-8148,関　真人,関　真人,歯　矯歯　小歯,,平5. 4. 15,shika
歯科,02,0132748,かきざき歯科クリニック,青森市大字新城字平岡１７４－１０,0177-87-3210,柿崎　慶太,柿崎　慶太,歯,,平6. 3. 1,shika
歯科,02,0132771,長内歯科医院,青森市本町一丁目７－１,0177-76-3404,長内　幸一,長内　幸一,歯,,平7. 6. 21,shika
歯科,02,0132797,えらデンタルクリニック,青森市自由ヶ丘二丁目７－２６,0177-44-1081,江良　安弘,江良　安弘,歯,,平7. 10. 15,shika
歯科,02,0132839,あさだ歯科医院,青森市浜館四丁目５－１８,0177-44-2908,浅田　智,浅田　智,歯　小歯,,平9. 4. 15,shika
歯科,02,0132888,三和会歯科クリニック,青森市大字三内字稲元１２２－２,017-766-1231,医療法人　三和会　理事長　奥平　泰士,奥平　泰士,歯　矯歯　小歯,,平9. 10. 1,shika
歯科,02,0132896,千歳歯科医院,青森市勝田二丁目３－１０,017-777-1000,千歳　潤,千歳　潤,歯,,平9. 11. 15,shika
歯科,02,0132920,スマイルの歯科クリニック,青森市沖館四丁目２－４７,0177-83-3988,藤巻　恵美,藤巻　恵美,歯　小歯,,平10. 1. 15,shika
歯科,02,0132938,ふじもと歯科医院,青森市大字荒川字柴田１５－２,017-762-2030,藤本　聖司,藤本　聖司,歯　小歯　歯外,,平10. 4. 15,shika
歯科,02,0132953,つくだ歯科クリニック,青森市南佃二丁目１６－１２,0177-42-9148,田村　文人,田村　文人,歯　小歯,,平10. 10. 1,shika
歯科,02,0133001,柳谷歯科医院,青森市青葉三丁目１－９,017-739-1766,医療法人　柳谷歯科医院　理事長　工藤　仁志,工　仁志,歯　矯歯　小歯　歯外,,平11. 6. 1,shika
歯科,02,0133019,たきや歯科医院,青森市花園二丁目２１－１,0177-42-0939,滝谷　英三,滝谷　英三,歯,,平11. 9. 1,shika
歯科,02,0133043,とき歯科,青森市原別五丁目９番１号,017-736-1515,土岐　貴,土岐　貴,歯　小歯　歯外　矯歯,,平12. 4. 1,shika
歯科,02,0133050,サクラヰ歯科医院,青森市長島二丁目２５－４サクラヰビル　２階,017-775-3951,櫻井　省一,櫻井　省一,歯,,平12. 5. 15,shika
歯科,02,0133084,たかや歯科クリニック,青森市浜田二丁目１５番地１８,017-729-8110,高谷　和彦,高谷　和彦,歯,,平12. 10. 15,shika
歯科,02,0133118,熊谷歯科医院,青森市堤町二丁目２１－１,017-734-0686,熊谷　拓,熊谷　拓,歯,,平12. 11. 15,shika
歯科,02,0133126,アイル浜中歯科クリニック,青森市大字大矢沢字里見８８－１１,017-728-2240,濵中　東夫,濵中　東夫,歯　小歯　歯外,,平13. 4. 1,shika
歯科,02,0133134,おりかさ歯科クリニック,青森市三好一丁目１３－７,017-761-5533,折笠　和俊,折笠　和俊,歯　小歯,,平13. 7. 15,shika
歯科,02,0133142,大澤歯科医院,青森市大字羽白字沢田４４－８,017-788-1411,大澤　公生,大澤　公生,歯,,平13. 8. 15,shika
歯科,02,0133217,ジョイフル歯科クリニック,青森市富田三丁目１５番１８号,017-782-8041,医療法人社団　八雲会　理事長　大越　聡一郎,葛西　真紀子,歯　矯歯　小歯　歯外,,平14. 6. 1,shika
歯科,02,0133225,對馬歯科医院,青森市新町一丁目８－２４,017-722-5466,對馬　壽夫,對馬　壽夫,歯　矯歯　小歯,,平14. 5. 18,shika
歯科,02,0133282,てつや歯科クリニック,青森市桜川８丁目６－１０,017-765-3655,船水　哲也,船水　哲也,歯,,平15. 9. 1,shika
歯科,02,0133308,ダイヤ歯科クリニック,青森市大野字山下１７１－１７,017-739-6874,石田　大也,石田　大也,歯,,平15. 11. 1,shika
歯科,02,0133324,神田歯科医院,青森市浪館前田四丁目２－１４,017-782-8359,神田　尚典,神田　尚典,歯,,平15. 12. 1,shika
歯科,02,0133365,村田歯科医院,青森市栄町一丁目１１－６,017-743-1600,村田　浩伸,村田　浩伸,歯,,平16. 4. 1,shika
歯科,02,0133373,いちかわ歯科クリニック,青森市里見一丁目１３－３３,017-761-1107,市川　真弓,市川　真弓,歯　小歯　歯外,,平16. 5. 1,shika
歯科,02,0133381,医療法人　愛和会　桜川歯科医院,青森市桜川三丁目１４－１７,017-743-6881,医療法人　愛和会　桜川歯科医院　理事長　石川　佳和,石川　佳和,歯　小歯,,平16. 4. 14,shika
歯科,02,0133407,オリーブこども歯科,青森市安方２丁目３－１６－２Ｆ,017-773-1861,秋谷　久美子,秋谷　久美子,小歯,,平16. 8. 1,shika
歯科,02,0133423,せきの歯科医院,青森市横内字亀井５９－３,017-764-4181,関野　雄三,関野　雄三,歯　小歯,,平16. 12. 1,shika
歯科,02,0133431,船越歯科医院,青森市栄町２丁目８－１８,017-743-0321,船越　陽介,船越　陽介,歯,,平17. 3. 1,shika
歯科,02,0133456,笹森歯科医院,青森市浪岡大字浪岡字川合８１－１１,0172-62-7227,笹森　大資,笹森　大資,歯,,平11. 9. 1,shika
歯科,02,0133464,赤川斎藤歯科医院,青森市浪岡大字浪岡字平野２６－４,0172-62-8600,斎藤　芳光,斎藤　芳光,歯,,平12. 11. 1,shika
歯科,02,0133472,東町歯科医院,青森市浪岡大字女鹿沢字東種本１４－７,080-3333-0649,佐藤　広治,佐藤　広治,歯　矯歯　小歯,,平17. 1. 1,shika
歯科,02,0133480,かとう歯科医院,青森市浪岡大字浪岡字細田２０２－３,0172-62-6480,医療法人　藤伸会　理事長　加藤　伸生,加藤　伸生,歯　矯歯　小歯,,平16. 2. 1,shika
歯科,02,0133548,阿部歯科医院,青森市栄町２－２－１８,017-741-6266,阿部　真己,阿部　真己,歯　小歯　歯外,,平17. 8. 19,shika
歯科,02,0133555,やまもと歯科,青森市大字浜田字玉川２７－４,017-721-5230,山本　明義,山本　明義,歯,,平18. 9. 1,shika
歯科,02,0133563,塩崎歯科医院,青森市桜川５－２－１１,017-741-3338,塩崎　裕史,塩崎　裕史,歯,,平18. 12. 1,shika
歯科,02,0133589,なみおか歯科矯正こども歯科,青森市浪岡大字浪岡字稲村１５７－２０,0172-62-8618,柿﨑　實,柿﨑　毅,歯　矯歯　小歯,,平19. 10. 1,shika
歯科,02,0133597,ＪＵＮ　Ｄｅｎｔａｌ　Ｃｌｉｎｉｃ,青森市奥野２丁目２０－１３,017-773-6680,荒関　潤,荒関　潤,歯　矯歯　小歯　歯外,,平19. 11. 1,shika
歯科,02,0133605,のぎわデンタルクリニック,青森市大字羽白字沢田３００番４号,017-788-4182,神山　陽介,神山　陽介,歯,,平19. 11. 1,shika
歯科,02,0133613,桜田歯科医院,青森市野尻今田１１番地,017-738-7511,櫻田　聡彦,櫻田　聡彦,歯,,平20. 1. 1,shika
歯科,02,0133621,工藤歯科医院,青森市長島４－１１－１,017-776-7756,工藤　浩幸,工藤　浩幸,歯,,平20. 3. 18,shika
歯科,02,0133639,たきさわ歯科クリニック,青森市大字油川字浪岸３番地,017-787-1515,滝沢　江太郎,滝沢　江太郎,歯　小歯,,平20. 9. 1,shika
歯科,02,0133647,大空歯科クリニック,青森市浪館前田四丁目２９－２０,,楠美　昭則,楠美　昭則,歯　小歯　歯外,,平20. 11. 1,shika
歯科,02,0133654,青葉歯科医院,青森市里見１－８－３６,017-782-1378,玉山　元淳,玉山　元淳,歯,,平21. 2. 1,shika
歯科,02,0133670,熊谷歯科,青森市古川三丁目１７－１,017-776-5124,熊谷　恒,熊谷　恒,歯,,平21. 7. 15,shika
歯科,02,0133688,むつ歯科医院,青森市金沢３－１１－１５,017-777-1840,舘田　朝香,舘田　朝香,歯　矯歯　小歯,,平21. 9. 1,shika
歯科,02,0133696,医療法人ティー・エム・ケー　ミドリ　デンタル　クリニック,青森市緑２丁目１３－１４,017-777-3232,医療法人ティー・エム・ケー　理事長　工藤　剛大,工藤　剛大,歯　矯歯　小歯,,平22. 5. 1,shika
歯科,02,0133712,鈴木歯科医院,青森市篠田２丁目２１－７,017-781-0032,鈴木　逸夫,鈴木　逸夫,歯　小歯,,平22. 7. 5,shika
歯科,02,0133738,Ｋｏｊｉ　Ｄｅｎｔａｌ　Ｃｌｉｎｉｃ,青森市花園１丁目５番１１号,017-741-2100,関　浩二,関　浩二,歯　歯外,,平22. 11. 1,shika
歯科,02,0133746,ようこデンタルクリニック,青森市筒井４－２－４６,017-728-0486,一戸　洋子,一戸　洋子,歯　小歯,,平23. 4. 1,shika
歯科,02,0133753,医療法人　美歯会　板垣矯正歯科　青森診療室,青森市古川一丁目１１番１３号,017-777-6600,医療法人　美歯会　理事長　板垣　正樹,板垣　祐介,矯歯,,平23. 4. 8,shika
歯科,02,0133761,よこうち歯科,青森市羽白字富田３３１－１,017-763-2121,横内　大,横内　大,歯　小歯,,平23. 8. 1,shika
歯科,02,0133779,本田歯科医院,青森市中央１丁目５－８,017-773-5110,本田　宗一郎,本田　宗一郎,歯　小歯　歯外,,平24. 3. 1,shika
歯科,02,0133795,とやま歯科医院,青森市蛍沢三丁目１３番８号,017-762-7275,医療法人福成会　理事長　菊地　寛司,二ノ倉　輝子,歯　矯歯　小歯　歯外,,平25. 5. 1,shika
歯科,02,0133829,三戸歯科クリニック,青森市浪館前田４－１２－１３,017-763-5218,三戸　敬之,三戸　敬之,歯　小歯　矯歯,,平25. 11. 1,shika
歯科,02,0133837,Ｓ　ＤＥＮＴＡＬ　ＣＬＩＮＩＣ　佐藤歯科,青森市篠田３丁目２－１３,017-763-5418,佐藤　徳志,佐藤　徳志,歯　矯歯　小歯　歯外,,平26. 4. 1,shika
歯科,02,0133860,北畠歯科医院,青森市大字石江字江渡４番地－１０マンションブルク石江１階,017-763-0677,北畠　顕良,北畠　顕良,歯　歯外　小歯,,平26. 12. 1,shika
歯科,02,0133886,東青森駅前　まがら歯科,青森市南佃１丁目４－１６,017-741-1180,真柄　優子,真柄　優子,歯　小歯,,平27. 10. 1,shika
歯科,02,0133894,西巻デンタルオフィス青森,青森市長島１丁目６番６号クロスタワー　ア・ベイ３０２,017-721-6166,医療法人社団　秀仁会　理事長　西巻　仁,鈴木　麗,歯　小歯　歯外　矯歯,,平27. 12. 1,shika
歯科,02,0133910,ミント歯科クリニック,青森市東大野１丁目６番地１０,017-739-9755,医療法人　ミント歯科クリニック　理事長　髙屋　方子,髙屋　方子,歯　矯歯　小歯,,平28. 1. 1,shika
歯科,02,0133928,堀内歯科医院,青森市中央一丁目２７－１,017-734-1707,堀内　逹也,堀内　逹也,歯,,平27. 12. 26,shika
歯科,02,0133944,たかはし歯科クリニック,青森市古川３丁目１４番６号,017-775-0077,医療法人たかはし歯科クリニック　理事長　髙橋　徹,高橋　徹,歯,,平28. 10. 27,shika
歯科,02,0133951,さとう歯科,青森市久須志３－２－１３,017-774-3223,佐藤　崇人,佐藤　崇人,歯　小歯　歯外,,平29. 3. 1,shika
歯科,02,0133977,訪問歯科クリニック　こすもす,青森市大字野尻字今田９８－１,017-752-7084,古枝　和也,古枝　和也,歯　歯外,,平29. 10. 2,shika
歯科,02,0133985,平井歯科医院,青森市浪岡大字浪岡字若松１６番地２,0172-62-2685,平井　新栄,平井　新栄,歯　小歯,,平30. 1. 5,shika
歯科,02,0134009,石江歯科クリニック,青森市大字石江字江渡１８番地２,017-766-1515,医療法人平青会　理事長　田中　純一,福士　智之,歯　矯歯　小歯,,平30. 5. 1,shika
歯科,02,0134017,渡辺歯科クリニック,青森市大野前田６７－３１,017-764-6474,渡邊　洋平,渡邊　洋平,歯,,平30. 8. 1,shika
歯科,02,0134033,秋元歯科医院,青森市浪館前田４丁目９番３号,017-766-7000,秋元　宏太,秋元　宏太,歯　小歯　歯外,,平30. 8. 27,shika
歯科,02,0134041,こん歯科口腔外科クリニック,青森市西大野一丁目１５番地４,017-764-0071,今　敬生,今　敬生,歯外,,令元. 5. 7,shika
歯科,02,0134058,青森駅前歯科クリニック,青森市安方一丁目３番２５号　小田島ビル２Ｆ,017-773-2332,小田嶋　秀,小田嶋　秀,歯　小歯　矯歯　歯外,,令元. 6. 1,shika
歯科,02,0134066,かよ歯科,青森市大字浜田字玉川２１７番地２６,017-739-8241,小嶋　香世,小嶋　香世,歯　小歯,,令2. 2. 1,shika
歯科,02,0134074,あおばアップル歯科クリニック,青森市青葉一丁目２番２６号,017-752-8217,医療法人社団康勇会　理事長　鈴木　康太,鈴木　康太,歯　歯外　小歯　矯歯,,令2. 1. 9,shika
歯科,02,0134108,新城ミナトヤ歯科医院,青森市新城字山田１１番地１,017-788-8148,澤田　剛光,澤田　剛光,歯　歯外,,令2. 4. 1,shika
歯科,02,0134116,東ミナトヤ歯科医院,青森市浜館字見取１５番地１,017-718-0453,医療法人ＣｏｆＩ　理事長　滝沢　仙太郎,滝沢　仙太郎,歯　小歯,,令4. 5. 1,shika
歯科,02,0134124,ＴＯＭ　ＭＩＮＡＴＯＹＡ　ｄｅｎｔａｌ　ｃｌｉｎｉｃ,青森市新町１丁目７番１号ＴＨＲＥＥ　４０４,017-752-0148,湊谷　勤,湊谷　勤,歯　小歯　歯外,,令5. 6. 1,shika
歯科,02,0134132,やまうち歯科医院,青森市大字大野字前田７４番地９３,017-729-0788,医療法人　山内会　理事長　山内　博,山内　博仁,歯　小歯　歯外,,令6. 1. 1,shika
歯科,02,0134140,長内歯科医院,青森市古川１丁目１８番１号,017-722-3760,長内　彩子,長内　彩子,歯,,令6. 1. 1,shika
歯科,02,0134165,白取歯科医院,青森市平新田字森越１２－３１,017-726-0188,白取　佑智,白取　佑智,歯,,令6. 1. 1,shika
歯科,02,0134173,清水デンタルクリニック,青森市花園２丁目５番地１１号,017-762-7651,金　済子,金　済子,歯　小歯　歯外,,令6. 7. 1,shika
歯科,02,0134181,こまい歯科クリニック,青森市松原２丁目７番９号,017-773-3510,駒井　光貴,駒井　光貴,歯　小歯　矯歯,,令6. 9. 1,shika
歯科,02,0134199,阿保歯科,青森市長島１丁目３番１７号阿保歯科ビル２階,017-722-3686,阿保　久子,阿保　久子,歯,,令7. 8. 23,shika
歯科,02,0134207,こやなぎ通りミカ歯科クリニック,青森市はまなす２－１８－１６,017-726-2277,清原　美夏,清原　美夏,歯　小歯　矯歯,,令8. 2. 1,shika
歯科,02,0134215,清藤歯科医院中央診療所,青森市中央一丁目２１番２号,017-735-3401,亀谷　琢也,亀谷　琢也,歯　矯歯　小歯,,令8. 3. 4,shika
歯科,02,0231532,第一歯科クリニック,弘前市大字城東中央三丁目１－２５,0172-27-7706,相田　治一,相田　治一,歯,,昭59. 3. 15,shika
歯科,02,0231615,笹村歯科医院,弘前市大字城東中央四丁目３－３１,0172-28-0797,笹村　秀隆,笹村　秀隆,歯　矯歯　小歯　歯外,,昭60. 5. 15,shika
歯科,02,0231656,楠美歯科クリニック,弘前市大字中野二丁目６－２１,0172-34-1182,楠美　敏也,楠美　敏也,歯,,昭60. 8. 10,shika
歯科,02,0231680,オリオン歯科クリニック,弘前市大字元寺町３５オリオン会館　１Ｆ,0172-33-0418,工藤　淳治,工藤　淳治,歯　矯歯　小歯,,昭61. 6. 1,shika
歯科,02,0231706,佐藤歯科医院,弘前市大字大浦町４,0172-36-0412,佐藤　孝治,佐藤　孝治,歯　矯歯　小歯　歯外,,昭61. 7. 15,shika
歯科,02,0231722,竹沢歯科クリニック,弘前市大字松原西三丁目１－１,0172-88-1717,竹澤　俊之,竹澤　俊之,歯　小,,昭61. 9. 15,shika
歯科,02,0231771,山崎歯科クリニック,弘前市大字宮川二丁目３－４,0172-36-8811,山崎　祐司,山崎　祐司,歯,,昭62. 7. 1,shika
歯科,02,0231797,秋元歯科クリニック,弘前市大字大開二丁目１－１２,0172-88-1513,秋元　啓志,秋元　啓志,歯,,昭62. 7. 15,shika
歯科,02,0231839,福原歯科医院,弘前市大字上鞘師町１２－３,0172-37-3535,福原　述夫,福原　述夫,歯,,昭63. 8. 1,shika
歯科,02,0231870,城西歯科クリニック,弘前市大字五十石町２,0172-33-6680,澁谷　哲司,澁谷　哲司,歯　矯歯　小歯,,平元. 6. 15,shika
歯科,02,0231896,平山歯科クリニック,弘前市大字宮園五丁目３５－３,0172-33-2247,平山　脩,平山　脩,歯,,平2. 2. 15,shika
歯科,02,0231953,医療法人　審美会　梅原歯科医院,弘前市大字土手町１２３－１,0172-32-7330,医療法人　審美会　理事長　梅原　一浩,梅原　一浩,歯　矯歯　小歯　歯外,,平2. 11. 1,shika
歯科,02,0231961,あべ歯科医院,弘前市大字青山三丁目８－１,0172-37-3737,医療法人　弘淳会　理事長　阿部　弘,阿部　弘,歯　矯歯　小歯,,平3. 8. 1,shika
歯科,02,0231987,第一ファミリー歯科,弘前市大字城東中央三丁目１０－１９,0172-28-1888,相田　惠子,相田　惠子,歯　小歯,,平4. 8. 15,shika
歯科,02,0231995,なかむら歯科医院,弘前市大字末広四丁目２－３,0172-26-0388,中村　亨,中村　亨,歯　矯歯　小歯,,平4. 9. 15,shika
歯科,02,0232001,亮友会　ふじた歯科医院,弘前市大字石渡四丁目１３－３,0172-37-3118,医療法人　亮友会　理事長　藤田　亮,藤田　亮,歯　小歯,,平5. 2. 1,shika
歯科,02,0232035,三和歯科クリニック,弘前市大字中野四丁目６－１０,0172-87-7070,三尾　和久,三尾　和久,歯　歯外　小歯　矯歯,,平5. 8. 1,shika
歯科,02,0232068,代官町クリニック　吉田歯科,弘前市大字代官町１０８,0172-38-4142,吉田　敏弘,吉田　敏弘,歯　小歯　歯外,,平6. 1. 1,shika
歯科,02,0232084,しろと歯科医院,弘前市大字川先一丁目２－１,0172-26-3999,白戸　裕,白戸　裕,歯　小歯,,平6. 5. 15,shika
歯科,02,0232092,さくらデンタルクリニック,弘前市大字城東北三丁目５－１２,0172-26-1188,清藤　浩之,清藤　浩之,歯　矯歯　小歯,,平6. 5. 15,shika
歯科,02,0232134,菊地歯科医院,弘前市大字中野一丁目１１－６,0172-32-7257,医療法人　福成会　理事長　菊地　寛司,菊地　寛司,歯　矯歯　小歯　歯外,,平7. 3. 1,shika
歯科,02,0232142,浜の町歯科クリニック,弘前市大字浜の町東三丁目３－５,0172-37-3566,玉山　公基,玉山　公基,歯　小歯,,平7. 7. 1,shika
歯科,02,0232159,たかち歯科小児歯科医院,弘前市大字向外瀬四丁目１４－１,0172-37-5533,高地　義孝,高地　義孝,歯　小歯　矯歯　歯外,,平7. 8. 15,shika
歯科,02,0232175,野村歯科医院,弘前市大字西川岸町１,0172-32-8695,野村　幸司,野村　幸司,歯　小歯,,平8. 2. 11,shika
歯科,02,0232183,副島歯科医院,弘前市大字稔町８－４,0172-38-7272,副島　邦雄,副島　邦雄,歯,,平8. 7. 15,shika
歯科,02,0232209,清歯科医院,弘前市大字青山五丁目２７－１,0172-37-8020,清　達児,清　達児,歯,,平8. 10. 15,shika
歯科,02,0232217,鳴海デンタルクリニック,弘前市大字城東中央三丁目１０－１３,0172-26-2301,鳴海　巖,鳴海　巖,歯　小歯,,平8. 10. 15,shika
歯科,02,0232225,ほくおう・歯科医院,弘前市大字北横町４２,0172-33-4618,横山　聡,横山　聡,歯　小歯,,平8. 11. 1,shika
歯科,02,0232241,松野歯科医院,弘前市大字上瓦ヶ町５,0172-37-8148,松野　栄史,松野　栄史,歯　小歯,,平8. 11. 15,shika
歯科,02,0232266,関歯科医院,弘前市大字和泉一丁目４－７,0172-26-2789,関　豊,関　豊,歯　小歯　歯外　矯歯,,平9. 4. 15,shika
歯科,02,0232399,弘南歯科医院,弘前市大字川先四丁目１２－２４,0172-26-0888,医療法人　エフエムエー　理事長　小田桐　龍一,小田桐　龍一,歯　矯歯　小歯,,平11. 2. 1,shika
歯科,02,0232407,やがわ歯科医院,弘前市大字城西四丁目１－１３,0172-39-6400,矢川　智之,矢川　智之,歯　矯歯　小歯,,平11. 4. 15,shika
歯科,02,0232456,毛内歯科医院,弘前市大字田園四丁目１２番地２１,0172-29-2332,毛内　詳雄,毛内　詳雄,歯　小歯,,平12. 5. 1,shika
歯科,02,0232464,ひまわり歯科クリニック,弘前市大字早稲田二丁目１２番地１４,0172-29-3738,毛内　裕文,毛内　裕文,歯　小歯,,平12. 10. 1,shika
歯科,02,0232506,かなもり歯科,弘前市中野五丁目１２－２７,0172-89-1550,金森　栄治,金森　栄治,歯　小歯,,平13. 7. 15,shika
歯科,02,0232514,大町歯科医院,弘前市大町三丁目１０－４,0172-31-7275,三浦　透,三浦　透,歯,,平13. 10. 1,shika
歯科,02,0232522,工藤歯科医院,弘前市大字石川字家岸１０－６,0172-92-2330,角倉　紳,角倉　紳,歯　小歯　歯外,,平14. 2. 17,shika
歯科,02,0232548,Ｉ歯科,弘前市富士見町７－１,0172-32-8511,稲見　健一郎,稲見　健一郎,歯,,平15. 5. 1,shika
歯科,02,0232571,矯正歯科じん歯科クリニック,弘前市大町二丁目１０－３,0172-37-1182,神　智昭,神　智昭,矯歯　歯　歯外　小歯,,平15. 11. 15,shika
歯科,02,0232589,いちむら歯科医院,弘前市取上二丁目１６－２,0172-31-0756,市村　暢康,市村　暢康,歯　小歯,,平16. 4. 1,shika
歯科,02,0232597,明本歯科医院,弘前市大町三丁目４－９,0172-35-4774,明本　康伸,明本　康伸,歯　小歯　歯外　矯歯,,平16. 4. 1,shika
歯科,02,0232605,くどう歯科,弘前市茂森町１２１,0172-31-0120,工藤　友寿,工藤　友寿,歯　小歯　歯外,,平16. 9. 1,shika
歯科,02,0232621,やぎはしファミリー歯科,弘前市富田町３４,0172-36-4180,八木橋　靖子,八木橋　靖子,歯　矯歯　小歯　歯外,,平17. 3. 1,shika
歯科,02,0232647,ふくい歯科口腔外科クリニック,弘前市松原西１－１４－１９,0172-87-6202,福井　朗,福井　朗,歯　歯外,,平17. 5. 1,shika
歯科,02,0232654,玉山歯科医院,弘前市駒越町２２－１,0172-34-2318,玉山　詩技子,玉山　詩技子,歯　小歯,,平17. 8. 1,shika
歯科,02,0232688,ソレイユ歯科医院,弘前市新町１６２－３,0172-39-7303,伊澤　裕紀子,伊澤　裕紀子,歯　小歯　歯外,,平17. 12. 1,shika
歯科,02,0232704,佐藤歯科診療所,弘前市大字賀田字大浦８１－１１,0172-82-3032,佐藤　正治,佐藤　正治,歯,,平17. 10. 3,shika
歯科,02,0232720,医療法人仙知会　小泉歯科医院,弘前市大字高屋字本宮４８０－４,0172-82-3232,医療法人　仙知会　理事長　大塚　勝幸,大塚　景子,歯　小歯　歯外,,平12. 10. 1,shika
歯科,02,0232746,梅村歯科クリニック,弘前市石渡１－１－３,0172-32-7311,梅村　英之,梅村　英之,歯,,平18. 8. 1,shika
歯科,02,0232761,中畑歯科診療所,弘前市山道町１４－３,0172-32-6650,中畑　範彦,中畑　範彦,歯　矯歯,,平19. 2. 13,shika
歯科,02,0232779,田口矯正歯科,弘前市徳田町３６,0172-39-4184,田口　大,田口　大,矯歯,,平19. 5. 1,shika
歯科,02,0232803,渡辺歯科医院,弘前市大字茂森町４２－１,0172-32-5800,渡邊　康一,渡邊　康一,歯,,平21. 5. 5,shika
歯科,02,0232811,石岡歯科医院,弘前市松森町７５－１,0172-32-1078,石岡　隆弘,石岡　隆弘,歯　小歯　歯外,,平21. 6. 1,shika
歯科,02,0232829,杉山歯科クリニック,弘前市泉野２丁目１８－６,0172-55-0811,杉山　知樹,杉山　知樹,歯　小歯　歯外,,平21. 11. 1,shika
歯科,02,0232845,久米田歯科医院,弘前市神田５－７－１,0172-33-5531,久米田　俊子,久米田　俊子,歯,,平23. 5. 1,shika
歯科,02,0232852,くるみ歯科,弘前市末広１－３－１,0172-55-8260,吉田　千里,吉田　千里,歯,,平24. 6. 1,shika
歯科,02,0232878,あかね歯科クリニック,弘前市城西４－７－８,0172-55-8677,石上　潤一郎,石上　潤一郎,歯　小歯　歯外,,平24. 7. 1,shika
歯科,02,0232910,弘前インター歯科クリニック,弘前市大字石川字平岡１５７－１,0172-55-8214,小山　方子,小山　方子,歯　矯歯　小歯　歯外,,平25. 7. 1,shika
歯科,02,0232951,ひかり歯科医院,弘前市大字大久保字西田１０５－２７,0172-55-5525,阿蘇　龍治,阿蘇　龍治,歯　小歯,,平26. 6. 1,shika
歯科,02,0232969,百石町デンタルクリニック,弘前市大字百石町３３番地,0172-55-6480,澤田　健,澤田　健,歯　小歯,,平27. 5. 1,shika
歯科,02,0232977,弘前歯科中央クリニック,弘前市大字城東三丁目６番地１,0172-26-1511,髙島　真也,髙島　真也,歯　歯外　矯歯　小歯,,平27. 7. 1,shika
歯科,02,0232985,よりみつ歯科クリニック,弘前市大字南城西２丁目５－３,0172-88-6402,依光　高志,依光　高志,歯　歯外,,平27. 9. 1,shika
歯科,02,0232993,スクエア歯科,弘前市大字富田三丁目１０番地２１,0172-39-4180,医療法人雄志会　理事長　佐藤　雄大,佐藤　雄大,歯　矯歯　小歯　歯外,,平27. 12. 8,shika
歯科,02,0233009,くりの木デンタルクリニック,弘前市大字新町８９－１,0172-88-7676,市村　誠子,市村　誠子,歯　小歯,,平28. 1. 1,shika
歯科,02,0233017,医療法人　あおば歯科医院,弘前市桔梗野四丁目９番地２６,0172-31-3343,医療法人あおば歯科医院　理事長　渡辺健一,渡辺　健一,歯　小歯　歯外,,平28. 2. 25,shika
歯科,02,0233033,あまない歯科医院,弘前市大字神田一丁目８－３,0172-88-6400,天内　孝昌,天内　孝昌,歯　歯外　小歯,,平28. 6. 1,shika
歯科,02,0233041,遠藤歯科,弘前市大字代官町７５番地１,0172-36-5560,医療法人寛心会　理事長　遠藤　寛,遠藤　寛,歯　矯歯　小歯　歯外,,平29. 2. 1,shika
歯科,02,0233058,松枝歯科医院,弘前市大字下白銀町１５番地４号,0172-35-2157,松枝　卓之,松枝　卓之,歯　小歯　矯歯,,平29. 7. 1,shika
歯科,02,0233074,波多野歯科医院,弘前市大字徳田町５,0172-32-2861,波多野　祐一,波多野　祐一,歯　小歯,,平30. 5. 1,shika
歯科,02,0233082,沢田歯科クリニック,弘前市茂森新町１丁目７－６,0172-26-7176,澤田　祐也,澤田　祐也,歯　小歯　歯外,,平30. 10. 1,shika
歯科,02,0233108,デンタルオフィスよしだ,弘前市早稲田３－６－９,0172-26-2525,医療法人ａｐｐｌｅｓｍｉｌｅ　理事長　吉田　昭文,吉田　昭文,歯　小歯　歯外,,平30. 10. 1,shika
歯科,02,0233116,松山歯科医院,弘前市富田三丁目１－１１,0172-33-2020,松山　貴紀,松山　貴紀,歯,,令元. 8. 1,shika
歯科,02,0233124,やまざき歯科医院,弘前市大字大清水四丁目１０番地１０,0172-39-6666,医療法人大優会　理事長　山崎　尚之,山崎　尚之,歯　歯外　小歯　矯歯,,令2. 2. 1,shika
歯科,02,0233132,柴田歯科医院,青森県弘前市賀田１丁目２０－２,0172-82-5322,柴田　知佳,柴田　知佳,歯　小歯　歯外,,令2. 9. 1,shika
歯科,02,0233140,青い森デンタルクリニック,弘前市高田五丁目３番３,0172-88-8484,石川　寛夫,石川　寛夫,歯　小歯　歯外,,令4. 7. 4,shika
歯科,02,0233157,そうた歯科クリニック,弘前市豊原１－４－１,0172-26-6085,相田　治希,相田　治希,歯　歯外,,令5. 4. 1,shika
歯科,02,0233165,桔梗野歯科,弘前市桔梗野二丁目５番地２３,0172-35-8177,佐藤　匠悟,佐藤　匠悟,歯　小歯　矯歯,,令6. 3. 1,shika
歯科,02,0233173,ＳＡＩデンタルクリニック,弘前市中野２－２－２,0172-40-2035,齋藤　道太,齋藤　道太,歯　小歯　歯外,,令7. 5. 1,shika
歯科,02,0233181,ＳＡＳＡＭＵＲＡ　ＤＥＮＴＡＬ　ＣＬＩＮＩＣ,弘前市八幡町１－８－１,0172-55-9151,笹村　祐杜,笹村　祐杜,歯　歯外　矯歯,,令7. 6. 1,shika
歯科,02,0233199,夏桜デンタルクリニック,弘前市城東北三丁目１０番１号さくら野百貨店弘前店４階,0172-88-9648,医療法人優歯会　理事長　工藤　東,工藤　美保,歯,,令8. 6. 1,shika
歯科,02,0330912,よしだ歯科医院,八戸市大字湊町字柳町１－２,0178-33-6012,吉田　雪枝,吉田　雪枝,歯　矯歯,,昭47. 4. 15,shika
歯科,02,0331449,近藤歯科医院,八戸市柏崎五丁目７－１２,0178-45-6789,医療法人　藤和会　理事長　近藤　俊子,近藤　俊子,歯,,昭56. 6. 17,shika
歯科,02,0331456,はこいし歯科医院,八戸市売市三丁目２番１６号,0178-45-8115,箱石　裕,箱石　裕,歯,,昭56. 10. 1,shika
歯科,02,0331480,丸谷歯科医院,八戸市大字湊町字久保４４－２６,0178-34-3355,丸谷　善一,丸谷　善一,歯,,昭57. 4. 1,shika
歯科,02,0331548,畑山歯科クリニック,八戸市長者一丁目１－６,0178-46-1530,畑山　洋司,畑山　洋司,歯　歯外,,昭57. 10. 15,shika
歯科,02,0331571,中村歯科医院,八戸市小中野二丁目１－９,0178-22-1759,中村　雅愉,中村　雅愉,歯,,昭58. 4. 1,shika
歯科,02,0331597,柏崎歯科医院,八戸市下長四丁目５－１９,0178-28-8148,柏崎　秀一,柏崎　秀一,歯,,昭58. 9. 1,shika
歯科,02,0331670,川野歯科医院,八戸市旭ヶ丘五丁目１－１９,0178-25-0662,川野　庸子,川野　庸子,歯,,昭60. 5. 15,shika
歯科,02,0331688,かが歯科医院,八戸市一番町二丁目１－２,0178-23-3902,加賀　俊樹,加賀　俊樹,歯　小歯,,昭60. 6. 15,shika
歯科,02,0331738,大下歯科クリニック,八戸市大字尻内町字八百刈２３－７,0178-23-3898,大下　雄彦,大下　雄彦,歯,,昭61. 9. 15,shika
歯科,02,0331746,栗田歯科医院,八戸市湊高台四丁目２－１５,0178-34-2170,栗田　優男,栗田　優男,歯,,昭62. 4. 1,shika
歯科,02,0331761,米沢歯科医院,八戸市白銀台四丁目１－２０,0178-34-2328,米沢　誠,米沢　誠,歯　小歯　歯外,,昭62. 6. 15,shika
歯科,02,0331779,山本歯科医院,八戸市大字沢里字二ツ屋３－１２,0178-44-7560,山本　仁,山本　仁,歯,,昭62. 10. 1,shika
歯科,02,0331811,医療法人　明誠会　古川歯科医院,八戸市小中野五丁目１１－３,0178-22-2882,医療法人　明誠会　理事長　古川　明,古川　明,歯,,昭63. 6. 1,shika
歯科,02,0331845,くまさか歯科,八戸市石堂一丁目２７－１３,0178-28-2818,熊坂　覚,熊坂　覚,歯　矯歯　小歯　歯外,,昭63. 7. 15,shika
歯科,02,0331936,樋口歯科医院,八戸市城下三丁目１３－１５,0178-43-1000,樋口　裕晃,樋口　裕晃,歯,,平元. 8. 1,shika
歯科,02,0331993,八戸クリニック歯科八戸クリニック矯正歯科,八戸市柏崎一丁目８－３２,0178-22-6610,中野　享子,中野　享子,歯　矯歯,,平元. 10. 1,shika
歯科,02,0332041,やち歯科クリニック,八戸市諏訪三丁目１－２１,0178-22-8148,谷地　泰美,谷地　泰美,歯,,平2. 3. 1,shika
歯科,02,0332058,岩崎歯科クリニック,八戸市下長八丁目１１－８,0178-20-4411,岩崎　浩二郎,岩崎　浩二郎,歯,,平2. 4. 15,shika
歯科,02,0332074,音喜多歯科医院,八戸市吹上三丁目５－４,0178-46-0139,医療法人　音喜多歯科医院　理事長　音喜多　健,音喜多　健,歯,,平2. 9. 17,shika
歯科,02,0332140,宮沢歯科矯正歯科医院,八戸市大字番町３６－１,0178-24-6480,今宮　英貴,今宮　英貴,歯　矯歯,,平3. 9. 30,shika
歯科,02,0332157,石亀歯科まさる矯正歯科,八戸市大字廿三日町７,0178-45-6029,医療法人　一心会　理事長　石亀　照造,石亀　照造,歯　矯歯,,平3. 11. 1,shika
歯科,02,0332165,山口歯科医院,八戸市南類家二丁目２－９,0178-47-6770,山口　吉昭,山口　吉昭,歯,,平3. 12. 1,shika
歯科,02,0332181,しんどう歯科医院,八戸市長苗代二丁目１７－５,0178-29-0232,新藤　俊樹,新藤　俊樹,歯　矯歯　小歯,,平4. 4. 1,shika
歯科,02,0332207,青葉歯科クリニック,八戸市青葉三丁目４－１,0178-44-6480,鈴木　聡,鈴木　聡,歯　矯歯　小歯,,平4. 5. 15,shika
歯科,02,0332256,はたやま歯科医院,八戸市吹上六丁目５－１,0178-96-1331,畑山　和廣,畑山　和廣,歯,,平5. 4. 1,shika
歯科,02,0332272,遠藤歯科医院,八戸市大字新井田字水溜４－４,0178-35-5007,遠藤　昌,遠藤　昌,歯,,平6. 5. 1,shika
歯科,02,0332298,川村歯科医院,八戸市類家四丁目７－１,0178-44-8761,川村　昌司,川村　昌司,歯　小歯,,平6. 10. 3,shika
歯科,02,0332314,松川歯科,八戸市大字本徒士町８－６,0178-22-9486,松川　充,松川　充,歯　矯歯　小歯,,平7. 6. 1,shika
歯科,02,0332330,白山台歯科医院,八戸市北白山台三丁目４番１７号,0178-70-2003,新井田　進一,新井田　進一,歯　矯歯　小歯,,平8. 4. 1,shika
歯科,02,0332348,是川歯科クリニック,八戸市是川四丁目４－１,0178-96-6667,薄木　隆嗣,薄木　隆嗣,歯　矯歯　小歯,,平8. 4. 15,shika
歯科,02,0332363,伊藤歯科医院,八戸市青葉三丁目６－１３,0178-46-1465,伊藤　恵一,伊藤　恵一,歯　矯歯　小歯,,平8. 5. 1,shika
歯科,02,0332371,中村歯科クリニック,八戸市根城二丁目１３－１２,0178-41-1231,中村　英明,中村　英明,歯　矯歯　小歯,,平8. 10. 15,shika
歯科,02,0332397,白銀コスモ歯科医院,八戸市大字白銀町字小沼１１－３,0178-35-1182,清水　文雄,清水　文雄,歯　矯歯　小歯,,平9. 8. 1,shika
歯科,02,0332405,なかの矯正歯科クリニック,八戸市大字上徒士町２０－１,0178-72-1666,中野　錦吾,中野　錦吾,矯歯,,平9. 10. 1,shika
歯科,02,0332413,なかだて歯科医院,八戸市新井田西二丁目１４番１０号,0178-30-1182,中舘　大司,中舘　大司,歯　小歯,,平10. 9. 15,shika
歯科,02,0332454,くりはし歯科医院,八戸市東白山台二丁目２６番３号,0178-70-2525,栗橋　龍一,栗橋　龍一,歯　矯歯　小歯,,平11. 7. 15,shika
歯科,02,0332462,松舘歯科医院,八戸市新井田西三丁目１８番１０号,0178-25-0814,医療法人　萬松会　理事長　松舘　主憲,松舘　主憲,歯　小歯　歯外,,平11. 8. 1,shika
歯科,02,0332488,村上歯科医院,八戸市大字湊町字上中道１１－１３,0178-33-0706,医療法人　寿成会　理事長　村上　壽宏,村上　壽宏,歯,,平11. 12. 1,shika
歯科,02,0332538,ハーモニー歯科医院,八戸市南類家五丁目８－１２,0178-73-6250,滝沢　良子,滝沢　良子,歯　小歯,,平12. 10. 15,shika
歯科,02,0332579,ささき歯科,八戸市一番町二丁目１－５,0178-70-1211,佐々木　信,佐々木　信,歯　小歯,,平13. 12. 1,shika
歯科,02,0332611,ハローデンタルオフィス,八戸市諏訪一丁目１－９６,0178-73-6480,柄本　俊一,柄本　俊一,歯　小歯,,平14. 9. 15,shika
歯科,02,0332629,こんどうファミリー歯科,八戸市鮫町字小長根１２－１,0178-33-5555,医療法人　こんどうファミリー歯科　理事長　近藤　一也,近藤　一也,歯　矯歯　小歯,,平14. 9. 1,shika
歯科,02,0332645,大里歯科医院,八戸市長横町１６,0178-22-0310,大里　宏治,大里　宏治,歯　小歯　歯外,,平15. 2. 26,shika
歯科,02,0332652,いわぶち矯正歯科クリニック,八戸市白銀３－１４－７,0178-33-6480,岩淵　匡志,岩淵　匡志,歯　矯歯　小歯,,平15. 7. 15,shika
歯科,02,0332678,えと歯科医院,八戸市鳥屋部町１番地,0178-47-8117,鈴木　真理子,鈴木　真理子,歯　矯歯　小歯　歯外,,平15. 12. 1,shika
歯科,02,0332710,だいすけ歯科,八戸市湊高台４丁目１２－１４,0178-32-4682,白澤　大輔,白澤　大輔,歯　矯歯　小歯,,平17. 4. 1,shika
歯科,02,0332728,村上歯科,八戸市南郷大字島守字稲荷１－３,0178-83-2305,村上　ケイ子,村上　ケイ子,歯,,平12. 6. 15,shika
歯科,02,0332736,あこう歯科医院,八戸市南郷大字市野沢字市野沢３３－１,0178-82-2525,医療法人　恵心会　理事長　赤穂　和広,赤穂　和広,歯,,平16. 10. 1,shika
歯科,02,0332744,のぶデンタルクリニック,八戸市類家５－３８－１８,0178-71-3344,古館　暢之,古館　暢之,歯　小歯,,平17. 10. 1,shika
歯科,02,0332785,滝沢北村歯科医院,八戸市売市２－１－６,0178-47-3588,北村　靖,北村　靖,歯　矯歯　小歯,,平19. 5. 1,shika
歯科,02,0332801,こなかの歯科よしだ,八戸市小中野４－８－１２,0178-72-4182,吉田　光宏,吉田　光宏,歯　小歯,,平19. 6. 15,shika
歯科,02,0332827,医療法人　夏堀デンタルクリニック　城下診療所,八戸市城下１丁目１５－２８,0178-44-3737,医療法人　夏堀デンタルクリニック　理事長　夏堀　礼二,夏堀　礼二,歯　矯歯　小歯　歯外,,平20. 1. 1,shika
歯科,02,0332843,いしおかデンタルクリニック,八戸市三日町２４　石岡商事ビル２Ｆ,0178-20-0582,石岡　道久,石岡　道久,歯　矯歯　小歯　歯外,,平21. 8. 1,shika
歯科,02,0332850,兼田歯科クリニック,八戸市吹上３－３－５,0178-20-0116,兼田　昌明,兼田　昌明,歯　小歯　歯外,,平21. 10. 1,shika
歯科,02,0332868,シンフォニー・デンタル・クリニック,八戸市沼館４丁目４－８「シンフォニープラザ沼館」内２Ｆ,0178-45-0418,髙橋　桂子,髙橋　桂子,歯　矯歯　小歯　歯外,,平21. 11. 1,shika
歯科,02,0332876,八戸総合　歯科・矯正歯科,八戸市根城９丁目４番７号,0178-43-0517,医療法人　スマイルクリエイト　理事長　吉田　洋一,吉田　洋一,歯　小歯　矯歯　歯外,,平23. 9. 1,shika
歯科,02,0332884,お歯科,八戸市尻内町字直田７３,0178-70-7345,岡田　勝志,岡田　勝志,歯　矯歯　歯外,,平24. 1. 11,shika
歯科,02,0332892,Ｄｅｎｔａｌ　Ｓａｌｏｎ　Ｋ,八戸市石堂一丁目２７－１５,0178-80-7161,熊坂　覚,熊坂　克江,歯　歯外　矯歯　小歯,,平24. 6. 1,shika
歯科,02,0332918,多賀台歯科,八戸市多賀台２－３－５,0178-50-1118,三浦　康次郎,三浦　康次郎,歯　小歯　歯外,,平24. 7. 1,shika
歯科,02,0332934,立花歯科クリニック,八戸市旭ヶ丘三丁目１－１２,0178-25-3624,立花　禎康,立花　禎康,歯　矯歯　小歯,,平25. 3. 30,shika
歯科,02,0332942,Ａｉ　Ｄｅｎｔａｌ,八戸市長根四丁目１１番９号,0178-20-0086,奥寺　藍,奥寺　藍,歯　小歯,,平25. 11. 1,shika
歯科,02,0332967,医療法人あおもりデンタルケア,八戸市売市４－５－１９,0178-22-5858,医療法人あおもりデンタルケア　理事長　宮川　聡文,宮川　聡文,歯　小歯　歯外　矯歯,,平26. 11. 1,shika
歯科,02,0332975,田向いしばし歯科,八戸市田向五丁目２８－１,0178-51-6227,石橋　洋幸,石橋　洋幸,歯　歯外,,平27. 5. 1,shika
歯科,02,0332983,スマイル歯科クリニック,八戸市南類家一丁目１２－４,0178-24-6000,近藤　重悟,近藤　重悟,歯　小歯　歯外,,平27. 4. 1,shika
歯科,02,0332991,ほりべ歯科クリニック,八戸市根城２丁目３０－２８,0178-47-7007,堀部　崇,堀部　崇,歯　小歯,,平28. 5. 1,shika
歯科,02,0333015,つきだて歯科湊高台診療所,八戸市湊高台二丁目１３－４２,0178-32-2525,築舘　勇樹,築舘　勇樹,歯　小歯,,平30. 3. 1,shika
歯科,02,0333023,南類家デンタルクリニック,八戸市南類家３丁目６－６,0178-38-3040,山本　隆介,山本　隆介,歯　歯外,,平31. 4. 1,shika
歯科,02,0333031,中里デンタルクリニック,八戸市大字鷹匠小路１２番地１,0178-22-2655,医療法人トラストメディカル　理事長　中里　好宏,中里　好宏,歯　小歯,,令元. 6. 1,shika
歯科,02,0333049,ななほしデンタルクリニック,八戸市田向１丁目６－５,0178-38-6562,根橋　祐玄,根橋　祐玄,歯　小歯,,令元. 10. 1,shika
歯科,02,0333056,根城歯科クリニック,八戸市根城三丁目２３番１６号,0178-47-5607,医療法人根城歯科クリニック　理事長　柳田　隆,柳田　隆,歯　小歯　歯外　矯歯,,令元. 10. 1,shika
歯科,02,0333064,渋田歯科クリニック,八戸市大字大久保字沢目１３番地５,0178-31-6480,医療法人渋田歯科クリニック　理事長　澁田　大路,澁田　大路,歯　歯外,,令2. 2. 1,shika
歯科,02,0333072,八戸市休日歯科診療所,八戸市田向三丁目６番１号,0178-38-0727,八戸市長　熊谷　雄一,堀部　崇,歯,,令2. 6. 1,shika
歯科,02,0333080,高橋歯科クリニック,青森県八戸市大字白銀町字三島上２０番地１,0178-31-1217,医療法人高橋歯科クリニック　理事長　髙橋　秀和,髙橋　秀和,歯　小歯,,令2. 9. 23,shika
歯科,02,0333098,くぼた歯科医院,八戸市沼館３丁目３－３,,久保田　晃子,久保田　晃子,歯　小歯　歯外,,令4. 1. 1,shika
歯科,02,0333114,白銀吉田歯科医院,八戸市大字白銀町字大沢頭２８－６,0178-34-2340,吉田　茉莉子,吉田　茉莉子,歯　小歯,,令4. 12. 14,shika
歯科,02,0333122,なかさと歯科,八戸市城下四丁目五－十三,0178-22-3715,中里　守,中里　守,歯,,令5. 1. 25,shika
歯科,02,0333155,ＳＫＹ　ＤＥＮＴＡＬ　ＣＬＩＮＩＣ,八戸市大久保小久保尻１７－１４,0178-20-9040,五日市　純宏,五日市　純宏,歯　小歯,,令6. 2. 1,shika
歯科,02,0333163,八戸ニュータウンデンタルクリニック,八戸市北白山台五丁目１番７号,0178-38-9941,医療法人共立会　理事長　木村　功,青木　良仁,歯　小歯　矯歯　歯外,,令6. 2. 1,shika
歯科,02,0333171,溝口歯科クリニック,八戸市柏崎５丁目７－１１,0178-22-3633,溝口　智大,溝口　智大,歯　小歯,,令6. 11. 1,shika
歯科,02,0333189,ルミナデンタルクリニック,八戸市田面木字上田面木２０－４３,0178-27-9219,松井　裕之,松井　裕之,歯　歯外,,令6. 11. 17,shika
歯科,02,0333197,医療法人ソリスデンタルクリニック,八戸市田向二丁目１５番１０号,0178-80-7843,医療法人ソリスデンタルクリニック　理事長　及川　大成,及川　大成,歯　歯外,,令7. 2. 1,shika
歯科,02,0333205,ＷＡＴＡＮＡＢＥ　ＤＥＮＴＡＬ　ＣＬＩＮＩＣ,八戸市田向２丁目６番１０号,0178-38-8031,医療法人ＷＡＴＡＮＡＢＥ　ＤＥＮＴＡＬ　ＣＬＩＮＩＣ　理事長　渡辺　理平,渡辺　理平,歯　歯外,,令7. 2. 1,shika
歯科,02,0333213,鹿内歯科医院,八戸市大字根城字馬場頭３番地１９,0178-32-6477,医療法人鹿内歯科医院　理事長　鹿内　恒樹,鹿内　恒樹,歯　小歯,,令8. 1. 1,shika
歯科,02,0430308,花園歯科医院,黒石市大字花園町７１,0172-52-8078,山形　哲則,山形　哲則,歯,,昭62. 12. 1,shika
歯科,02,0430332,アップル歯科医院,黒石市東新町一丁目６,0172-52-7070,野呂　剛,野呂　剛,歯,,平5. 2. 15,shika
歯科,02,0430381,医療法人　あぼ歯科クリニック,黒石市北美町一丁目５８,0172-53-5550,医療法人　あぼ歯科クリニック　理事長　阿保　雅彦,阿保　雅彦,歯,,平10. 10. 1,shika
歯科,02,0430423,石川歯科クリニック,黒石市黒石字十三森１８４－９,0172-59-0172,石川　文洋,石川　文洋,歯　矯歯　小歯　歯外,,平15. 5. 1,shika
歯科,02,0430431,清藤歯科医院,黒石市前町２３－２,0172-52-2303,清藤　洋之,清藤　洋之,歯　小歯,,平15. 5. 1,shika
歯科,02,0430498,くどう歯科医院,黒石市大字内町８番地５,0172-59-2130,工藤　康之,工藤　康之,歯　矯歯　小歯,,平27. 7. 1,shika
歯科,02,0430506,中村歯科医院,黒石市大板町１１－１,0172-52-3573,中村　忍,中村　忍,歯,,平27. 8. 22,shika
歯科,02,0430514,アクロスプラザ歯科,黒石市富士見１０３番地３,0172-55-8188,医療法人社団龍仁会　理事長　佐藤　正浩,佐藤　正浩,歯　歯外　小歯　矯歯,,令元. 7. 1,shika
歯科,02,0530263,高満歯科医院,五所川原市字川端町３－６,0173-34-2468,髙満　幸宜,髙満　幸宜,歯　小歯,,昭62. 8. 15,shika
歯科,02,0530297,中嶋歯科医院,五所川原市字雛田３２,0173-34-3366,中嶋　和郎,中嶋　和郎,歯　小歯,,平2. 5. 1,shika
歯科,02,0530305,本町歯科医院,五所川原市字本町１４,0173-35-2214,平山　雅人,平山　雅人,歯,,平2. 7. 15,shika
歯科,02,0530396,あすなろ歯科医院,五所川原市字一ツ谷５０７－２３,0173-33-1122,飛嶋　寛一,飛嶋　寛一,歯　小歯,,平6. 8. 15,shika
歯科,02,0530412,黒部歯科クリニック,五所川原市大字広田字榊森５４－６５,0173-33-3939,黒部　倫朗,黒部　倫朗,歯,,平7. 5. 15,shika
歯科,02,0530446,アップル歯科医院,五所川原市大字稲実字米崎１１８－２,0173-39-1171,木村　匡孝,木村　匡孝,歯　矯歯　小歯,,平8. 8. 1,shika
歯科,02,0530453,宮川歯科クリニック,五所川原市大字広田字柳沼５４－１５,0173-34-8410,宮川　潤,宮川　潤,歯,,平8. 8. 15,shika
歯科,02,0530461,成田歯科診療所,五所川原市字旭町２７,0173-34-2343,成田　保之,成田　保之,歯　矯歯　小歯,,平9. 5. 1,shika
歯科,02,0530487,たんぽぽ歯科,五所川原市中央６丁目６４,0173-33-4618,村上　安弘,村上　安弘,歯　小歯　歯外,,平13. 4. 1,shika
歯科,02,0530495,工藤歯科医院,五所川原市字大町３７－５,0173-34-8883,工藤　真裕,工藤　真裕,歯,,平13. 5. 15,shika
歯科,02,0530537,五所川原市国民健康保険市浦歯科診療所,五所川原市相内２７３,0173-27-7734,五所川原市長　佐々木　孝昌,林　宗輝,歯,,平16. 4. 1,shika
歯科,02,0530545,ひろし歯科,五所川原市幾世森２４－３,0173-35-1718,小林　寛志,小林　寛志,歯　小歯,,平17. 6. 1,shika
歯科,02,0530578,渋谷歯科診療所,五所川原市金木町朝日山３３６－１,0173-52-2233,渋谷　諄,渋谷　諄,歯,,平19. 4. 1,shika
歯科,02,0530594,サトウ歯科クリニック,五所川原市中央６丁目２１,0173-26-7251,佐藤　任,佐藤　任,歯　小歯　歯外,,平24. 6. 1,shika
歯科,02,0530610,医療法人ウェルビーイング　津島歯科,五所川原市字大町５０１番地１５,0173-34-2050,医療法人ウェルビーイング　理事長　津嶋　克正,津嶋　克正,歯　小歯　矯歯,,平26. 6. 1,shika
歯科,02,0530628,エルム歯科小児歯科,五所川原市中央一丁目６８番地,0173-38-3131,白戸　賢司,白戸　賢司,歯　小歯,,平27. 9. 1,shika
歯科,02,0530636,田中歯科クリニック,五所川原市金木町朝日山３５８番地１,0173-54-1139,医療法人　颯志会　理事長　田中　司,田中　司,歯　小歯,,平28. 10. 1,shika
歯科,02,0530644,飛嶋歯科医院,五所川原市松島町３丁目５番地６,0173-34-8548,飛嶋　大作,飛嶋　大作,歯　小歯　歯外,,平28. 10. 19,shika
歯科,02,0530651,小林歯科医院,五所川原市字柏原町５０,0173-33-1156,医療法人社団徳史会　理事長　小林　克徳,小林　克徳,歯,,令3. 6. 1,shika
歯科,02,0530669,小嶋歯科医院,五所川原市敷島町１－４,0173-34-2519,川村　真人,川村　真人,歯　小歯　歯外,,令6. 11. 1,shika
歯科,02,0530677,田附歯科医院,五所川原市寺町１６,0173-34-3082,田附　良仁,田附　良仁,歯　矯歯　小歯,,令8. 3. 4,shika
歯科,02,0630352,佐々木歯科クリニック,十和田市西二番町３－２５,0176-24-3355,佐々木　光平,佐々木　光平,歯　小歯,,昭63. 7. 1,shika
歯科,02,0630394,稲生歯科診療所,十和田市稲生町１５－２４パルコビル　５階,0176-24-2109,古舘　伸之,古舘　伸之,歯,,平3. 4. 15,shika
歯科,02,0630444,大学通り歯科医院,十和田市東十二番町１２－４１,0176-25-2882,遊佐　隆子,遊佐　隆子,歯　小歯,,平5. 9. 1,shika
歯科,02,0630477,村上歯科クリニック,十和田市東二十三番町１－５,0176-25-6606,村上　淳一,村上　淳一,歯　歯外,,平6. 6. 15,shika
歯科,02,0630485,藤坂歯科診療所,十和田市大字相坂字小林１１５－３,0176-25-2411,一戸　秀行,一戸　秀行,歯,,平7. 7. 1,shika
歯科,02,0630493,たかはしデンタルクリニック,十和田市東二番町２－５０,0176-25-7171,高橋　俊介,高橋　俊介,歯,,平7. 10. 15,shika
歯科,02,0630543,立花歯科医院,十和田市東十四番町１７－４０,0176-25-3355,立花　秀枝,立花　秀枝,歯,,平10. 11. 15,shika
歯科,02,0630550,浅原歯科医院,十和田市西三番町１５－３７,0176-23-4184,浅原　秀一,浅原　秀一,歯,,平11. 3. 1,shika
歯科,02,0630568,さつき歯科医院,十和田市東三番町１０－８１,0176-20-1817,佐藤　和佳子,佐藤　和佳子,歯　矯歯　小歯,,平11. 5. 15,shika
歯科,02,0630576,ふくい歯科クリニック,十和田市東二番町８－１５,0176-21-1182,福井　昌志,福井　昌志,歯　小歯,,平12. 4. 15,shika
歯科,02,0630584,大友歯科医院,十和田市稲生町２０－３４,0176-25-6000,大友　聡之,大友　聡之,歯　矯歯　小歯,,平14. 12. 15,shika
歯科,02,0630592,ポプラ歯科医院,十和田市西二十二番町２７－１９,0176-25-8148,田邊　聡,田邊　聡,歯　小歯　歯外,,平15. 2. 1,shika
歯科,02,0630626,高屋歯科医院,十和田市稲生町２３－１０,0176-23-8241,医療法人　高屋歯科医院　理事長　高屋　大輔,高屋　茂,歯,,平15. 11. 1,shika
歯科,02,0630675,官庁街歯科,十和田市西二番町１３－２,0176-20-1718,医療法人　オーラルヘルスアーキテクト　理事長　工藤　淳一,工藤　淳一,歯　歯外　矯歯　小歯,,平17. 1. 4,shika
歯科,02,0630691,仁歯科医院,十和田市大字三本木字並木西１７８－１０,0176-22-4313,古舘　仁,古舘　仁,歯,,平18. 6. 1,shika
歯科,02,0630709,医療法人　みきのがはら歯科医院,十和田市東一番町１０－１,0176-21-1111,医療法人　みきのがはら歯科医院　理事長　小川　富貴子,小川　富貴子,歯　矯歯　小歯　歯外,,平19. 6. 1,shika
歯科,02,0630717,青の森歯科医院,十和田市東十三番町２５－２８－５,0176-51-6220,坪田　亘基,坪田　亘基,歯　矯歯　小歯　歯外,,平22. 10. 1,shika
歯科,02,0630733,渡辺歯科医院,十和田市西三番町１４－４４,0176-23-6545,渡　幸子,渡　幸子,歯　歯外,,令7. 10. 29,shika
歯科,02,0730194,石要歯科,三沢市本町二丁目８１－２,0176-57-4500,小西　史人,小西　史人,歯,,昭56. 12. 1,shika
歯科,02,0730210,篠田歯科医院,三沢市下久保３－１９－５,0176-57-0044,篠田　文隆,篠田　文隆,歯,,昭59. 4. 1,shika
歯科,02,0730244,第二黒田歯科診療所,三沢市中央町四丁目１１－３９,0176-53-2540,医療法人　第二黒田歯科診療所　理事長　黒田　雅仁,黒田　雅仁,歯,,昭62. 12. 28,shika
歯科,02,0730269,山木歯科医院,三沢市松園町三丁目７－９,0176-57-1518,山木　昭秀,山木　昭秀,歯,,平元. 10. 1,shika
歯科,02,0730293,医療法人　よしだ歯科医院,三沢市東町一丁目１－１０,0176-52-4433,医療法人　よしだ歯科医院　理事長　吉田　悦子,吉田　悦子,歯　小歯　矯歯　歯外,,平8. 9. 1,shika
歯科,02,0730319,岡三沢歯科クリニック,三沢市岡三沢２丁目５－１,0176-51-1110,医療法人　岡三沢歯科クリニック　理事長　千　瑞将,千　瑞将,歯　小歯　矯歯　歯外,,平13. 10. 1,shika
歯科,02,0730327,富田歯科医院,三沢市松園町２－１－４６,0176-51-8688,富田　尚道,富田　尚道,歯　矯歯　小歯　歯外,,平14. 5. 15,shika
歯科,02,0730335,なみおか歯科医院,三沢市松園町二丁目１２－１０,0176-51-7050,濤岡　一司,濤岡　一司,歯　小歯　歯外,,平15. 5. 15,shika
歯科,02,0730343,医療法人　たなべ歯科・矯正歯科医院,三沢市美野原一丁目１３－２,0176-50-2880,医療法人　たなべ歯科・矯正歯科医院　理事長　田邊　忠輝,田邊　忠輝,歯　矯歯　小歯　歯外,,平16. 7. 1,shika
歯科,02,0730350,医療法人　愛歯会　黒田歯科医院,三沢市幸町一丁目２－２３,0176-53-2650,医療法人　愛歯会　理事長　黒田　政俊,黒田　政道,歯　矯歯　小歯,,平19. 8. 1,shika
歯科,02,0730368,あしはらデンタルクリニック,三沢市東町１丁目１２－１,0176-51-4777,芦原　理子,芦原　理子,歯　小歯　歯外,,平20. 9. 1,shika
歯科,02,0730426,堀口歯科医院,三沢市堀口一丁目１５－１１,0176-27-1781,原　康文,原　康文,歯　歯外　小歯,,令2. 5. 1,shika
歯科,02,0730434,つきだて歯科診療室,青森県三沢市美野原二丁目２２番地１号,0176-51-6375,医療法人　Ｔ．Ｗ．Ｓ　理事長　月館　洋一,月館　洋一,歯　小歯,,令3. 1. 1,shika
歯科,02,0730442,ＴＯＪＯ　ＤＥＮＴＡＬ　ＣＬＩＮＩＣ,三沢市中央町４丁目３番１９号,0176-27-6471,医療法人東厚会　理事長　東條　方厚,東條　方厚,歯　歯外　小歯　矯歯,,令4. 5. 1,shika
歯科,02,0830218,上條ファミリー歯科,むつ市海老川町１４－１,0175-22-8288,上條　厚子,上條　厚子,歯,,昭57. 11. 1,shika
歯科,02,0830275,高瀬歯科医院,むつ市柳町一丁目４－１４,0175-22-1366,高瀬　厚太郎,高瀬　厚太郎,歯,,平元. 5. 1,shika
歯科,02,0830283,小田川歯科医院,むつ市金曲一丁目１－６,0175-22-2188,小田川　秀樹,小田川　秀樹,歯,,平2. 3. 1,shika
歯科,02,0830291,田中歯科クリニック,むつ市小川町一丁目４－１７,0175-22-0077,田中　志昌,田中　志昌,歯　矯歯　小歯,,平2. 6. 1,shika
歯科,02,0830309,山中歯科医院,むつ市柳町一丁目２－４,0175-23-5000,山中　仁,山中　仁,歯,,平2. 8. 1,shika
歯科,02,0830325,熊谷歯科医院,むつ市本町１－１,0175-23-9032,熊谷　秀俊,熊谷　秀俊,歯,,平7. 12. 15,shika
歯科,02,0830358,たかはし歯科医院,むつ市新町１０－２０,0175-22-6480,高橋　正行,高橋　正行,歯　矯歯　小歯　歯外,,平11. 3. 15,shika
歯科,02,0830366,あわさ歯科医院,むつ市大平町４２－５,0175-28-4760,粟佐　祥一,粟佐　祥一,歯　小歯,,平17. 4. 1,shika
歯科,02,0830416,上條歯科医院,むつ市新町１０－９,0175-22-4341,上條　守夫,上條　守夫,歯,,平17. 10. 18,shika
歯科,02,0830424,上條歯科医院,むつ市大畑町新町２２－７,0175-34-2018,上條　守夫,上條　守夫,歯,,平17. 10. 18,shika
歯科,02,0830457,こうえんまえ歯科　矯正歯科,むつ市山田町２４－２３,0175-29-1182,髙部　明人,髙部　明人,歯　矯歯,,平19. 4. 1,shika
歯科,02,0830465,みどりがおか歯科クリニック,むつ市緑が丘６－１２,0175-34-1430,石崎　博,石崎　博,歯　小歯　歯外,,平20. 9. 1,shika
歯科,02,0830481,医療法人　美歯会　板垣矯正歯科　むつ診療室,むつ市上川町１番５号,0175-23-5225,医療法人　美歯会　理事長　板垣　正樹,板垣　正樹,歯　矯歯,,平23. 4. 6,shika
歯科,02,0830499,さくら歯科,むつ市緑町２３番２号,0175-34-0565,村上　朝音,村上　朝音,歯,,平29. 12. 1,shika
歯科,02,0830523,渡辺歯科医院,むつ市旭町１－１０,0175-24-1839,小田川　聡子,小田川　聡子,歯,,令2. 2. 1,shika
歯科,02,0830531,ますだ歯科医院,むつ市大平町４３－７,0175-24-2629,桝田　明子,桝田　明子,歯　小歯,,令2. 5. 11,shika
歯科,02,0830549,大畑すずらん歯科,むつ市大畑町中島８０－７,0175-34-0648,川島　翔太,川島　翔太,歯,,令3. 6. 1,shika
歯科,02,0830556,畑中歯科医院,むつ市昭和町２２番８号,0175-23-4338,畑中　知之,畑中　知之,歯　歯外,,令6. 2. 7,shika
歯科,02,0930034,福士歯科医院,つがる市木造千代町２７－２,0173-42-3316,福士　賢治,福士　賢治,歯　矯歯　小歯,,平11. 12. 15,shika
歯科,02,0930042,菊池歯科医院,つがる市木造曙６５,0173-42-2077,川村　郁子,川村　郁子,歯,,平12. 3. 18,shika
歯科,02,0930067,葛西歯科診療所,つがる市木造清水４７,0173-42-2125,医療法人　光治会　理事長　葛西　治千代,葛西　治千代,歯　矯歯,,平17. 2. 1,shika
歯科,02,0930075,しもや歯科医院,つがる市森田町森田月見野２５６－１,0173-26-4024,下屋　宏幸,下屋　宏幸,歯,,平12. 4. 1,shika
歯科,02,0930109,長内歯科医院,つがる市車力町下林７－１,0173-56-3164,長内　登紀晴,長内　登紀晴,歯,,平11. 7. 15,shika
歯科,02,0930125,柏ミナトヤ歯科医院,つがる市柏稲盛幾世４１,0173-25-2481,大戸　勲,大戸　勲,歯　小歯,,令2. 3. 1,shika
歯科,02,0930133,清藤歯科,つがる市木造清水２２,0173-42-4182,清藤　剛邦,清藤　剛邦,歯　小歯　歯外　矯歯,,令5. 4. 1,shika
歯科,02,0930141,ハッピーデンタルクリニック,つがる市木造浮巣５４－１,0173-23-5323,医療法人社団龍仁会　理事長　佐藤　正浩,関口　秀峰,歯　小歯　歯外,,令5. 10. 1,shika
歯科,02,0930158,ひらた歯科,つがる市木造増田２２番地１５,0173-42-3269,医療法人ＬＨＤ　理事長　平田　俊介,平田　俊介,歯　小歯,,令8. 5. 1,shika
歯科,02,1030032,工藤歯科医院,平川市柏木町藤山１１－６,0172-44-6123,工藤　祥勝,工藤　祥勝,歯,,平12. 10. 1,shika
歯科,02,1030065,さとう歯科クリニック,平川市南田中北林元３７－１,0172-57-5888,佐藤　敏夫,佐藤　敏夫,歯　小歯,,平12. 7. 1,shika
歯科,02,1030073,すぎた歯科,平川市中佐渡南田１８－１６,0172-57-5757,医療法人　社団　慶友会　理事長　杉田　直人,杉田　直人,歯　矯歯　小歯　歯外,,平12. 10. 1,shika
歯科,02,1030099,ひらかわ歯科クリニック,平川市小和森中松岡１１６－２,0172-43-0231,須々田　明彦,須々田　明彦,歯　矯歯　小歯　歯外,,平19. 9. 1,shika
歯科,02,1030107,あずまデンタルクリニック,平川市柏木町東田３１３番地８,0172-44-0648,医療法人　優歯会　理事長　工藤　東,工藤　東,歯　矯歯　小歯　歯外,,平21. 10. 1,shika
歯科,02,1030115,清藤歯科平賀医院,平川市本町北柳田２１－３,0172-44-3132,清藤　浩也,清藤　浩也,歯　小歯,,平23. 3. 3,shika
歯科,02,1030123,清藤歯科医院,平川市本町平野４６－１２,0172-44-3177,清藤　幸則,清藤　幸則,歯,,平29. 11. 1,shika
歯科,02,1030131,のりた歯科医院,平川市新館野木和２－３,0172-26-5677,乗田　智孝,乗田　智孝,歯　小歯　矯歯,,平30. 7. 2,shika
歯科,02,2030403,平内歯科クリニック,東津軽郡平内町大字小湊字小湊１３１－１,0177-55-4182,医療法人　平青会　理事長　田中　純一,田中　純一,歯　矯歯　小歯　歯外,,平11. 9. 1,shika
歯科,02,2030437,住吉歯科医院,東津軽郡今別町今別字今別８４,0174-35-2051,住吉　千明,住吉　千明,歯,,平17. 1. 1,shika
歯科,02,2030445,外ヶ浜歯科診療所,東津軽郡外ヶ浜町字蟹田中師宮本８７－２１,0174-31-0648,山形　暢,山形　暢,歯,,平27. 5. 1,shika
歯科,02,2030460,平内ミナトヤ歯科医院,東津軽郡平内町小湊字後萢２－１１,017-755-5353,医療法人ＣｏｆＩ　理事長　滝沢　仙太郎,金田　義彦,歯　小歯,,令4. 11. 1,shika
歯科,02,2130419,かなざわ歯科医院,西津軽郡鯵ヶ沢町大字舞戸町字蒲生１２４－１,0173-72-6480,金澤　潤一,金澤　潤一,歯　矯歯　小歯　歯外,,平5. 6. 1,shika
歯科,02,2130450,たけだ歯科,西津軽郡深浦町大字関字栃沢８９－１３,0173-76-3708,武田　俊平,武田　俊平,歯　小歯　歯外,,平8. 12. 1,shika
歯科,02,2130468,さいとう歯科医院,西津軽郡深浦町大字深浦字苗代沢８２－２０,0173-74-3003,齋藤　雅則,齋藤　雅則,歯　矯歯　小歯,,平11. 11. 1,shika
歯科,02,2130476,かねこ歯科医院,西津軽郡鰺ケ沢町大字舞戸町字下富田５６－１２,0173-72-8602,兼子　直人,兼子　直人,歯　小歯　歯外,,平21. 1. 1,shika
歯科,02,2330647,あしだ歯科医院,南津軽郡藤崎町大字西豊田一丁目１２－９,0172-75-6480,芦田　豊昭,芦田　豊昭,歯,,平2. 4. 1,shika
歯科,02,2330886,のじりデンタルクリニック,南津軽郡藤崎町藤崎村井５３－１,0172-75-5757,野尻　直宏,野尻　直宏,歯　矯歯　小歯,,平17. 11. 1,shika
歯科,02,2330910,成田歯科医院,南津軽郡大鰐町大字大鰐字大鰐８１－２,0172-48-2907,成田　文弥,成田　文弥,歯,,平30. 1. 1,shika
歯科,02,2330928,ふじデンタルクリニック,南津軽郡藤崎町大字藤崎字村井４０－１４,0172-55-8245,村澤　憲一,村澤　憲一,歯　小歯,,平30. 5. 21,shika
歯科,02,2330936,ゆみデンタルクリニック,南津軽郡大鰐町大字蔵館字村岡１２５－１,0172-40-0365,吹田　祐実,吹田　祐実,歯　小歯　歯外,,令6. 9. 1,shika
歯科,02,2330944,デンタルクリニック～さとう,南津軽郡大鰐町大字大鰐字前田３３－２,0172-49-1155,佐藤　晃成,佐藤　晃成,歯　小歯,,令6. 11. 1,shika
歯科,02,2430330,山口歯科診療室,北津軽郡中泊町大字中里字亀山４７３－１,0173-57-2015,山口　錬,山口　錬,歯　矯歯　小歯,,昭51. 2. 12,shika
歯科,02,2430488,諏訪歯科,北津軽郡板柳町大字福野田字増田１８－３,0172-73-3919,諏訪　琢也,諏訪　琢也,歯,,昭61. 7. 1,shika
歯科,02,2430496,久米田歯科矯正歯科医院,北津軽郡板柳町大字福野田字実田８４－２,0172-73-4488,久米田　俊次,久米田　俊次,歯　小歯　矯歯,,昭61. 12. 15,shika
歯科,02,2430504,工藤八歯科医院,北津軽郡板柳町大字板柳字土井１０８－２,0172-72-1172,工藤　勝久,工藤　勝久,歯,,平元. 4. 15,shika
歯科,02,2430553,久米田歯科,北津軽郡板柳町大字五林平字三宅１１－１,0172-77-3230,久米田　譲,久米田　譲,歯,,平2. 8. 1,shika
歯科,02,2430561,中田歯科医院,北津軽郡鶴田町大字鶴田字早瀬１８２－５,0173-22-5577,医療法人　中田歯科医院　理事長　中田　一穂,中田　一穂,歯　小歯,,平5. 9. 1,shika
歯科,02,2430603,ゆみこ歯科クリニック,北津軽郡中泊町大字中里字亀山４２５－２,0173-69-1020,古川　由美子,古川　由美子,歯,,平9. 12. 15,shika
歯科,02,2430611,なかじま歯科クリニック,北津軽郡鶴田町大字鶴田字相原１７,0173-23-1230,中嶋　庸晃,中嶋　庸晃,歯,,平10. 6. 15,shika
歯科,02,2430702,たけだ歯科医院,北津軽郡板柳町大字板柳字土井３６１番地２,0172-72-0404,武田　信洋,武田　信洋,歯　小歯　矯歯　歯外,,令元. 10. 1,shika
歯科,02,2430710,医療法人社団鶴陽会　坂本歯科クリニック,北津軽郡鶴田町大字鶴田字鷹ノ尾９番地７,0173-26-1182,医療法人社団鶴陽会　理事長　坂本　麗輔,坂本　麗輔,歯　小歯　歯外,,令7. 4. 1,shika
歯科,02,2530493,久保田歯科医院,上北郡東北町字上笹橋１６－８,0175-63-2418,久保田　誠,久保田　誠,歯,,昭52. 9. 1,shika
歯科,02,2530527,第２久保田歯科,上北郡野辺地町字野辺地８６－１,0175-64-0167,久保田　束,久保田　束,歯,,昭56. 1. 1,shika
歯科,02,2530543,沼山歯科医院,上北郡東北町上北南三丁目３２－５５４,0176-56-3957,沼山　助直,沼山　助直,歯,,昭56. 10. 1,shika
歯科,02,2530584,中村歯科医院,上北郡六戸町大字犬落瀬字後田５２－４８,0176-55-3945,中村　國雄,中村　國雄,歯,,昭57. 9. 15,shika
歯科,02,2530766,あらと歯科クリニック,上北郡七戸町字森ノ上２１４－２,0176-68-3411,新渡　尊仁,新渡　尊仁,歯,,平2. 2. 1,shika
歯科,02,2530774,医療法人　奥寺歯科医院,上北郡六戸町大字犬落瀬字若宮２－３,0176-55-3456,医療法人　奥寺歯科医院　理事長　奥寺　紀智,奥寺　紀智,歯,,平2. 11. 1,shika
歯科,02,2530808,医療法人　宮澤歯科医院,上北郡野辺地町字野辺地７５－２,0175-64-3166,医療法人　宮澤歯科医院　理事長　宮澤　雅,宮澤　雅,歯　小歯　歯外,,平3. 2. 1,shika
歯科,02,2530832,かくたま歯科医院,上北郡野辺地町字野辺地１１６－１,0175-64-4180,伊藤　真,伊藤　真,歯　矯歯　小歯,,平4. 12. 15,shika
歯科,02,2530865,高田歯科医院,上北郡七戸町字笊田１３－２,0176-62-4182,高田　眞一,高田　眞一,歯,,平4. 12. 15,shika
歯科,02,2530899,あとむら歯科医院,上北郡おいらせ町青葉１－５０－１５０２,0176-50-1817,後村　誠,後村　誠,歯,,平9. 4. 15,shika
歯科,02,2530923,のさか歯科医院,上北郡野辺地町字野辺地２７９－１,0175-64-8241,野坂　庸子,野坂　庸子,歯　小歯,,平10. 8. 1,shika
歯科,02,2530931,とがしデンタルクリニック,上北郡六ヶ所村大字泊字川原７５－８１,0175-77-3350,富樫　洋介,富樫　洋介,歯　小歯,,平10. 9. 15,shika
歯科,02,2530956,めとき歯科医院,上北郡おいらせ町青葉５－５０－２０４２,0176-50-0202,目時　亨,目時　亨,歯,,平12. 1. 1,shika
歯科,02,2530964,鈴晃歯科医院,上北郡野辺地町字野辺地２８－４,0175-64-8108,鈴木　晃,鈴木　晃,歯　矯歯　小歯,,平13. 5. 21,shika
歯科,02,2531020,近藤医院歯科,上北郡野辺地町野辺地字野辺地１－４２,0175-64-2645,近藤　麿史,近藤　麿史,歯　小歯,,平14. 11. 15,shika
歯科,02,2531046,スマイル歯科,上北郡おいらせ町下前田６２－１,0178-52-5454,今北　将人,今北　将人,歯,,平16. 6. 1,shika
歯科,02,2531053,小松ヶ丘歯科医院,上北郡六戸町小松ケ丘三丁目７７－１０７６,0176-51-7890,成田　正樹,成田　正樹,歯　小歯　歯外,,平16. 9. 1,shika
歯科,02,2531079,かみきたデンタルクリニック,上北郡東北町旭北一丁目３１－９０,0176-56-4681,医療法人　桜青会　理事長　上松　丈裕,上松　丈裕,歯　矯歯　小歯　歯外,,平18. 9. 1,shika
歯科,02,2531087,橋本歯科医院,上北郡横浜町字寺下２２－１,0175-78-6264,橋本　梓,橋本　梓,歯,,平23. 1. 1,shika
歯科,02,2531095,山松歯科クリニック,上北郡七戸町字七戸２９１番１,0176-62-9085,山田　典男,山田　典男,歯　小歯　歯外,,平23. 4. 1,shika
歯科,02,2531103,小川歯科,上北郡七戸町字七戸３２４番５,0176-58-6480,小川　武史,小川　武史,歯　矯歯　小歯,,平23. 11. 1,shika
歯科,02,2531137,医療法人　木村歯科医院,上北郡おいらせ町下明堂１番地８,0178-52-7707,医療法人木村歯科医院　理事長　木村　綠,木村　緑,歯　小歯,,平27. 5. 1,shika
歯科,02,2531145,工藤医院　歯科,上北郡東北町旭南１丁目３１－８０４,0176-56-2229,工藤　省子,工藤　省子,歯,,平27. 10. 23,shika
歯科,02,2531160,昆歯科医院,上北郡おいらせ町上明堂８２,0178-52-5611,昆　麻子,昆　麻子,歯,,平29. 2. 1,shika
歯科,02,2531178,久保田歯科医院,上北郡六ヶ所村尾駮字野附７０５－４７,0175-72-2020,久保田　徹,久保田　徹,歯　小歯　歯外,,平31. 3. 8,shika
歯科,02,2531186,もりやま歯科,上北郡東北町字膳前４１－１０,0175-63-2238,森山　祐子,森山　祐子,歯,,令元. 10. 1,shika
歯科,02,2531194,かみきたデンタルクリニックのへじ矯正小児歯科,上北郡野辺地町字鳴沢３６－１,0175-64-6605,医療法人桜青会　理事長　上松　丈裕,三上　晃太郎,歯　小歯　矯歯,,令2. 2. 1,shika
歯科,02,2531202,やはば歯科クリニック,上北郡おいらせ町中野平４０－１（イオンモール下田内）,0178-70-5021,矢幅　比呂嗣,矢幅　比呂嗣,歯,,令2. 2. 1,shika
歯科,02,2630194,あらまき歯科医院,下北郡東通村大字白糠字前田９－１１,0175-46-2777,荒蒔　正邦,荒蒔　正邦,歯,,平8. 7. 1,shika
歯科,02,2630251,東通村歯科診療室,下北郡東通村大字砂子又字沢内９番地４,0175-48-2778,東通村長,荒蒔　正邦,歯,,平21. 7. 1,shika
歯科,02,2630269,ちよや歯科クリニック,下北郡大間町大字大間字大間平２８－２１,0175-32-1184,千代谷　良子,千代谷　良子,歯　小歯,,平21. 11. 1,shika
歯科,02,2630277,国民健康保険　佐井歯科診療所,下北郡佐井村大字佐井字大佐井１１４－１,0175-38-2261,一部事務組合下北医療センター　管理者　山本　知也,坂井　寛征,歯,,平24. 4. 1,shika
歯科,02,2730473,成田歯科医院,三戸郡五戸町字下大町１２－１,0178-62-2387,成田　ホウ,茂呂　信彦,歯,,昭44. 1. 8,shika
歯科,02,2730705,乗上歯科医院,三戸郡田子町大字田子字田子６１,0179-32-4567,乘上　功,乘上　功,歯,,昭59. 4. 1,shika
歯科,02,2730853,千葉歯科医院,三戸郡南部町大字沖田面字千刈６２－２,0179-34-3310,医療法人　千葉歯科医院　理事長　千葉　誠,千葉　誠,歯　矯歯　小歯,,平3. 2. 1,shika
歯科,02,2730887,石亀歯科医院,三戸郡田子町大字田子字田子３４－１,0179-32-2264,医療法人　一心会　理事長　石亀　照造,和田　憲志,歯　小歯,,平3. 11. 1,shika
歯科,02,2730911,山口歯科医院,三戸郡五戸町字荒町１５－１,0178-62-3568,山口　登,山口　登,歯,,平4. 11. 1,shika
歯科,02,2731034,柏崎歯科　階上診療所,三戸郡階上町大字道仏字耳ヶ吠３－５３７,0178-80-1182,柏崎　秀一,櫻田　京子,歯,,平11. 1. 1,shika
歯科,02,2731042,蒼前歯科医院,三戸郡階上町蒼前西七丁目９ー１０７２,0178-80-1188,蛇口　義光,蛇口　義光,歯　矯歯　小歯　歯外,,平11. 4. 15,shika
歯科,02,2731067,北村歯科医院,三戸郡三戸町大字川守田字沖中３－２,0179-22-0320,北村　和典,北村　和典,歯　矯歯　小歯,,平12. 8. 1,shika
歯科,02,2731141,医療法人　夏堀デンタルクリニック　南部診療所,三戸郡南部町大字苫米地字町中２２,0178-60-1111,医療法人　夏堀デンタルクリニック　理事長　夏堀　礼二,鈴木　啓之,歯　小歯　歯外,,平20. 1. 1,shika
歯科,02,2731158,ふなこし歯科医院,三戸郡五戸町大字上市川字高田８番１,0178-68-3530,船越　朋輝,船越　朋輝,歯,,平21. 11. 1,shika
歯科,02,2731166,あこう歯科医院　階上歯科診療所,三戸郡階上町大字道仏字榊山１０番地２１５,0178-89-2955,医療法人　恵心会　理事長　赤穂　和広,久保田　珠美,歯,,平22. 7. 1,shika
歯科,02,2731174,さとうデンタルクリニック,三戸郡三戸町大字八日町１９－１,0179-22-1711,佐藤　綾香,佐藤　綾香,歯　小歯,,平25. 4. 1,shika
歯科,02,2731182,イナムラ歯科医院,三戸郡南部町大字下名久井字如来堂６番１０,0178-76-1717,稲村　裕之,稲村　裕之,歯　小歯　歯外,,平25. 11. 1,shika
歯科,02,2731224,中村歯科医院,三戸郡南部町大字剣吉字桜場１－４,0178-75-0611,中村　純子,中村　純子,歯,,平29. 3. 16,shika
歯科,02,2731232,松尾歯科・おとなこども矯正歯科,三戸郡五戸町愛宕後２６番１４,0178-62-7055,医療法人トリプルウィン　理事長　松尾　紘吾,松尾　紘吾,歯　歯外　小歯　矯歯,,令2. 3. 1,shika
歯科,02,2731240,医療法人　小村歯科医院,三戸郡五戸町字熊ノ沢２５－６,0178-62-5121,医療法人小村歯科医院　理事長　小村　圭介,小村　圭介,歯　小歯　歯外,,令3. 5. 1,shika
薬局,02,0140434,株式会社　南薬局　浪打支店,青森市浪打一丁目１７－１１,017-743-3959,株式会社　南薬局　代表取締役　南　正道,南　紀子,,,昭51. 4. 19,yakkyoku
薬局,02,0140459,石舘薬局,青森市新町一丁目１３－１,017-723-2801,株式会社石舘薬店　代表取締役　松山　喜範,成田　主徳,,,昭52. 2. 15,yakkyoku
薬局,02,0140707,中央薬品株式会社　中央調剤薬局　本店,青森市長島二丁目１－１４,017-777-1815,中央薬品株式会社　代表取締役社長　三上　智治,栁谷　浩紀,,,昭56. 10. 15,yakkyoku
薬局,02,0141036,新城調剤薬局,青森市大字新城字平岡１８１－１０,017-788-7576,有限会社誠和　代表取締役　佐々木　聡,風晴　智保,,,昭60. 7. 1,yakkyoku
薬局,02,0141051,青森調剤薬局,青森市東造道二丁目６－４０,017-736-7388,株式会社　青森調剤センター　代表取締役　坂井　義人,尾崎　智子,,,昭60. 12. 1,yakkyoku
薬局,02,0141226,中央薬品株式会社　中央調剤薬局　桜川支店,青森市桜川四丁目２２－１４,017-741-5557,中央薬品株式会社　代表取締役社長　三上　智治,赤坂　真弓,,,平元. 7. 15,yakkyoku
薬局,02,0141275,さいとう調剤薬局　造道店,青森市東造道一丁目４－４,017-736-8566,有限会社　斎藤調剤薬局　代表取締役　齋藤　武,髙橋　昭子,,,平2. 2. 26,yakkyoku
薬局,02,0141325,ふたば調剤薬局,青森市橋本二丁目１８－１,017-723-5887,有限会社　双葉　代表取締役　川端　キヨヱ,吉野　隼平,,,平3. 1. 1,yakkyoku
薬局,02,0141374,有限会社　天狗薬局,青森市古川一丁目１７－２４,017-773-2480,有限会社　天狗薬局　代表取締役　丸山　勲,丸山　勲,,,平3. 7. 1,yakkyoku
薬局,02,0141382,サン調剤薬局　八重田店,青森市はまなす二丁目６番１０号,017-726-3377,株式会社　サン・ショウ　代表取締役　三上　志津子,三橋　淳司,,,平3. 9. 1,yakkyoku
薬局,02,0141432,つくだ調剤薬局,青森市中佃一丁目１－３１,017-743-7700,有限会社　つくだ調剤薬局　代表取締役　鳥谷部　睦子,川村　真一,,,平3. 11. 15,yakkyoku
薬局,02,0141564,ヘルシークラブ　ひまわり薬局,青森市古川一丁目２１－１４,017-777-0099,ＭｉＫ株式会社　代表取締役　村元　裕,小田桐　猛,,,平4. 12. 1,yakkyoku
薬局,02,0141580,中央薬品株式会社　中央調剤薬局　小柳支店,青森市小柳六丁目４－２３,017-742-7064,中央薬品株式会社　代表取締役社長　三上　智治,津　千絵子,,,平5. 4. 1,yakkyoku
薬局,02,0141630,テック調剤薬局　金沢店,青森市金沢四丁目４－１１,017-735-7533,有限会社　テック　代表取締役　千葉　英三,井筒　佑子,,,平5. 8. 1,yakkyoku
薬局,02,0141648,ひまわり薬局　筒井店,青森市筒井三丁目１４番２０号,017-738-8828,ＭｉＫ株式会社　代表取締役　村元　裕,工藤　景子,,,平5. 10. 1,yakkyoku
薬局,02,0141671,青柳薬局,青森市青柳二丁目４－８,017-774-0876,株式会社　沖舘薬局　代表取締役　岡島　裕史,高坂　教治,,,平5. 11. 1,yakkyoku
薬局,02,0141689,西川薬局,青森市千刈二丁目１－３２,017-782-0808,有限会社　西川薬局　代表取締役　西川　哲史,西川　哲史,,,平5. 11. 1,yakkyoku
薬局,02,0141713,沖舘薬局　長島店,青森市長島二丁目８－３,017-777-7748,株式会社　沖舘薬局　代表取締役　岡島　裕史,中堀　一弥,,,平6. 4. 1,yakkyoku
薬局,02,0141788,有限会社　ほてい堂薬局,青森市古川一丁目１６－１０,0177-22-3335,有限会社　ほてい堂薬局　代表取締役　久保内　雅雄,久保内　雅雄,,,平6. 12. 12,yakkyoku
薬局,02,0141812,かつた調剤薬局　奥野店,青森市奥野一丁目５－１３,017-774-4072,五葉商会株式会社　代表取締役　藤田　直希,藤田　直希,,,平7. 2. 27,yakkyoku
薬局,02,0141846,安田調剤薬局,青森市大字安田字近野１５３－１,017-782-2000,有限会社　イクス　代表取締役　高橋　学,高橋　学,,,平7. 6. 15,yakkyoku
薬局,02,0141879,テックイースト薬局,青森市浜館三丁目３－２５,017-743-3988,有限会社　テック　代表取締役　千葉　英三,奥出　貴博,,,平7. 10. 1,yakkyoku
薬局,02,0141937,テック調剤薬局　泉川店,青森市大字浪館字泉川２１－１,017-729-0555,有限会社　テック　代表取締役　千葉　英三,須藤　達大,,,平8. 1. 4,yakkyoku
薬局,02,0142000,サン調剤薬局　虹ヶ丘店,青森市虹ヶ丘一丁目３－１５,017-744-5511,株式会社　サン・ショウ　代表取締役　三上　志津子,神原　教行,,,平8. 11. 1,yakkyoku
薬局,02,0142034,サン調剤薬局　ハマダテ店,青森市浜館三丁目４－６,017-765-1133,株式会社　サン・ショウ　代表取締役　三上　志津子,白取　謙治,,,平9. 4. 1,yakkyoku
薬局,02,0142059,幸畑薬局,青森市大字幸畑字松元９８,017-728-5332,有限会社　へルシー　代表取締役　工藤　良一郎,工藤　良一郎,,,平9. 7. 15,yakkyoku
薬局,02,0142083,有限会社　つくだ調剤薬局　浜館店,青森市浜館四丁目１４－５,017-765-1655,有限会社　つくだ調剤薬局　代表取締役　鳥谷部　睦子,丹代　由紀彦,,,平9. 9. 1,yakkyoku
薬局,02,0142091,ベイ薬局,青森市沖館五丁目５－２５,017-761-1211,有限会社ティエム　代表取締役　斎藤　孝一,吉田　信弥,,,平9. 9. 15,yakkyoku
薬局,02,0142117,うとう調剤薬局　八重田店,青森市八重田二丁目１－１３,017-736-8000,有限会社　メディポート　代表取締役　野村　眞之,山本　耕司,,,平9. 10. 1,yakkyoku
薬局,02,0142125,オーロラ調剤薬局,青森市沖館三丁目１０－１２,017-761-1150,有限会社オーロラ　代表取締役　田澤　木実,坂本　美希,,,平9. 10. 15,yakkyoku
薬局,02,0142133,中央調剤薬局　緑支店,青森市緑一丁目１９－１９,017-773-7064,中央薬品株式会社　代表取締役社長　三上　智治,坂本　有加,,,平9. 11. 1,yakkyoku
薬局,02,0142265,しまなか薬局,青森市長島三丁目４－９,017-732-2311,有限会社　嶋中薬局　代表取締役　嶋中　雅生,嶋中　雅生,,,平10. 10. 1,yakkyoku
薬局,02,0142315,いとう薬局,青森市千刈一丁目１４－１３,017-766-0676,有限会社　伊藤薬局　代表取締役　伊藤　雅寛,伊藤　邦利,,,平10. 11. 1,yakkyoku
薬局,02,0142356,カナリア薬局,青森市金沢四丁目１６－２８,017-722-7799,有限会社セレクト　代表取締役　金澤　保,金澤　保,,,平11. 4. 15,yakkyoku
薬局,02,0142364,株式会社　南薬局,青森市本町二丁目６－１７,017-776-4177,株式会社　南薬局　代表取締役　南　正道,南　麻紀子,,,平11. 8. 15,yakkyoku
薬局,02,0142380,保険調剤薬局　タイキファーマシー　石江店,青森市大字石江字江渡５２－１７５,017-761-4025,株式会社　タイキファーマシー　代表取締役　松山　佳生,逢坂　実香,,,平11. 10. 1,yakkyoku
薬局,02,0142422,中央薬品株式会社　中央調剤薬局　松原支店,青森市松原三丁目９－２４,017-774-7064,中央薬品株式会社　代表取締役社長　三上　智治,白戸　春佳,,,平11. 11. 1,yakkyoku
薬局,02,0142430,さくら調剤薬局,青森市勝田一丁目１７－１９,017-721-1561,有限会社　リードファーム　代表取締役　古澤　誠蔵,一戸　卓也,,,平11. 11. 15,yakkyoku
薬局,02,0142471,ふたば調剤薬局　大野店,青森市大字大野字前田７５－９９,017-739-0578,有限会社　金子薬局　代表取締役　金子　智晴,金子　智晴,,,平12. 2. 1,yakkyoku
薬局,02,0142513,プリン薬局　小柳,青森市はまなす一丁目１７番２３号,017-737-3515,有限会社　カインドプリン　代表取締役　髙坂　聡,髙坂　聡,,,平12. 11. 15,yakkyoku
薬局,02,0142521,いとう薬局西滝店,青森市千刈二丁目６－１３,017-766-9100,有限会社伊藤薬局　代表取締役　伊藤　雅寛,森谷　勇祐,,,平13. 4. 1,yakkyoku
薬局,02,0142547,サカエ薬局　千富,青森市千富町一丁目３－４４,017-777-2422,株式会社町田アンド町田商会　代表取締役　町田　容一郎,坂本　瑞枝,,,平13. 10. 1,yakkyoku
薬局,02,0142554,すこやか薬局,青森市篠田一丁目１０－３,017-761-5963,有限会社メディエイト　代表取締役　金田　之江,田村　真美子,,,平13. 11. 1,yakkyoku
薬局,02,0142604,テックファーマシー沖館,青森市沖館一丁目９－２５,017-761-5888,有限会社テック　代表取締役　千葉　英三,櫻田　梨花,,,平14. 4. 15,yakkyoku
薬局,02,0142679,花園薬局,青森市花園２－４３－２５,017-741-7350,有限会社　幸仁メディカル　代表取締役　佐々木　仁,佐々木　仁,,,平15. 7. 1,yakkyoku
薬局,02,0142687,すずらん調剤薬局勝田店,青森市奥野一丁目１－１７,017-721-2151,有限会社　ケイエスメディカル　代表取締役　鈴木　和之,工藤　唯,,,平15. 10. 15,yakkyoku
薬局,02,0142695,サカエ薬局勝田,青森市勝田二丁目９－１１,017-722-0310,株式会社町田アンド町田商会　代表取締役　町田　容一郎,菅野　晶子,,,平15. 9. 29,yakkyoku
薬局,02,0142729,あい薬局,青森市浜田三丁目３番地１０,017-762-2310,有限会社　メディエイト　代表取締役　金田　之江,石山　惠一,,,平16. 3. 1,yakkyoku
薬局,02,0142745,サン調剤薬局東バイパス店,青森市平新田字森越２３－９,017-737-0033,株式会社　サン・ショウ　代表取締役　三上　志津子,野口　友仙,,,平16. 6. 1,yakkyoku
薬局,02,0142752,カド薬局　くぐりざか店,青森市久栗坂字山辺８９－１４,017-737-5101,合名会社　カド薬局　代表社員　大居　恵子,大居　浩久,,,平16. 11. 1,yakkyoku
薬局,02,0142778,すずらん調剤薬局　石江店,青森市石江字江渡９７－１１,017-761-1070,有限会社　ケイエスメディカル　代表取締役　鈴木　和之,福士　元気,,,平17. 4. 1,yakkyoku
薬局,02,0142794,猪股薬局,青森市浪岡大字浪岡字細田１８３,0172-62-4135,猪股　孝司,猪股　孝司,,,平12. 4. 1,yakkyoku
薬局,02,0142802,村林薬局,青森市浪岡大字浪岡字細田１４４－３,0172-62-3079,村林　学,村林　学,,,平11. 12. 15,yakkyoku
薬局,02,0142828,ファルマ浪岡薬局,青森市浪岡大字浪岡字浅井１８８－７,0172-62-1288,株式会社　ファルマ　代表取締役　崎野　修,雪田　友莉恵,,,平16. 12. 1,yakkyoku
薬局,02,0142836,アップル調剤薬局　浪岡,青森市浪岡大字浪岡字平野１９１－４,0172-69-1141,株式会社　アップルケミスト　代表取締役会長　長谷川　景一,長谷川　誠哉,,,平12. 11. 15,yakkyoku
薬局,02,0142851,フロンティア薬局　浪岡店,青森市浪岡大字浪岡字平野１９１－１９,0172-69-1313,株式会社フロンティア　代表取締役　重森　裕之,青松　玲奈,,,平14. 1. 1,yakkyoku
薬局,02,0142869,中央薬品（株）中央調剤薬局　市民病院前支店,青森市勝田一丁目１７－１６,017-774-6131,中央薬品株式会社　代表取締役社長　三上　智治,中西　俊博,,,平17. 5. 6,yakkyoku
薬局,02,0142885,ゆりのき薬局,青森市新町２－８－４３　１階,017-721-5815,有限会社　エムファイブ　代表取締役　佐藤　友吏子,佐藤　友吏子,,,平17. 6. 1,yakkyoku
薬局,02,0142893,ひまわり薬局石江店,青森市石江岡部７６－１,017-761-1185,ＭｉＫ株式会社　代表取締役　村元　裕,成田　礼弥,,,平17. 8. 1,yakkyoku
薬局,02,0142927,あおば薬局,青森市青葉１－２－３５,017-739-3300,株式会社　サン・ショウ　代表取締役　三上　志津子,青木　真由美,,,平17. 10. 1,yakkyoku
薬局,02,0142935,ハート薬局,青森市栄町１－３－５,017-765-3181,有限会社ハート薬局　代表取締役　石川　智健,石川　智健,,,平18. 1. 4,yakkyoku
薬局,02,0142976,中央薬品（株）中央調剤薬局　県病前支店,青森市東造道二丁目６－２８,017-736-6181,中央薬品株式会社　代表取締役社長　三上　智治,阿保　誉史,,,平18. 10. 10,yakkyoku
薬局,02,0142984,みんな野薬局　西バイパス店,青森市富田三丁目１６－５,017-761-5766,有限会社　ライブプランナー　代表取締役　速水　一広,速水　和江,,,平18. 11. 1,yakkyoku
薬局,02,0143032,サン調剤薬局八ツ橋店,青森市大字筒井字八ツ橋１３８２－１６,017-728-3200,株式会社　サン・ショウ　代表取締役　三上　志津子,中村　寛,,,平19. 7. 1,yakkyoku
薬局,02,0143057,どんぐり薬局なみおか,青森市浪岡大字女鹿沢字平野２１７－２９,0172-69-1421,株式会社　沖舘薬局　代表取締役　岡島　裕史,小田桐　望,,,平20. 4. 1,yakkyoku
薬局,02,0143065,有限会社　本宝薬局,青森市小柳６丁目２３番１６,017-765-5517,有限会社　本宝薬局　代表取締役　横浜　利成,横浜　利成,,,平20. 6. 1,yakkyoku
薬局,02,0143073,サカエ薬局　県病前,青森市東造道２丁目６－２７,017-736-4333,株式会社町田アンド町田商会　代表取締役　町田　容一郎,小笠原　まりあ,,,平20. 7. 1,yakkyoku
薬局,02,0143115,サン調剤薬局桂木店,青森市桂木４丁目６－３５,017-734-7890,株式会社　サン・ショウ　代表取締役　三上　志津子,村井　准,,,平21. 6. 1,yakkyoku
薬局,02,0143131,中央薬品（株）中央調剤薬局金沢支店,青森市大字浪館字志田３１番１号,017-761-5350,中央薬品株式会社　代表取締役社長　三上　智治,堤　結香,,,平21. 9. 1,yakkyoku
薬局,02,0143149,テック調剤薬局ヒルズ店,青森市大字雲谷字山吹９４番２５,017-718-3123,有限会社　テック　代表取締役　千葉　英三,川村　智子,,,平21. 9. 1,yakkyoku
薬局,02,0143180,会営　青森第一調剤薬局,青森市浪打一丁目１６－１７,,一般社団法人　青森県薬剤師会　会長　白滝　貴子,福田　ひかる,,,平22. 2. 1,yakkyoku
薬局,02,0143198,うとう調剤薬局　大野店,青森市東大野１丁目４番４６号,017-752-0615,有限会社　メディポート　代表取締役　野村　眞之,長谷川　真貴子,,,平22. 5. 1,yakkyoku
薬局,02,0143222,オーロラ薬局　大野店,青森市大字大野字山下１７１－１８,,有限会社オーロラ　代表取締役　田澤　木実,嶋中　幸希,,,平22. 7. 1,yakkyoku
薬局,02,0143248,スマイル薬局,青森市大字筒井字八ッ橋３１－１１７,017-764-2738,株式会社メディカルワン　代表取締役　長濱　一夫,和田　貴文,,,平22. 11. 1,yakkyoku
薬局,02,0143255,アーチ調剤薬局油川店,青森市大字羽白字沢田３６－１３,,株式会社ファーマクリエイト　代表取締役　豊嶋　龍介,寺田　大,,,平22. 10. 1,yakkyoku
薬局,02,0143297,オレンジ薬局,青森市松原三丁目１番１４,017-773-2400,有限会社ヘルシー　代表取締役　工藤　良一郎,鴫村　真也,,,平23. 8. 1,yakkyoku
薬局,02,0143321,ゆりのき薬局　浪打店,青森市合浦二丁目１１－１４,,有限会社エムファイブ　代表取締役　佐藤　友吏子,太田　憲治,,,平24. 2. 1,yakkyoku
薬局,02,0143339,ヘルスケア薬局,青森市橋本一丁目８－７,017-722-4165,株式会社　藤館　代表取締役　藤林　義範,藤林　義範,,,平24. 6. 1,yakkyoku
薬局,02,0143347,テック調剤薬局　浜田店,青森市浜田三丁目３－１７,,有限会社テック　代表取締役　千葉　英三,小山内　麻美,,,平24. 6. 1,yakkyoku
薬局,02,0143354,すずらん調剤薬局　沖館店,青森市沖館三丁目１－１８,017-763-0690,有限会社ケイエスメディカル　代表取締役　鈴木　和之,泉　孝司,,,平24. 9. 1,yakkyoku
薬局,02,0143370,すずらん調剤薬局　市民病院前店,青森市奥野一丁目６－１０,017-752-8606,有限会社ケイエスメディカル　代表取締役　鈴木　和之,髙橋　朱美,,,平25. 3. 1,yakkyoku
薬局,02,0143420,共創未来さわべ薬局,青森市大字三内字沢部２０１番１４,,株式会社ファーマみらい　代表取締役　岡山　善郎,川嶋　恵,,,平25. 11. 1,yakkyoku
薬局,02,0143438,共創未来さんない薬局,青森市西滝３丁目２９－７,017-782-0860,株式会社ファーマみらい　代表取締役　岡山　善郎,髙橋　公貴,,,平26. 3. 1,yakkyoku
薬局,02,0143453,共創未来まつばら薬局,青森市松原３丁目１２－８,017-735-0086,株式会社ファーマみらい　代表取締役　岡山　善郎,佐藤　友紀子,,,平26. 3. 1,yakkyoku
薬局,02,0143461,共創未来羽白薬局,青森市大字羽白字沢田５１－１,017-787-0860,株式会社ファーマみらい　代表取締役　岡山　善郎,加藤　裕,,,平26. 3. 1,yakkyoku
薬局,02,0143503,Ｍ’ｓ　浪岡駅前調剤薬局,青森市浪岡大字浪岡字細田９１－８,0172-88-8535,株式会社Ｍ’Ｓ　代表取締役　古山　兼哉,工藤　理悟,,,平26. 5. 1,yakkyoku
薬局,02,0143511,サン調剤薬局新青森駅前店,青森市石江４丁目４番地２,017-788-3330,株式会社　サン・ショウ　代表取締役　三上　志津子,古川　寛朗,,,平26. 6. 1,yakkyoku
薬局,02,0143529,なのはな調剤薬局,青森市松原一丁目５番６号,017-775-6550,株式会社ピースフル　代表取締役　福原　二重,福原　二重,,,平26. 6. 8,yakkyoku
薬局,02,0143537,プリン薬局里見,青森市里見二丁目９番３号,017-757-8020,有限会社　カインドプリン　代表取締役　髙坂　聡,神田　大輔,,,平26. 8. 1,yakkyoku
薬局,02,0143552,ハッピー調剤薬局　青森勝田店,青森市勝田一丁目２０番１号,017-763-0820,株式会社丸大サクラヰ薬局　代表取締役　今　寿,直井　佑太,,,平26. 11. 1,yakkyoku
薬局,02,0143578,なかじま漢方薬局,青森市古川２丁目８－１８,017-718-3422,株式会社ＨＡＬＵ　代表取締役　中嶋　睦子,中嶋　睦子,,,平27. 4. 1,yakkyoku
薬局,02,0143586,メガ調剤薬局　東青森店,青森市東造道３丁目４番１号,017-736-7700,紅屋商事株式会社　代表取締役　秦　雅秀,齊藤　のぞみ,,,平27. 10. 1,yakkyoku
薬局,02,0143594,かなざわ調剤薬局,青森市金沢一丁目５番６号,017-723-8901,株式会社　沖舘薬局　代表取締役　岡島　裕史,阿保　福成,,,平27. 10. 1,yakkyoku
薬局,02,0143602,みんな野薬局　佃店,青森市中佃２－１８－２４,017-752-6727,有限会社　ライブプランナー　代表取締役　速水　一広,前田　裕助,,,平27. 11. 1,yakkyoku
薬局,02,0143610,アイン薬局　つくだ店,青森市南佃２丁目８番４号,017-763-5111,株式会社アインファーマシーズ　代表取締役　淡路　英広,木本　弥生,,,平27. 11. 1,yakkyoku
薬局,02,0143628,うとう調剤薬局　奥野店,青森市奥野二丁目１１番６号,017-763-0878,株式会社　アローズ　代表取締役　野村　眞木男,野村　眞洋,,,平28. 2. 1,yakkyoku
薬局,02,0143644,中央薬品（株）中央調剤薬局　大野支店,青森市大字大野字片岡２５番２号,017-752-0571,中央薬品株式会社　代表取締役社長　三上　智治,佐藤　ゆかり,,,平28. 11. 1,yakkyoku
薬局,02,0143651,ヘルシークラブ　アベイ,青森市長島一丁目６番６号クロスタワーア・ベイ１Ｆ,017-721-3236,ＭｉＫ株式会社　代表取締役　村元　裕,中村　治紀,,,平29. 1. 1,yakkyoku
薬局,02,0143669,よつば薬局　三内店,青森市里見二丁目１２番地３０号,017-752-0825,株式会社ケーズファーマシー　代表取締役　金子　智晴,片桐　美佳,,,平29. 3. 1,yakkyoku
薬局,02,0143677,中央あけぼの薬局,青森市中央三丁目９番８号,017-777-2911,一般社団法人あおもり健康企画　理事長　舛甚　路子,岡田　早苗,,,平29. 4. 1,yakkyoku
薬局,02,0143701,大野あけぼの薬局,青森市東大野二丁目２番地１,017-739-6987,一般社団法人あおもり健康企画　理事長　舛甚　路子,野藤　なつみ,,,平29. 4. 1,yakkyoku
薬局,02,0143719,はれやか薬局,青森市西大野一丁目１５番地２１,017-762-1175,株式会社メディカルステーション　代表取締役　久保内　健次,久保内　健次,,,平29. 4. 1,yakkyoku
薬局,02,0143727,ハッピー調剤薬局　青森西大野店,青森市西大野三丁目１３番地８,017-764-6855,株式会社丸大サクラヰ薬局　代表取締役　今　寿,山崎　雛乃,,,平29. 4. 1,yakkyoku
薬局,02,0143735,ひまわり薬局　新青森駅前店,青森市石江３丁目２番地４,017-762-0210,ＭｉＫ株式会社　代表取締役　村元　裕,池田　毅,,,平29. 5. 1,yakkyoku
薬局,02,0143743,サン調剤薬局合浦公園前店,青森市合浦一丁目２番１６号,017-763-4333,株式会社　サン・ショウ　代表取締役　三上　志津子,田中　佑和,,,平29. 7. 1,yakkyoku
薬局,02,0143750,はまだ調剤薬局,青森市大字浜田字玉川１７９番地４７,017-762-0455,株式会社アローズ　代表取締役　野村　眞木男,竹山　恭子,,,平29. 9. 1,yakkyoku
薬局,02,0143768,共創未来　まつもり薬局,青森市松森二丁目１１番１９号,017-752-1691,株式会社ファーマみらい　代表取締役　岡山　善郎,濵谷　祉生子,,,平29. 9. 1,yakkyoku
薬局,02,0143776,ハッピー調剤薬局青森八重田ＳＣ店,青森市造道三丁目２５番１号,017-757-9767,株式会社丸大サクラヰ薬局　代表取締役　今　寿,加藤　博,,,平29. 12. 1,yakkyoku
薬局,02,0143792,ハッピー調剤薬局青森三内店,青森市大字三内字玉作２番地７２,017-752-8152,株式会社丸大サクラヰ薬局　代表取締役　今　寿,蝦名　弥希,,,平30. 2. 1,yakkyoku
薬局,02,0143800,リヴ調剤薬局くすし店,青森市久須志四丁目３番１６号,017-783-4138,有限会社エービス　取締役　吉川　正男,中村　友香,,,平30. 2. 1,yakkyoku
薬局,02,0143818,リヴ調剤薬局栄町店,青森市栄町二丁目２番１７号,017-743-7146,有限会社エービス　取締役　吉川　正男,吉岡　佳菜,,,平30. 2. 1,yakkyoku
薬局,02,0143842,なの花薬局浦町店,青森市勝田一丁目１５番６号,017-718-3061,株式会社なの花東北　代表取締役　赤石　正志,奥田　志保,,,平30. 7. 1,yakkyoku
薬局,02,0143859,ハッピー調剤薬局青森浜館店,青森市浜館六丁目４番地２１,017-718-8177,株式会社丸大サクラヰ薬局　代表取締役　今　寿,野里　晶子,,,平30. 8. 1,yakkyoku
薬局,02,0143867,ハッピー調剤薬局青森新城店,青森市大字新城字平岡２５８番地２５８,017-764-6962,株式会社丸大サクラヰ薬局　代表取締役　今　寿,川村　麻美子,,,平30. 12. 3,yakkyoku
薬局,02,0143875,ハッピー調剤薬局青森松原店,青森市松原三丁目１３番２１号,017-718-5537,株式会社丸大サクラヰ薬局　代表取締役　今　寿,佐藤　温子,,,令元. 5. 7,yakkyoku
薬局,02,0143891,造道調剤薬局,青森市岡造道二丁目１番１１号,017-741-4688,有限会社造道調剤薬局　取締役　小林　博子,長田　小百合,,,令元. 5. 1,yakkyoku
薬局,02,0143917,中央薬品（株）中央調剤薬局篠田支店,青森市篠田二丁目１９番２号,017-761-1227,中央薬品株式会社　代表取締役社長　三上　智治,又井　宏和,,,令元. 6. 1,yakkyoku
薬局,02,0143925,ハッピー調剤薬局青森沖館店,青森市柳川二丁目４番２２号,017-752-8945,株式会社丸大サクラヰ薬局　代表取締役　今　寿,伊藤　菜津美,,,令元. 7. 1,yakkyoku
薬局,02,0143933,中央薬品（株）中央調剤薬局堤支店,青森市堤町二丁目２４番１４号,017-718-8620,中央薬品株式会社　代表取締役社長　三上　智治,浅井　雄輔,,,令元. 9. 1,yakkyoku
薬局,02,0143941,保険調剤薬局タイキファーマシー西青森店,青森市大字石江字江渡１１７番地２４,017-764-6882,株式会社タイキファーマシー　代表取締役　松山　佳生,鳴海　温人,,,令元. 10. 1,yakkyoku
薬局,02,0143958,ハッピー調剤薬局青森久須志店,青森市久須志三丁目１８－７,017-718-0144,株式会社丸大サクラヰ薬局　代表取締役　今　寿,新谷　優成,,,令元. 10. 1,yakkyoku
薬局,02,0143966,なの花薬局津軽新城店,青森市大字新城字山田４８８番地２,017-763-5771,株式会社なの花東北　代表取締役　赤石　正志,髙渕　沙織,,,令元. 10. 1,yakkyoku
薬局,02,0143982,すずらん調剤薬局奥野店,青森市奥野三丁目１２番１８号,017-764-0910,有限会社ケイエスメディカル　代表取締役　鈴木　和之,森　龍生,,,令元. 11. 24,yakkyoku
薬局,02,0144006,ハッピー調剤薬局青森南佃店,青森県青森市南佃二丁目７番１０号,017-763-4307,株式会社丸大サクラヰ薬局　代表取締役　今　寿,福士　博文,,,令2. 1. 6,yakkyoku
薬局,02,0144014,ハッピー調剤薬局青森観光通店,青森市緑三丁目１１番８号,017-764-6651,株式会社丸大サクラヰ薬局　代表取締役　今　寿,下沢　佑佳,,,令2. 3. 6,yakkyoku
薬局,02,0144022,すずらん調剤薬局篠田店,青森市篠田二丁目２０番１９号,017-763-4030,有限会社ケイエスメディカル　代表取締役　鈴木　和之,石山　裕介,,,令2. 5. 1,yakkyoku
薬局,02,0144030,ハッピー調剤薬局青森浪岡店,青森県青森市浪岡大字浪岡字若松１２４番地１,0172-88-5412,株式会社丸大サクラヰ薬局　代表取締役　今　寿,相馬　一斗,,,令2. 9. 1,yakkyoku
薬局,02,0144048,あけぼの薬局妙見店,青森県青森市問屋町一丁目１５番１１号,017-764-1050,一般社団法人あおもり健康企画　理事長　舛甚　路子,藤田　光希,,,令2. 11. 1,yakkyoku
薬局,02,0144055,ハッピー調剤薬局青森松原南店,青森県青森市奥野二丁目２０番２号,017-718-4154,株式会社丸大サクラヰ薬局　代表取締役　今　寿,渡辺　楓,,,令3. 3. 1,yakkyoku
薬局,02,0144063,テック調剤薬局大野店,青森市大字大野字片岡３３－１５,017-718-8331,有限会社テック　代表取締役　千葉　英三,下山　詩織,,,令3. 5. 1,yakkyoku
薬局,02,0144071,イオン薬局青森店,青森市緑三丁目９番地２,017-723-4960,イオン東北株式会社　代表取締役　西垣　幸則,片倉　和文,,,令3. 9. 1,yakkyoku
薬局,02,0144097,ハッピー調剤薬局青森油川店,青森市油川字浪返１０２番地１,017-763-5730,株式会社丸大サクラヰ薬局　代表取締役　今　寿,唐牛　由美子,,,令4. 10. 1,yakkyoku
薬局,02,0144113,すずらん調剤薬局　浪打店,青森市浪打二丁目４番２号,017-765-2340,有限会社ケイエスメディカル　代表取締役　鈴木　和之,小笠原　聡子,,,令4. 10. 1,yakkyoku
薬局,02,0144121,すずらん調剤薬局　浜田店,青森市浜田二丁目１５番地１９,017-729-0006,有限会社ケイエスメディカル　代表取締役　鈴木　和之,藤田　賀世,,,令4. 10. 1,yakkyoku
薬局,02,0144147,平成堂薬局,青森市浪館前田四丁目３５番１５号,017-752-0944,有限会社平成堂薬局　代表取締役　櫻井　宏三,櫻井　宏三,,,令4. 11. 1,yakkyoku
薬局,02,0144154,ひまわり薬局堤町店,青森市堤町二丁目１５番１２号,017-777-2135,ＭｉＫ株式会社　代表取締役　村元　裕,三上　亜希代,,,令4. 11. 1,yakkyoku
薬局,02,0144170,ハッピー調剤薬局青森幸畑店,青森市幸畑五丁目１番３号,017-718-7252,株式会社丸大サクラヰ薬局　代表取締役　今　寿,竹内　梨紗,,,令5. 11. 1,yakkyoku
薬局,02,0144188,調剤薬局ツルハドラッグ大野店,青森市金沢三丁目１２番２１号,017-721-4339,株式会社ツルハ　代表取締役　八幡　政浩,工藤　昂士,,,令5. 12. 21,yakkyoku
薬局,02,0144196,クリオス調剤薬局,青森市南佃１丁目２番５号,017-718-0181,株式会社あうら　代表取締役　川越　幸夫,加藤　久幸,,,令6. 5. 1,yakkyoku
薬局,02,0144204,テック調剤薬局　高田店,青森市大字高田字川瀬３１６番地４,017-764-6277,有限会社テック　代表取締役　千葉　英三,木村　祐太,,,令6. 7. 1,yakkyoku
薬局,02,0144212,ハッピー調剤薬局青森旭町通店,青森市金沢三丁目２７番２２号,017-752-9381,株式会社丸大サクラヰ薬局　代表取締役　今　寿,間山　貴紘,,,令6. 7. 1,yakkyoku
薬局,02,0144220,すかい薬局,青森市花園二丁目４３番１５号,017-765-3900,株式会社スカイ　代表取締役　柴崎　崇,山田　勇,,,令6. 7. 1,yakkyoku
薬局,02,0144238,すずらん調剤薬局　観光通り店,青森市勝田一丁目２番１５号,017-762-0851,有限会社ケイエスメディカル　代表取締役　鈴木　和之,渡邉　智,,,令6. 12. 1,yakkyoku
薬局,02,0144246,サン調剤薬局小柳店,青森市小柳二丁目２番２８号,017-718-7506,株式会社サンホールディングス　代表取締役　三上　章,柴田　道彦,,,令6. 12. 1,yakkyoku
薬局,02,0144261,ファーマライズ薬局　青森みよし店,青森市三好一丁目８番地７,017-761-7125,ｎｅｘｔ　ＰＨ株式会社　代表取締役　松浦　惠子,渡邉　百江,,,令6. 12. 2,yakkyoku
薬局,02,0144279,すずらん調剤薬局　西滝店,青森市篠田三丁目１３番２４号,017-762-7565,有限会社ケイエスメディカル　代表取締役　鈴木　和之,今　郁子,,,令7. 6. 1,yakkyoku
薬局,02,0144287,ハッピー調剤薬局青森やえだ店,青森市東造道三丁目１５番１号,017-763-5337,株式会社丸大サクラヰ薬局　代表取締役　今　寿,山口　斗夢,,,令7. 6. 1,yakkyoku
薬局,02,0144295,調剤薬局ツルハドラッグ青森新田店,青森市新田二丁目２番１６号,017-752-8190,株式会社ツルハ　代表取締役　八幡　政浩,高坂　知加子,,,令7. 7. 1,yakkyoku
薬局,02,0144303,サン調剤薬局ベイブリッジ店,青森市沖館四丁目８番２５号,017-782-8855,株式会社サン・ショウ　代表取締役　三上　志津子,三浦　昂大,,,令7. 6. 1,yakkyoku
薬局,02,0144311,すずらん調剤薬局　三内店,青森市大字三内字玉作５番地６ハッピービル１階,017-763-5525,有限会社ケイエスメディカル　代表取締役　鈴木　和之,木村　義基,,,令7. 6. 16,yakkyoku
薬局,02,0144329,浪岡調剤薬局,青森市浪岡福田二丁目１３番地１３,0172-62-0800,株式会社医薬品情報センター　代表取締役　菅原　憲太郎,小林　譲,,,令7. 7. 1,yakkyoku
薬局,02,0144337,青い森薬局,青森市岡造道二丁目４番３３号,017-718-7778,株式会社アローズ　代表取締役　野村　眞木男,山下　功太,,,令7. 11. 4,yakkyoku
薬局,02,0144345,アップル調剤薬局青柳,青森市青柳二丁目５番３３号,017-763-5252,株式会社アップルケミスト　代表取締役　長谷川　景一,梅井　孝昭,,,令7. 12. 1,yakkyoku
薬局,02,0144352,浪岡ファミリー薬局,青森市浪岡大字浪岡字稲村１５７番６,0172-55-6750,株式会社ファルマ　代表取締役　崎野　修,髙橋　和希,,,令8. 4. 1,yakkyoku
薬局,02,0144360,ハッピー調剤薬局青森中央店,青森市東大野二丁目８番地４,017-752-0047,株式会社丸大サクラヰ薬局　代表取締役　今　寿,蝦名　弥希,,,令8. 4. 1,yakkyoku
薬局,02,0144378,沖舘薬局サンロード青森店,青森市緑三丁目９番地２サンロード青森１階,017-718-8095,株式会社沖舘薬局　代表取締役　岡島　裕史,岡島　裕史,,,令8. 6. 1,yakkyoku
薬局,02,0240101,株式会社　菊池薬店,弘前市大字土手町１８,0172-32-7556,株式会社菊池薬店　代表取締役　菊池　清長,菊池　清二,,,昭41. 8. 1,yakkyoku
薬局,02,0240317,株式会社　八木橋薬局,弘前市大字和徳町２３－５,0172-35-2811,株式会社　八木橋薬局　代表取締役　八木橋　雄一,八木橋　雄一,,,昭46. 9. 2,yakkyoku
薬局,02,0240770,さいとう調剤薬局　本町店,弘前市大字本町５６－１０,0172-36-1310,有限会社　斎藤調剤薬局　代表取締役　齋藤　武,齋藤　武,,,昭57. 9. 15,yakkyoku
薬局,02,0241000,弘大　弘仁会薬局,弘前市大字本町５６－７,0172-34-7058,一般財団法人　弘仁会　理事長　村市　悟,田辺　綾子,,,昭62. 4. 1,yakkyoku
薬局,02,0241075,磯木調剤薬局,弘前市大字土手町１３３,0172-32-7226,磯木　雄之輔,磯木　雄之輔,,,平2. 7. 1,yakkyoku
薬局,02,0241091,サカエ薬局　中央,弘前市大字新鍛冶町２４,0172-35-0505,株式会社町田アンド町田商会　代表取締役　町田　容一郎,葛西　朋美,,,平2. 12. 1,yakkyoku
薬局,02,0241166,弘前調剤センター,弘前市大字北横町１９－１,0172-40-3164,株式会社　ファルマ　代表取締役　崎野　修,佐藤　真由美,,,平4. 3. 15,yakkyoku
薬局,02,0241224,緑の森薬局　山王町,弘前市大字山王町３－５,0172-37-3007,株式会社　グリーン・フォーレスト　代表取締役　神馬　裕司,横山　俊一,,,平4. 8. 1,yakkyoku
薬局,02,0241265,株式会社　三輪商事　ミツワ薬局　中央通り店,弘前市大字徳田町６,0172-36-0808,株式会社　三輪商事　代表取締役　間山　久美子,齋藤　理,,,平4. 11. 1,yakkyoku
薬局,02,0241315,緑の森薬局　城東,弘前市大字城東二丁目１－１,0172-26-0077,株式会社　グリーン・フォーレスト　代表取締役　神馬　裕司,佐藤　誠子,,,平5. 6. 1,yakkyoku
薬局,02,0241349,さいとう調剤薬局　北園店,弘前市大字取上二丁目８－５０,0172-38-3120,有限会社　斎藤調剤薬局　代表取締役　齋藤　武,斎藤　壱啓,,,平5. 10. 15,yakkyoku
薬局,02,0241364,サカエ薬局　弘前栄町,弘前市大字栄町一丁目２－１５,0172-35-5022,株式会社町田アンド町田商会　代表取締役　町田　容一郎,町田　龍三郎,,,平5. 12. 1,yakkyoku
薬局,02,0241372,藤代薬局,弘前市大字藤代二丁目１３－１,0172-38-2727,株式会社　ファルマ　代表取締役　崎野　修,木村　匡宏,,,平6. 3. 1,yakkyoku
薬局,02,0241497,サカエ薬局　笹森,弘前市大字笹森町３７－２－１,0172-35-0544,株式会社町田アンド町田商会　代表取締役　町田　容一郎,清野　芳恵,,,平6. 11. 1,yakkyoku
薬局,02,0241539,マエダ調剤薬局,弘前市大字稔町２－２,0172-38-5030,有限会社　マエダファーマシー　代表取締役　前田　淳彦,長内　尚子,,,平7. 1. 15,yakkyoku
薬局,02,0241596,アップル調剤薬局,弘前市大字石渡一丁目１－２２,0172-36-2553,株式会社　アップルケミスト　代表取締役会長　長谷川　景一,寺田　友美,,,平8. 4. 1,yakkyoku
薬局,02,0241604,緑の森薬局　城西,弘前市大字南城西二丁目１２－１４,0172-37-0011,株式会社　グリーン・フォーレスト　代表取締役　神馬　裕司,神馬　孝子,,,平8. 4. 15,yakkyoku
薬局,02,0241679,大町薬局,弘前市駅前町８－１,0172-55-6366,株式会社　大町薬品　代表取締役　佐藤　裕,佐藤　雄真,,,平9. 2. 1,yakkyoku
薬局,02,0241695,磯木薬局　東店,弘前市大字城東四丁目６－２２,0172-26-0188,磯木　雄之輔,浦野　浩一,,,平9. 4. 1,yakkyoku
薬局,02,0241778,緑の森薬局　取上,弘前市大字取上二丁目１－７,0172-39-7088,有限会社　きららメディカル　代表取締役　神馬　裕司,髙橋　昇太,,,平10. 7. 1,yakkyoku
薬局,02,0241810,さいとう調剤薬局,弘前市大字品川町３７－３,0172-36-0765,有限会社　斎藤調剤薬局　代表取締役　齋藤　武,齋藤　ゆり,,,平10. 11. 1,yakkyoku
薬局,02,0241851,弘前駅前調剤薬局,弘前市大字駅前三丁目３－７,0172-37-5334,有限会社　弘前駅前調剤薬局　代表取締役　秋元　隆,秋元　伸,,,平11. 5. 1,yakkyoku
薬局,02,0241869,ＡＢＣ薬局,弘前市大字青山三丁目８－４,0172-35-3500,有限会社　傍島メディカルサービス　代表取締役　白滝　貴子,白滝　貴子,,,平11. 5. 15,yakkyoku
薬局,02,0241935,ルック調剤薬局,弘前市大字三岳町３－１,0172-31-1720,株式会社　アップルケミスト　代表取締役会長　長谷川　景一,上明戸　真央,,,平12. 11. 1,yakkyoku
薬局,02,0242040,さいとう調剤薬局　大町店,弘前市大字大町一丁目１４－５,0172-31-2251,有限会社　斎藤調剤薬局　代表取締役　齋藤　武,小山内　優,,,平14. 10. 15,yakkyoku
薬局,02,0242057,弘前市薬剤師薬局　津軽,弘前市大町三丁目１０－５,0172-31-3636,株式会社　弘前市薬剤師薬局　代表取締役社長　福士　眞佐子,櫻田　剛浩,,,平14. 12. 1,yakkyoku
薬局,02,0242065,あおば薬局,弘前市神田二丁目６－２７,0172-39-2239,有限会社　あおば　代表取締役　古川　和哉,古川　和哉,,,平14. 12. 1,yakkyoku
薬局,02,0242099,緑の森薬局　石川,弘前市石川字春仕内９７－５,0172-92-9023,有限会社　きららメディカル　代表取締役　神馬　裕司,板垣　真由美,,,平15. 4. 15,yakkyoku
薬局,02,0242107,ひまわり薬局　弘大病院前,弘前市本町５６－９メゾンソレイユ１階,0172-31-1588,ＭｉＫ株式会社　代表取締役　村元　裕,佐藤　玉緒,,,平15. 7. 15,yakkyoku
薬局,02,0242123,マエダ調剤薬局　城西店,弘前市南城西一丁目３－７,0172-39-6005,有限会社　マエダファーマシー　代表取締役　前田　淳彦,工藤　真郷,,,平15. 11. 15,yakkyoku
薬局,02,0242149,こずえ薬局,弘前市城東中央４丁目２－１８,0172-29-5005,有限会社　ヤギヌマファーマシー　代表取締役　柳沼　利一,柳沼　利一,,,平17. 2. 1,yakkyoku
薬局,02,0242156,青山調剤薬局,弘前市青山１丁目１０－２,0172-32-3344,株式会社Ｍ’ｓ　代表取締役　古山　兼哉,櫛引　健太郎,,,平17. 4. 1,yakkyoku
薬局,02,0242164,マエダ調剤薬局　中野店,弘前市中野２丁目１－１,0172-39-1041,有限会社　マエダファーマシー　代表取締役　前田　淳彦,一戸　優人,,,平17. 4. 1,yakkyoku
薬局,02,0242172,ひまわり薬局　城東店,弘前市福村字新舘添１１,0172-29-2030,ＭｉＫ株式会社　代表取締役　村元　裕,工藤　寿益,,,平17. 4. 4,yakkyoku
薬局,02,0242222,七福薬局,弘前市富田３－１１－２０,0172-39-2236,有限会社七福薬局　代表取締役　大久保　正,大久保　七枝,,,平18. 1. 1,yakkyoku
薬局,02,0242248,アップル調剤薬局岩木,弘前市大字賀田１－３－１６,0172-82-6120,株式会社　アップルケミスト　代表取締役会長　長谷川　景一,駒井　悠一,,,平17. 10. 1,yakkyoku
薬局,02,0242263,なないろ調剤薬局,弘前市駅前町１３－１扶岳ビル　１Ｆ,0172-31-2228,株式会社Ｍ’ｓ　代表取締役　古山　兼哉,倉内　美穂,,,平18. 4. 1,yakkyoku
薬局,02,0242297,メディカルサポート調剤薬局,弘前市百石町３７－４,0172-31-1086,有限会社　メディカルサポート　代表取締役　福島　龍人,佐藤　千夏子,,,平18. 6. 1,yakkyoku
薬局,02,0242313,やぎはし調剤薬局,弘前市大字東長町５９,0172-38-6170,株式会社　八木橋薬局　代表取締役　八木橋　雄一,白戸　英治,,,平19. 1. 9,yakkyoku
薬局,02,0242321,こずえ薬局　若葉店,弘前市若葉２－７－１６,0172-89-1282,有限会社　ヤギヌマファーマシー　代表取締役　栁沼　利一,佐藤　正治,,,平19. 5. 1,yakkyoku
薬局,02,0242339,さいとう調剤薬局　松原店,弘前市大字松原西２－２－１,0172-89-1234,有限会社　斎藤調剤薬局　代表取締役　齋藤　武,八木橋　歩,,,平19. 8. 1,yakkyoku
薬局,02,0242347,日本調剤　弘前薬局,弘前市大字本町５２,0172-31-3231,日本調剤株式会社　代表取締役　小城　和紀,上羽　勝也,,,平19. 11. 1,yakkyoku
薬局,02,0242362,ミツワ薬局　田町店,弘前市大字田町五丁目６番地８,0172-31-7221,株式会社　三輪商事　代表取締役　間山　久美子,納堂　大次郎,,,平20. 7. 1,yakkyoku
薬局,02,0242370,クローバー調剤薬局　弘前店,弘前市泉野一丁目５－７,0172-87-1962,有限会社クローバー　代表取締役　斎藤　智,櫻田　真紀,,,平20. 10. 1,yakkyoku
薬局,02,0242388,いわき調剤薬局,弘前市大字賀田１丁目１４－１５,0172-82-5933,株式会社　やくほ　代表取締役　北嶋　喬,藤巻　幸子,,,平20. 12. 1,yakkyoku
薬局,02,0242396,サカエ薬局紺屋町,弘前市大字紺屋町２７番地の１,0172-33-7777,株式会社町田アンド町田商会　代表取締役　町田　容一郎,川嶋　哲隆,,,平20. 12. 1,yakkyoku
薬局,02,0242404,メガ調剤薬局,弘前市高田４丁目２番地１０,0172-29-2553,紅屋商事株式会社　代表取締役　秦　雅秀,山内　いずみ,,,平21. 10. 1,yakkyoku
薬局,02,0242420,中央薬品（株）中央調剤薬局　住吉町支店,弘前市大字住吉町１１番１０号,0172-31-7064,中央薬品株式会社　代表取締役社長　三上　智治,藤巻　大輔,,,平22. 4. 1,yakkyoku
薬局,02,0242446,調剤薬局ツルハドラッグ弘前豊原店,弘前市大字豊原１丁目３－４,0172-31-2017,株式会社ツルハ　代表取締役　八幡　政浩,臼井　健裕,,,平22. 5. 1,yakkyoku
薬局,02,0242453,テルス石渡薬局,弘前市大字石渡三丁目１３番３２,0172-31-2570,株式会社フラッシュ　代表取締役　登嶋　崇,星　隆一,,,平22. 5. 1,yakkyoku
薬局,02,0242487,アルカディア中央薬局,弘前市大字扇町一丁目１番３,0172-88-7773,株式会社佐藤器機　代表取締役　佐藤　直文,酒井　一,,,平22. 11. 1,yakkyoku
薬局,02,0242495,りんごのき薬局本町店,弘前市大字本町５０－１　本町フラット１階,0172-88-7431,シップヘルスケアファーマシー株式会社　代表取締役　市谷　文吾,菅原　隼斗,,,平23. 3. 1,yakkyoku
薬局,02,0242511,ルナ調剤薬局,弘前市大字元長町１１番地１２,0172-88-6682,有限会社　奈良　代表取締役　奈良　卓,奈良　卓,,,平23. 11. 1,yakkyoku
薬局,02,0242529,株式会社弘前市薬剤師薬局,弘前市大字富田三丁目１４－１,0172-32-9188,株式会社弘前市薬剤師薬局　代表取締役社長　福士　眞佐子,福士　眞佐子,,,平23. 11. 28,yakkyoku
薬局,02,0242537,マエダ調剤薬局浜の町店,弘前市大字浜の町西２丁目１－２,0172-37-2124,有限会社マエダファーマシー　代表取締役　前田　淳彦,三橋　公子,,,平24. 4. 1,yakkyoku
薬局,02,0242545,わせだ薬局,弘前市早稲田二丁目２の１３,,株式会社メディカルワン　代表取締役　長濱　一夫,山田　真里奈,,,平24. 5. 1,yakkyoku
薬局,02,0242552,植田町薬局,弘前市植田町１５－２,0172-55-8633,株式会社ＨＩＲＡＴＡ　代表取締役　平田　洋子,平田　實,,,平24. 12. 1,yakkyoku
薬局,02,0242560,ふじの調剤薬局,弘前市藤野二丁目６番地１,0172-31-6922,磯木　雄之輔,天野　久,,,平24. 12. 1,yakkyoku
薬局,02,0242594,マエダ調剤薬局中央店,弘前市大字南川端町１３番地９,0172-88-8945,有限会社マエダファーマシー　代表取締役　前田　淳彦,小林　理恵,,,平25. 5. 1,yakkyoku
薬局,02,0242628,すずらん調剤薬局　桔梗野店,弘前市桔梗野１丁目３－４,0172-55-5533,有限会社　西北ファーマシー　代表取締役　鈴木　和之,工藤　琢史,,,平26. 6. 1,yakkyoku
薬局,02,0242636,平成薬局,弘前市大字城東中央４丁目１３番地１,0172-27-1818,有限会社平成薬局　代表取締役　松井　英雄,松井　隆敏,,,平26. 6. 1,yakkyoku
薬局,02,0242644,サン調剤薬局富野町店,弘前市大字富野町１２－６,0172-37-6677,株式会社　サン・ショウ　代表取締役　三上　志津子,小山内　靖子,,,平26. 7. 7,yakkyoku
薬局,02,0242651,代官町調剤薬局,弘前市大字代官町１０６番地,0172-38-2011,小野　真稔,小野　真稔,,,平26. 12. 1,yakkyoku
薬局,02,0242669,マエダ調剤薬局西弘店,弘前市大字中野２丁目１番地１３,0172-55-5845,有限会社マエダファーマシー　代表取締役　前田　淳彦,前田　峻輔,,,平27. 1. 1,yakkyoku
薬局,02,0242677,テック調剤薬局松森町店,弘前市大字松森町１０３番地,0172-55-5155,有限会社テック　代表取締役　千葉　英三,三橋　純也,,,平27. 1. 1,yakkyoku
薬局,02,0242685,ミツワ薬局代官町,弘前市大字代官町８６番１,0172-38-3666,株式会社三輪商事　代表取締役　間山　久美子,小山内　彩乃,,,平27. 3. 1,yakkyoku
薬局,02,0242701,スーパードラッグアサヒ調剤薬局富田店,弘前市大字富田３丁目６番地６,0172-55-8510,株式会社タイキファーマシー　代表取締役　松山　佳生,伊東　淑子,,,平27. 7. 1,yakkyoku
薬局,02,0242727,保険調剤薬局タイキファーマシー高田店,弘前市大字高田５丁目２番地１５,0172-88-8448,株式会社タイキファーマシー　代表取締役　松山　佳生,忍足　雄太,,,平27. 10. 1,yakkyoku
薬局,02,0242735,アサヒオリジナル調剤薬局,弘前市大字宮川１丁目２－２,0172-88-8694,株式会社Ａｓａｈｉ　Ｏｒｉｇｉｎａｌ　代表取締役　伴　学,伴　学,,,平27. 10. 1,yakkyoku
薬局,02,0242743,アイン薬局弘前本町店,弘前市大字本町４８番１号,0172-39-1571,株式会社アインファーマシーズ　代表取締役　淡路　英広,北山　由香,,,平27. 11. 1,yakkyoku
薬局,02,0242750,保険調剤薬局タイキファーマシー城東北店,弘前市大字城東北四丁目４番地２０　１Ｆ,0172-29-4012,株式会社タイキファーマシー　代表取締役　松山　佳生,中村　佑,,,平28. 6. 1,yakkyoku
薬局,02,0242768,メガ調剤薬局　神田店,弘前市神田三丁目２番地８,0172-31-0202,紅屋商事株式会社　代表取締役　秦　雅秀,齋藤　めぐみ,,,平28. 7. 1,yakkyoku
薬局,02,0242792,ファルマ弘前薬局,弘前市扇町二丁目２番地１０,0172-28-8955,株式会社ファルマ　代表取締役　崎野　修,葛西　孔明,,,平29. 10. 1,yakkyoku
薬局,02,0242800,ふくろう薬局,弘前市大字代官町５７番地１,0172-31-1988,株式会社ＫＳＣ　代表取締役　吉田　弘,髙森　由美子,,,平29. 11. 13,yakkyoku
薬局,02,0242818,すずらん調剤薬局　松原東店,弘前市大字松原東２丁目５－２６,0172-55-8841,有限会社西北ファーマシー　代表取締役　鈴木　和之,伊勢谷　紗千子,,,平29. 11. 1,yakkyoku
薬局,02,0242826,すずらん調剤薬局　弘前駅前店,弘前市大字駅前町６－１１,0172-55-0123,有限会社西北ファーマシー　代表取締役　鈴木　和之,鹿内　美也子,,,平29. 11. 1,yakkyoku
薬局,02,0242834,３丁目調剤薬局,弘前市大字大町３丁目６番２,0172-55-7535,株式会社タイキファーマシー　代表取締役　松山　佳生,中嶋　啓貴,,,平30. 2. 1,yakkyoku
薬局,02,0242859,ひかり調剤薬局,弘前市大字品川町２４番地１,0172-88-6955,有限会社　斎藤調剤薬局　代表取締役　齋藤　武,木谷　宏,,,平30. 3. 1,yakkyoku
薬局,02,0242867,調剤薬局ツルハドラッグ弘前アルカディア店,弘前市大字扇町３丁目１－２,0172-29-1202,株式会社ツルハ　代表取締役　八幡　政浩,高屋　宗冬,,,平30. 5. 1,yakkyoku
薬局,02,0242883,ハッピー調剤薬局弘前土手町店,弘前市土手町８９番地１,0172-55-7527,株式会社丸大サクラヰ薬局　代表取締役　今　寿,野宮　万里,,,平30. 8. 1,yakkyoku
薬局,02,0242891,スーパードラッグアサヒ調剤薬局住吉店,弘前市大字住吉町８番地１８,0172-88-8170,株式会社タイキファーマシー　代表取締役　松山　佳生,菊池　裕介,,,平30. 8. 1,yakkyoku
薬局,02,0242925,クオール薬局弘前豊原店,弘前市豊原一丁目５番２９,0172-31-3210,クオール株式会社　代表取締役　柄澤　忍,小早川　祐太,,,平30. 10. 1,yakkyoku
薬局,02,0242933,ファイン調剤薬局　松森町店,弘前市大字松森町１１９番地２,0172-26-5020,有限会社メディカルトーイボックス　代表取締役　工藤　和信,工藤　章子,,,平30. 10. 9,yakkyoku
薬局,02,0242941,ハッピー調剤薬局弘前桔梗野店,弘前市桔梗野１丁目２番２号,0172-26-7023,株式会社丸大サクラヰ薬局　代表取締役　今　寿,前田　浩平,,,平31. 2. 1,yakkyoku
薬局,02,0242958,ハッピー調剤薬局弘前城東店,弘前市田園３丁目５－１２,0172-40-0516,株式会社丸大サクラヰ薬局　代表取締役　今　寿,吉田　秀平,,,令元. 6. 3,yakkyoku
薬局,02,0242966,サカエ薬局堅田,弘前市宮川３－２－１,0172-31-5233,株式会社町田アンド町田商会　代表取締役　町田　容一郎,原田　生知,,,令元. 9. 24,yakkyoku
薬局,02,0243006,ハート調剤薬局中央通り店,弘前市上鞘師町４番地,0172-33-6338,株式会社メディラック　代表取締役　吉田　弘,吉岡　小百合,,,令元. 10. 1,yakkyoku
薬局,02,0243014,ハート調剤薬局松森町店,弘前市松森町４８,0172-34-7393,株式会社メディラック　代表取締役　吉田　弘,木村　郁郎,,,令元. 10. 1,yakkyoku
薬局,02,0243022,ハート調剤薬局安原店,弘前市安原３－７－１０,0172-87-3135,株式会社メディラック　代表取締役　吉田　弘,松村　康幸,,,令元. 10. 1,yakkyoku
薬局,02,0243030,保険調剤薬局ファーマシー弘前店,弘前市富田３－４－７,0172-26-8965,株式会社ファーマシー　代表取締役　松山　佳生,松山　稔,,,令元. 12. 1,yakkyoku
薬局,02,0243048,保険調剤薬局ファーマシー,弘前市大字代官町９１－３,0172-55-6405,株式会社ファーマシー　代表取締役　松山　佳生,今井　利幸,,,令2. 2. 1,yakkyoku
薬局,02,0243063,磯木薬局岩木店,弘前市真土勝剱林３３４番４,0172-55-7631,磯木　雄之輔,下山　貴行,,,令2. 4. 1,yakkyoku
薬局,02,0243071,いちい薬局弘前北横町店,弘前市北横町５０－２,0172-40-3871,株式会社いちい　代表取締役　一井　滋信,花田　志織,,,令2. 4. 1,yakkyoku
薬局,02,0243089,サン調剤薬局　安原店,弘前市安原二丁目１－３５,0172-55-6652,株式会社　サン・ショウ　代表取締役　三上　志津子,佐藤　久美,,,令2. 4. 20,yakkyoku
薬局,02,0243097,すずらん調剤薬局　城東中央店,青森県弘前市大字城東中央３丁目９－２０,0172-88-7180,有限会社西北ファーマシー　代表取締役　鈴木　和之,相馬　友紀,,,令3. 3. 1,yakkyoku
薬局,02,0243105,大開調剤薬局,青森県弘前市大字大開１丁目５－１,0172-87-6776,株式会社Ｍ’ｓ　代表取締役　古山　兼哉,田向　祐太,,,令3. 3. 1,yakkyoku
薬局,02,0243113,そうごう薬局　弘前駅前店,弘前市駅前町１１－２,0172-88-7177,総合メディカル株式会社　代表取締役　多田　荘一郎,鈴木　智晴,,,令3. 4. 1,yakkyoku
薬局,02,0243121,そうごう薬局　松原店,弘前市松原東２－１４－６,0172-87-8833,総合メディカル株式会社　代表取締役　多田　荘一郎,福原　直也,,,令3. 4. 1,yakkyoku
薬局,02,0243139,そうごう薬局　アルカディア店,弘前市扇町１－１－６,0172-29-1201,総合メディカル株式会社　代表取締役　多田　荘一郎,唐牛　儒賢,,,令3. 4. 1,yakkyoku
薬局,02,0243147,そうごう薬局　桔梗野店,弘前市桔梗野２－１３－２３,0172-55-7266,総合メディカル株式会社　代表取締役　多田　荘一郎,秋田　絵美,,,令3. 4. 1,yakkyoku
薬局,02,0243154,すずらん調剤薬局　三岳店,弘前市三岳町６－３１,0172-55-7195,有限会社西北ファーマシー　代表取締役　鈴木　和之,古屋　寿子,,,令3. 5. 1,yakkyoku
薬局,02,0243162,（紅）こがわ薬局,弘前市本町５１,0172-36-3355,株式会社こがわ薬局　代表取締役　古川　一,古川　一,,,令3. 8. 1,yakkyoku
薬局,02,0243170,メガ調剤薬局富田店,弘前市富田３丁目７番８,0172-88-7670,紅屋商事株式会社　代表取締役　秦　雅秀,久米田　早苗,,,令3. 10. 1,yakkyoku
薬局,02,0243188,ハッピー調剤薬局弘前城東中央店,弘前市城東中央三丁目３－１,,株式会社丸大サクラヰ薬局　代表取締役　今　寿,津川　葵,,,令4. 2. 1,yakkyoku
薬局,02,0243196,有限会社津軽メディカル商事松田薬局,弘前市南瓦ケ町２－５,,有限会社津軽メディカル商事　代表取締役　松田　美知子,平井　稚子,,,令3. 12. 30,yakkyoku
薬局,02,0243204,マエダ調剤薬局医療センター前,弘前市富田３－６－３,0172-26-7444,有限会社マエダファーマシー　代表取締役　前田　淳彦,小笠原　知佳子,,,令4. 3. 1,yakkyoku
薬局,02,0243212,調剤薬局ツルハドラッグ弘前駅前店,弘前市駅前２丁目６番地２,0172-31-5111,株式会社ツルハ　代表取締役　八幡　政浩,青松　莉乃,,,令4. 3. 1,yakkyoku
薬局,02,0243220,ハッピー調剤薬局弘前岩木店,弘前市一町田字村元７１２－１,0172-26-5363,株式会社丸大サクラヰ薬局　代表取締役　今　寿,長尾　侑磨,,,令4. 4. 1,yakkyoku
薬局,02,0243238,ハッピー調剤薬局弘前堅田店,弘前市青山１丁目１１－２,0172-40-0172,株式会社丸大サクラヰ薬局　代表取締役　今　寿,髙田　真里,,,令4. 7. 1,yakkyoku
薬局,02,0243246,あずまし薬局早稲田ドライブスルー店,弘前市早稲田二丁目７番地４,0172-88-5759,株式会社ヘルスラボ２１　代表取締役　細川　一雅,細川　一雅,,,令5. 3. 1,yakkyoku
薬局,02,0243253,調剤薬局ツルハドラッグ弘前外崎店,弘前市外崎３丁目５－１,0172-40-2399,株式会社ツルハ　代表取締役　八幡　政浩,秋元　穂奈美,,,令5. 3. 1,yakkyoku
薬局,02,0243261,テルス薬局弘前東,弘前市境関西田２８－１,0172-26-0600,株式会社フラッシュ　代表取締役　登嶋　崇,原田　美恵子,,,令5. 7. 16,yakkyoku
薬局,02,0243279,ハッピー調剤薬局弘前浜の町店,弘前市浜の町西１丁目５番２１,0172-26-6472,株式会社丸大サクラヰ薬局　代表取締役　今　寿,鳴海　日菜子,,,令5. 10. 1,yakkyoku
薬局,02,0243287,マエダ調剤薬局あおぞら店,弘前市中野１－９－１１,0172-55-9255,有限会社マエダファーマシー　代表取締役　前田　淳彦,岡村　令子,,,令5. 10. 1,yakkyoku
薬局,02,0243295,Ｍ’ｓ　いしかわ薬局,弘前市石川石川１０３番５,0172-92-2815,株式会社Ｍ’ｓ　代表取締役　古山　兼哉,相馬　一規,,,令5. 11. 1,yakkyoku
薬局,02,0243303,ハッピー調剤薬局弘前大原店,弘前市大原二丁目５－２６,0172-55-6718,株式会社丸大サクラヰ薬局　代表取締役　今　寿,山田　大樹,,,令6. 12. 1,yakkyoku
薬局,02,0243311,ハッピー調剤薬局弘前和徳店,弘前市和徳町１６５,0172-88-6962,株式会社丸大サクラヰ薬局　代表取締役　今　寿,松橋　拓哉,,,令7. 4. 1,yakkyoku
薬局,02,0243329,ファイン調剤薬局　茂森新町店,弘前市茂森新町一丁目６番５４,0172-88-6658,有限会社メディカルトーイボックス　代表取締役　工藤　和信,工藤　和信,,,令7. 6. 1,yakkyoku
薬局,02,0243337,ＡＢＣ薬局　ＳＨＩＲＯＳＨＩＴＡ,弘前市大字駒越町６－１,0172-55-6818,有限会社傍島メディカルサービス　代表取締役　白滝　貴子,大西　智子,,,令7. 11. 1,yakkyoku
薬局,02,0243345,さいとう調剤薬局川先店,弘前市大字川先二丁目３番地３５,0172-27-1808,有限会社斎藤調剤薬局　代表取締役　齋藤　武,阿部　一生,,,令8. 4. 1,yakkyoku
薬局,02,0243352,あおぞら薬局,弘前市早稲田２丁目８番地８,0172-29-4317,株式会社ウィーズ　代表取締役　芦田　達也,庄司　龍平,,,令8. 6. 1,yakkyoku
薬局,02,0243360,あおぞら薬局南城西店,弘前市南城西２丁目５番１５,0172-35-9413,株式会社ウィーズ　代表取締役　芦田　達也,成田　智子,,,令8. 6. 1,yakkyoku
薬局,02,0340729,みなと薬局,八戸市大字湊町字大沢２３－３,0178-33-1070,佐々木　厚夫,佐々木　厚夫,,,昭57. 10. 15,yakkyoku
薬局,02,0340885,サン・ファーマシィ,八戸市売市２－１１－１１,0178-45-6748,有限会社へルシー・アドバンスメント　代表取締役　竹島　晃子,相澤　孝志,,,昭63. 6. 15,yakkyoku
薬局,02,0340950,有限会社　柏崎調剤薬局,八戸市柏崎一丁目８－３２,0178-43-8500,有限会社　柏崎調剤薬局　代表取締役　工藤　渉,工藤　渉,,,平元. 10. 1,yakkyoku
薬局,02,0340968,山田薬局,八戸市大字番町２３－１,0178-22-0020,山田　勝久,山田　勝久,,,平元. 12. 15,yakkyoku
薬局,02,0341073,株式会社　サクラ薬局,八戸市大字湊町字柳町１,0178-33-0390,株式会社　サクラ薬局　代表取締役　村田　賴信,山田　玲子,,,平4. 7. 15,yakkyoku
薬局,02,0341123,内丸薬局,八戸市内丸一丁目２－２５,0178-46-5959,大原　松男,李　純子（大原純子）,,,平5. 9. 15,yakkyoku
薬局,02,0341206,はまなす薬局,八戸市日計一丁目２番４７号,0178-20-1411,有限会社　はまなす　代表取締役　安保　均,安保　均,,,平6. 10. 1,yakkyoku
薬局,02,0341222,川村薬局,八戸市一番町一丁目１－２,0178-27-1485,川村　元宏,川村　元宏,,,平6. 12. 1,yakkyoku
薬局,02,0341248,ベル薬局,八戸市下長一丁目６－２９,0178-29-2914,有限会社　ウィンベル　代表取締役　立花　央士,立花　央士,,,平7. 4. 1,yakkyoku
薬局,02,0341289,有限会社　こいけ薬局,八戸市小中野二丁目９－１７,0178-22-3970,有限会社　こいけ薬局　代表取締役　小池　文子,小池　智彦,,,平7. 12. 4,yakkyoku
薬局,02,0341313,すばる薬局,八戸市小中野四丁目１－５２,0178-43-8233,株式会社　すばる薬局　代表取締役　類家　徳昌,佐藤　雅子,,,平8. 6. 1,yakkyoku
薬局,02,0341321,ニュータウン薬局,八戸市東白山台三丁目２０番６号,0178-27-0242,有限会社　ニュータウン薬局　代表取締役　極壇　幸次,佐藤　孝汰,,,平8. 7. 15,yakkyoku
薬局,02,0341362,有限会社　こいけ薬局　根城店,八戸市根城四丁目２０－３３,0178-44-9229,有限会社　こいけ薬局　代表取締役　小池　文子,小池　文子,,,平8. 11. 1,yakkyoku
薬局,02,0341396,たかはし薬局,八戸市大字堤町１３－９,0178-45-1544,有限会社たかはし薬局　代表取締役　髙橋　公使,山口　亜弥子,,,平9. 2. 1,yakkyoku
薬局,02,0341453,田村調剤薬局,八戸市湊高台二丁目１２－６,0178-35-4890,有限会社　田村調剤薬局　代表取締役　田村　徳之,田村　徳之,,,平9. 5. 1,yakkyoku
薬局,02,0341479,あすなろ薬局,八戸市青葉二丁目２０－３２,0178-72-3044,有限会社アクティ　代表取締役　山田　文義,中嶋　健,,,平9. 5. 15,yakkyoku
薬局,02,0341529,八戸東薬局,八戸市湊高台一丁目１８－６,0178-32-2011,有限会社　ファーマウィング　代表取締役　泉水　英也,泉水　英也,,,平9. 10. 1,yakkyoku
薬局,02,0341545,エンゼル薬局,八戸市大字本徒士町９－１０,0178-72-3200,有限会社エンゼル薬局　代表取締役　中村　世志朗,中村　世志朗,,,平9. 11. 1,yakkyoku
薬局,02,0341560,コスモ薬局,八戸市下長三丁目１３ー１４,0178-21-1581,有限会社　コスモ薬局　代表取締役　駒井　徹,駒井　徹,,,平9. 12. 15,yakkyoku
薬局,02,0341594,うみねこ薬局,八戸市柏崎四丁目１５－３９,0178-71-3061,有限会社　共奏　代表取締役　鶴岡　智希,横井　祥子,,,平10. 6. 1,yakkyoku
薬局,02,0341628,三八五薬品株式会社　調剤薬局ミヤゴ　新井田店,八戸市大字新井田西二丁目１番２４号,0178-25-7223,三八五薬品株式会社　代表取締役　山下　隆,山下　隆,,,平10. 12. 1,yakkyoku
薬局,02,0341644,サンケア薬局　白銀店,八戸市大字白銀町字南ヶ丘１１－７,0178-32-1800,株式会社　サン・ケア　代表取締役　三上　章,赤石　将成,,,平11. 7. 1,yakkyoku
薬局,02,0341651,みしま薬局,八戸市白銀一丁目１０－３,0178-35-0101,有限会社　昭和　代表取締役　佐々木　真,佐々木　真,,,平11. 7. 1,yakkyoku
薬局,02,0341677,類家メディカル調剤薬局,八戸市南類家二丁目１７－２３,0178-24-4128,有限会社　本田医薬情報センター　代表取締役　本田　尚徳,三浦　晃敬,,,平11. 9. 1,yakkyoku
薬局,02,0341685,たむら薬局　白銀店,八戸市大字白銀町字堀ノ外９－４,0178-32-1616,有限会社　田村調剤薬局　代表取締役　田村　徳之,遠藤　恵美子,,,平11. 9. 1,yakkyoku
薬局,02,0341719,ファインファーマシー,八戸市下長四丁目１－１ユニバース下長店内,0178-28-5795,有限会社　ファインファーマシー　代表取締役　久慈　昌和,小笠原　信敬,,,平11. 11. 1,yakkyoku
薬局,02,0341750,大嶋薬局,八戸市一番町一丁目２－２７,0178-27-1563,有限会社　大嶋薬局　代表取締役　大嶋　隆広,大嶋　隆広,,,平12. 4. 1,yakkyoku
薬局,02,0341784,こかぐち薬局,八戸市柏崎五丁目４－１８,0178-22-2785,有限会社こかぐち薬局　代表取締役　類家　徳久,千葉　恵子,,,平13. 1. 1,yakkyoku
薬局,02,0341875,ハート薬局新井田店,八戸市新井田西三丁目１６番１４号,0178-30-1162,薬剤專科有限会社　取締役　野村　里美,野村　安子,,,平13. 11. 15,yakkyoku
薬局,02,0341891,つくし薬局,八戸市南類家五丁目１－１０,0178-72-3396,有限会社みやけ調剤薬局　代表取締役　三宅範史,三宅　史子,,,平14. 4. 1,yakkyoku
薬局,02,0341958,八戸南薬局,八戸市新井田字横町４７,0178-30-1312,有限会社　メディカルアシスト　代表取締役　鈴木　法宏,鈴木　法宏,,,平15. 5. 15,yakkyoku
薬局,02,0341966,大久保薬局,八戸市糠塚字大杉平４－５,0178-44-6291,大久保　博光,大久保　博光,,,平15. 11. 5,yakkyoku
薬局,02,0341974,にいだ調剤薬局,八戸市新井田字館下２３－２,0178-30-1323,有限会社　共奏　代表取締役　鶴岡　智希,鶴岡　智希,,,平16. 6. 1,yakkyoku
薬局,02,0341982,大学堂薬局柏崎,八戸市柏崎４丁目１４－４７,0178-43-5508,株式会社　類家大学堂薬局　代表取締役　類家　徳久,鈴木　史子,,,平16. 6. 1,yakkyoku
薬局,02,0342006,いろは薬局,八戸市新井田西二丁目７－１４,0178-25-8477,有限会社　ホーリー　代表取締役　河原　史,草野　孝徳,,,平16. 9. 1,yakkyoku
薬局,02,0342014,中央薬品（株）中央調剤薬局　日赤病院前支店,八戸市田面木字堤下９－３,0178-70-1660,中央薬品株式会社　代表取締役社長　三上　智治,久保田　亮翔,,,平16. 9. 1,yakkyoku
薬局,02,0342030,あい薬局　市民病院前,八戸市田向二丁目７番１０号,0178-71-1616,ＭｉＫ株式会社　代表取締役　村元　裕,村井　十允,,,平16. 10. 1,yakkyoku
薬局,02,0342048,みはな薬局,八戸市湊高台五丁目２０－２１,0178-32-3137,有限会社　エーベック　代表取締役　阿部　充,箱石　貴之,,,平16. 10. 1,yakkyoku
薬局,02,0342071,くるみ薬局,八戸市新井田西３丁目１５番１８号,0178-30-1031,有限会社　サン・ヘルス　代表取締役　岩間　香苗,小泉　拓也,,,平16. 12. 1,yakkyoku
薬局,02,0342170,有限会社　八戸保険調剤薬局,八戸市田向二丁目７番７号,0178-24-1023,有限会社　八戸保険調剤薬局　代表取締役　六郷　敏男,小野寺　卓造,,,平18. 6. 5,yakkyoku
薬局,02,0342196,あおぞら薬局,八戸市大字白銀町字浜崖７－６０,0178-35-1161,有限会社　あおぞら　代表取締役　道尻　誠助,窪田　有一,,,平18. 8. 1,yakkyoku
薬局,02,0342238,まごころ薬局,八戸市類家１－３－４,0178-72-4777,純光メディカル株式会社　代表取締役　若林　順子,若林　順子,,,平19. 3. 1,yakkyoku
薬局,02,0342246,サンケア薬局　八戸駅前店,八戸市大字尻内町字八百刈２５－１,0178-23-4193,株式会社　サン・ケア　代表取締役　三上　章,坂　舞,,,平19. 4. 1,yakkyoku
薬局,02,0342253,こうよう薬局,八戸市江陽１－１８－３,0178-46-3721,株式会社　江陽ファーマシー　代表取締役　黒島　弘康,三上　史枝,,,平19. 5. 1,yakkyoku
薬局,02,0342279,サカエ薬局柏崎,八戸市柏崎６－３０－５,0178-73-5445,株式会社町田アンド町田商会　代表取締役　町田　容一郎,山田　奈央子,,,平19. 7. 1,yakkyoku
薬局,02,0342287,つつみの薬局,八戸市根城１－１４－１,0178-71-2895,有限会社アクティ　代表取締役　山田　文義,関端　真帆,,,平19. 8. 1,yakkyoku
薬局,02,0342295,みんな野薬局　八戸南店,八戸市田向一丁目６番８号,,有限会社　ライブプランナー　代表取締役　速水　一広,穂積　郁美,,,平19. 9. 1,yakkyoku
薬局,02,0342329,ニコニコ薬局,八戸市大字本鍛冶町２番６,0178-73-6628,有限会社ニコニコ　代表取締役　道尻　誠助,道尻　誠助,,,平20. 9. 1,yakkyoku
薬局,02,0342360,サカエ薬局田面木,八戸市大字田面木字堤下１５番地３,0178-23-4840,株式会社町田アンド町田商会　代表取締役　町田　容一郎,石崎　仁,,,平21. 2. 1,yakkyoku
薬局,02,0342386,岩舘薬局,八戸市大字中居林字平５,0178-96-6181,岩舘　信明,岩舘　信明,,,平21. 3. 9,yakkyoku
薬局,02,0342444,ハッピー調剤薬局　八戸青葉店,八戸市青葉３丁目３１－１,0178-20-8814,株式会社　丸大サクラヰ薬局　代表取締役　今　寿,新堂　正明,,,平22. 9. 1,yakkyoku
薬局,02,0342477,サンケア薬局　石堂店,八戸市石堂１丁目１５番９,0178-21-2800,株式会社　サン・ケア　代表取締役　三上　章,倉内　美樹,,,平23. 4. 1,yakkyoku
薬局,02,0342550,いちご薬局八戸日赤前店,八戸市田面木字堤下１２番３号,0178-80-7615,株式会社　マルベリー　代表取締役　桑野　真四郎,桑野　真四郎,,,平24. 11. 1,yakkyoku
薬局,02,0342584,共創未来南郷薬局,八戸市南郷大字島守字梨子ノ久保２５番地１０,,株式会社ファーマみらい　代表取締役　岡山　善郎,金澤　洋祐,,,平25. 11. 1,yakkyoku
薬局,02,0342592,ハッピー調剤薬局　八戸田向店,八戸市田向二丁目１２番８号,0178-73-8338,株式会社丸大サクラヰ薬局　代表取締役　今　寿,三澤　賢,,,平25. 11. 13,yakkyoku
薬局,02,0342618,売市薬局,八戸市売市四丁目７番１５号,0178-51-8410,株式会社エフジーメディカル　代表取締役　極檀　幸次,極檀　幸次,,,平26. 4. 1,yakkyoku
薬局,02,0342626,調剤薬局ツルハドラッグ八戸市民病院前店,八戸市田向三丁目２番１９号,0178-73-2220,株式会社ツルハ　代表取締役　八幡　政浩,佐藤　徹,,,平26. 6. 1,yakkyoku
薬局,02,0342642,サカエ薬局田向,八戸市田向四丁目１３番１０号,0178-71-8155,株式会社町田アンド町田商会　代表取締役　町田　容一郎,新井谷　華山,,,平26. 8. 1,yakkyoku
薬局,02,0342717,調剤薬局ツルハドラッグ八戸売市店,八戸市売市２丁目１３番１５号,0178-72-3277,株式会社ツルハ　代表取締役　八幡　政浩,佐々木　康成,,,平27. 4. 1,yakkyoku
薬局,02,0342725,かわせみ薬局,八戸市田向五丁目２１番２４号,0178-51-6200,有限会社アクティ　代表取締役　山田　文義,片町　善之,,,平27. 4. 1,yakkyoku
薬局,02,0342733,ミント薬局,八戸市大字湊町字上田屋前２９番２３号,0178-32-2828,有限会社ヘルスバンク　代表取締役　干場　敬三,神　一寿,,,平27. 5. 1,yakkyoku
薬局,02,0342774,アイン薬局　八戸東店,八戸市田向三丁目２番１５号,0178-71-1282,株式会社アインファーマシーズ　代表取締役　淡路　英広,朝倉　翔吾,,,平27. 11. 1,yakkyoku
薬局,02,0342782,サンケア薬局南類家店,八戸市南類家二丁目１７－３０,0178-80-7456,株式会社　サン・ケア　代表取締役　三上　章,倉内　英,,,平28. 4. 1,yakkyoku
薬局,02,0342808,ハッピー調剤薬局　八戸田向南店,八戸市田向五丁目２２番１７号,0178-32-7388,株式会社丸大サクラヰ薬局　代表取締役　今　寿,平島　郁,,,平28. 4. 1,yakkyoku
薬局,02,0342816,調剤薬局ツルハドラッグ八戸諏訪店,八戸市諏訪三丁目３－２０,0178-71-2684,株式会社ツルハ　代表取締役　八幡　政浩,上野　美玲,,,平28. 5. 1,yakkyoku
薬局,02,0342832,アイセイ薬局岬台店,八戸市岬台２丁目６－１,0178-32-2270,株式会社アイセイ薬局　代表取締役　藤井　江美,関根　大二郎,,,平28. 10. 1,yakkyoku
薬局,02,0342840,アイセイ薬局白山台店,八戸市東白山台三丁目２０番７号,0178-70-3380,株式会社アイセイ薬局　代表取締役　藤井　江美,苅間澤　美穂,,,平28. 10. 1,yakkyoku
薬局,02,0342857,八戸調剤薬局センター,八戸市小中野二丁目１－７,0178-43-2023,有限会社八戸調剤薬局センター　代表取締役　大屋　大,大屋　大,,,平28. 12. 1,yakkyoku
薬局,02,0342865,アイセイ薬局　八戸中央店,八戸市大字番町３５番地１号,0178-22-0321,株式会社アイセイ薬局　代表取締役　藤井　江美,澤田石　尚実,,,平29. 3. 1,yakkyoku
薬局,02,0342873,あけぼの薬局八戸店,八戸市南類家一丁目１６番７号,0178-47-4321,一般社団法人あおもり健康企画　理事長　舛甚　路子,松原　綾子,,,平29. 4. 1,yakkyoku
薬局,02,0342881,いろは薬局　小中野店,八戸市小中野２丁目１７－４,0178-20-7774,有限会社ホーリー　代表取締役　河原　史,磯島　佑亮,,,平29. 6. 1,yakkyoku
薬局,02,0342899,くすのき薬局,八戸市城下一丁目１０番地１０号,0178-38-3566,有限会社共奏　代表取締役　鶴岡　智希,大西　悠,,,平29. 7. 1,yakkyoku
薬局,02,0342915,ハッピー調剤薬局　八戸城下店,八戸市城下四丁目４番１９号,0178-32-6620,株式会社丸大サクラヰ薬局　代表取締役　今　寿,田中　正嗣,,,平29. 7. 1,yakkyoku
薬局,02,0342923,くるみ薬局湊高台店,八戸市湊高台五丁目１３番２７号,0178-20-7551,有限会社サン・ヘルス　代表取締役　岩間　香苗,松橋　永恵,,,平29. 9. 1,yakkyoku
薬局,02,0342949,アイセイ薬局東八戸店,八戸市大字大久保字西ノ平２５－２２９,0178-32-7089,株式会社アイセイ薬局　代表取締役　藤井　江美,勝又　ゆき,,,平29. 10. 1,yakkyoku
薬局,02,0342956,アイセイ薬局是川店,八戸市是川四丁目２番地４号,0178-71-8111,株式会社アイセイ薬局　代表取締役　藤井　江美,小平　智也,,,平29. 10. 1,yakkyoku
薬局,02,0342972,仙真堂薬局青森労災病院前店,八戸市大字白銀町字南ヶ丘２番地６,0178-51-6151,株式会社エミアスファーマシーズ　代表取締役　畠山　匠,近藤　奈菜,,,平29. 11. 1,yakkyoku
薬局,02,0342980,仙真堂薬局八戸日赤前店,八戸市大字田面木字下田面木４２番地１,0178-38-9153,株式会社エミアスファーマシーズ　代表取締役　畠山　匠,紫葉　江美,,,平29. 11. 1,yakkyoku
薬局,02,0343012,サンケア薬局湊高台店,八戸市大字新井田字二本杉１番地１８,0178-25-7025,株式会社　サン・ケア　代表取締役　三上　章,三浦　桂吾,,,平30. 5. 1,yakkyoku
薬局,02,0343046,なの花薬局売市店,八戸市売市一丁目４番６号,0178-38-9173,株式会社なの花東北　代表取締役　赤石　正志,柳谷　将俊,,,平30. 7. 1,yakkyoku
薬局,02,0343053,なの花薬局内丸店,八戸市内丸三丁目５番３７－１号,0178-32-7571,株式会社なの花東北　代表取締役　赤石　正志,竹内　圭亮,,,平30. 7. 1,yakkyoku
薬局,02,0343061,なの花薬局柏崎店,八戸市柏崎三丁目７番１７号,0178-20-8762,株式会社なの花東北　代表取締役　赤石　正志,小向　美香,,,平30. 7. 1,yakkyoku
薬局,02,0343079,なの花薬局白山台店,八戸市東白山台二丁目３５番６号,0178-51-6671,株式会社なの花東北　代表取締役　赤石　正志,松橋　幸紀,,,平30. 7. 1,yakkyoku
薬局,02,0343087,なの花薬局根城店,八戸市根城五丁目２番５号,0178-45-6120,株式会社なの花東北　代表取締役　赤石　正志,太田　大雅,,,平30. 7. 1,yakkyoku
薬局,02,0343095,なの花薬局一番町店,八戸市一番町二丁目３番地７,0178-20-0071,株式会社なの花東北　代表取締役　赤石　正志,若林　大貴,,,平30. 7. 1,yakkyoku
薬局,02,0343111,なの花薬局八戸城下店,八戸市城下四丁目１９番３２号,0178-51-9315,株式会社なの花東北　代表取締役　赤石　正志,百目鬼　怜子,,,平30. 7. 1,yakkyoku
薬局,02,0343129,調剤薬局ツルハドラッグ八戸江陽店,八戸市江陽二丁目１３番４０号,0178-73-5113,株式会社ツルハ　代表取締役　八幡　政浩,大窪　宏秀郞,,,平30. 10. 1,yakkyoku
薬局,02,0343137,ハッピー調剤薬局八戸下長店,八戸市下長三丁目１３番８号,0178-51-9118,株式会社丸大サクラヰ薬局　代表取締役　今　寿,中村　卓,,,平30. 12. 3,yakkyoku
薬局,02,0343145,ワカバ薬局,八戸市大字町組町１４番地６,0178-44-0088,株式会社チェリッシュ　代表取締役　阿達　昌亮,佐々木　剛,,,令元. 5. 1,yakkyoku
薬局,02,0343152,アイン薬局城下店,八戸市城下四丁目１０番３５号,0178-38-9222,株式会社アインファーマシーズ　代表取締役　淡路　英広,岡村　真彩,,,平31. 4. 1,yakkyoku
薬局,02,0343178,アイン薬局白銀店,八戸市大字白銀町字南ヶ丘１１番地１２,0178-32-1666,株式会社アインファーマシーズ　代表取締役　淡路　英広,田巻　佑一朗,,,平31. 4. 1,yakkyoku
薬局,02,0343186,アイン薬局　ひばかり店,八戸市日計一丁目２番４３号,0178-28-3900,株式会社アインファーマシーズ　代表取締役　淡路　英広,伊藤　慶一,,,平31. 4. 1,yakkyoku
薬局,02,0343202,ハッピー調剤薬局八戸類家中央店,八戸市類家四丁目４１番５号,0178-38-8713,株式会社丸大サクラヰ薬局　代表取締役　今　寿,川島　理生,,,令元. 9. 2,yakkyoku
薬局,02,0343210,いちい薬局,八戸市柏崎六丁目２９番４号,0178-45-2601,株式会社いちい薬局　代表取締役　中嶋　圭子,百合本　里奈,,,令元. 9. 1,yakkyoku
薬局,02,0343236,あい薬局田面木店,八戸市大字田面木字堤下９番地１,0178-70-7373,ＭｉＫ株式会社　代表取締役　村元　裕,杉本　祐后,,,令2. 5. 1,yakkyoku
薬局,02,0343244,大洋堂薬局,八戸市吹上三丁目７番２３号,0178-44-2385,有限会社大洋堂薬局　代表取締役　大久保　智樹,大久保　智樹,,,令2. 6. 1,yakkyoku
薬局,02,0343251,会営休日夜間薬局,八戸市田向三丁目６番４４号,0178-20-9970,一般社団法人八戸薬剤師会　代表理事　阿逹　昌亮,石村　恭一,,,令2. 6. 1,yakkyoku
薬局,02,0343269,いろは薬局　長者店,八戸市長者三丁目３番１９号,0178-38-7607,有限会社ホーリー　代表取締役　河原　史,河原　史,,,令2. 8. 1,yakkyoku
薬局,02,0343277,ハッピー調剤薬局八戸旭ヶ丘店,青森県八戸市大字新井田字小久保尻１６番地１２７,0178-38-7602,株式会社丸大サクラヰ薬局　代表取締役　今　寿,畑中　真澄,,,令2. 10. 1,yakkyoku
薬局,02,0343285,なの花薬局大久保店,八戸市大字湊町字下大久保道１５番地９,0178-38-0245,株式会社なの花東北　代表取締役　赤石　正志,猪股　永法,,,令3. 7. 1,yakkyoku
薬局,02,0343293,馬場町薬局,八戸市大字馬場町３番地,0178-79-0550,八戸ファイソンズ株式会社　代表取締役　佐藤　良江,佐藤　良江,,,令3. 9. 1,yakkyoku
薬局,02,0343301,イオン薬局八戸田向店,八戸市田向三丁目５番１号,0178-71-8861,イオン東北株式会社　代表取締役　西垣　幸則,児玉　和人,,,令3. 9. 1,yakkyoku
薬局,02,0343327,調剤薬局ツルハドラッグ八戸田向店,八戸市田向五丁目２９番１号,0178-80-7365,株式会社ツルハ　代表取締役　八幡　政浩,玉川　真巧,,,令4. 4. 1,yakkyoku
薬局,02,0343335,東メディカル調剤薬局,八戸市湊高台六丁目６番２１号,0178-32-4848,株式会社エミアスファーマシーズ　代表取締役　畠山　匠,近藤　拓也,,,令4. 5. 1,yakkyoku
薬局,02,0343343,やすらぎ薬局,八戸市大字白銀町字左新井田道２番地１７,0178-70-5806,有限会社アクティ　代表取締役　山田　文義,植田　湧大,,,令4. 11. 1,yakkyoku
薬局,02,0343350,なごみ薬局,八戸市田向四丁目１７番２６号,0178-32-7537,有限会社大洋堂薬局　代表取締役　大久保　智樹,近藤　幸美,,,令4. 11. 1,yakkyoku
薬局,02,0343368,ハッピー調剤薬局八戸湊高台中央店,八戸市湊高台四丁目１８番１３号,0178-80-7061,株式会社丸大サクラヰ薬局　代表取締役　今　寿,場　麟太,,,令4. 11. 1,yakkyoku
薬局,02,0343376,ニコニコ薬局二ツ屋店,八戸市大字沢里字二ツ屋１番地２１３,0178-51-9881,有限会社ニコニコ　代表取締役　道尻　誠助,岩元　厚智,,,令5. 3. 1,yakkyoku
薬局,02,0343384,りんどう薬局,八戸市吹上三丁目５番２号,0178-73-1334,有限会社大洋堂薬局　代表取締役　大久保　智樹,大久保　愛,,,令5. 5. 9,yakkyoku
薬局,02,0343392,いちい薬局長根店,八戸市長根一丁目１７番２２号,0178-20-8603,株式会社いちい薬局　代表取締役　中嶋　圭子,井手上　亜紀,,,令5. 7. 12,yakkyoku
薬局,02,0343400,一真堂薬局売市店,八戸市売市三丁目１番３０号,0178-43-3646,株式会社スタディー　代表取締役　石津江　学,殿　啓徳,,,令6. 3. 1,yakkyoku
薬局,02,0343418,ハッピー調剤薬局八戸類家店,八戸市南類家３丁目２－１２,0178-38-7365,株式会社丸大サクラヰ薬局　代表取締役　今　寿,城内　健,,,令6. 6. 2,yakkyoku
薬局,02,0343426,調剤薬局ツルハドラッグ八戸小中野店,八戸市小中野４丁目５－１８,0178-70-5758,株式会社ツルハ　代表取締役　八幡　政浩,道合　拓,,,令6. 9. 1,yakkyoku
薬局,02,0343434,いずみ薬局,八戸市大字大工町８番地,050-1722-2722,合同会社ＱｕｉｎｔＯ　代表社員　櫻田　大輔,西原　大介,,,令6. 10. 1,yakkyoku
薬局,02,0343459,なの花薬局けやき通り店,八戸市東白山台一丁目１番３８号,0178-38-5958,株式会社なの花東北　代表取締役　赤石　正志,柴田　祐希,,,令6. 11. 1,yakkyoku
薬局,02,0343475,イオン薬局八戸沼館店,八戸市沼館四丁目７番１１１号,0178-38-8434,イオン東北株式会社　代表取締役　西垣　幸則,石﨑　海斗,,,令7. 4. 1,yakkyoku
薬局,02,0343483,なの花薬局三条店,八戸市大字尻内町字直田４１番地１,0178-38-6851,株式会社なの花東北　代表取締役　赤石　正志,前田　法晃,,,令7. 4. 1,yakkyoku
薬局,02,0343491,サンケア薬局城下店,八戸市城下四丁目９番６号,0178-51-9566,株式会社サン・ケア　代表取締役　三上　章,長谷　理一郎,,,令7. 7. 1,yakkyoku
薬局,02,0343509,エイル薬局　田向店,八戸市田向三丁目２番１８号,0178-73-7272,株式会社エイル薬局　代表取締役　堀口　大輔,堀口　大輔,,,令7. 10. 1,yakkyoku
薬局,02,0343517,ゆりの木薬局ぬかづか店,八戸市大字糠塚字下道７番地２７,0178-46-2428,有限会社サワカミ薬局　取締役　河原木　智,中野　洋平,,,令8. 4. 1,yakkyoku
薬局,02,0440222,黒石薬局,黒石市ちとせ三丁目３,0172-53-6226,株式会社　ファルマ　代表取締役　崎野　修,大川　誠也,,,平12. 4. 1,yakkyoku
薬局,02,0440271,クローバー調剤薬局　北美店,黒石市北美町１－７３,0172-53-1900,有限会社　クローバー　代表取締役　斎藤　智,市　恵里子,,,平15. 8. 15,yakkyoku
薬局,02,0440289,クローバー調剤薬局　旭町店,黒石市旭町９－２,0172-53-6383,有限会社　クローバー　代表取締役　斎藤　智,成田　浩康,,,平15. 9. 15,yakkyoku
薬局,02,0440297,調剤薬局ツルハドラッグ黒石店,黒石市錦町８－６,0172-59-2740,株式会社ツルハ　代表取締役　八幡　政浩,藤林　峰樹,,,平17. 7. 1,yakkyoku
薬局,02,0440305,厚生薬局,黒石市大字黒石字建石３７－４,0172-59-2885,株式会社　ブルーウイング　代表取締役　山田　保孝,山田　保孝,,,平18. 12. 1,yakkyoku
薬局,02,0440313,メイプル調剤薬局,黒石市寿町２０番地,0172-53-8830,株式会社Ｍ’ｓ　代表取締役　古山　兼哉,乳井　涼,,,平20. 10. 1,yakkyoku
薬局,02,0440347,平成薬局黒石病院前,黒石市北美町一丁目６１番地,0172-53-7223,有限会社　平成薬局　代表取締役　松井　英雄,松井　知子,,,平21. 1. 1,yakkyoku
薬局,02,0440354,スマイル薬局黒石店,黒石市ぐみの木一丁目６７番５号,0172-59-1411,株式会社ＳＴカンパニー　代表取締役　小関　哲也,幸田　恵子,,,平22. 11. 1,yakkyoku
薬局,02,0440370,ワカバ調剤薬局　黒石駅前店,黒石市一番町１８５,0172-53-3380,株式会社ワカバ　代表取締役　松井　浩之,三浦　勝,,,令元. 12. 1,yakkyoku
薬局,02,0440388,そうごう薬局　黒石病院前店,黒石市北美町１－７４－１,0172-59-0711,総合メディカル株式会社　代表取締役　多田　荘一郎,西　粛隆,,,令3. 4. 1,yakkyoku
薬局,02,0440396,調剤薬局ツルハドラッグ黒石一番町店,黒石市一番町１８９番地,0172-55-0822,株式会社ツルハ　代表取締役　八幡　政浩,髙木　裕隆,,,令3. 11. 1,yakkyoku
薬局,02,0440404,きらく漢方調剤薬局黒石野添店,黒石市野添町６４－４,0172-55-8401,小野　真稔,寺山　芳子,,,令4. 9. 1,yakkyoku
薬局,02,0440412,マエダ調剤薬局黒石店,黒石市前町４０－５,0172-26-8485,有限会社マエダファーマシー　代表取締役　前田　淳彦,久保　蓮,,,令5. 12. 1,yakkyoku
薬局,02,0440420,メガ調剤薬局　黒石店,黒石市ちとせ三丁目２,0172-55-0790,紅屋商事株式会社　代表取締役社長　秦　雅秀,阿蘇　龍樹,,,令7. 6. 1,yakkyoku
薬局,02,0540203,駅前薬局　いわや,五所川原市字大町３６－３,0173-34-5088,株式会社　いわや薬局　代表取締役　岩谷　教裕,岩谷　教裕,,,昭63. 4. 15,yakkyoku
薬局,02,0540245,サカエ薬局　松島,五所川原市字鎌谷町５１６番地９,0173-33-1144,株式会社町田アンド町田商会　代表取締役　町田　容一郎,工藤　文乃,,,平6. 2. 1,yakkyoku
薬局,02,0540278,有限会社　アサヒ薬局,五所川原市字旭町６０－３,0173-35-4183,有限会社　アサヒ薬局　代表取締役　木村　英二,木村　英二,,,平7. 9. 1,yakkyoku
薬局,02,0540344,五所川原調剤薬局,五所川原市字鎌谷町１４０,0173-39-2355,株式会社　やくほ　代表取締役　北嶋　喬,有馬　由貴子,,,平12. 3. 15,yakkyoku
薬局,02,0540369,オーロラ薬局,五所川原市大字稲実字米崎１１９－１１,0173-38-5166,有限会社オーロラ　代表取締役　田澤　木実,大場　健介,,,平12. 12. 1,yakkyoku
薬局,02,0540450,かなぎ調剤薬局,五所川原市金木町菅原９－１,0173-54-1111,有限会社　みどり　取締役　太田　麻結子,中田　耕大,,,平11. 6. 1,yakkyoku
薬局,02,0540468,サカエ薬局　金木,五所川原市金木町菅原１２,0173-54-1170,株式会社町田アンド町田商会　代表取締役　町田　容一郎,秋谷　莉那,,,平14. 8. 15,yakkyoku
薬局,02,0540476,アップル調剤薬局五所川原,五所川原市中央４丁目６１番地,0173-38-4778,株式会社　アップルケミスト　代表取締役会長　長谷川　景一,冨澤　正泰,,,平17. 11. 1,yakkyoku
薬局,02,0540484,緑の森薬局松島,五所川原市松島町２－８９－１１,0173-34-1551,有限会社きららメディカル　代表取締役　神馬　裕司,菊地　静香,,,平18. 1. 1,yakkyoku
薬局,02,0540518,ノア調剤薬局,五所川原市金木町沢部４６８－１金木タウンセンターノア内,0173-54-1007,株式会社Ｍ’ｓ　代表取締役　古山　兼哉,古山　兼哉,,,平19. 1. 1,yakkyoku
薬局,02,0540526,ドレミ薬局,五所川原市柳町４－９,0173-38-5771,株式会社ウイング　代表取締役社長　山本　考哉,福士　則明,,,平19. 5. 1,yakkyoku
薬局,02,0540666,いちい薬局五所川原敷島町店,五所川原市敷島町５８番地１,0173-26-7228,株式会社いちい　代表取締役　一井　滋信,白戸　亜沙美,,,平24. 9. 1,yakkyoku
薬局,02,0540674,ファルマ　一ツ谷薬局,五所川原市字一ツ谷５０８－９,0173-39-2277,株式会社ファルマ　代表取締役　崎野　修,西沢　光,,,平25. 8. 1,yakkyoku
薬局,02,0540682,共創未来五所川原薬局,五所川原市字一ツ谷５１６－１３,,株式会社ファーマみらい　代表取締役　岡山　善郎,酒巻　洋平,,,平25. 11. 1,yakkyoku
薬局,02,0540708,共創未来五所川原２号薬局,五所川原市字一ツ谷５０７番地６,,株式会社ファーマみらい　代表取締役　岡山　善郎,村上　祐節,,,平25. 11. 1,yakkyoku
薬局,02,0540716,薬局たまーち,五所川原市字田町１１４番地１,0173-26-7670,株式会社青森調剤センター　代表取締役　坂井　義人,工藤　清生,,,平25. 12. 1,yakkyoku
薬局,02,0540732,ひろた調剤薬局,五所川原市みどり町４丁目１２７番地２,0173-26-7266,株式会社ＫＯＢＯ　代表取締役　小堀　友大,古川　隆司,,,平26. 2. 1,yakkyoku
薬局,02,0540740,ひなた薬局,五所川原市錦町１番地９１,0173-26-6106,株式会社　裕健　代表取締役　木皮　美賀,高坂　雄一郎,,,平26. 1. 1,yakkyoku
薬局,02,0540757,中央薬品（株）中央調剤薬局つがる総合病院前支店,五所川原市川端町１１番４号,0173-26-7685,中央薬品株式会社　代表取締役社長　三上　智治,白川　浩司,,,平26. 3. 1,yakkyoku
薬局,02,0540765,サカエ薬局２４,五所川原市川端町３２,0173-35-8570,株式会社町田アンド町田商会　代表取締役　町田　容一郎,田澤　一紘,,,平26. 3. 1,yakkyoku
薬局,02,0540781,えびな調剤薬局本店,五所川原市字川端町１１－５,0173-34-3333,有限会社えびな調剤薬局　代表取締役　蝦名　保定,蝦名　美穂,,,平26. 4. 1,yakkyoku
薬局,02,0540831,つがる調剤薬局,五所川原市字柳町１－４,0173-35-1916,有限会社　つがる調剤薬局　代表取締役　蝦名　保定,蝦名　文彦,,,平26. 4. 1,yakkyoku
薬局,02,0540849,めぐみ薬局,五所川原市中央１丁目４０番地３,0173-38-4050,株式会社恵　代表取締役　清水　康哉,清水　康哉,,,平26. 7. 1,yakkyoku
薬局,02,0540864,薬局マーチ,五所川原市中央５丁目１５番地,0173-33-1655,株式会社青森調剤センター　代表取締役　坂井　義人,秋元　将太,,,平26. 12. 1,yakkyoku
薬局,02,0540880,ハッピー調剤薬局　五所川原広田店,五所川原市姥萢船橋２４２－６,0173-26-5005,株式会社丸大サクラヰ薬局　代表取締役　今　寿,原子　勇,,,平27. 3. 1,yakkyoku
薬局,02,0540898,みちのく調剤薬局,五所川原市大字姥萢字船橋２４５－２,0173-26-5580,株式会社　メディラック　代表取締役　吉田　弘,羽賀　忠久,,,平27. 7. 1,yakkyoku
薬局,02,0540922,いちい薬局五所川原芭蕉店,五所川原市字芭蕉１５－１３,0173-26-7381,株式会社いちい　代表取締役　一井　滋信,尾崎　祥子,,,平28. 2. 1,yakkyoku
薬局,02,0540948,あおい薬局,五所川原市弥生町３－５,0173-23-3810,株式会社葵　代表取締役　台丸谷　健一,多田　達弘,,,平29. 4. 1,yakkyoku
薬局,02,0540955,ベイ薬局中央店,五所川原市中央５丁目１１９番地２,0173-23-0036,有限会社ティエム　代表取締役　斎藤　孝一,久米田　一喜,,,平29. 10. 1,yakkyoku
薬局,02,0540989,そうごう薬局　五所川原店,五所川原市中央２－２４,0173-38-3030,総合メディカル株式会社　代表取締役　多田　荘一郎,成田　豊瞭,,,令3. 4. 1,yakkyoku
薬局,02,0540997,そうごう薬局　西北店,五所川原市鎌谷町１６３－３,0173-26-6668,総合メディカル株式会社　代表取締役　多田　荘一郎,石岡　憂聖,,,令3. 4. 1,yakkyoku
薬局,02,0541003,サカエ薬局田町,五所川原市田町４－１,0173-35-8915,株式会社町田アンド町田商会　代表取締役　町田　容一郎,長尾　勇志,,,令4. 6. 1,yakkyoku
薬局,02,0541011,オネスト薬局,五所川原市字上平井町８３番地,0173-35-4247,株式会社オネスト　代表取締役　奈良　誠喜,間山　憂太,,,令6. 12. 1,yakkyoku
薬局,02,0541029,つがる薬局店,五所川原市川端町３－４,0173-38-3150,株式会社スギ薬局　代表取締役　杉浦　伸哉,田邉　智恵子,,,令7. 3. 1,yakkyoku
薬局,02,0541037,サカエ薬局西北,五所川原市大町５０３番地４,0173-26-1444,株式会社町田アンド町田商会　代表取締役　町田　容一郎,肥後　佳範,,,令8. 5. 1,yakkyoku
薬局,02,0541045,サカエ薬局五所川原,五所川原市弥生町１８番８,0173-38-5212,株式会社町田アンド町田商会　代表取締役　町田　容一郎,成田　毅久,,,令8. 4. 5,yakkyoku
薬局,02,0640276,とわだ調剤薬局,十和田市東四番町９－１０,0176-25-2662,株式会社　ライブリー　代表取締役　田中　和,戸部　直斗,,,平元. 3. 1,yakkyoku
薬局,02,0640326,十和田中央薬局,十和田市東十一番町７－２３,0176-22-8823,有限会社　大成　代表取締役　久道　浩,玉川　美里,,,平3. 6. 1,yakkyoku
薬局,02,0640359,ひまわり調剤薬局,十和田市西十一番町２２－１５,0176-25-5575,有限会社　クレール　代表取締役　目時　良介,林　弘恵,,,平6. 6. 15,yakkyoku
薬局,02,0640367,有限会社メイプル調剤薬局,十和田市東三番町１０番６７号,0176-24-2755,有限会社メイプル調剤薬局　代表取締役　小原　範子,小原　範子,,,平7. 5. 1,yakkyoku
薬局,02,0640466,有限会社　サワカミ薬局　北店,十和田市大字三本木字千歳森１３７－５,0176-20-1206,有限会社　サワカミ薬局　取締役　河原木　智,木村　正人,,,平8. 9. 1,yakkyoku
薬局,02,0640524,フラワー薬局,十和田市西二十二番町４－２５,0176-25-8910,野澤　和広,野澤　和広,,,平9. 10. 15,yakkyoku
薬局,02,0640532,木下調剤薬局,十和田市東一番町２－１８,0176-20-1611,有限会社　木下調剤薬局　代表取締役　木下　俊明,木下　俊明,,,平10. 4. 1,yakkyoku
薬局,02,0640540,細川薬局,十和田市稲生町１５－９,0176-23-2157,有限会社　細川薬局　代表取締役　細川　興一,細川　興一,,,平10. 9. 1,yakkyoku
薬局,02,0640599,三本木薬局,十和田市西十二番町１７－３,0176-21-2288,株式会社　サン・ショウ　代表取締役　三上　志津子,小野寺　克孔,,,平14. 12. 15,yakkyoku
薬局,02,0640607,サワカミ薬局東店,十和田市東十二番町１４－２７,0176-20-2377,有限会社　サワカミ薬局　取締役　河原木　智,山本　優子,,,平15. 4. 1,yakkyoku
薬局,02,0640623,ひがし調剤薬局,十和田市三本木字里ノ沢１－６０４,0176-25-1234,ベストサービス株式会社　代表取締役　柴崎　崇,佐々木　悠太,,,平15. 12. 20,yakkyoku
薬局,02,0640631,みんな野薬局,十和田市西三番町１－２８－４,0176-22-2297,有限会社　ライブプランナー　代表取締役　速水　一広,白山　徳良,,,平16. 11. 1,yakkyoku
薬局,02,0640664,あい薬局東三番町,十和田市東三番町９－７０,0176-20-1570,ＭｉＫ株式会社　代表取締役　村元　裕,堀内　友貴,,,平18. 4. 1,yakkyoku
薬局,02,0640672,山本薬局,十和田市西二番町１３－１２,0176-27-1300,山本　由美,山本　由美,,,平19. 7. 1,yakkyoku
薬局,02,0640698,中央薬品㈱中央調剤薬局十和田市立中央病院前支店,十和田市西十二番町１１－１７,,中央薬品株式会社　代表取締役社長　三上　智治,石山　孝一,,,平20. 5. 1,yakkyoku
薬局,02,0640722,調剤薬局ツルハドラッグ十和田店,十和田市西十二番町１５番２６号,0176-21-4177,株式会社ツルハ　代表取締役　八幡　政浩,名久井　大輔,,,平22. 9. 1,yakkyoku
薬局,02,0640730,ほてい堂薬局,十和田市稲生町１５番１３号,0176-23-2206,有限会社ほてい堂薬局　代表取締役　関野　豪貴,関野　豪貴,,,平25. 11. 1,yakkyoku
薬局,02,0640748,竹内調剤薬局,十和田市西十二番町１１－１６,0176-25-0120,株式会社ライアベック　代表取締役　相間野　秀樹,佐藤　友昭,,,平26. 3. 1,yakkyoku
薬局,02,0640755,ほなみ薬局本店,十和田市穂並町１０－３,0176-23-4546,株式会社ほなみ薬局　代表取締役　川上　一止郎,川上　亜湖,,,平26. 9. 1,yakkyoku
薬局,02,0640789,いちい薬局十和田店,十和田市三本木字北平１１０－３３,0176-20-2226,株式会社いちい薬局　代表取締役　中嶋　圭子,倉岡　晃子,,,平28. 12. 5,yakkyoku
薬局,02,0640797,落合薬局,十和田市穂並町１－１,0176-27-5311,山本　由美,小宮山　智之,,,平30. 5. 1,yakkyoku
薬局,02,0640805,なの花薬局十和田店,十和田市西十一番町４０番３７号,0176-58-0161,株式会社なの花東北　代表取締役　赤石　正志,石井　照太郎,,,令元. 10. 1,yakkyoku
薬局,02,0640813,ハッピー調剤薬局十和田西金崎店,青森県十和田市西二十三番町６０番１９号,0176-51-3123,株式会社丸大サクラヰ薬局　代表取締役　今　寿,髙田　彩華,,,令2. 10. 1,yakkyoku
薬局,02,0640821,稲生薬局,十和田市稲生町１９－５,0176-27-1206,有限会社クレール　代表取締役　目時　良介,栗山　稔,,,令3. 9. 1,yakkyoku
薬局,02,0640839,ハッピー調剤薬局十和田元町西店,十和田市元町西４丁目３番３０号,0176-58-0275,株式会社丸大サクラヰ薬局　代表取締役　今　寿,小川　悠二,,,令3. 10. 1,yakkyoku
薬局,02,0640847,きたぞの薬局,十和田市西二十一番町１４番２０号,0176-27-5393,株式会社フリージア　代表取締役　尾身　健太郎,尾身　健太郎,,,令5. 4. 1,yakkyoku
薬局,02,0640854,調剤薬局ツルハドラッグ十和田中央店,十和田市稲生町１３番３９号,0176-51-6553,株式会社ツルハ　代表取締役　八幡　政浩,楠山　歩,,,令5. 6. 1,yakkyoku
薬局,02,0640870,あおぞら薬局,十和田市稲生町１５番３８号,0176-21-3515,株式会社ウィーズ　代表取締役　芦田　達也,菊池　史子,,,令8. 6. 1,yakkyoku
薬局,02,0740035,櫻井第一薬局,三沢市中央町三丁目６－４,0176-53-3175,株式会社　櫻井薬品　代表取締役　櫻井　宏明,櫻井　宏明,,,昭46. 1. 1,yakkyoku
薬局,02,0740126,藤井薬局,三沢市東町四丁目５番地５号,0176-52-3346,藤井　啓子,藤井　啓子,,,平6. 9. 1,yakkyoku
薬局,02,0740167,有限会社　サワカミ薬局　中央店,三沢市中央町四丁目５－１６,0176-50-1231,有限会社　サワカミ薬局　取締役　河原木　智,楠原　伸子,,,平9. 4. 1,yakkyoku
薬局,02,0740183,カトウ薬局,三沢市堀口二丁目１－３,0176-53-6904,有限会社　エフ・ディカトウ　代表取締役　加藤　肇,加藤　肇,,,平10. 10. 1,yakkyoku
薬局,02,0740191,みさわ調剤薬局,三沢市桜町三丁目１０－１０,0176-50-1810,有限会社　幸保薬局　代表取締役　幸保　和憲,幸保　佳寿子,,,平11. 3. 1,yakkyoku
薬局,02,0740217,すこやか調剤薬局,三沢市大町２－９－２２,0176-51-9230,有限会社マインド　代表取締役　引谷　篤彦,小嶋　浩司,,,平17. 11. 1,yakkyoku
薬局,02,0740225,まえたい薬局,三沢市大字三沢字前平４７－２５７,0176-27-6531,有限会社　サワカミ薬局　取締役　河原木　智,平浜　なな実,,,平22. 3. 1,yakkyoku
薬局,02,0740233,みさわ市民薬局,三沢市大字三沢字堀口１６４－５,0176-52-7000,株式会社　サン・ケア　代表取締役　三上　章,濱中　貴子,,,平22. 10. 1,yakkyoku
薬局,02,0740266,三沢薬剤師薬局,三沢市大字三沢字堀口１６４－２８３,0176-50-0566,株式会社三沢薬剤師薬局　代表取締役　伊藤　博次,森　拓夢,,,平22. 11. 8,yakkyoku
薬局,02,0740282,有限会社サワカミ薬局堀口店,三沢市下久保二丁目１－２２,0176-51-6831,有限会社サワカミ薬局　取締役　河原木　智,村舘　智香子,,,平23. 2. 11,yakkyoku
薬局,02,0740308,岡三沢薬局,三沢市緑町一丁目３番地９号,0176-27-6677,ＷＥＬＬーＢＥＩＮＧ株式会社　代表取締役　佐藤　大志,佐藤　大志,,,平26. 5. 1,yakkyoku
薬局,02,0740316,タムラ薬局,三沢市緑町３丁目１－１８,0176-57-0239,株式会社ティーズファム　代表取締役　岩間　妙子,岩間　妙子,,,平27. 6. 1,yakkyoku
薬局,02,0740324,ハッピー調剤薬局三沢岡三沢店,青森県三沢市下久保１丁目１－３,0176-58-0305,株式会社丸大サクラヰ薬局　代表取締役　今　寿,工藤　千佳子,,,令2. 11. 1,yakkyoku
薬局,02,0740332,宮野薬局,三沢市中央町１丁目８番４号,0176-52-4075,ＭＹファルマ株式会社　代表取締役　宮野　将隆,宮野　将隆,,,令3. 10. 1,yakkyoku
薬局,02,0840207,金匱堂薬局,むつ市柳町一丁目９－５２,0175-22-3134,有限会社　アルファファーマシー　代表取締役　髙橋　智行,髙橋　智行,,,昭60. 11. 7,yakkyoku
薬局,02,0840264,公済会薬局,むつ市小川町一丁目１－５,0175-22-4794,一般社団法人　公済会　理事長　光野　義厚,中村　雄亮,,,平元. 1. 13,yakkyoku
薬局,02,0840272,有限会社　佐々木薬局,むつ市緑町１８－５５,0175-22-1646,有限会社　佐々木薬局　代表取締役　佐々木　隆幸,佐々木　玲子,,,平2. 9. 1,yakkyoku
薬局,02,0840447,調剤薬局　ツルハドラッグむつ店,むつ市小川町一丁目９－３１,0175-28-2681,株式会社ツルハ　代表取締役　八幡　政浩,大場　翔矢,,,平16. 9. 1,yakkyoku
薬局,02,0840470,沖舘薬局　新町店,むつ市新町１３－５１,0175-33-9570,株式会社　沖舘薬局　代表取締役　岡島　裕史,濱田　宜子,,,平18. 8. 1,yakkyoku
薬局,02,0840496,さくら薬局,むつ市大湊浜町１８－２０,0175-33-2023,有限会社　サクラ　代表取締役　井澤　勇,石田　崇,,,平19. 10. 1,yakkyoku
薬局,02,0840538,レモン薬局,むつ市中央一丁目３番３５号,0175-34-9722,レモンファーマ株式会社　代表取締役　中村　嘉成,上路　基大,,,平21. 12. 1,yakkyoku
薬局,02,0840546,川内調剤薬局,むつ市川内町休所４２番地２６７,0175-31-2200,株式会社　川内ファーマシィー　代表取締役　首藤　正一,佐藤　佑樹,,,平22. 4. 1,yakkyoku
薬局,02,0840561,七福薬局むつ,むつ市中央二丁目５番１９号,0175-34-9490,株式会社　七福薬局むつ　代表取締役　大久保　正,大久保　正,,,平23. 1. 1,yakkyoku
薬局,02,0840587,みさと調剤薬局,むつ市十二林１７番６号,0175-31-0499,ユーケンファーマ株式会社　代表取締役　井澤　勇,井澤　健一,,,平26. 3. 1,yakkyoku
薬局,02,0840603,共創未来しんまち薬局,むつ市新町１０番１２号,0175-28-2278,株式会社ファーマみらい　代表取締役　岡山　善郎,徳山　茂,,,平28. 2. 1,yakkyoku
薬局,02,0840611,いざわ薬局,むつ市桜木町１４番２号,0175-29-3130,イザワミクサル株式会社　代表取締役　井澤　勇,井澤　勇,,,平28. 11. 1,yakkyoku
薬局,02,0840637,調剤薬局ツルハドラッグむつ小川店,むつ市小川町一丁目１０４番地１,0175-33-3855,株式会社ツルハ　代表取締役　八幡　政浩,野尻　雅人,,,平31. 3. 1,yakkyoku
薬局,02,0840652,ハッピー調剤薬局むつ中央店,むつ市旭町２－３０,,株式会社丸大サクラヰ薬局　代表取締役　今　寿,山田　武史,,,令4. 2. 1,yakkyoku
薬局,02,0840660,いろは薬局,むつ市横迎町２丁目１番８号,0175-22-0118,株式会社イロドリファーマ　代表取締役　石山　毅憲,石山　毅憲,,,令4. 4. 1,yakkyoku
薬局,02,0840678,おき薬局,むつ市柳町１－２－２４,0175-22-8150,株式会社ミルキーマリーンホールディングス　代表取締役　松山　喜範,菊池　菜々,,,令5. 9. 1,yakkyoku
薬局,02,0840686,ベイ薬局緑ヶ丘店,むつ市緑ヶ丘３５番２号,0175-31-1115,株式会社ＴＫＧファーマシー　代表取締役　柿本　拓二,中村　真子,,,令6. 6. 1,yakkyoku
薬局,02,0840694,日本調剤　むつ薬局,むつ市小川町１丁目３番１１号,0175-31-0282,日本調剤株式会社　　代表取締役　小城　和紀,諸岡　尚大,,,令6. 11. 1,yakkyoku
薬局,02,0840702,たなぶ調剤薬局,むつ市柳町一丁目９－５０,0175-33-8032,株式会社沖舘薬局　代表取締役　岡島　裕史,工藤　泉佳子,,,令6. 10. 1,yakkyoku
薬局,02,0840710,天馬調剤薬局,むつ市中央二丁目５番５号,0175-29-0220,株式会社川内ファーマシィー　代表取締役　首藤　正一,市川　啓司,,,令7. 2. 1,yakkyoku
薬局,02,0840728,ライム薬局,むつ市小川町一丁目１８番９号,0175-23-7198,レモンファーマ株式会社　代表取締役　中村　嘉成,熊谷　知浩,,,令7. 11. 1,yakkyoku
薬局,02,0940023,ワカバ調剤薬局　木造店,つがる市木造末広４５－２５,0173-42-7070,株式会社　ワカバ　代表取締役　松井　浩之,元尾　潤,,,平12. 6. 15,yakkyoku
薬局,02,0940106,きづくり調剤薬局,つがる市木造千年７－１,0173-26-7305,株式会社奈良薬局　代表取締役　奈良　久美子,奈良　健弘,,,平26. 2. 1,yakkyoku
薬局,02,0940114,サカエ薬局きづくり,つがる市木造有楽町６５番地３,0173-49-2345,株式会社町田アンド町田商会　代表取締役　町田　容一郎,土井　美由紀,,,平26. 2. 1,yakkyoku
薬局,02,0940122,アイン薬局つがる店,つがる市富萢町山里１－１,0173-26-5565,株式会社アインファーマシーズ　代表取締役　淡路　英広,遠藤　夏海,,,平27. 11. 1,yakkyoku
薬局,02,0940130,イオン薬局つがる柏店,つがる市柏稲盛幾世４１,0173-25-2741,イオン東北株式会社　代表取締役　西垣　幸則,吉田　智洋,,,令3. 9. 1,yakkyoku
薬局,02,0940148,ハッピー調剤薬局つがる木造店,つがる市木造浮巣５１－１,0173-23-5037,株式会社丸大サクラヰ薬局　代表取締役　今　寿,石田　綾佳,,,令4. 11. 1,yakkyoku
薬局,02,0940155,うきす調剤薬局,つがる市木造浮巣４５番地２,0173-49-1231,株式会社葵　代表取締役　台丸谷　健一,台丸谷　健一,,,令5. 4. 1,yakkyoku
薬局,02,1040013,平賀中央薬局,平川市本町北柳田１２６－１２,0172-43-0066,株式会社佐藤器機　代表取締役　佐藤　直文,大久保　恭宏,,,平16. 9. 1,yakkyoku
薬局,02,1040021,有限会社　マルチ薬局,平川市本町北柳田１２－２０,0172-44-2711,有限会社　マルチ薬局　代表取締役　松井　英雄,松井　英雄,,,平16. 11. 1,yakkyoku
薬局,02,1040047,保険調剤薬局タイキファーマシー尾上店,平川市尾上栄松１３２－９,0172-57-5596,株式会社　タイキファーマシー　代表取締役　松山　佳生,小田　丈茂,,,平16. 6. 1,yakkyoku
薬局,02,1040070,まちい調剤薬局,平川市町居山元９６－１,0172-40-0705,株式会社そうま　代表取締役　相馬　重之,相馬　重之,,,平20. 4. 1,yakkyoku
薬局,02,1040096,ひらかわ調剤薬局,平川市大光寺三村井２８番７,0172-44-1750,株式会社やくほ　代表取締役　北嶋　喬,高橋　知子,,,平24. 5. 1,yakkyoku
薬局,02,1040112,碇ヶ関調剤薬局,平川市碇ケ関鯨森５５－２７,0172-49-5133,株式会社Ｍ’ｓ　代表取締役　古山　兼哉,有馬　健人,,,平24. 10. 1,yakkyoku
薬局,02,1040138,クローバー調剤薬局尾上店,平川市尾上栄松２０５番,0172-88-8750,有限会社クローバー　代表取締役　斎藤　智,高橋　達明,,,平26. 4. 1,yakkyoku
薬局,02,1040146,ふれあい薬局平川店,平川市柏木町藤山２４番地８,0172-55-5190,有限会社ワンダ　代表取締役　古山　兼哉,工藤　真,,,平26. 4. 1,yakkyoku
薬局,02,1040153,すずらん調剤薬局　平賀店,平川市小和森種取３０－５,0172-88-6450,有限会社西北ファーマシー　代表取締役　鈴木　和之,工藤　孝弘,,,平29. 11. 1,yakkyoku
薬局,02,1040161,ハッピー調剤薬局平川尾上店,平川市尾上栄松４８－１,0172-26-5071,株式会社丸大サクラヰ薬局　代表取締役　今　寿,松嶋　講弥,,,令6. 8. 1,yakkyoku
薬局,02,2040129,平内薬局,東津軽郡平内町大字小湊字愛宕７０－６,017-755-5454,ＭｉＫ株式会社　代表取締役　村元　裕,渡邊　美穂子,,,平8. 3. 15,yakkyoku
薬局,02,2040137,ワカバ調剤薬局　平内店,東津軽郡平内町大字小湊字愛宕７０－２１,017-755-4211,株式会社　まつい　代表取締役　松井　浩之,能登谷　崇雄,,,平8. 4. 1,yakkyoku
薬局,02,2040210,パステル薬局,東津軽郡外ヶ浜町字蟹田５－３,0174-31-1867,株式会社　キャンバス　代表取締役　成田　智也,成田　智也,,,平19. 8. 1,yakkyoku
薬局,02,2040228,すずらん調剤薬局　かにた店,東津軽郡外ヶ浜町字蟹田１３９番地１,0174-31-1031,有限会社ケイエスメディカル　代表取締役　鈴木　和之,飯田　英樹,,,令4. 10. 1,yakkyoku
薬局,02,2040236,アサヒ調剤薬局,東津軽郡今別町大字浜名字中宇田１－２０,0174-35-4162,鈴木　勝敏,鈴木　勝敏,,,令5. 11. 1,yakkyoku
薬局,02,2040244,ファーマライズ薬局　こみなと店,東津軽郡平内町大字小湊字愛宕８２－１,017-758-1022,ｎｅｘｔ　ＰＨ株式会社　代表取締役　松浦　惠子,畑井　俊一,,,令6. 12. 2,yakkyoku
薬局,02,2040251,上磯調剤薬局,東津軽郡外ヶ浜町下蟹田５６番３,0174-31-1051,株式会社青森ねぶた薬局　代表取締役　柳生　美江,石渡　裕明,,,令7. 6. 1,yakkyoku
薬局,02,2040269,上磯調剤薬局　三厩店,東津軽郡外ヶ浜町三厩新町６番３,0174-31-7781,株式会社青森ねぶた薬局　代表取締役　柳生　美江,須郷　恵一,,,令7. 6. 1,yakkyoku
薬局,02,2140267,ハッピー調剤薬局　青森鰺ヶ沢舞戸店,西津軽郡鰺ヶ沢町大字舞戸町字下富田５７－２,0173-82-0266,株式会社丸大サクラヰ薬局　代表取締役　今　寿,岡本　和之,,,平25. 11. 1,yakkyoku
薬局,02,2140275,すずらん調剤薬局　鯵ヶ沢店,西津軽郡鯵ヶ沢町大字七ツ石町２６,0173-82-0126,有限会社西北ファーマシー　代表取締役　鈴木　和之,白鳥　裕輔,,,平29. 5. 1,yakkyoku
薬局,02,2140283,いちい薬局深浦町広戸店,西津軽郡深浦町大字広戸字家野上１０４－３,0173-82-0755,株式会社いちい　代表取締役　一井　滋信,野呂　暁,,,平30. 5. 1,yakkyoku
薬局,02,2140291,いちい薬局鰺ヶ沢病院店,青森県西津軽郡鰺ヶ沢町大字舞戸町字蒲生１０６番地１０,0173-82-0099,株式会社いちい　代表取締役　一井　滋信,千葉　浩彦,,,令3. 2. 1,yakkyoku
薬局,02,2340198,サカエ薬局　藤崎,南津軽郡藤崎町大字藤崎字武元１３,0172-75-6668,株式会社町田アンド町田商会　代表取締役　町田　容一郎,佐藤　文彦,,,平6. 10. 1,yakkyoku
薬局,02,2340206,有限会社ウエダ調剤薬局,南津軽郡大鰐町大字大鰐字大鰐１１０－１,0172-48-2147,有限会社ウエダ調剤薬局　代表取締役　植田　侯子,植田　侯子,,,平6. 11. 1,yakkyoku
薬局,02,2340362,ひらの薬局,南津軽郡藤崎町葛野字前田６１－５,0172-89-7100,有限会社　平野屋　代表取締役　平野　利信,平野　利信,,,平15. 10. 1,yakkyoku
薬局,02,2340388,クローバー調剤薬局ときわ店,南津軽郡藤崎町常盤字富田２１－２５,0172-65-4333,有限会社　クローバー　代表取締役　斎藤　智,小鹿　喜代志,,,平18. 4. 1,yakkyoku
薬局,02,2340404,すずらん調剤薬局,南津軽郡大鰐町大字大鰐字大鰐１０５－１１,0172-47-5786,有限会社カツミ　代表取締役　勝海　賢,本間　二三夫,,,平19. 11. 5,yakkyoku
薬局,02,2340412,マエダ調剤薬局大鰐店,南津軽郡大鰐町大字蔵館字山下２－１７,0172-48-5911,有限会社マエダファーマシー　代表取締役　前田　淳彦,白藤　達夫,,,平20. 1. 1,yakkyoku
薬局,02,2340420,ファイン調剤薬局　蔵館店,南津軽郡大鰐町大字蔵館字道添１１番１,0172-49-2622,有限会社メディカルトーイボックス　代表取締役　工藤　和信,工藤　麻里,,,平20. 1. 1,yakkyoku
薬局,02,2340438,二川原薬局,南津軽郡大鰐町大字大鰐字大鰐３９番地１,0172-49-1235,合名会社　二川原薬局　代表社員　二川原　敏信,二川原　敏信,,,平20. 6. 1,yakkyoku
薬局,02,2340453,ハッピー調剤薬局青森藤崎店,南津軽郡藤崎町葛野新岡元１０９,0172-55-0963,株式会社丸大サクラヰ薬局　代表取締役　今　寿,佐々木　可多奈,,,令5. 10. 2,yakkyoku
薬局,02,2440162,こどまり調剤薬局,北津軽郡中泊町大字小泊字砂山１０７６－２,0173-27-9039,川山　富士子,川山　富士子,,,平14. 9. 15,yakkyoku
薬局,02,2440188,サカエ薬局　板病前,北津軽郡板柳町福野田字常盤５４－７,0172-72-0909,株式会社町田アンド町田商会　代表取締役　町田　容一郎,西澤　稚子,,,平15. 3. 15,yakkyoku
薬局,02,2440212,つるた調剤薬局,北津軽郡鶴田町大字鶴田字早瀬２４－１,0173-23-1102,有限会社　西北ファーマシー　代表取締役　鈴木　和之,米谷　尚子,,,平16. 4. 1,yakkyoku
薬局,02,2440238,いちい薬局鶴田町店,北津軽郡鶴田町大字鶴田字相原５５の２５,0173-26-6771,株式会社　いちい　代表取締役社長　一井　滋信,大谷　健,,,平21. 10. 1,yakkyoku
薬局,02,2440246,つるた調剤薬局　中央店,北津軽郡鶴田町大字強巻字押上１－５,0173-26-6360,有限会社　西北ファーマシー　代表取締役　鈴木　和之,工藤　明子,,,平21. 11. 1,yakkyoku
薬局,02,2440253,スーパードラッグアサヒ調剤薬局板柳店,北津軽郡板柳町大字福野田字常盤５４番地１,0172-79-1132,株式会社タイキファーマシー　代表取締役　松山　佳生,杉山　裕子,,,平27. 7. 1,yakkyoku
薬局,02,2440261,アーチ薬局いたやなぎ,北津軽郡板柳町大字福野田字実田５３－８,0172-55-0507,株式会社ファーマクリエイト　代表取締役　豊嶋　龍介,斎藤　駿,,,平28. 5. 1,yakkyoku
薬局,02,2540128,高橋薬局,上北郡東北町上北南一丁目３１－３６６,0176-56-2011,高橋　篤子,高橋　篤子,,,昭50. 3. 1,yakkyoku
薬局,02,2540169,株式会社　高野薬局,上北郡野辺地町字野辺地１８－４,0175-64-3359,株式会社　高野薬局　代表取締役　高野　智行,高野　修司,,,昭55. 8. 1,yakkyoku
薬局,02,2540243,幸保調剤薬局,上北郡六戸町大字犬落瀬字堀切沢５９－１７２,0176-52-3700,有限会社　幸保薬局　代表取締役　幸保　和憲,幸保　和憲,,,平8. 4. 15,yakkyoku
薬局,02,2540318,ワカバ調剤薬局　七戸店,上北郡七戸町字影津内９８－２５,0176-62-3973,株式会社　ワカバ　代表取締役　松井　浩之,八木澤　保,,,平11. 4. 1,yakkyoku
薬局,02,2540383,有限会社　たきのファーマシー　つばさ調剤薬局,上北郡野辺地町鳴沢１－８,0175-65-2711,有限会社　たきのファーマシー　代表取締役　瀧野　賢一,瀧野　賢一,,,平14. 5. 15,yakkyoku
薬局,02,2540417,オレンジ薬局,上北郡東北町大字上野字南谷地２３８－２,0176-58-1037,有限会社メディファス　取締役　飛内　巧,鶴ヶ崎　幸俊,,,平15. 1. 15,yakkyoku
薬局,02,2540425,薬局　ミミ,上北郡おいらせ町緑ヶ丘１－５０－２０８２,0176-57-5820,有限会社　グリーン・ファーマシィ　代表取締役　清野　美知子,清野　美知子,,,平15. 12. 1,yakkyoku
薬局,02,2540466,スノヤ薬局,上北郡六戸町犬落瀬若宮４,0176-55-3011,藤村　謙一,藤村　謙一,,,平17. 10. 1,yakkyoku
薬局,02,2540482,下田薬局,上北郡七戸町字七戸５６－１,0176-62-6767,高橋　明美,下田　孝雄,,,平18. 9. 1,yakkyoku
薬局,02,2540508,天馬薬局,上北郡七戸町字道ノ上６３－３,0176-69-1011,有限会社みちのくファーマシィー　代表取締役　中村　安紀子,成田　香絵子,,,平19. 5. 1,yakkyoku
薬局,02,2540532,かみきた薬局,上北郡東北町上北北一丁目３４－４５,0176-58-2033,有限会社　サワカミ薬局　取締役　河原木　智,蛯名　駿,,,平21. 9. 1,yakkyoku
薬局,02,2540565,よこはま薬局,上北郡横浜町字寺下８１－２,0175-78-6009,有限会社サワカミ薬局　取締役　河原木　智,佐々木　勝,,,平22. 7. 1,yakkyoku
薬局,02,2540573,乙供さくら薬局,上北郡東北町字上笹橋２３番地１２,0175-65-5321,株式会社イーケーワン　代表取締役　蛯名　一則,蛯名　亮,,,平23. 5. 2,yakkyoku
薬局,02,2540623,おぶち薬局,上北郡六ヶ所村大字尾駮字野附１３４１－２,0175-73-8600,有限会社サワカミ薬局　取締役　河原木　智,沼尾　聡美,,,平26. 8. 1,yakkyoku
薬局,02,2540649,七戸調剤薬局株式会社,上北郡七戸町寺裏３２,0176-62-6850,七戸調剤薬局株式会社　代表取締役　田島　史貴,田島　史貴,,,平27. 4. 12,yakkyoku
薬局,02,2540656,アイン薬局野辺地店,上北郡野辺地町字鳴沢１８－３,0175-65-1645,株式会社アインファーマシーズ　代表取締役　淡路　英広,久保田　絵里花,,,平27. 11. 1,yakkyoku
薬局,02,2540672,サンケアおいらせ薬局,上北郡おいらせ町上前田２１－７,0178-38-9011,株式会社　サン・ケア　代表取締役　三上　章,小野寺　達也,,,平28. 1. 1,yakkyoku
薬局,02,2540680,サワカミ薬局おいらせ青葉店,上北郡おいらせ町上久保６３－１７３,0176-58-6521,有限会社サワカミ薬局　取締役　河原木　智,野口　勇樹,,,平28. 12. 1,yakkyoku
薬局,02,2540698,スマイル薬局　野辺地店,上北郡野辺地町字野辺地６８－１,0175-73-8867,株式会社ｅｕｌ　代表取締役　安田　祥太,安田　祥太,,,平29. 10. 1,yakkyoku
薬局,02,2540706,ちびき薬剤センター,上北郡東北町字板橋山１－３０,0175-64-0876,ハートファルマ株式会社　代表取締役　村川　祐三,宇井　靖,,,平30. 3. 1,yakkyoku
薬局,02,2540714,あおいもり薬局,上北郡おいらせ町住吉４丁目５０番２１１０,0176-58-7311,ハートファルマ株式会社　代表取締役　村川　祐三,吉田　智,,,平30. 3. 1,yakkyoku
薬局,02,2540722,なの花薬局おいらせ店,上北郡おいらせ町上明堂９－３,0178-50-1311,株式会社なの花東北　代表取締役　赤石　正志,菊地　正悟,,,平30. 7. 1,yakkyoku
薬局,02,2540763,イオン薬局下田店,上北郡おいらせ町中野平４０－１,0178-50-3026,イオン東北株式会社　代表取締役　西垣　幸則,児玉　真祐美,,,令3. 9. 1,yakkyoku
薬局,02,2540771,ハッピー調剤薬局青森おいらせ青葉店,上北郡おいらせ町青葉５－５０－１４８６,0176-27-5761,株式会社丸大サクラヰ薬局　代表取締役　今　寿,森重　克哉,,,令3. 11. 1,yakkyoku
薬局,02,2540805,薬局ＡＩＮＡ,上北郡六戸町小松ケ丘二丁目７７番地６６５,0176-58-0775,株式会社Ｏｆｆｉｃｅ　Ｔｏｙｏ　代表取締役　豊川　知宏,豊川　知宏,,,令7. 8. 1,yakkyoku
薬局,02,2540813,おいらせ調剤薬局,上北郡おいらせ町上明堂９,0178-52-8878,株式会社Ａ＆Ｐ　代表取締役　村上　典夫,河井　里有子,,,令8. 2. 1,yakkyoku
薬局,02,2640159,アイン薬局東通村店,下北郡東通村大字砂子又字里１番２０６,0175-28-5270,株式会社アインファーマシーズ　代表取締役　淡路　英広,細川　智弘,,,平27. 11. 1,yakkyoku
薬局,02,2640167,アイセイ薬局大間店,下北郡大間町大字大間字大間平２０番地１５７,0175-32-1110,株式会社アイセイ薬局　代表取締役　藤井　江美,石村　篤志,,,平29. 10. 1,yakkyoku
薬局,02,2740207,アタゴ薬局,三戸郡五戸町字愛宕後２６－１,0178-62-7887,株式会社　アタゴ薬局　代表取締役　久道　浩,髙橋　利彰,,,平9. 2. 1,yakkyoku
薬局,02,2740249,三戸薬局,三戸郡三戸町大字川守田字沖中１０－６,0179-20-1616,株式会社　サン・ケア　代表取締役　三上　章,根市　貴之,,,平12. 8. 1,yakkyoku
薬局,02,2740256,うぐいす薬局,三戸郡階上町大字道仏字天当平１－１８９,0178-80-1133,有限会社アクティ　代表取締役　山田　文義,山田　文義,,,平12. 9. 15,yakkyoku
薬局,02,2740272,フロンティア薬局三戸店,三戸郡三戸町大字川守田字沖中１６－５,0179-20-1661,株式会社フロンティア　代表取締役　重森　裕之,髙橋　秀彰,,,平14. 1. 1,yakkyoku
薬局,02,2740280,プラス薬局,三戸郡五戸町沢向１７－４２,0178-61-1701,有限会社　プラスメディカル　代表取締役　伊藤　幸児,伊藤　幸児,,,平15. 3. 1,yakkyoku
薬局,02,2740322,ハッピー調剤薬局　青森剣吉店,三戸郡南部町大字剣吉字堰合１５－４,0178-75-0745,株式会社　丸大サクラヰ薬局　代表取締役　今　寿,村舘　裕也,,,平18. 10. 1,yakkyoku
薬局,02,2740330,なんぶ中央薬局,三戸郡南部町大字沖田面字千刈５２,0179-34-3570,株式会社　祥和　代表取締役　久道　大輔,工藤　真紀,,,平21. 9. 7,yakkyoku
薬局,02,2740348,ほのぼの薬局,三戸郡南部町大字苫米地字白山堂１８番地１,0178-84-4505,有限会社ほのぼの　代表取締役　道尻　誠助,岡田　健広,,,平22. 11. 1,yakkyoku
薬局,02,2740397,サンケア南部薬局,三戸郡南部町大字下名久井字白山８７－８,0178-60-7711,株式会社　サン・ケア　代表取締役　三上　章,桜田　将太,,,平26. 6. 1,yakkyoku
薬局,02,2740405,ちょうみん薬局　田子店,三戸郡田子町大字田子字前田２番１９,0179-23-0175,株式会社アポクリファ　代表取締役　澤頭　郁夫,澤頭　郁夫,,,平27. 7. 1,yakkyoku
薬局,02,2740439,ふよう調剤薬局,三戸郡南部町大字苫米地字町中２２番地１３,0178-84-3113,有限会社芙蓉商事　代表取締役　菅　綾,菅　綾,,,平29. 6. 1,yakkyoku
薬局,02,2740447,なの花薬局五戸店,三戸郡五戸町正場沢３番地４,0178-62-7551,株式会社なの花東北　代表取締役　赤石　正志,野中　志穗,,,平30. 7. 1,yakkyoku
薬局,02,2740454,なの花薬局五戸東店,三戸郡五戸町鍜冶屋窪上ミ３４－１,0178-61-1196,株式会社なの花東北　代表取締役　赤石　正志,大山　雄次,,,平30. 7. 1,yakkyoku
薬局,02,2740462,サカエ薬局なんぶ,三戸郡南部町沖田面字千刈３５－２,0179-20-6770,株式会社町田アンド町田商会　代表取締役　町田　容一郎,西村　宜朗,,,平30. 12. 1,yakkyoku
薬局,02,2740470,みちしり調剤薬局,三戸郡三戸町大字二日町５番地２,0179-23-5018,有限会社みちしり　代表取締役　道尻　謹子,道尻　謹子,,,令元. 11. 23,yakkyoku
薬局,02,2740488,たっこ調剤薬局,三戸郡田子町田子字上野ノ下夕９２番８号,,たっこ調剤薬局株式会社　代表取締役　尾﨑　則夫,尾﨑　則夫,,,令4. 2. 1,yakkyoku
