med_type,pref_code,med_code,name,address,phone,opener,manager,depts,beds,designated_date,source
診療所,47,0111107,一般社団法人　那覇市医師会　生活習慣病検診センター,那覇市東町２６－１,098-868-8118,一般社団法人　那覇市医師会　代表理事　友利　博朗,崎原　永辰,内　他,,昭47. 5. 15,kyushu/r8_07_okinawa.zip
診療所,47,0111636,日賀耳鼻咽喉科,那覇市前島１－１５－１,,日賀　久雄,日賀　久雄,耳い　気食,,昭47. 12. 19,kyushu/r8_07_okinawa.zip
診療所,47,0111644,吉本内科小児科医院,那覇市松川１－１５－６,,吉本　弘,吉本　弘,一般　内　小,,昭48. 1. 10,kyushu/r8_07_okinawa.zip
病院,47,0112014,社会医療法人　葦の会　オリブ山病院,那覇市首里石嶺町４－３５６,,社会医療法人　葦の会　理事長　田頭　真一,玉城　尚,精神　一般　内科　内科（呼吸器）　精神科　心療内科　リハビリテーション科　脳神経内科,340,昭52. 1. 1,kyushu/r8_07_okinawa.zip
病院,47,0112634,医療法人　はごろも会　那覇ゆい病院,那覇市古島１－２２－１,,医療法人　はごろも会　理事長　玉城　仁,玉城　仁,療養　内科　呼吸器内科　循環器内科　外科　整形外科　リハビリテーション科　小児科　皮膚科,,昭57. 9. 1,kyushu/r8_07_okinawa.zip
診療所,47,0112659,開南皮フ科,那覇市松尾２丁目２４－１４（高良ビル２階）,,国吉　光雄,国吉　光雄,皮,,昭57. 10. 1,kyushu/r8_07_okinawa.zip
病院,47,0113251,琉生病院,那覇市大道５６番地,,一般財団法人　琉球生命済生会　理事長　高良　毅,金城　渚,療養　内科　呼吸器内科　循環器内科　消化器内科　リハビリテーション科　整形外科,,昭62. 5. 1,kyushu/r8_07_okinawa.zip
診療所,47,0113269,前浜小児科医院,那覇市松川２－５－３０,,前濱　宏之,前濱　宏之,小　皮,,昭62. 7. 1,kyushu/r8_07_okinawa.zip
診療所,47,0113434,新垣クリニック,那覇市泊１－１３－１,,新垣　敏幸,新垣　敏幸,内科　呼吸器科　消化器科　循環器科　外科　麻酔科,,昭64. 1. 1,kyushu/r8_07_okinawa.zip
診療所,47,0113467,耳鼻咽喉科小禄クリニック,那覇市宇栄原１－６－３３,,仲吉　博彦,仲吉　博彦,耳鼻咽喉科,,平元. 3. 1,kyushu/r8_07_okinawa.zip
診療所,47,0113632,医療法人　新田クリニック,那覇市前島１－１４－３,,医療法人　新田クリニック　理事長　新田　迅,新田　迅,一般　産婦,,平元. 12. 1,kyushu/r8_07_okinawa.zip
診療所,47,0113673,新川クリニック,那覇市壺屋１－２－１６,,医療法人　善孜会　理事長　宮城　佳江,宮城　政剛,内　呼内　外　整外　リハ　皮　他　神内,,平2. 1. 1,kyushu/r8_07_okinawa.zip
診療所,47,0113749,順天堂クリニック,那覇市泊１－１３－１,,医療法人　温知会　理事長　新垣　敏雄,新垣　敏雄,整外　内　皮　リハ　アレ,,平2. 5. 1,kyushu/r8_07_okinawa.zip
病院,47,0113780,天久台病院,那覇市天久１１２３,,医療法人　天仁会　理事長　平良　直人,平良　直人,精神　精神科　老年精神科　児童精神科　心療内科　脳神経内科,333,平2. 7. 1,kyushu/r8_07_okinawa.zip
診療所,47,0113871,伊集内科医院,那覇市久米２－１０－１５,,医療法人　伊集内科医院　理事長　伊集　守政,伊集　守政,内　他,,平2. 12. 1,kyushu/r8_07_okinawa.zip
診療所,47,0113947,西町クリニック,那覇市西３－４－１,,真栄田　篤彦,真栄田　篤彦,内　小　皮,,平3. 3. 1,kyushu/r8_07_okinawa.zip
病院,47,0114044,医療法人　禄寿会　小禄病院,那覇市小禄５４７－１,,医療法人　禄寿会　理事長　髙江洲　良一,諸見　洋一,一般　内科　腎臓内科　整形外科　眼科　放射線科　リハビリテーション科　呼吸器内科　循環器内科　消化器内科,,平3. 10. 21,kyushu/r8_07_okinawa.zip
診療所,47,0114101,医療法人　明峰会　真玉橋クリニック,那覇市識名１３１６－３,,医療法人明峰会　真玉橋クリニック　理事長　小方　明子,小方　明子,内科　小児科　皮膚科　リハビリテーション科,,平4. 4. 1,kyushu/r8_07_okinawa.zip
診療所,47,0114119,赤嶺耳鼻咽喉科,那覇市高良３－６－８,,赤嶺　克二,赤嶺　克二,耳鼻咽喉科　気管食道科　アレルギー科,,平4. 4. 1,kyushu/r8_07_okinawa.zip
診療所,47,0114143,三原内科クリニック,那覇市三原２－３０－５,098-836-3111,喜久村　徳清,喜久村　徳清,内　神　呼　消胃　循　小　外　整外　皮　眼　リハ　麻,,平4. 6. 1,kyushu/r8_07_okinawa.zip
診療所,47,0114499,平良クリニック,那覇市松尾２－１６－４３,098-863-7110,平良　朝秀,平良　朝秀,内科　胃腸科　外科　整形外科　リハビリテーション科,,平6. 12. 1,kyushu/r8_07_okinawa.zip
病院,47,0114515,医療法人寿仁会　沖縄セントラル病院,那覇市与儀１－２６－６,098-854-5511,医療法人寿仁会　理事長　大仲　良仁,新垣　勝男,療養　一般　整形外科　脳神経外科　内科　糖尿病内科　リハビリテーション科　循環器内科　歯科,101,平6. 12. 1,kyushu/r8_07_okinawa.zip
診療所,47,0114523,首里協同クリニック,那覇市首里石嶺町１－１４７－３,098-884-4846,沖縄医療生活協同組合　代表理事　上原　昌義,新垣　安男,内科　小児科　外科,,平7. 1. 1,kyushu/r8_07_okinawa.zip
診療所,47,0114572,山城整形外科眼科医院,那覇市樋川１－１８－２２,098-836-1100,山城　千秋,山城　千秋,整形外科　美容外科　眼科　麻酔科　リハビリテーション科,,平7. 4. 1,kyushu/r8_07_okinawa.zip
診療所,47,0114580,菜の花クリニック,那覇市泉崎１－１６－１６比嘉ビル１Ｆ,098-866-8716,名古屋　和壱,名古屋　和壱,心療内科　精神科,,平7. 4. 1,kyushu/r8_07_okinawa.zip
診療所,47,0114648,医療法人　育伸会　垣花小児科内科医院,那覇市金城５－１４－１２,098-859-3085,医療法人　育伸会　理事長　垣花　淳一,垣花　淳一,小　内,,平7. 8. 1,kyushu/r8_07_okinawa.zip
診療所,47,0114671,いけま小児クリニック,那覇市真嘉比２丁目１番５号,098-886-4119,医療法人　迪仁の会　理事長　池間　啓人,池間　啓人,小,,平7. 10. 1,kyushu/r8_07_okinawa.zip
診療所,47,0114689,小禄整形外科,那覇市金城５－２－８,098-859-3311,藤原　英士,藤原　英士,一般　整外　リハ,,平7. 11. 1,kyushu/r8_07_okinawa.zip
診療所,47,0114713,たばる内科胃腸科,那覇市金城５－３－１,098-858-0005,金城　幸博,金城　幸博,内　胃　小　皮,,平8. 4. 1,kyushu/r8_07_okinawa.zip
診療所,47,0114762,医療法人厚仁会　与儀中央クリニック,那覇市与儀３６６－２,098-854-2030,医療法人厚仁会　理事長　宜保　弓恵,宜保　弓恵,皮,,平8. 7. 1,kyushu/r8_07_okinawa.zip
診療所,47,0114788,石川眼科医院,那覇市泉崎２－３－２０,,医療法人ジェイティエス　理事長　石川　秀夫,石川　秀夫,眼,,平8. 7. 1,kyushu/r8_07_okinawa.zip
診療所,47,0114804,あさひ眼科,那覇市長田１－１－１アクロス寄宮１０１号,098-836-3196,我喜屋　宗雄,我喜屋　宗雄,眼,,平8. 10. 1,kyushu/r8_07_okinawa.zip
診療所,47,0114846,医療法人　八重洲クリニック,那覇市松山２－２３－１３,,医療法人　八重洲クリニック　理事長　友利　博朗,友利　博朗,内科　循環器科　胃腸科,,平8. 12. 1,kyushu/r8_07_okinawa.zip
診療所,47,0114879,守礼クリニック,那覇市田原３－３－７,098-858-9615,医療法人俊成会　理事長　具志堅　成恭,具志堅　成恭,一般　内　胃　循　小　呼　皮　リハ　リウ　アレ,,平9. 1. 6,kyushu/r8_07_okinawa.zip
診療所,47,0115033,山城内科医院,那覇市樋川１－１８－２２,,医療法人　雄光会　理事長　山城　慶子,山城　慶子,内　小　呼　循　胃,,平9. 6. 1,kyushu/r8_07_okinawa.zip
診療所,47,0115124,開邦クリニック,那覇市古波蔵２－４－１４,098-832-3259,上原　正照,上原　正照,内科　胃腸科　小児科　皮膚科　精神科　神経科,,平10. 4. 1,kyushu/r8_07_okinawa.zip
診療所,47,0115132,花城内科医院,那覇市首里儀保町３－８,,花城　清治,花城　清治,内科,,平10. 4. 1,kyushu/r8_07_okinawa.zip
診療所,47,0115173,にこにこ整形外科医院,那覇市壺川２－１１－２,098-836-4807,医療法人　和楽会　理事長　伊志嶺　恒洋,伊志嶺　恒洋,整外　外　内　リハ,,平10. 6. 1,kyushu/r8_07_okinawa.zip
診療所,47,0115215,医療法人徳洲会　こくらクリニック,那覇市古波蔵３－８－２８,098-855-1020,医療法人徳洲会　理事長　東上　震一,川満　克紀,内科　小児科　呼吸器科　循環器科,,平10. 8. 1,kyushu/r8_07_okinawa.zip
病院,47,0115249,川平病院,那覇市古波蔵３－５－２５,098-836-1101,医療法人社団かびら会　理事長　川平昌秀,川平　昌秀,療養　内　小　リハ　他,,平10. 9. 1,kyushu/r8_07_okinawa.zip
診療所,47,0115256,医療法人学豊会　安里皮膚科医院,那覇市壺屋２－４－３,,医療法人　学豊会　理事長　安里　豊,安里　豊,皮,,平10. 9. 1,kyushu/r8_07_okinawa.zip
診療所,47,0115272,大田整形外科医院,那覇市小禄１－１－５０,,医療法人　健美会　理事長　大田　征夫,大田　征夫,整外　リハ,,平10. 11. 1,kyushu/r8_07_okinawa.zip
病院,47,0115298,医療法人　陽心会　大道中央病院,那覇市安里１丁目１番３７号,098-869-0005,医療法人　陽心会　理事長　高良　健,高良　健,一般　療養　内　循　消　リハ　呼　形外　リウ　整外　外　神内　他,224,平11. 2. 1,kyushu/r8_07_okinawa.zip
診療所,47,0115306,中央皮フ科,那覇市松尾１－４－１３,098-867-3023,萩原　啓介,萩原　啓介,一般　皮　アレ,,平11. 4. 1,kyushu/r8_07_okinawa.zip
診療所,47,0115348,かなでクリニック,那覇市久茂地２丁目６－２０第一久高木材ビル２Ｆ,098-866-6633,棚原　一哉,棚原　一哉,心内　精,,平11. 6. 1,kyushu/r8_07_okinawa.zip
診療所,47,0115397,曙クリニック,那覇市曙３－２０－１４,098-863-5858,玉井　修,玉井　修,内　胃　外　整外　皮,,平11. 10. 1,kyushu/r8_07_okinawa.zip
診療所,47,0115488,那覇リハビリクリニック,那覇市首里赤平町２－１３－２　赤平市街地分譲住宅１階,098-886-1235,医療法人桃の木会　理事長　山内　義正,島袋　隆志,内　リハ,,平12. 7. 1,kyushu/r8_07_okinawa.zip
病院,47,0115496,田崎病院,那覇市松川３１９,098-885-2375,医療法人　社団　輔仁会　理事長　田崎　琢二,小林　裕人,精神　精　内　心内,170,平12. 8. 1,kyushu/r8_07_okinawa.zip
診療所,47,0115520,あじとみクリニック,那覇市高良１－１０－７コーポナガミネ１０１,098-859-5888,安次冨　健二,安次冨　健二,内　小,,平12. 11. 1,kyushu/r8_07_okinawa.zip
診療所,47,0115546,おろく皮フ科クリニック,那覇市小禄五丁目１３番地１たかよしビル１階,098-859-6700,新城　佳代,新城　佳代,皮,,平12. 12. 1,kyushu/r8_07_okinawa.zip
診療所,47,0115579,那覇西クリニック,那覇市赤嶺２－１－９,098-858-5557,医療法人　那覇西会　理事長　玉城　研太朗,鎌田　義彦,一般　内　外　他,,平12. 12. 1,kyushu/r8_07_okinawa.zip
診療所,47,0115629,白井クリニック,那覇市真地５２－３,098-833-6500,白井　和美,白井　和美,内　小　皮,,平13. 5. 1,kyushu/r8_07_okinawa.zip
診療所,47,0115645,医療法人　城南会　小禄みなみ診療所,那覇市宮城１－１－３７,,医療法人　城南会　理事長　山根　邦夫,国吉　和秀,内　リハ　精　神　心内,,平13. 4. 1,kyushu/r8_07_okinawa.zip
診療所,47,0115678,長田クリニック,那覇市国場３３４－１,098-833-7878,長田　清,長田　清,心内　精　神,,平13. 8. 1,kyushu/r8_07_okinawa.zip
診療所,47,0115694,まきし眼科クリニック,那覇市銘苅２－４－１８－１０２,098-941-6835,新屋　雄二,新屋　雄二,眼,,平13. 8. 1,kyushu/r8_07_okinawa.zip
診療所,47,0115728,平田胃腸科・内科,那覇市銘苅３－２２－３３Ｒ－８ビル１Ｆ,098-869-7272,平田　晴男,平田　晴男,内　胃　消　小,,平13. 9. 1,kyushu/r8_07_okinawa.zip
診療所,47,0115827,仲里眼科,那覇市田原１－９－１,098-857-0140,医療法人社団　萬寿光葉会　理事長　仲里　博彦,仲里　博彦,一般　眼　小　皮,,平14. 1. 1,kyushu/r8_07_okinawa.zip
診療所,47,0115843,かず整形外科クリニック,那覇市繁多川３－７－８,098-885-0003,医療法人　一向会　理事長　垣花　浩一,垣花　浩一,整外　リハ,,平14. 4. 1,kyushu/r8_07_okinawa.zip
診療所,47,0115868,天久のクリニック,那覇市天久１－２７－２０,098-861-4615,伊計　直磨,伊計　直磨,心内　リハ　精　神,,平14. 4. 1,kyushu/r8_07_okinawa.zip
診療所,47,0115876,仲本クリニック,那覇市おもろまち４－１１－２４,098-941-3351,医療法人　紅茘会　理事長　仲本　正人,仲本　正人,内科,,平14. 6. 1,kyushu/r8_07_okinawa.zip
診療所,47,0115918,こくら台ハートクリニック,那覇市国場１１６９－２０,,医療法人以和貴会　理事長　名嘉　栄勝,當山　真人,内科　腎臓内科　血液透析科　循環器内科　美容皮膚科,,平14. 6. 1,kyushu/r8_07_okinawa.zip
診療所,47,0115926,やぎＳＵＮクリニック,那覇市仲井真３１７－１　２Ｆ,098-832-3387,医療法人　佳愛会　理事長　屋宜　晃,屋宜　晃,耳鼻咽喉科　アレルギー科　皮膚科,,平14. 8. 1,kyushu/r8_07_okinawa.zip
診療所,47,0115934,ふくろうクリニック,那覇市牧志２－１６－１２,098-867-1443,富山　幸佑,富山　幸佑,内科　心療内科　精神科　神経内科　リハビリテーション科,,平14. 10. 1,kyushu/r8_07_okinawa.zip
診療所,47,0115975,けいわクリニック,那覇市牧志２－１７－１２　いとみね会館１階,098-951-3759,豊田　和正,豊田　和正,内科　呼吸器内科　小児科　皮フ科,,平14. 11. 1,kyushu/r8_07_okinawa.zip
診療所,47,0116031,アラカキ眼科,那覇市真嘉比三丁目１３番３号,098-884-0010,医療法人アイアイ会　理事長　新垣　均,新垣　均,眼科,,平14. 12. 1,kyushu/r8_07_okinawa.zip
診療所,47,0116064,医療法人　真仁会　真栄城耳鼻咽喉科,那覇市安里１－６－６,098-862-3387,医療法人　真仁会　理事長　真栄城　徳秀,真栄城　徳秀,耳い,,平15. 5. 1,kyushu/r8_07_okinawa.zip
診療所,47,0116072,一銀内科胃腸科クリニック,那覇市小禄５－１４－５,098-858-5005,医療法人　永悠会　理事長　城間　翔,城間　翔,内　胃,,平15. 5. 1,kyushu/r8_07_okinawa.zip
診療所,47,0116080,医療法人　セントペアレント石間,那覇市金城２－１－５,098-858-0354,医療法人　セントペアレント石間　理事長　石間　友明,石間　友明,一般　産　婦　小,,平15. 5. 1,kyushu/r8_07_okinawa.zip
診療所,47,0116155,首里城下町クリニック第一,那覇市松川３－１８－３０,098-885-5000,医療法人　麻の会　理事長　田名　毅,田名　毅,一般　内科　循環器科　リウマチ科,,平15. 12. 1,kyushu/r8_07_okinawa.zip
診療所,47,0116163,茶園耳鼻科,那覇市小禄２丁目３－１７,098-859-3333,医療法人　亜十夢会　理事長　茶園　篤男,茶園　篤男,耳鼻咽喉科　アレルギー科,,平15. 12. 1,kyushu/r8_07_okinawa.zip
診療所,47,0116254,おおみじゃ眼科,那覇市繁多川３－７－８,098-882-3232,医療法人　周恩会　理事長　大見謝　恒人,大見謝　恒人,眼科,,平16. 5. 1,kyushu/r8_07_okinawa.zip
診療所,47,0116304,浦崎整形外科クリニック,那覇市壺屋２－１４－２４,098-854-1103,医療法人　つぼやメディカル　理事長　浦崎　貴志,浦崎　貴志,整外　婦　リハ,,平16. 11. 1,kyushu/r8_07_okinawa.zip
診療所,47,0116361,協同にじクリニック,那覇市古波蔵４丁目１０番１０号,098-836-1182,沖縄医療生活協同組合　代表理事　上原　昌義,喜久本　朝善,内科　小児科　歯科　脳神経外科,,平17. 2. 1,kyushu/r8_07_okinawa.zip
診療所,47,0116411,ぐしけん皮フ科,那覇市銘苅３－２２－３３Ｒ－８ビル２Ｆ,098-951-1112,医療法人　ぐしけん皮フ科　理事長　具志堅　初男,具志堅　初男,皮　アレ,,平17. 4. 1,kyushu/r8_07_okinawa.zip
診療所,47,0116437,前田胃腸科医院,那覇市三原２－１５－１２,098-832-4889,前田　企能,前田　企能,一般　内　胃　外,,平17. 7. 1,kyushu/r8_07_okinawa.zip
診療所,47,0116478,なかそね和内科,那覇市松川４７番地,098-887-1086,仲宗根　和則,仲宗根　和則,内,,平17. 10. 3,kyushu/r8_07_okinawa.zip
診療所,47,0116536,那覇西クリニック　まかび,那覇市真嘉比２丁目２９番２２号,098-884-7824,医療法人　那覇西会　理事長　玉城　研太朗,上原　協,外科　乳腺外科　婦人科,,平17. 11. 1,kyushu/r8_07_okinawa.zip
診療所,47,0116569,叶クリニック,那覇市首里石嶺町４－９－１,098-886-0888,森　叶,森　叶,内　消　小　リハ,,平17. 12. 8,kyushu/r8_07_okinawa.zip
診療所,47,0116577,ともり内科循環器科,那覇市おもろまち４丁目１９番８号,098-868-5888,友利　正行,友利　正行,内　循　皮,,平17. 12. 1,kyushu/r8_07_okinawa.zip
病院,47,0116619,おもろまちメディカルセンター,那覇市上之屋１丁目３番１号,098-867-2116,医療法人　祥杏会　理事長　城間　健治,玉木　正人,一般　療養　内　外　呼外　整外　リハ　リウ　ひ　脳外　麻　放　皮　他　呼内　心内,,平18. 4. 1,kyushu/r8_07_okinawa.zip
診療所,47,0116650,おぎどう眼科,那覇市上間２７５番地の１,098-832-3333,医療法人　ザイオン　理事長　荻堂　哲司,荻堂　哲司,眼,,平18. 6. 1,kyushu/r8_07_okinawa.zip
診療所,47,0116692,きゆな耳鼻科・沖縄ボイスクリニック,那覇市古島２－６－５,098-871-4276,医療法人　和音会　理事長　喜友名　朝則,喜友名　朝則,耳鼻咽喉科　頭頚部外科　気管食道外科　リハビリテーション科,,平18. 8. 1,kyushu/r8_07_okinawa.zip
診療所,47,0116700,首里城下町クリニック第二,那覇市繁多川三丁目５番１８ー４号,098-833-1001,医療法人　麻の会　理事長　田名　毅,石田　百合子,内　循　リウ,,平18. 10. 1,kyushu/r8_07_okinawa.zip
診療所,47,0116726,宮城美容外科クリニック,那覇市前島２－２－１,098-860-9120,宮城　幸太,宮城　幸太,美外　皮,,平19. 1. 1,kyushu/r8_07_okinawa.zip
診療所,47,0116742,クリニックおもろまち,那覇市おもろまち４丁目６番２０号,098-868-2105,医療法人　天仁会　理事長　平良　直人,宮島　英一,精神科　心療内科　内科　神経内科,,平19. 1. 1,kyushu/r8_07_okinawa.zip
診療所,47,0116767,かなぐすくクリニック,那覇市金城五丁目１６番地１３,098-857-7788,医療法人　愛信会　理事長　武村　盛信,武村　盛信,小　内　皮,,平19. 5. 1,kyushu/r8_07_okinawa.zip
診療所,47,0116783,上原しんとしん皮フ科,那覇市おもろまち１丁目６番地１,098-861-1088,医療法人　本東会　理事長　上原　啓志,上原　啓志,皮,,平19. 5. 1,kyushu/r8_07_okinawa.zip
診療所,47,0116791,医療法人社団　輔仁会　輔仁クリニック,那覇市松川３０１番地,098-885-6605,医療法人　社団　輔仁会　理事長　田崎　琢二,平良　鐡彦,内科　心療内科　精神科　脳神経外科,,平19. 5. 1,kyushu/r8_07_okinawa.zip
診療所,47,0116833,うえはら小児科医院,那覇市おもろまち２丁目２番２２号,098-869-2400,医療法人　仁　理事長　上原　弘行,上原　弘行,小　アレ,,平19. 6. 1,kyushu/r8_07_okinawa.zip
診療所,47,0116841,きせ整形外科,那覇市宇栄原３－５－１４,098-858-8898,医療法人　悠喜会　理事長　喜瀬　均,喜瀬　均,整外　外　内　精　リハ　皮,,平19. 5. 1,kyushu/r8_07_okinawa.zip
診療所,47,0116866,かつれん内科クリニック,那覇市銘苅３丁目９番１８号,098-860-8615,医療法人　まごころ会　理事長　勝連　英雄,勝連　英雄,内　循　リウ,,平19. 6. 1,kyushu/r8_07_okinawa.zip
診療所,47,0116890,医療法人　十全会　おおうらクリニック,那覇市高良３丁目５番２２号,098-859-1941,医療法人　十全会　理事長　大浦　孝,大浦　孝,内　リウ　皮　小,,平19. 6. 1,kyushu/r8_07_okinawa.zip
診療所,47,0116916,医療法人　和　和ウィメンズクリニック,那覇市小禄５丁目１７番２,098-852-0307,医療法人　和　理事長　赤嶺　和成,赤嶺　和成,婦　産,,平19. 6. 1,kyushu/r8_07_okinawa.zip
診療所,47,0116957,脳外科クリニックくだ,那覇市樋川２丁目１－３７なかもとビル３階,098-834-2700,医療法人　グレイン　理事長　久田　均,久田　均,脳外　内　外　整外　小,,平19. 7. 1,kyushu/r8_07_okinawa.zip
診療所,47,0117013,ましどり整形外科,那覇市与儀２丁目４番２３号,,眞志取　浩貴,眞志取　浩貴,整外　外　内　ひ,,平19. 7. 1,kyushu/r8_07_okinawa.zip
診療所,47,0117021,さつきクリニック,那覇市宇栄原一丁目１８番２３号,098-857-1500,医療法人　医心会　理事長　上原　剛,上原　剛,内　胃　小,,平19. 10. 1,kyushu/r8_07_okinawa.zip
診療所,47,0117054,のはら元氣クリニック,那覇市銘苅３丁目２１番２１,098-867-0012,医療法人　ミラソル　理事長　野原　正史,野原　正史,がん内科　内　外　リハ　精,,平19. 10. 1,kyushu/r8_07_okinawa.zip
病院,47,0117104,糸数病院,那覇市泊１丁目２８番地１,098-863-4103,医療法人　がじまるの会　理事長　糸数　功,糸数　功,一般　産　婦　小,,平20. 3. 1,kyushu/r8_07_okinawa.zip
診療所,47,0117138,とおのくら整形外科,那覇市首里当蔵町２－１４　　２Ｆ,098-884-3322,砂川　憲政,砂川　憲政,整外　リウ　リハ,,平20. 4. 1,kyushu/r8_07_okinawa.zip
病院,47,0117153,地方独立行政法人　那覇市立病院,那覇市古島２丁目３１番地１,098-884-5111,地方独立行政法人　那覇市立病院　理事長　外間　浩,外間　浩,一般　内科　呼吸器内科　循環器内科　消化器内科　消化器外科　血液内科　糖尿病内科　内分泌内科　腎臓内科　神経内科　外科　乳腺外科　内視鏡外科　呼吸器外科　小児外科　整形外科　脳神経外科　精神科　リウマチ科　小児科　皮膚科　腎・泌尿器科　産婦人科　眼科　耳鼻咽喉科　リハビリテーション科　放射線診断科　放射線治療科　麻酔科　救急科　病理診断科　歯科　歯科口腔外科　脳神経内科　心臓血管外科　形成外科,470,平20. 4. 1,kyushu/r8_07_okinawa.zip
診療所,47,0117179,うえばるクリニック,那覇市宇栄原６７８番地,098-852-0037,寺田　幸平,寺田　幸平,脳外　内　外,,平20. 6. 1,kyushu/r8_07_okinawa.zip
診療所,47,0117203,若水クリニック,那覇市天久一丁目７番８号ゆうな１階,098-869-5005,金城　勇徳,金城　勇徳,内科　呼吸器科,,平20. 7. 1,kyushu/r8_07_okinawa.zip
診療所,47,0117237,医療法人徳洲会　新都心クリニック,那覇市銘苅２丁目２番１号,098-860-0755,医療法人徳洲会　理事長　東上　震一,鈴木　五三男,内科　循環器内科　外科　心臓血管外科　小児科　皮膚科　泌尿器科　眼科　リウマチ科,,平20. 8. 1,kyushu/r8_07_okinawa.zip
診療所,47,0117278,親泊内科,那覇市首里当蔵町二丁目１４番,098-887-1222,親泊　康朝,親泊　康朝,内科　消化器内科　小児科,,平20. 10. 1,kyushu/r8_07_okinawa.zip
病院,47,0117310,沖縄協同病院,那覇市古波蔵４丁目１０番５５号,098-853-1200,沖縄医療生活協同組合　代表理事　上原　昌義,伊泊　広二,一般　内科　神経内科　心療内科　外科　呼吸器外科　心臓血管外科　形成外科　整形外科　脳神経外科　精神科　小児科　皮膚科　泌尿器科　産婦人科　眼科　病理診断科　リハビリテーション科　放射線科　麻酔科　脳卒中内科　緩和ケア内科　臨床検査科　救急科　循環器内科　消化器外科　消化器内科　呼吸器内科　腫瘍内科　糖尿病内科　内分泌内科　乳腺外科　歯科口腔外科,280,平21. 6. 1,kyushu/r8_07_okinawa.zip
診療所,47,0117369,愛和ファミリークリニック,那覇市おもろまち３丁目６番３号,098-941-7255,医療法人　愛和会　理事長　宮城　聡,宮城　聡,内科　（消化器　内視鏡）,,平21. 9. 1,kyushu/r8_07_okinawa.zip
診療所,47,0117393,さわやか耳鼻咽喉科,那覇市繁多川３丁目６番２６号幸徳ビルディングＢ号室,098-855-8733,医療法人蓮乃会　理事長　山里　将司,山里　将司,耳鼻咽喉科　アレルギー科　気管食道科,,平21. 11. 1,kyushu/r8_07_okinawa.zip
病院,47,0117401,医療法人おもと会　大浜第一病院,那覇市天久１０００番地,,医療法人　おもと会　理事長　石井　和博,大城　康一,一般　内科　糖尿病内科　内分泌内科　腎臓内科　呼吸器内科　循環器内科　消化器内科　消化器外科　胃腸内科　脳神経内科　人工透析内科　ペインクリニック内科　ペインクリニック外科　外科　乳腺外科　大腸外科　血管外科　呼吸器外科　心臓血管外科　肛門外科　整形外科　脳神経外科　形成外科　リウマチ科　小児科　皮膚科　泌尿器科　婦人科　眼科　リハビリテーション科　放射線科　病理診断科　救急科　歯科　小児歯科　歯科口腔外科　麻酔科,217,平21. 11. 1,kyushu/r8_07_okinawa.zip
診療所,47,0117435,伊志嶺整形外科,那覇市久茂地３丁目２４番１４号,098-867-2526,医療法人　げんき会　理事長　伊志嶺　隆,伊志嶺　隆,整形外科　リハビリテーション科　リウマチ科,,平22. 2. 1,kyushu/r8_07_okinawa.zip
診療所,47,0117492,さわやか整形クリニック,那覇市田原３－１２－４,098-858-3080,上原　貢,上原　貢,整形外科　リハビリテーション科,,平22. 4. 1,kyushu/r8_07_okinawa.zip
診療所,47,0117567,ながた内科クリニック,那覇市天久２－１９－１５,098-869-1024,長田　光司,長田　光司,内　小　皮　他,,平22. 7. 1,kyushu/r8_07_okinawa.zip
診療所,47,0117575,アメカル耳鼻科クリニック,那覇市銘苅三丁目９番２３号,098-865-3387,医療法人アメカル　理事長　真栄田　宗慶,真栄田　宗慶,耳い　気食,,平22. 6. 1,kyushu/r8_07_okinawa.zip
診療所,47,0117591,光輪会沖縄クリニック,那覇市首里久場川町２丁目８番２号,098-886-5790,医療法人財団　光輪会　理事長　牧　美輝,伊波　剛彦,一般　内　心内　小,,平22. 6. 21,kyushu/r8_07_okinawa.zip
診療所,47,0117609,のは耳鼻咽喉科,那覇市寄宮一丁目３１番１５号,098-835-4600,医療法人　うまん会　理事長　饒波　正史,饒波　正史,耳い,,平22. 8. 1,kyushu/r8_07_okinawa.zip
診療所,47,0117617,おろくハートクリニック,那覇市赤嶺１丁目１２番２号　２階,098-852-8080,知花　幹雄,知花　幹雄,外　整外　他,,平22. 9. 1,kyushu/r8_07_okinawa.zip
診療所,47,0117633,那覇眼科医院,那覇市壺川三丁目１番８,098-853-8000,医療法人めぐみ　理事長　石川　哲夫,石川　哲夫,眼,,平22. 11. 1,kyushu/r8_07_okinawa.zip
診療所,47,0117641,たつや脳神経外科,那覇市首里久場川町２－９６－１８メディカルプラザ３Ｆ,098-885-8000,金城　竜也,金城　竜也,脳神経外科　内科　小児科　整形外科,,平23. 2. 1,kyushu/r8_07_okinawa.zip
診療所,47,0117658,もりやま小児科,那覇市首里石嶺町４丁目９６番地１,098-887-5558,医療法人　もりやま小児科　理事長　盛山　正則,盛山　正則,小　内,,平23. 1. 1,kyushu/r8_07_okinawa.zip
診療所,47,0117674,医療法人　寿仁会　クリニック絆,那覇市寄宮２丁目１番１８号,098-854-5531,医療法人　寿仁会　理事長　大仲　良仁,友寄　英毅,内　他,,平23. 2. 1,kyushu/r8_07_okinawa.zip
診療所,47,0117682,首里こどもクリニック,那覇市首里久場川町２－９６－１８メディカルプラザ首里４Ｆ,098-885-2525,天久　憲治,天久　憲治,小　内　皮,,平23. 4. 1,kyushu/r8_07_okinawa.zip
診療所,47,0117690,ヒルズガーデンクリニック,那覇市松川２０番地１,098-885-0333,米納　浩幸,米納　浩幸,ひ　他,,平23. 5. 1,kyushu/r8_07_okinawa.zip
診療所,47,0117757,くばがわメディカルクリニック,那覇市首里久場川町二丁目９６番地１８　２階,098-988-8182,久手堅　憲史,久手堅　憲史,内　他,,平23. 9. 1,kyushu/r8_07_okinawa.zip
診療所,47,0117765,みえばしクリニック,那覇市久茂地三丁目８番１５号,098-863-7788,長崎　文江,長崎　文江,心内　精,,平23. 9. 1,kyushu/r8_07_okinawa.zip
診療所,47,0117815,リハビリテーションクリニックやまぐち,那覇市安謝一丁目１０番２８号,098-864-1100,山口　健,山口　健,整外　リハ　皮　内　神内,,平24. 4. 1,kyushu/r8_07_okinawa.zip
診療所,47,0117823,安里眼科おもろまち駅前,那覇市おもろまち４丁目３番１３号,098-868-1882,医療法人　水晶会　理事長　安里　良,安里　瞳,一般　眼,,平24. 4. 1,kyushu/r8_07_okinawa.zip
診療所,47,0117831,はざま胃腸内科クリニック,那覇市宇栄原６５４番地,098-859-1352,玻座真　博明,玻座真　博明,内　他,,平24. 4. 1,kyushu/r8_07_okinawa.zip
診療所,47,0117856,ちばこどもクリニック,那覇市天久２－１－１５　１階,098-860-3711,千葉　敦子,千葉　敦子,小　内　脳外,,平24. 7. 1,kyushu/r8_07_okinawa.zip
診療所,47,0117898,くし眼科,那覇市字国場１１６１－４,098-996-1194,久志　雅和,久志　雅和,眼,,平24. 10. 1,kyushu/r8_07_okinawa.zip
診療所,47,0117930,形成外科ＫＣ,那覇市久茂地二丁目２番２号タイムスビル６階,098-866-5151,医療法人　こころ満足会　理事長　高原　英作,高原　英作,形外　美外　皮　外　麻,,平25. 2. 1,kyushu/r8_07_okinawa.zip
診療所,47,0117963,那覇市保健所,那覇市与儀１－３－２１,098-853-7961,那覇市長,仲宗根　正,内　小,,平25. 4. 1,kyushu/r8_07_okinawa.zip
診療所,47,0117971,医療法人　格仁会　整形外科よざクリニック,那覇市松尾２丁目２番２５ー４号,098-866-1143,医療法人　格仁会　理事長　與座　格,與座　格,整外　リウ　リハ,,平25. 4. 1,kyushu/r8_07_okinawa.zip
診療所,47,0117989,みなみそら医院,那覇市字上間３３６番地７,098-833-1133,長岡　研太郎,長岡　研太郎,心内　精,,平25. 6. 1,kyushu/r8_07_okinawa.zip
診療所,47,0118011,医療法人　晶彩会　とくやま眼科,那覇市牧志二丁目１６番８号,,医療法人　晶彩会　理事長　渡久山　洋子,渡久山　洋子,眼,,平25. 7. 1,kyushu/r8_07_okinawa.zip
診療所,47,0118037,そらクリニック,那覇市安里２－５－１インペリアルハイム喜納Ⅱ　３０５,090-4204-4721,甲口　知也,甲口　知也,内　心内　他　精,,平25. 9. 1,kyushu/r8_07_okinawa.zip
診療所,47,0118045,仲地耳鼻咽喉科,那覇市泊２丁目６番１０号　３階,,仲地　紀之,仲地　紀之,耳い,,平25. 9. 1,kyushu/r8_07_okinawa.zip
診療所,47,0118060,さきはら内科,那覇市字銘苅３０３番地メディカルヒルズめかるビル２階,098-988-3559,崎原　永啓,崎原　永啓,内　他,,平25. 11. 1,kyushu/r8_07_okinawa.zip
診療所,47,0118086,医療法人　善立会　まつおＴＣクリニック,那覇市松尾２丁目２番２５－４号　３階・４階,098-861-8006,医療法人　善立会　理事長　榮城　修二,榮城　修二,内　リウ　他,,平25. 12. 1,kyushu/r8_07_okinawa.zip
診療所,47,0118094,医療法人　首里の杜会　首里の杜耳鼻咽喉科,那覇市首里久場川町２－９６－１８メディカルプラザ首里　２階,098-885-1133,医療法人　首里の杜会　理事長　與那覇　忍,與那覇　忍,耳い　内　小,,平25. 12. 1,kyushu/r8_07_okinawa.zip
診療所,47,0118102,ゆめクリニック,那覇市赤嶺２丁目３番地１　１０１,098-891-8600,医療法人　ホスピタブル　理事長　古内　重雄,古内　重雄,心内　精　内,,平25. 12. 1,kyushu/r8_07_okinawa.zip
診療所,47,0118110,医療法人志禄会　那覇かなぐすく皮膚科,那覇市金城５丁目１１番６号小禄ガーデンビル１Ｆ,098-857-1112,医療法人志禄会　理事長　金森　修三,金森　志奈子,皮,,平25. 12. 1,kyushu/r8_07_okinawa.zip
病院,47,0118144,沖縄南部療育医療センター,那覇市寄宮２丁目３番１号,,社会福祉法人　沖縄肢体不自由児協会　理事長　大城　勇夫,當山　潤,一般　療養　小　内　神内　精　リハ,100,平25. 12. 1,kyushu/r8_07_okinawa.zip
診療所,47,0118151,那覇民主診療所,那覇市松尾２丁目１７番３４号,098-880-9620,沖縄医療生活協同組合　代表理事　上原　昌義,嘉陽　信子,内,,平26. 1. 6,kyushu/r8_07_okinawa.zip
診療所,47,0118185,きなクリニック,那覇市首里儀保町一丁目２６番３号,098-885-4976,医療法人　しだかじ　理事長　喜納　美津男,喜納　美津男,内科　緩和ケア内科　呼吸器内科　外　小　整外　皮　ひ　リハ,,平26. 5. 1,kyushu/r8_07_okinawa.zip
診療所,47,0118227,野原耳鼻咽喉科医院,那覇市国場１０７２－１,098-834-3812,野原　忍,野原　忍,耳い,,平26. 6. 2,kyushu/r8_07_okinawa.zip
診療所,47,0118243,おもろキッズクリニック,那覇市おもろまち四丁目１４番２６号,098-861-8866,宮城　裕之,宮城　裕之,小,,平26. 9. 1,kyushu/r8_07_okinawa.zip
診療所,47,0118250,のどかな耳鼻咽喉科,那覇市長田１－４－１０　２Ｆ,098-833-8811,幸地　綾子,幸地　綾子,耳い,,平26. 9. 1,kyushu/r8_07_okinawa.zip
診療所,47,0118359,泊整形外科,那覇市泊二丁目６番地の１,098-862-1122,医療法人こがね森会　理事長　浦崎　康達,浦崎　康達,整形外科　リハビリテーション科,,平27. 6. 1,kyushu/r8_07_okinawa.zip
診療所,47,0118409,安座間産婦人科,那覇市真嘉比１丁目２１番１７号,098-884-3600,安座間　誠,安座間　誠,一般　産婦人科,,平27. 10. 1,kyushu/r8_07_okinawa.zip
診療所,47,0118417,なかむら眼科,那覇市寄宮３丁目１２番１５号,098-833-1180,医療法人　緑心会　理事長　仲村　佳巳,仲村　佳巳,眼科,,平27. 11. 1,kyushu/r8_07_okinawa.zip
診療所,47,0118425,おおキッズクリニック,那覇市首里石嶺町４丁目２３８－２メディカルいしみね２Ｆ,098-887-0055,大城　聡,大城　聡,小児科,,平27. 12. 1,kyushu/r8_07_okinawa.zip
診療所,47,0118433,社会医療法人　葦の会　シャロンクリニック,那覇市首里石嶺町４－２３８－２メディカルいしみね　３階,098-884-1300,社会医療法人　葦の会　理事長　田頭　真一,諸見川　純,内科　緩和ケア内科　整形外科　リハビリテーション科,,平27. 12. 1,kyushu/r8_07_okinawa.zip
診療所,47,0118458,医療法人　沖縄聖蹟会　ライフケアクリニック那覇,那覇市泉崎二丁目３番８号ロイヤルハイツ泉崎４階,098-832-1721,医療法人　沖縄聖蹟会　理事長　石川　和樹,石川　和樹,内科　精神科,,平28. 2. 1,kyushu/r8_07_okinawa.zip
診療所,47,0118466,Ａｚクリニック,那覇市奥武山町４６番地りゅうとうビル２階,098-859-6789,医療法人銀河　理事長　友寄　英二,友寄　英二,一般　整形外科　リハビリテーション科　麻酔科,,平28. 5. 1,kyushu/r8_07_okinawa.zip
診療所,47,0118474,Ｊｏｙレディースクリニックくもじ,那覇市久茂地１－８－１６　３階,098-943-2500,大島　教子,大島　教子,産婦人科　女性内科,,平28. 5. 1,kyushu/r8_07_okinawa.zip
診療所,47,0118490,ロクト整形Ａｚ,那覇市奥武山町４６番地　５階,098-858-6910,医療法人六人会　理事長　渡邊　丞,林　宗幸,整形外科　リハビリテーション科　麻酔科,,平28. 5. 1,kyushu/r8_07_okinawa.zip
診療所,47,0118508,岸本整形リハビリクリニック,那覇市松川４４１,098-885-5550,岸本　幸明,岸本　幸明,リハ　整外　外　内,,平28. 6. 13,kyushu/r8_07_okinawa.zip
診療所,47,0118516,みやびクリニック,那覇市壺川一丁目１２番地４,098-835-9660,医療法人　みやびクリニック　理事長　仲西　雅人,仲西　雅人,耳鼻咽喉科　糖尿病内科,,平28. 5. 1,kyushu/r8_07_okinawa.zip
診療所,47,0118532,安木内科,那覇市真嘉比三丁目１３番地３,098-882-4300,医療法人想思樹会　理事長　仲宗根　安樹,仲宗根　安樹,内,,平28. 6. 1,kyushu/r8_07_okinawa.zip
診療所,47,0118565,たから産婦人科,那覇市字上間１７１番地,098-853-3511,医療法人社団はなの会　理事長　髙良　はな絵,髙良　はな絵,一般　産婦,,平28. 7. 1,kyushu/r8_07_okinawa.zip
診療所,47,0118573,あかりクリニック,那覇市字銘苅３０３番メディカルヒルズ　めかるビル２階,098-988-8864,中村　明文,中村　明文,精　心内,,平28. 8. 1,kyushu/r8_07_okinawa.zip
診療所,47,0118581,仲地レディースクリニック,那覇市安謝１丁目２０番１６号,098-861-2100,医療法人ももの会　理事長　仲地　紀智,仲地　紀智,一般　産婦,,平28. 11. 1,kyushu/r8_07_okinawa.zip
診療所,47,0118599,首里内科クリニック,那覇市首里久場川町二丁目１３５番地,098-979-5333,医療法人　首里自立会　理事長　金城　盛男,金城　盛男,内　小　他,,平28. 11. 1,kyushu/r8_07_okinawa.zip
診療所,47,0118615,嘉陽皮膚科,那覇市上之屋１丁目１９番２２号ＹＯＳＨＩＮＡビル２階、３階,098-868-1112,嘉陽　宗亨,嘉陽　宗亨,皮膚科,,平29. 1. 1,kyushu/r8_07_okinawa.zip
診療所,47,0118664,つかさクリニック　高良診療所,那覇市高良三丁目６番５号,098-857-8060,医療法人　博鳳会　理事長　小野　彰弘,小野　彰弘,精　心内　内,,平29. 6. 1,kyushu/r8_07_okinawa.zip
診療所,47,0118672,医療法人友英会　友寄クリニック,那覇市泉崎二丁目２番地６,098-855-0852,医療法人友英会　理事長　川上　浩司,川上　浩司,一般　療養　内科　外科　消化器内科　消化器外科　肛門外科　循環器内科,,平29. 8. 1,kyushu/r8_07_okinawa.zip
診療所,47,0118698,知念医院,那覇市樋川２－９－１　リバーサイドかみはら１０３,098-832-1241,知念　正人,知念　正人,内　小,,平29. 10. 1,kyushu/r8_07_okinawa.zip
診療所,47,0118706,ファミリークリニック小禄,那覇市小禄４丁目１番地９号,098-858-1202,國吉　賢,國吉　賢,小　内,,平29. 10. 1,kyushu/r8_07_okinawa.zip
診療所,47,0118714,あらかき内科クリニック,那覇市楚辺１丁目３番６４号　２階,098-851-7828,新垣　紀子,新垣　紀子,内　呼内,,平29. 11. 1,kyushu/r8_07_okinawa.zip
診療所,47,0118722,なごみ泌尿器科クリニック,那覇市天久１－８－１　コーポ杜２０１号,098-866-7531,医療法人なごみ泌尿器科クリニック　理事長　城間　和郎,城間　和郎,ひ,,平29. 12. 1,kyushu/r8_07_okinawa.zip
診療所,47,0118755,かいせいクリニック,那覇市宮城１丁目１８番１号　エスタジオ小禄３階,098-858-5577,山城　剛,山城　剛,内　小　精　整外,,平30. 4. 1,kyushu/r8_07_okinawa.zip
診療所,47,0118763,心のクリニック　語り学び,那覇市首里儀保町１丁目２４番地　３階,098-885-2200,小渡　陽順,小渡　陽順,精　心内,,平30. 5. 1,kyushu/r8_07_okinawa.zip
診療所,47,0118771,ひまわりクリニック,那覇市泉崎二丁目８番１８号,098-855-7575,尾野　敏郎,尾野　敏郎,精　心内,,平30. 4. 1,kyushu/r8_07_okinawa.zip
診療所,47,0118789,島袋整形外科,那覇市真嘉比三丁目６番１４号,098-882-4322,医療法人十月会　理事長　島袋　博之,島袋　博之,整外　リハ　外,,平30. 5. 1,kyushu/r8_07_okinawa.zip
診療所,47,0118797,あなはクリニック,那覇市牧志２－２３－９　シンカ牧志ビル３Ｆ,098-988-1425,滝川　典子,滝川　典子,心内　他,,平30. 7. 1,kyushu/r8_07_okinawa.zip
診療所,47,0118813,首里ハートクリニック,那覇市首里石嶺町４丁目２３８－２　メディカルいしみね２Ｆ,098-885-5530,安里　尚彦,安里　尚彦,精　心内,,平30. 10. 1,kyushu/r8_07_okinawa.zip
診療所,47,0118847,外間眼科医院,那覇市泊１－２５－１　２階,098-867-8100,医療法人はなぶさ会　理事長　外間　英之,外間　英之,眼,,平30. 11. 1,kyushu/r8_07_okinawa.zip
診療所,47,0118870,金城町皮フ科・美容クリニック,那覇市字松川４０７番地１　ＳｅｔＢビル１階,098-885-4112,医療法人　隆生会　理事長　粟澤　剛,粟澤　遼子,皮　アレ　他,,平30. 12. 1,kyushu/r8_07_okinawa.zip
診療所,47,0118888,ひろ耳鼻科・皮膚科・形成外科,那覇市上之屋１－１８－３６　沖縄映像センタービル２Ｆ,098-861-1010,医療法人　清医会　理事長　松本　博,松本　博,耳　皮　形外,,平31. 1. 1,kyushu/r8_07_okinawa.zip
診療所,47,0118896,のぶ内科クリニック,沖縄県那覇市長田１－２４－２６　１Ｆ,098-832-2266,前原　信人,前原　信人,内　消化器内科,,平31. 2. 1,kyushu/r8_07_okinawa.zip
診療所,47,0118904,首里　千樹の杜クリニック,那覇市首里崎山町４－１９５－５０,098-987-0011,医療法人　千樹会　理事長　安里　英樹,安里　千文,整外　内　リハ,,平31. 3. 1,kyushu/r8_07_okinawa.zip
診療所,47,0118920,まんまる子どもクリニック,那覇市宇栄原２丁目１８番８号,098-858-0083,医療法人輪睦会　理事長　比嘉　睦,比嘉　睦,小,,令元. 5. 1,kyushu/r8_07_okinawa.zip
診療所,47,0118946,イルカこころのクリニック,那覇市寄宮１５４－７　玉元ビル２０２号,098-835-1413,根本　健二,根本　健二,精神科　心療内科　内科,,令元. 7. 1,kyushu/r8_07_okinawa.zip
診療所,47,0118961,まかび心のクリニック,那覇市真嘉比１丁目７番１号　テンズまかび４階,098-884-7800,塚田　淳也,塚田　淳也,心療内科　精神科,,令元. 9. 1,kyushu/r8_07_okinawa.zip
診療所,47,0118979,医療法人　聖美会　ＪＯＥクリニック,那覇市牧志２－１８－７　共伸産業ビル５Ｆ,098-867-6060,医療法人　聖美会　理事長　重本　譲,河野　亜矢乃,美容形成外科　美容皮膚科　美容外科　泌尿器科,,令元. 9. 1,kyushu/r8_07_okinawa.zip
診療所,47,0118995,Ｋｕｋｕｒｕきっずクリニック,那覇市字真地２１６番地１７,098-888-5996,一般社団法人Ｋｕｋｕｒｕ　代表理事　鈴木　恵,當間　隆也,一般　小児科　内科　リハビリテーション科,,令元. 10. 1,kyushu/r8_07_okinawa.zip
診療所,47,0119100,ゆずりは訪問診療所,那覇市首里金城町三丁目３２番地,098-885-7001,医療法人真成会　理事長　屋宜　亮兵,屋宜　亮兵,内科　小児科　精神科,,令元. 10. 1,kyushu/r8_07_okinawa.zip
診療所,47,0119134,おもろ眼科,那覇市安謝１丁目９番２４号,098-866-7600,医療法人　ゆうわ会　理事長　石川　修作,石川　修作,眼科,,令元. 11. 1,kyushu/r8_07_okinawa.zip
診療所,47,0119142,当山美容形成外科,那覇市久茂地２－１１－１８当山久茂地川医邸　４・５階,098-867-2093,医療法人　形成会　理事長　當山　拓也,當山　拓也,外科　整形外科　形成外科　美容外科　皮膚科,,令2. 1. 7,kyushu/r8_07_okinawa.zip
診療所,47,0119159,金井医院,那覇市首里石嶺町３－２１８－３　金井ビル１階,098-884-6249,金井　透,金井　透,内科　外科　整形外科,,令2. 1. 1,kyushu/r8_07_okinawa.zip
診療所,47,0119167,屋宜内科医院,那覇市古波蔵４丁目１３番９号　ＳＳＫビル　２階,098-833-1024,医療法人　かねや　理事長　屋宜　宣治,屋宜　宣治,内科　小児科　糖尿病内科　循環器内科,,令2. 2. 3,kyushu/r8_07_okinawa.zip
診療所,47,0119175,クリニックエスプリ,那覇市長田１－６－１　１０１,098-894-6412,喜瀬　貴則,喜瀬　貴則,心療内科　精神科　内科,,令2. 4. 6,kyushu/r8_07_okinawa.zip
診療所,47,0119183,とまり皮フ科,那覇市おもろまち２丁目３番２３号　２階,098-862-1255,新嘉喜　長,新嘉喜　長,皮膚科,,令2. 4. 1,kyushu/r8_07_okinawa.zip
診療所,47,0119191,仲地胃腸内科クリニック,那覇市泊２－６－１０　２階,098-866-3232,医療法人　ふたば会　理事長　仲地　紀茂,仲地　紀茂,内科　消化器内科　胃腸内科　内視鏡内科,,令2. 5. 1,kyushu/r8_07_okinawa.zip
診療所,47,0119209,クリニックソルテ,那覇市牧志２－１７－４６　平良ビル,098-943-3211,門馬　康二,門馬　康二,心療内科　精神科　内科,,令2. 6. 1,kyushu/r8_07_okinawa.zip
診療所,47,0119217,医療法人よつばの会　首里眼科,那覇市首里久場川町二丁目１３６－１番地,098-887-1155,医療法人よつばの会　理事長　宮平　誠司,宮平　誠司,眼科,,令2. 5. 1,kyushu/r8_07_okinawa.zip
診療所,47,0119225,仲松内科クリニック,那覇市久茂地２－１３－３　１Ｆ,098-861-3875,仲松　元二郎,仲松　元二郎,内科　胃腸内科　肝臓内科　消化器内科（内視鏡）,,令2. 9. 1,kyushu/r8_07_okinawa.zip
診療所,47,0119233,大道美容外科,那覇市安里１丁目１番１８号　１階、２階,098-860-7767,医療法人彩心会　理事長　白武　靖久,白武　靖久,美容外科　形成外科　皮膚科,,令2. 12. 1,kyushu/r8_07_okinawa.zip
診療所,47,0119241,はいさいクリニック,那覇市泊２丁目１８－１１Ｔｏｍａｒｉ２０２０,098-860-1813,石田　吉樹,石田　吉樹,内科　泌尿器科　外科　リハビリテーション科　精神科,,令2. 12. 1,kyushu/r8_07_okinawa.zip
診療所,47,0119308,かかずハートクリニック,那覇市おもろまち４－１６－５サンライズＧＩＮＯＺＡ３０１,098-894-8826,嘉数　朗,嘉数　朗,内科　循環器内科,,令3. 11. 1,kyushu/r8_07_okinawa.zip
診療所,47,0119324,しんじょうクリニック,沖縄県那覇市宇栄原６丁目１番３号,098-859-7072,新城　和明,新城　和明,内科　糖尿病内科　内分泌内科　皮膚科　小児科,,令4. 1. 4,kyushu/r8_07_okinawa.zip
診療所,47,0119332,医療法人涼音会　整形外科てるクリニック,那覇市天久２丁目５番３８号,098-860-0707,医療法人涼音会　理事長　照屋　均,照屋　均,整形外科,,令4. 7. 1,kyushu/r8_07_okinawa.zip
診療所,47,0119340,ホロス養生クリニック,那覇市首里石嶺町２－２５８－２,098-887-7744,濱田　賢治,濱田　賢治,内科　小児科　心療内科,,令4. 8. 8,kyushu/r8_07_okinawa.zip
診療所,47,0119357,嶺井医院,那覇市字安里３９８番地,098-887-7646,嶺井　定嗣,嶺井　定嗣,一般　泌尿器科　婦人科　腎臓内科（人工透析）,,令4. 7. 14,kyushu/r8_07_okinawa.zip
診療所,47,0119365,沖縄スキンケアクリニック,那覇市久茂地２丁目１－３久茂地ＭＫビル１階,098-860-1001,医療法人清医会　理事長　松本　博,前田　由紀,形成外科　皮膚科　美容皮膚科,,令4. 11. 1,kyushu/r8_07_okinawa.zip
診療所,47,0119373,安謝ファミリークリニック,那覇市曙２丁目９番２号,098-869-0600,医療法人がんじゅう　理事長　髙良　吉広,髙良　吉迪,消化器内科　小児科　内科　皮膚科,,令4. 11. 1,kyushu/r8_07_okinawa.zip
診療所,47,0119381,めおとばしクリニック,那覇市前島三丁目２１番１８号スプレットエム２階・３階,098-869-3138,医療法人　ココナッツ会　理事長　海江田　保彦,海江田　保彦,精神科　心療内科　内科,,令4. 11. 1,kyushu/r8_07_okinawa.zip
診療所,47,0119407,メインプレイス眼科,那覇市おもろまち４－４－９,098-869-9009,折田　志恒,折田　志恒,眼科,,令5. 3. 1,kyushu/r8_07_okinawa.zip
診療所,47,0119449,嘉数胃腸科内科医院,那覇市仲井真３７９－２,098-832-1111,嘉数　昇達,嘉数　昇達,消化器内科　内　外　整外　肛門外科　皮,,令5. 6. 1,kyushu/r8_07_okinawa.zip
診療所,47,0119472,いらはクリニック,那覇市田原１－９－２,098-859-5566,医療法人　伊良波会　理事長　白石　牧子,白石　牧子,内科　外科　乳腺外科,,令5. 8. 1,kyushu/r8_07_okinawa.zip
診療所,47,0119480,よぎ眼科,那覇市与儀１丁目１番２８号与儀メディカルモール２階　２０１号室,098-851-5251,村田　勝一郎,村田　勝一郎,眼,,令5. 9. 1,kyushu/r8_07_okinawa.zip
診療所,47,0119514,なかよし内科クリニック,那覇市真嘉比二丁目２９番２８号　２階,098-887-3333,医療法人　朝陽　理事長　仲吉　朝史,仲吉　朝史,内科　肝臓内科　胃腸内科　内視鏡内科,,令5. 11. 1,kyushu/r8_07_okinawa.zip
診療所,47,0119522,かふう整形クリニック,那覇市字国場２７１－１ウズン・ビラ国場２Ｂ,098-995-9752,久保田　徹也,久保田　徹也,整形外科　リハビリテーション科,,令5. 12. 1,kyushu/r8_07_okinawa.zip
診療所,47,0119530,こくば皮フ科,那覇市字国場２７１－１ウズン・ビラ国場２Ａ,098-851-3735,平良　真希子,平良　真希子,皮膚科,,令5. 12. 1,kyushu/r8_07_okinawa.zip
病院,47,0119555,医療法人　陽心会　メディカルプラザ大道中央病院,那覇市字大道１２３番地,098-886-0007,医療法人　陽心会　理事長　高良　健,石川　節,一般　循環器内科　糖尿病内科　内科　人工透析内科　消化器内科　整形外科　リハビリテーション科　代謝内科　内分泌内科　脳神経外科　皮膚科　呼吸器内科　脳神経内科　心療内科,,令6. 4. 1,kyushu/r8_07_okinawa.zip
診療所,47,0119563,友利産婦人科,那覇市字国場１１７７－１,098-855-1103,医療法人祐の会　理事長　友利　俊一,友利　俊一,一般　産婦人科,,令6. 5. 1,kyushu/r8_07_okinawa.zip
診療所,47,0119571,みやら内科クリニック,那覇市真嘉比１丁目７番１号　２・３Ｆ,098-886-5858,医療法人べすま　理事長　宮良　忠,宮良　忠,内科　人工透析内科　腎臓リウマチ科,,令6. 5. 1,kyushu/r8_07_okinawa.zip
診療所,47,0119597,仲本内科・小児科,那覇市銘苅３丁目１５番３号なかもと企画ビル１階,098-860-1835,医療法人　一文会　理事長　仲本　昌一,仲本　昌文,内科　小児科,,令6. 6. 1,kyushu/r8_07_okinawa.zip
診療所,47,0119605,女性医師の胃・大腸カメラと内科　ミルミルクリニック,那覇市字国場２７１－１ウズン・ビラ国場３Ｂ,098-995-6569,東新川　実和,東新川　実和,内視鏡内科　消化器内科　内科,,令6. 11. 1,kyushu/r8_07_okinawa.zip
診療所,47,0119613,駅前の内科・神経内科クリニック,那覇市赤嶺２－３－１Ｆステージ赤嶺ステーション店舗棟　１０５,098-995-6711,宮城　哲哉,宮城　哲哉,内科　脳神経内科　アレルギー科　精神科　呼吸器内科,,令7. 2. 1,kyushu/r8_07_okinawa.zip
診療所,47,0119621,おろく眼科,那覇市具志１丁目１番１１号　１階,098-859-7171,医療法人とんぼ　理事長　森山　無価,森山　無価,眼科,,令6. 12. 1,kyushu/r8_07_okinawa.zip
診療所,47,0119639,ふうりん訪問診療所,那覇市おもろまち２丁目１１－３,098-960-4109,一般社団法人　響　代表理事　翁長　淳,山内　昌磨,内科　循環器内科　整形外科,,令7. 2. 1,kyushu/r8_07_okinawa.zip
診療所,47,0119647,泊こざくらクリニック,那覇市泊１－１３－１６,098-975-7773,島袋　盛洋,島袋　盛洋,心療内科　精神科,,令7. 5. 1,kyushu/r8_07_okinawa.zip
診療所,47,0119654,ＭＥＴＫＩＤＳ　ＣＬＩＮＩＣ　沖縄,那覇市曙二丁目４番１３号ＯＫＫ　Ｂｌｄｇ　２階　２－Ａ・２－Ｂ,098-960-1434,一般社団法人ＭＥＴＫＩＤＳ　代表理事　髙橋　伸治,儀間　清悟,小児神経内科　精神科　小児科　内科,,令7. 3. 1,kyushu/r8_07_okinawa.zip
診療所,47,0119662,医療法人　愛厚会　那覇ＮＩＣＥ救急クリニック,那覇市泉崎一丁目９番１９号　Ｇｒａｖｉｔｏｎ３階,098-963-5601,医療法人愛厚会　理事長　一色　哲志,岡本　昌子,内科　外科　整形外科　救急科,,令7. 6. 1,kyushu/r8_07_okinawa.zip
診療所,47,0119670,ＡＮＤ美容外科那覇院,那覇市銘苅２丁目２－９　アイリスビル３階,050-2030-5551,一般社団法人地生会　代表理事　草野　敏臣,草野　敏臣,泌尿器科　美容外科　美容皮膚科,,令7. 5. 1,kyushu/r8_07_okinawa.zip
診療所,47,0119688,シーサー通り内科・リハビリクリニック,那覇市字銘苅２１１－１７　メディカルプラザめかる３Ｆ,098-866-4315,城本　高志,城本　高志,内科　脳神経内科　リハビリテーション科,,令7. 7. 1,kyushu/r8_07_okinawa.zip
診療所,47,0119696,那覇セントラルクリニック,那覇市鏡原町１０番３号,098-851-8077,医療法人好縁会　理事長　下山　直登,小渡　貴司,一般　内科　糖尿病内科　アレルギー科　脳神経内科　内分泌内科　呼吸器内科　消化器内科　精神科　睡眠障害内科,19,令7. 4. 1,kyushu/r8_07_okinawa.zip
診療所,47,0119704,貴恵女性のクリニック,那覇市字銘苅２１１－１７メディカルプラザめかる　２Ｆ,098-894-2328,儀間　貴恵,儀間　貴恵,婦人科　女性内科　産婦人科,,令7. 7. 1,kyushu/r8_07_okinawa.zip
診療所,47,0119712,ちゅらこども皮フ科,那覇市字安謝６６４－３２　３Ｆ,098-894-4178,大嶺　卓也,大嶺　卓也,小児皮膚科　皮膚科　小児科,,令7. 7. 1,kyushu/r8_07_okinawa.zip
診療所,47,0119720,やまうち眼科クリニック,那覇市字安謝６６４番３２　３階,098-894-7688,山内　遵秀,山内　遵秀,眼科,,令7. 7. 1,kyushu/r8_07_okinawa.zip
診療所,47,0119738,医療法人社団明康会　いろのわクリニック,那覇市泉崎二丁目７番地２,098-855-2130,医療法人社団明康会　理事長　金井　哲也,酒井　一徳,内科　消化器・胃腸内科　小児科　神経内科　リハビリテーション科　代謝・内分泌内科　アレルギー科,,令7. 5. 1,kyushu/r8_07_okinawa.zip
診療所,47,0119746,美ら結クリニック,那覇市山下町１－１７　２Ｆ　３Ｆ,098-987-1656,泉澤　顯,泉澤　顯,精神科　心療内科　内科,,令7. 5. 1,kyushu/r8_07_okinawa.zip
診療所,47,0119753,ウィメンズクリニック糸数,那覇市泊１丁目２９－１２,098-869-8395,医療法人ウィメンズクリニック糸数　理事長　糸数　修,糸数　修,産科　婦人科,,令7. 5. 1,kyushu/r8_07_okinawa.zip
診療所,47,0119761,新健幸クリニック,那覇市久茂地二丁目１１番１８号当山久茂地川医邸２階・３階,098-861-5700,医療法人かふぅ　理事長　潮平　芳樹,小禄　雅人,腎臓内科　リウマチ科　整形外科　循環器内科　脳神経外科　糖尿病内科　代謝内科　呼吸器内科　小児科,,令7. 6. 1,kyushu/r8_07_okinawa.zip
診療所,47,0119779,クララ美容皮膚科　那覇院,那覇市三原１丁目２６番１号メゾンみはら１階,098-996-4444,仲田　力次,仲田　力次,皮膚科　美容皮膚科　内科,,令7. 8. 1,kyushu/r8_07_okinawa.zip
診療所,47,0119787,与儀心療内科クリニック,那覇市与儀１丁目１番２８号与儀メディカルモール２階,098-855-0202,宮平　綾子,宮平　綾子,心内　精,,令7. 7. 1,kyushu/r8_07_okinawa.zip
診療所,47,0119795,がきやクリニック,那覇市長田二丁目２５番１４号　１．２階,098-832-8801,医療法人　緑寿会　理事長　我喜屋　出,我喜屋　出,内科　胃腸内科,,令7. 7. 1,kyushu/r8_07_okinawa.zip
診療所,47,0119803,医療法人おもと会　プレモ在宅クリニック,那覇市字天久１０００番地　ＡＮＮＥＸ　３Ｆ,098-861-5050,医療法人おもと会　理事長　石井　和博,高田　陽子,内科　外科,,令7. 11. 1,kyushu/r8_07_okinawa.zip
診療所,47,0119811,アンディーノこども診療所,那覇市字国場１１７７－３カテーラメディカルビル１階,098-894-3725,安藤　美恵,安藤　美恵,小児科　児童精神科,,令8. 3. 1,kyushu/r8_07_okinawa.zip
診療所,47,0119829,がなは頭痛脳神経クリニック,那覇市三原１丁目２８番１２号,098-832-3235,我那覇　司,我那覇　司,脳神経外科　内科,,令8. 1. 1,kyushu/r8_07_okinawa.zip
診療所,47,0119837,うえはら耳鼻咽喉科　鼻とにおいのクリニック,那覇市字国場１１７７－３カテーラメディカルビル２０１号室,098-995-8755,上原　貴行,上原　貴行,耳鼻咽喉科,,令8. 3. 1,kyushu/r8_07_okinawa.zip
診療所,47,0119852,アクティブシニアクリニックＬＵＮＡ沖縄,那覇市牧志一丁目４番４３号　新川ビル２階２－Ａ,098-943-0904,医療法人ＬＥＡＤＩＮＧ　ＧＩＲＬＳ　理事長　関口　由紀,関口　由紀,女性泌尿器科　男性泌尿器科　婦人科　内科,,令8. 4. 1,kyushu/r8_07_okinawa.zip
診療所,47,0119860,ＭＳＡ美容外科,那覇市おもろまち４－９－１０ブギービル５階,098-867-3311,モレロ　オースティン誠,モレロ　オースティン誠,形成外科　皮フ科,,令8. 3. 1,kyushu/r8_07_okinawa.zip
診療所,47,0119878,ＴＡＩＳＨＩ整形外科スポーツ・リハビリクリニック,那覇市字国場１１７７番地３カテーラメディカルビル２階・３階,098-851-7400,医療法人エス・スターズ　理事長　鈴木　淳,上原　大志,整形外科　リハビリテーション科,,令8. 6. 1,kyushu/r8_07_okinawa.zip
診療所,47,0119910,鳥堀養生クリニック,那覇市首里当蔵町３－２１－２,098-886-3212,末吉　利成,末吉　利成,内　精　小　皮,,令8. 3. 15,kyushu/r8_07_okinawa.zip
診療所,47,0119928,Ｄｒ．ｃｏｍｉｎｇ　那覇クリニック,那覇市国場３７２番地１階,098-995-6644,医療法人Ｄｒ．ｃｏｍｉｎｇ　理事長　富田　雄大,坂口　平馬,小児科　アレルギー科,,令8. 5. 1,kyushu/r8_07_okinawa.zip
診療所,47,0119936,ごきげん整形クリニック,那覇市長田一丁目２４番２６号　３階・４階,098-851-3338,比嘉　勝一郎,比嘉　勝一郎,整形外科　リウマチ科　リハビリテーション科,,令8. 4. 1,kyushu/r8_07_okinawa.zip
診療所,47,0119944,小児クリニックたまなは,那覇市安謝１丁目３番地１０ＨＯＰビル１０１号室,098-867-0017,医療法人いちろ会　理事長　玉那覇　康一郎,玉那覇　康一郎,小児科　内科　アレルギー科　皮膚科,,令8. 4. 1,kyushu/r8_07_okinawa.zip
診療所,47,0119977,とりほり眼科,那覇市首里鳥堀町４丁目３２番地４,098-885-9009,医療法人淑南会　理事長　新垣　淑邦,新垣　淑邦,眼科,,令8. 6. 1,kyushu/r8_07_okinawa.zip
病院,47,0310253,医療法人社団志誠会　平和病院,うるま市上江洲６６５,,医療法人社団志誠会　理事長　小渡　敬,小渡　敬,精神　精神科　心療内科,212,平元. 10. 1,kyushu/r8_07_okinawa.zip
診療所,47,0310287,中山内科医院,うるま市赤道２６０－７,,中山　仁,中山　仁,内　小　皮,,平2. 4. 1,kyushu/r8_07_okinawa.zip
診療所,47,0310295,川根内科外科血管外科クリニック,うるま市みどり町４－２－２９,,医療法人明陽会　理事長　川根　浩三,川根　浩三,内科　小児科　皮膚科　外科　整形外科　麻酔科　血管外科,,平2. 7. 1,kyushu/r8_07_okinawa.zip
病院,47,0310311,いずみ病院,うるま市栄野比１１５０,098-972-7788,医療法人　和泉会　理事長　高江洲　義英,普天間　国博,精神　内　精　心内,218,平3. 3. 1,kyushu/r8_07_okinawa.zip
診療所,47,0310352,医療法人うるま会　具志川整形外科,うるま市みどり町４－１３－１,,医療法人うるま会　理事長　具志堅　功,具志堅　功,整外　リハ,,平5. 1. 1,kyushu/r8_07_okinawa.zip
診療所,47,0310360,しげま小児科医院,うるま市みどり町３－１８－１２,,医療法人若葉会　理事長　志慶眞　文雄,志慶眞　文雄,一般　小　内　皮　耳い,,平5. 2. 1,kyushu/r8_07_okinawa.zip
診療所,47,0310394,みどり町眼科,うるま市みどり町４－１４－７コーポ仲宗根１Ｆ,,比嘉　敏明,比嘉　敏明,眼,,平6. 4. 1,kyushu/r8_07_okinawa.zip
診療所,47,0310410,大嶺医院,うるま市田場１４１７,098-973-1125,大嶺　雅亮,大嶺　雅亮,内　小　外　整外　皮,,平7. 6. 1,kyushu/r8_07_okinawa.zip
病院,47,0310444,うるま記念病院,うるま市昆布１８３２番地３９７,,医療法人賢儀天寿会　理事長　普天間　稔,與那嶺　尚男,精神　内　精　リハ　他,270,平9. 1. 1,kyushu/r8_07_okinawa.zip
診療所,47,0310519,ぐしかわ皮フ科,うるま市みどり町４－１９－１,098-973-3008,医療法人　木蓮の会　理事長　佐久川　裕行,佐久川　裕行,皮膚科,,平12. 7. 1,kyushu/r8_07_okinawa.zip
診療所,47,0310535,みどり町クリニック,うるま市みどり町５－２７－２,098-972-3858,医療法人　緑和会　理事長　前田　清貴,手柴　理沙,内　小　皮,,平14. 5. 1,kyushu/r8_07_okinawa.zip
診療所,47,0310584,しゅくみね内科,うるま市赤道７５９－１,098-975-1515,医療法人　慈愛会　理事長　祝嶺　千明,祝嶺　千明,内　消　胃　呼　循,,平16. 6. 1,kyushu/r8_07_okinawa.zip
診療所,47,0310600,山田小児科内科医院,うるま市石川東山１－１９－１１,,山田　芳弘,山田　芳弘,小　内,,昭63. 9. 1,kyushu/r8_07_okinawa.zip
診療所,47,0310618,宮里眼科,うるま市石川東山１－２２－２,,宮里　章,宮里　章,眼,,平2. 4. 1,kyushu/r8_07_okinawa.zip
診療所,47,0310667,よしクリニック,うるま市石川曙３－２－１０,098-982-5353,医療法人　慶友会　理事長　慶田　喜信,慶田　喜信,内科　外科　整形外科　皮膚科　肛門科,,平14. 12. 1,kyushu/r8_07_okinawa.zip
診療所,47,0310683,あさと整形クリニック,うるま市石川一丁目１６番１６号,098-982-5621,安里　潤,安里　潤,整外　リハ　リウ,,平16. 12. 1,kyushu/r8_07_okinawa.zip
診療所,47,0310691,沖縄県立中部病院附属津堅診療所,うるま市勝連津堅１５８２,,沖縄県知事,鳥居　瑛利子,内　外　小,,昭53. 1. 1,kyushu/r8_07_okinawa.zip
病院,47,0310709,医療法人沖縄寿光会　与勝病院,うるま市勝連南風原３５８４,,医療法人沖縄寿光会　理事長　篠﨑　仁史,名護　宏泰,一般　療養　内科　循環器内科　呼吸器内科　外科　消化器外科　耳鼻咽喉科　皮膚科　整形外科　リハビリテーション科　腎臓内科　人工透析内科　歯科　歯科口腔外科,120,平7. 5. 31,kyushu/r8_07_okinawa.zip
診療所,47,0310741,よざ耳鼻咽喉科,うるま市石川２３８１番地の１,098-964-4133,與座　朝義,與座　朝義,耳い,,平17. 10. 1,kyushu/r8_07_okinawa.zip
診療所,47,0310758,しま小児科内科クリニック,うるま市安慶名三丁目２３番２４号,098-972-3788,医療法人　青空　理事長　島袋　淳吉,島袋　淳吉,小　内　アレ　皮,,平17. 10. 1,kyushu/r8_07_okinawa.zip
診療所,47,0310766,ぐしけん眼科,うるま市具志川１３７１－１,098-975-1010,医療法人　百合の会　理事長　具志堅　直樹,具志堅　直樹,眼,,平17. 10. 1,kyushu/r8_07_okinawa.zip
診療所,47,0310857,医療法人徳洲会　与勝あやはしクリニック,うるま市与那城屋慶名４６７番地１１１,098-983-0055,医療法人徳洲会　理事長　東上　震一,増成　秀樹,内科　外科　小児科　泌尿器科　リハビリテーション科　人工透析内科,,平20. 7. 1,kyushu/r8_07_okinawa.zip
診療所,47,0310949,みのり内科クリニック,うるま市石川２４０８番地,098-965-7770,医療法人　瑞愛翔　理事長　池間　稔,池間　稔,内　消　小　他,,平22. 11. 1,kyushu/r8_07_okinawa.zip
診療所,47,0310956,伊波クリニック,うるま市石川伊波４３１番地,098-964-5735,医療法人　伊波クリニック　理事長　西川　高広,西川　高広,内科　小児科　皮膚科　放射線科　ペインクリニック内科,,平22. 11. 1,kyushu/r8_07_okinawa.zip
診療所,47,0311012,たまき心療内科クリニック,うるま市字赤道２６０－６,098-989-3566,玉城　直,玉城　直,心内　精,,平24. 8. 1,kyushu/r8_07_okinawa.zip
診療所,47,0311020,おおみね眼科,うるま市安慶名三丁目３９番３号,098-974-3733,大嶺　裕英,大嶺　裕英,眼,,平24. 8. 7,kyushu/r8_07_okinawa.zip
診療所,47,0311038,いわした内科クリニック,うるま市安慶名一丁目２番１１号,098-982-6666,岩下　秀彦,岩下　秀彦,内　他,,平25. 1. 1,kyushu/r8_07_okinawa.zip
診療所,47,0311079,すながわ内科クリニック,うるま市字江洲６００番地５,098-975-2525,医療法人貴和の会　理事長　砂川　博司,砂川　博司,内科　糖尿病内科　腎臓内科　循環器内科　呼吸器内科　人工透析内科　リハビリテーション科,,平26. 7. 1,kyushu/r8_07_okinawa.zip
診療所,47,0311095,とくだ心療内科,うるま市字江洲５４７番地２,098-963-8756,德田　毅,德田　毅,精神科　心療内科,,平26. 8. 1,kyushu/r8_07_okinawa.zip
診療所,47,0311129,なかよし眼科,うるま市宮里７６３－１,098-974-7111,医療法人社団　花結会　理事長　仲吉　出,仲吉　出,眼科,,平27. 11. 1,kyushu/r8_07_okinawa.zip
病院,47,0311137,名城病院,うるま市字赤道　１７５番地３,098-974-2121,医療法人なしろ　理事長　名城　嗣久,名城　嗣久,一般　産科　婦人科,,平28. 3. 20,kyushu/r8_07_okinawa.zip
診療所,47,0311152,うるまこころのクリニック,うるま市字喜屋武５４６－１,098-923-3333,薬師　崇,薬師　崇,精　心内,,平29. 5. 8,kyushu/r8_07_okinawa.zip
診療所,47,0311160,しらはま内科,うるま市石川白浜１丁目２番３号,098-965-0800,仲宗根　琢磨,仲宗根　琢磨,内　呼内,,平29. 10. 1,kyushu/r8_07_okinawa.zip
診療所,47,0311178,しろま内科クリニック,うるま市喜屋武５４６番地１,098-973-2500,医療法人　喜風会　理事長　城間　拓哉,城間　拓哉,内　呼内,,平30. 1. 1,kyushu/r8_07_okinawa.zip
診療所,47,0311186,石川医院,うるま市石川二丁目２１番５号,098-964-3049,医療法人　灯信会　理事長　石川　隆夫,石川　隆夫,内　小,,平30. 6. 1,kyushu/r8_07_okinawa.zip
診療所,47,0311194,いしかわ脳とこころの診療所,うるま市石川２－１－７　石川中央団地店舗１０３号,098-965-5777,村岡　玄規,村岡　玄規,精神科　心療内科,,令元. 7. 1,kyushu/r8_07_okinawa.zip
診療所,47,0311202,江洲整形外科クリニック,うるま市字江洲５９８番地４　２階,098-979-1515,医療法人ハイパー酸素江洲会　理事長　井上　治,井上　治,整形外科　リハビリテーション科,,令元. 11. 1,kyushu/r8_07_okinawa.zip
診療所,47,0311210,医療法人うるまの杜カヨウ眼科,うるま市石川白浜二丁目１３番１２号,098-965-2020,医療法人うるまの杜　理事長　嘉陽　宗光,嘉陽　宗光,眼科,,令元. 12. 1,kyushu/r8_07_okinawa.zip
診療所,47,0311228,ひまわりキッズクリニック,うるま市字赤道１７４番地１２（１０１号室）,098-974-2982,医療法人なしろ　理事長　名城　嗣久,祖慶　良克,小児科,,令2. 6. 1,kyushu/r8_07_okinawa.zip
診療所,47,0311236,和花クリニック,うるま市字江洲１３５番地５,098-923-5818,医療法人社団泰成会　理事長　大山　新一,大府　正治,内科,,令2. 8. 1,kyushu/r8_07_okinawa.zip
診療所,47,0311251,いずみクリニック,うるま市字高江洲９７８番地の１,098-979-0562,浦崎　昌子,浦崎　昌子,精神科　心療内科　内科,,令3. 4. 1,kyushu/r8_07_okinawa.zip
診療所,47,0311277,伊禮内科クリニック,うるま市与那城西原７６３番１,098-978-7332,医療法人　一麦会　理事長　伊禮　史朗,伊禮　史朗,内科　消化器内科,,令3. 7. 1,kyushu/r8_07_okinawa.zip
診療所,47,0311285,琉球こころのクリニック,うるま市安慶名三丁目２４番５号,098-988-5031,大鶴　卓,大鶴　卓,心療内科　精神科,,令3. 10. 1,kyushu/r8_07_okinawa.zip
診療所,47,0311293,さとう皮フ科,うるま市字宮里２６２－１８,098-989-8628,佐藤　浩信,佐藤　浩信,皮膚科,,令4. 4. 1,kyushu/r8_07_okinawa.zip
診療所,47,0311319,発達クリニック　Ｃａｎ,うるま市喜屋武３８４－３－２きゃんメディカルプラザ４Ｂ,098-973-7711,遠藤　尚宏,遠藤　尚宏,小児科　精神科　児童精神科　心療内科　リハビリテーション科,,令4. 10. 1,kyushu/r8_07_okinawa.zip
診療所,47,0311327,いしはらクリニック,うるま市喜屋武３８４－３－２きゃんメディカルプラザ１Ａ,098-973-0088,石原　興平,石原　興平,脳神経外科　循環器内科　内科　外科,,令4. 10. 1,kyushu/r8_07_okinawa.zip
診療所,47,0311343,あずま呼吸器内科クリニック,うるま市赤道１７４－１２　２０１号,050-5536-8982,東　正人,東　正人,呼吸器内科　内　小,,令5. 8. 1,kyushu/r8_07_okinawa.zip
診療所,47,0311350,あずさクリニック,うるま市字赤道６３０番地,098-975-0055,医療法人ＳＭＩＬＥ　理事長　井口　梓,井口　梓,内科　糖尿病内科,,令5. 11. 1,kyushu/r8_07_okinawa.zip
診療所,47,0311368,あかみち整形外科リハビリクリニック,うるま市字赤道６３０番地,098-987-8466,医療法人ゆいの会　理事長　村上　恵美,村上　恵美,整形外科　リハビリテーション科,,令5. 11. 1,kyushu/r8_07_okinawa.zip
診療所,47,0311376,医療法人　颯陽会　かつれん耳鼻科クリニック,うるま市勝連平安名１６５５番１－１,098-989-6381,医療法人　颯陽会　理事長　上里　迅,上里　迅,耳鼻咽喉科　頭頸部外科,,令6. 1. 1,kyushu/r8_07_okinawa.zip
診療所,47,0311384,ふくはら内科クリニック,うるま市江洲２１００番１１の１,098-979-8808,普久原　朝史,普久原　朝史,胃腸内科　内科,,令6. 6. 1,kyushu/r8_07_okinawa.zip
診療所,47,0311392,のぶクリニック,うるま市字高江洲３８７番地３　Ｂ１,098-989-3022,髙江洲　信孝,髙江洲　信孝,内科　外科,,令6. 8. 1,kyushu/r8_07_okinawa.zip
診療所,47,0311400,うるま整形外科,うるま市喜屋武３８４－３－２きゃんメディカルプラザ３階　３ＡＢ号室,098-979-5088,宮田　佳英,宮田　佳英,整形外科　リハビリテーション科,,令6. 10. 1,kyushu/r8_07_okinawa.zip
診療所,47,0311418,ゆうなの木心療内科,うるま市石川曙１－１－３１,098-975-8475,玉城　尚子,鮫島　尚子,精神科　心療内科,,令7. 7. 1,kyushu/r8_07_okinawa.zip
診療所,47,0311426,いっくるクリニック,うるま市喜屋武３８４－３－２きゃんメディカルプラザ４階　４Ａ号室,098-979-5366,安次嶺　愛里,安次嶺　愛里,小児科,,令7. 12. 1,kyushu/r8_07_okinawa.zip
診療所,47,0311434,さくもと内科クリニック,うるま市喜屋武３８４－３－２きゃんメディカルプラザ２Ｂ,098-989-7211,医療法人いろどり　理事長　佐久本　高達,佐久本　高達,内科　消化器内科,,令8. 1. 1,kyushu/r8_07_okinawa.zip
診療所,47,0311442,すなお手のひら診療所,うるま市平良川１２３　２Ｆ－１,098-989-7736,瑞慶覧　元,瑞慶覧　元,内科,,令8. 7. 1,kyushu/r8_07_okinawa.zip
病院,47,0410517,沖縄中部療育医療センター,沖縄市比屋根五丁目２番１７号,098-932-6077,社会福祉法人沖縄肢体不自由児協会　理事長　大城　勇夫,高良　幸伸,一般　小児科　内科　リハビリテーション科,,昭53. 8. 1,kyushu/r8_07_okinawa.zip
診療所,47,0410822,伊元小児科,沖縄市泡瀬４－３９－１２,,伊元　幸信,伊元　幸信,小　内　皮,,昭63. 7. 1,kyushu/r8_07_okinawa.zip
診療所,47,0410889,医療法人高徳会　松永眼科医院,沖縄市美里２－１０－２,,医療法人高徳会　理事長　松永　功,松永　功,一般　眼科,,平元. 4. 1,kyushu/r8_07_okinawa.zip
病院,47,0410913,医療法人卯の会　新垣病院,沖縄市安慶田４－１０－３,098-933-2756,医療法人卯の会　理事長　新垣　元,新垣　武,精神　精　心内,273,平元. 8. 1,kyushu/r8_07_okinawa.zip
診療所,47,0410947,医療法人敬真会　大城内科医院,沖縄市照屋５－１９－６,,医療法人敬真会　理事長　大城　新一,大城　新一,内　小,,平元. 12. 1,kyushu/r8_07_okinawa.zip
診療所,47,0410954,藤真会　プラザクリニック,沖縄市久保田１－１０－５,,医療法人藤真会　プラザクリニック　理事長　上原　卓実,真栄城　兼信,一般　療養　内　胃　消　整外　こう　精　心内　他,,平2. 6. 1,kyushu/r8_07_okinawa.zip
診療所,47,0411002,ふくはら小児科医院,沖縄市泡瀬２－８－７,,普久原　朝政,普久原　朝政,小　内　皮,,平4. 10. 1,kyushu/r8_07_okinawa.zip
診療所,47,0411069,なかいま耳鼻咽喉科,沖縄市胡屋１－１３－１５,,医療法人ゆうな会　理事長　仲井間　憲英,仲井間　憲英,耳い　気食,,平5. 10. 1,kyushu/r8_07_okinawa.zip
診療所,47,0411093,アワセ第一医院,沖縄市泡瀬２－５４－２６,098-937-5536,医療法人さくら会　理事長　塩田　和誉,塩田　和誉,内　呼　胃　循　小　外　皮　気食,,平6. 9. 1,kyushu/r8_07_okinawa.zip
診療所,47,0411184,一般社団法人日本健康倶楽部　沖縄支部診療所,沖縄市登川３１６９,098-939-4026,一般社団法人　日本健康倶楽部　理事長　山本　茂,宮里　明子,内　眼,,平6. 11. 1,kyushu/r8_07_okinawa.zip
病院,47,0411218,沖縄中央病院,沖縄市知花５－２６－１,,医療法人一灯の会　理事長　久場　禎三,久場　禎三,精神　精神科　心療内科,239,平6. 12. 1,kyushu/r8_07_okinawa.zip
病院,47,0411341,医療法人タピック沖縄リハビリテーションセンター病院,沖縄市比屋根二丁目１５番１号,098-982-1777,医療法人タピック　理事長　宮里　好一,宮里　好一,一般　療養　精神　リハ　内　脳外　整外　精,370,平8. 12. 1,kyushu/r8_07_okinawa.zip
診療所,47,0411416,アイクリニック中の町,沖縄市上地１－１１－２,098-930-2812,長浜　益美,長浜　益美,眼,,平9. 9. 1,kyushu/r8_07_okinawa.zip
診療所,47,0411465,つかやま耳鼻咽喉科,沖縄市南桃原４－２８－１０,098-933-8733,津嘉山　務,津嘉山　務,耳鼻咽喉科,,平9. 12. 1,kyushu/r8_07_okinawa.zip
診療所,47,0411499,みさと耳鼻科,沖縄市美原四丁目１番１５号,098-939-8733,医療法人　邦裕会　理事長　宮城　裕二,宮城　裕二,耳鼻咽喉科,,平10. 5. 1,kyushu/r8_07_okinawa.zip
診療所,47,0411515,東部クリニック,沖縄市与儀３丁目９番１号,098-932-0111,医療法人　奨進会　理事長　比嘉　靖,比嘉　靖,脳神経外科　内科　脳神経内科　リハビリテーション科　放射線科　整形外科,,平10. 12. 1,kyushu/r8_07_okinawa.zip
診療所,47,0411549,愛聖クリニック,沖縄市高原５－１５－１１,098-939-5114,医療法人　安心会　理事長　中田　安彦,中田　安彦,内　循　呼　小　皮　消　アレ　リハ　精,,平11. 5. 1,kyushu/r8_07_okinawa.zip
診療所,47,0411812,岸本内科クリニック,沖縄市登川１－１－２４,098-934-7770,医療法人　緑風会　理事長　岸本　広次,岸本　広次,内　小　皮　胃　呼　循　アレ,,平11. 11. 1,kyushu/r8_07_okinawa.zip
診療所,47,0411820,仲宗根クリニック,沖縄市高原７－２３－１４,098-933-8000,医療法人　康陽会　理事長　仲宗根　哲康,仲宗根　哲康,内　外　消　こう　リハ,,平11. 10. 31,kyushu/r8_07_okinawa.zip
診療所,47,0411838,美里ヒフ科,沖縄市東二丁目５番１４号,098-939-7241,医療法人　明清会　理事長　平良　清人,平良　淸人,皮,,平11. 11. 1,kyushu/r8_07_okinawa.zip
診療所,47,0411945,うちま内科,沖縄市宮里四丁目２番３号,098-934-7500,医療法人　久愛会　理事長　内間　久吉,内間　久吉,内　循　呼　消　リウ,,平13. 1. 1,kyushu/r8_07_okinawa.zip
診療所,47,0411952,うえはら眼科,沖縄市高原２－４－１７,098-930-3100,医療法人　葉月会　理事長　上原　勝,上原　勝,眼,,平13. 1. 1,kyushu/r8_07_okinawa.zip
診療所,47,0411960,はなしろ小児科,沖縄市南桃原３－３６－１３,098-930-5177,花城　可雅,花城　可雅,小,,平13. 2. 1,kyushu/r8_07_okinawa.zip
診療所,47,0412018,コザクリニック,沖縄市仲宗根町１９－１,098-938-1038,医療法人　かなの会　理事長　町田　憲彦,町田　憲彦,神経内科　内科　リハビリテーション科　ペインクリニック内科　精神科　整形外科,,平13. 5. 1,kyushu/r8_07_okinawa.zip
診療所,47,0412034,富名腰医院,沖縄市住吉１－５－１６,,富名腰　進,富名腰　進,内科　皮膚科,,平13. 10. 1,kyushu/r8_07_okinawa.zip
診療所,47,0412042,医療法人真愛会　伊佐整形外科,沖縄市比屋根２－３－３,098-931-1111,医療法人　真愛会　理事長　伊佐　眞,伊佐　眞,整外　リウ　リハ,,平13. 12. 1,kyushu/r8_07_okinawa.zip
診療所,47,0412059,ひが内科クリニック,沖縄市東二丁目２５番２号コーポ桑江１階,098-929-1810,医療法人　清生会　理事長　比嘉　清憲,比嘉　清憲,内　循　小,,平13. 12. 1,kyushu/r8_07_okinawa.zip
診療所,47,0412067,やんハーブクリニック,沖縄市東二丁目１６番５号,,医療法人　芍薬会　理事長　梁　哲成,梁　哲成,小　内　皮,,平14. 1. 1,kyushu/r8_07_okinawa.zip
診療所,47,0412133,沖縄県中部保健所,沖縄市美原１－６－２８,098-938-9886,沖縄県　沖縄県知事,崎山　八郎,内　歯,,平14. 4. 1,kyushu/r8_07_okinawa.zip
診療所,47,0412141,のぼる耳鼻咽喉科医院,沖縄市東二丁目２６番５号,098-929-1187,医療法人　成山会　理事長　玉城　昇,玉城　昇,耳い　アレ,,平14. 6. 1,kyushu/r8_07_okinawa.zip
診療所,47,0412166,元美皮フ科,沖縄市登川１－１２－１３,098-929-4112,丸野　元美,丸野　元美,皮,,平14. 9. 1,kyushu/r8_07_okinawa.zip
診療所,47,0412174,中部眼科,沖縄市美原三丁目２２番１１号,098-934-8000,医療法人　恵哲会　理事長　松村　哲,松村　哲,一般　眼科,,平14. 10. 1,kyushu/r8_07_okinawa.zip
診療所,47,0412190,社会医療法人　敬愛会　中頭総合ちばなクリニック,沖縄市知花６－２５－１５,098-939-1301,社会医療法人　敬愛会　理事長　宮里　善次,大城　直人,内科　循環器内科　消化器内科　呼吸器内科　感染症内科　糖尿病内科　腎臓内科（人工透析）　神経内科　外科　消化器外科　血管外科　肛門外科　呼吸器外科　整形外科　婦人科　小児科　小児外科　泌尿器科　眼科　耳鼻咽喉科　放射線科　リハビリテーション科　皮膚科　脳神経外科　形成外科,,平14. 11. 1,kyushu/r8_07_okinawa.zip
診療所,47,0412208,北城整形外科,沖縄市山内２－２５－４１,098-930-7777,医療法人　ももやま会　理事長　北城　武司,北城　武司,一般　整形外科　リハビリテーション科　リウマチ科,,平14. 10. 1,kyushu/r8_07_okinawa.zip
病院,47,0412216,医療法人　心和会　潮平病院,沖縄市胡屋１－１７－１,,医療法人　心和会　潮平病院　理事長　潮平　優,潮平　毅,一般　療養　内科　小児科　外科　整形外科　リハビリテーション科　泌尿器科,,平14. 10. 1,kyushu/r8_07_okinawa.zip
診療所,47,0412257,まつもと胃腸科整形外科医院,沖縄市松本１－２１－２３,098-939-2115,医療法人　福樹会　理事長　仲地　善昭,仲地　善昭,胃　整外　外　内　こう　皮　リハ,,平15. 5. 1,kyushu/r8_07_okinawa.zip
診療所,47,0412265,兼城医院,沖縄市美原二丁目２６番１３号,098-929-3000,医療法人　賢作会　理事長　兼城　賢作,兼城　賢作,内　精　神　心内,,平15. 5. 1,kyushu/r8_07_okinawa.zip
診療所,47,0412281,嘉数医院,沖縄市諸見里１－２６－２,098-930-0090,医療法人　至政会　理事長　嘉数　朝一,嘉数　朝一,内科　呼吸器内科　アレルギー科　小児科,,平15. 11. 1,kyushu/r8_07_okinawa.zip
診療所,47,0412364,美里女性クリニック,沖縄市美原二丁目２５番３号,098-929-3003,金武　弘美,金武　弘美,一般　産婦　内,,平16. 12. 1,kyushu/r8_07_okinawa.zip
診療所,47,0412372,中部産婦人科医院,沖縄市安慶田１－３－２０,070-5498-8883,医療法人　新明会　理事長　北條　哲史,北條　真子,一般　産　婦,,平17. 1. 1,kyushu/r8_07_okinawa.zip
病院,47,0412380,ちゅうざん病院,沖縄市松本６丁目２番１号,098-982-1346,医療法人　ちゅうざん会　理事長　田島　文博,田島　文博,一般　療養　リハビリテーション科　循環器内科　内科　整形外科　脳神経外科,182,平18. 4. 1,kyushu/r8_07_okinawa.zip
診療所,47,0412398,安立医院,沖縄市山内１－７－５,,医療法人　待望主会　理事長　安里　公,安里　公,内科　人工透析内科　消化器内科,,平18. 5. 1,kyushu/r8_07_okinawa.zip
診療所,47,0412406,いしはら小児科,沖縄市美原四丁目２７番１５号,098-934-7666,医療法人　あかり会　理事長　石原　龍治,石原　龍治,小児科,,平18. 6. 1,kyushu/r8_07_okinawa.zip
診療所,47,0412414,なかみねニュークリニック,沖縄市古謝二丁目２１番２９号,098-929-1000,仲嶺　文雄,仲嶺　文雄,内　消,,平19. 6. 1,kyushu/r8_07_okinawa.zip
診療所,47,0412422,みはら耳鼻咽喉科,沖縄市美原四丁目１０番２号,098-929-2088,医療法人　椰子の会　理事長　照喜名　玲奈,照喜名　玲奈,耳鼻咽喉科,,平19. 7. 1,kyushu/r8_07_okinawa.zip
診療所,47,0412430,桃山クリニック,沖縄市南桃原三丁目１番１号,098-930-2233,医療法人　となん会　理事長　知念　徹,知念　徹,内　胃　小,,平19. 9. 1,kyushu/r8_07_okinawa.zip
診療所,47,0412505,山里整形外科・山里デンタルクリニック,沖縄市山里一丁目４番１５号,098-933-1331,医療法人　光和会　理事長　宜野座　治男,宜野座　治男,整形外科　形成外科　歯科　歯科口腔外科　小児歯科,,平22. 5. 1,kyushu/r8_07_okinawa.zip
診療所,47,0412513,おくま眼科,沖縄市高原７丁目２８番１号,098-982-2181,医療法人　アイリス　理事長　奥間　政昭,奥間　政昭,眼,,平22. 11. 1,kyushu/r8_07_okinawa.zip
診療所,47,0412539,なおまさクリニック,沖縄市上地２丁目１２番１８号,098-989-9229,医療法人　三樹会　理事長　直正　哲司,直正　哲司,心内　神　精,,平23. 10. 1,kyushu/r8_07_okinawa.zip
診療所,47,0412547,医療法人白水会　明陽クリニック,沖縄市園田一丁目４番５号,098-930-7700,医療法人白水会　理事長　安谷屋　浩,安谷屋　浩,内　他,,平23. 11. 1,kyushu/r8_07_okinawa.zip
診療所,47,0412588,医療法人ヒフミ　桑江皮膚科医院,沖縄市上地１－１３－３,098-933-2056,医療法人ヒフミ　　理事長　桑江　朝二郎,桑江　朝二郎,皮,,平24. 12. 1,kyushu/r8_07_okinawa.zip
診療所,47,0412604,医療法人芳醇の会　はた内科クリニック,沖縄市美原三丁目２２番８,098-987-5201,医療法人芳醇の会　理事長　畑　芳夫,畑　芳夫,内,,平25. 12. 21,kyushu/r8_07_okinawa.zip
診療所,47,0412620,高原こころクリニック,沖縄市高原６丁目４番９号,098-989-4002,古田　達彦,古田　達彦,精神科　心療内科　神経科,,平26. 8. 1,kyushu/r8_07_okinawa.zip
診療所,47,0412638,ヘシキ形成外科クリニック,沖縄市泡瀬４丁目４０番１号,098-930-5454,医療法人信誠会　ヘシキ形成外科クリニック　理事長　平敷　貴也,平敷　貴也,形成外科,,平26. 12. 1,kyushu/r8_07_okinawa.zip
診療所,47,0412646,登川クリニック,沖縄市登川二丁目２４番２号,098-937-0123,医療法人よしはる会　理事長　名城　一臣,名城　一臣,内　他,,平27. 5. 1,kyushu/r8_07_okinawa.zip
診療所,47,0412687,女性内科　オレンジ,沖縄市古謝津嘉山町３０番２２号　武ハウス１号室,098-921-3636,冨着　泉,冨着　泉,内科,,平27. 10. 1,kyushu/r8_07_okinawa.zip
診療所,47,0412695,あさとこどもクリニック,沖縄市古謝２丁目１９番６号,098-921-2121,安里　義秀,安里　義秀,小児科,,平27. 11. 1,kyushu/r8_07_okinawa.zip
診療所,47,0412703,なかむら内科おなかクリニック,沖縄市比屋根六丁目２７番１７号　１Ｆ,098-930-3377,仲村　光輝,仲村　光輝,内科　胃腸内科,,平27. 12. 1,kyushu/r8_07_okinawa.zip
診療所,47,0412711,いくみ皮ふ科クリニック,沖縄市比屋根六丁目２７番１７号　２Ｆ,098-930-3322,仲村　郁心,仲村　郁心,皮膚科　美容皮膚科,,平27. 12. 1,kyushu/r8_07_okinawa.zip
病院,47,0412737,社会医療法人　敬愛会　中頭病院,沖縄市字登川６１０番地,098-939-1300,社会医療法人　敬愛会　理事長　宮里　善次,下地　勉,一般　内科　感染症内科　循環器内科　消化器内科　消化器外科　呼吸器内科　血液腫瘍内科　内分泌・代謝内科（糖尿病）　腎臓内科（人工透析）　神経内科　外科　乳腺外科　血管外科　肛門外科　呼吸器外科　心臓血管外科　脳神経外科　整形外科　形成外科　産婦人科　小児科　小児外科　泌尿器科　眼科　耳鼻咽喉科・頭頸部外科　麻酔科　病理診断科　放射線科　救急科　リハビリテーション科　皮膚科　精神科,355,平28. 10. 1,kyushu/r8_07_okinawa.zip
診療所,47,0412752,ゆいクリニック,沖縄市字登川２４４４番地３,098-989-3801,医療法人　結想会　理事長　島袋　忠雄,島袋　史,一般　産婦　小,,平29. 6. 1,kyushu/r8_07_okinawa.zip
診療所,47,0412760,医療法人徳洲会　ソフィアクリニック,沖縄市安慶田３丁目１１番３０号　１階,098-923-2110,医療法人徳洲会　理事長　東上　震一,喜友名　琢也,小　内　外,,平30. 4. 1,kyushu/r8_07_okinawa.zip
診療所,47,0412786,あきら整形外科クリニック,沖縄市古謝２丁目１９番５号,098-921-3330,医療法人正敬会　理事長　島袋　晃,島袋　晃,整外　リハ,,平30. 6. 1,kyushu/r8_07_okinawa.zip
診療所,47,0412802,おおやま泌尿器科クリニック,沖縄市山里１－１－２　３０４,098-931-1577,医療法人社団　泰成会　理事長　大山　新一,慎　武,ひ,,平30. 10. 1,kyushu/r8_07_okinawa.zip
診療所,47,0412810,しおひら内科・腎クリニック,沖縄市山里１丁目１－２　３０３,098-930-2112,潮平　俊治,潮平　俊治,内　他,,平30. 10. 1,kyushu/r8_07_okinawa.zip
診療所,47,0412836,ゆうクリニック,沖縄市宮里２－２５－１０オアシスマンションＡＹＡ　１０１,098-989-0748,三高　裕,三高　裕,精　心内,,令元. 6. 1,kyushu/r8_07_okinawa.zip
病院,47,0412844,中部協同病院,沖縄市美里１丁目３１番１５号,098-938-8828,沖縄医療生活協同組合　代表理事　上原　昌義,與儀　洋和,一般　内科　外科　小児科　整形外科　呼吸器内科　消化器内科　循環器内科　歯科　小児歯科　矯正歯科　リハビリテーション科　精神科　心療内科　婦人科　皮膚科　泌尿器科　脳神経外科　神経内科　人工透析内科　腎臓内科　乳腺外科,142,令元. 12. 1,kyushu/r8_07_okinawa.zip
診療所,47,0412851,諸見眼科,沖縄市園田三丁目８番２７号,098-933-2255,医療法人マハロ　理事長　長嶺　紀良,長嶺　紀良,眼科,,令2. 6. 1,kyushu/r8_07_okinawa.zip
診療所,47,0412877,アワセ皮フ科クリニック,沖縄市泡瀬四丁目１番２号　１階,098-929-1241,医療法人　なのはな　理事長　玉城　毅,玉城　毅,皮膚科,,令3. 5. 1,kyushu/r8_07_okinawa.zip
診療所,47,0412893,じねんこどもクリニック,沖縄市山里一丁目１番２号　パーチェ山里　３０１,098-989-5601,医療法人じねん沖縄　理事長　朝倉　秋乃,朝倉　秋乃,小児科　内科,,令3. 6. 1,kyushu/r8_07_okinawa.zip
診療所,47,0412919,まちだ泌尿器科クリニック,沖縄市美里仲原町２８番１８号,098-921-4145,比嘉　典子,比嘉　典子,泌尿器科,,令3. 12. 1,kyushu/r8_07_okinawa.zip
診療所,47,0412935,中部ゆくいクリニック,沖縄市胡屋六丁目８番６号,098-989-8873,医療法人社団星の砂　理事長　大城　堅一,仲松　敬,内科,,令4. 1. 4,kyushu/r8_07_okinawa.zip
診療所,47,0412943,敬和医院,沖縄市字登川５６６番地,098-923-1260,社会医療法人敬愛会　理事長　宮里　善次,兼島　洋,一般　内科,,令4. 2. 1,kyushu/r8_07_okinawa.zip
診療所,47,0412950,いきがい在宅クリニック,沖縄市美里６丁目１５－１６,098-989-9066,長野　宏昭,長野　宏昭,内科　呼吸器内科　小児科,,令5. 4. 1,kyushu/r8_07_okinawa.zip
診療所,47,0412976,医療法人一の新　おくま整形外科,沖縄市美里１丁目２６番３３号,098-938-3478,医療法人一の新　理事長　奥間　英一郎,奥間　英一郎,整形外科　リハビリテーション科,,令5. 6. 1,kyushu/r8_07_okinawa.zip
病院,47,0412984,社会医療法人　敬愛会　翔南病院,沖縄市山内３丁目１４番２８号,098-930-3020,社会医療法人　敬愛会　理事長　宮里　善次,仲地　健,一般　療養　内科　循環器内科　糖尿病・内分泌内科　消化器内科　泌尿器科　整形外科　リハビリテーション科,,令5. 6. 1,kyushu/r8_07_okinawa.zip
診療所,47,0413008,ファミリーメンタルクリニック,沖縄市知花６－３８－２０,098-939-5561,仲俣　明夫,仲俣　明夫,精　心内,,令5. 8. 1,kyushu/r8_07_okinawa.zip
診療所,47,0413016,らいおんハートクリニック　コザ,沖縄市仲宗根町４番９号,098-989-4205,医療法人かなの会　理事長　町田　憲彦,町田　憲彦,内,,令5. 10. 1,kyushu/r8_07_okinawa.zip
病院,47,0413024,なかがみ西病院,沖縄市知花６丁目２５番５号,098-921-0024,社会医療法人敬愛会　理事長　宮里　善次,石原　淳,一般　内科　人工透析内科　外科　整形外科　皮膚科　救急科,,令5. 12. 1,kyushu/r8_07_okinawa.zip
診療所,47,0413057,ＤＹＬクリニック,沖縄市大里二丁目３２番１６号シャトー城北Ｐ３－３０１,098-923-3588,一般社団法人　ＤＹＬアソシエーション　代表理事　後藤　健治,後藤　健治,精神科,,令6. 5. 1,kyushu/r8_07_okinawa.zip
診療所,47,0413065,登川脳神経内科クリニック,沖縄市登川１２０３―１,098-975-8333,西平　靖,西平　靖,脳神経内科　内科　リハビリテーション科,,令6. 10. 1,kyushu/r8_07_okinawa.zip
診療所,47,0413073,三愛眼科,沖縄市山内一丁目３番２８号,098-933-3322,医療法人社団健真会　理事長　武内　克介,仲嶺　盛,眼,,令7. 1. 31,kyushu/r8_07_okinawa.zip
診療所,47,0413081,たからクリニック,沖縄市東２丁目５番１１号　１Ｆ,098-979-6146,高良　剛ロベルト,高良　剛ロベルト,内科　小児科　外科　救急科,,令7. 7. 1,kyushu/r8_07_okinawa.zip
診療所,47,0413099,マリン在宅クリニック,沖縄市泡瀬４丁目２０－２５,098-989-9114,小林　孝暢,小林　孝暢,内科　外科　皮膚科,,令7. 7. 1,kyushu/r8_07_okinawa.zip
診療所,47,0413107,ライフスタイルクリニックＬｏｋａｈｉ,沖縄市山内二丁目９番１６号２Ｆ,098-989-9999,医療法人ＬＯＫＡＨＩ　　理事長　久場　良吾,久場　良吾,内科　形成外科,,令7. 12. 1,kyushu/r8_07_okinawa.zip
診療所,47,0413115,医療法人　博順会　沖縄北あんしん内科クリニック,沖縄市知花６丁目２３番２２号マンション誠１階Ｂ,098-988-7230,医療法人　博順会　理事長　山口　怜,山口　怜,内科　循環器内科,,令8. 6. 1,kyushu/r8_07_okinawa.zip
診療所,47,0510126,順徳医院,宜野湾市大謝名１－１９－１,,桃園　寛,桃園　寛,一般　内　小　外　産婦　耳い　麻　整外,,昭49. 10. 10,kyushu/r8_07_okinawa.zip
病院,47,0510183,医療法人緑水会　宜野湾記念病院,宜野湾市宜野湾３－３－１３,,医療法人緑水会　理事長　末永　正機,湧上　聖,一般　療養　内科　外科　神経内科　整形外科　リハビリテーション科　精神科　心療内科,,昭54. 6. 1,kyushu/r8_07_okinawa.zip
診療所,47,0510225,駐留軍要員健保組合　伊佐浜診療所,宜野湾市伊佐４丁目５番７号,,駐留軍要員健康保険組合　沖縄支所　常務理事　大津　洋一,宮城　隆子,内　小,,昭55. 8. 1,kyushu/r8_07_okinawa.zip
診療所,47,0510480,医療法人宜野湾整形外科医院,宜野湾市真栄原３－７－７,,医療法人宜野湾整形外科　理事長　福嶺　紀明,福嶺　紀明,整形外科　リハビリテーション科,,平2. 8. 1,kyushu/r8_07_okinawa.zip
病院,47,0510506,医療法人球陽会　海邦病院,宜野湾市真志喜２－２３－５,,医療法人球陽会　　理事長　富名腰　亮,富名腰　亮,一般　療養　内科　整形外科　泌尿器科　リハビリテーション科　呼吸器内科　循環器内科　消化器内科　人工透析内科　脳神経内科　腎臓内科　糖尿病・代謝内科　血液内科,,平3. 9. 1,kyushu/r8_07_okinawa.zip
診療所,47,0510613,医療法人やましろ皮フ科,宜野湾市上原１－２－９,,医療法人やましろ皮フ科　理事長　山城　一純,山城　一純,皮膚科,,平7. 1. 1,kyushu/r8_07_okinawa.zip
診療所,47,0510647,神元内科医院,宜野湾市真栄原３－５－３,,医療法人　真栄原会　理事長　神元　繁道,神元　繁道,内科　胃腸内科　循環器内科,,平8. 4. 1,kyushu/r8_07_okinawa.zip
診療所,47,0510662,宮城医院,宜野湾市野嵩１－１０－１１,,医療法人のぞみ会　理事長　宮城　護,宮城　護,一般　内　消　小　ひ　リハ,,平8. 11. 1,kyushu/r8_07_okinawa.zip
診療所,47,0510761,さよウィメンズ・メンタルクリニック,宜野湾市志真志４－２４－７沖縄ぎのわんセミナーハウス４Ｆ,098-870-9855,竹下　小夜子,竹下　小夜子,精　心内,,平10. 11. 1,kyushu/r8_07_okinawa.zip
診療所,47,0510779,まえはら内科,宜野湾市真栄原３－１９－８,098-870-2807,宇座　達也,宇座　達也,内　呼,,平11. 3. 1,kyushu/r8_07_okinawa.zip
診療所,47,0510811,ブルーペンギン胃腸内科クリニック,宜野湾市長田１丁目２９－１,098-893-5511,医療法人　富岳会　理事長　内間　庸文,内間　庸文,内科　消化器科,,平11. 12. 1,kyushu/r8_07_okinawa.zip
診療所,47,0510852,うえはらこどもクリニック,宜野湾市長田１－２６－１９,098-892-5151,上原　哲,上原　哲,小　アレ,,平13. 9. 1,kyushu/r8_07_okinawa.zip
診療所,47,0510860,みやぎ小児科クリニック,宜野湾市我如古４４７－１,098-898-3339,医療法人すくすく会　理事長　宮城　仲健,宮城　仲健,小,,平13. 11. 1,kyushu/r8_07_okinawa.zip
診療所,47,0510878,いとむクリニック,宜野湾市伊佐１－１０－９,,医療法人　いとむクリニック　理事長　呉屋　五十六,呉屋　五十六,内　小　皮　眼　耳い,,平13. 12. 1,kyushu/r8_07_okinawa.zip
診療所,47,0510886,クリニックぎのわん,宜野湾市大山７－７－２２,098-890-1212,天願　勇,天願　勇,内　外　リハ　心内　整外　精,,平14. 1. 1,kyushu/r8_07_okinawa.zip
診療所,47,0510894,池原外科胃腸科医院,宜野湾市新城２－４０－２７,,医療法人　悠々会　理事長　池原　弘,池原　弘,外　胃　ひ　こう　放　内　呼,,平14. 3. 1,kyushu/r8_07_okinawa.zip
診療所,47,0510910,いなふくクリニック,宜野湾市真栄原３－１２－２０,098-890-5300,稲福　薫,稲福　薫,産婦人科　内科　心療内科,,平15. 6. 1,kyushu/r8_07_okinawa.zip
診療所,47,0510936,ちゃたに内科・呼吸器科,宜野湾市宇地泊二丁目２４番２０号,098-898-7777,茶谷　信行,茶谷　信行,内科　呼吸器内科,,平16. 2. 1,kyushu/r8_07_okinawa.zip
診療所,47,0510951,喜屋武内科クリニック,宜野湾市嘉数２－１－１,098-890-7715,医療法人　順和会　理事長　喜屋武　郁夫,喜屋武　郁夫,内　小　リウ,,平16. 11. 1,kyushu/r8_07_okinawa.zip
診療所,47,0510969,みみとはなの和クリニック,宜野湾市宇地泊三丁目１０番９号　２階,098-890-0753,山内　昌幸,山内　昌幸,耳い,,平17. 12. 1,kyushu/r8_07_okinawa.zip
診療所,47,0510977,長濵眼科,宜野湾市宇地泊三丁目１０番９号　１階,098-870-2266,長浜　宗信,長浜　宗信,眼,,平18. 2. 1,kyushu/r8_07_okinawa.zip
診療所,47,0511009,いきいき耳鼻咽喉科クリニック,宜野湾市長田１丁目１番３号,098-893-1187,医療法人　ヨシ惟　理事長　喜友名　朝盛,喜友名　朝盛,耳い,,平18. 5. 1,kyushu/r8_07_okinawa.zip
診療所,47,0511058,サンクリニック,宜野湾市伊佐二丁目９番地３５,098-898-3370,医療法人　アース　理事長　新屋　瑛一,新屋　瑛一,整外　外　内　胃　リハ,,平19. 5. 1,kyushu/r8_07_okinawa.zip
診療所,47,0511066,医療法人　新美会　新垣形成外科,沖縄県宜野湾市宇地泊二丁目２４番２２号,098-870-2990,医療法人　新美会　理事長　新垣　実,新垣　実,形外　美外,,平19. 6. 1,kyushu/r8_07_okinawa.zip
診療所,47,0511074,かりゆしクリニック,宜野湾市嘉数四丁目２５番１５,098-898-0555,医療法人　うりずんの会　理事長　山川　研,山川　研,内科,,平20. 11. 1,kyushu/r8_07_okinawa.zip
診療所,47,0511108,岡こどもクリニック,沖縄県宜野湾市宇地泊三丁目１番５号,098-942-9255,岡　勇次郎,岡　勇次郎,小児科,,平21. 10. 1,kyushu/r8_07_okinawa.zip
診療所,47,0511116,早川眼科医院,宜野湾市野嵩２丁目２番２号,098-893-8155,早川　和久,早川　和久,眼科,,平21. 12. 1,kyushu/r8_07_okinawa.zip
診療所,47,0511181,古堅ウィメンズクリニック,宜野湾市字地泊１丁目８番１７号,098-890-1600,古堅　善亮,古堅　善亮,一般　産婦　皮,,平23. 5. 1,kyushu/r8_07_okinawa.zip
診療所,47,0511207,まえだ眼科,宜野湾市嘉数二丁目７番１５号,098-890-5331,真栄田　義敦,真栄田　義敦,眼,,平23. 10. 1,kyushu/r8_07_okinawa.zip
診療所,47,0511215,ひでき皮フ科美容クリニック,宜野湾市志真志一丁目１５番２３号,098-896-1111,宮城　秀樹,宮城　秀樹,皮　内　小　他,,平24. 4. 1,kyushu/r8_07_okinawa.zip
診療所,47,0511249,じのん整形外科クリニック,沖縄県宜野湾市宇地泊１丁目２２番２号,098-943-1115,医療法人　新整会　理事長　新垣　薫,池間　康成,整外　リハ　リウ,,平25. 5. 1,kyushu/r8_07_okinawa.zip
診療所,47,0511298,クリニック・シンフォニア,宜野湾市上原１－１８－１３ハーモニーマンション１階,080-6493-3289,屋宜　盛秀,屋宜　盛秀,精　内,,平29. 4. 1,kyushu/r8_07_okinawa.zip
診療所,47,0511314,ふくやま整形外科,宜野湾市長田一丁目２８番１号,098-894-1234,医療法人ふくやま整形外科　理事長　譜久山　充,譜久山　充,整外　リハ,,平29. 8. 1,kyushu/r8_07_okinawa.zip
診療所,47,0511330,愛誠園クリニック,宜野湾市伊佐三丁目２６番８号,098-898-4141,社会福祉法人善隣福祉会　理事長　我如古　正昭,平良　民子,内,,平30. 5. 1,kyushu/r8_07_okinawa.zip
診療所,47,0511348,ねたて内科クリニック,宜野湾市嘉数一丁目２２番５号,098-890-1500,花城　清祥,花城　清祥,内　脳内　リハ,,平30. 6. 1,kyushu/r8_07_okinawa.zip
診療所,47,0511355,のだけ整形外科,宜野湾市野嵩２丁目１番６号　２，３階,098-917-1870,盛島　秀泉,盛島　秀泉,整外　リハ,,平31. 4. 1,kyushu/r8_07_okinawa.zip
診療所,47,0511371,ぎのわんメンタルクリニック,宜野湾市大謝名一丁目１７番３１号,098-890-7733,医療法人好日会　理事長　道下　聡,道下　聡,心療内科　精神科,,令4. 5. 1,kyushu/r8_07_okinawa.zip
診療所,47,0511389,まみ皮フ科クリニック,宜野湾市嘉数二丁目２番１号　広栄メディカルビル２階,098-898-4112,医療法人広栄　理事長　米須　麻美,米須　麻美,皮膚科　内科　小児科,,令4. 5. 1,kyushu/r8_07_okinawa.zip
診療所,47,0511405,眼科クリニック幸地,宜野湾市宜野湾２丁目５番１３号,098-893-3711,医療法人博祐堂　代表理事　幸地　賢治,幸地　賢治,眼科,,令5. 1. 1,kyushu/r8_07_okinawa.zip
診療所,47,0511413,のだけこどもクリニック,宜野湾市野嵩二丁目１７番２２号,098-892-1515,大見　剛,大見　剛,小,,令5. 10. 1,kyushu/r8_07_okinawa.zip
診療所,47,0511421,あいクリニック,宜野湾市愛知１－２－１　１階,098-893-1077,加治屋　志郎,加治屋　志郎,眼科,,令6. 1. 1,kyushu/r8_07_okinawa.zip
診療所,47,0511439,ぎのわん皮フ科,宜野湾市上原１－１２－８　１階,098-943-3649,山城　充士,山城　充士,皮膚科　アレルギー科　美容皮膚科,,令6. 2. 1,kyushu/r8_07_okinawa.zip
診療所,47,0511447,いすのき内科,宜野湾市普天間２－４－５,098-894-1000,難波　豊隆,難波　豊隆,内科　糖尿病内科　内分泌内科,,令6. 3. 1,kyushu/r8_07_okinawa.zip
診療所,47,0511454,西平医院,宜野湾市赤道二丁目２番２号,098-896-1116,社会医療法人　かりゆし会　理事長　安里　哲好,金城　興次郎,内科　消化器内科　循環器内科　呼吸器内科　人工透析内科　リハビリテーション科　整形外科,,令6. 4. 1,kyushu/r8_07_okinawa.zip
診療所,47,0511462,愛知クリニック,宜野湾市愛知一丁目２番１２号１階、２階、５階、６階,098-892-3511,医療法人愛知クリニック　理事長　多和田　健,多和田　健,内科　小児科　産婦人科,,令6. 6. 1,kyushu/r8_07_okinawa.zip
診療所,47,0511470,ゆい往診クリニック,宜野湾市新城二丁目２番１号ＢＬＵＥ　ＯＣＥＡＮ　１０１号,098-894-3133,新屋　洋平,新屋　洋平,内科　緩和ケア内科,,令6. 8. 1,kyushu/r8_07_okinawa.zip
診療所,47,0511488,クリニックかふぅ,宜野湾市普天間２－４７－１６－２０１,080-4280-8131,宮里　翔子,宮里　翔子,内科　精神科,,令7. 5. 1,kyushu/r8_07_okinawa.zip
診療所,47,0511496,広栄クリニック,宜野湾市嘉数２丁目２番１号　広栄メディカルビル２Ｆ,098-898-2233,米須　功,米須　功,内科　消化器科　外科,,令7. 5. 1,kyushu/r8_07_okinawa.zip
診療所,47,0511504,宜野湾シーサイドクリニック,宜野湾市伊佐４丁目２番１６号沖縄化粧合板ビル,098-899-1339,一般社団法人　医樹会　代表理事　砂川　昌丈,伊集　広城,内科　循環器内科　人工透析内科,,令7. 9. 1,kyushu/r8_07_okinawa.zip
診療所,47,0511512,くくるの森みみはなのどクリニック,宜野湾市嘉数２丁目２番１号広栄メディカルビル１Ｆ,098-963-8660,吉田　真也,吉田　真也,耳鼻いんこう科　小児耳鼻いんこう科　アレルギー科,,令7. 10. 1,kyushu/r8_07_okinawa.zip
診療所,47,0511520,おかえり在宅クリニック,宜野湾市真栄原三丁目７番２２号,098-975-7850,医療法人一誠会　理事長　東　賢志,東　賢志,内科　麻酔科　精神科,,令8. 4. 1,kyushu/r8_07_okinawa.zip
診療所,47,0610298,沖縄県宮古保健所,宮古島市平良東仲宗根４７６,,沖縄県知事,山川　宗貞,内科　小児科　歯科,,昭57. 12. 6,kyushu/r8_07_okinawa.zip
診療所,47,0610413,医療法人光陽会　下地眼科医院,宮古島市平良下里５７７の１,,医療法人光陽会　理事長　下地　輝子,下地　輝子,眼,,平元. 6. 1,kyushu/r8_07_okinawa.zip
診療所,47,0610421,医療法人みやこクリニック,宮古島市平良東仲宗根５９６,0980-73-4103,医療法人みやこクリニック　理事長　砂川　恵榮,砂川　恵榮,一般　内　小　産婦,,平元. 6. 1,kyushu/r8_07_okinawa.zip
診療所,47,0610611,真壁眼科,宮古島市平良字西里７８７－１,09807-3-2200,医療法人明睛会　理事長　眞壁　正明,眞壁　正明,一般　眼科,,平10. 5. 1,kyushu/r8_07_okinawa.zip
診療所,47,0610629,ひが小児科医院,宮古島市平良西里７８１－５,,医療法人　ホーリー会　理事長　比嘉　富二,比嘉　富二,小　内,,平11. 2. 1,kyushu/r8_07_okinawa.zip
診療所,47,0610645,たいら内科,宮古島市平良東仲宗根５７２－６,09807-3-8115,平良　正昭,平良　正昭,内,,平11. 8. 1,kyushu/r8_07_okinawa.zip
診療所,47,0610678,砂川内科医院,宮古島市平良西里７９６－３,09807-3-0037,医療法人　ゆりの会　理事長　松村　健三,松村　健三,内,,平12. 6. 1,kyushu/r8_07_okinawa.zip
診療所,47,0610694,いけむら外科・小児科,宮古島市平良西里９７８－２,09807-3-6300,医療法人　ムサアザ会　理事長　池村　幸,池村　幸,一般　一般　外科　胃腸内科　胃腸外科　肛門外科　小児科　内科　精神科,19,平13. 5. 1,kyushu/r8_07_okinawa.zip
診療所,47,0610728,稲村耳鼻咽喉科,宮古島市平良久貝６６９－１,0980-74-1187,稲村　達哉,稲村　達哉,耳鼻咽喉科,,平15. 2. 1,kyushu/r8_07_okinawa.zip
診療所,47,0610751,みやぎＭｓ．クリニック,宮古島市平良久貝１０６８－１５,0980-75-0722,宮城　博子,宮城　博子,婦,,平17. 2. 2,kyushu/r8_07_okinawa.zip
診療所,47,0610777,城辺中央クリニック,宮古島市城辺比嘉６２８－５,09807-7-4693,下地　晃,下地　晃,一般　内　小　外　整外　皮　産婦　眼　耳　リハ,,平4. 7. 1,kyushu/r8_07_okinawa.zip
診療所,47,0610793,ドクターゴン診療所,宮古島市上野宮国７４６－１７,0980-76-2788,医療法人鳥伝白川会　理事長　泰川　恵吾,越川　雅宏,内,,平13. 6. 1,kyushu/r8_07_okinawa.zip
診療所,47,0610819,くらはし整形外科クリニック,宮古島市平良西里７８２－１,0980-75-5550,倉橋　豊,倉橋　豊,整外　内　小　外　リハ　リウ,,平17. 10. 1,kyushu/r8_07_okinawa.zip
診療所,47,0610843,医療法人　たぶの木　うむやすみゃあす・ん診療所,宮古島市平良下里１４７７－４,0980-73-3854,医療法人　たぶの木　理事長　竹井　太,竹井　太,脳神経外科　神経内科　リハビリテーション科　内科　精神科　呼吸器外科　泌尿器科　消化器内科,,平19. 7. 1,kyushu/r8_07_okinawa.zip
診療所,47,0610850,池村内科医院,宮古島市平良東仲宗根１９４番地,0980-72-3500,医療法人　眞生会　理事長　池村　眞,池村　眞,内　循　呼　消　皮,,平19. 7. 1,kyushu/r8_07_okinawa.zip
病院,47,0610918,医療法人徳洲会　宮古島徳洲会病院,宮古島市平良松原５５２－１,09807-3-1100,医療法人徳洲会　理事長　東上　震一,兼城　隆雄,一般　内科　外科　心臓血管外科　整形外科　脳神経外科　皮膚科　泌尿器科　放射線科　リハビリテーション科　循環器内科,,平20. 7. 1,kyushu/r8_07_okinawa.zip
診療所,47,0610967,こうむら眼科,宮古島市平良久貝１０６４番１０ー１,0980-73-4123,医療法人一二三会こうむら眼科　理事長　幸村　百理男,幸村　百理男,眼科,,平22. 5. 1,kyushu/r8_07_okinawa.zip
診療所,47,0610983,レオクリニック,宮古島市平良字下里１５７８－８番地,0980-79-0923,伊志嶺　了,伊志嶺　了,耳い,,平25. 4. 1,kyushu/r8_07_okinawa.zip
診療所,47,0611023,医療法人わかば会　きしもと内科医院,宮古島市平良字下里１５５５番地１,0980-79-0501,医療法人わかば会　理事長　岸本　邦弘,岸本　邦弘,内科　消化器内科,,平27. 11. 1,kyushu/r8_07_okinawa.zip
診療所,47,0611049,こころのクリニックてぃんぬぱう,宮古島市平良下里１２４５－９正ビル１Ｆ,0980-74-3900,萩原　理恵子,萩原　理恵子,心内　精,,平29. 5. 1,kyushu/r8_07_okinawa.zip
診療所,47,0611056,下地診療所,宮古島市下地字上地６３４－１,0980-74-7878,医療法人下地診療所　理事長　打出　啓二,打出　啓二,内　外　リハ　整外　他,,平29. 5. 1,kyushu/r8_07_okinawa.zip
診療所,47,0611064,奥平産婦人科医院,宮古島市平良字下里１２５９－１,0980-72-3026,奥平　忠寛,奥平　忠寛,一般　産　婦,,平29. 7. 1,kyushu/r8_07_okinawa.zip
診療所,47,0611080,中村胃腸科内科,宮古島市平良字下里１２５９－１,0980-75-3232,中村　献,中村　献,内科　胃腸内科,,令元. 7. 8,kyushu/r8_07_okinawa.zip
診療所,47,0611122,高峰整形外科クリニック,宮古島市平良字久貝７８７番地１,0980-73-3300,高峰　文成,高峰　文成,整形外科,,令3. 8. 2,kyushu/r8_07_okinawa.zip
診療所,47,0611130,医療法人社団純英会　Ｈｉｒａｒａ生活習慣病クリニック,宮古島市平良字東仲宗根８６９番地４Ｌｉｖｅメディカルガーデン宮古島Ａ号室,0980-73-0020,医療法人社団純英会　理事長　石田　英則,木場　藤太,糖尿病内科　内科,,令3. 11. 1,kyushu/r8_07_okinawa.zip
診療所,47,0611148,みずの皮フ科平良院,宮古島市平良字東仲宗根８６９番地４Ｌｉｖｅメディカルガーデン宮古島　Ｃ号室,0980-73-1410,水野　万利子,水野　万利子,皮膚科　アレルギー科,,令4. 1. 5,kyushu/r8_07_okinawa.zip
病院,47,0611163,宮古島リハビリ温泉病院,宮古島市平良字東仲宗根添１８９８番地の７,0980-73-0800,医療法人左右会　理事長　橋口　渡,板倉　進,療養　内科　人工透析内科　消化器内科　リハビリテーション科　脳神経内科,216,令4. 5. 1,kyushu/r8_07_okinawa.zip
診療所,47,0611171,ひさまつクリニック,宮古島市平良久貝９８０－７,0980-79-9191,鈴木　全,鈴木　全,内科　外科,,令4. 7. 1,kyushu/r8_07_okinawa.zip
診療所,47,0611197,ひだまり診療所,宮古島市平良字東仲宗根７５７番地２８,0980-79-5457,ＮＰＯ法人ひだまり　理事長　勝連　聖史,宮城　雅也,小児科　内科　精神科,,令5. 2. 1,kyushu/r8_07_okinawa.zip
診療所,47,0611205,原皮フ科,宮古島市下地字上地４３０番地４,0980-76-3838,池田　千枝莉,池田　千枝莉,皮膚科　形成外科　美容皮膚科　美容外科,,令6. 5. 1,kyushu/r8_07_okinawa.zip
診療所,47,0611213,伊良部島中央クリニック,宮古島市伊良部字前里添６３９番地２,0980-79-7270,医療法人アカシア会　理事長　下地　晃,下地　陽一,内科　外科　婦人科　整形外科　皮膚科　耳鼻咽喉科,,令7. 12. 1,kyushu/r8_07_okinawa.zip
診療所,47,0611221,ドクターゴンてぃだ診療所,宮古島市平良字西仲宗根１４９６－１ＨＯＭＥ　ＭＥＤＩＣＡＬ　ＣＡＲＥ　ＢＡＳＥ添道３８５　１号棟,0980-79-5415,医療法人鳥伝白川会　理事長　泰川　恵吾,泰川　恵吾,内科　外科,,令8. 2. 1,kyushu/r8_07_okinawa.zip
診療所,47,0710304,沖縄県八重山保健所,石垣市真栄里４３８,,沖縄県知事,大西　真,内科,,昭58. 4. 12,kyushu/r8_07_okinawa.zip
診療所,47,0710320,宮良内科胃腸科医院,石垣市新川２７,,宮良　善雄,宮良　善雄,内　呼　消胃　循　小　リハ　放,,昭61. 11. 1,kyushu/r8_07_okinawa.zip
診療所,47,0710338,八重山クリニック,石垣市大川５７８－３７,,張　守和,張　守和,一般　産婦　内　小,,昭62. 7. 1,kyushu/r8_07_okinawa.zip
診療所,47,0710353,博愛医院,石垣市大川１７９－７,,石垣　吉春,石垣　吉春,内　胃　循　小　リハ,,平3. 5. 1,kyushu/r8_07_okinawa.zip
病院,47,0710395,かりゆし病院,石垣市新川２１２４,0980-83-5600,医療法人　上善会　理事長　境田　康二,境田　康二,一般　療養　内科　消化器内科　リハビリテーション科　循環器内科　呼吸器内科　神経内科　女性内科　皮膚科,,平10. 10. 1,kyushu/r8_07_okinawa.zip
診療所,47,0710494,やいま中央クリニック,石垣市平得１２０－３,09808-8-7711,城間　進次,城間　進次,内　消　循　呼　小　放　リハ,,平14. 9. 1,kyushu/r8_07_okinawa.zip
診療所,47,0710544,南西耳鼻咽喉科医院,石垣市真栄里９７－４,0980-83-0001,仲程　一博,仲程　一博,耳鼻咽喉科,,平16. 1. 1,kyushu/r8_07_okinawa.zip
診療所,47,0710577,下地第２脳神経外科,石垣市新川１６９５－１２３,0980-88-5150,医療法人　恵山会　理事長　下地　隆,口　実紀,一般　脳外　外　整外　リハ　内　小　皮　麻　放,,平17. 8. 1,kyushu/r8_07_okinawa.zip
診療所,47,0710593,てるや内科胃腸科,石垣市新川１２７－３,0980-88-1616,照屋　寛,照屋　寛,内　他,,平18. 11. 1,kyushu/r8_07_okinawa.zip
診療所,47,0710627,にいむら内科胃腸科クリニック,石垣市真栄里２４３－１,0980-83-7771,新村　政昇,新村　政昇,内　胃　小　皮　眼　整外,,平19. 12. 1,kyushu/r8_07_okinawa.zip
病院,47,0710650,医療法人徳洲会　石垣島徳洲会病院,石垣市大浜字南大浜４４６－１,0980-88-0123,医療法人徳洲会　理事長　東上　震一,小畑　慎也,一般　内科　人工透析内科　外科　乳腺外科　整形外科　泌尿器科　心臓血管外科　肛門外科　リハビリテーション科　放射線科　呼吸器内科　臨床検査科　救急科　皮膚科　消化器外科　循環器内科　脳神経外科,,平20. 7. 1,kyushu/r8_07_okinawa.zip
診療所,47,0710668,宮良眼科医院,石垣市大川１４０,,宮良　長治,宮良　長治,一般　眼科,,平21. 4. 1,kyushu/r8_07_okinawa.zip
診療所,47,0710718,ヒデ整形クリニック,石垣市字真栄里１０８番地３,0980-84-1155,医療法人がんじゅう会　理事長　坂元　秀行,坂元　秀行,整外　リハ,,平24. 10. 1,kyushu/r8_07_okinawa.zip
診療所,47,0710726,よなは医院,石垣市新川２２８７番地の３５,0980-83-4781,医療法人ゆいまーる　理事長　与那覇　朝樹,与那覇　朝樹,内　リウ　他　皮,,平24. 11. 1,kyushu/r8_07_okinawa.zip
診療所,47,0710734,よしもとこどもクリニック,石垣市字登野城１０２４番地１,0980-88-6688,医療法人エレジシ会　理事長　吉本　栄司,吉本　栄司,小　アレ,,平25. 5. 1,kyushu/r8_07_okinawa.zip
診療所,47,0710742,大浜診療所,石垣市字大浜３６番地,0980-87-5093,鈴木　光,鈴木　光,内　他,,平25. 10. 1,kyushu/r8_07_okinawa.zip
診療所,47,0710759,ひとし眼科,石垣市字真栄里１０８番地４,0980-88-5121,医療法人　総秀会　理事長　安谷　仁志,安谷　仁志,眼,,平25. 12. 3,kyushu/r8_07_okinawa.zip
診療所,47,0710775,やしのきクリニック,石垣市字大川５７９－５,0980-88-1184,松尾　和彦,松尾　和彦,心療内科　精神科　美容内科,,平26. 2. 1,kyushu/r8_07_okinawa.zip
診療所,47,0710783,愛島クリニック,石垣市真栄里１０８番地７　１Ｆ,0980-88-1212,医療法人　愛ランド　理事長　木村　久美子,木村　久美子,皮,,平26. 4. 4,kyushu/r8_07_okinawa.zip
診療所,47,0710791,とみやま耳鼻咽喉科,石垣市新川２４２７番地カメヤンコート１０１,0980-88-8741,医療法人　結　理事長　富山　健太,富山　健太,耳い　小,,平26. 6. 1,kyushu/r8_07_okinawa.zip
診療所,47,0710809,下地脳神経外科,石垣市字登野城６４４番地１９,0980-88-7300,医療法人　恵山会　理事長　下地　隆,下地　隆,脳神経外科　外科　整形外科　内科　リハビリテーション科　放射線科,,平27. 2. 1,kyushu/r8_07_okinawa.zip
診療所,47,0710825,くろしま整形外科,石垣市字登野城１０１６番地１,0980-83-4154,黒島　聡,黒島　聡,整形外科　リハビリテーション科,,平27. 9. 1,kyushu/r8_07_okinawa.zip
診療所,47,0710833,小田内科医院,石垣市登野城３１９番地２　メゾン３２　１－Ａ号室,0980-83-8001,小田　泰雄,小田　泰雄,内,,平30. 7. 1,kyushu/r8_07_okinawa.zip
診療所,47,0710866,まるの脳神経クリニック,石垣市新川１２１番地,0980-82-8800,丸野　元彦,丸野　元彦,脳神経外科　内科　放射線科　リハビリテーション科,,令3. 6. 10,kyushu/r8_07_okinawa.zip
診療所,47,0710882,医療法人社団悠翔会　とぅもーる診療所,石垣市大川７２８－１２,0980-87-7830,医療法人社団悠翔会　理事長　佐々木　淳,岡本　淳一,内　緩和ケア内科　精　皮　外,,令5. 6. 1,kyushu/r8_07_okinawa.zip
診療所,47,0710916,のびのび子育てくまさか医院,石垣市字登野城５４８番地４,050-1807-1014,熊坂　泰磨,熊坂　泰磨,小児科,,令6. 5. 1,kyushu/r8_07_okinawa.zip
診療所,47,0710924,医療法人南鷲会コーラルクリニック,石垣市浜崎町三丁目３番地９コーラルケアガーデン１階,0980-87-5698,医療法人南鷲会　理事長　鷲見　雄希,鷲見　雄希,整形外科　内科　リハビリテーション科,,令7. 7. 1,kyushu/r8_07_okinawa.zip
診療所,47,0710932,ぬちぐすい診療所,石垣市登野城６２３－６,0980-87-7931,医療法人仁結会　理事長　川﨑　恭兵,今村　昌幹,内科　皮膚科　小児科,,令8. 4. 1,kyushu/r8_07_okinawa.zip
診療所,47,0810138,浦添中央医院,浦添市安波茶１－２１－２７,,多々羅　靖弘,多々羅　靖弘,内　胃　小　外　整外　皮　ひ,,昭51. 7. 5,kyushu/r8_07_okinawa.zip
病院,47,0810153,医療法人博愛会　牧港中央病院,浦添市牧港１１９９,,医療法人博愛会　理事長　洲鎌　盛一,洲鎌　盛一,一般　療養　内科　循環器内科　心臓血管外科　人工透析内科　腎臓内科　消化器内科　外科　リハビリテーション科　麻酔科　呼吸器内科　血管外科,,昭52. 5. 1,kyushu/r8_07_okinawa.zip
診療所,47,0810203,末吉内科外科胃腸科医院,浦添市内間４－１－１８,,末吉　惟純,末吉　惟純,一般　消　外　整外　皮　こう　リハ　麻　内　ひ,,昭55. 9. 1,kyushu/r8_07_okinawa.zip
病院,47,0810211,嶺井第一病院,浦添市大平４６６,,医療法人大平会　理事長　嶺井　聡,石川　智司,一般　療養　脳神経外科　内科　神経内科　整形外科　リハビリテーション科　放射線科　漢方内科　泌尿器科　耳鼻咽喉科,,昭55. 11. 1,kyushu/r8_07_okinawa.zip
病院,47,0810609,医療法人八重瀬会　同仁病院,浦添市城間１丁目３７番１２号,,医療法人八重瀬会　理事長　山内　裕樹,山内　裕樹,一般　療養　内科　小児科　外科　整形外科　泌尿器科　皮膚科　歯科　歯科口腔外科　リハビリテーション科　麻酔科　形成外科　循環器内科　呼吸器内科　消化器内科　消化器外科　肛門外科　腎臓内科　放射線科　精神科　リウマチ科,100,平4. 5. 1,kyushu/r8_07_okinawa.zip
診療所,47,0810716,内科小児科なかざとクリニック,浦添市城間３－２－２,,仲里　弘,仲里　弘,内　呼　消　循　小　皮　リハ,,平6. 9. 1,kyushu/r8_07_okinawa.zip
診療所,47,0810740,かりまた内科医院,浦添市内間４－２３－２１,,医療法人　太陽会　理事長　狩俣　陽一,狩俣　洋介,療養　介護　内　呼　胃　循　小　リハ　放　アレ　リウ,,平8. 4. 1,kyushu/r8_07_okinawa.zip
診療所,47,0810757,なかそね内科・循環器科,浦添市内間４－１－２,,医療法人心愛会　理事長　仲宗根　豊,仲宗根　豊,内　呼　消　循,,平8. 5. 1,kyushu/r8_07_okinawa.zip
病院,47,0810781,平安病院,浦添市経塚３４６,,社会医療法人へいあん　理事長　平安　明,大田　裕一,精神　療養　精神科　心療内科　内科　小児科,309,平9. 1. 1,kyushu/r8_07_okinawa.zip
診療所,47,0810823,浦添協同クリニック,浦添市宮城３－１－５サンハイツＮ２０１,098-870-8060,沖縄医療生活協同組合　代表理事　上原　昌義,嘉数　健二,内　小　循,,平10. 10. 1,kyushu/r8_07_okinawa.zip
病院,47,0810849,嶺井第二病院まちなと,浦添市牧港三丁目１番１０号,098-874-0100,医療法人大平会　理事長　嶺井　聡,澤岻　安教,療養　内　リハ　他,168,平11. 5. 1,kyushu/r8_07_okinawa.zip
診療所,47,0810914,池村クリニック,浦添市伊祖３－１３－８,098-879-5762,池村　剛,池村　剛,外　胃　こう　内,,平12. 2. 1,kyushu/r8_07_okinawa.zip
診療所,47,0810963,医療法人清心会　徳山クリニック,浦添市牧港２丁目４６番１２号,098-942-1001,医療法人　清心会　理事長　德山　清之,德山　清之,内　循　リウ,,平12. 12. 1,kyushu/r8_07_okinawa.zip
診療所,47,0810971,医療法人菜の花会　佐久田脳神経外科・外科,浦添市牧港２－４６－１２,098-870-7677,医療法人　菜の花会　理事長　佐久田　治,佐久田　治,脳外　外　内　リハ　放,,平12. 12. 1,kyushu/r8_07_okinawa.zip
診療所,47,0811029,みゆき小児科,浦添市前田三丁目３番８－１０３号,098-878-5828,医療法人　しおり会　理事長　山川　美由紀,山川　美由紀,小,,平13. 1. 1,kyushu/r8_07_okinawa.zip
診療所,47,0811086,ロクト整形外科クリニック,浦添市牧港２－４６－１２－２０２,098-878-6910,医療法人六人会　理事長　渡邊　丞,城田　真一,整外　リハ,,平13. 6. 1,kyushu/r8_07_okinawa.zip
診療所,47,0811094,とぐち耳鼻咽喉科,浦添市牧港４－２－１８,098-873-3387,医療法人　明仁会　理事長　渡口　明,渡口　明,耳い,,平13. 12. 1,kyushu/r8_07_okinawa.zip
診療所,47,0811102,みどり耳鼻咽喉科,浦添市宮城４－２－１,098-874-7070,医療法人　青葉会　理事長　辺土名　仁,辺土名　仁,耳い,,平13. 12. 1,kyushu/r8_07_okinawa.zip
診療所,47,0811136,徳山内科医院,浦添市大平１－１－１１,098-875-8700,徳山　清公,徳山　清公,内科　リウマチ科,,平14. 11. 1,kyushu/r8_07_okinawa.zip
診療所,47,0811144,浦添セレブクリニック胃腸科・内科,浦添市城間２－７－１－１０１号,098-871-0123,安谷屋　智,安谷屋　智,内科　胃腸科,,平14. 11. 1,kyushu/r8_07_okinawa.zip
診療所,47,0811151,浦西医院,浦添市当山２丁目９番３号,098-878-7070,医療法人　清成会　理事長　仲間　清太郎,仲間　清太郎,内科　小児科　皮膚科　外科,,平14. 12. 1,kyushu/r8_07_okinawa.zip
診療所,47,0811169,かじまやークリニック,浦添市前田９９７番地,098-871-0818,医療法人　五色会　理事長　金城　聡彦,金城　聡彦,内,,平15. 5. 12,kyushu/r8_07_okinawa.zip
診療所,47,0811185,ティーダこどもクリニック,浦添市城間４－３－１０－１,098-873-2020,健山　幸子,健山　幸子,小児科　内科　心療内科　アレルギー科　整形外科　皮膚科,,平15. 11. 1,kyushu/r8_07_okinawa.zip
診療所,47,0811227,山本クリニック,浦添市伊祖２－３０－７－１０１号室,098-879-3303,山本　和儀,山本　和儀,精　神　心内,,平16. 11. 1,kyushu/r8_07_okinawa.zip
診療所,47,0811243,げんか耳鼻咽喉科,浦添市伊祖２－３－１－２０１号,098-876-9500,医療法人　尊和会　理事長　又吉　宣,又吉　宣,耳鼻咽喉科　気管食道科　小児科,,平17. 4. 1,kyushu/r8_07_okinawa.zip
診療所,47,0811268,下地内科,浦添市宮城４－２－１,098-874-7007,医療法人　青天会　理事長　下地　克佳,下地　克佳,内　呼　アレ,,平17. 4. 1,kyushu/r8_07_okinawa.zip
診療所,47,0811284,社会医療法人仁愛会　浦添総合病院健診センター,浦添市伊祖３－４２－１５,098-876-8582,社会医療法人仁愛会　理事長　銘苅　晋,福本　泰三,内　婦　歯,,平17. 8. 1,kyushu/r8_07_okinawa.zip
診療所,47,0811292,かみやま皮フ科,浦添市牧港４丁目２番１８号　２Ｆ,098-878-4112,医療法人　緑山会　理事長　神山　琢郎,神山　琢郎,皮,,平17. 10. 1,kyushu/r8_07_okinawa.zip
診療所,47,0811300,あかみねクリニック,浦添市沢岻二丁目１番１号,098-873-0071,赤嶺　弘,赤嶺　弘,内　胃　消　小　皮,,平17. 11. 1,kyushu/r8_07_okinawa.zip
診療所,47,0811318,医療法人豊誠会　牧港クリニック,浦添市牧港４－２４－７,098-871-1500,医療法人　豊誠会　理事長　平良　豊,平良　豊,一般　麻酔科　整形外科　ペインクリニック内科　リハビリテーション科,,平18. 1. 1,kyushu/r8_07_okinawa.zip
病院,47,0811326,沖縄療育園,浦添市経塚７１４番地,,社会福祉法人　沖縄県社会福祉事業団　理事長　金城　敏彦,平安山　英盛,一般　内　小　整外,100,平18. 4. 1,kyushu/r8_07_okinawa.zip
診療所,47,0811342,みやざと内科クリニック,浦添市宮城二丁目１７番１号,098-875-7000,宮里　昌,宮里　昌,内　呼　消　循　アレ　リウ,,平19. 4. 1,kyushu/r8_07_okinawa.zip
診療所,47,0811359,ちねん眼科,浦添市前田一丁目１２番７号,098-875-1010,医療法人　南座の会　理事長　知念　靖,知念　靖,眼,,平19. 5. 1,kyushu/r8_07_okinawa.zip
診療所,47,0811375,バークレー内科,浦添市当山二丁目２番１１号バークレーメディカルセンター３０１号,098-875-0890,山城　健義,山城　健義,内　呼　消　循　小　外　整外　皮,,平19. 7. 1,kyushu/r8_07_okinawa.zip
診療所,47,0811391,バークレー整形外科スポーツクリニック,浦添市当山二丁目２番１１－２０１号,098-879-8666,医療法人　泰整会　理事長　新城　宏隆,新城　宏隆,整外　外　内　リハ,,平19. 7. 1,kyushu/r8_07_okinawa.zip
診療所,47,0811409,ぐるんぱ小児科,浦添市当山２－２－１１　４Ｆ,098-871-1737,男澤　拡,男澤　拡,小　内　産,,平20. 1. 1,kyushu/r8_07_okinawa.zip
診療所,47,0811425,みやぎ内科循環器科ファミリークリニック,浦添市伊祖２丁目３番地６号－１,098-871-3088,宮城　淳,宮城　淳,内科　小児科　皮膚科　循環器内科　消化器内科　呼吸器内科,,平21. 7. 1,kyushu/r8_07_okinawa.zip
診療所,47,0811441,ひがハートクリニック,浦添市港川二丁目２３番２号,098-875-4810,比嘉　耕一,比嘉　耕一,内科　循環器内科,,平21. 10. 1,kyushu/r8_07_okinawa.zip
診療所,47,0811466,稲福内科医院,浦添市経塚６３３番地メディカルＫプラザ１Ｆ,098-988-4556,稲福　徹也,稲福　徹也,内科　神経内科　整形外科　皮膚科　小児科,,平21. 11. 1,kyushu/r8_07_okinawa.zip
診療所,47,0811482,かもめクリニック,浦添市字経塚６３３番地メディカルＫプラザ３階,098-988-0326,社会医療法人へいあん　理事長　平安　明,古田　由紀子,精神科　内科　心療内科,,平21. 11. 1,kyushu/r8_07_okinawa.zip
診療所,47,0811516,向井わらびークリニック,浦添市字経塚６３３番地　メディカルＫプラザ４Ｆ,098-894-3646,向井　修一,向井　修一,小児科　内科　皮膚科,,平22. 4. 1,kyushu/r8_07_okinawa.zip
診療所,47,0811532,バークレーレディースクリニック,浦添市当山２－２－１１バークレーズメディカルモール５Ｆ,098-873-1135,医療法人バークレーレディースクリニック　理事長　砂川　綾子,砂川　綾子,一般　産　婦,,平22. 7. 1,kyushu/r8_07_okinawa.zip
診療所,47,0811557,高宮城皮フ科,浦添市経塚６７６－１　１０１号,098-873-1700,高宮城　敦,高宮城　敦,皮　アレ,,平24. 1. 4,kyushu/r8_07_okinawa.zip
診療所,47,0811573,バークレーいむろ心のクリニック,浦添市当山２丁目２番１１号バークレーズメディカルモール３階,098-877-7700,伊室　伸哉,伊室　伸哉,心内　精,,平24. 5. 1,kyushu/r8_07_okinawa.zip
診療所,47,0811599,しみず胃腸内科２１,浦添市宮城６丁目１番１５号浦添メディカルプラザ３Ｆ,098-879-0021,医療法人　優慎会　理事長　清水　健,清水　健,内　他,,平24. 8. 29,kyushu/r8_07_okinawa.zip
診療所,47,0811615,砂辺　腎・泌尿器科,浦添市伊祖２丁目２番５号,098-943-7773,砂邊　毅,砂邊　毅,ひ　内,,平24. 11. 1,kyushu/r8_07_okinawa.zip
診療所,47,0811656,大田クリニック,浦添市字経塚７４５番地７経塚駅前医療モール　２階,098-871-1234,大田　郁也,大田　郁也,心内　精,,平25. 11. 1,kyushu/r8_07_okinawa.zip
診療所,47,0811664,Ｎａｏｋｏ女性クリニック,浦添市字経塚７４５番地７経塚駅前医療モール２Ｆ,098-988-9811,髙宮城　直子,髙宮城　直子,婦　他,,平26. 4. 1,kyushu/r8_07_okinawa.zip
診療所,47,0811672,てぃーら整形外科,浦添市屋富祖３丁目３４番２号メディカルプラザたろう２Ｆ,098-874-7766,照屋　徹,照屋　徹,整外　リハ　ペインクリニック整形外科,,平26. 6. 1,kyushu/r8_07_okinawa.zip
診療所,47,0811680,なしろハルンクリニック,浦添市屋富祖三丁目３４番２号メディカルプラザたろう３Ｆ,098-877-7777,名城　文雄,名城　文雄,ひ　皮　内,,平26. 6. 1,kyushu/r8_07_okinawa.zip
診療所,47,0811698,マンマ家クリニック,浦添市字経塚６３３番地　メディカルＫプラザ２階,098-988-4141,医療法人　幸正会　理事長　　久髙　学,久髙　学,外　他,,平26. 5. 1,kyushu/r8_07_okinawa.zip
診療所,47,0811706,医療法人ガレンの会　浦添さかい眼科,浦添市宮城六丁目１番２１号　２階,098-988-1376,医療法人　ガレンの会　理事長　酒井　美也子,酒井　寛,眼,,平26. 5. 1,kyushu/r8_07_okinawa.zip
診療所,47,0811789,さくだ内科クリニック,浦添市字経塚５８５番地１,098-878-2500,医療法人　功仁会　理事長　佐久田　朝功,佐久田　朝功,内科　リウマチ科　糖尿病内科　腎臓内科　人工透析内科,,平27. 11. 1,kyushu/r8_07_okinawa.zip
診療所,47,0811805,南斗クリニック,浦添市城間３丁目３番７号,098-988-3208,細田　哲章,細田　哲章,心療内科　精神科　内科,,平28. 1. 1,kyushu/r8_07_okinawa.zip
診療所,47,0811813,まちなと小児クリニック,浦添市牧港２丁目４６番１２号　メディカルプラザ牧港４階,098-942-1110,医療法人すこやか会　理事長　新垣　義清,新垣　義清,小児科　小児アレルギー科,,平28. 1. 1,kyushu/r8_07_okinawa.zip
診療所,47,0811821,キンザー前クリニック,浦添市宮城１丁目２９番１号１階,098-963-9010,医療法人　太平会　理事長　島尻　佳典,島尻　佳典,内　他,,平29. 6. 1,kyushu/r8_07_okinawa.zip
診療所,47,0811839,比嘉眼科,浦添市城間４－３４－２０,098-876-2515,医療法人こうぶん会　理事長　比嘉　明,比嘉　明,一般　眼,,平30. 10. 1,kyushu/r8_07_okinawa.zip
診療所,47,0812027,具志堅循環器・内科,浦添市字前田１１５２番地１,098-875-0007,医療法人道心会　理事長　具志堅　政道,具志堅　政道,内科　循環器内科,,平28. 3. 1,kyushu/r8_07_okinawa.zip
診療所,47,0812035,たつや整形外科,浦添市宮城６－１－１５浦添メディカルプラザ２Ｆ,098-878-2525,医療法人　たつや　理事長　仲宗根　竜也,仲宗根　竜也,整形外科　リハビリテーション科,,平28. 5. 1,kyushu/r8_07_okinawa.zip
診療所,47,0812043,城間クリニック,浦添市前田５６４－１,098-878-8213,城間　清剛,城間　清剛,心内　精　内　神内,,平28. 9. 23,kyushu/r8_07_okinawa.zip
診療所,47,0812068,みやざと整形クリニック経塚駅前,浦添市経塚７４５－７,098-879-8800,医療法人光輝会　理事長　宮里　聡,宮里　聡,整外　リハ　他,,平28. 11. 1,kyushu/r8_07_okinawa.zip
診療所,47,0812076,宮良クリニック,浦添市伊祖２丁目３番１号サンチャイルドめぐみ２　２０２号,098-878-3311,医療法人　月桃会　理事長　宮良　球一郎,宮良　美代子,乳腺外科　外科　婦人科,,平28. 12. 1,kyushu/r8_07_okinawa.zip
診療所,47,0812084,医療法人　八重瀬会　浦添医院,浦添市大平３－１６－１０　南棟１、２階,098-878-7381,医療法人　八重瀬会　理事長　山内　裕樹,戸澤　好美,内　外　整外,,平31. 3. 1,kyushu/r8_07_okinawa.zip
診療所,47,0812100,うみそら眼科,浦添市西洲三丁目１番１号サンエーパルコ浦添西海岸ＰＡＲＣＯ　ＣＩＴＹ３階,098-917-5848,医療法人社団くろしお会　理事長　室谷　英治,井上　亮,眼科,,令元. 12. 1,kyushu/r8_07_okinawa.zip
診療所,47,0812118,耳鼻咽喉科　頭頸部外科　さきはまクリニック,浦添市字経塚５８５番地１　２階,098-873-3300,医療法人　なおり会　理事長　崎浜　敎之,崎浜　敎之,耳鼻咽喉科　頭頸部外科,,令2. 5. 1,kyushu/r8_07_okinawa.zip
診療所,47,0812142,発達相談クリニックそえ～る,浦添市牧港４丁目５番１０号浦添市障がい福祉関連複合施設４階,098-942-7700,社会医療法人へいあん　理事長　平安　明,勝連　啓介,精神科　小児科,,令3. 6. 1,kyushu/r8_07_okinawa.zip
診療所,47,0812167,浦添伊祖皮膚科,浦添市伊祖二丁目１番３号　３Ｆ,098-875-1177,園崎　哲,園崎　哲,皮膚科,,令3. 9. 15,kyushu/r8_07_okinawa.zip
診療所,47,0812191,幸喜内科　糖尿病・甲状腺クリニック,浦添市前田二丁目１５１７番,098-878-8822,幸喜　毅,幸喜　毅,内科　糖尿病内科　内分泌内科　代謝内科　脂質代謝内科　小児科,,令4. 6. 1,kyushu/r8_07_okinawa.zip
診療所,47,0812209,アイビーホームケアクリニック,浦添市西原６－３０－１０アイビーテラス浦西Ｂ０３,098-917-1110,医療法人アイビー　理事長　国仲　慎治,国仲　慎治,内科,,令4. 11. 1,kyushu/r8_07_okinawa.zip
診療所,47,0812217,にじいろ眼科,浦添市字経塚７８６番地　経塚クリニックビル　２階、３階,098-943-8433,新垣　孝一郎,新垣　孝一郎,眼,,令5. 5. 10,kyushu/r8_07_okinawa.zip
診療所,47,0812233,乳腺・甲状腺クリニック　うらそえ,浦添市大平一丁目１１番５号,098-917-1101,医療法人　琉藍会　理事長　上原　哲夫,宮国　孝男,一般　外科　乳腺外科　婦人科,,令5. 7. 1,kyushu/r8_07_okinawa.zip
診療所,47,0812241,医療法人　蒼海の会　まえだクリニック,浦添市前田１丁目４８番１号コーポ石川　２Ｆ,098-917-5542,医療法人　蒼海の会　理事長　今山　裕康,今山　裕康,精　心内　内　外,,令5. 7. 1,kyushu/r8_07_okinawa.zip
診療所,47,0812258,ひびき内科クリニック,浦添市字経塚７８６番地経塚クリニックビル１階　１０１号室,098-943-2666,石川　貴代,石川　貴代,内　呼吸器内科,,令5. 8. 1,kyushu/r8_07_okinawa.zip
診療所,47,0812266,名嘉村クリニック,浦添市伊祖３丁目８番１５号,098-870-6600,医療法人ＨＳＲ　理事長　名嘉村　博,名嘉村　敬,一般　内科　呼吸器内科　循環器内科　精神科　消化器内科　小児科　リハビリテーション科　アレルギー科　呼吸器外科,,令5. 12. 1,kyushu/r8_07_okinawa.zip
病院,47,0812274,社会医療法人仁愛会　浦添総合病院,浦添市前田１丁目５６番１号,,社会医療法人仁愛会　理事長　銘苅　晋,伊志嶺　朝成,一般　内科　腎臓内科　呼吸器内科　外科　乳腺外科　食道外科　整形外科　眼科　耳鼻咽喉科　脳神経外科　麻酔科　放射線科　形成外科　アレルギー科　リハビリテーション科　歯科　歯科口腔外科　心臓血管外科　呼吸器外科　神経内科　病理診断科　循環器内科　消化器内科　消化器外科　肛門外科　救急科　腎・泌尿器科,334,令5. 12. 1,kyushu/r8_07_okinawa.zip
診療所,47,0812290,てだこ浦西駅　循環器・糖尿病クリニック,浦添市西原６－１２－９Ｅｓａｎ　Ｔｅｒｒａｃｅ　浦西２Ｆ,098-988-0158,一般社団法人健康医科学プロジェクト　代表理事　髙橋　有佳子,福地　万里,糖尿病内科　循環器内科　腎臓内科,,令6. 7. 1,kyushu/r8_07_okinawa.zip
診療所,47,0812308,ありんクリニック小児科,浦添市伊祖二丁目１番３号メディカルプレイス伊祖４階,098-874-2020,医療法人　愛凛会　理事長　松田　竹広,松田　竹広,小児科,,令6. 5. 1,kyushu/r8_07_okinawa.zip
診療所,47,0812316,にぬふぁぶし診療所,浦添市牧港一丁目１０番１号,098-875-8888,医療法人　博愛会　理事長　洲鎌　盛一,大濵　篤,内科　老年内科　呼吸器内科　循環器内科,,令6. 5. 1,kyushu/r8_07_okinawa.zip
診療所,47,0812332,てらすクリニック,浦添市西原二丁目１０番７号２階,098-894-5955,後藤　大智,後藤　大智,内科　精神科,,令6. 12. 1,kyushu/r8_07_okinawa.zip
診療所,47,0812340,てだこ駅前クリニック,浦添市前田３丁目１３番２８号メディカルスクエアてだこ浦西　４階,098-963-4870,一般社団法人伊平屋会　代表理事　小原　正也,小原　正也,内科　腎臓内科　人工透析内科　糖尿病内科　内分泌内科,,令7. 6. 1,kyushu/r8_07_okinawa.zip
診療所,47,0812357,てだこ整形外科,浦添市前田３丁目１３番２８号メディカルスクエアてだこ浦西３Ｆ,098-851-3381,前原　博樹,前原　博樹,整形外科　リハビリテーション科,,令7. 6. 1,kyushu/r8_07_okinawa.zip
診療所,47,0812365,さむら脳神経外科クリニック,浦添市前田三丁目１３番２８号メディカルスクエアてだこ浦西２階,098-963-7699,医療法人さむら　理事長　佐村　博史,佐村　博史,脳神経外科　内科　小児科　整形外科　精神科　心療内科,,令7. 4. 1,kyushu/r8_07_okinawa.zip
診療所,47,0812373,ＴＯＮＡＲＩ　ＣＬＩＮＩＣ,浦添市西原２－４－１　Ｐ’ｓＳＱＵＡＲＥ２０３,098-975-5112,木村　典世,木村　典世,内科　消化器内科　内視鏡内科,,令7. 9. 1,kyushu/r8_07_okinawa.zip
診療所,47,0812381,ほりかわ皮膚科・美容皮膚科クリニック　浦添てだこ浦西駅前,浦添市前田３丁目１３－２８メディカルスクエアてだこ浦西　３階,098-988-0570,堀川　知久,堀川　知久,皮膚科,,令8. 5. 1,kyushu/r8_07_okinawa.zip
診療所,47,0812399,美ら島クリニック,浦添市字経塚２１１番地２,050-3669-8434,医療法人蒼樹会　理事長　小暮　泰大,小暮　泰大,内科　疼痛緩和内科　ペインクリニック内科　麻酔科　精神科　老年精神科　皮膚科,,令8. 1. 1,kyushu/r8_07_okinawa.zip
診療所,47,0812407,サンパーク胃腸内科クリニック,浦添市伊祖二丁目１番３号メディカルプレイス伊祖５Ｆ,098-878-3511,医療法人綾白会　理事長　山城　惟欣,山城　惟欣,内科　胃腸内科　消化器内科,,令8. 1. 1,kyushu/r8_07_okinawa.zip
病院,47,0910276,社会福祉法人五和会　名護療育医療センター,名護市宇茂佐１７６５,,社会福祉法人五和会　理事長　平安　京美,平安　京美,一般　内　精　神　小　外　整外　リハ,,昭57. 4. 1,kyushu/r8_07_okinawa.zip
診療所,47,0910391,名嘉眞皮膚科,名護市大東１－１０－１３,,名嘉眞　武司,名嘉眞　武司,皮,,昭62. 4. 1,kyushu/r8_07_okinawa.zip
診療所,47,0910417,医療法人運天産婦人科医院,名護市大中３－１－５,,医療法人運天産婦人科医院　理事長　運天　啓一,運天　啓一,産　婦　内　小,,昭62. 10. 20,kyushu/r8_07_okinawa.zip
病院,47,0910508,公益社団法人　北部地区医師会　北部地区医師会病院,名護市宇茂佐１７１２－３,0980-54-1111,公益社団法人　北部地区医師会　会長　石川　清和,諸喜田　林,一般　内科　外科　消化器外科　整形外科　リハビリテーション科　放射線科　麻酔科　皮膚科　病理診断科　リウマチ科　心臓血管外科　循環器内科　救急科　形成外科　内分泌内科　糖尿病内科　呼吸器外科,236,平3. 2. 19,kyushu/r8_07_okinawa.zip
診療所,47,0910524,平安山医院,名護市宇茂佐１７０２－１,,医療法人道芝の会　理事長　平安山　英機,平安山　英機,一般　内　小,,平3. 11. 1,kyushu/r8_07_okinawa.zip
病院,47,0910532,勝山病院,名護市屋部４６８－１,0980-53-7777,医療法人琉心会　理事長　比嘉　敏夫,比嘉　敏夫,療養　内科　リハビリテーション科　整形外科　リウマチ科,154,平3. 12. 1,kyushu/r8_07_okinawa.zip
病院,47,0910565,医療法人タピック　宮里病院,名護市宇茂佐１７６３－２,,医療法人タピック　理事長　宮里　好一,川崎　俊彦,精神　療養　内　精　神内　リハ　脳外　皮　整外,167,平5. 2. 1,kyushu/r8_07_okinawa.zip
診療所,47,0910607,沖縄県北部保健所,名護市大中２－１３－１,,沖縄県知事,木村　太一,内,,平6. 5. 16,kyushu/r8_07_okinawa.zip
診療所,47,0910698,中央外科クリニック,名護市城１－１－１２,,医療法人　結護会　理事長　名嘉眞　透,名嘉眞　透,外科　内科　胃腸科　整形外科　リハビリテーション科,,平10. 4. 1,kyushu/r8_07_okinawa.zip
診療所,47,0910722,伊差川整形外科,名護市伊差川３０９－１,,医療法人　幸寿会　理事長　小禄　尚,小禄　尚,整外　リハ,,平10. 6. 1,kyushu/r8_07_okinawa.zip
診療所,47,0910763,なかち泌尿器科クリニック,名護市大中５－４－５０,0980-53-3335,仲地　研吾,仲地　研吾,ひ　皮　外　内　整外　リハ　小　性　リウ,,平11. 2. 1,kyushu/r8_07_okinawa.zip
診療所,47,0910821,さくら眼科,名護市伊差川３１０－１,0980-54-5100,医療法人　紫友会　理事長　友寄　一,友寄　一,眼,,平12. 6. 1,kyushu/r8_07_okinawa.zip
診療所,47,0910854,崎山クリニック,名護市大北４－２６－１０－１,0980-54-3776,崎山　邦雄,崎山　邦雄,内,,平13. 6. 1,kyushu/r8_07_okinawa.zip
診療所,47,0911019,北部山里クリニック,名護市大南２－１２－２６,0980-52-1119,医療法人　將山会　理事長　山里　將浩,西銘　圭蔵,内　小　外　心内　他,,平16. 12. 1,kyushu/r8_07_okinawa.zip
診療所,47,0911027,北部皮フ科クリニック,名護市大北３－９－７,0980-54-4912,医療法人　恒心会　理事長　宮城　恒雄,宮城　恒雄,皮膚科　小児科,,平17. 6. 1,kyushu/r8_07_okinawa.zip
診療所,47,0911035,メンタルクリニックやんばる,名護市宇茂佐の森一丁目２番地９,0980-52-4556,医療法人博寿会　理事長　江口　航生,古謝　淳,精　心内,,平18. 1. 5,kyushu/r8_07_okinawa.zip
診療所,47,0911043,名護皮ふ科,名護市大北一丁目２番３４号,0980-50-9480,医療法人　千鶴会　理事長　金城　浩邦,金城　浩邦,皮,,平18. 4. 1,kyushu/r8_07_okinawa.zip
診療所,47,0911050,公益社団法人北部地区医師会　ちゅら海クリニック,名護市宇茂佐１７１０－２５,0980-51-1414,公益社団法人北部地区医師会　会長　上地　博之,鈴木　透理,内科　腎臓内科（人工透析）　漢方内科　心療内科　精神科,,平18. 4. 1,kyushu/r8_07_okinawa.zip
診療所,47,0911068,ゆうクリニック,名護市宇茂佐の森一丁目１番地５,0980-54-8010,医療法人賢信会　理事長　上原　忠司,上原　忠司,内　外　小,,平18. 6. 1,kyushu/r8_07_okinawa.zip
診療所,47,0911084,医療法人　樫の会　新垣耳鼻咽喉科,名護市宮里４５３－７大宮総合開発ビル４階,,医療法人　樫の会　理事長　新垣　義孝,新垣　義孝,耳い,,平19. 5. 1,kyushu/r8_07_okinawa.zip
診療所,47,0911092,辻眼科,名護市宮里一丁目２６番１１号,,医療法人　辻眼科　理事長　辻　健一,辻　健一,眼,,平19. 5. 1,kyushu/r8_07_okinawa.zip
診療所,47,0911100,かじまやリゾートクリニック,名護市宮里５１８番地２,0980-51-1197,鍛　司,鍛　司,内　婦　小　外　リハ,,平19. 7. 1,kyushu/r8_07_okinawa.zip
診療所,47,0911118,大北内科胃腸科クリニック,名護市大北３丁目１番４８号,0980-53-5455,医療法人　一宜会　理事長　上地　博之,上地　博之,内　胃　リハ,,平19. 8. 1,kyushu/r8_07_okinawa.zip
診療所,47,0911126,大宮医院,名護市宮里３－１－２０,0980-53-4116,知念　元恵,知念　元恵,小児科　内科　外科　肛門科　呼吸器科,,平21. 1. 1,kyushu/r8_07_okinawa.zip
診療所,47,0911134,スポーク・クリニック,名護市屋部１１７番地,0980-52-7775,名護市長,大嶺　啓,整外　内　リハ　精,,平21. 5. 1,kyushu/r8_07_okinawa.zip
診療所,47,0911142,どい脳神経外科,名護市宇茂佐１７４６－６,0980-54-2828,医療法人　錦秋会　理事長　土井　亮,土井　亮,脳神経外科　外科　整形外科　内科　リハビリテーション科　放射線科,,平21. 7. 1,kyushu/r8_07_okinawa.zip
診療所,47,0911175,大兼久医院,名護市城一丁目１番１３号,0980-53-1297,奥濱　真輔,奥濱　真輔,内科,,平22. 4. 1,kyushu/r8_07_okinawa.zip
診療所,47,0911191,たいようのクリニック,名護市大西３丁目１５番１号,0980-54-0700,医療法人　たいようのクリニック　理事長　宮平　健,宮平　健,内　リウ　他,,平22. 11. 1,kyushu/r8_07_okinawa.zip
診療所,47,0911217,やんばる協同クリニック,名護市大北５丁目３－２,0980-52-1001,沖縄医療生活協同組合　理事長　上原　昌義,島津　光邦,内,,平23. 4. 1,kyushu/r8_07_okinawa.zip
診療所,47,0911266,医療法人　桜風会　おおにし医院,名護市城２丁目１０番１６号,0980-43-0200,医療法人　桜風会　理事長　大西　弘之,大西　弘之,内　他,,平25. 12. 2,kyushu/r8_07_okinawa.zip
診療所,47,0911274,名護市屋我地診療所,名護市饒平名４６０番地の１,0980-52-8887,名護市長,小野寺　隆,内　小,,平26. 1. 1,kyushu/r8_07_okinawa.zip
診療所,47,0911316,たいら内科クリニック,名護市宮里６丁目８番７号,0980-53-0033,平良　直也,平良　直也,内科　血液内科,,平28. 5. 1,kyushu/r8_07_okinawa.zip
診療所,47,0911340,みみ・はな・のど　ゆいクリニック,名護市大北５－２２－２５,0980-51-1187,医療法人社団　和奈会　理事長　金沢　景保,金沢　景保,耳鼻咽喉科　小児科　内科,,平28. 5. 1,kyushu/r8_07_okinawa.zip
診療所,47,0911357,社会福祉法人　五和会　名護療育医療センター附属　育ちのクリニック,名護市大東二丁目２３番３０号,0980-53-3366,社会福祉法人　五和会　理事長　岸本　定政,中村　恭子,小　内　皮　他　精,,平28. 11. 1,kyushu/r8_07_okinawa.zip
診療所,47,0911373,ちはる眼科,名護市宮里６丁目８番７号,0980-43-5513,医療法人社団千時　理事長　上門　千時,上門　千時,眼,,平29. 11. 1,kyushu/r8_07_okinawa.zip
診療所,47,0911381,北部形成・外科診療所,名護市大南２丁目１３－８,0980-53-7008,佐次田　保徳,佐次田　保徳,形外　外　皮,,平30. 4. 1,kyushu/r8_07_okinawa.zip
診療所,47,0911399,名護市久志診療所,名護市字三原６４番地７,0980-55-8886,名護市　名護市長　渡具知　武豊,玉城　哲,内　循環器内科　整外,,平31. 4. 1,kyushu/r8_07_okinawa.zip
診療所,47,0911407,うりずん診療所,名護市字為又６９番地,0980-54-6633,医療法人うりずん診療所　理事長　比嘉　良博,比嘉　良博,整形外科　リハビリテーション科　小児科　内科　皮膚科　リウマチ科,,令元. 5. 1,kyushu/r8_07_okinawa.zip
診療所,47,0911415,あしとみ泌尿器科クリニック,名護市宮里５－１０－１７,0980-52-2222,安次富　勝博,安次富　勝博,泌尿器科,,令元. 7. 1,kyushu/r8_07_okinawa.zip
診療所,47,0911423,社会福祉法人名護学院　クリニック和睦,名護市大東１丁目１５－６,0980-43-0418,社会福祉法人名護学院　理事長　上間　紀彦,渡嘉敷　史郎,心療内科　精神科　内科　小児科,,令元. 8. 1,kyushu/r8_07_okinawa.zip
診療所,47,0911431,あき内科クリニック,名護市字宇茂佐９１９番地７　センタービル１Ｆ,0980-45-0088,医療法人　亜紀　理事長　平野　亜紀,平野　亜紀,内科　リウマチ科　腎臓内科,,令3. 6. 1,kyushu/r8_07_okinawa.zip
診療所,47,0911449,なんくる内科,名護市字真喜屋３１１番地,0980-43-6934,新里　讓,新里　讓,内科　循環器内科,,令5. 1. 5,kyushu/r8_07_okinawa.zip
診療所,47,0911456,儀保小児科内科医院,名護市大西２丁目４－３２,0980-53-4833,儀保　翼,儀保　翼,小　内,,令5. 11. 1,kyushu/r8_07_okinawa.zip
診療所,47,0911464,なごこころのクリニック,名護市大東２丁目２２－６,0980-43-1515,江尻　和子,江尻　和子,精　心療内科,,令5. 12. 1,kyushu/r8_07_okinawa.zip
診療所,47,0911472,みちこ女性クリニック,名護市字田井等７７４番地,0980-43-8770,和田　美智子,和田　美智子,婦人科　産婦人科　女性内科,,令6. 6. 1,kyushu/r8_07_okinawa.zip
診療所,47,0911480,医療法人美ら海ハシイ産婦人科,名護市字為又１２２０番２９１,0980-54-4188,医療法人美ら海ハシイ産婦人科　理事長　橋井　康二,森實　真由美,一般　一般　産婦人科,19,令7. 12. 27,kyushu/r8_07_okinawa.zip
診療所,47,0911498,アフィニティクリニック,名護市大北１－５－１１,0980-54-6200,森下　哲夫,森下　哲夫,内科　人工透析内科　腎臓内科　膠原病内科　循環器内科　脂質代謝内科,,令8. 5. 1,kyushu/r8_07_okinawa.zip
病院,47,1010126,医療法人　晴明会　糸満晴明病院,糸満市大度５２０,098-997-2011,医療法人　晴明会　理事長　稲冨　仁,稲冨　仁,精神　精　心内　歯,280,昭49. 12. 1,kyushu/r8_07_okinawa.zip
病院,47,1010258,ウェルネス西崎病院,糸満市糸満２０４１－５,,医療法人以和貴会　理事長　名嘉　栄勝,知念　久美子,療養　内科　胃腸科,,昭59. 12. 20,kyushu/r8_07_okinawa.zip
診療所,47,1010308,健孝クリニック,糸満市潮平７１４－２,,大城　健孝,大城　健孝,内　皮,,昭63. 2. 1,kyushu/r8_07_okinawa.zip
診療所,47,1010340,医療法人　水晶会　安里眼科,糸満市潮平７２２,,医療法人　水晶会　理事長　安里　良,安里　瞳,一般　眼科,,平元. 4. 1,kyushu/r8_07_okinawa.zip
診療所,47,1010431,くでけん小児科,糸満市西崎６－１１－８,,久手堅　修,久手堅　修,小児科,,平4. 10. 1,kyushu/r8_07_okinawa.zip
病院,47,1010449,医療法人　陽和会　南山病院,糸満市賀数４０６－１,098-994-3660,医療法人　陽和会　理事長　譜久原　弘,譜久原　弘,精神　精　心内　内　歯,215,平6. 5. 1,kyushu/r8_07_okinawa.zip
病院,47,1010456,勝連病院,糸満市真栄平１０２６,,医療法人　南嶺会　理事長　松原　卓也,松原　卓也,精神　内　精　心内　リハ,446,平6. 5. 1,kyushu/r8_07_okinawa.zip
診療所,47,1010464,南部整形外科,糸満市潮平７１４－２,,医療法人　自灯明会　理事長　大城　武,大城　武,整外　リハ,,平6. 6. 1,kyushu/r8_07_okinawa.zip
診療所,47,1010498,かみや母と子のクリニック,糸満市阿波根１５５２－２,098-995-3511,医療法人　仁清会　理事長　神谷　仁,神谷　仁,一般　産婦人科　小児科　精神科,,平9. 7. 1,kyushu/r8_07_okinawa.zip
診療所,47,1010522,医療法人徳洲会　ひめゆりクリニック,糸満市伊原１０７－１,098-997-3702,医療法人徳洲会　理事長　東上　震一,玉城　利昭,内科　外科　小児科　皮膚科　循環器科　整形外科,,平11. 1. 1,kyushu/r8_07_okinawa.zip
病院,47,1010530,西崎病院,糸満市座波３７１－１,098-992-0055,医療法人　以和貴会　理事長　名嘉　栄勝,山城　清二,一般　療養　内　外　整外　皮　リハ　ひ　脳外　小　胃　こう　耳い　他,120,平11. 7. 1,kyushu/r8_07_okinawa.zip
診療所,47,1010548,かみやクリニック,糸満市阿波根１５５２－２,098-995-3377,医療法人　かみやクリニック　理事長　神谷　厚,神谷　厚,整外　皮　内　リハ,,平12. 6. 1,kyushu/r8_07_okinawa.zip
診療所,47,1010563,耳鼻咽喉科　かおる医院,糸満市潮平７０５－４,098-994-1133,医療法人　蝸牛会　理事長　新垣　香太,新垣　香太,耳い　小,,平12. 8. 1,kyushu/r8_07_okinawa.zip
診療所,47,1010613,てるや眼科クリニック,糸満市糸満１２６６－１,098-992-0800,医療法人　青空会　理事長　照屋　武,照屋　武,眼,,平17. 11. 1,kyushu/r8_07_okinawa.zip
診療所,47,1010647,ａｍ皮膚科クリニック,糸満市潮平７８７番地の５,098-995-1212,野中　薫雄,野中　薫雄,皮,,平18. 5. 1,kyushu/r8_07_okinawa.zip
診療所,47,1010654,医療法人　水平会　豆の木クリニック,糸満市潮平７６４番地１,098-995-3030,医療法人　水平会　理事長　吉原　邦男,吉原　邦男,内　他,,平19. 5. 1,kyushu/r8_07_okinawa.zip
診療所,47,1010670,みなみしまクリニック,糸満市潮平７８７番地１７,098-840-3730,医療法人　紺碧会　理事長　島袋　毅,島袋　毅,内,,平19. 7. 1,kyushu/r8_07_okinawa.zip
診療所,47,1010712,がじまる診療所,糸満市西崎２丁目２６番６号,098-851-3347,大嶺　雅規,大嶺　雅規,内　小,,平23. 8. 1,kyushu/r8_07_okinawa.zip
診療所,47,1010738,みんなのクリニック,糸満市真栄里２０２９－１１,098-840-3733,宮城　剛,宮城　剛,内　他,,平23. 9. 1,kyushu/r8_07_okinawa.zip
診療所,47,1010746,糸満協同診療所,糸満市潮崎町２丁目１－１０,098-992-3920,沖縄医療生活協同組合　代表理事　上原　昌義,嘉陽　真美,内科　整形外科,,平26. 10. 1,kyushu/r8_07_okinawa.zip
診療所,47,1010753,よしかわ整形クリニック,糸満市真栄里２０３１－４,098-995-2525,医療法人　ヒポカンパス　理事長　吉川　朝昭,吉川　朝昭,整形外科　リハビリテーション科　内科　小児科　皮膚科,,平28. 5. 1,kyushu/r8_07_okinawa.zip
診療所,47,1010761,糸満南小児科・内科診療所,糸満市潮崎町３丁目２３番地５,098-800-2698,島袋　浩,島袋　浩,小　内,,平30. 5. 1,kyushu/r8_07_okinawa.zip
診療所,47,1010779,ノアーズ・ガーデン診療所,糸満市字大度１２５５番地,098-851-7323,社会福祉法人友興会　理事長　正能　達也,滝川　一廣,児童精神科,,令元. 5. 1,kyushu/r8_07_okinawa.zip
診療所,47,1010795,たまき耳鼻咽喉科クリニック,糸満市字真栄里１４３２番地１,098-995-3387,医療法人七いろ会　理事長　玉城　三七夫,玉城　三七夫,耳鼻いんこう科,,令元. 6. 1,kyushu/r8_07_okinawa.zip
診療所,47,1010811,いとまん在宅診療所,糸満市字与座４１２－１４９,098-955-7248,上原　稔,上原　稔,内科　小児科,,令3. 6. 1,kyushu/r8_07_okinawa.zip
診療所,47,1010829,きのしたこどもクリニック,糸満市字真栄里２０３０番地３,098-995-1100,医療法人きのしたこどもクリニック　理事長　木下　玲子,木下　玲子,小児科,,令4. 5. 1,kyushu/r8_07_okinawa.zip
診療所,47,1010837,南部クリニック,糸満市西崎町５丁目８－１０,098-840-8221,医療法人　寛誠会　理事長　城間　寛,城間　寛,内科　外科,,令5. 11. 1,kyushu/r8_07_okinawa.zip
診療所,47,1010845,かねしま医院,糸満市字糸満１５０５番地の２,098-992-4850,兼島　惠義,兼島　惠義,外科　肛門外科　内科　消化器内科　皮膚科,,令8. 3. 1,kyushu/r8_07_okinawa.zip
病院,47,1110017,とよみ生協病院,豊見城市真玉橋５９３－１,,沖縄医療生活協同組合　代表理事　上原　昌義,高嶺　朝広,一般　内科　外科　リハビリテーション科　婦人科　小児科　整形外科　皮膚科　脳神経外科　泌尿器科,137,昭51. 3. 22,kyushu/r8_07_okinawa.zip
診療所,47,1110041,かでな内科医院,豊見城市豊見城７５３－２,,嘉手納　成之,嘉手納　成之,内科　呼吸器科　胃腸科　循環器科　小児科,,平元. 4. 1,kyushu/r8_07_okinawa.zip
診療所,47,1110058,垣花整形外科医院,豊見城市豊見城１００７－３０,,医療法人隆豊会　理事長　垣花　隆之,垣花　隆之,整外　リハ,,平2. 5. 1,kyushu/r8_07_okinawa.zip
病院,47,1110108,医療法人　おもと会　大浜第二病院,豊見城市渡嘉敷１５０,098-851-0103,医療法人　おもと会　理事長　石井　和博,上原　英且,一般　療養　内科　リハビリテーション科,118,平10. 4. 1,kyushu/r8_07_okinawa.zip
診療所,47,1110173,とよみクリニック,豊見城市真玉橋１２３,,医療法人　とよみクリニック　理事長　比嘉　章,比嘉　章,内　呼　消　循　小　皮,,平14. 5. 1,kyushu/r8_07_okinawa.zip
診療所,47,1110215,医療法人あすなろきっず　しろま小児科医院,豊見城市豊見城２９４－２,098-856-8811,医療法人　あすなろきっず　理事長　城間　昇,城間　昇,小,,平15. 5. 1,kyushu/r8_07_okinawa.zip
診療所,47,1110264,社会医療法人友愛会　豊見城中央病院附属豊崎クリニック,豊見城市豊崎１番４１２,098-840-5151,社会医療法人友愛会　理事長　比嘉　国基,小渡　宏之,放,,平16. 6. 1,kyushu/r8_07_okinawa.zip
診療所,47,1110272,空と海とクリニック,豊見城市宜保二丁目７番地７,098-840-2000,医療法人　玉福　理事長　玉城　清酬,玉城　清酬,内　消　呼　小　リハ,,平16. 6. 1,kyushu/r8_07_okinawa.zip
診療所,47,1110280,なかまクリニック,豊見城市豊見城３７２－１,098-891-6424,医療法人　地の塩会　理事長　中嶋　聡,中嶋　愛一郎,精　内　神　心内,,平17. 4. 1,kyushu/r8_07_okinawa.zip
診療所,47,1110314,いしかわ眼科クリニック,豊見城市高安３１７－１,098-851-2200,医療法人　めぐみ　理事長　石川　哲夫,石川　晃子,一般　眼,,平17. 10. 1,kyushu/r8_07_okinawa.zip
診療所,47,1110322,なかそね整形外科リハビリクリニック,豊見城市豊見城４４４－２,098-851-0255,医療法人　真南風　理事長　仲宗根　聰,仲宗根　聰,整外　リハ　リウ,,平17. 10. 1,kyushu/r8_07_okinawa.zip
診療所,47,1110355,田仲医院,豊見城市宜保二丁目１番地９,098-850-7474,医療法人　秀明会　理事長　田仲　秀明,田仲　秀明,内,,平19. 5. 1,kyushu/r8_07_okinawa.zip
診療所,47,1110363,とくとくクリニック,豊見城市豊見城４４４番地２,098-851-0277,医療法人　善心　理事長　徳村　保昌,徳村　保昌,内　循,,平19. 6. 1,kyushu/r8_07_okinawa.zip
診療所,47,1110371,もりクリニック,豊見城市宜保二丁目１番地５,098-856-1500,医療法人　もりクリニック　理事長　森　俊和,森　俊和,内　消　循　呼　小　皮,,平19. 6. 1,kyushu/r8_07_okinawa.zip
診療所,47,1110389,高橋クリニック,豊見城市与根８番地１５,098-851-1971,医療法人　志豊会　理事長　高橋　祐一,高橋　祐一,内　呼　胃　循　小　外　整外　皮　こう,,平19. 7. 1,kyushu/r8_07_okinawa.zip
診療所,47,1110397,上地耳鼻咽喉科,豊見城市我那覇４７６番地１,098-850-8787,医療法人　陽明会　理事長　上地　陽子,上地　陽子,耳い,,平19. 7. 1,kyushu/r8_07_okinawa.zip
診療所,47,1110405,うえず内科クリニック,豊見城市宜保二丁目７番地１,098-891-6688,医療法人　尚和会　理事長　上江洌　良尚,上江洌　良尚,内　リウ　他,,平19. 11. 1,kyushu/r8_07_okinawa.zip
診療所,47,1110421,みやぎ内科,豊見城市翁長８６９,098-988-6100,宮城　裕一,宮城　裕一,内　消,,平19. 12. 1,kyushu/r8_07_okinawa.zip
診療所,47,1110454,社会医療法人友愛会　豊見城中央病院附属健康管理センター,豊見城市豊崎３番４９,098-852-2017,社会医療法人友愛会　理事長　比嘉　国基,與那嶺　吉正,内科　乳腺外科　婦人科,,平21. 11. 1,kyushu/r8_07_okinawa.zip
診療所,47,1110462,渡名喜眼科,豊見城市名嘉地２２０番地４,098-891-6234,医療法人　カラタ会　理事長　渡名喜　勝,渡名喜　勝,眼,,平23. 1. 1,kyushu/r8_07_okinawa.zip
診療所,47,1110488,朋友クリニック,豊見城市上田１－１７,098-840-2288,金城　繁正,金城　繁正,脳外　神内　リハ　放　内　整外　外　心内　小,,平24. 6. 1,kyushu/r8_07_okinawa.zip
診療所,47,1110496,松岡医院,豊見城市字高嶺３９５番地５６,098-850-9529,医療法人　まつみ会　理事長　松岡　満照,松岡　満照,内　循,,平24. 11. 5,kyushu/r8_07_okinawa.zip
診療所,47,1110504,伊佐内科クリニック,豊見城市字真玉橋２８５－１とよみメディカルビル４Ｆ,098-851-8828,伊佐　勝憲,伊佐　勝憲,内　神内　他,,平25. 10. 1,kyushu/r8_07_okinawa.zip
診療所,47,1110512,愛ホームクリニック,豊見城市字上田５６５番地,050-1494-1913,石井　学,大城　学,内　小　皮,,平25. 12. 1,kyushu/r8_07_okinawa.zip
診療所,47,1110538,さくもと泌尿器科・皮フ科,豊見城市宜保５－１－１,098-851-0022,医療法人　咲の会　理事長　佐久本　操,佐久本　操,ひ　皮,,平26. 5. 1,kyushu/r8_07_okinawa.zip
診療所,47,1110546,ぐしこどもクリニック,豊見城市字宜保二丁目６番地４,098-850-3102,医療法人　一志会　理事長　具志　一男,具志　一男,小,,平26. 5. 1,kyushu/r8_07_okinawa.zip
診療所,47,1110561,医療法人ゆたか　ゆたか泌尿器科,豊見城市字宜保２８２番地３オレンジマンション１階,098-851-1145,医療法人ゆたか　理事長　山城　豊,山城　豊,ひ　皮　他　小　外　内,,平28. 11. 1,kyushu/r8_07_okinawa.zip
診療所,47,1110587,又吉皮フ科,豊見城市字真玉橋２８５番地１　とよみメディカルビル５Ｆ,098-996-2545,又吉　長純,又吉　長純,皮,,平30. 12. 1,kyushu/r8_07_okinawa.zip
診療所,47,1110603,かかず耳鼻咽喉科クリニック,豊見城市字真玉橋２８５番地１　とよみメディカルビル３Ｆ,098-856-3317,医療法人光青会　理事長　嘉数　光雄,嘉数　光雄,耳い,,平30. 11. 1,kyushu/r8_07_okinawa.zip
診療所,47,1110611,とよみ眼科,豊見城市字真玉橋２８５－１－２階,098-987-4004,医療法人　晄春会　理事長　饒平名　綾子,饒平名　綾子,眼,,令元. 5. 1,kyushu/r8_07_okinawa.zip
診療所,47,1110629,かかず内科クリニック,豊見城市字根差部５８９－５,098-851-8774,嘉数　雅也,嘉数　雅也,内科　消化器内科,,令元. 9. 1,kyushu/r8_07_okinawa.zip
診療所,47,1110652,とよさき眼科,豊見城市豊崎３番－３５イーアス沖縄豊崎モール内３階　区画３０２０,098-894-6588,医療法人社団慶山会　理事長　鳥山　直樹,廣瀬　尊郎,眼科,,令2. 4. 23,kyushu/r8_07_okinawa.zip
病院,47,1110660,友愛医療センター,豊見城市字与根５０番地２１２,098-850-3811,社会医療法人友愛会　理事長　比嘉　国基,嵩下　英次郎,一般　内科　呼吸器内科　消化器内科　循環器内科　腎臓内科　脳神経内科　膠原病内科　リウマチ科　精神科　糖尿病・代謝内科　外科　乳腺外科　呼吸器外科　消化器外科　内視鏡外科　血管外科　心臓血管外科　移植外科　小児科　整形外科　緩和ケア外科　産婦人科　耳鼻咽喉科　眼科　皮膚科　腎・泌尿器外科　脳神経外科　形成外科　麻酔科　放射線科　リハビリテーション科　救急科　病理診断科　歯科,388,令2. 8. 1,kyushu/r8_07_okinawa.zip
病院,47,1110678,豊見城中央病院,豊見城市字上田２５番地,098-851-0501,社会医療法人友愛会　理事長　比嘉　国基,比嘉　盛丈,一般　内科　呼吸器内科　循環器内科　消化器内科　糖尿病・内分泌内科　脳神経内科　外科　整形外科　脳神経外科　精神科　皮膚科　泌尿器科　耳鼻咽喉科　リハビリテーション科　放射線科　歯科　麻酔科　緩和ケア内科　眼科,268,令2. 8. 3,kyushu/r8_07_okinawa.zip
診療所,47,1110686,こころとからだ　つながるクリニック,豊見城市豊崎１－１８　１Ｆ,098-996-5205,平山　雄也,平山　雄也,心療内科　精神科,,令2. 12. 1,kyushu/r8_07_okinawa.zip
診療所,47,1110702,とよさきメンタルクリニック,豊見城市字渡橋名２８９番地６２－３,098-996-2969,医療法人社団虹色の会　理事長　斉藤　里菜,斉藤　里菜,精神科　心療内科,,令3. 6. 1,kyushu/r8_07_okinawa.zip
診療所,47,1110710,ＫＥＮ整形クリニック,豊見城市字翁長８６４番地８　Ｎ’ｓビル３階,098-856-8277,医療法人健整会　理事長　堀切　健士,堀切　健士,整形外科　リハビリテーション科,,令3. 11. 1,kyushu/r8_07_okinawa.zip
診療所,47,1110728,とみしろ内科,豊見城市字宜保２６６－４,098-840-2100,上浪　敦,上浪　敦,循環器内科　内科　放射線科,,令4. 7. 1,kyushu/r8_07_okinawa.zip
診療所,47,1110736,豊崎メディカルクリニック,豊見城市字翁長８６４番地８　Ｎ’ｓビル２Ｆ,098-856-1288,医療法人Ｏｒｉｇｉｎ　理事長　下地　國浩,下地　國浩,内科　糖尿病内科　腎臓内科（人工透析）,,令4. 11. 1,kyushu/r8_07_okinawa.zip
診療所,47,1110744,豊見城メンタルクリニック,豊見城市宜保２６６番地３,098-995-9811,遠山　正悟,遠山　正悟,精神科　心療内科,,令5. 1. 1,kyushu/r8_07_okinawa.zip
診療所,47,1110751,とよさきこどもクリニック,豊見城市字渡橋名２８９番地６２の２,098-851-0020,医療法人としみ会　理事長　内川　俊毅,内川　俊毅,小児科,,令5. 11. 1,kyushu/r8_07_okinawa.zip
診療所,47,1110769,せきぐちメンタルクリニック,豊見城市字与根５０番２１３ルーツメディカルビル２階,098-995-8220,関口　恵史,関口　恵史,精神科　心療内科　老年精神科　内科,,令6. 11. 1,kyushu/r8_07_okinawa.zip
診療所,47,1110777,とよむファミリークリニック,豊見城市字長堂３７５番地６,098-851-1717,医療法人豊睦会　理事長　伊佐　勉,伊佐　勉,内科　消化器内科　外科　整形外科　循環器内科,,令6. 11. 1,kyushu/r8_07_okinawa.zip
診療所,47,1110785,レキオおしりクリニック,豊見城市字与根５０番２１３ルーツメディカルビル１－１１,098-987-5130,前川　忠康,前川　忠康,肛門外科,,令7. 3. 1,kyushu/r8_07_okinawa.zip
診療所,47,1110793,沖縄ひざ関節クリニック,豊見城市与根５０番２１３ルーツメディカルビル　３Ｆ,098-987-0008,毛利　正玄,毛利　正玄,整形外科　リハビリテーション科,,令7. 4. 1,kyushu/r8_07_okinawa.zip
診療所,47,1110801,Ｆクリニック沖縄,豊見城市名嘉地２２８番地１,098-850-5577,医療法人香風会　理事長　多和田　利香,多和田　利香,婦　漢方内科,,令7. 2. 1,kyushu/r8_07_okinawa.zip
診療所,47,1110819,ブランクリニック沖縄豊見城院,豊見城市豊崎３番３５他イーアス沖縄豊崎３階（３１７０区画）,0120-393-307,医療法人社団　白凛会　理事長　加藤　茂俊,仲村　武裕,内科　皮膚科,,令8. 1. 1,kyushu/r8_07_okinawa.zip
診療所,47,1110827,絆愛とみしろクリニック,豊見城市字高嶺８３－５　２階,098-936-9989,一般社団法人　Ｏｎｅｎｅｓｓ　Ｍｅｄｉｃａｌ　Ｈｅａｌｔｈ　　代表理事　佐藤　忠臣,杉山　義樹,精神科　心療内科　内科,,令8. 3. 1,kyushu/r8_07_okinawa.zip
診療所,47,1210031,医療法人　みなみ耳鼻咽喉科医院,南城市大里仲間１１１２－５,,医療法人　みなみ耳鼻咽喉科医院　理事長　江夏　努,江夏　努,耳鼻咽喉科,,平元. 5. 1,kyushu/r8_07_okinawa.zip
診療所,47,1210049,沖縄県立南部医療センター・こども医療センター　附属久高診療所,南城市知念字久高２３１－２,,沖縄県知事,木　貴明,内科　外科　小児科,,平7. 3. 1,kyushu/r8_07_okinawa.zip
診療所,47,1210098,みなみ野クリニック,南城市大里字平良２５８４番地２,098-945-8811,医療法人　みなみ野会　理事長　外間　康男,外間　康男,脳外　内　心内　外　整外　リハ　精,,平18. 6. 1,kyushu/r8_07_okinawa.zip
診療所,47,1210130,大里こどもクリニック,南城市大里字平良２５４５番地１,098-882-8111,島袋　智志,島袋　智志,小,,平19. 12. 1,kyushu/r8_07_okinawa.zip
診療所,47,1210155,南城眼科,南城市玉城堀川６９５－１,098-949-1680,医療法人社団　イーシーエス　理事長　池田　宏一郎,友寄　勝夫,眼,,平23. 11. 1,kyushu/r8_07_okinawa.zip
診療所,47,1210171,南城つはこクリニック,南城市佐敷字津波古４３３番地コート山城１階,098-947-3722,医療法人信山会　理事長　小山　信二,小山　信二,内　外　心内　精,,平24. 11. 1,kyushu/r8_07_okinawa.zip
診療所,47,1210189,ふじた眼科,南城市佐敷字津波古２４９番地　１階,098-943-8700,藤田　健二,藤田　健二,眼,,平25. 5. 1,kyushu/r8_07_okinawa.zip
病院,47,1210197,医療法人真徳会沖縄メディカル病院,南城市佐敷字津波古西原２３１０番地,,医療法人真徳会　理事長　湧上　民雄,米田　恵寿,一般　療養　内科　循環器内科　消化器内科　呼吸器内科　外科　整形外科　耳鼻いんこう科　放射線科　リハビリテーション科　皮膚科　泌尿器科,169,平25. 4. 1,kyushu/r8_07_okinawa.zip
診療所,47,1210205,ロコモクリニック南城,南城市玉城字船越９４９－４,098-949-1155,上原　敏則,上原　敏則,整形外科　リハビリテーション科　内科,,平27. 11. 1,kyushu/r8_07_okinawa.zip
診療所,47,1210239,精神内科訪問診療所,南城市大里字大城２３９２番地５　１０１号室,098-946-1696,津嘉山　貞夫,津嘉山　貞夫,精神科　内科,,令3. 5. 6,kyushu/r8_07_okinawa.zip
診療所,47,1210247,医療法人明優会　あかし内科クリニック,南城市知念字久原６９３番地エスペランサ華満進１階,098-947-3331,医療法人明優会　理事長　明石　学,明石　学,内科　胃腸内科,,令5. 12. 1,kyushu/r8_07_okinawa.zip
診療所,47,1210254,南城かりゆし眼科,南城市大里字仲間１０３６番地１,098-944-1000,医療法人社団慶山会　理事長　鳥山　直樹,親川　格,眼科,,令6. 8. 1,kyushu/r8_07_okinawa.zip
診療所,47,1210262,しもと医院,南城市玉城字玉城１７１－２,098-988-0770,下戸　文夫,下戸　文夫,内科　小児科　皮膚科,,令6. 9. 1,kyushu/r8_07_okinawa.zip
診療所,47,1210270,おおきた子どもクリニック,南城市大里字嶺井２０５－１,098-963-7333,医療法人愛燦会　理事長　城間　直秀,城間　直秀,小児科　内科,,令7. 1. 1,kyushu/r8_07_okinawa.zip
診療所,47,1210288,ゆくいこども診療所,南城市大里字稲嶺１３３９,098-894-7767,ＮＰＯ法人ひだまり　理事　勝連　聖史,宮城　大雅,小児科,,令7. 4. 1,kyushu/r8_07_okinawa.zip
診療所,47,1210304,南城かりゆし眼科,南城市大里字仲間１０３６番地１,098-944-1000,医療法人社団慶山会　理事長　鳥山　直樹,親川　格,眼科,,令8. 6. 26,kyushu/r8_07_okinawa.zip
病院,47,2110255,もとぶ記念病院,国頭郡本部町石川９７２番地,0980-51-7007,医療法人博寿会　理事長　江口　航生,江口　航生,精神　内科　精神科　老年精神科,170,昭55. 4. 1,kyushu/r8_07_okinawa.zip
診療所,47,2110362,国頭村立診療所,国頭郡国頭村字辺土名１４３７,,国頭村長,諌山　義人,内　小,,昭60. 6. 1,kyushu/r8_07_okinawa.zip
病院,47,2110487,北山病院,国頭郡今帰仁村今泊３０７番地,,医療法人　光風会　理事長　安里　義徳,平安　恒男,療養　内　整外　リハ　皮,,平4. 6. 1,kyushu/r8_07_okinawa.zip
診療所,47,2110495,松原クリニック,国頭郡金武町金武４２３１,,社会福祉法人　松原福祉会　理事長　我如古　正和,川崎　恭子,内科　心療内科　皮膚科　精神科　小児科,,平5. 3. 1,kyushu/r8_07_okinawa.zip
診療所,47,2110529,伊江村立診療所,国頭郡伊江村東江前４５９,0980-49-2054,伊江村長,阿部　好弘,内　外　小　整外,,平5. 4. 1,kyushu/r8_07_okinawa.zip
病院,47,2110545,医療法人ユカリア沖縄　かんな病院,国頭郡宜野座村漢那４６９,,医療法人ユカリア沖縄　理事長　宮城　一文,松岡　理奈,療養　内科　外科　整形外科　泌尿器科　小児科　眼科　リハビリテーション科　皮膚科　消化器内科　循環器内科　耳鼻咽喉科　心療内科,104,平7. 1. 1,kyushu/r8_07_okinawa.zip
病院,47,2110552,もとぶ野毛病院,国頭郡本部町大浜８８０－１,,医療法人　野毛会　理事長　出口　宝,出口　宝,療養　内科　外科　脳神経外科　整形外科　リハビリテーション科　放射線科,150,平7. 11. 1,kyushu/r8_07_okinawa.zip
診療所,47,2110602,今帰仁診療所,国頭郡今帰仁村謝名１３９,0980-56-3581,石川　清和,石川　清和,内　小　眼　耳い　外　整外,,平16. 11. 1,kyushu/r8_07_okinawa.zip
診療所,47,2110610,恩納クリニック,国頭郡恩納村字恩納６３２９番地,098-966-8115,医療法人　恩和会　理事長　玉城　徳光,玉城　徳光,内　循　胃　呼　小,,平18. 5. 1,kyushu/r8_07_okinawa.zip
診療所,47,2110628,きんクリニック,国頭郡金武町金武９４番地,,医療法人　きんクリニック　理事長　高良　和代,高良　和代,内　小　皮,,平18. 7. 1,kyushu/r8_07_okinawa.zip
診療所,47,2110651,やまだクリニック,国頭郡本部町大浜８７４番地の１５,0980-47-6660,山田　護,山田　護,内科　外科　小児科,,平21. 11. 1,kyushu/r8_07_okinawa.zip
診療所,47,2110669,国頭村立東部へき地診療所,国頭郡国頭村安田１７０番地,0980-41-7511,国頭村長,檀　充,内,,平22. 6. 1,kyushu/r8_07_okinawa.zip
診療所,47,2110677,おくまクリニック,国頭郡金武町金武４７９０番地の１,098-968-5017,医療法人おくまクリニック　理事長　奥間　裕次,奥間　裕次,内　小　外　整外　リハ,,平23. 4. 1,kyushu/r8_07_okinawa.zip
診療所,47,2110685,東村立診療所,国頭郡東村平良８０４番地,0980-51-2200,東村長,宮城　辰志,内　外,,平23. 5. 1,kyushu/r8_07_okinawa.zip
診療所,47,2110693,大宜味村立診療所,国頭郡大宜味村塩屋１３０６番地６２,0980-50-5450,大宜味村長,金城　英與,内　小　心内　精　外　眼　他　皮,,平23. 10. 7,kyushu/r8_07_okinawa.zip
診療所,47,2110719,ＫＩＮスポーツ・整形クリニック,国頭郡金武町字金武１０９１２番地,098-968-7700,医療法人　ぎんばるの杜　理事長　新庄　琢磨,新庄　琢磨,整外　リハ,,平27. 5. 1,kyushu/r8_07_okinawa.zip
診療所,47,2110735,西大條診療所,国頭郡恩納村字谷茶５６５番地,098-966-1100,西大條　升一,西大條　升一,内科　放射線科　小児科,,令2. 3. 1,kyushu/r8_07_okinawa.zip
診療所,47,2110768,ＯＩＳＴクリニック,国頭郡恩納村字谷茶１９１９番地１沖縄科学技術大学院大学　第４研究棟　Ｃ１６,098-982-3446,学校法人沖縄科学技術大学院大学学園　理事長　ダニエル・ザイフマン,関　有香子,内科　精神科,,令4. 8. 1,kyushu/r8_07_okinawa.zip
診療所,47,2110776,医療法人慶翔会　やんばるキッズファミリークリニック,国頭郡本部町渡久地８４６－１,0980-43-7818,医療法人慶翔会　理事長　慶田　喜孝,慶田　喜孝,小児科　アレルギー科　内科　皮膚科,,令6. 5. 1,kyushu/r8_07_okinawa.zip
診療所,47,2110784,医療法人社団明日望　アスボメディカルクリニック,国頭郡金武町字金武１０８９７番地,098-968-4664,医療法人社団明日望　理事長　内山　明好,梁　英樹,内科　消化器内科　放射線科,,令7. 4. 1,kyushu/r8_07_okinawa.zip
診療所,47,2210188,読谷村診療所,中頭郡読谷村都屋１６７番地,098-956-1151,読谷村長,多鹿　昌幸,内　皮　小　リハ,,昭53. 6. 1,kyushu/r8_07_okinawa.zip
病院,47,2210220,医療法人仁誠会　名嘉病院,中頭郡嘉手納町嘉手納２５８,,医療法人　仁誠会　理事長　名嘉　恒守,名嘉　恒守,一般　療養　内科　外科　胃腸科　整形外科　眼科　耳鼻咽喉科　リハビリテーション科　歯科　皮膚科,,昭54. 10. 1,kyushu/r8_07_okinawa.zip
病院,47,2210287,社会医療法人　かりゆし会　ハートライフ病院,中頭郡中城村伊集２０８,098-895-3255,社会医療法人　かりゆし会　理事長　安里　哲好,西原　実,一般　内科　血液内科　肝臓内科　小児科　外科　食道外科　血管外科　乳腺外科　膵臓外科　整形外科　脳神経外科　泌尿器科　産婦人科　眼科　耳鼻咽喉科　リハビリテーション科　放射線科　麻酔科　皮膚科　関節リウマチ科　精神科　心療内科　形成外科　病理診断科　歯科　救急科　呼吸器内科　消化器内科　消化器外科　循環器内科　大腸・肛門外科　人工透析内科　小児外科　歯科口腔外科　脳神経内科,308,昭57. 9. 1,kyushu/r8_07_okinawa.zip
病院,47,2210345,アドベンチスト　メディカルセンター,中頭郡西原町幸地８６８,,セブンスディーアドベンチスト教団　代表役員　稲田　豊,マツモト・ノリス・ヨシヒコ,一般　内科　小児科　外科　整形外科　皮膚科　婦人科　歯科　矯正歯科　小児歯科　歯科口腔外科　緩和医療科,,昭59. 12. 1,kyushu/r8_07_okinawa.zip
診療所,47,2210386,砂辺クリニック,中頭郡北谷町宮城１－４３,,石原　昌二郎,石原　昌二郎,内　小　皮,,昭61. 9. 1,kyushu/r8_07_okinawa.zip
診療所,47,2210469,一般社団法人中部地区医師会検診センター,中頭郡北谷町宮城１－５８４,,一般社団法人　中部地区医師会　会長　今井　千春,上原　元,一般　内科　外科　婦人科,,平元. 2. 1,kyushu/r8_07_okinawa.zip
病院,47,2210519,北中城若松病院,中頭郡北中城村大城３１１番地,,医療法人　アガペ会　理事長　涌波　淳子,竹田　真一,一般　療養　精神　内科　精神科　リハビリテーション科　脳神経内科,,平2. 5. 1,kyushu/r8_07_okinawa.zip
診療所,47,2210543,やびく産婦人科小児科,中頭郡北谷町砂辺３０６,098-936-6789,医療法人　彩の会　理事長　屋比久　里美,屋比久　彩,一般　産婦　小　内　皮　産　外　整外　ひ,,平2. 12. 1,kyushu/r8_07_okinawa.zip
診療所,47,2210568,仲舛内科,中頭郡北中城村島袋５３４－１２,,仲舛　純一,仲舛　純一,内　小　皮,,平3. 3. 1,kyushu/r8_07_okinawa.zip
診療所,47,2210600,城間医院,中頭郡西原町翁長２４０－７,,医療法人　和み会　理事長　城間　丈二,城間　政州,内　精　心内,,平5. 11. 1,kyushu/r8_07_okinawa.zip
診療所,47,2210733,しらかわ内科,中頭郡西原町棚原１丁目２０番地の１０,098-944-3550,新垣　民樹,新垣　民樹,内　小,,平9. 2. 1,kyushu/r8_07_okinawa.zip
診療所,47,2210766,医療法人八重会　たまきクリニック,中頭郡北谷町上勢頭８３７－８,098-926-1313,医療法人八重会　理事長　平良　尚広,平良　尚広,内科　胃腸科　呼吸器科　循環器科　リハビリテーション科　放射線科,,平10. 5. 1,kyushu/r8_07_okinawa.zip
診療所,47,2210774,まつしまクリニック,中頭郡読谷村瀬名波８９４－２,,医療法人泰山会　理事長　松嶋　顕介,松嶋　顕介,内科　消化器科　循環器科　小児科　リハビリテーション科　外科　眼科　精神科　心療内科,,平10. 5. 1,kyushu/r8_07_okinawa.zip
診療所,47,2210832,なかそね内科,中頭郡読谷村伊良皆３４０,098-957-0707,仲宗根　哲與,仲宗根　哲與,内　消　循　呼　皮,,平11. 2. 1,kyushu/r8_07_okinawa.zip
病院,47,2210840,北上中央病院,中頭郡北谷町上勢頭６３１－９,,医療法人　センダン　理事長　外間　朝哲,菅谷　公男,療養　内科　泌尿器科　皮膚科,120,平11. 1. 1,kyushu/r8_07_okinawa.zip
診療所,47,2210857,あいわクリニック,中頭郡西原町池田７６６－２,098-946-5558,医療法人　愛和会　理事長　宮城　聡,伊佐　真之,内　小　リハ,,平11. 3. 1,kyushu/r8_07_okinawa.zip
診療所,47,2210949,ごきげんリハビリクリニック,中頭郡北中城村島袋１２５３番地の４,098-933-5515,医療法人　葵会　理事長　小橋川　晃代,小橋川　晃代,内科　整形外科　リハビリテーション科,,平12. 6. 1,kyushu/r8_07_okinawa.zip
診療所,47,2210964,太田小児科医院,中頭郡西原町小橋川１６４－１,098-946-5081,医療法人　ひまわりの会　理事長　太田　計,太田　計,小　他,,平12. 12. 1,kyushu/r8_07_okinawa.zip
診療所,47,2211020,医療法人海泉陽の会　中山眼科,中頭郡嘉手納町嘉手納２８６－２,098-957-2737,医療法人海泉陽の会　中山眼科　理事長　中山　貞之,中山　貞之,眼,,平14. 6. 1,kyushu/r8_07_okinawa.zip
診療所,47,2211046,よみたん皮フ科,中頭郡読谷村都屋２３４－３,098-957-1241,長嶺　安司,長嶺　安司,皮膚科,,平14. 8. 1,kyushu/r8_07_okinawa.zip
診療所,47,2211053,ライフケアクリニック長浜,中頭郡読谷村長浜１５３０－１,098-982-9000,医療法人　ライフケア読谷　理事長　鳥谷　裕,鳥谷　裕,内科　小児科　外科　消化器科　神経科　リハビリテーション科,,平14. 10. 1,kyushu/r8_07_okinawa.zip
診療所,47,2211079,大城皮フ科クリニック,中頭郡北谷町上勢頭６２９－１,098-926-0007,医療法人　ベルナス　理事長　大城　守夫,大城　守夫,皮膚科,,平14. 10. 1,kyushu/r8_07_okinawa.zip
診療所,47,2211087,よみたん眼科,中頭郡読谷村大木３２４－１,098-956-0100,上原　健,上原　健,眼科,,平15. 4. 1,kyushu/r8_07_okinawa.zip
診療所,47,2211129,しんざと内科,中頭郡西原町小波津３－５,098-946-5500,新里　脩,新里　脩,内　呼　消　循　アレ　リウ　小,,平16. 9. 1,kyushu/r8_07_okinawa.zip
診療所,47,2211137,ＳＡＫＵ整形クリニック,中頭郡西原町小波津３－５,098-882-0001,佐久本　嗣夫,佐久本　嗣夫,整外　外　リウ　リハ,,平16. 9. 1,kyushu/r8_07_okinawa.zip
診療所,47,2211228,医療法人　そけん小児科,中頭郡読谷村波平２４５９,098-958-1544,医療法人　そけん小児科　理事長　祖堅　尚,祖堅　尚,小　皮,,平17. 12. 1,kyushu/r8_07_okinawa.zip
診療所,47,2211251,ゆんたんざクリニック,中頭郡読谷村都屋２４５番地,098-956-1236,医療法人　翁馬会　理事長　門馬　康二,日傳　和子,内　小　皮　リハ　精　心内,,平19. 4. 1,kyushu/r8_07_okinawa.zip
診療所,47,2211293,にしはら皮フ科,中頭郡西原町小波津三番地の５,098-946-0112,医療法人　明眞会　理事長　宮城　嗣名,宮城　嗣名,皮,,平19. 12. 1,kyushu/r8_07_okinawa.zip
診療所,47,2211327,医療法人徳洲会　よみたんクリニック,中頭郡読谷村長浜１７７４番地,098-958-5775,医療法人徳洲会　理事長　東上　震一,山本　由和,内科　外科　小児科　泌尿器科,,平20. 7. 1,kyushu/r8_07_okinawa.zip
診療所,47,2211350,玄米クリニック,中頭郡西原町翁長８３４　トムズエンタープライズビル２Ｆ,098-944-6663,医療法人　健康ヴィレッジ２１　理事長　森田　悦雄,森田　悦雄,内科　循環器内科,,平21. 1. 1,kyushu/r8_07_okinawa.zip
病院,47,2211376,屋宜原病院,中頭郡北中城村屋宜原７２２番地,,医療法人　新緑会　理事長　町田　正,川野　幸志,療養　内科　皮膚科,220,平21. 12. 1,kyushu/r8_07_okinawa.zip
診療所,47,2211384,ロクト整形Ｊ２,中頭郡嘉手納町屋良１０６３番１,098-957-6910,医療法人六人会　理事長　渡邊　丞,奥間　孝,整形外科　リハビリテーション科,,平22. 5. 1,kyushu/r8_07_okinawa.zip
診療所,47,2211400,今井内科医院,中頭郡中城村南上原６２０番地１３３街区５画地,098-988-9946,今井　千春,今井　千春,内科　循環器内科,,平22. 10. 1,kyushu/r8_07_okinawa.zip
診療所,47,2211442,ハートライフクリニック,中頭郡西原町掛保久２８８番地,098-882-0810,社会医療法人　かりゆし会　理事長　安里　哲好,山本　壽一,内　小　他,,平24. 4. 1,kyushu/r8_07_okinawa.zip
診療所,47,2211467,ゆいゆい内科クリニック,中頭郡西原町我謝７８６番地１１,098-946-0055,安谷屋　徳章,安谷屋　徳章,内　他,,平25. 6. 1,kyushu/r8_07_okinawa.zip
診療所,47,2211517,あゆみ眼科,中頭郡北谷町桑江一丁目１２番１号,098-926-0660,島袋　あゆみ,島袋　あゆみ,眼科　小児眼科,,平26. 5. 1,kyushu/r8_07_okinawa.zip
診療所,47,2211525,まちだクリニック,中頭郡北谷町上勢頭５５６－３,098-921-7300,町田　宏,町田　宏,内視鏡内科　外科,,平26. 6. 1,kyushu/r8_07_okinawa.zip
診療所,47,2211533,しんはま耳鼻科・形成外科・しんはま皮ふ科,中頭郡北谷町字伊平２５０番地,098-936-4035,新濱　明彦,新濱　明彦,耳鼻咽喉科　形成外科　皮膚科,,平26. 8. 1,kyushu/r8_07_okinawa.zip
診療所,47,2211541,ファミリークリニックきたなかぐすく,中頭郡北中城村字喜舎場３６０番地１,098-935-5517,医療法人　アガペ会　理事長　涌波　淳子,山入端　浩之,内科　小児科　リハビリテーション科　皮膚科,,平26. 8. 4,kyushu/r8_07_okinawa.zip
病院,47,2211558,うえむら病院,中頭郡中城村字南上原８０３－３,098-895-3535,医療法人　海秀会　理事長　上村　哲,上村　哲,一般　産婦人科　産婦人科（生殖医療）　小児科,,平27. 1. 1,kyushu/r8_07_okinawa.zip
診療所,47,2211566,みなみクリニック,中頭郡中城村字南上原１０７２番地,098-943-2321,医療法人　ゆう　理事長　我部　敦,我部　敦,内科　呼吸器内科　外科,,平27. 5. 1,kyushu/r8_07_okinawa.zip
診療所,47,2211574,いちょう内科あしとみ,中頭郡西原町字内間３４５－２,098-944-4444,安次富　聰,安次富　聰,内科　消化器内科　小児科　皮膚科,,平27. 6. 1,kyushu/r8_07_okinawa.zip
診療所,47,2211582,わくさん内科,中頭郡中城村屋宜５９７番地１３,098-895-1900,医療法人　もりくに　理事長　湧田　森明,湧田　森明,内科　呼吸器内科　消化器内科,,平27. 5. 1,kyushu/r8_07_okinawa.zip
診療所,47,2211608,しろま眼科クリニック,中頭郡西原町字小橋川１５４番地１３,098-944-1001,医療法人　クローバー　理事長　城間　正,城間　正,眼科,,平27. 11. 1,kyushu/r8_07_okinawa.zip
診療所,47,2211616,とうま整形外科クリニック,中頭郡北谷町桑江一丁目５番３９号　２階,098-926-6677,医療法人　當和会　理事長　當眞　嗣一,當眞　嗣一,整形外科　リハビリテーション科,,平27. 11. 2,kyushu/r8_07_okinawa.zip
病院,47,2211624,医療法人徳洲会　中部徳洲会病院,中頭郡北中城村字比嘉８０１番地,098-932-1110,医療法人徳洲会　理事長　東上　震一,大城　吉則,一般　内科　ペインクリニック内科　腎臓内科　呼吸器内科　循環器内科　血液内科　消化器内科　消化器外科　外科　乳腺外科　膵臓外科　ペインクリニック外科　呼吸器外科　心臓血管外科　小児外科　気管食道外科　肛門外科　整形外科　脳神経外科　形成外科　リウマチ科　小児科　皮膚科　泌尿器科　婦人科　眼科　耳鼻咽喉科　リハビリテーション科　放射線科　病理診断科　臨床検査科　救急科　泌尿器科（人工透析）　麻酔科　歯科口腔外科　脳神経内科,408,平28. 4. 1,kyushu/r8_07_okinawa.zip
病院,47,2211632,医療法人徳洲会　北谷病院,中頭郡北谷町字上勢頭６３１番地４,098-936-5611,医療法人徳洲会　理事長　東上　震一,仲間　直崇,療養　内科　小児科　外科　整形外科　泌尿器科　リハビリテーション科,,平28. 5. 1,kyushu/r8_07_okinawa.zip
診療所,47,2211640,こばし内科クリニック,中頭郡北谷町桑江一丁目５番３９号１階,098-936-1111,医療法人桑江の楝　理事長　小橋川　啓,小橋川　啓,内　ひ　皮,,平29. 3. 1,kyushu/r8_07_okinawa.zip
診療所,47,2211681,とうま内科,中頭郡西原町字幸地９７３番地３,098-946-3799,医療法人　平成会　理事長　吉田　淳,当間　茂樹,一般　内,,平29. 12. 25,kyushu/r8_07_okinawa.zip
診療所,47,2211699,医療法人高徳会　読谷松永眼科,中頭郡読谷村字波平２５６番１,098-958-7271,医療法人高徳会　理事長　松永　功,松永　道男,一般　眼,,平30. 4. 1,kyushu/r8_07_okinawa.zip
診療所,47,2211707,なかぐすく皮フ科クリニック,中頭郡中城村字南上原７１０番地４１街区１２画地,098-917-4509,眞鳥　繁隆,眞鳥　繁隆,皮,,平30. 8. 1,kyushu/r8_07_okinawa.zip
診療所,47,2211715,わかば眼科,中頭郡中城村字南上原７１０番地４１街区１２画地,098-894-8102,宮良　孝子,宮良　孝子,眼,,平30. 8. 1,kyushu/r8_07_okinawa.zip
診療所,47,2211723,野村ハートクリニック,中頭郡嘉手納町字屋良１０６３番１,098-982-8810,医療法人薫樹会　理事長　野村　秀樹,野村　秀樹,内　呼内　皮　小　他,,平30. 12. 1,kyushu/r8_07_okinawa.zip
診療所,47,2211731,南上原こころの発達クリニック,中頭郡中城村字南上原７３２Ｓｏｕｔｈｈｉｌｌ．ｆ　１階１０５号室,098-917-6380,尾野　勤子,尾野　勤子,児童精神科　精神科　心療内科,,令元. 8. 1,kyushu/r8_07_okinawa.zip
診療所,47,2211749,ながはまメンタルクリニック,中頭郡読谷村字長浜１２７５－１　１階,098-923-1890,伊藤　礼子,伊藤　礼子,心療内科　精神科　内科,,令元. 12. 1,kyushu/r8_07_okinawa.zip
診療所,47,2211756,もりなが内科・小児科クリニック,中頭郡北谷町美浜二丁目７番７号,098-926-1234,医療法人　惠泰会　理事長　森永　泰正,森永　泰正,小児科　内科　皮膚科,,令2. 3. 6,kyushu/r8_07_okinawa.zip
診療所,47,2211764,やすらぎクリニック,中頭郡中城村字南上原７５０,098-895-2580,西村　利秀,西村　利秀,心療内科　精神科　神経科,,令2. 11. 1,kyushu/r8_07_okinawa.zip
診療所,47,2211772,中部病理診断科,中頭郡中城村新垣５４５－１,098-895-1620,一般社団法人　沖縄命宝会　代表理事　仲間　健,仲間　健,病理診断科　内科,,令3. 4. 1,kyushu/r8_07_okinawa.zip
診療所,47,2211780,たいら眼科,中頭郡読谷村字座喜味１９１７番地,098-956-0055,医療法人明碧会　理事長　平良　明美,平良　明美,眼科,,令3. 5. 1,kyushu/r8_07_okinawa.zip
診療所,47,2211798,読谷紅いもクリニック,中頭郡読谷村字上地１７６－２,098-958-7255,矢野　昭正,矢野　昭正,脳神経外科　内科　漢方内科,,令3. 8. 2,kyushu/r8_07_okinawa.zip
診療所,47,2211806,ウェルライフクリニック,中頭郡北谷町伊平二丁目１５番２２号,098-989-9211,玉城　浩,玉城　浩,内科,,令3. 8. 1,kyushu/r8_07_okinawa.zip
診療所,47,2211814,貴クリニック,中頭郡西原町小那覇２６６－１　３Ｆ,098-917-5311,東盛　貴光,東盛　貴光,形成外科　皮膚科,,令4. 4. 1,kyushu/r8_07_okinawa.zip
診療所,47,2211848,読谷平和こどもクリニック,中頭郡読谷村字上地３４番地,098-958-5515,池間　尚子,池間　尚子,小児科,,令4. 4. 1,kyushu/r8_07_okinawa.zip
診療所,47,2211855,山貴整形クリニック,中頭郡読谷村字上地３４番地,098-958-5280,山内　貴敬,山内　貴敬,整形外科　リハビリテーション科,,令4. 5. 2,kyushu/r8_07_okinawa.zip
診療所,47,2211863,国島病理診断科クリニック,中頭郡西原町棚原１－１０－１９,080-7139-4285,国島　文史,国島　文史,病理診断科,,令4. 5. 16,kyushu/r8_07_okinawa.zip
診療所,47,2211871,ひが皮膚科クリニック,中頭郡中城村字久場１２番地８,098-895-7676,医療法人嘉禎会　理事長　比嘉　禎,比嘉　禎,皮膚科　アレルギー科　美容皮膚科,,令4. 5. 1,kyushu/r8_07_okinawa.zip
診療所,47,2211889,読谷ゆんたくクリニック,中頭郡読谷村字楚辺２４１０－１,098-923-1592,岡田　亜紗,岡田　亜紗,内科　漢方内科　心療内科,,令4. 8. 1,kyushu/r8_07_okinawa.zip
診療所,47,2211921,かなさん内科リハビリクリニック,中頭郡読谷村字ときわ１５番１,098-957-1933,医療法人　かなさん　理事長　眞弓　博光,眞弓　博光,内科　神経内科　リハビリテーション科,,令6. 3. 1,kyushu/r8_07_okinawa.zip
診療所,47,2211939,ＫＡＺＵクリニック,中頭郡西原町字小那覇２６６番１メディカルプラザにしはらハート２Ｆ,098-945-0505,医療法人修和会　理事長　新垣　和伸,新垣　和伸,整形外科　リハビリテーション科,,令6. 12. 1,kyushu/r8_07_okinawa.zip
診療所,47,2211947,こころ耳鼻咽喉科,中頭郡西原町字小那覇２６６番１メディカルプラザにしはらハート４Ｆ,098-988-3363,医療法人かえで　理事長　山下　懐,山下　懐,耳鼻咽喉科　頭頸部外科　小児科,,令6. 12. 1,kyushu/r8_07_okinawa.zip
診療所,47,2211954,医療法人社団心愛会　ＴＯＷＮ訪問診療所沖縄,中頭郡西原町字東崎２２番地の３ムーンテラス東崎　Ｃ棟１０３号室,098-963-5082,医療法人社団心愛会　理事長　木下　幹雄,仲村　義一,内科　循環器内科　形成外科　皮膚科,,令7. 6. 1,kyushu/r8_07_okinawa.zip
診療所,47,2211962,よみたんファミリー内科,中頭郡読谷村古堅６７３番地１,098-989-7701,湧田　健一郎,湧田　健一郎,内科　糖尿病内科,,令7. 6. 1,kyushu/r8_07_okinawa.zip
診療所,47,2211970,絆愛こころクリニック,中頭郡北谷町字桑江６８８番地２,098-936-8811,一般社団法人　Ｏｎｅｎｅｓｓ　Ｍｅｄｉｃａｌ　Ｈｅａｌｔｈ　代表理事　佐藤　忠臣,椎名　泉,精神科　心療内科　内科,,令7. 5. 1,kyushu/r8_07_okinawa.zip
診療所,47,2211988,かんだ在宅クリニック,中頭郡読谷村字長浜１５６６－３Ｂｕｒｉｓｅｒａ　Ｈｏｕｓｅ　Ｂ－２,098-958-3318,神田　幸洋,神田　幸洋,内科　外科,,令7. 7. 1,kyushu/r8_07_okinawa.zip
診療所,47,2211996,ライカムクリニック,中頭郡北中城村ライカム５７１番地ライカム・北中城メディカルガーデン３・４階,098-932-7715,猪谷　克彦,猪谷　克彦,内科　リウマチ科　心療内科,,令7. 12. 1,kyushu/r8_07_okinawa.zip
診療所,47,2212002,あのんレディースクリニック,中頭郡北中城村ライカム５７１番地ライカム・北中城メディカルガーデン２階,098-932-6650,名城　貴子,名城　貴子,婦人科　産科　女性内科　漢方内科,,令7. 12. 1,kyushu/r8_07_okinawa.zip
診療所,47,2212010,古堅南クリニック,中頭郡読谷村字ときわ５番地１,098-921-5677,医療法人さんたさん　理事長　山田　博彦,山田　博彦,泌尿器科　内科,,令7. 9. 1,kyushu/r8_07_okinawa.zip
診療所,47,2212028,ゆいまーるクリニック,中頭郡西原町森川２２１－１－１Ｆ,098-894-3680,山城　ゆい,山城　ゆい,内科　漢方内科,,令8. 3. 1,kyushu/r8_07_okinawa.zip
診療所,47,2212036,西原ぱっちり眼科,中頭郡西原町嘉手苅１３０サンエー西原シティ１階,098-988-1035,医療法人ひとみ会　理事長　菊地　泰弘,神山　崇,眼科,,令8. 4. 1,kyushu/r8_07_okinawa.zip
診療所,47,2212044,ライカムひとみ眼科,中頭郡北中城村字ライカム１番地イオンモール沖縄ライカム２階１２２区画,098-989-7747,医療法人ひとみ会　理事長　菊地　泰弘,中石　仁,眼科,,令8. 7. 1,kyushu/r8_07_okinawa.zip
診療所,47,2310210,沖縄県立南部医療センター・こども医療センター　附属北大東診療所,島尻郡北大東村中野２０９－１０,,沖縄県知事,島袋　彬道,内　外　小,,昭47. 5. 15,kyushu/r8_07_okinawa.zip
診療所,47,2310335,沖縄県立北部病院附属伊平屋診療所,島尻郡伊平屋村我喜屋２１７－３,,沖縄県知事,真栄田　この実,内　小　外,,昭47. 5. 15,kyushu/r8_07_okinawa.zip
診療所,47,2310343,沖縄県立北部病院附属伊是名診療所,島尻郡伊是名村仲田１１９８,,沖縄県知事,古澤　由華,内　小　外,,昭47. 5. 15,kyushu/r8_07_okinawa.zip
病院,47,2310541,嬉野が丘　サマリヤ人病院,島尻郡南風原町新川４６０番地,,医療法人　社団　輔仁会　理事長　田崎　琢二,宮里　洋,精神　一般　精神科　内科　心療内科　歯科,346,昭56. 5. 22,kyushu/r8_07_okinawa.zip
診療所,47,2310574,沖縄県立南部医療センター・こども医療センター　附属南大東診療所,島尻郡南大東村在所１８３－４,,沖縄県知事,中矢代　真美,内　外　小,,昭57. 5. 1,kyushu/r8_07_okinawa.zip
診療所,47,2310616,沖縄県立南部医療センター・こども医療センター　附属粟国診療所,島尻郡粟国村東５７３,,沖縄県知事,大田　瑞生,内科　外科　小児科,,昭58. 5. 1,kyushu/r8_07_okinawa.zip
病院,47,2310673,医療法人信和会　沖縄第一病院,島尻郡南風原町兼城６４２－１,098-888-1151,医療法人信和会　理事長　宮城　智央,石川　直樹,一般　療養　内科　腎臓内科　人工透析内科　小児科　外科　整形外科　呼吸器内科　泌尿器科　放射線科　耳鼻咽喉科　リハビリテーション科　脳神経外科　循環器内科　消化器内科　肛門外科　心臓血管外科,104,昭61. 3. 1,kyushu/r8_07_okinawa.zip
診療所,47,2310756,沖縄県南部保健所,島尻郡南風原町宮平２１２,,沖縄県知事,長棟　美幸,内　歯,,昭63. 3. 1,kyushu/r8_07_okinawa.zip
診療所,47,2310772,沖縄県立南部医療センター・こども医療センター　附属渡名喜診療所,島尻郡渡名喜村１９１６－１,,沖縄県知事,宮城　妃奈乃,内　外　小,,昭63. 4. 1,kyushu/r8_07_okinawa.zip
診療所,47,2310822,沖縄県立総合精神保健福祉センター,島尻郡南風原町宮平２１２ー３,,沖縄県知事,牧志　倫,精神科,,平元. 5. 10,kyushu/r8_07_okinawa.zip
診療所,47,2310889,医療法人江南会　はえばる皮ふ科医院,島尻郡南風原町兼城７２５,,医療法人江南会　理事長　江夏　力,江夏　力,皮,,平元. 11. 20,kyushu/r8_07_okinawa.zip
診療所,47,2310897,医療法人江南会　はえばる眼科医院,島尻郡南風原町兼城７２５,,医療法人江南会　理事長　江夏　力,江夏　亮,眼,,平元. 11. 20,kyushu/r8_07_okinawa.zip
診療所,47,2310988,沖縄県立南部医療センター・こども医療センター　附属座間味診療所,島尻郡座間味村座間味４４１－１,,沖縄県知事,嘉手苅　梨乃,内　外　小,,平3. 5. 1,kyushu/r8_07_okinawa.zip
診療所,47,2310996,医療法人上里整形外科,島尻郡南風原町兼城４０１,,医療法人上里整形外科　理事長　上里　博光,上里　博光,整外　リハ,,平3. 7. 1,kyushu/r8_07_okinawa.zip
診療所,47,2311002,沖縄県立南部医療センター・こども医療センター　附属渡嘉敷診療所,島尻郡渡嘉敷村渡嘉敷２７７,,沖縄県知事,下里　美由希,内科　外科　小児科,,平4. 5. 1,kyushu/r8_07_okinawa.zip
診療所,47,2311010,沖縄県立南部医療センター・こども医療センター　附属阿嘉診療所,島尻郡座間味村阿嘉６８,,沖縄県知事,長山　晋聡,内科　外科　小児科,,平4. 5. 1,kyushu/r8_07_okinawa.zip
診療所,47,2311028,一般財団法人沖縄県健康づくり財団附属診療所,島尻郡南風原町宮平２１２,098-889-6474,一般財団法人沖縄県健康づくり財団　理事長　川畑　勉,川畑　勉,内　呼　消　循　小　外　婦　皮,,平4. 6. 1,kyushu/r8_07_okinawa.zip
診療所,47,2311077,一日橋医院,島尻郡南風原町兼城４９７－１,,医療法人鯉会　理事長　宮里　政己,宮里　政己,内科　外科　整形外科　皮膚科,,平5. 4. 1,kyushu/r8_07_okinawa.zip
診療所,47,2311184,東風平第一医院,島尻郡八重瀬町友寄４２,,医療法人助和の会　理事長　甲斐田　和博,甲斐田　和博,内　胃　外　リハ,,平6. 5. 1,kyushu/r8_07_okinawa.zip
病院,47,2311259,久田病院,島尻郡南風原町大名２７５,,医療法人正清会　理事長　与儀　英明,當山　貞雄,精神　内　精　神内　心内　他,214,平7. 6. 1,kyushu/r8_07_okinawa.zip
病院,47,2311309,博愛病院,島尻郡南風原町新川４８５－１,,医療法人フェニックス　理事長　仲本　政雄,仲本　譲,精神　精　心内　内,142,平8. 5. 1,kyushu/r8_07_okinawa.zip
診療所,47,2311374,野原整形外科,島尻郡与那原町上与那原３４１－２,098-946-1010,野原　昌亮,野原　昌亮,整外　リハ,,平9. 4. 1,kyushu/r8_07_okinawa.zip
診療所,47,2311465,知念耳鼻咽喉科,島尻郡与那原町上与那原３３５－１,098-945-3987,医療法人　東風の会　理事長　知念　信雄,知念　信雄,耳鼻咽喉科,,平10. 5. 1,kyushu/r8_07_okinawa.zip
病院,47,2311531,与那原中央病院,島尻郡与那原町与那原２９０５,098-945-8101,医療法人　和の会　理事長　山里　將保,山里　將浩,一般　療養　内科　呼吸器科　消化器科　循環器科　外科　整形外科　皮膚科　肛門科　眼科　リハビリテーション科　放射線科　麻酔科　泌尿器科　歯科　歯科口腔外科,,平12. 1. 1,kyushu/r8_07_okinawa.zip
診療所,47,2311606,てるや整形外科,島尻郡南風原町津嘉山１５９５,098-888-3636,医療法人　和仁会　理事長　照屋　勉,照屋　勉,整外,,平13. 8. 1,kyushu/r8_07_okinawa.zip
診療所,47,2311713,医療法人あおぞら会　あおぞら小児科,島尻郡与那原町上与那原３４０－１,098-946-1961,医療法人　あおぞら会　理事長　川木　達能,川木　達能,小児科　内科　皮膚科　眼科　耳鼻咽喉科　精神科　整形外科,,平15. 10. 1,kyushu/r8_07_okinawa.zip
診療所,47,2311788,吉クリニック,島尻郡南風原町神里４９５番地,098-888-5552,医療法人　ネプロス　理事長　富山　のぞみ,富山　のぞみ,内,,平18. 6. 1,kyushu/r8_07_okinawa.zip
診療所,47,2311804,ウィメンズメンタルクリニックみなみ,島尻郡南風原町新川５０７番地の１,098-889-3739,前田　並恵,前田　並恵,精　心内,,平19. 4. 1,kyushu/r8_07_okinawa.zip
診療所,47,2311838,ながみね内科,島尻郡与那原町与那原１１２１番地,098-882-0777,医療法人　春風　理事長　長嶺　春利,長嶺　春利,循　呼　消　内,,平19. 7. 1,kyushu/r8_07_okinawa.zip
病院,47,2311846,医療法人徳洲会　南部徳洲会病院,島尻郡八重瀬町外間１７１番地１,098-998-3221,医療法人徳洲会　理事長　東上　震一,服部　真己,一般　内科　呼吸器内科　循環器内科　小児科　外科　整形外科　小児外科　皮膚科　泌尿器科　産婦人科　歯科口腔外科　リハビリテーション科　放射線科　脳神経外科　麻酔科　気管食道科　呼吸器外科　心臓血管外科　消化器科　消化器外科　耳鼻咽喉科　眼科　歯科　肛門外科　救急科　病理診断科　形成外科,357,平19. 7. 1,kyushu/r8_07_okinawa.zip
診療所,47,2311853,まつだクリニック,島尻郡与那原町与那原３６７８番地,098-944-7400,医療法人　松和会　理事長　松田　直幸,松田　直幸,整外　リハ　婦,,平19. 9. 1,kyushu/r8_07_okinawa.zip
診療所,47,2311861,比嘉胃腸科内科,島尻郡南風原町照屋３６２番地,098-882-7000,比嘉　良夫,比嘉　良夫,胃　内,,平19. 10. 1,kyushu/r8_07_okinawa.zip
診療所,47,2311879,中村内科胃腸科,島尻郡八重瀬町具志頭１５４番地９,098-840-7778,中村　博,中村　博,内　胃,,平20. 5. 1,kyushu/r8_07_okinawa.zip
診療所,47,2311911,球美の島診療所,島尻郡久米島町真我里７８,098-896-8036,吉村　純,吉村　純,内科　外科,,平20. 7. 1,kyushu/r8_07_okinawa.zip
診療所,47,2311945,はえばる耳鼻咽喉科,島尻郡南風原町新川１６３番地,098-888-2233,医療法人　仁済会　理事長　江洲　浩明,江洲　浩明,一般　耳鼻咽喉科,,平21. 10. 1,kyushu/r8_07_okinawa.zip
診療所,47,2312018,心のクリニックさくら,島尻郡南風原町与那覇２８３番地,098-851-7888,上原　充,上原　充,心内　精,,平23. 8. 1,kyushu/r8_07_okinawa.zip
診療所,47,2312026,よなみね眼科,島尻郡与那原町東浜９４番地１,,医療法人雀の会　理事長　目取真　興道,目取真　興道,眼,,平23. 12. 8,kyushu/r8_07_okinawa.zip
診療所,47,2312042,南風内科クリニック,島尻郡南風原町字津嘉山１４９０番地メディカルプラザつかざん３階,098-888-2121,照屋　諭,照屋　諭,内　呼内　心内　小　婦　外　整外　皮　耳い　眼,,平25. 8. 1,kyushu/r8_07_okinawa.zip
診療所,47,2312059,みやぐに皮フ科,島尻郡南風原町字津嘉山１４９０番地メディカルプラザつかざん３Ｆ,098-888-4112,宮國　均,宮國　均,皮,,平25. 8. 1,kyushu/r8_07_okinawa.zip
診療所,47,2312067,わんぱくクリニック,島尻郡南風原町字津嘉山１４９０番地,098-888-1234,医療法人　わらべの会　理事長　呉屋　良信,呉屋　良信,小,,平25. 8. 1,kyushu/r8_07_okinawa.zip
診療所,47,2312083,発達・神経クリニック　プロップ,島尻郡南風原町字新川２１５番地３,098-987-1233,医療法人愛燦会　理事長　城間　直秀,嶺間　博隆,精　小　内,,平25. 12. 3,kyushu/r8_07_okinawa.zip
診療所,47,2312133,やえせ整形外科,島尻郡八重瀬町字伊覇２５８番地２,098-851-4888,新井　弘一,新井　弘一,整外　リハ,,平26. 5. 1,kyushu/r8_07_okinawa.zip
診療所,47,2312158,やえせ眼科,島尻郡八重瀬町字伊覇６５番２７,098-998-1188,医療法人　にしき会　理事長　城間　弘喜,城間　弘喜,眼,,平26. 5. 1,kyushu/r8_07_okinawa.zip
診療所,47,2312166,医療法人杏月会　空の森クリニック,島尻郡八重瀬町字屋宜原２２９－１,098-998-0011,医療法人杏月会　理事長　德永　義光,德永　義光,一般　産婦人科　内科　麻酔科　泌尿器科,,平26. 11. 1,kyushu/r8_07_okinawa.zip
診療所,47,2312174,なかだ内科クリニック,島尻郡与那原町東浜９３－３,098-944-2211,仲田　操,仲田　操,内科　循環器内科,,平27. 4. 1,kyushu/r8_07_okinawa.zip
診療所,47,2312208,つかざんクリニック,島尻郡南風原町字津嘉山１３１５－１,098-888-6789,島袋　容司樹,島袋　容司樹,内科　胃腸内科　肝臓内科,,平27. 9. 7,kyushu/r8_07_okinawa.zip
診療所,47,2312232,那覇内視鏡クリニック,島尻郡南風原町字新川２１７－４　２Ｆ,098-940-6060,田中　健児,田中　健児,内　他,,平29. 5. 1,kyushu/r8_07_okinawa.zip
診療所,47,2312240,えびす耳鼻科,島尻郡南風原町字与那覇２８３番地　メディカルプラザはえばる３Ｆ,098-987-0033,医療法人　まじゅん会　理事長　松村　純,松村　純,耳い,,平29. 7. 1,kyushu/r8_07_okinawa.zip
診療所,47,2312265,緑クリニック,島尻郡八重瀬町宜次７２１－１１,098-835-7722,神里　賢三,神里　賢三,内　皮　心内　他　リハ　小,,平30. 2. 1,kyushu/r8_07_okinawa.zip
診療所,47,2312273,中村内科クリニック,島尻郡与那原町字与那原３０６８－１,098-945-2587,中村　義人,中村　義人,内　他　リハ,,平30. 6. 1,kyushu/r8_07_okinawa.zip
診療所,47,2312281,沖縄こどもとおとなの整形外科,島尻郡八重瀬町字東風平１２０９番地,098-840-7770,医療法人久光会　理事長　久光　淳士郎,久光　淳士郎,整外　他　リハ,,平30. 11. 1,kyushu/r8_07_okinawa.zip
診療所,47,2312299,サニー眼科,島尻郡南風原町津嘉山１４９０番地メディカルプラザつかざん１Ｆ,098-888-1195,照屋　絵厘子,照屋　絵厘子,眼科,,令元. 10. 1,kyushu/r8_07_okinawa.zip
診療所,47,2312307,やえせ子どもクリニック,島尻郡八重瀬町字伊覇５４番地３　２Ｆ－１,098-998-1234,医療法人慧征会　理事長　大城　征,大城　征,小児科,,令元. 12. 1,kyushu/r8_07_okinawa.zip
診療所,47,2312315,ありがとう子供クリニック,島尻郡南風原町字津嘉山４４０－５,098-851-7000,医療法人ありがとう　理事長　二木　良夫,二木　良夫,小児科,,令2. 1. 1,kyushu/r8_07_okinawa.zip
診療所,47,2312323,医療法人社団新穂会　南の風皮フ科,島尻郡南風原町字与那覇２８３番地メディカルプラザはえばる１階,098-987-4346,医療法人社団新穂会　理事長　都外川　新,山城　栄津子,皮膚科　小児皮膚科,,令2. 8. 1,kyushu/r8_07_okinawa.zip
診療所,47,2312356,医療法人社団悠翔会　くくるホームケアクリニック南風原,島尻郡南風原町字宮平８７番地,098-882-7250,医療法人社団悠翔会　理事長　佐々木　淳,鳥越　桂,内科　精神科　麻酔科　緩和ケア内科,,令3. 5. 1,kyushu/r8_07_okinawa.zip
診療所,47,2312364,やえせ心のクリニック,島尻郡八重瀬町字東風平１２００番１０,098-998-0556,渡部　尚,渡部　尚,精神科　心療内科,,令3. 5. 1,kyushu/r8_07_okinawa.zip
診療所,47,2312372,にこにこ内科・外科クリニック,島尻郡八重瀬町字伊覇５４－３　２Ｆ－２,098-987-4932,新垣　義人,新垣　義人,内科　外科,,令4. 3. 1,kyushu/r8_07_okinawa.zip
診療所,47,2312398,医療法人社団翔和仁誠会よなばる耳鼻咽喉科,島尻郡与那原町字上与那原３３５番１号アーバンハイム新垣１０２号,098-943-8317,医療法人社団翔和仁誠会　理事長　髙松　俊輔,吉田　克也,耳鼻咽喉科　アレルギー科,,令4. 12. 1,kyushu/r8_07_okinawa.zip
診療所,47,2312406,のはら小児科医院,島尻郡南風原町兼城２５８番地１階,098-888-2111,医療法人　広和会　理事長　野原　薫,野原　薫,小児科,,令4. 11. 1,kyushu/r8_07_okinawa.zip
診療所,47,2312430,あおのこころのクリニック,島尻郡南風原町字照屋２６３－１はえばるスマイルスクエア１０３,098-987-5568,青野　聡,青野　聡,心療内科　精神科,,令6. 12. 1,kyushu/r8_07_okinawa.zip
診療所,47,2312448,医療法人颯陽会　はえばる整形外科クリニック,島尻郡南風原町字照屋２６３－１はえばるスマイルスクエア２０１、１０２,098-995-6360,医療法人颯陽会　理事長　上里　迅,西川　正修,整形外科　リハビリテーション科　耳鼻咽喉科,,令7. 4. 1,kyushu/r8_07_okinawa.zip
診療所,47,2312455,沖縄皮膚科医院　八重瀬クリニック,島尻郡八重瀬町東風平１２００番地５　１階,098-851-8066,医療法人審美会　　理事長　伊藤　誠,伊藤　誠,皮膚科　アレルギー疾患皮膚科　小児皮膚科　美容皮膚科　形成外科,,令7. 5. 1,kyushu/r8_07_okinawa.zip
診療所,47,2312463,はえばるクリニック,島尻郡南風原町字宮平２０２番地１,098-987-7746,医療法人　崇穂会　理事長　伊集　唯行,山口　昌司,一般　一般　内科　腎臓内科　糖尿病内科　循環器内科　呼吸器内科　消化器内科　人工透析内科　泌尿器科　リハビリテーション科,19,令8. 1. 1,kyushu/r8_07_okinawa.zip
診療所,47,2312471,オリバー美容形成外科,島尻郡南風原町津嘉山１１０５－１－２階,098-882-7898,一般社団法人　安寧　代表理事　川﨑　雅人,川﨑　雅人,形成外科,,令8. 4. 1,kyushu/r8_07_okinawa.zip
診療所,47,2410051,沖縄県立宮古病院附属多良間診療所,宮古郡多良間村塩川１６２－３,,沖縄県知事,大見謝　望,内　小　外,,昭50. 2. 1,kyushu/r8_07_okinawa.zip
診療所,47,2510058,与那国町診療所,八重山郡与那国町与那国１２５－１,0980-87-2250,与那国町長,粕谷　和彦,一般　内　小　外,,昭48. 10. 29,kyushu/r8_07_okinawa.zip
診療所,47,2510066,沖縄県立八重山病院附属西表西部診療所,八重山郡竹富町西表６９４,,沖縄県知事,波平　郁実,内　小　外,,昭59. 4. 1,kyushu/r8_07_okinawa.zip
診療所,47,2510116,沖縄県立八重山病院附属波照間診療所,八重山郡竹富町波照間２７５０－１,,沖縄県知事,宮島　一実,内　小　外,,平6. 4. 1,kyushu/r8_07_okinawa.zip
診療所,47,2510124,沖縄県立八重山病院附属小浜診療所,八重山郡竹富町小浜３０,,沖縄県知事,富川　のぞみ,内科　小児科　外科,,平7. 4. 1,kyushu/r8_07_okinawa.zip
診療所,47,2510140,沖縄県立八重山病院附属大原診療所,八重山郡竹富町南風見２０１－１３１,09808-5-5516,沖縄県知事,小橋川　隆行,内　小　外,,平14. 5. 1,kyushu/r8_07_okinawa.zip
診療所,47,2510157,竹富町立竹富診療所,八重山郡竹富町竹富３２３番地,0980-85-2132,竹富町役場　竹富町長,笹尾　怜子,内,,平24. 12. 3,kyushu/r8_07_okinawa.zip
診療所,47,2510173,竹富町立　黒島診療所,八重山郡竹富町字黒島１４７３番地の１,0980-85-4114,竹富町長,岩永　健志,内科,,平26. 8. 25,kyushu/r8_07_okinawa.zip
病院,47,8010038,独立行政法人国立病院機構　琉球病院,国頭郡金武町金武７９５８－１,098-968-2133,独立行政法人国立病院機構　理事長　新木　一弘,福治　康秀,一般　精神　精神科　児童精神科　内科　神経科　リハビリテーション科,294,昭47. 5. 15,kyushu/r8_07_okinawa.zip
病院,47,8010046,独立行政法人国立病院機構　沖縄病院,宜野湾市我如古３－２０－１４,,独立行政法人国立病院機構　理事長　新木　一弘,大湾　勤子,一般　結核　内科　脳神経内科　外科　呼吸器外科　整形外科　小児科　リハビリテーション科　放射線科　病理診断科　呼吸器内科　麻酔科　放射線治療科　消化器内科,270,昭53. 12. 1,kyushu/r8_07_okinawa.zip
病院,47,8010053,国立療養所沖縄愛楽園,名護市済井出１１９２,,厚生労働大臣,野村　謙,一般　内　外　整外　眼　皮　耳い　精　ひ　歯,314,昭58. 9. 1,kyushu/r8_07_okinawa.zip
病院,47,8010061,国立療養所宮古南静園,宮古島市平良島尻８８８,,厚生労働大臣,松原　洋孝,一般　内　外　皮　眼　耳い　歯,100,昭58. 9. 1,kyushu/r8_07_okinawa.zip
病院,47,8010103,琉球大学病院,宜野湾市字喜友名１０７６番地,098-894-1301,国立大学法人　琉球大学　学長　喜納　育江,鈴木　幹男,一般　精神　結核　一般（感染）　感染症内科　呼吸器内科　消化器内科　内分泌代謝内科　血液内科　リウマチ内科　循環器内科　腎臓内科　脳神経内科　消化器外科　乳腺内分泌外科　小児外科　心臓血管外科　呼吸器外科　脳神経外科　整形外科　形成外科　産科　婦人科　小児科　皮膚科　腎泌尿器外科　耳鼻咽喉外科　頭頸部外科　眼科　精神科　放射線科　麻酔科　歯科口腔外科　病理診断科　救急科　リハビリテーション科,576,令7. 1. 1,kyushu/r8_07_okinawa.zip
病院,47,8110028,沖縄県立中部病院,うるま市宮里２８１番地,,沖縄県知事,天願　俊穂,一般　一般（感染）　内　呼内　消化器内科　循環器内科　麻　小　外　整外　脳外　ひ　眼　産　婦　耳い　放　皮　リハ　歯科口腔外科　神内　心外　精　呼外　小外　形外　肛門外科　心内　アレ　リウ　病理　（腎臓　血液・腫瘍　感染症　糖尿病・代謝）内科　（内分泌　新生児　緩和ケア）内科　（気管食道　消化器　乳腺　耳鼻咽喉・頭頸部）外科　救急科,559,昭47. 5. 15,kyushu/r8_07_okinawa.zip
病院,47,8110135,沖縄県立精和病院,島尻郡南風原町新川２６０,,沖縄県知事,屋良　一夫,精神　結核　精神科　リハビリテーション科　内科　歯科　心療内科,246,昭61. 3. 1,kyushu/r8_07_okinawa.zip
病院,47,8110150,沖縄県立北部病院,名護市大中２－１２－３,0980-52-2719,沖縄県知事,佐々木　尚美,一般　一般（感染）　内科　腎臓内科　精神科　神経内科　呼吸器外科　リウマチ科　小児科　外科　整形外科　病理診断科　脳神経外科　皮膚科　泌尿器科　産科　婦人科　眼科　耳鼻咽喉科　リハビリテーション科　放射線科　麻酔科　歯科口腔外科　呼吸器内科　消化器外科　消化器内科　循環器内科　救急科　形成外科,327,平3. 12. 1,kyushu/r8_07_okinawa.zip
病院,47,8110168,公立久米島病院,島尻郡久米島町嘉手苅５７２－３,098-985-5555,沖縄県離島医療組合　管理者　沖縄県知事,並木　宏文,一般　内　小　外　産婦　整外　耳い　皮　眼　精　リハ　ひ　神内　他,,平12. 4. 20,kyushu/r8_07_okinawa.zip
病院,47,8110176,沖縄県立南部医療センター・こども医療センター,島尻郡南風原町新川１１８番地の１,098-888-0123,沖縄県知事,重盛　康司,一般　精神　一般（感染）　内　呼吸器内科　消化器内科　循環器内科　小児循環器内科　神経内科　小児神経内科　外科　小児外科　呼外　心臓血管外科　小児心臓血管外科　脳神経外科　小児脳神経外科　整形外科　小児整形外科　形成外科　小児形成外科　精神科　小児精神科　リウ　小　皮　泌尿器科　小児泌尿器科　産　婦　眼科　小児眼科　耳鼻咽喉科　小児耳鼻咽喉科　リハ　放射線科　小児放射線科　病理　歯科口腔外科　麻酔科　小児麻酔科　（腎臓　小児腎臓　新生児　感染症）内科　（血液・腫瘍　小児血液・腫瘍）内科　（糖尿病・代謝　小児内分泌・代謝）内科　（気管食道　消化器　乳腺）外科　救急科,439,平18. 4. 1,kyushu/r8_07_okinawa.zip
病院,47,8110184,沖縄赤十字病院,那覇市与儀１丁目３番１号,,日本赤十字社　社長　清家　篤,赤嶺　盛和,一般　内科　消化器内科　血液内科　代謝内科　内分泌内科　小児科　外科　消化器外科　乳腺外科　血管外科　緩和ケア外科　整形外科　脳神経外科　脳神経内科　産婦人科　皮膚科　泌尿器科　眼科　耳鼻咽喉科　麻酔科　歯科　歯科口腔外科　放射線科　リハビリテーション科　呼吸器外科　精神科　病理診断科　呼吸器内科　循環器内科　心臓血管外科　腎臓内科,277,平22. 7. 1,kyushu/r8_07_okinawa.zip
病院,47,8110192,沖縄県立宮古病院,宮古島市平良字下里４２７番１,0980-72-3151,沖縄県病院事業管理者　病院事業局長　本竹　秀光,川満　博昭,一般　結核　精神　一般（感染）　内科　呼吸器内科　消化器内科　消化器外科　循環器内科　神経内科　外科　心臓血管外科　脳神経外科　整形外科　精神科　小児科　皮膚科　泌尿器科　産科　婦人科　眼科　耳鼻咽喉科　リハビリテーション科　放射線科　救急科　歯科口腔外科　麻酔科　腎臓内科　病理診断科,229,平25. 6. 1,kyushu/r8_07_okinawa.zip
病院,47,8110200,沖縄県立八重山病院,石垣市真栄里５８４番地１,0980-87-5557,沖縄県病院事業管理者　病院事業局長　本竹　秀光,田仲　斉,一般　結核　精神　一般（感染）　内　呼内　神内　外　呼外　脳外　整外　精　小　皮　ひ　産　婦　眼　耳い　リハ　麻　放　歯外　他,258,平30. 10. 1,kyushu/r8_07_okinawa.zip
歯科,47,0131374,前島歯科医院,那覇市小禄５４６－２,,金城　竹治,金城　竹治,歯　矯歯　小歯,,昭53. 11. 12,kyushu/r8_07_okinawa.zip
歯科,47,0131556,銘苅歯科医院,那覇市久米２－１６－２２,,銘苅　清,銘苅　清,歯,,昭55. 6. 1,kyushu/r8_07_okinawa.zip
歯科,47,0131572,銘苅歯科医院,那覇市安里１－２－４,,安里　幸子,安里　幸子,歯科,,昭55. 5. 1,kyushu/r8_07_okinawa.zip
歯科,47,0131671,太田歯科医院,那覇市長田１－２４－１１,,太田　正昭,太田　正昭,歯,,昭56. 1. 1,kyushu/r8_07_okinawa.zip
歯科,47,0131911,しんざと歯科,那覇市安里１－１－５８光生ビル３Ｆ,,新里　正武,新里　正武,歯　小歯,,昭57. 4. 1,kyushu/r8_07_okinawa.zip
歯科,47,0132299,たなはら歯科,那覇市古島２－２９－１,,棚原　英仁,棚原　英仁,歯　小歯　矯歯,,昭59. 3. 1,kyushu/r8_07_okinawa.zip
歯科,47,0132497,たかみね歯科クリニック,那覇市松山１－９－２,,高嶺　明彦,高嶺　明彦,歯　矯歯　小歯,,昭60. 3. 1,kyushu/r8_07_okinawa.zip
歯科,47,0132596,おくずみ歯科クリニック,那覇市曙２－１０－２５,,奥住　守彦,奥住　守彦,歯　矯歯　小歯,,昭60. 9. 1,kyushu/r8_07_okinawa.zip
歯科,47,0132851,山城歯科医院,那覇市与儀３７３－７メゾン城間１Ｆ,,山城　正裕,山城　正裕,歯,,昭62. 5. 1,kyushu/r8_07_okinawa.zip
歯科,47,0132919,高良歯科医院,那覇市小禄１－１－７プラザ高良２０１,,高良　政憲,高良　政憲,歯　小歯,,昭62. 7. 1,kyushu/r8_07_okinawa.zip
歯科,47,0132943,島袋歯科医院,那覇市宇栄原６丁目５番７号,,島袋　泰弘,島袋　泰弘,歯,,昭62. 9. 1,kyushu/r8_07_okinawa.zip
歯科,47,0133131,あけぼの歯科,那覇市曙２－２４－３ＰＭＣマンション２Ｆ,,高良　宗男,高良　宗男,歯　矯歯　小歯,,昭63. 6. 1,kyushu/r8_07_okinawa.zip
歯科,47,0133164,砂川歯科医院,那覇市繁多川５－１７－７,,砂川　英樹,砂川　英樹,歯　小歯,,昭63. 7. 14,kyushu/r8_07_okinawa.zip
歯科,47,0133198,すながわ歯科クリニック,那覇市首里石嶺町２－１１８－１コーポ華１Ｆ,,砂川　武範,砂川　武範,歯,,昭63. 9. 1,kyushu/r8_07_okinawa.zip
歯科,47,0133297,医療法人　さつき会　さつき歯科クリニック,那覇市宇栄原２－１８－３,,医療法人　さつき会　理事長　金城　光也,金城　光也,歯　矯歯　小歯　歯外,,平2. 1. 1,kyushu/r8_07_okinawa.zip
歯科,47,0133321,松本歯科クリニック,那覇市上間５５９－１サンフェアリー毎日１Ｆ,,松本　真志,松本　真志,歯,,平2. 5. 1,kyushu/r8_07_okinawa.zip
歯科,47,0133388,知花歯科医院,那覇市首里当蔵町２－１７,,護得久　朝保,護得久　朝保,歯,,平2. 7. 1,kyushu/r8_07_okinawa.zip
歯科,47,0133420,しろま歯科クリニック,那覇市金城５－２－３サザンクロス与儀２Ｆ,,城間　三男,城間　三男,歯,,平2. 9. 1,kyushu/r8_07_okinawa.zip
歯科,47,0133438,久茂地歯科クリニック,那覇市久茂地２－８－７久茂地ＫＭビル４Ｆ,,新垣　秀也,新垣　秀也,歯　矯歯　小歯,,平2. 9. 1,kyushu/r8_07_okinawa.zip
歯科,47,0133453,阿嘉歯科医院,那覇市寄宮２－３６－１５,,阿嘉　昭宗,阿嘉　昭宗,歯,,平2. 8. 14,kyushu/r8_07_okinawa.zip
歯科,47,0133511,長堂歯科医院,那覇市繁多川２－１－１,,長堂　忍,長堂　忍,歯　矯歯　小歯,,平3. 3. 1,kyushu/r8_07_okinawa.zip
歯科,47,0133537,パレット歯科,那覇市久茂地１－１－１パレットくもじ　３０７号,,山城　繁隆,山城　繁隆,歯,,平3. 5. 1,kyushu/r8_07_okinawa.zip
歯科,47,0133545,上里歯科医院,那覇市首里石嶺町３－３７２,,上里　和美,上里　和美,歯,,平3. 5. 1,kyushu/r8_07_okinawa.zip
歯科,47,0133560,つぼや歯科医院,那覇市壺屋２－２３－４,,平良　浩,平良　浩,歯,,平3. 8. 1,kyushu/r8_07_okinawa.zip
歯科,47,0133610,やまと歯科医院,那覇市田原３－７－２小禄リースビル　３Ｆ　３０４号,,医療法人徳歯会　理事長　國仲　徳貞,國仲　徳貞,歯科　小児歯科,,平4. 4. 1,kyushu/r8_07_okinawa.zip
歯科,47,0133644,和　歯科医院,那覇市上間２７８－１,,上原　和人,上原　和人,歯　矯歯　小歯,,平4. 7. 1,kyushu/r8_07_okinawa.zip
歯科,47,0133727,ほかま歯科クリニック,那覇市首里鳥堀町１－９　２階,,外間　宏正,外間　宏正,歯,,平4. 10. 1,kyushu/r8_07_okinawa.zip
歯科,47,0133743,くだ歯科クリニック,那覇市久茂地３－１１－６,,久田　誠一郎,久田　誠一郎,歯,,平5. 2. 1,kyushu/r8_07_okinawa.zip
歯科,47,0133750,友寄デンタルクリニック,那覇市寄宮１－３２－２,,友寄　清喜,友寄　清喜,歯　小歯,,平5. 3. 1,kyushu/r8_07_okinawa.zip
歯科,47,0133768,シンヤ歯科,那覇市鏡原町２６－２６,,医療法人　高稚代会　理事長　新谷　美稚子,新谷　美稚子,歯　小歯　矯歯　歯外,,平5. 3. 1,kyushu/r8_07_okinawa.zip
歯科,47,0133784,みやぎ歯科クリニック,那覇市松山２－２３－１３,,宮城　嗣典,宮城　嗣典,歯　小歯,,平5. 4. 1,kyushu/r8_07_okinawa.zip
歯科,47,0133826,ユキデンタルオフィス,那覇市泉崎２－１９－７,,小場　幸夫,小場　幸夫,歯　小歯,,平5. 6. 1,kyushu/r8_07_okinawa.zip
歯科,47,0133842,前城歯科,那覇市安里２－８－５,,前城　康一,前城　康一,歯　小歯,,平5. 10. 1,kyushu/r8_07_okinawa.zip
歯科,47,0133859,うね歯科,那覇市上之屋４１１－７,,宇根　良,宇根　良,歯　矯歯,,平5. 10. 1,kyushu/r8_07_okinawa.zip
歯科,47,0133941,医療法人長浜歯科医院,那覇市国場１１８６－２,,医療法人長浜歯科医院　理事長　長濱　正,長濱　正,歯　矯歯　小歯,,平6. 5. 1,kyushu/r8_07_okinawa.zip
歯科,47,0133966,にしひら歯科クリニック,那覇市真地３５８－１,,西平　守昭,西平　守昭,歯　小歯,,平6. 8. 1,kyushu/r8_07_okinawa.zip
歯科,47,0133974,うちはら歯科,那覇市古波蔵２－３２－２９,,宇地原　榮一,宇地原　榮一,歯　小歯,,平6. 8. 1,kyushu/r8_07_okinawa.zip
歯科,47,0134006,浜口歯科医院,那覇市久茂地１－４－９アイキャンビル２Ｆ,098-867-2214,濵口　茂雄,濵口　茂雄,歯　矯歯　小歯,,平6. 11. 1,kyushu/r8_07_okinawa.zip
歯科,47,0134097,ミヤサト歯科,那覇市松尾１－１９－２７東京生命那覇ビル２Ｆ,098-867-6480,宮里　毅,宮里　毅,歯,,平7. 9. 1,kyushu/r8_07_okinawa.zip
歯科,47,0134105,赤嶺歯科クリニック,那覇市楚辺２－２５－９,,医療法人　誠志会　理事長　赤嶺　雄志,赤嶺　雄志,歯,,平7. 11. 1,kyushu/r8_07_okinawa.zip
歯科,47,0134139,西川歯科医院,那覇市金城５丁目１６番地１２エルカステロ２Ｆ,098-859-4700,西川　謙,西川　謙,歯,,平8. 1. 1,kyushu/r8_07_okinawa.zip
歯科,47,0134246,かなぐすく歯科,那覇市金城２－１２－７マンションゆい１Ｆ,098-858-3117,新里　吉之,新里　吉之,歯,,平8. 10. 1,kyushu/r8_07_okinawa.zip
歯科,47,0134253,かかず歯科医院,那覇市仲井真３７９－２つねビル２Ｆ,098-835-1472,羽地　政江,羽地　政江,歯,,平8. 11. 1,kyushu/r8_07_okinawa.zip
歯科,47,0134261,まきし歯科医院,那覇市首里石嶺町４－１９９,098-885-1182,玉城　吉康,玉城　吉康,歯科　小児歯科,,平8. 12. 1,kyushu/r8_07_okinawa.zip
歯科,47,0134279,いしはら歯科医院,那覇市小禄２丁目３番地１３,098-858-9955,石原　一,石原　一,歯,,平8. 12. 1,kyushu/r8_07_okinawa.zip
歯科,47,0134329,ＣＯＣＯ歯科医院,那覇市田原４－１－６メゾン金城１０２,098-858-8401,神山　まり,神山　まり,歯　小歯,,平9. 6. 1,kyushu/r8_07_okinawa.zip
歯科,47,0134345,金城歯科医院,那覇市識名１－５－１２,098-831-8213,金城　一真,金城　一真,歯　矯歯　小歯,,平9. 7. 1,kyushu/r8_07_okinawa.zip
歯科,47,0134352,医療法人　大道歯科医院,那覇市安里３８１本部ビル６階,,医療法人　大道歯科医院　理事長　仲村　将健,仲村　将健,歯科,,平9. 6. 20,kyushu/r8_07_okinawa.zip
歯科,47,0134360,たから歯科,那覇市安里３７２ＳＴビル,,高良　政勝,高良　政勝,歯,,平9. 7. 18,kyushu/r8_07_okinawa.zip
歯科,47,0134378,もり歯科,那覇市与儀２－２－３,098-833-4618,森　真二郎,森　真二郎,歯,,平9. 8. 1,kyushu/r8_07_okinawa.zip
歯科,47,0134394,石井歯科医院,那覇市小禄１－２７－１７ソシアＡ１０２,098-857-6696,石井　豊,石井　豊,歯,,平9. 10. 1,kyushu/r8_07_okinawa.zip
歯科,47,0134428,へんざん歯科クリニック,那覇市国場３７２２階,098-834-8800,平安山　英守,平安山　英守,歯科　矯正歯科,,平10. 3. 1,kyushu/r8_07_okinawa.zip
歯科,47,0134436,高良一丁目歯科,那覇市具志１－１－１１,098-857-0099,菊池　真由美,菊池　真由美,歯科　矯正歯科　小児歯科,,平10. 2. 16,kyushu/r8_07_okinawa.zip
歯科,47,0134501,おおはし歯科医院,那覇市古波蔵３－８－５玉城ビル２Ｆ,,金城　朝和,金城　朝和,歯　矯歯　小歯,,平10. 9. 1,kyushu/r8_07_okinawa.zip
歯科,47,0134527,さくら歯科医院,那覇市長田２－１３－１５キャッスル長田１０１,098-831-9198,医療法人　誠愛会　理事長　新垣　誠,新垣　誠,歯　矯歯　小歯　歯外,,平10. 10. 1,kyushu/r8_07_okinawa.zip
歯科,47,0134592,チャイルド歯科,那覇市与儀２－２１－２,098-835-3228,医療法人　雄誠会　理事長　長田　紀雄,長田　紀雄,歯　矯歯　小歯,,平11. 5. 1,kyushu/r8_07_okinawa.zip
歯科,47,0134626,たまき歯科医院,那覇市松尾２－３－７,098-868-0736,玉城　斉,玉城　斉,歯　小歯　矯歯,,平11. 8. 1,kyushu/r8_07_okinawa.zip
歯科,47,0134659,まきし歯科,那覇市泊１－１－１３,098-861-5455,真喜志　早江子,真喜志　早江子,歯　矯歯　小歯,,平11. 10. 1,kyushu/r8_07_okinawa.zip
歯科,47,0134717,えいさく歯科医院,那覇市国場７０８－２,098-836-2121,上地　栄作,上地　栄作,歯　小歯　矯歯,,平12. 5. 1,kyushu/r8_07_okinawa.zip
歯科,47,0134790,ひまわり歯科,那覇市赤嶺２－４－１２,098-859-6480,李　宗奇,李　宗奇,歯,,平12. 12. 1,kyushu/r8_07_okinawa.zip
歯科,47,0134840,たろう歯科医院,那覇市久茂地１－３－８宇良ビル２階,098-866-0230,医療法人　ヴェリィ　理事長　乾　太郎,乾　太郎,歯　矯歯,,平13. 1. 1,kyushu/r8_07_okinawa.zip
歯科,47,0134865,ながた歯科医院,那覇市長田１－７－１０－１Ｆ・２Ｆ,,玉城　均,玉城　均,歯　矯歯　小歯,,平13. 6. 1,kyushu/r8_07_okinawa.zip
歯科,47,0134899,小禄ホワイト歯科,那覇市高良３－６－１シティパレス１Ｆ,098-858-0290,下地　恵公,下地　恵公,歯　小歯　歯外,,平13. 9. 1,kyushu/r8_07_okinawa.zip
歯科,47,0134923,ＹＹマリンデンタルクリニック,那覇市銘苅２－４－４６,098-863-3470,樋口　豊,樋口　豊,歯　小歯　矯歯,,平14. 1. 1,kyushu/r8_07_okinawa.zip
歯科,47,0134949,新里歯科・矯正歯科,那覇市壺屋２－１５－１４,098-855-5212,医療法人　新里歯科医院　理事長　新里　忍,護得久　朝滋,矯歯　小歯　歯,,平14. 4. 1,kyushu/r8_07_okinawa.zip
歯科,47,0134964,ごや歯科クリニック,那覇市銘苅３２３－１　２Ｆ,098-864-1816,呉屋　尚志,呉屋　尚志,歯科　小児歯科　歯科口腔外科　矯正歯科,,平14. 8. 2,kyushu/r8_07_okinawa.zip
歯科,47,0134972,エム・エム歯科クリニック,那覇市牧志１－１２－５,098-861-0648,医療法人　またよし会　理事長　宮國　義樹,宮國　義樹,歯科　矯正歯科　小児歯科　歯科口腔外科,,平14. 10. 1,kyushu/r8_07_okinawa.zip
歯科,47,0135011,オリオン歯科,那覇市三原１－２３－１,098-834-9808,東　哲世,東　哲世,歯科　矯正歯科　小児歯科,,平14. 12. 1,kyushu/r8_07_okinawa.zip
歯科,47,0135029,首里歯科医院,那覇市首里儀保町２－５１金城ビル１Ｆ,098-886-0974,佐久川　正明,佐久川　正明,歯科　小児歯科　歯科口腔外科,,平14. 12. 1,kyushu/r8_07_okinawa.zip
歯科,47,0135037,ハロー歯科,那覇市首里汀良町３－９８－４,098-871-4649,照屋　健,照屋　健,歯科　小児歯科,,平15. 4. 1,kyushu/r8_07_okinawa.zip
歯科,47,0135045,アイリス歯科,那覇市長田１－１－１アクロス寄宮２階,098-836-3626,林　あやめ,林　あやめ,歯科　小児歯科　歯科口腔外科,,平15. 4. 1,kyushu/r8_07_okinawa.zip
歯科,47,0135078,ももはら矯正歯科クリニック,那覇市安謝２－１２－１８,098-860-5365,桃原　均,桃原　均,矯正歯科,,平15. 7. 1,kyushu/r8_07_okinawa.zip
歯科,47,0135086,首里あかみね歯科,那覇市首里金城町２－１０１,098-885-8880,赤嶺　誠吾,赤嶺　誠吾,歯科　小児歯科,,平15. 7. 12,kyushu/r8_07_okinawa.zip
歯科,47,0135094,はねじ歯科クリニック,那覇市銘刈１－３－４１レゼルアッシュ２Ｂ,098-869-6474,羽地　徹,羽地　徹,歯科　矯正歯科　小児歯科　歯科口腔外科,,平15. 9. 1,kyushu/r8_07_okinawa.zip
歯科,47,0135144,たかえす歯科クリニック,那覇市天久２－３０－１,098-869-1021,高江洲　實,高江洲　實,歯科　矯正歯科　小児歯科　歯科口腔外科,,平16. 2. 1,kyushu/r8_07_okinawa.zip
歯科,47,0135151,ゆいデンタルクリニック,那覇市国場１１８３－１,098-834-1118,金城　光隆,金城　光隆,歯科　小児歯科,,平16. 4. 1,kyushu/r8_07_okinawa.zip
歯科,47,0135177,よなは歯科クリニック,那覇市具志１－１６－８,098-859-4784,与那覇　朝路,与那覇　朝路,歯　小歯　歯外,,平16. 7. 14,kyushu/r8_07_okinawa.zip
歯科,47,0135193,けいこ歯科医院,那覇市首里寒川町２－６８－２,098-885-5459,豊岡　恵子,豊岡　恵子,歯,,平16. 10. 8,kyushu/r8_07_okinawa.zip
歯科,47,0135250,大山歯科医院,那覇市小禄１２０番地２Ｆ,098-857-1066,大山　哲生,大山　哲生,歯,,平17. 2. 1,kyushu/r8_07_okinawa.zip
歯科,47,0135284,ＲＩＯ歯科クリニック,那覇市首里儀保町３－２８宮城ビル２階,098-885-6487,首藤　法生,首藤　法生,歯　矯歯　小歯　歯外,,平17. 3. 1,kyushu/r8_07_okinawa.zip
歯科,47,0135300,みやぎ歯科医院,那覇市泉崎２－２－２,,医療法人　再生会　理事長　宮城　正廣,宮城　正廣,歯,,平17. 5. 1,kyushu/r8_07_okinawa.zip
歯科,47,0135318,ＮＹデンタルクリニック,那覇市銘刈２－１－２４,098-869-6932,医療法人　社団栄徳会　理事長　伊敷　隆,伊敷　隆,歯　矯歯　歯外,,平17. 6. 1,kyushu/r8_07_okinawa.zip
歯科,47,0135334,おもろまち駅前歯科,那覇市おもろまち４丁目１７－２１ケイエムビル６Ｆ,098-863-4618,郡島　大,郡島　大,歯　矯歯　小歯　歯外,,平17. 8. 1,kyushu/r8_07_okinawa.zip
歯科,47,0135342,あいあい歯科医院,那覇市国場１３,,上原　修,上原　修,歯　小歯,,平17. 9. 16,kyushu/r8_07_okinawa.zip
歯科,47,0135375,古堅歯科矯正歯科医院,那覇市牧志１丁目１９番１５号,098-863-7802,医療法人　古堅会　理事長　古堅　信,古堅　信,歯　矯歯　小歯,,平17. 12. 1,kyushu/r8_07_okinawa.zip
歯科,47,0135409,はやし歯科クリニック,那覇市若狭２丁目５番１号,098-861-4899,林　宗史,林　宗史,歯　小歯　歯外,,平18. 4. 1,kyushu/r8_07_okinawa.zip
歯科,47,0135417,かりゆし歯科,那覇市小禄５丁目１５番１４,098-840-1818,酒井　俊幸,酒井　俊幸,歯　矯歯　小歯,,平18. 6. 1,kyushu/r8_07_okinawa.zip
歯科,47,0135466,ケイデンタルオフィス,那覇市小禄４丁目１番地の８,098-858-0008,仲間　恵義,仲間　恵義,歯　小歯　歯外,,平18. 9. 1,kyushu/r8_07_okinawa.zip
歯科,47,0135490,赤崎歯科,那覇市泊３－５－１２,098-867-7077,赤崎　栄,赤崎　栄,歯　矯歯　小歯　歯外,,平19. 2. 1,kyushu/r8_07_okinawa.zip
歯科,47,0135508,のとはら歯科,那覇市首里石嶺町４丁目６番地３号,098-882-1818,能登原　敬,能登原　敬,歯　矯歯　小歯　歯外,,平19. 4. 1,kyushu/r8_07_okinawa.zip
歯科,47,0135532,ミント歯科,那覇市安謝１丁目１番２８号フローラ新都心２Ｆ,098-995-8448,川満　聖子,川満　聖子,歯　小歯,,平19. 6. 1,kyushu/r8_07_okinawa.zip
歯科,47,0135565,国際通り歯科クリニック,那覇市牧志３－９－１　２Ｆ・３Ｆ,098-860-8049,仲程　泰之介,仲程　泰之介,歯　矯歯　小歯,,平19. 7. 1,kyushu/r8_07_okinawa.zip
歯科,47,0135581,鳴神歯科,那覇市首里久場川町２－１２２－１－３Ｆ,098-885-5413,鳴神　知晃,鳴神　知晃,歯　矯歯　歯外,,平20. 3. 1,kyushu/r8_07_okinawa.zip
歯科,47,0135599,たかし歯科医院,那覇市真嘉比２丁目３０番２２号コーポ宮城Ⅰ　１Ｆ,098-886-7755,医療法人　眞孝会　理事長　眞座　孝,眞座　孝,歯　小歯　矯歯,,平20. 3. 1,kyushu/r8_07_okinawa.zip
歯科,47,0135607,サトウデンタルオフィス,那覇市天久２－１－２８４Ｆケイユウビル,098-867-3511,佐藤　学朗,佐藤　学朗,歯　小歯　矯歯,,平20. 3. 1,kyushu/r8_07_okinawa.zip
歯科,47,0135615,城岳歯科クリニック,那覇市楚辺２丁目１番２４号ＡＺ楚辺１階,098-855-8873,宮里　省吾,宮里　省吾,歯　歯外　小歯,,平20. 4. 1,kyushu/r8_07_okinawa.zip
歯科,47,0135649,イチロウ歯科,那覇市安謝２－２－１２ボストンハウス１０２,098-861-1649,長嶺　義一郎,長嶺　義一郎,歯科　歯科口腔外科　小児歯科,,平20. 8. 1,kyushu/r8_07_okinawa.zip
歯科,47,0135680,玉木歯科,那覇市久茂地１－２－２０ＯＴＶ国和プラザ３階,,玉木　甲之進,玉木　甲之進,歯科　小児歯科　矯正歯科　歯科口腔外科,,平21. 2. 5,kyushu/r8_07_okinawa.zip
歯科,47,0135698,おおしろ　デンタルクリニック,那覇市牧志２－１７－１５,098-861-4879,大城　正一郎,大城　正一郎,歯科　小児歯科　歯科口腔外科,,平21. 6. 1,kyushu/r8_07_okinawa.zip
歯科,47,0135706,ライフデンタルクリニック那覇,那覇市安謝２丁目４番６号,098-869-1545,医療法人志尚会　理事長　大城　秀隆,佐渡山　祐子,歯科　歯科口腔外科　小児歯科　矯正歯科,,平21. 7. 1,kyushu/r8_07_okinawa.zip
歯科,47,0135748,あかり歯科クリニック,那覇市高良２丁目１４番２２号サンヒルズ高良１－Ｃ,098-859-5918,崎山　朝樹,崎山　朝樹,歯科　小児歯科,,平22. 2. 1,kyushu/r8_07_okinawa.zip
歯科,47,0135755,とくだ歯科クリニック,那覇市真嘉比３丁目１３番２号　２Ｆ,098-885-6688,徳田　安成,徳田　安成,歯科　小児歯科,,平22. 3. 4,kyushu/r8_07_okinawa.zip
歯科,47,0135763,アルファ歯科,那覇市金城　５－６－１２　２Ｆ,098-858-5657,吉浦　彰謙,吉浦　彰謙,歯科　小児歯科　矯正歯科　歯科口腔外科,,平22. 4. 1,kyushu/r8_07_okinawa.zip
歯科,47,0135771,さき山歯科クリニック,那覇市久茂地２丁目６番２０号久高木材ビル２階,098-862-1375,医療法人　さき山歯科クリニック　理事長　崎山　哲弘,崎山　哲弘,歯科　小児歯科,,平22. 5. 1,kyushu/r8_07_okinawa.zip
歯科,47,0135789,プラスデンタルクリニック,那覇市首里鳥堀町３丁目６７番地２１,098-884-8118,丸山　幸子,丸山　幸子,歯　小歯　矯歯　歯外,,平22. 7. 1,kyushu/r8_07_okinawa.zip
歯科,47,0135813,泊ポート歯科,那覇市泊１丁目４番１０－１０１,,医療法人　デンタル・クエスト　理事長　金城　清一郎,新城　竜士,歯　矯歯　小歯　歯外,,平22. 7. 5,kyushu/r8_07_okinawa.zip
歯科,47,0135821,はまさき歯科クリニック,那覇市宇栄原３丁目９番３号,098-927-3446,濵﨑　隆,濵﨑　隆,歯　小歯　矯歯　歯外,,平22. 9. 1,kyushu/r8_07_okinawa.zip
歯科,47,0135839,ライオン歯科クリニック,那覇市識名３丁目１７番１８号,098-832-1118,大城　一乃,大城　一乃,歯　小歯　矯歯　歯外,,平22. 9. 1,kyushu/r8_07_okinawa.zip
歯科,47,0135847,クリーン歯科クリニック,那覇市首里久場川町２丁目１３１番地　１０２号,098-886-1212,西平　榮次郎,西平　榮次郎,歯科　小児歯科,,平23. 1. 1,kyushu/r8_07_okinawa.zip
歯科,47,0135854,ひらばやし歯科,那覇市古島２－１１－３　１Ｆ,098-886-5000,平林　孝将,平林　孝将,歯　小歯　歯外,,平23. 2. 1,kyushu/r8_07_okinawa.zip
歯科,47,0135862,比嘉歯科医院,那覇市西１－１５－１６,,医療法人　香優会　理事長　比嘉　良喬,比嘉　良喬,歯　小歯,,平23. 4. 1,kyushu/r8_07_okinawa.zip
歯科,47,0135888,ライフデンタルクリニック小禄,那覇市金城５－１１－２　翼ビル１Ｆ,098-858-4618,医療法人志尚会　理事長　大城　秀隆,喜友名　淳,歯　小歯　矯歯　歯外,,平23. 11. 1,kyushu/r8_07_okinawa.zip
歯科,47,0135912,医療法人　こばやし矯正歯科,那覇市具志１－１６－８,098-859-5884,医療法人　こばやし矯正歯科　理事長　小林　大介,小林　大介,矯歯,,平19. 12. 1,kyushu/r8_07_okinawa.zip
歯科,47,0135920,セレブ・デンタルオフィス,那覇市宇栄原１０１９－１宇栄原センターハイツ２Ｆ、Ａ号,098-858-0339,大森　基弘,大森　基弘,歯,,平24. 4. 1,kyushu/r8_07_okinawa.zip
歯科,47,0135946,まじきなデンタルクリニック,那覇市安謝１８８－１,098-862-2472,眞境名　真吾,眞境名　真吾,歯　小歯　歯外　矯歯,,平24. 11. 1,kyushu/r8_07_okinawa.zip
歯科,47,0135953,中里歯科医院,那覇市松尾１－９－１　２階,098-867-4319,中里　一郎,中里　一郎,歯　小歯,,平24. 10. 1,kyushu/r8_07_okinawa.zip
歯科,47,0135961,きらきらデンタルクリニック,那覇市上之屋１丁目４番４６号,098-869-4618,医療法人きらきら会　理事長　井上　博文,井上　博文,歯　小歯　歯外　矯歯,,平24. 11. 1,kyushu/r8_07_okinawa.zip
歯科,47,0135987,ハッピーデンタルクリニック,那覇市古島１丁目９番１４号,098-943-3399,高良　吉信,高良　吉信,歯　小歯　歯外　矯歯,,平25. 1. 1,kyushu/r8_07_okinawa.zip
歯科,47,0136001,嘉手納歯科医院,那覇市久米１－２４－１３ミネビル２Ｆ,,嘉数　瑞穂,嘉数　瑞穂,歯　小歯　歯外,,平25. 2. 1,kyushu/r8_07_okinawa.zip
歯科,47,0136019,那覇みなみ歯科クリニック,那覇市仲井真３７３番地,098-835-1212,小関　亮介,小関　亮介,歯　小歯　歯外,,平25. 3. 1,kyushu/r8_07_okinawa.zip
歯科,47,0136027,ペリー歯科クリニック,那覇市字小禄４２１番地の２９,098-858-4182,医療法人笑歯会　理事長　高良　麻呂,高良　麻呂,歯　小歯　矯歯　歯外,,平25. 5. 1,kyushu/r8_07_okinawa.zip
歯科,47,0136035,野々山歯科,那覇市久茂地１－２－１与那嶺獣医ビル３０１号,098-869-4646,野々山　和弘,野々山　和弘,歯　歯外　矯歯,,平25. 12. 1,kyushu/r8_07_okinawa.zip
歯科,47,0136050,ミッキー歯科クリニック,那覇市首里石嶺町２丁目７０－１５コーポ集い１０１号,098-887-0707,医療法人　二十一の会　理事長　西平　三喜男,西平　三喜男,歯,,平26. 1. 8,kyushu/r8_07_okinawa.zip
歯科,47,0136076,天久歯科,那覇市天久１－８－１　コーポ杜１Ｆ,098-917-1457,下地　啓江,下地　啓江,歯　小歯,,平26. 3. 1,kyushu/r8_07_okinawa.zip
歯科,47,0136084,静山デンタルクリニック,那覇市高良２丁目１番１５号　２Ｆ,098-927-6681,金城　守明,金城　守明,歯　小歯　矯歯　歯外,,平26. 4. 1,kyushu/r8_07_okinawa.zip
歯科,47,0136100,新都心デンタルクリニック,那覇市字大道７８－１２プランドール安村２０１,098-887-0648,野口　誠司,野口　誠司,歯科,,平26. 8. 1,kyushu/r8_07_okinawa.zip
歯科,47,0136118,たまなは歯科医院,那覇市首里石嶺町３－１１７－４,098-887-3331,玉那覇　哲,玉那覇　哲,歯科　小児歯科,,平26. 7. 25,kyushu/r8_07_okinawa.zip
歯科,47,0136142,にじいろ歯科クリニック,那覇市田原１－４－３　ハイツ翁長１０２,098-858-2635,寺田　健,寺田　健,歯科　小児歯科　歯科口腔外科,,平27. 4. 1,kyushu/r8_07_okinawa.zip
歯科,47,0136159,医療法人透進会　うえま歯科クリニック,那覇市おもろまち４丁目１６番３２号,098-860-0077,医療法人透進会　理事長　上間　聡子,上間　聡子,歯科　小児歯科,,平27. 6. 1,kyushu/r8_07_okinawa.zip
歯科,47,0136167,那覇まかび歯科,那覇市真嘉比１丁目２２番地２５エレガンテまかび１Ｆ,098-884-1177,医療法人　悠歯会　理事長　勝連　義之,勝連　義之,歯科　小児歯科　歯科口腔外科,,平27. 11. 2,kyushu/r8_07_okinawa.zip
歯科,47,0136175,西武門歯科医院,那覇市久米２丁目２４番９,,當山　徹,當山　徹,歯科　歯科口腔外科,,平28. 1. 1,kyushu/r8_07_okinawa.zip
歯科,47,0136209,いしわたファミリー歯科クリニック,那覇市牧志２－１９－９コーポ山川１０１,098-988-0150,石渡　研士,石渡　研士,歯科　小児歯科　矯正歯科　歯科口腔外科,,平28. 4. 1,kyushu/r8_07_okinawa.zip
歯科,47,0136217,アップル歯科,那覇市字小禄９０２－３　２階,098-859-1160,赤嶺　勝哉,赤嶺　勝哉,歯科　小児歯科,,平28. 5. 2,kyushu/r8_07_okinawa.zip
歯科,47,0136225,さわやか歯科クリニック,那覇市寄宮１７３番地１　前田ビル２階,098-854-8211,医療法人　健賛会　理事長　城間　健,城間　健,歯　小歯　矯歯　歯外,,平28. 7. 2,kyushu/r8_07_okinawa.zip
歯科,47,0136258,かねしま歯科クリニック,那覇市松川３－１－２０,098-851-9710,兼島　則人,兼島　則人,歯科　小児歯科　歯科口腔外科　矯正歯科,,平29. 5. 1,kyushu/r8_07_okinawa.zip
歯科,47,0136548,ともよせ歯科医院,那覇市田原４－７－３,098-858-8151,友寄　泰樹,友寄　泰樹,歯　歯外　小歯　矯歯,,平30. 4. 1,kyushu/r8_07_okinawa.zip
歯科,47,0136571,さくもと歯科クリニック,那覇市繁多川５－１７－２０　１Ｆ,098-996-3964,佐久本　圭,佐久本　圭,歯　小歯　歯外,,平31. 1. 1,kyushu/r8_07_okinawa.zip
歯科,47,0136589,りの歯科クリニック,那覇市久米１－８－５　ウィングＭエトワール２階,098-917-4562,石川　貴史,石川　貴史,歯　歯外　矯歯　小歯,,平31. 1. 1,kyushu/r8_07_okinawa.zip
歯科,47,0136605,城北デンタルクリニック,那覇市首里平良町２－４,098-886-8403,仲宗根　剛,仲宗根　剛,歯　小歯　歯外,,平31. 3. 1,kyushu/r8_07_okinawa.zip
歯科,47,0136613,宮里歯科医院,那覇市泉崎１－１９－１７　２階,098-863-4769,知念　ありさ,知念　ありさ,歯　小歯,,平31. 3. 1,kyushu/r8_07_okinawa.zip
歯科,47,0136639,泉崎ファミリー歯科,那覇市泉崎２－２２－６,098-833-6480,下所　由美子,下所　由美子,歯　小歯　歯外,,令元. 6. 1,kyushu/r8_07_okinawa.zip
歯科,47,0136647,友寄歯科医院,那覇市寄宮２－３０－４９Ｅマンションこあ　２階,098-832-1509,友寄　文子,友寄　文子,歯　小歯,,令元. 5. 10,kyushu/r8_07_okinawa.zip
歯科,47,0136654,新城歯科医院,那覇市松川２７８－３,098-854-3412,新城　綾乃,新城　綾乃,歯科　小児歯科　歯科口腔外科,,令元. 12. 3,kyushu/r8_07_okinawa.zip
歯科,47,0136662,医療法人心咲会　ひびきデンタルクリニック,那覇市真嘉比３丁目１９番３０号　ＵＹビル２Ｆ,098-917-2023,医療法人心咲会　理事長　佐竹　ひびき,佐竹　ひびき,歯,,令2. 1. 1,kyushu/r8_07_okinawa.zip
歯科,47,0136670,医療法人社団みかさ会　かなさんデンタルケア小禄,那覇市宮城１丁目１８番１号Ｂ１　エスタジオ小禄,098-987-4182,医療法人社団みかさ会　理事長　下石　衛,下石　衛,歯　歯外　小歯　矯歯,,令2. 4. 1,kyushu/r8_07_okinawa.zip
歯科,47,0136688,たけだ歯科クリニック,那覇市真嘉比１丁目２９番１０号Ａ・Ｈｅａｒｔｓ　１Ｆ,098-917-4980,竹田　宗毅,竹田　宗毅,歯科　矯正歯科　小児歯科　歯科口腔外科,,令2. 8. 1,kyushu/r8_07_okinawa.zip
歯科,47,0136696,本永デンタルオフィス,那覇市松山１－１－１,098-868-0678,西川　真子,西川　真子,歯科　小児歯科　歯科口腔外科,,令3. 5. 1,kyushu/r8_07_okinawa.zip
歯科,47,0136704,まさたけ歯科医院,那覇市鏡原町２７－７,098-859-4618,大庭　正丈,大庭　正丈,歯科　矯正歯科　小児歯科　歯科口腔外科,,令3. 5. 10,kyushu/r8_07_okinawa.zip
歯科,47,0136712,八木歯科,那覇市樋川１丁目５番４９号,098-863-0296,医療法人明景会　理事長　八木　茂明,八木　茂明,歯科　小児歯科　矯正歯科　歯科口腔外科,,令3. 7. 1,kyushu/r8_07_okinawa.zip
歯科,47,0136720,Ｋｏｕｓａｋｕ　ＤＥＮＴＡＬ　ＯＦＦＩＣＥ,那覇市安里１丁目５－１　ハーミットクラブ安里１Ｆ,098-943-3813,伊波　幸作,伊波　幸作,歯科　矯正歯科　歯科口腔外科,,令3. 11. 1,kyushu/r8_07_okinawa.zip
歯科,47,0136738,砂川口腔ケアクリニック,那覇市松川２－２－５　１Ｆ,098-894-6628,砂川　元,砂川　元,歯科　歯科口腔外科,,令3. 11. 1,kyushu/r8_07_okinawa.zip
歯科,47,0136753,くばがわ歯科医院,那覇市首里汀良町３丁目６３番地３ハイビスカスマンションＢー１,098-887-6480,医療法人進真会　理事長　加藤　進作,加藤　進作,歯科　歯科口腔外科　矯正歯科　小児歯科,,令4. 1. 1,kyushu/r8_07_okinawa.zip
歯科,47,0136779,医療法人なないろ歯科・こども矯正歯科クリニック　那覇・おもろまち医院,那覇市おもろまち一丁目５番１２号,0120-282-266,医療法人なないろ歯科・こども矯正歯科クリニック　理事長　白﨑　俊,白﨑　俊,歯科　小児歯科　歯科口腔外科　矯正歯科,,令4. 7. 1,kyushu/r8_07_okinawa.zip
歯科,47,0136787,はやしファミリー歯科,那覇市古波蔵１丁目７－６メルソレイユ１Ｆ,098-855-0615,林　尚樹,林　尚樹,歯科　歯科口腔外科　小児歯科,,令4. 11. 1,kyushu/r8_07_okinawa.zip
歯科,47,0136795,ながみね歯科,那覇市銘苅１丁目１０－１２あじまあ南西ビル２０１号,098-863-1141,医療法人和宏会　理事長　長嶺　和弘,長嶺　和弘,歯科　歯科口腔外科　矯正歯科　小児歯科,,令4. 12. 1,kyushu/r8_07_okinawa.zip
歯科,47,0136803,医療法人芯聖会　キースおとなこども歯科那覇,那覇市松島１丁目３－１３アビタシオン松島２０１,098-988-4665,医療法人芯聖会　理事長　仮屋　聖子,坂口　悟子,歯科　矯正歯科　歯科口腔外科　小児歯科,,令5. 4. 1,kyushu/r8_07_okinawa.zip
歯科,47,0136811,仲里歯科医院,那覇市久米１丁目２５番１０号２階,098-862-8241,医療法人　三誠会　理事長　仲里　耕治,仲里　耕治,歯　小歯　歯科口腔外科　矯歯,,令5. 6. 1,kyushu/r8_07_okinawa.zip
歯科,47,0136829,こくば歯科クリニック,那覇市国場２７１－１　３階,098-987-1460,村上　孝介,村上　孝介,歯　小歯,,令5. 12. 1,kyushu/r8_07_okinawa.zip
歯科,47,0136837,沖縄まちだ歯科クリニック,那覇市上間２３６,098-855-0982,町田　宗直,町田　宗直,歯科　小児歯科　歯科口腔外科,,令6. 1. 1,kyushu/r8_07_okinawa.zip
歯科,47,0136845,医療法人社団一淑会　那覇おとなこども歯科・矯正歯科,那覇市上之屋１丁目２０番９号富士屋オーシャンビル１階１０５号室,098-894-4118,医療法人社団一淑会　理事長　酒井　崇充,當山　健弥,歯科　矯正歯科　小児歯科　歯科口腔外科,,令6. 6. 1,kyushu/r8_07_okinawa.zip
歯科,47,0136860,ゆずりは歯科診療所,那覇市久茂地三丁目１５番６号幸マンション２階,098-963-7774,医療法人真成会　理事長　屋宜　亮兵,床鍋　小織,歯科,,令7. 2. 1,kyushu/r8_07_okinawa.zip
歯科,47,0136878,なかざとファミリー歯科口腔クリニック,那覇市大道４５番地,098-887-6408,仲里　尚倫,仲里　尚倫,歯科　小児歯科　歯科口腔外科　矯正歯科,,令7. 5. 1,kyushu/r8_07_okinawa.zip
歯科,47,0136886,匠デンタルクリニック,那覇市銘苅２１１－１７メディカルプラザめかる４階,098-867-0003,安里　匠悟,安里　匠悟,歯　小歯　矯歯　歯外,,令7. 7. 1,kyushu/r8_07_okinawa.zip
歯科,47,0136894,しま愛デンタルクリニック,那覇市壺屋２丁目４番１０号,098-987-5418,島袋　誉之,島袋　誉之,歯科　歯科口腔外科　小児歯科,,令7. 5. 1,kyushu/r8_07_okinawa.zip
歯科,47,0136910,デンタルオフィス新都心,那覇市天久一丁目２７番２７号新都心エクリＢＬＤＧ　２階、３階,098-941-6480,医療法人Ｙ　理事長　長濱　優,長濱　優,歯科　歯科口腔外科　矯正歯科　小児歯科,,令7. 5. 1,kyushu/r8_07_okinawa.zip
歯科,47,0136928,がじゅまる歯科医院,那覇市字安謝６６４－３２　３階,098-988-3314,赤崎　文平,赤崎　文平,歯　歯外　小歯　矯歯,,令7. 9. 1,kyushu/r8_07_okinawa.zip
歯科,47,0136944,アドベンチストデンタル那覇国際通り,那覇市久茂地３－４－１０久茂地ＹＡＫＡビル　４Ｆ,098-867-2474,セブンスデー・アドベンチスト教団　代表役員　稲田　豊,岩崎　将和,歯科　口腔外科　矯正歯科,,令8. 2. 1,kyushu/r8_07_okinawa.zip
歯科,47,0136951,ナハデンタル,那覇市おもろまち２－２－２９,098-866-1176,宮本　英欧,宮本　英欧,歯科　歯科口腔外科　小児歯科　矯正歯科,,令8. 1. 1,kyushu/r8_07_okinawa.zip
歯科,47,0136969,渡口矯正歯科医院,那覇市泊１－１０－７,098-866-5483,塚谷　沙織,塚谷　沙織,矯正歯科,,令8. 1. 1,kyushu/r8_07_okinawa.zip
歯科,47,0136977,レオンデンタルオフィス沖縄那覇院,那覇市安里２丁目６－２７ルエメゾンソピア１Ｆ,098-894-7711,川　憂樹,川　憂樹,歯科　小児歯科　矯正歯科　歯科口腔外科,,令7. 11. 1,kyushu/r8_07_okinawa.zip
歯科,47,0136985,ＡＬＢＡ歯科＆矯正歯科　那覇バスターミナル,那覇市泉崎一丁目２０番１号カフーナ旭橋Ａ街区１階,098-901-3006,医療法人社団輪葉歯　理事長　阿部　豊,飯田　理人,歯科　矯正歯科　小児歯科　歯科口腔外科,,令8. 7. 1,kyushu/r8_07_okinawa.zip
歯科,47,0330307,スマイル歯科,うるま市高江洲１０８０－１スマイルビル　２Ｆ,,大城　敦江,大城　敦江,歯　小歯,,昭63. 4. 1,kyushu/r8_07_okinawa.zip
歯科,47,0330315,パーク歯科,うるま市みどり町１－１－６,,津嘉山　一,津嘉山　一,歯,,昭63. 9. 1,kyushu/r8_07_okinawa.zip
歯科,47,0330463,つばさ歯科クリニック,うるま市喜屋武５６５,098-974-4649,大嶺　裕,大嶺　裕,歯科　小児歯科　矯正歯科　口腔外科,,平8. 5. 1,kyushu/r8_07_okinawa.zip
歯科,47,0330489,たなか歯科医院,うるま市田場１８１７－１,098-974-8888,田中　光雄,田中　光雄,歯科,,平10. 1. 1,kyushu/r8_07_okinawa.zip
歯科,47,0330513,かわい歯科医院,うるま市みどり町４－１２－２５,,安藤　敏明,安藤　敏明,歯　矯歯　小歯,,平12. 4. 1,kyushu/r8_07_okinawa.zip
歯科,47,0330554,のは歯科クリニック,うるま市石川白浜１－２－３,,饒波　毅,饒波　毅,歯,,昭58. 7. 1,kyushu/r8_07_okinawa.zip
歯科,47,0330588,石川歯科医院,うるま市石川二丁目２１－５,,石川　末子,石川　末子,歯,,平元. 11. 1,kyushu/r8_07_okinawa.zip
歯科,47,0330620,わかば歯科医院,うるま市石川東恩納７３３,098-964-4182,医療法人　誠愛会　理事長　新垣　誠,仲地　徹三,歯,,平12. 7. 1,kyushu/r8_07_okinawa.zip
歯科,47,0330638,藏當歯科医院,うるま市勝連平安名１４９８－１,,藏當　有一,藏當　有一,歯　矯歯　小歯,,昭63. 6. 1,kyushu/r8_07_okinawa.zip
歯科,47,0330646,しおみ歯科医院,うるま市与那城１２２－１,,澤田　直則,澤田　直則,歯　小歯,,平元. 12. 1,kyushu/r8_07_okinawa.zip
歯科,47,0330653,屋慶名歯科医院,うるま市与那城屋慶名１１０３,,飛田　秀次,飛田　秀次,歯科,,平4. 2. 1,kyushu/r8_07_okinawa.zip
歯科,47,0330661,与勝ホワイト歯科医院,うるま市勝連南風原４０２５－１,,荒巻　均,荒巻　均,歯,,平5. 12. 1,kyushu/r8_07_okinawa.zip
歯科,47,0330679,ほんだ歯科,うるま市与那城９４－１－２Ｆ,098-978-7831,本多　宏行,本多　宏行,歯,,平17. 2. 2,kyushu/r8_07_okinawa.zip
歯科,47,0330729,医療法人　花の城会　愛の里歯科診療所,うるま市江洲５２２番地１９,098-974-8571,医療法人　花の城会　理事長　花城　国英,花城　国英,歯　矯歯　小歯　歯外,,平19. 7. 1,kyushu/r8_07_okinawa.zip
歯科,47,0330737,あおば歯科クリニック,うるま市安慶名３８５－２,098-972-4618,赤地　修,赤地　修,歯　小歯,,平19. 8. 1,kyushu/r8_07_okinawa.zip
歯科,47,0330752,銀座歯科医院,うるま市石川一丁目４番２号,,医療法人　正栄会　理事長　石川　正人,石川　正人,歯　歯外　矯歯　小歯,,平20. 1. 1,kyushu/r8_07_okinawa.zip
歯科,47,0330760,幸一デンタルオフィス,うるま市石川１－４７－２６,098-965-7171,伊波　幸一,伊波　幸一,歯　小歯　歯外,,平20. 3. 1,kyushu/r8_07_okinawa.zip
歯科,47,0330810,なかま歯科室,うるま市江洲５９８－４おきなわ未病ケアセンター　１Ｆ,098-979-1020,名嘉眞　靖,名嘉眞　靖,歯科,,平20. 11. 1,kyushu/r8_07_okinawa.zip
歯科,47,0330828,野原歯科医院,うるま市平良川９７－８,098-975-1888,野原　昭彦,野原　昭彦,歯科,,平21. 2. 27,kyushu/r8_07_okinawa.zip
歯科,47,0330851,仲真歯科医院,うるま市喜屋武６９４－３,098-923-0112,仲真　良彦,仲真　良彦,歯科　口腔外科　小児歯科,,平24. 5. 1,kyushu/r8_07_okinawa.zip
歯科,47,0330869,医療法人社団秋桜会ファーストデンタルクリニックうるま,うるま市安慶名一丁目２番１８号,098-973-8010,医療法人社団秋桜会　理事長　田熊　啓弘,三瀬　功二,歯　小歯　矯歯　歯外,,平24. 6. 1,kyushu/r8_07_okinawa.zip
歯科,47,0330893,スマート歯科クリニック,うるま市字具志川３００８－１,098-974-8311,知花　昌樹,知花　昌樹,歯,,平25. 4. 1,kyushu/r8_07_okinawa.zip
歯科,47,0330919,スター歯科クリニック,うるま市字豊原下口原７５０,098-979-7239,島田　誠二,島田　誠二,歯　小歯　歯外,,平25. 6. 1,kyushu/r8_07_okinawa.zip
歯科,47,0330927,なごみ歯科クリニック,うるま市石川東山１－２１－１３,098-964-3300,医療法人　優和会　理事長　金城　勲,金城　勲,歯　小歯,,平25. 6. 1,kyushu/r8_07_okinawa.zip
歯科,47,0330950,医療法人　右納の会　ちねん歯科医院,うるま市大田８６７－１０,098-973-7555,医療法人　右納の会　理事長　知念　克二,知念　克二,歯科　歯科口腔外科　小児歯科,,平28. 6. 1,kyushu/r8_07_okinawa.zip
歯科,47,0330984,ふたば歯科クリニック,うるま市高江洲１０２９番地３　上原マートビル２Ｆ,098-974-9993,医療法人ふたば　理事長　岡本　泰信,岡本　浩一,歯　歯外　小歯　矯歯,,平29. 6. 1,kyushu/r8_07_okinawa.zip
歯科,47,0331016,アロハ・デンタルクリニック,うるま市江洲３８－６,098-988-5639,浦野　邦彦,浦野　邦彦,歯　小歯　歯外,,平31. 4. 1,kyushu/r8_07_okinawa.zip
歯科,47,0331040,アールデンタル,うるま市石川白浜２－９－１２,098-965-3456,飯沼　良子,飯沼　良子,歯科　小児歯科　歯科口腔外科,,令3. 6. 1,kyushu/r8_07_okinawa.zip
歯科,47,0331057,なぎさ歯科医院,うるま市塩屋４０２－１,098-974-6606,髙田　隆充,髙田　隆充,歯科　小児歯科　歯科口腔外科,,令3. 10. 1,kyushu/r8_07_okinawa.zip
歯科,47,0331065,アガチャ歯科,うるま市兼箇段１７５２－１　１Ｆ,098-989-0391,佐藤　康正,佐藤　康正,歯科　小児歯科　歯科口腔外科,,令5. 3. 1,kyushu/r8_07_okinawa.zip
歯科,47,0331073,つがやす歯科こども歯科,うるま市喜屋武３８４－３きゃんメディカルプラザ２Ｆ　２Ａ,098-973-9335,康本　征史,康本　征史,歯科　歯科口腔外科　小児歯科　矯正歯科,,令5. 5. 1,kyushu/r8_07_okinawa.zip
歯科,47,0331081,みどり町さくら歯科医院,うるま市みどり町６－２－１６,098-972-2221,市村　崇,市村　崇,歯　歯科口腔外科　小歯,,令5. 8. 1,kyushu/r8_07_okinawa.zip
歯科,47,0331099,アップル歯科医院,うるま市豊原４２５－１シュシュＴＯＹＯＨＡＲＡ　２０１,098-989-0212,齋藤　晃,齋藤　晃,歯科　小児歯科　歯科口腔外科,,令5. 11. 1,kyushu/r8_07_okinawa.zip
歯科,47,0331107,医療法人水寿会　うるまデンタルクリニック,うるま市字江洲４５７番地１ＭＡＩＮ　ＣＩＴＹ　ＢＬＤＧ　３０１号室,098-974-8046,医療法人水寿会　理事長　比嘉　愛一郎,比嘉　愛一郎,歯,,令7. 2. 1,kyushu/r8_07_okinawa.zip
歯科,47,0331115,うみかぜ歯科・矯正歯科,うるま市字前原幸崎原３０３番地　２階,098-975-8230,金尾　真吾,金尾　真吾,歯科　歯科口腔外科　矯正歯科　小児歯科,,令7. 11. 1,kyushu/r8_07_okinawa.zip
歯科,47,0331123,ファミリー歯科クリニック,うるま市みどり町５丁目３番１１号　２Ｆ,098-972-4141,島袋　亮,島袋　亮,歯科　矯正歯科　小児歯科,,令8. 1. 1,kyushu/r8_07_okinawa.zip
歯科,47,0430362,比嘉デンタルクリニック,沖縄市胡屋４－６－１１,,比嘉　正則,比嘉　正則,歯,,昭58. 7. 1,kyushu/r8_07_okinawa.zip
歯科,47,0430529,こうち歯科医院,沖縄市住吉１－２－２６住吉ビル　２Ｆ,,幸地　克,幸地　克,歯,,昭61. 9. 1,kyushu/r8_07_okinawa.zip
歯科,47,0430586,みやくに歯科,沖縄市照屋２－２２－２７,,宮国　辰夫,宮国　辰夫,歯　小歯,,昭62. 12. 1,kyushu/r8_07_okinawa.zip
歯科,47,0430610,ともよせ歯科,沖縄市松本１－４－９,,友寄　隆彦,友寄　隆彦,歯　小歯　矯歯,,昭63. 6. 1,kyushu/r8_07_okinawa.zip
歯科,47,0430651,あさと歯科クリニック,沖縄市高原１丁目１１番９号名嘉真マンション１Ｆ,,安里　俊郎,安里　俊郎,歯科　小児歯科,,昭64. 1. 1,kyushu/r8_07_okinawa.zip
歯科,47,0430917,医療法人福木会　カムカム歯科医院,沖縄市東二丁目２５番５号,,医療法人福木会　理事長　玉城　吉夫,玉城　吉夫,歯　矯歯　小歯,,平4. 6. 1,kyushu/r8_07_okinawa.zip
歯科,47,0431006,とけし歯科クリニック,沖縄市美原２－１８－１,,渡慶次　彰,渡慶次　彰,歯,,平5. 11. 1,kyushu/r8_07_okinawa.zip
歯科,47,0431022,金城歯科医院,沖縄市海邦２－１－２９,,金城　弘明,金城　弘明,歯　小歯,,平6. 1. 1,kyushu/r8_07_okinawa.zip
歯科,47,0431089,とぐち歯科,沖縄市宮里四丁目２番１０号,098-939-4618,渡久地　政一,渡久地　政一,歯科,,平7. 1. 1,kyushu/r8_07_okinawa.zip
歯科,47,0431204,いしみね歯科クリニック,沖縄市山里２－２－９,098-930-5559,伊志嶺　充之,伊志嶺　充之,歯　小歯,,平9. 4. 1,kyushu/r8_07_okinawa.zip
歯科,47,0431220,へしき歯科　小児歯科,沖縄市比屋根２－８－１２,098-982-2282,平敷　博,平敷　博,歯　小歯,,平9. 6. 1,kyushu/r8_07_okinawa.zip
歯科,47,0431279,ももやま歯科クリニック,沖縄市山内３－９－１０,098-930-0150,門脇　広樹,門脇　広樹,歯科,,平10. 4. 1,kyushu/r8_07_okinawa.zip
歯科,47,0431287,うしお歯科クリニック,沖縄市松本２－１４－３０,098-929-2180,黒潮　明照,黒潮　明照,歯,,平10. 6. 1,kyushu/r8_07_okinawa.zip
歯科,47,0431329,ヒロ歯科クリニック,沖縄市高原５－９－３２,098-938-5211,医療法人　博正会　理事長　松川　博一,松川　博一,歯　小歯　歯外　矯歯,,平11. 6. 16,kyushu/r8_07_okinawa.zip
歯科,47,0431337,宮城歯科クリニック,沖縄市山里２－７－２おおやまビル　２Ｆ,,医療法人　幸歯会　理事長　宮城　正彦,宮城　正彦,歯　矯歯　小歯　歯外,,平11. 8. 1,kyushu/r8_07_okinawa.zip
歯科,47,0431345,松川歯科医院,沖縄市泡瀬４－３９－５松川コミュニティビル１Ｆ,,松川　隆也,松川　隆也,歯,,平11. 12. 17,kyushu/r8_07_okinawa.zip
歯科,47,0431394,歯のお医者さん,沖縄市美原１－２０－１１,098-929-3333,医療法人　秀歯会　理事長　澤野　秀義,澤野　秀義,歯科　小児歯科,,平13. 4. 1,kyushu/r8_07_okinawa.zip
歯科,47,0431402,みきお歯科医院,沖縄市登川１－１３－１９,098-921-2232,崎原　幹雄,崎原　幹雄,歯　矯歯　小歯,,平13. 12. 1,kyushu/r8_07_okinawa.zip
歯科,47,0431410,げんき歯科矯正クリニック,沖縄市中央１－３６－１３－２Ｆ,098-939-8754,上原　直,上原　直,歯　矯歯,,平13. 12. 1,kyushu/r8_07_okinawa.zip
歯科,47,0431436,まえかわ歯科医院,沖縄県沖縄市美原４丁目２番２号,098-921-4618,前川　建,前川　建,歯　小歯,,平14. 5. 1,kyushu/r8_07_okinawa.zip
歯科,47,0431451,ひらた歯科クリニック,沖縄市美原一丁目１１番２８号,098-921-3351,平田　嗣龍,平田　嗣龍,歯,,平14. 6. 1,kyushu/r8_07_okinawa.zip
歯科,47,0431469,医療法人　敬真会　大城歯科医院,沖縄市照屋５－１９－６,098-938-3100,医療法人　敬真会　理事長　大城　新一,大城　新二,歯科　小児歯科,,平14. 8. 1,kyushu/r8_07_okinawa.zip
歯科,47,0431477,中頭歯科診療室,沖縄市知花６－２５－１５コンシュル知花２Ｆ,098-938-2030,宮里　清和,宮里　清和,歯　矯歯　小歯　歯外,,平14. 9. 1,kyushu/r8_07_okinawa.zip
歯科,47,0431485,カントリー歯科クリニック,沖縄市高原６丁目１３番６号,098-932-8148,医療法人　正歯会　理事長　仲村　正人,仲村　正人,一般歯科　歯科口腔外科　小児歯科　矯正歯科,,平14. 10. 1,kyushu/r8_07_okinawa.zip
歯科,47,0431493,みんなの歯医者さん,沖縄市胡屋２－１６－２,098-933-0055,医療法人　裟彩会　理事長　新崎　裟彩,新崎　裟彩,歯科　矯正歯科　小児歯科　歯科口腔外科,,平14. 10. 1,kyushu/r8_07_okinawa.zip
歯科,47,0431519,東歯科医院,沖縄市宮里１－１５－８,098-939-1221,田中　正志,田中　正志,歯科　小児歯科,,平15. 2. 1,kyushu/r8_07_okinawa.zip
歯科,47,0431618,かりゆし歯科,沖縄市安慶田２－２４－５２,098-939-2773,梅木　隆史,梅木　隆史,歯　矯歯　小歯　歯外,,平18. 11. 1,kyushu/r8_07_okinawa.zip
歯科,47,0431634,なかわか歯科医院,沖縄市古謝津嘉山町２８番７号,098-943-9968,医療法人　なかわか　理事長　仲若　三男,平識　善大,歯　矯歯　小歯　歯外,,平19. 1. 1,kyushu/r8_07_okinawa.zip
歯科,47,0431642,しょきた歯科医院,沖縄市泡瀬４－２３－１０,098-929-2333,諸喜田　賢治,諸喜田　賢治,歯,,平19. 4. 1,kyushu/r8_07_okinawa.zip
歯科,47,0431675,村山歯科クリニック,沖縄市高原４－２０－３７,098-930-6655,村山　盛敏,村山　盛敏,歯　小歯,,平19. 11. 1,kyushu/r8_07_okinawa.zip
歯科,47,0431709,ちむわざ歯科,沖縄市高原５－３－７高江第３ビル１Ｆ,098-934-4618,島田　茂,島田　茂,歯科　矯正歯科　小児歯科　歯科口腔外科,,平20. 12. 1,kyushu/r8_07_okinawa.zip
歯科,47,0431717,たけしま歯科・小児歯科,沖繩市知花１丁目２５番１１号,098-939-4211,医療法人　堅勇会　理事長　竹島　勇,竹島　堅,歯科　矯正歯科　小児歯科　歯科口腔外科,,平21. 1. 1,kyushu/r8_07_okinawa.zip
歯科,47,0431725,コザ歯科クリニック,沖縄市山内４丁目１４番７号,098-930-2118,板倉　繁哉,板倉　繁哉,歯科　矯正歯科,,平21. 6. 1,kyushu/r8_07_okinawa.zip
歯科,47,0431758,あきの歯科医院,沖縄市宮里二丁目２５番３号,098-938-4000,秋野　伸二,秋野　伸二,歯,,平23. 7. 1,kyushu/r8_07_okinawa.zip
歯科,47,0431766,ＳＭＩＬＥ　ＤＥＳＩＧＮ　美里歯科医院,沖縄市美原４－４－２,098-937-2021,川根　壮太,川根　壮太,歯,,平24. 3. 1,kyushu/r8_07_okinawa.zip
歯科,47,0431790,ライズデンタルクリニック,沖縄市園田１－１５－２４,098-930-6480,福地　国広,福地　国広,歯　小歯　歯外,,平25. 5. 1,kyushu/r8_07_okinawa.zip
歯科,47,0431808,そら歯科クリニック,沖縄市松本８８７－２　１Ｆ,098-938-1882,饒波　弘,饒波　弘,歯　小歯　歯外,,平25. 7. 1,kyushu/r8_07_okinawa.zip
歯科,47,0431824,玉城歯科医院,沖縄市高原５丁目１番１８号,098-937-3612,玉城　和弥,玉城　和弥,歯　小歯　歯外,,平25. 12. 6,kyushu/r8_07_okinawa.zip
歯科,47,0431832,まぁる歯科医院,沖縄市知花１丁目２７－２０,098-989-7530,高橋　光哉,高橋　光哉,歯　小歯,,平26. 9. 1,kyushu/r8_07_okinawa.zip
歯科,47,0431840,ひまわり歯科,沖縄市知花６－１－３６,098-989-1355,栗田　宅哉,栗田　宅哉,歯　小歯　歯外,,平26. 9. 1,kyushu/r8_07_okinawa.zip
歯科,47,0431857,Ｔａｋｅｓｈｉｍａ　Ｄｅｎｔａｌ　Ｏｆｆｉｃｅ,沖縄市知花６丁目８番２１号,098-975-8241,医療法人　堅勇会　理事長　竹島　勇,竹島　朋宏,歯科　小児歯科　歯科口腔外科　矯正歯科,,平26. 11. 1,kyushu/r8_07_okinawa.zip
歯科,47,0431865,くでけん歯科,沖縄市美里５丁目８番２８号,098-938-7782,久手堅　淳,久手堅　淳,歯科　小児歯科,,平26. 12. 2,kyushu/r8_07_okinawa.zip
歯科,47,0431881,Ｋデンタルオフィス,沖縄市古謝２丁目２０番１号,098-923-5889,片嶋　弘貴,片嶋　弘貴,歯科　矯正歯科　小児歯科　歯科口腔外科,,平27. 6. 1,kyushu/r8_07_okinawa.zip
歯科,47,0431899,北美歯科クリニック,沖縄市登川７０１－１,098-921-1814,鈴木　善之,鈴木　善之,歯科　小児歯科　歯科口腔外科　矯正歯科,,平27. 7. 1,kyushu/r8_07_okinawa.zip
歯科,47,0431956,イオンタウンあわせ歯科,沖縄市泡瀬４－５－７泡瀬店１階,098-987-8120,医療法人　南風会　理事長　與儀　昌幸,神谷　愛,歯科　小児歯科　歯科口腔外科,,平29. 3. 1,kyushu/r8_07_okinawa.zip
歯科,47,0431964,くろしま歯科クリニック,沖縄市中央一丁目２４番８号　２Ｆ,098-934-9217,医療法人くろしま　理事長　黒島　直克,黒島　直克,歯　小歯　矯歯,,令元. 7. 1,kyushu/r8_07_okinawa.zip
歯科,47,0431972,室川ファミリー歯科,沖縄市室川２－１－１０,098-938-5115,喜屋武　望,喜屋武　望,歯　小歯,,令元. 7. 1,kyushu/r8_07_okinawa.zip
歯科,47,0431980,米須歯科医院,沖縄市松本四丁目１８番２号　２Ｆ,098-939-6123,医療法人麗寿会　理事長　米須　敦子,米須　敦子,歯科　小児歯科　歯科口腔外科　矯正歯科,,令元. 10. 1,kyushu/r8_07_okinawa.zip
歯科,47,0432004,照屋歯科医院,沖縄市久保田３－１１－１　プラザハウス２Ｆ,098-930-6588,照屋　幹,照屋　幹,歯科　小児歯科　歯科口腔外科　矯正歯科,,令2. 8. 1,kyushu/r8_07_okinawa.zip
歯科,47,0432012,ナオミデンタルクリニック,沖縄市宮里４丁目１９－６レジデンスキング１０３,098-989-1128,黒沢　尚美,黒沢　尚美,歯科,,令3. 4. 1,kyushu/r8_07_okinawa.zip
歯科,47,0432038,サクラデンタルクリニック,沖縄市美原４－７－９,098-989-9986,医療法人琉心　理事長　大嶺　千香子,大嶺　千香子,歯科　歯科口腔外科　矯正歯科　小児歯科,,令4. 8. 1,kyushu/r8_07_okinawa.zip
歯科,47,0432046,コザ　おとな・こども歯科,沖縄市胡屋４－１４－２８,098-989-4801,上地　亮,上地　亮,歯科　歯科口腔外科　矯正歯科　小児歯科,,令4. 10. 1,kyushu/r8_07_okinawa.zip
歯科,47,0432053,おおにし歯科医院,沖縄市山内２丁目７番１９号１階,098-933-6480,中山　圭子,中山　圭子,歯　小歯　歯科口腔外科　矯歯,,令5. 11. 1,kyushu/r8_07_okinawa.zip
歯科,47,0432079,中の町ホワイト歯科医院,沖縄市上地２－９－１　２階,098-933-6874,久場　良之,久場　良之,歯科,,令7. 1. 1,kyushu/r8_07_okinawa.zip
歯科,47,0432103,みはら歯科クリニック,沖縄市美原四丁目１番１５号１階,098-923-5938,医療法人社団悠陽会　理事長　宮城　勇大,宮城　勇大,歯科　小児歯科　歯科口腔外科,,令7. 11. 1,kyushu/r8_07_okinawa.zip
歯科,47,0530419,あらかき歯科クリニック,宜野湾市野嵩２－３４－９,,新垣　善章,新垣　善章,歯　矯歯　小歯,,昭60. 6. 1,kyushu/r8_07_okinawa.zip
歯科,47,0530591,ラッキーデンタ・ランド歯科クリニック,宜野湾市愛知一丁目５番１５号愛知ファッションビル　２Ｆ,,福里　剛,福里　剛,歯科　矯正歯科　小児歯科,,平4. 4. 1,kyushu/r8_07_okinawa.zip
歯科,47,0530617,医療法人翔志会　なかむら歯科医院,宜野湾市上原１－６－５,,医療法人翔志会　なかむら歯科医院　理事長　仲村　将満,仲村　将満,歯科　小児歯科,,平4. 5. 18,kyushu/r8_07_okinawa.zip
歯科,47,0530641,もりや歯科医院,宜野湾市志真志１－６－５朝孝ビル１階,,森屋　正勝,森屋　正勝,歯,,平5. 5. 1,kyushu/r8_07_okinawa.zip
歯科,47,0530716,デイゴ歯科医院,宜野湾市野嵩４－１－１３,098-893-8900,林　成祥,林　成祥,歯　小歯,,平7. 6. 1,kyushu/r8_07_okinawa.zip
歯科,47,0530815,のだけ歯科クリニック,宜野湾市野嵩１－９－１５メゾン松川１０１号,098-894-1718,安藤　順司,安藤　順司,歯科,,平10. 3. 1,kyushu/r8_07_okinawa.zip
歯科,47,0530823,ともえ歯科クリニック,宜野湾市大謝名１－１７－３３ＢＡＲＮビル,098-899-1191,日南休　智恵,日南休　智恵,歯科,,平10. 5. 1,kyushu/r8_07_okinawa.zip
歯科,47,0530849,ライフデンタルクリニック,宜野湾市大山６－２４－９,098-890-5322,医療法人志尚会　理事長　大城　秀隆,大城　秀隆,歯科,,平10. 5. 1,kyushu/r8_07_okinawa.zip
歯科,47,0530864,あさひ歯科医院,宜野湾市我如古２－３２－１８,098-897-6480,医療法人　誠愛会　理事長　新垣　誠,河井　礼子,歯　矯歯　小歯　歯外,,平10. 11. 1,kyushu/r8_07_okinawa.zip
歯科,47,0530872,比嘉歯科医院新城診療所,宜野湾市新城１－３６－１,098-893-7043,医療法人　健優会　理事長　比嘉　信吉,斉藤　公彦,歯　小歯,,平10. 11. 1,kyushu/r8_07_okinawa.zip
歯科,47,0530898,佐藤歯科,宜野湾市真志喜２－１６－９,098-890-3263,佐藤　公,佐藤　公,歯　矯歯　歯外　小歯,,平11. 3. 1,kyushu/r8_07_okinawa.zip
歯科,47,0530922,山川歯科医院,宜野湾市嘉数４－２６－１０ヤマカワビルアネックス,098-890-3434,医療法人　徳山会　理事長　山川　文枝,山川　文枝,歯,,平11. 4. 1,kyushu/r8_07_okinawa.zip
歯科,47,0530930,長田歯科医院,宜野湾市長田３－３５－９,098-894-0648,垣花　賢,垣花　賢,歯,,平11. 6. 1,kyushu/r8_07_okinawa.zip
歯科,47,0530989,生田歯科医院,宜野湾市真栄原３－３５－３,098-897-4739,生田　信勝,生田　信勝,歯　矯歯　小歯,,平12. 10. 1,kyushu/r8_07_okinawa.zip
歯科,47,0530997,太陽歯科医院,宜野湾市真志喜２－１１－１,098-890-6488,医療法人　舞宙会　理事長　宮城　一也,宮城　一也,歯　小歯　矯歯　歯外,,平12. 12. 1,kyushu/r8_07_okinawa.zip
歯科,47,0531128,優和デンタルクリニック,宜野湾市長田１－１９－１０,098-892-9809,堀江　松平,堀江　松平,歯　矯歯　小歯　歯外,,平17. 8. 1,kyushu/r8_07_okinawa.zip
歯科,47,0531136,仲村歯科,宜野湾市我如古４－５－６,,仲村　晃,仲村　晃,歯　小歯,,平17. 9. 1,kyushu/r8_07_okinawa.zip
歯科,47,0531144,おさむファミリー歯科クリニック,宜野湾市喜友名１丁目３１－２番地,098-894-0001,島袋　修,島袋　修,歯　小歯　矯歯,,平17. 11. 1,kyushu/r8_07_okinawa.zip
歯科,47,0531177,渡瀬歯科,宜野湾市真志喜２－１－１,098-897-9111,渡瀬　英雄,渡瀬　英雄,歯,,平18. 5. 1,kyushu/r8_07_okinawa.zip
歯科,47,0531193,医療法人　健歯会　わかばの森歯科医院,宜野湾市赤道１－１－１,,医療法人　健歯会　理事長　土屋　光良,比嘉　隆夫,歯　矯歯　小歯　歯外,,平18. 12. 1,kyushu/r8_07_okinawa.zip
歯科,47,0531201,パワー２″・歯科,宜野湾市我如古３－１２－１７シティーライツ我如古１０３号,098-890-3376,識名　朝浩,識名　朝浩,歯　小歯　歯外,,平19. 2. 1,kyushu/r8_07_okinawa.zip
歯科,47,0531219,あいち歯科クリニック,宜野湾市愛知一丁目２番１５号登川ビル２Ｆ,098-893-2300,医療法人社団　爽和会　理事長　西田　義治,床鍋　博昭,歯　矯歯　小歯　歯外,,平19. 4. 1,kyushu/r8_07_okinawa.zip
歯科,47,0531243,なかざと歯科医院,宜野湾市宇地泊３丁目１１番１号　Ｎ．Ｄビル２階,098-898-3118,仲里　博夫,仲里　博夫,歯科,,平21. 4. 1,kyushu/r8_07_okinawa.zip
歯科,47,0531284,あら歯科医院,宜野湾市野嵩２丁目２番３号,098-893-3000,新垣　秀治,新垣　秀治,歯科,,平21. 11. 1,kyushu/r8_07_okinawa.zip
歯科,47,0531292,しらゆり歯科,宜野湾市志真志１－１－２,098-893-5583,医療法人　健優会　理事長　比嘉　信吉,比嘉　信吉,歯科　小児歯科　矯正歯科,,平22. 2. 1,kyushu/r8_07_okinawa.zip
歯科,47,0531300,てぃーだ歯科,宜野湾市普天間２丁目１４－１　サンフティーマ,098-943-1857,大屋　弘市,大屋　弘市,歯　歯外　小歯,,平23. 3. 1,kyushu/r8_07_okinawa.zip
歯科,47,0531326,マリーナ歯科クリニック,宜野湾市真志喜５－３－５　ルビア１Ｆ,098-943-6533,村田　千年,村田　千年,歯科　小児歯科　歯科口腔外科　矯正歯科,,平24. 4. 1,kyushu/r8_07_okinawa.zip
歯科,47,0531359,エンゼル歯科,宜野湾市字宇地泊２６５－１,098-897-8839,徳嶺　千佳子,徳嶺　千佳子,歯　矯歯　小歯,,平25. 3. 1,kyushu/r8_07_okinawa.zip
歯科,47,0531367,いすの木デンタルクリニック,宜野湾市新城１－５－１２,098-892-0027,砂川　敏博,砂川　敏博,歯　小歯　歯外　矯歯,,平25. 4. 1,kyushu/r8_07_okinawa.zip
歯科,47,0531409,パール歯科,宜野湾市赤道１－３－１,098-892-0147,金城　久,金城　久,歯　歯外　小歯　矯歯,,平25. 11. 1,kyushu/r8_07_okinawa.zip
歯科,47,0531417,セルージュデンタルクリニック,宜野湾市我如古１丁目３４－５,098-943-5430,梅村　誠,梅村　誠,歯　小歯　矯歯,,平26. 4. 1,kyushu/r8_07_okinawa.zip
歯科,47,0531433,あつみ歯科医院,宜野湾市大謝名１丁目１５番１４号,098-987-6288,渥美　智仁,渥美　智仁,歯　小歯,,平29. 10. 1,kyushu/r8_07_okinawa.zip
歯科,47,0531441,Ｄｅｎｔａｌ　Ｃｌｉｎｉｃ　８８,宜野湾市伊佐２丁目２１番１３号　大栄マンションⅡ　１０１,098-890-1188,佐野　順一,佐野　順一,歯,,平30. 2. 1,kyushu/r8_07_okinawa.zip
歯科,47,0531458,はごろもファミリー歯科,宜野湾市真志喜二丁目１３番１３号　コーポ徳本１階,098-898-2804,医療法人　五劫会　理事長　神下　太一,神下　太一,歯　小歯　歯外,,平30. 5. 1,kyushu/r8_07_okinawa.zip
歯科,47,0531466,中澤歯科医院,宜野湾市志真志４－３６－５　２Ｆ,098-897-7389,中澤　崇悟,中澤　崇悟,歯　小歯　矯歯　歯外,,平30. 9. 1,kyushu/r8_07_okinawa.zip
歯科,47,0531474,うえむら歯科医院,宜野湾市我如古３８０－１,098-898-6480,植村　岳暁,植村　岳暁,歯　歯外　小歯,,平31. 4. 1,kyushu/r8_07_okinawa.zip
歯科,47,0531482,大山歯科クリニック,宜野湾市大山４丁目２－５　大通ビル３階,098-897-9182,医療法人南風会　理事長　與儀　昌幸,森田　直樹,歯科　小児歯科　歯科口腔外科,,令元. 5. 1,kyushu/r8_07_okinawa.zip
歯科,47,0531490,じのん矯正歯科クリニック,宜野湾市宇地泊１丁目８番５号,098-917-2304,医療法人じのん矯正歯科クリニック　理事長　門松　須賀子,門松　須賀子,矯正歯科,,令元. 6. 1,kyushu/r8_07_okinawa.zip
歯科,47,0531508,Ｍ’ｓデンタルクリニック,宜野湾市神山１－５－６５　１Ｆ,098-893-8049,杉岡　雅樹,杉岡　雅樹,歯科,,令2. 1. 4,kyushu/r8_07_okinawa.zip
歯科,47,0531516,サン歯科こども歯科クリニック,宜野湾市伊佐３丁目８番１４号グランメール１０１号室,098-942-8131,三浦　崇史,三浦　崇史,歯　小歯　歯外,,令2. 5. 1,kyushu/r8_07_okinawa.zip
歯科,47,0531524,サンエー宜野湾コンベンションシティオレンジ歯科　えがおとママとこどもの予防の歯医者さん,宜野湾市宇地泊三丁目６番１号,098-963-6873,医療法人永孝会　理事長　八丁　裕次,永井　謙次,歯科　歯科口腔外科　小児歯科　矯正歯科,,令3. 4. 1,kyushu/r8_07_okinawa.zip
歯科,47,0531540,ホワイト歯科,宜野湾市宜野湾３丁目２－２６　１階,098-892-4876,石川　保浩,石川　保浩,歯科　口腔外科　矯正歯科,,令6. 1. 4,kyushu/r8_07_okinawa.zip
歯科,47,0531557,オリーブ歯科医院,宜野湾市大謝名１－２－２　１Ｆ,098-898-8241,村田　道夫,村田　道夫,歯科　小児歯科　矯正歯科　歯科口腔外科,,令6. 2. 1,kyushu/r8_07_okinawa.zip
歯科,47,0531565,なかお歯科医院,宜野湾市真栄原１丁目１０－５,098-898-6771,戸田　文仁,戸田　文仁,歯科,,令7. 6. 1,kyushu/r8_07_okinawa.zip
歯科,47,0531573,安谷屋歯科医院,宜野湾市真志喜２－２－１１松本ビル１階,098-987-6866,医療法人ＷＡＮＳ　理事長　安谷屋　信哉,安谷屋　信哉,歯　小歯　矯歯　歯科口腔外科,,令8. 5. 1,kyushu/r8_07_okinawa.zip
歯科,47,0630185,松原歯科医院,宮古島市平良下里９４４－２,,松原　正明,松原　正明,歯,,昭62. 4. 1,kyushu/r8_07_okinawa.zip
歯科,47,0630219,すながわ歯科クリニック,宮古島市平良西里７９２－６,,砂川　貴,砂川　貴,歯,,昭63. 8. 1,kyushu/r8_07_okinawa.zip
歯科,47,0630359,たいら歯科クリニック,宮古島市平良西里４７２－２たいら歯科ビル１Ｆ,0980-74-2711,平良　博也,平良　博也,歯　矯歯　小歯,,平12. 6. 1,kyushu/r8_07_okinawa.zip
歯科,47,0630367,ＫＡＺＵデンタルクリニック,宮古島市平良西里１５９,,平良　和枝,平良　和枝,歯,,平12. 10. 1,kyushu/r8_07_okinawa.zip
歯科,47,0630375,医療法人　英秀会　岡村歯科医院,宮古島市平良下里９２１,09807-4-3204,医療法人　英秀会　理事長　岡村　英人,岡村　英人,歯　小歯,,平13. 1. 1,kyushu/r8_07_okinawa.zip
歯科,47,0630383,永和歯科医院,宮古島市平良下里５９５－１,,方　肇靖,方　肇靖,歯,,平13. 3. 1,kyushu/r8_07_okinawa.zip
歯科,47,0630409,佐良浜歯科医院,宮古島市伊良部字前里添５９３－４２,,大城　智,大城　智,歯,,昭63. 1. 1,kyushu/r8_07_okinawa.zip
歯科,47,0630417,医療法人　がねこ歯科クリニック,宮古島市平良西里３８２,,医療法人　がねこ歯科クリニック　理事長　我如古　充,我如古　充,歯　小歯,,平9. 5. 1,kyushu/r8_07_okinawa.zip
歯科,47,0630425,上野歯科診療所,宮古島市上野新里５１４－２,0980-76-6762,西川　剛敏,西川　剛敏,歯,,昭63. 6. 1,kyushu/r8_07_okinawa.zip
歯科,47,0630433,伊良部中央歯科医院,宮古島市伊良部長浜１３７７－９,09807-8-5888,波平　篤樹,波平　篤樹,歯科　小児歯科　矯正歯科,,平10. 5. 1,kyushu/r8_07_okinawa.zip
歯科,47,0630441,医療法人朝日会　城辺歯科クリニック,宮古島市城辺比嘉６２７－１,0980-77-8481,医療法人　朝日会　理事長　糸洲　朝昇,神村　聡,歯　矯歯　小歯　歯外,,平14. 6. 1,kyushu/r8_07_okinawa.zip
歯科,47,0630458,下地中央歯科医院,宮古島市下地洲鎌４９４－１,0980-76-3888,波平　真樹,波平　真樹,歯科　小児歯科,,平14. 8. 1,kyushu/r8_07_okinawa.zip
歯科,47,0630466,もりた歯科医院,宮古島市平良西里９９３－２６,,森田　保,森田　保,歯　矯歯　小歯　歯外,,平17. 9. 1,kyushu/r8_07_okinawa.zip
歯科,47,0630482,もりお歯科,宮古島市平良下里１５５４－１,0980-79-8778,下地　森夫,下地　森夫,歯　小歯,,平20. 5. 1,kyushu/r8_07_okinawa.zip
歯科,47,0630508,羽地歯科口腔外科医院,宮古島市平良久貝１０６２番地２,0980-73-4618,医療法人　羽山会　理事長　羽地　都映,羽地　都映,一般　歯　歯外　小歯　矯歯,,平23. 2. 2,kyushu/r8_07_okinawa.zip
歯科,47,0630524,宮古島デンタルオフィス,宮古島市平良字東仲宗根４９３－１オアシティ和１０１号,,本永　昌代,本永　昌代,歯　歯外　小歯　矯歯,,平24. 8. 1,kyushu/r8_07_okinawa.zip
歯科,47,0630581,サン　デンタル　クリニック,宮古島市平良字西里５２４－２,0980-72-3355,真喜屋　建,真喜屋　建,歯　歯外　小歯　矯歯,,平28. 7. 1,kyushu/r8_07_okinawa.zip
歯科,47,0630599,医療法人　アマカ会　あだん歯科クリニック,宮古島市平良字久貝６５４－３６,0980-79-0648,医療法人　アマカ会　理事長　吉田　司,吉田　司,歯　小歯　矯歯　歯外,,平28. 6. 1,kyushu/r8_07_okinawa.zip
歯科,47,0630607,さわ矯正歯科医院,宮古島市平良久貝７２１－１０,0980-79-9887,金香　佐和,金香　佐和,矯歯,,平30. 3. 1,kyushu/r8_07_okinawa.zip
歯科,47,0630615,医療法人髙森会　山本歯科医院,宮古島市平良字下里６３９番地１,0980-73-1108,医療法人髙森会　理事長　高森　信光,高森　信光,歯,,平30. 3. 1,kyushu/r8_07_okinawa.zip
歯科,47,0630631,ともくんデンタルクリニック,宮古島市平良字下里６９５－３　１階,0980-75-3222,池田　吾歌子,池田　吾歌子,歯科　小児歯科,,令3. 12. 3,kyushu/r8_07_okinawa.zip
歯科,47,0630649,高輪アイランドクリニック,宮古島市平良字下里５３５－５－２Ｆ,0980-72-7833,一般社団法人国際和合医療学会　代表理事　長岡　美妃,鈴木　大貴,歯科　内科,,令4. 12. 7,kyushu/r8_07_okinawa.zip
歯科,47,0630656,アルパカ歯科,宮古島市平良字東仲宗根１９４番地,0980-79-7108,医療法人眞生会　理事長　池村　眞,池村　直也,歯科　歯科口腔外科　歯科矯正歯科　小児歯科,,令7. 1. 1,kyushu/r8_07_okinawa.zip
歯科,47,0730266,しおがい歯科医院,石垣市大川２６２,,塩谷　清一,塩谷　清一,歯科,,昭64. 1. 1,kyushu/r8_07_okinawa.zip
歯科,47,0730274,宇江城デンタルクリニック,石垣市大川２３,,宇江城　正和,宇江城　正和,歯科,,昭64. 1. 1,kyushu/r8_07_okinawa.zip
歯科,47,0730308,大山歯科医院,石垣市新栄町１２－９,,大山　佐千夫,大山　佐千夫,歯科,,平2. 8. 1,kyushu/r8_07_okinawa.zip
歯科,47,0730373,サザン歯科クリニック,石垣市登野城２－６サンドリバービル２Ｆ,,砂川　和徳,砂川　和徳,歯,,平5. 9. 1,kyushu/r8_07_okinawa.zip
歯科,47,0730381,森岡歯科医院,石垣市新栄町７０－３,09808-3-5233,森岡　成行,森岡　成行,歯　矯歯　小歯,,平6. 11. 1,kyushu/r8_07_okinawa.zip
歯科,47,0730423,かんな歯科クリニック,石垣市新川２４４４－１　１Ｆ,09808-8-5454,漢那　憲宜,漢那　憲宜,歯,,平8. 7. 1,kyushu/r8_07_okinawa.zip
歯科,47,0730456,みやら歯科医院,石垣市八島町１－８－３,09808-3-4333,宮良　和利,宮良　和利,歯科,,平9. 12. 1,kyushu/r8_07_okinawa.zip
歯科,47,0730498,おおはま歯科医院,石垣市登野城６５５－８,09808-3-6480,大浜　覚,大浜　覚,歯,,平10. 10. 1,kyushu/r8_07_okinawa.zip
歯科,47,0730589,サトウ歯科,石垣市大川１９８－１１－２Ｆ,09808-8-8181,佐藤　祐志,佐藤　祐志,歯科　小児歯科,,平14. 10. 1,kyushu/r8_07_okinawa.zip
歯科,47,0730613,さんあい歯科クリニック,石垣市真栄里４９０－７,0980-83-5515,永峰　浩一郎,永峰　浩一郎,歯科　小児歯科　歯科口腔外科,,平15. 12. 1,kyushu/r8_07_okinawa.zip
歯科,47,0730654,ミルク歯科,石垣市白保２６８－２９,0980-86-8148,内田　吉保,内田　吉保,歯　小歯　歯外,,平18. 12. 1,kyushu/r8_07_okinawa.zip
歯科,47,0730670,やましろ歯科クリニック,石垣市登野城６１８番地山興ビル２Ｆ,0980-83-3418,山城　安貴,山城　安貴,歯　歯外,,平19. 10. 1,kyushu/r8_07_okinawa.zip
歯科,47,0730688,すながわ歯科,石垣市登野城７０－４　２Ｆ,0980-82-2033,砂川　明穂,砂川　明穂,歯　歯外,,平19. 11. 1,kyushu/r8_07_okinawa.zip
歯科,47,0730704,つばき歯科医院,石垣市真栄里９１－１,0980-83-7888,椿　隆幸,椿　隆幸,歯　小歯,,平20. 5. 1,kyushu/r8_07_okinawa.zip
歯科,47,0730738,おおかわ歯科,石垣市大川４３１の３番地,0980-88-5528,松本　公彦,松本　公彦,歯　歯外　小歯,,平23. 10. 1,kyushu/r8_07_okinawa.zip
歯科,47,0730753,やいま歯科医院,石垣市字登野城６３０番地１９,0980-88-1234,医療法人友善会　理事長　宮良　善一郎,宮良　善一郎,歯科　小児歯科　矯正歯科　歯科口腔外科,,平27. 11. 1,kyushu/r8_07_okinawa.zip
歯科,47,0730761,柴田ファミリー歯科,石垣市字真栄里２０４－３７５　１Ｆ,0980-88-7060,柴田　拓也,柴田　拓也,歯　小歯　歯外　矯歯,,平30. 5. 1,kyushu/r8_07_okinawa.zip
歯科,47,0730779,新城歯科医院,石垣市大川２７３番地,0980-82-4561,杉田　弘美,杉田　弘美,歯,,平30. 10. 1,kyushu/r8_07_okinawa.zip
歯科,47,0730803,みやらデンタルクリニック,石垣市新川３１－２,0980-87-7717,宮良　善博,宮良　善博,歯科　小児歯科　歯科口腔外科,,令2. 3. 1,kyushu/r8_07_okinawa.zip
歯科,47,0730811,Оｈａｎａ　ｄｅｎｔａｌ　ｃｌｉｎｉｃ,石垣市浜崎町三丁目３番地９,0980-87-8930,医療法人社団　日翔会　理事長　渡邊　克哉,中道　里佳,歯科　小児歯科,,令6. 5. 1,kyushu/r8_07_okinawa.zip
歯科,47,0730829,智歯科,石垣市字大浜４７８－３　１Ｆ,0980-87-0788,村岡　智之,村岡　智之,歯科　小児歯科　歯科口腔外科,,令6. 12. 1,kyushu/r8_07_okinawa.zip
歯科,47,0730837,ＡＮＴＡＲＥＳ　ＤＥＮＴＡＬ　ＷＯＲＫ,石垣市桃里１６５－３８１,,医療法人Ｃａｌｌａ　理事長　原　茂生,原　茂生,歯科　小児歯科　矯正歯科　歯科口腔外科,,令7. 12. 1,kyushu/r8_07_okinawa.zip
歯科,47,0830108,高良歯科医院,浦添市屋富祖１－２－１０,,高良　恒己,高良　恒己,歯,,昭52. 7. 1,kyushu/r8_07_okinawa.zip
歯科,47,0830306,しろま歯科医院,浦添市屋富祖１－３－６,,城間　吉弘,城間　吉弘,歯,,昭58. 7. 1,kyushu/r8_07_okinawa.zip
歯科,47,0830389,ちはる歯科クリニック,浦添市仲間３－３－９,,比嘉　千春,比嘉　千春,歯　矯歯　小歯,,昭60. 7. 1,kyushu/r8_07_okinawa.zip
歯科,47,0830439,三愛歯科医院,浦添市勢理客１－２－２８,,上里　忠昭,上里　忠昭,歯,,昭60. 11. 1,kyushu/r8_07_okinawa.zip
歯科,47,0830579,とみしま歯科クリニック,浦添市西原五丁目２番５－１０１,,富島　修,富島　修,歯　小歯　歯外,,平2. 7. 1,kyushu/r8_07_okinawa.zip
歯科,47,0830603,湖城歯科クリニック,浦添市大平１－３６－５,098-874-1256,湖城　秀久,湖城　秀久,歯科　小児歯科,,平4. 3. 1,kyushu/r8_07_okinawa.zip
歯科,47,0830629,おおひら歯科クリニック,浦添市安波茶１－２７－８,,金城　敬,金城　敬,歯科　小児歯科,,平4. 4. 1,kyushu/r8_07_okinawa.zip
歯科,47,0830678,浦添歯科クリニック,浦添市安波茶３－７－７,,真境名　由守,真境名　由守,歯　矯歯　小歯,,平5. 3. 1,kyushu/r8_07_okinawa.zip
歯科,47,0830751,医療法人南友会　うちま歯科医院,浦添市内間２－１０－１２,,医療法人南友会　理事長　吉満　光徳,吉満　光徳,歯科　矯正歯科　小児歯科　歯科口腔外科,,平7. 1. 1,kyushu/r8_07_okinawa.zip
歯科,47,0830819,ながみね歯科医院,浦添市西原５丁目１１番３号１０１号,098-876-6086,長嶺　恭正,長嶺　恭正,歯　小歯,,平8. 11. 1,kyushu/r8_07_okinawa.zip
歯科,47,0830843,町の歯いしゃさん　ＤＥＮＴＡＬ　ＣＬＩＮＩＣ,浦添市沢岻１－１７－２,098-874-5151,城間　弘三,城間　弘三,歯,,平9. 6. 1,kyushu/r8_07_okinawa.zip
歯科,47,0830850,カルシウム歯科,浦添市経塚４６７,098-873-0648,伊地　弘昭,伊地　弘昭,歯　小歯,,平9. 10. 1,kyushu/r8_07_okinawa.zip
歯科,47,0831007,サンタ歯科,浦添市港川２－２２－１,098-942-1988,志伊良　政,志伊良　政,歯　小歯,,平12. 7. 1,kyushu/r8_07_okinawa.zip
歯科,47,0831049,東京デンタルクリニック,浦添市内間４－１６－１０ファミリータウンＴＯＭＡ,098-870-6677,医療法人　楽天会　理事長　金城　竹治,金城　有冶,歯　矯歯　小歯,,平14. 9. 1,kyushu/r8_07_okinawa.zip
歯科,47,0831064,ねま歯科医院,浦添市内間３－１２－６かりゆしビル２Ｆ,098-874-0648,根間　昌輝,根間　昌輝,歯科　矯正歯科　小児歯科,,平15. 3. 1,kyushu/r8_07_okinawa.zip
歯科,47,0831106,ティダの杜歯科,浦添市内間３－２－３,098-870-5088,長嶺　忍,長嶺　忍,歯　小歯　矯歯　歯外,,平17. 4. 1,kyushu/r8_07_okinawa.zip
歯科,47,0831114,バークレー歯科,浦添市当山二丁目２番２－４号バークレーズコートサービスコート内,098-878-0648,医療法人　愛蘭会　理事長　長島　秀明,上原　美雪,歯,,平17. 11. 1,kyushu/r8_07_okinawa.zip
歯科,47,0831130,宮城歯科医院,浦添市港川２丁目２８番８号,,宮城　栄之,宮城　栄之,歯　小歯,,平18. 1. 17,kyushu/r8_07_okinawa.zip
歯科,47,0831148,経塚歯科クリニック,浦添市経塚４３７,098-876-1102,座覇　周平,座覇　周平,歯　小歯　歯外,,平18. 4. 1,kyushu/r8_07_okinawa.zip
歯科,47,0831171,医療法人社団秋桜会ファーストデンタルクリニックさくら,浦添市宮城三丁目３番１号,098-875-8044,医療法人社団秋桜会　理事長　田熊　啓弘,田熊　啓弘,歯,,平18. 12. 1,kyushu/r8_07_okinawa.zip
歯科,47,0831189,みのり歯科クリニック,浦添市伊祖２丁目２１番１６号,098-879-3343,医療法人　健優会　理事長　比嘉　信吉,林　秀,歯　小歯　歯外,,平19. 2. 1,kyushu/r8_07_okinawa.zip
歯科,47,0831205,慎次デンタルクリニック,浦添市牧港２－４３－７　グリーンエクセル１Ｆ,098-988-0828,座覇　慎次,座覇　慎次,歯科　小児歯科　歯科口腔外科,,平21. 6. 1,kyushu/r8_07_okinawa.zip
歯科,47,0831213,やかデンタルクリニック,浦添市経塚８０１－２　１Ｆ,098-988-0648,屋嘉　智彦,屋嘉　智彦,歯科　小児歯科　歯科口腔外科,,平21. 6. 1,kyushu/r8_07_okinawa.zip
歯科,47,0831254,ウェルネス　デンタルケア,浦添市港川１－２－６,098-879-6070,下地　隆之,下地　隆之,歯,,平23. 4. 1,kyushu/r8_07_okinawa.zip
歯科,47,0831270,みやら歯科診療所,浦添市経塚７０５,098-878-6661,宮良　球八郎,宮良　球八郎,歯　矯歯　小歯　歯外,,平24. 8. 1,kyushu/r8_07_okinawa.zip
歯科,47,0831304,医療法人なかわか　くくる歯科医院,浦添市字経塚６００番地,098-943-9968,医療法人なかわか　理事長　仲若　三男,仲若　三男,歯　小歯　歯外,,平25. 5. 1,kyushu/r8_07_okinawa.zip
歯科,47,0831320,みやびデンタルクリニック,浦添市経塚７４５－７経塚駅前医療モール　１Ｆ,098-878-4181,下地　雅一,下地　雅一,歯　小歯　歯外　矯歯,,平25. 10. 1,kyushu/r8_07_okinawa.zip
歯科,47,0831338,おおせと歯科医院,浦添市宮城４丁目１５－５コーポ南十字１０３号,098-874-8211,大瀬戸　成子,大瀬戸　成子,歯　小歯　歯外,,平25. 12. 16,kyushu/r8_07_okinawa.zip
歯科,47,0831353,なな歯科クリニック,浦添市宮城５－９－１０　１Ｆ,098-875-6122,圓谷　奈苗,圓谷　奈苗,歯科,,平26. 8. 1,kyushu/r8_07_okinawa.zip
歯科,47,0831387,ライト歯科,浦添市安波茶２丁目１－１　役所前アパート２０５,098-988-8311,諸岡　真,諸岡　真,歯科　矯正歯科　小児歯科　歯科口腔外科,,平28. 4. 1,kyushu/r8_07_okinawa.zip
歯科,47,0831395,サザン歯科まえだ,浦添市字前田真和志堂１１４３番地３１,098-875-4618,医療法人　幸輪会　理事長　崎濱　秀海,崎濱　秀海,歯科　小児歯科　矯正歯科　歯科口腔外科,,平28. 5. 1,kyushu/r8_07_okinawa.zip
歯科,47,0831403,医療法人　志尚会　ライフデンタルクリニック浦添,浦添市宮城３丁目７番５－１０３号,098-879-5404,医療法人　志尚会　理事長　大城　秀隆,知念　武史,歯　小歯　矯歯　歯外,,平28. 6. 1,kyushu/r8_07_okinawa.zip
歯科,47,0831429,おかむら歯科医院,浦添市伊祖１－１０－７,098-876-3530,岡村　健司,岡村　健司,歯　小歯　歯外,,平29. 11. 1,kyushu/r8_07_okinawa.zip
歯科,47,0831445,ほかまデンタルクリニック,浦添市城間３丁目１－３,098-876-8211,外間　宏亨,外間　宏亨,歯　矯歯　小歯　歯外,,平31. 4. 1,kyushu/r8_07_okinawa.zip
歯科,47,0831452,たなだ歯科,浦添市牧港２－４６－１２メディカルプラザ牧港４階,098-943-1817,棚田　雅博,棚田　雅博,歯科　歯科口腔外科　小児歯科,,令元. 5. 10,kyushu/r8_07_okinawa.zip
歯科,47,0831460,てぃーだ歯科クリニック,浦添市城間２－５－１（１０２）,098-874-5648,久保　晶子,久保　晶子,歯　小歯　歯外,,令元. 6. 1,kyushu/r8_07_okinawa.zip
歯科,47,0831478,広栄歯科,浦添市西原１－９－３,098-879-0766,安里　博,安里　博,歯　小歯　歯外,,令元. 5. 7,kyushu/r8_07_okinawa.zip
歯科,47,0831486,サンエー経塚シティオレンジ歯科　えがおとママとこどもの予防の歯医者さん,浦添市経塚６５２番１－１Ｆ,098-878-6874,医療法人永孝会　理事長　八丁　裕次,山田　芳樹,歯科　歯科口腔外科　小児歯科　矯正歯科,,令元. 10. 1,kyushu/r8_07_okinawa.zip
歯科,47,0831494,よつ葉歯科,浦添市港川一丁目５番９号　１階,098-876-3428,医療法人愛育会　理事長　髙良　正一郎,髙良　正一郎,歯科　小児歯科　矯正歯科　歯科口腔外科,,令元. 11. 1,kyushu/r8_07_okinawa.zip
歯科,47,0831502,フジデンタルクリニック,浦添市字港川２５４番地,098-875-4473,医療法人　藤垣　理事長　藤垣　佳久,藤垣　佳久,歯科　小児歯科　歯科口腔外科,,令元. 11. 1,kyushu/r8_07_okinawa.zip
歯科,47,0831510,とうま歯科,浦添市城間４－４０－５,098-876-1290,平井　有依子,平井　隆一郎,歯科,,令2. 3. 1,kyushu/r8_07_okinawa.zip
歯科,47,0831528,まきみなと歯科医院,浦添市牧港１－９－８,098-876-6474,宮平　雅士,宮平　雅士,歯科　小児歯科　歯科口腔外科,,令2. 6. 1,kyushu/r8_07_okinawa.zip
歯科,47,0831536,うえだ歯科,浦添市伊祖２丁目２番５号サンチャイルドめぐみ２０１号,098-876-0034,上田　隆一郎,上田　隆一郎,歯科　矯正歯科　小児歯科,,令2. 11. 1,kyushu/r8_07_okinawa.zip
歯科,47,0831544,がねこ歯科醫院,浦添市伊祖２丁目１番３号メディカルプレイス伊祖　６Ｆ－２,098-874-1182,我如古　清太,我如古　清太,歯科　歯科口腔外科　小児歯科　矯正歯科,,令3. 9. 1,kyushu/r8_07_okinawa.zip
歯科,47,0831551,ゆきこ齒科クリニック,浦添市城間４－１１－１,098-943-8529,張本　祐貴子,張本　祐貴子,歯科　小児歯科　歯科口腔外科,,令4. 12. 1,kyushu/r8_07_okinawa.zip
歯科,47,0831569,医療法人　健生会　上原歯科クリニック,浦添市仲間三丁目２３番２号,098-879-1555,医療法人　健生会　上原歯科クリニック　理事長　川畑　剛,川畑　剛,歯科　小児歯科　矯正歯科　歯科口腔外科,,令4. 11. 1,kyushu/r8_07_okinawa.zip
歯科,47,0831577,Ｍｉｃデンタルクリニック,浦添市宮城五丁目１１番３号,098-879-7319,医療法人　育英会　理事長　宮城　英生,宮城　英生,歯　矯歯　歯科口腔外科　小歯,,令5. 7. 20,kyushu/r8_07_okinawa.zip
歯科,47,0831593,医療法人芯聖会　キースおとなこども歯科浦添,浦添市宮城４－３－２グロースビル１階,098-988-4973,医療法人　芯聖会　理事長　仮屋　聖子,松岡　敬,歯科　小児歯科　矯正歯科　歯科口腔外科,,令6. 2. 1,kyushu/r8_07_okinawa.zip
歯科,47,0831601,てだこ浦西歯科クリニック,沖縄県浦添市前田３丁目１９－４０イオンスタイルてだこ浦西駅前１階,,下地　柳盛,下地　柳盛,歯科　小児歯科　歯科口腔外科　矯正歯科,,令6. 9. 1,kyushu/r8_07_okinawa.zip
歯科,47,0831619,医療法人芽依美会　浦西にこにこ歯科,浦添市当山二丁目９番３号,098-873-2525,医療法人芽依美会　理事長　今田　良子,上間　真紀子,歯科　小児歯科　矯正歯科,,令7. 2. 1,kyushu/r8_07_okinawa.zip
歯科,47,0831627,くみこ歯科クリニック,浦添市前田１２９１番地,098-988-0188,大庭　久美子,大庭　久美子,歯科　歯科口腔外科　小児歯科　矯正歯科,,令7. 5. 1,kyushu/r8_07_okinawa.zip
歯科,47,0831635,中央歯科,浦添市城間４丁目３番１８号　１０１号室,098-942-4444,中村　米市,中村　米市,歯　歯外　小歯　矯歯,,令7. 5. 1,kyushu/r8_07_okinawa.zip
歯科,47,0831643,伊礼歯科医院,浦添市屋富祖３－７－３　２０２,098-877-9039,伊禮　充孝,伊禮　充孝,歯科　口腔外科　小児歯科,,令7. 10. 1,kyushu/r8_07_okinawa.zip
歯科,47,0831650,さわだ歯科,浦添市勢理客２丁目５番２３号アーバンハイツＩＣＨＩ１０２号室,098-975-7900,医療法人南風会　理事長　與儀　昌幸,島袋　修,歯科　小児歯科　矯正歯科　歯科口腔外科,,令8. 2. 1,kyushu/r8_07_okinawa.zip
歯科,47,0831668,ＡＬＢＡ歯科＆矯正歯科　沖縄浦添パルコシティ,浦添市西洲三丁目１番地１サンエー浦添西海岸ＰＡＲＣＯ　ＣＩＴＹ　３階３００２・３００３区画,098-901-3562,医療法人社団ＡＬＢＡ　理事長　熊木　淳雄,新沼　拓海,歯科　小児歯科　矯正歯科　歯科口腔外科,,令8. 4. 1,kyushu/r8_07_okinawa.zip
歯科,47,0930288,名嘉真歯科医院,名護市大東１－１１－１５,,名嘉眞　武伸,名嘉眞　武伸,歯,,平2. 7. 1,kyushu/r8_07_okinawa.zip
歯科,47,0930387,やんばる歯科医院,名護市大北１－２３－２,,重松　文仁,重松　文仁,歯　小歯,,平5. 8. 1,kyushu/r8_07_okinawa.zip
歯科,47,0930429,宮里歯科医院,名護市大東３－２１－２２,,医療法人琉風会　理事長　宮里　光成,宮里　光成,歯,,平5. 10. 1,kyushu/r8_07_okinawa.zip
歯科,47,0930510,医療法人社団　和洸会　役所前歯科医院,名護市宮里４４５－６大瀬産業ビル１階１０１号室,,医療法人社団　和洸会　理事長　古谷　充朗,大久保　光朗,歯　矯歯　小歯,,平9. 4. 1,kyushu/r8_07_okinawa.zip
歯科,47,0930536,がなは歯科医院,名護市大西１－１－１神山ビル２Ｆ,0980-54-5555,我那覇　宗教,我那覇　宗教,歯　小歯,,平9. 7. 1,kyushu/r8_07_okinawa.zip
歯科,47,0930585,とおる歯科,名護市大南１－１０－１２南進ビル２Ｆ,0980-54-5333,四宮　亨,四宮　亨,歯,,平11. 5. 1,kyushu/r8_07_okinawa.zip
歯科,47,0930619,オアシス歯科医院,名護市東江１－２５－１４メゾンロイヤル１Ｆ,0980-51-0777,眞喜屋　睦子,眞喜屋　睦子,歯,,平12. 4. 1,kyushu/r8_07_okinawa.zip
歯科,47,0930635,ハート歯科,名護市大北５－２－３,0980-54-8822,神元　龍一,神元　龍一,歯　矯歯　小歯,,平13. 6. 1,kyushu/r8_07_okinawa.zip
歯科,47,0930643,あらさき歯科クリニック,名護市大北５－２２－２５,0980-51-0648,医療法人　博徳会　理事長　新崎　博文,新崎　博文,歯　矯歯　小歯　歯外,,平14. 9. 1,kyushu/r8_07_okinawa.zip
歯科,47,0930668,歯科口腔外科クリニック,名護市城１－１－１９,0980-52-2155,金城　尚典,金城　尚典,歯科　歯科口腔外科,,平15. 5. 1,kyushu/r8_07_okinawa.zip
歯科,47,0930676,こうげん歯科医院,名護市宮里１－１－５２,0980-52-5380,木村　智弘,木村　智弘,歯　矯歯　小歯　歯外,,平16. 11. 1,kyushu/r8_07_okinawa.zip
歯科,47,0930684,なごみの森歯科,名護市名護４５５８－５３,0980-52-0737,阿嘉　宗三,阿嘉　宗三,歯　矯歯　小歯　歯外,,平17. 2. 1,kyushu/r8_07_okinawa.zip
歯科,47,0930692,おおきた歯科,名護市大北１－１－３４－１Ｆ,0980-52-0750,石田　信義,石田　信義,歯　小歯,,平17. 5. 1,kyushu/r8_07_okinawa.zip
歯科,47,0930700,とよはら歯科医院,名護市豊原１６９－１,0980-55-3905,廣瀬　俊章,廣瀬　俊章,歯　矯歯　小歯　歯外,,平18. 5. 1,kyushu/r8_07_okinawa.zip
歯科,47,0930718,くまがい歯科クリニック,名護市宇茂佐の森四丁目７番地１０,0980-43-8890,熊谷　徹,熊谷　徹,歯　小歯　歯外,,平18. 10. 1,kyushu/r8_07_okinawa.zip
歯科,47,0930742,あさと歯科医院,名護市宮里７丁目４－１４,0980-54-6480,安里　忍,安里　忍,歯科　小児歯科　歯科口腔外科,,平20. 10. 1,kyushu/r8_07_okinawa.zip
歯科,47,0930759,グリーンデンタルクリニック,名護市大西４－４－１４,0980-53-4562,亀山　帥仁,亀山　帥仁,歯科　小児歯科　矯正歯科　歯科口腔外科,,平21. 8. 1,kyushu/r8_07_okinawa.zip
歯科,47,0930767,よなみね歯科,名護市宮里６丁目１の８真栄田ビル１Ｆ,,與那嶺　修,與那嶺　修,歯　小歯,,平23. 4. 1,kyushu/r8_07_okinawa.zip
歯科,47,0930775,まきや歯科医院,名護市大東１－１８－１１　１Ｆ,0980-54-4618,眞喜屋　実,眞喜屋　実,歯　小歯,,平23. 11. 1,kyushu/r8_07_okinawa.zip
歯科,47,0930783,ひで歯科クリニック,名護市伊差川５１４，１Ｆ,0980-52-1118,金城　英典,金城　英典,歯　小歯　歯外,,平24. 12. 1,kyushu/r8_07_okinawa.zip
歯科,47,0930841,キラリ・デンタルケアクリニック,名護市城２丁目１０－２０　１Ｆ,0980-54-5046,医療法人尚白　理事長　大城　やよ子,大城　やよ子,歯科　小児歯科,,令4. 12. 1,kyushu/r8_07_okinawa.zip
歯科,47,0930858,Ｈａｎｅｊｉ　Ｄｅｎｔａｌ　Ｃｌｉｎｉｃ　おとな・こども歯科,名護市字伊差川３１４番地１,0980-53-5356,医療法人羽地会　理事長　大城　辰幸,大城　辰幸,歯科　歯科口腔外科　矯正歯科　小児歯科,,令4. 12. 1,kyushu/r8_07_okinawa.zip
歯科,47,0930866,のは歯科クリニック,名護市為又１１９４－２番地,0980-43-8394,饒波　一毅,饒波　一毅,歯科　歯科口腔外科　小児歯科,,令7. 5. 1,kyushu/r8_07_okinawa.zip
歯科,47,0930874,池端歯科医院,名護市宮里１丁目２８－８南西ビル３Ｆ,0980-43-8258,池端　幸司,池端　幸司,歯科,,令7. 6. 1,kyushu/r8_07_okinawa.zip
歯科,47,0930882,あけみお歯科医院,名護市伊差川７,0980-54-5511,石田　智也,石田　智也,歯　小歯　歯外　矯歯,,令7. 7. 1,kyushu/r8_07_okinawa.zip
歯科,47,1030328,上原歯科クリニック,糸満市西崎６－１５－２,,上原　智也,上原　智也,歯,,平2. 12. 1,kyushu/r8_07_okinawa.zip
歯科,47,1030344,ファミリー歯科クリニック,糸満市西崎町３－４９３,,前川　一彦,前川　一彦,歯　矯歯　小歯　歯外,,平4. 7. 1,kyushu/r8_07_okinawa.zip
歯科,47,1030468,しおひら歯科医院,糸満市潮平６１９－２,098-992-1110,医療法人　楽天会　理事長　金城　竹治,金城　圭治,歯　矯歯　小歯,,平11. 8. 1,kyushu/r8_07_okinawa.zip
歯科,47,1030476,フレンド歯科医院,糸満市西崎２－７－１４グランハイム西崎　１階,098-994-4618,前川　雅春,前川　雅春,歯,,平11. 11. 1,kyushu/r8_07_okinawa.zip
歯科,47,1030492,サンプラザ糸満歯科クリニック,糸満市兼城４００,098-992-0311,安東　哲弘,安東　哲弘,歯,,平13. 5. 1,kyushu/r8_07_okinawa.zip
歯科,47,1030500,かしわ歯科,糸満市糸満１４７３－２－１Ｆ,098-992-4171,洪　柏青,洪　柏青,歯,,平13. 7. 9,kyushu/r8_07_okinawa.zip
歯科,47,1030526,アサヒ歯科医院,糸満市糸満１２７８－２　１Ｆ,,江口　理之,江口　理之,歯,,平14. 4. 22,kyushu/r8_07_okinawa.zip
歯科,47,1030542,まえざと歯科,糸満市真栄里２０５８－２リーブル沖縄１Ｆ,098-995-0542,上原　泰道,上原　泰道,歯科　小児歯科　矯正歯科,,平15. 7. 1,kyushu/r8_07_okinawa.zip
歯科,47,1030575,やすだ歯科医院,糸満市糸満１９２２,098-852-3301,安田　理,安田　理,歯科　小児歯科,,平20. 7. 1,kyushu/r8_07_okinawa.zip
歯科,47,1030583,あおば歯科医院,糸満市字福地１６５－１,098-997-4019,山城　隆男,山城　隆男,歯科,,平20. 10. 1,kyushu/r8_07_okinawa.zip
歯科,47,1030625,上原歯科医院,糸満市字糸満１３６７番地１,098-994-2066,医療法人　タートル　理事長　上原　かんな,上原　かんな,歯　小歯,,平28. 12. 1,kyushu/r8_07_okinawa.zip
歯科,47,1030633,糸満ロータリー歯科,糸満市字糸満５９１番地,098-992-0418,稲澤　知子,稲澤　知子,歯科　歯科口腔外科　小児歯科,,令元. 11. 1,kyushu/r8_07_okinawa.zip
歯科,47,1030641,サンエーしおざきシティオレンジ歯科　えがおとママとこどもの予防の歯医者さん,糸満市潮崎町２丁目２番地,098-987-7878,医療法人永孝会　理事長　八丁　裕次,佐々木　恵,歯科　歯科口腔外科　小児歯科　矯正歯科,,令3. 10. 14,kyushu/r8_07_okinawa.zip
歯科,47,1030666,ＺＥＮ　ＤＥＮＴＡＬ　ＣＬＩＮＩＣ,糸満市字潮平７１４－２　２Ｆ,090-9144-8058,医療法人自灯明会　理事長　大城　武,大城　健,歯　歯科口腔外科　小歯,,令5. 6. 1,kyushu/r8_07_okinawa.zip
歯科,47,1030674,潮崎デンタルクリニック,糸満市潮崎町二丁目１番地１５－１０１,098-987-4201,医療法人　己珀会　理事長　猪野屋　洸治,猪野屋　洸治,歯科　小児歯科　歯科口腔外科　矯正歯科,,令6. 4. 8,kyushu/r8_07_okinawa.zip
歯科,47,1030682,い歯科医院,糸満市字潮平５５９－２,,玉城　英人,玉城　英人,歯科　小児歯科　歯科口腔外科,,令6. 5. 1,kyushu/r8_07_okinawa.zip
歯科,47,1030690,いこい歯科クリニック,糸満市西崎６－１９－３西崎２１プラザ２Ｆ,098-994-8941,隅田　佳宏,隅田　佳宏,一般歯科　小児歯科　矯正歯科　口腔外科,,令7. 5. 1,kyushu/r8_07_okinawa.zip
歯科,47,1030708,かみや歯科クリニック,糸満市字潮平７９８番地４オアシス當銘１Ｆ,098-994-2000,医療法人栄千会　理事長　神谷　茂,神谷　茂,歯　歯外　小歯,,令7. 7. 1,kyushu/r8_07_okinawa.zip
歯科,47,1030716,ＨＡＲＵ　ＤＥＮＴＡＬ　ＣＬＩＮＩＣ,糸満市字賀数４６９ニューワールド１０１号,098-987-7781,慶田　喜成,慶田　喜成,歯科　小児歯科　歯科口腔外科,,令7. 11. 1,kyushu/r8_07_okinawa.zip
歯科,47,1130037,ざは歯科クリニック,豊見城市高安４１３－１大漁マンション２Ｆ,,座覇　守弘,座覇　守弘,歯,,昭59. 8. 1,kyushu/r8_07_okinawa.zip
歯科,47,1130078,竹尾歯科医院,豊見城市高嶺３９３－５,,竹尾　孝明,竹尾　孝明,歯,,平2. 6. 1,kyushu/r8_07_okinawa.zip
歯科,47,1130102,おおみ歯科医院,豊見城市豊見城６７３－５,,大見謝　健,大見謝　健,歯科　小児歯科　矯正歯科　歯科口腔外科,,平5. 8. 1,kyushu/r8_07_okinawa.zip
歯科,47,1130128,豊見城歯科クリニック,豊見城市高嶺３５９－１,,上原　徳夫,上原　徳夫,歯,,平7. 6. 1,kyushu/r8_07_okinawa.zip
歯科,47,1130136,ハッピー歯科小児歯科,豊見城市豊見城８０嘉数アパート２Ｆ,098-850-0648,金城　やよい,金城　やよい,歯　矯歯　小歯,,平8. 4. 1,kyushu/r8_07_okinawa.zip
歯科,47,1130144,ゆがふ歯科クリニック,豊見城市豊見城４６９－１,098-856-6209,宮城　克優,宮城　克優,歯　歯外　小歯,,平9. 9. 1,kyushu/r8_07_okinawa.zip
歯科,47,1130185,ねま歯科クリニック,豊見城市宜保二丁目６番地７豊和マンション１Ｆ,098-850-0207,根間　隆,根間　隆,歯　小歯　歯外,,平14. 2. 1,kyushu/r8_07_okinawa.zip
歯科,47,1130235,寺西歯科医院,豊見城市豊見城４１９－１,098-891-6480,寺西　真,寺西　真,歯科　小児歯科,,平16. 3. 1,kyushu/r8_07_okinawa.zip
歯科,47,1130243,トヨミ歯科,豊見城市根差部７１０マックスバリューとよみ店,098-850-5108,医療法人　愛蘭会　理事長　長島　秀明,岩﨑　徹治,歯,,平17. 1. 4,kyushu/r8_07_okinawa.zip
歯科,47,1130250,真玉橋歯科医院,豊見城市真玉橋１４７,098-856-0345,金城　正人,金城　正人,歯,,平17. 1. 1,kyushu/r8_07_okinawa.zip
歯科,47,1130268,医療法人社団　恵仁会　きらら歯科クリニック,豊見城市宜保２丁目７番地７　オアシス光２階,098-840-5557,医療法人社団　恵仁会　理事長　武田　莉沙,山入端　歩,歯　小歯　矯歯,,平17. 12. 1,kyushu/r8_07_okinawa.zip
歯科,47,1130292,とよみデンタルクリニック,豊見城市平良９５番地の１,098-891-6408,清水　俊景,清水　俊景,歯　歯外　小歯,,平18. 5. 1,kyushu/r8_07_okinawa.zip
歯科,47,1130300,金城歯科クリニック,豊見城市根差部４１９番地,,金城　秀男,金城　秀男,歯　小歯　歯外,,平19. 2. 6,kyushu/r8_07_okinawa.zip
歯科,47,1130318,豊崎デンタルクリニック,豊見城市豊崎１－４２３,098-856-2238,中地　昭雄,中地　昭雄,歯　矯歯　小歯,,平19. 5. 1,kyushu/r8_07_okinawa.zip
歯科,47,1130359,しおはま歯科医院,豊見城市豊見城３６８－１　１Ｆ,098-851-1234,塩浜　康良,塩浜　康良,歯科,,平19. 7. 1,kyushu/r8_07_okinawa.zip
歯科,47,1130409,オレンジ歯科クリニック,豊見城市字高嶺３６４－１　コモンズ栄Ａ－１,098-856-6480,宮平　綾子,宮平　綾子,歯　小歯　矯歯　歯外,,平21. 5. 1,kyushu/r8_07_okinawa.zip
歯科,47,1130425,医療法人豊良会　モリヤデンタルオフィス,豊見城市翁長８５４－２－１０１,098-850-3239,医療法人豊良会　モリヤデンタルオフィス　理事長　森谷　良孝,森谷　良孝,歯科　歯科口腔外科　小児歯科　矯正歯科,,平27. 11. 9,kyushu/r8_07_okinawa.zip
歯科,47,1130458,歯ーサーデンタルクリニック,豊見城市字渡橋名２番地１,098-856-7800,下地　竜也,下地　竜也,歯　小歯　矯歯　歯外,,平29. 11. 9,kyushu/r8_07_okinawa.zip
歯科,47,1130466,よつば小児・矯正歯科,豊見城市字豊崎１番地３２３　グラン大政１０１号室,098-851-3167,医療法人　よつば小児・矯正歯科　理事長　金城　康哉,金城　康哉,小歯　矯歯　歯,,平30. 6. 1,kyushu/r8_07_okinawa.zip
歯科,47,1130508,神農デンタルオフィス,豊見城市渡橋名２８９－６２－３,080-8123-6057,神農　悦輝,神農　悦輝,歯科　歯科口腔外科,,令3. 6. 1,kyushu/r8_07_okinawa.zip
歯科,47,1130516,おきなわ矯正歯科,豊見城市字真玉橋１３５番地　２階　２－Ｂ号室,098-856-4182,神谷　規明,神谷　規明,歯科　小児歯科　矯正歯科　歯科口腔外科,,令4. 6. 1,kyushu/r8_07_okinawa.zip
歯科,47,1130532,イーアス沖縄豊崎ＫＴ歯科・矯正歯科,豊見城市豊崎３番３５イーアス沖縄豊崎３０９０区画,098-995-9990,医療法人奉優会　理事長　横田　卓也,渡　正樹,歯科　小児歯科　歯科口腔外科　矯正歯科,,令5. 4. 1,kyushu/r8_07_okinawa.zip
歯科,47,1130540,あおぞらデンタルオフィス,豊見城市字豊崎１－３２６,098-850-9009,医療法人　あおい会　理事長　白戸　啓介,白戸　啓介,歯　小歯　歯科口腔外科　矯歯,,令5. 7. 1,kyushu/r8_07_okinawa.zip
歯科,47,1130557,しま歯科院,豊見城市高安１１７１－５,098-856-8011,嶋田　陽介,嶋田　陽介,歯科　小児歯科　歯科口腔外科,,令6. 11. 1,kyushu/r8_07_okinawa.zip
歯科,47,1130565,デンタルオフィスブーゲンビリア,豊見城市字豊崎１番地１１４５・１階,098-995-8155,医療法人あおい会　理事長　白戸　啓介,白戸　啓,歯科　小児歯科　歯科口腔外科　矯正歯科,,令6. 12. 1,kyushu/r8_07_okinawa.zip
歯科,47,1230043,松山歯科,南城市佐敷津波古１００６,,儀間　清師,儀間　清師,歯　矯歯　小歯,,平4. 9. 1,kyushu/r8_07_okinawa.zip
歯科,47,1230050,おおざと歯科医院,南城市大里字平良２５０５－１,,屋宜　裕子,屋宜　裕子,歯　小歯,,平5. 2. 1,kyushu/r8_07_okinawa.zip
歯科,47,1230068,船越歯科医院,南城市玉城船越９８０城マンション１Ｆ,,座覇　修好,座覇　修好,歯科　小児歯科,,平7. 3. 1,kyushu/r8_07_okinawa.zip
歯科,47,1230100,アトール歯科,南城市大里仲間１１５５,098-944-5610,医療法人　愛蘭会　理事長　長島　秀明,城島　かおり,歯科,,平14. 10. 1,kyushu/r8_07_okinawa.zip
歯科,47,1230118,ふさとデンタルクリニック,南城市玉城富里８,098-948-7778,助川　勝栄,助川　勝栄,歯科　小児歯科,,平16. 4. 1,kyushu/r8_07_okinawa.zip
歯科,47,1230134,南城歯科クリニック,南城市玉城堀川７８８番地,098-948-4855,加藤　広通,加藤　広通,歯　矯歯　小歯　歯外,,平20. 3. 1,kyushu/r8_07_okinawa.zip
歯科,47,1230159,ふたば歯科医院,南城市佐敷新開１－１４３,098-947-4550,比嘉　奈々子,比嘉　奈々子,歯科,,平21. 3. 1,kyushu/r8_07_okinawa.zip
歯科,47,1230167,コマカ歯科クリニック,南城市知念久手堅長堂原３２７－１番地,098-948-3108,南原　弘,南原　弘,歯,,平22. 7. 1,kyushu/r8_07_okinawa.zip
歯科,47,1230175,みのり歯科　大里,南城市大里字高平高宮城原９７番地２,098-943-8686,医療法人　健優会　理事長　比嘉　信吉,嵩元　裕之,歯　小歯　歯外,,平24. 12. 1,kyushu/r8_07_okinawa.zip
歯科,47,1230183,なんじぃデンタルクリニック,南城市佐敷字新里６０７－１　１階,098-963-9930,東　建太,東　建太,歯科,,令2. 3. 1,kyushu/r8_07_okinawa.zip
歯科,47,1230191,はな歯科医院,南城市玉城字富里６６８－５南城ビル　２０１号室,098-943-2398,光安　皓平,光安　皓平,歯科　小児歯科,,令5. 11. 1,kyushu/r8_07_okinawa.zip
歯科,47,2130317,東村歯科診療所,国頭郡東村平良５５０,,東村長,有園　博,歯,,昭59. 6. 1,kyushu/r8_07_okinawa.zip
歯科,47,2130341,国頭村立辺土名歯科診療所,国頭郡国頭村辺土名１４５８,,国頭村長,石川　靖,歯,,昭60. 6. 1,kyushu/r8_07_okinawa.zip
歯科,47,2130515,ピッコロ歯科,国頭郡金武町伊芸８５－１メゾン伊芸１Ｆ,,高橋　重雄,高橋　重雄,歯,,平2. 8. 1,kyushu/r8_07_okinawa.zip
歯科,47,2130523,大宜味村立歯科診療所,国頭郡大宜味村塩屋９８７－３,,大宜味村長,三丸　博之,歯,,平2. 12. 1,kyushu/r8_07_okinawa.zip
歯科,47,2130531,北山歯科医院,国頭郡今帰仁村仲宗根２７９－４,,金城　忍,金城　忍,歯,,平4. 7. 1,kyushu/r8_07_okinawa.zip
歯科,47,2130564,伊江歯科医院,国頭郡伊江村東江前４５９,,伊江村長,池口　伸之,歯　小歯,,平5. 4. 1,kyushu/r8_07_okinawa.zip
歯科,47,2130572,本部マリン歯科,国頭郡本部町渡久地７９９－１,0980-47-6363,鈴木　朝,鈴木　朝,歯,,平6. 11. 1,kyushu/r8_07_okinawa.zip
歯科,47,2130788,おっぱ歯科医院,国頭郡今帰仁村謝名６２１番地１,0980-56-1184,医療法人　羽地会　理事長　大城　辰幸,大城　立也,歯科　小児歯科,,平15. 6. 1,kyushu/r8_07_okinawa.zip
歯科,47,2130820,らいおん歯科,国頭郡本部町渡久地２３１,0980-47-7855,金城　康光,金城　康光,歯　小歯,,平17. 5. 1,kyushu/r8_07_okinawa.zip
歯科,47,2130853,大久保歯科,国頭郡恩納村瀬良垣４６９番地,098-982-3151,大久保　政嗣,大久保　政嗣,歯　小歯,,平19. 5. 1,kyushu/r8_07_okinawa.zip
歯科,47,2130929,のと歯科,国頭郡国頭村辺土名２１４１－１,0980-41-2577,土肥　哲彦,土肥　哲彦,歯　小歯,,平23. 1. 6,kyushu/r8_07_okinawa.zip
歯科,47,2130952,あすなろ歯科医院,国頭郡宜野座村字惣慶１８２７－２,098-968-2313,医療法人真晃会　理事長　金城　真,金城　真,歯,,平25. 7. 1,kyushu/r8_07_okinawa.zip
歯科,47,2130986,医療法人社団　幸悠会　もとぶ歯科医院,国頭郡本部町字大浜８５８番８,0980-47-5432,医療法人社団　幸悠会　理事長　長野　琢也,和田　英輔,歯　小歯,,平26. 4. 1,kyushu/r8_07_okinawa.zip
歯科,47,2131059,はりえ歯科口腔クリニック,国頭郡金武町字金武５７　１Ｆ,098-968-4180,張江　昌宏,張江　昌宏,歯科　小児歯科　歯科口腔外科,,令2. 3. 1,kyushu/r8_07_okinawa.zip
歯科,47,2131091,金城歯科医院,国頭郡本部町字渡久地１４２番地１,0980-47-2648,金城　真二,金城　真二,歯科,,令5. 12. 1,kyushu/r8_07_okinawa.zip
歯科,47,2230117,ちば歯科医院,中頭郡北谷町上勢頭８２０－１,,千葉　章規,千葉　章規,歯,,昭56. 1. 1,kyushu/r8_07_okinawa.zip
歯科,47,2230208,南歯科医院,中頭郡西原町翁長２４０－５,,南保　忍,南保　忍,歯,,昭58. 8. 1,kyushu/r8_07_okinawa.zip
歯科,47,2230265,平良歯科クリニック,中頭郡西原町小那覇６３９,,平良　恵信,平良　恵信,歯　小歯,,昭59. 8. 1,kyushu/r8_07_okinawa.zip
歯科,47,2230372,アイ歯科医院,中頭郡北谷町桑江６２０－１０,,吉岡　匡,吉岡　匡,歯科　矯正歯科　小児歯科,,昭61. 5. 1,kyushu/r8_07_okinawa.zip
歯科,47,2230471,読谷歯科医院,中頭郡読谷村高志保１３１５－１,,鬼塚　央,鬼塚　央,小歯,,昭63. 5. 2,kyushu/r8_07_okinawa.zip
歯科,47,2230570,みずがま歯科,中頭郡嘉手納町水釜６－１６－１　２Ｆ,,國吉　綾子,國吉　綾子,歯　小歯,,平3. 8. 1,kyushu/r8_07_okinawa.zip
歯科,47,2230596,備瀬歯科医院,中頭郡西原町兼久４－２,,備瀬　知裕,備瀬　知裕,歯　矯歯　小歯,,平3. 8. 1,kyushu/r8_07_okinawa.zip
歯科,47,2230604,まつしま歯科・矯正歯科,中頭郡北谷町美浜１－１－１０,,松島　一夫,松島　一夫,歯　矯歯　小歯　歯外,,平3. 11. 1,kyushu/r8_07_okinawa.zip
歯科,47,2230646,あらかわ歯科,中頭郡西原町我謝２４１－６６,,新川　斉,新川　斉,歯　小歯,,平5. 4. 1,kyushu/r8_07_okinawa.zip
歯科,47,2230745,へんとな歯科医院,中頭郡北谷町美浜３－３－５,,邊土名　朝憲,邊土名　朝憲,歯,,平6. 8. 1,kyushu/r8_07_okinawa.zip
歯科,47,2230877,ファミリー歯科医院,中頭郡北谷町桃原７－６メゾンラック１Ｆ,098-936-8414,小林　千恵,小林　千恵,歯科　小児歯科,,平10. 3. 1,kyushu/r8_07_okinawa.zip
歯科,47,2230927,まちだ歯科クリニック,中頭郡西原町翁長５０４,098-944-2700,町田　宗秀,町田　宗秀,歯,,平10. 9. 1,kyushu/r8_07_okinawa.zip
歯科,47,2230992,なかむら歯科クリニック,中頭郡西原町上原１３３－１６,098-944-1872,中村　裕一,中村　裕一,歯,,平11. 5. 1,kyushu/r8_07_okinawa.zip
歯科,47,2231040,そべ歯科クリニック,中頭郡読谷村楚辺２０５８－１,098-921-5500,石渡　八澄,石渡　八澄,歯　小歯,,平13. 4. 1,kyushu/r8_07_okinawa.zip
歯科,47,2231123,にこにこ歯科医院,中頭郡北中城村熱田２０４７,098-935-2199,前川　淳,前川　淳,歯　小歯,,平14. 4. 1,kyushu/r8_07_okinawa.zip
歯科,47,2231149,サンユー歯科,中頭郡西原町小橋川１５４－５玉那覇ビル１Ｆ,098-944-6990,医療法人　愛蘭会　理事長　長島　秀明,長嶺　しの子,歯科,,平14. 10. 1,kyushu/r8_07_okinawa.zip
歯科,47,2231198,なかお歯科クリニック,中頭郡嘉手納町水釜３７９－１２,098-957-6480,仲尾　昌彦,仲尾　昌彦,歯　歯外,,平16. 8. 1,kyushu/r8_07_okinawa.zip
歯科,47,2231206,医療法人新崎歯科,中頭郡読谷村大湾４７３,,医療法人新崎歯科　理事長　新崎　隆,新崎　隆,歯,,平16. 7. 1,kyushu/r8_07_okinawa.zip
歯科,47,2231263,サンセット歯科クリニック,中頭郡読谷村古堅６３７番地３,098-957-0246,医療法人　社団　爽和会　理事長　西田　義治,西田　義治,歯　矯歯　小歯　歯外,,平18. 11. 1,kyushu/r8_07_okinawa.zip
歯科,47,2231289,砂辺スマイル歯科医院,中頭郡北谷町宮城１－１０５,098-926-4618,霍田　仁,霍田　仁,歯　小歯　歯外,,平19. 5. 7,kyushu/r8_07_okinawa.zip
歯科,47,2231297,医療法人　健歯会　ふるげん歯科クリニック,中頭郡読谷村古堅６５６－４,098-956-8740,医療法人　健歯会　理事長　土屋　光良,土屋　光良,歯　矯歯　小歯　歯外,,平19. 5. 1,kyushu/r8_07_okinawa.zip
歯科,47,2231305,医療法人社団　恵仁会　エンジェル歯科,中頭郡中城村津覇６４０番地２,098-942-3773,医療法人社団　恵仁会　理事長　武田　莉沙,宮島　章宏,歯　小歯　矯歯,,平20. 4. 1,kyushu/r8_07_okinawa.zip
歯科,47,2231313,医療法人健歯会　珀美歯科,中頭郡読谷村古堅６７５,098-921-8880,医療法人　健歯会　理事長　土屋　光良,伊　努,歯科　矯正歯科　小児歯科　歯科口腔外科,,平20. 10. 1,kyushu/r8_07_okinawa.zip
歯科,47,2231404,グレイスデンタルクリニック,中頭郡中城村南上原３６４－１,098-895-6868,狩谷　選,狩谷　選,歯　小歯　矯歯　歯外,,平24. 7. 1,kyushu/r8_07_okinawa.zip
歯科,47,2231412,ヤラデンタルクリニック,中頭郡北谷町北谷２－１７－６ＲＹＯ　ＭＡＮＳＩＯＮ　１０３号,098-936-7515,屋良　篤,屋良　篤,歯　矯歯　小歯　歯外,,平24. 7. 1,kyushu/r8_07_okinawa.zip
歯科,47,2231420,伊熊歯科,中頭郡西原町字呉屋１０８－２,098-944-3669,伊熊　大助,伊熊　大助,歯　歯外　小歯　矯歯,,平24. 8. 1,kyushu/r8_07_okinawa.zip
歯科,47,2231438,つばさデンタルクリニック,中頭郡中城村南上原９６７，１Ｆ,098-988-9188,平良　良公,平良　良公,歯　小歯　歯外,,平25. 4. 1,kyushu/r8_07_okinawa.zip
歯科,47,2231461,さおり歯科クリニック,中頭郡中城村南上原５５６番地,098-917-0840,下地　さおり,下地　さおり,歯　小歯　歯外,,平25. 12. 1,kyushu/r8_07_okinawa.zip
歯科,47,2231479,中城みなみ歯科,中頭郡中城村字南上原８３５－１サンヴェスタ１０２号,098-943-5024,屋我　嗣彦,屋我　嗣彦,歯　小歯,,平25. 12. 1,kyushu/r8_07_okinawa.zip
歯科,47,2231487,沖縄ホワイトデンタルクリニック,中頭郡北谷町上勢頭８１３－２デザインマンション龍１０１,098-989-3780,金子　智之,金子　智之,歯　小歯　矯歯　歯外,,平26. 1. 1,kyushu/r8_07_okinawa.zip
歯科,47,2231495,フェイスデンタルオフィス,中頭郡北谷町伊平一丁目３番１号,098-936-7577,名護　太志,名護　太志,歯科　小児歯科　歯科口腔外科,,平26. 8. 1,kyushu/r8_07_okinawa.zip
歯科,47,2231511,ライカムデンタルクリニック,中頭郡北中城村ライカム１番地イオンモール沖縄ライカム２階,098-923-5511,児玉　高有,児玉　高有,歯科　矯正歯科　小児歯科　歯科口腔外科,,平27. 4. 1,kyushu/r8_07_okinawa.zip
歯科,47,2231529,比嘉デンタルクリニック,中頭郡北谷町伊平二丁目１番１号,098-926-6480,比嘉　輝夫,比嘉　輝夫,歯科　歯科口腔外科　小児歯科,,平27. 4. 1,kyushu/r8_07_okinawa.zip
歯科,47,2231537,ハンビー歯科クリニック,中頭郡北谷町北前１－１９－９,098-926-1818,医療法人慧聖会　理事長　新垣　斉,新垣　斉,歯科　小児歯科　矯正歯科　歯科口腔外科,,平27. 4. 9,kyushu/r8_07_okinawa.zip
歯科,47,2231560,さんいく　デンタルクリニック,中頭郡北中城村島袋７０５－７,098-923-0925,岩本　洋一,岩本　洋一,歯　小歯　矯歯　歯外,,平28. 9. 1,kyushu/r8_07_okinawa.zip
歯科,47,2231578,北谷歯科クリニック,中頭郡北谷町宮城１－３７,098-936-1222,八木　宏幸,八木　宏幸,歯　歯外　矯歯　小歯,,平28. 12. 1,kyushu/r8_07_okinawa.zip
歯科,47,2231594,しもデンタルクリニック,中頭郡中城村南上原７７０－２　ハピネスハイツ１０２,098-895-3318,志茂　泰教,志茂　泰教,歯　小歯,,平29. 8. 1,kyushu/r8_07_okinawa.zip
歯科,47,2231602,のんたん歯科クリニック,中頭郡北中城村仲順３９　１階,098-935-5720,竹谷　のぞみ,竹谷　のぞみ,歯　歯外　小歯,,平30. 6. 1,kyushu/r8_07_okinawa.zip
歯科,47,2231610,しまぶく歯科,中頭郡北中城村字島袋６０２－２,098-911-3533,小林　英彦,小林　英彦,歯　小歯　矯歯　歯外,,平30. 10. 1,kyushu/r8_07_okinawa.zip
歯科,47,2231628,北谷パレスデンタルクリニック,中頭郡北谷町伊平二丁目６番３０号,098-923-1931,松浦　正英,松浦　正英,歯　小歯　矯歯　歯外,,平31. 3. 1,kyushu/r8_07_okinawa.zip
歯科,47,2231636,はじめ歯科クリニック,中頭郡読谷村伊良皆３６１－１,098-921-9051,首藤　肇,首藤　肇,歯科　小児歯科　歯科口腔外科,,令2. 4. 1,kyushu/r8_07_okinawa.zip
歯科,47,2231651,よみたんハート歯科,中頭郡読谷村伊良皆２６７－３,098-956-2225,屋宜　宣寿,屋宜　宣寿,歯科　小児歯科　歯科口腔外科,,令2. 11. 2,kyushu/r8_07_okinawa.zip
歯科,47,2231677,医療法人　山内矯正歯科クリニック,中頭郡嘉手納町字嘉手納２８１　３階,098-957-1818,医療法人　山内矯正歯科クリニック　理事長　山内　昌浩,山内　昌浩,矯正歯科,,令3. 3. 2,kyushu/r8_07_okinawa.zip
歯科,47,2231685,レーヴ歯科クリニック,中頭郡北中城村字ライカム５４０番地,098-932-5002,喜屋武　健,喜屋武　健,歯科　小児歯科　歯科口腔外科,,令3. 7. 1,kyushu/r8_07_okinawa.zip
歯科,47,2231693,読谷ファミリー歯科,中頭郡読谷村字上地１７６番地２,098-989-5402,医療法人　南風会　理事長　與儀　昌幸,成田　優一,歯科　小児歯科　歯科口腔外科,,令3. 8. 2,kyushu/r8_07_okinawa.zip
歯科,47,2231701,のぞみ歯科クリニックこども矯正歯科室,中頭郡北中城村字島袋１２２２番地の１,098-930-0444,医療法人わかな会　理事長　中根　のぞみ,中根　のぞみ,歯科　小児歯科　矯正歯科,,令4. 5. 2,kyushu/r8_07_okinawa.zip
歯科,47,2231719,さわふじ歯科クリニック,中頭郡西原町字呉屋９３－１,098-946-5188,鎌田　博至,鎌田　博至,歯科　小児歯科　歯科口腔外科,,令5. 3. 1,kyushu/r8_07_okinawa.zip
歯科,47,2231727,沖縄アイランドデンタルクリニック,中頭郡読谷村字大湾３５６番地,098-956-8811,医療法人アイランドリゾート　理事長　関塚　知義,関塚　知義,歯科　小児歯科　口腔外科　矯正歯科,,令5. 5. 1,kyushu/r8_07_okinawa.zip
歯科,47,2231735,ユニバーサル矯正歯科クリニック,中頭郡北谷町美浜二丁目３番１号サンライズ１０１,098-979-5087,医療法人　ユニバーサル矯正歯科クリニック　理事長　崎原　盛貴,崎原　盛貴,矯歯　歯　小歯　歯科口腔外科,,令5. 5. 1,kyushu/r8_07_okinawa.zip
歯科,47,2231743,あらかわデンタルクリニック,中頭郡中城村字南上原４４８番地の１　１Ｆ,098-943-4887,荒川　彩,荒川　彩,歯科　小児歯科　歯科口腔外科　矯正歯科,,令5. 7. 1,kyushu/r8_07_okinawa.zip
歯科,47,2231750,ドリーム歯科,中頭郡中城村北上原２８０,098-988-9414,小松　夢乃,小松　夢乃,歯　歯科口腔外科　小歯　矯歯,,令5. 12. 1,kyushu/r8_07_okinawa.zip
歯科,47,2231768,知花歯科医院,中頭郡嘉手納町字嘉手納２８１　２階,098-956-2550,山内　和夫,山内　和夫,歯科,,令6. 1. 10,kyushu/r8_07_okinawa.zip
歯科,47,2231776,Ｓｕｎｎｙデンタルクリニック,中頭郡中城村南上原１０５８－４,098-894-3200,牛山　勇史,牛山　勇史,歯科　小児歯科　矯正歯科　歯科口腔外科,,令6. 5. 1,kyushu/r8_07_okinawa.zip
歯科,47,2231784,琉球デンタルオフィス,中頭郡北谷町美浜３丁目６－５－１　２階,098-979-8989,小林　駿,小林　駿,歯　小歯　歯外　矯歯,,令7. 9. 1,kyushu/r8_07_okinawa.zip
歯科,47,2231792,上運天歯科矯正歯科,中頭郡嘉手納町嘉手納２９０－４，２Ｆ,098-956-4618,上運天　智,上運天　智,歯科　矯正歯科,,令7. 8. 8,kyushu/r8_07_okinawa.zip
歯科,47,2231800,とうやまこどもファミリー歯科,中頭郡読谷村字都屋１６７番地３　１階,098-956-0193,當山　大輔,當山　大輔,歯科　小児歯科,,令8. 1. 1,kyushu/r8_07_okinawa.zip
歯科,47,2330263,伊是名村立歯科診療所,島尻郡伊是名村仲田１１９９－１,,伊是名村長,矢内　潤也,歯科,,昭58. 5. 1,kyushu/r8_07_okinawa.zip
歯科,47,2330271,伊平屋村立歯科診療所,島尻郡伊平屋村我喜屋２１７－３,,伊平屋村長,,歯科,,昭58. 5. 1,kyushu/r8_07_okinawa.zip
歯科,47,2330453,つかざん歯科,島尻郡南風原町字津嘉山１５６７,,金原　哲雄,金原　哲雄,歯,,昭60. 4. 1,kyushu/r8_07_okinawa.zip
歯科,47,2330552,南大東村立歯科診療所,島尻郡南大東村在所３０８,0980-22-2568,南大東村長,清水　俊郎,歯科,,昭61. 5. 1,kyushu/r8_07_okinawa.zip
歯科,47,2330602,北大東村立歯科診療所,島尻郡北大東村中野２０９－３,,北大東村長,津田　伸之,歯,,昭62. 5. 1,kyushu/r8_07_okinawa.zip
歯科,47,2330792,上地歯科医院,島尻郡八重瀬町宜次７０６－４,,医療法人上智会　理事長　上地　智博,上地　智博,歯　矯歯　小歯　歯外,,平2. 12. 1,kyushu/r8_07_okinawa.zip
歯科,47,2331006,ひまわり歯科医院,島尻郡与那原町与那原１１０７,,静　坦志,静　坦志,歯,,平5. 8. 1,kyushu/r8_07_okinawa.zip
歯科,47,2331048,みなみ歯科医院,島尻郡南風原町宮平２４８－５,,医療法人明歯会　理事長　金城　史明,金城　史明,歯　矯歯　小歯,,平6. 6. 1,kyushu/r8_07_okinawa.zip
歯科,47,2331055,ムーミン歯科,島尻郡南風原町津嘉山１７０９－３フラッシュユキ１Ｆ,098-888-2728,宇都宮　洋,宇都宮　洋,歯,,平6. 11. 1,kyushu/r8_07_okinawa.zip
歯科,47,2331576,こちんだ歯科クリニック,島尻郡八重瀬町東風平３９６－１－１０１,098-998-8715,粟國　弘誉,粟國　弘誉,歯　小歯　矯歯,,平14. 4. 1,kyushu/r8_07_okinawa.zip
歯科,47,2331691,ナガシマ歯科医院,島尻郡八重瀬町具志頭３４２－９,098-998-1088,長島　英明,長島　英明,歯,,平15. 5. 1,kyushu/r8_07_okinawa.zip
歯科,47,2331741,よなばる中央歯科,島尻郡与那原町与那原７７上原ビル２Ｆ,,照屋　均,照屋　均,歯,,平17. 2. 14,kyushu/r8_07_okinawa.zip
歯科,47,2331758,よなみね歯科クリニック,島尻郡南風原町宮平５９－２－１－１,098-800-7005,與那嶺　啓,與那嶺　啓,歯科　小児歯科,,平17. 4. 1,kyushu/r8_07_okinawa.zip
歯科,47,2331873,医療法人社団　恵仁会　あっぷる歯科クリニック,島尻郡南風原町津嘉山１４６７番３,098-889-1182,医療法人社団　恵仁会　理事長　武田　莉沙,内間　寿美枝,歯　小歯,,平19. 9. 1,kyushu/r8_07_okinawa.zip
歯科,47,2331881,マリンタウン東浜総合歯科,島尻郡与那原町東浜２２－４,098-871-9933,医療法人社団　銀志会　理事長　河野　麻友子,宮田　こずえ,歯　小歯　矯歯　歯外,,平21. 5. 1,kyushu/r8_07_okinawa.zip
歯科,47,2331899,ちゅら歯科,島尻郡八重瀬町屋宜原５０２番地１０,098-998-0648,菊地　裕六,菊地　裕六,歯　小歯　歯外　矯歯,,平22. 7. 1,kyushu/r8_07_okinawa.zip
歯科,47,2331915,ｉデンタルクリニック,島尻郡与那原町東浜８０－３,098-944-4007,岩名　文衛,岩名　文衛,歯　小歯　歯外,,平22. 8. 1,kyushu/r8_07_okinawa.zip
歯科,47,2331931,医療法人社団恵仁会　東浜アクア歯科,島尻郡与那原町字東浜９９番３,098-945-1182,医療法人社団恵仁会　理事長　武田　莉沙,秋馬　秀成,歯　矯歯　小歯　歯外,,平25. 6. 1,kyushu/r8_07_okinawa.zip
歯科,47,2331949,はえばる歯科医院,島尻郡南風原町字照屋３６８サンキャッスル１０２号,098-889-8788,医療法人南風会　理事長　與儀　昌幸,與儀　昌幸,歯　小歯　歯外　矯歯,,平25. 10. 1,kyushu/r8_07_okinawa.zip
歯科,47,2331964,まじきな歯科クリニック,島尻郡南風原町新川２１５－３,098-996-1506,真境名　勉,真境名　勉,歯科　小児歯科,,平26. 1. 1,kyushu/r8_07_okinawa.zip
歯科,47,2331972,沖縄県口腔保健医療センター,島尻郡南風原町字新川２１８番地１,098-888-0648,一般社団法人沖縄県歯科医師会　会長　米須　敦子,木村　楽,歯,,平26. 4. 9,kyushu/r8_07_okinawa.zip
歯科,47,2332012,渡名喜村歯科診療所,島尻郡渡名喜村１９１６番地の１,098-989-2011,渡名喜村長,野原　泉彦,歯科　矯正歯科　小児歯科,,平27. 6. 1,kyushu/r8_07_okinawa.zip
歯科,47,2332020,みのる歯科,島尻郡南風原町字津嘉山１３７１番地３,098-888-5489,齊田　穰,齊田　穰,歯科　小児歯科　歯科口腔外科,,平27. 7. 1,kyushu/r8_07_okinawa.zip
歯科,47,2332046,池田歯科クリニック,島尻郡与那原町上与那原４３５－２番地　１階,098-914-3523,池田　美子,池田　美子,歯科　歯科口腔外科　小児歯科,,平28. 2. 1,kyushu/r8_07_okinawa.zip
歯科,47,2332053,いちまる歯科口腔外科医院,島尻郡八重瀬町字東風平４９３－６,098-987-1688,市丸　篤大,市丸　篤大,歯　小歯　矯歯　歯外,,平28. 6. 1,kyushu/r8_07_okinawa.zip
歯科,47,2332061,渡嘉敷村歯科診療所,島尻郡渡嘉敷村字渡嘉敷２０９番地,098-987-3220,高野　匠,高野　匠,歯,,平28. 6. 1,kyushu/r8_07_okinawa.zip
歯科,47,2332087,医療法人尚仁会　メディカルプラザ歯科,島尻郡南風原町字与那覇２８３番地　メディカルプラザはえばる３階,098-888-6480,医療法人尚仁会　理事長　宮城　智恵子,宮城　智恵子,歯　歯外　小歯,,平30. 6. 1,kyushu/r8_07_okinawa.zip
歯科,47,2332095,サザン歯科やえせ,島尻郡八重瀬町字東風平１７００番地４八重の結１階,098-998-7171,医療法人幸輪会　理事長　崎濱　秀海,砂川　奈津季,歯　小歯　歯外　矯歯,,令元. 7. 1,kyushu/r8_07_okinawa.zip
歯科,47,2332111,メイプル歯科,島尻郡南風原町津嘉山１４０４－２－２　１階,098-894-6890,東　哲平,東　哲平,歯科　歯科口腔外科　小児歯科,,令2. 10. 1,kyushu/r8_07_okinawa.zip
歯科,47,2332145,一日橋デンタルクリニック,島尻郡南風原町兼城５１６－１　２階,098-889-6480,長濱　祐子,長濱　祐子,歯科　小児歯科　矯正歯科　歯科口腔外科,,令3. 11. 1,kyushu/r8_07_okinawa.zip
歯科,47,2332152,オキナワ・デンタルオフィス,島尻郡南風原町字津嘉山１３３９番地１,098-888-2087,医療法人　マゴコロ　理事長　下地　恒太郎,下地　恒太郎,歯科　矯正歯科　歯科口腔外科　小児歯科,,令3. 11. 1,kyushu/r8_07_okinawa.zip
歯科,47,2332160,粟国村歯科診療所,島尻郡粟国村字東５１３－１及び５１７－１,098-988-2955,粟国村長,入船　忠史,歯科,,令4. 1. 4,kyushu/r8_07_okinawa.zip
歯科,47,2332178,球美の歯科,島尻郡久米島町真我里７８番地コーポ球美１０５号,098-901-3688,池田　直樹,池田　直樹,歯科,,令4. 8. 1,kyushu/r8_07_okinawa.zip
歯科,47,2332194,津嘉山おひさま歯科こども歯科,島尻郡南風原町津嘉山５７９番地,,鶴田　勝大,鶴田　勝大,歯科　歯科口腔外科　小児歯科　矯正歯科,,令7. 3. 1,kyushu/r8_07_okinawa.zip
歯科,47,2332202,仲里歯科医院,島尻郡久米島町字謝名堂９０６－３３,098-995-6325,金子　龍太,金子　龍太,歯科　小児歯科　矯正歯科　口腔外科,,令7. 5. 1,kyushu/r8_07_okinawa.zip
歯科,47,2332210,やえせデンタルクリニック,島尻郡八重瀬町東風平１２００番地５－２Ｆ,098-996-1990,医療法人彩慶会　理事長　古波蔵　翔,古波蔵　翔,歯科　歯科口腔外科　小児歯科　矯正歯科,,令7. 6. 1,kyushu/r8_07_okinawa.zip
歯科,47,2430030,多良間村立歯科診療所,宮古郡多良間村仲筋４２１－２,,多良間村長,池田　英敏,歯,,昭60. 4. 1,kyushu/r8_07_okinawa.zip
歯科,47,2530078,竹富町立　大原歯科診療所,八重山郡竹富町南風見１９１－１２７,09808-5-5593,竹富町長,小松　英子,歯科　小児歯科　歯科口腔外科　矯正歯科,,平10. 4. 1,kyushu/r8_07_okinawa.zip
歯科,47,2530094,大仲歯科医院,八重山郡与那国町与那国２４１,0980-87-2003,大仲　徹,大仲　徹,歯,,平13. 9. 1,kyushu/r8_07_okinawa.zip
歯科,47,2530151,竹富町立　波照間歯科診療所,八重山郡竹富町字波照間６２１４番地,0980-85-8021,竹富町長,秋廣　良昭,歯科,,平26. 10. 1,kyushu/r8_07_okinawa.zip
薬局,47,0143054,わかさ調剤薬局,那覇市松山２－２３－２４,,株式会社　プロファーマシー　代表取締役　服部　大,服部　大,,,平5. 4. 1,kyushu/r8_07_okinawa.zip
薬局,47,0143187,はづき薬局,那覇市与儀３６８－１８,,普天間　公子,普天間　公子,,,平6. 1. 1,kyushu/r8_07_okinawa.zip
薬局,47,0143310,スマイル薬局,那覇市田原１－９－２,098-858-3341,武富　弘益,武富　弘益,,,平7. 5. 1,kyushu/r8_07_okinawa.zip
薬局,47,0143351,レオナ薬局,那覇市松島２－１－２０,098-886-4302,有限会社　成和興産　代表取締役　成川　秀隆,當銘　成光,,,平7. 9. 1,kyushu/r8_07_okinawa.zip
薬局,47,0143492,昭和薬局長田店,那覇市長田２－１２－１城間荘１０１,098-834-8217,萩原　涼子,萩原　涼子,,,平8. 6. 1,kyushu/r8_07_okinawa.zip
薬局,47,0143526,サンエス薬局,那覇市安里３－６－２８,098-861-3888,仲程　通一,仲程　通一,,,平8. 7. 1,kyushu/r8_07_okinawa.zip
薬局,47,0143542,薬志堂薬局小禄店,那覇市小禄５５６－１,098-859-1245,有限会社　薬志堂　代表取締役　塚本　徳子,荷川取　美奈子,,,平8. 7. 1,kyushu/r8_07_okinawa.zip
薬局,47,0143567,サンチェリー薬局,那覇市三原２－１５－５,098-836-0886,仲村　喜久子,仲村　喜久子,,,平8. 8. 1,kyushu/r8_07_okinawa.zip
薬局,47,0143617,あさがお薬局,那覇市金城５－１４－１　Ａ－１,098-859-3775,有限会社わかなつ　代表取締役　中西　久美子,中西　久美子,,,平8. 7. 19,kyushu/r8_07_okinawa.zip
薬局,47,0143716,病院前薬局,那覇市松島２－１－１１,098-835-5510,株式会社筑後　代表取締役　矢山　宏,眞境名　樹,,,平9. 9. 1,kyushu/r8_07_okinawa.zip
薬局,47,0144110,あけぼの薬局,那覇市曙３丁目２０番１５号,098-941-2828,株式会社　ゆいまーる　代表取締役　河野　芳一,金城　昭子,,,平12. 10. 1,kyushu/r8_07_okinawa.zip
薬局,47,0144193,新洋薬局,那覇市大道５５,098-887-0194,有限会社　トモヨシ　代表取締役　高良　知子,高良　知子,,,平13. 3. 1,kyushu/r8_07_okinawa.zip
薬局,47,0144227,ばなな薬局,那覇市小禄５６０,098-840-1241,有限会社　ばなな薬局　代表取締役　島袋　雅子,島袋　雅子,,,平13. 6. 1,kyushu/r8_07_okinawa.zip
薬局,47,0144243,くるみ薬局,那覇市仲井真３１７－５,098-831-5959,有限会社　たお　代表取締役　平良　辰雄,安里　恵子,,,平13. 6. 11,kyushu/r8_07_okinawa.zip
薬局,47,0144268,保険薬局　プラネット　まかび,那覇市真嘉比３丁目６番１号,098-882-4170,有限会社　レ・ネット　代表取締役　比嘉　淳,照屋　直子,,,平13. 9. 1,kyushu/r8_07_okinawa.zip
薬局,47,0144292,全快堂だるま薬局,那覇市久茂地１－３－１９,098-867-8344,宇良　洋一,宇良　洋一,,,平13. 11. 1,kyushu/r8_07_okinawa.zip
薬局,47,0144342,ぐすく薬局,那覇市繁多川３－７－７,098-882-3139,有限会社　レ・ネット　代表取締役　比嘉　淳,又吉　智賀子,,,平14. 4. 1,kyushu/r8_07_okinawa.zip
薬局,47,0144508,すこやか薬局　小禄店,那覇市小禄２丁目３番地２１,098-857-8787,株式会社　薬正堂　代表取締役　宮里　早香,大城　吉幸,,,平15. 12. 1,kyushu/r8_07_okinawa.zip
薬局,47,0144540,ハーモニー薬局寄宮店,那覇市与儀１－２６－１１,098-835-3300,有限会社　エム・クリエイト　代表取締役　戸田　澄之,与那城　智恵子,,,平16. 3. 1,kyushu/r8_07_okinawa.zip
薬局,47,0144573,ミント薬局,那覇市牧志２－１７－１７　１Ｆ,098-862-8887,有限会社　かわみつ　川満　建英,松本　圭五,,,平16. 6. 1,kyushu/r8_07_okinawa.zip
薬局,47,0144623,くまのみ薬局,那覇市おもろまち２－２－２５,098-951-0573,株式会社筑後　代表取締役　矢山　宏,國仲　真理子,,,平16. 12. 1,kyushu/r8_07_okinawa.zip
薬局,47,0144664,あいらんど薬局　さつき店,那覇市宇栄原３－５－１４,098-857-6600,株式会社　ジーセットメディカル　代表取締役　平尾　慎一郎,外間　恵美,,,平17. 9. 1,kyushu/r8_07_okinawa.zip
薬局,47,0144748,まつお薬局,那覇市松尾一丁目４番１９号ピースリーイン国際通り１－Ｂ号,098-862-8259,有限会社　藤卓　代表取締役　屋嘉比　康藤,屋嘉比　康藤,,,平18. 3. 1,kyushu/r8_07_okinawa.zip
薬局,47,0144755,ビオラ薬局,那覇市上之屋一丁目３番３２号,098-864-0851,株式会社　アミティ　代表取締役　比嘉　淳,仲里　翔太,,,平18. 3. 1,kyushu/r8_07_okinawa.zip
薬局,47,0144813,サンポー薬局　開南店,那覇市壺屋一丁目２番１７号,098-951-1919,有限会社　オータ　代表取締役　太田　博史,國吉　晃,,,平18. 8. 1,kyushu/r8_07_okinawa.zip
薬局,47,0144862,すこやか薬局　おもろまち店,那覇市銘苅３丁目２２番地３３号,098-860-8051,株式会社　薬正堂　代表取締役　宮里　早香,喜屋武　尚人,,,平19. 2. 1,kyushu/r8_07_okinawa.zip
薬局,47,0144979,たいせい堂薬局首里店,那覇市首里石嶺町二丁目１番地,098-882-1414,株式会社　たいせい堂　代表取締役　大塚　成一郎,大塚　成一郎,,,平20. 2. 1,kyushu/r8_07_okinawa.zip
薬局,47,0144995,キセ薬局,那覇市松川２丁目５番１０号,,喜瀬　聡,喜瀬　聡,,,平20. 1. 4,kyushu/r8_07_okinawa.zip
薬局,47,0145042,ミント薬局　泉崎店,那覇市泉崎２－４－２１－１０２,098-832-1012,有限会社　かわみつ　代表取締役　川満　建英,照喜納　良吉,,,平20. 4. 1,kyushu/r8_07_okinawa.zip
薬局,47,0145117,ふく薬局　こはぐら店,那覇市古波蔵３－１８－５,098-833-8122,株式会社　ふく薬品　代表取締役　田仲　康晃,我喜屋　聡,,,平20. 11. 1,kyushu/r8_07_okinawa.zip
薬局,47,0145158,こくら虹薬局,那覇市古波蔵４－１０－５３,098-835-9280,株式会社　沖縄健康企画　代表取締役　宮城　幸枝,野村　久子,,,平21. 5. 1,kyushu/r8_07_okinawa.zip
薬局,47,0145182,おなは薬局,那覇市安里３８８番地１２７,,小那覇　安之,備瀬　紀子,,,平21. 6. 1,kyushu/r8_07_okinawa.zip
薬局,47,0145216,ミズホ薬局,那覇市国場１１６９番地２１,098-987-0985,株式会社　ミズホ　代表取締役　大城　聖子,大城　聖子,,,平21. 8. 1,kyushu/r8_07_okinawa.zip
薬局,47,0145265,うりずん薬局　松尾店,那覇市松尾二丁目２番２５－２号,098-860-8021,株式会社ハーモニー沖縄　代表取締役　阿部　秀明,榊原　茂行,,,平21. 12. 1,kyushu/r8_07_okinawa.zip
薬局,47,0145315,ひめゆり薬局,那覇市壷屋二丁目４番３号　１階,098-855-7970,有限会社　緑　取締役　箱田　奈津子,箱田　奈津子,,,平22. 1. 4,kyushu/r8_07_okinawa.zip
薬局,47,0145356,三原薬局,那覇市三原１丁目２６－２７,098-987-4083,株式会社　筑後　代表取締役　矢山　宏,新垣　梢,,,平22. 4. 1,kyushu/r8_07_okinawa.zip
薬局,47,0145372,日本調剤　那覇中央薬局,那覇市与儀　１－５－６,098-833-8446,日本調剤株式会社　代表取締役社長　小城　和紀,石居　祐樹,,,平22. 6. 1,kyushu/r8_07_okinawa.zip
薬局,47,0145398,おろく薬局,那覇市小禄６５１番地,098-852-1325,株式会社アイワ　代表取締役　塚本　隆之,塚本　隆之,,,平22. 6. 1,kyushu/r8_07_okinawa.zip
薬局,47,0145406,そうごう薬局新赤十字前店,那覇市与儀１－１８－１８,098-833-6721,総合メディカル株式会社　代表取締役　多田　荘一郎,西川　裕,,,平22. 7. 1,kyushu/r8_07_okinawa.zip
薬局,47,0145414,すこやか薬局　沖赤店,那覇市与儀１丁目４番３号,098-987-4093,株式会社　薬正堂　代表取締役　宮里　早香,玉村　澄恵,,,平22. 7. 1,kyushu/r8_07_okinawa.zip
薬局,47,0145422,スマイル薬局　与儀店,那覇市与儀１丁目７番３号,098-987-4179,有限会社ワーク　代表取締役　武富　弘益,長塚　克巳,,,平22. 7. 1,kyushu/r8_07_okinawa.zip
薬局,47,0145448,いるか薬局,那覇市天久２丁目２０番１５号,098-988-9626,株式会社ファインアシスト　代表取締役　山内　佳代,山内　昌尚,,,平22. 7. 1,kyushu/r8_07_okinawa.zip
薬局,47,0145489,株式会社　新垣薬局,那覇市小禄２８０,,株式会社新垣薬局　代表取締役　新垣　雅大,新垣　雅大,,,平22. 8. 2,kyushu/r8_07_okinawa.zip
薬局,47,0145539,ハープ薬局,那覇市首里久場川町二丁目９６番地の１８,098-885-8080,株式会社　ユーガ　代表取締役　大城文男　大城愛香,上原　智子,,,平23. 2. 1,kyushu/r8_07_okinawa.zip
薬局,47,0145554,すこやか薬局　新都心店,那覇市銘苅２丁目２番１号,098-861-4093,株式会社　薬正堂　代表取締役　宮里　早香,須永　久仁子,,,平23. 7. 1,kyushu/r8_07_okinawa.zip
薬局,47,0145562,ふく薬局　まかび店,那覇市真嘉比２丁目２９番２０号,098-882-2936,株式会社　ふく薬品　代表取締役　田仲　康晃,國場　志音,,,平23. 7. 1,kyushu/r8_07_okinawa.zip
薬局,47,0145596,調剤薬局　クオレ,那覇市天久２丁目２８番２４号,098-988-4996,株式会社　トリニティー　代表取締役　平良　伃己子,平良　伃己子,,,平23. 8. 1,kyushu/r8_07_okinawa.zip
薬局,47,0145638,すこやか薬局　田原店,那覇市宇栄原１丁目６番３８号,098-857-4093,株式会社　薬正堂　代表取締役　宮里　早香,具志堅　優美絵,,,平24. 1. 1,kyushu/r8_07_okinawa.zip
薬局,47,0145687,吉田薬局　はんたがわ店,那覇市繁多川５丁目２３－１,,有限会社　アールエイチ　代表取締役　吉田　洋史,吉田　洋史,,,平24. 4. 2,kyushu/r8_07_okinawa.zip
薬局,47,0145703,そうごう薬局　壺川店,那覇市壺川１－１３－７レジデンスプロスパー,098-833-1311,総合メディカル株式会社　代表取締役　多田　荘一郎,黒島　祐二,,,平24. 9. 1,kyushu/r8_07_okinawa.zip
薬局,47,0145729,すこやか薬局　久米店,那覇市久米２丁目１０番１号シャトレブランシェ１０２号室,098-864-1093,株式会社　薬正堂　代表取締役　宮里　早香,杉本　雅史,,,平25. 1. 1,kyushu/r8_07_okinawa.zip
薬局,47,0145737,ヴァインドラッグ　末吉薬局,那覇市首里末吉町４丁目１－１,098-835-5544,有限会社　みなと薬品　代表取締役　盛本　秀信,新城　智也,,,平25. 1. 1,kyushu/r8_07_okinawa.zip
薬局,47,0145752,とくりん薬局　赤嶺駅前店,那覇市赤嶺２丁目１番地の９号,098-851-7701,株式会社　ユース　代表取締役　大城　朝德,祖堅　華奈,,,平25. 4. 1,kyushu/r8_07_okinawa.zip
薬局,47,0145778,りんご調剤薬局　上間店,那覇市上間３３６番地７,098-996-2697,南日本薬品株式会社　代表取締役　吉田　將司,仲宗根　かおり,,,平25. 6. 1,kyushu/r8_07_okinawa.zip
薬局,47,0145794,つばさ薬局,那覇市寄宮一丁目３５番１１号,098-835-4911,株式会社　Ｔ・Ｓ・Ｎコミュニケーション　代表取締役　吉田　英樹,戸口　夕華,,,平25. 6. 1,kyushu/r8_07_okinawa.zip
薬局,47,0145828,なかのはし薬局,那覇市泊２－７－１３,098-869-8188,合資会社　伸成　代表者　諸喜田　博之,島田　貴子,,,平25. 10. 1,kyushu/r8_07_okinawa.zip
薬局,47,0145836,あい薬局　小禄店,那覇市金城５丁目１１番６号小禄ガーデンビル１ＦＣ,098-858-1189,有限会社山水　代表取締役　久髙　大地,髙良　雄悟,,,平25. 11. 1,kyushu/r8_07_okinawa.zip
薬局,47,0145844,やすおか薬局,那覇市字銘苅３０１番８,098-941-1189,株式会社　クオリエイト　代表取締役　上原　淳,狩俣　イソ,,,平25. 11. 1,kyushu/r8_07_okinawa.zip
薬局,47,0145851,薬志堂薬局　田原店,那覇市田原３丁目８番９号,098-851-7338,有限会社　薬志堂　代表取締役　塚本　徳子,古堅　優子,,,平25. 10. 1,kyushu/r8_07_okinawa.zip
薬局,47,0145885,共創未来　安里薬局,那覇市安里１－７－６玉井飼料ビル１Ｆ,098-860-5600,株式会社ファーマみらい　代表取締役　岡山　善郎,成底　徹,,,平25. 11. 1,kyushu/r8_07_okinawa.zip
薬局,47,0145901,共創未来　天久薬局,那覇市天久９１０,098-860-7881,株式会社ファーマみらい　代表取締役　岡山　善郎,泉　貴博,,,平25. 11. 1,kyushu/r8_07_okinawa.zip
薬局,47,0145927,せせらぎ薬局　みはら,那覇市三原２－１６－１,098-851-3186,神村　武之,神村　康江,,,平26. 4. 1,kyushu/r8_07_okinawa.zip
薬局,47,0145943,にじいろ薬局,那覇市大道５７番地粟国アパート１階,098-917-2397,株式会社　アーガス　松下　佳彦,高橋　恵,,,平26. 5. 1,kyushu/r8_07_okinawa.zip
薬局,47,0145968,薬志堂薬局　寄宮店,那覇市長田１－６－１,098-851-7707,有限会社　薬志堂　代表取締役　塚本　徳子,小川　未加,,,平26. 5. 1,kyushu/r8_07_okinawa.zip
薬局,47,0145984,ふく薬局泉崎店,那覇市泉崎２丁目３番３号　オフィス泉崎１－Ａ号室,,株式会社　ふく薬品　代表取締役　田仲　康晃,松田　文子,,,平26. 5. 8,kyushu/r8_07_okinawa.zip
薬局,47,0145992,まつお虹薬局,那覇市松尾２－１７－３０　宇地原ビル１Ｆ,098-869-1234,株式会社　沖縄健康企画　代表取締役　宮城　幸枝,玉城　三十美,,,平26. 5. 7,kyushu/r8_07_okinawa.zip
薬局,47,0146008,同仁薬局,那覇市天久１１２７－５,,有限会社同仁　取締役　喜納　徹太郎,喜納　徹太郎,,,平26. 5. 1,kyushu/r8_07_okinawa.zip
薬局,47,0146032,ひばり薬局,那覇市久茂地２丁目９番２５号　１階,098-860-8484,親泊　正,親泊　正,,,平26. 10. 1,kyushu/r8_07_okinawa.zip
薬局,47,0146073,サンアイ薬局　めかる,那覇市銘苅３－９－２４,098-861-3311,有限会社　エヌ・オー・ケイ　代表取締役　仲程　京太,伊藤　志麻,,,平27. 4. 1,kyushu/r8_07_okinawa.zip
薬局,47,0146081,すこやか薬局　松島店,那覇市松島２丁目１番１４号　ＮＦレジデンス松島　２階,098-917-5093,株式会社　薬正堂　代表取締役　宮里　早香,古堅　直也,,,平27. 5. 1,kyushu/r8_07_okinawa.zip
薬局,47,0146115,いしみね薬局,那覇市首里石嶺町４丁目９４番地,098-884-7230,有限会社　みなと薬品　代表取締役　盛本　秀信,盛本　直也,,,平27. 8. 1,kyushu/r8_07_okinawa.zip
薬局,47,0146123,アイン薬局　首里店,那覇市首里石嶺町４丁目３５６－５,098-917-2520,株式会社　アインファーマシーズ　代表取締役　淡路　英広,岩松　年隆,,,平27. 11. 1,kyushu/r8_07_okinawa.zip
薬局,47,0146131,和ごころ薬局　さつき店,那覇市宇栄原３－１４－１２,098-857-6111,株式会社　琉球光和　代表取締役　秦　一,比嘉　幸乃,,,平27. 12. 1,kyushu/r8_07_okinawa.zip
薬局,47,0146156,ハープ薬局　いしみね店,那覇市首里石嶺町四丁目２３８番地２メディカルいしみね１Ｆ,098-884-7770,株式会社　Ｈａｐｃｙ　代表取締役　大城　文男,岩﨑　みなみ,,,平27. 12. 1,kyushu/r8_07_okinawa.zip
薬局,47,0146164,ゆらき薬局　天久店,那覇市天久２丁目１番１５号サザンリーフ１階,098-869-9051,有限会社　あおば　代表取締役　石井　丈之,上江洲　美由紀,,,平28. 3. 1,kyushu/r8_07_okinawa.zip
薬局,47,0146172,ぴぃぷる薬局　与儀店,那覇市樋川１－１８－４０,098-831-7503,琉球クオール株式会社　代表取締役　海老澤　修,我喜屋　智香子,,,平28. 4. 1,kyushu/r8_07_okinawa.zip
薬局,47,0146198,ぴぃぷる薬局　石嶺店,那覇市首里石嶺町３－３１,098-884-8751,琉球クオール株式会社　代表取締役　海老澤　修,新井　直久,,,平28. 4. 1,kyushu/r8_07_okinawa.zip
薬局,47,0146206,ハープ薬局　おおのやま店,那覇市奥武山町４６番地　りゅうとうビル１階,098-858-3400,株式会社Ｈａｐｃｙ　代表取締役　大城　文男,坂部　成也,,,平28. 5. 1,kyushu/r8_07_okinawa.zip
薬局,47,0146214,グリーンドラッグ薬局与儀店,那覇市与儀２７４,098-833-8280,株式会社　大賀薬局　代表取締役　大賀　崇浩,南　亮子,,,平28. 4. 1,kyushu/r8_07_okinawa.zip
薬局,47,0146222,グリーンドラッグ薬局首里店,那覇市首里汀良町３－１１１－７,098-943-4190,株式会社　大賀薬局　代表取締役　大賀　崇浩,久場　奈緒子,,,平28. 4. 1,kyushu/r8_07_okinawa.zip
薬局,47,0146271,アルファ薬局,那覇市おもろまち一丁目６番２号,098-861-5558,株式会社トラスファ　代表取締役　平良　博文,平良　博文,,,平28. 9. 1,kyushu/r8_07_okinawa.zip
薬局,47,0146313,イオン薬局　那覇店,那覇市金城５－１０－２　イオン那覇店　１Ｆ,098-891-8211,イオン琉球株式会社　代表取締役社長　鯉渕　豊太郎,金城　明莉,,,平29. 9. 1,kyushu/r8_07_okinawa.zip
薬局,47,0146354,はるはな薬局,那覇市字安里３９５番地２,098-887-7287,株式会社あいわ　代表取締役　奥平　貴之,久高　祐一,,,平30. 4. 1,kyushu/r8_07_okinawa.zip
薬局,47,0146362,すこやか薬局　みやぐすく店,那覇市宮城１丁目１８番１号　Ｂ１Ｆ,098-851-7104,株式会社　薬正堂　代表取締役　宮里　早香,呉屋　杏佳,,,平30. 4. 1,kyushu/r8_07_okinawa.zip
薬局,47,0146388,薬志堂薬局　小禄南店,那覇市小禄４－１－１１　１０１,098-851-8601,有限会社　薬志堂　代表取締役　塚本　徳子,亀濵　寛子,,,平30. 5. 1,kyushu/r8_07_okinawa.zip
薬局,47,0146404,ぴぃぷる第２薬局,那覇市小禄１－１－４３,098-857-4808,琉球クオール株式会社　代表取締役　海老澤　修,田尻　卓也,,,平30. 5. 1,kyushu/r8_07_okinawa.zip
薬局,47,0146412,株式会社大賀薬局　長田沖大前店,那覇市長田１－２４－２６,098-855-0004,株式会社　大賀薬局　代表取締役　大賀　崇浩,國仲　翔子,,,平30. 5. 1,kyushu/r8_07_okinawa.zip
薬局,47,0146461,すこやか薬局　松川店,那覇市松川４０７－１　ＳｅｔＢビル２Ｆ,098-894-7013,株式会社　薬正堂　代表取締役　宮里　早香,上原　美樹,,,平30. 12. 1,kyushu/r8_07_okinawa.zip
薬局,47,0146479,ハーモニー薬局　城岳店,那覇市楚辺１－３－７６,098-855-1011,有限会社　エム・クリエイト　代表取締役　戸田　澄之,宇良　美樹,,,平30. 12. 1,kyushu/r8_07_okinawa.zip
薬局,47,0146487,とまり薬局,那覇市泊１丁目１１－７,098-866-1786,有限会社　神山薬局　代表取締役　神山　朝喜,玉村　友利香,,,平30. 11. 1,kyushu/r8_07_okinawa.zip
薬局,47,0146511,かえで薬局,那覇市首里崎山町４－１９５－５５　１Ｆ,098-884-5959,島袋　忠博,島袋　忠博,調剤,,平31. 3. 1,kyushu/r8_07_okinawa.zip
薬局,47,0146529,オリーブ薬局　小禄店,那覇市田原３－１－１２第２丸元ビル１０１,098-996-2255,合同会社ガロ　代表社員　大城　隆一,宮里　裕美,調剤,,平31. 4. 1,kyushu/r8_07_okinawa.zip
薬局,47,0146537,ＯＷＬ調剤薬局,那覇市楚辺１丁目１４－３９　１階,098-851-9093,株式会社ふくろう薬品　代表取締役　阿部　智裕,阿部　智裕,調剤,,令元. 6. 1,kyushu/r8_07_okinawa.zip
薬局,47,0146545,セブンス薬局　首里店,那覇市首里石嶺町３－２２１－１ラック石嶺駅前１０１,098-988-0670,株式会社ファイブセブン　代表取締役　矢野　浩行,市山　朋樹,調剤,,令元. 7. 1,kyushu/r8_07_okinawa.zip
薬局,47,0146552,ハープ薬局おもろまち駅前店,那覇市真嘉比１丁目７番１号　テンズまかび１階,098-885-2300,株式会社ユーガ　代表取締役　大城文男　大城愛香,砂川　勝信,調剤,,令元. 9. 1,kyushu/r8_07_okinawa.zip
薬局,47,0146560,まかび薬局,那覇市真嘉比２丁目２９番２６号,098-943-8824,有限会社　オーエムファーマシー　代表取締役　荻堂　芳夫,塩田　律子,調剤,,令元. 9. 1,kyushu/r8_07_okinawa.zip
薬局,47,0146578,なははくあい薬局,那覇市安里１丁目６番１１号,098-861-9799,有限会社シリウス　代表取締役　砂川　麻紀,村上　淳一,調剤,,令元. 9. 1,kyushu/r8_07_okinawa.zip
薬局,47,0146586,ウェーブ薬局,那覇市赤嶺１－１２－２　ニューウェーブビル１階,098-851-7690,株式会社ＢＲＩＣＨ　代表取締役　砂川　泰秀,新美　亮,調剤,,令元. 10. 1,kyushu/r8_07_okinawa.zip
薬局,47,0146594,和ごころ薬局くもじ店,那覇市久茂地２－１１－１８当山久茂地川医邸Ｂ１・１Ｆ,098-988-1727,株式会社琉球光和　代表取締役　秦　一,普久原　理江,調剤,,令元. 12. 2,kyushu/r8_07_okinawa.zip
薬局,47,0146602,リーフ調剤薬局,那覇市おもろまち４－９－６　サンエス３　１０１,098-867-8883,株式会社　ネクストリーフ　代表取締役　植田　賢司,植田　真紀,調剤,,令元. 12. 1,kyushu/r8_07_okinawa.zip
薬局,47,0146628,新泉堂薬局,那覇市古波蔵４丁目１３－１２,098-894-6930,吉田　安樹,吉田　安樹,調剤,,令2. 2. 1,kyushu/r8_07_okinawa.zip
薬局,47,0146636,那覇センター薬局,那覇市久茂地３丁目１３番１号　６３ビル　１０２,098-862-8694,株式会社　那覇調剤センター　代表取締役　池村　由美子,平川　綾子,調剤,,令2. 1. 1,kyushu/r8_07_okinawa.zip
薬局,47,0146644,スマイル薬局　古島店,那覇市古島２－６－３,098-835-5260,有限会社　ワーク　代表取締役　武富　弘益,鈴木　立子,調剤,,令2. 1. 14,kyushu/r8_07_okinawa.zip
薬局,47,0146651,ちむ心薬局　松島店,那覇市松島２－１－１９,098-887-1193,有限会社　結　代表取締役　川上　善久,細野　美栄,調剤,,令2. 2. 1,kyushu/r8_07_okinawa.zip
薬局,47,0146669,あいあい薬局,那覇市高良３－６－１６,098-996-5341,合同会社　ガロ　代表社員　大城　隆一,外間　和香子,調剤,,令2. 2. 1,kyushu/r8_07_okinawa.zip
薬局,47,0146677,ひだまり薬局　那覇店,那覇市おもろまち２丁目３番２３号,098-869-5578,合同会社ぐるくん　代表社員　安次冨　久美子,藏方　さおり,調剤,,令2. 4. 1,kyushu/r8_07_okinawa.zip
薬局,47,0146693,うえばる薬局,那覇市宇栄原１－１８－２３,098-987-4567,株式会社エルマーノ　代表取締役　赤嶺　竜也,下地　みずほ,,,令2. 9. 1,kyushu/r8_07_okinawa.zip
薬局,47,0146701,ミルク薬局　真嘉比店,那覇市真嘉比２－１－１,098-885-9241,株式会社　七福メディカル　代表取締役　天野　勝明,浜元　洋子,,,令2. 12. 1,kyushu/r8_07_okinawa.zip
薬局,47,0146727,そよ風薬局　松川店,那覇市松川４４２－８,098-943-3345,株式会社幸せの樹　代表取締役　満名　盛昇,木村　桃子,,,令3. 1. 1,kyushu/r8_07_okinawa.zip
薬局,47,0146743,さわやか薬局開南店,那覇市樋川２丁目１番２号　１－Ｂ,098-996-4972,有限会社さわやか薬局　代表取締役　國吉　みどり,大沼　優子,,,令3. 3. 1,kyushu/r8_07_okinawa.zip
薬局,47,0146750,はれ薬局,那覇市寄宮１５３番地１,098-836-6413,株式会社喜薬はれ薬局　代表取締役　喜友名　朝史,喜友名　朝史,,,令3. 6. 1,kyushu/r8_07_okinawa.zip
薬局,47,0146768,琉球漢方薬局,那覇市久茂地３丁目１３－８レジデンス森山　１階,098-988-1857,株式会社Ｆｉｖｅ　Ｔｗｏ　代表取締役　伊藤　健三,伊藤　健三,,,令3. 9. 1,kyushu/r8_07_okinawa.zip
薬局,47,0146784,さわふじ薬局,那覇市真地２９９－１８,098-996-4740,有限会社　結　代表取締役　川上　善久,平　京子,,,令4. 1. 4,kyushu/r8_07_okinawa.zip
薬局,47,0146792,ひなた薬局うえばる,那覇市宇栄原６丁目１番８号,098-859-7273,株式会社ひなた薬局　代表取締役　新城　真智子,田中　一志,,,令4. 1. 4,kyushu/r8_07_okinawa.zip
薬局,47,0146800,あすなろ薬局,那覇市古波蔵３－５－２２,098-835-1079,株式会社　那覇調剤センター　代表取締役　池村　由美子,酒井　明子,,,令3. 12. 27,kyushu/r8_07_okinawa.zip
薬局,47,0146867,はんたがわ薬局,那覇市繁多川三丁目５番１８号,098-831-7667,株式会社アミティ　代表取締役　比嘉　淳,又吉　晴美,,,令4. 8. 1,kyushu/r8_07_okinawa.zip
薬局,47,0146883,アイワ薬局安謝店,那覇市曙２丁目９番２号,098-868-3830,株式会社アイワメディカルオキナワ　代表取締役　住田　文男,知念　清乃,,,令4. 11. 1,kyushu/r8_07_okinawa.zip
薬局,47,0146909,アイン薬局天久店,那覇市天久９３２番地,098-988-9211,株式会社アインファーマシーズ　代表取締役　淡路　英広,中村　健人,,,令5. 4. 1,kyushu/r8_07_okinawa.zip
薬局,47,0146917,ももたろう薬局なは店,那覇市松尾２－１６－３８,098-866-6345,有限会社桃源　代表取締役　桃原　泰誠,桃原　泰誠,,,令5. 4. 1,kyushu/r8_07_okinawa.zip
薬局,47,0146925,ゆんたく薬局　おもろまち店,那覇市おもろまち４－１６－２２,098-860-8989,宮本　直樹,宮本　直樹,,,令5. 4. 1,kyushu/r8_07_okinawa.zip
薬局,47,0146933,いずみはら薬局,那覇市小禄５－１４－４,098-858-8858,株式会社　エルマーノ　代表取締役　赤嶺　竜也,佐伯　悠,,,令5. 6. 1,kyushu/r8_07_okinawa.zip
薬局,47,0146941,おもろまち薬局,那覇市天久一丁目８番６号アメニティＫ１０２,098-943-8472,田鍋　大史,田鍋　大史,,,令5. 7. 1,kyushu/r8_07_okinawa.zip
薬局,47,0146958,なみき薬局,那覇市与儀３６６－３,098-834-9053,合同会社　オフィスＫＴ　代表社員　玉那覇　清英,牧野　唯右,,,令5. 7. 1,kyushu/r8_07_okinawa.zip
薬局,47,0146966,さくる薬局,那覇市与儀１丁目１番２８号１Ｆ,098-996-7100,株式会社　沖縄アイティ　代表取締役　岩崎　裕昭,神野　雅俊,,,令5. 9. 1,kyushu/r8_07_okinawa.zip
薬局,47,0146974,ピーチ薬局　あじゃ店,那覇市安謝１丁目９－２７,098-988-0505,株式会社　楓ファーマシー　代表取締役　日浦　克也,古見　司子,,,令5. 10. 1,kyushu/r8_07_okinawa.zip
薬局,47,0146982,ファーマライズ薬局　国場店,那覇市字国場２７１番地１,098-836-7700,ファーマライズ株式会社　代表取締役　松浦　惠子,知念　沙姫,,,令5. 12. 1,kyushu/r8_07_okinawa.zip
薬局,47,0146990,ぎぼ駅前薬局,那覇市首里儀保町１－２７,098-882-2150,株式会社ストレチア　代表取締役　山根　弘,大槻　美佳,,,令5. 12. 1,kyushu/r8_07_okinawa.zip
薬局,47,0147006,なかいま薬局,那覇市仲井真３７９－２,098-996-2256,株式会社エルマーノ　代表取締役　赤嶺　竜也,大濵　勝太,,,令6. 1. 1,kyushu/r8_07_okinawa.zip
薬局,47,0147014,セドナ薬局,那覇市壺屋二丁目１４番２６号Ｃ－１０１,098-854-2355,合同会社ＴＳＹカンパニー　代表社員　照喜名　悟,山下　博士,,,令6. 2. 1,kyushu/r8_07_okinawa.zip
薬局,47,0147022,薬局マツモトキヨシ三原店,那覇市三原一丁目１３－１,098-835-4294,株式会社　マツモトキヨシ九州販売　代表取締役　関　久則,池原　咲也香,,,令6. 11. 3,kyushu/r8_07_okinawa.zip
薬局,47,0147030,ドラッグイレブン薬局　新都心おもろまち店,那覇市おもろまち３丁目５番２１号,098-860-3335,株式会社ドラッグイレブン　代表取締役　半澤　剛,中田　康敬,,,令6. 11. 3,kyushu/r8_07_okinawa.zip
薬局,47,0147048,すこやか薬局　鏡原店,那覇市鏡原町１０番３号,098-987-5222,株式会社薬正堂　代表取締役　宮里　早香,新田　邦宏,,,令7. 4. 1,kyushu/r8_07_okinawa.zip
薬局,47,0147055,あいらんど薬局　泊店,那覇市泊１－１３－１,098-971-1567,株式会社ジーセットメディカル　代表取締役　平尾　慎一郎,大城　真樹生,,,令7. 5. 1,kyushu/r8_07_okinawa.zip
薬局,47,0147063,ドラッグイレブン薬局繁多川店,那覇市繁多川１丁目２０番１号,098-996-1163,株式会社ドラッグイレブン　代表取締役　半澤　剛,屋良　憲治,,,令7. 7. 1,kyushu/r8_07_okinawa.zip
薬局,47,0147071,ハープ薬局めかる店,那覇市字銘苅２１１－１７メディカルプラザめかる　２Ｆ,098-988-9933,株式会社ユーガ　代表取締役　大城　文男,仲栄真　夕夏,,,令7. 7. 1,kyushu/r8_07_okinawa.zip
薬局,47,0147089,イオン薬局安謝店,那覇市字安謝６６４－３２,098-963-5770,イオン琉球株式会社　代表取締役　鯉渕　豊太郎,川上　太聖,,,令7. 7. 1,kyushu/r8_07_okinawa.zip
薬局,47,0147105,とくりん薬局まわし店,那覇市寄宮三丁目１２番１８号,098-894-3417,株式会社ユース　代表取締役　大城　朝徳,新垣　智恵美,,,令7. 8. 4,kyushu/r8_07_okinawa.zip
薬局,47,0147113,ハーモニー薬局　オアシス石嶺店,那覇市首里石嶺町１－１２７－３,098-988-3085,有限会社エム・クリエイト　代表取締役　戸田　澄之,戸田　澄之,,,令7. 8. 1,kyushu/r8_07_okinawa.zip
薬局,47,0147121,ハーモニー薬局　オアシス上間店,那覇市上間２７５－３,098-836-8123,有限会社エム・クリエイト　代表取締役　戸田　澄之,渡嘉敷　彰,,,令7. 8. 1,kyushu/r8_07_okinawa.zip
薬局,47,0147139,ゆい心豊薬局,那覇市泊１丁目６番１号ビックライスマンションとまり１０１,098-863-5107,株式会社親心豊　代表取締役　親川　智史,親川　智史,,,令7. 10. 1,kyushu/r8_07_okinawa.zip
薬局,47,0147147,つぼがわ薬局,那覇市壺川２丁目１１番地６　１階,098-996-1193,株式会社メディカルネットワーク　代表取締役　近藤　竜太,林　成子,,,令7. 10. 1,kyushu/r8_07_okinawa.zip
薬局,47,0147154,うらら薬局,那覇市長田２－２５－１０　１０２,098-854-1193,株式会社バシラックス　代表取締役　大道　一馬,玉城　祐太朗,,,令7. 12. 1,kyushu/r8_07_okinawa.zip
薬局,47,0147162,くくる薬局,那覇市安謝１丁目１０番３０号　スカイエスト１Ｆ,098-943-7500,株式会社バシラックス　代表取締役　大道　一馬,宮城　あや,,,令7. 12. 1,kyushu/r8_07_okinawa.zip
薬局,47,0147170,あいらんど薬局　古波蔵店,那覇市古波蔵２丁目４番１１号,098-855-3905,株式会社ジーセットメディカル　代表取締役　平尾　慎一郎,宮城　麻里子,,,令8. 5. 1,kyushu/r8_07_okinawa.zip
薬局,47,0147188,和ごころ薬局　こくば店,那覇市国場１１７７－３カテーラメディカルビル１０１号,098-987-1323,株式会社琉球光和　代表取締役　秦　一,比嘉　正紀,,,令8. 3. 1,kyushu/r8_07_okinawa.zip
薬局,47,0147196,ミルク薬局　安謝店,那覇市安謝１丁目３番地９ＨＯＰビル１０２号室,098-860-7007,株式会社七福メディカル　代表取締役　天野　勝明,安倍　史倫,,,令8. 4. 1,kyushu/r8_07_okinawa.zip
薬局,47,0147204,かりん薬局,那覇市古島１丁目２２番９号,098-884-3689,株式会社アシスト　代表取締役　西田　琴美,山本　萌絵,,,令8. 4. 1,kyushu/r8_07_okinawa.zip
薬局,47,0147212,くら薬局,那覇市首里当蔵町１丁目１０番地１,098-884-1717,株式会社アシスト　代表取締役　西田　琴美,友利　久美子,,,令8. 4. 1,kyushu/r8_07_okinawa.zip
薬局,47,0147220,にじいろ薬局,那覇市大道５７粟国アパート１階,098-917-2397,株式会社まちのくすり屋さん　代表取締役　髙田　淳,藤澤　恵,,,令8. 7. 1,kyushu/r8_07_okinawa.zip
薬局,47,0340262,ふれあい薬局,うるま市赤道７５９－５,,平田　順子,平田　順子,,,昭60. 10. 1,kyushu/r8_07_okinawa.zip
薬局,47,0340304,有限会社　天願薬局,うるま市みどり町４－４－１６,,有限会社　天願薬局　代表取締役　根路銘　謙,根路銘　謙,,,平4. 4. 1,kyushu/r8_07_okinawa.zip
薬局,47,0340312,かもめ薬局,うるま市みどり町３－１８－１０,,株式会社筑後　代表取締役　矢山　宏,出砂　隆次,,,平4. 10. 1,kyushu/r8_07_okinawa.zip
薬局,47,0340445,あかみち薬局,うるま市赤道１１－１３,098-974-1673,有限会社　中央調剤薬局　代表取締役　江夏　恭範,江夏　恭範,,,平9. 7. 15,kyushu/r8_07_okinawa.zip
薬局,47,0340684,照屋薬局　あげな店,うるま市安慶名３丁目２３番２６号オレンジハウス１階,098-972-2806,照屋　林現,照屋　林現,,,平15. 11. 1,kyushu/r8_07_okinawa.zip
薬局,47,0340767,石川インター前薬局,うるま市石川２４１０－１,098-964-7111,有限会社　レ・ネット　代表取締役　比嘉　淳,黒川　尭哉,,,平16. 4. 1,kyushu/r8_07_okinawa.zip
薬局,47,0340775,へしきや薬局,うるま市与那城西原９８８－３,098-978-6036,有限会社　へしき屋　代表取締役　宮里　建次,宮里　建次,,,平11. 3. 1,kyushu/r8_07_okinawa.zip
薬局,47,0340783,ひかり薬局　与那城店,うるま市与那城屋慶名４６７－１,098-983-0011,有限会社　光和　代表取締役　小嶺　幸室,前堂　加江子,,,平12. 3. 1,kyushu/r8_07_okinawa.zip
薬局,47,0340833,さしだ薬局　ニュー東山店,うるま市石川東山一丁目２２番６号,098-982-5066,有限会社　さしだ薬局　代表取締役　佐次田　聖,佐次田　ますみ,,,平18. 2. 1,kyushu/r8_07_okinawa.zip
薬局,47,0340841,さしだ薬局曙店,うるま市石川曙三丁目２番２８号,098-965-4906,有限会社　さしだ薬局　代表取締役　佐次田　聖,佐次田　聖,,,平18. 2. 1,kyushu/r8_07_okinawa.zip
薬局,47,0341005,中部薬局,うるま市宮里２６１番地１,098-973-6577,株式会社　万優　代表取締役　森根　美智子,本村　充,,,平20. 10. 1,kyushu/r8_07_okinawa.zip
薬局,47,0341013,すこやか薬局　具志川店,うるま市宮里２６１番１６号,,株式会社　薬正堂　代表取締役　宮里　早香,直島　深,,,平21. 8. 1,kyushu/r8_07_okinawa.zip
薬局,47,0341047,にこにこ薬局,うるま市宮里７６４番地１,098-973-1189,株式会社万優　代表取締役　森根　美智子,中原　慶子,,,平22. 6. 1,kyushu/r8_07_okinawa.zip
薬局,47,0341070,りんご調剤薬局　うるま店,うるま市宮里２６４－９番地　１Ｆ,098-989-9079,南日本薬品株式会社　代表取締役　吉田　將司,吉田　將司,,,平23. 12. 1,kyushu/r8_07_okinawa.zip
薬局,47,0341104,すこやか薬局　みどり町店,うるま市みどり町４－１９－１５,098-974-4350,株式会社　薬正堂　代表取締役　宮里　早香,安次富　唯,,,平24. 7. 2,kyushu/r8_07_okinawa.zip
薬局,47,0341112,あかみち薬局　あげな店,うるま市安慶名一丁目６番１９号,098-923-1668,有限会社　中央調剤薬局　代表取締役　江夏　恭範,江夏　京子,,,平25. 1. 1,kyushu/r8_07_okinawa.zip
薬局,47,0341153,ハート薬局　江洲店,うるま市字江洲５４７番地１,098-989-9185,有限会社ＩＮＳ　代表取締役　島袋　忠明,名城　朝枝,,,平26. 10. 1,kyushu/r8_07_okinawa.zip
薬局,47,0341161,すこやか薬局　喜屋武店,うるま市喜屋武５４６－１,098-923-1189,株式会社　薬正堂　代表取締役　宮里　早香,久場　良亮,,,平26. 12. 1,kyushu/r8_07_okinawa.zip
薬局,47,0341195,アイン薬局　赤道店,うるま市赤道２６０－５,098-982-6171,株式会社アインファーマシーズ　代表取締役　淡路　英広,菅沼　咲歩,,,平27. 11. 1,kyushu/r8_07_okinawa.zip
薬局,47,0341203,いは薬局,うるま市石川伊波４２８－５,098-965-6768,合同会社瑞城　代表社員　瑞慶山　純子,瑞慶山　純子,,,平28. 7. 1,kyushu/r8_07_okinawa.zip
薬局,47,0341211,すこやか薬局　与勝店,うるま市勝連南風原３５７７－１,098-987-8080,株式会社　薬正堂　代表取締役　宮里　早香,金城　礼尽,,,平28. 12. 1,kyushu/r8_07_okinawa.zip
薬局,47,0341229,さしだ薬局　しらはま店,うるま市石川白浜２丁目３番１号,098-987-8128,有限会社　さしだ薬局　代表取締役　佐次田　聖,佐次田　頌,,,平29. 10. 1,kyushu/r8_07_okinawa.zip
薬局,47,0341260,アイン薬局　うるま宮里店,うるま市宮里２０１ー５,098-974-5825,株式会社アインファーマシーズ　代表取締役　淡路　英広,橋田　昌治,調剤,,平31. 3. 1,kyushu/r8_07_okinawa.zip
薬局,47,0341278,タスク薬局,うるま市みどり町５－２７－１,098-972-7198,株式会社沖縄ファーマシー　代表取締役　比嘉　啓,阿嘉　秀寅,調剤,,令元. 7. 1,kyushu/r8_07_okinawa.zip
薬局,47,0341286,ハート薬局　あかみち店,うるま市赤道１７４－１２（１０２号室）,098-974-9339,有限会社　ＩＮＳ　代表取締役　島袋　忠明,宮城　英吏子,,,令2. 6. 1,kyushu/r8_07_okinawa.zip
薬局,47,0341294,和ごころ薬局　あかみち店,うるま市字赤道６３０番地,098-989-0715,株式会社　琉球光和　代表取締役　秦　一,前田　真一郎,,,令3. 2. 1,kyushu/r8_07_okinawa.zip
薬局,47,0341302,ひが薬局　与那城店,うるま市与那城西原８６７－２,098-989-4692,株式会社沖縄ファーマシー　代表取締役　比嘉　啓,新江　裕貴,,,令3. 7. 2,kyushu/r8_07_okinawa.zip
薬局,47,0341310,とくりん薬局与勝店,うるま市勝連平安名１６５５番１－２,098-978-8800,株式会社ユース　代表取締役　大城　朝德,徳門　巧也,,,令3. 7. 1,kyushu/r8_07_okinawa.zip
薬局,47,0341344,ハート薬局　きゃん店,うるま市喜屋武３８４－３－２きゃんメディカルプラザ　１Ｂ,098-975-0825,有限会社ＩＮＳ　代表取締役　島袋　忠明,粟國　朝陽,,,令4. 10. 1,kyushu/r8_07_okinawa.zip
薬局,47,0341351,なでしこ薬局,うるま市字江洲６００番地７,098-974-7706,株式会社アインファーマシーズ　代表取締役　淡路　英広,早坂　岬,,,令5. 4. 1,kyushu/r8_07_okinawa.zip
薬局,47,0341369,うらしま薬局　石川ピーナツ店,うるま市石川２丁目２１－３,098-964-1122,合同会社ＰＯＲＴＯ　代表社員　浦嶋　博人,浦嶋　博人,,,令5. 7. 1,kyushu/r8_07_okinawa.zip
薬局,47,0341377,イオン薬局みどり町店,うるま市みどり町５丁目２－３,098-972-3277,イオン琉球株式会社　代表取締役社長　鯉渕　豊太郎,瑞慶山　正代,,,令5. 12. 1,kyushu/r8_07_okinawa.zip
薬局,47,0341385,エス薬局,うるま市字江洲２１００番１１の２,098-979-8566,渡慶次　憲彦,渡慶次　憲彦,,,令6. 6. 1,kyushu/r8_07_okinawa.zip
薬局,47,0341393,ニライ薬局,うるま市安慶名３－２４－９ティダビル２階,098-979-8960,具志堅　丹,嶺井　千恵子,,,令6. 6. 1,kyushu/r8_07_okinawa.zip
薬局,47,0341419,うるま薬局,うるま市字田場１４１７,098-973-7892,有限会社メディカルメイト　取締役　福地　健治,飯田　友美,,,令8. 3. 3,kyushu/r8_07_okinawa.zip
薬局,47,0440724,平田薬局,沖縄市知花１－４－１２,,勢理客　由美子,勢理客　由美子,,,昭57. 3. 1,kyushu/r8_07_okinawa.zip
薬局,47,0440898,すこやか薬局　泡瀬店,沖縄市泡瀬４－３８－１９,,株式会社　薬正堂　代表取締役　宮里　早香,森田　勇,,,平5. 7. 1,kyushu/r8_07_okinawa.zip
薬局,47,0440930,すずらん薬局,沖縄市東二丁目１６番３号,098-939-8181,有限会社こくば　取締役　上原　卓朗,松島　義幸,,,平6. 12. 1,kyushu/r8_07_okinawa.zip
薬局,47,0440963,あい薬局,沖縄市高原２－４－１８,098-930-3103,有限会社山水　代表取締役　久髙　大地,吉田　智子,,,平7. 7. 1,kyushu/r8_07_okinawa.zip
薬局,47,0440971,仲真薬局,沖縄市上地１丁目５－２,098-932-1743,仲真　良重,仲真　良重,,,平7. 8. 1,kyushu/r8_07_okinawa.zip
薬局,47,0441003,吉原東洋堂薬局,沖縄市高原７－３０－２５,098-933-6539,有限会社　寿　代表取締役　島袋　勇,島袋　綾乃,,,平8. 4. 1,kyushu/r8_07_okinawa.zip
薬局,47,0441037,ゆかり薬局,沖縄市登川１－１－５,098-937-0389,有限会社タウンファーマシー　取締役　永山　裕,石田　奈津子,,,平8. 7. 1,kyushu/r8_07_okinawa.zip
薬局,47,0441169,レモン薬局美里店,沖縄市東二丁目５番１８号,098-938-4013,有限会社　ナカオ商事　代表取締役　仲西　裕子,比嘉　豊,,,平9. 10. 1,kyushu/r8_07_okinawa.zip
薬局,47,0441227,ミドリ薬局美里店,沖縄市東二丁目２６番１号,098-929-1212,有限会社　くすりのミドリ　代表取締役　玉城　武範,橋本　正嗣,,,平10. 1. 1,kyushu/r8_07_okinawa.zip
薬局,47,0441276,島里薬局,沖縄市宮里四丁目２番５号,098-939-3282,島里　善晴,島里　篤弥,,,平11. 5. 1,kyushu/r8_07_okinawa.zip
薬局,47,0441367,琉球クオール薬局　登川店,沖縄市登川１－９－７,098-934-2160,琉球クオール　株式会社　代表取締役　海老澤　修,中嶋　慎太郎,,,平12. 1. 1,kyushu/r8_07_okinawa.zip
薬局,47,0441425,レモン薬局　みはら店,沖縄市美原四丁目１０番１号,098-921-2077,有限会社　ナカオ商事　代表取締役　仲西　裕子,古謝　智矢,,,平12. 12. 1,kyushu/r8_07_okinawa.zip
薬局,47,0441458,すこやか薬局　ももやま店,沖縄市南桃原３－３６－１１,098-933-6070,株式会社　薬正堂　代表取締役　宮里　早香,山口　龍男,,,平13. 2. 1,kyushu/r8_07_okinawa.zip
薬局,47,0441466,ひかり薬局　コザ店,沖縄市住吉１－４－１９,098-921-3355,有限会社　光和　代表取締役　小嶺　幸室,津波古　晶子,,,平13. 9. 1,kyushu/r8_07_okinawa.zip
薬局,47,0441474,ハーモニー薬局　諸見里店,沖縄市諸見里１－２６－６,098-931-0900,有限会社　エム・クリエイト　代表取締役　戸田　澄之,平良　華恵,,,平13. 10. 1,kyushu/r8_07_okinawa.zip
薬局,47,0441482,南高原薬局,沖縄市比屋根２－３－１５,098-931-9031,株式会社筑後　代表取締役　矢山　宏,安里　由理子,,,平13. 12. 1,kyushu/r8_07_okinawa.zip
薬局,47,0441490,美里薬局,沖縄市美原四丁目１番７号,098-982-1185,有限会社　美里薬局　代表取締役　知念　梨枝子,知念　梨枝子,,,平14. 1. 1,kyushu/r8_07_okinawa.zip
薬局,47,0441557,やまうち薬局,沖縄市山内１－６－１１,098-933-3922,有限会社　ピア　代表取締役　池間　正晶,池間　正晶,,,平14. 7. 1,kyushu/r8_07_okinawa.zip
薬局,47,0441607,メイト松本薬局,沖縄市松本４－１７－１４,098-937-4488,花城　幸夫,花城　幸夫,,,平15. 4. 1,kyushu/r8_07_okinawa.zip
薬局,47,0441631,すこやか薬局　中頭店,沖縄市知花６－２５－１１,098-939-9923,株式会社　薬正堂　代表取締役　宮里　早香,岩本　大,,,平15. 7. 1,kyushu/r8_07_okinawa.zip
薬局,47,0441649,ハート薬局,沖縄市美原二丁目２６番２１号,098-929-0310,有限会社　ＩＮＳ　代表取締役　島袋　忠明,安里　生信,,,平15. 8. 1,kyushu/r8_07_okinawa.zip
薬局,47,0441672,くすの木薬局,沖縄市安慶田４－６－６,098-932-1902,有限会社　くすの木　代表取締役　吉田　英樹,唐木　清野,,,平15. 10. 1,kyushu/r8_07_okinawa.zip
薬局,47,0441714,こだち薬局,沖縄市南桃原３－１－２,098-933-9548,西平　守明,西平　守明,,,平16. 7. 1,kyushu/r8_07_okinawa.zip
薬局,47,0441813,すこやか薬局　美里店,沖縄市美原四丁目１番２８号,098-921-4594,株式会社　薬正堂　代表取締役　宮里　早香,小田垣　勝世,,,平18. 1. 1,kyushu/r8_07_okinawa.zip
薬局,47,0441839,サンセイ薬局,沖縄市美里１丁目２７番１４号,098-939-6000,有限会社　オータ　代表取締役　太田　博史,仲宗根　和枝,,,平18. 4. 1,kyushu/r8_07_okinawa.zip
薬局,47,0441847,ひが薬局　美里店,沖縄市美原二丁目２５番１号,098-929-0070,株式会社　沖縄ファーマシー　代表取締役　比嘉　啓,宇良　和佳子,,,平18. 12. 1,kyushu/r8_07_okinawa.zip
薬局,47,0441862,りんご薬局　古謝店,沖縄市古謝２丁目２１番２８号,098-929-2700,南日本薬品株式会社　代表取締役　吉田　將司,前濱　渚,,,平19. 5. 1,kyushu/r8_07_okinawa.zip
薬局,47,0441920,なかがみ薬局,沖縄市胡屋１－１６－１,098-983-4881,株式会社　アイエスメディカル　代表取締役　吉田　貴範,吉田　貴範,,,平20. 11. 1,kyushu/r8_07_okinawa.zip
薬局,47,0441946,ひまわり薬局　上地店,沖縄市上地二丁目１２番１６号,098-930-2663,株式会社万優　代表取締役　森根　美智子,有銘　悦子,,,平23. 9. 1,kyushu/r8_07_okinawa.zip
薬局,47,0441953,すこやか薬局　泡瀬東店,沖縄市泡瀬２丁目５４番４号,098-989-4093,株式会社　薬正堂　代表取締役　宮里　早香,三上　幸枝,,,平24. 6. 1,kyushu/r8_07_okinawa.zip
薬局,47,0442043,みはら薬局,沖縄市美原４丁目１番１５号　１階,098-929-3344,有限会社　美里薬局　代表取締役　知念　梨枝子,知念　佑樹,,,平27. 6. 1,kyushu/r8_07_okinawa.zip
薬局,47,0442068,和ごころ薬局　あわせ店,沖縄市古謝２丁目１９番５号,098-982-1120,株式会社　琉球光和　代表取締役　秦　一,田盛　マールタ,,,平27. 10. 1,kyushu/r8_07_okinawa.zip
薬局,47,0442076,アイン薬局　知花店,沖縄市知花６－２５－１８,098-982-1321,株式会社　アインファーマシーズ　代表取締役　淡路　英広,松尾　加奈,,,平27. 11. 1,kyushu/r8_07_okinawa.zip
薬局,47,0442084,とくりん薬局　比屋根店,沖縄市比屋根六丁目２７番２０号プロスパリティⅡ１Ｆ,098-933-5511,株式会社　ユース　代表取締役　大城　朝德,比嘉　浩一,,,平27. 12. 1,kyushu/r8_07_okinawa.zip
薬局,47,0442092,アイン薬局　登川店,沖縄市登川５９７－１,098-923-0652,株式会社　アインファーマシーズ　代表取締役　淡路　英広,福　大哉,,,平28. 10. 1,kyushu/r8_07_okinawa.zip
薬局,47,0442100,すこやか薬局　登川店,沖縄市字登川４９５－１,098-923-1320,株式会社　薬正堂　代表取締役　宮里　早香,後藤　彬宏,,,平28. 10. 1,kyushu/r8_07_okinawa.zip
薬局,47,0442134,サラダ薬局,沖縄市泡瀬四丁目１番３７号,098-934-5451,阿嘉　貫哲,阿嘉　貫哲,,,平28. 11. 1,kyushu/r8_07_okinawa.zip
薬局,47,0442159,みさき薬局,沖縄市美里５－２４－１０,098-921-0303,有限会社あおば　代表取締役　石井　丈之,吉峯　よし子,,,平29. 6. 1,kyushu/r8_07_okinawa.zip
薬局,47,0442175,あなたのかかりつけ薬局,沖縄市東二丁目２５番３号,098-939-3322,フォーユー合同会社　代表社員　上原　卓朗,上原　卓朗,,,平30. 2. 1,kyushu/r8_07_okinawa.zip
薬局,47,0442183,すこやか薬局　あげだ店,沖縄市安慶田３丁目１１の３３番地　中頭商事ビル１０３号,098-923-2802,株式会社　薬正堂　代表取締役　宮里　早香,仲間　聖,,,平30. 4. 1,kyushu/r8_07_okinawa.zip
薬局,47,0442191,みなみ薬局,沖縄市南桃原４－２８－１,098-930-3127,有限会社オーエムファーマシー　代表取締役　荻堂　芳夫,古波藏　瑞奈,,,平30. 7. 2,kyushu/r8_07_okinawa.zip
薬局,47,0442209,つつじ薬局　山里店,沖縄市山里１－１－２　３０２,098-930-3366,株式会社　つつじ　代表取締役　田場　芳枝,福間　猛史,,,平30. 10. 1,kyushu/r8_07_okinawa.zip
薬局,47,0442217,ゆい薬局　知花店,沖縄市知花６丁目２６－１６,098-929-4193,ファーマライズ株式会社　代表取締役　松浦　惠子,比嘉　未津希,調剤,,令元. 9. 1,kyushu/r8_07_okinawa.zip
薬局,47,0442225,みさと虹薬局,沖縄市美里１－２８－１１,098-988-5510,株式会社沖縄健康企画　代表取締役　宮城　幸枝,座安　雄一,調剤,,令元. 12. 1,kyushu/r8_07_okinawa.zip
薬局,47,0442233,あい薬局　諸見店,沖縄市園田３丁目８番３０号　メゾン光Ⅱ１０２号室,098-989-1162,有限会社山水　代表取締役　久髙　大地,島袋　ゆきの,調剤,,令2. 4. 1,kyushu/r8_07_okinawa.zip
薬局,47,0442241,ゲンキ薬局,沖縄市胡屋１－１３－１２－１Ｆ,098-934-1237,仲井間　雄太,仲井間　清,,,令2. 4. 1,kyushu/r8_07_okinawa.zip
薬局,47,0442266,ひやごん薬局,沖縄市比屋根１丁目１０－５サンクレスト泡瀬１０１,098-923-0244,合同会社　善　代表社員　川上　善久,大石　愛海,,,令2. 11. 1,kyushu/r8_07_okinawa.zip
薬局,47,0442274,ちむ心薬局　比屋根店,沖縄市比屋根２－１２－１,098-923-0848,合同会社　善　代表社員　川上　善久,山本　要,,,令3. 9. 1,kyushu/r8_07_okinawa.zip
薬局,47,0442290,コザ中の町薬局,沖縄市上地１－１３－１８　１Ｆ,098-894-7091,有限会社護薬品　代表取締役　佐土原　七重,比嘉　一登,,,令3. 11. 1,kyushu/r8_07_okinawa.zip
薬局,47,0442308,あかみち薬局　美里店,沖縄市美里仲原町２８番１８号,098-921-3400,有限会社　中央調剤薬局　代表取締役　江夏　恭範,上間　秀子,,,令3. 12. 1,kyushu/r8_07_okinawa.zip
薬局,47,0442316,登川薬局,沖縄市登川２丁目２７番地１,098-989-4806,株式会社沖縄アイティ　代表取締役　岩崎　裕昭,池上　聖,,,令4. 2. 1,kyushu/r8_07_okinawa.zip
薬局,47,0442324,フロンティア薬局　与儀店,沖縄市与儀３丁目１０番１号,098-930-7711,株式会社フロンティアゆい　代表取締役　向　昭彦,砂川　香,,,令4. 4. 1,kyushu/r8_07_okinawa.zip
薬局,47,0442332,サンアイ薬局みさと,沖縄市美原３丁目２１番１号,098-939-7001,有限会社エヌ・オー・ケイ　代表取締役　仲程　京太,砂川　まゆみ,,,令4. 5. 6,kyushu/r8_07_okinawa.zip
薬局,47,0442340,マリン薬局,沖縄市胡屋４－３－１７　１Ｆ,080-4085-0168,粕田　みどり,粕田　みどり,,,令4. 9. 1,kyushu/r8_07_okinawa.zip
薬局,47,0442357,さんり薬局,沖縄市山里１－３－３,098-931-0707,具志堅　丹,佐藤　直憲,,,令5. 6. 1,kyushu/r8_07_okinawa.zip
薬局,47,0442365,ライトシー薬局　知花店,沖縄市知花６－２３－２２マンション誠Ａ号,098-923-2024,株式会社　ライトシー　代表取締役　小林　康二,小林　康二,,,令6. 1. 1,kyushu/r8_07_okinawa.zip
薬局,47,0442373,すこやか薬局　知花店,沖縄市知花６丁目３８番５号,098-921-4076,株式会社　薬正堂　代表取締役社長　宮里　早香,高良　武志,,,令6. 4. 1,kyushu/r8_07_okinawa.zip
薬局,47,0442381,すこやか薬局　高原店,沖縄市高原５－１７－１,098-982-1500,株式会社　薬正堂　代表取締役社長　宮里　早香,森下　彰久,,,令6. 4. 1,kyushu/r8_07_okinawa.zip
薬局,47,0442399,すこやか薬局　知花十字路店,沖縄市知花５丁目１３番２８号,098-938-3189,株式会社　薬正堂　代表取締役社長　宮里　早香,仲宗根　すが子,,,令6. 4. 1,kyushu/r8_07_okinawa.zip
薬局,47,0442407,すこやか薬局　登川北店,沖縄市字登川１２０４番地１,098-979-5555,株式会社薬正堂　代表取締役　宮里　早香,古堅　ももこ,,,令6. 10. 1,kyushu/r8_07_okinawa.zip
薬局,47,0442415,イオン薬局ひやごん店,沖縄市比屋根２丁目１番地１,098-931-9090,イオン琉球株式会社　代表取締役　鯉渕　豊太郎,柴田　高輔,,,令6. 10. 1,kyushu/r8_07_okinawa.zip
薬局,47,0442423,ドラッグイレブン薬局美里店,沖縄市美里仲原町２番１６号,098-989-4711,株式会社ドラッグイレブン　代表取締役　半澤　剛,平安名　菜未希,,,令7. 6. 1,kyushu/r8_07_okinawa.zip
薬局,47,0442431,すこやか薬局　ＳａＲｙｕコザ店,沖縄市知花６丁目８番１４号,098-975-6733,株式会社　薬正堂　代表取締役　宮里　早香,新田　有香,,,令7. 10. 1,kyushu/r8_07_okinawa.zip
薬局,47,0442449,とくりん薬局山内店,沖縄市山内３丁目１１番１号,098-989-3255,株式会社ユース　代表取締役　大城　朝徳,具志堅　佑樹,,,令7. 10. 1,kyushu/r8_07_okinawa.zip
薬局,47,0442456,アリス薬局,沖縄市泡瀬２丁目８番５号,098-934-0005,有限会社メディカルメイト　取締役　福地　健治,福地　健治,,,令7. 12. 1,kyushu/r8_07_okinawa.zip
薬局,47,0442464,きさらぎ薬局,沖縄市高原７丁目２２番２８号,098-930-2016,株式会社アシスト　代表取締役　西田　琴美,植木　基彦,,,令8. 4. 1,kyushu/r8_07_okinawa.zip
薬局,47,0442472,まごころ薬局　山内店,沖縄市山内３丁目１４番３０号,098-930-1550,株式会社アインファーマシーズ　代表取締役　淡路　英広,遠藤　規子,,,令8. 5. 1,kyushu/r8_07_okinawa.zip
薬局,47,0540325,すこやか薬局　野嵩店,宜野湾市野嵩１－１０－１１,,株式会社　薬正堂　代表取締役　宮里　早香,宮良　彩,,,平5. 2. 1,kyushu/r8_07_okinawa.zip
薬局,47,0540408,回生堂薬局ユニオン店,宜野湾市野嵩３－８－６,098-893-1223,仲村　明,仲村　廣美,,,平7. 11. 1,kyushu/r8_07_okinawa.zip
薬局,47,0540655,ひまわり薬局,宜野湾市我如古４４９－６,098-897-3332,有限会社オーエムファーマシー　代表取締役　　荻堂　芳夫,徳永　淳子,,,平13. 11. 1,kyushu/r8_07_okinawa.zip
薬局,47,0540697,ひかり薬局　宜野湾店,宜野湾市長田１－１－２,098-893-3100,有限会社　光和　代表取締役　小嶺　幸室,仲座　方利,,,平15. 10. 1,kyushu/r8_07_okinawa.zip
薬局,47,0540705,がねこ薬局,宜野湾市我如古３－８－８,098-942-2888,一般社団法人ぎのわん健康支援センター　理事長　新川　重一,上間　睦美,,,平17. 1. 1,kyushu/r8_07_okinawa.zip
薬局,47,0540754,すこやか薬局　宇地泊店,宜野湾市宇地泊３丁目１０番１５号,098-870-9990,株式会社　薬正堂　代表取締役　宮里　早香,東恩納　美月,,,平18. 11. 1,kyushu/r8_07_okinawa.zip
薬局,47,0540812,ことり薬局,宜野湾市嘉数４丁目２５番１４号,098-897-6246,株式会社　アシスト　代表取締役　西田　琴美,山城　尚子,,,平20. 11. 1,kyushu/r8_07_okinawa.zip
薬局,47,0540820,すずらん薬局,宜野湾市嘉数２－２－７,098-898-4193,株式会社スズランファーマクリエイト　代表取締役　宮城　洋子,宮城　洋子,,,平21. 1. 1,kyushu/r8_07_okinawa.zip
薬局,47,0540861,たいよう薬局,宜野湾市伊佐２丁目１４番７号,098-898-3311,合同会社　あらかわ　代表社員　新川　祥平,新川　祥平,,,平22. 11. 1,kyushu/r8_07_okinawa.zip
薬局,47,0540929,うちどまり薬局,宜野湾市宇地泊１丁目２２番１号,098-890-0088,一般社団法人ぎのわん健康支援センター　理事長　新川　重一,村田　美智子,,,平25. 5. 1,kyushu/r8_07_okinawa.zip
薬局,47,0540945,さわやか薬局,宜野湾市長田一丁目２９番１号,098-893-5566,有限会社さわやか薬局　代表取締役　國吉　みどり,宮崎　貴子,,,平27. 5. 7,kyushu/r8_07_okinawa.zip
薬局,47,0540952,いさ調剤薬局,宜野湾市伊佐一丁目９番１７号,098-917-0947,株式会社メディカルネットワーク　代表取締役　近藤　竜太,新垣　薫,,,平27. 11. 1,kyushu/r8_07_okinawa.zip
薬局,47,0540960,つる薬局,宜野湾市真栄原３－７－８,098-897-5779,合同会社　朋友陽　代表社員　前濱　朋子,伊藤　夕紀,,,平28. 2. 1,kyushu/r8_07_okinawa.zip
薬局,47,0540978,あかみち薬局,宜野湾市上原１－１－６,098-893-7789,株式会社　筑後　代表取締役　矢山　宏,知名　睦美,,,平28. 7. 1,kyushu/r8_07_okinawa.zip
薬局,47,0540986,つつじ薬局,宜野湾市大謝名１－１７－３１,098-899-2234,株式会社つつじ　代表取締役　田場　芳枝,諸見里　めぐみ,,,平29. 6. 1,kyushu/r8_07_okinawa.zip
薬局,47,0540994,アイン薬局　コンベンションシティ,宜野湾市真志喜２丁目２１番１０号,098-917-4611,株式会社アインファーマシーズ　代表取締役　淡路　英広,金井　佑起,,,平29. 12. 1,kyushu/r8_07_okinawa.zip
薬局,47,0541018,かかずの杜薬局,宜野湾市嘉数１丁目２２番５号,098-890-7770,宮里　政宏,宮里　政宏,,,平30. 6. 1,kyushu/r8_07_okinawa.zip
薬局,47,0541026,かなさん薬局,宜野湾市宇地泊３丁目１番２０号,098-988-4810,株式会社ぐすい　代表取締役　政枝　秀治,政枝　秀治,,,平30. 6. 1,kyushu/r8_07_okinawa.zip
薬局,47,0541034,ふてんま薬局,宜野湾市普天間二丁目４９－１２　仲村ビル１Ａ,098-988-0102,有限会社桃源　代表取締役　桃原　泰誠,三鬼　基憲,,,平30. 8. 1,kyushu/r8_07_okinawa.zip
薬局,47,0541042,りんご薬局　宜野湾店,宜野湾市宜野湾３－３－１０　ロータス宜野湾１Ｆ,098-896-0191,南日本薬品株式会社　代表取締役　吉田　將司,大栗　良太,調剤,,令元. 6. 3,kyushu/r8_07_okinawa.zip
薬局,47,0541059,ゆい薬局　長田店,宜野湾市長田１丁目２６－１７,098-896-0700,ファーマライズ株式会社　代表取締役　松浦　惠子,喜友名　秀幸,調剤,,令元. 9. 1,kyushu/r8_07_okinawa.zip
薬局,47,0541067,いろは薬局,宜野湾市赤道二丁目２番５号,098-892-1689,株式会社アガペ　代表取締役　藤木　一行,新垣　須賀子,,,令4. 4. 1,kyushu/r8_07_okinawa.zip
薬局,47,0541083,あいち薬局,宜野湾市愛知１丁目２番３号　１階,098-892-8834,津波古　尚恵,津波古　尚恵,,,令6. 1. 1,kyushu/r8_07_okinawa.zip
薬局,47,0541091,たかしん薬局　宜野湾店,宜野湾市上原１－１２－８　１階,098-943-1257,株式会社ホスピ　代表取締役　篁　真一郎,内嶺　陽平,,,令6. 2. 1,kyushu/r8_07_okinawa.zip
薬局,47,0541109,すこやか薬局　西普天間店,宜野湾市字安仁屋４０９番地１,098-894-3701,株式会社薬正堂　代表取締役　宮里　早香,宮城　友寛,,,令7. 1. 1,kyushu/r8_07_okinawa.zip
薬局,47,0541117,ドラッグイレブン薬局　琉球大学病院店,宜野湾市喜友名１０７６,098-893-0411,株式会社ドラッグイレブン　代表取締役　半澤　剛,深山　翔太,,,令7. 1. 1,kyushu/r8_07_okinawa.zip
薬局,47,0541125,ドラッグイレブン薬局宇地泊店,宜野湾市宇地泊３丁目１０番２号,098-963-4311,株式会社ドラッグイレブン　代表取締役　半澤　剛,小林　史弥,,,令7. 6. 1,kyushu/r8_07_okinawa.zip
薬局,47,0541133,ふく薬局　ふてんま店,宜野湾市上原１－５－９,098-988-0822,株式会社ふく薬品　代表取締役　田仲　康晃,我喜屋　靖,,,令7. 10. 1,kyushu/r8_07_okinawa.zip
薬局,47,0541141,保険薬局プラネットぎのわん,宜野湾市野嵩二丁目１７番２２号,098-943-5773,合同会社楽愛　代表社員　端山　一彦,端山　一彦,調剤,,令8. 5. 1,kyushu/r8_07_okinawa.zip
薬局,47,0640133,むつみ薬局,宮古島市平良下里１１５４－１,09807-26998,下地　睦夫,下地　睦夫,,,平11. 8. 1,kyushu/r8_07_okinawa.zip
薬局,47,0640265,コジャ薬局　東店,宮古島市平良東仲宗根５６６番地１,0980-72-6385,有限会社　コジャ　代表取締役　古謝　真己,古謝　真己,,,平14. 5. 1,kyushu/r8_07_okinawa.zip
薬局,47,0640281,コジャ薬局　市場前店,宮古島市平良下里５５６番地３,0980-73-3362,有限会社　コジャ　代表取締役　古謝　真己,前里　由紀子,,,平14. 5. 1,kyushu/r8_07_okinawa.zip
薬局,47,0640323,すこやか薬局　西里店,宮古島市平良西里７８２－１－２,0980-75-0933,株式会社　薬正堂　代表取締役　宮里　早香,吉見　愛美,,,平17. 10. 1,kyushu/r8_07_okinawa.zip
薬局,47,0640349,ミント薬局　腰原店,宮古島市平良下里１４７７番地の１,0980-74-2154,有限会社　かわみつ　代表取締役　川満　建英,土井　敬子,,,平18. 11. 1,kyushu/r8_07_okinawa.zip
薬局,47,0640372,たいら薬局,宮古島市平良久貝１０６４－１０－２,0980-79-0222,平良　真哉,平良　真哉,,,平21. 5. 1,kyushu/r8_07_okinawa.zip
薬局,47,0640406,ミント薬局　松原店,宮古島市平良字下里１５７８番地８,0980-79-0482,有限会社かわみつ　代表取締役　川満　建英,山中　朱美,,,平25. 4. 1,kyushu/r8_07_okinawa.zip
薬局,47,0640414,オリーブ薬局　病院前店,宮古島市平良下里４９５－３,0980-79-5000,有限会社ファースト企画　代表取締役　後藤　一,牧野　星,,,平25. 5. 1,kyushu/r8_07_okinawa.zip
薬局,47,0640422,病院前薬局,宮古島市平良字下里４３７番地９,0980-74-3883,有限会社かわみつ　代表取締役　川満　建英,上川畑　剛,,,平25. 6. 1,kyushu/r8_07_okinawa.zip
薬局,47,0640455,くがに薬局,宮古島市平良字下里１５５４－１,0980-79-0289,嘉手川　育子,嘉手川　育子,,,平28. 8. 1,kyushu/r8_07_okinawa.zip
薬局,47,0640471,はくあい薬局,宮古島市上野字宮国７４６番地１７,0980-74-7651,株式会社リーフ　代表取締役　渡邊　総一郎,岩澤　利治,,,平28. 12. 1,kyushu/r8_07_okinawa.zip
薬局,47,0640489,いけむら薬局,宮古島市平良東仲宗根１８４番地,0980-72-9229,株式会社アインファーマシーズ　代表取締役　淡路　英広,田　朋央,,,平29. 9. 1,kyushu/r8_07_okinawa.zip
薬局,47,0640505,アイン薬局　よこだけ店,宮古島市伊良部字前里添６３８－３,0980-74-5588,株式会社アインファーマシーズ　代表取締役　淡路　英広,足立　美緒,,,令2. 11. 1,kyushu/r8_07_okinawa.zip
薬局,47,0640513,調剤薬局日本メディカルシステム　宮古島店,宮古島市平良字東仲宗根８６９－４,0980-79-7925,日本メディカルシステム株式会社　代表取締役　髙木　友直,吉田　萌美,,,令3. 11. 1,kyushu/r8_07_okinawa.zip
薬局,47,0640521,コナ薬局,宮古島市下地字上地４１１－１,0980-76-2238,Ｐ＆Ｄメディカルイノベーション株式会社　代表取締役　田中　彰人,山村　勇,,,令5. 11. 1,kyushu/r8_07_okinawa.zip
薬局,47,0640547,そえどう薬局,宮古島市平良字西仲宗根１４９６－１ＨＯＭＥ　ＭＥＤＩＣＡＬ　ＣＡＲＥ　ＢＡＳＥ添道３８５　２号,0980-79-5866,株式会社ＴＡＲＸ　代表取締役　本田　卓也,東原　友敬,,,令8. 1. 1,kyushu/r8_07_okinawa.zip
薬局,47,0740404,中央薬局,石垣市石垣１２－１,,有限会社　中央薬局　代表取締役　宮良　善朗,中野　夏子,,,平14. 9. 1,kyushu/r8_07_okinawa.zip
薬局,47,0740479,ティーダ薬局,石垣市真栄里２４１－４,0980-88-1151,株式会社　仁　代表取締役　比嘉　洋子,小倉　光世,,,平19. 11. 1,kyushu/r8_07_okinawa.zip
薬局,47,0740511,ココ薬局,石垣市大川５２８－１番地荷川取ハイツ１０４,0980-87-8588,岡林　薫,岡林　薫,,,平20. 8. 1,kyushu/r8_07_okinawa.zip
薬局,47,0740529,むるぶし薬局,石垣市平得１５０－３,0980-82-3882,株式会社　仁　代表取締役　比嘉　洋子,川畑　健太,,,平20. 9. 1,kyushu/r8_07_okinawa.zip
薬局,47,0740545,なみき薬局,石垣市登野城１０２４番地の４,0980-88-1010,有限会社　中央薬局　代表取締役　宮良　善朗,宮良　善朗,,,平22. 5. 1,kyushu/r8_07_okinawa.zip
薬局,47,0740560,こすも薬局,石垣市新川２９番地の２,0980-84-1352,有限会社　中央薬局　代表取締役　宮良　善朗,佐藤　正臣,,,平24. 2. 6,kyushu/r8_07_okinawa.zip
薬局,47,0740586,ここなつ薬局,石垣市字新川２２８７－３５,0980-82-3030,石垣　綾子,石垣　綾子,,,平25. 5. 1,kyushu/r8_07_okinawa.zip
薬局,47,0740610,新高薬局,石垣市美崎町９番地,0980-82-2180,新嵩　由香,新嵩　由香,,,平26. 10. 7,kyushu/r8_07_okinawa.zip
薬局,47,0740628,あらや薬局,石垣市字登野城６４４番地２０,0980-88-8833,荒谷　敏巳,荒谷　敏巳,,,平27. 2. 1,kyushu/r8_07_okinawa.zip
薬局,47,0740669,みどり薬局,石垣市字平得８８番地,0980-82-1193,有限会社中央薬局　代表取締役　宮良　善朗,武田　武,,,平27. 9. 1,kyushu/r8_07_okinawa.zip
薬局,47,0740677,アイン薬局　石垣店,石垣市真栄里１０８－５,0980-87-0853,株式会社　アインファーマシーズ　代表取締役　淡路　英広,上田　芳行,,,平27. 11. 1,kyushu/r8_07_okinawa.zip
薬局,47,0740701,ゆい登野城薬局,石垣市字登野城３１９番地５,0980-87-0236,株式会社ゆい沖縄　代表取締役　城間　盛弘,内野　礼子,,,平30. 5. 1,kyushu/r8_07_okinawa.zip
薬局,47,0740719,幸地薬局,石垣市字登野城５７０番地,0980-83-6354,幸地薬局合同会社　代表社員　幸地　良信,幸地　良信,,,平30. 4. 1,kyushu/r8_07_okinawa.zip
薬局,47,0740727,幸地薬局　新川店,石垣市字新川１２７,0980-84-1311,幸地薬局合同会社　代表社員　幸地　良信,森田　陽,,,平30. 4. 1,kyushu/r8_07_okinawa.zip
薬局,47,0740750,上地薬局　いしがき店,石垣市字真栄里５８４－１,0980-84-2134,株式会社リーフ　代表取締役　渡邊　総一郎,森　巧,,,平30. 12. 1,kyushu/r8_07_okinawa.zip
薬局,47,0740784,美ら島薬局,石垣市新川２４２７番地　１０２号室,0980-87-7766,株式会社メディカルネットワーク　代表取締役　近藤　竜太,城野　貴子,調剤,,令2. 2. 25,kyushu/r8_07_okinawa.zip
薬局,47,0740800,ファーマライズ薬局　石垣店,石垣市新川２１０５番地,0980-88-0005,ファーマライズ株式会社　代表取締役　松浦　惠子,井上　修,,,令3. 5. 1,kyushu/r8_07_okinawa.zip
薬局,47,0740818,ファーマライズ薬局　あらかわ店,石垣市新川１１８番地,0980-84-1030,ファーマライズ株式会社　代表取締役　松浦　惠子,森岡　美知子,,,令3. 6. 1,kyushu/r8_07_okinawa.zip
薬局,47,0740834,はと薬局,石垣市真栄里３０１番地１,0980-83-8984,合同会社はと　代表社員　山城　祐子,山城　専,,,令7. 7. 1,kyushu/r8_07_okinawa.zip
薬局,47,0740842,アクア薬局,石垣市浜崎町３丁目３－９,0980-87-6314,中川　圭,中川　圭,,,令8. 2. 1,kyushu/r8_07_okinawa.zip
薬局,47,0740859,大信薬局　石垣真栄里店,石垣市真栄里３９９－１ＳＧマンション１０２号室,0980-87-8555,株式会社ゴート　代表取締役　吉村　企右,鈴木　康平,,,令8. 6. 1,kyushu/r8_07_okinawa.zip
薬局,47,0840576,すこやか薬局　宮城店,浦添市宮城４－６－１,098-879-9820,株式会社　薬正堂　代表取締役　宮里　早香,花岡　翔子,,,平10. 8. 1,kyushu/r8_07_okinawa.zip
薬局,47,0840659,すこやか薬局　牧港店,浦添市牧港４－２－１７－１０１,098-870-8558,株式会社　薬正堂　代表取締役　宮里　早香,安田　泰行,,,平11. 12. 1,kyushu/r8_07_okinawa.zip
薬局,47,0840717,うらそえ虹薬局,浦添市宮城３－１－５－１号,098-870-8660,株式会社　沖縄健康企画　代表取締役　宮城　幸枝,長浜　和歌子,,,平12. 5. 1,kyushu/r8_07_okinawa.zip
薬局,47,0840733,保険薬局　プラネット,浦添市牧港２－４５－１,098-870-8638,有限会社　レ・ネット　代表取締役　比嘉　淳,新垣　哲也,,,平12. 12. 1,kyushu/r8_07_okinawa.zip
薬局,47,0840840,吉原東洋薬局,浦添市伊祖２－３－１－１０３,098-875-2547,有限会社　白寿　取締役　大野　英樹,田中　桂子,,,平17. 2. 1,kyushu/r8_07_okinawa.zip
薬局,47,0840865,サンポー薬局,浦添市前田三丁目３番１０号,098-874-6161,有限会社　オータ　代表取締役　太田　博史,パエス　槙子,,,平18. 4. 1,kyushu/r8_07_okinawa.zip
薬局,47,0840915,とまと薬局,浦添市城間一丁目３７番１７号,098-879-6811,長嶺　恵子,長嶺　恵子,,,平18. 11. 1,kyushu/r8_07_okinawa.zip
薬局,47,0840956,そうごう薬局　浦添当山店,浦添市当山二丁目１番１－１号,098-871-2421,総合メディカル株式会社　代表取締役　多田　荘一郎,狩野　崇,,,平19. 7. 1,kyushu/r8_07_okinawa.zip
薬局,47,0840964,スマイル薬局　宮城店,浦添市宮城１丁目３１番６号,098-874-7700,有限会社　ワーク　代表取締役　武富　弘益,武富　弘記,,,平20. 11. 1,kyushu/r8_07_okinawa.zip
薬局,47,0841004,あい薬局　経塚店,浦添市経塚６３３番地,098-878-1189,有限会社山水　代表取締役　久髙　大地,玉城　武尚,,,平21. 11. 1,kyushu/r8_07_okinawa.zip
薬局,47,0841020,サンアイ薬局　ぐすくま,浦添市城間３丁目３番１号,098-988-3223,有限会社　エヌ・オー・ケイ　代表取締役　仲程　京太,八木　亮平,,,平22. 1. 1,kyushu/r8_07_okinawa.zip
薬局,47,0841038,りんご薬局　広栄店,浦添市西原１丁目９番８号,098-988-4957,南日本薬品株式会社　代表取締役　吉田　將司,森方　さゆり,,,平22. 1. 1,kyushu/r8_07_okinawa.zip
薬局,47,0841053,ルーナ薬局,浦添市経塚６７６番地１　１０２号室,098-943-5706,株式会社　ルーナ　代表取締役　仲西　英雄,比嘉　敦子,,,平24. 1. 1,kyushu/r8_07_okinawa.zip
薬局,47,0841087,吉原東洋薬局　宮城店,浦添市宮城６丁目１番１５－１号,098-878-7272,有限会社白寿　取締役　大野　英樹,森　明彦,,,平24. 9. 1,kyushu/r8_07_okinawa.zip
薬局,47,0841095,経塚薬局,浦添市字経塚５７６番地２,098-988-1470,有限会社　オーエムファーマシー　代表取締役　荻堂　芳夫,神田　寛之,,,平24. 11. 1,kyushu/r8_07_okinawa.zip
薬局,47,0841145,とくりん薬局　経塚店,浦添市経塚７４５番地７,098-875-5700,株式会社ユース　代表取締役　大城　朝德,真喜屋　礼花,,,平25. 11. 1,kyushu/r8_07_okinawa.zip
薬局,47,0841152,ももたろう薬局,浦添市宮城６－１－２０メゾンヨシナガ１Ｆ,098-879-6888,有限会社　桃源　代表取締役　桃原　泰誠,柴田　忠佳,,,平26. 4. 1,kyushu/r8_07_okinawa.zip
薬局,47,0841160,ハープ薬局　やふそ店,浦添市屋富祖三丁目３４番２号メディカルプラザたろう１Ｆ,098-879-7700,株式会社ユーガ　代表取締役　大城文男　大城愛香,江夏　守彦,,,平26. 6. 1,kyushu/r8_07_okinawa.zip
薬局,47,0841178,くじら薬局,浦添市伊祖２丁目３－６－２,098-917-2850,株式会社ファインアシスト　代表取締役　山内　佳代,木下　誠,,,平26. 7. 1,kyushu/r8_07_okinawa.zip
薬局,47,0841236,りん薬局,浦添市城間１丁目３７－１９,098-988-1522,株式会社　凜　代表取締役　真崎　しのぶ,真崎　しのぶ,,,平27. 10. 1,kyushu/r8_07_okinawa.zip
薬局,47,0841244,とくりん薬局　前田店,浦添市字前田１１５２番地５,098-871-0305,株式会社ユース　代表取締役　大城　朝德,佐野　明弘,,,平28. 3. 1,kyushu/r8_07_okinawa.zip
薬局,47,0841277,ぴぃぷる薬局　経塚店,浦添市経塚３７３－１,098-943-5533,琉球クオール株式会社　代表取締役　海老澤　修,稲嶺　まどか,,,平28. 4. 1,kyushu/r8_07_okinawa.zip
薬局,47,0841285,いは薬局,浦添市城間３丁目１番１号又吉アパート１Ｆ,098-874-1818,株式会社ＩＨＡメディカルプラス　代表取締役　伊波　重宏,伊波　重宏,,,平28. 4. 1,kyushu/r8_07_okinawa.zip
薬局,47,0841301,タウン薬局,浦添市前田５６４－２,098-894-2899,有限会社エーワイ・ファーマシー　代表取締役　屋良　朝昇,屋良　朝昇,,,平28. 9. 23,kyushu/r8_07_okinawa.zip
薬局,47,0841327,竹の子薬局,浦添市前田１－１４－１５,098-942-0915,株式会社サザン　代表取締役　永瀬　智,永瀬　智,,,平29. 5. 1,kyushu/r8_07_okinawa.zip
薬局,47,0841343,あさひ薬局,浦添市内間四丁目１番１４号,098-876-1193,株式会社クオリエイト　代表取締役　上原　淳,鹿谷　友理恵,,,平30. 8. 1,kyushu/r8_07_okinawa.zip
薬局,47,0841368,ふくぎ薬局,浦添市城間４－３－８　１Ｆ,098-870-1202,株式会社福木堂　代表取締役　原　慎一,原　慎一,調剤,,令元. 6. 1,kyushu/r8_07_okinawa.zip
薬局,47,0841376,ほたる薬局,浦添市大平１－１－１０－１Ｆ,098-874-2888,株式会社　アシスト　代表取締役　西田　琴美,日高　久美子,調剤,,令元. 12. 1,kyushu/r8_07_okinawa.zip
薬局,47,0841400,松井薬局　浦添店,浦添市牧港４丁目６－９,098-943-4193,株式会社　新星堂　代表取締役　松井　常孝,德山　辰彦,,,令2. 8. 1,kyushu/r8_07_okinawa.zip
薬局,47,0841418,上地薬局,浦添市城間４－３４－１９－１,098-876-1893,上地　智子,安田　綾子,,,令2. 9. 1,kyushu/r8_07_okinawa.zip
薬局,47,0841426,りんご薬局　小湾店,浦添市宮城２－１７－１－１,098-979-9808,南日本薬品株式会社　代表取締役　吉田　將司,田　優司,,,令2. 9. 1,kyushu/r8_07_okinawa.zip
薬局,47,0841434,グリーンドラッグ薬局　伊祖店,浦添市伊祖２－２１－１－１０１,098-879-7401,株式会社　大賀薬局　代表取締役　大賀　崇浩,岡野　俊秀,,,令2. 11. 1,kyushu/r8_07_okinawa.zip
薬局,47,0841442,パール薬局,浦添市伊祖２丁目１番３号　２Ｆ,098-943-7626,株式会社　ルーナ　代表取締役　仲西　英雄,知念　利孝,,,令3. 9. 1,kyushu/r8_07_okinawa.zip
薬局,47,0841467,フロンティア薬局　たくし店,浦添市沢岻２－１－２,098-874-2100,株式会社フロンティアゆい　代表取締役　向　昭彦,金城　政美,,,令4. 4. 1,kyushu/r8_07_okinawa.zip
薬局,47,0841483,さつき薬局,浦添市前田２丁目１５１７番,098-987-6806,株式会社沖縄ＳＴＥＰ　ＯＮＥ　代表取締役　前田　宏,前田　敦子,,,令4. 6. 1,kyushu/r8_07_okinawa.zip
薬局,47,0841491,ココ薬局,浦添市宮城４丁目１５番７号コーポ瑞雲１０２号室,098-876-7118,垣内　秀之,垣内　秀之,,,令4. 9. 1,kyushu/r8_07_okinawa.zip
薬局,47,0841517,とくりん薬局ユニオン経塚前店,浦添市字経塚７８６番地１階　１０２号室,098-943-6530,株式会社ユース　代表取締役　大城　朝,兼城　崇,,,令5. 5. 1,kyushu/r8_07_okinawa.zip
薬局,47,0841525,日本調剤浦添薬局,浦添市字大平４３４ー１,098-943-5756,日本調剤株式会社　代表取締役社長　小城　和紀,山﨑　惠美,,,令5. 5. 1,kyushu/r8_07_okinawa.zip
薬局,47,0841533,ドラッグイレブン薬局バークレーズ浦添店,浦添市当山２丁目２番２－２号,098-870-4011,株式会社ドラッグイレブン　代表取締役　半澤　剛,北池　律文,,,令5. 6. 1,kyushu/r8_07_okinawa.zip
薬局,47,0841541,アシスト薬局,浦添市前田１丁目１３番１号,098-975-7583,株式会社アシスト　代表取締役　西田　琴美,松本　尚樹,,,令5. 12. 1,kyushu/r8_07_okinawa.zip
薬局,47,0841558,大信薬局　浦添総合病院前店,浦添市前田１丁目１７－１７,098-878-4808,株式会社　グッドフェローズ　代表取締役　吉村　企右,進藤　聡人,,,令5. 12. 1,kyushu/r8_07_okinawa.zip
薬局,47,0841566,みね薬局,浦添市伊祖３丁目８番１号　１階,098-879-6165,有限会社　嶺カンパニイ　代表取締役　小嶺　作,大橋　俊彦,,,令5. 12. 1,kyushu/r8_07_okinawa.zip
薬局,47,0841574,ガーデン薬局,浦添市西原６－１２－９Ｅｓａｎ　Ｔｅｒｒａｃｅ　浦西１０１,098-894-9977,株式会社　ＴＲＳ　代表取締役　山路　勝也,山路　勝也,,,令6. 7. 1,kyushu/r8_07_okinawa.zip
薬局,47,0841590,フロンティア薬局　うちま店,浦添市内間４丁目２７－３,098-942-0353,株式会社フロンティアゆい　代表取締役　向　昭彦,玉城　智恵子,,,令6. 7. 1,kyushu/r8_07_okinawa.zip
薬局,47,0841608,イオン薬局てだこ浦西駅前店,浦添市前田三丁目１９－４０,098-870-5177,イオン琉球株式会社　代表取締役社長　鯉渕　豊太郎,仲座　大貴,,,令6. 9. 1,kyushu/r8_07_okinawa.zip
薬局,47,0841616,さくら薬局　てだこ浦西店,浦添市前田３丁目１３番２８号メディカルスクエアてだこ浦西　１階,098-988-8420,株式会社なの花九州　代表取締役　永冨　将寛,長　拓郎,,,令7. 4. 1,kyushu/r8_07_okinawa.zip
薬局,47,0841632,牧港薬局,浦添市牧港１丁目１３－１０,098-988-4876,有限会社　東医堂　代表取締役　城間　盛弘,髙那　尚子,,,令7. 9. 1,kyushu/r8_07_okinawa.zip
薬局,47,0841640,Ｐ’ｓスクエア調剤薬局,浦添市西原２－４－１Ｐ’ｓ　ＳＱＵＡＲＥ　４Ｆ,098-871-3806,株式会社スリースターズ　代表取締役　末松　武,熊王　清華,,,令7. 11. 1,kyushu/r8_07_okinawa.zip
薬局,47,0841657,アイン薬局　浦添店,浦添市前田１丁目４５－２２,098-879-0777,株式会社アインファーマシーズ　代表取締役　淡路　英広,小林　早紀,,,令8. 5. 1,kyushu/r8_07_okinawa.zip
薬局,47,0841665,てぃだ薬局,浦添市当山２丁目９番７号,098-963-8234,株式会社ウィーズ　代表取締役　芦田　達也,石塚　充,,,令8. 6. 1,kyushu/r8_07_okinawa.zip
薬局,47,0940129,なかむら薬局,名護市大東２－２３－２７,,仲村　英和,仲村　英和,,,昭52. 6. 1,kyushu/r8_07_okinawa.zip
薬局,47,0940293,伊差川薬局,名護市伊差川２７４,,株式会社　ゆいまーる　代表取締役　河野　芳一,島袋　聖子,,,平5. 1. 1,kyushu/r8_07_okinawa.zip
薬局,47,0940558,ふく薬局　うむさ店,名護市宇茂佐１７６０－１,0980-50-9075,株式会社　ふく薬品　代表取締役　田仲　康晃,宮里　時彦,,,平15. 12. 1,kyushu/r8_07_okinawa.zip
薬局,47,0940608,すこやか薬局　大北店,名護市大北１丁目２番３６号,0980-51-0117,株式会社　薬正堂　代表取締役　宮里　早香,松本　圭史,,,平18. 4. 1,kyushu/r8_07_okinawa.zip
薬局,47,0940616,北部地区薬剤師会会営薬局,名護市宇茂佐１７１２番地の１７,0980-52-7752,一般社団法人北部地区薬剤師会　浅沼　健一,森田　愛基,,,平18. 10. 1,kyushu/r8_07_okinawa.zip
薬局,47,0940640,ナゴラン薬局,名護市宇茂佐の森一丁目１番地７,0980-54-0002,株式会社　なごらん　代表取締役　宮城　美由紀,宮城　勇己,,,平20. 9. 1,kyushu/r8_07_okinawa.zip
薬局,47,0940699,さくら薬局　ＩＣＨＩ,名護市大北３丁目５番２号仲本アパート１０１,0980-52-7587,有限会社　ＩＣＨＩ　代表取締役　山城　奈り子,村上　市子,,,平22. 4. 1,kyushu/r8_07_okinawa.zip
薬局,47,0940715,クイック調剤薬局　名護店,名護市大北５丁目２２番２６号,0980-43-0039,ＱＵＩＣＫファーマシー合同会社　代表社員　知花　朝彦,知花　朝彦,,,平24. 9. 1,kyushu/r8_07_okinawa.zip
薬局,47,0940723,大北健康堂薬局,名護市大北３－１－６３,0980-53-5845,株式会社オオハシ　代表取締役　大橋　得二,大橋　得二,,,平25. 1. 1,kyushu/r8_07_okinawa.zip
薬局,47,0940749,たまき薬局,名護市大西３丁目１５番４号,0980-52-2419,株式会社アポロン　代表取締役　玉城　純,玉城　純,,,平25. 4. 1,kyushu/r8_07_okinawa.zip
薬局,47,0940756,ゆい大東薬局,名護市大東１－１５－７,0980-51-0555,株式会社　ゆい沖縄　代表取締役　城間　盛弘,長瀬　涼,,,平25. 11. 1,kyushu/r8_07_okinawa.zip
薬局,47,0940764,ふく薬局　なご店,名護市宮里６－８－３６,0980-54-1985,株式会社　ふく薬品　代表取締役　田仲　康晃,又吉　辰磨,,,平25. 11. 11,kyushu/r8_07_okinawa.zip
薬局,47,0940772,屋嘉比薬局,名護市城２丁目１番２８号,,合同会社　屋嘉比　代表社員　屋嘉比　康作,屋嘉比　康作,,,平27. 1. 1,kyushu/r8_07_okinawa.zip
薬局,47,0940798,病院前薬局,名護市大東３丁目２１番２２号,0980-51-1775,合同会社浅沼　代表社員　浅沼　奈美,浅沼　健一,,,平27. 10. 1,kyushu/r8_07_okinawa.zip
薬局,47,0940822,クイック調剤薬局　名護バスターミナル前店,名護市宇茂佐９１９－７,0980-45-0077,ＱＵＩＣＫファーマシー合同会社　代表社員　知花　朝彦,知花　朝博,,,平28. 6. 1,kyushu/r8_07_okinawa.zip
薬局,47,0940830,名護中央薬局　城店,名護市城２－１０－１４,0980-52-5550,合同会社康　代表社員　神山　康馬,島津　秀明,,,平28. 11. 1,kyushu/r8_07_okinawa.zip
薬局,47,0940848,名護中央薬局　大中店,名護市大中５－４－４７,0980-52-7550,合同会社康　代表社員　神山　康馬,吉本　欣生,,,平28. 11. 1,kyushu/r8_07_okinawa.zip
薬局,47,0940863,合同会社　神山薬局名護,名護市大東１－１－８,0980-52-3619,合同会社　神山薬局名護　代表社員　末吉　欧秀,末吉　しずの,,,平28. 12. 1,kyushu/r8_07_okinawa.zip
薬局,47,0940913,プラム薬局,名護市字為又６９番地,0980-53-5511,株式会社プラム　代表取締役　松川　哲人,加藤　悟,調剤,,令元. 5. 7,kyushu/r8_07_okinawa.zip
薬局,47,0940921,クイック調剤薬局　大宮小学校前店,名護市宮里五丁目１０番１８号,0980-54-0055,ＱＵＩＣＫファーマシー合同会社　代表社員　知花　朝彦,内海　敏夫,,,令2. 6. 1,kyushu/r8_07_okinawa.zip
薬局,47,0940939,辺土名薬局,名護市宮里１－２１－１１,0980-52-1018,金城　剛,金城　剛,,,令2. 12. 1,kyushu/r8_07_okinawa.zip
薬局,47,0940947,ドラッグイレブン薬局大東店,名護市大東１丁目２１番５号,0980-54-8676,株式会社ドラッグイレブン　代表取締役　半澤　剛,高田　元太,,,令4. 6. 1,kyushu/r8_07_okinawa.zip
薬局,47,0940954,ふく薬局　うむさ病院前店,名護市字宇茂佐１７５８－１,0980-43-0099,株式会社ふく薬品　代表取締役　田仲　康晃,宮城　貴之,,,令4. 11. 1,kyushu/r8_07_okinawa.zip
薬局,47,0940962,ふく薬局　おおきた店,名護市大北５－３－６,0980-51-1939,株式会社ふく薬品　代表取締役　田仲　康晃,鎌倉　太輝,,,令4. 11. 1,kyushu/r8_07_okinawa.zip
薬局,47,0940970,ぱいん薬局　まきや店,名護市字真喜屋３４６,0980-43-8938,株式会社ぱいん　代表取締役　田仲　康人,名嘉眞　りつ子,,,令5. 1. 1,kyushu/r8_07_okinawa.zip
薬局,47,0940988,健康堂薬局,名護市城一丁目１番１０号,0980-52-2766,株式会社オオハシ　代表取締役　大橋　得二,大橋　礼子,,,令5. 12. 7,kyushu/r8_07_okinawa.zip
薬局,47,0940996,名護薬局,名護市大西１－１－１神山ビル大西１Ｆ,0980-52-2410,浦崎　清子,浦崎　清子,,,令6. 5. 1,kyushu/r8_07_okinawa.zip
薬局,47,0941002,オギドウ薬局,名護市宮里４５３－６,0980-53-7443,株式会社オギドウ薬局　代表取締役　荻堂　盛澄,池宮　恵美子,,,令6. 9. 1,kyushu/r8_07_okinawa.zip
薬局,47,0941010,ぱいん薬局　やがじ店,名護市字饒平名４６５番地１,0980-52-8877,株式会社ぱいん　代表取締役　田仲　康人,石嶺　翔一,,,令6. 9. 1,kyushu/r8_07_okinawa.zip
薬局,47,0941028,名護中央薬局　おおにし店,名護市大西２丁目４－３１,0980-43-8792,合同会社　康　代表社員　神山　康馬,神山　康馬,,,令7. 3. 1,kyushu/r8_07_okinawa.zip
薬局,47,0941036,ちむ心薬局　大宮店,名護市宮里３丁目１番９号,0980-54-8180,合同会社善　代表社員　川上　善久,林　直弥,,,令8. 4. 1,kyushu/r8_07_okinawa.zip
薬局,47,0941044,ちむ心薬局　大北店,名護市大北１丁目５の６,0980-43-4118,合同会社　善　代表社員　川上　善久,川上　善久,,,令8. 7. 1,kyushu/r8_07_okinawa.zip
薬局,47,1040192,ひまわり薬局,糸満市賀数４１０－２,098-992-1125,株式会社ひまわり薬局　代表取締役　具志堅　興信,具志堅　興信,,,平10. 3. 1,kyushu/r8_07_okinawa.zip
薬局,47,1040226,レモン薬局,糸満市潮平７０６－７,098-995-0023,有限会社　ナカオ商事　代表取締役　仲西　裕子,平田　崇,,,平12. 8. 1,kyushu/r8_07_okinawa.zip
薬局,47,1040267,あさひの薬局　糸満店,糸満市潮平７８７－１５,098-995-2225,有限会社　サンエステル　取締役　座安　恭平,座安　恭平,,,平17. 10. 1,kyushu/r8_07_okinawa.zip
薬局,47,1040275,有限会社晴天堂薬局,糸満市西崎６丁目１６－６,098-992-3158,有限会社　晴天堂　代表取締役　金城　龍男,金城　龍男,,,平18. 7. 1,kyushu/r8_07_okinawa.zip
薬局,47,1040374,ゆい潮平薬局,糸満市字潮平７６７番地１９,098-992-6122,株式会社　ゆい沖縄　代表取締役　城間　盛弘,橋本　美津子,,,平24. 9. 1,kyushu/r8_07_okinawa.zip
薬局,47,1040382,薬志堂薬局　真栄里店,糸満市真栄里２０３６番地１,098-987-1128,有限会社　薬志堂　代表取締役　塚本　徳子,當山　結,,,平24. 10. 1,kyushu/r8_07_okinawa.zip
薬局,47,1040416,にしざき薬局,糸満市西崎２丁目２６番１１号,098-851-7600,株式会社Ｙｓ　Ｌｉｆｅ　Ｓｕｐｐｏｒｔ　代表取締役　山城　巨佳,山城　巨佳,,,平25. 6. 1,kyushu/r8_07_okinawa.zip
薬局,47,1040424,薬局　えぱーわーな～,糸満市字座波１８２２－８,098-851-8951,平良　恭子,平良　恭子,,,平26. 8. 1,kyushu/r8_07_okinawa.zip
薬局,47,1040432,なごみ薬局,糸満市潮崎町２－１－１３,098-851-9944,有限会社　ヒューチャー　代表取締役　伊敷　松太郎,伊敷　美佳,,,平26. 9. 1,kyushu/r8_07_okinawa.zip
薬局,47,1040440,金城薬局,糸満市字真栄里２０４８番地５,098-992-3643,金城　亜美,金城　亜美,,,平27. 2. 1,kyushu/r8_07_okinawa.zip
薬局,47,1040473,ほがらか薬局,糸満市阿波根８７３番地－１,098-995-6665,琉球クオール株式会社　代表取締役　海老澤　修,宮尾　悠太,,,平28. 4. 1,kyushu/r8_07_okinawa.zip
薬局,47,1040481,りんご調剤薬局　糸満店,糸満市字大度５１５－１,098-997-4778,南日本薬品株式会社　代表取締役　吉田　將司,永村　亮,,,平28. 5. 2,kyushu/r8_07_okinawa.zip
薬局,47,1040507,新垣薬局,糸満市糸満９８９－２８,098-992-2362,新垣　秀幸,新垣　秀幸,,,平28. 10. 21,kyushu/r8_07_okinawa.zip
薬局,47,1040515,新垣薬局　かねひで店,糸満市兼城４００,098-840-3030,新垣　秀幸,新垣　裕章,,,平30. 1. 1,kyushu/r8_07_okinawa.zip
薬局,47,1040523,ゆい薬局　真栄里店,糸満市真栄里２０２４番地の３,098-994-4193,ファーマライズ株式会社　代表取締役　松浦　惠子,福田　篤,調剤,,令元. 9. 1,kyushu/r8_07_okinawa.zip
薬局,47,1040531,薬志堂薬局　糸満店,糸満市糸満１２６９番地,098-840-3272,有限会社　薬志堂　代表取締役　塚本　徳子,玉津　亜矢,,,令5. 1. 1,kyushu/r8_07_okinawa.zip
薬局,47,1040549,ふく薬局　いとまん店,糸満市糸満１６４８－１－７,098-987-1341,株式会社ふく薬品　代表取締役　田仲　康晃,金城　大知,,,令5. 4. 17,kyushu/r8_07_okinawa.zip
薬局,47,1040556,アプラス薬局,糸満市糸満１５１６－５,080-9466-0793,株式会社　ａｐｌｕｓ　代表取締役　浅井　優,浅井　優,調剤,,令5. 10. 1,kyushu/r8_07_okinawa.zip
薬局,47,1040564,ウィズ薬局,糸満市潮平７７１－２,070-4486-1122,ＢｅＧＩＮ合同会社　代表社員　花城　理人,花城　理人,,,令6. 10. 1,kyushu/r8_07_okinawa.zip
薬局,47,1040572,あはごん薬局,糸満市阿波根１５５２－５,098-995-1256,株式会社エルマーノ　代表取締役　赤嶺　竜也,津波古　美香,,,令7. 6. 1,kyushu/r8_07_okinawa.zip
薬局,47,1140059,豊見城薬局,豊見城市宜保２６６－２１,098-852-2811,株式会社　ジーセットメディカル　代表取締役　平尾　慎一郎,長谷川　幸司,,,平10. 9. 1,kyushu/r8_07_okinawa.zip
薬局,47,1140091,とみー薬局,豊見城市豊見城４４５－１,098-851-0266,富田　雅章,富田　雅章,,,平14. 6. 1,kyushu/r8_07_okinawa.zip
薬局,47,1140109,はいさい薬局,豊見城市平良５７３－１,098-851-2018,有限会社　いこい　代表取締役　新垣　雅史,新垣　雅史,,,平15. 2. 1,kyushu/r8_07_okinawa.zip
薬局,47,1140117,てぃみぐ薬局,豊見城市名嘉地２２０－６,098-891-6287,株式会社　アシスト　代表取締役　西田　琴美,西田　朋子,,,平15. 10. 1,kyushu/r8_07_okinawa.zip
薬局,47,1140182,ミッキー薬局,豊見城市宜保二丁目１番地１１コーポパークサイド１Ｆ,098-840-2007,有限会社　ヘルスプラザミッキー　代表取締役　當眞　嗣英,石居　祐樹,,,平17. 9. 1,kyushu/r8_07_okinawa.zip
薬局,47,1140190,しんせい薬局　豊見城店,豊見城市宜保二丁目６番地１１,098-856-9901,合資会社　伸成　代表者　諸喜田　博之,弦間　直子,,,平17. 10. 3,kyushu/r8_07_okinawa.zip
薬局,47,1140224,会営薬局　とよみ,豊見城市宜保２７１番地１,098-856-4160,一般社団法人　沖縄県薬剤師会　会長　前濱　朋子,宮里　威一郎,,,平18. 7. 1,kyushu/r8_07_okinawa.zip
薬局,47,1140232,いちご薬局　とよみ店,豊見城市我那覇４７８番地１　１Ｆ,098-963-8887,有限会社　護　薬品　代表取締役　佐土原　七重,小松　由起子,,,平19. 7. 1,kyushu/r8_07_okinawa.zip
薬局,47,1140240,アジアン薬局,豊見城市宜保２丁目７番地１８ウエストブルー２－Ａ,098-850-7734,株式会社　ＧＥＮコーポレーション　代表取締役　元田　聡,嘉数　永子,,,平20. 1. 1,kyushu/r8_07_okinawa.zip
薬局,47,1140265,ミント薬局　豊見城店,豊見城市宜保五丁目１番地２,098-850-7666,有限会社　かわみつ　代表取締役　川満　建英,仲宗根　正人,,,平22. 8. 1,kyushu/r8_07_okinawa.zip
薬局,47,1140273,小禄東薬局,豊見城市豊見城３７１－１,098-891-6433,三谷　林太郎,三谷　鈴代,,,平22. 12. 1,kyushu/r8_07_okinawa.zip
薬局,47,1140281,ハープ薬局　とみしろ店,豊見城市上田１－１,098-851-2100,株式会社　ユーガ　代表取締役　大城文男　大城愛香,大城　泰子,,,平24. 6. 1,kyushu/r8_07_okinawa.zip
薬局,47,1140299,いちご薬局　真玉橋店,豊見城市字真玉橋２８５－１　１Ｆ,098-996-3115,有限会社　護薬品　代表取締役　佐土原　七重,七五三掛　弘江,,,平25. 10. 1,kyushu/r8_07_okinawa.zip
薬局,47,1140307,そうごう薬局　豊見城店,豊見城市高嶺３９５－１０３,098-891-7771,総合メディカル株式会社　代表取締役　多田　荘一郎,南雲　翔太,,,平26. 5. 1,kyushu/r8_07_okinawa.zip
薬局,47,1140323,すみれ薬局,豊見城市字名嘉地２２８－１　１Ｆ,098-850-2510,株式会社クワトロ　代表取締役　砂川　泰秀,金城　里美子,,,平29. 10. 1,kyushu/r8_07_okinawa.zip
薬局,47,1140356,ちゅら薬局,豊見城市宜保２－６－６　１０１,098-850-0005,株式会社ぐすい　代表取締役　政枝　秀治,政枝　真喜子,調剤,,平31. 4. 1,kyushu/r8_07_okinawa.zip
薬局,47,1140364,ひろむ薬局,豊見城市字根差部５８９番地５　１階,098-987-0308,合同会社啓　代表社員　川満　正啓,川満　正啓,調剤,,令元. 9. 1,kyushu/r8_07_okinawa.zip
薬局,47,1140372,和ごころ薬局とよさき店,豊見城市字翁長８６４－２９,098-987-0263,株式会社琉球光和　代表取締役　秦　一,嘉陽　孝太,調剤,,令元. 11. 1,kyushu/r8_07_okinawa.zip
薬局,47,1140406,ミルク薬局　豊見城店,豊見城市豊見城２９３－２,098-852-2666,株式会社　七福メディカル　代表取締役　天野　勝明,松本　高信,,,令2. 12. 1,kyushu/r8_07_okinawa.zip
薬局,47,1140414,ハープ薬局　とよさき店,豊見城市字渡橋名２８９番６２－１,098-851-1900,株式会社ユーガ　代表取締役　大城文男　大城愛香,菊谷　亜里,,,令3. 5. 1,kyushu/r8_07_okinawa.zip
薬局,47,1140422,あいらんど薬局豊見城中央病院前店,豊見城市字宜保２６６番地の１６,098-852-2425,株式会社くんちサプライズ　代表取締役　玉城　賢也,具志堅　祐亮,,,令5. 1. 1,kyushu/r8_07_okinawa.zip
薬局,47,1140430,与根くんち薬局,豊見城市字与根５０番地２１３,098-970-8024,株式会社くんちサプライズ　代表取締役　玉城　賢也,和田　征広,,,令5. 4. 1,kyushu/r8_07_okinawa.zip
薬局,47,1140448,あいらんど薬局友愛医療センター店,豊見城市字与根５０番地２１３,098-954-5111,株式会社ジーセットメディカル　代表取締役　平尾　慎一郎,大城　心奏,,,令5. 4. 1,kyushu/r8_07_okinawa.zip
薬局,47,1140455,樹々薬局,豊見城市豊見城１００７－３０　２階,098-996-7520,合同会社善　代表社員　川上　善久,上地　めぐみ,,,令6. 2. 1,kyushu/r8_07_okinawa.zip
薬局,47,1140463,しらさぎ虹薬局,豊見城市真玉橋５９３－４３,098-851-5316,株式会社沖縄健康企画　代表取締役　宮城　幸枝,岡野　敦子,調剤,,令6. 4. 1,kyushu/r8_07_okinawa.zip
薬局,47,1140471,ふく薬局　とみとん店,豊見城市豊崎１－４１１豊崎ライフスタイルセンターＴＯＭＩＴＯＮ,098-851-7764,株式会社　ふく薬品　代表取締役　田仲　康晃,三浦　健太郎,,,令6. 6. 1,kyushu/r8_07_okinawa.zip
薬局,47,1140489,万年堂薬局　平良店,豊見城市平良１０３番地３,098-850-3290,株式会社コネクト琉球　代表取締役　石井　志武,田中　章博,,,令7. 6. 1,kyushu/r8_07_okinawa.zip
薬局,47,1140497,かなみ薬局,豊見城市長堂３７５－６,098-987-1835,株式会社バシラックス　代表取締役　大道　一馬,手塚　直宙,,,令7. 12. 1,kyushu/r8_07_okinawa.zip
薬局,47,1240024,ゆうな薬局,南城市大里仲間１１３３－４,,株式会社筑後　代表取締役　矢山　宏,高木　宏之,,,昭64. 1. 1,kyushu/r8_07_okinawa.zip
薬局,47,1240040,瀬底薬局,南城市佐敷津波古１５７,098-947-0511,瀬底　正也,瀬底　正也,,,平7. 11. 1,kyushu/r8_07_okinawa.zip
薬局,47,1240081,りんりん堂薬局,南城市大里字平良２５６８－２,098-882-0051,林　伸嘉,林　伸嘉,,,平17. 8. 1,kyushu/r8_07_okinawa.zip
薬局,47,1240180,はくあい薬局,南城市佐敷字津波古西原２３１０－２,098-947-3377,有限会社シリウス　代表取締役　砂川　麻紀,西盛　竜平,,,平25. 4. 1,kyushu/r8_07_okinawa.zip
薬局,47,1240198,ドラッグイレブン薬局　佐敷店,南城市佐敷字津波古１２２６番１,098-947-1157,株式会社ドラッグイレブン　代表取締役　半澤　剛,篠島　莉未,,,平25. 4. 1,kyushu/r8_07_okinawa.zip
薬局,47,1240206,くはら薬局,南城市知念字久原６９３,098-852-5740,ファミファ創健株式会社　代表取締役　伊集　智英,伊集　智英,,,平27. 11. 1,kyushu/r8_07_okinawa.zip
薬局,47,1240214,コストコホールセール沖縄南城倉庫店薬局,南城市つきしろＩＣ南土地区画整理事業地内１街区１,098-852-6103,コストコホールセールジャパン株式会社　代表取締役　ケリー・ライアン・ハント,野平　晋太郎,,,令6. 8. 1,kyushu/r8_07_okinawa.zip
薬局,47,1240222,ひだまり薬局　南城店,南城市大里嶺井２０５－１,098-988-6066,合同会社ぐるくん　代表社員　安次冨　久美子,仲村　愛梨,,,令7. 1. 1,kyushu/r8_07_okinawa.zip
薬局,47,1240230,保険薬局　ゆう商店,南城市大里字稲嶺１３３８－１,098-894-9177,合同会社なかみくに萬福商店　代表社員　仲間　政人,仲間　友香子,,,令7. 5. 1,kyushu/r8_07_okinawa.zip
薬局,47,1240248,くすみ薬局,南城市大里字平良２５４５－１,098-945-9990,株式会社もとあかり　代表取締役　楠見　洋史,神谷　朝斗志,,,令8. 6. 1,kyushu/r8_07_okinawa.zip
薬局,47,2140207,もとぶ薬局,国頭郡本部町大浜８８０－３,,有限会社　タウンファーマシー　取締役　永山　裕,友寄　市子,,,平6. 2. 1,kyushu/r8_07_okinawa.zip
薬局,47,2140249,謝名薬局,国頭郡今帰仁村謝名４４３－３,0980-56-5810,有限会社オギメディカル　代表取締役　荻堂　盛澄,久保田　真儀,,,平7. 7. 1,kyushu/r8_07_okinawa.zip
薬局,47,2140330,ほし薬局,国頭郡金武町金武７９０６－７,098-968-6071,有限会社　ドリーム　代表取締役　安里　美代子,安里　美代子,,,平14. 9. 1,kyushu/r8_07_okinawa.zip
薬局,47,2140348,金武薬局,国頭郡金武町金武８８,098-968-2899,有限会社　金武薬局　代表取締役　玉城　香織,名嘉眞　廉,,,平14. 10. 1,kyushu/r8_07_okinawa.zip
薬局,47,2140371,みなみ薬局,国頭郡恩納村恩納６３０３番地の２,098-966-2277,松井　深寿也,黒川　愛,,,平18. 5. 1,kyushu/r8_07_okinawa.zip
薬局,47,2140389,ふく薬局　もとぶ店,国頭郡本部町大浜８８０番地４,0980-51-6336,株式会社　ふく薬品　代表取締役　田仲　康晃,神谷　佳孝,,,平18. 11. 1,kyushu/r8_07_okinawa.zip
薬局,47,2140439,こぐま薬局,国頭郡金武町字金武４７９０－２,098-963-2200,株式会社リトルベア　代表取締役　奥間　美智子,奥間　美智子,,,平25. 6. 1,kyushu/r8_07_okinawa.zip
薬局,47,2140454,セブンス薬局　金武店,国頭郡金武町字金武１０９０６番地,098-989-0977,株式会社　ファイブセブン　代表取締役　矢野　浩行,橋本　尚子,,,平28. 8. 1,kyushu/r8_07_okinawa.zip
薬局,47,2140462,ふる里薬局,国頭郡大宜味村字塩屋１３０６番地６３,0980-50-5808,原田　秀樹,原田　秀樹,,,平29. 1. 1,kyushu/r8_07_okinawa.zip
薬局,47,2140470,有限会社　内間薬局,国頭郡伊江村川平１３１－１,0980-49-2123,有限会社　内間薬局　代表取締役　内間　あゆこ,内間　あゆこ,,,平29. 1. 1,kyushu/r8_07_okinawa.zip
薬局,47,2140488,かんな薬局,国頭郡宜野座村字漢那４６９番地３,098-983-2093,有限会社あおば　代表取締役　石井　丈之,大城　賢治,,,平29. 6. 1,kyushu/r8_07_okinawa.zip
薬局,47,2140496,アイン薬局　美ら海店,国頭郡本部町大浜８７４－２,0980-47-5777,株式会社アインファーマシーズ　代表取締役　淡路　英広,濱田　稔,,,平30. 4. 1,kyushu/r8_07_okinawa.zip
薬局,47,2140504,アイン薬局　くにがみ店,国頭郡国頭村辺土名１３９番地,0980-41-3377,株式会社アインファーマシーズ　代表取締役　淡路　英広,安里　美幸,,,令2. 11. 1,kyushu/r8_07_okinawa.zip
薬局,47,2140512,ぱいん薬局　もとぶ店,国頭郡本部町渡久地８４６－４,0980-43-6209,株式会社　ぱいん　代表取締役　田仲　康人,田仲　康人,,,令3. 8. 18,kyushu/r8_07_okinawa.zip
薬局,47,2240437,かりゆし薬局,中頭郡読谷村瀬名波４６８－１,,有限会社　タウンファーマシー　取締役　永山　裕,永山　裕,,,平6. 9. 1,kyushu/r8_07_okinawa.zip
薬局,47,2240668,クローバー薬局,中頭郡北谷町砂辺３１６－３,098-982-7351,有限会社　クローバー薬局　代表取締役　宮里　民子,宮里　民子,,,平10. 4. 1,kyushu/r8_07_okinawa.zip
薬局,47,2240684,すこやか薬局　北谷店,中頭郡北谷町上勢頭６２９－２,098-926-3399,株式会社　薬正堂　代表取締役　宮里　早香,又吉　拓舟,,,平10. 12. 1,kyushu/r8_07_okinawa.zip
薬局,47,2240783,カナン薬局,中頭郡西原町幸地７２４－１,098-944-2477,有限会社　カナン　取締役　大野　英樹,鍛治　礼子,,,平13. 6. 1,kyushu/r8_07_okinawa.zip
薬局,47,2240825,役場前薬局,中頭郡西原町小橋川１６４－４,098-882-8946,株式会社　プロファーマシー　代表取締役　服部　大,美里　千賀子,,,平14. 2. 12,kyushu/r8_07_okinawa.zip
薬局,47,2240858,あさひの薬局,中頭郡読谷村都屋２３２－３,098-956-7011,有限会社　吾妻サンライズ　代表取締役　島袋　悦子,布田　朋子,,,平14. 8. 1,kyushu/r8_07_okinawa.zip
薬局,47,2240916,うさぎ薬局,中頭郡西原町呉屋１０２－２,098-835-8608,有限会社　結　取締役　川上　善久,下地　千恵子,,,平15. 10. 1,kyushu/r8_07_okinawa.zip
薬局,47,2240924,さわやか薬局　西原店,中頭郡西原町小波津３－７,098-944-2988,有限会社　さわやか薬局　取締役　國吉　みどり,大塚　千賀子,,,平16. 9. 1,kyushu/r8_07_okinawa.zip
薬局,47,2240932,がじまる薬局,中頭郡西原町小那覇１６０２－１,098-835-8800,一般社団法人ぎのわん健康支援センター　理事長　新川　重一,石井　真喜子,,,平17. 1. 1,kyushu/r8_07_okinawa.zip
薬局,47,2240965,うみ薬局,中頭郡西原町小橋川１５４－４,098-944-4567,有限会社　桃源　代表取締役　桃原　泰誠,遠藤　紀子,,,平17. 4. 1,kyushu/r8_07_okinawa.zip
薬局,47,2240973,レキオ薬局,中頭郡西原町上原１丁目２５番地の８,098-944-3011,有限会社　喜寿　代表取締役　新垣　友二,城間　盛伸,,,平18. 5. 1,kyushu/r8_07_okinawa.zip
薬局,47,2241005,長浜調剤薬局,中頭郡読谷村長浜１５３２－５,098-958-7150,株式会社　クワトロ　代表取締役　砂川　泰秀,加藤　祐子,,,平19. 10. 1,kyushu/r8_07_okinawa.zip
薬局,47,2241013,ひなた薬局,中頭郡読谷村古堅６７４番地１,098-957-1782,株式会社　ひなた薬局　代表取締役　新城　真智子,新城　真智子,,,平20. 9. 1,kyushu/r8_07_okinawa.zip
薬局,47,2241021,よつば薬局,中頭郡中城村南上原７５０番　カサグランデ２１　１０２号,098-895-5511,株式会社　万優　代表取締役　森根　美智子,赤木　宗範,,,平20. 11. 1,kyushu/r8_07_okinawa.zip
薬局,47,2241047,すこやか薬局　よみたん店,中頭郡読谷村都屋１６７－２－１,098-956-1093,株式会社　薬正堂　代表取締役　宮里　早香,増永　麻実,,,平21. 5. 1,kyushu/r8_07_okinawa.zip
薬局,47,2241062,にしはら薬局,中頭郡西原町翁長２４０番地の９,098-975-6668,有限会社　結　取締役　川上　善久,島　史樹,,,平21. 10. 1,kyushu/r8_07_okinawa.zip
薬局,47,2241070,りんご薬局　かでな店,中頭郡嘉手納町屋良１０６２番地の１,098-989-4634,南日本薬品株式会社　代表取締役　吉田　將司,眞喜志　泉,,,平22. 7. 1,kyushu/r8_07_okinawa.zip
薬局,47,2241104,にしばる薬局,中頭郡西原町内間５０８－１番地,098-944-2222,一般社団法人ぎのわん健康支援センター　理事長　新川　重一,草壁　瑞恵,,,平24. 3. 1,kyushu/r8_07_okinawa.zip
薬局,47,2241112,宮盛薬局,中頭郡読谷村比謝４００番地の４,098-956-4335,伊佐　常隆,伊佐　典子,,,平24. 4. 2,kyushu/r8_07_okinawa.zip
薬局,47,2241161,すこやか薬局　伊平店,中頭郡北谷町伊平二丁目２番１０号,098-936-3093,株式会社　薬正堂　代表取締役　宮里　早香,石川　千代子,,,平26. 8. 1,kyushu/r8_07_okinawa.zip
薬局,47,2241179,ひよこ薬局,中頭郡読谷村伊良皆３４１－２,098-956-8749,藤原　明人,藤原　明人,,,平26. 9. 1,kyushu/r8_07_okinawa.zip
薬局,47,2241187,ドラッグイレブン薬局　読谷店,中頭郡読谷村古堅７４０,098-921-9313,株式会社ドラッグイレブン　代表取締役　半澤　剛,谷澤　大輔,,,平27. 2. 1,kyushu/r8_07_okinawa.zip
薬局,47,2241195,イオン薬局　ライカム店,中頭郡北中城村字ライカム１番地,098-983-8805,イオン琉球株式会社　代表取締役社長　鯉渕　豊太郎,安福　輝,,,平27. 4. 1,kyushu/r8_07_okinawa.zip
薬局,47,2241203,りんご調剤薬局　西原東店,中頭郡西原町字内間３９１番地,098-946-0288,南日本薬品株式会社　代表取締役　吉田　將司,伊佐　要一,,,平27. 10. 1,kyushu/r8_07_okinawa.zip
薬局,47,2241211,すこやか薬局　ライカム店,中頭郡北中城村字比嘉４９４番地１,098-923-2234,株式会社　薬正堂　代表取締役　宮里　早香,松田　絵理菜,,,平28. 4. 1,kyushu/r8_07_okinawa.zip
薬局,47,2241229,日本調剤中部薬局,中頭郡北中城村字比嘉５９５－３丸清アパート１階１０２,098-931-9701,日本調剤株式会社　代表取締役社長　小城　和紀,上原　知起,,,平28. 4. 1,kyushu/r8_07_okinawa.zip
薬局,47,2241252,ハイジア薬局,中頭郡西原町我謝７８６－１１,098-944-3321,合同会社ＣＯＰＥＲＡ　代表社員　廣川　直子,廣川　直子,,,平29. 7. 1,kyushu/r8_07_okinawa.zip
薬局,47,2241260,てまり中城薬局,中頭郡中城村久場１２番－１２,098-895-5588,株式会社ぬちぐすいメディカル　代表取締役　橋本　昌子,藤田　由,,,平29. 12. 1,kyushu/r8_07_okinawa.zip
薬局,47,2241278,なみひら薬局,中頭郡読谷村字波平２６０－１,098-982-9333,株式会社　筑後　代表取締役　矢山　宏,禅院　知靖,,,平30. 4. 1,kyushu/r8_07_okinawa.zip
薬局,47,2241286,ひだまり薬局　中城店,中頭郡中城村字南上原７１０番地４１街区１２画地,098-917-4559,合同会社ぐるくん　代表社員　安次冨　久美子,友寄　哲朗,,,平30. 8. 1,kyushu/r8_07_okinawa.zip
薬局,47,2241294,あい薬局　ライカム店,中頭郡北中城村比嘉５９５番地　ｔ＋ｒｕｎｗａｙ１０１号室,098-931-1189,有限会社山水　代表取締役　久髙　大地,棚田　雅貴,調剤,,平31. 2. 1,kyushu/r8_07_okinawa.zip
薬局,47,2241302,ゆい薬局,中頭郡嘉手納町字嘉手納２６１,098-956-9777,ファーマライズ株式会社　代表取締役　松浦　惠子,久場　弘太,調剤,,令元. 9. 1,kyushu/r8_07_okinawa.zip
薬局,47,2241310,やまびこ薬局美浜店,中頭郡北谷町美浜２丁目５番９号　１階,098-988-7591,山内　昌史,山内　昌史,調剤,,令2. 1. 1,kyushu/r8_07_okinawa.zip
薬局,47,2241328,あさひ薬局,中頭郡北中城村喜舎場３６０番地４,098-935-1646,株式会社　アガペ　代表取締役　藤木　一行,武居　章太郎,調剤,,令2. 2. 1,kyushu/r8_07_okinawa.zip
薬局,47,2241336,シーサー薬局,中頭郡西原町字幸地９７２番地６,098-943-9081,株式会社Ｋ’ｓｈｏｓｐｉｔａｌｉｔｙ　代表取締役社長　當間　樹一郎,當間　樹一郎,,,令2. 8. 1,kyushu/r8_07_okinawa.zip
薬局,47,2241344,大北薬局,中頭郡北谷町上勢頭８１１－３,098-926-1452,株式会社アインファーマシーズ　代表取締役　淡路　英広,比屋根　姿穂,,,令3. 4. 1,kyushu/r8_07_okinawa.zip
薬局,47,2241351,イオン薬局　座喜味店,中頭郡読谷村字上地１７６番地２,098-921-6200,イオン琉球株式会社　代表取締役社長　鯉渕　豊太郎,後藤　圭佑,,,令3. 8. 2,kyushu/r8_07_okinawa.zip
薬局,47,2241369,うらしま薬局,中頭郡読谷村字長浜１７４３番地２,098-923-3101,合同会社ＰＯＲＴＯ　代表社員　浦嶋　博人,浦嶋　紀久子,,,令3. 12. 1,kyushu/r8_07_okinawa.zip
薬局,47,2241377,ハープ薬局にしはら店,中頭郡西原町小那覇２６６－１　１階,098-882-9200,株式会社ユーガ　代表取締役　大城文男　大城愛香,畠山　育人,,,令4. 4. 1,kyushu/r8_07_okinawa.zip
薬局,47,2241385,てる薬局,中頭郡中城村字屋宜５９５ー３,098-979-7230,合同会社　ライトブリング　代表社員　照屋　俊太郎,照屋　寛哲,,,令5. 10. 1,kyushu/r8_07_okinawa.zip
薬局,47,2241393,すこやか薬局　桑江店,中頭郡北谷町桑江一丁目５番３号,098-936-0121,株式会社　薬正堂　代表取締役社長　宮里　早香,大坪　孝徳,,,令6. 4. 1,kyushu/r8_07_okinawa.zip
薬局,47,2241401,すこやか薬局　かけぼく店,中頭郡西原町字掛保久２８７番地,098-946-1093,株式会社　薬正堂　代表取締役社長　宮里　早香,小島　進,,,令6. 4. 1,kyushu/r8_07_okinawa.zip
薬局,47,2241419,ひだまり薬局　琉大東口店,中頭郡中城村字南上原１０６８番地１階,098-963-6900,合同会社ぐるくん　代表社員　安次冨　久美子,喜納　香織,,,令7. 6. 1,kyushu/r8_07_okinawa.zip
薬局,47,2241427,保険薬局　ゆう商店　ライカム店,中頭郡北中城村字ライカム５７１番１Ｆ,098-930-5210,合同会社なかみくに萬福商店　代表社員　仲間　政人,仲間　友香子,,,令7. 12. 1,kyushu/r8_07_okinawa.zip
薬局,47,2241435,すばる薬局,中頭郡西原町内間５１８番地１,098-944-0920,株式会社なの花九州　代表取締役　永冨　将寛,與那嶺　裕子,,,令7. 9. 1,kyushu/r8_07_okinawa.zip
薬局,47,2241443,すこやか薬局　ときわ店,中頭郡読谷村字ときわ１４番４,098-975-6272,株式会社　薬正堂　代表取締役　宮里　早香,宮里　さつき,,,令8. 3. 1,kyushu/r8_07_okinawa.zip
薬局,47,2241450,ゆんた薬局,中頭郡読谷村字長浜１８３３番地３,098-979-8934,鍋仲宗根合同会社　代表社員　仲宗根　健太,仲宗根　健太,,,令8. 5. 1,kyushu/r8_07_okinawa.zip
薬局,47,2340609,つつじ薬局ヨナ原,島尻郡与那原町与那原２９１８,098-946-7372,株式会社　つつじ　代表取締役　田場　芳枝,髙田　禎子,,,平10. 2. 1,kyushu/r8_07_okinawa.zip
薬局,47,2340633,あおぞら薬局,島尻郡南風原町与那覇２３６－１,098-835-6633,有限会社ブルースカイ　代表取締役　知念　大輔,知念　大輔,,,平10. 9. 1,kyushu/r8_07_okinawa.zip
薬局,47,2340674,（株）たいよう薬局,島尻郡久米島町嘉手苅１３６４－１,098-985-4401,株式会社　たいよう　代表取締役　山城　晶,藤　啓子,,,平12. 4. 1,kyushu/r8_07_okinawa.zip
薬局,47,2340765,いちご薬局,島尻郡与那原町上与那原３４０－２,098-944-1309,有限会社　護薬品　代表取締役　佐土原　七重,佐土原　七重,,,平14. 9. 1,kyushu/r8_07_okinawa.zip
薬局,47,2340849,クローバー薬局,島尻郡南風原町新川４２３－７,098-888-2455,有限会社　万世　代表取締役　森根　美智子,小波蔵　廣美,,,平17. 10. 1,kyushu/r8_07_okinawa.zip
薬局,47,2340856,すこやか薬局　新川店,島尻郡南風原町新川１０１‐３番地,098-882-7111,株式会社　薬正堂　代表取締役　宮里　早香,屋良　愛,,,平18. 4. 1,kyushu/r8_07_okinawa.zip
薬局,47,2340864,サン薬局,島尻郡南風原町新川６７－１０,098-888-5840,有限会社　万世　代表取締役　森根　美智子,佐藤　朋幸,,,平18. 4. 1,kyushu/r8_07_okinawa.zip
薬局,47,2340872,クララ薬局,島尻郡南風原町神里４３４番地の１,098-889-8787,有限会社　メディキャッスル　代表取締役　宮城　敦子,寺田　尚弘,,,平18. 8. 1,kyushu/r8_07_okinawa.zip
薬局,47,2340880,東風平薬局,島尻郡八重瀬町東風平１４２９－２,098-998-2337,新垣　洋介,新垣　由梨子,,,平19. 8. 1,kyushu/r8_07_okinawa.zip
薬局,47,2340948,（株）たいよう薬局　東店,島尻郡久米島町真我里７５－８,098-985-8040,株式会社　たいよう　代表取締役　山城　晶,山城　晶,,,平20. 7. 1,kyushu/r8_07_okinawa.zip
薬局,47,2340955,ヴァインドラッグ　あがり浜薬局,島尻郡与那原町東浜６８番１－２,098-987-5535,有限会社　みなと薬品　代表取締役　盛本　秀信,高瀬　将浩,,,平20. 12. 1,kyushu/r8_07_okinawa.zip
薬局,47,2340963,会営薬局　医療センター前,島尻郡南風原町新川２１８番地１０,098-963-8940,一般社団法人　沖縄県薬剤師会　会長　前濱　朋子,與世平　千夏,,,平21. 3. 1,kyushu/r8_07_okinawa.zip
薬局,47,2340997,南薬局,島尻郡南風原町兼城７２４,,株式会社筑後　代表取締役　矢山　宏,具志堅　興也,,,平21. 10. 1,kyushu/r8_07_okinawa.zip
薬局,47,2341045,みのり薬局,島尻郡与那原町字東浜９０－４,098-946-4690,株式会社　全人幸　代表取締役　知念　正人,知念　正人,,,平25. 5. 1,kyushu/r8_07_okinawa.zip
薬局,47,2341052,ハープ薬局　つかざん店,島尻郡南風原町字津嘉山１４９０番地メディカルプラザつかざん１Ｆ,098-888-3363,株式会社　ユーガ　代表取締役　大城文男　大城愛香,友利　美佳,,,平25. 8. 1,kyushu/r8_07_okinawa.zip
薬局,47,2341078,イオン薬局　南風原店,島尻郡南風原町字宮平２６４,098-940-6120,イオン琉球株式会社　代表取締役社長　鯉渕　豊太郎,与那覇　房子,,,平26. 8. 1,kyushu/r8_07_okinawa.zip
薬局,47,2341094,森の薬屋　薬局,島尻郡八重瀬町屋宜原２３８－１,098-998-0007,有限会社　吾妻サンライズ　代表取締役　島袋　悦子,島袋　悦子,,,平26. 10. 1,kyushu/r8_07_okinawa.zip
薬局,47,2341102,ひだまり薬局,島尻郡南風原町字新川２１４－２,098-987-1065,合同会社ぐるくん　代表社員　安次冨　久美子,安次冨　久美子,,,平26. 11. 1,kyushu/r8_07_okinawa.zip
薬局,47,2341110,りんご調剤薬局　東風平店,島尻郡八重瀬町字東風平１２０９－１６,098-987-4768,南日本薬品株式会社　代表取締役　吉田　將司,馬場　庸輔,,,平27. 3. 1,kyushu/r8_07_okinawa.zip
薬局,47,2341177,すこやか薬局　外間店,島尻郡八重瀬町外間１５７－１,098-851-4077,株式会社　薬正堂　代表取締役　宮里　早香,金城　奈々美,,,平28. 12. 1,kyushu/r8_07_okinawa.zip
薬局,47,2341185,りんご薬局　新川店,島尻郡南風原町新川２１７－４　１Ｆ,098-894-6356,南日本薬品株式会社　代表取締役　吉田　將司,法橋　祐太,,,平29. 5. 1,kyushu/r8_07_okinawa.zip
薬局,47,2341193,メルシー薬局　かねぐすく,島尻郡南風原町兼城６５６－３,098-888-3888,一般社団法人ぎのわん健康支援センター　理事長　新川　重一,新垣　慶朗,,,平29. 5. 1,kyushu/r8_07_okinawa.zip
薬局,47,2341201,ｏｎｅハート南風原薬局,島尻郡南風原町照屋３６２,098-996-1400,株式会社　ファイブセブン　代表取締役　矢野　浩行,上田　博史,,,平29. 5. 1,kyushu/r8_07_okinawa.zip
薬局,47,2341219,ハープ薬局　やえせ店,島尻郡八重瀬町字伊覇５４－３　１Ｆ－２,098-998-7766,株式会社Ｈａｐｃｙ　代表取締役　大城　文男,西澤　香織,,,平29. 12. 1,kyushu/r8_07_okinawa.zip
薬局,47,2341227,さんご薬局,島尻郡与那原町東浜９３－３－１０２,098-917-6363,株式会社ファインアシスト　代表取締役　山内　佳代,古賀　功,,,平30. 4. 1,kyushu/r8_07_okinawa.zip
薬局,47,2341235,あらかわ薬局,島尻郡南風原町新川１６３－１４,098-987-0618,ＭＡＣホールディングス株式会社　代表取締役　寺田　有太郎,斎藤　貴之,,,平30. 12. 1,kyushu/r8_07_okinawa.zip
薬局,47,2341250,くじら薬局,島尻郡八重瀬町具志頭１５４番地１０,098-840-7686,株式会社ミルキーマリーンホールディングス　代表取締役　松山　喜範,長谷川　沙穂,調剤,,令元. 5. 1,kyushu/r8_07_okinawa.zip
薬局,47,2341268,ゆい薬局　江口店,島尻郡与那原町字与那原３６９１番地１,098-988-0693,ファーマライズ株式会社　代表取締役　松浦　惠子,又吉　剛,調剤,,令元. 9. 1,kyushu/r8_07_okinawa.zip
薬局,47,2341292,いじゅの木薬局,島尻郡与那原町字与那原１１１８番地,098-944-6330,金城　真貴,金城　真貴,,,令3. 2. 1,kyushu/r8_07_okinawa.zip
薬局,47,2341318,すこやか薬局　南風原北インター店,島尻郡南風原町字与那覇２８３番地　１０２,098-996-1377,株式会社薬正堂　代表取締役　宮里　早香,藤田　敦子,,,令3. 12. 1,kyushu/r8_07_okinawa.zip
薬局,47,2341334,あにも調剤薬局,島尻郡八重瀬町字伊覇６５番地２４,098-998-1189,株式会社あにも　代表取締役　荒井　千春,荒井　千春,,,令4. 10. 1,kyushu/r8_07_okinawa.zip
薬局,47,2341342,はえばる薬局,島尻郡南風原町津嘉山１３１５－１カノンビル　１階,098-940-6020,株式会社　筑後　代表取締役　矢山　宏,南　美和子,,,令4. 10. 1,kyushu/r8_07_okinawa.zip
薬局,47,2341359,たかしん薬局　八重瀬店,島尻郡八重瀬町字東風平１２００－５　１階,098-995-9601,株式会社ホスピ　代表取締役　篁　真一郎,伊藤　右真,,,令5. 4. 1,kyushu/r8_07_okinawa.zip
薬局,47,2341367,さかき薬局,島尻郡南風原町字津嘉山１５９４－１,098-889-8600,有限会社　たお　代表取締役　平良　辰雄,西川　睦代,,,令5. 5. 1,kyushu/r8_07_okinawa.zip
薬局,47,2341375,和ごころ薬局　よなばる店,島尻郡与那原町字与那原３０６７－１喜屋武氏貸事務所１階,098-917-0532,株式会社　琉球光和　代表取締役　秦　一,本村　恵,,,令6. 3. 1,kyushu/r8_07_okinawa.zip
薬局,47,2341383,ビオラ薬局　てるや店,島尻郡南風原町字照屋２６３－１はえばるスマイルスクエア１０１,098-995-7800,株式会社アミティ　代表取締役　比嘉　淳,福田　早苗,,,令6. 12. 1,kyushu/r8_07_okinawa.zip
薬局,47,2341391,すこやか薬局　ＳａＲｙｕ南風原店,島尻郡南風原町字与那覇２８３番地　１０３,098-987-1351,株式会社　薬正堂　代表取締役　宮里　早香,川上　雄一朗,,,令7. 7. 1,kyushu/r8_07_okinawa.zip
薬局,47,2341409,ゆい宮平薬局,島尻郡南風原町字宮平８５１番地３,098-987-7391,株式会社　ゆい沖縄　代表取締役　城間　盛弘,清家　利彦,,,令7. 12. 1,kyushu/r8_07_okinawa.zip
薬局,47,2341417,あいらんど薬局　つかざん店,島尻郡南風原町字津嘉山４４０番地３　１階,098-851-7038,株式会社ジーセットメディカル　代表取締役　平尾　慎一郎,新田　秋大,,,令7. 9. 1,kyushu/r8_07_okinawa.zip
薬局,47,2341425,フォレスト薬局　八重瀬,島尻郡八重瀬町字外間１８４番地,098-851-4101,合同会社ｓｏｎａｅｌ　代表社員　仲西　定祐,仲西　定祐,,,令8. 1. 1,kyushu/r8_07_okinawa.zip
薬局,47,2341433,千寿薬局,島尻郡八重瀬町字伊覇４３３－４,098-840-7600,有限会社オーエムファーマシー　　代表取締役　荻堂　芳夫,池宮　秀昭,,,令8. 7. 1,kyushu/r8_07_okinawa.zip
