med_type,pref_code,med_code,name,address,phone,opener,manager,depts,beds,designated_date,source
病院,03,0110309,遠山病院,盛岡市下ノ橋町６番１４号,019-651-2111,医療法人遠山病院　理事長　千葉　知,千葉　知,一般　一般　内　呼内　循環器内科　外　整外　胃腸外科　皮　婦　糖尿病内科,60,昭32. 8. 1,ika
病院,03,0110457,一般財団法人岩手済生医会　三田記念病院,盛岡市加賀野三丁目１４番１号,019-624-3251,一般財団法人岩手済生医会　理事長　三田　ひろみ,高橋　進,一般　一般　精神　精神　精　内　老年内科　呼内　リハ,199,昭32. 10. 28,ika
病院,03,0111240,盛岡さんさ病院,盛岡市館向町４番８号,019-624-2250,医療法人さんさ　理事長　髙松　正之,髙松　正之,一般　一般　療養　療養　内　脳内　外　整外　麻　リハ　循環器内科,95,昭43. 7. 15,ika
診療所,03,0112339,菅野小児科医院,盛岡市山岸二丁目１１番３６号,019-622-4448,菅野　恒治,菅野　恒治,小,,昭53. 1. 1,ika
病院,03,0112537,内丸病院,盛岡市本町通一丁目１２番７号,019-654-5331,医療法人　青樹会　理事長　田中　由紀子,宮川　朋久,一般　一般　療養　療養　内　外　整外　リハ　消化器内科　循環器内科　肛門外科　乳腺外科,90,昭55. 3. 15,ika
診療所,03,0112545,前川内科クリニック,盛岡市新田町９番１１号,019-624-3313,前川　滋,前川　滋,内　呼　胃　循,,昭55. 4. 1,ika
病院,03,0112552,荻野病院,盛岡市本宮一丁目６番１２号,019-636-0317,医療法人　謙和会　理事長　荻野　忠良,荻野　義信,一般　一般　内　リハ　循環器内科,58,昭55. 4. 1,ika
診療所,03,0112560,いするぎ医院,盛岡市大通三丁目３番２２号,019-654-1411,医療法人　芝蘭会　理事長　岩動　一将,岩動　一将,ひ　皮,,昭55. 4. 1,ika
診療所,03,0112826,坂医院,盛岡市長田町１０番３２号,019-622-6016,坂　宇一,坂　宇一,ひ　内　外,,昭57. 8. 1,ika
病院,03,0112875,盛岡つなぎ温泉病院,盛岡市繋字尾入野６４番地９,019-689-2101,特定医療法人盛岡つなぎ温泉病院　理事長　小西　一樹,関　博文,一般　一般　結核　療養　療養　内　神内　呼　外　整外　リハ　アレ　循　脳外,168,昭57. 11. 1,ika
診療所,03,0113188,恵皮膚科クリニック,盛岡市盛岡駅前通１５番１６号ＳＳビル３Ｆ,019-624-6200,佐藤　恵,佐藤　恵,皮,,昭60. 2. 1,ika
診療所,03,0113204,堀皮膚科クリニック,盛岡市名須川町１９番２４号,019-651-8229,堀　恵二,堀　恵二,皮,,昭60. 4. 22,ika
病院,03,0113311,岩手県立中央病院,盛岡市上田一丁目４番１号,019-653-1151,岩手県　代表者　県立病院等事業管理者　医療局長　吉田　陽悦,臼田　昌広,一般　一般　内　脳神経内科　内分泌糖尿病内科　精　呼内　小　外　整外　脳外　呼外　心外　小外　皮　ひ　産婦　眼　耳い　リハ　放　麻　歯外　病理　形外　循環器内科　消化器内科　消化器外科　血液内科　乳腺内分泌外科　腎臓リウマチ科,685,昭62. 3. 1,shika
診療所,03,0113329,栃内内科医院,盛岡市神明町１０番３５号,019-624-5277,栃内　秀貴,栃内　秀貴,胃　内,,昭62. 2. 13,ika
診療所,03,0113527,志和眼科,盛岡市上田一丁目６番４号,019-654-4511,医療法人　正和会　理事長　木村　桂,木村　桂,眼,,平元. 7. 1,ika
診療所,03,0113592,双木整形外科医院,盛岡市月が丘二丁目５番２３号,019-646-3855,医療法人なみき　理事長　双木　慎,双木　慎,整外　外　リハ,,平2. 3. 1,ika
診療所,03,0113642,えんどう耳鼻咽喉科クリニック,盛岡市青山三丁目６番３号,019-646-5557,医療法人えんどう耳鼻咽喉科クリニック　理事長　遠藤　芳彦,遠藤　芳彦,耳い,,平2. 8. 1,ika
診療所,03,0113667,もりた整形外科,盛岡市山岸一丁目３番８号,019-652-5858,医療法人モリタ　理事長　盛田　哲郎,盛田　哲郎,整外　外　リハ,,平2. 9. 1,ika
診療所,03,0113717,三船内科,盛岡市天昌寺町９番１０号,019-646-2310,医療法人三船内科　理事長　三舩　俊英,三舩　俊英,内　循環器内科,,平3. 1. 1,ika
診療所,03,0113733,川村内科医院,盛岡市志家町４番４号,019-651-6677,川村　光郎,川村　光郎,内　循　呼,,平3. 4. 17,ika
診療所,03,0113774,白沢整形外科医院,盛岡市月が丘三丁目４０番２８号,019-645-3666,白澤　榮嗣,白澤　榮嗣,整外　リウ　リハ　外,,平3. 9. 1,ika
診療所,03,0113832,臼井循環器呼吸器内科,盛岡市松園二丁目２番１０号,019-662-9845,医療法人禄三堂　理事長　臼井　康雄,臼井　雄太,内　呼内　小　循環器内科,,平3. 11. 1,ika
診療所,03,0113865,澤田内科医院,盛岡市上田一丁目６番１１号,019-654-1007,医療法人　純研会　理事長　水谷　久太,水谷　久太,内,,平3. 12. 1,ika
病院,03,0113931,都南病院,盛岡市東見前６地割４０番地１,019-638-7311,医療法人仁医会（財団）　理事長　鹿野　亮一郎,橋本　誠紀,精神　精神　精　内,248,昭39. 10. 10,ika
病院,03,0113964,未来の風せいわ病院,盛岡市手代森９地割７０番地１,019-696-2055,社会医療法人智徳会　理事長　智田　文徳,智田　文徳,精神　精神　精　内,267,昭48. 5. 23,ika
病院,03,0113998,川久保病院,盛岡市津志田２６地割３０番地１,019-635-1305,盛岡医療生活協同組合　理事長　田村　茂,浮田　昭彦,一般　一般　療養　療養　内　小　整外　眼　リハ　脳内　精　歯　小歯　歯外,120,昭48. 7. 1,shika
病院,03,0114038,盛岡南病院,盛岡市津志田１３地割１８番地４,019-638-2020,医療法人社団愛和会　理事長　田中　英治,田中　英治,療養　療養　内　外　整外　リハ,164,昭55. 2. 1,ika
診療所,03,0114046,公益財団法人岩手県予防医学協会付属診療所,盛岡市永井１４地割４２番地,019-638-7185,公益財団法人岩手県予防医学協会　会長　本間　博,田巻　健治,内　呼　消　循　脳外　ひ　婦　外　臨床検査科,,昭55. 10. 1,ika
病院,03,0114079,盛岡友愛病院,盛岡市永井１２地割１０番地,019-638-2222,医療法人友愛会　理事長　佐々木　達哉,中島　隆之,一般　一般　内　脳内　呼内　小　外　整外　形外　呼外　心外　皮　ひ　眼　耳　リハ　放　麻　心内　リウ　アレ　歯　矯歯　小歯　婦　乳腺外科　肛門外科　消化器外科　緩和ケア外科　消化器内科　循環器内科　肝臓内科,360,昭57. 8. 1,shika
病院,03,0114137,盛岡赤十字病院,盛岡市三本柳６地割１番地１,019-637-3111,日本赤十字社　社長　清家　篤,藤原　純,一般　一般　内　呼内　小　外　小外　整外　脳外　皮　ひ　産婦　眼　耳い　放　脳内　リハ　麻　精　病理　緩和ケア外科　消化器内科　循環器内科　血液内科　糖尿病・代謝内科　消化器外科,354,平元. 5. 1,ika
診療所,03,0114145,小林小児科クリニック,盛岡市三本柳１１地割１２番地４,019-638-0404,医療法人あすなろ会　理事長　小林　有一,小林　有一,小　アレ,,平元. 11. 1,ika
診療所,03,0114160,吉田耳鼻咽喉科医院,盛岡市本宮二丁目３９番１号,019-636-1187,吉田　幹夫,吉田　幹夫,耳い　気食,,平4. 5. 1,ika
診療所,03,0114194,小豆嶋胃腸科内科クリニック,盛岡市仙北三丁目１３番２０号,019-636-1503,医療法人　慶友会　理事長　小豆嶋　立頼,小豆嶋　立頼,消　内　胃,,平4. 5. 1,ika
診療所,03,0114202,亀楽町通クリニック,盛岡市菜園一丁目５番１９号,019-651-1601,医療法人　真哲会　理事長　小田　真琴,小田　真琴,耳い　歯,,平4. 5. 1,shika
診療所,03,0114228,細井外科医院,盛岡市大沢川原一丁目１番２号,019-624-2715,医療法人細井外科医院　理事長　細井　義行,細井　義行,一般　外　整外　胃腸内科　肛門外科,,平4. 12. 1,ika
診療所,03,0114236,鈴木内科神経内科,盛岡市黒石野二丁目９番５８号,019-661-2505,医療法人鈴木内科神経内科　理事長　鈴木　孝輝,鈴木　孝輝,内　神内　心内,,平4. 12. 1,ika
診療所,03,0114301,西島産婦人科医院,盛岡市上田一丁目１９番１１号,019-624-5855,医療法人緑生会　理事長　西島　光茂,西島　光茂,一般　産婦,,平5. 4. 1,ika
診療所,03,0114319,佐々木皮膚科,盛岡市高松二丁目３番５０号,019-661-0611,医療法人佐々木皮膚科　理事長　佐々木　豪,佐々木　豪,皮　美容皮膚科,,平5. 4. 1,ika
診療所,03,0114327,西島こどもクリニック,盛岡市上田一丁目１９番１１号,019-651-1369,医療法人緑生会　理事長　西島　光茂,西島　淺香,小　アレ　児童精神科,,平5. 4. 1,ika
診療所,03,0114350,江村胃腸科内科医院,盛岡市城西町７番３３号,019-623-4035,医療法人江村胃腸科内科医院　理事長　江村　洋弘,江村　洋弘,内　呼　消　循環器内科　眼　糖尿病代謝内分泌内科,,平5. 12. 1,ika
診療所,03,0114376,旭橋クリニック菊池循環器内科,盛岡市材木町２番２６号近江ビル３階,019-653-8511,菊池　均,菊池　均,内　循,,平6. 3. 1,ika
診療所,03,0114426,小笠原眼科クリニック,盛岡市高松三丁目１０番１２号,019-662-3223,医療法人小笠原眼科クリニック　理事長　小笠原　聡,小笠原　聡,一般　眼,,平6. 9. 1,ika
診療所,03,0114467,乳腺外科・いしだ外科胃腸科クリニック,盛岡市盛岡駅前通１４番９号,019-625-8777,石田　茂登男,石田　茂登男,外　胃　乳腺外科,,平7. 1. 7,ika
診療所,03,0114533,とちない脳神経外科クリニック,盛岡市津志田中央三丁目１７番１０号,019-637-7000,栃内　秀士,栃内　秀士,脳外　内　神内　外　整外　リハ,,平8. 3. 6,ika
診療所,03,0114566,さとう胃腸科内科,盛岡市向中野一丁目１１番２５号,019-635-0789,医療法人さとう胃腸科内科　理事長　佐藤　格,佐藤　治,消　内,,平8. 5. 1,ika
診療所,03,0114657,佐藤内科クリニック,盛岡市大通三丁目１番２４号第三菱和ビル４階,019-626-1115,佐藤　公也,佐藤　公也,内　消　糖尿病代謝内科,,平9. 6. 5,ika
診療所,03,0114665,駒ケ嶺リウマチ整形外科クリニック,盛岡市盛岡駅前通９番１０号丸善ビル３階,019-622-1121,駒ケ嶺　正隆,駒ケ嶺　正隆,整外　リウ　外　リハ,,平9. 7. 1,ika
病院,03,0114715,松園第二病院,盛岡市西松園三丁目２２番３号,019-662-0100,医療法人共生会　理事長　平澤　大,西田　淳,一般　一般　療養　療養　内　消化器内科　循環器内科　糖尿病・内分泌内科　脳内　整外　リウ　耳い　呼内　糖尿病・代謝内科,89,平9. 9. 1,ika
診療所,03,0114814,せいの眼科クリニック,盛岡市中ノ橋通一丁目４番２０号　水晶堂ビル３階,019-622-9595,清野　雅子,清野　雅子,眼,,平10. 3. 2,ika
診療所,03,0114848,二宮内科クリニック,盛岡市愛宕町２番４７号,019-621-8181,医療法人　敬星会　理事長　二宮　一見,二宮　一見,内　呼内　リウ　消化器内科　循環器内科　糖尿病内科,,平10. 5. 21,ika
診療所,03,0114871,岩本クリニック,盛岡市盛岡駅前通３番６３号第二甚ビル２Ｆ,019-625-3134,岩本　博満,岩本　博満,精　心内,,平10. 8. 1,ika
診療所,03,0114897,よしだクリニック,盛岡市西仙北一丁目３０番５０－１０３号,019-635-8341,医療法人よしだクリニック　理事長　吉田　信一,吉田　信一,小　アレ,,平10. 9. 1,ika
診療所,03,0114913,加藤アイクリニック,盛岡市三ツ割五丁目７番１１号,019-665-0020,加藤　宗彦,加藤　宗彦,眼,,平10. 10. 18,ika
診療所,03,0114921,みうら小児科医院,盛岡市中野一丁目１６番１０号,019-622-9591,三浦　義孝,三浦　義孝,小　アレ,,平10. 10. 1,ika
診療所,03,0114988,はしもと眼科クリニック,盛岡市青山二丁目２３番２１号,019-648-3000,橋本　真生,橋本　真生,眼,,平11. 1. 12,ika
診療所,03,0115001,智田医院,盛岡市名須川町２０番１５号,019-626-6060,智田　総徳,智田　総徳,心内　内　精,,平11. 4. 1,ika
診療所,03,0115027,森谷医院,盛岡市高松三丁目１１番２９号,019-663-1247,森谷　耕太郎,森谷　耕太郎,内　呼　消　循,,平11. 6. 1,ika
病院,03,0115050,盛岡市立病院,盛岡市本宮五丁目１５番１号,019-635-0101,盛岡市病院事業管理者　加藤　章信,加藤　章信,一般　一般　一般（感染）　感染　精神　精神　内　脳内　外　整外　皮　ひ　眼　婦　放　麻　歯　脳外　呼内　消化器内科　循環器内科　糖尿病代謝内科　腎臓内科　神経精神科,268,平11. 7. 1,shika
診療所,03,0115076,船山内科クリニック,盛岡市下ノ橋町４番１５号,019-606-0812,佐藤　由香子,佐藤　由香子,内　呼　アレ,,平11. 9. 8,ika
診療所,03,0115100,内科クリニックすずき,盛岡市北松園二丁目１５番４号,019-662-2888,鈴木　康之,鈴木　康之,内　神内　呼　胃　循　心内　アレ　小,,平11. 11. 25,ika
診療所,03,0115126,くどう医院,盛岡市前九年三丁目１６番１５号,019-647-3251,工藤　卓次,工藤　卓次,内　外　ひ,,平12. 1. 5,ika
診療所,03,0115142,金子胃腸科内科,盛岡市乙部１３地割１３５番地３,019-696-2012,医療法人糖友会　理事長　金子　純,金子　純,内　胃　糖尿病内科,,平12. 2. 1,ika
診療所,03,0115209,もりおか静眠堂医院,盛岡市盛岡駅前通９番５号ＳＥＩＫＯＵビル２階,019-604-3377,櫻井　伴子,櫻井　伴子,一般　内　呼　循　形外　皮　アレ,,平12. 8. 8,ika
診療所,03,0115217,鎌田内科クリニック,盛岡市本宮二丁目２０番１号,019-636-1725,医療法人久遠会　理事長　鎌田　広基,鎌田　広基,内　循環器内科　消化器内科,,平12. 10. 1,ika
診療所,03,0115225,菊池整形外科・形成外科クリニック,盛岡市清水町５番２２号,019-606-5100,菊池　正知,菊池　正知,整外　形外　リハ　リウ,,平12. 10. 18,ika
診療所,03,0115233,今井産婦人科内科クリニック,盛岡市下ノ橋町１番５号,019-623-4881,今井　俊彦,今井　俊彦,一般　一般　産婦　内　麻,10,平12. 10. 1,ika
診療所,03,0115258,水沼内科循環器クリニック,盛岡市中央通二丁目１１番１２号,019-604-8002,水沼　吉美,水沼　吉美,内　呼　循,,平12. 12. 8,ika
診療所,03,0115266,岡田消化器科内科医院,盛岡市清水町３番５号,019-622-4266,医療法人健育会　理事長　岡田　健男,岡田　健男,消　内,,平13. 1. 1,ika
診療所,03,0115282,中村・北條クリニック,盛岡市西仙北一丁目３２番１５号,019-636-3555,北條　浩昭,北條　浩昭,皮　歯　歯外,,平13. 3. 15,shika
診療所,03,0115290,吉田小児科,盛岡市梨木町２番１３号,019-652-1861,吉田　研一,吉田　研一,小,,平13. 3. 26,ika
診療所,03,0115340,中島内科クリニック,盛岡市月が丘二丁目８番３０号,019-646-1903,中島　淳,中島　淳,循環器内科　糖尿病内科　内,,平13. 12. 10,ika
診療所,03,0115381,マリオス小林内科クリニック,盛岡市盛岡駅西通二丁目９番１号マリオス１１階,019-621-5222,医療法人杉の子会　理事長　小林　仁,小林　仁,内　呼　リウ　アレ　リハ,,平14. 3. 1,ika
診療所,03,0115423,大屋内科胃腸科クリニック,盛岡市西青山一丁目１６番４３号,019-647-3255,大屋　敬一郎,大屋　敬一郎,内　胃,,平14. 4. 1,ika
診療所,03,0115480,谷藤眼科医院,盛岡市前九年二丁目２番３８号,019-646-2227,医療法人　泰明会　理事長　谷藤　典子,谷藤　典子,一般　一般　眼,19,平14. 8. 1,ika
診療所,03,0115506,児島内科医院,盛岡市みたけ三丁目１１番３６号,019-641-3310,医療法人　敬心会　理事長　児島　陽一,児島　陽一,内,,平14. 9. 1,ika
診療所,03,0115555,二井耳鼻咽喉科医院,盛岡市加賀野四丁目１６番１２号,019-606-0033,二井　一成,二井　一成,耳い,,平14. 11. 1,ika
診療所,03,0115613,えいづか内科胃腸科クリニック,盛岡市緑が丘四丁目１番７号,019-663-7788,医療法人えいづか内科胃腸科クリニック　理事長　永塚　健,永塚　健,内　胃,,平15. 3. 1,ika
診療所,03,0115621,鈴木肛門外科,盛岡市名須川町１６番１４号,019-624-0405,医療法人仁済会　理事長　鈴木　俊輔,鈴木　俊輔,一般　一般　肛門外科,5,平15. 3. 1,ika
診療所,03,0115704,くろだ皮膚科クリニック,盛岡市神明町１０番３８号,019-654-0212,医療法人卯槌　理事長　黒田　啓美,黒田　啓美,皮,,平15. 8. 1,ika
診療所,03,0115746,中村内科医院,盛岡市若園町２番５号,019-622-7103,中村　義明,中村　義明,内　胃腸科内科　循環器内科　呼吸器内科,,平16. 1. 1,ika
診療所,03,0115787,ブレスト齊藤外科クリニック,盛岡市本宮六丁目１７番６号,019-631-3770,齊藤　純一,齊藤　純一,外　内　皮　こう　麻　乳腺外科,,平16. 2. 16,ika
診療所,03,0115845,村田小児科医院,盛岡市紺屋町３番４号,019-622-7132,村田　淳,村田　淳,小,,平16. 5. 1,ika
診療所,03,0115878,三善眼科医院,盛岡市西青山二丁目１８番４号,019-601-1800,三善　恵,三善　恵,眼,,平16. 9. 25,ika
診療所,03,0115944,くろだ脳神経・頭痛クリニック,盛岡市神明町１０番３８号,019-653-3522,黒田　清司,黒田　清司,脳外　神内　外　整外　リハ,,平17. 1. 12,ika
診療所,03,0115969,三島内科医院,盛岡市紺屋町１番３４号,019-653-4511,医療法人社団誠仁会　理事長　佐藤　倫郎,佐藤　一範,内,,平17. 2. 1,ika
診療所,03,0115985,渡辺耳鼻咽喉科アレルギー科,盛岡市三本柳９地割３１番地６,019-638-3387,医療法人渡辺医院　理事長　渡辺　保次,渡辺　保次,耳い　アレ,,平17. 2. 1,ika
診療所,03,0115993,かとう整形外科クリニック,盛岡市中央通二丁目８番１号,019-622-2555,加藤　貞文,加藤　貞文,整外　リハ　リウ,,平17. 4. 1,ika
診療所,03,0116058,吉田整形外科・リウマチ科クリニック,盛岡市本町通一丁目９番２８号,019-604-3820,吉田　昌明,吉田　昌明,整外　リハ　リウ,,平17. 6. 3,ika
診療所,03,0116090,さとう皮膚科クリニック,盛岡市高松三丁目１１番３３号,019-665-2333,医療法人さとう皮膚科クリニック　理事長　佐藤　俊樹,佐藤　俊樹,皮　アレ,,平17. 8. 1,ika
診療所,03,0116108,石井内科消化器科医院,盛岡市東緑が丘２３番２６号,019-662-1615,医療法人イシイ　理事長　石井　基弘,石井　基弘,内　消　小,,平17. 9. 1,ika
診療所,03,0116116,近藤眼科医院,盛岡市清水町４番３０号,019-622-2509,医療法人　仁慈　理事長　近藤　駿,村井　憲一,一般　一般　眼　内,18,平17. 8. 1,ika
診療所,03,0116124,おおひら内科・循環器科クリニック,盛岡市梨木町２番２号,019-606-3765,大平　篤志,大平　篤志,内　循環器内科,,平17. 12. 15,ika
病院,03,0116132,八角病院,盛岡市好摩字夏間木７０番地１９０,019-682-0201,医療法人日新堂　理事長　八角　有紀,八角　有紀,一般　一般　内　外　脳外　整外　胃腸内科　消化器内科　肝臓内科　内視鏡内科　糖尿病代謝内科,50,平3. 8. 1,ika
診療所,03,0116140,八角医院,盛岡市好摩字夏間木１０１番地２,019-682-0007,医療法人日新堂　理事長　八角　有紀,小西　康弘,内　外　整外　消化器内科　胃腸内科　肝臓内科　糖尿病代謝内科,,平3. 8. 1,ika
診療所,03,0116165,成島整形外科医院,盛岡市好摩字上山１４番地６６,019-682-0001,成島　勝之助,成島　勝之助,整外　内　外　リハ　リウ,,平9. 4. 22,ika
診療所,03,0116173,秋浜内科クリニック,盛岡市渋民字駅１０３番地,019-683-2333,医療法人花門堂　理事長　秋濱　玄,秋濱　玄,内　胃,,平15. 2. 17,ika
診療所,03,0116199,鈴木内科医院,盛岡市八幡町２番１７号,019-623-3038,医療法人和心会　理事長　鈴木　知己,鈴木　知己,内　呼　循,,平18. 1. 1,ika
診療所,03,0116249,菜園循環器内科医院,盛岡市菜園一丁目４番７号,019-626-3211,医療法人菜園循環器内科医院　理事長　肥田　龍彦,肥田　龍彦,内　循環器内科,,平18. 4. 1,ika
診療所,03,0116256,さいとうレディスクリニック,盛岡市盛岡駅前北通３番３３号,019-621-3555,医療法人さいとうレディスクリニック　理事長　齋藤　正信,齋藤　正信,婦　内,,平18. 4. 1,ika
診療所,03,0116264,杜のこどもクリニック,盛岡市向中野三丁目１０番６号,019-631-1160,金濱　誠己,金濱　誠己,小　内,,平18. 4. 12,ika
診療所,03,0116298,ヒロバランスクリニック,盛岡市松園二丁目３７番１０号,019-664-6037,医療法人萌生堂　理事長　鈴木　啓之,鈴木　啓之,整外　皮　内,,平18. 4. 1,ika
診療所,03,0116306,ちあき眼科クリニック,盛岡市山岸二丁目９番２５号,019-606-3210,加藤　千晶,加藤　千晶,眼,,平18. 6. 8,ika
病院,03,0116330,渋民中央病院,盛岡市渋民字大前田５３番地２,019-683-2336,医療法人仁妙光会　理事長　清水　光昭,清水　光昭,療養　療養　整外　内　外,117,平18. 8. 1,ika
診療所,03,0116348,もりおか胃腸科内科クリニック,盛岡市中ノ橋通二丁目３番２号,019-606-6611,医療法人七藤会　理事長　佐藤　邦彦,佐藤　邦彦,内　胃　消　こう,,平18. 9. 1,ika
診療所,03,0116363,ささき医院,盛岡市中野一丁目２７番１０号,019-653-0230,佐々木　正孝,佐々木　正孝,内　消化器内科,,平18. 10. 1,ika
病院,03,0116389,孝仁病院,盛岡市中太田泉田２８番地,019-656-2888,社団医療法人啓愛会　理事長　井筒　大人,西成　尚人,一般　一般　療養　療養　外　内　整外　婦　ひ　皮　放　リハ　麻　リウ　乳腺外科　循環器内科　糖尿病代謝内科,180,平18. 12. 17,ika
診療所,03,0116397,さかもと整形外科,盛岡市天神町１１番３号,019-623-8555,医療法人公陽会　理事長　坂本　公児,坂本　公児,整外　リハ　リウ　皮　外,,平19. 2. 1,ika
診療所,03,0116405,ふじメンタルクリニック,盛岡市上田一丁目３番１０号イースタンキャッスル２０１号室,019-606-3900,医療法人ふじメンタルクリニック　理事長　藤村　剛男,藤村　剛男,精　神　心内　内,,平19. 3. 1,ika
診療所,03,0116413,新津あさくら眼科クリニック,盛岡市紺屋町２番１号,019-624-1068,医療法人社団新津あさくら眼科クリニック　理事長　朝倉　章子,朝倉　章子,眼,,平19. 3. 1,ika
診療所,03,0116439,吉田消化器科内科,盛岡市東見前８地割２０番地１６,019-632-4600,医療法人緑明会　理事長　吉田　俊巳,吉田　俊巳,消化器内科　内,,平19. 3. 1,ika
診療所,03,0116470,あべ内科・消化器科クリニック,盛岡市長橋町１７番４５号,019-605-5311,医療法人明慧会　理事長　阿部　礼司,阿部　礼司,内　呼　消　循　アレ,,平19. 4. 1,ika
診療所,03,0116488,田中循環器内科クリニック,盛岡市永井２２地割２９番地６,019-632-1320,医療法人光洋会　理事長　田中　洋,田中　洋,循　内,,平19. 4. 1,ika
診療所,03,0116512,産科婦人科吉田医院,盛岡市若園町１０番４号,019-622-9433,吉田　耕太郎,吉田　耕太郎,一般　一般　産婦,17,平19. 6. 1,ika
診療所,03,0116520,ひろし外科肛門科,盛岡市菜園一丁目３番１０号,019-622-4065,吉田　博,吉田　博,一般　一般　肛門外科,11,平19. 7. 9,ika
診療所,03,0116546,佐藤健レディースクリニック,盛岡市津志田西二丁目１３番８３号,019-658-8222,佐藤　健,佐藤　健,産婦,,平19. 10. 25,ika
診療所,03,0116603,公益財団法人岩手県対がん協会　いわて健康管理センター,盛岡市西仙北一丁目１７番１８号,019-618-0151,公益財団法人岩手県対がん協会　代表理事　祖父江　憲治,松谷　富美夫,内　消　婦,,平20. 4. 1,ika
診療所,03,0116611,盛岡市夜間急患診療所,盛岡市神明町３番２９号,019-654-1080,盛岡市長　内舘　茂,橋本　真生,内　小,,平20. 4. 1,ika
診療所,03,0116652,けやき整形外科クリニック,盛岡市上田一丁目１番３５号,019-656-1677,奥田　聡,奥田　聡,整外　リハ　リウ,,平20. 7. 1,ika
診療所,03,0116660,さいとう耳鼻咽喉科医院,盛岡市緑が丘三丁目１８番３号,019-662-0708,医療法人清香会　理事長　齋藤　大輔,齋藤　大輔,耳い,,平20. 7. 22,ika
診療所,03,0116686,加茂谷心療内科,盛岡市神明町７番３２号,019-623-3523,加茂谷　正俊,加茂谷　正俊,精　心内,,平20. 11. 25,ika
診療所,03,0116694,見前ファミリークリニック,盛岡市三本柳１２地割２０番地１号,019-632-6300,岩見　大二,岩見　大二,内　外　小外,,平21. 1. 13,ika
診療所,03,0116710,本宮Ｃクリニック,盛岡市向中野三丁目１０番３号,019-631-2381,医療法人ＭＭＴ　理事長　千葉　芳久,千葉　芳久,内　呼　循,,平21. 3. 1,ika
診療所,03,0116728,あべ菜園内科クリニック,盛岡市菜園二丁目５番２９号菜園志和ビル２Ｆ,019-623-7000,阿部　弘一,阿部　弘一,内　消化器内科　胃腸内科,,平21. 3. 18,ika
診療所,03,0116744,やまだ胃腸内科クリニック,盛岡市津志田中央二丁目１８番３１号,019-614-0180,医療法人宏紀会　理事長　山田　宏之,山田　宏之,内　消化器内科　漢方内科,,平21. 4. 1,ika
診療所,03,0116751,菜園皮膚科クリニック,盛岡市菜園１丁目１２番１８号盛岡菜園センタービル１階,019-625-1118,小野寺　英恵,小野寺　英恵,皮　アレ,,平21. 5. 8,ika
診療所,03,0116785,たけ循環器内科クリニック,盛岡市北飯岡一丁目２番７０号,019-656-5855,武者　毅彦,武者　毅彦,循環器内科　内　呼吸器内科,,平21. 6. 1,ika
診療所,03,0116793,池田外科・消化器内科医院,盛岡市境田町５番１８号,019-648-3200,池田　健一郎,池田　健一郎,外　整外　皮　消化器内科　肛門外科,,平21. 10. 16,ika
診療所,03,0116801,むらた眼科クリニック,盛岡市みたけ五丁目８番３０号,019-648-8571,医療法人むらた眼科クリニック　理事長　村田　正敏,村田　正敏,一般　一般　眼,2,平21. 10. 1,ika
診療所,03,0116819,すっきりクリニック高橋耳鼻咽喉科,盛岡市材木町４番３５号,019-606-1800,高橋　利弥,高橋　利弥,耳い　気食　アレ,,平21. 11. 25,ika
病院,03,0116835,盛岡観山荘病院,盛岡市高松四丁目２０番４０号,019-661-2685,社会医療法人みやま会　理事長　小泉　幸子,小泉　幸子,精神　精神　精　心内,173,平22. 3. 1,ika
診療所,03,0116850,おはようクリニック,盛岡市高松二丁目２７番２７号,019-662-0840,佐々木　透,佐々木　透,内　整外　リハ,,平22. 4. 1,ika
診療所,03,0116868,小田島耳鼻咽喉科医院,盛岡市上田一丁目６番５号,019-622-0879,小田島　葉子,小田島　葉子,耳い,,平22. 4. 18,ika
診療所,03,0116876,みたけ眼科,盛岡市青山四丁目４５番１９号,019-643-8181,医療法人　正和会　理事長　木村　桂,工藤　利子,眼,,平22. 5. 1,ika
診療所,03,0116892,鈴木整形外科,盛岡市本宮字石仏２０番１号,019-658-0202,医療法人社団鈴生会　理事長　鈴木　正弘,鈴木　正弘,整外　外　リハ　リウ,,平22. 9. 1,ika
診療所,03,0116934,本町石部眼科クリニック,盛岡市本町通一丁目９番３２号,019-654-1110,医療法人愛恵会　理事長　石部　禎,石部　禎,眼,,平23. 3. 8,ika
診療所,03,0116959,耳鼻咽喉科わたなべとしや診療室,盛岡市北飯岡一丁目２番６７号,019-656-4133,医療法人百帆会　理事長　渡邉　聡哉,渡邉　聡哉,耳い,,平23. 4. 1,ika
診療所,03,0116967,藤島内科医院,盛岡市愛宕町４番１８号,019-622-4453,藤島　敏智,藤島　敏智,内　呼吸器内科　胃　消化器内科　循環器内科,,平23. 4. 1,ika
診療所,03,0116975,しんたろうクリニック,盛岡市本宮一丁目９番１号,019-631-3110,医療法人しんたろうクリニック　理事長　菊池　信太郎,菊池　信太郎,一般　一般　肛門外科　胃　外　皮　内,11,平23. 4. 1,ika
診療所,03,0116991,かねこ内科クリニック,盛岡市月が丘一丁目１番６３号,019-647-3333,医療法人守敬会　理事長　金子　能人,金子　能人,内　胃腸内科,,平23. 10. 1,ika
診療所,03,0117007,加賀野消化器内科・内科クリニック,盛岡市天神町１１番８号,019-604-1123,加藤　隆幸,加藤　隆幸,消化器内科　内,,平23. 10. 1,ika
診療所,03,0117015,医療法人　朝陽会　わたなべおしりのクリニック,盛岡市本宮五丁目１番３号,019-658-1003,医療法人朝陽会　理事長　渡邊　陽太郎,渡邊　陽太郎,肛門外科　胃腸内科　外,,平23. 11. 1,ika
診療所,03,0117023,医療法人ゆいの杜ゆい内科呼吸器科クリニック,盛岡市向中野二丁目５４番１８号,019-631-1159,医療法人ゆいの杜ゆい内科呼吸器科クリニック　理事長　青山　洋二,青山　洋二,一般　呼内　内　アレ,,平23. 10. 1,ika
診療所,03,0117031,池田内科,盛岡市上太田弘法清水１０番地３,019-659-0310,池田　亘政,池田　亘政,内,,平24. 3. 1,ika
診療所,03,0117049,ちだ内科・外科クリニック,盛岡市東安庭一丁目２３番６０号,019-604-3755,医療法人ちだ内科・外科クリニック　理事長　千田　明紀,千田　明紀,内　外　消　小外　整外　こう　麻,,平24. 3. 1,ika
病院,03,0117064,医療法人社団恵仁会三愛病院,盛岡市月が丘一丁目２９番１５号,019-641-6633,医療法人社団恵仁会　理事長　山内　文俊,清野　耕治,一般　内　アレ　泌尿器科　泌尿器科（腎臓・透析・性感染症）　呼内　循環器内科　消化器・肝臓内科　糖尿病・代謝内科　血液内科　腎臓内科　心外,,平24. 6. 15,ika
診療所,03,0117080,盛岡南眼科,盛岡市本宮七丁目１番１号イオンモール盛岡南２階,019-631-3987,磯目　修一,磯目　修一,眼,,平24. 8. 1,ika
診療所,03,0117106,みやた整形外科医院,盛岡市上堂二丁目４番１２号,019-656-6350,宮田　守雄,宮田　守雄,整外　リハ　リウ　内,,平24. 9. 3,ika
診療所,03,0117114,ちば耳鼻咽喉科クリニック,盛岡市紺屋町２番４号,019-623-3387,医療法人千葉耳鼻咽喉科医院　理事長　千葉　隆史,千葉　隆史,耳い,,平24. 12. 1,ika
診療所,03,0117122,前多小児科クリニック,盛岡市盛岡駅前通９番１０号丸善ビル５Ｆ,019-601-7478,前多　治雄,前多　治雄,小　児童精神科,,平25. 4. 1,ika
診療所,03,0117148,なおや脳神経・頭痛クリニック,盛岡市本宮字小板小瀬１３番地４,019-656-3708,医療法人翼友会　理事長　佐藤　直也,佐藤　直也,脳外　神内　リハ,,平25. 5. 1,ika
診療所,03,0117155,むろおか骨粗鬆症・整形外科クリニック,盛岡市菜園一丁目１１番１号エスビル菜園４階,019-613-2760,室岡　玄洋,室岡　玄洋,整外　リウ　ペインクリニック外科　老年内科,,平25. 8. 1,ika
診療所,03,0117189,ゆうあいの街クリニック,盛岡市北飯岡一丁目２番２５号,019-634-1119,医療法人友愛会　理事長　佐々木　達哉,村田　望,内　消化器内科,,平25. 11. 16,ika
診療所,03,0117197,開運橋消化器内科クリニック,盛岡市大通三丁目９番３号,019-613-3336,医療法人陽樹　理事長　遠藤　昌樹,遠藤　昌樹,内　消化器内科　胃腸内科　代謝内科　内視鏡内科,,平25. 12. 1,ika
診療所,03,0117213,公益財団法人岩手県予防医学協会付属第一診療所,盛岡市北飯岡四丁目８番５０号,019-638-7185,公益財団法人岩手県予防医学協会　会長　本間　博,茂木　隆,内　呼内　外　脳外　ひ　婦　消化器内科　循環器内科　臨床検査科,,平26. 1. 1,ika
診療所,03,0117221,医療法人黒川産婦人科医院,盛岡市愛宕町２番５１号,019-651-5066,医療法人黒川産婦人科医院　理事長　黒川　賀重,黒川　賀重,一般　一般　産　婦,15,平26. 3. 1,ika
診療所,03,0117247,メディケアプラザ中央通りクリニック,盛岡市中央通三丁目１６番２３号,019-654-3781,特定医療法人盛岡つなぎ温泉病院　理事長　小西　一樹,南　正江,内　脳外　呼内　糖尿病内科,,平26. 4. 1,ika
診療所,03,0117254,平野医院,盛岡市西青山二丁目１８番６０号,019-648-1395,医療法人平野医院　理事長　平野　邦夫,平野　邦夫,内　呼内　外　リハ,,平26. 6. 2,ika
診療所,03,0117270,吉野整形外科麻酔科医院,盛岡市上太田金財９３番地２,019-658-1130,吉野　裕之,吉野　裕之,整外　麻　外　リウ　リハ,,平26. 10. 1,ika
病院,03,0117304,ひめかみ病院,盛岡市下田字陣場４１番地１０,019-683-2121,医療法人　真彰会　理事長　坂本　文明,坂本　文明,精神　精神　精　内　神内　眼　呼内,123,平27. 6. 1,ika
診療所,03,0117312,医療法人　天音会　おいかわ内科クリニック,盛岡市上田一丁目１８番４６号,019-622-7400,医療法人　天音会　おいかわ内科クリニック　理事長　及川　寛太,及川　寛太,一般　一般　内　神内　リハ　胃腸内科,3,平27. 11. 1,ika
診療所,03,0117320,わたなべ内科・脳神経内科クリニック,盛岡市高松三丁目９番８号,019-605-1117,渡邊　活見,渡邊　活見,脳神経内科　内　リハ　脳外　整外,,平27. 12. 24,ika
診療所,03,0117338,小林眼科,盛岡市中野一丁目９番１２号,019-624-2611,小林　秀樹,小林　秀樹,眼,,平28. 1. 1,ika
診療所,03,0117346,盛岡さくらクリニック,盛岡市みたけ四丁目３６番３２号,019-645-3939,医療法人　桜和会　理事長　小田　淳一,小田　淳一,内　小　皮,,平28. 2. 1,ika
診療所,03,0117379,たぐち脳神経外科クリニック,盛岡市本町通一丁目４番１９号,019-621-1234,医療法人　颯桜会　たぐち脳神経外科クリニック　理事長　田口　壮一,田口　壮一,脳外　整外　神内　リハ　内　外,,平28. 4. 1,ika
診療所,03,0117387,盛岡駅前おおば脳神経内科クリニック,盛岡市盛岡駅前通１３番８号,019-626-4141,大庭　英樹,大庭　英樹,内　神内　脳外　整外　リハ,,平28. 4. 1,ika
診療所,03,0117395,葛クリニック,盛岡市上田四丁目２０番５９号,019-651-5433,佐々木　千恵子,佐々木　千恵子,ひ　外　内　心内　婦,,平28. 3. 7,ika
診療所,03,0117403,工藤内科ハートクリニック,盛岡市中ノ橋通一丁目７番１３号,019-653-6811,工藤　真大,工藤　真大,循環器内科　呼内　消化器内科　内,,平28. 7. 1,ika
診療所,03,0117445,医療法人社団　甲友会　栗原クリニック,盛岡市本町通一丁目１６番４号,019-654-7123,医療法人社団　甲友会　理事長　土井　秀之,土井　秀之,外　内,,平28. 10. 1,ika
診療所,03,0117452,夕顔瀬内科産婦人科医院,盛岡市梨木町６番１２号,019-622-6519,牧野　かおり,牧野　かおり,内　産婦,,平29. 1. 1,ika
診療所,03,0117502,森眼科クリニック,盛岡市盛岡駅前通１０番２２号,019-604-1150,医療法人社団緑翠堂　理事長　森　春樹,森　敏郎,眼,,平29. 9. 1,ika
診療所,03,0117510,みやもと内科クリニック,盛岡市上厨川字杉原１０１番地４,019-601-3810,宮本　康弘,宮本　康弘,内　消化器内科　肝臓内科　内視鏡内科,,平29. 11. 20,ika
診療所,03,0117536,なないろのとびら診療所,盛岡市仙北二丁目１番２０号,019-601-3101,松嶋　大,松嶋　大,内　心内,,平29. 11. 1,ika
診療所,03,0117544,もりおか往診ホームケアクリニック,盛岡市北飯岡三丁目２０番３号,019-614-0133,医療法人葵会　理事長　木村　幸博,木村　幸博,一般　一般　内　外　消化器内科　神内　脳外,19,平29. 11. 1,ika
診療所,03,0117551,いしい内科・糖尿病クリニック,盛岡市中ノ橋通一丁目４番２０号水晶堂ビル４階,019-601-2277,石井　基嗣,石井　基嗣,内　整外　糖尿病内科　消化器内科,,平30. 2. 1,ika
診療所,03,0117569,森田小児科医院,盛岡市緑が丘四丁目１番５０号アスティ緑が丘１Ｆ,019-662-3326,医療法人　ハレルヤ会　理事長　森田　順,森田　順,小,,平30. 4. 1,ika
診療所,03,0117593,長橋皮ふ科クリニック,盛岡市長橋町３８番７号,019-613-2121,瀬川　春奈,瀬川　春奈,皮　内　小児皮膚科,,平30. 7. 20,ika
診療所,03,0117601,医療法人純仁会　盛岡前潟眼科,盛岡市前潟四丁目７番１号イオンモール２階,019-601-5517,医療法人純仁会　理事長　西原　仁,西原　仁,眼,,平30. 8. 1,ika
診療所,03,0117619,三本柳かんのクリニック,盛岡市三本柳２３地割１０番地５,019-638-7070,菅野　公徳,菅野　公徳,外　内　整外　リハ　消化器内科,,平30. 10. 11,ika
診療所,03,0117627,みうら産婦人科医院,盛岡市上鹿妻田貝１１番地１,019-658-1139,医療法人一舟会　理事長　三浦　達雄,三浦　自雄,一般　一般　産婦,16,平30. 9. 13,ika
診療所,03,0117643,原田内科脳神経機能クリニック,盛岡市山岸三丁目２番１号,019-662-7533,医療法人明心会　理事長　原田　達男,原田　達男,内　脳外　心内　精　リハ,,平30. 12. 1,ika
診療所,03,0117650,医療法人社団　桂会　かつら内科クリニック,盛岡市本宮字小板小瀬１３番２,019-658-1223,医療法人社団桂会　理事長　桂　泰鴻,桂　永行,内　消化器内科　神内,,平31. 2. 1,ika
診療所,03,0117676,佐藤皮膚科医院,盛岡市青山三丁目７番３０号,019-646-5311,医療法人　佐藤皮膚科医院　理事長　佐藤　隆亮,佐藤　隆亮,皮　耳い,,平31. 2. 12,ika
診療所,03,0117684,都南眼科,盛岡市永井２３地割７番地２,019-637-8805,高橋　譲,高橋　譲,眼,,平31. 4. 1,ika
診療所,03,0117692,子どもは未来もりおかこどもクリニック,盛岡市上田字松屋敷１１番地１４,019-656-1366,社会福祉法人岩手愛児会　会長　藤澤　昇,米沢　俊一,小　児童精神科,,平31. 4. 1,ika
診療所,03,0117700,みんなのクリニック,盛岡市みたけ二丁目２１番４２号,019-656-0165,医療法人宏和会　理事長　斉藤　宏之,斉藤　宏之,内,,令元. 5. 1,ika
診療所,03,0117726,まさと脳神経内科クリニック,盛岡市向中野五丁目１８番３０号,019-601-5800,金　正門,金　正門,内　脳内,,令元. 5. 22,ika
診療所,03,0117734,こずかたクリニック,盛岡市津志田南三丁目１４番８８号,019-637-1112,川口　雅一,川口　雅一,皮　形外,,令元. 5. 14,ika
診療所,03,0117742,大手先内科循環器クリニック,盛岡市本町通一丁目８番９号,019-651-2150,織笠　俊樹,織笠　俊樹,循環器内科　内科　糖尿病内科　消化器内科　呼内,,令元. 6. 1,ika
診療所,03,0117759,京野アートクリニック盛岡,盛岡市盛岡駅前通１５番５号ワールドインＧＥＮプラザ３階,019-613-4124,医療法人社団レディースクリニック京野　理事長　京野　廣一,熊谷　仁,婦　ひ,,令元. 8. 1,ika
診療所,03,0117767,ちばクリニック,盛岡市中央通三丁目１番１０号,019-605-8300,医療法人歴程　理事長　千葉　直樹,千葉　直樹,循環器内科　内,,令元. 8. 1,ika
診療所,03,0117775,大浦内科・歯科クリニック,盛岡市津志田西二丁目１３番３号,019-639-3315,医療法人泰悠会　理事長　大浦　慎之介,大浦　慎之介,内　呼内　小　アレ　歯　矯歯　小歯,,令元. 9. 1,shika
診療所,03,0117809,久喜内科・脳神経内科医院,盛岡市緑が丘三丁目２番３４号,019-662-7177,久喜　寛之,久喜　寛之,内　脳内,,令元. 9. 1,ika
診療所,03,0117833,みたけ消化器内科クリニック,盛岡市みたけ四丁目１１番４６号,019-641-8511,齊藤　慎二,齊藤　慎二,内科　肝臓・胆のう・膵臓内科　糖尿病・脂質代謝内科　胃腸内科（内視鏡）,,令元. 12. 9,ika
診療所,03,0117841,くわた脳神経外科クリニック,盛岡市北飯岡一丁目２番６８号,019-656-5636,医療法人知哉会　理事長　桑田　知之,桑田　知之,脳外　神内　外　整外　リハ,,令2. 4. 1,ika
診療所,03,0117858,もりおか心のクリニック,盛岡市本宮六丁目１番４８号,019-613-6677,医療法人ひまわり　理事長　上田　均,上田　均,精　心内,,令2. 4. 1,ika
診療所,03,0117866,村井産婦人科・小児歯科医院,盛岡市向中野八丁目８番４６号,019-636-2211,医療法人村井医院　理事長　村井　雄司,村井　正俊,一般　一般　産婦　小歯　歯　矯歯,14,令2. 6. 1,shika
診療所,03,0117932,こたに内科・甲状腺クリニック,盛岡市上厨川字横長根７６番地３,019-681-8818,小谷　康慈,小谷　康慈,内　内分泌内科,,令3. 7. 19,ika
診療所,03,0117940,玉田眼科,盛岡市仙北二丁目１番９号,019-635-8388,医療法人　明拓会　理事長　玉田　邦房,玉田　邦房,眼,,令3. 9. 15,ika
診療所,03,0117957,たかはし眼科,盛岡市本宮字小板小瀬１３番地１,019-656-3366,医療法人たかはし眼科　理事長　髙橋　俊明,髙橋　俊明,眼,,令3. 11. 1,ika
診療所,03,0117965,なかつか消化器内科クリニック,盛岡市太田五丁目１０番２７号,019-613-2727,中塚　明彦,中塚　明彦,消化器内科　内,,令3. 12. 7,ika
診療所,03,0117973,公園通りクリニック,盛岡市菜園一丁目６番１３号公園通りプラザビル２階,019-625-3008,医療法人社団愛和会　理事長　田中　英治,才川　博敬,呼内　内　アレ　整外　外　救急科,,令4. 1. 1,ika
診療所,03,0117999,盛岡北心療クリニック,盛岡市月が丘三丁目２９番２号,019-643-0321,医療法人社団　明琴会　理事長　吉田　智之,吉田　智之,心内　精,,令4. 4. 1,ika
診療所,03,0118005,ちえ内科・外科クリニック,盛岡市上田一丁目１番１９号,019-601-6615,伊藤　千絵,伊藤　千絵,内　外,,令4. 5. 18,ika
診療所,03,0118013,医療法人千藤了会　久保田医院,盛岡市大館町２６番１０号,019-646-9090,医療法人千藤了会　理事長　久保田　公宜,久保田　公宜,呼内　アレ　内　消化器内科,,令4. 6. 1,ika
診療所,03,0118021,ぱっちり眼科クリニック,盛岡市盛岡駅前通１番４４号盛岡ターミナルビルフェザン本館３階,019-624-0251,医療法人ひとみ会　理事長　菊地　泰弘,髙橋　恵里子,眼,,令4. 10. 28,ika
診療所,03,0118039,大澤クリニック,盛岡市茶畑二丁目８番３号,019-652-0038,医療法人オオサワメディカル　理事長　大澤　宏之,大澤　宏之,内　神内　脳外　整外　外　リハ　歯,,令5. 4. 1,shika
診療所,03,0118047,肴町皮フ科クリニック,盛岡市肴町５番４号肴町ビル,019-606-1122,大西　正純,大西　正純,皮,,令5. 4. 1,ika
診療所,03,0118054,盛岡ふじさわ整形外科クリニック,盛岡市本宮三丁目９番１３号,019-613-5274,藤澤　博一,藤澤　博一,整外　リウ　リハ,,令5. 5. 10,ika
診療所,03,0118062,西松園内科クリニック,盛岡市西松園三丁目２２番１号,019-662-1622,滝川　佐波子,滝川　佐波子,内　消化器内科,,令5. 6. 1,ika
診療所,03,0118070,本間内科医院,盛岡市上田二丁目２０番１３号,019-622-5970,本間　博之,本間　博之,内,,令5. 6. 1,ika
診療所,03,0118088,内科・訪問診療　夕顔瀬橋クリニック,盛岡市夕顔瀬町４番３２号,090-7071-1739,本間　博,本間　博,内,,令5. 8. 1,ika
診療所,03,0118096,たかしクリニック,盛岡市東仙北二丁目４番２８号,019-681-6731,黒田　敬,黒田　敬,内　外　整外　皮　形外,,令5. 8. 21,ika
診療所,03,0118104,医療法人菅原大通りクリニック,盛岡市大通一丁目３番４号,019-656-8037,医療法人菅原大通りクリニック　理事長　菅原　健,菅原　健,血液内科　消化器内科　呼内　循環器内科　糖尿病・脂質代謝内科　アレルギー疾患内科,,令5. 10. 1,ika
診療所,03,0118112,たにむらクリニック,盛岡市向中野二丁目４２番１０号,019-601-2990,医療法人社団たにむらクリニック　理事長　谷村　武宏,谷村　武宏,一般　一般　内　外　整外　リハ　乳腺外科　皮,12,令5. 11. 1,ika
診療所,03,0118120,畑山レディスクリニック,盛岡市三本柳２３地割６９番地１,019-613-7004,医療法人　すぐり会　理事長　畑山　寿緖,畑山　寿緖,婦,,令5. 11. 1,ika
病院,03,0118138,栃内病院,盛岡市西仙北一丁目１５番７号,019-681-3575,医療法人巖桜会　理事長　白石　秀夫,白石　秀夫,一般　一般　整外　内　外　形外　脳外　リハ　麻,90,令5. 10. 1,ika
診療所,03,0118146,松尾医院,盛岡市みたけ二丁目２１番２３号,019-681-2916,松尾　鉄平,松尾　鉄平,肛門外科　外　内,,令6. 2. 14,ika
診療所,03,0118153,駅前メンタルクリニック,盛岡市盛岡駅前通９番１０号丸善ビル４Ｆ,019-606-5378,金森　一郎,金森　一郎,精　心内　内,,令6. 4. 1,ika
診療所,03,0118161,映画館通りキザワ眼科,盛岡市菜園一丁目１２番１８号,019-613-2377,木澤　純也,木澤　純也,眼,,令6. 4. 11,ika
診療所,03,0118179,とみさわ甲状腺・乳腺と日帰り手術のクリニック盛岡,盛岡市菜園一丁目５番２３号,019-681-3652,医療法人Ｔ＆Ｂ　理事長　冨澤　勇貴,冨澤　勇貴,頸部外科　乳腺外科　内分泌外科　内分泌内科,,令6. 4. 1,ika
診療所,03,0118187,いわてスポーツ・整形外科クリニック,盛岡市向中野七丁目２２番２５号,019-681-7370,和田　知樹,和田　知樹,整外　リハ,,令6. 5. 1,ika
診療所,03,0118195,しおはたファミリークリニック,盛岡市中ノ橋通一丁目６番８号ｍｏｎａｋａ３階,019-656-7339,塩畑　健,塩畑　健,小　内,,令6. 7. 11,ika
診療所,03,0118203,とりょう腎・泌尿器科クリニック,盛岡市中ノ橋通一丁目６番８号ｍｏｎａｋａ３階,019-601-3170,松浦　朋彦,松浦　朋彦,ひ　腎臓内科　内,,令6. 7. 11,ika
診療所,03,0118211,あべ脳神経内科・物忘れクリニック,盛岡市中ノ橋通一丁目６番８号ｍｏｎａｋａ３階,019-606-3711,医療法人　あべ神経内科クリニック　理事長　阿部　隆志,阿部　隆志,脳内　内　リハ,,令6. 7. 11,ika
診療所,03,0118229,石部整形外科クリニック,盛岡市上ノ橋町１番５４号,019-601-8921,医療法人愛恵会　理事長　石部　禎,石部　頼子,整外　リハ,,令6. 10. 2,ika
診療所,03,0118237,いわて飯岡駅前内科クリニック,盛岡市永井１７地割３６番地１,019-637-1177,医療法人Ａｋａｈａｉ　理事長　小穴　修平,小穴　修平,内　消化器内科　内視鏡科　肝臓内科　糖尿病内科,,令6. 10. 1,ika
診療所,03,0118245,大日向医院,盛岡市高松二丁目９番９号,019-662-5530,医療法人社団大日向医院　理事長　大日向　玲紀,髙橋　麻依,腎臓内科（人工透析）　ひ　消化器内科　内,,令6. 10. 1,ika
診療所,03,0118252,盛岡南皮膚科クリニック,盛岡市津志田１５地割５０番地１,019-656-6825,馬場　俊右,馬場　俊右,皮　美容皮膚科,,令7. 4. 1,ika
診療所,03,0118260,つしだ糖尿病内科・眼科クリニック,盛岡市津志田１５地割５０番地１,019-681-8541,長澤　幹,長澤　幹,糖尿病内科　内　眼,,令7. 4. 1,ika
診療所,03,0118278,エールクリニック盛岡,盛岡市中ノ橋通１丁目４－２０水晶堂ビル５階,019-658-8282,菊地　大輝,菊地　大輝,乳腺外科　肛門外科　内分泌内科　漢方内科　外　美容皮膚科,,令7. 4. 3,ika
診療所,03,0118286,こずかた南眼科,盛岡市津志田町２丁目３番６４号,019-613-5420,江川　勲,江川　勲,眼,,令7. 4. 1,ika
診療所,03,0118302,盛岡おおうら脳神経内科クリニック,盛岡市青山三丁目２７番５号,019-613-8007,大浦　一雅,大浦　一雅,脳内　内,,令7. 5. 1,ika
診療所,03,0118310,盛南整形外科スポーツ＆リハビリテーション,盛岡市永井２４地割３番地１,019-613-7171,菅原　敦,菅原　敦,整外　リウ　リハ,,令7. 5. 1,ika
診療所,03,0118328,くぼ脳神経外科・頭痛クリニック,盛岡市津志田１６－１７－２,019-639-0123,久保　慶高,久保　慶高,脳外　リハ　整外,,令7. 4. 1,ika
診療所,03,0118336,訪問診療クリニックみるまえ,盛岡市西見前１３地割１７４,019-681-7440,特定非営利活動法人豊心会　理事長　直島　昌代,直島　君成,内　外,,令7. 6. 1,ika
診療所,03,0118344,さいとう小児科クリニック,盛岡市月が丘二丁目２番６０号,019-643-7171,医療法人拓帆会　理事長　齋藤　明宏,齋藤　明宏,小,,令7. 5. 1,ika
診療所,03,0118351,小坂消化器内科クリニック,盛岡市永井２４地割３番地７,019-605-6050,医療法人七星会　理事長　小坂　崇,小坂　崇,内　消化器内科　内視鏡内科,,令7. 5. 1,ika
診療所,03,0118369,茶畑内科消化器内科クリニック,盛岡市茶畑一丁目８番２号,019-613-3107,医療法人茶畑内科消化器内科クリニック　理事長　安孫子　幸人,安孫子　幸人,内　消化器内科,,令7. 6. 1,ika
診療所,03,0118377,もりおか腎・透析クリニック,盛岡市新庄町２番１２号,019-656-7781,玉山　慶彦,玉山　慶彦,透析　腎臓内科　リウ,,令7. 8. 1,ika
診療所,03,0118385,赤坂医院,盛岡市名須川町２７番３８号,019-624-1225,社団医療法人白輪会　理事長　赤坂　理三郎,赤坂　俊太郎,一般　一般　ひ　皮　内　消化器内科　胃腸内科,19,令7. 8. 1,ika
診療所,03,0118393,おやまだ眼科,盛岡市みたけ二丁目２１番２４号,019-681-2755,小山田　紘,小山田　紘,眼,,令7. 10. 1,ika
診療所,03,0118401,向中野あらかわ皮フ科,盛岡市向中野五丁目２９番１号,019-601-5367,荒川　伸之,荒川　伸之,皮　小児皮膚科　美容皮膚科,,令7. 10. 29,ika
診療所,03,0118419,医療法人修信会　江藤整形外科医院,盛岡市北天昌寺町７番３５号,019-646-5811,医療法人修信会　理事長　江藤　修,江藤　修,整外,,令7. 10. 1,ika
診療所,03,0118427,かなざわ内科クリニック,盛岡市上堂一丁目１８番２４号,019-647-3057,医療法人一源会　理事長　金澤　格,金澤　格,一般　一般　内　呼内　アレ,2,令7. 11. 1,ika
診療所,03,0118435,盛岡こもれびメンタルクリニック,盛岡市盛岡駅前通１４番９号　平戸屋ビル４階Ｂ号室,019-681-3800,冨沢　秀光,冨沢　秀光,心内　精,,令8. 2. 1,ika
診療所,03,0118443,いしわりホームケアクリニック,盛岡市本町通三丁目１番１号ＳＴマンション１階,019-613-6678,医療法人誠心会　理事長　中村　彰吾,中村　彰吾,内　精　緩和ケア内科　麻,,令7. 12. 1,ika
診療所,03,0118450,おおどおり鎌田内科クリニック,盛岡市大通二丁目５番１２号,019-606-5161,医療法人健貢会　理事長　鎌田　潤也,鎌田　潤也,内　循環器内科　呼内,,令8. 2. 13,ika
診療所,03,0118468,岩手医科大学附属内丸メディカルセンター,盛岡市中央通一丁目２番１号,019-613-6111,学校法人岩手医科大学　理事長　祖父江　憲治,千葉　俊美,内　婦　歯　矯歯　小歯　歯外,,令8. 4. 1,shika
診療所,03,0118476,循環器内科　金矢クリニック,盛岡市津志田中央三丁目７番７号,019-601-2900,医療法人金矢　理事長　金矢　宣紀,金矢　宣紀,循環器内科　内,,令8. 4. 1,ika
診療所,03,0118484,工藤内科ハートクリニック,盛岡市肴町６番６号熊長ビル２Ｆ,019-653-6811,工藤　真大,工藤　真大,内,,令8. 7. 1,ika
病院,03,0210232,宮古山口病院,宮古市山口五丁目３番２０号,0193-62-3945,社団医療法人新和会　理事長　及川　穣,及川　暁,精神　精神　精　内　脳外　脳内　歯,330,昭45. 2. 10,shika
診療所,03,0210299,岩手県立宮古病院附属重茂診療所,宮古市重茂第１地割３７番地の１,0193-68-2117,岩手県　代表者　県立病院等事業管理者　医療局長　吉田　陽悦,佐藤　一,内　外,,昭46. 12. 1,ika
病院,03,0210505,宮古第一病院,宮古市保久田８番３７号,0193-62-3737,医療法人社団弘慈会　理事長　加藤　玲子,松井　正之,療養　療養　内　眼　リハ　歯　消化器内科　脳外　脳内,148,昭60. 7. 1,shika
診療所,03,0210539,山下眼科医院,宮古市栄町１番１４号,0193-63-7080,医療法人　山下眼科医院　理事長　山下　博,山下　博,一般　一般　眼,6,平元. 8. 1,ika
診療所,03,0210547,関根内科小児科,宮古市大通四丁目２番２１号,0193-62-2360,関根　英雄,関根　英雄,内　小,,平元. 9. 6,ika
診療所,03,0210554,岩間耳鼻咽喉科医院,宮古市西町二丁目２番３号,0193-63-4100,岩間　充,岩間　充,耳い,,平2. 1. 4,ika
診療所,03,0210562,伊東産婦人科医院,宮古市田の神一丁目３番７号,0193-64-4833,伊東　邦郎,伊東　邦郎,一般　産婦,,平4. 4. 1,ika
病院,03,0210588,岩手県立宮古病院,宮古市崎鍬ケ崎第１地割１１番地２６,0193-62-4011,岩手県　代表者　県立病院等事業管理者　医療局長　吉田　陽悦,佐藤　一,一般　一般　一般（感染）　感染　結核　内　精　小　外　整外　脳外　皮　ひ　産婦　眼　耳い　放　心外　リハ　麻　形外　呼内　脳内　消化器内科　循環器内科,233,平4. 6. 1,ika
診療所,03,0210596,林整形外科内科医院,宮古市西町三丁目３番７号,0193-64-6400,林　節,林　節,整外　リハ　リウ　内,,平5. 6. 1,ika
診療所,03,0210604,松井内科医院,宮古市新町４番３１号,0193-63-8500,松井　忠宣,松井　忠宣,内,,平5. 6. 1,ika
診療所,03,0210638,岩見神経内科医院,宮古市大通一丁目５番２号,0193-71-1500,岩見　億丈,岩見　億丈,神内　内,,平10. 8. 1,ika
診療所,03,0210646,豊島医院,宮古市和見町８番３０号,0193-62-2515,医療法人豊島医院　理事長　豊島　秀浩,豊島　秀浩,外　小,,平10. 9. 1,ika
診療所,03,0210653,川原田小児科医院,宮古市小山田二丁目７番７２号,0193-64-4845,川原田　隆司,川原田　隆司,内　小　アレ,,平12. 7. 15,ika
診療所,03,0210661,松井産婦人科医院,宮古市新町３番１１号,0193-62-1617,松井　正之,松井　正之,産婦,,平15. 6. 21,ika
診療所,03,0210679,大久保・熊坂内科医院,宮古市和見町１０番３１号,0193-63-8123,医療法人双熊会　理事長　大久保　仁,大久保　仁,内　糖尿病内科,,平16. 1. 1,ika
診療所,03,0210695,佐藤雅夫クリニック,宮古市保久田４番７号,0193-64-7310,佐藤　雅夫,佐藤　雅夫,消化器内科　内　外　こう　リハ,,平16. 7. 20,ika
診療所,03,0210703,さかもと眼科クリニック,宮古市向町４番４１号,0193-64-2301,坂本　真栄,坂本　真栄,一般　一般　眼,12,平17. 1. 4,ika
診療所,03,0210737,宮古市国民健康保険新里診療所,宮古市茂市第１地割１１６番地９,0193-72-2016,宮古市長　中村　尚道,盛合　直樹,内　歯,,平5. 4. 1,shika
診療所,03,0210760,おかだ外科内科クリニック,宮古市実田二丁目５番１０号,0193-71-2622,医療法人おかだ外科内科クリニック　理事長　岡田　伸之,岡田　伸之,外　内　心外　皮　こう　麻,,平20. 4. 1,ika
診療所,03,0210786,奥脳神経外科クリニック,宮古市保久田３番１０号,0193-63-7222,奥　達也,奥　達也,脳外　内　リハ,,平20. 6. 10,ika
診療所,03,0210802,宮古市国民健康保険川井診療所,宮古市川井第２地割１６９番地５,0193-76-2015,宮古市長　中村　尚道,河合　誠司,内,,平19. 6. 1,ika
診療所,03,0210810,おおうち消化器内科クリニック,宮古市舘合町１番８号,0193-71-1811,医療法人おおうちクリニック　理事長　大内　健,大内　健,消化器内科　内,,平25. 3. 1,ika
診療所,03,0210828,宮古市休日急患診療所,宮古市西町一丁目６番２号,0193-64-0113,宮古市長　中村　尚道,林　節,内　外,,平25. 7. 1,ika
診療所,03,0210836,宮古市国民健康保険田老診療所,宮古市田老三王一丁目１番３号,0193-65-7071,岩手県　宮古市　宮古市長　中村　尚道,橋本　祥弘,内,,平28. 8. 1,ika
診療所,03,0210844,木澤内科・脳神経内科クリニック,宮古市栄町２番５号カリヤビル５階,0193-65-7700,木澤　英樹,木澤　英樹,脳神経内科　内,,令元. 6. 1,ika
診療所,03,0210851,金沢内科医院,宮古市磯鶏沖１５番２０号,0193-63-6611,金澤　太茂,金澤　太茂,消化器内科　循環器内科,,令2. 3. 1,ika
診療所,03,0210869,木澤医院,宮古市津軽石５地割８０番地１２,0193-67-2212,木澤　哲也,木澤　哲也,内,,令3. 2. 1,ika
診療所,03,0210877,ふじたファミリークリニック,宮古市向町２番３０号,0193-65-8211,藤田　敦,藤田　敦,内　消化器内科,,令3. 4. 22,ika
診療所,03,0210885,やすみ整形外科クリニック,宮古市黒田町７番１０号,0193-65-7766,安見　雄司,安見　雄司,整外　リハ,,令4. 11. 1,ika
診療所,03,0210893,みやこ後藤医院,宮古市大通一丁目３番２４号,0193-62-3630,医療法人社団こうぶん会　理事長　後藤　康樹,後藤　康樹,一般　一般　ひ　皮　外　放　循環器内科,19,令6. 4. 1,ika
病院,03,0210919,みなとホスピタル,宮古市根市第２地割３５番２,0193-62-7021,医療法人財団正清会　理事長　三浦　正之,三浦　正之,精神　精神　精　内　麻,152,令7. 6. 1,ika
診療所,03,0310396,山崎内科医院,大船渡市盛町字内ノ目７番地２０,0192-26-4448,山崎　一郎,山崎　一郎,内　神内　呼　消　循,,昭56. 1. 1,ika
診療所,03,0310461,鳥羽整形外科医院,大船渡市盛町字舘下４番地１８,0192-27-1280,医療法人盛紀会　理事長　鳥羽　有,鳥羽　有,整外　リハ　リウ,,平3. 5. 1,ika
診療所,03,0310487,地ノ森クリニック,大船渡市大船渡町字山馬越１８８番地,0192-27-1721,医療法人勝久会　理事長　阿南　陽二,神澤　太一,一般　透析　内　外　ひ,,平3. 8. 1,ika
診療所,03,0310511,医療法人きくた,大船渡市大船渡町字明神前１１番地１,0192-26-4075,医療法人きくた　理事長　菊田　裕,菊田　裕,外　ひ　内　皮,,平4. 5. 1,ika
病院,03,0310537,岩手県立大船渡病院,大船渡市大船渡町字山馬越１０番地１,0192-26-1111,岩手県　代表者　県立病院等事業管理者　医療局長　吉田　陽悦,星田　徹,一般　一般　一般（感染）　感染　結核　精神　精神　内　精　小　外　整外　脳外　皮　ひ　産婦　眼　耳い　放　麻　リハ　病理　血液内科　消化器内科　循環器内科　呼内　脳内　児童精神科　救急科　形外,389,平7. 2. 1,ika
診療所,03,0310594,菊池医院,大船渡市大船渡町字山馬越１８３番地５,0192-21-1620,医療法人けやき会　理事長　菊池　洋,菊池　洋,内　リハ,,平12. 1. 1,ika
診療所,03,0310602,飯塚眼科医院,大船渡市盛町字東町５番地５,0192-21-3012,医療法人飯塚眼科医院　理事長　飯塚　和彦,飯塚　和彦,眼,,平13. 3. 1,ika
診療所,03,0310610,山浦医院,大船渡市盛町字内ノ目２番地４,0192-26-3121,医療法人隆玄　理事長　山浦　玄悟,山浦　玄悟,内　呼　消　循　外　放,,平13. 9. 1,ika
診療所,03,0310628,大船渡市国民健康保険越喜来診療所,大船渡市三陸町越喜来字所通２６番地１,0192-44-2103,大船渡市長　渕上　清,渡邊　周永,小　内,,昭32. 8. 1,ika
診療所,03,0310636,大船渡市国民健康保険綾里診療所,大船渡市三陸町綾里字平舘７５番地２,0192-42-2131,大船渡市長　渕上　清,佐々木　道夫,内,,平元. 4. 1,ika
診療所,03,0310644,大船渡市国民健康保険吉浜診療所,大船渡市三陸町吉浜字上野９３番地１,0192-45-2007,大船渡市長　渕上　清,佐々木　道夫,内,,平10. 4. 1,ika
診療所,03,0310677,えんどう消化器科内科クリニック,大船渡市猪川町字中井沢７番地２,0192-21-1555,遠藤　稔弥,遠藤　稔弥,内　消化器内科,,平15. 7. 1,ika
診療所,03,0310743,及川皮膚科クリニック,大船渡市猪川町字中井沢１０番地１０,0192-21-1227,医療法人おいかわ　理事長　及川　東士,及川　東士,皮,,平19. 2. 1,ika
診療所,03,0310750,いとう耳鼻咽喉科クリニック,大船渡市猪川町字中井沢７番地７,0192-21-1333,医療法人いとう耳鼻咽喉科クリニック　理事長　伊藤　俊也,伊藤　俊也,耳い　アレ,,平21. 4. 1,ika
診療所,03,0310776,岩渕内科医院,大船渡市大船渡町字新田４９番地４号,0192-26-5355,岩渕　正之,岩渕　正之,内　ひ,,平22. 12. 2,ika
診療所,03,0310784,滝田医院,大船渡市末崎町字平林７５番地１,0192-29-3108,滝田　有,滝田　有,内　呼　消　循,,平23. 11. 1,ika
診療所,03,0310834,石倉クリニック,大船渡市大船渡町字地ノ森４３番地９,0192-21-2525,石倉　功一,石倉　功一,内　ひ　皮,,平29. 2. 1,ika
診療所,03,0310842,ちば内科診療所,大船渡市猪川町字前田１０番地９,0192-22-8990,千葉　誠,千葉　誠,循環器内科　内　老年内科　脳卒中内科　リハ　アレ　精,,令2. 4. 30,ika
診療所,03,0310867,大津小児科ファミリークリニック,大船渡市盛町字東町１１番１１号,0192-27-2673,大津　修,大津　修,小　内,,令4. 7. 1,ika
診療所,03,0310875,うのうらクリニック,大船渡市立根町字中野４０番地５,0192-21-3636,医療法人天佑　理事長　鵜浦　哲朗,鵜浦　哲朗,内　呼内,,令6. 10. 1,ika
診療所,03,0510755,三浦医院,花巻市若葉町二丁目５番２１号,0198-23-2711,三浦　良雄,三浦　良雄,整外　形外　皮,,昭60. 8. 28,ika
診療所,03,0510789,ゆかわ脳外科,花巻市西大通り二丁目２番１０号,0198-24-2960,医療法人梟栄会　理事長　湯川　宏胤,湯川　宏胤,脳外　神内　リハ　外,,昭62. 6. 1,ika
診療所,03,0510805,川嶋医院,花巻市鍛治町１２番５号,0198-23-5641,社団医療法人　川嶋小児科医院　理事長　川嶋　治,川嶋　治,小　内,,平元. 7. 1,ika
診療所,03,0510847,医療法人工藤医院,花巻市一日市２番２７号,0198-23-2715,医療法人工藤医院　理事長　ヤマダ　ゆりか,間瀬　徳光,一般　産婦,,平4. 6. 1,ika
診療所,03,0510912,さいき整形外科医院,花巻市星が丘二丁目１６番８号,0198-22-5120,医療法人温心会　理事長　斉木　茂温,斉木　茂温,整外　形外　リハ,,平6. 5. 1,ika
診療所,03,0510920,ゆうきクリニック,花巻市星が丘二丁目２６番１号,0198-23-3627,小木田　勇輝,小木田　勇輝,内　精　神内　心内　アレ,,平7. 3. 16,ika
診療所,03,0510987,はじめこどもクリニック,花巻市若葉町一丁目２番３３号,0198-22-0822,高橋　肇,高橋　肇,小　アレ,,平9. 11. 1,ika
診療所,03,0511001,藤巻胃腸科内科クリニック,花巻市高木第１５地割１６番地１,0198-23-0051,医療法人　英風会　理事長　藤巻　英二,藤巻　英二,胃腸内科　内,,平10. 3. 1,ika
診療所,03,0511019,社団医療法人ひとみ会　花巻中央眼科,花巻市西大通り二丁目１番１０号,0198-41-2700,社団医療法人ひとみ会　理事長　高橋　和博,高橋　和博,一般　眼,,平10. 11. 18,ika
診療所,03,0511027,中舘内科クリニック,花巻市不動町二丁目１番地４,0198-41-1515,中舘　一郎,中舘　一郎,内　消,,平10. 12. 8,ika
診療所,03,0511050,小瀬川皮膚科医院,花巻市大通り一丁目１６番２８号,0198-41-2100,小瀬川　玄,小瀬川　玄,皮,,平11. 5. 1,ika
診療所,03,0511068,医療法人社団　白井眼科クリニック,花巻市材木町６番３号,0198-24-2003,医療法人社団白井眼科クリニック　理事長　白井　淳一,白井　淳一,眼,,平12. 4. 1,ika
診療所,03,0511076,まきた内科ハートクリニック,花巻市西大通り二丁目１１番８号,0198-23-0211,医療法人真心会　理事長　蒔田　真司,蒔田　真司,内　呼内　循環器内科　血管内科,,平12. 10. 1,ika
診療所,03,0511100,熊谷内科胃腸科医院,花巻市若葉町三丁目１番７号,0198-22-1234,熊谷　和久,熊谷　和久,内　消　循　呼,,平13. 7. 1,ika
診療所,03,0511142,高木丘クリニック,花巻市高木第１８地割６１番地２,0198-22-0103,佐藤　寧,佐藤　寧,外　内　消　循　心外　こう,,平15. 6. 1,ika
診療所,03,0511159,ちば心療内科クリニック,花巻市諏訪町二丁目１番１６,0198-22-1322,千葉　達雄,千葉　達雄,心内　精　神内　内,,平15. 10. 1,ika
診療所,03,0511175,ささき眼科,花巻市桜台二丁目１３番４号,0198-22-1144,佐々木　雄一,佐々木　雄一,眼,,平15. 11. 1,ika
診療所,03,0511209,髙山整形外科クリニック,花巻市下小舟渡５５番１０号,0198-23-5757,髙山　肇,髙山　肇,整外　リウ,,平16. 8. 1,ika
診療所,03,0511225,西大通り耳鼻咽喉科医院,花巻市西大通り一丁目３０番９号,0198-21-1133,医療法人こたろう会　理事長　鈴木　利久,鈴木　利久,耳い,,平17. 8. 1,ika
診療所,03,0511233,ＫＵＢＯクリニック,花巻市御田屋町１番６９号,0198-21-1103,医療法人愛心会　理事長　久保　智秀,久保　智秀,一般　一般　婦,6,平17. 8. 1,ika
診療所,03,0511241,すがさわ外科内科クリニック,花巻市二枚橋第６地割４４０番地１,0198-26-5666,医療法人はるひこ会　理事長　菅澤　治彦,菅澤　治彦,外　内　呼　消　整外　皮　リハ　麻　アレ,,平17. 9. 1,ika
病院,03,0511308,宝陽病院,花巻市石鳥谷町新堀第１５地割２３番地,0198-45-6500,社団医療法人啓愛会　理事等　井筒　大人,荒木　慶彦,一般　一般　療養　療養　内　外　整外　皮　小　眼　ひ　リハ,157,昭57. 11. 6,ika
病院,03,0511365,岩手県立東和病院,花巻市東和町安俵６区７５番地１,0198-42-2211,岩手県　代表者　県立病院等事業管理者　医療局長　吉田　陽悦,赤坂　俊樹,一般　一般　内　消化器内科　外　リハ,68,平7. 9. 1,ika
診療所,03,0511373,晴山医院,花巻市東和町東晴山８区２７番地,0198-44-2325,楊　恵珠,楊　恵珠,内,,平10. 1. 1,ika
診療所,03,0511381,織笠内科医院,花巻市東和町土沢８区３３２番地,0198-42-2515,医療法人　恭栄会　理事長　織笠　長俊,織笠　長俊,内　小　リハ,,平16. 9. 1,ika
診療所,03,0511407,菊地内科クリニック,花巻市浅沢８３番地３,0198-22-5900,医療法人菊地内科クリニック　理事長　菊地　邦彦,菊地　邦彦,呼　アレ　循　内,,平18. 3. 1,ika
診療所,03,0511415,いしどりや眼科,花巻市石鳥谷町好地第６地割１番地,0198-45-6110,医療法人いしどりや眼科　理事長　玉木　光子,玉木　光子,眼,,平18. 4. 1,ika
診療所,03,0511423,石鳥谷駅前クリニック,花巻市石鳥谷町好地第７地割２０９番地２,0198-46-2621,髙橋　仁志,髙橋　仁志,内　外　整外　小,,平18. 11. 1,ika
診療所,03,0511431,須田内科医院,花巻市円万寺字下中野４６番４,0198-38-1121,須田　健,須田　健,内　循環器内科　呼内　リハ,,平18. 12. 1,ika
診療所,03,0511449,ささきクリニック,花巻市中北万丁目８３６番,0198-22-4116,医療法人社団光寿会　理事長　佐々木　盛光,佐々木　盛光,外　こう　胃　内　麻　ペインクリニック,,平19. 2. 1,ika
診療所,03,0511456,岩手県立中央病院附属大迫地域診療センター,花巻市大迫町大迫第１３地割２０番地１,0198-48-2211,岩手県　代表者　県立病院等事業管理者　医療局長　吉田　陽悦,大橋　一輝,一般　一般　内　外,19,平19. 4. 1,ika
診療所,03,0511480,循環器科・内科大平医院,花巻市鍛治町７番１２号,0198-23-5015,医療法人新輝会　理事長　大平　和輝,大平　和輝,循環器内科　内,,平19. 4. 1,ika
診療所,03,0511498,金子整形外科医院,花巻市石鳥谷町八幡第３地割７６番地５,0198-46-2233,金子　洋,金子　洋,整外　外　リウ　リハ,,平19. 6. 5,ika
診療所,03,0511514,恵ライフクリニック,花巻市太田第５１地割２２１番地,0198-39-1133,医療法人ありむ会　理事長　髙田　恵一,髙田　恵一,内　リハ,,平19. 8. 17,ika
診療所,03,0511555,花巻市石鳥谷医療センター,花巻市石鳥谷町八幡第５地割４７番地２,0198-45-3111,指定管理者　医療法人中庸会　理事長　似内　郊雄,似内　郊雄,一般　一般　内　外　呼内　整外　皮　リウ　脳外　リハ,19,平20. 4. 1,ika
診療所,03,0511563,とみつか脳神経外科クリニック,花巻市御田屋町１－４１,0198-23-2100,医療法人報恩会　とみつか脳神経外科クリニック　理事長　冨塚　信彦,冨塚　信彦,脳外　神内　リハ　内　外,,平21. 4. 1,ika
診療所,03,0511597,医療法人　慎仁会　さとう消化器科内科クリニック,花巻市石鳥谷町好地第１６地割９番地５,0198-45-5111,医療法人慎仁会　理事長　佐藤　慎一郎,佐藤　慎一郎,消　内,,平22. 4. 1,ika
診療所,03,0511605,たきの内科・循環器科クリニック,花巻市大通り一丁目１０番３０号,0198-21-4511,医療法人多喜乃　理事長　多喜乃　俊雄,多喜乃　俊雄,内　呼内　循環器内科,,平22. 8. 1,ika
診療所,03,0511621,医療法人社団徳心会花城循環器クリニック,花巻市花城町１４２番地５,0198-21-3118,医療法人社団徳心会　理事長　戸塚　英徳,戸塚　英徳,内　循,,平23. 4. 1,ika
診療所,03,0511639,医療法人　星が丘瀬川皮膚科クリニック,花巻市星が丘一丁目８番１４号,0198-23-3858,医療法人星が丘瀬川皮膚科クリニック　理事長　瀬川　郁雄,瀬川　郁雄,皮,,平23. 10. 1,ika
診療所,03,0511647,照井内科消化器科医院,花巻市四日町三丁目５番８号,0198-23-6100,照井　虎彦,照井　虎彦,内　呼　消　循,,平24. 1. 1,ika
診療所,03,0511654,小原クリニック,花巻市西大通り二丁目２２番１５号,0198-22-3833,医療法人小原クリニック　理事長　小原　紀彰,小原　紀彰,内　ひ　透析,,平24. 3. 1,ika
診療所,03,0511662,こどもみらいクリニック,花巻市花城町１２番１４号花城さくらマンション１Ｆ,0198-29-5666,松尾　毅,松尾　毅,小,,平26. 4. 4,ika
診療所,03,0511696,おばら内科・消化器内科クリニック,花巻市仲町５番８号,0198-41-3669,医療法人　啓悠会　理事長　小原　啓彦,小原　啓彦,内　消化器内科,,平28. 9. 1,ika
診療所,03,0511712,さとう内科クリニック,花巻市御田屋町４番２８号,0198-21-1511,医療法人佐藤医院　理事長　佐藤　彰宏,佐藤　彰宏,内　消化器内科　胃腸内科,,平29. 8. 1,ika
診療所,03,0511720,さとう整形外科クリニック,花巻市御田屋町４番２７号,0198-21-2200,医療法人　孝和会　理事長　佐藤　和宏,佐藤　和宏,整外　リウ　リハ,,平29. 8. 1,ika
病院,03,0511738,もとだて病院,花巻市東宮野目第１３地割１番地１,0198-23-5131,医療法人ほがらか会　理事長　髙橋　典克,髙橋　典克,精神　精神　精　心内　内,144,平30. 5. 1,ika
診療所,03,0511746,銀河クリニック,花巻市花城町１２番１１号,0198-22-6000,医療法人社団ほしぞら　理事長　牧野　賢二,牧野　賢二,心内　内　精,,令2. 3. 1,ika
診療所,03,0511761,吉田整形外科医院,花巻市西大通り一丁目５番１１号,0198-22-2151,吉田　幹生,吉田　幹生,整外　リウ　リハ,,令2. 5. 15,ika
診療所,03,0511779,ちば眼科クリニック,花巻市上小舟渡１３４番地１,0198-41-3755,千葉　真生,千葉　真生,眼,,令2. 5. 22,ika
診療所,03,0511811,齋藤整形外科クリニック,花巻市西宮野目第６地割１６７番地１,0198-29-6010,医療法人社団斎藤整形外科医院　理事長　齋藤　良輔,齋藤　良輔,整外　リハ　リウ　麻,,令4. 8. 1,ika
診療所,03,0511829,星が丘おおうち整形外科クリニック,花巻市星が丘一丁目２０番１１号,0198-41-3301,医療法人白翔会　理事長　大内　修二,大内　修二,整外　リウ　リハ,,令6. 10. 1,ika
診療所,03,0511837,花巻まつぞの内科循環器内科クリニック,花巻市松園町一丁目１２番４８号,0198-29-6567,佐藤　嘉洋,佐藤　嘉洋,循環器内科　内,,令7. 3. 21,ika
病院,03,0511845,総合花巻病院,花巻市御田屋町４番５６号,019-823-3311,公益社団法人花巻共立会　代表理事　佐藤　正俊,槍澤　公明,一般　一般　整外　内　循環器内科　呼内　消化器内科　外　ひ　耳い　婦　リハ　放　麻　脳内,198,令7. 4. 1,ika
病院,03,0610217,花北病院,北上市村崎野１６地割８９番地１,0197-66-2311,社会医療法人花北病院　理事長　林　義智,齊藤　悦郎,精神　精神　精　脳内　内,124,昭41. 4. 1,ika
診療所,03,0610639,医療法人　斎藤産婦人科医院,北上市諏訪町二丁目６番３７号,0197-64-2136,医療法人　斎藤産婦人科医院　理事長　斎藤　こづえ,斎藤　こづえ,一般　産　婦,,平元. 7. 1,ika
診療所,03,0610662,北上整形外科クリニック,北上市諏訪町二丁目６番４１号,0197-65-3441,医療法人藤仁会　理事長　笹治　達郎,笹治　達郎,整外　リハ　リウ,,平2. 4. 1,ika
診療所,03,0610688,前田皮膚科クリニック,北上市新穀町二丁目１番１７号,0197-64-0770,医療法人前田皮膚科クリニック　理事長　前田　文彦,前田　文彦,皮　形外,,平2. 9. 1,ika
診療所,03,0610696,大内整形外科医院,北上市本通り四丁目１２番１０号,0197-63-7230,医療法人恵修会　理事長　大内　怜次郎,大内　怜次郎,整外　リウ　形外　外　内,,平2. 9. 1,ika
診療所,03,0610829,鈴木眼科北上,北上市大通り四丁目３番６号,0197-65-1771,鈴木　俊明,鈴木　俊明,眼,,平3. 8. 19,ika
診療所,03,0610845,松浦脳神経外科,北上市常盤台一丁目２１番１０号,0197-65-2332,医療法人ときわ　理事長　松浦　秀樹,松浦　秀樹,脳外　整外　外,,平3. 12. 1,ika
診療所,03,0610852,医療法人　黄木医院,北上市上江釣子１５地割６０番地２,0197-77-2211,医療法人黄木医院　理事長　黄木　天輝,黄木　天輝,消　呼　胃　循　小　内,,平3. 12. 1,ika
診療所,03,0610878,室岡医院,北上市大通り三丁目５番６号,0197-63-3311,医療法人室岡整形外科医院　理事長　室岡　雅子,室岡　雅子,老年内科　循環器内科　内　整外,,平4. 12. 1,ika
診療所,03,0611009,根本小児科医院,北上市芳町６番５号,0197-63-4687,根本　薫,根本　薫,小,,平7. 1. 1,ika
診療所,03,0611041,ささもり耳鼻咽喉科医院,北上市柳原町三丁目１１番１６号,0197-64-6644,笹森　史朗,笹森　史朗,耳い,,平8. 8. 2,ika
診療所,03,0611074,菅整形外科医院,北上市上江釣子１６地割５１番地２,0197-77-5110,菅　義行,菅　義行,整外　リハ　リウ　外,,平8. 11. 1,ika
診療所,03,0611082,中島医院,北上市中野町三丁目２番８号,0197-65-6151,中島　玲,中島　玲,内　呼　循,,平9. 5. 20,ika
診療所,03,0611108,小豆嶋胃腸科内科クリニック,北上市本通り四丁目１３番６号,0197-65-6006,医療法人慶正会　理事長　小豆嶋　正博,小豆嶋　正博,消　内,,平9. 6. 1,ika
診療所,03,0611116,いしかわ内科クリニック,北上市大堤南一丁目１番２５号,0197-67-2288,石川　浩,石川　浩,内　呼内　アレ　糖尿病内科,,平10. 5. 21,ika
診療所,03,0611132,千田クリニック,北上市大堤北一丁目５番８号,0197-71-2455,千田　雅美,千田　雅美,外　内　胃　こう　小　皮,,平11. 5. 1,ika
診療所,03,0611157,日高見中央クリニック,北上市北鬼柳２２地割４６番地,0197-61-0888,医療法人社団敬和会　理事長　小池　裕之,岡本　秀樹,内　呼　循　ひ　リハ,,平12. 1. 1,ika
診療所,03,0611215,医療法人優親会及川脳神経内科クリニック,北上市立花１０地割２８番地１,0197-65-3811,医療法人優親会　理事長　及川　博隆,及川　博隆,脳神経内科　内　小　老年内科,,平14. 1. 1,ika
診療所,03,0611298,北上駅前さいとう心療内科医院,北上市大通り一丁目３番１号北上開発ビル　おでんせプラザ「ぐろーぶ」４階,0197-61-4820,齊藤　潔,齊藤　潔,精　心内,,平15. 4. 1,ika
診療所,03,0611314,いとう内科胃腸科医院,北上市大通り三丁目１番９号,0197-64-1795,伊藤　信彦,伊藤　信彦,胃腸科内科　内　消　胃腸科,,平15. 6. 18,ika
診療所,03,0611348,すがい胃腸科内科クリニック,北上市上江釣子７地割９８番地１,,医療法人祐恭会　理事長　菅井　俊,菅井　俊,胃　内,,平15. 8. 1,ika
診療所,03,0611389,医療法人都鳥会とどり小児科医院,北上市大通り四丁目３番５号,0197-64-1603,医療法人　都鳥会　理事長　都鳥　和理,都鳥　和理,小　アレ,,平16. 8. 1,ika
診療所,03,0611405,医療法人社団　博紳会　たまだ江釣子クリニック,北上市上江釣子１６地割１２９番地１,0197-77-5656,医療法人社団　博紳会　たまだ江釣子クリニック　理事長　玉田　博志,玉田　博志,ひ　内,,平16. 9. 1,ika
診療所,03,0611421,ひらのこどもクリニック,北上市上江釣子１７地割２１９番地１,0197-71-5800,平野　浩次,平野　浩次,小　アレ,,平17. 4. 18,ika
診療所,03,0611439,藤田眼科医院,北上市上江釣子１７地割２０４番地,0197-71-5222,藤田　聡,藤田　聡,眼,,平17. 4. 20,ika
診療所,03,0611462,さくらの内科クリニック,北上市大曲町７番２０号,0197-61-5060,成ケ澤　靖,成ケ澤　靖,内,,平18. 4. 3,ika
診療所,03,0611496,きたかみ腎クリニック,北上市柳原町四丁目１５番９号,0197-61-5700,医療法人きたかみ腎クリニック　理事長　榎本　純也,榎本　純也,一般　一般　腎臓内科　総合内科　ひ,7,平19. 3. 1,ika
診療所,03,0611504,大内眼科クリニック,北上市柳原町四丁目１７番３９号,0197-64-0100,医療法人大内眼科クリニック　理事長　大内　哲也,大内　哲也,眼,,平19. 3. 1,ika
診療所,03,0611512,かさい睡眠呼吸器クリニック,北上市堤ケ丘一丁目９番３２号,0197-61-6590,医療法人社団北良会　理事長　笠井　良彦,笠井　良彦,一般　一般　呼　内　アレ,4,平19. 4. 1,ika
診療所,03,0611538,いわぶち脳神経クリニック,北上市さくら通り二丁目２番２５号,0197-65-3661,医療法人至仁　いわぶち脳神経クリニック　理事長　岩淵　崇,岩淵　崇,脳外　神内　リハ,,平21. 4. 1,ika
病院,03,0611546,岩手県立中部病院,北上市村崎野１７地割１０番地,0197-71-1511,岩手県代表者　県立病院等事業管理者　医療局長　吉田　陽悦,川村　英伸,一般　一般　結核　内科　脳神経内科　腎臓内科　精　小　外科　頭頸部外科　整外　形外　脳外　呼外　皮　ひ　産婦　眼　耳い　リハ　放　麻　心内　呼内　消化器内科　消化器外科　循環器内科　血液内科　腫瘍内科　糖尿病代謝内科　乳腺外科　病理　児童精神科,414,平21. 4. 1,ika
診療所,03,0611553,ちとせ医院,北上市大通り２丁目１番２２号,0197-63-3780,医療法人ちとせ医院　理事長　菊池　ちとせ,菊池　ちとせ,内,,平21. 4. 1,ika
診療所,03,0611561,医療法人萩笙会柴田医院,北上市新穀町一丁目６番１０号,0197-61-5130,医療法人萩笙会　理事長　柴田　雅士,柴田　雅士,内　呼　循,,平21. 4. 1,ika
診療所,03,0611579,立正堂医院,北上市相去町西野３２番地１,0197-67-2708,医療法人社団立正堂医院　理事長　及川　量平,及川　浩平,内　循　歯,,平21. 10. 13,shika
診療所,03,0611603,茂木内科医院,北上市本通り一丁目７番１２号,0197-61-0222,医療法人十全堂　理事長　茂木　格,茂木　格,内　循,,平24. 4. 1,ika
診療所,03,0611629,みずかわ耳鼻咽喉科医院,北上市上江釣子１５地割２１３番,0197-72-6760,水川　敦裕,水川　敦裕,耳い,,平24. 9. 25,ika
診療所,03,0611637,わたなべ脳神経外科クリニック,北上市しらゆり３番２号,0197-65-5777,渡辺　美喜雄,渡辺　美喜雄,脳外　神内　リハ,,平24. 12. 19,ika
診療所,03,0611645,田郷医院,北上市さくら通り三丁目１４番２５号,0197-72-7282,田郷　英昭,田郷　英昭,神内　内　精,,平25. 2. 1,ika
診療所,03,0611660,さいとうさやかクリニック,北上市飯豊２０地割１２３番地１,0197-72-7228,齋藤　さやか,齋藤　さやか,心内　産婦　内　漢方内科　女性内科　アレ,,平25. 5. 7,ika
診療所,03,0611678,坂の上野田村太志クリニック,北上市上野町四丁目２番１５号,0197-65-1111,医療法人アンビシャス坂の上野田村太志クリニック　理事長　田村　太志,田村　太志,内　呼内　アレ　循環器内科,,平25. 9. 1,ika
診療所,03,0611694,きたかみ皮膚科スキンケアクリニック,北上市大曲町１番２号,0197-64-6003,菊池　里奈子,菊池　里奈子,皮　美容皮膚科,,平26. 7. 1,ika
診療所,03,0611728,きたかみ駅前内科クリニック,北上市大通り１－３－１おでんせプラザぐろーぶ２階,0197-61-3372,医療法人　愛久会　理事長　高橋　徹,高橋　徹,内　糖尿病・代謝内科,,平27. 3. 1,ika
診療所,03,0611744,むらさきのクリニック,北上市村崎野１５地割１５０番地１,0197-71-3555,医療法人むらさきのクリニック　理事長　岡本　和美,岡本　和美,内　消化器内科,,平29. 4. 1,ika
診療所,03,0611777,ホームケアクリニックえん,北上市青柳町二丁目５番１５号,0197-61-5160,医療法人わげん　理事長　千葉　恭一,千葉　恭一,内　緩和ケア内科,,平31. 3. 1,ika
診療所,03,0611785,よしだ整形外科クリニック,北上市鬼柳町荒高３４番地１,0197-62-5525,吉田　知史,吉田　知史,整外　リハ　リウ,,令元. 5. 15,ika
診療所,03,0611801,芳野内科医院,北上市本通り一丁目３番２２号,0197-65-1811,芳野　竜太郎,芳野　竜太郎,内,,令元. 5. 1,ika
病院,03,0611827,社会福祉法人恩賜財団済生会　北上済生会病院,北上市九年橋三丁目１５番３３号,0197-64-7722,社会福祉法人恩賜財団済生会支部岩手県済生会　支部長　髙橋　敏彦,福島　明宗,一般　一般　感染　内　脳内　呼内　消化器内科　循環器内科　小　外　血管外科　整外　脳外　ひ　心外　産婦　眼　耳い　リウ　麻　リハ　救急科　放　皮　腎臓内科　糖尿病・代謝内科,224,令2. 11. 22,ika
診療所,03,0611843,医療法人社団　まちのあかり　しゅういちろう内科クリニック,北上市村崎野１７地割１６７番３,0197-72-6567,医療法人社団　まちのあかり　理事長　高橋　秀一郎,高橋　秀一郎,消化器内科　内,,令4. 5. 1,ika
診療所,03,0611850,やご内科・循環器クリニック,北上市上野町五丁目５番地,0197-72-7717,医療法人　上野　理事長　八子　多賀志,八子　多賀志,循環器内科　内,,令4. 9. 1,ika
病院,03,0611876,北上駅前病院,北上市大通り一丁目１番２２号,0197-72-7787,医療法人杏林会　理事長　石山　隆,須藤　隆之,一般　一般　療養　療養　内　外　整外　消化器内科　循環器内科　脳内　リハ,200,令6. 4. 1,ika
診療所,03,0611884,みやもと皮ふ科クリニック,北上市柳原町五丁目１２番９号,0197-62-4112,医療法人未央会　理事長　宮本　章弘,宮本　章弘,皮　美容皮膚科　アレ,,令6. 4. 1,ika
診療所,03,0611892,医療法人社団けんじん　安部医院,北上市大通り一丁目１１番２３号,0197-64-2927,医療法人社団けんじん　理事長　安部　彦満,安部　彦満,内　外　消　こう　整外,,令6. 4. 1,ika
診療所,03,0611918,かわいクリニック,北上市藤沢１８地割１２番１,0197-72-8551,河合　悠,河合　悠,循　内　外,,令6. 9. 3,ika
診療所,03,0611926,さくらＰＯＲＴクリニック,北上市川岸一丁目１番２０号さくらＰＯＲＴ・オフィス１階,0197-72-6700,医療法人彩桜会　理事長　河上　真人,河上　真人,精　心内　内　小,,令6. 10. 1,ika
診療所,03,0611934,さいとう内科・循環器内科　はるかぜ医院,北上市北鬼柳１８地割１８番１,0197-62-8910,齊藤　秀典,齊藤　秀典,循環器内科　内,,令6. 12. 19,ika
診療所,03,0611959,北上駅前眼科クリニック,北上市大通り一丁目３番１号おでんせプラザぐろーぶ１階,0197-72-8700,医療法人愛恵会　理事長　石部　禎,石川　陽平,眼,,令7. 3. 1,ika
診療所,03,0611967,北上こども医院,北上市村崎野１５地割３５４番地２,0197-81-6660,工藤　宏紀,工藤　宏紀,小　小児アレルギー科,,令7. 1. 1,ika
診療所,03,0611975,おか乳腺クリニック,北上市さくら通り一丁目５番１１号,0197-62-6275,医療法人おか乳腺クリニック　理事長　岡　きま子,岡　きま子,乳腺外科　内,,令7. 10. 1,ika
診療所,03,0611983,みなみ内科クリニック,北上市鬼柳町荒高３５番地１,0197-62-3730,医療法人ＭＭＣ　理事長　南　仁貴,南　仁貴,内　循環器内科,,令7. 11. 1,ika
診療所,03,0710314,竹下医院,久慈市中の橋一丁目５番地,0194-53-0022,医療法人健生会　理事長　竹下　敏光,竹下　敏光,内　婦,,平4. 12. 1,ika
診療所,03,0710348,齊藤内科,久慈市荒町二丁目９番地,0194-53-3511,医療法人誠人会　理事長　齊藤　裕,齊藤　裕,内　呼　消　循,,平9. 6. 1,ika
病院,03,0710355,岩手県立久慈病院,久慈市旭町第１０地割１番,0194-53-6131,岩手県　代表者　県立病院等事業管理者　医療局長　吉田　陽悦,遠野　千尋,一般　一般　一般（感染）　感染　内　精　小　外　整外　形外　脳外　皮　ひ　産婦　眼　耳い　放　麻　歯外　リハ　呼内　脳神経内科　消化器内科　循環器内科,246,平10. 3. 1,shika
病院,03,0710413,久慈恵愛病院,久慈市湊町第１７地割１００番地,0194-52-2311,社団医療法人　祥和会　理事長　河野　貫治,河野　貫治,一般　一般　療養　療養　内　呼　消　循　外　整外　皮ひ　こう,61,平14. 9. 1,ika
診療所,03,0710421,ちだ医院,久慈市門前第３７地割５６番地２６,0194-61-3366,千田　修,千田　修,小　アレ　内,,平14. 10. 1,ika
診療所,03,0710439,おのでら耳鼻咽喉科クリニック,久慈市長内町第２４地割１４７番地１,0194-61-3387,医療法人　おのでら耳鼻咽喉科クリニック　理事長　小野寺　耕,小野寺　耕,耳い,,平15. 9. 1,ika
診療所,03,0710447,久慈市国民健康保険山形診療所,久慈市山形町川井第９地割４４番地８,0194-72-2033,久慈市長　中平　均,漆久保　潔,一般　内　外　呼　アレ,,昭61. 6. 1,ika
診療所,03,0710462,おおさわ内科・胃腸科医院,久慈市中の橋一丁目４８番地２,0194-61-3033,大澤　一嘉,大澤　一嘉,内　胃,,平19. 4. 16,ika
診療所,03,0710470,金子クリニック,久慈市門前第２地割２６番地,0194-61-1005,金子　卓司,金子　卓司,内　ひ　糖尿病内科　腎臓内科,,平21. 4. 22,ika
診療所,03,0710488,関上こどもクリニック,久慈市長内町第２４地割９８番地２,0194-75-3722,関上　勇,関上　勇,小　内　アレ,,平23. 10. 1,ika
診療所,03,0710496,しろと内科循環器科クリニック,久慈市田屋町第１地割３５番地１,0194-61-3330,医療法人しろと内科循環器科クリニック　理事長　白戸　隆洋,白戸　隆洋,循環器内科　内,,平24. 3. 1,ika
病院,03,0710504,北リアス病院,久慈市源道第１２地割１１１番,0194-53-2323,社団医療法人祐和会　理事長　長岡　重之,長岡　重之,精神　精神　精　神内　心内　老年内科,210,平26. 11. 23,ika
診療所,03,0710538,にいやま内科循環器クリニック,久慈市長内町第２５地割１０番１,0194-66-7585,新山　正展,新山　正展,循環器内科　内,,令8. 3. 16,ika
診療所,03,0710546,くじ整形外科・内科クリニック,久慈市二十八日町一丁目４番地,0194-66-8822,医療法人ＫＯＭＣ　理事長　柾屋　美緒,柾屋　美緒,内　糖尿病内科　整外　リハ,,令8. 3. 1,ika
診療所,03,0810056,遠野市国民健康保険小友診療所,遠野市小友町１６地割３１番地,0198-68-2260,遠野市長　多田　一彦,山口　淳,内,,昭32. 8. 1,ika
病院,03,0810239,岩手県立遠野病院,遠野市松崎町白岩１４地割７４番地,0198-62-2222,岩手県　代表者　県立病院等事業管理者　医療局長　吉田　陽悦,伊藤　靖,一般　一般　一般（感染）　感染　内　小　外　整外　脳外　産婦　眼　耳い　リハ　皮　麻　脳内　消化器内科　循環器内科　腎臓内科,110,昭55. 4. 1,ika
診療所,03,0810296,遠野市国民健康保険中央診療所,遠野市松崎町白岩字薬研淵４番地１,0198-62-2277,遠野市長　多田　一彦,山口　淳,内,,平6. 7. 1,ika
診療所,03,0810353,千葉医院,遠野市穀町１番２２号,0198-62-4039,千葉　純子,千葉　純子,皮,,平14. 1. 1,ika
診療所,03,0810361,菊池俊彦内科クリニック,遠野市新穀町５番１９号,0198-62-8600,医療法人亮和会　理事長　菊池　俊彦,菊池　俊彦,内　消化器内科　呼内,,平15. 2. 1,ika
診療所,03,0810411,柏原医院,遠野市宮守町下宮守２８地割７５番地,0198-67-3016,柏原　紀文,柏原　紀文,内　小,,平6. 8. 19,ika
診療所,03,0810429,鱒沢診療所,遠野市宮守町下鱒沢３４地割８番地５,0198-66-2273,柏原　紀文,柏原　紀文,内　小,,平6. 8. 19,ika
診療所,03,0810445,川上医院,遠野市穀町１番２７号,0198-62-2051,川上　格,川上　格,内　消,,平19. 6. 1,ika
診療所,03,0810460,あいずみ内科医院,遠野市新穀町３番１号,0198-63-2021,医療法人美敬会　理事長　相墨　仁,相墨　仁,内　呼　胃　小　放,,平22. 3. 1,ika
診療所,03,0810478,時田医院,遠野市新町５番５号,0198-62-2147,熊坂　康二,熊坂　康二,ひ　整外　外,,平23. 1. 1,ika
診療所,03,0810486,とおの宮本眼科,遠野市東舘町８番７号,0198-62-2035,宮本　博之,宮本　博之,眼,,平23. 8. 1,ika
診療所,03,0810494,守口医院,遠野市材木町２番２５号,0198-63-2170,医療法人　希実会　理事長　守口　尚,守口　尚,脳外　内,,平25. 5. 1,ika
病院,03,0810528,遠野はやちねホスピタル,遠野市青笹町中沢５地割５番地,0198-62-2026,医療法人財団正清会　理事長　三浦　正之,大野　和範,精神　精神　精　内,116,令3. 4. 1,ika
診療所,03,0810536,遠野バイパス整形外科,遠野市松崎町白岩１５地割１３番地１１,0198-66-3555,柏木　一成,柏木　一成,整外　リハ　リウ　形外,,令4. 4. 8,ika
病院,03,0910096,一関西城病院,一関市大手町３番３６号,0191-23-2050,社団医療法人西城病院　理事長　佐藤　隆次,佐藤　隆次,一般　一般　療養　療養　内　消化器内科　呼内　外　整外　脳外　産婦　眼　麻　アレ　リハ　緩和医療科　肛門外科　総合診療科　リウ　循環器内科　ひ,199,昭32. 8. 27,ika
病院,03,0910351,医療法人社団愛生会昭和病院,一関市田村町６番３号,0191-23-2020,医療法人社団愛生会昭和病院　理事長　杉内　登,杉内　登,一般　一般　内　呼内　麻　脳内　アレ　消化器内科　循環器内科　ペインクリニック内科,54,昭47. 4. 15,ika
診療所,03,0910567,笠原耳鼻咽喉科医院,一関市五代町５番３号,0191-23-4916,笠原　正明,笠原　正明,耳い,,昭56. 1. 1,ika
診療所,03,0910617,千葉内科医院,一関市山目字才天２２７番地,0191-25-3211,千葉　修二,千葉　修二,内　呼　消　循　アレ,,昭59. 9. 18,ika
診療所,03,0910658,寺崎内科胃腸科医院,一関市青葉一丁目６番１０号,0191-23-6211,医療法人社団寺崎内科胃腸科医院　理事長　寺崎　公二,寺崎　公二,内　消　アレ,,昭62. 8. 1,ika
診療所,03,0910666,さとう小児科医院,一関市桜木町５番２２号,0191-23-4020,佐藤　重雄,佐藤　重雄,小　内,,昭62. 10. 5,ika
診療所,03,0910708,木村消化器内科,一関市三関字仲田３２番地３,0191-21-1311,医療法人磐清会　理事長　木村　義人,木村　義人,消　循　呼　内,,平元. 11. 1,ika
診療所,03,0910716,産婦人科野田,一関市字沢２１番地,0191-23-0608,医療法人平成会　理事長　野田　隆弘,野田　隆弘,産婦　内,,平2. 3. 1,ika
診療所,03,0910724,田島内科,一関市上大槻街４番３９号,0191-23-3668,医療法人ル・コンセール　理事長　田島　厚子,田島　厚子,精　心内　内,,平2. 8. 1,ika
診療所,03,0910732,佐藤外科肛門科医院,一関市山目字三反田４３番地,0191-26-5125,佐藤　明,佐藤　明,外　こう　胃　整外　ひ,,平3. 1. 11,ika
診療所,03,0910773,医療法人　菊池医院,一関市銅谷町１２番１６号,0191-23-7100,医療法人菊池医院　理事長　菊池　善郎,菊池　善郎,内　婦,,平3. 12. 1,ika
診療所,03,0910781,二宮眼科医院,一関市田村町２番５号,0191-23-4346,医療法人慈融会　理事長　二宮　修也,二宮　修也,一般　眼,,平3. 12. 1,ika
診療所,03,0910807,岩崎外科医院,一関市三関字仲田３７番地１,0191-26-2488,医療法人　善生会　理事長　岩崎　善助,岩崎　善助,一般　外　胃　整外　こう,,平4. 1. 1,ika
診療所,03,0910849,佐藤循環器内科医院,一関市山目町一丁目６番２７号,0191-23-9678,医療法人幸仁会　理事長　佐藤　伸孝,佐藤　伸孝,内　循環器内科,,平6. 1. 1,ika
診療所,03,0910864,一関中央クリニック,一関市中央町二丁目４番２号,0191-21-1222,医療法人三秋会　理事長　長澤　茂,長澤　仁嗣,一般　内　小　消化器内科　内視鏡内科　糖尿病代謝内科,,平7. 3. 1,ika
診療所,03,0910872,西城医院,一関市舞川字中里６５番地,0191-28-2393,西城　寛,西城　寛,内　胃　外　整外　こう,,平8. 9. 17,ika
診療所,03,0910880,ししど耳鼻咽喉科医院,一関市三関字仲田２３番地１,0191-31-1733,宍戸　潔,宍戸　潔,耳い,,平8. 10. 14,ika
診療所,03,0910948,いとう脳神経内科,一関市上坊４番１２号,0191-21-8200,伊藤　久雄,伊藤　久雄,神内　心内　内,,平12. 6. 1,ika
診療所,03,0911011,一関すずき整形外科クリニック,一関市山目字才天２２１番地,0191-33-1110,医療法人博心会　理事長　鈴木　道博,鈴木　道博,整外　リハ　リウ,,平14. 3. 1,ika
診療所,03,0911037,小原眼科,一関市新大町４６番地,0191-32-5151,医療法人小原眼科　理事長　小原　啓之,小原　啓之,眼,,平14. 5. 1,ika
診療所,03,0911060,阿部内科クリニック,一関市竹山町５番３４号,0191-23-2918,医療法人あけぼの会　理事長　阿部　俊也,阿部　俊也,内　循　消,,平15. 2. 1,ika
診療所,03,0911086,にしだ眼科クリニック,一関市山目字中野５５番地１,0191-33-2300,医療法人社団にしだ眼科クリニック　理事長　西田　泰典,西田　泰典,一般　一般　眼,4,平16. 9. 1,ika
診療所,03,0911128,岡崎整形外科,一関市三関字仲田１５６番地,0191-23-7000,岡崎　佳則,岡崎　佳則,整外　形外　リウ　リハ　外,,平17. 6. 5,ika
診療所,03,0911136,コスモスレディースクリニック,一関市田村町５番５６号,0191-31-1103,医療法人コスモスレディースクリニック　理事長　杉内　淳,杉内　淳,一般　一般　産婦,12,平17. 8. 1,ika
診療所,03,0911201,菅原内科循環器科医院,一関市花泉町涌津字道下５２番地２６,0191-82-5528,菅原　忠興,菅原　忠興,内　呼内　循環器内科　消化器内科,,平5. 1. 1,ika
病院,03,0911219,岩手県立大東病院,一関市大東町大原字川内１２８番地,0191-72-2121,岩手県　代表者　県立病院等事業管理者　医療局長　吉田　陽悦,石川　徹,一般　一般　内　脳内　外　整外　リハ,40,昭45. 1. 1,ika
診療所,03,0911268,菊池内科医院,一関市大東町沖田字八日町３３番地,0191-74-2512,菊池　宰,菊池　宰,内　消化器内科　小,,平11. 8. 21,ika
診療所,03,0911284,一関市国民健康保険猿沢診療所,一関市大東町猿沢字板倉６０番地１,0191-76-2020,一関市長　佐藤　善仁,薄田　徹,内　歯,,平12. 4. 1,shika
診療所,03,0911292,吉田内科循環器科医院,一関市大東町大原字大明神８８番の１,0191-71-2131,吉田　浩昭,吉田　浩昭,内　循,,平15. 5. 2,ika
診療所,03,0911326,奥玉診療所,一関市千厩町奥玉字石ノ御前８番地１,0191-56-2751,角田　健也,角田　健也,内　小,,昭58. 10. 1,ika
病院,03,0911342,岩手県立千厩病院,一関市千厩町千厩字草井沢３２番地１,0191-53-2101,岩手県　代表者　県立病院等事業管理者　医療局長　吉田　陽悦,久多良　徳彦,一般　一般　一般（感染）　感染　内　脳神経内科　消化器内科　循環器内科　外　整外　脳外　小　皮　ひ　婦　眼　耳い　リハ　麻　呼内　心外,120,平8. 2. 1,ika
診療所,03,0911367,もりあい内科クリニック,一関市千厩町千厩字前田９６番地９,0191-51-3322,医療法人もりあい内科クリニック　理事長　盛合　理,盛合　理,内　小　呼内　循環器内科　消化器内科,,平17. 2. 1,ika
診療所,03,0911409,一関市国民健康保険室根診療所,一関市室根町折壁字八幡沖１１７番地,0191-64-2127,一関市長　佐藤　善仁,古澤　健一,内　消化器内科,,平12. 4. 1,ika
診療所,03,0911425,阿部医院,一関市東山町長坂字町３７９番地,0191-47-3898,医療法人弘誠会阿部医院　理事長　阿部　康弘,阿部　康弘,消化器内科　内,,平14. 2. 1,ika
診療所,03,0911433,桂島医院,一関市駅前２２番地,0191-21-8883,桂島　忠俊,桂島　忠俊,内　消,,平17. 10. 17,ika
病院,03,0911458,岩手県立磐井病院,一関市狐禅寺字大平１７番地,0191-23-3452,岩手県　代表者　県立病院等事業管理者　医療局長　吉田　陽悦,阿部　隆之,一般　一般　結核　一般　内科　脳神経内科　消化器内科　循環器内科　呼内　小　外　整外　形外　脳外　皮　ひ　産婦　眼　耳い　リハ　放　麻　心内　歯外　心外　救急科　病理　精　消化器外科,315,平18. 4. 1,shika
病院,03,0911466,岩手県立南光病院,一関市狐禅寺字大平１７番地,0191-23-3655,岩手県　代表者　県立病院等事業管理者　医療局長　吉田　陽悦,稲冨　浩,精神　精神　精　リハ,359,平18. 4. 1,ika
診療所,03,0911508,かげやまクリニック,一関市西沢２８番地１,0191-26-1026,景山　鎭一,景山　鎭一,ひ　内　外,,平18. 9. 1,ika
診療所,03,0911524,蓬田内科医院,一関市花泉町涌津字二ノ町８番地１,0191-36-3336,蓬田　邦彦,蓬田　邦彦,内　呼　消　循,,平18. 11. 1,ika
診療所,03,0911532,及川内科胃腸科クリニック,一関市鳴神７４番地,0191-31-3131,及川　登,及川　登,内　消化器内科　呼内,,平19. 2. 1,ika
診療所,03,0911557,中野内科循環器科クリニック,一関市山目字中野５７番地１,0191-33-2311,医療法人中野内科循環器科クリニック　理事長　中野　淳平,中野　淳平,内　アレ　循　呼　消,,平19. 3. 1,ika
診療所,03,0911565,医療法人社団杜の希会　千厩ひかりクリニック,一関市千厩町千厩字石堂１３番地１２,0191-51-1156,医療法人社団杜の希会　理事長　岩本　浩之,岩本　浩之,内　脳内　リハ,,平19. 3. 1,ika
診療所,03,0911573,中里クリニック,一関市石畑６番地２９号,0191-32-5888,医療法人英仁会　理事長　佐藤　文英,佐藤　文英,ひ　内　皮　外,,平19. 3. 1,ika
診療所,03,0911581,齊藤産婦人科医院,一関市中央町二丁目９番２０号,0191-23-6946,医療法人純裕会　理事長　齊藤　純也,齊藤　純也,一般　一般　産婦　内,19,平19. 3. 1,ika
診療所,03,0911599,かわさきファミリークリニック,一関市川崎町薄衣字久伝３８番地１,0191-43-3770,千田　貴之,千田　貴之,内　消化器内科　糖尿病内科,,平19. 4. 1,ika
診療所,03,0911623,こいわ耳鼻咽喉科・アレルギー科クリニック,一関市山目字中野１９番１号,0191-33-2117,小岩　哲夫,小岩　哲夫,耳い　アレ,,平20. 10. 7,ika
診療所,03,0911649,菜の花皮膚科クリニック,一関市山目字中野６２番地１,0191-33-2332,医療法人さくらな会　理事長　菅原　祐樹,菅原　祐樹,皮　形外　アレ,,平21. 8. 1,ika
診療所,03,0911656,むらかみクリニック,一関市銅谷町３番１０号,0191-31-2888,医療法人むらかみクリニック　理事長　村上　公敏,村上　公敏,精　心内,,平21. 9. 1,ika
診療所,03,0911664,たかがね内科泌尿器科クリニック,一関市千厩町千厩字構井田４０番地,0191-51-1377,医療法人たかがね内科泌尿器科クリニック　理事長　髙金　弘,髙金　弘,内　外　皮　ひ,,平22. 4. 1,ika
病院,03,0911706,一関市国民健康保険藤沢病院,一関市藤沢町藤沢字町裏５２番地２,0191-63-5211,一関市病院事業　病院事業管理者　佐藤　元美,坂下　伸夫,一般　一般　内　外　整外　精　放射線診断科,44,平5. 7. 20,ika
診療所,03,0911714,岩手県立磐井病院附属花泉地域診療センター,一関市花泉町涌津字上原３１番地,0191-82-1231,岩手県　代表者　県立病院等事業管理者　医療局長　吉田　陽悦,佐野　俊和,内　外,,平24. 4. 1,ika
診療所,03,0911755,菊池耳鼻咽喉科皮膚科,一関市山目字寺前１５番地２,0191-26-2230,菊池　淳,菊池　淳,耳い　皮,,平28. 9. 1,ika
診療所,03,0911763,岩手クリニック一関,一関市中里字在家６５番地,0191-21-5111,医療法人　清和会　理事長　岩淵　真幸人,貝淵　俊光,一般　一般　透析　内,15,平28. 11. 28,ika
診療所,03,0911771,秋保クリニック,一関市南新町５５番地,0191-32-5105,医療法人カミツレの会　理事長　秋保　茂樹,秋保　茂樹,精　心内,,平29. 8. 1,ika
診療所,03,0911789,小野寺内科循環器科,一関市末広一丁目４番４０号,0191-23-5600,医療法人社団六楽会　理事長　小野寺　威夫,小野寺　威夫,内　呼　アレ　循環器内科,,平29. 9. 1,ika
診療所,03,0911805,医療法人社団　元成会　遠藤医院,一関市千厩町千厩字町浦３６番地,0191-53-2126,医療法人社団元成会　理事長　遠藤　威,遠藤　威,整外　外　内　皮,,令2. 4. 1,ika
診療所,03,0911813,アビエスかんのクリニック,一関市中里字神明４４番地２,0191-34-8300,菅野　記豊,菅野　記豊,内科　肝臓内科　糖尿病・代謝内科　消化器内科　胃腸内科,,令2. 5. 7,ika
診療所,03,0911839,誠信堂医院,一関市花泉町涌津字道下１３番地,0191-82-3434,本多　聡,本多　聡,小　内,,令2. 7. 15,ika
診療所,03,0911847,菅原整形外科クリニック,一関市銅谷町９番１８号,0191-23-0501,医療法人菅原整形外科クリニック　理事長　菅原　恒,菅原　恒,整外　リハ　リウ,,令3. 2. 13,ika
診療所,03,0911854,やまと在宅診療所　一関,一関市宮坂町２番９号,0191-34-7025,医療法人社団やまと　理事長　田上　佑輔,久保田　洋介,内　外　皮,,令3. 4. 1,ika
診療所,03,0911870,医療法人社団かとうこどもクリニック,一関市山目字中野２３番地１１階,0191-33-2211,医療法人社団かとうこどもクリニック　理事長　加藤　卓,千手　絢子,小　循環器内科　アレ,,令5. 5. 1,ika
診療所,03,0911896,谷藤内科医院,一関市千厩町千厩字町２０番地,0191-51-3355,谷藤　正人,谷藤　正人,内　小,,令5. 11. 27,ika
診療所,03,0911912,千和クリニック,一関市桜木町３番１９号,0191-34-8811,医療法人千花　理事長　小川　和浩,小川　和浩,整外　リウ　リハ　内　消化器内科　糖尿病内科,,令6. 4. 1,ika
診療所,03,0911920,たんぽぽクリニック,一関市千厩町千厩字東小田９０番地千厩ショッピングモール　エスピア,0191-34-7787,菅原　正磨,菅原　正磨,内　循環器内科　皮　アレ,,令7. 1. 1,ika
診療所,03,0911938,町浦診療所,一関市千厩町千厩字町浦１８５番地,0191-34-7046,大谷　寧子,大谷　寧子,内,,令7. 5. 1,ika
診療所,03,1010243,陸前高田市国民健康保険二又診療所,陸前高田市矢作町字愛宕下３１番地,0192-58-2220,陸前高田市長　佐々木　拓,岩井　直路,内,,昭59. 12. 10,ika
診療所,03,1010326,松原クリニック,陸前高田市高田町字中田６９番地２,0192-53-1721,医療法人勝久会　理事長　阿南　陽二,近江　三喜男,一般　人工透析内科　内,,平11. 3. 1,ika
病院,03,1010375,希望ヶ丘病院,陸前高田市高田町字大隅８番地６,0192-53-1019,医療法人希望会　理事長　内出　希,十文字　教行,精神　精神　療養　療養　精　神内　内　老年精神科,153,平20. 9. 21,ika
診療所,03,1010391,鵜浦医院,陸前高田市高田町字鳴石２２番９号,0192-55-2125,鵜浦　章,鵜浦　章,内　消　循　皮,,平24. 3. 1,ika
診療所,03,1010417,鳥羽医院,陸前高田市小友町字西下６０番地,0192-56-3515,医療法人医心会　理事長　吉澤　徹,吉澤　徹,内　消,,平24. 7. 1,ika
診療所,03,1010441,済生会陸前高田診療所,陸前高田市気仙町字中井１９４番地,0192-22-7515,社会福祉法人恩賜財団済生会支部岩手県済生会　支部長　髙橋　敏彦,杉山　照幸,内　整外,,平29. 2. 15,ika
診療所,03,1010458,陸前高田市国民健康保険広田診療所,陸前高田市広田町字前花貝２２２番地２,0192-56-2515,陸前高田市長　佐々木　拓,坪井　潤一,内,,平29. 6. 26,ika
病院,03,1010466,岩手県立高田病院,陸前高田市高田町字太田５１２番地２,0192-54-3221,岩手県　代表者　県立病院等事業管理者　医療局長　吉田　陽悦,阿部　啓二,一般　一般　内　外　小　整外　婦　眼　耳い　リハ,60,平30. 3. 1,ika
病院,03,1110134,釜石厚生病院,釜石市野田町一丁目１６番３２号,0193-23-5105,医療法人仁医会（財団）　理事長　鹿野　亮一郎,植松　美行,精神　精神　精　内　神,155,昭33. 12. 19,ika
病院,03,1110498,岩手県立釜石病院,釜石市甲子町第１０地割４８３番地６,0193-25-2011,岩手県　代表者　県立病院等事業管理者　医療局長　吉田　陽悦,阿部　薫,一般　一般　内　脳神経内科　消化器内科　循環器内科　呼内　小　外　整外　形外　脳外　心外　皮　ひ　産婦　眼　耳い　リハ　放　麻　児童精神科,180,昭52. 12. 21,ika
診療所,03,1110563,小泉医院,釜石市中妻町三丁目６番６号,0193-23-5157,小泉　嘉明,小泉　嘉明,内　外　こう,,昭60. 4. 1,ika
病院,03,1110597,せいてつ記念病院,釜石市小佐野町四丁目３番７号,0193-23-2030,医療法人楽山会　理事長　佐藤　滋,佐藤　滋,一般　一般　内　循環器内科　糖尿病内科　腎臓内科　人工透析内科　外　心外　整外　皮　ひ　眼　リハ　放射線診断科　臨床,104,平2. 4. 1,ika
診療所,03,1110613,神林医院,釜石市甲子町第１０地割４８３番地５,0193-23-6635,神林　敦彦,神林　敦彦,内,,平2. 8. 30,ika
診療所,03,1110720,堀耳鼻咽喉科眼科医院,釜石市只越町二丁目５番２４号,0193-22-1005,医療法人堀医院　理事長　堀　亨,堀　亨,一般　一般　耳い　眼,5,平17. 8. 1,ika
病院,03,1110746,釜石のぞみ病院,釜石市大渡町三丁目１５番２６号,0193-31-2300,医療法人仁医会（財団）　理事長　鹿野　亮一郎,西　款,一般　一般　療養　療養　内　眼　外　精,154,平19. 4. 1,ika
診療所,03,1110779,平野内科医院,釜石市只越町３丁目３番地３号,0193-22-1273,平野　春人,平野　春人,内　呼,,平21. 9. 1,ika
診療所,03,1110811,釜石市鵜住居診療所,釜石市鵜住居町第５地割２９番地１０,0193-28-1721,釜石市長　野田　武則,高橋　昌克,外　総合診療科,,平23. 11. 1,ika
診療所,03,1110829,釜石ファミリークリニック,釜石市大渡町三丁目１５番２６号,0193-31-1616,医療法人社団ＫＦＣ　理事長　上村　明,関　薫,内　脳外,,平24. 4. 1,ika
診療所,03,1110837,小笠原内科クリニック,釜石市上中島町３丁目２番２０号,0193-25-2580,医療法人小笠原内科クリニック　理事長　小笠原　善郎,小笠原　善郎,内　循環器内科　消化器内科　呼内,,平25. 7. 1,ika
診療所,03,1110845,庄子医院,釜石市只越町２丁目２番１０号,0193-22-3677,庄子　忠良,庄子　忠良,一般　産婦　内　外　小　皮,,平25. 7. 19,ika
診療所,03,1110860,釜石しょうけいクリニック,釜石市甲子町第１０地割２６８番地１,0193-27-8571,正慶　修,正慶　修,内　消　脳外　小　訪問診療科,,平27. 10. 7,ika
診療所,03,1110878,藤井クリニック,釜石市只越町３丁目５番１５号　２階,0193-27-8857,藤井　悠,藤井　悠,精　心内,,平28. 5. 6,ika
診療所,03,1110886,はまと神経内科クリニック,釜石市鵜住居町２丁目２０２番地,0193-29-1212,濱登　文寿,濱登　文寿,神内　内,,令元. 9. 1,ika
診療所,03,1110894,かまいしベイ眼科クリニック,釜石市港町２丁目１番１号イオンタウン釜石３階,0193-27-7311,佐渡　一成,佐渡　一成,眼,,令2. 12. 1,ika
診療所,03,1110910,武田整形外科,釜石市甲子町第１０地割１５９番地２０９地内,0193-23-3030,武田　三十郎,武田　三十郎,整外　リハ,,令3. 7. 1,ika
病院,03,1310122,岩手県立二戸病院,二戸市堀野字大川原毛３８番地２,0195-23-2191,岩手県　代表者　県立病院等事業管理者　医療局長　吉田　陽悦,小成　晋,一般　一般　結核　内　脳内　消化器内科　循環器内科　小　外　整外　脳外　産婦　眼　耳い　リハ　皮　呼内　麻　放　精　ひ,225,昭47. 9. 26,ika
診療所,03,1310155,二戸市国民健康保険金田一診療所,二戸市金田一字馬場１５０番地,0195-27-2205,二戸市長　五日市　王,川村　英一,内　産婦　リハ,,昭57. 1. 1,ika
診療所,03,1310213,二戸クリニック,二戸市石切所字森合３２番地１,0195-25-5770,医療法人　青松会　理事長　前田　憲一,大澤　泰介,一般　透析　ひ　内　外　消化器内科,,平9. 12. 1,ika
診療所,03,1310221,すがわら消化器内科,二戸市福岡字川又３番地１,0195-23-2879,菅原　光宏,菅原　光宏,内　消化器内科,,平13. 7. 1,ika
診療所,03,1310262,二戸市国民健康保険浄法寺診療所,二戸市浄法寺町小池６番地１,0195-38-2021,二戸市長　五日市　王,藤澤　郁哉,一般　一般　内　小　整外,12,昭49. 6. 17,ika
診療所,03,1310288,よこもり眼科クリニック,二戸市堀野字長瀬４番地７,0195-22-2230,医療法人よこもり眼科クリニック　理事長　横森　浩道,横森　浩道,眼,,平18. 3. 1,ika
診療所,03,1310312,おりそ内科循環器クリニック,二戸市福岡字長嶺３５番地４,0195-22-2251,医療法人桜心会　理事長　折祖　清藏,折祖　清藏,循　内　呼,,平19. 4. 1,ika
診療所,03,1310320,カシオペア医院,二戸市堀野字大川原毛１３４番５,0195-23-3331,肥田　憲彦,肥田　憲彦,消化器内科　内,,平27. 11. 19,ika
診療所,03,1310346,千葉耳鼻咽喉科医院,二戸市石切所字森合８５番地,0195-26-8133,医療法人　爽生会　理事長　千葉　秀樹,千葉　秀樹,耳い,,平29. 8. 1,ika
診療所,03,1310361,かわさきクリニック,二戸市堀野字長地９番１１,0195-26-9900,川﨑　雄一郎,川﨑　雄一郎,内　外　リハ　皮　整外,,平31. 4. 19,ika
診療所,03,1310379,医療法人社団ほそかわ小児科クリニック　ほそかわ小児科クリニック,二戸市福岡字長嶺２８番地１８,0195-26-8100,医療法人社団ほそかわ小児科クリニック　理事長　細川　尊英,細川　尊英,小　アレ,,令6. 4. 1,ika
診療所,03,1310387,にのへ駅前脳神経外科クリニック,二戸市石切所字枋ノ木１７番地１,0195-26-8815,福田　健志,福田　健志,脳外,,令7. 10. 1,ika
診療所,03,1310395,菅クリニック,二戸市石切所字川原３８番地１,0195-23-7311,医療法人菅クリニック　理事長　菅　栄一,菅　栄一,整外　皮　形外　美容皮膚科　美容・形成外科　麻　リハ,,令7. 12. 1,ika
診療所,03,1410070,八幡平中央整形外科・内科クリニック,八幡平市大更第２５地割１１７番地２,0195-76-2318,医療法人社団柊会　理事長　岡田　喜明,宮　一雄,整外　内,,平10. 3. 1,ika
診療所,03,1410088,吉田内科呼吸器科医院,八幡平市大更第２１地割７９番地３,0195-70-1100,医療法人仁悠会　理事長　吉田　雅美,吉田　雅美,内　呼　消　循　小　アレ,,平12. 1. 1,ika
診療所,03,1410112,八幡平市立安代診療所,八幡平市荒屋新町１４４番地１,0195-72-3115,八幡平市長　佐々木　孝弘,宮田　剛,一般　内　外,,昭32. 8. 1,ika
診療所,03,1410120,八幡平市立田山診療所,八幡平市丑山口１８番地８,0195-73-2126,八幡平市長　佐々木　孝弘,望月　泉,内　外,,平8. 4. 1,ika
診療所,03,1410187,にしね眼科クリニック,八幡平市大更第２４地割２９番地１,0195-70-2711,医療法人にしね眼科クリニック　理事長　藤原　貴光,藤原　貴光,眼,,令2. 3. 1,ika
診療所,03,1410195,エールクリニック八幡平,八幡平市田頭３７地割１０３番地１,0195-75-2355,菊地　大輝,菊地　大輝,内　外　消化器内科　内分泌内科,,令2. 6. 1,ika
病院,03,1410203,八幡平市立病院,八幡平市大更第２５地割３２８番地１,0195-76-3111,八幡平市長　佐々木　孝弘,瀧山　郁雄,一般　一般　内　外　小　整形外科・リウマチ科,60,令2. 8. 1,ika
病院,03,1410211,東八幡平病院,八幡平市柏台二丁目８番２号,0195-78-2511,一般社団法人みちのく愛隣協会　理事長　及川　忠人,及川　忠人,療養　療養　一般　一般　脳外　内　消化器内科　小　外　整外　皮　放　リハ　歯　脳内　呼内　リウマチ・膠原病内科,150,令7. 4. 1,shika
病院,03,1510010,奥州市総合水沢病院,奥州市水沢大手町三丁目１番地,0197-25-3833,奥州市長　郷右近　浩,遊佐　透,一般　一般　一般（感染）　感染　内　精　神内　小　外　整外　ひ　産婦　耳い　循環器内科　麻,139,昭32. 8. 1,ika
診療所,03,1510028,今野脳神経外科内科医院,奥州市水沢字東町３３番地１,0197-24-1110,医療法人社団今野脳神経外科内科医院　理事長　今野　譲二,今野　譲二,一般　療養　脳外　内　外　神内,,昭32. 8. 27,ika
病院,03,1510036,奥州病院,奥州市水沢東大通り一丁目５番３０号,0197-25-5111,医療法人清和会　理事長　岩淵　真幸人,佐藤　直夫,一般　療養　内　糖尿病内科　腎臓内科　リハ　外　消化器外科　腎臓外科　整外　歯外　歯　ひ　循環器内科　消化器内科　人工透析内科　総合診療科,118,昭32. 8. 27,shika
病院,03,1510085,医療法人社団創生会　おとめがわ病院,奥州市水沢佐倉河字慶徳２７番地１,0197-24-4148,医療法人社団創生会　理事長　上田　雅道,上田　雅道,精神　精神　精　神,274,昭40. 7. 1,ika
病院,03,1510101,石川病院,奥州市水沢南町８番１０号,0197-25-6311,社団医療法人石川病院　理事長　石川　元子,石川　元子,一般　一般　療養　療養　内　小　外　整外　消　循　皮ひ　こう　麻　脳内,32,昭45. 1. 28,ika
病院,03,1510127,美山病院,奥州市水沢羽田町字水無沢４９５番地２,0197-24-2141,社団医療法人啓愛会　理事長　井筒　大人,吉崎　陽,一般　一般　療養　療養　内　外　整外　リハ　緩和ケア内科,172,昭50. 7. 1,ika
診療所,03,1510150,たかのはし皮膚科,奥州市水沢字川原小路１５番地,0197-24-0145,鷹觜　研一,鷹觜　研一,皮,,昭52. 3. 28,ika
診療所,03,1510176,おおとし消化器科整形外科,奥州市水沢真城字塚３１番の３,0197-24-5131,大歳　栄一,大歳　栄一,一般　整外　リハ　消化器内科　漢方内科,,昭53. 9. 20,ika
診療所,03,1510267,南耳鼻咽喉科医院,奥州市水沢字大町１６６番地,0197-23-2030,南　吉文,南　吉文,耳い,,平2. 5. 1,ika
診療所,03,1510309,とみた脳神経外科耳鼻咽喉科医院,奥州市水沢字欠ノ下１２番地３,0197-22-3000,医療法人　とみた医院　理事長　冨田　幸雄,冨田　幸雄,脳外　耳い　リハ,,平3. 12. 1,ika
診療所,03,1510325,千田整形外科クリニック,奥州市水沢太日通り二丁目６番３３号,0197-25-3535,千田　直,千田　直,整外　外　リハ,,平5. 11. 1,ika
診療所,03,1510333,医療法人如水会　鈴木眼科吉小路,奥州市水沢吉小路１６番地,0197-22-2522,医療法人如水会　理事長　鈴木　武敏,鈴木　武敏,一般　眼,,平5. 12. 1,ika
診療所,03,1510341,花山内科クリニック,奥州市水沢字名残１６番地１,0197-25-8780,花山　寛隆,花山　寛隆,内　呼　消　放,,平6. 2. 21,ika
診療所,03,1510366,わたなべ眼科医院,奥州市水沢東中通り二丁目１番２６号,0197-23-5557,渡邉　敏明,渡邉　敏明,眼,,平6. 9. 1,ika
診療所,03,1510374,亜理眼科医院,奥州市水沢西町１３０番１号,0197-22-3935,亀井　亜理,亀井　亜理,眼,,平6. 12. 1,ika
診療所,03,1510408,ひばりが丘クリニック,奥州市水沢川端２０番地３,0197-22-8228,鈴木　密雄,鈴木　密雄,内,,平8. 3. 18,ika
病院,03,1510424,岩手県立胆沢病院,奥州市水沢字龍ヶ馬場６１番地,0197-24-4121,岩手県　代表者　県立病院等事業管理者　医療局長　吉田　陽悦,鈴木　俊郎,一般　結核　内　脳内　消化器内科　循環器内科　腎臓内科　精　小　外　整外　脳外　呼外　心外　皮　ひ　産婦　眼　耳い　放　麻　呼内　リハ　血液内科　乳腺外科　消化器外科　病理,337,平9. 3. 1,ika
診療所,03,1510440,耳鼻咽喉科　樋口医院,奥州市水沢字不断町１１番地,0197-23-2034,樋口　明文,樋口　明文,耳い　気食,,平10. 11. 9,ika
診療所,03,1510457,桜井医院,奥州市水沢字吉小路３番地,0197-23-7151,医療法人社団桜井医院　理事長　岩崎　雅,岩崎　雅,皮　内,,平11. 4. 1,ika
診療所,03,1510465,さとう内科クリニック,奥州市水沢字桜屋敷２５１番地,0197-51-1571,佐藤　清紀,佐藤　清紀,内,,平12. 9. 1,ika
診療所,03,1510473,亀井眼科,奥州市水沢南町２番２５号,0197-23-5845,亀井　俊也,亀井　俊也,眼,,平13. 1. 1,ika
診療所,03,1510481,亀井内科消化器クリニック,奥州市水沢台町１番４７号,0197-24-3155,医療法人亀井クリニック　理事長　亀井　將人,亀井　將人,消化器内科　内　呼内　循環器内科,,平13. 7. 1,ika
診療所,03,1510499,平間産婦人科,奥州市水沢太日通り二丁目２番３号,0197-24-6601,平間　隆之,平間　隆之,産婦,,平13. 8. 1,ika
診療所,03,1510515,井筒医院,奥州市水沢羽田町久保５番地,0197-23-2971,社団医療法人啓愛会　理事長　井筒　大人,高橋　伸一郎,内　外,,平14. 11. 1,ika
診療所,03,1510523,レディースクリニック　清水医院,奥州市水沢宮下町４０番地,0197-24-6647,清水　良明,清水　良明,産婦　麻,,平16. 4. 1,ika
診療所,03,1510531,青木眼科クリニック,奥州市水沢太日通り一丁目４番２０号,0197-23-2371,青木　泉,青木　泉,眼,,平16. 5. 1,ika
診療所,03,1510549,あてるい整形外科クリニック,奥州市水沢佐倉河字東沖の目９１番地１,0197-51-6788,金子　勝一,金子　勝一,整外　リハ　リウ,,平16. 6. 30,ika
診療所,03,1510556,野呂外科泌尿器科医院,奥州市水沢字搦手丁２４番地６,0197-24-1111,医療法人仁良会　理事長　野呂　一夫,野呂　一夫,ひ　外　内,,平16. 11. 29,ika
診療所,03,1510564,鈴木内科消化器科クリニック,奥州市水沢字寺小路２６番地１,0197-51-6399,鈴木　教敬,鈴木　教敬,内　呼　消　循,,平16. 12. 6,ika
診療所,03,1510598,内科板倉医院,奥州市水沢上姉体六丁目１番８号,0197-28-1117,板倉　康太郎,板倉　康太郎,内　呼　心内,,平17. 12. 17,ika
病院,03,1510622,岩手県立江刺病院,奥州市江刺西大通り５番２３号,0197-35-2181,岩手県　代表者　県立病院等事業管理者　医療局長　吉田　陽悦,鈴木　雄,一般　一般　結核　内　消化器内科　循環器内科　小　外　整外　脳外　皮　ひ　産婦　眼　リハ　麻,60,昭56. 1. 1,ika
診療所,03,1510663,たかはし内科医院,奥州市江刺大通り１番３０号,0197-35-6668,髙橋　秀年,髙橋　秀年,内　皮　リハ,,平元. 12. 13,ika
診療所,03,1510671,奥州市国民健康保険直営診療所,奥州市江刺米里字八幡７２番地１,0197-38-2127,奥州市長　郷右近　浩,佐藤　直夫,内,,平8. 12. 1,ika
診療所,03,1510705,谷口耳鼻咽喉科医院,奥州市江刺大通り５番２２号,0197-35-2927,谷口　和彦,谷口　和彦,耳い　アレ,,平9. 6. 1,ika
診療所,03,1510721,関谷医院,奥州市江刺大通り５番２０号,0197-35-3511,医療法人社団龍彦会　理事長　関谷　敏彦,関谷　敏彦,内　リハ　放,,平10. 12. 1,ika
診療所,03,1510739,医療法人如水会　すずめ眼科江刺,奥州市江刺西大通り１０番７号,0197-31-1522,医療法人如水会　理事長　鈴木　武敏,鈴木　武敏,眼,,平11. 9. 13,ika
診療所,03,1510747,菊地内科胃腸科こどもクリニック,奥州市江刺豊田町二丁目１番１号,0197-35-2622,菊地　一博,菊地　一博,内　胃　小,,平12. 2. 1,ika
診療所,03,1510754,ひらた外科内科クリニック,奥州市江刺愛宕字観音堂沖４０１番地６,0197-31-1331,医療法人四照会　理事長　平田　雄大,平田　雄大,外　内　整外　皮　こう,,平14. 3. 1,ika
診療所,03,1510770,玉澤リハビリ整形外科,奥州市江刺岩谷堂字二本木７１番地１,0197-35-8801,玉澤　佳和,玉澤　佳和,内　消　外　整外　リハ　リウ,,平16. 3. 10,ika
病院,03,1510796,美希病院,奥州市前沢古城字丑沢上野１００番地,0197-56-6111,社団医療法人啓愛会　理事長　井筒　大人,井筒　大人,一般　一般　療養　療養　内　外　整外　リハ　ひ　皮　小　循環器内科　放　呼内　漢方内科　糖尿病内科,249,昭53. 12. 1,ika
診療所,03,1510812,奥州市国民健康保険前沢診療所,奥州市前沢字立石１８０番地１,0197-41-3200,奥州市長　郷右近　浩,鈴木　順,一般　内　呼内　消化器内科　循環器内科,,平10. 5. 18,ika
診療所,03,1510820,おいかわ耳鼻咽喉科医院,奥州市前沢駅東二丁目９番地１,0197-41-3387,及川　尚,及川　尚,耳い,,平12. 7. 17,ika
診療所,03,1510838,たかはし内科胃腸科クリニック,奥州市前沢字二十人町８番地２,0197-41-3883,高橋　幸晴,高橋　幸晴,内　胃　リハ,,平15. 4. 7,ika
診療所,03,1510846,下河辺胃腸科クリニック,奥州市前沢字長檀１０１番地,0197-41-3761,小野寺　剛士,小野寺　剛士,内　胃,,平16. 1. 5,ika
診療所,03,1510861,小山診療所,奥州市胆沢小山字道場３６番地１,0197-47-0320,鈴木　密雄,鈴木　密雄,内　小,,昭63. 6. 1,ika
病院,03,1510879,奥州市国民健康保険まごころ病院,奥州市胆沢南都田字大持４０番地,0197-46-2121,奥州市長　郷右近　浩,伊藤　正博,一般　一般　内　消　循　小　外　整外　歯外,48,平8. 4. 1,shika
診療所,03,1510887,奥州市国民健康保険衣川診療所,奥州市衣川古戸４８番地３,0197-52-3500,奥州市長　郷右近　浩,高橋　久行,一般　一般　内　リハ,19,平元. 11. 1,ika
診療所,03,1511000,及川整形外科クリニック,奥州市江刺八日町一丁目１番３２号,0197-35-2917,医療法人及川整形外科クリニック　理事長　及川　博,及川　博,整外　リウ　リハ,,平19. 4. 1,ika
診療所,03,1511042,産婦人科おいなお医院,奥州市江刺岩谷堂字小境１１番地,0197-34-3033,及川　直弘,及川　直弘,産婦,,平19. 12. 10,ika
診療所,03,1511059,奥州金ケ崎休日診療所,奥州市水沢字多賀２１番地１,0197-25-3935,奥州金ケ崎行政事務組合　管理者　郷右近　浩,本田　健一,内　外,,平20. 4. 1,ika
診療所,03,1511083,水沢キッズクリニック,奥州市水沢字横町９４番地,0197-51-1770,菅原　久江,菅原　久江,小,,平20. 6. 16,ika
診療所,03,1511109,石川内科循環器クリニック,奥州市水沢中田町４番４７号,0197-22-5000,医療法人石川内科循環器クリニック　理事長　石川　健,石川　健,内　循,,平20. 9. 1,ika
診療所,03,1511133,田村川上医院,奥州市前沢七日町裏８６番地１,0197-47-3946,田村　健,田村　健,内　ひ　外　循環器内科,,平24. 3. 2,ika
診療所,03,1511141,かじかわクリニック,奥州市水沢佐倉河字慶徳２６番地１,0197-47-4733,梶川　恒雄,梶川　恒雄,ひ　内　皮　外,,平24. 4. 17,ika
診療所,03,1511158,前沢眼科クリニック,奥州市前沢向田一丁目２０番地１,0197-41-3888,医療法人前沢眼科クリニック　理事長　北條　昌芳,北條　昌芳,眼,,平24. 4. 1,ika
診療所,03,1511182,さくらクリニック,奥州市水沢字大畑小路２７番地１,0197-51-7600,医療法人のんびり　理事長　阿部　佐倉,阿部　佐倉,精　心内,,平25. 4. 18,ika
診療所,03,1511190,さとう整形外科・リウマチ科クリニック,奥州市前沢向田一丁目１６番地１,0197-41-3456,医療法人　さとう整形外科・リウマチ科クリニック　理事長　佐藤　信幸,佐藤　信幸,整外　リウ　リハ,,平25. 5. 1,ika
診療所,03,1511208,水沢みなみ皮フ科,奥州市水沢真城字杉山下７０番地１,0197-47-4771,医療法人水沢みなみ皮フ科　理事長　佐々木　喜教,佐々木　喜教,皮　アレ,,平25. 8. 1,ika
診療所,03,1511216,柏木医院,奥州市江刺六日町５番７号,0197-35-2433,柏木　満,柏木　満,内　小,,平26. 4. 1,ika
診療所,03,1511224,水沢形成外科医院,奥州市水沢佐倉河字慶徳４１－１,0197-47-4700,李　陽成,李　陽成,形外　美外,,平26. 10. 20,ika
診療所,03,1511232,奥州金ケ崎夜間診療所,奥州市水沢多賀２１－１,0197-25-3935,奥州金ケ崎行政事務組合　管理者　郷右近　浩,梶川　恒雄,小　内,,平27. 4. 1,ika
診療所,03,1511240,本田胃腸内科,奥州市水沢西町４－２１,0197-23-7581,医療法人　本田医院　理事長　本田　健一,本田　健一,内視鏡内科　腎臓内科　内　消化器内科,,平27. 4. 1,ika
診療所,03,1511257,竹花乳腺クリニック,奥州市水沢山崎町８番１号,0197-24-7000,竹花　教,竹花　教,乳腺外科　内分泌外科　外科,,平27. 5. 15,ika
診療所,03,1511299,たかはし整形外科スポーツクリニック,奥州市前沢二十人町８番２号,0197-47-6788,高橋　幸洋,高橋　幸洋,整外　リハ　リウ,,平29. 4. 1,ika
診療所,03,1511307,亀井整形外科クリニック,奥州市水沢東中通り二丁目４番２４－１号,0197-34-3355,亀井　陽一,亀井　陽一,整外,,平30. 4. 1,ika
診療所,03,1511315,小見レディースクリニック,奥州市水沢大手町四丁目８番地,0197-24-6657,小見　英夫,小見　英夫,婦　産　不妊診療科　女性内科,,平30. 7. 1,ika
診療所,03,1511323,ながの内科クリニック,奥州市水沢佐倉河五反町９２番地１,0197-34-1161,長野　雅史,長野　雅史,内　消化器内科（内視鏡内科）,,平30. 9. 1,ika
診療所,03,1511331,いとうファミリークリニック,奥州市江刺西大通り１１番１４号,0197-35-0035,医療法人社団ＩＦＧ　理事長　伊藤　雄,伊藤　雄,内　皮膚科　美容皮膚科　小　消化器内科,,平31. 4. 1,ika
診療所,03,1511364,医療法人社団正明会　千田内科クリニック,奥州市前沢向田一丁目１６番地３,0197-47-4571,医療法人社団正明会　理事長　千田　正樹,千田　正樹,内　呼内　消化器内科　循環器内科　糖尿病内科,,令3. 4. 1,ika
診療所,03,1511372,胃腸クリニック,奥州市水沢谷地明円５３番地１,0197-25-5055,小野寺　美緒,小野寺　美緒,内　肝臓内科　消化器内科　糖尿病内科,,令5. 9. 1,ika
診療所,03,1511380,佐藤クリニック,奥州市水沢字川口町２７番地３,0197-51-3333,医療法人サンフラワー　理事長　佐藤　英俊,佐藤　英俊,内　循環器内科　消化器内科,,令6. 4. 1,ika
診療所,03,1511398,奥州きくち整形外科クリニック,奥州市水沢西上野町３番地３,0197-47-5073,菊地　将,菊地　将,整外　リハ,,令7. 5. 1,ika
診療所,03,1511406,あねたい外科・内科クリニック,奥州市水沢上姉体六丁目１番地１０,0197-47-6780,松井　雄介,松井　雄介,乳腺外科　外　内,,令8. 5. 1,ika
病院,03,1610034,栃内第二病院,滝沢市大釜吉水１０３番地１,019-684-1111,医療法人巖心会　理事長　栃内　秀彦,幸治　孝裕,一般　一般　整外　内　脳外　神内　リウ　外　麻　リハ　歯　歯外　呼吸器・アレルギー膠原病内科,144,昭57. 1. 18,shika
診療所,03,1610067,土井尻医院,滝沢市大釜竹鼻１６３番地１５,019-684-1325,土井尻　健一,土井尻　健一,循環器内科　内,,昭60. 4. 22,ika
診療所,03,1610075,かなもり神経科内科クリニック,滝沢市高屋敷平１１番地３９,019-684-2777,社団医療法人池田記念会　理事長　林　義智,八重樫　琢哉,精　内　心内,,平8. 12. 1,ika
診療所,03,1610083,高橋内科胃腸科クリニック,滝沢市巣子１１８６番地１４,019-688-8111,高橋　真,高橋　真,内　胃,,平10. 4. 23,ika
診療所,03,1610091,植田内科消化器科医院,滝沢市穴口１８３番地３,019-643-5511,植田　修,植田　修,内　胃　消,,平11. 1. 23,ika
診療所,03,1610109,松尾皮膚科,滝沢市牧野林１０１０番地１１,019-699-2020,松尾　尚,松尾　尚,皮,,平11. 3. 8,ika
診療所,03,1610133,サマリヤ眼科クリニック,滝沢市巣子１１５５番地８,019-688-8158,坂本　淳,坂本　淳,眼,,平13. 6. 1,ika
診療所,03,1610141,金井耳鼻咽喉科クリニック,滝沢市狼久保６８９番５,019-694-9222,金井　猛,金井　猛,耳い　気食　アレ,,平15. 7. 23,ika
診療所,03,1610158,立本整形外科いたみのクリニック,滝沢市穴口３２５番地７,019-605-3888,医療法人翔悠会　理事長　立本　仁,立本　仁,整外,,平17. 4. 1,ika
診療所,03,1610166,こんの神経内科・脳神経外科クリニック,滝沢市牧野林１０１０番地４,019-699-1111,医療法人館　理事長　紺野　敏昭,山原　可奈子,脳内　脳外　リハ　内,,平17. 8. 1,ika
診療所,03,1610174,ゆとりが丘クリニック,滝沢市土沢５４１番地,019-699-1122,医療法人北点舎　理事長　高橋　清実,高橋　清実,内　呼　胃　放,,平18. 2. 1,ika
診療所,03,1610182,あべ整形外科医院,滝沢市巣子１１５６番地２２,019-688-1600,医療法人柿の実会　理事長　阿部　克久,阿部　克久,整外　外　リハ　リウ　皮,,平18. 8. 1,ika
診療所,03,1610190,山口クリニック,滝沢市穴口３７７番地１,019-641-6818,医療法人山口クリニック　理事長　山口　淑子,山口　智子,小,,平19. 3. 1,ika
診療所,03,1610216,杉江内科クリニック,滝沢市野沢６２番地１０１７,019-656-9177,杉江　尚,杉江　尚,内　呼　胃　循　放　アレ,,平20. 10. 1,ika
病院,03,1610232,医療法人社団松誠会　滝沢中央病院,滝沢市鵜飼笹森４２番地２,019-684-1151,医療法人社団　松誠会　理事長　伊藤　浩信,山内　広平,一般　療養　内　外　乳腺外科　婦　皮　呼内　リハ　糖尿病内科　内視鏡内科　総合診療科　循環器内科　アレ　整外,,平28. 2. 1,ika
診療所,03,1610257,巣子こどもクリニック,滝沢市狼久保６８８番地１,019-681-7217,医療法人　山口クリニック　理事長　山口　淑子,小西　峯生,小,,令6. 2. 24,ika
診療所,03,1610265,飯島医院,滝沢市鵜飼狐洞１番地３０７,019-684-1001,医療法人飯島医院　理事長　飯島　信,飯島　信,外　内　消,,令7. 10. 1,ika
診療所,03,1610273,わだ小児科クリニック,滝沢市鵜飼御庭田６５番地２,019-601-8160,和田　泰格,和田　泰格,小　小児内分泌内科　小児糖尿病内科　アレ　内,,令8. 5. 18,ika
診療所,03,1610281,木村内科ハートクリニック,滝沢市土沢３１０番地１０２,019-699-1260,医療法人社団優心会　理事長　木村　琢巳,木村　琢巳,循環器内科　内　呼吸器内科　糖尿病内科,,令8. 4. 1,ika
診療所,03,2110125,岩手県立中央病院附属南山形診療所,岩手郡岩手町川口第２８地割１３番地のイ号字桜,0195-62-9011,岩手県　代表者　県立病院等事業管理者　医療局長　吉田　陽悦,千葉　覚,内,,昭35. 7. 11,ika
診療所,03,2110398,上原小児科医院,岩手郡雫石町八卦１番地１６,019-692-3907,上原　充郎,上原　充郎,一般　小,,昭49. 7. 1,ika
診療所,03,2110695,篠村医院,岩手郡雫石町寺の下１０５番地１２,019-692-5151,篠村　達雅,篠村　達雅,胃　外　こう,,昭58. 4. 11,ika
病院,03,2110752,鶯宿温泉病院,岩手郡雫石町大字南畑第３２地割字南桝沢２６５番地,019-695-2321,社団医療法人康生会　理事長　田中　由紀子,瀬川　泰幸,療養　療養　整外　消　循　外　内　リハ　リウ　麻,88,昭60. 7. 1,ika
病院,03,2110919,いわてリハビリテーションセンター,岩手郡雫石町七ツ森１６番地２４３,019-692-5800,岩手県知事　達増　拓也,佐藤　義朝,一般　一般　リハ　整外　脳外　脳内　歯,100,平5. 10. 1,shika
診療所,03,2110968,佐渡医院,岩手郡岩手町大字五日市第１０地割１７５番地１５,0195-62-3211,医療法人徳政堂　理事長　佐渡　豊,佐渡　豊,一般　療養　介護　脳外　内　心内　外　整外,,平7. 3. 1,ika
診療所,03,2111180,塚谷医院,岩手郡岩手町大字江刈内第１０地割４５番地１,0195-62-1155,医療法人朔北会　理事長　塚谷　栄紀,塚谷　栄紀,内　小　婦,,平12. 1. 1,ika
診療所,03,2111198,小豆嶋眼科クリニック,岩手郡岩手町大字五日市第１０地割１３０番地９,0195-61-1117,医療法人慶正会　理事長　小豆嶋　正博,小豆嶋　純子,眼,,平12. 3. 1,ika
診療所,03,2111255,岩手沼宮内クリニック,岩手郡岩手町大字子抱第５地割６番地８,0195-61-2025,医療法人青松会　理事長　前田　憲一,前田　憲一,透析　ひ　内　外,,平14. 3. 18,ika
診療所,03,2111388,盛岡医療生活協同組合　さわやかクリニック,岩手郡岩手町江刈内第１０地割４７番２,0195-62-2043,盛岡医療生活協同組合　理事長　田村　茂,伊藤　俊一,内　消　循　耳い　リハ,,平17. 11. 1,ika
診療所,03,2111453,雫石町立雫石診療所,岩手郡雫石町万田渡７４番地１,019-692-3155,雫石町長　猿子　恵久,七海　敏之,一般　一般　内,19,平19. 4. 1,ika
診療所,03,2111487,医療法人社団銀河　雫石大森クリニック,岩手郡雫石町千刈田７９番地２,019-691-2345,医療法人社団銀河　理事長　大森　浩明,大森　浩明,内　消化器内科　外　肛門外科　眼,,平20. 4. 1,ika
診療所,03,2111511,岩手県立中央病院附属沼宮内地域診療センター,岩手郡岩手町大字五日市第１０地割４番地７,0195-62-2511,岩手県　代表者　県立病院等事業管理者　医療局長　吉田　陽悦,千葉　覚,一般　一般　内　外　整外　リハ,19,平23. 4. 1,ika
診療所,03,2111529,北上脳神経外科クリニック,岩手郡岩手町大字五日市第１１地割７９番地６５,0195-61-3636,医療法人明恵会　理事長　北上　明,北上　明,脳外　内　神内　リハ　整外　外,,平23. 6. 1,ika
病院,03,2111560,国民健康保険葛巻病院,岩手郡葛巻町葛巻第１６地割１番地１,0195-66-2311,葛巻町長　鈴木　重男,伊藤　達朗,一般　一般　内　外　眼　小　産婦,60,平29. 9. 1,ika
診療所,03,2111594,和や家在宅クリニック岩手町,岩手郡岩手町大字沼宮内第１８地割８５番地２,050-5471-3602,医療法人Ｔ＆Ｂ　理事長　冨澤　勇貴,冨澤　勇貴,外　内,,令6. 4. 1,ika
診療所,03,2111602,佐藤整形外科クリニック,岩手郡岩手町大字江刈内第７地割１０番１号,0195-68-7240,医療法人北整会　理事長　佐藤　正義,佐藤　正義,整外　リハ　リウ,,令6. 9. 1,ika
病院,03,2210404,医療法人社団帰厚堂南昌病院,紫波郡矢巾町大字広宮沢第１地割２番１８１,019-697-5211,医療法人社団帰厚堂　理事長　木村　宗孝,木村　尚人,一般　一般　療養　療養　内　脳内　循環器内科　外　整外　脳外　リハ,180,昭53. 10. 16,ika
診療所,03,2210453,横川産婦人科医院,紫波郡紫波町北日詰字東ノ坊２８番地３,019-676-3811,横川　吉男,横川　吉男,産婦,,昭55. 1. 6,ika
診療所,03,2210651,渡辺内科医院,紫波郡紫波町日詰字下丸森１２２番地３,019-672-3667,医療法人　芳譲会　理事長　渡邊　立夫,渡邊　收司,内,,平元. 11. 1,ika
病院,03,2210719,平和台病院,紫波郡紫波町犬渕字南谷地１１０番地５,019-672-2266,社団医療法人法成会　理事長　伴　亨,伊藤　欣司,精神　精神　精,276,平4. 8. 1,ika
診療所,03,2210735,紫波皮フ科医院,紫波郡紫波町日詰字郡山駅２１１番地,019-672-5134,木村　達郎,木村　達郎,皮,,平4. 12. 1,ika
診療所,03,2210743,高宮消化器科内科医院,紫波郡矢巾町大字西徳田第２地割１０６番地３,019-697-7030,社団医療法人緑風会　理事長　髙宮　秀式,髙宮　秀式,内　消　呼　循,,平6. 1. 1,ika
診療所,03,2210784,医療法人はたふく医院,紫波郡紫波町日詰字石田３番地の２,019-672-2121,医療法人はたふく医院　理事長　籏福　公正,籏福　公正,内　小　呼内　消化器内科　循環器内科,,平8. 7. 1,ika
診療所,03,2210818,三愛病院附属矢巾クリニック,紫波郡矢巾町高田第１１地割２５番地２,019-697-1131,医療法人社団恵仁会三愛病院　理事長　山内　文俊,藤島　幹彦,ひ　内　循環器内科,,平9. 1. 13,ika
診療所,03,2210834,Ｅ．肌クリニック不来方,紫波郡矢巾町大字南矢幅第８地割２４４番地,019-698-1152,遠藤　直樹,遠藤　直樹,皮　アレ　美容皮膚科,,平11. 1. 1,ika
診療所,03,2210842,川守田医院,紫波郡紫波町日詰駅前一丁目８番２,019-676-5553,川守田　安彦,川守田　安彦,内　小,,平11. 5. 1,ika
診療所,03,2210891,やはば眼科,紫波郡矢巾町大字南矢幅第９地割１９６番地,019-698-3003,医療法人紀芳会　理事長　志和　克紀,志和　克紀,眼,,平13. 7. 3,ika
病院,03,2210917,みちのく療育園メディカルセンター,紫波郡矢巾町大字煙山第２４地割１番地,019-611-0600,社会福祉法人新生会　理事長　阿部　肇男,小山　耕太郎,一般　一般　小　内　整外　耳い　リハ　精　歯,60,平13. 7. 1,shika
診療所,03,2210941,志和診療所,紫波郡紫波町上平沢字川原５２番地,019-673-7805,城戸　正美,城戸　正美,内,,平16. 1. 1,ika
診療所,03,2210966,はこざき脳神経外科クリニック,紫波郡紫波町桜町字三本木１６７番地１,019-671-1515,医療法人誠美会　理事長　箱﨑　誠司,箱﨑　誠司,脳外　神内　整外　リハ,,平16. 9. 1,ika
診療所,03,2211006,成田内科胃腸科医院,紫波郡矢巾町大字又兵エ新田第８地割１０１番地,019-698-1212,医療法人知惠会　理事長　成田　知史,成田　知史,内　消化器内科　肝臓内科　糖尿病内科　胃腸内科,,平19. 3. 1,ika
診療所,03,2211014,南矢巾ハートクリニック,紫波郡矢巾町南矢幅第６地割１４３番地３１,019-698-1010,佐藤　義浩,佐藤　義浩,内　循環器内科　呼吸器内科,,平20. 4. 1,ika
診療所,03,2211030,せき内科胃腸クリニック,紫波郡矢巾町大字西徳田第５地割１番地４,019-698-4441,医療法人英　理事長　関　英政,関　英政,内　胃,,平21. 4. 1,ika
診療所,03,2211055,堀江医院,紫波郡矢巾町西徳田第６地割１４３番地,019-681-8868,堀江　圭,堀江　圭,外　内　呼　小　整外　麻　心外,,平23. 6. 24,ika
診療所,03,2211071,なおしま医院,紫波郡紫波町上平沢字川原田３３番地５,019-673-6967,医療法人清風会　理事長　直島　淳太,直島　淳太,内　麻,,平24. 11. 1,ika
診療所,03,2211089,野崎内科・神経内科医院,紫波郡紫波町高水寺字大坊１８３番地１,019-671-2011,野崎　有一,野崎　有一,神内　内,,平25. 4. 8,ika
診療所,03,2211105,こずかた診療所,紫波郡矢巾町大字又兵エ新田第５地割３３５番地,019-698-3033,医療法人社団帰厚堂　理事長　木村　宗孝,藤島　行輝,内　脳内　整外　脳外,,平25. 4. 1,ika
診療所,03,2211121,徳永整形外科,紫波郡矢巾町大字南矢幅第９地割３２０番地,019-697-1101,医療法人泰三会　徳永　三郎,徳永　三郎,整外　リウ　リハ　外,,平26. 2. 1,ika
診療所,03,2211139,紫波中央眼科,紫波郡紫波町紫波中央駅前２丁目３番地３　オガールプラザ東棟１階,019-681-7595,医療法人紫波中央眼科　理事長　早坂　朗,早坂　朗,眼,,平26. 9. 1,ika
診療所,03,2211147,おぼない内科クリニック,紫波郡矢巾町大字南矢幅第８地割２３５番地,019-698-1190,医療法人　恵生会　理事長　生内　久人,生内　久人,循環器内科　内,,平28. 2. 1,ika
診療所,03,2211154,やはば産婦人科,紫波郡矢巾町医大通二丁目４番６号,019-698-1122,新沼　武成,新沼　武成,一般　一般　産　婦,19,平28. 6. 11,ika
病院,03,2211170,岩手県立療育センター,紫波郡矢巾町医大通二丁目１番３号,019-601-2777,岩手県知事　達増　拓也,亀井　淳,一般　一般　小　整外　神内　ひ　眼　耳い　リハ　歯　児童精神科,60,平30. 1. 5,shika
診療所,03,2211188,けんたろうこどもクリニック,紫波郡矢巾町大字西徳田第５地割２番地４,019-656-1011,田中　健太郎,田中　健太郎,小,,平30. 6. 1,ika
診療所,03,2211196,あいのの皮フ科クリニック,紫波郡矢巾町大字間野々第９地割２０２番地,019-697-2150,齊藤　恵,齊藤　恵,皮　小児皮膚科　アレ,,平31. 3. 22,ika
診療所,03,2211204,紫波中央小児科,紫波郡紫波町紫波中央駅前二丁目３番地９４,019-672-1110,医療法人社団つばめ　理事長　武藤　秀和,武藤　秀和,小　アレ,,令元. 9. 1,ika
病院,03,2211212,岩手医科大学附属病院,紫波郡矢巾町医大通二丁目１番１号,019-613-7111,学校法人岩手医科大学　理事長　祖父江　憲治,小笠原　邦昭,一般　一般　精神　精神　内科　肝臓内科　糖尿病・代謝内科　内分泌内科　腎臓内科　血液・腫瘍内科　消化器内科　消化器外科　循環器内科　呼内　心内　アレ　神内　老年内科　緩和ケア内科　外科　肝臓外科　乳腺外科　気管食道外科　頭頸部外科　小児外科　小　脳外　呼外　整外　リハ　リウ　形外　美外　産婦　耳い　眼　皮　ひ　放射線診断科　放射線治療科　麻　精神科　児童精神科　救急科　臨床　病理　心外　歯　矯歯　小歯　歯外,950,令元. 9. 21,ika
診療所,03,2211220,公益財団法人岩手県対がん協会附属矢巾診療所,紫波郡矢巾町医大通二丁目１番６号,019-618-0150,公益財団法人岩手県対がん協会　代表理事　祖父江　憲治,村上　晶彦,内　胃腸内科　消化器内科　婦,,令3. 2. 1,ika
診療所,03,2211253,平井医院,紫波郡紫波町日詰字下丸森１３８番地２,019-672-3200,平井　大士,平井　大士,小　内,,令6. 4. 1,ika
診療所,03,2211261,紫波整形外科クリニック,紫波郡紫波町日詰字東裏２０番地２,019-656-1150,医療法人社団しわみらい会　理事長　多田　広志,多田　広志,整外　外　リハ　リウ,,令6. 10. 1,ika
診療所,03,2211279,いしかわ耳鼻咽喉科めまいクリニック,紫波郡矢巾町南矢幅第７地割４５５番地,019-611-0133,医療法人社団健幸会　理事長　石川　健,石川　健,耳い,,令7. 5. 1,ika
診療所,03,2211287,ふるだて加藤肛門外科クリニック,紫波郡紫波町高水寺古屋敷８７番地１,019-671-1717,加藤　久仁之,加藤　久仁之,一般　一般　肛門外科　外,8,令8. 1. 1,ika
診療所,03,2211295,紫波循環器内科クリニック,紫波郡紫波町日詰東裏２０番地１,019-656-1199,長井　瑞祥,長井　瑞祥,循環器内科　内,,令8. 6. 1,ika
診療所,03,2410350,佐々木内科小児科医院,和賀郡西和賀町湯本３０地割８０番地８,0197-84-2352,医療法人社団真心会　理事長　佐々木　勉,佐々木　勉,内　小,,昭62. 5. 1,ika
診療所,03,2410467,さわうち協立診療所,和賀郡西和賀町沢内字新町４地割１６番地１,0197-85-3101,医療法人協和会　理事長　田中　佳博,田中　佳博,内　小　外　整外　皮　ひ　リハ　心内,,平19. 1. 4,ika
病院,03,2410475,町立西和賀さわうち病院,和賀郡西和賀町沢内字大野１３地割３番地１２,0197-85-3131,西和賀町長　内記　和彦,小原　眞,一般　一般　内　外　小　眼　耳い　ひ　整外　神内　循環器内科　歯　歯外　皮,40,平26. 10. 14,shika
診療所,03,2410483,赤坂医院,和賀郡西和賀町湯本２９地割６６番地４,0197-84-2121,社団医療法人康生会　理事長　田中　由紀子,赤坂　隆之,内　外　ひ　整外　皮,,令6. 4. 1,ika
診療所,03,2510423,公益財団法人岩手県予防医学協会　県南センター付属診療所,胆沢郡金ケ崎町西根前野２０９番地１,0197-44-5711,公益財団法人岩手県予防医学協会　会長　本間　博,佐藤　日出夫,内　呼内　婦　放　循環器内科,,平5. 12. 1,ika
診療所,03,2510514,村井小児科クリニック,胆沢郡金ケ崎町西根下谷地９３番１,0197-41-1881,村井　かほり,村井　かほり,小,,平18. 9. 21,ika
診療所,03,2510522,花憩庵クリニック,胆沢郡金ケ崎町西根谷来浦４６番地１,0197-42-5001,医療法人社団創生会　理事長　上田　雅道,阿部　裕行,内　リハ,,平22. 4. 1,ika
診療所,03,2510530,ありすみ内科クリニック,胆沢郡金ケ崎町西根町裏６６番地,0197-42-2444,有住　純也,有住　純也,内　小　呼内　消化器内科　循環器内科,,平24. 10. 1,ika
診療所,03,2510548,金ケ崎町国民健康保険金ケ崎診療所,胆沢郡金ケ崎町西根鑓水９８番地,0197-44-2121,金ケ崎町長　高橋　文浩,阿部　俊和,内　ひ　外　婦　神内　眼　整外　肛門外科　循環器内科　呼内,,平29. 10. 10,ika
診療所,03,2610264,ひらいずみ内科クリニック,西磐井郡平泉町平泉字志羅山３番６,0191-34-1133,医療法人けやき　理事長　小野寺　正輝,小野寺　正輝,内　呼内　消化器内科　循環器内科,,令3. 4. 1,ika
診療所,03,2810138,岩手県立大船渡病院附属住田地域診療センター,気仙郡住田町世田米字大崎２２番地１,0192-46-3121,岩手県　代表者　県立病院等事業管理者　医療局長　吉田　陽悦,工藤　正一郎,一般　一般　内　外,19,平20. 4. 1,ika
診療所,03,2910284,道又内科小児科医院,上閉伊郡大槌町大槌第１５地割字辺地ケ沢９５番２５５,0193-42-2500,道又　衛,道又　衛,内　小,,平24. 8. 1,ika
診療所,03,2910292,大槌おおのクリニック,上閉伊郡大槌町吉里吉里二丁目９番２０号,0193-44-3122,大野　忠広,大野　忠広,内　循環器内科,,平25. 4. 11,ika
診療所,03,2910300,藤井小児科内科クリニック,上閉伊郡大槌町小鎚第２７地割３番地４シーサイドタウンマスト２階,0193-42-7788,藤井　敏司,藤井　敏司,内　小　皮　耳い,,平25. 12. 1,ika
診療所,03,2910318,植田医院,上閉伊郡大槌町小鎚第２３地割２３－１,0193-42-2130,植田　俊郎,植田　俊郎,内　小,,平27. 2. 23,ika
病院,03,2910326,岩手県立大槌病院,上閉伊郡大槌町小鎚第２３地割字寺野１番地１,0193-42-2121,岩手県　代表者　県立病院等事業管理者　医療局長　吉田　陽悦,石黒　保直,一般　一般　内　外　整外　眼　リハ,50,平28. 5. 1,ika
診療所,03,2910334,ふじまる内科医院,上閉伊郡大槌町上町１番１６号,0193-27-5151,藤丸　潔,藤丸　潔,内　消化器内科,,平29. 11. 1,ika
診療所,03,2910342,おしゃち外科クリニック,上閉伊郡大槌町大町６番５号,0193-27-5656,小笠原　聡,小笠原　聡,外　整外　皮　内分泌内科,,令4. 2. 2,ika
診療所,03,3010159,社会福祉法人恩賜財団岩手県済生会　岩泉病院附属有芸診療所,下閉伊郡岩泉町上有芸字猿ケ渕５番地４,0194-27-2118,社会福祉法人恩賜財団済生会支部岩手県済生会　支部長　伊藤　彬,柴野　良博,内,,昭34. 10. 2,ika
診療所,03,3010217,国民健康保険田野畑村診療所,下閉伊郡田野畑村田野畑１２０番地３,0194-33-3101,田野畑村長　佐々木　靖,中村　翔也,内　外　小,,昭41. 7. 1,ika
病院,03,3010225,社会福祉法人恩賜財団岩手県済生会岩泉病院,下閉伊郡岩泉町岩泉字中家１９番地１,0194-22-2151,社会福祉法人恩賜財団済生会支部岩手県済生会　支部長　髙橋　敏彦,吉田　徹,一般　一般　内　小　外　整外　脳外　眼,60,昭42. 11. 1,ika
診療所,03,3010555,普代村国民健康保険診療所,下閉伊郡普代村第１０地割字羅賀４番地１,0194-35-2517,普代村長　柾屋　伸夫,荒谷　宗充,一般　内　老人内科　糖尿病代謝内科　外,,平3. 5. 1,ika
診療所,03,3010605,岩泉町大川診療所,下閉伊郡岩泉町大川字下町６５番地１,0194-26-2101,岩泉町長　佐々木　真,吉田　徹,内　外,,平11. 7. 1,ika
診療所,03,3010613,岩泉町釜津田診療所,下閉伊郡岩泉町釜津田字沢口３６番地１,0194-29-2933,岩泉町長　佐々木　真,吉田　徹,内　外,,平12. 4. 1,ika
診療所,03,3010696,医療法人晃生会　近藤医院,下閉伊郡山田町飯岡第９地割２３番地１,0193-82-3328,医療法人晃生会　理事長　近藤　晃弘,近藤　晃弘,内　小　整外　リハ　循環器内科,,平26. 6. 2,ika
診療所,03,3010704,岩泉町小本診療所,下閉伊郡岩泉町小本字南中野２３９番地１,0194-28-3331,岩泉町長　佐々木　真,吉田　徹,内　外,,平28. 1. 1,ika
病院,03,3010712,岩手県立山田病院,下閉伊郡山田町飯岡第１地割２１番地１,0193-82-2111,岩手県　代表者　県立病院等事業管理者　医療局長　吉田　陽悦,藤社　勉,一般　一般　内　外　小　整外　眼　リハ,50,平28. 9. 1,ika
診療所,03,3010720,岩泉町安家診療所,下閉伊郡岩泉町安家字日蔭６６番地,0194-22-2111,岩泉町長　佐々木　真,吉田　徹,内　外,,令2. 6. 1,ika
診療所,03,3010738,岩泉町小川診療所,下閉伊郡岩泉町門字町６６番地１,0194-22-2111,岩泉町長　佐々木　真,吉田　徹,内　外,,令3. 10. 1,ika
診療所,03,3010746,後藤医院,下閉伊郡山田町長崎四丁目１２番１０号,0193-82-6690,医療法人社団こうぶん会　理事長　後藤　康樹,後藤　尚,ひ　皮,,令6. 4. 1,ika
病院,03,3110157,洋野町国民健康保険種市病院,九戸郡洋野町種市第２３地割２７番地２,0194-65-2127,洋野町長　岡本　正善,磯崎　一太,一般　一般　内　外　皮　整外,41,昭43. 12. 19,ika
診療所,03,3110249,大関内科医院,九戸郡洋野町種市第２３地割７９番地４４,0194-65-2311,大関　哲郎,大関　哲郎,内　消　循,,平2. 3. 29,ika
病院,03,3110256,岩手県立軽米病院,九戸郡軽米町大字軽米第２地割５４番地５,0195-46-2411,岩手県　代表者　県立病院等事業管理者　医療局長　吉田　陽悦,西　敏史,一般　一般　療養　療養　内　精　外　リハ　小　循環器内科　眼　整外,98,平3. 6. 1,ika
診療所,03,3110272,洋野町国民健康保険大野診療所,九戸郡洋野町大野第８地割８３番地４,0194-77-2100,洋野町長　岡本　正善,菅原　敏,一般　内,,平4. 5. 1,ika
診療所,03,3110298,むらかみ医院いたみのクリニック,九戸郡軽米町大字上舘第１５地割８６番地９,0195-48-1500,村上　弘治,村上　弘治,外　内　皮　胃腸・肛門科,,平14. 12. 10,ika
診療所,03,3110348,小野寺クリニック,九戸郡軽米町軽米第三地割５２番地３,0195-46-2822,小野寺　孝文,小野寺　孝文,ひ　内　皮,,平17. 10. 1,ika
診療所,03,3110355,岩手県立二戸病院附属九戸地域診療センター,九戸郡九戸村大字伊保内第７地割３５番地１,0195-42-2151,岩手県　代表者　県立病院等事業管理者　医療局長　吉田　陽悦,武田　力男,一般　一般　内　外　精,19,平19. 4. 1,ika
診療所,03,3110363,おしかわ内科クリニック,九戸郡野田村大字野田第２０地割２５番地２,0194-71-1600,押川　公裕,押川　公裕,内　呼　消　循,,平24. 8. 6,ika
診療所,03,3110371,じょうないクリニック,九戸郡洋野町種市第５６地割８０番地１,0194-66-7575,社会福祉法人尽誠会　理事長　鈴木　修,江渡　恒,内,,平30. 6. 1,ika
診療所,03,3210247,松井内科医院,二戸郡一戸町一戸字本町５８番地,0195-33-2201,医療法人　松井内科医院　理事長　中野　理恵子,松井　美紀夫,一般　内　呼内　循環器内科　消化器内科　糖尿病内科　アレ　神内,,平4. 8. 1,ika
病院,03,3210296,岩手県立一戸病院,二戸郡一戸町一戸字砂森６０番地１,0195-33-3101,岩手県　代表者　県立病院等事業管理者　医療局長　吉田　陽悦,佐々木　由佳,一般　一般　一般（感染）　感染　精神　内科　脳神経内科　精　小　外　整外　皮　耳い　リハ　歯,199,平12. 4. 1,shika
診療所,03,3210312,中山の園診療所,二戸郡一戸町中山字軽井沢１３９番地１,0195-35-2121,社会福祉法人岩手県社会福祉事業団　理事長　八重樫　幸治,佐藤　元昭,内　精　歯,,平18. 5. 1,shika
診療所,03,3210338,いちのへ内科クリニック,二戸郡一戸町高善寺字野田１１０番地１,0195-33-2701,浪岡　宏,浪岡　宏,内,,平20. 8. 1,ika
診療所,03,3210353,小鳥谷診療所,二戸郡一戸町小鳥谷字中屋敷上１番地３,0195-34-3501,一般社団法人小鳥谷診療所　代表理事　小野寺　美登,小野寺　沙織,内,,平26. 4. 1,ika
診療所,03,3210361,一戸森眼科,二戸郡一戸町一戸字向町１０８番地１,0195-26-8001,医療法人社団緑翠堂　理事長　森　春樹,菅原　剛,眼,,平29. 12. 21,ika
診療所,03,3210387,小野寺内科医院,二戸郡一戸町一戸字向町１４８番地１,0195-33-2505,医療法人　小野寺内科医院　理事長　小野寺　正幸,小野寺　正幸,循環器内科　内　消化器内科,,令5. 4. 1,ika
病院,03,8010014,独立行政法人国立病院機構盛岡医療センター,盛岡市青山一丁目２５番１号,019-647-2195,独立行政法人国立病院機構　理事長　新木　一弘,篠崎　毅,一般　一般　結核　呼内　小　外　整外　リハ　放　麻　リウ　アレ　歯　内　消化器内科　循環器内科　泌尿器内科　脳内　脳外,250,昭32. 7. 1,shika
病院,03,8010022,独立行政法人国立病院機構釜石病院,釜石市定内町四丁目７番１号,0193-23-7111,独立行政法人国立病院機構　理事長　新木　一弘,笹生　昌之,一般　一般　内　神内　小　リハ　歯,130,昭32. 7. 1,shika
病院,03,8010048,独立行政法人国立病院機構花巻病院,花巻市諏訪５００番地,0198-24-0511,独立行政法人国立病院機構　理事長　新木　一弘,本村　啓介,一般　一般　精神　精神　精　内　神　小　整外　リハ　歯,204,昭32. 7. 1,shika
病院,03,8010063,独立行政法人国立病院機構岩手病院,一関市山目字泥田山下４８番地,0191-25-2221,独立行政法人国立病院機構　理事長　新木　一弘,齋藤　桂一,一般　一般　脳内　循環器内科　消化器内科　内　呼内　小　心内　外　脳外　リハ　歯,250,平12. 9. 1,shika
歯科,03,2211212,岩手医科大学附属病院,紫波郡矢巾町医大通二丁目１番１号,019-613-7111,学校法人岩手医科大学　理事長　祖父江　憲治,小笠原　邦昭,一般　一般　精神　精神　内科　肝臓内科　糖尿病・代謝内科　内分泌内科　腎臓内科　血液・腫瘍内科　消化器内科　消化器外科　循環器内科　呼内　心内　アレ　神内　老年内科　緩和ケア内科　外科　肝臓外科　乳腺外科　気管食道外科　頭頸部外科　小児外科　小　脳外　呼外　整外　リハ　リウ　形外　美外　産婦　耳い　眼　皮　ひ　放射線診断科　放射線治療科　麻　精神科　児童精神科　救急科　臨床　病理　心外　歯　矯歯　小歯　歯外,950,令元. 9. 21,shika
診療所,03,0130485,鈴木歯科クリニック,盛岡市中央通三丁目７番１号　政経ビル２Ｆ,019-651-0151,鈴木　英夫,鈴木　英夫,歯,,昭47. 12. 21,shika
診療所,03,0131012,黒江歯科医院,盛岡市若園町１０番２号,019-624-6624,黒江　俊,黒江　俊,歯,,昭53. 1. 14,shika
診療所,03,0131046,中野歯科クリニック,盛岡市中野一丁目１７番１号,019-653-1821,佐々木　隆博,佐々木　隆博,歯　矯歯　小歯,,昭53. 8. 28,shika
診療所,03,0131228,大館歯科クリニック,盛岡市大館町２６番５０号,019-646-6825,岡村　賢治,岡村　賢治,歯　小歯　歯外,,昭54. 11. 11,shika
診療所,03,0131251,野手歯科医院,盛岡市みたけ六丁目１番１１号,019-641-0086,野手　清,野手　清,歯　小歯,,昭54. 12. 15,shika
診療所,03,0131285,外川歯科医院,盛岡市山岸一丁目２番４６号,019-653-6480,外川　正,外川　正,歯,,昭55. 7. 14,shika
診療所,03,0131400,千葉歯科,盛岡市盛岡駅前北通２番２５号,019-653-3321,千葉　美知子,千葉　美知子,歯　小歯　矯歯,,昭56. 4. 10,shika
診療所,03,0131426,うしぶくろ歯科医院,盛岡市中堤町１３番４３号,019-647-8668,牛袋　徳道,牛袋　徳道,歯　矯歯　小歯,,昭56. 6. 10,shika
診療所,03,0131483,橋浦歯科診療所,盛岡市西松園一丁目３番８号,019-662-8151,橋浦　礼二郎,橋浦　礼二郎,歯　小歯,,昭57. 4. 1,shika
診療所,03,0131608,黒石野歯科医院,盛岡市黒石野二丁目１３番４４号,019-662-5678,武田　秀雄,武田　秀雄,歯,,昭58. 7. 5,shika
診療所,03,0131624,柴田歯科医院,盛岡市肴町５番５号,019-651-6710,柴田　理,柴田　理,歯,,昭58. 8. 2,shika
診療所,03,0131632,茶畑歯科医院,盛岡市茶畑一丁目８番１８号,019-653-2545,大林　勢津子,大林　勢津子,歯,,昭58. 9. 22,shika
診療所,03,0131665,国労会館歯科,盛岡市盛岡駅前北通４番４号国労会館２階,019-653-5228,千葉　啓二,千葉　啓二,歯,,昭59. 2. 1,shika
診療所,03,0131723,前川歯科クリニック,盛岡市新田町９番１５号,019-653-3200,前川　秀憲,前川　秀憲,歯,,昭60. 4. 1,shika
診療所,03,0131806,攝待歯科医院,盛岡市東松園三丁目２８番１号,019-663-0110,攝待　成宏,攝待　成宏,歯　矯歯　小歯,,昭63. 4. 11,shika
診療所,03,0131863,小笠原歯科医院,盛岡市清水町６番２８号,019-623-7227,小笠原　宰記,小笠原　宰記,歯,,平元. 8. 1,shika
診療所,03,0131897,黒田歯科クリニック,盛岡市上田一丁目５番３８号,019-625-8889,黒田　康之,黒田　康之,歯,,平元. 10. 2,shika
診療所,03,0131988,中村歯科医院,盛岡市仙北二丁目１０番７号,019-635-3777,中村　裕子,中村　裕子,歯　小歯　歯外　矯歯,,平3. 3. 1,shika
診療所,03,0132002,いとう歯科医院,盛岡市東山一丁目１９番２１号,019-626-5252,伊藤　学,伊藤　学,歯　小歯,,平3. 4. 12,shika
診療所,03,0132077,米内歯科医院,盛岡市三本柳１１地割１２番地２,019-637-2035,米内　正,米内　正,歯　歯外,,昭53. 5. 1,shika
診療所,03,0132085,近藤歯科クリニック,盛岡市永井２２地割４２番地２,019-638-8299,近藤　聖二,近藤　聖二,歯,,昭54. 5. 9,shika
診療所,03,0132176,西郷歯科医院,盛岡市西見前１４地割８３番地,019-638-7711,西郷　慶悦,西郷　慶悦,歯　小歯,,昭62. 11. 24,shika
診療所,03,0132200,小田中歯科医院,盛岡市湯沢西三丁目４番１号,019-637-7774,小田中　健策,小田中　健策,歯　歯外　矯歯,,平3. 4. 12,shika
診療所,03,0132218,ささき歯科医院,盛岡市三本柳第３地割１２番地７,019-637-8211,佐々木　憲明,佐々木　憲明,歯,,平3. 8. 20,shika
診療所,03,0132226,まゆみ歯科・小児歯科医院,盛岡市天神町１０番３号,019-651-6480,高橋　真弓,高橋　真弓,歯　矯歯　小歯,,平4. 4. 2,shika
診療所,03,0132242,小山田歯科クリニック,盛岡市南青山町３番１号,019-643-4618,小山田　勇樹,小山田　勇樹,歯,,平4. 4. 13,shika
診療所,03,0132267,はしば歯科医院,盛岡市山岸四丁目１０番３１号,019-662-7171,橋場　友幹,橋場　友幹,歯　歯外,,平4. 5. 13,shika
診療所,03,0132358,横藤歯科医院,盛岡市志家町１番２号,019-653-5577,横藤　英夫,横藤　英夫,歯　小歯　矯歯,,平5. 4. 1,shika
診療所,03,0132382,トシ歯科医院,盛岡市みたけ三丁目２７番１５号,019-641-7152,医療法人トシ歯科医院　理事長　佐々木　俊彦,佐々木　俊彦,歯　小歯,,平5. 8. 2,shika
診療所,03,0132390,松嶋歯科医院,盛岡市本宮一丁目９番８号,019-634-0488,医療法人拓心会　理事長　松嶋　正造,松嶋　正造,歯　歯外　小歯　矯歯,,平5. 9. 1,shika
診療所,03,0132416,松舘歯科医院,盛岡市太田七丁目２番４８号,019-659-2566,医療法人邦陽会　理事長　松舘　邦彦,松舘　邦彦,歯　矯歯　小歯　歯外,,平5. 12. 1,shika
診療所,03,0132440,佐藤たもつ歯科医院,盛岡市本宮一丁目２４番３号,019-636-0418,医療法人佐藤たもつ歯科医院　理事長　桂　翠,桂　翠,歯　小歯,,平6. 1. 1,shika
診療所,03,0132481,壱番舘歯科クリニック,盛岡市永井２２地割３番地１１８ＳＡＷＡＸ壱番舘１階,019-637-4618,澤井　泰董,澤井　泰董,歯　矯歯　小歯,,平6. 4. 2,shika
診療所,03,0132499,仙北坂歯科クリニック,盛岡市本宮二丁目１１番１６号,019-635-1641,菊地　博,菊地　博,歯　小歯,,平6. 5. 9,shika
診療所,03,0132515,高山歯科医院,盛岡市茶畑一丁目１番６号グリーンビレッジ盛岡Ｃ棟２０１号,019-651-8241,高山　透,高山　透,歯　矯歯　小歯,,平6. 8. 29,shika
診療所,03,0132531,前川歯科医院,盛岡市西青山一丁目１６番１７号,019-647-1411,前川　洋,前川　洋,歯　小歯,,平6. 8. 20,shika
診療所,03,0132556,医療法人広仁会　城西歯科クリニック,盛岡市城西町７番３５号,019-624-0531,医療法人広仁会　理事長　箱崎　渡,箱崎　渡,歯,,平6. 9. 1,shika
診療所,03,0132572,三善歯科医院,盛岡市西青山二丁目１８番４号,019-647-7666,三善　潤,三善　潤,歯,,平6. 10. 3,shika
診療所,03,0132622,ながはま歯科医院,盛岡市長田町２１番４３号,019-653-8911,長濱　博道,長濱　博道,歯,,平7. 4. 18,shika
診療所,03,0132630,宮田歯科医院,盛岡市高松二丁目２６番２７号,019-663-4848,宮田　右京,宮田　右京,歯,,平7. 5. 29,shika
診療所,03,0132671,遠藤歯科クリニック,盛岡市大沢川原三丁目６番３１号ライオンズマンション開運橋２１１号,019-629-1188,遠藤　哲彦,遠藤　哲彦,歯,,平7. 8. 10,shika
診療所,03,0132705,サンタウン歯科クリニック,盛岡市北松園二丁目１４番２号,019-661-1888,鈴木　洋之介,鈴木　洋之介,歯　小歯,,平7. 10. 20,shika
診療所,03,0132713,はぎわら歯科クリニック,盛岡市新田町１０番７号,019-626-3363,萩原　伸治,萩原　伸治,歯　矯歯　小歯,,平7. 12. 21,shika
診療所,03,0132721,小笠原歯科クリニック,盛岡市本宮三丁目３２番５号,0196-35-3500,医療法人大樹会　理事長　小笠原　洋人,小笠原　洋人,歯　矯歯　小歯,,平8. 2. 1,shika
診療所,03,0132747,和田歯科医院,盛岡市神明町２番５号,019-652-5011,和田　武彦,和田　武彦,歯　矯歯　小歯,,平8. 3. 15,shika
診療所,03,0132762,白石歯科クリニック,盛岡市下飯岡１１地割１２６番地１,019-638-0666,白石　秀幸,白石　秀幸,歯　矯歯　小歯,,平8. 5. 24,shika
診療所,03,0132770,ふじさわ歯科クリニック,盛岡市みたけ四丁目２４番３５号,019-646-0877,藤澤　,藤澤　,歯,,平8. 7. 27,shika
診療所,03,0132788,くろだ歯科医院,盛岡市三ツ割五丁目７番５号,019-663-6601,黒田　直寿,黒田　直寿,歯　小歯,,平8. 8. 10,shika
診療所,03,0132846,横矢歯科医院,盛岡市南大通二丁目４番１７号,019-626-9200,横矢　斉史,横矢　斉史,歯,,平9. 4. 21,shika
診療所,03,0132853,宮崎歯科医院,盛岡市茶畑二丁目７番２３号,019-626-1876,宮崎　宣政,宮崎　宣政,歯　小歯,,平9. 5. 20,shika
診療所,03,0132861,田中歯科医院,盛岡市上堂一丁目１６番２７号,019-645-2821,医療法人尽誠会　理事長　田中　健一,田中　崇一,歯,,平9. 6. 1,shika
診療所,03,0132887,佐藤博歯科医院,盛岡市上田一丁目７番１１号,019-621-7011,佐藤　博,佐藤　博,歯,,平9. 10. 13,shika
診療所,03,0132895,さとう歯科クリニック,盛岡市永井２０地割１番地９１,019-637-7373,医療法人　大志会　理事長　佐藤　昭人,佐藤　昭人,歯　小歯　歯外,,平9. 12. 1,shika
診療所,03,0132911,見前歯科クリニック,盛岡市西見前１５地割４番地４,019-637-8803,相澤　譲,相澤　譲,歯　小歯,,平10. 4. 1,shika
診療所,03,0132937,松田歯科医院,盛岡市中ノ橋通一丁目７番１号　３階,019-624-8848,松田　葉,松田　葉,歯　矯歯　小歯,,平10. 5. 15,shika
診療所,03,0133034,小川歯科医院,盛岡市黒川９地割２０番地８,019-696-2227,医療法人小川歯科医院　理事長　小川　邦明,小川　恵子,歯　矯歯　小歯　歯外,,平10. 12. 1,shika
診療所,03,0133059,細川歯科医院,盛岡市三ツ割二丁目１番１２号,019-665-0118,細川　貢,細川　貢,歯　小歯,,平11. 4. 30,shika
診療所,03,0133067,たかはし歯科医院,盛岡市月が丘一丁目２７番４５号エンジェルビルⅢ１－Ｂ,019-643-8880,高橋　賢司,高橋　賢司,歯　小歯,,平11. 4. 8,shika
診療所,03,0133083,太田歯科医院,盛岡市上太田金財１番地３,019-658-0039,村上　克利,村上　克利,歯　小歯　歯外,,平11. 6. 26,shika
診療所,03,0133125,やすの矯正歯科クリニック,盛岡市盛岡駅前通１４番９号平戸屋ビル２階,019-622-3877,安野　松王,安野　松王,矯歯,,平11. 7. 1,shika
診療所,03,0133141,西郷歯科医院,盛岡市高松一丁目１３番１５号,019-661-8110,西郷　史郎,西郷　史郎,歯　小歯　歯外,,平11. 9. 1,shika
診療所,03,0133166,上ノ橋歯科クリニック,盛岡市上ノ橋町１番４５号,019-622-4348,両川　卓司,両川　卓司,歯　小歯,,平11. 11. 1,shika
診療所,03,0133174,のむら歯科医院,盛岡市手代森１４地割１６番地２９,019-675-1188,野村　照彦,野村　照彦,歯,,平12. 3. 15,shika
診療所,03,0133182,加賀野歯科クリニック,盛岡市加賀野三丁目１番１１号,019-651-8974,佐藤　寿久,佐藤　寿久,歯　小歯,,平12. 5. 13,shika
診療所,03,0133190,ふじむら歯科医院,盛岡市肴町３番３０号パークハイツ中津川１０２号室,019-625-2418,藤村　三良,藤村　三良,歯　矯歯　小歯,,平12. 6. 1,shika
診療所,03,0133224,小泉歯科医院,盛岡市仙北三丁目１５番２６号,019-635-2292,小泉　光子,小泉　光子,歯,,平12. 9. 1,shika
診療所,03,0133232,しまざき歯科医院,盛岡市加賀野四丁目１５番３０号,019-656-8388,医療法人吉陽会　理事長　島﨑　操一,島﨑　操一,歯　歯外　小歯,,平12. 10. 1,shika
診療所,03,0133240,赤坂歯科医院,盛岡市八幡町１番１１号,019-622-5098,赤坂　栄里子,赤坂　栄里子,歯,,平13. 2. 1,shika
診療所,03,0133307,りょうわ歯科,盛岡市材木町６番２号,019-653-3636,吉田　裕則,吉田　裕則,歯　矯歯　小歯,,平13. 8. 1,shika
診療所,03,0133315,さいとう歯科医院,盛岡市厨川一丁目５番１号,019-641-3558,齋藤　雅人,齋藤　雅人,歯　小歯,,平13. 12. 15,shika
診療所,03,0133331,おとべ歯科クリニック,盛岡市乙部４地割１５番地２,019-696-3001,斗ケ澤　宜裕,斗ケ澤　宜裕,歯　小歯,,平14. 2. 22,shika
診療所,03,0133349,白倉歯科医院,盛岡市仙北三丁目１４番５７号,019-656-5218,白倉　義之,白倉　義之,歯,,平14. 4. 1,shika
診療所,03,0133356,遠藤歯科医院,盛岡市上厨川字横長根７６番地３,019-648-2010,遠藤　忠治,遠藤　忠治,歯　小歯,,平14. 4. 1,shika
診療所,03,0133364,小鳥沢歯科クリニック,盛岡市小鳥沢一丁目３４番１７号,019-664-1600,鈴木　俊一,鈴木　俊一,歯　小歯,,平14. 4. 30,shika
診療所,03,0133380,三條矯正歯科,盛岡市本町通二丁目４番３２号,019-654-3775,医療法人恵慈会　理事長　三條　晃,三條　晃,矯歯,,平14. 6. 17,shika
診療所,03,0133398,小林歯科医院,盛岡市菜園二丁目７番３３号東カンジェネラス菜園公園通り２階,019-654-1088,小林　琢三,小林　琢三,歯,,平14. 9. 1,shika
診療所,03,0133406,寛歯科クリニック,盛岡市内丸１７番３８号杜陵ビル２階,019-654-3316,医療法人　寛歯科クリニック　理事長　高橋　寛,高橋　寛,歯,,平14. 9. 1,shika
診療所,03,0133430,駅西通り　おばら歯科医院,盛岡市盛岡駅西通一丁目５番３号,019-652-2928,小原　賢一,小原　賢一,歯　小歯,,平14. 12. 3,shika
診療所,03,0133448,みやのデンタルオフィス,盛岡市中屋敷町７番１７号,019-643-5773,宮野　敦志,宮野　敦志,歯　矯歯　小歯　歯外,,平15. 1. 1,shika
診療所,03,0133455,向井田歯科医院,盛岡市梨木町１１番１号,019-606-8181,向井田　克,向井田　克,歯　歯外,,平15. 2. 5,shika
診療所,03,0133463,関歯科・口腔医療クリニック,盛岡市中央通三丁目１４番２９号,,関　克典,関　克典,歯　小歯　歯外,,平15. 5. 8,shika
診療所,03,0133471,どいじり歯科医院,盛岡市本宮五丁目９番１７号,019-631-1151,土井尻　康浩,土井尻　康浩,歯　小歯　歯外,,平15. 6. 3,shika
診療所,03,0133497,だいこく歯科医院,盛岡市仙北三丁目１１番４号,019-635-8141,医療法人だいこく歯科医院　理事長　大黒　英貴,大黒　英貴,歯　小歯,,平15. 8. 1,shika
診療所,03,0133505,なごみ矯正・デンタルクリニック,盛岡市前潟四丁目７番１号イオンモール盛岡１階,019-645-7530,小笠原　和志,小笠原　和志,矯歯　歯　小歯,,平15. 8. 7,shika
診療所,03,0133513,くろさわ歯科医院,盛岡市本町通二丁目３番１１号,019-621-1181,黒澤　正雄,黒澤　正雄,歯,,平15. 10. 2,shika
診療所,03,0133521,瀬川歯科医院,盛岡市志家町９番１２号,019-622-3508,瀬川　敦義,瀬川　敦義,歯　歯外,,平15. 10. 23,shika
診療所,03,0133554,あおば歯科小児歯科クリニック,盛岡市前九年三丁目１９番４６号,019-648-0222,佐藤　輝子,野坂　久美子,歯　小歯,,平15. 12. 24,shika
診療所,03,0133570,なかさと歯科医院,盛岡市緑が丘三丁目２番４４号,019-664-1781,中里　滋樹,中里　滋樹,歯　歯外,,平16. 4. 12,shika
診療所,03,0133588,金子歯科医院,盛岡市肴町４番２５号,019-622-2842,金子　良司,金子　良司,歯　小歯,,平16. 5. 1,shika
診療所,03,0133596,くどう歯科クリニック,盛岡市長橋町１６番２０号,019-648-7171,工藤　淳一,工藤　淳一,歯　小歯,,平16. 6. 7,shika
診療所,03,0133604,はし歯科こども歯科,盛岡市みたけ二丁目２１番３８号,019-648-0035,波紫　修一,波紫　修一,歯　矯歯　小歯,,平16. 7. 12,shika
診療所,03,0133612,かみはら歯科医院,盛岡市中ノ橋通一丁目８番２１号,019-654-4181,医療法人　かみはら　理事長　上原　豊,上原　豊,歯　小歯,,平16. 8. 20,shika
診療所,03,0133620,くまがい歯科クリニック,盛岡市津志田町二丁目１番７０号さくらビル１Ｆ,019-632-1188,熊谷　哲也,熊谷　哲也,歯　矯歯　小歯,,平16. 12. 7,shika
診療所,03,0133638,新津歯科クリニック,盛岡市神明町１０番３８号,019-623-4611,新津　二郎,新津　二郎,歯　小歯　歯外,,平17. 1. 5,shika
診療所,03,0133661,かまた歯科クリニック,盛岡市山岸二丁目１６番１２号,019-626-1777,船越　俊二,船越　俊二,歯,,平17. 6. 15,shika
診療所,03,0133703,高橋衛歯科医院,盛岡市北天昌寺町７番１０号,019-645-6969,医療法人高橋衛歯科医院　理事長　高橋　衛,金　俊介,歯　矯歯　小歯　歯外,,平17. 8. 1,shika
診療所,03,0133737,さくらだい外川歯科医院,盛岡市上米内字道ノ下３８番地９,019-663-6487,外川　正洋,外川　正洋,歯　小歯　歯外,,平17. 11. 21,shika
診療所,03,0133745,かめだ歯科医院,盛岡市本宮三丁目４６番３１号,019-634-0777,亀田　幸宏,亀田　幸宏,歯　小歯,,平17. 12. 14,shika
診療所,03,0133810,高橋歯科医院,盛岡市大通一丁目２番１号岩手県産業会館別館２階,019-651-0202,医療法人高橋歯科医院　理事長　高橋　秀典,高橋　秀典,歯　矯歯,,平18. 3. 1,shika
診療所,03,0133836,渋民歯科クリニック,盛岡市渋民字泉田２００番地,019-683-1800,千葉　晃揮,千葉　晃揮,歯　矯歯　歯外,,平18. 8. 16,shika
診療所,03,0133844,ヒデ・デンタルクリニック,盛岡市本宮七丁目１番１号,019-631-1418,佐々木　秀之,佐々木　秀之,歯　矯歯　歯外,,平18. 9. 12,shika
診療所,03,0133869,さとう歯科医院,盛岡市黒石野一丁目１０番３号,019-661-8241,佐藤　紀世彦,佐藤　紀世彦,歯　小歯　歯外,,平19. 1. 7,shika
診療所,03,0133877,岩渕歯科医院,盛岡市天神町９番１５号,019-654-1017,医療法人紀耶会　理事長　豊田　康夫,豊田　康夫,歯　矯歯　小歯,,平19. 1. 24,shika
診療所,03,0133919,中ノ橋歯科クリニック,盛岡市中ノ橋通一丁目１１番２０号,019-653-5233,川上　喜義,川上　喜義,歯　矯歯　小歯　歯外,,平19. 5. 1,shika
診療所,03,0133927,岡村歯科医院,盛岡市大通二丁目６番１４号,019-625-8241,医療法人岡村歯科医院　理事長　馬場　一希,馬場　一希,歯　矯歯　小歯　歯外,,平19. 5. 1,shika
診療所,03,0133968,かど歯科クリニック,盛岡市門一丁目１９番１７号,019-604-2260,米持　武美,米持　武美,歯　歯外　小歯,,平20. 5. 1,shika
診療所,03,0133976,内丸歯科クリニック,盛岡市内丸１７番３０号トーカンジェネラス内丸１階,019-656-0900,高橋　康平,高橋　康平,歯　歯外,,平20. 5. 1,shika
診療所,03,0133992,ふじの歯科医院,盛岡市緑が丘三丁目２１番２３号,019-663-6414,藤野　修,藤野　修,歯　小歯,,平20. 5. 8,shika
診療所,03,0134008,ねそり歯科,盛岡市みたけ三丁目１８番６号,019-656-9394,根反　不二生,根反　不二生,歯　小歯　歯外,,平20. 9. 2,shika
診療所,03,0134024,歯の松本,盛岡市東安庭一丁目２３番６２号,019-625-5772,松本　弘紀,松本　弘紀,歯　小歯,,平20. 11. 18,shika
診療所,03,0134032,コバヤシデンタルクリニック,盛岡市中央通二丁目１０番１５号,019-604-8848,医療法人銀杏会　理事長　小林　高,小林　太郎,歯　小歯　矯歯　歯外,,平21. 4. 1,shika
診療所,03,0134040,内田歯科クリニック,盛岡市大通３丁目７番２０号,019-622-0888,内田　良夫,内田　良夫,歯　矯歯　小歯,,平21. 4. 1,shika
診療所,03,0134057,ノリ・デンタルクリニック,盛岡市北飯岡一丁目２番７１号,019-656-5686,池田　典一,池田　典一,歯,,平21. 6. 1,shika
診療所,03,0134065,みきデンタルクリニック,盛岡市中央通一丁目１１番１６号,019-622-4238,医療法人ＩＩＣ　理事長　西尾　俊彦,西尾　美紀,歯,,平21. 9. 1,shika
診療所,03,0134073,きむら歯科医院,盛岡市緑が丘三丁目１２番３号,019-662-9252,木村　正,木村　正,歯　小歯,,平21. 9. 5,shika
診療所,03,0134131,横沢歯科医院,盛岡市中央通二丁目８番２１号,019-652-1157,横澤　昭平,横澤　昭平,歯　小歯　歯外,,平23. 4. 25,shika
診療所,03,0134164,島津歯科医院,盛岡市夕顔瀬町７番１４号,019-651-1531,中里　登紀子,中里　登紀子,歯　小歯,,平23. 9. 16,shika
診療所,03,0134180,本宮歯科,盛岡市本宮四丁目２番１０号,019-635-2464,小野寺　政雄,小野寺　政雄,歯,,平24. 2. 1,shika
診療所,03,0134206,清水町デンタルクリニック,盛岡市清水町４番３０号,019-604-7418,医療法人仁慈　理事長　近藤　駿,近藤　聡,歯　矯歯　小歯　歯外,,平24. 4. 17,shika
診療所,03,0134214,佐藤誠歯科医院,盛岡市西青山二丁目１９番３１号,019-645-3330,医療法人白翆会　理事長　佐藤　剛,佐藤　誠,歯　小歯　矯歯　歯外,,平24. 8. 1,shika
診療所,03,0134222,まつしま歯科医院,盛岡市渋民字駅２５番地６,019-683-3535,松嶋　拓,松嶋　拓,歯　小歯,,平24. 9. 1,shika
診療所,03,0134230,大久保歯科医院,盛岡市中ノ橋通二丁目１０番９号,019-681-8214,大久保　卓也,大久保　卓也,歯　小歯,,平24. 11. 21,shika
診療所,03,0134255,医療法人　いけだ歯科口腔外科,盛岡市南大通二丁目１０番２７号,019-604-7061,医療法人　いけだ歯科口腔外科　理事長　池田　徹,池田　徹,歯　小歯　歯外,,平25. 11. 1,shika
診療所,03,0134263,まさデンタルクリニック,盛岡市永井１２地割１１７番地１,019-637-8881,高橋　雅洋,高橋　雅洋,歯　小歯,,平26. 4. 1,shika
診療所,03,0134271,北天昌寺歯科医院,盛岡市北天昌寺町５番５１号,019-613-7346,齊藤　章人,齊藤　章人,歯　小歯,,平26. 5. 12,shika
診療所,03,0134289,ポラーノ矯正歯科,盛岡市材木町６番２６号,019-654-8040,八木　實,八木　實,矯歯,,平26. 9. 1,shika
診療所,03,0134297,みちえ・やなぎさわ歯科,盛岡市本宮字石仏２２－１６,019-659-1500,鈴木　美智恵,鈴木　美智恵,歯,,平26. 8. 15,shika
診療所,03,0134305,岡田歯科医院,盛岡市中ノ橋通２丁目２－２２,019-629-2526,中野　裕香子,中野　裕香子,歯　小歯,,平26. 12. 2,shika
診療所,03,0134313,愛歯科診療所,盛岡市向中野１－１０－３１,019-681-9888,医療法人　ア歯会　理事長　照井　純,照井　純,歯　小歯　矯歯,,平27. 3. 1,shika
診療所,03,0134321,ざいもくちょう歯科,盛岡市材木町９－１,019-653-2264,中谷　寛之,中谷　寛之,歯　歯外　小歯,,平27. 4. 1,shika
診療所,03,0134354,みどりが丘歯科クリニック,盛岡市緑が丘三丁目４番３６号,019-663-5313,菊地　由紀子,菊地　由紀子,歯,,平27. 9. 27,shika
診療所,03,0134362,きたがわ歯科クリニック,盛岡市長田町１番５号オルカ１０２,019-656-7555,北川　直子,北川　直子,歯　小歯　歯外　矯歯,,平27. 11. 2,shika
診療所,03,0134370,ゆう歯科医院,盛岡市永井１７地割７９番地２,019-681-6045,佐藤　裕,佐藤　裕,歯　矯歯　小歯,,平28. 4. 15,shika
診療所,03,0134388,松本陽子デンタルクリニック,盛岡市本宮二丁目４３番１１号,019-656-4618,医療法人　ＳＡＬＴＯ　理事長　卞（松本）　陽子,卞　陽子,歯　小歯　歯外,,平28. 3. 1,shika
診療所,03,0134412,ゆいとぴあ歯科医院,盛岡市本宮六丁目１１番１０号,019-631-2222,医療法人　美翔会　理事長　藤本　淳,藤本　淳,歯　小歯,,平28. 10. 1,shika
診療所,03,0134438,吉田歯科クリニック,盛岡市西下台町１８番２７号,019-622-0652,吉田　大徹,吉田　大徹,歯,,平29. 4. 1,shika
診療所,03,0134446,吉田歯科医院,盛岡市中ノ橋通一丁目４番２２号中ノ橋１０６ビル３階,019-622-4407,吉田　一穂,吉田　一穂,歯,,平29. 3. 3,shika
診療所,03,0134453,じろう歯科クリニック,盛岡市開運橋通１番２１号,019-622-4755,岡田　治郎,岡田　治郎,歯　小歯,,平29. 5. 1,shika
診療所,03,0134479,リーフ歯科クリニック,盛岡市本町通一丁目１４番８号グラーベ．Ⅰ,019-626-4182,湯浅　麻里,湯浅　麻里,歯　小歯,,平29. 6. 1,shika
診療所,03,0134487,医療法人菜園矯正歯科クリニック,盛岡市開運橋通２番２０号,019-621-8484,医療法人菜園矯正歯科クリニック　理事長　古町　瑞郎,古町　瑞郎,矯歯　歯,,平29. 7. 1,shika
診療所,03,0134503,医療法人　双友会　双木歯科医院,盛岡市月が丘二丁目３番２５号,019-645-7311,医療法人　双友会　理事長　双木　均,双木　均,歯　小歯　歯外,,平29. 8. 1,shika
診療所,03,0134529,ゆうデンタルケア,盛岡市夕顔瀬町１番１号,019-613-9871,横瀬　隆夫,横瀬　隆夫,歯　小歯,,平29. 12. 18,shika
診療所,03,0134537,前田歯科医院,盛岡市青山四丁目３０番１号,019-645-2135,前田　智秀,前田　智秀,歯　歯外　小歯　矯歯,,平30. 1. 1,shika
診療所,03,0134545,デンタル　オフィス　Ｋ,盛岡市大通一丁目１番１６号岩手教育会館１Ｆ,019-626-7643,工藤　努,工藤　努,歯　歯外　小歯,,平30. 4. 1,shika
診療所,03,0134578,はだ歯科医院,盛岡市みたけ四丁目３６番３６号,019-681-1118,羽田　朋弘,羽田　朋弘,歯　歯外　小歯,,平30. 5. 7,shika
診療所,03,0134586,タケダ歯科盛岡インプラントクリニック,盛岡市上田一丁目３番１０号イースタンキャッスル１Ｆ,019-606-4618,医療法人ヒロ・デンタル・プロデュース　理事長　竹田　浩人,竹田　梨乃,歯　小歯　歯外,,平30. 6. 1,shika
診療所,03,0134594,なかの矯正歯科,盛岡市加賀野二丁目８番２４号エスト加賀野１０２号,019-604-8883,医療法人なかの矯正歯科　理事長　中野　廣一,中野　廣一,矯歯,,平30. 9. 1,shika
診療所,03,0134610,ただしデンタルオフィス,盛岡市みたけ二丁目９番６０号,019-681-0180,高橋　正,高橋　正,歯　小歯　矯歯　歯外,,平30. 11. 12,shika
診療所,03,0134636,手代森歯科クリニック,盛岡市手代森７地割７８番地４,019-675-1133,医療法人幸英会　理事長　川村　英幹,川村　英幹,歯　小歯,,平31. 4. 1,shika
診療所,03,0134644,国分通り歯科,盛岡市月が丘三丁目３０番２０号,019-648-8080,齋藤　大嗣,齋藤　大嗣,歯　歯外　矯歯　小歯,,令元. 5. 17,shika
診療所,03,0134651,デンタルオフィス　サンサ,盛岡市津志田西二丁目１７番５０号,019-656-1780,及川　愛,及川　愛,歯　小歯,,令元. 5. 1,shika
診療所,03,0134677,あい歯科クリニック,盛岡市月が丘三丁目３９番５０号,019-641-8814,藤原　英明,藤原　英明,歯　小歯,,令元. 8. 1,shika
診療所,03,0134685,ながの歯科クリニック,盛岡市津志田１４地割１７３番地,019-639-0124,医療法人ながの　理事長　長野　隆行,長野　えり子,歯　小歯　矯歯,,令元. 9. 17,shika
診療所,03,0134701,かなざわ歯科クリニック,盛岡市本町通二丁目１４番３８号,019-618-2399,金澤　智美,金澤　智美,歯　小歯,,令2. 3. 7,shika
診療所,03,0134719,鈴木歯科診療室,盛岡市前九年二丁目１０番３９号,019-646-7733,鈴木　里奈,鈴木　里奈,歯　矯歯　小歯,,令2. 4. 1,shika
診療所,03,0134735,小山田歯科医院,盛岡市盛岡駅前通８番１１号盛岡駅前ビル３階,019-625-1744,小山田　晃,小山田　晃,歯　小歯,,令3. 1. 1,shika
診療所,03,0134750,木のまち歯科矯正歯科医院,盛岡市大通三丁目１０番２９号,019-626-4618,村上　晶子,村上　晶子,歯　矯歯　小歯,,令3. 10. 1,shika
診療所,03,0134768,本宮みずかわ矯正歯科クリニック,盛岡市本宮六丁目２４番３０号,019-613-8110,水川　卓磨,水川　卓磨,矯歯　歯,,令3. 11. 15,shika
診療所,03,0134776,盛岡となん歯科・こども矯正歯科,盛岡市三本柳７地割１３番地８,019-638-8680,医療法人ａ－ｌｉｖｅ　理事長　山田　優貴,山田　優貴,歯　小歯　矯歯　歯外,,令3. 10. 1,shika
診療所,03,0134784,ゆうがおせ歯科医院,盛岡市材木町８番２１号グリーンキャピタル材木町第３　１Ｆ,019-652-0806,村木　力,村木　力,歯　歯外,,令4. 1. 11,shika
診療所,03,0134792,盛岡ＫＴ歯科・矯正歯科,盛岡市大通一丁目７番６号ＰＲＥＮＤＲＥ　ＴＨＲＥＥ２０１,019-601-3325,宇野　聡一郎,宇野　聡一郎,歯　矯歯　小歯　歯外,,令4. 10. 1,shika
診療所,03,0134826,ししど歯科医院,盛岡市黒川２２地割３９番地１,019-658-8092,宍戸　誉,宍戸　誉,歯　小歯　歯外,,令5. 4. 1,shika
診療所,03,0134834,守口歯科クリニック,盛岡市西松園三丁目２３番１０号,019-663-1717,守口　和,守口　和,歯　小歯,,令5. 4. 1,shika
診療所,03,0134842,ＡＢＣデンタル,盛岡市向中野五丁目２１番２３号,019-613-5585,医療法人桜月　理事長　松尾　伸一,松尾　伸一,歯　矯歯　小歯　歯外,,令5. 6. 1,shika
診療所,03,0134859,こうま駅前デンタルクリニック,盛岡市好摩字夏間木１０５番地１,019-613-6480,城　盛太朗,城　盛太朗,歯　歯外　小歯　矯歯,,令5. 7. 1,shika
診療所,03,0134867,栃内歯科医院,盛岡市神明町１０番３５号,019-625-1588,医療法人啓仁会　理事長　栃内　秀啓,栃内　秀啓,歯　小歯　矯歯,,令5. 6. 1,shika
診療所,03,0134875,デンタルスクエアもりおか青山,盛岡市青山二丁目６番２０号,019-681-3719,医療法人颯爽　理事長　松浦　政彦,松浦　政彦,歯　歯外　矯歯　小歯,,令6. 4. 11,shika
診療所,03,0134883,天日歯科医院,盛岡市大通り一丁目３番４号宏陽ビル４階,019-652-2820,天日　久子,天日　久子,歯,,令6. 6. 1,shika
診療所,03,0134891,盛岡デンタルケアクリニック,盛岡市菜園一丁目６番１３号,019-658-8730,医療法人社団マリナ会　理事長　水上　和博,中林　良行,歯,,令6. 7. 1,shika
診療所,03,0134917,医療法人ａ—ｌｉｖｅ　盛岡ＬＡＲＡ矯正歯科・こども歯科,盛岡市中ノ橋通一丁目６番８号ｍｏｎａｋａ３階,019-656-8885,医療法人ａ－ｌｉｖｅ　理事長　山田　優貴,伊藤　元,歯　小歯　矯歯　歯外,,令6. 7. 11,shika
診療所,03,0134925,まきなえ歯科小児歯科,盛岡市西見前１５地割１３６,019-601-2237,蒔苗　剛,蒔苗　剛,歯　矯歯　小歯　歯外,,令6. 10. 7,shika
診療所,03,0134933,塚谷デンタルクリニック,盛岡市本宮字小板小瀬１３番地２,019-601-4844,医療法人朔北会　理事長　塚谷　栄紀,塚谷　顕介,歯　矯歯　小歯　歯外,,令6. 9. 6,shika
診療所,03,0134941,ヴェルデ歯科医院,盛岡市松園二丁目１番１９号,019-656-7603,矢作　智花,矢作　智花,歯,,令7. 2. 20,shika
診療所,03,0134966,ＮＡＯ　ＤＥＮＴＡＬ　ＣＬＩＮＩＣ,盛岡市上田四丁目２０番３号,019-601-4180,水間　尚吾,水間　尚吾,歯　小歯　歯外,,令7. 5. 30,shika
診療所,03,0134974,ＨａーＭｉｌデンタルクリニック盛岡,盛岡市津志田南三丁目４番１５号,019-637-1515,関口　沙季,関口　沙季,歯　歯外　矯歯,,令8. 3. 5,shika
診療所,03,0134990,ささきデンタルクリニック,盛岡市愛宕町３番２５号,019-601-4118,医療法人社団北悠会　理事長　佐々木　岳,佐々木　岳,歯　歯外　小歯　矯歯,,令8. 3. 1,shika
診療所,03,0135005,ＫＯＮＡ　ＤＥＮＴＡＬ　ＣＬＩＮＩＣ,盛岡市向中野八丁目２８番１号,019-601-5482,佐藤　潤,佐藤　潤,歯　矯歯　小歯　歯外,,令8. 5. 25,shika
診療所,03,0230202,吉川歯科医院,宮古市築地一丁目３番４号,0193-63-4747,吉川　道雄,吉川　道雄,歯,,昭54. 10. 1,shika
診療所,03,0230244,中澤歯科医院,宮古市大通四丁目４番２号,0193-62-1259,中澤　利明,中澤　利明,歯,,昭55. 1. 7,shika
診療所,03,0230293,宮古歯科医院,宮古市宮町二丁目２番３４号,0193-63-4300,阿部　洋司,阿部　洋司,歯,,昭56. 4. 1,shika
診療所,03,0230319,道又歯科医院,宮古市鍬ケ崎上町８番２０号,0193-62-3134,道又　元,道又　元,歯　小歯,,昭57. 10. 20,shika
診療所,03,0230327,歯科伊藤医院,宮古市大通一丁目３番１３号,0193-62-8241,伊藤　篤,伊藤　篤,歯,,昭58. 4. 5,shika
診療所,03,0230376,デンタルクリニック駒井,宮古市上鼻二丁目２番１号,0193-63-6188,駒井　豊一,駒井　豊一,歯,,昭61. 6. 10,shika
診療所,03,0230392,久保歯科医院,宮古市鍬ケ崎上町２番２４号,0193-63-0648,久保　宮幸,久保　宮幸,歯　小歯,,平4. 4. 17,shika
診療所,03,0230400,くらた歯科医院,宮古市実田一丁目７番１７号,0193-64-5088,倉田　英生,倉田　英生,歯,,平4. 6. 1,shika
診療所,03,0230418,佐原歯科医院,宮古市佐原三丁目４番１号,0193-64-6688,中居　英司,中居　英司,歯,,平5. 7. 2,shika
診療所,03,0230426,昆デンタルクリニック,宮古市津軽石第５地割字裏角地８８番１５号,0193-67-4380,昆　亜紀夫,昆　亜紀夫,歯,,平7. 5. 22,shika
診療所,03,0230467,伊藤歯科医院,宮古市小山田二丁目７番６９号,0193-71-2288,伊藤　房恵,伊藤　房恵,歯,,平12. 12. 20,shika
診療所,03,0230533,坂下歯科医院,宮古市宮町一丁目１番４６号,0193-65-6030,坂下　勝啓,坂下　勝啓,歯　小歯,,平20. 5. 8,shika
診療所,03,0230541,宮古市国民健康保険川井歯科診療所,宮古市川井第２地割１６９番地５,0193-76-2363,宮古市長　中村　尚道,米澤　紗織,歯,,平19. 6. 1,shika
診療所,03,0230558,黒田歯科,宮古市藤原二丁目１０番１５号,0193-64-1118,黒田　俊之,黒田　俊之,歯,,平23. 11. 1,shika
診療所,03,0230566,デンタルオフィス松橋,宮古市保久田４番２６号,0193-63-1145,松橋　精二郎,松橋　精二郎,歯,,平24. 1. 1,shika
診療所,03,0230582,宮古うみねこ歯科クリニック,宮古市向町４番４号,0193-65-8281,岡村　真也,岡村　真也,歯　歯外　矯歯,,令5. 2. 1,shika
診療所,03,0230590,山本歯科医院,宮古市田老三王一丁目１番３－２号,0193-65-8855,山本　尚德,山本　尚德,歯,,令6. 4. 1,shika
診療所,03,0330226,ちば歯科医院,大船渡市猪川町字轆轤石１０番地１３,0192-27-8727,千葉　寛子,千葉　寛子,歯,,平4. 4. 17,shika
診療所,03,0330283,いわぶち歯科,大船渡市大船渡町字新田４８番地２２,0192-21-3377,岩渕　由之,岩渕　由之,歯,,平13. 4. 5,shika
診療所,03,0330291,大船渡市国民健康保険歯科診療所,大船渡市三陸町綾里字平舘７５番地２,0192-42-3228,大船渡市長　渕上　清,熊谷　優志,歯,,昭55. 6. 1,shika
診療所,03,0330325,渡辺歯科クリニック,大船渡市猪川町字前田３番地３,0192-26-5100,渡辺　美紀,渡辺　美紀,歯　矯歯,,平15. 4. 1,shika
診療所,03,0330341,広沢歯科医院,大船渡市盛町字宇津野沢５番地２号,0192-27-4310,廣澤　聡,廣澤　聡,歯,,平21. 4. 28,shika
診療所,03,0330366,及川歯科医院,大船渡市盛町字みどり町３番地１５,0192-27-5582,医療法人理誠会　理事長　及川　理,及川　理,歯　歯外,,平22. 3. 1,shika
診療所,03,0330374,細川歯科医院,大船渡市大船渡町字台１６番地２,0192-27-4158,細川　貴孝,細川　貴孝,歯,,平23. 8. 1,shika
診療所,03,0330390,いいだ歯科クリニック,大船渡市大船渡町字富沢３１番地１,0192-26-0082,飯田　浩之,飯田　浩之,歯　小歯,,平25. 3. 1,shika
診療所,03,0330408,橋爪歯科医院,大船渡市大船渡町字上山１１番地１８,0192-27-8282,橋爪　正一,橋爪　正一,歯,,平25. 10. 16,shika
診療所,03,0330416,峰岸歯科医院,大船渡市大船渡町字笹崎１５番地９,0192-27-5535,熊谷　英人,熊谷　英人,歯　小歯,,平25. 11. 11,shika
診療所,03,0330424,くまかみ歯科クリニック,大船渡市赤崎町字諏訪前３７番地２,0192-21-1888,医療法人一止会　理事長　熊上　亮,熊上　亮,歯,,平26. 8. 1,shika
診療所,03,0330457,気仙訪問歯科診療所,大船渡市大船渡町字新田４６番地４,0192-47-4533,大阿久　国賢,大阿久　国賢,歯,,平27. 6. 1,shika
診療所,03,0530304,高田歯科医院,花巻市東町３番２８号,0198-23-5545,高田　宣之,高田　宣之,歯,,昭55. 12. 1,shika
診療所,03,0530320,狩野歯科医院,花巻市円万寺字法船８０番地,0198-28-4100,狩野　裕史,狩野　裕史,歯,,昭57. 10. 1,shika
診療所,03,0530338,金子歯科医院,花巻市上町８番１７号,0198-23-3518,金子　克彦,金子　克彦,歯　矯歯,,昭58. 4. 1,shika
診療所,03,0530353,植村歯科医院,花巻市大通り二丁目７番３号,0198-23-2521,植村　和雄,植村　和雄,歯,,昭59. 1. 4,shika
診療所,03,0530387,鎌田歯科医院,花巻市二枚橋町南一丁目４７番地２,0198-26-2113,鎌田　英史,鎌田　英史,歯　矯歯　小歯,,昭61. 9. 16,shika
診療所,03,0530403,松園歯科クリニック,花巻市星が丘二丁目１６番３号,0198-22-5411,狩野　敦史,狩野　敦史,歯,,平元. 11. 6,shika
診療所,03,0530411,及川歯科クリニック,花巻市仲町９番１７号,0198-22-5522,及川　浄司,及川　浄司,歯,,平2. 4. 16,shika
診療所,03,0530460,たむら歯科医院,花巻市南城２７番地１３,0198-23-6788,田村　太伸,田村　太伸,歯,,平4. 6. 1,shika
診療所,03,0530478,藤根歯科医院,花巻市湯本第６地割１６９番地,0198-27-2894,藤根　浩樹,藤根　浩樹,歯　小歯,,平5. 8. 11,shika
診療所,03,0530486,宮川歯科クリニック,花巻市松園町４５０番６号,0198-23-1070,宮川　和亮,宮川　和亮,歯,,平7. 12. 1,shika
診療所,03,0530502,多田歯科クリニック,花巻市若葉町三丁目１５番１号,0198-41-1315,多田　建造,多田　建造,歯,,平10. 1. 12,shika
診療所,03,0530510,いしくろ歯科医院,花巻市桜台二丁目１２番１号,0198-24-8014,医療法人石桜会　理事長　石黒　姿子,石黒　姿子,歯　矯歯　小歯,,平10. 3. 1,shika
診療所,03,0530528,花巻市休日歯科診療所,花巻市南万丁目９７０番地５,0198-41-1351,花巻市長　小原　勝,宮川　和亮,歯,,平10. 4. 26,shika
診療所,03,0530569,畠山歯科医院,花巻市西大通り一丁目６番３０号,0198-23-4645,医療法人幸花会　理事長　畠山良彦,畠山　航,歯　矯歯　小歯,,平17. 8. 1,shika
診療所,03,0530627,桜井歯科医院,花巻市石鳥谷町好地第９地割９番地９,0198-45-5200,櫻井　保典,櫻井　保典,歯,,昭57. 7. 1,shika
診療所,03,0530635,上村歯科医院,花巻市石鳥谷町好地第８地割８８番地１,0198-45-6467,上村　誠,上村　誠,歯,,昭57. 11. 12,shika
診療所,03,0530643,佐藤歯科医院,花巻市石鳥谷町好地第６地割４番地１,0198-45-2300,医療法人佐藤歯科医院　理事長　佐藤　豊,佐藤　豊,歯,,平5. 4. 1,shika
診療所,03,0530676,おばら歯科医院,花巻市東和町土沢５区４３０番地,0198-42-3888,医療法人小原クリニック　理事長　小原　宜裕,小原　宜裕,歯,,平6. 5. 1,shika
診療所,03,0530684,管野歯科医院,花巻市末広町７番１０号,0198-23-5019,管野　大輔,管野　大輔,歯　矯歯,,平18. 6. 1,shika
診療所,03,0530718,にしお歯科クリニック,花巻市大迫町大迫第３地割１４５番地,0198-48-3088,医療法人ＩＩＣ　理事長　西尾　俊彦,西尾　俊彦,歯　矯歯　小歯,,平21. 9. 1,shika
診療所,03,0530726,照井歯科医院,花巻市材木町２８番２２号,0198-23-5850,照井　淑之,照井　淑之,歯,,平23. 12. 13,shika
診療所,03,0530734,いとう歯科,花巻市四日町三丁目８番４号,0198-29-5475,伊藤　進太郎,伊藤　進太郎,歯　小歯,,平24. 12. 13,shika
診療所,03,0530742,成田歯科医院,花巻市大通り一丁目１９番６号,0198-23-4448,医療法人久誠会　理事長　成田　兼久,成田　兼久,歯　矯歯　小歯,,平25. 9. 1,shika
診療所,03,0530759,おおひら歯科医院,花巻市桜木町二丁目１２５番地１,0198-29-6474,大平　明範,大平　明範,歯　歯外　小歯,,平27. 11. 2,shika
診療所,03,0530767,不動大橋歯科クリニック,花巻市不動町二丁目１番２号,0198-41-1110,医療法人　久誠会　理事長　成田　兼久,成田　朝子,歯　矯歯　小歯,,平28. 1. 1,shika
診療所,03,0530775,オーラル総合歯科・矯正歯科,花巻市高木第１９地割３４番地７,0198-24-0648,医療法人　ハピネス　理事長　八森　新二,八森　新二,歯　小歯　矯歯　歯外,,平28. 9. 1,shika
診療所,03,0530783,多田歯科医院,花巻市東和町安俵１１区１番地２,0198-42-2536,多田　源,多田　源,歯　歯外　小歯,,平28. 11. 1,shika
診療所,03,0530791,医療法人廣正会寺内歯科医院,花巻市西大通り二丁目１３番１３号,0198-41-1818,医療法人廣正会　理事長　寺内　正廣,寺内　正廣,歯　歯外　矯歯　小歯,,平29. 5. 1,shika
診療所,03,0530809,あおいデンタル,花巻市本館三丁目６番地１号,0198-41-4123,佐藤　博昭,佐藤　博昭,歯　小歯,,平30. 5. 1,shika
診療所,03,0530825,花巻みなみデンタルクリニック,花巻市山の神３９８番地１,0198-41-4187,藤原　顕輔,藤原　顕輔,歯　矯歯　小歯,,令3. 7. 1,shika
診療所,03,0530833,ＴＯＫＵＴＯＭＩ　ＤＥＮＴＡＬ　ＣＬＩＮＩＣ,花巻市鍛治町２番６号,0198-23-3411,徳富　文彬,徳富　文彬,歯,,令3. 12. 10,shika
診療所,03,0530841,とも歯科医院,花巻市星が丘一丁目３０番８号,0198-21-2122,医療法人恒和会　理事長　本舘　朋之,本舘　朋之,歯　小歯　歯外　矯歯,,令4. 5. 1,shika
診療所,03,0530858,山内歯科医院,花巻市大迫町大迫第３地割２０２番地,0198-48-3523,山内　武,山内　武,歯,,令6. 4. 2,shika
診療所,03,0530866,ＫＯＢＡＹＡＫＡＷＡ　ＤＥＮＴＡＬ　ＣＬＩＮＩＣ,花巻市桜町四丁目２２２番地１,0198-23-7623,小早川　隆文,小早川　隆文,歯　矯歯　歯外　小歯,,令8. 6. 5,shika
診療所,03,0630070,北上矯正　福田歯科,北上市本通り三丁目９番１０号,0197-64-3220,福田　興一,福田　興一,歯　矯歯　小歯,,昭49. 1. 7,shika
診療所,03,0630211,大通り歯科医院,北上市大通り二丁目１番１号,0197-64-5060,高橋　孝一,高橋　孝一,歯,,昭56. 8. 4,shika
診療所,03,0630294,本石町歯科医院,北上市本石町一丁目１番１８号,0197-64-4100,及川　智,及川　智,歯,,昭61. 7. 12,shika
診療所,03,0630302,二子歯科医院,北上市二子町鳥喰２０１番地,0197-66-3431,高橋　和敬,高橋　和敬,歯,,昭61. 12. 2,shika
診療所,03,0630344,和賀歯科医院,北上市中野町三丁目２番４号,0197-65-3000,和賀　浩幸,和賀　浩幸,歯　矯歯　小歯,,平2. 10. 22,shika
診療所,03,0630351,おいかわ歯科クリニック,北上市鬼柳町卯の木１５６番地２,0197-67-6161,及川　純,及川　純,歯,,平2. 11. 14,shika
診療所,03,0630377,えづりこ歯科医院,北上市上江釣子１８地割５７番地３,0197-77-2487,村上　美智子,村上　美智子,歯,,昭59. 3. 21,shika
診療所,03,0630526,伊東歯科医院,北上市常盤台一丁目２３番１３号,0197-61-0246,伊東　真,伊東　真,歯,,平8. 4. 26,shika
診療所,03,0630542,医療法人　北上歯科医院,北上市花園町一丁目６番２９号,0197-63-4010,医療法人北上歯科医院　理事長　仲村　幸子,仲村　幸子,歯,,平8. 10. 14,shika
診療所,03,0630559,門神歯科クリニック,北上市和賀町横川目３６地割１６番地１０,0197-72-4180,小原　敏博,小原　敏博,歯,,平8. 10. 14,shika
診療所,03,0630567,六本木歯科医院,北上市さくら通り三丁目１番２３号,0197-64-6489,六本木　章,六本木　章,歯　小歯,,平9. 2. 12,shika
診療所,03,0630575,都鳥歯科小児歯科クリニック,北上市大曲町９番２６号,0197-64-3033,都鳥　美香,都鳥　美香,歯　小歯,,平9. 4. 1,shika
診療所,03,0630583,ファミリー歯科医院,北上市北鬼柳１９地割８３番地１,0197-77-4182,菊池　敏昭,菊池　敏昭,歯　矯歯　小歯　歯外,,平9. 5. 6,shika
診療所,03,0630591,たんご歯科クリニック,北上市上野町四丁目１２番２７号,0197-64-4415,丹呉　卓史,丹呉　卓史,歯　小歯,,平10. 7. 9,shika
診療所,03,0630625,わたなべ歯科,北上市常盤台二丁目１３番３７号,0197-61-2911,渡辺　昌文,渡辺　昌文,歯,,平12. 10. 23,shika
診療所,03,0630633,なおこ歯科クリニック,北上市北鬼柳１８地割１０４番地２,0197-61-3368,小原　奈保子,小原　奈保子,歯　小歯,,平13. 10. 2,shika
診療所,03,0630641,かじまち小原歯科医院,北上市鍛冶町二丁目１３番２０号,0197-63-4058,小原　正文,小原　正文,歯　小歯,,平13. 10. 1,shika
診療所,03,0630658,おおつつみ歯科クリニック,北上市相去町旧舘沢１８番地１,0197-81-5118,小田島　潤一,小田島　潤一,歯,,平13. 10. 2,shika
診療所,03,0630674,むらさきの歯科医院,北上市村崎野１６地割１６６番地３,0197-71-3418,医療法人　眞莉惠会　理事長　松生　達,松生　達,歯　小歯　矯歯,,平16. 3. 1,shika
診療所,03,0630690,医療法人川岸会　及川歯科医院,北上市川岸四丁目１１番２２号,0197-65-3334,医療法人川岸会　理事長　及川　保,及川　保,歯　矯歯　小歯,,平17. 5. 1,shika
診療所,03,0630708,おやま歯科矯正クリニック,北上市大通り二丁目３番１号,0197-65-1182,小山　浩平,小山　浩平,矯歯　歯,,平17. 6. 10,shika
診療所,03,0630724,あや歯科医院,北上市村崎野１６地割２８４番地,0197-68-4811,髙橋　綾,髙橋　綾,歯　小歯　歯外,,平19. 7. 19,shika
診療所,03,0630740,スマイリーキッズ・デンタルケア,北上市九年橋三丁目７番２２号,0197-65-6011,古山　智成,古山　智成,歯,,平20. 2. 14,shika
診療所,03,0630773,松浦歯科医院,北上市青柳町二丁目６番２１号,0197-72-5537,医療法人永照堂　理事長　松浦　利幸,松浦　利幸,歯　小歯　歯外,,平22. 6. 14,shika
診療所,03,0630781,おだしま歯科クリニック,北上市九年橋三丁目１８番１５号,0197-61-2111,医療法人ラビット　理事長　小田島　悟,小田島　悟,歯　矯歯　小歯　歯外,,平23. 4. 1,shika
診療所,03,0630815,あだち歯科クリニック,北上市村崎野１７地割４３番１,0197-72-6789,安達　孝二,安達　孝二,歯　小歯　歯外,,平23. 6. 20,shika
診療所,03,0630831,サイトウデンタルクリニック,北上市大通り二丁目６番１８号,0197-63-3011,医療法人サイトウデンタルクリニック　理事長　齋藤　将寿,齋藤　将寿,歯　矯歯　小歯　歯外,,平24. 12. 1,shika
診療所,03,0630856,はなえ歯科医院,北上市上江釣子１７地割９３,0197-72-5545,千葉　花恵,千葉　花恵,歯　小歯,,平27. 5. 7,shika
診療所,03,0630864,とも歯科クリニック,北上市本通り一丁目８番１７号,0197-64-1601,菅原　智子,菅原　智子,歯　小歯,,平28. 7. 7,shika
診療所,03,0630872,さくらデンタルクリニック,北上市川岸二丁目１０番２５号,0197-62-1110,医療法人さくら　理事長　昆　隆一,昆　隆一,歯,,令3. 10. 1,shika
診療所,03,0630880,佐々木歯科医院,北上市村崎野１５地割５３７番地５,0197-66-4184,医療法人貴宝選会　理事長　佐々木　正博,佐々木　貴博,歯　小歯　歯外,,令4. 5. 1,shika
診療所,03,0630898,北上しらゆりデンタルクリニック,北上市町分１８地割１１９番１,0197-62-8070,ＳＡＫＡＹＲＥＹＥＳＬＵＩＳＭＩＧＵＥＬ（境　英二,ＳＡＫＡＹＲＥＹＥＳＬＵＩＳＭＩＧＵＥＬ（境　英二,歯　小歯　矯歯　歯外,,令6. 7. 1,shika
診療所,03,0630914,北上デイズデンタル,北上市村崎野２２地割１３２番地２３,0197-72-6720,医療法人ハピネス　理事長　八森　新二,八森　寛,歯　矯歯　小歯　歯外,,令7. 5. 1,shika
診療所,03,0630922,あかさか歯科クリニック,北上市花園町二丁目５番１５号,0197-63-3461,赤坂　賢二郎,赤坂　賢二郎,歯,,令7. 5. 1,shika
診療所,03,0630930,菅デンタルクリニック,北上市上江釣子１６地割１５１番２,0197-62-8202,菅　徹也,菅　徹也,歯　小歯　歯外,,令7. 7. 7,shika
診療所,03,0730086,宮澤歯科医院,久慈市八日町一丁目３７番地,0194-53-0390,小栁　壽美子,小栁　壽美子,歯　小歯,,昭52. 9. 1,shika
診療所,03,0730151,岩本歯科医院,久慈市田屋町第１地割４８番地,0194-53-5155,岩本　一夫,岩本　一夫,歯,,昭63. 2. 1,shika
診療所,03,0730169,八重樫歯科医院,久慈市栄町３７地割１２８番地１０,0194-53-1222,八重樫　育男,八重樫　育男,歯,,平元. 5. 12,shika
診療所,03,0730219,岩城歯科医院,久慈市川崎町９番３１号,0194-53-2750,医療法人二紀会　理事長　岩城　大介,岩城　大介,歯,,平6. 9. 1,shika
診療所,03,0730243,やまぐち歯科医院,久慈市中央二丁目１６番地,0194-61-3748,山口　一徳,山口　一徳,歯　小歯　歯外　矯歯,,平12. 6. 12,shika
診療所,03,0730268,おおさわ歯科クリニック,久慈市川崎町１５番２９号,0194-61-3718,大澤　輝見子,大澤　輝見子,歯　小歯,,平12. 11. 6,shika
診療所,03,0730276,長内歯科医院,久慈市長内町第３０地割１６番地３,0194-61-1555,長内　宏夫,長内　宏夫,歯　小歯　歯外,,平14. 11. 12,shika
診療所,03,0730284,田口歯科医院,久慈市山形町川井第９地割８番地６,0194-72-2566,田口　淳,田口　淳,歯,,昭61. 11. 11,shika
診療所,03,0730292,こばやし歯科クリニック,久慈市旭町９地割４６番２,0194-53-1118,小林　直人,小林　直人,歯　小歯,,平19. 9. 14,shika
診療所,03,0730300,うじょう歯科クリニック,久慈市湊町第１５地割３２番地１５,0194-75-3860,夘城　敏隆,夘城　敏隆,歯　小歯,,平24. 5. 1,shika
診療所,03,0730318,鳥谷医院,久慈市十八日町一丁目３０番地３,01974-52-4618,社団医療法人恭生会　理事長　鳥谷　宗正,鳥谷　恭右,歯　歯外,,平12. 8. 1,shika
診療所,03,0730326,吉田歯科医院,久慈市本町二丁目４０番地,0194-53-2589,吉田　清範,吉田　清範,歯,,平29. 9. 15,shika
診療所,03,0730334,あき矯正歯科医院,久慈市長内町第３２地割１番３,0194-66-9430,吉田　彰英,吉田　彰英,矯歯,,令2. 11. 14,shika
診療所,03,0830092,飯高歯科医院,遠野市松崎町白岩１１地割４４番地８,0198-62-8917,飯高　哲,飯高　哲,歯,,昭59. 12. 19,shika
診療所,03,0830126,遠野歯科クリニック,遠野市新穀町４５番８号,0198-62-2101,田中　昭彦,田中　昭彦,歯　矯歯　小歯,,昭63. 11. 22,shika
診療所,03,0830159,佐藤歯科医院,遠野市早瀬町二丁目１番６号,0198-62-0303,佐藤　圭士郎,佐藤　圭士郎,歯,,平4. 10. 1,shika
診療所,03,0830175,打越歯科医院,遠野市上組町３番１０号,0198-60-1010,打越　岳,打越　岳,歯　小歯　矯歯,,平9. 4. 21,shika
診療所,03,0830191,かしわばら歯科クリニック,遠野市宮守町下宮守２６地割１０６番地３,0198-67-2010,医療法人宏佑会　理事長　柏原　佑哉,柏原　佑哉,歯　矯歯　小歯　歯外,,平12. 2. 1,shika
診療所,03,0830209,ながね歯科医院,遠野市松崎町白岩１５地割３３番地１,0198-62-6454,佐々木　慶子,佐々木　慶子,歯,,平22. 4. 16,shika
診療所,03,0830225,沼崎歯科医院,遠野市松崎町白岩２３地割７１番地５,0198-62-4108,沼崎　琢也,沼崎　琢也,歯,,平25. 4. 1,shika
診療所,03,0830233,宮守歯科診療所,遠野市宮守町下宮守２９地割８５番地２,0198-67-2225,深澤　範子,深澤　範子,歯　小歯　歯外　矯歯,,平30. 4. 1,shika
診療所,03,0830241,両川歯科医院,遠野市穀町７番地３９,0198-62-3211,医療法人清心会　理事長　田中　俊,田中　俊,歯　矯歯　小歯,,令7. 4. 1,shika
診療所,03,0930215,加藤歯科医院,一関市山目字三反田２番３号,0191-21-0808,加藤　文明,加藤　史仁,歯,,昭55. 10. 1,shika
診療所,03,0930272,根本歯科医院,一関市宮下町１番１７号,0191-21-2468,根本　昌幸,根本　昌幸,歯　矯歯,,昭59. 4. 2,shika
診療所,03,0930306,伊藤歯科医院,一関市字沢１番地,0191-21-1488,伊藤　廣明,伊藤　廣明,歯　小歯,,昭59. 4. 3,shika
診療所,03,0930355,栗駒歯科医院,一関市萩荘字高梨東１６番地２,0191-24-2018,清野　精仁,清野　精仁,歯,,昭61. 4. 21,shika
診療所,03,0930397,岩崎歯科クリニック,一関市三関字仲田３５番地３,0191-23-0138,岩崎　茂則,岩崎　茂則,歯,,昭62. 4. 1,shika
診療所,03,0930447,中善歯科医院,一関市駅前１１番地,0191-26-3724,中川　善浩,中川　善浩,歯,,平6. 7. 20,shika
診療所,03,0930462,こいわ歯科クリニック,一関市山目字中野２０６番３号,0191-33-1155,小岩　竜太郎,小岩　竜太郎,歯,,平10. 4. 1,shika
診療所,03,0930488,笠原歯科医院,一関市三関字仲田２９番１,0191-21-0018,笠原　俊幸,笠原　俊幸,歯,,平11. 5. 16,shika
診療所,03,0930504,萩荘歯科医院,一関市萩荘字小萩２６番地１,0191-24-2012,梁川　輝行,梁川　輝行,歯　矯歯　小歯,,平12. 11. 21,shika
診療所,03,0930512,あい歯科,一関市字沼田２４番地２,0191-21-5515,建部　仁,建部　仁,歯,,平13. 7. 3,shika
診療所,03,0930520,赤荻歯科医院,一関市赤荻字荻野１５１番地５,0191-25-4480,明石　雅江,明石　雅江,歯,,平14. 6. 6,shika
診療所,03,0930538,ホリデーデンタルクリニック,一関市赤荻字亀田１７３番地１,0191-25-5440,小家　雅子,小家　雅子,歯,,平14. 7. 2,shika
診療所,03,0930546,村上歯科クリニック,一関市真柴字中田５５番地１２０,0191-31-6480,村上　哲,村上　哲,歯,,平14. 7. 15,shika
診療所,03,0930595,ヨシハラ歯科医院,一関市花泉町花泉字深井沢３３番地３,0191-82-4008,吉原　睦,吉原　睦,歯　矯歯　小歯,,昭61. 6. 3,shika
診療所,03,0930629,本多歯科医院,一関市大東町大原字台下１２番地２,0191-72-3223,本多　洋之,本多　洋之,歯,,昭58. 8. 25,shika
診療所,03,0930637,石川歯科医院,一関市大東町摺沢字石倉１６番地４,0191-75-3480,石川　哲也,石川　哲也,歯,,昭62. 9. 1,shika
診療所,03,0930686,畠山歯科医院,一関市千厩町千厩字構井田６４番地１３,0191-52-2250,畠山　康人,畠山　康人,歯,,平2. 11. 1,shika
診療所,03,0930694,くまがい歯科クリニック,一関市千厩町千厩字町８０番地ラウンドビル１階,0191-53-3113,熊谷　明,熊谷　明,歯,,平6. 11. 1,shika
診療所,03,0930702,一関市国民健康保険千厩歯科診療所,一関市千厩町小梨字大久保１番地１,0191-53-2535,一関市長　佐藤　善仁,小原　健,歯,,平7. 4. 1,shika
診療所,03,0930710,小家歯科医院,一関市千厩町千厩字北方８０番地３号,0191-52-3266,小家　雅幸,小家　雅幸,歯,,平16. 4. 5,shika
診療所,03,0930728,吉田歯科クリニック,一関市千厩町奥玉字中日向２０１番地２,0191-51-2348,吉田　文和,吉田　文和,歯　小歯　矯歯,,平17. 5. 2,shika
診療所,03,0930744,しばじゅく歯科,一関市東山町長坂字柴宿１６番地６０,0191-47-3390,伊藤　伸也,伊藤　伸也,歯,,昭61. 8. 1,shika
診療所,03,0930751,三浦歯科医院,一関市東山町松川字台１２２番地２,0191-48-2032,三浦　康弘,三浦　康弘,歯　小歯,,平4. 9. 1,shika
診療所,03,0930769,一関市国民健康保険室根歯科診療所,一関市室根町折壁字八幡沖１１７番地,0191-64-2133,一関市長　佐藤　善仁,村上　智彦,歯,,平12. 4. 1,shika
診療所,03,0930801,医療法人社団育成会　中央歯科クリニック,一関市花泉町花泉字郷ノ里５７番地,0191-82-5959,医療法人社団育成会　理事長　佐藤　奨,佐藤　奨,歯　矯歯　小歯　歯外,,平18. 2. 1,shika
診療所,03,0930843,さくら歯科,一関市真柴字矢ノ目沢６４番地１７３,0191-23-9007,橋本　幸徳,橋本　幸徳,歯,,平19. 3. 1,shika
診療所,03,0930868,佐藤歯科医院,一関市大東町摺沢字礼田１７番地１号,0191-71-1488,佐藤　博幸,佐藤　博幸,歯　小歯,,平21. 8. 27,shika
診療所,03,0930884,橋本歯科医院,一関市石畑二丁目３番地,0191-21-2360,橋本　和彦,橋本　和彦,歯　小歯,,平22. 5. 27,shika
診療所,03,0930892,ふじさわ歯科,一関市藤沢町徳田字赤庭６６番地２,0191-63-5200,菊池　光博,菊池　光博,歯,,平4. 9. 9,shika
診療所,03,0931015,近江歯科医院,一関市大手町２番５号,0191-23-2252,近江　健司,近江　健司,歯　矯歯,,平23. 9. 17,shika
診療所,03,0931023,小野寺歯科医院,一関市地主町２番２０号,0191-23-2508,小野寺　大,小野寺　大,歯　小歯　歯外,,平24. 11. 1,shika
診療所,03,0931031,ホンダ歯科クリニック,一関市山目字才天１３６番地５,0191-48-4280,本田　徹,本田　徹,歯　小歯　歯外,,平25. 7. 1,shika
診療所,03,0931056,えんどう歯科クリニック,一関市千厩町千厩字町浦１５番地３,0191-48-4148,遠藤　塁,遠藤　塁,歯　小歯　歯外　矯歯,,平27. 12. 21,shika
診療所,03,0931064,熊谷歯科医院,一関市大東町摺沢字新右エ門土手６番地３,0191-75-4618,熊谷　博伸,熊谷　博伸,歯,,平28. 6. 1,shika
診療所,03,0931072,ほそい歯科クリニック,一関市新大町１３２番地,0191-23-6480,細井　隆夫,細井　隆夫,歯　小歯　歯外,,令元. 9. 2,shika
診療所,03,0931080,ちば歯科クリニック,一関市末広二丁目２番地１０,0191-48-4184,千葉　航,千葉　航,歯　小歯　歯外,,令2. 6. 2,shika
診療所,03,0931098,サイトウデンタルケア,一関市宮下町１２番１４号,0191-48-4610,齊藤　晃也,齊藤　晃也,歯　小歯　歯外,,令4. 7. 28,shika
診療所,03,0931106,くぼた矯正歯科クリニック,一関市台町１０番６号,0191-26-7777,医療法人俊華会　理事長　久保田　宗次,久保田　宗次,矯歯　小歯　歯,,令4. 10. 1,shika
診療所,03,0931114,あおぞら歯科,一関市狐禅寺石ノ瀬１１番地１イオンスーパーセンター一ノ関店,0191-31-4471,室星　賀一,室星　賀一,歯　小歯　矯歯　歯外,,令4. 10. 1,shika
診療所,03,0931122,かわさき歯科診療所,一関市川崎町薄衣町裏５番地１,0191-43-4330,三浦　完爾,三浦　完爾,歯　歯外　小歯,,令5. 8. 1,shika
診療所,03,0931130,ななデンタルクリニック,一関市大東町摺沢字沼田１７番地１２,0191-34-7137,松岡　奈々,松岡　奈々,歯　小歯　歯外,,令6. 7. 4,shika
診療所,03,0931155,久保田歯科医院,一関市上大槻街３番３５号,0191-23-2294,久保田　文吾,久保田　文吾,歯　矯歯,,令7. 11. 18,shika
診療所,03,1030213,平成歯科医院,陸前高田市高田町字栃ケ沢３２番地,0192-55-2800,村上　恵一,村上　恵一,歯,,平24. 5. 1,shika
診療所,03,1030221,広田歯科医院,陸前高田市米崎町字川崎３０番地１,0192-47-3393,大和田　剛史,大和田　剛史,歯　歯外,,平24. 8. 1,shika
診療所,03,1030239,むらかみ歯科医院,陸前高田市竹駒町字相川４９番地８,0192-55-5150,村上　加奈,村上　加奈,歯,,平25. 7. 1,shika
診療所,03,1030247,きかわだ歯科クリニック,陸前高田市小友町字沢辺８番地,0192-57-1188,医療法人ａ．ｄ．ｏ．　理事長　黄川田　康人,黄川田　康人,歯　矯歯,,平25. 8. 1,shika
診療所,03,1030254,たかた歯科医院,陸前高田市矢作町字寺前１５番２号,0192-55-5011,吉田　裕,吉田　裕,歯,,平25. 12. 3,shika
診療所,03,1030262,気仙歯科クリニック,陸前高田市米崎町字地竹沢４３－１,0192-55-3238,馬場　智,馬場　智,歯,,平26. 11. 1,shika
診療所,03,1030270,吉田歯科医院,陸前高田市高田町鳴石２２番地９,0192-54-4566,吉田　重之,吉田　重之,歯,,令7. 9. 1,shika
診療所,03,1130252,平松歯科医院,釜石市野田町二丁目２１番１５号,0193-25-0315,平松　浩,平松　浩,歯,,平7. 1. 8,shika
診療所,03,1130278,やえがし歯科医院,釜石市大字平田第５地割１２番３８号,0193-36-1182,八重樫　祐成,八重樫　祐成,歯　小歯,,平8. 7. 1,shika
診療所,03,1130286,山崎歯科クリニック,釜石市中妻町二丁目１５番３号,0193-23-1111,医療法人　周凜会　理事長　山崎　薫子,山崎　薫子,歯,,平10. 3. 6,shika
診療所,03,1130385,遠刕歯科医院,釜石市中妻町三丁目６番２８号,0193-23-5478,遠刕　秀則,遠刕　秀則,歯,,平24. 2. 4,shika
診療所,03,1130401,三浦歯科クリニック,釜石市大字平田第３地割２９番地９,0193-55-6480,三浦　孝,三浦　孝,歯　矯歯　小歯,,平25. 9. 4,shika
診療所,03,1130419,おいかわ歯科医院,釜石市港町２丁目１番１号イオンタウン釜石３Ｆ,0193-22-5800,及川　陽次,及川　陽次,歯,,平26. 3. 12,shika
診療所,03,1130450,鈴木歯科医院,釜石市中妻町３丁目７番１０号,0193-23-5908,医療法人　鈴木歯科医院　理事長　鈴木　勝,鈴木　勝,歯　矯歯,,平30. 4. 1,shika
診療所,03,1130476,釜石ひまわり歯科クリニック,釜石市大町１丁目４番２２号フェアリーコート釜石中央１Ｆ,0193-22-4182,医療法人社団清優会　理事長　清原　士朗,清原　士朗,歯　矯歯　小歯,,平30. 10. 1,shika
診療所,03,1130484,歯科福成医院,釜石市新町５番１５号,0193-25-0105,医療法人真星会　理事長　福成　玄,福成　和幸,歯　小歯,,令2. 9. 1,shika
診療所,03,1130518,医療法人社団真桜会　ささき歯科医院,釜石市鵜住居町一丁目７０３番地,0193-29-1222,医療法人社団　真桜会　理事長　佐々木　憲一郎,佐々木　憲一郎,歯　矯歯　小歯,,令4. 9. 1,shika
診療所,03,1130534,工藤歯科クリニック,釜石市大町３丁目１番３５号,0193-22-6480,工藤　一貴,工藤　一貴,歯,,令6. 5. 20,shika
診療所,03,1130542,かっし歯科医院,釜石市甲子町第１０地割１番地１０号,0193-25-2785,医療法人社団慈敬会　理事長　藤井　純,藤井　純,歯,,令7. 4. 1,shika
診療所,03,1130559,藤井デンタルクリニック,釜石市只越町３丁目５番地１５号,0193-27-8841,医療法人社団慈敬会　理事長　藤井　純,近藤　央樹,歯,,令7. 4. 1,shika
診療所,03,1130567,早﨑歯科医院,釜石市鵜住居町４丁目８０６番地,0193-28-2311,早﨑　渓,早﨑　渓,歯　歯外　小歯,,令7. 10. 6,shika
診療所,03,1330076,窪島歯科医院,二戸市福岡字長嶺５５番地４,0195-23-2425,天日　常光,天日　常光,歯,,昭45. 11. 7,shika
診療所,03,1330126,菅歯科,二戸市福岡字橋場１８番地３,0195-23-5161,菅　弘志,菅　弘志,歯,,昭57. 8. 10,shika
診療所,03,1330159,菅原歯科医院,二戸市金田一字馬場１４７番地１,0195-27-3301,菅原　壽樹,菅原　壽樹,歯,,昭62. 6. 3,shika
診療所,03,1330183,渡辺歯科医院,二戸市堀野字長瀬２７番地２,0195-23-2052,渡　新悟,渡　新悟,歯,,昭63. 10. 3,shika
診療所,03,1330191,国香歯科医院,二戸市福岡字裏小路６番地,0195-23-2223,国香　雅彦,国香　雅彦,歯,,平元. 4. 1,shika
診療所,03,1330225,沢藤歯科医院,二戸市堀野字下タ川原７番地３,0195-25-4002,沢藤　太,沢藤　太,歯　小歯,,平8. 10. 1,shika
診療所,03,1330241,森川歯科医院,二戸市堀野字大畑３２番地１,0195-23-6361,医療法人陌仁会　理事長　森川　伸彦,森川　伸彦,歯　矯歯　小歯　歯外,,平15. 8. 1,shika
診療所,03,1330258,國香歯科医院,二戸市石切所字川原６０番地３,0195-23-2764,國香　智彦,國香　智彦,歯,,平16. 4. 1,shika
診療所,03,1330266,関　歯科医院,二戸市浄法寺町浄法寺３番地１,0195-38-2937,関　由貴夫,関　由貴夫,歯,,平7. 9. 14,shika
診療所,03,1330274,右門歯科クリニック,二戸市浄法寺町樋田３８番地２,0195-38-2288,小田島　右門,小田島　右門,歯,,平7. 12. 6,shika
診療所,03,1330308,医療法人　桜歩会　ますだ歯科クリニック,二戸市石切所字荷渡２番地９,0195-26-8282,医療法人　桜歩会　理事長　桝田　俊之,桝田　俊之,歯　小歯　歯外,,令5. 10. 1,shika
診療所,03,1330316,みさわ歯科医院,二戸市石切所字前小路１番地５,0195-43-3115,医療法人ＭＤＯ　理事長　三澤　孝佳,三澤　孝佳,歯　矯歯　小歯　歯外,,令6. 9. 1,shika
診療所,03,1430025,前田歯科医院,八幡平市平舘第９地割２３８番地１,0195-74-3545,前田　光義,前田　光義,歯,,昭62. 8. 6,shika
診療所,03,1430033,一戸歯科クリニック,八幡平市大更第２４地割３０番地,0195-75-1411,一戸　晃,一戸　晃,歯,,平9. 4. 5,shika
診療所,03,1430041,岡田歯科医院,八幡平市大更２５地割１１７番地２,0195-76-3613,岡田　喜明,岡田　喜明,歯　小歯　歯外,,平9. 5. 1,shika
診療所,03,1430066,山口歯科医院,八幡平市大更第３５地割６３番地４４,0195-75-1166,医療法人貴成会　理事長　山口　一成,山口　一成,歯　小歯　歯外　矯歯,,平10. 12. 1,shika
診療所,03,1430090,小原歯科医院,八幡平市清水９０番地２,0195-72-2464,小原　幸雄,小原　幸雄,歯,,昭61. 5. 1,shika
診療所,03,1430108,アオキ歯科医院,八幡平市荒屋新町１０９番地,0195-72-3372,青木　修治,青木　修治,歯,,平6. 10. 3,shika
診療所,03,1430132,佐藤歯科医院,八幡平市大更第２２地割１６２番地,0195-76-2154,佐藤　史尚,佐藤　史尚,歯　矯歯　小歯　歯外,,平19. 8. 21,shika
診療所,03,1430140,たかしま歯科医院,八幡平市大更第１８地割８８番地９６,0195-76-4182,髙嶋　勉,高嶋　勉,歯　小歯,,平27. 6. 6,shika
診療所,03,1530063,小野田歯科医院,奥州市水沢大手町五丁目５０番地,0197-23-2246,小野田　睦夫,小野田　睦夫,歯,,昭49. 3. 20,shika
診療所,03,1530089,三浦歯科医院,奥州市水沢秋葉町１４０番地,0197-24-9229,三浦　滋,三浦　滋,歯　矯歯　小歯　歯外,,昭50. 2. 1,shika
診療所,03,1530097,佐藤歯科医院,奥州市水沢字大町１７１番地,0197-23-2633,佐藤　正俊,佐藤　正俊,歯　小歯,,昭51. 2. 1,shika
診療所,03,1530113,大松沢歯科医院,奥州市水沢大畑小路５番地２,0197-25-5711,大松沢　信之,大松沢　信之,歯,,昭52. 8. 1,shika
診療所,03,1530162,森岡歯科診療所,奥州市水沢花園町一丁目２番１１号,0197-23-6480,森岡　範之,森岡　範之,歯　矯歯,,昭60. 12. 18,shika
診療所,03,1530170,小野歯科医院,奥州市水沢日高西６５番地１,0197-25-7890,小野　章宏,小野　章宏,歯　小歯,,昭61. 6. 25,shika
診療所,03,1530204,こだま歯科クリニック,奥州市水沢羽田町駅南一丁目１３８番地２,0197-23-4181,古玉　芳豊,古玉　芳豊,歯,,昭62. 6. 1,shika
診療所,03,1530238,ときわ歯科医院,奥州市水沢東大通り二丁目１番４号,0197-25-8148,佐藤　仁哉,佐藤　仁哉,歯,,平2. 11. 14,shika
診療所,03,1530303,白石歯科医院,奥州市水沢台町６番２４号,0197-51-1622,白石　明,白石　明,歯　小歯　矯歯,,平9. 10. 11,shika
診療所,03,1530311,日高歯科医院,奥州市水沢字久田２２番地１５,0197-22-5330,三浦　隆司,三浦　隆司,歯　小歯,,平10. 1. 19,shika
診療所,03,1530329,神尾歯科クリニック,奥州市水沢上姉体二丁目５番地１,0197-28-1182,神尾　雅彦,神尾　雅彦,歯　矯歯　小歯,,平10. 4. 25,shika
診療所,03,1530352,箱崎歯科医院,奥州市水沢字新小路１０番地,0197-23-4070,箱崎　浩介,箱崎　浩介,歯　小歯,,平12. 11. 1,shika
診療所,03,1530360,北大通歯科医院,奥州市水沢字北丑沢２７番地２,0197-51-9293,佐々木　武治,佐々木　武治,歯　小歯,,平13. 8. 7,shika
診療所,03,1530378,さくらかわ歯科診療所,奥州市水沢佐倉河字東高山２１１番地,0197-51-9030,添野　一樹,添野　一樹,歯,,平14. 8. 2,shika
診療所,03,1530386,大手町歯科医院,奥州市水沢大手町五丁目１番地,0197-51-8820,高橋　元,高橋　元,歯　小歯,,平16. 10. 14,shika
診療所,03,1530428,アヤノ歯科医院,奥州市江刺大通り５番２６号,0197-35-2820,綾野　輝也,綾野　輝也,歯,,昭63. 12. 1,shika
診療所,03,1530444,佐々木歯科医院,奥州市江刺西大通り９番１４号,0197-31-1313,佐々木　一慶,佐々木　一慶,歯,,平10. 10. 2,shika
診療所,03,1530451,すずき歯科クリニック,奥州市江刺豊田町二丁目５番１９号,0197-31-1811,鈴木　和彦,鈴木　和彦,歯　小歯,,平13. 4. 9,shika
診療所,03,1530493,たかはし歯科医院,奥州市前沢平小路２８番地９,0197-56-3333,高橋　晃彦,高橋　晃彦,歯　小歯,,平2. 5. 14,shika
診療所,03,1530519,ちだ歯科,奥州市前沢駅東三丁目１番地７,0197-41-3322,医療法人ちだ歯科　理事長　千田　太山,千田　太山,歯　矯歯,,平17. 4. 1,shika
診療所,03,1530527,さくらば歯科医院,奥州市胆沢小山字峠１１７番地１,0197-47-2033,櫻庭　寿,櫻庭　寿,歯　矯歯　小歯,,平6. 11. 1,shika
診療所,03,1530543,あべ歯科医院,奥州市胆沢小山字尼沼３８番地１８,0197-22-8522,安部　道,安部　道,歯　小歯,,平9. 10. 1,shika
診療所,03,1530550,奥州市国民健康保険衣川歯科診療所,奥州市衣川古戸５２番地,0197-52-3062,奥州市長　郷右近　浩,佐々木　健,歯　小歯,,平10. 11. 1,shika
診療所,03,1530568,いとう矯正歯科クリニック,奥州市水沢字桜屋敷７０１番地,0197-51-7775,伊東　利晃,伊東　利晃,矯歯　小歯,,平18. 3. 25,shika
診療所,03,1530576,ちば歯科医院,奥州市水沢字桜屋敷４２０番地,0197-51-1300,医療法人百成会　理事長　千葉　雅之,千葉　雅之,歯　矯歯　小歯,,平19. 3. 1,shika
診療所,03,1530584,まえだ歯科クリニック,奥州市江刺豊田町一丁目１３番１号,0197-36-9100,前田　誠一郎,前田　誠一郎,歯　小歯,,平19. 9. 4,shika
診療所,03,1530618,なつた歯科医院,奥州市胆沢南都田字宇南田１６４番地１,0197-46-4710,鶴田　摂,鶴田　摂,歯　矯歯　小歯,,平23. 10. 1,shika
診療所,03,1530626,高野歯科クリニック,奥州市水沢谷地明円３７番地７,0197-23-2488,高野　玄,高野　玄,歯　小歯,,平24. 4. 2,shika
診療所,03,1530642,あらきだ歯科クリニック,奥州市水沢中町２３番９３号,0197-47-3323,荒木田　安弘,荒木田　安弘,歯　小歯,,平24. 11. 13,shika
診療所,03,1530667,石川歯科医院,奥州市水沢字大畑小路１２番地イ号,0197-47-3477,石川　潤一,石川　潤一,歯,,平25. 1. 8,shika
診療所,03,1530675,村上歯科医院,奥州市水沢字三本木７番,0197-23-5770,村上　直美,村上　直美,歯,,平25. 3. 1,shika
診療所,03,1530683,たかさき歯科,奥州市前沢字竹沢１８８番地１,0197-47-4182,髙﨑　健治,髙﨑　健治,歯　小歯　歯外,,平25. 11. 29,shika
診療所,03,1530709,なかじま歯科クリニック,奥州市水沢高網２５,0197-51-7797,医療法人なかじま歯科クリニック　理事長　中島　浩,中島　浩,歯　歯外,,平27. 3. 1,shika
診療所,03,1530717,じゅん歯科クリニック,奥州市水沢字桜屋敷西２０２番地１,0197-51-2118,熊谷　順也,熊谷　順也,歯　小歯　矯歯　歯外,,平27. 9. 1,shika
診療所,03,1530725,ほうざわ歯科,奥州市水沢佐倉河字羽黒田２番地５,0197-25-3272,医療法人　カズデンタルオフィス　理事長　朴沢　一成,朴沢　一成,歯　矯歯,,平28. 3. 1,shika
診療所,03,1530733,中田町歯科医院,奥州市水沢中田町３番２９号,0197-23-3415,医療法人　康和会　理事長　朴澤　弘康,朴澤　弘康,歯　矯歯　小歯,,平28. 10. 1,shika
診療所,03,1530758,おぐま歯科医院,奥州市江刺南大通り６番２７号,0197-35-4184,医療法人社団ＨＭＡ　理事長　小熊　秀佳,小熊　秀佳,歯,,平31. 4. 1,shika
診療所,03,1530766,フォレスト歯科クリニック,奥州市水沢花園町１丁目２番１６号,0197-34-3536,森岡　彬,森岡　彬,歯　矯歯,,令3. 4. 1,shika
診療所,03,1530774,吉田歯科クリニック,奥州市江刺西大通り４番１３号,0197-35-1182,吉田　智哉,吉田　智哉,歯,,令3. 11. 1,shika
診療所,03,1530782,ハルデンタルクリニック,奥州市水沢字日高西６０番地１,0197-34-2180,武田　春輔,武田　春輔,歯　歯外　矯歯　小歯,,令5. 6. 20,shika
診療所,03,1530790,ささき歯科医院,奥州市水沢柳町７番地,0197-24-5418,佐々木　俊,佐々木　俊,歯　小歯　矯歯,,令6. 4. 1,shika
診療所,03,1530808,八重樫歯科医院,奥州市水沢袋町１番２９号,0197-23-5226,八重樫　史子,八重樫　史子,歯,,令6. 4. 16,shika
診療所,03,1530816,関根歯科医院,奥州市江刺西大通り３番９号,0197-35-6161,関根　貴仁,関根　貴仁,歯,,令6. 5. 15,shika
診療所,03,1530824,ゆい歯科,奥州市水沢袋町２番２１号,0197-25-7422,油井　諒子,油井　諒子,歯,,令7. 8. 1,shika
診療所,03,1530832,中村歯科クリニック,奥州市前沢白山字合野３２番地,0197-22-2365,佐藤　信春,佐藤　信春,歯,,令7. 8. 1,shika
診療所,03,1530840,大石歯科医院,奥州市前沢字三日町６０番地２,0197-41-3711,大石　裕,大石　裕,歯　小歯,,令8. 4. 1,shika
診療所,03,1630020,八幡歯科医院,滝沢市鵜飼狐洞１番地８９,019-687-3462,杉山　ちか子,杉山　ちか子,歯　小歯,,昭57. 4. 1,shika
診療所,03,1630046,三浦歯科医院,滝沢市巣子１１８８番地４１,019-688-2084,三浦　幹也,三浦　幹也,歯,,昭59. 12. 1,shika
診療所,03,1630053,南舘歯科・小児歯科医院,滝沢市土沢３０８番地１,019-684-5525,南舘　祐二,南舘　祐二,歯　小歯,,昭60. 7. 20,shika
診療所,03,1630079,ひらの歯科医院,滝沢市穴口５７番地４７,019-641-8282,平野　隆,平野　隆,歯　矯歯　小歯,,平元. 7. 20,shika
診療所,03,1630087,たきざわ駅前歯科医院,滝沢市大崎２６１番地１０,019-688-5580,南部　淑文,南部　淑文,歯　矯歯　小歯　歯外,,平元. 10. 2,shika
診療所,03,1630095,たかせ歯科医院,滝沢市穴口１８３番４号,019-646-1900,高瀨　眞二,高瀨　眞二,歯　矯歯　小歯,,平5. 4. 26,shika
診療所,03,1630103,笹嶋歯科医院,滝沢市鵜飼滝向３番地１,019-687-5338,笹嶋　泉,笹嶋　泉,歯,,平5. 8. 25,shika
診療所,03,1630111,巣子歯科クリニック,滝沢市巣子１５２３番地１,019-688-8855,攝待　友宏,攝待　友宏,歯　矯歯　小歯,,平7. 11. 1,shika
診療所,03,1630129,のざわ歯科医院,滝沢市野沢６２番地１００３,019-688-7781,五木田　敏雅,五木田　敏雅,歯,,平11. 5. 18,shika
診療所,03,1630137,小岩井駅前歯科,滝沢市大釜風林６１番地９７,019-691-9030,佐々木　隆人,佐々木　隆人,歯　小歯,,平11. 12. 14,shika
診療所,03,1630145,福士歯科医院,滝沢市穴口３１４番地６,019-647-0418,福士　宏也,福士　宏也,歯　矯歯　小歯　歯外,,平12. 6. 12,shika
診療所,03,1630160,やまのかみ歯科医院,滝沢市中鵜飼７９番地５,019-687-4778,高橋　一章,高橋　一章,歯　矯歯　小歯,,平13. 5. 7,shika
診療所,03,1630178,たかだ歯科クリニック,滝沢市狼久保６８９番地６,019-694-1110,髙田　昌樹,髙田　昌樹,歯　小歯,,平18. 3. 9,shika
診療所,03,1630186,ゆとりが丘きくち歯科,滝沢市土沢４７６番地３,019-687-5060,菊池　隆,菊池　隆,歯　小歯,,平18. 5. 12,shika
診療所,03,1630194,すこやか歯科こども歯科医院,滝沢市鵜飼笹森７２番地２４,019-613-8841,駿河　由利子,駿河　由利子,小歯　歯,,平18. 6. 27,shika
診療所,03,1630202,ささき歯科クリニック,滝沢市鵜飼狐洞１番地４５７,019-687-1110,佐々木　直光,佐々木　直光,歯　矯歯　小歯,,平19. 8. 6,shika
診療所,03,1630210,小豆嶋歯科クリニック,滝沢市留が森３６２番地５,019-694-1155,小豆嶋　章,小豆嶋　章,歯　矯歯　小歯,,平24. 5. 7,shika
診療所,03,1630236,こだま歯科医院,滝沢市室小路６６３番地１５,019-699-2710,金村　清孝,金村　清孝,歯　小歯,,平31. 1. 4,shika
診療所,03,1630244,牧野林デンタルクリニック,滝沢市牧野林８２４番地１８,019-601-4182,岡田　伸男,岡田　伸男,歯,,令4. 4. 25,shika
診療所,03,2130244,沼田歯科クリニック,岩手郡雫石町町裏８８番地,019-692-5322,沼田　與志晴,沼田　與志晴,歯,,昭57. 4. 1,shika
診療所,03,2130483,宮田歯科医院,岩手郡岩手町大字沼宮内第７地割１８番地２,0195-62-2433,宮田　左京,宮田　京平,歯　小歯,,平3. 4. 1,shika
診療所,03,2130491,長沢歯科医院,岩手郡岩手町大字江刈内第１１地割１３番地,0195-62-4348,長澤　伸郎,長澤　伸郎,歯,,平4. 10. 7,shika
診療所,03,2130509,コアラ歯科,岩手郡葛巻町葛巻第１５地割鏡沢３４番地１,0195-66-4200,楢山　義浩,楢山　義浩,歯　小歯,,平5. 4. 1,shika
診療所,03,2130533,沼宮内歯科医院,岩手郡岩手町大字江刈内第１０地割５３番地,0195-62-2488,医療法人紀耶会　理事長　豊田　康夫,豊田　有紀子,歯　矯歯　小歯,,平5. 12. 1,shika
診療所,03,2130814,土樋歯科医院,岩手郡雫石町千刈田８０番地３,019-692-1705,土樋　博志,土樋　博志,歯　小歯,,平16. 8. 1,shika
診療所,03,2130830,マキ歯科クリニック,岩手郡雫石町万田渡４５番地３,019-692-1102,上野　牧子,上野　牧子,歯　小歯,,平18. 3. 1,shika
診療所,03,2130871,雫石歯科医院,岩手郡雫石町上町東１番地５,019-692-6288,川田　慶勲,川田　慶勲,歯,,平21. 9. 1,shika
診療所,03,2130889,遠藤歯科医院,岩手郡葛巻町葛巻第１３地割５１番地,0195-66-2958,遠藤　憲行,遠藤　憲行,歯,,平24. 1. 1,shika
診療所,03,2130921,村木歯科クリニック,岩手郡岩手町大字五日市第１１地割字上苗代沢１３１番２号,0195-61-1011,小豆嶋　光康,小豆嶋　光康,歯　小歯　歯外,,平27. 10. 1,shika
診療所,03,2230176,平井歯科医院,紫波郡紫波町北日詰字白旗４９番地,019-676-4855,平井　和夫,平井　和夫,歯,,昭55. 6. 2,shika
診療所,03,2230234,ひづめ歯科医院,紫波郡紫波町日詰西六丁目５番８号,019-676-2700,佐々木　哲正,佐々木　哲正,歯　小歯　歯外,,昭57. 4. 20,shika
診療所,03,2230242,佐藤歯科医院,紫波郡矢巾町大字高田第１１地割１番地３,019-697-7250,佐藤　忠朋,佐藤　忠朋,歯,,昭57. 5. 17,shika
診療所,03,2230259,つのだ歯科・矯正歯科医院,紫波郡紫波町桜町二丁目１の５番地,019-676-5111,角田　克保,角田　克保,歯　矯歯　歯外　小歯,,昭57. 7. 9,shika
診療所,03,2230309,煙山歯科医院,紫波郡矢巾町大字上矢次第７地割１２６番地,019-697-7900,松木　和彦,松木　和彦,歯　小歯,,昭60. 10. 22,shika
診療所,03,2230358,中島歯科医院,紫波郡紫波町中島字桜田１番地１３３,019-676-4618,中島　喜栄,中島　喜栄,歯　小歯,,昭62. 11. 18,shika
診療所,03,2230366,ふかざわ歯科医院,紫波郡紫波町北日詰字大日堂１５番地６,019-672-3848,深澤　太賀男,深澤　太賀男,歯,,昭63. 8. 8,shika
診療所,03,2230374,六本木歯科医院,紫波郡紫波町日詰字郡山駅２０５番地,019-672-4919,六本木　崇,六本木　崇,歯,,平2. 6. 8,shika
診療所,03,2230416,城北歯科医院,紫波郡紫波町高水寺字古屋敷８９番４号,019-676-3399,平井　東英,平井　東英,歯,,平3. 11. 7,shika
診療所,03,2230457,まきふじ歯科医院,紫波郡紫波町平沢字松田１番地１,019-672-5515,巻藤　佐智子,巻藤　佐智子,歯,,平7. 5. 29,shika
診療所,03,2230473,流通センター歯科診療所,紫波郡矢巾町流通センター南一丁目２番１５号岩手流通会館２階,019-638-5165,医療法人慧和会　理事長　南幅　眞治,南幅　眞治,歯,,平8. 4. 1,shika
診療所,03,2230481,平野歯科クリニック,紫波郡矢巾町流通センター南三丁目１番７号,019-637-3788,平野　康紀,平野　康紀,歯,,平8. 5. 14,shika
診療所,03,2230515,染井デンタルクリニック,紫波郡矢巾町大字南矢幅第８地割２５０番地,019-698-1111,染井　宏祐,染井　宏祐,歯　小歯　矯歯　歯外,,平10. 5. 1,shika
診療所,03,2230556,鈴木歯科医院,紫波郡矢巾町大字又兵エ新田第８地割１４３,019-698-2525,鈴木　卓哉,鈴木　卓哉,歯　小歯,,平15. 10. 16,shika
診療所,03,2230606,神の前歯科医院,紫波郡矢巾町大字南矢幅第１３地割２９番地１,019-697-6995,医療法人潤心会　理事長　鈴木　千枝子,鈴木　千枝子,歯　矯歯　小歯,,平21. 8. 1,shika
診療所,03,2230614,むらた歯科,紫波郡矢巾町大字又兵エ新田第８地割１６９番地ＴＴＭ不来方　西号室,019-611-0602,村田　正紀,村田　正紀,歯　小歯,,平21. 10. 10,shika
診療所,03,2230622,ささき歯科クリニック,紫波郡紫波町日詰字下丸森９番地１,019-671-1160,医療法人ささき歯科クリニック　理事長　佐々木　成弘,佐々木　成弘,歯　矯歯　歯外,,平23. 4. 1,shika
診療所,03,2230648,神の前キッズデンタルパーク,紫波郡矢巾町大字南矢幅第１３地割３０番地６,019-601-5058,医療法人　潤心会　理事長　鈴木　千枝子,一方井　友望,小歯　歯　矯歯,,平25. 6. 4,shika
診療所,03,2230671,むらやま歯科医院,紫波郡矢巾町医大通二丁目４番７４号,019-601-9242,村山　龍平,村山　龍平,歯　小歯,,平29. 4. 1,shika
診療所,03,2230697,まさひとデンタルクリニック,紫波郡紫波町高水寺字田中５２番３号,019-613-6028,医療法人仁慈　理事長　近藤　駿,近藤　正人,歯　歯外　小歯　矯歯,,平30. 5. 8,shika
診療所,03,2230705,医療法人社団エストエストデンタルケア,紫波郡矢巾町大字南矢幅第８地割１００番１０,019-681-2299,医療法人社団エストエストデンタルケア　理事長　大森　巧,大森　巧,歯　小歯　矯歯　歯外,,平31. 1. 1,shika
診療所,03,2230721,紫波中央歯科,紫波郡紫波町紫波中央駅前二丁目３番地３,019-601-7335,医療法人社団日向会　理事長　今村　博高,今村　博高,歯　小歯,,令2. 4. 1,shika
診療所,03,2230739,高橋歯科医院,紫波郡矢巾町又兵エ新田４地割９番地１,019-697-8424,髙橋　英一,髙橋　英一,歯,,令2. 12. 1,shika
診療所,03,2230747,矢巾歯科診療所,紫波郡矢巾町大字又兵エ新田第７地割１８９番地,019-697-7220,谷村　佳彦,谷村　佳彦,歯　小歯,,令6. 4. 22,shika
診療所,03,2430172,湯田歯科医院,和賀郡西和賀町川尻４０地割４０番地６４,0197-82-3711,志和　宏敏,志和　宏敏,歯,,昭58. 11. 15,shika
診療所,03,2430271,高義歯科クリニック,和賀郡西和賀町湯本３０地割８４番地４,0197-84-2333,高橋　義和,高橋　義和,歯,,平2. 12. 3,shika
診療所,03,2530112,千葉歯科クリニック,胆沢郡金ケ崎町西根上餅田５４番地２,0197-42-2426,千葉　典臣,千葉　典臣,歯,,昭60. 7. 15,shika
診療所,03,2530195,あべ歯科クリニック,胆沢郡金ケ崎町西根荒巻２５番１,0197-44-3918,阿部　修作,阿部　修作,歯,,平9. 9. 5,shika
診療所,03,2530211,有住歯科医院,胆沢郡金ケ崎町西根町裏６０番地２,0197-42-3006,有住　達也,有住　達也,歯　小歯,,平9. 10. 16,shika
診療所,03,2530294,いわぶち歯科,胆沢郡金ケ崎町西根上平沢５７番６９,0197-41-9333,岩渕　直泰,岩渕　直泰,歯,,平20. 10. 3,shika
診療所,03,2530302,金ケ崎町国民健康保険金ケ崎歯科診療所,胆沢郡金ケ崎町西根鑓水９８番地,0197-44-2842,金ケ崎町長　高橋　文浩,高橋　通訓,歯　小歯,,平29. 10. 10,shika
診療所,03,2630136,ささき歯科,西磐井郡平泉町平泉字志羅山１３６番地４,0191-34-1876,佐々木　一樹,佐々木　一樹,歯　小歯,,平14. 10. 1,shika
診療所,03,2630144,平泉歯科診療所,西磐井郡平泉町平泉字志羅山１１番地４号,0191-46-2130,金沢　純一,金沢　純一,歯,,平22. 4. 1,shika
診療所,03,2830108,菅野歯科医院,気仙郡住田町世田米字世田米駅１１７番地,0192-46-2345,菅野　悦哉,菅野　悦哉,歯,,昭62. 11. 2,shika
診療所,03,2830116,横沢歯科医院,気仙郡住田町世田米字大崎２５番地１,0192-46-3050,横沢　茂樹,横沢　茂樹,歯,,昭63. 7. 8,shika
診療所,03,2930171,近藤歯科医院,上閉伊郡大槌町小鎚第２２地割４２番地１,0193-42-7667,近藤　泉,近藤　泉,歯,,平25. 4. 12,shika
診療所,03,2930189,小松歯科医院,上閉伊郡大槌町大槌第１５地割９５番地１５,0193-42-7702,医療法人小松歯科医院　理事長　小松　元,小松　元,歯,,平25. 4. 12,shika
診療所,03,2930213,おおつちじょうない歯科医院,上閉伊郡大槌町大ケ口二丁目１００番１０号,0193-42-8418,医療法人　山門会　理事長　山﨑　泰嗣,山﨑　泰嗣,歯,,平30. 4. 1,shika
診療所,03,3030294,普代村国民健康保険歯科診療所,下閉伊郡普代村第１０地割字羅賀７番地８,0194-35-2580,普代村長　柾屋　伸夫,青村　知幸,歯,,平3. 5. 1,shika
診療所,03,3030344,こがわ歯科診療所,下閉伊郡岩泉町門字町向３２番地１,0194-25-5330,野舘　孝之,野舘　孝之,歯,,平12. 10. 1,shika
診療所,03,3030369,岩泉町国民健康保険岩泉歯科診療所,下閉伊郡岩泉町岩泉字惣畑５９番地５,0194-22-4311,岩泉町　岩泉町長　佐々木　真,岩田　信浩,歯,,平14. 4. 1,shika
診療所,03,3030393,国民健康保険田野畑村歯科診療所,下閉伊郡田野畑村田野畑１２０番地３,0194-33-3100,田野畑村長　佐々木　靖,近藤　貴樹,歯,,平16. 5. 1,shika
診療所,03,3030443,木澤歯科医院,下閉伊郡山田町長崎四丁目１４番６号,0193-81-1188,木澤　貴洋,木澤　貴洋,歯　小歯　矯歯,,平23. 9. 1,shika
診療所,03,3030450,前原歯科クリニック,下閉伊郡田野畑村字和野１５番地２９,0194-33-2011,前原　京二,前原　京二,歯,,平23. 10. 1,shika
診療所,03,3030468,留理歯科医院,下閉伊郡山田町豊間根第２地割１０５番地１,0193-86-3718,田村　潔,田村　潔,歯　歯外,,平24. 10. 1,shika
診療所,03,3030476,大川歯科クリニック,下閉伊郡岩泉町岩泉字中家９番地７,0194-22-3636,大川　義人,大川　義人,歯,,平30. 4. 1,shika
診療所,03,3030484,内舘歯科医院,下閉伊郡山田町飯岡第２地割１番地６０,0193-82-4618,内舘　伯夫,内舘　伯夫,歯　小歯　矯歯,,令2. 3. 1,shika
診療所,03,3130177,洋野町国民健康保険大野歯科診療所,九戸郡洋野町大野第８地割８３番地４,0194-77-3834,洋野町長　岡本　正善,川村　貴史,歯,,昭60. 7. 1,shika
診療所,03,3130201,青木歯科医院,九戸郡洋野町種市第２３地割２９番地９,0194-65-5353,青木　一,青木　一,歯,,平3. 6. 26,shika
診療所,03,3130219,中野歯科,九戸郡洋野町中野第１２地割１９番地,0194-67-5030,田口　淳,田口　淳,歯,,平6. 9. 6,shika
診療所,03,3130227,村田歯科医院,九戸郡野田村大字野田第２８地割５１番地２,0194-78-3220,村田　昌明,村田　昌明,歯　矯歯　小歯,,平8. 9. 12,shika
診療所,03,3130235,ムカイダ歯科クリニック,九戸郡軽米町大字軽米第８地割字大軽米３番地１,0195-46-4636,向井田　崇史,向井田　崇史,歯,,平10. 11. 11,shika
診療所,03,3130250,梨木歯科医院,九戸郡洋野町種市第２３地割６０番２,0194-65-6480,梨木　和徳,梨木　和徳,歯　小歯,,平16. 4. 5,shika
診療所,03,3130268,せきね歯科医院,九戸郡洋野町種市第２３地割９４番地１６,0194-65-4181,関根　元,関根　元,歯　矯歯　小歯　歯外,,平19. 2. 14,shika
診療所,03,3130276,宮沢歯科医院,九戸郡軽米町大字軽米第８地割１０５番地,0195-46-2953,宮澤　裕一郎,宮澤　裕一郎,歯　歯外,,平20. 6. 17,shika
診療所,03,3130284,堀米歯科医院,九戸郡軽米町大字軽米第７地割３４番地２,0195-46-2927,遠藤　美保子,遠藤　美保子,歯,,平29. 7. 20,shika
診療所,03,3230134,小野寺歯科医院,二戸郡一戸町高善寺字野田５６番地１３,0195-33-3050,小野寺　満,小野寺　満,歯　歯外　矯歯　小歯,,昭61. 11. 17,shika
診療所,03,3230167,岩渕歯科医院,二戸郡一戸町一戸字向町５８番地４,0195-32-2238,岩渕　壯之助,岩渕　壯之助,歯,,平5. 4. 6,shika
診療所,03,3230225,ぽっぽ歯科クリニック,二戸郡一戸町一戸字砂森１２３番地１,0195-31-1182,東山　敬貴,東山　敬貴,歯　矯歯　小歯　歯外,,平17. 4. 1,shika
診療所,03,3230233,こしみず歯科クリニック,二戸郡一戸町一戸字蒔前５２番地,0195-33-4618,越水　正樹,越水　正樹,歯　小歯,,平17. 12. 20,shika
診療所,03,3230282,奥中山高原歯科クリニック,二戸郡一戸町奥中山字西田子１３１１番地,0195-35-2951,城　茂治,城　茂治,歯　歯外　小歯　矯歯,,平28. 5. 1,shika
薬局,03,0140748,東大薬局,盛岡市上田三丁目６番３８号,019-622-3815,東　金一,東　金一,調剤,,昭58. 2. 1,yakkyoku
薬局,03,0140797,清水町調剤薬局,盛岡市清水町５番１８号,019-654-7253,有限会社斉商事　取締役　斎藤　秀文,芳賀　理圭,調剤,,昭59. 12. 1,yakkyoku
薬局,03,0140946,ポプラ薬局,盛岡市名須川町２７番４２号,019-652-3010,株式会社エンデバー　代表取締役　野舘　敬直,延足　幸代,調剤,,昭62. 9. 1,yakkyoku
薬局,03,0140953,フローレンス薬局,盛岡市大通一丁目５番７号,019-625-7820,有限会社フローレンス薬局　代表取締役　白濱　成朗,富樫　幼子,調剤,,昭62. 10. 1,yakkyoku
薬局,03,0141027,村源薬局,盛岡市肴町６番２号,019-623-1241,株式会社村源　代表取締役　村井　利昭,村井　崇志,調剤,,平元. 11. 1,yakkyoku
薬局,03,0141050,スタイル薬局,盛岡市青山三丁目６番２号,019-646-5757,有限会社スタイル薬局　代表取締役　平山　智宏,横澤　由紀,調剤,,平2. 5. 1,yakkyoku
薬局,03,0141068,菜園薬局,盛岡市菜園一丁目５番２５号,019-625-7521,有限会社サフラン商会　代表取締役　久保　美江,久保　美江,調剤,,平2. 5. 1,yakkyoku
薬局,03,0141175,メープル薬局,盛岡市本宮二丁目３８番８号,019-636-3933,有限会社　中谷調剤薬局　代表取締役　中谷　謙治,中谷　謙治,調剤,,平4. 5. 6,yakkyoku
薬局,03,0141209,コスモ調剤薬局,盛岡市中野一丁目３０番３号,019-653-6133,株式会社ライブリー　代表取締役　田中　和,佐藤　裕也,調剤,,平4. 11. 2,yakkyoku
薬局,03,0141399,調剤薬局アスティこうの,盛岡市緑が丘四丁目１番５０号アスティビル１階,019-662-2877,有限会社こうの薬局　代表取締役　河野　多計士,河野　紋子,調剤,,平6. 8. 1,yakkyoku
薬局,03,0141472,こんや町薬局,盛岡市紺屋町３番７号,019-653-1521,株式会社　ユニオン薬局　代表取締役　村井　利昭,嶋　昭子,調剤,,平7. 7. 1,yakkyoku
薬局,03,0141548,かるがも薬局山岸店,盛岡市山岸一丁目３番１１号,019-623-9696,株式会社アオキファーマシー　代表取締役　梶　努,仲村　一裕,調剤,,平7. 11. 1,yakkyoku
薬局,03,0141639,ひばり薬局,盛岡市西仙北一丁目３０番５１号,019-635-9797,株式会社ライブリー　代表取締役　田中　和,照井　真理子,調剤,,平8. 9. 1,yakkyoku
薬局,03,0141720,のばら薬局,盛岡市長田町１０番２９号,019-624-2888,有限会社トータルディバイズ　代表取締役　藤澤　明弘,田村　孝之,調剤,,平9. 2. 1,yakkyoku
薬局,03,0141738,たんぽぽ薬局桜城店,盛岡市中央通三丁目１４番４号パークハイツ桜城１０１,019-626-1121,株式会社髙野ファーマシー　代表取締役　髙野　英夫,北田　克文,調剤,,平9. 3. 1,yakkyoku
薬局,03,0141753,アップル薬局山岸,盛岡市山岸二丁目９番２４号,019-623-6633,有限会社ファーマシー盛岡　代表取締役　齋　秀文,安倍　奨,調剤,,平9. 4. 1,yakkyoku
薬局,03,0141787,すずらん薬局,盛岡市西松園三丁目２２番２号,019-663-7004,株式会社アオキファーマシー　代表取締役　梶　努,平野　巧雅,調剤,,平9. 7. 1,yakkyoku
薬局,03,0141829,中ノ橋薬局,盛岡市中ノ橋通一丁目７番１５号,019-624-2823,有限会社中ノ橋薬局　代表取締役　村井　利昭,佐藤　健祐,調剤,,平9. 8. 1,yakkyoku
薬局,03,0141845,日本調剤盛岡中央薬局,盛岡市内丸１７番８号,019-622-1193,日本調剤株式会社　代表取締役　小城　和紀,樋口　麻香,調剤,,平9. 8. 1,yakkyoku
薬局,03,0141928,あたご薬局,盛岡市愛宕町２番３８号,019-621-8411,株式会社　村源　代表取締役　村井　利昭,岡沼　宇宙,調剤,,平10. 5. 1,yakkyoku
薬局,03,0141944,みんと薬局,盛岡市津志田１６地割１６番７号,019-632-3086,有限会社　シュアメディカル　代表取締役　前田　瑞穂,前田　瑞穂,調剤,,平10. 7. 1,yakkyoku
薬局,03,0141951,つくし薬局下の橋店,盛岡市大沢川原一丁目１番３号,019-624-8730,株式会社ワークイン　代表取締役　西舘　孝太,小笠原　昌代,調剤,,平10. 7. 1,yakkyoku
薬局,03,0142041,ドラッグコスモス,盛岡市上太田金財９２番地１,019-656-2255,有限会社ドラッグコスモス　代表取締役　村上　俊介,村上　俊介,調剤,,平11. 4. 1,yakkyoku
薬局,03,0142058,仁王薬局,盛岡市本町通二丁目８番２８号,019-604-6433,有限会社つぐみ薬局　代表取締役　工藤　民義,長岡　敦子,調剤,,平11. 4. 1,yakkyoku
薬局,03,0142066,あざみ薬局,盛岡市東見前８地割２０番地４,019-639-8706,有限会社メディックタケダ　取締役　武田　哲志,武田　哲志,調剤,,平11. 5. 1,yakkyoku
薬局,03,0142074,リード薬局,盛岡市上田一丁目３番１０号イースタンキャッスル１Ｆ,019-622-9700,有限会社メディワークス盛岡　代表取締役　東　透,遠山　明宏,調剤,,平11. 5. 1,yakkyoku
薬局,03,0142165,くすりのメイト　サンタウン調剤薬局,盛岡市北松園二丁目１３番１号,019-661-1200,株式会社ライブショップメイト　代表取締役　武田　隆,佐々木　朱美,調剤,,平11. 12. 1,yakkyoku
薬局,03,0142199,前九年薬局,盛岡市前九年三丁目１６番１０号,019-648-8101,有限会社ファミリーウエムラ　代表取締役　上村　章夫,上村　章夫,調剤,,平12. 1. 1,yakkyoku
薬局,03,0142207,こずかた薬局,盛岡市上田一丁目７番１７号,019-654-7722,有限会社エスケイドラッグ　代表取締役　佐藤　昌作,小田　亜希,調剤,,平12. 2. 1,yakkyoku
薬局,03,0142215,ユニオン薬局,盛岡市紺屋町１番３６号リージェント中ノ橋１階,019-625-3187,株式会社ユニオン薬局　代表取締役　村井　利昭,黒田　啓希,調剤,,平12. 3. 1,yakkyoku
薬局,03,0142223,有限会社エメラルド薬局山岸店,盛岡市山岸三丁目２番１号,019-605-1051,有限会社エメラルド薬局　代表取締役　三田地　美樹子,佐藤　優子,調剤,,平12. 3. 1,yakkyoku
薬局,03,0142249,どんぐり薬局たかまつ,盛岡市高松三丁目１１番２３号,019-661-6995,株式会社どんぐり工房　代表取締役　赤間　千夏,小森　幸代,調剤,,平12. 6. 1,yakkyoku
薬局,03,0142298,あざみ薬局本宮店,盛岡市本宮二丁目２０番１８号,019-631-2888,有限会社メディックタケダ　取締役　武田　哲志,藤川　由佳,調剤,,平12. 10. 1,yakkyoku
薬局,03,0142348,ハーブ薬局,盛岡市緑が丘二丁目８番２６号,019-665-2288,有限会社ハーブ薬局　代表取締役　村上加奈子,村上　加奈子,調剤,,平13. 5. 1,yakkyoku
薬局,03,0142397,西仙北薬局,盛岡市西仙北一丁目３２番１１号,019-634-0001,株式会社ライブリー　代表取締役　田中　和,関　亜紀子,調剤,,平13. 8. 1,yakkyoku
薬局,03,0142405,下ノ橋薬局,盛岡市下ノ橋町７番３１号,019-604-0234,株式会社ユニオン薬局　代表取締役　村井　利昭,千葉　るり子,,,平13. 9. 1,yakkyoku
薬局,03,0142496,せせらぎ薬局,盛岡市下ノ橋町６番８号サンシティ下の橋１Ｆ,019-603-5505,株式会社アオキファーマシー　代表取締役　梶　努,佐藤　真純,,,平14. 4. 1,yakkyoku
薬局,03,0142520,日本調剤盛岡南薬局,盛岡市永井１２地割１２８番地２,019-632-6002,日本調剤株式会社　代表取締役　小城　和紀,吉田　秀樹,,,平14. 4. 1,yakkyoku
薬局,03,0142587,鶴亀薬局,盛岡市緑が丘一丁目１番３７号,019-663-3090,有限会社鶴亀薬局　取締役　石川　三千秋,石川　三千秋,,,平14. 7. 1,yakkyoku
薬局,03,0142637,のぞみ薬局,盛岡市松園二丁目３－３,019-662-7733,株式会社　ライブリー　代表取締役　田中　和,田中　知子,,,平14. 8. 1,yakkyoku
薬局,03,0142652,こまくさ薬局,盛岡市加賀野四丁目１６番６号,019-605-8686,有限会社スタイル薬局　代表取締役　平山　智宏,舩越　孝治,調剤,,平14. 10. 1,yakkyoku
薬局,03,0142686,マリーン薬局,盛岡市松園二丁目３７番８号,019-664-0566,佐々木　学,佐々木　学,調剤,,平14. 12. 1,yakkyoku
薬局,03,0142710,有限会社エメラルド薬局緑が丘店,盛岡市緑が丘三丁目２番３５号,019-665-3360,有限会社エメラルド薬局　代表取締役　三田地　美樹子,高村　典子,調剤,,平15. 3. 1,yakkyoku
薬局,03,0142744,まごころ薬局,盛岡市中ノ橋通二丁目２番１３号,019-606-1231,株式会社アオキファーマシー　代表取締役　梶　努,久保　さやか,調剤,,平15. 4. 1,yakkyoku
薬局,03,0142850,調剤薬局ツルハドラッグマリオス店,盛岡市盛岡駅西通二丁目９番１号マリオス５Ｆ,019-621-5200,株式会社ツルハ　代表取締役　八幡　政浩,米内　真人,調剤,,平15. 6. 1,yakkyoku
薬局,03,0142868,なかのユニオン薬局,盛岡市中野一丁目２１番１号,019-652-6587,株式会社なかのユニオン薬局　代表取締役　西野　豊,西野　豊,調剤,,平15. 7. 1,yakkyoku
薬局,03,0142942,ナガハシ薬局,盛岡市長橋町１７番４０号,019-648-8227,株式会社広田薬品　代表取締役　高見　幸江,兼田　幸治,調剤,,平16. 5. 1,yakkyoku
薬局,03,0142991,アイリス薬局,盛岡市高松三丁目１０番１４号,019-665-3030,有限会社一戸調剤　代表取締役　福士　晃,古水　眞紀子,調剤,,平16. 11. 1,yakkyoku
薬局,03,0143007,あすなろ薬局,盛岡市中ノ橋通一丁目１４番９号,019-623-8880,株式会社アオキファーマシー　代表取締役　梶　努,澤里　春香,調剤,,平17. 1. 1,yakkyoku
薬局,03,0143031,ミルキー薬局,盛岡市上厨川字杉原５０番４８号,019-646-0369,有限会社ファルマワタナベ　代表取締役　髙野　孝太,髙野　孝太,調剤,,平17. 5. 18,yakkyoku
薬局,03,0143056,銀河薬局,盛岡市本宮六丁目１番５５号,019-635-8911,株式会社銀河調剤　代表取締役　佐野　元彦,伊藤　恭子,調剤,,平17. 6. 1,yakkyoku
薬局,03,0143072,本町薬局,盛岡市本町通一丁目９番２８号,019-652-8200,株式会社ライブリー　代表取締役　田中　和,今村　仁美,調剤,,平17. 6. 1,yakkyoku
薬局,03,0143080,日本調剤盛岡薬局,盛岡市上田一丁目４番３号,019-604-8080,日本調剤株式会社　代表取締役　小城　和紀,八重樫　渉,調剤,,平17. 9. 1,yakkyoku
薬局,03,0143098,たくぼく薬局,盛岡市渋民字駅１０４番地,019-669-5800,株式会社　ライブリー　代表取締役　田中　和,阿部　恵理子,調剤,,平16. 6. 1,yakkyoku
薬局,03,0143106,八幡町薬局,盛岡市八幡町３番２２号,019-604-7770,株式会社ライブリー　代表取締役　田中　和,熊谷　美保,調剤,,平18. 1. 1,yakkyoku
薬局,03,0143163,リーフ薬局,盛岡市向中野三丁目１０番１０号,019-656-5877,有限会社Ｂ・アクティヴ　取締役　畠山　匠,丸藤　宗晴,調剤,,平18. 4. 1,yakkyoku
薬局,03,0143197,薬局ポラリス,盛岡市青山二丁目２４番３号,019-656-8500,Ｈ２有限会社　代表取締役　四倉　暁子,遠藤　暁子,調剤,,平18. 8. 1,yakkyoku
薬局,03,0143205,さんぺい薬局,盛岡市大館町２６番２号,019-641-0335,有限会社アトライズ　代表取締役　川崎　卓,川崎　卓,調剤,,平18. 9. 1,yakkyoku
薬局,03,0143239,フロンティア薬局盛岡店,盛岡市太田八丁目１５番１２号,019-656-2400,株式会社フロンティア　代表取締役　重森　裕之,大坊　拓,調剤,,平18. 12. 1,yakkyoku
薬局,03,0143262,ワカバ薬局,盛岡市材木町６番１５号,019-622-3067,株式会社ワカバ薬局　代表取締役　菅原　一貴,菅原　利江,調剤,,平19. 5. 1,yakkyoku
薬局,03,0143270,ワカバ薬局都南店,盛岡市三本柳１１地割１２番地１,019-637-6011,株式会社ワカバ薬局　代表取締役　菅原　一貴,菅原　寛絵,調剤,,平19. 5. 1,yakkyoku
薬局,03,0143296,よつば薬局,盛岡市月が丘二丁目２番５９号,019-643-2888,株式会社クレセント　代表取締役　米田　明夫,竹前　文誉,調剤,,平19. 12. 1,yakkyoku
薬局,03,0143304,つばさ薬局,盛岡市津志田西二丁目１３番５号,019-632-2166,有限会社フローレンス薬局　代表取締役　白濱　成朗,植松　則之,調剤,,平19. 12. 10,yakkyoku
薬局,03,0143338,まつや調剤薬局,盛岡市好摩字夏間木１０７番地３,019-682-0031,有限会社まつや　代表取締役　千葉　俊介,千葉　俊介,,,平20. 6. 1,yakkyoku
薬局,03,0143361,リープ薬局,盛岡市上田一丁目１番３５号,019-601-3030,有限会社メディワークス盛岡　代表取締役　東　透,和田　祐樹,,,平20. 6. 4,yakkyoku
薬局,03,0143379,かえで薬局,盛岡市緑が丘三丁目１８番２号,019-656-1493,有限会社こうの薬局　代表取締役　河野　多計士,河野　潤,,,平20. 6. 23,yakkyoku
薬局,03,0143395,好摩薬局,盛岡市好摩字夏間木１０２番１４,019-669-3330,株式会社ライブリー　代表取締役　田中　和,下村　尚己,,,平20. 8. 1,yakkyoku
薬局,03,0143411,みつばち薬局,盛岡市月が丘一丁目１番６３号,019-647-3888,株式会社ＧＧファーマシー　代表取締役　佐々木　俊,佐々木　俊,調剤,,平20. 10. 1,yakkyoku
薬局,03,0143445,公園通薬局,盛岡市菜園二丁目５番２９号菜園志和ビル１Ｆ,019-626-5656,株式会社ライブリー　代表取締役　田中　和,嵯峨　大樹,調剤,,平21. 3. 1,yakkyoku
薬局,03,0143452,エイシン薬局,盛岡市月が丘二丁目５番２１号,019-641-0454,株式会社フォー・サン　代表取締役　鈴木　保,鈴木　雄也,調剤,,平21. 4. 1,yakkyoku
薬局,03,0143460,さくらの調剤薬局,盛岡市本宮一丁目８番４号,019-681-0411,株式会社リッツ　代表取締役　太田代　澄恵,太田代　澄恵,調剤,,平21. 4. 1,yakkyoku
薬局,03,0143478,本宮センター薬局,盛岡市北飯岡一丁目２番７１号,019-656-5867,株式会社ウイング　代表取締役　山本　考哉,山藤　弘貴,調剤,,平21. 5. 1,yakkyoku
薬局,03,0143486,みつや薬局,盛岡市中屋敷町１番３３号,019-648-6060,株式会社ライブリー　代表取締役　田中　和,島谷　美香,調剤,,平21. 10. 1,yakkyoku
薬局,03,0143510,菜園よつば薬局,盛岡市大通一丁目１１番５号,019-681-3222,有限会社ブロス・カンパニー　代表取締役　藤堂　直樹,髙橋　義昌,調剤,,平22. 1. 12,yakkyoku
薬局,03,0143544,クラフト薬局　盛岡青山店,盛岡市青山一丁目２０番４２号,019-641-9001,クラフト株式会社　代表取締役　新井　勝,芦川　勲,調剤,,平22. 4. 1,yakkyoku
薬局,03,0143577,そうごう薬局　盛岡つなぎ店,盛岡市繋字尾入野６４番９,019-691-7251,総合メディカル株式会社　代表取締役　多田　荘一郎,西川　郷子,調剤,,平22. 5. 1,yakkyoku
薬局,03,0143585,大通よつば薬局,盛岡市大通二丁目７番２０号,019-681-4091,有限会社ブロス・カンパニー　代表取締役　藤堂　直樹,杉浦　学,調剤,,平22. 5. 1,yakkyoku
薬局,03,0143676,月が丘薬局,盛岡市月が丘一丁目２９番７号,019-648-3939,株式会社ライブリー　代表取締役　田中　和,後藤　雄太,調剤,,平24. 1. 1,yakkyoku
薬局,03,0143692,ヨシダ調剤薬局,盛岡市天神町１１番４号,019-625-8148,有限会社天神ファーマシー　代表取締役　吉田　健吾,吉田　健吾,調剤,,平24. 4. 1,yakkyoku
薬局,03,0143700,天神町薬局,盛岡市天神町８番２４号,019-681-2441,株式会社トライアングル　代表取締役　三田　弘子,三田　弘子,調剤,,平24. 5. 13,yakkyoku
薬局,03,0143726,リリィ薬局盛岡北店,盛岡市上堂二丁目４番１１号,019-681-0165,シップヘルスケアファーマシー株式会社　代表取締役　市谷　文吾,田代　隆,調剤,,平24. 9. 1,yakkyoku
薬局,03,0143742,三ツ割薬局,盛岡市三ツ割五丁目７番１５号,019-663-5311,有限会社フクダ薬局　代表取締役　福田　淳一,福田　法子,調剤,,平25. 3. 1,yakkyoku
薬局,03,0143759,そうごう薬局　盛岡中央通店,盛岡市中央通二丁目２番５号甲南アセット盛岡ビル１階,019-613-6671,総合メディカル株式会社　代表取締役　多田　荘一郎,中島　千博,調剤,,平25. 8. 1,yakkyoku
薬局,03,0143767,銀河薬局　開運橋店,盛岡市大通三丁目９番３号,019-601-5562,株式会社銀河調剤　代表取締役　佐野　元彦,古川　篤,調剤,,平25. 10. 21,yakkyoku
薬局,03,0143775,共創未来　かがの薬局,盛岡市加賀野三丁目１２番２１号,019-604-2125,株式会社ファーマみらい　代表取締役　岡山　善郎,石橋　卓也,調剤,,平25. 11. 1,yakkyoku
薬局,03,0143791,共創未来　松園薬局,盛岡市西松園三丁目２０番１２号,019-664-0397,株式会社ファーマみらい　代表取締役　岡山　善郎,井上　範昭,調剤,,平25. 11. 1,yakkyoku
薬局,03,0143809,オアシス薬局,盛岡市みたけ四丁目３６番３３号,019-681-1034,株式会社メディカルハート岩手　代表取締役　髙橋　優,髙橋　優,調剤,,平25. 12. 16,yakkyoku
薬局,03,0143817,上田薬局,盛岡市上田一丁目６番９号,019-625-5612,株式会社アオキファーマシー　代表取締役　梶　努,渡邉　牧,,,平26. 2. 1,yakkyoku
薬局,03,0143825,そうごう薬局　盛岡中央通西店,盛岡市中央通三丁目１６番１５号,019-681-7101,総合メディカル株式会社　代表取締役　多田　荘一郎,三上　智美,,,平26. 4. 1,yakkyoku
薬局,03,0143841,すみれ薬局,盛岡市西青山二丁目１８番５７号,019-645-2311,Ｈ２有限会社　代表取締役　四倉　暁子,髙野　浩史,,,平26. 6. 1,yakkyoku
薬局,03,0143866,しんせい薬局,盛岡市東緑が丘２３－８,019-663-2366,有限会社菊屋薬局　代表取締役　佐々木　達也,戸来　賢明,,,平26. 9. 1,yakkyoku
薬局,03,0143908,ぺんぎん薬局,盛岡市梨木町２番１４号,019-652-3345,株式会社アオキファーマシー　代表取締役　梶　努,工藤　寛史,調剤,,平27. 1. 1,yakkyoku
薬局,03,0143924,しぶたみ薬局,盛岡市下田字陣場４２番１６,019-656-7015,株式会社ＲｅＴＡ　代表取締役　小笠原　英,小笠原　聖彦,調剤,,平27. 6. 1,yakkyoku
薬局,03,0143932,ひだまり薬局,盛岡市本宮五丁目１番１号,019-658-1313,株式会社スカイファーマ　代表取締役　鈴木　空,尾島　敬太,調剤,,平27. 7. 1,yakkyoku
薬局,03,0143981,あおば薬局　上田店,盛岡市上田一丁目１８番５０号,019-622-0370,有限会社ワイズファーマシー　代表取締役　畠山　尚人,畠山　佳子,調剤,,平27. 11. 1,yakkyoku
薬局,03,0144013,中田全快薬局,盛岡市津志田西二丁目１６番８０号,019-613-5686,株式会社ｚｅｎｋａｉ　代表取締役　中田　辰介,中田　辰介,調剤,,平28. 7. 1,yakkyoku
薬局,03,0144021,なごみ薬局,盛岡市上堂一丁目１８番２６号,019-648-0753,株式会社　エンデバー　代表取締役　野舘　敬直,志渡　俊也,調剤,,平28. 7. 17,yakkyoku
薬局,03,0144047,せいりゅう薬局,盛岡市紺屋町６番地２４藤井ビル１０２号,019-623-1511,佐藤　聖五,佐藤　聖五,調剤,,平28. 9. 1,yakkyoku
薬局,03,0144054,リリィ薬局　高松店,盛岡市高松三丁目９番１０号,019-681-3117,シップヘルスケアファーマシー株式会社　代表取締役　市谷　文吾,丘村　航史,調剤,,平28. 10. 1,yakkyoku
薬局,03,0144096,けい福薬局,盛岡市みたけ三丁目１１番３６号,019-613-2107,株式会社　フォー・サン　代表取締役　鈴木　保,煙山　信夫,調剤,,平29. 4. 1,yakkyoku
薬局,03,0144104,茶畑薬局,盛岡市茶畑二丁目６番１４号,019-622-1800,株式会社ライブリー　代表取締役　田中　和,高橋　美樹,調剤,,平29. 6. 1,yakkyoku
薬局,03,0144120,日本調剤　東安庭薬局,盛岡市東安庭一丁目２３番６３号,019-656-1611,日本調剤株式会社　代表取締役　小城　和紀,大上　紗織,調剤,,平29. 10. 1,yakkyoku
薬局,03,0144146,アイン薬局　盛岡南店,盛岡市三本柳６地割１番地１,019-601-2235,株式会社アインファーマシーズ　代表取締役　淡路　英広,原田　一理,調剤,,平29. 11. 1,yakkyoku
薬局,03,0144153,アイセイ薬局　盛岡材木町店,盛岡市材木町４番３３号,019-681-3707,株式会社アイセイ薬局　代表取締役　藤井　江美,加藤　祐里,調剤,,平29. 10. 1,yakkyoku
薬局,03,0144161,まやま薬局,盛岡市月が丘三丁目４０番２６号,019-681-1159,まやま薬局株式会社　代表取締役　田屋　祐二,赤坂　真理,調剤,,平29. 12. 10,yakkyoku
薬局,03,0144179,ウエルシア薬局　盛岡本宮店,盛岡市本宮六丁目１番６５号,019-636-1064,ウエルシア薬局株式会社　代表取締役　田中　純一,小野寺　葉月,調剤,,平30. 1. 25,yakkyoku
薬局,03,0144187,あおば薬局　桜小路店,盛岡市上田一丁目２０番１号,019-656-1250,有限会社ワイズファーマシー　代表取締役　畠山　尚人,庄子　孟,調剤,,平30. 4. 16,yakkyoku
薬局,03,0144195,トマト薬局　北飯岡店,盛岡市北飯岡三丁目２０番３２号,019-618-2657,ロングウェルファーマ株式会社　代表取締役　長井　貴之,長井　貴之,調剤,,平30. 4. 1,yakkyoku
薬局,03,0144203,たてさか薬局,盛岡市館向町４番１２号,019-601-4005,株式会社アオキファーマシー　代表取締役　梶　努,草刈　修一,調剤,,平30. 4. 1,yakkyoku
薬局,03,0144211,木の実薬局,盛岡市津志田中央三丁目７番８号,019-656-0700,株式会社ライブリー　代表取締役　田中　和,渡邊　亮太,調剤,,平30. 5. 1,yakkyoku
薬局,03,0144245,なの花薬局津志田店,盛岡市津志田中央二丁目１８番２３号,019-614-9986,株式会社なの花東北　代表取締役　赤石　正志,新井山　耕平,調剤,,平30. 7. 1,yakkyoku
薬局,03,0144252,サンケア薬局　盛岡長橋店,盛岡市長橋町３８番１０号,019-601-4777,株式会社サン・ケア　代表取締役　三上　章,工藤　紀久雄,調剤,,平30. 7. 18,yakkyoku
薬局,03,0144260,薬局マツモトキヨシ上盛岡店,盛岡市北山一丁目９番３０号,019-652-8566,株式会社マツモトキヨシ東日本販売　代表取締役　多田　将一,佐藤　佑樹,調剤,,平30. 9. 1,yakkyoku
薬局,03,0144278,オリーブ薬局,盛岡市本宮六丁目２番３２号,019-631-2165,ルナ調剤株式会社　代表取締役　引地　誠,新田　亮平,調剤,,平30. 9. 1,yakkyoku
薬局,03,0144294,調剤薬局ツルハドラッグ盛岡津志田店,盛岡市津志田中央二丁目１７番３３号,019-637-9100,株式会社ツルハ　代表取締役　八幡　政浩,佐々木　徹,調剤,,平30. 12. 16,yakkyoku
薬局,03,0144310,津志田南オレンジ薬局,盛岡市津志田南三丁目１４番３号,019-613-8129,いまいメディカルサポート株式会社　代表取締役　今井　亮,山本　宰久,調剤,,令元. 5. 1,yakkyoku
薬局,03,0144328,たけしげ薬局,盛岡市みたけ二丁目２１番４１号,019-681-2110,有限会社たけしげ薬局　代表取締役　竹重　尋綾,竹重　みゆき,調剤,,令元. 5. 7,yakkyoku
薬局,03,0144336,調剤薬局ツルハドラッグ盛岡津志田西店,盛岡市津志田西二丁目２番１５号,019-639-4268,株式会社ツルハ　代表取締役　八幡　政浩,金野　琴子,調剤,,令元. 8. 1,yakkyoku
薬局,03,0144344,クローバー薬局,盛岡市本宮字小板小瀬１３番地３,019-656-2011,ラッキーバッグ株式会社　代表取締役　大橋　史広,照井　玲子,,,令元. 11. 1,yakkyoku
薬局,03,0144351,てんとうむし薬局,盛岡市みたけ四丁目１１番４８号,019-681-9227,株式会社ＧＯＬＤ　ＷＯＯＤＳ　代表取締役　金森　暁子,今　良将,,,令元. 12. 2,yakkyoku
薬局,03,0144369,アポロ薬局,盛岡市本宮一丁目６番１１号,019-636-4332,アポクリート株式会社　代表取締役　都筑　朋英,相原　保臣,,,令元. 12. 1,yakkyoku
薬局,03,0144377,なすかわ薬局,盛岡市名須川町１６番１４号,019-605-8130,株式会社祐盛　代表取締役　田屋　祐二,及川　真知子,,,令2. 1. 1,yakkyoku
薬局,03,0144385,サンドラッグ盛岡南サンサ薬局,盛岡市津志田西二丁目１７番５０号,019-637-2552,株式会社サンドラッグ　代表取締役　貞方　宏司,江浦　達郎,,,令2. 3. 1,yakkyoku
薬局,03,0144393,調剤薬局ツルハドラッグ盛岡大館町店,盛岡市大館町１８番３号,019-643-2681,株式会社ツルハ　代表取締役　八幡　政浩,熊谷　絵美,,,令2. 4. 1,yakkyoku
薬局,03,0144401,オーロラ薬局,盛岡市南仙北三丁目２番３０号,019-635-1233,一般社団法人岩手保健企画　代表理事　古舘　真知子,古舘　真知子,,,令2. 4. 1,yakkyoku
薬局,03,0144419,調剤薬局ツルハドラッグ盛岡西見前店,盛岡市西見前１４地割１４９,019-637-5696,株式会社ツルハ　代表取締役　八幡　政浩,太田　健斗,,,令2. 5. 1,yakkyoku
薬局,03,0144427,クスリのアオキ盛岡中野薬局,盛岡市中野一丁目２７番２３号,019-601-6608,株式会社クスリのアオキ　代表取締役　青木　宏憲,西條　芳樹,,,令2. 6. 1,yakkyoku
薬局,03,0144435,ウエルシア薬局盛岡前九年店,盛岡市前九年三丁目６番２６号,019-641-5811,ウエルシア薬局株式会社　代表取締役　田中　純一,小野寺　遼,,,令2. 6. 1,yakkyoku
薬局,03,0144468,ウエルシア薬局盛岡本町通店,盛岡市本町通二丁目１３番８号,019-604-7385,ウエルシア薬局株式会社　代表取締役　田中　純一,柿沼　保美,,,令2. 11. 1,yakkyoku
薬局,03,0144476,つくし薬局　盛岡駅前店,盛岡市盛岡駅前通１４番９号平戸屋ビル１階,019-601-7654,株式会社ワークイン　代表取締役　西舘　孝太,冨士　彩乃,,,令3. 1. 1,yakkyoku
薬局,03,0144484,調剤薬局ツルハドラッグ盛岡盛南店,盛岡市向中野六丁目１４番１７号,019-656-9685,株式会社ツルハ　代表取締役　八幡　政浩,増本　慶,,,令3. 2. 1,yakkyoku
薬局,03,0144492,かぶとむし薬局,盛岡市月が丘三丁目２９番１号,019-681-2333,株式会社ＧＯＬＤ　ＷＯＯＤＳ　代表取締役　金森　暁子,金森　暁子,,,令3. 5. 1,yakkyoku
薬局,03,0144500,大手先口薬局,盛岡市本町通一丁目８番１３号藤島ビル１０１,019-601-3725,有限会社ファミリーウエムラ　代表取締役　上村　章夫,上村　悠太,,,令3. 5. 10,yakkyoku
薬局,03,0144518,いわて飯岡駅前薬局,盛岡市永井１７地割３３番２,019-656-1310,株式会社ライブリー　代表取締役　田中　和,八木　沙織,,,令3. 5. 1,yakkyoku
薬局,03,0144526,ひまわり薬局,盛岡市盛岡駅前通１４番２１号,019-654-6019,クオール株式会社　代表取締役　柄澤　忍,林　ちどり,,,令3. 7. 1,yakkyoku
薬局,03,0144534,こまち薬局,盛岡市盛岡駅前通９番１０号,019-652-7581,クオール株式会社　代表取締役　柄澤　忍,太田　和代,,,令3. 7. 1,yakkyoku
薬局,03,0144542,サンケア薬局　盛岡インター店,盛岡市上厨川字横長根７６番地４,019-601-9134,株式会社サン・ケア　代表取締役　三上　章,高橋　怜衣,,,令3. 7. 1,yakkyoku
薬局,03,0144559,ウエルシア薬局盛岡永井店,盛岡市永井２２地割３７番地１,019-637-5578,ウエルシア薬局株式会社　代表取締役　田中　純一,高橋　日菜子,,,令3. 8. 1,yakkyoku
薬局,03,0144567,イオン薬局盛岡南店,盛岡市本宮七丁目１番１号,019-631-3716,イオン東北株式会社　代表取締役　西垣　幸則,工藤　実菜子,,,令3. 9. 1,yakkyoku
薬局,03,0144575,イオン薬局盛岡店,盛岡市前潟四丁目７番１号,019-605-3730,イオン東北株式会社　代表取締役　西垣　幸則,根田　祥広,,,令3. 9. 1,yakkyoku
薬局,03,0144583,クスリのアオキ津志田薬局,盛岡市津志田町二丁目３番６０号,019-656-6832,株式会社クスリのアオキ　代表取締役　青木　宏憲,渡辺　晶,,,令3. 9. 1,yakkyoku
薬局,03,0144591,せんぼく調剤薬局,盛岡市仙北三丁目１３番２２号,019-635-0330,株式会社エンデバー　代表取締役　野舘　敬直,工藤　健美,,,令3. 9. 1,yakkyoku
薬局,03,0144609,ウエルシア薬局盛岡西松園店,盛岡市西松園四丁目２０番１号,019-663-6100,ウエルシア薬局株式会社　　代表取締役　田中　純一,石角　南海,,,令3. 10. 1,yakkyoku
薬局,03,0144617,イース薬局,盛岡市太田五丁目１０番２５号,019-656-8036,株式会社リペリコ　代表取締役　久慈　昌和,中村　桃子,,,令3. 11. 1,yakkyoku
薬局,03,0144633,かつら薬局,盛岡市永井１３地割１７番３,019-614-2061,株式会社ワークイン　代表取締役　西舘　孝太,佐々木　保之,,,令3. 12. 1,yakkyoku
薬局,03,0144641,日本調剤　盛岡本宮薬局,盛岡市本宮六丁目１番６２号,019-613-9766,日本調剤株式会社　代表取締役　小城　和紀,佐々木　歩美,,,令4. 4. 1,yakkyoku
薬局,03,0144666,おおたばし調剤薬局,盛岡市本宮字小板小瀬１３番地８,019-656-3131,アポクリート株式会社　代表取締役　都筑　朋英,白畑　美穂,,,令4. 4. 1,yakkyoku
薬局,03,0144674,アイランド薬局盛南店,盛岡市向中野五丁目１８番３０号,019-656-6123,アポクリート株式会社　代表取締役　都筑　朋英,芳賀　峰子,,,令4. 4. 1,yakkyoku
薬局,03,0144682,調剤薬局ツルハドラッグ盛岡愛宕店,盛岡市愛宕町１１番１９号,019-613-5285,株式会社ツルハ　代表取締役　八幡　政浩,溝上　達也,,,令4. 5. 1,yakkyoku
薬局,03,0144690,調剤薬局ツルハドラッグ盛岡本町通店,盛岡市本町通一丁目２番１５号,019-601-4582,株式会社ツルハ　代表取締役　八幡　政浩,照井　亜美,,,令4. 5. 1,yakkyoku
薬局,03,0144708,ウエルシア薬局イオンタウン盛岡駅前店,盛岡市盛岡駅前北通１１番３０号,019-606-8222,ウエルシア薬局株式会社　代表取締役　田中　純一,太田　美南,,,令4. 8. 1,yakkyoku
薬局,03,0144716,調剤薬局ツルハドラッグ上田店,盛岡市上田一丁目３番２６号,019-624-8489,株式会社ツルハ　代表取締役　八幡　政浩,丸本　慎太郎,,,令4. 7. 10,yakkyoku
薬局,03,0144724,調剤薬局ツルハドラッグ盛岡青山店,盛岡市月が丘二丁目１番３５号,019-641-8268,株式会社ツルハ　代表取締役　八幡　政浩,大内　陽翔,,,令4. 10. 1,yakkyoku
薬局,03,0144732,むかいなかの調剤薬局,盛岡市向中野二丁目５４番１２号,019-631-3100,株式会社ファーマ・ラボ　代表取締役　木村　初実,佐々木　美貴,,,令4. 10. 1,yakkyoku
薬局,03,0144757,サンドラッグ盛岡上田薬局,盛岡市本町通三丁目１２番５号,019-601-9977,株式会社サンドラッグ　代表取締役　貞方　宏司,加藤　龍憲,,,令5. 4. 1,yakkyoku
薬局,03,0144765,あかり薬局　肴町店,盛岡市肴町５番４号肴町ビル１Ｆ,019-606-2200,株式会社あかり薬局　代表取締役　千葉　純子,正田　絢葉,,,令5. 4. 1,yakkyoku
薬局,03,0144773,大和薬局,盛岡市本宮三丁目９番９号,019-656-9650,株式会社大和薬局　代表取締役　大和　圭二郎,大和　圭二郎,,,令5. 5. 1,yakkyoku
薬局,03,0144799,調剤薬局ツルハドラッグ盛岡向中野東店,盛岡市向中野二丁目１番１号,019-613-5528,株式会社ツルハ　代表取締役　八幡　政浩,若松　幸輝,,,令5. 5. 1,yakkyoku
薬局,03,0144807,調剤薬局ツルハドラッグ三本柳店,盛岡市三本柳５地割２８番地２,019-614-3080,株式会社ツルハ　代表取締役　八幡　政浩,栃内　香代子,,,令5. 5. 8,yakkyoku
薬局,03,0144815,せいりゅう薬局　東仙北店,盛岡市東仙北二丁目４番２９号,019-613-5877,佐藤　聖五,佐藤　翼,,,令5. 8. 1,yakkyoku
薬局,03,0144823,そうごう薬局　西仙北店,盛岡市西仙北一丁目１５番６号,019-613-8971,総合メディカル株式会社　代表取締役　多田　荘一郎,吉川　敬太,,,令5. 10. 1,yakkyoku
薬局,03,0144831,下小路薬局,盛岡市愛宕町２番３号,019-604-9101,株式会社ユニオン薬局　代表取締役　村井　利昭,伊藤　耕太,,,令6. 1. 7,yakkyoku
薬局,03,0144849,西青山薬局,盛岡市西青山二丁目４番１７号,019-601-4141,株式会社ブリス　代表取締役　三浦　祐福,和田　巴明,,,令6. 2. 1,yakkyoku
薬局,03,0144856,すばる永井薬局,盛岡市永井２２地割３番地１２８,019-614-0025,株式会社ブリス　代表取締役　三浦　祐福,鹿野　京子,,,令6. 2. 1,yakkyoku
薬局,03,0144864,シリウス薬局,盛岡市みたけ二丁目２１番２２号,019-613-7151,株式会社ライブリー　代表取締役　田中　和,宮手　一樹,,,令6. 2. 1,yakkyoku
薬局,03,0144872,銀河調剤あおい薬局,盛岡市上田四丁目２０番６０号,019-604-7103,株式会社銀河調剤　代表取締役　佐野　元彦,小田島　幸子,,,令6. 4. 1,yakkyoku
薬局,03,0144898,銀河調剤ミルマエ薬局,盛岡市三本柳１２地割２１番地４,019-614-0071,株式会社銀河調剤　代表取締役　佐野　元彦,杉山　智恵子,,,令6. 4. 1,yakkyoku
薬局,03,0144914,銀河調剤オトベ薬局,盛岡市乙部１３地割１３５番地１,019-675-1151,株式会社銀河調剤　代表取締役　佐野　元彦,畑澤　淳一,,,令6. 4. 1,yakkyoku
薬局,03,0144922,ファーマ・ラボ薬局上田店,盛岡市上田一丁目１０番３６号,019-681-4371,株式会社ファーマ・ラボ　代表取締役　木村　初実,吉田　晃大,,,令6. 2. 1,yakkyoku
薬局,03,0144930,調剤薬局ツルハドラッグ盛岡みたけ北店,盛岡市みたけ二丁目１２番１０号,019-656-9780,株式会社ツルハ　代表取締役　八幡　政浩,佐藤　広治,,,令6. 3. 1,yakkyoku
薬局,03,0144948,道明薬局,盛岡市向中野七丁目３４番２８号,019-656-7092,有限会社ケイアンドワイ　代表取締役　田屋　博美,野村　優子,,,令6. 5. 1,yakkyoku
薬局,03,0144955,どんぐり薬局さかな町,盛岡市中ノ橋通一丁目６番８号ｍｏｎａｋａ２階,019-656-9700,株式会社どんぐり工房　代表取締役　赤間　千夏,野坂　明美,,,令6. 7. 11,yakkyoku
薬局,03,0144971,クスリのアオキ渋民薬局,盛岡市渋民字泉田１６９番地,019-601-2576,株式会社クスリのアオキ　代表取締役　青木　宏憲,小笠原　優太,,,令6. 9. 1,yakkyoku
薬局,03,0144989,もなか薬局,盛岡市中ノ橋通一丁目６番８号,019-656-0483,株式会社村源　代表取締役　村井　利昭,大場　真一,,,令6. 9. 2,yakkyoku
薬局,03,0144997,つくし薬局　盛岡中央店,盛岡市上田一丁目５番３１号,019-681-8773,株式会社ワークイン　代表取締役　西舘　孝太,佐々木　紅子,,,令6. 10. 1,yakkyoku
薬局,03,0145002,天昌寺薬局,盛岡市天昌寺町３番２７号,019-646-7499,株式会社ファーマ・ラボ　代表取締役　木村　初実,大内　一輝,,,令6. 9. 1,yakkyoku
薬局,03,0145010,こなん薬局,盛岡市上田字松屋敷２３番地３,019-664-1115,株式会社マーレ薬品　代表取締役　吾郷　雅昭,丹　柊人,,,令6. 12. 1,yakkyoku
薬局,03,0145028,クスリのアオキ津志田南薬局,盛岡市都南中央第三地区土地区画整理事業地内８０街区２番,019-681-3791,株式会社クスリのアオキ　代表取締役　青木　宏憲,田村　樹凜,,,令7. 3. 1,yakkyoku
薬局,03,0145036,イース薬局　本町通店,盛岡市本町通一丁目１６番４号,019-601-8909,株式会社リペリコ　代表取締役　久慈　昌和,吉田　和生,,,令7. 4. 1,yakkyoku
薬局,03,0145044,レミディ薬局,盛岡市中ノ橋通一丁目１４番８号,019-652-1300,有限会社ケイアンドワイ　代表取締役　田屋　博美,鈴木　美幸,,,令7. 3. 1,yakkyoku
薬局,03,0145051,ルナ薬局　茶畑店,盛岡市茶畑一丁目１８番２０号,019-601-5715,ルナ調剤株式会社　代表取締役　引地　誠,高橋　淳子,,,令7. 6. 1,yakkyoku
薬局,03,0145069,ウェルビー薬局　上ノ橋店,盛岡市上ノ橋町１番５３号,019-681-6771,株式会社ライブリー　代表取締役　田中　和,安部　聡,,,令7. 6. 1,yakkyoku
薬局,03,0145077,ローブ薬局,盛岡市青山三丁目２７番１５号,019-656-9907,有限会社メディワークス盛岡　代表取締役　東　透,東　航平,,,令7. 5. 1,yakkyoku
薬局,03,0145085,エムツー調剤薬局　永井店,盛岡市永井２４地割３番地８,019-605-7050,Ｍ２ファーマシー株式会社　代表取締役　松村　雅博,箱崎　菜摘,,,令7. 5. 1,yakkyoku
薬局,03,0145093,工藤薬局,盛岡市向中野一丁目１１番２４号,019-656-9103,株式会社リザイル　代表取締役　工藤　博臣,工藤　亜季,,,令7. 6. 1,yakkyoku
薬局,03,0145101,ながい薬局,盛岡市永井２３地割７番地４６,019-637-8688,株式会社八方堂　代表取締役　山﨑　俊信,山﨑　俊信,,,令7. 5. 1,yakkyoku
薬局,03,0145119,つくし薬局　盛岡山王店,盛岡市山王町１１番２９号,019-656-6426,株式会社ワークイン　代表取締役　西舘　孝太,藤田　史帆,,,令7. 9. 1,yakkyoku
薬局,03,0145127,みずほ薬局月が丘,盛岡市月が丘一丁目２９番１６号,019-601-8211,Ｈ２有限会社　代表取締役　四倉　暁子,森　恵,,,令7. 8. 1,yakkyoku
薬局,03,0145135,ツルハ薬局盛岡向中野店,盛岡市向中野五丁目２１番２０号,019-656-5260,株式会社ツルハ　代表取締役　八幡　政浩,木原　ささの,,,令7. 11. 25,yakkyoku
薬局,03,0145143,三本柳薬局,盛岡市三本柳２３地割３番地２,019-658-9167,株式会社ブリス　代表取締役　三浦　祐福,菊地　瑞恵,,,令8. 1. 1,yakkyoku
薬局,03,0145150,調剤薬局ツルハドラッグ盛岡神明町店,盛岡市神明町４番２０号,019-681-6283,株式会社ツルハ　代表取締役　八幡　政浩,福原　乃亜,,,令8. 2. 19,yakkyoku
薬局,03,0145168,あおむし薬局,盛岡市神明町６番２３号,019-681-4800,株式会社ＧＯＬＤＷＯＯＤＳ　代表取締役　金森　暁子,森川　鮎美,,,令8. 2. 1,yakkyoku
薬局,03,0145176,イース薬局　ＳＡＩＥＮ,盛岡市菜園一丁目６番１３号公園通りプラザビル１Ｆ,019-681-2116,合同会社ＴｈｒｅｅｅＬｉＮｅｓ　代表社員　川村　紀子,佐々良　玲奈,,,令8. 3. 2,yakkyoku
薬局,03,0145184,上太田薬局,盛岡市上太田弘法清水１番地,019-658-1055,有限会社ドラッグコスモス　代表取締役　村上　俊介,村上　眞子,,,令8. 2. 1,yakkyoku
薬局,03,0145192,岩手ホームケア薬局　盛岡店,盛岡市本宮一丁目１５番８号盛岸ビル９１　１階,019-658-8340,株式会社マリーナメディカルグループ　代表取締役　加畑　智聡,加畑　智聡,,,令8. 2. 1,yakkyoku
薬局,03,0145200,グリーン薬局,盛岡市前九年二丁目２番３８号,019-645-3324,株式会社ウィーズ　代表取締役　芦田　達也,坂本　亜子,,,令8. 6. 1,yakkyoku
薬局,03,0240175,健康堂薬局駅前店,宮古市栄町２番４号,0193-63-8181,合資会社健康堂薬局　代表社員　船越　子,八重樫　裕司,調剤,,昭62. 4. 1,yakkyoku
薬局,03,0240233,有限会社ポプラ薬局,宮古市和見町１番１５号,0193-62-8523,有限会社　ポプラ薬局　代表取締役　黒田　毅,黒田　眞智子,調剤,,平4. 7. 1,yakkyoku
薬局,03,0240266,船越薬局,宮古市大通三丁目１番２４号,0193-63-8444,船越　憲治,船越　憲治,調剤,,平6. 4. 1,yakkyoku
薬局,03,0240308,つくし薬局磯鶏店,宮古市磯鶏沖１５番１１号,0193-71-2100,株式会社ワークイン　代表取締役　西舘　孝太,野崎　郷,調剤,,平10. 11. 1,yakkyoku
薬局,03,0240316,有限会社　かもめ薬局,宮古市和見町８番２７号,0193-71-2077,有限会社かもめ薬局　取締役　千葉　美沙子,千葉　美沙子,調剤,,平11. 1. 1,yakkyoku
薬局,03,0240365,みなとや調剤薬局,宮古市大通一丁目５番３号,0193-71-2033,株式会社みなとや薬局　代表取締役　中野　美法,笹井　康則,調剤,,平11. 5. 1,yakkyoku
薬局,03,0240373,健康堂薬局小山田店,宮古市小山田二丁目７番７０号,0193-64-5650,合資会社健康堂薬局　代表社員　船越　祐子,船越　祐子,調剤,,平12. 7. 13,yakkyoku
薬局,03,0240399,あさひ調剤薬局,宮古市大通四丁目５番１号,0193-71-2015,株式会社みなとや薬局　代表取締役　中野　美法,高畑　雄大,,,平14. 5. 1,yakkyoku
薬局,03,0240407,宮古調剤薬局,宮古市崎鍬ヶ崎第１地割１１番地３３,0193-71-1289,株式会社宮古アイン　代表取締役　淡路　英広,小林　大介,,,平14. 5. 1,yakkyoku
薬局,03,0240449,健康堂薬局栄町店,宮古市栄町１番６２号,0193-63-7850,合資会社健康堂藥局　代表社員　船越　祐子,吉田　真弥子,調剤,,平16. 7. 1,yakkyoku
薬局,03,0240456,おかむら調剤薬局,宮古市西町一丁目７番２６号,0193-62-8177,有限会社　メディカル小野　取締役　小野　緑,小野　緑,調剤,,平16. 10. 1,yakkyoku
薬局,03,0240506,つくし薬局舘合店,宮古市舘合町１番５号,0193-71-1166,株式会社ワークイン　代表取締役　西舘　孝太,清水　徳子,調剤,,平18. 4. 1,yakkyoku
薬局,03,0240514,調剤薬局ツルハドラッグ宮古中央店,宮古市保久田８番５号,0193-65-0122,株式会社ツルハ　代表取締役　八幡　政浩,菊地　紘,,,平20. 2. 1,yakkyoku
薬局,03,0240530,ミドリ薬局宮古中央店,宮古市黒田町７番６号,0193-62-0012,有限会社ミドリ薬局　代表取締役　安見　一幸,安見　一幸,調剤,,平20. 10. 1,yakkyoku
薬局,03,0240563,にいさと調剤薬局,宮古市茂市第１地割１１５番地４,0193-77-5700,株式会社かねもり　代表取締役　清水川　大和,寳　伸哉,,,平26. 3. 3,yakkyoku
薬局,03,0240571,のぞみ調剤薬局,宮古市西町一丁目７番３２号,0193-65-7330,ＳＡＳＡＫＩ　ＥＲＰ　ＣＯ　株式会社　代表取締役　佐々木　夏子,佐々木　夏子,調剤,,平28. 1. 1,yakkyoku
薬局,03,0240589,せせらぎ薬局,宮古市大通四丁目５番１０号,0193-77-5801,湊谷　紀幸,湊谷　紀幸,調剤,,平28. 5. 9,yakkyoku
薬局,03,0240597,アイン薬局　宮古山口店,宮古市山口五丁目２９５番７号,0193-65-7137,株式会社アインファーマシーズ　代表取締役　淡路　英広,笠間　琢彌,調剤,,平28. 6. 1,yakkyoku
薬局,03,0240605,ミウラ薬局,宮古市田老三王一丁目１番３－１号,0193-65-7303,三浦　公成,三浦　敏子,調剤,,平28. 8. 2,yakkyoku
薬局,03,0240613,津軽石やさしい薬局,宮古市津軽石第５地割７９番地１９,0193-65-7780,株式会社アバカム　代表取締役　清水川　大和,清水川　大和,,,令2. 9. 1,yakkyoku
薬局,03,0240621,なのはな薬局,宮古市向町３番１４号,0193-65-8808,合同会社ハクト　代表社員　西村　宣俊,西村　宣俊,,,令3. 4. 1,yakkyoku
薬局,03,0240639,宮古西町薬局,宮古市西町三丁目３番５号,0193-77-5925,株式会社ストレチア　代表取締役　山根　弘,尾形　麻未,,,令3. 11. 1,yakkyoku
薬局,03,0240654,きらり薬局　実田,宮古市実田二丁目５番９号,0193-71-3593,きらりファーマシー株式会社　代表取締役　石井　裕太,石井　裕太,,,令6. 7. 1,yakkyoku
薬局,03,0240662,根市ファミリー薬局,宮古市根市第１地割１０番地２,0193-65-8222,株式会社アバカム　代表取締役　清水川　大和,白野　弦樹,,,令7. 6. 1,yakkyoku
薬局,03,0240670,あすなろ薬局,宮古市保久田３番９号,0193-65-6050,株式会社医薬品情報センター　代表取締役　菅原　憲太郎,鈴木　昌代,,,令7. 7. 1,yakkyoku
薬局,03,0340223,気仙中央薬局,大船渡市大船渡町字山馬越１８２番地４,0192-26-6231,協同組合　気仙ファーマシー　理事長　横澤　康之,金野　良則,調剤,,平7. 1. 1,yakkyoku
薬局,03,0340231,コスモ薬局中央店,大船渡市大船渡町字山馬越１７５番地４,0192-27-0293,株式会社コスモ薬局　代表取締役　中野　雅弘,中野　雅弘,調剤,,平7. 2. 1,yakkyoku
薬局,03,0340264,千葉薬局サンリア店,大船渡市盛町字町１０番地１１,0192-26-3578,株式会社千葉薬局　代表取締役　千葉　史子,千葉　史子,調剤,,平8. 9. 1,yakkyoku
薬局,03,0340314,つくし薬局大船渡店,大船渡市盛町字舘下３番地６,0192-25-1180,有限会社ミニ・ホップ　代表取締役　水留　政見,紺野　伸一,調剤,,平12. 9. 1,yakkyoku
薬局,03,0340363,よこさわ薬局,大船渡市猪川町字中井沢７番２,0192-27-3536,有限会社よこさわ　代表取締役　横澤　康之,横澤　和子,調剤,,平15. 6. 1,yakkyoku
薬局,03,0340397,どりーむ薬局,大船渡市猪川町字中井沢７番地７,0192-21-3300,株式会社　ライブリー　代表取締役　田中　和,千田　泰太郎,調剤,,平16. 5. 1,yakkyoku
薬局,03,0340405,つくし薬局猪川店,大船渡市猪川町字中井沢１０番地１０,0192-21-3663,株式会社ワークイン　代表取締役　西舘　孝太,廣澤　香帆里,調剤,,平16. 8. 1,yakkyoku
薬局,03,0340447,みつき調剤薬局,大船渡市盛町字東町５番地４,0192-21-3020,有限会社エムネスト　代表取締役　村上　永子,村上　永子,調剤,,平17. 11. 1,yakkyoku
薬局,03,0340454,ユタカ薬局,大船渡市盛町字内ノ目１１番地２０,0192-21-1560,有限会社新山　代表取締役　中嶋　幸代,川﨑　弘志,調剤,,平18. 7. 1,yakkyoku
薬局,03,0340496,つくし薬局細浦店,大船渡市末崎町字平林７５番地１,0192-22-1777,株式会社ワークイン　代表取締役　西舘　孝太,熊谷　広美,調剤,,平23. 12. 1,yakkyoku
薬局,03,0340538,りあす薬局,大船渡市立根町字中野４０番６,0192-21-5100,株式会社ライブリー　代表取締役　田中　和,千葉　一馬,調剤,,平24. 11. 1,yakkyoku
薬局,03,0340553,アイン薬局　大船渡店,大船渡市大船渡町字山馬越１７５番地１,0192-21-3230,株式会社アインファーマシーズ　代表取締役　淡路　英広,金野　礼,調剤,,平27. 11. 1,yakkyoku
薬局,03,0340561,マルヤ薬局,大船渡市大船渡町字地ノ森４４番地３,0192-21-3533,合資会社　マルヤ薬局　代表社員　熊谷　敏朗,熊谷　拓朗,調剤,,平29. 2. 1,yakkyoku
薬局,03,0340579,つばき薬局,大船渡市盛町字内ノ目３番地の１７,0192-27-9855,シップヘルスケアファーマシー株式会社　代表取締役　市谷　文吾,黒田　啓介,調剤,,平29. 11. 1,yakkyoku
薬局,03,0340595,善進堂薬局,大船渡市大船渡町字新田４９番地３,0192-27-9250,株式会社シンファーマシー　代表取締役　長谷川　伸,長谷川　伸,,,令2. 10. 1,yakkyoku
薬局,03,0340603,ひので薬局,大船渡市大船渡町字明神前９番地２６,0192-27-6589,有限会社サンライズ薬局　取締役　千葉　一歩,瀬戸　洋介,,,令3. 2. 1,yakkyoku
薬局,03,0340611,なの花薬局盛町店,大船渡市盛町字東町１１番地１２,0192-47-5300,株式会社なの花東北　代表取締役　赤石　正志,畑　幸江,,,令6. 12. 1,yakkyoku
薬局,03,0340629,とうごう薬局　大船渡店,大船渡市猪川町字前田１０番地１９,0192-47-3982,ロッツ株式会社　代表取締役　富山　泰庸,紺野　仁,,,令7. 9. 1,yakkyoku
薬局,03,0340637,とうごう薬局　越喜来店,大船渡市三陸町越喜来字所通４４番地６,0192-22-8790,ロッツ株式会社　代表取締役　富山　泰庸,島津　憲一,,,令8. 2. 1,yakkyoku
薬局,03,0540368,伊藤薬局,花巻市一日市１番１６号,0198-23-5040,伊藤　和朗,伊藤　和朗,調剤,,昭59. 10. 1,yakkyoku
薬局,03,0540376,サカモト薬局　大通り店,花巻市大通り一丁目１５番１９号,0198-24-9196,株式会社　サカモト　代表取締役　坂本　秀樹,若柳　聡太,調剤,,昭61. 1. 1,yakkyoku
薬局,03,0540400,パール薬局,花巻市西大通り二丁目２２番１７号,0198-22-3517,株式会社メドック　代表取締役　氏家　道子,氏家　道子,調剤,,昭62. 7. 1,yakkyoku
薬局,03,0540475,花巻調剤薬局小舟渡店,花巻市坂本町４番５号,0198-23-7665,有限会社　桂薫会　花巻調剤薬局　代表取締役　山田　裕司,高野　大輔,調剤,,平7. 1. 1,yakkyoku
薬局,03,0540525,二十六薬局,花巻市西大通り二丁目３番１号,0198-23-2626,株式会社ライブリー　代表取締役　田中　和,軽石　武晴,調剤,,平8. 4. 1,yakkyoku
薬局,03,0540558,花北薬局,花巻市四日町三丁目５番１０号,0198-22-2020,株式会社ライブリー　代表取締役　田中　和,神田　勇人,調剤,,平9. 4. 1,yakkyoku
薬局,03,0540574,材木町薬局,花巻市材木町６番６号,0198-22-1661,有限会社ファーマシー盛岡　代表取締役　齋藤　秀文,伊藤　嘉奈子,調剤,,平9. 7. 1,yakkyoku
薬局,03,0540624,はなまる薬局,花巻市西大通り二丁目１番１３号,0198-41-1870,高橋　鉄哉,高橋　鉄哉,調剤,,平10. 11. 16,yakkyoku
薬局,03,0540632,花調ふどう薬局,花巻市不動町二丁目１番地１,0198-41-1455,有限会社桂薫会花巻調剤薬局　代表取締役　山田　裕司,井上　椋太,調剤,,平10. 12. 1,yakkyoku
薬局,03,0540665,たかき薬局,花巻市高木第１５地割１８番地１３,0198-41-1522,有限会社たかき薬局　代表取締役　髙橋　さくら,笹木　聖,調剤,,平11. 4. 1,yakkyoku
薬局,03,0540707,タカハシ薬局,花巻市大通り二丁目７番１１号,0198-22-3377,有限会社タカハシ薬局　代表取締役　髙橋　さくら,髙橋　さくら,調剤,,平12. 11. 1,yakkyoku
薬局,03,0540715,タカハシひかる薬局,花巻市西大通り二丁目１１番３号,0198-41-1340,有限会社タカハシ薬局　代表取締役　髙橋　さくら,佐藤　容子,調剤,,平12. 11. 1,yakkyoku
薬局,03,0540723,タカハシ星ヶ丘薬局,花巻市星が丘二丁目２７番２２号,0198-22-3378,有限会社タカハシ薬局　代表取締役　髙橋　さくら,山本　美智子,調剤,,平12. 11. 1,yakkyoku
薬局,03,0540756,たんぽぽ薬局,花巻市二枚橋第６地割４９８番地１,0198-26-1755,株式会社サカモト　代表取締役　坂本　秀樹,佐々木　徹,,,平13. 1. 1,yakkyoku
薬局,03,0540780,スクラム薬局　花巻駅西店,花巻市西大通り一丁目３０番７号,0198-22-6664,有限会社　ケイサポート　代表取締役　千葉　啓志,八重樫　浩子,,,平14. 8. 1,yakkyoku
薬局,03,0540806,八木薬局,花巻市上町２番１５号,0198-24-6177,有限会社　八木薬局　代表取締役　八木　健彰,八木　由紀雄,,,平14. 9. 1,yakkyoku
薬局,03,0540830,こしおう薬局,花巻市高木第１８地割６９番１,0198-21-3005,有限会社薬師会　代表取締役　曽我部　由美子,武田　宣光,調剤,,平15. 6. 1,yakkyoku
薬局,03,0540863,サカモト薬局健康館,花巻市不動町一丁目２番５,0198-21-5454,株式会社　サカモト　代表取締役　坂本　秀樹,村上　知之,調剤,,平15. 10. 1,yakkyoku
薬局,03,0540889,かなん薬局,花巻市諏訪町二丁目１番地１５,0198-21-5522,有限会社　クラス　代表取締役　髙橋　稔,髙橋　稔,調剤,,平16. 4. 1,yakkyoku
薬局,03,0540897,花調あさざわ薬局,花巻市浅沢１００番地７,0198-21-5550,有限会社　桂薫会　花巻調剤薬局　代表取締役　山田　裕司,菅原　崚,調剤,,平16. 8. 1,yakkyoku
薬局,03,0540913,花調きたまん薬局,花巻市中北万丁目８３４番地１,0198-21-5551,有限会社　桂薫会　花巻調剤薬局　代表取締役　山田　裕司,古川　有子,調剤,,平16. 10. 1,yakkyoku
薬局,03,0540939,調剤薬局ツルハドラッグ西大通店,花巻市西大通り二丁目１番２５号,0198-24-1015,株式会社ツルハ　代表取締役　八幡　政浩,鈴木　周平,調剤,,平17. 12. 1,yakkyoku
薬局,03,0540962,イワダテ薬局,花巻市石鳥谷町好地第１６地割１２９番地,0198-45-3528,岩舘　美智子,岩舘　美智子,調剤,,昭57. 10. 1,yakkyoku
薬局,03,0541002,フロンティア薬局石鳥谷店,花巻市石鳥谷町新堀第８地割３４番地４,0198-46-1733,株式会社フロンティア　代表取締役　重森　裕之,田村　宏明,,,平13. 10. 1,yakkyoku
薬局,03,0541028,東和薬局,花巻市東和町安俵６区１４２番地２,0198-42-4370,有限会社東和薬局　代表取締役　大松　宏貴,大松　宏貴,調剤,,平8. 7. 1,yakkyoku
薬局,03,0541036,有限会社ひだまり薬局,花巻市東和町東晴山８区３８番地２,0198-44-2977,有限会社ひだまり薬局　代表取締役　小原　秀晴,小原　秀晴,調剤,,平11. 10. 1,yakkyoku
薬局,03,0541044,おたや町薬局,花巻市御田屋町１番４３号,0198-21-3511,有限会社ケイサポート　代表取締役　千葉　啓志,瀬川　忍,調剤,,平18. 2. 1,yakkyoku
薬局,03,0541069,つくし薬局　花巻店,花巻市若葉町二丁目４番１４号,0198-21-5580,株式会社メディモール　代表取締役　西舘　孝太,籠田　敦,調剤,,平18. 4. 1,yakkyoku
薬局,03,0541101,ほおずき薬局,花巻市石鳥谷町好地第７地割２０６番地５,0198-46-1410,有限会社薬師会　代表取締役　曽我部　由美子,曽我部　靖雄,調剤,,平18. 10. 1,yakkyoku
薬局,03,0541119,ゆぐち薬局,花巻市円万寺字下中野４５番１１,0198-38-1300,株式会社ライブリー　代表取締役　田中　和,佐藤　大峰,調剤,,平18. 12. 1,yakkyoku
薬局,03,0541168,桜木町薬局,花巻市桜木町一丁目２３番地,0198-24-6169,ささ企画有限会社　代表取締役　佐々木　浩太郎,佐々木　浩太郎,調剤,,平19. 8. 1,yakkyoku
薬局,03,0541176,銀河薬局　太田店,花巻市太田第５１地割２２０番地１,0198-39-1250,株式会社銀河調剤　代表取締役　佐野　元彦,弓削　伸一,調剤,,平19. 8. 17,yakkyoku
薬局,03,0541200,のぞみ薬局,花巻市石鳥谷町好地第１６地割９番地５,0198-46-2070,株式会社ウイング　代表取締役　山本　考哉,岩渕　剛行,調剤,,平19. 11. 1,yakkyoku
薬局,03,0541218,有限会社あさひ薬局センター店,花巻市石鳥谷町八幡第５地割４７番地２,0198-46-2220,有限会社あさひ薬局センター店　代表取締役　川村　聖子,川村　聖子,,,平20. 4. 1,yakkyoku
薬局,03,0541234,株式会社広田薬品花巻駅前薬局,花巻市大通り一丁目１０番２８号,0198-41-1778,株式会社広田薬品　代表取締役社長　高見　幸江,髙見　昌弘,調剤,,平20. 11. 1,yakkyoku
薬局,03,0541259,花調みどり薬局,花巻市若葉町三丁目１番８号,0198-22-3777,有限会社桂薫会花巻調剤薬局　代表取締役　山田　裕司,才　子,調剤,,平21. 11. 1,yakkyoku
薬局,03,0541317,カワチ薬局　花巻店,花巻市上小舟渡３４４番地３,0198-22-3010,株式会社カワチ薬品　代表取締役　河内　伸二,松本　成華,調剤,,平28. 2. 1,yakkyoku
薬局,03,0541325,えびす調剤薬局,花巻市石鳥谷町八幡第３地割７６番地１３,0198-46-1110,有限会社　リリーフ・ライト　代表取締役　打越　光,鷲盛　明子,調剤,,平28. 4. 1,yakkyoku
薬局,03,0541333,宮野目薬局,花巻市西宮野目第６地割１６５番地７,0198-29-5830,株式会社ライブリー　代表取締役　田中　和,照井　美子,調剤,,平29. 3. 1,yakkyoku
薬局,03,0541366,有限会社ヤマネ薬局,花巻市東町５番１号,0198-24-8198,有限会社ヤマネ薬局　取締役　鎌田　陽子,鎌田　陽子,調剤,,平30. 2. 5,yakkyoku
薬局,03,0541374,あおば薬局,花巻市東宮野目第１３地割１２４番地４,0198-23-1221,有限会社和光　代表取締役　小原　崇平,八重樫　英伸,調剤,,平30. 6. 4,yakkyoku
薬局,03,0541390,調剤薬局ツルハドラッグ花巻御田屋町店,花巻市御田屋町４番１６号,0198-21-3110,株式会社ツルハ　代表取締役　八幡　政浩,児玉　英寿,,,平31. 1. 27,yakkyoku
薬局,03,0541408,有限会社小田島薬局,花巻市上町６番５号,0198-23-5161,有限会社小田島薬局　代表取締役　小田島　欣一郎,小田島　郁子,調剤,,令元. 5. 1,yakkyoku
薬局,03,0541432,日本調剤花巻薬局,花巻市御田屋町４番５４号,0198-23-1380,日本調剤株式会社　代表取締役　小城　和紀,本間　亮多,,,令2. 3. 1,yakkyoku
薬局,03,0541440,アイン薬局花巻仲町店,花巻市仲町５番９号,0198-21-2022,株式会社アインファーマシーズ　代表取締役　淡路　英広,岩野　瑛,,,令2. 4. 1,yakkyoku
薬局,03,0541457,しらゆり薬局,花巻市西大通り一丁目７番１０号,0198-41-8330,株式会社ライブリー　代表取締役　田中　和,軽石　弘子,,,令2. 5. 1,yakkyoku
薬局,03,0541465,ウエルシア薬局花巻南川原店,花巻市南川原町１２６番地１,0198-21-3015,ウエルシア薬局株式会社　代表取締役　田中　純一,畠山　紗英,,,令2. 8. 1,yakkyoku
薬局,03,0541473,クスリのアオキ西大通り薬局,花巻市下北万丁目１７８番地３,0198-41-5224,株式会社クスリのアオキ　代表取締役　青木　宏憲,田代　春哉,,,令3. 4. 1,yakkyoku
薬局,03,0541481,桜台調剤薬局,花巻市桜台二丁目１３番１１号,0198-21-5036,株式会社エンデバー　代表取締役　野舘　敬直,渡邊　健郎,,,令3. 9. 1,yakkyoku
薬局,03,0541499,つくし薬局　星が丘店,花巻市星が丘一丁目２０番１２号,0198-41-8301,株式会社ワークイン　代表取締役　西舘　孝太,上北田　省吾,,,令3. 10. 1,yakkyoku
薬局,03,0541523,花城薬局,花巻市花城町１２番１１号銀河タウン舘坂１Ｆ,0198-41-3100,株式会社ブリス　代表取締役　三浦　祐福,髙橋　昌仁,,,令6. 2. 1,yakkyoku
薬局,03,0541531,ほしがおか・花城薬局,花巻市星が丘一丁目８番２０号,0198-23-5388,株式会社ブリス　代表取締役　三浦　祐福,藤田　太,,,令6. 2. 1,yakkyoku
薬局,03,0541549,諏訪調剤薬局,花巻市諏訪３９９番地１,0198-21-3303,株式会社ブリス　代表取締役　三浦　祐福,及川　慎一,,,令6. 2. 1,yakkyoku
薬局,03,0541556,銀河薬局　松園店,花巻市松園町一丁目１２番４８号,0198-41-3205,株式会社銀河調剤　代表取締役　佐野　元彦,菊池　光太,,,令7. 3. 1,yakkyoku
薬局,03,0541572,つくし薬局　土沢店,花巻市東和町土沢８区３２６番地,0198-41-5401,株式会社ワークイン　代表取締役　西舘　孝太,佐藤　拓洋,,,令7. 12. 1,yakkyoku
薬局,03,0541580,あい薬局　花城店,花巻市花城町１２番１４号,0198-21-5033,株式会社Ａ＆Ｐ　代表取締役　村上　典夫,鈴木　健太郎,,,令8. 2. 1,yakkyoku
薬局,03,0541598,おおはさま薬局,花巻市大迫町大迫第１３地割２３番地１,0198-48-2626,株式会社アオキファーマシー　代表取締役　梶　努,菅原　淑恵,,,令8. 6. 1,yakkyoku
薬局,03,0640010,株式会社　佐藤薬局,北上市本通り一丁目８番３３号,0197-63-3141,株式会社佐藤薬局　代表取締役　佐藤　耕一,佐藤　耕一,調剤,,昭32. 7. 1,yakkyoku
薬局,03,0640143,高島薬局,北上市青柳町二丁目５番４１号,0197-63-2629,高島　斗成,高島　斗成,調剤,,昭59. 9. 1,yakkyoku
薬局,03,0640309,さくら調剤薬局,北上市若宮町二丁目２番３９号,0197-63-8822,有限会社ポス企画　代表取締役　齊藤　りえ,菊池　由紀子,調剤,,平5. 11. 1,yakkyoku
薬局,03,0640325,ひまわり薬局,北上市芳町７番２０号,0197-63-6877,有限会社ひまわり企画　代表取締役　齊藤　りえ,星　和樹,調剤,,平7. 1. 1,yakkyoku
薬局,03,0640374,おおぞら薬局,北上市柳原町四丁目１５番２９号,0197-65-2202,株式会社ライブリー　代表取締役　田中　和,大内　薫,調剤,,平8. 8. 1,yakkyoku
薬局,03,0640382,いずみ薬局,北上市青柳町一丁目５番１０号,0197-63-7353,有限会社オオツカ薬局　代表取締役　柴田　泉,柴田　泉,調剤,,平8. 10. 1,yakkyoku
薬局,03,0640424,つくし薬局大堤店,北上市大堤北一丁目６番３０号,0197-67-0211,株式会社ワークイン　代表取締役　西舘　孝太,渡邊　典子,調剤,,平11. 5. 1,yakkyoku
薬局,03,0640440,すずらん薬局,北上市北鬼柳２２地割３６番地１１,0197-61-2277,有限会社ポス企画　代表取締役　齊藤　りえ,似内　和也,調剤,,平11. 12. 1,yakkyoku
薬局,03,0640457,さわやか薬局,北上市立花１０地割４８番地７,0197-65-5000,株式会社ライブリー　代表取締役　田中　和,田中　茉莉子,調剤,,平12. 2. 1,yakkyoku
薬局,03,0640739,コノハ薬局,北上市大通り二丁目３９６番,0197-61-0575,亀井　梨香,亀井　梨香,調剤,,平15. 6. 1,yakkyoku
薬局,03,0640747,調剤薬局ツルハドラッグ大堤店,北上市大堤南一丁目１番２４号,0197-67-6324,株式会社ツルハ　代表取締役　八幡　政浩,村岡　雅江,調剤,,平15. 6. 1,yakkyoku
薬局,03,0640762,まごころ薬局,北上市上野町四丁目３番２２号,0197-61-6600,株式会社ライブリー　代表取締役　田中　和,駿河　幸,調剤,,平16. 11. 1,yakkyoku
薬局,03,0640770,ファースト調剤薬局,北上市諏訪町二丁目５番４２号,0197-61-3023,有限会社ファースト調剤　代表取締役　伊藤　洋子,森内　新,調剤,,平17. 1. 4,yakkyoku
薬局,03,0640804,常盤台薬局,北上市常盤台一丁目２２番２１号,0197-61-2121,株式会社ライブリー　代表取締役　田中　和,小田島　知恵,調剤,,平17. 7. 1,yakkyoku
薬局,03,0640838,ほのぼの薬局,北上市相去町相去５１番地,0197-71-2727,株式会社ライブリー　代表取締役　田中　和,金野　亜純,調剤,,平18. 9. 1,yakkyoku
薬局,03,0640895,サンケア薬局　県立中部病院前店,北上市村崎野１７地割１６７番地１,0197-62-3331,株式会社サン・ケア　代表取締役　三上　章,鈴木　雄紀,調剤,,平21. 2. 23,yakkyoku
薬局,03,0640945,くるみ薬局,北上市上江釣子１６地割１５１番地１,0197-72-5017,株式会社アークファクトリー　代表取締役　大向　逸渡,大向　明子,調剤,,平21. 7. 1,yakkyoku
薬局,03,0641000,さくら薬局　北上村崎野店,北上市村崎野１７地割１７０番地２,0197-81-4545,クラフト株式会社　代表取締役　新井　勝,押野　明,調剤,,平22. 4. 1,yakkyoku
薬局,03,0641026,有限会社かたくり薬局,北上市大通り四丁目３番１号,0197-61-3351,有限会社かたくり薬局　代表取締役　内舘　伸也,佐々木　照明,調剤,,平22. 5. 5,yakkyoku
薬局,03,0641042,つくし薬局江釣子店,北上市上江釣子１５地割１３５番３,0197-72-6646,株式会社ワークイン　代表取締役　西舘　孝太,髙橋　秀和,調剤,,平24. 9. 1,yakkyoku
薬局,03,0641059,かえで薬局,北上市本通り一丁目５番４号,0197-65-3361,有限会社クラス　代表取締役　髙橋　稔,小原　隆子,調剤,,平24. 10. 1,yakkyoku
薬局,03,0641067,銀河薬局北上店,北上市しらゆり３番７号,0197-72-6388,株式会社銀河調剤　代表取締役　佐野　元彦,泉澤　満,調剤,,平24. 12. 19,yakkyoku
薬局,03,0641083,キセキレイ薬局,北上市上江釣子１５地割５７番地２,0197-72-7735,株式会社キセキレイ薬局　代表取締役　阿部　美貴子,三浦　正樹,調剤,,平25. 6. 1,yakkyoku
薬局,03,0641117,有限会社オレンジ薬局,北上市村崎野１６地割９０番地１,0197-66-3369,有限会社オレンジ薬局　取締役社長　大平　文枝,大平　文枝,,,平26. 4. 1,yakkyoku
薬局,03,0641133,とんぼ薬局,北上市上野町５－１－１４,0197-61-0101,株式会社ライブリー　代表取締役　田中　和,玉山　康太,調剤,,平26. 11. 1,yakkyoku
薬局,03,0641166,カワチ薬局　北上店,北上市北鬼柳３２地割１５,0197-64-1560,株式会社カワチ薬品　代表取締役　河内　伸二,千葉　正和,調剤,,平28. 7. 1,yakkyoku
薬局,03,0641182,あかり薬局　新穀町店,北上市新穀町二丁目３番２６号,0197-72-8806,株式会社あかり薬局　代表取締役　千葉　純子,後藤　良太,調剤,,平29. 1. 1,yakkyoku
薬局,03,0641190,銀河薬局　村崎野店,北上市村崎野１７地割１７１番地,0197-66-7121,株式会社銀河調剤　代表取締役　佐野　元彦,押切　勇樹,調剤,,平29. 4. 1,yakkyoku
薬局,03,0641208,あんず薬局,北上市上江釣子１７地割２１８番地２,0197-71-5665,株式会社ネクストイノベーション　代表取締役　石澤　洋子,石澤　勇人,調剤,,平29. 5. 1,yakkyoku
薬局,03,0641257,かすみそう薬局,北上市堤ケ丘一丁目９番８号,0197-62-3801,有限会社かたくり薬局　代表取締役　内舘　伸也,福盛田　新,調剤,,平30. 10. 1,yakkyoku
薬局,03,0641273,日本調剤　北上薬局,北上市鬼柳町荒高３３番地１,0197-62-7272,日本調剤株式会社　代表取締役　小城　和紀,堀合　暁音,調剤,,令元. 5. 1,yakkyoku
薬局,03,0641307,サカモト薬局　北上店,北上市大通り三丁目１１番２６号,0197-62-6466,株式会社サカモト　代表取締役　坂本　秀樹,髙橋　悠真,,,令2. 9. 1,yakkyoku
薬局,03,0641323,テルス調剤薬局,北上市九年橋三丁目１７番１７号,0197-61-3757,株式会社アグリシティ　代表取締役　武長　進一,本内　孝典,,,令2. 11. 24,yakkyoku
薬局,03,0641331,ファースト調剤薬局　北上済生会病院前店,北上市九年橋三丁目１８番１５号,0197-61-2838,有限会社ファースト調剤　代表取締役　伊藤　洋子,髙橋　涼太,,,令2. 11. 24,yakkyoku
薬局,03,0641349,ウエルシア薬局　北上さくら通り店,北上市さくら通り一丁目１番３４号,0197-63-6980,ウエルシア薬局株式会社　代表取締役　田中　純一,高桑　翔太,,,令3. 1. 1,yakkyoku
薬局,03,0641356,つくし薬局　柳原店,北上市柳原町５丁目１２番１６号,0197-62-5611,株式会社ワークイン　代表取締役　西舘　孝太,佐藤　愼平,,,令3. 4. 1,yakkyoku
薬局,03,0641364,イオン薬局江釣子店,北上市北鬼柳１９番６８号,0197-62-7001,イオン東北株式会社　代表取締役　西垣　幸則,山際　雅士,,,令3. 9. 1,yakkyoku
薬局,03,0641372,とちのき薬局,北上市大通り三丁目８番１２号,0197-61-3886,株式会社アンサンワークス　代表取締役　齊藤　弘樹,清水　啓二,,,令3. 9. 1,yakkyoku
薬局,03,0641380,まちぶん調剤薬局,北上市柳原町四丁目１５番８号,0197-65-7810,アポクリート株式会社　代表取締役　都筑　朋英,花坂　彩,,,令4. 4. 1,yakkyoku
薬局,03,0641398,きたかみ中央薬局,北上市さくら通り二丁目２番２８号,0197-65-7550,アポクリート株式会社　代表取締役　都筑　朋英,簗場　亮輔,,,令4. 4. 1,yakkyoku
薬局,03,0641406,あい薬局　村崎野店,北上市村崎野１５地割３５４番地３,0197-71-1101,高橋　昌子,高橋　昌子,,,令5. 1. 1,yakkyoku
薬局,03,0641414,つくし薬局　北上駅東口店,北上市川岸一丁目１番２０号さくらＰＯＲＴ・オフィス１階,0197-62-7460,株式会社ワークイン　代表取締役　西舘　孝太,松橋　昌平,,,令5. 5. 1,yakkyoku
薬局,03,0641422,ウイル調剤薬局,北上市上江釣子７地割９７番地１,0197-71-5533,株式会社ネクストイノベーション　代表取締役　石澤　洋子,山本　大輔,,,令6. 1. 1,yakkyoku
薬局,03,0641430,さくら通り薬局,北上市さくら通り三丁目３番１０号,0197-72-5155,株式会社ブリス　代表取締役　三浦　祐福,齋藤　祐真,,,令6. 2. 1,yakkyoku
薬局,03,0641448,おでんせ薬局,北上市大通り一丁目３番１号おでんせプラザぐろーぶ４階,0197-65-5551,株式会社ＡＣＴＲＡＩＺ　代表取締役　高津　光輝,高津　光輝,,,令6. 6. 1,yakkyoku
薬局,03,0641455,クスリのアオキ北鬼柳薬局,北上市北鬼柳５地割１番地１,0197-62-6400,株式会社クスリのアオキ　代表取締役　青木　宏憲,佐藤　舜,,,令6. 9. 1,yakkyoku
薬局,03,0641463,ふるさと薬局,北上市藤沢１８地割１２番５,0197-62-6820,株式会社ライブリー　代表取締役　田中　和,木村　智美,,,令6. 8. 1,yakkyoku
薬局,03,0641471,ウェルビー薬局　北上駅西口店,北上市大通り一丁目３番１号おでんせプラザぐろーぶ１階,0197-62-5881,株式会社ライブリー　代表取締役　田中　和,松本　智典,,,令7. 1. 1,yakkyoku
薬局,03,0641489,ウイング薬局北鬼柳店,北上市北鬼柳１８地割１８番１,0197-72-7720,株式会社ウイング　代表取締役　山本　考哉,佐藤　頌大,,,令6. 12. 1,yakkyoku
薬局,03,0641497,調剤薬局ツルハドラッグ北上店,北上市柳原町一丁目４番１４０号,0197-72-7707,株式会社ツルハ　代表取締役　八幡　政浩,長岡　和歩,,,令7. 11. 1,yakkyoku
薬局,03,0740133,キング薬局,久慈市旭町第１０地割６１番地１,0194-61-1360,株式会社　ファーマ・ラボ　代表取締役　木村　初実,服原　正卓,調剤,,平10. 3. 1,yakkyoku
薬局,03,0740158,菊屋薬局荒町店,久慈市荒町二丁目１０番地,0194-61-1233,新渕　純司,新渕　純司,調剤,,平11. 4. 1,yakkyoku
薬局,03,0740166,サンケア薬局長内店,久慈市長内町第２４地割１４７番地２,0194-61-3300,株式会社サン・ケア　代表取締役　三上　章,小向　毅,調剤,,平12. 10. 1,yakkyoku
薬局,03,0740174,サンケア薬局県立久慈病院前店,久慈市旭町第９地割１２７番地,0194-61-1888,株式会社サン・ケア　代表取締役　三上　章,福本　優悟,調剤,,平13. 5. 1,yakkyoku
薬局,03,0740190,菊屋薬局,久慈市本町二丁目３８番地,0194-53-3022,有限会社　菊屋薬局　代表取締役　新淵　俊也,新淵　光子,,,平14. 9. 1,yakkyoku
薬局,03,0740208,ハーモニー薬局,久慈市門前第３７地割５６番地１,0194-61-3305,有限会社あいのの薬局　代表取締役　佐々木　重則,佐々木　美代,調剤,,平14. 11. 1,yakkyoku
薬局,03,0740216,みどり薬局,久慈市旭町第１０地割３２番地７,0194-61-3911,有限会社コミュニティーファーマシー　代表取締役　坂　成訓,吉村　勝昭,調剤,,平16. 5. 1,yakkyoku
薬局,03,0740224,及川薬局田屋町店,久慈市田屋町第１地割３８番１０サンハイツ田屋１０１号,0194-61-3010,及川　圭士,及川　圭士,調剤,,平18. 9. 15,yakkyoku
薬局,03,0740232,ホソタ薬局,久慈市十八日町一丁目２１番地,0194-53-1193,株式会社ファーマ・ラボ　代表取締役　木村　初実,細田　稔男,調剤,,平19. 4. 15,yakkyoku
薬局,03,0740240,アサヒ薬局　久慈店,久慈市門前第２地割７番地１,0194-75-3322,株式会社空我　代表取締役　古橋　崇,古橋　崇,調剤,,平22. 4. 1,yakkyoku
薬局,03,0740273,けい福薬局　久慈店,久慈市中央一丁目１０番,0194-66-7270,株式会社フォー・サン　代表取締役　鈴木　保,下畑　直美,,,令5. 9. 21,yakkyoku
薬局,03,0740281,クイーン薬局Ｐｈａｒｍａ—Ｌａｂｏ,久慈市長内町２５地割９番地１２,0194-53-5505,株式会社ファーマ・ラボ　代表取締役　木村　初実,清水　明未,,,令8. 4. 19,yakkyoku
薬局,03,0840156,遠野駅前薬局,遠野市新穀町３番１号,0198-63-3300,株式会社　ライブリー　代表取締役　田中　和,菊池　多恵子,調剤,,平15. 8. 1,yakkyoku
薬局,03,0840164,つくし薬局遠野店,遠野市中央通り６番１５号,0198-63-1717,株式会社メディモール　代表取締役　西舘　孝太,佐藤　晃輔,調剤,,平15. 9. 1,yakkyoku
薬局,03,0840172,はやちね薬局,遠野市中央通り６番１１号,0198-63-3050,有限会社小田島薬局　代表取締役　小田島　欣一郎,小田島　総一郎,調剤,,平19. 6. 1,yakkyoku
薬局,03,0840180,はやせ薬局,遠野市材木町２番２８号,0198-63-2155,ラッキーバッグ株式会社　代表取締役　大橋　史広,谷地　千明,調剤,,平19. 7. 3,yakkyoku
薬局,03,0840198,つくし薬局新穀店,遠野市新穀町５番１８号,0198-63-1300,株式会社メディモール　代表取締役　西舘　孝太,菊池　佳代,調剤,,平22. 9. 1,yakkyoku
薬局,03,0840222,つくし薬局　遠野病院前店,遠野市松崎町白岩１５地割１３番地１１,0198-66-3300,株式会社ワークイン　代表取締役　西舘　孝太,長澤　武大,調剤,,平29. 12. 1,yakkyoku
薬局,03,0840230,アイン薬局　遠野店,遠野市松崎町白岩１４地割４１番地１,0198-66-3100,株式会社アインファーマシーズ　代表取締役　淡路　英広,田川　未沙稀,調剤,,平29. 12. 1,yakkyoku
薬局,03,0840248,すずらん薬局,遠野市青笹町中沢５地割５番１,0198-60-3622,有限会社タカ・コーポレーション　代表取締役　髙橋　義利,追出町　明子,,,令3. 4. 1,yakkyoku
薬局,03,0840255,つくし薬局　東舘店,遠野市東舘町８番６号,0198-68-3015,キクチＧＣ株式会社　代表取締役　菊池　優子,菊池　優子,,,令3. 6. 1,yakkyoku
薬局,03,0840263,調剤薬局ツルハドラッグ遠野松崎店,遠野市松崎町白岩１９地割４８番地１,0198-68-3980,株式会社ツルハ　代表取締役　八幡　政浩,小林　直史,,,令5. 7. 1,yakkyoku
薬局,03,0940030,株式会社　大正堂薬局,一関市大町１番２６号,0191-23-4428,株式会社大正堂薬局　代表取締役　佐藤　悠,佐藤　晶子,調剤,,昭32. 8. 1,yakkyoku
薬局,03,0940386,銅谷調剤薬局,一関市銅谷町９番２４号,0191-26-0725,有限会社一関保険薬局　代表取締役　関　俊昭,村上　達郎,調剤,,平11. 7. 1,yakkyoku
薬局,03,0940394,大手町薬局,一関市大手町７番２号,0191-21-3282,有限会社一関保険薬局　代表取締役　関　俊昭,下田　はる美,調剤,,平11. 11. 1,yakkyoku
薬局,03,0940444,かたくり薬局,一関市上坊６番３６号,0191-31-1771,有限会社創志白澤会　代表取締役　小笠原　慈夫,小野寺　佳美,調剤,,平12. 4. 1,yakkyoku
薬局,03,0940485,アロエ薬局,一関市新大町４４番地,0191-32-5558,有限会社創志白澤会　代表取締役　小笠原　慈夫,畠山　歩,,,平13. 9. 1,yakkyoku
薬局,03,0940535,みちのく調剤薬局,一関市大手町３番２６号,0191-26-1611,株式会社アグリシティ　代表取締役　武長　進一,武長　進一,,,平14. 3. 1,yakkyoku
薬局,03,0940543,小野調剤薬局　中野店,一関市山目字中野２４番地１エトワール中野１０１号室,0191-33-1553,有限会社小野調剤薬局　代表取締役　小野　泰孝,小野　泰孝,,,平14. 7. 1,yakkyoku
薬局,03,0940568,有限会社昆野調剤薬局,一関市山目字才天２２２番地４,0191-33-1189,有限会社昆野調剤薬局　取締役　首藤　正一,渡邉　聡志,調剤,,平15. 1. 1,yakkyoku
薬局,03,0940584,いちご薬局,一関市青葉一丁目６番４－１０１号,0191-21-1539,有限会社　トータルディバイズ　代表取締役　藤澤　明弘,金野　一真,調剤,,平16. 6. 1,yakkyoku
薬局,03,0940659,錦袋堂一の町薬局,一関市花泉町涌津字一の町２３番地１,0191-36-1771,有限会社錦袋堂薬局　代表取締役　黒沼　圭,黒沼　圭,調剤,,平15. 7. 1,yakkyoku
薬局,03,0940675,そうごう薬局大原店,一関市大東町大原字立町１１３番地,0191-71-2511,総合メディカル株式会社　代表取締役　多田　荘一郎,鈴木　敏晃,,,平13. 9. 1,yakkyoku
薬局,03,0940683,株式会社　白石薬店,一関市千厩町千厩字町３７番地,0191-52-3138,株式会社白石薬店　代表取締役　白石　惠一,白石　惠一,調剤,,昭32. 8. 27,yakkyoku
薬局,03,0940691,ちば薬局,一関市千厩町千厩字摩王１１番地７,0191-53-2498,有限会社ちば薬店　代表取締役　千葉　直子,千葉　直子,調剤,,平8. 4. 1,yakkyoku
薬局,03,0940717,萩の森調剤薬局,一関市千厩町千厩字上駒場１番地１０,0191-51-3060,株式会社メディラック　代表取締役　吉田　弘,熊谷　勝徳,調剤,,平13. 3. 1,yakkyoku
薬局,03,0940725,千厩調剤薬局,一関市千厩町千厩字草井沢４３番地１,0191-51-1666,シップヘルスケアファーマシー株式会社　代表取締役　市谷　文吾,藤宮　和士,調剤,,平13. 3. 1,yakkyoku
薬局,03,0940733,くるみ薬局,一関市千厩町千厩字前田９９番地４,0191-52-2111,有限会社トータルディバイズ　代表取締役　藤澤　明弘,野口　春幸,調剤,,平13. 8. 1,yakkyoku
薬局,03,0940766,一関駅前薬局,一関市駅前１４番地２,0191-31-2220,株式会社メディラック　代表取締役　吉田　弘,鈴木　正勝,調剤,,平17. 10. 17,yakkyoku
薬局,03,0940782,とまと薬局,一関市千厩町千厩字構井田４８番地１,0191-53-3522,有限会社トータルディバイズ　代表取締役　藤澤　明弘,矢野　弘,調剤,,平18. 1. 4,yakkyoku
薬局,03,0940790,ヒカリ調剤薬局大平,一関市滝沢字宮田１２４番地１,0191-31-1315,有限会社やえがし調剤薬局　代表取締役　八重樫　栄子、八重樫　敬一,八重樫　敬一,調剤,,平18. 3. 1,yakkyoku
薬局,03,0940808,一関ドライブスルー薬局,一関市狐禅寺字大平１２３番地２,0191-31-8805,シップヘルスケアファーマシー株式会社　代表取締役　市谷　文吾,石川　正隆,調剤,,平18. 4. 1,yakkyoku
薬局,03,0940816,日本調剤一関薬局,一関市狐禅寺字大平３３番地１,0191-31-8750,日本調剤株式会社　代表取締役　小城　和紀,髙藤　あつみ,調剤,,平18. 4. 1,yakkyoku
薬局,03,0940832,やまぶき薬局,一関市狐禅寺字大平１２５番地１３,0191-31-1772,有限会社創志白澤会　代表取締役　小笠原　慈夫,工藤　鮎美,調剤,,平18. 4. 1,yakkyoku
薬局,03,0940840,かりん薬局,一関市字西沢３７番地３,0191-31-1331,有限会社創志白澤会　代表取締役　小笠原　慈夫,森塚　宗徳,調剤,,平18. 9. 1,yakkyoku
薬局,03,0940857,はないずみ調剤薬局,一関市花泉町涌津字二ノ町１０番地１,0191-36-3320,有限会社ヒロメディカル　代表取締役　菅原　貴規,杉森　昭宏,調剤,,平18. 11. 1,yakkyoku
薬局,03,0940873,つくし薬局川崎店,一関市川崎町薄衣字久伝１７番地１,0191-36-5002,株式会社ワークイン　代表取締役　西舘　孝太,早坂　真優,調剤,,平19. 4. 1,yakkyoku
薬局,03,0940899,かめちゃん調剤薬局一関店,一関市山目字中野６３番地１,0191-33-2200,有限会社星久　代表取締役　三瓶　裕,遠畑　竜一,調剤,,平19. 6. 1,yakkyoku
薬局,03,0941004,れもん薬局,一関市山目字中野５９番地１,0191-33-1510,有限会社創志白澤会　代表取締役　小笠原　慈夫,伊藤　民子,調剤,,平19. 7. 1,yakkyoku
薬局,03,0941020,加賀調剤薬局,一関市田村町６番１０号,0191-21-3010,有限会社加賀調剤薬局　代表取締役　加賀　一雅,榊　唱,調剤,,平19. 12. 1,yakkyoku
薬局,03,0941095,あさひ調剤薬局,一関市花泉町涌津字上原２９番地２,0191-82-5254,南岩手管理サービス有限会社　代表取締役　阿部　義博,阿部　淳子,調剤,,平22. 1. 1,yakkyoku
薬局,03,0941152,有限会社佐庄薬局,一関市藤沢町藤沢字町３３番地,0191-63-2344,有限会社　佐庄薬局　代表取締役　佐藤　一朗,佐藤　一朗,調剤,,昭55. 7. 1,yakkyoku
薬局,03,0941160,合資会社　丸久薬局,一関市藤沢町藤沢字町１０８番地,0191-63-2241,合資会社丸久　代表社員　皆川　登,皆川　登,調剤,,平13. 3. 1,yakkyoku
薬局,03,0941178,リリィ薬局藤沢店,一関市藤沢町藤沢字町裏１８０番地２,0191-48-3428,シップヘルスケアファーマシー株式会社　代表取締役　市谷　文吾,池﨑　涼平,調剤,,平23. 10. 1,yakkyoku
薬局,03,0941228,なでしこ薬局,一関市銅谷町２番９号,0191-48-3553,有限会社創志白澤会　代表取締役　小笠原　慈夫,高橋　浩太朗,,,平26. 2. 1,yakkyoku
薬局,03,0941236,あじさい薬局,一関市舞川字中里６６番地１４,0191-48-5320,有限会社創志白澤会　代表取締役　小笠原　慈夫,星　牧子,,,平26. 4. 1,yakkyoku
薬局,03,0941244,つくし薬局　千厩店,一関市千厩町千厩字石堂１３番地１３,0191-48-4172,株式会社ワークイン　代表取締役　西舘　孝太,袰地　陽太,,,平26. 4. 1,yakkyoku
薬局,03,0941285,アイン薬局　東山町店,一関市東山町長坂字町３８８番地,0191-48-4630,株式会社アインファーマシーズ　代表取締役　淡路　英広,青柳　拓哉,調剤,,平27. 11. 1,yakkyoku
薬局,03,0941301,みつばち薬局,一関市千厩町千厩字東小田９０番地,0191-34-4551,合同会社ＭＢファーマシー　代表社員　三瓶　聡子,矢部　文彦,調剤,,平29. 12. 1,yakkyoku
薬局,03,0941327,ドレミ薬局,一関市中央町二丁目５番１７号,0191-26-0028,株式会社ワークイン　代表取締役　西舘　孝太,佐々木　未来,調剤,,平30. 5. 1,yakkyoku
薬局,03,0941335,こぶし薬局,一関市山目字泥田１９番地４,0191-33-1233,株式会社Ｍ’ｓ　ｃｏｍｐａｎｙ　代表取締役　三浦　真,菊地　幸平,調剤,,平30. 11. 1,yakkyoku
薬局,03,0941343,菅原薬局,一関市関が丘９４番地２,0191-26-2838,株式会社回生堂　代表取締役　髙橋　諭,髙橋　諭,調剤,,平30. 11. 1,yakkyoku
薬局,03,0941350,ひがし薬局,一関市東山町長坂字西本町１２０番地１,0191-47-3873,大久　直人,林　哲郎,調剤,,平31. 4. 1,yakkyoku
薬局,03,0941368,そうごう薬局一関店,一関市中里字神明４４番地２,0191-34-5261,総合メディカル株式会社　代表取締役　多田　荘一郎,澁木　風磨,,,令2. 5. 1,yakkyoku
薬局,03,0941384,薬王堂薬局山目店,一関市山目字中野５２番１号,0191-33-1185,株式会社　薬王堂　代表取締役　西郷　孝一,菊地　恵梨子,,,令3. 7. 1,yakkyoku
薬局,03,0941392,イオン薬局一関店,一関市山目字泥田８９番地１,0191-25-6690,イオン東北株式会社　代表取締役　西垣　幸則,山口　佳一,,,令3. 9. 1,yakkyoku
薬局,03,0941400,このはな薬局,一関市磐井町１番１９号,0191-34-8755,株式会社ライブリー　代表取締役　田中　和,後藤　万美,,,令4. 5. 1,yakkyoku
薬局,03,0941418,クスリのアオキ千厩薬局,一関市千厩町千厩字構井田４２番地３,0191-34-8134,株式会社クスリのアオキ　代表取締役　青木　宏憲,椎野　竜介,,,令5. 6. 1,yakkyoku
薬局,03,0941426,サン調剤薬局,一関市田村町２９番地,0191-21-1890,有限会社エルエル　取締役　田屋　祐二,小野寺　左岐子,,,令5. 7. 1,yakkyoku
薬局,03,0941434,クスリのアオキ一関薬局,一関市山目字三反田２２４番地,0191-34-7517,株式会社クスリのアオキ　代表取締役　青木　宏憲,宮澤　みゆき,,,令5. 10. 1,yakkyoku
薬局,03,0941442,中里薬局,一関市山目町一丁目６番２６号,0191-31-1343,株式会社ワークイン　代表取締役　西舘　孝太,菅原　公輔,,,令5. 10. 1,yakkyoku
薬局,03,0941459,三関薬局,一関市三関字仲田２９番地３,0191-31-8822,有限会社一関保険薬局　代表取締役　関　俊昭,佐藤　千香,,,令5. 10. 2,yakkyoku
薬局,03,0941467,ウエルシア薬局一関末広店,一関市末広一丁目８番１８号,0191-23-6575,ウエルシア薬局株式会社　代表取締役　田中　純一,芦立　和之,,,令6. 7. 1,yakkyoku
薬局,03,0941475,クスリのアオキ真柴薬局,一関市真柴字中田６８番地５,0191-34-8394,株式会社クスリのアオキ　代表取締役　青木　宏憲,石田　大和,,,令6. 9. 1,yakkyoku
薬局,03,0941483,イオンスーパーセンター一関店薬局,一関市狐禅寺字石ノ瀬１１－１,0191-31-6270,イオン東北株式会社　代表取締役　西垣　幸則,小滝　健太,,,令7. 3. 1,yakkyoku
薬局,03,0941491,青葉の杜薬局一関店,一関市石畑６番３１号,0191-31-4510,株式会社医薬品情報センター　代表取締役　菅原　憲太郎,中村　圭孝,,,令7. 7. 1,yakkyoku
薬局,03,1040277,小友調剤薬局,陸前高田市小友町字西下５８番地３,0192-56-4433,有限会社イグレック　代表取締役　安川　守,安川　守,調剤,,平24. 1. 1,yakkyoku
薬局,03,1040293,調剤薬局ツルハドラッグ高田北店,陸前高田市竹駒町字滝の里１５番地１,0192-54-4268,株式会社ツルハ　代表取締役　八幡　政浩,佐藤　凌,調剤,,平27. 10. 1,yakkyoku
薬局,03,1040301,やはぎ薬局,陸前高田市矢作町二又２１番地１,0192-47-5535,屋城　昌弘,屋城　昌弘,調剤,,平29. 2. 1,yakkyoku
薬局,03,1040327,そうごう薬局　高田店,陸前高田市高田町字太田５１２番地３,0192-53-2251,総合メディカル株式会社　代表取締役　多田　荘一郎,工藤　拓也,調剤,,平30. 3. 1,yakkyoku
薬局,03,1040335,コスモ薬局　高田店,陸前高田市高田町字太田５０４番地,0192-53-1018,株式会社コスモ薬局　代表取締役　中野　雅弘,熊谷　幸枝,調剤,,平30. 7. 1,yakkyoku
薬局,03,1040343,気仙中央薬局　高田店,陸前高田市気仙町字中井１９０番地１,0192-53-1250,協同組合気仙ファーマシー　理事長　横澤　康之,大坂　敏夫,,,平31. 1. 1,yakkyoku
薬局,03,1040350,とうごう薬局　広田店,陸前高田市広田町字前花貝２２２番地５,0192-47-4500,ロッツ株式会社　代表取締役　富山　泰庸,村上　貴弘,調剤,,令元. 5. 1,yakkyoku
薬局,03,1040368,森の前薬局,陸前高田市高田町字鳴石８９番地２５,0192-55-6200,総合メディカル株式会社　代表取締役　多田　荘一郎,新田　純,,,令5. 4. 1,yakkyoku
薬局,03,1140242,ハロー薬局,釜石市中妻町三丁目６番３号,0193-23-8455,株式会社ハロー薬局　代表取締役　中田　貴世江,金野　宏美,調剤,,平10. 3. 1,yakkyoku
薬局,03,1140267,中田薬局　小佐野店,釜石市小佐野町４丁目２番４５号,0193-21-3355,株式会社中田薬局　代表取締役　松田　智行,袴田　達也,調剤,,平12. 4. 1,yakkyoku
薬局,03,1140291,中田薬局　上中島店,釜石市上中島町３丁目２番１５号,0193-21-2050,株式会社中田薬局　代表取締役　松田　智行,大釋　里佳子,,,平13. 10. 1,yakkyoku
薬局,03,1140309,中島薬局小川店,釜石市小川町一丁目２番３７９号,0193-25-0383,有限会社中島薬品　代表取締役　中島　茂,野田　慈子,調剤,,平14. 10. 1,yakkyoku
薬局,03,1140325,まつくら調剤薬局,釜石市甲子町第１０地割１５９番地８４,0193-25-2255,株式会社まつくら調剤薬局　代表取締役　西舘　孝太,沼里　貴昭,調剤,,平14. 11. 1,yakkyoku
薬局,03,1140333,中田薬局　松倉店,釜石市甲子町第１０地割１５９番地２,0193-23-1230,株式会社中田薬局　代表取締役　松田　智行,大釋　瞬,調剤,,平15. 2. 1,yakkyoku
薬局,03,1140358,おおぞら薬局,釜石市大渡町二丁目６番１２号,0193-31-2030,株式会社ポルト　代表取締役　金澤　英樹,武田　陽三郎,調剤,,平19. 4. 2,yakkyoku
薬局,03,1140366,しおかぜ調剤薬局,釜石市天神町１番６号,0193-55-4343,株式会社しおかぜ調剤薬局　代表取締役　森谷　尚光,森谷　尚光,調剤,,平23. 4. 1,yakkyoku
薬局,03,1140390,はまゆり調剤薬局,釜石市大渡町二丁目６番１７号,0193-24-3671,有限会社ファーマシーウィズ　代表取締役　三浦　一樹,三浦　一樹,,,平25. 1. 15,yakkyoku
薬局,03,1140424,調剤薬局ツルハドラッグ釜石店,釜石市只越町二丁目４番１７号,0193-31-2268,株式会社ツルハ　代表取締役　八幡　政浩,外舘　隆明,調剤,,平28. 9. 1,yakkyoku
薬局,03,1140432,アクト調剤薬局　松倉店,釜石市甲子町第１０地割２６８番地４,0193-27-7001,アクトメディカル株式会社　代表取締役　工藤　大志,伊藤　洋樹,調剤,,平29. 9. 1,yakkyoku
薬局,03,1140440,パルム薬局,釜石市只越町２丁目５番５号,0193-22-3353,株式会社コネクトラスト　代表取締役　宮澤　倫子,石川　準二,調剤,,令元. 6. 1,yakkyoku
薬局,03,1140457,リリーフ薬局,釜石市鵜住居町２丁目２０３番地,0193-29-1555,株式会社ｂａｏｂａｂ　代表取締役　打越　賀代,打越　賀代,,,令元. 9. 1,yakkyoku
薬局,03,1140465,おおぞら薬局　松倉店,釜石市甲子町第１０地割１５９番地２０９,0193-27-7680,株式会社　ポルト　代表取締役　金澤　英樹,菊池　遥,,,令3. 7. 1,yakkyoku
薬局,03,1140473,きらら調剤薬局,釜石市甲子町第１０地割１５９番地８４,0193-25-2360,株式会社アインファーマシーズ　代表取締役　淡路　英広,村上　香菜,,,令5. 10. 1,yakkyoku
薬局,03,1340040,有限会社　堀野調剤薬局,二戸市堀野字大川原毛８９番地１,0195-25-5016,有限会社　堀野調剤薬局　代表取締役　金澤　貴子,金澤　貴子,調剤,,平6. 4. 1,yakkyoku
薬局,03,1340065,二戸薬局,二戸市堀野字大川原毛９３番地,0195-23-0333,株式会社サン・ケア　代表取締役　三上　章,石川　真也,,,平14. 4. 1,yakkyoku
薬局,03,1340073,有限会社　カシオペア調剤薬局,二戸市堀野字大川原毛９５番地１,0195-22-1150,有限会社カシオペア調剤薬局　代表取締役　金澤　貴子,金澤　悟,,,平14. 7. 1,yakkyoku
薬局,03,1340123,日本調剤二戸薬局,二戸市堀野字大川原毛４０番地７,0195-22-3380,日本調剤株式会社　代表取締役　小城　和紀,長谷　生彩,調剤,,平16. 5. 1,yakkyoku
薬局,03,1340164,つくし薬局二戸店,二戸市石切所字川原２８番地１０,0195-22-3311,株式会社ワークイン　代表取締役　西舘　孝太,成島　圭亮,調剤,,平18. 4. 1,yakkyoku
薬局,03,1340172,くるみ薬局,二戸市福岡字長嶺４７番地５,0195-22-4033,株式会社ウイング　代表取締役　山本　考哉,滝澤　光彦,調剤,,平18. 5. 1,yakkyoku
薬局,03,1340198,木いちご薬局,二戸市石切所字森合３１番地,0195-23-1539,株式会社ＧＧファーマシー　代表取締役　佐々木　俊,渡邊　幸弘,調剤,,平22. 1. 4,yakkyoku
薬局,03,1340214,川又薬局,二戸市福岡字川又６番地１,0195-22-3006,ラッキーバッグ株式会社　代表取締役　大橋　史広,村木　一隆,,,平25. 1. 1,yakkyoku
薬局,03,1340222,中央調剤薬局,二戸市堀野字馬場７番地６,0195-22-2505,株式会社あけぼの東北　代表取締役　新村　理恵子,木村　隣雄,,,平25. 2. 1,yakkyoku
薬局,03,1340230,アイン薬局　浄法寺店,二戸市浄法寺町樋田１６２番地１,0195-39-1221,株式会社アインファーマシーズ　代表取締役　淡路　英広,松本　拓也,調剤,,平27. 11. 1,yakkyoku
薬局,03,1340248,つくし薬局堀野店,二戸市堀野字大川原毛５１番４,0195-43-3145,株式会社ワークイン　代表取締役　西舘　孝太,高橋　雅弥,調剤,,平28. 2. 1,yakkyoku
薬局,03,1340255,あかまつ薬局,二戸市石切所字森合７９番地１,0195-22-5557,株式会社広田薬品　代表取締役社長　髙見　幸江,高野　真逸,調剤,,平29. 8. 1,yakkyoku
薬局,03,1340263,すがわら薬局,二戸市福岡字長嶺２４番地２０,0195-26-8454,株式会社ファーマシー・エス　代表取締役　菅原　克朗,菅原　克朗,調剤,,平30. 6. 1,yakkyoku
薬局,03,1340271,金田一薬局,二戸市金田一字馬場１５０番地,0195-26-8880,株式会社ライブリー　代表取締役　田中　和,岩坂　一士,調剤,,平31. 2. 1,yakkyoku
薬局,03,1340289,サンケア薬局　二戸堀野店,二戸市堀野字長地９番地１２,0195-26-8666,株式会社サン・ケア　代表取締役　三上　章,竹乘　弘貴,調剤,,平31. 3. 22,yakkyoku
薬局,03,1340305,ウメダドラッグストアー,二戸市石切所字枋ノ木４９番地４,0195-23-3301,梅田　恵子,梅田　恵子,,,令5. 12. 12,yakkyoku
薬局,03,1340313,エムツー調剤薬局　二戸駅前店,二戸市石切所字枋ノ木１７番地４,0195-43-3431,Ｍ２ファーマシー株式会社　代表取締役　松村　雅博,佐藤　隆浩,,,令7. 10. 1,yakkyoku
薬局,03,1440030,有限会社　白樺薬局,八幡平市平舘第１１地割１１番地２１,0195-74-3363,有限会社　白樺薬局　代表取締役　田川　恵,田川　恵,調剤,,平7. 1. 1,yakkyoku
薬局,03,1440055,有限会社　あさひ薬局,八幡平市大更２５地割１１８番１,0195-75-2227,有限会社あさひ薬局　代表取締役　小野寺　聡,小野寺　利恵子,調剤,,平7. 10. 2,yakkyoku
薬局,03,1440105,柏台薬局,八幡平市柏台二丁目４２番地２,0195-71-1001,株式会社オーク　代表取締役　髙橋　義利,竹田　容子,調剤,,平10. 12. 1,yakkyoku
薬局,03,1440139,さいとう薬局,八幡平市清水１５１番地２,0195-72-2130,斎藤　仁,斎藤　麗,,,平20. 7. 1,yakkyoku
薬局,03,1440154,スマイル薬局,八幡平市大更第２１地割７９番地１,0195-75-2871,ラッキーバッグ株式会社　代表取締役　大橋　史広,熊谷　真司,調剤,,平24. 7. 1,yakkyoku
薬局,03,1440162,みのり薬局,八幡平市大更第２４地割２９番地１０,0195-75-2333,株式会社ライブリー　代表取締役　田中　和,工藤　愛,調剤,,平24. 11. 1,yakkyoku
薬局,03,1440188,りんどう薬局,八幡平市荒屋新町１４０番１の２,0195-78-8521,有限会社タカ・コーポレーション　代表取締役　髙橋　義利,太田　和宏,,,令元. 9. 1,yakkyoku
薬局,03,1440204,リリィ薬局　西根店,八幡平市大更２５地割３０９－３,0195-78-8560,シップヘルスケアファーマシー株式会社　代表取締役　市谷　文吾,鈴木　陽太,,,令2. 8. 1,yakkyoku
薬局,03,1440212,大更調剤薬局,八幡平市大更第２５地割３２０番９,0195-70-1320,有限会社オリーブ薬局　取締役　工藤　民義,堀川　庸介,,,令2. 8. 1,yakkyoku
薬局,03,1440238,調剤薬局ツルハドラッグ八幡平バイパス店,八幡平市大更第３４地割３９２番地１,0195-78-8096,株式会社ツルハ　代表取締役　八幡　政浩,茂木　康平,,,令4. 9. 1,yakkyoku
薬局,03,1440253,トライ薬局,八幡平市田頭第３７地割１０３番６,0195-78-8224,株式会社トライメディカル　代表取締役　鷹觜　直佑,鷹觜　直佑,,,令6. 6. 15,yakkyoku
薬局,03,1440261,クスリのアオキ大更薬局,八幡平市大更第２１地割３８番地１,0195-78-8101,株式会社クスリのアオキ　代表取締役　青木　宏憲,牧野　光生,,,令7. 1. 1,yakkyoku
薬局,03,1440279,すみれ薬局,八幡平市大更第２５地割３２０番９,0195-78-8075,株式会社マル・コーポレーション　代表取締役　丸　孝弘,佐々木　貴成,,,令8. 1. 1,yakkyoku
薬局,03,1540037,有限会社　及川薬局,奥州市水沢字横町２３０番地,0197-23-2632,有限会社及川薬局　代表取締役　菊池　光弘,及川　静子,調剤,,平5. 4. 1,yakkyoku
薬局,03,1540045,フジマキ薬局,奥州市水沢東中通り二丁目１番１０号,0197-22-3330,有限会社岩手文永堂　代表取締役　藤巻　慎一,藤巻　慎一,調剤,,平5. 5. 1,yakkyoku
薬局,03,1540060,水沢センター薬局,奥州市水沢字川原小路１７番地,0197-22-2100,株式会社ライブリー　代表取締役　田中　和,小田島　章,調剤,,平6. 7. 1,yakkyoku
薬局,03,1540086,たんぽぽ薬局,奥州市水沢東中通り二丁目１番２７号,0197-23-5257,株式会社髙野ファーマシー　代表取締役　髙野　英夫,髙野　英夫,調剤,,平6. 9. 1,yakkyoku
薬局,03,1540094,いちご薬局,奥州市水沢中町５５番地,0197-51-1515,有限会社エムドラッグ　代表取締役　三浦　清明,三浦　清明,調剤,,平9. 8. 1,yakkyoku
薬局,03,1540185,西大通薬局,奥州市水沢中城６番３,0197-51-6000,株式会社ライブリー　代表取締役　田中　和,山本　藍,調剤,,平13. 2. 1,yakkyoku
薬局,03,1540193,ナカノメ薬局,奥州市水沢吉小路４６－１及び４６－２,0197-23-2624,株式会社　ナカノメ　代表取締役　中目　祐幸,中目　直子,調剤,,平13. 3. 1,yakkyoku
薬局,03,1540219,うさぎ調剤薬局,奥州市水沢吉小路３番地３,0197-51-7070,有限会社エムドラッグ　代表取締役　三浦　清明,三浦　裕恵,調剤,,平13. 5. 1,yakkyoku
薬局,03,1540227,日本調剤水沢薬局,奥州市水沢搦手丁８番１５号,0197-51-6622,日本調剤株式会社　代表取締役　小城　和紀,中村　大樹,調剤,,平14. 11. 1,yakkyoku
薬局,03,1540250,調剤薬局　桜屋敷ファーマシー,奥州市水沢字桜屋敷２４９番地３,0197-51-1114,有限会社　ちだ企画　代表取締役　千田　成人,千田　成人,調剤,,平16. 5. 1,yakkyoku
薬局,03,1540268,有限会社　サンライズ薬局,奥州市水沢台町１番４５号,0197-51-7581,有限会社　サンライズ薬局　取締役　千葉　一歩,内村　恭子,調剤,,平16. 9. 1,yakkyoku
薬局,03,1540276,みどり薬局寺小路店,奥州市水沢字寺小路２６番地１,0197-51-6656,株式会社みどり薬局　代表取締役　小野寺　佳織,菊地　克美,調剤,,平16. 12. 1,yakkyoku
薬局,03,1540284,りんどう薬局,奥州市水沢搦手丁２０番地１５,0197-51-6046,有限会社かたくり薬局　代表取締役　内舘　伸也,三浦　清彦,調剤,,平16. 12. 1,yakkyoku
薬局,03,1540300,すみれ薬局マイアネ店,奥州市水沢上姉体六丁目６番地１,0197-28-1800,有限会社ポス企画　代表取締役　齊藤りえ,小田島　宏幸,調剤,,平17. 12. 1,yakkyoku
薬局,03,1540334,横山調剤薬局,奥州市江刺愛宕字観音堂沖４０１番地５,0197-31-1400,有限会社メディケアハウス　代表取締役　横山　雅年,横山　渉,調剤,,平11. 1. 10,yakkyoku
薬局,03,1540342,江刺調剤薬局,奥州市江刺豊田町二丁目１番４６号,0197-35-7501,株式会社ライブリー　代表取締役　田中　和,佐藤　大樹,調剤,,平13. 7. 1,yakkyoku
薬局,03,1540383,仁衛堂薬局,奥州市前沢字七日町裏２番地,0197-56-4309,有限会社ニエドー　代表取締役　小野寺　透,小野寺　透,調剤,,平8. 10. 1,yakkyoku
薬局,03,1540417,フロンティア薬局前沢店,奥州市前沢古城字比良５９番地８,0197-56-0505,株式会社フロンティア　代表取締役　重森　裕之,町屋敷　修平,,,平14. 6. 1,yakkyoku
薬局,03,1540441,仁衛堂薬局アスティ店,奥州市前沢向田一丁目１６番２,0197-56-4193,有限会社ニエドー　代表取締役　小野寺　透,小野寺　豊,調剤,,平17. 10. 1,yakkyoku
薬局,03,1540458,ふれあい薬局,奥州市胆沢若柳字甘草３２４番地,0197-41-4110,株式会社　ふれあい　代表取締役　髙野　英夫,皆川　貴洋,調剤,,平16. 4. 1,yakkyoku
薬局,03,1540466,おやま薬局,奥州市胆沢小山字道場３６番地２,0197-41-5660,株式会社ナカノメ　代表取締役　中目　祐幸,岩渕　睦子,調剤,,平17. 8. 1,yakkyoku
薬局,03,1540474,りんご薬局,奥州市江刺八日町一丁目１番３４号,0197-31-1177,株式会社ライブリー　代表取締役　田中　和,濱内　巧,調剤,,平18. 3. 1,yakkyoku
薬局,03,1540482,むつみ薬局,奥州市水沢南町４番２１号,0197-22-4666,株式会社睦ファーマシー　代表取締役　八巻　貴信,八巻　貴信,調剤,,平19. 4. 1,yakkyoku
薬局,03,1540508,ミズサワ薬局前沢店,奥州市前沢向田一丁目２０番地２,0197-56-3831,有限会社クリア　代表取締役　森　純啓,森　純啓,,,平20. 5. 6,yakkyoku
薬局,03,1540524,水沢調剤薬局,奥州市水沢字川原小路１２番地,0197-23-4838,株式会社ふれあい　代表取締役　髙野　英夫,佐藤　晴香,調剤,,平21. 10. 1,yakkyoku
薬局,03,1540532,みどり薬局西町店,奥州市水沢西町５番２２号,0197-51-1517,株式会社みどり薬局　代表取締役　小野寺　佳織,米塚　聖和,調剤,,平23. 7. 1,yakkyoku
薬局,03,1540565,はだ調剤薬局,奥州市水沢羽田町久保１１,0197-47-4561,アイワ薬品株式会社　代表取締役　遠藤　大輔,千田　洋光,調剤,,平23. 11. 1,yakkyoku
薬局,03,1540573,もくれん薬局,奥州市前沢字七日町４８番地２,0197-41-3737,株式会社ライブリー　代表取締役　田中　和,佐藤　美紀,調剤,,平24. 3. 1,yakkyoku
薬局,03,1540581,及川薬局けいとく店,奥州市水沢佐倉河字慶徳２６番地２,0197-47-4471,有限会社及川薬局　代表取締役　菊池　光弘,小澤　直樹,調剤,,平24. 4. 1,yakkyoku
薬局,03,1540599,リリィ薬局水沢店,奥州市水沢真城字杉山下７０番地３,0197-47-4391,シップヘルスケアファーマシー株式会社　代表取締役　市谷　文吾,巻　啓貴,調剤,,平24. 5. 1,yakkyoku
薬局,03,1540615,あおば薬局,奥州市水沢字大畑小路１０９番地１,0197-51-7750,有限会社和光　代表取締役　小原　崇平,黒田　麻遊美,調剤,,平25. 4. 15,yakkyoku
薬局,03,1540649,みどり薬局不断町店,奥州市水沢字多賀４７番地,0197-51-2216,株式会社　みどり薬局　代表取締役　小野寺　佳織,佐山　琴絵,,,平26. 8. 1,yakkyoku
薬局,03,1540672,あかり薬局　太日通り店,奥州市水沢太日通り二丁目６番３３号,0197-47-6733,株式会社　あかり薬局　代表取締役　千葉　純子,岡﨑　淑子,調剤,,平27. 6. 1,yakkyoku
薬局,03,1540680,あかり薬局　川口町店,奥州市水沢川口町２９番地１,0197-47-6510,株式会社　あかり薬局　代表取締役　千葉　純子,千葉　友圭理,調剤,,平27. 11. 1,yakkyoku
薬局,03,1540698,アイン薬局　大通中央店,奥州市江刺大通り５番８号,0197-35-8351,株式会社アインファーマシーズ　代表取締役　淡路　英広,千田　由希子,調剤,,平27. 11. 1,yakkyoku
薬局,03,1540706,アイン薬局　江刺店,奥州市江刺西大通り１０番１１号,0197-31-2151,株式会社アインファーマシーズ　代表取締役　淡路　英広,中村　恵,調剤,,平27. 11. 1,yakkyoku
薬局,03,1540714,アイン薬局　胆沢店,奥州市水沢字龍ケ馬場２７番５号,0197-51-5030,株式会社アインファーマシーズ　代表取締役　淡路　英広,田中　翔斗,調剤,,平27. 11. 1,yakkyoku
薬局,03,1540748,みどり薬局公園通り店,奥州市水沢西上野町４番４号,0197-47-3474,株式会社　みどり薬局　代表取締役　小野寺　佳織,横井　舞,調剤,,平28. 9. 5,yakkyoku
薬局,03,1540763,つくし薬局前沢店,奥州市前沢二十人町４７番,0197-41-3663,株式会社ワークイン　代表取締役　西舘　孝太,片山　綜太,調剤,,平28. 12. 1,yakkyoku
薬局,03,1540797,カワチ薬局　前沢店,奥州市前沢向田一丁目１８番地,0197-56-7180,株式会社カワチ薬品　代表取締役　河内　伸二,後藤　英亮,調剤,,平30. 3. 1,yakkyoku
薬局,03,1540805,つくし薬局　さくらかわ店,奥州市水沢佐倉河字五反町９２番地１,0197-34-1107,株式会社ワークイン　代表取締役　西舘　孝太,戸羽　礼人,調剤,,平30. 9. 10,yakkyoku
薬局,03,1540813,ウエルシア薬局奥州江刺店,奥州市江刺八日町一丁目４番１０－２号,0197-35-5194,ウエルシア薬局株式会社　代表取締役　田中　純一,小村　飛友,調剤,,令元. 8. 1,yakkyoku
薬局,03,1540821,はなぞの薬局,奥州市水沢佐倉河字慶徳７６番地１,0197-34-0186,株式会社ふれあい　代表取締役　髙野　英夫,本名　弘道,,,令元. 10. 1,yakkyoku
薬局,03,1540847,共創未来　江刺西大通り薬局,奥州市江刺西大通り１１番１５号,0197-36-8150,株式会社ファーマみらい　代表取締役　岡山　善郎,柴崎　優樹,,,令元. 12. 1,yakkyoku
薬局,03,1540854,日本調剤龍ヶ馬場薬局,奥州市水沢字龍ヶ馬場２９番地３７,0197-51-7055,日本調剤株式会社　代表取締役　小城　和紀,外山　一志,,,令2. 2. 1,yakkyoku
薬局,03,1540862,日本調剤胆沢薬局,奥州市水沢字龍ヶ馬場３番地１１,0197-51-7050,日本調剤株式会社　代表取締役　小城　和紀,森元　大介,,,令2. 2. 1,yakkyoku
薬局,03,1540870,アイン薬局奥州水沢店,奥州市水沢東大通り一丁目５番３１号,0197-47-4767,株式会社アインファーマシーズ　代表取締役　淡路　英広,沼尾　禎哉,,,令2. 4. 1,yakkyoku
薬局,03,1540888,クスリのアオキ東中通り薬局,奥州市水沢東中通り二丁目５番２４号,0197-34-3012,株式会社クスリのアオキ　代表取締役　青木　宏憲,奥野　正人,,,令2. 10. 1,yakkyoku
薬局,03,1540896,ウエルシア薬局水沢桜屋敷店,奥州市水沢字桜屋敷２９１番地１,0197-24-8121,ウエルシア薬局株式会社　代表取締役　田中　純一,千田　光花,,,令3. 2. 1,yakkyoku
薬局,03,1540912,イオン薬局イオンスタイル江刺,奥州市江刺八日町一丁目９番４８－２号,097-35-1911,イオン東北株式会社　代表取締役　西垣　幸則,小山　卓摩,,,令3. 9. 1,yakkyoku
薬局,03,1540920,イオン薬局前沢店,奥州市前沢字向田二丁目８５番地,0197-41-3671,イオン東北株式会社　代表取締役　西垣　幸則,鈴木　久雄,,,令3. 9. 1,yakkyoku
薬局,03,1540938,クスリのアオキ太日通り薬局,奥州市水沢太日通り二丁目５番２号,0197-34-3226,株式会社クスリのアオキ　代表取締役　青木　宏憲,櫻本　啓仁,,,令3. 9. 1,yakkyoku
薬局,03,1540953,調剤薬局ツルハドラッグ江刺店,奥州市江刺西大通り９番５号,0197-31-1526,株式会社ツルハ　代表取締役　八幡　政浩,河東田　利香,,,令4. 4. 17,yakkyoku
薬局,03,1540961,つくし薬局　はらなか店,奥州市水沢太日通り二丁目４番１０号,0197-34-0280,株式会社ワークイン　代表取締役　西舘　孝太,片方　悠二,,,令4. 12. 1,yakkyoku
薬局,03,1540979,クスリのアオキ水沢薬局,奥州市水沢字高屋敷１４１番地１,0197-34-1686,株式会社クスリのアオキ　代表取締役　青木　宏憲,岩渕　涼祐,,,令5. 6. 1,yakkyoku
薬局,03,1540987,もみじ薬局,奥州市水沢字谷地明円３０番地４,0197-34-1380,合同会社ＭｏＭｉＪｉ　代表社員　中目　祐幸,栗原　悠輔,,,令5. 8. 1,yakkyoku
薬局,03,1540995,ウェルビー薬局　姉体店,奥州市水沢上姉体六丁目７番地８,0197-34-3380,株式会社ライブリー　代表取締役　田中　和,板屋　憲治,,,令8. 4. 1,yakkyoku
薬局,03,1541001,江刺青葉調剤薬局,奥州市江刺西大通り４番２４号,0197-31-2566,有限会社プライム　取締役　田代　正昭,萩原　佳奈子,,,令8. 5. 1,yakkyoku
薬局,03,1640019,滝沢調剤薬局,滝沢市鵜飼狐洞１番３０３,019-687-5711,有限会社滝沢調剤薬局　代表取締役　金澤　佳士,佐藤　圭祐,調剤,,平8. 4. 1,yakkyoku
薬局,03,1640027,ゆうゆう調剤薬局,滝沢市巣子１１７８番地２０,019-688-5553,有限会社　ファーマシーウィズ　代表取締役　三浦　一樹,佐々木　千幸,調剤,,平10. 5. 1,yakkyoku
薬局,03,1640050,ふうせん薬局,滝沢市牧野林１０１０番地１１,019-699-2011,株式会社ＲｅＴＡ　代表取締役　小笠原　英,小笠原　文子,調剤,,平11. 3. 1,yakkyoku
薬局,03,1640068,有限会社　オリオン薬局,滝沢市土沢３１０番地３４,019-699-1220,有限会社オリオン薬局　代表取締役　猿橋　幸樹,猿橋　幸樹,調剤,,平11. 4. 1,yakkyoku
薬局,03,1640076,あおぞら薬局,滝沢市土沢５４０番地２,019-699-1319,照井　融子,照井　亮平,調剤,,平11. 11. 1,yakkyoku
薬局,03,1640084,すこやか薬局,滝沢市大釜竹鼻１６３番地１４,019-699-1721,有限会社メディックヤスダ　代表取締役　安田　剛,佐々木　さおり,調剤,,平12. 8. 1,yakkyoku
薬局,03,1640134,パーク薬局,滝沢市中鵜飼８０番地,019-601-8988,関　鮎美,大和　節子,調剤,,平19. 5. 1,yakkyoku
薬局,03,1640142,キリン薬局,滝沢市穴口３７７番地５４,019-647-8535,株式会社フォルテ　代表取締役　大橋　正和,大橋　正和,調剤,,平19. 5. 1,yakkyoku
薬局,03,1640167,ひかり薬局,滝沢市野沢６２番１２６,019-681-0590,株式会社ウイング　代表取締役　山本　考哉,新沼　央子,調剤,,平21. 4. 1,yakkyoku
薬局,03,1640175,おおがま薬局,滝沢市大釜吉水１０４番地１,019-684-1200,株式会社アオキファーマシー　代表取締役　梶　努,大橋　秀一,調剤,,平23. 5. 1,yakkyoku
薬局,03,1640191,ミモザ薬局,滝沢市高屋敷平１１番地４０,019-613-2670,Ｈ２有限会社　代表取締役　四倉　曉子,中村　尚子,調剤,,平27. 11. 1,yakkyoku
薬局,03,1640209,おはよー調剤,滝沢市鵜飼笹森４３番１４,019-684-2084,有限会社エルエル　取締役　田屋　祐二,本郷　嘉一,調剤,,平28. 2. 1,yakkyoku
薬局,03,1640217,アイセイ薬局　滝沢店,滝沢市穴口３２３番地３,019-648-7131,株式会社アイセイ薬局　代表取締役　藤井　江美,海老子川　健司,調剤,,平28. 10. 1,yakkyoku
薬局,03,1640225,ドレミ薬局,滝沢市牧野林１０１０番地２,019-699-1234,株式会社アインファーマシーズ　代表取締役　淡路　英広,鎌田　恒亮,,,令元. 10. 1,yakkyoku
薬局,03,1640233,銀河薬局　穴口店,滝沢市穴口１８３番地１,019-645-1943,株式会社　銀河調剤　代表取締役　佐野　元彦,小泉　友輝,,,令4. 4. 1,yakkyoku
薬局,03,1640241,あさひ薬局滝沢中央店,滝沢市狼久保６８９番地１,019-694-9338,有限会社あさひ薬局　代表取締役　小野寺　聡,馬場　亮輔,,,令5. 8. 1,yakkyoku
薬局,03,1640258,有限会社つぐみ薬局,滝沢市狼久保６８８番地３,019-656-1818,有限会社つぐみ薬局　代表取締役　工藤　民義,工藤　峻正,,,令6. 2. 1,yakkyoku
薬局,03,2140415,南畑薬局,岩手郡雫石町大字南畑第３１地割字深沢９２番地１６,019-691-8110,有限会社タカ・コーポレーション　代表取締役　高橋　義利,田畑　和孝,調剤,,平12. 11. 1,yakkyoku
薬局,03,2140456,日本調剤葛巻薬局,岩手郡葛巻町葛巻第１２地割５４番地１,0195-67-1700,日本調剤株式会社　代表取締役　小城　和紀,星野　好広,調剤,,平14. 10. 1,yakkyoku
薬局,03,2140464,有限会社菊屋薬局,岩手郡雫石町中町３３番地４,019-692-2057,有限会社菊屋薬局　代表取締役　佐々木　達也,佐々木　順子,調剤,,平15. 7. 1,yakkyoku
薬局,03,2140472,そうごう薬局岩手町店,岩手郡岩手町大字江刈内第１０地割三本松４５番８,0195-62-6061,総合メディカル株式会社　代表取締役　多田　荘一郎,澤口　賢介,調剤,,平15. 8. 1,yakkyoku
薬局,03,2140480,しずくいし薬局,岩手郡雫石町八卦２番地４,019-692-1153,株式会社アオキファーマシー　代表取締役　梶　努,本間　淳一,調剤,,平16. 4. 1,yakkyoku
薬局,03,2140555,石神の丘薬局,岩手郡岩手町五日市第１１地割７９番地６６,0195-61-1611,株式会社ウイング　代表取締役　山本　考哉,府金　康子,調剤,,平17. 12. 1,yakkyoku
薬局,03,2140571,銀河薬局雫石店,岩手郡雫石町千刈田７９番２,019-691-1560,株式会社銀河調剤　代表取締役　佐野　元彦,杉田　弘明,調剤,,平18. 9. 1,yakkyoku
薬局,03,2140654,しずくいし中央薬局,岩手郡雫石町万田渡７４番地１９,019-692-5588,オクトテルマ合同会社　代表社員　沼　潤幸,沼　潤幸,調剤,,平24. 10. 1,yakkyoku
薬局,03,2140662,つくし薬局　沼宮内駅前店,岩手郡岩手町大字江刈内第７地割１０番地３,0195-68-7071,株式会社ワークイン　代表取締役　西舘　孝太,工藤　真由美,調剤,,平25. 8. 1,yakkyoku
薬局,03,2140670,オーロラ薬局沼宮内店,岩手郡岩手町大字江刈内１０地割４９番地１,0195-61-3883,一般社団法人岩手保健企画　代表理事　古舘　真知子,戸耒　菜摘,,,令2. 4. 1,yakkyoku
薬局,03,2240132,ファミリー薬局,紫波郡紫波町日詰字下丸森１２１番地７,019-671-1195,株式会社ライブリー　代表取締役　田中　和,赤澤　直樹,調剤,,平10. 11. 1,yakkyoku
薬局,03,2240140,ライフ薬局,紫波郡矢巾町大字南矢幅第８地割２４５番地,019-698-1220,有限会社ビバライフ　代表取締役　及川　俊弘,及川　俊弘,調剤,,平10. 11. 1,yakkyoku
薬局,03,2240215,こぐま薬局矢巾店,紫波郡矢巾町大字又兵エ新田第８地割１１７番地,019-698-1515,有限会社リジョイス保険調剤薬局　代表取締役　築地　裕二,築地　さとみ,調剤,,平11. 12. 1,yakkyoku
薬局,03,2240231,さくら町調剤薬局,紫波郡紫波町桜町字三本木１６７番地２,019-671-1365,株式会社ウイング　代表取締役　山本　考哉,高橋　功行,調剤,,平12. 6. 1,yakkyoku
薬局,03,2240264,紫波中央薬局,紫波郡紫波町桜町字三本木２２番地７,019-672-6125,株式会社ウイング　代表取締役　山本　考哉,井手　陽子,調剤,,平13. 7. 1,yakkyoku
薬局,03,2240298,きりの調剤薬局,紫波郡矢巾町西徳田第５地割１番地１,019-698-4193,桐野　晶,桐野　晶,調剤,,平16. 4. 8,yakkyoku
薬局,03,2240314,みずほ薬局,紫波郡矢巾町大字南矢幅第６地割１４３番地１２,019-698-1080,有限会社タカサゴ・メディカル　代表取締役　高砂子　修作,高砂子　眞知子,,,平20. 3. 1,yakkyoku
薬局,03,2240322,有限会社ミドリ薬局日詰店,紫波郡紫波町日詰駅前一丁目８番４,019-671-1203,有限会社ミドリ薬局　代表取締役　金子　和子,金子　圭太朗,,,平20. 9. 1,yakkyoku
薬局,03,2240330,調剤薬局ツルハドラッグ紫波店,紫波郡紫波町高水寺字大坊１８３番１,019-672-6568,株式会社ツルハ　代表取締役　八幡　政浩,阿部　大智,調剤,,平21. 5. 8,yakkyoku
薬局,03,2240348,薬王堂薬局西徳田店,紫波郡矢巾町大字西徳田第６地割１４４番地,019-681-7361,株式会社薬王堂　代表取締役　西郷　孝一,小山　央子,調剤,,平23. 6. 1,yakkyoku
薬局,03,2240405,みずほ薬局オガール店,紫波郡紫波町紫波中央駅前２－３－１２　オガールベースイースト棟１階,019-601-7204,有限会社リリーフ・ライト　代表取締役　打越　光,打越　光,,,平26. 9. 1,yakkyoku
薬局,03,2240413,薬王堂　矢巾店,紫波郡矢巾町南矢幅第７地割４４５番地,019-698-2131,株式会社　薬王堂　代表取締役　西郷　孝一,戸田　英典,調剤,,平27. 2. 1,yakkyoku
薬局,03,2240439,日本調剤　矢巾薬局,紫波郡矢巾町医大通二丁目４番３号,019-611-2351,日本調剤株式会社　代表取締役　小城　和紀,芳沢　寛邦,調剤,,平28. 6. 1,yakkyoku
薬局,03,2240462,サニー薬局,紫波郡紫波町上平沢字川原田７３番地９,019-673-8588,合同会社麦わらぼうし　代表社員　阿部　司,阿部　司,,,平31. 1. 1,yakkyoku
薬局,03,2240470,どんぐり薬局　あいのの,紫波郡矢巾町間野々第９地割２２７番地,019-656-1470,株式会社どんぐり工房　代表取締役　赤間　千夏,小野寺　泰大,調剤,,平31. 3. 20,yakkyoku
薬局,03,2240488,カワチ薬局　矢巾店,紫波郡矢巾町大字西徳田第５地割８８番地１,019-697-5161,株式会社カワチ薬品　代表取締役　河内　伸二,岩上　清晴,,,令元. 9. 1,yakkyoku
薬局,03,2240496,日本調剤　岩手医大前薬局,紫波郡矢巾町医大通二丁目１番１２号,019-601-3116,日本調剤株式会社　代表取締役　小城　和紀,河原崎　賢,,,令元. 9. 1,yakkyoku
薬局,03,2240538,矢巾調剤薬局,紫波郡矢巾町大字西徳田第３地割西前７４,019-698-2400,ヒーローコネクト株式会社　代表取締役　佐藤　正俊,蛭川　智晴,,,令3. 4. 1,yakkyoku
薬局,03,2240546,南やはば調剤薬局,紫波郡矢巾町南矢幅第７地割４５３,019-698-1677,ヒーローコネクト株式会社　代表取締役　佐藤　正俊,大原　紀夫,,,令3. 4. 1,yakkyoku
薬局,03,2240553,調剤薬局ツルハドラッグ紫波南店,紫波郡紫波町北日詰字大日堂４０番地１,019-681-3711,株式会社ツルハ　代表取締役　八幡　政浩,水野　結貴,,,令3. 6. 1,yakkyoku
薬局,03,2240579,ひづめ薬局,紫波郡紫波町日詰字東裏２０番地４,019-601-8771,株式会社　ライブリー　代表取締役　田中　和,千葉　廉,,,令4. 5. 1,yakkyoku
薬局,03,2240587,調剤薬局ツルハドラッグ紫波中央店,紫波郡紫波町日詰字中新田２１１番地１,019-672-6330,株式会社ツルハ　代表取締役　八幡　政浩,梶田　太一,,,令4. 9. 1,yakkyoku
薬局,03,2240595,クスリのアオキ紫波桜町薬局,紫波郡紫波町桜町字田頭９５番地,019-681-2727,株式会社クスリのアオキ　代表取締役　青木　宏憲,赤松　芳胤,,,令4. 10. 1,yakkyoku
薬局,03,2240603,矢巾西口薬局,紫波郡矢巾町大字又兵エ新田第５地割３１２番地,019-681-9495,株式会社エンデバー　代表取締役　野舘　敬直,佐藤　香紀,,,令6. 6. 1,yakkyoku
薬局,03,2240611,薬王堂薬局オアシスタウンやはば店,紫波郡矢巾町大字藤沢第５地割１２番地４,019-681-7995,株式会社薬王堂　代表取締役　西郷　孝一,千葉　恵,,,令7. 4. 1,yakkyoku
薬局,03,2240629,メガ調剤薬局　矢巾店,紫波郡矢巾町大字藤沢第５地割１２番地７,019-681-1288,紅屋商事株式会社　代表取締役　秦　雅秀,髙野　頌子,,,令7. 5. 1,yakkyoku
薬局,03,2240637,こずかた薬局　やはば店,紫波郡矢巾町大字南矢幅第９地割字田中１９５番地,019-698-3006,株式会社ＹＴメディカル　代表取締役　石坂　和憲,石坂　和憲,,,令7. 9. 1,yakkyoku
薬局,03,2240645,フェザン薬局,紫波郡矢巾町大字高田第１１地割５１番地１,019-697-8631,株式会社祐盛　代表取締役　田屋　祐二,和田　啓慈,,,令8. 4. 1,yakkyoku
薬局,03,2440153,西和賀すみれ薬局,和賀郡西和賀町沢内字大野１３地割３－２２,0197-72-6688,Ｈ２有限会社　代表取締役　四倉　暁子,米澤　裕司,調剤,,平26. 10. 1,yakkyoku
薬局,03,2440179,太陽薬局,和賀郡西和賀町湯本２９地割７０番地２２,0197-82-2120,株式会社ネクストイノベーション　代表取締役　石澤　洋子,鈴木　佳子,,,令2. 5. 1,yakkyoku
薬局,03,2440187,かじか薬局,和賀郡西和賀町湯本３０地割８１番地１,0197-84-2233,ＫＯＨ株式会社　　代表取締役　岡野　紘之,倉嶌　太,,,令3. 7. 1,yakkyoku
薬局,03,2540077,さつき薬局,胆沢郡金ケ崎町西根古寺１４番地１,0197-41-1989,有限会社　薬師会　代表取締役　曽我部　由美子,曽我部　由美子,調剤,,平10. 10. 1,yakkyoku
薬局,03,2540234,ふたば薬局,胆沢郡金ケ崎町西根下谷地９２番地１,0197-41-0455,中村　誼真,中村　誼真,,,令6. 4. 19,yakkyoku
薬局,03,2640067,あすか薬局,西磐井郡平泉町平泉字志羅山７番地１０,0191-34-1150,株式会社　小松イー・エム・シー　代表取締役　小倉　浩二,小倉　千枝子,調剤,,平10. 6. 1,yakkyoku
薬局,03,2840048,そうごう薬局住田店,気仙郡住田町世田米字大崎２５番地４,0192-49-1151,総合メディカル株式会社　代表取締役　多田　荘一郎,高橋　希,,,平14. 5. 1,yakkyoku
薬局,03,2940178,有限会社菊屋薬局,上閉伊郡大槌町小鎚第２７地割３番地４,0193-42-3526,有限会社菊屋薬局　代表取締役　佐竹　尚司,佐竹　尚司,調剤,,平24. 1. 1,yakkyoku
薬局,03,2940210,つくし薬局本店,上閉伊郡大槌町小鎚第２３地割字寺野２３番２,0193-42-8500,株式会社ワークイン　代表取締役　西舘　孝太,藤田　佳克,調剤,,平28. 5. 1,yakkyoku
薬局,03,2940228,ハーブ薬局,上閉伊郡大槌町吉里吉里一丁目２番１０号,0193-44-3171,有限会社タカ・コーポレーション　代表取締役　髙橋　義利,髙木　明彦,調剤,,平29. 9. 1,yakkyoku
薬局,03,2940236,有限会社クリス薬局,上閉伊郡大槌町本町６番１８号,0193-55-5891,有限会社クリス薬局　代表取締役　熊谷　宏之,熊谷　宏之,調剤,,平29. 10. 30,yakkyoku
薬局,03,2940244,ひょっこり薬局,上閉伊郡大槌町大槌第１５地割９５番地２５６,0193-27-5220,株式会社ワークイン　代表取締役　西舘　孝太,佐々木　千穂,調剤,,平30. 4. 1,yakkyoku
薬局,03,2940251,おしゃっち前薬局,上閉伊郡大槌町大町５番１５号,0193-27-7166,株式会社ファーモニー　代表取締役　渋谷　拓未,渋谷　拓未,,,令4. 2. 1,yakkyoku
薬局,03,3040127,佐藤薬局,下閉伊郡山田町豊間根第２地割１０５番１号,0193-86-2889,佐藤　太,佐藤　寿子,調剤,,平9. 8. 1,yakkyoku
薬局,03,3040267,髙橋薬局,下閉伊郡普代村第１３地割字普代１２６番９,0194-35-2045,株式会社　髙橋薬局　代表取締役　佐藤　和可子,佐藤　和可子,調剤,,平21. 1. 1,yakkyoku
薬局,03,3040325,共創未来　たのはた薬局,下閉伊郡田野畑村田野畑１２０番地３,0194-37-1771,株式会社ファーマみらい　代表取締役　岡山　善郎,赤池　孝之,調剤,,平25. 11. 1,yakkyoku
薬局,03,3040333,クローバー薬局飯岡店,下閉伊郡山田町飯岡第９地割３７番地１４,0193-81-1730,有限会社タカ・コーポレーション　代表取締役　髙橋　義利,岡本　寛士,,,平26. 6. 1,yakkyoku
薬局,03,3040358,山田調剤薬局,下閉伊郡山田町飯岡第１地割２１番地２,0193-65-7087,株式会社アインファーマシーズ　代表取締役　淡路　英広,大島　大,調剤,,平28. 9. 1,yakkyoku
薬局,03,3040366,アイン薬局　岩泉店,下閉伊郡岩泉町岩泉字中家１９番地１,0194-32-3317,株式会社アインファーマシーズ　代表取締役　淡路　英広,山崎　貴広,調剤,,平29. 4. 1,yakkyoku
薬局,03,3040374,山田中央薬局,下閉伊郡山田町川向町７番８号,0193-82-4750,武藤　貞夫,武藤　貞夫,調剤,,平30. 4. 1,yakkyoku
薬局,03,3140042,まちの薬局,九戸郡野田村大字野田第２８地割２６番地１,0194-78-2081,中野　町,中野　町,調剤,,昭56. 9. 1,yakkyoku
薬局,03,3140083,有限会社　かしわや薬局,九戸郡九戸村大字伊保内１１地割４７番地３,0195-42-2013,有限会社かしわや薬局　代表取締役　小野寺　正明,小野寺　正明,調剤,,平6. 4. 1,yakkyoku
薬局,03,3140109,薬局　ココ,九戸郡軽米町大字軽米第８地割４９番地３,0195-46-4329,高林　幸子,高林　幸子,調剤,,平7. 6. 1,yakkyoku
薬局,03,3140141,日本調剤軽米薬局,九戸郡軽米町大字軽米第２地割６５番地２,0195-48-1222,日本調剤株式会社　代表取締役　小城　和紀,鈴木　健一郎,,,平14. 9. 1,yakkyoku
薬局,03,3140158,いこい薬局,九戸郡軽米町大字上舘第１５地割８６番地１１,0195-46-4323,有限会社正安　取締役　山田　正之,山田　絹子,調剤,,平15. 1. 1,yakkyoku
薬局,03,3140166,日本調剤　九戸薬局,九戸郡九戸村大字伊保内第７地割４９番地３,0195-41-1286,日本調剤株式会社　代表取締役　小城　和紀,村澤　拓美,調剤,,平15. 10. 1,yakkyoku
薬局,03,3140174,種市調剤薬局,九戸郡洋野町種市第２３地割２７番地１０３,0194-65-6551,有限会社　八戸保険調剤薬局　代表取締役　六郷　敏男,西舘　裕子,調剤,,平16. 10. 1,yakkyoku
薬局,03,3140190,はたさわ薬局,九戸郡軽米町大字軽米第３地割字中坪５２番地４,0195-46-2719,有限会社はたさわ薬局　代表取締役　畠澤　德行,畠澤　德行,,,平20. 9. 1,yakkyoku
薬局,03,3140208,伊東薬局,九戸郡野田村大字野田第２６地割１８番地１０,0194-78-2326,株式会社伊東薬局　代表取締役　伊東　祐太郎,伊東　祐太郎,調剤,,平21. 7. 1,yakkyoku
薬局,03,3140216,リードファーマシー,九戸郡洋野町種市２３－１１３－２０,0194-65-2987,有限会社正成商事　取締役　川﨑　正一郎,川崎　正一郎,調剤,,平26. 10. 20,yakkyoku
薬局,03,3140224,洋野調剤薬局,九戸郡洋野町大野第８地割８４番地５,0194-66-7615,有限会社正成商事　取締役　川﨑　正一郎,吉田　博之,,,令6. 9. 1,yakkyoku
薬局,03,3140232,もわ調剤薬局,九戸郡九戸村江刺家第６地割１０９番地,0195-26-9215,もわ調剤薬局株式会社　代表取締役　佐々木　素子,佐々木　素子,,,令7. 8. 4,yakkyoku
薬局,03,3240115,めぐみ薬局,二戸郡一戸町西法寺字稲荷２１番地１,0195-31-1800,株式会社ライブリー　代表取締役　田中　和,三浦　美子,,,平20. 8. 1,yakkyoku
薬局,03,3240131,つくし薬局　一戸店,二戸郡一戸町一戸字向町１０９番地２,0195-43-3096,株式会社ワークイン　代表取締役　西舘　孝太,新堀　実花,調剤,,平25. 7. 1,yakkyoku
薬局,03,3240149,アイン薬局　一戸店,二戸郡一戸町一戸字砂森５４番地１,0195-31-1280,株式会社アインファーマシーズ　代表取締役　淡路　英広,長谷川　裕亮,調剤,,平27. 11. 1,yakkyoku
薬局,03,3240156,かめちゃん調剤薬局,二戸郡一戸町中山字大塚１１８番地２,0195-35-3009,株式会社ワークイン　代表取締役　西舘　孝太,亀田　隆浩,調剤,,平29. 9. 1,yakkyoku
薬局,03,3240164,つくし薬局　向町店,二戸郡一戸町一戸字向町５０番地３,0195-26-8221,株式会社ワークイン　代表取締役　西舘　孝太,野﨑　いず実,調剤,,平30. 7. 17,yakkyoku
