med_type,pref_code,med_code,name,address,phone,opener,manager,depts,beds,designated_date,source
病院,34,0110013,中国電力株式会社　中電病院,広島市中区大手町３丁目４－２７,082-241-8221,中国電力　株式会社　代表取締役社長執行役員　中川　賢剛,石橋　克彦,一般　一般　一般　一般　一般　一般　一般　一般　内　外　整外　産婦　皮　ひ　耳い　麻　歯　放　リハ,248,昭32. 7. 1,ika
診療所,34,0110039,瀬戸産婦人科医院,広島市南区東本浦町２２－５,082-281-1359,瀨戸　真理子,瀨戸　真理子,産婦,,平15. 3. 23,ika
診療所,34,0110096,医療法人　灰塚医院,広島市中区基町１８－４－４,082-221-6909,医療法人　灰塚医院　理事長　灰塚　隆敏,灰塚　隆敏,内　呼　胃　小,,平元. 4. 1,ika
病院,34,0110138,国家公務員共済組合連合会　吉島病院,広島市中区吉島東三丁目２－３３,082-241-2167,国家公務員共済組合連合会　理事長　松元　崇,山岡　直樹,一般　結核　療養　内　呼内　消化器内科　糖尿病・内分泌内科　循環器内科　外　呼外　消化器外科　内視鏡内科　内視鏡外科　眼　耳い　麻　放　整外　リハ　緩和ケア内科　呼吸器リハビリテーション科,111,昭32. 9. 1,ika
診療所,34,0110146,日本製鋼所広島製作所診療所,広島市安芸区船越南１丁目６－１,082-822-0173,株式会社　日本製鋼所広島製作所　常務理事所長　荒井　朗,有留　法史,内,,平2. 7. 1,ika
診療所,34,0110179,花栗医院,広島市中区宝町７－７,082-241-5536,花栗　睦和,花栗　睦和,内　循　小,,平9. 11. 1,ika
診療所,34,0110187,医療法人社団はつき会　井槌産婦人科,広島市中区鉄砲町９－２４,082-221-1684,医療法人社団　はつき会　理事長　田中　敏文,田中　敏文,産婦　内,,平14. 4. 1,ika
病院,34,0110237,医療法人　三和会　おおうち病院,広島市中区大手町３丁目７－１１,082-243-0001,医療法人　三和会　理事長　日域　大輔,日域　大輔,療養　内　循環器内科　消化器内科　内視鏡内科　外　整外　肛門外科　リハ,,昭63. 11. 1,ika
病院,34,0110252,医療法人あかね会　土谷総合病院,広島市中区中島町３－３０,082-243-9191,医療法人あかね会　理事長　土谷　治子,土谷　治子,一般　内　呼内　循環器内科　消化器内科　内分泌内科　腎臓内科　感染症内科　人工透析内科　外　心外　肛門外科　整外　精　リウ　小　皮　ひ　産婦　眼　耳い　放　病理　麻,351,昭56. 11. 1,ika
病院,34,0110427,広島赤十字・原爆病院,広島市中区千田町１丁目９－６,082-241-3111,日本赤十字社　社長　清家　篤,有馬　準一,一般　内科　肝臓内科　腎臓内科　血液内科　内分泌・代謝内科　脳内　循環器内科　呼内　消化器内科　消化器外科　精　外科　血管外科　乳腺外科　呼吸器外科　脳外　整外　リハ　リウ　産婦　小　耳鼻咽喉科　頭頸部外科　眼　皮　ひ　放射線診断科　放射線治療科　麻　歯外　病理　形外　救急科　緩和ケア科　小児アレルギー科,565,昭32. 10. 1,ika
診療所,34,0110443,財務省共済組合広島国税局診療所,広島市中区上八丁堀６－３０,082-221-9211,財務省共済組合広島国税局診療所　支部長　辻　貴博,田村　忠正,内,,昭32. 10. 1,ika
病院,34,0110518,松田病院,広島市南区翠４丁目１３－７,082-253-1245,医療法人　翠星会　理事長　松田　文雄,松田　文雄,精神　精　児童精神科,110,平18. 5. 1,ika
診療所,34,0110534,医療法人社団　田中眼科医院,広島市南区翠１丁目３－１５,082-255-6622,医療法人社団　田中眼科医院　理事長　田中　恵子,田中　恵子,眼,,平元. 4. 1,ika
診療所,34,0110633,澤崎産婦人科,広島市南区的場町２丁目２－１５,082-261-2168,澤崎　雅俊,澤崎　雅俊,一般　産婦,,平20. 8. 7,ika
診療所,34,0110757,田村医院,広島市南区宇品海岸２丁目１２－２５,082-251-4043,医療法人田村医院　理事長　田村　裕幸,田村　裕幸,内　外　胃　肛門外科　小　循　放　リハ,,平11. 4. 1,ika
診療所,34,0110765,医療法人社団　江島医院,広島市南区宇品御幸２丁目５－７,082-251-2525,医療法人社団　江島医院　理事長　江島　久美子,山木戸　英人,内　小　放　呼内　アレ,,平元. 5. 1,ika
診療所,34,0110781,医療法人社団　竹本医院,広島市南区宇品海岸２丁目２－１１,082-251-0932,医療法人社団　竹本医院　理事長　竹本　祐司,竹本　祐司,内　小　呼内,,平元. 8. 1,ika
診療所,34,0110799,竹内医院,広島市南区宇品神田４－７－８,082-251-2321,竹内　真,竹内　真,内　消,,平14. 5. 1,ika
診療所,34,0110815,和田耳鼻咽喉科,広島市南区宇品神田５丁目５－９,082-256-1133,医療法人　和田耳鼻咽喉科　理事長　和田　秀毅,和田　秀毅,耳　い,,平7. 12. 1,ika
診療所,34,0110864,医療法人社団　宏精クリニック,広島市南区宇品御幸３丁目１－１１,082-256-0065,医療法人社団　宏精クリニック　胤森　信宏,胤森　信宏,内　呼　小,,平8. 11. 1,ika
診療所,34,0110872,医療法人　牛尾内科医院,広島市南区宇品神田５丁目２２－１７,082-254-5131,医療法人　牛尾内科医院　理事長　牛尾　剛士,牛尾　剛士,一般　内　呼　胃　小　リハ　放　麻,,平8. 11. 1,ika
診療所,34,0110880,沢近医院,広島市南区宇品御幸１丁目１７－８,082-251-0261,澤近　紀夫,澤近　紀夫,内　循,,平元. 6. 11,ika
診療所,34,0110922,医療法人さつき会　井上内科医院,広島市南区宇品神田２丁目１５－３,082-251-1711,医療法人さつき会　井上内科医院　理事長　井上　忠雄,井上　忠雄,一般　内　小　リハ,,平13. 10. 1,ika
病院,34,0110989,真田病院,広島市南区皆実町３丁目１３－２１,082-253-1291,医療法人　慈徳会　理事長　田　光博,真田　博明,一般　療養　産婦　整外　外　内　リハ　麻　歯,,平17. 10. 1,ika
診療所,34,0111078,医療法人社団　福原医院,広島市南区翠１丁目２－１１,082-251-1092,医療法人社団　福原医院　理事長　檜山　桂子,檜山　桂子,内　リウ　呼内　アレ　外　小外,,平元. 8. 1,ika
診療所,34,0111086,島内科医院,広島市中区大手町１丁目５－２５,082-249-6161,島　一秀,島　秀行,内　消化器内科（内視鏡）,,平6. 2. 1,ika
診療所,34,0111136,大岩内科,広島市中区鉄砲町２－６,082-221-2930,大岩　慈郎,大岩　慈郎,循　内　胃　放,,平14. 1. 1,ika
診療所,34,0111219,畑川小児科,広島市安芸区船越南３丁目５－３,082-823-8181,畑川　祐一郎,畑川　祐一郎,小,,平15. 1. 1,ika
診療所,34,0111276,石田医院,広島市東区戸坂出江２丁目１０－３１,082-229-0118,医療法人　石田医院　理事長　石田　秀子,木村　友希,内　胃　小　放,,平2. 6. 1,ika
病院,34,0111425,医療法人　土本病院,広島市中区橋本町４－７,082-228-3390,医療法人　土本病院　理事長　土本　重雄,土本　晃裕,療養　内　整外　リハ,,平10. 4. 1,ika
診療所,34,0111581,うえむらファミリークリニック,広島市中区住吉町８－１９,082-249-4655,医療法人小鳥会　理事長　関根　真悠,関根　真悠,内　小　脳内　放,,平元. 11. 1,ika
診療所,34,0111649,医療法人社団　祐仁会　川上医院,広島市南区青崎１丁目７－２,082-281-1717,医療法人社団　祐仁会　理事長　川上　正仁,川上　正仁,内　胃　消　皮,,平8. 7. 9,ika
病院,34,0111730,塩田病院,広島市南区堀越１丁目７－３６,082-281-5515,塩田　克昭,塩田　克昭,療養　内　外　整外　リハ　胃,,昭62. 6. 1,ika
診療所,34,0111797,医療法人社団　藤村医院,広島市南区大州２丁目１５－１１,082-281-5523,医療法人　社団　藤村医院　理事長　藤村　憲崇,藤村　憲崇,内　循環器内科　血液内科,,平5. 6. 1,ika
診療所,34,0111813,医療法人社団　豊島医院,広島市東区矢賀１丁目６－２６,082-281-1612,医療法人社団　豊島医院　理事長　豊島　仁,豊島　仁,内　胃　小,,平14. 1. 1,ika
診療所,34,0111839,中岡医院,広島市東区矢賀新町４丁目１－２８,082-283-4970,森田　実,森田　実,内　神　胃,,平5. 5. 7,ika
診療所,34,0111938,永山医院,広島市中区白島北町１０－１,082-221-2811,医療法人社団　寿会　理事長　汐見　千寿,汐見　千寿,内,,平2. 8. 1,ika
診療所,34,0111946,医療法人社団　天野医院,広島市中区西白島町７－３１,082-221-0121,医療法人　社団　天野医院　理事長　天野　雅夫,天野　雅夫,精　神　内,,平18. 11. 1,ika
診療所,34,0111987,山地内科医院,広島市東区牛田旭２丁目４－１４,082-221-2602,山地　久幸,山地　久幸,内　循環器内科　腎臓内科　透析,,平16. 3. 25,ika
診療所,34,0112092,とうぎ整形外科・リハビリクリニック,広島市中区南竹屋町５－８,082-244-4114,医療法人社団　絆　理事長　東儀　季功,東儀　季功,整外　リハ　内,,平20. 5. 19,ika
病院,34,0112191,医療法人社団生和会　たかの橋中央病院,広島市中区国泰寺町２丁目４－１６,082-242-1515,医療法人社団生和会　理事長　木村　浩彰,大庭　治,一般　内　脳外　循環器内科　心外　皮　リハ　放,104,平12. 10. 1,ika
診療所,34,0112274,新井内科,広島市南区京橋町７－１８,082-261-2862,医療法人社団　新井内科　理事長　新井　重紀,新井　重紀,内　リハ,,平元. 10. 1,ika
診療所,34,0112365,川村内科胃腸科医院,広島市中区光南１丁目５－１０,082-241-7092,川村　一郎,川村　一郎,内　胃,,昭56. 11. 3,ika
診療所,34,0112381,大野木耳鼻咽喉科医院,広島市東区牛田旭１丁目７－１３,082-221-5585,大野木　信,大野木　信,耳い,,平16. 1. 1,ika
病院,34,0112456,医療法人三渓会　川堀病院,広島市南区松川町３－８,082-263-0303,医療法人三渓会　川堀病院　理事長　川堀　勝史,川堀　勝史,一般　大腸・肛門外科,,平11. 10. 1,ika
診療所,34,0112472,医療法人杉本会　杉本眼科医院,広島市中区大手町３丁目１３－１４,082-241-0070,医療法人　杉本会　理事長　竹中　康雄,竹中　康雄,一般　眼,,平5. 5. 1,ika
診療所,34,0112571,三好医院,広島市中区東白島町１７－１,082-221-1531,三好　雪久,三好　雪久,内　胃　外　こう,,平12. 3. 1,ika
診療所,34,0112639,医療法人社団　大山皮ふ科クリニック,広島市中区鉄砲町３－１,082-221-1446,医療法人社団　大山皮ふ科クリニック　理事長　横山　寧恵,横山　寧恵,皮,,平13. 10. 1,ika
診療所,34,0112704,つきやま医院,広島市東区戸坂山崎町８番９号,082-229-0737,築山　文昭,築山　文昭,内　外　こう,,平21. 1. 1,ika
診療所,34,0112720,住谷内科・消化器内科・リハビリテーション科,広島市南区皆実町４丁目８－８,082-251-2596,医療法人住谷内科・消化器内科・リハビリテーション科　理事長　住谷　彰夫,住谷　彰夫,内　胃　循　リハ,,平8. 3. 1,ika
診療所,34,0112746,西村内科医院,広島市中区富士見町２－２１,082-244-1838,医療法人　西村内科医院　理事長　西村　保彦,西村　保彦,内　呼　消,,平元. 10. 1,ika
病院,34,0112845,広島第一病院,広島市東区戸坂南２丁目９－１５,082-229-0211,医療法人社団　和風会　理事長　松岡　龍雄,松岡　龍雄,精神　精　心内　内,200,平9. 10. 1,ika
診療所,34,0112902,井上内科小児科医院,広島市南区翠２丁目２１－３,082-251-5810,井上　快助,井上　快助,内　小,,昭35. 4. 1,ika
診療所,34,0113074,半田耳鼻咽喉科医院,広島市南区出汐１丁目１２－２,082-251-0729,医療法人社団　泰悦会　理事長　半田　正文,半田　正文,耳い　気食,,平2. 9. 1,ika
診療所,34,0113157,かくれんぼ小児科・アレルギー科,広島市南区東雲本町２丁目６－３２,082-281-3578,医療法人　しろくま会　理事長　白尾　謙一郎,岡田　千鶴,小　アレ,,平13. 11. 1,ika
診療所,34,0113223,津谷内科呼吸器科クリニック,広島市東区牛田早稲田１丁目６－３,082-221-5463,医療法人　津谷内科　理事長　津谷　隆史,中村　賢二,内　呼　放　リハ,,平16. 4. 1,ika
診療所,34,0113314,松島耳鼻咽喉科医院,広島市中区袋町１－１,082-247-4718,松島　隆浩,松島　隆浩,耳　い,,平12. 5. 1,ika
診療所,34,0113421,東雲クリニック,広島市南区上東雲町３０－２０,082-281-8641,竹岡　秀生,竹岡　秀生,内　胃　こう　呼　循　外　リハ　皮,,平11. 2. 1,ika
診療所,34,0113454,村上外科内科,広島市南区東雲２丁目１８－１５,082-282-1025,村上　博宣,村上　博宣,外　内　呼　胃　循　整外　リハ　アレ,,平9. 9. 1,ika
診療所,34,0113546,石田耳鼻咽喉科医院,広島市南区旭２丁目４－２８,082-251-8018,医療法人社団　石田耳鼻咽喉科医院　理事長　浜井　行夫,浜井　行夫,耳　い,,平6. 4. 1,ika
診療所,34,0113553,竹本内科・眼科医院,広島市南区丹那町６－１５,082-251-1518,竹本　剛,竹本　剛,内　眼,,平13. 5. 1,ika
病院,34,0113637,槙坪病院,広島市東区光町１丁目１４－２,082-263-5788,槙坪　毅,槙坪　良時,療養　内　循環器内科　神内　放　リハ,,平15. 8. 1,ika
診療所,34,0113694,医療法人　大安会　大道内科,広島市南区東雲本町２丁目１７－５,082-281-8266,医療法人社団　大安会　大道内科　理事長　大道　和宏,大道　和宏,内　呼　循　アレ　放,,平13. 4. 1,ika
診療所,34,0113702,くすのきクリニック,広島市中区光南１丁目１５－１０,082-245-3248,大久保　信二,大久保　信二,整外　リハ　外,,平18. 7. 1,ika
診療所,34,0113710,医療法人　岡本内科消化器科クリニック,広島市中区光南１丁目１５－５,082-245-3649,医療法人岡本内科消化器科クリニック　理事長　岡本　英一,岡本　英一,内　消　循　呼,,平2. 9. 1,ika
診療所,34,0113777,広島原爆障害対策協議会　健康管理・増進センター,広島市中区千田町３丁目８－６,082-243-2451,公益財団法人広島原爆障害対策協議会　会長　松村　誠,上野　義隆,内　放　婦　眼　呼　消胃　循　外,,平元. 9. 1,ika
病院,34,0113983,山本整形外科病院,広島市南区青崎２丁目４－２０,082-282-6162,医療法人　健真会　理事長　山本　健之,伊東　祥介,一般　整外　リハ　内　麻,,平11. 6. 1,ika
診療所,34,0114023,医療法人社団　田丸整形外科,広島市中区羽衣町２－１５,082-243-4785,医療法人社団　田丸整形外科　理事長　田丸　卓弥,田丸　卓弥,整外　リウ　リハ,,平12. 6. 1,ika
診療所,34,0114056,広島市医師会附属診療所,広島市中区千田町３丁目８－６,082-247-7191,一般社団法人広島市医師会　会長　山本　匡,石田　啓,内,,平元. 8. 1,ika
診療所,34,0114247,医療法人社団　古川医院,広島市南区東雲本町１丁目１－２,082-281-7889,医療法人社団古川医院　理事長　古川　義紀,大谷　博正,一般　療養　内　呼吸器内科　循環器内科　消化器内科（内視鏡）　糖尿病・代謝内科　脂質代謝内科　老年内科,,昭62. 11. 1,ika
診療所,34,0114254,医療法人社団　あやめ会　福原整形外科医院,広島市南区宇品西４丁目４－８,082-251-6218,医療法人社団　あやめ会　理事長　福原　宏平,福原　宏平,整外　リハ,,昭62. 11. 1,ika
診療所,34,0114288,戸田眼科的場医院,広島市南区的場町２丁目３－２５,082-262-0148,戸田　慎三郎,戸田　慎三郎,眼,,平2. 10. 1,ika
診療所,34,0114346,十河クリニック,広島市南区的場町１丁目７－２０,082-261-0280,医療法人社団そごう会　理事長　十河　正信,十河　正信,精　心内　内,,平元. 7. 1,ika
診療所,34,0114569,野島内科医院,広島市南区東雲本町一丁目１２－３,082-282-5517,医療法人　野島内科医院　理事長　野島　達也,野島　秀樹,内　糖尿病内科　呼　循環器内科　消　脂質代謝内科　内分泌内科　老年内科　腎臓内科,,平2. 9. 1,ika
診療所,34,0114577,松本内科循環器科医院,広島市中区光南１丁目１６－２３,082-243-7585,医療法人社団　幸明会　理事長　松本　敏幸,松本　敏幸,内　循,,平元. 5. 1,ika
診療所,34,0114593,医療法人　坪井皮膚科泌尿科性病科医院,広島市中区八丁堀１１－１８,082-221-1244,医療法人　坪井皮膚科泌尿科性病科医院　理事長　坪井　賢朗,坪井　賢朗,皮　ひ　性,,平6. 7. 1,ika
診療所,34,0114643,西田眼科医院,広島市南区東本浦町１６－１０,082-282-8501,西田　時子,西田　時子,眼,,昭45. 12. 1,ika
診療所,34,0114650,高畑医院,広島市南区宇品御幸５丁目１６－１６,082-251-5355,医療法人社団　高畑医院　理事長　髙畑　修治,髙畑　修治,精　心内　循環器内科,,平18. 9. 1,ika
診療所,34,0114833,医療法人社団　上田耳鼻咽喉科,広島市東区温品６丁目３－１５,082-280-3387,医療法人社団　上田耳鼻咽喉科　理事長　上田　直之,上田　直之,耳い,,平7. 1. 1,ika
診療所,34,0114874,医療法人社団　しまもと医院,広島市南区宇品東７丁目２－２６,082-254-6300,医療法人社団　しまもと医院　理事長　島本　大,島本　大,内視鏡・消化器内科　内　リハ,,平元. 11. 1,ika
病院,34,0114940,医療法人　せのがわ　瀬野川病院,広島市安芸区中野東４丁目１１－１３,082-892-1055,医療法人　せのがわ　理事長　下原　千夏,津久江　亮大郎,精神　精神　精　心内　内　放　歯,312,昭63. 4. 1,ika
診療所,34,0115228,広島市こども療育センター附属診療所,広島市東区光町２丁目１５－５５,082-263-0683,広島市長　松井　一實,夜船　展子,精　小　整外　耳い,,昭49. 7. 1,ika
診療所,34,0115244,くろせ皮フ科,広島市中区基町６－２７,082-225-3325,医療法人くろせ皮フ科クリニック　理事長　黒瀬　浩一郎,黒瀬　浩一郎,皮,,平5. 4. 1,ika
診療所,34,0115301,小沢医院,広島市東区温品６丁目３－１３,082-289-1021,医療法人社団慈聖会　理事長　小澤　敦,小澤　敦,内　循,,平元. 7. 1,ika
診療所,34,0115319,芳谷眼科医院,広島市東区温品５丁目２－２３,082-289-3011,医療法人社団芳谷眼科医院　理事長　芳谷　伸洋,芳谷　伸洋,眼,,平2. 8. 1,ika
診療所,34,0115327,医療法人社団　大下医院,広島市南区旭１丁目１９－２５,082-255-5055,医療法人社団大下医院　理事長　大下　祐一,大下　祐一,内　呼内　循環器内科　消化器内科　糖尿病内科,,平3. 4. 1,ika
診療所,34,0115335,医療法人社団　佐々木内科クリニック,広島市南区京橋町１－２－２０１,082-263-6633,医療法人社団佐々木内科クリニック　理事長　佐々木　達,佐々木　達,内,,平元. 6. 1,ika
診療所,34,0115376,たにクリニック,広島市安芸区船越南２丁目１－１１,082-823-2220,谷　充理,谷　充理,内　他　外　放,,平18. 10. 30,ika
診療所,34,0115384,医療法人社団　泰山会　根石医院,広島市安芸区船越６丁目３－１９,082-823-2037,医療法人社団泰山会　理事長　根石　泰徳,根石　泰徳,内　呼　神内　消,,平元. 8. 1,ika
診療所,34,0115467,医療法人社団　ひろし会　だて子どもクリニック,広島市安芸区矢野東５丁目７－１３,082-888-0018,医療法人社団ひろし会　理事長　伊達　是志,伊達　是志,小,,平6. 6. 1,ika
診療所,34,0115491,医療法人社団　小野耳鼻咽喉科,広島市安芸区矢野東４－１－６,082-888-2113,医療法人社団小野耳鼻咽喉科　理事長　小野　邦彦,小野　邦彦,耳い,,平元. 6. 1,ika
診療所,34,0115582,医療法人社団　千田診療所,広島市中区千田町３丁目９－１０,082-249-0500,医療法人社団千田診療所　理事長　廣瀬　朝生,廣瀬　朝生,内,,平元. 6. 1,ika
診療所,34,0115590,医療法人社団　最上クリニック,広島市中区八丁堀６－２０,082-228-2732,医療法人社団最上クリニック　理事長　最上　和夫,最上　和夫,内　胃　循,,平2. 9. 1,ika
診療所,34,0115632,いけだ放射線科内科,広島市中区羽衣町１１－２,082-241-3058,池田　みどり,池田　みどり,放　胃　内,,平18. 4. 1,ika
診療所,34,0115707,十河医院,広島市中区上八丁堀８－１０,082-221-6138,十河　泰成,十河　泰成,内　神,,平15. 1. 1,ika
診療所,34,0115715,小武家放射線科胃腸科医院,広島市中区銀山町１１－２７,082-249-0041,医療法人小武家放射線科胃腸科医院　理事長　小武家　俊英,小武家　俊英,胃　呼内　循　放,,平2. 2. 1,ika
診療所,34,0115731,山崎医院,広島市中区大手町２丁目６－１１,082-247-1001,山崎　壽之,山崎　壽之,外　内　胃　脳外　こう　整外　漢方内科,,昭52. 3. 1,ika
診療所,34,0115749,藤田内科医院,広島市中区西白島町１３－１,082-227-2201,医療法人社団鯉城会　理事長　中島　祥子,藤田　高樹,内　呼　消胃　循,,平元. 6. 1,ika
病院,34,0115756,医療法人ワカサ会　ワカサ・リハビリ病院,広島市東区東山町１５－１,082-264-1001,医療法人　ワカサ会　理事長　若佐　直定,若佐　直定,療養　リハ　内　神内　循,155,平15. 8. 1,ika
診療所,34,0115780,溝口皮膚泌尿器科,広島市南区旭１丁目９－２３,082-255-6333,溝口　勝,溝口　勝,皮　ひ,,昭52. 8. 1,ika
診療所,34,0115806,まつだ整形外科,広島市南区比治山本町１－２０,082-263-2111,松田　道雄,松田　道雄,整外　リウ　リハ　胃,,昭60. 4. 1,ika
診療所,34,0115913,加藤内科胃腸科医院,広島市安芸区中野東３丁目３－１４,082-893-1221,加藤　晶子,加藤　晶子,一般　内　呼　消　循,,平9. 7. 7,ika
診療所,34,0116010,渡部内科医院,広島市東区牛田新町１丁目６－３６,082-223-0230,医療法人渡部内科医院　理事長　土岡　由紀子,土岡　由紀子,内　呼　消胃　循　小,,平元. 11. 1,ika
診療所,34,0116101,友和クリニック,広島市南区稲荷町５－４山田ビル２Ｆ,082-263-0850,宇土　博,宇土　博,整外　精　神内　内,,昭54. 12. 1,ika
診療所,34,0116127,国政内科医院,広島市南区宇品神田４丁目９－２２,082-255-1800,医療法人国政内科医院　理事長　国政　徹明,国政　徹明,内,,平4. 1. 1,ika
診療所,34,0116150,戸坂外科医院,広島市東区戸坂千足２丁目５－１６,082-220-0050,医療法人社団アイオワ　理事長　村上　邦康,村上　邦康,一般　療養　外　整外　胃　皮,,平2. 1. 1,ika
病院,34,0116200,山﨑病院,広島市東区上温品１丁目２４－９,082-280-1234,医療法人たかまさ会　理事長　山﨑　正志,今村　道雄,一般　療養　内　循環器内科　呼内　消化器内科　脳内　リハ　放　歯,,平2. 9. 1,ika
診療所,34,0116226,三浦内科医院,広島市中区千田町２丁目９－２１,082-241-6777,医療法人社団三浦内科医院　理事長　三浦　功博,三浦　功博,内　小,,平4. 8. 1,ika
病院,34,0116234,太田川病院,広島市東区戸坂千足１丁目２１－２５,082-220-0221,医療法人社団　輔仁会　理事長　満田　一博,田中　恒夫,一般　療養　外　脳外　整外　腎臓外科（人工透析）　大腸・肛門外科　消化器外科　内　呼内　消化器内科（内視鏡）　糖尿病内科　循環器内科　リハ　放　リウ,126,昭59. 5. 1,ika
診療所,34,0116291,絹谷産婦人科,広島市中区本通８－２３　本通ヒルズ４階,082-247-6399,医療法人　紬　理事長　絹谷　正之,絹谷　正之,産婦,,平19. 9. 1,ika
診療所,34,0116317,よしだハートクリニック,広島市中区大手町３丁目１３－８,082-246-4188,医療法人咸宜会　理事長　吉田　知己,吉田　知己,内　循,,平14. 5. 1,ika
診療所,34,0116325,医療法人社団　升島医院,広島市南区宇品神田２丁目３－１９,082-254-5066,医療法人社団升島医院　理事長　升島　朋治,升島　朋治,内　消　放,,平2. 6. 1,ika
診療所,34,0116358,森整形外科,広島市東区光町１丁目３－１６,082-264-5225,医療法人あずさ会　理事長　森　直樹,森　直樹,整外　リハ　リウ,,平5. 8. 1,ika
診療所,34,0116374,行武医院,広島市安芸区矢野西１丁目３－２,082-888-5577,医療法人　純心会　理事長　行武　純一,行武　純一,内　放　消化器内科　呼内,,平15. 10. 1,ika
診療所,34,0116432,杉本クリニック,広島市中区国泰寺町２丁目４－２,082-241-4187,医療法人社団杉本クリニック　理事長　杉本　嘉朗,杉本　一郎,耳い　アレ,,昭62. 6. 1,ika
診療所,34,0116440,木下皮膚科医院,広島市南区上東雲町３２－１３,082-285-6230,木下　三枝子,木下　三枝子,皮,,昭56. 9. 1,ika
診療所,34,0116457,西田内科医院,広島市中区竹屋町１－２９,082-241-6752,西田　修実,西田　修実,内　放,,昭56. 10. 1,ika
診療所,34,0116465,木原耳鼻咽喉科医院,広島市東区戸坂千足１丁目４－２０,082-220-3387,木原　泰幸,木原　泰幸,耳い,,平11. 2. 1,ika
診療所,34,0116473,冨原脳神経外科医院,広島市南区宇品神田２丁目１２－１６,082-255-2255,冨原　健司,冨原　健司,脳外　循　外　神内　放,,昭56. 10. 1,ika
診療所,34,0116481,高橋内科胃腸科医院,広島市東区上大須賀町１２－１１,082-263-1170,高橋　信義,高橋　信義,内　神　呼　消　循　小　皮　ひ　リハ　放,,昭56. 12. 1,ika
病院,34,0116515,医療法人恒和会　松石病院,広島市安芸区船越南３丁目２３－３,082-823-0003,医療法人恒和会　理事長　松石　賴明,松石　賴明,一般　整外　内　外　循環器内科　消化器内科　乳腺外科　肛門外科　リハ　内分泌内科　肝臓内科　麻,,平2. 6. 1,ika
診療所,34,0116606,医療法人てっせん会　あきもと皮膚科リハビリ整形外科,広島市南区的場町１丁目７－２１,082-261-4663,医療法人てっせん会　理事長　秋本　成宏,秋本　成宏,皮　整外　リハ,,平11. 7. 1,ika
診療所,34,0116614,岩崎内科医院,広島市南区南蟹屋１丁目３－３４,082-285-4570,医療法人社団岩崎内科医院　理事長　岩崎　之純,岩崎　之純,内,,平2. 1. 1,ika
診療所,34,0116622,ちゃたに脳神経すいみんクリニック,広島市中区大手町５－７－３,082-246-1811,医療法人社団　ちゃたに脳神経すいみんクリニック　理事長　茶谷　裕,茶谷　裕,内　消化器内科　脳内　精,,平元. 10. 1,ika
診療所,34,0116663,二井内内科医院,広島市南区西旭町１４－１７,082-253-2171,二井内　哲,二井内　哲,内　消胃　循　小　リハ,,昭58. 8. 1,ika
診療所,34,0116770,槇殿放射線科,広島市南区猿猴橋町６－３１,082-261-8811,槙殿　透,槙殿　透,内　放,,昭59. 5. 1,ika
診療所,34,0116788,中山整形外科医院,広島市東区中山東１丁目５－８,082-289-1030,医療法人中山整形外科医院　理事長　田中　知満,田中　知満,一般　整外　リハ　リウ,,平4. 1. 1,ika
診療所,34,0116796,医療法人社団　俊幸会　中川外科胃腸科,広島市東区東蟹屋町１１－２３,082-262-2231,医療法人社団俊幸会　理事長　中川　健二,中川　健二,一般　胃　外　整外　こう　リハ,,平2. 9. 1,ika
診療所,34,0116937,医療法人社団　井原クリニック,広島市中区基町６－２７,082-225-3360,医療法人社団井原クリニック　理事長　井原　俊彦,井原　俊彦,産婦,,平2. 8. 1,ika
診療所,34,0116960,医療法人社団　ひらた眼科,広島市南区宇品御幸２－１６－５,082-253-2333,医療法人社団　ひらた眼科　理事長　平田　壽雄,平田　壽雄,眼,,平元. 12. 1,ika
診療所,34,0116978,医療法人社団　原田クリニック,広島市中区三川町２－８,082-247-8522,医療法人社団　原田クリニック　理事長　原田　廉,原田　廉,脳外　神内　内　リハ,,平7. 2. 1,ika
診療所,34,0117000,医療法人　とまと会　津丸内科医院,広島市安芸区矢野西４丁目１－１７,082-888-4561,医療法人　とまと会　津丸内科医院　理事長　津丸　周三,津丸　周三,内　胃　循　小,,平16. 8. 1,ika
診療所,34,0117018,西山整形外科・胃腸科,広島市安佐北区白木町大字秋山２３２５－１,082-828-1223,医療法人　晴生会　理事長　西山　賢治,西山　賢治,内　整外　胃　リウ　リハ,,平4. 9. 1,ika
診療所,34,0117133,木下循環器・内科,広島市南区東雲本町２丁目７－１０,082-281-1006,医療法人　木下循環器・内科　理事長　木下　禎彦,木下　禎彦,循　内,,平17. 9. 1,ika
病院,34,0117174,広島シーサイド病院,広島市南区元宇品町２６－２０,082-255-1010,医療法人　和同会　理事長　髙橋　幹治,多田　恵一,療養　内　脳内　リハ　放,183,昭62. 1. 1,ika
診療所,34,0117182,みゆき橋内科医院,広島市中区東千田町２－１２－２０,082-242-8188,平本　光英,平本　光英,内,,昭62. 2. 1,ika
診療所,34,0117216,井上眼科医院,広島市東区牛田本町２丁目３－１,082-211-2588,医療法人　暁会　理事長　井上　暁二,井上　暁二,眼,,平13. 10. 1,ika
診療所,34,0117257,医療法人豊生会　むろもとクリニック,広島市中区大手町１丁目１－２０相生橋ビル５Ｆ,080-4261-1051,医療法人豊生会　理事長　中津井　俊之,中津井　俊之,内,,平元. 11. 1,ika
診療所,34,0117265,松本医院,広島市中区東平塚町９－９,082-241-0435,松本　治夫,松本　治夫,外　リハ　内,,平8. 5. 1,ika
診療所,34,0117299,土井内科神経内科クリニック,広島市中区紙屋町１－１－１７広島ＭＩＤビル１階,082-242-7878,医療法人社団　土井クリニック　理事長　土井　光,土井　光,内　神内,,平15. 8. 1,ika
診療所,34,0117323,シラネ外科・胃腸科,広島市安芸区中野東１丁目２１－２９,082-892-1500,医療法人社団　白寿会　理事長　白根　憲幸,白根　憲幸,一般　療養　外　内　胃　整外　こう　リハ,,平12. 10. 1,ika
診療所,34,0117349,医療法人社団　みのりの会　田島医院,広島市南区宇品東１－４－１９,082-252-0031,医療法人社団　みのりの会　理事長　田島　加奈子,田島　加奈子,内　糖尿病内科　代謝内科　内分泌内科,,平8. 10. 1,ika
診療所,34,0117380,国家公務員共済組合連合会　広島合同庁舎診療所,広島市中区上八丁堀６－３０　３号館,082-221-9411,国家公務員共済組合連合会　理事長　松元　崇,山田　朗,内,,昭63. 9. 1,ika
診療所,34,0117398,さかたに小児科,広島市南区宇品神田５－２６－１７,082-251-0007,坂谷　達一郎,坂谷　達一郎,小　内,,昭63. 4. 1,ika
診療所,34,0117414,はやかわ小児クリニック,広島市中区袋町６－４６,082-247-1890,早川　武敏,早川　武敏,小　内　精,,昭63. 5. 1,ika
診療所,34,0117430,いいだ眼科,広島市安芸区船越３丁目１０－６,082-822-1146,医療法人社団　誰故会　理事長　飯田　貴士,飯田　貴士,眼,,平6. 7. 1,ika
診療所,34,0117448,功野皮膚科医院,広島市東区戸坂山根１－２－８,082-229-5525,功野　泰三,功野　泰三,皮,,昭63. 6. 1,ika
診療所,34,0117547,平賀内科クリニック,広島市南区皆実町６丁目１４－４,082-253-1569,平賀　正文,平賀　正文,内,,平14. 5. 1,ika
診療所,34,0117554,医療法人松本クリニック,広島市南区猿猴橋町２－１１,082-264-7711,医療法人　松本クリニック　理事長　松本　幸嗣,松本　幸嗣,産婦,,平11. 4. 1,ika
診療所,34,0117588,石田診療所,広島市南区的場町１丁目８－１９,082-262-0500,医療法人社団　孝和会　石田診療所　理事長　石田　孝,石田　孝,内　呼　消胃　外　整外　呼外　皮　気食　リハ　放,,平12. 10. 1,ika
病院,34,0117612,広島厚生病院,広島市南区仁保新町１－５－１３,082-286-6111,医療法人社団　広島厚生会　理事長　米川　智,米川　智,一般　一般　一般　内　循環器内科　精　脳内　消化器内科　消化器外科　乳腺外科　整外　ひ　放　リハ　外　皮　歯　心内　麻　呼内　糖尿病内科,,平12. 1. 1,ika
診療所,34,0117638,唐川消化器・内科医院,広島市南区東霞町７－５,082-287-7755,唐川　卓治,唐川　卓治,内　呼　循　消　リハ　アレ　糖尿病内科,,平2. 2. 1,ika
診療所,34,0117679,おの眼科,広島市安芸区矢野西４－１－２１,082-889-0011,医療法人　光恵会　理事長　小野　秀幸,小野　秀幸,眼,,平2. 12. 1,ika
診療所,34,0117687,吉田内科・循環器科,広島市中区胡町４－２８,082-248-1100,吉田　修,吉田　修,循　内　放,,平2. 4. 1,ika
診療所,34,0117703,医療法人いずみ会　藤井循環器内科,広島市南区宇品神田２－１４－２４,082-252-0133,医療法人　いずみ会　理事長　藤井　雄一,藤井　雄一,内　循環器内科　消化器内科　呼内　放,,平8. 4. 1,ika
診療所,34,0117711,医療法人社団　竹内クリニック,広島市南区出汐２丁目３－２８,082-253-8080,医療法人社団　竹内クリニック　理事長　竹内　仁志,竹内　仁志,胃　内　外,,平12. 5. 1,ika
診療所,34,0117760,医療法人　神経内科　山中クリニック,広島市南区比治山本町１６－３５,082-251-1233,医療法人　神経内科　山中クリニック　理事長　山中　祐介,山中　祐介,精　神,,平6. 7. 1,ika
診療所,34,0117794,医療法人社団　わだ内科医院,広島市中区大手町５丁目７－１１,082-240-8000,医療法人社団　わだ内科医院　理事長　和田　浩治,和田　浩治,内　循　呼　消　放　リハ,,平15. 10. 1,ika
診療所,34,0117802,河野産婦人科クリニック,広島市中区紙屋町２－２－２５,082-242-1505,医療法人　河野産婦人科クリニック　理事長　河野　美代子,河野　美代子,産婦　内,,平7. 12. 1,ika
診療所,34,0117828,医療法人社団　山岡産婦人科,広島市中区羽衣町１６－４３,082-240-1103,医療法人社団　山岡産婦人科　理事長　山岡　哲,山岡　哲,産　婦,,平13. 4. 1,ika
診療所,34,0117885,健康倶楽部　健診クリニック,広島市中区大手町３丁目７－５,082-244-8700,医療法人　健康倶楽部　理事長　伊藤　正樹,伊藤　正樹,内　消化器内科　循環器内科　呼内　眼　耳い　婦,,平9. 10. 1,ika
診療所,34,0117893,医療法人ケーエスワイ　立町クリニック,広島市中区立町２－２,082-247-6767,医療法人ケーエスワイ　立町クリニック　理事長　岡田　正範,岡田　正範,内　心内　精,,平19. 10. 1,ika
診療所,34,0117919,医療法人社団　たねもり内科クリニック,広島市南区上東雲町２６－１７,082-284-1949,医療法人社団　たねもり内科クリニック　理事長　胤森　博之,胤森　博之,内　呼　消　リハ　放,,平10. 4. 1,ika
診療所,34,0117927,耳鼻咽喉科セラクリニック,広島市安芸区船越南３丁目２７－２３,082-822-2400,医療法人社団　聡志会　理事長　世良　公志,世良　公志,耳い,,平15. 8. 1,ika
診療所,34,0117935,医療法人社団　竹中クリニック,広島市安芸区矢野西４丁目１－２１,082-889-1001,医療法人社団　竹中クリニック　理事長　竹中　正治,竹中　正治,外　胃腸内科　内　肛門外科　リハ　放,,平14. 5. 1,ika
診療所,34,0117943,宮本形成外科,広島市南区段原南２丁目３－２２,082-264-8800,医療法人　宮本形成外科　理事長　宮本　博子,宮本　博子,一般　形外　美外　麻,,平17. 4. 1,ika
診療所,34,0117984,医療法人　沖胃腸科クリニック,広島市中区上八丁堀８－２６,082-223-0303,医療法人　沖胃腸科クリニック　理事長　沖　眞,沖　眞,消,,平7. 1. 1,ika
診療所,34,0118016,医療法人　秋本外科クリニック,広島市南区東本浦町５－２２,082-288-4114,医療法人　秋本外科クリニック　理事長　秋本　尚孝,秋本　修志,外　胃　整外　リハ,,平9. 9. 1,ika
診療所,34,0118032,幸田内科医院,広島市南区向洋新町２丁目１－５,082-288-4832,幸田　清文,幸田　清文,内　麻,,平3. 9. 1,ika
診療所,34,0118057,医療法人　似島診療所,広島市南区似島町字家下７５２－７４,082-259-2515,医療法人　似島診療所　理事長　石光　秀年,石光　秀年,内　形外　歯,,平11. 9. 1,ika
診療所,34,0118065,松野内科医院,広島市中区幟町５－２１,082-221-1337,松野　堅,松野　堅,内　呼　胃　循,,平10. 1. 1,ika
診療所,34,0118081,医療法人社団　保志会　福永循環器・内科,広島市南区段原南２－３－２３,082-264-8486,医療法人社団　保志会　理事長　小川　匡彦,中間　泰晴,循　内,,平11. 4. 1,ika
診療所,34,0118107,外科胃腸科　いとう医院,広島市東区牛田中１丁目１１－１２,082-227-0900,伊藤　利夫,伊藤　利夫,外　胃　整外　こう,,平4. 2. 1,ika
診療所,34,0118115,花田内科,広島市南区松川町３－２８,082-262-0065,花田　尚,花田　尚,内　小,,平4. 4. 1,ika
診療所,34,0118123,医療法人社団　沼田皮膚科クリニック,広島市中区幟町１３－４,082-227-4412,医療法人社団　沼田皮膚科クリニック　理事長　沼田　恒実,沼田　恒実,皮　アレ,,平13. 11. 1,ika
診療所,34,0118172,谷本クリニック,広島市東区尾長東２丁目５－４,082-262-0007,医療法人社団　ひろまさ会　理事長　谷本　雅伯,谷本　雅伯,一般　内　小　外　整外,,平11. 4. 1,ika
診療所,34,0118180,京口門クリニック,広島市中区八丁堀１２－１０,082-227-5252,医療法人社団　京口門クリニック　理事長　田原　一優,田原　一優,心内　神　精,,平18. 7. 1,ika
診療所,34,0118198,かわごえ循環器内科,広島市中区上幟町３－１１,082-222-7776,医療法人　えんじゅ会　理事長　河越　卓司,河越　卓司,循環器内科　内　心臓内科,,平9. 1. 1,ika
診療所,34,0118206,耳鼻咽喉科佐藤クリニック,広島市東区牛田早稲田１－３－２６,082-211-1433,医療法人　優喜会　理事長　佐藤　修治,佐藤　修治,耳い　気食　アレ,,平8. 5. 1,ika
診療所,34,0118222,公益財団法人広島県地域保健医療推進機構　ＨｉＴＳ健診プラザ,広島市南区皆実町１－６－２９,082-254-7111,公益財団法人広島県地域保健医療推進機構　会長　松浦　雄一郎,水沼　和之,内　呼　放　婦,,平4. 8. 1,ika
診療所,34,0118230,はたのリハビリ整形外科,広島市安芸区中野５丁目１３－３０,082-893-3636,医療法人社団　長寿会　理事長　畑野　榮治,中村　精吾,一般　整外　内　リハ,,平7. 2. 1,ika
診療所,34,0118255,吉岡整形外科,広島市南区皆実町４丁目１８－１４,082-250-2200,医療法人社団　吉岡整形外科　理事長　吉岡　薫,吉岡　薫,整外　リハ,,平11. 10. 1,ika
診療所,34,0118289,大瀬戸リハビリ整形外科,広島市南区宇品御幸１丁目１７－１,082-256-5000,医療法人　翠幸会　理事長　大瀬戸　政司,大瀬戸　政司,一般　整外　リハ　内,,平12. 10. 1,ika
診療所,34,0118305,医療法人社団　小田クリニック,広島市中区鉄砲町６－１１,082-223-2353,医療法人社団　小田クリニック　理事長　小田　尊之,小田　尊之,精　神　内　心内,,平9. 1. 1,ika
診療所,34,0118321,広島市精神保健福祉センター,広島市中区富士見町１１－２７,082-245-7745,広島市長　松井　一實,朝枝　清子,精,,平5. 7. 1,ika
診療所,34,0118347,スサワ循環器科・内科,広島市中区基町１－２０オプリビル２Ｆ,082-223-0033,須澤　俊,須澤　俊,循　内　アレ,,平5. 10. 1,ika
診療所,34,0118370,医療法人社団　稲垣胃腸科外科クリニック,広島市南区段原南２丁目３－１６,082-261-9220,医療法人社団　稲垣胃腸科外科クリニック　理事長　稲垣　和郎,稲垣　和郎,消化器内科　内　腎臓内科　外　放,,平9. 9. 1,ika
診療所,34,0118396,広島中央健診所,広島市中区八丁堀１０－１０,082-221-9281,医療法人社団　朋仁会　理事長　岡本　賢,岡本　賢,内　呼内　循環器内科　消化器内科　脳外　婦　放　乳腺外科,,平7. 8. 1,ika
診療所,34,0118412,ねじはし小児科,広島市東区牛田旭１丁目１３－１８,082-222-5053,医療法人社団　ねじはし小児科　理事長　捻橋　紀久,捻橋　紀久,小,,平15. 2. 1,ika
診療所,34,0118438,佐々木内科胃腸科,広島市南区東本浦町４－５,082-281-1027,佐々木　晴敏,佐々木　晴敏,内　胃　消胃,,平6. 4. 1,ika
診療所,34,0118446,袋町クリニック,広島市中区袋町４－１４ヤマガタローズビル２Ｆ,082-541-5191,藤田　康信,藤田　康信,内　精　神　神内　リハ　心内,,平6. 4. 1,ika
診療所,34,0118479,清川神経科内科クリニック,広島市中区八丁堀４－１５アーバンビュー八丁堀３Ｆ,082-227-5111,清川　育男,清川　育男,精　内　神　神内　リハ,,平6. 4. 1,ika
診療所,34,0118487,啓愛クリニック,広島市南区段原１－３－１１啓愛プラザビル２Ｆ,082-262-8077,柿　音高,柿　音高,耳い　アレ　内,,平9. 6. 1,ika
診療所,34,0118560,医療法人社団　青野整形外科,広島市中区八丁堀１１－１９,082-224-0002,医療法人　社団　青野整形外科　理事長　青野　健三,青野　健三,整外,,平17. 4. 1,ika
診療所,34,0118628,山本内科クリニック,広島市中区八丁堀１１－１８坪井ビル３Ｆ,082-224-2688,山本　正美,山本　正美,内　消　循　リハ,,平6. 12. 1,ika
診療所,34,0118636,森石内科医院,広島市安芸区中野東１丁目１１－３１,082-893-0020,森石　真吾,森石　真吾,内　胃　循　放,,平7. 1. 1,ika
診療所,34,0118701,清水内科・消化器科,広島市中区富士見町１２－１７,082-542-5122,清水　哲,清水　哲,内　消　循,,平7. 4. 1,ika
診療所,34,0118719,寛田クリニック,広島市南区稲荷町３－２０,082-261-7030,医療法人社団　飛翔会　理事長　寛田　司,寛田　司,整外　リウ　リハ　内,,平14. 4. 1,ika
診療所,34,0118743,うすい皮フ科クリニック,広島市南区段原南２－３－２４,082-264-7755,碓井　美智子,碓井　美智子,皮,,平7. 7. 1,ika
診療所,34,0118768,こうレディスクリニック,広島市中区富士見町１２－１７,082-542-0770,古宇　伝昌,古宇　伝昌,一般　産婦　内　婦,,平7. 8. 1,ika
診療所,34,0118834,武市クリニック,広島市南区西荒神町１－３３,082-262-0566,武市　宣雄,武市　宣雄,内　外　耳い　精神神経科,,平7. 11. 1,ika
診療所,34,0118867,おかはた小児科クリニック,広島市南区段原南１丁目１－２２,082-506-3223,医療法人社団　幸伸会　理事長　岡畠　進,岡畠　進,小　循　アレ,,平11. 5. 1,ika
診療所,34,0118875,うさがわクリニック,広島市中区幟町１４－１６第２宇佐川ビル２Ｆ,082-224-0388,宇佐川　智久,宇佐川　智久,内　放,,平14. 4. 1,ika
診療所,34,0118883,吉本脳神経外科内科医院,広島市東区牛田中１－６－１２,082-227-9955,吉本　尚規,吉本　尚規,脳外　神内　内　リハ,,平8. 4. 1,ika
診療所,34,0118917,産婦人科内科　小松クリニック,広島市中区鉄砲町１０－１８,082-227-3777,医療法人　産婦人科内科　小松クリニック　理事長　小松　正伸,小松　正伸,産婦　内,,平13. 4. 1,ika
診療所,34,0118941,本クリニック,広島市安芸区矢野南３丁目１－２,082-888-5077,医療法人　つばさ　理事長　本　浄子,本　雅之,内　外　消　胃　こう　リハ,,平16. 10. 1,ika
診療所,34,0118958,小田耳鼻咽喉科,広島市中区白島中町１－１７,082-222-3733,小田　一成,小田　一成,耳　い,,平8. 6. 1,ika
診療所,34,0118974,あと・クリニック,広島市安芸区阿戸町４８５－１,082-856-0612,社会福祉法人　あと会　理事長　横山　吉宏,徳島　雄二,内　外　リハ　胃,,平8. 7. 1,ika
診療所,34,0118990,医療法人社団　ばんぶ会　たけもとクリニック,広島市中区鶴見町１４－６,082-541-0202,医療法人社団　ばんぶ会　理事長　竹本　元義,竹本　元義,内　小　消　呼　アレ　整外　リハ　リウ,,平11. 9. 1,ika
診療所,34,0121002,くすのき眼科,広島市安芸区中野東１－１１－３１,082-893-0300,楠　茂雄,楠　茂雄,眼,,平8. 9. 1,ika
診療所,34,0121010,医療法人おかもと整形外科クリニック,広島市東区温品７－５－２６,082-280-1123,医療法人　おかもと整形外科クリニック　理事長　岡本　健,岡本　健,整外　リハ　リウ,,平11. 4. 1,ika
診療所,34,0121028,医療法人社団　しみずクリニック,広島市安佐北区白木町小越１９３,082-828-3030,医療法人社団　しみずクリニック　理事長　清水　明,清水　明,内　胃　循　外　リハ,,平10. 4. 1,ika
診療所,34,0121036,医療法人社団松原クリニック　まつばらクリニック,広島市東区温品７－１１－３５,082-289-3223,医療法人社団松原クリニック　理事長　松原　進,松原　進,外　胃　整外　リハ　麻,,平10. 4. 1,ika
診療所,34,0121101,わかさ整形外科,広島市安芸区船越１丁目５０－１８,082-820-0222,医療法人社団　雅会　わかさ整形外科　理事長　若狭　雅彦,若狭　雅彦,整外　リハ　リウ,,平10. 10. 1,ika
診療所,34,0121119,もみじクリニック,広島市中区白島北町１７－２,082-502-8100,山本　理哉,山本　理哉,内　循　ひ　リハ,,平9. 5. 1,ika
診療所,34,0121135,くしだ耳鼻咽喉科,広島市安芸区中野３－９－６,082-892-3387,串田　伸一,串田　伸一,耳い,,平9. 6. 1,ika
診療所,34,0121143,中山内科医院,広島市安芸区中野３－９－６,082-892-3118,中山　茂,中山　茂,内　呼　消　循,,平9. 6. 1,ika
診療所,34,0121150,東部健診センター,広島市安芸区船越南３丁目２４－２７,082-823-3333,医療法人　恒和会　理事長　松石　頼明,堀川　陽子,内,,平9. 7. 1,ika
診療所,34,0121184,医療法人社団　たけなお会　たにぐち小児クリニック,広島市東区中山東２丁目２－９,082-508-4115,医療法人社団　たけなお会　理事長　谷口　裕,谷口　裕,小　アレ,,平14. 4. 1,ika
診療所,34,0121200,木山産婦人科クリニック,広島市中区袋町４－３滝口ビル３Ｆ,082-544-3155,木山　智之,木山　智之,産婦,,平9. 9. 1,ika
診療所,34,0121218,ふじわら医院,広島市南区段原１丁目３－１１啓愛プラザビル３Ｆ,082-567-0022,藤原　英祐,藤原　英祐,内　心内　ひ,,平9. 10. 1,ika
診療所,34,0121234,青山クリニック,広島市東区曙１丁目４－３０,082-261-3777,青山　秀行,青山　秀行,神内　脳外　リハ,,平9. 11. 1,ika
診療所,34,0121259,医療法人社団　池田整形外科,広島市南区仁保新町２丁目４－５,082-288-3350,医療法人　社団　池田整形外科　理事長　池田　俊彦,池田　俊彦,整外　リウ　リハ,,平16. 10. 1,ika
診療所,34,0121267,さなだ内科クリニック,広島市安芸区瀬野２丁目１２－１１,082-820-3001,医療法人せせらぎ会　理事長　眞田　栄治,眞田　栄治,内　消化器内科　呼内　循環器内科　糖尿病内科　リハ,,平12. 5. 1,ika
診療所,34,0121283,バスセンター佐々木内科,広島市中区基町６－２７広島センタービル８Ｆ,082-225-3111,佐々木　博,佐々木　博,内,,平10. 4. 1,ika
診療所,34,0121291,おか内科循環器科,広島市東区光町２－４－６,082-506-3220,岡　裕三,岡　裕三,内　循,,平10. 4. 1,ika
診療所,34,0121309,松野クリニック,広島市東区中山東２－２－３３,082-508-4488,松野　清,松野　清,胃　こう　外　内　循　呼,,平10. 4. 1,ika
診療所,34,0121317,松浦内科医院,広島市南区翠３－１８－６,082-505-5050,松浦　千文,松浦　千文,内　放　呼　消　循　小,,平10. 4. 1,ika
診療所,34,0121333,リバーサイド内科クリニック,広島市東区牛田南１－７－８,082-212-3505,山下　郡司,山下　郡司,内　消　胃　放　アレ,,平10. 4. 1,ika
診療所,34,0121341,医療法人社団　一陽会　イーストクリニック,広島市南区段原南１－３－５３広島イーストビル６Ｆ,082-506-0123,医療法人社団　一陽会　理事長　西澤　欣子,加藤　曜子,内　腎臓内科（人工透析）　糖尿病内科,,平20. 6. 9,ika
診療所,34,0121358,心石形成外科,広島市中区基町６－２７広島バスセンター９階,082-225-3331,医療法人　優心会　理事長　心石　隆史,心石　隆史,形外,,平12. 10. 1,ika
診療所,34,0121366,医療法人社団たくみ会　きむらクリニック,広島市安芸区船越南２丁目１７－１,082-820-0522,医療法人社団　たくみ会　きむらクリニック　理事長　木村　英明,木村　英明,内　胃　放　リハ,,平13. 10. 1,ika
診療所,34,0121374,やすらぎクリニック,広島市中区袋町３－１１味噌会館２Ｆ,082-243-8855,高田　進,高田　進,内　神内　精　リウ,,平10. 6. 1,ika
診療所,34,0121382,貞岡耳鼻咽喉科クリニック,広島市中区基町６－２７バスセンタービル８階,082-225-3387,貞岡　達也,貞岡　達也,耳い,,平10. 6. 1,ika
診療所,34,0121390,さくま眼科,広島市南区段原１丁目３－１１啓愛プラザビル４Ｆ,082-567-2255,佐久間　修,佐久間　修,眼,,平10. 7. 1,ika
診療所,34,0121416,中西医院,広島市南区段原４丁目１９－９,082-567-0820,中西　幸造,中西　幸造,外　胃　肛門外科,,平10. 9. 1,ika
診療所,34,0121465,大木クリニック,広島市安芸区船越３丁目１４－４１,082-823-2236,大木　正美,大木　正美,内　胃　循　呼,,平10. 10. 1,ika
診療所,34,0121473,平和診療所,広島市中区加古町６－１,082-248-8828,医療法人社団　桃李会　理事長　林　香津子,髙橋　宏幸,耳い　内,,平10. 11. 1,ika
診療所,34,0121531,村尾皮ふ科クリニック,広島市安芸区中野３丁目９－６,082-892-4112,村尾　靖子,村尾　靖子,皮,,平11. 5. 1,ika
診療所,34,0121606,多田耳鼻咽喉科クリニック,広島市南区東雲本町２丁目１３－３０,082-890-3833,多田　渉,多田　渉,耳い,,平11. 12. 1,ika
診療所,34,0121614,なごみクリニック,広島市中区竹屋町６－３,082-242-0753,医療法人社団　恵宣会　理事長　山田　均,新郷　雄一,精　神　心内　リハ　内,,平12. 1. 1,ika
診療所,34,0121622,医療法人社団聖愛会　ぎおん牛田病院附属　牛田クリニック,広島市東区牛田本町１丁目５－１４,082-223-3020,医療法人社団　聖愛会　理事長　島筒　和史,島筒　礼子,内　外　胃　呼　循　整外　リハ　美容皮膚科,,平12. 3. 1,ika
診療所,34,0121648,こうの脳神経外科クリニック,広島市中区西白島町１６－１７,082-502-0036,医療法人　広翔会　理事長　河野　宏明,河野　宏明,脳外　心内　神内　精　内　放　リハ,,平18. 5. 1,ika
診療所,34,0121663,医療法人社団恵正会　三田クリニック,広島市安佐北区白木町大字三田字栗原７００５－１,082-829-0013,医療法人社団　恵正会　理事長　二宮　正則,片野　高広,内　循環器内科,,平16. 12. 1,ika
診療所,34,0121697,医療法人　あいクリニック,広島市安芸区船越南２丁目１８－１９,082-822-0080,医療法人あいクリニック　理事長　魚谷　啓,魚谷　啓,外　内　呼　消　こう　リハ,,平19. 5. 1,ika
診療所,34,0121705,浜村耳鼻咽喉科,広島市東区曙１－８－９,082-568-7101,濱村　宣宏,濱村　宣宏,耳い,,平12. 10. 1,ika
診療所,34,0121754,吉本クリニック,広島市安芸区船越南２－１７－１,082-821-1700,吉本　晃宏,吉本　晃宏,アレ　皮　外,,平13. 4. 1,ika
診療所,34,0121770,医療法人あかね会　中島土谷クリニック,広島市中区中島町６－１,082-542-7271,医療法人あかね会　理事長　土谷　治子,森石　みさき,内　外　婦　放　脳内　整外,,平13. 7. 1,ika
診療所,34,0121788,医療法人社団あいあい会　石岡内科クリニック,広島市中区紙屋町２丁目２－６,082-240-7755,医療法人社団　あいあい会　石岡内科クリニック　理事長　石岡　伸一,石岡　伸一,内　アレ　リウ　呼,,平16. 5. 1,ika
診療所,34,0121796,岡山形成外科,広島市中区八丁堀１１－１８,082-511-2211,岡山　直靖,岡山　直靖,形外,,平13. 9. 1,ika
診療所,34,0121804,出口内科クリニック,広島市南区金屋町８－７,082-262-1866,出口　智子,出口　智子,内　胃　放,,平13. 10. 1,ika
病院,34,0121838,広島市医師会運営・安芸市民病院,広島市安芸区畑賀２丁目１４－１,082-827-0121,広島市長　松井　一實,末田　泰二郎,一般　療養　内　呼　循　外　リハ　小,,平13. 12. 1,ika
診療所,34,0121846,金沢内科・循環器科,広島市安芸区矢野西４丁目１０－１８　２Ｆ,082-889-5501,金澤　郁夫,金澤　郁夫,内　循　リハ,,平14. 1. 1,ika
診療所,34,0121887,医療法人　ひよこ小児科内科,広島市東区戸坂千足１丁目２２番６－１１,082-516-0015,医療法人　ひよこ小児科内科　理事長　稲田　准三,稲田　准三,小　内　アレ,,平16. 9. 1,ika
診療所,34,0121895,あずまクリニック内科・放射線科,広島市南区段原１丁目８－１,082-261-5500,医療法人　健康の風　理事長　東　優理子,石ヶ坪　愛由美,放　内,,平17. 4. 1,ika
診療所,34,0121911,山中眼科医院,広島市東区戸坂千足１丁目１－２１吉興ビル２Ｆ,082-229-8088,山中　平吉,山中　平吉,眼,,平14. 5. 1,ika
診療所,34,0121929,小田内科クリニック,広島市東区曙５丁目３－２６,082-568-0700,医療法人　小田内科クリニック　理事長　小田　弘明,小田　弘明,内　呼　循　消　小,,平17. 4. 1,ika
診療所,34,0121960,ひふみクリニック,広島市中区西白島町１８－２６,082-511-3800,樋口　富美,樋口　富美,内,,平18. 12. 1,ika
診療所,34,0122000,森眼科,広島市中区紙屋町２丁目２－１５,082-245-1558,医療法人慈光会　理事長　森　靖弘,森　靖弘,眼,,平16. 10. 1,ika
診療所,34,0122018,あきクリニック,広島市安芸区船越南３丁目７－１２,082-822-0753,医療法人社団　恵宣会　理事長　山田　均,原　崇,心内　神　内　精　リハ,,平15. 1. 1,ika
診療所,34,0122026,医療法人社団ＨＡＲＧ　広島アレルギー呼吸器クリニック,広島市東区光町１丁目９－２８　６階,082-568-1167,医療法人社団ＨＡＲＧ広島アレルギー呼吸器クリニック　理事長　保澤　総一郎,寺田　満和,内　アレ　呼,,平17. 10. 1,ika
診療所,34,0122034,さち皮ふ科クリニック,広島市中区大手町５丁目２－２２山陽ビル２号館１０１,082-544-0030,隅田　さちえ,隅田　さちえ,皮,,平15. 4. 1,ika
診療所,34,0122042,くまもと内科胃腸科,広島市中区大手町１丁目５－２マリーベルビル４Ｆ,082-544-0606,熊本　隆,熊本　隆,内　胃　消　循　放,,平15. 4. 1,ika
診療所,34,0122067,ふくだクリニック,広島市東区福田５丁目１１７５－１,082-883-0600,医療法人ふくだクリニック　理事長　上手　康嗣,上手　康嗣,脳外　外　内,,平17. 10. 1,ika
診療所,34,0122075,医療法人竹生会　いくたに内科クリニック,広島市東区戸坂山根１丁目２４－２３,082-516-0070,医療法人竹生会　理事長　生谷　明子,生谷　明子,内　循,,平20. 10. 1,ika
診療所,34,0122109,医療法人凜りしき手　真田整形外科リハビリ科,広島市南区翠１丁目２－２６,082-256-0077,医療法人　凜りしき手　真田整形外科リハビリ科　理事長　眞田　諭,眞田　諭,一般　整外　リハ　リウ　内,,平17. 4. 1,ika
診療所,34,0122117,かいせいクリニック,広島市中区鉄砲町５－７広島偕成ビル７階,082-224-1111,医療法人かいせいクリニック　理事長　海生　英二郎,海生　英二郎,内　胃,,平19. 5. 1,ika
診療所,34,0122133,医療法人　こころ　本通くらもと心療内科,広島市中区本通３－１０本通サザンビル３０１号,082-247-7373,医療法人　こころ　理事長　倉本　恭成,倉本　恭成,心内　アレ　内　神内　精,,平19. 4. 1,ika
診療所,34,0122141,なかむら神経内科・メンタルクリニック,広島市中区基町１２－３－４０１,082-221-3332,中村　靖,中村　靖,神内　心内　精　内,,平15. 10. 1,ika
診療所,34,0122158,いいだこどもクリニック,広島市南区皆実町４丁目２２－８,082-250-1115,飯田　典久,飯田　典久,小　内,,平15. 10. 1,ika
診療所,34,0122182,八丁堀眼科医院,広島市中区鉄砲町９－１０　湯浅ビル３Ｆ,082-224-3030,前谷　悟,前谷　悟,眼,,平19. 2. 22,ika
診療所,34,0122232,岸眼科,広島市南区翠２丁目２５－１１,082-250-5542,岸　浩子,岸　浩子,眼,,平16. 5. 1,ika
診療所,34,0122273,京橋心療クリニック,広島市南区京橋町１－２,082-262-3000,医療法人　三永会　理事長　岩本　泰行,米澤　治文,心内　精,,平16. 6. 1,ika
診療所,34,0122281,槇殿放射線科本院,広島市南区猿猴橋町６－３０,082-263-4392,槇殿　玲子,槇殿　玲子,放　内,,平16. 6. 1,ika
診療所,34,0122307,ひがき眼科,広島市東区牛田本町４丁目２－１４,082-502-2115,檜垣　文雄,檜垣　文雄,眼,,平16. 10. 1,ika
診療所,34,0122315,田中整形外科クリニック,広島市中区西白島町２０－１５メディカルプラザ西白島２Ｆ,082-511-7771,田中　信,田中　信,整外　リハ,,平16. 10. 1,ika
診療所,34,0122349,藤堂眼科医院,広島市中区銀山町１－６,082-241-4594,藤堂　浩敏,藤堂　浩敏,眼,,平18. 11. 1,ika
診療所,34,0122372,古谷皮ふ科クリニック,広島市南区翠３丁目６－４翠町メディカルビル３階,082-254-3357,医療法人古谷皮ふ科クリニック　理事長　古谷　喜義,古谷　喜義,皮　アレ,,平19. 5. 1,ika
診療所,34,0122398,いわもとメンタルクリニック,広島市中区胡町４－２４　クリタビル２Ｆ,082-246-1904,岩本　裕子,岩本　裕子,心内　精　神,,平17. 11. 1,ika
診療所,34,0122406,山下内科・消化器科クリニック,広島市東区戸坂出江１丁目１－１０,082-516-0150,山下　喜史,山下　喜史,内　消,,平17. 11. 1,ika
診療所,34,0122455,医療法人社団あかしあ会　あかしあクリニック戸坂,広島市東区戸坂山根３－１１－１６自宅：広島市中区上八丁堀３－２８－４０２号,082-229-5315,医療法人社団あかしあ会　理事長　長場　美由紀,長場　美由紀,内　皮　精　リハ　心内,,平18. 3. 1,ika
診療所,34,0122463,さくらクリニック,広島市東区戸坂千足二丁目１０番１０号,082-220-2955,久米　朋美,久米　朋美,内,,平20. 10. 30,ika
診療所,34,0122471,高山内科クリニック,広島市中区吉島東１丁目２３番１０－５,082-545-5858,高山　定松,高山　定松,内,,平18. 4. 1,ika
診療所,34,0122489,みなもと眼科,広島市南区東本浦町１７－１２－１０１,082-881-3600,皆本　敦,皆本　敦,眼,,平18. 5. 1,ika
診療所,34,0122497,山本整形外科クリニック,広島市南区青崎２丁目４－２０,082-282-6161,医療法人　健真会　理事長　山本　健之,山本　健之,一般　整外　リハ　リウ,,平18. 5. 1,ika
診療所,34,0122505,中谷整形外科,広島市東区愛宕町９－１７,082-261-0312,中谷　徳雄,中谷　徳雄,整外　リハ,,平18. 6. 1,ika
診療所,34,0122539,高橋泌尿器科・皮ふ科クリニック,広島市東区温品７丁目１０－１１－１８,082-298-0511,髙橋　宏明,髙橋　宏明,ひ　皮　アレ　性,,平18. 9. 1,ika
診療所,34,0122562,小椿クリニック,広島市安佐北区白木町三田下小椿４２７５－１,082-810-6700,加藤　芳朗,加藤　芳朗,内　循　消　呼　放,,平18. 10. 1,ika
診療所,34,0122620,佐々木メンタルクリニック,広島市中区本通７－２９　アイビービル７Ｆ,082-249-5505,佐々木　高伸,佐々木　高伸,精　心内,,平19. 4. 3,ika
診療所,34,0122653,医療法人　双貴会　ひまわりクリニック,広島市中区小町３番３１－３０１号,082-546-0122,医療法人　双貴会　理事長　内海　公子,内海　公子,内,,平19. 6. 1,ika
診療所,34,0122703,愛和会広島クリニック,広島市中区住吉町５－７,082-546-1010,医療法人財団愛和会　理事長　立川　豊吏,津谷　隆史,内　リハ,,平19. 6. 1,ika
診療所,34,0122729,いぐち腎泌尿器クリニック,広島市中区紙屋町２丁目２－２,082-242-1145,井口　裕樹,井口　裕樹,ひ,,平19. 10. 1,ika
診療所,34,0122778,伊藤内科医院,広島市中区白島九軒町１５－７,082-221-5427,伊藤　欣朗,伊藤　欣朗,内,,平20. 1. 1,ika
診療所,34,0122794,広島マーククリニック,広島市中区大手町２丁目１－４　広島本通マークビル３Ｆ,082-242-6001,金　隆史,金　隆史,乳腺外科,,平20. 3. 11,ika
診療所,34,0122851,医療法人医仁会　本通トータルヘルス内科クリニック,広島市中区本通７－２９,082-247-1588,医療法人　医仁会　理事長　平賀　裕之,平賀　裕之,循環器内科　糖尿病代謝内科,,平20. 5. 1,ika
診療所,34,0122869,たむらメンタルクリニック,広島市中区大手町３丁目６－１２　おおうちビル４階,082-545-7676,田村　達辞,田村　達辞,心内　精,,平20. 6. 1,ika
診療所,34,0122877,だいこく皮ふ科・アレルギー科,広島市中区三川町１－２０,082-241-0811,大黒　久和,大黒　久和,皮　アレ,,平20. 6. 10,ika
診療所,34,0122885,中央通り乳腺検診クリニック,広島市中区三川町１－２０,082-541-1504,稲田　陽子,稲田　陽子,乳腺外科,,平20. 6. 10,ika
診療所,34,0122893,香川乳腺クリニック,広島市中区三川町１－２０,082-240-1181,香川　直樹,香川　直樹,乳腺外科,,平20. 6. 16,ika
診療所,34,0122950,おおうち総合健診所くにき内科,広島市中区大手町三丁目６番１２号,082-542-5810,医療法人社団おおうち総合健診所くにき内科　理事長　國木　弘道,國木　弘道,内　アレ　ひ,,平20. 11. 1,ika
診療所,34,0123024,広島市医師会千田町夜間急病センター,広島市中区千田町三丁目８番６号,082-504-9990,一般社団法人広島市医師会　会長　山本　匡,田代　忠晴,内　眼　整外　外,,平21. 3. 23,ika
診療所,34,0123040,よしなが神経内科クリニック,広島市中区紙屋町２丁目２番２５号紙屋町大野ビル３Ｆ,082-543-5300,好永　順二,好永　順二,神内　精,,平21. 4. 1,ika
診療所,34,0123057,藤井心療内科クリニック,広島市中区鉄砲町１０－１８　栗村ビル４階,082-511-8686,藤井　康能,藤井　康能,心内　精,,平21. 4. 1,ika
診療所,34,0123065,かでな泌尿器科クリニック,広島市南区段原日出一丁目１５－１３,082-282-8100,嘉手納　一志,嘉手納　一志,ひ,,平21. 4. 1,ika
診療所,34,0123073,なかた内科循環器クリニック,広島市南区旭１丁目５－３１,082-298-7799,中田　篤範,中田　篤範,内　他,,平21. 4. 1,ika
診療所,34,0123107,いわさきクリニック,広島市東区東山町１－９,082-262-5271,医療法人社団石見会　理事長　岩崎　昭治,岩崎　昭治,療養　内　リハ,,平21. 4. 1,ika
診療所,34,0123115,山田外科内科医院,広島市南区段原日出１丁目１５番１３号,082-281-5711,医療法人山田外科内科医院　理事長　山田　洋,山田　洋,外　整外　内　放,,平21. 4. 1,ika
診療所,34,0123156,いしがめ小児科,広島市東区温品７丁目１０－１１－２０,082-573-1178,石瓶　紘一,石瓶　紘一,小,,平21. 5. 1,ika
診療所,34,0123164,すみよし内科クリニック,広島市東区牛田新町３丁目１４－２３,082-512-1181,住吉　秀隆,住吉　秀隆,内　他　アレ,,平21. 5. 20,ika
診療所,34,0123248,医療法人つかさ会　高橋メディカルクリニック,広島市中区大手町三丁目１３－２９メディオコート大手町２Ｆ,082-504-1131,医療法人　つかさ会　理事長　高橋　司,高橋　司,胃腸内科　循環器内科　肛門外科　外,,平21. 7. 1,ika
診療所,34,0123255,ますだ小児科,広島市東区東蟹屋町１０番２１号,082-568-2828,医療法人あおぞら　理事長　増田　宏,増田　宏,小,,平21. 8. 1,ika
診療所,34,0123263,すず美容形成外科医院,広島市中区鉄砲町１０－１３八丁堀伊藤久芳堂ビル６階,,岩垂　鈴香,岩垂　鈴香,形外　美外　他,,平21. 9. 1,ika
診療所,34,0123271,医療法人社団誠風会　高橋内科呼吸器クリニック,広島市南区段原３丁目３－２７,082-262-5200,医療法人社団誠風会　理事長　高橋　淳,高橋　淳,内　呼内　アレ,,平21. 9. 1,ika
診療所,34,0123305,医療法人　江草玄士クリニック,広島市中区八丁堀１２番４号,082-511-2666,医療法人　江草玄士クリニック　理事長　江草　玄士,江草　玄士,内　外,,平21. 10. 1,ika
診療所,34,0123313,岩本内科医院,広島市南区宇品西二丁目７番３１号,082-253-0018,医療法人わかば会　理事長　岩本　恵子,岩本　恵子,内　呼内　消化器内科　循環器内科　小,,平21. 10. 1,ika
診療所,34,0123321,川上内科クリニック,広島市安芸区中野東五丁目１番７号,082-893-6886,医療法人こうゆう会　理事長　川上　剛,川上　剛,内　胃　呼　循　放,,平21. 11. 1,ika
診療所,34,0123339,梶川整形外科リウマチ科医院,広島市南区宇品御幸１丁目１４－１９,082-254-6622,梶川　和徳,梶川　和徳,整外　リウ　リハ,,平21. 12. 1,ika
診療所,34,0123388,茶幡皮膚科泌尿器科医院,広島市中区羽衣町１３－４,082-247-0606,茶幡　伸,茶幡　伸,皮　ひ,,平22. 4. 1,ika
診療所,34,0123396,おちうみ内科・胃・大腸内視鏡クリニック,広島市南区西旭町８番８号,082-253-1316,医療法人　健会　理事長　落海　健彦,落海　健彦,内　消化器内科　循環器内科　呼内,,平22. 3. 5,ika
診療所,34,0123453,医療法人社団　水野皮ふ科,広島市東区若草町１１－１－１０１ザ広島タワー１階,082-263-6775,医療法人社団　水野皮ふ科　理事長　水野　寛,水野　寛,皮　アレ,,平22. 8. 1,ika
診療所,34,0123461,はたの皮膚科クリニック,広島市南区宇品西３－１－４５－２　クリニックモール宇品,082-250-3337,波多野　裕二,波多野　裕二,皮,,平22. 9. 1,ika
診療所,34,0123479,ほほえみ診療所,広島市中区西平塚町４番１５号,082-541-2528,平川　晃,平川　晃,内　神内　精　歯,,平22. 9. 1,ika
診療所,34,0123487,広島リウマチ・内科クリニック,広島市中区鉄砲町１０番１３号　八丁堀伊藤久芳堂ビル３Ｆ,082-221-6610,医療法人広島リウマチ・内科クリニック　理事長　山西　裕司,山西　裕司,リウ　内　アレ,,平22. 10. 1,ika
診療所,34,0123495,女性クリニック　ラポール,広島市中区大手町５丁目３番１号,082-241-6009,医療法人社団　女性クリニック　ラポール　理事長　中原　恭子,中原　恭子,婦　産　内　漢方内科,,平22. 10. 1,ika
診療所,34,0123545,平和大通り心療クリニック,広島市中区中町８－６フジタビル３Ｆ,082-541-1156,医療法人平和大通り心療クリニック　理事長　平山　壮一郎,平山　壮一郎,心内　精,,平22. 11. 1,ika
診療所,34,0123560,医療法人社団　小畠クリニック,広島市東区温品１－３－２,082-289-0364,医療法人社団　小畠クリニック　理事長　小畠　眞,小畠　眞,内,,平22. 12. 1,ika
診療所,34,0123578,大手町診療所,広島市中区大手町１－５－１７,082-248-4125,一般財団法人　広島県集団検診協会　理事長　河村　康治郎,佐々木　敦紀,内　婦,,平22. 12. 14,ika
診療所,34,0123586,広島生活習慣病・がん健診所,広島市中区幟町１３番４号広島マツダビル４Ｆ,082-224-6661,医療法人　社団　ヤマナ会　理事長　山名　二郎,角南　泰志,内　呼内　循環器内科　消化器内科　内視鏡内科　アレ　リウ　婦　放,,平23. 2. 1,ika
病院,34,0123594,比治山病院,広島市南区上東雲町３－１,082-281-0608,医療法人　比治山病院　理事長　増田　正幸,増田　正幸,精神　精　心内,162,平23. 2. 1,ika
診療所,34,0123602,野間眼科医院,広島市中区国泰寺町２丁目４－１８,082-249-5585,野間　一列,野間　一列,眼,,平23. 4. 1,ika
診療所,34,0123651,おさだメンタルクリニック,広島市中区袋町１－４Ｎａｍｉｋｉ　Ｋ２　２階,082-247-7300,長田　昌士,長田　昌士,精　心内,,平23. 4. 1,ika
診療所,34,0123677,山村クリニック,広島市中区紙屋町二丁目２番６号,082-546-0111,医療法人和会　理事長　山村　邦夫,山村　邦夫,脳外　外　神内　放,,平23. 4. 1,ika
病院,34,0123701,医療法人社団まりも会　ヒロシマ平松病院,広島市南区比治山本町１１番２７号,082-256-3650,医療法人社団まりも会　理事長　髙澤　篤之,平松　咲子,一般　整外　外　消化器外科・消化器内科　内視鏡外科（消化器）　脳外　麻　内　呼内　循環器内科　リウ　リハ　放　呼外　形外　歯外　婦,161,平23. 4. 1,ika
診療所,34,0123719,医療法人社団　スマイル　広島ベイクリニック,広島市安芸区矢野新町２丁目２－１９,082-885-8280,医療法人社団　スマイル　理事長　髙杉　啓一郎,平林　晃,内　腎臓内科　膠原病内科　透析内科,,平23. 4. 1,ika
診療所,34,0123735,医療法人社団ヤマナ会　さくらＭＲＩクリニック,広島市中区幟町１３番４号広島マツダビル地下１Ｆ,082-224-6610,医療法人　社団　ヤマナ会　理事長　山名　二郎,辻　修一,内　放,,平23. 5. 1,ika
診療所,34,0123743,池庄司整形外科医院,広島市南区段原日出２丁目１１番４号,082-285-8883,池庄司　敦,池庄司　敦,整外,,平23. 7. 19,ika
診療所,34,0123750,川口耳鼻咽喉科クリニック,広島市中区八丁堀１－１２マスキ八丁堀ビル７Ｆ,082-222-2320,医療法人　慈晃会　理事長　川口　和幸,川口　和幸,耳い　アレ,,平23. 8. 1,ika
診療所,34,0123768,広島女性クリニック,広島市中区三川町１番２０号ピンクリボン３９ビル４階,082-249-3900,医療法人社団　明樟会　理事長　前沖　智子,阿部　由実子,婦　内,,平23. 8. 1,ika
病院,34,0123784,医療法人社団おると会　浜脇整形外科病院,広島市中区大手町４丁目６番６号,082-240-1166,医療法人社団おると会　理事長　今井　澄伊,大石　陽介,一般　整外　ひ　麻　リウ　リハ,146,平23. 8. 12,ika
診療所,34,0123792,浜田医院,広島市安芸区矢野東二丁目３１－１０,082-888-0233,濱田　広志,濱田　広志,内　小　呼,,平23. 7. 13,ika
診療所,34,0123818,しげのぶ整形外科リウマチ・リハビリクリニック,広島市南区段原南一丁目３番５３号広島イーストビル２Ｆ,082-568-1010,医療法人ＳＯＲＲ　理事長　重信　浩一,重信　浩一,整外　リウ　リハ,,平23. 10. 1,ika
診療所,34,0123826,あおばこどもファミリークリニック,広島市南区宇品西五丁目３－１３,082-250-1255,田坂　勝,田坂　勝,小　アレ,,平23. 10. 1,ika
診療所,34,0123834,医療法人木村整形外科リハビリ・ペインクリニック,広島市東区若草町１１番２号グランアークテラス３階,082-264-5566,医療法人木村整形外科リハビリ・ペインクリニック　理事長　木村　修司,木村　修司,整外　リウ　リハ　麻　ペインクリニック外科,,平23. 11. 1,ika
診療所,34,0123859,瞳眼科,広島市中区本通２－１０,082-240-6688,島田　茂明,島田　茂明,眼,,平23. 11. 1,ika
診療所,34,0123875,グランドタワーメディカルコートライフケアクリニック,広島市中区上八丁堀４番１号アーバンビューグランドタワー４０１,082-227-3366,医療法人　グランドタワーメディカルコート　理事長　伊藤　千賀子,藤川　るみ,内　糖尿病代謝内科　循環器内科　放　脳外,,平24. 1. 1,ika
診療所,34,0123925,医療法人みかんの会　平田整形外科リハビリクリニック,広島市安芸区矢野西一丁目３１番８号,082-888-3131,医療法人　みかんの会　理事長　平田　悦造,平田　一朗,整外　リハ　放,,平24. 4. 1,ika
診療所,34,0123933,千田こどもクリニック,広島市中区千田町二丁目１番２７号,082-543-6230,医療法人社団　緑子会　理事長　畝井　和彦,畝井　和彦,小,,平24. 4. 1,ika
診療所,34,0123941,医療法人　みずき会　クリニック大手町,広島市中区大手町三丁目６番１２号,082-542-5800,医療法人　みずき会　理事長　渡　貞雄,渡　貞雄,整外　リウ　リハ　内,,平24. 4. 1,ika
診療所,34,0123958,廣島クリニック,広島市中区宝町２番１号フジグラン４階,082-543-6688,醫療法人齊和會　理事長　天野　幹三,金沢　敏勝,整外　リハ　リウ　漢方内科　内,,平24. 4. 19,ika
診療所,34,0123974,たにもと眼科,広島市東区戸坂出江１－１－１,082-220-1177,谷本　誠治,谷本　誠治,眼,,平24. 5. 1,ika
診療所,34,0123982,藤井レディースクリニック,広島市中区紙屋町二丁目２番６号紙屋町イワミビル４Ｆ,082-241-2410,医療法人藤井レディースクリニック　理事長　藤井　恒夫,藤井　恒夫,産婦　内,,平24. 5. 1,ika
病院,34,0124006,一ノ瀬病院,広島市中区国泰寺町１－５－１１,082-243-6223,医療法人　清泉会　理事長　一ノ瀬　孝彦,一ノ瀬　信彦,一般　療養　脳外　外　消化器外科　整外　リハ　放　脳内,,平24. 5. 1,ika
診療所,34,0124022,さだもりレディースクリニック,広島市中区大手町２丁目７－２４Ｆ,082-242-1132,貞森　理子,貞森　理子,産婦,,平24. 9. 1,ika
診療所,34,0124030,ながたクリニック,広島市東区矢賀２丁目８－１８,082-890-1119,永田　秀之,永田　秀之,内　他　外　リハ,,平24. 11. 1,ika
診療所,34,0124048,広島ステーションクリニック,広島市東区若草町１１番２号グランアークテラス３Ｆ,082-568-1007,医療法人広島ステーションクリニック　理事長　石田　清隆,石田　清隆,消化器内科　内,,平24. 11. 1,ika
診療所,34,0124055,益田内科胃腸科医院,広島市東区若草町６番１号,082-263-1955,医療法人　恵林会　理事長　益田　浩,益田　浩,内　胃　循,,平24. 11. 1,ika
診療所,34,0124139,松林内科医院,広島市中区千田町二丁目１番８号,082-241-4654,松林　登喜子,松林　登喜子,内,,平25. 4. 1,ika
診療所,34,0124147,医療法人　川崎産婦人科医院,広島市南区旭三丁目１３番１６－１号,082-251-0303,医療法人川崎産婦人科医院　理事長　川﨑　雅也,川﨑　雅也,一般　産婦,,平25. 4. 1,ika
診療所,34,0124170,みなみまちクリニック,広島市南区皆実町五丁目１８番２号,082-250-0155,医療法人凜りしき手真田整形外科リハビリ科　理事長　眞田　諭,延藤　博朗,整外　リハ　内　リウ,,平25. 9. 24,ika
診療所,34,0124196,ののやま眼科,広島市東区中山西二丁目４番６号,082-562-2668,野々山　深,野々山　深,眼,,平25. 10. 1,ika
病院,34,0124212,林病院,広島市中区三川町３番８号,082-248-0600,医療法人社団　楓会　理事長　林　淳二,林　淳二,一般　整外　内　呼内　リハ　麻,,平25. 9. 1,ika
診療所,34,0124220,さとう脳神経外科クリニック,広島市南区翠二丁目５番６号,082-254-3211,医療法人　ＨＣＨ　理事長　佐藤　秀樹,佐藤　秀樹,脳外　リハ,,平25. 10. 1,ika
診療所,34,0124253,医療法人　小児科さとうクリニック,広島市南区宇品西３丁目１－４５－３クリニックモール宇品,082-250-2311,医療法人小児科さとうクリニック　理事長　佐藤　貴,佐藤　貴,小,,平25. 10. 18,ika
診療所,34,0124261,医療法人　横山内科医院,広島市南区東荒神町３番３５号,082-263-1171,医療法人横山内科医院　理事長　横山　行男,横山　行男,内　消化器内科,,平25. 11. 5,ika
診療所,34,0124279,宇品メンタルクリニック,広島市南区宇品西３丁目１－４５－４クリニックモール宇品,082-250-2230,医療法人　宇品メンタルクリニック　理事長　山本　修,山本　修,精　心内,,平25. 12. 2,ika
診療所,34,0124287,クリニック福本リハビリ整形外科,広島市安芸区矢野東２丁目３１番１１号,082-888-1575,医療法人　福樹会　理事長　福本　英之,福本　英之,整外　リウ　リハ,,平26. 1. 1,ika
病院,34,0124295,医療法人　新でしお病院,広島市南区出汐一丁目３番９号,082-251-7286,医療法人　新でしお病院　理事長　武川　知穂,武川　知穂,療養　内　胃腸内科　放,,平26. 1. 12,ika
診療所,34,0124311,本通眼科,広島市中区本通７番２５号高橋ビル１Ｆ,082-245-5225,医療法人社団さくら会　理事長　村上　智宣,村上　千絵子,眼,,平26. 3. 1,ika
診療所,34,0124329,たかた内科クリニック,広島市東区若草町１０－１５　１Ｆ,082-263-5077,髙田　耕基,髙田　耕基,内　循環器内科　消化器内科　代謝内科,,平26. 4. 1,ika
診療所,34,0124345,太田川東クリニック,広島市東区戸坂山根一丁目２４番２０号,082-220-0044,医療法人社団輔仁会　理事長　満田　一博,吉岡　伸吉郎,内　外,,平26. 4. 1,ika
診療所,34,0124352,ゆめ眼科,広島市南区皆実町２丁目８番１７号,082-250-6405,冲永　眞奈恵,冲永　眞奈恵,眼,,平26. 5. 1,ika
病院,34,0124378,地方独立行政法人広島市立病院機構広島市立広島市民病院,広島市中区基町７番３３号,082-221-2291,地方独立行政法人広島市立病院機構　理事長　秀　道広,松川　啓義,一般　精神　内　呼内　循環器内科　外　整外　形外　乳腺外科　脳外　頭頚部外科　心外　呼外　皮　小児科　循環器小児科　小外　産　婦　ひ　精　脳内　耳い　眼　放射線科　放射線治療科　麻　歯　歯外　リハ　リウマチ・膠原病科　血液内科　内視鏡内科　腫瘍内科　内分泌・糖尿病内科　腎臓内科　神経小児科　救急科　病理,715,平26. 4. 1,ika
診療所,34,0124386,横田メンタルクリニック,広島市東区若草町１１番２号グランアークテラス３階,082-568-8338,医療法人横田メンタルクリニック　理事長　横田　則夫,横田　則夫,心内　精,,平26. 5. 1,ika
診療所,34,0124394,徳永呼吸睡眠クリニック,広島市中区幟町１３番４号広島マツダビル２Ｆ,082-211-1159,医療法人徳永呼吸睡眠クリニック　理事長　德永　豊,德永　豊,内　呼内,,平26. 6. 1,ika
診療所,34,0124410,あおぞら診療所,広島市安芸区中野七丁目２２番１１号,082-880-0030,医療法人社団　長寿会　理事長　畑野　榮治,藤井　二郎,整外　内　リハ,,平26. 9. 1,ika
診療所,34,0124428,八丁堀脳外科,広島市中区八丁堀１４－７宮田ビル２階,082-511-1235,寺田　欣矢,寺田　欣矢,脳外,,平26. 10. 1,ika
診療所,34,0124436,医療法人社団ＨＡＲＧ　広島アレルギー呼吸器クリニック　八丁堀,広島市中区八丁堀１４番７号,082-511-5911,医療法人社団ＨＡＲＧ　広島アレルギー呼吸器クリニック　理事長　保澤　総一郎,保澤　総一郎,内　呼内　アレ,,平26. 10. 1,ika
診療所,34,0124444,ルネッサンス出汐内科整形外科医院,広島市南区出汐一丁目３番３号,082-250-0180,医療法人社団　林医院　理事長　林　英紀,原田　義弘,一般　内　整外,,平26. 11. 1,ika
診療所,34,0124477,あおぞら健診・内科クリニック,広島市中区三川町１番２０号ピンクリボン３９ビル７Ｆ、８Ｆ,082-246-1005,医療法人社団　明樟会　理事長　前沖　智子,前沖　智子,内,,平27. 2. 12,ika
診療所,34,0124501,はしもと内科,広島市中区吉島東一丁目２７番２０号,082-244-5577,医療法人社団あえば会　理事長　橋本　義政,橋本　義政,一般　内　消化器内科　リハ,,平27. 3. 1,ika
診療所,34,0124519,上田循環器八丁堀クリニック,広島市中区八丁堀１４－７八丁堀宮田ビル５階,082-502-6780,上田　健太郎,上田　健太郎,内,,平27. 4. 1,ika
診療所,34,0124535,ひがき乳腺クリニック,広島市中区本通８番２３号本通ヒルズ７Ｆ,082-240-6122,檜垣　健二,檜垣　健二,,,平27. 4. 1,ika
診療所,34,0124543,ひだかペインクリニック,広島市中区八丁堀１－１２マスキ八丁堀ビル６Ｆ,082-511-8118,檜髙　育宏,檜髙　育宏,ペインクリニック整形外科　麻　リハ,,平27. 4. 1,ika
診療所,34,0124568,ＳｋｙＣｌｉｎｉｃ,広島市南区大須賀町２０番１３号,082-261-1171,医療法人ＳｋｙＣｌｉｎｉｃ　理事長　天野　新也,天野　新也,内　外,,平27. 4. 1,ika
診療所,34,0124576,澤野甲状腺・糖尿病専門予約クリニック,広島市中区大手町３丁目８－５エイトバレー大手町９Ｆ,082-545-1673,澤野　文夫,澤野　文夫,,,平27. 5. 1,ika
診療所,34,0124584,あさひ整形外科クリニック,広島市南区旭２－１５－１８,082-251-8100,重信　隆史,重信　隆史,整外　リハ,,平27. 5. 15,ika
診療所,34,0124592,風呂中内科,広島市中区紙屋町１丁目４番１９号,082-247-3002,風呂中　誠,風呂中　誠,内　呼内　アレ,,平27. 4. 1,ika
診療所,34,0124618,河面内科医院,広島市中区富士見町５－６,082-249-5456,河面　智之,河面　智之,内　糖尿病代謝内科,,平27. 4. 9,ika
診療所,34,0124626,えぐさ内科クリニック,広島市南区向洋本町１０番２４号,082-890-1222,医療法人　えぐさ内科クリニック　理事長　江草　嘉弘,江草　嘉弘,内　呼内　循環器内科　アレ,,平27. 5. 1,ika
診療所,34,0124634,みなみ内科ライフケアクリニック,広島市南区比治山本町１６－３５広島産業文化センター１２階,082-254-7433,田村　朋子,田村　朋子,内,,平27. 6. 1,ika
診療所,34,0124642,こいけ眼科,広島市安芸区船越南３丁目２７番２６号,082-847-2772,小池　生夫,小池　生夫,眼,,平27. 7. 1,ika
診療所,34,0124659,心療内科クリニック　リュミエール,広島市中区西白島町２０－１５メディカルプラザ西白島１Ｆ,082-212-2000,片山　真一,片山　真一,心内　精,,平27. 7. 1,ika
診療所,34,0124667,かみつな内科医院,広島市南区宇品東２丁目２－１２,082-250-8470,上綱　雅一,上綱　雅一,内　呼内　アレ,,平27. 7. 1,ika
診療所,34,0124683,医療法人　こばたけ小児科皮ふ科医院,広島市中区西白島町７番４号,082-227-5060,医療法人　こばたけ小児科皮ふ科医院　理事長　小畠　啓,小畠　牧人,小　皮,,平27. 8. 24,ika
診療所,34,0124691,井尻眼科医院,広島市中区八丁堀１３－１９,082-227-8600,井　真澄,井　真澄,眼,,平27. 7. 3,ika
診療所,34,0124709,石田内科小児科医院,広島市南区旭２－４－１,082-255-3222,石田　多恵,石田　多恵,内　小,,平27. 10. 1,ika
診療所,34,0124717,広島県立広島がん高精度放射線治療センター,広島市東区二葉の里三丁目２－２,082-263-1330,広島県知事　横田　美香,権丈　雅浩,放,,平27. 10. 1,ika
診療所,34,0124733,医療法人社団ハイマート眼科クリニック,広島市中区三川町３－１６ハイマートビル３階,082-245-8110,医療法人社団ハイマート眼科クリニック　理事長　河原　純一,河原　純一,眼,,平27. 10. 6,ika
診療所,34,0124741,なかむら内科クリニック,広島市中区大手町一丁目１番２０号相生橋ビル９Ｆ,082-545-1199,医療法人なかむら内科クリニック　理事長　中村　利夫,中村　利夫,内,,平27. 11. 1,ika
診療所,34,0124758,髙山眼科,広島市南区東雲本町２丁目３－１５,082-282-2937,高山　昇三,高山　昇三,一般　眼,,平27. 12. 1,ika
診療所,34,0124766,のぞみ整形外科スタジアム前クリニック,広島市南区西蟹屋四丁目８番３５号,082-262-2000,医療法人社団　伯瑛会　理事長　金田　瑛司,金田　瑛司,整外　リハ,,平28. 4. 11,ika
診療所,34,0124774,おおにしこどもクリニック,広島市東区戸坂千足２丁目９－１３,082-229-3232,大西　博之,大西　博之,小,,平28. 4. 1,ika
診療所,34,0124782,ライフサポートクリニック広島,広島市東区東蟹屋町７－３４重見ビル３階,082-259-3345,新宅　恵子,新宅　恵子,児童・思春期精神科　心内　内,,平28. 4. 1,ika
診療所,34,0124808,中野東クリニック,広島市安芸区中野５丁目１７番１５号浜野ビル１階１０１号室,082-893-3700,岡本　與平,岡本　與平,内　呼内　アレ,,平28. 4. 1,ika
診療所,34,0124816,医療法人社団　金谷医院,広島市東区福田１丁目７２４－１,082-899-8000,医療法人社団金谷医院　理事長　金谷　雄生,金谷　雄生,内　呼内　消化器内科,,平28. 4. 1,ika
診療所,34,0124824,リウマチ内科銀山町クリニック,広島市中区幟町１３－４広島マツダビル５階,082-228-6661,医療法人社団ヤマナ会　理事長　山名　二郎,前田　裕行,リウ　内,,平28. 5. 1,ika
診療所,34,0124840,千田内科クリニック,広島市中区千田町一丁目９番１号,082-545-8080,医療法人　千田内科クリニック　理事長　中島　玲子,中島　玲子,内　糖尿病内科　脂質代謝内科,,平28. 10. 1,ika
診療所,34,0124857,医療法人　もり小児科,広島市南区翠二丁目２７番３０号,082-251-1717,医療法人　もり小児科　理事長　森　美喜夫,森　美喜夫,小,,平28. 10. 1,ika
病院,34,0124865,翠清会梶川病院,広島市中区東千田町一丁目１番２３号,082-249-6411,医療法人　翠清会　理事長　若林　伸一,若林　伸一,一般　一般　脳外　脳内　放　リハ　皮　呼内　内　外　循環器内科　消化器内科,143,平28. 10. 1,ika
診療所,34,0124873,もりた心療内科クリニック,広島市中区大手町二丁目１番４号広島本通マークビル５階,082-243-0038,医療法人創樹会　理事長　森田　幸孝,森田　幸孝,心内　精　神内　内　リハ,,平28. 11. 1,ika
診療所,34,0124923,広島野村眼科,広島市南区松原町３－１－２０２号ＥＫＩＣＩＴＹ　ＨＩＲＯＳＨＩＭＡ,082-264-1117,医療法人広神会　理事長　野村　征敬,柳　昌秀,眼,,平29. 2. 1,ika
診療所,34,0124931,ビッグフロント広島内科呼吸器クリニック,広島市南区松原町５－１ビッグフロントひろしまタワービル４階,082-569-1181,能島　大輔,能島　大輔,内　呼内　アレ　感染症内科,,平29. 2. 1,ika
診療所,34,0124972,ほーむけあクリニック,広島市中区竹屋町８番８号,082-546-0143,医療法人　ほーむけあ　理事長　小西　太,横林　賢一,一般　一般　内　小　皮　アレ　美容皮膚科,12,平29. 2. 1,ika
診療所,34,0124980,高杉クリニック,広島市南区松原町３番１－２０６号,082-261-3556,医療法人　高杉クリニック　理事長　高杉　純好,高杉　純好,外　整外　胃腸内科　肛門外科,,平29. 2. 6,ika
診療所,34,0124998,津田内科医院,広島市中区昭和町１１－２６,082-241-1372,津田　雅敏,津田　雅敏,内　小　放,,平29. 4. 1,ika
診療所,34,0125003,ひらやま眼科,広島市中区白島北町３－２０,082-228-8373,平山　倫子,平山　倫子,眼,,平29. 4. 1,ika
診療所,34,0125011,伊達医院,広島市東区温品七丁目１２番２６号,082-289-0529,医療法人　山紫会　理事長　伊達　幸生,伊達　幸生,内　消化器内科　外　腎臓内科,,平29. 4. 1,ika
診療所,34,0125029,広島ハートクリニック,広島市南区松原町３番１－３０１号,082-567-3866,医療法人ハート　理事長　向田　哲規,向田　哲規,婦　産　ひ,,平29. 4. 3,ika
診療所,34,0125037,おちあい循環器内科クリニック,広島市東区温品四丁目６番２２号,082-289-6677,医療法人社団郁雅会　理事長　落合　浩之,落合　浩之,循環器内科　内,,平29. 5. 1,ika
診療所,34,0125045,佐々木外科整形外科医院,広島市南区的場町二丁目３番９号,082-262-1221,佐々木　和明,佐々木　和明,外　整外　リハ,,平29. 6. 1,ika
診療所,34,0125052,小児科／アレルギー科　すがいこどもクリニック,広島市中区宝町２－１フジグラン広島４Ｆ,082-207-3888,菅井　和子,菅井　和子,小　アレ,,平29. 7. 1,ika
診療所,34,0125060,広島プルミエクリニック,広島市中区本通７番２９号アイビービル４階,082-569-8800,医療法人プルミエ会　理事長　雑賀　知歩,雑賀　知歩,皮　美外　美容皮膚科　形外,,平29. 9. 10,ika
診療所,34,0125078,三原皮ふ科アレルギー科,広島市東区中山東二丁目２番１－２号,082-289-5050,医療法人　三原皮ふ科アレルギー科　理事長　三原　祥嗣,三原　祥嗣,皮　アレ,,平29. 10. 1,ika
診療所,34,0125086,広島精神分析医療クリニック,広島市中区中町１－３ダイヤ並木ビル６階,082-545-1070,衣笠　隆幸,衣笠　隆幸,精　心内,,平29. 12. 1,ika
診療所,34,0125094,たではらクリニック,広島市南区宇品神田１丁目２番１６号３Ｆ,082-250-5220,蓼原　太,蓼原　太,他　内,,平29. 12. 13,ika
診療所,34,0125102,水入クリニック,広島市東区牛田早稲田一丁目２３番８号,082-962-0216,医療法人水入クリニック　理事長　水入　寛純,水入　寛純,内　外　胃腸内科　肛門外科　内分泌内科,,平29. 11. 1,ika
診療所,34,0125136,よしたに眼科,広島市南区宇品神田１丁目２－１６　４Ｆ,082-250-5555,芳谷　重記,芳谷　重記,眼,,平30. 2. 9,ika
診療所,34,0125144,森泌尿器科クリニック,広島市南区宇品神田一丁目２番１６号ペガサスメディカル宇品２階,082-254-2120,医療法人エムアイ　理事長　井上　洋二,井上　洋二,ひ,,平30. 2. 1,ika
診療所,34,0125169,やまもと内科クリニック,広島市東区牛田本町６丁目１－２７うしたみらいビル５Ｆ,082-502-8107,山本　隆一,山本　隆一,総合内科　消化器内科　内視鏡内科,,平30. 4. 1,ika
診療所,34,0125177,井門ゆかり脳神経内科クリニック,広島市東区牛田本町６丁目１－２７　５Ｆ,082-511-2388,井門　ゆかり,井門　ゆかり,脳内　内　精　心内,,平30. 4. 1,ika
診療所,34,0125201,なかの皮フ科,広島市中区千田町一丁目３番３号,082-243-8181,医療法人社団たひとく会　理事長　安田　貴恵,安田　貴恵,皮,,平30. 4. 1,ika
診療所,34,0125219,おやまクリニック　リウマチ科・内科,広島市中区白島北町１０番１０号,082-511-3535,医療法人社団　小菅会　理事長　小山　徹,小山　徹,リウ　内,,平30. 4. 1,ika
診療所,34,0125227,すみい内科クリニック,広島市中区基町１２－８宝ビル１０１,082-223-7877,隅井　雅晴,隅井　雅晴,内　消化器内科　内視鏡内科　胃腸内科,,平30. 5. 1,ika
診療所,34,0125235,山村眼科,広島市東区若草町２０番７－１号,082-262-1211,医療法人社団瞭美会山村眼科　理事長　山村　基成,山村　基成,眼,,平30. 4. 1,ika
診療所,34,0125250,医療法人社団秋月会　広島中央通り　香月産婦人科,広島市中区三川町７番１号,082-546-2555,医療法人社団秋月会　理事長　香月　孝史,信實　孝洋,一般　一般　産婦　麻,16,平30. 5. 14,ika
診療所,34,0125268,なんぶ甲状腺クリニック,広島市中区大手町一丁目１番２０号　２Ｆ・４Ｆ,082-545-0054,医療法人社団　愛心会　理事長　楠部　滋,楠部　潤子,内分泌外科　内　肛門外科,,平30. 6. 1,ika
診療所,34,0125284,広島中央通りメンタルクリニック,広島市中区三川町７番１号,082-249-0011,医療法人社団　和風会　理事長　松岡　龍雄,岩本　崇志,心内　精,,平30. 7. 23,ika
診療所,34,0125300,医療法人社団秋月会　広島中央通り　こどもクリニック,広島市中区三川町７番１号　３階,082-546-2558,医療法人社団秋月会　理事長　香月　孝史,田原　昌博,小,,平30. 8. 1,ika
診療所,34,0125318,医療法人社団秋月会　広島中央通り　内科クリニック,広島市中区三川町７番１号　４階,082-546-2559,医療法人社団秋月会　理事長　香月　孝史,花ノ木　睦巳,内,,平30. 8. 1,ika
診療所,34,0125326,医療法人財団愛人会　河村内科消化器クリニック,広島市中区大手町一丁目６番１号,082-248-0666,医療法人財団愛人会　理事長　河村　徹,河村　徹,内　消化器内科　胃腸内科　放,,平30. 9. 1,ika
診療所,34,0125334,医療法人社団秋月会　広島中央通り　ふじたか眼科,広島市中区三川町７番１号　３階,082-546-2560,医療法人社団　秋月会　理事長　香月　孝史,藤髙　尚恵,眼,,平30. 10. 11,ika
診療所,34,0125367,なかお耳鼻咽喉科アレルギー科,広島市中区吉島西２丁目１４－１２メディカルモール吉島２Ｆ,082-242-4133,中尾　芳雄,中尾　芳雄,耳い　アレ,,平30. 11. 1,ika
診療所,34,0125375,吉島ましの皮ふ科クリニック,広島市中区吉島西２丁目１４番１２号メディカルモール吉島３Ｆ,082-248-7123,増野　年彦,増野　年彦,皮,,平30. 11. 1,ika
診療所,34,0125383,浅田心療クリニック,広島市安芸区矢野町７００番地,082-888-1191,医療法人　あさだ会　理事長　浅田　護,浅田　護,心内　精　児童心療内科　思春期心療内科,,平30. 11. 1,ika
診療所,34,0125391,だんばら耳鼻咽喉科クリニック,広島市南区段原南一丁目３番５３号広島イーストビル１階,082-263-4133,医療法人デルフィ　理事長　岡本　よし恵,岡本　よし恵,耳い,,平30. 11. 1,ika
診療所,34,0125409,折口医院,広島市中区吉島東一丁目４番１６号,082-241-6836,医療法人　和平会　理事長　髙橋　浩一,髙橋　浩一,内　呼内　緩和ケア内科,,平30. 11. 1,ika
診療所,34,0125458,メディックス広島エキキタ健診クリニック,広島市東区二葉の里三丁目５番７号　２階,082-264-1400,一般財団法人広島県集団検診協会　理事長　河村　康治郎,安藤　正昭,内　婦,,平31. 4. 22,ika
診療所,34,0125474,ひらぐん皮ふ科・アレルギー科,広島市東区牛田本町６丁目１－２７うしたみらいビル５Ｆ,082-502-8010,平郡　隆明,平郡　隆明,皮　アレ,,平31. 4. 1,ika
診療所,34,0125482,母と子のまきクリニック（Ｍｏｔｈｅｒ　ａｎｄ　ｆｅｔｕｓ　Ｍａｋｉ　Ｃｌｉｎｉｃ）,広島市南区京橋町２－２４ロイヤルエイト広島駅前　３階,082-264-1105,兵頭　麻希,兵頭　麻希,産婦,,令元. 5. 1,ika
診療所,34,0125524,佐々木産婦人科,広島市東区戸坂千足二丁目９番２５号,082-229-4008,医療法人　社団　日の浦会　理事長　佐々木　文治,佐々木　晃,一般　一般　産　婦　麻,16,令元. 7. 1,ika
診療所,34,0125532,堂面医院,広島市南区皆実町２丁目８番４号,082-251-1510,堂面　政俊,堂面　政俊,小　内　麻,,令元. 7. 25,ika
診療所,34,0125557,第２心療クリニック　コモリエ,広島市南区金屋町２番１５号ＫＤＸ広島ビル７階,082-261-0700,医療法人あさだ会　理事長　浅田　護,土岐　茂,心内　精　児童心療内科　思春期心療内科,,令元. 10. 10,ika
診療所,34,0125573,わたなべ内科・呼吸器クリニック,広島市東区温品４丁目２１－８,082-508-6600,渡部　哲也,渡部　哲也,内　呼内,,令元. 11. 1,ika
診療所,34,0125581,滝口耳鼻咽喉科,広島市中区袋町４－３滝口ビル６Ｆ,082-247-2062,花川　浩之,花川　浩之,気管食道・耳鼻いんこう科　アレ,,令元. 10. 1,ika
診療所,34,0125615,ひろしま下肢静脈瘤クリニック,広島市南区京橋町１番２号新京橋ビル７階２号,082-567-5530,医療法人社団　Ａｄｖａｎｃｅｄ．Ｓｕｒｇｅｏｎｓ　理事長　黑木　慶一郎,黑木　慶一郎,心外,,令2. 2. 1,ika
診療所,34,0125623,さくま泌尿器科,広島市中区鉄砲町９－１０湯浅ビル５階,082-962-1124,作間　俊治,作間　俊治,ひ　性感染症内科,,令2. 3. 1,ika
診療所,34,0125631,ビジョンクリニック,広島市南区西霞町３番３２号,082-258-2244,医療法人　リヒト　理事長　杦本　栄一郎,杦本　栄一郎,眼,,令2. 4. 1,ika
診療所,34,0125649,広島駅内科・こどもクリニック,広島市南区松原町１－２ｅｋｉｅ２階,082-261-0001,豊田　裕治,豊田　裕治,内　小　アレ,,令2. 3. 23,ika
診療所,34,0125664,広島八丁堀呼吸器クリニック,広島市中区八丁堀１４番１号,082-511-1159,医療法人社団大成会　理事長　大成　亮次,大成　亮次,呼内　呼吸器外科　内　リハ　放,,令2. 4. 1,ika
診療所,34,0125672,向井内科・脳神経内科,広島市安芸区矢野西一丁目２８－２３,082-888-1110,向井　智哉,向井　智哉,内　脳内,,令2. 4. 1,ika
診療所,34,0125680,広島みなとクリニック,広島市南区宇品西五丁目１２番４６号,082-881-2525,医療法人広島みなとクリニック　理事長　塩野　方明,塩野　方明,内　循環器内科　呼内,,令2. 4. 1,ika
診療所,34,0125698,伊達眼科医院,広島市南区松原町１番２号ｅｋｉｅ２階,082-286-2468,医療法人社団美貴会　理事長　竹本　知恵子,竹本　知恵子,眼,,令2. 3. 23,ika
病院,34,0125714,広島中央リハビリテーション病院,広島市中区平野町６－２４,082-207-2785,医療法人社団　生和会　理事長　木村　浩彰,大屋　敏秀,一般　一般　リハ　内,110,令2. 6. 1,ika
診療所,34,0125730,あいとレディースクリニック,広島市中区大手町一丁目１番２０号,082-248-1255,伊藤　淳,伊藤　淳,婦　美容皮膚科,,令2. 9. 1,ika
診療所,34,0125763,白島中央クリニック,広島市中区東白島町１５番８号第三西林ビル２階,082-836-6630,医療法人社団川岡クリニック　理事長　後藤　知博,後藤　知博,内　精　心内　皮　ひ　形外　循環器内科　リウ　外　歯　整外　アレ,,令2. 10. 1,ika
診療所,34,0125771,青崎いぶきクリニック,広島市南区青崎１丁目９－１７,082-258-4116,医療法人　いつき　理事長　松田　聡介,松田　聡介,内　小,,令2. 10. 1,ika
診療所,34,0125789,藏本内科,広島市中区大手町三丁目１３番６号藏本ビル２Ｆ,082-504-7311,蔵本　憲,蔵本　憲,内　血液内科　循環器内科　呼内,,令2. 11. 1,ika
診療所,34,0125847,あけぼの皮ふ科クリニック,広島市東区曙２丁目８－１８,082-264-6666,平島　昌生,平島　昌生,皮,,令3. 4. 1,ika
診療所,34,0125862,やまぐち内科クリニック,広島市南区翠一丁目３番１０号,082-250-2222,医療法人やまぐち内科クリニック　理事長　山口　敏紀,山口　敏紀,内　消化器内科　内視鏡内科,,令3. 4. 1,ika
診療所,34,0125870,鼻岡けいこ皮フ科クリニック,広島市中区三川町７番１号　２Ｆ,082-533-6333,医療法人ＭＥＥＴＳ　理事長　丸本　佳子,丸本　佳子,皮　小児皮膚科　美容皮膚科　アレ,,令3. 4. 1,ika
診療所,34,0125888,金林耳鼻咽喉科,広島市中区大手町四丁目１番１号大手町平和ビル,082-241-8930,医療法人社団おとりす会　理事長　金林　秀則,金林　秀則,耳い,,令3. 4. 1,ika
診療所,34,0125896,吉島すぎもと眼科,広島市中区吉島西２丁目１４－１２,082-207-0240,医療法人吉島すぎもと眼科　理事長　杉本　洋輔,杉本　洋輔,眼,,令3. 4. 1,ika
診療所,34,0125912,まつやま眼科,広島市南区段原日出一丁目１５番１３号段原スクエア２Ｆ,082-510-5533,医療法人ひとみ会まつやま眼科　理事長　松山　茂生,松山　茂生,眼,,令3. 4. 1,ika
診療所,34,0125920,レチナクリニック横山眼科,広島市中区東千田町一丁目１番６１号ｈｉｔｏｔｏ広島ナレッジスクエア１Ｆ,082-242-6123,医療法人社団レチナクリニック　理事長　横山　光伸,横山　光伸,眼,,令3. 4. 1,ika
診療所,34,0125946,ＩＶＦクリニックひろしま,広島市南区松原町５番１号ＢＩＧＦＲＯＮＴひろしま４階,082-264-1131,医療法人ＩＶＦクリニックひろしま　理事長　滝口　修司,滝口　修司,産婦人科（生殖医療）　泌尿器科（不妊治療）,,令3. 5. 1,ika
診療所,34,0125953,ひらた女性クリニック,広島市南区青崎１丁目２－１４ＹＭＦＧオールヘルスケアタウン４Ｆ,082-890-1502,平田　英司,平田　英司,産　婦,,令3. 10. 1,ika
診療所,34,0125961,おりた内科循環器クリニック,広島市南区青崎１丁目２－１４ＹＭＦＧオールヘルスケアタウン３Ｆ,082-890-8150,折田　裕一,折田　裕一,内　循環器内科,,令3. 10. 1,ika
診療所,34,0125979,広島駅前泌尿器科クリニック,広島市南区猿猴橋町６番３４－１号カープロードクリニックビル２階,082-506-2222,正路　晃一,正路　晃一,ひ　婦,,令3. 10. 4,ika
診療所,34,0125987,兵庫内科・肝臓糖尿病クリニック～Ｌｉｆｅ　Ｃａｒｅ　Ｃｌｉｎｉｃ　Ｈｉｒｏｓｈｉｍａ～,広島市南区猿猴橋町６－３４－１カープロードクリニックビル３階,082-261-3588,兵庫　秀幸,兵庫　秀幸,内　消化器内科　糖尿病内科　肝臓内科,,令3. 10. 1,ika
診療所,34,0126001,なかたに外科・在宅クリニック,広島市南区西霞町１３番２７号,082-255-1101,医療法人　Ｕｎｉｖｅｒｓａｌ　Ｈｏｍｅ　Ｍｅｄｉｃａｌ　Ｃａｒｅ　理事長　中谷　玉樹,中谷　玉樹,外　内　整外　緩和ケア内科,,令3. 11. 1,ika
診療所,34,0126019,大橋内科医院,広島市中区白島中町１１番１０号,082-221-8933,医療法人大橋内科医院　理事長　大橋　信之,大橋　信之,内　呼内,,令3. 11. 1,ika
診療所,34,0126035,新本クリニック,広島市中区胡町６－２６福屋１１階,082-246-6650,新本　誠一郎,新本　誠一郎,整外　外　内,,令4. 1. 1,ika
診療所,34,0126043,ホームケアクリニックもみじ,広島市東区中山東三丁目２番２号２階,082-215-4810,医療法人もみじ　理事長　山科　明彦,山科　明彦,緩和ケア内科,,令4. 3. 1,ika
診療所,34,0126050,ＫＡＯ　ＣＬＩＮＩＣ,広島市中区袋町５－３久保木ビル１Ｆ,082-544-1103,久保木　香織,久保木　香織,眼,,令4. 4. 4,ika
診療所,34,0126068,あおさきこども心療所,広島市南区青崎１丁目２番１４号　３Ｆ,082-258-1020,医療法人　向洋こどもクリニック　理事長　梶梅　輝之,梶梅　あい子,児童精神科　小児心療内科　リハ,,令4. 4. 1,ika
診療所,34,0126076,はしがみ心療内科クリニック,広島市中区八丁堀１番１２号マスキ八丁堀ビル３Ｆ,082-502-1577,医療法人　七心海　理事長　橋上　慎平,橋上　慎平,心内　神内　精,,令4. 4. 1,ika
診療所,34,0126084,池田整形外科リハビリテーションクリニック,広島市東区戸坂大上４丁目２９番１３号,082-516-1185,医療法人龍樹会　理事長　池田　昌樹,池田　昌樹,整外　リハ　リウ　内　心内,,令4. 4. 1,ika
診療所,34,0126092,ウィミンズ・ヴィセオ　クリニック広島,広島市東区若草町１１番２号グランアークテラス３Ｆ,082-568-5177,医療法人ふたば会　理事長　川上　洋介,川上　洋介,婦　産,,令4. 4. 1,ika
診療所,34,0126100,どい腎臓内科透析クリニック,広島市南区翠五丁目１８－６,082-505-2000,土井　盛博,土井　盛博,腎臓内科　人工透析内科　内,,令4. 5. 1,ika
診療所,34,0126118,医療法人社団秋月会　広島中央通り健康・美容クリニック,広島市中区三川町７番１号　４階,082-546-2562,医療法人社団秋月会　理事長　香月　孝史,香月　孝史,内,,令4. 5. 1,ika
診療所,34,0126126,斎内科,広島市中区立町４－２１,082-247-1882,齋　宏,齋　宏,消化器内科　内,,令4. 5. 1,ika
診療所,34,0126134,まえだ内科,広島市南区翠二丁目２５番２０号,082-254-3366,前田　晃宏,前田　晃宏,内　アレ　呼内,,令4. 5. 1,ika
診療所,34,0126142,なのはな整形外科クリニック,広島市南区青崎１丁目２－１４ＹＭＦＧオールヘルスケアタウン４Ｆ,082-236-7466,谷本　純一,谷本　純一,整外　リハ,,令4. 6. 1,ika
診療所,34,0126159,カープロード鼻専門クリニック,広島市南区猿猴橋町６番３４－１号　４Ｆ,082-264-8741,医療法人さんか　理事長　三箇　敏昭,大和　賢輔,耳い,,令4. 7. 1,ika
診療所,34,0126167,川上消化器内科クリニック,広島市中区八丁堀１番１２号マスキ八丁堀ビル２階,082-211-2323,医療法人社団　育仁会　理事長　川上　由育,川上　由育,内　消化器内科　代謝内科　肝臓内科,,令4. 6. 1,ika
診療所,34,0126183,中原クリニック,広島市南区段原南２－１２－２８,082-263-6035,中原　正雄,中原　正雄,精　心内　内,,令4. 10. 1,ika
病院,34,0126191,医療法人社団生和会　広島はくしま病院,広島市中区東白島町１９番１６号,082-224-5355,医療法人社団生和会　理事長　木村　浩彰,保崎　泰弘,一般　一般　内　外　整外　放射線診断科　リハ,110,令4. 10. 1,ika
診療所,34,0126209,古江クリニック,広島市東区戸坂中町６番８号,082-229-0331,医療法人有和会　理事長　古江　俊昭,古江　俊昭,内　循環器内科　呼内　消化器内科　小　アレ,,令4. 11. 4,ika
診療所,34,0126241,回生医院リハビリ整形外科,広島市東区光町一丁目９番１６号,082-261-2400,望月　由,望月　由,整外　リハ,,令5. 4. 1,ika
診療所,34,0126258,あさひ内科クリニック,広島市南区西旭町７－２１,082-236-7613,公益財団法人広島生命科学研究所　代表理事　茶山　一彰,茶山　一彰,消化器内科　内,,令5. 4. 25,ika
診療所,34,0126266,ナチュレ美容クリニック広島,広島市中区八丁堀１２番４号八丁堀わかばビル５階,082-836-4821,医療法人彩潤会　理事長　長谷川　淳一,長谷川　淳一,美外　美容皮膚科　形外　耳い,,令5. 4. 1,ika
診療所,34,0126274,大田クリニック整形外科,広島市中区富士見町４番２７号,082-242-1255,医療法人社団大田クリニック　理事長　大田　修,大田　修,整外　リハ　リウ,,令5. 4. 1,ika
診療所,34,0126282,甲斐内科・漢方内科クリニック,広島市中区大手町二丁目７番２号　５階,082-545-7377,医療法人千歳　理事長　甲斐　広久,甲斐　広久,内　漢方内科　消化器内科,,令5. 4. 1,ika
診療所,34,0126308,三上内科医院,広島市南区松原町３番１－２０５号,082-263-1745,医療法人純医会三上内科医院　理事長　三上　裕一郎,三上　裕一郎,内　胃腸内科　循環器内科　小,,令5. 5. 1,ika
診療所,34,0126316,うした耳鼻咽喉科クリニック,広島市東区牛田本町６－１－２７　５Ｆ,082-502-8033,医療法人ひさし　理事長　片桐　佳明,片桐　佳明,耳い　アレ,,令5. 5. 1,ika
診療所,34,0126332,翠こども・耳鼻咽喉科クリニック,広島市南区翠５丁目１７番２３号　２階,082-569-4116,河野　崇志,河野　崇志,耳い　小　小児耳鼻咽喉科　アレ,,令5. 6. 1,ika
診療所,34,0126340,三篠園診療所,広島市安佐北区白木町井原１２４４番地,082-828-3330,社会福祉法人　三篠会　理事長　酒井　亮介,松坂　知恒,内,,令5. 7. 1,ika
診療所,34,0126357,戸田眼科皮ふ科,広島市南区宇品東六丁目２番４６号,082-256-3315,戸田　良太郎,戸田　良太郎,眼　皮,,令5. 8. 1,ika
診療所,34,0126365,あおばクリニック広島院,広島市中区紙屋町１丁目２－２２広島トランヴェールビルディングＢ１ＦＢ１０４－Ａ号室,082-545-6945,医療法人社団あおばクリニック　理事長　丸本　桂三,唐井　浩二,眼　美容皮膚科,,令5. 7. 1,ika
診療所,34,0126381,ここみクリニック,広島市中区八丁堀１１－１２ＫＭＭビル７Ｆ・８Ｆ,082-225-7025,亀谷　貴浩,亀谷　貴浩,内　心内　精,,令5. 10. 1,ika
診療所,34,0126399,たくまファミリークリニック,広島市中区西白島町２０－１５メディカルプラザ西白島３Ｆ,082-511-7575,詫間　義隆,詫間　義隆,内　肝臓内科　胃腸内科　糖尿病内科　アレ　漢方内科　内視鏡内科,,令5. 9. 1,ika
診療所,34,0126407,みんなの睡眠ストレスケアクリニック,広島市東区牛田本町２丁目１番２－２０５号,082-502-1300,医療法人ももくさ　理事長　山下　英尚,山下　英尚,精　心内,,令5. 10. 1,ika
診療所,34,0126415,おひさま脳神経外科・歯科,広島市中区吉島西一丁目２２番１３号,082-569-5728,医療法人おひさま歯科・小児歯科　理事長　辰本　将哉,髙安　武志,脳外　脳内　歯　小歯　矯歯　歯外　漢方内科,,令5. 11. 1,ika
診療所,34,0126423,いずた整形外科クリニック,広島市東区戸坂大上４－３０－１１,082-220-1818,医療法人ＦＲ　理事長　泉田　泰典,泉田　泰典,整外　リハ,,令5. 10. 1,ika
診療所,34,0126431,広島ウェルネスクリニック,広島市中区幟町７番３０号宏和８ビル４階,082-236-7304,井上　洋史,井上　洋史,性感染症内科　産婦　ひ,,令5. 12. 1,ika
診療所,34,0126449,女医によるファミリークリニック,広島市南区松原町５番１号　４階,082-262-5252,医療法人女医によるファミリークリニック　理事長　大井　美恵子,大井　美恵子,小　内　皮　アレ,,令5. 11. 1,ika
診療所,34,0126456,おしりおなかクリニック八丁堀,広島市中区鉄砲町１０番１３号　４階,082-554-0407,医療法人桃成会　理事長　吉田　誠,吉田　誠,肛門外科　外　内　消化器内科　消化器外科,,令5. 11. 1,ika
診療所,34,0126464,しんどう皮ふ科アレルギー科,広島市南区段原日出一丁目１５番１３号　４Ｆ,082-510-1322,医療法人しんどう皮ふ科アレルギー科　理事長　信藤　肇,信藤　肇,皮　アレ,,令5. 11. 1,ika
診療所,34,0126472,つるみクリニック,広島市中区鶴見町１２－２０,082-248-6428,古本　健太郎,古本　健太郎,消化器内科　内視鏡内科　糖尿病内科　内　外　肛門外科　麻,,令6. 1. 4,ika
診療所,34,0126480,セントラル眼科,広島市中区基町６－２７広島センタービル８階,082-225-3313,岩部　利津子,岩部　利津子,眼,,令6. 1. 1,ika
診療所,34,0126498,本通水田内科クリニック,広島市中区袋町４－３滝口ビル５階,082-244-6337,水田　隆誠,水田　隆誠,内　循環器内科　消化器内科,,令6. 1. 1,ika
診療所,34,0126506,福原内科医院,広島市中区八丁堀１１－１０ＫＳビル３Ｆ,082-211-3800,福原　崇之,福原　崇之,内　消化器内科　呼内,,令6. 1. 1,ika
診療所,34,0126522,段原こどもクリニック,広島市南区段原日出１－１５－１３段原ＳＱＵＡＲＥ３Ｆ,082-285-1515,藤井　祥子,藤井　祥子,小　アレ,,令6. 4. 1,ika
診療所,34,0126530,大谷しょういちろう乳腺クリニック,広島市中区大手町一丁目５番１２号,082-258-5090,医療法人耕和会　理事長　大谷　彰一郎,大谷　彰一郎,乳腺外科,,令6. 2. 1,ika
診療所,34,0126548,医療法人社団瀬尾医院　うじな家庭医療クリニック,広島市南区宇品東６丁目２番４７号,082-256-4500,医療法人社団瀬尾医院　理事長　瀬尾　泰樹,瀬尾　卓司,内　小　外　腫瘍内科　循環器内科　呼内,,令6. 5. 1,ika
診療所,34,0126563,宇品おおくぼ内科クリニック,広島市南区宇品西三丁目４－３３－３階,082-253-5865,大久保　博史,大久保　博史,内　糖尿病内科　内分泌内科,,令6. 5. 1,ika
診療所,34,0126571,西村内科クリニック,広島市中区袋町５－３８山中ビル４階,082-242-0118,西山　奈緒子,西山　奈緒子,内　胃腸内科　循環器内科,,令6. 2. 23,ika
診療所,34,0126589,身原皮ふ科・形成外科クリニック,広島市中区八丁堀１４番７号７階,082-512-4112,医療法人　近和会　理事長　身原　京美,身原　京美,皮　形外,,令6. 4. 1,ika
診療所,34,0126597,杉屋内科医院,広島市東区光町２丁目６番１２－１０１号,082-263-1225,杉屋　武司,杉屋　武司,内,,令6. 4. 1,ika
診療所,34,0126605,にほ耳鼻科・内科心臓血管クリニック,広島市南区仁保新町二丁目５番３２号グレイスコート仁保新町１Ｆ,082-890-8088,医療法人明志会　理事長　岡田　明子,岡田　明子,耳い　アレ　内　循環器内科　心外,,令6. 4. 1,ika
診療所,34,0126613,大手町こぶけ内科クリニック,広島市中区大手町３－１－１１,082-504-6255,小武家　和博,小武家　和博,内　内分泌・代謝・糖尿病内科,,令6. 4. 1,ika
診療所,34,0126639,ひろしま駅前乳腺クリニック,広島市南区松原町９－１,082-259-3610,医療法人社団明樟会　理事長　前沖　智子,長野　晃子,乳腺外科,,令6. 5. 1,ika
診療所,34,0126647,いずみ整形外科・せぼねクリニック,広島市中区吉島西一丁目２２番１３号,082-241-2131,医療法人熊の会　理事長　泉　恭博,泉　文一郎,整外　リウ　リハ,,令6. 5. 1,ika
診療所,34,0126654,医療法人　社団　沖本眼科,広島市東区光町一丁目１４番２５号,082-264-1320,医療法人社団沖本眼科　理事長　沖本　峰子,沖本　聡志,眼,,令6. 5. 1,ika
診療所,34,0126662,地方職員共済組合広島県支部　診療所,広島市中区基町１０－５２,082-513-5710,地方職員共済組合広島県支部長　広島県知事　横田　美香,井原　弥子,内　放,,令6. 5. 13,ika
診療所,34,0126670,うじな整形外科スポーツ・リハビリクリニック,広島市南区宇品西３丁目４－３３,082-255-2555,秋本　泰芳,秋本　泰芳,整外　リハ,,令6. 8. 1,ika
診療所,34,0126688,ゆきレディースクリニック段原,広島市南区段原南１－３－５３イーストビル２Ｆ,082-258-5455,羽間　夕紀子,羽間　夕紀子,産,,令6. 7. 1,ika
診療所,34,0126696,オクノクリニック広島駅前院,広島市東区若草町１１番１－１０３号,082-569-8685,医療法人　龍樹会　理事長　池田　昌樹,村尾　力矢,外　リハ,,令6. 7. 1,ika
診療所,34,0126704,どい医院,広島市東区戸坂大上４丁目１５－２６,082-229-1011,土井　龍一,土井　龍一,内　消化器内科　心内　循環器内科,,令6. 9. 1,ika
診療所,34,0126712,ひろしま内視鏡内科クリニック,広島市南区松原町９－１エールエールＡ館７階,082-546-9512,畑　幸作,畑　幸作,内視鏡内科　内　消化器内科,,令6. 8. 1,ika
診療所,34,0126720,えばら泌尿器科,広島市東区若草町１１－２グランアークテラス２階,082-236-8430,江原　伸,江原　伸,ひ,,令6. 8. 1,ika
診療所,34,0126738,矢野駅前さかもと皮ふ科アレルギー科,広島市安芸区矢野西４－３－１５　２０２,082-889-4112,坂本　旭,坂本　旭,皮　アレ　形外　美容皮膚科,,令6. 10. 1,ika
診療所,34,0126746,広島ＤＳ内視鏡・日帰り手術クリニック,広島市中区紙屋町２丁目２番２号紙屋町ビル３階,082-249-2222,医療法人ＤＳ　理事長　藤解　邦生,藤解　邦生,外　消化器内科　内視鏡内科　胃腸内科　肛門外科,,令6. 9. 1,ika
診療所,34,0126753,消化器内科ぺんぎんクリニック,広島市中区上幟町９番２７号セレクト縮景園４０３,082-111-7201,中條　進,中條　進,内　消化器内科,,令6. 9. 1,ika
診療所,34,0126761,笹尾クリニック,広島市中区宝町４－７笹尾ビル２Ｆ,082-541-6363,笹尾　昌悟,笹尾　昌悟,内　胃腸内科,,令6. 10. 1,ika
診療所,34,0126779,ひろしま脳神経内科クリニック,広島市南区松原町５番１号ビッグフロントひろしま４Ｆ,082-568-0241,医療法人光る会　理事長　田路　浩正,田路　浩正,内　脳内　脳外　リハ,,令6. 10. 1,ika
診療所,34,0126787,こどもウェルビーイングクリニック　こころの小枝,広島市中区幟町８－２０井原ビル２０３,070-9018-3977,上領　直子,上領　直子,心内　精,,令6. 12. 1,ika
診療所,34,0126803,医療法人　宇品神田クリニック,広島市南区宇品御幸二丁目１－９,082-253-5344,医療法人宇品神田クリニック　理事長　片岡　努,片岡　努,精,,令6. 11. 1,ika
診療所,34,0126811,広島八丁堀内科・胃腸内視鏡クリニック,広島市中区八丁堀１１番１９号坪井第２ビル３階,082-962-6666,医療法人社団はっぴねす　理事長　本田　誠四郎,本田　寛和,内　内視鏡内科　消化器内科　胃腸内科　肝臓内科,,令7. 3. 1,ika
診療所,34,0126829,広島アイクリニック,広島市中区幟町１３－４広島マツダビル３Ｆ,082-223-8822,木内　良明,木内　良明,眼,,令7. 1. 1,ika
病院,34,0126837,瀬野記念病院,広島市安芸区瀬野４丁目１６４１番地１,082-894-1117,医療法人松栄会　理事長　坂本　達哉,栗栖　佳宏,療養　療養　内　腎臓内科　消化器内科　循環器内科　リハ,99,令7. 1. 11,ika
診療所,34,0126845,ファミリークリニック広島中央,広島市中区幟町１４番地１４号広島教販ビル　５階Ｃ・Ｄ区画,082-962-1940,医療法人修志会　理事長　西田　雄介,石原　浩人,内　緩和ケア内科　精　整外　皮,,令7. 2. 1,ika
診療所,34,0126852,本通みよしクリニック,広島市中区本通３－１０－３０２,082-247-2000,三好　永展,三好　永展,内　小　外,,令7. 4. 1,ika
診療所,34,0126860,腎泌尿器　青空クリニック,広島市中区八丁堀１番１２号マスキ八丁堀ビル８階,082-962-6640,上田　晃嗣,上田　晃嗣,ひ,,令7. 3. 1,ika
診療所,34,0126878,ノボリ整形外科リハビリクリニック,広島市中区幟町１３番４号広島マツダビルＢ１Ｆ,082-211-3377,杉原　千沙,杉原　千沙,整外　リハ　リウ,,令7. 3. 1,ika
診療所,34,0126886,くまさん脳クリニック,広島市南区東雲本町２丁目４－２２,082-569-9393,根石　拡行,根石　拡行,脳外　内　神内　リハ,,令7. 6. 1,ika
診療所,34,0126894,藤元内科ファミリークリニック,広島市南区東本浦町２２番２９号,082-890-1200,医療法人社団藤元内科ファミリークリニック　理事長　藤元　貴啓,藤元　貴啓,内　小　リウ　呼内　アレ　消化器内科　血液内科,,令7. 4. 1,ika
診療所,34,0126910,東雲眼科医院,広島市中区本通８－２９　２Ｆ,082-246-7832,楠　弘子,楠　弘子,眼,,令7. 4. 1,ika
診療所,34,0126928,紙屋町こころのクリニック,広島市中区紙屋町二丁目３番２０号３階３０３,082-236-1705,医療法人　精療会　理事長　皆川　英明,皆川　英明,心内　精,,令7. 4. 1,ika
診療所,34,0126936,うした東内科クリニック,広島市東区牛田東１丁目１－２６花房ビル１階,082-836-7637,山内　崇宏,山内　崇宏,内　小　アレ,,令7. 5. 1,ika
診療所,34,0126944,紙屋町やなせ皮ふ科クリニック,広島市中区紙屋町二丁目３番２０号３階３０１,082-236-1212,医療法人　如水会　理事長　栁瀬　哲至,栁瀬　哲至,皮,,令7. 4. 1,ika
診療所,34,0126951,ジュノビューティークリニック広島院,広島市中区紙屋町１丁目１－１東和ビル６階,082-569-5801,医療法人社団　水生会　理事長　河合　成海,小林　佑紀,美外　美容皮膚科　ひ,,令7. 5. 1,ika
病院,34,0126969,県立二葉の里病院,広島市東区二葉の里三丁目１番３６号,082-262-1171,地方独立行政法人広島県立病院機構　理事長　粟井　和夫,工藤　美樹,一般　一般　内　呼内　循環器内科　消化器内科　小　精　外　人工透析外科　消化器外科　整外　産婦　眼　耳い　皮　ひ　放　麻　歯外　リハ　病理　緩和ケア内科　リウ　脳内,269,令7. 4. 1,ika
病院,34,0126977,県立広島病院,広島市南区宇品神田一丁目５番５４号,082-254-1818,地方独立行政法人広島県立病院機構　理事長　粟井　和夫,板本　敏行,一般　一般　精神　精神　内　消化器内科　内視鏡内科　呼内　リウ　内分泌内科　精　消化器・乳腺外科　整外　形外　皮　ひ　眼　頭頸部・耳鼻咽喉科　リハ　放射線診断科　放射線治療科　歯　歯外　麻　循環器内科　脳内　心外　呼吸器外科　脳外　救急科　小児科　小児科（新生児）　小児科（腎臓）　小外　産婦　腎臓内科　移植外科　病理,707,令7. 4. 1,ika
診療所,34,0126985,新本クリニック整形外科,広島市東区牛田本町六丁目１番２７号　５階,082-502-8008,医療法人みのる会　理事長　新本　卓也,新本　卓也,整外　リハ,,令7. 5. 1,ika
診療所,34,0126993,平和記念公園鼻専門クリニック,広島市中区紙屋町２丁目２番６号　７、８階,082-240-8741,医療法人さんか　理事長　三箇　敏昭,竹本　浩太,耳い,,令7. 8. 1,ika
診療所,34,0127009,ゆめみなみ乳腺クリニック,広島市南区皆実町５丁目１０番２６号,082-256-3733,尾﨑　慎治,尾﨑　慎治,乳腺外科　外,,令7. 7. 1,ika
診療所,34,0127017,しおで循環器内科クリニック,広島市中区幟町１３－４広島マツダビル２階,082-502-1051,塩出　宣雄,塩出　宣雄,循環器内科　内,,令7. 9. 1,ika
診療所,34,0127025,医療法人　秋本クリニック　ひろしま駅北,広島市東区光町二丁目２番２７号　１階,082-263-7777,医療法人秋本クリニック　理事長　秋本　悦志,太田　浩志,内　外,,令7. 10. 1,ika
診療所,34,0127033,神人クリニック,広島市東区若草町９番１２－４０１号,082-261-0600,医療法人社団えとむ会　理事長　神人　蘭,神人　蘭,精　心内　内,,令7. 11. 1,ika
診療所,34,0127041,あけぼの循環器・内科クリニック,広島市東区曙一丁目８番９号ＫＭビル２階Ａ室,082-298-1331,元田　親章,元田　親章,内　循環器内科,,令8. 1. 1,ika
診療所,34,0127058,医療法人修輝会　霞クリニック,広島市南区東雲本町一丁目２番２７号,082-282-0033,医療法人　修輝会　理事長　北村　直幸,北村　直幸,放射線診断科,,令7. 11. 1,ika
診療所,34,0127066,鼠径ヘルニア日帰り手術広島アルプスクリニック,広島市東区二葉の里三丁目５番７－２０６号ＧＲＡＮＯＤＥ広島２階,082-263-8123,一般社団法人日帰り手術推進機構　代表理事　所　為然,中島　一記,外　消化器外科　麻,,令7. 12. 1,ika
診療所,34,0127074,ひろさわ内科駅前クリニック,広島市南区松原町９－１エールエールＡ館７階,082-263-0265,広沢　秀泰,広沢　秀泰,内,,令8. 3. 1,ika
診療所,34,0127082,福木中央クリニック,広島市東区馬木４丁目１７０５番,082-899-7177,端　孝樹,端　孝樹,内　循環器内科,,令8. 4. 1,ika
診療所,34,0127090,グランハート二葉クリニック,広島市東区二葉の里３丁目３番３号ディール広島１Ｆ,082-261-9810,渡邊　紀晶,渡邊　紀晶,内　循環器内科,,令8. 5. 1,ika
診療所,34,0127108,ゆうはレディースクリニック,広島市中区八丁堀４番１８号クラース八丁堀ザ・マーク１０１号,082-211-0819,医療法人　優葉　理事長　岡本　啓,岡本　啓,産婦,,令8. 4. 1,ika
診療所,34,0127116,医療法人修輝会　ひろしま病理診断クリニック,広島市中区八丁堀１１番２８号朝日広告ビル３階,082-222-0777,医療法人修輝会　理事長　北村　直幸,井内　康輝,病理,,令8. 4. 1,ika
診療所,34,0127124,ひのでクリニック,広島市南区段原日出一丁目１２番１８－１０１号,082-236-7310,医療法人ひので　理事長　橋本　和憲,橋本　和憲,内　呼内　小　心内　精,,令8. 5. 1,ika
病院,34,0210086,国家公務員共済組合連合会　広島記念病院,広島市中区本川町１丁目４－３,082-292-1271,国家公務員共済組合連合会　理事長　松元　崇,宮本　勝也,一般　内　消化器内科　内視鏡内科　肝臓内科　胃腸内科　循環器内科　外　消化器外科　内視鏡外科　食道外科　胃外科　大腸外科　腹部外科　肝臓外科　腫瘍外科　乳腺外科　肛門外科　婦　耳い　皮　ひ　眼　放射線科　放射線診断科　麻　病理　アレ　リハ,200,昭32. 10. 1,ika
病院,34,0210102,医療法人社団玉章会　力田病院,広島市西区鈴が峰町１４－２０,082-277-2101,医療法人社団　玉章会　理事長　中本　恭代,小野　広一,療養　内　呼　循環器内科　消化器内科　整外　リハ,,平9. 1. 1,ika
診療所,34,0210193,医療法人社団　藤田医院,広島市中区江波本町５－１８,082-231-1661,医療法人社団　藤田医院　理事長　藤田　幹雄,藤田　幹雄,内　呼　胃　循　小　リハ　放,,平2. 6. 1,ika
診療所,34,0210417,医療法人繁桂会　中川産科婦人科医院,広島市中区本川町２丁目１－１６,082-231-2832,医療法人繁桂会　理事長　中川　仁志,中川　洋,一般　産　婦　麻,,平15. 6. 1,ika
病院,34,0210458,医療法人社団　光仁会　梶川病院,広島市西区天満町８－７,082-231-1131,医療法人社団　光仁会　理事長　梶川　恵美子,末丸　直子,一般　療養　内　外　整外　ひ　リハ　放　肛門外科　神内　人工透析内科　血液内科　腎臓内科　消化器内科　腎臓外科　脳外,,昭58. 4. 1,ika
診療所,34,0210482,児玉医院,広島市安佐南区祇園４丁目５０－２４,082-875-1515,児玉　諭,児玉　諭,内　小,,平6. 3. 21,ika
病院,34,0210524,医療法人社団　正岡産婦人科病院,広島市中区猫屋町４－６,082-291-3366,医療法人社団　正岡産婦人科病院　理事長　正岡　博,正岡　亨,一般　産　婦　小,,平14. 3. 1,ika
診療所,34,0210607,酒井内科医院,広島市中区十日市町２丁目４－６,082-231-0663,酒井　克彦,酒井　克彦,内　循,,平14. 12. 1,ika
診療所,34,0210714,医療法人　西冨皮膚科医院,広島市西区草津本町１－１４,082-277-3029,医療法人　西冨皮膚科医院　理事長　木村　勇,木村　勇,皮,,平元. 10. 1,ika
病院,34,0210748,医療法人社団更生会　こころホスピタル草津,広島市西区草津梅が台１０－１,082-277-1001,医療法人社団　更生会　理事長　佐藤　悟朗,佐藤　悟朗,精神　精　内　神内　心内,429,昭32. 10. 16,ika
診療所,34,0210839,宮脇耳鼻咽喉科医院,広島市西区横川町３－１０－１９,082-231-3194,宮脇　修二,宮脇　修二,耳い　アレ,,平13. 1. 1,ika
診療所,34,0210961,医療法人社団晴風会　井上内科・胃腸科,広島市西区観音新町２－３－９,082-293-3215,医療法人社団　晴風会　井上内科・胃腸科　理事長　井上　寛己,井上　寛己,内　消,,平元. 9. 1,ika
病院,34,0211183,医療法人社団曙会　シムラ病院,広島市中区舟入町３－１３,082-294-5151,医療法人社団　曙会　理事長　池尻　佑美,高野　弘嗣,一般　整外　外　内　循環器内科　消化器内科　消化器外科　乳腺外科　肛門外科　麻　放　リハ　精　脳外,117,昭55. 5. 1,ika
診療所,34,0211225,医療法人　細川医院,広島市西区庚午中３－１－１６,082-271-1470,医療法人　細川医院　理事長　細川　哲哉,細川　哲哉,内　外,,平6. 3. 1,ika
診療所,34,0211233,医療法人社団　稲垣内科,広島市西区観音本町１丁目２２－２６,082-292-3506,医療法人社団　稲垣内科　理事長　稲垣　早織,稲垣　早織,内科　糖尿病・内分泌内科　呼内,,平12. 4. 1,ika
診療所,34,0211282,川瀬医院,広島市西区南観音２丁目５－１４,082-231-0008,川瀬　清,川瀬　清,内　循,,平16. 1. 1,ika
診療所,34,0211308,松尾産婦人科内科医院,広島市西区三篠町１丁目５－７,082-237-1506,松尾　光将,松尾　光将,一般　産婦　内　ひ　皮,,平14. 4. 22,ika
診療所,34,0211332,原田内科医院,広島市中区堺町２丁目６－２２,082-231-5577,医療法人　原田会　理事長　瀧口　ふゆ子,瀧口　ふゆ子,内,,平12. 12. 1,ika
診療所,34,0211423,山代眼科医院,広島市中区舟入本町７－１５,082-231-5989,医療法人　山代眼科医院　理事長　山代　浩人,山代　浩人,眼,,平2. 6. 1,ika
診療所,34,0211449,医療法人社団杏林会いとうクリニック,広島市西区庚午南１丁目３５－１３,082-271-1831,医療法人社団　杏林会　理事長　伊藤　孝,伊藤　孝,内　消化器内科（内視鏡）　循環器内科　外　リハ,,平10. 8. 1,ika
診療所,34,0211498,医療法人社団　成仁会　中高下整形外科医院,広島市西区観音本町２－１３－２,082-292-3791,医療法人社団　成仁会　理事長　川本　一成,川本　一成,整外,,平元. 8. 1,ika
診療所,34,0211563,医療法人　篠原医院,広島市西区井口３丁目６－３５,082-278-0393,医療法人　篠原医院　理事長　篠原　弘一,篠原　弘一,内　循環器内科　消化器内科・肝臓内科,,平元. 4. 1,ika
診療所,34,0211589,医療法人　隅田耳鼻咽喉科医院,広島市西区己斐本町３丁目１－３,082-272-5252,医療法人　隅田耳鼻咽喉科医院　理事長　隅田　伸二,隅田　伸二,耳い,,平17. 4. 1,ika
診療所,34,0211605,医療法人社団　妹尾内科,広島市中区十日市町１－４－２５,082-231-3873,医療法人社団　妹尾内科　理事長　亀井　文恵,亀井　文恵,内　呼　消　循　放　神内,,平10. 5. 1,ika
診療所,34,0211670,医療法人社団普照　小川医院,広島市西区草津東１丁目１２－１,082-271-1711,医療法人社団　普照小川医院　理事長　野川　正則,野川　正則,外,,平9. 12. 1,ika
診療所,34,0211704,医療法人　千寿会　平林内科医院,広島市西区南観音６－１－６,082-293-2700,医療法人　千寿会　平林内科医院　理事長　平林　一郎,平林　一郎,内　胃　循　小,,平6. 4. 1,ika
診療所,34,0211753,医療法人　網岡内科医院,広島市西区草津東１－７－２０,082-271-4398,医療法人　網岡内科医院　理事長　網岡　徹,網岡　徹,内　消　放,,平8. 3. 1,ika
診療所,34,0211779,岡田眼科医院,広島市中区江波二本松１丁目１５－３,082-232-0600,医療法人　岡田眼科医院　理事長　岡田　克樹,岡田　克樹,眼,,平元. 8. 1,ika
診療所,34,0211811,医療法人社団　梶谷整形外科,広島市中区舟入南４－１４－１０,082-231-1212,医療法人社団　梶谷整形外科　理事長　梶谷　祐三,梶谷　典正,整外　外　リウ　リハ,,平元. 8. 1,ika
診療所,34,0211845,医療法人　津田耳鼻咽喉科医院,広島市中区舟入本町１２－７,082-232-5595,医療法人　津田耳鼻咽喉科医院　理事長　津田　哲也,津田　哲也,耳い,,平元. 7. 1,ika
診療所,34,0211860,山崎内科クリニック,広島市西区三篠町２丁目４－２８,082-230-5555,医療法人社団　さくら会　理事長　山﨑　聡,山﨑　聡,循　胃　呼　小　放,,平12. 4. 1,ika
診療所,34,0211894,医療法人　谷本内科クリニック,広島市中区舟入南５－６－１４,082-291-2525,医療法人　谷本内科クリニック　理事長　谷本　至,谷本　至,内　消化器内科　胃腸内科　循環器内科　放,,平7. 5. 1,ika
診療所,34,0211902,医療法人社団　山下内科医院,広島市中区西川口町１２－７,082-231-5501,医療法人社団　山下内科医院　理事長　山下　誠司,山下　誠司,内　糖尿病内科　消化器内科　循環器内科　呼内　放　小,,平元. 10. 1,ika
診療所,34,0212017,藤浪医院,広島市西区草津南２丁目６－７,082-278-1800,藤浪　一宏,藤浪　一宏,内　呼　循　消胃　神内　放,,平3. 7. 1,ika
診療所,34,0212140,太田外科胃腸科放射線科医院,広島市中区舟入南４丁目３－１,082-231-8338,太田　辰,太田　辰,外　胃　放,,平16. 12. 9,ika
診療所,34,0212223,小野内科循環器科医院,広島市西区中広町２丁目２８－１０,082-231-8585,小野　誠治,小野　誠治,内　循　小,,平11. 5. 1,ika
診療所,34,0212256,岡東耳鼻咽喉科医院,広島市西区天満町７－３,082-232-5514,岡東　周一郎,岡東　周一郎,耳　い,,平5. 9. 1,ika
診療所,34,0212371,藤村内科循環器科医院,広島市中区河原町１２－２１,082-292-0121,藤村　直一郎,藤村　直一郎,内　他,,平20. 8. 11,ika
診療所,34,0212389,中国新聞健康保険組合診療所,広島市中区土橋町７－１,082-236-2418,中国新聞健康保険組合　理事長　下山　克彦,水津　純江,内,,昭44. 10. 1,ika
診療所,34,0212413,石橋内科医院,広島市西区井口鈴が台１－４－６,082-277-8500,石橋　信三,石橋　信三,内　呼　循　小　リハ,,平12. 1. 1,ika
診療所,34,0212447,いのうえ内科脳神経クリニック,広島市中区舟入川口町５－７,082-233-0747,医療法人　いのうえ内科脳神経クリニック　理事長　井上　健,井上　健,内　脳内　アレ　漢方内科,,平4. 2. 1,ika
診療所,34,0212470,中村内科小児科医院,広島市中区舟入南３丁目１３－７,082-231-5500,中村　良彦,中村　良彦,内　小,,平元. 2. 1,ika
診療所,34,0212496,医療法人社団　秋月会　香月産婦人科,広島市西区己斐本町２－１４－２４,082-272-5588,医療法人社団　秋月会　理事長　香月　孝史,山崎　浩史,一般　産婦　小,,平19. 4. 1,ika
診療所,34,0212512,大中医院,広島市安佐南区沼田町阿戸２８１１－１,082-839-2016,大中　稔文,大中　稔文,内　小,,平5. 7. 18,ika
病院,34,0212710,医療法人社団　仁和会　児玉病院,広島市安佐北区可部７－１４－３９,082-814-3151,医療法人社団　仁和会　理事長　児玉　裕志,中井　俊一,精神　精　心内,379,昭49. 5. 1,ika
診療所,34,0212728,松原医院,広島市安佐北区三入３丁目１６－２２,082-818-6363,松原　秀樹,松原　秀樹,内　消,,平16. 10. 1,ika
診療所,34,0212819,白石眼科ペインクリニック,広島市安佐北区可部３丁目２１－２０,082-812-2325,医療法人社団　敬正会　白石医院　理事長　白石　正治,白石　正治,眼　内　麻,,平5. 3. 1,ika
診療所,34,0212827,医療法人　吉川医院,広島市安佐北区大林１－２１－３４,082-818-2501,医療法人　吉川医院　理事長　吉川　正哉,吉川　正哉,内　消胃　放,,平元. 10. 1,ika
診療所,34,0212843,窪医院,広島市安佐北区亀山南５－７－２４,082-812-2588,窪　弘之,窪　弘之,内　リハ,,平7. 4. 1,ika
診療所,34,0212850,土井クリニック,広島市安佐北区可部２－４０－２２,082-814-3211,医療法人社団　土居会　理事長　平田　滋,平田　滋,外　内　整外　小　消化器内科　肛門外科,,平6. 1. 1,ika
診療所,34,0212868,医療法人社団　河野医院,広島市安佐北区三入６－２１－１６,082-818-5110,医療法人社団　河野医院　理事長　河野　康之,河野　康之,内　循環器内科,,平元. 10. 1,ika
診療所,34,0212876,医療法人　竹田眼科医院,広島市安佐北区可部５丁目１１－２３,082-812-3233,医療法人　竹田眼科医院　理事長　竹田　欣史,竹田　欣史,眼,,平14. 4. 1,ika
診療所,34,0212884,医療法人敬愛会　沖野医院,広島市安佐北区可部６丁目５－９,082-812-3245,医療法人　敬愛会　理事長　増岡　俊治,増岡　俊治,内　循　小,,平16. 4. 1,ika
診療所,34,0212942,川本内科呼吸器内科クリニック,広島市西区東観音町５－６,082-292-3669,医療法人社団　芸朋会　理事長　川本　仁,川本　仁,内　呼,,平元. 5. 1,ika
診療所,34,0213007,堀江医院,広島市安佐南区祇園２丁目２２－２８,082-874-0071,堀江　正憲,堀江　正憲,一般　内　呼内　小　アレ　他,,昭57. 9. 14,ika
診療所,34,0213064,津田医院,広島市安佐南区長束３－１０－３１,082-874-0236,津田　佳織,津田　佳織,耳　い,,平9. 6. 1,ika
病院,34,0213106,頼島産婦人科病院,広島市安佐南区西原５丁目１１－１８,082-874-0523,医療法人社団　昭信会　理事長　頼島　令子,頼島　力,一般　産　婦　小,,平11. 7. 1,ika
診療所,34,0213122,医療法人社団　田中医院,広島市安佐南区長束５丁目３２－２－２,082-239-2050,医療法人社団　田中医院　理事長　田中　英司,田中　英司,内,,平15. 10. 1,ika
診療所,34,0213239,ヒノ井外科医院,広島市安佐南区祇園１丁目２５－８,082-874-6611,医療法人　ヒノ井医院　理事長　檜井　俊英,檜井　俊英,一般　療養　外　胃　整外　内　脳外,,平11. 10. 1,ika
診療所,34,0213254,医療法人社団　鈴峰今中医院,広島市西区井口４丁目２－３１,082-277-1223,医療法人社団　鈴峰今中医院　理事長　河村　慎吾,河村　慎吾,内　呼　消　循　小　産　婦　リハ,,平9. 9. 1,ika
診療所,34,0213288,医療法人社団　向井眼科,広島市安佐南区祇園２－４１－１,082-874-6633,医療法人社団　向井眼科　理事長　向井　聖,向井　聖,眼,,平元. 9. 1,ika
診療所,34,0213320,はしもとクリニック,広島市安佐北区深川５－２３－１,082-842-0016,橋本　成史,橋本　成史,内　リウ　ひ,,平元. 4. 1,ika
病院,34,0213338,高陽中央病院,広島市安佐北区落合５丁目１－１０,082-842-0002,医療法人社団　加藤会　理事長　加藤　誓,加藤　誓,療養　内　循　消　整外　リハ　眼,,平7. 12. 1,ika
診療所,34,0213395,平野内科医院,広島市安佐北区口田南７－１２－３１,082-842-0106,平野　和博,平野　和博,内　循　小,,昭60. 1. 1,ika
診療所,34,0213429,医療法人社団追風会　大本内科医院,広島市安佐南区上安２丁目４－３６,082-878-8105,医療法人　社団追風会　大本内科医院　理事長　大本　崇,大本　崇,内　胃　麻　小,,平16. 3. 1,ika
病院,34,0213437,医療法人社団恵愛会　安佐病院,広島市安佐南区八木５－１５－１,082-873-2022,医療法人社団　恵愛会　理事長　檜山　俊夫,檜山　俊夫,精神　精　心内　歯,376,昭55. 4. 1,ika
診療所,34,0213460,桑原医院,広島市安佐南区八木２丁目１３－２７,082-873-2516,医療法人　唐淵会　理事長　桑原　正彦,桑原　正彦,小　内　心内　精,,平13. 10. 1,ika
診療所,34,0213536,おかもとクリニック,広島市安佐南区相田１－１０－１１,082-878-8096,医療法人社団　渓流会　理事長　岡本　英樹,岡本　英樹,一般　療養　外　内　リハ　皮　ひ　整外　消化器内科,,平6. 5. 1,ika
診療所,34,0213577,西医院,広島市安佐南区大町東１－２－２４,082-877-1110,西　浩子,西　浩子,内,,平14. 1. 1,ika
診療所,34,0213593,医療法人　社団　三矢会　原田医院,広島市安佐南区川内４丁目１５－１８,082-877-7581,医療法人　社団　三矢会　原田医院　理事長　原田　昌彦,原田　昌彦,内　小　整外　リハ　アレ,,平元. 7. 1,ika
病院,34,0213668,医療法人社団　加川整形外科病院,広島市西区古江西町２２－１０,082-271-5127,医療法人社団　加川整形外科病院　理事長　山﨑　健,山﨑　健,一般　整外　内　リハ　麻,,平17. 10. 1,ika
診療所,34,0213684,医療法人社団　匡医　木村神経科内科クリニック,広島市中区榎町３－１,082-292-8381,医療法人社団　匡医　理事長　武井　史朗,武井　史朗,精　心内　内　リハ,,平8. 1. 1,ika
診療所,34,0213700,広島中央保健生活協同組合　コープ草津診療所,広島市西区草津東１－１１－４３,082-272-8665,広島中央保健生活協同組合　代表理事　理事長　福山　愼二,福山　慎二,内,,昭52. 11. 30,ika
診療所,34,0213734,広島医療生活協同組合　津田診療所,広島市安佐北区可部２－１３－２２,082-812-2048,広島医療生活協同組合　理事長　坂本　裕,木山　茂,内,,昭61. 6. 1,ika
診療所,34,0213775,医療法人社団　日域医院,広島市西区己斐本町１－１４－１４,082-272-1731,医療法人社団　日域医院　理事長　日域　広昭,日域　広昭,心内　精,,平2. 12. 1,ika
診療所,34,0213809,一般財団法人広島県環境保健協会　健康クリニック,広島市中区広瀬北町９－１,082-232-4857,一般財団法人　広島県環境保健協会　理事長　兼森　裕,武生　英一郎,内　婦,,平7. 4. 1,ika
診療所,34,0213833,堀川内科胃腸科消化器科,広島市安佐北区深川３丁目１１－２０,082-842-7533,堀川　和彦,堀川　和彦,内　消,,平14. 5. 1,ika
病院,34,0213932,医療法人社団　慈恵会　いまだ病院,広島市西区三篠町１丁目５－１,082-238-6111,医療法人社団　慈恵会　理事長　大杉　健,大杉　健,一般　外　整外　リハ　胃腸内科　こう　麻　眼,,平15. 4. 1,ika
病院,34,0214005,長久堂野村病院,広島市安佐北区可部南４－１７－３０,082-815-2882,医療法人　長久堂野村病院　理事長　野村　真哉,野村　真哉,一般　療養　内　循　外　整外　リハ　麻　疼痛緩和内科　ペインクリニック外科　胃,,平2. 7. 1,ika
診療所,34,0214047,平賀内科医院,広島市安佐北区あさひが丘２－１－５,082-838-2626,平賀　敬己,平賀　敬己,内　放,,平7. 5. 16,ika
診療所,34,0214088,医療法人社団　小林内科胃腸科医院,広島市西区庚午北２－１８－１２,082-271-1250,医療法人社団　小林内科胃腸科医院　理事長　小林　隆彦,小林　隆彦,内　胃,,平6. 2. 1,ika
診療所,34,0214104,医療法人仁医会　井口医院,広島市安佐北区可部７丁目５－７,082-815-1777,医療法人仁医会　井口医院　理事長　井口　雅之,井口　雅之,一般　内　腎臓内科（人工透析）　糖尿病内科　循環器内科　ひ,,平19. 5. 7,ika
診療所,34,0214120,医療法人社団　あと会　なかお内科消化器呼吸器クリニック　横山外科胃腸科,広島市安佐北区落合南１－１１－２２,082-843-1212,医療法人社団　あと会　理事長　横山　吉宏,中尾　円,内　外　胃　整外　呼内　消　こう,,昭62. 11. 1,ika
病院,34,0214179,医療法人社団共愛会　己斐ケ丘病院,広島市西区己斐上６丁目５５４－１,082-272-2126,医療法人社団　共愛会　理事長　井上　武敏,佐川　正治,精神　精　神,221,昭55. 12. 1,ika
診療所,34,0214195,三好内科医院,広島市西区天満町１７－１,082-294-2277,医療法人三好内科医院　理事長　三好　秀征,三好　秀征,内　消化器内科　内視鏡内科　肛門外科,,平元. 9. 1,ika
診療所,34,0214203,医療法人社団　村上整形外科医院,広島市安佐南区古市１－３４－１２,082-877-6878,医療法人社団　村上整形外科医院　理事長　村上　健,村上　健,整外,,平4. 9. 1,ika
診療所,34,0214245,中村整形外科医院,広島市安佐北区三入１－６－１,082-818-2122,医療法人　中村会　理事長　中村　友彦,中村　友彦,整外　リハ,,平8. 4. 1,ika
診療所,34,0214260,医療法人　尚志会　古江駅前内科,広島市西区古江新町３－７,082-273-1211,医療法人　尚志会　理事長　髙田　俊介,髙田　尚,内　消化器内科　内視鏡内科,,平14. 10. 1,ika
診療所,34,0214369,医療法人社団　石田内科,広島市西区己斐上２丁目１１－３,082-272-2121,医療法人社団　石田内科　理事長　石田　實,石田　實,内　消,,平7. 2. 1,ika
診療所,34,0214377,医療法人社団さつき会　三上整形外科医院,広島市安佐南区長楽寺１丁目８－９,082-872-3311,医療法人社団さつき会　理事長　三上　友明,三上　友明,一般　整外　リハ,,平19. 4. 1,ika
病院,34,0214393,日比野病院,広島市安佐南区伴東７丁目９番２号,082-848-2357,医療法人　信愛会　理事長　日比野　誠一郎,日比野　誠一郎,一般　療養　脳外　内　リハ　循　脳内　呼内　麻,,平11. 10. 1,ika
診療所,34,0214427,福井内科医院,広島市安佐南区長楽寺２－１３－２６,082-872-4114,医療法人社団　生仁会　理事長　福井　信之,福井　信之,内　循環器内科　消化器内科　呼内　放　小　緩和ケア内科　麻　糖尿病内科,,平10. 4. 1,ika
診療所,34,0214435,山下内科医院,広島市西区山田新町２丁目２３－１,082-272-7666,山下　征紀,山下　征紀,内　消　小,,昭55. 3. 1,ika
診療所,34,0214476,古川小児科内科医院,広島市安佐北区口田４丁目２０－２０,082-843-3322,医療法人　古川小児科内科医院　理事　古川　久美子,管理者　不在,小　内　呼　循　皮,,平3. 9. 1,ika
診療所,34,0214500,医療法人　中村耳鼻咽喉科医院,広島市安佐北区口田３－１－２８,082-843-3300,医療法人　中村耳鼻咽喉科医院　理事長　中村　昭郎,中村　昭郎,耳い,,平2. 9. 1,ika
診療所,34,0214526,名草内科胃腸科医院,広島市安佐北区落合１丁目２－６,082-843-3066,医療法人　名草内科胃腸科医院　理事長　名草　芳博,名草　芳博,内　胃　循　小　神,,平3. 12. 1,ika
診療所,34,0214559,医療法人社団　石川胃腸科医院,広島市安佐南区緑井４丁目２５－７,082-879-3351,医療法人社団　石川胃腸科医院　理事長　石川　信,石川　信,内　胃　外　放,,昭64. 1. 1,ika
診療所,34,0214575,辰上内科医院,広島市安佐南区緑井３－１０－１１,082-879-3383,医療法人　辰上内科医院　理事長　辰上　雅名,辰上　雅名,内　胃　循　小　放,,平元. 10. 1,ika
病院,34,0214625,野村病院,広島市安佐南区祇園２丁目４２－１４,082-875-1111,医療法人　メディカルパーク　理事長　寺山　弘志,寺山　弘志,一般　療養　消化器内科　循環器内科　呼内　内分泌内科　神内　内視鏡内科　消化器外科　肛門外科　乳腺外科　呼外　整外　リハ　脳外　皮,,平10. 10. 1,ika
診療所,34,0214666,高陽第一診療所,広島市安佐北区落合１丁目１４－９,082-842-1177,医療法人社団　緑雨会　理事長　吉田　良順,吉田　良順,内　小　神内　リハ,,昭63. 11. 1,ika
診療所,34,0214674,砂川クリニック,広島市安佐南区八木７－６－２５,082-873-3321,医療法人社団　ほむら会　理事長　砂川　保幸,砂川　保幸,外　内　胃　整外　放,,平2. 1. 1,ika
診療所,34,0214740,新谷整形外科医院,広島市安佐北区落合南７－４－２２,082-843-2155,医療法人社団　白百合会　理事長　新谷　貫之,新谷　貫之,整外　リハ　リウ　放,,昭63. 4. 1,ika
診療所,34,0214773,田辺泌尿器科医院,広島市中区舟入中町８－６,082-292-8772,医療法人社団　田辺泌尿器科医院　理事長　田　徹行,田　徹行,ひ　性,,平6. 10. 1,ika
病院,34,0214849,医療法人社団うすい会　高陽ニュータウン病院,広島市安佐北区亀崎４丁目７－１,082-843-1211,医療法人　社団　うすい会　理事長　田尻　子,八田　信朗,一般　療養　内　循環器内科　消化器内科　肝臓内科　脳内　整外　小　眼　放　リハ,,昭57. 7. 1,ika
診療所,34,0214872,はらだ小児科医院,広島市中区堺町２丁目６－２２,082-231-7982,医療法人　原田会　理事長　瀧口　ふゆ子,藤本　浩美,小,,平12. 12. 1,ika
診療所,34,0214906,吉山クリニック,広島市安佐北区可部南４－５－１０,082-815-0666,医療法人　社団　孝風会　理事長　吉山　正孝,吉山　道貫,一般　脳外　神内　リハ　放,,平5. 8. 1,ika
診療所,34,0214955,石原耳鼻咽喉科医院,広島市西区井口明神１－１４－４９,082-278-3320,石原　啓司,石原　啓司,耳い,,平18. 5. 1,ika
診療所,34,0214963,博美医院,広島市西区観音本町１－７－２６,082-231-7274,医療法人社団　博美医院　理事長　大上　泰典,大上　泰典,腎臓内科（人工透析）,,昭62. 5. 1,ika
診療所,34,0214971,石田医院,広島市西区庚午中３丁目１－１,082-272-7913,石田　修三,石田　修三,内　胃,,昭58. 3. 1,ika
診療所,34,0214989,奥田整形外科皮膚科医院,広島市西区井口明神１丁目１５－２１,082-277-2288,医療法人　かがやき会　理事長　奥田　晃章,高沢　皓文,一般　整外　リハ　皮,,平19. 4. 1,ika
診療所,34,0214997,医療法人社団　博寿会　山下医院,広島市安佐北区口田１－１５－１０,082-843-1011,医療法人　社団　博寿会　理事長　山下　達博,山下　達博,一般　療養　外　胃腸内科　人工透析内科　耳い　リハ　放　アレ,,昭60. 12. 1,ika
診療所,34,0215093,薮田耳鼻咽喉科医院,広島市西区井ノ口鈴が台３丁目５－２０,082-277-6463,薮田　良三,薮田　良三,耳い,,平14. 4. 1,ika
診療所,34,0215127,医療法人社団博栄会　津村耳鼻咽喉科,広島市安佐北区可部３丁目２４－２９,082-812-3387,医療法人　社団博栄会　津村耳鼻咽喉科　理事長　津村　薫,津村　滋,耳　い,,平7. 1. 1,ika
診療所,34,0215135,はしもと眼科,広島市安佐北区深川５丁目２３－８,082-843-9918,橋本　克枝,橋本　克枝,眼,,平11. 9. 1,ika
診療所,34,0215143,馬場眼科,広島市安佐南区相田１－１０－１７,082-878-2000,馬場　幸夫,馬場　幸夫,一般　眼,,昭60. 2. 1,ika
病院,34,0215150,養神館病院,広島市佐伯区五日市１丁目１２－６,082-922-3153,医療法人　翠和会　理事長　石井　和彦,石井　和彦,精神　精　神,218,平9. 11. 1,ika
病院,34,0215192,医療法人社団　一陽会　原田病院,広島市佐伯区海老山町７－１０,082-923-5161,医療法人社団　一陽会　理事長　西澤　欣子,山下　和臣,一般　内　腎臓内科（人工透析）　糖尿病・代謝内科　消化器内科（内視鏡）　呼内　循環器内科　透析外科　放　ひ　整外　リハ　麻,120,平16. 10. 1,ika
診療所,34,0215259,小田医院,広島市佐伯区五日市町上河内４９８－１,082-928-0185,小田　薫,小田　薫,内,,平9. 12. 11,ika
診療所,34,0215374,町田内科・神経内科クリニック,広島市佐伯区隅の浜２－９－７,082-922-0033,町田　仁史,町田　仁史,内　神内,,平9. 9. 1,ika
診療所,34,0215424,医療法人社団　林外科医院,広島市佐伯区五日市中央２丁目６－７,082-923-8118,医療法人社団　林外科医院　理事長　林　幹也,林　幹也,外　内　整外　胃　リハ,,平12. 10. 1,ika
診療所,34,0215440,寄田医院,広島市佐伯区五日市中央２丁目２－１５,082-921-0689,寄田　純生,寄田　純生,内,,平15. 8. 17,ika
診療所,34,0215465,河田産婦人科医院,広島市佐伯区海老園１丁目２－１３,082-921-3501,医療法人　紹応会　河田産婦人科医院　理事長　向井　啓司,向井　啓司,一般　産　婦,,平15. 10. 1,ika
診療所,34,0215473,山下外科医院,広島市佐伯区五日市中央５丁目１３－２５,082-921-2581,医療法人社団　つわぶき会　理事長　山下　拓哉,山下　拓哉,内　外,,平11. 4. 1,ika
診療所,34,0215523,三宅クリニック,広島市佐伯区五日市中央５丁目１－３９,082-922-3655,医療法人社団　三宅クリニック　理事長　三宅　信昭,三宅　信昭,外　内　胃　皮,,平18. 11. 1,ika
病院,34,0215630,ナカムラ病院,広島市佐伯区坪井３丁目８１８－１,082-923-8333,医療法人　ピーアイエー　理事長　中村　友美,塚野　健,精神　療養　内　神　精　リハ　歯,210,平3. 5. 1,ika
診療所,34,0215648,医療法人社団　北野皮ふ科医院,広島市佐伯区五日市駅前３丁目９－１４,082-922-6622,医療法人社団　北野皮ふ科医院　理事長　北野　雅朗,北野　雅朗,皮,,平14. 10. 1,ika
病院,34,0215655,医療法人社団初仁会　桧田病院,広島市佐伯区五日市中央１丁目１－３２,082-923-1116,医療法人　社団　初仁会　理事長　山田　充宏,山田　充宏,療養　内　リハ,114,昭58. 1. 1,ika
診療所,34,0215697,医療法人　くが眼科医院,広島市佐伯区五日市中央７－１２－１,082-923-8904,医療法人　くが眼科医院　理事長　久賀　宣幸,久賀　宣幸,眼,,平元. 6. 1,ika
診療所,34,0215796,松村循環器・外科医院,広島市佐伯区楽々園２丁目２－１９,082-921-0434,医療法人　松村循環器・外科医院　理事長　松村　誠,松村　隆,循環器内科　内　外　消化器内科　呼内,,昭63. 11. 1,ika
診療所,34,0215838,あさお医院,広島市中区江波南１－７－１７,082-293-2495,佐々木　千恵子,佐々木　千恵子,内　小,,昭60. 5. 1,ika
診療所,34,0215861,医療法人社団　光会　中野内科医院,広島市安佐北区亀山７－１－６,082-812-2711,医療法人　社団　光会　理事長　中野　寛二,中野　寛二,内,,昭62. 11. 1,ika
診療所,34,0215887,高田小児科医院,広島市佐伯区五日市中央３－１５－１９,082-921-1250,高田　絹子,高田　絹子,小,,昭60. 6. 1,ika
診療所,34,0215911,近藤眼科医院,広島市安佐北区口田３－１－５,082-843-2248,医療法人　近藤眼科医院　理事長　近藤　英明,近藤　英明,眼,,平7. 12. 1,ika
診療所,34,0215937,ちゃたに胃腸科外科,広島市中区榎町３－２４,082-292-8881,医療法人　ちゃたに胃腸科外科　理事長　茶谷　成,茶谷　成,外　胃　整外　こう　リハ　放　内,,平4. 6. 1,ika
診療所,34,0215945,中村内科医院,広島市佐伯区美鈴が丘西１－１－１,082-928-2864,医療法人登静会　理事長　中村　真也,中村　真也,内　呼内　消化器内科　循環器内科　小　精　皮　リハ　外,,平2. 7. 1,ika
診療所,34,0215952,医療法人社団花水木会　鈴張クリニック,広島市安佐北区安佐町鈴張２０１３－１,082-835-0260,医療法人社団　花水木会　理事長　上田　茂之,上田　茂之,内　循環器内科　消化器内科　呼内　整外　外　精　小,,平7. 6. 1,ika
診療所,34,0215986,小池消化器科外科内科,広島市西区草津新町１－１７－１９,082-278-1151,医療法人　社団　小池消化器科外科内科　理事長　小池　彰久,小池　彰久,一般　消　内　外,,平元. 10. 1,ika
病院,34,0216000,荒木脳神経外科病院,広島市西区庚午北２丁目８－７,082-272-1114,医療法人　光臨会　理事長　荒木　勇人,磯部　尚幸,一般　脳外　外　内　循環器内科　消化器内科　脳内　放射線診断科　リハ,110,平12. 4. 1,ika
診療所,34,0216026,久保田内科クリニック,広島市西区井口台２－２３－３２,082-278-5321,医療法人社団　久保田内科クリニック　理事長　久保田　茂夫,久保田　茂夫,内　消　循　小,,平元. 8. 1,ika
診療所,34,0216034,医療法人フルライフ　かとうクリニック,広島市安佐南区八木２－３－６,082-873-6622,医療法人　フルライフ　理事長　加藤　楽,加藤　楽,外　内　リハ　整外　消化器内科　呼内　循環器内科　胃腸内科,,平17. 4. 1,ika
診療所,34,0216042,中山心療クリニック,広島市安佐南区中須１－１６－７,082-879-6410,中山　純維,中山　純維,精　心内,,昭61. 9. 1,ika
診療所,34,0216083,石橋クリニック,広島市西区西観音町２３－１８,082-942-5557,医療法人石橋クリニック　理事長　石橋　寛,石橋　寛,内　循環器内科,,平6. 4. 1,ika
診療所,34,0216091,医療法人あすか　高橋内科小児科医院,広島市安佐南区緑井２－１２－２５,082-879-3143,医療法人　あすか　理事長　髙橋　祐輔,髙橋　祐輔,一般　内　小　小児アレルギー科　消化器内科　循環器内科　リハ　糖尿病・内分泌内科　呼内　児童精神科,,平元. 4. 1,ika
病院,34,0216117,医療法人社団朋和会　西広島リハビリテーション病院,広島市佐伯区三宅６－２６５,082-921-3230,医療法人社団　朋和会　理事長　岡本　隆嗣,岡本　隆嗣,一般　一般　内　整外　脳外　リハ,139,昭61. 11. 1,ika
診療所,34,0216133,医療法人　いくた内科医院,広島市佐伯区海老園１－８－２６,082-921-5151,医療法人　いくた内科医院　理事長　生田　隆穂,生田　隆穂,内　呼内　アレ,,平7. 12. 1,ika
診療所,34,0216141,小田クリニック,広島市安佐北区あさひが丘７丁目１５－３２,082-838-3131,小田　和英,小田　和英,ペインクリニック外科　胃　外　整外　リハ　麻,,昭62. 2. 1,ika
診療所,34,0216158,鈴が台クリニック,広島市西区井口鈴が台３－５－２,082-278-6151,稲川　章,稲川　章,胃　放　内　皮　リハ　アレ,,平8. 10. 1,ika
診療所,34,0216190,住元皮ふ科クリニック,広島市西区己斐本町１－１４－３,082-273-7070,医療法人　住元皮ふ科　理事長　住元　篤子,住元　篤子,皮,,平7. 6. 1,ika
診療所,34,0216208,池田皮膚科クリニック,広島市西区井口台２－２３－３２,082-278-3600,池田　早苗,池田　早苗,皮,,昭62. 6. 1,ika
診療所,34,0216315,医療法人社団　片山内科小児科医院,広島市安佐南区上安６丁目２６－１,082-878-5589,医療法人社団　片山内科小児科医院　理事長　片山　健,片山　健,内　小,,平12. 11. 1,ika
診療所,34,0216323,細川・内藤医院,広島市中区江波東１－１３－２８,082-291-1111,内藤　幸子,内藤　幸子,皮　内　小,,平2. 6. 1,ika
診療所,34,0216356,医療法人社団　杉野小児科医院,広島市安佐北区亀山２－８－２６,082-815-1334,医療法人社団　杉野小児科医院　理事長　杉野　俊,杉野　俊,小　内,,平10. 4. 1,ika
診療所,34,0216406,よしみ内科クリニック,広島市安佐北区口田３－２８－１１,082-842-5655,医療法人社団　吉見内科小児科医院　理事長　見　聡,見　聡,内　呼　消　循　小,,平5. 9. 1,ika
診療所,34,0216422,宮武医院,広島市安佐南区東野３－７－１７,082-870-1100,医療法人　宮武医院　理事長　宮武　遼平,宮武　遼平,内　消化器内科　肝臓内科　胃　リハ,,平6. 4. 1,ika
診療所,34,0216455,蜂須賀整形外科,広島市西区己斐本町２丁目１２－２７,082-272-3300,医療法人　蜂須賀整形外科　理事長　蜂須賀　晋,蜂須賀　晋,一般　整外　リハ　麻,,平13. 10. 1,ika
診療所,34,0216463,医療法人社団　かねみつ整形外科医院,広島市佐伯区八幡東３－２５－１７,082-927-3000,医療法人　社団　かねみつ整形外科医院　理事長　金光　敬夫,金光　敬夫,整外　外　内　循　リハ,,平8. 4. 1,ika
診療所,34,0216471,水入医院,広島市佐伯区利松１－８－５２,082-927-1101,水入　紘造,水入　紘造,内　胃,,昭64. 1. 1,ika
診療所,34,0216505,大内耳鼻咽喉科医院,広島市佐伯区皆賀２－２－２７,082-924-5255,医療法人　大内耳鼻咽喉科医院　理事長　大内　芳春,大内　芳春,耳　い,,平4. 10. 1,ika
診療所,34,0216539,医療法人社団　たかた外科整形外科,広島市佐伯区海老園１丁目６－１８,082-924-2800,医療法人社団　たかた外科整形外科　理事長　高田　茂実,髙田　茂実,外　整外,,平16. 10. 1,ika
診療所,34,0216547,広島医療生活協同組合沼田診療所,広島市安佐南区伴東七丁目３８番１０号,082-848-4486,広島医療生活協同組合　理事長　坂本　裕,西原　一樹,内,,平10. 12. 1,ika
診療所,34,0216588,医療法人社団　山本内科循環器科,広島市西区高須１丁目５－２３,082-274-4050,医療法人社団　山本内科循環器科　理事長　山本　正治,山本　正治,内　循　消　呼　放,,平12. 9. 1,ika
診療所,34,0216653,おち眼科医院,広島市安佐南区山本１丁目５－１５,082-871-2233,医療法人　おち眼科医院　理事長　越智　温子,越智　温子,眼,,平4. 1. 1,ika
診療所,34,0216695,むとう内科・外科・胃腸科医院,広島市西区楠木町１－５－１２,082-295-5850,医療法人　ムトウ外科・胃腸科医院　理事長　武藤　毅,武藤　毅,胃　循　外　整外　こう　リハ,,平7. 12. 1,ika
診療所,34,0216703,医療法人　社団　谷本小児科,広島市佐伯区五日市４丁目３－１,082-921-7555,医療法人　社団　谷本小児科　理事長　谷本　猛,谷本　猛,小,,平16. 11. 1,ika
診療所,34,0216885,ほり整形外科,広島市西区草津新町２丁目６－１０,082-278-5255,医療法人ほり整形外科　理事長　堀　淳司,堀　淳司,整外　リハ　リウ,,平6. 7. 1,ika
診療所,34,0216935,医療法人秀仁会　ないとう内科,広島市安佐北区可部５丁目４－２４,082-815-3678,医療法人秀仁会　理事長　内藤　秀敏,桑原　健一,内　呼　循　放　リハ　消,,平6. 7. 1,ika
診療所,34,0216950,中西内科,広島市安佐北区亀山４丁目２０－８,082-815-1211,医療法人　中西内科　理事長　中西　重清,中西　重清,内　呼　胃　アレ　放,,平7. 1. 1,ika
病院,34,0216968,五日市記念病院,広島市佐伯区倉重１－９５,082-924-2211,社会医療法人　清風会　理事長　向田　一敏,向田　一敏,一般　脳外　内　外　循環器内科　リハ　放　血液内科　整外　心外　消化器内科　神経内科　消化器内視鏡外科　麻,180,平10. 10. 1,ika
診療所,34,0216976,医療法人社団つばさ会　横山内科クリニック,広島市中区西十日市町１－５,082-295-8363,医療法人社団つばさ会　理事長　横山　巖,横山　巖,精　内　呼　消　循　心内,,平11. 4. 1,ika
診療所,34,0216984,北野泌尿器科医院,広島市安佐北区口田１丁目８－１７小夫家ビル１Ｆ,082-842-8887,北野　太路,北野　太路,ひ,,平3. 8. 1,ika
診療所,34,0217008,河野内科,広島市安佐北区安佐町飯室１４９８－１１,082-835-3050,医療法人　河野内科　理事長　河野　安繼,河野　安繼,内,,平11. 10. 1,ika
診療所,34,0217016,福島整形外科クリニック,広島市佐伯区海老園１－１３－９,082-924-1100,福島　美歳,福島　美歳,整外　リハ,,平7. 5. 1,ika
診療所,34,0217032,和漢順眞堂　佐々木クリニック,広島市安佐北区可部南３丁目９－４５,082-815-2700,佐々木　眞也,佐々木　眞也,内　小　リハ,,平4. 2. 1,ika
診療所,34,0217040,医療法人　大江内科医院,広島市佐伯区楽々園３－５－２７,082-922-3741,医療法人　大江内科医院　理事長　大江　一彦,大江　一彦,内　呼　胃　循　小　リハ,,平8. 6. 1,ika
診療所,34,0217073,緑井皮ふ科クリニック,広島市安佐南区緑井２－１１－１６,082-879-4112,高橋　博之,高橋　博之,皮,,平4. 6. 1,ika
診療所,34,0217081,平野眼科,広島市安佐北区口田南７－１２－３１,082-845-1119,布引　けい子,布引　けい子,眼,,平4. 6. 1,ika
診療所,34,0217131,公益財団法人　広島原爆被爆者援護事業団　倉掛のぞみ園診療所,広島市安佐北区倉掛３丁目５０－１,082-845-5083,公益財団法人　広島原爆被爆者援護事業団　理事長　國重　俊彦,和合　正邦,内,,平4. 8. 1,ika
診療所,34,0217156,名草クリニック,広島市佐伯区五日市中央３－９－５１,082-924-7677,名草　幸博,名草　幸博,内　胃　外　こう　リハ,,平4. 11. 1,ika
診療所,34,0217164,医療法人社団　松永クリニック,広島市佐伯区皆賀２丁目２－３１,082-924-1131,医療法人社団　松永クリニック　理事長　川口　孝二,川口　孝二,内　外　小　消化器内科　肛門外科,,平12. 9. 1,ika
診療所,34,0217180,黄内科医院,広島市佐伯区藤の木１－３１－１２,082-927-2020,医療法人　黄内科医院　理事長　秦　亮嘉,秦　亮嘉,内　呼　循　消　アレ　リハ,,平6. 3. 1,ika
診療所,34,0217198,医療法人　榎木内科・循環器科医院,広島市中区江波南１－３９－９,082-291-8101,医療法人　榎木内科・循環器科医院　理事長　榎木　俊彦,榎木　俊彦,内　循　呼　消胃　アレ　リハ　放,,平6. 7. 1,ika
診療所,34,0217214,中川内科医院,広島市安佐北区可部２－６－３,082-812-2330,中川　隆,中川　隆,内　消,,平5. 1. 1,ika
診療所,34,0217248,広島市北部こども療育センター附属診療所,広島市安佐北区可部南５丁目８－７０,082-814-5801,広島市長　松井　一實,土方　希,小　精　整外,,平5. 4. 1,ika
診療所,34,0217263,古市クリニック,広島市安佐南区古市１－３０－２５,082-870-1993,卜部　貴光,卜部　貴光,内　胃　外　こう　リハ,,平5. 5. 1,ika
診療所,34,0217321,医療法人社団　裕親会　増田内科医院,広島市安佐南区毘沙門台２－４２－２３,082-876-2020,医療法人社団　裕親会　理事長　増田　裕久,増田　裕久,内　小　心内,,平8. 9. 1,ika
診療所,34,0217339,谷川脳神経外科,広島市安佐南区相田１－３－１６,082-872-7733,医療法人　恵風会　理事長　富田　享,富田　享,一般　脳外,,平10. 4. 1,ika
診療所,34,0217362,原田内科神経内科クリニック,広島市中区舟入幸町１７－５,082-531-1112,原田　博美,原田　博美,精　内　神　神内,,平5. 10. 1,ika
診療所,34,0217370,医療法人社団　ながたこどもクリニック,広島市佐伯区海老園１－６－２２,082-924-8800,医療法人社団　ながたこどもクリニック　理事長　永田　忠,永田　忠,小,,平8. 9. 1,ika
診療所,34,0217396,こうち内科・胃腸科,広島市西区横川新町１３－２２,082-531-0002,河内　正道,河内　正道,内　消　循　放,,平5. 11. 1,ika
診療所,34,0217412,医療法人奏会　マキツボ整形外科・モモデンタルクリニック,広島市安佐南区緑井２丁目１７－５,082-876-1114,医療法人奏会　マキツボ整形外科・モモデンタルクリニック　理事長　槇坪　誉之,槇坪　真奈美,整外　リハ　歯,,平9. 1. 1,ika
診療所,34,0217438,明海耳鼻咽喉科医院,広島市西区古江新町１３－３６,082-274-6262,医療法人　ひいらぎ会　理事長　明海　国賢,明海　国賢,耳い,,平8. 4. 1,ika
診療所,34,0217461,数佐内科胃腸科,広島市安佐南区山本４丁目２６－２３,082-871-7600,医療法人　数佐内科胃腸科　理事長　數佐　哲,數佐　哲,内　胃　循　放,,平17. 5. 1,ika
診療所,34,0217479,しのはら小児クリニック,広島市西区井口３丁目１３－５,082-276-0200,医療法人社団　しのはら小児クリニック　理事長　篠原　秀久,篠原　秀久,小,,平14. 9. 1,ika
診療所,34,0217487,廣島クリニック,広島市西区東観音町２０－１６,082-232-0707,醫療法人　齊和會　理事長　天野　幹三,天野　幹三,一般　整外　リウ　リハ　内　漢方内科,,平19. 3. 1,ika
診療所,34,0217503,吉田整形外科,広島市西区井口鈴が台３丁目１６－２１,082-279-5777,医療法人　孝心会　理事長　吉田　雅嗣,吉田　雅嗣,整外　リハ,,平19. 4. 1,ika
診療所,34,0217560,中野皮ふ科泌尿器科医院,広島市佐伯区五日市７丁目８－３３,082-921-3500,医療法人社団　中野皮ふ科泌尿器科医院　理事長　中野　忠實,中野　忠實,皮　ひ,,平13. 4. 1,ika
診療所,34,0217578,医療法人　矢村皮ふ科クリニック,広島市安佐南区中筋２丁目５－２０,082-870-7700,医療法人　矢村皮ふ科クリニック　理事長　矢村　宗久,矢村　宗久,皮　アレ,,平13. 10. 1,ika
診療所,34,0217610,医療法人社団　佐々木整形外科クリニック,広島市安佐南区伴中央四丁目３－２０,082-848-1030,医療法人社団　佐々木整形外科クリニック　理事長　佐々木　宏,佐々木　宏,整外　リハ　リウ,,平10. 11. 1,ika
診療所,34,0217636,辻外科内科クリニック,広島市安佐南区川内６丁目２７－１６,082-870-6161,医療法人　外科内科クリニック　理事長　　勝三,　勝三,内　循　胃　外,,平12. 5. 1,ika
診療所,34,0217651,広島医療生活協同組合　あすなろ生協診療所,広島市安佐北区口田１丁目１０－１,082-845-5234,広島医療生活協同組合　理事長　坂本　裕,井口　光,内　小,,平6. 11. 1,ika
診療所,34,0217677,コープ五日市診療所,広島市佐伯区千同１丁目２５－３６,082-924-0608,広島中央保健生活協同組合　代表理事　理事長　福山　慎二,佐々木　敏哉,内,,平6. 11. 1,ika
診療所,34,0217701,医療法人　西廻クリニック,広島市安佐北区亀山２丁目６－２４,082-815-1133,医療法人　西廻クリニック　理事長　西廻　和春,西廻　和春,外　胃　内　こう　リハ,,平16. 10. 1,ika
診療所,34,0217719,吉村整形外科,広島市西区庚午中２－１９－２２,082-274-3600,吉村　康夫,吉村　康夫,整外　リハ,,平6. 12. 1,ika
診療所,34,0217743,耳鼻咽喉科荒木クリニック,広島市安佐南区山本４丁目２６－２３吉田ビル３Ｆ,082-871-3736,荒木　伸彦,荒木　伸彦,耳い,,平7. 2. 1,ika
診療所,34,0217750,医療法人社団　誠友会　セントラルクリニック,広島市佐伯区五日市駅前３丁目５－１６,082-923-1117,医療法人社団　誠友会　理事長　藤川　光一,藤川　光一,内　放　消化器内科　呼　循,,平15. 8. 1,ika
診療所,34,0217784,医療法人あかね会　大町土谷クリニック,広島市安佐南区大町東２丁目８－３５,082-877-5588,医療法人あかね会　理事長　土谷　治子,高橋　直子,内　放　整外,,平17. 5. 1,ika
診療所,34,0217800,医療法人社団　たなべ小児科内科,広島市安佐南区大町東２丁目７番２５－５号,082-870-5000,医療法人社団　たなべ小児科内科　理事長　田辺　恭二,田辺　恭二,小　内,,平9. 10. 1,ika
診療所,34,0217826,土橋眼科,広島市中区小網町１－１６　１階,082-296-5269,金谷　泰裕,金谷　泰裕,眼,,平7. 5. 1,ika
診療所,34,0217834,森田皮膚科医院,広島市中区河原町１０－１,082-231-3031,森田　健司,森田　健司,皮,,平7. 5. 1,ika
診療所,34,0217883,福原リハビリテーション整形外科・内科医院,広島市佐伯区海老園２－９－２２,082-925-0555,福原　千史,福原　千史,整外　内　呼　循　消　リハ　リウ　アレ,,平7. 8. 1,ika
診療所,34,0217925,ふるもと眼科,広島市安佐南区緑井２丁目１２－２６,082-870-6030,医療法人　ふるもと眼科　理事長　古本　淳士,古本　淳士,眼,,平13. 4. 1,ika
診療所,34,0217933,桑原循環器内科クリニック,広島市安佐南区祇園２－２６－８,082-875-3223,桑原　宗男,桑原　宗男,循　内　消,,平8. 2. 1,ika
診療所,34,0217982,にしだ耳鼻咽喉科,広島市安佐南区高取北１－４－２５ジョイパレス高取駅前２Ｆ,082-872-8733,西田　功,西田　功,耳　い,,平8. 4. 1,ika
診療所,34,0217990,桐陽台医院,広島市安佐北区三入東１丁目３０－２１,082-818-1116,医療法人　ひまわり会　理事長　玉田　憲勲,玉田　憲勲,内　リハ,,平11. 10. 1,ika
診療所,34,0218006,五日市やまもと眼科,広島市佐伯区五日市駅前２－１８－３２,082-924-5665,山本　優,山本　優,眼,,平8. 4. 1,ika
病院,34,0218022,広島グリーンヒル病院,広島市佐伯区五日市町下河内１８８－６,082-929-1110,医療法人　和同会　理事長　高橋　幹治,藤本　三喜夫,療養　内　脳内　リハ　放,150,平8. 4. 1,ika
診療所,34,0218048,医療法人社団光仁会　フェニックスクリニック,広島市西区観音町７－２９－１０６号,082-293-8400,医療法人社団　光仁会　理事長　梶川　恵美子,新宅　究典,人工透析内科,,平8. 5. 1,ika
診療所,34,0218063,大崎クリニック,広島市安佐南区安東２－１０－２Ｍ－ＴＯＷＮビル２Ｆ,082-878-2233,大崎　幹雄,大崎　幹雄,内　呼内　小　アレ　他　胃,,平8. 5. 1,ika
診療所,34,0218105,洪内科・消化器科医院,広島市西区都町２３－１４,082-503-1181,洪　敏幸,洪　敏幸,内　消,,平8. 8. 1,ika
診療所,34,0218162,加藤内科クリニック,広島市佐伯区五日市１丁目５－６１,082-921-0029,医療法人加藤内科クリニック　理事長　加藤　雅史,加藤　雅史,内,,平16. 10. 1,ika
診療所,34,0218170,島本内科循環器科・皮フ科,広島市安佐南区山本１丁目１５－１２,082-850-0411,医療法人社団　リード　理事長　島本　博幸,島本　博幸,循　消　呼　皮,,平11. 4. 1,ika
診療所,34,0218204,医療法人社団恵正会　二宮内科,広島市安佐北区可部５丁目１４－１６,082-810-0188,医療法人社団　恵正会　理事長　二宮　正則,二宮　正則,一般　内　循　消　放　麻,,平11. 4. 1,ika
診療所,34,0218246,医療法人社団　岡野皮ふ科クリニック,広島市安佐北区可部５丁目１４－１６,082-810-0266,医療法人社団　岡野皮ふ科クリニック　理事長　岡野　伸二,岡野　伸二,皮　形外,,平14. 10. 1,ika
診療所,34,0218253,医療法人社団おると会　浜脇整形外科リハビリセンター,広島市中区舟入中町１１－７,082-503-4880,医療法人社団　おると会　理事長　今井　澄伊,村瀬　正昭,整外　リハ　リウ,,平16. 9. 1,ika
診療所,34,0218261,広島ハートクリニック安佐南,広島市安佐南区西原７丁目５－４,082-874-5511,医療法人社団　銀杏会　理事長　中村　真幸,中村　真幸,内　他　呼　小　リハ,,平12. 4. 1,ika
診療所,34,0218279,医療法人社団　にし小児科,広島市安佐北区可部５丁目１４－１６,082-810-0277,医療法人社団　にし小児科　理事長　西　佳子,西　佳子,小,,平11. 9. 1,ika
診療所,34,0218303,むねの眼科医院,広島市安佐北区亀崎１丁目２－２６第２タウンセンタービル３Ｆ,082-840-0550,宗野　浩一,宗野　浩一,眼,,平9. 9. 1,ika
診療所,34,0218311,小松内科クリニック,広島市佐伯区八幡東３丁目２８－１７クロスロード４Ｆ,082-928-2828,小松　晃一,小松　晃一,内　消　循,,平9. 10. 1,ika
診療所,34,0218329,医療法人社団　慈恵会　いまだクリニック,広島市西区三篠町１丁目３－１７,082-509-3311,医療法人社団　慈恵会　理事長　大杉　健,今田　貴子,一般　眼　内　リハ,,平15. 9. 1,ika
診療所,34,0218337,和光整形外科クリニック,広島市佐伯区八幡東２丁目２８－８－７,082-929-4600,医療法人　和光　理事長　橋本　和典,橋本　和典,整外　リハ　リウ,,平16. 10. 1,ika
診療所,34,0218345,かなはら医院,広島市安佐南区大町西１丁目１－１０,082-877-0615,医療法人　社団　幸誠会　理事長　金原　幸司,金原　幸司,内　小　アレ　呼内　循環器内科　腎臓内科,,平17. 10. 1,ika
診療所,34,0218360,医療法人　ふじい内科循環器科,広島市安佐南区西原１丁目２５番１３－１号,082-850-0860,医療法人　ふじい内科循環器科　理事長　藤井　孝司,藤井　孝司,内　循　呼　胃　アレ　リハ,,平14. 5. 1,ika
病院,34,0218378,医療法人和同会　広島パークヒル病院,広島市西区田方２－１６－４５,082-274-1600,医療法人　和同会　理事長　高橋　幹治,荒木　康之,一般　療養　内　脳内　放　リハ,,平10. 4. 1,ika
診療所,34,0218386,奥本皮膚科クリニック,広島市西区三篠北町１９－２７池田ビル２Ｆ,082-509-3566,奥本　勇二,奥本　勇二,皮　アレ,,平10. 5. 1,ika
診療所,34,0218394,かわもと眼科クリニック,広島市西区三篠北町１９－２７池田ビル２Ｆ,082-509-3500,川本　雅美,川本　雅美,眼,,平10. 5. 1,ika
診療所,34,0218410,和泉内科消化器医院,広島市安佐南区伴東五丁目１９番２５－３号,082-830-1900,医療法人社団いずみ会　理事長　和泉　健,和泉　健,内　消　放,,平15. 10. 1,ika
診療所,34,0218444,医療法人　己斐杉本クリニック,広島市西区己斐本町１丁目２５－６,082-271-5557,医療法人　己斐杉本クリニック　理事長　杉本　涼二,杉本　涼二,外　内　皮　リハ　胃　アレ,,平16. 9. 1,ika
診療所,34,0218451,広兼眼科,広島市佐伯区八幡東３丁目２８－１７,082-929-4644,兼　賢治,兼　賢治,眼,,平11. 1. 1,ika
病院,34,0218469,妹尾病院,広島市安佐南区相田１丁目１０－２１,082-878-5111,妹尾　雅明,妹尾　雅明,一般　循環器内科　消化器内科　外　内　心外　リウ　リハ　整外　呼内　血管外科,,平11. 1. 1,ika
診療所,34,0218501,クリニック　アルペンローゼ,広島市安佐南区上安６丁目３１－１,082-830-3350,医療法人社団　ＩＧＬ医療会　理事長　江藤　高陽,江藤　高陽,内　外,,平14. 4. 1,ika
診療所,34,0218535,大町メディカルクリニック,広島市安佐南区大町東２丁目１２－２４,082-870-3322,医療法人　松風会　理事長　渡　雄至,渡　雄至,内　胃腸内科　循環器内科　呼内　アレ　外　肛門内科　肛門外科　脂質代謝内科　リハ　糖尿病内科,,平18. 12. 1,ika
診療所,34,0218550,えもり内科クリニック,広島市西区庚午南２丁目３５－２３,082-507-3811,江盛　圭史,江盛　圭史,内　消,,平11. 5. 1,ika
診療所,34,0218584,医療法人崇光会　山村整形外科,広島市佐伯区八幡東４丁目２１－８,082-926-0212,医療法人　崇光会　理事長　山村　聡,山村　聡,整外　リハ　リウ,,平16. 4. 1,ika
診療所,34,0218634,たがしらクリニック,広島市西区中広町２丁目２２－２１,082-297-6671,田頭　尚,田頭　尚,胃　外　内　リハ　こう,,平11. 11. 1,ika
診療所,34,0218691,木下クリニック,広島市西区観音本町２丁目３－１,082-231-3393,医療法人社団　木下クリニック　理事長　木下　増二,木下　増二,内　胃　消　呼　循　小,,平13. 1. 1,ika
診療所,34,0218709,みつだ循環器科内科,広島市安佐北区可部南４丁目９－４１,082-819-1201,医療法人　みつだ循環器科内科　理事長　満田　廣樹,満田　廣樹,循　内,,平14. 11. 1,ika
病院,34,0218717,重症児・者福祉医療施設　鈴が峰,広島市佐伯区五日市町皆賀１０４－２７,082-943-8888,社会福祉法人三篠会　理事長　酒井　亮介,加　聰,一般　内　小　歯,110,平12. 4. 1,ika
診療所,34,0218725,医療法人　やの皮ふ科,広島市安佐北区可部南４丁目９－４１,082-819-1170,医療法人　やの皮ふ科　理事長　矢野　貴彦,矢野　貴彦,皮　アレ,,平14. 4. 1,ika
診療所,34,0218741,医療法人　はまだ小児クリニック,広島市西区己斐本町１丁目２５－８,082-507-1500,医療法人　はまだ小児クリニック　理事長　濵田　浩之,濵田　浩之,小,,平18. 11. 1,ika
診療所,34,0218774,マツモト外科整形外科,広島市安佐南区伴東５丁目１２番４号,082-848-4311,松本　治之,松本　治之,外　整外　リウ　リハ,,平12. 6. 1,ika
診療所,34,0218808,医療法人社団　淳愛会　きだに小児科,広島市佐伯区五日市１丁目３－１４,082-925-6611,医療法人社団　淳愛会　きだに小児科　理事長　木谷　和夫,木谷　和夫,小,,平15. 10. 1,ika
診療所,34,0218899,舛田内科・消化器科,広島市佐伯区五日市中央５丁目８－１７,082-943-5015,医療法人　舛田内科・消化器科　理事長　舛田　一成,舛田　一成,内　消,,平17. 5. 1,ika
診療所,34,0218915,あまき内科泌尿器科医院,広島市佐伯区五日市中央２丁目１－１０,082-922-2366,池本　秀昭,池本　秀昭,内　ひ,,平13. 1. 1,ika
診療所,34,0218956,医療法人社団　三上脳神経外科,広島市安佐北区可部５丁目１４－１６,082-819-2282,医療法人社団　三上脳神経外科　理事長　三上　貴司,三上　貴司,脳外　神内　リハ　放,,平15. 10. 1,ika
診療所,34,0218964,よしみつこどもクリニック,広島市安佐南区大町東１丁目８－２５,082-831-5272,医療法人　オリーブ会　理事長　吉光　辰男,吉光　辰男,小　アレ,,平16. 5. 1,ika
診療所,34,0218980,島本内科循環器科・皮フ科分院,広島市安佐南区山本１丁目１５－８,082-850-0411,医療法人社団　リード　理事長　島本　博幸,島本　博幸,内　循,,平13. 5. 1,ika
診療所,34,0219004,平岡内科医院,広島市中区舟入本町１５－１９,082-296-1280,医療法人社団　恵仁会　平岡内科医院　理事長　平岡　俊仁,平岡　俊仁,内　消　放,,平13. 5. 1,ika
診療所,34,0219129,医療法人社団エス・ディー　平田内科,広島市安佐南区中筋一丁目３番１１号,082-870-1555,医療法人社団エス・ディー　理事長　平田　裕二,平田　裕二,内　血液内科,,平30. 7. 1,ika
診療所,34,0221000,くしろ外科胃腸科クリニック,広島市西区三篠北町１９－２７イケダビル５Ｆ,082-237-1512,久代　淳一,久代　淳一,外　胃　こう　整外　リハ,,平13. 6. 1,ika
診療所,34,0221018,医療法人　社団　こにしこどもクリニック,広島市佐伯区城山２丁目２－４,082-926-1524,医療法人　社団　こにしこどもクリニック　理事長　小西　英己,小西　英己,小,,平16. 10. 1,ika
診療所,34,0221034,藤原整形外科クリニック,広島市安佐南区緑井５丁目９－１５,082-831-8800,藤原　康洋,藤原　康洋,整外　リハ　リウ,,平13. 6. 1,ika
診療所,34,0221042,松尾胃腸科内科医院,広島市西区井口明神２－７－１５,082-278-0326,松尾　泰夫,松尾　泰夫,胃　内,,平13. 6. 1,ika
診療所,34,0221059,おきた内科クリニック,広島市安佐北区落合南１丁目１１－１５,082-841-0033,医療法人　おきた内科クリニック　理事長　沖田　英明,沖田　英明,内　循　消　呼　リウ　リハ　小　糖尿病内科,,平15. 10. 1,ika
診療所,34,0221075,サザンクリニック　整形外科・内科,広島市中区江波本町５－２８,082-234-5557,山本　竜,山本　竜,整外　内　小,,平13. 10. 1,ika
診療所,34,0221083,高陽整形外科クリニック,広島市安佐北区口田南８丁目１４－１３,082-841-0015,医療法人社団　ライフアスリート　理事長　今田　岳男,今田　岳男,整外　リハ,,平14. 12. 1,ika
診療所,34,0221125,こもりクリニック,広島市安佐北区安佐町飯室１５６９－１,082-835-3755,医療法人　秀陽会　理事長　小森　玲子,小森　玲子,一般　眼　形外　外,,平16. 10. 1,ika
診療所,34,0221133,はまさきこどもクリニック,広島市西区庚午中３丁目５－１３,082-507-3715,医療法人　はまさきこどもクリニック　理事長　濵﨑　,濵﨑　,小,,平16. 10. 1,ika
診療所,34,0221158,森岡神経内科,広島市安佐北区可部南４丁目９－１７,082-819-0006,医療法人　森岡神経内科　理事長　森岡　壯充,森岡　壯充,神　神内　心内　精　内,,平15. 10. 1,ika
診療所,34,0221182,さとう内科循環器科,広島市安佐南区緑井５丁目９－９,082-879-6767,佐藤　哲史,佐藤　哲史,内　循,,平14. 3. 9,ika
診療所,34,0221224,中島クリニック,広島市佐伯区旭園４－２９山根ビル１Ｆ,082-922-1500,中島　哲夫,中島　哲夫,精　心内　内,,平14. 9. 1,ika
診療所,34,0221232,寺迫麻酔科医院,広島市安佐南区西原１丁目２１－５,082-846-3833,寺迫　潔,寺迫　潔,麻,,平14. 9. 1,ika
診療所,34,0221257,おむら耳鼻咽喉科,広島市安佐南区大町東１丁目８－２５,082-831-7220,医療法人　朝日会　理事長　小村　良,小村　良,耳い　気食　アレ,,平18. 4. 1,ika
診療所,34,0221281,古江中野眼科,広島市西区古江新町１－２２,082-271-5860,医療法人　古江中野眼科　理事長　中野　徹,中野　徹,眼,,平15. 4. 1,ika
診療所,34,0221299,片岡内科クリニック,広島市安佐南区緑井１丁目５－１－３０３,082-831-0110,医療法人　片岡内科クリニック　理事長　片岡　伸久朗,片岡　伸久朗,内,,平16. 10. 1,ika
診療所,34,0221307,三滝参道クリニック,広島市西区三滝本町二丁目１３番３４－１号,082-230-8555,医療法人　みやうち　理事長　野村　陽平,野村　陽平,内　精　神内　心内　放,,平15. 4. 1,ika
診療所,34,0221315,青木耳鼻咽喉科クリニック,広島市佐伯区五日市４丁目４－２７,082-923-0445,青木　正則,青木　正則,耳い　アレ,,平15. 5. 1,ika
診療所,34,0221323,中岡内科,広島市安佐北区可部南２丁目１４－１４,082-819-3701,医療法人社団　恵正会　理事長　二宮　正則,中岡　浩一,内　循環器内科　消化器内科　呼内　放,,平15. 7. 1,ika
診療所,34,0221349,医療法人社団　一陽会　横川クリニック,広島市西区横川町２－７－１９横川メディカルプラザ,082-231-0111,医療法人社団　一陽会　理事長　西澤　欣子,内藤　隆之,内　腎臓内科（人工透析）,,平15. 7. 1,ika
診療所,34,0221356,すやま眼科クリニック,広島市西区横川町２丁目７－１９,082-532-6696,医療法人　千草会　理事長　須山　收作,須山　収作,眼,,平18. 4. 1,ika
診療所,34,0221364,よこがわ駅前クリニック,広島市西区横川町２丁目７－１９,082-294-8811,医療法人　せのがわ　理事長　下原　千夏,加賀谷　有行,内　循環器内科　心内　精,,平15. 7. 1,ika
診療所,34,0221398,医療法人　川口クリニック,広島市西区庚午中３丁目６－１１,082-274-6655,医療法人　川口クリニック　理事長　川口　康夫,川口　康夫,外　内　呼内　消化器内科　内分泌内科　糖尿病内科　循環器内科　心内　肛門外科　リハ,,平19. 4. 1,ika
診療所,34,0221406,医療法人社団　高陽耳鼻咽喉科,広島市安佐北区亀崎１丁目２－４,082-841-6687,医療法人社団　高陽耳鼻咽喉科　理事長　武内　康治,武内　康治,耳い　アレ,,平17. 4. 1,ika
診療所,34,0221422,広島市西部こども療育センター附属診療所,広島市佐伯区海老山南２丁目２－１８,082-943-6831,広島市長　松井　一實,白石　枝里子,小　精　整外,,平16. 1. 1,ika
診療所,34,0221430,わんぱくキッズクリニック,広島市安佐南区東原１丁目１－２　４Ｆ,082-850-1755,吉光　千記,吉光　千記,小,,平16. 3. 1,ika
診療所,34,0221455,しらたきクリニック,広島市佐伯区八幡２丁目６－１６,082-926-4811,医療法人　青葉会　理事長　白瀧　正昇,白瀧　正昇,内　消　循　呼,,平18. 5. 1,ika
診療所,34,0221489,今井整形外科クリニック,広島市安佐南区安東２丁目１１－２７,082-847-1341,今井　一彦,今井　一彦,整外　リウ　リハ,,平16. 6. 1,ika
診療所,34,0221497,耳鼻咽喉科くにもと医院,広島市安佐南区伴東７丁目５９番２８号,082-811-8133,國本　優,國本　優,耳い　気食　アレ,,平16. 6. 1,ika
診療所,34,0221554,はだ脳神経外科,広島市安佐北区口田３丁目２６－５,082-841-4770,医療法人薫風会　理事長　羽田　浩,羽田　浩,脳外　神内　リハ,,平19. 5. 1,ika
診療所,34,0221562,どんぐり小児科,広島市西区南観音２丁目７－２１平野ビル１Ｆ,082-297-5656,山本　恵,山本　恵,小　アレ,,平16. 12. 1,ika
診療所,34,0221604,たかはし小児科アレルギー科クリニック,広島市安佐北区口田３丁目２６－５,082-841-2661,高橋　明裕,高橋　明裕,小　内,,平17. 1. 1,ika
診療所,34,0221612,内科（糖尿病）久安医院,広島市西区観音本町２丁目７－２３,082-291-6645,大久保　雅通,大久保　雅通,糖尿病科　内　リウ,,平17. 1. 1,ika
診療所,34,0221646,緑井レディースクリニック,広島市安佐南区緑井１丁目５－１－３０２,082-831-2300,林谷　誠治,林谷　誠治,婦,,平17. 4. 1,ika
診療所,34,0221653,村上産婦人科クリニック,広島市安佐北区亀山２丁目６－２０,082-819-1333,医療法人耕仁会　理事長　村上　朋弘,村上　朋弘,産婦,,平19. 5. 1,ika
診療所,34,0221661,みささ内科消化器科クリニック,広島市西区三篠北町１９－２７,082-230-5150,山本　惣一郎,山本　惣一郎,内　消　小,,平17. 4. 1,ika
病院,34,0221679,医療法人社団公仁会　槇殿順記念病院,広島市西区横川新町８－２１,082-296-0110,医療法人社団　公仁会　理事長　槇殿　公誉,内藤　晃,一般　放　腫瘍外科　消化器外科　呼吸器外科　内　麻　婦　眼　内視鏡外科,,平17. 4. 1,ika
診療所,34,0221687,石井整形外科リハビリクリニック,広島市安佐南区山本１丁目９－２６,082-875-0022,医療法人　至誠会　理事長　石井　謙一郎,石井　謙一郎,整外　リハ,,平19. 4. 1,ika
病院,34,0221703,生協さえき病院,広島市佐伯区八幡東３丁目１１－２９,082-926-4511,広島中央保健生活協同組合　代表理事　理事長　福山　愼二,重本　英司,一般　療養　内　呼　消　循　整外　外　リハ,,平17. 6. 1,ika
診療所,34,0221752,西山皮ふ科アレルギー科,広島市安佐南区山本１丁目９－２６,082-875-0039,医療法人　西山皮ふ科アレルギー科　理事長　西山　成寿,西山　成寿,皮　アレ,,平20. 5. 1,ika
診療所,34,0221760,広島平和クリニック,広島市中区河原町１－３１,082-532-2211,医療法人社団　葵会　理事長　新谷　幸義,廣川　裕,放,,平17. 7. 1,ika
診療所,34,0221786,まゆみ眼科クリニック,広島市安佐南区東原１丁目１－２　３０２,082-832-5878,岡田　真弓,岡田　真弓,眼,,平17. 10. 1,ika
診療所,34,0221794,矢野脳神経外科・やのこどもクリニック,広島市安佐南区大塚西一丁目２４番１２号,082-849-2500,矢野　隆,矢野　隆,脳外　神内　リハ　小,,平17. 11. 1,ika
診療所,34,0221802,コールメディカルクリニック広島,広島市西区古田台２丁目１２－９,082-527-0455,医療法人　社団　ＣＭＣ　理事長　小田　泰崇,小田　泰崇,内　リハ,,平19. 12. 1,ika
診療所,34,0221836,湯来まつむらクリニック,広島市佐伯区湯来町大字白砂棡曽利５９０,0829-40-5603,医療法人　松村循環器・外科医院　理事長　松村　誠,松村　誠,循環器内科　内　外　消化器内科　呼内,,平18. 1. 1,ika
診療所,34,0221844,おおひら内科クリニック,広島市西区己斐上１丁目１１－３６,082-275-3001,大平　法尚,大平　法尚,内　循　呼,,平18. 1. 1,ika
診療所,34,0221927,藤田やすよ皮膚科クリニック,広島市西区中広町３丁目８－１２－２号Ｍビル４Ｆ,082-295-1124,藤田　康代,藤田　康代,皮　アレ,,平18. 5. 1,ika
病院,34,0221950,さんよう水野病院,広島市安佐南区川内４丁目１３－３３,082-831-7878,医療法人　みずの会　理事長　水野　一枝,水野　一枝,療養　内　呼内　循環器内科　心内　アレ　リウ　リハ　消化器内科　血液内科　糖尿病内科,100,平18. 7. 1,ika
診療所,34,0221968,わかばクリニック,広島市西区己斐本町１－９－２０,082-275-2600,佐々木　茂,佐々木　茂,内　呼　消　循　糖尿病科　アレ　心内　精,,平18. 9. 1,ika
診療所,34,0221984,にいみ皮ふ科アレルギー科,広島市安佐南区川内５丁目３１－１１,082-830-0006,新見　直正,新見　直正,皮　アレ,,平18. 10. 1,ika
診療所,34,0221992,ありしげ耳鼻咽喉科,広島市西区南観音２－７－２１　平野ビル２Ｆ,082-503-3311,有重　秀三,有重　秀三,耳い,,平18. 10. 1,ika
診療所,34,0222073,五月が丘クリニック,広島市佐伯区五月が丘５丁目２０－９,082-941-7373,二神　浩司,二神　浩司,内　胃,,平19. 2. 1,ika
診療所,34,0222107,林クリニック,広島市佐伯区湯来町大字下９８７番地,0826-23-0005,医療法人社団　盛友会　理事長　林　和成,林　和成,内　小　胃　リハ,,平19. 4. 1,ika
診療所,34,0222123,水入皮フ科クリニック,広島市安佐南区大町東２丁目８－１,082-831-4112,水入　康弘,水入　康弘,皮,,平19. 4. 1,ika
診療所,34,0222156,安佐在宅診療クリニック,広島市安佐南区緑井６丁目３７－５ドミール藤沢１Ｆ,082-831-6306,森谷　知恵,森谷　知恵,内　呼,,平19. 5. 1,ika
診療所,34,0222164,神安内科クリニック,広島市安佐南区大町東１丁目８－２５,082-831-1122,神安　雅哉,神安　雅哉,内　消　呼,,平19. 5. 1,ika
病院,34,0222172,サカ緑井病院,広島市安佐南区緑井６丁目２８－１,082-879-0099,医療法人サカもみの木会　理事長　坂　信一,曽田　是則,一般　一般　整外　内　循環器内科　外　リウ　リハ　麻　歯,51,平19. 5. 1,ika
診療所,34,0222198,前田皮ふ科医院,広島市安佐南区上安２丁目４－３９　２Ｆ,082-878-0202,前田　元朗,前田　元朗,皮,,平19. 6. 1,ika
診療所,34,0222230,吉貴眼科,広島市中区十日市町２－８－１３　ラ・メゾン泰１Ｆ,082-532-8032,吉貴　弘佳,吉貴　弘佳,眼,,平19. 9. 1,ika
診療所,34,0222263,永田クリニック,広島市西区古江東町７－２５,082-527-0888,医療法人社団　永慈会　理事長　永田　裕,永田　健,内　脳外　放　アレ　リハ,,平19. 11. 1,ika
診療所,34,0222271,池田内科クリニック,広島市安佐南区高取北１丁目４－２５－１ジョイパレス高取駅前１Ｆ,082-832-8600,池田　和久,池田　和久,内　循　呼　消　アレ,,平19. 12. 1,ika
診療所,34,0222354,毘沙門クリニック,広島市安佐南区緑井３丁目４０－３０,082-831-0108,医療法人　あすか　理事長　髙橋　祐輔,西野　猛,一般　内　リハ,,平20. 8. 1,ika
診療所,34,0222362,西原なかむらクリニック,広島市安佐南区西原８丁目１－１５－３０２,082-874-1333,中村　洋,中村　洋,内　他,,平20. 9. 25,ika
診療所,34,0222412,大村クリニック,広島市佐伯区新宮苑３－３２,082-922-0010,大村　真司,大村　真司,内　他,,平20. 11. 1,ika
診療所,34,0222453,勝木台クリニック,広島市安佐北区亀山西一丁目２番１号,082-819-0333,医療法人　社団　きらら友正会　理事長　有吉　正憲,有吉　正憲,内　腎臓内科　人工透析内科　消化器内科,,平21. 2. 1,ika
病院,34,0222479,医療法人社団　聖愛会　ぎおん牛田病院,広島市安佐南区西原八丁目２９番２４号,082-850-3116,医療法人社団　聖愛会　理事長　島筒　和史,桑原　健太郎,一般　療養　内　消化器内科　呼内　循環器内科　外　肛門外科　整外　皮　リハ,,平21. 3. 1,ika
診療所,34,0222495,川岡内科クリニック,広島市佐伯区海老園二丁目３番８号,082-922-0022,川岡　弘治,川岡　弘治,内　消化器内科　循環器内科,,平21. 2. 18,ika
診療所,34,0222503,舟入山本内科クリニック,広島市中区舟入本町１３－１２,082-503-7575,山本　真一,山本　真一,内　他,,平21. 4. 1,ika
診療所,34,0222529,大石整形外科リウマチクリニック,広島市西区己斐上一丁目１１番３６号,082-271-0054,医療法人社団　大石整形外科リウマチクリニック　理事長　大石　二郎,大石　二郎,整外　リウ　リハ,,平21. 4. 1,ika
診療所,34,0222537,うえき泌尿器科クリニック,広島市安佐北区可部４丁目６－２,082-810-0300,植木　哲裕,植木　哲裕,ひ,,平21. 4. 1,ika
診療所,34,0222545,よりしま内科外科医院,広島市安佐南区祇園六丁目２１－１６,082-874-0020,医療法人　ユア・メディック　理事長　頼島　敬,頼島　敬,内　外　消化器内科　リハ　放　アレ,,平21. 3. 23,ika
診療所,34,0222552,つじ心療内科,広島市安佐南区東原１丁目１－２シーブリーズ東原７番館２階,082-850-3055,　誠一,　誠一,心内　精　神内,,平21. 7. 1,ika
診療所,34,0222586,山本皮膚科医院,広島市西区観音町１５番１号,082-231-1177,医療法人ながつき会　理事長　山本　匡,山本　匡,皮　アレ,,平21. 8. 3,ika
診療所,34,0222602,ふじたクリニック,広島市西区草津南四丁目６－５－１,082-270-5515,藤田　信弘,藤田　信弘,外　内　他　リハ,,平21. 10. 1,ika
診療所,34,0222636,城谷内科医院,広島市安佐南区相田２丁目４－１９,082-878-8426,医療法人社団みどり会　城谷内科医院　理事長　城谷　良文,城谷　良文,内　呼吸器内科　小　アレ,,平21. 10. 1,ika
診療所,34,0222644,地主クリニック,広島市安佐南区園二丁目１２番１９号,082-871-8885,医療法人地主クリニック　理事長　地主　和人,地主　和人,内　外　消化器内科　整外　肛門外科　アレ　リハ,,平21. 11. 1,ika
診療所,34,0222677,かわした泌尿器科クリニック,広島市安佐南区東原一丁目１番２号,082-832-2805,医療法人　新緑会　理事長　川下　英三,川下　英三,ひ,,平22. 5. 1,ika
診療所,34,0222685,清水眼科,広島市西区天満町１３番１号２Ｆ,082-231-5755,医療法人　清水眼科　理事長　清水　荘一郎,清水　荘一郎,眼,,平22. 5. 1,ika
診療所,34,0222693,末井内科,広島市安佐南区八木４－６－４,082-873-3030,末井　直,末井　直,内　呼　消　循,,平22. 6. 1,ika
診療所,34,0222727,医療法人社団　やまさき整形外科,広島市安佐北区可部南２－１４－１４,082-819-2701,医療法人社団　やまさき整形外科　理事長　山嵜　彩,山嵜　彩,整外　リウ　リハ,,平22. 10. 1,ika
診療所,34,0222743,しのだ皮ふ科,広島市西区横川町二丁目９番２２号,082-231-3377,医療法人　よこがわ　理事長　篠田　勧,篠田　勧,皮　アレ,,平22. 10. 1,ika
診療所,34,0222750,ふじたこどもクリニック,広島市安佐北区可部４丁目２３－１３,082-815-5515,藤田　篤史,藤田　篤史,小,,平22. 11. 1,ika
診療所,34,0222768,小島クリニック,広島市安佐南区祇園四丁目８番５号,082-874-2262,医療法人誠正会　理事長　小島　健作,小島　健作,内　外　胃腸内科　呼内　循環器内科　整外　リハ,,平22. 11. 1,ika
診療所,34,0222776,小田内科クリニック,広島市安佐北区可部４丁目２３－１３,082-815-5511,小田　清,小田　清,内　糖尿病内科　内分泌内科,,平22. 11. 1,ika
診療所,34,0222784,日域整形外科クリニック,広島市佐伯区五日市駅前一丁目５番１８号,082-943-7300,医療法人日域整形外科クリニック　理事長　日域　淳一郎,日域　淳一郎,整外　リハ　リウ,,平22. 12. 1,ika
診療所,34,0222792,ながお脳神経外科クリニック,広島市佐伯区五日市駅前１丁目５－１８－３０１,082-943-5882,長尾　光史,長尾　光史,脳外　リハ　放,,平22. 12. 1,ika
診療所,34,0222800,田代耳鼻咽喉科医院,広島市安佐南区安東二丁目１４番１９号,082-878-2486,医療法人社団　田代耳鼻咽喉科医院　理事長　田代　亨,田代　亨,耳い,,平22. 12. 1,ika
診療所,34,0222842,野島内科医院,広島市佐伯区五日市二丁目９－４,082-922-5552,医療法人社団慶広会　理事長　野島　崇樹,野島　崇樹,内　リウ,,平23. 4. 1,ika
診療所,34,0222859,舛本産婦人科医院,広島市安佐南区相田二丁目７番２２号,082-878-1111,医療法人　新生会　理事長　舛本　暢生,舛本　暢生,一般　産　婦,,平23. 4. 1,ika
診療所,34,0222867,こどい内科クリニック,広島市佐伯区八幡東２丁目２８番５４号,082-928-1112,医療法人優和会　理事長　小土井　淳則,小土井　淳則,内　消化器内科　糖尿病内科　呼内　心内　内視鏡内科,,平23. 5. 1,ika
診療所,34,0222875,可部市頭眼科,広島市安佐北区亀山九丁目１２番４０号,082-815-7677,医療法人　至誠会　市頭眼科医院　理事長　市頭　教克,市頭　教治,眼,,平23. 5. 1,ika
診療所,34,0222883,ましの皮ふ科クリニック,広島市安佐南区東原１丁目１－２　４Ｆ,082-832-2834,増野　賀子,増野　賀子,皮,,平23. 5. 1,ika
診療所,34,0222891,斉藤内科医院,広島市安佐南区大塚西四丁目８番３１号,082-849-5750,医療法人たちばな会　理事長　齋藤　敏史,齋藤　敏史,内　呼内　消化器内科　小,,平23. 5. 1,ika
診療所,34,0222933,馬場クリニック,広島市安佐北区深川五丁目３９番２号,082-841-0002,医療法人　馬場クリニック　理事長　馬場　信年,馬場　信年,内　消化器内科　外　アレ　リハ　大腸・肛門外科,,平23. 6. 1,ika
診療所,34,0222941,サカ整形外科,広島市安佐北区亀山７丁目５番１１号,082-815-9999,医療法人　サカもみの木会　理事長　坂　信一,龍味　雅明,一般　整外　リウ　リハ,,平23. 6. 1,ika
診療所,34,0222966,西原内科診療所,広島市西区三滝本町二丁目１番１－２７号,082-230-5289,西原　秀人,西原　秀人,内,,平23. 8. 1,ika
診療所,34,0222982,重川クリニック．,広島市中区十日市町１丁目２－１７,082-232-0909,重川　裕,重川　裕,心内　精,,平23. 10. 1,ika
病院,34,0223006,原田整形外科病院,広島市安佐南区上安二丁目１５－２７,082-878-1125,医療法人　昭和　理事長　原田　昭,原田　昭,一般　整外　外　リハ　リウ　麻,,平23. 10. 1,ika
診療所,34,0223014,ふじえ小児科,広島市佐伯区八幡東三丁目２８番１７号　３階,082-926-2725,医療法人ふじえ小児科　理事長　藤江　篤志,藤江　篤志,小,,平23. 11. 1,ika
診療所,34,0223030,のぞみ整形外科ヒロシマ,広島市佐伯区利松３丁目６－３０,082-929-0009,医療法人社団　伯瑛会　理事長　金田　瑛司,勝田　佳樹,整外　リハ　内,,平24. 4. 14,ika
診療所,34,0223063,医療法人あろえ会　岡本クリニック,広島市西区己斐本町三丁目１１番７号,082-271-0405,医療法人あろえ会　理事長　岡本　太郎,岡本　太郎,外　乳腺外科　肛門外科　消化器内科　内　皮　ひ,,平24. 4. 1,ika
診療所,34,0223071,池上内科小児科医院,広島市安佐南区西原八丁目３９番１２号,082-875-1141,池上　義彦,池上　義彦,内　小　胃腸内科,,平24. 4. 1,ika
診療所,34,0223097,緑井メンタルクリニック,広島市安佐南区緑井５丁目２９番１８号－４０１,082-831-5294,上西　清,上西　清,心内　精,,平24. 5. 1,ika
診療所,34,0223139,西村小児科,広島市安佐南区伴東五丁目１９番２３号,082-849-6030,医療法人　西村小児科　理事長　西村　真一郎,西村　真一郎,小,,平24. 5. 1,ika
診療所,34,0223147,にしお小児科アレルギー科,広島市安佐南区山本一丁目９番２６号クリニックモール祗園２Ｆ,082-850-1138,医療法人　にしお小児科アレルギー科　理事長　西尾　陽介,西尾　陽介,小　アレ,,平24. 5. 1,ika
診療所,34,0223154,コスモクリニック,広島市西区天満町１８－５－１,082-234-4567,畑村　東一,畑村　東一,眼,,平24. 5. 18,ika
診療所,34,0223188,金尾医院,広島市安佐南区上安二丁目２０番４４号,082-872-5577,医療法人社団金尾医院　理事長　金尾　元生,金尾　元生,外　胃腸内科　肛門外科,,平24. 11. 1,ika
診療所,34,0223196,平尾クリニック,広島市佐伯区五日市駅前一丁目１１番３９号,082-921-3161,医療法人　昇　理事長　平尾　健,平尾　健,一般　整外　リハ　内　小　アレ,,平24. 11. 1,ika
診療所,34,0223204,みやけ耳鼻咽喉科アレルギー科,広島市佐伯区旭園２番１７号,082-573-6667,医療法人みやけ耳鼻咽喉科アレルギー科　理事長　三宅　伸之,三宅　伸之,耳い　アレ,,平24. 11. 1,ika
診療所,34,0223220,医療法人社団　恵正会　にのみや往診クリニック,広島市安佐北区可部五丁目９番３号,082-516-5515,医療法人社団　恵正会　理事長　二宮　正則,山崎　総一郎,内,,平24. 12. 1,ika
診療所,34,0223253,田村医院,広島市安佐北区安佐町くすの木台６２番地の１,082-837-2555,田村　朋子,田村　朋子,一般　内　循環器内科　リハ,,平25. 4. 1,ika
診療所,34,0223261,野田耳鼻咽喉科医院,広島市安佐北区可部三丁目３８番１８号,082-815-8733,医療法人　野田耳鼻咽喉科医院　理事長　野田　礼彰,野田　礼彰,耳い,,平25. 4. 1,ika
診療所,34,0223287,医療法人社団　和楽会　伊藤内科医院,広島市安佐南区伴中央４丁目７－１０,082-848-6111,医療法人社団　和楽会　理事長　伊藤　仁,伊藤　仁,内　循環器内科,,平25. 4. 8,ika
診療所,34,0223303,とよた内科クリニック,広島市安佐南区大塚西三丁目１１番５号,082-849-6188,医療法人　豊心会　理事長　豊田　昌弘,豊田　昌弘,内　胃　循　外,,平25. 4. 1,ika
診療所,34,0223337,たなか皮ふ科アレルギー科,広島市西区庚午北二丁目２２番４号,082-507-1800,医療法人たなか皮ふ科アレルギー科　理事長　田中　稔彦,田中　稔彦,皮　アレ,,平25. 5. 1,ika
診療所,34,0223352,ながしまクリニック,広島市佐伯区吉見園２－２２,082-922-2151,永嶋　潤,永嶋　潤,内　外　他,,平25. 5. 20,ika
診療所,34,0223394,医療法人　クリニックいけだ,広島市安佐南区西原１丁目８番１３号,082-850-3735,医療法人　クリニックいけだ　理事長　池田　宏,池田　宏,消化器内科　内　呼内　肛門外科　外　リハ,,平25. 8. 20,ika
診療所,34,0223402,医療法人翠蘭会　加川内科,広島市安佐北区口田三丁目２６番５号ＭＤＲビル４Ｆ,082-841-1515,医療法人翠蘭会　理事長　加川　大三郎,加川　大三郎,内,,平25. 10. 1,ika
診療所,34,0223410,二階堂耳鼻咽喉科,広島市西区楠木町４丁目１６－１８,082-237-2123,二階堂　真史,二階堂　真史,耳い　アレ,,平25. 10. 7,ika
診療所,34,0223428,西原セントラルクリニック,広島市安佐南区西原八丁目３３番３号,082-871-1177,医療法人好縁会　理事長　下山　直登,久保田　洋平,一般　内　消化器内科　胃腸内科　呼内　アレ　糖尿病内科　内分泌内科　脳神経内科　精　睡眠障害内科,,平25. 11. 1,ika
診療所,34,0223451,医療法人尉継　フジハラレディースクリニック,広島市安佐南区祇園五丁目２番１号,082-850-1815,医療法人尉継　理事長　牧　尉太,牧　尉太,一般　産婦,,平25. 12. 1,ika
診療所,34,0223477,吉本内科クリニック,広島市中区江波西１－２８－１０,082-231-9955,吉本　直樹,吉本　直樹,内　循環器内科　神内　心内,,平26. 1. 27,ika
診療所,34,0223493,小林内科医院,広島市安佐北区可部３－１７－１８,082-814-3255,小林　賢惣,小林　賢惣,内,,平26. 2. 1,ika
病院,34,0223501,長崎病院,広島市西区横川新町３番１１号,082-208-5801,医療法人厚生堂　理事長　長崎　孝太郎,長崎　孝太郎,一般　療養　内　皮　循環器内科　呼吸器内科　糖尿病内科　放　リハ,,平26. 2. 1,ika
診療所,34,0223527,園ふたばこどもクリニック,広島市安佐南区山本３丁目１番１２号,082-871-7770,木村　健秀,木村　健秀,小　循環器小児科,,平26. 4. 1,ika
診療所,34,0223535,石川内科外科クリニック,広島市佐伯区海老園２－１０－２１,082-923-1100,石川　哲大,石川　哲大,内　外,,平26. 4. 1,ika
診療所,34,0223550,まんたに心療内科クリニック,広島市佐伯区五日市駅前１丁目５番１８号グラシアビル３０２,082-924-0020,医療法人　Ｍｅｄｉｃａｌ　Ｓａｎｃｔｕａｒｙ　理事長　萬谷　昭夫,萬谷　昭夫,精　心内,,平26. 4. 1,ika
病院,34,0223592,地方独立行政法人広島市立病院機構　広島市立リハビリテーション病院,広島市安佐南区伴南一丁目３９番１号,082-849-2803,地方独立行政法人広島市立病院機構　理事長　秀　道広,竹下　真一郎,一般　リハ　脳内　整外　脳外　耳い　眼　内　皮　放　歯　精　ひ,100,平26. 4. 1,ika
病院,34,0223600,地方独立行政法人広島市立病院機構広島市立舟入市民病院,広島市中区舟入幸町１４番１１号,082-232-6195,地方独立行政法人広島市立病院機構　理事長　秀　道広,髙蓋　寿朗,一般　一般（感染）　内　呼内　消化器内科　循環器内科　血液内科　内視鏡内科　精　小　外　消化器外科　肛門外科　整外　小外　皮　眼　耳い　リハ　放　麻,156,平26. 4. 1,ika
診療所,34,0223626,山東クリニック,広島市安佐南区緑井三丁目１４番８号,082-870-7000,医療法人安寿会　理事長　山東　憲央,石田　誠子,内　消化器内科　呼内　ひ　糖尿病内分泌科　美容皮膚科,,平26. 5. 1,ika
診療所,34,0223634,落久保外科循環器内科クリニック,広島市西区己斐本町三丁目２番８号,082-271-4733,医療法人裕心会　理事長　落久保　裕之,落久保　裕之,内　循環器内科　消化器内科　呼内　外　リハ,,平26. 5. 1,ika
診療所,34,0223642,そえだ眼科,広島市佐伯区楽々園４丁目６番２３号,082-208-1010,添田　祐,添田　祐,眼,,平26. 6. 1,ika
診療所,34,0223659,梶山内科,広島市中区十日市町１－２－２２,082-293-5522,梶山　雄一郎,梶山　雄一郎,内　呼内　他　アレ,,平26. 7. 1,ika
診療所,34,0223675,いちごこどもクリニック,広島市安佐南区川内５丁目１４－２０,082-870-1115,中村　和洋,中村　和洋,内　小,,平26. 10. 1,ika
病院,34,0223683,広島医療生活協同組合　広島共立病院,広島市安佐南区中須二丁目２０番２０号,082-879-1111,広島医療生活協同組合　理事長　坂本　裕,村田　裕彦,一般　内　呼内　循環器内科　消化器内科　糖尿病内科　内視鏡内科　外　心外　消化器外科　乳腺外科　内視鏡外科　肛門外科　整外　脳外　形外　精　小　皮　ひ　婦　眼　耳い　リハ　放　病理　麻　脳内　緩和ケア内科,186,平26. 9. 1,ika
診療所,34,0223691,やない心療内科クリニック,広島市佐伯区楽々園二丁目２番２号,082-943-6101,医療法人社団やないクリニック　理事長　柳井　一郎,柳井　一郎,精　心内　内,,平26. 11. 1,ika
診療所,34,0223709,わたなべ耳鼻咽喉科・アレルギー科,広島市安佐南区東原一丁目１番２－４０３号,082-850-0131,医療法人　柔浩会　理事長　渡部　浩,渡部　浩,耳い　アレ,,平26. 11. 1,ika
診療所,34,0223741,松阪内科医院,広島市西区己斐本町３丁目５番７号エステート己斐本町ビル２Ｆ,082-272-5100,松阪　茂,松阪　茂,内　呼内　アレ　放,,平27. 3. 1,ika
診療所,34,0223766,かがわファミリークリニック,広島市安佐南区西原二丁目３２番１９号,082-875-0012,医療法人オハナ　理事長　香川　佳寛,香川　佳寛,内　消化器内科　外　整外　肛門外科　リハ　アレ,,平27. 4. 1,ika
診療所,34,0223774,緑井脳神経外科,広島市安佐南区緑井５丁目２９番１８－２０１号,082-831-3230,医療法人ＦＭＨＮ　理事長　吉岡　宏幸,吉岡　宏幸,脳外　神内　リハ,,平27. 4. 1,ika
診療所,34,0223782,みやた眼科,広島市西区井口四丁目２番３４号,082-276-1166,医療法人みやた眼科　理事長　宮田　章,宮田　章,眼,,平27. 4. 1,ika
診療所,34,0223790,城眼科,広島市西区横川町三丁目２番１号横川駅ＮＫビル３０２,082-503-5150,医療法人社団公仁会　理事長　槇殿　公誉,城　友香理,眼,,平27. 5. 15,ika
診療所,34,0223824,こころの健康クリニック可部,広島市安佐北区可部四丁目６番２号,082-819-3553,倉田　健一,倉田　健一,精　心内,,平27. 8. 1,ika
病院,34,0223840,福島生協病院,広島市西区福島町１丁目２４番７号,082-292-3171,広島中央保健生活協同組合　代表理事　理事長　福山　愼二,北口　浩,一般　内　循環器内科　消化器内科　糖尿病内科　呼内　脳内　外　肛門外科　整外　耳い　皮　ひ　リハ,165,平27. 9. 1,ika
診療所,34,0223865,岩本内科循環器内科,広島市佐伯区五日市駅前三丁目４番１７号,082-924-5333,医療法人　こころざし　理事長　岩本　隆志,岩本　隆志,内　循環器内科　消化器内科　放　リハ,,平27. 10. 1,ika
診療所,34,0223873,平川クリニック,広島市安佐南区祇園三丁目２－１イオンモール広島祇園１Ｆ,082-962-4789,医療法人社団　岳大会　理事長　鈴木　智博,金谷　美香,眼,,平27. 10. 6,ika
診療所,34,0223881,生協小児科ひろしま,広島市西区観音町１６番１９号,082-532-1260,広島中央保健生活協同組合　代表理事　理事長　福山　愼二,北村　佳子,小,,平27. 11. 1,ika
診療所,34,0223899,なかつ泌尿器科クリニック,広島市佐伯区八幡東三丁目２８番１７号クロスロードビル３Ｆ,082-929-1131,医療法人　なかつ泌尿器科クリニック　理事長　中津　博,中津　博,ひ,,平27. 11. 1,ika
診療所,34,0223915,みぞべ眼科,広島市安佐南区緑井五丁目２９番１８－２０２号,082-831-0030,医療法人みぞべ眼科　理事長　溝　裕一郎,溝　裕一郎,眼,,平27. 11. 1,ika
診療所,34,0223923,しんや眼科,広島市西区南観音２丁目３－３５,082-532-7577,新矢　誠人,新矢　誠人,眼,,平28. 1. 1,ika
診療所,34,0223949,やまぐちホームケアクリニック,広島市安佐北区口田一丁目２１番２５号,082-843-3030,医療法人やまぐちホームケアクリニック　理事長　山口　剛,山口　剛,内　外　消化器内科　肛門外科　疼痛緩和内科,,平28. 5. 1,ika
診療所,34,0223956,医療法人康和会　田中耳鼻咽喉科医院,広島市西区草津東１－８－３３,082-271-3839,医療法人康和会　理事長　田中　康政,田中　康政,耳い,,平28. 4. 1,ika
診療所,34,0223964,こころ・チャイルド・クリニック,広島市安佐南区伴南１丁目５番１８－８－３０１号,082-849-5519,医療法人こころ・チャイルド・クリニック　理事長　野村　真二,野村　真二,小,,平28. 4. 1,ika
診療所,34,0223980,こうの内科呼吸器クリニック,広島市佐伯区八幡東３丁目１９－４５,082-926-3501,河野　秀和,河野　秀和,内　呼内　アレ,,平28. 9. 1,ika
診療所,34,0224012,ふないり脳クリニック,広島市中区舟入幸町４－２クリニックモール舟入２階,082-503-2710,村上　太郎,村上　太郎,他　神内　精,,平28. 9. 1,ika
診療所,34,0224020,ひらお循環器消化器クリニック,広島市中区舟入幸町４－２クリニックモール舟入３階,082-532-2611,平尾　秀和,平尾　秀和,内,,平28. 9. 1,ika
診療所,34,0224038,佐々木眼科,広島市西区己斐本町３丁目４番５号,082-527-1500,佐々木　崇暁,佐々木　崇暁,眼,,平28. 9. 1,ika
診療所,34,0224046,しみず眼科医院,広島市西区井口明神１丁目１４－４９明神ビル４Ｆ,082-278-5093,岡野　智文,岡野　智文,眼,,平28. 10. 1,ika
診療所,34,0224061,中増整形外科クリニック,広島市安佐南区大塚西四丁目１７番１号,082-299-6500,医療法人　ＭＡＮＳＨ　理事長　中増　正寿,中増　正寿,整外　リハ　リウ,,平28. 10. 1,ika
診療所,34,0224079,しみずこどもクリニック,広島市安佐南区祇園三丁目１２番１２－２号,082-846-0070,医療法人　雖寿会　理事長　清水　浩志,清水　浩志,小,,平28. 11. 1,ika
診療所,34,0224087,さくら内科・循環器内科,広島市中区本川町一丁目１番２６号,082-503-2233,医療法人さくら内科・循環器内科　理事長　佐倉　拓朗,佐倉　拓朗,内　呼内　循環器内科　消化器内科,,平28. 11. 1,ika
診療所,34,0224095,さくらい内科アレルギー科クリニック,広島市安佐南区緑井五丁目２９番１８－３０１号,082-831-1181,医療法人　瑞穣会　理事長　櫻井　穣司,櫻井　穣司,呼内　内　アレ　循環器内科　消化器内科,,平28. 12. 1,ika
診療所,34,0224103,医療法人社団恵正会　二宮内科高陽クリニック,広島市安佐北区落合五丁目２４番８号,082-841-5111,医療法人社団恵正会　理事長　二宮　正則,中野　良規,内　循環器内科　消化器内科　放,,平29. 4. 1,ika
診療所,34,0224111,もりかわ皮ふ科クリニック,広島市安佐北区口田１丁目１６番３５号,082-841-1221,森川　博文,森川　博文,皮,,平29. 4. 1,ika
診療所,34,0224137,こうの小児科クリニック,広島市中区舟入幸町４－２クリニックモール舟入４階,082-503-3370,河野　一輝,河野　一輝,小　代謝・内分泌内科,,平29. 4. 1,ika
診療所,34,0224186,広島大腸肛門クリニック,広島市西区庚午南一丁目３５番２１号,082-507-1555,医療法人　ＣＰＣよつば会　理事長　中島　真太郎,中島　真太郎,一般　一般　内　外　胃腸内科　消化器内科　大腸・肛門外科,7,平29. 4. 1,ika
診療所,34,0224202,むらた眼科,広島市安佐南区西原八丁目１番１５－２０２号,082-874-4333,医療法人社団　敬和会　理事長　村田　和彦,村田　和彦,眼,,平29. 4. 1,ika
診療所,34,0224228,つばさ往診クリニック,広島市西区己斐上二丁目３１－１,082-507-2283,津田　志,津田　志,内,,平29. 5. 1,ika
診療所,34,0224236,いつかいち駅前内科,広島市佐伯区五日市駅前一丁目５番１８－４０１号,082-943-6022,医療法人いつかいち駅前内科　理事長　粟屋　智一,粟屋　智一,内　糖尿病内科　内分泌内科,,平29. 5. 1,ika
診療所,34,0224244,すぎたクリニック,広島市安佐南区祇園三丁目５番１１号,082-846-5523,医療法人すぎたクリニック　理事長　杉田　直樹,杉田　直樹,整外　リウ　リハ,,平29. 5. 1,ika
診療所,34,0224293,医療法人社団あきひろ会　やまね眼科,広島市佐伯区旭園４番２７号,082-923-1146,医療法人社団あきひろ会　理事長　山根　健,山根　健,眼,,平29. 11. 1,ika
診療所,34,0224327,こころ皮ふ科クリニック,広島市安佐南区伴南一丁目５番１８－８－３０３号,082-849-5477,医療法人社団　鍈紀会　理事長　野田　英貴,野田　英貴,皮　形外,,平29. 11. 1,ika
診療所,34,0224335,かわむら内科クリニック,広島市西区庚午中二丁目１９番９号,082-507-6007,医療法人かわむら内科クリニック　理事長　河村　智一,河村　智一,内　糖尿病内科　内分泌内科,,平29. 11. 1,ika
診療所,34,0224343,やぎ眼科,広島市安佐南区八木１丁目１９番１６号,082-873-1221,多久　さとの,多久　さとの,眼,,平30. 2. 1,ika
診療所,34,0224350,のだ内科ファミリークリニック,広島市西区井口明神１丁目１４－４９明神ビル２Ｆ,082-277-7762,野田　昌昭,野田　昌昭,内　小　感染症内科,,平30. 3. 1,ika
診療所,34,0224368,こころクリニック,広島市安佐北区安佐町鈴張２６８８番地,082-554-8600,社会福祉法人　ひろしま四季の会　理事長　池田　竜也,姜　賢玉,内　外,,平30. 3. 1,ika
病院,34,0224384,メリィホスピタル,広島市安佐南区大塚西三丁目１番２０号,082-849-2300,医療法人社団　八千代会　理事長　鳳山　慧妃子,福田　康彦,一般　内　放　リハ　精　緩和ケア内科　脳内　漢方内科　歯,199,平30. 4. 1,ika
診療所,34,0224392,うえ眼科,広島市西区庚午北二丁目２２番４号高須サンフラワービル３階,082-507-0003,医療法人うえ眼科　理事長　上　敬宏,上　恵美,眼,,平30. 5. 1,ika
診療所,34,0224400,いるかクリニック,広島市安佐南区相田一丁目３番１８号,082-962-1031,医療法人いるかクリニック　理事長　三枝　道尚,三枝　道尚,ひ,,平30. 5. 1,ika
診療所,34,0224418,あかりホームケアクリニック,広島市中区舟入南一丁目４番５０号Ｍフラッツ１Ｆ,082-503-8102,医療法人あかりホームケアクリニック　理事長　古谷　和久,古谷　和久,内　緩和ケア内科,,平30. 6. 1,ika
診療所,34,0224434,あき皮ふ科,広島市安佐南区緑井五丁目２９番１８－４０３号,082-831-2355,医療法人あき皮ふ科　理事長　安岐　敏行,安岐　敏行,皮　漢方皮膚科　形外,,平30. 7. 1,ika
診療所,34,0224459,医療法人　近藤内科クリニック,広島市安佐南区山本一丁目１９番３６号,082-874-0139,医療法人　近藤内科クリニック　理事長　近藤　圭介,近藤　圭介,内　呼内　小,,平30. 7. 23,ika
診療所,34,0224483,こころ・やのファミリークリニック,広島市安佐南区伴南４－１－１０,082-811-8277,矢野　健太郎,矢野　健太郎,内　外　他,,平30. 10. 1,ika
診療所,34,0224491,もみじアイクリニック,広島市西区草津新町２－２６－１,082-501-1457,光井　史治,光井　史治,眼,,平30. 10. 1,ika
診療所,34,0224509,林クリニック,広島市中区舟入南一丁目１０番１３号,082-291-4555,医療法人林クリニック　理事長　林　克実,林　克実,一般　一般　外　肛門外科　内　消化器内科,3,平30. 10. 1,ika
診療所,34,0224517,やすクリニック,広島市安佐南区上安１丁目１－１８,082-878-7101,井上　基樹,井上　基樹,内　消化器内科　婦,,平30. 11. 1,ika
診療所,34,0224541,まつおか内科・脳神経内科,広島市中区本川町１丁目１番２４－３０３号,082-533-8674,松岡　直輝,松岡　直輝,内　神内,,平30. 12. 1,ika
診療所,34,0224558,医療法人博善会　長尾医院,広島市安佐南区西原四丁目１７番１１号,082-874-3055,医療法人　博善会　理事長　長尾　雅史,長尾　雅史,一般　一般　内　整外　循環器内科　リハ　ひ,19,平31. 2. 1,ika
診療所,34,0224566,楽々園みみ・はな・のどクリニック,広島市佐伯区楽々園５丁目９番５号楽々園クリニックビル２０１号,082-943-7881,大上　哲生,大上　哲生,耳い,,平31. 4. 1,ika
診療所,34,0224582,土橋きたの皮ふ科,広島市中区堺町１丁目３－１０－２Ｆ,082-532-0863,北野　文朗,北野　文朗,皮,,平31. 4. 1,ika
診療所,34,0224590,おおえクリニック　内科・糖尿病内科,広島市安佐南区祇園５丁目２番４５－３０１,082-832-2700,大江　健,大江　健,内　代謝内科　内分泌内科　糖尿病内科,,平31. 4. 1,ika
診療所,34,0224616,観音中村クリニック,広島市西区南観音７丁目１４－２０第二藤島ビル２階,082-533-7734,中村　浩之,中村　浩之,内　外　漢方内科　肛門外科,,平31. 4. 1,ika
診療所,34,0224657,医療法人　ながた皮ふ科,広島市安佐北区落合５丁目２４番８号,082-841-0017,医療法人　ながた皮ふ科　理事長　永田　敬二,永田　敬二,皮,,平31. 4. 1,ika
診療所,34,0224665,山科内科医院,広島市佐伯区八幡二丁目２６番２５号,082-928-5111,医療法人　山科内科医院　理事長　山科　洋一,山科　洋一,内　胃腸内科　循環器内科　呼内,,平31. 4. 1,ika
診療所,34,0224673,いたくら眼科,広島市安佐北区落合五丁目２４番８号,082-841-2522,医療法人いたくら眼科　理事長　板倉　秀記,板倉　秀記,眼,,平31. 4. 1,ika
診療所,34,0224681,上安はるのひ心療内科,広島市安佐南区上安二丁目２９番３号野地ビル２Ｆ,082-962-6000,医療法人社団はるかぜ会　理事長　原　泰志,原　泰志,心内　精,,平31. 4. 1,ika
診療所,34,0224707,たにみつ耳鼻咽喉科,広島市安佐南区八木一丁目１９番２１号,082-873-1133,医療法人　たにみつ耳鼻咽喉科　理事長　谷光　徳晃,谷光　徳晃,耳い,,令元. 5. 1,ika
診療所,34,0224715,ふろなか内科呼吸器アレルギークリニック,広島市安佐南区祇園三丁目１５番２５号,082-832-2280,医療法人エール　理事長　風呂中　修,風呂中　修,内　呼内　アレ,,令元. 5. 1,ika
診療所,34,0224723,さくらウィメンズクリニック,広島市佐伯区五日市駅前一丁目５番１８－４０２号,082-943-5512,医療法人さくらウィメンズクリニック　理事長　大下　孝史,大下　孝史,婦　産,,令元. 5. 1,ika
診療所,34,0224731,みどり心のクリニック広島,広島市安佐南区中筋１丁目９－６ロイヤルニシムラ２Ｆ,082-836-5561,長尾　正久,長尾　正久,心内　精　漢方内科,,令元. 6. 1,ika
病院,34,0224749,コムラ病院,広島市安佐南区相田一丁目１６番２９号,082-872-2151,医療法人　コムラ病院　理事長　古村　喬太,古村　喬太,療養　内　呼内,,令元. 5. 1,ika
診療所,34,0224756,はだ小児科,広島市佐伯区楽々園５－９－５－３０２,082-208-5285,羽田　聡,羽田　聡,小,,令元. 7. 1,ika
診療所,34,0224780,ひだまりこどもアレルギー科クリニック,広島市安佐南区祇園５丁目２番４５－２０４,082-832-3300,平田　修,平田　修,小　アレ,,令元. 10. 1,ika
診療所,34,0224798,くすの木クリニック,広島市西区楠木町四丁目１６番１４号,082-238-7764,医療法人　くすの木クリニック　理事長　信原　宏礼,信原　宏礼,内　外,,令元. 10. 1,ika
診療所,34,0224806,祇園わだ内科クリニック,広島市安佐南区祇園三丁目１３番２８号,082-874-2777,医療法人　慶和会　理事長　和田　慶洋,和田　慶洋,内　消化器内科　内視鏡内科,,令元. 10. 1,ika
診療所,34,0224822,木ノ原内科小児科医院,広島市安佐北区亀崎一丁目２番３０号,082-845-2232,医療法人木ノ原内科小児科医院　理事長　木ノ原　周平,木ノ原　周平,内　小　呼内　胃腸内科　循環器内科　リハ,,令元. 11. 1,ika
診療所,34,0224830,たかいしクリニック,広島市佐伯区坪井一丁目２１番４３号,082-943-7307,医療法人たかいしクリニック　理事長　髙石　英樹,髙石　英樹,内　消化器内科,,令元. 11. 1,ika
診療所,34,0224848,三上整形外科医院,広島市佐伯区八幡二丁目２５番２３号,082-928-7778,三上　貴弘,三上　貴弘,一般　療養　整外　外　リハ　放　内,4,令元. 12. 26,ika
診療所,34,0224871,新田小児科医院,広島市西区横川町３丁目９－１４,082-231-7901,新田　哲也,新田　哲也,小　内,,令2. 2. 24,ika
診療所,34,0224889,園すやま眼科クリニック,広島市安佐南区山本三丁目１番１０号,082-836-3505,須山　貴子,須山　貴子,眼,,令2. 3. 1,ika
診療所,34,0224897,岩本皮ふ科アレルギー科,広島市西区井口明神一丁目９番２号,082-278-3758,岩本　和真,岩本　和真,皮　アレ　内　循環器内科　小,,令2. 4. 1,ika
診療所,34,0224913,原田リハビリ整形外科,広島市安佐南区東野２丁目２１－２０,082-870-5555,原田　健司,原田　健司,整外　リハ,,令2. 4. 1,ika
診療所,34,0224921,草津眼科クリニック,広島市西区草津東二丁目１６番８号,082-208-1700,医療法人草津眼科クリニック　理事長　望月　英毅,望月　英毅,眼,,令2. 4. 1,ika
診療所,34,0224947,クオッカ眼科クリニック,広島市安佐南区伴南１丁目５－１８－８－２０１,082-849-6699,板倉　勝昌,板倉　勝昌,眼,,令2. 5. 1,ika
診療所,34,0224954,リハビリテーション礼和クリニック広島,広島市西区上天満町７番１３号株式会社井口家具百貨店西館４階,082-532-5099,村田　芳夫,村田　芳夫,内　脳内　リハ　精,,令2. 5. 1,ika
診療所,34,0224962,すみれ産婦人科クリニック,広島市安佐南区緑井五丁目２９番１８号,082-831-0160,医療法人すみれ産婦人科クリニック　理事長　谷本　博利,谷本　博利,産婦,,令2. 5. 1,ika
診療所,34,0224996,ふないり心のクリニック,広島市中区舟入幸町４－２クリニックモール舟入４階,082-942-1650,正岡　紫,正岡　紫,精　心内　内,,令2. 10. 1,ika
診療所,34,0225001,かとう整形外科スポーツ運動器クリニック,広島市安佐北区可部五丁目１４番１２号,082-554-8606,医療法人　陽会　理事長　加藤　寿陽,加藤　寿陽,整外　リハ,,令2. 10. 1,ika
診療所,34,0225035,楽々園ｋｉｓｕｉ診療所,広島市佐伯区楽々園５丁目１５番２２号,082-922-2555,社会福祉法人三篠会　理事長　酒井　亮介,小武家　俊英,内,,令3. 4. 1,ika
診療所,34,0225043,今井耳鼻咽喉科医院,広島市佐伯区海老園一丁目３番２２号,082-922-3131,医療法人ティ・ティ・エム会　理事長　今井　崇勝,今井　崇勝,耳い　気管食道外科　アレ,,令3. 4. 1,ika
診療所,34,0225068,やまぐち整形外科リハビリクリニック,広島市安佐南区祇園二丁目１３番２０号,082-874-6688,社会医療法人　広島ハートセンター　理事長　木村　祐之,山口　一敏,一般　一般　整外　リハ　リウ　内,19,令3. 4. 1,ika
診療所,34,0225076,小田内科,広島市西区三篠町１丁目２－２９,082-237-3821,忌部　航,忌部　航,内　消化器内科,,令3. 5. 1,ika
診療所,34,0225084,あおぞら診療所,広島市佐伯区五日市中央四丁目２番５３－９号,082-943-4158,医療法人社団　あおぞら診療所　理事長　小林　政則,小林　政則,内,,令3. 5. 1,ika
診療所,34,0225092,まつおか内科生活習慣病クリニック,広島市安佐南区伴南五丁目１番１号,082-962-7700,医療法人まつおか内科生活習慣病クリニック　理事長　松岡　多恵子,松岡　多恵子,内　糖尿病内科　老年内科　神内　美容皮膚科　漢方内科,,令3. 5. 1,ika
診療所,34,0225100,らくらくえん　ぶんのクリニック,広島市佐伯区楽々園五丁目９番５号,082-943-8710,医療法人ぶんのクリニック　理事長　文野　喬太,文野　喬太,リハ　整外,,令3. 7. 1,ika
診療所,34,0225126,にこにこキッズクリニック,広島市安佐南区緑井五丁目２９番１８号緑井ゆめビル１０３号,082-831-0415,医療法人秋悦会　理事長　下岡　武史,下岡　武史,小,,令3. 8. 1,ika
診療所,34,0225142,くくるこころのクリニック,広島市西区井口四丁目７番１８－７号－４０１,082-533-6322,佐藤　美紀子,佐藤　美紀子,精　心内,,令3. 10. 1,ika
診療所,34,0225159,みんなの在宅クリニック広島西,広島市佐伯区五日市中央四丁目１６番１号広電コイン通りビル５０７号室,082-208-3365,医療法人社団西日本平郁会　理事長　城谷　典保,白井　睦訓,内,,令3. 11. 1,ika
診療所,34,0225167,小浦眼科,広島市西区井口明神一丁目１番４８号,082-278-3900,医療法人　裕圭会　理事長　小浦　裕治,小浦　裕治,眼,,令3. 11. 1,ika
診療所,34,0225175,広島中央医科歯科クリニック,広島市安佐南区長束三丁目４０番４号,082-578-3331,医療法人社団　川岡クリニック　理事長　後藤　知博,西村　豊,内　精　心内　歯　循環器内科　皮　リウ　ひ　外,,令3. 11. 1,ika
診療所,34,0225183,ぎおん皮膚科婦人科スキンケアクリニック,広島市安佐南区祇園五丁目２番４５－２０２号,082-832-4112,医療法人　ぎおんクリニック　理事長　原　武,原　武,皮　婦,,令3. 10. 1,ika
診療所,34,0225191,ハラダ内科医院,広島市中区小網町２番１号,082-231-1190,原田　康夫,原田　康夫,内,,令3. 9. 5,ika
診療所,34,0225209,佐々木整形外科　ｓｐｉｎｅ　ｃｌｉｎｉｃ,広島市安佐南区祇園五丁目２番４５－４０１号,082-850-3211,医療法人タノシク　理事長　佐々木　浩文,佐々木　浩文,整外　リハ,,令3. 10. 1,ika
診療所,34,0225225,よねざわ生活習慣病・脳クリニック,広島市中区舟入本町１５－１９－３Ｆ,082-275-5802,米澤　公器,米澤　公器,内　脳外　漢方内科　アレ,,令4. 2. 1,ika
診療所,34,0225241,祇園お肌と爪のクリニック,広島市安佐南区祇園二丁目４０－１４　１階,070-3881-0077,野村　洋子,野村　洋子,皮　美容皮膚科,,令4. 4. 1,ika
診療所,34,0225258,みんなの泌尿器科クリニック,広島市西区井口４丁目７番１８－７井口サンフラワービル３０１,082-270-2525,藤井　慎介,藤井　慎介,ひ,,令4. 4. 1,ika
診療所,34,0225266,藤井外科内科クリニック,広島市中区舟入本町１４－６,082-292-7341,藤井　康史,藤井　康史,外　内　整外　消化器内科　肛門外科,,令4. 4. 1,ika
診療所,34,0225274,いしばし耳鼻咽喉科クリニック,広島市安佐南区祇園五丁目２番４５－２０１号,082-850-1231,医療法人いしばし耳鼻咽喉科クリニック　理事長　石橋　卓弥,石橋　卓弥,耳い,,令4. 4. 1,ika
診療所,34,0225282,たけなか眼科,広島市安佐南区祇園五丁目２番４５－３０２号,082-850-2711,医療法人たけなか眼科　理事長　竹中　丈二,竹中　丈二,眼,,令4. 4. 1,ika
診療所,34,0225290,高見内科,広島市西区草津本町２５番１号,082-278-6050,医療法人社団恒星会　高見内科　理事長　高見　俊輔,高見　俊輔,内　呼内　アレ　糖尿病内科　代謝内科　小,,令4. 4. 1,ika
病院,34,0225308,医療法人　広和会　福馬病院,広島市西区観音本町一丁目１番１９号,082-291-4500,医療法人　広和会　理事長　福馬　寿幸,福馬　寿幸,療養　療養　腎臓内科（人工透析）　外,44,令4. 4. 11,ika
診療所,34,0225324,アルパーク検診クリニック,広島市西区草津新町二丁目２６－１アルパーク東棟２階,082-501-1115,医療法人広島健康会　理事長　木内　良明,荒滝　桂子,内　胃腸内科,,令4. 5. 1,ika
診療所,34,0225332,小川内科,広島市中区江波西２丁目３３－２０,082-234-3203,小川　裕太郎,小川　裕太郎,内,,令4. 4. 26,ika
病院,34,0225340,地方独立行政法人広島市立病院機構　広島市立北部医療センター安佐市民病院,広島市安佐北区亀山南１丁目２番１号,082-815-5211,地方独立行政法人広島市立病院機構　理事長　秀　道広,永田　信二,一般　精神　内　消化器内科　内視鏡内科　腫瘍内科　血液内科　脳内　呼内　循環器内科　内分泌・糖尿病内科　精　小　外　消化器外科　乳腺外科　呼吸器外科　整外　脳外　心外　皮　ひ　産婦　眼　耳い　頭頚部外科　リハ　放射線診断科　放射線治療科　緩和ケア内科　麻　歯　歯外　病理　救急科,414,令4. 5. 1,ika
診療所,34,0225357,舟入槇殿内科,広島市中区舟入中町２番２３号　２階,082-293-0011,医療法人社団　公仁会　理事長　槇殿　公誉,槇殿　良子,内　放,,令4. 6. 1,ika
診療所,34,0225365,石原脳神経外科医院,広島市佐伯区五日市七丁目４番２４号,082-923-6662,石原　博文,石原　博文,一般　脳外　脳内,,令4. 6. 1,ika
診療所,34,0225373,はるた呼吸器クリニック,広島市中区堺町一丁目３番１０号吉田ビル３Ｆ,082-532-0590,医療法人ぜんそく・アレルギー広島　理事長　春田　吉則,春田　吉則,呼内　アレ　内,,令4. 10. 1,ika
診療所,34,0225381,よしのこどもとアレルギーのクリニック,広島市西区庚午南１丁目３０番１３号,082-208-5512,医療法人社団りんご会　理事長　吉野　修司,吉野　修司,小　アレ,,令4. 10. 1,ika
診療所,34,0225399,安佐南内科リウマチ科クリニック,広島市安佐南区伴東五丁目２１番３５号,082-849-6200,医療法人ＭＩＲＡＩ・ＢＯＳＨＩ　理事長　舟木　将雅,舟木　将雅,内　リウ　呼内　アレ　疼痛緩和内科,,令4. 11. 1,ika
診療所,34,0225415,かねはら内科・呼吸器クリニック,広島市西区楠木町三丁目１番１０号,082-230-1181,医療法人ＫＲＣ　理事長　金原　正志,金原　正志,内　呼内　アレ,,令4. 11. 1,ika
診療所,34,0225423,楽々園内科呼吸器クリニック,広島市佐伯区楽々園五丁目９番５－３０３号,082-943-5040,医療法人楽々園内科呼吸器クリニック　理事長　安武　美紀,安武　美紀,内　呼内,,令4. 11. 1,ika
診療所,34,0225431,むらき小児科,広島市西区庚午北二丁目２２番４号,082-527-0215,医療法人むらき小児科　理事長　村木　幸太郎,村木　幸太郎,小　小児神経科,,令4. 11. 1,ika
診療所,34,0225449,井上クリニック,広島市佐伯区五日市中央二丁目８番３５号,082-923-3161,医療法人井上整形外科　理事長　井上　昌三,井上　昌三,内　整外　精,,令4. 12. 1,ika
診療所,34,0225456,日髙内科医院,広島市安佐南区上安二丁目３２番２１号,082-872-3232,日髙　聡,日髙　聡,内　消化器内科　内視鏡内科,,令5. 1. 1,ika
診療所,34,0225464,アポロスキンクリニック,広島市佐伯区八幡東３丁目２９番１２－５－１０１,082-928-4371,吉賀　哲郎,吉賀　哲郎,皮　形外　美容皮膚科　美外,,令5. 3. 1,ika
診療所,34,0225472,わかば皮ふ形成クリニック,広島市安佐南区祇園三丁目７番２号　３階,082-832-5055,江草　豪,江草　豪,形外　皮　美外,,令5. 4. 1,ika
病院,34,0225480,安佐医師会病院,広島市安佐北区可部南二丁目１番３８号,082-555-2700,一般社団法人安佐医師会　会長　　勝三,土手　慶五,一般　一般　内　緩和ケア内科　リハ,102,令5. 4. 1,ika
診療所,34,0225498,こころ心療内科・カウンセリング医院,広島市安佐南区伴南１丁目５－１８－８－４０２,082-836-5560,吉村　朋範,吉村　朋範,精　心内,,令5. 4. 1,ika
診療所,34,0225506,藤武眼科,広島市安佐南区伴東七丁目５９番１号,082-848-8080,医療法人藤武眼科　理事長　藤武　淳一,藤武　淳一,眼,,令5. 4. 1,ika
診療所,34,0225514,かわい皮ふ科クリニック,広島市佐伯区楽々園五丁目９番５－３０１号,082-208-1611,医療法人　かわい皮ふ科クリニック　理事長　河合　幹雄,河合　幹雄,皮,,令5. 4. 1,ika
診療所,34,0225522,安佐医師会可部夜間急病センター,広島市安佐北区可部南二丁目１番３８号,082-814-9910,一般社団法人安佐医師会　会長　　勝三,増岡　俊治,内,,令5. 4. 10,ika
診療所,34,0225530,あらき脳・循環器・リハビリクリニック,広島市西区庚午北１丁目５番１５号,082-208-4114,医療法人光臨会　理事長　荒木　勇人,江本　克也,脳外　循環器内科　小　内　リハ,,令5. 6. 1,ika
診療所,34,0225548,長楽寺内科・呼吸器クリニック,広島市安佐南区長楽寺一丁目１５番３号,082-225-7552,医療法人榮廣会　理事長　安井　牧人,安井　牧人,内　呼内　アレ,,令5. 5. 1,ika
診療所,34,0225555,嶋本病理クリニック,広島市佐伯区美鈴が丘西５丁目１０－１５,090-8062-4193,嶋本　文雄,嶋本　文雄,病理,,令5. 7. 1,ika
診療所,34,0225597,広島さくら整形外科,広島市安佐南区相田二丁目５番１８号　３Ｆ,082-832-8802,医療法人安　理事長　村田　秀則,村田　秀則,整外　リハ,,令5. 11. 1,ika
診療所,34,0225605,いのくち内科・呼吸器クリニック,広島市西区井口四丁目７番１８－７号－２０１,082-208-4181,餘家　浩樹,餘家　浩樹,内　呼内　アレ,,令6. 4. 1,ika
診療所,34,0225613,広島メディカルクリニック,広島市安佐南区高取北一丁目４番２９号－５号,082-225-7322,医療法人社団　川岡クリニック　理事長　後藤　知博,榎津　優,精　心内　内　皮　循環器内科　外,,令6. 6. 1,ika
診療所,34,0225621,中須内科消化器中須おにたけこどもクリニック,広島市安佐南区中須一丁目７番７号２Ｆ,082-870-1400,医療法人ファミーユ　理事長　鬼武　敏子,鬼武　敏子,内　消化器内科　小　小外,,令6. 4. 1,ika
診療所,34,0225639,すがはら小児科アレルギー科クリニック,広島市安佐南区西原八丁目１番１３号２Ｆ,082-850-2020,医療法人すがはら小児科アレルギー科クリニック　理事長　菅原　朋子,菅原　朋子,小　アレ,,令6. 4. 1,ika
診療所,34,0225647,古江駅前すみれ皮ふ科,広島市西区庚午中二丁目１９番１８号,082-272-0000,医療法人　ＶＩＯＬＡ　理事長　東儀　那津子,東儀　那津子,皮　美容皮膚科　小児皮膚科,,令6. 4. 1,ika
診療所,34,0225662,玲　広島整形外科クリニック,広島市中区本川町３丁目１－１４－１００３号,090-7128-0635,原田　仁,原田　仁,整外　内,,令6. 6. 1,ika
診療所,34,0225670,安佐南在宅・痛みのクリニック,広島市安佐南区川内二丁目２０番２１号,082-836-7171,医療法人安佐南在宅・痛みのクリニック　理事長　中村　仁,中村　仁,内　疼痛緩和内科　ペインクリニック内科　麻,,令6. 5. 1,ika
診療所,34,0225688,わき外科日帰り手術クリニック,広島市西区横川町二丁目７番１９号横川メディカルプラザ６階,082-208-1972,脇　直久,脇　直久,外,,令6. 9. 1,ika
診療所,34,0225696,おりづるクリニック,広島市中区十日市町一丁目５番１８号十日市レスト１階,082-942-0033,医療法人あかり会　理事長　根本　義章,柳部　憲佑,内,,令6. 7. 1,ika
診療所,34,0225704,さだひで腎・泌尿器科クリニック,広島市安佐南区山本１－９－２６クリニックモール祇園　２Ｆ,082-846-5011,定秀　孝介,定秀　孝介,ひ　腎臓外科,,令6. 11. 2,ika
診療所,34,0225712,さくらの木ファミリークリニック,広島市西区福島町２丁目２４－２７－２,082-208-2939,木村　一紀,木村　一紀,内　小　精,,令6. 11. 1,ika
診療所,34,0225720,たなべ春日野クリニック,広島市安佐南区山本新町２丁目１８－９－８　１階,082-554-1447,医療法人社団優尽会　たなべ春日野クリニック　理事長　田邉　智之,田邉　智之,脳外　内　外,,令6. 11. 1,ika
診療所,34,0225738,こころ耳鼻咽喉科,広島市安佐南区伴南一丁目５番１８－８－２０２号,082-849-4187,医療法人真路会　理事長　夜陣　真司,夜陣　真司,耳い,,令6. 11. 1,ika
病院,34,0225753,広島心臓血管病院,広島市安佐南区西原５丁目５番１０号,082-874-8080,社会医療法人　広島ハートセンター　理事長　木村　祐之,木村　祐之,一般　一般　循環器内科　内　心外　リハ　麻,38,令6. 11. 1,ika
診療所,34,0225761,土橋メンタルクリニック,広島市中区堺町１－３－１０吉田ビル２Ｆ,082-532-6565,中島　幸枝,中島　幸枝,精　心内,,令7. 1. 1,ika
診療所,34,0225779,メディカルケアさつき診療所,広島市佐伯区五月が丘二丁目７番２５号,082-941-1133,医療法人登静会　理事長　中村　真也,串畑　重行,外　内　腎臓内科　呼内　消化器内科　循環器内科　小　リハ　精　皮,,令7. 1. 1,ika
診療所,34,0225787,いのくち耳鼻咽喉科クリニック,広島市西区井口４丁目７番１８－７号井口サンフラワービル３Ｆ,082-278-8733,勝部　泰彰,勝部　泰彰,耳い,,令7. 4. 1,ika
診療所,34,0225795,吉田医院,広島市中区江波二本松１－１３－２０,082-232-0022,吉田　美穂,吉田　美穂,内,,令7. 2. 5,ika
診療所,34,0225803,クリニック　キャンリブ,広島市西区高須１丁目４－３８,090-6524-9935,中野　伊知郎,中野　伊知郎,内,,令7. 3. 1,ika
診療所,34,0225811,きむら内科クリニック,広島市安佐南区東原１丁目１－２シーブリーズ東原七番館３Ｆ　３０３,082-836-5162,木村　直人,木村　直人,内,,令7. 5. 1,ika
診療所,34,0225829,たなか整形外科リハビリクリニック,広島市西区井口４丁目７番１８－７井口サンフラワービル西棟２０２,082-276-8341,田中　治,田中　治,整外　リハ,,令7. 5. 1,ika
診療所,34,0225837,炭田内科・胃腸内科医院,広島市西区三篠町三丁目５－２０,082-237-0532,炭田　知宜,炭田　知宜,一般　一般　内　消化器内科　胃腸内科　放　循環器内科,19,令7. 2. 19,ika
診療所,34,0225845,こめかみ内科・外科クリニック,広島市西区庚午北２丁目２２－４高須サンフラワービル２階２０１,082-208-2776,米神　裕介,米神　裕介,内　外,,令7. 4. 1,ika
診療所,34,0225852,ゆうひ内科循環器クリニック,広島市西区三篠町三丁目２２－８レジデンス三篠１Ｆ,082-836-5930,藤田　陽,藤田　陽,内　小　循環器内科　外　心外,,令7. 6. 1,ika
診療所,34,0225860,もりお内科,広島市中区舟入川口町６－８,082-234-2525,盛生　慶,盛生　慶,内　肝臓内科　消化器内科（内視鏡）,,令7. 6. 1,ika
診療所,34,0225878,安佐南おなかの内科・内視鏡クリニック,広島市安佐南区緑井５－２９－１１ＳＵＺＵＫＩビル３階,082-879-7149,松本　健太,松本　健太,内視鏡内科　消化器内科　内,,令7. 6. 1,ika
診療所,34,0225886,くぼた耳鼻咽喉科アレルギー科,広島市佐伯区千同二丁目１番３５号,082-533-6542,医療法人　壽宝羅会　理事長　久保田　和法,久保田　和法,耳い　アレ　小児耳鼻咽喉科　気管食道外科,,令7. 4. 1,ika
診療所,34,0225894,ふじた消化器内科クリニック,広島市安佐南区中筋４丁目１３－１５,082-870-6688,藤田　裕子,藤田　裕子,内　消化器内科　呼内　循環器内科　胃腸内科　気食　内分泌内科　心内　内視鏡内科　肝臓内科,,令7. 5. 1,ika
診療所,34,0225910,しらさぎ診療所,広島市佐伯区楽々園二丁目１番３４号しらさぎビル１階,082-921-6000,医療法人しらさぎ　理事長　山下　哲正,山下　哲正,内,,令7. 5. 1,ika
診療所,34,0225928,かりゆし在宅クリニック,広島市安佐南区伴東３丁目１４番３７号,082-209-0555,福井　英人,福井　英人,内　緩和ケア内科　外,,令7. 8. 1,ika
診療所,34,0225936,てんた内科クリニック,広島市佐伯区海老園１－３－２１,082-942-1110,天田　雅文,天田　雅文,糖尿病内科　内分泌内科　内,,令7. 9. 1,ika
診療所,34,0225944,戸田整形外科リハビリクリニック,広島市西区草津東１丁目８番２９号,082-299-3588,戸田　直樹,戸田　直樹,整外　リハ,,令7. 9. 1,ika
診療所,34,0225951,いしうちファミリークリニック,広島市佐伯区五日市町大字石内６７８２－１,082-299-7555,小林　知貴,小林　知貴,内　小　外,,令7. 10. 1,ika
診療所,34,0225969,医療法人社団恵正会　さこぐち脳神経外科クリニック,広島市安佐北区落合五丁目２４番８号,082-573-3770,医療法人社団　恵正会　理事長　二宮　正則,迫口　哲彦,脳外,,令7. 10. 15,ika
診療所,34,0225977,あべとも内科消化器クリニック,広島市安佐南区伴東７丁目６４番１５号,082-848-7149,医療法人真優会　理事長　安部　真,安部　真,内　消　乳腺外科,,令7. 10. 1,ika
診療所,34,0225985,にしもり整形外科クリニック,広島市安佐北区可部南五丁目８番３２－１３号,082-554-1713,医療法人ＮＯＣ　理事長　西森　誠,西森　誠,整外　リハ　内,,令7. 11. 1,ika
診療所,34,0225993,医療法人社団恵正会二宮内科八木クリニック,広島市安佐南区八木八丁目１１番１０号,082-873-6555,医療法人社団恵正会　理事長　二宮　正則,桒田　幸央,内　消化器内科　循環器内科　放,,令8. 4. 1,ika
診療所,34,0226009,こころ内科・呼吸器クリニック,広島市安佐南区伴南１丁目５－１８－８－２０３,082-555-1459,若林　優,若林　優,内　呼内,,令8. 4. 1,ika
診療所,34,0226017,舟入おとなこども総合診療クリニック,広島市中区西川口町１１－１４,082-299-0340,柿本　聖樹,柿本　聖樹,内　小　感染症内科　漢方内科,,令8. 5. 1,ika
診療所,34,0226025,広島循環器クリニック,広島市西区草津新町二丁目８番１２号,082-277-1937,医療法人　弘英会　理事長　網岡　英世,網岡　英世,循　内　消,,令8. 4. 1,ika
診療所,34,0226033,はやしクリニック,広島市佐伯区八幡一丁目２２番４号,082-929-0884,医療法人社団はやしクリニック　理事長　林　載鳳,林　載鳳,内　循環器内科,,令8. 5. 7,ika
診療所,34,0226041,山崎整形外科内科クリニック,広島市安佐南区毘沙門台一丁目５番２３号,082-877-5581,山崎　啓一郎,山崎　啓一郎,一般　一般　整外　内　小　リハ,19,令8. 6. 1,ika
診療所,34,0226058,医療法人社団　一陽会　一陽会クリニック,広島市佐伯区楽々園３丁目１４番３号,082-924-0033,医療法人社団　一陽会　理事長　西澤　欣子,荒川　哲次,一般　療養　内　腎臓内科,,令8. 6. 1,ika
病院,34,0510022,国家公務員共済組合連合会　呉共済病院,呉市西中央２丁目３－２８,0823-22-2111,国家公務員共済組合連合会　理事長　松元　崇,田原　浩,一般　結核　内　腎臓内科　代謝内科　ペインクリニック内科　血液内科　脳内　呼内　消化器内科　消化器外科　循環器内科　小　外　整外　乳腺外科　気道食道外科　内視鏡外科　脳外　呼外　心外　皮　ひ　婦　眼　耳鼻咽喉科・頭頸部外科　放　リハ　歯外　麻　アレ　病理　歯　形外,373,昭32. 7. 1,ika
病院,34,0510030,医療法人緑風会　ほうゆう病院,呉市阿賀北１－１４－１５,0823-72-2111,医療法人　緑風会　理事長　長尾　正嗣,長尾　正嗣,精神　内　精　心内　歯,323,昭55. 5. 1,ika
診療所,34,0510063,医療法人社団　小林医院,呉市阿賀中央８－５－９,0823-71-8205,医療法人社団　小林医院　理事長　小林　研介,小林　研介,内　消化器内科,,平元. 9. 1,ika
病院,34,0510147,木村胃腸科病院,呉市三条３丁目５－２２,0823-22-2306,医療法人　恵信会　理事長　木村　文聰,木村　敏久,療養　消化器内科　内　放,,平10. 5. 1,ika
診療所,34,0510154,仁和堂医院,呉市本通６丁目２－１８,0823-21-5430,医療法人社団仁和堂　理事長　柳原　健志,柳原　健志,皮　アレ,,平11. 4. 1,ika
病院,34,0510170,呉芸南病院,呉市阿賀中央６丁目７－２４,0823-72-1155,平田　康彦,平田　康彦,一般　療養　内　外　整外　消　リハ,,平15. 9. 1,ika
診療所,34,0510204,医療法人社団わらび会　脇田医院,呉市焼山中央２丁目１－１,0823-33-0018,医療法人社団わらび会　脇田医院　理事長　脇田　匡,脇田　匡,整外　内　リハ,,平12. 4. 1,ika
診療所,34,0510501,神垣医院,呉市広横路２－１４－３２,0823-76-5505,神垣　郁夫,神垣　郁夫,内　小　呼,,平18. 4. 1,ika
診療所,34,0510535,医療法人社団隼朋会　上田耳鼻咽喉科医院,呉市広大新開１－２－４,0823-71-0126,医療法人社団　隼朋会　理事長　上田　敏之,上田　敏之,耳い　アレ,,平2. 12. 1,ika
診療所,34,0510626,医療法人社団　福岡医院,呉市広古新開７－２１－１４,0823-71-7013,医療法人社団　福岡医院　理事長　福岡　卓実,福岡　卓実,内　循,,平7. 4. 1,ika
病院,34,0510691,医療法人社団中川会　呉中通病院,呉市中通１－３－８,0823-22-2510,医療法人社団　中川会　理事長　中川　寛顕,中川　豪,一般　療養　内　整外　脳外　脳内　リハ　放　リウ,,昭62. 11. 1,ika
病院,34,0510782,大矢整形外科病院,呉市中央４－４－３,0823-21-2507,医療法人社団　慈正会　理事長　大矢　宏典,金子　真也,療養　整外　リハ　リウ　内,,平10. 5. 1,ika
診療所,34,0510790,竹広医院,呉市両城１－３－１９,0823-21-4479,竹広　茂子,竹広　茂子,内　小,,平8. 4. 1,ika
診療所,34,0510808,田中医院,呉市宮原５－２－６,0823-25-1122,田中　圭一,田中　圭一,内　小,,平8. 11. 25,ika
診療所,34,0510840,医療法人社団　岡皮膚科,呉市本通４丁目６－５,0823-21-3739,医療法人社団　岡皮膚科　理事長　岡　和洋,岡　和洋,皮　アレ　リウ,,平14. 10. 1,ika
病院,34,0510857,医療法人社団有信会　呉記念病院,呉市郷原町２３７９－４２,0823-70-3200,医療法人社団　有信会　理事長　岡田　雅晴,栗原　誠,一般　療養　整外　リハ　内　ひ,,平12. 2. 1,ika
病院,34,0510956,医療法人社団　永楽会　前田病院,呉市中央２丁目６－２０,0823-25-2600,医療法人社団　永楽会　理事長　前田　正博,前田　正博,一般　療養　内　呼内　消化器内科　循環器内科　血液内科　放射線診断科　リハ　歯,,昭55. 11. 1,ika
病院,34,0511129,佐藤病院,呉市三条３丁目４－２５,0823-24-6654,医療法人　エム・エム会　理事長　白川　泰山,髙島　宏幸,療養　内　婦,,平5. 5. 1,ika
診療所,34,0511160,堀田医院,呉市宮原６－３－１１,0823-25-2211,井川　裕美子,井川　裕美子,内　小,,平9. 6. 5,ika
診療所,34,0511269,岡田医院,呉市宮原１２丁目１２－２８,0823-21-8648,中　真理子,中　真理子,内　循　呼　皮　リハ,,平14. 10. 20,ika
病院,34,0511434,青山病院,呉市阿賀北５丁目１５－３,0823-71-0151,医療法人　せいざん　理事長　青山　雅大,大村　泰,一般　療養　内　リハ　腎臓内科　脳内,,平17. 10. 1,ika
診療所,34,0511467,かたぎりこども診療所,呉市海岸２－２－９,0823-21-3949,片桐　庸雄,片桐　庸雄,小,,平5. 10. 1,ika
病院,34,0511665,社会福祉法人恩賜財団済生会支部広島県済生会　済生会呉病院,呉市三条２－１－１３,0823-21-1601,社会福祉法人恩賜財団済生会支部　広島県済生会　支部長　菊間秀樹,伊藤　博之,一般　内　心内　精　外　整外　皮　ひ　眼　リハ　消化器内科　循環器内科,150,昭32. 11. 1,ika
診療所,34,0511699,松本内科医院,呉市本通５－５－９,0823-21-7170,医療法人　松本内科医院　理事長　松本　武史,松本　武史,循環器内科　内　消化器内科,,平5. 9. 1,ika
診療所,34,0511806,高野医院,呉市広本町１－４－２９,0823-71-7861,高野　晴子,高野　晴子,眼,,平6. 4. 1,ika
診療所,34,0511830,日下耳鼻咽喉科医院,呉市東片山町１０－１８,0823-21-0128,日下　和彦,日下　和彦,耳い　アレ,,平11. 6. 1,ika
診療所,34,0511962,三好内科胃腸科,呉市東中央２－１－７,0823-23-3311,三好　栄司,三好　栄司,一般　内　胃　婦,,平19. 10. 1,ika
病院,34,0511970,一般社団法人　呉市医師会　呉市医師会病院,呉市朝日町１５－２４,0823-22-2321,一般社団法人　呉市医師会　会長　石井　哲朗,先本　秀人,一般　内　小　外　整外　皮　ひ　婦　眼　耳い　リハ　放　大腸・肛門外科,150,昭36. 1. 10,ika
診療所,34,0511996,寺岡内科・呼吸器科,呉市本通５丁目６－１２,0823-21-4666,寺岡　正悟,寺岡　正悟,内　呼　アレ　小,,平14. 6. 1,ika
診療所,34,0512010,眼科宍道医院,呉市広中町１５－２５,0823-71-8717,宍道　健介,宍道　健介,一般　眼,,平11. 3. 1,ika
診療所,34,0512044,二井谷内科,呉市広駅前２－１－５１,0823-71-3700,二井谷　研二,二井谷　研二,内　呼　循　消,,平12. 1. 1,ika
診療所,34,0512101,医療法人　守屋医院,呉市広駅前１－２－２４,0823-72-5660,医療法人　守屋医院　理事長　守屋　英一,守屋　英一,皮,,平7. 12. 1,ika
診療所,34,0512150,城本内科医院,呉市警固屋５丁目４－１４,0823-28-0449,城本　正義,城本　正義,内　循　呼　消　神内,,平15. 12. 1,ika
診療所,34,0512259,原医院,呉市吉浦東本町１－７－４,0823-31-0797,原　豊,原　豊,内　循　小,,平元. 4. 1,ika
診療所,34,0512366,医療法人社団　正岡クリニック,呉市本通１－５－１４,0823-21-1801,医療法人社団　正岡クリニック　理事長　正岡　良之,正岡　良之,外　内　整外　皮　ひ　放　胃,,平8. 4. 1,ika
診療所,34,0512481,みやび皮膚科クリニック,呉市西中央１丁目３－１０　３Ｆ,0823-32-7882,青木　雅子,青木　雅子,皮,,平14. 10. 1,ika
診療所,34,0512507,さいとう内科,呉市広大新開１－４－３,0823-72-7716,斉藤　寛,斉藤　寛,内　胃　神内,,平8. 6. 1,ika
診療所,34,0512523,馬場医院,呉市阿賀中央８丁目８－１０,0823-71-8269,馬場　国太郎,馬場　国太郎,内　小,,昭45. 9. 1,ika
診療所,34,0512549,医療法人社団大下クリニック,呉市天応南町１１－１,0823-38-7750,医療法人社団　大下クリニック　理事長　大下　智彦,大下　智彦,内　外　胃　整外　リハ　放　小,,平18. 5. 1,ika
診療所,34,0512556,大下皮膚科泌尿器科医院,呉市広本町１丁目３－１,0823-71-0201,大下　博史,大下　博史,皮　ひ,,平11. 10. 23,ika
診療所,34,0512580,杉医院,呉市広本町３丁目１６－９,0823-71-3326,杉　桂二,杉　桂二,外　内　小　整外　胃　精　神,,平16. 6. 1,ika
診療所,34,0512598,久保整形外科内科,呉市警固屋４丁目２－２８,0823-28-0158,久保　勉,久保　勉,外　整外　内　消　リハ,,平12. 1. 1,ika
診療所,34,0512606,宮原内科医院,呉市東中央１丁目３－２２,0823-21-6365,宮原　潔,宮原　潔,内　循　胃　放,,平16. 4. 1,ika
診療所,34,0512630,田中産婦人科クリニック,呉市中央１丁目５－２８,0823-22-1321,田中　文男,田中　文男,産　婦,,平17. 2. 1,ika
診療所,34,0512671,ホームケアクリニック呉,呉市焼山此原町２１番１２号,0823-33-0808,医療法人社団ホーク　理事長　鷹橋　浩幸,渡邉　裕尭,内　精,,平18. 7. 1,ika
診療所,34,0512739,玉木産婦人科医院,呉市広本町３丁目２２－２６,0823-71-2248,医療法人　玉木産婦人科医院　理事長　玉木　正治,玉木　正治,産婦,,平15. 10. 1,ika
診療所,34,0512762,菅田内科医院,呉市焼山桜ケ丘３丁目３－２５,0823-33-0313,菅田　耕一,菅田　耕一,内,,平20. 1. 1,ika
診療所,34,0512770,医療法人　聖弘会　久保内科医院,呉市海岸１－４－７,0823-21-0438,医療法人　聖弘会　理事長　稲水　真理子,稲水　真理子,内　放,,平3. 3. 1,ika
病院,34,0512796,マッターホルンリハビリテーション病院,呉市中通１丁目５－２５,0823-22-6868,医療法人　エム・エム会　理事長　白川　泰山,白川　泰山,療養　整外　リハ　リウ　形外　麻　精　放　乳腺外科,,平7. 4. 1,ika
診療所,34,0512846,みつの内科消化器科クリニック,呉市広中新開１－１１－９,0823-71-7018,医療法人　西亀会　理事長　光野　雄三,光野　雄三,内　消化器内科　内視鏡内科,,平2. 6. 1,ika
診療所,34,0512952,医療法人社団　田村内科小児科,呉市仁方西神町４－１４,0823-79-0842,医療法人社団　田村内科小児科　理事長　田村　宏,田村　宏,内　消　循　小　呼,,平元. 5. 1,ika
診療所,34,0513018,医療法人社団ひかり会　焼山木村眼科,呉市焼山中央１－１０－９－２０１,0823-33-8259,医療法人社団　ひかり会　理事長　木村　友剛,正化　圭介,眼,,平2. 7. 1,ika
診療所,34,0513075,木下内科医院,呉市中通３－２－１４,0823-25-1181,医療法人社団　恵友会　理事長　木下　日出男,木下　日出男,内　呼内　消化器内科　アレ,,平5. 2. 1,ika
診療所,34,0513091,田辺医院,呉市阿賀中央３－５－６,0823-73-5011,田辺　真一,田辺　真一,内　小,,平17. 11. 1,ika
診療所,34,0513174,医療法人社団　豊和会　豊田内科胃腸科,呉市伏原１丁目８－１３,0823-21-0333,医療法人社団　豊和会　豊田内科胃腸科　理事長　豊田　秀三,豊田　秀三,一般　療養　内　胃　放　リハ,,平14. 9. 1,ika
診療所,34,0513208,医療法人社団　石井外科診療所,呉市仁方西神町６－１３,0823-79-5601,医療法人社団　石井外科診療所　理事長　石井　哲朗,石井　哲朗,一般　療養　外　整外　内,,平16. 4. 1,ika
診療所,34,0513273,一般社団法人　呉市医師会　呉市医師会休日急患センター,呉市朝日町１５－２４,0823-22-2321,一般社団法人　呉市医師会　会長　石井　哲朗,先本　秀人,内　小　外,,平5. 10. 1,ika
診療所,34,0513281,川西整形外科医院,呉市広大新開１－１－１０,0823-72-8001,川西　大司,川西　大司,一般　整外　リハ,,昭57. 2. 1,ika
診療所,34,0513307,渡部耳鼻咽喉科医院,呉市中央２－５－３３,0823-24-8733,医療法人社団　真樹会　渡部　泰輔,渡部　泰輔,耳い　気食　アレ,,平5. 4. 1,ika
病院,34,0513349,ふたば病院,呉市広白石４－７－２２,0823-70-0555,医療法人社団　和恒会　理事長　織田　一衛,高見　浩,精神　精　心内　内　放　リハ,186,平9. 4. 1,ika
診療所,34,0513380,大本整形外科,呉市中央６丁目５－２,0823-24-3331,医療法人社団　おおもと会　理事長　大本　秀行,大本　秀行,整外　リハ　リウ,,平元. 3. 1,ika
病院,34,0513414,医療法人社団　薫風会　横山病院,呉市広古新開２丁目５－２０,0823-74-1122,医療法人社団　薫風会　横山病院　理事長　横山　貴一,横山　貴一,一般　脳外　脳内　リハ　循環器内科　内,,平6. 8. 1,ika
診療所,34,0513505,末光産婦人科,呉市本町３－４,0823-21-1087,末光　博雄,末光　博雄,一般　産婦,,昭61. 8. 1,ika
診療所,34,0513513,医療法人緑風会　邦友クリニック,呉市中央１－４－２,0823-23-2111,医療法人　緑風会　理事長　長尾　正嗣,野間　興二,耳い　精　心内　内　アレ,,昭62. 4. 1,ika
診療所,34,0513554,医療法人社団　三木会　森外科整形外科,呉市宮原２丁目１－４,0823-25-7600,医療法人社団　三木会　理事長　森　洋,森　洋,外　胃　整外　リハ,,平9. 10. 1,ika
診療所,34,0513562,神垣小児科,呉市広中町１２－２４,0823-71-3400,神垣　昌人,神垣　昌人,小,,昭63. 4. 1,ika
診療所,34,0513588,高橋医院,呉市宮原３－９－１,0823-21-5620,高橋　寛次,高橋　寛次,内　呼　胃　循,,昭63. 4. 1,ika
診療所,34,0513620,こたち胃腸科内科医院,呉市焼山中央１－１５－２５,0823-33-0292,小刀　武幸,小刀　武幸,内　胃,,平元. 5. 1,ika
病院,34,0513638,独立行政法人労働者健康安全機構　中国労災病院,呉市広多賀谷１－５－１,0823-72-7171,独立行政法人　労働者健康安全機構　理事長　大西　洋英,栗栖　薫,一般　内　精　小　外　整外　脳外　心外　皮　ひ　産婦　放射線診断科　放射線治療科　眼　耳い　リハ　麻　呼内　消化器内科　消化器外科　循環器内科　歯外　肝臓・胆のう・膵臓外科　乳腺外科　呼外　脳内　病理,410,平元. 5. 1,ika
診療所,34,0513646,医療法人社団　野間クリニック,呉市吉浦本町１丁目２－３,0823-31-7700,医療法人社団　野間クリニック　理事長　野間　玄督,野間　玄督,内　循　消,,平11. 10. 1,ika
診療所,34,0513653,森岡整形外科医院,呉市焼山中央２－９－３７,0823-34-1800,森岡　大三郎,森岡　大三郎,整外　リハ,,平2. 1. 1,ika
診療所,34,0513661,福原内科クリニック,呉市本通７丁目１－２０,0823-25-5600,医療法人　福原内科クリニック　理事長　福原　弘文,福原　弘文,内　呼　胃　循　リハ　放,,平13. 4. 1,ika
診療所,34,0513729,佐々木内科・呼吸器科クリニック,呉市本町４－１,0823-21-7373,医療法人　佐々木内科・呼吸器科クリニック　理事長　佐々木　英夫,佐々木　啓介,内　呼内,,平5. 3. 1,ika
診療所,34,0513737,医療法人社団あおぞら会　古屋内科クリニック,呉市三条２丁目１２－６,0823-22-7577,医療法人社団あおぞら会　理事長　古屋　和博,脊尾　知佐子,内　循　リハ,,平20. 9. 1,ika
診療所,34,0513760,焼山中央内科クリニック,呉市焼山中央２丁目５－７,0823-34-2511,医療法人　山法師会　理事長　清水　泉,清水　泉,内　胃　循,,平18. 10. 1,ika
診療所,34,0513794,医療法人　本通クリニック　赤川内科診療室,呉市本通３－４－７,0823-26-5088,医療法人　本通クリニック　理事長　赤川　知恵,管理者　不在,内　呼　消,,平6. 2. 1,ika
診療所,34,0513810,郷原診療所,呉市郷原町字西畑１８２０－１,0823-77-1588,医療法人社団　長生　理事長　池庄司　正幸,池庄司　正幸,内　呼内　循環器内科　消化器内科,,平7. 11. 1,ika
診療所,34,0513828,本田内科クリニック,呉市郷原町１６５０番地の１,0823-77-1555,医療法人　本田内科クリニック　理事長　本田　和徳,本田　和徳,内　小　呼　アレ,,平7. 1. 1,ika
診療所,34,0513836,医療法人　清和会　荒谷医院,呉市焼山西２丁目１－３５,0823-34-3377,医療法人　清和会　荒谷医院　理事長　荒谷　清司,荒谷　清司,外　胃　内　放　リハ　小,,平10. 9. 1,ika
診療所,34,0513851,渡辺小児科循環器科クリニック,呉市東中央２－５－２２,0823-21-8005,渡邊　弘司,渡邊　弘司,小　循,,平6. 2. 1,ika
診療所,34,0513869,わたなべクリニック,呉市焼山中央２丁目９－４６,0823-34-2000,渡邊　哲彦,渡邊　哲彦,内　消化器内科　循環器内科,,平19. 7. 1,ika
診療所,34,0513885,医療法人社団　森川内科医院,呉市阿賀南５丁目２－１０,0823-75-0808,医療法人社団　森川内科医院　理事長　森川　英治,森川　英治,内　呼　循　消,,平14. 4. 1,ika
診療所,34,0513927,日下医院,呉市焼山中央１－２－２５,0823-33-1171,日下　美穂,日下　美穂,内　循,,平6. 5. 1,ika
診療所,34,0513943,高橋内科クリニック,呉市本通４丁目９－５,0823-22-6881,高橋　誠,高橋　誠,内　胃　循　リハ,,平6. 10. 1,ika
診療所,34,0514032,宮原通りクリニック,呉市宮原１１丁目３－１４,0823-20-0777,医療法人社団　仁徳会　理事長　稲葉　義郎,稲葉　義郎,内　胃　循　呼　放　リハ　こう,,平15. 10. 1,ika
診療所,34,0514040,奈良井眼科,呉市阿賀中央６－２－１１あがプラザ２Ｆ,0823-75-1146,奈良井　章人,奈良井　章人,眼,,平9. 2. 1,ika
診療所,34,0514099,おかもと小児科クリニック,呉市中央１丁目２－３多摩川呉ビル３Ｆ,0823-20-6161,岡本　藏,岡本　藏,小,,平9. 9. 1,ika
診療所,34,0514107,クリニック広島健診,呉市本通１丁目１－１,0823-24-7567,医療法人　エム・エム会　理事長　白川　泰山,國田　哲子,内　整外　リハ　リウ　乳腺外科,,平9. 11. 1,ika
診療所,34,0514172,医療法人　かわの内科胃腸科,呉市本町４－２,0823-25-1411,医療法人　かわの内科胃腸科　理事長　河野　政典,河野　政典,一般　内　胃　消　循　リハ,,平19. 5. 1,ika
診療所,34,0514180,呉中央クリニック整形外科,呉市中央１－５－２１,0823-32-0011,湯川　岳夫,湯川　岳夫,整外　リハ　リウ,,平11. 5. 1,ika
診療所,34,0514198,ふるさとクリニック,呉市中央４－３－１,0823-25-8802,孫　順徳,孫　順徳,消　内　小,,平11. 10. 1,ika
診療所,34,0514214,医療法人社団有信会　呉記念クリニック,呉市阿賀北３丁目４－１１,0823-72-3030,医療法人社団　有信会　理事長　岡田　雅晴,栗原　毅,外　内　整外　リハ　リウ,,平12. 2. 1,ika
診療所,34,0514222,医療法人エフシー　ふじい内科循環器科,呉市広本町３丁目１７－２１,0823-73-7070,医療法人　エフシー　ふじい内科循環器科　理事長　藤井　秀昭,藤井　秀昭,内　循,,平16. 5. 1,ika
診療所,34,0514230,大宇根内科呼吸器科クリニック,呉市広古新開１丁目１－３１,0823-76-2202,医療法人　晃全会　理事長　大宇根　晃雅,大宇根　晃雅,内　呼　放　リハ,,平14. 11. 1,ika
診療所,34,0514248,きむら内科消化器科クリニック,呉市広大新開３丁目３－５０,0823-76-5511,医療法人　なだ会　理事長　木村　誠一郎,木村　誠一郎,内　消　胃　放　リハ,,平15. 9. 1,ika
診療所,34,0514271,姫野内科医院,呉市東中央４丁目５－２５,0823-22-3355,姫野　泰雄,姫野　泰雄,内　消　循,,平14. 4. 1,ika
診療所,34,0514305,いとう耳鼻咽喉科クリニック,呉市三条３丁目２－７,0823-32-2123,医療法人　いとう耳鼻咽喉科クリニック　理事長　伊藤　衛,伊藤　衛,耳い,,平17. 4. 1,ika
診療所,34,0514339,土本内科消化器科医院,呉市伏原１丁目３－１８Ｔビル２階,0823-22-7500,土本　伝哉,土本　伝哉,内　消,,平14. 9. 1,ika
診療所,34,0514347,下原循環器内科クリニック,呉市西中央１丁目３－１０　４Ｆ,0823-32-5220,医療法人　心友会　理事長　下原　康彰,下原　康彰,内　循,,平16. 4. 1,ika
病院,34,0514354,公立下蒲刈病院,呉市下蒲刈町下島２１２０番地の４,0823-65-3100,呉市長　新原　芳明,多保　孝典,一般　内　消化器内科　循環器内科　小　外　整外　脳外　脳内　眼　耳い　リハ　放　歯　歯外,,平15. 4. 1,ika
診療所,34,0514370,松田脳神経外科,呉市焼山中央１丁目２－１６,0823-30-5161,医療法人　飛翔会　理事長　松田　保宏,松田　保宏,脳外　神内　放,,平20. 5. 1,ika
診療所,34,0514388,碓井サテライトクリニック,呉市広本町３－６－１７,0823-71-7031,碓井　芳樹,碓井　芳樹,胃　こう　内　外,,平15. 7. 1,ika
病院,34,0514396,医療法人社団生和会　呉やけやま病院,呉市焼山南１丁目８－２３,0823-33-0511,医療法人社団　生和会　理事長　木村　浩彰,森　和彦,精神　精　心内　内　リハ,184,平15. 10. 1,ika
診療所,34,0514404,藤原脳神経外科クリニック,呉市中通２丁目１－２４ガレンビル２階,0823-32-2515,医療法人　敬友会　理事長　藤原　敬,藤原　敬,脳外　神内　心内,,平19. 4. 1,ika
診療所,34,0514420,ひまわりクリニック,呉市川尻町西６丁目９－８,0823-87-5253,医療法人　社団　恵和会　理事長　銭谷　平,管理者　不在,内,,平16. 4. 1,ika
診療所,34,0514438,山尾医院,呉市東畑１丁目１－２２,0823-22-2719,西垣内　啓二,西垣内　啓二,内　消　循　放,,平16. 6. 1,ika
診療所,34,0514453,早川クリニック,呉市広大広２丁目７－４,0823-76-6007,早川　浩,早川　浩,一般　心内　精,,平17. 3. 1,ika
診療所,34,0514461,呉市国民健康保険音戸診療所,呉市音戸町高須３丁目７－１５,0823-50-0622,呉市長　新原　芳明,及川和郎（休止中　退職処理不可能なため記載のまま）,一般　内　小　眼　精　心内,,平17. 3. 20,ika
診療所,34,0514487,呉市国民健康保険安浦診療所,呉市安浦町安登西６丁目１－３９,0823-84-3034,呉市長　新原　芳明,井上　林太郎,一般　内　外,,平17. 3. 20,ika
診療所,34,0514495,大浜診療所,呉市豊浜町大浜３６８－１,0823-68-3485,医療法人　沖本クリニック　理事長　沖本　信和,沖本　信和,内　循環器内科　外　整外,,平17. 3. 20,ika
診療所,34,0514511,呉整形外科クリニック,呉市宝町２－５０,0823-32-6611,医療法人社団　飛翔会　理事長　寛田　司,福永　秀,整外　リウ　リハ,,平17. 10. 1,ika
診療所,34,0514545,医療法人社団　スマイル　クレア焼山クリニック,呉市神山３丁目３－３,0823-34-5366,医療法人社団　スマイル　理事長　髙杉　啓一郎,桐林　慶,内　循　消,,平18. 4. 1,ika
診療所,34,0514586,富永内科,呉市中央３丁目１－９,0823-22-1505,富永　毅彦,富永　毅彦,内,,平18. 7. 1,ika
診療所,34,0514628,森皮ふ科アレルギー科,呉市広古新開８丁目３２－４,0823-74-4112,森　保,森　保,皮　アレ,,平19. 4. 1,ika
診療所,34,0514677,たまき整形外科,呉市広本町３丁目１８－１２,0823-76-5757,玉木　隆,玉木　隆,整外　リハ,,平19. 11. 1,ika
診療所,34,0514685,医療法人社団スマイル　博愛クリニック,呉市中央２丁目６－１３,0823-23-8911,医療法人社団　スマイル　理事長　髙杉　啓一郎,髙杉　啓一郎,内　ひ　腎臓内科　透析内科,,平20. 1. 1,ika
診療所,34,0514719,心療内科　村岡クリニック,呉市中央２丁目６－１０村上ビルⅡ４Ｆ,0823-32-2223,村岡　満太郎,村岡　満太郎,心内　精　内,,平20. 4. 1,ika
診療所,34,0514727,内科　離宮,呉市広大新開１丁目４－１９,0823-75-2211,医療法人　ＴＡＪＩ　理事長　太治　憲男,太治　憲男,内　循　呼　小　放　リハ,,平20. 4. 1,ika
病院,34,0514743,医療法人社団　悠仁会　後藤病院,呉市東中央１丁目８－２０,0823-23-1515,医療法人社団　悠仁会　後藤病院　理事長　後藤　孝彦,後藤　孝彦,一般　療養　整外　外　内　リハ,,平20. 5. 1,ika
診療所,34,0514768,もちづき皮ふ科　アレルギー科,呉市中央１－５－１５　平田ビル２Ｆ,0823-32-2266,望月　満,望月　満,皮　アレ,,平21. 4. 1,ika
診療所,34,0514776,谷口クリニック,呉市東中央２丁目８－１８,0823-23-5111,医療法人社団　谷口クリニック　理事長　谷口　正彦,谷口　正彦,外　整外　内　循環器内科　消化器内科　リハ,,平21. 4. 1,ika
診療所,34,0514784,コムラ医院,呉市本通２－７－１,0823-21-8810,古村　一秀,古村　一秀,内　外　整外　皮　放　リハ,,平21. 7. 3,ika
診療所,34,0514792,岡村医院,呉市三条３丁目２－５,0823-24-3358,医療法人　香会　理事長　岡村　洋,岡村　洋,内　皮　整外　美容皮ふ科,,平21. 9. 1,ika
診療所,34,0514800,クリニックほほえみ呉,呉市中通１丁目２番３号,0823-21-2525,医療法人　ほほえみ会　理事長　平川　晃,白井　千春,内　精　神内,,平21. 10. 1,ika
診療所,34,0514818,なかしお内科クリニック,呉市広駅前１丁目１番１０号,0823-74-8181,医療法人社団　なかしお内科クリニック　理事長　中塩　了,中塩　了,内　消化器内科,,平21. 10. 1,ika
診療所,34,0514834,よしうら診療所,呉市吉浦中町１丁目９番１２号,0823-31-7579,秦　亮輔,秦　亮輔,内　ひ,,平21. 11. 1,ika
診療所,34,0514859,中光整形外科リハビリクリニック,呉市川尻町西５丁目１－２０,0823-87-5755,医療法人Ｓ．Ｒ．Ｃ．　理事長　中光　清志,中光　清志,整外　リウ　リハ,,平22. 4. 1,ika
診療所,34,0514917,ゆみば子どもクリニック,呉市焼山北一丁目７番８号,0823-30-5100,医療法人ゆみば子どもクリニック　理事長　弓場　千麻子,弓場　千麻子,小,,平23. 10. 1,ika
病院,34,0514925,重症心身障害児施設　ときわ呉,呉市宮原十三丁目２－１２,0823-32-3777,社会福祉法人　広島県リハビリテーション協会　理事長　河内　昌彦,岡崎　富男,一般　小　内　整外　精　ひ　リハ　歯,,平24. 2. 1,ika
診療所,34,0514933,中央内科クリニック,呉市広駅前一丁目４－５８,0823-71-8585,医療法人　中央内科クリニック　理事長　川合　徹,川合　徹,一般　療養　内　腎臓内科　透析　循環器内科　リハ,,平24. 2. 27,ika
診療所,34,0514941,手島医院,呉市本通５丁目１番２４号,0823-21-2967,医療法人　順典会　理事長　南　順一,南　順一,内　循環器内科　心臓血管内科　腎臓内科　消化器内科　内分泌代謝内科　小,,平24. 4. 1,ika
診療所,34,0514958,医療法人　宗和会　香川内科クリニック,呉市本通２丁目８番１６号,0823-22-3421,医療法人　宗和会　理事長　香川　俊介,香川　俊介,内　胃腸内科,,平24. 4. 1,ika
診療所,34,0514982,三篠会診療所,呉市郷原町２３８０番地,0823-77-0949,社会福祉法人　三篠会　理事長　酒井　亮介,伊藤　克浩,内　歯,,平24. 11. 1,ika
診療所,34,0515039,ひろまち眼科,呉市広古新開７丁目２４番３－２０２号,0823-76-5553,谷村　尚俊,谷村　尚俊,眼,,平25. 9. 5,ika
診療所,34,0515054,よしかわ医院,呉市中央１丁目３－１光陽ビル２階,0823-23-2066,吉川　幸伸,吉川　幸伸,外　内,,平25. 10. 1,ika
診療所,34,0515062,医療法人社団　生康会　谷本医院,呉市吉浦宮花町７番１１号,0823-31-1123,医療法人社団　生康会　理事長　谷本　光生,谷本　光生,内,,平25. 10. 1,ika
診療所,34,0515088,医療法人社団仁井谷医院　にいたにクリニック,呉市中通二丁目８番１８号,0823-21-8585,医療法人社団　仁井谷医院　理事長　仁井谷　学,仁井谷　学,一般　療養　整外　リハ　形外　皮　アレ　麻　歯　小歯　救急科　美容皮膚科　循環器内科,,平26. 4. 1,ika
診療所,34,0515096,小早川クリニック　心療内科,呉市広古新開７丁目２４－３－３０１,0823-76-3351,小早川　英夫,小早川　英夫,心内　精,,平26. 4. 15,ika
診療所,34,0515112,向井内科・訪問歯科クリニック,呉市音戸町田原２丁目２番８号,0823-51-2112,医療法人社団さゆり会　理事長　向井　皇,向井　皇,内　胃　放　リハ　歯,,平26. 4. 1,ika
診療所,34,0515120,たむら眼科,呉市警固屋４丁目２番１１号,0823-28-3667,医療法人社団たむら眼科　理事長　田村　博己,田村　博己,眼,,平26. 4. 1,ika
診療所,34,0515146,のびのびこどもクリニック,呉市阿賀中央６丁目２－１１あがプラザ１Ｆ,0823-76-6688,野間　裕里江,野間　裕里江,小,,平26. 10. 1,ika
診療所,34,0515153,石泌尿器科医院,呉市本町９番１９号,0823-23-0808,医療法人社団　石泌尿器科医院　理事長　石　光広,石　光広,一般　ひ,,平26. 11. 1,ika
診療所,34,0515161,かわもと心臓内科クリニック,呉市宝町２番２３－１号,0823-36-6660,川本　俊治,川本　俊治,循環器内科　糖尿病・代謝内科　内,,平27. 1. 1,ika
診療所,34,0515179,ひじり皮ふ科クリニック,呉市阿賀中央６丁目２－１１あがプラザ１Ｆ,0823-76-3250,真田　聖子,真田　聖子,皮,,平27. 4. 1,ika
診療所,34,0515195,やすもとクリニック,呉市中央２丁目３番２２号,0823-32-7505,医療法人　明笑会　理事長　安本　正徳,安本　正徳,整外　リハ　リウ,,平27. 10. 1,ika
病院,34,0515203,医療法人社団ひかり会　木村眼科内科病院,呉市宝町３番１５号,0823-22-5544,医療法人社団ひかり会　理事長　木村　友剛,木村　友剛,一般　眼　内,,平27. 10. 1,ika
診療所,34,0515237,岸槌医院,呉市海岸二丁目１６番１２号,0823-21-7627,医療法人Ｔａｋｕｙｕ会　理事長　岸槌　健太郎,岸槌　健太郎,内　呼　循,,平28. 10. 1,ika
診療所,34,0515252,もりや小児科クリニック,呉市広古新開七丁目２３番９号,0823-74-1890,医療法人もりや小児科クリニック　理事長　守屋　真,守屋　真,小,,平29. 10. 1,ika
病院,34,0515260,呉みどりヶ丘病院,呉市阿賀北一丁目１５番４５号,0823-72-6111,医療法人正雄会　理事長　長尾　早江子,長尾　早江子,精神　精　心内　内　消化器内科　放　歯,275,平29. 11. 1,ika
診療所,34,0515278,大原内科　循環器科,呉市本通２丁目６番７号,0823-21-7600,大原　伸二,大原　伸二,内　循環器内科　糖尿病内科,,平30. 1. 1,ika
診療所,34,0515286,医療法人社団　生康会　谷本メディカルクリニック,呉市三条４丁目４番１２号　１階,0823-27-6511,医療法人社団　生康会　理事長　谷本　光生,谷本　享生,内　循環器内科,,平30. 3. 1,ika
診療所,34,0515294,村上内科胃腸科,呉市仁方本町２－９－２９,0823-79-1333,村上　俊,村上　俊,内　他,,平30. 3. 29,ika
診療所,34,0515302,村尾医院,呉市広文化町６－３,0823-72-0123,菊川　多鶴,菊川　多鶴,外　整外　眼,,平30. 7. 1,ika
診療所,34,0515336,よねくら小児科,呉市中通１－３－１４オールファーマシータウン３Ｆ,0823-32-2531,米倉　圭二,米倉　圭二,小,,平31. 4. 1,ika
診療所,34,0515351,つるが眼科,呉市安浦町中央五丁目２番３７号,0823-84-0551,医療法人つるが眼科　理事長　敦賀　孝典,敦賀　孝典,眼,,平31. 4. 1,ika
診療所,34,0515369,くぼファミリークリニック,呉市海岸１丁目３－４,0823-21-0271,久保　景勝,久保　景勝,内　外　整外,,平31. 4. 1,ika
診療所,34,0515385,井之川眼科医院,呉市西中央１丁目３番９号,0823-22-0121,医療法人　井之川眼科医院　理事長　井之川　江,井之川　江,眼,,令元. 6. 1,ika
診療所,34,0515393,笠岡レディースクリニック,呉市西中央１丁目３－９　５Ｆ,0823-23-2828,医療法人　永心会　理事長　笠岡　永光,笠岡　永光,産　婦,,令元. 6. 1,ika
診療所,34,0515443,松尾内科・循環器内科クリニック,呉市広古新開７丁目２４番３－３０２号,0823-76-6711,医療法人松尾内科・循環器内科クリニック　理事長　松尾　修介,松尾　修介,内　循環器内科,,令元. 11. 1,ika
診療所,34,0515450,橋本クリニック,呉市宝町５番１０号ゆめタウン呉２階,0823-32-3000,医療法人　橋本クリニック　理事長　橋本　康志,橋本　康志,皮,,令元. 11. 1,ika
診療所,34,0515476,クリニック平田整形外科,呉市阿賀中央４丁目５番２５号,0823-69-7360,医療法人　クリニック平田整形外科　理事長　平田　敏明,平田　敏明,外　整外　内　リハ,,令2. 11. 1,ika
診療所,34,0515492,しんこころのクリニック,呉市西中央１丁目３－１０メディカルスクエアビル５Ｆ,0823-32-2777,神垣　伸,神垣　伸,精　心内,,令3. 4. 1,ika
診療所,34,0515500,きむら耳鼻咽喉科クリニック,呉市広古新開七丁目２３番９号,0823-76-3322,医療法人　広木会　理事長　木村　隆広,木村　隆広,耳い,,令3. 6. 1,ika
診療所,34,0515518,いとう腎・泌尿器科クリニック,呉市中通２－１－２６呉中通ビル４Ｆ,0823-32-7045,医療法人いとう腎・泌尿器科クリニック　理事長　伊藤　誠一,伊藤　誠一,ひ　内,,令3. 11. 1,ika
診療所,34,0515534,こころのクリニックこかげ,呉市西中央二丁目１番６号,0823-55-1555,医療法人社団和恒会　理事長　織田　一衛,坂尾　良一,精　心内,,令4. 4. 1,ika
診療所,34,0515542,よつばクリニック,呉市和庄登町１３番３号,0823-25-8001,医療法人　よつば　理事長　平賀　亮,平賀　亮,内,,令4. 4. 1,ika
診療所,34,0515559,さわさき婦人科・産科,呉市中通一丁目３番１４号,0823-21-2211,医療法人あおぼし会　理事長　澤崎　隆,澤崎　隆,婦　産,,令4. 5. 1,ika
診療所,34,0515567,にし耳鼻咽喉科クリニック,呉市宝町２番２３－１－３０６号,0823-32-3900,医療法人　康彰会　理事長　西　康行,西　康行,耳い　アレ,,令4. 10. 1,ika
診療所,34,0515575,浜田内科泌尿器科,呉市焼山本庄４丁目８番１６号,0823-33-6611,医療法人　三浜会　理事長　濵田　郁人,濵田　郁人,内　ひ,,令5. 8. 1,ika
診療所,34,0515583,かじはら内科医院,呉市安浦町中央５丁目１２－５０,0823-84-7707,梶原　剛,梶原　剛,内　消化器内科,,令5. 10. 1,ika
診療所,34,0515591,医療法人社団ひかり会呉本通木村眼科,呉市本町４番１号,0823-21-0888,医療法人社団ひかり会　理事長　木村　友剛,小川　剛史,眼,,令6. 4. 1,ika
診療所,34,0515609,たなべ内科クリニック,呉市広本町２丁目１４番３８－１号,0823-71-1001,医療法人ＴＮＣ　理事長　田辺　恒一郎,田辺　恒一郎,内　消化器内科,,令7. 12. 1,ika
診療所,34,0515617,かじまクリニック,呉市宮原２－６－６,0823-69-0090,梶間　理人,梶間　理人,小　内　アレ,,令8. 4. 1,ika
診療所,34,0515625,村田内科クリニック,呉市本通七丁目１４番３号,0823-20-0122,医療法人十方会　理事長　村田　道夫,村田　道夫,内科（人工透析）　循　アレ,,令8. 5. 1,ika
病院,34,0710010,国家公務員共済組合連合会　呉共済病院忠海分院,竹原市忠海中町２丁目２－４５,0846-26-0250,国家公務員共済組合連合会　理事長　松元　崇,近藤　圭一,一般　内　呼内　皮　耳い　整外　循,,昭32. 10. 31,ika
診療所,34,0710028,いのくちクリニック,竹原市忠海中町２丁目１－４０,0846-26-0700,医療法人社団卓仁会井口耳鼻咽喉科眼科医院　理事長　井口　哲彦,井口　哲彦,耳い　緩和ケア内科,,平5. 11. 1,ika
診療所,34,0710101,中島内科クリニック,竹原市中央２丁目１４－１５,0846-22-2002,医療法人杏竹会　理事長　中島　英勝,中島　英勝,内,,平元. 5. 1,ika
病院,34,0710143,医療法人楽生会　馬場病院,竹原市下野町１７４４,0846-22-2071,医療法人楽生会　理事長　馬場　広,馬場　広,一般　療養　内　神内　外　整外　リハ　精　心内　リウ　呼内　消化器内科　大腸・肛門外科　肝臓内科,,平2. 12. 1,ika
診療所,34,0710168,三井金属株式会社竹原製煉所医院,竹原市塩町１丁目５－１,0846-27-9006,三井金属株式会社竹原製煉所　所長　今　裕之,佐田　良治,内,,昭47. 5. 15,ika
診療所,34,0710176,医療法人仁光会　日谷眼科,竹原市中央２丁目７－７,0846-22-2049,医療法人仁光会　日谷眼科　理事長　日谷　光一郎,日谷　光一郎,一般　眼,,昭62. 12. 1,ika
診療所,34,0710226,医療法人社団　城原胃腸科整形外科,竹原市中央３丁目４－１,0846-22-2632,医療法人社団城原胃腸科整形外科　理事長　城原　直樹,城原　直樹,内　外　整外　皮　ひ　胃　こう,,平2. 8. 1,ika
診療所,34,0710234,医療法人社団　浅野内科医院,竹原市忠海中町２－１０－１０,0846-26-0518,医療法人社団浅野内科医院　理事長　浅野　稔,浅野　稔,内,,平7. 7. 1,ika
診療所,34,0710242,医療法人　かわの医院,竹原市竹原町３５５４,0846-22-0724,医療法人　かわの医院　理事長　川野　亮,川野　亮,外　乳腺外科　内　胃　こう,,平17. 4. 1,ika
診療所,34,0710267,医療法人社団聴晴会　あまの耳鼻咽喉科医院,竹原市中央３丁目３－１,0846-22-0882,医療法人社団　聴晴会　理事長　天野　晴,天野　晴,耳い,,平18. 5. 1,ika
病院,34,0710317,医療法人社団恵宣会　竹原病院,竹原市下野町６５０,0846-22-0963,医療法人社団恵宣会　竹原病院　理事長　山田　均,長岡　幾雄,精神　内　精　神,192,昭60. 4. 1,ika
診療所,34,0710366,竹原市休日診療所,竹原市中央３丁目１４－１,0846-22-7157,竹原市長　平井　明道,城原　直樹,内　小,,平4. 5. 1,ika
診療所,34,0710382,医療法人　宏慈会　桑原内科循環器科医院,竹原市中央２丁目２０－２５,0846-22-2009,医療法人宏慈会　理事長　桑原　将司,桑原　将司,一般　内　循　放,,平元. 11. 1,ika
病院,34,0710408,医療法人社団仁慈会　安田病院,竹原市下野町３１３６,0846-22-6121,医療法人社団　仁慈会　理事長　安田　真衣子,小林　理一郎,一般　療養　外　内　整外　消　循　脳外　麻　リハ　呼　耳い　ひ　精　婦　脳内,113,昭63. 11. 1,ika
診療所,34,0710440,医療法人社団仁寿会　こうの医院,竹原市中央３丁目１５－１,0846-22-2325,医療法人社団仁寿会　理事長　河野　晋久,河野　晋久,内　循環器内科　小,,昭60. 11. 1,ika
診療所,34,0710507,大田整形外科おおた内科,竹原市中央４丁目４－２５,0846-23-5101,医療法人社団　あおい会　大田整形外科　理事長　大田　和弘,大田　和弘,整外　リハ　内　消,,平16. 3. 1,ika
診療所,34,0710515,米田小児科医院,竹原市中央２丁目１８－１５,0846-22-1239,米田　吉宏,米田　吉宏,小　内,,平13. 6. 1,ika
診療所,34,0710523,おぎ皮膚科アレルギー科クリニック,竹原市下野町小井手３２７０－１,0846-23-5512,尾木　兵衛,尾木　兵衛,皮　アレ　形外,,平16. 1. 1,ika
診療所,34,0710531,しいはらクリニック,竹原市竹原町３６４３番地,0846-21-9522,椎原　康也,椎原　康也,内　麻　ペインクリニック外科,,平23. 5. 1,ika
病院,34,0910099,医療法人　仁康会　小泉病院,三原市小泉町４２４５,0848-66-3355,医療法人　仁康会　理事長　谷本　雄謙,杉江　拓也,精神　精神　精神　精神　精　児童精神科　心内　内　麻　歯,228,昭57. 3. 1,ika
診療所,34,0910198,阪田医院,三原市幸崎能地４丁目１０番５号,0848-69-0003,医療法人阪田医院　理事長　阪田　英世,阪田　英世,内　消　リハ,,平2. 1. 1,ika
病院,34,0910214,総合病院　三原赤十字病院,三原市東町２丁目７－１,0848-64-8111,日本赤十字社　社長　清家　篤,上山　聰,一般　内　呼内　循環器内科　消化器内科　肝臓内科　小　外　整外　ひ　皮　産婦　眼　耳い　麻　放　リハ　脳外　リウ　緩和ケア外科　小外　歯外,184,昭32. 10. 31,ika
病院,34,0910297,医療法人清幸会　三原城町病院,三原市城町１丁目１４－１４,0848-64-1212,医療法人清幸会　理事長　福村　文雄,中山　泰典,一般　療養　内　循環器内科　消化器内科　血液内科　腎臓内科　脳内　外　心外　消化器外科　整外　脳外　皮　ひ　リハ　放　麻,148,昭32. 10. 31,ika
診療所,34,0910362,川西医院,三原市西町１丁目２－６３,0848-62-2253,河島　充私子,河島　充私子,小　内,,平14. 1. 1,ika
診療所,34,0910511,医療法人社団　坂田外科肛門科,三原市宮沖５丁目２－１４,0848-63-5555,医療法人社団　坂田外科肛門科　理事長　坂田　正毅,坂田　正毅,外　こう,,平12. 5. 1,ika
病院,34,0910560,医療法人大慈会　三原病院,三原市中之町６丁目３１－１,0848-63-8877,医療法人大慈会　理事長　中　志緒里,町野　彰彦,精神　精　心内　内,337,昭41. 10. 21,ika
診療所,34,0910636,医療法人社団杏善会　初鹿内科胃腸科医院,三原市中之町１丁目２１－１０,0848-62-5571,医療法人社団杏善会　理事長　初鹿　祐二,初鹿　祐二,内　胃,,平元. 7. 1,ika
診療所,34,0910776,医療法人　つぼい医院,三原市糸崎４丁目９－２４,0848-62-6767,医療法人つぼい医院　理事長　壷井　克敏,壷井　智史,内　外　消化器内科　糖尿病内科　肛門外科　整外　リハ　皮,,平8. 10. 1,ika
診療所,34,0910800,医療法人社団　難波外科医院,三原市古浜１丁目３－５,0848-62-6768,医療法人社団　難波外科医院　理事長　難波　賢,難波　賢,整外　外　リハ　皮,,平元. 6. 1,ika
病院,34,0910941,医療法人杏仁会　松尾内科病院,三原市城町３丁目７－１,0848-63-5088,医療法人杏仁会　理事長　松尾　晃樹,松尾　晃樹,一般　内　腎臓内科　神内　呼　消　循　放　リハ,110,昭55. 1. 1,ika
病院,34,0911063,一般社団法人三原市医師会　三原市医師会病院,三原市宮浦１丁目１５－１,0848-62-3113,一般社団法人　三原市医師会　会長　小園　亮次,奥崎　健,一般　療養　内　外　整外　こう　脳内　ひ　婦　リハ　放　麻　呼外　血液浄化療法科（人工透析内科）　内分泌・糖尿病内科　乳腺科　呼内　循環器内科,143,昭63. 12. 1,ika
診療所,34,0911071,三原市医師会休日夜間急患診療所,三原市宮浦１丁目１５－１,0848-67-7040,一般社団法人　三原市医師会　会長　小園　亮次,安原　愼治,内　小　外,,平6. 4. 29,ika
診療所,34,0911170,越智眼科,三原市宮浦６丁目７－３９,0848-62-0331,医療法人社団越智眼科　理事長　越智　利行,越智　利行,一般　眼,,平5. 3. 1,ika
診療所,34,0911188,武井胃腸科内科,三原市宮沖５丁目８－２０,0848-62-3844,医療法人社団　慈成会　理事長　湯河　良之,湯河　良之,胃　内,,平13. 7. 1,ika
病院,34,0911196,医療法人宗斉会　須波宗斉会病院,三原市須波ハイツ２丁目３番１０号,0848-69-1888,医療法人　宗斉会　理事長　有本　之嗣,有本　之嗣,一般　療養　内　外　整外　リハ　呼内　消化器内科　糖尿病内科　老年内科　内視鏡内科　乳腺外科　肛門外科　神内　放,,平4. 9. 1,ika
診療所,34,0911253,小林内科クリニック,三原市宮浦３丁目２８－１８,0848-67-1622,医療法人社団翠聖会　理事長　小林　賢悟,小林　賢悟,内　循環器内科　リハ,,平6. 7. 1,ika
診療所,34,0911261,こだま泌尿器科クリニック,三原市港町１丁目３－１,0848-62-5153,児玉　光人,児玉　光人,ひ　性,,平16. 9. 1,ika
診療所,34,0911311,井上眼科,三原市城町２丁目１３－１,0848-64-2593,医療法人　井上眼科　理事長　尾上　弘光,尾上　弘光,眼,,平17. 5. 1,ika
診療所,34,0911337,押尾クリニック,三原市城町１丁目１２番２３－１号,0848-67-8766,医療法人　あやめ会　理事長　押尾　雅友,押尾　朋範,精　神　内,,平18. 5. 1,ika
診療所,34,0911345,医療法人社団　みやもり医院,三原市宗郷３丁目３－３,0848-67-9655,医療法人社団みやもり医院　理事長　宮森　眞治,宮森　眞治,内　小　循　呼　胃　アレ　リハ,,平9. 9. 1,ika
診療所,34,0911360,広島県公立大学法人　県立広島大学保健福祉学部附属診療所,三原市学園町１－１,0848-60-1120,広島県公立大学法人　理事長　鈴木　典比古,森　大志,リハ　整外　神内　小　精　耳い　脳外　内,,平19. 4. 1,ika
診療所,34,0911378,石根内科循環器科医院,三原市沼田東町片島２２４－５,0848-60-2050,医療法人社団石根内科循環器科医院　理事長　石根　顕史,石根　顕史,内　循　小　リハ,,平19. 5. 1,ika
診療所,34,0911386,医療法人社団杏善会　初鹿内科医院分院,三原市中之町３丁目３－１１,0848-62-6482,医療法人社団杏善会　理事長　初鹿　祐二,初鹿　寿美恵,内,,平8. 8. 1,ika
診療所,34,0911402,すずき内科胃腸科クリニック,三原市本町１丁目９－１２,0848-62-9907,鈴木　武彦,鈴木　武彦,内　胃,,平9. 5. 1,ika
診療所,34,0911436,さくら眼科クリニック,三原市円一町１丁目１－７フジグラン三原ガーデニング棟２Ｆ,0848-61-2225,医療法人社団　さくら会　理事長　村上　智宣,村上　智宣,眼,,平13. 4. 1,ika
診療所,34,0911469,医療法人仁康会　港町クリニック,三原市港町３丁目１９－６,0848-62-1711,医療法人　仁康会　理事長　谷本　雄謙,小野　晴久,精　心内　内,,平13. 5. 1,ika
診療所,34,0911477,なぎさ医院,三原市須波２丁目２２番３２号,0848-61-5551,立田　繁比古,立田　繁比古,内　皮,,平13. 7. 1,ika
診療所,34,0911485,木曽胃腸科内科,三原市明神２丁目１１－７,0848-81-0311,医療法人　木曽胃腸科内科　理事長　木曽　尊彦,木曽　尊彦,胃　内,,平17. 4. 1,ika
診療所,34,0911519,医療法人社団　三康会　得能クリニック,三原市宗郷１丁目３－１２,0848-67-7711,医療法人社団　三康会　理事長　得能　正英,得能　正英,内　外　整外　リハ　呼　アレ,,平15. 9. 1,ika
診療所,34,0911527,なんば麻酔科・リウマチ科,三原市宮浦５丁目１－３８,0848-61-5722,難波　滋,難波　滋,麻　リウ　内,,平16. 5. 1,ika
診療所,34,0911535,大和診療所,三原市大和町和木１５３８－１,0847-34-0034,三原市長　岡田　吉弘,細　貴幸,内,,平17. 3. 22,ika
診療所,34,0911576,あさだ内科,三原市宮浦５丁目１６－２３,0848-61-5688,浅田　備之,浅田　備之,内　消　胃　呼,,平18. 2. 1,ika
診療所,34,0911584,かじやま内科循環器科,三原市宮沖２丁目６－１８,0848-61-3180,梶山　晃雄,梶山　晃雄,内　循　呼　アレ　消　小,,平18. 7. 1,ika
診療所,34,0911618,もだ内科クリニック,三原市久井町江木中ノ坪１１６３番６,0847-32-5560,茂田　泰明,茂田　泰明,内　ひ　放,,平21. 5. 1,ika
診療所,34,0911626,白須整形外科クリニック,三原市港町一丁目６番６号,0848-62-1111,医療法人白須整形外科クリニック　理事長　白須　健司,白須　健司,整外　リハ　リウ,,平21. 10. 1,ika
病院,34,0911634,社会医療法人　里仁会　興生総合病院,三原市円一町二丁目５番１号,0848-63-5500,社会医療法人　里仁会　理事長　藤原　恒太郎,河野　正明,一般　療養　外　内　人工透析内科　心外　放　形外　ひ　脳外　小　整外　リウ　心内　精神・神経科　循環器内科　産婦　眼　胃腸内科　耳い　皮　麻　神内　リハ　病理　救急科　歯　歯外,243,平21. 10. 1,ika
診療所,34,0911675,公立くい診療所,三原市久井町江木５０番地１,0847-32-6111,世羅中央病院企業団　企業長　横田　和典,門田　秀二,外　内　リハ　脳外　整外,,平23. 10. 1,ika
診療所,34,0911691,木村耳鼻咽喉科アレルギー科,三原市宮浦６丁目３番２８号,0848-63-1133,医療法人信由会　理事長　木村　信次,木村　信次,耳い　アレ,,平24. 12. 1,ika
診療所,34,0911709,永沢耳鼻咽喉科医院,三原市港町一丁目６番９号,0848-62-4860,医療法人　社団　永沢耳鼻咽喉科医院　理事長　永澤　容,永澤　容,耳い,,平25. 2. 1,ika
診療所,34,0911717,なす眼科クリニック,三原市港町１丁目３－１５サンライズアネックス１Ｆ,0848-62-5155,那須　貴臣,那須　貴臣,眼,,平25. 4. 1,ika
診療所,34,0911725,たかはしメンタルクリニック,三原市頼兼１丁目１番３号,0848-81-0717,高橋　輝道,高橋　輝道,心内　精,,平25. 7. 3,ika
診療所,34,0911733,いしねファミリークリニック,三原市本郷南５丁目１９番１５号,0848-60-6555,医療法人　社団　いしねファミリークリニック　理事長　石根　典幸,石根　典幸,内　外　整外　皮　リハ　胃腸内科　胃腸外科,,平25. 11. 1,ika
診療所,34,0911741,うえだ皮膚科,三原市頼兼１丁目１番６号,0848-61-1277,上田　武滋,上田　武滋,皮　形外　アレ,,平26. 4. 2,ika
診療所,34,0911766,医療法人　小園内科・循環器科,三原市城町二丁目２番１号第二勝原ビル２階,0848-62-7525,医療法人小園内科・循環器科　理事長　小園　亮次,小園　亮次,内　循環器内科　呼内,,平27. 11. 1,ika
診療所,34,0911782,佐木島診療所,三原市鷺浦町向田野浦１７１２番地,0848-60-7130,社会医療法人心海会　理事長　次田　展之,次田　展之,内　外,,平30. 4. 1,ika
診療所,34,0911790,中林整形外科クリニック,三原市宮沖二丁目４番５号,0848-62-2613,医療法人社団昭仁会　中林整形外科　理事長　中林　昭裕,中林　昭裕,整外　リハ　リウ,,令元. 5. 8,ika
診療所,34,0911808,社会医療法人　里仁会　仁生クリニック,三原市皆実三丁目３番２８号,0848-64-4111,社会医療法人　里仁会　理事長　藤原　恒太郎,漆畑　貴行,内,,令元. 9. 1,ika
診療所,34,0911816,社会医療法人　里仁会　白龍湖クリニック,三原市大和町和木１５０４番地の１,0847-34-1218,社会医療法人　里仁会　理事長　藤原　恒太郎,武田　晃,内　外,,令元. 9. 1,ika
診療所,34,0911824,みはらえきまえクリニック,三原市城町１－８－７－１Ｆ,0848-63-5000,丹下　健介,丹下　健介,内　形外　整外　皮,,令2. 5. 1,ika
診療所,34,0911832,つぼいクリニック泌尿器科内科,三原市港町３丁目７－１２,0848-64-0405,坪井　啓,坪井　啓,ひ　内,,令2. 7. 3,ika
診療所,34,0911857,三原駅かなもと眼科,三原市城町１－１－８,0848-81-2300,金本　尚志,金本　尚志,眼,,令4. 3. 1,ika
診療所,34,0911873,ふるかわ耳鼻咽喉科,三原市円一町１丁目１番２－２号,0848-29-9200,古川　皓介,古川　皓介,耳い,,令4. 9. 1,ika
診療所,34,0911899,しまなみ皮ふ科,三原市円一町１丁目１番２－２号,0848-62-7682,壷井　聡史,壷井　聡史,皮,,令6. 5. 1,ika
診療所,34,0911915,みはらこどもクリニック,三原市宮沖五丁目５番３号,0848-61-0321,医療法人リーベリー　理事長　木原　幹夫,玉浦　志保,小,,令7. 6. 1,ika
診療所,34,0911923,クレール心療クリニック,三原市城町一丁目８番１号三原駅前ビル２階,0848-29-9016,医療法人花すみれ会　理事長　永山　研,永山　研,心内　精,,令8. 4. 1,ika
病院,34,1110046,青山病院,尾道市栗原東２丁目２－６９,0848-23-2488,医療法人社団　宏知会　理事長　青山　俊之,青山　俊之,精神　精,120,昭44. 12. 31,ika
診療所,34,1110079,医療法人社団　長谷川産婦人科,尾道市久保１丁目１３－１８,0848-37-7472,医療法人社団　長谷川産婦人科　理事長　長谷川　吟子,長谷川　吟子,一般　産婦,,平19. 5. 1,ika
病院,34,1110111,尾道市立市民病院,尾道市新高山３丁目１１７０－１７７,0848-47-1155,尾道市長　平谷　祐宏,廣岡　孝彦,一般　内　呼内　消化器内科　循環器内科　アレ　精　脳内　外　血管外科　整外　形外　リウ　小　脳外　肛門外科　産婦　皮　ひ　耳い　眼　放　麻　リハ　歯外　救急科　乳腺甲状腺外科,263,昭58. 4. 1,ika
診療所,34,1110137,医療法人社団杏愛会　高橋医院,尾道市高須町２６９４番地,0848-46-0004,医療法人社団　杏愛会　高橋医院　理事長　高橋　世行,高橋　世行,内　循,,平7. 5. 1,ika
診療所,34,1110152,尾道造船株式会社診療所,尾道市山波町１００５,0848-37-1111,尾道造船株式会社　代表取締役社長　中部　隆,檀上　典江,内,,昭32. 10. 31,ika
診療所,34,1110319,医療法人社団　花房眼科医院,尾道市土堂２丁目４－２９,0848-23-5315,医療法人社団　花房眼科医院　理事長　花房　晶,花房　晶,一般　眼,,平元. 10. 1,ika
病院,34,1110335,医療法人社団　杏佑会　笠井病院,尾道市久保１丁目３－１９,0848-37-2308,医療法人社団　杏佑会　笠井病院　理事長　笠井　裕,笠井　裕,療養　療養　外　消　内　整外　こう　リハ,30,平8. 9. 1,ika
診療所,34,1110343,医療法人　森本医院,尾道市天満町１７－１５,0848-22-5009,医療法人　森本医院　理事長　森本　茂人,森本　茂人,内　消　放,,平元. 10. 1,ika
診療所,34,1110376,医療法人社団　永楽会　おかはし内科医院,尾道市三軒家町１７－１２,0848-22-2262,医療法人社団　永楽会　おかはし内科医院　理事長　岡橋　誠,岡橋　誠,内　呼　消　循,,平元. 7. 1,ika
診療所,34,1110509,医療法人社団　樹良会　高亀医院,尾道市久保２丁目２４－１７,0848-37-3102,医療法人社団　樹良会　理事長　髙亀　良治,髙亀　良治,一般　内　循　胃　整外　外　リハ　心外　脳外,,平6. 7. 1,ika
診療所,34,1110566,板阪内科小児科医院,尾道市西久保町１２－２８,0848-37-3803,板阪　和雅,板阪　和雅,内　小,,平13. 9. 1,ika
病院,34,1110574,医療法人社団　神田会　木曽病院,尾道市神田町２－２４,0848-23-5858,医療法人社団　神田会　理事長　木曽　大輔,宇田　征史,一般　療養　内　外　消化器内科　循環器内科　腎臓内科　神内　リハ　整外　人工透析科,,昭60. 11. 1,ika
診療所,34,1110707,檀上医院,尾道市西御所町９－９,0848-22-3861,医療法人社団　博典会　檀上医院　理事長　檀上　典江,檀上　典江,内,,平19. 4. 1,ika
診療所,34,1110756,医療法人　西医院,尾道市手崎町７－１６,0848-23-2437,医療法人　西医院　理事長　西　俊雄,西　俊雄,内　小　消　放,,平元. 10. 1,ika
診療所,34,1110830,医療法人刀圭会　諫見内科眼科医院,尾道市久保１丁目２－４,0848-37-5805,医療法人　刀圭会　理事長　辻　有紀,諫見　久惠,内　眼　皮　美容皮膚科,,平4. 7. 1,ika
病院,34,1110855,医療法人社団　啓卯会　村上記念病院,尾道市新浜１丁目１４－２６,0848-22-3131,医療法人社団　啓卯会　村上記念病院　理事長　山邉　高司,山邉　高司,一般　内　心臓・循環器内科　糖尿病内科　肝臓内科　膵臓・胆嚢内科　呼内　消化器内科　胃腸・内視鏡内科　放　リハ　脳内,,昭49. 1. 1,ika
診療所,34,1110889,医療法人　ささき小児科医院,尾道市西御所町２－９,0848-22-4083,医療法人　ささき小児科医院　理事長　佐々木　伸孝,佐々木　伸孝,小　内,,平7. 12. 1,ika
病院,34,1110913,医療法人社団　重松会　松本病院,尾道市久保３丁目１４－２２,0848-37-2400,医療法人社団　重松会　理事長　松本　偉男,松本　偉男,療養　内　リハ　放　心内　消化器内科　循環器内科,182,昭57. 11. 1,ika
診療所,34,1110921,医療法人社団　平櫛内科医院,尾道市栗原東２丁目４－３２,0848-22-9748,医療法人社団　平櫛内科医院　理事長　平櫛　順仁,平櫛　順仁,内　消化器内科　循環器内科　神内　呼内,,平2. 8. 1,ika
診療所,34,1111010,堀田レディースクリニック,尾道市西則末町９－１６,0848-22-8844,医療法人　堀田産婦人科医院　理事長　堀田　正英,堀田　正英,一般　産婦,,平12. 3. 1,ika
診療所,34,1111036,カナデビア健康保険組合　向島診療所,尾道市向東町１４７５５番地,0848-44-1061,カナデビア健康保険組合　理事長　土肥　太郎,三宅　規之,内,,平7. 7. 1,ika
診療所,34,1111069,医療法人　医心会　数田皮膚科医院,尾道市西御所町７－１２,0848-22-6837,医療法人　医心会　理事長　数田　泰治,数田　泰治,皮,,平元. 7. 1,ika
診療所,34,1111226,正岡外科胃腸科医院,尾道市栗原西１丁目９－１５,0848-23-5255,正岡　哲也,正岡　哲也,外　胃　こう,,平13. 10. 25,ika
診療所,34,1111275,上野整形外科,尾道市高須町１２８６－３,0848-46-0080,医療法人社団　上野会　理事長　上野　宏泰,上野　宏泰,整外　リハ　リウ,,平元. 7. 1,ika
診療所,34,1111325,医療法人　武富眼科医院,尾道市西則末町１－２９,0848-22-3051,医療法人　武富眼科医院　理事長　武富　練一郎,武富　練一郎,眼,,平5. 1. 1,ika
診療所,34,1111333,医療法人芙蓉会　鍋島内科,尾道市西御所町１３－３２,0848-22-2600,医療法人　芙蓉会　理事長　鍋島　靖人,鍋島　靖人,内　小　放　リハ,,平7. 1. 1,ika
診療所,34,1111341,福原内科医院,尾道市新浜２丁目２－３,0848-22-5500,福原　純一,福原　純一,内　呼　消　循,,昭58. 6. 1,ika
診療所,34,1111358,医療法人　たがしら医院,尾道市美ノ郷町三成２６７５,0848-48-3588,医療法人　たがしら医院　理事長　田頭　誠,田頭　誠,内　循,,平11. 9. 1,ika
診療所,34,1111374,土橋内科医院,尾道市美ノ郷町三成１０６５番地の１,0848-48-4114,医療法人社団精彩会　理事長　土橋　敬弘,土橋　敬弘,内　呼内　消化器内科　循環器内科　胃腸内科,,平7. 2. 1,ika
診療所,34,1111390,医療法人社団　仁友会　尾道クリニック,尾道市新浜２丁目１０－１２,0848-25-3077,医療法人社団　仁友会　理事長　諫見　康弘,久傳　康史,内　腎臓内科　人工透析内科　眼　血管外科,,平18. 9. 18,ika
診療所,34,1111424,よしはら内科外科リハビリテーションクリニック,尾道市向東町８６８１－１,0848-45-0007,医療法人　吉原胃腸科外科　理事長　吉原　大貴,吉原　史矩,一般　療養　療養　内　神内　消　循　呼　外　整外　こう　リハ　放,,平2. 1. 1,ika
診療所,34,1111465,医療法人社団　砂田内科,尾道市久保１丁目１－１５,0848-37-5888,医療法人社団　砂田内科　理事長　砂田　光俊,砂田　光俊,内　呼　胃　循　放,,平5. 2. 1,ika
診療所,34,1111473,住元整形外科医院,尾道市栗原西２丁目９－６,0848-22-3800,住元　吉明,住元　吉明,整外　リハ　リウ,,昭63. 5. 1,ika
診療所,34,1111499,医療法人一香会　宇根クリニック,尾道市高須町４７７３番地１,0848-47-4111,医療法人　一香会　宇根クリニック　理事長　宇根　幸治,宇根　幸治,小　内　アレ　眼,,平19. 4. 1,ika
診療所,34,1111531,くさか整形外科,尾道市美ノ郷町三成２２６－５,0848-48-4870,日下　治,日下　治,整外　リハ　リウ,,平4. 4. 1,ika
診療所,34,1111549,医療法人社団　坂上整形外科クリニック,尾道市向東町１０１４番地の１,0848-45-3800,医療法人社団　坂上整形外科クリニック　理事長　坂上　正樹,坂上　正樹,整外　リハ,,平7. 5. 1,ika
診療所,34,1111556,加納内科消化器科,尾道市高須町字原田３６５９－１,0848-47-3200,加納　俊彦,加納　俊彦,内　消,,平4. 9. 1,ika
診療所,34,1111564,みやの耳鼻咽喉科,尾道市高須町５７３７番地,0848-47-3387,医療法人社団　みやの耳鼻咽喉科　理事長　宮野　良隆,宮野　良隆,耳い　アレ　気食,,平9. 10. 1,ika
診療所,34,1111572,正岡クリニック,尾道市栗原町５９０１－１Ｏ・Ｆ・１ビル２Ｆ,0848-24-2411,正岡　智子,正岡　智子,内　循,,平6. 12. 1,ika
診療所,34,1111580,医療法人　ゆあさ眼科,尾道市栗原町５９０１－１Ｏｆ１ビル３Ｆ,0848-24-2412,医療法人　ゆあさ眼科　理事長　湯浅　久美,湯浅　久美,眼,,平15. 10. 1,ika
診療所,34,1111606,メディカルカウンセリングルーム　本田クリニック,尾道市高須町４７５４－５,0848-56-1855,医療法人社団　はっぴねす　理事長　本田　誠四郎,實井　俊典,精　心内,,平16. 10. 1,ika
診療所,34,1111614,医療法人社団　浜中皮ふ科クリニック,尾道市栗原町５９０１番地の１,0848-24-2413,医療法人社団　浜中皮ふ科クリニック　理事長　浜中　和子,浜中　和子,皮　形外　アレ,,平9. 1. 1,ika
診療所,34,1111622,まつなが眼科,尾道市向東町３５６９－１,0848-44-8601,野島　昭徳,野島　昭徳,眼,,平7. 5. 1,ika
診療所,34,1111630,古島整形外科,尾道市高須町４７８８－４,0848-20-2222,古島　久義,古島　久義,一般　整外　リハ　リウ,,平7. 6. 1,ika
診療所,34,1111663,メイプルクリニック耳鼻咽喉科,尾道市西則末町７－３２,0848-24-1355,藤原　敏浩,藤原　敏浩,耳い,,平8. 3. 1,ika
診療所,34,1111671,佐藤内科クリニック,尾道市浦崎町２７２３,0848-73-2380,佐藤　俊雄,佐藤　俊雄,内　呼　消　小,,平8. 4. 1,ika
診療所,34,1111697,神原こうじクリニック,尾道市浦崎町２７４６,0848-73-5617,神原　絋司,神原　絋司,内　循　小　リハ　リウ　アレ,,平8. 8. 1,ika
診療所,34,1111705,医療法人　産婦人科よしはらクリニック,尾道市山波町５５１－１,0848-20-7111,医療法人　産婦人科よしはらクリニック　理事長　吉原　英介,吉原　英介,一般　産婦,,平16. 10. 1,ika
診療所,34,1111713,おぐら小児科,尾道市高須町４８０３－８,0848-20-2370,小倉　敏,小倉　敏,小　内,,平8. 10. 1,ika
診療所,34,1111721,田辺クリニック,尾道市古浜町６－２０,0848-24-1155,医療法人社団　木水会　理事長　田邊　泰登,田邊　泰登,内　小　皮　リハ　心内　アレ　消化器内科　精　呼内　糖尿病内科　漢方内科　内視鏡内科,,平12. 10. 1,ika
診療所,34,1111739,藤田内科医院,尾道市長江１丁目２３－８,0848-20-7133,医療法人　藤田内科医院　理事長　藤田　道雄,藤田　道雄,内　呼　消　循,,平15. 9. 1,ika
診療所,34,1111762,板阪整形外科クリニック,尾道市高須町４７５６－３１,0848-56-0506,板阪　利生,板阪　利生,整外,,平11. 11. 1,ika
診療所,34,1111788,医療法人　ささき皮膚科,尾道市高須町４７８８番地１０,0848-56-1321,医療法人　ささき皮膚科　理事長　佐々木　邦子,佐々木　邦子,皮,,平19. 6. 1,ika
診療所,34,1111796,原田内科クリニック,尾道市高須町４７５５－７,0848-56-1323,原田　一志,原田　一志,内　他,,平13. 5. 1,ika
診療所,34,1111804,こどもクリニックさとう,尾道市久保１丁目２－１２,0848-20-7330,佐藤　恭子,佐藤　恭子,小,,平13. 6. 1,ika
診療所,34,1111812,医療法人社団　松本内科胃腸科医院,尾道市向東町３５７０－５,0848-45-2277,医療法人社団　松本内科胃腸科医院　理事長　松本　勇次,北村　正輔,内　消　呼　循　放,,平13. 7. 1,ika
診療所,34,1111838,医療法人　能宗クリニック,尾道市土堂２丁目６－１７,0848-22-3399,医療法人　能宗クリニック　理事長　能宗　紀雄,能宗　紀雄,皮　アレ　形外,,平16. 10. 1,ika
診療所,34,1111853,みやもとクリニック,尾道市西御所町３－５,0848-20-1891,宮本　慶一,宮本　慶一,精　神　心内,,平15. 5. 1,ika
診療所,34,1111879,弘田内科クリニック,尾道市栗原西２－３－１１,0848-20-1266,医療法人　社団　喜真会　弘田内科クリニック　理事長　弘田　祐一,弘田　祐一,内　呼　消　循,,平18. 4. 1,ika
診療所,34,1111887,さとう皮ふ科,尾道市栗原西２丁目５－９,0848-20-0707,佐藤　仁吾,佐藤　仁吾,皮,,平16. 12. 1,ika
病院,34,1111895,公立みつぎ総合病院,尾道市御調町市１２４,0848-76-1111,尾道市長　平谷　祐宏,松本　英男,一般　療養　内　循環器内科　消化器内科　腎臓内科　小　外　消化器外科　整外　脳外　精　産婦　皮　ひ　眼　耳い　放　リウ　リハ　歯,145,平17. 3. 28,ika
診療所,34,1111911,公立みつぎ総合病院保健福祉総合施設附属リハビリテーションセンター,尾道市御調町高尾１３４８－６,0848-76-2737,尾道市長　平谷　祐宏,濱中　善晴,一般　リハ,,平17. 3. 28,ika
診療所,34,1111945,医療法人社団　翠明会　藤田医院,尾道市因島中庄町４９３４,0845-26-2030,医療法人社団翠明会　藤田医院　理事長　藤田　豊明,藤田　豊明,内　理学療法　リハ　呼　消　放　精,,平18. 3. 1,ika
診療所,34,1111978,医療法人社団　藤井医院,尾道市因島重井町６３０９番地,0845-25-0088,医療法人社団　藤井医院　理事長　藤井　温,藤井　温,内　外　麻,,平19. 7. 1,ika
診療所,34,1111994,尾道市立市民病院附属瀬戸田診療所,尾道市瀬戸田町中野４００,0845-27-2161,尾道市長　平谷　祐宏,大西　毅,一般　内　リハ,,平21. 4. 1,ika
診療所,34,1112000,巻幡内科医院,尾道市因島土生町１６８６－１,0845-22-2696,巻幡　徹二,巻幡　徹二,内,,平21. 7. 1,ika
診療所,34,1112018,児玉医院,尾道市瀬戸田町瀬戸田３４６番地,0845-27-0833,医療法人児玉医院　理事長　児玉　淳,児玉　淳,内　外　消　放,,平21. 10. 1,ika
病院,34,1112067,広島県厚生農業協同組合連合会　尾道総合病院,尾道市平原１丁目１０番２３号,0848-22-8111,広島県厚生農業協同組合連合会　代表理事理事長　豊田　達之,宮田　義浩,一般　内　消化器内科・消化器外科　呼内　腎臓内科　循環器内科　小　小外　外　肛門外科　脳外　呼外　心外　整外　産婦　皮　ひ　眼　耳い　精神神経科　麻　救急科　放射線治療科　歯外　リハ　乳腺外科　緩和ケア内科　病理　形外　内分泌糖尿病内科　リウマチ・膠原病科,386,平23. 5. 1,ika
診療所,34,1112075,向島小児科外科クリニック,尾道市向島町５４３７－１,0848-44-7881,福本　泰規,福本　泰規,小　小外　外,,平23. 7. 2,ika
診療所,34,1112091,こころ尾道駅前クリニック,尾道市土堂一丁目１１番６号,0848-36-5561,医療法人社団　はっぴねす　理事長　本田　誠四郎,本田　誠四郎,精　心内　内,,平24. 4. 1,ika
診療所,34,1112117,医療法人社団天風会　益田眼科小児科医院,尾道市因島土生町２０２１番地,0845-22-0269,医療法人社団天風会益田眼科小児科医院　理事長　益田　裕朗,益田　裕朗,眼　小,,平25. 9. 1,ika
診療所,34,1112125,きやすクリニック,尾道市天満町１６番１４－７号,0848-21-1112,木保　正彦,木保　正彦,心内　精,,平25. 10. 7,ika
診療所,34,1112133,尾道市立夜間救急診療所,尾道市門田町２２－５,0848-38-9099,尾道市長　平谷　祐宏,瀬浪　正樹,内　外,,平26. 4. 1,ika
診療所,34,1112158,山本医院,尾道市美ノ郷町白江５９７,0848-48-0021,山本　亮輔,山本　亮輔,内,,平26. 4. 1,ika
診療所,34,1112166,医療法人　泌尿器科　福島クリニック,尾道市栗原西１丁目４－１９,0848-20-1145,医療法人　泌尿器科　福島クリニック　理事長　福島　雅之,福島　雅之,ひ,,平26. 5. 1,ika
診療所,34,1112174,内科・腎臓内科　かつたにクリニック,尾道市栗原西一丁目４番１９号,0848-38-2511,勝谷　昌平,勝谷　昌平,内,,平26. 7. 14,ika
診療所,34,1112182,保手浜眼科,尾道市高須町４７６３番地の７,0848-47-8825,医療法人保手浜眼科　理事長　保手浜　靖之,保手浜　靖之,眼,,平26. 11. 1,ika
診療所,34,1112190,医療法人社団藤本会藤本医院,尾道市栗原町９６５０番地４,0848-23-2424,医療法人社団藤本会　理事長　藤本　修逸,藤本　修逸,内　小　消化器内科　循環器内科,,平27. 3. 1,ika
診療所,34,1112208,まきはたクリニック,尾道市因島田熊町１１４０番地１,0845-22-6661,医療法人社団　田熊巻幡医院　理事長　巻幡　清,巻幡　清,呼内　内　アレ,,平27. 6. 1,ika
診療所,34,1112224,丸谷循環器科内科医院,尾道市高須町１３８３番地２,0848-46-7755,医療法人一心会　丸谷循環器科内科医院　理事長　丸谷　盛雄,丸谷　盛雄,循　内　リハ,,平28. 4. 1,ika
診療所,34,1112240,かなもと医院,尾道市門田町１番４３号,0848-23-4677,医療法人社団かなもと医院　理事長　長澤　弘明,長澤　弘明,外　内　小　放　整外　リハ,,平29. 1. 2,ika
診療所,34,1112257,百島診療所,尾道市百島町９７２番地,0848-73-5399,社会医療法人心海会　理事長　次田　展之,黒田　義則,内　外,,平30. 4. 1,ika
診療所,34,1112273,公益財団法人　中国労働衛生協会　尾道検診所,尾道市平原三丁目１番１号,0848-22-3807,公益財団法人中国労働衛生協会　理事長　高尾　俊弘,椎木　滋雄,内,,令元. 11. 1,ika
診療所,34,1112281,えんこうクリニック,尾道市因島重井町５２３３－１,0845-23-7570,圓光　賢希,圓光　賢希,内　循,,令元. 11. 1,ika
病院,34,1112307,山本病院,尾道市高須町７３５番地,0848-46-0634,医療法人高須会　理事長　木村　邦夫,木村　邦夫,療養　内　呼内　循環器内科　消化器内科　ひ　リハ　放　麻,39,令3. 1. 1,ika
診療所,34,1112315,平原クリニック,尾道市平原二丁目２１－２９,0848-21-2021,松本　光仁,松本　光仁,内　消化器内科　腎臓内科,,令3. 4. 1,ika
診療所,34,1112323,こばやし眼科,尾道市天満町１６番１４－１１号,0848-21-1146,医療法人こばやし眼科　理事長　小林　賢,小林　賢,眼,,令5. 4. 1,ika
診療所,34,1112331,小松クリニック,尾道市栗原町１１４８２,0848-22-8855,小松　弘明,小松　弘明,小　内,,令5. 8. 1,ika
診療所,34,1112349,大岡耳鼻咽喉科医院,尾道市栗原町８２３４－１,0848-38-1023,大岡　英太郎,大岡　英太郎,耳い　アレ,,令5. 10. 1,ika
診療所,34,1112364,神田ファミリークリニック,尾道市沖側町１２－３５,0848-36-5588,木曽　まり子,木曽　まり子,内　消化器内科　ペインクリニック・整形外科　リハ　麻,,令6. 4. 1,ika
診療所,34,1112372,つきおきクリニック,尾道市高須町東新涯４８０８－５,0848-29-5631,突沖　貴宏,突沖　貴宏,内　外　乳腺外科　甲状腺内科,,令8. 4. 1,ika
診療所,34,1310182,医療法人社団住幸会　弓場医院,尾道市因島土生町２０２３－５,0845-22-0235,医療法人社団住幸会　弓場医院　理事長　弓場　通正,弓場　通正,外　内　整外　胃腸外科　肛門外科,,平12. 4. 1,ika
診療所,34,1310323,医療法人社団　眞田クリニック,尾道市因島土生町１８０９－３４,0845-22-0867,医療法人社団　眞田クリニック　理事長　大森　孝収,大森　孝収,内　リウ　整外　リハ　皮,,平8. 1. 1,ika
診療所,34,1310380,医療法人社団　青影会　三宅医院,尾道市因島土生町２０８６－３,0845-22-0554,医療法人社団　青影会　三宅医院　理事長　三宅　一郎,三宅　一郎,内,,平元. 7. 1,ika
診療所,34,1310406,医療法人社団　巻幡内科循環器科,尾道市因島土生町３３１,0845-22-3111,医療法人社団　巻幡内科循環器科　理事長　巻幡　修三,巻幡　修三,内　循　放,,平14. 5. 1,ika
病院,34,1310448,因島医師会病院,尾道市因島中庄町１９６２,0845-24-1210,一般社団法人　因島医師会　会長　藤井　温,山本　頼正,一般　療養　内　外　循環器内科　整外　眼　耳い　皮　リハ　ひ　放　精　心内　腎臓内科　呼内　消化器内科　小　リウマチ・膠原病科　歯外　糖尿病内科,144,昭57. 5. 1,ika
診療所,34,1310471,森尾内科医院,尾道市因島中庄町３３１４－３,08452-4-3470,森尾　隆義,森尾　隆義,内　呼　消　循　小　リハ,,平4. 4. 1,ika
診療所,34,1310489,鈴木内科医院,尾道市因島土生町１８９９－２４,08452-2-9585,鈴木　敏秋,鈴木　敏秋,内,,平5. 1. 1,ika
診療所,34,1310513,医療法人社団中郷クリニック　東生口診療所,尾道市因島原町６６８－１８,0845-26-3050,医療法人社団　中郷クリニック　理事長　中郷　俊五,中郷　俊五,外　産婦　内,,平10. 5. 1,ika
病院,34,1510195,医療法人村上会　福山回生病院,福山市引野町５丁目９－２１,0849-41-0665,医療法人　村上会　理事長　亀井　勉,村上　仁,一般　内　外　胃　呼　こう　ひ,,昭32. 10. 16,ika
診療所,34,1510245,瀬尾胃腸科内科医院,福山市昭和町１－２６,084-923-2738,瀬尾　功,瀬尾　功,内　消,,昭62. 10. 27,ika
診療所,34,1510278,佐々木内科糖尿病クリニック,福山市三之丸町１１－１１,084-922-0500,佐々木　元章,佐々木　元章,内　糖尿病内科　循環器内科　脂質代謝内科　アレ,,平5. 11. 1,ika
病院,34,1510310,医療法人　賢仁会　松岡病院,福山市宝町５－３２,084-923-0385,医療法人　賢仁会　理事長　松岡　巌,松岡　亮平,一般　産　婦,,昭55. 6. 1,ika
診療所,34,1510344,おかだ（外科・内科）医院,福山市赤坂町大字早戸１４７０,0849-51-1030,岡田　剛,岡田　剛,内　消　外　リハ　精　心内,,昭62. 10. 16,ika
診療所,34,1510419,沼南医院,福山市鞆町後地１２９６－２,084-982-2044,医療法人社団　常仁会　理事長　安原　耕一郎,安原　耕一郎,療養　内　循,,平元. 10. 1,ika
診療所,34,1510450,石井内科医院,福山市大黒町１－４３,084-923-2972,石井　文,石井　文,内　消　循　呼,,昭62. 10. 1,ika
診療所,34,1510559,医療法人　英仁会　荒木医院,福山市笠岡町１－１,084-922-0199,医療法人　英仁会　荒木医院　理事長　荒木　英俊,荒木　英俊,皮　美容皮膚科,,平15. 3. 1,ika
診療所,34,1510583,とくも胃腸科皮ふ科,福山市光南町１－７－９,0849-23-1552,徳毛　健治,徳毛　健治,内　胃　循　呼　小　外　整外　皮　リハ　アレ,,平9. 1. 1,ika
診療所,34,1510625,土屋内科医院,福山市東手城町３丁目１１－１６,084-941-1754,土屋　隆宏,土屋　隆宏,内　消化器内科　循環器内科,,昭63. 12. 1,ika
診療所,34,1510682,医療法人社団　日野ホームクリニック,福山市御門町３丁目３－１５,084-923-1939,医療法人社団　日野ホームクリニック　理事長　日野　一成,日野　一成,内　小,,平7. 3. 1,ika
病院,34,1510732,医療法人　大林会　福山こころの病院,福山市佐波町５７６－１,084-951-2620,医療法人　大林会　理事長　大林　正和,大林　芳明,精神　精　神　内,254,昭32. 10. 16,ika
病院,34,1510849,神原病院,福山市赤坂町赤坂１３１３,084-951-1007,社会医療法人定和会　理事長　神原　浩,神原　浩,一般　外　整外　脳外　内　リウ　呼外　呼内　消化器外科　消化器内科　肛門外科　小　リハ　麻　総合診療科　ひ　歯　歯外　神内　放,115,昭51. 9. 1,ika
病院,34,1510856,医療法人社団　健生会　いそだ病院,福山市松浜町１丁目１３－３８,084-922-3346,医療法人社団　健生会　理事長　磯田　健太,磯田　健太,一般　外　内　消化器内科・消化器外科　肝臓内科　肛門外科　大腸外科　内視鏡外科　整外　麻　リハ,,昭62. 11. 1,ika
診療所,34,1510922,佐藤胃腸科医院,福山市西町１－４－１,084-926-0221,医療法人社団　敬明会　理事長　佐藤　理,佐藤　理,内　消化器内科　胃腸内科　内視鏡内科,,平2. 1. 1,ika
診療所,34,1510930,医療法人　越智眼科昭和町医院,福山市昭和町７－７,084-920-0202,医療法人　越智眼科昭和町医院　理事長　越智　常登,越智　常登,一般　眼,,平11. 10. 1,ika
診療所,34,1510955,大日方小児科医院,福山市光南町３－２－８,084-923-0798,大日方　修,大日方　修,小,,昭54. 5. 28,ika
診療所,34,1511060,かねもり婦人科クリニック,福山市南本庄３丁目２－６,084-923-0882,兼森　博章,兼森　博章,婦,,平14. 7. 1,ika
診療所,34,1511144,ちょう外科医院,福山市野上町３－４－３０,084-923-2643,数野　博,数野　博,外　胃　循　内　整外　小外　リハ　麻,,平5. 5. 1,ika
病院,34,1511219,公立学校共済組合　中国中央病院,福山市御幸町大字上岩成１４８－１３,084-970-2121,公立学校共済組合　理事長　丸山　洋司,玄馬　顕一,一般　結核　内　血液内科　腎臓内科　糖尿病・内分泌内科　リウ　消化器内科　消化器外科　循環器内科　呼内　小　外　呼外　乳腺外科　内分泌外科　食道・胃外科　肝臓・胆のう・膵臓外科　大腸・肛門外科　内視鏡外科　整外　皮　眼　耳い　放　麻　精　脳外　臨床検査科　病理　歯外　リハ　産婦　ひ,237,平16. 12. 1,ika
診療所,34,1511235,まつなが産科婦人科,福山市三吉町３丁目３－２３,084-923-0145,医療法人　マイビー　理事長　松永　天,松永　天,一般　産　婦,,平12. 5. 1,ika
病院,34,1511276,福山市民病院,福山市蔵王町５丁目２３－１,084-941-5151,福山市長　枝　直幹,植木　亨,一般　一般（感染）　内　精　脳内　循環器内科　小児・新生児科　外　呼外　整外　形外　脳外　心外　乳腺外科　皮　ひ　産婦　眼　耳鼻咽喉・頭頸部外科　麻　ペインクリニック内科　リハ　放射線診断科・放射線治療科　臨床検査科　病理　腫瘍内科　救急科　歯外　小外　緩和ケア科,506,昭52. 8. 1,ika
診療所,34,1511292,若林医院,福山市春日町２丁目３－２９,0849-41-1112,若林　靖久,若林　靖久,内　小,,昭63. 7. 1,ika
診療所,34,1511334,医療法人社団　白河産婦人科,福山市旭町８－３,084-922-2235,医療法人社団　白河産婦人科　理事長　安藤　尚子,奥村　みどり,一般　産　婦,,平5. 6. 1,ika
診療所,34,1511375,東川耳鼻咽喉科医院,福山市御門町３丁目２－８,084-923-3333,医療法人社団　光風会　理事長　東川　俊彦,東川　俊彦,耳い,,平15. 4. 1,ika
病院,34,1511383,医療法人紅萌会　福山記念病院,福山市港町１丁目１５－３０,084-922-0998,医療法人　紅萌会　理事長　永井　正浩,真　和文,療養　療養　内　外　整外　形外　リハ　脳外　循環器内科　消化器内科　消化器外科　肝臓内科　糖尿病内科　漢方内科　肛門外科,,平11. 12. 1,ika
診療所,34,1511433,医療法人社団敬友会　卜部耳鼻咽喉科医院,福山市霞町２－２－３,084-923-3287,医療法人社団　敬友会　卜部耳鼻咽喉科医院　理事長　卜部　吉,卜部　吉,耳い,,平7. 12. 1,ika
診療所,34,1511573,しげはら小児科内科医院,福山市木之庄町１丁目１２－７,0849-23-5055,茂原　嗣也,茂原　嗣也,小　アレ　内　呼　消　循　放,,平11. 1. 1,ika
診療所,34,1511581,奥坊クリニック,福山市西桜町１丁目６－１,084-922-5876,医療法人　社団　福匡会　奥坊クリニック　理事長　奥坊　剛士,奥坊　剛士,一般　療養　ひ　性　整外　リハ　精　心内,,平17. 10. 1,ika
診療所,34,1511797,木村耳鼻咽喉科,福山市今津町２丁目１－２４,084-933-3817,医療法人社団　木村耳鼻咽喉科　理事長　木村　俊治,木村　俊治,耳い,,平9. 12. 1,ika
診療所,34,1511821,小川胃腸内科　産婦人科　医院,福山市松永町６丁目１９－９,084-933-3356,小川　裕司,小川　裕司,胃　内　産婦,,平17. 6. 1,ika
診療所,34,1511839,進藤内科循環器科医院,福山市松永町４丁目１２－２６,084-933-2240,進藤　哲明,進藤　哲明,内　循,,平11. 10. 1,ika
病院,34,1511912,医療法人社団　若葉会　蔵王病院,福山市南蔵王町６丁目２３－１,084-941-2512,医療法人社団　若葉会　理事長　馬屋原　健,日笠　哲,精神　精　内　神,241,昭52. 1. 1,ika
診療所,34,1511920,松永脳外科クリニック,福山市宮前町２丁目６－２０,084-933-2184,医療法人社団　久会　理事長　吉久　宏一,吉久　宏一,一般　療養　脳外　整外　神内　リハ,,平13. 10. 1,ika
診療所,34,1511953,赤木皮膚科泌尿器科,福山市明治町１２－１４,084-925-4047,赤木　隆文,赤木　隆文,一般　皮　ひ　性,,平10. 5. 1,ika
診療所,34,1512001,医療法人静悠会　コム・クリニック佐藤,福山市引野町２－２０－１７,084-941-0001,医療法人　静悠会　理事長　有安　由仁,有安　哲哉,一般　外　整外　内　胃　眼　放　アレ　循　呼,,平10. 4. 1,ika
診療所,34,1512027,医療法人社団　上原医院,福山市幕山台１丁目１－１,084-948-2101,医療法人社団　上原医院　理事長　上原　美朗,上原　美朗,内　外　循　小,,平15. 3. 1,ika
病院,34,1512100,医療法人慈生会　前原病院,福山市手城町１丁目３－４１,084-925-1086,医療法人　慈生会　理事長　前原　敬悟,前原　弘江,一般　療養　内　胃　放　リハ　緩和ケア内科　アレ,,平20. 4. 1,ika
診療所,34,1512167,田川内科医院,福山市高西町１丁目７－３０,084-934-1330,医療法人社団　田川内科医院　理事長　田川　真也,田川　真也,内,,平5. 1. 1,ika
診療所,34,1512209,医療法人社団　啓恵会　加藤医院,福山市新涯町１－１６－３６,084-953-2235,医療法人社団　啓恵会　加藤医院　理事長　加藤　尚司,加藤　尚司,内　消　循　小　放,,平元. 10. 1,ika
診療所,34,1512233,医療法人まこと会　クリニック和田,福山市多治米町２－１４－１２,084-953-8292,医療法人　まこと会　クリニック和田　理事長　斎藤　逸郎,斎藤　逸郎,内　胃　小,,平2. 1. 1,ika
病院,34,1512258,日本鋼管福山病院,福山市大門町津之下１８４４番地,084-945-3106,医療法人社団　日本鋼管福山病院　理事長　内田　陽一郎,内田　陽一郎,一般　内　糖尿病内科　外　整外　ひ　眼　消化器内科　リハ　麻　放　皮　乳腺外科　歯　腎臓内科,201,平14. 4. 1,ika
診療所,34,1512266,医療法人社団　佐藤耳鼻咽喉科医院,福山市御船町１－１１－１１,084-921-1678,医療法人社団　佐藤耳鼻咽喉科医院　理事長　佐藤　孝至,佐藤　孝至,耳い　頭頚部外科　気管食道科,,平元. 10. 1,ika
病院,34,1512316,医療法人　信英会　島谷病院,福山市新涯町２丁目５－８,084-953-5511,医療法人　信英会　理事長　島谷　英明,島谷　英明,一般　療養　外　内　整外　皮ひ　胃　リハ,,平18. 7. 1,ika
診療所,34,1512357,一般社団法人福山市医師会　福山市医師会健康支援センター,福山市三吉町南２－１１－２５,084-922-0243,一般社団法人　福山市医師会　会長　藤岡　正浩,山鳥　一郎,小　病理,,平2. 4. 1,ika
診療所,34,1512365,医療法人社団まこと会　神辺内科,福山市野上町２－１０－２９,084-925-2567,医療法人社団まこと会　理事長　西岡　智司,西岡　智司,一般　内,,昭63. 4. 1,ika
診療所,34,1512407,アクア心のクリニック,福山市引野町５－２１－３２,084-941-7875,医療法人社団　雄知会　理事長　古庵　路子,古庵　路子,精　心内,,平元. 10. 1,ika
診療所,34,1512456,走島診療所,福山市走島町浜１１２－２,084-984-2031,走島診療所運営委員会　会長　髙橋　博美,橋本　秀則,ペインクリニック内科　内　外　整外　麻,,平2. 2. 5,ika
診療所,34,1512480,石川医院,福山市芦田町下有地９８６,084-958-3931,石川　博基,石川　博基,内　小,,平18. 1. 1,ika
病院,34,1512506,大石病院,福山市川口町１－７－１５,0849-53-3215,医療法人社団　大仁会　理事長　大石　明彦,大石　明彦,一般　内　外　整外　リハ　放　他　リウ,,昭63. 11. 1,ika
診療所,34,1512571,医療法人社団　いなほ会　せら医院,福山市加茂町大字下加茂９９３,084-972-3355,医療法人社団　いなほ会　せら医院　理事長　世良　一穂,世良　一穂,内　消化器内科　老年内科,,平6. 3. 1,ika
診療所,34,1512589,福山市民病院附属広瀬診療所,福山市加茂町字北山２２２,0849-72-2071,福山市長　枝　直幹,植木　亨,内,,昭41. 12. 1,ika
病院,34,1512605,医療法人社団緑誠会　光の丘病院,福山市駅家町大字向永谷３０２,084-976-1415,医療法人社団　緑誠会　理事長　馬屋原　健,馬屋原　健,精神　精　内　神　心内,175,昭52. 9. 1,ika
診療所,34,1512613,もんぜんクリニック,福山市駅家町大字倉光３０６－４,084-976-2211,医療法人社団　三德会　理事長　門前　俊德,門前　俊德,整外　外　リハ　歯,,平15. 5. 1,ika
診療所,34,1512639,南坊井上内科循環器科医院,福山市駅家町大字近田５８２,084-976-0013,医療法人社団　南坊　理事長　井上　勝稔,井上　勝稔,内　胃　循　小　睡眠障害内科,,平元. 10. 1,ika
病院,34,1512654,医療法人社団玄同会　小畠病院,福山市駅家町大字上山守２０３,084-976-1351,医療法人社団　玄同会　理事長　小畠　敬太郎,小畠　廉平,一般　療養　内　ひ　眼　脳内　消化器内科　循環器内科　糖尿病内科　呼内　リハ,,昭61. 4. 1,ika
診療所,34,1512662,医療法人社団　黎明会　さくらの丘クリニック,福山市駅家町大字法成寺１０８,084-972-2400,医療法人社団　黎明会　理事長　安部　博史,安部　博史,一般　リハ　内　胃　循,,平12. 2. 1,ika
診療所,34,1512712,医療法人社団法宗会　法宗医院,福山市伊勢丘５－６－１,084-947-5507,医療法人社団　法宗会　理事長　金吉　亜紀子,金吉　亜紀子,内　消化器内科　外　小,,平元. 4. 1,ika
診療所,34,1512746,医療法人社団　品川小児科内科,福山市今津町２－３－３１,084-934-4970,医療法人社団　品川小児科医院　理事長　品川　晃二,品川　禎子,内　小,,平2. 1. 1,ika
病院,34,1512811,医療法人　徹慈会　堀病院,福山市沖野上町３丁目４－１３,084-926-3387,医療法人　徹慈会　理事長　宇髙　毅,宇髙　毅,一般　耳い　頭頸部外科　眼　内　呼内　形外　皮　小,,平12. 10. 1,ika
病院,34,1512829,脳神経センター大田記念病院,福山市沖野上町３丁目６－２８,084-931-8650,社会医療法人　祥和会　理事長　大田　泰正,田中　朗雄,一般　一般　一般　一般　内　神内　脳外　放　麻　リハ　循環器内科　整外　救急科　形外　皮　ひ　歯,,昭54. 3. 31,ika
病院,34,1512852,医療法人社団　尚志会　福山城西病院,福山市西町２丁目１１－３６,084-926-0606,医療法人社団　尚志会　理事長　岩藤　葉子,末廣　眞一,一般　療養　内　呼内　循　外　整外　リハ　こう　消化器内科　腎臓内科　肝臓内科　血管外科,,平3. 4. 1,ika
診療所,34,1512886,医療法人社団豊会　タカタ内科胃腸科,福山市東町３－３－３,084-921-5878,医療法人社団　豊会　理事長　髙田　三郎,髙田　三郎,内　胃　循　呼,,平4. 6. 1,ika
病院,34,1512894,医療法人社団　永光会　水永リハビリテーション病院,福山市南蔵王町４丁目１６－１６,084-925-5555,医療法人社団　永光会　理事長　水永　弘司,長野　博志,療養　整外　外　内　循環器内科　消化器内科　消化器外科　リハ　リウ　放　形外　美外　皮　ひ,,平20. 4. 1,ika
診療所,34,1512902,医療法人社団潤会　宮崎胃腸科放射線科内科医院,福山市霞町２－４－３,084-932-2485,医療法人社団　潤会　宮崎胃腸科放射線科内科医院　理事長　戸田　潤子,戸田　潤子,内　消胃　放,,平元. 12. 1,ika
診療所,34,1512910,医療法人まさよし会　児玉クリニック,福山市南蔵王町６丁目２－８,084-943-5633,医療法人まさよし会　児玉クリニック　理事長　児玉　雅治,児玉　雅治,一般　こう　胃　外,,平12. 5. 1,ika
診療所,34,1512936,古中内科医院,福山市草戸町４－１－５,0849-32-2727,古中　信義,古中　信義,内　呼　消胃　循　放,,昭53. 4. 1,ika
病院,34,1512977,医療法人　辰川会　山陽病院,福山市野上町２－８－２,084-923-1133,医療法人　辰川会　理事長　辰川　匡史,狩野　岳士,一般　内　外　整外　ひ　リハ,,昭57. 6. 1,ika
病院,34,1513017,医療法人　叙叙会　福山第一病院,福山市南蔵王町５－１４－５,084-943-7171,医療法人　叙叙会　理事長　西垣　秀尊,小川　龍之介,一般　療養　消化器外科　外　内視鏡外科　内　消化器内科　内視鏡内科　整外　ひ　放　麻　リハ　循　脳外,,昭55. 11. 1,ika
診療所,34,1513041,石井内科,福山市本郷町１６０５－２,084-936-1111,医療法人社団　城山会　理事長　石井　芳樹,石井　芳樹,内　胃腸科内科　内視鏡内科　呼内　糖尿病内科　老年内科,,平元. 10. 1,ika
診療所,34,1513090,医療法人社団むつみ会　坂田医院,福山市丸之内２丁目１２－６,084-925-1337,医療法人社団むつみ会　坂田医院　理事長　坂田　道義,坂田　道義,一般　内　胃　整外,,平16. 1. 1,ika
診療所,34,1513124,医療法人社団康和会　占部内科医院,福山市川口町５－１６－５３,084-954-1331,医療法人社団　康和会　理事長　占部　康雄,占部　康雄,内,,平元. 4. 1,ika
診療所,34,1513181,医療法人社団ミドリ会　さいとう小児科,福山市宝町５－２４,084-924-4150,医療法人社団　ミドリ会　理事長　齋藤　洋,齋藤　洋,小　アレ,,平元. 6. 1,ika
診療所,34,1513215,村上内科循環器科医院,福山市道三町５－１５,084-921-0811,医療法人社団　正仁会　理事長　村上　忠正,村上　忠正,内　消　循,,昭63. 11. 1,ika
病院,34,1513223,下永病院,福山市金江町藁江５９０－１,084-935-8811,医療法人　永和会　下永病院　理事長　池田　篤司,池田　篤司,精神　精　内,159,平4. 1. 1,ika
診療所,34,1513249,医療法人社団　三木耳鼻咽喉科医院,福山市大黒町２－７,084-922-5533,医療法人社団　三木耳鼻咽喉科医院　理事長　三木　健太郎,三木　健太郎,耳　い,,平元. 6. 1,ika
病院,34,1513280,西福山病院,福山市松永町３４０－１,084-933-2110,医療法人社団　杉原会　理事長　杉原　睦登,杉原　睦登,一般　療養　外　内　皮　ひ　整外　神内　放　麻　産婦　小　呼内　循環器内科　胃腸内科　内視鏡内科　消化器内科　消化器外科　肛門外科　救急科　リハ,,平3. 8. 1,ika
診療所,34,1513322,西谷内科,福山市本町５－２０,084-926-0800,西谷　皓次,西谷　皓次,内　リウ,,平14. 5. 20,ika
診療所,34,1513330,医療法人　井上小児科内科医院,福山市駅家町近田３７９－１,084-976-4820,医療法人　井上小児科内科医院　理事長　井上　晃,井上　晃,小　呼　内　皮,,平元. 10. 1,ika
診療所,34,1513355,三木眼科医院,福山市大黒町２－７,0849-26-0171,三木　千鶴子,三木　千鶴子,眼,,昭57. 3. 1,ika
診療所,34,1513363,福山医療生活協同組合　城北診療所,福山市木之庄町２－７－２,084-923-8161,福山医療生活協同組合　理事長　山崎　弘貴,山崎　弘貴,一般　内　リハ　心内　精,,平19. 5. 1,ika
診療所,34,1513405,青景医院,福山市津之郷町大字津之郷４８４－５,084-951-1069,青景　正展,青景　正展,内　小,,平7. 9. 1,ika
病院,34,1513413,医療法人東和会　小林病院,福山市春日町７－１－１８,084-943-3111,医療法人　東和会　理事長　小林芳人,原　忠之,療養　内　小　呼内　神内　循環器内科　放　歯,,昭59. 4. 1,ika
診療所,34,1513421,医療法人社団広畑内科　広畑内科・もり皮膚科,福山市横尾町１丁目２１－８,084-955-5005,医療法人社団　広畑内科　理事長　森　晶子,森　晶子,内　消　皮,,平元. 4. 1,ika
診療所,34,1513454,医療法人社団　奥野皮膚科医院,福山市明治町３－１６,0849-24-6132,医療法人社団　奥野皮膚科医院　理事長　奥野　博子,奥野　博子,皮,,平2. 12. 1,ika
診療所,34,1513488,医療法人社団　恵仁会　福田内科小児科,福山市瀬戸町大字長和１８５－３,084-951-2201,医療法人社団　恵仁会　福田内科小児科　理事長　福田　健,福田　健,内　呼　胃　循　小　リハ,,平元. 10. 1,ika
病院,34,1513504,医療法人財団竹政会　福山循環器病院,福山市緑町２－３９,084-931-1111,医療法人財団　竹政会　理事長　竹政　敏彦,向井　省吾,一般　循環器内科　心外　麻,,平20. 8. 1,ika
診療所,34,1513512,石原内科胃腸科,福山市幕山台１－２０－２０,084-947-1177,医療法人社団　健朗会　理事長　石原　健二,石原　健二,内　胃,,平元. 7. 1,ika
診療所,34,1513538,高橋歯科・整形外科,福山市新涯町３－１－２６,084-953-1126,高橋　秀次,高橋　秀次,一般　療養　整外　外　内　こう　リハ　歯　小歯　歯外　矯歯,,昭59. 7. 1,ika
診療所,34,1513553,医療法人社団　平田耳鼻咽喉科,福山市曙町５－２１－５０,084-953-3387,医療法人社団　平田耳鼻咽喉科　理事長　平田　賢三,平田　賢三,耳　い,,平2. 1. 1,ika
診療所,34,1513561,医療法人　越智眼科多治米医院,福山市多治米町１－１０－１５,0849-54-3121,医療法人　越智眼科多治米医院　理事長　越智　信行,越智　信行,眼,,平元. 6. 1,ika
診療所,34,1513579,黒瀬クリニック,福山市三吉町南１丁目１１－１５,084-926-1331,黒瀬　康平,黒瀨　承平,外　内　呼　消　こう,,平14. 8. 1,ika
診療所,34,1513595,医療法人社団　石田内科循環器科,福山市東川口町４丁目９－１２,084-954-1010,医療法人社団　石田内科循環器科　理事長　増山　和彦,増山　和彦,内　循　胃　呼　放　リハ,,平11. 6. 1,ika
診療所,34,1513637,医療法人社団　細木小児科,福山市港町２－１１－１,084-921-7111,医療法人社団　細木小児科　理事長　細木　瑞穂,細木　瑞穂,小,,平元. 8. 1,ika
診療所,34,1513645,医療法人社団　いぶき小児科,福山市城見町１－３－３,084-925-3482,医療法人社団　いぶき小児科　理事長　伊吹　芳訓,伊吹　芳訓,小　アレ,,平元. 7. 1,ika
診療所,34,1513652,医療法人社団　平井外科胃腸科医院,福山市御幸町下岩成６４９－５,084-955-5550,医療法人社団　平井外科胃腸科医院　理事長　坂田　雅浩,坂田　雅浩,外　内　消化器・肝臓内科　肛門外科　整外　漢方内科,,平2. 1. 1,ika
病院,34,1513678,医療法人社団健照会　住吉ふじい病院,福山市住吉町４－１,084-924-2233,医療法人社団　健照会　理事長　角南　博,丸山　敬一,一般　療養　内　呼内　消化器内科　循環器内科　放　リハ　ひ　整外　皮　腎臓内科　肝臓内科　糖尿病内科,,昭61. 12. 1,ika
病院,34,1513686,医療法人紘友会　福山友愛病院,福山市水呑町７３０２番地の２,084-956-2288,医療法人　紘友会　理事長　末丸　啓二,末丸　啓二,精神　精　心内　内,347,平12. 10. 1,ika
診療所,34,1513694,平木耳鼻咽喉科医院,福山市今津町４丁目１－２０,084-934-2798,医療法人社団　平木耳鼻咽喉科医院　理事長　平木　真滋,平木　真滋,耳　い,,平5. 1. 1,ika
診療所,34,1513702,びんごクリニック,福山市丸ノ内１－３－９鈴木第２ビル６階,084-932-0257,西原　慶太,西原　慶太,精　内　神,,平4. 10. 1,ika
診療所,34,1513710,医療法人　佐野内科胃腸科医院,福山市駅家町大字万能倉３４７,084-976-1121,医療法人　佐野内科胃腸科医院　理事長　佐野　宏一,佐野　宏一,内　胃,,平8. 9. 1,ika
診療所,34,1513728,医療法人　汐仁会　橘髙内科小児科医院,福山市柳津町１丁目２－３０,084-933-5227,医療法人　汐仁会　橘高内科小児科医院　理事長　橘高　諭,橘高　諭,内　呼　消　循　小　リハ　放　アレ,,平19. 6. 1,ika
診療所,34,1513744,黒木眼科医院,福山市東深津町２－１１－２６,0849-26-5511,黒木　悟,黒木　悟,眼,,昭63. 4. 1,ika
診療所,34,1513751,三好眼科,福山市大黒町２－３９,084-927-2222,医療法人　節和会　理事長　三好　輝行,三好　輝行,一般　眼,,平2. 1. 1,ika
病院,34,1513769,楠本病院,福山市曙町３－１９－１８,084-954-3030,医療法人　蒼生会　理事長　森末　千春,森末　正博,一般　内　外　消化器内科　消化器外科　呼内　呼外　肛門外科　整外　形外　ひ　放　リハ　麻,,昭63. 4. 1,ika
診療所,34,1513785,小林医院,福山市水呑町２０３０－３,084-956-1351,医療法人豊永会　理事長　小林　道男,小林　道男,内,,平11. 4. 1,ika
診療所,34,1513801,宇田内科リウマチ科,福山市東深津町２－８－３０,084-922-4747,医療法人　宇田内科リウマチ科　理事長　作田　建夫,作田　建夫,内　リハ　放　リウ,,平6. 2. 1,ika
診療所,34,1513819,医療法人　高橋眼科,福山市野上町２－１０－２４,084-925-3636,医療法人　高橋眼科　理事長　高橋　節夫,高橋　節夫,一般　眼,,平元. 10. 1,ika
診療所,34,1513835,佐伯クリニック,福山市霞町４－１－２１,084-922-3333,佐伯　誠,佐伯　誠,皮　外　形外　リハ,,平元. 3. 1,ika
診療所,34,1513843,医療法人正智会　小林外科胃腸科,福山市山手町２丁目１－１,084-952-1102,医療法人　正智会　小林外科胃腸科　理事長　小林　正夫,小林　正夫,胃　外　こう　放,,平7. 5. 1,ika
診療所,34,1513850,医療法人社団　啓仁会　中村外科胃腸科医院,福山市金江町金見２８７９－８,084-935-8055,医療法人社団　啓仁会　中村外科胃腸科医院　理事長　中村　紀明,中村　紀明,外　胃　内　こう　リハ　放,,平3. 3. 1,ika
診療所,34,1513876,医療法人社団　藤本外科胃腸科肛門科クリニック,福山市御門町３－９－２３,084-927-1414,医療法人社団　藤本外科胃腸科肛門科クリニック　理事長　藤本　英雄,藤本　英雄,一般　外　胃　こう,,平5. 8. 1,ika
診療所,34,1513892,福山クリニック,福山市南蔵王町６－３２－１２,084-945-0450,医療法人　見水会　理事長　加藤　信夫,加藤　信夫,一般　療養　内　外,,平5. 8. 1,ika
診療所,34,1513918,後藤泌尿器科医院,福山市駅家町大字江良４２７－１,084-976-5107,後藤　喜夫,後藤　喜夫,一般　ひ,,平2. 1. 1,ika
診療所,34,1513983,森近内科,福山市西深津町４－２－５０,084-927-4858,医療法人　すこやか会　理事長　森近　茂,森近　大介,内　呼内　肝臓・消化器内科　循環器内科　リハ,,平6. 2. 1,ika
診療所,34,1513991,ふじもり医院,福山市伊勢丘５－１－３０,084-947-1275,藤森　恭孝,藤森　恭孝,一般　外　こう　内　小　整外　リハ,,平7. 6. 1,ika
診療所,34,1514015,中村整形外科,福山市南蔵王町２－４－１１,084-926-8818,医療法人社団　信誠会　中村整形外科　理事長　中村　信義,中村　信義,一般　整外　リハ　リウ,,平6. 4. 1,ika
診療所,34,1514023,今福内科クリニック,福山市西町２丁目１４－１８,0849-27-1101,今福　健雄,今福　健雄,内　呼　消,,平3. 7. 1,ika
診療所,34,1514049,佐藤脳神経外科,福山市松永町５－２３－２３,084-934-9911,医療法人社団　涼風会　理事長　佐藤　透,佐藤　透,脳外　神内　放　リハ　精,,平5. 9. 1,ika
診療所,34,1514064,橘高クリニック,福山市宮前町１丁目３－１５,084-934-8555,橘高　英之,橘高　英之,小　内,,平3. 10. 1,ika
診療所,34,1514080,医療法人社団　明健会　冨永内科医院,福山市奈良津町３－１－１,084-922-6139,医療法人社団　明健会　冨永内科医院　理事長　冨永　知,冨永　知,内　小　消,,平15. 6. 1,ika
診療所,34,1514114,武皮膚科医院,福山市東川口町５丁目１７－１８,084-957-0611,武　誠,武　誠,皮,,平14. 3. 1,ika
診療所,34,1514122,医療法人　向田内科医院,福山市加茂町字中野４０３番地の３,084-972-7757,医療法人　向田内科医院　理事長　向田　邦俊,向田　邦俊,内　呼　消　循,,平9. 9. 1,ika
診療所,34,1514163,瀬尾クリニック,福山市今津町５－２－２,084-934-2233,瀬尾　一史,瀬尾　一史,ひ　内,,平5. 10. 1,ika
診療所,34,1514189,医療法人　辰川会　山陽腎クリニック,福山市野上町１－７－８,084-928-5500,医療法人　辰川会　理事長　辰川　匡史,池邉　宗三人,人工透析内科　人工透析外科,,平6. 2. 1,ika
診療所,34,1514221,医療法人社団　田中メディカルクリニック,福山市手城町２丁目１－２０,084-925-3660,医療法人社団　田中メディカルクリニック　理事長　田中　出,田中　出,一般　療養　胃　外　整外　こう,,平11. 10. 1,ika
診療所,34,1514239,たかはし小児科,福山市三吉町３－１－１３,084-921-0026,高橋　幸雄,高橋　幸雄,小,,平7. 4. 1,ika
診療所,34,1514247,中川クリニック,福山市西深津町６－１３－５,084-921-0300,中川　三郎,中川　三郎,内　呼　アレ,,平7. 7. 1,ika
診療所,34,1514304,まつはまクリニック,福山市松浜町１－４－１３,084-920-8150,中郷　良蔵,中郷　良蔵,内　胃　外　整外　皮　こう　リハ　放　麻,,平8. 4. 1,ika
診療所,34,1514312,庵谷内科循環器科,福山市御幸町上岩成２３４－１,084-970-2022,医療法人社団　文理会　理事長　庵谷　文夫,庵谷　文夫,内　呼　胃　循　小　リハ,,平10. 4. 1,ika
診療所,34,1514320,医療法人社団伸寿会　高須クリニック,福山市南蔵王町１丁目７－１４,084-920-1855,医療法人社団　伸寿会　高須クリニック　理事長　高須　伸治,高須　伸治,一般　内　外　人工透析内科　人工透析外科,,平11. 4. 1,ika
診療所,34,1514346,和田胃腸科・皮膚科クリニック,福山市今津町２－３－１８,084-933-2710,和田　玄,和田　玄,胃　外　皮　内,,平9. 4. 1,ika
診療所,34,1514353,医療法人社団　幸の鳥レディスクリニック,福山市春日町１丁目７－１４,084-940-1717,医療法人社団　幸の鳥レディスクリニック　理事長　山　高宏,山　高宏,一般　産　婦,,平12. 10. 1,ika
診療所,34,1514361,医療法人社団クオレ　おおたにクリニック,福山市西町１丁目７－２４,084-920-9045,医療法人社団クオレ　おおたにクリニック　理事長　大谷　邦彦,大谷　邦彦,精　神　心内,,平19. 5. 1,ika
診療所,34,1514379,藤井クリニック,福山市東村町５番地,0849-36-3456,藤井　益夫,藤井　益夫,内　胃　循,,平9. 6. 1,ika
診療所,34,1514395,医療法人社団　清康会　宮地クリニック,福山市松永町３５０,084-933-0333,医療法人社団　清康会　宮地クリニック　理事長　宮地　康夫,宮地　康夫,内　呼　循　アレ,,平11. 4. 1,ika
診療所,34,1514403,医療法人こどもクリニックはぐくみ,福山市駅家町万能倉９１０番地１５,084-970-1180,医療法人こどもクリニックはぐくみ　理事長　髙橋　伸方,髙橋　伸方,小,,平13. 10. 1,ika
診療所,34,1514411,ふるかど眼科,福山市駅家町倉光３５－１,084-976-7174,古門　英人,古門　英人,眼,,平10. 2. 1,ika
診療所,34,1514486,柳津にしきおり眼科,福山市柳津町４丁目２－５,084-933-7775,医療法人社団　錦織眼科医院　理事長　錦織　修道,錦織　博道,一般　眼,,平11. 5. 1,ika
診療所,34,1514502,医療法人芳仁会　ひとみ眼科,福山市柳津町１丁目２－２６,084-930-0322,医療法人　芳仁会　理事長　奥田　芳昭,奥田　芳昭,一般　眼,,平13. 10. 1,ika
診療所,34,1514536,医療法人　すくすく会　木村小児科,福山市南蔵王町６丁目２０－１０,084-943-7117,医療法人　すくすく会　理事長　木村　眞人,木村　眞人,小　アレ　内,,平14. 10. 1,ika
診療所,34,1514544,医療法人　叡幸会　岡本耳鼻咽喉科医院,福山市御幸町下岩成中町３１６番地の１,084-961-0017,医療法人　叡幸会　理事長　岡本　宏司,岡本　宏司,耳い,,平14. 4. 1,ika
診療所,34,1514569,医療法人社団　春陽会　竹内耳鼻咽喉科,福山市春日町７丁目１４－２６,0849-40-4666,医療法人社団　春陽会　竹内耳鼻咽喉科　理事長　竹内　亘,竹内　亘,耳い　気食　アレ,,平13. 4. 1,ika
診療所,34,1514577,日野内科小児科クリニック,福山市新涯町１丁目５－３８,084-957-7222,医療法人　社団　日野内科小児科クリニック　理事長　日野　二郎,日野　二郎,内　小　呼,,平16. 10. 1,ika
病院,34,1514601,医療法人社団　宏仁会　寺岡整形外科病院,福山市南本庄３丁目１－５２,084-923-0516,医療法人社団　宏仁会　理事長　寺岡　俊人,寺岡　俊人,一般　療養　整外　脳外　形外　循　内　耳い　心内　脳内　リハ　リウ　美外　麻　放,,平12. 9. 1,ika
診療所,34,1514619,福山医療生活協同組合　ふれあい診療所,福山市駅家町万能倉９６－３,084-976-4334,福山医療生活協同組合　理事長　山崎　弘貴,藤原　秀文,内,,平13. 5. 1,ika
診療所,34,1514635,医療法人福徳永会　さいきじんクリニック,福山市瀬戸町山北４５０－１,084-949-2777,医療法人　福徳永会　さいきじんクリニック　理事長　齋木　豊徳,齋木　豊徳,内　外　腎臓内科（人工透析）　糖尿病代謝内科　循環器内科　リハ,,平17. 4. 1,ika
診療所,34,1514643,内藤クリニック,福山市駅家町万能倉９２５－３,084-977-1070,内藤　賢一,内藤　賢一,外　消　循　アレ　内,,平13. 12. 1,ika
診療所,34,1514650,藤田小児科内科医院,福山市春日町３丁目１０－２５,084-948-6500,医療法人社団　藤田小児科内科医院　理事長　藤田　仁志,藤田　仁志,小　内　アレ　精,,平18. 4. 1,ika
診療所,34,1514668,公益財団法人中国労働衛生協会　福山本部健診センター,福山市引野町５丁目１４－２,084-941-8211,公益財団法人　中国労働衛生協会　理事長　高尾　俊弘,高尾　俊弘,内,,平14. 4. 1,ika
診療所,34,1514684,医療法人社団　仁正会　ざおう眼科,福山市南蔵王町５丁目９－１８,084-945-8139,医療法人社団　仁正会　理事長　岡野　正樹,遠藤　淳子,眼,,平14. 4. 1,ika
診療所,34,1514692,草浦医院,福山市駅家町大字万能倉１０３８番地,084-972-8885,医療法人社団　草浦医院　理事長　草浦　康浩,草浦　康浩,内　胃腸内科,,平18. 4. 1,ika
診療所,34,1514726,医療法人社団　いけだ小児科,福山市南蔵王町３丁目７－４２,084-973-1500,医療法人社団　いけだ小児科　理事長　池田　紀和子,池田　紀和子,小　アレ,,平18. 5. 1,ika
診療所,34,1514759,坂本眼科小児科クリニック,福山市大門町１丁目４０－１２,084-946-6656,坂本　郁夫,坂本　郁夫,眼　小　皮　内,,平15. 4. 1,ika
診療所,34,1514775,福山市民病院附属山野診療所,福山市山野町山野３７９０番地の１,084-974-2021,福山市長　枝　直幹,真鍋　明広,内　外,,平15. 4. 1,ika
診療所,34,1514791,松井内科,福山市駅家町大字向永谷６６６番地の３,084-976-0500,医療法人　萌樹会　理事長　松井　隆明,松井　隆明,内　神内　リハ,,平19. 4. 1,ika
診療所,34,1514817,菊地内科,福山市千田町２丁目４７－６,084-961-1115,菊地　武志,菊地　武志,内,,平16. 4. 1,ika
診療所,34,1514833,岡田クリニック,福山市水呑町三新田２丁目２３３,084-920-5656,岡田　博文,岡田　博文,胃　外　内　整外　こう,,平16. 11. 1,ika
診療所,34,1514841,福山元町眼科,福山市元町７－３,0849-22-0575,土手　正信,土手　正信,眼,,平17. 4. 1,ika
診療所,34,1514874,こばたけ医院,福山市松浜町４－５－２５,084-922-7878,小畠　敏嗣,小畠　敏嗣,内　胃　循,,平17. 10. 1,ika
診療所,34,1514999,まつもりファミリークリニック,福山市本庄町中１丁目２－１３,084-973-0131,医療法人社団　秀由会　理事長　松森　秀之,松森　秀之,内　外　消化器内科　整外,,平20. 5. 1,ika
診療所,34,1515020,明神館クリニック,福山市明神町２丁目５－２２,084-927-0011,社会医療法人　祥和会　理事長　大田　泰正,髙松　和弘,脳内　ひ　内,,平18. 9. 1,ika
診療所,34,1515061,西町クリニック耳鼻咽喉科,福山市西町２－５－６,084-927-3322,堀内　譲治,堀内　譲治,耳い,,平19. 1. 1,ika
診療所,34,1515079,おおもとウィメンズクリニック,福山市水呑町三新田二丁目２７番地,084-920-5155,大本　裕之,大本　裕之,婦,,平19. 2. 1,ika
診療所,34,1515087,米田耳鼻咽喉科クリニック,福山市駅家町大字倉光１５６－１,084-970-1030,米田　孝明,米田　孝明,耳い,,平19. 3. 1,ika
診療所,34,1515103,医療法人　よしたかクリニック,福山市神辺町大字川北１３４５番地の１１,084-963-6660,医療法人　よしたかクリニック　理事長　吉鷹　知也,吉鷹　知也,内　外　整外　乳腺外科　大腸・肛門外科　消化器内科,,平19. 5. 1,ika
診療所,34,1515111,いしおか医院,福山市大門町３丁目１９－１４,084-946-5100,石岡　英彦,石岡　英彦,内　胃　放,,平19. 8. 2,ika
診療所,34,1515129,石井医院,福山市神村町３１２２番地の１,084-933-2022,石井　秀司,石井　秀司,内,,平19. 9. 1,ika
診療所,34,1515137,あいたに整形外科,福山市川口町４丁目１３－１０,084-920-2200,相谷　哲朗,相谷　哲朗,整外　リハ,,平19. 9. 25,ika
診療所,34,1515145,古城クリニック,福山市野上町３丁目６－３,084-971-7335,古城　繁,古城　繁,麻　内　整外,,平19. 10. 1,ika
診療所,34,1515152,池田響子ハートクリニック,福山市若松町３－２０,084-926-3767,池田　響子,池田　響子,内　循,,平19. 11. 1,ika
診療所,34,1515178,有木医院,福山市本町１－１－１０３,084-922-1333,有木　則文,有木　則文,胃　外　アレ,,平20. 1. 1,ika
診療所,34,1515202,竹本内科循環器科,福山市大黒町１－８,084-921-5798,竹本　雅雄,竹本　雅雄,内　循,,平20. 3. 3,ika
診療所,34,1515244,福山整形外科クリニック,福山市神辺町川北１５３３番地,084-960-3030,医療法人社団　飛翔会　理事長　寛田　司,古川　陽介,整外　リウ　リハ,,平20. 11. 1,ika
診療所,34,1515269,渡邉内科クリニック,福山市川口町４－１２－３７,084-920-2327,医療法人社団千心会　理事長　渡辺　圀武,渡邉　昌樹,内　糖尿病内科　消化器内科　肝臓内科,,平21. 1. 17,ika
診療所,34,1515277,永原内科クリニック,福山市伊勢丘６丁目１－３０,084-948-9123,永原　靖浩,永原　靖浩,糖尿病内科　内　消化器内科,,平21. 4. 1,ika
診療所,34,1515285,やすだクリニック,福山市御門町二丁目５－２９,084-922-1511,保田　健太郎,保田　健太郎,外　整外　リウ　リハ　胃腸内科　肛門外科,,平21. 2. 22,ika
診療所,34,1515293,錦織眼科医院,福山市今津町３丁目９番１０号,084-933-2944,医療法人　社団　錦織眼科医院　理事長　錦織　修道,錦織　修道,眼,,平21. 5. 1,ika
診療所,34,1515301,もりかわ内科クリニック,福山市東手城町１丁目３番１１号,084-983-0088,森川　民也,森川　民也,内　他,,平21. 6. 1,ika
診療所,34,1515319,市役所通りクリニック,福山市西町１丁目７番９号,084-932-6633,医療法人社団　杉原会　理事長　杉原　睦登,大崎　俊英,胃腸内科　内視鏡内科　肛門外科　乳腺外科　内　外　放射線診断科,,平21. 7. 1,ika
診療所,34,1515327,しだはらクリニック,福山市三吉町４丁目１１－８,084-923-4368,志田原　泰夫,志田原　泰夫,整外　リウ　内,,平21. 10. 1,ika
診療所,34,1515335,なかよし小児科,福山市引野町四丁目２２番１９号,084-943-1774,医療法人社団　育伸会　理事長　山中　良孝,山中　良孝,小　アレ,,平21. 10. 1,ika
診療所,34,1515350,医療法人社団済井会　福山光南クリニック,福山市光南町３丁目７番８号,084-923-3724,医療法人社団済井会　福山光南クリニック　理事長　橋本　秀則,橋本　秀則,麻　ペインクリニック内科　整外　外,,平21. 12. 1,ika
診療所,34,1515418,松永駅前クリニック,福山市松永町４丁目９番１７号,084-934-7003,医療法人　永和会　理事長　池田　篤司,桑原　秀樹,精,,平22. 4. 1,ika
診療所,34,1515434,医療法人辰川会　山陽ぬまくま腎クリニック,福山市沼隈町草深２０３１－１,084-980-0034,医療法人　辰川会　理事長　辰川　匡史,辰川　匡史,透析外科　透析内科　外　内,,平22. 9. 1,ika
診療所,34,1515442,岩崎皮ふ科・形成外科,福山市紅葉町３番２４号,084-922-3335,医療法人岩崎皮ふ科・形成外科　理事長　岩崎　泰政,岩崎　泰政,皮　形外　アレ　ひ　性,,平22. 9. 1,ika
診療所,34,1515459,船町ふじおかクリニック,福山市船町３番４号,084-944-9005,医療法人　かいせい　理事長　藤岡　正浩,藤岡　正浩,内　外　消　放　リハ,,平22. 11. 1,ika
診療所,34,1515475,医療法人徹慈会　東手城医院,福山市東手城町１丁目３番１１号,084-983-3341,医療法人　徹慈会　理事長　宇髙　毅,平木　信明,耳い　アレ　小,,平23. 2. 2,ika
診療所,34,1515541,医療法人Ｋ．Ｆ．会　青葉台クリニック,福山市青葉台一丁目１１番２０号,084-947-6565,医療法人Ｋ．Ｆ．会　理事長　金子　克也,金子　克彦,外　内　消化器内科　循環器内科　整外　リハ,,平23. 8. 1,ika
診療所,34,1515566,医療法人ＳＥＯ　瀬尾医院,福山市新市町大字新市８０９番地２,0847-51-2169,医療法人　ＳＥＯ　理事長　瀬尾　純,瀬尾　純,内　消　小,,平23. 10. 1,ika
診療所,34,1515574,医療法人　おひさまこどもクリニック,福山市御幸町森脇４２６－１,084-955-3220,医療法人おひさまこどもクリニック　理事長　髙橋　康太,髙橋　康太,小　小外　アレ　精　リハ　他,,平23. 11. 1,ika
診療所,34,1515582,森田内科クリニック,福山市南蔵王町６丁目４番１３号,084-940-5051,医療法人社団恵摂会森田内科クリニック　理事長　森田　竹千代,森田　竹千代,内　消　循　呼　内視鏡科　アレ,,平24. 4. 1,ika
診療所,34,1515608,はやし整形外科クリニック,福山市伊勢丘６丁目１番３３号,084-948-8070,医療法人　桜幸会　理事長　林　克彦,林　克彦,整外　リハ,,平24. 4. 1,ika
診療所,34,1515616,医療法人社団仁恵会　福山検診所,福山市南本庄五丁目１１番１号,084-926-2580,医療法人社団仁恵会　福山検診所　理事長　山名　征三,森山　和佳,内,,平24. 4. 1,ika
診療所,34,1515624,さとう脳外科クリニック,福山市大門町３丁目２８番４３号,084-940-5855,医療法人　啓樹会　理事長　佐藤　昂平,佐藤　昂平,脳外　リハ　放　内　循環器内科,,平24. 5. 1,ika
診療所,34,1515632,ふじいクリニック,福山市水呑町三新田二丁目１番地,084-983-2219,医療法人　紫苑会　理事長　表　静馬,表　静馬,内　外　整外　皮　ひ　消化器内科　循環器内科,,平24. 5. 1,ika
診療所,34,1515657,こども発達支援センター,福山市三吉町南二丁目１１番２２号,084-928-1351,福山市長　枝　直幹,徳田　桐子,小　神経小児科　精　児童精神科,,平24. 11. 1,ika
診療所,34,1515665,重政レディスクリニック,福山市沖野上町五丁目６番２３号,084-922-5888,医療法人社団くす乃木会　重政レディスクリニック　理事長　重政　奈津子,佐々木　克,内　婦,,平24. 11. 1,ika
診療所,34,1515673,向田医院,福山市水呑町２３２９番地７,084-956-0048,向田　幹雄,向田　幹雄,内　麻,,平24. 11. 23,ika
診療所,34,1515681,上田循環器科内科,福山市王子町２丁目１４番１１号,084-923-6323,上田　敏行,上田　敏行,内　循環器内科,,平25. 1. 1,ika
診療所,34,1515715,山南クリニック,福山市沼隈町大字中山南１３８７番地,084-988-1767,社会医療法人社団　沼南会　理事長　檜谷　鞠子,石川　澄,内　外,,平25. 5. 1,ika
診療所,34,1515723,福山夜間成人診療所,福山市三吉町南二丁目１１番２２号,084-982-9946,福山市長　枝　直幹,西岡　智司,内　外,,平25. 5. 27,ika
診療所,34,1515731,まるやまホームクリニック,福山市南蔵王町六丁目２７番２６号「ニューカモメマンション」１０２号室,084-943-7307,丸山　典良,丸山　典良,内,,平25. 7. 1,ika
診療所,34,1515756,いわた耳鼻咽喉科クリニック,福山市神辺町川南１１２０番,084-963-8733,岩田　和宏,岩田　和宏,耳い,,平25. 10. 1,ika
診療所,34,1515764,医療法人光耀会　岩﨑整形外科,福山市木之庄町２丁目７番５号,084-932-6380,医療法人光耀会　理事長　岩﨑　裕光,岩﨑　裕光,整外　リウ　リハ　精　内　心内,,平25. 10. 1,ika
診療所,34,1515806,にしえクリニック,福山市宝町５－２５,084-931-3223,西江　学,西江　学,内　胃腸内科　外　肛門外科,,平26. 4. 1,ika
診療所,34,1515814,のじまホームクリニック,福山市駅家町万能倉１２４５－４,084-970-1711,野島　洋樹,野島　洋樹,内　外,,平26. 5. 1,ika
診療所,34,1515822,医療法人なぎさ　上野整形外科・リハビリ科,福山市水呑町三新田一丁目６１１番地,084-920-5011,医療法人　なぎさ　理事長　上野　孝展,上野　孝展,整外　リハ　リウ,,平26. 4. 1,ika
病院,34,1515830,井上病院,福山市東深津町三丁目２３番４６号,084-943-5000,医療法人達磨会　理事長　井上　文之,久山　陽子,一般　呼外　呼内　消化器外科　消化器内科　外　内　放　リハ　麻　皮　循環器内科,,平26. 4. 1,ika
診療所,34,1515848,はしもとじんクリニック,福山市松永町三丁目７番３９－３号,084-939-5552,医療法人永元会　理事長　橋本　昌美,橋本　昌美,内　小　リウ　アレ　腎臓内科　透析内科（人工透析）,,平26. 5. 1,ika
診療所,34,1515863,長外科胃腸科医院,福山市駅家町法成寺４番地１,084-972-6321,長　誠司,長　誠司,外　内　胃　整外　皮　こう,,平26. 6. 1,ika
診療所,34,1515889,よしだレディースクリニック内科・小児科,福山市新涯町３丁目１９－３６,084-954-0341,医療法人　雄壮会　理事長　吉田　壮一,吉田　壮一,一般　婦　内　小　消化器内科,,平26. 10. 1,ika
診療所,34,1515913,広中内科クリニック,福山市北吉津町１丁目６番４号,084-973-9871,廣中　志,廣中　志,漢方内科　内　アレ　リウ　皮　精　心内,,平27. 1. 1,ika
病院,34,1515921,医療法人三宅会　三宅会グッドライフ病院,福山市東町一丁目１番１８号,084-923-0220,医療法人三宅会　理事長　三宅　潤一,三宅　潤一,一般　療養　整外　内　ひ　皮　精　放　リハ　麻　ペインクリニック（整形外科）　形外　歯外,,平27. 3. 1,ika
病院,34,1515939,広島県立福山若草園,福山市水呑町三新田一丁目５３８番地,084-968-0230,広島県知事　横田　美香,小西　央郎,一般　一般　小　整外　精　内　歯,60,平27. 4. 1,ika
診療所,34,1515947,うだ胃腸科内科外科クリニック,福山市沖野上町四丁目３番２６号,084-922-2445,医療法人　うだクリニック　理事長　宇田　憲司,宇田　憲司,外　乳腺外科　胃腸内科　内　肛門外科　放　リハ,,平27. 5. 1,ika
診療所,34,1515954,こじまクリニック,福山市春日町一丁目２３番２５号,084-945-1000,小島　一志,小島　一志,内　呼内　外　リハ,,平27. 10. 1,ika
診療所,34,1515962,ゆう耳鼻いんこう科クリニック,福山市南蔵王町五丁目２２番３３号,084-982-7387,医療法人社団ゆう耳鼻いんこう科クリニック　理事長　石井　俊二,石井　俊二,耳い,,平27. 10. 1,ika
診療所,34,1515988,谷口ハートクリニック,福山市多治米町２丁目１５－１６,084-959-3211,医療法人　曉会　谷口　ハートクリニック　理事長　谷口　学,谷口　学,循環器内科　内,,平27. 11. 1,ika
診療所,34,1515996,すわ整形外科スパインスポーツクリニック,福山市多治米町５丁目２３番２９号－１０１,084-982-8769,諏訪　勝保,諏訪　勝保,整外　リハ,,平28. 4. 1,ika
診療所,34,1516002,まつおか耳鼻咽喉科,福山市水呑町三新田二丁目２８番地,084-968-0187,医療法人まつおか耳鼻咽喉科　理事長　松岡　弘,松岡　弘,耳い,,平28. 4. 1,ika
診療所,34,1516010,いしいクリニック,福山市神辺町十三軒屋１３６－３,084-960-5565,医療法人いしいクリニック　理事長　石井　辰明,石井　辰明,外　内　乳腺外科　消化器内科,,平28. 4. 1,ika
診療所,34,1516036,ふくやま北泌尿器科・内科クリニック,福山市御幸町下岩成３３８番地,084-961-3520,菱川　賢,菱川　賢,ひ　内,,平28. 8. 1,ika
診療所,34,1516044,あおばメンタルクリニック,福山市多治米町１－１１－１７,084-981-1250,新田　薫彬,新田　薫彬,精　心内,,平28. 9. 1,ika
病院,34,1516051,医療法人社団生和会　福山リハビリテーション病院,福山市明神町二丁目１５番４１号,084-916-5500,医療法人社団　生和会　理事長　木村　浩彰,秋山　道之進,一般　一般　療養　療養　リハ　内　循環器内科,302,平28. 10. 1,ika
診療所,34,1516069,医療法人　ふじえ　松山内科,福山市藤江町１７２４－１,084-935-7631,医療法人　ふじえ　理事長　松山　善次郎,松山　善次郎,内　脳内　リハ　精,,平28. 11. 1,ika
診療所,34,1516077,太田形成外科クリニック,福山市花園町二丁目６番２８号,084-959-2005,医療法人　太田形成外科クリニック　理事長　太田　壮,太田　壮,形外　美容皮膚科,,平28. 11. 1,ika
診療所,34,1516085,いしい内科・糖尿病クリニック,福山市御船町一丁目９番３号,084-973-2555,石井　啓太,石井　啓太,内　小,,平29. 1. 1,ika
診療所,34,1516101,医療法人社団豊仁会三原医院　みはら眼科みなみざおうクリニック,福山市南蔵王町六丁目２０番１３号,084-940-5556,医療法人社団　豊仁会　三原医院　理事長　三原　研一,松崎　光博,眼,,平29. 1. 16,ika
診療所,34,1516143,もりもと皮膚科クリニック,福山市多治米町５丁目２３番３０号－２０１,084-982-7220,森本　謙一,森本　謙一,皮　アレ　形外　小児皮膚科,,平29. 4. 1,ika
診療所,34,1516150,仁愛内科クリニック,福山市多治米町５丁目２３－３０－２０２,084-981-5017,平櫛　恵太,平櫛　恵太,内　糖尿病内科　腎臓内科　リウ,,平29. 6. 1,ika
診療所,34,1516168,菅眼科,福山市南蔵王町１－１０－１１,084-973-6380,菅　達人,菅　達人,眼,,平29. 8. 1,ika
診療所,34,1516184,医療法人社団　花園医療福祉会　花園クリニック,福山市花園町１丁目３－９,084-932-6303,医療法人社団　花園医療福祉会　理事長　富田　悦朗,富田　悦朗,精　心内　内　外　ひ　婦　皮,,平29. 8. 1,ika
診療所,34,1516192,中山眼科,福山市川口町４丁目２１番３１号,084-954-9000,医療法人櫻馬会　理事長　中山　雅雄,中山　雅雄,眼,,平29. 10. 1,ika
診療所,34,1516200,内海町いちかわ診療所,福山市内海町ロ３５５番地１,084-980-9099,医療法人へき地医療会内海町いちかわ診療所　理事長　市川　勉,竹原　寛樹,内　小　外,,平29. 11. 1,ika
診療所,34,1516218,はまもと内科クリニック,福山市南蔵王町５丁目６番９号,084-943-4976,濱本　博美,濱本　博美,内　他,,平29. 12. 1,ika
診療所,34,1516226,さくら眼科クリニック,福山市伊勢丘六丁目１番２６号,084-948-6366,医療法人康秀会　さくら眼科クリニック　理事長　桒田　秀範,桒田　秀範,眼,,平29. 11. 1,ika
診療所,34,1516234,一般社団法人　福山市医師会　健診センター,福山市三吉町南二丁目１２－２５,084-921-0035,一般社団法人　福山市医師会　会長　西岡　智司,水田　昭文,内　外　婦,,平30. 4. 1,ika
診療所,34,1516267,駅前メディカルクリニック,福山市伏見町１番２１号,084-927-3158,高岡　甫光,高岡　甫光,内　皮　心内　婦　漢方内科　アレ,,平31. 3. 1,ika
診療所,34,1516283,おかの眼科,福山市元町１５－２８　２Ｆ,084-928-8578,医療法人社団仁正会　理事長　岡野　正樹,岡野　正樹,眼,,平31. 2. 27,ika
診療所,34,1516291,みやざわ内科,福山市南蔵王町四丁目１２番２４号,084-999-6002,宮澤　真里,宮澤　真里,消化器内科　内分泌内科　糖尿病内科　内,,令元. 5. 1,ika
診療所,34,1516309,杉原医院,福山市加茂町字上加茂４００－１,084-972-2007,杉原　佳子,杉原　佳子,内,,平31. 3. 23,ika
病院,34,1516317,医療法人財団竹政会　セントラル病院,福山市住吉町１番２６号,084-924-4141,医療法人財団竹政会　理事長　竹政　敏彦,高橋　健治,一般　一般　内　呼内　消化器内科　循環器内科　腎臓内科　糖尿病内科　外　消化器外科　乳腺外科　肛門外科　整外　リハ　麻　放　内分泌外科　ひ,60,平31. 4. 1,ika
診療所,34,1516325,医療法人　えきや外科クリニック,福山市駅家町近田１２１番地,084-976-2222,医療法人えきや外科クリニック　理事長　安藤　正則,安藤　正則,外　内　整外　消化器内科　肛門外科　リハ,,平31. 4. 22,ika
診療所,34,1516333,やすはらこどもクリニック,福山市多治米町１丁目１１－２３,084-953-1152,安原　伸吾,安原　伸吾,小　アレ　新生児内科,,令元. 6. 1,ika
診療所,34,1516341,たなかクリニック,福山市駅家町大字上山守４５０－５,084-999-0155,医療法人　広蔵会　理事長　田中　伸吾,田中　伸吾,形外　皮,,令元. 5. 1,ika
診療所,34,1516358,いまだ内科医院,福山市神辺町大字川北３２４番地１,084-967-5788,今田　貴之,今田　貴之,内　消化器内科,,令元. 7. 1,ika
診療所,34,1516366,みかみホームクリニック,福山市曙町６－７－１５　１階,084-961-3637,三上　佳子,三上　佳子,内　外,,令元. 9. 1,ika
診療所,34,1516374,東福山駅前クリニック,福山市引野町一丁目１９番３０号,084-941-7260,池田　光則,池田　光則,内,,令元. 7. 8,ika
診療所,34,1516382,よしおかホームクリニック,福山市御船町一丁目９番３号,084-927-1219,医療法人　よしおかホームクリニック　理事長　吉岡　孝,吉岡　孝,内　外,,令元. 10. 1,ika
診療所,34,1516390,梅田クリニック,福山市東深津町一丁目１１番１０号,084-983-1600,医療法人　社団　真善会　理事長　梅田　直人,梅田　直人,形外　皮,,令元. 10. 1,ika
診療所,34,1516408,こじょう内科,福山市南手城町一丁目１５番３号,084-932-7680,医療法人淑和会　理事長　古城　研二,古城　研二,内　消化器内科　循環器内科,,令2. 6. 1,ika
診療所,34,1516416,医療法人　徹慈会　東手城クリニック,福山市東手城町１－３－１１,084-940-1180,医療法人　徹慈会　理事長　宇髙　毅,岩嵜　大輔,形外　皮　小　アレ,,令2. 7. 1,ika
病院,34,1516424,医療法人　秀明会　小池病院,福山市光南町１丁目５番２３号,084-932-3511,医療法人秀明会　理事長　小池　英爾,小池　英爾,一般　一般　産　婦　小　麻　歯,54,令2. 7. 7,ika
診療所,34,1516432,広岡整形外科,福山市南手城町１－９－２５,084-926-6200,廣岡　邦彦,廣岡　邦彦,整外　リハ,,令2. 9. 1,ika
診療所,34,1516457,山根こどもクリニック,福山市神辺町川北８９５－４,084-967-5166,山根　淳文,山根　淳文,小　アレ,,令3. 2. 1,ika
診療所,34,1516465,かたおか内科クリニック,福山市山手町二丁目３番１１号,084-951-2111,医療法人社団　片岡内科胃腸科医院　理事長　片岡　和博,片岡　淳朗,内　消化器内科　内視鏡内科　胃腸内科,,令3. 2. 1,ika
診療所,34,1516473,あけぼのペインクリニック,福山市曙町１丁目４－４,084-981-0515,森田　善仁,森田　善仁,ペインクリニック内科　ペインクリニック整形外科　麻,,令3. 4. 1,ika
診療所,34,1516481,ふじさわ内科,福山市北吉津町３－１１－１６,084-925-1060,藤澤　智雄,藤澤　智雄,内　消化器内科　内視鏡内科,,令3. 4. 1,ika
診療所,34,1516499,福山かた・ひざ・こしのクリニック,福山市神辺町大字新湯野７４番地１８,084-967-5013,医療法人かたひざこしのクリニック　理事長　原　道治,原　道治,整外　リハ,,令3. 4. 1,ika
診療所,34,1516507,さとうファミリークリニック,福山市駅家町大字万能倉７８６番地７,084-999-3103,医療法人社団紀曜会　理事長　佐藤　慎太郎,佐藤　慎太郎,内　小　皮,,令3. 4. 1,ika
診療所,34,1516515,石藤クリニック,福山市道三町１－１,084-923-1903,小川　洋介,小川　洋介,脳外　外　整外　内　神内　消化器内科　放,,令3. 5. 1,ika
診療所,34,1516523,田中皮ふ科医院,福山市宝町４－１０,084-925-2279,医療法人広蔵会　理事長　田中　伸吾,田中　章,皮　アレ　形外,,令3. 11. 1,ika
診療所,34,1516531,かめだファミリークリニック,福山市神辺町新湯野４１－５,084-966-3406,亀田　直毅,亀田　直毅,内　循環器内科　アレ　心内　消化器内科　精,,令4. 4. 1,ika
診療所,34,1516556,ちかもり内科医院,福山市曙町５－１９－２３,084-920-2360,医療法人ちかもり内科医院　理事長　近森　正和,近森　正和,内　消化器内科　呼内,,令4. 5. 1,ika
診療所,34,1516564,医療法人　徹慈会　春日クリニック,福山市春日町一丁目７番５号,084-945-2020,医療法人　徹慈会　理事長　宇髙　毅,宇髙　潤,整外　リハ　脳外,,令4. 7. 1,ika
診療所,34,1516572,みよし耳鼻咽喉科,福山市駅家町近田２３４－２みよしクリニック２Ｆ,084-959-3447,三好　綾子,三好　綾子,耳い　アレ,,令5. 1. 1,ika
診療所,34,1516580,みよし内科,福山市駅家町近田２３４－２みよしクリニック１Ｆ,084-983-1159,三好　啓治,三好　啓治,内　呼内　糖尿病内科,,令5. 1. 1,ika
診療所,34,1516606,明神町リハ・整形クリニック,福山市明神町二丁目１４番３号,084-959-5455,清水　弘毅,清水　弘毅,整外　リウ　リハ,,令5. 5. 1,ika
診療所,34,1516622,徳永医院,福山市鞆町鞆９０８番地３,084-983-5050,医療法人むろの木　理事長　徳永　敬,徳永　敬,一般　一般　内　外　ひ,19,令5. 4. 1,ika
診療所,34,1516630,せきもとクリニック,福山市西新涯町２丁目１０－１２,084-959-2416,関本　員裕,関本　員裕,アレ　小　内,,令5. 7. 1,ika
診療所,34,1516648,福山ＲＫクリニック,福山市木之庄町１－１７－１２,084-983-3008,山本　凜子,山本　凜子,皮　婦　精,,令5. 9. 1,ika
診療所,34,1516663,三好眼科　神辺新道上,福山市神辺町新道上３０番地１,084-966-3811,医療法人節和会　理事長　三好　輝行,三好　淳一朗,眼,,令5. 10. 1,ika
診療所,34,1516671,山本クリニック,福山市駅家町坊寺５８－１,084-976-0051,山本　文子,山本　文子,内　糖尿病内科,,令5. 8. 26,ika
診療所,34,1516689,佐長内科クリニック,福山市春日町一丁目２０番３８号,084-945-7785,医療法人　双葉会　理事長　佐長　正則,佐長　正則,内　呼内　消化器内科　アレ　リハ,,令5. 10. 1,ika
診療所,34,1516697,鞆藤井医院,福山市鞆町鞆３２３番地,084-982-2431,医療法人紫苑会　理事長　表　静馬,加藤　至,内　外　形外　整外　美外,,令5. 12. 1,ika
診療所,34,1516705,伊勢丘内科クリニック,福山市伊勢丘三丁目３番１号,084-947-1159,医療法人伊勢丘内科クリニック　理事長　髙尾　和志,髙尾　和志,内　呼内　アレ,,令5. 11. 1,ika
診療所,34,1516713,周治ファミリークリニック,福山市沖野上町６丁目１１－２４,084-999-4477,医療法人幸貞会　理事長　石根　周治,石根　周治,内　外　整外　小　皮　消化器内科　循環器内科　リハ　アレ　美容皮膚科,,令5. 12. 1,ika
病院,34,1516739,福山南病院,福山市水呑町１９４７番地２,084-920-5050,医療法人紫苑会　理事長　表　静馬,多田　龍平,一般　一般　内　消化器内科　循環器内科　肝臓内科　救急科　リハ　外　形外　美外　整外　皮　ひ　美容皮膚科,114,令5. 12. 1,ika
診療所,34,1516747,こいけ内科クリニック,福山市明治町１４－２６,084-922-3017,小池　隆夫,小池　隆夫,内　循環器内科,,令6. 1. 27,ika
診療所,34,1516754,板崎外科整形外科,福山市港町２丁目５－２５,084-923-1076,村岡　博,村岡　博,外　整外　リウ　リハ,,令6. 3. 6,ika
診療所,34,1516762,えびなファミリークリニック,福山市光南町２丁目４－２０,084-922-6561,蛯名　正智,蛯名　正智,内　小　外,,令6. 4. 1,ika
診療所,34,1516770,上田耳鼻咽喉科医院,福山市旭町８番１７号,084-931-1000,医療法人璃醫会　理事長　上田　節夫,上田　節夫,耳い,,令6. 4. 1,ika
診療所,34,1516788,びんご整形外科クリニック,福山市松永町五丁目２０番５号,,医療法人涼風会　理事長　佐藤　透,佐藤　舟,整外　リハ　ペインクリニック内科　外,,令6. 8. 1,ika
診療所,34,1516796,大田トホーニヤ診療所,福山市沖野上町３丁目１２－１６　１階,084-959-4730,大田　浩右,大田　浩右,脳外　神内　麻,,令6. 7. 1,ika
診療所,34,1516804,スリム＆ダイエットクリニック福山,福山市引野町１－２５－１４－１,084-982-9268,川本　定紀,川本　定紀,内,,令6. 7. 1,ika
診療所,34,1516812,しんがい内科・循環器内科　沼南クリニック,福山市新涯町六丁目１１番６号,050-5538-8484,医療法人社団　常仁会　理事長　安原　耕一郎,安原　健太郎,循環器内科　内,,令6. 12. 20,ika
診療所,34,1516820,新市ときながクリニック,福山市新市町大字新市６２８番地２,0847-51-5007,医療法人緑新会　理事長　時永　賢治,時永　賢治,ひ　内,,令6. 10. 1,ika
診療所,34,1516838,循環器・内科　ふじたクリニック,福山市南蔵王町三丁目１７番４５号,084-924-0192,医療法人ＪＮＦ　理事長　藤田　慎平,藤田　慎平,循環器内科　内,,令7. 1. 1,ika
診療所,34,1516846,あおぞら整形外科,福山市新涯町３丁目２２－２３,084-982-5505,川溿　雄大,川溿　雄大,整外　リハ　ペインクリニック外科,,令7. 4. 1,ika
診療所,34,1516853,かんなべ整形外科,福山市神辺町大字川北８９５－１,084-966-8111,医療法人メディカル　理事長　村上　俊太郎,村上　俊太郎,整外　リウ　リハ,,令7. 4. 1,ika
診療所,34,1516861,みつふじ小児科,福山市川口町二丁目２２番６号,084-953-0307,医療法人社団光藤小児科医院　理事長　桜井　一枝,桜井　一枝,小　アレ,,令7. 4. 1,ika
診療所,34,1516879,すまいる仁伍診療所,福山市木之庄町５丁目９番１８号,084-999-2722,医療法人ＲＥＧＩＯＮＯ　理事長　重松　照伸,岡　淳寿,内,,令7. 9. 1,ika
診療所,34,1516887,上田内科,福山市神辺町湯野３７８－１０,084-963-5446,上田　明,上田　明,内　糖尿病内科　消化器内科　循環器内科　呼内,,令7. 6. 1,ika
診療所,34,1516895,井上内科皮膚科クリニック　福山天満屋,福山市元町１－１　８階,084-982-6600,医療法人達磨会　理事長　井上　文之,井上　智敬,内　皮　呼内　消化器内科,,令7. 7. 15,ika
診療所,34,1516911,あをうめクリニック,福山市野上町３－１－２９,084-922-5030,山家　典子,山家　典子,心内　内　精,,令7. 12. 1,ika
診療所,34,1516929,広島生活習慣病・がん健診センター　福山,福山市光南町２丁目１－１,084-999-7222,医療法人社団　ヤマナ会　理事長　山名　二郎,山名　征三,内　呼内　循環器内科　消化器内科　内視鏡内科　婦　放　リウ,,令8. 2. 1,ika
診療所,34,1516937,よしおかホームクリニック松永院,福山市松永町三丁目２１番２７－４号,084-939-7862,医療法人よしおかホームクリニック　理事長　吉岡　孝,靏野　広介,内　外,,令8. 4. 1,ika
診療所,34,1516945,中村産婦人科,福山市御幸町大字森脇１１５番地,084-999-6841,医療法人社団塚本産婦人科内科医院　理事長　中村　一仁,中村　一仁,一般　一般　産婦,12,令8. 5. 1,ika
診療所,34,1516952,しんぞうクリニック,福山市新涯町一丁目２５番３１号,084-971-8833,大田　慎三,大田　慎三,脳外　内　循環器内科,,令8. 5. 1,ika
診療所,34,1516960,つながる診療所・めぐみクリニック,福山市旭町３の１１陸橋ビル２階,084-917-5174,藤原　惠,藤原　惠,内,,令8. 4. 1,ika
診療所,34,1516978,きはら内科クリニック,福山市手城町２丁目８－１９,084-971-2070,木原　久文,木原　久文,内　感染症内科,,令8. 5. 1,ika
診療所,34,1516986,住井内科,福山市新市町大字戸手１６９番地１,0847-40-3030,医療法人社団遼悠会　理事長　住井　賢吾,住井　賢吾,内　消化器内科　糖尿病内科　老年内科　呼内　循環器内科　肝臓内科　アレルギー内科　小,,令8. 4. 11,ika
診療所,34,1710050,医療法人社団　有地医院,府中市府中町６６０番地の３,0847-41-3670,医療法人社団　有地医院　理事長　有地　茂生,有地　茂生,外　放　呼　胃,,平8. 12. 1,ika
診療所,34,1710084,医療法人社団　金光医院,府中市府中町１５－７,0847-41-2938,医療法人社団金光医院　理事長　金光　俊尚,金光　俊尚,内　呼,,平5. 8. 1,ika
診療所,34,1710233,唐川医院,府中市中須町１３９２－２,0847-45-4030,唐川　武典,唐川　武典,内　小,,平12. 1. 1,ika
診療所,34,1710324,中川整形外科医院,府中市中須町７７,0847-52-3033,医療法人社団大樹会　理事長　中川　洋,中川　洋,整外　リハ　リウ　形外　皮,,昭62. 5. 1,ika
診療所,34,1710373,医療法人　佐野内科医院,府中市鵜飼町６９９番地１０,0847-45-5310,医療法人　佐野内科医院　理事長　佐野　敏明,佐野　敏明,内　胃　放,,平20. 4. 1,ika
診療所,34,1710423,楢崎外科医院,府中市元町４２１－７,0847-45-2311,楢崎　靖人,楢崎　靖人,外,,昭48. 8. 1,ika
診療所,34,1710472,渡辺内科医院,府中市府川町１００－１９,0847-45-8637,医療法人社団　千心会　理事長　渡辺　圀武,渡辺　圀武,内　消　小,,平元. 6. 1,ika
診療所,34,1710480,佐々木内科,府中市中須町２８－２,0847-52-6555,医療法人社団緑樹会　理事長　佐々木　伸彌,佐々木　伸彌,内　心内　アレ,,平3. 12. 1,ika
病院,34,1710498,医療法人同仁会　府中中央内科病院,府中市高木町４０２,0847-45-3200,医療法人同仁会　理事長　豊田　容輔,豊田　容輔,一般　内　呼内　消化器内科　糖尿病内科　リウ,,昭59. 5. 1,ika
診療所,34,1710530,小野耳鼻咽喉科医院,府中市中須町８－１,0847-52-7170,医療法人社団孝友会　理事長　小野　保夫,小野　淳二,耳い,,平元. 10. 1,ika
診療所,34,1710555,医療法人社団　慶正会　奥野内科医院,府中市府川町３６８－１,0847-46-3500,医療法人社団慶正会　理事長　奥野　府夫,奥野　府夫,内　消　小　放,,平5. 8. 1,ika
診療所,34,1710563,田中耳鼻咽喉科医院,府中市中須町１６９６－１,0847-45-3387,田中　誠史,田中　誠史,耳い　アレ,,平9. 4. 1,ika
診療所,34,1710571,せおクリニック,府中市栗柄町２２０３－４,0847-40-0246,瀬尾　泰雄,瀬尾　泰雄,外　消胃　内　こう　リハ,,平9. 4. 1,ika
診療所,34,1710589,ほそや内科クリニック,府中市中須町字国府１６９４番地,0847-40-0780,医療法人社団　千和会　理事長　細谷　茂衛,細谷　茂衛,内　消　呼　循　小,,平15. 10. 1,ika
診療所,34,1710597,谷医院,府中市府川町１７１－１,0847-45-1188,谷　秀樹,谷　秀樹,内　循　胃,,平15. 11. 1,ika
病院,34,1710621,府中市立湯が丘病院,府中市上下町矢野１００,0847-62-2238,府中市長　小野　申人,原　浩,精神　精　神,248,平16. 4. 1,ika
診療所,34,1710639,なんば医院,府中市土生町１５７２－２,0847-43-6336,難波　泰樹,難波　泰樹,一般　整外　皮　ひ　形外　リハ　リウ　内,,平17. 4. 1,ika
診療所,34,1710654,黒木整形外科リハビリテーションクリニック,府中市上下町上下２０５２番地１,0847-62-8200,黒木　秀尚,黒木　秀尚,整外　リハ　内,,平21. 4. 1,ika
診療所,34,1710662,川﨑内科医院,府中市高木町字宮ヶ坪１８９－１,0847-44-6001,川﨑　秀孝,川﨑　秀孝,内　他,,平21. 6. 1,ika
診療所,34,1710688,前原皮膚科クリニック,府中市高木町１８６番地,0847-45-5188,医療法人一五会　理事長　前原　潔,前原　潔,皮,,平22. 6. 1,ika
診療所,34,1710696,河野眼科,府中市高木町６０番地１,0847-47-1022,医療法人社団河野眼科　理事長　河野　克仁,河野　克仁,眼,,平22. 11. 1,ika
診療所,34,1710704,社会医療法人社団陽正会　府中みのりクリニック,府中市元町４３－１,0847-45-4572,社会医療法人社団陽正会　理事長　寺岡　謙,周　鉅文,内　整外　リハ,,平23. 4. 1,ika
診療所,34,1710712,和泉医院,府中市府中町１７４,0847-41-2412,和泉　典之,和泉　典之,内,,平23. 10. 1,ika
病院,34,1710720,府中市民病院,府中市鵜飼町５５５番地３,0847-45-3300,地方独立行政法人府中市病院機構　理事長　多田　敦彦,多田　敦彦,一般　療養　内　外　整外　婦　小　耳い　眼　ひ　精　リハ　救急科　麻,100,平24. 4. 1,ika
病院,34,1710738,府中北市民病院,府中市上下町上下２１０１番地,0847-62-2211,地方独立行政法人府中市病院機構　理事長　多田　敦彦,中井　訓治,一般　内　外　整外　婦　小　耳い　皮　ひ　リハ　眼,,平24. 4. 1,ika
診療所,34,1710753,宮下内科医院,府中市元町４５４番地,0847-45-5811,宮下　雄博,宮下　雄博,内,,平26. 2. 4,ika
診療所,34,1710761,ひがき眼科,府中市元町５７６番地９,0847-44-6543,医療法人ひがき眼科　理事長　檜垣　卓夫,檜垣　卓夫,眼,,平26. 11. 1,ika
診療所,34,1710779,やすかわ泌尿器科クリニック,府中市府川町１４０－４,0847-54-2355,安川　明広,安川　明広,ひ,,平29. 4. 1,ika
診療所,34,1710787,河村内科,府中市府中町８３８番地３,0847-47-6300,医療法人　翔帆会　理事長　河村　秀康,河村　秀康,内　胃　小,,平29. 4. 1,ika
診療所,34,1710803,なかはまハートクリニック,府中市高木町６５８－１,0847-46-0810,医療法人なかはまハートクリニック　理事長　中濱　一,中濱　一,循環器内科　内,,令2. 11. 1,ika
診療所,34,1710811,きたむら内科クリニック,府中市府川町１０８番８,0847-45-1088,北村　智樹,北村　智樹,内,,令6. 11. 2,ika
診療所,34,1910015,医療法人社団　近藤医院,三次市四拾貫町１６－２,0824-62-2681,医療法人社団　近藤医院　理事長　近藤　哲司,近藤　哲司,内　小,,平12. 1. 1,ika
診療所,34,1910072,小川眼科,三次市南畑敷町７７番地の１,0824-62-2468,医療法人　輝眸会　理事長　小川　徹郎,小川　徹郎,一般　眼,,平14. 9. 1,ika
診療所,34,1910205,野村内科医院,三次市十日市中２丁目１４－２３,0824-62-2820,医療法人野村内科医院　理事長　野村　俊也,野村　俊也,内　小　リハ　放,,平5. 8. 1,ika
診療所,34,1910213,医療法人社団　岡崎医院,三次市十日市中２丁目１４－３３,0824-63-5307,医療法人社団岡崎医院　理事長　岡崎　哲和,岡崎　哲和,一般　内　胃　外　整外　心外　循　リハ,,平2. 9. 1,ika
診療所,34,1910270,佐竹医院,三次市和知町２８５２－１,0824-66-1013,佐竹　辰男,佐竹　辰男,内　眼,,平19. 2. 21,ika
診療所,34,1910312,医療法人社団ワイ・エス・ケー心和会　重信医院,三次市下志和地町７１０－１２,0824-68-2020,医療法人社団　ワイ・エス・ケー心和会　理事長　重信　和也,重信　和也,内　循　小,,平13. 10. 1,ika
診療所,34,1910387,内科・外科鳴戸医院,三次市十日市中４丁目６－１０,0824-62-3011,医療法人内科・外科鳴戸医院　理事長　鳴戸　謙嗣,鳴戸　謙嗣,一般　内　呼内　消化器内科　循環器内科　外　こう　リハ　放,,平2. 1. 1,ika
病院,34,1910478,医療法人新和会　三次病院,三次市粟屋町１７３１,0824-62-2888,医療法人新和会　理事長　河野　英樹,佐々木　康吏,精神　精　歯,235,昭41. 11. 1,ika
診療所,34,1910486,医療法人源仁会　箕岡内科医院,三次市三次町１９００－１,0824-62-3183,医療法人源仁会箕岡内科医院　理事長　箕岡　康明,箕岡　康明,内　呼　胃　循　小　放,,平2. 8. 1,ika
診療所,34,1910585,加美川クリニック,三次市十日市東１丁目４－１２,0824-62-5537,医療法人社団加美川クリニック　理事長　加美川　誠,加美川　誠,ひ　内　人工透析,,平2. 7. 1,ika
病院,34,1910627,三次地区医療センター,三次市十日市東３－１６－１,0824-62-1103,一般社団法人　三次地区医師会　会長　中西　敏夫,安信　祐治,一般　療養　内　消　循　リハ　放,100,平10. 4. 1,ika
診療所,34,1910643,大倉医院,三次市南畑敷町２２７－１,0824-62-1321,医療法人ともみ会　理事長　大倉　美知男,沼田　紀史,一般　一般　外　内　消化器内科　呼　整外　こう　放,19,昭63. 11. 1,ika
診療所,34,1910650,瀬山備北内科,三次市十日市東４丁目３－７,0824-63-1311,瀬山　進一,瀬山　進一,内　神内　呼　循　皮　アレ　リハ,,昭58. 11. 1,ika
診療所,34,1910676,山田整形外科医院,三次市十日市西６丁目６－１０,0824-63-1000,山田　博隆,山田　博隆,整外　リハ,,昭59. 12. 1,ika
診療所,34,1910692,福原内科胃腸科,三次市十日市東２丁目３－１８,0824-62-2303,医療法人福原内科胃腸科　理事長　福原　一作,福原　一作,内　神内　呼　消　循　小　リハ,,平5. 8. 1,ika
病院,34,1910718,医療法人微風会　ビハーラ花の里病院,三次市山家町６０５－２０,0824-62-7700,医療法人微風会　理事長　田　修,大谷　道倫,療養　脳内　内　歯　放　リハ,290,平6. 7. 1,ika
診療所,34,1910726,医療法人　すざわ小児科,三次市畠敷町１５０３－７,0824-63-2008,医療法人すざわ小児科　理事長　須澤　利文,須澤　利文,小,,平4. 8. 1,ika
診療所,34,1910742,堀川レディースクリニック,三次市十日市西１丁目６－９,0824-63-9412,堀川　正城,堀川　正城,産婦　内,,平6. 9. 1,ika
診療所,34,1910759,いとう内科クリニック,三次市東酒屋町３５４－９,0824-64-8880,医療法人　メディアス　理事長　伊藤　雅啓,伊藤　雅啓,内,,平16. 4. 1,ika
診療所,34,1910767,折田クリニック,三次市江田川之内町１３６３－１,0824-65-3131,医療法人　折田クリニック　理事長　折田　薫三,折田　薫三,内　胃腸内科　外,,平16. 10. 1,ika
診療所,34,1910775,こね森内科医院,三次市十日市東４丁目１－１,0824-65-1071,医療法人　社団　こね森内科医院　理事長　小根森　元,小根森　元,内　消化器内科　循環器内科　呼内,,平16. 10. 1,ika
診療所,34,1910791,三次市国民健康保険川西診療所,三次市三若町２６５５－４,0824-69-2009,三次市長　福岡　誠志,佐竹　辰男,内,,平16. 4. 1,ika
病院,34,1910809,市立三次中央病院,三次市東酒屋町１０５３１番地,0824-65-0101,三次市長　福岡　誠志,立本　直邦,一般　内　消化器内科　消化器外科　循環器内科　呼内　糖尿病・代謝内分泌内科　小　外　整外　脳外　産婦　皮　ひ　耳い　眼　歯外　リハ　放射線治療科　放射線診断科　麻　緩和ケア内科　腎臓内科　リウマチ・膠原病科　血液内科　救急科　病理　乳腺外科　呼外　心外　形外,328,平16. 4. 1,ika
診療所,34,1910817,三次市国民健康保険甲奴診療所,三次市甲奴町本郷６４５－１,0847-67-2101,三次市長　福岡　誠志,重岡　尚也,内,,平16. 4. 1,ika
診療所,34,1910825,三次市国民健康保険君田診療所,三次市君田町東入君７１８－６,0824-53-2020,三次市長　福岡　誠志,黒川　純一,内,,平16. 4. 1,ika
診療所,34,1910866,三次市国民健康保険作木診療所,三次市作木町下作木１５０３,0824-55-3651,三次市長　福岡　誠志,佐古　篤謙,内　小,,平16. 4. 1,ika
診療所,34,1910890,医療法人微風会　三次神経内科クリニック　花の里,三次市十日市東４丁目３－１０,0824-63-0330,医療法人微風会　理事長　田　修,伊藤　聖,脳内　老年内科　内　放　リハ,,平21. 4. 1,ika
診療所,34,1910916,松尾整形外科リハビリクリニック,三次市十日市東４丁目５－７,0824-63-3380,松尾　洋一郎,松尾　洋一郎,整外　リハ　リウ,,平22. 2. 1,ika
診療所,34,1910932,グリーンクリニック,三次市十日市中２丁目３－２３ガーデンハウス１０１,0824-55-6924,福山　耕治,福山　耕治,内,,平23. 5. 10,ika
病院,34,1910957,子鹿医療療育センター,三次市粟屋町１１６６４番地,0824-63-1151,社会福祉法人ともえ会　理事長　添田　龍彦,淀川　良夫,一般　精　神　内　心内　歯　小,,平24. 4. 1,ika
診療所,34,1910965,佐々木医院,三次市三次町１５４２番地６,0824-62-2824,医療法人社団佐々木医院　理事長　佐々木　智,佐々木　智,内　循,,平24. 10. 1,ika
診療所,34,1910981,三次市休日夜間急患センター,三次市十日市東三丁目１６番１号,0824-62-1103,三次市長　福岡　誠志,伊藤　雅啓,内,,平26. 4. 1,ika
診療所,34,1910999,医療法人　ひさゆき耳鼻咽喉科アレルギー科,三次市南畑敷町３３０番１,0824-53-1187,医療法人ひさゆき耳鼻咽喉科アレルギー科　理事長　久行　敦士,久行　敦士,耳い　アレ,,平26. 5. 1,ika
診療所,34,1911005,医療法人碧い颯清水医院,三次市十日市南５丁目９－４５,0824-65-2151,医療法人碧い颯清水医院　理事長　清水　俊彦,清水　俊彦,内　胃腸内科,,平26. 11. 1,ika
診療所,34,1911013,備北眼科,三次市十日市東一丁目１１番５号,0824-62-2610,医療法人社団備北眼科　理事長　栗本　清伸,栗本　清伸,一般　眼,,平27. 11. 1,ika
診療所,34,1911021,谷岡産科・婦人科,三次市三次町１７７８－３,0824-62-2813,谷岡　祥子,谷岡　祥子,産婦,,平30. 7. 10,ika
診療所,34,1911039,三次市国民健康保険みよしこども診療所,三次市十日市東三丁目１４番１号,0824-53-1853,三次市長　福岡　誠志,則松　知章,小,,令5. 4. 1,ika
診療所,34,1911047,三次こばやし眼科,三次市十日市中１－１－１０,0824-62-2250,小林　隆幸,小林　隆幸,眼,,令5. 11. 1,ika
診療所,34,1911054,中村医院,三次市布野町上布野１４８５－１,0824-54-2006,中村　英典,中村　英典,内,,令6. 8. 29,ika
診療所,34,1911062,三次せの泌尿器科,三次市十日市中１丁目１番１０号,0824-69-0080,瀬野　康之,瀬野　康之,ひ,,令7. 5. 1,ika
病院,34,2110011,総合病院庄原赤十字病院,庄原市西本町２丁目７－１０,0824-72-3111,日本赤十字社　社長　清家　篤,鎌田　耕治,一般　一般（感染）　療養　内　消化器内科　腎臓内科　糖尿病内科　循環器内科　脳外　小　外　透析外科　整外　皮　ひ　眼　産婦　耳い　麻　漢方・疼痛緩和内科　放　リハ　神内　呼内　血液内科,207,昭32. 9. 1,ika
診療所,34,2110037,笠間医院,庄原市西本町１丁目２２－３４,0824-72-0535,医療法人社団笠間医院　理事長　笠間　清士,笠間　清士,内,,平2. 9. 1,ika
診療所,34,2110300,毛利内科胃腸科医院,庄原市西本町２丁目１０－６,0824-72-2863,医療法人社団毛利内科胃腸科医院　理事長　毛利　昭生,毛利　昭生,内　胃　循,,平8. 9. 1,ika
診療所,34,2110326,林医院,庄原市三日市町２７２,0824-72-0121,林　充,林　充,内　消　循,,昭56. 11. 1,ika
診療所,34,2110334,戸谷医院,庄原市西本町２丁目１５－３１,0824-72-3131,医療法人社団聖仁会　理事長　戸谷　誠二,戸谷　誠二,内　老年精神科　小,,平2. 10. 1,ika
病院,34,2110359,庄原同仁病院,庄原市川北町字久井田８９０－１,0824-72-7300,医療法人ながえ会　理事長　村尾　文規,村尾　文規,療養　内,,昭63. 11. 1,ika
病院,34,2110383,備北ななつか病院,庄原市七塚町１６１３,0824-75-2070,森永　哲文,花岡　奉憲,療養　内,113,平15. 2. 1,ika
診療所,34,2110391,庄原眼科,庄原市板橋町１６５－６,0824-75-0115,医療法人　庄原眼科　理事長　伊藤　慎二,伊藤　慎二,一般　眼,,平19. 4. 1,ika
診療所,34,2110409,庄原市国民健康保険総領診療所,庄原市総領町下領家７１,0824-88-2611,庄原市長　八谷　恭介,角水　達,内,,平17. 3. 31,ika
病院,34,2110417,庄原市立　西城市民病院,庄原市西城町中野１３３９,0824-82-2611,庄原市長　八谷　恭介,郷力　和明,一般　内　外　整外　婦　精　リハ　放　脳外　歯,,平17. 3. 31,ika
診療所,34,2110425,庄原市口和診療所,庄原市口和町大月５６４－１１,0824-87-2437,庄原市長　八谷　恭介,渡　将史,内　小,,平17. 3. 31,ika
診療所,34,2110433,庄原市高野診療所,庄原市高野町新市１１５０－１,0824-86-3066,庄原市長　木山　耕三,山崎　力,内　外,,平17. 3. 31,ika
診療所,34,2110441,みよしクリニック,庄原市西本町２丁目１５－４７,0824-72-4133,三好　和輝,三好　和輝,心内　内　精,,平17. 4. 1,ika
診療所,34,2110466,三上クリニック,庄原市東城町東城３７５－５,08477-2-1151,三上　昌之,三上　昌之,内　胃　呼　循　アレ　放,,平18. 5. 1,ika
診療所,34,2110508,河本内科クリニック,庄原市板橋町１６４番地４,0824-75-0311,医療法人社団　河本内科クリニック　理事長　河本　邦彦,河本　邦彦,内　消化器内科,,平22. 11. 1,ika
診療所,34,2110516,庄原市休日診療センター,庄原市西本町三丁目４番７号,0824-72-9900,庄原市長　八谷　恭介,毛利　昭生,内,,平25. 4. 1,ika
診療所,34,2110524,むらた皮膚科クリニック,庄原市板橋町１９２－１,08247-4-6611,村田　将,村田　将,皮　アレ,,平28. 5. 1,ika
診療所,34,2110540,児玉医院,庄原市川北町１５８番地２,0824-72-0147,医療法人優心会　理事長　児玉　健一郎,児玉　健一郎,内　外,,平28. 10. 1,ika
診療所,34,2110565,庄原こどもクリニック,庄原市西本町二丁目１２番９号,0824-74-6810,庄原市長　八谷　恭介,金丸　博,小,,平30. 7. 1,ika
診療所,34,2110573,こやま整形外科・内科クリニック,庄原市中本町１丁目７－５,0824-72-3900,小山　晋一,小山　晋一,整外　内　リハ,,平30. 7. 1,ika
診療所,34,2110581,比婆医院,庄原市中本町１丁目３－１渡辺ビル１Ｆ,0824-72-1811,渡　将史,渡　将史,内,,令2. 2. 3,ika
診療所,34,2110599,藤野医院,庄原市東本町１丁目１－１２,0824-72-4646,藤野　豊寿,藤野　豊寿,外　内　整外　理学療法科　肛門外科,,令6. 4. 1,ika
診療所,34,2310017,三菱ケミカル株式会社広島事業所診療所,大竹市御幸町２０－１,0827-52-2696,三菱ケミカル株式会社　代表取締役　筑本　学,真鍋　憲幸,内,,昭46. 4. 1,ika
診療所,34,2310041,医療法人社団　古吉眼科医院,大竹市新町２丁目７－１,0827-52-4707,医療法人社団古吉眼科医院　理事長　古吉　直彦,古吉　直彦,眼,,平13. 3. 1,ika
病院,34,2310272,メープルヒル病院,大竹市玖波５丁目２－１,0827-57-7451,医療法人社団知仁会　理事長　石井　知行,石井　伸弥,精神　療養　内　胃腸内科　呼内　老年内科　リハ　心内　精　歯,296,平元. 12. 1,ika
診療所,34,2310306,医療法人社団　親和会　大和橋医院,大竹市本町２丁目９－４,0827-52-3059,医療法人社団　親和会　理事長　山根　康彦,山根　康彦,内　消　外　放,,平元. 10. 1,ika
診療所,34,2310389,医療法人社団　津村眼科医院,大竹市西栄２丁目１５－１７,0827-52-4856,医療法人社団　津村眼科医院　理事長　津村　清,津村　清,一般　眼,,平元. 10. 1,ika
診療所,34,2310413,医療法人社団　おだ整形外科クリニック,大竹市立戸４－１－１７,0827-52-3236,医療法人社団　おだ整形外科クリニック　理事長　小田　佳史,小田　佳史,整外　リハ,,昭62. 5. 1,ika
診療所,34,2310421,医療法人　佐川内科医院,大竹市玖波２丁目４－２,0827-57-2233,医療法人佐川内科医院　理事長　佐川　広,佐川　広,内　胃　循,,平3. 9. 1,ika
診療所,34,2310538,医療法人社団　いちご会　糸谷整形外科医院,大竹市油見１丁目９－１２,0827-53-1107,医療法人社団　いちご会　理事長　糸谷　富男,糸谷　友志,整外　リハ,,平16. 10. 1,ika
診療所,34,2310553,栗谷診療所,大竹市栗谷町小栗林７２０,0827-56-0260,ひろしま農業協同組合　代表理事組合長　田中　義彦,藤本　佳史,内,,平13. 12. 1,ika
診療所,34,2310561,本町医院,大竹市本町２丁目１５－１７,0827-52-4427,渡辺　正朝,渡辺　正朝,内　消　胃,,平元. 6. 1,ika
診療所,34,2310595,医療法人社団　村上クリニック,大竹市元町１－１１－２,0827-52-1133,医療法人社団　村上クリニック　理事長　村上　博,村上　博,耳い　気食,,平8. 4. 1,ika
診療所,34,2310629,大竹市休日診療所,大竹市立戸２－１－１６,0827-52-0330,大竹市長　入山　欣郎,坪井　和彦,内　小　外,,平7. 10. 1,ika
診療所,34,2310645,立川整形外科リハビリリウマチクリニック,大竹市西栄１丁目１２－１,0827-52-1331,医療法人　立整会　理事長　立川　勝司,立川　勝司,整外　リハ　リウ,,平12. 5. 1,ika
診療所,34,2310652,シルククリニック,大竹市本町１丁目５－６,08275-2-3313,長神　清,長神　清,内　婦,,平10. 10. 1,ika
病院,34,2310660,医療法人社団親和会　やまと病院,大竹市元町１丁目１－５,08275-2-8010,医療法人社団親和会　理事長　山根　康彦,小熊　信夫,療養　内,,平12. 3. 1,ika
診療所,34,2310686,医療法人　阿多田診療所,大竹市阿多田４０３番地の２,0827-53-7061,医療法人阿多田診療所　理事長　桐原　義昌,桐原　義昌,内　外,,平20. 10. 1,ika
診療所,34,2310694,医療法人社団　こうろ皮ふ科,大竹市立戸２丁目６番２６号,0827-52-1112,医療法人社団　こうろ皮ふ科　理事長　高路　修,高路　修,皮　アレ,,平21. 5. 1,ika
診療所,34,2310702,しまだファミリークリニック,大竹市油見三丁目１２番７号,0827-53-3022,医療法人社団嶋田内科胃腸科医院　理事長　嶋田　博光,嶋田　博光,内　小,,平24. 4. 1,ika
診療所,34,2310736,村井内科クリニック,大竹市南栄一丁目６番１５号,0827-52-8138,医療法人村井内科　理事長　村井　齋子,村井　齋子,内,,平27. 6. 1,ika
診療所,34,2310744,だいこく小児科クリニック,大竹市晴海１－４－１３－２Ｆ,0827-57-5225,大黒　一成,大黒　一成,小,,平28. 4. 1,ika
診療所,34,2310769,おおえ内科クリニック,大竹市晴海１－４－１３,0827-35-5552,医療法人　おおえ内科クリニック　理事長　大江　啓常,大江　啓常,内　消化器内科　内視鏡内科,,平28. 12. 1,ika
診療所,34,2310777,山下ケアクリニック,大竹市新町１丁目２－７ＤＥＳＩＧＮ２０２　１０１号室,0827-54-0852,山下　久幾,山下　久幾,内,,平29. 7. 1,ika
診療所,34,2310785,坪井クリニック,大竹市本町一丁目１番１８号,0827-52-8337,医療法人　英眞会　理事長　坪井　和彦,坪井　和彦,内　呼内　消化器内科　アレ,,令2. 4. 1,ika
診療所,34,2310793,ないとうクリニック,大竹市白石１－５－９,0827-52-3063,内藤　温友,内藤　温友,整外　麻,,令3. 5. 1,ika
診療所,34,2310801,大竹中央クリニック,大竹市立戸二丁目５番２号,0827-52-6200,医療法人大竹中央クリニック　理事長　荒田　夕佳,荒田　夕佳,透析,,令6. 4. 1,ika
診療所,34,2310819,医療法人社団いちご会　ゆうみ皮ふ科クリニック,大竹市油見１－９－１２,0827-54-0005,医療法人社団いちご会　理事長　糸谷　富男,頼田　友里,皮,,令8. 6. 1,ika
病院,34,2510046,医療法人社団葵会　本永病院,東広島市西条岡町８－１３,082-423-2666,医療法人社団葵会　理事長　新谷　幸義,高梨　敦,一般　療養　一般　内　神内　消化器内科　循環器内科　外　産婦　リハ　整外,101,昭49. 6. 1,ika
病院,34,2510087,木阪病院,東広島市西条町土与丸１２３５番地,082-421-0800,医療法人社団　博愛会　理事長　木阪　智彦,勇木　清,一般　療養　内　外　消化器内科　循環器内科　肛門外科　神内　リハ　整外　皮　脳外,,平15. 4. 1,ika
診療所,34,2510145,医療法人社団　藤原医院,東広島市高屋町大字桧山４４８－１,082-434-0029,医療法人社団藤原医院　理事長　藤原　寛樹,藤原　寛樹,内　呼　消　循　アレ,,平2. 9. 1,ika
診療所,34,2510202,医療法人　高橋ホームクリニック,東広島市八本松飯田６丁目１６－１２,082-428-0147,医療法人　高橋ホームクリニック　理事長　高橋　宏幸,高橋　宏幸,内　小　呼内　消化器内科,,平16. 4. 1,ika
診療所,34,2510210,医療法人社団　松田医院,東広島市八本松町飯田１０１,082-428-0019,医療法人社団松田医院　理事長　松田　博,松田　博,一般　内　外　産　婦,,平2. 7. 1,ika
診療所,34,2510269,アソカの園武島医院,東広島市西条西本町２５－２９,082-422-2073,医療法人アソカ　理事長　武島　裕爾,武島　裕爾,内　呼　消　神内　アレ　整外　リハ,,平12. 5. 1,ika
病院,34,2510285,医療法人社団　二山会　宗近病院,東広島市西条町大字御薗宇７０３,082-423-2726,医療法人社団　二山会　理事長　大谷　達夫,冨永　春夫,精神　精　神　内,216,平元. 7. 1,ika
診療所,34,2510319,藤井脳神経外科,東広島市西条町馬木２４５,082-425-0211,医療法人　藤井脳神経外科　理事長　藤井　徹,藤井　謙太郎,一般　脳外　神内,,平17. 10. 1,ika
病院,34,2510335,広島県立総合リハビリテーションセンター　医療センター,東広島市西条町大字田口２９５－３,082-425-1455,広島県知事　横田　美香,鈴木　修身,一般　整外　小　耳い　リハ　放　麻　ひ　リウ　内　眼　精　脳内　歯　総合内科,340,昭53. 4. 1,ika
診療所,34,2510368,のだ医院,東広島市西条中央３丁目５－６,082-422-3323,埜田　和之,埜田　和之,整外　内,,平20. 1. 1,ika
診療所,34,2510384,三浦医院,東広島市西条西本町２７－２８,0824-22-3080,三浦　弘之,三浦　弘之,内　呼　消　循　整外　リハ　小,,平13. 11. 10,ika
病院,34,2510392,土肥整形外科病院,東広島市西条町西条東１２８３－２,082-422-2156,医療法人社団慈杏会　理事長　土肥　大右,土肥　慎二郎,一般　療養　整外　リハ　麻　形外,,平8. 7. 1,ika
診療所,34,2510483,医療法人社団恒久会　中前外科・内科クリニック,東広島市西条町助実１８５４－１,082-423-8200,医療法人社団恒久会　理事長　中前　尚久,中前　尚久,内　外　皮　整外　消化器内科　内視鏡科　こう,,平元. 4. 1,ika
診療所,34,2510491,東広島市休日診療所,東広島市西条町土与丸１１１３,082-422-5400,東広島市長　髙垣　德,川口　稔,内　小,,平3. 4. 1,ika
病院,34,2510533,医療法人社団葵会八本松病院,東広島市八本松東３丁目９－３０,082-420-1230,医療法人社団葵会　理事長　新谷　幸義,下野　研一,一般　療養　内　呼内　循環器内科　消化器内科　脳外　外　整外　消化器外科　小　眼　アレ　リハ　放,144,平9. 2. 1,ika
診療所,34,2510574,つまもと眼科,東広島市西条岡町３－２５,082-423-9323,医療法人社団　康貴会　理事長　津間本　裕一,津間本　裕一,眼,,平16. 6. 1,ika
診療所,34,2510715,医療法人社団　白市診療所,東広島市高屋町白市７１６－１,082-434-2020,医療法人社団　白市診療所　理事長　研井　有紀,研井　有紀,内　腎臓内科,,平2. 2. 1,ika
診療所,34,2510731,医療法人社団　竹内耳鼻咽喉科医院,東広島市西条土与丸１丁目３－４０,082-422-3351,医療法人社団　竹内耳鼻咽喉科医院　理事長　竹内　實,竹内　實,耳い　アレ,,平5. 12. 1,ika
診療所,34,2510772,眼科日山医院,東広島市西条町大字西条東１２４３－４,082-423-7555,医療法人社団洞仁会　理事長　日山　愛子,日山　愛子,眼,,平6. 3. 1,ika
診療所,34,2510798,志和医院,東広島市志和町大字七条椛坂１６４３－１,082-433-2228,医療法人　志和医院　理事長　古玉　健,古玉　健,内　小　リハ,,平12. 6. 1,ika
診療所,34,2510806,医療法人　田渕皮膚科医院,東広島市西条御条町４－１９,082-422-7255,医療法人田渕皮膚科医院　理事長　田渕　富張,田渕　富張,皮,,平2. 7. 1,ika
診療所,34,2510822,医療法人社団　造賀信原医院,東広島市高屋町造賀７３７－２,082-436-0100,医療法人社団　造賀信原医院　理事長　氏家　有希,氏家　有希,内　小　整外,,平17. 9. 1,ika
診療所,34,2510855,医療法人社団　数佐整形外科医院,東広島市八本松東７丁目８－１５,082-428-8321,医療法人社団　數佐整形外科医院　理事長　数佐　正邦,数佐　正邦,一般　整外　リハ,,平8. 4. 1,ika
診療所,34,2510863,門沢医院,東広島市西条下見６丁目１０－４,0824-22-0980,門澤　克俊,門澤　克俊,内　小　呼　胃,,平11. 3. 1,ika
診療所,34,2510889,藤原内科医院,東広島市西条町大字御薗宇２４２１－４,0824-22-6262,医療法人藤原内科医院　理事長　藤原　雅親,藤原　雅親,内　消　循　小　リハ,,平6. 3. 1,ika
診療所,34,2510897,坂本クリニック,東広島市高屋町大字杵原９５７－１,082-434-6610,医療法人社団坂本クリニック　理事長　坂本　悟,坂本　悟,内　消　外　放,,平6. 7. 1,ika
診療所,34,2510913,医療法人社団　さえき医院,東広島市志和町志和東１１９９－４,082-433-3733,医療法人社団さえき医院　理事長　佐伯　和利,佐伯　和利,内　外　整外　肛門外科,,平8. 11. 1,ika
診療所,34,2510947,門川内科医院,東広島市高屋町大字小谷２９４４－１０,082-434-6010,門川　康彦,門川　康彦,内　胃　小,,平4. 4. 1,ika
診療所,34,2510954,医療法人社団　なんぶ内科医院,東広島市高屋町大字小谷３２５３－１,082-434-7822,医療法人社団　愛心会　理事長　楠部　滋,楠部　滋,内　呼　胃　小　リハ,,平8. 6. 1,ika
病院,34,2510962,井野口病院,東広島市西条土与丸６丁目１－９１,082-422-3711,社会医療法人千秋会　理事長　井野口　真吾,井藤　久雄,一般　内　呼内　脳内　外　整外　脳外　ひ　リハ　病理　循環器内科　消化器内科　消化器外科　肛門外科,188,平4. 6. 1,ika
診療所,34,2510988,高美ケ丘クリニック,東広島市高屋高美ケ丘４丁目３３－１,0824-34-8110,田渕　水作夫,田渕　水作夫,内　小　皮　放,,平4. 6. 1,ika
診療所,34,2510996,よこやま産婦人科,東広島市高屋町大字中島１６８,082-434-7777,横山　英紀,横山　英紀,産　婦,,平5. 2. 1,ika
診療所,34,2511002,川中医院,東広島市高屋町宮領１０３２,0824-34-0138,川中　武司,川中　武司,内　他　小　小外　皮　アレ,,平5. 5. 1,ika
診療所,34,2511010,医療法人社団あんず会　本田クリニック・東広島胃と腸内視鏡内科,東広島市高屋町大字杵原１２９２－１,082-434-8811,医療法人社団あんず会本田クリニック　理事長　本田　きょう子,本田　きょう子,内　消化器内科　小,,平8. 9. 1,ika
診療所,34,2511036,高美中央クリニック,東広島市高屋高美ケ丘５丁目２－１ハーモニー高美,0824-34-1128,森口　進,森口　進,胃　内　外　小　皮,,平6. 4. 1,ika
診療所,34,2511044,下山記念クリニック,東広島市西条町寺家７４３２－１,082-424-1121,医療法人好縁会　理事長　下山　直登,岩本　拓也,内　消化器内科　胃腸内科　呼内　アレ　糖尿病内科　物忘れ外来　心内　精　内分泌内科　整外　リハ　外　小　脳内　皮　睡眠障害内科,,平9. 4. 1,ika
病院,34,2511051,東広島記念病院,東広島市西条町吉行２２１４番地,0824-23-6661,医療法人　社団　ヤマナ会　理事長　山名　二郎,岩橋　充啓,一般　内　リウ　消化器内科　呼内　循環器内科　アレ　放　婦,,平14. 10. 1,ika
診療所,34,2511077,医療法人　大森整形外科,東広島市西条町大字寺家１６３３,082-423-5885,医療法人　大森整形外科　理事長　大森　啓司,大森　啓司,整外　リハ,,平9. 11. 1,ika
診療所,34,2511093,三木医院,東広島市志和町別府１３２４,082-433-2501,三木　乃慈子,三木　乃慈子,内　小,,平7. 2. 1,ika
診療所,34,2511127,医療法人社団　二階堂眼科,東広島市西条中央３丁目５－３８,082-421-1110,医療法人社団　二階堂眼科　理事長　二階堂　寛俊,二階堂　寛俊,眼,,平10. 4. 1,ika
診療所,34,2511135,医療法人社団　こどもクリニック八本松,東広島市八本松南２丁目４－１５,082-428-1150,医療法人社団　こどもクリニック八本松　理事長　杉原　雄三,杉原　雄三,小　アレ　小外　小児泌尿器科,,平11. 5. 1,ika
診療所,34,2511168,高屋整形外科,東広島市高屋町杵原１７７１－１,082-439-0777,医療法人　千誠会　理事長　中野　壯一郎,中野　壯一郎,整外　リハ,,平11. 4. 1,ika
診療所,34,2511176,医療法人社団　川中皮フ科形成外科,東広島市西条大坪町２－１５,0824-21-2000,医療法人社団　川中皮フ科形成外科　理事長　川中　雄,川中　雄,皮　形外,,平14. 11. 1,ika
診療所,34,2511200,医療法人社団　にしだ眼科医院,東広島市高屋町大字杵原１３４７－８,082-434-7227,医療法人社団　にしだ眼科医院　理事長　西田　洋子,西田　洋子,眼,,平12. 7. 1,ika
診療所,34,2511218,わたなべ耳鼻咽喉科医院,東広島市西条昭和町７－１６,082-421-3633,医療法人　ネット　理事長　渡部　雄二,渡部　雄二,耳い,,平11. 4. 1,ika
診療所,34,2511234,医療法人社団　親心会　小西脳外科内科医院,東広島市高屋町大字造賀２９５７－１,082-430-2020,医療法人社団　親心会　小西脳外科内科医院　理事長　小西　正治,小西　正治,一般　脳外　内,,平13. 10. 1,ika
診療所,34,2511291,医療法人瑠璃光会　山田脳神経外科,東広島市八本松町飯田１１１－１,082-427-1110,医療法人　瑠璃光会　理事長　山田　謙慈,山田　謙慈,脳外　神内　リハ,,平10. 6. 1,ika
病院,34,2511309,西条中央病院,東広島市西条昭和町１２－４０,082-423-3050,医療法人　若葉会　理事長　西垣　秀尊,卜部　祥明,一般　療養　内　消化器内科・消化器外科　呼内　肝臓内科　透析科　外　こう門外科　整外　ひ　リハ　皮　放　麻　腎臓内科,139,平12. 10. 1,ika
診療所,34,2511366,重河眼科　御薗クリニック,東広島市西条町御薗宇４４０５番地,082-493-6111,医療法人社団　康貴会　理事長　津間本　裕一,菊池　敏治,眼,,平12. 12. 1,ika
診療所,34,2511374,医療法人　大和会　西条ときわクリニック,東広島市西条中央５丁目４－１,082-493-5115,医療法人　大和会　理事長　内藤　篤志,内藤　雅子,外　内　消化器内科　肛門外科　乳腺外科　漢方内科　リハ　産婦,,平15. 10. 1,ika
診療所,34,2511382,せきとう内科消化器科クリニック,東広島市西条町御薗宇５４８９－５,0824-93-8551,関藤　雅喜,関藤　雅喜,内　消　小　呼　リハ,,平14. 5. 1,ika
診療所,34,2511408,医療法人社団　まきだクリニック,東広島市高屋町大字中島３１－１７,082-491-1751,医療法人　社団　まきだクリニック　理事長　槇田　隆二,槇田　隆二,内　小　アレ　呼　循　消,,平16. 10. 1,ika
診療所,34,2511440,木阪クリニック,東広島市西条本町１２－２,082-422-2502,医療法人社団　博愛会　理事長　木阪　智彦,木阪　義彦,内　循環器内科　こう　小　皮　美容皮膚科,,平19. 3. 1,ika
診療所,34,2511465,医療法人　わかみやメンタルクリニック,東広島市西条上市町５－５　３Ｄ,082-431-6110,医療法人わかみやメンタルクリニック　理事長　若宮　真也,若宮　真也,心内　精　神内,,平18. 5. 1,ika
診療所,34,2511481,のぞみ整形外科クリニック西条,東広島市西条町助実１１８２－１,082-422-6000,医療法人社団　伯瑛会　理事長　金田　瑛司,貴舩　誠二,整外　リハ　内,,平17. 9. 1,ika
診療所,34,2511499,すぎた皮ふ科アレルギー科,東広島市西条中央７丁目３－４５,082-493-5533,医療法人　康樹会　理事長　杉田　康志,杉田　康志,皮　アレ,,平17. 9. 1,ika
診療所,34,2511507,サンクリニック,東広島市西条町西条東山崎１２８１－５,082-421-2800,医療法人社団　みめぐみ会　理事長　中村　俊平,中村　雄二,内　外　腎臓内科　人工透析内科　糖尿病内科　消化器内科　循環器内科,,平18. 10. 1,ika
診療所,34,2511531,みわこどもクリニック,東広島市西条町西条東１０５１　丸ビル２階,082-431-4555,長坂　美和,長坂　美和,小　アレ,,平16. 6. 1,ika
診療所,34,2511598,葵の園クリニック,東広島市河内町入野７８４１－２,082-420-7272,医療法人社団　葵会　理事長　新谷　幸義,三好　信和,内　外,,平17. 4. 1,ika
診療所,34,2511606,岡本内科消化器科,東広島市黒瀬町兼広１３８,0823-83-1611,医療法人　岡本内科消化器科　理事長　岡本　一馬,岡本　一馬,内　消,,平17. 5. 1,ika
診療所,34,2511614,サザンクリニック,東広島市黒瀬町兼広１３７－８,0823-83-6171,平野　克壽,平野　克壽,内　心内　神　精,,平17. 5. 1,ika
診療所,34,2511655,医療法人　かとう小児科アレルギー科,東広島市西条土与丸５－９－６,082-421-5522,医療法人　かとう小児科アレルギー科　理事長　加藤　恭博,加藤　恭博,小　アレ,,平19. 10. 1,ika
診療所,34,2511671,福島眼科クリニック,東広島市西条土与丸５－９－３３,082-421-4611,福島　伊知郎,福島　伊知郎,眼,,平18. 3. 1,ika
診療所,34,2511697,おの内科クリニック,東広島市安芸津町風早１１１８－１４,0846-46-1213,小野　法久,小野　法久,内　循,,平18. 10. 1,ika
診療所,34,2511721,むぎ耳鼻咽喉科医院,東広島市黒瀬町兼広１４０番地,0823-83-3387,医療法人のぞみ会　理事長　藤原　裕美,藤原　裕美,耳い,,平19. 5. 1,ika
診療所,34,2511762,松林レディースクリニック,東広島市西条町御薗宇４２８１－１,082-493-8600,松林　滋,松林　滋,産　婦　内,,平20. 5. 15,ika
診療所,34,2511788,野村脳神経外科クリニック,東広島市黒瀬町兼広１３７番地,0823-83-1811,医療法人　野村脳神経外科クリニック　理事長　野村　雅之,野村　雅之,脳外　リハ,,平20. 5. 1,ika
診療所,34,2511796,たにぐち脳神経外科クリニック,東広島市西条本町１２番２号　２階,082-421-7888,谷口　栄治,谷口　栄治,脳外　神内,,平21. 2. 1,ika
診療所,34,2511812,東広島整形外科クリニック,東広島市西条町大字御薗宇中組４２８１－１,082-431-3500,医療法人社団　ヤマナ会　理事長　山名　二郎,矢野　勝巳,整外　リウ　リハ,,平22. 7. 1,ika
診療所,34,2511838,悠心療内科,東広島市西条本町１２番２号木阪クリニックビル３階,082-493-7737,島﨑　悠子,島﨑　悠子,心内　精　内,,平22. 10. 1,ika
診療所,34,2511846,高屋よろず内科クリニック,東広島市高屋町杵原１８２６番１,082-491-0028,伊東　龍也,伊東　龍也,内　消化器内科　呼内　糖尿病内科　漢方内科,,平23. 4. 1,ika
診療所,34,2511853,こまざわ小児科,東広島市西条町寺家７３７７番地,082-493-6566,医療法人　こまざわ小児科　理事長　駒澤　克孝,駒澤　克孝,小　アレ,,平23. 5. 1,ika
診療所,34,2511887,広大前皮ふ科内科,東広島市西条町下見４４７１番地２マンション香月１０３,082-493-5650,医療法人社団康知会　理事長　澤木　知子,澤木　知子,皮　内　形外,,平23. 10. 1,ika
診療所,34,2511929,マイクリニック,東広島市八本松東三丁目３１番２６号,082-497-3232,医療法人ＭｙＣｌｉｎｉｃ　理事長　入江　秀明,入江　秀明,内　外　胃腸内科　循環器内科　リハ,,平24. 11. 1,ika
診療所,34,2511937,四季の心クリニック,東広島市西条町御薗宇６０３５,082-421-8848,佐藤　幸夫,佐藤　幸夫,心内　内　精,,平25. 4. 1,ika
診療所,34,2511960,サンクリニックみなが,東広島市西条町下三永字向原１０３５４番地１,082-420-6780,医療法人社団みめぐみ会　理事長　中村　俊平,中村　俊平,一般　内　腎臓内科　人工透析内科　糖尿病内科,,平25. 12. 1,ika
診療所,34,2511994,友安クリニック,東広島市西条町寺家字前谷１３１９番１,082-422-1900,医療法人　友安会　理事長　友安　敏博,友安　敏博,内　外　リハ,,平26. 7. 1,ika
診療所,34,2512000,加藤耳鼻咽喉科,東広島市高屋町杵原１１３５－２,082-439-3387,医療法人ひまわり會　理事長　加藤　隆紹,加藤　隆紹,耳い　気食　アレ,,平27. 1. 1,ika
診療所,34,2512018,神田医院,東広島市安芸津町風早１５２２番地,0846-45-0039,炭田　澤子,炭田　澤子,内　小,,平27. 6. 4,ika
診療所,34,2512026,ファミリークリニック森のくまさん,東広島市高屋町大畠４９９番１８号,082-491-1875,医療法人智永会　理事長　高野　政彦,高野　政彦,脳内　心内　内　小　皮　アレ　リハ　神内　糖尿病内科　精,,平28. 6. 1,ika
診療所,34,2512034,みやわき耳鼻咽喉科クリニック,東広島市西条本町１２番２号２階,082-421-8741,医療法人　みやわき耳鼻咽喉科クリニック　理事長　宮脇　浩紀,宮脇　浩紀,耳い　気食　アレ,,平28. 8. 1,ika
診療所,34,2512042,かわはらこどもクリニック,東広島市西条中央７丁目３－４５Ｊランドビル,082-493-8882,川原　竜司,川原　竜司,小,,平28. 10. 1,ika
診療所,34,2512059,おかべ皮ふ科,東広島市西条本町１２－２木阪クリニックビル２Ｆ,082-421-5112,岡部　勉,岡部　勉,皮　アレ,,平28. 10. 3,ika
診療所,34,2512109,寺家内科クリニック,東広島市西条町寺家６６２１番地１,082-493-8555,医療法人社団　寺家内科クリニック　理事長　松原　賢治,松原　賢治,内　消化器内科　胃腸内科,,平29. 4. 1,ika
診療所,34,2512117,福富内科外科医院,東広島市福富町久芳１５３９番地２７,082-430-1101,医療法人　福富内科外科医院　理事長　市場　康之,市場　康之,内　外　整外　小,,平29. 5. 1,ika
診療所,34,2512133,いとう内科外科クリニック,東広島市安芸津町三津４２０９－９,0846-46-1122,医療法人坂本会　理事長　坂本　智則,河野　博光,内　外,,平29. 9. 1,ika
診療所,34,2512158,西条心療クリニック,東広島市西条西本町２８番３０号,082-421-1480,医療法人三永会　理事長　岩本　泰行,岩本　泰行,心内　精　神内,,平30. 2. 3,ika
診療所,34,2512166,のぞみ整形外科クリニック寺家,東広島市西条町寺家４７２０,082-424-0009,医療法人社団　伯瑛会　理事長　金田　瑛司,岡　伸一,整外　リハ,,平30. 4. 1,ika
診療所,34,2512174,うたのはら整形外科クリニック,東広島市西条町寺家５２８４番地１,082-493-8130,医療法人社団成和会　理事長　歌野原　慎一,歌野原　慎一,整外　リハ,,平30. 4. 16,ika
診療所,34,2512182,佐々木医院,東広島市八本松町原６７６９,082-429-0255,佐々木　正太,佐々木　正太,内　他　呼内,,平30. 4. 1,ika
診療所,34,2512190,そね内科クリニック,東広島市西条町御薗宇４２８１－１東広島クリニックビル１階,082-426-6855,曽根　岐仁,曽根　岐仁,内　循,,平30. 5. 1,ika
診療所,34,2512216,ゆかわ脳神経外科クリニック,東広島市西条土与丸五丁目９番３４号,082-493-6177,医療法人　ゆかわ脳神経外科クリニック　理事長　湯川　修,湯川　修,脳外　脳内　内,,平30. 4. 1,ika
診療所,34,2512224,川口内科クリニック,東広島市西条中央七丁目１番１７号,082-422-3518,医療法人川口内科クリニック　理事長　川口　稔,川口　稔,内　消化器内科　呼吸器内科　循環器内科,,平30. 5. 1,ika
病院,34,2512232,ＡＯＩ広島病院,東広島市河内町入野７９０７番地２,082-420-7000,医療法人社団　葵会　理事長　新谷　幸義,春田　道雄,精神　精神　精神　精神　精　内,200,平30. 6. 1,ika
診療所,34,2512240,虹の子どもクリニック,東広島市西条町寺家５０２２番１,082-426-6600,河野　政樹,河野　政樹,児童精神科　小　リハ,,令元. 5. 1,ika
診療所,34,2512257,おおくぼ耳鼻咽喉科クリニック,東広島市寺家駅前１４番１７－２０２号,082-493-5556,医療法人　ＯＫＵＢＯ　ＥＮＴ　ＣＬＩＮＩＣ　理事長　大久保　剛,大久保　剛,耳い,,令元. 5. 1,ika
診療所,34,2512265,いまじょうクリニック,東広島市高屋町檜山７９－１,082-426-6830,医療法人　いまじょうクリニック　理事長　今城　雅彦,今城　雅彦,内　産　婦,,令元. 5. 1,ika
診療所,34,2512273,じあん眼科,東広島市黒瀬町兼広１０番地１,0823-27-6888,医療法人つるが眼科　理事長　敦賀　孝典,地庵　浩司,眼,,令元. 7. 1,ika
診療所,34,2512281,かなたクリニック,東広島市西条町御薗宇２０４９－１,082-493-7451,金田　周,金田　周,精　心内,,令2. 3. 2,ika
診療所,34,2512307,じけ駅前内科・糖尿病内科クリニック,東広島市寺家駅前１４番１７号３０１,082-493-5566,医療法人じけ駅前内科・糖尿病内科クリニック　理事長　小田　賀明,小田　賀明,内　代謝内科　内分泌内科　糖尿病内科,,令2. 10. 1,ika
診療所,34,2512315,こばやし整形外科クリニック,東広島市黒瀬町楢原７８８番地１,0823-83-0101,医療法人Ｋ＆Ｃｌｏｖｅｒ　理事長　小林　健二,小林　健二,整外　リハ,,令2. 11. 1,ika
診療所,34,2512323,東広島中央クリニック　消化器内科・内視鏡内科,東広島市西条町御薗宇８５３７番地１,082-426-6883,医療法人宥善会前田医院　理事長　佐々木　政敏,石垣　尚志,内　消化器内科,,令3. 4. 1,ika
診療所,34,2512331,にぐま皮ふ科クリニック,東広島市寺家駅前１４番１７号,082-431-4112,医療法人にぐま皮ふ科クリニック　理事長　仁熊　利之,仁熊　利之,皮,,令3. 6. 1,ika
診療所,34,2512356,ますもと乳腺クリニック,東広島市西条本町１２－２木阪クリニックビル３Ｆ,082-424-2633,舛本　法生,舛本　法生,乳腺外科　外,,令4. 5. 1,ika
診療所,34,2512364,原クリニック東広島,東広島市西条栄町２－２３,082-423-2332,医療法人ＭＫＴ　理事長　原　幹,原　幹,内　循環器内科　糖尿病内科　脂質代謝内科　心臓内科,,令4. 6. 1,ika
診療所,34,2512380,ないとう内科・糖尿病クリニック,東広島市八本松南２－２－８　２階,082-437-3110,野村　麻依子,野村　麻依子,内　糖尿病内科,,令5. 5. 1,ika
診療所,34,2512398,かじわら内科循環器内科,東広島市西条町田口２７２１番地２,082-420-2225,医療法人かじわら内科循環器内科　理事長　梶原　真二,梶原　真二,内　循環器内科,,令5. 10. 1,ika
診療所,34,2512414,となりのクリニック,東広島市西条町馬木４５８,082-437-3015,梶原　賢太,梶原　賢太,内　循環器内科,,令6. 5. 1,ika
診療所,34,2512422,久芳診療所,東広島市福富町久芳３７９７－１,082-435-2345,氏家　一尋,氏家　一尋,内　小,,令6. 4. 1,ika
診療所,34,2512430,戸田眼科　東広島クリニック,東広島市寺家駅前１３番３５号,082-423-5530,医療法人戸田眼科　理事長　戸田　利絵,戸田　利絵,眼,,令6. 5. 1,ika
診療所,34,2512448,はらだ眼科,東広島市西条町助実１１７２オールファーマシータウン×占部産婦人科２Ｆ,082-490-5660,原田　陽介,原田　陽介,眼,,令6. 10. 2,ika
診療所,34,2512455,おかざき泌尿器科,東広島市西条町助実１０６３番地１,082-431-3876,医療法人おかざき泌尿器科　理事長　岡崎　敏也,岡﨑　敏也,ひ,,令6. 9. 18,ika
病院,34,2512463,県立安芸津病院,東広島市安芸津町三津４３８８番地,0846-45-0055,地方独立行政法人広島県立病院機構　理事長　粟井　和夫,後藤　俊彦,一般　一般　内　外　整外　小　婦　皮　ひ　眼　耳い　リハ　放　緩和ケア外科,98,令7. 4. 1,ika
診療所,34,2512471,本城内科小児科,東広島市西条中央８－３－３,082-422-6744,本城　総一郎,本城　総一郎,内　小　外　消,,令7. 8. 1,ika
診療所,34,2512489,占部産婦人科,東広島市西条町助実１１７２番地,082-431-4103,医療法人武清会　理事長　占部　智,占部　智,一般　一般　産婦　麻,16,令7. 12. 1,ika
診療所,34,2512497,みわた消化器内科・内視鏡クリニック,東広島市西条町助実１２１６－２,082-423-2917,實綿　倫宏,實綿　倫宏,消化器内科　内視鏡内科　内,,令8. 5. 1,ika
診療所,34,2512505,ぽんぽこクリニック　小児科・アレルギー科,東広島市西条町助実１２１６－２,082-423-8858,樋口　公章,樋口　公章,小　アレ,,令8. 5. 1,ika
診療所,34,2512513,なかた内科医院,東広島市八本松南５丁目９番１４号,082-497-3077,医療法人嘉祥会　理事長　中田　嘉夫,中田　嘉夫,内,,令8. 4. 1,ika
診療所,34,2512521,西条すこやか内科,東広島市西条町助実１１７２番地３階,082-437-5959,医療法人恭正会　理事長　奥本　穣,奥本　穣,内　呼内　アレ,,令8. 4. 1,ika
診療所,34,2512539,くぼにし小児科・内科クリニック,東広島市西条町大沢９８－１,082-420-2222,久保西　四郎,久保西　四郎,内　小　アレ,,令8. 5. 1,ika
病院,34,2710018,広島県厚生農業協同組合連合会　広島総合病院,廿日市市地御前１丁目３－３,0829-36-3111,広島県厚生農業協同組合連合会　代表理事理事長　豊田　達之,石田　和史,一般　内　循環器内科　呼内　消化器内科　内視鏡内科　肝臓内科　膵・胆道内科　食道・胃腸内科　腎臓内科　糖尿病・代謝内科　リウマチ・膠原病科　緩和ケア内科　化学療法内科　脳内　精　心内　小児科　小児アレルギー科　外　消化管外科　肝・胆・膵外科　乳腺外科　整外　脳外　呼外　心外　皮　ひ　産婦　眼　耳い　リハ　麻　救急科　腹部救急科　脳血管救急科　心臓血管救急科　放射線科　放射線治療科　放射線診断科　歯外　形外　病理,460,昭50. 10. 31,ika
診療所,34,2710034,勝谷医院,廿日市市本町７－３９,0829-31-0350,医療法人社団一紀会　理事長　勝谷　一則,勝谷　一則,内　消　循　小　放,,平5. 2. 1,ika
診療所,34,2710059,医療法人薫風会　田辺医院,廿日市市駅前１１－３,0829-32-1135,医療法人薫風会　理事長　田邉　賢,田邉　賢,内　呼　消　循　小　放　アレ,,平6. 7. 1,ika
診療所,34,2710083,長谷川医院,廿日市市廿日市１丁目７－５,0829-31-0744,医療法人　長谷川医院　理事長　長谷川　博司,長谷川　博司,内　呼　胃　循　リハ,,平6. 9. 1,ika
診療所,34,2710109,勝谷・小笠原クリニック,廿日市市地御前２丁目１０－２２,0829-36-0262,医療法人地御前勝谷医院　理事長　小笠原　英敬,小笠原　英敬,内　脳外,,平9. 3. 1,ika
診療所,34,2710125,医療法人社団　江川レディースクリニック,廿日市市本町５－１８,0829-31-0461,医療法人社団江川レディースクリニック　理事長　江川　健士,江川　健士,一般　産　婦,,平8. 3. 1,ika
診療所,34,2710141,石田眼科医院,廿日市市住吉１丁目４－１５,0829-31-0850,石田　尚史,石田　尚史,眼,,昭54. 3. 22,ika
診療所,34,2710166,亀田医院,廿日市市宮内１５０９,0829-39-2351,亀田　節,亀田　節,内　消,,平9. 3. 4,ika
診療所,34,2710232,医療法人社団　内藤内科医院,廿日市市佐方４丁目８－３１,0829-32-8626,医療法人社団　内藤内科医院　理事長　内藤　正司,内藤　正司,内　脳内　循環器内科　胃腸内科　糖尿病内科,,平12. 9. 1,ika
診療所,34,2710240,小山整形外科医院,廿日市市大東１－５,0829-32-5100,小山　幹夫,小山　幹夫,整外　リハ,,平20. 10. 1,ika
診療所,34,2710331,村上内科医院,廿日市市阿品台１丁目１２－２８,0829-39-1666,村上　誠治,村上　誠治,内　循,,昭58. 1. 1,ika
診療所,34,2710349,きむら内科・小児科医院,廿日市市阿品台４丁目１７－３１,0829-39-2238,医療法人ピー・エイチ・イー　理事長　木村　真大,木村　真大,内　消胃　小　リハ　放,,平4. 7. 1,ika
診療所,34,2710398,今田眼科医院,廿日市市阿品台４丁目１－１４,0829-38-1771,今田　直基,今田　直基,眼,,昭61. 11. 1,ika
診療所,34,2710406,井村眼科医院,廿日市市天神５－１２,0829-32-7500,井村　卓雄,井村　卓雄,眼,,平9. 2. 1,ika
病院,34,2710430,医療法人あかね会　阿品土谷病院,廿日市市阿品４丁目５１－１,0829-36-5050,医療法人あかね会　理事長　土谷　治子,高橋　忠照,療養　内　循　外　リハ　放,214,昭62. 9. 1,ika
診療所,34,2710455,中尾医院,廿日市市天神２－１７,0829-32-2255,中尾　精治,中尾　精治,内　糖尿病内科　循　消化器内科,,昭62. 10. 1,ika
診療所,34,2710463,半明内科クリニック,廿日市市宮内４－１０－２３,0829-39-0111,医療法人社団晃和会　理事長　半明　晃二,半明　晃二,内　呼　胃　循　アレ　リハ　リウマチ・膠原病科,,平3. 5. 1,ika
病院,34,2710513,廿日市野村病院,廿日市市宮内字佐原田４２０９－２,0829-38-2111,医療法人　みやうち　理事長　野村　陽平,好川　基大,一般　療養　内　呼内　消化器内科　神内　心内　精　リハ　放,,平4. 9. 1,ika
診療所,34,2710521,せいこう胃腸科・外科医院,廿日市市佐方５６２－２,0829-32-0070,清光　六郎,清光　六郎,外　内　肛門外科　リハ,,平2. 7. 1,ika
診療所,34,2710547,医療法人社団　仁愛内科医院,廿日市市地御前３丁目１８－９,0829-36-3100,医療法人社団　仁愛内科医院　理事長　今川　勝,今川　宏樹,内　消化器内科　循環器内科　内視鏡内科,,平7. 6. 1,ika
診療所,34,2710562,石橋クリニック,廿日市市串戸１丁目９－４１－２,0829-32-5206,石橋　不可止,石橋　不可止,内,,平11. 11. 1,ika
診療所,34,2710570,小林内科泌尿器科医院,廿日市市宮園３丁目１－１,0829-38-5150,小林　勲勇,小林　勲勇,内　ひ,,平3. 6. 1,ika
診療所,34,2710604,かぎもと内科・皮フ科・形成外科,廿日市市廿日市２丁目７－２６,0829-31-3831,鍵本　正明,鍵本　正明,皮　内　形外　消化器内科　美容皮膚科,,平5. 12. 1,ika
診療所,34,2710620,四季が丘クリニック,廿日市市四季が丘５丁目１３－７,0829-39-5005,奥　純一,奥　純一,内　消　外　胃　アレ,,平19. 9. 1,ika
診療所,34,2710646,なかごう内科,廿日市市上平良字伴丈木１４４－１,0829-38-2210,中郷　実雄,中郷　実雄,内　消　皮　リハ,,平6. 8. 1,ika
診療所,34,2710661,医療法人社団裕仁会　斉藤脳外科クリニック,廿日市市串戸２丁目１７－５,0829-20-1212,医療法人社団裕仁会　斉藤脳外科クリニック　理事長　斉藤　裕次,斉藤　裕次,脳外　神内　内　精　リハ,,平12. 4. 1,ika
診療所,34,2710679,医療法人社団　小池皮フ科医院,廿日市市宮内字北山１０５７番地１,0829-39-2030,医療法人社団　小池皮フ科医院　理事長　小池　俊一,小池　俊一,皮,,平14. 5. 1,ika
診療所,34,2710695,たなべ小児科,廿日市市平良山手１１－１１,0829-20-1234,田辺　道子,田辺　道子,小,,平8. 12. 1,ika
診療所,34,2710703,じごぜんクリニック,廿日市市地御前３丁目１６－２０,0829-20-3355,金広　啓一,金広　啓一,循　内　呼　アレ　外　消　リハ,,平11. 7. 1,ika
診療所,34,2710729,松田整形外科,廿日市市串戸２－１７－４,0829-34-1800,松田　了聡,松田　了聡,整外,,平12. 4. 1,ika
診療所,34,2710737,佐藤皮ふ科クリニック,廿日市市串戸２－１７－４,0829-34-3400,佐藤　茂樹,佐藤　茂樹,皮,,平19. 7. 19,ika
診療所,34,2710745,あまのクリニック,廿日市市串戸５丁目１－３７,0829-31-5151,医療法人ハートフル　理事長　福田　純子,福田　裕恭,心内　内　精　リハ　小,,平12. 4. 1,ika
病院,34,2710752,廿日市記念病院,廿日市市陽光台５丁目１２,0829-20-2300,社会医療法人　清風会　理事長　向田　一敏,茶木　隆寛,一般　療養　脳外　内　外　呼内　リハ　循環器内科　整外,,平12. 6. 1,ika
診療所,34,2710810,医療法人　玉川クリニック,廿日市市宮内４３１１－５,0829-37-2111,医療法人　玉川クリニック　理事長　玉川　孝太郎,玉川　孝太郎,内　アレ　呼,,平18. 5. 1,ika
診療所,34,2710828,かとうレディースクリニック,廿日市市阿品３丁目１－６,0829-36-0135,加藤　浩二,加藤　浩二,婦　産,,平16. 8. 1,ika
診療所,34,2710836,しげの整形外科スポーツクリニック,廿日市市阿品３丁目１－６,0829-20-3333,医療法人社団　重野クリニック　理事長　岡　徹,岡　徹,整外　リハ　リウ,,平18. 4. 1,ika
診療所,34,2710851,アイビー眼科,廿日市市宮内４３１１－５,0829-37-3030,医療法人社団　アイビー眼科　理事長　田中　民江,田中　民江,眼,,平20. 4. 1,ika
診療所,34,2710877,むつかど内科呼吸器科,廿日市市阿品３－１－６,0829-36-2100,陸門　靖,陸門　靖,内　呼　循　リウ,,平17. 4. 1,ika
診療所,34,2710885,河村小児科,廿日市市上平良３５８－１,0829-37-4153,河村　隆,河村　隆,小,,平17. 10. 1,ika
診療所,34,2710893,ひらた耳鼻咽喉科アレルギー科,廿日市市天神１２－７クレアーレヴェント天神ビル２Ｆ,0829-34-3828,平田　思,平田　思,耳い　アレ,,平17. 12. 1,ika
診療所,34,2710927,網本内科消化器科医院,廿日市市平良２丁目１０－３７,0829-34-3434,網本　達也,網本　達也,内　消,,平18. 11. 1,ika
病院,34,2710935,社会福祉法人　三篠会　重症児・者福祉医療施設　原,廿日市市原９２６番地の１,0829-38-3333,社会福祉法人　三篠会　理事長　酒井　亮介,中畠　千恵子,一般　小　内,,平19. 4. 1,ika
診療所,34,2710976,みたに泌尿器科クリニック,廿日市市下平良１丁目３－３６,0829-31-5000,三谷　信二,三谷　信二,ひ,,平20. 6. 1,ika
診療所,34,2710984,えだひろ内科成人病クリニック,廿日市市下平良１丁目３－３６有信廿日市ビル３０２,0829-31-1700,枝　徹,枝　徹,外　内　リハ　麻　消化器内科（内視鏡）　脂質代謝内科　乳腺外科　血管外科　肛門外科,,平20. 7. 8,ika
診療所,34,2710992,ふじかわ心療内科クリニック,廿日市市下平良１丁目３－３６－２０１,0829-34-0035,藤川　徳美,藤川　徳美,心内　神内　精,,平20. 10. 1,ika
診療所,34,2711016,かめよし皮ふ科・アレルギー科,廿日市市阿品三丁目１番６号,0829-36-1239,亀好　良一,亀好　良一,皮　アレ,,平21. 4. 22,ika
診療所,34,2711032,わき小児科医院,廿日市市下平良１丁目３－３６有信廿日市ビル３階,0829-34-0207,脇　千明,脇　千明,小,,平21. 5. 11,ika
診療所,34,2711065,八幡クリニック,廿日市市串戸４丁目１３番２４号,0829-32-8118,八幡　浩,八幡　浩,内　外　リハ　消化器外科,,平22. 4. 1,ika
診療所,34,2711073,医療法人社団　清流会　双樹クリニック,廿日市市新宮二丁目１番１５号,0829-34-3555,医療法人社団　清流会　理事長　永井　賢一,永井　巧雄,一般　内　リハ,,平23. 1. 1,ika
診療所,34,2711123,医療法人　たに内科クリニック,廿日市市地御前１丁目２－２２,0829-20-3711,医療法人　たに内科クリニック　理事長　谷　洋,谷　洋,内　消化器内科,,平24. 4. 1,ika
診療所,34,2711131,宮島クリニック,廿日市市宮島町１１８５－１,0829-44-1770,医療法人宮島クリニック　理事長　尾形　徹,尾形　徹,内　外,,平24. 5. 1,ika
診療所,34,2711198,広島生活習慣病・がん健診所大野,廿日市市大野字早時３４０６－５,0829-56-5505,医療法人社団ヤマナ会　理事長　山名　二郎,佐伯　正弦,内　呼内　婦　放　リウ　循環器内科　消化器内科　内視鏡内科,,平27. 3. 1,ika
診療所,34,2711206,あわや内科クリニック,廿日市市佐方４丁目４番１３号,0829-34-0288,医療法人あわや内科クリニック　理事長　粟屋　浩一,粟屋　浩一,内　呼内　アレ　リハ　小　循環器内科　消化器内科,,平27. 4. 1,ika
診療所,34,2711230,医療法人ハンス　宮内総合クリニック,廿日市市宮内三丁目５番３２号,0829-37-1188,医療法人ハンス　理事長　長井　敏弘,内海　兆郎,整外　内　外　リハ　麻　心内　精　脳内,,平27. 10. 7,ika
診療所,34,2711248,松浦内科医院,廿日市市新宮一丁目１３番２４号,0829-31-0752,医療法人松浦内科医院　理事長　松浦　渉,松浦　渉,内　循,,平27. 10. 1,ika
診療所,34,2711255,医療法人　廿日市松本クリニック,廿日市市福面三丁目１番２０号,0829-56-4530,医療法人廿日市松本クリニック　理事長　松本　春樹,松本　春樹,内　消化器内科　麻,,平27. 11. 1,ika
診療所,34,2711263,にこにこクリニック,廿日市市大野７３２番地３,0829-56-4752,加藤　礼子,加藤　礼子,内　放　小,,平27. 12. 1,ika
診療所,34,2711271,串戸心療クリニック,廿日市市串戸四丁目２番１６号,0829-30-6014,医療法人社団友和会　理事長　末田　格,青森　和俊,心内　精　内,,平28. 1. 1,ika
診療所,34,2711289,みずの耳鼻咽喉科,廿日市市串戸四丁目１４番１４号２階,0829-34-3110,医療法人なごみ会　理事長　水野　一志,水野　一志,耳い,,平28. 6. 1,ika
診療所,34,2711297,大野キッズ・ファミリークリニック,廿日市市大野中央五丁目１番４３号,0829-55-3021,医療法人大野キッズ・ファミリークリニック　理事長　田邊　誉広,田邊　誉広,小　アレ,,平28. 6. 1,ika
診療所,34,2711305,大野東クリニック,廿日市市大野下更地１８０９－９,0829-56-1121,医療法人社団　清逸会　理事長　日地　正典,日地　正典,脳内　内　老年内科　リハ,,平29. 4. 1,ika
診療所,34,2711313,廿日市市吉和診療所,廿日市市吉和１７７１番地１,0829-77-2780,廿日市市長　松本　太郎,吉川　仁,内　歯,,平29. 4. 1,ika
診療所,34,2711321,はつかいち乳腺クリニック,廿日市市串戸４丁目１４－１４,0829-34-1001,川渕　義治,川渕　義治,乳腺外科,,平30. 4. 1,ika
診療所,34,2711339,田口脳心臓血管クリニック,廿日市市阿品三丁目２番１８号,0829-30-7788,医療法人　田口脳心臓血管クリニック　理事長　田口　隆浩,田口　隆浩,脳外　心外　循環器内科　神内　内　外,,平30. 4. 1,ika
診療所,34,2711347,宮河小児科医院,廿日市市本町５番１２号,0829-31-1703,医療法人宮河小児科医院　理事長　宮河　真一郎,宮河　真一郎,小,,平30. 5. 1,ika
診療所,34,2711354,かわごえクリニック,廿日市市宮内三丁目１番２７号,0829-37-3859,医療法人　健靱　理事長　河越　宏之,河越　宏之,整外　リハ,,平30. 10. 1,ika
診療所,34,2711370,令和アイクリニック,廿日市市串戸二丁目２０番１号,0829-34-1750,桂　真理,桂　真理,眼,,令元. 6. 1,ika
診療所,34,2711396,平田内科小児科医院,廿日市市阿品台四丁目１番２６号,0829-39-1155,医療法人　天　理事長　平田　優子,平田　優子,内　小　皮　放,,令2. 4. 1,ika
診療所,34,2711404,くろさきクリニック,廿日市市大野中央５丁目１－４３大野メディカルビル３Ｆ,0829-30-6805,黒崎　達也,黒崎　達也,内　外　血管外科,,令2. 11. 1,ika
診療所,34,2711412,わたなべ眼科,廿日市市宮内四丁目１１番１６号,0829-38-1233,医療法人　わたなべ眼科　理事長　渡邊　渉,渡邊　渉,眼,,令2. 10. 1,ika
診療所,34,2711420,小田耳鼻咽喉科医院,廿日市市宮内二丁目１番１８号,0829-39-7733,赤尾　ゆかり,赤尾　ゆかり,耳い,,令3. 1. 11,ika
診療所,34,2711438,大田整形外科,廿日市市駅前４番２８号,0829-31-6211,医療法人　大田整形外科　理事長　大田　政史,大田　政史,整外　リハ　皮,,令3. 5. 6,ika
診療所,34,2711453,明石内科クリニック,廿日市市山陽園８－１９ステイツ野村１階,0829-32-1911,医療法人　明石内科クリニック　理事長　酒井　亮,酒井　亮,内　消化器内科　呼内　循環器内科　糖尿病内科　漢方内科　緩和ケア内科　リハ,,令3. 8. 1,ika
診療所,34,2711479,東洋堂クリニック,廿日市市阿品台２－２４－３８,0829-39-5555,佐藤　健雄,佐藤　健雄,漢方内科,,令5. 1. 1,ika
診療所,34,2711487,みやじまアイクリニック,廿日市市阿品三丁目５番８号,0829-30-3825,医療法人社団レチナクリニック　理事長　横山　光伸,松浦　敏恵,眼,,令5. 4. 1,ika
診療所,34,2711495,山根クリニック,廿日市市宮内３丁目１０番１５号,0829-38-5177,医療法人　緑康会　理事長　山根　基,山根　基,内　外　消化器内科　大腸・肛門外科　乳腺外科　呼内　リハ,,令5. 10. 1,ika
診療所,34,2711503,ひろしまこどもクリニック,廿日市市宮内４４７８－１　１Ｆ,0829-37-1230,吉川　知伸,吉川　知伸,小　アレ,,令6. 1. 4,ika
診療所,34,2711511,いやさか腎クリニック,廿日市市阿品台四丁目１番２４号,0829-39-5500,医療法人山陽会　理事長　中山　陽介,中山　陽介,透析　腎臓内科　内,,令6. 4. 1,ika
診療所,34,2711529,鼻岡内科医院,廿日市市宮内１丁目１０－２０,0829-39-6555,鼻岡　新治,鼻岡　新治,内,,令7. 3. 1,ika
診療所,34,2711537,はつかいちこども心身発達クリニック,廿日市市平良山手１１番４７号,0829-20-5807,医療法人みやうち　理事長　野村　陽平,湊崎　和範,小児心療内科　児童精神科　リハ,,令7. 6. 1,ika
病院,34,2711545,アマノ病院,廿日市市串戸５－１－３５,0829-30-0100,医療法人ハートフル　理事長　福田　純子,西川　公一郎,一般　一般　内　リハ　循　放　小　脊椎外科　ひ　整外　腎臓内科　脳外　脳内　麻,120,令7. 9. 1,ika
診療所,34,2711552,すまクリニック,廿日市市宮内４４８１－８,0829-38-3038,須磨　治道,須磨　治道,内　リウ,,令7. 12. 1,ika
診療所,34,2711560,皮フと漢方のよしやクリニック,廿日市市宮内１０７１－８,0829-30-1121,吉屋　直美,吉屋　直美,皮　小児皮膚科　美容皮膚科,,令8. 4. 1,ika
診療所,34,2711578,廿日市駅前きだにクリニック,廿日市市平良山手１１－４７みやうち廿日市駅前ビル２Ｆ,0829-30-2170,木谷　尚哉,木谷　尚哉,脳外　内,,令8. 5. 1,ika
診療所,34,2711586,かえで眼科,廿日市市下平良２丁目２－１ゆめタウン廿日市３Ｆ,0829-30-0602,医療法人ウェルメディ　理事長　福本　朗,佛坂　富美子,眼,,令8. 5. 1,ika
診療所,34,2910022,医療法人社団　芸南クリニック,江田島市大柿町柿浦９９１－１,0823-57-3705,医療法人社団　芸南クリニック　理事長　平賀　伸彦,平賀　伸彦,内　外　消化器内科　人工透析内科,,平17. 9. 1,ika
診療所,34,2910030,秋月診療所,江田島市江田島町秋月２丁目６－１５,0823-42-0235,青木　早苗,青木　早苗,内　皮　小　外,,平18. 9. 1,ika
診療所,34,2910048,澤医院,江田島市大柿町小古江６６８－２,0823-57-2003,澤　裕幸,澤　裕幸,一般　外　内　消化器内科・消化器外科,,平18. 9. 1,ika
診療所,34,2910071,深江長坂医院,江田島市大柿町深江９６３番地１,0823-57-2036,医療法人壽邦会　理事長　長坂　邦子,長坂　邦子,内　小　呼内　皮　耳い　循環器内科,,平26. 11. 1,ika
病院,34,2910089,島の病院おおたに,江田島市能美町中町４７１１,0823-45-0303,医療法人社団　大谷会　理事長　大谷　まり,大谷　まり,療養　療養　整外　外　リウ　リハ　内　小　ひ　乳腺外科　循環器内科　消化器内科　脳外,96,平29. 3. 1,ika
診療所,34,2910097,水口医院,江田島市江田島町中央二丁目１番８号,0823-42-0018,水口　太郎,水口　太郎,内,,平29. 10. 1,ika
診療所,34,2910113,えたじま幸田医院,江田島市大柿町柿浦２０７６－８,0823-57-2046,安井　大介,安井　大介,内　外　小　乳腺外科,,令4. 1. 1,ika
病院,34,3110143,医療法人社団　仁風会　青木病院,江田島市江田島町中央４丁目１７－１０,0823-42-1121,医療法人社団　仁風会　理事長　青木　博美,青木　博美,療養　内　外　整外　皮　ひ　眼　耳い　リハ　腎臓内科,,昭59. 11. 1,ika
診療所,34,3110333,室尾　林医院,呉市倉橋町室尾字浜の庄１１８９７－２６,0823-54-0200,医療法人社団　林医院　理事長　林　英紀,林　英紀,一般　療養　整外　内　外,,平12. 12. 1,ika
診療所,34,3110440,宗盛医院,安芸郡熊野町中溝４丁目１－８,082-854-1111,宗盛　修,宗盛　修,内　放,,平18. 9. 17,ika
診療所,34,3110473,医療法人社団　むらい内科クリニック,呉市音戸町引地１丁目５－６０,0823-52-2268,医療法人社団　むらい内科クリニック　理事長　村井　博,村井　博,内　呼内　アレ　リウ,,平4. 1. 1,ika
診療所,34,3110531,医療法人社団　向日葵会　角医院,呉市音戸町藤脇２丁目１９－３,0823-56-0508,医療法人社団　向日葵会　理事長　角　一郎,角　一郎,一般　内　小,,昭63. 11. 1,ika
診療所,34,3110564,医療法人社団　河野診療所,呉市音戸町鰯浜２丁目３－３１,0823-52-2277,医療法人社団　河野診療所　理事長　河野　正二郎,河野　正二郎,内　小　ひ,,平3. 8. 1,ika
病院,34,3110655,一般財団法人　広島結核予防協会　住吉浜病院,呉市下蒲刈町下島２４９８,0823-65-2345,一般財団法人　広島結核予防協会　代表理事　中　建,中　建,療養　内　呼　放,,昭32. 11. 1,ika
診療所,34,3110770,豊田内科医院,安芸郡坂町坂西１丁目４－１０,082-885-0280,豊田　敏秀,豊田　敏秀,内,,平11. 9. 1,ika
病院,34,3110838,医療法人社団　吉田会　吉田病院,江田島市江田島町津久茂２丁目６－２,0823-42-1100,医療法人社団　吉田会　理事長　吉田　昌平,吉田　昌平,精神　内　精　神,105,昭51. 9. 1,ika
診療所,34,3110911,医療法人社団田中医院,呉市音戸町渡子２丁目２７－３,0823-52-2771,医療法人社団　田中医院　理事長　田中　理伸,田中　理伸,内　小,,平3. 5. 1,ika
診療所,34,3110978,梶山医院,安芸郡熊野町貴船１８番１６号,082-854-2771,梶山　浩史,梶山　浩史,内　循環器内科,,平7. 12. 14,ika
診療所,34,3111091,医療法人社団　仁井谷医院,呉市音戸町高須３丁目７－２,0823-52-1200,医療法人社団　仁井谷医院　理事長　仁井谷　学,田嶋　実,外　整外　内　皮　リハ,,平3. 2. 1,ika
診療所,34,3111109,藤田小児科医院,安芸郡熊野町萩原六丁目２６番４号,082-854-0707,藤田　悟,藤田　悟,小,,昭58. 5. 1,ika
診療所,34,3111117,医療法人社団　めぐみ会　森藤医院,江田島市江田島町切串２丁目１７－１０,0823-44-1156,医療法人社団　めぐみ会　理事長　森藤　清彦,森藤　清彦,一般　療養　内　小　外　リハ,,平5. 9. 1,ika
診療所,34,3111133,大瀬戸内科,安芸郡熊野町出来庭２丁目１８－１１,082-854-8585,大瀬戸　隆,大瀬戸　隆,内　小,,昭59. 12. 1,ika
診療所,34,3111141,一般財団法人広島結核予防協会　住吉浜病院附属大浦診療所,呉市蒲刈町大浦７９３,0823-66-1054,一般財団法人　広島結核予防協会　理事長　吉中　建,加藤　幹,内,,平11. 3. 1,ika
診療所,34,3111158,医療法人社団　石井クリニック,呉市音戸町南隠渡１丁目５－１４,0823-51-2201,医療法人社団　石井クリニック　理事長　石井　修,石井　修,外　内　整外　リハ　皮,,平6. 2. 1,ika
診療所,34,3111182,広島県立総合精神保健福祉センター,安芸郡坂町北新地２丁目３－７７,082-884-1051,広島県知事　横田　美香,髙石　佳幸,精,,昭62. 8. 1,ika
病院,34,3111190,済生会広島病院,安芸郡坂町北新地２－３－１０,082-884-2566,社会福祉法人恩賜財団　済生会支部　広島県済生会　支部長　菊間秀樹,松本　公治,一般　内　消化器内科　循環器内科　肝臓内科　呼内　脳内　心内　精　外　消化器外科　乳腺外科　腫瘍外科　大腸肛門外科　整外　形外　脳外　ひ　眼　リハ　放　麻　皮　糖尿病内科,298,昭62. 10. 1,ika
診療所,34,3111216,医療法人社団　森本医院,呉市倉橋町７３８２－２,0823-56-2225,医療法人社団　森本医院　理事長　森本　忠雄,森本　忠雄,内　循環器内科　呼内　ひ　移植外科　人工透析内科,,平7. 12. 1,ika
診療所,34,3111273,酒井耳鼻咽喉科皮ふ科医院,安芸郡熊野町萩原２丁目２－８,082-855-2629,医療法人　酒井医院　理事長　酒井　利忠,酒井　利忠,耳い　皮　アレ,,平11. 4. 1,ika
診療所,34,3111281,黒澤波多見診療所,呉市音戸町波多見５丁目１６－１２,0823-52-1118,黒澤　逸郎,黒澤　逸郎,内,,平6. 4. 1,ika
診療所,34,3111315,医療法人　豊田レディースクリニック,安芸郡熊野町川角四丁目３０番１号,082-855-1913,医療法人　豊田レディースクリニック　理事長　豊田　紳敬,豊田　紳敬,産婦　女性内科,,平17. 10. 1,ika
診療所,34,3111323,クリニックたなべ整形外科,安芸郡坂町平成ヶ浜１丁目８－３３,082-884-4155,田　文理,田　文理,整外　リハ　リウ,,平10. 7. 1,ika
診療所,34,3111331,医療法人　杏林堂　河原クリニック,安芸郡坂町横浜中央１丁目３－５,082-820-1711,医療法人　杏林堂　理事長　河原　俊司,河原　俊司,内　呼　神内　放,,平15. 5. 1,ika
診療所,34,3111349,だて耳鼻咽喉科クリニック,安芸郡坂町坂西１丁目１６－３５,082-884-4133,医療法人だて耳鼻咽喉科クリニック　理事長　伊達　知仁,伊達　知仁,耳い,,平18. 5. 1,ika
診療所,34,3111364,はまもと皮ふ科,安芸郡熊野町出来庭１０丁目４－４,082-855-2662,濱本　嘉昭,濱本　嘉昭,皮　アレ　形外,,平18. 4. 1,ika
診療所,34,3111380,高橋整形外科クリニック,安芸郡熊野町萩原６丁目２７番５号,082-854-2222,高橋　司,高橋　司,整外　リハ,,平20. 10. 1,ika
診療所,34,3111398,在宅療養支援診療所　りんりんクリニック,安芸郡熊野町萩原５－１－５５,082-847-3219,林　經堯,林　經堯,内,,平22. 10. 1,ika
診療所,34,3111406,児玉クリニック,安芸郡熊野町萩原３丁目１－１,082-855-4700,医療法人　こだま会　理事長　児玉　久光,児玉　久光,内　外　胃腸内科,,平24. 5. 1,ika
診療所,34,3111414,片山医院,安芸郡熊野町出来庭九丁目２番１８号,082-854-0252,片山　幸治,片山　幸治,内　外　消化器内科　皮　ひ,,平24. 9. 1,ika
診療所,34,3111430,小坂内科医院,安芸郡坂町平成ケ浜一丁目８番４２号,082-885-0108,竹内　啓祐,竹内　啓祐,内,,平29. 4. 10,ika
診療所,34,3111448,おかだ眼科,安芸郡熊野町萩原二丁目２番１２号,082-855-6633,医療法人　おかだ眼科　理事長　岡田　慶子,岡田　慶子,眼,,令元. 11. 1,ika
診療所,34,3111455,三登医院,安芸郡坂町坂西１丁目６－８,082-885-0037,三登　栄子,三登　栄子,内,,令2. 7. 1,ika
診療所,34,3111471,まきこ眼科クリニック,安芸郡熊野町出来庭三丁目３番３３号,082-855-6022,医療法人社団　まきこ眼科クリニック　理事長　山崎　真紀子,山崎　真紀子,眼,,令6. 5. 1,ika
病院,34,3210026,マツダ株式会社　マツダ病院,安芸郡府中町青崎南２－１５,082-565-5000,マツダ株式会社　代表取締役社長　毛籠　勝弘,田村　徹,一般　循環器内科　消化器内科　呼内　糖尿病内科　精　心内　小　外　脳外　整外　皮　ひ　眼　耳い　歯外　麻　放　リハ　救急科　リウ,266,昭36. 7. 21,ika
病院,34,3210042,府中みくまり病院,安芸郡府中町みくまり３－１－１１,082-281-2281,社会福祉法人　広島厚生事業協会　理事長　宮久保　憲治,栗原　寛治,精神　精　神内　心内　内　歯,317,昭32. 9. 1,ika
診療所,34,3210109,行武医院,安芸郡府中町青崎南６－９,082-281-0692,行武　伸夫,行武　伸夫,内　呼　消　循,,平12. 4. 1,ika
診療所,34,3210125,大島内科医院,安芸郡府中町浜田本町７－１,082-281-8557,医療法人　大島内科医院　理事長　大島　啓司,大島　啓司,内　呼　消　循　放,,平8. 1. 1,ika
診療所,34,3210307,医療法人社団　前野医院,安芸郡府中町石井城２丁目１０－２０,082-281-2334,医療法人社団　前野医院　理事長　前野　努,前野　努,内　小　呼内　感染症内科,,平14. 4. 1,ika
診療所,34,3210513,高橋医院,安芸郡海田町南堀川町１－１５,082-823-4602,高橋　陽,高橋　陽,内　小,,平6. 3. 1,ika
診療所,34,3210679,益田眼科,安芸郡府中町大須１丁目１６－２,082-282-5058,医療法人　益田眼科　理事長　益田　徹,益田　徹,眼,,平14. 10. 1,ika
病院,34,3210711,山本整形外科病院,安芸郡海田町堀川町２－２３,082-822-3000,医療法人　かしの木会　理事長　山本　佳史,山本　佳史,一般　療養　整外　内　眼　リウ　麻　リハ,,平11. 4. 1,ika
診療所,34,3210869,医療法人社団　恒仁会　唐﨑耳鼻咽喉科,安芸郡府中町宮の町２－５－３１,082-284-0333,医療法人社団　恒仁会　理事長　唐崎　一訓,唐崎　一訓,耳い,,平元. 5. 1,ika
診療所,34,3210885,医療法人社団　岸本医院,安芸郡海田町窪町１０－１８,082-823-6298,医療法人社団　岸本医院　理事長　岸本　玲子,岸本　玲子,眼,,平元. 5. 1,ika
診療所,34,3210950,森原内科胃腸科医院,安芸郡海田町蟹原１丁目１３－１１,082-822-5550,医療法人社団　康仁会　理事長　森原　正雄,森原　正雄,内　胃,,平17. 6. 1,ika
診療所,34,3210984,一般社団法人　安芸地区医師会　安芸地区医師会臨床検査センター附属診療所,安芸郡海田町栄町５－１３,082-823-4772,一般社団法人　安芸地区医師会　会長　白川　敏夫,住居　晃太郎,内,,昭55. 11. 1,ika
診療所,34,3211032,医療法人社団　細田小児科医院,安芸郡府中町浜田１丁目１－２８,082-284-1020,医療法人社団　細田小児科医院　理事長　細田　洋朗,細田　洋朗,小,,平4. 1. 1,ika
診療所,34,3211057,瀬戸ハイム内科,安芸郡府中町瀬戸ハイム１－２－２４,082-285-0816,医療法人社団　瀬戸ハイム内科　理事長　河瀬　徹,河瀬　徹,内,,平5. 2. 1,ika
診療所,34,3211107,医療法人　秋本クリニック,安芸郡海田町稲荷町３－３４,082-823-7777,医療法人　秋本クリニック　理事長　秋本　悦志,秋本　悦志,乳腺外科　外　内,,平9. 9. 1,ika
診療所,34,3211131,ちくいえクリニック,安芸郡府中町本町５－１－６,082-286-7788,築家　新司,築家　新司,脳外　脳内　内　リハ,,昭63. 5. 1,ika
診療所,34,3211172,小山田内科医院,安芸郡府中町鹿篭２－１３－６,082-281-0807,医療法人社団　小山田内科医院　理事長　小山田　健,小山田　健,内　消化器内科　循環器内科,,平10. 4. 1,ika
診療所,34,3211214,医療法人社団　山路会　山野上内科クリニック,安芸郡海田町稲荷町７－１５,082-823-7272,医療法人社団　山路会　理事長　山野上　直樹,山野上　直樹,内　呼内　消化器内科,,平7. 12. 1,ika
診療所,34,3211222,たんきょう眼科,安芸郡海田町新町１１－２０,082-824-3131,丹京　信也,丹京　信也,眼,,平3. 5. 1,ika
診療所,34,3211248,寺沢耳鼻咽喉科医院,安芸郡海田町窪町２－１４,082-824-1187,医療法人　寺沢耳鼻咽喉科医院　理事長　寺沢　和貴,寺沢　和貴,耳　い,,平5. 9. 1,ika
診療所,34,3211289,深坂内科循環器科医院,安芸郡海田町窪町２－１４,082-823-0588,深坂　展行,深坂　展行,内　呼　循,,平5. 7. 1,ika
診療所,34,3211305,医療法人　しらね眼科,安芸郡府中町鶴江１丁目２５－２０,082-581-3383,医療法人　しらね眼科　理事長　白根　雅子,白根　雅子,眼,,平19. 4. 1,ika
診療所,34,3211396,高上クリニック,安芸郡府中町浜田３丁目９－３,082-581-5533,医療法人社団　高上クリニック　理事長　高上　眞一,高上　眞一,内　外　胃　こう　リハ,,平13. 10. 1,ika
診療所,34,3211412,さかの小児科,安芸郡府中町鹿籠２丁目１３－２カトウビル１Ｆ,082-890-1062,坂野　由美子,坂野　由美子,小,,平11. 4. 1,ika
診療所,34,3211438,わたえだ皮膚科クリニック,安芸郡府中町浜田３丁目９－３－２０１号,082-508-1112,綿枝　耕二,綿枝　耕二,皮　アレ,,平12. 4. 1,ika
診療所,34,3211461,しらね泌尿器科クリニック,安芸郡海田町西浜４番２２－４,082-821-1900,白根　猛,白根　猛,ひ,,平15. 5. 1,ika
診療所,34,3211479,おおや耳鼻咽喉科,安芸郡海田町西浜４－２２－４,082-821-3387,医療法人　いちえ会　理事長　大屋　耕子,大屋　耕子,耳い,,平18. 6. 1,ika
診療所,34,3211487,よしだ内科呼吸器科,安芸郡海田町西浜４番２２－４号,082-821-2512,由田　康弘,由田　康弘,内　呼　消,,平15. 9. 1,ika
診療所,34,3211511,ソレイユ眼科・矯正歯科,安芸郡府中町大須２丁目１－１,082-561-0123,今田　昌輝,今田　昌輝,眼　矯歯,,平16. 3. 1,ika
診療所,34,3211552,天神川なかむら内科,安芸郡府中町大須１丁目１７－２２,082-890-0077,中村　邦彦,中村　邦彦,内　呼,,平19. 2. 22,ika
診療所,34,3211586,すくすくキッズクリニック,安芸郡府中町大通２丁目８－２１大興クリニックビル４Ｆ,082-286-8686,溝口　信行,溝口　信行,小,,平19. 4. 23,ika
診療所,34,3211628,檜原皮膚科クリニック,安芸郡海田町大正町７番２０号,082-823-0385,医療法人社団　檜原皮膚科クリニック　理事長　檜原　浩介,未定　管理者死亡のため休止中,皮,,平21. 4. 1,ika
診療所,34,3211651,太田整形外科,安芸郡府中町大通二丁目１０番８号,082-510-5107,医療法人太田整形外科　理事長　太田　英敏,太田　英敏,整外　リハ　リウ,,平21. 11. 1,ika
診療所,34,3211677,医療法人双藤会　産科・婦人科　藤東クリニック,安芸郡府中町茂陰一丁目１番１号,082-284-2410,医療法人　双藤会　産科・婦人科　藤東クリニック　理事長　藤東　淳也,藤東　淳也,一般　産　婦,,平22. 6. 1,ika
診療所,34,3211685,こさか内科,安芸郡府中町青崎東２０番２号,082-281-4482,医療法人社団　こさか内科　理事長　小坂　龍哉,小坂　龍哉,内　消化器内科　循環器内科　呼内,,平22. 10. 1,ika
診療所,34,3211693,みはら内科クリニック,安芸郡府中町大通二丁目８番２１号大興クリニックビル２Ｆ,082-286-1177,医療法人　静和会　理事長　三原　充弘,三原　充弘,内　消化器内科　循環器内科　心内,,平23. 5. 1,ika
診療所,34,3211719,みぞて眼科,安芸郡海田町西浜４番２２－４号,082-821-2601,医療法人みぞて眼科　理事長　溝手　秀秋,溝手　秀秋,眼,,平23. 11. 1,ika
診療所,34,3211727,医療法人　健仁会　西村内科医院,安芸郡府中町桃山一丁目１番２４号,082-281-6001,医療法人　健仁会　西村内科医院　理事長　西村　庸夫,西村　庸夫,内　消化器内科　循環器内科,,平25. 4. 1,ika
診療所,34,3211735,やまだ眼科,安芸郡府中町青崎中２４－２６,082-287-2123,山田　貴之,山田　貴之,眼,,平25. 6. 1,ika
診療所,34,3211768,医療法人社団　永慈会　永田内科医院,安芸郡府中町青崎中２４番２６号クリニックモール向洋２Ｆ,082-285-0808,医療法人社団　永慈会　理事長　永田　裕,辻本　卓子,内　呼内　循環器内科　消化器内科,,平25. 6. 1,ika
診療所,34,3211776,くすおか整形外科クリニック,安芸郡海田町新町１７－８,082-824-0505,医療法人　くすおか整形外科クリニック　理事長　楠岡　公明,楠岡　公明,整外　リハ　リウ,,平25. 6. 2,ika
診療所,34,3211792,津田産婦人科クリニック,安芸郡海田町南幸町９番４３号,082-821-0303,医療法人津田産婦人科クリニック　理事長　津田　幹夫,津田　幹夫,一般　産婦,,平25. 12. 1,ika
診療所,34,3211800,行徳皮ふ科アレルギー科,安芸郡府中町青崎中２４－２６クリニックモール向洋５Ｆ,082-287-1560,行德　英一,行德　英一,皮　アレ,,平26. 4. 1,ika
診療所,34,3211826,向洋こどもクリニック,安芸郡府中町青崎中２４番２６号４Ｆ,082-287-3266,医療法人向洋こどもクリニック　理事長　梶梅　輝之,梶梅　輝之,小　アレ,,平27. 6. 1,ika
診療所,34,3211834,医療法人社団　府中水野皮ふ科クリニック,安芸郡府中町本町１丁目１３番７号,082-284-4112,医療法人社団　府中水野皮ふ科クリニック　理事長　水野　正晴,水野　正晴,皮　アレ,,平27. 10. 1,ika
診療所,34,3211842,白根耳鼻咽喉科,安芸郡府中町鶴江一丁目２５番２０号３階,082-510-3322,医療法人白根耳鼻咽喉科　理事長　白根　誠,白根　誠,耳い　頭頚部外科　アレ,,平27. 11. 1,ika
診療所,34,3211867,ちえ内科クリニック,安芸郡海田町幸町８番１４－３号,082-847-6500,医療法人　香和会　理事長　谷岡　千衣,谷岡　千衣,内　消化器内科　内視鏡内科,,平29. 4. 1,ika
診療所,34,3211875,金谷整形外科クリニック,安芸郡海田町幸町９番１３号,082-822-2070,医療法人　ＫＯＣ　理事長　金谷　篤,金谷　篤,整外　リハ,,平29. 4. 1,ika
診療所,34,3211883,くるしま内科循環器クリニック,安芸郡海田町成本１４－１２,082-821-2212,久留島　秀治,久留島　秀治,内　循環器内科,,平29. 5. 1,ika
診療所,34,3211891,岡原内科皮ふ科クリニック,安芸郡府中町大須１丁目１９－１９,082-561-0303,岡原　佳代,岡原　佳代,内　皮　アレ,,平29. 11. 1,ika
診療所,34,3211917,医療法人　菊川皮ふ科医院,安芸郡海田町蟹原２－４－２８,082-823-7111,医療法人　菊川皮ふ科医院　理事長　新津　佳恵,新津　佳恵,皮,,平29. 4. 11,ika
診療所,34,3211925,医療法人　しみずハート内科クリニック,安芸郡府中町大須三丁目８番５６号大田ビル２０１号,082-283-8010,医療法人　しみずハート内科クリニック　理事長　清水　嘉人,清水　嘉人,内　循環器内科,,平30. 4. 1,ika
診療所,34,3211933,向洋駅前心療クリニック,安芸郡府中町青崎中２４番２６号クリニックモール向洋６階,082-286-2335,医療法人クオーレ　理事長　西山　聡,西山　聡,精　心内,,平30. 10. 1,ika
診療所,34,3211966,鈴川内科クリニック,安芸郡府中町山田一丁目２番７号,082-286-0050,医療法人和敬会　理事長　鈴川　睦夫,鈴川　睦夫,内　循環器内科　糖尿病内科　腎臓内科,,平31. 4. 1,ika
診療所,34,3211982,まりあ眼科クリニック,安芸郡海田町窪町１番２３号－２Ｆ,082-821-1166,医療法人みぞて眼科　理事長　溝手　秀秋,檜垣　麻利亜,眼,,令2. 5. 1,ika
診療所,34,3211990,かわもと皮ふ科,安芸郡海田町窪町２番１４号はんどうビル４Ｆ,082-820-0101,医療法人　宏博会　理事長　河本　博明,河本　博明,皮　形外　アレ,,令2. 5. 1,ika
診療所,34,3212014,櫻クリニック,安芸郡府中町柳ケ丘４０番１２号２階,082-284-5040,医療法人エフアイジイ　理事長　右田　圭介,右田　圭介,脳外　脳内,,令3. 4. 1,ika
診療所,34,3212022,かいたいちウィメンズクリニック,安芸郡海田町窪町１－２３ＪＲ海田市駅ＮＫビル（ビエラ海田市）２Ｆ,082-822-8343,児玉　一郎,児玉　一郎,婦　産　女性内科,,令4. 4. 1,ika
病院,34,3212048,南海田病院,安芸郡海田町栄町２番４２号,082-823-8855,医療法人桜衣会　理事長　平昭　浩司,平昭　浩司,一般　療養　内　血液内科　人工透析内科　外,,令4. 6. 1,ika
診療所,34,3212055,おかざき脳神経クリニック,安芸郡府中町桃山１丁目４－１８メディカルモール向洋駅北２Ｆ,082-581-1001,岡崎　貴仁,岡崎　貴仁,脳外　神内,,令4. 10. 1,ika
診療所,34,3212071,まことのこころクリニック,安芸郡海田町南大正町３番２５号,082-554-8805,医療法人社団真琴会　理事長　一ノ瀬　真琴,一ノ瀬　真琴,精　心内,,令5. 8. 1,ika
診療所,34,3212089,原小児科,安芸郡海田町日の出町６－６－２０２,082-820-0606,原　圭一,原　圭一,小,,令5. 9. 1,ika
診療所,34,3212097,なんば内科クリニック,安芸郡府中町本町２丁目５番１３号,082-282-4511,難波　将史,難波　将史,内　呼内,,令6. 4. 1,ika
診療所,34,3212105,海田よつ葉クリニック,安芸郡海田町栄町５番３２号,082-562-2100,医療法人英厚会　理事長　柴村　英典,柴村　英典,内　外　循環器内科　心外,,令6. 5. 1,ika
診療所,34,3212113,むかいなだ耳鼻咽喉科・アレルギー科,安芸郡府中町桃山一丁目４番１８号３階,082-581-8733,医療法人やまと会　理事長　高原　大輔,高原　大輔,耳い　アレ,,令6. 10. 1,ika
診療所,34,3212121,きらきらこどもクリニック,安芸郡海田町窪町１番２３号ＪＲ海田市駅ＮＫビル２階,082-554-7415,医療法人きらきらこどもクリニック　理事長　林　裕美子,林　裕美子,小,,令6. 10. 1,ika
診療所,34,3212139,おんじ内科クリニック,安芸郡海田町南大正町３番２５号,082-516-5316,医療法人　あおい会　理事長　蔭地　啓市,蔭地　啓市,内　消化器内科　内視鏡内科,,令6. 10. 1,ika
診療所,34,3212147,こころのクリニックひまわり,安芸郡海田町窪町１番２３号ＪＲ海田市駅ＮＫビル１Ｆ,082-847-3111,医療法人桜和会　理事長　尾崎　京華,尾崎　京華,心内　精,,令7. 5. 1,ika
診療所,34,3212154,みんなの訪問クリニック,安芸郡府中町柳ケ丘１－５０,082-259-3790,眞田　修,眞田　修,内　外,,令8. 5. 1,ika
診療所,34,3212162,海田心療内科メンタルクリニック,安芸郡海田町新町１１番２０号丹京ビル１Ｆ,082-823-5500,医療法人こころの浮島　理事長　宮本　哲男,宮本　哲男,心内　精,,令8. 4. 1,ika
診療所,34,3310453,永井医院,廿日市市大野中央３丁目２－３１,0829-55-0014,医療法人社団永井医院　理事長　永井　哲士,永井　哲士,内,,平元. 5. 1,ika
診療所,34,3310495,医療法人福寿会　天野医院,廿日市市津田４２５９,0829-72-1181,医療法人福寿会　天野医院　理事長　古川　一人,古川　一人,内　外,,平5. 2. 1,ika
診療所,34,3310594,医療法人社団　砂堀医院,江田島市能美町中町４９３０－５,0823-45-3333,医療法人社団砂堀医院　理事長　砂堀　亨,砂堀　亨,内　小　放,,平2. 8. 1,ika
診療所,34,3310628,医療法人社団　長尾医院,江田島市沖美町三吉２７０７,0823-47-0204,医療法人社団　長尾医院　理事長　長尾　秀幸,長尾　秀幸,内　小,,平7. 3. 1,ika
診療所,34,3310826,梶川医院,江田島市沖美町岡大王４４１,0823-48-0201,医療法人社団進清会　理事長　梶川　學,梶川　學,内,,平3. 8. 1,ika
病院,34,3311675,医療法人社団　友和会　友和病院,廿日市市峠字下ケ原５００,0829-74-0688,医療法人社団　友和会　理事長　末田　格,名越　雅彦,精神　内　精　歯　心内,120,平13. 10. 1,ika
診療所,34,3311691,医療法人社団　杉原外科医院,廿日市市大野１丁目７－７,0829-55-0534,医療法人社団　杉原外科医院　理事長　杉原　英樹,杉原　英樹,外　こう　胃　リハ,,平15. 3. 1,ika
診療所,34,3311758,医療法人社団　大井医院,江田島市大柿町大原５９０８－２,0823-57-6500,医療法人社団大井医院　理事長　大井　征志,大井　征志,小　内　皮　循環器内科,,平元. 6. 1,ika
診療所,34,3311857,医療法人　長谷川整形外科,廿日市市塩屋２丁目２－１６,0829-55-1011,医療法人長谷川整形外科　理事長　長谷川　修,長谷川　修,一般　療養　整外　リハ,,平6. 3. 1,ika
病院,34,3311972,医療法人社団はまい会　大君浜井病院,江田島市大柿町大君９６２－１,0823-57-5678,医療法人社団　はまい会　理事長　浜井　雄一郎,浜井　雄一郎,療養　外　内　放　リハ　胃腸内科　消化器内科,,平11. 5. 1,ika
診療所,34,3312038,永井内科胃腸科医院,廿日市市宮島口１丁目４－１,0829-56-0023,永井　忠仁,永井　忠仁,内　消　循,,昭58. 3. 1,ika
診療所,34,3312079,川崎医院,江田島市能美町鹿川３０８９－１,0823-45-2031,川崎　正晴,川崎　正晴,内　小　外　消　循,,昭61. 3. 3,ika
診療所,34,3312228,医療法人社団　大井内科医院,江田島市大柿町飛渡瀬１５５３－３,0823-57-5512,医療法人社団　大井内科医院　理事長　大井　勝博,大井　勝博,内　リウ　リハ　眼,,平10. 6. 1,ika
病院,34,3312251,佐伯中央病院,廿日市市津田４１８０,0829-72-1100,医療法人社団貴和会　理事長　水内　健二,水内　健二,一般　内　外　整外　放　リハ,,平2. 4. 1,ika
診療所,34,3312277,医療法人　中丸クリニック,廿日市市宮島口１丁目７－１５,0829-56-0550,医療法人　中丸クリニック　理事長　中丸　光昭,中丸　光昭,内　循　消　リハ,,平17. 3. 1,ika
診療所,34,3312319,医療法人社団　おおくぼ内科,廿日市市永原１２３５－１,0829-74-3400,医療法人社団　おおくぼ内科　理事長　大久保　和典,大久保　和典,内　胃　リハ　放,,平8. 9. 1,ika
診療所,34,3312327,医療法人社団　永田内科,廿日市市塩屋１丁目１－６４,0829-55-3323,医療法人社団　永田内科　理事長　永田　健二,永田　健二,内　呼　消　循　小　リハ　放,,平9. 9. 1,ika
病院,34,3312335,大野浦病院,廿日市市丸石２丁目３－３５,0829-54-2426,医療法人社団　明和会　理事長　曽根　喬,曽根　喬,療養　内　精　神　整外　リハ,120,平12. 6. 1,ika
診療所,34,3312491,向井クリニック,廿日市市前空５丁目３－１６,0829-50-6166,向井　俊一,向井　俊一,内　胃　リハ,,平13. 5. 1,ika
診療所,34,3312509,おおいし耳鼻咽喉科,江田島市能美町高田１５１９－１３,0823-45-0387,大石　善道,大石　善道,耳い,,平15. 5. 1,ika
診療所,34,3312525,青葉レディスクリニック,廿日市市福面２丁目１－１１,0829-50-2327,岡谷　裕二,岡谷　裕二,産婦　内,,平16. 4. 1,ika
病院,34,3510045,安芸太田病院,山県郡安芸太田町大字下殿河内２３６,0826-22-2299,安芸太田町長　橋本　博明,結城　常譜,一般　療養　内　外　整外　精　皮　眼　耳い　脳外　婦　ひ　リハ　麻,,平16. 10. 1,ika
診療所,34,3510078,北広島町雄鹿原診療所,山県郡北広島町荒神原２００番地,0826-35-0119,北広島町長　箕野　博司,東條　環樹,内,,平17. 2. 1,ika
診療所,34,3510094,北広島町八幡診療所,山県郡北広島町西八幡原１４５３－１３,0826-37-0301,北広島町長　箕野　博司,橋本　直樹,内,,平17. 2. 1,ika
病院,34,3510318,北広島病院,山県郡北広島町壬生４３３－４,0826-72-2050,医療法人　明和会　理事長　益田　和彦,渡　雅文,一般　内　小　産婦　リハ　呼内　循環器内科　ひ　消化器内科　整外　精　心内　耳い　皮,,平元. 2. 1,ika
診療所,34,3510441,立川医院,山県郡北広島町有田１３３,0826-72-2202,立川　昌宏,立川　昌宏,一般　整外　内,,平17. 9. 1,ika
診療所,34,3510458,落合整形外科内科,山県郡安芸太田町大字加計３４８８番地の１,0826-22-0202,医療法人社団　やまを会　理事長　落合　洋,落合　洋,内　整外　リハ,,平2. 3. 1,ika
診療所,34,3510557,医療法人　至誠会　市頭眼科医院,山県郡北広島町蔵迫６６５－１,0826-72-5721,医療法人　至誠会　市頭眼科医院　理事長　市頭　教克,市頭　教克,一般　眼,,平6. 11. 1,ika
病院,34,3510607,千代田病院,山県郡北広島町今田３８６０,0826-72-6511,医療法人社団　せがわ会　理事長　瀬川　芳久,瀬川　昌弘,精神　内　精　神内　リハ,158,平9. 1. 1,ika
病院,34,3510615,医療法人社団慶寿会　千代田中央病院,山県郡北広島町有田１１９２,0826-72-6111,医療法人社団　慶寿会　千代田中央病院　理事長　北尾　憲太郎,北尾　憲太郎,一般　療養　内　外　ペインクリニック外科　消化器内科　循環器内科　透析　整外　皮　眼　耳い　放　麻　リハ,,平6. 4. 1,ika
病院,34,3510631,大朝ふるさと病院,山県郡北広島町新庄２１４７番地の１,0826-82-3900,医療法人サカもみの木会　理事長　坂　信一,堀田　卓宏,一般　内　外　整外　リハ　リウ　脳外,,平5. 7. 1,ika
診療所,34,3510664,今村メモリアルクリニック,山県郡北広島町有田１５３２千代田サンクス３Ｆ,0826-72-7701,今村　展隆,今村　展隆,内　心内　呼　循　小　リウ　アレ　皮,,平14. 6. 1,ika
診療所,34,3510706,安芸太田戸河内診療所,山県郡安芸太田町大字戸河内８００番地１,0826-28-2221,安芸太田町長　橋本　博明,渡邊　公登,内,,平20. 4. 1,ika
診療所,34,3510714,いのうえ内科,山県郡北広島町壬生１４４番地１,0826-72-7717,医療法人　穂の香　理事長　井上　敏明,井上　敏明,循環器内科,,平24. 11. 1,ika
診療所,34,3510730,北広島町豊平診療所,山県郡北広島町阿坂４７０５番地,0826-84-1155,北広島町長　箕野　博司,坂本　直子,内　循環器内科　整外,,平31. 4. 1,ika
診療所,34,3610225,井上内科医院,安芸高田市吉田町吉田１０９１－１,0826-42-0005,井上　敬夫,井上　敬夫,内　リハ,,平17. 9. 1,ika
診療所,34,3610241,佐々木クリニック,安芸高田市吉田町山手５８５,0826-43-1111,医療法人社団　佐々木クリニック　理事長　青木　頼子,香川　佳,内　放　耳い　呼内,,平3. 9. 1,ika
診療所,34,3610340,医療法人かどます　佐々木医院,安芸高田市向原町坂４２８番地２,0826-46-2065,医療法人かどます　理事長　佐々木　龍司,佐々木　龍司,外　内　整外　胃腸内科,,平20. 4. 1,ika
病院,34,3610449,広島県厚生農業協同組合連合会　吉田総合病院,安芸高田市吉田町吉田３６６６,0826-42-0636,広島県厚生農業協同組合連合会　代表理事理事長　豊田　達之,田代　裕尊,一般　療養　内　小　外　肛門外科　整外　脳外　皮　ひ　婦　眼　耳い　放　リハ　麻　精,191,昭32. 10. 31,ika
診療所,34,3610480,えのきクリニック,安芸高田市吉田町吉田８３４－１,0826-47-0111,医療法人社団　大智会　理事長　大德　悦孝,大德　悦孝,内　胃　外　リハ,,平3. 9. 1,ika
診療所,34,3610506,平原内科医院,安芸高田市吉田町吉田１２１０－１,0826-42-0446,平原　理策,平原　理策,内,,平11. 11. 30,ika
診療所,34,3610589,中村耳鼻咽喉科医院,安芸高田市向原町坂１７０１,0826-46-2001,中村　昭郎,中村　昭郎,耳い,,平10. 10. 24,ika
診療所,34,3610662,医療法人社団　平岡医院,安芸高田市甲田町高田原１０４３,0826-45-2002,医療法人社団　平岡医院　理事長　平岡　敬生,平岡　敬生,外　整外　リハ　胃　消,,平7. 4. 1,ika
診療所,34,3610704,徳永医院,安芸高田市甲田町高田原１４１９－１,0826-45-2032,徳永　彰,徳永　彰,一般　内　外　小　整外　リハ,,昭60. 9. 1,ika
診療所,34,3610738,安芸高田市川根診療所,安芸高田市高宮町川根２４３８－１,0826-58-0234,安芸高田市長　藤本　悦志,平田　裕己,内　整外,,平16. 3. 1,ika
診療所,34,3610779,高田地区休日夜間救急診療所,安芸高田市吉田町吉田３６６６,0826-42-0636,広島県厚生農業協同組合連合会　代表理事理事長　豊田　達之,定地　茂雄,内　外,,平7. 1. 1,ika
診療所,34,3610787,のりかわ眼科クリニック,安芸高田市吉田町吉田１８５３－８,0826-42-1001,則川　希貞,則川　希貞,一般　眼,,平8. 3. 1,ika
診療所,34,3610795,中村医院,安芸高田市向原町戸島２８４６－５,0826-46-5588,中村　眞己,中村　眞己,消　循　外　リハ,,平9. 7. 1,ika
診療所,34,3610845,政永内科・まさなが歯科クリニック,安芸高田市甲田町高田原１４５１,0826-45-7711,政永　敏之,政永　敏之,内　消　呼　循　小　歯,,平19. 11. 1,ika
診療所,34,3610878,こだま整形外科医院,安芸高田市吉田町常友３４１－１,0826-43-2800,医療法人新玉会　理事長　児玉　篤,児玉　篤,整外　リウ　リハ　外,,平22. 6. 1,ika
診療所,34,3610910,なかもと眼科クリニック,安芸高田市甲田町高田原１４７２－２,0826-45-7814,中元　宏史,中元　宏史,眼,,平25. 10. 1,ika
診療所,34,3610928,医療法人増田ファミリークリニック,安芸高田市甲田町高田原１４７４番地３,0826-45-2031,医療法人　増田ファミリークリニック　理事長　増田　淳也,増田　淳也,内　呼内　循環器内科　消化器内科　糖尿病内科　腎臓内科　小,,平26. 4. 1,ika
診療所,34,3610936,佐々部診療所,安芸高田市高宮町佐々部９８３－１７,0826-57-0022,医療法人　佐々部診療所　理事長　中田　裕子,中田　裕子,内　小,,平27. 5. 1,ika
診療所,34,3610944,社会福祉法人清風会　身体障害者療護施設診療所,安芸高田市吉田町竹原１７５９番地１,0826-43-1026,社会福祉法人　清風会　理事長　澤﨑　貫太郎,久保田　正樹,内　外,,平27. 11. 19,ika
診療所,34,3610951,安芸高田やちよクリニック,安芸高田市八千代町勝田４４８番地,0826-52-3838,医療法人社団八千代会　理事長　鳳山　慧妃子,星野　修司,療養　療養　内　放　リハ　精,12,平30. 7. 1,ika
診療所,34,3610969,児玉眼科医院,安芸高田市吉田町吉田７７０,0826-42-0226,児玉　良太郎,児玉　良太郎,眼,,令2. 1. 1,ika
診療所,34,3610977,診療所　さわさき,安芸高田市吉田町吉田６９５番地１,0826-42-3431,社会福祉法人清風会　理事長　澤﨑　貫太郎,久保田　正樹,漢方内科　内　リハ,,令4. 4. 1,ika
診療所,34,3610985,津田医院,安芸高田市美土里町本郷１７８１番地９,0826-54-0699,社会医療法人　広島ハートセンター　理事長　木村　祐之,木村　そのこ,内　消化器内科,,令6. 5. 1,ika
診療所,34,3710231,医療法人社団　辰星会　新開医院,東広島市黒瀬町兼沢１０７４,0823-82-2074,医療法人社団　辰星会　理事長　新開　洋一,新開　洋一,内　小,,平5. 9. 1,ika
診療所,34,3710637,清水医院,東広島市黒瀬町丸山１３２４,0823-82-2011,清水　雅宏,清水　雅宏,内,,平10. 11. 25,ika
診療所,34,3710769,山形内科循環器医院,東広島市黒瀬町楢原２４３－６,0823-82-4577,医療法人社団　山形内科循環器医院　理事長　山形　東吾,山形　東吾,内　循環器内科　呼内　糖尿病内科,,平6. 4. 1,ika
病院,34,3710777,康成病院,東広島市黒瀬町楢原７５７,0823-82-3113,医療法人社団　仁清会　理事長　小林　史典,小林　史典,療養　内,,平2. 7. 1,ika
病院,34,3710793,医療法人　真慈会　真愛病院,東広島市黒瀬町兼広２７９,0823-70-4011,医療法人　真慈会　理事長　小出　真一郎,山口　昌宏,療養　内　神内　循環器内科　リハ　皮　形外,,平6. 8. 1,ika
診療所,34,3710835,前田医院　東広島　消化器内科・内視鏡内科,東広島市黒瀬町国近３３５－１,0823-82-2179,医療法人　宥善会　前田医院　理事長　佐々木　政敏,佐々木　政敏,内　胃,,平6. 7. 1,ika
診療所,34,3710843,松ケ丘医院,東広島市黒瀬松ケ丘１０番２１号,0823-82-0123,谷田　秀則,谷田　秀則,内,,平4. 6. 1,ika
診療所,34,3710892,はたの小児科,東広島市黒瀬町兼広５－１,0823-83-1011,波多野　修一,波多野　修一,小,,平10. 12. 1,ika
診療所,34,3810379,医療法人　寿仁会　田原クリニック,三原市大和町下徳良１９０１－８,0847-33-0480,医療法人　寿仁会　田原クリニック　理事長　田原　寛之,田原　寛之,内　外　循環器内科,,平6. 11. 1,ika
診療所,34,3810510,豊栄診療所,東広島市豊栄町乃美３００９,082-432-2005,医療法人　青雲会　理事長　氏家　一尋,氏家　一尋,内　小,,平9. 5. 1,ika
診療所,34,3810585,医療法人社団　河内会　河内クリニック,東広島市河内町中河内１１９７－１,082-420-7665,医療法人社団　河内会　理事長　富安　基晴,富安　基晴,皮　内　アレ　整外　リハ　小,,平16. 8. 1,ika
診療所,34,3910146,医療法人社団　回生会　永井医院,尾道市瀬戸田町瀬戸田３４９－７,0845-27-0020,医療法人社団　回生会　永井医院　理事長　永井　晃,天野　尋暢,一般　外　内　整外,,平元. 10. 1,ika
診療所,34,3910237,医療法人社団　田村医院,豊田郡大崎上島町明石　２７００,0846-63-0311,医療法人社団　田村医院　理事長　田村　淳,田村　淳,一般　内　消　胃　婦,,平11. 5. 1,ika
診療所,34,3910302,円山医院,豊田郡大崎上島町中野４３２２－３,08466-4-2062,円山　忠信,円山　忠信,内,,平13. 7. 1,ika
診療所,34,3910344,医療法人社団　升谷医院,呉市豊浜町豊島３９５８,0823-68-2015,医療法人社団　升谷医院　理事長　後藤　友彦,後藤　友彦,内　外　肛門外科,,平5. 3. 1,ika
診療所,34,3910393,射場医院,豊田郡大崎上島町東野　５４８１－４,0846-65-3304,射場　一光,射場　一光,整外　外　内,,昭57. 8. 1,ika
診療所,34,3910476,東邦契島製錬株式会社診療所,豊田郡大崎上島町東野５５６２－１,0846-65-3811,東邦契島製錬株式会社　代表取締役社長　山崎　晃一,村井　博,内　外,,昭33. 2. 1,ika
診療所,34,3910484,医療法人　沖本クリニック,呉市豊町久比１８５－４,0823-66-2314,医療法人　沖本クリニック　理事長　沖本　信和,沖本　信和,整外　内　循環器内科　呼内　外,,平元. 7. 1,ika
診療所,34,3910500,越智医院,呉市豊町大長４９７６－２,0823-66-2110,医療法人社団　越智医院　理事長　越智　崇史,越智　崇史,内　小　放,,平15. 11. 1,ika
病院,34,3910559,医療法人　仁康会　本郷中央病院,三原市下北方一丁目７番３０号,0848-86-6780,医療法人　仁康会　理事長　谷本　雄謙,谷本　康信,一般　内　呼内　循環器内科　胃腸内科　糖尿病内科　心内　外　呼外　心外　消化器外科　整外　リウ　ひ　眼　耳い　リハ　麻,,昭61. 10. 1,ika
診療所,34,3910583,ときや内科,豊田郡大崎上島町沖浦１００１,0846-63-0001,医療法人　妙好会　理事長　釋舎　龍三,釋舎　龍三,内　消　放,,平9. 1. 1,ika
診療所,34,3910617,大崎上島町耳鼻咽喉科診療所,豊田郡大崎上島町東野６６２５番地１,08466-7-3311,大崎上島町長　谷川　正芳,井口　哲彦,耳い,,平18. 4. 1,ika
診療所,34,4010052,医療法人社団　渡辺クリニック,呉市川尻町西２丁目１１－１５,0823-87-2025,医療法人社団　渡辺クリニック　理事長　渡　倫太郎,渡　倫太郎,内　小,,平13. 6. 1,ika
診療所,34,4010078,医療法人　西田医院,呉市安浦町中央４丁目１－１１,0823-84-2019,医療法人西田医院　理事長　西田　祐乃,西田　祐乃,内　小,,平9. 1. 1,ika
診療所,34,4010136,医療法人　山下内科クリニック,呉市川尻町西２丁目４－２８,0823-87-2145,医療法人　山下内科クリニック　理事長　山下　善寛,山下　善寛,内　消　胃　呼　循　放,,平11. 5. 1,ika
診療所,34,4010144,藤田医院,呉市川尻町西２丁目１４－２５,0823-87-2067,医療法人　藤田医院　理事長　藤田　恵子,藤田　恵子,内,,平2. 9. 1,ika
診療所,34,4010409,南海診療所,東広島市安芸津町風早２０２７,0846-45-0131,大木　恵,大木　恵,整外　外　内　リハ　放　リウ,,平13. 3. 20,ika
診療所,34,4010425,医療法人社団　たつき会　菅田医院,呉市川尻町東１丁目２１－１,0823-87-2529,医療法人社団　たつき会　菅田医院　理事長　菅田　宗樹,菅田　宗樹,外　内　整外　皮　放,,平11. 10. 1,ika
診療所,34,4010441,医療法人社団　住吉医院,呉市川尻町東１丁目１０－１２,0823-87-6123,医療法人社団　住吉医院　理事長　住吉　睦人,住吉　睦人,小　内,,平3. 4. 1,ika
診療所,34,4010524,かわぐち胃腸科,呉市川尻町西１丁目３５－２５,0823-87-0113,河口　弘行,河口　弘行,内　消,,平9. 4. 1,ika
診療所,34,4110233,医療法人社団奉佑会　本多医院,尾道市御調町丸河南７２１－１,0848-76-0036,医療法人社団奉佑会本多医院　理事長　本多　元陽,本多　元陽,内　外,,平8. 6. 1,ika
診療所,34,4110258,土本ファミリークリニック,尾道市向島町５９００,0848-44-0246,医療法人土本医院　理事長　土本　薫,土本　薫,内　小　心内,,平12. 9. 1,ika
診療所,34,4110266,三宅医院,尾道市向島町５７６－１,0848-44-1048,三宅　規之,三宅　規之,外　胃　循　整外　こう　放,,平6. 11. 1,ika
診療所,34,4110274,山本医院,尾道市向島町１４７７５,0848-44-0308,山本　克己,山本　克己,内　循,,平11. 4. 1,ika
診療所,34,4110290,大田垣医院,尾道市向島町５４２－３５,0848-44-0660,大田垣　博文,大田垣　博文,内,,平10. 6. 1,ika
診療所,34,4110324,医療法人　たなか医院,尾道市御調町神１０１,0848-76-0160,医療法人　たなか医院　理事長　田中　佳人,田中　佳人,内,,平7. 2. 1,ika
診療所,34,4110357,医療法人社団博和会　得本医院,尾道市向島町５４５０,0848-45-0555,医療法人社団博和会　得本医院　理事長　吉田　真里,吉田　真里,一般　療養　整外　リウ　外,,平元. 10. 1,ika
診療所,34,4110431,医療法人社団　小坂耳鼻咽喉科クリニック,尾道市向島町５８８３－７,0848-45-3336,医療法人社団　小坂耳鼻咽喉科クリニック　理事長　小坂　史郎,小坂　史郎,耳い　気食,,平15. 10. 1,ika
病院,34,4210025,公立世羅中央病院,世羅郡世羅町大字本郷９１８－３,0847-22-1127,世羅中央病院企業団　企業長　横田　和典,來嶋　也寸無,一般　内　脳内　血液内科　小　外　消化器外科　呼外　整外　形外　脳外　リハ　皮　ひ　産婦　耳い　麻　歯　矯歯,155,昭32. 7. 1,ika
診療所,34,4210223,医療法人社団　瀬尾医院,世羅郡世羅町本郷８２５－１,0847-22-1148,医療法人社団　瀬尾医院　理事長　瀬尾　泰樹,瀬尾　泰樹,内　呼　消　小　外　麻　整外,,平2. 12. 1,ika
診療所,34,4210355,医療法人社団光羅会　藤原眼科,世羅郡世羅町大字本郷１０２８,0847-22-0077,医療法人社団光羅会　理事長　村木　剛,村木　剛,一般　眼　美容皮膚科　美外　小児眼科,,平7. 2. 1,ika
診療所,34,4210389,森岡医院,世羅郡世羅町大字西上原４８２－１３,08472-2-3110,医療法人社団甲知会　理事長　森岡　栄,森岡　栄,内　胃　外　皮　こう　リハ,,平7. 12. 1,ika
診療所,34,4210413,医療法人社団　卜部医院　うらべ医院,世羅郡世羅町大字本郷字広瀬６１４－１,0847-25-0116,医療法人社団　卜部医院　理事長　卜部　利眞,卜部　利眞,一般　内　循環器内科　消化器内科　人工透析内科,,平10. 10. 1,ika
診療所,34,4210421,正覚　クリニック,世羅郡世羅町安田６－２,0847-25-2251,正覺　雅洋,正覺　雅洋,内　外,,平25. 7. 1,ika
診療所,34,4210439,さともとクリニック,世羅郡世羅町寺町１５５７－２,0847-22-0222,里本　一剛,里本　一剛,内　外　胃腸内科　肛門外科,,平25. 10. 2,ika
診療所,34,4310080,常石医院,福山市沼隈町大字常石１０８３,0849-87-0045,社会医療法人社団　沼南会　理事長　檜谷　鞠子,明石　英男,内　小　外　整外,,平8. 12. 1,ika
診療所,34,4310130,木下メディカルクリニック,福山市沼隈町草深１７１１,084-987-1252,社会医療法人社団　沼南会　理事長　檜谷　鞠子,桧谷　義美,一般　外　整外　胃,,平14. 4. 1,ika
診療所,34,4310171,高橋医院,福山市沼隈町草深４２８－１,0849-87-2345,医療法人　高橋医院　理事長　高橋　浩,髙橋　浩,内　胃　外,,平14. 7. 1,ika
診療所,34,4310189,倉田内科医院,福山市沼隈町中山南１２３３－３,084-988-0111,医療法人悠友会　理事長　倉田　要,倉田　要,内　消　循　小,,平元. 10. 1,ika
診療所,34,4310197,「ゼノ」診療所,福山市沼隈町草深７２２３,084-987-0357,社会福祉法人「ゼノ」少年牧場　理事長　寳子丸　周吾,黒瀬　信隆,内　精　歯,,昭58. 8. 1,ika
病院,34,4310239,沼隈病院,福山市沼隈町中山南４６９－３,084-988-1888,社会医療法人社団　沼南会　理事長　檜谷　鞠子,川真田　修,一般　療養　内　外　小　整外　婦　耳い　形外　呼外　脳外　リハ　胃腸内科　胃腸外科　肛門外科　消化器内科　消化器外科　呼内　循環器内科　歯　麻,,平8. 12. 1,ika
診療所,34,4310247,佐々木内科クリニック,福山市沼隈町草深１９６４－１,084-980-0333,佐々木　昌也,佐々木　昌也,内　胃　小,,平14. 12. 1,ika
診療所,34,4310254,村上泌尿器科内科医院,福山市沼隈町常石２６３５,084-980-0115,村上　純一,村上　純一,ひ　内,,平17. 1. 1,ika
診療所,34,4410062,竹丸外科胃腸科,福山市神辺町川南３１７５,084-963-0367,医療法人　英知会　理事長　竹丸　文夫,竹丸　文夫,外　消胃　内　整外　皮　リハ　放,,平11. 4. 1,ika
診療所,34,4410070,医療法人穣和会　藤田医院,福山市神辺町川北１３０－１,084-962-0720,医療法人穣和会藤田医院　理事長　藤田　興,藤田　興,内　循　小,,平7. 12. 1,ika
診療所,34,4410278,片山整形外科医院,福山市神辺町川南１３７３－５,084-962-0726,片山　元文,片山　元文,整外　リウ　リハ　外,,平8. 1. 1,ika
診療所,34,4410286,医療法人社団　成恵会　やまてクリニック,福山市神辺町川南１０４４－４,084-962-2832,医療法人　社団成恵会　やまてクリニック　理事長　山手　貴詔,山手　貴詔,一般　内　ひ　循　皮ひ　脳外,,平14. 10. 1,ika
診療所,34,4410294,医療法人社団　柚木外科医院,福山市神辺町川北９５４－４,084-963-1311,医療法人社団　柚木外科医院　理事長　柚木　利紀,柚木　利紀,一般　外　胃　こう　整外　皮ひ　リハ,,平9. 11. 1,ika
病院,34,4410344,医療法人　慈彗会　亀川病院,福山市神辺町下御領６８２－１,084-966-0066,医療法人　慈彗会　理事長　亀川　禎央,亀川　禎央,一般　療養　整外　内　形外　眼　麻　リハ　神内,,平17. 11. 1,ika
診療所,34,4410351,医療法人社団　藤崎眼科医院,福山市神辺町川南３１４３－１,084-963-2277,医療法人社団　藤崎眼科医院　理事長　皿田　勝久,皿田　勝久,眼,,平元. 11. 1,ika
診療所,34,4410369,いぐち内科,福山市神辺町徳田８４６－１,084-963-2481,井口　富紀子,井口　富紀子,内　消　循,,昭59. 3. 1,ika
診療所,34,4410401,柴田内科,福山市神辺町道上１－１７,084-962-3633,医療法人社団清和会　理事長　柴田　和成,柴田　和成,内　呼　消　循,,平5. 8. 1,ika
診療所,34,4410419,小川内科胃腸科,福山市神辺町新徳田５４５－１,084-962-3883,医療法人社団ひまわり会小川内科胃腸科　理事長　小川　晃,小川　晃,内　胃　循　リハ　呼　アレ,,平6. 7. 1,ika
診療所,34,4410427,フジタクリニック,福山市神辺町川南３１６２－１,0849-63-6848,藤田　博久,藤田　博久,精神神経科　神内　心内　内,,平5. 4. 1,ika
診療所,34,4410435,医療法人社団　誠心会　うえだ皮ふ科クリニック,福山市神辺町新徳田３丁目５４２－１,084-963-7575,医療法人社団　誠心会　うえだ皮ふ科クリニック　理事長　上田　讓二,上田　讓二,皮　アレ,,平13. 4. 1,ika
診療所,34,4410443,医療法人社団　親愛会　髙橋脳神経外科循環器内科,福山市神辺町道上３００４,084-960-3020,医療法人社団　親愛会　理事長　髙橋　一則,髙橋　一則,脳外　リハ　放,,平15. 4. 1,ika
診療所,34,4410450,優輝整形リハビリステーション,福山市神辺町川南１０５－１,084-962-4004,医療法人社団　トータルケアグループ　理事長　重政　勝之,重政　勝之,整外　リハ　リウ,,平14. 10. 1,ika
診療所,34,4410468,医療法人　まが医院,福山市神辺町平野１２１－５,084-963-3127,医療法人　まが医院　理事長　間賀　俊朗,間賀　俊朗,内,,平17. 4. 1,ika
診療所,34,4410476,みはら眼科,福山市神辺町新徳田２丁目３０９,084-960-5525,医療法人社団　豊仁会　三原医院　理事長　三原　研一,三原　研一,一般　眼,,平13. 12. 1,ika
診療所,34,4410518,きぬた小児科,福山市神辺町川南９６０－３,084-962-5551,絹田　恵子,絹田　恵子,小,,平17. 10. 1,ika
病院,34,4510051,寺岡記念病院,福山市新市町大字新市３７,0847-52-3140,社会医療法人社団陽正会　理事長　寺岡　謙,熊谷　功,一般　療養　内　外　整外　脳外　ひ　リハ　リウ　形外　神内　循,211,昭52. 2. 1,ika
診療所,34,4510267,医療法人　三島医院,福山市新市町宮内１８６－５,0847-51-2103,医療法人三島医院　理事長　三島　孝仁,三島　崇輝,療養　内,,平元. 6. 1,ika
診療所,34,4510408,金高整形外科医院,福山市新市町大字戸手８１４－１０,0847-51-5789,医療法人社団聖医会　理事長　金高　利昌,金高　利昌,整外　リハ　リウ,,平7. 12. 1,ika
診療所,34,4510416,石川クリニック,福山市新市町大字上安井５０,0847-51-8650,医療法人社団石川クリニック　理事長　石川　政則,石川　政則,外　内　皮　肛門外科,,平8. 4. 1,ika
診療所,34,4610265,吉實クリニック,神石郡神石高原町油木乙６６７６－１５,0847-82-0005,吉實　憲,吉實　憲,内　外　麻　皮　リハ,,平10. 4. 1,ika
診療所,34,4610281,神石高原町立神石へき地診療所,神石郡神石高原町福永１４４１番地２,0847-87-0199,神石高原町長　入江　嘉則,鈴木　,内　外　胃,,令2. 10. 1,ika
病院,34,4610299,神石高原町立病院,神石郡神石高原町小畠１７０９－３,0847-85-2711,神石高原町長　入江　嘉則,原田　亘,一般　内　外　眼　整外　脳外　リウマチ・膠原病科　リハ,,令4. 5. 1,ika
診療所,34,4610307,神石のたまご　産婦人科,神石郡神石高原町坂瀬川５１４６番地１８,0847-82-3058,日下　剛,日下　剛,産婦,,令7. 9. 1,ika
診療所,34,4810014,三浦クリニック,三次市吉舎町吉舎７７０,0824-43-2020,三浦　誠司,三浦　誠司,内　胃,,平7. 5. 1,ika
診療所,34,4810055,今井医院,三次市三良坂町三良坂２６３３,0824-44-2019,今井　徹,今井　徹,内　外,,平4. 4. 1,ika
診療所,34,4810063,星田医院,三次市吉舎町敷地１４９７－１,0824-43-2581,医療法人社団星田医院　理事長　星田　昌吾,星田　昌吾,内,,平3. 1. 1,ika
診療所,34,4810071,津島医院,三次市三和町敷名４８３０－１,0824-52-2116,医療法人津島医院　理事長　津島　弘文,津島　弘文,内　小　皮,,平6. 7. 1,ika
診療所,34,4810279,高場クリニック,三次市三良坂町三良坂８７７－５,0824-44-2057,高場　憲夫,高場　憲夫,内　小,,昭63. 3. 24,ika
診療所,34,4810287,医療法人　たかば内科医院,三次市三良坂町三良坂１０９６－３,0824-44-2025,医療法人　たかば内科医院　理事長　高場　敦久,高場　敦久,一般　療養　内　消化器内科　循環器内科,,平3. 1. 1,ika
診療所,34,4810436,田中医院,三次市吉舎町吉舎４９３,0824-43-2109,岩崎　光彦,岩崎　光彦,内　外,,平12. 4. 1,ika
診療所,34,4810444,おおたクリニック,三次市三和町敷名１１４６１－５,0824-52-3177,太田　市郎,太田　市郎,整外　リハ,,平14. 11. 1,ika
診療所,34,4910053,医療法人社団千手会　瀬尾医院,庄原市東城町川東１６３－７,08477-2-0023,医療法人社団千手会瀬尾医院　理事長　細川　鎮史,細川　鎮史,内　消化器内科　放,,平5. 2. 1,ika
病院,34,4910129,医療法人社団増原会　東城病院,庄原市東城町川東１４６３－１,08477-2-2150,医療法人社団増原会　理事長　増原　章,増原　章,一般　療養　外　内　皮　肛門外科　透析　リハ,,昭62. 4. 5,ika
診療所,34,4910137,日傳医院,庄原市東城町川西４９３－１,08477-2-2180,日傳　晶夫,日傳　晶夫,内　小　外　胃,,平12. 3. 23,ika
診療所,34,4910202,医療法人社団　国原医院,庄原市口和町永田４０２－４,0824-89-2310,医療法人社団　国原医院　理事長　国原　玄一郎,国原　玄一郎,内　小　放,,平14. 10. 1,ika
診療所,34,4910376,細川医院,庄原市東城町東城１３３－１,08477-2-0054,医療法人社団杏亮会　理事長　細川　かをり,細川　かをり,一般　療養　皮　美容皮膚科　内,,平4. 3. 1,ika
病院,34,8010017,広島大学病院,広島市南区霞１丁目２－３,082-257-5555,国立大学法人　広島大学　学長　越智　光夫,安達　伸生,一般　精神　一般（感染）　感染　内　脳外　脳内　精　眼　耳い　呼内　呼外　心外　皮　整外　形外　麻　リウ　ひ　産婦　小　小外　病理　リハ　歯　矯歯　小歯　歯外　循環器内科　消化器・代謝内科　消化器外科　放射線診断科　放射線治療科　救急科　移植外科　乳腺外科　内分泌・糖尿病内科　血液内科　腎臓内科　腫瘍内科　感染症内科,722,昭32. 10. 1,ika
病院,34,8010033,独立行政法人国立病院機構　呉医療センター,呉市青山町３－１,0823-22-3111,独立行政法人国立病院機構　理事長　新木　一弘,繁田　正信,一般　精神　内　内分泌・糖尿病内科　腎臓内科　内視鏡内科　甲状腺外　血液内科　腫瘍内科　精　脳内　呼内　消化器内科　循環器内科　小　外　消化器外科　移植外科　乳腺外科　整外　形外　脳外　呼外　心外　小外　皮　ひ　産　婦　眼　耳鼻咽喉科・頭頸部外科　リハ　放射線診断科　放射線腫瘍科　緩和ケア科　歯　歯外　病理　救急科　リウマチ・膠原病内科　麻,595,昭32. 7. 1,ika
病院,34,8010041,独立行政法人国立病院機構　福山医療センター,福山市沖野上町４丁目１４－１７,084-922-0001,独立行政法人国立病院機構　理事長　新木　一弘,稲垣　優,一般　内　糖尿病・内分泌内科　肝臓内科　精　呼内　消化器内科　消化管外科　循環器内科　小児科　新生児科　外　肝臓・胆のう・膵臓外科　肛門外科　乳腺・内分泌外科　整外　形外　脳外　呼外　血管外科　小外　泌尿器科　小児泌尿器科　皮　産婦　眼　耳鼻咽喉・頭頚部外科　リハ　放射線診断科　放射線治療科　麻　病理,350,昭41. 8. 15,ika
病院,34,8010058,独立行政法人国立病院機構　広島西医療センター,大竹市玖波４丁目１－１,0827-57-7151,独立行政法人国立病院機構　理事長　新木　一弘,鳥居　剛,一般　内　精　脳内　呼内　消化器内科　循環器内科　アレ　リウ　小　外　整外　皮　ひ　産婦　眼　耳い　リハ　放　歯　麻　血液内科　腎臓内科　肝臓内科　糖尿病・内分泌・代謝内科　総合診療科　形外　病理,440,昭32. 7. 1,ika
病院,34,8010066,独立行政法人国立病院機構　東広島医療センター,東広島市西条町寺家５１３,082-423-2176,独立行政法人国立病院機構　理事長　新木　一弘,柴田　諭,一般　結核　一般（感染）　内分泌・糖尿病内科　腎臓内科　精　脳内　呼内　消化器内科　血液内科　循環器内科　小　消化器外科　乳腺・内分泌外科　整外　脳外　呼外　心外　皮　ひ　産婦　眼　耳い　リハ　放　歯　麻　病理,385,昭32. 7. 1,ika
病院,34,8010082,独立行政法人国立病院機構　賀茂精神医療センター,東広島市黒瀬町南方９２,0823-82-3000,独立行政法人国立病院機構　理事長　新木　一弘,山口　博之,一般　精神　内　心内　精　歯　リハ,412,昭32. 7. 1,ika
歯科,34,0130116,荒谷歯科医院,広島市中区大手町２－５－６,082-247-6468,荒谷　恭史,荒谷　恭史,歯,,平10. 4. 19,shika
歯科,34,0130124,医療法人社団　髙輪会　髙木歯科医院,広島市南区段原南１－１９－４,082-251-0794,医療法人社団　髙輪会　理事長　髙木　尚美,髙木　尚美,歯,,平元. 9. 1,shika
歯科,34,0130165,河田歯科,広島市中区八丁堀１４－１０新八丁堀ビル７階,082-221-6838,河田　幸雄,河田　幸雄,歯,,平3. 5. 1,shika
歯科,34,0130256,玉川歯科医院,広島市南区宇品海岸２－１－１０,082-251-4650,玉川　博,玉川　博,歯,,平18. 4. 7,shika
歯科,34,0130306,宗像歯科医院,広島市中区東白島町１８－４,082-221-1578,宗像　光利,宗像　光利,歯,,平10. 9. 3,shika
歯科,34,0130405,中村歯科医院,広島市中区大手町５丁目４－１４,082-241-8502,中村　衛,中村　衛,歯,,平20. 1. 1,shika
歯科,34,0130488,後藤歯科医院,広島市中区橋本町１０－１,082-221-2728,後藤　眞也,後藤　眞也,歯,,平9. 1. 1,shika
歯科,34,0130546,三宅歯科医院,広島市中区光南１－３－２６,082-241-5523,三宅　正純,三宅　正純,歯,,平9. 1. 1,shika
歯科,34,0130694,児玉歯科,広島市南区西蟹屋４－２－３８,082-261-8241,児玉　安弘,児玉　安弘,歯,,昭59. 11. 1,shika
歯科,34,0130850,小谷歯科医院,広島市南区青崎１丁目６－１２,082-281-2378,小谷　博夫,小谷　博夫,歯,,昭54. 11. 2,shika
歯科,34,0130884,植木歯科医院,広島市中区幟町１３－２３,082-221-2800,植木　貴宏,植木　貴宏,歯,,平17. 1. 1,shika
歯科,34,0130934,平野歯科医院,広島市中区光南１丁目９－１８,082-247-7354,平野　隆司,平野　隆司,歯　小歯,,平9. 7. 1,shika
歯科,34,0130991,小島歯科医院,広島市南区西霞町７－１３,082-251-7018,小島　隆,小島　隆,歯　小歯,,平13. 1. 1,shika
歯科,34,0131080,医療法人社団　本山歯科医院,広島市中区上八丁堀７－９,082-221-3746,医療法人社団　本山歯科医院　理事長　本山　智得,本山　智得,歯,,平元. 10. 1,shika
歯科,34,0131494,うりゅう歯科医院,広島市中区昭和町６－２８,082-241-0751,瓜生　賢,瓜生　賢,歯　小歯,,平13. 12. 1,shika
歯科,34,0131544,波田歯科医院,広島市中区吉島西１丁目２０－５,082-241-4513,波田　佳範,波田　佳範,歯,,平16. 1. 1,shika
歯科,34,0131759,鍵山歯科医院,広島市南区上東雲町３１－６,082-282-5388,松永　陽子,松永　陽子,歯,,昭59. 12. 27,shika
歯科,34,0131890,山崎歯科医院,広島市東区矢賀新町２丁目７－１０,082-281-4310,山崎　和広,山崎　和広,歯,,平20. 6. 2,shika
歯科,34,0131908,門前歯科医院,広島市中区東千田町１－１－３８,082-243-3050,門前　弘美,門前　弘美,歯,,昭44. 4. 1,shika
歯科,34,0131916,久保木歯科医院,広島市中区袋町５－３久保木ビル２Ｆ,082-247-4555,医療法人　久保木歯科医院　理事長　久保木　利正,久保木　利正,歯,,平14. 8. 1,shika
歯科,34,0131924,医療法人社団　シャン・ヴィラージュ会　野村歯科医院,広島市東区光町２－６－１万勝ビル内,082-262-6865,医療法人社団　シャン・ヴィラージュ会　理事長　野村　登志夫,野村　登志夫,歯,,平元. 10. 1,shika
歯科,34,0132005,医療法人社団みずほ会　清水歯科医院,広島市中区基町１１－５和光紙屋町ビル２Ｆ,082-227-5365,医療法人社団　みずほ会　理事長　清水　肇,吉田　昌弘,歯　小歯　歯外,,昭46. 4. 1,shika
歯科,34,0132039,上野歯科医院,広島市東区戸坂南１－１２－７,082-229-2526,白神　葉子,白神　葉子,歯,,平20. 7. 1,shika
歯科,34,0132161,渡辺歯科医院,広島市東区牛田本町４－２－５２,082-228-7987,渡辺　正志,渡辺　正志,歯,,昭59. 2. 1,shika
歯科,34,0132328,のぶもと歯科,広島市中区宝町９－２５,082-246-0600,医療法人社団　のぶもと歯科　理事長　延本　全彦,延本　全彦,歯　小歯,,平20. 10. 1,shika
歯科,34,0132336,光ケ丘歯科医院,広島市東区光町２－８－１９,082-263-1339,医療法人修医会　光ヶ丘歯科医院　理事長　横村　康彦,横村　邦彦,歯,,平元. 7. 1,shika
歯科,34,0132377,山田歯科医院,広島市安芸区船越３丁目１３－１６,082-823-2121,山田　純,山田　純,歯,,平16. 5. 1,shika
歯科,34,0132500,医療法人社団　博和会　鯉城歯科医院,広島市東区光町１－１１－７,082-263-8148,医療法人社団　博和会　理事長　平田　あつ子,平田　玲加,歯　小歯,,昭50. 10. 1,shika
歯科,34,0132609,家頭歯科医院,広島市安芸区船越５－１３－９,082-823-3768,家頭　照彦,家頭　照彦,歯,,平4. 11. 1,shika
歯科,34,0132674,医療法人社団　久米歯科医院,広島市中区西平塚町７－２４,082-246-9600,医療法人社団　久米歯科医院　理事長　久米　守,久米　守,歯,,平5. 8. 1,shika
歯科,34,0132690,水上歯科医院,広島市東区戸坂出江２－７－２０,082-220-1717,医療法人　水上歯科医院　理事長　水上　良知,水上　良知,歯　小歯,,平元. 11. 1,shika
歯科,34,0132740,津田歯科医院,広島市中区大手町３丁目６－１９,082-247-3633,津田　正昭,津田　正昭,歯　小歯　矯歯,,昭54. 11. 1,shika
歯科,34,0132765,藤林歯科医院,広島市南区東本浦町１０－１３,082-281-8211,藤林　多美子,藤林　多美子,歯,,昭53. 2. 1,shika
歯科,34,0132781,宮木歯科医院,広島市安芸区中野２－１７－１６,082-892-1531,宮木　克章,宮木　克章,歯,,昭53. 4. 1,shika
歯科,34,0132872,野坂歯科医院,広島市東区牛田新町１－６－３６光藤ビル,082-223-2882,野坂　寛,野坂　寛,歯,,昭54. 4. 1,shika
歯科,34,0132880,旭町歯科医院,広島市南区旭２－３－２１,082-254-1811,大平　勇治,大平　勇治,歯,,昭54. 4. 1,shika
歯科,34,0132930,医療法人社団　柄歯科医院,広島市中区本通７－３０槌屋ビル２階,082-248-0066,医療法人社団　柄歯科医院　理事長　柄　慎太郎,柄　俊彦,歯,,平15. 9. 1,shika
歯科,34,0132955,医療法人あした会　中西歯科・こども矯正歯科,広島市南区比治山本町１６－３５,082-251-6480,医療法人あした会中西歯科・こども矯正歯科　理事長　中西　茂,中西　茂,歯　矯歯　小歯,,平15. 10. 1,shika
歯科,34,0133003,八丁堀歯科医院,広島市中区八丁堀３－８白峯ビル４Ｆ,082-227-3344,前田　英治,前田　英治,歯,,昭55. 4. 1,shika
歯科,34,0133011,河村歯科医院,広島市中区昭和町４－２２－２０１,082-247-6480,河村　久輝,河村　久輝,歯,,昭55. 4. 1,shika
歯科,34,0133037,山村歯科医院,広島市東区二葉の里１－２－１－１０１,082-264-0118,山村　剛,山村　剛,歯,,昭55. 5. 1,shika
歯科,34,0133052,久米歯科医院,広島市中区千田町３丁目１０－３,082-246-1415,久米　克英,久米　克英,歯　歯外　矯歯　小歯,,平19. 6. 21,shika
歯科,34,0133136,どえ歯科医院,広島市南区東雲本町２丁目４－２０,082-282-7777,医療法人Ｄ・Ｆ・Ｃ　理事長　土江　雄治朗,土江　雄治朗,歯　矯歯　小歯,,平16. 11. 1,shika
歯科,34,0133219,荒川歯科,広島市中区袋町６－５３,082-244-0418,荒川　信介,荒川　信介,歯,,昭56. 7. 1,shika
歯科,34,0133227,大保歯科医院,広島市南区丹那町５－２,082-254-0010,大保　順一,大保　順一,歯,,昭56. 8. 1,shika
歯科,34,0133235,森永歯科医院,広島市南区大州３－９－２１,082-283-8241,森永　虎雄,森永　虎雄,歯,,昭56. 11. 1,shika
歯科,34,0133268,三善歯科医院,広島市東区馬木５－１４５５,082-899-8331,三善　陸朗,三善　陸朗,歯,,昭57. 1. 1,shika
歯科,34,0133292,田中歯科医院,広島市東区東山町２－１２,082-281-1074,田中　康弘,田中　康弘,歯,,昭57. 2. 24,shika
歯科,34,0133383,木村歯科医院,広島市南区宇品西５丁目１１番１－１０４号,082-255-8148,医療法人社団　一水会　理事長　木村　慶子,木村　一水,歯　小歯　矯歯,,平19. 5. 13,shika
歯科,34,0133433,小田歯科医院,広島市南区大州４－９－１７,082-283-0077,小田　正秀,小田　正秀,歯,,昭58. 8. 1,shika
歯科,34,0133441,医療法人社団　小野歯科医院,広島市中区南竹屋町６－４,082-243-0788,医療法人社団　小野歯科医院　理事長　小野　裕記,小野　裕記,歯　小歯,,平19. 10. 1,shika
歯科,34,0133508,医療法人社団　益田歯科クリニック,広島市東区牛田本町３丁目３－１５,082-228-8118,医療法人社団　益田歯科クリニック　理事長　益田　吉人,益田　吉人,歯,,平6. 10. 1,shika
歯科,34,0133516,こたく歯科医院,広島市東区若草町１０－１１加藤ビル１Ｆ,082-262-0648,古宅　康久,古宅　康久,歯,,昭59. 8. 1,shika
歯科,34,0133565,森野歯科医院,広島市中区白島北町１４－２３,082-223-8558,森野　茂,森野　茂,歯　小歯,,昭60. 5. 1,shika
歯科,34,0133573,山田歯科医院,広島市中区国泰寺町１－３－１２,082-244-5955,山田　庸二,山田　庸二,歯,,昭60. 9. 1,shika
歯科,34,0133581,小早川歯科医院,広島市南区東雲本町２－５－１７,082-282-7280,小早川　靖,小早川　靖,歯　小歯,,平6. 8. 1,shika
歯科,34,0133599,別木歯科医院,広島市東区戸坂出江１－２－１,082-229-6480,別木　亮一,別木　亮一,歯,,昭61. 5. 1,shika
歯科,34,0133607,中本歯科医院,広島市南区荒神町４－１晋全ビル,082-261-6480,中本　雅志,中本　雅志,歯　小歯,,昭61. 5. 1,shika
歯科,34,0133615,本通り歯科,広島市中区紙屋町２－３－１革屋町ビル３Ｆ,082-243-0418,三次　美里,三次　美里,歯,,昭61. 5. 1,shika
歯科,34,0133623,安芸岸保歯科,広島市安芸区中野６丁目４７－１０,082-893-3355,岸保　智幸,岸保　智幸,歯,,平13. 11. 1,shika
歯科,34,0133664,洋光歯科クリニック,広島市南区向洋本町５－５－１０１,082-284-0022,吉武　政博,吉武　政博,歯,,昭62. 3. 1,shika
歯科,34,0133672,横山歯科医院,広島市中区三川町７－２１,082-243-6480,横山　隆道,横山　隆道,歯　歯外,,昭62. 6. 1,shika
歯科,34,0133698,石本歯科医院,広島市中区鉄砲町９－２４カサヴェルデ八丁堀２Ｆ,082-223-1414,石本　勝三,石本　勝三,歯　矯歯,,平14. 7. 1,shika
歯科,34,0133714,なべしま小児歯科医院,広島市南区宇品神田２－１４－２２－１０３,082-255-0118,鍋島　耕二,鍋島　耕二,歯　矯歯　小歯,,昭63. 5. 1,shika
歯科,34,0133748,国家公務員共済組合連合会　広島合同庁舎診療所,広島市中区上八丁堀６－３０　３号館,082-221-9411,国家公務員共済組合連合会　理事長　松元　崇,山田　朗,歯,,昭63. 9. 1,shika
歯科,34,0133755,佐野歯科クリニック,広島市中区大手町３－８－４,082-246-2933,医療法人社団　有和会　佐野歯科クリニック　理事長　佐野　隆志,佐野　隆志,歯,,平5. 8. 1,shika
歯科,34,0133771,和田歯科医院,広島市南区宇品神田５－５－１,082-253-1184,和田　本城,和田　本城,歯,,平元. 6. 1,shika
歯科,34,0133839,芦浦歯科医院,広島市中区胡町６－２６福屋１１Ｆ,082-246-6640,芦浦　文佳,芦浦　文佳,歯,,平2. 4. 1,shika
歯科,34,0133847,ふるたに歯科,広島市南区段原南２－１２－２５,082-263-0263,古谷　知之,古谷　知之,歯,,平2. 4. 1,shika
歯科,34,0133870,ゆあさ歯科医院,広島市安佐北区白木町小越２４４－１,082-828-0003,湯浅　速,湯浅　速,歯　矯歯　小歯,,平2. 6. 1,shika
歯科,34,0133888,佐々木歯科医院,広島市安佐北区白木町大字市川１４６,082-828-0548,佐々木　満,佐々木　満,歯,,平2. 6. 1,shika
歯科,34,0133946,仁野歯科クリニック,広島市中区八丁堀１２－２２築地ビル２Ｆ,082-221-5567,仁野　克明,仁野　克明,歯,,平12. 1. 1,shika
歯科,34,0133995,きむら歯科,広島市東区中山西２丁目６－１５,082-289-7676,木村　太言,木村　太言,歯,,平17. 7. 1,shika
歯科,34,0134019,福原歯科医院,広島市安芸区瀬野１－１６－１,082-894-2233,福原　健治,福原　健治,歯　矯歯　小歯,,平3. 6. 1,shika
歯科,34,0134027,まつだ歯科クリニック,広島市中区東平塚町８－２,082-249-4618,松田　浩,松田　浩,歯,,平3. 8. 1,shika
歯科,34,0134043,阿部歯科医院,広島市安芸区中野５丁目３－４０レジデンス中野１Ｆ,082-892-1616,阿部　高士,阿部　高士,歯,,平3. 10. 1,shika
歯科,34,0134068,橋本歯科医院,広島市南区翠３丁目１１－１２,082-251-7800,橋本　直典,橋本　直典,歯　小歯,,平10. 3. 1,shika
歯科,34,0134076,いしかわ歯科,広島市南区宇品東２丁目１０－６,082-252-8148,石川　潔,石川　潔,歯,,平4. 1. 1,shika
歯科,34,0134084,久保田歯科医院,広島市南区大州２丁目９－１９,082-281-0534,佐々木　みどり,佐々木　みどり,歯　小歯,,平4. 1. 1,shika
歯科,34,0134092,森本歯科医院,広島市中区光南１丁目１０－２０,082-244-5051,森本　功,森本　功,歯,,平4. 2. 1,shika
歯科,34,0134100,メディックス歯科クリニック,広島市安芸区矢野西４－１－２１,082-889-0064,医療法人　智信会　理事長　荒槙　信雄,荒槙　信雄,歯,,平4. 10. 1,shika
歯科,34,0134118,平岡歯科医院,広島市東区光町２－５－３第１１平勝ビル２０１,082-263-1100,平岡　弘光,平岡　弘光,歯,,平4. 3. 1,shika
歯科,34,0134126,もうり歯科,広島市東区福田７丁目３－１４ニューコスモス１０１,082-899-5890,毛利　雅哉,毛利　雅哉,歯,,平16. 8. 1,shika
歯科,34,0134134,歯科おかもと医院,広島市東区牛田新町４－１８－２,082-220-1811,岡本　芳明,岡本　芳明,歯,,平4. 4. 1,shika
歯科,34,0134167,あおじ歯科医院,広島市安芸区上瀬野２－１２－４６,082-894-1510,青地　達朗,青地　達朗,歯,,平4. 10. 1,shika
歯科,34,0134191,細原歯科医院,広島市東区尾長西２丁目１１－３０,082-263-0077,細原　賢一,細原　賢一,歯,,平20. 2. 1,shika
歯科,34,0134217,池本歯科医院,広島市中区加古町１－２７,082-242-8211,池本　公亮,池本　公亮,歯　小歯　歯外,,平18. 8. 1,shika
歯科,34,0134233,千田町歯科クリニック,広島市中区千田町２－１－１０,082-542-1801,山﨑　健次,山﨑　健次,歯　小歯　矯歯,,平5. 8. 1,shika
歯科,34,0134266,ふじのり歯科医院,広島市東区戸坂新町１－４－１,082-229-8211,藤範　恭弘,藤範　恭弘,歯　小歯,,平6. 4. 1,shika
歯科,34,0134274,医療法人社団誠美会　川原歯科医院,広島市中区幟町６－２６,082-228-1224,医療法人社団　誠美会　理事長　川原　正照,川原　正照,歯　歯外,,平16. 3. 1,shika
歯科,34,0134308,もりた歯科医院,広島市中区基町１－２０オプリビル３Ｆ,082-224-2460,森田　良二,森田　良二,歯　矯歯　小歯,,平6. 5. 1,shika
歯科,34,0134324,さとう歯科クリニック,広島市安芸区矢野西４－５６－２２,082-888-7310,佐藤　淳子,佐藤　淳子,歯　小歯,,平6. 6. 1,shika
歯科,34,0134332,いまい歯科医院,広島市中区富士見町１２－７,082-241-6480,今井　正人,今井　正人,歯,,平6. 8. 1,shika
歯科,34,0134340,児玉歯科医院,広島市安芸区矢野西４丁目６－２グラシアニビル,082-888-7666,児玉　正治,児玉　正治,歯,,平6. 10. 1,shika
歯科,34,0134357,せと歯科クリニック,広島市中区大手町３丁目１－１１平野ビル２Ｆ,082-542-4182,背戸　辰之,背戸　辰之,歯　小歯　矯歯,,平6. 10. 1,shika
歯科,34,0134399,ふじさわ歯科医院,広島市安芸区矢野西４丁目８－１６,082-888-8011,藤澤　敏正,藤澤　敏正,歯,,平6. 12. 1,shika
歯科,34,0134423,小笠原歯科医院,広島市南区宇品御幸１－３－６アネックス田村１Ｆ,082-252-7557,小笠原　健,小笠原　健,歯,,平7. 5. 1,shika
歯科,34,0134431,あいさか歯科クリニック,広島市安芸区畑賀２－２２－２９,082-827-1010,相坂　隆之,相坂　隆之,歯,,平7. 5. 1,shika
歯科,34,0134472,医療法人社団東広会　まこと歯科医院,広島市安芸区中野東１丁目１１－３１ユアーズ瀬野川店２階,082-893-1811,医療法人社団東広会　理事長　中西　一,中西　一,歯　小歯　歯外　矯歯,,平12. 5. 1,shika
歯科,34,0134498,山﨑歯科医院,広島市東区若草町２１－１,082-263-3443,山﨑　裕司,山﨑　裕司,歯　小歯,,平8. 6. 1,shika
歯科,34,0134506,かわはら歯科クリニック,広島市南区青崎２－４－３２,082-282-8341,河原　利哉,河原　利哉,歯,,平8. 6. 1,shika
歯科,34,0134514,タマガワ矯正歯科クリニック,広島市南区京橋町１－２新京橋ビル４階,082-261-8282,医療法人社団　友成会　理事長　玉川　幸二,玉川　幸二,矯歯,,平14. 10. 1,shika
歯科,34,0134522,森本歯科クリニック,広島市中区白島九軒町２４－３－１０１,082-502-1212,森本　進,森本　進,歯　小歯,,平9. 2. 1,shika
歯科,34,0134548,有馬歯科医院,広島市南区青崎２－１０－２８,082-281-5467,有馬　隆,有馬　隆,歯　小歯,,平9. 4. 1,shika
歯科,34,0134597,橋本歯科,広島市中区銀山町６－２３,082-541-7700,山本　正純,山本　正純,歯　小歯,,平9. 5. 1,shika
歯科,34,0134605,竹口歯科,広島市南区段原２－１－７,082-264-7676,竹口　恒久,竹口　恒久,歯,,平9. 6. 1,shika
歯科,34,0134613,おかの歯科医院,広島市南区宇品神田１－１－１９ラ・プルミエール１Ｆ,082-505-4321,岡野　聡,岡野　聡,歯,,平9. 6. 1,shika
歯科,34,0134654,並木歯科クリニック,広島市中区富士見町４－１７－２０２,082-240-7300,林　研一,林　研一,歯,,平9. 10. 1,shika
歯科,34,0134704,イースト歯科クリニック,広島市南区段原南１－３－５３,082-567-0505,上田　裕次,上田　裕次,歯　小歯,,平10. 5. 1,shika
歯科,34,0134738,医療法人社団ティース　プラザ歯科,広島市中区中町６－３０,082-541-7718,医療法人社団　ティース　理事長　岸　民祐,岸　民祐,歯,,平10. 6. 1,shika
歯科,34,0134746,いずみもと歯科医院,広島市南区南蟹屋１丁目１－２５,082-890-0505,和泉元　昌代,和泉元　昌代,歯　小歯,,平10. 8. 1,shika
歯科,34,0134753,くすのき歯科医院,広島市安芸区船越南２丁目１８－２０,082-820-0418,楠　政広,楠　政広,歯　小歯,,平11. 1. 1,shika
歯科,34,0134761,矢賀駅前歯科医院,広島市東区矢賀４丁目１１－２８,082-284-0809,片内　恒平,片内　恒平,歯,,平11. 4. 1,shika
歯科,34,0134787,石津歯科医院,広島市安芸区瀬野２丁目１４－４,082-894-1468,石津　信幸,石津　信幸,歯,,平11. 4. 1,shika
歯科,34,0134795,高山歯科,広島市東区温品７丁目１８－４－２０１,082-280-1148,髙山　智行,髙山　智行,歯,,平11. 4. 1,shika
歯科,34,0134803,ひで歯科医院,広島市中区西平塚町４－１０,082-246-2580,竹本　元秀,竹本　元秀,歯,,平11. 5. 1,shika
歯科,34,0134811,まつお歯科クリニック,広島市南区翠２丁目９－２２　２Ｆ,082-253-4618,松尾　いづみ,松尾　いづみ,歯　小歯　矯歯　歯外,,平11. 5. 1,shika
歯科,34,0134837,だて歯科医院,広島市南区皆実町６丁目１－４佐々木ビル２Ｆ,082-250-2246,伊達　弘恵,伊達　弘恵,歯　小歯,,平11. 6. 1,shika
歯科,34,0134845,ヘルスケア歯科クリニック,広島市中区袋町４－３－２Ｆ,082-245-7878,菊﨑　民子,菊﨑　民子,歯　矯歯　小歯　歯外,,平16. 2. 1,shika
歯科,34,0134852,和田本デンタルオフィス,広島市中区紙屋町２丁目２－２,082-544-0418,和田本　昌良,和田本　昌良,歯,,平11. 8. 1,shika
歯科,34,0134860,たまき歯科医院,広島市東区牛田本町２丁目１－２１,082-502-2900,寺迫　環,寺迫　環,歯　小歯,,平11. 9. 1,shika
歯科,34,0134928,医療法人社団　小町歯科クリニック,広島市中区小町２－２０小町メールビル２階,082-545-1900,医療法人社団　小町歯科クリニック　理事長　今村　典裕,今村　典裕,歯　矯歯　小歯　歯外,,平18. 10. 1,shika
歯科,34,0134936,藤井歯科医院,広島市安芸区瀬野１丁目２３－２９,082-820-3718,藤井　洋司,藤井　洋司,歯　小歯,,平12. 8. 1,shika
歯科,34,0134944,江夏歯科医院,広島市南区東雲本町２丁目１３－３０クレ－ルＤＡＴＥ２Ｆ,082-288-6175,江夏　俊央,江夏　俊央,歯,,平12. 10. 1,shika
歯科,34,0134951,スマイル歯科医院,広島市南区旭３丁目１－８コ－ポ山本２Ｆ,082-256-1122,山本　眞理子,山本　眞理子,歯　小歯,,平13. 1. 1,shika
歯科,34,0134977,やわらぎ会歯科診療所,広島市南区仁保１丁目６－２３浜村ビル１Ｆ,082-283-3322,医療法人社団　やわらぎ会　理事長　藤田　和也,藤田　和也,歯,,平13. 4. 1,shika
歯科,34,0135024,いわい歯科医院,広島市東区光町１－１１－１３光町大丈ビル２０２号,082-506-2001,岩井　敏之,岩井　敏之,歯　小歯,,平13. 9. 1,shika
歯科,34,0135032,トリプルエープラスデンタルクリニック,広島市東区牛田本町４丁目１－７,082-511-2227,辻野　哲弘,辻野　哲弘,歯　歯外　矯歯　小歯,,平14. 4. 1,shika
歯科,34,0135040,医療法人　戸坂ホワイト歯科,広島市東区戸坂千足１丁目２２番６－１１号,082-516-1919,医療法人　戸坂ホワイト歯科　理事長　岡本　耕造,岡本　耕造,歯　矯歯　小歯　歯外,,平17. 9. 1,shika
歯科,34,0135081,中町歯科医院,広島市中区中町５－８第２下中町ビル２Ｆ,082-241-7906,岸本　一雄,岸本　一雄,歯　歯外　矯歯,,平14. 8. 1,shika
歯科,34,0135107,押尾歯科医院,広島市中区東白島町１１－１１押尾第２ビル　２Ｆ,082-223-1877,押尾　はるみ,押尾　はるみ,歯　小歯,,平15. 1. 1,shika
歯科,34,0135123,せのお歯科医院,広島市南区宇品西４丁目１－５６,082-256-4618,妹尾　博文,妹尾　博文,歯,,平15. 8. 1,shika
歯科,34,0135131,うじな歯科医院,広島市南区宇品西４丁目３－２,082-505-1180,伊藤　良明,伊藤　良明,歯　歯外　小歯,,平15. 10. 1,shika
歯科,34,0135156,ファミリー歯科,広島市東区戸坂中町１－６,082-229-3880,中谷　宏樹,中谷　宏樹,歯　小歯　歯外,,平16. 4. 1,shika
歯科,34,0135222,医療法人森田会　平和通り歯科口腔外科全日空ホテル診療所,広島市中区中町７－２０ＡＮＡクラウンプラザホテル１階,082-249-2002,医療法人　森田会　理事長　坂本　有文,坂本　有文,歯　歯外　矯歯　小歯,,平17. 2. 1,shika
歯科,34,0135230,さくら歯科医院,広島市中区鉄砲町１０－１８　栗村ビル６Ｆ,082-511-5786,櫻段　直子,櫻段　直子,歯　小歯　矯歯,,平17. 4. 1,shika
歯科,34,0135248,広島中央矯正歯科,広島市中区八丁堀１１－１０　ＫＳビル５Ｆ,082-502-6803,鶴田　仁史,鶴田　仁史,矯歯,,平17. 4. 1,shika
歯科,34,0135255,あい歯科,広島市南区京橋町７－１８,082-263-7510,谷口　弘晃,谷口　弘晃,歯　小歯,,平17. 4. 1,shika
歯科,34,0135263,金のすず歯科,広島市中区大手町５丁目７－３ビアビアンカマツヲビル３Ｆ,082-247-4494,片岡　郁博,片岡　郁博,歯,,平17. 5. 1,shika
歯科,34,0135289,ななほし歯科クリニック,広島市東区光町１丁目８－６　サンハウス山岡１Ｆ,082-568-2877,前島　真紀子,前島　真紀子,歯　小歯,,平17. 6. 1,shika
歯科,34,0135297,ＡＩＣデンタルクリニック,広島市中区中町８－６フジタビル２Ｆ,082-242-1900,鈴川　雅彦,鈴川　雅彦,歯　矯歯　歯外,,平17. 6. 1,shika
歯科,34,0135321,ブライトデンタルクリニック,広島市中区三川町２－８井手ビル３Ａ,082-545-6700,中田　正樹,中田　正樹,歯　歯外　小歯　矯歯,,平18. 1. 1,shika
歯科,34,0135339,九軒町歯科,広島市中区白島九軒町６－９第三原田ビル１Ｆ,082-211-4618,福傳　龍司,福傳　龍司,歯　小歯,,平18. 10. 1,shika
歯科,34,0135370,中村歯科医院,広島市安芸区中野３丁目９－６,082-893-3955,中村　茂夫,中村　茂夫,歯　小歯　歯外　矯歯,,平19. 5. 1,shika
歯科,34,0135396,南青山デンタルクリニック　広島医院,広島市中区胡町４－２４　クリタ胡町ビル３Ｆ,082-504-7733,山田　英治,山田　英治,歯　矯歯　歯外　小歯,,平19. 11. 1,shika
歯科,34,0135420,かとう歯科・矯正歯科,広島市東区牛田新町３丁目７－４３,082-229-7331,加藤　正昭,加藤　正昭,歯　小歯　矯歯　歯外,,平20. 5. 10,shika
歯科,34,0135461,歯科・にほしんまちクリニック,広島市南区仁保新町１－９－４　プライムコート１Ｆ,082-581-6115,植　照芳,植　照芳,歯　小歯　矯歯　歯外,,平20. 12. 1,shika
歯科,34,0135537,かこまち歯科医院,広島市中区加古町６－７,082-544-5566,森川　真理,森川　真理,歯　矯歯,,平21. 4. 3,shika
歯科,34,0135545,にしなか歯科クリニック,広島市中区大手町一丁目４－３大手町井上ビル３Ｆ,082-504-6480,西中　寿夫,西中　寿夫,歯　歯外　矯歯,,平21. 5. 1,shika
歯科,34,0135578,おざき歯科クリニック,広島市東区牛田東二丁目１－２２,082-511-6776,尾﨑　昌康,尾﨑　昌康,歯　小歯,,平21. 6. 2,shika
歯科,34,0135594,タナカ歯科医院,広島市南区段原山崎１丁目１番２５号,082-283-8828,山本　千香子,山本　千香子,歯　歯外　小歯,,平21. 9. 2,shika
歯科,34,0135610,ごこちデンタルクリニック,広島市中区小町３－２２マスダビル３０１,082-245-1600,河島　紘太郎,河島　紘太郎,歯　小歯　矯歯　歯外,,平21. 11. 18,shika
歯科,34,0135628,二反田歯科クリニック,広島市南区宇品西６－７－１４,082-258-1688,二反田　淳二,二反田　淳二,歯,,平21. 12. 6,shika
歯科,34,0135669,フォレオ歯科医院,広島市東区温品１丁目３－２フォレオ広島東Ｂ棟２Ｆ,082-847-3116,李　浩成,李　浩成,歯　小歯　歯外,,平22. 4. 1,shika
歯科,34,0135677,なかむら歯科クリニック,広島市中区上八丁堀４－２７　上八丁堀ビル１Ｆ,082-221-7747,中村　誠,中村　誠,歯　歯外　矯歯,,平22. 4. 1,shika
歯科,34,0135693,広島タワー歯科・矯正歯科,広島市東区若草町１１番２号グランアークテラス３Ｆ,082-568-8300,医療法人　小笠原会　理事長　小笠原　一行,丸川　雅弘,歯　矯歯　小歯,,平22. 5. 8,shika
歯科,34,0135719,若林デンタルクリニック　並木通り,広島市中区中町１－３　ダイヤ並木ビル２Ｆ,082-247-8660,若林　大輔,若林　大輔,歯　歯外　矯歯　小歯,,平22. 5. 1,shika
歯科,34,0135735,梶谷歯科医院,広島市東区牛田旭１－１３－１１,082-221-0645,坂井　理奈子,坂井　理奈子,歯　小歯,,平22. 6. 16,shika
歯科,34,0135743,よつば歯科クリニック,広島市東区戸坂新町１丁目７－２２－１Ｆ,082-847-4182,田中　尊治,田中　尊治,歯　小歯,,平22. 9. 1,shika
歯科,34,0135750,村田歯科医院,広島市南区東雲１丁目２０－１８,082-282-8422,和田　昇,和田　昇,歯,,平22. 8. 17,shika
歯科,34,0135792,匠歯科,広島市中区東千田町２－１０－２２,082-243-0270,白銀　勇輔,白銀　勇輔,歯　小歯　歯外　矯歯,,平23. 1. 1,shika
歯科,34,0135818,小早川歯科クリニック,広島市南区宇品御幸三丁目１５番１５号,082-251-0418,医療法人　小早川歯科クリニック　理事長　小早川　尚史,小早川　尚史,歯　小歯,,平23. 4. 1,shika
歯科,34,0135826,はしもと歯科クリニック,広島市中区千田町１－１２－１９,082-248-6480,橋本　佳子,橋本　佳子,歯　歯外　小歯,,平23. 2. 17,shika
歯科,34,0135834,沖　デンタルクリニック,広島市中区八丁堀１２－４わかばビル４Ｆ,082-222-7648,沖　泰治,沖　泰治,歯　歯外　小歯　矯歯,,平23. 4. 1,shika
歯科,34,0135859,水入歯科医院,広島市中区三川町１－１８ヒロシマパーキング１Ｆ,082-236-6474,水入　秀行,水入　秀行,歯,,平23. 7. 1,shika
歯科,34,0135875,森田歯科医院,広島市中区宝町２－１,082-241-4953,森田　行雄,森田　行雄,歯　矯歯,,平23. 10. 1,shika
歯科,34,0135883,医療法人　あおき歯科クリニック,広島市東区光町２丁目１２番１０号日宝光町ビル１Ｆ,082-262-8883,医療法人あおき歯科クリニック　理事長　青木　健,青木　健,歯　小歯　矯歯　歯外,,平23. 10. 1,shika
歯科,34,0135891,やまだ矯正歯科クリニック,広島市南区金屋町２番１５号４Ｆ,082-262-4618,医療法人やまだ矯正歯科クリニック　理事長　山田　哲郎,山田　哲郎,矯歯,,平23. 11. 1,shika
歯科,34,0135917,医療法人社団　俊美会　野村歯科医院,広島市安芸区矢野南一丁目１７番１１号,082-888-8188,医療法人社団　俊美会　理事長　野村　俊夫,野村　俊夫,歯　小歯,,平23. 10. 1,shika
歯科,34,0135925,向井歯科医院,広島市南区段原山崎２丁目９番２５号,082-286-1414,向井　泰司,向井　泰司,歯,,平24. 2. 1,shika
歯科,34,0135933,わかさ歯科クリニック,広島市中区大手町四丁目１番１号大手町平和ビル２０１号,082-240-6480,医療法人アリタ会　理事長　有田　一喜,有田　一喜,歯　小歯　矯歯　歯外,,平24. 5. 1,shika
歯科,34,0135941,とよた歯科,広島市南区出汐四丁目２番１１－１Ｆ,082-255-2564,豊田　賢準,豊田　賢準,歯　歯外　小歯,,平24. 7. 1,shika
歯科,34,0135966,幟町デンタルクリニック,広島市中区幟町３－５４ラフィーネ幟町１階,082-224-5565,久保　美貴,久保　美貴,歯　小歯　歯外,,平24. 9. 3,shika
歯科,34,0135974,野村歯科医院,広島市南区段原日出１丁目１－１３,082-281-1067,今田　愛子,今田　愛子,歯,,平24. 10. 1,shika
歯科,34,0136006,医療法人杉原歯科医院,広島市南区大州一丁目３番２４号,082-284-0020,医療法人杉原歯科医院　理事長　杉原　隆英,杉原　隆英,歯　矯歯,,平24. 10. 1,shika
歯科,34,0136022,石田歯科矯正歯科クリニック,広島市中区八丁堀４番４号エイトバレー八丁堀２Ｆ,082-223-1177,医療法人社団　石田歯科矯正歯科クリニック　理事長　石田　秀幸,石田　秀幸,歯　矯歯　歯外　小歯,,平24. 11. 1,shika
歯科,34,0136055,あゆみ歯科,広島市南区東雲三丁目３－２１,082-890-8241,平井　由美,平井　由美,歯　小歯,,平25. 1. 1,shika
歯科,34,0136063,山本歯科医院,広島市東区東蟹屋町２－１０,082-263-1228,山本　道直,山本　道直,歯　歯外　小歯,,平25. 1. 1,shika
歯科,34,0136097,東区役所前歯科,広島市東区東蟹屋町５番９号,082-264-9101,尾﨑　竜太郎,尾﨑　竜太郎,歯　小歯　歯外,,平25. 4. 2,shika
歯科,34,0136105,山本歯科医院,広島市南区旭１－１８－２８,082-251-2890,山本　玲子,山本　玲子,歯　小歯　矯歯,,平25. 4. 1,shika
歯科,34,0136139,田中歯科医院,広島市安芸区矢野西５－１３－２８,082-888-0113,田中　謙一,田中　謙一,歯,,平25. 8. 2,shika
歯科,34,0136154,医療法人社団　高橋歯科医院,広島市南区旭２丁目１９－７,082-255-1717,医療法人社団　高橋歯科医院　理事長　髙橋　悠夫,髙橋　兼一郎,歯　歯外　小歯,,平25. 9. 20,shika
歯科,34,0136170,中川歯科,広島市南区段原山崎三丁目２番２８号さくらビル１Ｆ,082-581-6101,中川　誠,中川　誠,歯　小歯　歯外,,平25. 11. 1,shika
歯科,34,0136196,中村歯科,広島市南区皆実町四丁目２番１２号,082-251-0930,医療法人中村歯科　理事長　大出　和宏,大出　和宏,歯　矯歯　小歯,,平25. 11. 1,shika
歯科,34,0136246,大谷歯科クリニック,広島市中区大手町二丁目７番２６号,082-245-5118,医療法人　大谷歯科クリニック　理事長　大谷　隆之,大谷　隆之,歯,,平26. 1. 1,shika
歯科,34,0136279,アイリス歯科,広島市安芸区矢野東二丁目２３番１５号,082-889-6480,医療法人社団　Ｅｎ　ｆｌｅｕｒｓ　理事長　橋本　和人,橋本　和人,歯　小歯　歯外　矯歯,,平26. 3. 1,shika
歯科,34,0136287,能美歯科医院,広島市東区牛田中２丁目１－２４,082-228-2881,能美　和基,能美　和基,歯　小歯,,平26. 4. 1,shika
歯科,34,0136303,結デンタルクリニック,広島市南区旭一丁目９番１８号,082-256-6480,水町　亘,水町　亘,歯　歯外　小歯,,平26. 6. 1,shika
歯科,34,0136311,ルミナス白島通りデンタルクリニック,広島市中区東白島町２１－２１,082-555-8202,柏　典子,柏　典子,歯　小歯,,平26. 7. 1,shika
歯科,34,0136337,河村歯科矯正歯科クリニック,広島市南区京橋町１番３号,082-263-6480,医療法人河村歯科クリニック　理事長　河村　修司,河村　修司,歯　矯歯,,平26. 7. 18,shika
歯科,34,0136345,香川歯科,広島市中区八丁堀１４－７八丁堀宮田ビル６Ｆ,082-221-6485,香川　次郎,香川　次郎,歯　矯歯　小歯　歯外,,平26. 11. 1,shika
歯科,34,0136352,上川歯科医院,広島市中区西白島町２０－１５メディカルプラザ西白島　２Ｆ,082-228-5539,上川　克巳,上川　克巳,歯　小歯,,平26. 12. 1,shika
歯科,34,0136378,中央公園歯科クリニック,広島市中区基町１８番２号－２基町店舗２０２号,082-228-7170,医療法人アリタ会　理事長　有田　一喜,有田　和子,歯　小歯,,平27. 2. 1,shika
歯科,34,0136386,幟町　松岡歯科医院,広島市中区幟町１１番２－１号,082-555-9977,医療法人社団　松成会　理事長　松岡　克司,松岡　德子,歯　小歯　歯外　矯歯,,平27. 4. 10,shika
歯科,34,0136410,ひじやま歯科クリニック,広島市南区段原２丁目１９－３コウラビル２階,082-262-4182,野田　正樹,野田　正樹,歯　矯歯　小歯　歯外,,平27. 6. 1,shika
歯科,34,0136428,パセーラ　デンタルクリニック,広島市中区基町６番７８号ＮＴＴクレド基町ビル９０２,082-222-6667,医療法人社団一水会　理事長　木村　慶子,木村　友紀,歯,,平27. 6. 1,shika
歯科,34,0136444,吉田歯科医院,広島市中区本通８番３２号,082-249-3911,医療法人アリタ会　理事長　有田　一喜,有田　美弥,歯,,平27. 7. 1,shika
歯科,34,0136469,植田歯科医院,広島市南区大須賀町１３－６,082-263-5480,植田　直人,植田　直人,歯　小歯　矯歯　歯外,,平28. 1. 1,shika
歯科,34,0136477,加藤歯科医院,広島市中区千田町１－５－８,082-240-4180,加藤　千季,加藤　千季,歯　歯外　小歯,,平28. 2. 3,shika
歯科,34,0136485,大塚歯科―あいりす―,広島市中区大手町１－４－１４大手町上田ビル１Ｆ,082-243-5888,大塚　道征,大塚　道征,歯　歯外　小歯,,平28. 1. 18,shika
歯科,34,0136501,南区役所通りデンタルクリニック,広島市南区皆実町１丁目１８－５,082-258-4618,石田　充宏,石田　充宏,歯　小歯　歯外,,平28. 4. 1,shika
歯科,34,0136527,紙屋町歯科医院,広島市中区紙屋町１－４－３エフケイビル２０１号,082-247-9461,林　靖一郎,林　靖一郎,歯,,平28. 3. 24,shika
歯科,34,0136550,沢村歯科医院,広島市東区福田二丁目３４２番地３,082-899-2211,医療法人社団豊誠会沢村歯科医院　理事長　澤村　豊,沢村　豊,歯,,平28. 5. 1,shika
歯科,34,0136568,医療法人みどり坂の歯医者さんこうもと歯科,広島市安芸区瀬野西一丁目２番２号,082-894-4618,医療法人みどり坂の歯医者さんこうもと歯科　理事長　河本　和郎,河本　和郎,歯　小歯　歯外　矯歯,,平28. 5. 1,shika
歯科,34,0136576,つちや歯科医院,広島市南区宇品神田３－８－１６,082-254-1833,土屋　崇文,土屋　崇文,歯　小歯　歯外,,平28. 7. 1,shika
歯科,34,0136600,ＬＥＩＬＡＮＩ　ＤＥＮＴＡＬ　ＳＡＬＯＮ・矯正歯科,広島市中区新天地５番１６号－３Ｆ,082-569-8255,医療法人社団陽明会　理事長　松島　崇明,松島　崇明,歯,,平28. 10. 6,shika
歯科,34,0136618,アルファ歯科クリニック,広島市中区八丁堀３番１２号,082-962-1183,医療法人ＨＡＫＡＲＡ　ｇｌｏｂａｌ　ｉｎｓｔｉｔｕｔｅ　ｆｏｒ　ｄｅｎｔａｌ　ｒｅｓｅａｒｃｈ　理事長　清水　賢,清水　賢,歯　歯外　小歯,,平28. 10. 1,shika
歯科,34,0136626,医療法人社団ティースマイル　ティースマイル矯正歯科,広島市中区紙屋町一丁目１番１号東和ビル２Ｆ,082-240-1182,医療法人社団ティースマイル　理事長　藤田　正,藤田　正,矯歯,,平28. 11. 1,shika
歯科,34,0136634,医療法人社団健青会銀座青山Ｙｏｕ矯正歯科広島駅前医院,広島市南区松原町５番１号ビッグフロント広島タワービル西棟４階,082-506-3106,医療法人社団健青会　理事長　青山　健一,濵　陽子,歯　矯歯　小歯　歯外,,平28. 12. 1,shika
歯科,34,0136642,ハート歯科クリニック,広島市中区大手町３丁目１３－８,082-567-5727,医療法人康慈会　理事長　久保　康治,峯岡　茜,歯　小歯,,平28. 11. 1,shika
歯科,34,0136659,安芸歯科クリニック,広島市東区温品５丁目２－６２,082-280-2133,藤井　良典,藤井　良典,歯　歯外,,平28. 11. 1,shika
歯科,34,0136683,森田歯科医院,広島市中区幟町１４－１４広島教販ビル２階,082-221-2231,森田　薫,森田　薫,歯,,平29. 1. 5,shika
歯科,34,0136691,一般社団法人広島県歯科医師会　広島口腔保健センター,広島市東区二葉の里三丁目２番４号,082-262-2555,一般社団法人　広島県歯科医師会　会長　山崎　健次,尾田　友紀,歯,,平29. 1. 18,shika
歯科,34,0136709,出崎歯科医院,広島市南区松原町３番１－１１９,082-263-3063,医療法人出崎歯科医院　理事長　出崎　邦彦,出﨑　義規,歯,,平29. 2. 6,shika
歯科,34,0136725,医療法人センターはる歯科,広島市中区紙屋町二丁目２番２５号　４Ｆ,082-258-5030,医療法人センターはる歯科　理事長　地守　宏紀,地守　宏紀,歯,,平29. 4. 1,shika
歯科,34,0136741,おひさま歯科・小児歯科,広島市中区光南四丁目５番３４号安田ビル１階,082-236-1180,医療法人おひさま歯科・小児歯科　理事長　辰本　将哉,辰本　将哉,歯　小歯　矯歯　歯外,,平29. 6. 1,shika
歯科,34,0136758,Ｍデンタルオフィス,広島市中区竹屋町４番１２号ビリオネアＳ竹屋１階,082-248-6750,三口　道義,三口　道義,歯,,平29. 7. 12,shika
歯科,34,0136766,歯科・川本医院,広島市中区幟町１３－４マツダビル３階,082-225-7021,中村　賀奈子,中村　賀奈子,歯　歯外　小歯　矯歯,,平29. 7. 12,shika
歯科,34,0136774,あだちツインズ歯科クリニック　大州,広島市南区大州３－８－１６,082-258-4955,安達　厚,安達　厚,歯　歯外　小歯　矯歯,,平29. 9. 1,shika
歯科,34,0136782,トーマス歯科クリニック,広島市南区宇品東６－１－１５イオン宇品店２Ｆ,082-251-1522,内田　雄士,内田　雄士,歯　小歯　歯外,,平29. 10. 1,shika
歯科,34,0136790,やまの矯正歯科クリニック,広島市安芸区矢野西４丁目３－１１,082-888-8741,山野　栄三,山野　栄三,矯歯　歯,,平29. 10. 1,shika
歯科,34,0136808,中島歯科,広島市南区松原町１０番２５号芙蓉ビル３階,082-264-1108,医療法人　中島歯科　理事長　中島　克,中島　克,歯　小歯　矯歯,,平29. 10. 1,shika
歯科,34,0136816,豊岡ヘルシー歯科クリニック,広島市南区翠五丁目２２番２６号,082-255-0600,医療法人鵬瑛会　理事長　豊岡　正隆,豊岡　正隆,歯　矯歯　歯外　小歯,,平29. 10. 1,shika
歯科,34,0136824,やましろ歯科クリニック,広島市東区福田五丁目４０８４番地６,082-883-0461,医療法人　やましろ歯科クリニック　理事長　山城　啓文,山城　啓文,歯　小歯,,平29. 10. 1,shika
歯科,34,0136832,こうの歯科・矯正歯科,広島市安芸区矢野東四丁目４番２７号,082-516-5655,医療法人社団裕晴会　理事長　河野　信也,河野　信也,歯　小歯　矯歯,,平29. 11. 1,shika
歯科,34,0136840,住田歯科,広島市中区袋町７－３,082-248-0706,住田　真一,住田　真一,歯,,平30. 1. 1,shika
歯科,34,0136857,三上歯科医院,広島市南区宇品御幸１丁目９－２６－１０７,082-255-1230,福井　康人,福井　康人,歯　歯外　小歯,,平30. 1. 22,shika
歯科,34,0136865,バスセンター歯科,広島市中区基町６－２７広島センタービル９階,082-846-6444,松村　興一郎,松村　興一郎,歯,,平30. 4. 2,shika
歯科,34,0136873,Ｊｏｈｎｎｙ　Ｄｅｎｔａｌ　Ｃｌｉｎｉｃ,広島市中区立町４－４ＤＯＬＣＥ立町３Ｆ,082-259-3666,藤岡　光,藤岡　光,歯　歯外　小歯,,平30. 5. 1,shika
歯科,34,0136881,聖歯科クリニック,広島市安芸区矢野西一丁目３２番１１号アイスタ矢野２Ｆ,082-888-0408,医療法人　Ｗｈｏｌｅ　Ｏｎｅｓ　理事長　若松　聖,若松　聖,歯　歯外　矯歯,,平30. 4. 1,shika
歯科,34,0136915,たかしま歯科クリニック,広島市東区牛田中一丁目１１番１２号,082-228-7590,髙島　宏,髙島　宏,歯　小歯,,平30. 7. 1,shika
歯科,34,0136923,ア歯科広島東グループ小松診療所,広島市中区千田町２－１－５中野ビル１Ｆ,082-244-6526,小松　大造,小松　大造,歯,,平30. 7. 9,shika
歯科,34,0136931,ふたばの里歯科,広島市東区二葉の里３丁目４－６,082-568-6630,山﨑　保彦,山﨑　保彦,歯　小歯　歯外,,平30. 9. 1,shika
歯科,34,0136949,ひらの歯科クリニック,広島市安芸区船越南三丁目２７番３０号ＮＴＴ海田ビル１Ｆ,082-516-7581,医療法人　ひらの歯科クリニック　理事長　平野　浩史,平野　浩史,歯　小歯　歯外,,平30. 10. 1,shika
歯科,34,0136956,たに歯科クリニック,広島市南区宇品御幸三丁目２番６号,082-250-2922,医療法人慶愛会　理事長　谷　厳範,谷　厳範,歯　歯外　小歯　矯歯,,平30. 10. 1,shika
歯科,34,0136972,吉光歯科医院,広島市南区宇品御幸４丁目１０－１０,082-251-4521,近藤　令依,近藤　令依,歯,,平30. 9. 9,shika
歯科,34,0136998,ひかりまち小児歯科・矯正歯科,広島市東区光町２丁目４－２２,082-506-2270,竹本　美保,竹本　美保,小歯　矯歯,,平30. 12. 1,shika
歯科,34,0137004,船越南歯科医院,広島市安芸区船越南２－２０－１８,082-824-4833,三島　栄二,三島　栄二,歯,,平31. 1. 1,shika
歯科,34,0137012,河内歯科医院,広島市南区宇品西４－１－１,082-255-5822,河内　勝史,河内　勝史,歯　小歯　歯外,,平31. 1. 1,shika
歯科,34,0137046,じぞう通り歯科こども歯科,広島市中区小町８－２アクアステージ小町２階,082-248-3000,石田　一輝,石田　一輝,歯　小歯　矯歯,,平31. 4. 1,shika
歯科,34,0137053,友成デンタルオフィス,広島市中区上幟町３番２１号,082-223-8020,医療法人ＬＥＰＩＵＳ　理事長　高野　友成,高野　友成,歯　歯外　小歯,,平31. 4. 11,shika
歯科,34,0137061,Ｍｉｌｌｅ歯科,広島市南区皆実町５丁目６－１８,082-251-7733,千田　禎,千田　禎,歯　小歯　歯外　矯歯,,令元. 6. 1,shika
歯科,34,0137079,まこと歯科クリニック,広島市中区千田町三丁目３番１１号,082-249-6481,医療法人　ヒラタ会　理事長　平田　誠,平田　誠,歯　小歯　歯外,,令元. 10. 1,shika
歯科,34,0137087,医療法人社団東広会　ゆめタウン広島歯科,広島市南区皆実町二丁目８番１７号ゆめタウン広島１階,082-555-2418,医療法人社団　東広会　理事長　中西　一,今本　佳子,歯　小歯　矯歯,,令元. 9. 20,shika
歯科,34,0137095,ホワイトエッセンス広島駅前歯科,広島市南区猿猴橋町２番１１号４階,082-506-2600,医療法人栄信会　理事長　戸田　信彦,長瀬　留依,歯　小歯,,令元. 12. 1,shika
歯科,34,0137103,Ｗｅｌｌかむ矯正歯科,広島市中区八丁堀３－８ハイネス白峯ビル４０４,082-228-9334,本川　雅英,本川　雅英,矯歯,,令2. 2. 1,shika
歯科,34,0137111,段原クレドデンタルクリニック,広島市南区段原山崎２－２－１５－２Ｆ,082-258-1817,髙橋　由佳,髙橋　由佳,歯　小歯　歯外,,令2. 4. 1,shika
歯科,34,0137129,岡崎歯科口腔外科,広島市南区段原日出１丁目１５－１３段原スクエアビル３階,082-258-4408,岡崎　文彦,岡崎　文彦,歯　歯外　小歯,,令2. 4. 1,shika
歯科,34,0137145,花岡矯正歯科クリニック,広島市中区大手町１丁目１－２０ニュー大手町ビル５Ｆ,082-247-1222,花岡　宏一,花岡　宏一,矯歯,,令2. 5. 1,shika
歯科,34,0137152,森本歯科医院,広島市南区東雲二丁目７番１９号,082-282-8148,医療法人社団晴信会　理事長　森本　直嗣,森本　直嗣,歯,,令2. 5. 1,shika
歯科,34,0137160,ワハハ総合デンタル広島袋町クリニック,広島市中区袋町６番４２号深井ビル５階,082-236-8217,医療法人　翔優会　理事長　吉留　英俊,川口　慶子,歯　矯歯　小歯　歯外,,令3. 1. 1,shika
歯科,34,0137186,有田歯科医院,広島市中区小町６－２３,082-246-1200,有田　竜二,有田　竜二,歯　歯外　小歯,,令3. 4. 1,shika
歯科,34,0137210,きずな歯科クリニック,広島市中区紙屋町一丁目地下街６０７,082-569-8672,明石　靖史,明石　靖史,歯　小歯　歯外,,令3. 5. 1,shika
歯科,34,0137228,ＹＭＴ歯科・矯正歯科,広島市南区宇品御幸三丁目１－７,082-577-5534,筒井　啓介,筒井　啓介,歯　矯歯　小歯,,令3. 6. 1,shika
歯科,34,0137236,広島駅前歯科・矯正歯科,広島市南区松原町１番５号ホテルグランヴィア広島６Ｆ,082-568-1123,医療法人栄信会　理事長　戸田　信彦,前田　奈緒,歯　矯歯,,令3. 8. 1,shika
歯科,34,0137244,あくたがわ歯科クリニック,広島市南区皆実町２丁目８－４どうめんメディカルモール３Ｆ,082-252-7120,芥川　桂一,芥川　桂一,歯　小歯　矯歯　歯外,,令3. 10. 1,shika
歯科,34,0137269,医療法人社団健青会銀座青山Ｙｏｕ矯正歯科紙屋町医院,広島市中区紙屋町一丁目２番２２号広島トランヴェールビルディング地下１階Ｂ１０２号室,082-241-3106,医療法人社団健青会　理事長　青山　健一,山下　由利阿,矯歯　歯,,令4. 1. 1,shika
歯科,34,0137277,わかた歯科医院,広島市南区宇品神田五丁目２０－１３加島ビル１０２号,082-259-3339,医療法人　肇祝会　理事長　若田　和秀,若田　和秀,歯　小歯,,令4. 2. 1,shika
歯科,34,0137285,広島すとう歯科・歯周病クリニック,広島市南区猿猴橋町６－３４－１カープロードクリニックビル５Ｆ,082-567-8020,周藤　巧,周藤　巧,歯　矯歯　歯外　小歯,,令4. 3. 1,shika
歯科,34,0137293,わかば歯科　小児歯科,広島市南区東本浦町１８－２６,082-890-1818,林内　優樹,林内　優樹,歯　小歯　歯外　矯歯,,令4. 4. 1,shika
歯科,34,0137327,白島歯科,広島市中区白島北町３－１,082-227-8686,医療法人社団　Ｅｎ　ｆｌｅｕｒｓ　理事長　橋本　和人,佐々木　宏治,歯　矯歯　小歯　歯外,,令4. 7. 25,shika
歯科,34,0137335,すぐる歯科,広島市南区京橋町６番５号２階,082-264-4618,医療法人すぐる歯科　理事長　橋岡　優,橋岡　優,歯　矯歯　小歯　歯外,,令4. 10. 1,shika
歯科,34,0137343,医療法人鎌田歯科・矯正歯科,広島市南区翠三丁目３番１６号,082-236-1181,医療法人鎌田歯科・矯正歯科　理事長　鎌田　俊之,鎌田　俊之,歯　歯外　矯歯　小歯,,令4. 10. 1,shika
歯科,34,0137350,グレイス矯正歯科クリニック,広島市南区皆実町５丁目１４－１ライオンズプラザ皆実町２０３号室,082-205-0464,医療法人　康彰会　理事長　西　康行,西　彰子,矯歯,,令4. 10. 1,shika
歯科,34,0137368,ＲＹＯ　ＤＥＮＴＡＬ　ＣＬＩＮＩＣ,広島市中区富士見町１－１熊本ビル２Ｆ,082-249-7176,永井　亮,永井　亮,歯　小歯　歯外　矯歯,,令4. 11. 1,shika
歯科,34,0137376,ホワイト歯科往診クリニック,広島市南区東雲本町一丁目１２番２４号－１Ｆ,082-236-9780,医療法人社団正人会　理事長　竹田　茂,竹田　茂,歯　歯外,,令5. 3. 1,shika
歯科,34,0137384,水内歯科医院,広島市南区松原町３番１－２０４号ＥＫＩＣＩＴＹ　ＨＩＲＯＳＨＩＭＡ　ＥＡＳＴ,082-568-0255,医療法人社団水内歯科医院　理事長　水内　裕之,水内　裕之,歯　歯外　小歯,,令5. 4. 1,shika
歯科,34,0137392,医療法人社団青楓会　つつみ歯科クリニック,広島市中区宝町５番９号ウイング宝町ファイブ１階,082-542-4618,医療法人社団青楓会　理事長　堤　武士,堤　武士,歯　小歯　矯歯　歯外,,令5. 4. 1,shika
歯科,34,0137418,つむぎおとなこども歯科,広島市東区戸坂大上１丁目３－５,082-516-8772,淺野　真弥,淺野　真弥,歯　歯外　小歯,,令5. 10. 1,shika
歯科,34,0137426,医療法人健真会　藤本歯科クリニック広島駅前院,広島市南区松原町５番１号－７０６,082-264-8213,医療法人健真会藤本歯科　理事長　藤本　文彦,藤本　修平,歯　歯外　小歯　矯歯,,令5. 10. 1,shika
歯科,34,0137434,みどりまちファミリー歯科,広島市南区西翠町２－７コーポ西翠１Ｆ,082-236-1482,坂上　泰士,坂上　泰士,歯　小歯　歯外,,令5. 11. 1,shika
歯科,34,0137442,八丁堀かわむら歯科,広島市中区八丁堀１１－１８坪井ビル２Ｆ,082-223-1212,河村　道彦,河村　道彦,歯　小歯　歯外　矯歯,,令5. 10. 1,shika
歯科,34,0137467,関野歯科矯正歯科クリニック,広島市中区千田町１－７－６,082-247-3100,川合　晶子,川合　晶子,歯　矯歯　小歯,,令5. 10. 1,shika
歯科,34,0137475,なほ歯科医院,広島市東区牛田新町三丁目５番６号,082-229-4180,医療法人貴佐会　理事長　新谷　奈穂子,新谷　奈穂子,歯　小歯,,令5. 10. 1,shika
歯科,34,0137509,段原くるみ歯科,広島市南区段原１丁目３－１１啓愛プラザビル５Ｆ,082-569-9630,西本　聖,西本　聖,歯　小歯　歯外,,令6. 4. 1,shika
歯科,34,0137517,温品歯科,広島市東区温品六丁目３－２３,082-516-7529,吉岡　詩織,吉岡　詩織,歯　小歯,,令6. 5. 1,shika
歯科,34,0137525,上八丁堀おかざき歯科医院,広島市中区上八丁堀５－１５新沢ビル４Ｆ,082-222-0021,岡﨑　朋子,岡﨑　朋子,歯　小歯　矯歯,,令6. 4. 1,shika
歯科,34,0137533,ドレミ歯科クリニック,広島市中区鶴見町１３－１２－１０１,082-258-5802,市川　麻梨子,市川　麻梨子,歯　小歯　歯外,,令6. 5. 1,shika
歯科,34,0137541,ｓｉｒｏ　ｄｅｎｔａｌ　ｃｌｉｎｉｃ　立町,広島市中区基町１３－１３広島基町ＮＳビル５階,082-221-1800,室積　幸奈,室積　幸奈,歯　歯外　小歯,,令6. 6. 1,shika
歯科,34,0137558,すずき歯科小児歯科矯正歯科,広島市南区松原町９番１号７階,082-568-3010,医療法人　広島もみじ会　理事長　鈴木　淳司,鈴木　淳司,歯　小歯　矯歯　歯外,,令6. 5. 1,shika
歯科,34,0137566,医療法人あざみ会　あざみクリニック,広島市安佐北区白木町小越２,082-828-3350,医療法人　あざみ会　理事長　平川　正彦,平川　正彦,歯　矯歯　歯外,,令6. 7. 1,shika
歯科,34,0137574,プルメリアデンタルオフィス,広島市中区中町７－３５和光中町ビル２Ｆ,082-544-0200,中島　康雄,中島　康雄,歯　小歯　歯外　矯歯,,令6. 7. 5,shika
歯科,34,0137582,ブランデンタルクリニック,広島市中区立町２－１立町中央ビル４Ｆ,082-258-6411,溝口　久勝,溝口　久勝,歯　小歯　矯歯　歯外,,令6. 10. 1,shika
歯科,34,0137590,澤田歯科医院,広島市中区新天地４－１０,082-247-2715,澤田　健友,澤田　健友,歯　歯外,,令6. 8. 1,shika
歯科,34,0137616,光町公園前歯科,広島市東区光町２－１１－１７－３階,082-567-4670,森田　弘子,森田　弘子,歯　歯外　小歯,,令7. 1. 14,shika
歯科,34,0137624,橋田歯科医院,広島市東区曙３丁目４－２０,082-568-2040,橋田　崇史,橋田　崇史,歯　歯外　小歯,,令6. 12. 1,shika
歯科,34,0137632,宮地デンタルクリニック,広島市東区曙５丁目３－３２－３０１,082-506-1184,宮地　謙,宮地　謙,歯　小歯,,令6. 12. 19,shika
歯科,34,0137640,おの歯科　しののめ,広島市南区東雲２丁目１７番３１号,082-569-8798,小野　裕貴,小野　裕貴,歯　小歯　矯歯,,令7. 4. 1,shika
歯科,34,0137657,医療法人玉田歯科,広島市南区段原三丁目３番２７号段原メディカルビル３Ｆ,082-506-4618,医療法人玉田歯科　理事長　玉田　明子,玉田　明子,歯　小歯,,令7. 4. 1,shika
歯科,34,0137681,クリスタル歯科クリニック,広島市東区牛田東二丁目１２番３６号,082-223-5400,医療法人　健穂会　理事長　宮村　健一,宮村　健一,歯　小歯　歯外,,令7. 5. 1,shika
歯科,34,0137699,アルファ歯科プラス,広島市中区八丁堀１５番６号ちゅうぎんビル８階,082-962-1183,医療法人ＨＡＫＡＲＡ　ｇｌｏｂａｌ　ｉｎｓｔｉｔｕｔｅ　ｆｏｒ　ｄｅｎｔａｌ　ｒｅｓｅａｒｃｈ　理事長　清水　賢,森宗　こころ,歯　歯外　小歯,,令7. 7. 22,shika
歯科,34,0137707,Ｕ　Ｄｅｎｔａｌ　Ｃｌｉｎｉｃ　牛田,広島市東区牛田本町２丁目１－１６　２－３階,082-530-4495,植田　淳二,植田　淳二,歯　小歯　矯歯　歯外,,令7. 11. 1,shika
歯科,34,0137715,じんにん歯科クリニック,広島市東区若草町９番１２－２０１号,082-258-7201,医療法人社団えとむ会　理事長　神人　蘭,神人　友樹,歯　小歯　歯外,,令7. 11. 1,shika
歯科,34,0137723,まつおか歯科クリニック,広島市東区牛田本町六丁目１番２７号６階,082-836-5577,医療法人皐薫会　理事長　松岡　祐一,松岡　祐一,歯　歯外　矯歯　小歯,,令7. 10. 1,shika
歯科,34,0137731,宇品スマイル歯科おとなこども矯正歯科,広島市南区宇品神田３丁目７－１２Ｓｈｅｔｌａｎｄ　ＣｏｕｒｔⅢ,082-258-8578,八木　翔太郎,八木　翔太郎,歯　小歯　歯外　矯歯,,令8. 2. 1,shika
歯科,34,0137749,つか矯正歯科,広島市中区本通７－３０つちやビル３階,082-248-4188,柄　優至,柄　優至,矯歯,,令8. 1. 1,shika
歯科,34,0137756,医療法人臨研会　広島駅前クレセント歯科,広島市東区二葉の里三丁目三番三号ディール広島１階,082-298-9730,医療法人臨研会　理事長　上野　修,上野　大輔,歯　小歯　歯外,,令8. 4. 1,shika
歯科,34,0137764,Ｓｔｕｄｉｏ　Ｄｅｎｔａｌ　新白島院,広島市中区東白島町１１番２０－２０１号,082-962-0846,中島　大輔,中島　大輔,歯　歯外,,令8. 5. 1,shika
歯科,34,0137772,段原エール歯科・矯正歯科,広島市南区段原２丁目１３－３伊藤ビル１Ｆ,082-207-1500,山本　一暁,山本　一暁,歯　小歯　矯歯　歯外,,令8. 6. 1,shika
歯科,34,0137780,ＧＯＳＩ矯正歯科,広島市中区橋本町２番２７号橋本町ビル１０１号,082-222-0418,医療法人ＧＯＳＩ矯正歯科　理事長　伊藤　剛志,伊藤　剛志,矯歯,,令8. 4. 1,shika
歯科,34,0137798,もえぎ歯科クリニック,広島市安芸区船越南二丁目２０番５号,082-554-8106,医療法人もえぎ　理事長　賀来　星倫,賀来　星倫,歯　歯外　矯歯　小歯,,令8. 4. 1,shika
歯科,34,0137806,かど矯正歯科・小児歯科,広島市中区白島九軒町７－１４野村ソシエテ白島１Ｆ,082-553-9069,角　伊三武,角　伊三武,矯歯　小歯,,令8. 7. 1,shika
歯科,34,0230056,大谷歯科医院,広島市西区天満町１８－１１,082-291-0116,大谷　武彦,大谷　武彦,歯,,平8. 7. 20,shika
歯科,34,0230197,医療法人社団　前野歯科,広島市中区堺町２－４－１１,082-231-1188,医療法人社団　前野歯科　理事長　前野　大輔,前野　大輔,歯,,平3. 8. 1,shika
歯科,34,0230254,長上歯科医院,広島市西区己斐本町１－２５－７,082-271-4863,松浦　蓉子,松浦　蓉子,歯,,平元. 7. 9,shika
歯科,34,0230262,真鍋歯科医院,広島市西区三篠町１－１１－１１,082-237-3337,越智　久博,越智　久博,歯,,昭59. 11. 1,shika
歯科,34,0230395,木本歯科医院,広島市西区草津東１丁目９－１１,082-271-3924,木本　極,木本　極,歯,,平16. 10. 1,shika
歯科,34,0230544,原田歯科医院,広島市西区観音新町２丁目２－７,082-231-0366,原田　公麿,原田　公麿,歯,,平17. 4. 1,shika
歯科,34,0230577,山本歯科,広島市中区江波本町５－３０,082-231-7101,山本　亮,山本　亮,歯　歯外　小歯,,平20. 6. 1,shika
歯科,34,0230601,杉原歯科医院,広島市西区庚午中３－５－２０,082-272-6620,杉原　陽一,杉原　陽一,歯,,平7. 4. 1,shika
歯科,34,0230635,新谷歯科医院,広島市西区天満町１８－６,082-291-9111,天間　裕文,天間　裕文,歯　小歯,,平14. 1. 1,shika
歯科,34,0230668,岡野歯科医院,広島市中区舟入南３－１９－１,082-231-4427,岡野　秀,岡野　秀,歯　歯外,,昭61. 5. 3,shika
歯科,34,0230684,マエダ歯科医院,広島市西区天満町７－２２,082-232-5766,前田　哲二,前田　哲二,歯,,平7. 4. 1,shika
歯科,34,0230700,三浦歯科医院,広島市西区庚午中２－１３－１０,082-271-4059,三浦　留貴,三浦　留貴,歯,,平19. 1. 1,shika
歯科,34,0230726,三戸歯科医院,広島市西区中広町２－２５－１２,082-293-6846,三戸　敦史,三戸　敦史,歯,,平14. 1. 1,shika
歯科,34,0230825,アップル歯科クリニック,広島市西区庚午北２－１８－２０,082-274-4313,尾山　直樹,尾山　直樹,歯,,平10. 5. 1,shika
歯科,34,0230833,谷口歯科医院,広島市安佐南区伴東４－７－２７,082-848-0014,谷口　雅昭,谷口　雅昭,歯,,平3. 6. 1,shika
歯科,34,0230940,戸田歯科医院,広島市安佐北区可部３丁目３５－８,082-812-3426,戸田　康次郎,戸田　康次郎,歯,,昭55. 1. 1,shika
歯科,34,0231039,山野井歯科医院,広島市安佐南区祇園１－１０－１９,082-874-0413,山野井　裕,山野井　裕,歯,,平5. 10. 1,shika
歯科,34,0231062,吉光歯科医院,広島市安佐南区長束３丁目３８－２７,082-239-1885,吉光　博史,吉光　博史,歯,,昭60. 7. 1,shika
歯科,34,0231088,岩崎歯科医院,広島市安佐北区可部４－８－１５,082-814-5201,岩崎　博,岩崎　博,歯,,昭63. 4. 1,shika
歯科,34,0231195,西広島歯科医院,広島市西区己斐本町１－２４－７藤田ビル２０３号,082-272-1211,佐藤　友之,佐藤　友之,歯,,平19. 3. 14,shika
歯科,34,0231252,藤田歯科医院,広島市安佐北区可部４－１５－２２,082-812-3506,藤田　充伸,藤田　充伸,歯,,昭49. 5. 1,shika
歯科,34,0231401,吉岡歯科医院,広島市西区観音本町１－２－６,082-293-1230,吉岡　憲彦,吉岡　憲彦,歯,,昭59. 4. 1,shika
歯科,34,0231443,山河歯科医院,広島市安佐南区川内３－１９－１３,082-879-5151,山河　勝彦,山河　勝彦,歯,,昭51. 5. 31,shika
歯科,34,0231567,医療法人社団みずほ会　高陽歯科医院,広島市安佐北区真亀３－３－１６,082-842-2688,医療法人社団　みずほ会　理事長　清水　肇,世良　晴美,歯　矯歯　小歯,,昭54. 3. 31,shika
歯科,34,0231575,ＡＮＥＬＡ　ＤＥＮＴＡＬ　ＣＬＩＮＩＣ・矯正歯科,広島市安佐北区口田南８－１－１３,082-842-7373,医療法人社団　陽明会　理事長　松島　崇明,松島　伸一,歯　小歯　矯歯　歯外,,平元. 6. 1,shika
歯科,34,0231609,藤井歯科医院,広島市西区己斐本町１丁目１９－１１,082-272-2020,藤井　秀世,藤井　秀世,歯,,平11. 1. 1,shika
歯科,34,0231716,藤岡歯科医院,広島市安佐南区古市２－１７－３,082-879-8811,藤岡　卓雄,藤岡　卓雄,歯,,昭54. 4. 1,shika
歯科,34,0231823,円林歯科医院,広島市安佐南区長楽寺１－８－１１田中ビル１階,082-872-0033,医療法人社団　円林歯科医院　理事長　円林　義一,円林　義一,歯,,平元. 10. 1,shika
歯科,34,0231872,医療法人アーク歯科クリニック,広島市西区三篠町三丁目６番９－２０１号,082-238-8148,医療法人アーク歯科クリニック　理事長　田原　弓子,田原　弓子,歯　小歯　矯歯　歯外,,平5. 8. 1,shika
歯科,34,0231906,福永歯科医院,広島市西区南観音１－１１－３８第２マサモトビル,082-292-2728,福永　健一,福永　健一,歯,,昭55. 9. 1,shika
歯科,34,0231971,衣笠歯科医院,広島市安佐南区山本３丁目２１－１０,082-874-8577,田尾　良憲,田尾　良憲,歯,,平3. 8. 1,shika
歯科,34,0231989,せいぶ歯科医院,広島市西区井口明神１丁目１４－４,082-277-9555,医療法人朋友会　理事長　小林　讓治,小林　讓治,歯　小歯,,平15. 5. 1,shika
歯科,34,0231997,山岡歯科医院,広島市安佐北区三入１－２６－２０,082-818-7005,山岡　隆行,山岡　隆行,歯,,昭56. 4. 1,shika
歯科,34,0232003,医療法人社団　うざき歯科,広島市西区南観音７丁目１３－２０,082-292-0648,医療法人社団　うざき歯科　理事長　鵜崎　裕則,鵜崎　裕則,歯,,平4. 1. 1,shika
歯科,34,0232011,中国歯科クリニック,広島市中区土橋町７－１中国新聞ビル２Ｆ,082-291-5011,長谷川　潔,長谷川　潔,歯,,昭56. 6. 1,shika
歯科,34,0232052,にいたに緑井歯科,広島市安佐南区緑井３－１２－１４,082-877-1131,医療法人　永仁会　理事長　是竹　克紀,是竹　克紀,歯,,平10. 4. 1,shika
歯科,34,0232078,横畑歯科医院,広島市安佐北区落合５－２８－１２,082-843-0008,医療法人　横畑歯科医院　理事長　横畑　裕太郎,横畑　裕太郎,歯,,平元. 10. 1,shika
歯科,34,0232094,佐々木歯科医院,広島市安佐北区可部５－７－５－９,082-815-5588,佐々木　敦,佐々木　敦,歯,,昭57. 5. 1,shika
歯科,34,0232110,岩上歯科医院,広島市安佐北区落合南２－３－１４,082-842-6480,医療法人　静幸会　理事長　児玉　暢生,児玉　暢生,歯,,平4. 9. 1,shika
歯科,34,0232128,山崎歯科クリニック,広島市安佐北区口田１丁目５－９,082-843-2882,山﨑　浩,山﨑　浩,歯　矯歯,,平19. 9. 1,shika
歯科,34,0232144,はまもと歯科医院,広島市安佐南区東野２－１１－２９,082-877-8888,濱本　正弘,濱本　正弘,歯　小歯,,昭58. 4. 1,shika
歯科,34,0232151,山﨑歯科医院,広島市安佐北区可部５－１５－３３,082-814-2225,医療法人　山﨑歯科医院　理事長　穐田　肇,穐田　肇,歯　小歯　歯外,,平6. 3. 1,shika
歯科,34,0232169,第一歯科医院,広島市安佐南区伴東５丁目８－１８,082-848-3100,日焼　正幸,日焼　正幸,歯　矯歯　小歯,,昭58. 6. 1,shika
歯科,34,0232201,浅川歯科,広島市西区古江新町１７－３４,082-273-5757,浅川　敏文,浅川　敏文,歯,,昭58. 12. 1,shika
歯科,34,0232219,医療法人社団淳和会　川添歯科クリニック,広島市安佐南区古市３丁目４－１６,082-879-2233,医療法人社団　淳和会　理事長　川添　祐亮,川添　祐亮,歯　小歯　矯歯　歯外,,昭64. 1. 1,shika
歯科,34,0232235,いとう歯科,広島市西区庚午北２－６－６,082-271-7102,伊藤　茂,伊藤　茂,歯,,昭59. 4. 1,shika
歯科,34,0232243,高橋歯科医院,広島市西区上天満町４－２中村ビル１０２号,082-293-1233,高橋　秀樹,高橋　秀樹,歯,,昭59. 4. 1,shika
歯科,34,0232268,竹下歯科・矯正歯科,広島市安佐南区大町西３丁目５番２８－２０１号,082-879-5252,医療法人社団　健美会　理事長　竹下　哲,竹下　哲,歯　小歯　矯歯,,平9. 10. 1,shika
歯科,34,0232300,對木歯科医院,広島市佐伯区五日市４－２－３６,082-921-0575,對木　康人,對木　康人,歯,,平8. 8. 8,shika
歯科,34,0232326,医療法人社団　あきひろ会　山根歯科医院,広島市佐伯区旭園４－２９山根ビル２階,082-923-3123,医療法人社団　あきひろ会　理事長　山根　健,西原　典幸,歯　歯外　小歯,,平6. 7. 1,shika
歯科,34,0232334,甲野歯科医院,広島市佐伯区城山１－１５－８,082-921-2652,甲野　峰基,甲野　峰基,歯,,昭56. 4. 9,shika
歯科,34,0232342,かどわき歯科医院,広島市佐伯区楽々園５－２－１楠ビル１Ｆ,082-921-2572,門脇　敬二,門脇　敬二,歯,,平6. 10. 1,shika
歯科,34,0232383,上本歯科医院,広島市佐伯区五日市中央１－３－２６,082-922-4851,上本　佳孝,上本　佳孝,歯,,平16. 7. 1,shika
歯科,34,0232441,慈晃歯科医院,広島市佐伯区五日市５－１１－２１－２０２,082-923-7400,小嶺　龍治,小嶺　龍治,歯　矯歯　小歯,,昭53. 1. 1,shika
歯科,34,0232524,川崎歯科医院,広島市佐伯区五月が丘１丁目２２－１８,082-941-1418,川崎　三樹,川崎　三樹,歯　歯外,,昭55. 3. 1,shika
歯科,34,0232540,岡田歯科医院,広島市佐伯区五月ケ丘３－１－３６,082-941-1222,岡田　光正,岡田　光正,歯,,昭56. 4. 1,shika
歯科,34,0232565,桂歯科医院,広島市佐伯区隅ノ浜３丁目９－１,082-923-8810,桂　和之,桂　和之,歯,,昭57. 8. 1,shika
歯科,34,0232599,いしばし歯科医院,広島市安佐北区深川６丁目８－１８,082-845-0008,石橋　昌彦,石橋　昌彦,歯　矯歯　小歯,,昭60. 10. 1,shika
歯科,34,0232607,横引歯科医院,広島市安佐南区毘沙門台２丁目４２－２７,082-879-9003,横引　昌樹,横引　昌樹,歯,,昭60. 11. 1,shika
歯科,34,0232623,グレイス歯科,広島市西区庚午中４丁目４－２４,082-273-6006,林　優美,林　優美,歯　小歯,,昭60. 12. 1,shika
歯科,34,0232656,みどり歯科医院,広島市中区舟入南４丁目１５－１０ＳＴビル２Ｆ,082-292-2755,浜松　保太郎,浜松　保太郎,歯,,昭61. 2. 1,shika
歯科,34,0232672,小早川歯科医院,広島市安佐北区口田４丁目９－２３,082-845-0118,小早川　秀雄,小早川　秀雄,歯　小歯　矯歯,,昭61. 3. 1,shika
歯科,34,0232680,横山歯科医院,広島市安佐南区長束西３－１－４０,082-238-9221,横山　昌憲,横山　昌憲,歯,,昭61. 6. 1,shika
歯科,34,0232698,萬歯科医院,広島市西区新庄町１４－３,082-238-9131,萬　浅行,萬　浅行,歯,,昭61. 6. 1,shika
歯科,34,0232706,みどり歯科医院,広島市西区南観音２－４－４８,082-233-1414,山崎　徹,山崎　徹,歯　小歯　歯外　矯歯,,昭61. 6. 1,shika
歯科,34,0232714,ヒライワ歯科医院,広島市安佐南区上安２丁目３２－１１,082-872-6480,平岩　正行,平岩　正行,歯　小歯　矯歯　歯外,,平18. 10. 1,shika
歯科,34,0232748,片山歯科医院,広島市安佐南区上安６－２６－１,082-878-0118,片山　淳,片山　淳,歯　小歯,,昭61. 9. 1,shika
歯科,34,0232763,石嶋歯科医院,広島市中区江波西１－２５－６,082-231-8688,石嶋　誠司,石嶋　誠司,歯　小歯,,昭61. 11. 1,shika
歯科,34,0232771,医療法人社団みずほ会　倉掛歯科医院,広島市安佐北区倉掛３－４０－３,082-843-2699,医療法人社団　みずほ会　理事長　清水　肇,髙橋　理,歯　矯歯　小歯,,昭61. 12. 1,shika
歯科,34,0232789,林原歯科クリニック,広島市中区舟入南２丁目１－１,082-294-8848,医療法人　寿盛会　理事長　林原　久盛,林原　久盛,歯,,平13. 4. 1,shika
歯科,34,0232805,医療法人　博美会　宮脇歯科医院,広島市西区三滝本町１丁目１－６,082-230-0008,医療法人　博美会　理事長　宮脇　博正,宮脇　博正,歯,,平19. 11. 1,shika
歯科,34,0232821,楳林歯科医院,広島市佐伯区海老園１－５－５１桂ビル２Ｆ,082-921-5557,楳林　正夫,楳林　正夫,歯　小歯　矯歯,,昭62. 4. 1,shika
歯科,34,0232839,三浦歯科医院,広島市佐伯区海老園２－１０－２１,082-923-1771,三浦　史,三浦　史,歯,,昭62. 4. 1,shika
歯科,34,0232854,川本歯科医院,広島市佐伯区利松１－８－５１,082-927-1771,川本　耕司,川本　耕司,歯,,昭62. 5. 1,shika
歯科,34,0232862,井上歯科医院,広島市安佐北区安佐町大字飯室４０４８－２,082-835-0114,井上　泰治,井上　泰治,歯,,昭62. 7. 1,shika
歯科,34,0232896,大迫歯科クリニック,広島市西区己斐大迫２－２１,082-273-1140,窪内　信男,窪内　信男,歯,,昭63. 1. 1,shika
歯科,34,0232961,新田歯科医院,広島市佐伯区楽々園４丁目１３－１４,082-921-7778,新田　栄治,新田　栄治,歯,,昭63. 7. 1,shika
歯科,34,0232987,己斐上椿田歯科医院,広島市西区己斐上１丁目１０－３,082-274-1616,医療法人社団成美会　理事長　椿田　直也,椿田　直也,歯,,平2. 1. 1,shika
歯科,34,0232995,近藤歯科医院,広島市西区中広町３丁目２１－６,082-234-0077,近藤　倫明,近藤　倫明,歯　小歯　歯外,,平19. 11. 1,shika
歯科,34,0233027,石田歯科クリニック,広島市西区己斐中１丁目９－１９,082-274-0808,医療法人社団和田榮　理事長　石田　栄作,石田　栄作,歯,,平5. 9. 1,shika
歯科,34,0233035,きったか歯科クリニック,広島市佐伯区五日市駅前１丁目１１－３７ＫＲビル２Ｆ,082-924-2100,橘高　耕三,橘高　耕三,歯　矯歯　小歯,,平元. 6. 1,shika
歯科,34,0233068,大崎歯科医院,広島市中区西十日市町１０－１２第３西十日市ビル１Ｆ,082-234-3466,大崎　吉郎,大崎　吉郎,歯　矯歯　小歯　歯外,,平元. 7. 1,shika
歯科,34,0233092,ゆずりは歯科医院,広島市中区十日市町１丁目４－２５妹尾ビル２Ｆ,082-232-2255,楪　雅行,楪　雅行,歯　小歯,,平元. 10. 1,shika
歯科,34,0233134,平尾歯科医院,広島市西区南観音７丁目５－１４ロイヤルシャトー中田１０２,082-234-1180,平尾　慶太,平尾　慶太,歯　小歯　歯外,,平2. 10. 1,shika
歯科,34,0233142,医療法人社団みずほ会　亀崎歯科医院,広島市安佐北区亀崎１丁目２－２６第２タウンビル２Ｆ,082-842-0648,医療法人社団みずほ会　理事長　清水　肇,佐多　直樹,歯,,平2. 12. 1,shika
歯科,34,0233183,医療法人社団双葉会　こはだ歯科医院,広島市安佐南区中筋３丁目２７－１６中筋クリニックビル４Ｆ,082-870-3388,医療法人社団双葉会　理事長　小羽田　敦正,小羽田　敦正,歯　小歯,,平7. 1. 1,shika
歯科,34,0233191,八谷歯科クリニック,広島市安佐南区八木８丁目１１－１７,082-873-6661,八谷　忠伸,八谷　忠伸,歯　小歯　矯歯　歯外,,平4. 4. 1,shika
歯科,34,0233209,祇園歯科クリニック,広島市安佐南区西原５－１７－１,082-874-4416,山田　真司,山田　真司,歯,,平3. 5. 1,shika
歯科,34,0233233,みむら歯科医院,広島市安佐北区上深川町７８４－５,082-844-1158,三村　範夫,三村　範夫,歯　小歯　矯歯,,平18. 6. 1,shika
歯科,34,0233241,くわばら歯科医院,広島市佐伯区八幡４丁目７－２５ウィンディア八幡２Ｆ,082-927-1181,桑原　雅夫,桑原　雅夫,歯,,平3. 11. 1,shika
歯科,34,0233308,宮﨑歯科医院,広島市安佐南区高取北３丁目１－３５,082-872-5454,宮﨑　誠也,宮﨑　誠也,歯　矯歯　小歯,,平4. 7. 1,shika
歯科,34,0233316,新見歯科医院,広島市安佐南区山本４丁目７－７,082-871-0365,新見　友章,新見　友章,歯,,平4. 8. 1,shika
歯科,34,0233357,河野歯科医院,広島市安佐北区亀山９丁目１２－４０山本ビル２Ｆ,082-814-0418,河野　美紀,河野　美紀,歯,,平5. 2. 1,shika
歯科,34,0233365,医療法人社団　松本歯科医院,広島市安佐北区亀山３丁目１－４４,082-815-5000,医療法人社団　松本歯科医院　理事長　松本　浩一,松本　浩一,歯,,平19. 9. 7,shika
歯科,34,0233373,やまもと歯科医院,広島市安佐北区落合南４丁目１－３,082-845-6480,医療法人社団　やまもと歯科医院　理事長　山本　晃生,山本　晃生,歯,,平10. 4. 1,shika
歯科,34,0233415,たけだ歯科医院,広島市西区井口台２丁目２２－１３,082-278-6480,竹田　芳弘,竹田　芳弘,歯　小歯,,平5. 10. 1,shika
歯科,34,0233431,引地歯科医院,広島市西区草津新町２丁目１５－１９,082-278-1765,医療法人　引地歯科医院　理事長　引地　渉,引地　渉,歯,,平16. 5. 1,shika
歯科,34,0233472,山田歯科医院,広島市安佐南区大町東３丁目３－８－５,082-870-7250,山田　哲之,山田　哲之,歯,,平6. 2. 1,shika
歯科,34,0233498,聖ヶ丘歯科医院,広島市西区横川町３丁目１０－５,082-293-7775,松原　博久,松原　博久,歯,,平6. 3. 1,shika
歯科,34,0233514,河野歯科医院,広島市佐伯区美鈴が丘西１－５－２０,082-928-2899,河野　淳,河野　淳,歯,,平6. 4. 1,shika
歯科,34,0233522,松井歯科,広島市中区舟入本町１３－４,082-296-8148,松井　一則,松井　一則,歯　矯歯　小歯,,平6. 4. 1,shika
歯科,34,0233530,勝田歯科医院,広島市安佐南区毘沙門台３丁目２２－１７,082-870-7155,勝田　浩二,勝田　浩二,歯,,平6. 6. 1,shika
歯科,34,0233548,古閑歯科医院,広島市西区東観音町２－１５ロッコ東観音コーポ,082-294-5777,古閑　美和子,古閑　美和子,歯　歯外,,平6. 7. 1,shika
歯科,34,0233563,藤堂歯科医院,広島市安佐南区緑井３丁目２０－１,082-870-6482,藤堂　健治,藤堂　健治,歯,,平6. 8. 1,shika
歯科,34,0233571,坂木歯科医院,広島市中区舟入町９－７,082-231-3033,坂木　慎司,坂木　慎司,歯　小歯,,平6. 8. 1,shika
歯科,34,0233589,むらかみ歯科医院,広島市西区南観音３丁目１－４,082-503-3335,村上　和億,村上　和億,歯　小歯,,平6. 9. 1,shika
歯科,34,0233597,石本歯科クリニック,広島市佐伯区海老山町３－８クレスト木屋１Ｆ,082-921-4182,石本　智教,石本　智教,歯　小歯,,平6. 12. 1,shika
歯科,34,0233613,片岡歯科医院,広島市佐伯区五日市町下河内６０－１,082-927-8211,片岡　直樹,片岡　直樹,歯　小歯,,平7. 3. 1,shika
歯科,34,0233621,しまづつ歯科医院,広島市安佐北区可部南５丁目１５－１６,082-810-0118,島筒　裕之,島筒　裕之,歯,,平7. 3. 1,shika
歯科,34,0233654,やない歯科クリニック,広島市中区江波東１丁目１２－５０エスポワールビル１Ｆ,082-234-5121,柳井　俊二,柳井　俊二,歯,,平7. 5. 1,shika
歯科,34,0233670,本城歯科医院,広島市安佐南区大町東２丁目７－２５－６,082-870-1300,本城　優,本城　優,歯　矯歯　小歯,,平7. 8. 1,shika
歯科,34,0233704,かねこ歯科医院,広島市佐伯区八幡３丁目２３－２５,082-928-8200,金子　重則,金子　重則,歯,,平7. 11. 1,shika
歯科,34,0233720,高井歯科医院,広島市安佐南区東原１丁目１－２　シーブリーズ東原七番館２階,082-874-1811,医療法人　双樹会　理事長　高井　康博,高井　康博,歯　歯外　小歯　矯歯,,平16. 10. 1,shika
歯科,34,0233738,医療法人社団みずほ会　Ａ．Ｃデンタルクリニック,広島市安佐南区大塚西６－１２－１Ａ・ＣＩＴＹプラザ１Ｆ,082-849-0004,医療法人社団みずほ会　理事長　清水　肇,日高　英邦,歯　矯歯　小歯,,平7. 12. 1,shika
歯科,34,0233779,こにし歯科医院,広島市佐伯区皆賀１丁目１３－５－３,082-925-0888,小西　隆夫,小西　隆夫,歯　小歯,,平8. 6. 1,shika
歯科,34,0233811,よしの歯科クリニック,広島市西区己斐本町３丁目５－１４,082-274-4618,吉野　美穂,吉野　美穂,歯,,平8. 7. 1,shika
歯科,34,0233837,きむら歯科矯正歯科,広島市安佐北区可部５－１－２６ヴァーンベール細田２０４号,082-815-8800,木村　浩司,木村　浩司,歯　矯歯　小歯,,平8. 10. 1,shika
歯科,34,0233878,中本歯科クリニック,広島市佐伯区五月が丘２－６－１,082-941-1114,中本　康道,中本　康道,歯　矯歯　小歯,,平9. 3. 1,shika
歯科,34,0233886,コイン通りデンタルクリニック,広島市佐伯区海老園２－８－５,082-943-0789,鎌田　幸尚,鎌田　幸尚,歯,,平18. 5. 1,shika
歯科,34,0233936,おおさわ歯科医院,広島市西区楠木町４丁目９－２６　４Ｆ,082-238-1110,大澤　章治,大澤　章治,歯,,平9. 10. 1,shika
歯科,34,0233951,なかとみ歯科,広島市安佐南区上安２丁目３０－１５,082-878-2500,中冨　吉昭,中冨　吉昭,歯　小歯　矯歯　歯外,,平9. 12. 1,shika
歯科,34,0233985,井上歯科医院,広島市西区己斐本町３丁目５－４,082-507-0800,井上　美子,井上　美子,歯,,平10. 1. 1,shika
歯科,34,0233993,五日市ファミリー歯科,広島市佐伯区五日市駅前２丁目１８－１　２Ｆ,082-921-8148,酒井　滋,酒井　滋,歯　小歯,,平10. 2. 1,shika
歯科,34,0234025,井藤矯正歯科,広島市佐伯区五日市駅前２－１１－１２－２０１,082-925-5566,井藤　一江,井藤　一江,矯歯,,平10. 4. 1,shika
歯科,34,0234033,泉川歯科医院,広島市安佐南区大町東１－７－１２,082-877-0050,泉川　卓也,泉川　卓也,歯　小歯,,平10. 4. 1,shika
歯科,34,0234058,さくま小児歯科クリニック,広島市安佐北区可部南２－２－５－１０５,082-810-0555,佐久間　信彦,佐久間　信彦,小歯　歯,,平10. 5. 1,shika
歯科,34,0234066,ささき歯科,広島市安佐南区西原１－２５－１３－１,082-850-0880,佐々木　直,佐々木　直,歯　小歯,,平10. 5. 1,shika
歯科,34,0234074,さがら歯科,広島市佐伯区楽々園４－７－１,082-925-5855,相良　正明,相良　正明,歯　矯歯　小歯　歯外,,平10. 5. 1,shika
歯科,34,0234108,中村歯科クリニック,広島市中区本川町２－１－２４,082-503-6480,中村　隆一,中村　隆一,歯　歯外,,平10. 6. 1,shika
歯科,34,0234116,きし歯科医院,広島市西区観音本町１－２０－１６,082-295-2323,岸　文子,岸　文子,歯,,平10. 6. 1,shika
歯科,34,0234124,医療法人社団　いちこ歯科医院,広島市佐伯区五日市中央５丁目１０－１７,082-925-6480,医療法人社団　いちこ歯科医院　理事長　森野　芳之,森野　芳之,歯　小歯　矯歯,,平12. 10. 1,shika
歯科,34,0234132,医療法人　ふじわら歯科医院,広島市安佐南区中筋３丁目２９－２３,082-830-5300,医療法人　ふじわら歯科医院　理事長　藤原　夏樹,藤原　夏樹,歯　小歯,,平16. 10. 1,shika
歯科,34,0234140,やまき歯科医院,広島市安佐北区亀崎２丁目１４－２１,082-845-8080,山木　博司,山木　博司,歯　矯歯　小歯　歯外,,平10. 7. 1,shika
歯科,34,0234165,コープ共立歯科,広島市安佐南区中須２丁目２０－３９,082-830-5181,広島医療生活協同組合　理事長　坂本　裕,重平　哲哉,歯　小歯,,平10. 9. 1,shika
歯科,34,0234181,あだち歯科医院,広島市安佐北区落合南１－１１－１３,082-840-0036,足立　真悟,足立　真悟,歯　歯外　小歯　矯歯,,平11. 3. 1,shika
歯科,34,0234199,兼池歯科,広島市佐伯区五日市駅前２－１５－２　２Ｆ,082-943-1881,兼池　宏治,兼池　宏治,歯,,平11. 3. 1,shika
歯科,34,0234223,佐東歯科医院,広島市安佐北区可部５－６－１６コンフォート和泉１Ｆ,082-815-8881,佐東　元,佐東　元,歯　小歯,,平11. 5. 1,shika
歯科,34,0234231,原田歯科医院,広島市安佐南区緑井６丁目９－１,082-831-1010,原田　美彦,原田　美彦,歯,,平11. 5. 1,shika
歯科,34,0234264,あおば歯科,広島市安佐南区祇園５－３－８,082-846-2525,井上　義久,井上　義久,歯,,平11. 7. 1,shika
歯科,34,0234298,山我歯科医院,広島市西区草津本町３０－３　２Ｆ,082-270-3737,山我　貴之,山我　貴之,歯,,平12. 4. 1,shika
歯科,34,0234306,明見歯科医院,広島市安佐南区長束西１－５－９,082-509-0501,明見　佳子,明見　佳子,歯　歯外　小歯,,平12. 5. 1,shika
歯科,34,0234314,ダンデンタルクリニック,広島市安佐南区祇園１丁目３６－９,082-846-2244,檀浦　靖憲,檀浦　靖憲,歯　小歯,,平12. 5. 1,shika
歯科,34,0234348,中林齒科クリニック,広島市佐伯区海老園２丁目６－２２,082-923-0573,中林　浩樹,中林　浩樹,歯,,平12. 7. 1,shika
歯科,34,0234355,山村歯科医院,広島市安佐北区深川３－２５－１９,082-841-3741,山村　健,山村　健,歯,,平12. 9. 1,shika
歯科,34,0234371,ほりお歯科クリニック,広島市安佐北区亀山３丁目２４－１５,082-819-1577,堀尾　弘治,堀尾　弘治,歯　小歯,,平13. 3. 1,shika
歯科,34,0234405,かしま歯科,広島市安佐南区大町西１丁目４－３８,082-870-7089,加島　弘之,加島　弘之,歯　小歯,,平13. 6. 1,shika
歯科,34,0234413,聖心矯正歯科,広島市西区己斐本町１丁目９－２０西広島ビル３Ｆ,082-274-1055,山田　英太郎,山田　英太郎,矯歯　小歯,,平13. 6. 1,shika
歯科,34,0234439,中島歯科クリニック,広島市安佐南区大塚西二丁目１番３２号第１２平勝ビル２０１,082-849-4220,中島　旬,中島　旬,歯　小歯　矯歯,,平13. 8. 1,shika
歯科,34,0234447,さいとう歯科医院,広島市佐伯区三筋２－７－２,082-925-1100,齋藤　淳,齋藤　淳,歯　小歯　矯歯　歯外,,平13. 9. 1,shika
歯科,34,0234454,よしだ矯正歯科,広島市西区古江新町４－１８,082-507-7811,吉田　志乃,吉田　志乃,歯　矯歯　小歯,,平13. 11. 1,shika
歯科,34,0234512,やました歯科,広島市安佐北区可部南３丁目３－２３,082-812-0202,山下　哲朗,山下　哲朗,歯　小歯,,平14. 5. 1,shika
歯科,34,0234520,はしはら歯科クリニック,広島市安佐南区西原１丁目７－２２,082-832-2211,橋原　真喜夫,橋原　真喜夫,歯　小歯,,平14. 8. 1,shika
歯科,34,0234538,さくらい歯科クリニック,広島市佐伯区八幡東４丁目３２－２,082-929-6480,櫻井　宏樹,櫻井　宏樹,歯　小歯,,平14. 10. 1,shika
歯科,34,0234546,ほりえ歯科,広島市佐伯区藤の木３丁目２１－１４,082-929-7101,堀江　泰史,堀江　泰史,歯　小歯　矯歯,,平14. 11. 1,shika
歯科,34,0234561,歯科クリニック　エーデルワイス,広島市安佐北区あさひが丘３丁目１８－１３－７１０１,082-810-4680,医療法人社団　ＩＧＬ医療会　理事長　江藤　高陽,深野木　豊,歯,,平15. 7. 1,shika
歯科,34,0234579,イチロー歯科診療所,広島市佐伯区五日市駅前一丁目５－２５,,小島　一郎,小島　一郎,歯,,平15. 4. 1,shika
歯科,34,0234587,スカイステージ歯科,広島市安佐南区緑井１丁目５番１－３０７,082-870-8884,宗像　裕司,宗像　裕司,歯　小歯　歯外,,平15. 4. 1,shika
歯科,34,0234595,ロワール歯科,広島市西区横川町２－１０－１０　２Ｆ,082-234-3737,藤井　玲子,藤井　玲子,歯　小歯　歯外　矯歯,,平15. 4. 1,shika
歯科,34,0234603,田村歯科医院,広島市西区高須１丁目１０－２７,082-272-7753,田村　秀文,田村　秀文,歯　小歯,,平15. 4. 1,shika
歯科,34,0234611,古江東歯科クリニック,広島市西区古江東町３－４,082-507-4810,二川　陽子,二川　陽子,歯,,平15. 5. 1,shika
歯科,34,0234629,中筋歯科クリニック,広島市安佐南区中筋３－７－１８パレグレース中筋ビル２Ｆ,082-831-0578,松本　紀幸,松本　紀幸,歯　歯外　小歯,,平15. 5. 1,shika
歯科,34,0234652,おやま歯科・矯正歯科クリニック,広島市中区本川町１－１－２２　デルタビル２Ｆ,082-293-8148,尾山　奈々子,尾山　奈々子,歯　小歯　矯歯　歯外,,平15. 12. 1,shika
歯科,34,0234660,ふなはし歯科医院,広島市安佐南区山本３－６－６,082-846-3413,舟橋　良和,舟橋　良和,歯　矯歯　小歯　歯外,,平16. 1. 1,shika
歯科,34,0234686,よこがわ歯科,広島市西区横川町３丁目２－２９横川駅ＮＫビル３Ｆ,082-296-2888,三分一　福展,三分一　福展,歯　小歯　歯外　矯歯,,平16. 4. 1,shika
歯科,34,0234694,ドーン歯科クリニック,広島市西区三篠３丁目１０－９,082-509-2548,仁野　裕美子,仁野　裕美子,歯　矯歯　小歯,,平16. 4. 1,shika
歯科,34,0234702,谷口歯科クリニック,広島市佐伯区坪井１－３３－９,082-943-8020,谷口　洋平,谷口　洋平,歯　小歯,,平16. 5. 1,shika
歯科,34,0234710,よしたか歯科医院,広島市中区河原町９－１０－２０１,082-296-4100,鈴木　良貴,鈴木　良貴,歯　小歯,,平16. 5. 1,shika
歯科,34,0234728,あらみつ歯科医院,広島市中区舟入本町３－１６パークハイム舟入本町１Ｆ,082-532-7388,荒光　泰生,荒光　泰生,歯,,平16. 5. 1,shika
歯科,34,0234736,前田歯科,広島市安佐南区上安２丁目４－３９．３Ｆ,082-872-6457,前田　秀朗,前田　秀朗,歯　矯歯　歯外,,平16. 5. 1,shika
歯科,34,0234744,あさひ齒科醫院,広島市安佐南区東原１丁目３－１－１０１,082-846-0118,松原　繭子,松原　繭子,歯　小歯,,平16. 6. 1,shika
歯科,34,0234769,かしわ歯科医院,広島市安佐南区伴東５丁目２０－４４,082-848-7775,柏　伸行,柏　伸行,歯　小歯,,平17. 3. 1,shika
歯科,34,0234793,大原駅前歯科,広島市安佐南区伴東７丁目５９－１,082-849-0305,医療法人社団優人会　理事長　湯淺　賢一,湯淺　賢一,歯　歯外　小歯　矯歯,,平19. 5. 1,shika
歯科,34,0234827,瀬川歯科医院,広島市安佐北区口田３丁目２６－５ＭＤＲビル３Ｆ,082-841-6880,瀬川　和司,瀬川　和司,歯　小歯,,平17. 6. 1,shika
歯科,34,0234868,はなのき歯科クリニック,広島市安佐南区大塚西６－６－１,082-811-8915,山田　泰生,山田　泰生,歯　歯外　小歯　矯歯,,平18. 4. 1,shika
歯科,34,0234876,ひらた歯科,広島市佐伯区五日市駅前１丁目１３－４－２０１,082-943-4488,平田　庸祐,平田　庸祐,歯　小歯　歯外　矯歯,,平18. 4. 1,shika
歯科,34,0234892,こばやし歯科医院,広島市西区横川町２丁目７－１９　横川メディカルプラザ４階,082-532-0488,小林　正明,小林　正明,歯,,平18. 5. 1,shika
歯科,34,0234926,やまさき歯科,広島市安佐南区山本１丁目９－２６,082-875-5783,山崎　昭英,山崎　昭英,歯　小歯　歯外,,平18. 6. 1,shika
歯科,34,0234942,伊丹歯科クリニック,広島市佐伯区八幡東２－２８－５４　２Ｆ,082-928-1888,伊丹　宏之,伊丹　宏之,歯　小歯　矯歯　歯外,,平18. 12. 1,shika
歯科,34,0235030,下祇園駅前歯科,広島市安佐南区祇園１－６－５,082-875-3725,武末　貴之,武末　貴之,歯　小歯　歯外,,平19. 5. 30,shika
歯科,34,0235048,なぎさ歯科クリニック,広島市西区三篠北町１９－２７池田ビル２Ｆ,082-230-5233,中沖　泰三,中沖　泰三,歯　小歯　歯外　矯歯,,平19. 6. 20,shika
歯科,34,0235055,あいおい通り歯科クリニック,広島市西区上天満町１０－３９,082-532-6480,大井手　和久,大井手　和久,歯　小歯　歯外　矯歯,,平19. 9. 1,shika
歯科,34,0235063,おおはら歯科クリニック,広島市佐伯区楽々園４丁目１－３０,082-922-8853,大原　将史,大原　将史,歯　小歯　矯歯　歯外,,平19. 9. 1,shika
歯科,34,0235071,はしもと歯科医院,広島市中区西川口町１２－３,082-503-0808,橋本　隆,橋本　隆,歯　小歯　矯歯　歯外,,平19. 11. 8,shika
歯科,34,0235105,亀宝歯科医院,広島市安佐南区祇園２丁目３１－１６－１,082-555-5577,藪　健一郎,藪　健一郎,歯　小歯,,平20. 4. 1,shika
歯科,34,0235139,ゆかり歯科クリニック,広島市安佐南区川内３－１－２２,082-879-0008,河原　夕佳,河原　夕佳,歯　小歯　歯外,,平20. 8. 1,shika
歯科,34,0235147,レイラ歯科クリニック,広島市西区楠木町３丁目２－２０,082-555-4618,小玉　基史,小玉　基史,歯　小歯　歯外,,平20. 11. 1,shika
歯科,34,0235188,こうご歯科,広島市西区庚午中４－１９－２１,082-275-1511,小川　至則,小川　至則,歯,,平21. 4. 1,shika
歯科,34,0235196,こうごファミリー歯科,広島市西区庚午北３丁目４－６,082-272-1191,植野　憲,植野　憲,歯　小歯　歯外,,平21. 4. 15,shika
歯科,34,0235220,くにはら歯科医院,広島市西区中広町２丁目１７－８,082-231-9943,國原　修,國原　修,歯,,平21. 3. 18,shika
歯科,34,0235238,よしみ歯科クリニック,広島市安佐南区山本４丁目２６－２３吉田ビル４Ｆ,082-962-0443,見　卓史,見　卓史,歯　小歯,,平21. 5. 1,shika
歯科,34,0235246,保生堂歯科クリニック,広島市西区庚午南１丁目７番２５号,082-274-2151,進藤　典久,進藤　典久,歯　小歯,,平21. 5. 1,shika
歯科,34,0235253,医療法人社団みずほ会　ゆず歯科医院,広島市西区横川町三丁目２－３６,082-296-4224,医療法人社団　みずほ会　理事長　清水　肇,野村　俊相,歯　小歯　歯外,,平21. 6. 1,shika
歯科,34,0235279,花木歯科医院,広島市中区広瀬北町５－１－１０１,082-942-6677,花木　清隆,花木　清隆,歯　小歯,,平21. 9. 1,shika
歯科,34,0235287,ジュン歯科クリニック,広島市西区井口４丁目２－２７,082-942-1802,小笠原　純三,小笠原　純三,歯　歯外　小歯　矯歯,,平21. 11. 1,shika
歯科,34,0235311,けやき歯科クリニック,広島市西区庚午中３丁目１３－３,082-942-1775,福島　整,福島　整,歯　歯外　小歯　矯歯,,平22. 1. 1,shika
歯科,34,0235329,さおとめ歯科医院,広島市安佐南区西原二丁目１１－８　第四森下ビル１Ｆ　１０１,082-850-1740,早乙女　裕彦,早乙女　裕彦,歯,,平22. 5. 1,shika
歯科,34,0235337,ゆめ歯科クリニック,広島市安佐南区伴南１丁目５－１８－８－３０２,082-811-8241,尾尻　秀夫,尾尻　秀夫,歯　矯歯　小歯　歯外,,平22. 6. 1,shika
歯科,34,0235386,あい歯科こども矯正＋ファミリー歯科クリニック,広島市佐伯区五日市五丁目６番２６号イズミ五日市店別館２階,082-943-6480,医療法人爽風会　理事長　田中　宏尚,田中　宏尚,歯　矯歯　小歯,,平22. 10. 1,shika
歯科,34,0235428,ファースト訪問歯科,広島市安佐南区祇園四丁目８番４号,082-875-1116,三宅　善子,三宅　善子,歯,,平23. 1. 1,shika
歯科,34,0235444,医療法人　青心会　こころ歯科クリニック,広島市安佐南区伴南四丁目２０番６号,082-811-9900,医療法人　青心会　理事長　青戸　光紀,青戸　光紀,歯　歯外　小歯　矯歯,,平23. 4. 1,shika
歯科,34,0235451,のぞみ　歯科医院,広島市西区草津東１－７－５,082-271-1441,濱岡　代枝,濱岡　代枝,歯　小歯,,平23. 5. 1,shika
歯科,34,0235493,はなみずき歯科医院,広島市佐伯区千同１丁目１９－２６,,長谷川　直彦,長谷川　直彦,歯　小歯　矯歯　歯外,,平23. 7. 1,shika
歯科,34,0235501,なお　デンタルクリニック,広島市西区南観音町５－１４,082-295-5008,古本　直志,古本　直志,歯　小歯　歯外,,平23. 8. 1,shika
歯科,34,0235519,田中歯科医院,広島市西区観音新町１－５－１７,082-292-9844,田中　信吾,田中　信吾,歯,,平23. 7. 22,shika
歯科,34,0235535,ハートフル歯科・矯正歯科,広島市佐伯区五日市５丁目１５－３,082-943-2007,柳原　磨,柳原　磨,歯　歯外　小歯　矯歯,,平23. 9. 1,shika
歯科,34,0235543,ヤスダデンタルクリニック,広島市西区楠木町２丁目９－８　１Ｆ,082-225-7030,安田　昌紀,安田　昌紀,歯　歯外　小歯,,平23. 10. 1,shika
歯科,34,0235550,坂井矯正歯科小児歯科,広島市佐伯区五日市五丁目１０番２４号,082-923-0070,医療法人社団咸恒会　理事長　坂井　哲夫,坂井　哲夫,矯歯　小歯　歯　歯外,,平23. 10. 1,shika
歯科,34,0235576,しもやま歯科,広島市安佐北区口田南２－１６－１７,082-842-8277,下山　耕正,下山　耕正,歯,,平23. 10. 1,shika
歯科,34,0235584,おりづる歯科医院,広島市安佐南区川内５丁目１０－２０,082-870-8102,川本　博也,川本　博也,歯　小歯　歯外,,平23. 12. 1,shika
歯科,34,0235592,さくら矯正歯科クリニック,広島市安佐南区山本２－３－２６,082-225-6535,長谷川　拓郎,長谷川　拓郎,歯　矯歯　小歯,,平24. 4. 1,shika
歯科,34,0235600,青木歯科医院,広島市安佐南区長束１－２－２２,082-874-1180,青木　裕,青木　裕,歯　歯外　矯歯　小歯,,平24. 5. 1,shika
歯科,34,0235634,生協歯科ひろしま,広島市西区観音町１６番１９号,082-291-1333,広島中央保健生活協同組合　代表理事　理事長　福山　愼二,髙橋　秀爾,歯　小歯,,平24. 7. 2,shika
歯科,34,0235659,トモ歯科・矯正歯科,広島市安佐南区伴東７－３２－４１,082-848-6660,石野　佳弘,石野　佳弘,歯　矯歯　小歯　歯外,,平24. 9. 1,shika
歯科,34,0235683,あわや歯科クリニック,広島市佐伯区五日市中央５丁目１１番２６号,082-923-3147,粟屋　博行,粟屋　博行,歯,,平24. 11. 1,shika
歯科,34,0235691,医院　ふるいち歯の健康ドクター,広島市安佐南区古市１－１６－１７,082-962-2550,医療法人　健康プロ　理事長　藤中　慎治,藤中　慎治,歯　小歯,,平24. 12. 1,shika
歯科,34,0235709,永田デンタルオフィス,広島市安佐北区可部南四丁目９－１５,082-814-9000,永田　将昭,永田　将昭,歯　歯外　小歯,,平25. 1. 7,shika
歯科,34,0235725,山崎歯科医院,広島市西区観音本町１丁目２２－３０,082-231-6873,山崎　香,山崎　香,歯,,平25. 1. 15,shika
歯科,34,0235733,なぎさ歯科,広島市佐伯区藤垂園６－１,082-921-2133,藤井　宗仁,藤井　宗仁,歯　歯外　小歯　矯歯,,平25. 4. 18,shika
歯科,34,0235758,こじま矯正歯科,広島市中区河原町２番１３号,082-293-5355,医療法人基範会　理事長　小島　将督,小島　紘子,矯歯,,平25. 5. 1,shika
歯科,34,0235766,とよた歯科クリニック,広島市西区庚午北四丁目６番２２号庚午田中ビル１階,082-208-3918,豊田　眞仁,豊田　眞仁,歯　小歯　歯外,,平25. 7. 3,shika
歯科,34,0235774,フラワー歯科,広島市安佐南区伴中央６丁目１３－３１－３Ａ,082-848-6855,西谷　潤子,西谷　潤子,歯,,平25. 7. 1,shika
歯科,34,0235790,かしづき歯科クリニック,広島市佐伯区海老園１丁目１２－２６,082-923-8326,河野　敦志,河野　敦志,歯　歯外　矯歯　小歯,,平25. 8. 1,shika
歯科,34,0235808,医療法人社団博寿会　山下歯科クリニック,広島市安佐北区口田一丁目１５番６号,082-843-8148,医療法人社団　博寿会　理事長　山下　達博,山下　浩朗,歯　小歯　歯外,,平25. 8. 1,shika
歯科,34,0235816,山脇歯科,広島市安佐南区長楽寺一丁目１９番１号,082-832-7080,医療法人山脇会　理事長　山脇　典士,山脇　典士,歯　歯外　小歯　矯歯,,平25. 10. 1,shika
歯科,34,0235824,医療法人社団亮明会　旭橋歯科クリニック,広島市西区南観音町２１番３－２０１,082-233-0118,医療法人社団亮明会　理事長　田中　亮三,田中　亮三,歯　歯外,,平25. 10. 1,shika
歯科,34,0235832,八木歯科クリニック,広島市安佐南区八木９丁目２３番２２号,082-873-4141,長岡　敬子,長岡　敬子,歯　矯歯　小歯,,平25. 11. 1,shika
歯科,34,0235840,二井歯科クリニック,広島市安佐北区亀崎一丁目３番２３号,082-841-2665,医療法人　二井歯科クリニック　理事長　二井　亮,二井　亮,歯　小歯　歯外,,平25. 11. 1,shika
歯科,34,0235873,ゆうこう歯科,広島市安佐南区安東二丁目１０番２号,082-872-7878,医療法人ゆうこう　理事長　高橋　雄幸,高橋　雄幸,歯,,平26. 4. 1,shika
歯科,34,0235923,医療法人社団　三凜会　みしま歯科,広島市安佐北区可部三丁目３７番３７号,082-847-5771,医療法人社団　三凜会　理事長　三島　幸司,三島　幸司,歯　小歯　矯歯,,平26. 4. 1,shika
歯科,34,0235931,かなで歯科クリニック,広島市安佐南区山本３丁目１－５堀田ビル１０２,082-962-2275,三谷　崇宏,三谷　崇宏,歯　小歯　矯歯,,平26. 5. 1,shika
歯科,34,0235949,いまおか歯科クリニック,広島市安佐北区口田一丁目１５番２０号,082-843-6480,医療法人　いまおか歯科クリニック　理事長　今岡　康一,今岡　康一,歯　小歯　歯外,,平26. 5. 1,shika
歯科,34,0235956,おおつぼ歯科クリニック,広島市西区田方二丁目１４番１０号,082-507-0007,医療法人おおつぼ歯科クリニック　理事長　大坪　宏,大坪　宏,歯　小歯　歯外,,平26. 5. 1,shika
歯科,34,0235964,八幡歯科・矯正歯科,広島市佐伯区八幡２－２２－２１,082-928-6260,末川　洋平,末川　洋平,歯　矯歯　小歯,,平26. 6. 1,shika
歯科,34,0235972,松村歯科クリニック,広島市西区己斐本町二丁目１５番４号,082-272-5600,医療法人翠松会　理事長　松村　英朗,松村　英朗,歯　歯外　小歯,,平26. 8. 1,shika
歯科,34,0235998,きなみ小児歯科・矯正歯科医院,広島市佐伯区五日市駅前一丁目１１番１号,082-922-6480,医療法人社団　きなみ　理事長　河内　佳代,河内　佳代,小歯　矯歯,,平26. 7. 24,shika
歯科,34,0236012,もりかわ歯科クリニック,広島市西区古江西町１－２古江駅前ビル１階,082-507-1181,森川　英彦,森川　英彦,歯　小歯　歯外　矯歯,,平26. 11. 1,shika
歯科,34,0236020,ともデンタルクリニック,広島市西区大宮二丁目２番２号,082-237-0018,医療法人志友会　理事長　藤田　友昭,藤田　友昭,歯,,平26. 10. 1,shika
歯科,34,0236046,医療法人青心会メリィハウス歯科クリニック,広島市安佐南区大塚西三丁目２番９号,082-848-8840,医療法人青心会　理事長　青戸　光紀,末森　祐邦,歯　小歯　矯歯　歯外,,平27. 3. 1,shika
歯科,34,0236053,ほほえみ歯科クリニック,広島市安佐南区緑井四丁目１１番２２号サーラシティ緑井２Ｆ,082-830-0118,医療法人　Ｍ．コラソン　理事長　杉岡　英明,寺谷　豪,歯　小歯,,平27. 4. 1,shika
歯科,34,0236079,春日野歯科クリニック,広島市安佐南区山本新町２丁目１８－９－８信徳ビル２Ｆ,082-850-3239,藤原　意知緒,藤原　意知緒,歯　小歯　矯歯,,平27. 8. 1,shika
歯科,34,0236087,フタバ歯科,広島市西区古江新町１－２６岡村ビル２Ｆ,082-961-3341,時安　喜久實,時安　喜久實,歯,,平27. 8. 1,shika
歯科,34,0236103,医療法人　宝歯会　広島祇園スマイル歯科小児歯科医院,広島市安佐南区祇園三丁目２番１号,082-871-6480,医療法人　宝歯会　かじわら歯科医院　理事長　梶原　浩喜,岡本　啓伸,歯　小歯　矯歯　歯外,,平27. 7. 24,shika
歯科,34,0236111,松山歯科医院,広島市佐伯区八幡東三丁目１９番１１－５号,082-927-0555,医療法人社団博歯会　理事長　松山　智博,松山　智博,歯　歯外　小歯,,平27. 11. 1,shika
歯科,34,0236129,もりした歯科クリニック,広島市安佐南区東原二丁目６番３２－１０１号,082-874-6613,医療法人社団　もりした歯科クリニック　理事長　森下　真行,森下　真行,歯　小歯,,平27. 11. 1,shika
歯科,34,0236137,くにし歯科医院,広島市佐伯区八幡東三丁目２８番１７－４０３号,082-929-4500,医療法人社団麻佑会　理事長　國司　政則,國司　政則,歯　小歯　歯外　矯歯,,平27. 12. 1,shika
歯科,34,0236145,平岡歯科医院,広島市西区東観音町１１－１１,082-231-7817,坂本　美子,坂本　美子,歯,,平27. 11. 14,shika
歯科,34,0236152,こせき矯正歯科,広島市西区己斐本町一丁目１７番５号,082-271-8148,医療法人社団　小跡会　理事長　小跡　清隆,小跡　弘幸,矯歯　歯,,平27. 12. 12,shika
歯科,34,0236160,こころ衣笠歯科医院,広島市安佐南区伴南４丁目３番３０－２号,082-849-1200,衣笠　裕紀,衣笠　裕紀,歯　小歯,,平28. 2. 1,shika
歯科,34,0236202,上田ひろた歯科医院,広島市佐伯区五日市町大字石内６７８２番地１,082-942-6111,上田　浩大,上田　浩大,歯　歯外　矯歯　小歯,,平28. 4. 1,shika
歯科,34,0236210,えのまち歯科クリニック,広島市中区榎町７－１,082-215-4903,古胡　怜,古胡　怜,歯　小歯,,平28. 4. 1,shika
歯科,34,0236228,もりもと矯正歯科,広島市安佐南区中筋三丁目７番１８－３０５号,082-831-2585,医療法人もりもと矯正歯科　理事長　守本　優子,守本　優子,矯歯,,平28. 5. 1,shika
歯科,34,0236236,熊谷歯科クリニック,広島市中区西十日市町１番４号,082-532-1212,医療法人鳩医会　理事長　熊谷　宏,熊谷　宏,歯　矯歯　小歯,,平28. 4. 1,shika
歯科,34,0236244,エイミー歯科,広島市佐伯区五日市中央２丁目４－３９サンサンコート利保１Ｆ,082-961-5935,田　英子,田　英子,歯　歯外　小歯　矯歯,,平28. 5. 1,shika
歯科,34,0236269,土井矯正歯科・小児歯科医院,広島市佐伯区五日市三丁目２－１６,082-922-3117,土井　健義,土井　健義,歯　小歯　矯歯,,平28. 4. 26,shika
歯科,34,0236277,もりもと歯科クリニック,広島市西区己斐上一丁目１１番３６号,082-271-8020,医療法人社団いつき会　理事長　森本　慎樹,森本　慎樹,歯　小歯　歯外,,平28. 8. 1,shika
歯科,34,0236285,かさい歯科医院,広島市安佐南区八木１丁目１９－２０,082-832-0232,笠井　孝夫,笠井　孝夫,歯,,平28. 9. 1,shika
歯科,34,0236293,生協さえき歯科,広島市佐伯区八幡東三丁目１１番２９号,082-926-1148,広島中央保健生活協同組合　代表理事　理事長　福山　愼二,星　正浩,歯　小歯,,平28. 10. 1,shika
歯科,34,0236301,久保歯科医院,広島市西区南観音二丁目７番２１－２号,082-503-4477,医療法人康慈会　理事長　久保　康治,久保　康治,歯,,平28. 10. 1,shika
歯科,34,0236327,坂田歯科医院,広島市西区己斐本町三丁目１３番１５号,082-272-9719,医療法人坂田歯科医院　理事長　坂田　雅昭,坂田　雅昭,歯　小歯　矯歯　歯外,,平28. 11. 1,shika
歯科,34,0236343,公園通り歯科クリニック,広島市佐伯区五日市駅前三丁目１番２５号,082-208-0131,医療法人社団滋泉会　理事長　平塩　清滋,平塩　清滋,歯　歯外　小歯　矯歯,,平28. 11. 1,shika
歯科,34,0236350,さくらい歯科,広島市中区舟入川口町２１番３５号　１階,082-232-0860,櫻井　博之,櫻井　博之,歯　小歯　矯歯　歯外,,平29. 1. 1,shika
歯科,34,0236368,みどり歯科,広島市西区南観音２丁目５－４１,082-233-1418,井上　利恵,井上　利恵,歯　小歯　歯外　矯歯,,平29. 2. 1,shika
歯科,34,0236384,ゆき歯科クリニック,広島市西区南観音二丁目４番１６号ひらいちセブン２Ｆ,082-291-4000,岡田　浩幸,岡田　浩幸,歯　歯外　小歯,,平29. 4. 1,shika
歯科,34,0236392,まつき歯科医院,広島市安佐北区安佐町大字飯室字源太屋敷１５７０－１,082-835-2138,松木　明,松木　明,歯,,平29. 4. 1,shika
歯科,34,0236418,はせがわファミリー歯科,広島市中区江波二本松２丁目５－１３,082-554-4866,長谷川　聰,長谷川　聰,歯　歯外　小歯,,平29. 5. 1,shika
歯科,34,0236442,ほり歯科医院,広島市西区井口５丁目１－８,082-554-5541,堀　健太郎,堀　健太郎,歯　小歯　歯外,,平29. 9. 1,shika
歯科,34,0236459,アルパカ歯科,広島市安佐北区安佐町大字鈴張１９５３,082-835-1215,林　英貴,林　英貴,歯　小歯　矯歯,,平29. 9. 1,shika
歯科,34,0236467,はしかた歯科　小児歯科,広島市西区三篠町１丁目８－６,082-509-1108,箸方　厚之,箸方　厚之,歯　小歯　矯歯　歯外,,平29. 12. 1,shika
歯科,34,0236475,川岡歯科クリニック,広島市佐伯区海老園２－３－８　１Ｆ,090-1353-7533,川岡　紫帆,川岡　紫帆,歯　小歯,,平30. 1. 1,shika
歯科,34,0236483,岡橋歯科医院,広島市安佐南区祇園２－２３－２０,082-874-0151,岡橋　伸吾,岡橋　伸吾,歯　歯外　小歯,,平30. 1. 1,shika
歯科,34,0236491,かわもと歯科クリニック　坂の上の歯医者さん,広島市佐伯区皆賀２丁目７－２３,082-923-6188,河本　和繁,河本　和繁,歯　小歯　矯歯,,平30. 3. 1,shika
歯科,34,0236509,うつのみや歯科,広島市安佐北区亀山二丁目６番１８号,082-815-5551,医療法人やまゆり会　理事長　宇都宮　誠,宇都宮　誠,歯　小歯　矯歯,,平30. 4. 1,shika
歯科,34,0236517,勝島歯科医院,広島市佐伯区千同２－１４－３２　２Ｆ,082-923-7500,豊田　将志,豊田　将志,歯　小歯,,平30. 5. 1,shika
歯科,34,0236525,梅木歯科医院,広島市西区観音本町２－７－２８,082-231-6726,小林　裕子,小林　裕子,歯,,平30. 5. 1,shika
歯科,34,0236533,Ｋ’ｓデンタル,広島市西区中広町２丁目２－１５,082-942-5688,山根　一芳,山根　一芳,歯　小歯,,平30. 7. 1,shika
歯科,34,0236541,はなの歯科クリニック,広島市安佐南区祇園５丁目２－４５祇園クリニックビル２０３,082-225-8770,花野　靖士,花野　靖士,歯,,平30. 10. 9,shika
歯科,34,0236566,アルパカこども矯正歯科,広島市佐伯区皆賀一丁目１３番１４－１号,082-576-6356,医療法人アルパ会　理事長　林　英貴,林　明子,矯歯　小歯　歯,,平30. 10. 18,shika
歯科,34,0236590,ツノダ歯科三篠横川クリニック,広島市西区三篠町二丁目５番１０号,082-237-3901,田　達彦,田　達彦,歯　小歯　矯歯　歯外,,平31. 1. 22,shika
歯科,34,0236616,かわもと歯科・こども歯科クリニック,広島市安佐北区落合二丁目３５番８－２号,082-845-6505,医療法人　クリスタルデンタルクリニック　理事長　川本　亨,川本　亨,歯　小歯　矯歯　歯外,,平31. 3. 1,shika
歯科,34,0236624,まえはら歯科クリニック,広島市佐伯区楽々園５丁目９番５号楽々園クリニックビル２０２号室,082-942-1182,前原　東章,前原　東章,歯,,平31. 4. 1,shika
歯科,34,0236632,中谷歯科医院,広島市西区横川町２丁目５－１２中谷ビル２Ｆ,082-291-6515,中谷　美奈子,中谷　美奈子,歯,,平31. 4. 1,shika
歯科,34,0236640,くすのき歯科医院,広島市西区楠木町３－１１－１エブリイ楠木モール２階,082-509-5500,柄　博紀,柄　博紀,歯　歯外　小歯　矯歯,,令元. 5. 1,shika
歯科,34,0236657,高崎歯科医院,広島市安佐南区川内５丁目２１－２１,082-879-0505,高崎　真樹子,高崎　靖士,歯,,令元. 5. 1,shika
歯科,34,0236665,土井ファミリー歯科医院,広島市安佐南区上安三丁目１番１０号古田ビル２Ｆ,082-832-7555,医療法人社団オーデック　理事長　土井　伸浩,土井　伸浩,歯　小歯　歯外　矯歯,,令元. 5. 1,shika
歯科,34,0236673,山科歯科医院,広島市佐伯区八幡２－２６－２７,082-928-9711,山科　敦,山科　敦,歯,,令元. 6. 10,shika
歯科,34,0236681,さつき歯科クリニック,広島市安佐南区西原四丁目１９番６号,082-555-0369,医療法人さつき歯科クリニック　理事長　德永　憲佑,德永　憲佑,歯　小歯　歯外　矯歯,,令元. 7. 1,shika
歯科,34,0236699,きむら歯科,広島市安佐北区口田南２－１２－３,082-842-0120,木村　文彦,木村　文彦,歯　歯外,,令元. 10. 1,shika
歯科,34,0236749,たけだ歯科医院,広島市安佐南区西原九丁目１番１－１号,082-850-0800,医療法人社団謙迅会　理事長　武田　泰三,武田　泰三,歯　小歯　歯外　矯歯,,令2. 1. 20,shika
歯科,34,0236756,渡辺歯科バンビ小児歯科医院,広島市西区横川町３丁目１２－１８横川駅前ビル３Ｆ,082-295-2281,渡邉　竜太,渡邉　竜太,歯　小歯　矯歯　歯外,,令2. 1. 17,shika
歯科,34,0236772,森本デンタルオフィス,広島市佐伯区千同１丁目２２－７,082-275-6480,森本　康裕,森本　康裕,歯　小歯　歯外,,令2. 4. 1,shika
歯科,34,0236780,きよはら歯科クリニック,広島市安佐南区緑井五丁目２４番２４号,082-831-6480,医療法人社団緑清会　理事長　清原　真太郎,清原　真太郎,歯　小歯　歯外　矯歯,,令2. 2. 28,shika
歯科,34,0236798,つむぎ歯科,広島市安佐南区相田１丁目９－１９,082-872-3830,川本　雅史,川本　雅史,歯　小歯,,令2. 5. 1,shika
歯科,34,0236806,十日市歯科クリニック,広島市中区十日市町１丁目５－１,082-232-7626,後藤　光宏,後藤　光宏,歯　小歯　矯歯　歯外,,令2. 5. 1,shika
歯科,34,0236814,まつしま歯科クリニック,広島市佐伯区湯来町大字和田１７８番地１,0829-83-0119,医療法人社団寛和会　理事長　松島　寛明,松島　寛明,歯　小歯　矯歯　歯外,,令2. 6. 1,shika
歯科,34,0236822,たかす歯科小児歯科クリニック,広島市西区庚午北二丁目２３番２号,082-507-4182,石井　裕明,石井　裕明,歯　小歯　歯外,,令2. 8. 1,shika
歯科,34,0236830,せお歯科クリニック,広島市安佐北区深川５丁目３０－３８アクロスプラザ高陽１Ｆ,082-847-6202,妹尾　吉訓,妹尾　吉訓,歯　歯外　小歯,,令2. 9. 1,shika
歯科,34,0236848,北本歯科医院,広島市西区古江新町３－４,082-272-4525,藤岡　正朗,藤岡　正朗,歯,,令2. 11. 2,shika
歯科,34,0236855,医療法人健真会　藤本歯科クリニック西広島,広島市西区己斐本町１丁目２３番１８－２０２号,082-271-1203,医療法人健真会藤本歯科　理事長　藤本　文彦,藤本　亮介,歯　小歯　矯歯　歯外,,令3. 4. 1,shika
歯科,34,0236863,かまやま歯科,広島市安佐北区可部四丁目２４番２７－１０１号,082-815-8833,医療法人社団かまやま歯科　理事長　釜山　憲二,釜山　憲二,歯　矯歯　歯外　小歯,,令3. 4. 1,shika
歯科,34,0236889,岸本歯科医院,広島市安佐北区落合一丁目４４番２号,082-843-0006,医療法人如月会　理事長　岸本　秀樹,岸本　秀樹,歯　歯外　矯歯,,令3. 5. 1,shika
歯科,34,0236897,ミモザ歯科,広島市安佐南区西原五丁目１３番１４号,082-875-3500,医療法人社団博煌会　理事長　古本　博嗣,古本　博嗣,歯,,令3. 7. 19,shika
歯科,34,0236939,竹腰歯科医院,広島市安佐南区相田１－１２－６,082-878-6416,竹腰　利嗣,竹腰　利嗣,歯　小歯,,令3. 11. 1,shika
歯科,34,0236947,佐久間歯科医院,広島市西区庚午北三丁目１番２号,082-273-4114,医療法人社団ＲＳ会　理事長　佐久間　光俊,佐久間　光俊,歯,,令4. 3. 11,shika
歯科,34,0236954,川越歯科医院,広島市中区江波二本松二丁目７番３０号,082-231-8368,医療法人Ｓａｒａｓｗａｔｉ　理事長　川越　亮利,川越　亮利,歯,,令4. 1. 1,shika
歯科,34,0236962,ココ歯科,広島市安佐南区長楽寺一丁目３－２０,082-225-8888,武田　聡美,武田　聡美,歯　小歯　矯歯　歯外,,令4. 5. 2,shika
歯科,34,0236970,八谷歯科・矯正歯科クリニック,広島市西区楠木町１丁目７－９ＦＫビル１階,082-297-1922,八谷　文貴,八谷　文貴,歯　矯歯　小歯　歯外,,令4. 5. 1,shika
歯科,34,0236988,安佐祇園デンタルクリニック,広島市安佐南区祇園二丁目１１番１６号,082-874-1184,医療法人社団よつ葉会　理事長　桒原　一通,桒原　一通,歯　小歯　歯外　矯歯,,令4. 4. 1,shika
歯科,34,0236996,あだちツインズ歯科クリニック,広島市佐伯区楽々園三丁目２番１６号,082-922-6345,医療法人　ツインズ会　理事長　安達　真,安達　真,歯　歯外　小歯　矯歯,,令4. 4. 1,shika
歯科,34,0237002,はんざわ歯科医院,広島市佐伯区利松二丁目２２番３号,082-208-1170,医療法人はんざわ歯科医院　理事長　半澤　泰紀,半澤　泰紀,歯　小歯　歯外,,令4. 4. 1,shika
歯科,34,0237028,江盛歯科医院,広島市西区庚午南２－３５－２０,082-271-3749,江盛　顕司,江盛　顕司,歯,,令4. 5. 1,shika
歯科,34,0237044,西原ひだまり歯科,広島市安佐南区西原９－１９－２４,082-874-4188,土岡　寛和,土岡　寛和,歯　小歯　歯外,,令4. 6. 1,shika
歯科,34,0237051,古市まちのひかり歯科クリニック,広島市安佐南区古市３丁目３０－７,082-962-6996,堀　哲也,堀　哲也,歯　矯歯　小歯,,令4. 9. 1,shika
歯科,34,0237069,あかしあ小児歯科,広島市安佐南区川内五丁目３２番１２号,082-876-5030,医療法人広島もみじ会　理事長　鈴木　淳司,鈴木　裕佳子,歯　小歯　矯歯　歯外,,令4. 10. 1,shika
歯科,34,0237077,光山歯科医院,広島市中区舟入幸町７番１４号,082-293-0592,光山　素夫,光山　素夫,歯,,令4. 10. 1,shika
歯科,34,0237085,ゆたか歯科クリニック,広島市西区草津南三丁目４番２２号,082-275-5000,医療法人ゆたか歯科クリニック　理事長　中田　穰,中田　穰,歯　歯外　小歯　矯歯,,令4. 10. 1,shika
歯科,34,0237093,たんぽぽ小児歯科,広島市安佐南区祇園三丁目２１番２６号,082-836-5511,医療法人　たんぽぽ小児歯科　理事長　達川　伸行,達川　伸行,歯　小歯,,令4. 10. 1,shika
歯科,34,0237101,津島歯科クリニック,広島市中区広瀬町７番５号,082-231-2866,医療法人　ＴＤＣ津島歯科クリニック　理事長　津島　隆司,津島　孝昭,歯　小歯　矯歯　歯外,,令4. 10. 1,shika
歯科,34,0237119,きたがわ歯科クリニック,広島市安佐南区祇園三丁目６４番６号,082-225-7648,医療法人きたがわ歯科クリニック　理事長　北川　尚嗣,北川　尚嗣,歯　小歯　歯外　矯歯,,令4. 11. 1,shika
歯科,34,0237127,あおぞら歯科クリニック,広島市安佐南区大町西３丁目１７番３８号,082-846-5305,芳賀　保明,芳賀　保明,歯　小歯,,令5. 2. 1,shika
歯科,34,0237143,いのくち歯科クリニック,広島市西区己斐本町１丁目８－２６,082-275-0418,井口　早織,井口　早織,歯　小歯,,令5. 1. 6,shika
歯科,34,0237150,しらかわ歯科クリニック,広島市安佐北区三入３－１３－３,082-810-1600,伊藤　寿將,伊藤　寿將,歯,,令5. 2. 1,shika
歯科,34,0237168,観音歯科医院,広島市西区西観音町８－５,082-233-1711,浅川　隆司,浅川　隆司,歯,,令5. 4. 1,shika
歯科,34,0237176,鎌田歯科クリニック,広島市中区舟入南１丁目４－６１,082-293-0007,鎌田　浩一,鎌田　浩一,歯　歯外　小歯,,令5. 5. 1,shika
歯科,34,0237184,フェローデンタルクリニック,広島市西区三篠北町１８番１４号,082-225-8148,医療法人社団瞳真会　理事長　名原　行徳,名原　文子,歯,,令5. 5. 1,shika
歯科,34,0237192,ワイズデンタルクリニック,広島市安佐南区緑井二丁目２８番２８号,082-846-4488,医療法人ＮＣＧ　理事長　中本　幸夫,中本　幸夫,歯　小歯　歯外,,令5. 6. 1,shika
歯科,34,0237200,エフ・デンタルクリニック,広島市安佐南区伴南４－１－１,082-849-5151,医療法人杜都会　理事長　福原　泰明,福原　泰明,歯　矯歯　小歯　歯外,,令5. 7. 1,shika
歯科,34,0237226,医療法人社団つばき会　広島デンタルクリニック,広島市西区横川町３丁目８番２号第二信和ビル２階,082-297-5564,医療法人社団つばき会　理事長　木村　均,安永　典彦,歯　小歯　歯外,,令5. 8. 1,shika
歯科,34,0237234,そらのデンタルクリニック,広島市佐伯区石内東一丁目４番２号,082-941-0418,医療法人そらのデンタルクリニック　理事長　黒本　拓志,黒本　拓志,歯　歯外　矯歯　小歯,,令5. 10. 1,shika
歯科,34,0237242,らくらく歯科・矯正歯科,広島市佐伯区楽々園４－２－１７－２Ｆ,082-921-0334,小松　弘明,小松　弘明,歯　小歯　矯歯　歯外,,令6. 1. 1,shika
歯科,34,0237259,ゆうなぎ歯科こども歯科,広島市西区三篠町１丁目３－２０　１Ｆ,082-555-9229,横山　真樹,横山　真樹,歯　小歯　矯歯　歯外,,令6. 2. 1,shika
歯科,34,0237267,いろはデンタルクリニック,広島市西区庚午北三丁目２番２号クリソベリル１０１号・１０２号,082-275-4881,医療法人社団飛翔会　理事長　田村　義也,相羽　涼子,歯　小歯,,令6. 4. 1,shika
歯科,34,0237275,まっぷデンタルクリニック,広島市安佐南区古市１丁目３０－２８宮原ビル１Ｆ,082-554-2437,難波　智津子,難波　智津子,歯　歯外,,令6. 3. 1,shika
歯科,34,0237283,竹腰歯科医院,広島市西区横川町１－１１－２４－２０１,082-231-1895,竹腰　利英,竹腰　利英,歯　小歯,,令6. 3. 11,shika
歯科,34,0237291,はまもと歯科クリニック,広島市中区堺町１丁目４－７,082-548-9150,濵本　結太,濵本　結太,歯　小歯　歯外,,令6. 4. 1,shika
歯科,34,0237309,井口にじいろ歯科・矯正歯科,広島市西区井口四丁目７番１８－７号井口サンフラワービル５階,082-501-6480,医療法人にじいろ歯科　理事長　楠橋　由規,楠橋　由規,歯　小歯　矯歯　歯外,,令6. 4. 1,shika
歯科,34,0237317,山本歯科医院,広島市西区井口１－１－１Ｆビル２Ｆ,082-278-6464,田村　研一,田村　研一,歯　小歯,,令6. 4. 1,shika
歯科,34,0237325,海老山歯科,広島市佐伯区海老山町８－１４－２,082-533-8609,重本　陽介,重本　陽介,歯　歯外　小歯　矯歯,,令6. 7. 1,shika
歯科,34,0237333,こもれび歯科・小児歯科,広島市西区庚午中１－６－２１原南ビル１０１,082-942-2790,佃　文蔵,佃　文蔵,歯　小歯　歯外　矯歯,,令6. 8. 1,shika
歯科,34,0237341,湖山ファミリー歯科,広島市安佐南区八木二丁目６－３９－７,082-873-1911,医療法人社団湖聖会　理事長　徳久　剛史,有馬　和孝,歯,,令6. 8. 1,shika
歯科,34,0237358,川原歯科・矯正歯科クリニック,広島市安佐北区三入３丁目７番２４号,082-818-0041,川原　洋,川原　洋,歯　矯歯　小歯　歯外,,令6. 8. 19,shika
歯科,34,0237374,えみたす歯科・矯正歯科,広島市佐伯区楽々園４－１４－２５イオンタウン楽々園２階,082-208-0930,増本　智,増本　智,歯　小歯　矯歯　歯外,,令6. 12. 1,shika
歯科,34,0237382,アルパカハウス附属歯科診療所,広島市佐伯区皆賀一丁目１０番４号　２階,082-921-8833,医療法人アルパ会　理事長　林　英貴,林　明子,歯,,令6. 11. 1,shika
歯科,34,0237390,広島ＲＳ矯正歯科クリニック,広島市西区観音本町一丁目１６番２１号,082-942-6766,医療法人ＲＳ　理事長　中脇　貴俊,中脇　貴俊,矯歯,,令6. 10. 1,shika
歯科,34,0237408,商工センター歯科クリニック,広島市西区商工センター一丁目１４番１号広島市中小企業会館２階,082-277-1700,医療法人社団川岡クリニック　理事長　後藤　知博,永谷　恵子,歯,,令6. 11. 1,shika
歯科,34,0237416,吉岡歯科医院,広島市中区十日市町２－９－５－１階,082-293-0418,岡　英将,岡　英将,歯,,令7. 1. 1,shika
歯科,34,0237424,椿ファミリー歯科診療所,広島市中区舟入幸町２０－１９－２,082-942-5077,安藤　洋平,安藤　洋平,歯　小歯　歯外,,令7. 4. 1,shika
歯科,34,0237432,えがお歯科,広島市西区三篠町三丁目２０－１０,082-554-2377,龍村　美重,龍村　美重,歯　小歯　歯外　矯歯,,令7. 4. 1,shika
歯科,34,0237440,ゆうゆう歯科クリニック,広島市西区庚午中３丁目１２－８児玉ビル１階,082-961-4405,山根　悠,山根　悠,歯　小歯　歯外,,令7. 5. 1,shika
歯科,34,0237457,平野歯科医院,広島市佐伯区五日市７丁目４－３１,082-921-4798,平野　雅裕,平野　雅裕,歯　小歯　歯外,,令7. 3. 1,shika
歯科,34,0237465,おごろち歯科・矯正歯科,広島市安佐南区高取北一丁目４番２５－１号,082-872-4044,医療法人社団心都会　理事長　大心池　清和,大心池　清和,歯　小歯　矯歯　歯外,,令7. 5. 1,shika
歯科,34,0237481,八島歯科クリニック,広島市安佐南区西原４丁目３５－１０,082-874-2646,八島　栄治,八島　栄治,歯　歯外　矯歯,,令7. 7. 1,shika
歯科,34,0237499,かわばたファミリー歯科,広島市安佐北区亀山７－４－４９,082-573-6622,川端　純喜,川端　純喜,歯　小歯　歯外,,令7. 11. 1,shika
歯科,34,0237507,ゆり歯科・矯正歯科,広島市西区庚午北二丁目１１－２０フィネスヒロタ１Ｆ,082-557-3380,西村　友里,西村　友里,歯　小歯　矯歯　歯外,,令8. 5. 1,shika
歯科,34,0237515,藤原歯科医院,広島市西区草津東２丁目１－１３,082-272-5848,藤原　由起子,藤原　由起子,歯,,令8. 4. 1,shika
歯科,34,0237523,小田歯科・矯正歯科,広島市安佐南区大町西三丁目２１番１３号アド・グレイス１Ｆ,082-879-0648,医療法人社団きなみ　理事長　河内　佳代,小田　義仁,歯　矯歯,,令8. 4. 1,shika
歯科,34,0237531,ステラデンタルクリニック,広島市西区井口台二丁目１番１号エイブル広島ビル１０２号,082-277-8648,医療法人　ぬくもり　理事長　豊田　育星,豊田　育星,歯　小歯　歯外　矯歯,,令8. 4. 1,shika
歯科,34,0530117,米谷歯科医院,呉市本通４－７－３,0823-21-4123,米谷　明,米谷　明,歯,,平10. 8. 1,shika
歯科,34,0530232,大附歯科医院,呉市本通８丁目９－１,0823-21-2873,大附　敏之,大附　敏之,歯　小歯　歯外,,平18. 10. 1,shika
歯科,34,0530257,辰川歯科医院,呉市中通２－４－１５,0823-21-9727,辰川　恵,辰川　恵,歯,,昭62. 2. 1,shika
歯科,34,0530299,宇根本歯科医院,呉市阿賀中央８－３－１３,0823-73-7714,小出　康子,小出　康子,歯,,平20. 1. 1,shika
歯科,34,0530307,清田歯科医院,呉市本通７－１４－４,0823-21-4717,清田　晴夫,清田　晴夫,歯,,昭56. 1. 1,shika
歯科,34,0530323,亀本歯科クリニック,呉市吉浦中町１丁目４－１,0823-31-0118,医療法人　興祉会　理事長　亀本　興祐,亀本　興祐,歯　歯外　小歯　矯歯,,平10. 7. 1,shika
歯科,34,0530331,鈴木歯科医院,呉市三条３丁目７－１,0823-21-7312,鈴木　健夫,鈴木　健夫,歯　矯歯　小歯　歯外,,平6. 7. 25,shika
歯科,34,0530414,上重歯科医院,呉市広塩焼１－５－２,0823-73-3200,上重　克之,上重　克之,歯,,昭62. 1. 8,shika
歯科,34,0530505,医療法人社団　ナンバ歯科,呉市本通２丁目１－１９,0823-21-2837,医療法人社団　ナンバ歯科　理事長　難波　一郎,難波　一郎,歯　歯外　小歯,,平5. 9. 1,shika
歯科,34,0530554,桜井歯科医院,呉市本通２丁目３－２４,0823-23-6454,櫻井　隆,櫻井　隆,歯,,昭32. 10. 1,shika
歯科,34,0530695,医療法人社団　新風会　佐伯歯科,呉市本通１－５－１２,0823-21-5937,医療法人社団　新風会　理事長　佐伯　正治,佐伯　正治,歯　矯歯　小歯　歯外,,平6. 8. 1,shika
歯科,34,0530711,田澤歯科医院,呉市中央５丁目２－３,0823-21-6580,田澤　孝敏,田澤　孝敏,歯　小歯　歯外,,平11. 8. 21,shika
歯科,34,0530893,西原歯科医院,呉市東中央２丁目４－５,0823-21-4430,西原　勝,西原　勝,歯　矯歯　小歯,,平13. 1. 1,shika
歯科,34,0530919,己斐歯科医院,呉市本通１丁目８－１４,0823-25-7532,己斐　守,己斐　守,歯　矯歯,,平15. 2. 1,shika
歯科,34,0530927,ふくなが歯科クリニック,呉市三条１－５－１６,0823-21-7759,福永　誠,福永　誠,歯　小歯,,平19. 4. 1,shika
歯科,34,0530935,池田歯科医院,呉市阿賀中央２丁目３－８,0823-71-8226,池田　敦治,池田　敦治,歯　小歯　歯外,,平15. 6. 1,shika
歯科,34,0531065,笹野歯科医院,呉市本通４－２－７,0823-21-6016,石橋　賢司,石橋　賢司,歯,,昭44. 9. 27,shika
歯科,34,0531081,医療法人社団　田口歯科医院,呉市焼山桜ケ丘３丁目３－２１,0823-33-0827,医療法人社団　田口歯科医院　理事長　佐々木　拓也,佐々木　拓也,歯,,平3. 8. 1,shika
歯科,34,0531107,岡田歯科医院,呉市中通２丁目１－２１,0823-23-1353,岡田　亮,岡田　亮,歯,,平18. 2. 1,shika
歯科,34,0531123,灘田歯科医院,呉市中通３丁目３－２７,0823-21-2438,灘田　義弘,灘田　義弘,歯,,昭49. 2. 1,shika
歯科,34,0531131,西原歯科医院,呉市阿賀中央６丁目８－１３,0823-72-9456,仁井内　徹夫,仁井内　徹夫,歯,,平19. 3. 1,shika
歯科,34,0531164,キモト歯科,呉市本通３丁目６－１５　２Ｆ,0823-24-2422,木本　知秀,木本　知秀,歯　小歯,,平18. 4. 1,shika
歯科,34,0531206,マリモ歯科医院,呉市中通４－７－１４,0823-24-5311,藤井　久富,藤井　久富,歯,,昭51. 2. 1,shika
歯科,34,0531297,医療法人社団　柏村歯科,呉市本通３－１－１９,0823-25-3601,医療法人社団　柏村歯科　理事長　柏村　真,柏村　真,歯,,平8. 1. 1,shika
歯科,34,0531370,岡野歯科医院,呉市広大新開１－４－１５,0823-73-0234,岡野　哲典,岡野　哲典,歯,,昭55. 4. 1,shika
歯科,34,0531388,佐藤歯科医院,呉市焼山中央１－１０－８－２０１,0823-34-0700,佐藤　享一,佐藤　享一,歯,,昭55. 5. 1,shika
歯科,34,0531479,医療法人　前谷歯科クリニック,呉市広本町２－１５－７,0823-74-0654,医療法人　前谷歯科クリニック　理事長　前谷　照男,前谷　照男,歯,,平8. 10. 1,shika
歯科,34,0531487,カマタ歯科医院,呉市仁方桟橋通６－２６,0823-79-1114,鎌田　郁太郎,鎌田　郁太郎,歯,,昭58. 11. 1,shika
歯科,34,0531495,医療法人社団　仁方歯科医院,呉市仁方本町１丁目１－３,0823-79-6866,医療法人社団　仁方歯科医院　理事長　市川　一平,市川　一平,歯,,平11. 5. 1,shika
歯科,34,0531503,医療法人社団　でさき歯科,呉市本通５丁目５－１１,0823-23-7234,医療法人社団　でさき歯科　理事長　出崎　喜彦,出﨑　聖子,歯　矯歯　小歯,,平6. 8. 1,shika
歯科,34,0531511,平岡歯科医院,呉市焼山北１丁目７－１０,0823-34-0688,平岡　稔,平岡　稔,歯,,平13. 3. 1,shika
歯科,34,0531552,野間歯科医院,呉市西中央１丁目３－１０,0823-24-7600,野間　正孝,野間　正孝,歯　小歯　歯外,,平14. 10. 1,shika
歯科,34,0531578,向山歯科医院,呉市阿賀南４－４－１５,0823-74-1182,向山　勝,向山　勝,歯,,昭62. 8. 3,shika
歯科,34,0531594,岡本歯科医院,呉市焼山中央２丁目７－１２－２０１,0823-34-1100,岡本　豪,岡本　豪,歯　矯歯　小歯　歯外,,平9. 9. 1,shika
歯科,34,0531602,つがわ歯科医院,呉市広大新開１－１－１４,0823-74-9550,對川　一実,對川　一実,歯,,昭63. 6. 1,shika
歯科,34,0531628,ひろ歯科医院,呉市広本町１丁目１２－９,0823-71-1181,西田　弘明,西田　弘明,歯,,昭64. 1. 1,shika
歯科,34,0531644,むらかみ歯科医院,呉市吉浦中町１丁目１２－１４,0823-31-1212,村上　弘芳,村上　弘芳,歯,,平18. 7. 1,shika
歯科,34,0531677,小早川歯科口腔外科クリニック,呉市広駅前１－８－１１,0823-72-3041,小早川　済志,小早川　済志,歯　小歯　歯外,,平2. 1. 1,shika
歯科,34,0531693,中原歯科クリニック,呉市吉浦潭鼓町３－１８,0823-31-0770,中原　裕穂,中原　裕穂,歯,,平2. 8. 1,shika
歯科,34,0531735,堂脇歯科医院,呉市広本町３丁目１－１９,0823-71-1161,堂脇　一朗,堂脇　一朗,歯,,平3. 11. 1,shika
歯科,34,0531784,くまさ歯科医院,呉市中通４丁目１２－１８,0823-26-4618,熊佐　俊介,熊佐　俊介,歯,,平12. 3. 1,shika
歯科,34,0531792,中川歯科医院,呉市焼山北３－５－１４,0823-34-2888,中川　信二,中川　信二,歯,,平4. 7. 1,shika
歯科,34,0531800,はまだ歯科クリニック,呉市広古新開４－２－１８,0823-74-1211,濱田　貴仁,濱田　貴仁,歯,,平4. 9. 1,shika
歯科,34,0531818,新堀歯科医院,呉市焼山政畝２－９－１６,0823-34-3535,新堀　浩,新堀　浩,歯,,平5. 6. 1,shika
歯科,34,0531859,川本歯科医院,呉市西中央２丁目１－１１,0823-25-4648,川本　陽司,川本　陽司,歯,,平6. 11. 1,shika
歯科,34,0531875,藤原歯科クリニック,呉市焼山西３－２０－２１,0823-34-4100,藤原　鋼一,藤原　鋼一,歯　矯歯　小歯,,平7. 4. 1,shika
歯科,34,0531883,山下歯科医院,呉市広駅前１－２－５－１０１,0823-74-4181,山下　泰彦,山下　泰彦,歯,,平7. 6. 1,shika
歯科,34,0531925,おおつき歯科医院,呉市焼山東３－４－１４,0823-30-1088,大附　敏彦,大附　敏彦,歯,,平8. 11. 1,shika
歯科,34,0531933,もりざね歯科医院,呉市焼山此原町４－２,0823-33-3383,盛實　俊也,盛實　俊也,歯　小歯　歯外　矯歯,,平8. 12. 1,shika
歯科,34,0531941,歯科医院スマイルライン,呉市広大新開１－３－９,0823-70-0707,宮田　秀政,宮田　秀政,歯　小歯,,平8. 12. 1,shika
歯科,34,0532030,石本歯科クリニック,呉市広白石１－１－９,0823-72-1821,石本　早智夫,石本　早智夫,歯　小歯,,平12. 9. 1,shika
歯科,34,0532063,のりこ歯科医院,呉市中通２丁目２－４河内ビル２０１,0823-21-1023,武田　典子,武田　典子,歯,,平12. 12. 1,shika
歯科,34,0532071,東中央デンタルクリニック,呉市東中央２丁目４－２１,0823-25-5005,濱田　明彦,濱田　明彦,歯　小歯　歯外　矯歯,,平13. 1. 1,shika
歯科,34,0532089,夢ケ丘歯科医院,呉市押込西平町２０－１６,0823-34-4618,吉川　一功,吉川　一功,歯　小歯,,平13. 4. 1,shika
歯科,34,0532105,三条歯科,呉市三条２－１１－１７－１０１,0823-32-5111,山口　智香子,山口　智香子,歯,,平13. 7. 1,shika
歯科,34,0532147,第二沖山歯科医院,呉市本通６丁目７番３－１０１号,0823-26-6755,沖山　誠司,沖山　誠司,歯　小歯,,平14. 5. 1,shika
歯科,34,0532154,土本歯科医院,呉市伏原１丁目３－１８Ｔビル３Ｆ,0823-20-6474,土本　康博,土本　康博,歯,,平14. 7. 1,shika
歯科,34,0532162,かしはら歯科医院,呉市本通４丁目１０－４,0823-32-7711,柏原　的志,柏原　的志,歯,,平14. 11. 1,shika
歯科,34,0532204,よしだ歯科,呉市中央６丁目６－２,0823-32-6188,吉田　幸惠,吉田　幸惠,歯　小歯,,平15. 6. 1,shika
歯科,34,0532212,第二森田歯科医院,呉市天応西条１丁目３－７,0823-38-1300,森田　正,森田　正,歯,,平17. 11. 1,shika
歯科,34,0532246,里見歯科,呉市郷原野路の里１丁目１７－６,0823-70-3060,里見　禎子,里見　禎子,歯　歯外　小歯,,平17. 4. 1,shika
歯科,34,0532261,医療法人坂本会　坂本歯科,呉市安浦町中央４－１－５,0823-85-0118,医療法人　坂本会　坂本歯科　理事長　坂本　智則,坂本　智則,歯　矯歯　小歯　歯外,,平17. 5. 1,shika
歯科,34,0532279,医療法人社団　おおぞら会　おかもと歯科医院,呉市押込４丁目２８－２,0823-33-7100,医療法人社団　おおぞら会　理事長　岡本　直治,岡本　直治,歯　矯歯　小歯　歯外,,平17. 9. 1,shika
歯科,34,0532287,池田歯科医院,呉市音戸町北隠渡１－４－７,0823-52-0123,鳥山　広子,鳥山　広子,歯,,平18. 4. 17,shika
歯科,34,0532295,安登歯科クリニック,呉市安浦町安登西６丁目１－１８,0823-84-2118,土本　浩嗣,土本　浩嗣,歯,,平20. 4. 1,shika
歯科,34,0532303,児玉歯科医院,呉市中通一丁目１－２７,0823-25-3000,医療法人デンタル・ハート　理事長　山本　亮,山本　亮,歯,,平21. 3. 16,shika
歯科,34,0532311,ひらたデンタルクリニック,呉市阿賀中央４丁目５－２８,0823-36-4182,平田　敦司,平田　敦司,歯　小歯　歯外,,平21. 4. 1,shika
歯科,34,0532337,うえはら歯科医院,呉市焼山中央二丁目４番８号,0823-34-4884,医療法人ユナイテッド　理事長　上原　亮,上原　亮,歯　小歯　矯歯,,平21. 10. 1,shika
歯科,34,0532352,呉駅前歯科・矯正歯科クリニック,呉市西中央１丁目６番２号西村ビルド３Ｆ,0823-26-7766,医療法人　小笠原会　理事長　小笠原　一行,小笠原　一行,歯　矯歯　小歯,,平22. 4. 1,shika
歯科,34,0532386,医療法人　健真会　藤本歯科クリニック,呉市阿賀北７丁目１３－１２,0823-71-8213,医療法人　健真会　藤本歯科　理事長　藤本　文彦,藤本　文彦,歯　矯歯　小歯　歯外,,平22. 10. 1,shika
歯科,34,0532394,水野デンタルクリニック,呉市宮原７丁目２－１３,0823-21-0587,水野　尊文,水野　尊文,歯　小歯,,平23. 3. 1,shika
歯科,34,0532451,西川歯科医院,呉市広中新開２丁目５－７,0823-71-7595,西川　智,西川　智,歯　小歯　歯外,,平25. 1. 1,shika
歯科,34,0532469,なないろ歯科クリニック,呉市広古新開７－２４－３－２０１,0823-76-5581,佐々木　博昭,佐々木　博昭,歯　小歯　歯外,,平25. 9. 4,shika
歯科,34,0532477,医療法人社団つばき会　木村歯科クリニック,呉市中央２丁目５番１５号,0823-25-1184,医療法人社団つばき会　理事長　木村　均,木村　均,歯　小歯　歯外,,平25. 11. 1,shika
歯科,34,0532485,むらかみ歯科,呉市広白石２丁目１３－６,0823-27-7277,村上　光寿,村上　光寿,歯　小歯,,平25. 12. 9,shika
歯科,34,0532493,あおぞら歯科医院,呉市広本町３丁目１２－１２,0823-36-2396,楠木　昌子,楠木　昌子,歯,,平26. 1. 6,shika
歯科,34,0532519,せとうみ歯科医院,呉市宝町２番２３－１－３０４,0823-43-1700,足利　新,足利　新,歯　小歯　矯歯,,平26. 5. 24,shika
歯科,34,0532535,記念歯科,呉市阿賀北９丁目８番１５号,0823-76-6464,医療法人社団　記念歯科　理事長　栗原　孝幸,栗原　孝幸,歯,,平26. 10. 1,shika
歯科,34,0532543,香川矯正歯科クリニック,呉市西中央１丁目５番７号,0823-25-7890,医療法人　皓歯会　理事長　香川　国和,香川　国和,矯歯,,平26. 11. 1,shika
歯科,34,0532550,大類歯科クリニック,呉市天応塩谷町２－２５,0823-38-7961,大類　生,大類　生,歯　歯外　小歯,,平27. 3. 9,shika
歯科,34,0532568,アルファデンタルオフィス,呉市和庄一丁目３番１号,0823-32-6482,医療法人アペイロン　理事長　桧垣　一夫,桧垣　一夫,歯　歯外　小歯　矯歯,,平28. 3. 1,shika
歯科,34,0532576,さくら歯科クリニック,呉市広古新開１－９－２９,0823-36-3232,岡野　勝,岡野　勝,歯　小歯　歯外,,平28. 4. 1,shika
歯科,34,0532584,やすだ歯科,呉市広古新開６－３－１０,0823-55-4380,安田　博光,安田　博光,歯　歯外　小歯,,平28. 5. 1,shika
歯科,34,0532600,呉口腔保健センター,呉市和庄１丁目２番１３号,0823-25-4441,一般社団法人　呉市歯科医師会　会長　森田　正,森田　正,歯　小歯　歯外,,平28. 10. 19,shika
歯科,34,0532618,ゆめタウン呉　こもれび歯科,呉市宝町５番１０号,0823-27-6480,医療法人社団優人会　理事長　湯淺　賢一,吉井　友宏,歯　小歯　歯外　矯歯,,平29. 5. 1,shika
歯科,34,0532626,イチカワ歯科クリニック,呉市広古新開１丁目３番１号楠ビル２０２号,0823-74-1118,医療法人社団　琴奈会　理事長　市川　二郎,市川　二郎,歯　小歯　歯外,,平29. 10. 1,shika
歯科,34,0532634,くろだ歯科クリニック,呉市郷町６番３１号,0823-21-7088,医療法人社団くろだ歯科クリニック　理事長　黒田　裕樹,黒田　裕樹,歯　小歯　歯外,,平29. 11. 1,shika
歯科,34,0532659,ティアレ歯科クリニック,呉市海岸２－２－８,0823-21-9155,伊藤　陽一郎,伊藤　陽一郎,歯　小歯,,平30. 12. 11,shika
歯科,34,0532667,佐々木歯科医院,呉市広両谷３丁目２－７,0823-71-3377,佐々木　啓充,佐々木　啓充,歯　小歯　矯歯,,平31. 1. 1,shika
歯科,34,0532675,みかん歯科,呉市広中町７－２３,0823-73-5656,酒井　崇裕,酒井　崇裕,歯　小歯　歯外　矯歯,,令2. 1. 1,shika
歯科,34,0532683,小早川歯科医院,呉市阿賀中央６丁目１２－１９,0823-73-4180,谷本　裕介,谷本　裕介,歯　小歯　歯外,,令2. 1. 1,shika
歯科,34,0532691,里見歯科医院,呉市焼山中央二丁目９番１２号,0823-34-5600,医療法人椿会　理事長　里見　俊文,里見　俊文,歯,,令2. 4. 1,shika
歯科,34,0532709,西田歯科医院,呉市広本町３丁目３－９,0823-73-5181,西田　和正,西田　和正,歯　小歯　歯外,,令2. 4. 1,shika
歯科,34,0532717,しげる歯科クリニック,呉市郷原町字地蔵平７２５１,0823-77-2552,栗原　茂,栗原　茂,歯　小歯　歯外　矯歯,,令3. 4. 3,shika
歯科,34,0532733,さゆりクリニック,呉市朝日町１番８号,0823-23-1181,医療法人社団さゆり会　理事長　向井　皇,藤谷　桜子,歯　内　ひ,,令3. 12. 1,shika
歯科,34,0532741,中央歯科,呉市中央２－１－７,0823-24-0422,灘田　博司,灘田　博司,歯　歯外　小歯,,令5. 1. 1,shika
歯科,34,0532758,ふかみスマイル歯科,呉市吾妻二丁目９番２９号,0823-25-5091,医療法人ＬＣＧ　理事長　鶴井　弘毅,鶴井　弘毅,歯　矯歯　小歯　歯外,,令6. 1. 1,shika
歯科,34,0532766,上田歯科医院,呉市東畑１丁目４－１５,0823-24-7216,上田　武,上田　武,歯,,令6. 1. 7,shika
歯科,34,0532774,やけやま歯科医院,呉市焼山桜ケ丘一丁目３番６号,0823-34-1099,医療法人縁空仁科　理事長　國原　崇洋,國原　崇洋,歯　小歯　矯歯,,令6. 4. 1,shika
歯科,34,0532782,脇歯科医院,呉市中通４丁目１－２７,0823-24-9777,脇　由美子,脇　由美子,歯,,令7. 4. 1,shika
歯科,34,0532790,呉中通デンタルクリニック,呉市中通３丁目５番１１号呉パルスビル１階,0823-36-7622,西亀　元,西亀　元,歯　小歯,,令7. 10. 1,shika
歯科,34,0532808,寺谷歯科医院,呉市広大新開１丁目３番２７号,0823-72-2508,医療法人　寺谷歯科医院　理事長　寺谷　由香里,寺谷　由香里,歯　小歯　歯外　矯歯,,令7. 10. 1,shika
歯科,34,0730030,三好歯科医院,竹原市忠海中町２丁目２０－２４,0846-26-0739,三好　邦子,三好　邦子,歯,,平元. 8. 2,shika
歯科,34,0730121,医療法人　弘仁会　大田歯科医院,竹原市竹原町下新開３５１１－７,0846-22-0879,医療法人　弘仁会　理事長　大田　康弘,大田　康弘,歯,,平2. 6. 1,shika
歯科,34,0730220,第２米田歯科医院,竹原市福田町１２８７－１,0846-24-1224,米田　節,米田　節,歯,,昭61. 5. 1,shika
歯科,34,0730279,石井歯科クリニック,竹原市竹原町３０７８－１４,0846-22-6695,石井　光道,石井　光道,歯　矯歯　小歯,,平13. 5. 1,shika
歯科,34,0730311,安田歯科医院,竹原市下野町３２４５番地１２,0846-22-7727,安田　一彰,安田　一彰,歯　矯歯　小歯,,平15. 8. 1,shika
歯科,34,0730329,西野歯科,竹原市西野町２１５３－３,0846-29-2229,片岡　浩二,片岡　浩二,歯,,平11. 5. 1,shika
歯科,34,0730352,おかだ歯科,竹原市中央四丁目５番１７号,0846-22-7111,医療法人二十二会　おかだ歯科　理事長　岡田　和也,岡田　和也,歯,,平25. 11. 1,shika
歯科,34,0730378,今田歯科医院,竹原市忠海中町２丁目２番５１号,0846-26-0018,安原　昭子,安原　昭子,歯,,平26. 6. 1,shika
歯科,34,0730386,米田歯科医院,竹原市竹原町３５７２,0846-22-2122,米田　哲也,米田　哲也,歯,,平29. 5. 20,shika
歯科,34,0730394,髙橋歯科医院,竹原市中央３－１６－３６,0846-22-2074,高橋　史夫,高橋　史夫,歯　小歯,,令2. 8. 1,shika
歯科,34,0730402,三好歯科医院,竹原市竹原町３５５２－７,0846-22-0959,三好　敏朗,三好　敏朗,歯,,令3. 12. 1,shika
歯科,34,0930077,船木歯科医院,三原市宮沖１－９－２,0848-64-5533,船木　洋治,船木　洋治,歯,,平7. 9. 1,shika
歯科,34,0930093,田中歯科医院,三原市宮沖２丁目１－１８,0848-62-2377,田中　晃,田中　晃,歯,,平14. 1. 1,shika
歯科,34,0930382,中本デンタルクリニック,三原市城町１－４－２０,0848-64-8161,中本　貴之,中本　貴之,歯　小歯,,平17. 4. 3,shika
歯科,34,0930416,ファミリー歯科診療所,三原市城町２－２－１７,0848-62-5277,岡田　臨三,岡田　臨三,歯　小歯,,平19. 1. 1,shika
歯科,34,0930432,第一歯科医院,三原市中之町１丁目２１－１７,0848-62-6300,坂内　大造,坂内　大造,歯,,昭57. 2. 1,shika
歯科,34,0930440,愛真歯科医院,三原市糸崎４丁目９－２３,0848-62-6160,山口　隆志,山口　隆志,歯,,昭58. 5. 1,shika
歯科,34,0930465,砂田歯科医院,三原市沼田東町本市４１３－３,0848-66-2088,砂田　岳,砂田　岳,歯,,昭58. 6. 1,shika
歯科,34,0930499,坂本歯科医院,三原市和田１丁目７－１６,0848-62-6438,坂本　順一,坂本　順一,歯,,平元. 7. 1,shika
歯科,34,0930523,向井歯科医院,三原市和田２丁目５番３号,0848-64-2733,向井　伸二,向井　伸二,歯,,平元. 5. 1,shika
歯科,34,0930549,たまやま歯科医院,三原市宮浦６丁目７－２７,0848-64-6432,玉山　廣忠,玉山　廣忠,歯,,平12. 7. 1,shika
歯科,34,0930556,むねひろ・歯科・クリニック,三原市須波西２丁目１番１０号,0848-67-6744,宗廣　素徳,宗廣　素徳,歯　矯歯,,平4. 11. 1,shika
歯科,34,0930564,永金歯科医院,三原市中之町２丁目８－１７,0848-62-9395,永金　幸治,永金　幸治,歯,,平4. 11. 1,shika
歯科,34,0930580,田渕歯科医院,三原市中之町１丁目２３－２０,0848-67-4976,田渕　順治,田渕　順治,歯　歯外,,平5. 6. 1,shika
歯科,34,0930598,つちはし歯科医院,三原市宮浦５丁目６－１９,0848-62-1044,土橋　加伸,土橋　加伸,歯,,平6. 11. 1,shika
歯科,34,0930606,平田歯科医院,三原市沼田東町七宝１２９９－１,0848-66-3851,平田　秀己,平田　秀己,歯,,平8. 4. 1,shika
歯科,34,0930614,キカワ歯科医院,三原市皆実３丁目２－５中田ビル１Ｆ,0848-63-0821,木川　仁志,木川　仁志,歯,,平8. 5. 1,shika
歯科,34,0930622,ケーシーデンタルクリニック,三原市糸崎２丁目９－４３,0848-64-1788,行　圭史,行　圭史,歯　歯外,,平9. 7. 1,shika
歯科,34,0930630,うらさき歯科,三原市明神２丁目１１－１０,0848-64-0422,裏崎　英之,裏崎　英之,歯　小歯,,平10. 6. 1,shika
歯科,34,0930648,みどり歯科矯正歯科クリニック,三原市円一町１丁目１－７　フジグラン三原ガーデニング棟２Ｆ,0848-67-8700,高橋　健太,高橋　健太,歯　矯歯　小歯　歯外,,平11. 1. 1,shika
歯科,34,0930663,医療法人社団　マコト矯正歯科クリニック,三原市館町１丁目７－１金山ビル２Ｆ,0848-61-2558,医療法人　社団　マコト矯正歯科クリニック　理事長　山本　多栄子,山本　多栄子,矯歯　歯,,平16. 5. 1,shika
歯科,34,0930705,おがた歯科,三原市宮浦３丁目３０－３０,0848-61-5775,小方　好一郎,小方　好一郎,歯,,平15. 6. 1,shika
歯科,34,0930713,クラーク矯正歯科,三原市港町１丁目２－３船木商事ビル１Ｆ,0848-64-7117,高田　賢二,高田　賢二,矯歯,,平15. 10. 1,shika
歯科,34,0930721,近藤歯科,三原市宮浦５丁目２－７,0848-67-8811,近藤　和生,近藤　和生,歯,,平15. 12. 1,shika
歯科,34,0930739,宗郷町デンタルクリニック,三原市宗郷３－３－５,0848-62-0440,岸田　徹,岸田　徹,歯　小歯,,平16. 5. 1,shika
歯科,34,0930747,くりはら歯科医院,三原市宮沖３－８－１３,0848-61-0418,栗原　幹直,栗原　幹直,歯　小歯　歯外,,平16. 5. 1,shika
歯科,34,0930754,みやけ歯科医院,三原市西町２丁目１－２３,0848-62-2624,三宅　卓士,三宅　卓士,歯,,平16. 9. 1,shika
歯科,34,0930762,やすさか歯科,三原市宮浦６－６－２７エクセルシア山崎１０１号室,0848-62-3457,安坂　将樹,安坂　将樹,歯　小歯,,平16. 12. 1,shika
歯科,34,0930788,つばさ歯科,三原市本郷南五丁目１４番１５号,0848-86-1610,坂本　裕樹,坂本　裕樹,歯,,平22. 3. 1,shika
歯科,34,0930796,大名歯科,三原市宮浦三丁目２４番２６号,0848-81-2117,医療法人クワトロサンテ　理事長　大名　幸一,大名　幸一,歯　小歯　矯歯　歯外,,平23. 11. 1,shika
歯科,34,0930804,よりかね歯科医院,三原市頼兼１－２－１２,0848-64-5339,医療法人社団　大聖会　理事長　藤原　秀,藤原　秀,歯,,平24. 11. 1,shika
歯科,34,0930838,海田歯科医院,三原市港町１－２－１４,0848-62-2374,海田　博文,海田　博文,歯,,平25. 10. 6,shika
歯科,34,0930846,増田歯科医院,三原市館町２丁目１－１４　１Ｆ,0848-64-5555,増田　隆宏,増田　隆宏,歯　小歯,,平26. 4. 1,shika
歯科,34,0930853,林歯科医院,三原市城町３－８－２２,0848-64-4780,林　和彦,林　和彦,歯,,平26. 8. 4,shika
歯科,34,0930879,ふくしま歯科クリニック,三原市旭町１丁目２番２６号,0848-38-7919,福島　一哉,福島　一哉,歯　小歯　矯歯,,平28. 3. 1,shika
歯科,34,0930887,医療法人なかま　さいざき歯科,三原市幸崎能地四丁目２１番７号,0848-69-1182,医療法人なかま　理事長　佐々木　正親,竹脇　学,歯,,平28. 5. 1,shika
歯科,34,0930911,まつだ歯科医院,三原市本郷南６丁目２４－１４,0848-86-4844,松田　信隆,松田　信隆,歯　小歯　歯外,,平29. 4. 1,shika
歯科,34,0930937,郷田歯科医院,三原市中之町６－２０－８,0848-67-6665,郷田　浩,郷田　浩,歯　小歯,,平30. 12. 1,shika
歯科,34,0930945,久井しもつ歯科,三原市久井町下津１７２８,0847-32-7730,山口　真一郎,山口　真一郎,歯　小歯　歯外,,令2. 5. 27,shika
歯科,34,0930960,いとう歯科クリニック,三原市円一町３丁目１３－３,0848-62-2428,伊藤　真,伊藤　真,歯　小歯　矯歯　歯外,,令5. 7. 1,shika
歯科,34,0930986,Ｗｈｉｔｅ　Ｄｅｎｔａｌ　Ｃｌｉｎｉｃ,三原市皆実２－２－４,0848-64-8660,白井　竜子,白井　竜子,歯,,令6. 10. 14,shika
歯科,34,0930994,本郷こもれび歯科,三原市下北方１丁目８番２０号,0848-86-2210,小早川　貴彦,小早川　貴彦,歯　小歯　歯外　矯歯,,令7. 10. 1,shika
歯科,34,0931000,三原河田歯科,三原市宮浦４－１１－２３,0848-62-2232,河田　真宏,河田　真宏,歯　矯歯　小歯,,令7. 8. 1,shika
歯科,34,1130180,医療法人社団萌生会　中尾歯科医院,尾道市十四日元町６－３,0848-37-2067,医療法人社団　萌生会　中尾歯科医院　理事長　中尾　友紀,中尾　友紀,歯,,平5. 8. 1,shika
歯科,34,1130446,岡田歯科医院,尾道市沖側町３－８,0848-23-8188,岡田　政久,岡田　政久,歯　小歯　歯外,,昭53. 12. 1,shika
歯科,34,1130503,三谷歯科医院,尾道市長江１－７－４,0848-37-3370,三谷　信行,三谷　信行,歯,,昭56. 7. 1,shika
歯科,34,1130511,中司歯科医院,尾道市向東町３５５０－６,0848-44-7078,医療法人　中司歯科医院　理事長　中司　光,中司　光,歯,,平2. 8. 1,shika
歯科,34,1130529,医療法人社団　仁至会　河上歯科医院,尾道市西則末町８－２０,0848-22-2882,医療法人社団　仁至会　河上歯科医院　理事長　河上　嘉範,河上　嘉範,歯　小歯　矯歯　歯外,,平13. 11. 1,shika
歯科,34,1130552,みやもと歯科医院,尾道市三軒家町１４－９,0848-22-8211,宮本　隆正,宮本　隆正,歯,,昭60. 4. 1,shika
歯科,34,1130560,三藤歯科医院,尾道市門田町２－３９,0848-23-5533,三藤　聡,三藤　聡,歯,,昭61. 5. 1,shika
歯科,34,1130578,カメイ歯科,尾道市栗原町９３９９－３誠和ビル１Ｆ,0848-25-2557,亀井　靖之,亀井　靖之,歯　小歯　矯歯,,平7. 12. 1,shika
歯科,34,1130586,檀上歯科医院,尾道市浦崎町２０６２－１,0848-73-3025,檀上　文雄,檀上　文雄,歯,,昭61. 6. 1,shika
歯科,34,1130602,古川歯科医院,尾道市美ノ郷町三成１０６６－７,0848-48-2666,古川　龍太,古川　龍太,歯,,昭62. 6. 1,shika
歯科,34,1130610,石井歯科医院,尾道市山波町２４３－１９,0848-46-4478,石井　公浩,石井　公浩,歯　小歯,,平13. 6. 1,shika
歯科,34,1130636,砂田歯科医院,尾道市山波町１９０５－９,0848-37-8880,医療法人社団鶴栄会　理事長　砂田　全亮,砂田　全亮,歯　小歯,,平18. 3. 1,shika
歯科,34,1130644,吉田歯科医院,尾道市東久保町１３－８,0848-37-1892,吉田　和生,吉田　和生,歯,,平2. 3. 1,shika
歯科,34,1130651,篠原歯科医院,尾道市栗原西２－９－９,0848-25-4522,篠原　正氣,篠原　正氣,歯,,平2. 9. 1,shika
歯科,34,1130669,黒瀬歯科医院,尾道市久保１－８－２３,0848-37-4184,黒瀬　濟,黒瀬　濟,歯　小歯,,平2. 11. 1,shika
歯科,34,1130677,そえだ歯科医院,尾道市高須町１３７１－５,0848-46-5044,添田　歩,添田　歩,歯　矯歯　小歯,,平3. 2. 1,shika
歯科,34,1130685,オカノ歯科医院,尾道市栗原町字亀川５９５０－２,0848-24-0240,岡野　邦彦,岡野　邦彦,歯,,平3. 8. 1,shika
歯科,34,1130719,宗永歯科医院,尾道市向東町８８６１－１,0848-44-6470,医療法人社団　宗仁会　理事長　宗永　泰一,宗永　修一,歯　歯外,,平12. 5. 1,shika
歯科,34,1130735,田中第二歯科,尾道市栗原町９６５０－６１,0848-24-2888,田中　繁和,田中　繁和,歯,,平7. 12. 1,shika
歯科,34,1130743,はしづか歯科医院,尾道市新浜２－６－２５,0848-24-3355,橋塚　公彦,橋塚　公彦,歯,,平8. 8. 1,shika
歯科,34,1130750,板阪歯科医院,尾道市高須町４７５６番地２９,0848-55-0007,板阪　宗生,板阪　宗生,歯　小歯,,平9. 8. 1,shika
歯科,34,1130768,やまもと歯科,尾道市栗原西２－１－９,0848-21-1015,山本　敏弘,山本　敏弘,歯,,平10. 4. 1,shika
歯科,34,1130784,医療法人　ほていや歯科,尾道市新高山２丁目２６３１－４０,0848-56-0821,医療法人　ほていや歯科　理事長　布袋屋　智朗,布袋屋　智朗,歯　歯外　小歯,,平16. 11. 1,shika
歯科,34,1130792,おかだ歯科,尾道市西御所町６－２９,0848-21-5155,岡田　玲子,岡田　玲子,歯　歯外　小歯　矯歯,,平13. 9. 1,shika
歯科,34,1130800,はしもと歯科矯正歯科,尾道市高須町８９３－１,0848-47-0848,橋本　啓史,橋本　啓史,歯　小歯　矯歯,,平14. 5. 1,shika
歯科,34,1130826,おおもとクローバー歯科クリニック,尾道市土堂２丁目６－３,0848-24-7088,大本　英臣,大本　英臣,歯　小歯,,平21. 5. 1,shika
歯科,34,1130834,林歯科医院,尾道市因島土生町２００９－７,0845-22-0106,林　亮,林　亮,歯　小歯　矯歯　歯外,,平22. 1. 1,shika
歯科,34,1130859,田川歯科医院,尾道市因島土生町１８９９－１６７,08452-2-0968,田川　直樹,田川　直樹,歯,,平22. 8. 19,shika
歯科,34,1130867,大元歯科医院,尾道市尾崎本町４－９,0848-37-3332,大元　一弘,大元　一弘,歯,,平22. 11. 1,shika
歯科,34,1130883,日野歯科医院,尾道市御調町市１１３３,0848-76-0153,日野　星児,日野　星児,歯,,平24. 1. 1,shika
歯科,34,1130891,しまなみ歯科医院,尾道市新浜１丁目３－４６,0848-38-1118,大石　浩司,大石　浩司,歯　小歯　歯外,,平24. 7. 3,shika
歯科,34,1130917,マリン歯科クリニック,尾道市因島田熊町２５１７－１因島モール内,0845-25-6480,岡田　源太郎,岡田　源太郎,歯　小歯　歯外,,平25. 10. 1,shika
歯科,34,1130925,苅田歯科医院,尾道市天満町１７－８,0848-22-5650,赤城　尚武,赤城　尚武,歯　矯歯　小歯,,平25. 12. 14,shika
歯科,34,1130933,斎藤歯科医院,尾道市因島土生町１８９６－４,0845-22-0283,齋藤　徹雄,齋藤　徹雄,歯,,平26. 7. 28,shika
歯科,34,1130958,ふみのデンタルクリニック,尾道市東尾道１０－２,0848-36-6165,小川　文野,小川　文野,歯　小歯,,平27. 6. 1,shika
歯科,34,1130966,くろせ歯科クリニック,尾道市向島町５５３４番地１２３,0848-20-6480,医療法人くろせ歯科クリニック　理事長　黒瀬　寿康,黒瀬　寿康,歯　小歯　矯歯　歯外,,平27. 10. 1,shika
歯科,34,1130974,さくら歯科クリニック,尾道市向島町５５５３番地１１２,0848-45-0707,渡　卓郎,渡　卓郎,歯　小歯　矯歯,,平27. 11. 2,shika
歯科,34,1130982,鍋島歯科医院,尾道市土堂一丁目１２－１１,0848-22-2878,鍋島　巧,鍋島　巧,歯　歯外　小歯　矯歯,,平27. 9. 23,shika
歯科,34,1130990,かわばた歯科,尾道市瀬戸田町中野４０５－７,0845-27-0029,川端　勇也,川端　勇也,歯　小歯,,平27. 11. 16,shika
歯科,34,1131006,たくま歯科クリニック,尾道市因島田熊町１０番地３,0845-25-6908,岡野　孝,岡野　孝,歯　歯外　矯歯　小歯,,平27. 11. 1,shika
歯科,34,1131014,さいだ歯科医院,尾道市美ノ郷町三成１１３８－１,0848-48-0014,齊田　拓也,齊田　拓也,歯　小歯,,平28. 1. 1,shika
歯科,34,1131022,医療法人至誠会井上歯科クリニック,尾道市久保二丁目１番５号,0848-38-2080,医療法人至誠会井上歯科クリニック　代表理事　井上　洋,井上　洋,歯　小歯,,平28. 10. 1,shika
歯科,34,1131048,桑原歯科医院,尾道市向島町５７６－１３,0848-44-2220,原　健二,原　健二,歯,,平30. 5. 1,shika
歯科,34,1131055,えみ　こども歯科クリニック,尾道市高須町４７９０－９,0848-31-2418,新地　絵美,新地　絵美,小歯　矯歯,,平30. 7. 18,shika
歯科,34,1131071,おのみち矯正歯科,尾道市高須町東新涯二丁目４７７３番地３,0848-29-4050,医療法人仁尾会　理事長　渡邉　峰朗,渡邉　峰朗,矯歯,,令5. 5. 1,shika
歯科,34,1131089,尾道あおば歯科クリニック,尾道市高須町４７７８－９,0848-55-2250,岡田　裕貴,岡田　裕貴,歯　小歯　矯歯　歯外,,令5. 11. 1,shika
歯科,34,1131097,ほんだ歯科医院,尾道市高須町３７００－３,0848-46-3610,本多　宏史,本多　宏史,歯,,令6. 1. 1,shika
歯科,34,1131105,小山歯科医院,尾道市古浜町２番４５号,0848-22-2981,小山　明日香,小山　明日香,歯,,令7. 3. 1,shika
歯科,34,1330053,岡田歯科医院,尾道市因島田熊町１１０５－３,08452-2-0877,岡田　公生,岡田　公生,歯,,平5. 7. 1,shika
歯科,34,1330186,宗金歯科医院,尾道市因島田熊町４３３４－２,0845-22-7216,宗金　龍二,宗金　龍二,歯　矯歯　小歯,,昭54. 3. 1,shika
歯科,34,1330194,因島村上歯科医院,尾道市因島土生町１９０２－２,0845-22-8388,村上　俊一,村上　俊一,歯,,昭56. 5. 1,shika
歯科,34,1330210,ファミリー歯科　宮地,尾道市因島中庄町３３１４－２,0845-24-2555,宮地　伸治,宮地　伸治,歯,,昭58. 3. 1,shika
歯科,34,1330236,歯科・斎藤クリニック,尾道市因島土生町１２１７－７,0845-22-8844,斎藤　顕,斎藤　顕,歯,,昭63. 5. 1,shika
歯科,34,1330251,酒井歯科医院,尾道市因島中庄町２０２１,08452-4-3648,酒井　清文,酒井　清文,歯,,平5. 2. 1,shika
歯科,34,1330269,医療法人社団　岡野おとなこども歯科クリニック,尾道市因島土生町１８９９－８,0845-22-7100,医療法人社団　岡野おとなこども歯科クリニック　理事長　岡野　主裕,岡野　主裕,歯,,平11. 5. 1,shika
歯科,34,1530140,坂本歯科医院,福山市西桜町１丁目３－１３,084-923-3722,坂本　勝也,坂本　勝也,歯　矯歯　歯外,,平12. 1. 1,shika
歯科,34,1530231,小林歯科診療所,福山市水呑町１８６２－３,0849-56-3174,小林　万里恵,小林　万里恵,歯,,平13. 4. 1,shika
歯科,34,1530314,橘高歯科医院,福山市川口町２丁目２２－３,084-957-1188,橘高　利尚,橘高　利尚,歯　小歯,,平4. 9. 1,shika
歯科,34,1530348,まつやま歯科医院,福山市東町２丁目２－５,084-923-1983,松山　誠爾,松山　誠爾,歯　矯歯　小歯,,平3. 11. 1,shika
歯科,34,1530413,平井歯科医院,福山市元町１３－２０,0849-22-0373,平井　元章,平井　元章,歯　小歯,,平7. 5. 13,shika
歯科,34,1530496,高橋歯科医院,福山市光南町３丁目９－２４,084-923-3136,高橋　宏治,高橋　宏治,歯　小歯　歯外,,昭54. 9. 29,shika
歯科,34,1530561,立野歯科医院,福山市花園町１丁目３－１６,0849-23-0363,立野　義雄,立野　義雄,歯　小歯,,平13. 12. 1,shika
歯科,34,1530652,矢野歯科医院,福山市今津町７６０,084-933-4679,矢野　暢人,矢野　暢人,歯,,平20. 9. 1,shika
歯科,34,1530678,小川歯科医院,福山市松永町４丁目１６－６,084-933-3598,小川　秀典,小川　秀典,歯,,平11. 9. 1,shika
歯科,34,1530710,牧平歯科医院,福山市金江町金見２５２２－２,084-935-7049,牧平　周生,牧平　周生,歯,,平16. 2. 1,shika
歯科,34,1530736,荒木歯科医院,福山市今津町４－１－８,084-933-3757,荒木　光徳,荒木　光徳,歯　小歯,,平8. 2. 1,shika
歯科,34,1530843,ばら公園前　木村歯科,福山市御門町１丁目１０－１４,084-931-8257,医療法人社団　義成会　理事長　木村　義昭,木村　義昭,歯,,平7. 5. 1,shika
歯科,34,1530926,さくらだホワイト歯科医院,福山市南手城町１－９－２０,084-924-6166,櫻田　篤,櫻田　篤,歯　小歯　歯外,,平19. 4. 1,shika
歯科,34,1531015,信森歯科・こども歯科クリニック,福山市明治町１１－１,0849-31-1646,信森　浩一,信森　浩一,歯,,平11. 11. 1,shika
歯科,34,1531023,平田歯科医院,福山市道三町１－７,084-921-7878,平田　道昭,平田　道昭,歯　矯歯　小歯,,昭54. 8. 23,shika
歯科,34,1531106,沖野上木村歯科医院,福山市沖野上町１－６－３４,084-921-0838,医療法人社団慈誠会　理事長　木村　誠,木村　誠,歯　小歯　歯外,,平元. 7. 1,shika
歯科,34,1531171,門利歯科医院,福山市駅家町万能倉１４９－７,084-972-2026,門利　哲也,門利　哲也,歯,,平15. 8. 8,shika
歯科,34,1531221,わだ歯科クリニック,福山市水呑町大谷西３４８１－１,084-956-0246,和田　佳之,和田　佳之,歯　小歯　矯歯　歯外,,昭50. 3. 1,shika
歯科,34,1531254,高橋歯科医院,福山市大黒町２－３２,084-921-1270,高橋　眞也,高橋　眞也,歯　小歯　歯外,,昭50. 9. 1,shika
歯科,34,1531262,神原歯科医院,福山市沖野上町４丁目２４－１０,084-931-8781,神原　和暢,神原　和暢,歯,,昭52. 1. 17,shika
歯科,34,1531346,藤本歯科医院,福山市南手城町２－１１－１６,084-921-1724,藤本　俊治,藤本　俊治,歯　小歯　歯外　矯歯,,昭51. 10. 1,shika
歯科,34,1531353,田中歯科医院,福山市明治町１３－２２,084-932-0168,田中　敏夫,田中　敏夫,歯　小歯,,昭52. 4. 1,shika
歯科,34,1531395,はまだ歯科医院,福山市東町３－１－１５,084-923-3699,医療法人社団慈久会　理事長　濱田　典久,濱田　典久,歯　矯歯　歯外　小歯,,平5. 9. 1,shika
歯科,34,1531429,高橋歯科医院,福山市南蔵王町４－１－１４,0849-26-2888,高橋　康友,高橋　康友,歯,,昭53. 7. 1,shika
歯科,34,1531445,医療法人社団　木村歯科医院,福山市若松町６－６,084-925-1319,医療法人社団木村歯科医院　理事長　木村　圭介,木村　圭介,歯,,平6. 2. 1,shika
歯科,34,1531460,横山歯科医院,福山市沖野上町５－１５－１,084-932-1566,横山　和範,横山　和範,歯,,昭54. 3. 1,shika
歯科,34,1531494,堤歯科医院,福山市延広町５－６,084-921-6480,堤　光仁,堤　光仁,歯　矯歯　小歯,,昭54. 6. 1,shika
歯科,34,1531502,はなえみ歯科,福山市野上町３－１２－２１,084-923-8808,平田　孝,平田　孝,歯　矯歯,,昭59. 4. 1,shika
歯科,34,1531510,馬越歯科医院,福山市光南町３－２－１２,084-932-0505,医療法人馬越歯科医院　理事長　馬越　堅司,馬越　堅司,歯　矯歯　小歯,,平元. 4. 1,shika
歯科,34,1531536,吉光歯科医院,福山市宮前町２－５－２６,084-933-5050,吉光　雅志,吉光　雅志,歯　歯外　小歯　矯歯,,昭55. 3. 1,shika
歯科,34,1531544,内田歯科医院,福山市御幸町森脇４４０－６,084-955-5511,内田　武志,内田　武志,歯　小歯,,昭55. 4. 1,shika
歯科,34,1531551,応藤歯科,福山市北吉津町３－１２－１９,084-926-1830,応藤　健三,応藤　健三,歯,,平8. 1. 1,shika
歯科,34,1531569,一般社団法人　福山市歯科医師会　口腔保健センター,福山市南蔵王町６－１９－３４,084-941-4444,一般社団法人　福山市歯科医師会　会長　吉田　知生,吉田　知生,歯,,昭55. 5. 1,shika
歯科,34,1531577,医療法人社団　中村歯科,福山市春日町１－５－５４,084-941-9811,医療法人社団　中村歯科　理事長　中村　守一,中村　守一,歯,,平15. 10. 1,shika
歯科,34,1531650,上田歯科医院,福山市三吉町南２－１－１９,084-931-0706,上田　純夫,上田　純夫,歯,,昭57. 4. 1,shika
歯科,34,1531668,寺島歯科医院,福山市引野町３－３－５０,084-943-3300,寺島　知二,寺島　知二,歯,,昭57. 6. 1,shika
歯科,34,1531692,井上歯科医院,福山市高西町真田石宇津３８７－５,084-934-0246,井上　,井上　,歯,,昭58. 4. 1,shika
歯科,34,1531718,山岡歯科医院,福山市引野町北５－４－２８,084-943-5086,山岡　恵美,山岡　恵美,歯,,昭58. 4. 1,shika
歯科,34,1531742,弓井歯科医院,福山市千田町大字千田１８５７,084-955-5582,弓井　敏郎,弓井　敏郎,歯,,昭58. 10. 1,shika
歯科,34,1531767,小林歯科,福山市水呑町１９２７,0849-56-0174,小林　高久,小林　高久,歯,,昭59. 1. 1,shika
歯科,34,1531791,田頭歯科医院,福山市駅家町江良４２７－３,0849-76-2646,田頭　裕,田頭　裕,歯,,昭59. 5. 1,shika
歯科,34,1531833,魚住歯科医院,福山市多治米町４－２２－７,084-953-5725,魚住　洋次,魚住　洋次,歯　小歯　矯歯　歯外,,昭59. 8. 1,shika
歯科,34,1531882,しげもり歯科医院,福山市春日町６－２－９,084-941-4114,医療法人　しげもり歯科医院　理事長　重森　文弥,重森　文弥,歯　矯歯　小歯,,平7. 12. 1,shika
歯科,34,1531890,小林歯科医院,福山市赤坂町大字赤坂１０９０－７,0849-51-6007,小林　良次,小林　良次,歯,,昭60. 8. 1,shika
歯科,34,1531908,平田歯科医院,福山市北吉津町２丁目１－１４,0849-21-2631,平田　史朗,平田　史朗,歯,,昭60. 10. 1,shika
歯科,34,1531916,曙はしもと歯科・矯正歯科,福山市曙町５－２３－４７,084-953-6484,医療法人社団　はしもと会　理事長　橋本　美香子,橋本　美香子,歯　矯歯　小歯　歯外,,昭61. 1. 1,shika
歯科,34,1531924,早川歯科医院,福山市引野町北１－２３－１４,084-943-1866,早川　文典,早川　文典,歯,,昭61. 4. 1,shika
歯科,34,1531940,医療法人社団みずほ会　蔵王歯科医院,福山市南蔵王町５－９－１８ゆめタウン蔵王店３Ｆ,084-943-8600,医療法人社団　みずほ会　理事長　清水　肇,盛實　秀樹,歯　矯歯　小歯,,昭61. 4. 1,shika
歯科,34,1531957,きだ歯科医院,福山市駅家町万能倉９４２－１,0849-76-6333,喜田　勝幸,喜田　勝幸,歯,,昭61. 6. 1,shika
歯科,34,1531973,新田歯科医院,福山市川口町２－５－１０,084-954-3530,新田　輝之,新田　輝之,歯,,昭61. 7. 1,shika
歯科,34,1531981,ハセ歯科医院,福山市本庄町中１－２２－２,084-923-8831,長谷　康弘,長谷　康弘,歯　矯歯　小歯,,昭61. 8. 1,shika
歯科,34,1532005,モリノブ歯科,福山市山手町５丁目３－１８,0849-51-3315,森信　英雄,森信　英雄,歯　矯歯　小歯,,昭62. 4. 1,shika
歯科,34,1532013,医療法人社団　竹山歯科,福山市津之郷町大字津之郷１２６１番地の２,084-951-6480,医療法人社団　竹山歯科　理事長　竹山　秀樹,竹山　秀樹,歯　小歯　矯歯　歯外,,平15. 10. 1,shika
歯科,34,1532047,ひらい歯科,福山市道三町７－１４,084-932-3223,平井　浩二,平井　浩二,歯　矯歯　小歯,,昭62. 6. 1,shika
歯科,34,1532054,山手町歯科,福山市山手町４丁目２－２７,084-951-2246,兼森　満,兼森　満,歯　小歯　歯外,,平17. 7. 1,shika
歯科,34,1532088,つちや歯科,福山市沖野上町４丁目２２－５,084-927-0270,土屋　公俊,土屋　公俊,歯　小歯,,昭63. 8. 1,shika
歯科,34,1532096,おがわ歯科医院,福山市駅家町大字万能倉３７３－３９,0849-76-6886,小川　勝憲,小川　勝憲,歯　矯歯　小歯,,昭63. 10. 1,shika
歯科,34,1532104,志渡沢歯科医院,福山市瀬戸町大字長和字細田１９５,084-951-5518,志渡沢　正治,志渡沢　正治,歯　小歯,,平元. 5. 1,shika
歯科,34,1532112,いなだ歯科医院,福山市引野町４－２０－３０,0849-41-8688,稲田　修三,稲田　修三,歯,,平元. 6. 1,shika
歯科,34,1532153,渡辺矯正歯科,福山市延広町１－２５明治安田生命福山駅前ビル５Ｆ,084-926-3200,渡邉　八十夫,渡邉　八十夫,矯歯　歯,,平2. 4. 1,shika
歯科,34,1532195,佐藤歯科医院,福山市野上町２丁目１５－１,084-922-8148,佐藤　裕紀,佐藤　裕紀,歯　矯歯　小歯　歯外,,平2. 7. 1,shika
歯科,34,1532203,まえおか歯科医院,福山市山手町４丁目１８－２３,084-951-8880,前岡　弘子,前岡　弘子,歯,,平2. 9. 1,shika
歯科,34,1532229,ふるてら歯科医院,福山市新涯町５丁目３０－４,084-954-6418,古寺　伸寛,古寺　伸寛,歯　小歯,,平2. 11. 1,shika
歯科,34,1532245,さとう歯科,福山市駅家町近田１０５５－１,0849-76-7164,佐藤　恒之,佐藤　恒之,歯　小歯,,平3. 1. 1,shika
歯科,34,1532252,フロカワ歯科医院,福山市南松永町１－１０－１０,0849-34-8558,風呂川　彰,風呂川　彰,歯,,平3. 4. 1,shika
歯科,34,1532278,門井歯科医院,福山市御幸町大字上岩成字大道３３３－５,084-972-7373,門井　秀夫,門井　秀夫,歯　小歯,,平3. 5. 1,shika
歯科,34,1532286,うえはら歯科医院,福山市三吉町１丁目９－４,0849-21-8041,上原　康嗣,上原　康嗣,歯　矯歯　小歯,,平3. 6. 1,shika
歯科,34,1532302,たての歯科クリニック,福山市東手城町１－２９－１,084-945-7111,立野　治雄,立野　治雄,歯,,平3. 12. 1,shika
歯科,34,1532310,医療法人社団　モノベ歯科医院,福山市千田町１丁目３５－１,084-955-6530,医療法人社団　モノベ歯科医院　理事長　物部　良樹,物部　良樹,歯　小歯,,平7. 12. 1,shika
歯科,34,1532328,ひろむ歯科医院,福山市春日町１丁目１３－１８,084-945-8033,中山　弘,中山　弘,歯　矯歯　小歯　歯外,,平4. 4. 1,shika
歯科,34,1532336,おおもり歯科医院,福山市青葉台１－３－１８,0849-47-8320,大森　海造,大森　海造,歯,,平4. 5. 1,shika
歯科,34,1532344,伊藤歯科医院,福山市瀬戸町大字地頭分字落石６９３－１９,084-951-7273,伊藤　孝,伊藤　孝,歯,,平4. 9. 1,shika
歯科,34,1532351,河村歯科医院,福山市鞆町鞆４３５－１,084-982-1265,河村　浩一,河村　浩一,歯,,平4. 10. 1,shika
歯科,34,1532377,たかた歯科医院,福山市坪生町四丁目２番６号,084-947-8350,髙田　和政,髙田　和政,歯,,平5. 5. 1,shika
歯科,34,1532393,村上歯科医院,福山市北吉津町３丁目１１－１７,084-923-8100,村上　一郎,村上　一郎,歯　小歯,,平5. 5. 1,shika
歯科,34,1532419,日野歯科医院,福山市西町２丁目１４－７,084-927-1811,日野　泰志,日野　泰志,歯　小歯,,平5. 11. 1,shika
歯科,34,1532427,かやの歯科医院,福山市松永町５－９－１６,0849-33-0560,茅野　晃弘,茅野　晃弘,歯,,平5. 12. 1,shika
歯科,34,1532450,占部歯科医院,福山市多治米町６－１７－２２,0849-57-5678,占部　正弘,占部　正弘,歯,,平6. 2. 1,shika
歯科,34,1532468,医療法人社団みずほ会　伏見町歯科クリニック,福山市伏見町４－２０,084-922-8474,医療法人社団　みずほ会　理事長　清水　肇,粟根　直明,歯　矯歯　小歯,,平6. 6. 1,shika
歯科,34,1532476,小川矯正歯科,福山市伏見町４－３２,084-928-0118,小川　晴也,小川　晴也,矯歯,,平10. 4. 1,shika
歯科,34,1532484,にしや歯科医院,福山市本町１－１０,084-928-4545,西谷　展,西谷　展,歯,,平7. 1. 1,shika
歯科,34,1532492,土屋歯科医院,福山市御船町１－１２－６,084-931-5701,医療法人社団　義恵会　理事長　土屋　浩昭,土屋　浩昭,一般　歯　小歯　矯歯　歯外,,平15. 10. 1,shika
歯科,34,1532500,こばやし歯科医院,福山市本郷町３０６５－２,084-936-1963,小林　誠,小林　誠,歯,,平7. 4. 1,shika
歯科,34,1532518,横山歯科医院,福山市加茂町中野８１２,084-972-2100,横山　晴洋,横山　晴洋,歯,,平7. 9. 1,shika
歯科,34,1532534,びんご歯科クリニック,福山市新涯町２－１２－４５,084-957-5525,西谷　満,西谷　満,歯　矯歯　小歯　歯外,,平7. 10. 1,shika
歯科,34,1532567,しんき歯科医院,福山市南蔵王町６丁目２５－５,0849-43-1525,新木　恒猪,新木　恒猪,歯　小歯　歯外,,平9. 7. 1,shika
歯科,34,1532583,多治米歯科,福山市多治米町１－２５－１５,0849-20-2099,林　宏昌,林　宏昌,歯　歯外　小歯,,平10. 6. 1,shika
歯科,34,1532609,橘髙歯科医院,福山市港町１－３－１４,084-932-7488,橘髙　治紀,橘髙　治紀,歯,,平11. 4. 1,shika
歯科,34,1532617,松本歯科医院,福山市新浜町１－４－１８,084-981-2505,松本　堅太郎,松本　堅太郎,歯　歯外　矯歯　小歯,,平11. 8. 1,shika
歯科,34,1532625,まつもと歯科医院,福山市新涯町５丁目２－１８,084-920-2070,松本　啓次郎,松本　啓次郎,歯　矯歯　小歯　歯外,,平11. 8. 1,shika
歯科,34,1532633,ファミリー歯科クリニック,福山市大門町１－３８－２６,084-940-4322,金　哲勲,金　哲勲,歯　小歯,,平11. 9. 1,shika
歯科,34,1532658,白木歯科医院,福山市駅家町大字江良７７５－５,0849-77-0017,白木　篤,白木　篤,歯　小歯　歯外　矯歯,,平12. 3. 1,shika
歯科,34,1532666,はま歯科医院,福山市奈良津町３丁目５－２４,0849-73-6366,濱　和洋,濱　和洋,歯　小歯,,平12. 5. 1,shika
歯科,34,1532674,聖和歯科クリニック,福山市沖野上町３丁目８－３,084-922-0047,田中　敬幸,田中　敬幸,歯　小歯,,平12. 6. 1,shika
歯科,34,1532682,小倉歯科クリニック,福山市南蔵王町５丁目１６－３５,084-940-6858,小倉　嘉弘,小倉　嘉弘,歯　歯外　小歯,,平12. 9. 1,shika
歯科,34,1532716,しみず歯科医院,福山市新涯町１丁目２７－４７,084-957-1182,清水　克成,清水　克成,歯　小歯,,平13. 5. 1,shika
歯科,34,1532724,いしい歯科クリニック,福山市松永町３丁目７－１５,0849-30-4535,石井　敏也,石井　敏也,歯　小歯,,平13. 10. 1,shika
歯科,34,1532732,かねだ歯科医院,福山市千田町２丁目４１番１１号,084-961-0655,金田　俊彦,金田　俊彦,歯　小歯　歯外,,平18. 4. 1,shika
歯科,34,1532740,明神歯科、矯正歯科医院,福山市明神町１－５－４１,084-925-6480,武田　尊浩,武田　尊浩,歯　矯歯　小歯,,平15. 4. 1,shika
歯科,34,1532765,みやた歯科クリニック,福山市御幸町大字森脇８８番地１,084-961-1371,宮田　知秀,宮田　知秀,歯　小歯　歯外,,平15. 5. 1,shika
歯科,34,1532773,もりかわ歯科医院,福山市新涯町２丁目６－３１もりかわビル２Ｆ,084-954-0838,森川　直樹,森川　直樹,歯　小歯,,平15. 6. 1,shika
歯科,34,1532781,かわむら歯科医院,福山市南本庄５丁目７－１,084-932-6262,河村　昭博,河村　昭博,歯　小歯,,平15. 10. 1,shika
歯科,34,1532799,あさみ歯科医院,福山市金江町藁江１４０番地,084-930-1864,淺海　秀明,淺海　秀明,歯　小歯　歯外,,平15. 11. 1,shika
歯科,34,1532807,かしはら歯科医院,福山市手城町２丁目２３－１４,084-973-1055,柏原　誠二,柏原　誠二,歯　小歯,,平16. 1. 1,shika
歯科,34,1532815,おおた歯科医院,福山市水呑町三新田一丁目７８６番地,084-956-4556,太田　吉宣,太田　吉宣,歯　小歯,,平16. 3. 1,shika
歯科,34,1532823,歯科室　むつてっせん,福山市三吉町３－２－６,084-923-2410,松永　心子,松永　心子,歯　歯外,,平16. 3. 1,shika
歯科,34,1532831,かんばら歯科,福山市川口町１－８－１,084-954-8933,神原　庸典,神原　庸典,歯　小歯,,平16. 4. 1,shika
歯科,34,1532849,いとう歯科,福山市西新涯町１丁目２－３５,084-957-9430,伊東　孝介,伊東　孝介,歯　小歯,,平16. 6. 1,shika
歯科,34,1532856,よしだ歯科,福山市南蔵王町２丁目１０－１８,084-925-1566,田　知生,田　知生,歯　小歯　矯歯　歯外,,平16. 8. 1,shika
歯科,34,1532872,三谷歯科医院,福山市沼隈町大字草深１９６６－２,084-987-3387,三谷　泰,三谷　泰,歯,,平17. 5. 1,shika
歯科,34,1532880,うらべ歯科,福山市駅家町江良２６４－４,084-976-8214,卜部　雅嗣,卜部　雅嗣,歯　小歯　歯外,,平17. 7. 1,shika
歯科,34,1532914,デンタルクリニック　パステル,福山市東深津町２丁目７－２７グラミュール東深津１Ｆ,084-973-8143,西谷　元晴,西谷　元晴,歯　小歯　矯歯　歯外,,平17. 9. 1,shika
歯科,34,1532948,てらおか歯科クリニック,福山市新市町新市３８７－３,0847-52-5118,寺岡　宏,寺岡　宏,歯　小歯,,平18. 2. 1,shika
歯科,34,1532955,日野歯科医院,福山市沖野上町４丁目１５－２０,084-921-9333,日野　貴史,日野　貴史,歯,,平18. 2. 1,shika
歯科,34,1532963,髙橋歯科クリニック,福山市加茂町字中野２４４番地,084-972-5125,髙橋　修平,髙橋　修平,歯,,平18. 5. 1,shika
歯科,34,1532997,ブランデンタルクリニック,福山市引野町１丁目１９－３,084-940-5900,医療法人社団鶴栄会　理事長　砂田　全亮,原　幸司,歯　小歯　矯歯,,平18. 5. 1,shika
歯科,34,1533011,岡本歯科医院,福山市松永町３５２－１３,084-930-4730,医療法人社団　秀信会　理事長　岡本　信,岡本　信,歯　小歯　歯外,,平18. 7. 1,shika
歯科,34,1533037,ぎゅう歯科,福山市伊勢丘２－１－２,084-948-0989,森坂　仁美,森坂　仁美,歯　小歯　歯外,,平19. 1. 1,shika
歯科,34,1533045,さくら歯科医院,福山市多治米町５丁目２５－８,084-954-7505,丸　美加,丸　美加,歯　歯外　小歯　矯歯,,平19. 2. 1,shika
歯科,34,1533060,友野歯科クリニック,福山市沼隈町草深６１－１,084-980-7030,友野　博記,友野　博記,歯　歯外　小歯,,平19. 4. 1,shika
歯科,34,1533078,Ｃ´ｓデンタルクリニック,福山市西町３丁目１５－１７,084-926-1211,篠原　弘明,篠原　弘明,歯　小歯,,平19. 5. 1,shika
歯科,34,1533086,山陽歯科クリニック,福山市沼隈町大字中山南１０８３番地１,084-988-1377,横井　健朗,横井　健朗,歯　歯外　小歯　矯歯,,平19. 6. 1,shika
歯科,34,1533102,デンタル　クリニック　西脇,福山市松永町４－１５－８４,084-930-6480,西脇　顕,西脇　顕,歯　小歯　矯歯　歯外,,平19. 11. 1,shika
歯科,34,1533110,ＩＫＥＤＡ　ＤＥＮＴＡＬ　ＣＬＩＮＩＣ,福山市大門町３－２３－３２,084-945-8417,池田　量,池田　量,歯　小歯　歯外　矯歯,,平20. 4. 1,shika
歯科,34,1533136,志田原歯科小児歯科医院,福山市三吉町四丁目７番４０号,084-921-6439,志田原　早苗,志田原　早苗,歯　小歯,,平21. 2. 2,shika
歯科,34,1533144,きのしょう歯科診療所,福山市木之庄町３－１０－２０森×ｈａｋｏ　１Ｆ,084-920-1955,西谷　政展,西谷　政展,歯　小歯　矯歯　歯外,,平21. 2. 1,shika
歯科,34,1533151,さとう歯科クリニック,福山市手城町４－７－５,084-931-7960,佐藤　連造,佐藤　連造,歯　矯歯　歯外　小歯,,平21. 3. 9,shika
歯科,34,1533169,ふかつ歯科・矯正歯科,福山市西深津町五丁目２３番４１号,084-982-5111,渡邉　武寛,渡邉　武寛,歯　矯歯　小歯,,平21. 4. 1,shika
歯科,34,1533193,かわばた歯科クリニック,福山市熊野町乙１０７５－２,084-920-6120,川端　英二,川端　英二,歯　小歯,,平21. 6. 1,shika
歯科,34,1533227,宝諸歯科医院,福山市三之丸町１１番１０号,084-923-1910,岡﨑　吾,岡﨑　吾,歯,,平22. 5. 1,shika
歯科,34,1533235,すずき歯科クリニック,福山市春日町吉田８３４番地,084-945-1030,医療法人　すずき歯科クリニック　理事長　鈴木　直樹,鈴木　直樹,歯　小歯,,平22. 10. 1,shika
歯科,34,1533243,医療法人社団碧雄会おきとう歯科クリニック,福山市神辺町新徳田３丁目４９５番,084-962-5511,医療法人社団碧雄会おきとう歯科クリニック　理事長　沖藤　泰隆,沖藤　泰隆,歯　小歯　矯歯　歯外,,平22. 10. 1,shika
歯科,34,1533250,医療法人社団東陽会　和田歯科医院,福山市新市町大字新市６９５番地２,0847-52-6480,医療法人社団東陽会　和田歯科医院　理事長　和田　勝,和田　勝,歯　歯外　小歯,,平22. 11. 1,shika
歯科,34,1533268,ひらち歯科医院,福山市木之庄町１－１２－３８,084-924-3718,平地　正茂,平地　正茂,歯　小歯　歯外,,平22. 11. 1,shika
歯科,34,1533284,ＲＯＳＥ　ＣＬＩＮＩＣ,福山市東桜町１－１ｉｎｅｓ　ＦＵＫＵＹＡＭＡ,084-924-0100,新井　寿欧,新井　寿欧,歯　歯外　矯歯　小歯,,平23. 4. 1,shika
歯科,34,1533326,塩﨑歯科医院,福山市光南町１丁目１０－２３,084-922-6707,塩﨑　高志,塩﨑　高志,歯　小歯,,平23. 11. 24,shika
歯科,34,1533334,医療法人　幸美会　なかむら歯科クリニック,福山市引野町三丁目３７番２７号,084-982-9800,医療法人　幸美会　なかむら歯科クリニック　理事長　中村　幸生,中村　幸生,歯　小歯　歯外　矯歯,,平24. 4. 1,shika
歯科,34,1533359,森デンタルクリニック,福山市御幸町下岩成１１４３－３,084-961-3333,森　功一郎,森　功一郎,歯　小歯　歯外　矯歯,,平24. 7. 1,shika
歯科,34,1533375,たかはしキッズデンタル,福山市東川口町５丁目１８番１５号,084-953-2418,髙橋　昌司,髙橋　昌司,小歯　矯歯　歯外,,平24. 10. 1,shika
歯科,34,1533391,作田歯科医院,福山市引野町５丁目２０番１５号,084-941-3251,作田　篤代,作田　篤代,歯,,平25. 1. 1,shika
歯科,34,1533417,はやし歯科クリニック,福山市横尾町１－２２－７,084-983-1844,林　順二,林　順二,歯　小歯　矯歯　歯外,,平25. 5. 1,shika
歯科,34,1533466,あだち歯科,福山市川口町四丁目１２－４６,084-981-2710,足立　均,足立　均,歯　小歯,,平26. 2. 8,shika
歯科,34,1533474,ふじた歯科クリニック,福山市駅家町大字近田１１９－１－２,084-961-4618,藤田　康晴,藤田　康晴,歯　小歯　歯外,,平26. 5. 1,shika
歯科,34,1533482,道上歯科医院,福山市神辺町道上１０１１－５,084-963-8018,下野　敦弘,下野　敦弘,歯　小歯　歯外,,平26. 8. 1,shika
歯科,34,1533508,医療法人社団　敬崇会　猪原［食べる］総合歯科医療クリニック,福山市多治米町五丁目２８番１５号,084-959-4601,医療法人社団　敬崇会　理事長　猪原　健,猪原　信俊,歯　歯外　リハ　内,,平26. 11. 1,shika
歯科,34,1533524,越智歯科昭和町医院,福山市昭和町７－７,084-920-0202,越智　大輔,越智　大輔,歯　小歯　歯外　矯歯,,平27. 2. 1,shika
歯科,34,1533540,藤井歯科医院,福山市桜馬場町１－３０,084-923-0654,藤井　理史,藤井　理史,歯　小歯　矯歯,,平27. 6. 1,shika
歯科,34,1533565,つお歯科医院,福山市大門町１－３１－２５,084-941-6289,小川　由希子,小川　由希子,歯　小歯,,平27. 10. 31,shika
歯科,34,1533573,リアン歯科クリニック,福山市緑町１－３０ハローズモール内,084-979-4894,日野　泰樹,日野　泰樹,歯　小歯　矯歯,,平28. 6. 1,shika
歯科,34,1533581,ふくはら歯科医院,福山市大門町津之下１７３番３,084-943-6313,医療法人ふくはら歯科医院　理事長　福原　克英,福原　克英,歯　小歯,,平28. 5. 1,shika
歯科,34,1533615,医療法人　歯科ＥＭデンタルクリニック,福山市春日町七丁目５番１６号,084-982-6925,医療法人　歯科ＥＭデンタルクリニック　理事長　奥村　昌泰,奥村　昌泰,歯　小歯　歯外,,平28. 10. 3,shika
歯科,34,1533623,かんなべモール歯科,福山市神辺町川北１４４２－１,084-962-5820,医療法人ＳＯＬＡ　理事長　助政　安伸,助政　安伸,歯　小歯　矯歯　歯外,,平28. 11. 1,shika
歯科,34,1533631,吉岡歯科医院,福山市今津町五丁目１番７号,084-934-6480,医療法人　社団　プラチナ会　吉岡歯科医院　理事長　吉岡　洋治,吉岡　洋治,歯　小歯　矯歯,,平28. 11. 1,shika
歯科,34,1533649,和田歯科医院,福山市西町２丁目５－６,084-923-8211,和田　健志,和田　健志,歯　小歯　矯歯　歯外,,平29. 3. 15,shika
歯科,34,1533656,宇田歯科医院,福山市西新涯町２丁目２２番１２号,084-999-8811,宇田　航希,宇田　航希,歯　歯外　小歯,,平29. 5. 8,shika
歯科,34,1533664,下江歯科医院,福山市東桜町２－１１福山センタービル　１Ｆ,084-924-1000,下江　正幸,下江　正幸,歯　小歯　歯外,,平29. 5. 16,shika
歯科,34,1533672,たけこし歯科クリニック,福山市松永町五丁目２７－８－２,084-939-6166,竹腰　麻貴子,竹腰　麻貴子,歯　小歯,,平29. 6. 1,shika
歯科,34,1533680,クローバー歯科,福山市伊勢丘一丁目１番６号,084-947-3410,医療法人　Ｏｐｅｎ　ＵＰ　理事長　大石　憲一,大石　憲一,歯　小歯　矯歯,,平29. 5. 1,shika
歯科,34,1533698,おびなたデンタルオフィス,福山市光南町三丁目２番８号２Ｆ,084-959-3391,大日方　祐介,大日方　祐介,歯　小歯　矯歯,,平30. 4. 18,shika
歯科,34,1533706,まきひら歯科クリニック,福山市三之丸町７－２１－１０１,084-961-3957,牧平　清超,牧平　清超,歯　小歯　歯外,,平30. 5. 1,shika
歯科,34,1533748,杉原歯科医院,福山市南町１５番２号,084-923-4426,杉原　良昭,杉原　良昭,歯,,平30. 11. 7,shika
歯科,34,1533755,うまこし歯科医院,福山市神辺町大字川南１７２６－１,084-966-3022,馬越　通弘,馬越　通弘,歯　小歯　歯外,,平31. 4. 1,shika
歯科,34,1533763,あおぞら歯科クリニック,福山市今津町３２５－１,084-933-8222,鳥尾　晃子,鳥尾　晃子,歯　小歯,,令元. 6. 1,shika
歯科,34,1533771,東陽台デンタルクリニック,福山市東陽台一丁目１１番６号,084-994-1884,医療法人　Ｏｐｅｎ　ＵＰ　理事長　大石　憲一,大石　恵美子,歯　小歯　矯歯,,令元. 6. 1,shika
歯科,34,1533805,ＨＡＲＶＥＳＴ　ＤＥＮＴＡＬ　ＣＬＩＮＩＣ,福山市神辺町新湯野３９番地５,084-960-4122,医療法人栄光会　理事長　橋本　泰伸,橋本　泰伸,歯,,令元. 11. 1,shika
歯科,34,1533813,鳥枝歯科医院,福山市神辺町道上６１２－２,084-963-3238,鳥枝　剛士,鳥枝　剛士,歯　小歯　歯外,,令2. 1. 22,shika
歯科,34,1533821,明王台クリニック,福山市明王台１－５－８,084-952-2281,神原　僚也,神原　僚也,歯　小歯,,令2. 3. 18,shika
歯科,34,1533839,こだま歯科医院,福山市駅家町上山守４６２－７,084-976-0328,高橋　久雄,高橋　久雄,歯　小歯,,令2. 4. 2,shika
歯科,34,1533854,池田歯科医院,福山市横尾町１－１０－２,084-955-0076,池田　豊,池田　豊,歯　小歯,,令2. 8. 1,shika
歯科,34,1533888,福山東部歯科医院,福山市坪生町六丁目２３番１６－２号,084-983-2546,河上　大,河上　大,歯　小歯　矯歯　歯外,,令3. 4. 1,shika
歯科,34,1533896,やまもと歯科,福山市御門町二丁目５番３２号ヴェルドミール１Ｆ,084-999-4618,医療法人　Ｓｉｎｅｒｇｉａ　理事長　山本　哲史,山本　哲史,歯　小歯　矯歯,,令3. 5. 1,shika
歯科,34,1533912,みさか歯科・おやこ歯科,福山市南蔵王町１丁目２－２４,084-999-1000,三阪　宜史,三阪　宜史,歯　小歯　歯外,,令3. 9. 1,shika
歯科,34,1533920,しげまさ歯科,福山市神辺町上御領３８７－３,084-966-0023,重政　和仁,重政　和仁,歯　小歯　矯歯　歯外,,令3. 7. 21,shika
歯科,34,1533946,中山歯科医院,福山市三吉町４－１３－２９,084-925-2781,木村　周子,木村　周子,歯　歯外,,令3. 11. 2,shika
歯科,34,1533953,高松歯科・矯正歯科,福山市伊勢丘５丁目１番２０号,084-947-1220,医療法人高松歯科・矯正歯科　理事長　髙松　英也,髙松　直也,歯　矯歯,,令3. 11. 1,shika
歯科,34,1533961,イロドリ矯正歯科,福山市三之丸町３－３,084-999-9020,医療法人　彩生会　理事長　中島　健吾,中島　健吾,矯歯,,令4. 3. 1,shika
歯科,34,1533979,もんでん歯科,福山市三吉町南一丁目１２番１５号,084-999-2860,医療法人よつば会　理事長　門田　雅俊,門田　雅俊,歯　小歯,,令4. 4. 1,shika
歯科,34,1533987,オリオンこども歯科,福山市本庄町中１丁目２６－１６,084-920-7700,皷　翔平,皷　翔平,歯　小歯　歯外,,令4. 5. 6,shika
歯科,34,1533995,田中デンタルクリニック,福山市延広町８－１１,084-923-1893,田中　靖洋,田中　靖洋,歯　小歯　歯外,,令4. 7. 1,shika
歯科,34,1534001,医療法人社団恵聖会　ファーストデンタル福山,福山市船町２番１号徳永ビル１階,084-926-7771,医療法人社団恵聖会　理事長　西村　紳二郎,越智　康,歯　歯外　小歯　矯歯,,令4. 7. 1,shika
歯科,34,1534019,なべしま歯科医院,福山市春日町１－２－４７Ｔ．Ｙ．ＭＯＴＯＹＡ　１Ｆ,084-945-9511,鍋島　玄,鍋島　玄,歯　小歯　歯外,,令4. 8. 1,shika
歯科,34,1534027,かじたりえ歯科クリニック,福山市野上町３－２－６　２Ｆ,084-922-2222,梶田　理絵,梶田　理絵,歯　小歯,,令4. 10. 18,shika
歯科,34,1534035,ふくやま訪問歯科,福山市西町三丁目１５番２５号,084-916-3918,医療法人社団　緑双会　理事長　峯田　大輔,峯田　清隆,歯,,令5. 1. 5,shika
歯科,34,1534043,河底歯科・矯正歯科,福山市三吉町二丁目１４番８号,084-931-0041,医療法人社団河底歯科・矯正歯科　理事長　河底　晴紀,河底　晴紀,歯　矯歯　小歯,,令5. 11. 1,shika
歯科,34,1534068,よく歯科・はるな皮ふ科,福山市松永町三丁目２１－２７－２,084-933-1030,伊藤　翼,伊藤　翼,歯　歯外　皮　形外　アレ,,令6. 1. 16,shika
歯科,34,1534076,橋本歯科医院,福山市南蔵王町５丁目４－２６,084-943-8832,橋本　祥吾,橋本　祥吾,歯　小歯　歯外,,令5. 12. 19,shika
歯科,34,1534084,はやしだ歯科医院,福山市伊勢丘３丁目１５番２５号,084-941-2050,林田　晃一,林田　晃一,歯　小歯　歯外,,令6. 4. 1,shika
歯科,34,1534092,もりかず歯科医院,福山市曙町三丁目２１番９号,084-982-8338,医療法人伸幸会　理事長　森数　祐輔,森数　祐輔,歯　歯外　小歯,,令6. 4. 1,shika
歯科,34,1534100,アイビー矯正歯科,福山市春日町６丁目７－１９,084-983-2687,阿部　崇晴,阿部　崇晴,歯　矯歯,,令6. 8. 1,shika
歯科,34,1534118,新市歯科医院,福山市新市町新市４６２－１,0847-51-2289,深尾　賢一,深尾　賢一,歯　小歯　歯外,,令6. 7. 5,shika
歯科,34,1534126,甲斐歯科医院,福山市芦田町大字下有地９８０番地２,084-958-4513,医療法人社団縁誠会　理事長　甲斐　敬康,甲斐　敬康,歯　小歯,,令6. 10. 1,shika
歯科,34,1534134,もみじ歯科クリニック,福山市御幸町森脇７２４－１,084-999-6881,髙橋　基文,髙橋　基文,歯　矯歯　小歯　歯外,,令6. 12. 1,shika
歯科,34,1534142,新長歯科医院,福山市水呑町４９９１,084-956-5056,關　利啓,關　利啓,歯,,令8. 1. 8,shika
歯科,34,1534159,神辺おとなこども歯科医院,福山市神辺町川南３１５７－１,084-966-9988,坂本　晃一,坂本　晃一,歯　小歯　矯歯　歯外,,令8. 7. 1,shika
歯科,34,1730179,医療法人社団　門田歯科医院,府中市高木町５４５－２,0847-46-3888,医療法人社団門田歯科医院　理事長　門田　和也,門田　和也,歯　矯歯　小歯　歯外,,平3. 1. 1,shika
歯科,34,1730187,医療法人小西歯科医院　小西歯科小児歯科医院,府中市府中町９３－１０,0847-41-2900,医療法人　小西歯科医院　理事長　小西　昭弘,小西　昭弘,歯　小歯　矯歯,,平元. 10. 1,shika
歯科,34,1730195,医療法人社団　藤岡歯科,府中市元町５３４－８,0847-41-6690,医療法人社団　藤岡歯科　理事長　藤岡　大助,藤岡　大助,歯,,平元. 10. 1,shika
歯科,34,1730211,府中第一歯科医院,府中市出口町８８７－１,0847-41-8148,小林　郁夫,小林　郁夫,歯,,昭62. 10. 1,shika
歯科,34,1730245,医療法人社団　フジモト歯科,府中市中須町７２１－８,0847-52-3137,医療法人社団フジモト歯科　理事長　藤本　俊介,藤本　俊介,歯　矯歯　小歯,,平5. 1. 1,shika
歯科,34,1730260,佐藤歯科医院,府中市中須町字国府１６９６－２,0847-45-8338,佐藤　雅和,佐藤　雅和,歯　小歯,,平7. 10. 1,shika
歯科,34,1730294,細川歯科,府中市鵜飼町３７－５,0847-40-0145,細川　敬司,細川　敬司,歯,,平10. 12. 1,shika
歯科,34,1730302,すみだ歯科医院,府中市府川町３４１－３,0847-47-1182,住田　真一,住田　真一,歯　小歯　歯外,,平14. 11. 1,shika
歯科,34,1730310,しげはら歯科クリニック,府中市府中町７１３－１,0847-47-6091,繁原　宏,繁原　宏,歯　小歯,,平17. 6. 1,shika
歯科,34,1730328,田中歯科医院,府中市上下町上下２０５４－１０,0847-62-3140,田中　宣夫,田中　宣夫,歯,,平19. 6. 5,shika
歯科,34,1730344,小林歯科医院,府中市府中町２８－７,0847-41-2072,小林　弘治,小林　弘治,歯　小歯　矯歯,,平27. 1. 1,shika
歯科,34,1730351,平戸歯科駅前,府中市元町４７２－１,0847-46-3601,平戸　啓一朗,平戸　啓一朗,歯,,平28. 9. 26,shika
歯科,34,1730369,さの歯科医院,府中市中須町１５－５,0847-52-2441,佐野　倫三,佐野　倫三,歯　小歯　歯外,,平29. 4. 1,shika
歯科,34,1730377,さくら歯科クリニック,府中市中須町７３５－１,0847-54-0145,佐藤　正彰,佐藤　正彰,歯　歯外,,平30. 1. 9,shika
歯科,34,1730385,はまはら歯科,府中市中須町１１１５－１,0847-45-9228,濱原　哲夫,濱原　哲夫,歯　小歯　矯歯,,令2. 9. 12,shika
歯科,34,1930100,岡歯科医院,三次市十日市中２－１４－３０,0824-62-2306,岡　雅英,岡　雅英,歯　小歯,,平14. 1. 1,shika
歯科,34,1930217,紙谷歯科医院,三次市三次町１３８８－１,0824-62-1182,紙谷　寛,紙谷　寛,歯,,平2. 7. 1,shika
歯科,34,1930241,折田歯科医院,三次市十日市中３丁目９－３,0824-62-5544,折田　伸二郎,折田　伸二郎,歯　矯歯　小歯　歯外,,昭56. 10. 1,shika
歯科,34,1930274,吉岡歯科クリニック,三次市十日市南１丁目６－７アナダビル２Ｆ,0824-63-3818,吉岡　洋彦,吉岡　洋彦,歯　矯歯　小歯,,昭62. 10. 1,shika
歯科,34,1930340,矯正歯科　森本,三次市畠敷町８８０－３　１Ｆ,0824-64-7070,森本　徳明,森本　徳明,矯歯,,平14. 7. 1,shika
歯科,34,1930357,松岡歯科医院,三次市十日市東４丁目１－３０ショッピングセンターサングリーン２Ｆ２１５号,0824-64-0018,医療法人社団　松成会　理事長　松岡　克司,松岡　克司,歯　歯外　小歯　矯歯,,平19. 4. 1,shika
歯科,34,1930365,まつお歯科医院,三次市畠敷町２４－１,0824-64-3132,松尾　友太郎,松尾　友太郎,歯　矯歯　歯外　小歯,,平14. 5. 1,shika
歯科,34,1930431,三次市甲奴歯科診療所,三次市甲奴町本郷６４５番地１,0847-67-2229,医療法人Ｄ・Ｆ・Ｃ　理事長　土江　雄治朗,土江　多香衣,歯　矯歯　小歯,,平19. 10. 1,shika
歯科,34,1930449,伊藤歯科医院,三次市三良坂町三良坂７４６－１,0824-44-2068,伊藤　英,伊藤　英,歯,,平20. 3. 1,shika
歯科,34,1930456,かくたに歯科医院,三次市三次町１３４５－８,0824-64-5036,角谷　三郎,角谷　三郎,歯,,平20. 8. 1,shika
歯科,34,1930464,おぜき歯科,三次市十日市中２－１４－５,0824-63-1814,尾関　良賢,尾関　良賢,歯　小歯　歯外,,平24. 4. 1,shika
歯科,34,1930498,医療法人社団　仁屋会　片山歯科医院,三次市十日市東一丁目７番１号,0824-63-8476,医療法人社団　仁屋会　理事長　片山　巖,片山　荘太郎,歯　歯外　小歯,,平26. 4. 1,shika
歯科,34,1930514,スマイル歯科クリニック,三次市東酒屋町５１３－３,0824-63-2171,金子　周平,金子　周平,歯　小歯　歯外,,平29. 5. 1,shika
歯科,34,1930522,林歯科医院,三次市十日市西１－２－１０,0824-63-5470,医療法人　林歯科医院　理事長　林　翔,林　点,歯　歯外　小歯,,令2. 5. 1,shika
歯科,34,1930530,瀬山備北歯科,三次市十日市東四丁目３番６号,0824-63-8288,掛川　香代子,掛川　香代子,歯　小歯　歯外,,令5. 1. 1,shika
歯科,34,1930548,松田歯科医院,三次市南畑敷町５０６番地１１,0824-63-7400,医療法人　三桜会　理事長　松田　哲也,松田　哲也,歯　小歯　矯歯,,令5. 9. 1,shika
歯科,34,2130072,片岡歯科医院,庄原市中本町１丁目４－１,0824-72-0637,医療法人社団片岡歯科医院　理事長　片岡　主一,片岡　主一,歯,,平6. 5. 1,shika
歯科,34,2130098,八谷歯科クリニック,庄原市西本町１丁目８－１４,08247-2-6210,八谷　和彦,八谷　和彦,歯,,昭62. 6. 1,shika
歯科,34,2130106,医療法人社団　高橋歯科医院,庄原市板橋町７６番地の１,0824-72-3811,医療法人社団　高橋歯科医院　理事長　高橋　治,高橋　治,歯,,平14. 5. 1,shika
歯科,34,2130122,庄原市総領歯科診療所,庄原市総領町下領家７１,0824-88-2046,庄原市長　木山　耕三,清見原　正騎,歯,,平17. 3. 31,shika
歯科,34,2130148,庄原市高野歯科診療所,庄原市高野町新市１２２７－１,0824-86-2118,庄原市長　八谷　恭介,宮﨑　純一郎,歯,,平17. 3. 31,shika
歯科,34,2130155,庄原市口和歯科診療所,庄原市口和町永田４２０－１,0824-89-2171,庄原市長　八谷　恭介,古田　哲,歯,,平17. 3. 31,shika
歯科,34,2130189,すずらん歯科クリニック,庄原市西本町２－１９－１,0824-75-0050,長谷川　美江,長谷川　美江,歯外　矯歯　小歯　歯,,平24. 1. 1,shika
歯科,34,2130197,佐々木歯科医院,庄原市中本町一丁目２－２１,0824-72-0158,佐々木　やえ,佐々木　やえ,歯　小歯,,平27. 6. 21,shika
歯科,34,2130205,牧原歯科医院,庄原市西本町２丁目１６－１７,0824-72-6811,牧原　由紀子,牧原　由紀子,歯,,平29. 5. 10,shika
歯科,34,2130213,堀田歯科医院,庄原市東城町小奴可２６５１番地の１,08477-5-0017,医療法人社団博施会　理事長　堀田　訓子,堀田　訓子,歯　小歯　矯歯　歯外,,平29. 10. 2,shika
歯科,34,2130221,生熊歯科,庄原市東城町東城字下町７５番地３,08477-2-3283,生熊　克成,生熊　克成,歯,,令元. 8. 12,shika
歯科,34,2130239,德永歯科医院,庄原市中本町２丁目２－１２,0824-72-0120,伊藤　玲子,伊藤　玲子,歯,,令3. 9. 5,shika
歯科,34,2130247,宮﨑歯科クリニック,庄原市西城町大佐７４８－２,0824-82-3976,宮﨑　純一郎,宮﨑　純一郎,歯　歯外　小歯,,令4. 6. 14,shika
歯科,34,2130254,坂口歯科医院,庄原市比和町比和７７９－１,0824-85-2171,坂口　洋,坂口　洋,歯,,令5. 8. 23,shika
歯科,34,2130262,のがみ歯科クリニック,庄原市板橋町１６０－１,0824-73-9450,野上　敬介,野上　敬介,歯,,令7. 4. 1,shika
歯科,34,2330037,医療法人　角田歯科医院,大竹市本町２丁目９－９,0827-53-0118,医療法人　角田歯科医院　理事長　角田　雄太郎,角田　収司,歯　矯歯　小歯　歯外,,平元. 10. 1,shika
歯科,34,2330052,神波歯科医院,大竹市新町１丁目１１－１７,0827-52-3240,神波　治,神波　治,歯,,平元. 4. 1,shika
歯科,34,2330102,谷口歯科クリニック,大竹市小方１丁目１３－３２,0827-57-7456,谷口　静登,谷口　静登,歯,,平5. 9. 29,shika
歯科,34,2330144,藤井歯科医院,大竹市油見３丁目４－３,0827-53-2206,藤井　寛之,藤井　寛之,歯,,平5. 3. 9,shika
歯科,34,2330169,川口歯科医院,大竹市玖波１丁目５－２,0827-57-7350,川口　裕之,川口　裕之,歯　小歯,,平10. 10. 1,shika
歯科,34,2330185,荒田歯科クリニック,大竹市西栄１丁目８－１９,0827-52-6480,荒田　齋,荒田　齋,歯,,昭56. 3. 1,shika
歯科,34,2330201,長岡歯科医院,大竹市黒川１丁目８－２７,08275-7-6430,長岡　隆,長岡　隆,歯,,平2. 5. 1,shika
歯科,34,2330219,みどり橋歯科医院,大竹市立戸１丁目３－１０,0827-52-8110,藤井　量一,藤井　量一,歯,,平2. 8. 1,shika
歯科,34,2330227,広中歯科医院,大竹市新町１丁目２－１１,0827-53-0888,中　克三,中　克三,歯　矯歯　小歯　歯外,,平3. 2. 1,shika
歯科,34,2330250,これなが歯科医院,大竹市晴海１－６－１０－２Ｆ,0827-57-0118,是永　佳成,是永　佳成,歯,,平13. 4. 1,shika
歯科,34,2330276,伊東歯科医院,大竹市新町１丁目１２－１３,0827-52-4756,伊東　純子,伊東　純子,歯　小歯　矯歯,,平23. 1. 1,shika
歯科,34,2330284,坪井歯科クリニック,大竹市油見２丁目６－７,0827-52-1181,坪井　将洋,坪井　将洋,歯　小歯　歯外　矯歯,,平28. 7. 1,shika
歯科,34,2330292,きらら歯科医院,大竹市西栄３－１７－７,0827-54-1182,医療法人社団きらら歯科医院　理事長　伊藤　光康,伊藤　光康,歯　小歯,,平28. 10. 1,shika
歯科,34,2330318,バウムクーヘン歯科クリニック,大竹市西栄１丁目１３番３号,0827-28-4186,医療法人　赤心会　理事長　神野　孝太,神野　孝太,歯　小歯　矯歯　歯外,,令3. 4. 1,shika
歯科,34,2530040,川口歯科医院,東広島市西条栄町１－４フラットホーム２０１,082-422-2039,川口　健二,川口　健二,歯　小歯,,平17. 3. 1,shika
歯科,34,2530123,医療法人社団　伊藤歯科医院,東広島市高屋町大字杵原１２９６－１,082-434-0585,医療法人社団伊藤歯科医院　理事長　伊藤　勇治,伊藤　勇治,歯,,平5. 8. 1,shika
歯科,34,2530156,早志歯科診療所,東広島市西条昭和町１３－３７,082-423-9195,医療法人社団　光誠会　理事長　栁河　友見,栁河　友見,歯　矯歯　小歯　歯外,,平10. 4. 1,shika
歯科,34,2530172,歌野原歯科,東広島市西条御条町３－１９,082-422-3744,医療法人社団有貴会　理事長　歌野原　之,歌野原　之,歯　小歯,,平元. 10. 1,shika
歯科,34,2530180,永井歯科医院,東広島市西条栄町６－２０ラ・フォーレ西条ビル３Ｆ,082-422-3600,永井　伸司,永井　伸司,歯,,平4. 4. 1,shika
歯科,34,2530206,井上歯科医院,東広島市志和町大字七条椛坂５２９,082-433-2029,医療法人社団ひまわり会　理事長　井上　真一,井上　真一,歯　矯歯　小歯　歯外,,平元. 8. 1,shika
歯科,34,2530255,森歯科医院,東広島市西条栄町２－２１,082-423-7227,医療法人　いづみ会　理事長　森　保,森　保,歯　小歯　歯外,,平16. 8. 1,shika
歯科,34,2530297,そえだ歯科医院,東広島市西条土与丸２丁目２－４１,082-423-7755,医療法人社団ももの木会そえだ歯科医院　理事長　添田　誠一,添田　誠一,歯　小歯　歯外,,平6. 3. 1,shika
歯科,34,2530347,たかはし歯科医院,東広島市西条町大字御薗宇字下中筋１９０５－４,0824-22-8148,高橋　勇,高橋　勇,歯　矯歯　小歯　歯外,,昭61. 5. 1,shika
歯科,34,2530370,医療法人社団　ミドリ歯科医院,東広島市西条大坪町２－１２新興ビル１Ｆ,082-423-8880,医療法人社団ミドリ歯科医院　理事長　武本　和久,武本　和久,歯　小歯,,平5. 9. 1,shika
歯科,34,2530412,坪島歯科診療所,東広島市八本松飯田５丁目８－３２,082-428-7177,坪島　充男,坪島　充男,歯　矯歯　小歯　歯外,,平元. 11. 1,shika
歯科,34,2530438,やまがた歯科医院,東広島市志和町大字七条椛坂１４３６－１４,082-433-5454,医療法人社団如月会やまがた歯科医院　理事長　山縣　隆宏,山縣　隆宏,歯　矯歯　小歯　歯外,,平5. 8. 1,shika
歯科,34,2530446,医療法人社団　浅倉歯科医院,東広島市高屋町造賀３５９５－２,082-436-1000,医療法人　社団　浅倉歯科医院　理事長　淺倉　徹,淺倉　徹,歯　小歯　歯外　矯歯,,平16. 4. 1,shika
歯科,34,2530453,東広島市休日診療所,東広島市西条町土与丸１１１３,082-422-5400,東広島市長　髙垣　德,楠部　滋,歯,,平3. 4. 1,shika
歯科,34,2530479,ひろはた歯科医院,東広島市八本松東６丁目１１－１５,0824-28-8585,畠　英雄,畠　英雄,歯　矯歯　小歯,,平4. 1. 1,shika
歯科,34,2530487,高美が丘歯科医院,東広島市高屋高美が丘５丁目１－１９,082-434-7648,田口　博美,田口　博美,歯　小歯　矯歯,,平19. 8. 1,shika
歯科,34,2530503,サトミ歯科,東広島市西条町大字下見４３４３－２,082-422-4300,里見　圭一,里見　圭一,歯,,平5. 4. 1,shika
歯科,34,2530529,たかひろデンタルクリニック,東広島市西条町御薗宇４３０２番地,082-422-9600,早志　卓展,早志　卓展,歯,,平12. 11. 1,shika
歯科,34,2530537,なんば歯科矯正歯科,東広島市西条上市町６－２３,0824-20-0200,難波　正幸,難波　正幸,歯　矯歯　小歯　歯外,,平6. 5. 1,shika
歯科,34,2530545,木村歯科医院,東広島市西条中央３丁目５－１１,082-423-8885,木村　孝之,木村　孝之,歯,,平6. 6. 1,shika
歯科,34,2530560,ゆかわ歯科クリニック,東広島市高屋町小谷３３００,082-434-8255,湯川　健,湯川　健,歯,,平12. 8. 1,shika
歯科,34,2530578,ますもと歯科医院,東広島市八本松西一丁目１２番２２号,082-427-0077,舛本　修,舛本　修,歯　小歯,,平7. 5. 1,shika
歯科,34,2530586,友安歯科診療所,東広島市高屋町白市１０４６－２,0824-39-0770,友安　淑江,友安　淑江,歯,,平7. 8. 1,shika
歯科,34,2530594,ふじ歯科クリニック,東広島市西条土与丸１丁目５－２６,082-421-0001,向井　一,向井　一,歯　矯歯　小歯　歯外,,平7. 11. 1,shika
歯科,34,2530628,薮本歯科クリニック,東広島市西条岡町３－２５－２Ｆ,082-421-5655,薮本　修,薮本　修,歯　小歯,,平8. 11. 1,shika
歯科,34,2530644,おおたに歯科,東広島市高屋町杵原１１０８－１５,0824-39-0001,大谷　裕幸,大谷　裕幸,歯　矯歯　小歯,,平8. 12. 1,shika
歯科,34,2530651,かわの歯科,東広島市西条中央１丁目１６－６,0824-20-8181,川野　敬史,川野　敬史,歯,,平9. 4. 1,shika
歯科,34,2530669,第二薮本歯科医院,東広島市西条町大字田口３４５２－１,0824-25-6480,薮本　正文,薮本　正文,歯　歯外,,平9. 4. 1,shika
歯科,34,2530693,ほんだ歯科医院,東広島市西条下見６丁目１０－３,0824-21-3200,本田　清和,本田　清和,歯　小歯　矯歯,,平9. 11. 1,shika
歯科,34,2530701,スマイルデンタルクリニック,東広島市高屋町中島４５１－５　２Ｆ,0824-20-4380,笛吹　惠美子,笛吹　惠美子,歯　小歯,,平10. 7. 1,shika
歯科,34,2530719,エトワール歯科,東広島市八本松南４丁目１－２８,082-420-1855,島﨑　晶子,島﨑　晶子,歯,,平10. 12. 1,shika
歯科,34,2530727,たじま歯科医院,東広島市西条町寺家７９３８－４,0824-31-5525,田嶋　真,田嶋　真,歯,,平11. 6. 1,shika
歯科,34,2530743,佐竹田歯科医院,東広島市西条町西条東１２８２－２,082-431-5999,佐竹田　久,佐竹田　久,歯　小歯,,平12. 6. 1,shika
歯科,34,2530750,みそのう歯科クリニック,東広島市西条町御薗宇６２８０－１,082-421-1182,長通　大作,長通　大作,歯　小歯　矯歯,,平13. 5. 1,shika
歯科,34,2530784,はもう歯科クリニック,東広島市西条町御薗宇４２８１－１日高クリニックビル３０１,082-421-6480,羽毛　克彦,羽毛　克彦,歯　小歯　矯歯　歯外,,平14. 10. 1,shika
歯科,34,2530792,内藤歯科医院,東広島市八本松町米満６４０－２,082-497-0780,内藤　良和,内藤　良和,歯,,平16. 6. 1,shika
歯科,34,2530800,きっかわ歯科クリニック,東広島市黒瀬町楢原１００－１　ゆめタウン黒瀬２階,0823-83-0117,吉川　敦,吉川　敦,歯　小歯　歯外,,平17. 7. 1,shika
歯科,34,2530818,マイ歯科,東広島市安芸津町風早字江川１１１８番１,0846-45-6927,山口　純生,山口　純生,歯　小歯,,平19. 4. 5,shika
歯科,34,2530826,みちる矯正歯科,東広島市西条岡町９－７,082-422-1011,竹内　みちる,竹内　みちる,矯歯,,平19. 12. 1,shika
歯科,34,2530859,きらら歯科,東広島市西条町寺家３７９１－１マックスバリュー西条西店敷地内,,杉岡　卓郎,杉岡　卓郎,歯　歯外　小歯　矯歯,,平20. 8. 1,shika
歯科,34,2530875,重河デンタルクリニック,東広島市西条町寺家７３７１－１,082-430-5489,重河　誠,重河　誠,歯　歯外　小歯,,平20. 8. 1,shika
歯科,34,2530891,医療法人なかま　ささき歯科クリニック,東広島市河内町中河内６５５番地１,082-420-7700,医療法人　なかま　理事長　佐々木　正親,佐々木　正親,歯　小歯　歯外,,平21. 10. 1,shika
歯科,34,2530925,いとう歯科クリニック,東広島市安芸津町三津４２０９－９,0846-45-0272,医療法人坂本会坂本歯科　理事長　坂本　智則,坂本　初恵,歯,,平22. 6. 1,shika
歯科,34,2530941,オカダデンタルクリニック,東広島市西条町寺家４８４６－１,082-431-3321,岡田　友和,岡田　友和,歯　小歯,,平22. 10. 12,shika
歯科,34,2530974,今谷歯科アリオン,東広島市西条町寺家６５９８－１０　１階,082-490-3725,医療法人いまたに　理事長　今谷　哲也,今谷　哲也,歯,,平23. 8. 1,shika
歯科,34,2531030,あおぞら歯科,東広島市西条町吉行２１３５－１,082-430-7557,岸本　圭介,岸本　圭介,歯　小歯　矯歯,,平25. 8. 7,shika
歯科,34,2531048,往診歯科　おだ,東広島市河内町小田２１８２,082-401-1234,山木戸　隆子,山木戸　隆子,歯,,平25. 12. 2,shika
歯科,34,2531055,藤田歯科医院,東広島市高屋町中島４２９－１　２Ｆ,082-426-5514,藤田　光訓,藤田　光訓,歯　小歯　歯外,,平26. 5. 7,shika
歯科,34,2531063,いけがみ小児歯科,東広島市西条町寺家６５３７番地１１,082-490-5489,医療法人社団　ａｓｕｉｒｏ会　理事長　池上　明雄,池上　明雄,小歯　矯歯,,平26. 7. 1,shika
歯科,34,2531071,藤原歯科医院,東広島市高屋町檜山４５２,082-434-7500,藤原　知永,藤原　知永,歯　小歯　歯外,,平27. 8. 1,shika
歯科,34,2531097,西条プラザ歯科,東広島市西条栄町１０－３０－３０１,082-422-4560,徳山　宏司,徳山　宏司,歯,,平28. 3. 22,shika
歯科,34,2531105,オレンジ歯科クリニック,東広島市西条土与丸六丁目１－２２,082-490-4488,医療法人Ｓｍｉｌｅ　Ｔｒｅｅ　理事長　平地　昭雄,平地　昭雄,歯　小歯,,平28. 7. 1,shika
歯科,34,2531113,フェローデンタルクリニック西条,東広島市西条町御薗宇６０８８番地３号,082-225-8308,医療法人社団瞳真会　理事長　名原　行徳,名原　行徳,歯,,平29. 3. 1,shika
歯科,34,2531121,いけだ歯科クリニック,東広島市寺家駅前１４番１７号２０１,082-493-5711,池田　将,池田　将,歯　小歯　歯外　矯歯,,平29. 4. 1,shika
歯科,34,2531139,ゆりの木歯科,東広島市西条西本町１６番１５号,082-424-0228,医療法人　悠喜会　理事長　土井　喜美子,土井　喜美子,歯　小歯,,平29. 4. 1,shika
歯科,34,2531147,医院　歯の健康ドクター,東広島市高屋町高屋東２３８９－１,082-434-8500,医療法人健康プロ　理事長　藤中　慎治,藤中　千惠美,歯　小歯　矯歯,,平29. 4. 6,shika
歯科,34,2531154,フロンティア歯科クリニック,東広島市西条昭和町９－４,082-423-9833,倉田　洋史,倉田　洋史,歯　小歯　矯歯　歯外,,平29. 8. 1,shika
歯科,34,2531170,さくらファミリー歯科,東広島市西条西本町２８－３０ハローズ東広島店３Ｆ,082-490-5522,乾　孝史,乾　孝史,歯　小歯　歯外　矯歯,,平29. 11. 9,shika
歯科,34,2531188,山田歯科,東広島市西条町西条東字山崎１２４３番地３,082-423-6457,医療法人　瑠璃光会　理事長　山田　謙慈,山田　馨一郎,歯,,平30. 4. 1,shika
歯科,34,2531196,八本松歯科医院,東広島市八本松東三丁目１０番４１号,082-428-6000,髙橋　明子,髙橋　明子,歯,,平30. 4. 1,shika
歯科,34,2531212,島崎歯科医院,東広島市西条町寺家６７３１番地１,082-423-1000,医療法人玲歯会　理事長　島崎　嘉朗,島崎　高志,歯　小歯　歯外,,平30. 10. 4,shika
歯科,34,2531220,みんなの歯科クリニック,東広島市西条町寺家５５４４－１８,082-426-5218,田原　大輔,田原　大輔,歯　歯外　小歯　矯歯,,令元. 9. 1,shika
歯科,34,2531238,ののやま矯正歯科医院,東広島市西条町御薗宇５４８４番地６,082-420-8790,医療法人社団ののやま矯正歯科医院　理事長　野々山　大介,野々山　大介,矯歯,,令元. 11. 16,shika
歯科,34,2531246,クローバーデンタル,東広島市西条寺家駅前１３番２０号ＩＣＺ１０２,082-423-3955,常川　智,常川　智,歯　小歯　矯歯　歯外,,令2. 6. 1,shika
歯科,34,2531261,穐山歯科医院,東広島市高屋町中島７５３－１,082-439-1181,医療法人　穐山歯科医院　理事長　穐山　訓弘,穐山　訓弘,歯　小歯　矯歯,,令4. 5. 11,shika
歯科,34,2531279,記念歯科西条,東広島市西条中央三丁目６番２２号,082-437-3536,栗原　直士,栗原　直士,歯,,令4. 8. 20,shika
歯科,34,2531287,宗近歯科医院,東広島市西条町田口２７２４番地１,082-425-2521,医療法人三日月会　理事長　宗近　雅博,宗近　雅博,歯,,令4. 10. 1,shika
歯科,34,2531295,ゆめみらい歯科矯正歯科西条,東広島市西条町助実１１７２番地　２Ｆ,082-437-4685,竹田　洋輔,竹田　洋輔,歯　矯歯　小歯,,令5. 3. 1,shika
歯科,34,2531303,医療法人社団裕穂会　さとう歯科,東広島市八本松南二丁目２番８号,082-428-5505,医療法人社団裕穂会　さとう歯科　理事長　山田　由美子,佐藤　美穂子,歯　小歯,,令5. 5. 8,shika
歯科,34,2531311,よつばファミリー歯科クリニック,東広島市西条町土与丸１５２２番地Ｓ－ＨＯＵＳＥ１０１,082-423-6123,医療法人玲歯会　理事長　島崎　嘉朗,島崎　嘉朗,歯　小歯　歯外,,令5. 8. 1,shika
歯科,34,2531329,のざき歯科・東広島おとなこども矯正歯科,東広島市西条中央六丁目１２番１６号,082-424-5100,医療法人ウェルビーイング　理事長　野崎　晋一,野崎　雄介,歯　小歯　矯歯,,令5. 10. 1,shika
歯科,34,2531337,うえの歯科医院,東広島市西条町田口２９０８－２２,082-437-5401,上野　彰子,上野　彰子,歯　小歯,,令6. 4. 1,shika
歯科,34,2531345,土田歯科医院,東広島市安芸津町三津４３８５番地１,0846-45-1177,医療法人社団高志会　土田歯科医院　理事長　土田　和範,土田　和範,歯　小歯　矯歯,,令6. 8. 1,shika
歯科,34,2531352,ふるたま歯科ファミリークリニック,東広島市八本松飯田８丁目８－４０　１Ｆ,082-426-3311,古玉　大祐,古玉　大祐,歯　歯外　小歯,,令7. 4. 1,shika
歯科,34,2531360,歯のクリニック　東広島　歯科・矯正歯科,東広島市西条町寺家３２２８－２,082-423-8557,早志　太佑,早志　太佑,歯　小歯　矯歯　歯外,,令7. 8. 1,shika
歯科,34,2531378,うららデンタルクリニック,東広島市西条中央４丁目４－５,082-421-8811,上杉　麗,上杉　麗,歯　小歯　矯歯,,令7. 10. 1,shika
歯科,34,2531386,東広島てっしーデンタルクリニック,東広島市西条町御薗宇８５２４－７,082-437-5185,手島　敬介,手島　敬介,歯　小歯　矯歯　歯外,,令7. 11. 1,shika
歯科,34,2531394,かも歯科小児歯科,東広島市八本松東６丁目１番２９号アリエス八本松１０３,090-3633-0663,沼田　憲幸,沼田　憲幸,歯　小歯　矯歯,,令8. 7. 1,shika
歯科,34,2730020,地御前歯科クリニック,廿日市市地御前１－４－２１,0829-36-0804,梶井　正文,梶井　正文,歯　小歯　矯歯　歯外,,平17. 5. 1,shika
歯科,34,2730137,医療法人社団つくも会　藤岡歯科医院,廿日市市地御前１－９－３０,0829-36-1666,医療法人社団つくも会　理事長　中條　隆徳,中條　隆徳,歯　小歯　矯歯　歯外,,平元. 4. 1,shika
歯科,34,2730145,チャイルド歯科　おとな・こども,廿日市市新宮１－１０－４３,0829-32-9291,山根　習,山根　習,歯　小歯,,平19. 4. 1,shika
歯科,34,2730152,木村歯科医院,廿日市市宮内４５２１－１,0829-39-6800,木村　恭,木村　恭,歯,,平18. 6. 1,shika
歯科,34,2730178,渡辺歯科,廿日市市宮内２丁目１番１号,0829-39-4618,渡辺　文衛,渡辺　文衛,歯,,平6. 1. 1,shika
歯科,34,2730186,藤本歯科小児歯科医院,廿日市市佐方４丁目７－１８,0829-32-0118,藤本　正己,藤本　正己,歯　小歯,,昭57. 11. 1,shika
歯科,34,2730194,阿品台歯科医院,廿日市市阿品台４丁目１－１７,0829-39-3456,道佛　雄次,道佛　雄次,歯　矯歯　小歯　歯外,,昭57. 11. 1,shika
歯科,34,2730210,安田歯科医院,廿日市市阿品台３丁目１１－１７,0829-39-2567,安田　明敏,安田　明敏,歯,,昭58. 6. 1,shika
歯科,34,2730236,あかぎ歯科医院,廿日市市阿品台１丁目１２－３６,0829-38-1881,赤木　真一,赤木　真一,歯　小歯　矯歯,,昭62. 5. 1,shika
歯科,34,2730244,医療法人　奥井歯科医院,廿日市市串戸２丁目１６－２,0829-32-8188,医療法人　奥井歯科医院　理事長　奥井　岳,奥井　岳,歯　矯歯　小歯　歯外,,平13. 10. 1,shika
歯科,34,2730269,かいで歯科医院,廿日市市桜尾本町７－５,0829-32-1777,貝出　泰範,貝出　泰範,歯,,平元. 5. 1,shika
歯科,34,2730277,細川歯科医院,廿日市市宮園２－２－２,0829-38-2323,細川　隆史,細川　隆史,歯,,平2. 5. 1,shika
歯科,34,2730285,阿品ファミリー歯科,廿日市市阿品４－４８－１７,0829-36-1818,久保　修,久保　修,歯　小歯　矯歯,,平18. 12. 1,shika
歯科,34,2730301,ヒラノ歯科医院,廿日市市串戸４－４－３,0829-31-3161,平野　秀彦,平野　秀彦,歯,,平2. 10. 1,shika
歯科,34,2730319,宮崎歯科,廿日市市宮内４４４０－１,0829-38-4733,宮崎　俊介,宮崎　俊介,歯,,平3. 5. 1,shika
歯科,34,2730327,串戸歯科クリニック,廿日市市串戸４丁目１３－１エコービル２Ｆ,0829-32-6000,森山　透,森山　透,歯　歯外　矯歯　小歯,,平4. 6. 1,shika
歯科,34,2730335,グリーン歯科,廿日市市四季が丘６－１５,0829-39-0648,河本　直也,河本　直也,歯　矯歯　小歯,,平5. 11. 1,shika
歯科,34,2730376,広沢歯科医院,廿日市市佐方４－３－３０－２Ｆ,0829-20-1311,広沢　真,広沢　真,歯　小歯,,平7. 11. 1,shika
歯科,34,2730418,栗栖歯科クリニック,廿日市市宮内３丁目１番５号,0829-37-1818,栗栖　文夫,栗栖　文夫,歯　小歯　矯歯,,平12. 4. 1,shika
歯科,34,2730475,そだ歯科,廿日市市下平良１丁目３－１,0829-34-3711,曽田　憲司,曽田　憲司,歯　小歯　歯外,,平17. 4. 1,shika
歯科,34,2730483,まさき歯科クリニック,廿日市市宮内４－１０－１０,0829-37-4618,田部　雅樹,田部　雅樹,歯　歯外　小歯　矯歯,,平17. 4. 1,shika
歯科,34,2730491,ふじた歯科,廿日市市宮内４４８１－２　ソレーユ宮内１Ｆ,0929-37-4181,藤田　裕樹,藤田　裕樹,歯　矯歯　小歯　歯外,,平17. 6. 1,shika
歯科,34,2730525,ナタリーデンタルクリニック,廿日市市阿品３丁目１－１－Ｍ１１３,0829-20-3363,医療法人　Ｄｅｎｔｉｓｔｅーｉｎｎｏｖ　理事長　金田　竜典,金田　竜典,歯　矯歯　小歯　歯外,,平17. 7. 1,shika
歯科,34,2730533,オリーブデンタルクリニック,廿日市市沖塩屋４－４－５１,0829-50-0020,中丸　茂,中丸　茂,歯　小歯,,平18. 1. 1,shika
歯科,34,2730541,いわい歯科クリニック,廿日市市上平良１３０７－２,0829-38-7788,岩井　進悟,岩井　進悟,歯　小歯　歯外　矯歯,,平18. 5. 1,shika
歯科,34,2730558,桜尾歯科医院,廿日市市桜尾３丁目１－１５,0829-32-4182,丸矢　直樹,丸矢　直樹,歯　小歯,,平18. 10. 1,shika
歯科,34,2730574,山中歯科クリニック,廿日市市須賀３－３１,0829-34-4618,山中　豊司,山中　豊司,歯,,平19. 12. 1,shika
歯科,34,2730590,栗栖歯科医院,廿日市市大野１－３－１９,0829-55-0558,栗栖　紀夫,栗栖　紀夫,歯　小歯　矯歯,,平20. 2. 1,shika
歯科,34,2730616,スマイル・デンタル・クリニック,廿日市市宮島口西２丁目７－１６,0829-30-7468,岡田　幸大,岡田　幸大,歯　小歯　歯外,,平22. 12. 1,shika
歯科,34,2730640,西野歯科医院,廿日市市廿日市１丁目８－１８,0829-31-5800,西野　宏,西野　宏,歯　歯外,,平25. 7. 20,shika
歯科,34,2730657,尾崎歯科クリニック,廿日市市佐方１丁目５－１０第１エイトビル１Ｆ,0829-34-4144,尾崎　健竜,尾崎　健竜,歯,,平25. 10. 7,shika
歯科,34,2730665,むらかみ歯科クリニック,廿日市市廿日市１丁目６－３９,0829-20-4733,村上　明延,村上　明延,歯,,平25. 12. 1,shika
歯科,34,2730699,あおぞら歯科室,廿日市市大野中央４丁目８－３９,0829-55-0901,阿部　竜也,阿部　竜也,歯　小歯,,平27. 4. 1,shika
歯科,34,2730707,医療法人　宝歯会　廿日市スマイル歯科小児歯科医院,廿日市市下平良２丁目２－１,0829-30-8018,医療法人宝歯会かじわら歯科医院　理事長　梶原　浩喜,小川　弥伸,歯　小歯　歯外　矯歯,,平27. 6. 1,shika
歯科,34,2730715,ヴィラ歯科,廿日市市阿品４－５１－２６,0829-36-5274,医療法人社団　紫翠会　理事長　木庭　修,木庭　修,歯　歯外,,平28. 5. 1,shika
歯科,34,2730749,橋田歯科医院,廿日市市新宮一丁目２－２６,0829-34-2109,医療法人鴻志会　理事長　橋田　光正,橋田　光正,歯　小歯　矯歯　歯外,,平30. 10. 1,shika
歯科,34,2730756,中川歯科医院,廿日市市塩屋二丁目４－５,0829-54-1182,中川　幹子,中川　幹子,歯,,平30. 12. 15,shika
歯科,34,2730764,かみなか歯科,廿日市市平良一丁目１７番５０号,0829-20-4888,医療法人ＫＤＣ　理事長　上中　茂晴,上中　茂晴,歯　小歯　矯歯　歯外,,平31. 1. 1,shika
歯科,34,2730772,ピカピカ歯科医院,廿日市市住吉二丁目２番２７号,0829-30-8688,医療法人ピカピカ歯科医院　理事長　江川　拓史,江川　拓史,歯　小歯　矯歯　歯外,,平31. 4. 1,shika
歯科,34,2730780,ゆい矯正歯科,廿日市市串戸２丁目１７－１,0829-34-1181,當麻　愉衣子,當麻　愉衣子,矯歯　歯,,令2. 7. 1,shika
歯科,34,2730798,清水歯科矯正歯科,廿日市市串戸三丁目２２－１９,0829-32-4100,清水　靖志,清水　靖志,歯　矯歯　小歯　歯外,,令2. 12. 22,shika
歯科,34,2730806,かわの歯科・こども矯正歯科クリニック,廿日市市佐方４－７－１４アーネストマンション１０１,0829-30-7102,河野　聖,河野　聖,歯　小歯　歯外　矯歯,,令4. 9. 1,shika
歯科,34,2730814,かなりあ歯科・小児歯科,廿日市市佐方４－３－３６木原ビル１Ｆ,0829-30-7100,伊藤　利通,伊藤　利通,歯　小歯　歯外　矯歯,,令4. 9. 1,shika
歯科,34,2730822,谷口歯科医院,廿日市市廿日市２－５－５,0829-31-0602,谷口　一郎,谷口　一郎,歯,,令5. 10. 1,shika
歯科,34,2730830,にしだ歯科クリニック,廿日市市平良山手１１番８号,0829-34-0151,医療法人翡翠会　理事長　西田　一志,西田　一志,歯　小歯　歯外　矯歯,,令5. 10. 1,shika
歯科,34,2730863,みなと歯科,廿日市市上の浜１丁目１番５号,0829-20-4218,長瀬　大地,長瀬　大地,歯　小歯　歯外　矯歯,,令7. 3. 1,shika
歯科,34,2730871,ルートル歯科クリニック,廿日市市宮内２丁目１０－３８,0829-30-7118,住元　泰介,住元　泰介,歯　小歯　歯外　矯歯,,令7. 3. 1,shika
歯科,34,2730889,三島歯科医院,廿日市市廿日市２－３－１７,0829-31-1888,三島　健史,三島　健史,歯　歯外　小歯,,令7. 9. 9,shika
歯科,34,2730897,やおたにデンタルクリニック,廿日市市上平良字伴丈木１２２番地１,0829-20-5640,医療法人奏徳会　理事長　八百谷　一希,八百谷　一希,歯　小歯　矯歯,,令8. 5. 1,shika
歯科,34,2930018,森本歯科医院,江田島市大柿町大原４８３－１,0823-57-0557,森本　英樹,森本　英樹,歯　小歯　矯歯　歯外,,平17. 6. 1,shika
歯科,34,2930026,かねだ歯科,江田島市江田島町鷲部２丁目１１－３,0823-42-5394,金田　高志,金田　高志,歯,,平22. 5. 1,shika
歯科,34,2930034,やまさき歯科医院,江田島市能美町鹿川３２３０番地２,0823-45-4511,医療法人　奏友会　理事長　山﨑　一義,山﨑　一義,歯,,平30. 10. 1,shika
歯科,34,3130154,鎌田歯科医院,呉市蒲刈町宮盛９１２－２,0823-66-0607,鎌田　一診,鎌田　一診,歯,,昭55. 8. 18,shika
歯科,34,3130253,飯沼歯科医院,呉市音戸町坪井１丁目１－２７,0823-51-2768,飯沼　俊喜,飯沼　俊喜,歯,,平11. 7. 30,shika
歯科,34,3130428,鎌田向歯科診療所,呉市蒲刈町向２９３４－６,0823-68-0757,鎌田　一診,鎌田　一診,歯,,昭61. 12. 1,shika
歯科,34,3130436,医療法人社団皓歯会山野歯科医院,安芸郡熊野町貴船１８－１８,082-854-1139,医療法人社団皓歯会山野歯科医院　理事長　山野　亮介,山野　亮介,歯　矯歯,,平5. 11. 1,shika
歯科,34,3130485,第２井原歯科医院,安芸郡熊野町出来庭五丁目２０番７号,082-854-8148,井原　良,井原　良,歯,,昭56. 2. 1,shika
歯科,34,3130493,岡田歯科医院,安芸郡熊野町萩原七丁目１４番１９号,082-854-5311,岡田　信彦,岡田　信彦,歯,,昭56. 5. 1,shika
歯科,34,3130519,四道歯科医院,呉市倉橋町１１４８６,0823-54-1815,四道　和也,四道　和也,歯,,昭57. 6. 1,shika
歯科,34,3130535,二木歯科医院,江田島市江田島町小用２丁目３－２,0823-42-4180,医療法人社団峰良会　理事長　二木　由峰,二木　由峰,歯　矯歯　小歯,,平8. 4. 1,shika
歯科,34,3130543,切串歯科診療所,江田島市江田島町切串１丁目３３－１１,0823-44-1151,坂井　義和,坂井　義和,歯,,昭61. 3. 1,shika
歯科,34,3130550,医療法人社団　上山歯科医院,江田島市江田島町小用２丁目１３－１２,0823-42-2040,医療法人社団　上山歯科医院　理事長　上山　宏,上山　宏,歯　矯歯　小歯,,平元. 9. 1,shika
歯科,34,3130568,倉橋歯科診療所,呉市倉橋町１０００,0823-53-1830,風呂本　整,風呂本　整,歯　小歯,,昭61. 9. 1,shika
歯科,34,3130576,カンバラ齒科醫院,呉市音戸町波多見５丁目５－１,0823-51-3333,蒲原　繁美,蒲原　繁美,歯,,昭62. 4. 1,shika
歯科,34,3130600,ふじもと歯科医院,安芸郡坂町北新地２－３－４０　３Ｆ,082-884-0118,藤本　明秀,藤本　明秀,歯　矯歯　歯外,,平17. 11. 1,shika
歯科,34,3130618,くせ歯科医院,安芸郡熊野町貴船２番１３号,082-854-1551,久世　祥二,久世　祥二,歯,,平2. 12. 1,shika
歯科,34,3130626,クリーン歯科,安芸郡熊野町川角一丁目６番１５号,082-854-2131,藤原　副満,藤原　副満,歯　小歯　歯外,,平3. 1. 1,shika
歯科,34,3130634,宮本歯科医院,呉市音戸町藤脇１丁目２１－２５,0823-56-1184,宮本　和儀,宮本　和儀,歯,,平4. 7. 1,shika
歯科,34,3130659,梶川歯科クリニック,呉市音戸町波多見１丁目１－４４,0823-51-0210,梶川　正文,梶川　正文,歯,,平6. 10. 1,shika
歯科,34,3130691,村田歯科医院,呉市倉橋町６６３０－６,0823-53-2111,村田　耕一郎,村田　耕一郎,歯,,平11. 5. 1,shika
歯科,34,3130709,よしだ歯科,呉市音戸町波多見１丁目３５－２８,0823-50-0064,吉田　孝,吉田　孝,歯　小歯,,平12. 6. 1,shika
歯科,34,3130717,石本歯科医院,安芸郡熊野町萩原９－１６－５,082-820-5888,石本　章,石本　章,歯,,平12. 7. 1,shika
歯科,34,3130725,なかむら歯科医院,安芸郡坂町横浜中央１－３－５,082-820-1811,中村　謙一,中村　謙一,歯　歯外　小歯　矯歯,,平12. 12. 1,shika
歯科,34,3130733,かくわ歯科医院,安芸郡熊野町萩原２丁目２番１０号,082-855-4646,各和　伸悟,各和　伸悟,歯,,平13. 9. 1,shika
歯科,34,3130741,ふじた歯科医院,呉市音戸町高須３丁目８－７－１２,0823-50-0418,藤田　満,藤田　満,歯,,平14. 7. 1,shika
歯科,34,3130758,クボ歯科クリニック,安芸郡坂町坂西１丁目２３－８,082-885-0111,医療法人　誠和会　理事長　久保　和雄,久保　和雄,歯　小歯　矯歯,,平18. 10. 1,shika
歯科,34,3130766,かしはら歯科,安芸郡熊野町中溝１－４－９,082-854-1850,柏原　都宏,柏原　都宏,歯,,平17. 5. 1,shika
歯科,34,3130774,とまと歯科クリニック,安芸郡熊野町出来庭４丁目１７－２,082-855-3746,瀬　佐都子,瀬　佐都子,歯,,平18. 2. 1,shika
歯科,34,3130782,くまの歯科クリニック,安芸郡熊野町平谷１丁目１５－８,082-854-6480,板谷　和徳,板谷　和徳,歯　小歯,,平18. 9. 1,shika
歯科,34,3130790,わだ歯科クリニック,安芸郡熊野町萩原７丁目６－３,082-820-5670,和田　英志,和田　英志,歯　歯外　小歯　矯歯,,平31. 4. 1,shika
歯科,34,3130808,なのはな歯科クリニック,安芸郡熊野町出来庭９－９－１０,082-554-9104,土居　謙介,土居　謙介,一般歯科,,令2. 3. 1,shika
歯科,34,3130824,ＭＢフレンド歯科,安芸郡熊野町出来庭２丁目１２番１号,082-554-7788,医療法人　ＭＢフレンド歯科　理事長　壬生　孝志,壬生　孝志,歯　小歯　歯外,,令8. 4. 1,shika
歯科,34,3230228,医療法人社団博和会　平田歯科医院,安芸郡海田町堀川町３－５,082-822-3319,医療法人社団博和会　理事長　平田　あつ子,平田　あつ子,歯　矯歯　小歯,,平元. 3. 6,shika
歯科,34,3230376,田中歯科医院,安芸郡海田町国信１丁目１－２４,082-823-0118,田中　治邦,田中　治邦,歯,,昭50. 10. 1,shika
歯科,34,3230442,岸保歯科クリニック,安芸郡府中町本町５－６－１,082-286-1200,岸保　文雄,岸保　文雄,歯,,昭54. 4. 1,shika
歯科,34,3230467,根石歯科医院,安芸郡海田町昭和中町２－２１,082-822-5125,根石　雄二,根石　雄二,歯　歯外　小歯,,平20. 5. 20,shika
歯科,34,3230491,医療法人社団　もりうえ歯科,安芸郡府中町大須３丁目８－５６,082-283-6633,医療法人社団もりうえ歯科　理事長　盛植　泰照,盛植　泰輔,歯,,平13. 3. 1,shika
歯科,34,3230558,医療法人社団健口会　長畑歯科医院,安芸郡海田町窪町４－５１,082-822-2488,医療法人社団　健口会　理事長　長畑　光,長畑　光,歯,,平元. 6. 1,shika
歯科,34,3230574,田辺歯科医院,安芸郡府中町石井城１－５－３２,082-284-3838,田辺　文彦,田辺　文彦,歯,,昭62. 11. 1,shika
歯科,34,3230582,二神歯科医院,安芸郡海田町成本１１－２７－１０２,082-822-5510,二神　正文,二神　正文,歯,,昭63. 6. 1,shika
歯科,34,3230673,さんたんだ歯科医院,安芸郡府中町本町２－５－１１,082-282-4180,三反田　孝,三反田　孝,歯　小歯,,平6. 6. 1,shika
歯科,34,3230681,佐久間歯科医院,安芸郡府中町みくまり２丁目１３－１４,082-288-7377,佐久間　理恵,佐久間　理恵,歯　矯歯　小歯,,平6. 12. 1,shika
歯科,34,3230707,医療法人社団　竹下歯科医院,安芸郡府中町桃山１丁目８－４－１０３,082-285-1110,医療法人社団　竹下歯科医院　理事長　竹下　稔,竹下　稔,歯　小歯　矯歯　歯外,,平17. 5. 1,shika
歯科,34,3230723,いいだ歯科クリニック,安芸郡府中町大須２丁目３－７１,082-287-0648,飯田　康二,飯田　康二,歯,,平10. 7. 1,shika
歯科,34,3230731,しだはら歯科医院,安芸郡府中町本町５丁目２－１２,082-890-0011,志田原　達哉,志田原　達哉,歯　小歯,,平10. 10. 1,shika
歯科,34,3230749,ありもり歯科医院,安芸郡府中町八幡２－１３－２０,082-890-0088,有森　良壯,有森　良壯,歯　歯外,,平10. 11. 1,shika
歯科,34,3230806,おがわ歯科医院,安芸郡海田町日の出町６－６－１Ｆ,082-821-1118,小川　俊夫,小川　俊夫,歯　歯外　小歯,,平13. 6. 1,shika
歯科,34,3230814,海田デンタルクリニック,安芸郡海田町南昭和町９－２２,082-821-0118,三宅　雄次郎,三宅　雄次郎,歯　小歯,,平13. 7. 1,shika
歯科,34,3230822,麻の実歯科医院,安芸郡府中町八幡２－３－３,082-286-8070,医療法人社団　峰良会　理事長　二木　由峰,相田　明子,歯　矯歯　小歯,,平15. 8. 1,shika
歯科,34,3230848,ダイヤモンドシティ歯科,安芸郡府中町大須２丁目１－１,082-561-0088,医療法人　裕和　理事長　谷口　浩孝,谷口　浩孝,歯　小歯,,平19. 7. 1,shika
歯科,34,3230855,かいた駅前歯科,安芸郡海田町窪町２－１４ハンドウビル３Ｆ,082-823-5717,小嶺　満希子,小嶺　満希子,歯　小歯　矯歯,,平16. 7. 1,shika
歯科,34,3230863,谷野歯科,安芸郡海田町蟹原２丁目１０－４８,082-821-1170,谷野　弘文,谷野　弘文,歯　小歯　歯外　矯歯,,平17. 9. 1,shika
歯科,34,3230871,新谷歯科医院,安芸郡府中町緑ケ丘１６－９,082-285-1007,新谷　宏規,新谷　宏規,歯　小歯,,平19. 4. 1,shika
歯科,34,3230897,あおぞら歯科医院,安芸郡府中町宮の町１丁目１－２６,082-555-5060,小田　恵子,小田　恵子,歯,,平20. 4. 8,shika
歯科,34,3230913,秋本歯科医院,安芸郡海田町稲荷町９－１６,082-823-4182,秋本　浩志,秋本　浩志,歯　歯外　小歯,,平21. 7. 1,shika
歯科,34,3230921,ＡＩＣデンタルクリニック・ヴィラ,安芸郡府中町本町２丁目９番２７号,082-510-0091,鈴川　夏寿美,鈴川　夏寿美,歯　矯歯　小歯,,平21. 10. 22,shika
歯科,34,3230954,医療法人社団湧泉会　ひまわり歯科,安芸郡海田町昭和中町２－３８,082-820-0800,医療法人　社団　湧泉会　理事長　岡本　佳明,岡本　佳明,歯　小歯　歯外　矯歯,,平23. 6. 1,shika
歯科,34,3230962,医療法人社団輝博会　末永歯科医院,安芸郡府中町青崎中８－７,082-285-8148,医療法人　社団　輝博会　理事長　末永　輝義,末永　輝義,歯,,平23. 10. 1,shika
歯科,34,3230970,野村歯科医院,安芸郡府中町鶴江二丁目１２番１１号,082-284-3233,医療法人社団昌佳会野村歯科医院　理事長　野村　昌利,野村　周平,歯　矯歯　小歯,,平23. 10. 1,shika
歯科,34,3230996,くらた歯科医院,安芸郡府中町浜田一丁目３番１６－２０２号,082-288-8855,医療法人社団　輝真会　くらた歯科医院　理事長　倉田　昌典,倉田　昌典,歯　小歯　矯歯　歯外,,平25. 10. 1,shika
歯科,34,3231002,ファミリア歯科,安芸郡府中町青崎東１－６ロイヤルビュー安芸１Ｆ,082-287-1128,菊地　伸仁,菊地　伸仁,歯　小歯　矯歯　歯外,,平26. 4. 1,shika
歯科,34,3231010,医療法人社団　コアラ小児歯科,安芸郡海田町南昭和町１３番９号,082-821-1888,医療法人社団　コアラ小児歯科　理事長　石通　宏行,石通　宏行,歯　小歯　矯歯,,平26. 6. 1,shika
歯科,34,3231028,西川歯科医院,安芸郡府中町大須１丁目１７－２３,082-281-1112,西川　直樹,西川　直樹,歯　小歯　歯外,,平27. 1. 1,shika
歯科,34,3231036,新生歯科医院,安芸郡府中町鹿籠２丁目１４－２５,082-288-2633,河本　貴充,河本　貴充,歯,,平27. 6. 23,shika
歯科,34,3231051,イチマ歯科医院,安芸郡海田町南大正町４番２８号,082-824-1188,医療法人社団　沢進会　理事長　市間　裕修,市間　裕修,歯,,平29. 5. 1,shika
歯科,34,3231069,谷﨑歯科クリニック,安芸郡府中町本町４丁目５－３７,082-282-4618,医療法人　清正会　理事長　谷﨑　正教,谷﨑　正教,歯　小歯　歯外,,平29. 5. 1,shika
歯科,34,3231077,岸保歯科医院,安芸郡海田町蟹原１丁目９番１５号,082-822-8653,岸保　祐司,岸保　祐司,歯　歯外　小歯　矯歯,,平29. 8. 1,shika
歯科,34,3231085,あいあい歯科クリニック,安芸郡海田町畝二丁目１５番１５号,082-822-2022,医療法人　若星会　理事長　五藤　博之,五藤　博之,歯　小歯,,平30. 11. 1,shika
歯科,34,3231101,向洋みらい歯科クリニック,安芸郡府中町桃山１丁目１８－１５,082-286-1150,河角　佳知,河角　佳知,歯　歯外　矯歯　小歯,,令2. 1. 10,shika
歯科,34,3231119,竹中歯科医院,安芸郡府中町宮の町２－５－２７古田ビル２Ｆ,082-281-2424,柴田　眞吾,柴田　眞吾,歯　矯歯,,令2. 6. 1,shika
歯科,34,3231127,もみじ歯科,安芸郡府中町鹿籠２－１３－１２アルバ府中１０１,082-521-8335,豊田　裕輔,豊田　裕輔,歯　歯外　矯歯　小歯,,令2. 7. 1,shika
歯科,34,3231135,やまなか歯科医院,安芸郡府中町大通二丁目８番２１－１０１号,082-299-6480,医療法人　山威会　理事長　山中　威典,山中　威典,歯　小歯　矯歯　歯外,,令2. 11. 1,shika
歯科,34,3231143,海田ゆめぞら歯科,安芸郡海田町窪町１番２３号,082-847-2100,医療法人Ｃａｍｐｈｏｒ　理事長　楠　和也,楠　和也,歯　小歯　矯歯,,令3. 10. 1,shika
歯科,34,3231168,甲元歯科医院,安芸郡府中町浜田二丁目２番１６号,082-285-8800,医療法人甲元歯科医院　理事長　甲元　欣治,甲元　友久,歯,,令6. 10. 1,shika
歯科,34,3231176,早川歯科クリニック,安芸郡府中町緑ケ丘１３－３,080-6327-1520,早川　健人,早川　健人,歯　小歯　歯外,,令7. 4. 1,shika
歯科,34,3231184,医療法人社団翔積会　ホワイトデンタルクリニック,安芸郡海田町新町１９番１０号,082-823-2044,医療法人社団翔積会　理事長　稻垣　勝利,稻垣　由希乃,歯　小歯　矯歯　歯外,,令7. 6. 1,shika
歯科,34,3330093,長坂歯科医院,江田島市大柿町柿浦１５４５,0823-57-2172,長坂　公治,長坂　公治,歯　矯歯　歯外,,平9. 5. 17,shika
歯科,34,3330184,松原歯科医院,廿日市市大野原２丁目４－２８,0829-55-0133,松原　一光,松原　一光,歯,,昭59. 3. 1,shika
歯科,34,3330994,せらだ歯科クリニック,江田島市沖美町是長４１０－４,0823-49-1161,世良田　治彦,世良田　治彦,歯,,昭59. 7. 1,shika
歯科,34,3331018,川端歯科医院,広島市佐伯区湯来町大字白砂３５２６－１,0829-86-1122,川端　康司,川端　康司,歯,,昭59. 9. 1,shika
歯科,34,3331042,医療法人社団　かみて歯科クリニック,廿日市市津田４２３３番地１,0829-72-1224,医療法人社団　かみて歯科クリニック　理事長　上手　敬之,上手　敬之,歯,,平14. 1. 1,shika
歯科,34,3331083,青木歯科医院,江田島市大柿町飛渡瀬３４４－３,0823-42-0117,青木　修,青木　修,歯,,昭63. 4. 1,shika
歯科,34,3331117,オレンジ歯科クリニック,廿日市市大野原２丁目１０－１８,0829-54-2611,中嶋　真美子,中嶋　真美子,歯,,平3. 4. 1,shika
歯科,34,3331141,とだ歯科・矯正歯科,廿日市市大野１２３５－９,0829-55-3090,医療法人栄信会　理事長　戸田　信彦,竹安　美彩,歯　矯歯　小歯,,平7. 4. 1,shika
歯科,34,3331158,朝原デンタルクリニック,江田島市能美町中町４８６５－３,0823-45-5577,朝原　早苗,朝原　早苗,歯　矯歯,,平7. 8. 1,shika
歯科,34,3331208,医療法人社団　安芸歯科クリニック,廿日市市大野３３００－１６,0829-56-3888,医療法人社団　安芸歯科クリニック　理事長　山中　史教,山中　史教,歯,,平15. 10. 1,shika
歯科,34,3331232,村上歯科医院,廿日市市前空５丁目２－５,0829-50-6666,村上　誠一,村上　誠一,歯　小歯　矯歯　歯外,,平13. 2. 1,shika
歯科,34,3331257,やまだ歯科,廿日市市梅原２丁目１－２３,0829-54-2817,山田　康道,山田　康道,歯　小歯,,平15. 3. 1,shika
歯科,34,3530098,医療法人　共愛会　三宅歯科医院,山県郡北広島町有田９８－４,0826-72-2175,医療法人　共愛会　三宅歯科医院　理事長　三宅　陽介,三宅　陽介,歯,,平4. 8. 1,shika
歯科,34,3530254,医療法人社団樹会　戸河内安歯科医院,山県郡安芸太田町大字上殿字東神田１８６２－１,0826-28-2552,医療法人社団　樹会　理事長　深井　直樹,安　敬之,歯,,平17. 3. 1,shika
歯科,34,3530288,藤井歯科医院,山県郡北広島町有田１６５８－１,0826-72-5711,藤井　彰,藤井　彰,歯,,昭58. 8. 16,shika
歯科,34,3530312,中尾歯科医院,山県郡北広島町阿坂４４４８－１,0826-84-0037,清見原　加代,清見原　加代,歯　歯外,,昭61. 11. 1,shika
歯科,34,3530320,医療法人社団　樹会　芸北深井歯科医院,山県郡北広島町川小田１９９,0826-35-1184,医療法人社団　樹会　理事長　深井　直樹,西　誠司,歯,,平14. 10. 1,shika
歯科,34,3530338,医療法人社団　市村歯科医院,山県郡安芸太田町大字加計５３１５－２,0826-22-0233,医療法人社団　市村歯科医院　理事長　市村　紀夫,市村　紀夫,歯　小歯,,平12. 4. 1,shika
歯科,34,3530346,トマト歯科クリニック,山県郡北広島町有田１５３２千代田ショッピングセンターサンクス３Ｆ,0826-72-8264,光野　聖司,光野　聖司,歯,,平4. 5. 1,shika
歯科,34,3530353,こうの歯科医院,山県郡安芸太田町大字加計３５３７－４,08262-5-0888,河野　公彦,河野　公彦,歯,,平10. 6. 1,shika
歯科,34,3530361,いのうえ歯科医院,山県郡北広島町壬生６５８－１,0826-72-7272,井上　弘明,井上　弘明,歯　小歯,,平10. 10. 1,shika
歯科,34,3530379,本田歯科医院,山県郡安芸太田町大字戸河内３１４－１,0826-28-7800,本田　仁,本田　仁,歯　小歯,,平11. 11. 1,shika
歯科,34,3530387,なかます歯科医院,山県郡北広島町新庄９１９－３,0826-82-7622,中増　康曜,中増　康曜,歯,,平12. 2. 1,shika
歯科,34,3530395,ありた歯科医院,山県郡北広島町本地２２２９－１,0826-72-7511,有田　秀明,有田　秀明,歯,,平12. 9. 1,shika
歯科,34,3530403,スマイル歯科医院,山県郡北広島町有田字河本６５９－１,0826-72-8168,日山　孝,日山　孝,歯,,平20. 11. 17,shika
歯科,34,3530429,元林歯科医院,山県郡北広島町大朝４５２３番地の１,0826-82-2325,元林　健一郎,元林　健一郎,歯,,平31. 1. 1,shika
歯科,34,3630021,医療法人森田会　吉田歯科クリニック,安芸高田市吉田町吉田３６６１－１,0826-42-0227,医療法人　森田会　理事長　坂本有文,岩下　幸治,歯　小歯　歯外,,平元. 5. 1,shika
歯科,34,3630211,医療法人　森田会　森田歯科医院,安芸高田市甲田町高田原１４３８,0826-45-2113,医療法人　森田会　理事長　坂本有文,根木　義明,歯　小歯　歯外,,平9. 6. 1,shika
歯科,34,3630229,山﨑歯科医院,安芸高田市吉田町常友１２６７－２,0826-42-3527,山﨑　信義,山﨑　信義,歯　歯外,,平12. 7. 1,shika
歯科,34,3630278,貞岡歯科医院,安芸高田市吉田町吉田６２６－１,0826-42-2885,貞岡　道也,貞岡　道也,歯,,昭60. 8. 1,shika
歯科,34,3630286,桂歯科医院,安芸高田市吉田町吉田１８９０－１,0826-42-2030,桂　啓介,桂　啓介,歯　小歯,,昭61. 5. 1,shika
歯科,34,3630302,谷歯科医院,安芸高田市八千代町下根６１７－７,0826-52-3939,谷　成寛,谷　成寛,歯　小歯,,昭62. 9. 1,shika
歯科,34,3630344,吉村歯科医院,安芸高田市吉田町山手１２１７－１,0826-43-2076,吉村　直規,吉村　直規,歯,,平6. 7. 1,shika
歯科,34,3630369,なかおか歯科,安芸高田市吉田町吉田３７９９,0826-47-0855,中岡　孝文,中岡　孝文,歯,,平10. 4. 1,shika
歯科,34,3630377,近藤歯科医院,安芸高田市八千代町佐々井１３９１－１,0826-52-7777,近藤　嘉人,近藤　嘉人,歯　小歯　矯歯,,平12. 9. 1,shika
歯科,34,3630401,ふじとう歯科,安芸高田市甲田町高田原１１６０－７,0826-45-3533,医療法人ふじとう歯科　理事長　藤東　琢也,藤東　琢也,歯　小歯　矯歯,,平23. 5. 1,shika
歯科,34,3630419,医療法人青心会　ラベンダー歯科クリニック,安芸高田市八千代町勝田４５９番地,0826-52-3377,医療法人青心会　理事長　青戸　光紀,櫻井　隆臣,歯　歯外　小歯　矯歯,,平25. 4. 1,shika
歯科,34,3630427,みどりファミリー歯科,安芸高田市美土里町本郷字山根１７８１－１０,0826-54-0843,根岸　勇二,根岸　勇二,歯　小歯　矯歯,,平25. 5. 1,shika
歯科,34,3630435,有木歯科医院,安芸高田市向原町坂２９７番地,0826-46-2101,有木　千加子,有木　千加子,歯,,平27. 2. 20,shika
歯科,34,3630443,黒岩歯科医院,安芸高田市向原町坂９－１,0826-46-2123,黒岩　理暢,黒岩　理暢,歯,,令元. 8. 11,shika
歯科,34,3630450,上野歯科医院,安芸高田市吉田町吉田１２１８,0826-42-0252,医療法人　臨研会　理事長　上野　修,上野　修,歯,,令3. 4. 1,shika
歯科,34,3630468,イズミ歯科医院,安芸高田市吉田町吉田７６５－１,0826-42-4618,医療法人明泉会　理事長　和泉　昌義,和泉　昌義,歯,,令5. 7. 1,shika
歯科,34,3730136,医療法人社団一水会　木村歯科医院,東広島市黒瀬町丸山１４２０－１,0823-82-5522,医療法人社団　一水会　理事長　木村　慶子,木村　慶子,歯　小歯　矯歯　歯外,,昭62. 3. 1,shika
歯科,34,3730144,かとう歯科クリニック,東広島市黒瀬町楢原２７６－７,0823-82-8241,医療法人社団　健歯会　理事長　加藤　寛二,加藤　寛,歯　矯歯　小歯　歯外,,平元. 10. 1,shika
歯科,34,3730151,ハズタニ歯科医院,東広島市黒瀬町乃美尾１０８３－１,0823-82-8444,筈谷　純三郎,筈谷　純三郎,歯　歯外,,昭63. 6. 1,shika
歯科,34,3730177,アリス歯科クリニック,東広島市黒瀬町宗近柳国９３２－１,0823-82-0321,上田　生幸,上田　生幸,歯　小歯,,平4. 5. 1,shika
歯科,34,3730185,医療法人社団　しげもと歯科クリニック,東広島市黒瀬町兼広１４１,0823-83-6055,医療法人社団　しげもと歯科クリニック　理事長　重本　康晴,重本　康晴,歯　小歯　矯歯　歯外,,平14. 10. 1,shika
歯科,34,3730193,よしおか歯科クリニック,東広島市黒瀬町楢原８９４－２,0823-81-0418,吉岡　慎一,吉岡　慎一,歯,,平15. 3. 1,shika
歯科,34,3830100,冨田歯科医院,三原市大和町和木１５２５－２,0847-34-0328,冨田　洋道,冨田　洋道,歯,,昭53. 4. 28,shika
歯科,34,3830209,早志歯科福富診療所,東広島市福富町久芳３７００－１,082-435-2777,医療法人社団　光誠会　理事長　栁河　友見,川森　允見,歯,,平10. 4. 1,shika
歯科,34,3830241,かじわら歯科医院,三原市大和町下徳良１７８２－１０,08473-3-1607,梶原　幹生,梶原　幹生,歯,,平5. 5. 1,shika
歯科,34,3930033,山本歯科クリニック,豊田郡大崎上島町東野２５７２,08466-6-2045,山本　伸顕,山本　伸顕,歯,,平11. 4. 1,shika
歯科,34,3930041,あまの歯科・矯正歯科クリニック,三原市本郷南６丁目１２－２０,0848-86-2105,天野　晋吾,天野　晋吾,歯　矯歯　小歯,,平12. 2. 1,shika
歯科,34,3930298,冨士田歯科医院,尾道市瀬戸田町瀬戸田３１６－９,0845-27-0178,冨士田　聰,冨士田　聰,歯　小歯,,昭61. 4. 1,shika
歯科,34,3930322,正畠歯科医院,豊田郡大崎上島町木江２４６,0846-62-0064,黒川　貞幸,黒川　貞幸,歯,,昭63. 8. 1,shika
歯科,34,3930348,瀬戸田村上歯科医院,尾道市瀬戸田町沢１６３－１６,0845-27-4195,村上　清信,村上　清信,歯　矯歯　小歯,,平5. 8. 1,shika
歯科,34,3930421,豊浜町歯科診療所,呉市豊浜町豊島３５２６－１２,0823-68-2684,赤間　芳彦,赤間　芳彦,歯,,平17. 1. 1,shika
歯科,34,3930439,平田歯科診療所,豊田郡大崎上島町中野２２０１番地の２,0846-64-4321,平田　智広,平田　智広,歯,,平20. 9. 1,shika
歯科,34,3930447,円山歯科医院,豊田郡大崎上島町中野４４９０－１,0846-64-5280,円山　義信,円山　義信,歯　小歯,,平26. 6. 1,shika
歯科,34,3930454,好中歯科医院,豊田郡大崎上島町中野１７３７－１,0846-64-4012,好中　大雅,好中　大雅,歯,,令7. 9. 21,shika
歯科,34,4030270,医療法人社団　大隅歯科,呉市川尻町東３丁目１－７,0823-87-2552,医療法人社団　大隅歯科　理事長　大隅　孝,大隅　孝,歯,,平2. 1. 1,shika
歯科,34,4030288,橘歯科医院,呉市川尻町西２丁目１－２４,0823-87-6116,橘　裕文,橘　裕文,歯,,昭60. 6. 1,shika
歯科,34,4030312,医療法人社団一水会　安芸津歯科医院,東広島市安芸津町風早３２０６,0846-45-5333,医療法人社団　一水会　理事長　木村　慶子,湊　有希子,歯　小歯　矯歯,,昭62. 3. 1,shika
歯科,34,4030320,医療法人社団　尾田歯科クリニック,呉市安浦町中央５丁目１－５４,0823-84-6648,医療法人社団　尾田歯科クリニック　理事長　尾田　良,尾田　良,歯,,平2. 12. 1,shika
歯科,34,4030338,中川歯科医院,呉市安浦町中央４丁目４－１,0823-84-6812,中川　淳,中川　淳,歯,,昭62. 5. 1,shika
歯科,34,4030411,おがわ歯科医院,呉市川尻町西１丁目６－３３,0823-87-6480,小川　祐司,小川　祐司,歯　歯外,,平9. 1. 1,shika
歯科,34,4130203,村上歯科医院,尾道市御調町神１４９－２,08487-6-2511,村上　哲,村上　哲,歯,,平6. 11. 1,shika
歯科,34,4130211,よこた歯科医院,尾道市御調町大田７８－１,08487-6-3320,横田　博文,横田　博文,歯,,平6. 12. 1,shika
歯科,34,4130237,柏原ファミリー歯科,尾道市向島町５５８１－２０,0848-45-4618,柏原　太郎,柏原　太郎,歯　小歯,,平13. 3. 1,shika
歯科,34,4230094,正田歯科医院,世羅郡世羅町大字西上原９０－２,08472-2-3530,正田　靖史,正田　靖史,歯,,昭59. 4. 1,shika
歯科,34,4230110,橋本歯科医院,世羅郡世羅町本郷８６７－６,0847-22-3356,橋本　清徳,橋本　清徳,歯,,昭61. 6. 1,shika
歯科,34,4230136,谷川歯科医院,世羅郡世羅町大字本郷字川口３０－７,08472-2-5222,谷川　昌生,谷川　昌生,歯,,平3. 10. 1,shika
歯科,34,4230169,平岡歯科医院,世羅郡世羅町寺町１２２１－１,08472-5-0418,平岡　秀樹,平岡　秀樹,歯,,平13. 4. 1,shika
歯科,34,4230177,みやもと歯科医院,世羅郡世羅町小国３３１９－４,0847-37-2218,宮本　修司,宮本　修司,歯,,平20. 10. 1,shika
歯科,34,4330084,渡辺歯科医院,福山市沼隈町草深１８７０－６,084-987-3888,渡辺　禎之,渡辺　禎之,歯　矯歯　小歯　歯外,,昭56. 3. 1,shika
歯科,34,4430124,佐々木歯科医院,福山市神辺町川南３１７３－１,0849-63-3011,佐々木　治,佐々木　治,歯,,昭53. 11. 1,shika
歯科,34,4430132,すがなみスマイル歯科,福山市神辺町川北領家７１５－７,084-963-1213,菅波　茂夫,菅波　茂夫,歯,,昭56. 11. 1,shika
歯科,34,4430140,渡辺歯科医院,福山市神辺町新徳田３１９,0849-63-1008,渡辺　克彦,渡辺　克彦,歯,,昭57. 11. 1,shika
歯科,34,4430157,横山歯科医院,福山市神辺町川南７４１－５,0849-62-2255,横山　正彦,横山　正彦,歯　小歯,,昭61. 7. 1,shika
歯科,34,4430165,下宮歯科医院,福山市神辺町平野２８－２２、２３,084-963-2016,下宮　聡,下宮　聡,歯,,昭63. 12. 1,shika
歯科,34,4430173,たけまる歯科医院,福山市神辺町湯野２６５－７,084-963-5565,竹丸　曉生,竹丸　曉生,歯　小歯　矯歯,,平元. 7. 1,shika
歯科,34,4430181,片山歯科医院,福山市神辺町川南１０４８－２,0849-62-3575,片山　英彦,片山　英彦,歯　矯歯,,平2. 7. 1,shika
歯科,34,4430207,タケダ歯科医院,福山市神辺町新湯野３丁目５６－１０,0849-63-2790,武田　清孝,武田　清孝,歯,,平7. 8. 1,shika
歯科,34,4430215,すがなみ歯科,福山市神辺町十三軒屋１５８－３,084-960-0180,菅波　秀穂,菅波　秀穂,歯　小歯,,平8. 4. 1,shika
歯科,34,4430223,きたこが歯科医院,福山市神辺町道上２７０１－１,0849-60-0318,北古賀　修,北古賀　修,歯　小歯　歯外,,平9. 7. 1,shika
歯科,34,4430231,きぐち歯科クリニック,福山市神辺町川北１０８２－５,084-960-4180,木口　啓,木口　啓,歯　小歯,,平13. 2. 1,shika
歯科,34,4430249,しばた歯科,福山市神辺町下御領４６８－９,0849-60-1601,柴田　淳正,柴田　淳正,歯,,平13. 3. 1,shika
歯科,34,4530188,いのうえ歯科医院,福山市新市町宮内３６２,0847-52-4188,井上　真吾,井上　眞吾,歯,,平元. 4. 1,shika
歯科,34,4530212,うつみ歯科医院,福山市新市町戸手５８６,0847-51-3111,内海　誠司,内海　誠司,歯　矯歯　小歯,,平6. 6. 1,shika
歯科,34,4530220,たがみ歯科医院,福山市新市町大字戸手７０１－７,0847-52-5678,田上　浩三,田上　浩三,歯　矯歯　小歯　歯外,,平9. 4. 1,shika
歯科,34,4630061,秋山歯科医院,神石郡神石高原町高光２０３２－６,08478-7-0011,秋山　敬三,秋山　敬三,歯　小歯　矯歯,,平15. 5. 1,shika
歯科,34,4630087,塚本歯科医院,神石郡神石高原町安田２２９－８,08478-2-0048,塚本　康雄,塚本　康雄,歯,,昭56. 1. 1,shika
歯科,34,4630103,宮本歯科医院,神石郡神石高原町油木乙１８２１－１,0847-82-2110,宮本　貴文,宮本　貴文,歯,,平2. 11. 1,shika
歯科,34,4630111,小畠歯科医院,神石郡神石高原町小畠１５０３－３,0847-85-2250,安名　孝江,安名　孝江,歯,,平5. 9. 1,shika
歯科,34,4630129,安名歯科医院,神石郡神石高原町下豊松７６２－４,0847-84-2059,角南　昌治,角南　昌治,歯,,平28. 4. 1,shika
歯科,34,4730119,松山歯科クリニック,府中市上下町上下８４５－１,0847-62-4767,松山　多男,松山　多男,歯　矯歯　小歯,,平3. 9. 1,shika
歯科,34,4830182,口歯科医院,三次市布野町上布野１３５１－１９,0824-54-2052,口　久良,口　久良,歯,,平10. 1. 1,shika
歯科,34,4830216,髙本歯科医院,三次市三良坂町三良坂４２５４－１,0824-44-2771,髙本　章司,髙本　章司,歯,,平10. 12. 1,shika
歯科,34,4830224,さとう歯科医院,三次市吉舎町吉舎１５８４－１,0824-43-7888,佐藤　德,佐藤　德,歯　小歯,,平15. 4. 1,shika
歯科,34,4930214,みやじ歯科,庄原市東城町川東１１３４,08477-2-3114,宮地　譲,宮地　譲,歯　歯外　小歯,,平14. 6. 1,shika
歯科,34,4930230,横山歯科医院,庄原市東城町川西７９２－１,08477-2-4018,医療法人社団　横山歯科医院　理事長　横山　勝,横山　勝,歯,,平7. 2. 1,shika
歯科,34,4930263,細川歯科医院,庄原市東城町東城２３８,08477-2-1001,細川　英生,細川　英生,歯　小歯,,平9. 7. 1,shika
薬局,34,0140568,赤松薬局,広島市中区本通８－２９,082-248-2920,赤松製薬有限会社　代表取締役　赤松　正康,赤松　正康,,,平元. 12. 1,yakkyoku
薬局,34,0140923,池田博愛堂薬局,広島市南区出汐１－３－１１,082-254-4910,池田　康彦,井手　真由美,,,昭63. 5. 1,yakkyoku
薬局,34,0141228,有限会社　ヤマキ薬局,広島市南区宇品神田１丁目７－１２,082-251-0873,有限会社　ヤマキ薬局　代表取締役　山木　寛,山木　寛,,,昭62. 3. 17,yakkyoku
薬局,34,0141244,有限会社　向洋薬局,広島市南区向洋中町１－６,082-283-1437,有限会社　向洋薬局　代表取締役　児玉　信子,児玉　信子,,,昭43. 7. 1,yakkyoku
薬局,34,0141392,橋本薬局,広島市中区白島北町１０－１３,082-223-1901,橋本　孝明,橋本　五月,,,平9. 5. 1,yakkyoku
薬局,34,0141525,森薬盛堂薬局本店,広島市中区千田町３－１１－３,082-241-1474,森　文雄,森　文雄,,,昭49. 12. 1,yakkyoku
薬局,34,0141780,（有）竹田薬局,広島市南区東雲本町２丁目３－１９,082-285-0548,（有）竹田薬局　代表取締役　吉田　稔,久保田　圭,,,平15. 4. 1,yakkyoku
薬局,34,0141814,有限会社　ウエムラ薬局,広島市中区住吉町８－２,082-249-2622,有限会社　ウエムラ調剤薬局　代表取締役　岩原　靖夫,上村　仁志,,,昭57. 7. 1,yakkyoku
薬局,34,0141905,光南薬局,広島市中区光南１丁目１３－１１,082-249-0656,山内　純子,山内　純子,,,昭52. 2. 1,yakkyoku
薬局,34,0141954,有限会社　船越調剤薬局,広島市安芸区船越６－３－１９,082-822-9408,有限会社　船越調剤薬局　代表取締役　大島　理恵,津丸　恵千子,,,昭52. 8. 1,yakkyoku
薬局,34,0141988,堀江薬局,広島市南区皆実町１－１８－２,082-254-1693,堀江　良典,堀江　良典,,,平9. 5. 20,yakkyoku
薬局,34,0142168,たかの橋薬局,広島市中区国泰寺町２丁目４－２１,082-249-9120,株式会社　広島調剤センター　代表取締役　山戸　彰哉,山戸　綾美,,,平14. 7. 1,yakkyoku
薬局,34,0142184,ケンコー薬局,広島市南区東雲３丁目５－３６,082-283-1908,西村　和貴,西村　和貴,,,昭54. 9. 1,yakkyoku
薬局,34,0142259,有限会社　三香薬局,広島市東区矢賀新町５－３－２４,082-281-1144,有限会社　三香　取締役　西藤　典子,西藤　典子,,,昭61. 5. 6,yakkyoku
薬局,34,0142374,有限会社タケダ薬局,広島市中区八丁堀１１－１５,082-227-4620,（有）タケダ薬局　代表取締役　吉田　稔,坂井　良佳,,,平10. 12. 1,yakkyoku
薬局,34,0142572,国泰寺薬局,広島市中区国泰寺町２丁目３－６,082-241-4514,有限会社　国泰寺薬局　取締役　鈴木　明,万德　真子,,,平20. 6. 1,yakkyoku
薬局,34,0142762,エスマイル薬局なか調剤店,広島市中区国泰寺町１丁目５－１８,082-245-9565,株式会社　エスマイル　代表取締役　大下　訓生,宮田　舞子,,,平4. 8. 1,yakkyoku
薬局,34,0142952,くすりのヤマト基町店,広島市中区基町１９－２－４７０,082-227-3623,（株）ヤマト　代表取締役　藤村　義則,藤村　義則,,,昭60. 7. 1,yakkyoku
薬局,34,0143075,すみれ薬局神田店,広島市南区宇品神田２－１４－２２,082-253-7891,有限会社田所ファーマシー　代表取締役　田所　俊也,田所　俊也,,,平2. 3. 1,yakkyoku
薬局,34,0143208,東蟹屋調剤薬局,広島市東区東蟹屋町１０－１,082-261-1317,株式会社　リライアンス　代表取締役　重松　朋哉,新川　愛未,,,昭63. 7. 1,yakkyoku
薬局,34,0143216,大手町調剤薬局,広島市中区大手町３丁目１３－８,082-240-8110,有限会社オーエス　代表取締役　今井　直美,今井　直美,,,平元. 3. 1,yakkyoku
薬局,34,0143307,有限会社　東部薬局,広島市南区東本浦町４－２７,082-283-7415,（有）東部薬局　代表取締役　丸山　洋子,本田　敏美,,,平元. 3. 1,yakkyoku
薬局,34,0143331,有限会社　富士薬局,広島市安芸区中野５－１７－１５,082-892-2899,有限会社　富士薬局　代表取締役　岸田　充,岸田　充,,,平元. 4. 1,yakkyoku
薬局,34,0143554,ひまわり薬局,広島市南区比治山本町１６－３５,082-254-7611,株式会社リライアンス　代表取締役　重松　朋哉,野口　宏美,,,平2. 7. 1,yakkyoku
薬局,34,0143562,アプコ調剤薬局,広島市中区新天地４－６　赤松ビル１Ｆ,082-249-0093,アプコ株式会社　代表取締役　岡田　啓司,市村　智恵,,,平17. 9. 1,yakkyoku
薬局,34,0143588,薬局アップルファーマシー,広島市南区段原南２丁目１２－２８,082-263-8156,有限会社アップル・パイ　木村　昌彦,木村　忍,,,平3. 1. 1,yakkyoku
薬局,34,0143620,すずらん薬局,広島市中区袋町４－６,082-244-6467,株式会社　ホロン　代表取締役　古屋　裕一,花本　万菜美,,,平12. 5. 1,yakkyoku
薬局,34,0143661,段原薬局,広島市南区段原南２丁目３－２４,082-261-5801,有限会社ホンゴウ　代表取締役　竹本　信広,出口　良平,,,平7. 6. 1,yakkyoku
薬局,34,0143687,衆方堂薬局,広島市中区千田町３丁目９－１５,082-246-0686,株式会社風行　代表取締役　福本　彩,福本　彩,,,平4. 12. 1,yakkyoku
薬局,34,0143752,サンヨーファーマシー中野薬局,広島市安芸区中野５丁目１３－３２,082-893-3402,有限会社サンヨーファーマシー　取締役　畠山　美智子,畠山　美智子,,,平7. 2. 1,yakkyoku
薬局,34,0143778,ノムラ薬局牛田店,広島市東区牛田早稲田１丁目８－４,082-223-7002,有限会社ノムラ調剤薬局　代表取締役　野村　祐仁,岩本　義浩,,,平5. 1. 1,yakkyoku
薬局,34,0143836,スマイル薬局,広島市南区宇品御幸３丁目１－６,082-253-9383,有限会社スマイル薬局　代表取締役　陣﨑　道子,陣﨑　道子,,,平7. 8. 1,yakkyoku
薬局,34,0143851,クリーン調剤薬局,広島市東区中山東１丁目５－９,082-289-0426,前野　節子,前野　行計,,,平5. 8. 1,yakkyoku
薬局,34,0143976,ハロー薬局,広島市南区出汐１丁目５－１７,082-252-5586,株式会社　サザンクロス　代表取締役　井手　佐,岡　真知子,,,平6. 2. 1,yakkyoku
薬局,34,0143984,コスモ薬局,広島市中区大手町３丁目６－４カルチェ大手町１Ｆ,082-541-5043,有限会社コスモ・メディカル　代表取締役　岩田　久夫,坂田　諭,,,平8. 10. 1,yakkyoku
薬局,34,0144065,アロー薬局瀬野川店,広島市安芸区中野東１丁目１１－３１,082-892-4700,有限会社　広島アロー　取締役　前田　幹雄,平川　真里,,,平7. 1. 1,yakkyoku
薬局,34,0144107,有限会社デポ薬局,広島市中区富士見町１２－１５（原野ビル１階）,082-542-6864,有限会社デポ薬局　代表取締役　中村　行作,中村　行作,,,平7. 4. 1,yakkyoku
薬局,34,0144149,アルカス薬局,広島市東区牛田本町１丁目４－７,082-221-5510,有限会社　ケン企画　代表取締役　表　幸治,三原　孝二,,,平13. 4. 1,yakkyoku
薬局,34,0144164,中野中央薬局,広島市安芸区中野東１丁目２０－２５,082-892-4502,有限会社スマイル　代表取締役　塩満　清史,安河内　仁,,,平7. 6. 1,yakkyoku
薬局,34,0144198,紀美薬局,広島市東区温品６丁目３－１８,082-289-9453,有限会社　紀美薬局　代表取締役　吉野　一宏,胡麻田　隆志,,,平19. 1. 1,yakkyoku
薬局,34,0144222,そうごう薬局尾長東店,広島市東区尾長東２丁目７－２９,082-262-1861,総合メディカル株式会社　代表取締役　多田　荘一郎,前　宏起,,,平9. 5. 1,yakkyoku
薬局,34,0144230,有限会社　鞍掛薬局,広島市中区光南１丁目１６－２１,082-247-5840,有限会社　鞍掛薬局　代表取締役　水谷　浩,水谷　浩,,,平7. 12. 1,yakkyoku
薬局,34,0144263,（有）エヌ・イー・ピーかもめ薬局,広島市南区宇品神田２丁目３－１９メゾン八幡１Ｆ,082-254-9613,有限会社エヌ・イー・ピー　代表取締役　大下　幹登,井上　博孝,,,平8. 2. 1,yakkyoku
薬局,34,0144370,あおば薬局,広島市南区松川町３－１０,082-263-2221,有限会社あおば　取締役　川上　慶彰,川口　久美子,,,平8. 8. 1,yakkyoku
薬局,34,0144396,リバーサイド薬局,広島市南区稲荷町３－２０トーレ稲荷町１Ｆ,082-261-6280,有限会社　ユーヴ　代表取締役　河野　信夫,平井　正巳,,,平9. 2. 1,yakkyoku
薬局,34,0144404,白木薬局,広島市安佐北区白木町大字小越字中田１９４－９,082-828-3884,有限会社直方メディカルサービス　代表取締役　水口　洋輝,樫本　知子,,,平8. 9. 1,yakkyoku
薬局,34,0144438,有限会社アーニスト瀬野薬局,広島市安芸区瀬野１丁目２６－３,082-894-2662,有限会社アーニスト　代表取締役　北谷　修一,北谷　修一,,,平9. 2. 1,yakkyoku
薬局,34,0144453,あい愛薬局,広島市南区東本浦町２３－２２,082-286-8246,有限会社　Ｍ．Ｓ．Ｋ　代表取締役　大原　みゆき,曽根　恭子,,,平9. 3. 1,yakkyoku
薬局,34,0144461,マリン薬局宇品店,広島市南区宇品西２丁目５－５,082-255-1193,マリン薬局株式会社　代表取締役　野﨑　貴志,中谷　有香,,,平9. 4. 1,yakkyoku
薬局,34,0144495,タウン薬局　安芸中野店,広島市安芸区中野３丁目９－６,082-892-3388,Ｔ＆Ｔタウンファーマ株式会社　代表取締役　藤井　正大,小林　弘司,,,平9. 6. 1,yakkyoku
薬局,34,0144529,平原薬局,広島市安芸区中野東５丁目１－２,082-892-0903,永野　純雄,永野　弘子,,,平17. 9. 1,yakkyoku
薬局,34,0144552,アスト薬局,広島市中区鶴見町１４－２清水ビル１０１号,082-248-3434,有限会社　西越　代表取締役　合原　憲太,合原　憲太,,,平9. 9. 1,yakkyoku
薬局,34,0144578,アスカ薬局,広島市東区愛宕町１－１０,082-264-3979,有限会社ライカ薬局　代表取締役　吉田　康弘,山口　尚史,,,平9. 10. 1,yakkyoku
薬局,34,0144594,くらかけ薬局,広島市南区青崎１丁目８－８,082-288-3246,有限会社　鞍掛薬局　代表取締役　水谷　浩,水谷　志穂,,,平9. 12. 1,yakkyoku
薬局,34,0144602,コスモス薬局チュリス八丁堀店,広島市中区八丁堀６－７,082-222-7336,株式会社　リライアンス　代表取締役　重松　朋哉,迫田　紫織,,,平9. 12. 1,yakkyoku
薬局,34,0144610,みどり坂薬局,広島市安芸区瀬野２丁目１２－１３,082-894-3344,株式会社　ゆうしん　代表取締役　江種　俊文,永冨　裕太,,,平18. 1. 1,yakkyoku
薬局,34,0144685,タカタ薬局上東雲店,広島市南区上東雲町３３－７中川ビル１Ｆ,082-288-8580,有限会社　タカタ薬局　代表取締役　髙田　紀子,髙田　政則,,,平10. 5. 1,yakkyoku
薬局,34,0144735,有限会社　ハート薬局,広島市安芸区船越南２丁目１７－１,082-824-3044,有限会社　ハート薬局　取締役　市川　知絵,西川　京子,,,平10. 7. 1,yakkyoku
薬局,34,0144743,マツイ薬局,広島市南区段原３－３－２９,082-261-8180,有限会社　マツイ薬局　代表取締役　岡野　達慈,藤原　欄紫,,,平10. 7. 1,yakkyoku
薬局,34,0144818,アイ薬局,広島市南区仁保新町１丁目９－１４,082-286-5101,有限会社　Ｍ．Ｓ．Ｋ　代表取締役　大原　みゆき,大原　みゆき,,,平10. 10. 1,yakkyoku
薬局,34,0144834,チャオ薬局,広島市東区光町２丁目４－８,082-506-2525,有限会社　ヤマオコーポレーション　代表取締役　山尾　ひとみ,千崎　幸穂,,,平10. 12. 1,yakkyoku
薬局,34,0144867,ひらあき薬局,広島市安芸区畑賀３－２９－２,082-827-0580,平昭　栄司,平昭　栄司,,,平11. 6. 1,yakkyoku
薬局,34,0144974,純薬（株）東雲アゼリア薬局,広島市南区東雲本町２－１３－３２クレールＤＡＴＥ,082-890-3837,純薬株式会社　代表取締役　橋井　郁男,田中　環,,,平11. 12. 1,yakkyoku
薬局,34,0145047,ひかり薬局,広島市安佐北区白木町三田７００５－２,082-810-6060,株式会社フォーリーフ　代表取締役　藤川　久美子,中道　慶太,,,平16. 11. 1,yakkyoku
薬局,34,0145054,ひとみ薬局,広島市中区基町１８番４－２,082-224-5978,有限会社加島薬品　代表取締役　加島　直,片田　紘貴,,,平12. 5. 1,yakkyoku
薬局,34,0145138,ホープ薬局,広島市南区宇品神田１丁目１－１８,082-256-6322,有限会社　ホープ　取締役　茶木　桃華,茶木　桃華,,,平12. 9. 1,yakkyoku
薬局,34,0145229,ファーマシィ薬局宇品神田,広島市南区宇品神田１丁目４－３オオタビル１階,082-250-5740,株式会社　ファーマシィ　代表取締役　武田　輝美,和田　美智代,,,平12. 12. 1,yakkyoku
薬局,34,0145237,コスモ薬局　白島店,広島市中区白島北町１０－４,082-502-6180,有限会社　コスモ・メディカル　代表取締役　岩田　久夫,佐伯　裕美,,,平14. 4. 1,yakkyoku
薬局,34,0145278,かりん薬局,広島市中区千田町１丁目７－１１,082-545-9770,有限会社　シトラス　代表取締役　李　松子,李　松子,,,平14. 3. 1,yakkyoku
薬局,34,0145351,日本調剤　みどり町薬局,広島市南区翠５－１７－１０,082-250-7651,日本調剤株式会社　代表取締役　小城　和紀,関山　愛子,,,平13. 8. 1,yakkyoku
薬局,34,0145385,コスモス薬局　紙屋町店,広島市中区紙屋町２丁目２－６,082-240-3100,株式会社　リライアンス　代表取締役　重松　朋哉,金山　拓矢,,,平13. 10. 1,yakkyoku
薬局,34,0145443,ベスト薬局府中店,広島市東区矢賀新町３丁目１－３,082-284-4643,有限会社　ベスト薬局　代表取締役　政岡　醇,政岡　醇,,,平14. 1. 1,yakkyoku
薬局,34,0145476,ふくだタカズミ薬局,広島市東区福田１丁目４２４５－２第二谷口ビル１Ｆ,082-883-0030,有限会社　ユーヴ　代表取締役　河野　信夫,相原　香,,,平14. 4. 1,yakkyoku
薬局,34,0145484,矢野全快堂薬局,広島市安芸区矢野南３丁目１－３,082-889-5535,株式会社　全快堂　代表取締役　柏木　承子,伊延　文博,,,平14. 4. 1,yakkyoku
薬局,34,0145500,コスモス八丁堀薬局,広島市中区鉄砲町１０－１８,082-227-1289,株式会社　リライアンス　代表取締役　重松　朋哉,岡田　絵梨,,,平14. 5. 1,yakkyoku
薬局,34,0145526,ひよこ薬局,広島市南区出汐１丁目５－１４,082-250-6346,有限会社　佐々木オフィシャルコンセント　代表取締役　佐々木　寛明,阿川　愛,,,平14. 6. 1,yakkyoku
薬局,34,0145575,ハーティ薬局　幟町店,広島市中区幟町１３－４広島マツダビル１階,082-511-7400,イービーエス株式会社　代表取締役　道下　太英子,本家　久嗣,,,平14. 6. 1,yakkyoku
薬局,34,0145641,上野薬局,広島市東区愛宕町３－２２,082-261-0494,平野　恵子,平野　恵子,,,平14. 9. 1,yakkyoku
薬局,34,0145666,富士見町　りんご薬局,広島市中区富士見町２－２０チサンマンション１０１号,082-242-7455,有限会社　ワカギリ　代表取締役　茶木　礼子,茶木　礼子,,,平14. 12. 1,yakkyoku
薬局,34,0145682,ノムラ薬局　牛田旭店,広島市東区牛田旭１丁目１３－１２－１０１,082-511-7833,有限会社　ノムラ調剤薬局　代表取締役　野村　祐仁,中川　潤子,,,平15. 2. 1,yakkyoku
薬局,34,0145732,ベスト薬局　大手町店,広島市中区大手町５丁目２－２２－１０２,082-247-7775,有限会社　ベスト薬局　代表取締役　政岡　醇,神川　直美,,,平15. 4. 1,yakkyoku
薬局,34,0145740,ルピナス薬局,広島市南区仁保新町１丁目４－１２,082-510-1551,有限会社　ルピナス薬局　取締役　加藤　邦樹,浅場　仁子,,,平15. 4. 1,yakkyoku
薬局,34,0145765,マナー薬局,広島市南区段原１丁目７－８,082-568-6611,有限会社パリアンジャパン　代表取締役　山尾　茉椰,山尾　翔,,,平15. 5. 1,yakkyoku
薬局,34,0145781,船越南どんぐり薬局,広島市安芸区船越南３丁目２５－２８,082-821-0203,有限会社　ゴーダカンパニー　代表取締役　郷田　克也,奥田　貴暁,,,平15. 6. 1,yakkyoku
薬局,34,0145799,レモン薬局,広島市中区新天地５－１２－１Ｆ,082-245-4500,有限会社　アイ・ファーマシー　代表取締役　末野　光春,石見　崚,,,平15. 7. 1,yakkyoku
薬局,34,0145807,コスモス薬局紙屋町東店,広島市中区紙屋町１丁目１－１７広島ミッドタウンビル１階,082-543-2555,株式会社　リライアンス　代表取締役　重松　朋哉,脇野　薫,,,平15. 7. 1,yakkyoku
薬局,34,0145823,牛田中薬局,広島市東区牛田中１丁目７番２８－２号,082-221-0221,有限会社　エシカル　取締役　小野　擴,小野　良子,,,平15. 12. 1,yakkyoku
薬局,34,0145864,ドラッグプラスアルファ薬局,広島市中区基町６－７８ＮＴＴクレド基町ビルパセーラＢ１Ｆ,082-502-3306,有限会社　広貫堂　代表取締役　二川　勝,二川　洋子,,,平16. 4. 1,yakkyoku
薬局,34,0145880,京橋薬局,広島市南区京橋町１－２　新京橋ビル５Ｆ,082-261-7873,有限会社　加島薬品　代表取締役　加島　直,川立　竜彦,,,平16. 6. 1,yakkyoku
薬局,34,0145922,なのはな薬局,広島市東区福田５丁目１１６８－３,082-899-6005,株式会社あすか　代表取締役　谷口　善繁,髙田　彰弘,,,平16. 8. 1,yakkyoku
薬局,34,0145930,すずらん薬局　吉島店,広島市中区吉島東１－４－１７,082-241-6246,株式会社　ホロン　代表取締役　古屋　裕一,保﨑　泰秀,,,平16. 9. 1,yakkyoku
薬局,34,0145948,コスモス薬局　温品店,広島市東区温品７丁目５－２７,082-508-4225,株式会社　リライアンス　代表取締役　重松　朋哉,中元　マリ子,,,平16. 9. 1,yakkyoku
薬局,34,0145971,パンダ薬局,広島市東区若草町９－６－１０２,082-568-0100,有限会社　トスペンテ　代表取締役　野村　伸昭,野村　伸昭,,,平17. 1. 1,yakkyoku
薬局,34,0145997,トワニー薬局,広島市南区出汐１丁目１２－２５,082-254-1002,株式会社　サザンクロス　代表取締役　井手　佐,池田　純子,,,平18. 2. 1,yakkyoku
薬局,34,0146011,オール薬局　翠町店,広島市南区翠３丁目６－４,082-255-8820,マイライフ株式会社　代表取締役　糸賀　誠,上塚　由希,,,平17. 5. 1,yakkyoku
薬局,34,0146029,なのはな薬局,広島市安芸区中野東４丁目１８－１,082-893-6370,有限会社　トラスト調剤　代表取締役　吉田　稔,前田　昭達,,,平17. 6. 1,yakkyoku
薬局,34,0146052,タカタ薬局　東雲本町店,広島市南区東雲本町２丁目７－１５,082-285-8776,有限会社　タカタ薬局　代表取締役　髙田　紀子,小笠原　秀公,,,平17. 9. 1,yakkyoku
薬局,34,0146060,コスモス薬局　グランドタワー店,広島市中区上八丁堀４－１　グランドタワー１Ｆ,082-212-0025,株式会社　リライアンス　代表取締役　重松　朋哉,重信　亜耶,,,平17. 10. 1,yakkyoku
薬局,34,0146177,そらいろ薬局　吉島店,広島市中区吉島東１丁目２３－１０,082-881-0808,有限会社　そらいろ薬局　代表取締役　吉川　勇人,田中　裕也,,,平18. 4. 1,yakkyoku
薬局,34,0146227,温品スマイル薬局,広島市東区温品４丁目６－１１,082-508-6088,有限会社　スマイル　代表取締役　塩満　清史,西本　郁子,,,平18. 7. 1,yakkyoku
薬局,34,0146250,パール薬局　白木店,広島市安佐北区白木町大字三田４２６９－１,082-829-0189,有限会社　リガール　代表取締役　松本　一郎,斉本　教賢,,,平18. 10. 1,yakkyoku
薬局,34,0146268,センター薬局,広島市中区基町６－２７,082-225-3305,株式会社　センターファマシー　取締役社長　山影　滋,前田　由美,,,平18. 10. 1,yakkyoku
薬局,34,0146276,コスモス薬局　白島店,広島市中区西白島町７－２４,082-502-2220,株式会社　リライアンス　代表取締役　重松　朋哉,宗像　麻理奈,,,平18. 11. 1,yakkyoku
薬局,34,0146284,あおぞら薬局　電車通り店,広島市中区千田町１丁目９－５,082-543-5656,有限会社　アプレックス　代表取締役　久保　和浩,伊藤　恵子,,,平18. 11. 1,yakkyoku
薬局,34,0146292,立町薬局,広島市中区立町４－２　大橋ビル２Ｆ,082-545-7767,株式会社　ＪＵＮＳＨＩＮ　代表取締役　竹光　純子,竹光　純子,,,平18. 11. 1,yakkyoku
薬局,34,0146300,すずらん薬局　本店,広島市中区袋町４－１,082-545-4711,株式会社　ホロン　代表取締役　古屋　裕一,佐々木　華子,,,平19. 1. 1,yakkyoku
薬局,34,0146342,すずらん薬局　紙屋町ビル店,広島市中区紙屋町２丁目２－２,082-545-5017,株式会社　ホロン　代表取締役　古屋　裕一,杉本　祥子,,,平19. 4. 1,yakkyoku
薬局,34,0146375,大手町スマイル薬局,広島市中区大手町３丁目１３－３３,082-545-3432,有限会社　メディスン　代表取締役　橋井　郁男,木村　厚子,,,平19. 5. 1,yakkyoku
薬局,34,0146391,ひかりが丘薬局,広島市東区光が丘１２－９,082-261-6033,株式会社　全快堂　代表取締役　柏木　承子,赤木　典子,,,平19. 7. 1,yakkyoku
薬局,34,0146417,コスモス薬局　本通店,広島市中区本通３－２３,082-546-0018,株式会社　リライアンス　代表取締役　重松　朋哉,波多江　惠子,,,平19. 7. 1,yakkyoku
薬局,34,0146458,コスモス薬局　大手町店,広島市中区大手町２丁目１－４　広島本通マークビル６階,082-544-0303,株式会社　リライアンス　代表取締役　重松　朋哉,山田　浩志,,,平19. 9. 1,yakkyoku
薬局,34,0146474,エスマイル薬局県庁駅前店,広島市中区基町１０－９０,082-511-7061,株式会社　エスマイル　代表取締役　大下　訓生,田中　安紗美,,,平19. 10. 1,yakkyoku
薬局,34,0146482,のぞみ薬局,広島市南区東雲３丁目５－２１,082-510-0550,株式会社　のぞみ　代表取締役　吉田　恭子,吉田　敬三,,,平19. 10. 1,yakkyoku
薬局,34,0146508,すずらん薬局　船越店,広島市安芸区船越南２丁目１８－９,082-821-3030,株式会社　ホロン　代表取締役　古屋　裕一,山崎　志穂,,,平19. 11. 1,yakkyoku
薬局,34,0146532,あさひ町薬局,広島市南区西旭町８－６,082-250-1331,株式会社　中央ファーマシー　代表取締役　山戸　恒枝,久保木　寛人,,,平19. 12. 1,yakkyoku
薬局,34,0146540,コスモス薬局　紙屋町西店,広島市中区紙屋町２－２－２５大野ビル２階,082-546-0026,株式会社　リライアンス　代表取締役　重松　朋哉,雨宮　華,,,平20. 2. 1,yakkyoku
薬局,34,0146557,有限会社　有朋堂薬局,広島市東区戸坂出江１丁目１－５,082-220-2783,有限会社　有朋堂薬局　代表取締役　山本　剛緒,山下　葉子,,,平20. 3. 1,yakkyoku
薬局,34,0146573,あおぞら薬局　向洋店,広島市南区向洋本町１０－２５,082-890-8877,株式会社　ライジング企画広島　代表取締役　鈴木　明,鎌田　里佳,,,平20. 4. 14,yakkyoku
薬局,34,0146599,仙境堂薬局,広島市東区戸坂中町４－１－１０２,082-502-5105,株式会社　仙境堂薬局　代表取締役　松崎　泰司,北垣　敦子,,,平20. 4. 1,yakkyoku
薬局,34,0146615,レデイ薬局　矢野駅前店,広島市安芸区矢野西４丁目３番１５－１０１号,082-889-4511,株式会社　レデイ薬局　代表取締役　藤田　和郎,中本　史恵,,,平20. 4. 1,yakkyoku
薬局,34,0146664,仙境堂薬局　戸坂店,広島市東区戸坂千足１－２２－９,082-516-1191,株式会社　仙境堂薬局　代表取締役　松崎　泰司,平田　智加子,,,平20. 9. 1,yakkyoku
薬局,34,0146680,アクア薬局　本通店,広島市中区本通７－２９,082-544-1011,株式会社　ネクサス　代表取締役　川上　慶彰,髙田　光子,,,平20. 9. 1,yakkyoku
薬局,34,0146706,フロウリッシュ薬局,広島市南区宇品西５丁目１２－４４,082-555-3369,有限会社　ミック　取締役　松本　恭明,樽本　修人,,,平20. 11. 1,yakkyoku
薬局,34,0146714,コスモス薬局　京口門店,広島市中区八丁堀１２－１０　Ｊシティ八丁堀１階　ＡＢ号室,082-212-1595,株式会社　リライアンス　代表取締役　重松　朋哉,中村　友絵,,,平20. 12. 1,yakkyoku
薬局,34,0146730,キクイチ薬局,広島市南区比治山町６－１４,082-262-1788,菊一　瓔子,菊一　瓔子,,,平21. 4. 1,yakkyoku
薬局,34,0146748,コスモス薬局　胡町店,広島市中区胡町４－２８胡町ビルディング１階,082-504-8222,株式会社　リライアンス　代表取締役　重松　朋哉,沖野　智美,,,平21. 4. 1,yakkyoku
薬局,34,0146771,オズ薬局　翠町店,広島市南区翠２丁目５－８,082-256-2811,株式会社　キオラ　代表取締役　大迫　睦己,本郷　博子,,,平21. 6. 1,yakkyoku
薬局,34,0146797,株式会社ジェイ・ウィル　さくら薬局戸坂店,広島市東区戸坂中町６－２８,082-847-5001,株式会社　ジェイ・ウィル　代表取締役　大下　幹登,伊手　正和,,,平21. 8. 1,yakkyoku
薬局,34,0146839,みつばち薬局,広島市中区千田町１丁目１２番１号,082-543-5050,株式会社　薬明館　代表取締役　矢部　薫子,遠藤　圭一郎,,,平21. 10. 1,yakkyoku
薬局,34,0146862,南蟹屋れもん薬局,広島市南区南蟹屋１－３－３５,082-510-3400,株式会社　ユーワ　代表取締役　吉川　正男,福長　靖子,,,平22. 1. 1,yakkyoku
薬局,34,0146912,中山セロリ薬局,広島市東区中山東２－２－３３,082-508-4002,株式会社　ユーワ　代表取締役　吉川　正男,山田　京子,,,平22. 1. 1,yakkyoku
薬局,34,0146920,白島みつば薬局,広島市中区白島中町１２－２３,082-511-0606,株式会社　ユーワ　代表取締役　吉川　正男,黒川　拓哉,,,平22. 1. 1,yakkyoku
薬局,34,0146946,ミント薬局　仁保店,広島市南区仁保新町１丁目８－１０,082-890-7377,株式会社　ＳＩＮＣＥＲＥＬＹ　代表取締役　谷口　善繁,濱口　尚子,,,平22. 3. 1,yakkyoku
薬局,34,0146953,ウォンツ下温品薬局,広島市東区温品７－１１－３４,082-289-0023,株式会社ツルハグループドラッグ＆ファーマシー西日本　代表取締役社長　村上　正一,髙野　恭楓,,,平22. 3. 1,yakkyoku
薬局,34,0146979,ウォンツ薬局　日赤病院前店,広島市中区千田町１－７－１０,082-543-2901,株式会社ツルハグループドラッグ＆ファーマシー西日本　代表取締役社長　村上　正一,菅近　真一,,,平22. 3. 1,yakkyoku
薬局,34,0146987,ウォンツ薬局　鉄砲町店,広島市中区鉄砲町９－１０,082-511-0756,株式会社ツルハグループドラッグ＆ファーマシー西日本　代表取締役社長　村上　正一,小泉　將人,,,平22. 3. 1,yakkyoku
薬局,34,0146995,ウォンツ薬局　光町店,広島市東区光町２－７－１７,082-568-5525,株式会社ツルハグループドラッグ＆ファーマシー西日本　代表取締役社長　村上　正一,上野　靖明,,,平22. 3. 1,yakkyoku
薬局,34,0147001,ウォンツ吉島薬局,広島市中区吉島西２－１５－１２,082-546-0655,株式会社ツルハグループドラッグ＆ファーマシー西日本　代表取締役社長　村上　正一,村上　佑衣,,,平22. 3. 1,yakkyoku
薬局,34,0147019,ウォンツ八丁堀薬局,広島市中区八丁堀１１－８,082-512-0017,株式会社ツルハグループドラッグ＆ファーマシー西日本　代表取締役社長　村上　正一,浦山　詩織,,,平22. 3. 1,yakkyoku
薬局,34,0147027,ウォンツ平和大通り薬局,広島市中区中町７－１６,082-545-5157,株式会社ツルハグループドラッグ＆ファーマシー西日本　代表取締役社長　村上　正一,長倉　典,,,平22. 3. 1,yakkyoku
薬局,34,0147043,有限会社　竹田薬局　バス通り店,広島市南区東雲本町１丁目１２－６　１０３,082-236-3637,有限会社竹田薬局　代表取締役　吉田　稔,岡本　良太,,,平22. 4. 1,yakkyoku
薬局,34,0147068,あんず薬局　仁保店,広島市南区仁保新町２丁目４－６－１０３号,082-284-7730,有限会社　コア　取締役　柏木　悦徳,古谷　暁子,,,平22. 7. 1,yakkyoku
薬局,34,0147076,コスモス薬局　大手町南店,広島市中区大手町４－１－１　大手町平和ビル１階,082-504-7222,株式会社　リライアンス　代表取締役　重松　朋哉,濵本　朱梨,,,平22. 8. 1,yakkyoku
薬局,34,0147092,オール薬局　宇品店,広島市南区宇品西３丁目１－４５－１,082-250-2777,マイライフ株式会社　代表取締役　糸賀　誠,穐山　亜里紗,,,平22. 9. 1,yakkyoku
薬局,34,0147100,コスモス薬局　たかの橋店,広島市中区大手町５－２－１５高田ビル１階,082-504-7377,株式会社　リライアンス　代表取締役　重松　朋哉,春森　千佳,,,平22. 10. 1,yakkyoku
薬局,34,0147118,ウォンツ　フォレオ広島東薬局,広島市東区温品１－３－２,082-508-6686,株式会社ツルハグループドラッグ＆ファーマシー西日本　代表取締役社長　村上　正一,高垣　尚生,,,平22. 12. 1,yakkyoku
薬局,34,0147126,安芸畑賀薬局,広島市安芸区畑賀２丁目２２－３６,082-820-6088,一般社団法人　安芸薬剤師会　代表理事　二川　勝,井藤　直史,,,平23. 1. 12,yakkyoku
薬局,34,0147142,さわやか薬局,広島市南区東本浦町２２－２９,082-258-2303,株式会社　ゆうしん　代表取締役　江種　俊文,古元　陽子,,,平23. 2. 1,yakkyoku
薬局,34,0147159,トータス薬局　比治山店,広島市南区比治山本町１１－１８,082-250-0250,有限会社トータス薬局　取締役　山戸　彰哉,長谷川　朋子,,,平23. 4. 1,yakkyoku
薬局,34,0147167,あすか薬局　幟町店,広島市中区幟町５－２５－１０４号,082-555-8800,有限会社　ビリーブ　代表取締役　中上　智,隅田　利彦,,,平23. 5. 1,yakkyoku
薬局,34,0147175,コスモス薬局,広島市中区八丁堀１－１２マスキ八丁堀ビル１階,082-223-5288,株式会社　リライアンス　代表取締役　重松　朋哉,住本　卓也,,,平23. 6. 1,yakkyoku
薬局,34,0147183,ウォンツ地下街シャレオ薬局,広島市中区基町地下街１０５号,082-545-6577,株式会社ツルハグループドラッグ＆ファーマシー西日本　代表取締役社長　村上　正一,政岡　実幸,,,平23. 7. 1,yakkyoku
薬局,34,0147191,フジミ薬局,広島市中区富士見町５－５,082-246-4650,有限会社ホンゴウ　代表取締役　竹本　信広,田中　章典,,,平23. 8. 1,yakkyoku
薬局,34,0147209,あすか薬局　温品店,広島市東区温品１丁目２番４４号,082-847-6168,有限会社　ビリーブ　代表取締役　中上　智,山﨑　健司,,,平23. 8. 1,yakkyoku
薬局,34,0147225,広島南薬局,広島市南区宇品神田１丁目４－２,082-251-0034,一般社団法人広島市薬剤師会　代表理事　中野　真豪,大谷　純一,,,平23. 8. 1,yakkyoku
薬局,34,0147241,コスモス薬局　日赤病院前,広島市中区千田町１－９－１先本ビル１階,082-543-5001,株式会社リライアンス　代表取締役　重松　朋哉,日髙　征幸,,,平23. 10. 1,yakkyoku
薬局,34,0147266,エスマイル薬局東雲店,広島市南区東雲本町２丁目１番８号,082-284-5210,株式会社エスマイル　代表取締役　大下　訓生,石津　恵子,,,平23. 10. 1,yakkyoku
薬局,34,0147274,エスマイル薬局平和店,広島市安芸区船越南３－６－１３,082-821-0234,株式会社エスマイル　代表取締役　大下　訓生,草本　彩香,,,平23. 10. 1,yakkyoku
薬局,34,0147282,矢賀薬局,広島市東区矢賀１丁目１－３２,082-890-5617,株式会社エスマイル　代表取締役　大下　訓生,大窪　舞,,,平23. 10. 1,yakkyoku
薬局,34,0147340,イオン薬局広島段原店,広島市南区段原南１－３－５２　２階,082-535-5703,イオンリテール株式会社　代表取締役　古澤　康之,松尾　基央,,,平24. 1. 4,yakkyoku
薬局,34,0147365,コスモス薬局　光南店,広島市中区光南１丁目１１番１１号,082-545-2525,株式会社リライアンス　代表取締役　重松　朋哉,武下　真奈美,,,平24. 2. 1,yakkyoku
薬局,34,0147373,そうごう薬局　フジグラン広島店,広島市中区宝町２番１号　フジグラン広島４階,082-545-1651,総合メディカル株式会社　代表取締役　多田　荘一郎,中根　潤,,,平24. 3. 1,yakkyoku
薬局,34,0147399,温品キララ薬局,広島市東区温品７丁目１２－２１,082-824-8745,株式会社　ネクサス　代表取締役　川上　慶彰,田中　沙希子,,,平24. 3. 1,yakkyoku
薬局,34,0147423,ベスト薬局　温品店,広島市東区温品５丁目２－２２,082-289-6943,有限会社　ベスト薬局　代表取締役　政岡　醇,飯尾　浩司,,,平24. 5. 1,yakkyoku
薬局,34,0147456,ウォンツ薬局　光町２号店,広島市東区光町１－９－２８,082-568-1727,株式会社　ツルハグループ　ドラッグ＆ファーマシー西日本　代表取締役社長　村上　正一,三浦　和也,,,平24. 8. 1,yakkyoku
薬局,34,0147472,ウォンツ宇品東薬局,広島市南区宇品東２－３－１８,082-250-3385,株式会社ツルハグループドラッグ＆ファーマシー西日本　代表取締役社長　村上　正一,津　咲,,,平24. 10. 1,yakkyoku
薬局,34,0147480,有限会社　ライカ薬局,広島市南区段原一丁目３番１２号,082-261-2977,有限会社　ライカ薬局　代表取締役　吉田　康弘,吉田　康弘,,,平24. 11. 12,yakkyoku
薬局,34,0147498,コスモス薬局　宝町店,広島市中区宝町４番７号笹尾ビル１階,082-248-2121,株式会社　リライアンス　代表取締役　重松　朋哉,石田　久美子,,,平24. 11. 1,yakkyoku
薬局,34,0147514,イオン薬局　みゆき店,広島市南区宇品御幸一丁目９番１２号,082-500-5831,イオンリテール株式会社　代表取締役　古澤　康之,松並　賜実,,,平24. 12. 1,yakkyoku
薬局,34,0147522,ピーチ薬局　鉄砲町店,広島市中区鉄砲町３番１８号,082-222-2336,株式会社　楓ファーマシー　代表取締役　日浦　克也,中重　まひろ,,,平24. 12. 1,yakkyoku
薬局,34,0147563,コストコホールセール広島倉庫店薬局,広島市南区南蟹屋二丁目３番４号,082-890-0855,コストコホールセールジャパン株式会社　代表取締役　ケリー・ライアン・ハント,今田　早紀,,,平25. 3. 1,yakkyoku
薬局,34,0147589,ホーム薬局　中山店,広島市東区中山東二丁目２番１－１号,082-516-7110,有限会社　オオサダ　代表取締役　貞永　昌夫,石橋　知子,,,平25. 4. 1,yakkyoku
薬局,34,0147597,うさぎ薬局,広島市南区宇品御幸二丁目５番７号,082-250-0255,株式会社　正剛堂　代表取締役　林本　径代,横繁　めぐみ,,,平25. 4. 1,yakkyoku
薬局,34,0147654,安芸ふれあい薬局,広島市安芸区中野東五丁目１番７号１階,082-893-6002,株式会社　ふれあい　代表取締役　川上　慶彰,赤木　信之,,,平25. 11. 1,yakkyoku
薬局,34,0147662,広島駅前サン薬局,広島市南区東荒神町３番３５号,082-506-0177,有限会社　ユーヴ　代表取締役　河野　信夫,小早川　礼輝,,,平25. 11. 2,yakkyoku
薬局,34,0147670,つばさ薬局,広島市東区東蟹屋町１０番２２号,082-263-1122,有限会社　健輝　代表取締役　川口　澄枝,若山　紅花,,,平26. 1. 1,yakkyoku
薬局,34,0147688,快生薬局,広島市中区鉄砲町７番２９号,082-223-7555,株式会社　快生薬局　代表取締役　石井　勝,石井　勝,,,平26. 2. 1,yakkyoku
薬局,34,0147696,つつじ薬局,広島市東区東蟹屋町７番３２号山長ビル１Ｆ,082-261-7655,山　嘉孝,山　嘉孝,,,平26. 3. 1,yakkyoku
薬局,34,0147712,オール薬局　白島店,広島市中区西白島町２０番１５号,082-212-0065,マイライフ株式会社　代表取締役　糸賀　誠,永野　毅,,,平26. 4. 1,yakkyoku
薬局,34,0147720,ぶんぶん薬局,広島市南区出汐一丁目４番７号ＳＵＮ－ＳＨＩＮＥ長岡１階１０１号,082-236-6145,株式会社　薬明館　代表取締役　矢部　薫子,藤谷　俊明,,,平26. 7. 1,yakkyoku
薬局,34,0147738,ウォンツ　段原薬局,広島市南区段原南一丁目１番２１号,082-568-1277,株式会社　ツルハグループ　ドラッグ＆ファーマシー西日本　代表取締役社長　村上　正一,山本　佐帆,,,平26. 7. 1,yakkyoku
薬局,34,0147753,キララ薬局　船越店,広島市安芸区船越南二丁目１番１０号,082-821-0081,株式会社　ネクサス　代表取締役　川上慶彰,波多野　五起,,,平26. 7. 1,yakkyoku
薬局,34,0147779,サンサン薬局,広島市安芸区中野七丁目２２番１０号,082-880-0155,有限会社　サンヨーファーマシー　取締役　畠山　美智子,樋口　卓也,,,平26. 9. 1,yakkyoku
薬局,34,0147787,有限会社　岡田経三薬局,広島市南区宇品御幸五丁目１９番１３号,082-255-6360,有限会社　岡田経三薬局　代表取締役　岡田　甫,岡田　峰宜,,,平26. 9. 16,yakkyoku
薬局,34,0147795,オール薬局　八丁堀店,広島市中区八丁堀１４番７号,082-222-6433,マイライフ株式会社　代表取締役　糸賀　誠,森　智永,,,平26. 10. 1,yakkyoku
薬局,34,0147803,ウォンツ薬局　日赤病院前２号店,広島市中区千田町一丁目５番６号,082-504-8870,株式会社　ツルハグループ　ドラッグ＆ファーマシー西日本　代表取締役社長　村上　正一,長尾　壮馬,,,平26. 10. 1,yakkyoku
薬局,34,0147811,ウォンツ薬局　八丁堀交差点前,広島市中区鉄砲町１０番１３号　７階,082-502-6067,株式会社ツルハグループドラッグ＆ファーマシー西日本　代表取締役社長　村上　正一,高岡　朋子,,,平26. 11. 1,yakkyoku
薬局,34,0147837,コスモス薬局　吉島店,広島市中区吉島新町一丁目４番１号　１階,082-247-1169,株式会社　エンデバー　代表取締役　重松　清二,大林　昭範,,,平26. 12. 15,yakkyoku
薬局,34,0147845,有限会社　すみれ薬局,広島市安芸区矢野東四丁目１番９号,082-888-6121,有限会社　すみれ薬局　取締役　城﨑　利裕,城﨑　利裕,,,平27. 3. 1,yakkyoku
薬局,34,0147860,わかくさ薬局,広島市東区若草町１７番８号　１Ｆ,082-236-9488,吉川　範子,吉川　範子,,,平27. 4. 1,yakkyoku
薬局,34,0147878,サン薬局　大手町店,広島市中区大手町三丁目８番５号エイトバレー大手町　４階,082-546-0055,有限会社　サンルック　代表取締役　平山　悟,平山　理絵,,,平27. 5. 1,yakkyoku
薬局,34,0147886,全快堂薬局　本店,広島市安芸区船越三丁目１３番１５号,082-820-0556,株式会社　全快堂　代表取締役　柏木　承子,脇　文以,,,平27. 5. 1,yakkyoku
薬局,34,0147894,ぱんだ薬局　千田町店,広島市中区千田町一丁目３番３号　１Ｆ,082-243-8585,株式会社　すみれメディカル　代表取締役　藤田　裕樹,藤田　幸恵,,,平27. 6. 1,yakkyoku
薬局,34,0147910,エスマイル薬局　鉄道病院前店,広島市東区光町一丁目１１番５号　１Ｆ,082-568-8066,株式会社　エスマイル　代表取締役　大下　訓生,伊東　裕紀,,,平27. 7. 1,yakkyoku
薬局,34,0147928,日本調剤　広大前薬局,広島市南区出汐一丁目５番１５号　１階,082-250-3215,日本調剤株式会社　代表取締役　小城　和紀,川　麻里子,,,平27. 6. 1,yakkyoku
薬局,34,0147936,ウォンツ薬局　県病院前店,広島市南区翠五丁目１７番１２号,082-250-0870,株式会社ツルハグループドラッグ＆ファーマシー西日本　代表取締役社長　村上　正一,坂本　敬太,,,平27. 7. 1,yakkyoku
薬局,34,0147944,コスモス薬局　白島東店,広島市中区西白島町７番２号,082-511-2345,株式会社リライアンス　代表取締役　重松　朋哉,松本　綾香,,,平27. 8. 24,yakkyoku
薬局,34,0147985,マエダ方術薬局　段原南店,広島市南区段原南二丁目１２番２１号　１Ｆ,082-568-8050,有限会社　マエダ方術薬局　代表取締役　前田　泰則,前田　奈緒美,,,平27. 10. 1,yakkyoku
薬局,34,0148108,ウォンツ薬局　白島通り店,広島市中区八丁堀１２番４号　１Ｆ,082-511-1113,株式会社ツルハグループドラッグ＆ファーマシー西日本　代表取締役社長　村上　正一,白石　勝久,,,平28. 9. 14,yakkyoku
薬局,34,0148140,ひらのばし薬局,広島市中区南竹屋町３番１５号第一タカズミビル１Ｆ,082-544-1500,有限会社　ケイティエム　代表取締役　河野　信夫,中川　めぐみ,,,平28. 10. 1,yakkyoku
薬局,34,0148199,ファーマシィ薬局　広島タワービル,広島市南区松原町５番１号　４Ｆ,082-568-1260,株式会社　ファーマシィ　代表取締役　武田　輝美,松岡　晃平,,,平28. 12. 1,yakkyoku
薬局,34,0148215,マザー薬局　幟町店,広島市中区幟町１０番１１号　１Ｆ,082-221-1192,株式会社　洋　代表取締役　岩田　洋子,岩田　洋子,,,平29. 1. 1,yakkyoku
薬局,34,0148231,広島駅前薬局,広島市南区松原町３番１－１１７号,082-264-5177,株式会社　中央ファーマシー　代表取締役　山戸　恒枝,佐川　雅子,,,平29. 2. 6,yakkyoku
薬局,34,0148249,株式会社エンコー薬局,広島市南区松原町３番１－１１８号,082-262-8044,株式会社エンコー薬局　代表取締役　北村　聡,河崎　智美,,,平29. 2. 1,yakkyoku
薬局,34,0148256,すずらん薬局　竹屋町店,広島市中区竹屋町８番８号　１Ｆ,082-241-2207,株式会社　ホロン　代表取締役　古屋　裕一,三宅　惇也,,,平29. 4. 1,yakkyoku
薬局,34,0148272,そらいろ薬局　旭店,広島市南区旭一丁目１９番２６号ヴィラ旭１階,082-207-3005,有限会社　そらいろ薬局　代表取締役　吉川　勇人,田中　憲,,,平29. 5. 1,yakkyoku
薬局,34,0148306,ウォンツ薬局　日赤病院前３号店,広島市中区千田町一丁目５番２号　１Ｆ,082-545-5150,株式会社　ツルハグループドラッグ＆ファーマシー西日本　代表取締役社長　村上　正一,門那　里佳,,,平29. 6. 1,yakkyoku
薬局,34,0148314,にのしま薬局,広島市南区似島町字家下１６１－３,082-505-3600,株式会社　全快堂　代表取締役　柏木　承子,植田　祐貴,,,平29. 7. 1,yakkyoku
薬局,34,0148322,ハンド薬局　鉄砲町店,広島市中区鉄砲町５番１号ヴィゴレ１階,082-554-1277,ハンドメディカル株式会社　代表取締役　山手　直樹,村田　由希子,,,平29. 9. 1,yakkyoku
薬局,34,0148371,牛田みらい薬局,広島市東区牛田本町六丁目１番２７号うしたみらいビル５Ｆ,082-502-8171,株式会社ライジング企画広島　代表取締役　鈴木　明,鈴木　理子,,,平30. 4. 1,yakkyoku
薬局,34,0148389,コスモス薬局　鯉城通り店,広島市中区大手町二丁目７番２号７階Ａ号室,082-545-5005,株式会社リライアンス　代表取締役　重松　朋哉,井野口　典子,,,平30. 4. 9,yakkyoku
薬局,34,0148413,さくらんぼ薬局　的場店,広島市南区的場町一丁目７番１０号　１階,082-207-0739,さくらグループ株式会社　代表取締役　平野　真実,井藤　舞子,,,平30. 6. 1,yakkyoku
薬局,34,0148421,広島中央通り薬局,広島市中区三川町７番１号香月メディカルビル１Ｆ,082-545-0055,株式会社正剛堂　代表取締役　林本　径代,髙田　孝陽,,,平30. 8. 1,yakkyoku
薬局,34,0148447,会営　二葉の里薬局,広島市東区二葉の里三丁目２番１号,082-567-6077,公益社団法人　広島県薬剤師会　会長　豊見　雅文,平田　優里,,,平30. 9. 1,yakkyoku
薬局,34,0148454,すずらん薬局　大手町店,広島市中区大手町一丁目５番２２号,082-543-6671,株式会社　ホロン　代表取締役　古屋　裕一,木原　春日,,,平30. 9. 1,yakkyoku
薬局,34,0148462,ハート薬局　みなみ店,広島市南区皆実町四丁目２２番２号,082-250-7633,クオール株式会社　代表取締役　柄澤　忍,岩﨑　真紀,,,平30. 10. 1,yakkyoku
薬局,34,0148470,若草薬局,広島市東区若草町５番３号　１階,082-261-3360,クオール株式会社　代表取締役　柄澤　忍,中川　美穂,,,平30. 10. 1,yakkyoku
薬局,34,0148488,ハート薬局　温品店,広島市東区温品七丁目１０番１１－１４号,082-209-0566,クオール株式会社　代表取締役　柄澤　忍,西潟　栞里,,,平30. 10. 1,yakkyoku
薬局,34,0148496,ハート薬局　中央店,広島市南区宇品神田一丁目４番２８号　１Ｆ,082-250-7030,クオール株式会社　代表取締役　柄澤　忍,溝口　貴大,,,平30. 10. 1,yakkyoku
薬局,34,0148504,ハート薬局　神田店,広島市南区宇品神田五丁目２０番１３号　１Ｆ,082-250-2300,クオール株式会社　代表取締役　柄澤　忍,佐々木　啓介,,,平30. 10. 1,yakkyoku
薬局,34,0148520,ハート薬局　東雲店,広島市南区東雲本町一丁目１番３４号　１階,082-555-5830,クオール株式会社　代表取締役　柄澤　忍,宮﨑　慎也,,,平30. 10. 1,yakkyoku
薬局,34,0148538,クオール薬局　広島駅前通店,広島市南区松川町１番１５号ポエム松川１階,082-568-2489,クオール株式会社　代表取締役　柄澤　忍,神原　崇徳,,,平30. 10. 1,yakkyoku
薬局,34,0148553,ウォンツ薬局　メディカルモール吉島店,広島市中区吉島西二丁目１４番１２号　１階,082-504-6717,株式会社ツルハグループドラッグ＆ファーマシー西日本　代表取締役社長　村上　正一,重永　晃伸,,,平31. 2. 1,yakkyoku
薬局,34,0148561,緑風会薬局,広島市南区出汐一丁目４番３号,082-256-7171,一般財団法人　緑風会　理事長　下田　保弘,重留　佳代子,,,平31. 2. 12,yakkyoku
薬局,34,0148579,あおぞら薬局　日赤病院前店,広島市中区千田町一丁目５番９号平勝ビル１Ｆ,082-569-8821,株式会社シンエイコーポレーション　代表取締役　久保　和浩,久保　和浩,,,平31. 4. 1,yakkyoku
薬局,34,0148595,山陽堂薬局　へさか茶臼城山店,広島市東区戸坂南二丁目８番１３号　１階,082-554-6578,有限会社山陽堂　代表取締役　赤木　寛紀,南部　みなみ,,,平31. 4. 22,yakkyoku
薬局,34,0148603,ウォンツ　八丁堀電停前薬局,広島市中区八丁堀１４番１０号　１Ｆ,082-212-1517,株式会社ツルハグループドラッグ＆ファーマシー西日本　代表取締役社長　村上　正一,出原　慧,,,令元. 5. 1,yakkyoku
薬局,34,0148629,いちご薬局　皆実町店,広島市南区皆実町二丁目８番４－１０２号,082-250-8668,株式会社　ユーワ　代表取締役　吉川　正男,橘髙　愛友美,,,令元. 9. 1,yakkyoku
薬局,34,0148637,全快堂薬局　温品店,広島市東区温品四丁目２１番９号,082-554-8631,株式会社　全快堂　代表取締役　柏木　承子,竹島　陽,,,令元. 11. 1,yakkyoku
薬局,34,0148686,もみじ薬局,広島市南区松原町１番２号ｅｋｉｅ２階,082-261-4367,株式会社エフ・エム・シイ　代表取締役　平畑　惠三,岡崎　国治,,,令2. 3. 23,yakkyoku
薬局,34,0148694,コスモス薬局　白島南店,広島市中区西白島町１６番１６号　１階,082-511-7333,株式会社リライアンス　代表取締役　重松　朋哉,泉　景子,,,令2. 5. 1,yakkyoku
薬局,34,0148702,ウォンツ　戸坂薬局,広島市東区戸坂千足二丁目７番２０号,082-516-1017,株式会社ツルハグループドラッグ＆ファーマシー西日本　代表取締役社長　村上　正一,齊藤　恒星,,,令2. 9. 1,yakkyoku
薬局,34,0148710,アプコＵｎｉｔｙ薬局　大手町,広島市中区大手町一丁目１番２０号ニュー大手町ビル１階,082-207-1193,アプコ株式会社　代表取締役　岡田　啓司,大坂　晶子,,,令2. 8. 9,yakkyoku
薬局,34,0148728,キララ薬局　白島店,広島市中区東白島町８番１９号中津井ビル１階,082-502-4722,株式会社ネクサス　代表取締役　川上　慶彰,菊本　大輔,,,令2. 9. 23,yakkyoku
薬局,34,0148736,有限会社　髙山薬局,広島市南区青崎一丁目１０番１０号,082-281-8154,有限会社　髙山薬局　代表取締役　高山　健二,髙山　真一,,,令2. 9. 24,yakkyoku
薬局,34,0148744,ひろみ薬局　大手町店,広島市中区大手町三丁目１３番６号　１階,082-258-5125,株式会社広未　代表取締役　小田　一博,小田　一博,,,令2. 11. 1,yakkyoku
薬局,34,0148835,いねだ薬局,広島市安佐北区白木町秋山２３１９番地１４,082-828-7601,株式会社恵会堂　代表取締役　稲田　恵介,稲田　恵介,,,令2. 12. 1,yakkyoku
薬局,34,0148876,そらいろ薬局,広島市南区東雲本町二丁目１７番６号,082-890-7533,有限会社そらいろ薬局　代表取締役　吉川　勇人,近藤　賢史,,,令3. 3. 1,yakkyoku
薬局,34,0148884,なないろ薬局,広島市東区曙二丁目８番１８－１０２号,082-264-0555,株式会社ネクストステージ　代表取締役　折出　正樹,植田　郁美,,,令3. 4. 1,yakkyoku
薬局,34,0148918,えんこう橋薬局,広島市南区西荒神町１番３５－１号,082-263-3320,株式会社エスマイル　代表取締役　大下　訓生,笹木　大地,,,令3. 5. 2,yakkyoku
薬局,34,0148926,オール薬局　青崎店,広島市南区青崎一丁目２番１４号　１階,082-581-3910,マイライフ株式会社　代表取締役　糸賀　誠,渡部　久美子,,,令3. 10. 1,yakkyoku
薬局,34,0148975,あおぞら薬局,広島市中区千田町一丁目６番６号,082-249-0303,ＢＳファルマ株式会社　代表取締役　久保　和浩,阪田　佐代子,,,令3. 12. 1,yakkyoku
薬局,34,0148991,たんぽぽ堂薬局,広島市南区宇品神田三丁目６番３２号　１Ｆ,082-569-4208,田村　照明,田村　公太郎,,,令4. 4. 1,yakkyoku
薬局,34,0149106,しらかば薬局,広島市南区翠五丁目１８番５号,082-252-7105,有限会社みわ薬局　代表取締役　栗原　正亮,高山　義生,,,令4. 5. 9,yakkyoku
薬局,34,0149114,曙タカズミ薬局,広島市東区曙一丁目８番２８号,082-506-0035,有限会社ユーヴ　代表取締役　河野　信夫,白雲　直道,,,令4. 6. 1,yakkyoku
薬局,34,0149122,たちばな薬局,広島市南区宇品神田四丁目１２番１２号　１階,082-255-1955,山井　元太,山井　元太,,,令4. 7. 1,yakkyoku
薬局,34,0149130,ププレひまわり薬局　瀬野川店,広島市安芸区中野東四丁目１番４０号,082-516-5751,株式会社ププレひまわり　代表取締役　畑　和彦,上川　智恵,,,令4. 8. 1,yakkyoku
薬局,34,0149155,そうごう薬局広島基町店,広島市中区基町１番１９号,082-212-3901,総合メディカル株式会社　代表取締役　多田　荘一郎,宇　優香理,,,令5. 4. 1,yakkyoku
薬局,34,0149171,ウォンツ薬局　翠店,広島市南区翠五丁目１７番２３号,082-250-9580,株式会社ツルハグループドラッグ＆ファーマシー西日本　代表取締役社長　村上　正一,小畠　浩一,,,令5. 5. 1,yakkyoku
薬局,34,0149189,アレス薬局翠店,広島市南区翠二丁目１８番３－１０２号,082-250-8822,有限会社アレス薬局　代表取締役　大谷　浩司,大谷　水景,,,令5. 7. 1,yakkyoku
薬局,34,0149197,ウォンツ宇品東６丁目薬局,広島市南区宇品東六丁目２番４６号　１Ｆ,082-250-3728,株式会社ツルハグループドラッグ＆ファーマシー西日本　代表取締役社長　村上　正一,岡村　麗,,,令5. 8. 1,yakkyoku
薬局,34,0149205,コスモス薬局　上幟町店,広島市中区上幟町３番３号　１階,082-511-5355,株式会社リライアンス　代表取締役　重松　朋哉,沖山　早紀,,,令5. 9. 1,yakkyoku
薬局,34,0149213,あおい薬局,広島市中区羽衣町１０番１１号,082-548-5908,株式会社ファーマシストシステムズ　代表取締役　茨木　康貴,茨木　康貴,,,令5. 10. 2,yakkyoku
薬局,34,0149221,ウォンツ薬局　吉島西１丁目店,広島市中区吉島西一丁目２２番１３号,082-207-2521,株式会社ツルハグループドラッグ＆ファーマシー西日本　代表取締役社長　村上　正一,丸本　一輝,,,令5. 11. 1,yakkyoku
薬局,34,0149239,アスト薬局大手町店,広島市中区大手町三丁目６番１２号　１Ｆ,082-544-0123,有限会社西越　代表取締役　合原　憲太,末國　洋子,,,令5. 12. 1,yakkyoku
薬局,34,0149247,みずの薬局　牛田東店,広島市東区牛田東一丁目１番２５号　１Ｆ,082-221-4826,株式会社ファーマシストライフ　代表取締役　水野　翔童,水野　翔童,,,令5. 12. 21,yakkyoku
薬局,34,0149254,ウォンツ宇品西薬局,広島市南区宇品西三丁目４番３３号,082-207-2847,株式会社ツルハグループドラッグ＆ファーマシー西日本　代表取締役社長　村上　正一,川元　優太,,,令6. 5. 1,yakkyoku
薬局,34,0149262,よつば薬局,広島市南区翠一丁目１０番３６号,082-255-3822,フラワーブロスＴＭＳ株式会社　代表取締役　青木　淳一,小川　順子,,,令6. 3. 1,yakkyoku
薬局,34,0149270,あきでしお薬局,広島市南区出汐一丁目４番１号,082-256-3100,フラワーブロスＴＭＳ株式会社　代表取締役　青木　淳一,土居　典子,,,令6. 3. 1,yakkyoku
薬局,34,0149288,ダリア薬局,広島市南区翠一丁目２番２８号グリーンビル翠１Ｆ,082-250-6686,フラワーブロスＴＭＳ株式会社　代表取締役　青木　淳一,久保　智之,,,令6. 3. 1,yakkyoku
薬局,34,0149296,カンナ薬局,広島市南区大州二丁目１５番１２号大州ビル１０１号,082-510-3288,フラワーブロスＴＭＳ株式会社　代表取締役　青木　淳一,緒方　裕美,,,令6. 3. 1,yakkyoku
薬局,34,0149304,レベス薬局　たかの橋店,広島市中区大手町五丁目７番８号トキワマンション１Ｆ,082-546-2103,フラワーブロスＴＭＳ株式会社　代表取締役　青木　淳一,花房　智輝,,,令6. 3. 1,yakkyoku
薬局,34,0149320,イオン薬局宇品店,広島市南区宇品東六丁目１番１５号,082-250-8232,イオンリテール株式会社　代表取締役　古澤　康之,平川　真稔,,,令6. 2. 26,yakkyoku
薬局,34,0149338,ププレひまわり薬局　中山店,広島市東区中山東三丁目１番１７号,082-516-5091,株式会社ププレひまわり　代表取締役　畑　和彦,吉田　早絵,,,令6. 7. 1,yakkyoku
薬局,34,0149346,アニー薬局,広島市東区戸坂千足一丁目３番１２号,082-220-5300,株式会社ウィーズ　代表取締役　田　達也,田村　佐和子,,,令6. 6. 1,yakkyoku
薬局,34,0149353,温品調剤薬局,広島市東区温品六丁目１番１２号,082-280-1511,株式会社ユーワ　代表取締役　吉川　正男,和多利　一俊,,,令6. 8. 1,yakkyoku
薬局,34,0149361,サンドラッグ広島本通薬局,広島市中区本通４番１１号,082-207-3986,株式会社サンドラッグ　代表取締役　貞方　宏司,松谷　望,,,令6. 11. 1,yakkyoku
薬局,34,0149379,旭ゆめ薬局,広島市南区旭二丁目４番３号,082-250-8166,有限会社そらいろ薬局　代表取締役　吉川　勇人,光井　郁,,,令6. 9. 1,yakkyoku
薬局,34,0149387,ウォンツ東雲本町薬局,広島市南区東雲本町二丁目４番２２号　２階,082-890-2077,株式会社ツルハグループドラッグ＆ファーマシー西日本　代表取締役社長　村上　正一,東田　真奈,,,令6. 12. 1,yakkyoku
薬局,34,0149395,水主町薬局,広島市中区吉島東一丁目２７番２０号,082-244-0101,株式会社ゆうしん　代表取締役　江種　俊文,玉木　玲子,,,令6. 10. 1,yakkyoku
薬局,34,0149403,泰佳堂薬局,広島市中区上八丁堀８番１６号　２階,082-222-6710,ＹＫＹ薬品株式会社　代表取締役　中島　啓介,中島　啓介,,,令6. 11. 1,yakkyoku
薬局,34,0149411,京口門ニカイノ薬局,広島市中区八丁堀１１番１２号ＫＭＭビル２階,082-962-8695,株式会社ライジング企画広島　代表取締役　鈴木　明,松浦　里奈,,,令6. 12. 1,yakkyoku
薬局,34,0149445,調剤薬局マツモトキヨシ広島中島町店,広島市中区中島町６番１１号　１Ｆ,082-207-1970,株式会社マツモトキヨシ中四国販売　代表取締役　向田　知人,遠藤　加奈子,,,令7. 4. 1,yakkyoku
薬局,34,0149452,ウォンツ薬局　広島駅北店,広島市東区光町二丁目６番２２号,082-258-6887,株式会社ツルハグループドラッグ＆ファーマシー西日本　代表取締役社長　村上　正一,菅田　陽子,,,令7. 4. 1,yakkyoku
薬局,34,0149460,ウォンツ東本浦薬局,広島市南区東本浦町１８番６号,082-258-6037,株式会社ツルハグループドラッグ＆ファーマシー西日本　代表取締役社長　村上　正一,中村　康宏,,,令7. 5. 1,yakkyoku
薬局,34,0149478,ウォンツ福田薬局,広島市東区福田六丁目２０６３番６,082-573-5737,株式会社ツルハグループドラッグ＆ファーマシー西日本　代表取締役社長　村上　正一,本名　英介,,,令7. 5. 1,yakkyoku
薬局,34,0149486,コトブキ調剤薬局　広島日赤前店,広島市中区千田町一丁目６番１０号,082-240-0320,株式会社スギ薬局　代表取締役　杉浦　伸哉,岩田　莉奈,,,令7. 3. 1,yakkyoku
薬局,34,0149494,阪神調剤薬局　広大店,広島市南区出汐一丁目４番６号Ｎコート１０１,082-250-0806,株式会社スギ薬局　代表取締役　杉浦　伸哉,添田　迪子,,,令7. 3. 1,yakkyoku
薬局,34,0149510,あいら薬局広島,広島市東区光町一丁目１１番５号　１階,082-263-7351,やまと健康堂株式会社　代表取締役　上川　敏文,宮川　貴至,,,令7. 6. 1,yakkyoku
薬局,34,0149528,サンドラッグ広島皆実町薬局,広島市南区皆実町六丁目１５番５号　２階,082-298-8210,株式会社サンドラッグ　代表取締役　貞方　宏司,平井　結愛,,,令7. 9. 1,yakkyoku
薬局,34,0149536,広島駅南口薬局,広島市南区猿猴橋町２番１１号,082-263-6174,株式会社ＭＳファーマシー　代表取締役　宮本　誠二,木村　隆宏,,,令7. 7. 1,yakkyoku
薬局,34,0149544,ここから薬局　三川町店,広島市中区三川町１番２０号,082-545-0030,Ｔ＆Ｔネットワーク株式会社　代表取締役　藤井　正大,海老根　政美,,,令7. 8. 14,yakkyoku
薬局,34,0149551,あおぞら薬局　不動院前店,広島市東区牛田新町三丁目３番７号,082-502-1020,株式会社アクトファーマシー　代表取締役　新谷　恵美,山延　矢絵,,,令7. 9. 1,yakkyoku
薬局,34,0149569,東雲れんこん薬局,広島市南区東雲本町二丁目７番６号　１Ｆ,082-207-2871,株式会社ロータスルート　代表取締役　久保　慶明,久保田　由紀子,,,令7. 12. 1,yakkyoku
薬局,34,0149577,エソラ薬局,広島市中区千田町二丁目１番２９号　１階,082-236-1559,株式会社ＥＳＯＲＡ　ＳＥＥＤ　代表取締役　秋本　伸,秋本　伸,,,令8. 1. 1,yakkyoku
薬局,34,0149585,ウォンツ馬木薬局,広島市東区馬木四丁目１７０７番地３,082-573-7135,株式会社ツルハグループドラッグ＆ファーマシー西日本　代表取締役社長　村上　正一,坂田　真理子,,,令8. 4. 1,yakkyoku
薬局,34,0149593,三川町薬局,広島市中区三川町２番８号,082-544-1414,株式会社ＭＳファーマシー　代表取締役　宮本　誠二,松田　正生,,,令8. 2. 1,yakkyoku
薬局,34,0149601,ミント薬局　二葉の里店,広島市東区二葉の里三丁目３番３号ディール広島１Ｆ,082-298-1130,株式会社ＳＩＮＣＥＲＥＬＹ　代表取締役　谷口　善繁,夏井　孝紀,,,令8. 5. 1,yakkyoku
薬局,34,0149619,康仁薬局　グランアーク店,広島市東区若草町１１番２号グランアークテラス３Ｆ,082-568-8282,総合メディカル株式会社　代表取締役　多田　荘一郎,川野　史織,,,令8. 4. 1,yakkyoku
薬局,34,0149627,康仁薬局　宇品神田店,広島市南区宇品神田一丁目２番１６－２０２号,082-250-7377,総合メディカル株式会社　代表取締役　多田　荘一郎,羽路　京子,,,令8. 4. 1,yakkyoku
薬局,34,0149635,クルーズ薬局　段原店,広島市南区段原日出一丁目１５番２１号　１Ｆ,082-510-5100,総合メディカル株式会社　代表取締役　多田　荘一郎,國貞　希実,,,令8. 4. 1,yakkyoku
薬局,34,0149643,康仁薬局　猿猴橋店,広島市南区猿猴橋町６番３４－１号　１階,082-568-5101,総合メディカル株式会社　代表取締役　多田　荘一郎,久保田　幸子,,,令8. 4. 1,yakkyoku
薬局,34,0149650,康仁薬局　段原店,広島市南区段原南一丁目３番５３号　１Ｆ,082-506-3000,総合メディカル株式会社　代表取締役　多田　荘一郎,岡野　千草,,,令8. 4. 1,yakkyoku
薬局,34,0149668,康仁薬局　ソシオ紙屋町店,広島市中区紙屋町二丁目３番２０号ソシオスクエア紙屋町ビル１Ｆ,082-258-5425,総合メディカル株式会社　代表取締役　多田　荘一郎,平野　清子,,,令8. 4. 1,yakkyoku
薬局,34,0149676,康仁薬局　矢野店,広島市安芸区矢野西四丁目１番２１号　１Ｆ,082-888-5500,総合メディカル株式会社　代表取締役　多田　荘一郎,三澤　尚弥,,,令8. 4. 1,yakkyoku
薬局,34,0149684,康仁薬局　牛田店,広島市東区牛田中二丁目２番１号,082-511-3388,総合メディカル株式会社　代表取締役　多田　荘一郎,梅木　佳奈,,,令8. 4. 1,yakkyoku
薬局,34,0149692,康仁薬局　矢賀店,広島市東区矢賀二丁目８番１７号,082-890-0033,総合メディカル株式会社　代表取締役　多田　荘一郎,河本　直樹,,,令8. 4. 1,yakkyoku
薬局,34,0149700,くるみ薬局　矢野店,広島市安芸区矢野西四丁目１０番１８号　１Ｆ,082-820-4323,総合メディカル株式会社　代表取締役　多田　荘一郎,德山　裕大郎,,,令8. 4. 1,yakkyoku
薬局,34,0149718,康仁薬局　ほおずき通り店,広島市東区牛田本町二丁目１番２号　２０５Ｂ,082-502-2211,総合メディカル株式会社　代表取締役　多田　荘一郎,関　明子,,,令8. 4. 1,yakkyoku
薬局,34,0149726,橋本薬局,広島市南区松原町９番１号　１階,082-261-1032,有限会社橋本ビル　取締役　橋本　紘一,橋本　紘一,,,令8. 5. 1,yakkyoku
薬局,34,0149734,アイン薬局　広島駅北口店,広島市東区若草町１１番１－１０２号ザ広島タワーマンション西側１Ｆ,082-568-0008,株式会社ファーマシィ　代表取締役　武田　輝美,有吉　知加子,,,令8. 5. 1,yakkyoku
薬局,34,0149742,かなえ薬局　スタジアム前,広島市南区西蟹屋四丁目８番３１号,082-261-1066,株式会社ウィーズ　代表取締役　田　達也,松冨　智哉,,,令8. 6. 1,yakkyoku
薬局,34,0149759,めいぷる薬局,広島市中区白島北町１３番１２号,082-221-7120,有限会社今田薬局　代表取締役　今田　恭生,髙田　智恵,,,令8. 5. 24,yakkyoku
薬局,34,0240301,有限会社ホケン薬局,広島市中区江波本町１５－１４,082-231-0400,有限会社ホケン薬局　代表取締役　浜本　邦博,濱本　寛文,,,平7. 7. 1,yakkyoku
薬局,34,0240483,有限会社ウエスギ薬局,広島市中区舟入南１丁目３－１４,082-231-3731,有限会社ウエスギ薬局　代表取締役　上杉　哲史,上杉　哲史,,,昭60. 11. 7,yakkyoku
薬局,34,0240541,株式会社　福井薬局,広島市西区三篠町２－１１－６,082-237-3633,株式会社福井薬局　代表取締役　堀田　香江,堀田　香江,,,昭41. 7. 1,yakkyoku
薬局,34,0240715,鈴木長育堂薬局,広島市安佐北区可部３－２４－２１,082-812-2409,有限会社鈴木長育堂薬局　代表取締役　鈴木　大次郎,鈴木　大次郎,,,平2. 4. 1,yakkyoku
薬局,34,0240764,有限会社　林薬局,広島市安佐南区祇園２－４７－２３,082-874-0203,有限会社林薬局　代表取締役　林　直隆,前川　由利子,,,昭59. 3. 1,yakkyoku
薬局,34,0240988,有限会社テツムラ漢方薬局,広島市西区天満町９－１５,082-232-7756,有限会社テツムラ漢方薬局　代表取締役　鉄村　努,鉄村　努,,,平7. 4. 1,yakkyoku
薬局,34,0241028,有限会社　ヒノヰ薬品虹山薬局,広島市安佐北区亀山南４－２－１８,082-814-5661,有限会社ヒノヰ薬品虹山薬局　代表取締役　檜井　義彦,檜井　義彦,,,昭49. 11. 1,yakkyoku
薬局,34,0241234,高陽ニュータウン薬局,広島市安佐北区落合３丁目８－１３,082-842-5845,秋本　浩志,秋本　浩志,,,平18. 11. 6,yakkyoku
薬局,34,0241341,有限会社　ムラオカ薬局,広島市西区高須１丁目１－２,082-272-6436,有限会社　ムラオカ薬局　代表取締役　村岡　信也,村岡　隆行,,,平3. 12. 1,yakkyoku
薬局,34,0241457,寺町漢方薬局,広島市中区広瀬北町８－２,082-291-2211,窪田　信明,窪田　信明,,,昭53. 4. 1,yakkyoku
薬局,34,0241549,濱崎漢方薬局,広島市中区舟入南５－６－１２山中ビル１Ｆ,082-294-8776,有限会社　濱崎漢方　代表取締役　濵嵜　亨,濵嵜　嘉子,,,平3. 7. 1,yakkyoku
薬局,34,0241598,加藤古市薬局,広島市安佐南区古市２－１８－１２,082-879-3360,有限会社加藤薬局　代表取締役　加藤　頼孝,加藤　哲也,,,平元. 10. 1,yakkyoku
薬局,34,0241713,スズキ薬局,広島市安佐北区可部５丁目１１－２０,082-814-3377,（有）鈴木長育堂薬局　代表取締役　鈴木　大次郎,鈴木　博子,,,昭55. 1. 1,yakkyoku
薬局,34,0241838,広島調剤古江薬局,広島市西区古江新町６－２,082-273-5806,株式会社　広島調剤センター　代表取締役　山戸　彰哉,山本　徳子,,,昭55. 5. 1,yakkyoku
薬局,34,0241846,可部中央薬局,広島市安佐北区可部４丁目１５－１８,082-814-2078,有限会社　可部中央薬局　代表取締役　佐々木　勇二,佐々木　勇二,,,平19. 4. 1,yakkyoku
薬局,34,0241929,有限会社　住宅入口薬局,広島市西区庚午南１－３５－１３,082-273-1189,有限会社　住宅入口薬局　代表取締役　岩垂　マリ子,國清　誠司,,,昭56. 1. 1,yakkyoku
薬局,34,0242174,商工センター薬局,広島市西区井口明神１丁目１４－４９,082-277-5088,株式会社　広島調剤センター　代表取締役　山戸　彰哉,佐久間　裕子,,,昭57. 11. 1,yakkyoku
薬局,34,0242299,みやもと薬局,広島市安佐南区川内６－４２－２４,082-877-1677,宮本　武,宮本　武,,,平8. 7. 1,yakkyoku
薬局,34,0242406,長谷川薬局,広島市佐伯区五日市５丁目１０－２５,082-921-3049,長谷川　項一,長谷川　項一,,,平14. 11. 1,yakkyoku
薬局,34,0242752,たかす薬局,広島市西区庚午北３－１１－１２,082-271-5855,河内　一仁,河内　一仁,,,昭63. 4. 1,yakkyoku
薬局,34,0242836,わかば薬局,広島市中区舟入中町８－６,082-295-8181,ミヨシ薬品株式会社　代表取締役　遠北　徹,光冨　真理,,,平7. 8. 1,yakkyoku
薬局,34,0242877,スミイ薬局,広島市中区西十日市町１－２,082-231-7508,住井　修,住井　修,,,昭61. 6. 1,yakkyoku
薬局,34,0242927,有限会社みなみ町薬局,広島市西区草津南１－７－１０,082-278-5505,有限会社　みなみ町薬局　代表取締役　山倉　早苗,山倉　早苗,,,昭61. 11. 1,yakkyoku
薬局,34,0243180,株式会社Ｏ．Ｋ堂薬局,広島市西区横川町２－８－３シティーハイツオキタ１Ｆ,082-234-4443,株式会社Ｏ．Ｋ堂薬局　代表取締役　北村　聡,岡　裕子,,,平元. 12. 1,yakkyoku
薬局,34,0243206,五日市豊見薬局,広島市佐伯区五日市４丁目４－３１,082-924-3838,有限会社　豊見薬局　代表取締役　豊見　雅文,中野　仁美,,,平17. 8. 1,yakkyoku
薬局,34,0243214,アキ薬局,広島市佐伯区五日市駅前３丁目９－１３,082-924-3785,アキ薬局有限会社　代表取締役　谷口　善繁,早川　聡,,,平14. 5. 1,yakkyoku
薬局,34,0243222,口田薬局,広島市安佐北区口田３丁目２－５,082-845-1221,有限会社　口田調剤薬局　代表取締役　新佛　暢康,新佛　暢康,,,平19. 2. 1,yakkyoku
薬局,34,0243263,鈴張薬局,広島市安佐北区安佐町鈴張２０１２－１,082-835-2723,有限会社　鈴張調剤薬局　代表取締役　横田　正泰,横田　正泰,,,平7. 6. 1,yakkyoku
薬局,34,0243271,（株）調剤　亀崎薬局,広島市安佐北区亀崎１－２－３０,082-845-2158,株式会社調剤　代表取締役　緒方　幸雄,緒方　幸雄,,,平2. 1. 1,yakkyoku
薬局,34,0243339,オニタケ薬局,広島市西区天満町４－１３,082-291-7225,鬼武　英生,鬼武　英生,,,平2. 4. 1,yakkyoku
薬局,34,0243388,有限会社　友愛薬局,広島市安佐北区可部５－４－２１,082-814-6878,有限会社友愛薬局　代表取締役　峠　文子,峠　文子,,,平2. 11. 1,yakkyoku
薬局,34,0243446,（有）エヌ・イー・ピー　舟入本町調剤薬局,広島市中区舟入本町１５－１９,082-296-2231,有限会社　エヌ・イー・ピー　代表取締役　大下　幹登,福田　純,,,平3. 2. 1,yakkyoku
薬局,34,0243461,栗岡共栄薬局,広島市安佐北区安佐町飯室１４９８－２,082-835-0777,有限会社　栗岡共栄薬局　代表取締役　大賀　久嗣,栗岡　真樹子,,,平9. 11. 1,yakkyoku
薬局,34,0243537,古江調剤薬局,広島市西区古江西町２２－１０,082-271-8453,有限会社古江調剤薬局　取締役　栗栖　かすみ,栗栖　かすみ,,,平4. 4. 1,yakkyoku
薬局,34,0243586,上野薬局,広島市安佐北区口田４－２０－３,082-842-3388,有限会社　薬研　代表取締役　上野　正司,上野　聖詞,,,平4. 7. 1,yakkyoku
薬局,34,0243628,セピア薬局,広島市佐伯区皆賀２丁目２－３１,082-923-2045,株式会社　ネクサス　代表取締役　川上　慶彰,永末　明日香,,,平4. 11. 1,yakkyoku
薬局,34,0243644,もみじ薬局藤の木店,広島市佐伯区藤の木１－３１－１３,082-927-3388,株式会社ゆうしん　代表取締役　江種　俊文,濱谷　淳子,,,平4. 12. 1,yakkyoku
薬局,34,0243651,もみじ薬局沼田店,広島市安佐南区伴東七丁目９番１号,082-848-7171,株式会社ゆうしん　代表取締役　江種　俊文,横更　智絵,,,平8. 11. 1,yakkyoku
薬局,34,0243743,ひまわり薬局,広島市西区福島町１丁目２２－７,082-531-1151,株式会社ピーエムシー企画　代表取締役　流田　康雄,平本　沙弥香,,,平5. 9. 1,yakkyoku
薬局,34,0243768,フラワー調剤薬局　有限会社,広島市佐伯区海老園１－７－１６,082-924-1800,フラワー調剤薬局　有限会社　取締役　藤本　太志,藤本　太志,,,平5. 10. 1,yakkyoku
薬局,34,0243792,ハーブ薬局,広島市西区古江新町１３－３６,082-272-6613,株式会社　エス・ティ・ケイ　代表取締役　古屋　裕一,三宅　徹,,,平5. 12. 1,yakkyoku
薬局,34,0243818,有限会社　ワイズ薬局,広島市安佐南区山本４－２６－２３,082-871-7500,有限会社　ワイズ薬局　代表取締役　山口　朋子,山口　朋子,,,平6. 1. 1,yakkyoku
薬局,34,0243859,サザン薬局,広島市西区南観音６丁目１－６ドマーニタセイ,082-292-7767,有限会社　今田薬局　代表取締役　今田　恭生,今田　哲生,,,平6. 4. 1,yakkyoku
薬局,34,0243974,高陽りんご薬局,広島市安佐北区落合５丁目２－３４,082-845-5307,有限会社　ジェネックス　代表取締役　鼻戸　宏明,橋本　真明,,,平6. 9. 1,yakkyoku
薬局,34,0244055,あやめ薬局,広島市佐伯区五月が丘２－７－２４,082-941-3131,株式会社　ゆうしん　代表取締役　江種　俊文,山田　貴子,,,平12. 1. 1,yakkyoku
薬局,34,0244113,ナカス薬局,広島市安佐南区中須１丁目１６－５,082-870-5045,有限会社　ミック　取締役　松本　恭明,松浦　征也,,,平11. 5. 1,yakkyoku
薬局,34,0244154,スズキ薬局勝木店,広島市安佐北区亀山９丁目１３－１６,082-815-1969,有限会社　エス・ディ・アイ　代表取締役　鈴木　道昭,岩田　陽子,,,平6. 12. 1,yakkyoku
薬局,34,0244170,そうごう薬局草津店,広島市西区草津本町１５－２０,082-278-8315,総合メディカル株式会社　代表取締役　多田　荘一郎,野口　裕矢,,,平9. 5. 1,yakkyoku
薬局,34,0244196,ユアヘルス薬局,広島市佐伯区五日市駅前１丁目４－５五日市福屋１Ｆ,082-925-0317,有限会社　ネクサス　代表取締役　日野　源太郎,轉　雅之,,,平7. 3. 1,yakkyoku
薬局,34,0244261,アポロ薬局,広島市佐伯区海老園２－１１－１,082-921-5171,株式会社　ネクサス　代表取締役　川上　慶彰,横崎　富美子,,,平7. 8. 1,yakkyoku
薬局,34,0244303,健光堂薬局,広島市安佐南区緑井２－１７－８－１,082-870-9955,有限会社　ラスティ　代表取締役　二神　好章,芳野　順子,,,平7. 10. 1,yakkyoku
薬局,34,0244360,タウン薬局　高取店,広島市安佐南区高取北１－４－２５,082-878-0100,Ｔ＆Ｔタウンファーマ株式会社　代表取締役　藤井　正大,石本　誠,,,平8. 3. 1,yakkyoku
薬局,34,0244378,有限会社　すず薬局,広島市西区井口３－１０－２３アレスコスモビル１Ｆ,082-277-2444,有限会社　すず薬局　代表取締役　山倉　克章,山倉　克章,,,平8. 4. 1,yakkyoku
薬局,34,0244402,タウン薬局　安東店,広島市安佐南区安東２丁目１０－２,082-872-5511,Ｔ＆Ｔタウンファーマ株式会社　代表取締役　藤井　正大,大田　政毅,,,平13. 9. 1,yakkyoku
薬局,34,0244410,アロー薬局　安店,広島市安佐南区上安２丁目４－４０,082-872-5510,有限会社　広島アロー　取締役　前田　幹雄,品川　敦範,,,平19. 5. 1,yakkyoku
薬局,34,0244428,あきやぐち薬局,広島市安佐北区口田１－１５－１１,082-845-6060,有限会社　ジュンサプライ　代表取締役　飯田　徹哉,山本　孝子,,,平8. 4. 1,yakkyoku
薬局,34,0244436,ヒカリ薬局,広島市安佐南区上安６－２４－１５,082-872-8655,有限会社　ミック　取締役　松本　恭明,萩原　貴史,,,平8. 5. 1,yakkyoku
薬局,34,0244576,のぞみ薬局　本店,広島市安佐北区可部５丁目１４－１９,082-810-0270,株式会社フォーリーフ　代表取締役　藤川　久美子,日髙　良昌,,,平12. 7. 1,yakkyoku
薬局,34,0244592,サンケイ薬局八幡店,広島市佐伯区八幡東２－２８－５－１０２,082-927-8866,有限会社　恵悟　代表取締役　宗重　孝子,宗重　知恵子,,,平9. 5. 1,yakkyoku
薬局,34,0244600,こうぜん薬局,広島市安佐北区可部３丁目３８－２３,082-815-1021,株式会社　エスマイル　代表取締役　大下　訓生,内田　佳那,,,平9. 5. 1,yakkyoku
薬局,34,0244618,コスモス薬局緑井店,広島市安佐南区緑井２－１２－２６－１０１,082-830-0035,株式会社　リライアンス　代表取締役　重松　朋哉,松浦　隆之介,,,平9. 5. 1,yakkyoku
薬局,34,0244634,ドレミ薬局,広島市中区舟入南４－５－３,082-503-5125,株式会社　ネクサス　代表取締役　川上　慶彰,金廣　直子,,,平9. 6. 1,yakkyoku
薬局,34,0244667,河原町薬局,広島市中区河原町１１－１９基ビル１Ｆ,082-292-3033,有限会社ライカ薬局　代表取締役　吉田　康弘,松原　陽子,,,平11. 1. 1,yakkyoku
薬局,34,0244675,すばる薬局,広島市西区草津東１丁目８－１,082-272-3304,有限会社　今田薬局　代表取締役　今田　恭生,堀川　耕平,,,平9. 9. 1,yakkyoku
薬局,34,0244741,まえだ薬局　三篠北町店,広島市西区三篠北町１９－２７イケダビル１Ｆ,082-509-3280,株式会社ファインプラス　代表取締役　前田　修一,福本　恵,,,平17. 3. 1,yakkyoku
薬局,34,0244758,鈴が台薬局,広島市西区井口鈴が台３－５－２０,082-279-5708,有限会社　鈴が台薬局　取締役　柴田　洋子,川原　三永子,,,平10. 4. 1,yakkyoku
薬局,34,0244782,まえだ薬局西原店,広島市安佐南区西原１－２５－３９－４,082-850-0731,株式会社ファインプラス　代表取締役　前田　修一,横林　龍吾,,,平10. 4. 1,yakkyoku
薬局,34,0244840,ドレミ薬局,広島市安佐南区中須２丁目２０－４０,082-830-5222,株式会社ハーモニー　代表取締役　大前　進,和田　真佳,,,平10. 9. 1,yakkyoku
薬局,34,0244873,びーだま薬局,広島市安佐南区大町西１丁目１－１１,082-870-6422,有限会社　一福堂薬局　代表取締役　下田代　幹太,下田代　幹太,,,平15. 11. 1,yakkyoku
薬局,34,0244949,ドレミ薬局高陽店,広島市安佐北区口田１丁目９－３,082-841-0177,株式会社　ハーモニー　代表取締役　大前　進,佐々木　洋恵,,,平11. 9. 1,yakkyoku
薬局,34,0244964,有限会社　山陽堂薬局中広店,広島市西区中広町２丁目３－５,082-293-8201,有限会社　山陽堂　代表取締役　赤木　寛紀,井口　亜希子,,,平11. 11. 1,yakkyoku
薬局,34,0244972,そうごう薬局倉重店,広島市佐伯区倉重１丁目９６－１,082-943-7381,総合メディカル株式会社　代表取締役　多田　荘一郎,三上　礼華,,,平12. 2. 1,yakkyoku
薬局,34,0245003,アイビー薬局　可部,広島市安佐北区可部南４丁目９－１５,082-819-2033,有限会社　ケイムズ・メディカ　代表取締役　松岡　裕之,栗栖　駿,,,平19. 11. 1,yakkyoku
薬局,34,0245029,有限会社ＡＢＣ薬局,広島市西区己斐大迫２丁目１９－１０,082-507-2355,有限会社　ＡＢＣ薬局　代表取締役　北村　聡,佐藤　あんな,,,平12. 5. 1,yakkyoku
薬局,34,0245052,ドレミ薬局沼田店,広島市安佐南区伴東七丁目３８番１１号,082-849-5439,株式会社　ハーモニー　代表取締役　大前　進,前田　典子,,,平12. 10. 1,yakkyoku
薬局,34,0245060,パークフロント薬局,広島市安佐南区大塚西４丁目８－３１,082-849-5539,株式会社　ゆうしん　代表取締役　江種　俊文,川野　旭香,,,平19. 5. 1,yakkyoku
薬局,34,0245110,西大薬局　北店,広島市西区観音本町２丁目３－３第３サンパレス１０１号,082-233-8233,西大薬局有限会社　代表取締役　髙橋　強,髙橋　強,,,平13. 1. 1,yakkyoku
薬局,34,0245136,ノムラ薬局　亀山店,広島市安佐北区亀山７丁目５－１２,082-819-2600,有限会社　ノムラ調剤薬局　代表取締役　野村　祐仁,丸本　翔子,,,平13. 2. 1,yakkyoku
薬局,34,0245169,もみじが丘薬局,広島市西区己斐上２丁目３５－２３,082-274-0889,辰本　吉弘,辰本　洋子,,,平13. 5. 1,yakkyoku
薬局,34,0245193,フラワー薬局城山店,広島市佐伯区城山２丁目２－２,082-926-1801,フラワー調剤薬局有限会社　代表取締役　藤本　太志,大谷　和弘,,,平13. 6. 1,yakkyoku
薬局,34,0245219,エスマイル薬局おちあい店,広島市安佐北区落合１丁目１３－６,082-841-3820,株式会社　エスマイル　代表取締役　大下　訓生,津村　優樹,,,平13. 8. 1,yakkyoku
薬局,34,0245243,りら薬局,広島市西区己斐上２丁目１１－５,082-507-3319,有限会社　ミック　取締役　松本　恭明,瀨　安國,,,平13. 9. 1,yakkyoku
薬局,34,0245268,かえで薬局,広島市安佐南区八木４丁目６－７,082-873-3036,有限会社　ホンゴウ　代表取締役　竹本　信広,柴田　邦世,,,平13. 10. 1,yakkyoku
薬局,34,0245276,ロイヤル薬局,広島市西区天満町１７－２１,082-293-1200,有限会社　ティー・アール・ピー　取締役　山手　美由紀,佐賀　雅代,,,平13. 10. 1,yakkyoku
薬局,34,0245284,有限会社　ハイクリーン薬局,広島市西区己斐本町３丁目５－１４,082-274-6941,有限会社　ハイクリーン薬局　代表取締役　坂田　絵麗,中村　桂子,,,平15. 5. 1,yakkyoku
薬局,34,0245292,南海老園　豊見薬局,広島市佐伯区海老園１丁目８－２５,082-943-5325,有限会社　豊見薬局　代表取締役　豊見　雅文,豊見　敦,,,平13. 10. 1,yakkyoku
薬局,34,0245318,高陽タカズミ薬局,広島市安佐北区口田南８丁目１４－１４,082-840-0065,有限会社　ユーヴ　代表取締役　河野　信夫,神戸　由佳,,,平13. 12. 1,yakkyoku
薬局,34,0245326,千幸堂薬局,広島市西区己斐本町２丁目１－１－１０２,082-507-3393,有限会社　千幸堂　代表取締役　赤座　正樹,赤　千幸,,,平13. 12. 1,yakkyoku
薬局,34,0245359,楽々園しみず薬局,広島市佐伯区楽々園２丁目２－１３－１０１号,082-924-4193,株式会社　ドラッグしみず　代表取締役　清水　満明,籔本　浩子,,,平14. 4. 1,yakkyoku
薬局,34,0245367,あいおい橋薬局,広島市中区本川町１丁目１－２６山根ビル１階,082-294-9339,有限会社　エムアンドアール　代表取締役　石井　佑弥,三谷　往路,,,平14. 4. 1,yakkyoku
薬局,34,0245375,有限会社加藤薬局　にしはらの加藤薬局,広島市安佐南区西原６丁目２－１６,082-832-2302,有限会社　加藤薬局　代表取締役　加藤　頼孝,加藤　広毅,,,平14. 4. 1,yakkyoku
薬局,34,0245383,井口ぽっぽ薬局,広島市西区井口３丁目６－４２,082-270-5599,株式会社　ゆうしん　代表取締役　江種　俊文,箕浦　千鶴,,,平14. 4. 1,yakkyoku
薬局,34,0245391,きた薬局,広島市安佐北区亀山２－６－２２,082-814-8543,有限会社ユニファイ　取締役　岡　訓弘,岡　訓弘,,,平14. 6. 1,yakkyoku
薬局,34,0245425,日本調剤　安佐北薬局,広島市安佐北区可部南５丁目１３－１４,082-819-3190,日本調剤株式会社　代表取締役　小城　和紀,板垣　美千代,,,平14. 8. 1,yakkyoku
薬局,34,0245433,コイン通り薬局,広島市佐伯区五日市中央２丁目１－１０,082-943-6879,有限会社敬愛ファーマシー　代表取締役　安田　敬子,安田　敬子,,,平14. 8. 1,yakkyoku
薬局,34,0245441,あおぞら薬局,広島市安佐北区亀山７丁目１－３,082-815-1410,有限会社　エムアンドアール　代表取締役　石井　佑弥,裏　崇志,,,平14. 9. 1,yakkyoku
薬局,34,0245466,有限会社　後藤　ふれあい薬局,広島市西区草津新町２丁目８－１３,082-279-5282,有限会社　後藤　ふれあい薬局　代表取締役　後藤　正明,後藤　正明,,,平14. 11. 1,yakkyoku
薬局,34,0245508,大林スマイル薬局,広島市安佐北区大林１丁目２１－３４,082-810-5082,有限会社　メディスン　代表取締役　橋井　郁男,富田　則子,,,平15. 4. 1,yakkyoku
薬局,34,0245532,五日市グリーン薬局,広島市佐伯区五日市４丁目４－２７,082-921-6840,有限会社エスアイファーマシー　取締役　鈴木　明,松岡　真,,,平15. 5. 1,yakkyoku
薬局,34,0245565,（有）エヌ・イー・ピーさくら薬局,広島市中区猫屋町１－１６吉田ビル１階,082-297-0500,有限会社　エヌ・イー・ピー　代表取締役　大下　幹登,松本　ゆかり,,,平15. 6. 1,yakkyoku
薬局,34,0245573,のぞみ薬局可部南店,広島市安佐北区可部南２丁目１４－１５,082-819-3325,株式会社フォーリーフ　代表取締役　藤川　久美子,山延　希,,,平15. 6. 1,yakkyoku
薬局,34,0245615,エイコー堂薬局スパーク佐方店,広島市佐伯区三筋２丁目１０－４１,082-924-2513,西本　幸子,西本　司,,,平15. 11. 1,yakkyoku
薬局,34,0245656,サルーテ薬局,広島市佐伯区五日市４丁目１４番９－２号,082-943-8343,有限会社　ネクサス　代表取締役　日野　源太郎,池田　たまみ,,,平15. 9. 1,yakkyoku
薬局,34,0245664,エスマイル薬局口田南店,広島市安佐北区口田南７丁目１２番２７,082-841-5925,株式会社　エスマイル　代表取締役　大下　訓生,堀河　圭吾,,,平15. 9. 1,yakkyoku
薬局,34,0245680,フレア薬局,広島市西区西観音町２３－１７,082-532-0480,有限会社　ミック　取締役　松本　恭明,上地　智輝,,,平15. 10. 1,yakkyoku
薬局,34,0245698,亀崎りんご薬局,広島市安佐北区亀崎１丁目２－４,082-842-8668,有限会社　アウラ・メディカル　代表取締役　鼻戸　宏明,田中　裕二郎,,,平15. 10. 1,yakkyoku
薬局,34,0245789,スマイル薬局　観音店,広島市西区東観音町９－１４,082-297-3737,有限会社　サクセス　代表取締役　橋井　郁男,福田　晴美,,,平16. 10. 1,yakkyoku
薬局,34,0245839,全快堂薬局　五日市店,広島市佐伯区八幡東３丁目２５－１９－２,082-926-4730,株式会社　全快堂　代表取締役　柏木　承子,林　有一,,,平16. 11. 1,yakkyoku
薬局,34,0245946,オール薬局　山本店,広島市安佐南区山本１丁目１１－１０,082-875-0008,マイライフ　株式会社　代表取締役　糸賀　誠,高橋　久美江,,,平17. 4. 1,yakkyoku
薬局,34,0245953,ひまわり薬局　佐伯店,広島市佐伯区八幡東３丁目１１－２８,082-926-4771,株式会社ピーエムシー企画　代表取締役　流田　康雄,髙浪　祥子,,,平17. 6. 1,yakkyoku
薬局,34,0245995,オズ薬局緑井店,広島市安佐南区緑井３丁目１４－８,082-876-2860,株式会社　キオラ　代表取締役　大迫　睦己,南淵　雅美,,,平17. 6. 1,yakkyoku
薬局,34,0246019,コスモス薬局　勝木台店,広島市安佐北区亀山西１丁目２－１,082-819-3550,株式会社　リライアンス　代表取締役　重松　朋哉,佐藤　圭一,,,平17. 8. 1,yakkyoku
薬局,34,0246027,栗岡共栄薬局水内店,広島市佐伯区湯来町大字下字久賀市９９４,0826-25-1235,有限会社　栗岡共栄薬局　代表取締役　大賀　久嗣,天王　真一郎,,,平17. 9. 1,yakkyoku
薬局,34,0246068,タウン薬局　己斐店,広島市西区己斐上１丁目１１－４０,082-271-7177,Ｔ＆Ｔタウンファーマ株式会社　代表取締役　藤井　正大,木村　萌,,,平18. 1. 1,yakkyoku
薬局,34,0246100,有限会社加藤薬局　ぎおんの加藤薬局,広島市安佐南区西原４丁目１０－１４,082-881-0686,有限会社　加藤薬局　代表取締役　加藤　頼孝,竹田　務,,,平18. 4. 1,yakkyoku
薬局,34,0246118,湯来しみず薬局,広島市佐伯区湯来町大字白砂５８８－１,0829-40-5770,株式会社　ドラッグしみず　代表取締役　清水　満明,清水　満明,,,平18. 4. 1,yakkyoku
薬局,34,0246126,あかね薬局　八木店,広島市安佐南区八木８丁目１１－１１,082-830-2315,有限会社　エムアンドアール　代表取締役　石井　佑弥,増田　千鶴子,,,平18. 4. 1,yakkyoku
薬局,34,0246134,マロン薬局,広島市西区三篠町３丁目２１－１４高品ビル１Ｆ,082-537-2100,有限会社　今田薬局　代表取締役　今田　恭生,磯部　佳代,,,平18. 4. 1,yakkyoku
薬局,34,0246142,こばと薬局　高須店,広島市西区庚午北２丁目２２－４－１０１,082-507-8410,有限会社ティーアンドワイ　代表取締役　田邊　章治,中島　丈雄,,,平18. 4. 1,yakkyoku
薬局,34,0246183,ぎおん中央薬局,広島市安佐南区祇園２丁目１２－２７,082-871-7775,株式会社　安佐南調剤センター　代表取締役　鈴木　明枝,三宅　公彦,,,平18. 9. 1,yakkyoku
薬局,34,0246225,ミント薬局　川内店,広島市安佐南区川内５丁目３１－１０,082-830-0909,株式会社　ＳＩＮＣＥＲＥＬＹ　代表取締役　谷口　善繁,島原　隆行,,,平18. 10. 1,yakkyoku
薬局,34,0246233,すずらん薬局　五日市観音店,広島市佐伯区坪井１丁目２１－４４,082-943-5521,株式会社　ホロン　代表取締役　古屋　裕一,内田　和也,,,平18. 11. 1,yakkyoku
薬局,34,0246241,株式会社ジェイ・ウィル　さくら薬局大町店,広島市安佐南区大町東２丁目１２－２５,082-877-1257,株式会社　ジェイ・ウィル　代表取締役　大下　幹登,谷口　雅敏,,,平18. 12. 1,yakkyoku
薬局,34,0246258,オズ薬局五日市八幡東店,広島市佐伯区八幡東２丁目２８－５５,082-926-2323,株式会社　キオラ　代表取締役　大迫　睦己,川本　壮一郎,,,平18. 12. 1,yakkyoku
薬局,34,0246282,めぐみ薬局,広島市西区東観音町２０－１８,082-296-7320,株式会社　西日本調剤　代表取締役　則清　孝之,井手　由佳子,,,平19. 1. 1,yakkyoku
薬局,34,0246308,オリーブ薬局　口田東店,広島市安佐北区口田３丁目３２－２,082-841-5280,株式会社　エスマイル　代表取締役　大下　訓生,山田　恵,,,平19. 3. 1,yakkyoku
薬局,34,0246316,佐々木薬局,広島市安佐南区西原５丁目１９－１４－４－１０３,082-874-1885,于　倩,佐々木　良忠,,,平19. 3. 1,yakkyoku
薬局,34,0246357,ここから薬局　緑井店,広島市安佐南区緑井６丁目２７－１２,082-831-1102,Ｔ＆Ｔネットワーク株式会社　代表取締役　藤井　正大,中田　玲子,,,平19. 5. 1,yakkyoku
薬局,34,0246365,すずらん薬局　庚午店,広島市西区庚午中３丁目６－１１,082-507-0201,株式会社　ホロン　代表取締役　古屋　裕一,柳原　佳苗,,,平19. 7. 1,yakkyoku
薬局,34,0246423,Ａシティ薬局,広島市安佐南区大塚西３丁目１３－２０,082-848-8111,株式会社　ゆうしん　代表取締役　江種　俊文,上田　京子,,,平19. 9. 1,yakkyoku
薬局,34,0246456,可部スマイル薬局,広島市安佐北区可部２丁目４０－２０,082-819-0651,有限会社　メディスン　代表取締役　橋井　郁男,佐々木　香織,,,平19. 10. 1,yakkyoku
薬局,34,0246464,宮本薬局,広島市西区古江東町７－８,082-271-5662,有限会社　かぼちゃくらぶ　代表取締役　宮永　尊則,宮本　明果,,,平19. 11. 1,yakkyoku
薬局,34,0246480,オリタ薬局　可部店,広島市安佐北区可部７丁目６－２,082-812-3070,株式会社　オリタ　代表取締役　折田　幸太郎,折田　幸太郎,,,平19. 12. 1,yakkyoku
薬局,34,0246506,大和屋漢方薬局,広島市中区西川口町１２－９,082-232-1212,斉藤　博幸,斉藤　泉,,,平20. 1. 18,yakkyoku
薬局,34,0246514,コスモス薬局　小網町店,広島市中区堺町２丁目６－１１－３,082-532-0880,株式会社　リライアンス　代表取締役　重松　朋哉,福留　一紗,,,平20. 3. 1,yakkyoku
薬局,34,0246522,すずらん薬局　川内店,広島市安佐南区川内１－１５－３,082-831-2800,株式会社　ホロン　代表取締役　古屋　裕一,小下　和也,,,平20. 4. 1,yakkyoku
薬局,34,0246548,ファインしみず薬局,広島市佐伯区楽々園２丁目２－２,082-299-1193,株式会社　ドラッグしみず　代表取締役　清水　満明,國本　優子,,,平20. 4. 1,yakkyoku
薬局,34,0246563,コスモス薬局　己斐店,広島市西区己斐本町３－１１－９,082-507-0345,株式会社　リライアンス　代表取締役　重松　朋哉,兒玉　祝子,,,平20. 8. 1,yakkyoku
薬局,34,0246571,ミント薬局　西原店,広島市安佐南区西原８丁目１－１５－２０１,082-874-5454,株式会社　ＳＩＮＣＥＲＥＬＹ　代表取締役　谷口　善繁,大田　祐子,,,平20. 9. 25,yakkyoku
薬局,34,0246597,純薬（株）　新宮アゼリア薬局,広島市佐伯区新宮苑１１－２１,082-573-8165,純薬株式会社　代表取締役　橋井　郁男,池田　和彦,,,平20. 11. 7,yakkyoku
薬局,34,0246605,オール薬局　沼田店,広島市安佐南区伴東５丁目１９番２３号,082-849-5567,マイライフ株式会社　代表取締役　糸賀　誠,安長　和幸,,,平20. 12. 1,yakkyoku
薬局,34,0246621,コスモス薬局　大町店,広島市安佐南区大町東２－７－２５－５ＴＯビル１階,082-870-5840,株式会社　リライアンス　代表取締役　重松　朋哉,大島　千恵,,,平21. 3. 1,yakkyoku
薬局,34,0246639,有限会社　林薬局　北祇園店,広島市安佐南区祇園６－２１－８,082-962-3480,有限会社　林薬局　代表取締役　林　直隆,林　雄二郎,,,平21. 3. 1,yakkyoku
薬局,34,0246670,のぞみ薬局　可部西店,広島市安佐北区可部４丁目６－２　ＹＮビル１０２,082-819-2277,株式会社フォーリーフ　代表取締役　藤川　久美子,角野　幸子,,,平21. 4. 1,yakkyoku
薬局,34,0246712,らいおん薬局,広島市中区猫屋町１番１８号,082-942-5705,有限会社ホンゴウ　代表取締役　竹本　信広,竹本　貴明,,,平21. 5. 1,yakkyoku
薬局,34,0246746,ぎおん薬局,広島市安佐南区祇園二丁目４２－１３,082-875-1245,株式会社　広島メディカルサービス　代表取締役　藤川　美幸,藤川　美幸,,,平21. 6. 1,yakkyoku
薬局,34,0246761,エスマイル薬局ひので店,広島市中区猫屋町１－１７,082-297-5222,株式会社　エスマイル　代表取締役　大下　訓生,重枝　二美子,,,平21. 7. 1,yakkyoku
薬局,34,0246787,アイワ薬局　井口鈴峰,広島市西区井口３丁目１０－２０,082-270-3930,株式会社　愛和メディカル　代表取締役社長　中野　真豪,中野　真豪,,,平21. 8. 1,yakkyoku
薬局,34,0246795,オール薬局　深川店,広島市安佐北区深川５丁目３９－３,082-845-0707,マイライフ株式会社　代表取締役　糸賀　誠,吉本　夏未,,,平21. 10. 1,yakkyoku
薬局,34,0246811,すみれ薬局,広島市安佐北区三入６－２１－３,082-810-1450,有限会社　ヤマオコーポレーション　代表取締役　山尾　ひとみ,岡本　美雪,,,平21. 10. 1,yakkyoku
薬局,34,0246829,エリア薬局,広島市安佐南区相田２丁目４－８,082-962-3771,有限会社　ミック　取締役　松本　恭明,源内　麻未,,,平21. 10. 1,yakkyoku
薬局,34,0246837,あさがお薬局,広島市佐伯区五日市２丁目９番１０－４号,082-924-7722,株式会社　ゆうしん　代表取締役　江種　俊文,小迫　茂,,,平21. 10. 1,yakkyoku
薬局,34,0246878,三上漢方薬局,広島市安佐北区可部７丁目３－６,082-814-4799,三上　眞子,三上　眞子,,,平22. 1. 1,yakkyoku
薬局,34,0246910,落合ポテト薬局,広島市安佐北区落合南１－１１－１３,082-841-3755,株式会社　ユーワ　代表取締役　吉川　正男,三宅　季彦,,,平22. 1. 1,yakkyoku
薬局,34,0246944,ウォンツ長楽寺薬局,広島市安佐南区長楽寺１－２９－２５,082-872-1701,株式会社ツルハグループドラッグ＆ファーマシー西日本　代表取締役社長　村上　正一,加田　優奈,,,平22. 3. 1,yakkyoku
薬局,34,0246951,ウォンツ己斐駅前薬局,広島市西区己斐本町１－９－２４,082-507-5381,株式会社ツルハグループドラッグ＆ファーマシー西日本　代表取締役社長　村上　正一,宮本　梨沙,,,平22. 3. 1,yakkyoku
薬局,34,0246969,ウォンツ高陽矢口薬局,広島市安佐北区口田１－２１－２３,082-841-4220,株式会社ツルハグループドラッグ＆ファーマシー西日本　代表取締役社長　村上　正一,小松　昌裕,,,平22. 3. 1,yakkyoku
薬局,34,0246985,ウォンツ横川駅ビル薬局,広島市西区横川町３－２－２９,082-503-6097,株式会社ツルハグループドラッグ＆ファーマシー西日本　代表取締役社長　村上　正一,城戸　将平,,,平22. 3. 1,yakkyoku
薬局,34,0246993,ウォンツ相田薬局,広島市安佐南区相田１－３－１８,082-832-7721,株式会社ツルハグループドラッグ＆ファーマシー西日本　代表取締役社長　村上　正一,小川　誠,,,平22. 3. 1,yakkyoku
薬局,34,0247025,ウォンツ舟入本町薬局,広島市中区舟入本町１３－６,082-532-8577,株式会社ツルハグループドラッグ＆ファーマシー西日本　代表取締役社長　村上　正一,中村　夏穂,,,平22. 3. 1,yakkyoku
薬局,34,0247041,ミント薬局　草津店,広島市西区草津南四丁目６番５－２,082-270-3337,株式会社　ＳＩＮＣＥＲＥＬＹ　代表取締役　谷口　善繁,中下　智惠,,,平22. 7. 1,yakkyoku
薬局,34,0247082,オズ薬局　可部店,広島市安佐北区可部４丁目２３－１３,082-815-8855,株式会社　キオラ　代表取締役　大迫　睦己,佐藤　隆寛,,,平22. 11. 1,yakkyoku
薬局,34,0247108,コスモス薬局　相田店,広島市安佐南区安東２－１４－１９,082-878-5702,株式会社　リライアンス　代表取締役　重松　朋哉,檜井　正一,,,平22. 12. 1,yakkyoku
薬局,34,0247116,オール薬局　五日市店,広島市佐伯区五日市駅前１丁目５－１８－１０１,082-924-5733,マイライフ株式会社　代表取締役　糸賀　誠,畝本　真敬,,,平22. 12. 1,yakkyoku
薬局,34,0247140,こごみ薬局,広島市西区草津梅が台１２－５,082-961-3261,有限会社みわ薬局　代表取締役　栗原　正亮,栗原　正亮,,,平23. 3. 1,yakkyoku
薬局,34,0247157,イオン薬局　広島祇園店,広島市安佐南区祇園３丁目２－１イオン広島祇園店１階,082-832-3105,イオンリテール株式会社　代表取締役　古澤　康之,海出　明聡,,,平23. 3. 1,yakkyoku
薬局,34,0247173,はなぶさ一心堂薬局,広島市佐伯区五日市駅前３丁目５－１３,082-924-1118,有限会社　テンヤク　代表取締役　篠本　秀典,篠本　敏子,,,平23. 8. 1,yakkyoku
薬局,34,0247199,五日市薬局,広島市佐伯区旭園６番１２号,082-943-5363,株式会社エスマイル　代表取締役　大下　訓生,加藤　雅也,,,平23. 10. 1,yakkyoku
薬局,34,0247207,エスマイル薬局緑井店,広島市安佐南区緑井１－５－１－２０２,082-831-8244,株式会社エスマイル　代表取締役　大下　訓生,尾首　奈保,,,平23. 10. 1,yakkyoku
薬局,34,0247215,エスマイル薬局プラザ店,広島市西区横川町２丁目７番１９号,082-503-8008,株式会社エスマイル　代表取締役　大下　訓生,新田　仁,,,平23. 10. 1,yakkyoku
薬局,34,0247223,海老山薬局,広島市佐伯区海老山町７番１１号,082-943-8962,株式会社エスマイル　代表取締役　大下　訓生,松浦　豪之,,,平23. 10. 1,yakkyoku
薬局,34,0247231,エスマイル薬局長楽寺店,広島市安佐南区長楽寺２丁目１３－３０,082-832-6441,株式会社エスマイル　代表取締役　大下　訓生,岡嵜　由子,,,平23. 10. 1,yakkyoku
薬局,34,0247256,そうごう薬局　安川通り店,広島市安佐南区相田１－１４－４,082-832-8311,総合メディカル株式会社　代表取締役　多田　荘一郎,高下　優希,,,平23. 11. 1,yakkyoku
薬局,34,0247264,蔵本薬局,広島市安佐南区西原八丁目２８番７号,082-962-1003,株式会社　蔵本薬局　代表取締役　藏本　恵,片瀬　敦,,,平23. 11. 1,yakkyoku
薬局,34,0247272,青葉薬局,広島市西区井口台２丁目２２－４,082-276-2431,有限会社ミック　取締役　松本　恭明,奥家　無双,,,平23. 11. 1,yakkyoku
薬局,34,0247298,すずらん薬局舟入店,広島市中区舟入南４丁目１－６３　２階,082-532-4193,株式会社　ホロン　代表取締役　古屋　裕一,河村　晃司,,,平24. 1. 1,yakkyoku
薬局,34,0247306,そうごう薬局　五日市中央店,広島市佐伯区五日市中央３丁目８－１４,082-943-5031,総合メディカル株式会社　代表取締役　多田　荘一郎,梶谷　梨絵,,,平24. 3. 1,yakkyoku
薬局,34,0247314,ペンギン薬局,広島市西区都町２３－１１,082-503-4617,有限会社ペンギン薬局　代表取締役　下角　千代,下角　千代,,,平24. 4. 1,yakkyoku
薬局,34,0247322,ウォンツ薬局　古江駅前店,広島市西区庚午中２丁目１９－２０,082-507-2066,株式会社　ツルハグループ　ドラッグ＆ファーマシー西日本　代表取締役社長　村上　正一,竹田　健太郎,,,平24. 4. 1,yakkyoku
薬局,34,0247348,レデイ薬局　長楽寺店,広島市安佐南区長楽寺１丁目３番１６号,082-836-3007,株式会社　レデイ薬局　代表取締役　藤田　和郎,大上　善之,,,平24. 4. 1,yakkyoku
薬局,34,0247397,なごみ薬局,広島市西区横川町３丁目１０番１８号,082-297-5050,株式会社　ビッグ　代表取締役　東　良政,石見　篤之,,,平24. 5. 1,yakkyoku
薬局,34,0247405,薬局ドラッグス　ソウ　フレスタ　波出石店,広島市佐伯区五日市中央７丁目１６番２６号,082-924-5068,株式会社　ドラッグス　ソウ　代表取締役　宗　文彦,宗　文彦,,,平24. 6. 1,yakkyoku
薬局,34,0247413,マスダ薬局,広島市安佐南区祇園６丁目１７－１２,082-874-7015,増田　和彦,増田　和彦,,,平24. 7. 1,yakkyoku
薬局,34,0247421,もろき薬局,広島市安佐北区落合南７丁目４番２１号,082-843-4800,株式会社　エスマイル　代表取締役　大下　訓生,広原　敬子,,,平24. 9. 1,yakkyoku
薬局,34,0247439,キララ薬局　五日市北口店,広島市佐伯区五日市駅前１丁目１１－５,082-943-4186,株式会社　ネクサス　代表取締役　川上　慶彰,植野　卓磨,,,平24. 9. 1,yakkyoku
薬局,34,0247454,ペリカン薬局,広島市安佐南区上安２丁目２０－４０,082-846-6021,有限会社経絡社　代表取締役　片山　亜紀彦,片山　亜紀彦,,,平24. 10. 1,yakkyoku
薬局,34,0247504,沼田スマイル薬局,広島市安佐南区伴中央４丁目７－８,082-555-8221,有限会社　メディスン　代表取締役　橋井　郁男,富田　達史,,,平25. 4. 1,yakkyoku
薬局,34,0247553,楠木プラス薬局,広島市西区楠木町四丁目１６番１９号,082-509-3388,株式会社　ファインプラス　代表取締役　前田　修一,杉本　英子,,,平25. 10. 1,yakkyoku
薬局,34,0247561,ぶどう薬局,広島市安佐南区西原八丁目３３番３号,082-874-8788,株式会社　ウェルコネクト　代表取締役　村山　良太,渡部　亜美,,,平25. 11. 1,yakkyoku
薬局,34,0247587,コスモ薬局　桐陽台店,広島市安佐北区三入東一丁目３０番２３号,082-516-5321,株式会社　ドレミ　代表取締役　川上　慶彰,日野　大輔,,,平25. 12. 1,yakkyoku
薬局,34,0247603,チェリー薬局,広島市佐伯区利松一丁目８番５３号,082-208-1182,株式会社　ゆうしん　代表取締役　江種　俊文,守谷　聖子,,,平26. 1. 1,yakkyoku
薬局,34,0247629,なかがわ薬局　舟入店,広島市中区舟入川口町４番１６号　１階,082-275-6712,株式会社　グラム　代表取締役　中川　広美,銀　安,,,平26. 2. 1,yakkyoku
薬局,34,0247637,祇園プラス薬局,広島市安佐南区祇園三丁目１２番１２－１号,082-225-7158,株式会社　ファインプラス　代表取締役　前田　修一,松尾　圭子,,,平26. 2. 1,yakkyoku
薬局,34,0247645,ヨコガワ薬局,広島市西区横川新町５番１号　１階,082-208-1136,有限会社　府中ファーマシー　代表取締役　中栖　真次,小島　有紀,,,平26. 2. 1,yakkyoku
薬局,34,0247652,中電前薬局,広島市中区大手町三丁目１番１４号,082-249-9299,株式会社中央ファーマシー　代表取締役　山戸　恒枝,水野　栄子,,,平26. 4. 6,yakkyoku
薬局,34,0247660,みやなが薬局　己斐店,広島市西区己斐本町三丁目１番１号　桧垣ビル１Ｆ,082-507-0321,有限会社かぼちゃくらぶ　代表取締役　宮永　尊則,宮永　尊則,,,平26. 4. 5,yakkyoku
薬局,34,0247686,ウォンツ　己斐本町薬局,広島市西区己斐本町二丁目１３番２４号,082-507-6377,株式会社ツルハグループドラッグ＆ファーマシー西日本　代表取締役社長　村上　正一,川口　友美,,,平26. 5. 1,yakkyoku
薬局,34,0247694,ライフしみず薬局,広島市佐伯区楽々園四丁目５番２号,082-208-1193,株式会社　ドラッグしみず　代表取締役　清水　満明,林　香里,,,平26. 6. 1,yakkyoku
薬局,34,0247710,ウォンツ　祇園薬局,広島市安佐南区祇園三丁目１５番２１号,082-850-2677,株式会社　ツルハグループ　ドラッグ＆ファーマシー西日本　代表取締役社長　村上　正一,立川　智洋,,,平26. 9. 1,yakkyoku
薬局,34,0247728,ミント薬局　せせらぎ店,広島市安佐南区川内五丁目１４番２４－１０１号,082-831-5505,株式会社　ＳＩＮＣＥＲＥＬＹ　代表取締役　谷口　善繁,大塚　智香,,,平26. 10. 1,yakkyoku
薬局,34,0247736,薬局　ドラッグス　ソウ　北口店,広島市佐伯区五日市駅前三丁目４番１５－１号,082-925-5050,株式会社　ドラッグス　ソウ　代表取締役　宗　文彦,山下　弘実,,,平26. 9. 1,yakkyoku
薬局,34,0247744,なかしま薬局,広島市安佐北区可部南四丁目１７番１０－１０１号,082-819-1681,株式会社　エスマイル　代表取締役　大下　訓生,中野　有子,,,平26. 9. 1,yakkyoku
薬局,34,0247769,林薬局　上祇園店,広島市安佐南区祇園二丁目２２番２４号,082-850-2203,有限会社　林薬局　代表取締役　林　直隆,林　真理子,,,平26. 9. 1,yakkyoku
薬局,34,0247777,豊見薬局,広島市佐伯区旭園２番２２号,082-921-0049,有限会社　豊見薬局　代表取締役　豊見　雅文,豊見　雅文,,,平26. 11. 2,yakkyoku
薬局,34,0247785,スカイ薬局　緑井店,広島市安佐南区緑井二丁目１１番１５号,082-877-7902,３４株式会社　代表取締役　荒田　吉丸,荒田　吉丸,,,平26. 12. 1,yakkyoku
薬局,34,0247801,相田薬局,広島市安佐南区相田一丁目１０番１５号,082-878-2525,株式会社　Ａファルマ　代表取締役　青野　拓郎,青野　拓郎,,,平27. 9. 1,yakkyoku
薬局,34,0247843,みらい薬局,広島市西区南観音二丁目３番３７号,082-503-3070,株式会社ＭＩＲＡＩ　代表取締役　田中　奈穂,田中　宏明,,,平27. 12. 1,yakkyoku
薬局,34,0247868,すずらん薬局　上安店,広島市安佐南区上安二丁目２９番１１号,082-836-3790,株式会社　ホロン　代表取締役　古屋　裕一,立本　さやか,,,平28. 4. 1,yakkyoku
薬局,34,0247884,ウォンツ井口明神薬局,広島市西区井口明神一丁目１番１０号,082-270-3122,株式会社ツルハグループドラッグ＆ファーマシー西日本　代表取締役社長　村上　正一,谷口　諒,,,平28. 4. 1,yakkyoku
薬局,34,0247892,ミント薬局舟入店,広島市中区舟入本町１３－２２,082-233-3177,株式会社ＳＩＮＣＥＲＥＬＹ　代表取締役　谷口　善繁,二場　美佐枝,,,平28. 4. 1,yakkyoku
薬局,34,0247918,すずらん薬局舟入本町店,広島市中区舟入本町７－１６,082-294-6281,株式会社ホロン　代表取締役　古屋　裕一,山田　梨絵,,,平28. 4. 1,yakkyoku
薬局,34,0247934,みなが薬局,広島市佐伯区皆賀二丁目２番２３号,082-922-8010,藤原　優,藤原　優,,,平28. 8. 1,yakkyoku
薬局,34,0247942,オール薬局　舟入店,広島市中区舟入幸町４番２号　１Ｆ,082-232-5522,マイライフ株式会社　代表取締役　糸賀　誠,川波　知裕,,,平28. 9. 1,yakkyoku
薬局,34,0247959,ウォンツ　八木城南薬局,広島市安佐南区八木一丁目２８番９号,082-873-6770,株式会社　ツルハグループドラッグ＆ファーマシー西日本　代表取締役社長　村上　正一,吉田　友哉,,,平28. 9. 1,yakkyoku
薬局,34,0247967,ウォンツ　八幡西薬局,広島市佐伯区八幡東三丁目１９番８号,082-927-0337,株式会社　ツルハグループドラッグ＆ファーマシー西日本　代表取締役社長　村上　正一,藤井　健輔,,,平28. 9. 1,yakkyoku
薬局,34,0248015,ウォンツ　舟入市民病院前薬局,広島市中区舟入本町８番１号,082-503-6632,株式会社　ツルハグループドラッグ＆ファーマシー西日本　代表取締役社長　村上　正一,藤谷　瑞稀,,,平29. 1. 1,yakkyoku
薬局,34,0248023,ふじい薬局調剤,広島市安佐南区長束一丁目２番２２号,082-874-0777,株式会社　フジイ薬局　代表取締役　藤井　竜也,藤井　竜也,,,平29. 2. 1,yakkyoku
薬局,34,0248031,ミント薬局　高陽店,広島市安佐北区落合南一丁目１１番２０号,082-845-2511,株式会社　ＳＩＮＣＥＲＥＬＹ　代表取締役　谷口　善繁,生　考紀,,,平29. 3. 1,yakkyoku
薬局,34,0248049,オール薬局　五日市西店,広島市佐伯区五日市一丁目１４番２７－１０２号,082-943-7717,マイライフ株式会社　代表取締役　糸賀　誠,大道　理沙,,,平29. 4. 1,yakkyoku
薬局,34,0248056,のぞみ薬局　高陽店,広島市安佐北区落合五丁目２５番１号,082-841-6330,株式会社　フォーリーフ　代表取締役　藤川　久美子,伊藤　愛,,,平29. 4. 1,yakkyoku
薬局,34,0248072,エルク薬局,広島市西区小河内町２－１５－８,082-292-1058,株式会社ＥＬＫ　代表取締役　長島　寛直,長島　雅美,,,平29. 4. 1,yakkyoku
薬局,34,0248098,ひまわり薬局　天満店,広島市西区天満町１４－１１　１階,082-297-4551,株式会社ピーエムシー企画　代表取締役　流田　康雄,藤原　英佑己,,,平29. 7. 1,yakkyoku
薬局,34,0248106,三篠アルファ薬局,広島市西区三篠北町１９番１６号　１Ｆ,082-230-3044,有限会社　ミック　取締役　松本　恭明,田　春海,,,平29. 7. 1,yakkyoku
薬局,34,0248114,いとう薬局,広島市中区西十日市町１番２７号,082-503-5520,株式会社　げいほく薬局　代表取締役　宮本　あや子,伊藤　眞紀子,,,平29. 8. 1,yakkyoku
薬局,34,0248122,薬局ドラッグス　ソウ,広島市佐伯区旭園４番２９号　１Ｆ,082-921-7865,株式会社ドラッグス　ソウ　代表取締役　宗　文彦,藤本　睦,,,平29. 10. 23,yakkyoku
薬局,34,0248130,薬局　ドラッグス　ソウ　南口店,広島市佐伯区旭園４番３５号　１Ｆ,082-924-8120,株式会社　ドラッグス　ソウ　代表取締役　宗　文彦,増原　明子,,,平29. 12. 1,yakkyoku
薬局,34,0248148,ウォンツ　楠木薬局,広島市西区楠木町三丁目１番１０号,082-509-0570,株式会社　ツルハグループドラッグ＆ファーマシー西日本　代表取締役社長　村上　正一,村上　佳大,,,平29. 12. 1,yakkyoku
薬局,34,0248155,ウォンツ口田薬局,広島市安佐北区口田三丁目３０番４号,082-841-2841,株式会社　ツルハグループドラッグ＆ファーマシー西日本　代表取締役社長　村上　正一,深見　治季,,,平30. 4. 1,yakkyoku
薬局,34,0248163,ひがしの薬局,広島市安佐南区東野二丁目１２番１５号　１Ｆ,082-962-2241,濱田　博文,濱田　博文,,,平30. 4. 1,yakkyoku
薬局,34,0248171,あさひが丘薬局,広島市安佐北区あさひが丘七丁目１５番３３号,082-838-4132,株式会社健幸商会　代表取締役　渡利　健治,渡利　健治,,,平30. 4. 1,yakkyoku
薬局,34,0248189,アレス薬局可部店,広島市安佐北区可部六丁目３番２４号,082-819-1133,有限会社アレス薬局　代表取締役　大谷　浩司,大谷　浩司,,,平30. 5. 1,yakkyoku
薬局,34,0248205,中筋アトム薬局,広島市安佐南区中筋一丁目３番１１号　１Ｆ,082-830-5625,有限会社加藤薬局　代表取締役　加藤　頼孝,山田　篤志,,,平30. 7. 1,yakkyoku
薬局,34,0248213,とも薬局,広島市安佐北区亀山二丁目８番２４号,082-810-0588,株式会社　ゆうしん　代表取締役　江種　俊文,藤田　小百合,,,平30. 9. 1,yakkyoku
薬局,34,0248221,ウォンツ　フレスポ西風新都薬局,広島市安佐南区伴南四丁目１番１号,082-849-6307,株式会社ツルハグループドラッグ＆ファーマシー西日本　代表取締役社長　村上　正一,大本　哲也,,,平30. 10. 1,yakkyoku
薬局,34,0248247,ハート薬局　観音店,広島市西区南観音二丁目７番１４号,082-503-5666,クオール株式会社　代表取締役　柄澤　忍,村　一栄,,,平30. 10. 1,yakkyoku
薬局,34,0248254,ハート薬局　八幡店,広島市佐伯区八幡二丁目６番１８号,082-926-4554,クオール株式会社　代表取締役　柄澤　忍,堀田　稚,,,平30. 10. 1,yakkyoku
薬局,34,0248262,ハート薬局　高陽店,広島市安佐北区口田三丁目１番１８号,082-841-2088,クオール株式会社　代表取締役　柄澤　忍,前田　祐作,,,平30. 10. 1,yakkyoku
薬局,34,0248296,オール薬局　堺町店,広島市中区堺町一丁目３番１０号　１Ｆ,082-231-2321,マイライフ株式会社　代表取締役　糸賀　誠,高砂　豊,,,平30. 12. 1,yakkyoku
薬局,34,0248304,古江ステーション薬局,広島市西区古江新町２番１２号　１階,082-272-6141,株式会社　ゆうしん　代表取締役　江種　俊文,石本　香織,,,平31. 2. 1,yakkyoku
薬局,34,0248312,日本調剤　天満町薬局,広島市西区天満町１３番１号　１階,082-296-7050,日本調剤株式会社　代表取締役　小城　和紀,望月　良太,,,平31. 1. 1,yakkyoku
薬局,34,0248338,観音みなみ薬局,広島市西区南観音七丁目１４番２０号,082-233-7510,株式会社西日本調剤　代表取締役　則清　孝之,高山　稔夫,,,平31. 4. 1,yakkyoku
薬局,34,0248346,ウォンツ薬局　庚午中店,広島市西区庚午中三丁目５番１０号峯野ビル　１Ｆ,082-275-1171,株式会社ツルハグループドラッグ＆ファーマシー西日本　代表取締役社長　村上　正一,幡司　裕一,,,平31. 4. 1,yakkyoku
薬局,34,0248353,さくらんぼ薬局　長楽寺店,広島市安佐南区長楽寺一丁目１５番３号,082-225-8205,さくらグループ株式会社　代表取締役　平野　真実,鈴木　康仁,,,令元. 5. 1,yakkyoku
薬局,34,0248379,舟入南薬局,広島市中区舟入南四丁目１６番８号　１Ｆ,082-292-7050,株式会社　ＭＳファーマシー　代表取締役　宮本　誠二,宮本　誠二,,,平31. 4. 1,yakkyoku
薬局,34,0248387,あすか薬局　中筋店,広島市安佐南区中筋一丁目９番１０号,082-962-0775,有限会社ビリーブ　代表取締役　中上　智,俵　明里,,,令元. 6. 1,yakkyoku
薬局,34,0248403,そよかぜ薬局,広島市安佐南区上安二丁目５番２６号,082-836-6205,株式会社　ゆうしん　代表取締役　江種　俊文,住川　裕紀,,,令元. 8. 1,yakkyoku
薬局,34,0248411,ふかわ薬局,広島市安佐北区深川五丁目１９番８号,082-845-5304,株式会社エスマイル　代表取締役　大下　訓生,安本　哲志,,,令元. 7. 1,yakkyoku
薬局,34,0248429,山下薬局,広島市安佐北区可部南三丁目９番４５号,082-814-8817,有限会社　メディスン　代表取締役　橋井　郁男,玄道　璃奈,,,令元. 7. 1,yakkyoku
薬局,34,0248437,ププレひまわり薬局　伴東店,広島市安佐南区伴東五丁目２１番２号,082-836-3577,株式会社ププレひまわり　代表取締役　畑　和彦,深澤　結香,,,令元. 10. 1,yakkyoku
薬局,34,0248445,はる薬局,広島市安佐南区山本新町二丁目１８番９－１０号　１Ｆ,082-554-1508,株式会社　はる薬局　代表取締役　吉田　康将,吉田　康将,,,令元. 10. 23,yakkyoku
薬局,34,0248452,ウォンツ　緑井薬局,広島市安佐南区緑井三丁目１７番２０号,082-831-7277,株式会社ツルハグループドラッグ＆ファーマシー西日本　代表取締役社長　村上　正一,川原　由子,,,令元. 12. 1,yakkyoku
薬局,34,0248460,ウォンツ　亀山薬局,広島市安佐北区亀山三丁目３番１９号,082-819-3807,株式会社ツルハグループドラッグ＆ファーマシー西日本　代表取締役社長　村上　正一,平盛　里歩,,,令元. 12. 1,yakkyoku
薬局,34,0248494,江波二本松薬局,広島市中区江波二本松一丁目２－２２－１Ｆ,082-961-3324,タツノ調剤株式会社　代表取締役　立野　美保,立野　敦資,,,令2. 8. 1,yakkyoku
薬局,34,0248502,ウォンツ　十日市薬局,広島市中区十日市町一丁目１番９号　１Ｆ,082-297-2007,株式会社ツルハグループドラッグ＆ファーマシー西日本　代表取締役社長　村上　正一,木村　隼人,,,令2. 9. 1,yakkyoku
薬局,34,0248510,さくらんぼ薬局　庚午店,広島市西区庚午南一丁目３０番１３号,082-208-3920,さくらグループ株式会社　代表取締役　平野　真実,小西　彩,,,令2. 10. 1,yakkyoku
薬局,34,0248528,ミック・ミササ薬局,広島市西区三篠町二丁目１７番５号　１Ｆ,082-509-2770,有限会社ミック　取締役　松本　恭明,馬場　理子,,,令2. 11. 1,yakkyoku
薬局,34,0248536,ウォンツ　中須薬局,広島市安佐南区中須一丁目７番７号　１Ｆ,082-831-2715,株式会社ツルハグループドラッグ＆ファーマシー西日本　代表取締役社長　村上　正一,田口　奈保子,,,令2. 11. 1,yakkyoku
薬局,34,0248544,安佐病院前薬局,広島市安佐南区八木五丁目１４番１５号,082-555-8307,株式会社ゆうしん　代表取締役　江種　俊文,金子　生,,,令2. 12. 1,yakkyoku
薬局,34,0248684,ライフ薬局,広島市中区舟入町３番９号　１階,082-208-4558,株式会社江波本町薬局　代表取締役　岡東　朋見,岡東　朋見,,,令3. 3. 1,yakkyoku
薬局,34,0248692,エスマイル薬局　舟入店,広島市中区舟入中町１１番９号,082-292-1302,株式会社エスマイル　代表取締役　大下　訓生,山本　七緒,,,令3. 2. 1,yakkyoku
薬局,34,0248700,オール薬局　楽々園店,広島市佐伯区楽々園三丁目１番８号,082-921-0075,マイライフ株式会社　代表取締役　糸賀　誠,土屋　りさ,,,令3. 4. 1,yakkyoku
薬局,34,0248718,ミント薬局　はでいし店,広島市佐伯区千同二丁目１番３５－１号,082-923-3100,株式会社ＳＩＮＣＥＲＥＬＹ　代表取締役　谷口　善繁,二反田　弘利,,,令3. 10. 1,yakkyoku
薬局,34,0248726,ウォンツ　安古市薬局,広島市安佐南区相田一丁目１番４４号,082-831-2717,株式会社ツルハグループドラッグ＆ファーマシー西日本　代表取締役社長　村上　正一,飯塚　菜々美,,,令3. 10. 1,yakkyoku
薬局,34,0248734,安芸長束駅前薬局,広島市安佐南区長束四丁目１番１１号,082-225-7497,株式会社ＭＳファーマシー　代表取締役　宮本　誠二,宮本　尚子,,,令3. 10. 1,yakkyoku
薬局,34,0248759,ウォンツ　庚午薬局,広島市西区庚午北二丁目１９番１７号,082-507-5087,株式会社ツルハグループドラッグ＆ファーマシー西日本　代表取締役社長　村上　正一,白木　愛望,,,令3. 11. 1,yakkyoku
薬局,34,0248767,観音薬局,広島市西区観音本町二丁目７番２１号　１Ｆ,082-961-6458,株式会社西日本調剤　代表取締役　則清　孝之,高田　千穂,,,令3. 11. 1,yakkyoku
薬局,34,0248783,毘沙門台薬局,広島市安佐南区毘沙門台二丁目４２番２６号,082-879-3993,株式会社ＭＳファーマシー　代表取締役　宮本　誠二,岡垣　浩敏,,,令3. 10. 1,yakkyoku
薬局,34,0248825,パール薬局　中筋店,広島市安佐南区中筋四丁目１３番１５号　１Ｆ,082-830-0577,株式会社トライアングル　代表取締役　金子　千枝,土屋　英隆,,,令3. 11. 1,yakkyoku
薬局,34,0248833,パール薬局　横川店,広島市西区横川町三丁目９番１２－１０１号,082-532-0672,株式会社トライアングル　代表取締役　金子　千枝,川田　真照,,,令3. 11. 1,yakkyoku
薬局,34,0248858,ミック・ライズ薬局,広島市西区井口明神一丁目１番５６号,082-299-8570,有限会社ミック　取締役　松本　恭明,畑　文,,,令3. 12. 1,yakkyoku
薬局,34,0248874,ミック・めばえ薬局,広島市安佐南区大塚西六丁目１２番１号,082-849-4123,有限会社ミック　取締役　松本　恭明,海老根　晃,,,令3. 12. 1,yakkyoku
薬局,34,0248890,パール薬局　安店,広島市安佐南区上安一丁目１番１０号,082-872-7000,株式会社トライアングル　代表取締役　金子　千枝,西島　みどり,,,令4. 4. 1,yakkyoku
薬局,34,0248916,クオール薬局　無印良品広島アルパーク店,広島市西区井口明神一丁目１６番１号アルパーク西棟１階,082-270-3789,クオール株式会社　代表取締役　柄澤　忍,田坂　今日子,,,令4. 4. 1,yakkyoku
薬局,34,0248932,ウォンツ薬局　安佐市民病院店,広島市安佐北区亀山南一丁目２番１号,082-847-2267,株式会社ツルハグループドラッグ＆ファーマシー西日本　代表取締役社長　村上　正一,石田　聖,,,令4. 5. 1,yakkyoku
薬局,34,0248940,ココカラファイン薬局　安佐市民病院店,広島市安佐北区亀山南一丁目２番１号,082-516-5760,株式会社ココカラファインヘルスケア　代表取締役　岡澤　隆弘,安河内　紗穂,,,令4. 5. 1,yakkyoku
薬局,34,0248957,ウォンツ　皆賀薬局,広島市佐伯区皆賀三丁目１０番１号,082-275-5187,株式会社ツルハグループドラッグ＆ファーマシー西日本　代表取締役社長　村上　正一,菅　朋子,,,令4. 7. 1,yakkyoku
薬局,34,0248973,ウエルシア薬局　広島西原店,広島市安佐南区西原八丁目３８番２９号,082-832-3277,ウエルシア薬局株式会社　代表取締役　田中　純一,森下　達也,,,令4. 11. 1,yakkyoku
薬局,34,0248981,パール薬局　山本店,広島市安佐南区山本三丁目１番１５号,082-962-5211,株式会社トライアングル　代表取締役　金子　千枝,村岡　三貴子,,,令4. 10. 1,yakkyoku
薬局,34,0248999,パール薬局　緑井店,広島市安佐南区緑井四丁目２４番７号,082-831-7760,株式会社トライアングル　代表取締役　金子　千枝,木村　環,,,令4. 10. 1,yakkyoku
薬局,34,0249104,パール薬局,広島市安佐南区安東二丁目３番１７－１０３号,082-872-8553,株式会社トライアングル　代表取締役　金子　千枝,梶原　実苗,,,令4. 10. 1,yakkyoku
薬局,34,0249112,ウォンツ　八木薬局,広島市安佐南区八木五丁目５番３３号,082-209-0347,株式会社ツルハグループドラッグ＆ファーマシー西日本　代表取締役社長　村上　正一,谷口　規加,,,令4. 12. 1,yakkyoku
薬局,34,0249120,あおぞら薬局八幡東店,広島市佐伯区八幡東三丁目２９番１２－５－１０２号,082-533-7675,株式会社ライジング企画広島　代表取締役　鈴木　明,行　,,,令5. 3. 1,yakkyoku
薬局,34,0249138,ミント薬局　下祇園店,広島市安佐南区祇園三丁目７番２号　１階,082-962-0900,株式会社ＳＩＮＣＥＲＥＬＹ　代表取締役　谷口　善繁,入佐　いぶき,,,令5. 4. 1,yakkyoku
薬局,34,0249146,あおぞら薬局庚午店,広島市西区庚午北二丁目８番１５－１０２号,082-271-3777,株式会社ライジング企画広島　代表取締役　鈴木　明,深野　達也,,,令5. 4. 1,yakkyoku
薬局,34,0249153,西山本薬局,広島市安佐南区山本一丁目５番１８号,082-871-0253,伊藤　浩一,大井　健太郎,,,令5. 4. 1,yakkyoku
薬局,34,0249161,ウォンツ大町西薬局,広島市安佐南区大町西三丁目５番２２号,082-831-1370,株式会社ツルハグループドラッグ＆ファーマシー西日本　代表取締役社長　村上　正一,渡部　美波,,,令5. 5. 1,yakkyoku
薬局,34,0249179,ププレひまわり薬局　可部店,広島市安佐北区亀山二丁目２５番９－２号,082-881-0708,株式会社ププレひまわり　代表取締役　畑　和彦,齋藤　熙一,,,令5. 6. 1,yakkyoku
薬局,34,0249195,ウエルシア薬局　広島可部南店,広島市安佐北区可部南五丁目９番１７号,082-819-2023,ウエルシア薬局株式会社　代表取締役　田中　純一,出原　亮太,,,令5. 9. 1,yakkyoku
薬局,34,0249203,すずらん薬局　高須店,広島市西区高須一丁目５番２１号,082-273-5010,株式会社ホロン　代表取締役　古屋　裕一,上地　弘輝,,,令5. 10. 1,yakkyoku
薬局,34,0249211,大塚薬局,広島市安佐南区大塚西一丁目２４番１１号,082-849-2626,株式会社ＭＳファーマシー　代表取締役　宮本　誠二,白木　裕人,,,令5. 10. 1,yakkyoku
薬局,34,0249229,パール薬局　佐東店,広島市安佐南区緑井五丁目８番１０号,082-870-3799,株式会社トライアングル　代表取締役　金子　千枝,金子　真佐子,,,令5. 10. 1,yakkyoku
薬局,34,0249237,ひがしの三丁目薬局,広島市安佐南区東野三丁目７番２４号,082-207-4538,有限会社加藤薬局　代表取締役　加藤　頼孝,向井　健,,,令5. 11. 1,yakkyoku
薬局,34,0249245,ウォンツ薬局　メディカルモール安佐北店,広島市安佐北区可部南五丁目８番３２－５号,082-554-9687,株式会社ツルハグループドラッグ＆ファーマシー西日本　代表取締役社長　村上　正一,橋本　勇紀,,,令5. 11. 1,yakkyoku
薬局,34,0249260,ウエルシア薬局　広島広瀬北町店,広島市中区広瀬北町３番１５号,082-299-4731,ウエルシア薬局株式会社　代表取締役　田中　純一,長木　晃奈,,,令6. 4. 1,yakkyoku
薬局,34,0249278,かめやま薬局,広島市安佐北区亀山三丁目６番２６号,082-814-5655,株式会社ゆうしん　代表取締役　江種　俊文,三田　富雄,,,令6. 2. 1,yakkyoku
薬局,34,0249286,ミック・ヤマモト薬局,広島市安佐南区山本一丁目２１番１３号,082-554-0202,有限会社リガール　代表取締役　松本　一郎,今田　圭子,,,令6. 3. 1,yakkyoku
薬局,34,0249294,ウォンツ西観音薬局,広島市西区西観音町４番１９号,082-299-5997,株式会社ツルハグループドラッグ＆ファーマシー西日本　代表取締役社長　村上　正一,林　敏彦,,,令6. 5. 1,yakkyoku
薬局,34,0249328,べる薬局,広島市安佐南区高取北一丁目４番２９－５号,082-836-5420,株式会社シントミ　代表取締役　川上　慶彰,松本　桂子,,,令6. 5. 29,yakkyoku
薬局,34,0249336,ウォンツ沼田伴薬局,広島市安佐南区伴東七丁目６１番１号,082-209-3417,株式会社ツルハグループドラッグ＆ファーマシー西日本　代表取締役社長　村上　正一,竹野　希,,,令6. 9. 1,yakkyoku
薬局,34,0249344,あお調剤薬局　西広島店,広島市西区己斐本町三丁目１番６号,082-507-3020,株式会社Ａｏ．ＭＥＤ　代表取締役　今中　研人,真田　裕也,,,令6. 7. 1,yakkyoku
薬局,34,0249351,ププレひまわり薬局　広島高須台店,広島市西区高須台三丁目２２番１２号,082-208-1117,株式会社ププレひまわり　代表取締役　畑　和彦,佐々木　春菜,,,令6. 10. 1,yakkyoku
薬局,34,0249369,庚午のぞみ薬局,広島市西区庚午北二丁目７番１０号,082-961-3774,株式会社カノン　代表取締役　岡野　達慈,岡野　達慈,,,令6. 9. 1,yakkyoku
薬局,34,0249393,ミック・クサツ薬局,広島市西区草津本町２４番６号,082-208-1077,有限会社リガール　代表取締役　松本　一郎,當麻　曜子,,,令6. 9. 1,yakkyoku
薬局,34,0249401,株式会社みわ薬局,広島市安佐北区可部三丁目２４番２８号,082-814-3387,株式会社みわ薬局　代表取締役　栗原　鑑三,栗原　鑑三,,,令6. 9. 1,yakkyoku
薬局,34,0249419,ミック・フクシマ薬局,広島市西区福島町二丁目２４番２７－１号,082-232-0335,有限会社リガール　代表取締役　松本　一郎,三原　昭夫,,,令6. 10. 1,yakkyoku
薬局,34,0249427,ププレひまわり薬局　川内店,広島市安佐南区川内一丁目１０番７号,082-836-7621,株式会社ププレひまわり　代表取締役　畑　和彦,西本　留衣,,,令6. 12. 2,yakkyoku
薬局,34,0249435,ウエルシア薬局イオンタウン楽々園店,広島市佐伯区楽々園四丁目１４番２５号　１階,070-1217-2590,ウエルシア薬局株式会社　代表取締役　田中　純一,中谷　智久,,,令6. 12. 1,yakkyoku
薬局,34,0249443,パール薬局　相田店,広島市安佐南区相田二丁目５番１８－２０１号,082-836-4581,株式会社トライアングル　代表取締役　金子　千枝,髙橋　亮太,,,令6. 10. 1,yakkyoku
薬局,34,0249450,パール薬局　川内店,広島市安佐南区川内四丁目１５番２０号,082-962-5153,株式会社トライアングル　代表取締役　金子　千枝,西明　英司,,,令6. 10. 1,yakkyoku
薬局,34,0249468,中村薬局,広島市佐伯区楽々園四丁目７番１号　１階,082-943-8234,中村　陽子,中村　陽子,,,令6. 11. 1,yakkyoku
薬局,34,0249476,みょうじん薬局,広島市西区井口明神一丁目１５番２１号,082-276-6622,株式会社ゆうしん　代表取締役　江種　俊文,占部　淳,,,令7. 2. 10,yakkyoku
薬局,34,0249492,さくらんぼ薬局　三篠店,広島市西区三篠町三丁目２２番８号レジデンス三篠１階,082-962-3810,さくらグループ株式会社　代表取締役　平野　真実,小西　利弘,,,令7. 6. 1,yakkyoku
薬局,34,0249500,レデイ薬局　川内店,広島市安佐南区川内六丁目２７番２５号,082-831-0168,株式会社レデイ薬局　代表取締役　藤田　和郎,嘉屋本　隆,,,令7. 5. 1,yakkyoku
薬局,34,0249518,蔵本薬局　中筋店,広島市安佐南区中筋二丁目５番２０号中田ビル２０２,082-870-6236,株式会社蔵本薬局　代表取締役　藏本　恵,遠藤　周作,,,令7. 8. 1,yakkyoku
薬局,34,0249526,オール薬局　石内店,広島市佐伯区五日市町石内６７８２番地１,082-299-9865,マイライフ株式会社　代表取締役　糸賀　誠,中村　拓雄,,,令7. 9. 1,yakkyoku
薬局,34,0249534,ふれあい薬局五月が丘店,広島市佐伯区五月が丘五丁目２０番８号,082-941-5038,株式会社ゆうしん　代表取締役　江種　俊文,江口　徳吉,,,令7. 7. 1,yakkyoku
薬局,34,0249542,すずらん薬局　五日市店,広島市佐伯区千同一丁目１４番２５号,082-299-1816,株式会社ホロン　代表取締役　古屋　裕一,髙見　学,,,令7. 9. 1,yakkyoku
薬局,34,0249559,ウォンツ海老山薬局,広島市佐伯区海老山町５番１９号,082-299-2708,株式会社ツルハグループドラッグ＆ファーマシー西日本　代表取締役社長　村上　正一,勝田　光祐,,,令7. 11. 1,yakkyoku
薬局,34,0249567,ププレひまわり薬局　広島舟入店,広島市中区西川口町１０番４号,082-299-6578,株式会社ププレひまわり　代表取締役　畑　和彦,井上　侑也,,,令7. 11. 1,yakkyoku
薬局,34,0249575,江波本町薬局,広島市中区江波本町５番１７号,082-232-1661,安永　紀枝,内藤　孝子,,,令7. 10. 1,yakkyoku
薬局,34,0249583,かもめ薬局,広島市佐伯区五日市七丁目８番３８号,082-924-6669,清水　京子,清水　京子,,,令7. 11. 1,yakkyoku
薬局,34,0249591,ザグザグ薬局　可部南店,広島市安佐北区可部南二丁目３番８号,082-847-5139,株式会社ザグザグ　代表取締役　森　信,幸崎　瑛吾郎,,,令7. 12. 1,yakkyoku
薬局,34,0249609,ミック・フナイリ薬局,広島市中区舟入川口町１０番２９－２号,082-533-7234,有限会社ミック　取締役　松本　恭明,樫村　朋子,,,令8. 3. 1,yakkyoku
薬局,34,0249617,上天満薬局,広島市西区上天満町９番１３号,082-942-1525,水田　正昭,水田　正昭,,,令8. 3. 1,yakkyoku
薬局,34,0249625,康仁薬局　庚午店,広島市西区庚午北二丁目１７番１０号　１Ｆ,082-507-0307,総合メディカル株式会社　代表取締役　多田　荘一郎,平田　伊津子,,,令8. 4. 1,yakkyoku
薬局,34,0249633,康仁薬局　楽々園店,広島市佐伯区楽々園五丁目９番５号　１Ｆ,082-943-5501,総合メディカル株式会社　代表取締役　多田　荘一郎,片山　友里,,,令8. 4. 1,yakkyoku
薬局,34,0249641,さんくす薬局　井口店,広島市西区井口台二丁目２３番３２号　１Ｆ,082-278-5335,総合メディカル株式会社　代表取締役　多田　荘一郎,大前　茜,,,令8. 4. 1,yakkyoku
薬局,34,0249658,さんくす薬局　五日市中央店,広島市佐伯区五日市中央五丁目１１番２１号　１Ｆ,082-943-8484,総合メディカル株式会社　代表取締役　多田　荘一郎,岡﨑　昭文,,,令8. 4. 1,yakkyoku
薬局,34,0249666,さんくす薬局　沼田店,広島市安佐南区伴東七丁目５８番３号,082-849-4660,総合メディカル株式会社　代表取締役　多田　荘一郎,古田　展也,,,令8. 4. 1,yakkyoku
薬局,34,0249674,さんくす薬局　庚午南店,広島市西区庚午南二丁目３７番３１号　１Ｆ,082-507-2411,総合メディカル株式会社　代表取締役　多田　荘一郎,岡村　仁恭,,,令8. 4. 1,yakkyoku
薬局,34,0249682,康仁薬局　八幡東店,広島市佐伯区八幡東三丁目２８番１７号,082-929-1100,総合メディカル株式会社　代表取締役　多田　荘一郎,井場　広美,,,令8. 4. 1,yakkyoku
薬局,34,0249690,康仁薬局　大町店,広島市安佐南区大町東一丁目８番２５号　１Ｆ,082-870-0022,総合メディカル株式会社　代表取締役　多田　荘一郎,佐長　幸代,,,令8. 4. 1,yakkyoku
薬局,34,0249708,くるみ薬局　沼田店,広島市安佐南区伴東七丁目５９番１号　１Ｆ,082-848-7890,総合メディカル株式会社　代表取締役　多田　荘一郎,松井　泰憲,,,令8. 4. 1,yakkyoku
薬局,34,0249716,さんくす薬局　東原店,広島市安佐南区東原一丁目１番２号　１Ｆ,082-850-0530,総合メディカル株式会社　代表取締役　多田　荘一郎,大津　真央,,,令8. 4. 1,yakkyoku
薬局,34,0249724,クルーズ薬局　西風新都店,広島市安佐南区伴南一丁目５番１８－８－１０１号,082-849-6505,総合メディカル株式会社　代表取締役　多田　荘一郎,久枝　彩,,,令8. 4. 1,yakkyoku
薬局,34,0249732,クルーズ薬局　緑井店,広島市安佐南区緑井五丁目２９番１８－１０１号,082-831-0112,総合メディカル株式会社　代表取締役　多田　荘一郎,上田　春奈,,,令8. 4. 1,yakkyoku
薬局,34,0249740,クルーズ薬局　祇園店,広島市安佐南区祇園五丁目２番４５－１０１号,082-850-1220,総合メディカル株式会社　代表取締役　多田　荘一郎,前田　弘一,,,令8. 4. 1,yakkyoku
薬局,34,0249757,康仁薬局　井口店,広島市西区井口四丁目７番１８－７号　１階,082-501-5346,総合メディカル株式会社　代表取締役　多田　荘一郎,谷本　佳大,,,令8. 4. 1,yakkyoku
薬局,34,0249765,ウォンツ伴東薬局,広島市安佐南区伴東五丁目２６番２号,082-209-3467,株式会社ツルハグループドラッグ＆ファーマシー西日本　代表取締役社長　村上　正一,勝田　光祐,,,令8. 7. 1,yakkyoku
薬局,34,0249773,アイン薬局己斐本町店,広島市西区己斐本町一丁目１４番３号ＬＩＴ西広島駅前１Ｆ,082-271-1143,株式会社ファーマシィ　代表取締役　武田　輝美,野中　貴子,,,令8. 5. 1,yakkyoku
薬局,34,0249781,アイン薬局己斐店,広島市西区己斐本町一丁目１４番１２号　１階,082-274-2337,株式会社ファーマシィ　代表取締役　武田　輝美,西谷　祐,,,令8. 5. 1,yakkyoku
薬局,34,0249799,サンリ薬局,広島市佐伯区八幡一丁目２２番５－２号,082-926-4530,株式会社イルナ　代表取締役　笹原　輝美,笹原　輝美,,,令8. 5. 3,yakkyoku
薬局,34,0249807,かなえ薬局ヒロシマ,広島市佐伯区利松三丁目６番２９号,082-533-6808,株式会社ウィーズ　代表取締役　田　達也,横山　孝行,,,令8. 6. 1,yakkyoku
薬局,34,0249815,ベル薬局,広島市中区榎町３番３０号　１Ｆ,082-299-6102,株式会社ウィーズ　代表取締役　田　達也,毛利下　昌宏,,,令8. 6. 1,yakkyoku
薬局,34,0249823,あさみ薬局,広島市中区舟入本町１０番１２号　１Ｆ,082-532-2087,株式会社ウィーズ　代表取締役　田　達也,川本　智恵,,,令8. 6. 1,yakkyoku
薬局,34,0540049,株式会社　小松薬局,呉市中通１－３－１９,0823-21-2448,株式会社　小松薬局　代表取締役　小松　義人,小松　有美子,,,平8. 10. 1,yakkyoku
薬局,34,0540155,宮原薬局,呉市宮原５－５－１２,0823-21-2478,株式会社　ＹＭＳ　代表取締役　横田　直典,半原　隆行,,,平16. 3. 1,yakkyoku
薬局,34,0540163,（株）中央薬局,呉市中通３－１－１７,0823-21-2706,（株）中央薬局　代表取締役　井上　昌之,井上　昌之,,,昭32. 10. 1,yakkyoku
薬局,34,0540247,株式会社　三条薬局,呉市三条２丁目１３－６,0823-21-3349,株式会社三条薬局　代表取締役　高野　邦充,髙野　充,,,昭58. 3. 1,yakkyoku
薬局,34,0540262,有限会社　佐々木回生堂薬局,呉市西畑町２－１２,0823-21-6385,有限会社　佐々木回生堂薬局　代表取締役　佐々木　一仁,佐々木　一仁,,,平13. 8. 1,yakkyoku
薬局,34,0541039,たちかけ薬局,呉市広大新開２－５－２３,0823-73-5493,小西　紀美,小西　紀美,,,昭56. 10. 1,yakkyoku
薬局,34,0541278,エンゼル薬局,呉市焼山中央１丁目１０－８－１０４,0823-33-5773,住村　精一,住村　精一,,,昭61. 3. 1,yakkyoku
薬局,34,0541310,中町薬局,呉市広中町１５－２６,0823-74-3872,株式会社　中央ファーマシー　代表取締役　山戸　恒枝,小川　友喜,,,平18. 3. 1,yakkyoku
薬局,34,0541336,株式会社　小松薬局　東片山店,呉市東片山町１０－１５,0823-25-7405,株式会社　小松薬局　代表取締役　小松　義人,大上　凌,,,平元. 4. 1,yakkyoku
薬局,34,0541385,二反田薬局,呉市阿賀北６－３－１０－１０１,0823-71-8658,東上　清和,東上　裕子,,,平2. 4. 1,yakkyoku
薬局,34,0541450,シンメ薬局,呉市阿賀北５－１５－７,0823-74-9075,株式会社シンメ　代表取締役　河野　洋平,中井　亮太,,,平4. 4. 1,yakkyoku
薬局,34,0541476,すずらん吉浦薬局,呉市吉浦本町１丁目２－６,0823-31-2729,薄井　絵美,山崎　直美,,,平18. 4. 1,yakkyoku
薬局,34,0541484,第一薬局,呉市本通３－４－５,0823-23-7474,有限会社　林第一薬局　代表取締役　林　権六,林　充代,,,平4. 8. 1,yakkyoku
薬局,34,0541492,有限会社　西本広薬局,呉市広本町１－１１－３４,0823-71-7406,有限会社　西本広薬局　代表取締役　林　悦子,林　悦子,,,平4. 10. 1,yakkyoku
薬局,34,0541559,マリン薬局海岸通店,呉市三条１丁目９－２,0823-24-1193,マリン薬局株式会社　代表取締役　野﨑　貴志,淨泉　雅代,,,平10. 1. 1,yakkyoku
薬局,34,0541609,マリン薬局広店,呉市広駅前１丁目２－１９,0823-73-1193,マリン薬局株式会社　代表取締役　野﨑　貴志,大畠　裕子,,,平16. 1. 1,yakkyoku
薬局,34,0541617,株式会社　小松薬局　山ノ上店,呉市焼山中央１－２－１１,0823-34-2220,株式会社　小松薬局　代表取締役　小松　義人,三笘　大地,,,平8. 6. 1,yakkyoku
薬局,34,0541658,株式会社　中島薬局　呉駅ビル店,呉市宝町１－１６呉駅ビル内,0823-25-0900,株式会社　中島薬局　代表取締役　井上　英之,井上　英之,,,平9. 4. 1,yakkyoku
薬局,34,0541666,あが中央薬局,呉市阿賀中央６－２－１１あがプラザ２Ｆ,0823-72-2185,有限会社　プラザ・ドラッグ　代表取締役　小勝負　あゆみ,小勝負　郁弥,,,平6. 8. 1,yakkyoku
薬局,34,0541674,アロー薬局呉中央店,呉市中央３丁目２－１,0823-25-9681,有限会社　広島アロー　取締役　前田　幹雄,池本　裕子,,,平14. 4. 1,yakkyoku
薬局,34,0541716,有限会社　ひかり薬局,呉市本通２丁目３－１５,0823-26-7966,有限会社　ひかり薬局　取締役　林　和恵,沖本　正子,,,平7. 1. 1,yakkyoku
薬局,34,0541724,さくら薬局,呉市中通３丁目３－２５,0823-26-8777,株式会社　エムシーエス企画　さくら薬局　代表取締役　陶山　貴史,向山　眞弓,,,平7. 2. 1,yakkyoku
薬局,34,0541765,マリン薬局広中央店,呉市広古新開１丁目３－１３,0823-75-1193,マリン薬局株式会社　代表取締役　野﨑　貴志,野﨑　良子,,,平7. 9. 1,yakkyoku
薬局,34,0541781,のばら薬局,呉市焼山此原町２１－２,0823-33-0826,有限会社　ファーストライン　　代表取締役　鷹橋　紀幸,鷹橋　紀幸,,,平7. 10. 1,yakkyoku
薬局,34,0541856,オール薬局　吉浦店,呉市吉浦東本町１丁目７－７,0823-20-3070,マイライフ　株式会社　代表取締役　糸賀　誠,髙田　直美,,,平9. 9. 1,yakkyoku
薬局,34,0541864,ももたろう薬局海岸店,呉市海岸１丁目４－１０,0823-23-7007,株式会社　広島メディクス　代表取締役　別府　大輔,内村　清美,,,平9. 11. 1,yakkyoku
薬局,34,0541914,オーツカ薬局Ⅱ,呉市三条２－１２－６,0823-24-4193,有限会社　オーツカ　代表取締役　大塚　茂雄,大塚　茂雄,,,平10. 4. 1,yakkyoku
薬局,34,0541922,オール薬局　海岸通店,呉市海岸２－１７－６,0823-20-6400,マイライフ　株式会社　代表取締役　糸賀　誠,木村　光希,,,平10. 4. 1,yakkyoku
薬局,34,0542011,うさぎ薬局,呉市焼山西２丁目１－３４,0823-30-1189,株式会社　ＹＭＳ　代表取締役　横田　直典,横田　直典,,,平11. 4. 1,yakkyoku
薬局,34,0542110,マリン薬局三津田店,呉市三条３丁目５－１４,0823-32-4193,マリン薬局株式会社　代表取締役　野﨑　貴志,向田　俊司,,,平12. 9. 1,yakkyoku
薬局,34,0542144,トマト薬局,呉市本通１丁目５－１１,0823-32-5772,有限会社　ヤマオコーポレーション　代表取締役　山尾　ひとみ,岡本　真由美,,,平12. 11. 1,yakkyoku
薬局,34,0542177,オール薬局　伏原店,呉市伏原２丁目８－２１,0823-20-6500,マイライフ　株式会社　代表取締役　糸賀　誠,山下　幸子,,,平13. 4. 1,yakkyoku
薬局,34,0542193,一般社団法人呉市薬剤師会センター薬局北店,呉市朝日町１４－６,0823-32-7677,一般社団法人　呉市薬剤師会　会長　鷹橋　紀幸,濵﨑　匡史,,,平13. 12. 1,yakkyoku
薬局,34,0542219,株式会社　小松薬局　焼山北店,呉市焼山北１丁目７－７,0823-34-5240,株式会社　小松薬局　代表取締役　小松　義人,奥正　雅子,,,平14. 4. 1,yakkyoku
薬局,34,0542243,瀬田薬局,呉市朝日町１－１,0823-21-5936,有限会社　瀬田薬品　代表取締役　瀬田　幸博,清水　茶月,,,平14. 10. 1,yakkyoku
薬局,34,0542250,たんぽぽ薬局,呉市和庄登町１２－１９,0823-23-2562,有限会社　たんぽぽ薬局　代表取締役　甲田　清子,甲田　清子,,,平14. 7. 1,yakkyoku
薬局,34,0542276,オール薬局　新栄橋店,呉市西中央１丁目３－１０,0823-32-0120,マイライフ　株式会社　代表取締役　糸賀　誠,平本　耕一,,,平14. 10. 1,yakkyoku
薬局,34,0542300,あおぞら薬局,呉市宮原５丁目５－２,0823-21-1070,株式会社　ライジング企画広島　代表取締役　鈴木　明,正木　謙次,,,平16. 3. 1,yakkyoku
薬局,34,0542326,そうごう薬局　川尻店,呉市川尻町東１丁目２１－２,0823-87-0501,総合メディカル株式会社　代表取締役　多田　荘一郎,福本　裕之,,,平16. 4. 1,yakkyoku
薬局,34,0542334,オール薬局　川尻店,呉市川尻町西２丁目４－４１,0823-87-5700,マイライフ　株式会社　代表取締役　糸賀　誠,宮下　和也,,,平16. 6. 1,yakkyoku
薬局,34,0542359,コスモス薬局,呉市中央６－５－１８,0823-25-9100,株式会社　リライアンス　代表取締役　重松　朋哉,隠塚　奈津子,,,平16. 9. 1,yakkyoku
薬局,34,0542367,有限会社　森川薬局,呉市宮原３丁目９－２１,0823-21-7420,有限会社　森川薬局　代表取締役　森川　哲夫,森川　哲夫,,,平16. 9. 1,yakkyoku
薬局,34,0542383,オール薬局　東中央店,呉市東中央２丁目８－１７,0823-32-0881,マイライフ　株式会社　代表取締役　糸賀　誠,竹内　宏文,,,平17. 1. 1,yakkyoku
薬局,34,0542409,健康堂薬局,呉市三条３丁目２－１１,0823-22-8251,有限会社エリオン企画　取締役　太刀掛　稔,中村　公則,,,平17. 5. 1,yakkyoku
薬局,34,0542417,エスマイル薬局かまがり店,呉市下蒲刈町下島２１１９－３１,0823-65-3079,株式会社　エスマイル　代表取締役　大下　訓生,松垣　裕信,,,平17. 5. 1,yakkyoku
薬局,34,0542441,クレディ薬局,呉市広駅前１丁目２－４５,0823-76-6117,有限会社クレディ　代表取締役　橋本　佳哉,橋本　佳哉,,,平17. 12. 1,yakkyoku
薬局,34,0542458,オリーブ薬局,呉市本通５丁目６－１３,0823-32-3301,橋本　雅男,橋本　雅男,,,平18. 1. 1,yakkyoku
薬局,34,0542466,幸城薬局南隠渡店,呉市音戸町南隠渡１－８－１９－４,0823-50-0030,有限会社　幸城薬局　代表取締役　幸城　正門,幸城　郁子,,,平18. 4. 1,yakkyoku
薬局,34,0542474,エスマイル薬局天応南店,呉市天応南町１９３４－１,0823-38-8900,株式会社　エスマイル　代表取締役　大下　訓生,上神田　美幸,,,平18. 4. 1,yakkyoku
薬局,34,0542482,オール薬局　焼山店,呉市焼山中央２丁目５－９,0823-30-5353,マイライフ株式会社　代表取締役　糸賀　誠,濵本　聖子,,,平18. 5. 1,yakkyoku
薬局,34,0542508,労災前のぞみ薬局,呉市広多賀谷１丁目２－２６　エスティージュン１階,0823-76-2120,ケイズ株式会社　代表取締役　佐藤　望,沖田　真幸,,,平19. 3. 1,yakkyoku
薬局,34,0542516,栄町薬局,呉市東中央１丁目６－１５,0823-25-4380,西日本ドラッグ株式会社　代表取締役　宇都　淳子,宇都　淳子,,,平19. 3. 1,yakkyoku
薬局,34,0542524,栄町薬局本通店,呉市本通４丁目２－１２,0823-32-5560,西日本ドラッグ株式会社　代表取締役　宇都　淳子,吉田　貴子,,,平19. 3. 1,yakkyoku
薬局,34,0542532,あおぞら薬局　広国際通り店,呉市広古新開８丁目３２－４,0823-73-2381,株式会社ライジング企画広島　代表取締役　鈴木　明,重森　美穂,,,平19. 4. 1,yakkyoku
薬局,34,0542557,井上一誠堂薬局,呉市中通４丁目４－１４,0823-25-2121,株式会社　一誠堂　代表取締役　井上　誠司,井上　典子,,,平19. 4. 1,yakkyoku
薬局,34,0542565,井上一誠堂薬局　警固屋店,呉市警固屋４丁目２－３０,0823-28-6303,株式会社一誠堂　代表取締役　井上　誠司,甲斐　大地,,,平19. 4. 1,yakkyoku
薬局,34,0542581,オール薬局　中通店,呉市中通１丁目３－１２,0823-32-2511,マイライフ株式会社　代表取締役　糸賀　誠,原田　脩平,,,平19. 4. 1,yakkyoku
薬局,34,0542649,豊島薬局,呉市豊浜町豊島４０２７番地,0823-67-1084,株式会社　もり薬品　代表取締役　森　修二郎,森　修二郎,,,平19. 11. 1,yakkyoku
薬局,34,0542706,クレオ薬局,呉市中央１丁目５－１５,0823-32-5070,有限会社みなみ　代表取締役　岡田　加寿代,岡田　加寿代,,,平21. 3. 2,yakkyoku
薬局,34,0542714,ほほえみ薬局,呉市伏原１丁目３－１０,0823-24-9237,西　省子,沖　勇司,,,平21. 3. 2,yakkyoku
薬局,34,0542730,のぞみ薬局,呉市広古新開２－５－２３,0823-74-7433,ケイズ株式会社　代表取締役　佐藤　望,金　瑞惠,,,平21. 12. 7,yakkyoku
薬局,34,0542763,ウォンツ広白石薬局,呉市広白石１－３－３５,0823-76-5865,株式会社ツルハグループドラッグ＆ファーマシー西日本　代表取締役社長　村上　正一,宇多　憂真,,,平22. 3. 1,yakkyoku
薬局,34,0542771,ウォンツ広本町薬局,呉市広本町３－２１－１,0823-76-5156,株式会社ツルハグループドラッグ＆ファーマシー西日本　代表取締役社長　村上　正一,今田　義隆,,,平22. 3. 1,yakkyoku
薬局,34,0542797,ももたろう薬局　吉浦店,呉市吉浦宮花町７－１２,0823-31-7751,株式会社　広島メディクス　代表取締役　別府　大輔,奥田　平,,,平22. 7. 1,yakkyoku
薬局,34,0542813,株式会社　小松薬局　本庄店,呉市焼山本庄４丁目８－１３,0823-36-3434,株式会社　小松薬局　代表取締役　小松　義人,佐古　昭子,,,平23. 1. 1,yakkyoku
薬局,34,0542821,ケツメイシ薬局,呉市焼山中央２丁目９－４０,0823-36-5838,株式会社　アヴァンセ・ファーマシー　代表取締役　宮庄　雅義,宮庄　雅義,,,平23. 2. 1,yakkyoku
薬局,34,0542839,仁方本町薬局,呉市仁方本町２丁目９－２５,0823-79-1169,有限会社　仁方本町薬局　代表取締役　志和　聡,志和　聡,,,平23. 2. 1,yakkyoku
薬局,34,0542854,あすなろ薬局,呉市広古新開七丁目４０番１号,0823-74-3996,株式会社ナガオ薬品　代表取締役　長尾　宏,長尾　宏,,,平23. 7. 1,yakkyoku
薬局,34,0542862,広貴船薬局,呉市広大新開３丁目２番１８号,0823-76-5747,有限会社　焼山貴船薬局　代表取締役　守谷　芙久枝,渕辺　大作,,,平23. 10. 1,yakkyoku
薬局,34,0542888,株式会社　広島メディクス　ももたろう薬局　焼山店,呉市焼山中央２－９－２２,0823-34-5300,株式会社　広島メディクス　代表取締役　別府　大輔,小谷　真由美,,,平24. 3. 1,yakkyoku
薬局,34,0542896,あおぞら薬局　広公園店,呉市広駅前１丁目４－６４,0823-36-5620,株式会社　ライジング企画広島　代表取締役　鈴木　明,時数　達也,,,平24. 4. 1,yakkyoku
薬局,34,0542953,あおぞら薬局　広中町店,呉市広中町１１－１７エスペランサ広中町１Ｆ,0823-74-5108,株式会社ライジング企画広島　代表取締役　鈴木　明,田川　奈々,,,平24. 9. 1,yakkyoku
薬局,34,0542961,アロー薬局　東中央店,呉市東中央４丁目６－１,0823-32-7056,有限会社　広島アロー　取締役　前田　幹雄,佐々木　英介,,,平24. 10. 9,yakkyoku
薬局,34,0542987,エスマイル薬局呉本町店,呉市本町９番８号,0823-27-5525,株式会社　エスマイル　代表取締役　大下　訓生,小勝負　由加里,,,平26. 4. 1,yakkyoku
薬局,34,0542995,ソルベ薬局,呉市広大新開１丁目２番３号ウエストピアマンション１０２,0823-27-3577,株式会社　ソルティエラ　代表取締役　眞木　淳徳,小川　智子,,,平26. 4. 1,yakkyoku
薬局,34,0543001,コスモス薬局　呉中通店,呉市中通２丁目８番１８号にいたにクリニックビル１階,0823-21-8900,株式会社　リライアンス　代表取締役　重松　朋哉,宗重　恵悟,,,平26. 4. 1,yakkyoku
薬局,34,0543027,株式会社くれ本通薬局,呉市本通６丁目６番７号,0823-36-7712,株式会社　くれ本通薬局　代表取締役　北村　聡,隠塚　博,,,平26. 9. 1,yakkyoku
薬局,34,0543043,オール薬局　阿賀店,呉市阿賀中央６丁目２番１１号,0823-76-5520,マイライフ株式会社　代表取締役　糸賀　誠,佐々木　真由美,,,平26. 10. 1,yakkyoku
薬局,34,0543050,日本調剤　呉薬局,呉市西中央３丁目２番１号,0823-32-6780,日本調剤株式会社　代表取締役　小城　和紀,宮脇　,,,平26. 11. 4,yakkyoku
薬局,34,0543076,アロー薬局　呉店,呉市本通６丁目２番１５号,0823-24-2268,有限会社　広島アロー　取締役　前田　幹雄,中野　愼治,,,平26. 11. 1,yakkyoku
薬局,34,0543084,にじむら薬局,呉市広多賀谷１丁目３番４０号,0823-27-7892,株式会社にじむら薬局　代表取締役　竹内　邦寛,犬童　章子,,,平26. 12. 1,yakkyoku
薬局,34,0543100,そうごう薬局　藤脇店,呉市音戸町藤脇２丁目１８番８号,0823-50-1271,総合メディカル株式会社　代表取締役　多田　荘一郎,家弓　陽介,,,平27. 3. 1,yakkyoku
薬局,34,0543126,有限会社　マエダ方術薬局,呉市西辰川２丁目１番１７号,0823-23-8881,有限会社　マエダ方術薬局　代表取締役　前田　泰則,前田　泰則,,,平27. 10. 1,yakkyoku
薬局,34,0543142,オール薬局　新広店,呉市広古新開７丁目２３番９号,0823-76-5571,マイライフ株式会社　代表取締役　糸賀　誠,横山　敬子,,,平27. 12. 1,yakkyoku
薬局,34,0543167,メディカル・ワン薬局　呉店,呉市宝町５番１０号ゆめタウン呉内,0823-32-5661,株式会社イズミ　代表取締役　山西　泰明,佐々木　太郎,,,平28. 6. 16,yakkyoku
薬局,34,0543183,株式会社小松薬局　郷原店,呉市郷原町２３７９番地３８,0823-77-1211,株式会社小松薬局　代表取締役　小松　義人,小松　義人,,,平29. 1. 1,yakkyoku
薬局,34,0543191,オール薬局　呉本通店,呉市本通７丁目１番３０号,0823-26-7811,マイライフ株式会社　代表取締役　糸賀　誠,垣　真吾,,,平29. 6. 1,yakkyoku
薬局,34,0543217,オール薬局　呉宝町店,呉市宝町３番１６号,0823-22-1366,マイライフ株式会社　代表取締役　糸賀　誠,乙田　真実,,,平29. 10. 1,yakkyoku
薬局,34,0543225,オール薬局　郷原店,呉市郷原町１６６４－１,0823-70-3522,マイライフ株式会社　代表取締役　糸賀　誠,山本　伸吾,,,平30. 4. 1,yakkyoku
薬局,34,0543241,フタバ薬局,呉市中通４丁目６番５号,0823-25-8002,株式会社シンメ　代表取締役　河野　洋平,松尾　知恵,,,平30. 4. 2,yakkyoku
薬局,34,0543266,ひらもと薬局　阿賀店,呉市阿賀北３丁目４番１５号,0823-72-7707,株式会社ＮＯＶーｃｕｒｅ　代表取締役社長　平本　敦大,平本　敦大,,,平30. 12. 1,yakkyoku
薬局,34,0543274,ウォンツ　呉四ツ道路薬局,呉市本通２丁目６番１号,0823-32-1117,株式会社ツルハグループドラッグ＆ファーマシー西日本　代表取締役社長　村上　正一,齊藤　樹,,,平31. 1. 1,yakkyoku
薬局,34,0543282,ホーム薬局,呉市安浦町中央５丁目１－５２,0823-84-7077,有限会社　早田薬局　代表取締役　菅原　賢,萬谷　映子,,,令元. 12. 1,yakkyoku
薬局,34,0543290,ウォンツ薬局　呉共済病院前店,呉市西中央３丁目２番２号,0823-69-7112,株式会社ツルハグループドラッグ＆ファーマシー西日本　代表取締役社長　村上　正一,藤田　修,,,令2. 3. 1,yakkyoku
薬局,34,0543316,ソルベ薬局　呉本通店,呉市本通４丁目９番２３号,0823-23-7720,株式会社ソルティエラ　代表取締役　眞木　淳徳,入江　久美子,,,令2. 5. 1,yakkyoku
薬局,34,0543324,ウォンツ藤三広薬局,呉市広本町３丁目１３番７１号,0823-76-3227,株式会社ツルハグループドラッグ＆ファーマシー西日本　代表取締役社長　村上　正一,小田　愛永,,,令2. 7. 1,yakkyoku
薬局,34,0543431,みつば薬局,呉市中央２丁目６番７号,0823-22-1500,株式会社Ｃｕｒｅ　Ｌａｂｏ　代表取締役　石本　新,石本　新,,,令3. 2. 1,yakkyoku
薬局,34,0543449,アロー薬局　広店,呉市広本町２丁目１５番６号,0823-27-6270,有限会社広島アロー　取締役　前田　幹雄,堀川　謙太,,,令3. 3. 1,yakkyoku
薬局,34,0543464,ひらもと薬局　西中央店,呉市西中央２丁目１番１２号,0823-36-6598,株式会社ＮＯＶ－ｃｕｒｅ　代表取締役社長　平本　敦大,折本　瑞奈子,,,令3. 9. 1,yakkyoku
薬局,34,0543472,こもれび薬局,呉市西中央２丁目１番６号,0823-23-1222,有限会社ファーストライン　代表取締役　鷹橋　紀幸,濵本　賢治,,,令4. 4. 1,yakkyoku
薬局,34,0543480,井上一誠堂薬局音戸御所の浦店,呉市音戸町高須３丁目７番２号,0823-36-7303,株式会社一誠堂　代表取締役　井上　誠司,井上　大嗣,,,令4. 4. 1,yakkyoku
薬局,34,0543498,ザグザグ薬局呉中央店,呉市西中央３丁目７番３４号,0823-32-1139,株式会社ザグザグ　代表取締役　森　信,前　佑樹,,,令5. 5. 1,yakkyoku
薬局,34,0543514,いのうえ一誠堂薬局宮原店,呉市宮原２丁目４番２５号,0823-36-6668,株式会社一誠堂　代表取締役　井上　誠司,寄木　智香子,,,令5. 9. 1,yakkyoku
薬局,34,0543530,オール薬局　三条店,呉市三条２丁目４番７号,0823-27-5166,マイライフ株式会社　代表取締役　糸賀　誠,須藤　嵩史,,,令6. 3. 1,yakkyoku
薬局,34,0543548,ライフ薬局,呉市川尻町西２丁目１２番３４号,0823-87-3400,有限会社早田薬局　代表取締役　菅原　賢,古屋　文江,,,令6. 6. 1,yakkyoku
薬局,34,0543555,こもれび薬局広白石店,呉市広白石４丁目７番１２号,0823-74-6051,有限会社ファーストライン　代表取締役　鷹橋　紀幸,増田　有沙,,,令6. 7. 1,yakkyoku
薬局,34,0543571,株式会社　中島薬局　本店,呉市本通８丁目４番２０号,0823-24-3900,株式会社中島薬局　代表取締役　井上　英之,仲本　愛鶴,,,令6. 11. 1,yakkyoku
薬局,34,0543589,サンドラッグ藤三焼山薬局,呉市焼山中央１丁目１４番１号,0823-27-5035,株式会社サンドラッグ　代表取締役　貞方　宏司,野口　健,,,令7. 3. 1,yakkyoku
薬局,34,0543597,ププレひまわり薬局呉広本町店,呉市広本町２丁目１番２７号,0823-27-4090,株式会社ププレひまわり　代表取締役　畑　和彦,小林　泰輔,,,令7. 12. 1,yakkyoku
薬局,34,0543605,広薬局,呉市広大新開１丁目４番１８号,0823-76-3911,株式会社ｗｉｌｌの力　代表取締役　臼杵　亜美,臼杵　亜美,,,令7. 11. 1,yakkyoku
薬局,34,0543613,なごみ薬局,呉市阿賀中央４丁目５番２３号,0823-72-7751,株式会社ウィーズ　代表取締役　田　達也,沖　武司,,,令7. 11. 1,yakkyoku
薬局,34,0543621,中本薬局,呉市本通５丁目１番２８号,0823-21-5796,細川　貴美子,細川　貴美子,,,令7. 12. 1,yakkyoku
薬局,34,0543639,ププレひまわり薬局呉築地店,呉市築地町２－５４,0823-36-2650,株式会社ププレひまわり　代表取締役　畑　和彦,後藤　彰仁,,,令8. 6. 1,yakkyoku
薬局,34,0543647,有限会社焼山貴船薬局,呉市焼山中央一丁目１５番２６号,0823-30-1288,有限会社焼山貴船薬局　代表取締役　守谷　芙久枝,原　政美,,,令8. 3. 23,yakkyoku
薬局,34,0543654,康仁薬局呉中央店,呉市中央１丁目３－１－１０１,0823-21-7800,総合メディカル株式会社　代表取締役　多田　荘一郎,水戸　薫,,,令8. 4. 1,yakkyoku
薬局,34,0543662,康仁薬局仁方店,呉市仁方西神町６,0823-79-2288,総合メディカル株式会社　代表取締役　多田　荘一郎,竹本　円,,,令8. 4. 1,yakkyoku
薬局,34,0543670,康仁薬局広二級橋店,呉市広古新開１丁目１－３２,0823-76-5066,総合メディカル株式会社　代表取締役　多田　荘一郎,田城　鈴佳,,,令8. 4. 1,yakkyoku
薬局,34,0543688,康仁薬局広本町店,呉市広本町３丁目１２－１１,0823-76-6877,総合メディカル株式会社　代表取締役　多田　荘一郎,小林　宏美,,,令8. 4. 1,yakkyoku
薬局,34,0543696,康仁薬局新広店,呉市広古新開７丁目２４－３,0823-76-5821,総合メディカル株式会社　代表取締役　多田　荘一郎,加藤　智大,,,令8. 4. 1,yakkyoku
薬局,34,0543704,康仁薬局神山店,呉市神山３丁目３－５,0823-30-3655,総合メディカル株式会社　代表取締役　多田　荘一郎,石村　明敬,,,令8. 4. 1,yakkyoku
薬局,34,0543712,康仁薬局宝町店,呉市宝町２－２３－１,0823-32-6112,総合メディカル株式会社　代表取締役　多田　荘一郎,原垣内　菜々子,,,令8. 4. 1,yakkyoku
薬局,34,0543720,くるみ薬局焼山店,呉市焼山中央２丁目１－２１,0823-30-1020,総合メディカル株式会社　代表取締役　多田　荘一郎,上田　真理子,,,令8. 4. 1,yakkyoku
薬局,34,0543738,さんくす薬局呉店,呉市中央２丁目６－１０,0823-32-6315,総合メディカル株式会社　代表取締役　多田　荘一郎,若林　克子,,,令8. 4. 1,yakkyoku
薬局,34,0543746,康仁薬局呉本町店,呉市本通４丁目１０－５,0823-21-8899,総合メディカル株式会社　代表取締役　多田　荘一郎,松浦　優也,,,令8. 4. 1,yakkyoku
薬局,34,0543753,ププレひまわり薬局　呉広古新開店,呉市広古新開７丁目２５－７,0823-27-5994,株式会社ププレひまわり　代表取締役　畑　和彦,西本　留衣,,,令8. 7. 1,yakkyoku
薬局,34,0543761,ヒトミ薬局,呉市安浦町中央５丁目２番３５号,0823-84-7300,株式会社ナガオ薬品　代表取締役　長尾　宏,永井　清之,,,令8. 5. 1,yakkyoku
薬局,34,0543779,音戸アゼリア薬局,呉市音戸町引地１丁目４番１号,0823-51-0066,株式会社ウィーズ　代表取締役　田　達也,前田　夕利奈,,,令8. 6. 1,yakkyoku
薬局,34,0740052,神田薬局,竹原市中央２－１－２２,0846-22-2086,神田　満夫,神田　道子,,,平2. 7. 1,yakkyoku
薬局,34,0740128,岡本薬局ファーマシー,竹原市中央２－４－１５,0846-22-3206,有限会社　岡本ファーマシー　代表取締役　玉田　尚,藤井　宏美,,,昭57. 4. 1,yakkyoku
薬局,34,0740185,エンゼル薬局,竹原市下野町３１４３－６,0846-22-7575,片山物産有限会社　代表取締役　片山　康至,岡﨑　良雄,,,平4. 4. 1,yakkyoku
薬局,34,0740193,アルファ薬局,竹原市下野町１７７１－１,0846-22-7611,有限会社　アルファ薬局　代表取締役　岡　典英,三原　美晴,,,平12. 9. 1,yakkyoku
薬局,34,0740201,有限会社　竹原中央薬局,竹原市中央３－１６－５４,0846-22-8550,有限会社　竹原中央薬局　代表取締役　中山　陽治,中山　陽治,,,平7. 10. 1,yakkyoku
薬局,34,0740276,つくし薬局,竹原市中央３丁目１７－９,0846-23-0221,有限会社　中国薬品　代表取締役　井上　俊則,濱本　和幸,,,平10. 1. 1,yakkyoku
薬局,34,0740292,のぞみ薬局,竹原市中央３－４－１６,0846-23-0227,有限会社　のぞみ薬局　代表取締役　砂田　正昭,松隈　久美子,,,平10. 6. 1,yakkyoku
薬局,34,0740342,原田薬局,竹原市中央４丁目４－２４,0846-23-5131,株式会社　シンセライ医薬品　代表取締役　原田　謙一,原田　謙一,,,平19. 1. 1,yakkyoku
薬局,34,0740359,いちご薬局,竹原市中央２丁目１８－１６,0846-22-0225,有限会社　万葉　代表取締役　宗友　嚴司,宗友　仁枝,,,平20. 6. 1,yakkyoku
薬局,34,0740367,きらり薬局,竹原市下野町３２６３－１,0846-22-1116,有限会社　トラストメディカ　代表取締役　金好　康隆,金好　康隆,,,平21. 3. 1,yakkyoku
薬局,34,0740383,黒滝薬局,竹原市忠海中町２丁目１番１６号,0846-26-3180,有限会社　デイ　取締役　吉原　正典,吉原　正典,,,平23. 5. 6,yakkyoku
薬局,34,0740409,あすなろ薬局,竹原市中央２丁目１４－８,0846-24-6133,有限会社メディファ　代表取締役　杉原　克宏,丸子　勝史,,,平24. 4. 1,yakkyoku
薬局,34,0740417,しんがい薬局,竹原市竹原町字下新開３５５４－６,0846-22-3714,有限会社中国薬品　代表取締役　井上　俊則,倉本　弘史,,,平25. 9. 2,yakkyoku
薬局,34,0740425,イヨウ薬局　忠海店,竹原市忠海中町２－２－１０,0846-26-2782,株式会社ミルキーマリーンホールディングス　代表取締役　松山　喜範,尾崎　保文,,,平27. 9. 1,yakkyoku
薬局,34,0740433,バンブー薬局,竹原市中央３－３－２,0846-23-0100,合同会社ＬＢＭ　代表社員　立岡　博之,立岡　博之,,,令2. 5. 1,yakkyoku
薬局,34,0740441,ばら薬局,竹原市竹原町３６４４,0846-24-6066,合同会社双和商店　代表社員　林原　克典,林原　克典,,,令4. 12. 1,yakkyoku
薬局,34,0740458,すなめ利薬局,竹原市忠海中町二丁目２－４６,0846-23-2355,玉浦薬品株式会社　代表取締役　玉浦　秀一,小林　美穂,,,令7. 2. 1,yakkyoku
薬局,34,0940033,有限会社　ときわ薬局,三原市港町１丁目２－２７,0848-62-2953,有限会社　ときわ薬局　代表取締役　常盤　武宏,常盤　武宏,,,平11. 7. 1,yakkyoku
薬局,34,0940181,第二晃栄薬局,三原市皆実６丁目２０－１,0848-62-7023,藤田　幸子,藤田　幸子,,,平11. 1. 18,yakkyoku
薬局,34,0940215,玉浦薬局,三原市港町３丁目２０－１９,0848-63-2115,玉浦薬品株式会社　代表取締役　玉浦　秀一,玉浦　玲子,,,平13. 4. 1,yakkyoku
薬局,34,0940231,平井薬局,三原市中之町３丁目１４－１５,0848-63-9066,平井　紀美恵,宗　秋路,,,平17. 1. 1,yakkyoku
薬局,34,0940298,マツオ薬局,三原市城町２丁目７－１,0848-62-2381,有限会社　マツオ薬局　代表取締役　松尾　仁,松尾　仁,,,平10. 1. 1,yakkyoku
薬局,34,0940389,多森薬局,三原市中之町２丁目１番２３号,0848-63-7676,有限会社　多森薬局　代表取締役　多森　繁美,多森　繁美,,,平10. 1. 1,yakkyoku
薬局,34,0940652,うきしろ薬局,三原市宮沖５丁目３－２０,0848-64-0755,横田　進,横田　進,,,平12. 11. 1,yakkyoku
薬局,34,0940678,中央薬局,三原市本町３丁目１－７,0848-62-2329,津田　裕子,津田　裕子,,,平2. 8. 23,yakkyoku
薬局,34,0940710,幸崎調剤薬局,三原市幸崎能地４丁目１０－２２,0848-69-3377,三原薬品株式会社　代表取締役　小森山　雅士,中山　紀子,,,平4. 11. 1,yakkyoku
薬局,34,0940744,フジ薬局,三原市宗郷３丁目３－８,0848-67-7413,有限会社　フジ薬局　代表取締役　岡田　律子,藤井　信一,,,平10. 1. 1,yakkyoku
薬局,34,0940819,モリオ薬局,三原市円一町１丁目１－７（フジグラン三原内）,0848-61-1193,有限会社　一徹産業　代表取締役　多森　繁美,松尾　一法,,,平10. 12. 1,yakkyoku
薬局,34,0940835,ときわ薬局宮沖店,三原市宮沖２－２－１０,0848-67-4774,有限会社　ときわ薬局　代表取締役　常盤　武宏,常盤　直孝,,,平18. 7. 1,yakkyoku
薬局,34,0940918,ほのか薬局,三原市宗郷１丁目３－３０,0848-81-0585,有限会社　ほのか薬局　代表取締役　得能　義則,清親　里佳,,,平14. 4. 1,yakkyoku
薬局,34,0940926,三原中央薬局,三原市東町２丁目１２－１７,0848-81-0566,株式会社　全快堂　代表取締役　柏木　承子,鯉渕　礼子,,,平14. 4. 1,yakkyoku
薬局,34,0940975,たんぽぽ薬局,三原市宮浦３丁目２１－８,0848-81-0720,有限会社　たんぽぽ薬局　代表取締役　田中　範江,田中　範江,,,平14. 7. 1,yakkyoku
薬局,34,0941023,あおい薬局株式会社,三原市宮沖２丁目６－１７,0848-62-9628,あおい薬局株式会社　代表取締役　梶山　史康,梶山　史康,,,平20. 1. 1,yakkyoku
薬局,34,0941031,なのはな薬局,三原市沼田東町片島２２４番６,0848-60-9210,株式会社　アイエスメディカル　代表取締役　清水　貴久,清水　貴久,,,平19. 3. 1,yakkyoku
薬局,34,0941049,ありす薬局　糸崎店,三原市糸崎４丁目４－１７,0848-62-4448,株式会社　タワーメディカル　代表取締役　片渕　則彦,三上　陽三,,,平19. 12. 1,yakkyoku
薬局,34,0941072,あゆみ薬局,三原市久井町江木１１６３－５,0847-32-7700,有限会社久井シンポ薬局　代表取締役　赤﨑　直樹,赤﨑　真理,,,平21. 5. 1,yakkyoku
薬局,34,0941080,関西薬局　三原駅前店,三原市城町１－８－７,0848-67-5445,株式会社　なの花西日本　代表取締役　宇野　光裕,内田　厚,,,平21. 10. 1,yakkyoku
薬局,34,0941106,なの花薬局　城町店,三原市城町２－２－２２,0848-67-6481,株式会社　なの花西日本　代表取締役　宇野　光裕,豊田　由紀,,,平21. 10. 1,yakkyoku
薬局,34,0941114,なの花薬局セトピア店,三原市城町１－１３－５,0848-64-5965,株式会社　なの花西日本　代表取締役　宇野　光裕,上野　淳子,,,平21. 10. 1,yakkyoku
薬局,34,0941122,なの花薬局　本町えびす店,三原市本町１－９－９,0848-60-1318,株式会社　なの花西日本　代表取締役　宇野　光裕,田中　佳奈子,,,平21. 10. 1,yakkyoku
薬局,34,0941155,なの花薬局　宮浦店,三原市宮浦５－１６－１０,0848-29-8000,株式会社　なの花西日本　代表取締役　宇野　光裕,本郷　晶子,,,平21. 10. 1,yakkyoku
薬局,34,0941171,あおぞら薬局,三原市明神２丁目１１－５,0848-61-3336,株式会社　薬明館　代表取締役　矢部　薫子,羽山　浩文,,,平21. 10. 1,yakkyoku
薬局,34,0941205,三原薬剤師会　センター薬局,三原市宮浦１丁目２０－３６,0848-64-8079,一般社団法人　三原薬剤師会　代表理事　森広　亜紀,髙橋　結衣,,,平23. 4. 1,yakkyoku
薬局,34,0941221,三原薬剤師会センター薬局日赤前店,三原市東町二丁目８－２,0848-81-0577,一般社団法人　三原薬剤師会　代表理事　森広　亜紀,西中　崇,,,平23. 12. 1,yakkyoku
薬局,34,0941254,佐藤薬局,三原市宗郷一丁目３－１８,0848-64-5780,川崎　富士江,川崎　富士江,,,平26. 7. 1,yakkyoku
薬局,34,0941262,すみれ薬局,三原市大和町和木１５３１－５,0847-35-3320,有限会社トラストメディカ　代表取締役　金好　康隆,山﨑　武司,,,平26. 8. 1,yakkyoku
薬局,34,0941288,ウォンツ三原古浜薬局,三原市古浜一丁目４－１,0848-81-0150,株式会社ツルハグループ　ドラッグ＆ファーマシー西日本　代表取締役社長　村上　正一,玉木　秀明,,,平27. 10. 1,yakkyoku
薬局,34,0941296,ウォンツ三原宮浦薬局,三原市宮浦六丁目１－１,0848-61-2177,株式会社ツルハグループドラッグ＆ファーマシー西日本　代表取締役社長　村上　正一,楠本　将貴,,,平30. 5. 1,yakkyoku
薬局,34,0941304,ときわ薬局　海光,三原市城町三丁目５－６,0848-62-7158,有限会社ときわ薬局　代表取締役　常盤　武宏,白市　香代,,,平30. 9. 1,yakkyoku
薬局,34,0941312,有田薬局,三原市西宮一丁目２－１,0848-62-2804,有田　節子,有田　節子,,,平30. 10. 30,yakkyoku
薬局,34,0941320,タウン薬局　本郷店,三原市下北方一丁目７－２５,0848-86-1093,Ｔ＆Ｔタウンファーマ株式会社　代表取締役　藤井　正大,増本　裕美,,,平31. 4. 1,yakkyoku
薬局,34,0941353,三原なみき薬局,三原市円一町四丁目１－２７,0848-64-8468,株式会社なみきファーマシー　代表取締役　肥後　克彦,肥後　克彦,,,令2. 10. 1,yakkyoku
薬局,34,0941361,ププレひまわり薬局三原南店,三原市円一町二丁目６－２７,0848-36-5881,株式会社ププレひまわり　代表取締役　畑　和彦,小林　照恵,,,令2. 11. 2,yakkyoku
薬局,34,0941387,ザグザグ薬局三原皆実店,三原市皆実四丁目１９－１６,0848-81-2217,株式会社ザグザグ　代表取締役　森　信,竹尾　由莉亜,,,令3. 7. 21,yakkyoku
薬局,34,0941395,ウォンツアクロスプラザ三原薬局,三原市円一町一丁目１－２－２,0848-38-9763,株式会社ツルハグループドラッグ＆ファーマシー西日本　代表取締役社長　村上　正一,向原　大貴,,,令4. 8. 1,yakkyoku
薬局,34,0941403,ププレひまわり薬局江南店,三原市和田三丁目４－１,0848-38-1521,株式会社ププレひまわり　代表取締役　畑　和彦,矢下　竜成,,,令4. 9. 1,yakkyoku
薬局,34,0941411,なでしこ薬局,三原市港町三丁目７－２７,0848-64-7045,玉浦薬品株式会社　代表取締役　玉浦　秀一,弓取　あゆみ,,,令4. 12. 1,yakkyoku
薬局,34,0941429,みのり薬局,三原市宮浦六丁目３－２,0848-60-1322,三原薬品株式会社　代表取締役　小森山　雅士,西原　あゆみ,,,令5. 8. 1,yakkyoku
薬局,34,0941437,みのり薬局港町,三原市港町一丁目３－１５,0848-81-2311,三原薬品株式会社　代表取締役　小森山　雅士,岡本　美江,,,令5. 8. 1,yakkyoku
薬局,34,0941445,ププレひまわり薬局宮浦店,三原市宮浦五丁目１６－１６,0848-29-6300,株式会社ププレひまわり　代表取締役　畑　和彦,岡田　肇,,,令5. 10. 2,yakkyoku
薬局,34,0941452,モリオ薬局宮沖店,三原市宮沖五丁目５－６,0848-36-5778,有限会社一徹産業　代表取締役　多森　繁美,古寺　沙織,,,令7. 6. 1,yakkyoku
薬局,34,0941460,三原こころ薬局,三原市中之町九丁目２４－２,0848-36-6152,有限会社ユーヴ　代表取締役　河野　信夫,杉原　利彦,,,令7. 4. 1,yakkyoku
薬局,34,0941478,ありす薬局　本郷店,三原市本郷南五丁目１９－１,0848-86-3518,株式会社タワーメディカル　代表取締役　片渕　則彦,山田　和典,,,令7. 8. 1,yakkyoku
薬局,34,0941486,イオン薬局三原店,三原市城町二丁目１３－１,0848-61-3866,イオンリテール株式会社　代表取締役　古澤　康之,島居　奈美,,,令7. 6. 15,yakkyoku
薬局,34,0941494,ププレひまわり薬局　三原本郷店,三原市本郷南三丁目２８－１３,0848-86-1212,株式会社ププレひまわり　代表取締役　畑　和彦,熊本　萌香,,,令7. 10. 1,yakkyoku
薬局,34,0941502,ひろ薬局,三原市城町一丁目５－３,080-1908-0525,株式会社シンワ薬品　代表取締役　佐藤　弘之,佐藤　弘之,,,令7. 11. 1,yakkyoku
薬局,34,0941510,クルーズ薬局　頼兼店,三原市頼兼一丁目１－４,0848-61-5322,総合メディカル株式会社　代表取締役　多田　荘一郎,辛島　充恵,,,令8. 4. 1,yakkyoku
薬局,34,1140468,東尾道薬局,尾道市高須町西新涯５５９８－３,0848-46-2587,有限会社東尾道商事　代表取締役　唐崎　浩子,唐崎　浩子,,,昭53. 1. 1,yakkyoku
薬局,34,1140526,ファーマシィ薬局尾道,尾道市西御所町６－２７,0848-23-8343,株式会社　ファーマシィ　代表取締役　武田　輝美,山﨑　康樹,,,平14. 4. 1,yakkyoku
薬局,34,1140674,三北調剤薬局,尾道市三軒家町１７－１４,0848-23-9171,有限会社　ミドリファーマシー　代表取締役　惠谷　佳代子,恵谷　展幸,,,昭58. 8. 1,yakkyoku
薬局,34,1140690,麻生中央薬局,尾道市十四日元町６－１２,0848-37-3451,麻生　祐司,麻生　祐司,,,平11. 2. 4,yakkyoku
薬局,34,1140724,厚仁堂薬局,尾道市土堂２丁目４－２５,0848-22-8825,株式会社　ポア・パックス　代表取締役　三井　寿人,江　有羽,,,昭60. 8. 1,yakkyoku
薬局,34,1140823,スマイル薬局,尾道市美ノ郷町三成２２６－４,0848-48-4840,栗原　雅充,栗原　雅充,,,平4. 4. 1,yakkyoku
薬局,34,1140849,漢方健仁堂薬局,尾道市向東町１０１４－５,0848-44-7880,株式会社ポア・パックス　代表取締役　三井　寿人,黒屋　文恵,,,平5. 2. 1,yakkyoku
薬局,34,1140856,高須薬局,尾道市高須町１２８８－７,0848-46-6135,オノミチメディシン有限会社　代表取締役　水尾　力,山田　洋平,,,平5. 7. 1,yakkyoku
薬局,34,1140872,たかね薬局,尾道市高須町９２４－５,0848-47-6172,有限会社　メディカ　代表取締役　金子　好伸,金子　三屋子,,,平6. 4. 1,yakkyoku
薬局,34,1140898,新尾道薬局,尾道市栗原町５９０１－１,0848-24-2417,三原薬品株式会社　代表取締役　小森山　雅士,吉浦　史明,,,平6. 12. 1,yakkyoku
薬局,34,1140922,アプコ高須薬局,尾道市高須町４７７４－１,0848-47-6293,アプコ株式会社　代表取締役　岡田　啓司,守光　美穂,,,平19. 4. 1,yakkyoku
薬局,34,1140930,よこた薬局,尾道市向東町３５６８－１,0848-44-8388,横田　進,間江　亮介,,,平7. 5. 1,yakkyoku
薬局,34,1140948,アイカ薬局,尾道市栗原西１丁目９－１６,0848-20-0088,有限会社　アイカ薬局　代表取締役　猪原　浩二,猪原　浩二,,,平8. 1. 1,yakkyoku
薬局,34,1140997,古浜薬局,尾道市古浜町６－２３,0848-22-7299,三原薬品株式会社　代表取締役　小森山　雅士,尾髙　宏治,,,平15. 4. 1,yakkyoku
薬局,34,1141045,東元町薬局,尾道市東元町２５－１８,0848-22-6790,有限会社　若宮商事　代表取締役　岡本　悦子,岡本　悦子,,,平10. 3. 1,yakkyoku
薬局,34,1141060,すばる薬局,尾道市栗原町９６５０－１０,0848-21-1123,岡山共立薬品株式会社　代表取締役　谷口　善繁,粟村　美穂,,,平10. 10. 1,yakkyoku
薬局,34,1141094,アイカ新浜薬局,尾道市新浜２丁目２－１,0848-24-8880,有限会社　アイカ薬局　代表取締役　猪原　浩二,内田　佐智江,,,平11. 3. 1,yakkyoku
薬局,34,1141110,アロマ薬局　東新涯店,尾道市高須町４７５５－５,0848-56-1337,有限会社　キャピタル　代表取締役　下田　俊彦,下田　篤子,,,平13. 5. 1,yakkyoku
薬局,34,1141128,アプコ東尾道薬局,尾道市高須町５７３８,0848-56-1593,アポテックス株式会社　代表取締役　岡田　啓司,真田　敦子,,,平14. 1. 1,yakkyoku
薬局,34,1141201,アプコ　中央薬局,尾道市土堂２－６－１８,0848-20-1693,アポテックス株式会社　代表取締役　岡田　啓司,渡邊　陽子,,,平14. 6. 1,yakkyoku
薬局,34,1141227,あんず薬局,尾道市高須町４７６３－１９,0848-56-1805,株式会社　タワーメディカル　代表取締役　片渕　則彦,角南　靖子,,,平15. 7. 1,yakkyoku
薬局,34,1141243,白金薬局,尾道市高須町１３８２番地１,0848-47-2921,有限会社　白金　代表取締役　橋本　まり子,橋本　洋介,,,平15. 8. 1,yakkyoku
薬局,34,1141250,さくら薬局,尾道市栗原西２丁目３－１１,0848-20-1887,行薬品有限会社　代表取締役　行　計人,下久保　奈津子,,,平16. 4. 1,yakkyoku
薬局,34,1141276,ありす薬局　東尾道店,尾道市高須町４７５４－５,0848-55-3150,株式会社　タワーメディカル　代表取締役　片渕　則彦,中平　将人,,,平16. 10. 1,yakkyoku
薬局,34,1141284,全快堂薬局　尾道店,尾道市栗原西２丁目５－１０,0848-20-1150,株式会社　全快堂　代表取締役　柏木　承子,平原　佳代子,,,平16. 12. 1,yakkyoku
薬局,34,1141300,瀬戸田調剤薬局,尾道市瀬戸田町瀬戸田３１３－１,0845-27-3668,瀬戸内薬品株式会社　代表取締役　小森山　雅士,渡邉　風菜,,,平18. 3. 1,yakkyoku
薬局,34,1141318,あおぞら薬局,尾道市新浜１丁目９－１,0848-24-2777,有限会社　トラストメディカ　代表取締役　金好　康隆,小田　さつき,,,平18. 4. 1,yakkyoku
薬局,34,1141326,メディエント尾道西薬局,尾道市神田町３－１１,0848-20-0093,メディエント・システムズ株式会社　代表取締役　清水　秀樹,横山　知恵美,,,平18. 11. 1,yakkyoku
薬局,34,1141334,ファーマシィ薬局あすなろ,尾道市御調町市１０６,0848-76-3530,株式会社　ファーマシィ　代表取締役　武田　輝美,木梨　翼,,,平20. 2. 25,yakkyoku
薬局,34,1141342,向島薬局,尾道市向島町５８８３－５,0848-44-5606,オノミチメディシン有限会社　代表取締役　水尾　力,村上　ゆかり,,,平20. 8. 1,yakkyoku
薬局,34,1141359,コスモス薬局　尾道店,尾道市新浜２丁目１０－１６,0848-24-3883,有限会社　朋ファーマシー　代表取締役　重松　朋哉,甲斐　明子,,,平20. 12. 1,yakkyoku
薬局,34,1141367,杉原薬局,尾道市土堂１丁目１－１２,0848-22-3466,宮本　要子,宮本　要子,,,平21. 1. 28,yakkyoku
薬局,34,1141409,尾道中央薬局西御所店,尾道市西御所町８－１１,0848-36-6350,有限会社　オーエスケー　代表取締役　友滝　人史,友滝　恵子,,,平22. 3. 1,yakkyoku
薬局,34,1141417,丸山薬局,尾道市西久保町１２－３０,0848-37-4022,株式会社　メディシン　代表取締役　石田　幸治,川嶋　ゆか,,,平22. 5. 1,yakkyoku
薬局,34,1141433,津部田薬局,尾道市向島町１４７６３－３,0848-45-1112,三原薬品株式会社　代表取締役　小森山　雅士,鶴舎　理恵,,,平23. 3. 1,yakkyoku
薬局,34,1141441,なの花薬局　平原店,尾道市平原１－２０－４６,0848-23-2311,株式会社　なの花西日本　代表取締役　宇野　光裕,三吉　由佳,,,平23. 4. 1,yakkyoku
薬局,34,1141458,ひので薬局　本館,尾道市平原１丁目２０番４４号,0848-38-7728,株式会社　タワーメディカル　代表取締役　片渕　則彦,斎藤　宏介,,,平23. 4. 1,yakkyoku
薬局,34,1141466,ひので薬局　別館,尾道市平原１丁目２０番４１号,0848-38-7350,株式会社　タワーメディカル　代表取締役　片渕　則彦,岡田　亜希子,,,平23. 4. 1,yakkyoku
薬局,34,1141474,アプコＵｎｉｔｙ薬局,尾道市平原一丁目１０番２５号,0848-24-6093,メディエント・システムズ株式会社　代表取締役　清水　秀樹,髙橋　秋子,,,平23. 5. 1,yakkyoku
薬局,34,1141482,ファーマシィ薬局病院前,尾道市新高山３丁目１１７０－１０９,0848-56-0560,株式会社　ファーマシィ　代表取締役　武田　輝美,山田　真弘,,,平23. 6. 1,yakkyoku
薬局,34,1141508,すみれ薬局,尾道市高須町３６５６－３,0848-36-6622,オノミチメディシン有限会社　代表取締役　水尾　力,山崎　有理子,,,平23. 6. 1,yakkyoku
薬局,34,1141516,あい薬局　平原店,尾道市平原一丁目２０－５０,0848-21-1311,有限会社　田辺薬局　代表取締役　田邊　文祥,田　ナオ,,,平23. 9. 1,yakkyoku
薬局,34,1141557,ありす薬局高須店,尾道市高須町４７８８－１１－１０２,0848-38-7627,株式会社タワーメディカル　代表取締役　片渕　則彦,杉原　弘枝,,,平24. 2. 1,yakkyoku
薬局,34,1141565,ありす薬局　土堂店,尾道市土堂１丁目１－１２,0848-23-9861,株式会社　タワーメディカル　代表取締役　片渕　則彦,竹下　成樹,,,平24. 4. 1,yakkyoku
薬局,34,1141573,オリーブ薬局西御所店,尾道市西御所町２－１６,0848-36-6228,株式会社エスマイル　代表取締役　大下　訓生,岸本　真穂,,,平24. 5. 1,yakkyoku
薬局,34,1141581,アイリス薬局,尾道市長江１丁目２３－７,0848-36-5522,オノミチメディシン有限会社　代表取締役　水尾　力,田國　美沙子,,,平24. 6. 1,yakkyoku
薬局,34,1141607,ドレミファ薬局,尾道市栗原町１１４８２－１,0848-38-1088,株式会社ポア・パックス　代表取締役　三井　寿人,安保　博美,,,平25. 2. 1,yakkyoku
薬局,34,1141615,宮地薬局,尾道市因島三庄町１６２１－８,0845-22-0792,宮地　理,宮地　理,,,平25. 1. 7,yakkyoku
薬局,34,1141623,タクマ薬局,尾道市因島中庄町３１８３－１,0845-24-2475,岡野　寿子,岡野　寿子,,,平25. 3. 11,yakkyoku
薬局,34,1141631,絵の町薬局,尾道市久保一丁目３－２１,0848-20-8122,岡山共立薬品株式会社　代表取締役　谷口　善繁,髙田　浩三,,,平25. 4. 1,yakkyoku
薬局,34,1141656,ひので薬局　高須店,尾道市高須町４８０３－１２,0848-38-1740,株式会社タワーメディカル　代表取締役　片渕　則彦,倉田　佳子,,,平25. 7. 1,yakkyoku
薬局,34,1141664,なかの薬局,尾道市瀬戸田町中野４０２－１,0845-26-4117,因島薬品株式会社　代表取締役　小森山　雅士,楢原　康仁,,,平25. 7. 1,yakkyoku
薬局,34,1141680,コスモス薬局　向島店,尾道市向島町５４３７－１,0848-20-6556,有限会社朋ファーマシー　代表取締役　重松　朋哉,龍田　尚子,,,平25. 11. 1,yakkyoku
薬局,34,1141698,ププレひまわり薬局尾道中央店,尾道市栗原西一丁目４－１６,0848-38-1029,株式会社ププレひまわり　代表取締役　畑　和彦,行広　清子,,,平26. 4. 1,yakkyoku
薬局,34,1141706,せとうち薬局,尾道市因島土生町１８０９－２０,0845-22-0755,有限会社　土井　代表取締役　村上　久俊,村上　美惠子,,,平26. 9. 1,yakkyoku
薬局,34,1141714,田熊本町調剤薬局,尾道市因島田熊町字扇新開１１４１－１,0845-22-8070,因島薬品株式会社　代表取締役　小森山　雅士,佐藤　純治,,,平27. 6. 1,yakkyoku
薬局,34,1141771,門田薬局,尾道市門田町１－４１,0848-23-2529,有限会社　川崎薬品　代表取締役　藤田　善久,木曽　千春,,,平29. 1. 1,yakkyoku
薬局,34,1141797,アローＳ薬局,尾道市美ノ郷町三成１０６６－６,0848-48-3930,下末　實,下末　實,,,平30. 3. 1,yakkyoku
薬局,34,1141805,おひさま薬局,尾道市新高山三丁目１１７０－２１４,0848-55-8112,平井　貴久美,平井　貴久美,,,平30. 4. 1,yakkyoku
薬局,34,1141813,コスモス薬局　尾道久保店,尾道市久保一丁目２－２,0848-20-7070,有限会社朋ファーマシー　代表取締役　重松　朋哉,宮田　史衣,,,平30. 7. 1,yakkyoku
薬局,34,1141847,麻生薬局,尾道市久保一丁目１３－１６,0848-38-7320,麻生　祐司,麻生　典子,,,令元. 9. 1,yakkyoku
薬局,34,1141862,共立薬局,尾道市新浜一丁目１４－２２,0848-22-6926,有限会社共立　代表取締役　堀　美智子,髙田　諭,,,令元. 10. 1,yakkyoku
薬局,34,1141870,さつき薬局,尾道市御調町神１０２－１７,0848-29-9811,栗原　康平,栗原　康平,,,令2. 5. 1,yakkyoku
薬局,34,1141888,あい薬局田辺健康館,尾道市古浜町９－１,0848-22-3566,有限会社田辺薬局　代表取締役　田邊　文祥,田　厚雄,,,令2. 4. 1,yakkyoku
薬局,34,1141896,市薬局,尾道市御調町市１００,0848-76-3490,株式会社せとうち　代表取締役　三上　彩香,岡野　光顕,,,令2. 6. 1,yakkyoku
薬局,34,1141938,栗原本通薬局,尾道市栗原東二丁目１－２８,0848-38-9552,有限会社　アイカ薬局　代表取締役　猪原　浩二,本宮　敏光,,,令4. 9. 18,yakkyoku
薬局,34,1141946,のぞみ薬局,尾道市因島重井町５２３２－４,0845-23-7211,因島薬品株式会社　代表取締役　小森山　雅士,張間　亜希,,,令5. 2. 24,yakkyoku
薬局,34,1141961,平木調剤薬局,尾道市因島土生町２１４７－１,0845-22-8576,因島薬品株式会社　代表取締役　小森山　雅士,大松　弘坪,,,令5. 4. 1,yakkyoku
薬局,34,1141979,ザグザグ薬局尾道高須店,尾道市高須町５２８０,0848-56-1339,株式会社ザグザグ　代表取締役　森　信,髙橋　星砂,,,令5. 6. 1,yakkyoku
薬局,34,1141987,ププレひまわり薬局尾道西店,尾道市新浜一丁目７－７,0848-29-6661,株式会社ププレひまわり　代表取締役　畑　和彦,髙岡　陽,,,令5. 6. 1,yakkyoku
薬局,34,1141995,アプコセンター薬局,尾道市十四日元町３－５,0848-20-7293,アプコ株式会社　代表取締役　岡田　啓司,前川　真依子,,,令5. 10. 1,yakkyoku
薬局,34,1142001,あかり薬局,尾道市向島町５４２－１８,0848-36-6013,三原薬品株式会社　代表取締役　小森山　雅士,黒飛　謙次,,,令5. 11. 1,yakkyoku
薬局,34,1142019,なべか薬局,尾道市新高山三丁目１１７０－２４８,0848-46-4696,鍋加　敏行,鍋加　和子,,,令6. 1. 1,yakkyoku
薬局,34,1142027,かんだ薬局,尾道市神田町３－２４,0848-38-7088,三原薬品株式会社　代表取締役　小森山　雅士,野崎　美帆,,,令6. 4. 1,yakkyoku
薬局,34,1142035,イオン薬局イオンスタイル尾道,尾道市天満町１７－５０,0848-21-3820,イオンリテール株式会社　代表取締役　古澤　康之,小林　史枝,,,令7. 2. 12,yakkyoku
薬局,34,1142043,因島センター薬局,尾道市因島中庄町２４３０－４,0845-24-2856,因島薬品株式会社　代表取締役　小森山　雅士,林　綾子,,,令8. 3. 1,yakkyoku
薬局,34,1142050,クルーズ薬局　天満町店,尾道市天満町１６－１４－７,0848-21-1161,総合メディカル株式会社　代表取締役　多田　荘一郎,村上　裕子,,,令8. 4. 1,yakkyoku
薬局,34,1340092,有限会社　中本薬局,尾道市因島土生町１８９９－７,0845-22-0199,有限会社　中本薬局　代表取締役　中本　聖子,中本　恵美,,,昭49. 12. 8,yakkyoku
薬局,34,1340217,第一調剤薬局,尾道市因島土生町２０９０,0845-22-5995,有限会社因島メディコム　代表取締役　瀬分　智子,田中　美香,,,昭54. 10. 1,yakkyoku
薬局,34,1340225,宇和部薬局,尾道市因島土生町１６８４－７,0845-22-8548,因島薬品株式会社　代表取締役　小森山　雅士,助永　文子,,,平15. 4. 1,yakkyoku
薬局,34,1340282,ひまわり薬局,尾道市因島土生町２０１６－３,0845-22-8374,有限会社　因島ファーマシー　代表取締役　小林　士郎,村上　裕子,,,昭59. 11. 1,yakkyoku
薬局,34,1340332,因島調剤薬局,尾道市因島重井町６６１６－３,08452-5-1257,因島薬品株式会社　代表取締役　小森山　雅士,小森山　雅士,,,平4. 6. 1,yakkyoku
薬局,34,1340340,有限会社塩浜調剤薬局,尾道市因島土生町１８９９－９８,0845-22-9528,有限会社塩浜調剤薬局　代表取締役　岡野　郁美,岡野　俊伸,,,平4. 12. 1,yakkyoku
薬局,34,1340381,寺西薬局,尾道市因島中庄町４８９５－２６,0845-24-3661,寺西薬局　有限会社　代表取締役　寺西　俊雄,寺西　俊雄,,,平7. 11. 1,yakkyoku
薬局,34,1340415,病院前薬局,尾道市因島土生町２１００－１１,0845-26-0333,因島薬品株式会社　代表取締役　小森山　雅士,藤原　猛司,,,平11. 3. 1,yakkyoku
薬局,34,1340423,ホワイト薬局,尾道市因島土生町２２０１－１,0845-26-0071,株式会社ライジング企画広島　代表取締役　鈴木　明,曲渕　容子,,,平11. 4. 1,yakkyoku
薬局,34,1540014,有限会社　富士薬局,福山市宝町２－２１,084-922-0282,有限会社　富士薬局　取締役　橋弥　宏子,橋弥　宏子,,,昭57. 7. 1,yakkyoku
薬局,34,1540261,有限会社　有木薬局,福山市霞町３丁目３－１２,084-923-0866,有限会社　有木薬局　代表取締役　有木　拓一,有木　拓一,,,昭32. 9. 1,yakkyoku
薬局,34,1540600,今岡薬局　医療センター前店,福山市沖野上町４－２１－３３,084-922-1985,株式会社　今岡薬局　代表取締役　今岡　郁博,髙橋　智弘,,,平19. 5. 1,yakkyoku
薬局,34,1540667,川上薬局,福山市松永町４丁目８－２,084-934-6135,有限会社　川上薬局　取締役　川上　ミチ子,村上　恵美,,,平6. 8. 1,yakkyoku
薬局,34,1541020,竹腰薬局,福山市松永町５－３７－２５,084-933-3688,有限会社竹腰商店　代表取締役　竹腰　正司,竹腰　正司,,,昭56. 11. 1,yakkyoku
薬局,34,1541046,マツイ薬局,福山市曙町５丁目２１－４８,084-953-3599,有限会社マツイ薬局　代表取締役　松井　茂樹,松井　俊博,,,昭61. 12. 1,yakkyoku
薬局,34,1541095,青山薬局,福山市手城町１丁目３－２４,084-931-2127,青山　陽子,青山　陽子,,,昭52. 4. 1,yakkyoku
薬局,34,1541152,ファーマシィ薬局今津,福山市今津町２丁目２－１０,084-933-5683,株式会社　ファーマシィ　代表取締役　武田　輝美,田川　瑞穂,,,平9. 8. 1,yakkyoku
薬局,34,1541251,熊谷薬局,福山市昭和町５－１０,0849-23-1945,熊谷　弘子,熊谷　弘子,,,昭53. 11. 1,yakkyoku
薬局,34,1541442,キューピー堂薬局,福山市西町３丁目１２－２０,0849-22-2458,世良　嘉國,世良　紀恵,,,平6. 9. 1,yakkyoku
薬局,34,1541673,大黒調剤薬局,福山市大黒町１－３３,084-926-0690,有限会社大黒調剤薬局　代表取締役　角本　浩志,角本　浩志,,,平16. 11. 1,yakkyoku
薬局,34,1541830,有雅堂薬局,福山市瀬戸町地頭分１１９１－１,084-952-0718,有限会社　有雅堂　代表取締役　真田　雅子,真田　雅子,,,平元. 2. 1,yakkyoku
薬局,34,1541863,有限会社　グリーン薬局,福山市千田町３丁目３４－２８,084-955-4117,有限会社　グリーン薬局　代表取締役　藤井　芳美,藤井　芳美,,,平10. 8. 1,yakkyoku
薬局,34,1541913,鞆調剤薬局,福山市鞆町鞆３２７－２,084-983-5231,有限会社鞆調剤センター　代表取締役　井本　子,中山　明久,,,昭59. 1. 1,yakkyoku
薬局,34,1541921,宮野薬局,福山市南町２－１２,0849-32-2112,宮野　美代子,宮野　美代子,,,昭59. 1. 1,yakkyoku
薬局,34,1541954,株式会社サン・メディカル薬局（大黒店）,福山市大黒町１－１,084-923-2325,株式会社　サン・メディカル　代表取締役　藤井　香織,土井　惠子,,,昭59. 4. 1,yakkyoku
薬局,34,1542184,有限会社　三宅調剤薬局,福山市曙町５丁目１８－２０,084-954-0508,有限会社　三宅調剤薬局　代表取締役　三宅　利明,三宅　利明,,,平13. 4. 1,yakkyoku
薬局,34,1542226,エル調剤薬局,福山市今津町４丁目１－２１,084-934-6454,有限会社　エル　取締役　村上　祥子,半田　千晶,,,平6. 8. 1,yakkyoku
薬局,34,1542275,すずらん薬局,福山市大黒町２－３２,084-921-0260,五洋医療器　株式会社　代表取締役　小坂　正記,野口　淑江,,,昭63. 4. 1,yakkyoku
薬局,34,1542283,有限会社ユーアイ薬局,福山市三之丸町１４－１８,084-931-5988,有限会社　ユーアイ薬局　取締役社長　竹内　多恵子,谷　佳代子,,,昭63. 5. 1,yakkyoku
薬局,34,1542416,エース天元堂薬局,福山市港町１丁目１４－１３,084-926-8520,五洋医療器　株式会社　代表取締役　小坂　正記,右下　庸子,,,平11. 11. 1,yakkyoku
薬局,34,1542465,株式会社サン・メディカル薬局（道三店）,福山市道三町５－１５,084-928-3021,株式会社　サン・メディカル　代表取締役　藤井　香織,森田　伊佐子,,,平3. 9. 1,yakkyoku
薬局,34,1542523,キョーエイ薬局　さくら,福山市西桜町１－７－２,084-928-5550,協栄物産株式会社　代表取締役　金原　保行,藤原　洋子,,,平12. 1. 1,yakkyoku
薬局,34,1542580,有限会社　鳳鳴館薬局,福山市草戸町３丁目１０－３６,084-923-3538,有限会社　鳳鳴館薬局　取締役　細川　峰代,細川　峰代,,,平5. 3. 1,yakkyoku
薬局,34,1542606,湯浅薬局,福山市西深津町６丁目１３－１７,0849-25-5520,湯浅　光範,湯浅　裕美,,,平5. 6. 1,yakkyoku
薬局,34,1542671,大黒調剤薬局　明治町店,福山市明治町３－１４,0849-21-4839,有限会社大黒調剤薬局　代表取締役　角本　浩志,加藤　量子,,,平6. 4. 1,yakkyoku
薬局,34,1542705,一般社団法人　福山市薬剤師会　野上薬局,福山市野上町３－１２－１,084-924-6625,一般社団法人　福山市薬剤師会　代表理事　井上　真,田口　直子,,,平6. 8. 1,yakkyoku
薬局,34,1542713,ファーマシィ薬局クレール,福山市御門町３－３－９,084-931-3368,株式会社　ファーマシィ　代表取締役　武田　輝美,外林　美穂,,,平7. 1. 1,yakkyoku
薬局,34,1542929,さわやか薬局,福山市西深津町４丁目４－５,084-920-1865,有限会社　エイエムエイ　代表取締役　信藤　秀明,山口　察子,,,平8. 10. 1,yakkyoku
薬局,34,1542945,ポポ薬局,福山市南蔵王町１丁目７－１７,084-926-6600,澁谷　寿高,澁谷　寿高,,,平14. 2. 1,yakkyoku
薬局,34,1542978,とも西町薬局,福山市西町２丁目５－５,084-928-8117,有限会社　鞆調剤センター　代表取締役　井本　子,眞田　裕子,,,平9. 4. 1,yakkyoku
薬局,34,1542986,アロー薬局城見店,福山市城見町１丁目３－４,084-920-9080,有限会社　アロー　代表取締役　前田　幹雄,吉田　光江,,,平9. 4. 1,yakkyoku
薬局,34,1542994,ファーマシィ薬局みのり,福山市今津町２丁目３－９,084-933-6341,株式会社　ファーマシィ　代表取締役　武田　輝美,原山　朋子,,,平9. 5. 1,yakkyoku
薬局,34,1543059,株式会社サン・メディカル薬局（川口店）,福山市川口町１丁目８番１－１０５号,084-920-2131,株式会社　サン・メディカル　代表取締役　藤井　香織,藤本　恵理子,,,平9. 9. 1,yakkyoku
薬局,34,1543067,松永エル薬局,福山市松永町３５０－１３,084-934-7767,有限会社　エル　取締役　村上　祥子,藤井　智哉,,,平9. 10. 1,yakkyoku
薬局,34,1543075,だるま薬局,福山市昭和町２－１２,084-922-1463,縄稚　政弘,縄稚　政弘,,,平9. 12. 1,yakkyoku
薬局,34,1543083,有木薬局新涯店,福山市新涯町３丁目１６－２,084-954-0114,吉田　芳子,吉田　芳子,,,平10. 1. 1,yakkyoku
薬局,34,1543174,東手城薬局,福山市東手城町３丁目１２－１３,084-945-0413,株式会社あすか　代表取締役　谷口　善繁,関本　浩子,,,平11. 4. 1,yakkyoku
薬局,34,1543182,センター薬局柳津,福山市柳津町４丁目２－１７,084-930-0480,有限会社センター調剤薬局　代表取締役　大方　裕人,齋藤　雅子,,,平11. 5. 1,yakkyoku
薬局,34,1543216,明王薬局,福山市明王台３丁目１２－３６,084-952-1230,髙原　知恵,髙原　知恵,,,平11. 8. 1,yakkyoku
薬局,34,1543224,つばさ薬局,福山市南蔵王町６丁目２０－１１,084-940-3356,株式会社あすか　代表取締役　谷口　善繁,稲本　陽子,,,平11. 10. 1,yakkyoku
薬局,34,1543240,ひろ薬局,福山市春日町７丁目４－９,084-941-3883,株式会社　ファーマライン　代表取締役　小坂　正通,神田　啓代,,,平11. 12. 1,yakkyoku
薬局,34,1543257,アロー薬局御幸店,福山市御幸町下岩成中町３１６－３,084-961-0030,有限会社　アロー　代表取締役　前田　幹雄,柿木　嘉仁,,,平11. 12. 1,yakkyoku
薬局,34,1543265,ファーマシィ薬局新涯,福山市新涯町１丁目５－４０,084-981-3080,株式会社　ファーマシィ　代表取締役　武田　輝美,渡邊　晃宏,,,平11. 12. 1,yakkyoku
薬局,34,1543281,にこぴん薬局,福山市港町２丁目５－２３,084-973-6251,株式会社　シントミ　代表取締役　川上　慶彰,高橋　裕子,,,平12. 4. 1,yakkyoku
薬局,34,1543307,木之庄薬局,福山市木之庄町２丁目７－３,084-925-3125,三原薬品株式会社　代表取締役　小森山　雅士,横山　和也,,,平12. 4. 1,yakkyoku
薬局,34,1543323,ゆうゆう薬局,福山市松永町５丁目９－１４,084-930-0653,株式会社　エスマイル　代表取締役　大下　訓生,佐々木　恵理子,,,平12. 6. 1,yakkyoku
薬局,34,1543349,にこぴん薬局　三吉町店,福山市三吉町３丁目３－２２,084-973-7551,株式会社　シントミ　代表取締役　川上　慶彰,岡田　美枝,,,平12. 8. 1,yakkyoku
薬局,34,1543356,キョーエイ薬局　かんな,福山市沖野上町３丁目４－１７,084-973-9688,協栄物産株式会社　代表取締役　金原　保行,藤枝　潔実,,,平12. 12. 1,yakkyoku
薬局,34,1543398,株式会社サン・メディカル薬局（松永店）,福山市松永町３４２－９,084-930-4313,株式会社サン・メディカル　代表取締役　藤井　香織,桒本　弘一,,,平13. 3. 1,yakkyoku
薬局,34,1543414,けんたろう薬局,福山市宮前町２丁目６－１９,084-930-4241,株式会社　ファーマライン　代表取締役　小坂　正通,小笹　恒朗,,,平13. 5. 1,yakkyoku
薬局,34,1543430,ファーマシィ薬局南本庄,福山市南本庄３丁目２－１６,084-973-3738,株式会社　ファーマシィ　代表取締役　武田　輝美,高木　義和,,,平13. 12. 1,yakkyoku
薬局,34,1543448,みゅう薬局,福山市春日町３丁目９－１,084-947-9952,伊藤　美奈子,小林　妙視,,,平14. 2. 1,yakkyoku
薬局,34,1543455,ももたろう薬局　駅家店,福山市駅家町大字万能倉７２８－７,084-949-3707,株式会社　広島メディクス　代表取締役　別府　大輔,濱田　美穂,,,平14. 6. 1,yakkyoku
薬局,34,1543596,にこぴん薬局千田町店,福山市千田町２丁目４７－５,084-961-0251,株式会社シントミ　代表取締役　川上　慶彰,山口　真里子,,,平16. 4. 1,yakkyoku
薬局,34,1543612,みやけ薬局,福山市三吉町３丁目１－１０,084-932-6111,有限会社　エフケーエム　代表取締役　三澤　富美子,三澤　富美子,,,平17. 7. 1,yakkyoku
薬局,34,1543620,全快堂薬局,福山市沖野上町４丁目１３－１２,084-932-6260,株式会社　全快堂　代表取締役　柏木　承子,髙光　民和,,,平16. 11. 1,yakkyoku
薬局,34,1543638,なごみ薬局,福山市水呑町三新田２丁目２３１番地,084-956-4140,株式会社あすか　代表取締役　谷口　善繁,藤井　康弘,,,平16. 11. 1,yakkyoku
薬局,34,1543695,ザグザグ薬局曙店,福山市曙町３丁目１９－１２,084-981-2666,株式会社ザグザグ　代表取締役　森　信,湯浅　織衣,,,平17. 11. 1,yakkyoku
薬局,34,1543703,ファーマシィ薬局あけぼの,福山市曙町３丁目２０－２１－１,084-981-2785,株式会社　ファーマシィ　代表取締役　武田　輝美,長谷川　公美,,,平18. 2. 1,yakkyoku
薬局,34,1543745,そうごう薬局蔵王店,福山市南蔵王町５丁目１４－１０,084-941-5912,総合メディカル株式会社　代表取締役　多田　荘一郎,桑田　貴司,,,平18. 8. 1,yakkyoku
薬局,34,1543752,明神町薬局,福山市明神町２丁目１０－３,084-973-2115,株式会社　エスマイル　代表取締役　大下　訓生,大本　愛,,,平18. 9. 1,yakkyoku
薬局,34,1543760,日本調剤　赤坂薬局,福山市赤坂町赤坂１２８３番地の１,084-949-2808,日本調剤株式会社　代表取締役　小城　和紀,山﨑　留奈,,,平18. 9. 1,yakkyoku
薬局,34,1543794,にこぴん薬局　三新田店,福山市水呑町三新田二丁目２６番地,084-968-0251,株式会社シントミ　代表取締役　川上　慶彰,中司　絢子,,,平18. 12. 1,yakkyoku
薬局,34,1543802,ププレひまわり薬局水呑店,福山市水呑町三新田２丁目２１番地,084-920-5666,株式会社ププレひまわり　代表取締役　畑　和彦,桑田　潤子,,,平18. 12. 1,yakkyoku
薬局,34,1543810,セブン薬局,福山市春日町７丁目１－２４,084-941-2235,セブンファーマ株式会社　代表取締役　小林　修,小林　修,,,平19. 1. 1,yakkyoku
薬局,34,1543828,トミヤス薬局,福山市松浜町１－１－２６,084-923-3668,冨安　眞佐子,冨安　眞佐子,,,平19. 2. 1,yakkyoku
薬局,34,1543836,菜の花薬局,福山市神辺町川南３１４３－７,084-963-3664,菜の花薬局有限会社　代表取締役　馬屋原　栄子,馬屋原　栄子,,,平19. 3. 1,yakkyoku
薬局,34,1543869,こはる薬局,福山市駅家町万能倉９１０－１４,084-976-9697,株式会社ひなたファーマシー　代表取締役　藤嶋　隼人,吉田　丈穣,,,平19. 4. 1,yakkyoku
薬局,34,1543893,ファーマシィ薬局だいもん,福山市大門町３丁目１９－１６,084-946-4445,株式会社　ファーマシィ　代表取締役　武田　輝美,野村　彰一,,,平19. 8. 1,yakkyoku
薬局,34,1544008,オール薬局　神辺店,福山市神辺町川北１５３３,084-960-3327,マイライフ株式会社　代表取締役　糸賀　誠,大林　義昌,,,平20. 11. 1,yakkyoku
薬局,34,1544016,にこぴん薬局　伊勢丘店,福山市伊勢丘五丁目６番２号,084-944-8251,株式会社シントミ　代表取締役　川上　慶彰,藤井　温子,,,平20. 12. 1,yakkyoku
薬局,34,1544057,ファーマシィ薬局伊勢丘,福山市伊勢丘６丁目１－２５,084-948-6255,株式会社　ファーマシィ　代表取締役　武田　輝美,渡　誠,,,平21. 4. 1,yakkyoku
薬局,34,1544065,センター薬局,福山市今津町３丁目９－５,084-933-4485,有限会社　センター調剤薬局　代表取締役　大方　裕人,宮澤　智恵,,,平21. 4. 1,yakkyoku
薬局,34,1544081,東手城ココフル薬局,福山市東手城町１丁目３番１１号,084-945-9700,株式会社九州メディカル　代表取締役　波多野　稔丈,東中　慶太,,,平21. 6. 1,yakkyoku
薬局,34,1544107,株式会社　サン・メディカル薬局　東桜町店,福山市東桜町１１番１０号,084-973-3551,株式会社　サン・メディカル　代表取締役　藤井　香織,嶋崎　由美,,,平21. 6. 1,yakkyoku
薬局,34,1544123,あすか薬局,福山市駅家町万能倉１１１１－１０,084-977-1261,オノミチメディシン有限会社　代表取締役　水尾　力,舩尾　美智子,,,平21. 7. 1,yakkyoku
薬局,34,1544131,ファーマシィ薬局たけがはな,福山市水呑町３５９０－１,084-968-0117,株式会社　ファーマシィ　代表取締役　武田　輝美,東　裕二,,,平21. 9. 1,yakkyoku
薬局,34,1544149,ミント薬局,福山市南蔵王町５丁目２２番３４号,084-983-0005,有限会社　やまさき薬局　代表取締役　山﨑　一郎,世良　祥弘,,,平22. 1. 1,yakkyoku
薬局,34,1544172,コスモス薬局　引野店,福山市引野町５丁目２１－３６,084-941-5800,有限会社　朋ファーマシー　代表取締役　重松　朋哉,宇久田　玄志,,,平22. 3. 1,yakkyoku
薬局,34,1544180,ちとせユーキ薬局,福山市沼隈町草深１９１８－３,084-987-4008,株式会社　エスマイル　代表取締役　大下　訓生,楢原　瑞枝,,,平22. 3. 1,yakkyoku
薬局,34,1544214,ファーマシィ薬局松永ファミール,福山市松永町四丁目１－４　駅前ロータリーマンション１Ｆ,084-934-7560,株式会社　ファーマシィ　代表取締役　武田　輝美,斎藤　綾子,,,平22. 4. 1,yakkyoku
薬局,34,1544230,リアン薬局,福山市水呑町三新田１丁目６１０番地,084-956-6511,オノミチメディシン有限会社　代表取締役　水尾　力,白川　智昭,,,平22. 6. 1,yakkyoku
薬局,34,1544248,リーフ薬局,福山市青葉台１－１１－８,084-983-2190,株式会社Ｋ・Ｍ・Ｄ　代表取締役　熊谷　裕幸,熊谷　政章,,,平22. 10. 1,yakkyoku
薬局,34,1544313,くるみ薬局,福山市木之庄町２丁目７－１,084-931-4066,株式会社　ハーモニー　代表取締役　大前　進,山﨑　良子,,,平23. 2. 1,yakkyoku
薬局,34,1544321,くるみ薬局　駅家店,福山市駅家町万能倉９８－５,084-977-0781,株式会社　ハーモニー　代表取締役　大前　進,藤井　博子,,,平23. 2. 1,yakkyoku
薬局,34,1544339,アース薬局,福山市松永町３丁目７番３９－４号,084-939-6502,有限会社　センター調剤薬局　代表取締役　大方　裕人,牧　友則,,,平23. 4. 1,yakkyoku
薬局,34,1544362,大門のぞみ薬局,福山市大門町３－２８－１,084-940-5583,ケイズ株式会社　代表取締役　佐藤　望,藤岡　孝允,,,平23. 9. 1,yakkyoku
薬局,34,1544396,エスマイル薬局宮内店,福山市新市町宮内３４９－２,0847-51-8350,株式会社エスマイル　代表取締役　大下　訓生,今井　梨衣,,,平23. 10. 1,yakkyoku
薬局,34,1544412,エスマイル薬局太陽店,福山市新市町新市３４－３,0847-40-3605,株式会社エスマイル　代表取締役　大下　訓生,國貞　誠一,,,平23. 10. 1,yakkyoku
薬局,34,1544420,エスマイル薬局福山南店,福山市川口町４丁目１２－３６,084-981-5855,株式会社エスマイル　代表取締役　大下　訓生,宮宇地　朝路,,,平23. 10. 1,yakkyoku
薬局,34,1544438,わかば薬局,福山市沼隈町草深４５６－１,084-987-4475,株式会社エスマイル　代表取締役　大下　訓生,川邊　秀仁,,,平23. 10. 1,yakkyoku
薬局,34,1544446,ウォンツ福山伊勢丘薬局,福山市伊勢丘３－３－１,084-948-8021,株式会社ツルハグループドラッグ＆ファーマシー西日本　代表取締役社長　村上　正一,高橋　俊二,,,平23. 10. 1,yakkyoku
薬局,34,1544453,ふれあいローズ薬局,福山市野上町２丁目６番８号,084-973-9880,株式会社エスマイル　代表取締役　大下　訓生,横井　梓,,,平23. 10. 1,yakkyoku
薬局,34,1544461,エスマイル薬局みどり町店,福山市緑町２－４０,084-927-1193,株式会社エスマイル　代表取締役　大下　訓生,佐々木　玲子,,,平23. 10. 1,yakkyoku
薬局,34,1544479,ふれあいぶどう薬局,福山市沼隈町大字草深１９８０－１０,084-980-7011,株式会社エスマイル　代表取締役　大下　訓生,松岡　佳子,,,平23. 10. 1,yakkyoku
薬局,34,1544487,旭町薬局,福山市入船町１丁目７－２６,084-928-4510,株式会社　メディシン　代表取締役　石田　幸治,石田　和子,,,平23. 11. 21,yakkyoku
薬局,34,1544495,蔵王薬局,福山市蔵王町１６２－１,084-982-9773,有限会社　蔵王薬局　代表取締役　柏木　悦徳,種本　陽平,,,平24. 1. 1,yakkyoku
薬局,34,1544503,にこぴん薬局　手城町店,福山市手城町二丁目１番１６号,084-973-8251,株式会社シントミ　代表取締役　川上　慶彰,横山　育江,,,平24. 4. 1,yakkyoku
薬局,34,1544511,とも水呑薬局,福山市水呑町三新田二丁目１番地,084-982-6446,有限会社鞆調剤センター　代表取締役　井本　子,井本　道也,,,平24. 5. 1,yakkyoku
薬局,34,1544594,ププレひまわり薬局多治米店,福山市多治米町二丁目１２番１０号,084-957-2773,株式会社　ププレひまわり　代表取締役　畑　和彦,山岸　沙織,,,平24. 12. 1,yakkyoku
薬局,34,1544602,ファーマシィ薬局みのみ,福山市水呑町１９５７番地２,084-920-5070,株式会社ファーマシィ　代表取締役　武田　輝美,日野　千裕,,,平25. 4. 1,yakkyoku
薬局,34,1544610,エスマイル薬局かすみ店,福山市霞町二丁目４番４号,084-927-9955,株式会社エスマイル　代表取締役　大下　訓生,大西　奏,,,平25. 4. 1,yakkyoku
薬局,34,1544644,ザグザグ薬局　松永店,福山市今津町三丁目８番６０号,084-930-4233,株式会社ザグザグ　代表取締役　森　信,山口　裕美,,,平25. 6. 1,yakkyoku
薬局,34,1544677,くまのみ薬局,福山市御幸町森脇４２６番地８,084-982-5351,有限会社サンハンズ　代表取締役　森田　直行,藤井　南弥,,,平25. 7. 1,yakkyoku
薬局,34,1544685,エスマイル薬局たじめ店,福山市多治米町二丁目１５番１５号,084-954-1193,株式会社エスマイル　代表取締役　大下　訓生,坂田　栞名,,,平25. 9. 1,yakkyoku
薬局,34,1544719,そうごう薬局　近田店,福山市駅家町大字近田５８６番地２,084-977-0677,総合メディカル株式会社　代表取締役　多田　荘一郎,藤井　晶子,,,平25. 10. 1,yakkyoku
薬局,34,1544743,さくらんぼ薬局伊勢丘店,福山市伊勢丘五丁目１番２３号,084-959-2157,さくらグループ株式会社　代表取締役　平野　真実,東　和人,,,平26. 4. 1,yakkyoku
薬局,34,1544750,ウォンツ福山駅家薬局,福山市駅家町万能倉１２４６番地２,084-977-0356,株式会社ツルハグループドラッグ＆ファーマシー西日本　代表取締役社長　村上　正一,重政　知磨,,,平26. 5. 1,yakkyoku
薬局,34,1544784,在宅支援　ザグザグ薬局多治米店,福山市多治米町五丁目２３番３９号,084-920-3142,株式会社ザグザグ　代表取締役　森　信,池田　吉隆,,,平26. 9. 1,yakkyoku
薬局,34,1544792,薬局クオリス,福山市沼隈町大字常石２６３８番地５,084-987-4889,髙垣　秀和,髙垣　秀和,,,平26. 9. 1,yakkyoku
薬局,34,1544800,サラダ薬局,福山市山手町二丁目３番１５号,084-952-5963,有限会社サンハンズ　代表取締役　森田　直行,町支　理恵,,,平26. 9. 1,yakkyoku
薬局,34,1544818,さくらんぼ薬局沖野上店,福山市沖野上町四丁目３番３３号,084-973-4155,さくらグループ株式会社　代表取締役　平野　真実,楫　彩里沙,,,平26. 11. 1,yakkyoku
薬局,34,1544826,アイワ薬局,福山市加茂町字中野４０３番地２３,084-972-7535,株式会社エスマイル　代表取締役　大下　訓生,宇田　友吉子,,,平26. 10. 1,yakkyoku
薬局,34,1544867,エスマイル薬局　駅家店,福山市駅家町大字倉光３０６番地７,084-959-5701,株式会社エスマイル　代表取締役　大下　訓生,三宅　実琴,,,平27. 6. 1,yakkyoku
薬局,34,1544875,株式会社だりあ薬局,福山市大門町三丁目１９番３０号,084-941-5355,株式会社だりあ薬局　代表取締役　藤本　敦子,藤本　敦子,,,平27. 6. 1,yakkyoku
薬局,34,1544941,かんなべ薬局,福山市神辺町大字川南１０４５番地４,084-965-6699,三原薬品株式会社　代表取締役　小森山　雅士,平本　健二,,,平27. 12. 1,yakkyoku
薬局,34,1544966,そうごう薬局　幕山中央店,福山市幕山台一丁目１番１号,084-948-6066,総合メディカル株式会社　代表取締役　多田　荘一郎,大村　美紀,,,平28. 1. 1,yakkyoku
薬局,34,1544982,東深津薬局,福山市東深津町二丁目７番４７号,084-921-6793,合同会社あぽてーく　代表社員　井口　達也,井口　達也,,,平28. 5. 1,yakkyoku
薬局,34,1545013,ププレひまわり薬局御幸店,福山市御幸町大字下岩成３３８番地,084-983-1810,株式会社ププレひまわり　代表取締役　畑　和彦,平野　健,,,平28. 8. 1,yakkyoku
薬局,34,1545021,コスモス薬局　多治米店,福山市多治米町一丁目１１番１０号　１０１,084-981-2227,有限会社朋ファーマシー　代表取締役　重松　朋哉,田村　諒子,,,平28. 9. 1,yakkyoku
薬局,34,1545039,アプコ松永薬局,福山市柳津町一丁目２番２９号,084-930-0193,アプコ株式会社　代表取締役　岡田　啓司,佐藤　聖子,,,平28. 8. 1,yakkyoku
薬局,34,1545047,ほのぼの薬局,福山市春日町一丁目２３番２１号,084-945-2325,株式会社ファーマライン　代表取締役　小坂　正通,藤井　宏和,,,平28. 9. 1,yakkyoku
薬局,34,1545054,にこぴん薬局ばら公園店,福山市松浜町一丁目１０番１０号,084-999-7251,株式会社シントミ　代表取締役　川上　慶彰,川上　千春,,,平28. 12. 1,yakkyoku
薬局,34,1545062,ウォンツ福山御船薬局,福山市御船町一丁目９番３号,084-973-6220,株式会社ツルハグループドラッグ＆ファーマシー西日本　代表取締役社長　村上　正一,河原　光,,,平29. 1. 1,yakkyoku
薬局,34,1545070,ウォンツハピアス駅家薬局,福山市駅家町大字上山守４５０番地５,084-977-0377,株式会社ツルハグループドラッグ＆ファーマシー西日本　代表取締役社長　村上　正一,柿木　虹太,,,平29. 2. 1,yakkyoku
薬局,34,1545096,あおぞら薬局曙店,福山市曙町五丁目１９番２８号,084-959-3037,株式会社ネクストステージ　代表取締役　折出　正樹,大石　祥子,,,平29. 2. 1,yakkyoku
薬局,34,1545104,ファーマシィ薬局加茂,福山市加茂町字上加茂３９２番地１,084-949-3780,株式会社ファーマシィ　代表取締役　武田　輝美,小林　学正,,,平29. 4. 1,yakkyoku
薬局,34,1545138,エスマイル薬局　野上店,福山市野上町一丁目５番２８号,084-959-4210,株式会社エスマイル　代表取締役　大下　訓生,中本　雅也,,,平29. 6. 1,yakkyoku
薬局,34,1545146,ファーマシィ薬局沖野上,福山市沖野上町四丁目１５番２３号,084-921-9448,株式会社ファーマシィ　代表取締役　武田　輝美,横山　沙織,,,平29. 7. 1,yakkyoku
薬局,34,1545153,樹の実薬局,福山市南蔵王町一丁目１０番１６号,084-924-2516,濱田　正樹,濱田　正樹,,,平29. 8. 1,yakkyoku
薬局,34,1545179,とうしん薬局,福山市駅家町大字万能倉７８６番地６,084-999-1210,有限会社東新　代表取締役　吉田　幸生,谷本　優紀,,,平29. 10. 1,yakkyoku
薬局,34,1545203,花はな薬局,福山市南蔵王町五丁目６番６号,084-983-0511,有限会社ティーズオフィス　代表取締役　則清　孝之,宮内　隆志,,,平29. 12. 1,yakkyoku
薬局,34,1545211,アロー薬局　沼隈店,福山市沼隈町大字中山南１４５０番地,084-988-1756,有限会社アロー　代表取締役　前田　幹雄,瀬崎　伸二,,,平29. 11. 4,yakkyoku
薬局,34,1545245,ファミリー薬局,福山市新市町大字新市５５番地,084-740-3530,クオール株式会社　代表取締役　柄澤　忍,河原　健,,,平30. 10. 1,yakkyoku
薬局,34,1545252,クオール薬局　御領店,福山市神辺町字下御領５０１番地１,084-966-1700,クオール株式会社　代表取締役　柄澤　忍,久能　由美恵,,,平30. 10. 1,yakkyoku
薬局,34,1545278,ハロー薬局,福山市船町３番３号,084-973-7277,株式会社　元気．ｃｏｍ　代表取締役　杉原　祥史,牧本　光正,,,平30. 11. 24,yakkyoku
薬局,34,1545294,コスモス薬局　神辺店,福山市神辺町大字新湯野７４番地１８,084-966-3204,有限会社朋ファーマシー　代表取締役　重松　朋哉,久留本　倫也,,,平31. 4. 3,yakkyoku
薬局,34,1545302,せと薬局,福山市瀬戸町大字山北４４４番地２,084-949-1251,株式会社　ライズクオール　代表取締役　河野　孝章,河野　孝章,,,平31. 3. 1,yakkyoku
薬局,34,1545310,かえで薬局,福山市南蔵王町四丁目１２番２７号,084-959-4002,三原薬品株式会社　代表取締役　小森山　雅士,山本　圭子,,,令元. 5. 13,yakkyoku
薬局,34,1545336,どんぐり薬局,福山市多治米町１丁目１１番２５号,084-999-2007,株式会社ファーマライン　代表取締役　小坂　正通,木村　静恵,,,令元. 6. 1,yakkyoku
薬局,34,1545351,ププレひまわり薬局　川北店,福山市神辺町大字川北３６２番地,084-966-3181,株式会社ププレひまわり　代表取締役　畑　和彦,井上　麻由,,,令元. 7. 1,yakkyoku
薬局,34,1545369,ファーマライン薬局　深津店,福山市東深津町一丁目１１番７号,084-959-3677,株式会社ファーマライン　代表取締役　小坂　正通,前原　麻紀,,,令元. 10. 1,yakkyoku
薬局,34,1545377,こころ薬局,福山市沖野上町三丁目６番２７号,084-925-1193,株式会社エスマイル　代表取締役　大下　訓生,山形　智美,,,令元. 11. 5,yakkyoku
薬局,34,1545393,オリーブ薬局,福山市沼隈町大字草深１９６３番地１,084-980-0355,松ビル株式会社　代表取締役　松岡　祥行,大林　賀菜,,,令2. 2. 1,yakkyoku
薬局,34,1545401,オレンジ薬局　光南店,福山市光南町三丁目７番１２号,084-973-0617,エスキューブ株式会社　代表取締役　澤山　真吾,武田　未来,,,令2. 4. 1,yakkyoku
薬局,34,1545419,川北薬局,福山市神辺町大字川北９１０番地２,084-963-5210,株式会社ひなたファーマシー　代表取締役　藤嶋　隼人,生藤　好枝,,,令2. 3. 1,yakkyoku
薬局,34,1545435,ファーマシィ薬局すみよし,福山市住吉町６番１１号,084-920-1264,株式会社ファーマシィ　代表取締役　武田　輝美,井上　幸恵,,,令2. 5. 7,yakkyoku
薬局,34,1545443,オール薬局　駅家店,福山市駅家町大字倉光１５６番地３,084-976-7666,マイライフ株式会社　代表取締役　糸賀　誠,岡上　敏久,,,令2. 6. 1,yakkyoku
薬局,34,1545450,オール薬局　近田店,福山市駅家町大字近田１１７番地６,084-976-4468,マイライフ株式会社　代表取締役　糸賀　誠,小川　芳尚,,,令2. 6. 1,yakkyoku
薬局,34,1545468,オール薬局　松浜店,福山市松浜町四丁目５番２６号,084-928-7555,マイライフ株式会社　代表取締役　糸賀　誠,石﨑　理恵,,,令2. 6. 1,yakkyoku
薬局,34,1545476,いちご薬局,福山市光南町一丁目５番４号,084-999-5454,五洋医療器株式会社　代表取締役　小坂　正記,渡邊　康太郎,,,令2. 7. 1,yakkyoku
薬局,34,1545484,ププレひまわり薬局　木之庄店,福山市木之庄町一丁目１１番１２号,084-959-5361,株式会社ププレひまわり　代表取締役　畑　和彦,伊藤　詩穂,,,令2. 11. 2,yakkyoku
薬局,34,1545500,花園薬局,福山市花園町一丁目３番１２号,084-959-2684,松ビル株式会社　代表取締役　松岡　祥行,石藤　正明,,,令3. 1. 1,yakkyoku
薬局,34,1545534,ぞうさん薬局,福山市神辺町大字川南１１２０番地,084-960-0517,三原薬品株式会社　代表取締役　小森山　雅士,小林　彩芳,,,令3. 4. 1,yakkyoku
薬局,34,1545542,ファーマシィ薬局引野,福山市引野町北五丁目８番１６号,084-940-3011,株式会社ファーマシィ　代表取締役　武田　輝美,檀上　拓也,,,令3. 4. 5,yakkyoku
薬局,34,1545575,ププレひまわり薬局　蔵王店,福山市南蔵王町六丁目２番５号,084-959-6177,株式会社ププレひまわり　代表取締役　畑　和彦,山中　朋之,,,令3. 8. 1,yakkyoku
薬局,34,1545583,ププレひまわり薬局　緑町店,福山市緑町１番３０号,084-982-9331,株式会社ププレひまわり　代表取締役　畑　和彦,木村　直昭,,,令3. 9. 1,yakkyoku
薬局,34,1545591,沖野上ココフル薬局,福山市沖野上町四丁目１６番９号,084-983-1668,株式会社九州メディカル　代表取締役　波多野　稔丈,佐藤　弘之,,,令3. 10. 1,yakkyoku
薬局,34,1545609,さくらんぼ薬局　東深津店,福山市東深津町二丁目８番３１号,084-927-8833,さくらグループ株式会社　代表取締役　平野　真実,金盛　英人,,,令3. 9. 21,yakkyoku
薬局,34,1545617,にこぴん薬局北吉津店,福山市北吉津町三丁目１１番１９号,084-924-0251,株式会社シントミ　代表取締役　川上　慶彰,武田　侑来,,,令3. 11. 1,yakkyoku
薬局,34,1545625,ププレひまわり薬局　三吉店,福山市三吉町四丁目８番３４号,084-982-5156,株式会社ププレひまわり　代表取締役　畑　和彦,林　沙也加,,,令4. 1. 1,yakkyoku
薬局,34,1545633,メロディ薬局,福山市松浜町一丁目４番８号,084-971-6911,松ビル株式会社　代表取締役　松岡　祥行,渡邉　朗子,,,令4. 1. 1,yakkyoku
薬局,34,1545641,フジエ調剤薬局,福山市藤江町１７２５番地８,084-935-8826,有限会社フジエ調剤薬局　代表取締役　大方　十代治,神原　八千代,,,令4. 1. 31,yakkyoku
薬局,34,1545666,美泉堂薬局,福山市本町８番２９号,084-922-6858,西谷　啓,西谷　啓,,,令4. 3. 15,yakkyoku
薬局,34,1545674,つばき薬局,福山市神辺町大字川北８９５番地１,084-967-5873,有限会社ティーズオフィス　代表取締役　則清　孝之,前場　あけみ,,,令4. 4. 1,yakkyoku
薬局,34,1545682,ププレひまわり薬局　多治米２号店,福山市多治米町四丁目１２番２２号,084-982-6151,株式会社ププレひまわり　代表取締役　畑　和彦,小川　晴可,,,令4. 5. 1,yakkyoku
薬局,34,1545690,コスモス調剤薬局　川口店,福山市川口町四丁目１２番９号,084-981-5371,株式会社コスモス薬品　代表取締役　横山　英昭,森　優貴,,,令4. 5. 6,yakkyoku
薬局,34,1545716,ウォンツ福山幕山薬局,福山市幕山台八丁目１番３３号,084-971-7457,株式会社ツルハグループドラッグ＆ファーマシー西日本　代表取締役社長　村上　正一,岡野　圭介,,,令4. 7. 1,yakkyoku
薬局,34,1545724,春日ココフル薬局,福山市春日町一丁目７番６号,084-982-7324,株式会社九州メディカル　代表取締役　波多野　稔丈,世良　春菜,,,令4. 7. 1,yakkyoku
薬局,34,1545732,アプコＵｎｉｔｙ薬局　駅家,福山市駅家町大字法成寺１０８番地８,084-949-3031,アプコ株式会社　代表取締役　岡田　啓司,平田　和正,,,令4. 10. 1,yakkyoku
薬局,34,1545757,みらい薬局,福山市東深津町三丁目２３番４４号,084-999-1755,株式会社未来の医薬研究所　代表取締役　小西　直人,住吉　雅代,,,令4. 11. 23,yakkyoku
薬局,34,1545765,みつば薬局,福山市駅家町大字近田２３３番地１,084-982-6002,三原薬品株式会社　代表取締役　小森山　雅士,宮本　佳典,,,令5. 1. 4,yakkyoku
薬局,34,1545773,ウォンツアクロスプラザ神辺薬局,福山市神辺町湯野３７８番地１,084-966-3527,株式会社ツルハグループドラッグ＆ファーマシー西日本　代表取締役社長　村上　正一,松野　佳奈子,,,令5. 1. 1,yakkyoku
薬局,34,1545781,コスモス調剤薬局　明神店,福山市明神町二丁目１番３０号,084-999-3305,株式会社コスモス薬品　代表取締役　横山　英昭,赤沢　陽子,,,令5. 4. 1,yakkyoku
薬局,34,1545799,ひつじ薬局,福山市本郷町１５９８番地１,084-936-2068,合同会社ペコラ　代表社員　角本　真保,角本　真保,,,令5. 4. 1,yakkyoku
薬局,34,1545807,エスマイル薬局蔵王店,福山市南蔵王町三丁目１７番１０号,084-999-6580,株式会社エスマイル　代表取締役　大下　訓生,江原　慶子,,,令5. 5. 1,yakkyoku
薬局,34,1545815,ウォンツ福山加茂薬局,福山市加茂町大字下加茂５９番地１,084-959-4165,株式会社ツルハグループドラッグ＆ファーマシー西日本　代表取締役社長　村上　正一,川邉　美宏,,,令5. 5. 1,yakkyoku
薬局,34,1545823,ウォンツ福山松永薬局,福山市松永町三丁目２１番２７－３号,084-930-6031,株式会社ツルハグループドラッグ＆ファーマシー西日本　代表取締役社長　村上　正一,柴田　光一郎,,,令5. 5. 1,yakkyoku
薬局,34,1545856,ププレひまわり薬局　新涯店,福山市西新涯町二丁目１０番１１号,084-982-8370,株式会社ププレひまわり　代表取締役　畑　和彦,福田　亜弥,,,令5. 7. 1,yakkyoku
薬局,34,1545864,ププレひまわり薬局　松浜店,福山市松浜町二丁目３番２５号,084-944-8280,株式会社ププレひまわり　代表取締役　畑　和彦,平田　孝兵,,,令5. 8. 1,yakkyoku
薬局,34,1545872,ププレひまわり薬局　春日東店,福山市春日町七丁目２番１８号,084-971-3300,株式会社ププレひまわり　代表取締役　畑　和彦,豊田　栄司,,,令5. 8. 1,yakkyoku
薬局,34,1545880,あしだ町薬局,福山市芦田町大字下有地９９３番地１,084-958-5160,有限会社ティーズオフィス　代表取締役　則清　孝之,竹本　博文,,,令5. 10. 1,yakkyoku
薬局,34,1545898,ウォンツ福山野上薬局,福山市野上町三丁目６番５号,084-991-1315,株式会社ツルハグループドラッグ＆ファーマシー西日本　代表取締役社長　村上　正一,岩本　将治,,,令5. 11. 1,yakkyoku
薬局,34,1545914,ふくろう薬局,福山市御幸町大字上岩成２３６番地１,084-972-8380,株式会社ファブール　代表取締役　玉田　尚,岡　風征,,,令5. 12. 1,yakkyoku
薬局,34,1545922,ありす薬局　沖野上店,福山市沖野上町六丁目９番１３号,084-975-5198,株式会社タワーメディカル　代表取締役　片渕　則彦,日野　克海,,,令5. 12. 1,yakkyoku
薬局,34,1545930,ウエルシア薬局　福山東深津店,福山市東深津町二丁目７番３５号,084-973-0501,ウエルシア薬局株式会社　代表取締役　田中　純一,千葉　悠里,,,令6. 1. 1,yakkyoku
薬局,34,1545948,ププレひまわり薬局グラン松永店,福山市松永町六丁目７番３号,084-939-8117,株式会社ププレひまわり　代表取締役　畑　和彦,茅野　高志,,,令6. 1. 4,yakkyoku
薬局,34,1545963,ファーマシィ薬局国立前,福山市沖野上町四丁目２２番３０号,084-931-0726,株式会社ファーマシィ　代表取締役　武田　輝美,中村　一枝,,,令6. 1. 9,yakkyoku
薬局,34,1545971,ププレひまわり薬局福山新涯一丁目店,福山市新涯町一丁目２４番２４号,084-959-3693,株式会社ププレひまわり　代表取締役　畑　和彦,豊田　彩乃,,,令6. 6. 1,yakkyoku
薬局,34,1545989,レモン薬局,福山市東川口町四丁目９番３０号,084-983-0400,三原薬品株式会社　代表取締役　小森山　雅士,髙藤　真那人,,,令6. 7. 1,yakkyoku
薬局,34,1546003,あさひ薬局,福山市大門町津之下２０３４番地１,084-999-9543,株式会社タワーメディカル　代表取締役　片渕　則彦,濵田　一則,,,令6. 7. 1,yakkyoku
薬局,34,1546011,ププレひまわり薬局手城店,福山市手城町三丁目３１番１８号,084-959-2897,株式会社ププレひまわり　代表取締役　畑　和彦,松井　萌華,,,令6. 10. 1,yakkyoku
薬局,34,1546029,ププレひまわり薬局グラン春日店,福山市春日町五丁目３番２１号,084-959-2873,株式会社ププレひまわり　代表取締役　畑　和彦,三好　芽依,,,令6. 9. 2,yakkyoku
薬局,34,1546037,ザグザグ薬局　南蔵王３丁目店,福山市南蔵王町三丁目１６番３３号,084-973-3919,株式会社ザグザグ　代表取締役　森　信,妹尾　晴美,,,令6. 9. 1,yakkyoku
薬局,34,1546045,しんいち薬局,福山市新市町新市６２９番地１,0847-52-7666,株式会社ゆうしん　代表取締役　江種　俊文,髙橋　邦昭,,,令6. 10. 1,yakkyoku
薬局,34,1546052,ランド薬局,福山市新涯町六丁目１１番３６号,084-959-5936,株式会社ますしげ　代表取締役　土屋　昌嗣,山根　健央,,,令6. 12. 1,yakkyoku
薬局,34,1546060,ゆめ薬局,福山市御幸町大字下岩成５６１番地４,084-955-8747,株式会社エリクワン　代表取締役　熊丸　諒一,川上　宏希,,,令6. 12. 1,yakkyoku
薬局,34,1546078,エフ薬局,福山市新涯町三丁目２２番２６号,084-999-8292,株式会社ＹＮＡＰ　代表取締役　中尾　幸裕,中尾　幸裕,,,令7. 3. 1,yakkyoku
薬局,34,1546086,アリチ薬局　新徳田店,福山市神辺町大字新徳田３０８番地,084-960-0158,有地　輝,有地　鏡子,,,令7. 1. 1,yakkyoku
薬局,34,1546094,アリチ薬局　平野店,福山市神辺町字平野１２０番地７,084-960-5666,有地　輝,藤岡　由江,,,令7. 1. 1,yakkyoku
薬局,34,1546102,にこぴん薬局　南蔵王店,福山市南蔵王町六丁目４番２２号ジュネス蔵王Ａ　１Ｆ,084-961-3120,株式会社シントミ　代表取締役　川上　慶彰,生田　唯花,,,令7. 4. 1,yakkyoku
薬局,34,1546110,せとか薬局,福山市瀬戸町大字長和１８４番地３,084-999-1921,三原薬品株式会社　代表取締役　小森山　雅士,今井　恵子,,,令7. 6. 1,yakkyoku
薬局,34,1546128,ププレひまわり薬局　本庄店,福山市南本庄一丁目１０番１１号,084-971-7520,株式会社ププレひまわり　代表取締役　畑　和彦,宮城　あみ,,,令7. 7. 1,yakkyoku
薬局,34,1546144,ププレひまわり薬局　福山野上店,福山市野上町三丁目１０番３３号,084-971-7748,株式会社ププレひまわり　代表取締役　畑　和彦,宇田　萌,,,令7. 10. 1,yakkyoku
薬局,34,1546151,みかど薬局,福山市御門町三丁目２番６号,084-973-1911,松ビル株式会社　代表取締役　松岡　祥行,松岡　祥行,,,令7. 9. 1,yakkyoku
薬局,34,1546169,ププレひまわり薬局　福山坪生店,福山市坪生町五丁目１６番３５号,084-971-6864,株式会社ププレひまわり　代表取締役　畑　和彦,三好　慶吾,,,令8. 1. 1,yakkyoku
薬局,34,1546177,かっぱ薬局,福山市新涯町二丁目６番３１号　１Ｆ,084-981-2620,株式会社ウィーズ　代表取締役　田　達也,内田　由美,,,令7. 11. 1,yakkyoku
薬局,34,1546185,葦陽王子中央薬局,福山市手城町一丁目３番４４号,084-927-4111,株式会社ウィーズ　代表取締役　田　達也,村上　寛子,,,令7. 11. 1,yakkyoku
薬局,34,1546193,イヨウ薬局大門店,福山市大門町一丁目３９番１８号,084-946-4044,株式会社ウィーズ　代表取締役　田　達也,清水　京子,,,令7. 11. 1,yakkyoku
薬局,34,1546201,葦陽ミナミ薬局,福山市光南町二丁目４番４号,084-925-0646,株式会社ウィーズ　代表取締役　田　達也,水野　奈津子,,,令7. 11. 1,yakkyoku
薬局,34,1546219,葦陽ローズ薬局,福山市霞町二丁目２番２号,084-932-0044,株式会社ウィーズ　代表取締役　田　達也,芦原　典代,,,令7. 11. 1,yakkyoku
薬局,34,1546227,葦陽紅葉町薬局,福山市紅葉町３番２３号,084-926-4512,株式会社ウィーズ　代表取締役　田　達也,神原　洋司,,,令7. 11. 1,yakkyoku
薬局,34,1546235,葦陽高西薬局,福山市高西町一丁目７番２９号,084-933-2115,株式会社ウィーズ　代表取締役　田　達也,三次　美沙,,,令7. 11. 1,yakkyoku
薬局,34,1546243,むべやま薬局,福山市駅家町大字向永谷６６６番地１,084-959-2866,株式会社ファーマシィ　代表取締役　武田　輝美,藤岡　信子,,,令8. 3. 1,yakkyoku
薬局,34,1546250,あしべ薬局,福山市駅家町大字上山守２１３番地１,084-977-0488,株式会社ファーマシィ　代表取締役　武田　輝美,太田　朋彰,,,令8. 3. 1,yakkyoku
薬局,34,1546268,エコー薬局,福山市野上町二丁目１０番２２号,084-927-0550,有限会社エコー薬局　取締役　山元　洋次郎,藤原　夏実,,,令8. 2. 24,yakkyoku
薬局,34,1546276,手城エル薬局,福山市手城町二丁目８番２０号,084-961-4460,有限会社エル　取締役　村上　祥子,檀上　翔,,,令8. 5. 1,yakkyoku
薬局,34,1546284,こもれび薬局,福山市新涯町一丁目２５番３３号,090-4573-1549,株式会社元気．ｃｏｍ　代表取締役　杉原　祥史,青山　幸恵,,,令8. 5. 1,yakkyoku
薬局,34,1546292,瀬戸内ローズ薬局,福山市南蔵王町六丁目３２番２４号,084-971-5070,五洋医療器株式会社　代表取締役　小坂　正記,山本　亜季,,,令8. 6. 1,yakkyoku
薬局,34,1546318,エスマイル薬局新市店,福山市新市町大字戸手１７０番地１,0847-51-8931,株式会社エスマイル　代表取締役　大下　訓生,平櫛　真也,,,令8. 4. 16,yakkyoku
薬局,34,1546326,クルーズ薬局　多治米店,福山市多治米町五丁目２３番２９号,0849-81-3511,総合メディカル株式会社　代表取締役　多田　荘一郎,久保田　雅弥,,,令8. 4. 1,yakkyoku
薬局,34,1546334,アイン薬局福山大門店,福山市大門町津之下２０３３番地,084-943-0155,株式会社ファーマシィ　代表取締役　武田　輝美,荒川　和恵,,,令8. 5. 1,yakkyoku
薬局,34,1546342,アイン薬局福山蔵王店,福山市蔵王町三丁目１１番１１号,084-973-5552,株式会社ファーマシィ　代表取締役　武田　輝美,渡　郁也,,,令8. 5. 1,yakkyoku
薬局,34,1546359,アイン薬局福山御幸店,福山市御幸町大字上岩成４６４番地８,084-949-3378,株式会社ファーマシィ　代表取締役　武田　輝美,笠原　祐子,,,令8. 5. 1,yakkyoku
薬局,34,1546367,アイン薬局福山内海店,福山市内海町ロ３５１番地１,084-986-2750,株式会社ファーマシィ　代表取締役　武田　輝美,村上　菊代,,,令8. 5. 1,yakkyoku
薬局,34,1546375,スモモ薬局,福山市御門町三丁目８番８号,084-920-9331,株式会社ウィーズ　代表取締役　田　達也,小畠　辰文,,,令8. 6. 1,yakkyoku
薬局,34,1546383,ザグザグ薬局　福山春日店,福山市春日町五丁目１番３号,084-999-1439,株式会社ザグザグ　代表取締役　森　信,槇峠　菜々花,,,令8. 7. 1,yakkyoku
薬局,34,1740234,株式会社サン・メディカル薬局（新市店）,府中市中須町１０－１,0847-52-7128,株式会社サン・メディカル　代表取締役　藤井　香織,藤井　典子,,,昭63. 1. 1,yakkyoku
薬局,34,1740259,とももり薬局,府中市元町５９１－１,0847-41-3210,鞆森　郭,鞆森　郭,,,平14. 7. 1,yakkyoku
薬局,34,1740291,ももたろう薬局府中店,府中市中須町字国府１６９５－３,0847-46-1688,株式会社　広島メディクス　代表取締役　別府　大輔,平岩　正道,,,平10. 5. 1,yakkyoku
薬局,34,1740341,株式会社サン・メディカル薬局（永井店）,府中市府中町１４－２９,0847-40-1231,株式会社サン・メディカル　代表取締役　藤井　香織,志目田　知子,,,平10. 12. 1,yakkyoku
薬局,34,1740408,ステーション薬局,府中市中須町２７－３,0847-40-3663,株式会社　広島メディクス　代表取締役　別府　大輔,池田　智香,,,平12. 4. 1,yakkyoku
薬局,34,1740440,ファーマシィ薬局マロン,府中市栗柄町２２０３－１,0847-47-1203,株式会社　ファーマシィ　代表取締役　武田　輝美,神原　直美,,,平16. 9. 1,yakkyoku
薬局,34,1740465,にこぴん薬局　高木店,府中市高木町４０７－６,0847-40-0310,株式会社シントミ　代表取締役　川上　慶彰,萩原　謙二,,,平18. 4. 1,yakkyoku
薬局,34,1740481,あやめ薬局　沖見店,府中市上下町上下２０９７－１,0847-62-5700,株式会社　タワーメディカル　代表取締役　片渕　則彦,髙橋　利宜,,,平18. 10. 1,yakkyoku
薬局,34,1740549,あやめ薬局　矢野店,府中市上下町深江４７６－２,0847-62-5755,株式会社　タワーメディカル　代表取締役　片渕　則彦,栗栖　真吾,,,平21. 1. 1,yakkyoku
薬局,34,1740572,ヘルシー薬局,府中市鵜飼町５９９－６,0847-40-0280,株式会社エスマイル　代表取締役　大下　訓生,宮﨑　巳佳,,,平23. 10. 1,yakkyoku
薬局,34,1740598,共創未来　府中薬局,府中市鵜飼町５５５－１２,0847-40-0214,株式会社ファーマみらい　代表取締役　岡山　善郎,齋藤　康一,,,平25. 11. 1,yakkyoku
薬局,34,1740614,ヨコヤマ薬局,府中市鵜飼町７０７,0847-45-2509,横山　悦子,横山　悦子,,,平26. 3. 1,yakkyoku
薬局,34,1740648,エスマイル薬局　府中店,府中市土生町１５７２－４,0847-43-1193,株式会社エスマイル　代表取締役　大下　訓生,小谷　強志,,,平27. 6. 1,yakkyoku
薬局,34,1740655,さくらんぼ薬局府中店,府中市府中町７４６番地,0847-54-2810,さくらグループ株式会社　代表取締役　平野　真実,山岡　靖子,,,平27. 8. 1,yakkyoku
薬局,34,1740663,中央薬局府川店,府中市府川町１７２,0847-44-0606,総合メディカル株式会社　代表取締役　多田　荘一郎,山﨑　勝也,,,平28. 1. 1,yakkyoku
薬局,34,1740671,中央薬局,府中市鵜飼町５５５－３３,0847-40-0360,総合メディカル株式会社　代表取締役　多田　荘一郎,杉谷　貢優,,,平28. 1. 1,yakkyoku
薬局,34,1740689,ファーマシィ薬局府中,府中市鵜飼町５５５－３８,0847-47-1132,株式会社ファーマシィ　代表取締役　武田　輝美,西岡　稔記,,,平28. 5. 1,yakkyoku
薬局,34,1740705,さくらんぼ薬局高木店,府中市高木町６５４番地,0847-44-6668,さくらグループ株式会社　代表取締役　平野　真実,和田　淳,,,平30. 1. 1,yakkyoku
薬局,34,1740721,クオール薬局　府川町店,府中市府川町１００－１７,0847-40-0480,クオール株式会社　代表取締役　柄澤　忍,佐藤　典子,,,平30. 10. 1,yakkyoku
薬局,34,1740754,オール薬局　備後府中店,府中市府川町４６５－１,0847-47-1105,マイライフ株式会社　代表取締役　糸賀　誠,野口　隆太郎,,,令2. 6. 1,yakkyoku
薬局,34,1740762,府中元町薬局,府中市元町９－１,0847-45-7116,Ａｐｐｌｅ株式会社　代表取締役　小川　浩司,舛金　尚哉,,,令2. 9. 1,yakkyoku
薬局,34,1740788,のぞみ薬局,府中市府川町１０８－１３,0847-45-0022,北村　大来,北村　大来,,,令6. 11. 1,yakkyoku
薬局,34,1740796,ププレひまわり薬局　府中高木店,府中市高木町２０６－１,0847-54-2502,株式会社ププレひまわり　代表取締役　畑　和彦,宮　駿次,,,令8. 5. 1,yakkyoku
薬局,34,1740804,アイン薬局備後府中高木店,府中市高木町１８９－４,0847-45-8788,株式会社ファーマシィ　代表取締役　武田　輝美,原田　志保,,,令8. 5. 1,yakkyoku
薬局,34,1940172,はたじき薬局,三次市畠敷町８８６－６,0824-63-0116,森滝　鏡子,森滝　鏡子,,,昭59. 9. 1,yakkyoku
薬局,34,1940198,杉田薬局,三次市三次町１０８６－１,0824-62-2893,杉田　和恵,杉田　雄一郎,,,平2. 6. 1,yakkyoku
薬局,34,1940214,新家薬局,三次市十日市東５丁目１３－３７,0824-63-8585,新家　八千代,新家　八千代,,,平5. 1. 1,yakkyoku
薬局,34,1940297,ジュン政岡薬局　酒屋店,三次市東酒屋町３５４－１０,0824-64-8119,有限会社　ジェイアンドエム　代表取締役　政岡　淳,森川　隆裕,,,平12. 11. 1,yakkyoku
薬局,34,1940347,（有）エヌ・イー・ピー　アリス薬局,三次市十日市東２丁目３－２０さくらビル１階,0824-64-7901,有限会社　エヌ・イー・ピー　代表取締役　大下　幹登,大下　博文,,,平14. 4. 1,yakkyoku
薬局,34,1940354,ファーマシィ薬局三次センター,三次市東酒屋町５８６－５,0824-64-6088,株式会社　ファーマシィ　代表取締役　武田　輝美,印鑰　宏美,,,平14. 4. 1,yakkyoku
薬局,34,1940396,ともえ薬局,三次市十日市中２丁目１０－２３,0824-65-1677,有限会社　ラピス　代表取締役　石田　裕康,石田　裕康,,,平15. 4. 1,yakkyoku
薬局,34,1940420,ファーマシィ薬局三次,三次市十日市中２－１３－１,0824-65-2226,株式会社　ファーマシィ　代表取締役　武田　輝美,増井　祐二,,,平16. 10. 1,yakkyoku
薬局,34,1940438,あかね薬局,三次市作木町下作木１５１０－２,0824-55-7177,有限会社　直方メディカルサービス　代表取締役　水口　洋輝,門田　一喜,,,平17. 4. 1,yakkyoku
薬局,34,1940461,つくし薬局,三次市四拾貫町９－１,0824-64-6930,有限会社　直方メディカルサービス　代表取締役　水口　洋輝,主田　一鷹,,,平18. 4. 1,yakkyoku
薬局,34,1940479,みらさか薬局,三次市三良坂町三良坂字高木２６３４番５,0824-44-4560,有限会社　ティーズ　オフィス　代表取締役　則清　孝之,三村　至弘,,,平18. 10. 1,yakkyoku
薬局,34,1940503,三次スマイル薬局,三次市十日市東４丁目５－５,0824-65-6701,有限会社　メディスン　代表取締役　橋井　郁男,植田　浩嗣,,,平21. 4. 1,yakkyoku
薬局,34,1940537,十日市薬局,三次市十日市中３丁目１１－２０,0824-64-2857,株式会社エスマイル　代表取締役　大下　訓生,床　隆司,,,平23. 10. 1,yakkyoku
薬局,34,1940552,ファーマシィ薬局こうぬ,三次市甲奴町本郷６３６－１１,0847-67-5515,株式会社　ファーマシィ　代表取締役　武田　輝美,三宅　正人,,,平24. 3. 1,yakkyoku
薬局,34,1940560,ふの薬局,三次市布野町上布野字小原１４９１－２,0824-54-7331,有限会社　直方メディカルサービス　代表取締役　水口　洋輝,山﨑　沙織,,,平24. 11. 1,yakkyoku
薬局,34,1940578,ウォンツ三次東薬局,三次市南畑敷町３３０－１,0824-65-1077,株式会社　ツルハグループ　ドラッグ＆ファーマシー西日本　代表取締役社長　村上　正一,藤田　裕太郎,,,平24. 11. 1,yakkyoku
薬局,34,1940586,あわや薬局,三次市粟屋町１７３１番地,0824-53-1222,有限会社ミック　取締役　松本　恭明,山崎　佑香里,,,平25. 1. 1,yakkyoku
薬局,34,1940594,みのり薬局,三次市江田川之内町１３６８－３,0824-65-3460,有限会社　直方メディカルサービス　代表取締役　水口　洋輝,中村　理恵,,,平25. 3. 1,yakkyoku
薬局,34,1940610,しわち薬局,三次市下志和地町７０３－１,0824-68-2755,有限会社ティーズオフィス　代表取締役　則清　孝之,北川　晶啓,,,平26. 3. 31,yakkyoku
薬局,34,1940628,備北スマイル薬局,三次市十日市東１丁目１１－２,0824-62-8266,有限会社　サクセス　代表取締役　橋井　郁男,板垣　清仁,,,平26. 11. 1,yakkyoku
薬局,34,1940669,ウォンツ薬局　三次店,三次市南畑敷町１４０－２,0824-65-0661,株式会社ツルハグループドラッグ＆ファーマシー西日本　代表取締役社長　村上　正一,佐々木　嘉彦,,,平28. 5. 15,yakkyoku
薬局,34,1940677,ファーマシィ薬局健美,三次市東酒屋町５８７－１Ｋ’ｚビル２Ｆ,0824-64-7770,株式会社ファーマシィ　代表取締役　武田　輝美,見土　万由子,,,平29. 9. 1,yakkyoku
薬局,34,1940693,アイリス薬局,三次市南畑敷町７８－７,0824-64-7667,有限会社ジェイアンドエム　代表取締役　政岡　淳,政岡　淳,,,令2. 9. 1,yakkyoku
薬局,34,1940701,有限会社　中本薬局プラザ店,三次市十日市中一丁目２－２,0824-63-8040,有限会社　中本薬局　代表取締役　木村　宗十,木村　純子,,,令4. 4. 1,yakkyoku
薬局,34,1940719,みずき薬局,三次市十日市東四丁目３－８,0824-62-7000,合同会社コタ　代表社員　矢野　教仁,矢野　教仁,,,令4. 12. 1,yakkyoku
薬局,34,1940727,ぶどう薬局,三次市三次町１５４５,0824-65-0111,有限会社直方メディカルサービス　代表取締役　水口　洋輝,灘岡　直隆,,,令5. 5. 1,yakkyoku
薬局,34,1940735,ウォンツフレスポ三次プラザ薬局,三次市十日市中一丁目１番１０号,0824-69-0210,株式会社ツルハグループドラッグ＆ファーマシー西日本　代表取締役社長　村上　正一,田中　美幸,,,令5. 11. 1,yakkyoku
薬局,34,1940743,アイン薬局三次店,三次市十日市東四丁目１－１,0824-65-2346,株式会社ファーマシィ　代表取締役　武田　輝美,安藤　和也,,,令7. 5. 1,yakkyoku
薬局,34,1940750,アイン薬局三次十日市店,三次市十日市東四丁目１－３０,0824-65-0404,株式会社ファーマシィ　代表取締役　武田　輝美,石堂　志帆,,,令7. 5. 1,yakkyoku
薬局,34,1940768,あおば堂薬局,三次市十日市南五丁目９－２１,0824-64-7625,有限会社ビリーブ　代表取締役　中上　智,大島　真弓,,,令7. 11. 1,yakkyoku
薬局,34,2140111,あんず薬局,庄原市口和町永田５０９－４,0824-89-7017,有限会社　直方メディカルサービス　代表取締役　水口　洋輝,荒谷　卓男,,,平17. 7. 1,yakkyoku
薬局,34,2140129,庄原センター薬局,庄原市板橋町１６４－１,0824-75-0116,有限会社　サクセス　代表取締役　橋井　郁男,森棟　聖,,,平17. 10. 1,yakkyoku
薬局,34,2140160,株式会社　東城本郷薬局,庄原市東城町川西４３６－３,08477-2-4154,株式会社　東城本郷薬局　代表取締役　本郷　幸江,本郷　幸江,,,平19. 2. 1,yakkyoku
薬局,34,2140202,西城薬局,庄原市西城町中野１７４７番地２,0824-82-1980,有限会社　ティーズオフィス　代表取締役　則清　孝之,中村　圭吾,,,平21. 10. 1,yakkyoku
薬局,34,2140236,エスマイル薬局あおぞら店,庄原市西本町２丁目１５－３２,0824-75-0102,株式会社エスマイル　代表取締役　大下　訓生,三宅　悠太,,,平23. 10. 1,yakkyoku
薬局,34,2140244,かわきた薬局,庄原市川北町１５８－５,0824-73-1250,有限会社　ティーズオフィス　代表取締役　則清　孝之,岩﨑　真衣子,,,平24. 5. 28,yakkyoku
薬局,34,2140269,東城もみじ薬局,庄原市東城町東城３６２－２,08477-2-2629,株式会社ファースト・ファーマシー　代表取締役　矢吹　威揮,矢吹　威揮,,,平26. 3. 1,yakkyoku
薬局,34,2140285,スマイル薬局板橋店,庄原市板橋町１９０－６,0824-72-8220,有限会社サクセス　代表取締役　橋井　郁男,濵田　建一,,,平28. 5. 1,yakkyoku
薬局,34,2140293,たかの薬局,庄原市高野町新市１１５０－１,0824-86-7720,有限会社　ビリーブ　代表取締役　中上　智,下中　康弘,,,平29. 5. 1,yakkyoku
薬局,34,2140301,庄原しんいち薬局,庄原市中本町１－７－５,0824-72-1230,株式会社　美郷ファーマシー　代表取締役　田代　正昭,奥田　省三,,,平30. 7. 1,yakkyoku
薬局,34,2140327,西城三上薬局,庄原市西城町中野１３４１－４,0824-82-7010,有限会社三上薬品　取締役　三上　千鶴,清水　真実,,,令3. 8. 1,yakkyoku
薬局,34,2140335,お通り薬局,庄原市東城町川東１６５－２,08477-3-6231,梶山　浩太郎,村上　龍令,,,令4. 10. 1,yakkyoku
薬局,34,2140343,西本町薬局,庄原市西本町二丁目１２－１０,0824-74-6801,有限会社メディスン　代表取締役　橋井　郁男,野田　直,,,令4. 10. 1,yakkyoku
薬局,34,2140350,庄原薬局,庄原市東本町一丁目１－１４,0824-73-9170,有限会社ティーズオフィス　代表取締役　則清　孝之,江田　智秋,,,令6. 4. 1,yakkyoku
薬局,34,2340182,大竹ヘルシー薬局,大竹市西栄１丁目１２－１８,0827-53-4560,有限会社　サダムラ　代表取締役　貞村　大祐,貞村　大祐,,,平14. 9. 1,yakkyoku
薬局,34,2340273,有限会社　いまだ薬局,大竹市立戸３丁目１－８,0827-53-5528,有限会社　いまだ薬局　代表取締役　今田　省,今田　省,,,平5. 12. 1,yakkyoku
薬局,34,2340299,有限会社　ヘルシー薬局,大竹市黒川３丁目１６－１９,0827-57-5476,有限会社　ヘルシー薬局　代表取締役　貞村　文雄,弘中　聖司,,,平12. 8. 1,yakkyoku
薬局,34,2340307,玖波駅前薬局,大竹市玖波１丁目１３－５,0827-57-8080,株式会社　成和薬局　代表取締役　戸田　康紀,中曽　貴章,,,平7. 1. 1,yakkyoku
薬局,34,2340406,有限会社　ヘルシー第一薬局,大竹市黒川３丁目１６－１６,0827-59-2440,有限会社　ヘルシー薬局　代表取締役　貞村　文雄,貞村　文雄,,,平13. 3. 1,yakkyoku
薬局,34,2340455,そうごう薬局大竹店,大竹市立戸２丁目６－２５,0827-54-2511,総合メディカル株式会社　代表取締役　多田　荘一郎,山根　和也,,,平19. 4. 1,yakkyoku
薬局,34,2340497,タナダ薬局,大竹市油見３丁目１２－９,0827-52-3640,有限会社棚田薬局　代表取締役　棚田　傑,棚田　傑,,,平24. 4. 1,yakkyoku
薬局,34,2340505,うみい薬局,大竹市本町二丁目９－２２,0827-53-7675,株式会社大竹ファマシー　代表取締役　海井　朗弘,海井　俊宏,,,平25. 9. 1,yakkyoku
薬局,34,2340513,あおぞら薬局　大竹晴海店,大竹市晴海一丁目４－１３,0827-59-1500,株式会社ライジング企画広島　代表取締役　鈴木　明,豊嶋　佳代,,,平25. 12. 2,yakkyoku
薬局,34,2340570,うみい薬局　新町店,大竹市新町一丁目１２－１３,0827-28-6878,株式会社大竹ファマシー　代表取締役　海井　朗弘,兼森　成美,,,平28. 11. 1,yakkyoku
薬局,34,2340596,ウォンツ大竹薬局,大竹市油見三丁目２０－９,0827-54-0027,株式会社ツルハグループドラッグ＆ファーマシー西日本　代表取締役社長　村上　正一,森田　浩庸,,,平30. 5. 1,yakkyoku
薬局,34,2340604,サン薬局,大竹市油見一丁目９－１０,0827-54-3050,株式会社ＡＯファーマシー　代表取締役　小手川　智彦,小手川　智彦,,,令元. 7. 1,yakkyoku
薬局,34,2340612,立戸薬局,大竹市立戸四丁目１－３０,0827-52-6384,株式会社中央ファーマシー　代表取締役　山戸　恒枝,森江　道尚,,,令元. 10. 11,yakkyoku
薬局,34,2340638,つつじ薬局,大竹市白石一丁目５－２１,0827-35-6287,株式会社Ｋ＆Ｈ　代表取締役　兵庫　弘子,羽山　梨紗,,,令3. 5. 1,yakkyoku
薬局,34,2340653,ひまわり薬局,大竹市南栄一丁目８－７,0827-53-5875,有限会社薬翔　取締役　井伊　悠哉,中野　将浩,,,令4. 9. 1,yakkyoku
薬局,34,2340679,大竹元町薬局,大竹市元町一丁目１１－２,0827-53-6401,株式会社ＭＳファーマシー　代表取締役　宮本　誠二,長井　裕美,,,令5. 4. 1,yakkyoku
薬局,34,2340687,おおたけ駅前薬局,大竹市新町一丁目２－７,0827-28-6180,合同会社ＫＫＳファーマ　代表社員　河村　真徳,奥本　啓,,,令5. 4. 1,yakkyoku
薬局,34,2340695,西栄薬局,大竹市西栄三丁目１－５,0827-28-5917,株式会社ＭＳファーマシー　代表取締役　宮本　誠二,井上　善照,,,令5. 7. 1,yakkyoku
薬局,34,2540112,竹乗薬局,東広島市高屋町大字宮領１８４－６,082-434-0238,竹乗　秀晴,竹乗　秀晴,,,平元. 7. 14,yakkyoku
薬局,34,2540195,有限会社みどり薬局,東広島市西条町大字西条東字山崎１０５３－１,082-423-7224,有限会社みどり薬局　代表取締役　金好　康隆,出口　正光,,,昭57. 10. 1,yakkyoku
薬局,34,2540245,あかね薬局,東広島市西条町西条東１２４５－１,082-422-8160,株式会社　健伸　代表取締役　有村　典謙,橋詰　泰志,,,平元. 8. 1,yakkyoku
薬局,34,2540328,健伸薬局土与丸店,東広島市西条土与丸１丁目３－３８,082-423-2823,株式会社　健伸　代表取締役　有村　典謙,佐藤　陽子,,,平5. 12. 1,yakkyoku
薬局,34,2540336,アプコ調剤薬局白市,東広島市高屋町小谷３２５７－４,082-434-3793,アプコ株式会社　代表取締役　岡田　啓司,平賀　和子,,,平6. 4. 1,yakkyoku
薬局,34,2540401,アイリス薬局,東広島市西条中央３丁目１０－９,082-421-1212,有限会社たいせい堂　代表取締役　桃原　泰誠,光野　陽二,,,平7. 8. 1,yakkyoku
薬局,34,2540443,セリア薬局,東広島市西条土与丸６丁目１－３,082-423-7100,株式会社　健伸　代表取締役　有村　典謙,戸口田　巌,,,平19. 11. 1,yakkyoku
薬局,34,2540450,ありす薬局,東広島市高屋町杵原１３１１－６,082-434-4080,株式会社　タワーメディカル　代表取締役　片渕　則彦,堀江　典子,,,平8. 4. 1,yakkyoku
薬局,34,2540468,明光堂　三宅薬局,東広島市高屋町杵原１７６６－１,082-434-4259,有限会社三宅薬局　代表取締役　三宅　正彦,三宅　美佐子,,,平8. 11. 1,yakkyoku
薬局,34,2540518,薬膳薬局　東広島西条店,東広島市西条西本町２５－２９,082-424-5121,有限会社　漢方広島薬膳　代表取締役　島崎　一郎,島崎　一郎,,,平15. 4. 1,yakkyoku
薬局,34,2540526,よつば薬局,東広島市西条昭和町７－１９,082-421-5225,株式会社医薬品情報研究所　代表取締役　川﨑　一仁,川﨑　一仁,,,平8. 8. 1,yakkyoku
薬局,34,2540591,エンゼル薬局志和店,東広島市志和町志和東１１９５－１,082-433-6060,片山物産有限会社　代表取締役　片山　康至,三宅　絵里,,,平9. 8. 1,yakkyoku
薬局,34,2540641,たいせい堂薬局中央店,東広島市西条中央３丁目５－５,082-421-5050,有限会社　たいせい堂　代表取締役　桃原　泰誠,松浦　るみ子,,,平10. 7. 1,yakkyoku
薬局,34,2540658,すぎはら薬局高屋店,東広島市高屋町大字造賀２９５６－２,082-436-1300,有限会社メディファ　代表取締役　杉原　克宏,杉原　紀子,,,平10. 9. 1,yakkyoku
薬局,34,2540674,アイワ薬局,東広島市西条昭和町１７－２３,082-424-5556,有限会社　堂面薬局　代表取締役　堂面　輝敏,堂面　昌子,,,平11. 4. 1,yakkyoku
薬局,34,2540682,全快堂薬局寺家店,東広島市西条町寺家５１３－２０,082-424-5577,株式会社　全快堂　代表取締役　柏木　承子,楠見　梨沙,,,平11. 4. 1,yakkyoku
薬局,34,2540708,西条おおさわ薬局,東広島市西条町大沢１００－８,082-420-2228,有限会社　エフオーメディカル　代表取締役　藤川　浩之,藤川　浩之,,,平11. 12. 1,yakkyoku
薬局,34,2540716,もみじ薬局,東広島市西条町寺家５１３－１９,082-421-9588,共立薬工株式会社　代表取締役　岡　亜貴,東　芳枝,,,平11. 12. 1,yakkyoku
薬局,34,2540757,八本松ココ薬局,東広島市八本松飯田６丁目１５－２９,082-497-0810,有限会社　ヨーク　代表取締役　牧野　美早緒,牧野　美早緒,,,平12. 8. 1,yakkyoku
薬局,34,2540765,造賀全快堂薬局,東広島市高屋町大字造賀７３６－４,082-430-2355,株式会社　全快堂　代表取締役　柏木　承子,酒井　澄江,,,平12. 11. 1,yakkyoku
薬局,34,2540799,エンゼル薬局　田口店,東広島市西条町田口３８３－７,082-420-2211,片山物産有限会社　代表取締役　片山　康至,岸岡　智子,,,平13. 4. 1,yakkyoku
薬局,34,2540864,西条タカズミ薬局,東広島市西条町寺家７３７７,0824-93-5205,有限会社　ユーヴ　代表取締役　河野　信夫,川﨑　康子,,,平15. 4. 1,yakkyoku
薬局,34,2540872,ミント薬局　西条中央店,東広島市西条中央７丁目３－４５,082-493-5656,株式会社　ＳＩＮＣＥＲＥＬＹ　代表取締役　谷口　善繁,木下　博文,,,平16. 4. 1,yakkyoku
薬局,34,2540922,八本松駅前薬局,東広島市八本松町飯田１４９－３,082-420-1251,株式会社　ヒガシ　代表取締役社長　藤田　清子,河村　奈央美,,,平17. 1. 1,yakkyoku
薬局,34,2540948,全快堂薬局　八本松店,東広島市八本松南５丁目９５－２０,082-497-1150,株式会社　全快堂　代表取締役　柏木　承子,陶守　明子,,,平17. 5. 1,yakkyoku
薬局,34,2540955,あすか薬局,東広島市高屋町杵原１３４７－９,082-420-4051,有限会社　ビリーブ　代表取締役　中上　智,中上　真由美,,,平17. 6. 1,yakkyoku
薬局,34,2540963,賀茂セルム薬局,東広島市黒瀬町南方７９７－１,0823-83-1655,有限会社　セルム　代表取締役　合原　憲太,渡邉　光,,,平17. 10. 1,yakkyoku
薬局,34,2540997,健伸薬局よこた店,東広島市西条町寺家字横田５４１０－１２,082-431-5580,株式会社　健伸　代表取締役　有村　典謙,中村　恵子,,,平17. 11. 1,yakkyoku
薬局,34,2541003,セルム薬局,東広島市黒瀬町国近３３５－９,0823-82-1850,有限会社　セルム　代表取締役　合原　憲太,越智　祥浩,,,平18. 5. 1,yakkyoku
薬局,34,2541011,オール薬局　西条店,東広島市西条土与丸５丁目９－７,082-421-5551,マイライフ株式会社　代表取締役　糸賀　誠,東　昂佑,,,平18. 1. 1,yakkyoku
薬局,34,2541029,ほのか薬局,東広島市西条上市町５－５　３階Ｂ号室,082-421-1410,株式会社　健伸　代表取締役　有村　典謙,中石　真紀,,,平20. 5. 1,yakkyoku
薬局,34,2541037,風早薬局,東広島市安芸津町風早１１１８－２,0846-45-5457,有限会社　元太郎　代表取締役　田中　元弘,松尾　みどり,,,平18. 10. 1,yakkyoku
薬局,34,2541045,そうごう薬局西条店,東広島市西条岡町５－１９,082-423-2113,総合メディカル株式会社　代表取締役　多田　荘一郎,山口　優,,,平19. 5. 1,yakkyoku
薬局,34,2541052,そうごう薬局　八本松店,東広島市八本松東３丁目３３－２,082-428-1201,総合メディカル株式会社　代表取締役　多田　荘一郎,森　壮,,,平19. 5. 1,yakkyoku
薬局,34,2541078,だいだい薬局　したみ,東広島市西条町下見４４８２－１,082-422-6677,株式会社　ＹＷＳ　代表取締役　松井　聡政,松井　聡政,,,平19. 12. 1,yakkyoku
薬局,34,2541086,フラワー薬局,東広島市高屋町杵原１１３５番地１,082-439-2345,株式会社　ボルス　代表取締役　川口　哲哉,羽澄　学,,,平20. 2. 1,yakkyoku
薬局,34,2541151,西条あんず薬局,東広島市西条町助実１８５２－１,082-423-5607,共立薬工株式会社　代表取締役　岡　亜貴,中重　歓人,,,平21. 4. 6,yakkyoku
薬局,34,2541169,あかね薬局高屋店,東広島市高屋町大畠４９９－６６,082-491-0337,有限会社　エムアンドアール　代表取締役　石井　佑弥,川本　興幸,,,平21. 5. 1,yakkyoku
薬局,34,2541177,株式会社　駅前薬局,東広島市西条本町１２番３号,082-422-3389,株式会社　駅前薬局　代表取締役　田中　良昌,上嶋　衣里,,,平21. 11. 1,yakkyoku
薬局,34,2541185,全快堂・おかまち薬局,東広島市西条岡町３－１４第２金本ビル,082-424-3373,株式会社　全快堂　代表取締役　柏木　承子,上野　剛,,,平22. 1. 1,yakkyoku
薬局,34,2541219,東広島タカズミ薬局,東広島市西条町寺家６６２３－４,082-490-3364,有限会社　ユーヴ　代表取締役　河野　信夫,板鼻　直道,,,平22. 10. 1,yakkyoku
薬局,34,2541235,エスマイル薬局昭和町店,東広島市西条昭和町６－１０,082-422-0515,株式会社エスマイル　代表取締役　大下　訓生,大石　有紀,,,平23. 10. 1,yakkyoku
薬局,34,2541250,たかみニュータウン薬局,東広島市高屋高美が丘５丁目２－１,082-434-7113,有限会社　トラストメディカ　代表取締役　金好　康隆,竹原　由惠,,,平24. 8. 1,yakkyoku
薬局,34,2541268,そうごう薬局　御薗宇店,東広島市西条町御薗宇６０３５コンチェルト御薗宇１階,082-431-4801,総合メディカル株式会社　代表取締役　多田　荘一郎,森本　百華,,,平25. 4. 1,yakkyoku
薬局,34,2541276,サン薬局,東広島市西条町西条東山崎１２８１番３,082-426-5160,株式会社　シード・コム　代表取締役　福有　さおり,德田　克,,,平25. 4. 1,yakkyoku
薬局,34,2541284,コスモス薬局　福富店,東広島市福富町久芳１５３９－２７,082-435-2882,株式会社リライアンス　代表取締役　重松　朋哉,野中　康弘,,,平25. 6. 1,yakkyoku
薬局,34,2541300,はるな薬局,東広島市八本松町原６７７４－１,082-420-9988,有限会社　トラストメディカ　代表取締役　金好　康隆,金好　美鈴,,,平26. 1. 1,yakkyoku
薬局,34,2541318,そうごう薬局　御薗宇中央店,東広島市西条町御薗宇７１４番５２,082-426-3371,総合メディカル株式会社　代表取締役　多田　荘一郎,濵口　晃洋,,,平26. 2. 1,yakkyoku
薬局,34,2541326,ひかり薬局,東広島市西条町寺家１３１９－２,082-422-7579,有限会社　ユニコーン　代表取締役　神田　直弘,渡邉　賢一,,,平26. 7. 1,yakkyoku
薬局,34,2541334,さくら薬局,東広島市西条町寺家５１３－３５,082-426-3430,有限会社コア　取締役　柏木　悦徳,山中　幸子,,,平27. 9. 1,yakkyoku
薬局,34,2541342,あい薬局,東広島市八本松南二丁目４－１４,082-427-0465,有限会社トラストメディカ　代表取締役　金好　康隆,吉田　雄樹,,,平28. 1. 1,yakkyoku
薬局,34,2541383,じけ薬局,東広島市西条町寺家５２０－６７,082-422-0321,有限会社ウェード　代表取締役　神田　直弘,神田　直弘,,,平29. 4. 1,yakkyoku
薬局,34,2541391,ひまわり薬局,東広島市西条町寺家７４３０－１,082-426-3588,株式会社ウェルコネクト　代表取締役　村山　良太,木村　佑花,,,平29. 5. 1,yakkyoku
薬局,34,2541417,加島薬局,東広島市西条西本町２８－３０,082-421-4688,有限会社　加島薬品　代表取締役　加島　直,ナギタ　ミチヒロ,,,平30. 2. 1,yakkyoku
薬局,34,2541425,まごころ薬局,東広島市西条町寺家横田５２８４－１,082-431-5155,株式会社　光メディカル　代表取締役　若林　弘章,佐々木　洋行,,,平30. 4. 1,yakkyoku
薬局,34,2541441,早田薬局,東広島市安芸津町三津４３９４－１,0846-45-0516,有限会社　早田薬局　代表取締役　菅原　賢,塚本　德昭,,,平30. 4. 1,yakkyoku
薬局,34,2541466,クレハ薬局,東広島市黒瀬町兼沢１０７４－２,0823-83-0440,株式会社シンメ　代表取締役　河野　洋平,碓井　崇,,,平30. 10. 1,yakkyoku
薬局,34,2541474,コスモス薬局西条店,東広島市西条町寺家５０２２－１,082-430-7025,株式会社リライアンス　代表取締役　重松　朋哉,木村　恭子,,,令元. 5. 1,yakkyoku
薬局,34,2541482,にしたかや薬局,東広島市高屋町中島３１－１,082-434-7933,株式会社健伸　代表取締役　有村　典謙,山道　直子,,,令元. 7. 1,yakkyoku
薬局,34,2541490,ウォンツ西条西薬局,東広島市西条町寺家３７９１－１,082-493-5307,株式会社ツルハグループドラッグ＆ファーマシー西日本　代表取締役社長　村上　正一,黒木　梨沙,,,令元. 10. 1,yakkyoku
薬局,34,2541516,ミック・西条栄町薬局,東広島市西条栄町２－２３アリエテナントＢ,082-431-5110,有限会社ミック　取締役　松本　恭明,河野　郁恵,,,令2. 5. 1,yakkyoku
薬局,34,2541557,ザグザグ薬局西条西本町店,東広島市西条西本町２７番３３号,082-493-7711,株式会社ザグザグ　代表取締役　森　信,岸　円哉,,,令2. 11. 24,yakkyoku
薬局,34,2541623,かえで薬局,東広島市西条町御薗宇８５３９番地７,082-437-3917,株式会社優和　代表取締役　立川　貴啓,立川　貴啓,,,令3. 3. 1,yakkyoku
薬局,34,2541631,薬膳薬局志和店,東広島市志和町別府１３４０－２,082-433-5011,ＹＫＹ薬品株式会社　代表取締役　中島　啓介,中島　慶子,,,令3. 5. 1,yakkyoku
薬局,34,2541649,ウォンツ高屋薬局,東広島市高屋町杵原１２８８,082-430-8717,株式会社ツルハグループドラッグ＆ファーマシー西日本　代表取締役社長　村上　正一,藤村　朋也,,,令3. 9. 1,yakkyoku
薬局,34,2541656,メロディ薬局,東広島市高屋町檜山４４９－６,082-420-4313,株式会社全快堂　代表取締役　柏木　承子,上野　久美,,,令4. 7. 1,yakkyoku
薬局,34,2541664,オール薬局　ゆめモール西条店,東広島市西条町助実１１７２番地　１Ｆ,082-422-5080,マイライフ株式会社　代表取締役　糸賀　誠,桑原　雅子,,,令5. 3. 1,yakkyoku
薬局,34,2541672,ＡＯＩ薬局,東広島市八本松東三丁目７番２号谷口ビル１０１号室,082-497-2006,株式会社あおい　代表取締役　河本　貢司,古川　恭枝,,,令5. 5. 1,yakkyoku
薬局,34,2541680,ウエルシア薬局　東広島八本松飯田店,東広島市八本松飯田六丁目１４番１７号,082-497-4565,ウエルシア薬局株式会社　代表取締役　田中　純一,長木　渉,,,令5. 11. 1,yakkyoku
薬局,34,2541698,ナナイロ薬局,東広島市西条町西条東８００－１,082-426-4570,土井　雄一朗,土井　雄一朗,,,令5. 12. 1,yakkyoku
薬局,34,2541706,ファーマシィ薬局西条,東広島市西条町大字吉行２２１９－１,082-422-5012,株式会社ファーマシィ　代表取締役　武田　輝美,三阪　麻妃,,,令5. 12. 1,yakkyoku
薬局,34,2541714,ウォンツ西条御条薬局,東広島市西条御条町５番２０号,082-430-9737,株式会社ツルハグループドラッグ＆ファーマシー西日本　代表取締役社長　村上　正一,山根　千晴,,,令6. 5. 1,yakkyoku
薬局,34,2541722,すなお薬局,東広島市西条町馬木１５７６－２,082-437-3117,株式会社Ｈ’ｓ　Ｎｅｓｔ　代表取締役　山岡　仁実,ト部　裕一,,,令6. 5. 1,yakkyoku
薬局,34,2541730,エスマイル薬局　かがみやま店,東広島市西条町御薗宇２４２０－２,082-431-5501,株式会社エスマイル　代表取締役　大下　訓生,山田　真嗣,,,令6. 7. 1,yakkyoku
薬局,34,2541755,オリーブ薬局,東広島市西条町助実１０６４番地３,082-431-5567,株式会社味呑商店　代表取締役　味呑　雄一郎,味呑　雄一郎,,,令6. 9. 18,yakkyoku
薬局,34,2541763,満井薬局駅前支店,東広島市河内町中河内７０２－３,082-437-0369,中川　尚子,中川　尚子,,,令6. 10. 1,yakkyoku
薬局,34,2541771,つつじ薬局,東広島市西条昭和町１２番４３号,082-437-3605,株式会社ウィーズ　代表取締役　田　達也,渡辺　駿平,,,令6. 10. 1,yakkyoku
薬局,34,2541797,阪神調剤薬局東広島店,東広島市黒瀬町楢原２４３－９,0823-83-0810,株式会社スギ薬局　代表取締役　杉浦　伸哉,宮本　紗佳,,,令7. 3. 1,yakkyoku
薬局,34,2541805,ウォンツ西条助実薬局,東広島市西条町助実１２１７番１,082-427-6827,株式会社ツルハグループドラッグ＆ファーマシー西日本　代表取締役社長　村上　正一,野島　礼暉,,,令7. 10. 16,yakkyoku
薬局,34,2541813,ププレひまわり薬局　東広島安芸津店,東広島市安芸津町風早３１５４－１,0846-45-5200,株式会社ププレひまわり　代表取締役　畑　和彦,椋田　大貴,,,令7. 12. 1,yakkyoku
薬局,34,2541821,康仁薬局　黒瀬店,東広島市黒瀬町楢原６４６－４,0823-82-8282,総合メディカル株式会社　代表取締役　多田　荘一郎,河上　律子,,,令8. 4. 1,yakkyoku
薬局,34,2541839,さんくす薬局　西条店,東広島市西条町御薗宇４２８４－１,082-493-8715,総合メディカル株式会社　代表取締役　多田　荘一郎,牧岡　照美,,,令8. 4. 1,yakkyoku
薬局,34,2541847,さんくす薬局　高屋店,東広島市高屋町杵原１８２６－１,082-491-0023,総合メディカル株式会社　代表取締役　多田　荘一郎,片田　留美,,,令8. 4. 1,yakkyoku
薬局,34,2541854,くるみ薬局　黒瀬店,東広島市黒瀬町兼広１３９－１,0823-83-1200,総合メディカル株式会社　代表取締役　多田　荘一郎,牧岡　照美,,,令8. 4. 1,yakkyoku
薬局,34,2541862,さんくす薬局　田口店,東広島市西条町田口２７２１－２,082-420-2250,総合メディカル株式会社　代表取締役　多田　荘一郎,木村　史子,,,令8. 4. 1,yakkyoku
薬局,34,2541870,さんくす薬局　寺家駅店,東広島市寺家駅前１４－１７,082-493-5560,総合メディカル株式会社　代表取締役　多田　荘一郎,豊田　絵理香,,,令8. 4. 1,yakkyoku
薬局,34,2541888,かなえ薬局,東広島市西条町助実１１８２－４,082-431-3822,株式会社ウィーズ　代表取締役　田　達也,田渕　健嗣,,,令8. 6. 1,yakkyoku
薬局,34,2541896,かなえ薬局　寺家,東広島市西条町寺家４７３２－１,082-431-5001,株式会社ウィーズ　代表取締役　田　達也,向井　信広,,,令8. 6. 1,yakkyoku
薬局,34,2541912,杏薬局,東広島市福富町久芳３７９８－２,082-435-2889,株式会社ウィーズ　代表取締役　田　達也,平嶋　麻由子,,,令8. 6. 1,yakkyoku
薬局,34,2541920,杏薬局　豊栄店,東広島市豊栄町乃美３２４０,082-432-4128,株式会社ウィーズ　代表取締役　田　達也,原田　智己,,,令8. 6. 1,yakkyoku
薬局,34,2740076,しみず薬局,廿日市市串戸３丁目２１－２,0829-32-4141,株式会社　ドラッグしみず　代表取締役　清水　満明,清水　なつき,,,昭56. 7. 1,yakkyoku
薬局,34,2740175,有限会社　新宮薬局,廿日市市新宮１丁目１３－２２,0829-32-5268,有限会社　新宮薬局　代表取締役　松前　安司,中村　浩之,,,平11. 10. 1,yakkyoku
薬局,34,2740225,阿品調剤薬局,廿日市市阿品台４丁目４－１１,0829-39-1911,株式会社ビケン　代表取締役　石本　晃一郎,石本　晃一郎,,,昭63. 12. 1,yakkyoku
薬局,34,2740258,ヘルシータウンジョイ薬局,廿日市市串戸４丁目１３－１,0829-32-3077,くすりの広貫堂有限会社　代表取締役　二川　百合子,二川　百合子,,,平2. 9. 1,yakkyoku
薬局,34,2740266,純薬株式会社　第一薬局廿日市,廿日市市串戸２丁目１７－５,0829-32-0300,純薬株式会社　代表取締役　橋井　郁男,田中　越,,,平7. 1. 1,yakkyoku
薬局,34,2740316,地御前薬局,廿日市市地御前２丁目１０－２２,0829-36-0008,有限会社クリニカルファーマシー　取締役　則清　孝之,谷口　方敏,,,平5. 4. 1,yakkyoku
薬局,34,2740332,宮園薬局,廿日市市宮園３丁目７－４,0829-39-8208,國光　裕美子,國光　裕美子,,,平5. 6. 1,yakkyoku
薬局,34,2740365,エース薬局,廿日市市宮内１５２０－８,0829-39-6440,有限会社エース　代表取締役　柚木　りさ,柚木　りさ,,,平8. 12. 1,yakkyoku
薬局,34,2740373,（有）エヌ・イー・ピーあおば薬局,廿日市市宮内４２４３－１,0829-39-8176,有限会社エヌ・イー・ピー　代表取締役　大下　幹登,佐々木　雅敏,,,平9. 2. 1,yakkyoku
薬局,34,2740399,山陽薬局,廿日市市山陽園８－１９,0829-32-6234,有限会社　惠新　代表取締役　谷口　善繁,岡野　貴美,,,平10. 3. 1,yakkyoku
薬局,34,2740407,廿日市めじろ薬局,廿日市市廿日市２－７－２７,0829-20-1755,めじろ薬局有限会社　代表取締役　松原　勇人,松原　明子,,,平10. 4. 1,yakkyoku
薬局,34,2740423,（有）エヌ・イー・ピー　うさぎ薬局,廿日市市宮内三丁目１０番１６号,0829-39-9088,有限会社　エヌ・イー・ピー　代表取締役　大下　幹登,木村　重芳,,,平10. 11. 1,yakkyoku
薬局,34,2740431,フレンド薬局,廿日市市宮園３丁目１－３,0829-37-1511,株式会社　ゆうしん　代表取締役　江種　俊文,森石　智子,,,平12. 1. 1,yakkyoku
薬局,34,2740449,アクア薬局,廿日市市阿品３丁目５－２０,0829-36-6633,有限会社　トミタ　代表取締役　冨田　香世子,冨田　香世子,,,平11. 6. 1,yakkyoku
薬局,34,2740456,純薬（株）地御前アゼリア薬局,廿日市市地御前３丁目１６－２３,0829-36-0882,純薬株式会社　代表取締役　橋井　郁男,山田　友子,,,平11. 7. 1,yakkyoku
薬局,34,2740464,さくら薬局,廿日市市佐方４丁目８－３２,0829-34-0222,株式会社　エスマイル　代表取締役　大下　訓生,大塚　弘子,,,平11. 10. 1,yakkyoku
薬局,34,2740472,廿日市上野薬局,廿日市市串戸１丁目９－４１,0829-34-1700,有限会社　薬研　代表取締役　上野　正司,寳子丸　浩之,,,平11. 10. 1,yakkyoku
薬局,34,2740480,そうごう薬局　陽光台店,廿日市市陽光台５丁目１２－１,0829-20-2581,総合メディカル株式会社　代表取締役　多田　荘一郎,戸嶋　啓太,,,平12. 6. 1,yakkyoku
薬局,34,2740506,ミント薬局,廿日市市宮内４３１１番地１,0829-37-2121,株式会社　ＳＩＮＣＥＲＥＬＹ　代表取締役　谷口　善繁,梶原　博臣,,,平15. 4. 1,yakkyoku
薬局,34,2740514,タウン薬局　ナタリー店,廿日市市阿品３丁目１－６,0829-36-6333,Ｔ＆Ｔタウンファーマ株式会社　代表取締役　藤井　正大,加藤　順子,,,平16. 8. 1,yakkyoku
薬局,34,2740530,ミント薬局廿日市天神店,廿日市市天神１２－７クレアーレヴェント天神ビル１Ｆ,0829-31-6262,株式会社　ＳＩＮＣＥＲＥＬＹ　代表取締役　谷口　善繁,武田　哲,,,平17. 12. 1,yakkyoku
薬局,34,2740555,大野ぽっぽ薬局,廿日市市大野下更地１８０９－１,0829-50-1121,株式会社　ゆうしん　代表取締役　江種　俊文,豊田　健二,,,平18. 6. 1,yakkyoku
薬局,34,2740571,平良しみず薬局,廿日市市平良２－１０－３６,0829-34-1193,株式会社　ドラッグしみず　代表取締役　清水　満明,能宗　猛,,,平18. 11. 1,yakkyoku
薬局,34,2740613,タカズミ薬局,廿日市市地御前１丁目２－２２,0829-30-0011,有限会社　ユーヴ　代表取締役　河野　信夫,松本　美央,,,平20. 4. 1,yakkyoku
薬局,34,2740639,おおのうら薬局,廿日市市丸石２丁目１－７４,0829-54-0025,株式会社　ゆうしん　代表取締役　江種　俊文,忠末　佳代,,,平20. 7. 1,yakkyoku
薬局,34,2740670,ヘルシータウンジョイ薬局　廿日市市役所駅前店,廿日市市新宮二丁目１－１０,0829-34-3652,くすりの広貫堂有限会社　代表取締役　二川　百合子,二川　沙衣子,,,平23. 1. 1,yakkyoku
薬局,34,2740712,ウォンツ佐方薬局,廿日市市佐方４－２－２０,0829-34-0266,株式会社ツルハグループドラッグ＆ファーマシー西日本　代表取締役社長　村上　正一,佐藤　公紀,,,平23. 10. 1,yakkyoku
薬局,34,2740738,ウォンツ大野薬局,廿日市市大野中央５－１－４５,0829-50-5520,株式会社　ツルハグループ　ドラッグ＆ファーマシー西日本　代表取締役社長　村上　正一,鳥丸　顕正,,,平25. 5. 1,yakkyoku
薬局,34,2740787,宮内タカズミ薬局,廿日市市宮内３丁目５－３３,0829-30-6661,有限会社　ユーヴ　代表取締役　河野　信夫,井澤　千尋,,,平27. 10. 1,yakkyoku
薬局,34,2740795,串戸ゆい薬局,廿日市市串戸四丁目２番１６－２号,0829-30-6533,株式会社　ゆうしん　代表取締役　江種　俊文,池田　純子,,,平28. 1. 1,yakkyoku
薬局,34,2740803,イチョウ薬局,廿日市市地御前三丁目１８－１１,0829-30-8560,株式会社ゆうしん　代表取締役　江種　俊文,森迫　朋子,,,平30. 8. 1,yakkyoku
薬局,34,2740811,株式会社みやじま薬局,廿日市市宮島町甲５９０－２,0829-44-0236,株式会社みやじま薬局　代表取締役　田口　博邦,田口　裕美,,,平30. 12. 1,yakkyoku
薬局,34,2740829,ウォンツ宮内薬局,廿日市市宮内４４７９,0829-37-0067,株式会社ツルハグループドラッグ＆ファーマシー西日本　代表取締役社長　村上　正一,西﨑　天優,,,令元. 7. 1,yakkyoku
薬局,34,2740837,大野オレンジ薬局,廿日市市大野中央三丁目２－３４,0829-50-5250,有限会社オレンジ薬局　代表取締役　山内　直樹,片迫　由美,,,令2. 1. 1,yakkyoku
薬局,34,2740845,ファースト薬局宮島口店,廿日市市宮島口一丁目４－１３,0829-30-8919,一ノ瀬　有記,一ノ瀬　有記,,,令2. 4. 1,yakkyoku
薬局,34,2740852,そうごう薬局　串戸店,廿日市市串戸五丁目３－５０,0829-32-1410,総合メディカル株式会社　代表取締役　多田　荘一郎,羽村　光,,,令2. 4. 1,yakkyoku
薬局,34,2740878,四季が丘薬局,廿日市市四季が丘五丁目１３－６,0829-37-0210,有限会社　日本エルム　取締役　久保　賀央,久保　圭子,,,令2. 6. 1,yakkyoku
薬局,34,2740894,タルタニ薬局廿日市店,廿日市市駅前５－２,0829-32-4646,有限会社タルタニ薬局　代表取締役　樽谷　嘉久,樽谷　嘉久,,,令3. 5. 6,yakkyoku
薬局,34,2740936,キララ薬局地御前店,廿日市市地御前一丁目３－２８ココファン廿日市１階,0829-20-3100,株式会社ネクサス　代表取締役　川上　慶彰,阪岡　沙耶香,,,令4. 4. 18,yakkyoku
薬局,34,2740944,ウォンツＪＡ広島総合病院前薬局,廿日市市地御前一丁目１０－３４,0829-30-8817,株式会社ツルハグループドラッグ＆ファーマシー西日本　代表取締役社長　村上　正一,岡　史紗,,,令4. 5. 1,yakkyoku
薬局,34,2740951,フタバ薬局大国店,廿日市市大野一丁目８－９,0829-55-3536,株式会社シンメ　代表取締役　河野　洋平,河野　俊郎,,,令4. 10. 1,yakkyoku
薬局,34,2740969,廿日市本町薬局,廿日市市本町７－３６,0829-32-6933,株式会社ＭＳファーマシー　代表取締役　宮本　誠二,寺本　雄太,,,令5. 6. 1,yakkyoku
薬局,34,2740977,あけぼの薬局　廿日市店,廿日市市上平良３５８－１,0829-37-0823,株式会社あい薬品　代表取締役　相原　良樹,小川　直子,,,令5. 12. 1,yakkyoku
薬局,34,2740985,オール薬局　廿日市店,廿日市市平良山手１１－４７　１Ｆ,0829-30-6998,マイライフ株式会社　代表取締役　糸賀　誠,中田　侑助,,,令7. 5. 1,yakkyoku
薬局,34,2740993,森川薬局青葉台店,廿日市市福面二丁目２－３,0829-30-6778,株式会社ファブール　代表取締役　玉田　尚,森川　みか,,,令7. 12. 1,yakkyoku
薬局,34,2741009,ププレひまわり薬局　廿日市陽光台店,廿日市市陽光台三丁目１－２,0829-30-2528,株式会社ププレひまわり　代表取締役　畑　和彦,上川　智恵,,,令8. 4. 1,yakkyoku
薬局,34,2741017,オール薬局　串戸店,廿日市市串戸五丁目１－３９,0829-30-2477,マイライフ株式会社　代表取締役　糸賀　誠,安原　浩二,,,令8. 4. 1,yakkyoku
薬局,34,2741025,康仁薬局　廿日市中央店,廿日市市下平良一丁目３－３６,0829-32-8486,総合メディカル株式会社　代表取締役　多田　荘一郎,小倉　智美,,,令8. 4. 1,yakkyoku
薬局,34,2741033,康仁薬局　宮内串戸店,廿日市市串戸四丁目１４－１４,0829-34-1201,総合メディカル株式会社　代表取締役　多田　荘一郎,後藤　綾乃,,,令8. 4. 1,yakkyoku
薬局,34,2741041,ベル薬局　阿品台店,廿日市市阿品台四丁目１７－２７,0829-37-2020,株式会社ウィーズ　代表取締役　田　達也,多田　志緒里,,,令8. 6. 1,yakkyoku
薬局,34,2940049,江田島ひかり薬局,江田島市江田島町中央四丁目１７－７,0823-42-1735,有限会社ひかり調剤薬局　代表取締役　安田　伸彦,花岡　宏之,,,平26. 6. 1,yakkyoku
薬局,34,2940064,みなみ薬局,江田島市大柿町柿浦９９１－３,0823-40-3033,株式会社　全快堂　代表取締役　柏木　承子,扇谷　泰彰,,,平30. 1. 1,yakkyoku
薬局,34,2940072,クオール薬局　江田島店,江田島市能美町中町４７１５－６,0823-40-2589,クオール株式会社　代表取締役　柄澤　忍,近江　明日香,,,平30. 10. 1,yakkyoku
薬局,34,2940080,中央薬局　切串店,江田島市江田島町切串二丁目１７－１４,0823-69-7256,株式会社パワーファーマシー　代表取締役　酒井　秀夫,竹廣　真吾,,,令4. 4. 1,yakkyoku
薬局,34,3140151,大岩薬局,安芸郡熊野町柿迫３番１７号,082-854-0430,大岩　生子,大岩　生子,,,昭50. 5. 1,yakkyoku
薬局,34,3140201,有限会社スミヨシ薬局,呉市下蒲刈町下島２４８８,0823-65-3020,有限会社スミヨシ薬局　取締役　加藤　かおり,松浦　直,,,昭54. 5. 1,yakkyoku
薬局,34,3140268,有限会社ナカマチ薬局,呉市音戸町鰯浜２丁目３－２９,0823-52-2670,有限会社ナカマチ薬局　代表取締役　山本　拓,山本　拓,,,昭56. 4. 1,yakkyoku
薬局,34,3140284,有限会社　貴船薬局,安芸郡熊野町貴船１８番１５号,082-854-7127,有限会社　貴船薬局　代表取締役　守谷　芙久枝,田平　善久,,,平8. 10. 1,yakkyoku
薬局,34,3140326,みどり薬局,呉市倉橋町７３８２－２,0823-56-0960,有限会社プレジデント　代表取締役　大町　久男,大町　優馬,,,昭63. 11. 1,yakkyoku
薬局,34,3140367,出来庭薬局,安芸郡熊野町出来庭２丁目１８－９,082-855-2237,株式会社ユニファー　代表取締役　沖田　久,國弘　歩,,,平4. 4. 1,yakkyoku
薬局,34,3140375,幸城薬局田原店,呉市音戸町田原２丁目２－１２,0823-52-2510,有限会社幸城薬局　代表取締役　幸城　正門,幸城　正門,,,平4. 10. 1,yakkyoku
薬局,34,3140474,オレンジ薬局,呉市下蒲刈町下島２１７６－４,0823-65-2722,竹内　ひとみ,竹内　ひとみ,,,平13. 3. 1,yakkyoku
薬局,34,3140482,さふらん薬局,安芸郡熊野町萩原２－２－９,082-854-5634,株式会社　リライアンス　代表取締役　重松　朋哉,長谷　翔平,,,平16. 9. 1,yakkyoku
薬局,34,3140508,くまの薬局,安芸郡熊野町出来庭１０丁目４－５,082-854-8111,有限会社　オオサダ　代表取締役　貞永　昌夫,貞永　浩平,,,平18. 4. 1,yakkyoku
薬局,34,3140516,ももたろう薬局　熊野店,安芸郡熊野町川角３－４－１０,082-824-7301,株式会社　広島メディクス　代表取締役　別府　大輔,松田　彩友子,,,平24. 1. 1,yakkyoku
薬局,34,3140524,坂中央薬局,安芸郡坂町横浜中央１－３－５,082-820-1567,緒方　礼子,緒方　雅臣,,,平25. 9. 1,yakkyoku
薬局,34,3140540,株式会社かみしま薬局本店,安芸郡熊野町萩原六丁目２１番１１号,082-854-3044,株式会社かみしま薬局本店　代表取締役　皮間　壽美子,皮間　壽美子,,,平28. 9. 1,yakkyoku
薬局,34,3140557,中央薬局　坂店,安芸郡坂町平成ケ浜１－８－４０,082-884-0727,株式会社パワーファーマシー　代表取締役　酒井　秀夫,小柳　綾夏,,,平29. 4. 1,yakkyoku
薬局,34,3140565,あおぞら薬局坂駅前店,安芸郡坂町坂西１丁目３－２１,082-885-8170,株式会社ライジング企画広島　代表取締役　鈴木　明,水田　涼子,,,平31. 1. 1,yakkyoku
薬局,34,3140581,きぼう薬局,安芸郡坂町坂西一丁目８番１０号,082-847-5195,株式会社きぼう　代表取締役　谷口　智昭,谷口　智昭,,,令7. 4. 1,yakkyoku
薬局,34,3140599,ウォンツハローズ熊野モール薬局,安芸郡熊野町出来庭二丁目１２番１号,082-881-5767,株式会社ツルハグループドラッグ＆ファーマシー西日本　代表取締役社長　村上　正一,加登　絵里花,,,令8. 6. 1,yakkyoku
薬局,34,3140607,康仁薬局　熊野店,安芸郡熊野町出来庭３－３－２４,082-820-5170,総合メディカル株式会社　代表取締役　多田　荘一郎,中土井　恵美,,,令8. 4. 1,yakkyoku
薬局,34,3240019,有限会社　栗原薬局,安芸郡海田町窪町１０－２,082-823-2441,有限会社　栗原薬局　代表取締役　加賀　紀惠,加賀　紀惠,,,昭60. 1. 1,yakkyoku
薬局,34,3240514,府中つばき薬局,安芸郡府中町山田１丁目２－９,082-286-7000,有限会社府中ファーマシー　代表取締役　中栖　真次,住田　好道,,,昭63. 10. 1,yakkyoku
薬局,34,3240563,安芸調剤薬局,安芸郡海田町稲荷町３－３５,082-823-0500,有限会社　安芸調剤薬局　代表取締役　吉川　勇人,桝原　理恵子,,,平3. 1. 1,yakkyoku
薬局,34,3240613,ニコニコ薬局,安芸郡府中町青崎東２０－２,082-284-4300,有限会社安芸調剤薬局　代表取締役　吉川　勇人,藤井　昌代,,,平5. 11. 1,yakkyoku
薬局,34,3240647,こばと薬局,安芸郡府中町本町２丁目９－３８,082-288-2899,有限会社ティーアンドワイ　代表取締役　田邊　章治,田邊　由美,,,平7. 3. 1,yakkyoku
薬局,34,3240720,広貫堂薬局日の出町店,安芸郡海田町日の出町６－６,082-822-0008,有限会社　広貫堂　代表取締役　二川　勝,加瀬　昭一郎,,,平10. 4. 1,yakkyoku
薬局,34,3240746,あざみ薬局,安芸郡府中町鹿籠２－１３－３,082-287-1189,有限会社　スミダ　代表取締役　末次　恵理,末次　達也,,,平10. 8. 1,yakkyoku
薬局,34,3240779,府中タカズミ薬局,安芸郡府中町浜田３丁目９－６,082-890-1150,有限会社　ユーヴ　代表取締役　河野　信夫,栗栖　亜希子,,,平11. 2. 1,yakkyoku
薬局,34,3240852,コスモス薬局　海田東店,安芸郡海田町幸町１－４５,082-821-0890,株式会社　リライアンス　代表取締役　重松　朋哉,新屋　由美,,,平18. 6. 1,yakkyoku
薬局,34,3240860,あんず薬局,安芸郡府中町鶴江１－２５－２０,082-890-6177,有限会社　コア　取締役　柏木　悦徳,木村　明子,,,平19. 3. 1,yakkyoku
薬局,34,3240886,オール薬局　府中店,安芸郡府中町大通２丁目８－２１,082-287-8282,マイライフ株式会社　代表取締役　糸賀　誠,渡邉　夏美,,,平19. 3. 15,yakkyoku
薬局,34,3240894,コスモス薬局　府中店,安芸郡府中町浜田本町１－２８,082-510-0333,株式会社　リライアンス　代表取締役　重松　朋哉,濵田　可奈子,,,平19. 4. 1,yakkyoku
薬局,34,3240910,ピーチ薬局,安芸郡海田町新町１１－２１,082-821-5885,株式会社　楓ファーマシー　代表取締役　日浦　克也,中山　鈴惠,,,平20. 4. 1,yakkyoku
薬局,34,3240951,やまさか薬局,安芸郡府中町浜田本町３－２５,082-298-7744,株式会社　山坂薬局　代表取締役　山坂　寛信,山坂　寛信,,,平21. 7. 1,yakkyoku
薬局,34,3240977,ズームズーム薬局,安芸郡府中町青崎南８－２－１０２,082-890-2006,有限会社明和薬品広島販売　代表取締役　日浦　克也,三田　麻紀,,,平21. 9. 1,yakkyoku
薬局,34,3240985,ウォンツ府中本町薬局,安芸郡府中町本町４－１２－２２,082-890-0071,株式会社ツルハグループドラッグ＆ファーマシー西日本　代表取締役社長　村上　正一,山﨑　萌々香,,,平22. 3. 1,yakkyoku
薬局,34,3241017,海田タカズミ薬局,安芸郡海田町幸町８－１４－３,082-847-6080,有限会社　ユーヴ　代表取締役　河野　信夫,藤井　侑希,,,平23. 7. 1,yakkyoku
薬局,34,3241025,ヒサシー薬局,安芸郡府中町大須１丁目１５番２号,082-288-7077,株式会社ドマーニ　代表取締役　大島　圭一郎,大島　圭一郎,,,平24. 1. 1,yakkyoku
薬局,34,3241033,府中うさぎ薬局,安芸郡府中町石井城２－１０－２８,082-286-3822,平崎　久美,平崎　久美,,,平24. 3. 1,yakkyoku
薬局,34,3241058,よつば薬局,安芸郡府中町大通２丁目１０番１０号,082-890-3520,株式会社陽香メディカルサービス　代表取締役　三原　一規,新谷　ゆかり,,,平24. 9. 1,yakkyoku
薬局,34,3241074,オール薬局　向洋店,安芸郡府中町青崎中２４－２６,082-287-3622,マイライフ株式会社　代表取締役　糸賀　誠,岡野　祐樹,,,平25. 6. 1,yakkyoku
薬局,34,3241090,府中どんぐり薬局,安芸郡府中町大須三丁目２－１７,082-282-0505,有限会社ゴーダカンパニー　代表取締役　郷田　克也,富永　由美,,,平26. 10. 1,yakkyoku
薬局,34,3241116,府中みずほ薬局,安芸郡府中町本町一丁目１３－７,082-890-0234,有限会社　エヌトゥ企画　代表取締役　中神　和孝,佐賀原　千恵,,,平27. 10. 1,yakkyoku
薬局,34,3241124,入川橋薬局,安芸郡府中町宮の町１－６－１３,082-567-5701,株式会社中央ファーマシー　代表取締役　山戸　恒枝,宮田　真帆,,,平28. 2. 1,yakkyoku
薬局,34,3241140,イオン薬局広島府中店,安芸郡府中町大須二丁目１－１,082-561-0230,イオンリテール株式会社　代表取締役　古澤　康之,石川　賢,,,平28. 10. 17,yakkyoku
薬局,34,3241157,くすのき薬局,安芸郡海田町成本１４番１０号,082-554-6550,有限会社ヤマオコーポレーション　代表取締役　山尾　ひとみ,山尾　茉椰,,,平29. 5. 1,yakkyoku
薬局,34,3241173,りんご薬局,安芸郡海田町蟹原２－４－２９,082-847-5711,合同会社クリア　代表社員　村山　登志子,小田　和代,,,平30. 7. 10,yakkyoku
薬局,34,3241181,ウォンツ海田栄町薬局,安芸郡海田町栄町５－２９,082-821-3807,株式会社ツルハグループドラッグ＆ファーマシー西日本　代表取締役社長　村上　正一,茶谷　悠未,,,平30. 11. 1,yakkyoku
薬局,34,3241207,ひらもと薬局　海田店,安芸郡海田町稲荷町７－１５,082-823-7227,株式会社ＮＯＶ－ｃｕｒｅ　代表取締役社長　平本　敦大,新谷　洋通,,,令2. 1. 1,yakkyoku
薬局,34,3241215,ウォンツ薬局　府中桃山店,安芸郡府中町桃山一丁目１番２５号,082-298-0217,株式会社ツルハグループドラッグ＆ファーマシー西日本　代表取締役社長　村上　正一,中村　優太,,,令2. 8. 1,yakkyoku
薬局,34,3241264,すずらん薬局　海田店,安芸郡海田町南大正町３番２５号,082-516-6880,株式会社ホロン　代表取締役　古屋　裕一,川村　明優,,,令3. 4. 1,yakkyoku
薬局,34,3241280,ウォンツ薬局メディカルモール向洋駅北店,安芸郡府中町桃山一丁目４番１８号,082-510-1627,株式会社ツルハグループドラッグ＆ファーマシー西日本　代表取締役社長　村上　正一,朝信　英純,,,令4. 10. 1,yakkyoku
薬局,34,3241298,あおい薬局　海田店,安芸郡海田町堀川町３番５号,082-516-8707,ＢＡＳＥ株式会社　代表取締役　山口　貴史,横山　峻太,,,令5. 7. 1,yakkyoku
薬局,34,3241306,ウォンツ府中浜田薬局,安芸郡府中町浜田二丁目１番３７号,082-236-8167,株式会社ツルハグループドラッグ＆ファーマシー西日本　代表取締役社長　村上　正一,森　奈央,,,令6. 5. 1,yakkyoku
薬局,34,3241314,安芸府中薬局,安芸郡府中町桃山１丁目１８－２０,082-510-3535,一般社団法人安芸薬剤師会　代表理事　二川　勝,石橋　弘吉,,,令6. 10. 15,yakkyoku
薬局,34,3241322,安芸タカズミ薬局,安芸郡府中町茂陰一丁目１番１１号フェニックス２１　１０１号,082-298-1820,有限会社ユーヴ　代表取締役　河野　信夫,神田　桃子,,,令8. 4. 1,yakkyoku
薬局,34,3241330,康仁薬局　海田店,安芸郡海田町窪町２－１４,082-824-3377,総合メディカル株式会社　代表取締役　多田　荘一郎,正畠　暁,,,令8. 4. 1,yakkyoku
薬局,34,3241348,康仁薬局　府中店,安芸郡府中町本町５－５－１,082-287-2044,総合メディカル株式会社　代表取締役　多田　荘一郎,増田　尚子,,,令8. 4. 1,yakkyoku
薬局,34,3241355,くるみ薬局　海田店,安芸郡海田町窪町１－２３ＪＲ海田市駅ＮＫビル,082-821-0039,総合メディカル株式会社　代表取締役　多田　荘一郎,三上　郁恵,,,令8. 4. 1,yakkyoku
薬局,34,3241363,クルーズ薬局　海田店,安芸郡海田町西浜４－２２－２,082-821-3550,総合メディカル株式会社　代表取締役　多田　荘一郎,篠原　慶一郎,,,令8. 4. 1,yakkyoku
薬局,34,3340488,有限会社　佐伯調剤薬局,廿日市市津田１９６０,0829-72-1608,有限会社　佐伯調剤薬局　代表取締役　天野　美智子,天野　美智子,,,昭54. 11. 1,yakkyoku
薬局,34,3340702,ながさわ薬局,廿日市市友田５７３,0829-74-0063,長澤　二郎,長澤　二郎,,,昭56. 8. 19,yakkyoku
薬局,34,3340843,有限会社　第一調剤薬局,廿日市市津田４１９１－１０,0829-72-1655,有限会社　第一調剤薬局　代表取締役　神野　政広,神野　政広,,,平2. 4. 1,yakkyoku
薬局,34,3340884,大柿薬局,江田島市大柿町小古江６６８－４,0823-57-6903,有限会社　大柿ファーマシー　代表取締役　末野　光春,田中　芳幸,,,平4. 4. 1,yakkyoku
薬局,34,3340892,大原薬局,江田島市大柿町大原５９１７－１,0823-57-7632,有限会社　ディー・ピー・オオバラ　代表取締役　末野　光春,島田　昌明,,,平6. 12. 1,yakkyoku
薬局,34,3340918,有限会社エヌ・イー・ピーもみじ薬局,廿日市市福面３丁目１－１７,0829-56-4122,有限会社　エヌ・イー・ピー　代表取締役　大下　幹登,舟石　知史,,,平7. 12. 1,yakkyoku
薬局,34,3340934,ふたがみ薬局,廿日市市永原１２３４－８,0829-40-0800,有限会社　ラスティ　代表取締役　二神　好章,岩本　美恵子,,,平10. 4. 1,yakkyoku
薬局,34,3340942,ももたろう薬局　大柿店,江田島市大柿町飛渡瀬１５４０－１１,0823-40-3199,株式会社広島メディクス　代表取締役　別府　大輔,長坂　晃治,,,平11. 5. 1,yakkyoku
薬局,34,3340983,有限会社　エヌ・イー・ピーなずな薬局,廿日市市塩屋１丁目１－６７,0829-54-3386,有限会社　エヌ・イー・ピー　代表取締役　大下　幹登,加川　美登利,,,平12. 7. 1,yakkyoku
薬局,34,3341007,有限会社　前空薬局,廿日市市前空５丁目５－３５,0829-54-6555,有限会社　前空薬局　代表取締役　山田　成二,山田　成二,,,平16. 7. 1,yakkyoku
薬局,34,3341023,中町薬局,江田島市能美町中町４９４８－４０,0823-40-2422,株式会社　全快堂　代表取締役　柏木　承子,川島　義弘,,,平14. 1. 1,yakkyoku
薬局,34,3341056,アイケン宮島口薬局,廿日市市宮島口１丁目７－７,0829-50-1560,有限会社　アイケン　取締役　門前　浩司,黒本　大介,,,平14. 11. 1,yakkyoku
薬局,34,3341064,ひまわり薬局,江田島市大柿町大君８３５－３,0823-40-3455,有限会社　メディカルファーマシー　代表取締役　末野　光春,末野　光春,,,平15. 1. 1,yakkyoku
薬局,34,3341072,アロー薬局　能美店,江田島市能美町高田１５１９－２,0823-40-2230,有限会社　広島アロー　取締役　前田　幹雄,武永　憲二,,,平15. 5. 1,yakkyoku
薬局,34,3540012,猪原薬局,山県郡安芸太田町大字加計３４７２,08262-2-0001,株式会社　猪原商店　代表取締役　猪原　恒男,猪原　恒男,,,昭56. 8. 1,yakkyoku
薬局,34,3540079,千代田薬局,山県郡北広島町蔵迫６６５－４,0826-72-5717,有限会社　千代田ファーマシィ　代表取締役　横田　佳那,瀧川　由美子,,,平6. 11. 1,yakkyoku
薬局,34,3540111,ノムラ薬局　大朝店,山県郡北広島町新庄２０４８－１,0826-82-3278,有限会社　ノムラ調剤薬局　代表取締役　野村　祐仁,野村　眞由美,,,平7. 8. 1,yakkyoku
薬局,34,3540137,ミブ薬局,山県郡北広島町壬生４３４－４,0826-72-7030,株式会社ＡＭＩ　代表取締役　網谷　康司,田津　智子,,,平9. 1. 1,yakkyoku
薬局,34,3540186,エンゼル薬局,山県郡北広島町有田１１８９,0826-72-6031,株式会社　ネクサス　代表取締役　川上　慶彰,折出　久美子,,,平11. 6. 1,yakkyoku
薬局,34,3540251,ウォンツ千代田薬局,山県郡北広島町有田６０９,0826-73-0567,株式会社ツルハグループドラッグ＆ファーマシー西日本　代表取締役社長　村上　正一,冨岡　雄介,,,平22. 3. 1,yakkyoku
薬局,34,3540269,げいほく薬局,山県郡北広島町荒神原２０８番地４,0826-36-3030,株式会社　げいほく薬局　代表取締役　宮本　あや子,宮本　あや子,,,平27. 6. 1,yakkyoku
薬局,34,3540301,どんぐり薬局　北広島店,山県郡北広島町阿坂４７０４番地３,0826-85-1505,株式会社エムファーマシィ　代表取締役　吉田　孝治,前田　敦司,,,平30. 6. 1,yakkyoku
薬局,34,3540319,つくし薬局,山県郡安芸太田町加計３４８５－１１,0826-25-0120,クオール株式会社　代表取締役　柄澤　忍,河野　浩子,,,平30. 10. 1,yakkyoku
薬局,34,3540327,クオール薬局　安芸太田店,山県郡安芸太田町下殿河内２３６－３,0826-25-0089,クオール株式会社　代表取締役　柄澤　忍,木崎　彰則,,,平30. 10. 1,yakkyoku
薬局,34,3540335,殿賀薬局,山県郡安芸太田町下殿河内７１０－５,0826-22-2131,有限会社サクセス　代表取締役　橋井　郁男,吉冨　克則,,,平30. 10. 1,yakkyoku
薬局,34,3540350,もみじ薬局　戸河内店,山県郡安芸太田町大字戸河内８１３－７,0826-28-2888,株式会社ＳＰＲＩＮＧ　ＨＯＲＳＥ　Ｐｈ　代表取締役　江口　倫由,江口　倫由,,,令7. 3. 1,yakkyoku
薬局,34,3640044,徳山第一薬局,安芸高田市吉田町吉田３７８２－１,0826-42-2055,有限会社　くすりの徳山　代表取締役　徳山　光,徳山　光,,,平6. 1. 1,yakkyoku
薬局,34,3640069,有限会社　向原薬局,安芸高田市向原町坂４３８－１,0826-46-4123,有限会社　向原薬局　代表取締役　山手　直樹,石飛　千代,,,平元. 12. 1,yakkyoku
薬局,34,3640119,有限会社エヌ・イー・ピー　なのはな薬局,安芸高田市吉田町吉田３７８２－２,0826-42-0815,有限会社　エヌ・イー・ピー　代表取締役　大下　幹登,吉岡　敦典,,,平9. 10. 1,yakkyoku
薬局,34,3640127,ファーマシィ薬局吉田中央,安芸高田市吉田町吉田３７８２－８,0826-47-0200,株式会社　ファーマシィ　代表取締役　武田　輝美,松永　陽介,,,平10. 1. 1,yakkyoku
薬局,34,3640184,甲田センター薬局,安芸高田市甲田町高田原１０４５－１,0826-45-7177,有限会社　サクセス　代表取締役　橋井　郁男,元安　淳貴,,,平17. 4. 1,yakkyoku
薬局,34,3640192,メイプル薬局,安芸高田市甲田町高田原１４６８－１４,0826-45-7001,中元　徹也,中元　徹也,,,平19. 11. 1,yakkyoku
薬局,34,3640200,美土里コスモ薬局,安芸高田市美土里町本郷１７８１－８,0826-59-2755,株式会社ネクサス　代表取締役　川上　慶彰,津田　奈美,,,平25. 5. 7,yakkyoku
薬局,34,3640226,キララ薬局　吉田店,安芸高田市吉田町常友２８８－１,0826-47-1277,株式会社ドレミ　代表取締役　川上　慶彰,坂田　絢子,,,平26. 1. 4,yakkyoku
薬局,34,3640234,こうだ薬局,安芸高田市甲田町高田原１４７４－１,0826-45-7050,有限会社直方メディカルサービス　代表取締役　水口　洋輝,渡邊　勝一,,,平26. 4. 1,yakkyoku
薬局,34,3640242,すずらん薬局高宮店,安芸高田市高宮町佐々部９８３－１８,0826-59-0165,株式会社ホロン　代表取締役　古屋　裕一,小早川　正和,,,平27. 5. 1,yakkyoku
薬局,34,3640259,コスモ薬局,安芸高田市吉田町吉田３６２７,0826-47-1030,株式会社ネクサス　代表取締役　川上　慶彰,芳野　秀次,,,平29. 1. 2,yakkyoku
薬局,34,3640283,パール薬局　吉田店,安芸高田市吉田町山手６５５－４,0826-43-2666,株式会社トライアングル　代表取締役　金子　千枝,清水　摂子,,,令5. 10. 1,yakkyoku
薬局,34,3640291,吉田あおば堂薬局,安芸高田市吉田町吉田６９６－１,0826-47-0377,有限会社ビリーブ　代表取締役　中上　智,隅田　泰浩,,,令7. 11. 1,yakkyoku
薬局,34,3740083,有限会社まえのぶ薬局,東広島市黒瀬町丸山１３６２－５,0823-82-5497,有限会社まえのぶ薬局　代表取締役　前信　加代子,前信　加代子,,,平5. 9. 1,yakkyoku
薬局,34,3840024,竹乗天命堂薬局,東広島市河内町中河内６９１－１,082-437-0101,竹乗　恵子,竹乗　恵子,,,平10. 4. 1,yakkyoku
薬局,34,3840081,大和薬局,三原市大和町下徳良１８９５－４,0847-33-1717,ミヨシ薬品　株式会社　代表取締役　遠北　徹,影久　昌子,,,平7. 8. 1,yakkyoku
薬局,34,3940337,有限会社　ひかり薬局,呉市豊町大長５００８－２,0823-67-2227,有限会社　ひかり薬局　代表取締役　三好　和彦,谷本　崇光,,,平13. 2. 1,yakkyoku
薬局,34,3940360,あゆみ薬局,豊田郡大崎上島町沖浦１００１－２,0846-63-1052,有限会社　あゆみ薬局　代表取締役　石岡　敏之,石岡　敏之,,,平21. 3. 1,yakkyoku
薬局,34,3940378,パール薬局　明石店,豊田郡大崎上島町明石字東浜２６９６－１,0846-67-4020,株式会社トライアングル　代表取締役　金子　千枝,屋敷　祐治,,,令4. 10. 1,yakkyoku
薬局,34,3940386,セブン薬局　大崎店,豊田郡大崎上島町中野４１０２－２,084-667-5070,株式会社メディカルスタンダード　代表取締役　嶋本　光佑,藤解　澄,,,令6. 3. 1,yakkyoku
薬局,34,4040152,有限会社　あきつ薬局,東広島市安芸津町三津４４２４,0846-45-4943,有限会社　あきつ薬局　代表取締役　阪田　由美子,阪田　由美子,,,平3. 10. 1,yakkyoku
薬局,34,4040160,光原薬局,呉市安浦町中央１丁目３－２５,0823-84-5990,上田　直子,上田　直子,,,平6. 4. 1,yakkyoku
薬局,34,4040178,フラワー薬局,呉市川尻町東１－１０－１３,0823-87-0306,有限会社　フラワー薬局　代表取締役　弓削　美保,福田　隆司,,,平7. 5. 1,yakkyoku
薬局,34,4140028,株式会社　戸田栄光堂薬局,尾道市向島町１４,0848-44-0918,株式会社　戸田栄光堂薬局　代表取締役　戸田　盛登,戸田　有美,,,昭53. 5. 1,yakkyoku
薬局,34,4140127,有限会社　兼吉調剤薬局,尾道市向島町５７６－３,0848-44-7760,有限会社　兼吉調剤薬局　取締役　追林　慎一,横田　いつ子,,,平4. 10. 1,yakkyoku
薬局,34,4140150,かわち薬局,尾道市御調町丸河南５９５－４,0848-76-3375,行薬品　有限会社　代表取締役　行　計人,児玉　里奈,,,平7. 4. 1,yakkyoku
薬局,34,4140218,有限会社久井シンポ薬局,三原市久井町江木８２－５,0847-32-8755,有限会社久井シンポ薬局　代表取締役　赤﨑　直樹,友平　裕三,,,平11. 3. 1,yakkyoku
薬局,34,4140226,らん薬局,尾道市向島町５９０１－３,0848-20-6345,有限会社　兼吉調剤薬局　取締役　追林　慎一,中元　真弓,,,平12. 9. 1,yakkyoku
薬局,34,4140242,花みずき薬局,尾道市向島町５４５４－２,0848-44-3460,有限会社　ティーズ　オフィス　代表取締役　則清　孝之,岩田　一志,,,平16. 4. 1,yakkyoku
薬局,34,4240067,いとう薬局,世羅郡世羅町大字本郷５－２,0847-22-0121,有限会社　伊藤薬局　代表取締役　梅木　利子,梅木　利子,,,昭61. 9. 1,yakkyoku
薬局,34,4240109,ファーマシィ薬局せら,世羅郡世羅町本郷８２２－１３,08472-5-0221,株式会社　ファーマシィ　代表取締役　武田　輝美,寳大寺　淳,,,平11. 7. 1,yakkyoku
薬局,34,4240125,アロー薬局　甲山店,世羅郡世羅町大字西上原字流４８２－３,0847-25-0360,有限会社　アロー　代表取締役　前田　幹雄,中元　郁恵,,,平13. 4. 1,yakkyoku
薬局,34,4240133,あやめ薬局　せら店,世羅郡世羅町本郷９４０－２,0847-22-5999,株式会社　タワーメディカル　代表取締役　片渕　則彦,髙橋　義貴,,,平20. 6. 1,yakkyoku
薬局,34,4240141,エスマイル薬局こうげん店,世羅郡世羅町寺町１５５７－２,0847-22-3363,株式会社エスマイル　代表取締役　大下　訓生,阪本　拓也,,,平25. 10. 2,yakkyoku
薬局,34,4240158,エンゼル薬局　世羅店,世羅郡世羅町本郷９４２－４,0847-25-5161,片山物産有限会社　代表取締役　片山　康至,林　真紀,,,令5. 4. 1,yakkyoku
薬局,34,4340099,アロー薬局　常石店,福山市沼隈町常石１２８１,084-987-3917,有限会社　アロー　代表取締役　前田　幹雄,長谷川　知子,,,平6. 9. 1,yakkyoku
薬局,34,4440188,ファーマシィ薬局神辺,福山市神辺町新徳田３丁目５４６－２,084-963-5337,株式会社　ファーマシィ　代表取締役　武田　輝美,谷川　梨沙,,,平5. 2. 1,yakkyoku
薬局,34,4440220,有限会社　安岡薬局,福山市神辺町川南１０４４－１,084-963-1710,有限会社　安岡薬局　代表取締役　安岡　正訓,安岡　正訓,,,平8. 9. 1,yakkyoku
薬局,34,4440246,ポピー薬局,福山市神辺町川南３１５８－８,084-960-0315,有限会社　朋ファーマシー　代表取締役　重松　朋哉,松原　有希,,,平9. 6. 1,yakkyoku
薬局,34,4440295,しんめい堂薬局,福山市神辺町道上２９８１－３,084-960-3061,有限会社　信明　代表取締役　村上　範行,村上　範行,,,平12. 6. 1,yakkyoku
薬局,34,4440311,なな薬局,福山市神辺町川南１０８－１,084-960-3731,有限会社　俵　代表取締役　俵　康裕,俵　康裕,,,平15. 2. 1,yakkyoku
薬局,34,4440337,すずな薬局,福山市神辺町川北１３４５－１２,084-962-5141,株式会社あすか　代表取締役　谷口　善繁,戸成　晶子,,,平16. 6. 1,yakkyoku
薬局,34,4440345,ありす薬局　神辺店,福山市神辺町新湯野４１－４,084-962-5375,株式会社　タワーメディカル　代表取締役　片渕　則彦,瀧口　耕平,,,平16. 11. 1,yakkyoku
薬局,34,4540060,マルシン薬局,福山市新市町新市６１６,0847-51-2829,株式会社　丸新百貨店　代表取締役　橘髙　道則,橘髙　道則,,,平10. 10. 1,yakkyoku
薬局,34,4540094,小野薬局,福山市新市町大字戸手１３２６－１,0847-52-2031,小野　誠造,小野　誠造,,,平6. 7. 1,yakkyoku
薬局,34,4540151,野の花薬局,福山市新市町大字新市１２６１番地の６,0847-52-7151,澁谷　節子,澁谷　雄三,,,平6. 9. 1,yakkyoku
薬局,34,4540201,新市中央薬局,福山市新市町大字新市５４－１,0847-40-3456,有限会社　カワチ　代表取締役　河村　正士,児玉　俊宏,,,平12. 5. 1,yakkyoku
薬局,34,4540227,新市中央薬局大正通り店,福山市新市町新市７７３－６,0847-40-3667,有限会社　カワチ　代表取締役　河村　正士,橘髙　嘉宏,,,平13. 3. 1,yakkyoku
薬局,34,4640035,一心堂薬局,神石郡神石高原町福永甲１４９２－１,08478-9-4040,有限会社　一心堂　代表取締役　山口　恵徳,山口　恵徳,,,平15. 11. 1,yakkyoku
薬局,34,4640076,クオール薬局　神石高原店,神石郡神石高原町小畠１７１１－３,0847-85-4222,クオール株式会社　代表取締役　柄澤　忍,河本　裕貴,,,令4. 5. 1,yakkyoku
薬局,34,4740017,有限会社　大成権尚旭堂薬局,府中市上下町上下１００８,0847-62-3017,有限会社　大成権尚旭堂薬局　代表取締役　大成権　敬子,大成権　敬子,,,昭52. 9. 20,yakkyoku
薬局,34,4940039,有限会社　吉川薬局,庄原市東城町東城２７２,08477-2-0028,有限会社　吉川薬局　代表取締役　吉川　幸治,吉川　幸治,,,昭62. 10. 1,yakkyoku
薬局,34,4940070,三上薬局　産業道路店,庄原市東城町川東１４５４－４,08477-2-1717,有限会社　三上薬品　取締役　三上　千鶴,三上　芳之,,,平9. 6. 1,yakkyoku
薬局,34,4940096,東城川西薬局,庄原市東城町川西５６３－３,08477-2-1570,有限会社　銀の星薬舗　代表取締役　吉崎　公美,吉崎　公美,,,平13. 12. 1,yakkyoku
薬局,34,4940112,三上薬局駅前店,庄原市東城町川東１６５－１６,08477-2-1093,有限会社　三上薬品　取締役　三上　千鶴,浜田　裕史,,,平15. 6. 1,yakkyoku
