med_type,pref_code,med_code,name,address,phone,opener,manager,depts,beds,designated_date,source
病院,32,0110049,松江赤十字病院,松江市母衣町２００番地,0852-24-2111,日本赤十字社　社長　清家　篤,大居　慎治,一般　一般　感染　精神　内　呼内　小　外　整外　形外　呼外　精神神経科　糖尿病・内分泌内科　血液内科　乳腺外科　脳外　心外　皮　ひ　産婦　眼　病理　放　リハ　麻　歯外　腎臓内科　消化器内科　循環器内科　消化器外科　脳内　耳鼻咽喉・頭頸部外科,554,昭32. 10. 10,ika
診療所,32,0111468,信太内科医院,松江市殿町３３２番地,0852-21-2046,信太　秀夫,信太　秀夫,内　消　循,,昭56. 12. 8,ika
診療所,32,0111534,福田内科クリニック,松江市上乃木９－４－２５,0852-27-1200,福田　正彦,福田　正彦,内　脳内　呼内　アレ　心内,,昭57. 12. 15,ika
診療所,32,0111575,梶谷医院,松江市北堀町１９７－６,0852-23-7798,梶谷　直弘,梶谷　直弘,婦　皮　外　内,,昭58. 2. 22,ika
病院,32,0111641,医療法人青葉会松江青葉病院,松江市上乃木５丁目１－８,0852-21-3565,医療法人　青葉会　理事長　菅野　紘,宮岡　剛,精神　精　心内,300,昭59. 4. 1,ika
診療所,32,0111682,野津医院,松江市本庄町５６５－１,0852-34-0503,野津　立秋,野津　立秋,内　小,,昭60. 8. 29,ika
診療所,32,0111765,小竹原医院,松江市大輪町３９６,0852-25-3223,小竹原　良雄,小竹原　良雄,内　小　皮　アレ,,昭61. 7. 15,ika
病院,32,0111773,総合病院松江生協病院,松江市西津田８丁目８番８号,0852-23-1111,松江保健生活協同組合　理事長　高濱　顕弘,眞木　高之,一般　一般　一般　療養　内　血管外科　呼　消　循　小　外　整外　脳外　皮　ひ　こう　産婦　眼　耳い　リハ　放　麻　精　乳腺外科　脳神経内科,254,昭61. 12. 21,ika
病院,32,0111914,医療法人仁風会八雲病院,松江市大庭町１４６０－３,0852-23-3456,医療法人　仁風会　理事長　角南　眞,角南　眞,精神　精　心内　神内,149,昭64. 1. 1,ika
診療所,32,0111955,森本産婦人科医院,松江市雑賀町８２,0852-25-2250,医療法人　正誼堂　理事長　森本　紀彦,森本　紀彦,一般　産婦,,平元. 7. 1,ika
診療所,32,0112003,医療法人若槻内科医院,松江市山代町４８０－５,0852-27-3111,医療法人　若槻内科医院　理事長　若槻　豐,若槻　豐,内　呼　消　循　小　皮　放,,平元. 9. 1,ika
診療所,32,0112011,医療法人片山医院　片山内科胃腸科医院,松江市上乃木４丁目２０－２６,0852-26-5511,医療法人　片山医院　理事長　片山　俊介,片山　俊介,内　胃,,平元. 9. 1,ika
診療所,32,0112086,医療法人　山本眼科医院,松江市大輪町４２０－１４,0852-25-5656,医療法人　山本眼科医院　理事長　東　順子,東　順子,一般　眼,,平元. 10. 1,ika
診療所,32,0112128,医療法人福間内科医院,松江市雑賀町４５番地,0852-21-3727,医療法人　福間内科医院　理事長　福間　安彦,福間　安彦,内　消　循　胃,,平2. 1. 1,ika
病院,32,0112169,医療法人社団創健会　松江記念病院,松江市上乃木３丁目４番１号,0852-27-8111,医療法人社団創健会　理事長　内藤　篤,舟塚　雅英,一般　療養　内　神内　小　外　整外　皮　婦　リハ　放　麻　歯外　消化器内科　循環器内科　肛門外科　消化器外科　呼内　糖尿病内科,,平2. 5. 1,ika
診療所,32,0112177,医療法人社団入江内科医院,松江市西川津町７６６－５,0852-27-4188,医療法人社団入江内科医院　理事長　入江　豊,入江　豊,内　循　小,,平2. 5. 1,ika
診療所,32,0112201,医療法人社団乃木クリニック,松江市浜乃木２丁目７番１７号,0852-26-5122,医療法人社団乃木クリニック　理事長　天野　宏明,天野　宏明,内　呼　胃　消　放,,平2. 7. 1,ika
診療所,32,0112227,医療法人　古沢整形外科医院　かもと整形外科クリニック,松江市上乃木７丁目６－１,0852-21-6633,医療法人古沢整形外科医院　理事長　古澤　正治,古澤　正治,整外　リハ　リウ,,平2. 11. 1,ika
診療所,32,0112300,医療法人敬愛会森脇医院,松江市砂子町２０２－３,0852-27-2211,医療法人敬愛会　理事長　中村　里香,中村　里香,一般　内　小　透析,,平3. 9. 1,ika
診療所,32,0112318,医療法人大畑整形外科,松江市西川津町７７４－６,0852-22-7100,医療法人大畑整形外科　理事長　大畑　範英,大畑　範英,整外　リハ　リウ,,平3. 10. 1,ika
診療所,32,0112367,医療法人泉仁会なかじま耳鼻科,松江市学園２丁目１１番２号,0852-27-3387,医療法人　泉仁会　中島　賢一朗,中島　徹,耳い,,平4. 7. 1,ika
診療所,32,0112383,医療法人茗山会　清水眼科,松江市上乃木４－１－３,0852-22-1616,医療法人茗山会　清水眼科　理事長　清水　正紀,清水　正紀,一般　眼,,平4. 10. 1,ika
診療所,32,0112458,医療法人佼真会　岡本整形外科医院,松江市殿町３８３山陰中央ビル　５階,0852-27-2200,医療法人　佼真会　理事長　長野　真久,長野　真久,整外　外　リウ,,平5. 7. 1,ika
診療所,32,0112466,浅野小児科医院,松江市末次町７４,0852-21-2776,医療法人ひよこクリニック　理事長　浅野　博雄,浅野　博雄,小,,平5. 9. 1,ika
診療所,32,0112474,佐藤クリニック,松江市外中原町１２１－２,0852-24-3101,医療法人　佐藤クリニック　理事長　佐藤　慶一,佐藤　慶一,外　整外　リハ,,平5. 8. 1,ika
診療所,32,0112524,心療内科漢方内科全人統合医療日本ホリスティッククリニックインターナショナルディビジョン,松江市学園１－７－３０,0852-31-1301,医療法人社団全人統合医療日本悠愛　インターナショナル　理事長　鍵山　惣一,矢野　修一,心内　内　リハ　精　アレ　漢方内科,,平5. 11. 1,ika
診療所,32,0112532,医療法人　清水医院　内科循環器科,松江市古志原５丁目１４－７７,0852-26-2711,医療法人清水医院内科循環器科　理事長　井上　優美,井上　優美,内　循,,平5. 11. 1,ika
診療所,32,0112581,医療法人湯原内科医院,松江市苧町９番地１,0852-25-3508,医療法人湯原内科医院　理事長　湯原　紀二,湯原　紀二,内　消　循,,平6. 11. 1,ika
診療所,32,0112599,春木内科クリニック,松江市古志原２丁目１－３７,0852-27-2300,医療法人　幸永会　理事長　春木　伸彦,春木　伸彦,内　呼　循,,平6. 12. 1,ika
診療所,32,0112607,石田内科小児科医院,松江市春日町５８３－３,0852-21-9111,医療法人　石田内科小児科医院　理事長　石田　郁雄,石田　郁雄,内　小,,平6. 12. 1,ika
診療所,32,0112615,きたに内科クリニック,松江市矢田町４７８－５,0852-31-6011,貴谷　光,貴谷　光,内　呼　消　循　小　リウ　アレ,,平7. 2. 1,ika
病院,32,0112631,東部島根医療福祉センター,松江市東生馬町１５の１,0852-36-8011,社会福祉法人　島根整肢学園　理事長　木原　清,縄田　耕二,一般　療養　小　整外　リハ　歯　耳い　皮　内　他,,平7. 4. 1,ika
診療所,32,0112656,運動公園前はやしだクリニック,松江市上乃木９丁目２０－２８,0852-61-8876,医療法人スリーエス　理事長　林田　麻衣子,林田　麻衣子,児童精神科　精　形外,,平7. 5. 1,ika
診療所,32,0112698,さかい耳鼻咽喉科医院,松江市古志原５丁目１７－２,0852-23-4133,境　俊也,境　俊也,耳い,,平7. 10. 4,ika
診療所,32,0112714,市岡眼科クリニック,松江市古志原５丁目１７番１８号,0852-28-2211,医療法人　市岡眼科　理事長　市岡　博,市岡　博,一般　眼,,平8. 1. 6,ika
診療所,32,0112722,前之園泌尿器科内科医院,松江市乃白町薬師前１－１,0852-24-6255,前之園　省三,前之園　省三,内　ひ,,平8. 2. 1,ika
診療所,32,0112748,総合健診センター,松江市古志原１丁目４番６号,0852-32-5211,公益財団法人　島根県環境保健公社　理事長　田原　研司,足立　経一,内,,平8. 4. 1,ika
診療所,32,0112771,淞北台メディカルスクェアふじい眼科,松江市東奥谷町１４４－１６,0852-28-8008,藤井　正満,藤井　正満,眼,,平8. 4. 23,ika
診療所,32,0112789,淞北台メディカルスクェアよねだ内科,松江市東奥谷町１４４－１２,0852-28-2500,米田　治彦,米田　治彦,内　循　小,,平8. 4. 23,ika
診療所,32,0112797,釜瀬クリニック,松江市竪町８１番地,0852-22-1266,医療法人釜瀬クリニック　理事長　釜瀬　春隆,釜瀬　春隆,精　内,,平8. 8. 1,ika
診療所,32,0112805,だて整形外科クリニック,松江市黒田町４８６番地５,0852-21-1515,医療法人ディーオーシー　伊達　宏和,伊達　宏和,整外　リウ　リハ,,平8. 9. 1,ika
診療所,32,0112821,マザリー産科婦人科医院,松江市西津田２丁目１２番３３号,0852-25-8588,医療法人マザリー　理事長　澁川　敏彦,澁川　敏彦,一般　産婦,,平9. 1. 9,ika
診療所,32,0112839,内田クリニック,松江市浜乃木２丁目６番１３号,0852-55-2880,内田　昭弘,内田　昭弘,婦　内　胃腸内科　産,,平9. 4. 21,ika
診療所,32,0112862,石本医院,松江市上乃木９丁目１－２２,0852-26-8811,石本　文則,石本　文則,皮,,平9. 6. 23,ika
診療所,32,0112870,津森医院,松江市本庄町５６７番地１,0852-34-0125,医療法人　仁心会　理事長　津森　洋,津森　洋,内　外　他,,平9. 8. 1,ika
診療所,32,0112938,山本内科医院,松江市堂形町７５４番地,0852-28-5100,医療法人　弥生会　理事長　山本　悦正,山本　悦孝,内　循環器内科　糖尿病内科　消化器内科,,平10. 4. 1,ika
診療所,32,0112979,医療法人堀江クリニック　堀江耳鼻咽喉科医院,松江市黒田町４２２－５,0852-28-1133,医療法人　堀江クリニック　理事長　堀江　貴,堀江　貴,耳い,,平11. 1. 1,ika
診療所,32,0112987,あだち眼科クリニック,松江市中原町１９番地１,0852-24-6333,安達　和彦,安達　和彦,眼,,平11. 1. 4,ika
診療所,32,0113043,柴田脳神経外科,松江市北堀町１３,0852-25-8866,医療法人　けんクリニック　理事長　柴田　憲司,柴田　憲司,脳外　神内　放,,平11. 6. 1,ika
診療所,32,0113076,松江東健康クリニック,松江市西尾町１３番地１,0852-25-0077,医療法人　若草　理事長　石原　俊太郎,石原　俊太郎,内　神内　胃　循　小　リハ,,平11. 11. 1,ika
診療所,32,0113092,ふれあい診療所,松江市西津田７丁目１４－２１,0852-23-1111,松江保健生活協同組合　理事長　高濱　顕弘,大西　浩二,内　放　消　循　呼　外　こう　整外　産婦　血管外科　小　眼　耳い　脳外　皮　ひ　リハ　精　脳内,,平12. 3. 21,ika
診療所,32,0113100,わかくさクリニック,松江市朝酌町２８番地１,0852-39-9077,医療法人　若草　理事長　石原　俊太郎,石原　俊太郎,内　神内　リハ,,平12. 4. 1,ika
診療所,32,0113118,医療法人　堀内科胃腸科医院,松江市大正町４４５－２,0852-22-1818,医療法人　堀内科胃腸科医院　理事長　堀　浩太郎,堀　浩太郎,内　消　小,,平12. 4. 17,ika
診療所,32,0113159,佐野内科循環器科医院,松江市浜乃木１丁目１７番７号,0852-21-4772,佐野　和也,佐野　和也,内　循,,平12. 6. 1,ika
診療所,32,0113167,医療法人　勝部医院,松江市春日町３６５－３,0852-27-5800,医療法人　勝部医院　理事長　勝部　晋,勝部　晋,内　呼　小　アレ,,平12. 6. 1,ika
診療所,32,0113191,ほしの内科・胃腸科クリニック,松江市西津田５丁目２１－１５,0852-20-1333,星野　潮,星野　潮,内　消,,平12. 10. 12,ika
診療所,32,0113209,小林医院,松江市雑賀町２６４番地３,0852-21-3407,医療法人　街道会　理事長　小林　幹久,小林　幹久,内　循環器内科　消化器内科　小,,平12. 10. 1,ika
診療所,32,0113290,つきざわ内科医院,松江市西津田十丁目１７番２０－１１号,0852-21-8180,医療法人　つきざわ内科医院　理事長　築澤　正倫,築澤　正倫,内　消,,平13. 6. 1,ika
診療所,32,0113316,おおさわ耳鼻咽喉科,松江市上乃木一丁目２番１８号,0852-28-1110,医療法人　おおさわ耳鼻咽喉科　理事長　大澤　広秀,大澤　広秀,耳い,,平13. 7. 1,ika
診療所,32,0113324,医療法人学園クリニック,松江市学園一丁目９番２１号,0852-55-6386,医療法人　学園クリニック　理事長　山根　雅史,山根　雅史,内　消　循　アレ　小,,平13. 10. 1,ika
診療所,32,0113332,皮フ科鈴木クリニック,松江市学園二丁目４番２３号,0852-28-1211,医療法人　皮フ科鈴木クリニック　理事長　鈴木　久美子,鈴木　久美子,皮,,平13. 10. 1,ika
診療所,32,0113365,小林クリニック,松江市比津町１４９－１,0852-55-6616,小林　綾女,小林　綾女,内　小,,平13. 10. 28,ika
診療所,32,0113373,おむら内科クリニック,松江市古志原五丁目４番８号,0852-31-5588,小村　秀史,小村　秀史,内　消,,平14. 1. 11,ika
診療所,32,0113381,並河内科クリニック,松江市北田町２番地３,0852-20-0700,並河　整,並河　整,内　リハ,,平14. 2. 5,ika
診療所,32,0113407,医療法人　福田内科医院,松江市北堀町３３－２３,0852-24-6555,医療法人　福田内科医院　理事長　福田　俊明,福田　俊明,内,,平15. 1. 1,ika
診療所,32,0113415,小松クリニック,松江市黒田町３０－４,0852-59-5218,小松　和久,小松　和久,精　内　心内,,平15. 2. 15,ika
診療所,32,0113423,須山医院,松江市黒田町３０－４,0852-20-1875,須山　浩美,須山　浩美,内　循,,平15. 2. 1,ika
診療所,32,0113456,中村内科循環器クリニック,松江市西川津町３９８番地５１,0852-20-7711,医療法人　中村内科循環器クリニック　理事長　中村　展招,中村　展招,内　循,,平15. 5. 1,ika
診療所,32,0113464,後藤クリニック,松江市大庭町１２９番地６,0852-20-5100,医療法人　後藤クリニック　理事長　後藤　泰利,後藤　泰利,内　呼　消　循　小　外　リハ,,平15. 5. 1,ika
診療所,32,0113472,医療法人　嶋本医院,松江市黒田町４４９番地１,0852-60-0100,医療法人　嶋本医院　嶋本　司,嶋本　司,ひ　皮　外,,平15. 6. 1,ika
診療所,32,0113498,しみず内科クリニック,松江市比津が丘２丁目２－１４,0852-22-8558,清水　知己,清水　知己,内　胃　小,,平15. 10. 16,ika
診療所,32,0113555,さんメンタルクリニック,松江市南田町９５－１７　あさひビル３階,0852-20-2807,瓦谷　久志,瓦谷　久志,精　心内,,平16. 4. 1,ika
診療所,32,0113571,医療法人広明会　伊藤皮膚科クリニック,松江市田和山町１０９番地,0852-31-4586,医療法人　広明会　理事長　伊藤　充広,伊藤　充広,皮,,平16. 5. 7,ika
診療所,32,0113639,医療法人　松江腎クリニック,松江市南田町１１０番地,0852-59-3800,医療法人　松江腎クリニック　理事長　草刈　万寿夫,草刈　万寿夫,一般　一般　内,19,平16. 11. 1,ika
診療所,32,0113654,ぽよぽよクリニック,松江市東津田町１１９８番地３,0852-25-2581,医療法人　ぽよぽよクリニック　理事長　田草　雄一,田草　雄一,小　アレ,,平17. 1. 1,ika
診療所,32,0113662,島根県立心と体の相談センター,松江市東津田町１７４１番地３,0852-32-5905,島根県　知事　丸山　達也,岡﨑　四方,内　精,,平17. 4. 1,ika
診療所,32,0113670,まつしま脳神経内科クリニック,松江市下東川津町４２－５,0852-59-5678,松嶋　永治,松嶋　永治,神内　内　リハ,,平17. 4. 15,ika
診療所,32,0113696,医療法人　入澤クリニック,松江市八幡町２８５番地６,0852-38-8211,医療法人　入澤クリニック　理事長　松本　和也,松本　和也,内　胃　消化器内科　呼,,平17. 6. 16,ika
診療所,32,0113720,つわぶきクリニックのぎ,松江市乃木福富町３１８番地１,0852-60-1818,社会福祉法人つわぶき　理事長　石井　尚吾,石井　朋之,小,,平17. 7. 1,ika
病院,32,0113738,松江市立病院,松江市乃白町３２番地１,0852-60-8000,松江市　松江市長　上定　昭仁,久留　一郎,一般　一般　精神　その他　内　糖尿病・内分泌内科　消化器内科　循環器内科　脳内　小　呼吸器内科　放射線診断科　放射線治療科　精　皮　外　消化器外科　乳腺・内分泌外科　腫瘍内科　呼外　心外　脳外　整外　形外　産婦　ひ　耳い　眼　麻　救急科　リハ　病理　歯外,319,平17. 8. 1,ika
診療所,32,0113746,医療法人　いわもと耳鼻咽喉科医院,松江市春日町字中代１８８番地１,0852-20-1300,医療法人いわもと耳鼻咽喉科医院　理事長　岩元　純一,岩元　純一,耳い,,平17. 8. 1,ika
診療所,32,0113811,かじたに整形外科医院,松江市朝日町４５２番地　あおとビル２階,0852-27-7722,医療法人　健寿会　理事長　梶谷　健一,梶谷　健一,整外　リハ,,平18. 7. 1,ika
診療所,32,0113837,心療内科　漢方松江クリニック,松江市学園１丁目７－３５　アパルトマンのつ３０６号室,0852-27-1311,医療法人社団大義社　理事長　星野　元,鍵山　惣一,心内　精　他　内　リハ　アレ,,平18. 11. 1,ika
診療所,32,0113845,医療法人　市岡眼科,松江市朝日町４７６番地７,0852-22-3800,医療法人　市岡眼科　理事長　市岡　博,市岡　伊久子,眼,,平18. 11. 15,ika
診療所,32,0113860,はっとり皮ふ科クリニック,松江市東津田町１７６９番２,0852-60-1705,医療法人社団はっとり皮ふ科クリニック　理事長　服部　協子,服部　協子,皮,,平19. 1. 1,ika
診療所,32,0113878,たくわ小児科クリニック,松江市学園二丁目６番２７号,0852-20-0808,医療法人　たくわ小児科クリニック　理事長　多久和　哲,多久和　哲,小　アレ,,平19. 2. 1,ika
診療所,32,0113886,佐藤内科医院,松江市天神町１５番地,0852-21-2425,医療法人　佐藤内科医院　理事長　佐藤　哲也,佐藤　哲也,内　消　循,,平19. 2. 1,ika
診療所,32,0113894,わたなべ耳鼻咽喉科医院,松江市東朝日町字小浜２１１番地,0852-32-3000,医療法人　わたなべ耳鼻咽喉科医院　理事長　渡邊　光一郎,渡邊　光一郎,耳い,,平19. 3. 1,ika
診療所,32,0113910,青葉クリニック,松江市上乃木一丁目２番１３号,0852-27-5251,医療法人　青葉会　理事長　菅野　紘,菅野　紘,精　神　神内,,平19. 3. 1,ika
診療所,32,0113928,飯島クリニック,松江市御手船場町５６８太田ビル３階,0852-23-1007,飯島　正明,飯島　正明,精　神　心内,,平19. 5. 7,ika
診療所,32,0113951,医療法人社団太田脳神経外科クリニック,松江市砂子町１９６番地３,0852-59-5181,医療法人社団太田脳神経外科クリニック　理事長　太田　桂二,太田　桂二,脳外　外　神内　リハ,,平19. 7. 1,ika
診療所,32,0113977,林医院,松江市北堀町５７番地４,0852-21-5667,医療法人　周晴会　理事長　野田　俊成,野田　俊成,内　小,,平19. 8. 1,ika
診療所,32,0113985,門脇医院,松江市八束町遅江３８４－２,0852-76-2023,門脇　憲,門脇　憲,内　消胃　外　こう,,平19. 9. 1,ika
診療所,32,0114041,いきいき．クリニック,松江市東津田町１７６８－２,0852-27-1551,医療法人　いきいき．クリニック　理事長　横木　広幸,横木　広幸,内　ひ　形外,,平20. 8. 1,ika
診療所,32,0114074,くらたこどもクリニック,松江市東朝日町小浜２３２－１０,0852-61-1688,倉田　さつき,倉田　さつき,小　心内　アレ　精,,平20. 12. 25,ika
診療所,32,0114090,かじクリニック,松江市殿町５１６番地　山陰鴻池ビル２Ｆ,0852-27-2600,医療法人　かじクリニック　理事長　梶　彰吾,梶　彰吾,形外　皮,,平21. 3. 1,ika
診療所,32,0114108,鈴木内科医院,松江市西川津町１１９８－５,0852-22-2123,鈴木　重道,鈴木　重道,内　消　呼　小,,平21. 4. 1,ika
診療所,32,0114132,メディカルカウンセリングセンター　クリニック大竹,松江市学園南２－１２－５ＨＯＹＯパークサイドビル１Ｆ,0852-31-7100,大竹　民子,大竹　民子,精　内　心内,,平21. 7. 1,ika
診療所,32,0114157,サン・フラワー診療所,松江市野原町５８５番地,0852-34-1880,社会福祉法人　ふれあい　理事長　平野　勝己,津森　嘉樹,内　麻,,平21. 7. 1,ika
診療所,32,0114165,ＫＡＺＵＫＩ　プライベートクリニック,松江市朝日町４８４番地１３　三洋苑松江ビルⅡ５階,0852-20-7790,医療法人　いざみ　理事長　清水　一樹,清水　一樹,形外　美外　皮　ひ　婦　眼,,平21. 8. 1,ika
診療所,32,0114181,いんべ杉谷内科小児科醫院,松江市東忌部町８３－２２,0852-33-2800,医療法人社団　ほほえみ会　理事長　杉谷　美代子,杉谷　美代子,内　小　リハ　心内　呼内　他,,平21. 9. 1,ika
診療所,32,0114199,かつべ整形外科医院,松江市南田町２５番地１,0852-31-0011,医療法人　かつべ整形外科医院　理事長　勝部　顕一,勝部　顕一,整外　リハ,,平21. 11. 1,ika
診療所,32,0114207,星野医院,松江市古曽志町７３３,0852-36-8758,星野　陽治,星野　陽治,内,,平22. 1. 1,ika
診療所,32,0114223,はしだ小児科医院,松江市八幡町８－３,0852-37-0880,橋田　恵子,橋田　恵子,小,,平22. 5. 9,ika
診療所,32,0114231,大学前のつ内科クリニック,松江市学園二丁目２７番１７号,0852-24-3000,医療法人　大学前のつ内科クリニック　理事長　野津　和巳,野津　和巳,内　婦,,平22. 6. 1,ika
診療所,32,0114256,あさひまちクリニック,松江市朝日町４７６－７,0852-61-3006,医療法人　博心会　理事長　小林　淳子,小林　淳子,一般　一般　内　産婦　他,3,平22. 9. 1,ika
診療所,32,0114272,中村医院,松江市鹿島町佐陀本郷１８５２番地,0852-82-0046,医療法人社団　中村クリニック　理事長　中村　英介,中村　英介,内　神内　皮,,平22. 10. 1,ika
診療所,32,0114280,梨眼科医院,松江市春日町５８６－２,0852-61-4174,髙梨　泰至,髙梨　泰至,眼,,平23. 1. 1,ika
診療所,32,0114306,津田小学校前　よしの医院,松江市東津田町１１９５番地３,0852-22-1133,吉野　生季三,吉野　生季三,内　消　胃,,平23. 5. 3,ika
診療所,32,0114314,幡医院,松江市片原町８７番地,0852-21-3376,幡　城太郎,幡　城太郎,内　呼　消　循,,平23. 7. 1,ika
診療所,32,0114322,福庭内科医院,松江市殿町３８３番地山陰中央ビル５Ｆ,0852-21-5670,福庭　洋,福庭　洋,内　消　循,,平24. 1. 1,ika
診療所,32,0114348,心療内科医食同源松江ホリスティッククリニック,松江市東朝日町１３６番地２,0852-28-3131,医療法人社団日本医道糺正社　理事長　佐々木　尊光,松島　嘉彦,心内　精　漢方内科　アレ　リハ　婦,,平24. 2. 1,ika
診療所,32,0114363,つわぶきクリニックやましろ,松江市山代町１００１番地,0852-27-9696,社会福祉法人つわぶき　理事長　石井　尚吾,石井　尚吾,小　精　リハ,,平24. 5. 1,ika
診療所,32,0114397,桑原整形外科医院,松江市袖師町９－２６,0852-24-2200,桑原　岳史,桑原　岳史,整外,,平25. 4. 16,ika
診療所,32,0114413,レディースメンタルクリニック一粒の麦,松江市西津田３丁目１３－２１,0852-67-3100,山本　裕子,山本　裕子,心内　精,,平25. 6. 1,ika
診療所,32,0114439,山口整形外科医院,松江市学園南１丁目１３－３４,0852-21-2050,山口　俊昌,山口　俊昌,整外　リハ,,平25. 7. 16,ika
診療所,32,0114447,みやけ眼科,松江市東津田町１１１３－１,0852-24-2300,三宅　賢一郎,三宅　賢一郎,眼,,平25. 11. 1,ika
診療所,32,0114462,山口整形東本町クリニック,松江市東本町３－１０,0852-27-7056,山口　俊昌,山口　俊昌,整外,,平26. 2. 1,ika
診療所,32,0114488,心身一如医食同源心療漢方内科日本ホリスティッククリニック,松江市学園１丁目７番３０号,0852-28-3131,一般社団法人　日本介護福祉医療推進機構　代表理事　神戸　誠司,星野　元,心内　精　他　アレ　リハ　内,,平26. 8. 1,ika
診療所,32,0114504,こころの診療所　細田クリニック,松江市田和山町１１２,0852-24-3200,細田　眞司,細田　眞司,精　内　心内,,平26. 9. 1,ika
診療所,32,0114512,心療内科ビタミンミネラル自然治癒力活性松江ホリスティッククリニック,松江市東朝日町１３６番地２,0852-28-3131,一般社団法人全人介護医療推進機構　赤名　透,矢野　修一,心内　精　他　アレ　リハ　内,,平26. 10. 1,ika
診療所,32,0114520,みどり眼科,松江市学園二丁目２６番３３号,0852-24-4146,医療法人　みどり眼科　理事長　尾前　由貴子,尾前　由貴子,眼,,平26. 11. 1,ika
診療所,32,0114538,とみさわクリニック,松江市八幡町２６６－５,0852-67-1927,富澤　治,富澤　治,精　心内,,平26. 12. 1,ika
診療所,32,0114546,クリニック虹,松江市佐草町４５６－１,0852-24-1212,松江保健生活協同組合　理事長　高濱　顕弘,平　仁司,内　整外,,平27. 4. 1,ika
診療所,32,0114553,門脇内科胃腸科医院,松江市雑賀町２０５,0852-21-2695,門脇　泰憲,門脇　泰憲,内　胃,,平27. 3. 29,ika
診療所,32,0114561,つだ胃腸科・内科クリニック,松江市西津田３丁目５番２１号,0852-40-9101,千貫　大介,千貫　大介,内　胃,,平27. 9. 1,ika
診療所,32,0114579,メディカルハーブクリニック・ひらいわ,松江市黒田町４８３－５,0852-21-8288,平岩　久幸,平岩　久幸,和漢　内　小　児童精神科,,平27. 11. 13,ika
診療所,32,0114603,松江市立野波診療所,松江市島根町野波１２２０番地４,0852-85-2303,松江市長　松江市長　上定　昭仁,佐藤　宗保,内,,平28. 7. 6,ika
診療所,32,0114629,小川在宅診療所,松江市西川津町４２４８番地プラティーク・リブ１０２号室,0852-61-8011,小川　肇,小川　肇,他　麻,,平28. 12. 1,ika
診療所,32,0114637,古瀬眼科医院,松江市大正町４０１－６,0852-21-2816,古瀬　なな子,古瀬　なな子,眼,,平29. 1. 1,ika
診療所,32,0114645,やまもと整形外科クリニック,松江市乃白町２０６１番地,0852-67-3517,山本　真人,山本　真人,整外　リウ　リハ,,平29. 4. 1,ika
診療所,32,0114652,胃腸科内科田中医院,松江市宍道町宍道９４６番地１,0852-66-0022,田中　新亮,田中　新亮,内　消,,平29. 4. 17,ika
診療所,32,0114660,医療法人社団　内海皮フ科医院,松江市大正町４４２－１７,0852-22-2235,医療法人社団　内海皮フ科医院　理事長　内海　康生,内海　康生,皮　外　ひ,,平29. 6. 1,ika
診療所,32,0114686,あだかえたけだクリニック,松江市東出雲町出雲郷９４－４,0852-52-4177,竹田　昌希,竹田　昌希,内　循環器内科　ひ,,平29. 9. 1,ika
診療所,32,0114694,いしいクリニック,松江市大庭町１８０２番地３,0852-55-6363,医療法人　つわぶき　理事長　石井　尚吾,石井　朋之,小　精,,平29. 10. 1,ika
診療所,32,0114702,湖北つきはしクリニック,松江市岡本町１０４１番地２,0852-88-3636,医療法人　みんな元気みんな笑顔　理事長　月橋　啓典,月橋　啓典,内　呼　循　小,,平29. 11. 1,ika
診療所,32,0114710,葛尾内科医院,松江市東奥谷町３の６,0852-22-2655,葛尾　浩司,葛尾　浩司,内　循環器内科　消化器内科　呼吸器内科,,平29. 12. 1,ika
診療所,32,0114744,医療法人社団たかお皮フ科クリニック,松江市新雑賀町４番１７号,0852-21-6500,医療法人社団たかお皮フ科クリニック　理事長　井上　雅子,井上　雅子,皮,,平30. 9. 1,ika
診療所,32,0114751,在宅診療所まつえ,松江市嫁島町８８番地１,0852-67-6780,医療法人つたや会　理事長　宮本　寛,坂口　泰子,内　麻,,平30. 10. 1,ika
診療所,32,0114785,たにむら内科クリニック,松江市春日町１８０－６,0852-33-7723,医療法人たにむら内科クリニック　理事長　谷村　隆志,谷村　隆志,内　消化器内科　内視鏡内科,,令2. 9. 1,ika
診療所,32,0114793,心療内科心身一如松江ホリスティッククリニック,松江市東朝日町１３６番地２,0852-28-3113,医療法人社団日本総合心身医学医療福祉健康増進研究社　理事長　星野　元,鍵山　惣一,心内　精　漢方内科　アレ　リハ,,令2. 11. 1,ika
診療所,32,0114801,心と体の診療所　おくだクリニック,松江市嫁島町１４－１２,0852-61-2060,奥田　亮,奥田　亮,精　心内　内,,令3. 4. 1,ika
診療所,32,0114819,ただ内科・呼吸器クリニック,松江市北田町３３－３,0852-67-7637,多田　光宏,多田　光宏,内　呼内,,令3. 5. 1,ika
診療所,32,0114827,城下町Ｌクリニック,松江市殿町２２２,0852-22-2233,原田　敦,原田　敦,乳腺外科　肛門外科　産婦　皮,,令3. 6. 1,ika
診療所,32,0114835,かわつ田中クリニック,松江市西川津町６２３－６,0852-23-0011,田中　賢一郎,田中　賢一郎,内　糖尿病内科　内分泌内科　老年内科　眼　歯,,令3. 9. 1,ika
診療所,32,0114843,たなか脳神経内科,松江市古志原２－２２－２８,0852-20-2727,田中　康貴,田中　康貴,脳神経内科　内,,令3. 10. 1,ika
診療所,32,0114850,医療法人　大國内科クリニック,松江市乃木福富町４１３－２,0852-60-1266,医療法人大國内科クリニック　理事長　大国　智司,大国　智司,内　糖尿病内科　内分泌内科,,令4. 5. 1,ika
診療所,32,0114868,漢方女性クリニック・ｍｉｏ,松江市朝日町４９８番地松江センタービル２階,0852-28-0211,医療法人漢方女性クリニックｍｉｏ　理事長　錦織　恭子,錦織　恭子,精　心内　婦,,令4. 5. 1,ika
診療所,32,0114884,うえだ内科ファミリークリニック,松江市西津田７丁目１１番１５号,0852-67-5575,医療法人　ＵＥＤＡ会　理事長　上田　直樹,上田　直樹,内科　消化器内科　小,,令5. 4. 1,ika
診療所,32,0114892,医療法人かわつこどもクリニック,松江市西川津町４０９８番地,0852-61-8815,医療法人かわつこどもクリニック　理事長　岡本　学,岡本　学,小　アレ,,令5. 5. 1,ika
診療所,32,0114918,秀黄内科クリニック,松江市幸町８２９－３３,0852-67-8435,門脇　秀和,門脇　秀和,内,,令5. 10. 7,ika
診療所,32,0114926,いちえ内科・呼吸器クリニック,松江市浜乃木三丁目３－２４,0852-67-8077,早渕　達也,早渕　達也,呼内　内,,令5. 11. 1,ika
診療所,32,0114934,たまゆ内科クリニック,松江市玉湯町湯町８２５番地１,0852-62-0133,医療法人　たまゆ内科クリニック　理事長　越野　健司,越野　健司,内　消化器内科　呼内,,令5. 10. 1,ika
診療所,32,0114942,泉胃腸科医院,松江市黒田町９３番地７,0852-27-4976,医療法人社団　泉胃腸科医院　理事長　泉　明夫,泉　明夫,消　内視鏡内科　肛門外科　内　外,,令5. 11. 1,ika
診療所,32,0114959,はまもとクリニック,松江市大庭町１４４番地１,0852-67-3623,医療法人ＨＭＡ　理事長　濵本　佑樹,濵本　佑樹,外　リウ　リハ　美容皮膚科　整外,,令5. 12. 1,ika
診療所,32,0114967,特別養護老人ホーム　あとむ苑　医務室,松江市鹿島町北講武８８５番地６,0852-82-9710,社会福祉法人　かしま福祉会　理事長　中村　祐幸,矢野　修一,内,,令6. 4. 1,ika
診療所,32,0114975,たがしらレディースクリニック,松江市浜乃木６丁目７番８号,0852-23-1103,医療法人　たがしらレディースクリニック　理事長　田頭　稔弘,田頭　稔弘,一般　産婦,18,令6. 3. 1,ika
診療所,32,0114983,たけだ医院,松江市大庭町１８０１－１,0852-61-1173,武田　洋平,武田　洋平,内　消化器内科　呼内,,令6. 4. 1,ika
診療所,32,0114991,医療法人峻和会　たなか内科クリニック,松江市上乃木９丁目９番２７号,0852-60-5877,医療法人峻和会たなか内科クリニック　理事長　田中　寧,田中　寧,内,,令6. 5. 1,ika
診療所,32,0115014,おがわ整形外科クリニック,松江市春日町１５９番１,0852-61-0870,小川　慎也,小川　慎也,整外　リハ,,令6. 11. 1,ika
診療所,32,0115022,陽だまりこどもクリニック,松江市東出雲町出雲郷８６２番地１,0852-67-3022,医療法人陽だまり　理事長　米田　尚弘,米田　尚弘,小　アレ,,令6. 8. 1,ika
診療所,32,0115030,くれこどもクリニック,松江市上乃木四丁目１０番２７号,0852-61-0903,医療法人八重垣　理事長　呉　彰,呉　彰,小　児童精神科,,令6. 9. 1,ika
診療所,32,0115048,かわつレディースクリニック,松江市西川津町６５９－２,0852-61-1201,齊藤　さや子,齊藤　さや子,産　婦,,令7. 2. 1,ika
診療所,32,0115055,たわやま清水眼科,松江市乃白町２２５２,0852-33-7627,医療法人茗山会清水眼科　理事長　清水　正紀,清水　啓史,眼,,令7. 7. 1,ika
診療所,32,0115063,在宅ケアクリニック松江,松江市上乃木７丁目１０－８,0852-61-1360,医療法人寛謙会　理事長　佐々木　修治,佐々木　修治,内,,令7. 7. 1,ika
診療所,32,0115071,医療法人ＬＵＮＡ八重垣レディースクリニック,松江市東出雲町意宇南５－４－２,0852-52-7790,医療法人ＬＵＮＡ八重垣レディースクリニック　理事長　高尾　成久,高尾　成久,産婦,,令7. 5. 1,ika
診療所,32,0115089,医療法人野田眼科医院,松江市北田町１番地１,0852-25-8807,医療法人野田眼科医院　理事長　野田　佐知子,野田　佐知子,眼,,令7. 7. 7,ika
診療所,32,0115097,なかた内科・糖尿病クリニック,松江市乃白町２２５１,0852-61-0057,仲田　典子,仲田　典子,内　糖尿病内科　内分泌内科,,令7. 10. 1,ika
診療所,32,0115105,きらり形成外科・お肌クリニック,松江市乃白町２２４９,0852-61-3660,原　倫子,原　倫子,形外　美容皮膚科　皮,,令7. 10. 1,ika
診療所,32,0115113,心療漢方内科医食同源・地球環境保全松江ホリスティッククリニック,松江市東朝日町１３６－２,090-6744-8263,一般社団法人国際全人統合医療研究機構　代表理事　門脇　久恭,佐々木　尊光,心療内科　精　漢方内科　アレ　リハ,,令7. 11. 1,ika
診療所,32,0115121,アゼリアクリニック,松江市寺町９９－２６,0852-67-5908,医療法人社団水澄み会　理事長　湖山　泰成,杉原　登司夫,内,,令8. 5. 1,ika
病院,32,0210039,社会医療法人昌林会安来第一病院,安来市安来町８９９の１,0854-22-3411,社会医療法人昌林会　理事長　杉原　建,杉原　勉,一般　精神　療養　内　精　神内　小　皮　ひ　リハ　整外　心内　外　循環器内科　消化器内科　緩和ケア内科　呼内　乳腺外科　内分泌・代謝・糖尿病内科　リウ　形外　腎臓内科,284,昭39. 9. 28,ika
診療所,32,0210369,医療法人明誠会　白根医院,安来市荒島町１８１７－１,0854-28-7000,医療法人　明誠会　理事長　白根　澄男,白根　一,眼　皮　内　美容皮膚科　小児皮膚科,,平2. 5. 1,ika
診療所,32,0210377,医療法人社団金藤医院　金藤内科小児科医院,安来市赤江町１４４７－５,0854-28-6688,医療法人社団金藤医院　金藤　康子,金藤　康子,内　胃　循　小　精　心内,,平3. 1. 1,ika
診療所,32,0210419,杉原クリニック,安来市南十神町１９－９,0854-22-1222,杉原　徳郎,杉原　徳郎,精　内　神　心内,,平5. 4. 6,ika
診療所,32,0210443,医療法人社団吉田医院,安来市飯島町１２３５番地２,0854-22-2064,医療法人社団　吉田医院　理事長　吉田　裕,吉田　裕,内　消　皮　小,,平7. 12. 1,ika
診療所,32,0210484,医療法人おがわ耳鼻咽喉科,安来市飯島町５３１－１,0854-23-1187,医療法人　おがわ耳鼻咽喉科　理事長　小川　真滋,小川　真滋,耳い,,平13. 4. 1,ika
診療所,32,0210492,たわら眼科,安来市南十神町１７番地２,0854-23-7600,医療法人　たわら眼科　理事長　俵　稔長,俵　稔長,一般　眼,,平15. 12. 1,ika
診療所,32,0210500,杉原医院,安来市安来町８９８番地４,0854-23-1236,医療法人　杉原医院　理事長　杉原　整,杉原　整,内　循　呼　胃　小　皮　アレ,,平17. 3. 1,ika
診療所,32,0210518,杉原医院大塚分院,安来市大塚町３５７番地１５,0854-27-0888,医療法人　杉原医院　理事長　杉原　整,杉原　整,内　小,,平17. 3. 1,ika
診療所,32,0210534,野坂医院,安来市安来町１６３７,0854-22-2525,野坂　啓介,野坂　啓介,内　産婦,,平19. 3. 26,ika
診療所,32,0210559,家族・絆の吉岡医院,安来市安来町７８９番地１,0854-22-2065,医療法人吉生会　理事長　吉岡　宏記,吉岡　宏記,一般　一般　産　婦　小　内,7,平26. 4. 1,ika
診療所,32,0210567,医療法人　やました整形外科,安来市南十神町１７－１,0854-27-7250,医療法人　やました整形外科　理事長　山下　英樹,山下　英樹,整外　リハ,,平28. 2. 1,ika
診療所,32,0210575,ドクター中西　元気クリニック,安来市広瀬町布部７５８,0854-36-0009,中西　敏雄,中西　敏雄,内　他　小　ひ,,平29. 1. 1,ika
診療所,32,0210583,一般社団法人安来市医師会立　安来市医師会診療所,安来市伯太町安田１７００番地,0854-37-1511,一般社団法人　安来市医師会　会長　小川　真滋,成相　昭吉,一般　一般　内,,平30. 3. 1,ika
診療所,32,0210591,渡部医院,安来市安来町１１９５－７,0854-22-2486,医療法人渡部医院　理事長　渡部　和彦,渡部　和彦,内　胃　循　外　皮,,平30. 10. 17,ika
診療所,32,0210609,医療法人社団　やすぎ博愛クリニック,安来市安来町１２７８－５,0854-22-2180,医療法人社団やすぎ博愛クリニック　理事長　石部　裕一,山本　哲夫,内　糖尿病内科　呼内　整外　乳腺外科,,令2. 4. 1,ika
診療所,32,0210617,やすぎの皮ふ科,安来市飯島町２８９番１,0854-27-7755,堤　玲子,堤　玲子,皮　アレ　小児皮膚科　形外,,令5. 6. 1,ika
診療所,32,0210625,一般社団法人安来市医師会　井尻診療所,安来市伯太町井尻３－３,0854-37-1125,一般社団法人安来市医師会　会長　小川　真滋,成相　昭吉,内,,令6. 4. 1,ika
診療所,32,0210633,一般社団法人安来市医師会　赤屋診療所,安来市伯太町赤屋１１７－１,0854-38-0634,一般社団法人安来市医師会　会長　小川　真滋,成相　昭吉,内,,令6. 4. 1,ika
診療所,32,0210641,もりわきクリニック,安来市荒島町１７２８－６,0854-28-8635,社会医療法人昌林会　理事長　杉原　建,芦澤　信雄,内　消化器内科,,令7. 4. 1,ika
診療所,32,0210666,麦谷内科クリニック,安来市下坂田町３０８番地１,0854-22-1855,医療法人明慧会　理事長　肥後　拓磨,肥後　拓磨,内　循環器内科　小　皮　胃腸内科　脳外,,令7. 9. 1,ika
病院,32,0310011,出雲市立総合医療センター,出雲市灘分町６１３,0853-63-5111,出雲市　出雲市長　飯塚　俊之,佐藤　秀一,一般　療養　内　外　耳い　眼　産婦　小　整外　放　ひ　精　脳外　皮　消化器内科　循環器内科　リハ　神内,147,昭32. 7. 31,ika
診療所,32,0310334,医療法人松本医院,出雲市多久町８８５－１１,0853-62-3142,医療法人松本医院　理事長　松本　光喜,松本　光喜,内　胃,,平2. 10. 1,ika
診療所,32,0310375,医療法人吉翔会　吉直整形外科クリニック,出雲市西平田町２４２,0853-63-2020,医療法人吉翔会　理事長　吉直　正俊,吉直　正俊,整外　リハ　リウ　循　心外　神内,,平5. 11. 1,ika
診療所,32,0310417,及川医院,出雲市灘分町７０７－５,0853-63-3582,医療法人及川医院　理事長　及川　馨,及川　馨,小　内,,平6. 8. 1,ika
診療所,32,0310508,河原泌尿器科医院,出雲市西平田町８５番地,0853-62-9155,医療法人社団自進堂　理事長　河原　優,河原　優,ひ　皮　こう　外　内,,平9. 4. 1,ika
診療所,32,0310532,仲田医院,出雲市西平田町１４７番地,0853-63-1212,医療法人　平静会　理事長　仲田　浩之,仲田　浩之,内　循　小,,平13. 1. 1,ika
診療所,32,0310581,医療法人　新誠会　きさ内科　皮フ科クリニック,出雲市平田町７６０６,0853-63-7210,医療法人　新誠会　理事長　木佐　祐之,木佐　祐之,内　皮,,平16. 7. 1,ika
診療所,32,0310599,太田医院,出雲市国富町５０５－１,0853-62-2166,太田　哲也,太田　哲也,内　呼　循　外,,平16. 9. 14,ika
病院,32,0410068,医療法人同仁会海星病院,出雲市大津町３６５６の１,0853-21-3521,医療法人　同仁会　理事長　櫻井　照久,西田　朗,精神　内　精　神内,166,昭43. 4. 15,ika
病院,32,0410878,医療法人社団耕雲堂　小林病院,出雲市今市町５１０,0853-21-5230,医療法人社団耕雲堂　理事長　小林　祥泰,小林　祥也,療養　一般　内,,昭59. 2. 1,ika
診療所,32,0411058,恵寿診療所,出雲市神西沖町１３１４,0853-43-3202,北尾　昌子,藤野　尚子,内　外　整外,,昭60. 12. 16,ika
診療所,32,0411181,後藤内科医院,出雲市塩冶町９９２－３,0853-21-7111,後藤　戈示,後藤　戈示,内　消　循　小　リハ,,昭63. 12. 21,ika
診療所,32,0411207,医療法人　あべ医院,出雲市大津新崎町１丁目１８番地４,0853-21-3100,医療法人　あべ医院　理事長　福原　恵子,福原　恵子,内　小　他　消,,平元. 7. 1,ika
診療所,32,0411215,医療法人古瀬医院,出雲市稗原町２４９０－３,0853-48-0008,医療法人　古瀬医院　理事長　古瀨　祥之,古瀨　祥之,内　他,,平元. 7. 1,ika
診療所,32,0411223,医療法人社団林整形外科医院,出雲市姫原町１１４－３,0853-21-1758,医療法人社団　林整形外科医院　理事長　林　孝乾,林　孝乾,一般　整外　リハ,,平元. 8. 1,ika
診療所,32,0411256,医療法人社団　出雲整形外科クリニック,出雲市渡橋町１１４０－１,0853-23-6100,医療法人社団　出雲整形外科クリニック　理事長　舟木　昌美,舟木　幹雄,整外　形外　皮　リハ　リウ,,平元. 11. 1,ika
診療所,32,0411280,医療法人　江口内科医院,出雲市塩冶有原町６丁目４３番地,0853-23-3166,医療法人　江口内科医院　理事長　江口　春樹,江口　春樹,内,,平元. 11. 1,ika
診療所,32,0411306,医療法人外科内科山尾医院,出雲市大津町１０９９番地５,0853-23-0520,医療法人　外科内科山尾医院　理事長　山尾　哲彦,山尾　哲彦,一般　外　消　内　整外　皮ひ　こう　リハ,,平2. 1. 1,ika
診療所,32,0411330,医療法人　おざさクリニック,出雲市渡橋町８５７,0853-23-6787,医療法人　おざさクリニック　理事長　小笹　亮太郎,小笹　亮太郎,内　血液内科　漢方内科　皮,,平2. 4. 1,ika
診療所,32,0411348,医療法人社団　松陽台佐藤クリニック,出雲市白枝町９８８－１,0853-23-5883,医療法人社団　松陽台佐藤クリニック　理事長　佐藤　太聰,佐藤　太聰,一般　産　婦　内,,平2. 5. 1,ika
診療所,32,0411363,医療法人社団　堀江内科呼吸器科医院,出雲市今市町北本町１丁目８番地２１,0853-21-0067,医療法人社団　堀江内科呼吸器科医院　理事長　若林　規良,若林　規良,内　呼　アレ,,平3. 1. 1,ika
診療所,32,0411413,医療法人社団どれみクリニック　福代皮膚科,出雲市塩冶町１５２３－２,0853-21-1262,医療法人社団どれみクリニック　理事長　福代　新治,福代　新治,皮,,平3. 9. 1,ika
診療所,32,0411447,医療法人遠藤クリニック,出雲市渡橋町３２５－３,0853-23-2021,医療法人　遠藤クリニック　理事長　遠藤　正博,遠藤　正博,一般　内　呼　アレ　消　循　リハ,,平4. 1. 1,ika
診療所,32,0411488,医療法人須谷医院,出雲市所原町６０,0853-48-0210,医療法人　須谷医院　理事長　須谷　顕尚,須谷　生男,内　外,,平4. 7. 1,ika
診療所,32,0411496,医療法人社団出雲中央クリニック,出雲市塩冶町２１２３－２,0853-22-5552,医療法人社団　出雲中央クリニック　理事長　宮脇　哲丸,宮脇　哲丸,一般　胃　外　こう,,平4. 7. 1,ika
診療所,32,0411520,竹下内科医院,出雲市大津新崎町４－３２,0853-22-0202,竹下　正弘,竹下　正弘,内　消　循　他　心内　アレ　神内　小　皮,,平4. 10. 27,ika
診療所,32,0411546,医療法人園山医院,出雲市東林木町８８８－２,0853-22-8555,医療法人　園山医院　理事長　園山　隆之,園山　隆之,内　胃腸内科,,平4. 12. 1,ika
診療所,32,0411553,医療法人　知井宮堀江医院,出雲市知井宮町８３４,0853-21-0918,医療法人　知井宮堀江医院　理事長　堀江　卓史,堀江　卓史,内　小　麻,,平4. 12. 1,ika
診療所,32,0411603,みはら眼科皮膚科,出雲市今市町３１５－１,0853-23-5005,医療法人みはら眼科皮膚科　理事長　三原　正義,三原　正義,一般　眼　皮,,平6. 8. 1,ika
診療所,32,0411611,ふくやま眼科,出雲市渡橋町９９３－４,0853-25-2255,医療法人ふくやま眼科　理事長　福山　順一郎,福山　順一郎,一般　眼,,平6. 8. 1,ika
診療所,32,0411645,秦医院,出雲市西園町３３１－１,0853-28-0117,医療法人　秦医院　理事長　秦　正,秦　正,内　小,,平6. 11. 1,ika
診療所,32,0411686,乙立里家診療所,出雲市乙立町３１３６,0853-45-0106,出雲市　出雲市長　飯塚　俊之,佐藤　秀一,内,,平7. 7. 1,ika
診療所,32,0411710,瀬島医院,出雲市塩冶有原町２丁目１番地,0853-21-6622,瀬島　教見,瀬島　教見,内　消　外　こう,,平8. 6. 17,ika
診療所,32,0411744,槇野クリニック,出雲市中野美保北三丁目５番地５,0853-23-7555,医療法人忠恕会　理事長　槇野　富夫,槇野　富夫,内　消　循　小　呼,,平8. 8. 1,ika
診療所,32,0411751,医療法人　シンフォニア　かわすみクリニック,出雲市塩冶町１５５９番地１４,0853-25-2111,医療法人シンフオニア　理事長　川角　博規,川角　博規,胃　内　外　こう　麻,,平8. 8. 1,ika
診療所,32,0411769,医療法人エスポアール出雲クリニック,出雲市小山町３６１番地２,0853-21-9779,医療法人エスポアール出雲クリニック　理事長　高橋　幸男,高橋　幸男,精　心内,,平8. 8. 1,ika
診療所,32,0411793,おおつかクリニック,出雲市大塚町７４７－１,0853-22-3211,医療法人おおつかクリニック　理事長　鈴木恵子,鈴木　恵子,内　循環器内科　人工透析内科,,平9. 1. 1,ika
診療所,32,0411801,なかじま眼科,出雲市大津町１７３６－１,0853-25-2828,中島　典子,中島　典子,眼,,平9. 7. 7,ika
診療所,32,0411827,医療法人社団岡倉会高鳥クリニック,出雲市武志町７３４番地１,0853-25-2211,医療法人社団岡倉会　理事長　高鳥　佳昌,高鳥　佳昌,内　呼　麻　整外　リハ　放　眼　消化器内科,,平9. 9. 1,ika
診療所,32,0411835,医療法人　山本眼科,出雲市松寄下町１４７８番地２,0853-28-2878,医療法人山本眼科　理事長　山本　由香里,山本　由香里,眼,,平9. 9. 1,ika
診療所,32,0411843,医療法人社団芦沢医院,出雲市塩冶町８５２,0853-22-8228,医療法人社団　芦沢医院　理事長　芦澤　隆夫,芦澤　隆夫,小　内,,平9. 11. 1,ika
診療所,32,0411884,ふじのクリニック,出雲市今市町北本町２－３－５,0853-24-3387,藤野　有弘,藤野　有弘,耳い　アレ,,平10. 4. 11,ika
診療所,32,0411892,伊藤医院,出雲市神西沖町字原２０７６,0853-43-1111,医療法人伊藤医院　理事長　伊藤　新平,伊藤　新平,内　呼吸器内科　循環器内科　小　神内　整外,,平11. 1. 1,ika
診療所,32,0411983,深田医院,出雲市高岡町５３－１,0853-22-8824,深田医院　理事長　來海　壮志,來海　壮志,内　神内　リハ,,平11. 5. 1,ika
診療所,32,0411991,すぎうら医院,出雲市今市町北本町２丁目８番地３,0853-23-6669,医療法人医純会　理事長　杉浦　弘明,杉浦　弘明,内　循　リウ,,平11. 6. 1,ika
病院,32,0412015,島根県立中央病院,出雲市姫原四丁目１番地１,0853-22-5111,島根県　島根県病院事業管理者　山口　修平,小阪　真二,一般　精神　一般（感染）　内　神内　呼　消　循　小　外　整外　形外　脳外　呼外　心外　皮　ひ　産婦　眼　耳い　リハ　放　麻　アレ　歯　消化器外科　病理　精神神経科,526,平11. 7. 30,ika
診療所,32,0412023,医療法人　相川耳鼻咽喉科医院,出雲市小山町２６９番地１,0853-25-3387,医療法人相川鼻咽喉科医院　理事長　相川　義智,相川　義智,耳い,,平11. 11. 1,ika
診療所,32,0412049,打田耳鼻咽喉科医院,出雲市塩冶神前５丁目２番１８号,0853-24-1678,医療法人打田耳鼻咽喉科医院　理事長　打田　理成,打田　理成,耳い,,平12. 2. 12,ika
診療所,32,0412056,医療法人嘉村医院,出雲市上島町１０２５,0853-48-0666,医療法人嘉村医院　理事長　嘉村　正徳,嘉村　正徳,内　リウ　消化器内科　糖尿病内科,,平12. 3. 4,ika
診療所,32,0412114,児玉医院,出雲市西神西町５１５番地,0853-43-1365,児玉　啓介,児玉　啓介,内　外　整外,,平13. 1. 19,ika
診療所,32,0412122,なかたに耳鼻咽喉科医院,出雲市大島町２１番地３,0853-43-2234,医療法人　美玲会　理事長　仲谷　茂,仲谷　茂,耳い,,平13. 8. 1,ika
診療所,32,0412189,医療法人　板垣医院,出雲市里方町８７２番地,0853-21-1772,医療法人　板垣医院　板垣　哲朗,板垣　哲朗,内　小　胃,,平15. 1. 1,ika
診療所,32,0412197,今岡皮膚科クリニック,出雲市知井宮町１３７９番地６,0853-30-6277,医療法人　千登会　理事長　今岡　かおる,今岡　かおる,皮　神内　小　整外　内,,平15. 3. 1,ika
診療所,32,0412247,日本ホリスティッククリニック佐々木医院,出雲市塩冶善行町１４－１,0853-25-1311,星野　元,星野　元,心内　精　リハ　内　アレ　他,,平16. 3. 1,ika
診療所,32,0412338,医療法人仁和会　白枝小児科,出雲市白枝町８８９番地１,0853-25-2110,医療法人仁和会　理事長　石橋　和人,石橋　和人,小　内,,平17. 1. 1,ika
診療所,32,0412361,出雲休日・夜間診療所,出雲市塩冶善行町１番地,0853-22-5543,出雲市　出雲市長　飯塚　俊之,芦澤　隆夫,小　内,,平17. 3. 13,ika
診療所,32,0412379,竹内クリニック,出雲市塩冶町１４６６－１,0853-23-8686,竹内　隆,竹内　隆,精　神　心内,,平17. 4. 1,ika
診療所,32,0412387,医療法人同仁会あさひクリニック,出雲市塩冶町９５０－２,0853-20-1058,医療法人　同仁会　理事長　櫻井　照久,糸賀　基,精　心内,,平17. 4. 11,ika
診療所,32,0412395,いまむら耳鼻咽喉科医院,出雲市国富町８３３－１０,0853-63-4133,医療法人社団　駿優会　理事長　今村　隆久,今村　隆久,耳い　アレ,,平17. 6. 1,ika
病院,32,0412403,医療法人壽生会　寿生病院,出雲市上塩冶町２８６２番地１,0853-24-2160,医療法人　壽生会　理事長　宮本　晋吾,奥田　淳三,療養　療養　内　神内　整外　リウ　リハ　呼内　精,239,平17. 6. 7,ika
診療所,32,0412411,そうみやクリニック,出雲市渡橋町７３０－１,0853-22-0333,宗宮　基,宗宮　基,内　内分泌内科　糖尿病内科　代謝内科,,平17. 11. 1,ika
診療所,32,0412437,わたなべこどもレディースクリニック,出雲市武志町８３６番地３,0853-30-8020,医療法人わたなべこどもレディースクリニック　理事長　渡邊　浩,渡邊　浩,小　婦　アレ,,平18. 1. 1,ika
診療所,32,0412445,医療法人　あいあいクリニック,出雲市塩冶町１４０８番地７０,0853-22-0022,医療法人　あいあいクリニック　理事長　山﨑　俊樹,山﨑　俊樹,脳外　放　内　リハ　心内,,平18. 2. 1,ika
診療所,32,0412460,手納医院,出雲市小山町３００－３,0853-22-6660,手納　信一,手納　信一,内　小　眼,,平18. 4. 1,ika
診療所,32,0412486,ますだ眼科クリニック,出雲市塩冶神前４丁目６番４号,0853-30-0505,枡田　尚,枡田　尚,一般　眼,,平18. 4. 18,ika
診療所,32,0412502,にしこおり耳鼻咽喉科クリニック,出雲市大津新崎町２－２３,0853-30-0333,錦織　朋之,錦織　朋之,耳い　皮　アレ,,平18. 11. 1,ika
診療所,32,0412510,江田クリニック産婦人科,出雲市大津町２６０番地,0853-30-7888,医療法人江田クリニック　理事長　江田　芳美,江田　芳美,一般　産婦,,平19. 3. 1,ika
病院,32,0412528,出雲市民病院,出雲市塩冶町１５３６ー１,0853-21-2722,出雲医療生活協同組合　理事長　象谷　幸正,高橋　賢史,一般　内　消　循　神内　腎臓内科　外　整外　リハ　放　麻　耳い　眼　ひ　皮,180,平19. 4. 1,ika
病院,32,0412536,出雲市民リハビリテーション病院,出雲市知井宮町２３８,0853-21-2733,出雲医療生活協同組合　理事長　象谷　幸正,石田　徹,一般　療養　内　リハ　小,,平19. 4. 1,ika
診療所,32,0412544,大曲診療所,出雲市大津町１９４１,0853-21-1186,出雲医療生活協同組合　理事長　象谷　幸正,能美　雅之,内　小　外,,平19. 4. 1,ika
診療所,32,0412569,クリニックかんど,出雲市西新町２丁目２４５７番地７,0853-25-2552,医療法人　かんど会　理事長　藤田　委由,藤田　委由,内,,平19. 7. 1,ika
診療所,32,0412577,きむらこどもファミリークリニック,出雲市西新町１丁目２５４８番地９,0853-20-0903,医療法人　きむらこどもファミリークリニック　理事長　木村　正彦,木村　正彦,小　内,,平19. 7. 1,ika
診療所,32,0412601,三原医院,出雲市今市町１６０５,0853-21-0284,三原　崇文,三原　崇文,一般　一般　内　消　ひ　産婦　眼,1,平19. 10. 31,ika
病院,32,0412619,島根県立こころの医療センター,出雲市下古志町１５７４－４,0853-30-0556,島根県　病院事業管理者　山口　修平,挾間　玄以,精神　精　心内　児童・思春期精神科,224,平20. 2. 1,ika
診療所,32,0412627,塩津診療所,出雲市塩津町７８番地３,0853-66-1300,出雲市　出雲市長　飯塚　俊之,大家　隆晴,内,,平20. 2. 1,ika
診療所,32,0412668,はしもと内科クリニック,出雲市今市町藤ヶ森２０７４,0853-25-0211,橋本　朋之,橋本　朋之,内　消,,平20. 6. 1,ika
診療所,32,0412700,佐田診療所,出雲市佐田町反辺１３７０－９,0853-84-0410,土谷　治久,土谷　治久,内　神内　小,,平20. 12. 10,ika
診療所,32,0412726,はら呼吸器内科クリニック,出雲市姫原三丁目５番７,0853-25-7455,原　克之,原　克之,内　呼内,,平21. 7. 1,ika
診療所,32,0412734,つむらファミリークリニック　くみ小児科,出雲市渡橋町８５８番地１,0853-23-9393,医療法人つむらファミリークリニック　理事長　津村　弘人,津村　久美,小　内,,平21. 8. 1,ika
診療所,32,0412742,医療法人　姫野クリニック,出雲市塩冶町１０６９番地,0853-20-2566,医療法人　姫野クリニック　理事長　和田　幸弘,和田　幸弘,ひ　内,,平21. 9. 28,ika
診療所,32,0412759,えだクリニック整形外科リハビリテーション科,出雲市今市町藤ヶ森２０７４番地,0853-25-0210,医療法人　江田クリニック　理事長　江田　芳美,江田　有史,整外　リハ　放,,平22. 5. 1,ika
診療所,32,0412775,在宅診療所いずも,出雲市下古志町７１３－１,0853-24-8151,社団医療法人　つたや会　理事長　宮本　寛,宮本　寛,内　麻,,平22. 10. 1,ika
診療所,32,0412783,渡辺眼科医院,出雲市大津町１１０１－２,0853-21-0198,渡邊　達磨,渡邊　達磨,眼,,平22. 12. 6,ika
診療所,32,0412791,医院,出雲市渡橋町９２０番地１,0853-30-6077,医療法人　晴善会　理事長　　博二郎,　博二郎,ひ　外　内　リハ　麻,,平23. 4. 1,ika
診療所,32,0412841,錦織整形外科医院,出雲市大津新崎町６丁目３６番地,0853-22-1133,錦織　哲也,錦織　哲也,整外,,平25. 3. 1,ika
診療所,32,0412858,まつざきクリニック,出雲市姫原４丁目１０番地２,0853-31-7700,医療法人松﨑クリニック　理事長　松　太志,松　太志,精　心内　内,,平25. 4. 1,ika
診療所,32,0412882,たけだファミリークリニック,出雲市神西沖町１４５５－１,0853-43-3355,武田　仁志,武田　仁志,内　小　他,,平25. 11. 7,ika
診療所,32,0412908,石川脳神経内科医院,出雲市上塩冶町１６３０番地,0853-27-9056,石川　厚,石川　厚,神内　内,,平26. 7. 1,ika
診療所,32,0412924,加藤医院,出雲市今市町北本町一丁目７－５,0853-21-5520,加藤　裕司,加藤　裕司,内　神内,,平27. 1. 1,ika
診療所,32,0412940,髙垣皮膚科クリニック,出雲市東園町４９８番地,0853-28-1221,髙垣　謙二,髙垣　謙二,皮,,平27. 4. 1,ika
診療所,32,0412957,かつべ眼科クリニック　平田分院,出雲市平田町１５８１,0853-31-7311,勝部　透,勝部　透,眼,,平27. 11. 5,ika
診療所,32,0412965,医療法人社団　ｇｒａｓｓｂａｍｂｏｏ　形成外科皮膚科　草竹クリニック,出雲市上塩冶町２６６３番１号,0853-81-1151,医療法人社団　ｇｒａｓｓｂａｍｂｏｏ　理事長　草竹　兼司,草竹　兼司,形外　皮,,平28. 1. 1,ika
診療所,32,0412973,豆の木在宅診療所,出雲市浜町５３６－３,0853-24-7336,美川　達郎,美川　達郎,内　呼内,,平28. 2. 1,ika
診療所,32,0412981,すたに呼吸器内科クリニック,出雲市塩冶神前２丁目１番２２号,0853-25-1159,医療法人　須谷医院　理事長　須谷　顕尚,須谷　顕尚,内　呼内　アレ,,平28. 5. 1,ika
診療所,32,0412999,公益財団法人　ヘルスサイエンスセンター島根,出雲市塩冶町２２３－７,0853-22-9343,公益財団法人　ヘルスサイエンスセンター島根　理事長　吉川　敏彦,牧野　由美子,内,,平28. 11. 1,ika
診療所,32,0413013,福田整形外科医院,出雲市大津新崎町一丁目５１番地３,0853-22-5811,医療法人幸和会　理事長　福田　幸久,福田　幸久,整外　外　リハ　リウ,,平29. 5. 1,ika
診療所,32,0413021,さとうクリニック,出雲市平田町９８９－１,0853-62-4311,医療法人さとうクリニック　理事長　佐藤　正保,佐藤　正保,神内　内　小　精,,平29. 9. 1,ika
診療所,32,0413039,不登校／こどもと大人の漢方・心療内科　出雲いいじまクリニック,出雲市大社町杵築東４５４,0853-25-8724,飯島　慶郎,飯島　慶郎,精　漢方内科　心内,,平29. 10. 1,ika
診療所,32,0413054,いづも八咫クリニック,出雲市中野美保南２丁目１－５,0853-25-2688,高橋　也尚,高橋　也尚,内　婦　皮　疼痛緩和内科　漢方内科,,平30. 2. 1,ika
診療所,32,0413070,ひゃくどみクリニック,出雲市上塩冶町１４２－１,0853-21-0130,百留　美樹,百留　美樹,他,,平30. 10. 1,ika
診療所,32,0413088,佐藤内科クリニック,出雲市古志町１１０７番地１,0853-24-7766,医療法人社団秀医会　理事長　佐藤　秀俊,佐藤　秀俊,内　循環器内科　糖尿病内科　呼内,,平31. 3. 1,ika
診療所,32,0413096,かつべ眼科クリニック,出雲市大津朝倉３丁目５－３　朝倉クリニックモール,0853-25-0212,勝部　透,勝部　透,眼,,令元. 8. 1,ika
診療所,32,0413104,とうぎ皮フ科クリニック,出雲市大津新崎町一丁目６４番地,0853-22-9765,医療法人とうぎ皮フ科クリニック　理事長　難波　未央,難波　未央,皮　アレ,,令元. 10. 7,ika
診療所,32,0413112,かなざわ内科　糖尿病・骨粗しょう症クリニック,出雲市塩冶町９９０－２－１,0853-25-1052,金沢　一平,金沢　一平,内　糖尿病内科　内分泌内科　老年内科,,令2. 4. 1,ika
診療所,32,0413120,きたほんまちクリニック,出雲市今市町北本町５丁目３－６,0853-25-7582,三原　卓巳,三原　卓巳,心内　精,,令2. 5. 1,ika
診療所,32,0413138,とよだ内科頭痛クリニック,出雲市渡橋町３７０－３,0853-25-8833,医療法人　とよだ内科頭痛クリニック　理事長　豊田　元哉,豊田　元哉,内　神内　心内　漢方内科,,令2. 8. 1,ika
診療所,32,0413153,医療法人社団　牧野内科医院,出雲市西平田町５７－１,0853-63-2851,医療法人社団　牧野内科医院　理事長　牧野　昭雄,牧野　昭雄,内　呼吸器内科,,令2. 11. 1,ika
診療所,32,0413161,みもりキッズ・ファミリークリニック,出雲市小山町４４２番地２,0853-25-8860,医療法人みもりキッズ・ファミリークリニック　理事長　大森　憲明,大森　憲明,小,,令3. 5. 1,ika
診療所,32,0413179,須佐クリニック,出雲市今市町南本町２７番地５,0853-24-9191,医療法人　須佐クリニック　理事長　須佐　建央,須佐　建央,内　循環器内科　脳内,,令3. 5. 1,ika
診療所,32,0413187,永岡内科医院,出雲市塩冶町１１５６,0853-31-9963,永岡　真,永岡　真,内　消化器内科　内視鏡内科　糖尿病内科　循環器内科,,令3. 10. 1,ika
診療所,32,0413203,医大前クリニック,出雲市塩冶神前１丁目７番７号,0853-31-8880,飛田　憲彦,飛田　憲彦,心内　精　皮,,令4. 4. 1,ika
診療所,32,0413211,青木整形外科医院,出雲市大社町北荒木１０９２－４,0853-53-5535,青木　陽,青木　陽,整外　リハ,,令4. 4. 1,ika
診療所,32,0413229,まんだクリニック,出雲市万田町５３６番地１,0853-25-9290,社会福祉法人　ほのぼの会　理事長　土江　宣行,雫　稔弘,内　消化器内科,,令4. 5. 9,ika
診療所,32,0413237,河端循環器内科医院,出雲市塩冶町１５６５－１,0853-30-6070,医療法人　出雲すずかけ会　理事長　河端　哲也,河端　哲也,内　循環器内科　麻,,令4. 4. 1,ika
診療所,32,0413245,出雲漢方クリニック,出雲市今市町７３６－１１,070-5525-0080,宮本　信宏,宮本　信宏,内　外,,令4. 6. 1,ika
診療所,32,0413260,れんげ在宅クリニック,出雲市大津町５８１,0853-21-8739,花田　梢,花田　梢,内科　疼痛緩和内科　緩和ケア内科,,令5. 5. 1,ika
診療所,32,0413278,伊藤眼科医院,出雲市平田町１３６２－１,0853-63-2195,伊藤　若美,伊藤　若美,眼,,令5. 9. 12,ika
診療所,32,0413294,おおた皮膚科クリニック,出雲市斐川町直江４９２５番地１,0853-72-1112,医療法人　おおた皮膚科クリニック　理事長　太田　征孝,太田　征孝,皮,,令6. 2. 1,ika
診療所,32,0413302,北陽クリニック,出雲市荻杼町３２７番地２,0853-22-7111,医療法人北陽クリニック　理事長　大内　啓司,大内　啓司,整外　循環器内科　内　リハ　リウ,,令6. 2. 1,ika
診療所,32,0413310,おおつ内科クリニック,出雲市大津町１７０８番地９,0853-25-7800,医療法人おおつ内科クリニック　理事長　古田　賢司,古田　賢司,内　消化器内科,,令6. 3. 1,ika
診療所,32,0413328,あさやま内科クリニック,出雲市松寄下町１８９２－２,0853-22-3360,朝山　康祐,朝山　康祐,内　脳内　糖尿病内分泌内科,,令6. 5. 1,ika
診療所,32,0413336,たまがわ内科クリニック,出雲市斐川町上直江３５３６,0853-27-9850,医療法人Ｙ２Ｔ２Ｅ　理事長　玉川　祐司,玉川　祐司,内　消化器内科　内視鏡内科,,令6. 5. 1,ika
診療所,32,0413344,みずいクリニック　眼科・美容皮膚科,出雲市斐川町上直江３２３０,0853-31-5321,水井　徹,水井　徹,眼　美容皮膚科,,令6. 11. 1,ika
診療所,32,0413351,小山皮膚科クリニック,出雲市小山町２６９－４,0853-25-7212,中川　優生,中川　優生,皮,,令7. 2. 1,ika
診療所,32,0413369,どれみこどもとアレルギーのクリニック,出雲市塩冶町１３５１番地１,0853-21-1262,医療法人社団どれみクリニック　理事長　福代　新治,羽根田　泰宏,小　アレ,,令7. 5. 1,ika
診療所,32,0413377,ふちわき耳鼻咽喉科クリニック,出雲市稲岡町６０７番地３,0853-30-1133,医療法人ふちわき耳鼻咽喉科クリニック　理事長　淵脇　貴史,淵脇　貴史,耳い,,令7. 5. 1,ika
診療所,32,0413385,もものき内科クリニック,出雲市芦渡町９８９－１,0853-31-8035,太田　美和,太田　美和,内　糖尿病内科　内分泌内科　婦　美容皮膚科,,令7. 10. 1,ika
診療所,32,0413393,たばら医院,出雲市斐川町神氷２７９２,0853-77-2233,田　英樹,田　英樹,内　外,,令8. 3. 5,ika
診療所,32,0413401,レタスクリニック,出雲市斐川町荘原１３６,0853-31-5166,森　隆治,森　隆治,整外,,令8. 6. 1,ika
病院,32,0510024,医療法人恵和会石東病院,大田市大田町大田イ８６０番地３,0854-82-1035,医療法人　恵和会　理事長　橘　紀之,安田　英彰,精神　精,168,昭35. 3. 9,ika
診療所,32,0510685,医療法人社団慶生会　生越整形外科クリニック,大田市大田町大田イ２６３－８,0854-82-6161,医療法人社団　慶生会　理事長　生越　英二,田中　敦子,整外　リハ　リウ,,平元. 9. 1,ika
診療所,32,0510735,医療法人社団　福田医院,大田市波根町字古川２０２８,08548-5-8526,医療法人社団福田医院　理事長　福田　一雄,福田　直樹,一般　内　小　消化器内科　循環器内科,,平2. 10. 1,ika
診療所,32,0510768,合原医院,大田市大田町大田イ１９０,08548-2-1737,医療法人社団合原医院　理事長　合原　儀行,合原　儀行,内　胃　小　リハ,,平3. 7. 1,ika
診療所,32,0510776,医療法人社団合原医院鳥井診療所,大田市鳥井町鳥井１８５－４,08548-4-8201,医療法人社団合原医院　理事長　合原　儀行,合原　儀行,内　胃　小　リハ,,平3. 7. 1,ika
診療所,32,0510818,医療法人社団橘林堂　川上医院吉永出張所,大田市川合町吉永１０４２－７,080-6328-5703,医療法人社団　橘林堂　理事長　川上　興一,川上　興一,内　消　循　小,,平4. 10. 1,ika
診療所,32,0510875,医療法人社団橘林堂　川上医院,大田市川合町川合字比之郷１２４２番地１,08548-2-0296,医療法人社団　橘林堂　川上医院　理事長　川上　興一,川上　興一,内　小　循　消,,平9. 5. 1,ika
病院,32,0510891,大田市立病院,大田市大田町吉永１４２８－３,0854-82-0330,大田市　大田市長　楫野　弘和,西尾　祐二,一般　一般（感染）　療養　内　精　神内　呼内　消　循　小　外　整外　脳外　呼外　心外　皮　ひ　産婦　眼　耳い　放　麻　リハ　形外,184,平11. 2. 1,ika
診療所,32,0511030,上垣医院,大田市大田町大田イ３１９番地１,0854-82-0270,医療法人社団　賢宏会　理事長　上垣　賢,上垣　賢,一般　整外　胃　リハ,,平13. 11. 16,ika
診療所,32,0511063,大田呼吸循環クリニック,大田市大田町大田ハ１４５,0854-82-0036,中島　秀嗣,中島　秀嗣,一般　内　呼吸器内科　循環器内科　消化器内科,,平14. 5. 13,ika
診療所,32,0511071,わだ耳鼻咽喉科医院,大田市大田町大田イ２００番地３,0854-84-0800,医療法人　わだ耳鼻咽喉科医院　理事長　和田　昌弘,和田　昌弘,耳い,,平16. 4. 1,ika
診療所,32,0511097,医療法人　大田姫野クリニック,大田市大田町大田イ１４番地２,0854-84-0788,医療法人　姫野クリニック　理事長　和田　幸弘,　昌晃,ひ,,平19. 4. 1,ika
診療所,32,0511105,医療法人社団摯静会　やまうち内科,大田市長久町長久ロ２２５番地５,0854-84-0707,医療法人社団摯静会　やまうち内科　理事長　山内　克実,山内　克実,内　小,,平19. 8. 1,ika
診療所,32,0511139,須田医院,大田市仁摩町仁万８６２番地１,0854-88-2124,医療法人　弘生堂　理事長　須田道雄,須田　道雄,内　小　心内,,平21. 4. 13,ika
診療所,32,0511147,医療法人銀泉会湯里診療所,大田市温泉津町湯里１６４２番１,0854-88-9030,医療法人銀泉会　理事長　井上　幹也,井上　幹也,内　小　小外,,平21. 10. 1,ika
診療所,32,0511154,木島医院,大田市久手町刺鹿２７３２,0854-82-8527,木島　良民,木島　良民,小　消　循　内,,平21. 10. 31,ika
診療所,32,0511188,医療法人　郷原医院,大田市久利町久利７２６番地４,0854-82-0817,医療法人　郷原医院　理事長　福田　亮,福田　亮,一般　一般　内　小　肝臓・消化器内科　呼内　内視鏡内科,,平23. 10. 1,ika
診療所,32,0511204,本田皮膚科医院,大田市大田町大田ロ１０３１－６,0854-83-7788,本田　栄,本田　栄,皮,,平24. 5. 1,ika
診療所,32,0511220,医療法人社団悠伸会　うめがえ内科クリニック,大田市大田町大田ロ１１８６番地２,0854-83-7800,医療法人社団悠伸会　理事長　梅枝　伸行,梅枝　伸行,内　神内　他　心内,,平26. 9. 1,ika
診療所,32,0511295,ふじわら眼科クリニック,大田市大田町大田ロ１１８１番地２,0854-86-8131,医療法人優翔会　理事長　藤原　裕丈,藤原　裕丈,一般　一般　眼,3,令2. 3. 1,ika
診療所,32,0511303,大田市国民健康保険池田診療所,大田市三瓶町池田２２６７－１,0854-83-3084,大田市　大田市長　楫野　弘和,西尾　祐二,内　循　小,,令2. 4. 1,ika
診療所,32,0511311,昭和医院,大田市大田町大田イ１２７,0854-82-3492,医療法人社団　Ｓｈｏｗａ　理事長　合原　大博,合原　大博,内　消化器内科,,令4. 9. 1,ika
診療所,32,0511329,しみず眼科,大田市大田町大田イ１９２－１５,0854-86-8830,清水　律子,清水　律子,眼,,令5. 5. 10,ika
診療所,32,0511337,こまめクリニック,大田市大田町大田ロ８１４－３,0854-86-8897,福田　理子,福田　理子,内　脳外,,令5. 10. 1,ika
診療所,32,0511345,石田医院,大田市大田町大田ハ－９１,0854-82-1160,石田　周幸,石田　周幸,消化器内科　内　循環器内科　小,,令6. 9. 1,ika
診療所,32,0511352,石田医院　山口診療所,大田市山口町山口１１８１－１,0854-86-0478,石田　周幸,石田　周幸,消化器内科　内　循環器内科　小,,令6. 9. 1,ika
診療所,32,0511360,温泉津こどもクリニック,大田市温泉津町温泉津ロ１３５－３,0855-65-4668,小栁津　裕子,小栁津　裕子,小,,令6. 11. 1,ika
病院,32,0610030,社会福祉法人　島根整肢学園　西部島根医療福祉センター,江津市渡津町１９２６番地,0855-52-2442,社会福祉法人　島根整肢学園　理事長　木原　清,中寺　尚志,一般　療養　療養　整外　小　耳い　内　皮　リハ　歯外　リウ　循環器内科　神内　外　小外　糖尿病内科　消化器内科　小児脳神経外科,56,昭35. 9. 1,ika
診療所,32,0610428,もりとう内科クリニック,江津市江津町１２８５,0855-52-2057,森藤　一明,森藤　一明,内　小,,昭56. 5. 28,ika
診療所,32,0610550,医療法人明愛会鈴木内科眼科医院,江津市和木町５３２－１２,0855-52-3739,医療法人明愛会　理事長　鈴木　忠子,鈴木　忠子,一般　内　眼　皮　神内,,平2. 6. 5,ika
診療所,32,0610576,医療法人社団花田医院波積診療所,江津市波積町本郷３２５－１,0855-55-0125,医療法人社団花田医院　理事長　花田　有二,花田　有二,内　循　小,,平2. 7. 1,ika
診療所,32,0610584,医療法人社団花田医院浅利分院,江津市浅利町８４３－１,0855-55-1002,医療法人社団花田医院　理事長　花田　有二,花田　有二,内　循　小,,平2. 7. 1,ika
診療所,32,0610592,医療法人恒仁会山脇整形外科医院,江津市和木町６０９番地１６,0855-52-5530,医療法人恒仁会　理事長　山脇　州裕,山脇　州裕,整外　リハ　リウ,,平3. 9. 1,ika
診療所,32,0610626,医療法人心和会船津内科医院,江津市嘉久志町イ１２２０－４,0855-52-3203,医療法人　心和会　理事長　舩津　康裕,舩津　康裕,内　消,,平4. 7. 1,ika
診療所,32,0610642,国沢内科医院,江津市都野津町１９７２－１,0855-53-0324,医療法人社団爽治会　理事長　山東　哲夫,佐藤　正人,内　小　放,,平6. 8. 1,ika
診療所,32,0610675,医療法人社団花田医院,江津市後地町３０２３,0855-55-0005,医療法人社団花田医院　理事長　花田　有二,花田　有二,内　循　小,,平9. 5. 1,ika
診療所,32,0610733,もりとう内科松平診療所,江津市松川町市村６５８番地,0855-57-0050,森藤　一明,森藤　一明,内　小,,平13. 5. 15,ika
病院,32,0610758,島根県済生会江津総合病院,江津市江津町１０１６番地３７,0855-54-0101,社会福祉法人恩賜財団済生会島根県済生会支部　支部長　木村　清志,中澤　芳夫,一般　療養　内　神内　呼　消　循　小　整外　脳外　皮　ひ　産婦　眼　耳い　リハ　腎臓内科　精　外　糖尿・内分泌科,112,平18. 6. 1,ika
診療所,32,0610766,井廻医院,江津市嘉久志町イ１４９４番地９,0855-52-2307,井廻　宏,井廻　宏,内　胃,,平19. 8. 14,ika
診療所,32,0610774,有福クリニック,江津市有福温泉町５４６番地,0855-56-0234,佐々木　晋,佐々木　晋,内　外　整外,,平22. 1. 1,ika
診療所,32,0610790,船津内科川戸クリニック,江津市桜江町川戸１７８番地１,0855-92-8010,医療法人心和会　理事長　舩津　康裕,舩津　和夫,内,,平22. 5. 1,ika
診療所,32,0610816,びおら小児科,江津市敬川町２９０－１,0855-53-5355,医療法人すみれ小児科　理事長　瀧川　弘敏,瀧川　弘敏,小　アレ,,平23. 3. 3,ika
診療所,32,0610824,つのづ内科循環器,江津市都野津町２３６３－３８,0855-53-1100,國澤　良嗣,國澤　良嗣,内　他,,平24. 7. 2,ika
診療所,32,0610840,おかだファミリークリニック,江津市都野津町２３７９－３,0855-52-7899,岡田　浩文,岡田　浩文,内　他,,平28. 9. 1,ika
診療所,32,0610857,敬川沖田クリニック,江津市敬川町２９６－６,0855-53-0050,医療法人泰和会　理事長　沖田　泰平,沖田　泰平,内　麻　外　整外　リハ,,平30. 8. 1,ika
診療所,32,0610881,花田クリニック,江津市嘉久志町イ６６８番１９,0855-52-7722,医療法人　花田クリニック　理事長　花田　昌也,花田　昌也,内　腎臓内科　人工透析科　ひ,,令4. 1. 1,ika
診療所,32,0610899,いわみ眼科クリニック,江津市嘉久志町イ６８０番,0855-54-0003,原　克典,原　克典,一般　眼,5,令5. 8. 1,ika
病院,32,0710038,社会医療法人清和会西川病院,浜田市港町２９３－２,0855-22-2390,社会医療法人　清和会　理事長　西川　輝男,松本　貴久,精神　内　精　神,402,昭32. 9. 14,ika
診療所,32,0710541,神在坂クリニック大橋整形外科医院,浜田市長沢町１４５１,0855-23-2150,大橋　清秀,大橋　清秀,一般　療養　介護　整外　リハ,,昭53. 4. 3,ika
診療所,32,0710715,飯塚皮膚科,浜田市長沢町３１３－７,0855-23-6625,飯塚　恒敏,飯塚　恒敏,皮,,昭63. 5. 6,ika
診療所,32,0710749,浜田市国民健康保険大麻診療所,浜田市西村町１０３１の５,0855-26-0014,浜田市　浜田市長　三浦　大紀,佐藤　優子,内　他　心内,,平元. 2. 13,ika
診療所,32,0710780,医療法人社団やすぎクリニック,浜田市下府町６９－１,0855-28-1911,医療法人社団　やすぎクリニック　理事長　石根　直子,石根　直子,内　神内　他,,平2. 1. 1,ika
診療所,32,0710848,あさひまちクリニック,浜田市朝日町１４４０,0855-23-5353,医療法人社団池田医院あさひまちクリニック　理事長　安食　春輝,安食　春輝,ひ　皮,,平3. 9. 1,ika
診療所,32,0710863,岡本胃腸科内科医院,浜田市長沢町５５０－２１,0855-23-5555,医療法人　岡本胃腸科内科　理事長　岡本　英樹,岡本　英司,内　他,,平4. 1. 1,ika
診療所,32,0710871,医療法人北村内科クリニック,浜田市国分町１９８１－１５９,0855-28-2257,医療法人　北村内科クリニック　理事長　北村　健二郎,北村　健二郎,内,,平4. 12. 1,ika
診療所,32,0711028,医療法人斎藤医院,浜田市朝日町１１番地１,0855-23-0228,医療法人　斎藤医院　理事長　齋藤　寛治,齋藤　聡志,内　小　アレ,,平7. 8. 1,ika
診療所,32,0711044,久保田眼科,浜田市国分町１９８１－１４５,0855-28-2211,久保田　浩,久保田　浩,眼,,平9. 5. 20,ika
診療所,32,0711069,医療法人社団彌重内科眼科医院,浜田市高田町１７番地,0855-22-1527,医療法人社団　彌重内科眼科医院　理事長　彌重　博巳,彌重　博巳,内　呼　胃　循　小　眼,,平10. 4. 1,ika
診療所,32,0711119,能美クリニック,浜田市天満町１１,0855-22-3231,能美　尚,能美　尚,整外　内　リハ,,平13. 2. 19,ika
診療所,32,0711127,真鍋医院,浜田市国分町６７７番地１,0855-28-0031,医療法人社団　邦和会　理事長　真鍋　邦博,真鍋　邦博,内,,平13. 5. 1,ika
病院,32,0711184,山根病院,浜田市熱田町１５１７番地１,0855-26-0688,医療法人　慈誠会　理事長　山根　雄幸,山根　雄幸,療養　内　外　整外　こう,,平17. 1. 1,ika
診療所,32,0711192,医療法人社団もりわき眼科,浜田市日脚町２４４番地８,0855-24-7510,医療法人社団　もりわき眼科　理事長　森脇　裕平,森脇　裕平,眼,,平17. 1. 1,ika
診療所,32,0711234,さわだクリニック,浜田市国分町１９８１－１３２,0855-28-3777,澤田　宏志,澤田　宏志,小　アレ　内,,平17. 10. 11,ika
診療所,32,0711242,医療法人社団ＭＯＫＯ　大石内科医院,浜田市黒川町１１５番地１,0855-25-0313,医療法人社団ＭＯＫＯ大石内科医院　理事長　大石　和弘,大石　和弘,内　循　腎臓内科　透析,,平18. 1. 1,ika
病院,32,0711259,山根病院　三隅分院,浜田市三隅町岡見２９０番地１,0855-32-4343,医療法人　慈誠会　山根　雄幸,津森　道弘,療養　療養　内　婦,62,平18. 4. 1,ika
診療所,32,0711291,医療法人　中村整形外科,浜田市殿町７４－２,0855-22-3325,医療法人　中村整形外科　理事長　森須　正孝,森須　正孝,一般　一般　整外　リハ,,平19. 1. 1,ika
診療所,32,0711317,医療法人　すみれ小児科,浜田市熱田町５４１－１,0855-26-1006,医療法人　すみれ小児科　理事長　瀧川　弘敏,瀧川　遼,小　アレ,,平19. 5. 1,ika
診療所,32,0711325,ごうばら耳鼻咽喉科,浜田市黒川町２１３番地１,0855-24-3211,医療法人ごうばら耳鼻咽喉科　理事長　郷原　良治,郷原　良治,耳い,,平19. 8. 1,ika
診療所,32,0711333,都医院,浜田市治和町イ１１０番地２,0855-26-0100,医療法人　都医院　理事長　都　仁哉,都　仁哉,内　小　皮,,平19. 11. 1,ika
診療所,32,0711341,島根県立島根あさひ社会復帰促進センター診療所,浜田市旭町丸原３８０番地１５,0855-45-8171,島根県　島根県知事　丸山　達也,木村　清志,眼,,平20. 10. 1,ika
診療所,32,0711366,社会医療法人清和会こころクリニックせいわ,浜田市田町５２－７,0855-28-7350,社会医療法人　清和会　理事長　西川　輝男,内田　有彦,精　神　心内,,平21. 11. 1,ika
診療所,32,0711382,医療法人　心療内科田中クリニック,浜田市長沢町３１５６番,0855-24-1650,医療法人心療内科田中クリニック　理事長　田中　新一,田中　新一,精　神　心内,,平22. 9. 1,ika
診療所,32,0711390,さかね内科,浜田市殿町７６－６,0855-22-2234,医療法人　さかね内科　理事長　坂根　洋史,坂根　洋史,内,,平24. 3. 1,ika
診療所,32,0711408,医療法人社団　寺井医院,浜田市三隅町三隅３８２番地１,0855-32-0038,医療法人社団　寺井医院　理事長　寺井　正則,寺井　正則,内　呼　消　循　放　小,,平26. 5. 7,ika
診療所,32,0711424,中村医院,浜田市片庭町５１－３,0855-22-1183,中村　眞,中村　眞,内　胃　消　リウ　アレ,,平29. 8. 28,ika
診療所,32,0711440,島田診療所,浜田市殿町８３番地３１,0855-22-2511,医療法人社団ＭОＫО大石内科医院　理事長　大石　和弘,原田　守,内　脳内,,令2. 4. 1,ika
診療所,32,0711457,医療法人三隅整形外科医院,浜田市治和町６７番地１,0855-27-1577,医療法人三隅整形外科医院　理事長　三隅　秀樹,三隅　秀樹,整外,,令3. 1. 1,ika
診療所,32,0711465,沖田医院,浜田市殿町３－１,0855-22-1555,沖田　伸治,沖田　伸治,外　整外　内　リハ,,令3. 6. 1,ika
診療所,32,0711473,浜田市休日応急診療所,浜田市田町７５７番地３,0855-25-1123,浜田市　浜田市長　三浦　大紀,大石　和弘,内　小,,令4. 1. 4,ika
診療所,32,0711481,浜田長沢皮フ科・アレルギー科,浜田市長沢町３２１－１,0855-25-7801,進藤　真久,進藤　真久,皮　アレ　小児皮膚科,,令4. 5. 1,ika
診療所,32,0711499,小池医院,浜田市日脚町９９６番地６,0855-27-1020,小池　昌弘,小池　昌弘,内　小　心内　精　整外,,令4. 5. 2,ika
診療所,32,0711507,医療法人　中村呼吸器内科医院,浜田市内村町７８７番地８,0855-27-4593,医療法人　中村呼吸器内科医院　理事長　中村　吉秀,中村　吉秀,内　呼　小,,令5. 2. 1,ika
診療所,32,0711515,おさだ眼科クリニック,浜田市浅井町１５０８－１１,0855-22-0022,髙井　保幸,髙井　保幸,一般　眼,6,令6. 7. 1,ika
診療所,32,0711523,医療法人社団晴桜会　丸山内科クリニック,浜田市相生町３９２１,0855-22-1115,医療法人社団晴桜会　理事長　丸山　茂雄,丸山　茂雄,内,,令7. 3. 25,ika
診療所,32,0711531,医療法人河野眼科医院,浜田市琵琶町１４３番地１,0855-23-0404,医療法人河野眼科医院　理事長　河野　通久,河野　通大,眼,,令7. 8. 1,ika
病院,32,0810036,益田赤十字病院,益田市乙吉町イ１０３番地１,0856-22-1480,日本赤十字社　社長　清家　篤,青木　明彦,一般　結核　一般（感染）　内　循　小　外　整外　皮　ひ　産婦　眼　耳い　放　麻　歯外　病理　呼内　消化器内科　血液内科　内分泌・代謝内科　脳外　脳内　膠原病リウマチ内科　消化器外科　救命,280,昭46. 6. 24,ika
病院,32,0810754,公益社団法人　益田市医師会立　益田地域医療センター医師会病院,益田市遠田町１９１７－２,0856-22-3611,公益社団法人　益田市医師会　会長　大畑　力,斉藤　洋司,一般　療養　内　外　整外　リハ　放　麻　循環器内科　循環器外科　肛門外科　リウ　呼内　婦　病理　腎臓内科　呼外　形外　脳外,165,昭61. 5. 1,ika
病院,32,0810838,社会医療法人正光会　松ヶ丘病院,益田市高津４丁目２４番１０号,0856-22-8711,社会医療法人正光会　理事長　平方　敬子,坪内　健,精神　精　神内　心内,215,昭63. 4. 1,ika
診療所,32,0810846,医療法人金島胃腸科外科,益田市高津１丁目９番４号,0856-22-2345,医療法人　金島胃腸科外科　理事長　金島　新一,金島　新一,一般　療養　胃　内　消　外　こう　放,,平元. 10. 1,ika
診療所,32,0811083,山尾医院,益田市あけぼの東町４の２,0856-22-1878,山尾　洋樹,山尾　洋樹,内　消　小,,平6. 7. 26,ika
診療所,32,0811117,医療法人平野医院,益田市駅前町３３－５,0856-22-0998,医療法人　平野医院　理事長　平野　盛久,平野　盛久,内　消　小,,平6. 12. 1,ika
診療所,32,0811141,医療法人大畑医院,益田市中島町イ９１番地１,0856-22-0506,医療法人　大畑医院　理事長　大畑　力,大畑　力,皮　アレ,,平7. 12. 1,ika
診療所,32,0811158,林泌尿器科,益田市乙吉町イ３３０－２,0856-22-0256,林　淳二,林　淳二,ひ　内,,平8. 2. 15,ika
診療所,32,0811166,医療法人煌星会みうら眼科,益田市乙吉町イ３３６－３,0856-24-2501,医療法人煌星会　理事長　吉野　典子,三浦　孝博,眼,,平8. 5. 1,ika
診療所,32,0811182,中島こどもクリニック,益田市高津二丁目３２番１０号,0856-24-8521,中島　匡博,中島　匡博,小,,平9. 5. 14,ika
診療所,32,0811273,医療法人　神崎耳鼻咽喉科医院,益田市あけぼの東町１６－１,0856-22-0551,医療法人　神崎耳鼻咽喉科医院　理事長　神崎　裕士,神﨑　裕士,耳い,,平11. 10. 1,ika
診療所,32,0811281,医療法人　津田医院,益田市津田町１２６８－５,0856-27-0007,医療法人　津田医院　理事長　狩野　卓夫,狩野　卓夫,内　胃　外　こう,,平11. 10. 1,ika
診療所,32,0811299,あすかクリニック,益田市乙吉町ロ３３,0856-23-3320,医療法人　あすか　理事長　　井上　貴雄,井上　貴雄,整外　リハ　リウ,,平12. 5. 1,ika
診療所,32,0811307,医療法人山藤整形外科医院,益田市乙吉町イ３３８番地５,0856-31-0065,医療法人　山藤整形外科医院　理事長　山藤　良史,山藤　良史,整外　リハ　リウ,,平12. 10. 1,ika
診療所,32,0811315,斧山医院,益田市あけぼの西町１６番地４,0856-22-1346,斧山　英二,斧山　英二,内　消,,平13. 4. 1,ika
診療所,32,0811323,村野医院,益田市下本郷町６１－１,0856-31-2400,村野　健兒,村野　健兒,内　小,,平13. 4. 11,ika
診療所,32,0811356,医療法人　黒田医院,益田市須子町１０番２７号,0856-22-0966,医療法人　黒田医院　理事長　黒田　聡,黒田　聡,内　循環器内科,,平14. 5. 1,ika
診療所,32,0811364,医療法人順生会　すみかわクリニック,益田市東町２番９号,0856-23-1188,医療法人　順生会　理事長　澄川　学,澄川　学,内　胃　外　こう,,平15. 1. 1,ika
診療所,32,0811372,医療法人　小田整形外科医院,益田市中島町ロ１４５番地３,0856-22-1168,医療法人　小田整形外科医院　理事長　小田　竜徳,小田　竜徳,整外　リハ　リウ,,平15. 5. 1,ika
診療所,32,0811414,医療法人しまだ眼科,益田市三宅町２番７号,0856-31-0661,医療法人　しまだ眼科　理事長　嶋田　一徳,嶋田　一徳,眼,,平16. 5. 1,ika
診療所,32,0811422,医療法人くろたに内科クリニック,益田市久城町９１２番地１,0856-23-7737,医療法人　くろたに内科クリニック　理事長　黒谷　浩史,黒谷　浩史,内　小,,平16. 5. 1,ika
診療所,32,0811448,益田市国民健康保険診療施設匹見澄川診療所,益田市匹見町澄川イ２６６番地６,0856-56-0136,益田市　市長　山本　浩章,中村　文春,内,,平17. 2. 1,ika
診療所,32,0811455,益田市国民健康保険診療施設　美都診療所,益田市美都町都茂１８１３番地１,0856-52-7272,益田市　市長　山本　浩章,三浦　義夫,内,,平17. 4. 1,ika
診療所,32,0811471,いしみつ耳鼻咽喉科クリニック,益田市高津町六丁目２３番２０号,0856-31-4133,医療法人いしみつ耳鼻咽喉科クリニック　理事長　石光　亮太郎,石光　亮太郎,耳い,,平19. 1. 1,ika
診療所,32,0811497,おちハートクリニック,益田市高津８丁目５－２,0856-23-1588,越智　弘,越智　弘,内　他　心内　精,,平19. 3. 1,ika
診療所,32,0811505,まついクリニック,益田市高津六丁目１４番１号,0856-31-1830,松井　孝夫,松井　孝夫,内　呼　胃　外　こう　他,,平19. 9. 1,ika
診療所,32,0811513,益田市立休日応急診療所,益田市駅前町１７番１号　益田駅前ビルＥＡＧＡ２階益田市立保健センター内,0856-31-4199,益田市　益田市長　山本　浩章,大畑　力,内　小,,平21. 4. 1,ika
診療所,32,0811547,医療法人　共生会　なかしまクリニック,益田市横田町２５３２番地,0856-25-2503,医療法人　共生会　理事長　中島　良光,中島　良光,内　循環器内科　小,,平23. 7. 1,ika
診療所,32,0811570,たかせ内科,益田市かもしま東町９番地６,0856-25-7373,高瀬　裕史,高瀬　裕史,内　糖尿病内科　内分泌内科,,平25. 5. 1,ika
診療所,32,0811596,益田整形外科医院,益田市染羽町４－３５,0856-22-1305,納富　憲二,納富　憲二,整外　リハ,,平25. 11. 25,ika
診療所,32,0811604,石見クリニック,益田市駅前町７番１号,0856-23-2370,医療法人　石見クリニック　理事長　山野井　彰,山野井　彰,外　内　リハ　漢方内科,,平26. 4. 1,ika
診療所,32,0811661,医療法人永瀬脳外科内科,益田市土井町２番２７号,0856-31-0480,医療法人永瀬脳外科内科　理事長　永瀬　聡士,永瀬　聡士,脳外　神内,,平30. 8. 1,ika
診療所,32,0811679,さくらクリニック益田,益田市乙吉町イ１０２番地１,0856-23-0021,医療法人さくら並木会　理事長　篠崎　克也,篠崎　克也,精　心内,,平31. 2. 1,ika
診療所,32,0811687,医療法人たいじん堂　松本医院,益田市横田町４２９番地２３,0856-25-2611,医療法人たいじん堂　理事長　松本　祐二,松本　祐二,内　小　アレ,,令3. 1. 1,ika
診療所,32,0811703,万葉コトノ葉クリニック,益田市あけぼの西町１４－２,0856-25-7241,長沼　清,長沼　清,精　心内,,令6. 5. 1,ika
診療所,32,0811711,ゆたかファミリークリニック,益田市乙吉町イ９０－１,0856-25-7000,医療法人たいじん堂　理事長　松本　祐二,松本　祐昂,内　小　美容皮膚科,,令7. 3. 1,ika
病院,32,1110030,独立行政法人地域医療機能推進機構　玉造病院,松江市玉湯町湯町１－２,0852-62-1560,独立行政法人　地域医療機能推進機構　玉造病院　院長　和田山　文一郎,和田山　文一郎,一般　整外　皮　リハ　内　消化器内科　歯外　神内　歯　麻　リウ　循環器内科,214,昭56. 12. 4,ika
病院,32,1110436,こなんホスピタル,松江市宍道町白石１２９－１,0852-66-0712,医療法人　同仁会　理事長　櫻井　照久,福田　賢司,精神　内　精　神内　心内,147,昭52. 10. 17,ika
診療所,32,1110642,医療法人坪内内科医院,松江市宍道町宍道１２９６－６,0852-66-2545,医療法人　坪内内科医院　理事長　坪内　研二,坪内　研二,内　循環器内科　呼内,,平元. 7. 1,ika
診療所,32,1110675,医療法人奥村医院,松江市玉湯町湯町９５６,0852-62-0418,医療法人奥村医院　理事長　奥村　剛清,奥村　剛清,内　小　消,,平2. 8. 1,ika
病院,32,1110857,鹿島病院,松江市鹿島町名分２４３－１,0852-82-2627,医療法人財団公仁会　理事長　山﨑　悟,坂之上　一史,一般　一般　療養　療養　内　リハ　整外,177,平6. 4. 1,ika
診療所,32,1111004,医療法人佐々木医院,松江市美保関町森山７２６番地１１,0852-72-2522,医療法人　佐々木医院　理事長　佐々木　成一郎,佐々木　成一郎,内　胃　循　外,,平7. 8. 1,ika
診療所,32,1111012,松江市国民健康保険来待診療所,松江市宍道町上来待２１３番地１,0852-66-0002,松江市　松江市長　上定　昭仁,山田　顕士,内　整外　眼　小,,平8. 6. 1,ika
診療所,32,1111020,医療法人伊藤医院,松江市東出雲町揖屋１０３１番地２,0852-52-2251,医療法人伊藤医院　理事長　伊藤　健一,伊藤　健一,内　外　消　小,,平8. 8. 1,ika
診療所,32,1111038,医療法人伊藤医院下意東出張所,松江市東出雲町下意東６９７番地５,0852-52-2820,医療法人伊藤医院　理事長　伊藤　健一,伊藤　健一,内　小,,平8. 8. 1,ika
診療所,32,1111046,医療法人伊藤医院出雲郷出張所,松江市東出雲町出雲郷４００番地３,0852-52-2066,医療法人伊藤医院　理事長　伊藤　健一,伊藤　健一,内　小,,平8. 8. 1,ika
診療所,32,1111061,津森医院千酌出張所,松江市美保関町千酌９４４番地５,0852-75-0354,医療法人　仁心会　理事長　津森　洋,津森　洋,内　他　外,,平9. 8. 1,ika
診療所,32,1111087,医療法人吉岡医院,松江市八束町波入６０７－１番地,0852-76-3466,医療法人社団　吉祥会　理事長　吉岡　丈,吉岡　丈,外　内　消　整外,,平9. 11. 1,ika
診療所,32,1111137,くまの診療所金森クリニック,松江市八雲町熊野８０３－９,0852-54-9053,金森　弘明,金森　弘明,内,,平11. 4. 5,ika
診療所,32,1111152,岩坂診療所,松江市八雲町東岩坂２８７,0852-54-2206,金森　弘明,金森　弘明,内,,平12. 9. 1,ika
診療所,32,1111178,佐貫内科医院,松江市八雲町日吉１９４番地１０,0852-54-0886,医療法人　社団　佐貫内科医院　理事長　佐貫　裕,佐貫　裕,内　消　循　小,,平15. 5. 1,ika
診療所,32,1111186,三浦医院,松江市東出雲町揖屋１１７８番地６,0852-52-3739,医療法人　三浦医院　理事長　三浦　裕和,三浦　裕和,内　皮,,平16. 1. 1,ika
診療所,32,1111194,たけはな整形外科クリニック,松江市東出雲町錦新町２丁目２－３,0852-53-0527,竹花　務,竹花　務,整外　リハ,,平16. 1. 15,ika
診療所,32,1111202,うらしまクリニック,松江市東出雲町錦新町２丁目２－１０,0852-53-0622,浦島　裕史,浦島　裕史,小　皮,,平16. 8. 20,ika
診療所,32,1111210,医療法人　さとう耳鼻咽喉科,松江市東出雲町錦新町７丁目４－１２,0852-53-0033,医療法人　さとう耳鼻咽喉科　理事長　佐藤　達明,佐藤　達明,耳い,,平17. 9. 7,ika
診療所,32,1111228,いしはら眼科,松江市東出雲町意宇東２丁目６番地７,0852-67-1002,石原　美香,石原　美香,一般　一般　眼,4,平22. 2. 2,ika
病院,32,1210038,安来市立病院,安来市広瀬町広瀬１９３１,0854-32-2121,安来市　安来市長　田中　武夫,水田　正能,一般　療養　内　消化器内科　循環器内科　糖尿病・内分泌内科　呼内　腎臓内科　総合内科　神内　小　外　消化器外科　乳腺外科　整外　婦　ペインクリニック科　皮　ひ　眼　耳い　形外　リハ　放,,昭35. 7. 29,ika
診療所,32,1210087,朝山医院,安来市広瀬町広瀬９７６,0854-32-2439,朝山　浩行,朝山　浩行,内　外,,昭41. 4. 18,ika
診療所,32,1210210,医療法人河村医院,安来市広瀬町広瀬１９４０,0854-32-2436,医療法人　河村医院　理事長　河村　学,河村　学,内　消　小　放,,平元. 5. 1,ika
診療所,32,1210277,村上医院,安来市伯太町東母里４５９－５,0854-37-1046,医療法人社団　村上医院　理事長　村上　宏,村上　宏,内,,平14. 10. 21,ika
診療所,32,1310242,医療法人千原医院,仁多郡奥出雲町亀嵩２２２１－４,0854-57-0821,医療法人　千原医院　理事長　千原　眞人,千原　眞人,内　麻,,平4. 10. 1,ika
診療所,32,1310275,加藤医院,仁多郡奥出雲町三成３５８－６,0854-54-1011,医療法人一陽会　理事長　加藤　順,加藤　順,内　消化器内科,,平6. 8. 1,ika
病院,32,1310317,町立奥出雲病院,仁多郡奥出雲町三成１６２２－１,0854-54-1122,奥出雲町　奥出雲町長　糸原　保,鈴木　賢二,一般　療養　内　小　外　整外　皮　ひ　産婦　眼　耳い　リハ　麻,,平11. 5. 1,ika
診療所,32,1310382,井上医院,仁多郡奥出雲町横田１１９３番地２,0854-52-1030,医療法人井上医院　理事長　井上　慎一,井上　慎一,内　循環器内科,,平22. 9. 1,ika
診療所,32,1310408,医療法人　石原医院分院,仁多郡奥出雲町下横田４２１－１,0854-52-9060,医療法人　石原医院分院　理事長　寺井　洋,寺井　洋,内　小,,平24. 1. 1,ika
診療所,32,1310416,町立馬木診療所,仁多郡奥出雲町大馬木１９２２番地１３,0854-53-0500,島根県仁多郡奥出雲町　町長　糸原　保,寺井　洋,内　小,,平24. 1. 1,ika
診療所,32,1310473,自然治癒力活性全人介護医療心療漢方内科横田スサノオクリニック,仁多郡奥出雲町横田１００９－６,0854-52-1311,一般社団法人全人介護医療推進機構　赤名　透,鍵山　惣一,心内　精　他　アレ　リハ　内,,平26. 10. 1,ika
診療所,32,1310481,町立奥出雲病院附属横田診療所,仁多郡奥出雲町横田１０６３番地１,0854-52-3333,奥出雲町　奥出雲町長　糸原　保,岡　正登詩,内　精,,令8. 4. 1,ika
診療所,32,1410349,辰村医院,雲南市木次町木次１８５,0854-42-0402,辰村　泰治,辰村　泰治,内　消,,平3. 5. 1,ika
診療所,32,1410372,永瀬医院,雲南市加茂町加茂中１３２３－１,0854-49-7002,永瀬　久嗣,永瀬　久嗣,内　小,,平7. 1. 1,ika
診療所,32,1410414,医療法人本永瀬医院,雲南市加茂町加茂中１３４８番１地,0854-49-7028,医療法人本永瀬医院　理事長　永瀬　英雄,永瀬　英雄,内　呼　循,,平9. 1. 1,ika
診療所,32,1410430,川本医院,雲南市木次町木次１５番地,0854-42-0205,医療法人　川本医院　理事長　川本　浩雄,川本　浩雄,内　小　循,,平9. 9. 1,ika
診療所,32,1410448,横山医院,雲南市木次町東日登４２５－１,0854-42-0123,横山　元裕,横山　元裕,内,,平12. 1. 1,ika
病院,32,1410463,医療法人コスモ会奥出雲コスモ病院,雲南市木次町里方１２７５番地２,0854-42-3950,医療法人コスモ会奥出雲コスモ病院　理事長　今岡　健次,今岡　健次,精神　精　心内　神内　内,100,平12. 8. 1,ika
診療所,32,1410471,横山内科医院,雲南市大東町南村２７６番地１,0854-43-8010,横山　和裕,横山　和裕,内　消,,平13. 5. 7,ika
診療所,32,1410521,山根医院,雲南市木次町木次４４０番地,0854-42-1116,医療法人　山根医院　理事長　山根　孝文,山根　孝文,内　循,,平16. 4. 1,ika
診療所,32,1410539,医療法人　木村医院,雲南市木次町木次２７４番地,0854-42-0043,医療法人　木村医院　理事長　木村　卓郎,木村　卓郎,内　循　小,,平17. 1. 1,ika
診療所,32,1410554,はまもと内科クリニック,雲南市大東町大東２４１６－６,0854-43-9174,医療法人社団　蛍雪会　理事長　濱本　直治,濱本　直治,内　消,,平19. 7. 1,ika
病院,32,1410570,雲南市立病院,雲南市大東町飯田９６番地１,0854-47-7500,雲南市長　石飛　厚志,大谷　順,一般　一般（感染）　療養　内　精　小　外　整外　脳外　皮　ひ　産婦　眼　耳い　リハ　放　麻　歯外　消化器内科,197,平23. 4. 1,ika
診療所,32,1410588,うんなん眼科,雲南市三刀屋町下熊谷１６２５－１,0854-45-5535,平田　昌哉,平田　昌哉,眼　内　アレ,,平24. 6. 1,ika
診療所,32,1410596,晴木医院,雲南市大東町大東１８６８,0854-43-2035,晴木　尚人,晴木　尚人,内,,平24. 10. 1,ika
診療所,32,1410612,清水医院,雲南市掛合町掛合８５７,0854-62-0002,清水　広行,清水　広行,内,,平27. 9. 22,ika
診療所,32,1410620,むらた耳鼻咽喉科,雲南市三刀屋町三刀屋１２１２－５４,0854-45-3387,医療法人むらた耳鼻咽喉科　理事長　村田　明道,村田　明道,耳い,,令元. 12. 1,ika
診療所,32,1410646,雲南うめき整形外科,雲南市木次町下熊谷１５４３－１,0854-47-7784,医療法人ＵＭＳ　理事長　梅木　俊伸,梅木　俊伸,整外　リウ　リハ,,令7. 3. 1,ika
診療所,32,1410653,かものはし在宅クリニック,雲南市加茂町宇治７９６－７,0854-47-8066,本　龍也,本　龍也,内　麻,,令7. 5. 12,ika
診療所,32,1410661,和田医院,雲南市三刀屋町三刀屋９７４－２,0854-45-2220,三代　知子,三代　知子,内,,令8. 1. 1,ika
診療所,32,1510031,雲南市立病院附属掛合診療所,雲南市掛合町掛合１３１２,0854-62-0135,雲南市　雲南市長　石飛　厚志,服部　修三,内　整外　歯,,昭33. 10. 1,ika
診療所,32,1510304,飯南町立谷出張診療所,飯石郡飯南町井戸谷４８２－７,0854-76-2101,飯南町　飯南町長　塚原　隆昭,松本　賢治,内,,昭62. 4. 1,ika
病院,32,1510312,平成記念病院,雲南市三刀屋町三刀屋１２９４－１,0854-45-5111,医療法人　陶朋会　理事長　陶山　紳一朗,陶山　紳一朗,一般　療養　療養　内　神内　呼　消　循　他　外　整外　皮　ひ　婦　眼　耳い　放　リハ,55,平2. 4. 18,ika
診療所,32,1510353,医療法人社団田部医院,雲南市三刀屋町三刀屋３２１,0854-45-2016,医療法人社団　田部医院　理事長　田部　昭博,田部　昭博,内,,平4. 4. 1,ika
診療所,32,1510403,飯南町立来島診療所,飯石郡飯南町野萱１８２６－２,0854-76-2309,飯南町　飯南町長　塚原　隆昭,槇野　貴文,内,,平5. 4. 1,ika
診療所,32,1510429,医療法人　渡部診療所,雲南市吉田町吉田２７０９－１８,0854-74-0251,医療法人渡部診療所　理事長　渡部　素次,渡部　素次,内　放,,平6. 5. 9,ika
病院,32,1510478,飯南町立飯南病院,飯石郡飯南町頓原２０６０,0854-72-0221,飯南町　飯南町長　塚原　隆昭,角田　耕紀,一般　内　小　外　整外　産婦　リハ　歯外　眼　心内　精,,平12. 5. 1,ika
診療所,32,1510502,飯南町立志々出張診療所,飯石郡飯南町八神１１７番地１,0854-73-0644,飯南町　飯南町長　塚原　隆昭,松本　賢治,内,,平16. 3. 1,ika
診療所,32,1610534,医療法人順和会　中島医院,出雲市大社町杵築南９９１,0853-53-2116,医療法人順和会　理事長　中島　孝晃,中島　孝晃,内　肝臓内科　外　小　消化器内科　糖尿病内科　循環器内科,,平2. 10. 1,ika
診療所,32,1610633,医療法人永樹会　吉岡医院,出雲市斐川町荘原３８５５,0853-72-0833,医療法人永樹会　吉岡医院　理事長　吉岡　直樹,吉岡　直樹,内　消　リウ　膠原病内科,,平4. 10. 1,ika
診療所,32,1610658,吉野産婦人科医院,出雲市斐川町上直江３０９１,0853-72-7470,吉野　和男,吉野　和男,一般　産婦,,平6. 4. 2,ika
診療所,32,1610682,児玉医院,出雲市湖陵町大池２２４２－６９,0853-43-2001,医療法人　児玉医院　理事長　児玉　和夫,児玉　和夫,内　胃　放,,平6. 12. 1,ika
診療所,32,1610724,いいつかクリニック,出雲市斐川町荘原２１９０番地１,0853-72-4777,医療法人　いいつかクリニック　理事長　飯塚　保夫,飯塚　保夫,内　外　整外　循,,平7. 12. 1,ika
診療所,32,1610773,大國眼科,出雲市大社町中荒木３２０－７,0853-53-5999,大國　昌美,大國　昌美,眼,,平10. 7. 1,ika
診療所,32,1610781,橋波診療所,出雲市佐田町下橋波３１,0853-85-2611,出雲市　出雲市長　飯塚　俊之,加藤　哲夫,内,,平11. 2. 1,ika
診療所,32,1610807,斐川中央クリニック,出雲市斐川町上直江１４２１－１７,0853-73-8181,医療法人健成会　理事長　下手公一,下手　公一,漢方内科　脳内　アレルギー疾患内科,,平11. 10. 1,ika
診療所,32,1610815,医療法人久村診療所,出雲市多伎町小田４５ー１,0853-86-2020,医療法人久村診療所　理事長　新田　佳示,新田　佳示,内　消　外,,平12. 4. 24,ika
診療所,32,1610831,小野医院,出雲市大社町中荒木１７４５番地２,0853-53-6700,医療法人　清風会　理事長　小野純一,小野　純一,内　外,,平13. 1. 1,ika
診療所,32,1610898,かとう耳鼻咽喉科医院,出雲市大社町北荒木８５２－１,0853-53-8133,加藤　太二,加藤　太二,耳い,,平15. 6. 24,ika
診療所,32,1610914,本田医院,出雲市湖陵町二部１８０２－１,0853-43-7800,本田　正明,本田　正明,内　呼　循　アレ,,平15. 8. 9,ika
病院,32,1610922,斐川生協病院,出雲市斐川町直江４８８３番地１,0853-72-0321,ひかわ医療生活協同組合　理事長　金森　隆,金森　美智子,療養　療養　内　呼　消　循　整外　眼　リハ,120,平16. 8. 1,ika
診療所,32,1610955,日御碕診療所,出雲市大社町宇龍３３８番地３,0853-54-5166,出雲市　出雲市長　飯塚　俊之,西尾　崇,内,,平17. 1. 1,ika
診療所,32,1610963,鷺浦診療所,出雲市大社町鷺浦１０４,0853-53-0133,出雲市　出雲市長　飯塚　俊之,西尾　崇,内,,平17. 1. 1,ika
診療所,32,1610971,しぶや眼科,出雲市斐川町直江４４８７番地,0853-73-7711,医療法人　しぶや眼科　理事長　渋谷　勇三,渋谷　勇三,眼,,平17. 9. 1,ika
病院,32,1610989,出雲徳洲会病院,出雲市斐川町直江３９６４－１,0853-73-7000,医療法人　徳洲会　理事長　東上　震一,長見　晴彦,一般　療養　外　内　脳外　皮　リハ　ひ　呼内　神内　整外　心外　放　麻　形外　婦　精　消化器外科　消化器内科　腎臓内科　病理　内視鏡内科　耳い　呼外　循環器内科　血液内科,,平18. 4. 1,ika
診療所,32,1611003,三木整形外科ペインクリニック,出雲市斐川町併川字神立７０６,0853-27-9584,三木　孝人,三木　孝人,整外　外　内　麻　リウ　リハ,,平24. 9. 18,ika
診療所,32,1611011,上野医院,出雲市大社町菱根７８６－１,0853-53-2304,上野　薫,上野　薫,内　消　循　小,,平25. 1. 1,ika
診療所,32,1611029,原医院,出雲市湖陵町差海１０９７番地,0853-43-2008,原　博元,原　博元,内,,平25. 5. 1,ika
診療所,32,1611037,いしとび内科医院,出雲市大社町北荒木４８７番地１,0853-53-5300,医療法人いしとび内科医院　理事長　石飛　亮,石飛　亮,内,,平31. 3. 1,ika
診療所,32,1710250,大田市国民健康保険仁摩診療所,大田市仁摩町仁万６４３番地１,0854-88-9030,大田市　市長　楫野　弘和,井上　幹也,内　小　小外,,平11. 4. 1,ika
診療所,32,1810035,美郷町国民健康保険沢谷診療所,邑智郡美郷町九日市８７,0855-76-0222,美郷町　美郷町長　嘉戸　隆,波多野　淳,内,,昭32. 7. 31,ika
診療所,32,1810084,美郷町国民健康保険大和診療所比之宮出張所,邑智郡美郷町宮内５６２－３,0855-82-3000,美郷町　美郷町長　嘉戸　隆,石田　雅人,内,,昭56. 1. 21,ika
診療所,32,1810530,浄泉寺眼科医院,邑智郡邑南町市木５－１,0855-85-0321,朝枝　裕子,朝枝　裕子,眼,,昭57. 10. 20,ika
診療所,32,1810605,医療法人徳祐会三上医院,邑智郡邑南町山田３３－６,0855-83-0977,医療法人徳祐会　理事長　三上　博信,三上　博信,内　外　婦,,平3. 10. 1,ika
病院,32,1810621,邑智郡公立病院組合公立邑智病院,邑智郡邑南町中野３８４８－２,0855-95-2111,邑智郡公立病院組合　管理者　大屋　光宏,山口　清次,一般　内　精　小　外　整外　歯　ひ　産婦　麻　皮,,平5. 4. 1,ika
診療所,32,1810639,星ヶ丘クリニック,邑智郡邑南町高見８２１－１,0855-84-0006,医療法人徳祐会　理事長　三上　博信,高橋　亮吏,内　外　整外　消,,平5. 6. 1,ika
診療所,32,1810738,前眼科医院,邑智郡邑南町下田所１５３番地４,0855-83-1105,前　保彦,前　保彦,眼　内,,平9. 4. 1,ika
診療所,32,1810746,應儀医院,江津市桜江町市山２７４番地,0855-92-0057,應儀　一良,應儀　一良,内,,平9. 12. 27,ika
診療所,32,1810787,河野医院,邑智郡邑南町下口羽１１０２,0855-87-0303,河野　圭一,河野　圭一,内　外　整外,,平11. 6. 1,ika
診療所,32,1810795,医療法人社団　波多野診療所,邑智郡美郷町粕渕１９７番地１,0855-75-1232,医療法人社団　波多野診療所　理事長　加藤　節司,波多野　淳,内　循　小,,平11. 6. 1,ika
診療所,32,1810803,江津市国民健康保険川越診療所,江津市桜江町川越６７８,0855-93-0206,江津市　江津市長　中村　中,中澤　芳夫,内,,平11. 6. 1,ika
診療所,32,1810811,邑南町国民健康保険直営日貫診療所,邑智郡邑南町日貫３０２３－３,0855-97-0191,邑南町　邑南町長　大屋　光宏,石原　晋,内　麻,,平11. 11. 15,ika
診療所,32,1810829,美郷町国民健康保険大和診療所,邑智郡美郷町都賀本郷１６３番地,0855-82-2216,美郷町　美郷町長　嘉戸　隆,石田　雅人,内,,平12. 2. 1,ika
診療所,32,1810845,邑南町国民健康保険直営阿須那診療所,邑智郡邑南町阿須那１５０－１,0855-88-0176,邑南町　邑南町長　大屋　光宏,河野　圭一,内　外,,平14. 4. 1,ika
診療所,32,1810860,美郷町君谷診療所,邑智郡美郷町京覧原２７７番地,0855-75-1930,美郷町　美郷町長　嘉戸　隆,加藤　恭子,内,,平18. 3. 2,ika
診療所,32,1810878,三笠記念クリニック,邑智郡邑南町上田所３９番地５,0855-83-2050,医療法人　徳会　理事長　三上　博信,周藤　祐二,内,,平22. 4. 1,ika
診療所,32,1810894,邑南町国民健康保険直営矢上診療所,邑智郡邑南町矢上３８５３番地１,0855-95-3070,邑南町長　大屋光宏,宮本　雄一,内,,平31. 4. 1,ika
診療所,32,1810910,公立邑智病院附属市木診療所,邑智郡邑南町市木２１６１－１,0855-85-0070,邑智郡公立病院組合公立邑智病院　管理者　大屋　光宏,上田　智広,内,,令6. 10. 1,ika
病院,32,1810936,社会医療法人仁寿会加藤病院,邑智郡川本町大字川本３３２番地１６,0855-72-0640,社会医療法人仁寿会　理事長　加藤　節司,大畑　修三,療養　内　循環器内科　消化器内科　糖尿病内科　神内　ペインクリニック内科　外　整外　小　皮　ひ　眼　耳い　麻　精　リハ,,令8. 5. 1,ika
診療所,32,1910355,医療法人社団沖田内科医院金城沖田医院,浜田市金城町七条ハ３９３,0855-42-1800,医療法人社団　沖田内科医院　理事長　沖田　琇二,沖田　琇二,一般　内　胃,,昭64. 1. 1,ika
診療所,32,1910405,浜田市国民健康保険波佐診療所,浜田市金城町波佐イ４４１－１,0855-44-0001,浜田市　浜田市長　三浦　大紀,佐藤　優子,内　小,,平6. 2. 1,ika
診療所,32,1910413,浜田市国民健康保険弥栄診療所,浜田市弥栄町木都賀イ５３０－１,0855-48-5001,浜田市　浜田市長　三浦　大紀,佐藤　誠,一般　内　小　眼,,平8. 10. 1,ika
診療所,32,1910447,中村医院,浜田市三隅町三隅１３５６,0855-32-0021,中村　慎一,中村　慎一,内　外　整外　リハ,,平14. 4. 1,ika
診療所,32,1910470,野上医院,浜田市三隅町三隅１３０３,0855-32-0031,野上　壮太郎,野上　壮太郎,内　呼　小,,平16. 6. 1,ika
診療所,32,1910496,浜田市国民健康保険あさひ診療所,浜田市旭町丸原１３８－１,0855-45-0002,浜田市　浜田市長　三浦　大紀,濵崎　由文,内,,平17. 8. 1,ika
診療所,32,1910504,酒井外科内科医院,浜田市旭町今市４１２－１,0855-45-0222,酒井　龍司,酒井　龍司,内　外,,平25. 1. 1,ika
診療所,32,2010114,中村医院,益田市匹見町匹見イ１３０９,0856-56-0008,中村　文春,中村　文春,内,,平4. 4. 1,ika
診療所,32,2010122,益田市国民健康保険診療施設　匹見道川診療所,益田市匹見町道川イ１３４番地１,0856-58-0007,益田市　市長　山本　浩章,中村　文春,内,,平11. 4. 1,ika
診療所,32,2110294,医療法人小笠原　小笠原医院,鹿足郡吉賀町柿木村柿木６４０－１,0856-79-2012,医療法人　小笠原　理事長　小笠原　康二,小笠原　康二,内　麻,,平4. 7. 1,ika
診療所,32,2110302,好生堂和﨑医院,鹿足郡津和野町後田ロ４０５番地,0856-72-0025,医療法人　好生堂和﨑医院　理事長　和﨑　秀二,和﨑　秀二,内　消,,平7. 12. 1,ika
診療所,32,2110328,つわぶき医院,鹿足郡津和野町鷲原イ１９０番地,0856-72-3500,医療法人　小笠原　理事長　小笠原　康二,小笠原　哲三,内　リハ　放,,平15. 8. 1,ika
診療所,32,2110344,栗栖医院,鹿足郡吉賀町柿木村柿木３１２番１,0856-79-2006,栗栖　貴夫,栗栖　貴夫,内　小　形外,,平18. 4. 1,ika
病院,32,2110377,津和野共存病院,鹿足郡津和野町森村ロ１４１,0856-72-0660,津和野町　津和野町長　下森　博之,木谷　光博,一般　内　小　整外　耳い　放　神内　循環器内科　精　心内　リハ,,平20. 3. 31,ika
診療所,32,2110401,医療法人社団松浦　松浦内科胃腸科,鹿足郡吉賀町六日市７９５,0856-77-0111,医療法人社団松浦　理事長　松浦　寿一,松浦　寿一,内　胃　循,,平27. 3. 1,ika
診療所,32,2110419,在宅診療所　鹿足中央クリニック,鹿足郡津和野町枕瀬２１８番地２４,0856-74-0120,医療法人　橘井堂　理事長　三輪　茂之,飯島　献一,内,,平30. 10. 1,ika
診療所,32,2110435,日原診療所,鹿足郡津和野町枕瀬９７５番地１,0856-74-0121,津和野町　津和野町長　下森　博之,飯島　献一,内,,令4. 3. 28,ika
病院,32,2110450,よしか病院,鹿足郡吉賀町六日市３６８番地４,0856-73-7575,吉賀町長　岩本　一巳,安　浩義,一般　内　神内　心内　精　小　整外　眼　皮　リハ　歯外,,令6. 3. 1,ika
診療所,32,2110468,よしか診療所,鹿足郡吉賀町有飯２３２番地１,070-2821-1299,医療法人カタクリ会　理事長　佐々木　弥生,佐々木　弥生,内,,令7. 9. 26,ika
診療所,32,2210482,高梨医院,隠岐郡隠岐の島町栄町１４１０,08512-2-0049,高梨　俊夫,高梨　俊夫,小　内,,昭62. 10. 26,ika
診療所,32,2210508,国民健康保険知夫村診療所,隠岐郡知夫村１１０６－３,08514-8-2011,知夫村　知夫村長　平木　伴佳,加藤　輝士,内　小　外　精,,平2. 6. 1,ika
診療所,32,2210540,海士町国民健康保険海士診療所,隠岐郡海士町海士１４６６,08514-2-0200,海士町　町長　大江　和彦,木田川　利行,内　小　精　整外　眼,,平6. 3. 1,ika
診療所,32,2210581,西ノ島町国民健康保険浦郷診療所,隠岐郡西ノ島町浦郷５４４番地１５,08514-6-1211,西ノ島町　西ノ島町長　坂栄　一秀,福田　瑶子,内,,平10. 2. 16,ika
診療所,32,2210599,半田内科クリニック,隠岐郡隠岐の島町西町八尾の一９番地,08512-2-6280,医療法人　半田内科クリニック　理事長　半田　洋治,半田　洋治,内　循　皮,,平10. 11. 1,ika
病院,32,2210623,隠岐広域連合立隠岐病院,隠岐郡隠岐の島町城北町３５５番地,08512-2-1356,隠岐広域連合　隠岐広域連合長　池田　高世偉,徳家　敦夫,一般　一般　一般　感染　精神　内　麻　神内　小　外　整外　皮　ひ　産婦　眼　耳い　歯外　精神神経科　リハ　腎臓内科,93,平11. 9. 1,ika
診療所,32,2210656,宇野内科医院,隠岐郡隠岐の島町有木月無１１－１,08512-2-2572,医療法人　宇野内科医院　理事長　宇野　吾一,宇野　吾一,内　消,,平11. 11. 1,ika
病院,32,2210672,隠岐広域連合立隠岐島前病院,隠岐郡西ノ島町大字美田２０７１番地１,08514-7-8211,隠岐広域連合　隠岐広域連合長　池田　高世偉,白石　吉彦,療養　療養　内　精　小　外　産婦　眼　耳い　整外,44,平13. 3. 26,ika
診療所,32,2210680,へき地三度診療所,隠岐郡西ノ島町大字浦郷２６８８番地,08514-6-1512,西ノ島町　西ノ島町長　坂栄　一秀,福田　瑶子,内,,平14. 3. 1,ika
診療所,32,2210698,隠岐の島町布施へき地診療所,隠岐郡隠岐の島町布施６４２番地１,08512-7-4346,隠岐広域連合　広域連合長　池田　高世偉,松下　耕太郎,内,,令6. 4. 1,ika
診療所,32,2210706,隠岐の島町国民健康保険都万診療所,隠岐郡隠岐の島町都万１７７３番地１,08512-6-2025,隠岐広域連合　広域連合長　池田　高世偉,森江　祥平,内,,令6. 4. 1,ika
診療所,32,2210714,隠岐の島町国民健康保険都万診療所那久出張所,隠岐郡隠岐の島町那久１５６番地２,08512-6-2887,隠岐広域連合　広域連合長　池田　高世偉,清水　克純,内,,令6. 4. 1,ika
診療所,32,2210730,隠岐の島町国民健康保険五箇診療所,隠岐郡隠岐の島町郡５８４番地１,08512-5-2005,隠岐広域連合　広域連合長　池田　高世偉,佐藤　利昭,内,,令6. 4. 1,ika
診療所,32,2210748,隠岐の島町久見へき地診療所,隠岐郡隠岐の島町久見３０９番地２,08512-5-2256,隠岐広域連合　広域連合長　池田　高世偉,佐藤　利昭,内,,令6. 4. 1,ika
診療所,32,2210755,隠岐の島町国民健康保険中村診療所,隠岐郡隠岐の島町中村８番地１,08512-4-0011,隠岐広域連合　広域連合長　池田　高世偉,松下　耕太郎,内,,令7. 7. 1,ika
病院,32,5010012,独立行政法人国立病院機構　松江医療センター,松江市上乃木５丁目８－３１,0852-21-6131,独立行政法人国立病院機構　理事長　新木　一弘,古和　久典,一般　結核　内　小　外　整外　呼外　リハ　放　歯　麻　アレ　呼吸器内科　消化器内科　循環器内科　脳内,318,昭32. 7. 16,ika
病院,32,5010046,島根大学医学部附属病院,出雲市塩冶町８９番１,0853-23-2111,国立大学法人島根大学　島根大学長　大谷　浩,椎名　浩昭,一般　精神　内分泌代謝内科　血液内科　腫瘍内科　消化器内科　肝臓内科　膠原病内科　呼吸器・化学療法内科　脳内　腎臓内科　循環器内科　消化器外科　肝・胆・膵外科　乳腺外科　放射線治療科　救急科　皮　形外　小　小外　心外　呼外　整外　脳外　ひ　産　婦　耳鼻咽喉科・頭頸部外科　小児心臓血管外科　眼　放　麻　歯外　臨床　病理　リハ　精神科神経科,570,昭54. 10. 15,ika
病院,32,5010053,独立行政法人国立病院機構　浜田医療センター,浜田市浅井町７７７番１２,0855-25-0505,独立行政法人国立病院機構　理事長　新木　一弘,栗栖　泰郎,一般　内　精　小　外　整外　形外　脳外　呼外　心外　皮　ひ　産婦　耳い　リハ　放　麻　歯外　内分泌・代謝内科　血液内科　病理　呼内　脳内　救命　消化器内科　循環器内科　糖尿病内科　腎臓内科,347,平21. 11. 1,ika
診療所,32,0130472,足立歯科医院,松江市山代町字長石４８６－４,0852-25-5100,足立　紀夫,足立　紀夫,歯　歯外　小歯,,昭51. 8. 6,shika
診療所,32,0130530,恩田啓歯科医院,松江市東朝日町小浜２０９－７,0852-26-5808,恩田　啓司,恩田　啓司,歯,,昭54. 5. 15,shika
診療所,32,0130639,田中歯科医院,松江市西持田町３６２－１２,0852-26-5290,田中　政弘,田中　政弘,歯,,昭58. 3. 15,shika
診療所,32,0130654,一般社団法人　島根県歯科医師会　東部口腔保健センター,松江市南田町１４１－９,0852-24-2725,一般社団法人　島根県歯科医師会　会長　内田　朋良,利弘　陽子,歯,,昭58. 5. 16,shika
診療所,32,0130662,松江市立休日歯科応急診療所,松江市南田町１４１－９,0852-27-7101,松江市　松江市長　上定　昭仁,吉川　浩郎,歯,,昭58. 7. 3,shika
診療所,32,0130670,板倉歯科医院,松江市矢田町３２－１,0852-27-3240,板倉　茂行,板倉　茂行,歯,,昭58. 11. 1,shika
診療所,32,0130753,内田歯科医院,松江市西川津町６６６－２,0852-27-8899,内田　朋良,内田　朋良,歯,,昭61. 6. 4,shika
診療所,32,0130761,古賀歯科医院,松江市浜乃木２丁目１４番１８号,0852-27-8110,古賀　宏,古賀　宏,歯,,昭61. 7. 1,shika
診療所,32,0130803,大町泰樹歯科医院,松江市佐草町１９５－１,0852-31-3990,大町　泰樹,大町　泰樹,歯,,昭63. 6. 4,shika
診療所,32,0130852,医療法人辻歯科医院,松江市南田町１４７－１,0852-24-4582,医療法人　歯科医院　理事長　辻　光弘,辻　光弘,歯　矯歯　小歯　歯外,,平2. 1. 1,shika
診療所,32,0130878,勝部歯科クリニック,松江市幸町８２８－１４,0852-23-8143,勝部　亮,勝部　亮,歯,,平2. 5. 8,shika
診療所,32,0130894,医療法人松浦歯科医院,松江市西浜佐陀町３８８,0852-36-7140,医療法人松浦歯科医院　理事長　松浦　大悟,松浦　大悟,歯　歯外　小歯,,平2. 10. 1,shika
診療所,32,0131025,藤井歯科医院,松江市殿町２４８,0852-21-2545,藤井　孝明,藤井　孝明,歯,,平3. 1. 4,shika
診療所,32,0131033,井村歯科クリニック,松江市乃白町字見堂４２０－３,0852-26-4182,井村　秀樹,井村　秀樹,歯,,平3. 11. 1,shika
診療所,32,0131058,安部歯科クリニック,松江市大庭町１０４－１９,0852-31-7001,安部　守,安部　守,歯　小歯,,平4. 1. 2,shika
診療所,32,0131066,医療法人ぐんじ歯科医院,松江市古志原４－１９－１０,0852-27-8181,医療法人　ぐんじ歯科医院　理事長　郡司　位秀,郡司　位秀,歯,,平4. 4. 1,shika
診療所,32,0131116,医療法人井上幸歯科医院,松江市春日町５７９－３,0852-31-1180,医療法人　井上幸歯科医院　理事長　井上　幸夫,井上　幸夫,歯,,平4. 12. 1,shika
診療所,32,0131132,医療法人多田歯科医院,松江市東奥谷町２４３－１０,0852-25-5515,医療法人　多田歯科医院　理事長　多田　宏,多田　宏,歯,,平5. 2. 1,shika
診療所,32,0131157,三原歯科クリニック,松江市下東川津町２６－２,0852-22-4182,三原　和彦,三原　和彦,歯,,平6. 4. 1,shika
診療所,32,0131231,医療法人社団　江歯科医院,松江市邑生町６６７番地２,0852-34-0539,医療法人社団　江歯科医院　理事長　江　保弘,江　保弘,歯　小歯,,平8. 8. 1,shika
診療所,32,0131256,しらつき歯科医院,松江市学園一丁目１６番６３号,0852-27-7776,白築　俊彦,白築　俊彦,歯　小歯　歯外,,平8. 10. 4,shika
診療所,32,0131272,末森歯科医院,松江市西川津町２６９３－２２,0852-55-2828,末森　一彦,末森　一彦,歯,,平9. 4. 9,shika
診療所,32,0131280,医療法人　淡公会　浜田歯科医院,松江市砂子町２０１番地２,0852-24-2435,医療法人　淡公会　理事長　濵田　陽一郎,濵田　陽一郎,歯外　小歯　歯,,平9. 8. 1,shika
診療所,32,0131298,三原歯科医院,松江市末次町５０番地,0852-21-3072,三原　理功,三原　理功,歯　矯歯,,平9. 8. 1,shika
診療所,32,0131314,ライオンデンタルクリニック,松江市古志原３丁目１８番１５号,0852-29-0118,小村　晋之,小村　晋之,歯　小歯,,平10. 9. 1,shika
診療所,32,0131348,なかはた歯科医院,松江市東本町２丁目５９番地,0852-22-1754,中畑　哲也,中畑　哲也,歯　小歯,,平11. 10. 19,shika
診療所,32,0131363,松江生協歯科クリニック,松江市西津田七丁目１４番２１号,0852-26-0444,松江保健生活協同組合　理事長　高濱　顕弘,平井　百合子,歯　歯外　矯歯　小歯,,平12. 3. 21,shika
診療所,32,0131405,青戸歯科医院,松江市北堀町２２５,0852-21-3868,青戸　弘陽,青戸　弘陽,歯,,平13. 7. 1,shika
診療所,32,0131413,金森歯科医院,松江市新雑賀町３－１５,0852-21-6553,医療法人社団　金森歯科医院　理事長　金森　一渓,金森　一渓,歯,,平14. 5. 1,shika
診療所,32,0131439,さいとう歯科,松江市秋鹿町３２０１－３,0852-88-2601,斉藤　尊美,斉藤　尊美,歯,,平14. 9. 6,shika
診療所,32,0131454,片岡歯科医院,松江市学園１丁目４番４３号,0852-20-6678,片岡　聡,片岡　聡,歯　矯歯　小歯　歯外,,平16. 4. 8,shika
診療所,32,0131470,のつ歯科,松江市田和山町１４７－４,0852-60-1182,野津　慶太,野津　慶太,歯,,平16. 10. 16,shika
診療所,32,0131488,水野歯科クリニック,松江市殿町３２,0852-24-3183,水野　博之,水野　博之,歯　歯外,,平17. 4. 1,shika
診療所,32,0131520,やまうち歯科,松江市大輪町３９３－１５,0852-25-7049,山内　順,山内　順,歯　小歯,,平17. 10. 26,shika
診療所,32,0131538,八束歯科クリニック,松江市八束町波入１５２３ー３,0852-76-3666,足立　健次,足立　健次,歯　小歯,,平18. 4. 1,shika
診療所,32,0131546,医療法人スマイルライン　松本歯科医院,松江市西川津町４２８２番地１,0852-20-6810,医療法人スマイルライン　理事長　松本　健太郎,松本　健太郎,歯　小歯,,平18. 5. 23,shika
診療所,32,0131579,おすか歯科医院,松江市黒田町深坪２３－４,0852-28-5858,小須賀　知顕,小須賀　知顕,歯　小歯,,平18. 7. 19,shika
診療所,32,0131595,そのだ歯科クリニック,松江市乃木福富町３０１－４,0852-61-3388,園田　真之,園田　真之,歯　小歯　歯外,,平19. 4. 16,shika
診療所,32,0131603,しかた矯正・小児・歯科医院,松江市灘町１－９,0852-21-4632,四方　雄一郎,四方　雄一郎,歯　矯歯　小歯　歯外,,平20. 4. 1,shika
診療所,32,0131611,上田歯科医院,松江市殿町１０２,0852-21-2798,上田　雅康,上田　雅康,歯　小歯,,平20. 4. 1,shika
診療所,32,0131629,くるみ歯科医院,松江市西尾町１－１１,0852-61-6263,多田　聡,多田　聡,歯　小歯,,平20. 9. 1,shika
診療所,32,0131652,ワタナベ歯科,松江市東忌部町６４５－５,0852-33-9003,渡邊　和寛,渡邊　和寛,歯,,平22. 7. 1,shika
診療所,32,0131660,ひとみ歯科,松江市灘町１３－１,0852-21-2860,人見　晴正,人見　晴正,歯,,平23. 4. 1,shika
診療所,32,0131678,みやび歯科,松江市東朝日町宮ノ沖１３３‐４　マルカビル２Ｆ,0852-25-0382,内田　雅子,内田　雅子,歯　小歯　歯外,,平24. 9. 3,shika
診療所,32,0131686,神庭歯科医院,松江市上乃木７‐６‐５,0852-67-5555,神庭　光司,神庭　光司,歯,,平24. 11. 1,shika
診療所,32,0131702,ほほえみ歯科,松江市西川津町４９１‐１１,0852-67-1473,田窪　久子,田窪　久子,歯,,平25. 7. 1,shika
診療所,32,0131710,吉川歯科クリニック,松江市古志原２－２２－３２,0852-25-9208,吉川　浩郎,吉川　浩郎,歯　小歯,,平26. 4. 1,shika
診療所,32,0131736,ひらもと歯科,松江市上乃木４－２０－２３,0852-28-1082,平元　芳哉,平元　芳哉,歯　小歯,,平26. 11. 7,shika
診療所,32,0131751,たけ歯科クリニック,松江市学園南２丁目３－４４,0852-67-6271,佐々木　岳文,佐々木　岳文,歯,,平27. 4. 1,shika
診療所,32,0131769,山本歯科クリニック,松江市南田町９３－４,0852-67-1841,山本　悦子,山本　悦子,歯　小歯,,平27. 7. 1,shika
診療所,32,0131777,としひろ歯科,松江市東出雲町揖屋２２２７－１,0852-67-5523,利弘　陽子,利弘　陽子,歯　歯外,,平27. 7. 1,shika
診療所,32,0131793,けやき通り歯科クリニック,松江市浜乃木６－１－３６,0852-26-8020,土田　潤一郎,土田　潤一郎,歯　小歯　歯外,,平28. 5. 1,shika
診療所,32,0131801,高木歯科医院,松江市東出雲町揖屋１２２８－３,0852-52-2220,清水　潤,清水　潤,歯　小歯　歯外,,平28. 6. 1,shika
診療所,32,0131819,医療法人スマイルライン　りゅう矯正歯科クリニック,松江市西川津町４２８２番地１,0852-67-2030,医療法人スマイルライン　理事長　松本　健太郎,松本　龍介,矯歯,,平29. 10. 1,shika
診療所,32,0131827,いしいデンタルクリニック,松江市大庭町１８０２番地３,0852-61-1414,医療法人つわぶき　理事長　石井　尚吾,石井　淳也,歯,,平29. 10. 1,shika
診療所,32,0131843,ヨシダデンタルオフィス,松江市堂形町７３５,0852-26-5353,吉田　崇,吉田　崇,歯　小歯　口腔外科,,平30. 10. 1,shika
診療所,32,0131850,医療法人煌星会　よしの歯科クリニック,松江市玉湯町湯町４２２－２,0852-33-7654,医療法人煌星会　理事長　吉野　典子,吉野　慶太,歯　小歯　歯外,,平30. 11. 1,shika
診療所,32,0131868,野波歯科診療所,松江市島根町野波１２２０－４,0852-85-3521,兒島　高徳,兒島　高徳,歯,,平31. 4. 1,shika
診療所,32,0131876,笠木医院,松江市外中原町２３－１,050-8880-3145,岡邊　文,岡邊　文,歯　内　小　リハ,,令2. 9. 7,shika
診療所,32,0131884,蒲池歯科医院,松江市比津が丘４－２－２,0852-21-0703,蒲池　悟郎,蒲池　悟郎,歯,,令3. 4. 1,shika
診療所,32,0131918,おだわら歯科クリニック,松江市黒田町４６５－１,0852-61-8338,小田原　聖,小田原　聖,歯　小歯　歯外,,令4. 2. 1,shika
診療所,32,0131926,医療法人大町歯科医院,松江市幸町８０３番地３４,0852-24-5678,医療法人大町歯科医院　理事長　大町　健介,大町　健介,歯,,令4. 5. 2,shika
診療所,32,0131934,医療法人社団　えみ歯科クリニック,松江市大庭町１８１３－５,0852-67-6805,医療法人社団　えみ歯科クリニック　理事長　藤原　江美,藤原　江美,歯　小歯　歯外,,令5. 2. 1,shika
診療所,32,0131942,あま歯科クリニック,松江市宍道町佐々布２１１－８,0852-66-7278,医療法人　フロンティア　理事長　尼ヶ崎　知也,尼ヶ崎　知也,歯　小歯,,令5. 4. 1,shika
診療所,32,0131967,清水歯科,松江市嫁島町１５－２０,0852-33-7833,医療法人　清水歯科　理事長　清水　崇史,清水　崇史,歯,,令5. 8. 1,shika
診療所,32,0131983,松江歯科口腔外科クリニック,松江市乃木福富町６０　荒川テナント,0852-67-8386,石倉　信造,石倉　信造,歯　歯外,,令5. 11. 1,shika
診療所,32,0131991,まめなか歯科,松江市上乃木９－１２－２,0852-31-1800,酒井　翔悟,酒井　翔悟,歯,,令6. 1. 5,shika
診療所,32,0132007,にじいろ歯科クリニック,松江市津田町３１９－１,0852-28-2216,松田　真理,松田　真理,歯　小歯　歯外,,令6. 3. 1,shika
診療所,32,0132015,こしばら歯科クリニック,松江市古志原六丁目１２番３３号,0852-61-6480,医療法人渡部診療所　理事長　渡部　素次,渡部　宏太,歯　小歯　矯歯,,令6. 10. 1,shika
診療所,32,0132023,えきなん矯正歯科クリニック,松江市大正町３－３,0852-61-3377,髙村　雄太郎,髙村　雄太郎,矯歯,,令7. 1. 10,shika
診療所,32,0132031,八雲かとう歯科クリニック,松江市八雲町日吉３３３－２００,0852-54-1788,加藤　直樹,加藤　直樹,歯　小歯　歯外,,令7. 7. 1,shika
診療所,32,0132049,あさひな歯科,松江市東出雲町揖屋２１２０－２,0852-67-3303,医療法人あさひな歯科　理事長　朝比奈　圭,朝比奈　圭,歯　小歯,,令8. 3. 1,shika
診療所,32,0132056,なかもと歯科・矯正歯科,松江市竹矢町１７６１,0852-67-2518,医療法人スマイル・クリエイション　理事長　中本　紀道,中本　紀道,矯歯　歯外　小歯　歯,,令8. 4. 1,shika
診療所,32,0230165,医療法人社団清永会長谷川歯科診療所,安来市南十神町２７,0854-23-2146,医療法人社団　清永会　理事長　長谷川　清治,長谷川　清治,歯,,平元. 8. 1,shika
診療所,32,0230215,長谷川歯科医院,安来市安来町１１３０－１１番地,0854-22-2508,医療法人社団　公正会　理事長　長谷川　智治,長谷川　智治,歯,,平10. 2. 1,shika
診療所,32,0230223,医療法人吉田歯科クリニック,安来市飯島町４０９－１,0854-23-1323,医療法人　吉田歯科クリニック　理事長　吉田　敬,吉田　敬,歯,,平13. 9. 4,shika
診療所,32,0230249,吉田歯科医院,安来市安来町１９０１番地１,0854-22-2126,医療法人社団　吉恵会　理事長　吉田　達彦,吉田　達彦,歯,,平16. 4. 1,shika
診療所,32,0230256,島田歯科クリニック,安来市安来町１２２５番地１,0854-23-0823,医療法人　島田歯科クリニック　理事長　島田　二郎,島田　二郎,歯,,平23. 3. 1,shika
診療所,32,0230264,仲佐歯科医院,安来市安来町１６２４,0854-22-1515,松浦　理紀,松浦　理紀,歯,,令7. 1. 4,shika
診療所,32,0330106,郷原歯科医院,出雲市平田町５３４５－２,0853-63-4182,郷原　加津馬,郷原　加津馬,歯　小歯,,昭59. 6. 26,shika
診療所,32,0330122,松本歯科医院,出雲市東福町明川３３－１,0853-63-4777,松本　文夫,松本　文夫,歯,,昭62. 10. 16,shika
診療所,32,0330148,医療法人歯科恒松医院,出雲市平田町２２６０－３３,0853-63-2405,医療法人　歯科恒松医院　理事長　恒松　克己,恒松　晃司,歯　歯外,,平元. 9. 1,shika
診療所,32,0330163,どうぜん歯科医院,出雲市平田町７７０５,0853-62-9188,道前　利行,道前　利行,歯　矯歯　小歯　歯外,,平11. 12. 1,shika
診療所,32,0330197,いのうえ歯科,出雲市西平田町９２番地１　９２番地２,0853-63-3477,医療法人　和　理事長　井上　敏,井上　敏,歯　小歯,,平15. 1. 20,shika
診療所,32,0330205,そうもと,出雲市平田町１６３０番地,0853-63-0888,宋本　政文,宋本　政文,歯　小歯　歯外,,令2. 4. 1,shika
診療所,32,0430260,田中歯科医院,出雲市大津町６２６－４,0853-22-6679,田中　敎晃,田中　教晃,歯,,昭52. 4. 1,shika
診療所,32,0430310,オガワ歯科医院,出雲市今市町８４２－４０,0853-23-5590,小川　哲治,小川　哲治,歯　小歯,,昭55. 9. 2,shika
診療所,32,0430328,歯科恒松医院,出雲市今市町北本町４丁目４－９,0853-23-6680,恒松　澄夫,恒松　澄夫,歯,,昭56. 1. 13,shika
診療所,32,0430377,さいとう歯科医院,出雲市塩冶神前６丁目４番９号,0853-22-4180,齋藤　誠,齋藤　誠,歯,,昭60. 4. 1,shika
診療所,32,0430419,医療法人社団藤成会ふじえ歯科矯正歯科クリニック,出雲市松寄下町７１３,0853-21-0297,医療法人社団　藤成会　理事長　藤江　徹,藤江　徹,歯　矯歯,,平元. 8. 1,shika
診療所,32,0430443,医療法人　塩冶川田歯科医院,出雲市塩冶町７６６－５,0853-23-3133,医療法人　塩冶川田歯科医院　理事長　川田　実,川田　実,歯,,平元. 11. 1,shika
診療所,32,0430468,医療法人かわと歯科　かわと歯科医院,出雲市稲岡町３３－７,0853-24-2228,医療法人かわと歯科　理事長　井原　俊彦,井原　大輔,歯,,平3. 9. 1,shika
診療所,32,0430476,かとう歯科クリニック,出雲市稲岡町１８－１,0853-25-1520,加藤　伸次,加藤　伸次,歯,,平4. 4. 20,shika
診療所,32,0430492,医療法人　中澤歯科医院,出雲市大塚町７８２－４,0853-24-2020,医療法人中澤歯科医院　理事長　中澤　和志,中澤　和志,歯　小歯,,平6. 5. 1,shika
診療所,32,0430500,田原歯科医院,出雲市知井宮町１２８１－２,0853-21-8270,田原　清隆,田原　清隆,歯　小歯　歯外,,平7. 2. 6,shika
診療所,32,0430534,ママレイド歯科,出雲市白枝町１１９６－５,0853-23-1184,小池　浩,小池　良枝,歯　小歯　矯歯　歯外,,平7. 10. 16,shika
診療所,32,0430559,えのもと歯科,出雲市神門町１３８８－４,0853-23-3455,榎本　正美,榎本　正美,歯　矯歯　小歯,,平8. 7. 12,shika
診療所,32,0430567,いとう歯科クリニック,出雲市塩冶町１０１１－３,0853-25-0418,伊藤　直子,伊藤　直子,歯　小歯,,平9. 4. 21,shika
診療所,32,0430583,矢野歯科医院,出雲市高岡町５００－２,0853-21-0402,矢野　達夫,矢野　達夫,歯　小歯,,平11. 3. 1,shika
診療所,32,0430625,こう歯科医院,出雲市浜町字若宮３４０－１,0853-24-8839,洪　大造,洪　大造,歯　小歯,,平14. 7. 24,shika
診療所,32,0430682,ふじえ歯科医院,出雲市大津新崎町５－７４,0853-22-7080,藤江　明彦,藤江　明彦,歯,,平19. 3. 18,shika
診療所,32,0430708,めぐみ歯科,出雲市大津朝倉１－１４－１,0853-24-4182,園山　学,園山　学,歯,,平17. 4. 18,shika
診療所,32,0430724,医療法人　あい歯科クリニック,出雲市矢野町１６０番地１,0853-24-8020,医療法人　あい歯科クリニック　理事長　田部　眞治,田部　眞治,歯　矯歯　小歯,,平21. 1. 5,shika
診療所,32,0430732,佐和歯科医院,出雲市大津町２０９８－９,0853-21-1060,嘉藤　泉美,嘉藤　泉美,歯,,平22. 12. 1,shika
診療所,32,0430740,ひらた歯科クリニック,出雲市白枝町５６０－１,0853-23-8888,比良田　智慎,比良田　智慎,歯　小歯,,平25. 10. 2,shika
診療所,32,0430757,出雲おおさわ矯正歯科,出雲市今市町２０６５番地パルメイト出雲２Ｆ,0853-22-0418,医療法人社団　優仁会　理事長　大澤　雅樹,大澤　雅樹,歯　矯歯,,平26. 6. 2,shika
診療所,32,0430773,はやし歯科クリニック,出雲市大津町１６５２,0853-23-8214,林　訓史,林　訓史,歯　小歯　歯外,,平27. 11. 25,shika
診療所,32,0430781,角歯科医院,出雲市大社町杵築東４９１,0853-53-2032,角　篤,角　篤,歯　小歯,,平28. 1. 1,shika
診療所,32,0430799,ひで歯科医院,出雲市駅南町１－９－３,0853-20-8870,吉村　友秀,吉村　友秀,歯　歯外,,平28. 5. 6,shika
診療所,32,0430807,クローバー歯科,出雲市渡橋町１０６６　イオンモール出雲１階,0853-25-9386,園山　壽恵,園山　壽恵,歯,,平28. 5. 1,shika
診療所,32,0430815,山本歯科医院,出雲市下古志町７００－５,0853-22-1405,山本　尚彦,山本　尚彦,歯　矯歯　小歯　歯外,,平28. 5. 1,shika
診療所,32,0430823,高橋歯科医院,出雲市大社町杵築東３９９,0853-53-2284,高橋　文夫,高橋　文夫,歯,,平28. 10. 1,shika
診療所,32,0430831,いしだ矯正・こども歯科,出雲市姫原町１２９番１,0853-25-8686,石多　克行,石多　克行,矯歯　小歯,,平28. 11. 9,shika
診療所,32,0430849,中村歯科医院,出雲市今市町北本町１－７－１５,0853-22-0421,医療法人社団中村歯科医院　理事長　中村　元祐,中村　元祐,歯　小歯,,平29. 4. 1,shika
診療所,32,0430864,にこらい歯科クリニック出雲,出雲市塩冶善行町１２番地２中村ビル１階,0853-25-7170,医療法人社団ニコライ歯科医院　理事長　石原　丈意,石原　丈意,歯　小歯　歯外,,平30. 7. 12,shika
診療所,32,0430872,こばやし歯科,出雲市中野美保南一丁目８番地１７,0853-22-0008,小林　秀亮,小林　秀亮,歯　小歯　歯外,,平30. 7. 1,shika
診療所,32,0430880,医療法人誠蓮会　いずも歯科クリニック,出雲市姫原２丁目８番１１号,0853-31-4618,医療法人誠蓮会　理事長　難波　照啓,難波　照啓,歯　小歯　歯外　矯歯,,平31. 2. 1,shika
診療所,32,0430898,えんや歯科クリニック,出雲市塩冶有原町４－７８,0853-23-3205,医療法人社団　島根勤労者医療協会　理事長　庄司　聖,庄司　聖,歯　小歯　矯歯,,令3. 6. 1,shika
診療所,32,0430914,医療法人政信会おやま歯科医院,出雲市小山町２３７番地１２,0853-22-6480,医療法人政信会　理事長　宋本　政文,中村　保弘,歯　小歯,,令3. 8. 1,shika
診療所,32,0430930,イーハデンタルクリニック　倉塚歯科医院,出雲市塩冶町２０７５,0853-22-7302,倉塚　啓,倉塚　啓,歯,,令4. 3. 1,shika
診療所,32,0430948,医療法人ひの歯科クリニック,出雲市大津新崎町一丁目４６番地６,0853-22-0331,医療法人ひの歯科クリニック　理事長　樋野　雅文,樋野　雅文,歯　歯外　小歯,,令4. 6. 23,shika
診療所,32,0430955,医療法人信生会　みしま歯科医院,出雲市小山町２３３－１,0853-21-6293,医療法人　信生会　理事長　三島　信好,三島　信好,歯　小歯,,令5. 2. 1,shika
診療所,32,0430963,しまだ歯科矯正歯科,出雲市平田町２２６０－２０,0853-63-4660,島田　昂,島田　昂,歯　矯歯,,令7. 4. 18,shika
診療所,32,0530267,西村歯科医院,大田市波根町１３４１－１,0854-85-8621,高橋　敬子,高橋　敬子,歯,,平8. 1. 6,shika
診療所,32,0530275,楫野歯科医院,大田市大田町大田ロ３３５－乙,0854-82-0714,楫野　芙美子,楫野　芙美子,歯,,平8. 5. 20,shika
診療所,32,0530291,もりわき歯科クリニック,大田市大田町大田字松ノ前イ２４４番地２,0854-84-8020,森脇　真樹,森脇　真樹,歯　小歯,,平15. 7. 25,shika
診療所,32,0530317,医療法人　おごし歯科医院,大田市久手町刺鹿７０８番地４,0854-82-0520,医療法人　おごし歯科医院　理事長　生越　浩司,生越　浩司,歯　矯歯　小歯,,平17. 7. 1,shika
診療所,32,0530333,医療法人大浜屋会デンタル・アート・クリニック,大田市大田町大田ロ９７９番地１,0854-84-0321,医療法人大浜屋会　理事長　辰巳　香澄,辰巳　香澄,歯,,平19. 9. 1,shika
診療所,32,0530341,あおば歯科医院,大田市大田町吉永字柳ヶ坪１５５１番１,0854-86-7717,石田　十悟,石田　十悟,歯　小歯,,平20. 12. 1,shika
診療所,32,0530366,景山デンタルクリニック,大田市大田町大田イ６３６－１,,景山　景,景山　景,歯,,平25. 10. 1,shika
診療所,32,0530374,大庭歯科医院,大田市祖式町１０８２－１,0854-85-2700,大庭　雅司,大庭　雅司,歯　小歯,,平26. 11. 1,shika
診療所,32,0530382,医療法人　中村歯科クリニック,大田市長久町長久イ２８１番地１,0854-82-1182,医療法人　中村歯科クリニック　理事長　中村　英典,中村　英典,歯,,令5. 1. 1,shika
診療所,32,0630232,佐々木歯科医院,江津市和木町６０６－２４,0855-52-0811,佐々木　康介,佐々木　康介,歯,,平元. 8. 21,shika
診療所,32,0630257,平下歯科医院,江津市江津町８０９－６,0855-52-2149,平下　秀人,平下　秀人,歯,,平5. 7. 1,shika
診療所,32,0630273,菅田歯科医院,江津市都野津町２３６５－１,0855-53-0150,菅田　整,菅田　整,歯,,平14. 1. 1,shika
診療所,32,0630281,ふじい歯科クリニック,江津市敬川町１１８１－１６,0855-53-4366,藤井　雅彦,藤井　雅彦,歯,,平14. 3. 6,shika
診療所,32,0630299,桜江歯科医院,江津市桜江町川戸１０２－５,0855-92-8282,原田　和典,原田　和典,歯　小歯,,平18. 7. 1,shika
診療所,32,0630307,永井歯科医院,江津市嘉久志町イ１２９９－１,0855-52-0123,永井　健夫,永井　健夫,歯　小歯　歯外,,平27. 8. 1,shika
診療所,32,0630315,多田歯科医院,江津市都野津町２２８３－４,0855-53-0736,多田　雅治,多田　雅治,歯,,令3. 1. 1,shika
診療所,32,0730271,一般社団法人島根県歯科医師会　西部口腔保健センター,浜田市久代町１－８,0855-28-1960,一般社団法人　島根県歯科医師会　会長　内田　朋良,藤井　雅彦,歯,,昭57. 1. 27,shika
診療所,32,0730388,長野歯科医院,浜田市熱田町７９６－４,0855-27-0585,長野　悦郎,長野　悦郎,歯,,平元. 12. 15,shika
診療所,32,0730396,小松原歯科医院,浜田市長沢町３１１２－３,0855-25-5671,小松原　基,小松原　基,歯,,平2. 8. 13,shika
診療所,32,0730404,青笹歯科医院,浜田市朝日町７－１２,0855-23-0641,青笹　之夫,青笹　之夫,歯,,平5. 4. 12,shika
診療所,32,0730420,ながうら歯科,浜田市片庭町９０－１,0855-23-0880,長浦　紀江,長浦　紀江,歯,,平5. 5. 10,shika
診療所,32,0730446,医療法人　梶原歯科医院,浜田市朝日町５３－１,0855-22-0662,医療法人梶原歯科医院　理事長　梶原　光史,梶原　光史,歯,,平5. 11. 1,shika
診療所,32,0730453,杉本歯科医院,浜田市国分町２３０４,0855-28-3311,杉本　哲司,杉本　哲司,歯,,平7. 6. 22,shika
診療所,32,0730487,石橋歯科医院,浜田市京町２７,0855-22-0143,石橋　隆平,石橋　隆平,歯　歯外,,平15. 1. 1,shika
診療所,32,0730503,西島歯科医院,浜田市京町３６－２,0855-22-1548,西島　哲,西島　哲,歯,,平15. 11. 21,shika
診療所,32,0730560,みやもと歯科医院,浜田市新町１－５,0855-22-0960,宮本　康一郎,宮本　康一郎,歯　小歯,,平22. 2. 22,shika
診療所,32,0730578,かずあきデンタルクリニック,浜田市長沢町１１８番地８,0855-22-2719,医療法人社団ななづきオフィス　理事長　山根　一聡,山根　一聡,歯,,平22. 7. 1,shika
診療所,32,0730610,ますたに歯科クリニック,浜田市港町２６７－３,0855-23-6480,舛谷　亘,舛谷　亘,歯,,平25. 6. 1,shika
診療所,32,0730628,遠藤歯科医院,浜田市長沢町５５４－４,0855-23-5690,遠藤　聡,遠藤　聡,歯,,平29. 10. 1,shika
診療所,32,0730636,医療法人口福会　パール歯科,浜田市黒川町４２２９－３,0855-23-3988,医療法人口福会　パール歯科　理事長　佐々木　良二,前原　聡,歯,,平29. 11. 1,shika
診療所,32,0730644,山根歯科医院,浜田市三隅町三隅１３２５－１,0855-32-0145,山根　修太郎,山根　修太郎,歯,,平30. 1. 1,shika
診療所,32,0730651,竹田歯科医院,浜田市周布町イ４３４番地１,0855-27-1032,医療法人社団竹田歯科医院　理事長　竹田　岳史,竹田　岳史,歯　歯外　小歯　矯歯,,令元. 8. 1,shika
診療所,32,0730669,たけはら歯科クリニック,浜田市相生町４２１５番地,0855-23-3698,医療法人社団たけはら歯科クリニック　理事長　竹原　茂央,竹原　茂央,歯,,令2. 1. 1,shika
診療所,32,0730677,医療法人こんどう歯科医院,浜田市治和町イ８９番地７,0855-24-7373,医療法人こんどう歯科医院　理事長　近藤　智義,近藤　智義,歯　小歯　歯外,,令3. 1. 1,shika
診療所,32,0730685,丸山歯科クリニック,浜田市相生町３９１４,0855-25-5307,丸山　人嗣,丸山　人嗣,歯　小歯　矯歯,,令7. 9. 1,shika
診療所,32,0830287,大庭歯科医院,益田市須子町２０－３８,0856-23-6222,大庭　康裕,大庭　康裕,歯,,昭60. 3. 20,shika
診療所,32,0830303,中島歯科医院,益田市高津五丁目１４番２４号,0856-23-7418,中島　謙二,中島　謙二,歯,,昭62. 11. 2,shika
診療所,32,0830311,安村歯科医院,益田市下本郷町１７７－２,0856-23-7717,安村　博,安村　博,歯　小歯,,昭63. 6. 15,shika
診療所,32,0830329,医療法人河広会河野歯科,益田市幸町１番３号,0856-22-1067,医療法人河広会　理事長　河野　廣幸,河野　廣幸,歯　矯歯　小歯　歯外,,平2. 5. 1,shika
診療所,32,0830345,万葉歯科医院,益田市高津一丁目３７番２４号,0856-24-2500,大森　浩,大森　浩,歯,,平3. 4. 1,shika
診療所,32,0830352,ことぶき歯科医院,益田市幸町４－７１,0856-24-0770,齋藤　寿章,齋藤　寿章,歯　歯外,,平3. 5. 8,shika
診療所,32,0830360,大同歯科医院,益田市幸町３－３７,0856-23-0167,齊藤　正臣,齊藤　正臣,歯,,平4. 4. 1,shika
診療所,32,0830378,伊東歯科医院,益田市有明町１番２１号,0856-22-8150,医療法人歯徳会　理事長　伊東　收三,伊東　收三,歯　矯歯,,平6. 6. 1,shika
診療所,32,0830394,みゆき歯科,益田市染羽町４－３５,0856-31-2272,納富　幸,納富　幸,歯　小歯　歯外,,平13. 4. 2,shika
診療所,32,0830402,医療法人　しらがみ歯科,益田市久城町９１１－２,0856-31-0202,医療法人　しらがみ歯科　理事長　白上　憲和,白上　憲和,歯　矯歯　歯外,,平15. 5. 1,shika
診療所,32,0830410,医療法人良歯会椋歯科,益田市駅前町５番１１号,0856-22-2210,医療法人　良歯会　理事長　椋　秀雄,椋　良昭,歯　矯歯　小歯,,平16. 1. 1,shika
診療所,32,0830436,美都歯科診療所,益田市美都町都茂１１６５－１,0856-52-2544,西　一也,西　一也,歯,,平17. 4. 1,shika
診療所,32,0830451,医療法人　良歯会　歯科緑ヶ丘クリニック,益田市高津６丁目１６－３０,0856-24-2266,医療法人　良歯会　理事長　椋　秀雄,椋　秀雄,歯　矯歯　小歯,,平17. 9. 13,shika
診療所,32,0830527,こころ歯科,益田市遠田町３２６－１,0856-27-0939,原田　エミ,原田　エミ,小歯　歯,,平23. 3. 2,shika
診療所,32,0830543,おむら歯科医院,益田市駅前町３１－２４,0856-22-5120,小村　尚徳,小村　尚徳,歯　小歯,,平23. 5. 2,shika
診療所,32,0830550,大畑歯科医院,益田市あけぼの西町１２－１,0856-23-2755,黒田　愛子,黒田　愛子,歯,,平25. 2. 4,shika
診療所,32,0830568,澄川歯科医院,益田市美都町仙道９１１－１,0856-52-7118,医療法人　里山会　理事長　澄川　裕之,澄川　裕之,歯,,平27. 3. 1,shika
診療所,32,0830576,匹見歯科診療所,益田市匹見町匹見イ１１６６,0856-56-0202,医療法人　里山会　理事長　澄川　裕之,澄川　裕之,歯,,平27. 3. 1,shika
診療所,32,0830592,Ｄｅｎｔａｌ　Ｃｌｉｎｉｃ　樹,益田市乙吉町イ９６－５,0856-31-4184,医療法人社団樹会　理事長　深井　直樹,深井　一樹,歯　歯外　小歯　矯歯,,平30. 6. 1,shika
診療所,32,0830600,さいとうファミリー歯科,益田市横田町４２６－６,0856-25-1513,齋藤　泰司,藤　泰司,歯　小歯　歯外,,平30. 3. 13,shika
診療所,32,0830642,さいとう歯科医院,益田市駅前町２２－４,0856-22-1755,齋藤　哲史,齋藤　哲史,歯,,令4. 3. 29,shika
診療所,32,0830659,医療法人蒼葉会　かもしま歯科,益田市かもしま西町２番地１２,0856-32-3132,医療法人　蒼葉会　理事長　永安　慎太郎,永安　慎太郎,歯　小歯　歯外,,令5. 8. 1,shika
診療所,32,1130232,深田歯科医院,松江市宍道町宍道３８２,0852-66-1646,深田　孝宏,深田　孝宏,歯　小歯　歯外,,昭62. 4. 1,shika
診療所,32,1130240,医療法人社団長谷川歯科医院,松江市東出雲町出雲郷７３１－１,0852-52-6363,医療法人社団　長谷川歯科医院　理事長　長谷川　善則,長谷川　善則,歯　小歯　歯外,,平元. 7. 1,shika
診療所,32,1130281,鹿島歯科診療所,松江市鹿島町恵曇１,0852-82-2833,影山　直樹,影山　直樹,歯,,平3. 4. 1,shika
診療所,32,1130331,児島歯科,松江市島根町大芦２１７６－１,0852-85-3360,兒島　高徳,兒島　高徳,歯,,平11. 4. 8,shika
診療所,32,1130349,かなおか歯科医院,松江市美保関町森山６５０－３６,0852-72-3833,金岡　春孝,金岡　春孝,歯　小歯　歯外,,平11. 5. 7,shika
診療所,32,1130364,福本歯科医院,松江市玉湯町湯町１９８１番地１,0852-62-0648,福本　隆生,福本　隆生,歯　小歯,,平16. 10. 1,shika
診療所,32,1130372,医療法人　にしきしんまち歯科医院,松江市東出雲町錦新町二丁目３番１号,0852-52-7800,医療法人にしきしんまち歯科医院　理事長　野村　美奈子,野村　美奈子,歯　小歯　歯外,,平18. 3. 1,shika
診療所,32,1230081,医療法人社団　たんぽぽ歯科医院,安来市広瀬町広瀬１９０４－１,0854-32-2061,医療法人社団たんぽぽ歯科医院　理事長　秀衡　泰子,秀衡　泰子,歯,,平3. 1. 1,shika
診療所,32,1230107,高橋歯科医院,安来市広瀬町広瀬８８４－１,0854-32-2751,高橋　健,高橋　健,歯,,平5. 8. 2,shika
診療所,32,1230115,ベル歯科医院,安来市伯太町安田１６８７－１,0854-37-0081,鐘築　剛,鐘築　剛,歯,,平9. 4. 1,shika
診療所,32,1330121,医療法人慈弘会　高松歯科医院,仁多郡奥出雲町横田７４６－１,0854-52-2300,医療法人慈弘会　高松歯科医院　理事長　高松　弘道,高松　弘道,歯　小歯　矯歯,,平4. 12. 1,shika
診療所,32,1330170,奥出雲歯科,仁多郡奥出雲町三成１６２２番地１,0854-54-1218,植田　博義,植田　博義,歯　歯外,,平21. 5. 1,shika
診療所,32,1430145,医療法人円明会井上歯科医院,雲南市木次町里方１０１３－１,0854-42-0554,医療法人円明会　理事長　井上　盛夫,井上　幹夫,歯　小歯　歯外　矯歯,,平2. 10. 1,shika
診療所,32,1430160,医療法人緑国会山本歯科医院,雲南市加茂町加茂中１０６１－１,0854-49-7105,医療法人　緑国会　理事長　山本　純也,山本　純也,歯,,平4. 9. 1,shika
診療所,32,1430186,磯遊歯科医院,雲南市大東町南村２０２番地５,0854-43-2267,医療法人　円孝会　理事長　磯遊　孝幸,磯遊　孝幸,歯,,平7. 8. 1,shika
診療所,32,1430210,青木歯科医院,雲南市加茂町加茂中８５５－１,0854-49-8800,青木　誠,青木　誠,歯,,平11. 1. 29,shika
診療所,32,1430251,医療法人ドレミ歯科医院,雲南市大東町飯田７８５番地１,0854-43-6480,医療法人　ドレミ歯科医院　理事長　井上　敬夫,井上　敬夫,歯　小歯,,平16. 1. 1,shika
診療所,32,1430285,さくら歯科クリニック,雲南市木次町新市２９,0854-42-0729,松下　卓己,松下　卓己,歯,,平20. 2. 1,shika
診療所,32,1430301,野々村歯科医院,雲南市大東町大東　２４０４の７,0854-43-2457,野々村　徹也,野々村　篤史,歯,,平20. 9. 1,shika
診療所,32,1430319,もりわき歯科,雲南市木次町木次７８０－２６,0854-42-5838,森脇　良威,森脇　良威,歯,,平28. 12. 1,shika
診療所,32,1430327,秦野歯科医院,雲南市木次町下熊谷１５４１－１,0854-42-0039,秦野　恵,秦野　恵,歯,,平30. 4. 1,shika
診療所,32,1530183,だいさ歯科医院,雲南市三刀屋町三刀屋６８－２,0854-45-2666,錦織　達郎,錦織　達郎,歯,,昭62. 3. 27,shika
診療所,32,1530191,医療法人社団上代歯科,雲南市三刀屋町三刀屋１０６１,0854-45-2024,医療法人社団　上代歯科　理事長　上代　一人,上代　一人,歯,,平元. 11. 1,shika
診療所,32,1530225,医療法人有愛会落合歯科医院,雲南市掛合町掛合２１５０－１０,0854-62-0081,医療法人　有愛会　理事長　落合　研,落合　研,歯,,平3. 12. 1,shika
診療所,32,1530233,医療法人有愛会落合歯科医院吉田分院,雲南市吉田町吉田町２５４１,0854-74-0849,医療法人　有愛会　理事長　落合　研,落合　研,歯,,平3. 12. 1,shika
診療所,32,1530241,医療法人社団　足立歯科,雲南市三刀屋町三刀屋１０６６－２,0854-45-2717,医療法人社団　足立歯科　理事長　足立　精子,足立　精子,歯,,平4. 7. 1,shika
診療所,32,1530258,ふくま歯科医院,飯石郡飯南町佐見７６８－８,0854-72-1500,福間　聖,福間　聖,歯,,平4. 8. 3,shika
診療所,32,1630165,井原歯科医院,出雲市斐川町荘原２８５５－２,0853-72-6610,井原　俊彦,井原　俊彦,歯,,昭56. 10. 15,shika
診療所,32,1630231,やの歯科医院,出雲市斐川町直江５３９８,0853-72-8044,矢野　一正,矢野　一正,歯　小歯,,平元. 2. 10,shika
診療所,32,1630256,医療法人政信会ひかわ歯科医院,出雲市斐川町直江４７８０,0853-72-0909,医療法人　政信会　理事長　宋本　政文,塩田　欽三,歯　矯歯　小歯　歯外,,平元. 8. 1,shika
診療所,32,1630280,山田歯科医院,出雲市斐川町荘原２２１５－１,0853-72-9502,山田　勝,山田　勝,歯　小歯,,平2. 6. 15,shika
診療所,32,1630298,医療法人円明会直江歯科診療所,出雲市斐川町上直江９７８－２,0853-72-0159,医療法人円明会　理事長　井上　盛夫,井上　盛夫,歯,,平2. 10. 1,shika
診療所,32,1630314,おおの歯科医院,出雲市多伎町多岐８７７－６,0853-86-2900,大野　勝人,大野　勝人,歯,,平3. 6. 15,shika
診療所,32,1630322,小田川歯科医院,出雲市大社町北荒木１１９５－４,0853-53-3550,小田川　哲也,小田川　哲也,歯　小歯　歯外,,平3. 8. 1,shika
診療所,32,1630330,医療法人　手銭歯科医院,出雲市大社町北荒木３３４－１,0853-53-5205,医療法人　手銭歯科医院　理事長　手錢　親良,手錢　親良,歯　矯歯　小歯　歯外,,平5. 4. 1,shika
診療所,32,1630348,けんこう歯科医院,出雲市佐田町八幡原１３０７－２,0853-85-2500,林　雨増,林　雨増,歯　歯外,,平8. 5. 8,shika
診療所,32,1630363,たなか歯科医院,出雲市斐川町上直江３０８９,0853-73-8155,田中　良男,田中　良男,歯,,平11. 6. 3,shika
診療所,32,1630371,なんば歯科医院,出雲市斐川町富村１９５９－１,0853-73-8030,難波　比呂志,難波　比呂志,歯　小歯,,平12. 10. 17,shika
診療所,32,1630389,岩﨑歯科医院,出雲市佐田町八幡原１８５－１１,0853-85-2000,医療法人　岩﨑医院　理事長　岩﨑　陽,岩﨑　陽,歯,,平5. 12. 1,shika
診療所,32,1630405,原歯科医院,出雲市斐川町学頭６９３－２,0853-72-0616,原　伸,原　伸,歯,,平18. 10. 2,shika
診療所,32,1630421,小池歯科医院,出雲市大社町杵築南８６４－１,0853-53-2417,小池　浩,小池　浩,歯,,平30. 8. 11,shika
診療所,32,1630439,医療法人社団みやまつ歯科クリニック,出雲市斐川町併川１６３６番地１６,0853-72-4185,医療法人社団みやまつ歯科クリニック　理事長　宮松　伸也,宮松　伸也,歯　小歯　歯外　矯歯,,平30. 11. 1,shika
診療所,32,1730080,医療法人泉慈会泉歯科医院,大田市仁摩町仁万５２４－１,08548-8-3881,医療法人泉慈会　泉歯科医院　理事長　泉　成夫,泉　成夫,歯,,平2. 10. 1,shika
診療所,32,1730106,前田歯科医院,大田市温泉津町温泉津小浜イ１０－９,0855-65-1502,前田　憲邦,前田　憲邦,歯　小歯,,平10. 6. 1,shika
診療所,32,1830138,槇平歯科医院,邑智郡川本町川本５５９－２５,0855-72-0510,槇平　與司郎,槇平　與司郎,歯,,昭43. 6. 13,shika
診療所,32,1830203,岸歯科医院,邑智郡邑南町矢上２８－１,0855-95-0010,岸　祐治,岸　祐治,歯,,昭60. 6. 15,shika
診療所,32,1830260,ひらた歯科医院,邑智郡美郷町粕渕２５４,0855-75-0103,比良田　和典,比良田　和典,歯,,平8. 9. 17,shika
診療所,32,1830310,富永歯科医院,邑智郡邑南町山田９７－３,0855-83-0145,医療法人社団やまぼうし　理事長　富永　一道,富永　一道,歯,,令4. 1. 1,shika
診療所,32,1830328,原田歯科医院,邑智郡川本町川本５２７の５,0855-72-0410,原田　孝介,原田　孝介,歯,,令5. 1. 1,shika
診療所,32,1830336,藤本歯科医院,邑智郡邑南町矢上９９３－７,0855-95-1815,藤本　伸一,藤本　伸一,歯,,令5. 4. 18,shika
診療所,32,1930128,大山歯科医院,浜田市旭町今市３８４－１１,0855-45-0048,大山　恒夫,大山　恒夫,歯,,昭63. 7. 1,shika
診療所,32,1930136,田中歯科金城医院,浜田市金城町下来原１５４１－６,0855-42-0823,田中　雅彦,田中　雅彦,歯　小歯,,平元. 5. 6,shika
診療所,32,2130124,こうの歯科医院,鹿足郡吉賀町七日市４７８－１,08567-8-2033,河野　秀則,河野　秀則,歯　小歯,,平11. 3. 5,shika
診療所,32,2130157,医療法人如水会　おがさわら歯科,鹿足郡吉賀町六日市４１１番地３,0856-77-3052,医療法人　如水会　理事長　小笠原　陽一,小笠原　陽一,歯,,平16. 1. 1,shika
診療所,32,2130181,永田歯科医院,鹿足郡津和野町枕瀬１８９－１８,0856-74-0010,永田　宏之,永田　宏之,歯,,令元. 7. 16,shika
診療所,32,2130199,財間歯科医院,鹿足郡津和野町後田ロ１２０,0856-72-0038,財間　達也,財間　達也,歯,,令4. 3. 1,shika
診療所,32,2230312,国民健康保険知夫村歯科診療所,隠岐郡知夫村１１０６－３,08514-8-2011,知夫村　知夫村長　平木　伴佳,高山　裕右,歯,,平2. 6. 1,shika
診療所,32,2230346,海士町国民健康保険海士歯科診療所,隠岐郡海士町海士１４６６,08514-2-0315,海士町　町長　大江　和彦,金井　秀明,歯　矯歯,,平6. 3. 1,shika
診療所,32,2230437,にしのしま歯科,隠岐郡西ノ島町浦郷５４４番地１５,08514-6-1988,西ノ島町　西ノ島町長　坂栄　一秀,木村　稔,歯,,平28. 10. 1,shika
診療所,32,2230452,隠岐の島町国民健康保険都万歯科診療所,隠岐郡隠岐の島町都万１７７３番地１,08512-6-2858,隠岐広域連合　広域連合長　池田　高世偉,加藤　晶,歯,,令6. 4. 1,shika
診療所,32,2230460,隠岐の島町国民健康保険五箇歯科診療所,隠岐郡隠岐の島町郡５８４番地１,08512-5-2301,隠岐広域連合　広域連合長　池田　高世偉,加藤　晶,歯,,令6. 4. 1,shika
診療所,32,2230486,隠岐の島町国民健康保険西郷歯科診療所,隠岐郡隠岐の島町西町八尾の一１番地７,08512-3-1182,隠岐広域連合　広域連合長　池田　高世偉,金子　一朗,歯,,令6. 4. 1,shika
診療所,32,2230494,隠岐の島町国民健康保険中村歯科診療所,隠岐郡隠岐の島町中村８番地１,08512-4-0130,隠岐広域連合　広域連合長　池田　高世偉,金子　一朗,歯,,令7. 7. 1,shika
診療所,32,2230502,さかいＤＥＮＴＡＬ　ＣＬＩＮＩＣ　ＯＫＩ,隠岐郡隠岐の島町西町吉田の三１６－１１,08512-2-0606,酒井　栄太郎,酒井　栄太郎,歯　小歯,,令7. 10. 1,shika
薬局,32,0140081,有限会社和田薬局,松江市北堀町２０７,0852-21-3302,有限会社和田薬局　代表取締役　和田　薫,和田　薫,,,昭32. 9. 14,yakkyoku
薬局,32,0140248,有限会社だるま薬局,松江市殿町７４,0852-21-3648,有限会社　だるま薬局　代表取締役　吉川　真司,吉川　真司,,,昭47. 2. 22,yakkyoku
薬局,32,0140644,調剤薬局ナガトミ,松江市殿町３８３　山陰中央ビル５階,0852-27-2345,株式会社王水堂　代表取締役　長谷川　真弓,越野　花奈恵,,,昭62. 8. 1,yakkyoku
薬局,32,0140677,有限会社ホテイ薬局,松江市上乃木三丁目５番１号,0852-25-5535,有限会社ホテイ薬局　代表取締役　津戸　富太郎,津戸　由紀美,,,昭63. 2. 15,yakkyoku
薬局,32,0140743,千寿堂薬局,松江市砂子町１９６－１,0852-25-4978,有限会社　千寿堂　代表取締役　白石　俊治,白石　俊治,,,平4. 4. 8,yakkyoku
薬局,32,0140800,みるきい調剤薬局,松江市竪町８５,0852-22-7680,有限会社　ミルキーウェイ　代表取締役　瀬崎　陽子,瀬崎　陽子,,,平7. 3. 1,yakkyoku
薬局,32,0140818,さくら薬局古志原店,松江市古志原５丁目１４－５５,0852-25-2325,有限会社　さくら薬局　代表取締役　野津和人,徳島　裕樹,,,平7. 4. 1,yakkyoku
薬局,32,0140958,アイアイ薬局,松江市上乃木９丁目１９番２３号,0852-55-6131,有限会社　ケイアイ　代表取締役　岩谷正夫,岩谷　正夫,,,平10. 3. 1,yakkyoku
薬局,32,0141089,日本調剤　松江薬局,松江市母衣町１２６－３,0852-20-5101,日本調剤　株式会社　代表取締役　小城　和紀,山口　浩平,,,平11. 12. 15,yakkyoku
薬局,32,0141188,有限会社ホテイ薬局山代店,松江市山代町４８０－３,0852-60-7711,有限会社　ホテイ薬局　代表取締役　津戸　富太郎,津戸　啓文,,,平14. 3. 15,yakkyoku
薬局,32,0141238,そうごう薬局北堀店,松江市北堀町１２－３,0852-60-5031,総合メディカル株式会社　代表取締役　多田　荘一郎,小山　司,,,平15. 6. 2,yakkyoku
薬局,32,0141246,すみれ調剤薬局,松江市西津田１０丁目１７番２０－２号,0852-26-4141,有限会社　すみれ調剤薬局　代表取締役　田中　浩志,小畑　幸久,,,平15. 7. 1,yakkyoku
薬局,32,0141287,フロンティア薬局　松江店,松江市乃白町１７０番地１,0852-60-2762,株式会社フロンティア　代表取締役　重森　裕之,足立　奈津子,,,平17. 7. 1,yakkyoku
薬局,32,0141295,有限会社　くすりや調剤薬局,松江市八幡町２８６番地８,0852-37-2303,有限会社　くすりや　代表取締役　森山　恭平,森山　恭平,,,平17. 6. 16,yakkyoku
薬局,32,0141329,りんご薬局,松江市美保関町森山７６５－２,0852-72-9393,有限会社　りんご薬局　代表取締役　陶山　千歳,陶山　千歳,,,平17. 10. 1,yakkyoku
薬局,32,0141402,さくら薬局黒田店,松江市黒田町４２３－２,0852-27-2331,有限会社さくら薬局　代表取締役　野津和人,三島　拓,,,平20. 2. 1,yakkyoku
薬局,32,0141444,スイング　上乃木薬局,松江市上乃木１丁目２番２１号,0852-59-5511,株式会社　エスマイル　代表取締役　大下　訓生,岡本　未織,,,平20. 10. 1,yakkyoku
薬局,32,0141469,比津が丘薬局,松江市比津町４７２－１,0852-27-7240,有限会社　パワーファーマシー　代表取締役　柏木　悦徳,花田　博隆,,,平21. 5. 1,yakkyoku
薬局,32,0141493,生泉堂調剤薬局,松江市大正町４５５－５,0852-20-6507,有限会社　生泉堂　代表取締役　新宮　瑞夫,小林　鈴子,,,平22. 3. 23,yakkyoku
薬局,32,0141550,ひまわり薬局,松江市玉湯町湯町８２６－１,0852-62-2235,有限会社　生泉堂　代表取締役　新宮　瑞夫,遠藤　由美子,,,平22. 10. 1,yakkyoku
薬局,32,0141576,オール薬局　乃木店,松江市乃木福富町４１３－２,0852-60-1820,マイライフ株式会社　代表取締役　糸賀　誠,中野　翔太,,,平23. 2. 1,yakkyoku
薬局,32,0141592,松江中央薬局,松江市堂形町７６１,0852-67-1340,有限会社　パワーファーマシー　取締役　柏木　悦徳,田中　敏通,,,平23. 10. 1,yakkyoku
薬局,32,0141667,そうごう薬局　島根大学前店,松江市学園２丁目２７番１６号,0852-60-0611,総合メディカル株式会社　代表取締役　多田　荘一郎,平田　琳子,,,平25. 1. 1,yakkyoku
薬局,32,0141675,さいかまち薬局,松江市雑賀町７０－２,0852-67-5867,株式会社ディー・ケーファーマシー　代表取締役　斎藤　大善,斎藤　大善,,,平25. 4. 1,yakkyoku
薬局,32,0141691,母衣町薬局,松江市母衣町１９８－４,0852-55-4747,株式会社みどり調剤　代表取締役　髙倉　秀彦,水津　知佳子,,,平25. 4. 1,yakkyoku
薬局,32,0141709,なの花薬局　松江川津店,松江市下東川津町４２－８,0852-61-5715,株式会社　なの花西日本　代表取締役　宇野　光裕,仙田　智子,,,平25. 8. 1,yakkyoku
薬局,32,0141717,かわたに薬局,松江市北田町１３３－８,0852-78-2358,川谷　恭典,川谷　恭典,,,平25. 11. 1,yakkyoku
薬局,32,0141725,そうごう薬局　東出雲店,松江市東出雲町揖屋１０３４番１,0852-61-1771,総合メディカル株式会社　代表取締役　多田　荘一郎,重森　亮有樹,,,平26. 5. 1,yakkyoku
薬局,32,0141741,はくいし薬局,松江市宍道町白石１３７－２１,0852-67-6375,株式会社美郷ファーマシィー　代表取締役　田代　正昭,大橋　君子,,,平26. 8. 1,yakkyoku
薬局,32,0141758,フロンティア薬局乃白店,松江市乃白町２００１番地,0852-60-0760,株式会社　フロンティア　代表取締役　重森　裕之,髙橋　実穂子,,,平26. 9. 1,yakkyoku
薬局,32,0141774,浜乃木薬局,松江市浜乃木２丁目７－１３北川ビル１Ｆ,0852-25-3003,株式会社　みどり調剤　代表取締役　髙倉　秀彦,高倉　慶太,,,平26. 12. 1,yakkyoku
薬局,32,0141782,ひまわり薬局　学園店,松江市学園南１－１１－１７,0852-61-0561,有限会社　生泉堂　代表取締役　新宮　瑞夫,古田川　淳,,,平27. 4. 1,yakkyoku
薬局,32,0141790,太陽薬局　上乃木店,松江市上乃木二丁目２９－２,0852-67-6031,株式会社　トラスト　郡山　信宏,郡山　信宏,,,平27. 9. 1,yakkyoku
薬局,32,0141816,ウェルネス薬局　春日店,松江市春日町５－２,0852-20-1556,株式会社　ツルハグループ　ドラッグ＆ファーマシー西日本　代表取締役社長　村上　正一,池田　亮,,,平27. 8. 16,yakkyoku
薬局,32,0141824,ウェルネス薬局　東津田店,松江市東津田町１１２５－２,0852-20-2650,株式会社　ツルハグループ　ドラッグ＆ファーマシー西日本　代表取締役社長　村上　正一,松隈　一希,,,平27. 8. 16,yakkyoku
薬局,32,0141873,くれよん薬局,松江市上乃木４丁目１０番３１号,0852-67-3904,有限会社スマイル保健企画　上原　隆,多田　千尋,,,平28. 4. 1,yakkyoku
薬局,32,0141881,エスマイル薬局東出雲店,松江市東出雲町揖屋１１８０－８,0852-67-1625,株式会社　エスマイル　代表取締役　大下　訓生,足立　暁,,,平28. 5. 1,yakkyoku
薬局,32,0141899,クローバー薬局　大庭店,松江市大庭町１８０１－２,0852-67-6958,有限会社　中島セイコー堂　代表取締役　中嶋　真理子,村田　周一,,,平28. 4. 27,yakkyoku
薬局,32,0141915,ウェルネス薬局　学園南店,松江市学園南２－１１－３８,0852-55-8630,株式会社ツルハグループドラッグ＆ファーマシー西日本　代表取締役社長　村上　正一,遠藤　正宗,,,平28. 4. 30,yakkyoku
薬局,32,0141923,ひだまり薬局,松江市学園南２－１２－５ＨＯＹＯパークサイドビル１Ｆ,0852-61-4189,株式会社メディパーク　代表取締役　東　明治,東　明治,,,平28. 9. 1,yakkyoku
薬局,32,0141931,木村薬局　宍道東店,松江市宍道町宍道１４１０番地,0852-66-9080,ヘルスラボ・たくみ　株式会社　代表取締役　松崎　高明,松崎　高明,,,平29. 4. 1,yakkyoku
薬局,32,0141949,ファーマシィ薬局松江センター,松江市西津田８丁目８－８,0852-59-5111,株式会社ファーマシィ　代表取締役　武田　輝美,周藤　祥吾,,,平29. 4. 1,yakkyoku
薬局,32,0141956,ウェルネス薬局乃白店,松江市乃白町２０６１番地,0852-59-5235,株式会社ツルハグループドラッグ＆ファーマシー西日本　代表取締役社長　村上　正一,北尾　崇,,,平29. 4. 1,yakkyoku
薬局,32,0141964,木村薬局　宍道西店,松江市宍道町宍道１２９２－１,0852-66-9088,株式会社美郷ファーマシー　代表取締役　田代　正昭,田中　順一,,,平29. 4. 1,yakkyoku
薬局,32,0141972,おれんじ薬局,松江市上乃木九丁目１６４７番３,0852-61-8450,合同会社　ハートニン　代表社員　板倉　昌志,板倉　昌志,,,平29. 5. 1,yakkyoku
薬局,32,0141980,大輪町薬局,松江市大輪町３９２－４４,0852-22-3142,有限会社パワーファーマシー　取締役　柏木　悦徳,栗岡　祐三子,,,平29. 5. 1,yakkyoku
薬局,32,0141998,かわつ薬局,松江市西川津町４０９８番地,0852-61-8616,株式会社　愛花　代表取締役　木村　拓哉,木村　拓哉,,,平29. 9. 1,yakkyoku
薬局,32,0142004,オリーブ薬局,松江市東出雲町錦新町一丁目７番１７号,0852-61-0114,オリーブ薬局株式会社　代表取締役　土井　康寛,土井　康寛,,,平29. 9. 1,yakkyoku
薬局,32,0142012,ウェルネス薬局大庭店,松江市大庭町１８０３－１,0852-60-5685,株式会社ツルハグループドラッグ＆ファーマシー西日本　代表取締役社長　村上　正一,池田　拓也,,,平29. 9. 1,yakkyoku
薬局,32,0142020,あだかえ薬局,松江市東出雲町出雲郷１１５番１７,0852-61-0522,株式会社みどり調剤　代表取締役　高倉　秀彦,勝部　雅章,,,平29. 9. 1,yakkyoku
薬局,32,0142053,フリーダム古志薬局　桧山店,松江市西津田五丁目２２－３３,0852-61-1222,株式会社ココカラファインヘルスケア　代表取締役　岡澤　隆弘,板倉　紗靖佳,,,平30. 4. 1,yakkyoku
薬局,32,0142061,フリーダム古志薬局　大庭店,松江市大庭町１８０５－１,0852-59-3616,株式会社ココカラファインヘルスケア　代表取締役　岡澤　隆弘,前野　由佳,,,平30. 4. 1,yakkyoku
薬局,32,0142079,フリーダム古志薬局　古志原店,松江市古志原三丁目５－４１,0852-67-2200,株式会社ココカラファインヘルスケア　代表取締役　岡澤　隆弘,大樂　佳江,,,平30. 4. 1,yakkyoku
薬局,32,0142087,フリーダム古志薬局　湖北店,松江市岡本町１０９９－１,0852-88-9300,株式会社ココカラファインヘルスケア　代表取締役　岡澤　隆弘,栗山　稔浩,,,平30. 4. 1,yakkyoku
薬局,32,0142095,ウェルネス調剤薬局春日２号店,松江市春日町１８０－１１,0852-60-9020,株式会社ツルハグループドラッグ＆ファーマシー西日本　代表取締役社長　村上　正一,山口　実紗,,,平30. 4. 1,yakkyoku
薬局,32,0142103,イオン薬局松江店,松江市東朝日町１５１　イオン松江店１階,0852-40-2859,イオンリテール株式会社　代表取締役　古澤　康之,仲谷　佳紀,,,平30. 5. 1,yakkyoku
薬局,32,0142111,もも薬局嫁島店,松江市嫁島町１０番１号,0852-33-7671,有限会社もも薬局　代表取締役　西村　武也,清水　拓海,,,平30. 10. 1,yakkyoku
薬局,32,0142129,クオール薬局　松江春日店,松江市春日町３６５－２,0852-28-1680,クオール株式会社　代表取締役　柄澤　忍,佐藤　純平,,,平30. 10. 1,yakkyoku
薬局,32,0142137,クオール薬局　ポエム店,松江市東津田町１１９８－６,0852-60-6700,クオール株式会社　代表取締役　柄澤　忍,小豆澤　和歩,,,平30. 10. 1,yakkyoku
薬局,32,0142145,クオール薬局　南田町店,松江市南田町１４５－１８,0852-20-6510,クオール株式会社　代表取締役　柄澤　忍,山光　翔也,,,平30. 10. 1,yakkyoku
薬局,32,0142152,れいわ薬局　松江店,松江市大正町４４２－４,0852-67-3989,有限会社あんず薬局　代表取締役　泉　基由,泉　基由,,,令元. 7. 1,yakkyoku
薬局,32,0142160,フラワー薬局松江店,松江市浜乃木７丁目９－６８,0852-59-4193,株式会社メディカル一光　代表取締役　遠山　邦彦,杉谷　誠一郎,,,令元. 9. 1,yakkyoku
薬局,32,0142178,ウェルネス調剤薬局　橋南店,松江市西津田７丁目１１－１４,0852-28-5150,株式会社ツルハグループドラッグ＆ファーマシー西日本　代表取締役社長　村上　正一,坂村　昂星,,,令2. 2. 2,yakkyoku
薬局,32,0142186,あいむ薬局　上乃木店,松江市上乃木七丁目６番４号,0852-67-5511,株式会社　愛夢　代表取締役　神原　茂,木村　洋範,,,令2. 3. 27,yakkyoku
薬局,32,0142236,こはる薬局,松江市殿町３１５－１,0852-67-2660,株式会社Ｌｉｖ．Ｌｉｅｎ　代表取締役　三代　良,三代　千代子,,,令3. 3. 1,yakkyoku
薬局,32,0142244,クローバー薬局　嫁島店,松江市嫁島町１４－１１,0852-61-3311,有限会社中島セイコー堂　代表取締役　中嶋　真理子,引野　万輝子,,,令3. 3. 1,yakkyoku
薬局,32,0142251,ウェルネス薬局　北田町店,松江市北田町３３－３,0852-67-7815,株式会社ツルハグループドラッグ＆ファーマシー西日本　代表取締役社長　村上　正一,森松　あづさ,,,令3. 5. 1,yakkyoku
薬局,32,0142277,ウェルネス薬局　西川津店,松江市西川津町６２４番地１３,0852-20-4355,株式会社ツルハグループドラッグ＆ファーマシー西日本　代表取締役社長　村上　正一,小松　京太郎,,,令3. 9. 1,yakkyoku
薬局,32,0142285,ウェルネス薬局　古志原店,松江市古志原二丁目２２－２８,0852-20-6277,株式会社ツルハグループドラッグ＆ファーマシー西日本　代表取締役社長　村上　正一,西山　祥恵,,,令3. 10. 1,yakkyoku
薬局,32,0142327,オリーブ薬局　西川津店,松江市西川津町１２０４,0852-28-0114,オリーブ薬局株式会社　代表取締役　土井　康寛,松本　公彰,,,令4. 6. 1,yakkyoku
薬局,32,0142335,ウェルネス薬局　東出雲店,松江市東出雲町出雲郷８６２－３,0852-67-7267,株式会社ツルハグループドラッグ＆ファーマシー西日本　代表取締役社長　村上　正一,松﨑　良太,,,令4. 10. 1,yakkyoku
薬局,32,0142350,クローバー薬局　浜乃木店,松江市浜乃木３丁目３－２１,0852-67-8177,有限会社中島セイコー堂　代表取締役　中嶋　眞理子,上野　嘉誉江,,,令5. 11. 1,yakkyoku
薬局,32,0142368,ナナクサ薬局,松江市黒田町１００－１２,0852-28-1193,合同会社スクナキャン　代表社員　犬山　那津子,犬山　政功,,,令5. 11. 1,yakkyoku
薬局,32,0142376,ウェルネス薬局　メディカルモール大庭店,松江市大庭町１４４－１,0852-67-8275,株式会社ツルハグループドラッグ＆ファーマシー西日本　代表取締役社長　村上　正一,佐藤　俊彦,,,令5. 12. 1,yakkyoku
薬局,32,0142392,なべや薬局　本庄店,松江市本庄町５３１,0852-34-9800,有限会社ティーエイチシー　代表取締役　福島　潔,鳥居　諒平,,,令6. 4. 1,yakkyoku
薬局,32,0142442,ウェルネス薬局　川津北店,松江市西川津町６６０－１,0852-61-2285,株式会社ツルハグループドラッグ＆ファーマシー西日本　代表取締役社長　村上　正一,西中　香純,,,令7. 2. 1,yakkyoku
薬局,32,0142467,日星薬局　松江店,松江市黒田町２７－１,0852-59-5870,シップヘルスケアファーマシー株式会社　代表取締役　市谷　文吾,松本　真弓,,,令7. 4. 1,yakkyoku
薬局,32,0142475,ニコニコ薬局,松江市東津田町１７６９－５,0852-59-5818,シップヘルスケアファーマシー株式会社　代表取締役　市谷　文吾,信崎　哲郎,,,令7. 4. 1,yakkyoku
薬局,32,0142483,ウェルネス薬局　メディカルモール田和山店,松江市乃白町２２５４番,0852-61-5695,株式会社ツルハグループドラッグ＆ファーマシー西日本　代表取締役社長　村上　正一,楠　直也,,,令7. 7. 1,yakkyoku
薬局,32,0142491,ウェルネス薬局　古志原５丁目店,松江市古志原五丁目２番７５号,0852-61-6385,株式会社ツルハグループドラッグ＆ファーマシー西日本　代表取締役社長　村上　正一,鬼塚　樹希也,,,令7. 5. 2,yakkyoku
薬局,32,0142509,アイテル薬局　揖屋店,松江市東出雲町揖屋字勇才７９９番１,0852-61-1272,ザイタック株式会社　代表取締役　平尾　真,佐々木　慎仁,,,令8. 7. 1,yakkyoku
薬局,32,0142517,アイン薬局松江学園店,松江市学園２丁目６－７,0852-27-4193,株式会社ファーマシィ　代表取締役　武田　輝美,秋山　勝紀,,,令8. 5. 1,yakkyoku
薬局,32,0142525,アイン薬局松江春日店,松江市春日町１９４－５,0852-67-1193,株式会社ファーマシィ　代表取締役　武田　輝美,原　千聖,,,令8. 5. 1,yakkyoku
薬局,32,0142533,アイン薬局松江西川津店,松江市西川津町７６６－７,0852-59-3700,株式会社ファーマシィ　代表取締役　武田　輝美,間﨑　秀隆,,,令8. 5. 1,yakkyoku
薬局,32,0142541,あさひ薬局,松江市朝日町４７６－７,0852-20-2512,株式会社ファーマシィ　代表取締役　武田　輝美,坂本　宏和,,,令8. 5. 1,yakkyoku
薬局,32,0142558,あすか薬局,松江市天神町１５　ウィステリア天神１Ｆ,0852-59-2660,株式会社ファーマシィ　代表取締役　武田　輝美,山田　泰聖,,,令8. 5. 1,yakkyoku
薬局,32,0142566,乃木調剤薬局田和山店,松江市田和山町１１１,0852-20-7787,株式会社ファーマシィ　代表取締役　武田　輝美,若槻　英一郎,,,令8. 5. 1,yakkyoku
薬局,32,0142574,リズム調剤薬局,松江市東奥谷町１４４－１３,0852-25-7708,株式会社ファーマシィ　代表取締役　武田　輝美,佐々木　考,,,令8. 5. 1,yakkyoku
薬局,32,0142582,さくらんぼ薬局東朝日町店,松江市東朝日町２１６－５,0852-60-1901,株式会社ファーマシィ　代表取締役　武田　輝美,服部　友也,,,令8. 5. 1,yakkyoku
薬局,32,0142590,末次調剤薬局,松江市末次町６０,0852-31-6001,株式会社ファーマシィ　代表取締役　武田　輝美,伊藤　桃子,,,令8. 5. 1,yakkyoku
薬局,32,0142608,ひのき薬局,松江市西茶町５３,0852-67-2282,有限会社ひのきケミスト　取締役　坂根　正,坂根　正,,,令8. 6. 1,yakkyoku
薬局,32,0240139,なべや薬局神田店,安来市安来町７６９－１,0854-23-2550,有限会社　なべや本店薬局　代表取締役　福島　潔,田中　由佳,,,平4. 1. 1,yakkyoku
薬局,32,0240154,有限会社調剤薬局ケイ十神店,安来市南十神町１４－１,0854-23-0700,有限会社　調剤薬局ケイ　代表取締役　嘉儀　龍二,嘉儀　龍二,,,平5. 4. 3,yakkyoku
薬局,32,0240170,ラン調剤薬局,安来市飯島町５３０－５,0854-23-1021,有限会社　ナカジマ薬局　代表取締役　中島　幸則,中島　幸則,,,平11. 4. 2,yakkyoku
薬局,32,0240188,安来中央薬局,安来市今津町６７０－３,0854-23-7175,有限会社　パワーファーマシー　取締役　柏木　悦徳,井上　敦介,,,平14. 4. 1,yakkyoku
薬局,32,0240204,そうごう薬局　安来店,安来市安来町９３５－４,0854-23-7671,総合メディカル株式会社　代表取締役　多田　荘一郎,髙木　俊太郎,,,平24. 1. 1,yakkyoku
薬局,32,0240212,そうごう薬局　安来社日店,安来市安来町１２７８－５,0854-21-9771,総合メディカル株式会社　代表取締役　多田　荘一郎,正木　研,,,平29. 5. 1,yakkyoku
薬局,32,0240220,フリーダムプラス薬局,安来市広瀬町広瀬１９５０－１,0854-32-3000,株式会社ココカラファインヘルスケア　代表取締役　岡澤　隆弘,桝田　広志,,,平30. 4. 1,yakkyoku
薬局,32,0240246,なべや薬局八幡店,安来市安来町１１９５－１,0854-27-7037,有限会社ティーエイチシー　代表取締役　福島　潔,酒井　桂,,,令4. 1. 1,yakkyoku
薬局,32,0240261,ウェルネス薬局　安来店,安来市飯島町３９９,0854-23-3520,株式会社ツルハグループドラッグ＆ファーマシー西日本　代表取締役社長　村上　正一,澁川　貴規,,,令4. 11. 1,yakkyoku
薬局,32,0240279,荒島薬局,安来市荒島町３３４２－６,0854-26-4911,ザイタック株式会社　代表取締役　平尾　真,神鳥　聖久,,,令6. 10. 1,yakkyoku
薬局,32,0240287,なべや薬局広瀬店,安来市広瀬町広瀬１９２２－１,0854-32-9503,有限会社ティーエイチシー　代表取締役　福島　潔,中尾　研一朗,,,令6. 10. 1,yakkyoku
薬局,32,0240295,さくら薬局安来赤江店,安来市赤江町１４４７－１,0854-28-8800,株式会社ファーマシィ　代表取締役　武田　輝美,平岡　久明,,,令8. 5. 1,yakkyoku
薬局,32,0340061,フラワー薬局平田店,出雲市西平田町９２,0853-62-0010,有限会社ファーマシーやまだ　代表取締役　山田　珠央,儀満　厚輔,,,平8. 7. 1,yakkyoku
薬局,32,0340111,プラタナス薬局,出雲市平田町９５３－９,0853-62-2611,持田　安行,持田　安行,,,平15. 10. 22,yakkyoku
薬局,32,0340137,日本調剤　出雲薬局,出雲市灘分町５８６番地,0853-63-7566,日本調剤株式会社　代表取締役　小城　和紀,小野　基嗣,,,平24. 3. 12,yakkyoku
薬局,32,0440291,かもめ調剤薬局,出雲市大津新崎町６丁目３７,0853-25-1193,株式会社グッド・ヘルス　代表取締役　森下　守,森下　守,,,平3. 10. 1,yakkyoku
薬局,32,0440358,カトウ薬局,出雲市今市町３１６－７,0853-21-7115,有限会社カトウファーマシー　代表取締役　加藤　仁,加藤　恵子,,,平5. 10. 1,yakkyoku
薬局,32,0440382,フラワー薬局,出雲市東林木町８４３－１９,0853-25-2878,有限会社ファーマシーやまだ　代表取締役　山田　珠央,山田　珠央,,,平6. 7. 1,yakkyoku
薬局,32,0440408,有限会社いちご調剤薬局北本町支店,出雲市今市町北本町２丁目３－２２,0853-23-3055,有限会社いちご調剤薬局　代表取締役　泉　真太郎,泉　真太郎,,,平6. 8. 1,yakkyoku
薬局,32,0440440,Ｄ・Ｃ・Ｂ薬局医大前店,出雲市塩冶神前３丁目８－１７,0853-23-2415,株式会社　ディー・シー・ビー薬局　代表取締役　三宅　子,杉原　諒,,,平7. 1. 1,yakkyoku
薬局,32,0440515,みどり薬局塩冶店,出雲市塩冶町９９１－２,0853-20-2850,有限会社　みどり薬局　代表取締役　高木　勇次,渡部　賢司,,,平10. 11. 2,yakkyoku
薬局,32,0440549,薬局かとう,出雲市小山町３０９番地２,0853-25-2614,有限会社アポテークかとう　代表取締役　加藤　順一,加藤　順一,,,平11. 5. 1,yakkyoku
薬局,32,0440564,出雲薬局,出雲市姫原一丁目５番地６,0853-25-3148,内藤　孝志,内藤　孝志,,,平11. 8. 1,yakkyoku
薬局,32,0440598,すずらん薬局,出雲市小山町７９４番地１,0853-20-7107,有限会社　すずらん薬局　代表取締役　芦矢　亮,芦矢　亮,,,平11. 10. 1,yakkyoku
薬局,32,0440614,やまだ薬局,出雲市姫原町２９０－５,0853-24-0137,有限会社ファーマシーやまだ　代表取締役　山田　珠央,古山　順子,,,平12. 8. 1,yakkyoku
薬局,32,0440622,有限会社いちご調剤薬局,出雲市塩冶町字海上１５３４－５,0853-22-8915,有限会社いちご調剤薬局　代表取締役　泉　真太郎,深田　匡秀,,,平12. 11. 6,yakkyoku
薬局,32,0440630,かもめ薬局稗原店,出雲市稗原町２４８７－１,0853-48-1320,有限会社　ケイ・エス　代表取締役　福田　俊一,福田　俊一,,,平13. 8. 1,yakkyoku
薬局,32,0440671,有限会社　つくし薬局,出雲市里方町８６４番地２,0853-20-0700,有限会社　つくし薬局　代表取締役　勝部　靖隆,勝部　靖隆,,,平14. 10. 4,yakkyoku
薬局,32,0440747,有限会社　いちご調剤薬局神西支店,出雲市神西沖町２２１０－１,0853-43-2602,有限会社　いちご調剤薬局　代表取締役　泉　真太郎,内山　武司,,,平18. 1. 4,yakkyoku
薬局,32,0440754,きらら薬局,出雲市神西沖町字原２０７２番の１,0853-43-7234,有限会社　なかのオリーブ堂　代表取締役　有藤　益身,足立　由鹿,,,平18. 2. 20,yakkyoku
薬局,32,0440770,なかの薬局,出雲市中野町３８１－２,0853-22-7999,有限会社なかのオリーブ堂　代表取締役　有藤　益身,伊藤　英美,,,平18. 5. 6,yakkyoku
薬局,32,0440788,もも薬局,出雲市大島町２１番地４,0853-43-7177,有限会社　もも薬局　代表取締役　西村　武也,森木　浩史,,,平18. 6. 1,yakkyoku
薬局,32,0440812,ファーマシィ薬局きりん,出雲市国富町８３３－１２,0853-62-5884,株式会社ファーマシィ　代表取締役　武田　輝美,北條　聡志,,,平19. 3. 1,yakkyoku
薬局,32,0440838,中の島薬局,出雲市平田町７６０４,0853-62-0052,株式会社　中の島薬局　代表取締役　高野　新一,高野　新一,,,平19. 9. 1,yakkyoku
薬局,32,0440846,つくし薬局小山店,出雲市小山町１１５－１,0853-31-7300,有限会社つくし薬局　代表取締役　勝部　靖隆,古川　ゆかり,,,平19. 10. 2,yakkyoku
薬局,32,0440887,ファーマシィ薬局くにびき,出雲市今市町２０７８,0853-24-7900,株式会社ファーマシィ　代表取締役　武田　輝美,島田　真幸,,,平20. 4. 1,yakkyoku
薬局,32,0440895,ファーマシィ薬局まごころ,出雲市武志町７３３－４,0853-20-1104,株式会社ファーマシィ　代表取締役　武田　輝美,金子　晋,,,平20. 4. 1,yakkyoku
薬局,32,0440903,ファーマシィ薬局すこやか,出雲市塩冶町１５３９－６０,0853-25-3434,株式会社ファーマシィ　代表取締役　武田　輝美,三上　頌太,,,平20. 4. 1,yakkyoku
薬局,32,0440937,はまやま薬局,出雲市松寄下町１０９２番地１８,0853-24-6301,株式会社　エスマイル　代表取締役　大下　訓生,坂元　公哉,,,平20. 10. 1,yakkyoku
薬局,32,0440945,スイング薬局　高岡店,出雲市高岡町５４番地,0853-23-2119,株式会社　エスマイル　代表取締役　大下　訓生,吉田　知佳,,,平20. 10. 1,yakkyoku
薬局,32,0440952,スイング　平田薬局,出雲市西平田町５０番地,0853-63-7711,株式会社　エスマイル　代表取締役　大下　訓生,田中　陽一郎,,,平20. 10. 1,yakkyoku
薬局,32,0440960,ほくよう薬局,出雲市武志町８３６番地１０,0853-24-3755,株式会社　エスマイル　代表取締役　大下　訓生,古川　直樹,,,平20. 10. 1,yakkyoku
薬局,32,0440978,株式会社ネクストプランニング　大社だんだん薬局,出雲市大社町杵築南１３５３－３,0853-53-8123,株式会社ネクストプランニング　代表取締役　有賀　健一,有賀　健一,,,平21. 4. 1,yakkyoku
薬局,32,0440986,おおつ薬局,出雲市大津町１７０７－３,0853-24-7580,有限会社　パワーファーマシー　代表取締役　柏木　悦徳,曽田　篤志,,,平21. 5. 1,yakkyoku
薬局,32,0440994,なの花薬局　平田店,出雲市平田町２１６４－４,0853-62-9251,株式会社　なの花西日本　代表取締役　宇野　光裕,上野　仁士,,,平21. 9. 1,yakkyoku
薬局,32,0441034,みどり薬局,出雲市大津新崎町２丁目１５番地,0853-23-2244,有限会社　みどり薬局　代表取締役　高木　勇次,吉國　敏夫,,,平22. 5. 6,yakkyoku
薬局,32,0441042,平安堂薬局　渡橋店,出雲市渡橋町３３４－１,0853-27-9770,株式会社　平安堂　代表取締役　石部　厚夫,森山　耕太,,,平22. 6. 1,yakkyoku
薬局,32,0441059,ひかり薬局,出雲市多久町８８５－２２,0853-25-7713,株式会社　ゆうしん　代表取締役　江種　俊文,小倉　明日香,,,平22. 10. 1,yakkyoku
薬局,32,0441067,ほんまち薬局,出雲市今市町５３２,0853-23-6400,有限会社　パラオ薬局　代表取締役　直良　健司,直良　健司,,,平23. 4. 1,yakkyoku
薬局,32,0441091,ファーマシィ薬局花のさと,出雲市下古志町１１２５－３,0853-24-7715,株式会社ファーマシィ　代表取締役　武田　輝美,山田　哲,,,平24. 9. 1,yakkyoku
薬局,32,0441109,ながはま薬局,出雲市西園町３３２番地３,0853-27-9839,合同会社　いずもファーマ　代表社員　山本　英,山本　英,,,平24. 10. 1,yakkyoku
薬局,32,0441117,ファーマシィ薬局出雲中央,出雲市姫原４丁目１０－２,0853-24-9910,株式会社ファーマシィ　代表取締役　武田　輝美,大仁田　瑞,,,平25. 3. 1,yakkyoku
薬局,32,0441125,桜ヶ丘薬局,出雲市大津町３６５６‐６,0853-25-7651,株式会社美郷ファーマシー　代表取締役　田代　正昭,舟木　良彦,,,平25. 7. 1,yakkyoku
薬局,32,0441133,もも薬局　出雲インター店,出雲市神西沖町１４５５－９,0853-43-8033,有限会社もも薬局　代表取締役　西村　武也,永岡　智之,,,平25. 9. 1,yakkyoku
薬局,32,0441141,まめな薬局,出雲市大津町１１０１－４,0853-25-8033,有限会社　いちご調剤薬局　代表取締役　泉　真太郎,原　貫二,,,平26. 5. 1,yakkyoku
薬局,32,0441174,ウェルネス薬局　塩冶店,出雲市塩冶有原町５－１１,0853-24-8220,株式会社　ツルハグループ　ドラッグ＆ファーマシー西日本　代表取締役社長　村上　正一,鷲見　秀和,,,平27. 8. 16,yakkyoku
薬局,32,0441182,ウェルネス薬局　出雲駅南店,出雲市駅南町３丁目１３－１,0853-20-1877,株式会社　ツルハグループ　ドラッグ＆ファーマシー西日本　代表取締役社長　村上　正一,田中　俊功,,,平27. 8. 16,yakkyoku
薬局,32,0441190,ウェルネス薬局　大塚店,出雲市大塚町７５０－１,0853-20-1811,株式会社　ツルハグループ　ドラッグ＆ファーマシー西日本　代表取締役社長　村上　正一,榎本　旭,,,平27. 8. 16,yakkyoku
薬局,32,0441208,ウェルネス薬局　白枝店,出雲市白枝町５５１－１,0853-20-1660,株式会社　ツルハグループ　ドラッグ＆ファーマシー西日本　代表取締役社長　村上　正一,三谷　奏子,,,平27. 8. 16,yakkyoku
薬局,32,0441224,出雲サン・メディカル薬局,出雲市塩冶町７７１－２,0853-21-9331,合同会社　西喜　代表社員　吉國　清美,吉國　清美,,,平27. 11. 1,yakkyoku
薬局,32,0441257,ファーマシィ薬局神前,出雲市塩冶神前２丁目１番２５号,0853-24-8866,株式会社ファーマシィ　代表取締役　武田　輝美,赤沼　雄介,,,平28. 5. 1,yakkyoku
薬局,32,0441265,イオン薬局イオンスタイル出雲,出雲市渡橋町１０６６　イオンスタイル出雲１Ｆ,0853-24-8227,イオンリテール株式会社　代表取締役　古澤　康之,川　佑来,,,平28. 4. 28,yakkyoku
薬局,32,0441273,とも薬局渡橋店,出雲市渡橋町３８０－１,0853-27-9305,有限会社もも薬局　代表取締役　西村　武也,相川　義弘,,,平29. 9. 1,yakkyoku
薬局,32,0441281,ウェルネス薬局出雲駅北店,出雲市駅北町１番,0853-24-9621,株式会社ツルハグループドラッグ＆ファーマシー西日本　代表取締役社長　村上　正一,飯塚　紘史,,,平29. 9. 1,yakkyoku
薬局,32,0441299,ファーマシィ薬局新川,出雲市斐川町直江３９６５－２,0853-73-8500,株式会社ファーマシィ　代表取締役　武田　輝美,桑田　祥,,,平29. 11. 1,yakkyoku
薬局,32,0441307,日本調剤　島大薬局,出雲市塩冶町８９－１,0853-24-9811,日本調剤株式会社　代表取締役　小城　和紀,桑田　さおり,,,平30. 3. 1,yakkyoku
薬局,32,0441315,あんず調剤薬局,出雲市西神西町５１８－６,0853-43-7889,吉田　俊彦,吉田　俊彦,,,平30. 6. 1,yakkyoku
薬局,32,0441331,ひよこ薬局,出雲市小山町４４２番地の２,0853-31-4360,有限会社パワーファーマシー　取締役　柏木　悦徳,本田　美知香,,,平30. 9. 1,yakkyoku
薬局,32,0441356,ウェルネス調剤薬局　医大北店,出雲市塩冶町９９０－２－２,0853-27-9215,株式会社ツルハグループドラッグ＆ファーマシー西日本　代表取締役社長　村上　正一,堀尾　昂史,,,令2. 4. 1,yakkyoku
薬局,32,0441364,ウェルネス薬局　北本町店,出雲市今市町北本町５丁目２－７,0853-24-7705,株式会社ツルハグループドラッグ＆ファーマシー西日本　代表取締役社長　村上　正一,福田　恭一,,,令2. 5. 1,yakkyoku
薬局,32,0441372,ウェルネス薬局　斐川店,出雲市斐川町上直江１３０３－１,0853-73-7885,株式会社ツルハグループドラッグ＆ファーマシー西日本　代表取締役社長　村上　正一,粟河　大史,,,令2. 10. 1,yakkyoku
薬局,32,0441380,ファーマシィ薬局しまね医大前,出雲市塩冶神前１丁目７番４号,0853-20-7520,株式会社ファーマシィ　代表取締役　武田　輝美,海田　奈緒美,,,令3. 10. 1,yakkyoku
薬局,32,0441398,ファーマシィ薬局しまね渡橋,出雲市渡橋町１１０４,0853-25-2530,株式会社ファーマシィ　代表取締役　武田　輝美,近政　圭祐,,,令3. 10. 1,yakkyoku
薬局,32,0441406,石原薬局,出雲市平田町９９１－１,0853-62-2224,石原　範男,石原　範男,,,令3. 11. 21,yakkyoku
薬局,32,0441414,なつめ薬局,出雲市中野美保南１丁目４番地１,0853-31-4311,園山　瑞希,園山　瑞希,,,令4. 4. 5,yakkyoku
薬局,32,0441422,平安堂薬局あらき店,出雲市大社町北荒木１０８６－１,0853-31-4735,株式会社　平安堂　代表取締役　石部　厚夫,田村　優香理,,,令4. 4. 1,yakkyoku
薬局,32,0441455,新崎薬局,出雲市大津新崎町６丁目２番地,0853-21-0412,株式会社ＳＨＩＮＺＡＫＩ　代表取締役　渡邉　貴大,渡邉　貴大,,,令4. 5. 1,yakkyoku
薬局,32,0441463,ウエルシア薬局　出雲塩冶原町店,出雲市塩冶原町一丁目５－３５,0853-24-7044,ウエルシア薬局株式会社　代表取締役　田中　純一,岡部　有宏,,,令4. 10. 1,yakkyoku
薬局,32,0441471,どんぐり薬局,出雲市稲岡町６０７番地４,0853-25-7236,合同会社キュリアスリンク　代表社員　小島　知之,小島　知之,,,令4. 10. 1,yakkyoku
薬局,32,0441539,ウェルネス薬局　出雲大社店,出雲市大社町北荒木１２１２－２,0853-27-9735,株式会社ツルハグループドラッグ＆ファーマシー西日本　代表取締役社長　村上　正一,道畑　和成,,,令5. 9. 1,yakkyoku
薬局,32,0441547,Ｄ・Ｃ・Ｂ薬局　ラピタ店,出雲市今市町８７,0853-21-5993,株式会社ディー・シー・ビー薬局　代表取締役　三宅　龍子,三宅　龍子,,,令5. 10. 2,yakkyoku
薬局,32,0441554,まきの薬局,出雲市小山町３５２－７,0853-23-0228,槇野　智之,槇野　智之,,,令5. 11. 1,yakkyoku
薬局,32,0441562,みどり薬局南店,出雲市今市町南本町２７－２,0853-25-9011,有限会社みどり薬局　代表取締役　高木　勇次,高木　勇次,,,令6. 2. 24,yakkyoku
薬局,32,0441570,平安堂薬局　北陽店,出雲市荻杼町３２８番地５,0853-31-6331,株式会社平安堂　代表取締役　石部　厚夫,江　純,,,令6. 8. 1,yakkyoku
薬局,32,0441588,合同会社田中薬局,出雲市大塚町７４５番地２,0853-24-3664,合同会社田中薬局　代表社員　田中　順,田中　順,,,令6. 7. 1,yakkyoku
薬局,32,0441596,アイ・プラス薬局　上塩冶町店,出雲市上塩冶町２６６３－６,0853-25-7210,株式会社愛夢　代表取締役　神原　茂,楫屋　啓子,,,令6. 11. 1,yakkyoku
薬局,32,0441604,クローバー薬局　平田店,出雲市万田町６７８－１,0853-31-4717,有限会社中島セイコー堂　代表取締役　中嶋　眞理子,柏原　督輝,,,令6. 12. 2,yakkyoku
薬局,32,0441620,調剤薬局くすりのファミリア,出雲市渡橋町９８６－１,0853-25-0798,株式会社レーベル薬局　代表取締役　山本　成男,丸山　耕一,,,令7. 3. 1,yakkyoku
薬局,32,0441638,日星薬局　斐川店,出雲市斐川町上直江１４２１－１３,0853-73-8077,シップヘルスケアファーマシー株式会社　代表取締役　市谷　文吾,井原　圭輔,,,令7. 4. 1,yakkyoku
薬局,32,0441646,日星薬局　古志店,出雲市古志町１１０７－１,0853-25-7505,シップヘルスケアファーマシー株式会社　代表取締役　市谷　文吾,澤田　理穂,,,令7. 4. 1,yakkyoku
薬局,32,0441653,しろえだ薬局,出雲市白枝町８８９－４,0853-31-8310,株式会社愛花　代表取締役　木村　拓哉,五反田　光彦,,,令7. 9. 1,yakkyoku
薬局,32,0441661,ファーマシィ薬局西出雲,出雲市芦渡町９８９－３,0853-31-5640,株式会社ファーマシィ　代表取締役　武田　輝美,海田　奈緒美,,,令7. 10. 1,yakkyoku
薬局,32,0441679,斐川かんぴ薬局,出雲市斐川町神氷２７９４－１,0853-31-4196,株式会社斐川かんぴ薬局　代表取締役　手錢　隆,手錢　隆,,,令8. 4. 1,yakkyoku
薬局,32,0441687,塩冶神前ふたば薬局,出雲市塩冶神前５丁目１－１２,0853-31-7660,株式会社ファーマシィ　代表取締役　武田　輝美,卜藏　俊仁,,,令8. 5. 1,yakkyoku
薬局,32,0441695,天神中央薬局,出雲市塩冶有原町６丁目４５－２,0853-25-8145,株式会社ファーマシィ　代表取締役　武田　輝美,塚本　広美,,,令8. 5. 1,yakkyoku
薬局,32,0441703,さくら薬局出雲西平田店,出雲市西平田町２４３－１,0853-62-9800,株式会社ファーマシィ　代表取締役　武田　輝美,小笠原　司朗,,,令8. 5. 1,yakkyoku
薬局,32,0441711,大社まちかど薬局,出雲市大社町北荒木４８５－２,0853-25-9155,株式会社ファーマシィ　代表取締役　武田　輝美,飯島　祥子,,,令8. 5. 1,yakkyoku
薬局,32,0441729,知井宮ふれあい薬局,出雲市知井宮町９８８－１０,0853-21-7123,株式会社ファーマシィ　代表取締役　武田　輝美,下里　彰,,,令8. 5. 1,yakkyoku
薬局,32,0441737,荘原中央薬局,出雲市斐川町荘原２１９２－３,0853-73-7779,株式会社ファーマシィ　代表取締役　武田　輝美,西田　通也,,,令8. 5. 1,yakkyoku
薬局,32,0540207,久手薬局,大田市久手町刺鹿２７３１番地２,0854-82-0775,株式会社　折井　代表取締役　折井　浩,宇川　大悟,,,平19. 6. 1,yakkyoku
薬局,32,0540215,スイング　大田薬局,大田市大田町大田イ２０２番地９,0854-84-0666,株式会社　エスマイル　代表取締役　大下　訓生,初田　香奈子,,,平20. 10. 1,yakkyoku
薬局,32,0540249,ファーマシィ薬局さかえ,大田市仁摩町仁万５６２－１,0854-88-9150,株式会社ファーマシィ　代表取締役　武田　輝美,森脇　純吉,,,平22. 4. 1,yakkyoku
薬局,32,0540280,山崎薬局,大田市大田町大田ロ９２８,0854-82-0132,株式会社　エスマイル　代表取締役　大下　訓生,山﨑　公平,,,平24. 7. 1,yakkyoku
薬局,32,0540298,大田いちご調剤薬局,大田市波根町２１２６－５,0854-85-9015,株式会社　ネクストプランニング　代表取締役　有賀　健一,柿丸　和輝,,,平24. 8. 1,yakkyoku
薬局,32,0540306,なの花薬局　石見長久店,大田市長久町長久ロ２２５－６,0854-82-7555,株式会社　なの花西日本　代表取締役　宇野　光裕,林　輝明,,,平25. 8. 1,yakkyoku
薬局,32,0540322,にま調剤薬局,大田市仁摩町仁万８６０,0854-88-4512,有限会社タビラ薬品　代表取締役　田平　卓也,田平　卓也,,,平25. 10. 15,yakkyoku
薬局,32,0540330,メディ・くり薬局,大田市久利町久利７６７番地１,0854-83-7526,めでぃ薬局　株式会社　代表取締役　山中　さやか,山中　さやか,,,平26. 2. 1,yakkyoku
薬局,32,0540348,なの花薬局　石見大田店,大田市大田町大田ロ１１８６－８,0854-83-7307,株式会社　なの花西日本　代表取締役　宇野　光裕,土屋　雄太,,,平26. 11. 4,yakkyoku
薬局,32,0540355,ウェルネス薬局　大田店,大田市長久町長久ロ２６４－１３,0854-84-0360,株式会社　ツルハグループ　ドラッグ＆ファーマシー西日本　代表取締役社長　村上　正一,三成　一志,,,平27. 8. 16,yakkyoku
薬局,32,0540363,とびうお薬局,大田市大田町大田ロ１１８１番地１９,0854-83-7447,株式会社　とびうお薬局　代表取締役　芦澤　常行,芦澤　常行,,,平30. 5. 1,yakkyoku
薬局,32,0540389,やまびこ薬局,大田市大田町大田イ４７－１,0854-82-6550,株式会社　折井　代表取締役　折井　浩,内部　慎也,,,令3. 7. 1,yakkyoku
薬局,32,0540397,ココカラファイン薬局　大田市立病院店,大田市大田町吉永１４２８－３,0854-83-7251,株式会社ココカラファインヘルスケア　代表取締役　岡澤　隆弘,齋藤　俊輔,,,令3. 11. 1,yakkyoku
薬局,32,0540405,ファーマシィ薬局しまね大田,大田市大田町吉永柳ヶ坪１５６４－３,0854-84-9919,株式会社ファーマシィ　代表取締役　武田　輝美,田中　崇,,,令3. 10. 1,yakkyoku
薬局,32,0540413,かわい薬局,大田市川合町川合１２４３－１,0854-83-7895,株式会社　折井　代表取締役　折井　浩,倉持　由美子,,,令5. 5. 1,yakkyoku
薬局,32,0540421,ウェルネス薬局　大田中央店,大田市大田町大田イ１９４－１,0854-86-8225,株式会社ツルハグループ＆ファーマシー西日本　代表取締役社長　村上　正一,川井　健太郎,,,令6. 12. 1,yakkyoku
薬局,32,0540439,ラパン薬局,大田市大田町大田ロ９３２－１,0854-83-7355,合同会社ウサギの外　代表社員　生越　誠二,生越　誠二,,,令8. 5. 1,yakkyoku
薬局,32,0540447,なるたき薬局,大田市大田町大田ロ１０３１－６,0854-83-7377,株式会社キリークファーマシー　代表取締役　倉持　将己,山口　知己,,,令8. 4. 1,yakkyoku
薬局,32,0640114,株式会社山藤薬局　江津支店,江津市嘉久志町２３０６番地の３０ゆめタウン江津１階,0855-54-0370,株式会社　山藤薬局　石部　厚夫,蔵田　龍一,,,平10. 4. 1,yakkyoku
薬局,32,0640239,日本調剤江津薬局,江津市江津町１０１６番地４１,0855-52-6255,日本調剤株式会社　代表取締役　小城　和紀,髙祖　和晃,,,平18. 6. 1,yakkyoku
薬局,32,0640254,星高調剤薬局,江津市渡津町７９０番地,0855-52-1800,株式会社　エスマイル　代表取締役　大下　訓生,ウメダ　タツユキ,,,平20. 10. 1,yakkyoku
薬局,32,0640288,とまと薬局　敬川店,江津市敬川町２９２－２,0855-54-3050,有限会社　とまと薬局　代表取締役　伊奈　克也,伊藤　弘泰,,,平22. 9. 1,yakkyoku
薬局,32,0640304,はあと薬局,江津市後地町８２５番地１,0855-55-0333,合同会社　アユジック　代表社員　桑原　英寿,花田　もと子,,,平23. 11. 1,yakkyoku
薬局,32,0640346,株式会社　山藤薬局　和木支店,江津市嘉久志町２４２５番地４７先,0855-52-7381,株式会社　山藤薬局　石部　厚夫,友澤　憲人,,,平27. 9. 1,yakkyoku
薬局,32,0640387,たまがわ薬局,江津市桜江町市山２７９－１５,0855-92-1212,株式会社ＡＭＩＨ　代表取締役　岩﨑　吾翔夢,岩﨑　広明,,,平30. 4. 1,yakkyoku
薬局,32,0640403,かくし薬局,江津市嘉久志町イ６７０番３,0855-52-7885,有限会社かなぎ薬局　代表取締役　佐々木　喜慶,岡　慎司,,,平30. 9. 10,yakkyoku
薬局,32,0640429,江の川薬局,江津市江津町１０１６番地４１,0855-54-0160,合同会社江の川　代表社員　松原　康治,松原　康治,,,令2. 4. 1,yakkyoku
薬局,32,0640437,パール薬局　江津店,江津市都野津町２３７９－１,0855-52-7699,株式会社ＴＭＣ　代表取締役　森口　智祥,森口　智祥,,,令3. 10. 1,yakkyoku
薬局,32,0640445,ウエーブ江津健康堂薬局,江津市嘉久志町２３０６－２３,0855-54-0138,株式会社　アクシス　代表取締役　芳野　直人,佐野　真一,,,令4. 11. 7,yakkyoku
薬局,32,0640452,株式会社山藤薬局　都野津支店,江津市都野津町１９６８－２,0855-54-9005,株式会社山藤薬局　石部　厚夫,谷口　徳至,,,令6. 7. 1,yakkyoku
薬局,32,0640460,くすりのファミリア　江津薬局,江津市嘉久志町イ１４９４－５,0855-54-1052,株式会社レーベル薬局　代表取締役　山本　成男,佐々田　宗義,,,令7. 3. 1,yakkyoku
薬局,32,0740427,とまと薬局　殿町店,浜田市殿町７－７,0855-24-0933,有限会社　とまと薬局　代表取締役　伊奈　克也,永田　博幸,,,平14. 9. 1,yakkyoku
薬局,32,0740443,みかわ調剤薬局,浜田市内村町７７２番地２,0855-24-7533,株式会社フクオカ・クリニカル・ファーマシー　代表取締役　髙崎　政弘,宗友　嚴司,,,平15. 1. 1,yakkyoku
薬局,32,0740468,くまさん薬局,浜田市朝日町１４－１,0855-25-0137,有限会社　エンドウ　代表取締役　遠藤　久宜,遠藤　久宜,,,平15. 3. 1,yakkyoku
薬局,32,0740500,さんさん薬局,浜田市港町２９４－３２,0855-24-1661,有限会社　髙村　代表取締役　髙村　睦代,加藤　雅教,,,平16. 4. 1,yakkyoku
薬局,32,0740518,遠藤薬局,浜田市黒川町９７－１０昭和ビル１階,0855-22-7740,有限会社　エンドウ　代表取締役　遠藤　久宜,遠藤　かず子,,,平16. 11. 1,yakkyoku
薬局,32,0740526,あつた薬局,浜田市熱田町１４６３－２,0855-24-7722,株式会社　山縣屋　代表取締役　大石　浩文,田中　朋広,,,平16. 12. 1,yakkyoku
薬局,32,0740542,有限会社みはし薬局,浜田市相生町３９４６,0855-22-5384,有限会社　みはし薬局　代表取締役　田中　眞由美,田中　眞由美,,,平17. 3. 15,yakkyoku
薬局,32,0740567,長沢ゆい薬局,浜田市長沢町３１５４－２,0855-25-1010,株式会社　ゆうしん　代表取締役　江種　俊文,藤原　正憲,,,平17. 10. 1,yakkyoku
薬局,32,0740609,ヒルズ薬局　三隅店,浜田市三隅町三隅１３３９番地,0855-32-3611,有限会社ヒルズ　代表取締役　岡本　正克,岡本　正克,,,平18. 9. 19,yakkyoku
薬局,32,0740617,ひよこ薬局,浜田市熱田町５４１－１,0855-24-7872,株式会社ウィッシングウェルネス　代表取締役　下野　智,下野　智,,,平19. 2. 1,yakkyoku
薬局,32,0740625,株式会社山藤薬局黒川支店,浜田市黒川町２１０番地,0855-25-0725,株式会社　山藤薬局　石部　厚夫,湯浅　晴文,,,平19. 9. 1,yakkyoku
薬局,32,0740641,三隅薬局,浜田市三隅町三隅１３１４－６,0855-32-1577,株式会社　山縣屋　代表取締役　大石　浩文,大石　泰文,,,平19. 11. 1,yakkyoku
薬局,32,0740682,とまと薬局長沢店,浜田市長沢町５５０－１６,0855-22-2257,有限会社とまと薬局　代表取締役　伊奈　克也,永野　健太郎,,,平20. 9. 1,yakkyoku
薬局,32,0740781,ウエーブいわみ薬局,浜田市浅井町８７８‐９,0855-24-1150,株式会社　アクシス　代表取締役　芳野　直人,島　宏也,,,平24. 10. 1,yakkyoku
薬局,32,0740799,ウエーブたまち薬局,浜田市田町５２‐７,0855-22-2228,株式会社　アクシス　代表取締役　芳野　直人,佐々木　真由美,,,平24. 10. 1,yakkyoku
薬局,32,0740807,ウエーブシティパルク薬局,浜田市相生町１３９１‐８シティパルク内１Ｆ,0855-28-7250,株式会社　アクシス　代表取締役　芳野　直人,西野　努,,,平24. 10. 1,yakkyoku
薬局,32,0740815,俵薬局本店,浜田市蛭子町３９,0855-22-0106,俵　榮久,俵　榮久,,,平26. 4. 2,yakkyoku
薬局,32,0740823,三隅さんさん薬局,浜田市三隅町三隅３８７－５,0855-32-4501,有限会社　髙村　代表取締役　髙村　睦代,大内　浩,,,平26. 5. 7,yakkyoku
薬局,32,0740831,シーズ薬局　高田町店,浜田市高田町６７番４,0855-23-6717,有限会社　メディカル・シーズ・コーポレーション　代表取締役　佐々木　喜慶,佐々木　喜慶,,,平26. 10. 6,yakkyoku
薬局,32,0740849,とまと薬局　こくふ店,浜田市国分町１９８１－３４８,0855-25-5710,有限会社　ラブラ　代表取締役　伊奈　克也,伊奈　克也,,,平28. 2. 1,yakkyoku
薬局,32,0740856,ウエルシア薬局　浜田田町店,浜田市田町１１６－６,0855-25-1285,ウエルシア薬局株式会社　代表取締役　田中　純一,光井　須美子,,,平31. 3. 1,yakkyoku
薬局,32,0740864,あすなろ薬局,浜田市下府町９４－２,0855-28-3331,株式会社　エスマイル　代表取締役　大下　訓生,星出　大樹,,,令3. 4. 1,yakkyoku
薬局,32,0740872,有限会社みはし薬局　片庭店,浜田市片庭町８６－１,0855-25-8860,有限会社みはし薬局　代表取締役　田中　眞由美,玉井　佑典,,,令3. 11. 1,yakkyoku
薬局,32,0740880,日脚さんさん薬局,浜田市日脚町１０１１－１,0855-25-6351,有限会社　髙村　代表取締役　髙村　睦代,髙村　睦代,,,令4. 8. 1,yakkyoku
薬局,32,0740914,くすりのファミリア　殿町薬局,浜田市殿町７９－３８,0855-23-5404,株式会社レーベル薬局　代表取締役　山本　成男,德田　安子,,,令7. 3. 1,yakkyoku
薬局,32,0740922,日星薬局　浜田駅北店,浜田市浅井町８６７－３,0855-25-0715,シップヘルスケアファーマシー株式会社　代表取締役　市谷　文吾,白須　優貴,,,令7. 4. 1,yakkyoku
薬局,32,0740930,株式会社山藤薬局　周布支店,浜田市治和町イ１１１－５,0855-24-7715,株式会社山藤薬局　石部　厚夫,酒井　秀樹,,,令7. 8. 1,yakkyoku
薬局,32,0740948,はまだ調剤薬局,浜田市琵琶町１４３－２,0855-23-0502,有限会社ラブラ　代表取締役　伊奈　克也,前原　佐代,,,令7. 8. 1,yakkyoku
薬局,32,0740955,ウェルネス薬局　浜田医療センター前店,浜田市浅井町８７５,0855-25-7305,株式会社ツルハグループドラッグ＆ファーマシー西日本　代表取締役社長　村上　正一,道祖　隆史,,,令8. 1. 1,yakkyoku
薬局,32,0740963,ながさわ薬局,浜田市長沢町３２１－５,0855-25-7215,株式会社医ＳＩＮ　代表取締役　平尾　真,鈴木　康一,,,令8. 4. 1,yakkyoku
薬局,32,0840177,能美恵壽堂薬局,益田市高津５丁目３０－１７,0856-22-4380,有限会社能美薬品　代表取締役　能美　敦,能美　敦,,,昭59. 7. 2,yakkyoku
薬局,32,0840219,調剤薬局タギ,益田市横田町４３３－４,0856-25-1925,有限会社調剤薬局田儀　代表取締役　田儀　政司,大矢　修嗣,,,平2. 12. 1,yakkyoku
薬局,32,0840276,調剤薬局津田,益田市津田町１２６８－１０,0856-27-1945,株式会社　山縣屋　代表取締役　大石　浩文,若槻　勝,,,平4. 11. 2,yakkyoku
薬局,32,0840326,能美薬局,益田市高津２丁目１番２３号,0856-22-0802,有限会社能美薬品　代表取締役　能美　敦,能美　久美子,,,平6. 4. 15,yakkyoku
薬局,32,0840359,晴快堂漢方薬局,益田市乙吉町イ３３５－８,0856-23-5194,澄川　紀明,澄川　紀明,,,平7. 9. 1,yakkyoku
薬局,32,0840391,野村大盛堂薬局,益田市東町１８－３３,0856-24-2509,野村　千尋,野村　千尋,,,平9. 5. 1,yakkyoku
薬局,32,0840425,高津オオバ薬局,益田市高津一丁目９番２号,0856-31-0418,有限会社オオバ　代表取締役　大庭　信行,大庭　信行,,,平9. 6. 2,yakkyoku
薬局,32,0840441,有限会社松本薬局,益田市土井町２番２２号,0856-23-3367,有限会社　松本薬局　取締役　髙村　洋,高村　洋,,,平9. 11. 17,yakkyoku
薬局,32,0840466,調剤薬局オオバ,益田市中島町イ３６－１,0856-23-0020,有限会社　オオバ　代表取締役　大庭　信行,大谷　賢吾,,,平10. 8. 1,yakkyoku
薬局,32,0840508,有限会社　甲佐薬局大和通店,益田市須子町１０番２８号,0856-22-2936,有限会社　甲佐薬局　代表取締役　齋藤康文,齋藤　康文,,,平11. 5. 24,yakkyoku
薬局,32,0840532,有限会社ベニヤ薬局東町店,益田市東町１０－６,0856-24-1372,有限会社　ベニヤ薬局　代表取締役　中村　由紀子,中村　由紀子,,,平11. 6. 1,yakkyoku
薬局,32,0840581,漢方益田薬局,益田市あけぼの本町９－２,0856-23-3001,有限会社　益田薬局　代表取締役　片野　紀男,片野　紀男,,,平12. 10. 2,yakkyoku
薬局,32,0840599,みずほ薬局,益田市下本郷町１７８－２,0856-31-2500,株式会社　プロッグ　代表取締役　大山　治,佐々本　朋之,,,平13. 3. 15,yakkyoku
薬局,32,0840615,永戸薬局本店,益田市横田町２３４,0856-25-2022,有限会社　永戸　代表取締役　永戸　辰弥,永戸　辰弥,,,平14. 7. 1,yakkyoku
薬局,32,0840672,あけぼの調剤薬局,益田市あけぼの西町１５番８号,0856-31-0195,株式会社　山縣屋　代表取締役　大石　浩文,安永　健二,,,平15. 11. 1,yakkyoku
薬局,32,0840698,きりん薬局,益田市あけぼの東町４番４,0856-23-2183,有限会社　林薬品　代表取締役　伊藤　真樹子,伊藤　真樹子,,,平17. 4. 1,yakkyoku
薬局,32,0840706,あおい薬局,益田市乙吉町イ８９番地１０　日興ビル１階,0856-31-1951,有限会社　水野　取締役　水野　慶一,水野　慶一,,,平17. 12. 1,yakkyoku
薬局,32,0840714,益田薬局　緑ヶ丘店,益田市高津町６丁目２３－２１,0856-24-1541,有限会社　益田薬局　代表取締役　野　紀男,野　武俊,,,平18. 2. 1,yakkyoku
薬局,32,0840755,大谷仁成堂薬局高津店,益田市高津８丁目５－３,0856-23-1771,有限会社　仁成堂　代表取締役　大谷　嘉嗣,嶋村　浩太郎,,,平19. 2. 15,yakkyoku
薬局,32,0840771,調剤薬局タギ高津店,益田市高津六丁目１４番３０号,0856-31-1327,有限会社調剤薬局田儀　代表取締役　田儀政司,小山　富士美,,,平19. 9. 7,yakkyoku
薬局,32,0840813,オール薬局　益田店,益田市あけぼの東町１－７,0856-22-3820,マイライフ株式会社　代表取締役　糸賀　誠,島田　大嗣,,,平22. 12. 1,yakkyoku
薬局,32,0840821,有限会社めぐみ薬局,益田市横田町２５３３番地１,0856-31-5060,有限会社めぐみ薬局　代表取締役　大庭　洋恵,大庭　洋恵,,,平23. 7. 4,yakkyoku
薬局,32,0840839,大谷仁成堂薬局松ヶ丘店,益田市高津町４丁目２４－８,0856-24-2376,有限会社　仁成堂　代表取締役　大谷　嘉嗣,添田　進,,,平24. 4. 2,yakkyoku
薬局,32,0840847,株式会社なのはな薬局,益田市駅前町３３番１４号,0856-31-0229,株式会社なのはな薬局　代表取締役　山野　茂樹,山野　茂樹,,,平24. 12. 1,yakkyoku
薬局,32,0840854,調剤薬局サンズ,益田市かもしま東町９番地７,0856-25-7858,株式会社ソウケン　代表取締役　久保　元伸,久保　元伸,,,平25. 5. 1,yakkyoku
薬局,32,0840862,エスマイル薬局　益田店,益田市中島町ロ６０５番１,0856-25-7792,株式会社エスマイル　代表取締役　大下　訓生,宇根　洋介,,,平25. 9. 1,yakkyoku
薬局,32,0840888,ウェルネス薬局　益田日赤病院前店,益田市乙吉町イ１０２－１,0856-31-4126,株式会社　ツルハグループ　ドラッグ＆ファーマシー西日本　代表取締役社長　村上　正一,森　正弘,,,平28. 1. 18,yakkyoku
薬局,32,0840896,ファーマシィ薬局益田センター,益田市乙吉町イ１０３－１,0856-31-1270,株式会社ファーマシィ　代表取締役　武田　輝美,田中　香帆,,,平29. 6. 1,yakkyoku
薬局,32,0840912,みと薬局,益田市美都町都茂１８１３－４,0856-52-3885,美郷振興株式会社　代表取締役　田代　正昭,松久　素子,,,平30. 2. 5,yakkyoku
薬局,32,0840920,ウエルシア薬局　益田駅前店,益田市駅前町１７番１,0856-31-1280,ウエルシア薬局株式会社　代表取締役　田中　純一,澄川　真梨恵,,,平31. 4. 1,yakkyoku
薬局,32,0840946,調剤薬局サンズ　おとよし,益田市乙吉町イ３３４－２,0856-32-3011,株式会社　ソウケン　代表取締役　久保　元伸,久保　元伸,,,令3. 1. 4,yakkyoku
薬局,32,0840953,イオン薬局益田店,益田市乙吉町イ９５－１０,0856-38-0116,イオンリテール株式会社　代表取締役　古澤　康之,今村　祐貴,,,令5. 6. 1,yakkyoku
薬局,32,0840979,コトノ葉薬局,益田市あけぼの西町１３－２０,0856-32-3004,株式会社ゆうしん　代表取締役　江種　俊文,池本　光繁,,,令6. 5. 1,yakkyoku
薬局,32,0840987,大谷仁成堂薬局　乙吉店,益田市乙吉町イ３２２－１０,0856-24-2377,株式会社ウィーズ　代表取締役　田　達也,鈴木　勝,,,令6. 10. 1,yakkyoku
薬局,32,0840995,リリィ薬局,益田市乙吉町イ９０－１７,0856-25-7363,ハルファーマシィー合同会社　代表社員　兵動　悠,兵動　悠,,,令7. 3. 1,yakkyoku
薬局,32,0841001,コタロー薬局,益田市久城町９１９番地２,0856-31-1116,シップヘルスケアファーマシー株式会社　代表取締役　市谷　文吾,丸本　美江,,,令7. 4. 1,yakkyoku
薬局,32,1140031,有限会社サンアイ薬局,松江市八束町波入６０８－９,0852-76-3431,有限会社サンアイ薬局　代表取締役　門脇　康枝,門脇　康枝,,,昭59. 7. 16,yakkyoku
薬局,32,1140106,すみれ調剤薬局八雲店,松江市八雲町日吉１９４－１４,0852-54-9191,有限会社　すみれ調剤薬局　代表取締役　田中　浩志,田中　浩志,,,平15. 7. 1,yakkyoku
薬局,32,1140114,有限会社さくら薬局東出雲店,松江市東出雲町錦新町二丁目２－２,0852-53-0543,有限会社　さくら薬局　代表取締役　野津和人,秦　浩司,,,平16. 6. 21,yakkyoku
薬局,32,1240104,有限会社　さいとう薬局,安来市広瀬町広瀬１４６４番地１,0854-32-2628,有限会社　さいとう薬局　代表取締役　斎藤　俊和,内田　浩子,,,平10. 12. 1,yakkyoku
薬局,32,1240120,古山薬局,安来市広瀬町広瀬８６２番地,0854-32-2720,有限会社　古山薬局　代表取締役　古山　和美,古山　和美,,,平13. 3. 1,yakkyoku
薬局,32,1340102,小林薬局　古市店,仁多郡奥出雲町下横田４２１－１１,0854-52-9620,株式会社ウィーズ　代表取締役　田　達也,福田　将大,,,令6. 10. 1,yakkyoku
薬局,32,1340110,もみじ薬局,仁多郡奥出雲町三成３５８－６,0854-54-0188,株式会社ウィーズ　代表取締役　田　達也,杉原　良洋,,,令6. 10. 1,yakkyoku
薬局,32,1340128,小林薬局　藤ヶ瀬店,仁多郡奥出雲町横田１１９３－３２,0854-52-9115,株式会社ウィーズ　代表取締役　田　達也,児玉　真市,,,令6. 10. 1,yakkyoku
薬局,32,1340136,共栄薬局,仁多郡奥出雲町横田１０４９－１,0854-52-9300,株式会社ウィーズ　代表取締役　田　達也,原田　誠二,,,令6. 10. 1,yakkyoku
薬局,32,1340144,みなり薬局,仁多郡奥出雲町三成１６２２－３,0854-54-9087,株式会社ウィーズ　代表取締役　田　達也,加森　千枝子,,,令6. 10. 1,yakkyoku
薬局,32,1440092,エイト薬局,雲南市大東町飯田９２－７,0854-43-2731,ティーエムファーマシー株式会社　代表取締役　筒井　基博,筒井　哲雄,,,平20. 4. 1,yakkyoku
薬局,32,1440100,おおぎ調剤薬局,雲南市大東町大東２４１５－８,0854-43-8005,ティーエムファーマシー株式会社　代表取締役　筒井　基博,筒井　基博,,,平20. 4. 1,yakkyoku
薬局,32,1440126,あんず薬局,雲南市三刀屋町三刀屋１２１２－５９,0854-45-0255,有限会社　パワーファーマシー　代表取締役　柏木　悦徳,岡野　哲典,,,平21. 7. 1,yakkyoku
薬局,32,1440134,きすき薬局,雲南市木次町木次２７８,0854-42-8331,株式会社　平安堂　代表取締役　石部　厚夫,田村　純嗣,,,平22. 8. 1,yakkyoku
薬局,32,1440142,かけや薬局,雲南市掛合町掛合１３１２－１,0854-62-0817,有限会社　直方メディカルサービス　代表取締役　水口　洋輝,中山　裕美,,,平23. 4. 1,yakkyoku
薬局,32,1440159,大耀堂薬局,雲南市三刀屋町下熊谷１６２５番地２,0854-45-5700,株式会社　大耀堂　取締役　上西　大介,内藤　久美子,,,平24. 6. 1,yakkyoku
薬局,32,1440175,さくら薬局,雲南市大東町飯田１１７－７,0854-43-6890,株式会社　筒井　代表取締役　筒井　幸雄,筒井　幸雄,,,平30. 3. 22,yakkyoku
薬局,32,1440183,有限会社　大東駅前薬局,雲南市大東町飯田１０２－５,0854-43-9067,有限会社　大東駅前薬局　代表取締役　武田　妙子,山田島　智治,,,平30. 3. 19,yakkyoku
薬局,32,1440191,ウェルネス薬局大東店,雲南市大東町下阿用４－７,0854-43-8025,株式会社ツルハグループドラッグ＆ファーマシー西日本　代表取締役社長　村上　正一,谷村　隼人,,,令元. 5. 1,yakkyoku
薬局,32,1440217,たいようどう薬局　木次店,雲南市木次町下熊谷１５４３－５,0854-47-7606,株式会社　大耀堂　取締役　上西　大介,佐藤　朋雄,,,令3. 3. 1,yakkyoku
薬局,32,1440225,かもなか薬局,雲南市加茂町加茂中１３２１－６,0854-49-8811,ティーエムファーマシー株式会社　代表取締役　筒井　基博,錦織　充,,,令4. 9. 1,yakkyoku
薬局,32,1440233,大耀堂うえにし薬局,雲南市木次町木次４３７,0854-47-8085,株式会社大耀堂　代表取締役　上西　大介,上西　大介,,,令7. 6. 1,yakkyoku
薬局,32,1540057,三刀屋中央薬局,雲南市三刀屋町三刀屋１２９４－１３,0854-45-0123,有限会社　パワーファーマシー　取締役　柏木　悦徳,岩野　宏治,,,平16. 11. 1,yakkyoku
薬局,32,1540065,こぶし薬局,飯石郡飯南町頓原２０５７－４,0854-72-0281,有限会社　直方メディカルサービス　代表取締役　水口　洋輝,井上　敦礼,,,平21. 4. 1,yakkyoku
薬局,32,1540073,あじさい薬局,飯石郡飯南町野萱７０６－１,0854-76-3721,有限会社　直方メディカルサービス　代表取締役　水口　洋輝,谷渕　茂樹,,,平21. 4. 1,yakkyoku
薬局,32,1640196,ファーマシィ薬局ひかわ,出雲市斐川町直江４８９７－３,0853-73-7744,株式会社ファーマシィ　代表取締役　武田　輝美,井上　慧,,,平18. 3. 1,yakkyoku
薬局,32,1640220,あいむ薬局　神立店,出雲市斐川町併川字神立７０５‐１,0853-31-4502,株式会社　愛夢　代表取締役　神原　茂,神原　茂,,,平24. 9. 18,yakkyoku
薬局,32,1640246,平安堂薬局　ラピタ大社店,出雲市大社町杵築南９９６,0853-25-8210,株式会社平安堂　代表取締役　石部　厚夫,石部　厚夫,,,平25. 4. 1,yakkyoku
薬局,32,1840051,川本おりづる薬局,邑智郡川本町大字川本３８４－７,0855-72-0152,有限会社　紀美薬局　代表取締役　吉野　一宏,近藤　和也,,,平10. 8. 17,yakkyoku
薬局,32,1840085,だいわ薬局,邑智郡美郷町都賀本郷１６３,0855-82-2550,美郷振興株式会社　代表取締役　田代　正昭,門田　直,,,平23. 11. 1,yakkyoku
薬局,32,1840101,ふわり薬局,邑智郡邑南町矢上３８５４番地２,0855-95-2877,合同会社ふわり　代表社員　倉本　三寛,倉本　三寛,,,令2. 6. 1,yakkyoku
薬局,32,1840119,エスマイル薬局　邑南店,邑智郡邑南町中野３８４８－２,0855-95-3522,株式会社エスマイル　代表取締役　大下　訓生,都田　圭介,,,令4. 12. 5,yakkyoku
薬局,32,1840127,美郷ふるさと薬局,邑智郡美郷町粕渕３６５－１,0855-74-2555,株式会社薬屋ヤマバヤシ　代表取締役　山林　快,山林　快,,,令6. 1. 1,yakkyoku
薬局,32,1840143,かわもと薬局,邑智郡川本町川本５２５－２,0855-72-0910,株式会社石見川本ファーマシー　代表取締役　髙村　斉,髙村　斉,,,令7. 4. 1,yakkyoku
薬局,32,1940034,有限会社かなぎ薬局,浜田市金城町七条ハ４０５－８,0855-42-3550,有限会社　かなぎ薬局　代表取締役　佐々木　喜慶,山口　温子,,,平11. 1. 18,yakkyoku
薬局,32,1940059,旭おりづる薬局,浜田市旭町丸原１３９番地８,0855-45-8123,有限会社メディカル宏成　代表取締役　吉野　一宏,松浦　常雄,,,平17. 8. 1,yakkyoku
薬局,32,1940091,弥栄中央薬局,浜田市弥栄町木都賀イ５３０－３,0855-48-5333,株式会社　弥栄　代表取締役　増田　浩之,増田　浩之,,,平24. 2. 1,yakkyoku
薬局,32,2140089,有限会社望月薬局,鹿足郡津和野町後田口の３４１番地,0856-72-0045,有限会社　望月薬局　代表取締役　望月　安見子,望月　安見子,,,昭49. 11. 1,yakkyoku
薬局,32,2140113,柿木つくし薬局,鹿足郡吉賀町柿木６５１－５,0856-79-2491,有限会社　ミウラ　代表取締役　三浦　謙二,三浦　謙二,,,平7. 4. 1,yakkyoku
薬局,32,2140121,有限会社三五舎薬局,鹿足郡津和野町森村ロ７０番地,0856-72-4035,有限会社　三五舎薬局　代表取締役　望月　靖,望月　靖,,,平8. 4. 1,yakkyoku
薬局,32,2140139,ホワイト薬局,鹿足郡吉賀町六日市７９３番地２,0856-77-3060,有限会社　ホワイト薬局　代表取締役　草尾　正治,草尾　正治,,,平10. 4. 1,yakkyoku
薬局,32,2140147,あやめ薬局,鹿足郡吉賀町六日市３７８番地５,0856-77-3073,株式会社　エスマイル　代表取締役　大下　訓生,小田　公太郎,,,平15. 4. 1,yakkyoku
薬局,32,2140170,すみれ薬局,鹿足郡吉賀町柿木村柿木３１０番地１,0856-79-8123,株式会社イーグレット　代表取締役　飯田　好昭,神山　海太郎,,,平26. 4. 1,yakkyoku
薬局,32,2140188,さくら薬局,鹿足郡津和野町鷲原イ２０８番地１,0856-72-4066,株式会社　山縣屋　代表取締役　大石　浩文,山下　輝樹,,,平26. 8. 1,yakkyoku
薬局,32,2140196,てるてる薬局,鹿足郡津和野町後田ロ３９３－１　ＮＴＴビル１Ｆ,0856-72-4123,アールエムファーマ株式会社　代表取締役　三吉　竜太,池田　早織,,,令3. 10. 1,yakkyoku
薬局,32,2140204,日星薬局,鹿足郡津和野町枕瀬１８９番地７,0856-74-0330,シップヘルスケアファーマシー株式会社　代表取締役　市谷　文吾,山﨑　綾香,,,令7. 4. 1,yakkyoku
薬局,32,2240111,スイング　島前薬局,隠岐郡西ノ島町大字美田２０６８－２,08514-7-9001,株式会社　エスマイル　代表取締役　大下　訓生,藤田　収,,,平21. 5. 1,yakkyoku
薬局,32,2240129,スイング　おき薬局,隠岐郡隠岐の島町城北町３５５番地の３,08512-3-0080,株式会社　エスマイル　代表取締役　大下　訓生,前川　望,,,平24. 7. 2,yakkyoku
薬局,32,2240137,くすりのさかい,隠岐郡隠岐の島町城北町３７６　サンテラス内,08512-2-4359,酒井　一樹,酒井　一樹,,,令2. 7. 1,yakkyoku
