med_type,pref_code,med_code,name,address,phone,opener,manager,depts,beds,designated_date,source
病院,46,0110365,医療法人　慈恵会　土橋病院,鹿児島市西田一丁目１６の１,099-257-5711,医療法人　慈恵会　理事長　土橋　苑子,土橋　美子,一般　内　神内　リハ　放　心内　精　アレ　呼吸器内科,,昭32. 10. 1,kyushu/000491324.zip
病院,46,0110431,公益社団法人　いちょうの樹　メンタルホスピタル鹿児島,鹿児島市永吉一丁目１１番１号,099-256-4567,公益社団法人　いちょうの樹　理事長　佐藤　大輔,新里　研吾,精神　精　心内　神内　内,395,昭32. 10. 1,kyushu/000491324.zip
病院,46,0110563,公益社団法人　鹿児島共済会　南風病院,鹿児島市長田町１４－３,0570-01-7333,公益社団法人　鹿児島共済会　会長　貞方　洋子,吉野　伸司,一般　内　腎臓内科　老年内科　肝臓内科　緩和ケア内科　糖尿病・内分泌内科　ペインクリニック内科　外　脳外　整外　小児整形外科　放　麻　リハ　リウ　病理診断科　呼内　脳内　人工透析内科　呼外　消化器内科　消化器外科　循環器内科　腎臓内科,308,昭32. 10. 1,kyushu/000491324.zip
病院,46,0110621,医療法人　恵和会　白浜病院,鹿児島市常盤１丁目１７番１号,099-253-4141,医療法人　恵和会　理事長　才川　崇,前田　博久,精神　精,168,昭32. 10. 1,kyushu/000491324.zip
病院,46,0110738,日高病院,鹿児島市西千石町８番１３号,099-223-3291,医療法人　仁風会　理事長　日高　正八郎,日高　正八郎,一般　療養　整外　リハ　リウ　神内　麻　循　形外,,昭32. 10. 1,kyushu/000491324.zip
病院,46,0110811,桜島　病院,鹿児島市野尻町５９,099-221-2031,社会医療法人　天陽会　理事長　厚地　伸彦,今村　進一,療養　内　外　リハ　放　眼　耳い　循環器内科　整外,,昭32. 10. 1,kyushu/000491324.zip
病院,46,0110910,社会福祉法人恩賜財団済生会支部　済生会鹿児島病院,鹿児島市南林寺町１の１１,099-223-0101,社会福祉法人　恩賜財団済生会支部　鹿児島県済生会　支部長　久保園　高明,黒野　明日嗣,一般　療養　内　放　腎臓内科　透析内科　消化器内科　循環器内科　呼内,,昭32. 7. 1,kyushu/000491324.zip
病院,46,0110985,公益財団法人　東風会　三船病院,鹿児島市吉野町１０００４の１,099-247-3016,公益財団法人　東風会　理事長　日高　道生,年永　隆一,一般　結核　療養　内　呼　消　リハ　外　形外,116,昭32. 10. 1,kyushu/000491324.zip
病院,46,0111025,医療法人　敬愛会　玉里病院,鹿児島市玉里町２６－２０,099-224-0700,医療法人　敬愛会　理事長　中江　佐八郎,吉田　巌,精神　精　心内　内,180,昭33. 3. 10,kyushu/000491324.zip
病院,46,0111058,医療法人　敬愛会　中江病院,鹿児島市西千石町４番１３号,099-224-3121,医療法人　敬愛会　理事長　中江　佐八郎,中江　佐八郎,療養　内　循環器内科　消化器内科　呼内　リハ,,昭33. 4. 1,kyushu/000491324.zip
病院,46,0111157,玉水会病院,鹿児島市下伊敷一丁目１番５号,099-223-3330,医療法人　玉水会　理事長　永友　知澄,長友　由紀子,一般　内科　糖尿病内科　消化器内科　循環器内科　リハ　心内　呼内,,昭34. 1. 1,kyushu/000491324.zip
病院,46,0111199,医療法人　康成会　植村病院,鹿児島市草牟田一丁目４－７,099-222-6925,医療法人　康成会　理事長　植村　健,植村　健,一般　療養　内　神内　胃　循　リハ,,昭33. 4. 1,kyushu/000491324.zip
病院,46,0111355,社会医療法人　愛仁会　植村病院,鹿児島市伊敷二丁目１番２号,099-220-1730,社会医療法人　愛仁会　理事長　新井　尚希,川名　英世,一般　内　外　心外　循環器内科　消化器内科　呼内　救急科　整外　リハ　神内,,昭35. 5. 1,kyushu/000491324.zip
病院,46,0111603,医療法人　明心会　吉野病院,鹿児島市吉野四丁目３２番１号,099-243-0048,医療法人　明心会　理事長　児玉　和久,竹之内　薫,精神　精　心内,121,昭37. 2. 1,kyushu/000491324.zip
病院,46,0111637,医療法人　共助会　三州脇田丘病院,鹿児島市宇宿７丁目２６番１号,099-264-0667,医療法人　共助会　理事長　日笠山　大介,西　圭三,精神　精　内　心内,162,昭37. 6. 1,kyushu/000491324.zip
病院,46,0112031,西田橋小田原病院,鹿児島市平之町１－２７,099-224-0823,医療法人　尚愛会　理事長　小田原　良治,小林　由佳,一般　内科　糖尿病内科　リハ　脳内　胃腸内科　リウ　循環器内科,,昭40. 5. 1,kyushu/000491324.zip
病院,46,0112072,上町いまきいれ病院,鹿児島市長田町５番２４号,099-222-1800,公益社団法人　昭和会　代表理事　今給黎　和幸,丸山　芳一,一般　内　脳内　整外　リハ　眼　糖尿病内科,101,昭40. 7. 1,kyushu/000491324.zip
病院,46,0112304,医療法人　慈圭会　八反丸リハビリテーション病院,鹿児島市下竜尾町３－２８,099-222-3111,医療法人　慈圭会　理事長　八反丸　哲史,福田　美喜子,療養　整外　リハ　外　内　リウ　心内,150,昭41. 8. 1,kyushu/000491324.zip
病院,46,0112387,共立病院,鹿児島市南郡元町１１－１１,099-255-3151,医療法人　恵山会　理事長　鮫島　紹一郎,白澤　尚宏,一般　療養　内　外　整外　リハ　麻　循環器内科　消化器内科　消化器外科　肛門外科,,昭42. 1. 6,kyushu/000491324.zip
病院,46,0112510,谷山病院,鹿児島市小原町８番１号,099-269-4111,公益財団法人　慈愛会　理事長　今村　英仁,福田　恭哉,精神　精　内,392,昭32. 10. 1,kyushu/000491324.zip
病院,46,0112528,鹿児島赤十字病院,鹿児島市平川町２５４５,099-261-2111,日本赤十字社　社長　清家　篤,砂原　伸彦,一般　内　リウ　整外　脳外　放　リハ　麻　呼内　循環器内科,120,昭32. 7. 1,kyushu/000491324.zip
病院,46,0112577,医療法人　愛人会　川島病院,鹿児島市谷山中央一丁目１５番１号,099-800-8800,医療法人　愛人会　理事長　川島　裕雄,川島　英夫,療養　外　内　リハ　麻　胃腸内科,,昭38. 10. 1,kyushu/000491324.zip
診療所,46,0113351,高山　内科医院,鹿児島市郡元三丁目１番６号,099-251-3275,高山　義則,高山　義則,一般　内　呼　胃　消　循　小　放,,昭46. 9. 1,kyushu/000491324.zip
診療所,46,0113393,唐仁原医院,鹿児島市錦江町１の５８,099-226-6037,唐仁原　誠,唐仁原　誠,外　脳外,,昭46. 12. 1,kyushu/000491324.zip
病院,46,0113591,白石病院,鹿児島市薬師一丁目１２－２２,099-255-0101,社会医療法人　白光会　理事長　白石　幸三,尊田　和徳,一般　療養　内科　腎臓内科　人工透析内科　糖尿病内科　循環器内科　リハ　放　血管外科,,昭48. 4. 1,kyushu/000491324.zip
病院,46,0113948,尾辻病院,鹿児島市南新町１番２９号,099-251-2209,医療法人　常清会　理事長　川池　浩二,土井　斉,精神　精,155,昭50. 2. 1,kyushu/000491324.zip
病院,46,0114045,総合病院　鹿児島生協病院,鹿児島市谷山中央五丁目２０番１０号,099-267-1455,鹿児島医療生活協同組合　理事長　駿河　保彰,山下　義仁,一般　療養　内　呼内　消化器内科　循環器内科　神内　小　外　整外　眼　婦　ひ　肛門外科　麻　放　リハ　リウ　救急科　腎臓内科　人工透析内科　糖尿病内科　内分泌内科　アレ　病理診断科,259,昭50. 10. 1,kyushu/000491324.zip
病院,46,0114391,中央病院,鹿児島市泉町６番７号,099-226-8181,社会医療法人　天陽会　理事長　厚地　伸彦,厚地　伸彦,一般　循環器内科　呼内　消化器内科　神内　外科　肛門外科　整外　心外　眼　放　リハ　麻　内　救急科,219,昭52. 7. 1,kyushu/000491324.zip
病院,46,0114805,やまびこ医療福祉センター,鹿児島市皆与志町１７７９番地,099-238-2755,社会福祉法人　向陽会　理事長　本重　博史,小八重　秀彦,一般　療養　小　内　外　整外　リハ　歯,161,昭54. 1. 1,kyushu/000491324.zip
病院,46,0114953,伊敷病院,鹿児島市下伊敷二丁目４番１５号,099-220-4645,医療法人　有隣会　理事長　植村　健吾,植村　健吾,精神　一般　精　神内　内,210,昭54. 7. 1,kyushu/000491324.zip
病院,46,0115141,前田病院,鹿児島市中央町３０番地１１,099-256-2000,医療法人　友愛会　理事長　前田　淑美,濱畑　和久,一般　療養　整外　内科　糖尿病内科　リハビリテーション科　消化器内科,,昭55. 3. 1,kyushu/000491324.zip
病院,46,0115513,大勝病院,鹿児島市真砂本町３－９５,099-253-1122,医療法人　三州会　理事長　大勝　秀樹,有村　公良,一般　療養　脳内　リハ,321,昭56. 4. 1,kyushu/000491324.zip
病院,46,0115521,厚地脳神経外科病院,鹿児島市東千石町４番１３号,099-226-1231,医療法人　慈風会　理事長　厚地　正道,永山　哲也,一般　脳外　リハ　放　脳内,,昭56. 4. 1,kyushu/000491324.zip
診療所,46,0115778,桑原　眼科,鹿児島市紫原五丁目８－２２,099-252-8911,桑原　美智子,桑原　美智子,眼,,昭57. 4. 1,kyushu/000491324.zip
病院,46,0115828,森口病院,鹿児島市下田町１７６３,099-243-6700,医療法人　寛容会　理事長　田中　大三,田中　大三,精神　心内　精　消化器内科　放,199,昭57. 4. 15,kyushu/000491324.zip
病院,46,0115851,小田原病院,鹿児島市山之口町８－１,099-223-7531,医療法人　尚愛会　理事長　小田原　良治,木村　重人,一般　胃　内　外　整外　放　麻　リハ　こう,,昭57. 5. 1,kyushu/000491324.zip
病院,46,0115919,豊島病院,鹿児島市下荒田三丁目２７－１,099-253-0317,医療法人　敬親会　理事長　豊島　忍,豊島　忍,一般　外　脳外　放　リハ　内　消化器内科　脳内,,昭57. 10. 1,kyushu/000491324.zip
病院,46,0116131,Ｔｓｕｋａｓａ　Ｈｅａｌｔｈ　Ｃａｒｅ　Ｈｏｓｐｉｔａｌ,鹿児島市山田町４４１,099-264-1212,医療法人　松柏会　理事長　松下　健司,枇榔　貞利,精神　精　心内　神内,192,昭58. 10. 1,kyushu/000491324.zip
病院,46,0116230,今村総合病院,鹿児島市鴨池新町１１－２３,099-251-2221,公益財団法人　慈愛会　理事長　今村　英仁,常盤　光弘,一般　精神　内　血液内科　腎臓内科　ペインクリニック内科　呼内　眼　皮　脳外　麻　気管食道・耳鼻咽喉科　頭頸部・耳鼻咽喉科　外　リハ　精　放　整外　病理　小　産　婦　歯外　糖尿病内科　腫瘍内科　消化器外科　消化器内科　人工透析内科　救急科　脳内　循環器内科　泌尿器科（人工透析）　感染症内科　肝臓内科　膠原病・リウマチ科　形外,380,昭59. 4. 1,kyushu/000491324.zip
病院,46,0116305,鹿児島市医師会病院,鹿児島市鴨池新町７番１号,099-254-1125,公益社団法人　鹿児島市医師会　会長　上ノ町　仁,大迫　政彦,一般　内科　呼吸器内科　消化器内科　循環器内科　外科　消化器外科　婦　放　麻　呼外　病理　リハ　ペインクリニック内科　緩和ケア内科　救急科　脳神経内科,187,昭59. 6. 1,kyushu/000491324.zip
病院,46,0116552,愛育病院,鹿児島市小松原一丁目４３番１５号,099-268-0311,医療法人　愛育会　理事長　川俣　和弥,吉冨　奈央,一般　産　婦,,昭60. 10. 1,kyushu/000491324.zip
診療所,46,0116651,県民総合保健センター,鹿児島市下伊敷三丁目１番７号,099-220-2332,公益財団法人　鹿児島県民総合保健センター　理事長　牧角　寛郎,桶谷　薫,内　外　婦　放,,昭61. 4. 1,kyushu/000491324.zip
病院,46,0116768,産科・婦人科　のぼり病院,鹿児島市荒田一丁目１３番１３号,099-256-1313,医療法人　光智会　理事長　昇　眞寿夫,昇　晃司,一般　産　婦　麻,,昭61. 10. 1,kyushu/000491324.zip
病院,46,0116818,三宅病院,鹿児島市谷山中央７丁目３番１号,099-268-3512,医療法人　一誠会　理事長　三宅　智,三宅　智,一般　療養　内　リハ　放　消化器内科　呼吸器内科,,昭61. 12. 1,kyushu/000491324.zip
診療所,46,0116875,井後　眼科,鹿児島市山下町７番１０号,099-227-3000,医療法人　陽山会　理事長　迫野　卓士,迫野　能士,一般　眼　内,,昭62. 4. 1,kyushu/000491324.zip
病院,46,0116883,三愛病院,鹿児島市郡元三丁目１４番７号,099-252-6622,社会医療法人　三愛会　理事長　川村　英俊,野㞍　良基,一般　療養　整外　リハ　リウ　内　ペインクリニック内科　循環器内科　消化器内科,,昭62. 4. 1,kyushu/000491324.zip
診療所,46,0117030,西　内科循環器科,鹿児島市東千石町１３－２９　天文館ビル４階,099-224-5314,西　征二,西　征二,内　循,,昭62. 9. 1,kyushu/000491324.zip
診療所,46,0117063,とまり泌尿器科,鹿児島市坂之上四丁目２番５７号,099-261-1212,医療法人　紘淳会　理事長　泊　紘一,泊　紘一,一般　ひ,,昭62. 10. 1,kyushu/000491324.zip
診療所,46,0117071,中村（哲）産婦人科・内科,鹿児島市樋之口町３番７号,099-223-2236,医療法人　博悠会　理事長　中村　佐知子,中村　佐知子,一般　療養　産　婦　内,,昭62. 10. 1,kyushu/000491324.zip
診療所,46,0117402,敬愛クリニック,鹿児島市平川町１５８０－１５,099-261-0311,医療法人　三樹会　理事長　谷山　茂樹,谷山　茂樹,一般　内　糖尿病内科　消化器内科,,昭63. 11. 1,kyushu/000491324.zip
診療所,46,0117428,山本　耳鼻咽喉科,鹿児島市小松原２丁目３６番５号,099-268-5115,医療法人　山本　耳鼻咽喉科　理事長　山本　誠,山本　誠,耳い,,昭63. 11. 1,kyushu/000491324.zip
病院,46,0117469,﨑元病院,鹿児島市東千石町４番１３号,099-224-5650,医療法人　仁愛会　理事長　﨑元　芳大,川瀧　正光,一般　内　リハ　循環器内科　老年精神科,,平元. 4. 1,kyushu/000491324.zip
病院,46,0117493,米沢病院,鹿児島市新照院町１９－８,099-226-9698,医療法人　藤和会　理事長　米澤　士郎,米澤　士郎,療養　内　皮　リハ　糖尿病内科　呼吸器内科　循環器内科　消化器内科,,平元. 4. 1,kyushu/000491324.zip
診療所,46,0117501,医療法人　吉村　眼科,鹿児島市宇宿三丁目２６－７,099-252-6221,医療法人　吉村　眼科　理事長　吉村　睦雄,吉村　睦雄,眼,,平元. 4. 1,kyushu/000491324.zip
診療所,46,0117519,堂園クリニック,鹿児島市下伊敷一丁目７番６号,099-227-0303,医療法人　光広会　理事長　田平　達則,堂園　光一郎,産婦　麻,,平元. 4. 1,kyushu/000491324.zip
診療所,46,0117758,田中　ひふ科医院,鹿児島市東谷山四丁目３４－７,099-269-1345,医療法人　庸翔倫会　理事長　田中　隆光,田中　隆光,皮,,平元. 10. 1,kyushu/000491324.zip
診療所,46,0117766,わきだ整形外科,鹿児島市東谷山三丁目３３番７号,099-269-2271,医療法人　昌平会　理事長　楊　昌樹,楊　昌樹,一般　整外　リハ　リウ,,平元. 10. 1,kyushu/000491324.zip
診療所,46,0117782,有川　医院,鹿児島市小松原１－１０－２４,099-269-6253,医療法人　有川　医院　理事長　徳永　秀次,徳永　秀次,内,,平元. 10. 1,kyushu/000491324.zip
病院,46,0117857,野上病院,鹿児島市小松原１－４－１,099-268-4185,医療法人　司誠会　理事長　野上　展孝,成尾　鉄朗,療養　療養　内　消化器内科　精　心内,31,平元. 10. 1,kyushu/000491324.zip
診療所,46,0117865,永山　医院,鹿児島市武岡２－２８－３,099-281-7853,医療法人　永山　医院　理事長　田中　雅代,田中　雅代,耳い,,平元. 10. 1,kyushu/000491324.zip
診療所,46,0117899,海江田外科,鹿児島市伊敷五丁目１８番２号,099-229-2753,医療法人　健成会　理事長　海江田　衛,海江田　衛,療養　外　消化器内科,,平元. 10. 1,kyushu/000491324.zip
診療所,46,0117964,稲森内科消化器科,鹿児島市上福元町５７２３－３,099-268-2550,医療法人　幸英会　理事長　稲森　英明,稲森　英明,内　消,,平元. 10. 1,kyushu/000491324.zip
診療所,46,0117980,さめしま小児科,鹿児島市山之口町５－１９,099-224-2525,医療法人　育成会　理事長　鮫島　信一,鮫島　信一,小　内,,平元. 10. 1,kyushu/000491324.zip
診療所,46,0118004,桜ケ丘内科胃腸科,鹿児島市桜ケ丘４－１－９,099-265-3131,医療法人　市来会　理事長　市来　秀一,市来　秀一,内　呼　消　循　小,,平元. 10. 1,kyushu/000491324.zip
診療所,46,0118053,いまむら脳神経クリニック,鹿児島市薬師二丁目１３ー３２,099-251-9111,医療法人　雄翔会　理事長　今村　真一,今村　真一,一般　療養　脳外　神内,,平2. 1. 1,kyushu/000491324.zip
診療所,46,0118079,とそ総合クリニック,鹿児島市唐湊４丁目１５－２,099-251-7198,医療法人　孝蘭会　理事長　東　泰志,東　泰志,一般　療養　外科　肛門外科　内　消化器外科　消化器内科,,平2. 1. 1,kyushu/000491324.zip
診療所,46,0118129,徳田・馬場クリニック,鹿児島市伊敷二丁目１番１０号,099-220-5471,医療法人　清和会　理事長　馬場　國昭,馬場　國昭,一般　療養　外　皮　胃腸外科　呼内　アレ,,平2. 1. 1,kyushu/000491324.zip
診療所,46,0118137,放射線科　田之畑クリニック,鹿児島市東開町４番地の５８,099-267-3700,医療法人　修放会　理事長　田之畑　佐也佳,田之畑　佐也佳,一般　放　消化器内科　呼内,,平2. 1. 1,kyushu/000491324.zip
診療所,46,0118210,坂元内科胃腸科,鹿児島市下荒田一丁目２番２６号,099-252-5511,医療法人　純和会　理事長　坂元　秀宇,坂元　秀宇,内　胃　小,,平2. 4. 1,kyushu/000491324.zip
病院,46,0118236,納病院,鹿児島市高麗町７番１号,099-257-2171,医療法人　隆仁会　理事長　納　和宏,江口　真弓,一般　内　整外　放　リハ　呼内　消化器内科,,平2. 4. 1,kyushu/000491324.zip
診療所,46,0118285,江川　耳鼻咽喉科,鹿児島市大黒町２番３号,099-224-2658,医療法人　雅美会　理事長　江川　雅彦,江川　雅彦,耳い,,平2. 9. 1,kyushu/000491324.zip
診療所,46,0118319,安松整形外科,鹿児島市西田三丁目１３番２０号,099-250-0322,医療法人　安松整形外科　理事長　安松　英夫,安松　英夫,一般　整外　リハ　リウ　内,,平2. 9. 1,kyushu/000491324.zip
診療所,46,0118335,大山眼科医院,鹿児島市宇宿一丁目３１番６号,099-255-6493,医療法人　智誠会　理事長　大山　光子,大山　光子,一般　眼,,平2. 9. 1,kyushu/000491324.zip
診療所,46,0118350,天保山内科,鹿児島市天保山町２０番９号,099-251-0543,医療法人　松寿会　理事長　橋口　恭博,橋口　恭博,一般　糖尿病・代謝内科　内分泌内科　循環器内科,,平2. 9. 1,kyushu/000491324.zip
診療所,46,0118459,最勝寺内科,鹿児島市星ケ峯二丁目２６－１,099-264-5900,医療法人　明倫会　理事長　最勝寺　慧,最勝寺　慧,内　呼　胃　循,,平3. 1. 1,kyushu/000491324.zip
診療所,46,0118491,かわもと記念クリニック,鹿児島市吉野町５３９７－３,099-243-5500,医療法人　聖祥会　理事長　川本　研一郎,川本　研一郎,一般　療養　内科（消化器・内視鏡・肝臓・糖尿病）　外科（胃腸・乳腺・肛門・呼吸器）　リハ　整外　リウ　ひ,,平3. 1. 1,kyushu/000491324.zip
診療所,46,0118509,貴島整形外科,鹿児島市田上三丁目１２番１３号,099-250-8100,医療法人　健和会　理事長　大迫　浩平,山口　正男,一般　整外　リハ　リウ　麻,,平3. 1. 1,kyushu/000491324.zip
診療所,46,0118608,上別府内科消化器科,鹿児島市吉野町２７２３－３,099-244-7878,上別府　篤行,上別府　篤行,内　消　循,,平3. 6. 1,kyushu/000491324.zip
診療所,46,0118681,松岡内科,鹿児島市郡元一丁目１３番６号,099-251-5858,医療法人　松岡内科　理事長　松岡　樹,松岡　樹,一般　療養　内　胃　循,,平3. 10. 1,kyushu/000491324.zip
診療所,46,0118723,宮田内科消化器科,鹿児島市吉野一丁目９番１２号,099-244-6446,医療法人　孔生会　理事長　宮田　晉,宮田　晉,一般　内　消,,平3. 10. 1,kyushu/000491324.zip
病院,46,0118749,新村病院,鹿児島市西田二丁目２６番２０号,099-256-6200,医療法人　真栄会　理事長　新村　友季子,新村　眞司,一般　ひ　麻　放　婦　リハ　人工透析内科　皮　アレ,,平3. 10. 1,kyushu/000491324.zip
診療所,46,0118756,今村クリニック,鹿児島市易居町１番１３号,099-222-5758,医療法人　緑樹会　理事長　今村　勉,今村　勉,内　外　リハ,,平3. 10. 1,kyushu/000491324.zip
診療所,46,0118772,古川・石原クリニック,鹿児島市光山１丁目６番２３号,099-261-2521,医療法人　薩美会　理事長　古川　勉,古川　勉,一般　ひ　内　リハ,,平3. 11. 1,kyushu/000491324.zip
診療所,46,0118806,中村レディースクリニック,鹿児島市上本町９番１４号,099-222-5510,医療法人　中村　産婦人科　理事長　中村　安俊,中村　安俊,一般　産　婦　麻,,平3. 12. 1,kyushu/000491324.zip
診療所,46,0118822,中山　生協クリニック,鹿児島市山田町字田中７３１番地,099-275-1200,鹿児島医療生活協同組合　理事長　駿河　保彰,濵川　祐治,内　呼　消　循　小,,平4. 2. 10,kyushu/000491324.zip
診療所,46,0119119,四本クリニック,鹿児島市坂之上六丁目６番６号,099-262-1550,四本　紘一,四本　紘一,胃　呼　外　こう,,平5. 1. 4,kyushu/000491324.zip
病院,46,0119150,三州病院,鹿児島市犬迫町７７８３－１,099-238-0075,医療法人　共助会　理事長　日笠山　大介,吉﨑　孝,精神　精　内　心内,198,平5. 3. 1,kyushu/000491324.zip
診療所,46,0119218,神田　医院,鹿児島市坂元町１３２７番地,099-247-1288,医療法人　一心会　理事長　神田　哲朗,神田　哲朗,内　小　放,,平5. 4. 1,kyushu/000491324.zip
診療所,46,0119226,入来クリニック,鹿児島市中山二丁目３番１２号,099-260-1511,医療法人　藤寿会　理事長　入來　敦久,入來　豊久,内　呼内,,平5. 4. 1,kyushu/000491324.zip
診療所,46,0119259,有馬・藤島内科クリニック,鹿児島市与次郎１－３－１２,099-251-6336,医療法人　光風会　理事長　藤島　弘光,藤島　弘光,一般　内　消　リハ　腫瘍内科,,平5. 4. 1,kyushu/000491324.zip
診療所,46,0119267,上原クリニック,鹿児島市山田町２２１番地１,099-275-0010,医療法人　上原　クリニック　理事長　上原　孝一郎,上原　悠也,一般　外　内　消　こう　小　小外,,平5. 4. 1,kyushu/000491324.zip
診療所,46,0119283,中瀬　小児科,鹿児島市東谷山４丁目３３－１２,099-266-1188,医療法人　佳成会　理事長　中瀬　正治,中瀬　正治,小,,平5. 5. 1,kyushu/000491324.zip
診療所,46,0119333,紫原　生協クリニック,鹿児島市紫原４丁目２０－４,099-257-8691,鹿児島医療生活協同組合　理事長　駿河　保彰,坂上　久生,内　小,,平5. 9. 13,kyushu/000491324.zip
診療所,46,0119374,野口内科,鹿児島市武岡２丁目２８番地４,099-281-7515,医療法人　寿信会　理事長　野口　仁,野口　仁,一般　療養　内　放　胃腸内科,,平5. 10. 1,kyushu/000491324.zip
診療所,46,0119416,内科　甲南クリニック,鹿児島市上之園町２９番地１４,099-258-7111,医療法人　サン・レオ会　理事長　宮澤　修三,宮澤　修三,一般　療養　内　消　循,,平5. 10. 1,kyushu/000491324.zip
診療所,46,0119432,田中整形外科クリニック,鹿児島市紫原４丁目１９番１０号,099-251-1225,医療法人　源睦会　理事長　田中　源幸,田中　源幸,一般　整外　リハ　リウ,,平5. 10. 1,kyushu/000491324.zip
診療所,46,0119507,耳鼻咽喉科　田上　クリニック,鹿児島市田上１丁目２３番１０号,099-258-4133,医療法人　祐代会　理事長　伊東　祐久,伊東　祐久,耳い,,平5. 12. 1,kyushu/000491324.zip
病院,46,0119531,小田代病院,鹿児島市荒田一丁目２５番６号,099-253-8111,医療法人　恵徳会　理事長　小田代　卓也,永田　茂行,一般　外　内科　糖尿病内科　整外　リハ　リウ　ひ　麻　循環器内科　消化器外科　消化器内科,,平6. 1. 10,kyushu/000491324.zip
病院,46,0119564,花倉病院,鹿児島市吉野町５１４７番,099-243-5111,医療法人　仁愛会　理事長　﨑元　芳大,﨑元　仁志,精神　精神科　老年精神科　内,154,平6. 2. 1,kyushu/000491324.zip
病院,46,0119671,うすき整形・外科・内科病院,鹿児島市宇宿一丁目３２番１号,099-256-0393,医療法人　孝誠会　理事長　槝之浦　法仁,櫻井　俊秀,療養　整外　リハ　消化器外科　消化器内科　内　外　循環器内科,,平6. 4. 1,kyushu/000491324.zip
診療所,46,0119689,寺口クリニック,鹿児島市中央町５－２０,099-255-0005,医療法人　幸陽会　理事長　寺口　博幸,寺口　博幸,一般　療養　内　循環器内科　消化器内科,,平6. 4. 1,kyushu/000491324.zip
診療所,46,0119705,藤田眼科,鹿児島市小野二丁目１番１号,099-229-8718,医療法人　藤田眼科　理事長　藤田　敦子,藤田　敦子,眼,,平6. 4. 1,kyushu/000491324.zip
病院,46,0119739,いづろ今村病院,鹿児島市堀江町１７番１号,099-226-2600,公益財団法人　慈愛会　理事長　今村　英仁,長野　真二郎,一般　内　糖尿病内科　血液内科　緩和ケア内科　外　婦　放　眼　消化器外科　消化器内科　循環器内科　皮　内分泌代謝内科　リウ,115,平6. 6. 1,kyushu/000491324.zip
診療所,46,0119770,江川内科消化器科,鹿児島市小川町２番２号,099-224-4419,江川　伸一郎,江川　伸一郎,一般　内　消,,平6. 7. 1,kyushu/000491324.zip
病院,46,0119788,鮫島病院,鹿児島市加治屋町９番８号,099-224-2277,医療法人　潤愛会　理事長　鮫島　由規則,鮫島　隆志,一般　こう　外　胃　麻　内,,平6. 8. 1,kyushu/000491324.zip
診療所,46,0119796,四本　皮膚科アレルギー科クリニック,鹿児島市武一丁目１９－４５,099-254-0217,四本　秀昭,四本　秀昭,皮　アレ,,平6. 10. 1,kyushu/000491324.zip
診療所,46,0119804,たけのはし大山医院,鹿児島市下荒田一丁目２０番３号,099-253-6900,医療法人　桜樹会　理事長　大山　勲,大山　勲,一般　外　婦　消化器内科,,平6. 10. 1,kyushu/000491324.zip
診療所,46,0119853,吉井　皮膚科,鹿児島市草牟田二丁目１０番２号,099-226-5252,医療法人　恵会　理事長　吉井　典子,吉井　典子,皮　アレ　性感染症内科,,平7. 3. 1,kyushu/000491324.zip
診療所,46,0119911,前田内科消化器科,鹿児島市山下町１２番２７号,099-227-3220,医療法人　信愛会　理事長　前田　利宗,前田　利宗,内　消,,平7. 4. 1,kyushu/000491324.zip
診療所,46,0119929,矢野クリニック,鹿児島市西田二丁目１５番２１号,099-250-6000,医療法人　豊矢会　理事長　矢野　武志,矢野　武志,放　内,,平7. 4. 1,kyushu/000491324.zip
診療所,46,0119945,中洲整形外科,鹿児島市上之園町３４番地の１３,099-253-4711,医療法人　至恩会　理事長　中村　真,中村　真,一般　整外　リハ　リウ,,平7. 4. 1,kyushu/000491324.zip
診療所,46,0120034,いまきいれ耳鼻咽喉科,鹿児島市中山一丁目１４番１７号,099-260-8733,今給黎　泰二郎,今給黎　泰二郎,耳い,,平7. 7. 15,kyushu/000491324.zip
診療所,46,0120059,村木内科　クリニック,鹿児島市谷山中央５丁目２９ー１６,099-260-5800,村木　宏行,村木　宏行,内,,平7. 8. 1,kyushu/000491324.zip
診療所,46,0120083,富村　整形外科,鹿児島市明和４丁目１３番６号,099-281-2880,医療法人　富村整形外科　理事長　富村　吉十郎,富村　吉十郎,整外　リハ　リウ,,平7. 10. 1,kyushu/000491324.zip
診療所,46,0120091,米良ひふ科　クリニック,鹿児島市小松原２丁目３５番１０号,099-267-7777,医療法人　修友会　理事長　米良　健太郎,米良　健太郎,皮,,平7. 10. 1,kyushu/000491324.zip
診療所,46,0120141,プリムラクリニック,鹿児島市東千石町１ー１第八川北ビル６階,099-224-1511,中村　教子,中村　教子,内,,平8. 1. 8,kyushu/000491324.zip
診療所,46,0120224,ヲサメ内科クリニック,鹿児島市中央町９番地１,099-250-7767,医療法人　ヲサメ内科クリニック　理事長　納　利一,納　利一,内　消化器内科　循環器内科　漢方内科,,平8. 4. 1,kyushu/000491324.zip
診療所,46,0120240,生駒泌尿器科,鹿児島市小松原２丁目２ー１３,099-260-7300,医療法人　浩明会　理事長　生駒　道明,生駒　道明,一般　ひ,,平8. 4. 1,kyushu/000491324.zip
診療所,46,0120257,上ノ町・加治屋　クリニック,鹿児島市宇宿三丁目３５番１号,099-254-1155,医療法人　上ノ町・加治屋クリニック　理事長　上ノ町　仁,上ノ町　仁,一般　内,,平8. 4. 1,kyushu/000491324.zip
診療所,46,0120265,橋口整形外科,鹿児島市小松原一丁目４１番地３,099-266-1721,医療法人　兼垂会　理事長　橋口　兼久,橋口　兼久,一般　整外　リハ　リウ,,平8. 4. 1,kyushu/000491324.zip
診療所,46,0120331,中江産婦人科,鹿児島市中央町１３番地３,099-255-9528,医療法人　真門会　理事長　中江　光博,中江　光博,一般　産婦　内　小,,平8. 5. 1,kyushu/000491324.zip
診療所,46,0120364,井料メンタル　クリニック,鹿児島市中央町２３ー８西ビル２Ｆ,099-250-3800,井料　学,井料　学,精　神　心内,,平8. 6. 11,kyushu/000491324.zip
診療所,46,0120414,白石記念クリニック,鹿児島市鷹師二丁目５番１９号,099-255-0190,社会医療法人　白光会　理事長　白石　幸三,白石　幸三,内,,平8. 8. 1,kyushu/000491324.zip
病院,46,0120497,内科　柴田病院,鹿児島市中町１２番１４号,099-222-1343,医療法人　柴心会　理事長　柴田　邦彦,柴田　邦彦,療養　内　循環器内科　消化器内科,,平8. 10. 1,kyushu/000491324.zip
診療所,46,0120505,藤善整形外科,鹿児島市田上８丁目１番３号,099-281-0002,医療法人　三成会　理事長　藤善　卓弥,藤善　卓弥,一般　整外　リハ　リウ,,平8. 10. 1,kyushu/000491324.zip
診療所,46,0120612,坂之上生協クリニック,鹿児島市坂之上二丁目１４番１７号,099-261-3491,鹿児島医療生活協同組合　理事長　駿河　保彰,田上　昭観,内　胃　小,,平9. 2. 1,kyushu/000491324.zip
診療所,46,0120646,慈眼寺ひろみ皮膚科,鹿児島市谷山中央５丁目３９番３７号,099-266-0500,医療法人　慈紘会　理事長　森澤　紘美,森澤　紘美,皮,,平9. 4. 1,kyushu/000491324.zip
診療所,46,0120679,厚仁会クリニック,鹿児島市高麗町２１番２９号,099-251-8686,医療法人　厚仁会　理事長　肥後　武人,肥後　武人,一般　療養　内　外,,平9. 4. 1,kyushu/000491324.zip
病院,46,0120687,相良病院,鹿児島市松原町３番３１号,099-224-1800,社会医療法人　博愛会　理事長　相良　吉昭,相良　吉昭,一般　乳腺外科　内　婦　放　麻　形外　病理診断科　緩和ケア内科　甲状腺外科　循環器内科　腫瘍内科　内分泌内科　歯外,,平9. 4. 1,kyushu/000491324.zip
診療所,46,0120794,ふじわら眼科,鹿児島市草牟田２丁目７番１７号,099-223-8762,医療法人　南光会　理事長　藤原　直樹,藤原　直樹,眼,,平9. 9. 1,kyushu/000491324.zip
診療所,46,0120810,ヘルスサポートセンター鹿児島,鹿児島市東開町４ー９６,099-267-6292,公益社団法人　鹿児島県労働基準協会　代表理事　大津　学,小田原　努,内,,平9. 10. 1,kyushu/000491324.zip
病院,46,0120851,パールランド病院,鹿児島市犬迫町２２５３番地,099-238-0301,医療法人　猪鹿倉会　理事長　猪鹿倉　秀武,猪鹿倉　忠彦,療養　精神　内　精　リハ　歯　脳内,400,平9. 10. 1,kyushu/000491324.zip
診療所,46,0120869,野元ひふ科　クリニック,鹿児島市薬師二丁目１６ー１２,099-250-5711,医療法人　野元ひふ科クリニック　理事長　野元　裕輔,野元　裕輔,皮　性,,平9. 10. 1,kyushu/000491324.zip
診療所,46,0120877,光輪会鹿児島クリニック,鹿児島市東開町５番地２８,099-268-2351,医療法人財団　光輪会　理事長　牧　美輝,牧　美輝,一般　産婦　内　外,,平9. 10. 1,kyushu/000491324.zip
病院,46,0120885,天辰病院,鹿児島市桜ヶ丘４丁目１番地８,099-265-3151,医療法人　健幸会　理事長　天辰　健二,天辰　仁彦,一般　外　胃腸内科　眼　耳い　消化器外科,,平9. 10. 1,kyushu/000491324.zip
診療所,46,0120919,タウンズクリニック西村内科消化器科,鹿児島市皇徳寺台２丁目２番６号,099-265-1003,医療法人　皇健会　理事長　西村　時治,西村　時治,内　消,,平9. 10. 1,kyushu/000491324.zip
診療所,46,0120935,黒木　耳鼻咽喉科,鹿児島市真砂町６８ー１,099-252-8292,医療法人　黒木耳鼻咽喉科　理事長　黒木　幸一,黒木　幸一,耳い,,平9. 11. 1,kyushu/000491324.zip
診療所,46,0120976,かめざわ整形外科,鹿児島市中山町１２２５ー１,099-269-2011,亀澤　克彦,亀澤　克彦,一般　整外　リハ　リウ,,平10. 1. 12,kyushu/000491324.zip
診療所,46,0121040,森元　整形外科,鹿児島市上荒田町８番１８号,099-252-3535,医療法人　康生会　理事長　森元　保,森元　保,整外　リハ　リウ,,平10. 4. 1,kyushu/000491324.zip
診療所,46,0121057,しもたたら内科・消化器科,鹿児島市西田二丁目５番５号,099-250-0555,医療法人　善真会　理事長　下鑪　研悟,下鑪　研悟,内　呼内　消化器内科　循環器内科,,平10. 4. 1,kyushu/000491324.zip
診療所,46,0121065,いなもりクリニック,鹿児島市西田一丁目４番１５号,099-256-0833,稲森　洋平,稲森　洋平,消化器内科　外　内　肛門内科,,平10. 4. 14,kyushu/000491324.zip
診療所,46,0121107,くわはたクリニック,鹿児島市玉里団地二丁目５番１号,099-220-9502,医療法人　友志会　理事長　桑波田　隆志,桑波田　隆志,内　循環器内科,,平10. 4. 1,kyushu/000491324.zip
病院,46,0121149,横山記念病院,鹿児島市吉野町４８２６番地１,099-244-0555,医療法人　緑心会　理事長　横山　桂,横山　桂,精神　精神科　老年精神科　脳神経内科,,平10. 4. 1,kyushu/000491324.zip
診療所,46,0121289,鹿児島医療生活協同組合　吉野生協クリニック,鹿児島市吉野町２３８１ー５２,099-244-2871,鹿児島医療生活協同組合　理事長　駿河　保彰,馬渡　耕史,内　小　循環器内科　消化器内科,,平10. 9. 1,kyushu/000491324.zip
診療所,46,0121305,櫻井産婦人科,鹿児島市宇宿１丁目５１番１６号,099-252-8964,櫻井　景紀,櫻井　景紀,産婦　内,,平10. 8. 26,kyushu/000491324.zip
診療所,46,0121339,原田クリニック,鹿児島市和田一丁目４５番１０号,099-260-0007,医療法人　ひとし会　理事長　原田　袋藏,原田　袋蔵,消　外　こう,,平10. 10. 1,kyushu/000491324.zip
診療所,46,0121347,松村医院,鹿児島市中央町１３番地の８,099-253-2593,医療法人　友邦　理事長　松村　太郎,松村　太郎,一般　内　胃　小,,平10. 10. 1,kyushu/000491324.zip
診療所,46,0121362,医療法人　甲清会　桑畑整形外科クリニック,鹿児島市伊敷五丁目８番３２号,099-229-8808,医療法人　甲清会　理事長　桑畑　昭洋,桑畑　昭洋,整外　リハ　リウ,,平10. 10. 1,kyushu/000491324.zip
診療所,46,0121388,大坪こどもクリニック,鹿児島市田上２丁目１５番１１号,099-286-6121,医療法人　童心会　理事長　大坪　修介,大坪　修介,小　内　神　アレ,,平10. 10. 1,kyushu/000491324.zip
診療所,46,0121438,いいだクリニック,鹿児島市草牟田２丁目１７番３号,099-222-1729,医療法人　草清会　理事長　飯田　清高,飯田　清高,一般　療養　内　呼　胃　リハ　放,,平10. 11. 1,kyushu/000491324.zip
診療所,46,0121453,松山クリニック,鹿児島市星ケ峯４丁目３番２号,099-265-2411,医療法人　松和会　理事長　松山　稔,松山　稔,内　胃　小　外　小外,,平11. 1. 1,kyushu/000491324.zip
診療所,46,0121495,紫原林医院,鹿児島市紫原三丁目６ー２６,099-252-8935,林　督,林　督,内　外　皮　リハ,,平11. 4. 1,kyushu/000491324.zip
診療所,46,0121511,循環器科クリニック・山角,鹿児島市東千石町３番４１号,099-226-5333,山角　健介,山角　健介,外　循　内,,平11. 4. 24,kyushu/000491324.zip
診療所,46,0121529,延寿堂クリニック,鹿児島市玉里団地３丁目１９番１１号,099-220-6640,医療法人　敬天会　理事長　本藏　高徳,本藏　高徳,小　内　皮,,平11. 4. 1,kyushu/000491324.zip
病院,46,0121537,沖野循環器科病院,鹿児島市西千石町１３ー３０,099-223-3238,医療法人　秀愛会　理事長　沖野　秀紀,沖野　秀紀,療養　内　呼　胃　循　リハ,,平11. 4. 1,kyushu/000491324.zip
診療所,46,0121610,島田ひふ科,鹿児島市宇宿２丁目１８番２７号,099-214-4522,島田　辰彦,島田　辰彦,皮,,平11. 6. 9,kyushu/000491324.zip
診療所,46,0121644,かねこクリニック,鹿児島市上荒田町８番６号,099-214-2800,医療法人　あさひ会　理事長　ウェレット　朋代,ウェレット　朋代,一般　外科　乳腺外科　内分泌外科　放　婦　麻　形外,,平11. 9. 1,kyushu/000491324.zip
診療所,46,0121669,ひさどめ皮ふ科クリニック,鹿児島市田上三丁目１８番１０号,099-254-8833,医療法人　ひさどめ皮ふ科クリニック　理事長　久留　光博,久留　光博,皮　性,,平11. 10. 1,kyushu/000491324.zip
診療所,46,0121701,東・うえまつクリニック,鹿児島市荒田一丁目１１番１号,099-296-8000,医療法人　裕智会　理事長　東　陽一郎,東　陽一郎,内　呼内　糖尿病内科　リハ,,平11. 10. 1,kyushu/000491324.zip
診療所,46,0121719,なかむら整形外科クリニック,鹿児島市西伊敷１丁目２番１２号,099-228-7841,医療法人　宏悠会　理事長　中村　宏志,中村　宏志,整外　リハ　リウ,,平11. 10. 1,kyushu/000491324.zip
病院,46,0121735,隆成会病院,鹿児島市郡元二丁目１１番２０号,099-257-1411,医療法人　隆成会　理事長　阿久根　哲,阿久根　哲,療養　内科　循環器内科　内視鏡内科　リハ　消化器内科,,平11. 10. 1,kyushu/000491324.zip
診療所,46,0121842,仁クリニック,鹿児島市長田町１８番３３号,099-223-3911,医療法人　朱雀会　理事長　貞方　洋子,貞方　洋子,療養　内,,平12. 4. 1,kyushu/000491324.zip
診療所,46,0121859,鮫島クリニック,鹿児島市和田一丁目３０番１４号,099-267-6515,医療法人　康和会　理事長　鮫島　篤史,鮫島　篤史,耳い　小　内,,平12. 4. 1,kyushu/000491324.zip
診療所,46,0121875,よしながウイメンズクリニック,鹿児島市上荒田町２ー６摩天楼中州ビル２Ｆ,099-286-4422,医療法人　よしながウイメンズクリニック　理事長　吉永　光裕,吉永　光裕,婦　産　麻,,平12. 4. 1,kyushu/000491324.zip
診療所,46,0121891,中野脳神経外科,鹿児島市東開町３番地１６３,099-284-5866,医療法人　英仁会　理事長　中野　英樹,中野　英樹,一般　療養　脳外　リハ,,平12. 4. 1,kyushu/000491324.zip
診療所,46,0122022,天神南クリニック,鹿児島市田上２丁目１６番１６号,099-213-1077,医療法人　天朗会　理事長　柳　悦朗,柳　悦朗,整外　リハ　リウ,,平12. 10. 1,kyushu/000491324.zip
診療所,46,0122030,サンタこどもクリニック,鹿児島市和田二丁目２１番１８号,099-260-0310,医療法人　トナ会　理事長　地頭所　保,地頭所　保,小,,平12. 10. 1,kyushu/000491324.zip
診療所,46,0122048,宮路胃腸科内科クリニック,鹿児島市紫原３丁目３１番３０号,099-258-7151,医療法人　憲雄会　理事長　宮路　憲一,宮路　憲一,胃　内　呼　循　小,,平12. 10. 1,kyushu/000491324.zip
診療所,46,0122071,大山クリニック,鹿児島市中央町２５番地の９,099-252-0080,医療法人　偕行会　理事長　大山　宗士,大山　宗士,一般　療養　乳腺外科　外科　内　胃腸外科,,平12. 10. 1,kyushu/000491324.zip
診療所,46,0122089,にのみや小児科・ひふ科,鹿児島市中山一丁目１３番２１号,099-266-6622,医療法人　にのみや小児科・ひふ科　理事長　二宮　誠,二宮　誠,小　皮,,平12. 10. 1,kyushu/000491324.zip
診療所,46,0122147,霜出義輝内科クリニック,鹿児島市下荒田三丁目３９ー９,099-813-0822,霜出　義輝,霜出　義輝,内　消　リハ,,平13. 1. 6,kyushu/000491324.zip
診療所,46,0122196,徳永クリニック,鹿児島市小松原一丁目３６ー１,099-268-4135,徳永　雅仁,徳永　雅仁,内　小,,平13. 4. 2,kyushu/000491324.zip
診療所,46,0122204,耳鼻咽喉科　おがわクリニック,鹿児島市中山町２２８４,099-260-9155,医療法人　洋風会　理事長　小川　和昭,小川　和昭,耳い,,平13. 4. 1,kyushu/000491324.zip
診療所,46,0122212,産業保健メディカルクリニック,鹿児島市東谷山二丁目１６ー２１,099-263-4763,久保田　裕章,久保田　裕章,内　心内　小　リハ　脳内,,平13. 4. 10,kyushu/000491324.zip
病院,46,0122238,増田整形外科病院,鹿児島市郡元１丁目１番１号,099-257-8100,医療法人　優和会　理事長　増田　吉彦,川村　秀哉,一般　整外　リハ　リウ,,平13. 4. 1,kyushu/000491324.zip
病院,46,0122246,岩尾病院,鹿児島市甲突町１７番１８号,099-225-3838,医療法人　あおぞら会　理事長　岩尾　象二郎,岩尾　象二郎,一般　療養　内　消　神内　整外　麻　リハ,,平13. 4. 1,kyushu/000491324.zip
診療所,46,0122253,今村泌尿器科,鹿児島市武１丁目２６番１４号,099-206-6688,医療法人　厚貴会　理事長　　今村　厚志,今村　厚志,一般　ひ　性,,平13. 4. 1,kyushu/000491324.zip
診療所,46,0122360,菅田眼科クリニック,鹿児島市清和四丁目５番３３号,099-284-9070,医療法人　奏和会　理事長　菅田　昌則,菅田　昌則,一般　眼,,平13. 10. 1,kyushu/000491324.zip
診療所,46,0122386,油木田整形外科クリニック,鹿児島市東谷山６丁目４３番２５号,099-260-9511,医療法人　秋穂会　理事長　油木田　啓介,油木田　啓介,整外　リハ　リウ,,平13. 10. 1,kyushu/000491324.zip
診療所,46,0122394,平野エンゼルクリニック,鹿児島市上荒田町３１番２１,099-257-0808,医療法人　平野エンゼルクリニック　理事長　平野　隆博,平野　隆博,一般　産婦,,平13. 10. 1,kyushu/000491324.zip
診療所,46,0122410,さんクリニック竹ノ下,鹿児島市松原町１４番１号,099-219-2711,医療法人　さんクリニック竹ノ下　理事長　竹ノ下　満,竹之下　満,一般　外　胃　呼　心外　こう,,平13. 10. 1,kyushu/000491324.zip
診療所,46,0122428,有馬新一クリニック,鹿児島市下荒田２丁目１番１号,099-812-1131,有馬　新一,有馬　新一,内　循,,平13. 10. 25,kyushu/000491324.zip
診療所,46,0122451,外山内科クリニック,鹿児島市伊敷五丁目１９番２５号,099-229-2519,医療法人　愛樹会　理事長　外山　幹樹,外山　幹樹,一般　内科　腎臓内科（人工透析）　麻　循環器内科,,平13. 10. 1,kyushu/000491324.zip
診療所,46,0122519,吉耳鼻咽喉科アレルギー科,鹿児島市川上町２５７１番地１,099-295-7123,医療法人　吉幸会　理事長　吉次　政彦,吉次　政彦,耳い　アレ　気食,,平14. 4. 1,kyushu/000491324.zip
診療所,46,0122543,伊敷台内科,鹿児島市伊敷台４丁目７番１７号,099-228-5500,医療法人　誠康会　理事長　山田　誠一郎,山田　誠一郎,内　呼　胃　循　小,,平14. 4. 1,kyushu/000491324.zip
診療所,46,0122550,厚地記念クリニック,鹿児島市照国町１２番１号,099-226-8871,医療法人　慈風会　理事長　厚地　正道,陣之内　正史,放,,平14. 4. 1,kyushu/000491324.zip
診療所,46,0122568,野﨑クリニック,鹿児島市東谷山五丁目２７－２,099-267-2322,野﨑　忍,野﨑　忍,形外　麻,,平14. 4. 1,kyushu/000491324.zip
診療所,46,0122576,さめしま眼科,鹿児島市大黒町１番８ブラザー鹿児島ビル５階,099-219-6383,医療法人　恕心会　理事長　鮫島　基泰,鮫島　基泰,眼,,平14. 5. 1,kyushu/000491324.zip
診療所,46,0122600,岩下クリニック,鹿児島市城西三丁目５番５号,099-254-5632,岩下　達郎,岩下　達郎,内,,平14. 6. 1,kyushu/000491324.zip
診療所,46,0122626,ほりのうち内科,鹿児島市中山町１３７０番地,099-210-2888,堀ノ内　治,堀ノ内　治,内　循,,平14. 7. 2,kyushu/000491324.zip
診療所,46,0122667,下川クリニック,鹿児島市吉野町２２８８番地２,099-244-1200,医療法人　優会　理事長　下川　充芳,下川　充芳,皮　アレ　外　呼内　循環器内科　心外,,平14. 10. 1,kyushu/000491324.zip
診療所,46,0122675,谷山生協クリニック,鹿児島市谷山中央五丁目２１番２２号,099-210-2211,鹿児島医療生活協同組合　理事長　駿河　保彰,蓑輪　一文,内　呼　消　循　外　小　こう　歯　小歯,,平14. 10. 1,kyushu/000491324.zip
診療所,46,0122691,松元整形外科,鹿児島市吉野一丁目５番１２号,099-243-9995,医療法人　光生会　理事長　松元　光生,松元　光生,整外　リウ　リハ　麻,,平14. 10. 1,kyushu/000491324.zip
診療所,46,0122709,西陵クリニック,鹿児島市西陵５丁目１２番５－２号,099-283-3666,医療法人　弘愛会　理事長　坂元　暁,坂元　暁,外　呼　消　循　アレ　内　呼外　心外　小外　こう　リハ,,平14. 10. 1,kyushu/000491324.zip
診療所,46,0122717,マミィクリニック伊集院,鹿児島市中山町２５８７番地３,099-263-1153,医療法人　さゆみ会　理事長　伊集院　秀明,伊集院　秀明,一般　産婦　麻,,平14. 10. 1,kyushu/000491324.zip
診療所,46,0122725,高見馬場Ｊｕｎクリニック,鹿児島市加治屋町１３番３号,099-239-5655,医療法人　悠久会　理事長　小田原　淳子,小田原　淳子,内,,平14. 10. 1,kyushu/000491324.zip
診療所,46,0122733,三愛クリニック,鹿児島市郡元３丁目３番７号,099-812-6433,社会医療法人　三愛会　理事長　川村　英俊,米　和徳,整外　リハ　リウ　内　循環器内科,,平14. 10. 1,kyushu/000491324.zip
診療所,46,0122766,しんがみ内科クリニック,鹿児島市下荒田１丁目３０番１５号,099-213-5321,医療法人　新生会　理事長　新上　哲生,新上　哲生,内　消化器内科　肝臓内科,,平14. 10. 1,kyushu/000491324.zip
診療所,46,0122774,橋野循環器科内科,鹿児島市清和四丁目１０番３０号,099-210-1355,医療法人　公仁会　理事長　橋野　達也,橋野　達也,一般　循　内,,平14. 10. 1,kyushu/000491324.zip
診療所,46,0122782,川畑隼夫眼科医院,鹿児島市郡元３丁目２番１号,099-822-1110,医療法人　川畑眼科医院　理事長　川畑　善之,川畑　善之,一般　眼,,平14. 10. 1,kyushu/000491324.zip
診療所,46,0122790,健三郎クリニック,鹿児島市山下町９番１号チャイムズビル３Ｆ,099-805-0567,医療法人　健瑜会　理事長　今村　健三郎,今村　健三郎,内　消,,平14. 11. 1,kyushu/000491324.zip
診療所,46,0122808,やまだメンタルクリニック,鹿児島市加治屋町１３番３号明和ビル高見馬場３階,099-227-7766,山田　康一郎,山田　康一郎,精　心内,,平14. 11. 1,kyushu/000491324.zip
診療所,46,0122840,伊佐敷眼科医院,鹿児島市西千石町１０番３１号,099-226-1679,伊佐敷　誠,伊佐敷　誠,眼,,平14. 12. 1,kyushu/000491324.zip
診療所,46,0122915,冨永内科,鹿児島市西伊敷四丁目７番４号,099-229-2323,医療法人　青雪会　理事長　冨永　裕一,冨永　裕一,内　神内　小　循環器内科　胃腸内科,,平15. 4. 1,kyushu/000491324.zip
診療所,46,0122923,竹元クリニック,鹿児島市伊敷台二丁目１７番２０号,099-218-0456,医療法人　悠美会　理事長　竹元　雅一,竹元　雅一,一般　ひ　皮,,平15. 4. 1,kyushu/000491324.zip
診療所,46,0122931,石原山下整形外科内科医院,鹿児島市皷川町４番１６号,099-247-3011,医療法人　善仁会　理事長　石原　聡一,石原　聡一,一般　整外　内　リハ　リウ,,平15. 4. 1,kyushu/000491324.zip
病院,46,0122949,あんびる病院,鹿児島市稲荷町１２番６号,099-248-2222,医療法人　健生会　理事長　安蒜　佳代子,鮫島　淳一郎,療養　内　リハ　呼吸器内科　消化器内科　循環器内科,,平15. 4. 1,kyushu/000491324.zip
診療所,46,0122972,村山内科循環器科,鹿児島市城西二丁目６番７号,099-252-8253,村山　隆,村山　隆,内　循環器内科,,平15. 5. 1,kyushu/000491324.zip
診療所,46,0123004,河井脳神経外科,鹿児島市小松原二丁目１０番１９号,099-267-7700,医療法人　八宏会　理事長　河井　浩志,河井　浩志,一般　脳外　神内　リハ　放　麻,,平15. 5. 1,kyushu/000491324.zip
診療所,46,0123046,天陽会中央クリニック,鹿児島市泉町１６番１号,099-225-8650,社会医療法人　天陽会　理事長　厚地　伸彦,高岡　順一郎,循環器内科　内　呼内　消化器内科　神内　外　整外　心外　肛門外科　眼　放　リハ　麻,,平15. 8. 1,kyushu/000491324.zip
診療所,46,0123053,坂元眼科,鹿児島市下荒田１丁目２番２６号,099-213-0556,坂元　有至,坂元　有至,眼,,平15. 9. 24,kyushu/000491324.zip
診療所,46,0123079,溝口内科医院,鹿児島市山田町３６７番地,099-265-5698,医療法人　博友会　理事長　溝口　悦子,溝口　悦子,一般　内　循,,平15. 10. 1,kyushu/000491324.zip
診療所,46,0123129,酒瀬川眼科クリニック,鹿児島市東千石町１３番２９号,099-226-5167,酒瀬川　道隆,酒瀬川　道隆,眼,,平15. 10. 1,kyushu/000491324.zip
診療所,46,0123137,上片平産婦人科・内科,鹿児島市伊敷七丁目８番１５号,099-220-0381,医療法人　正栄会　理事長　上片平　榮昭,上片平　榮昭,一般　療養　産　婦　内,,平15. 10. 1,kyushu/000491324.zip
診療所,46,0123160,石塚レディースクリニック,鹿児島市新屋敷町４番１０号,099-222-2509,医療法人　石塚レディースクリニック　理事長　石井　裕子,石井　裕子,一般　産婦,,平15. 11. 1,kyushu/000491324.zip
病院,46,0123178,はやし病院,鹿児島市武二丁目３３番８号,099-257-6969,医療法人　起生会　理事長　花田　博実,塩田　健,一般　療養　内　リハ　放　神内　胃腸内科　消化器内科　循環器内科　呼内,,平15. 12. 1,kyushu/000491324.zip
病院,46,0123186,坂之上病院,鹿児島市光山２丁目３１番７６号,099-261-6602,医療法人　陽善会　理事長　小城　卓郎,小城　卓郎,療養　精神　精　内　脳内,122,平15. 12. 1,kyushu/000491324.zip
診療所,46,0123269,ますみクリニック,鹿児島市明和一丁目２６番７号,099-282-1586,医療法人　孝星会　理事長　青山　浩一,青山　浩一,内,,平16. 4. 1,kyushu/000491324.zip
診療所,46,0123343,片平皮膚泌尿器科,鹿児島市鴨池一丁目１０番７号,099-253-7069,医療法人　旺仁会　理事長　片平　充彦,片平　充彦,ひ　皮　性　アレ,,平16. 8. 3,kyushu/000491324.zip
診療所,46,0123400,上山クリニック,鹿児島市吉野町７１９番地１,099-244-3000,医療法人　上山クリニック　理事長　上山　教夫,上山　教夫,一般　内　消　リハ,,平16. 10. 5,kyushu/000491324.zip
診療所,46,0123418,つみのり内科クリニック,鹿児島市中山町５１５７番地,099-266-0611,山下　積德,山下　積德,内　循,,平16. 10. 28,kyushu/000491324.zip
診療所,46,0123426,盛満医院,鹿児島市川上町３４４４番地１,099-243-0581,盛満　憲生,盛満　憲生,内科　内視鏡内科　緩和ケア内科　神内　小　消化器内科　胃腸内科,,平16. 10. 1,kyushu/000491324.zip
診療所,46,0123434,うのき眼科,鹿児島市原良一丁目７番１５号,099-214-5211,医療法人　陽幸会　理事長　鵜木　一彦,鵜木　一彦,一般　眼,,平16. 10. 1,kyushu/000491324.zip
診療所,46,0123442,有村眼科,鹿児島市中町１０番５号,099-222-7885,医療法人　利仁会　理事長　有村　仁志,有村　仁志,眼,,平16. 10. 1,kyushu/000491324.zip
病院,46,0123459,吉田記念病院,鹿児島市本名町４７０番地,099-294-2161,医療法人　碩済会　理事長　木本　恵子,東條　秀司,療養　内　リハ　呼内　ひ,,昭60. 9. 2,kyushu/000491324.zip
診療所,46,0123483,うえはらクリニック,鹿児島市本名町１０７１番地１,099-294-2102,医療法人　上原会　理事長　上原　景光,上原　景光,一般　外　消　循　こう,,平11. 4. 1,kyushu/000491324.zip
診療所,46,0123525,喜入　クリニック,鹿児島市喜入町６０１６番地,099-345-3210,医療法人　喜望会　理事長　黒岩　義文,黒岩　義文,内　呼　消　循,,平8. 10. 1,kyushu/000491324.zip
診療所,46,0123533,福元医院,鹿児島市喜入瀬々串町３３９３番地,099-347-0005,福元　喜公男,福元　喜公男,内　外　小　麻,,平9. 2. 3,kyushu/000491324.zip
診療所,46,0123558,きいれ浜田クリニック,鹿児島市喜入町６９８８ー１,0993-45-0077,医療法人　浜友会　理事長　濵田　努,濵田　努,一般　内　呼内　小　リハ　整外,,平10. 4. 1,kyushu/000491324.zip
診療所,46,0123582,前畠医院,鹿児島市郡山町１３０８,099-298-2121,医療法人　前畠　医院　理事長　前畠　裕司,前畠　裕司,内　胃　消　循　小　外,,平元. 10. 1,kyushu/000491324.zip
診療所,46,0123608,丸山整形外科,鹿児島市郡山町５０５番地３,099-298-3115,医療法人　恵信会　理事長　丸山　裕之,丸山　裕之,一般　整外　リハ　リウ,,平2. 1. 1,kyushu/000491324.zip
診療所,46,0123616,医療法人　川畑内科クリニック,鹿児島市上谷口町１００３番地１,099-278-1011,医療法人　川畑内科クリニック　理事長　川畑　英機,川畑　英機,内　小　消化器内科,,平3. 1. 1,kyushu/000491324.zip
診療所,46,0123624,鬼丸内科循環器科,鹿児島市郡山町６５１３番地,099-298-3901,医療法人　髙圓会　理事長　鬼丸　円,鬼丸　円,内　循,,平12. 4. 1,kyushu/000491324.zip
診療所,46,0123632,木村外科内科,鹿児島市石谷町２１０１番地７,099-278-5511,医療法人　木村外科内科　理事長　上野　隆幸,萩原　貴彦,一般　外　内　小　整外　皮　リハ,,平12. 4. 1,kyushu/000491324.zip
診療所,46,0123707,うるた内科腎内科,鹿児島市下荒田２丁目１０番１０号,099-285-1700,医療法人　裕聖会　理事長　潤田　裕二,潤田　裕二,一般　内　腎臓内科　人工透析内科,,平16. 11. 1,kyushu/000491324.zip
診療所,46,0123723,整形外科　吉野台クリニック,鹿児島市吉野町１４８６番地１,099-243-5550,医療法人　春和会　理事長　増田　明敏,増田　明敏,一般　整外　リウ　リハ,,平17. 1. 11,kyushu/000491324.zip
診療所,46,0123756,大黒クリニック,鹿児島市大黒町１番８号,099-222-1807,川畑　力丸,川畑　力丸,整外　内,,平17. 4. 1,kyushu/000491324.zip
診療所,46,0123798,ニュータウン小児科,鹿児島市伊敷台２丁目６番２２号,099-218-0211,医療法人　えがお　理事長　重森　雅彦,重森　雅彦,小,,平17. 4. 1,kyushu/000491324.zip
診療所,46,0123863,慈愛会クリニック,鹿児島市泉町１番１５号,099-239-0588,公益財団法人　慈愛会　理事長　今村　英仁,今村　尚子,糖尿病内科　内科,,平17. 6. 1,kyushu/000491324.zip
診療所,46,0123889,かばやま整形外科,鹿児島市吉野町２２８６番地,099-243-2572,医療法人　こもれび会　理事長　樺山　資晃,樺山　資晃,整外　リウ　リハ,,平17. 8. 1,kyushu/000491324.zip
診療所,46,0123947,いとう整形外科クリニック,鹿児島市谷山中央二丁目４５１５番地,099-210-1112,医療法人　博十会　理事長　伊藤　直起,伊藤　直起,整外　リハ,,平17. 10. 1,kyushu/000491324.zip
診療所,46,0123954,あいこう皮フ科クリニック,鹿児島市宇宿７丁目１４番２６号,099-265-0012,医療法人　あらいぐま会　理事長　愛甲　隆昭,愛甲　隆昭,皮　アレ,,平17. 10. 1,kyushu/000491324.zip
診療所,46,0123962,さくら眼科,鹿児島市吉野二丁目６番１０号,099-295-5911,医療法人　さくら眼科　理事長　上永吉　達彦,上永吉　達彦,眼,,平17. 10. 11,kyushu/000491324.zip
診療所,46,0123970,新田ニコニコクリニック,鹿児島市和田一丁目２１－２－１,099-269-3123,医療法人　ニコニコ会　理事長　新田　隆之,新田　隆之,内　消　リハ,,平17. 10. 1,kyushu/000491324.zip
診療所,46,0123988,うえの耳鼻咽喉科クリニック,鹿児島市紫原三丁目３３番地２,099-812-1133,医療法人　恵史会　理事長　上野　員義,上野　員義,耳い　気食　アレ,,平17. 10. 1,kyushu/000491324.zip
診療所,46,0123996,久保クリニック,鹿児島市吉野町３２５５番地の１２,099-243-2500,医療法人　博香会　理事長　岩谷　美香,岩谷　美香,一般　一般　内　外　精,19,平17. 10. 1,kyushu/000491324.zip
診療所,46,0124002,はしぐち内科ひふ科クリニック,鹿児島市大黒町２番１号１Ｆ,099-219-4780,橋口　正一郎,橋口　正一郎,内　皮,,平17. 9. 26,kyushu/000491324.zip
診療所,46,0124010,岩堀クリニック,鹿児島市坂之上六丁目１５番１５号,099-261-9999,医療法人　桜花会　理事長　岩堀　智美,岩堀　智美,皮　麻　内,,平17. 10. 1,kyushu/000491324.zip
診療所,46,0124044,谷山川畑眼科,鹿児島市小松原二丁目１４番２０号,099-263-1722,川畑　貴史,川畑　貴史,眼,,平17. 11. 1,kyushu/000491324.zip
診療所,46,0124101,吉野眼科・中央歯科クリニック,鹿児島市吉野町１７７３番地７,099-244-5311,医療法人　愛葉会　理事長　冨宿　紀夫,冨宿　紀夫,眼　歯　小歯　歯外　矯歯,,平18. 3. 3,kyushu/000491324.zip
診療所,46,0124119,八木クリニック,鹿児島市中山町２１２８番地１,099-263-5558,医療法人　静風会　理事長　八木　静男,八木　静男,一般　一般　ひ　内,19,平18. 4. 1,kyushu/000491324.zip
診療所,46,0124127,野口クリニック,鹿児島市中央町３６番地１２,099-258-1800,野口　昌宏,野口　昌宏,内　胃腸内科,,平18. 4. 1,kyushu/000491324.zip
診療所,46,0124135,鹿児島市夜間急病センター,鹿児島市鴨池二丁目２２番１８号,099-214-3350,鹿児島市長,上ノ町　仁,内　小　外　産婦　眼　耳い,,平18. 4. 1,kyushu/000491324.zip
診療所,46,0124143,坂之上整形外科クリニック,鹿児島市坂之上六丁目１１番１８号,099-262-6166,医療法人　太陽会　理事長　齋藤　嘉信,齋藤　嘉信,整外　リウ　リハ,,平18. 4. 1,kyushu/000491324.zip
診療所,46,0124226,五反田内科クリニック,鹿児島市薬師二丁目７番６２号,099-259-2038,医療法人　天翔会　理事長　五反田　滿幸,五反田　滿幸,内,,平18. 8. 1,kyushu/000491324.zip
診療所,46,0124234,片平整形外科,鹿児島市鴨池１丁目１０番７号片平ビル（４階、５階）,099-206-8899,片平　光昭,片平　光昭,整外　リウ　リハ,,平18. 8. 28,kyushu/000491324.zip
診療所,46,0124242,大塚クリニック,鹿児島市荒田二丁目４３番５号,099-252-9500,医療法人　秀緑会　理事長　大塚　みどり,大塚　彰行,一般　内科　腎臓内科　人工透析内科,,平18. 10. 1,kyushu/000491324.zip
診療所,46,0124259,いぢちこどもクリニック,鹿児島市吉野一丁目４３番１４号,099-246-3400,伊地知　修,伊地知　修,小,,平18. 10. 2,kyushu/000491324.zip
診療所,46,0124267,森園整形外科クリニック,鹿児島市山田町３３２３番地３,099-275-5511,医療法人　たまゆら会　理事長　森園　良幸,森園　良幸,整外　リウ　リハ,,平18. 10. 1,kyushu/000491324.zip
診療所,46,0124275,たけクリニック,鹿児島市川上町２５７３番地１１,099-295-8666,医療法人　グレイス　理事長　竹　三郎,竹　三郎,一般　ひ　内,,平18. 10. 1,kyushu/000491324.zip
診療所,46,0124325,田原内科・循環器科,鹿児島市東谷山三丁目１４番１号,099-260-6080,医療法人　悠和会　理事長　田原　稔,田原　稔,内　循,,平18. 10. 1,kyushu/000491324.zip
診療所,46,0124333,まつなが耳鼻咽喉科,鹿児島市伊敷６丁目１７番２０号,099-218-0133,医療法人　信幸会　理事長　松永　信也,松永　信也,耳い　気食　アレ,,平18. 10. 1,kyushu/000491324.zip
診療所,46,0124341,たばたメンタルクリニック,鹿児島市下荒田３丁目１７番３２号,099-250-5682,医療法人　修誠会　理事長　田畑　修,田畑　修,精　心内　内　神,,平18. 10. 30,kyushu/000491324.zip
診療所,46,0124408,さがらパース通りクリニック,鹿児島市新屋敷町２６番１３号,099-239-5255,社会医療法人　博愛会　理事長　相良　吉昭,土持　進作,一般　一般　放射線治療科　放射線診断科　内分泌内科　乳腺外科　内　婦　形外　美容皮膚科,4,平19. 1. 6,kyushu/000491324.zip
診療所,46,0124424,梅津整形外科医院,鹿児島市吉野二丁目１４番１５号,099-244-6300,医療法人　梅津整形外科医院　理事長　梅津　龍哉,梅津　龍哉,整外　リハ　リウ　歯,,平19. 2. 1,kyushu/000491324.zip
診療所,46,0124457,明輝会クリニック,鹿児島市吉野三丁目２番５号,099-244-1500,医療法人　明輝会　理事長　川上　秀一,齋藤　俊,一般　一般　内科　肝臓内科　代謝内科　糖尿病内科　放　呼内　消化器内科　循環器内科,19,平19. 3. 1,kyushu/000491324.zip
診療所,46,0124473,片瀬クリニック,鹿児島市山之口町３番１４号,099-222-2560,医療法人　養真堂　理事長　片瀬　剛,片瀬　剛,一般　一般　産婦　内,3,平19. 4. 1,kyushu/000491324.zip
診療所,46,0124481,原良クリニック内科・循環器科,鹿児島市城西三丁目１０番１１号,099-250-1187,刀迫　弘,刀迫　弘,内　循,,平19. 4. 3,kyushu/000491324.zip
診療所,46,0124507,耳鼻咽喉科　村野クリニック,鹿児島市伊敷三丁目５番１６号,099-229-3318,医療法人　みどりの会　理事長　村野　健三,村野　健三,耳い　アレ　小　気食,,平19. 4. 1,kyushu/000491324.zip
診療所,46,0124515,整形外科　福村クリニック,鹿児島市武岡１丁目１１６番２４号,099-282-8830,医療法人　福賀会　理事長　福村　憲司,福村　憲司,整外　リハ,,平19. 4. 1,kyushu/000491324.zip
診療所,46,0124523,東クリニック,鹿児島市郡元３丁目１３番１４号,099-252-8289,医療法人　江陽会　理事長　東　陽一郎,東　陽一郎,ひ　婦,,平19. 4. 1,kyushu/000491324.zip
診療所,46,0124531,濵島泌尿器科クリニック,鹿児島市上之園町１７番地１５　第一マキビル１階,099-251-1500,医療法人　瑛寿会　理事長　濵島　寿充,濱島　寿充,ひ,,平19. 4. 1,kyushu/000491324.zip
診療所,46,0124549,うしかい耳鼻咽喉科クリニック,鹿児島市下荒田２丁目８番地２２,099-250-4710,医療法人　サンセール　理事長　牛飼　雅人,牛飼　雅人,耳い　気食　アレ,,平19. 4. 1,kyushu/000491324.zip
診療所,46,0124572,紫原たはら医院,鹿児島市紫原４丁目２７番１９号,099-252-5233,医療法人　成育会　理事長　太原　博史,太原　博史,一般　小　内　呼,,平19. 4. 1,kyushu/000491324.zip
診療所,46,0124598,岡田・石堂クリニック,鹿児島市上福元町３６０３番地１,099-263-5570,医療法人　明弘会　理事長　岡田　明彦,石堂　康弘,一般　一般　整外　脳内　麻　リハ　内　脳外,19,平19. 4. 1,kyushu/000491324.zip
診療所,46,0124606,はっぴー・クリニック,鹿児島市坂之上四丁目５番３号,099-284-6550,医療法人　まこと会　理事長　松村　真由美,有馬　純久,内　小,,平19. 4. 1,kyushu/000491324.zip
診療所,46,0124622,平川外科内科医院,鹿児島市真砂本町３番７８号,099-252-8282,医療法人　丈信会　理事長　平川　信之,平川　信之,一般　一般　外　内　呼　消　循　こう　リハ　麻　整外,2,平19. 4. 1,kyushu/000491324.zip
診療所,46,0124630,かわはら脳神経外科クリニック,鹿児島市和田一丁目１７番１０号,099-266-6412,医療法人　川原会　理事長　川原　功裕,川原　功裕,一般　一般　脳外　神内　リハ,19,平19. 4. 1,kyushu/000491324.zip
診療所,46,0124648,松田ウイメンズクリニック,鹿児島市山之口町１番１０号鹿児島中央ビル３階,099-224-4124,医療法人　松田ウイメンズクリニック　理事長　松田　和洋,松田　和洋,産婦,,平19. 5. 1,kyushu/000491324.zip
診療所,46,0124655,三成会クリニック,鹿児島市田上８丁目１番１７号,099-281-1555,医療法人　三成会　理事長　藤善　卓弥,竹端　均,一般　内　リウ　整外　リハ　消化器内科　循環器内科,,平19. 5. 1,kyushu/000491324.zip
診療所,46,0124663,ほかぞのクリニック,鹿児島市小松原二丁目３５番５号,099-266-3617,医療法人　三楽会　理事長　外園　善朗,外園　善朗,精　神内　心内,,平19. 5. 1,kyushu/000491324.zip
診療所,46,0124689,いこまクリニック,鹿児島市武１丁目２７番１１号　Ｉビル２階,099-206-0788,生駒　季隆,生駒　季隆,心内　精,,平19. 6. 1,kyushu/000491324.zip
診療所,46,0124713,整形外科　山内クリニック,鹿児島市堀江町８番７号,099-216-2177,山内　常人,山内　常人,整外　リハ,,平19. 7. 3,kyushu/000491324.zip
診療所,46,0124721,きくうら小児科,鹿児島市原良三丁目１番２号,099-253-7888,医療法人　きくうら小児科　理事長　菊浦　豊文,菊浦　豊文,小,,平19. 8. 1,kyushu/000491324.zip
診療所,46,0124747,レディースクリニックあいいく,鹿児島市小松原一丁目４０番２号,099-260-8878,医療法人　愛育会　理事長　川俣　和弥,樋渡　小百合,婦人科（不妊治療・生殖医療）,,平19. 9. 27,kyushu/000491324.zip
診療所,46,0124788,照國クリニック,鹿児島市照国町１３番１９号,099-222-4710,神川　公孝,神川　公孝,内　消,,平19. 11. 1,kyushu/000491324.zip
診療所,46,0124796,亀井メンタルクリニック,鹿児島市西田二丁目２８番１３号ノーサイドヒルズ　２Ｆ,099-258-3220,医療法人　苳苳の会　理事長　亀井　健二,亀井　健二,精　心内,,平19. 11. 1,kyushu/000491324.zip
診療所,46,0124945,ふるたクリニック,鹿児島市宇宿９丁目６番５号,099-275-9077,医療法人　天百合会　理事長　古田　利久,古田　利久,内　リハ,,平20. 10. 1,kyushu/000491324.zip
診療所,46,0124986,児玉整形外科クリニック,鹿児島市谷山中央一丁目６３番８号,099-268-7030,医療法人　楽山会　理事長　兒玉　太郎,兒玉　太郎,一般　一般　整外　リハ　リウ　麻　ペインクリニック内科,19,平20. 11. 1,kyushu/000491324.zip
診療所,46,0125017,八重倉医院,鹿児島市東谷山一丁目５８番８号,099-806-0567,八重倉　和朗,八重倉　和朗,内　糖尿病内科,,平20. 12. 10,kyushu/000491324.zip
診療所,46,0125066,内科・循環器内科　きはらハートクリニック,鹿児島市紫原１丁目４７番７号,099-250-5505,木原　貴士,木原　貴士,内　循環器内科,,平20. 12. 1,kyushu/000491324.zip
診療所,46,0125090,にしたにやまクリニック,鹿児島市西谷山二丁目７番３８号,099-268-7700,医療法人　萩風会　理事長　萩原　浩,萩原　浩,整外　リハ　精　心内,,平21. 2. 16,kyushu/000491324.zip
診療所,46,0125116,慈遊館クリニック,鹿児島市下福元町２６３５番地,099-263-3105,医療法人　健翔会　理事長　松枝　秀樹,小林　英史,内　外　消化器内科,,平21. 4. 1,kyushu/000491324.zip
診療所,46,0125140,ちゅうざん整形外科・内科・胃腸内科,鹿児島市中山町５２３７番地１,099-266-6366,医療法人　中山整形外科　理事長　小城　琢朗,西村　謙一,一般　一般　整外　リハ　リウ　麻　内　胃腸内科,19,平21. 4. 1,kyushu/000491324.zip
診療所,46,0125157,井上メンタルクリニック,鹿児島市山下町９番２６号　ファインビル３階,099-225-4707,井上　賢人,井上　賢人,精　神内　心内　内,,平21. 5. 1,kyushu/000491324.zip
病院,46,0125181,上山病院,鹿児島市宇宿３丁目１７番６号,099-257-2277,医療法人　腎愛会　理事長　寺口　記代,寺口　記代,療養　療養　内　腎臓内科　人工透析内科　循環器内科　血管外科,40,平21. 7. 1,kyushu/000491324.zip
診療所,46,0125223,おおにし産婦人科,鹿児島市川上町２８０５番地１,099-246-3210,医療法人　おおにし産婦人科　理事長　大西　英資,大西　英資,一般　一般　産　婦,9,平21. 10. 1,kyushu/000491324.zip
診療所,46,0125256,高麗町クリニック,鹿児島市高麗町３９番１１号　慈愛の郷１Ｆ,099-812-7712,公益財団法人　慈愛会　理事長　今村　英仁,木原　浩一,内,,平21. 11. 1,kyushu/000491324.zip
診療所,46,0125272,久米田内科・循環器内科,鹿児島市草牟田二丁目２４番１号,099-226-1166,医療法人　栄光会　理事長　久米田　憲志,久米田　憲志,内　循環器内科　糖尿病・代謝内科　漢方内科,,平22. 1. 1,kyushu/000491324.zip
診療所,46,0125280,かつらクリニック,鹿児島市照国町１２番１,099-223-2778,医療法人　かつらクリニック　理事長　桂　禎紀,桂　禎紀,内　消化器外科　肛門外科,,平22. 1. 1,kyushu/000491324.zip
診療所,46,0125314,梅林クリニック,鹿児島市西陵二丁目１番１５号,099-282-5800,医療法人　三和会　理事長　梅林　雄介,梅林　雄介,内　小　循環器内科　心外　外,,平22. 4. 1,kyushu/000491324.zip
診療所,46,0125355,清泉クリニック整形外科内科,鹿児島市住吉町１２番１６号,099-223-1936,医療法人社団　ＳＥＩＳＥＮ　理事長　脇元　順一,脇元　順一,整外　内　リハ,,平22. 5. 1,kyushu/000491324.zip
診療所,46,0125363,皮ふ科　内宮医院,鹿児島市中町３－１３,099-222-1872,内宮　礼嗣,内宮　礼嗣,皮,,平22. 6. 1,kyushu/000491324.zip
診療所,46,0125371,あいクリニック帯迫眼科,鹿児島市吉野町３３２２番地１０,099-248-7070,新納　栄良,新納　栄良,眼,,平22. 6. 8,kyushu/000491324.zip
診療所,46,0125397,緑ヶ丘クリニック,鹿児島市緑ケ丘町６番１１号,099-243-0095,医療法人　緑陽の会　理事長　新田　翔,新田　翔,内　小　消化器内科,,平22. 8. 16,kyushu/000491324.zip
診療所,46,0125447,整形外科　中川クリニック,鹿児島市石谷町１９２１番地６,099-278-7400,医療法人　美文会　理事長　中川　俊文,中川　俊文,整外　リウ　リハ,,平22. 10. 1,kyushu/000491324.zip
診療所,46,0125488,わたなべ医院,鹿児島市紫原二丁目３番３号,099-254-7890,医療法人　忠恕会　理事長　渡邉　俊一,渡邉　俊一,内　外　呼外,,平22. 10. 1,kyushu/000491324.zip
診療所,46,0125496,池田クリニック,鹿児島市吉野二丁目２６番１３号,099-243-8181,医療法人　池田クリニック　理事長　池田　孝明,池田　孝明,内　小,,平22. 10. 1,kyushu/000491324.zip
診療所,46,0125512,さくらクリニック,鹿児島市上荒田町２９番１２号,099-213-5733,医療法人　さくらクリニック　理事長　堂園　貞巳,堂園　貞巳,内,,平22. 12. 18,kyushu/000491324.zip
診療所,46,0125561,くぼた内科クリニック,鹿児島市吉野町５３７３番地１８,099-246-3700,医療法人　渓心会　理事長　窪田　一之,窪田　一之,内　循環器内科,,平23. 4. 1,kyushu/000491324.zip
病院,46,0125595,南鹿児島さくら病院,鹿児島市南郡元町２４番１５号,099-253-7272,医療法人　日章会　理事長　山本　英彦,川越　一慶,療養　内　整外　膠原病リウマチ内科　リハ　消化器外科　呼内,,平23. 3. 14,kyushu/000491324.zip
診療所,46,0125603,野間口クリニック,鹿児島市小川町２２番６号プランドール小川町３Ｆ,099-219-4556,医療法人　野間口クリニック　理事長　野間口　光男,野間口　光男,精　心内,,平23. 4. 1,kyushu/000491324.zip
病院,46,0125637,かごしま高岡病院,鹿児島市西千石町１４番１２,099-226-1370,医療法人　聖心会　理事長　高岡　茂,高岡　俊夫,一般　一般　結核　内　放　リハ　呼吸器内科　循環器内科　消化器内科,34,平23. 6. 1,kyushu/000491324.zip
診療所,46,0125645,じげんじ久保クリニック,鹿児島市谷山中央六丁目１７番３０号,099-267-7776,医療法人　じげんじ久保クリニック　理事長　久保　博幸,久保　博幸,一般　ひ　内,,平23. 6. 1,kyushu/000491324.zip
診療所,46,0125652,吉満・鈴木耳鼻咽喉科,鹿児島市小川町１－４,099-222-3387,鈴木　啓子,鈴木　啓子,耳い,,平23. 7. 8,kyushu/000491324.zip
診療所,46,0125660,みのりクリニック,鹿児島市小川町２２番６号２Ｆ,099-210-7890,医療法人　さとし会　理事長　齋藤　寛史,齋藤　寛史,循環器内科　ペインクリニック外科,,平23. 10. 1,kyushu/000491324.zip
診療所,46,0125694,川原泌尿器科,鹿児島市宇宿８丁目１７番１号,099-284-7117,医療法人　新元会　理事長　川原　元司,川原　元司,一般　一般　ひ,17,平23. 10. 1,kyushu/000491324.zip
診療所,46,0125736,神園医院,鹿児島市南林寺町１０番８号,099-222-2707,医療法人　神愛会　理事長　神園　隆二,神園　隆二,外　内　消化器内科,,平24. 2. 1,kyushu/000491324.zip
診療所,46,0125769,尾辻クリニック内科胃腸科,鹿児島市皇徳寺台１丁目２８番１５号,099-201-0202,医療法人　尾辻クリニック　理事長　尾辻　真人,尾辻　真人,内　消化器内科,,平24. 4. 1,kyushu/000491324.zip
診療所,46,0125801,きじま内科,鹿児島市中央町２３番２１号２Ｆ,099-255-8750,貴嶋　宏全,貴嶋　宏全,内　呼内　循環器内科,,平24. 7. 1,kyushu/000491324.zip
診療所,46,0125827,山野医院,鹿児島市武２丁目２６－７,099-296-7251,山野　隆,山野　隆,内　神内,,平24. 8. 22,kyushu/000491324.zip
診療所,46,0125843,はぁと診療所,鹿児島市上荒田町２９番１８号パールシャイン年永１階,099-250-6100,迫田　礼彦,迫田　礼彦,精,,平24. 9. 1,kyushu/000491324.zip
診療所,46,0125850,あおぞら小児科,鹿児島市草牟田２丁目１３番２１号,099-295-3838,医療法人　元洋会　理事長　立元　千帆,立元　千帆,小,,平24. 10. 12,kyushu/000491324.zip
診療所,46,0125868,かもいけ耳鼻咽喉科クリニック,鹿児島市鴨池２丁目７番１号,099-298-1133,医療法人　紀　理事長　田中　紀充,原田　みずえ,耳　アレ,,平24. 10. 1,kyushu/000491324.zip
診療所,46,0125876,なかのクリニック,鹿児島市上荒田町２６－２９ー１０１号,099-206-0011,医療法人　鹿甲会　理事長　中野　静雄,中野　静雄,内　外　消化器内科,,平24. 10. 1,kyushu/000491324.zip
診療所,46,0125884,こしのクリニック,鹿児島市城西一丁目２－２２,099-256-5055,医療法人　泰保会　理事長　越野　保人,越野　保人,外科　肛門外科　内,,平24. 10. 1,kyushu/000491324.zip
診療所,46,0125918,すみクリニック,鹿児島市加治屋町１３－１１,099-222-2727,医療法人　純孝会　理事長　角　純啓,角　純啓,ひ　皮,,平24. 10. 1,kyushu/000491324.zip
診療所,46,0125926,坂下内科くりニック,鹿児島市西伊敷３丁目２０番１５号,099-228-2345,医療法人　キ・リ・ン会　理事長　坂下　博樹,坂下　博樹,内　消化器内科,,平24. 10. 1,kyushu/000491324.zip
病院,46,0125934,健翔会病院,鹿児島市東郡元町５番１０号,099-253-0171,医療法人　健翔会　理事長　松枝　秀樹,植村　勝男,療養　療養　外科　内視鏡外科（主科）　腫瘍外科　肛門外科　内　リハ　胃腸内科,54,平24. 11. 22,kyushu/000491324.zip
診療所,46,0125942,健三郎クリニック　薬師,鹿児島市原良四丁目２７番１号,099-202-0071,医療法人　健瑜会　理事長　今村　健三郎,池田　耕治,内　放　消化器内科　呼内,,平24. 11. 6,kyushu/000491324.zip
診療所,46,0125967,整形外科　たきしたクリニック,鹿児島市西千石町１６－１２ボナンザ西千石２Ｆ,099-216-8282,医療法人　紗彰会　理事長　瀧下　純夫,瀧下　純夫,整外　リハ　リウ,,平25. 2. 1,kyushu/000491324.zip
診療所,46,0126007,武井内科クリニック,鹿児島市上之園町３４番地２０－２Ｆ,099-285-0051,医療法人和心会　理事長　武井　美智子,武井　美智子,内　アレ　小　精　心内　脳内,,平25. 4. 1,kyushu/000491324.zip
診療所,46,0126023,中尾内科胃腸内科,鹿児島市皇徳寺台３－２４－８,099-264-5959,中尾　慎二,中尾　慎二,内科　胃腸内科　小　循環器内科　呼内　消化器内科,,平25. 4. 4,kyushu/000491324.zip
診療所,46,0126056,ＳＫメディカルクリニック,鹿児島市郡元１丁目４番３号,099-298-5800,医療法人　貴幸会　理事長　白石　幸三,竹之内　賢一,糖尿病内科　人工透析内科,,平25. 10. 1,kyushu/000491324.zip
診療所,46,0126064,菜の花こころの診療所,鹿児島市宇宿７丁目５番１号,099-297-5439,久保　かおり,久保　かおり,精　心内,,平25. 10. 3,kyushu/000491324.zip
診療所,46,0126072,渡辺ファミリークリニック,鹿児島市松陽台町４３番地１,099-278-7177,医療法人　礼心会　理事長　渡邊　和礼,渡邊　和礼,内　外　小,,平25. 10. 1,kyushu/000491324.zip
診療所,46,0126080,かごしまたんぽぽ小児科,鹿児島市東郡元町５番２１号　１Ｆ,099-202-0010,山元　公惠,山元　公惠,小,,平25. 10. 1,kyushu/000491324.zip
診療所,46,0126098,うすきクリニック,鹿児島市宇宿四丁目３０番１３号,099-201-0301,医療法人　うすきクリニック　理事長　楊　宏慶,楊　宏慶,一般　内　外　消化器内科　消化器外科,,平25. 10. 1,kyushu/000491324.zip
診療所,46,0126155,ながはまクリニック,鹿児島市山之口町１－７南海貿易センタービル３Ｆ,099-223-6677,長濱　博行,長濱　博行,内　呼内,,平25. 12. 1,kyushu/000491324.zip
診療所,46,0126171,高見馬場山口クリニック,鹿児島市西千石町１６番１６号２Ｆ,099-219-3822,医療法人　高見馬場山口クリニック　理事長　山口　芳史,山口　芳史,内　消化器・内視鏡内科　循環器内科,,平25. 12. 1,kyushu/000491324.zip
診療所,46,0126247,中野内科医院,鹿児島市下伊敷１丁目５番１号,099-223-3312,医療法人　一会　理事長　中野　文雄,中野　文雄,内　リハ　循環器内科,,平26. 4. 1,kyushu/000491324.zip
診療所,46,0126254,山口克也内科,鹿児島市中央町４－３４　メディカルミュゼビル中央駅７Ｆ,099-210-5811,医療法人　山口克也内科　理事長　山口　克也,山口　克也,内　循環器内科,,平26. 4. 1,kyushu/000491324.zip
病院,46,0126312,仁愛会病院,鹿児島市南栄五丁目１０－１９,099-210-0201,医療法人　仁愛会　理事長　﨑元　芳大,竹永　智,一般　療養　脳神経内科　内　リハ　放,,平26. 4. 1,kyushu/000491324.zip
診療所,46,0126338,久保　皮膚科,鹿児島市上竜尾町５－１９,099-248-1311,久保　秀通,久保　秀通,皮　アレ,,平26. 5. 1,kyushu/000491324.zip
診療所,46,0126387,こしゃクリニック,鹿児島市西田２－２１－３　ＮＵビル３階東,099-203-0511,古謝　将一郎,古謝　将一郎,婦,,平26. 7. 1,kyushu/000491324.zip
病院,46,0126395,米盛病院,鹿児島市与次郎一丁目７番１号,099-230-0100,社会医療法人　緑泉会　理事長　米盛　公治,米盛　公治,一般　整外　リハ　リウ　麻　外　血管外科　呼内　脳外　放　小　産婦　心外　内科　糖尿病内科　心内　救急科　循環器内科　消化器内科　消化器外科　形外,506,平26. 9. 9,kyushu/000491324.zip
診療所,46,0126411,松本醫院,鹿児島市鷹師二丁目３番１５号,099-252-4181,医療法人　英眞会　理事長　松本　英彦,松本　英彦,呼内　内　外　胃腸内科,,平26. 10. 1,kyushu/000491324.zip
病院,46,0126437,アクラス中央病院,鹿児島市武岡一丁目１２１番５号,0570-000-717,医療法人　博康会　理事長　中村　俊博,中村　俊博,一般　療養　精神　内　肝臓内科　糖尿病内科　老年内科　放　老年精神科　リハ　脳内　循環器内科　呼内　消化器内科　胃腸内科,,平26. 11. 1,kyushu/000491324.zip
診療所,46,0126445,田村クリニック,鹿児島市宇宿３丁目２９番１０号,099-256-2222,田村　裕道,田村　裕道,内　外　消化器内科　消化器外科　肛門外科,,平26. 11. 1,kyushu/000491324.zip
診療所,46,0126452,小川耳鼻咽喉科,鹿児島市広木三丁目５番３号,099-800-8733,医療法人　小川耳鼻咽喉科　理事長　小川　敬,小川　敬,耳い,,平26. 11. 1,kyushu/000491324.zip
診療所,46,0126478,眼科　川畑医院,鹿児島市上之園町１９番地２５,099-813-0470,川畑　篤彦,川畑　篤彦,眼,,平26. 12. 17,kyushu/000491324.zip
診療所,46,0126486,榮樂内科クリニック,鹿児島市鴨池１丁目４４番８号,099-208-6000,医療法人　正隆会　理事長　榮樂　信隆,榮樂　信隆,内　リウ　脳内,,平27. 1. 1,kyushu/000491324.zip
診療所,46,0126510,七波クリニック,鹿児島市真砂本町５１番１号ニシムタスカイマーケット鴨池内テナント,099-284-0610,公益財団法人　慈愛会　理事長　今村　英仁,鮫島　久子,内,,平27. 3. 2,kyushu/000491324.zip
診療所,46,0126528,生協往診クリニック,鹿児島市谷山中央五丁目１４－１９日高ビル１階,099-230-7770,鹿児島医療生活協同組合　理事長　駿河　保彰,木田　博文,内　小,,平27. 3. 1,kyushu/000491324.zip
診療所,46,0126536,山口浩士クリニック内科・循環器内科,鹿児島市金生町２番１５号ＭＢＣ開発金生ビル２階,099-295-6381,医療法人　仁輝会　理事長　山口　浩士,山口　浩士,内　循環器内科,,平27. 4. 1,kyushu/000491324.zip
診療所,46,0126544,吉野東ホームクリニック,鹿児島市吉野町５２０８番地１,099-295-0555,医療法人　明輝会　理事長　川上　秀一,川上　秀一,内　消化器内科,,平27. 4. 1,kyushu/000491324.zip
診療所,46,0126551,辻眼科クリニック,鹿児島市和田三丁目２８番１８号,099-268-3000,医療法人　永陽会　理事長　辻　正敏,辻　正敏,眼　麻,,平27. 4. 1,kyushu/000491324.zip
診療所,46,0126569,医療法人　友心会　福元クリニック,鹿児島市山下町１２－８ｉｎｇ．ＢＬＤ　２階,099-222-2783,医療法人　友心会　理事長　福元　和彦,福元　弘和,内　ひ,,平27. 4. 1,kyushu/000491324.zip
診療所,46,0126577,きた眼科,鹿児島市草牟田町３番地１２,099-222-8222,医療法人　きた眼科　理事長　北　葉月,北　葉月,眼,,平27. 4. 1,kyushu/000491324.zip
診療所,46,0126585,藤﨑クリニック,鹿児島市谷山中央六丁目２３番１１号,099-202-0700,医療法人藤﨑クリニック　理事長　藤﨑　知文,藤崎　知文,内　糖尿病内科,,平27. 4. 1,kyushu/000491324.zip
診療所,46,0126593,中川クリニック,鹿児島市鴨池一丁目１４番２３号,099-252-2928,医療法人さつき会　理事長　中川　潔,中川　潔,精　心内　内,,平27. 4. 1,kyushu/000491324.zip
診療所,46,0126601,竹之内内科クリニック,鹿児島市星ケ峯１丁目２９番５号,099-264-6858,医療法人　たけしば会　理事長　竹之内　彰一,竹之内　彰一,内　小　呼吸器内科　消化器内科　循環器内科,,平27. 4. 1,kyushu/000491324.zip
診療所,46,0126619,もりやま耳鼻咽喉科,鹿児島市田上二丁目１５番１１号,099-286-6262,医療法人社団　もりやま耳鼻咽喉科　理事長　森山　一郎,森山　一郎,耳い　アレ　気食,,平27. 4. 1,kyushu/000491324.zip
診療所,46,0126627,とよやまクリニック,鹿児島市紫原七丁目１４番３号,099-255-2223,医療法人　博昭会　理事長　豊山　博信,豊山　博信,胃腸内科　外,,平27. 4. 1,kyushu/000491324.zip
病院,46,0126635,鹿児島市立病院,鹿児島市上荒田町３７番１号,099-230-7000,鹿児島市長,堀　剛,一般　一般（感染）　内　糖尿病・内分泌内科　腎臓内科　腫瘍内科　脳内　呼内　リウ　精　放　小外　整外　形外　脳外　皮　ひ　産婦　眼　耳い　歯　歯外　麻　病理　小　消化器内科　消化器外科　循環器内科　心外　呼外　乳腺外科　救命　新生児内科　血液・膠原病内科　リハ,574,平27. 5. 1,kyushu/000491324.zip
診療所,46,0126643,ゆみレディースクリニック,鹿児島市中町４番６号ワンダフルビル２階,099-222-8777,簗詰　友美,簗詰　友美,婦　産,,平27. 5. 1,kyushu/000491324.zip
診療所,46,0126676,田代内科,鹿児島市西田３－４－５,099-251-2127,田代　仁,田代　仁,内　循　消　漢方内科,,平27. 9. 1,kyushu/000491324.zip
診療所,46,0126692,メンタルヘルスかごしま中央クリニック,鹿児島市東千石町１３番１９号２階,099-223-7700,医療法人　鑑朗会　理事長　大迫　鑑顕,大迫　鑑顕,心内　精,,平27. 10. 1,kyushu/000491324.zip
診療所,46,0126718,ゆあさこどもクリニック,鹿児島市宇宿八丁目８番２５号,099-284-7277,医療法人　由貴会　理事長　湯浅　由啓,湯浅　由啓,小,,平27. 10. 1,kyushu/000491324.zip
診療所,46,0126726,整形外科・内科　玉里温泉クリニック,鹿児島市下伊敷１丁目８番１８号,099-222-5208,医療法人　光透葉　理事長　鮫島　浩司,鮫島　浩司,整外　リハ　リウ　内,,平27. 10. 1,kyushu/000491324.zip
診療所,46,0126734,うえの内科・循環器内科クリニック,鹿児島市山下町８番３号３階,099-295-6677,医療法人　ＵＨＣ　理事長　上野　博史,上野　博史,内　循環器内科　糖尿病内科,,平27. 10. 1,kyushu/000491324.zip
診療所,46,0126742,さかき脳神経外科,鹿児島市中山町２１７６番２,099-298-5400,医療法人　さかき脳神経外科　理事長　榊　正剛,榊　正剛,脳外　神内,,平27. 10. 1,kyushu/000491324.zip
診療所,46,0126791,きいれセントラルクリニック,鹿児島市喜入町６０７４番地１,099-345-1888,医療法人　参天会　理事長　新田　博之,井上　裕喜,一般　内　外　小　呼内　リハ　整外　放　胃腸内科　循環器内科,,平28. 1. 21,kyushu/000491324.zip
診療所,46,0126809,うのきクリニック,鹿児島市呉服町３－６山口ビル１階,099-213-9222,鵜木　康資,鵜木　康資,婦　漢方婦人科,,平28. 3. 22,kyushu/000491324.zip
診療所,46,0126817,国東内科小児科,鹿児島市山之口町６番１０号,099-224-6958,國東　幹夫,國東　幹夫,内　小,,平28. 1. 30,kyushu/000491324.zip
診療所,46,0126825,西田そよ風クリニック,鹿児島市薬師二丁目２７番７号,099-298-5614,医療法人　有隣会　理事長　植村　健吾,山元　滋樹,内　呼内　神内,,平28. 4. 18,kyushu/000491324.zip
診療所,46,0126833,千年メディカルクリニック,鹿児島市千年二丁目１１番１４号１階,099-294-9199,医療法人社団永和会　理事長　木下　正嘉,中島　隆宏,内　脳内　呼内　アレ　リハ　糖尿病内科　循環器内科,,平28. 4. 1,kyushu/000491324.zip
診療所,46,0126866,内科・消化器内科　勝山クリニック,鹿児島市中央町２２番地１６アエールプラザ３Ｆ,099-812-8252,医療法人　浩仁会　理事長　勝山　俊浩,勝山　俊浩,内　消化器内科,,平28. 4. 1,kyushu/000491324.zip
診療所,46,0126924,ラグーナ診療所,鹿児島市西千石町３番２６イースト朝日ビル３Ｆ,099-219-9730,森越　まや,森越　まや,精　心内,,平28. 6. 20,kyushu/000491324.zip
診療所,46,0126932,西蔭メディカルクリニック,鹿児島市東千石町６番２８号２階,099-223-1000,医療法人　誠和会　理事長　西蔭　誠二,西蔭　誠二,血管外科　形外　血管外科　美容皮膚科,,平28. 6. 8,kyushu/000491324.zip
診療所,46,0127005,しょこらクリニック,鹿児島市紫原四丁目３２番２０号,099-800-3954,医療法人ショコラ　理事長　西本　紀一郎,西本　紀一郎,内科　腎臓内科　老年内科,,平28. 10. 1,kyushu/000491324.zip
診療所,46,0127021,鹿児島園田眼科・形成外科,鹿児島市中央町２９番地４,099-210-5311,医療法人　明星会　理事長　園田　祥三,園田　祥三,眼　形外,,平28. 11. 1,kyushu/000491324.zip
診療所,46,0127039,迫田晃郎クリニック,鹿児島市荒田二丁目４１番５号,099-253-5320,医療法人　至愛会　理事長　迫田　晃子,迫田　晃子,消化器外科　消化器内科　外　内　泌尿器科　小児泌尿器科　小外,,平28. 11. 1,kyushu/000491324.zip
診療所,46,0127047,貴島消化器内科クリニック,鹿児島市草牟田二丁目１０番２号吉井クリニックビル３階,099-226-7272,医療法人　草心会　理事長　貴島　理子,貴島　理子,消化器内科　内　内視鏡内科,,平29. 1. 1,kyushu/000491324.zip
病院,46,0127062,厚地リハビリテーション病院,鹿児島市照国町１３番３７号,099-226-1288,医療法人　慈風会　理事長　厚地　正道,山中　弘子,一般　リハ　脳内　内　放,,平29. 3. 1,kyushu/000491324.zip
診療所,46,0127112,北迫心療内科クリニック,鹿児島市東千石町２－１４プレール東千石１階,099-299-1550,医療法人　ＭＳＪ　理事長　北迫　周郎,北迫　周郎,心内　精,,平29. 4. 1,kyushu/000491324.zip
診療所,46,0127146,らららこどもクリニック,鹿児島市中央町３２番地３７　２階,099-813-8170,医療法人　ららら　理事長　渡邉　健二,渡邉　健二,小,,平29. 5. 15,kyushu/000491324.zip
診療所,46,0127161,堂園メディカルハウス,鹿児島市上之園町３番地１,099-254-1864,堂園　晴彦,堂園　晴彦,内　産婦　皮　精　小,,平29. 6. 1,kyushu/000491324.zip
診療所,46,0127179,鹿児島みなみ眼科,鹿児島市山田町１６４１番地１,099-230-7878,医療法人　玲伸会　理事長　田畑　賀章,田畑　賀章,一般　眼,,平29. 6. 1,kyushu/000491324.zip
診療所,46,0127187,迫口医院,鹿児島市桜ケ丘２丁目１０番地１９,099-264-2161,迫口　良美,迫口　良美,内　小　外　小外,,平29. 7. 1,kyushu/000491324.zip
診療所,46,0127195,ナカノ在宅医療クリニック,鹿児島市伊敷３丁目１４番８号,099-218-3300,医療法人ナカノ会　理事長　中野　一司,中野　一司,内　呼内　皮　循環器内科　消化器内科,,平29. 6. 1,kyushu/000491324.zip
診療所,46,0127203,春山クリニック,鹿児島市西田２－３－８,099-298-5029,春山　勝紀,春山　勝紀,外　形外　皮,,平29. 8. 1,kyushu/000491324.zip
診療所,46,0127211,松山医院,鹿児島市小山田町９３７４番地,099-238-2552,医療法人　松山医院　理事長　松山　義人,松山　義人,外科　乳腺外科　内　胃腸内科,,平29. 8. 15,kyushu/000491324.zip
診療所,46,0127229,シモノクリニック,鹿児島市易居町６番４号,099-219-5355,下野　健治,下野　健治,内　消化器内科,,平29. 8. 1,kyushu/000491324.zip
診療所,46,0127245,中野眼科,鹿児島市田上二丁目３２番７号,099-230-0088,医療法人　妃英会　理事長　中野　哲郎,中野　哲郎,眼,,平29. 10. 1,kyushu/000491324.zip
診療所,46,0127252,豊島小児科,鹿児島市山田町３４０８番地６,099-265-3511,医療法人　良生会　理事長　豊島　光雄,豊島　光雄,小,,平29. 10. 1,kyushu/000491324.zip
診療所,46,0127260,今村小児科アレルギー科,鹿児島市宇宿一丁目２６番２０号,099-251-8315,医療法人　よつば会　理事長　今村　直人,今村　直人,小　アレ,,平29. 10. 1,kyushu/000491324.zip
診療所,46,0127286,ちゅうざん皮ふ科,鹿児島市中山町１９１７番地１,099-813-8145,浜田　哲,浜田　哲,皮,,平29. 11. 20,kyushu/000491324.zip
診療所,46,0127328,三月田クリニック,鹿児島市西千石町１２－１１,099-226-2170,医療法人　心身会　理事長　三月田　洋一,三月田　洋一,精　心内,,平30. 3. 1,kyushu/000491324.zip
診療所,46,0127336,荒田ひふ科クリニック,鹿児島市荒田二丁目３９番１６号,099-812-1112,医療法人　風優佳　理事長　島田　祥子,島田　祥子,皮　アレ,,平30. 4. 1,kyushu/000491324.zip
診療所,46,0127351,厚地かもいけクリニック,鹿児島市東郡元町１１番６号,099-252-5525,医療法人　慈風会　理事長　厚地　正道,轟木　耕司,内　脳内　脳外,,平30. 4. 1,kyushu/000491324.zip
診療所,46,0127377,睦園　医務室,鹿児島市吉野町６０７７番地５６,099-244-5588,社会福祉法人　厚生会　理事長　加治木　久男,高橋　利直,内,,平30. 4. 1,kyushu/000491324.zip
診療所,46,0127385,なおこ胃腸内科クリニック,鹿児島市薬師２丁目４３－３２井上ビル２Ｆ,099-252-5001,坪内　直子,坪内　直子,消化器内科　内,,平30. 5. 1,kyushu/000491324.zip
病院,46,0127393,鹿児島厚生連病院,鹿児島市与次郎一丁目１３番１号,099-252-2228,鹿児島県厚生農業協同組合連合会　代表理事理事長　前田　真一,徳重　浩一,一般　内科　糖尿病内科　腎臓内科　肝臓内科　外　放　リハ　麻　眼　精　呼内　呼外　病理　消化器内科　消化器外科　循環器内科　緩和ケア内科,179,平30. 5. 1,kyushu/000491324.zip
診療所,46,0127419,増田クリニック,鹿児島市樋之口町２－２４,099-219-1155,医療法人　増田クリニック　理事長　増田　彰則,増田　彰則,心内　内　精　リハ,,平30. 5. 1,kyushu/000491324.zip
診療所,46,0127450,たちばないいやまクリニック,鹿児島市上荒田町３３番５号,099-251-2528,橘　裕紀,橘　裕紀,内　循環器内科,,平30. 8. 8,kyushu/000491324.zip
診療所,46,0127468,ひなたクリニック,鹿児島市谷山中央二丁目４１１９番地４８,099-813-8780,医療法人　千寿会　理事長　中井　秀典,中井　秀典,内　外　麻　リハ　精,,平30. 9. 1,kyushu/000491324.zip
診療所,46,0127476,夜間休日診療所　キタゾノクリニック,鹿児島市平之町９－１,099-213-9200,北薗　巌,北薗　巌,内　外　呼内　肛門外科　消化器内科　心外,,平30. 9. 1,kyushu/000491324.zip
診療所,46,0127484,よしの脳神経外科・消化器外科,鹿児島市吉野二丁目１３番１６号,099-298-9751,医療法人　花水木　理事長　湯之上　俊二,湯之上　俊二,脳外　外　内　消化器外科,,平30. 10. 1,kyushu/000491324.zip
診療所,46,0127492,栃木隆男クリニック,鹿児島市宇宿二丁目２５番３０号,099-813-8111,医療法人　優春会　理事長　栃木　隆男,栃木　隆男,内　呼内　アレ,,平30. 10. 1,kyushu/000491324.zip
診療所,46,0127500,しぶや甲状腺クリニック,鹿児島市山下町８－３メディカルミュゼビル山下町４Ｆ,099-222-1001,渋谷　寛,渋谷　寛,外,,平30. 11. 1,kyushu/000491324.zip
診療所,46,0127518,福祉生活協同組合むぎのめ　ひとむぎ診療所,鹿児島市吉野一丁目４０番２６号,099-210-7260,福祉生活協同組合むぎのめ　代表理事　清原　浩,斎藤　裕,内　リハ,,平30. 12. 1,kyushu/000491324.zip
診療所,46,0127534,つるどめクリニック,鹿児島市田上台２丁目３５－８,099-265-5911,鶴留　一誠,鶴留　一誠,内科　内視鏡内科　消化器内科,,平30. 10. 27,kyushu/000491324.zip
診療所,46,0127559,小田代リハ整形外科クリニック,鹿児島市荒田一丁目２２番１号,099-203-0888,医療法人　慈幸会　　理事長　小田代　晃治,小田代　晃治,整外　リウ　リハ,,平31. 4. 1,kyushu/000491324.zip
診療所,46,0127567,よしのぶクリニック,鹿児島市鴨池一丁目５５－１０グランガーデン鹿児島１階,099-296-7751,医療法人　良整会　理事長　武元　良整,武元　良整,内科　漢方内科　血液内科　女性内科,,平31. 4. 1,kyushu/000491324.zip
診療所,46,0127575,しげのぶ内科クリニック,鹿児島市下伊敷１丁目４３－２種子田ビル１階,099-218-8008,重信　秀峰,重信　秀峰,内科　消化器内科,,令元. 5. 1,kyushu/000491324.zip
診療所,46,0127617,徳永産婦人科,鹿児島市田上二丁目２７番１７号,099-202-0007,医療法人　令和会　理事長　徳永　誠,徳永　誠,一般　産婦,19,令元. 9. 2,kyushu/000491324.zip
診療所,46,0127633,たついクリニック,鹿児島市玉里団地三丁目２６番１２号,099-228-9901,医療法人　たついクリニック　理事長　長堂　竜維,長堂　竜維,内　脳内　耳い,,令元. 10. 1,kyushu/000491324.zip
診療所,46,0127641,くらのメンタルクリニック,鹿児島市東谷山六丁目３７番１号,099-813-8338,医療法人クオーレ　理事長　倉野　裕,倉野　裕,精　心内,,令元. 10. 1,kyushu/000491324.zip
診療所,46,0127658,かごしまオハナクリニック,鹿児島市鴨池新町６番４号　２階,099-263-8787,公益財団法人慈愛会　理事長　今村　英仁,林　恒存,内,,令元. 10. 1,kyushu/000491324.zip
診療所,46,0127666,伊集院産婦人科,鹿児島市池之上町９番２７号,099-248-0008,医療法人清泉会　理事長　伊集院　吐夢,伊集院　吐夢,一般　産婦　麻,15,令元. 10. 1,kyushu/000491324.zip
診療所,46,0127674,三島クリニック,鹿児島市武三丁目１３番１３号,099-251-2747,医療法人三島クリニック　理事長　三島　研吾,三島　研吾,内　呼内　消化器内科,,令元. 10. 1,kyushu/000491324.zip
診療所,46,0127682,耳鼻咽喉科ミック,鹿児島市中央町６番地８メディカルプラザ中央５Ｆ,099-822-0319,医療法人橙悠会　　理事長　宮﨑　康博,今村　洋子,耳鼻咽喉科　小児耳鼻咽喉科　アレ,,令元. 10. 1,kyushu/000491324.zip
診療所,46,0127690,宇宿うのき眼科,鹿児島市宇宿八丁目８番２０号,099-296-7500,医療法人陽幸会　理事長　鵜木　一彦,鵜木　滋子,眼,,令元. 11. 1,kyushu/000491324.zip
診療所,46,0127708,生活支援センターえがお附設えがおクリニック,鹿児島市谷山中央八丁目２３番１５号,099-204-0415,特定非営利活動法人障害児フォーラムかごしま　理事長　和田　朋子,中嶋　隆二,小　内　皮,,令元. 11. 1,kyushu/000491324.zip
診療所,46,0127724,整形外科　加治屋町クリニック,鹿児島市加治屋町１６－６,099-210-7877,社会福祉法人奨禮会　理事長　三原　基秀,池田　奨,整外　リハ,,令2. 1. 14,kyushu/000491324.zip
診療所,46,0127732,桜花心療クリニック,鹿児島市中央町１０番地キャンセビル６階,099-213-1020,北島　耕作,北島　耕作,心内　精　内,,令2. 1. 1,kyushu/000491324.zip
診療所,46,0127740,ひだまりこどもクリニック,鹿児島市大明丘二丁目２２番２６号,099-243-0172,医療法人清康　理事長　柳元　孝介,柳元　孝介,小,,令2. 1. 27,kyushu/000491324.zip
診療所,46,0127757,あかつきＡＲＴクリニック,鹿児島市中央町１１番地－２階,099-296-8177,永川　暁子,永川　暁子,産婦人科（不妊治療・生殖医療）,,令2. 1. 1,kyushu/000491324.zip
診療所,46,0127765,谷山腎クリニック,鹿児島市谷山中央一丁目２番１号,099-813-8826,社会医療法人白光会　理事長　白石　幸三,尾﨑　厚夫,人工透析内科　糖尿病内科,,令2. 2. 1,kyushu/000491324.zip
診療所,46,0127781,さとみクリニック,鹿児島市山下町９番２５号２階,099-219-3336,医療法人薩恵会　理事長　中村　砂登美,中村　砂登美,婦　産　内,,令2. 4. 30,kyushu/000491324.zip
診療所,46,0127807,吉福耳鼻咽喉科・皮膚科,鹿児島市山田町６４６番地１,099-800-7766,医療法人吉福耳鼻咽喉科・皮膚科　理事長　吉福　明日香,吉福　孝介,耳い　皮,,令2. 4. 1,kyushu/000491324.zip
診療所,46,0127815,前田内科クリニック,鹿児島市小川町３番４号,099-225-5600,医療法人仁胤会　理事長　前田　忠,前田　忠,一般　療養　内科　人工透析内科　消化器内科　循環器内科　リハ,,令2. 6. 1,kyushu/000491324.zip
診療所,46,0127831,はらら耳鼻咽喉科クリニック,鹿児島市原良二丁目１１番３号,099-813-8733,医療法人紀　理事長　田中　紀充,田原　晋作,耳い　アレ,,令2. 8. 1,kyushu/000491324.zip
診療所,46,0127864,ひらやま脳神経外科,鹿児島市上荒田町２６番１９号－２Ｆ,099-297-5588,医療法人結縁会　理事長　平山　貴久,平山　貴久,脳外,,令2. 10. 1,kyushu/000491324.zip
病院,46,0127898,いまきいれ総合病院,鹿児島市高麗町４３番２５号,099-252-1090,公益社団法人昭和会　代表理事　今給黎　和幸,濱崎　秀一,一般　一般　整外　内科　緩和ケア内科　血液内科　糖尿病内科　脳内　呼内　消化器内科　消化器外科　循環器内科　小　外科　乳腺外科　形外　脳外　呼外　皮　ひ　新生児内科　頭頸部・耳鼻咽喉科　リハ　放射線診断科　放射線治療科　歯外　歯　麻　救急科　病理診断科　産婦,350,令3. 1. 1,kyushu/000491324.zip
病院,46,0127906,キラメキテラスヘルスケアホスピタル,鹿児島市高麗町４３番３０号,099-250-5600,医療法人玉昌会　理事長　髙田　昌実,上村　章,療養　一般　内科　糖尿病内科　腎臓内科（人工透析）　肝臓内科　消化器内科　循環器内科　脳内　ひ　皮　リハ　呼内　心内　整外,144,令3. 2. 1,kyushu/000491324.zip
診療所,46,0127914,内田ひふ科クリニック,鹿児島市吉野三丁目１８番１号,099-248-7217,内田　洋平,内田　洋平,皮,,令3. 3. 3,kyushu/000491324.zip
診療所,46,0127930,わきた内科・脳神経内科,鹿児島市高麗町２６－２２Ｏｎ　Ｙｏｕｒ　Ｍａｒｋ　高麗２階,099-256-8776,脇田　政之,脇田　政之,内　脳内,,令3. 4. 1,kyushu/000491324.zip
診療所,46,0127948,こうらい町整形外科,鹿児島市高麗町２６－２２Ｏｎ　Ｙｏｕｒ　Ｍａｒｋ　高麗３階,099-250-3777,脇田　哲,脇田　哲,整外　リハ　リウ,,令3. 4. 1,kyushu/000491324.zip
病院,46,0127955,池田病院,鹿児島市西田三丁目１０番２０号,099-252-8333,社会医療法人　童仁会　理事長　池田　琢哉,池田　琢哉,一般　一般　小　内　アレ,27,令3. 3. 22,kyushu/000491324.zip
診療所,46,0127971,かごしま中央眼科クリニック,鹿児島市中央町１９番地４０Ｌｉ－ｋａ１９２０　６階,099-201-3021,有村　昇,有村　昇,眼,,令3. 5. 10,kyushu/000491324.zip
診療所,46,0127997,リンデン在宅クリニック,鹿児島市武２丁目１７－１　ソフィア武１０１,080-1711-3147,林田　良啓,林田　良啓,小外　小　内　外,,令3. 7. 1,kyushu/000491324.zip
診療所,46,0128003,竹ファミリー内科クリニック,鹿児島市西千石町３番２１号,099-222-2474,竹　夏樹,竹　夏樹,内　消化器内科　循環器内科　小,,令3. 8. 1,kyushu/000491324.zip
病院,46,0128011,リハビリホスピタル三愛,鹿児島市真砂町７３番２０号,099-257-1010,社会医療法人三愛会　理事長　川村　英俊,森山　高明,療養　療養　内　胃腸内科　循環器内科　放　呼内　リハ,40,令3. 7. 1,kyushu/000491324.zip
診療所,46,0128029,荒田八幡　せきと呼吸と内科のクリニック,鹿児島市下荒田３丁目１６番１号,099-297-4600,吉見　格,吉見　格,呼内　内,,令3. 10. 1,kyushu/000491324.zip
診療所,46,0128037,しもほんじ医院,鹿児島市小松原１丁目５０－２２　上村ビル１０１号,099-210-5860,下本地　優,下本地　優,内,,令3. 10. 1,kyushu/000491324.zip
診療所,46,0128045,ませだ耳鼻咽喉科,鹿児島市紫原五丁目６番２０号,099-208-3387,医療法人桃花会　理事長　間世田　佳子,間世田　佳子,耳鼻いんこう科　小児耳鼻いんこう科　アレ　頭頸部外科,,令3. 10. 1,kyushu/000491324.zip
診療所,46,0128052,たにもと耳鼻咽喉科クリニック,鹿児島市吉野町３９０８番地４１,099-201-5537,医療法人蒼隼会　理事長　谷本　洋一郎,谷本　洋一郎,耳鼻咽喉科,,令3. 10. 1,kyushu/000491324.zip
診療所,46,0128060,鹿児島中央整形外科スポーツクリニック,鹿児島市中央町２４番１２号,099-230-0777,医療法人諒優会　理事長　前田　和彦,前田　和彦,整外　リハ,,令3. 10. 1,kyushu/000491324.zip
病院,46,0128086,医療法人徳洲会　鹿児島徳洲会病院,鹿児島市南栄五丁目１０番地５１,099-268-1110,医療法人徳洲会　理事長　東上　震一,保坂　征司,一般　一般　内科　腎臓内科　漢方内科　ペインクリニック内科　外科　腎臓外科　整外　脳外　ひ　リハ　放　麻　精　形外　皮　救急科　呼内　リウ　脳内　感染症内科　消化器内科　消化器外科　循環器内科,329,令3. 12. 1,kyushu/000491324.zip
診療所,46,0128102,猿渡ひふ科クリニック,鹿児島市西田三丁目１０番３０号,099-297-6578,医療法人邦友会　理事長　猿渡　浩,猿渡　浩,皮,,令4. 1. 5,kyushu/000491324.zip
診療所,46,0128128,Ｋｉｎｄ在宅クリニック,鹿児島市荒田２丁目６５－１　啓凛館１階Ａ号,099-298-5361,吉見　太助,吉見　太助,内　疼痛緩和内科,,令4. 4. 1,kyushu/000491324.zip
診療所,46,0128144,アリス形成外科クリニック,鹿児島市荒田ニ丁目３１番１号有村ビル１Ｆ,099-263-8008,医療法人彰美会　理事長　有村　和子,有村　和子,形外,,令4. 4. 1,kyushu/000491324.zip
診療所,46,0128151,整形外科　みなと大通りクリニック,鹿児島市易居町１－３４,099-239-6622,医療法人信和会　理事長　久木田　信,久木田　信,整外　リハ　リウ,,令4. 4. 1,kyushu/000491324.zip
診療所,46,0128169,与次郎米盛クリニック,鹿児島市与次郎一丁目７番１号,099-255-1500,社会医療法人緑泉会　理事長　米盛　公治,横峯　佑爾,内　外　整外　リハ,,令4. 4. 1,kyushu/000491324.zip
診療所,46,0128177,おおぞのクリニック,鹿児島市春山町１０６２－１,099-278-0500,大園　清信,大園　清信,内　救急科　ペインクリニック内科　麻,,令4. 4. 3,kyushu/000491324.zip
診療所,46,0128185,ふくやま整形外科,鹿児島市広木二丁目３８番１５号,099-204-7100,医療法人Ｋｕｒｏｒｔ　理事長　福山　勝朗,福山　勝朗,整外　リハ,,令4. 4. 1,kyushu/000491324.zip
診療所,46,0128227,いわや内科・内視鏡クリニック,鹿児島市荒田一丁目１６番３号　３Ｆ,099-814-7255,岩屋　博道,岩屋　博道,内　内視鏡内科　消化器内科,,令4. 6. 10,kyushu/000491324.zip
診療所,46,0128235,そうむた脳神経外科・糖尿病内科,鹿児島市草牟田２－２７－１０,099-295-6773,川原　団,川原　団,脳外　糖尿病内科　内,,令4. 6. 1,kyushu/000491324.zip
診療所,46,0128243,日暮里眼科クリニック　鹿児島天文館院,鹿児島市千日町１番１号　センテラス天文館４階４０２号,099-201-4330,医療法人社団隆昇会　理事長　冨永　隆志,徳永　正一,眼科　小児眼科,,令4. 6. 1,kyushu/000491324.zip
診療所,46,0128250,外園整形外科,鹿児島市下伊敷１－４４－１９,099-220-6281,外園　不二夫,外園　不二夫,整外,,令4. 7. 1,kyushu/000491324.zip
診療所,46,0128268,Ｙメンタルクリニック,鹿児島市荒田一丁目１６番３号　ＹＵ　ＦＩＲＳＴ　ＢＬＤＧ．　２Ｆ,099-204-7671,吉牟田　泰史,吉牟田　泰史,精　心内,,令4. 8. 1,kyushu/000491324.zip
診療所,46,0128276,ふくおかクリニック,鹿児島市吉野三丁目３３番３号,099-295-0125,福岡　嘉弘,福岡　嘉弘,循環器内科　内,,令4. 10. 11,kyushu/000491324.zip
診療所,46,0128284,たびらウイメンズクリニック,鹿児島市西谷山一丁目１番３号,099-208-0303,医療法人光広会　理事長　田平　達則,田平　達則,一般　産　婦,15,令4. 10. 1,kyushu/000491324.zip
診療所,46,0128300,エンジェルハートクリニック,鹿児島市東千石町１番地１　第８川北ビル３階,099-208-5522,医療法人アンジェリ　理事長　溝上　佳香,溝上　佳香,心内　精,,令4. 10. 1,kyushu/000491324.zip
診療所,46,0128326,おけたにクリニック,鹿児島市鴨池一丁目３１番６号ＤＥＬＰＨＩ鴨池Ⅰ　１階,099-813-8757,医療法人おとなとこどもの整形外科　理事長　桶谷　寛,桶谷　寛,整外　リハ　小児整形外科,,令4. 10. 1,kyushu/000491324.zip
診療所,46,0128334,新山内科　消化器内科,鹿児島市小山田町６７２０番地１,099-238-2351,医療法人ハナノサクコロ　理事長　新山　徹美,新山　徹美,消化器内科　内　小,,令4. 10. 1,kyushu/000491324.zip
診療所,46,0128342,すなお皮ふ科,鹿児島市和田１丁目４９番１７,099-221-0001,多田　浩一,多田　浩一,皮,,令4. 11. 1,kyushu/000491324.zip
診療所,46,0128359,とも甲状腺クリニック,鹿児島市上之園町７－１０,099-254-3478,大迫　智弘,大迫　智弘,内分泌内科,,令4. 12. 3,kyushu/000491324.zip
診療所,46,0128367,スリジエこころのクリニック,鹿児島市宇宿三丁目３２番５号,099-208-0606,医療法人　顕桜会　理事長　髙橋　多鶴子,髙橋　多鶴子,精　心内　内,,令5. 3. 1,kyushu/000491324.zip
診療所,46,0128375,新牧医院,鹿児島市吉野町３０７３番地１４７,099-243-0178,医療法人新牧医院　理事長　新牧　大彦,新牧　大彦,内　放,,令5. 4. 1,kyushu/000491324.zip
診療所,46,0128409,いうち耳鼻咽喉科,鹿児島市坂之上七丁目２番７号,099-262-3387,医療法人駿香会　理事長　井内　寛之,井内　寛之,耳い　頭頸部外科,,令5. 4. 1,kyushu/000491324.zip
診療所,46,0128417,宮田眼科　鹿児島,鹿児島市武一丁目２番１０号　ＪＲ鹿児島中央ビル２Ｆ,099-286-1213,医療法人　明和会　理事長　宮田　和典,大谷　伸一郎,眼,,令5. 5. 1,kyushu/000491324.zip
診療所,46,0128433,鹿児島中央駅耳鼻日帰り手術クリニック,鹿児島市武一丁目２番１０号　ＪＲ鹿児島中央ビル３階,099-201-8733,医療法人社団Ｍｓ　理事長　宮永　敏,宮永　宜明,耳い　アレ,,令5. 5. 10,kyushu/000491324.zip
診療所,46,0128441,いわした内科おなか診療所,鹿児島市上荒田町２９番２３号３階,099-201-6022,岩下　祐司,岩下　祐司,消化器内科　内　内視鏡内科,,令5. 6. 2,kyushu/000491324.zip
診療所,46,0128458,かわかみこどもクリニック,鹿児島市上荒田町２９番２３号３階,099-201-8030,医療法人　清溟会　理事長　川上　清,川上　清,小,,令5. 6. 2,kyushu/000491324.zip
診療所,46,0128482,竹内レディースクリニックＡＲＴ鹿児島院,鹿児島市高麗町４３番２０号　キラメキ南国ビル３０２号,099-208-1155,医療法人仁知会　理事長　竹内　一浩,岩川　富貴子,産婦,,令5. 9. 19,kyushu/000491324.zip
診療所,46,0128490,天文館クリニック,鹿児島市東千石町２ー１８カゴシマ旭ビル３階,099-224-7083,前田　繁康,前田　繁康,内　リウ,,令5. 10. 1,kyushu/000491324.zip
診療所,46,0128508,南郡元在宅医療クリニック,鹿児島市南郡元町６番１６号,099-297-6570,医療法人仁智会　理事長　金子　浩之,金子　浩之,内　脳内　緩和ケア内科,,令5. 10. 10,kyushu/000491324.zip
診療所,46,0128516,鴨池みなと皮ふ科,鹿児島市鴨池新町１４－１５,099-204-4411,畠中　美帆,畠中　美帆,皮,,令5. 11. 1,kyushu/000491324.zip
診療所,46,0128524,上の原在宅クリニック,鹿児島市西坂元町１７－７,099-813-7305,一般社団法人タツの子会　代表理事　中間　哲郎,中間　哲郎,内　リハ,,令5. 11. 1,kyushu/000491324.zip
診療所,46,0128540,しんやしきクリニック,鹿児島市新屋敷町２０番２５－２号　２階,099-201-6137,栄　良樹,栄　良樹,内　脳内,,令5. 12. 1,kyushu/000491324.zip
診療所,46,0128557,まつもとクリニック,鹿児島市下荒田２丁目３９－２１,099-204-7606,松本　秀一朗,松本　秀一朗,内　外　ひ,,令6. 1. 1,kyushu/000491324.zip
診療所,46,0128565,東福整形外科,鹿児島市宇宿４丁目２１－２０,099-264-6888,東福　勝宏,東福　勝宏,整外　リハ　内,,令6. 4. 1,kyushu/000491324.zip
診療所,46,0128573,ポルタクリニック,鹿児島市東千石町１７－１３アネックス８８　３Ｆ,099-219-2600,医療法人慈和会　理事長　永田　雅子,永田　雅子,精　心内,,令6. 5. 14,kyushu/000491324.zip
診療所,46,0128581,ささきクリニック,鹿児島市鴨池２丁目１０番２１号１Ｆ,099-298-5771,医療法人さつき会　理事長　中川　潔,佐々木　雄一,内　循環器内科,,令6. 5. 1,kyushu/000491324.zip
診療所,46,0128599,瀬戸山クリニック,鹿児島市山之口町１－３０　Ｉｄｅｈａｒａビル１Ｆ,099-295-0073,瀬戸山　仁,瀬戸山　仁,内　消化器内科,,令6. 4. 1,kyushu/000491324.zip
診療所,46,0128607,はやかわ循環器内科クリニック,鹿児島市加治屋町１８番８号大樹生命鹿児島ビル１Ｆ,099-295-6232,医療法人情熱　理事長　早川　裕,早川　裕,内　循環器内科,,令6. 4. 1,kyushu/000491324.zip
診療所,46,0128623,ウエルフェア鹿児島中央駅クリニック,鹿児島市武一丁目２番１０号ＪＲ鹿児島中央ビル　ＡＭＵ　ＷＥ　３階,099-210-5436,社会医療法人　慈生会　理事長　鮫島　稔弥,鮫島　寛人,精　心内,,令6. 7. 1,kyushu/000491324.zip
診療所,46,0128631,アエールこころのクリニック,鹿児島市中央町２３－２１アエールタワー２０２号,099-204-7835,平田　裕,平田　裕,精　心内,,令6. 5. 1,kyushu/000491324.zip
診療所,46,0128649,すえもりクリニック,鹿児島市下荒田二丁目４１番６号,099-254-9210,医療法人崇恵会　理事長　末盛　徹,末盛　徹,内,,令6. 4. 1,kyushu/000491324.zip
診療所,46,0128656,内科・山口アーバンクリニック,鹿児島市鴨池２丁目４－１,099-258-8853,山口　幸一,山口　幸一,内　消化器内科,,令6. 9. 1,kyushu/000491324.zip
診療所,46,0128664,中島リウマチ膠原病・腎クリニック,鹿児島市真砂本町２６番地３,099-206-7126,医療法人優人会　理事長　中島　悟,中島　悟,リウ　膠原病内科　腎臓内科　内　呼吸器内科,,令6. 5. 1,kyushu/000491324.zip
診療所,46,0128672,きやまクリニック,鹿児島市谷山中央一丁目１０番１８号レジリエント・ハマダ１階,099-267-2300,医療法人葵蒼会　理事長　木山　貴陽,木山　貴陽,内　外　消化器内科,,令7. 1. 1,kyushu/000491324.zip
診療所,46,0128698,甲南通り皮ふ科クリニック,鹿児島市上之園町２５－４　３Ｆ　３０２,099-822-7007,有村　亜希子,有村　亜希子,皮,,令7. 2. 14,kyushu/000491324.zip
診療所,46,0128706,髙木耳鼻咽喉科,鹿児島市荒田二丁目１１－２,099-256-6723,高木　実,高木　実,耳い,,令7. 1. 21,kyushu/000491324.zip
診療所,46,0128714,田中脳神経外科・頭痛クリニック,鹿児島市上之園町２５番４鹿児島甲南スクエア２階２０２号,099-201-5501,医療法人田中脳神経外科クリニック　理事長　田中　滋也,田中　滋也,脳外,,令7. 2. 17,kyushu/000491324.zip
診療所,46,0128722,日暮里眼科クリニック　アミュプラザ鹿児島院,鹿児島市中央町１番地１アミュプラザ鹿児島本館４階,099-255-1205,医療法人社団隆昇会　理事長　冨永　隆志,加藤　貴保子,眼科　小児眼科,,令7. 1. 1,kyushu/000491324.zip
診療所,46,0128730,すず小児科,鹿児島市中山町２１２６,099-806-8880,鈴東　昌也,鈴東　昌也,小　小外,,令7. 5. 14,kyushu/000491324.zip
診療所,46,0128748,井上小児科医院,鹿児島市坂之上７丁目３番４０号,099-262-3811,井上　博貴,井上　博貴,小　アレ,,令7. 4. 1,kyushu/000491324.zip
診療所,46,0128755,かごしまＩＢＤ消化器内科クリニック,鹿児島市千日町１番１号　センテラス天文館４Ｆ,099-813-7548,医療法人ａｎｉｍｏ　理事長　小野　陽平,小野　陽平,消化器内科　内,,令7. 4. 1,kyushu/000491324.zip
病院,46,0128763,みらいリハビリテーション病院,鹿児島市下荒田二丁目１番２５号,099-252-2525,医療法人みらい　理事長　中村　浩一郎,中村　浩一郎,療養　内科　腫瘍内科　緩和ケア内科　リハ　歯　循環器内科　消化器内科　脳内　心内　ひ,199,令7. 4. 12,kyushu/000491324.zip
診療所,46,0128771,平和会クリニック,鹿児島市上之園町２５－４鹿児島甲南スクエア４階,099-298-1230,医療法人平和会　理事長　久松　憲明,久松　憲明,内　リハ　緩和ケア内科,,令7. 5. 1,kyushu/000491324.zip
診療所,46,0128789,高麗町たい形成美容外科クリニック,鹿児島市高麗町４３－２０キラメキ南国ビル３階３１０,099-822-8800,濵田　泰志,濵田　泰志,形外　皮,,令7. 11. 1,kyushu/000491324.zip
診療所,46,0128797,産科・婦人科・麻酔科　柿木産婦人科,鹿児島市加治屋町１５番３号,099-224-3939,医療法人　聖成会　理事長　柿木　博成,柿木　博成,一般　産　婦　麻　産婦,,令7. 7. 1,kyushu/000491324.zip
診療所,46,0128805,鹿児島中央駅西口広場たまいクリニック肝臓・消化器内科・ひふ科,鹿児島市西田２丁目２１番４号,099-201-7112,玉井　努,玉井　努,消化器内科　肝臓内科　内科　皮,,令7. 10. 1,kyushu/000491324.zip
診療所,46,0128813,もときした整形外科,鹿児島市草牟田２－２７－１０－３Ｆ,099-201-9655,本木下　亮,本木下　亮,整外　リハ,,令7. 10. 1,kyushu/000491324.zip
診療所,46,0128821,みれい皮ふ科クリニック,鹿児島市紫原３丁目４４－５,099-208-3011,迫野　葵（大久保　葵）,迫野　葵（大久保　葵）,皮,,令8. 2. 1,kyushu/000491324.zip
診療所,46,0128839,西千石メディカルクリニック,鹿児島市西千石町３番２６号イースト朝日ビル２０２号室,099-813-7991,医療法人仁洋会　　理事長　谷合　洋造,谷合　洋造,内　脳内,,令7. 10. 1,kyushu/000491324.zip
診療所,46,0128847,ことといクリニック,鹿児島市真砂本町１３番３,099-224-7719,医療法人天桜会　理事長　東　史子,東　史子,内,,令7. 11. 1,kyushu/000491324.zip
病院,46,0128854,新成病院,鹿児島市与次郎一丁目２－１１,099-254-3332,一般財団法人児玉報謝会　理事長　児玉　律子,森山　由紀則,一般　療養　消化器外科　消化器内科　外科　肛門外科　内視鏡外科　心外　リハ　麻　循環器内科　内科　糖尿病内科,,令7. 10. 1,kyushu/000491324.zip
診療所,46,0128862,セイコメディカルビューティクリニック,鹿児島市泉町５番１号,099-219-3701,医療法人浩聖会　理事長　曽山　聖子,曽山　聖子,形外　皮,,令8. 1. 4,kyushu/000491324.zip
診療所,46,0128870,つばさウィメンズクリニック,鹿児島市小松原１－１５－１５,099-201-6400,中間　恵美子,中間　恵美子,婦,,令8. 3. 1,kyushu/000491324.zip
診療所,46,0128888,たにやま耳鼻咽喉科クリニック,鹿児島市東谷山二丁目５番２０号,099-208-8733,医療法人　紀　理事長　田中　紀充,田中　紀充,耳い　アレ,,令8. 1. 5,kyushu/000491324.zip
診療所,46,0128896,おうち透析クリニック宇宿,鹿児島市宇宿８丁目９番１号,099-297-5928,屋　万栄,屋　万栄,内科　腎臓内科,,令8. 2. 1,kyushu/000491324.zip
診療所,46,0128912,ここまち内科,鹿児島市永吉２丁目１１番１号,099-821-0321,新地　秀也,新地　秀也,内科　糖尿病内科　循環器内科,,令8. 4. 1,kyushu/000491324.zip
診療所,46,0128920,東開町眼科,鹿児島市東開町４番２７,099-260-5355,今村　淳一郎,今村　淳一郎,眼,,令8. 2. 20,kyushu/000491324.zip
診療所,46,0128938,はやぶさ耳鼻咽喉科,鹿児島市小松原１丁目８－８,099-201-8823,松元　隼人,松元　隼人,耳い　アレ,,令8. 4. 20,kyushu/000491324.zip
診療所,46,0128946,牧瀬医院,鹿児島市薬師１丁目１６番１２号,099-821-1701,牧瀨　高穂,牧瀨　高穂,耳い　アレ　婦,,令8. 4. 1,kyushu/000491324.zip
診療所,46,0128953,てれじあ診療所,鹿児島市吉野町２７１３番地２,099-244-5150,一般社団法人ブレス　代表理事　藤山　りか,宮田　晃一郎,小,,令8. 4. 1,kyushu/000491324.zip
診療所,46,0128961,中山在宅診療所,鹿児島市山田町２３０番地３,099-821-7733,井手　克行,井手　克行,内,,令8. 4. 1,kyushu/000491324.zip
診療所,46,0128979,さつま眼科,鹿児島市東開町７番イオンモール鹿児島３Ｆ,099-814-2330,医療法人ウェルメディ　理事長　福本　朗,山岸　千扇,眼,,令8. 5. 1,kyushu/000491324.zip
診療所,46,0128987,池之上クリニック,鹿児島市池之上町１０番７号,099-247-1855,徳武　大輔,徳武　大輔,内　循環器内科　リハ,,令8. 4. 1,kyushu/000491324.zip
診療所,46,0128995,ポレポレ　クリニック,鹿児島市向陽２丁目１２－２９,099-800-4616,一般社団法人ＫｙｏｕＳａｎ　代表理事　福田　由香利,茨　聡,新生児内科　内　小　産　婦　皮,,令8. 4. 1,kyushu/000491324.zip
診療所,46,0129100,まごころ内科クリニック,鹿児島市宇宿四丁目３５番１７号,099-298-5531,医療法人まごころ内科クリニック　理事長　早川　仁,早川　仁,内　神内　呼内　血液内科　アレ,,令8. 4. 1,kyushu/000491324.zip
診療所,46,0129118,新杏クリニック,鹿児島市宇宿３丁目３８－１１,099-257-2255,宮原　大輔,宮原　大輔,循環器内科　内,,令8. 5. 1,kyushu/000491324.zip
診療所,46,0129126,森レディースクリニック,鹿児島市薬師２丁目７番３８号　１階,099-822-8311,医療法人　ラフォーレ　理事長　吉峰　まり絵,森　まり絵,婦　産,,令8. 6. 22,kyushu/000491324.zip
診療所,46,0129134,鹿児島中央駅西口消化器内科・胃大腸内視鏡クリニック,鹿児島市武１丁目２番１０号ＪＲ鹿児島中央ビル３階,099-272-9733,医療法人ＺＥＲＯ＆ＥＡＲＬＹ　理事長　細川　泰三,細川　泰三,内　消化器内科　胃腸内科　内視鏡内科　肛門内科,,令8. 5. 1,kyushu/000491324.zip
診療所,46,0129142,山下眼科クリニック,鹿児島市谷山中央３丁目４６０２－３,099-269-2500,山下　高明,山下　高明,眼,,令8. 6. 1,kyushu/000491324.zip
病院,46,0129175,コミュニティホスピタル新照院,鹿児島市新照院町１９番８号,099-226-9698,医療法人ナカノ会　理事長　中野　一司,中野　律子,療養　皮　内　呼吸器内科　循環器内科　糖尿病内科　リハ,,令8. 7. 1,kyushu/000491324.zip
病院,46,0310114,メンタルホスピタル鹿屋,鹿屋市田崎町１０４３－１番地,,公益社団法人　いちょうの樹　理事長　新里　研吾,小林　憲史,精神　精　神,230,昭32. 10. 1,kyushu/000491324.zip
病院,46,0310122,医療法人　仁心会　西原保養院,鹿屋市西原二丁目２９番２２号,,医療法人　仁心会　理事長　松下　兼介,浦村　一秀,精神　精神　精　心内　神　内,150,昭32. 10. 1,kyushu/000491324.zip
診療所,46,0310809,桑波田産婦人科,鹿屋市朝日町７－１７,0994-41-0303,医療法人　桑波田　産婦人科　理事長　桑波田　理樹,桑波田　理樹,一般　産婦,,平元. 10. 1,kyushu/000491324.zip
診療所,46,0310817,末次内科循環器科,鹿屋市新生町８－６,,医療法人　祐慶会　理事長　末次　哲朗,末次　哲朗,循　内　消,,平元. 10. 1,kyushu/000491324.zip
診療所,46,0310841,園田クリニック,鹿屋市旭原町３６２７－４,,医療法人　彩苑会　園田クリニック　理事長　園田　紀之,園田　紀之,内　放,,平元. 10. 1,kyushu/000491324.zip
診療所,46,0310882,あべまつ　眼科医院,鹿屋市大手町３番８号,,医療法人　一幸会　理事長　棈松　一郎,棈松　一郎,眼,,平2. 1. 1,kyushu/000491324.zip
病院,46,0310940,池田病院,鹿屋市下祓川町１８３０番地,,社会医療法人　青仁会　理事長　池田　大輔,中嶋　秀人詞,一般　療養　内科　肝臓内科　糖尿病内科　腎臓内科　整外　放　リハ　歯　呼内　脳外　外科　乳腺外科　脊椎・脊髄外科　麻　循環器内科　消化器内科　消化器外科　脳内　救命　心外　呼外　皮　血液内科　脳・血管内科　透析内科,175,平2. 12. 1,kyushu/000491324.zip
病院,46,0310973,桜ケ丘病院,鹿屋市西原４丁目１５番５号,,医療法人　大徳会　理事長　楯林　義寛,楯林　義寛,療養　精神　精　神　内,104,平3. 4. 1,kyushu/000491324.zip
診療所,46,0310999,前田内科,鹿屋市本町４番２号,,医療法人　前田　内科　理事長　前田　稔廣,前田　稔廣,一般　内　呼内　リハ　循環器内科,,平3. 5. 1,kyushu/000491324.zip
病院,46,0311070,平和台病院,鹿屋市寿４丁目１－４３,0994-42-2889,医療法人　和敬会　理事長　斉之平　和佳,内山　壽朗,精神　精　神内,169,平4. 10. 1,kyushu/000491324.zip
診療所,46,0311138,いまがま　眼科医院,鹿屋市寿５丁目２６－１９,,今釜　秀一,今釜　秀一,一般　眼,,平6. 1. 17,kyushu/000491324.zip
診療所,46,0311153,村上整形外科医院,鹿屋市今坂町１２５７２－７,,医療法人　エレファ　理事長　村上　潔,村上　潔,一般　整外　リハ　リウ,,平6. 4. 1,kyushu/000491324.zip
診療所,46,0311161,寺﨑　皮膚科,鹿屋市西大手町７番９号,,医療法人　清渓会　理事長　寺﨑　健治朗,寺﨑　健治朗,皮,,平6. 4. 1,kyushu/000491324.zip
診療所,46,0311203,こだま小児科,鹿屋市笠之原町２９番２４号,,医療法人　こだま　小児科　理事長　児玉　昭彦,児玉　昭彦,小　内　アレ,,平6. 10. 1,kyushu/000491324.zip
診療所,46,0311211,寿レディースクリニック,鹿屋市寿７丁目１番３５号,,医療法人　寿圭会　理事長　渕之上　祥德,渕之上　祥徳,一般　産婦,,平6. 10. 1,kyushu/000491324.zip
診療所,46,0311229,大手町クリニック,鹿屋市西大手町５番３号,,医療法人　慧愛会　理事長　仮屋　知,仮屋　知,一般　ひ,,平6. 10. 1,kyushu/000491324.zip
診療所,46,0311237,伊東クリニック,鹿屋市札元２丁目３７７３番地,0994-43-3500,伊東　博英,伊東　博英,腎臓内科（人工透析）,,平7. 1. 18,kyushu/000491324.zip
病院,46,0311260,医療法人徳洲会　大隅鹿屋病院,鹿屋市新川町６０８１番地１,,医療法人徳洲会　理事長　東上　震一,辻　貴裕,一般　内　外　整外　脳外　心外　耳い　リハ　放　歯外　形外　麻　呼外　呼吸器内科　消化器外科　消化器内科　循環器内科　救急科　ペインクリニック内科,391,平7. 4. 1,kyushu/000491324.zip
診療所,46,0311294,浜崎　クリニック,鹿屋市向江町２５番２６号,0994-43-3305,医療法人　正和会　理事長　濵﨑　正和,濵﨑　正和,内　消,,平8. 4. 1,kyushu/000491324.zip
診療所,46,0311336,医療法人　中塩　医院,鹿屋市西原１丁目１３番１５号,0994-43-2489,医療法人　中塩医院　理事長　中塩　一昭,中塩　一,一般　内　小　胃,,平9. 4. 1,kyushu/000491324.zip
診療所,46,0311351,平瀬外科・耳鼻咽喉科,鹿屋市北田町７番１号,0994-43-3431,医療法人　平瀬外科・耳鼻咽喉科　理事長　平瀬　博之,平瀬　博之,耳い　外　胃　整外　放,,平9. 10. 1,kyushu/000491324.zip
病院,46,0311419,鹿屋ひ尿器科,鹿屋市新川町１３２番地４,0994-41-3600,医療法人　英幸会　理事長　才田　博幸,田中　一郎,一般　ひ,,平10. 8. 1,kyushu/000491324.zip
病院,46,0311427,井ノ上病院,鹿屋市王子町３９８０番地１,0994-42-5275,医療法人　碧仁会　理事長　井ノ上　逸朗,井ノ上　逸朗,療養　内　外　整外　婦　リハ　循環器内科　消化器内科,,平10. 9. 1,kyushu/000491324.zip
病院,46,0311443,徳田脳神経外科病院,鹿屋市打馬１丁目１１２４８番地１,0994-44-1119,医療法人　秋津会　理事長　徳田　元,橋口　昭人,一般　療養　脳外　神内　内　リハ　麻　皮,,平10. 10. 1,kyushu/000491324.zip
診療所,46,0311476,そえじまクリニック,鹿屋市旭原町３６４５番地１,0994-41-6800,医療法人　悠祥会　理事長　副島　淳一,副島　淳一,一般　外　内　胃　整外　こう　リハ,,平11. 4. 1,kyushu/000491324.zip
病院,46,0311492,恒心会おぐら病院,鹿屋市笠之原町２７番２２号,0994-44-7171,社会医療法人　恒心会　理事長　小倉　雅,東郷　泰久,一般　療養　整外　外　内　血液内科　脳内　リハ　放　リウ　形外　小外　麻　婦　心内　胃腸内科　消化器内科　消化器外科　肛門外科　循環器内科　呼内　呼外　脳外　救急科,216,平11. 11. 27,kyushu/000491324.zip
診療所,46,0311500,いしかわ耳鼻咽喉科,鹿屋市共栄町１０ー６,0994-43-3387,医療法人　恵真会　理事長　石川　勉,石川　勉,一般　耳い,,平12. 4. 1,kyushu/000491324.zip
診療所,46,0311526,井上眼科,鹿屋市札元１ー６ー２３,0994-40-0001,医療法人　井上眼科　理事長　井上　達郎,井上　達郎,一般　眼,,平13. 4. 1,kyushu/000491324.zip
診療所,46,0311591,せぐち整形外科,鹿屋市北田町８番２０号,0994-40-9200,医療法人　昌成会　理事長　瀬口　昌敏,瀬口　昌敏,整外　リウ　リハ　麻,,平14. 4. 1,kyushu/000491324.zip
診療所,46,0311609,王産婦人科医院,鹿屋市寿４丁目６番４４号,0994-44-5610,医療法人　王産婦人科　理事長　王谷　英仁,王谷　英仁,一般　産婦,,平14. 10. 1,kyushu/000491324.zip
診療所,46,0311617,まつだこどもクリニック,鹿屋市西原二丁目３５番３号,0994-52-0507,医療法人　あきなお会　理事長　松田　幸久,松田　幸久,小,,平14. 10. 1,kyushu/000491324.zip
診療所,46,0311625,たんぽぽクリニック,鹿屋市川西町３９９０番７,0994-42-6778,有村　俊寛,有村　俊寛,外　乳腺外科,,平15. 2. 1,kyushu/000491324.zip
診療所,46,0311633,えとう小児科,鹿屋市札元２丁目３７７１番地７,0994-40-3700,江藤　豪,江藤　豪,小,,平15. 8. 10,kyushu/000491324.zip
診療所,46,0311641,ひらばるクリニック,鹿屋市川西町４４７５番地３,0994-41-7100,医療法人　ＰＸ　理事長　平原　正志,平原　正志,脳外　神内　内　リハ　精,,平15. 10. 1,kyushu/000491324.zip
診療所,46,0311658,はるしま整形外科クリニック,鹿屋市旭原町２５７２番２,0994-41-2211,春島　正美,春島　正美,一般　整外　リハ　内,,平15. 11. 7,kyushu/000491324.zip
診療所,46,0311674,おひさまこどもクリニック,鹿屋市新川町６０９番地１,0994-42-7822,寳滿　誠,寳滿　誠,小　アレ,,平16. 5. 1,kyushu/000491324.zip
診療所,46,0311708,みやぞのクリニック,鹿屋市田崎町２１８４番９,0994-40-4600,医療法人　芳春会　理事長　宮園　芳孝,宮園　芳孝,内　循,,平17. 11. 1,kyushu/000491324.zip
診療所,46,0311716,市成　内科クリニック,鹿屋市輝北町市成１１４８番地５,099-485-1122,徳留　雄二,徳留　雄二,内　小　皮　リハ,,平4. 3. 3,kyushu/000491324.zip
診療所,46,0311724,ゆうあい　クリニック,鹿屋市輝北町上百引２１０２番地３,0994-86-0110,徳留　雄二,徳留　雄二,内　小　皮　リハ,,平10. 1. 1,kyushu/000491324.zip
診療所,46,0311732,グリーンバードクリニック,鹿屋市輝北町市成２１１９番地２,099-485-1911,社会福祉法人　州鵬会　理事長　根岸　正州,吉元　和浩,内　外　リハ　人工透析内科,,平11. 4. 2,kyushu/000491324.zip
診療所,46,0311807,小浜クリニック,鹿屋市吾平町上名１０番地,,医療法人　常慈会　理事長　小濵　常昭,小濵　常昭,内　皮　ひ,,平5. 4. 1,kyushu/000491324.zip
診療所,46,0311815,東條医院,鹿屋市串良町下小原３１０５番地２,0994-63-7377,医療法人　東條医院　理事長　東條　祐治,東條　祐治,療養　内　小,,平8. 10. 1,kyushu/000491324.zip
診療所,46,0311849,内村産婦人科,鹿屋市串良町岡崎２０７０,0994-63-2521,医療法人　内村産婦人科　理事長　内村　道隆,内村　道隆,一般　産婦　外,,平12. 4. 1,kyushu/000491324.zip
診療所,46,0311856,福留クリニック,鹿屋市串良町上小原３０４６,0994-63-1200,福留　重明,福留　重明,内　呼　消　循　リハ　糖尿病内科,,平13. 12. 4,kyushu/000491324.zip
診療所,46,0311864,黎明脳神経外科医院,鹿屋市串良町上小原字武左ヱ門迫３５００番１,0994-63-7878,土田　英司,土田　英司,一般　脳外　神内　リハ　婦,,平14. 3. 4,kyushu/000491324.zip
診療所,46,0311914,花田整形外科・リウマチ科医院,鹿屋市串良町有里１番地１,0994-63-1379,医療法人　道成会　理事長　花田　能成,花田　能成,一般　一般　整外　リウ　外　内　リハ,,平18. 4. 1,kyushu/000491324.zip
病院,46,0311971,かのや東病院,鹿屋市笠之原町２９２３番地１号,0994-42-3111,医療法人　伸和会　理事長　白濵　浩司,白濵　浩司,一般　内科　血液内科　外　整外　形外　リハ　循環器内科　消化器内科　皮,,平20. 4. 1,kyushu/000491324.zip
診療所,46,0311989,おばま医院,鹿屋市寿２丁目２番１号,0994-42-5235,医療法人　朋愛会　理事長　小濱　康彦,小濱　康彦,一般　内　小　ひ　耳い　皮　精,,平20. 9. 1,kyushu/000491324.zip
診療所,46,0311997,医療法人徳洲会　吾平クリニック,鹿屋市吾平町麓３３２２番地１,0994-58-5555,医療法人　徳洲会　理事長　東上　震一,中田　徹,内　外　リハ,,平20. 12. 1,kyushu/000491324.zip
診療所,46,0312029,やのファミリークリニック,鹿屋市寿４丁目１１番２２号,0994-43-6248,医療法人ＹＦＣ　理事長　矢野　常広,矢野　常広,小　内　小外　外　糖尿病内科,,平22. 4. 1,kyushu/000491324.zip
診療所,46,0312037,大隅広域夜間急病センター,鹿屋市共栄町１４番１８号,0994-45-4119,鹿屋市長,池田　大輔,内　小　外,,平23. 4. 1,kyushu/000491324.zip
診療所,46,0312045,おおうら皮ふ科,鹿屋市大浦町１３９９２－１,0994-40-0111,寺﨑　祐太朗,寺﨑　祐太朗,皮,,平23. 4. 1,kyushu/000491324.zip
診療所,46,0312052,鹿屋在宅支援診療所,鹿屋市旭原町３６０８番地１,0994-45-5844,原田　努,原田　努,内　脳外,,平23. 7. 1,kyushu/000491324.zip
診療所,46,0312060,医療法人　鹿屋ハートセンター,鹿屋市札元２丁目３７４６ー８,0994-41-8100,医療法人　鹿屋ハートセンター　理事長　新井　英和,新井　英和,一般　一般　循環器内科　内,19,平24. 10. 1,kyushu/000491324.zip
診療所,46,0312110,まちのお医者さん,鹿屋市寿五丁目２６番３８号,0994-40-7801,医療法人　紡倫会　理事長　白石　匡史,白石　匡史,内　神内,,平28. 10. 1,kyushu/000491324.zip
診療所,46,0312128,こだま共立クリニック,鹿屋市寿５丁目２番３９号,0994-43-2510,医療法人　千一会　理事長　児玉　千早,兒玉　千早,内　皮　循,,令2. 2. 1,kyushu/000491324.zip
診療所,46,0312136,フクダ医院,鹿屋市寿３丁目１１番２号,0994-43-4191,医療法人　明昌会　理事長　福田　恒典,福田　恒典,内科　糖尿病内科　循環器内科　小　リハ,,令2. 2. 1,kyushu/000491324.zip
診療所,46,0312151,鮫島整形外科医院,鹿屋市寿一丁目１番１号,0994-43-2535,医療法人恵仁会　理事長　鮫島　貞仁,鮫島　貞仁,一般　整外　リウ　リハ,19,令2. 6. 1,kyushu/000491324.zip
診療所,46,0312169,的場クリニック,鹿屋市大浦町１３３０４番地８,0994-45-7282,的場　公男,的場　公男,内　小,,令3. 5. 1,kyushu/000491324.zip
診療所,46,0312177,検見崎クリニック,鹿屋市西原一丁目２番１号,0994-43-2991,医療法人　樹緑会　理事長　検見崎　博樹,検見崎　博樹,一般　外　乳腺外科　内　消化器内科　肛門外科,19,令4. 1. 1,kyushu/000491324.zip
診療所,46,0312185,音和クリニック,鹿屋市寿五丁目２５番９号,0994-36-8863,医療法人寿　理事長　上門　千哲,上門　千哲,内　外　消化器内科,,令4. 4. 1,kyushu/000491324.zip
診療所,46,0312193,しんみょうず内科・脳神経内科,鹿屋市吾平町麓３４８番地１,0994-45-4030,新名主　宏一,新名主　宏一,内　脳内,,令4. 10. 20,kyushu/000491324.zip
診療所,46,0312201,いわもと耳鼻咽喉科医院,鹿屋市寿３丁目２番１２号,0994-43-8733,医療法人清正会　理事長　岩元　正広,岩元　正広,耳い,,令6. 8. 1,kyushu/000491324.zip
診療所,46,0312227,鹿屋眼科,鹿屋市札元２丁目３６９２－４,0994-36-0007,笠井　真央,笠井　真央,眼,,令7. 3. 1,kyushu/000491324.zip
診療所,46,0312235,いわもと脳神経外科,鹿屋市寿三丁目２番１３号,0994-36-1105,医療法人　清正会　理事長　岩元　正広,岩元　博史,脳外,,令8. 5. 11,kyushu/000491324.zip
病院,46,0410070,医療法人　厚生会　小原病院,枕崎市折口町１０９,,医療法人　厚生会　理事長　小原　壮一,小原　安雄,一般　脳外　整外　外　内　呼外　婦　放　リハ　こう　神内　ひ　麻　消化器内科　消化器外科　循環器内科　循環器外科　糖尿病内科　腎臓内科　人工透析内科,118,昭32. 10. 1,kyushu/000491324.zip
病院,46,0410096,医療法人　明星会　園田病院,枕崎市緑町２１９番地,,医療法人　明星会　理事長　園田　祥三,園田　真也,一般　眼,,昭32. 10. 1,kyushu/000491324.zip
病院,46,0410112,枕崎市立病院,枕崎市日之出町２３０番,,枕崎市長,市來　仁志,一般　療養　内　小,,昭32. 7. 1,kyushu/000491324.zip
病院,46,0410260,医療法人　敬生会　久木田整形外科病院,枕崎市港町１１３,,医療法人　敬生会　理事長　吉見　洋士,北薗　亨,一般　整外　リハ　リウ,,昭50. 4. 1,kyushu/000491324.zip
病院,46,0410336,立神リハビリテーション温泉病院,枕崎市火之神町６２０番地,,医療法人　厚生会　理事長　小原　壮一,竹下　明子,療養　内　リハ,,平元. 4. 1,kyushu/000491324.zip
診療所,46,0410401,神園ひふ科クリニック,枕崎市千代田町２２,,神園　政行,神園　政行,皮,,平5. 8. 9,kyushu/000491324.zip
診療所,46,0410419,松山医院,枕崎市住吉町１１９番地,,松山　博文,松山　博文,耳い　気食　アレ,,平6. 1. 1,kyushu/000491324.zip
病院,46,0410427,社会医療法人聖医会　サザン・リージョン病院,枕崎市緑町２２０,,社会医療法人　聖医会　理事長　牧角　寛郎,奥村　浩,一般　療養　外　内　血液浄化・糖尿病内科　消化器外科　胃腸外科　循環器内科　放　呼吸器外科　肛門外科　麻　ひ　リハ　脳内　耳い　婦　眼　歯　矯歯　小歯　歯外　脳外　整外　呼内,,平6. 10. 1,kyushu/000491324.zip
病院,46,0410435,ウエルフェア九州病院,枕崎市白沢北町１９１番地,0993-72-0055,社会医療法人　慈生会　理事長　鮫島　稔弥,鮫島　稔弥,精神　精　心内　内科　血液内科,153,平8. 2. 1,kyushu/000491324.zip
診療所,46,0410450,みなとクリニック,枕崎市港町１０９番地,0993-72-3156,医療法人　敬生会　理事長　吉見　洋士,濱田　隆,整外　リハ　リウ,,平11. 12. 1,kyushu/000491324.zip
診療所,46,0410468,竹さこ医院,枕崎市汐見町９,0993-73-2610,竹迫　俊二,竹迫　俊二,婦　産　内,,平12. 1. 1,kyushu/000491324.zip
病院,46,0410476,尾辻病院,枕崎市住吉町６０番地,0993-72-5001,医療法人　二三和会　尾辻病院　理事長　尾辻和彦,尾辻　和彦,療養　外　整外　胃　リハ　麻,,平13. 10. 1,kyushu/000491324.zip
診療所,46,0410484,国見内科医院,枕崎市折口町５３番地,0993-72-0066,國見　聡宏,國見　聡宏,一般　内　循,,平14. 7. 1,kyushu/000491324.zip
診療所,46,0410492,茅野内科医院,枕崎市住吉町４１番地,0993-72-1006,茅野　哲郎,茅野　哲郎,内　胃　循　小,,平14. 8. 1,kyushu/000491324.zip
診療所,46,0410542,有山内科,枕崎市鹿篭麓町３３番地,0993-72-5811,医療法人　輝陽会　理事長　有山　巌,有山　巌,内,,平26. 4. 1,kyushu/000491324.zip
診療所,46,0610083,阿久根市国民健康保険　大川　診療所,阿久根市大川８２２４,0996-74-0054,阿久根市長,小寺　顕一,内,,昭37. 4. 1,kyushu/000491324.zip
病院,46,0610273,内山病院,阿久根市高松町２２,,社会医療法人　昴和会　理事長　古郷　修一郎,古郷　修一郎,療養　内　外　ひ　放　リハ　呼内　循環器内科　消化器内科　血液内科　糖尿病内科　内分泌内科　泌尿器科（人工透析）　脳内　婦,,昭55. 11. 1,kyushu/000491324.zip
病院,46,0610372,出水郡医師会広域医療センター,阿久根市赤瀬川４５１３,,公益社団法人　出水郡医師会　会長　來仙　隆洋,内匠　拓朗,一般　内科　肝臓内科　脳内　放　外科　乳腺外科　整外　脳外　麻　ひ　耳い　リハ　眼　循環器内科　消化器内科　消化器外科　呼外　心外　形外,200,平元. 10. 1,kyushu/000491324.zip
診療所,46,0610398,林胃腸科外科,阿久根市大丸町８６番地,,医療法人　熊杏会　理事長　林　干城,林　干城,内　消　外　こう　リハ,,平3. 1. 1,kyushu/000491324.zip
診療所,46,0610406,植村整形外科,阿久根市赤瀬川４３０３－１,,医療法人　忠成会　理事長　植村　忠一,植村　忠一,整外　リハ,,平3. 1. 1,kyushu/000491324.zip
診療所,46,0610414,有村産婦人科内科,阿久根市栄町１２７番地３号,,医療法人　有成会　理事長　有村　哲,有村　徹,内　小　皮　産婦,,平3. 10. 1,kyushu/000491324.zip
診療所,46,0610497,山田クリニック,阿久根市本町６３番地,0996-72-0420,医療法人　仁和会　理事長　山田　和彦,山田　和彦,内　消化器内科　外　リハ,,平7. 10. 1,kyushu/000491324.zip
診療所,46,0610521,阿久根眼科,阿久根市本町１２７番地,0996-72-0040,医療法人　阿久根眼科　理事長　伊比　健児,伊比　健児,一般　眼,,平9. 4. 1,kyushu/000491324.zip
病院,46,0610554,脇本病院,阿久根市脇本９０９３番地２,0996-75-2121,医療法人　互舎会　理事長　槝之浦　法仁,松元　寛仁,精神　精　神　内,185,平10. 4. 1,kyushu/000491324.zip
診療所,46,0610588,北国医院,阿久根市本町１８４番地,0996-72-0016,医療法人　圭陽会　理事長　北国　敏,北国　敏,療養　外　胃　整外　リハ,,平10. 11. 1,kyushu/000491324.zip
診療所,46,0610612,しみずこども医院,阿久根市赤瀬川３８８０－３,0996-68-0633,清水　貴士,清水　貴士,小,,平18. 11. 7,kyushu/000491324.zip
診療所,46,0610646,医療法人優翔会　いまむらクリニック,阿久根市塩鶴町二丁目１２３番地,0996-73-1700,医療法人　優翔会　理事長　今村　章,今村　章,ひ　内,,平22. 4. 1,kyushu/000491324.zip
診療所,46,0610653,黒木医院,阿久根市脇本７４０３－１,0996-75-0200,医療法人　黒木会　理事長　黒木　康文,黒木　康文,内　外　胃腸内科,,平28. 8. 16,kyushu/000491324.zip
病院,46,0810113,出水総合医療センター,出水市明神町５２０,,出水市長,藤田　浩,一般　一般（感染）　内　血液内科　腎臓内科　肝臓内科　脳内　呼内　小　外科　消化器外科　乳腺外科　整外　皮　婦　放　脳外　眼　麻　ひ　リハ　呼外　消化器内科　循環器内科　糖尿病・代謝内科　小外　心外　膠原病・リウマチ内科,261,昭32. 7. 1,kyushu/000491324.zip
病院,46,0810378,出水病院,出水市麓町２９番１号,,医療法人　公盡会　理事長　今村　圭介,今村　圭介,精神　精　心内　内　歯,190,昭54. 7. 1,kyushu/000491324.zip
病院,46,0810451,吉井整形外科内科中央病院,出水市平和町３３６,,医療法人　吉祥会　理事長　吉井　八郎,吉井　八郎,療養　内科　糖尿病内科　外　整外　リハ　循環器内科　消化器内科　麻,,昭59. 2. 1,kyushu/000491324.zip
診療所,46,0810493,医療法人　三徳会　東医院,出水市六月田町３６０番地,,医療法人　三徳会　理事長　東　午郎,東　午郎,一般　内科　胃腸内科　麻　整外　肛門外科　リハ　外,,昭63. 11. 1,kyushu/000491324.zip
診療所,46,0810501,医療法人　孝徳会　楠元内科医院,出水市平和町２２４番地,,医療法人　孝徳会　理事長　楠元　孝明,楠元　孝明,内　歯　矯歯　小歯　歯外　循環器内科　胃腸内科,,昭63. 11. 1,kyushu/000491324.zip
診療所,46,0810519,医療法人　健仁会　平田　整形外科クリニック,出水市上知識町８５６番地,,医療法人　健仁会　理事長　平田　淳作,平田　淳作,整外　リハ　麻　リウ,,昭63. 11. 1,kyushu/000491324.zip
診療所,46,0810535,福元医院,出水市米ノ津町３－３０,,医療法人　博翠会　理事長　福元　修,福元　修,一般　内　循環器内科,,平元. 10. 1,kyushu/000491324.zip
診療所,46,0810543,クリニック．なかむら,出水市向江町２番１５号,,医療法人　英風会　理事長　中村　直英,中村　直英,内　消　外　呼,,平元. 10. 1,kyushu/000491324.zip
診療所,46,0810550,吉田　耳鼻咽喉科医院,出水市本町３番５号,,医療法人　吉田会　理事長　吉田　重彦,吉田　重彦,耳　い　気食,,平2. 4. 1,kyushu/000491324.zip
診療所,46,0810568,にのみやこどもクリニック,出水市本町４－４５,,医療法人　二宮医院　理事長　二宮　信幸,二宮　崇仁,小　内　アレ,,平2. 9. 1,kyushu/000491324.zip
診療所,46,0810576,広瀬産婦人科医院,出水市昭和町１５番２０号,,医療法人　広瀬産婦人科医院　理事長　広瀬　正典,広瀬　正典,一般　産婦　内,,平3. 1. 1,kyushu/000491324.zip
診療所,46,0810618,福永内科循環器科,出水市向江町１３番２８号,,医療法人　秀成会　理事長　福永　秀哲,福永　秀哲,内　呼　胃　消　循,,平5. 10. 1,kyushu/000491324.zip
診療所,46,0810634,かじわら内科クリニック,出水市五万石町８０２,,医療法人　恵愛会　理事長　梶原　光嗣,梶原　光嗣,一般　内科　糖尿病内科　循環器内科,,平6. 10. 1,kyushu/000491324.zip
診療所,46,0810667,市川　医院,出水市緑町４３番４１号,0996-63-3151,医療法人　市川医院　理事長　市川　大輔,市川　大輔,耳い　アレルギー科,,平9. 4. 1,kyushu/000491324.zip
診療所,46,0810725,境田医院,出水市米ノ津町３５番２０号,0996-67-2600,境田　通泰,境田　通泰,一般　療養　産婦　内　外,,平12. 1. 1,kyushu/000491324.zip
診療所,46,0810774,つかさとクリニック,出水市下知識町１５１８番地１,0996-67-5560,医療法人　誠祐会　理事長　塚里　孝和,塚里　孝和,内　脳内　呼　消,,平16. 11. 1,kyushu/000491324.zip
診療所,46,0810782,西出水眼科,出水市上知識町８１５番,0996-62-8810,吉村　清利,郷　奈々子,眼,,平17. 4. 1,kyushu/000491324.zip
診療所,46,0810808,キッズクリニック,出水市向江町１９番２４号,0996-63-7707,医療法人　幸仁会　理事長　倉内　宏一郎,倉内　宏一郎,小　内,,平17. 8. 1,kyushu/000491324.zip
診療所,46,0810824,よう皮ふ科医院,出水市平和町１３３番地１,0996-63-1112,医療法人社団　桜寿会　理事長　葉　著寿,葉　著寿,皮,,平17. 11. 1,kyushu/000491324.zip
診療所,46,0810865,来仙医院,出水市野田町下名６９０９,,医療法人　来仙　医院　理事長　來仙　隆洋,來仙　隆洋,一般　療養　内　小　外,,平3. 10. 1,kyushu/000491324.zip
病院,46,0810931,出水郡医師会立第二病院,出水市高尾野町柴引２５７４番地,0996-82-5900,公益社団法人　出水郡医師会　会長　來仙　隆洋,朝倉　孝弘,療養　内　リハ,,平11. 10. 1,kyushu/000491324.zip
診療所,46,0810964,三慶医院,出水市上鯖渕１９６６,0996-63-2333,医療法人　お茶の水北洲会　理事長　新冨　義侯,新冨　義侯,内　神内　小　放　呼内　循環器内科　消化器内科,,平18. 9. 21,kyushu/000491324.zip
診療所,46,0810998,整形外科　ばばぐちクリニック,出水市六月田町７１１,0996-64-8260,医療法人　三乃会　理事長　馬場口　泰宏,馬場口　泰宏,整外　リハ,,平19. 4. 1,kyushu/000491324.zip
診療所,46,0811012,せき耳鼻咽喉科クリニック,出水市大野原町７１,0996-64-1187,医療法人　大生会　理事長　関　大八郎,関　大八郎,耳い　アレ　気食,,平19. 4. 1,kyushu/000491324.zip
診療所,46,0811038,おかだクリニック,出水市昭和町４５番１号,0996-63-7011,医療法人　Ｕ・ＭＥ　理事長　岡田　富志,岡田　富志,消化器内科　内　循環器内科　放,,平19. 4. 1,kyushu/000491324.zip
診療所,46,0811046,よしだ泌尿器科クリニック,出水市黄金町４２７－１,0996-63-7800,医療法人　透仁会　理事長　吉田　二郎,吉田　二郎,一般　一般　ひ,19,平19. 4. 1,kyushu/000491324.zip
診療所,46,0811061,出水総合医療センター野田診療所,出水市野田町上名６１０３,0996-84-2023,出水市長,春松　英寿,内,,平20. 4. 1,kyushu/000491324.zip
診療所,46,0811087,林泌尿器科クリニック,出水市明神町２３５５,0996-64-8800,医療法人　豊腎会　理事長　林　豊秀,林　豊秀,一般　一般　泌尿器科（人工透析）　内　性感染症内科,19,平20. 11. 1,kyushu/000491324.zip
診療所,46,0811095,出水眼科,出水市昭和町２６－６,0996-62-8350,藤井　智仁,藤井　智仁,眼,,平21. 4. 1,kyushu/000491324.zip
病院,46,0811103,荘記念病院,出水市高尾野町下水流８６２番地１,0996-82-3113,医療法人　互舎会　理事長　槝之浦　法仁,安藤　五三生,精神　精神　精　内,120,平22. 2. 1,kyushu/000491324.zip
診療所,46,0811137,さくら通りクリニック,出水市平和町２２８,0996-62-2311,医療法人　山本会　理事長　山本　正昭,山本　正昭,脳外　神内　リハ,,平22. 4. 1,kyushu/000491324.zip
診療所,46,0811145,出水総合医療センター高尾野診療所,出水市高尾野町大久保３８１６－２８,0996-82-0017,出水市長,花田　法久,一般　一般　外　内　麻,13,平23. 10. 1,kyushu/000491324.zip
診療所,46,0811152,わかすぎ皮フ科クリニック,出水市中央町１３９０,0996-64-1313,医療法人　若杉会　理事長　若杉　正司,若杉　正司,皮　形外　アレ,,平24. 4. 1,kyushu/000491324.zip
診療所,46,0811178,友愛クリニック,出水市高尾野町大久保２０１２番地１,0996-64-2101,医療法人　結心会　理事長　山里　愛深,中山　雅春,内　消化器内科　リハ,,平24. 10. 1,kyushu/000491324.zip
診療所,46,0811186,前田こころとからだのクリニック,出水市本町６番１０号,0996-79-4551,前田　卓郎,前田　卓郎,心内　内　精,,平25. 5. 7,kyushu/000491324.zip
診療所,46,0811194,こどもクリニック永松,出水市平和町２５番地２,0996-64-1500,医療法人三省会　理事長　永松　省三,永松　省三,小　内　アレ,,平27. 4. 1,kyushu/000491324.zip
診療所,46,0811236,医療法人野島会福田クリニック,出水市上知識町５４９番地,0996-79-3775,医療法人野島会福田クリニック　理事長　福田　雅隆,福田　雅隆,内,,令7. 2. 1,kyushu/000491324.zip
診療所,46,0811244,恒吉医院,出水市高尾野町柴引字上前原１５１６－２,0996-82-0048,医療法人恒心　理事長　恒吉　礼三,恒吉　礼三,内　消化器内科　呼内,,令7. 4. 1,kyushu/000491324.zip
病院,46,1010259,医療法人　浩然会　指宿浩然会病院,指宿市十町１１３０番地,,医療法人　浩然会　理事長　大重　和典,大重　和典,一般　療養　内科　漢方内科　リハ　神内　消化器内科　呼内　循環器内科,111,昭42. 10. 1,kyushu/000491324.zip
病院,46,1010275,医療法人　三心会　西田病院,指宿市十二町２１０５番地１,,医療法人　三心会　理事長　西田　正彰,西田　佳晃,精神　精　心内　内　脳内,156,昭46. 5. 15,kyushu/000491324.zip
病院,46,1010358,指宿竹元病院,指宿市東方７５３１番地,,医療法人　全隆会　理事長　竹元　隆英,竹元　隆英,精神　内　精　心内　リハ　睡眠障害精神科　睡眠障害心療内科,185,昭55. 2. 1,kyushu/000491324.zip
病院,46,1010374,医療法人　明正会　今林整形外科病院,指宿市十町３５２－２,,医療法人　明正会　理事長　今林　正典,今林　正典,一般　療養　整外　リハ　リウ,,昭55. 11. 1,kyushu/000491324.zip
診療所,46,1010507,永田　耳鼻咽喉科医院,指宿市大牟礼一丁目１番１５号,,永田　和人,永田　和人,耳い,,昭63. 1. 4,kyushu/000491324.zip
診療所,46,1010515,北薗産婦人科クリニック,指宿市大牟礼４丁目１６－２８,,北薗　正大,北薗　正大,一般　産婦,,平元. 6. 1,kyushu/000491324.zip
診療所,46,1010556,福元医院,指宿市大牟礼一丁目３２番２４号,,医療法人　柏木会　理事長　福元　良英,福元　良英,一般　内科　糖尿病・代謝内科　内分泌内科　整外,,平2. 1. 1,kyushu/000491324.zip
診療所,46,1010598,南記念クリニック,指宿市大牟礼３丁目２４番１５号,,医療法人　圭裕会　理事長　南　圭祐,南　圭祐,一般　療養　内　整外　眼　放　麻　循環器内科,,平4. 4. 1,kyushu/000491324.zip
診療所,46,1010606,生駒外科医院,指宿市湊２丁目２３番２０号,,医療法人　回生会　理事長　生駒　茂,生駒　茂,一般　外科　乳腺外科　内　皮　消化器内科　肛門外科　整外　リハ　呼内,,平4. 10. 1,kyushu/000491324.zip
診療所,46,1010622,上村内科クリニック,指宿市十二町５０３－６,,医療法人　愛徳会　理事長　上村　徳郎,上村　徳郎,一般　内,,平5. 4. 1,kyushu/000491324.zip
診療所,46,1010648,田畑　クリニック,指宿市十町２４０６番地１,0993-26-3020,医療法人　微笑会　理事長　田畑　博規,田畑　亜希子,内,,平6. 10. 1,kyushu/000491324.zip
病院,46,1010705,指宿さがら病院,指宿市湯の浜一丁目１１番２９号,0993-22-3079,医療法人　晃和会　理事長　相良　晃一,相良　晃一,療養　療養　内科　糖尿病内科　外科　肛門外科　リハ　放　神内　消化器外科　呼内,100,平10. 4. 1,kyushu/000491324.zip
診療所,46,1010762,いぶすき内科,指宿市十町２３２１番地１,0993-23-3239,医療法人　南星会　理事長　下髙原　淳一,下髙原　淳一,内　循環器内科　消化器内科,,平11. 10. 1,kyushu/000491324.zip
診療所,46,1010804,岩下眼科医院,指宿市湊２丁目１１番１号,0993-23-3959,岩下　正美,岩下　正美,一般　一般　眼,14,平13. 8. 1,kyushu/000491324.zip
診療所,46,1010838,宇宿ひふ科クリニック,指宿市十町９１２番地１,0993-22-1412,医療法人　悠温会　理事長　宇宿　一成,宇宿　一成,皮,,平14. 10. 1,kyushu/000491324.zip
診療所,46,1010853,指宿脳神経外科,指宿市東方８７１４番地２１,0993-27-1177,医療法人　天和会　理事長　増田　次俊,増田　次俊,一般　脳外　リハ　放,,平16. 5. 1,kyushu/000491324.zip
診療所,46,1010879,いわもと耳鼻咽喉科クリニック,指宿市東方８７１４－２３,0993-27-1515,岩元　光明,岩元　光明,耳い,,平16. 11. 13,kyushu/000491324.zip
診療所,46,1010960,濵田洋一郎　医院,指宿市開聞川尻４９２０番５,0993-32-2614,濵田　洋一郎,濵田　洋一郎,内　外　小　皮ひ　整外,,平9. 10. 1,kyushu/000491324.zip
病院,46,1010986,赤崎病院,指宿市開聞仙田２３０７,0993-32-2011,医療法人　赤崎会　理事長　赤崎　安隆,赤崎　安隆,精神　精　内　心内,150,平11. 10. 1,kyushu/000491324.zip
診療所,46,1011026,肥後胃腸科クリニック,指宿市山川大山２９４８,0993-35-2148,肥後　平一郎,肥後　平一郎,内　胃　消　外　皮,,平16. 3. 1,kyushu/000491324.zip
診療所,46,1011075,こどもの森小児科クリニック,指宿市東方８３２０－４,0993-27-1010,医療法人　バンビーノ　理事長　森　浩純,森　浩純,小,,平18. 11. 1,kyushu/000491324.zip
診療所,46,1011091,メディポリス国際陽子線治療センター,指宿市東方４４２３番地,0993-23-5188,一般社団法人メディポリス医学研究所　理事長　永田　良一,足立　源樹,一般　一般　放,19,平19. 6. 5,kyushu/000491324.zip
診療所,46,1011125,医療法人徳洲会　開聞クリニック,指宿市開聞十町１２９４－２,0993-32-5800,医療法人　徳洲会　理事長　東上　震一,大田　健司,一般　一般　内　小　外　整外　皮　眼　耳い　リハ　呼吸器内科　消化器内科　循環器内科,19,平20. 12. 1,kyushu/000491324.zip
病院,46,1011133,医療法人徳洲会　山川病院,指宿市山川小川１５７１,0993-35-3800,医療法人徳洲会　理事長　東上　震一,野口　修二,一般　一般　内　人工透析内科　外　整外　循環器内科　放　リハ,89,平20. 12. 1,kyushu/000491324.zip
診療所,46,1011182,小吉胃腸科クリニック,指宿市湊１丁目４番１５号,0993-24-2011,永井　志郎,永井　志郎,内　胃腸内科,,平22. 4. 1,kyushu/000491324.zip
診療所,46,1011224,池田診療所,指宿市池田３９５７番地,0993-26-2101,医療法人　開南　理事長　宮田　敬博,宮田　敬博,内　外　小,,平23. 10. 1,kyushu/000491324.zip
診療所,46,1011240,木之下クリニック,指宿市湊１丁目１２－６３,0993-23-3940,医療法人きぼう　理事長　木之下　藤郎,木之下　藤郎,一般　一般　療養　療養　外　内科　消化器内科　皮　こう,19,平25. 4. 1,kyushu/000491324.zip
診療所,46,1011257,指宿おおしげ内科,指宿市十二町２１８８－７,0993-23-0788,医療法人　指宿おおしげ内科　理事長　大重　勝彦,大重　勝彦,内科　糖尿病内科　呼　小　消化器内科,,平27. 1. 1,kyushu/000491324.zip
診療所,46,1011265,大重内科,指宿市山川金生町４３,0993-34-1003,大重　力,大重　力,内,,平27. 1. 1,kyushu/000491324.zip
診療所,46,1011281,肥後内科クリニック,指宿市十二町２１５７－１,0993-22-4148,医療法人　柳水会　理事長　肥後　高春,肥後　高春,一般　内　小　放　呼内　胃腸内科　循環器内科,,平29. 7. 1,kyushu/000491324.zip
診療所,46,1011299,幸南クリニック,指宿市西方６７３３番地,0993-25-6090,医療法人　慧　理事長　松元　渉,松元　渉,内　神内,,平29. 10. 1,kyushu/000491324.zip
診療所,46,1011315,世光クリニック,指宿市東方３６７番地,0993-24-4466,医療法人世光会　理事長　伊藤　眞木子,田代　克也,療養　療養　内　循環器内科　リハ,19,令8. 4. 1,kyushu/000491324.zip
診療所,46,1011323,医療法人徳洲会　宮薗クリニック,指宿市開聞十町１２６６番地,0993-32-2001,医療法人徳洲会　理事長　東上　震一,宮薗　尊仁,内　神内　放　ひ　整外　皮,,令8. 4. 1,kyushu/000491324.zip
病院,46,1310170,社会医療法人　義順顕彰会　種子島医療センター,西之表市西之表７４６３,0997-22-0960,社会医療法人　義順顕彰会　理事長　田上　寛容,髙尾　尊身,一般　一般（感染）　内科　糖尿病内科　小　外科　乳腺・甲状腺外科　整外　脳外　皮　ひ　耳い　リハ　放　眼　麻　心内　呼内　リウ　神内　消化器外科　消化器内科　肝臓・胆のう・膵臓外科　肝臓内科　循環器内科　腎臓内科　血液内科　救急科,157,昭57. 8. 1,kyushu/000491324.zip
病院,46,1310329,せいざん病院,西之表市住吉３３６３番地２,0997-28-3331,医療法人純青会　理事長　田上　純真,山畑　良蔵,精神　精神　精　心内　内,130,平25. 4. 1,kyushu/000491324.zip
診療所,46,1310337,百合砂診療所,西之表市鴨女町９８,0997-28-3901,社会福祉法人　百合砂　理事長　山﨑　弘喬,田上　容祥,整外　リウ　リハ　内,,平27. 11. 1,kyushu/000491324.zip
診療所,46,1310345,種子島産婦人科医院,西之表市西之表１６３１４番地７,0997-22-0260,種子島産婦人科医院組合　管理者　八板　俊輔,鳥　弘道,一般　産婦,,平28. 5. 1,kyushu/000491324.zip
診療所,46,1310352,馬毛島診療所,西之表市馬毛島用地２,080-1415-4822,社会医療法人義順顕彰会　理事長　田上　寛容,髙尾　尊身,内,,令6. 2. 1,kyushu/000491324.zip
病院,46,1410186,垂水市立医療センター　垂水中央病院,垂水市錦江町１番地１４０,,垂水市長,竹中　俊宏,一般　療養　内科　糖尿病内科　血液内科　放　外　整外　泌尿器科（人工透析）　眼　耳い　リハ　循環器内科　消化器内科　呼内　脳内,,昭62. 3. 16,kyushu/000491324.zip
診療所,46,1410210,桑波田　診療所,垂水市旭町５３,0994-32-0002,医療法人　桑波田診療所　理事長　桑波田　仁,桑波田　仁,内　呼　消　循,,平元. 4. 1,kyushu/000491324.zip
診療所,46,1410368,相良整形外科,垂水市中央町２７番地,0994-31-3081,医療法人　相良整形外科　理事長　相良　弘志,相良　弘志,一般　整外　リハ　リウ,,平11. 4. 1,kyushu/000491324.zip
診療所,46,1410384,東内科小児科クリニック,垂水市田神３４８５番地１,0994-32-5522,医療法人　天恵会　理事長　馬場　香子,馬場　香子,一般　内　呼　消化器科（胃腸科）　循　小　リハ,,平13. 4. 1,kyushu/000491324.zip
診療所,46,1410418,ふくまる皮フ科クリニック,垂水市田神字下福町３４８０番地,0994-32-7771,福丸　聖太,福丸　聖太,皮,,平16. 4. 20,kyushu/000491324.zip
診療所,46,1410426,池田温泉クリニック,垂水市田神３５３６番地１,0994-32-6161,医療法人　浩愛会　理事長　池田　誠,池田　誠,一般　内　外　リハ　胃腸内科　循環器内科,,平24. 4. 1,kyushu/000491324.zip
診療所,46,1410483,よしとみクリニック,垂水市南松原町１０番地,0994-45-4215,医療法人百桃　理事長　吉冨　孝之,吉冨　孝之,ひ　内　小,,令3. 11. 1,kyushu/000491324.zip
診療所,46,1410491,慈愛会垂水サテライトクリニック,垂水市本町７７番,0994-35-1583,公益財団法人慈愛会　理事長　今村　英仁,貴島　佳子,産婦,,令6. 4. 1,kyushu/000491324.zip
病院,46,1510019,医療法人　松翠会　森園病院,薩摩川内市大小路町１９番３８号,0996-23-3125,医療法人　松翠会　理事長　川原　裕一,平井　雅人,一般　療養　整外　内　糖尿病内科　リウ　リハ　外　放　呼内　消化器内科,,昭32. 10. 1,kyushu/000491324.zip
病院,46,1510027,医療法人　同潤会　永井病院,薩摩川内市大小路町２１番５号,,医療法人　同潤会　理事長　永井　利明,永井　利明,療養　内　リハ　消化器内科　呼内　循環器内科,,昭32. 10. 1,kyushu/000491324.zip
病院,46,1510035,医療法人　樟南会　中郷病院,薩摩川内市中郷１丁目１番７号,,医療法人　樟南会　理事長　宮ヶ原　俊郎,宮ケ原　俊郎,精神　精　心内　内,180,昭32. 10. 1,kyushu/000491324.zip
病院,46,1510043,医療法人　恵愛会　上村病院,薩摩川内市東開聞町９番２２号,,医療法人　恵愛会　理事長　進藤　朗子,堤田　英明,一般　外科　肛門外科　消化器外科　呼外　内科　消化器内科　麻　リハ　放　呼内,,昭35. 2. 1,kyushu/000491324.zip
病院,46,1510050,医療法人　静和会　ファミリーＨＰ薩摩,薩摩川内市水引町３２４７の１,,医療法人　静和会　理事長　村上　芽梨,田嶋　靖弘,精神　精　内　心内,201,昭36. 6. 29,kyushu/000491324.zip
病院,46,1510084,社会福祉法人　恩賜財団　済生会川内病院,薩摩川内市原田町２番４６号,,社会福祉法人　恩賜財団　支部長　揚松　龍治,嵜山　敏男,一般　内　小　小外　放　麻　泌尿器科・小児泌尿器科　産婦　眼　整外　皮　病理　外科・消化器外科　消化器内科,208,昭41. 6. 21,kyushu/000491324.zip
診療所,46,1510159,河村　医院,薩摩川内市東開聞町１４番３号,,河村　勝之,河村　勝之,一般　産婦　内,,昭53. 9. 1,kyushu/000491324.zip
病院,46,1510191,伊達病院,薩摩川内市神田町４番２５号,,医療法人　敬安会　理事長　土持　雅昭,土持　雅昭,一般　療養　内　胃腸内科　外　整外,,昭58. 9. 1,kyushu/000491324.zip
診療所,46,1510266,愛甲　医院,薩摩川内市大小路町２４－２,,医療法人　愛甲会　理事長　迫田　悟,迫田　悟,一般　内　循環器内科,,平元. 10. 1,kyushu/000491324.zip
診療所,46,1510308,山下医院,薩摩川内市向田町９９５番地１,,医療法人　山下　医院　理事長　山下　達嘉,春山　勝郎,一般　療養　内科　糖尿病内科　胃　整外　外　循環器内科　形外,,平2. 4. 1,kyushu/000491324.zip
診療所,46,1510324,森田内科医院,薩摩川内市大小路町２１９１番地,,医療法人　森田内科医院　理事長　森田　隆久,森田　隆久,一般　内科　腎臓内科　小　消化器内科,,平2. 9. 1,kyushu/000491324.zip
診療所,46,1510340,有村医院,薩摩川内市隈之城町１４７６番地,,医療法人　興隆会　理事長　有村　隆,有村　隆,内　消化器内科,,平3. 1. 1,kyushu/000491324.zip
診療所,46,1510357,山本耳鼻咽喉科,薩摩川内市東開聞町７番１３号,,医療法人　オーアールエル　理事長　山本　賢之,山本　賢之,耳い,,平3. 4. 1,kyushu/000491324.zip
診療所,46,1510399,川内　こどもクリニック,薩摩川内市原田町３０番２６号,,医療法人　博郁会　理事長　江口　智,江口　智,小　内,,平4. 10. 1,kyushu/000491324.zip
病院,46,1510415,川内市医師会立市民病院,薩摩川内市永利町西平４１０７番７,,公益社団法人　川内市医師会　代表理事　岩川　俊二,田實　謙一郎,一般　一般（感染）　内科　内分泌科　呼内　外　整外　脳外　ひ　リハ　放　麻　心外　消化器内科　循環器内科　脳内　呼外　リウ,212,平5. 4. 1,kyushu/000491324.zip
病院,46,1510423,若松記念病院,薩摩川内市神田町１１番２０号,,医療法人　大誠会　理事長　若松　大介,若松　大介,一般　療養　外　内　胃　整外　こう　リハ　眼,,平5. 4. 1,kyushu/000491324.zip
診療所,46,1510431,田島産婦人科,薩摩川内市平佐町１９５７番地７,,医療法人　聖壽会　理事長　田島　政樹,田島　政樹,一般　産　婦　麻,,平5. 10. 1,kyushu/000491324.zip
診療所,46,1510456,浜田医院,薩摩川内市水引町７６１５－８,,医療法人　渓州会　理事長　濵田　國弘,濵田　聡,内　循　外科　血管外科　麻,,平6. 10. 1,kyushu/000491324.zip
診療所,46,1510464,せんだい耳鼻咽喉科,薩摩川内市高城町字西町１９４５ー１,0996-20-3311,内薗　明裕,内薗　明裕,耳い　アレ　漢方耳鼻咽喉科,,平6. 12. 1,kyushu/000491324.zip
診療所,46,1510472,徳田整形外科　クリニック,薩摩川内市平佐町１６８９ー７,0996-23-6500,医療法人　大心会　理事長　徳田　稔,徳田　稔,整外　リハ　リウ,,平8. 1. 1,kyushu/000491324.zip
診療所,46,1510480,川路クリニック,薩摩川内市平佐町１６９３ー３１,0996-25-4177,川路　高衛,川路　高衛,内科　肛門内科　外,,平8. 7. 1,kyushu/000491324.zip
診療所,46,1510514,手塚医院,薩摩川内市大小路町４３番２５号,0996-22-7400,医療法人　祥隆会　理事長　手塚　弘毅,手塚　弘毅,内　循　リハ,,平9. 4. 1,kyushu/000491324.zip
診療所,46,1510563,中山クリニック,薩摩川内市高城町１６０２,0996-22-2115,中山　博美,中山　博美,内　胃　外,,平10. 6. 15,kyushu/000491324.zip
診療所,46,1510571,福山内科,薩摩川内市西向田町５番１９号,0996-23-4469,医療法人　一廣会　理事長　福山　廣,福山　廣,一般　内　胃　呼内,,平10. 10. 1,kyushu/000491324.zip
診療所,46,1510589,日高内科・内視鏡クリニック,薩摩川内市勝目町５８４２ー５,0996-20-1950,医療法人　厚徳会　理事長　渡邉　剛志,渡邉　剛志,内　消　循　こう,,平11. 4. 1,kyushu/000491324.zip
診療所,46,1510597,ひがしクリニック,薩摩川内市勝目町４１１０ー１６,0996-22-8282,東　万里,東　万里,内　呼　消　循,,平11. 9. 16,kyushu/000491324.zip
診療所,46,1510605,新門整形外科,薩摩川内市中郷１丁目８番１６号,0996-21-1661,医療法人　くすのき会　理事長　新門　裕三,新門　裕三,一般　整外　リハ　リウ　麻,,平11. 10. 1,kyushu/000491324.zip
診療所,46,1510621,Ｋメンタルクリニック,薩摩川内市田崎町１０７１番地８,0996-25-4169,医療法人　社団　真澄会　理事長　岩川　俊二,岩川　俊二,心内　精　神,,平13. 4. 1,kyushu/000491324.zip
診療所,46,1510662,上小鶴外科胃腸科,薩摩川内市御陵下町１４番１２号,0996-23-2227,医療法人　恵泉会　理事長　上小鶴　孝二,上小鶴　孝二,消化器内科　内科　肝臓内科　こう　リハ,,平14. 8. 1,kyushu/000491324.zip
診療所,46,1510670,大海クリニック,薩摩川内市中郷三丁目６５番地,0996-27-6700,医療法人　大海クリニック　理事長　大西　浩之,大西　浩之,内　消　循　放　呼,,平14. 10. 1,kyushu/000491324.zip
診療所,46,1510712,今村クリニック,薩摩川内市宮内町２６４１番地,0996-23-4118,社会福祉法人　可愛会　理事長　今村　英世,今村　英世,整外　リハ　内,,平16. 6. 1,kyushu/000491324.zip
診療所,46,1510738,薩摩川内市鹿島診療所,薩摩川内市鹿島町藺牟田１５３０番６,,薩摩川内市長,山田　直樹,一般　内　歯,,昭36. 5. 1,kyushu/000491324.zip
診療所,46,1510746,薩摩川内市上甑浦内出張診療所,薩摩川内市上甑町瀬上８２７番地５,,薩摩川内市長,堀川　佳朗,内　小,,昭38. 10. 22,kyushu/000491324.zip
診療所,46,1510753,薩摩川内市上甑平良出張診療所,薩摩川内市上甑町平良２１７番地１,,薩摩川内市長,堀川　佳朗,内　小,,昭38. 11. 25,kyushu/000491324.zip
診療所,46,1510779,薩摩川内市下甑内川内出張診療所,薩摩川内市下甑町瀬々野浦１７３９番地,09969-5-1650,薩摩川内市長,橋野　伸,内,,昭44. 11. 1,kyushu/000491324.zip
診療所,46,1510787,薩摩川内市里診療所,薩摩川内市里町里１９２２番地,,薩摩川内市長,鈴木　済,内　歯,,昭46. 8. 1,kyushu/000491324.zip
診療所,46,1510811,薩摩川内市上甑診療所,薩摩川内市上甑町中甑４９０番地１,,薩摩川内市長,堀川　佳朗,一般　療養　内　眼　歯,,昭51. 5. 1,kyushu/000491324.zip
診療所,46,1510829,薩摩川内市下甑瀬々野浦診療所,薩摩川内市下甑町瀬々野浦１１９５番地,,薩摩川内市長,橋野　伸,内,,昭51. 7. 1,kyushu/000491324.zip
診療所,46,1510837,薩摩川内市下甑青瀬診療所,薩摩川内市下甑町青瀬６０６番地２,,薩摩川内市長,橋野　伸,内,,昭53. 5. 15,kyushu/000491324.zip
診療所,46,1510845,薩摩川内市下甑片野浦出張診療所,薩摩川内市下甑町片野浦３９０番地１,,薩摩川内市長,橋野　伸,内,,昭53. 7. 1,kyushu/000491324.zip
診療所,46,1510860,川島　医院,薩摩川内市樋脇町塔之原１１８４,,川島　久典,川島　久典,内　放,,昭60. 8. 23,kyushu/000491324.zip
診療所,46,1510878,薩摩川内市下甑手打診療所,薩摩川内市下甑町手打９５６番地,,薩摩川内市長,橋野　伸,一般　内　小　外,,昭61. 4. 15,kyushu/000491324.zip
診療所,46,1510894,市比野温泉医院,薩摩川内市樋脇町市比野２６１６,,医療法人　純誠会　理事長　今村　純博,今村　純博,一般　療養　内　消　整外　リハ,,平元. 10. 1,kyushu/000491324.zip
診療所,46,1510944,村永医院,薩摩川内市上甑町中甑３３５番地１,09969-2-0012,医療法人　村永医院　理事長　村永　知子,村永　知子,一般　内　外　産婦,,平7. 10. 1,kyushu/000491324.zip
診療所,46,1510951,副田クリニック,薩摩川内市入来町副田５６２７番地３５,0996-44-5777,医療法人　副田クリニック　理事長　古園　耕治,古園　耕治,内　外　整外　リハ,,平9. 4. 1,kyushu/000491324.zip
診療所,46,1510969,薩摩川内市下甑長浜診療所,薩摩川内市下甑町長浜８番地３,09969-5-0052,薩摩川内市長,橋野　伸,一般　内,,平10. 4. 1,kyushu/000491324.zip
診療所,46,1510977,わかばクリニック,薩摩川内市祁答院町下手９７７番地,0996-21-8890,医療法人わかば会　理事長　堀之内　尚志,堀之内　都基,内　循,,平15. 10. 1,kyushu/000491324.zip
診療所,46,1510993,祁答院診療所,薩摩川内市祁答院町下手５７－１,0996-55-1118,新井　康夫,新井　康夫,内　整外　麻,,平16. 4. 1,kyushu/000491324.zip
診療所,46,1511017,関小児科医院,薩摩川内市東開聞町８番３号,0996-23-2253,医療法人　九十九会　理事長　関　浩孝,関　浩孝,一般　小,,平16. 11. 1,kyushu/000491324.zip
診療所,46,1511025,ひらさ内科,薩摩川内市平佐町３７３３番地１,0996-22-6122,医療法人　大地　理事長　藤﨑　裕幸,藤﨑　裕幸,内　呼　消　循　リウ,,平16. 11. 1,kyushu/000491324.zip
診療所,46,1511033,入来温泉クリニック,薩摩川内市入来町浦之名大迫７８８１－１,0996-44-5666,今村　純孝,今村　純孝,内　呼　リハ　放,,平16. 11. 1,kyushu/000491324.zip
診療所,46,1511066,クリニックのぞみ,薩摩川内市祁答院町藺牟田２１０３番地６,0996-56-0011,医療法人　明芳会　理事長　高江　政伸,吉山　武,内　外　リハ,,平17. 4. 1,kyushu/000491324.zip
診療所,46,1511082,おおしろ耳鼻咽喉科,薩摩川内市平佐町４３１４－２,0996-22-8733,大城　浩,大城　浩,耳い,,平17. 6. 10,kyushu/000491324.zip
診療所,46,1511108,宮崎小児科,薩摩川内市平佐町１６９３番地８,0996-20-6318,医療法人社団博兎会　理事長　宮崎　博,宮崎　博,小,,平17. 10. 1,kyushu/000491324.zip
診療所,46,1511140,岩切眼科,薩摩川内市若葉町１番２１号,0996-23-3188,医療法人　若葉会　理事長　岩切　直人,岩切　直人,一般　眼,,平18. 11. 1,kyushu/000491324.zip
診療所,46,1511165,かわばた皮膚科,薩摩川内市高城町１９４４－１,0996-22-1251,医療法人　粂裕会　理事長　川畑　久,川畑　久,皮,,平19. 4. 1,kyushu/000491324.zip
診療所,46,1511173,新門リハビリテーションクリニック,薩摩川内市中郷一丁目７番６号,0996-20-8222,医療法人　くすのき会　理事長　新門　裕三,加世田　俊,一般　脳内　内　整外　リハ,,平19. 5. 7,kyushu/000491324.zip
診療所,46,1511181,川内脳神経外科,薩摩川内市五代町３２１０－１,0996-23-3800,医療法人　川内脳神経外科　理事長　高山　謙二,高山　謙二,脳外　神内　内,,平20. 4. 1,kyushu/000491324.zip
診療所,46,1511215,大海整形外科,薩摩川内市中郷一丁目３９番２７号,0996-25-3000,医療法人　啓智会　理事長　大西　敏之,大西　敏之,整外　リウ　リハ,,平21. 5. 1,kyushu/000491324.zip
診療所,46,1511231,岩﨑胃腸科,薩摩川内市中郷１丁目１７番７号,0996-20-7777,医療法人　岩﨑胃腸科　理事長　岩﨑　秀一,岩﨑　秀一,胃腸内科　消化器内科　循環器内科,,平21. 10. 1,kyushu/000491324.zip
診療所,46,1511306,おやまクリニック,薩摩川内市上川内町３３０３番地１,0996-22-1101,医療法人　山寿会　理事長　小山　寿,小山　寿,一般　一般　外科　肛門外科　乳腺外科　内　麻　整外　胃腸内科,19,平24. 5. 1,kyushu/000491324.zip
病院,46,1511314,高江記念病院,薩摩川内市永利町２５０４番１,0996-23-2100,医療法人　杏政会　理事長　高江　政子,高江　政伸,一般　一般　療養　療養　内科　糖尿病内科　外　リハ　整外　消化器内科　循環器内科,53,平24. 5. 14,kyushu/000491324.zip
診療所,46,1511322,上村内科・神経内科,薩摩川内市御陵下町３０－４６,0996-23-7351,上村　光平,上村　光平,内　脳神経内科　小,,平24. 3. 23,kyushu/000491324.zip
診療所,46,1511330,ときとうクリニック,薩摩川内市隈之城町６１－１,0996-29-3241,時任　裕一,時任　裕一,内　呼内,,平24. 10. 10,kyushu/000491324.zip
診療所,46,1511355,かみむら耳鼻咽喉科,薩摩川内市若葉町３番１６号,0996-23-2961,医療法人　太雄会　理事長　上村　隆雄,上村　隆雄,耳い,,平25. 10. 1,kyushu/000491324.zip
診療所,46,1511363,虹クリニック,薩摩川内市田崎町２１４番地１,0996-24-2222,医療法人　虹　理事長　柳生　あけみ,柳生　あけみ,内科　緩和ケア内科　皮,,平25. 10. 1,kyushu/000491324.zip
診療所,46,1511371,愛宕山診療所,薩摩川内市入来町副田５９５０－３２,0996-44-5603,角倉　信一,角倉　信一,内　外,,平26. 4. 11,kyushu/000491324.zip
診療所,46,1511389,こがひさお眼科クリニック,薩摩川内市中郷１丁目３９－１８,0996-21-1113,医療法人　こがひさお眼科クリニック　理事長　古賀　久大,古賀　久大,眼,,平26. 10. 1,kyushu/000491324.zip
診療所,46,1511397,あおぞら内科クリニック,薩摩川内市平佐町４２３５番地１,0996-22-6370,医療法人　英友会　理事長　潟山　英男,潟山　英男,内　消化器内科　肝臓内科,,平27. 4. 1,kyushu/000491324.zip
診療所,46,1511405,川内まきのせ泌尿器・腎クリニック,薩摩川内市中郷四丁目７番,0996-24-1177,医療法人　實信会　理事長　牧之瀬　信一,堂滿　洋司,ひ　腎臓内科,,平27. 5. 11,kyushu/000491324.zip
診療所,46,1511413,中郷の杜クリニック,薩摩川内市中郷４丁目２４９番地,0996-20-7123,下薗　政巳,下薗　政巳,耳い,,平28. 5. 10,kyushu/000491324.zip
診療所,46,1511421,久留医院,薩摩川内市東向田町８番１号,0996-23-2148,医療法人　弘仁会　理事長　久留　敏弘,久留　敏弘,内　皮　消化器内科,,平28. 11. 7,kyushu/000491324.zip
診療所,46,1511439,大海宮崎クリニック,薩摩川内市宮崎町３０００番地,0996-20-1300,医療法人　大海クリニック　理事長　大西　浩之,吉福　士郎,内　消化器内科　循環器内科　リハ　整外　脳外,,平31. 4. 1,kyushu/000491324.zip
診療所,46,1511447,有村眼科,薩摩川内市御陵下町２０番２９号,0996-29-3322,医療法人　有成会　理事長　有村　徹,有村　哲,眼科　小児眼科,,令元. 5. 8,kyushu/000491324.zip
診療所,46,1511454,坂口医院,薩摩川内市大王町１番１号,0996-23-4509,医療法人　育生会　理事長　坂口　由一,坂口　由一,小　内,,令元. 8. 1,kyushu/000491324.zip
診療所,46,1511462,ありむら糖尿病・甲状腺・内科クリニック,薩摩川内市御陵下町２３番７号,0996-26-1100,有村　洋,有村　洋,糖尿病内科　内分泌・代謝内科　内,,令2. 4. 24,kyushu/000491324.zip
診療所,46,1511470,松尾医院,薩摩川内市東郷町斧渕３１２－２,0996-42-0027,松尾　眞一郎,松尾　眞一郎,内　消化器内科　放,,令3. 4. 1,kyushu/000491324.zip
診療所,46,1511488,クイーンズ乳腺クリニック,薩摩川内市若葉町７番１０号,0996-20-5334,上村　万里,上村　万里,乳腺外科　外,,令3. 6. 16,kyushu/000491324.zip
病院,46,1511496,卓翔会記念病院,薩摩川内市天辰町１５１２番１,0996-29-5900,社会医療法人卓翔会　理事長　黒田　篤,内野　靖,一般　一般　療養　療養　内科　循環器内科　呼吸器内科　老年内科　外科　消化器外科　脳外　整外　リハ　放,199,令4. 12. 1,kyushu/000491324.zip
診療所,46,1511504,市比野記念クリニック,薩摩川内市樋脇町市比野３０７９番地,0996-38-1200,社会医療法人卓翔会　理事長　黒田　篤,濵畑　弘記,内　外,,令4. 12. 1,kyushu/000491324.zip
診療所,46,1511512,川野眼科,薩摩川内市横馬場町６番３号,0996-23-3336,川野　浩輝,川野　浩輝,一般　一般　眼,16,令6. 4. 1,kyushu/000491324.zip
診療所,46,1511520,具志ひふ科クリニック,薩摩川内市東大小路町４５－３,0996-22-9412,具志　亮,具志　亮,皮,,令7. 12. 1,kyushu/000491324.zip
診療所,46,1511538,川内内科クリニック,薩摩川内市矢倉町４６６０番地２,0996-24-1200,医療法人礼文会　理事長　牧野　智礼,牧野　智礼,内　消化器内科,,令8. 4. 3,kyushu/000491324.zip
病院,46,1610025,医療法人　昭泉会　馬場病院,日置市吹上町湯之浦２３７８,099-296-2611,医療法人　昭泉会　理事長　馬場　道宏,馬場　道宏,一般　療養　外　内　神内　整外　脳外　リウ　リハ　放　循環器内科　消化器内科,,昭35. 10. 30,kyushu/000491324.zip
病院,46,1610041,医療法人　健生会　本庄病院,日置市伊集院町下谷口１９４２,099-273-2135,医療法人　健生会　理事長　本庄　茂,本庄　茂,一般　療養　内　外　胃　放,,昭42. 9. 1,kyushu/000491324.zip
病院,46,1610124,医療法人　向陽会　伊集院病院,日置市伊集院町徳重三丁目１番地１,099-272-2311,医療法人　向陽会　理事長　桑水流　博文,桑水流　博文,精神　精　神　内,150,昭55. 2. 1,kyushu/000491324.zip
診療所,46,1610132,永浜　小児科内科,日置市伊集院町徳重３９５,099-272-2829,永浜　俊明,永浜　俊明,小　内,,昭58. 12. 1,kyushu/000491324.zip
診療所,46,1610165,石神　胃腸科内科医院,日置市東市来町湯田３２６１－６,099-274-3110,石神　信治,石神　信治,内　胃　消　循,,昭63. 3. 1,kyushu/000491324.zip
病院,46,1610199,医療法人　健誠会　湯田内科病院,日置市東市来町湯田２９９４,099-274-1252,医療法人　健誠会　理事長　斉藤　稔,齊藤　稔,一般　療養　内　神内　リハ　消化器内科　呼内,,平元. 4. 1,kyushu/000491324.zip
病院,46,1610207,博悠会温泉病院,日置市東市来町湯田４６４８番地,099-274-2238,医療法人　博悠会　理事長　中村　佐知子,玉田　修吾,療養　内　リハ　婦　麻　呼内　外,,平元. 9. 1,kyushu/000491324.zip
診療所,46,1610215,浅谷　小児科医院,日置市東市来町長里２５２,099-274-3088,医療法人　泰養会　理事長　浅谷　昌代,浅谷　昌代,小,,平元. 10. 1,kyushu/000491324.zip
診療所,46,1610223,野口　クリニック,日置市伊集院町郡１０９７番,099-272-3211,野口　眞,野口　眞,内　呼　胃　消　循　整外　脳外　こう　気食　リハ　放　麻　外,,平2. 6. 1,kyushu/000491324.zip
診療所,46,1610256,樋口　クリニック,日置市東市来町長里１８２６－２,099-274-9388,樋口　和博,樋口　和博,内　呼　胃　消　放,,平5. 10. 7,kyushu/000491324.zip
診療所,46,1610264,大石医院,日置市東市来町湯田２１５３番地,099-274-3211,医療法人　大石　医院　理事長　大石　一郎,大石　一郎,一般　療養　内　消化器内科,,平5. 10. 1,kyushu/000491324.zip
診療所,46,1610298,しいの内科クリニック,日置市吹上町永吉１４２４５番地１,099-299-3111,医療法人　しいの内科クリニック　理事長　椎野　年治,椎野　年治,内　小　消化器内科,,平7. 10. 1,kyushu/000491324.zip
病院,46,1610306,守屋病院,日置市伊集院町徳重２丁目５番地５,099-273-3195,医療法人　佑志会　理事長　守屋　豪貴,守屋　豪貴,一般　療養　内　外　整外　リハ　消化器内科,,平8. 4. 1,kyushu/000491324.zip
病院,46,1610314,鹿児島こども病院,日置市伊集院町妙円寺二丁目２０００番６６９,099-272-2001,社会医療法人　人天会　理事長　奥　章三,内門　一,一般　小,,平8. 10. 1,kyushu/000491324.zip
診療所,46,1610322,山之内　クリニック,日置市吹上町中原２５６２番地３,099-296-2025,医療法人　仁梅会　理事長　山之内　梅節,山之内　梅節,内　皮　リハ　放,,平9. 4. 1,kyushu/000491324.zip
診療所,46,1610330,じんごあん整形外科内科クリニック,日置市伊集院町下谷口２１２２,099-272-5151,医療法人　神護庵　理事長　永山　徳太郎,永山　徳太郎,一般　整外　内　リハ　形外,,平9. 4. 1,kyushu/000491324.zip
診療所,46,1610348,前原やすしクリニック,日置市吹上町小野１４８１ー１,099-296-6788,医療法人　誠心会　理事長　前原　くるみ,名越　ゆう子,内　整外　リハ,,平9. 10. 1,kyushu/000491324.zip
診療所,46,1610355,新山皮膚泌尿器科,日置市東市来町長里１４番地１,099-274-1775,医療法人　史幸会　理事長　新山　孝二,新山　孝二,皮ひ,,平10. 10. 1,kyushu/000491324.zip
診療所,46,1610363,久保内科,日置市伊集院町猪鹿倉９６番５,099-272-2527,医療法人　めぐみ会　理事長　久保　洋文,久保　洋文,一般　内　循　胃　呼,,平10. 10. 1,kyushu/000491324.zip
診療所,46,1610371,うちやま眼科クリニック,日置市伊集院町徳重三丁目１番地６,099-273-1616,内山　荘三郎,内山　荘三郎,一般　眼,,平11. 4. 1,kyushu/000491324.zip
診療所,46,1610447,せきやま皮膚科クリニック,日置市伊集院町清藤２００６番地９,099-273-1000,医療法人　光永会　理事長　関山　光弘,関山　光弘,皮,,平18. 4. 1,kyushu/000491324.zip
診療所,46,1610454,いじゅういん脳神経外科,日置市伊集院町徳重一丁目１２番地２,099-246-5550,医療法人　隆盛会　理事長　木佐貫　隆雄,木佐貫　隆雄,一般　一般　脳外　神内　リハ　内,19,平19. 4. 1,kyushu/000491324.zip
診療所,46,1610462,康生クリニック,日置市伊集院町徳重三丁目１番地３,099-272-1177,医療法人　康生　理事長　桑水流　康夫,桑水流　康介,内　呼　消,,平19. 4. 1,kyushu/000491324.zip
診療所,46,1610496,みゆきクリニック,日置市日吉町日置３９０番地１号,099-246-8707,医療法人　みゆき会　理事長　坪内　みゆき,坪内　みゆき,内　消　麻　リハ,,平20. 4. 1,kyushu/000491324.zip
診療所,46,1610512,ふるさと学園医務室,日置市東市来町湯田７１０７番地８,099-274-2061,社会福祉法人　信成会　理事長　河野　史代,河野　史代,内,,平23. 1. 1,kyushu/000491324.zip
診療所,46,1610538,橋本耳鼻咽喉科,日置市伊集院町郡２丁目４１番地,099-273-1811,松山　勝哉,松山　勝哉,耳い,,平23. 6. 1,kyushu/000491324.zip
診療所,46,1610561,くすもと産婦人科,日置市伊集院町郡１１９３番地１,099-273-6666,医療法人産楠会　理事長　楠元　雅寛,楠元　雅寛,一般　一般　産　婦,12,平25. 4. 1,kyushu/000491324.zip
病院,46,1610579,整形外科はやしだ病院,日置市伊集院町下谷口２４２３番地,099-272-2121,医療法人　グリーン会　理事長　林田　一公,林田　一夫,一般　整外　麻　リハ,,平27. 10. 1,kyushu/000491324.zip
診療所,46,1610587,ひおき診療所,日置市日吉町日置１１５０番地１,099-292-2146,医療法人　誠心会　理事長　前原　くるみ,吉田　義弘,内　整外　リウ　リハ,,平29. 4. 1,kyushu/000491324.zip
診療所,46,1610595,黒岩眼科,日置市伊集院町郡二丁目４７番地,099-272-2332,医療法人　黒岩眼科　理事長　黒岩　宣宏,黒岩　宣宏,眼,,平29. 10. 1,kyushu/000491324.zip
診療所,46,1610603,百花クリニック,日置市伊集院町徳重３３８－１番地,099-272-6601,社会福祉法人　恵里会　理事長　前原　くるみ,鳥居　博行,内　整外　リハ,,平30. 2. 1,kyushu/000491324.zip
診療所,46,1610637,吹上クリニック,日置市吹上町中原２８２４,099-296-2711,井上　尚,井上　尚,内　消,,令元. 9. 1,kyushu/000491324.zip
診療所,46,1610645,医療法人さくら会　黒岩整形外科内科,日置市伊集院町郡２丁目７５番地,099-272-2330,医療法人さくら会　理事長　黒岩　真弘,勝江　達治,整外　リハ　内　循環器内科　皮,,令2. 1. 14,kyushu/000491324.zip
病院,46,1610652,前原総合医療病院,日置市伊集院町妙円寺１丁目１－６,099-273-3939,医療法人　誠心会　理事長　前原　くるみ,松　昌彦,一般　療養　整外　内科　ペインクリニック内科　リウ　リハ　呼外　消化器外科　循環器内科　放　麻　眼　耳い　歯　小歯　歯外　脳外　脳内,,令2. 9. 20,kyushu/000491324.zip
診療所,46,1610660,湯之元記念クリニック,日置市東市来町湯田３６１４,099-274-2521,医療法人　誠心会　理事長　前原　くるみ,上下　智之,整外　内　リハ　眼,,令2. 9. 20,kyushu/000491324.zip
診療所,46,1610678,伊作田診療所,日置市東市来町長里３５１－１１,099-274-8480,小濱　木の実,小濱　木の実,内　糖尿病・代謝内科　神内　皮,,令4. 4. 1,kyushu/000491324.zip
診療所,46,1610686,たもつクリニック,日置市伊集院町麦生田３３８番地５,099-246-5850,医療法人貴和会　理事長　大迫　保,大迫　保,消化器内科　内,,令4. 10. 1,kyushu/000491324.zip
診療所,46,1610694,あわいのクリニック,日置市伊集院町郡１６２８－４,050-5236-3582,小松　真成,小松　真成,内,,令5. 4. 1,kyushu/000491324.zip
診療所,46,1610702,松崎内科ひふ科,日置市伊集院町大田７９８番地１,099-272-2468,医療法人誠心会　理事長　前原　くるみ,松崎　育郎,一般　療養　内　皮,,令7. 3. 1,kyushu/000491324.zip
病院,46,1710072,医療法人　参篤会　高原病院,曽於市末吉町栄町２丁目１２の１,,医療法人　参篤会　理事長　高原　篤行,石塚　隆二,一般　療養　内　胃　外　リハ　整外　放　消化器内科　糖尿病内科　腎臓内科　脂質代謝内科　内視鏡内科　人工透析内科,,昭46. 1. 1,kyushu/000491324.zip
病院,46,1710106,曽於医師会立病院,曽於市大隅町月野８９４,,公益社団法人　曽於医師会　会長　手塚　善久,吉留　伸郎,一般　一般（感染）　外　小　内　整外　脳外　皮　ひ　婦　眼　放　リハ,123,昭59. 2. 15,kyushu/000491324.zip
診療所,46,1710130,あないクリニック,曽於市財部町南俣１７０５番地７,,医療法人　あないクリニック　理事長　穴井　慶太,穴井　慶太,内,,平3. 10. 1,kyushu/000491324.zip
病院,46,1710148,財部記念病院,曽於市財部町南俣３６１９番地１,,医療法人　たからべ会　理事長　西郷　昌隆,谷川　誠,療養　内　胃　循　リハ　ひ,,平4. 4. 1,kyushu/000491324.zip
診療所,46,1710155,曽於市立　恒吉地区　診療所,曽於市大隅町恒吉５９８番地,,曽於市長,永田　秀穗,内　外,,平5. 1. 13,kyushu/000491324.zip
診療所,46,1710171,塩川医院,曽於市末吉町上町４丁目２番地６,,医療法人　明成会　理事長　塩川　司,塩川　司,一般　療養　整外　内　リハ　放,,平5. 4. 1,kyushu/000491324.zip
診療所,46,1710197,末吉胃腸科外科クリニック,曽於市末吉町新町１丁目９番地１２,0986-76-8177,医療法人　木瓜会　理事長　田嶋　伸之,田嶋　修三,外　内　消　こう　リハ,,平10. 7. 1,kyushu/000491324.zip
診療所,46,1710247,津曲胃腸科整形外科,曽於市大隅町鳴神町９３番地の１,099-482-0241,医療法人　久倖会　理事長　津曲　淳一,津曲　淳一,胃　外　整外　こう,,平15. 1. 14,kyushu/000491324.zip
病院,46,1710262,中島病院,曽於市末吉町栄町１丁目６番地６,0986-76-1065,医療法人　義貫会　理事長　中島　義博,中島　義博,療養　内　産婦　心内　精,,平15. 10. 1,kyushu/000491324.zip
病院,46,1710270,昭南病院,曽於市大隅町下窪町１番地,099-482-0622,医療法人　愛誠会　理事長　朝戸　幹雄,奧　昭一,一般　療養　内　神内　ひ　外　整外　脳外　放　リハ　循　眼　呼外　消化器内科,103,平16. 12. 11,kyushu/000491324.zip
診療所,46,1710288,まえかわクリニック,曽於市財部町南俣１８２番地１,0986-72-3500,医療法人　命門会　まえかわクリニック　理事長　前川　晋一,前川　晋一,内　外　整外,,平18. 8. 16,kyushu/000491324.zip
診療所,46,1710304,医療法人　耳鼻咽喉科　末吉中央クリニック,曽於市末吉町上町４丁目７番地３,0986-76-3387,医療法人　耳鼻咽喉科　末吉中央クリニック　理事長　福島　泰裕,福島　泰裕,耳い,,平19. 10. 1,kyushu/000491324.zip
診療所,46,1710353,松岡救急クリニック分院,曽於市末吉町二之方６０１３,0986-36-5505,医療法人ＥＭＳ　理事長　松岡　良典,吉廣　剛,一般　救急科　内科　消化器内科　循環器内科　外　整外　脳外　小　リハ,4,令元. 7. 1,kyushu/000491324.zip
診療所,46,1710395,尾郷クリニック,曽於市末吉町二之方２１２６,0986-76-1045,医療法人藤宮会　理事長　尾郷　智格,尾郷　智格,内　リウ,,令6. 5. 1,kyushu/000491324.zip
病院,46,1810013,医療法人　康陽会　花牟礼病院,いちき串木野市元町１９０,,医療法人　康陽会　理事長　花牟禮　康生,花牟禮　康生,一般　内　放　消化器内科,,昭32. 10. 1,kyushu/000491324.zip
診療所,46,1810039,いちき串木野市土川診療所,いちき串木野市羽島９６７５番地,0996-33-3450,いちき串木野市長,牧野　虎彦,内　小,,昭42. 4. 15,kyushu/000491324.zip
病院,46,1810088,医療法人　杏林会　丸田病院,いちき串木野市旭町８３番地,,医療法人　杏林会　理事長　丸田　大剛,藤田　俊浩,一般　療養　内　胃　循環器内科　リハ,,昭63. 11. 1,kyushu/000491324.zip
診療所,46,1810104,藤井　クリニック,いちき串木野市春日町１０６－１,,医療法人　藤井クリニック　理事長　藤井　公也,藤井　公也,一般　内　ひ　皮　小,,平元. 10. 1,kyushu/000491324.zip
診療所,46,1810120,産科・婦人科　久米クリニック,いちき串木野市曙町２５番地,,医療法人　浩成会　理事長　久米　浩太,久米　浩太,一般　産　婦,,平2. 1. 1,kyushu/000491324.zip
診療所,46,1810146,ふくもと整形外科・内科クリニック,いちき串木野市春日町８番地,,医療法人　金斉会　理事長　福元　隆史,福元　隆史,一般　整外　内　リハ　リウ,,平2. 4. 1,kyushu/000491324.zip
診療所,46,1810153,串木野内科・循環器科,いちき串木野市中尾町７２番地,0996-33-2211,医療法人　芳清会　理事長　有川　清猛,有川　朋芳,一般　内　呼　循,,平4. 4. 1,kyushu/000491324.zip
診療所,46,1810161,野辺　ひふ科クリニック,いちき串木野市昭和通３４番地,,医療法人　野辺ひふ科クリニック　理事長　野邊　修明,野邊　修明,皮,,平6. 10. 1,kyushu/000491324.zip
診療所,46,1810179,知花内科,いちき串木野市日出町６９番地,,医療法人　知花内科　理事長　知花　温,知花　温,内　呼　胃　放,,平6. 10. 1,kyushu/000491324.zip
病院,46,1810187,金子病院,いちき串木野市照島６００２番地,0996-33-0011,医療法人　あさひ会　理事長　ウェレット　朋代,金子　公一,一般　外科　乳腺外科　甲状腺外科　消化器外科　呼外　小外　内科　放　リハ　消化器内科　循環器内科　麻,,平8. 4. 1,kyushu/000491324.zip
病院,46,1810195,南洲整形外科病院,いちき串木野市別府３９９４番地５,0996-32-0051,医療法人　南洲会　理事長　園田　昭彦,岸本　浩,一般　療養　整外　リハ　リウ　麻,,平9. 4. 1,kyushu/000491324.zip
診療所,46,1810203,えんでん内科クリニック,いちき串木野市東塩田町３５番地,0996-32-7000,医療法人　親貴会　理事長　海江田　正史,海江田　貴憲,一般　内　呼　胃　循　アレ　小　リハ　放　消,,平9. 4. 1,kyushu/000491324.zip
病院,46,1810229,いちき串木野市医師会立　脳神経外科センター,いちき串木野市生福５３９１番地３,0996-32-9999,公益社団法人　いちき串木野市医師会　代表理事　新山　豪一,石丸　浩一,一般　療養　脳外　リハ,,平12. 4. 1,kyushu/000491324.zip
診療所,46,1810237,牧野医院,いちき串木野市羽島３５５４番地,0996-35-0017,医療法人　星海会　理事長　牧野　虎彦,牧野　虎彦,内　小,,平12. 10. 1,kyushu/000491324.zip
診療所,46,1810245,まきのせ泌尿器科,いちき串木野市照島６０５０番地,0996-33-0122,医療法人　實信会　理事長　牧之瀬　信一,川元　健,一般　ひ　腎臓内科,,平13. 4. 1,kyushu/000491324.zip
診療所,46,1810260,リミ眼科,いちき串木野市大原町８０番地５,0996-33-6610,医療法人　誠心会　理事長　前原　くるみ,田中　美紀,眼,,平14. 4. 1,kyushu/000491324.zip
病院,46,1810286,医療法人　静和会　みなと病院,いちき串木野市湊町一丁目２０８番地,,医療法人　静和会　理事長　村上芽梨,福﨑　秀一,精神　精　神　心内,150,昭36. 7. 1,kyushu/000491324.zip
診療所,46,1810294,新山内科医院,いちき串木野市大里３９３３,,医療法人　新山　内科医院　理事長　新山　豪一,新山　豪一,内科　肝臓・消化器内科,,平3. 7. 1,kyushu/000491324.zip
診療所,46,1810302,市来内科・ひふ科,いちき串木野市大里３８６９番地６,,医療法人　健仁会　理事長　萩原　隆朗,萩原　隆朗,一般　内　循　呼　消　皮,,平3. 10. 1,kyushu/000491324.zip
診療所,46,1810310,京町内科・脳神経クリニック,いちき串木野市京町４３番地,0996-32-2855,医療法人　照正会　理事長　宮之原　正和,宮之原　正和,神内　内,,平18. 4. 1,kyushu/000491324.zip
診療所,46,1810336,いとう耳鼻咽喉科,いちき串木野市曙町９５番地,0996-33-3387,医療法人　いとう耳鼻科　理事長　伊東　小都子,伊東　小都子,耳い　アレ　気食,,平19. 12. 1,kyushu/000491324.zip
診療所,46,1810344,春田クリニック,いちき串木野市春日町１１６番地,0996-33-2882,医療法人　聖愛会　理事長　中俣　いづみ（春田　いづみ）,中俣　いづみ（春田　いづみ）,一般　内科　糖尿病内科　内分泌内科　整外　リハ　心内,19,平22. 5. 1,kyushu/000491324.zip
診療所,46,1810369,宮之原循環器内科,いちき串木野市春日町６０番地,0996-32-3241,医療法人　慈正会　理事長　宮之原　浩,宮之原　浩,一般　一般　循環器内科　内　外　放　リハ,19,平23. 1. 1,kyushu/000491324.zip
診療所,46,1810385,しもむぎ耳鼻咽喉科,いちき串木野市湊町三丁目８７番,0996-29-3384,下麥　哲也,下麥　哲也,耳い　アレ　気管食道・耳鼻咽喉科,,平24. 10. 1,kyushu/000491324.zip
診療所,46,1810393,さゆりクリニック,いちき串木野市昭和通１０１番１,0996-32-0080,医療法人　さかえ会　理事長　丸田　小百合,丸田　小百合,内　糖尿病内科,,平27. 10. 1,kyushu/000491324.zip
診療所,46,1810401,ふじいクリニック串木野,いちき串木野市曙町１１９番地,0996-32-2222,医療法人　藤井クリニック　理事長　藤井　公也,藤井　康裕,小　皮　内　ひ,,令元. 10. 1,kyushu/000491324.zip
診療所,46,1910110,鵜木医院,霧島市国分中央３－１９－１５,,医療法人　春成会　理事長　加倉　秀章,加倉　秀章,一般　療養　内　小　循環器内科,,平元. 10. 1,kyushu/000491324.zip
診療所,46,1910144,清水整形外科医院,霧島市国分山下町１６５４番地５,,医療法人　清光会　理事長　清水　恒光,清水　恒光,一般　整外　リハ　内,,平2. 1. 1,kyushu/000491324.zip
診療所,46,1910169,こうの子どもクリニック,霧島市国分中央四丁目１５番３号,,医療法人　エルベ　理事長　河野　幸春,河野　幸春,小　小児循環器内科,,平3. 4. 1,kyushu/000491324.zip
診療所,46,1910177,国分外科胃腸科,霧島市国分府中町１３－２３番地,,医療法人　サンライフ　理事長　岩谷　眞宏,岩谷　眞宏,一般　療養　外　内　整外　リハ　放　循環器内科　消化器内科,,平3. 10. 1,kyushu/000491324.zip
診療所,46,1910193,原口内科消化器科,霧島市国分中央四丁目１５番３号,,医療法人　朋友会　理事長　原口　雄二,原口　雄二,内　呼　消　循　リハ　放,,平5. 10. 1,kyushu/000491324.zip
診療所,46,1910201,井料クリニック,霧島市国分広瀬二丁目２８番４０号,,医療法人　誠井会　理事長　井料　宰,井料　宰,一般　脳外　皮　脳内,,平6. 4. 1,kyushu/000491324.zip
診療所,46,1910219,いぢち　眼科,霧島市国分府中町１番５５号,,医療法人　藤栄会　理事長　伊地知　洋,伊地知　洋,眼,,平6. 10. 3,kyushu/000491324.zip
診療所,46,1910227,宮内皮ふ科　クリニック,霧島市国分中央五丁目１２ー１９,0995-46-8612,医療法人　悠成会　理事長　宮内　秀明,宮内　秀明,皮,,平7. 10. 1,kyushu/000491324.zip
診療所,46,1910235,原口　耳鼻咽喉科,霧島市国分中央１丁目２１ー３１,0995-46-3333,医療法人　原口耳鼻咽喉科　理事長　原口　兼明,原口　兼明,耳い　気食　麻　アレ,,平7. 10. 1,kyushu/000491324.zip
診療所,46,1910243,田中　内科消化器科,霧島市国分下井６０１番地１,0995-46-6123,医療法人　啓友会　理事長　田中　啓三,田中　啓三,内　呼　消　循　リハ,,平8. 4. 1,kyushu/000491324.zip
診療所,46,1910250,梶原内科,霧島市国分向花１６５番地,0995-47-3363,医療法人　育栄会　理事長　梶原　裕二,梶原　裕二,一般　内　呼　消　循　小　リハ,,平9. 10. 1,kyushu/000491324.zip
病院,46,1910276,霧島記念病院,霧島市国分福島１丁目５番１９号,0995-47-3100,医療法人　健康会　理事長　平原　一穂,平原　一穂,一般　療養　脳外　循環器内科　整外　救急科　外科　血管外科　リハ　内　麻,,平10. 4. 1,kyushu/000491324.zip
診療所,46,1910284,プライマリ・ケア　むろ内科,霧島市国分野口西２８番５２号,0995-46-6611,室　大,室　大,内　小,,平10. 11. 1,kyushu/000491324.zip
診療所,46,1910318,かのう医院,霧島市国分敷根１３７３番地１,0995-46-9111,医療法人　博萌会　理事長　叶　昭人,叶　昭人,内　呼　胃　小　外　整外　皮ひ　こう　リハ　放,,平12. 10. 1,kyushu/000491324.zip
診療所,46,1910326,きたはらこどもクリニック,霧島市国分野口西１９番３１号,0995-64-0677,医療法人　きたはらこどもクリニック　理事長　北原　琢磨,北原　琢磨,小,,平13. 4. 1,kyushu/000491324.zip
診療所,46,1910334,前田産婦人科クリニック,霧島市国分中央１丁目３番２３号,0995-46-6800,医療法人　志康会　理事長　前田　康貴,前田　康貴,一般　産　婦　麻,,平14. 4. 1,kyushu/000491324.zip
診療所,46,1910342,中川整形外科,霧島市国分府中町３３番１７号,0995-48-5633,医療法人　創世会　理事長　中川　悟,中川　悟,一般　整外　リウ　リハ　内,,平14. 10. 1,kyushu/000491324.zip
病院,46,1910359,国分中央病院,霧島市国分中央１丁目２５－７０,0995-45-3085,医療法人　美﨑会　理事長　藤﨑　剛斎,藤﨑　剛斎,一般　療養　内　外　リハ　皮　呼内　循環器内科　消化器内科,,平15. 4. 1,kyushu/000491324.zip
診療所,46,1910375,青葉クリニック,霧島市国分郡田７２１番地４,0995-64-0646,医療法人　邦和会　理事長　濵田　和典,吉留　正次,内科　糖尿病内科　腎臓内科　リハ,,平16. 11. 1,kyushu/000491324.zip
診療所,46,1910383,国分なかむらクリニック,霧島市国分山下町１８番１３号,0995-45-3333,医療法人　若仁会　理事長　中村　義人,中村　義人,一般　こう　胃　内　外,,平16. 11. 1,kyushu/000491324.zip
診療所,46,1910391,帖佐クリニック,霧島市国分福島三丁目５番２０号,0995-64-0711,医療法人　帖佐クリニック　理事長　帖佐　信行,帖佐　信行,内　消　循　外　整外　心外　リハ,,平17. 4. 1,kyushu/000491324.zip
診療所,46,1910417,いかりこどもクリニック,霧島市国分新町二丁目３番１２号,0995-48-5858,医療法人　恒和会　理事長　碇元　直昭,碇元　直昭,小,,平17. 10. 1,kyushu/000491324.zip
診療所,46,1910425,みみ・はな・のど　としクリニック,霧島市国分広瀬一丁目１２番１８号,0995-46-4987,医療法人　ＴＣＴ　理事長　竪山　俊郎,竪山　俊郎,耳い　アレ　小児耳鼻いんこう科,,平17. 10. 1,kyushu/000491324.zip
病院,46,1910433,医療法人　仁心会　福山病院,霧島市福山町福山７７１,,医療法人　仁心会　理事長　松下　兼介,松下　兼宗,精神　精　内　神内　心内　皮　リハ,290,昭32. 10. 1,kyushu/000491324.zip
病院,46,1910466,医療法人　敬躍会　ハートフル隼人病院,霧島市隼人町住吉１００,,医療法人　敬躍会　理事長　江川　さおり,江川　さおり,精神　精　心内　内,140,昭34. 6. 1,kyushu/000491324.zip
病院,46,1910474,医療法人　仁心会　松下病院,霧島市隼人町真孝９９８,,医療法人　仁心会　理事長　松下　兼介,吉牟田　直孝,療養　精神　精　心内　内　神内　リハ　老年精神科　漢方内科,232,昭34. 10. 1,kyushu/000491324.zip
病院,46,1910482,社会福祉法人　たちばな会　医療福祉センターオレンジ学園,霧島市福山町福山８３８,0995-55-2121,社会福祉法人　たちばな会　理事長　松下　兼介,井本　浩,一般　療養　内　小　リハ,104,昭41. 1. 15,kyushu/000491324.zip
病院,46,1910508,医療法人　松城会　隼人温泉病院,霧島市隼人町姫城一丁目２６４番地２,,医療法人　松城会　理事長　岩城　政秋,岩城　政秋,一般　療養　内　外　リハ　循環器内科　脳内　心内,101,昭46. 1. 1,kyushu/000491324.zip
病院,46,1910557,霧島桜ケ丘病院,霧島市牧園町高千穂３６１７－９８,,医療法人　桃蹊会　理事長　古江　慈識,古江　慈識,精神　療養　内　精　神　リハ,,昭63. 11. 1,kyushu/000491324.zip
診療所,46,1910565,佐藤医院,霧島市溝辺町有川３２７－２,,医療法人　昭山会　理事長　佐藤　昭人,佐藤　昭人,一般　内　小　消　リウ,,平元. 4. 1,kyushu/000491324.zip
診療所,46,1910573,日当山温泉東洋医学クリニック,霧島市隼人町姫城三丁目８６番地,,医療法人　秋桜会　理事長　徳留　一博,徳留　一博,内　胃　皮　リハ　心内,,平元. 5. 1,kyushu/000491324.zip
診療所,46,1910599,医療法人　三幸会　八木クリニック,霧島市福山町福山４５１６,,医療法人　三幸会　理事長　八木　幸夫,八木　幸夫,内　呼　消　循　外　放　リハ,,平元. 10. 1,kyushu/000491324.zip
病院,46,1910607,隼人小田原病院,霧島市隼人町小田２４０番地,,医療法人　尚愛会　理事長　小田原　良治,相良　光久,一般　外　内　消　こう　リハ,,平2. 7. 1,kyushu/000491324.zip
診療所,46,1910623,かわの　小児科,霧島市隼人町姫城一丁目１１９番地,,川野　好文,川野　好文,小,,平3. 11. 10,kyushu/000491324.zip
診療所,46,1910631,医療法人　伊東内科クリニック,霧島市横川町上ノ　３３９０番地１６,,医療法人　伊東　内科クリニック　理事長　伊東　幸彦,伊東　幸彦,内　呼　消　放　耳い,,平5. 4. 1,kyushu/000491324.zip
診療所,46,1910649,永山　医院,霧島市隼人町姫城一丁目２番地,,医療法人　永山　医院　理事長　永山　一浩,永山　一浩,ひ　皮　内　小,,平5. 10. 1,kyushu/000491324.zip
診療所,46,1910656,耳鼻咽喉科　鶴丸　医院,霧島市隼人町東郷１１１番地,,医療法人　耀士会　理事長　鶴丸　浩士,鶴丸　浩士,耳い,,平5. 10. 1,kyushu/000491324.zip
病院,46,1910706,霧島杉安病院,霧島市霧島田口２１４３番地,0995-57-1221,医療法人財団浩誠会　理事長　杉安　浩一郎,杉安　浩一郎,一般　療養　内　外　整外　放　リハ　リウ　脳外　消化器内科　循環器内科　ひ,,平7. 10. 1,kyushu/000491324.zip
診療所,46,1910730,竹田医院,霧島市霧島田口３６番地,0995-57-0011,医療法人　明風会　理事長　竹田　克姑,竹田　克姑,内　精　歯,,平9. 1. 1,kyushu/000491324.zip
診療所,46,1910748,たまいクリニック,霧島市隼人町真孝１１１番地,0995-42-7300,医療法人　健秀会　理事長　玉井　秀亀,玉井　秀亀,一般　ひ　皮　内,,平9. 4. 1,kyushu/000491324.zip
診療所,46,1910771,はやと整形外科,霧島市隼人町真孝１０１３番地,0995-43-6111,医療法人　吉野会　理事長　海江田　光裕,海江田　光裕,一般　整外　リハ　麻,,平11. 9. 13,kyushu/000491324.zip
病院,46,1910797,霧島市立医師会医療センター,霧島市隼人町松永３３２０番地,0995-42-1171,霧島市長,河野　嘉文,一般　一般（感染）　内科　糖尿病・内分泌内科　血液内科　呼内　消化器内科　消化器外科　循環器内科　小　外科　乳腺腫瘍外科　整外　脳外　放　リハ　耳鼻咽喉科・頭頸部外科　小外　呼外　麻　ひ　救急科　心外　緩和ケア内科　婦　歯外　脳内,254,平12. 7. 1,kyushu/000491324.zip
診療所,46,1910805,椎原眼科医院,霧島市隼人町見次１２５２番地１,0995-43-1050,医療法人　ひとみ会　理事長　椎原　秀樹,椎原　秀樹,一般　眼,,平12. 10. 1,kyushu/000491324.zip
診療所,46,1910839,みつお産婦人科,霧島市隼人町見次１２９６番地３,0995-44-9339,医療法人　三世会　理事長　滿尾　雅彦,滿尾　雅彦,一般　産　婦,,平13. 10. 1,kyushu/000491324.zip
診療所,46,1910847,山下内科クリニック,霧島市隼人町神宮１丁目２０番１９号,0995-43-0460,医療法人　新樹会　理事長　山下　俊作,山下　俊作,一般　内科　糖尿病内科　内視鏡内科　消化器内科,,平14. 4. 1,kyushu/000491324.zip
診療所,46,1910854,林内科,霧島市横川町中ノ２３８－１,0995-72-1818,林　雅夫,林　雅夫,内　小,,平15. 1. 1,kyushu/000491324.zip
診療所,46,1910912,のりやす医院,霧島市隼人町見次１１９１－３,0995-42-7846,堂園　哲郎,堂園　哲郎,皮　外,,平17. 1. 1,kyushu/000491324.zip
診療所,46,1910946,森クリニック呼吸器科・内科,霧島市隼人町内山田３丁目７３５,0995-42-8111,森　広安,森　広安,内　呼　消　循　アレ　リハ,,平18. 6. 1,kyushu/000491324.zip
診療所,46,1910961,隼人福島眼科,霧島市隼人町東郷１－２７５,0995-64-2940,医療法人　霧島会　理事長　福島　茂,福島　茂,眼,,平18. 10. 1,kyushu/000491324.zip
診療所,46,1910979,とくだクリニック,霧島市溝辺町麓字麓原１５０３番１,0995-64-1717,医療法人　真和会　理事長　徳田　和信,徳田　和信,内　胃　外,,平18. 10. 1,kyushu/000491324.zip
診療所,46,1910987,浜田医院,霧島市国分清水一丁目８－２,0995-45-0506,医療法人　浜田医院　理事長　濵田　洋,濵田　洋,皮　内科　性感染症内科　小,,平19. 3. 5,kyushu/000491324.zip
診療所,46,1910995,ひなたやま整形外科,霧島市隼人町姫城３丁目１６５番地,0995-44-8118,医療法人　大喜　理事長　岩城　政秋,池田　勉,整外　リハ　リウ,,平19. 4. 1,kyushu/000491324.zip
診療所,46,1911001,うえぞの内科クリニック,霧島市国分福島三丁目５１番地１１号,0995-48-6555,医療法人　昭裕会　理事長　上園　昭一,上園　昭一,一般　一般　内科　腎臓内科　人工透析内科　循環器内科　消化器内科　呼内,17,平19. 4. 1,kyushu/000491324.zip
診療所,46,1911043,石塚内科・胃腸内科,霧島市国分中央１丁目２５－２９,0995-45-0419,石塚　俊一郎,石塚　俊一郎,内科　消化器内科（内視鏡）,,平19. 7. 11,kyushu/000491324.zip
診療所,46,1911050,吉満内科クリニック,霧島市隼人町松永３３０６－１,0995-42-8880,医療法人　恵迪舎　理事長　吉満　彰,吉満　彰,内　呼　放,,平19. 10. 1,kyushu/000491324.zip
診療所,46,1911068,清水内科,霧島市国分清水１丁目２２－２６,0995-47-7173,医療法人　清水会　理事長　横山　富美子,横山　富美子,一般　一般　内　脳内　リハ,12,平19. 12. 27,kyushu/000491324.zip
診療所,46,1911084,原口外科,霧島市隼人町内山田１丁目２番２８号,0995-42-0155,医療法人　尚陽会　理事長　原口　尚士,原口　尚士,一般　外　胃　内　こう,,平20. 4. 1,kyushu/000491324.zip
診療所,46,1911092,ふたばクリニック小児科皮膚科,霧島市国分松木東７番１２号,0995-57-5555,植木　勲,植木　勲,小　皮,,平20. 10. 1,kyushu/000491324.zip
診療所,46,1911100,高倉眼科,霧島市国分野口東１１５５番地,0995-47-7300,医療法人　高倉眼科　理事長　高倉　玄太,高倉　玄太,一般　眼,,平20. 10. 1,kyushu/000491324.zip
診療所,46,1911118,たぐち内科医院,霧島市隼人町内山田二丁目１３番１７号,0995-42-0320,医療法人　たぐち内科医院　理事長　田口　正人,田口　正人,内　放　呼吸器内科　胃腸内科　消化器内科,,平21. 4. 1,kyushu/000491324.zip
診療所,46,1911126,三輪クリニック,霧島市国分福島三丁目４０番１８号,0995-73-3138,三輪　晋智,三輪　晋智,内　呼　消　胃　外,,平21. 9. 1,kyushu/000491324.zip
診療所,46,1911134,隼人脳神経外科,霧島市隼人町小田２３９７－３,0995-73-5353,豊満　祐二,豊満　祐二,脳外,,平21. 12. 3,kyushu/000491324.zip
診療所,46,1911142,さくら皮膚科,霧島市隼人町内山田４丁目１番１２号,0995-42-0219,前田　俊一,前田　俊一,皮　内,,平21. 12. 1,kyushu/000491324.zip
診療所,46,1911159,きりしま内科リハビリクリニック,霧島市隼人町松永一丁目３６番地,0995-64-2222,医療法人　浩和会　理事長　上土橋　浩,上土橋　浩,内　神内　リハ,,平22. 4. 1,kyushu/000491324.zip
診療所,46,1911175,浜崎医院,霧島市隼人町東郷９０,0995-42-0349,医療法人　生成会　理事長　濱崎　高裕,濱崎　高裕,療養　整外　外　内　リハ,,平24. 4. 1,kyushu/000491324.zip
診療所,46,1911183,はやと整形外科分院,霧島市国分中央六丁目２２番６５号,0995-73-5454,医療法人　吉野会　理事長　海江田　光裕,吉野　光,整外　リハ,,平24. 5. 1,kyushu/000491324.zip
診療所,46,1911217,八反田内科,霧島市隼人町住吉１３５３番地７,0995-43-0606,八反田　和美,八反田　和美,内　循環器内科,,平25. 10. 25,kyushu/000491324.zip
診療所,46,1911233,隼人の杜クリニック,霧島市隼人町見次５８０－２,0995-42-8800,庄　幸彦,庄　幸彦,内科　肝臓内科　消化器内科,,平26. 3. 1,kyushu/000491324.zip
診療所,46,1911241,みはらクリニック,霧島市国分中央１丁目２５－１５,0995-46-8202,三原　由起夫,三原　由起夫,内　外　消化器内科　胃腸内科　内視鏡内科　肛門外科　腫瘍内科　甲状腺内科　乳腺内科,,平26. 4. 11,kyushu/000491324.zip
診療所,46,1911258,霧島リウマチ膠原病クリニック,霧島市隼人町見次６３７番地１,0995-42-2755,医療法人　健優会　理事長　吉玉　珠美,吉玉　珠美,リウ　内,,平26. 5. 1,kyushu/000491324.zip
診療所,46,1911274,徳永医院,霧島市溝辺町麓６０８番地１３,0995-58-2302,医療法人　白秋会　理事長　徳永　大道,徳永　大道,内　皮　小　呼内　アレ,,平27. 4. 13,kyushu/000491324.zip
診療所,46,1911290,島田泌尿器科医院,霧島市隼人町東郷１丁目２９６番地,0995-42-7733,社会医療法人　白光会　理事長　白石　幸三,島田　剛,ひ,,平27. 4. 1,kyushu/000491324.zip
診療所,46,1911308,霧島整形外科クリニック,霧島市国分野口東８番３１号,0995-73-8840,医療法人　術徳会　理事長　井　幸成,田邊　史,整外　リハ　内,,平27. 10. 1,kyushu/000491324.zip
病院,46,1911316,協愛病院,霧島市国分新町一丁目６番５２－６号,0995-45-6211,医療法人　協愛会　理事長　香月　稔史,香月　稔史,一般　療養　内　リハ　消化器内科　麻,,平27. 10. 1,kyushu/000491324.zip
診療所,46,1911324,はやと形成外科クリニック,霧島市隼人町眞孝字皆渕２５４０－３－１,0995-42-8300,平田　礼二郎,平田　礼二郎,形外,,平27. 11. 1,kyushu/000491324.zip
診療所,46,1911340,国分脳神経外科クリニック,霧島市国分向花１３３番地２,0995-64-0059,医療法人　名正　理事長　笠毛　静也,笠毛　静也,一般　脳外　整外　内　糖尿病内科　リハ　循環器内科,,平28. 2. 1,kyushu/000491324.zip
診療所,46,1911357,はやし内科クリニック,霧島市国分湊３９４番地２,0995-47-7611,林　大輔,林　大輔,内科　糖尿病内科　代謝内科,,平28. 4. 1,kyushu/000491324.zip
診療所,46,1911365,とくしげ耳鼻咽喉科,霧島市国分中央一丁目２６ー１９,0995-46-8133,医療法人　緑栄会　理事長　徳重　栄一郎,徳重　栄一郎,耳い　気食　アレ,,平28. 4. 1,kyushu/000491324.zip
診療所,46,1911373,特別養護老人ホームフラワーホーム診療所,霧島市溝辺町麓六丁目４番地,0995-58-3714,社会福祉法人　山陵会　理事長　德永　正義,德永　正義,内　心内,,平28. 5. 1,kyushu/000491324.zip
病院,46,1911407,国分生協病院,霧島市国分中央三丁目３８番１４号,0995-45-4806,鹿児島医療生活協同組合　理事長　駿河　保彰,小坂元　博揮,一般　療養　内科　糖尿病内科　腎臓内科　外　小　リハ　救急科　呼内　循環器内科　消化器内科　肛門外科　人工透析内科,,平29. 11. 1,kyushu/000491324.zip
病院,46,1911423,霧島整形外科病院,鹿児島県霧島市国分野口東８－３１,0995-73-8842,医療法人　術徳会　理事長　井　幸成,井　幸成,一般　一般　整外　リハ　内　脳外　ペインクリニック内科,57,平31. 2. 1,kyushu/000491324.zip
病院,46,1911449,国分脳神経外科病院,霧島市国分向花１３３番地２,0995-64-0059,医療法人　名正　理事長　笠毛　静也,門田　紘輝,一般　一般　脳外　リハ　整外　内,43,令元. 5. 1,kyushu/000491324.zip
診療所,46,1911480,ひめぎケアクリニック,霧島市国分姫城２９０３番地１,0995-56-8735,医療法人建星会　理事長　木村　文和,木村　文和,内,,令3. 4. 1,kyushu/000491324.zip
診療所,46,1911498,永田医院,霧島市隼人町住吉１８９３番地,0995-42-3402,医療法人　永田医院　理事長　永田　裕一,永田　智之,一般　内　消　リハ,,令3. 4. 1,kyushu/000491324.zip
診療所,46,1911514,霧島眼科,霧島市国分中央一丁目７番５８号,0995-45-6888,医療法人光愛会　理事長　田中　最高,田中　最高,一般　眼,10,令4. 1. 17,kyushu/000491324.zip
診療所,46,1911530,あんず東洋医学クリニック,霧島市国分中央四丁目１７番２５－２号,0995-55-5058,医療法人あんず東洋医学クリニック　理事長　立藏　順子,立藏　順子,内　小,,令4. 10. 1,kyushu/000491324.zip
診療所,46,1911548,きくち内科・糖尿病クリニック,霧島市隼人町内９３２番地１,0995-55-1086,医療法人青翔会　理事長　菊池　晃,菊池　晃,糖尿病内科　内科,,令5. 10. 1,kyushu/000491324.zip
診療所,46,1911555,春田医院,霧島市牧園町宿窪田２０７２番地,0995-76-0053,医療法人　春田医院　理事長　春田　剛,春田　剛,内　外　胃腸内科,,令6. 1. 1,kyushu/000491324.zip
診療所,46,1911563,隼人メディカルクリニック,霧島市隼人町松永１丁目１７番,0995-73-7666,橋口　規子,橋口　規子,内科　甲状腺内科　糖尿病内科　脳内　循環器内科　リハ,,令6. 3. 1,kyushu/000491324.zip
診療所,46,1911571,牧之原診療所,霧島市福山町福沢４６０８－１,0995-56-2151,社会福祉法人明徳会　理事長　束田　悟,竹山　栄作,内,,令7. 7. 1,kyushu/000491324.zip
診療所,46,1911589,かわひら皮ふ科,霧島市隼人町神宮６丁目８－８,0995-55-6200,川平　尚生,川平　尚生,皮,,令8. 5. 7,kyushu/000491324.zip
診療所,46,2110058,竹島へき地　診療所,鹿児島郡三島村大字竹島７,09913-2-2054,三島村長,永里　優宗,内　小　外,,昭45. 6. 15,kyushu/000491324.zip
診療所,46,2110066,中之島へき地　診療所,鹿児島郡十島村中之島１３３,09912-2-2103,十島村長,永井　慎昌,内,,昭47. 4. 1,kyushu/000491324.zip
診療所,46,2110116,悪石島へき地　診療所,鹿児島郡十島村大字悪石島３３番地１,09912-3-2103,十島村長,永井　慎昌,内　外,,昭49. 4. 1,kyushu/000491324.zip
診療所,46,2110223,十島村立　宝島へき地　診療所,鹿児島郡十島村大字宝島１番地,09912-4-2101,十島村長,永井　慎昌,内,,平元. 6. 1,kyushu/000491324.zip
診療所,46,2110249,十島村立　平島へき地　診療所,鹿児島郡十島村大字平島９７番地,09912-2-2010,十島村長,永井　慎昌,内,,平2. 5. 1,kyushu/000491324.zip
診療所,46,2110256,十島村立　口之島へき地　診療所,鹿児島郡十島村字口之島１４６番地,,十島村長,永井　慎昌,内,,平3. 4. 1,kyushu/000491324.zip
診療所,46,2110280,十島村立　小宝島へき地　診療所,鹿児島郡十島村大字小宝島３番地４,09912-4-2006,十島村長,永井　慎昌,内,,平5. 10. 1,kyushu/000491324.zip
診療所,46,2110322,硫黄島へき地診療所,鹿児島郡三島村大字硫黄島９０番地,09913-2-2110,三島村長,永里　優宗,内　小　外,,平12. 2. 1,kyushu/000491324.zip
診療所,46,2110330,三島村立　大里へき地診療所,鹿児島郡三島村黒島６７番地の４,09913-3-2003,三島村長,永里　優宗,内　外　小,,平13. 2. 1,kyushu/000491324.zip
診療所,46,2110371,十島村立諏訪之瀬島へき地診療所,鹿児島郡十島村大字諏訪之瀬島２６５番地,09912-2-2359,十島村長,永井　慎昌,内,,平17. 6. 1,kyushu/000491324.zip
診療所,46,2110397,黒島へき地診療所,鹿児島郡三島村黒島４８２,09913-3-2201,三島村長,永里　優宗,内　外　小,,平28. 5. 1,kyushu/000491324.zip
病院,46,2510737,クオラリハビリテーション病院,薩摩郡さつま町船木２３１１番地６,,医療法人　クオラ　理事長　松下　兼一,松下　兼一,一般　療養　リハ　整外　内　眼　歯　消化器内科　循環器内科　泌尿器科（人工透析）,112,昭53. 6. 15,kyushu/000491324.zip
病院,46,2510893,薩摩郡医師会病院,薩摩郡さつま町轟町５１０番地,,公益社団法人　薩摩郡医師会　会長　堀之内　都基,神野　公宏,一般　内　神内　外　整外　リハ　放　麻　消化器内科　循環器内科　救急科,142,昭61. 4. 1,kyushu/000491324.zip
診療所,46,2511024,医療法人　林田内科,薩摩郡さつま町宮之城屋地１５４８,,医療法人　林田内科　理事長　林田　功,林田　功,内　呼内　放,,平2. 4. 1,kyushu/000491324.zip
診療所,46,2511065,医療法人　和翔会　小緑内科,薩摩郡さつま町轟町３９－１,,医療法人　和翔会　理事長　小緑　和雄,小緑　和雄,一般　療養　内　人工透析内科,,平3. 10. 1,kyushu/000491324.zip
診療所,46,2511248,海江田医院,薩摩郡さつま町宮之城屋地１４６１,0996-53-0006,医療法人　海江田医院　理事長　海江田康光,海江田　康光,一般　整外　リハ　リウ,,平8. 10. 1,kyushu/000491324.zip
病院,46,2511354,稲津内科病院,薩摩郡さつま町宮之城屋地１３７８番地,0996-52-3355,医療法人　トウスイ会　理事長　稲津　一穂,稲津　一穂,療養　内科　心臓内科　糖尿病内科　循環器内科　消化器内科　リハ　皮,,平14. 4. 1,kyushu/000491324.zip
診療所,46,2511370,溝口整形外科,薩摩郡さつま町轟町３４番地２,0996-52-4668,医療法人　成盛会　理事長　溝口　成朋,溝口　成朋,整外　リハ,,平15. 5. 1,kyushu/000491324.zip
診療所,46,2511511,すずき耳鼻咽喉科,薩摩郡さつま町轟町１８－１０,0996-21-3735,医療法人　天眞会　理事長　鈴木　晴博,鈴木　晴博,耳い,,平22. 2. 1,kyushu/000491324.zip
診療所,46,2511529,てらだ内科クリニック,薩摩郡さつま町田原１４７番地３,0996-21-3232,医療法人芳志会　理事長　寺田　芳一,寺田　芳一,内　消,,平22. 4. 1,kyushu/000491324.zip
診療所,46,2511537,鬼丸整形外科,薩摩郡さつま町山崎８９番地２,0996-56-8811,鬼丸　髙茂,鬼丸　高茂,整外,,平22. 8. 1,kyushu/000491324.zip
診療所,46,2511545,さつまクリニック,薩摩郡さつま町求名１２５５２－２,0996-57-0020,医療法人　恒仁会　理事長　草野　潤,草野　潤,内　小　外,,平22. 10. 1,kyushu/000491324.zip
診療所,46,2511602,立志クリニック,薩摩郡さつま町湯田１５０２－１０,0996-55-9119,医療法人　立翔会　理事長　立志　公史郎,木林　美和,内　放　循環器内科,,平30. 10. 1,kyushu/000491324.zip
診療所,46,2511610,ますざき医院,薩摩郡さつま町広瀬６７３番地,0996-52-4510,医療法人　隆英会　理事長　益崎　隆雄,益崎　隆雄,内　外　小　救急科,,平30. 11. 10,kyushu/000491324.zip
診療所,46,2511628,相良医院,薩摩郡さつま町宮之城屋地１５３１番地３,0996-53-0160,医療法人　相良医院　理事長　相良　久治,相良　朋子,小　内,,令2. 4. 1,kyushu/000491324.zip
診療所,46,2511636,あかり眼科クリニック,薩摩郡さつま町虎居７６７番地１,0996-53-0030,医療法人晴光会　理事長　山下　徹浩,山下　徹浩,眼,,令8. 4. 1,kyushu/000491324.zip
診療所,46,2511644,クリニック１みやのじょう,薩摩郡さつま町船木３４番地,0996-53-0180,医療法人　博仁会　理事長　新門　弘人,棈松　宏樹,精　心内　内　神内,,令8. 5. 1,kyushu/000491324.zip
診療所,46,2610149,長島町国民健康保険平尾診療所,出水郡長島町平尾１３４,0996-88-2595,長島町長,三角　芳文,内　外　歯,,昭47. 4. 1,kyushu/000491324.zip
診療所,46,2610230,長島町獅子島へき地診療所,出水郡長島町獅子島６８９－１,,長島町長,浜畑　弘記,外　内,,昭60. 5. 1,kyushu/000491324.zip
診療所,46,2610362,高野医院,出水郡長島町鷹巣３６８１番地２,0996-86-1031,医療法人　幸望会　理事長　高野　徹,高野　徹,一般　療養　内　小,,平9. 12. 1,kyushu/000491324.zip
診療所,46,2610396,長島クリニック,出水郡長島町指江８２番地１３,0996-88-6405,医療法人　黒潮会　理事長　原　善根,原　善根,内　外　神内,,平15. 10. 1,kyushu/000491324.zip
診療所,46,2610404,長島町川床へき地診療所,出水郡長島町川床９４３番地,0996-87-0038,長島町長,牧角　泰治,内,,平16. 7. 1,kyushu/000491324.zip
診療所,46,2610420,長島町国民健康保険鷹巣診療所,出水郡長島町鷹巣１８４１番地６,0996-86-0054,長島町長,辺木　文平,一般　療養　内　外,19,令2. 11. 1,kyushu/000491324.zip
病院,46,2811200,医療法人　永光会　あいらの森ホスピタル,姶良郡湧水町北方１８５４番地,,医療法人　永光会　理事長　永田　智行,永田　智行,精神　療養　精　内　婦　リハ　老年精神科,165,昭59. 10. 1,kyushu/000491324.zip
診療所,46,2811606,林内科医院,姶良郡湧水町中津川４９８,,医療法人　昭芳会　理事長　林　芳郎,林　芳郎,一般　内　小　眼　リハ　放　耳い　皮　整外　消化器内科,,平3. 1. 1,kyushu/000491324.zip
診療所,46,2812471,田代医院,姶良郡湧水町木場１６１,0995-74-2075,田代　達也,田代　達也,内　循,,平13. 3. 1,kyushu/000491324.zip
診療所,46,2812497,くりの後庵クリニック,姶良郡湧水町木場９７３番地１,0995-74-1500,医療法人　新山会　理事長　後庵　究,新内　千鶴子,内　消　循　小　リハ,,平13. 10. 1,kyushu/000491324.zip
診療所,46,2813073,前田医院,姶良郡湧水町恒次１０５９ー２,0995-74-5001,前田　茂,前田　茂,内　循　放,,平24. 8. 1,kyushu/000491324.zip
診療所,46,2813081,ひらしまクリック,姶良郡湧水町米永５８５番地１７,0995-74-2800,医療法人術徳会　理事長　井　幸成,平島　忠久,一般　内　外　消化器内科　整外　リハ,,令7. 11. 1,kyushu/000491324.zip
診療所,46,2911240,はるびゅうクリニック,曽於郡大崎町野方６０４５番地１,099-478-2153,医療法人　玲心会　理事長　春別府　稔仁,春別府　稔仁,一般　療養　内,,平7. 10. 1,kyushu/000491324.zip
診療所,46,2911919,草野クリニック,曽於郡大崎町永吉６７３９－２,099-471-7533,草野　力,草野　力,内　外　胃腸内科　肛門外科,,平30. 8. 1,kyushu/000491324.zip
診療所,46,2911935,れいしんかいクリニック,曽於郡大崎町永吉８２９９－１,099-478-7788,医療法人　玲心会　理事長　春別府　稔仁,薗田　正浩,内,,令8. 5. 1,kyushu/000491324.zip
診療所,46,3010398,南大隅町立辺塚へき地出張診療所,肝属郡南大隅町佐多辺塚１６２－１,09942-6-4012,南大隅町長,福田　弘志,内,,昭42. 4. 15,kyushu/000491324.zip
病院,46,3010521,肝属郡医師会立病院,肝属郡錦江町神川１３５番地３,,公益社団法人　肝属郡医師会　会長　福本　伸久,西田　卓爾,一般　療養　内　外　整外　眼　ひ　循環器内科　消化器内科　糖尿病内科　肝臓内科　血液内科　透析内科　呼内　脳内,114,昭56. 2. 2,kyushu/000491324.zip
病院,46,3010554,肝付町立病院,肝属郡肝付町北方１９５３,,肝付町長,菰方　輝夫,一般　内　放　外　眼　整外,,昭59. 4. 1,kyushu/000491324.zip
病院,46,3010638,春陽会中央病院,肝属郡肝付町新富４８５番地,,医療法人社団春陽会　理事長　上園　春仁,稲留　辰郎,一般　整外　外　内　リハ　皮　循環器内科　消化器内科　麻,100,昭63. 4. 1,kyushu/000491324.zip
診療所,46,3010653,岩重　医院,肝属郡東串良町川東３７２０,,医療法人　岩重　医院　理事長　岩重　元栄,岩重　元栄,内　小　消化器内科,,平元. 4. 1,kyushu/000491324.zip
診療所,46,3010661,南大隅町立大泊へき地出張診療所,肝属郡南大隅町佐多馬籠９３２番地１,0994-27-3030,南大隅町長,牛飼　純平,内,,平元. 4. 1,kyushu/000491324.zip
診療所,46,3010737,大根占医院,肝属郡錦江町馬場４４５－２,0994-22-2658,医療法人　昴会　理事長　山下　健治,山下　健治,一般　内　脳外　リハ,,平元. 10. 1,kyushu/000491324.zip
診療所,46,3010745,津崎　医院,肝属郡南大隅町根占川北１７２５,,医療法人　津崎　医院　理事長　津崎　貴春,津崎　貴春,内　外　麻　胃　整外,,平元. 10. 1,kyushu/000491324.zip
診療所,46,3010877,錦江町池田へき地診療所,肝属郡錦江町城元５５０８番地１,0994-29-0737,錦江町長,西田　卓爾,内　小　外,,平5. 4. 1,kyushu/000491324.zip
診療所,46,3010919,高山胃腸科・外科,肝属郡肝付町前田９２３番地１,,医療法人　南泉会　理事長　南曲　尚,南曲　康多,一般　内　胃　消　外　こう　整外,,平7. 3. 1,kyushu/000491324.zip
診療所,46,3011016,濵畑クリニック,肝属郡錦江町田代川原４０３番地,0994-25-2575,医療法人　誠明会　理事長　濵畑　和人,濵畑　和人,内　整外,,平9. 4. 1,kyushu/000491324.zip
診療所,46,3011057,医療法人　山路　医院,肝属郡東串良町池之原１４１番地,0994-63-2134,医療法人　山路医院　理事長　山路　武久,山路　武久,内,,平9. 10. 1,kyushu/000491324.zip
診療所,46,3011107,新中須医院,肝属郡東串良町池之原９３７ー５,0994-63-2010,医療法人　豊誠会　理事長　新中須　誠,新中須　誠,内　麻,,平10. 10. 1,kyushu/000491324.zip
診療所,46,3011123,南大隅町立郡へき地出張診療所,肝属郡南大隅町佐多郡１９６３番地１,0994-26-1856,南大隅町長,濵田　寛章,内,,平11. 4. 1,kyushu/000491324.zip
診療所,46,3011206,藤崎クリニック,肝属郡錦江町城元字瀬脇９６番６,0994-22-2238,藤崎　紀彦,藤崎　紀彦,内　胃　外　こう,,平14. 2. 1,kyushu/000491324.zip
診療所,46,3011263,岸良診療所,肝属郡肝付町岸良６５２番地２,0994-34-6331,肝付町長,福留　琢哉,内　外,,平16. 7. 1,kyushu/000491324.zip
診療所,46,3011347,山内クリニック,肝属郡肝付町前田４８１６番地２,0994-65-8181,医療法人　啓佑会　理事長　山内　慎介,山内　慎介,内　呼　胃　小　リハ,,平18. 8. 1,kyushu/000491324.zip
診療所,46,3011362,吉川医院,肝属郡肝付町前田８６３番地１,0994-65-2022,医療法人　寛清会　理事長　吉川　信寛,吉川　信寛,一般　内　胃　消　呼,,平19. 11. 1,kyushu/000491324.zip
診療所,46,3011370,吉重クリニック,肝属郡肝付町北方５８１番地１,0994-67-2266,社会福祉法人　内之浦会　理事長　吉重　幸一,吉重　幸一,内　神内　呼内　消化器内科　小,,平20. 8. 1,kyushu/000491324.zip
診療所,46,3011388,医療法人徳洲会　高山クリニック,肝属郡肝付町新富８１８番地１,0994-65-1111,医療法人徳洲会　理事長　東上　震一,疋田　涼一,内　外　リハ,,平20. 12. 1,kyushu/000491324.zip
診療所,46,3011412,ルミコ医療ステーション,肝属郡肝付町新富４６８４番地,0994-65-0921,医療法人　真愛会　理事長　深尾　真理,上園　瑠美子,内　小　眼　循環器内科,,平23. 6. 2,kyushu/000491324.zip
診療所,46,3011438,南大隅町立佐多診療所,肝属郡南大隅町佐多伊座敷３８４６番地,0994-26-2222,南大隅町長,福田　弘志,内　整外,,平28. 1. 4,kyushu/000491324.zip
診療所,46,3011446,錦江町宿利原巡回診療所,肝属郡錦江町神川７２５８番地１,0994-23-0060,錦江町長,竹中　俊宏,内　外,,平31. 4. 1,kyushu/000491324.zip
診療所,46,3110115,屋久島町口永良部島へき地出張診療所,熊毛郡屋久島町口永良部島５３３番地１,09974-9-2119,屋久島町長,木　貴明,内,,昭41. 7. 1,kyushu/000491324.zip
診療所,46,3110214,和田医院,熊毛郡屋久島町宮之浦２１７,,和田　米夫,和田　米夫,内　外　産婦,,昭53. 8. 1,kyushu/000491324.zip
診療所,46,3110313,高岡医院,熊毛郡中種子町野間６３３７－７,0997-27-3100,高岡　俊明,高岡　俊明,内　呼　胃　放,,昭61. 9. 1,kyushu/000491324.zip
診療所,46,3110321,屋久島町永田へき地出張診療所,熊毛郡屋久島町永田１２４７－１,0997-45-2273,屋久島町長,長田　一希,内　皮　眼,,平元. 4. 1,kyushu/000491324.zip
診療所,46,3110388,屋久島町　栗生診療所,熊毛郡屋久島町栗生１７４３,,屋久島町長,木　貴明,内　耳い　皮,,平4. 4. 1,kyushu/000491324.zip
病院,46,3110446,医療法人徳洲会　屋久島徳洲会病院,熊毛郡屋久島町宮之浦２４６７番地,0997-42-2200,医療法人　徳洲会　理事長　東上　震一,山本　晃司,一般　結核　内　小　外　整外　脳外　産婦　眼　耳い　リハ　循　形外　歯外　麻　精　ひ　放,156,平9. 7. 1,kyushu/000491324.zip
診療所,46,3110511,屋久島尾之間診療所,熊毛郡屋久島町尾之間１３６番地６,0997-47-3277,医療法人　観音会　理事長　杉下　智彦,杉下　智彦,内　外,,平12. 4. 1,kyushu/000491324.zip
診療所,46,3110545,社会医療法人　義順顕彰会　田上診療所,熊毛郡中種子町野間５３０６番地１１,0997-27-0325,社会医療法人　義順顕彰会　理事長　田上　寛容,岩元　二郎,内　皮　整外　小　ひ,,平15. 4. 1,kyushu/000491324.zip
病院,46,3110578,公立種子島病院,熊毛郡南種子町中之上１７００番地２２,0997-26-1230,公立種子島病院組合　管理者　小園　裕康,藤田　安彦,一般　一般（感染）　内　外　眼　リハ　耳い　整外　小　麻　精,2,平16. 4. 1,kyushu/000491324.zip
診療所,46,3110594,仲医院,熊毛郡屋久島町安房４１０番地１５８,0997-46-2131,医療法人　悠彩会　理事長　仲　淳一郎,仲　淳一郎,内　消,,平16. 11. 1,kyushu/000491324.zip
診療所,46,3110602,医療法人徳洲会　中種子クリニック,熊毛郡中種子町野間６４８１番地１,0997-27-3222,医療法人徳洲会　理事長　東上　震一,岩部　秀夫,内　外　リハ,,平20. 12. 1,kyushu/000491324.zip
診療所,46,3110628,ともファミリークリニック,熊毛郡南種子町中之上３０３８番地２,0997-24-1129,内村　友則,内村　友則,内科　糖尿病内科　ペインクリニック内科　外　リハ　循環器内科,,平26. 7. 1,kyushu/000491324.zip
診療所,46,3110636,小瀬田みんなの診療所,熊毛郡屋久島町小瀬田８４９－１８,0997-43-5100,肥後　尚樹,肥後　尚樹,脳外　内　外,,平30. 4. 1,kyushu/000491324.zip
診療所,46,3110651,一湊出張診療所,熊毛郡屋久島町一湊３４８番地１,0997-43-5100,肥後　尚樹,肥後　尚樹,内,,令2. 2. 1,kyushu/000491324.zip
診療所,46,3110669,やくしま森の診療所,熊毛郡屋久島町安房２３９５番地１,0997-47-1010,森　千祥,森　千祥,内　脳内　リハ,,令2. 11. 6,kyushu/000491324.zip
診療所,46,3210113,瀬戸内町国民健康保険　池地　診療所,大島郡瀬戸内町大字池地６６１の３,0997-76-1109,瀬戸内町長,藤田　晃大,内　小　外,,昭36. 3. 1,kyushu/000491324.zip
診療所,46,3210154,国民健康保険宇検診療所,大島郡宇検村湯湾３７,,宇検村長,惠　浩一,一般　内　外　歯,,昭37. 6. 1,kyushu/000491324.zip
診療所,46,3210238,国民健康保険　大和　診療所,大島郡大和村大棚字大町４２０,,大和村長,小川　信,一般　内　小　歯　外,,昭39. 4. 1,kyushu/000491324.zip
病院,46,3210279,公益財団法人　慈愛会　徳之島病院,大島郡徳之島町亀津５１９０番地,0997-83-0275,公益財団法人　慈愛会　理事長　今村　英仁,加納　達雄,精神　精,186,昭40. 11. 1,kyushu/000491324.zip
病院,46,3210352,医療法人　碩済会　大島保養院,大島郡瀬戸内町阿木名６５番地,0997-72-0376,医療法人　碩済会　理事長　木本　恵子,難波　理志,精神　精　内,176,昭44. 12. 1,kyushu/000491324.zip
病院,46,3210634,宮上病院,大島郡徳之島町亀津７２６８,,医療法人　南溟会　理事長　宮上　寛之,宮上　寛之,一般　結核　内　呼　消　小　外　ひ　放　小外,,昭55. 11. 1,kyushu/000491324.zip
診療所,46,3210741,喜界町国民健康保険診療所,大島郡喜界町大字赤連３７,,喜界町長,松下　俊文,一般　内,,昭59. 4. 16,kyushu/000491324.zip
診療所,46,3210774,瀬戸内町　与路へき地診療所,大島郡瀬戸内町大字与路字村内原３８４,0997-76-1501,瀬戸内町長,藤田　晃大,内　外,,昭59. 6. 15,kyushu/000491324.zip
診療所,46,3210899,大蔵　医院,大島郡知名町知名１６の２,0997-93-5033,医療法人　英世会　理事長　大藏　聡,大蔵　英世,一般　内　胃　循　小,,平元. 10. 1,kyushu/000491324.zip
診療所,46,3210931,医療法人　金連会　本部医院,大島郡知名町知名５９１番地,,医療法人　金連会　理事長　本部　卓志,本部　卓志,一般　整外　内　リウ　リハ　麻,,平2. 1. 1,kyushu/000491324.zip
診療所,46,3210949,肥後　医院,大島郡龍郷町赤尾木１４８５,,医療法人　栄起会　理事長　肥後　敦子,肥後　敦子,内　循　心内　ペインクリニック,,平2. 4. 1,kyushu/000491324.zip
診療所,46,3210956,肥後　診療所,大島郡龍郷町秋名１８８６,0997-62-4023,医療法人　栄起会　理事長　肥後　敦子,肥後　敦子,内　循　心内　ペインクリニック,,平2. 4. 1,kyushu/000491324.zip
病院,46,3210964,沖永良部徳洲会病院,大島郡知名町瀬利覚２２０８,,医療法人　徳洲会　理事長　東上　震一,藤崎　秀明,一般　療養　内科　腎臓内科　糖尿病内科　外　産婦　小　整外　皮　ひ　眼　耳い　神内　リハ　呼内　放　精　脳外　循環器内科　形外,,平2. 5. 1,kyushu/000491324.zip
診療所,46,3211038,朝戸医院,大島郡和泊町和泊１４番地,,医療法人　朝戸　医院　理事長　朝戸　末男,朝戸　末男,一般　内　消　外　整外　眼,,平3. 10. 1,kyushu/000491324.zip
診療所,46,3211046,竜郷中央クリニック,大島郡龍郷町瀬留９８４番地４,,医療法人　杏竹会　理事長　竹山　淑朗,竹山　淑朗,内　皮　小　リハ,,平3. 10. 1,kyushu/000491324.zip
診療所,46,3211095,福山医院,大島郡和泊町和泊９６－５,,医療法人　慈心会　理事長　上園　敦子,上園　敦子,内　小　リハ,,平6. 8. 1,kyushu/000491324.zip
診療所,46,3211145,大和村今里へき地出張診療所,大島郡大和村今里７９０,0997-58-3004,大和村長,小川　信,内　小　外,,平7. 5. 1,kyushu/000491324.zip
診療所,46,3211368,龍美クリニック,大島郡与論町大字麦屋字風花１３０５ー５,0997-97-5607,医療法人　龍美会　理事長　川畑　力,和田　峰光,一般　内　眼　婦,,平11. 3. 1,kyushu/000491324.zip
病院,46,3211376,医療法人　徳洲会　与論徳洲会病院,大島郡与論町大字茶花４０３ー１,0997-97-2511,医療法人　徳洲会　理事長　東上　震一,高杉　香志也,一般　療養　内科　腎臓内科　小　外　整外　眼　耳い　放　リハ　皮　ひ　婦　精　麻　脳外　循環器内科　リウ　呼内　形外,,平11. 3. 1,kyushu/000491324.zip
病院,46,3211384,瀬戸内徳洲会病院,大島郡瀬戸内町古仁屋字トンキャン原１３５８ー１,0997-73-1111,医療法人　徳洲会　理事長　東上　震一,浦元　智司,一般　内　小　外　整外　眼　耳い　リハ　皮　放　消化器内科　精,,平11. 10. 1,kyushu/000491324.zip
診療所,46,3211558,医療法人徳洲会　伊仙クリニック,大島郡伊仙町伊仙２０９７,0997-86-3030,医療法人徳洲会　理事長　東上　震一,水田　博之,一般　一般　療養　療養　内　小　外　リハ,,平20. 12. 1,kyushu/000491324.zip
診療所,46,3211566,町田医院,大島郡和泊町手々知名６３６－１,0997-92-3737,町田　実豊,町田　実豊,内　消　胃　小,,平22. 4. 26,kyushu/000491324.zip
診療所,46,3211590,瀬戸内町へき地診療所,大島郡瀬戸内町古仁屋瀬久井西１３番地２,0997-72-3211,瀬戸内町長,松田　耕輔,一般　内　外　小,,平24. 5. 1,kyushu/000491324.zip
診療所,46,3211616,くらもと眼科医院,大島郡徳之島町亀津字新里新町７５２７番地,0997-83-0586,医療法人社団　くらもと眼科　理事長　藏本　直史,藏本　直史,眼,,平27. 4. 1,kyushu/000491324.zip
診療所,46,3211632,あまぎユイの里医療センター,大島郡天城町天城４３９番地１,0997-85-3080,天城町長,友野　範雄,内　外　小,,平28. 4. 1,kyushu/000491324.zip
診療所,46,3211640,いなだ整形・内科クリニック,大島郡徳之島町亀津５２２２番地１,0997-83-3800,医療法人　げんきの海　理事長　稲田　望,稲田　望,整外　リハ　内　皮,,平28. 10. 1,kyushu/000491324.zip
診療所,46,3211657,みんなの診療所,大島郡龍郷町中勝字松下４７６－１,0997-62-5010,原　純,原　純,内　小　外　救急科　婦,,令2. 7. 1,kyushu/000491324.zip
診療所,46,3211665,南大島診療所,大島郡瀬戸内町阿木名字重袋１９７５番,0997-72-0107,奄美医療生活協同組合　理事長　福﨑　雅彦,福﨑　雅彦,内　小　放,,令2. 9. 1,kyushu/000491324.zip
診療所,46,3211673,かけろまぐるぐるクリニック,大島郡瀬戸内町大字瀬相１００番地,0997-75-0690,松尾　敏明,松尾　敏明,内,,令3. 6. 1,kyushu/000491324.zip
診療所,46,3211681,医療法人社団悠翔会　パナウル診療所,大島郡与論町大字那間字内間卜２７４７－１,0997-84-3330,医療法人社団悠翔会　理事長　佐々木　淳,小林　真介,内　緩和ケア内科　小　精,,令4. 7. 1,kyushu/000491324.zip
病院,46,3211707,医療法人徳洲会　喜界徳洲会病院,大島郡喜界町赤連１０５番５,0997-65-1100,医療法人徳洲会　理事長　東上　震一,自閑　昌彦,一般　療養　内　外　小　整外　脳外　形外　循環器内科　神内　消化器内科　産婦　皮　ひ　耳い　眼　リハ,,令6. 12. 1,kyushu/000491324.zip
診療所,46,3211715,奄美医療生活協同組合　徳之島診療所,大島郡徳之島町亀津８５３－５,0997-83-2131,奄美医療生活協同組合　理事長　福﨑　雅彦,樋之口　洋一,内科　糖尿病内科　胃腸内科　小,,令7. 6. 1,kyushu/000491324.zip
病院,46,3211731,医療法人徳洲会　徳之島徳洲会病院,大島郡徳之島町亀徳２２７７番１,0997-83-1100,医療法人徳洲会　理事長　東上　震一,新納　直久,一般　療養　結核　内科　肝臓内科　血液内科　腎臓内科　神内　呼外　小児科　小児神経内科　小児循環器内科　外　整外　脳外　皮　ひ　産婦　耳い　リハ　麻　眼　放　形外　リウ　呼内　小児外科　小児泌尿生殖器外科　消化器内科　消化器外科　循環器内科,147,令7. 10. 1,kyushu/000491324.zip
病院,46,4010041,医療法人　和風会　加世田病院,南さつま市加世田唐仁原１１８１番地,,医療法人　和風会　理事長　市坪　美紀,市坪　美紀,一般　精神　脳外　内　外　精　皮　リハ　心内　老年内科　脳内,235,平元. 4. 1,kyushu/000491324.zip
診療所,46,4010066,加藤　小児科内科,南さつま市加世田武田１８２６５番地,,医療法人　加藤医院　理事長　加藤　洋,加藤　洋,小　内,,平2. 10. 1,kyushu/000491324.zip
診療所,46,4010074,唐仁原内科クリニック,南さつま市加世田東本町３２－１６,,医療法人　唐仁原医院　理事長　唐仁原　寛,唐仁原　寛,一般　療養　内　消　循　リハ　放　糖尿病内科,,平5. 4. 6,kyushu/000491324.zip
診療所,46,4010082,友松内科クリニック,南さつま市加世田村原一丁目７番６,,医療法人　起生会　理事長　友松　範博,友松　範博,一般　内　消　循　放,,平5. 4. 1,kyushu/000491324.zip
診療所,46,4010090,松岡　医院,南さつま市加世田唐仁原６０２７,,松岡　秀隆,松岡　秀隆,耳い　気食　内,,平5. 8. 1,kyushu/000491324.zip
病院,46,4010132,有馬病院,南さつま市加世田地頭所５７０番地,0993-52-2367,医療法人　椎原会　理事長　中川原　三和子,松本　正隆,一般　療養　内科　老年内科　疼痛緩和内科　脳内　外　整外　消化器外科　消化器内科　リハ　ペインクリニック内科　婦　麻　小外　救急科,,平6. 10. 1,kyushu/000491324.zip
診療所,46,4010140,徳久整形外科,南さつま市加世田白亀１２８５番地１,0993-53-4311,医療法人　徳和会　理事長　徳久　銀一郎,徳久　銀一郎,一般　整外　リハ　リウ,,平7. 10. 1,kyushu/000491324.zip
診療所,46,4010157,羽牟クリニック,南さつま市加世田本町２１番地４,0993-52-2036,医療法人　博医会　理事長　羽牟　裕一郎,羽牟　裕一郎,内　整外　リハ,,平7. 10. 1,kyushu/000491324.zip
診療所,46,4010165,吉井　クリニック,南さつま市加世田村原二丁目２番７,0993-53-8887,医療法人　吉井クリニック　理事長　吉井　満寛,吉井　満寛,形外　皮,,平8. 11. 1,kyushu/000491324.zip
病院,46,4010173,真愛病院,南さつま市加世田東本町７番３,0993-53-7112,医療法人　真愛みどり会　理事長　尾関　正洋,宮内　裕史,一般　整外　リハ　麻　内,,平9. 4. 1,kyushu/000491324.zip
診療所,46,4010215,眼科　安田クリニック,南さつま市加世田東本町９番地６,0993-53-2002,医療法人　明誠会　理事長　安田　明成,安田　明成,一般　眼,,平13. 4. 1,kyushu/000491324.zip
病院,46,4010223,南さつま中央病院,南さつま市加世田本町３７番地４,0993-52-0202,医療法人　南さつま中央病院　理事長　楠元　慶明,魚住　公治,一般　内科　糖尿病内科　血液内科　腫瘍内科　麻　内科（人工透析）　疼痛緩和内科　リウ　外,,平15. 4. 1,kyushu/000491324.zip
診療所,46,4010231,真愛クリニック,南さつま市加世田東本町７番４,0993-53-7111,医療法人　真愛みどり会　理事長　尾関　正洋,折口　信夫,整外　リハ,,平15. 5. 1,kyushu/000491324.zip
診療所,46,4010256,金子医院,南さつま市加世田唐仁原６０２５番地,0993-52-2730,医療法人　修明会　理事長　金子　和豊,金子　和豊,一般　内　呼　消　循　放,,平17. 4. 1,kyushu/000491324.zip
病院,46,4010272,南さつま市立坊津病院,南さつま市坊津町泊１９,,南さつま市長,亀山　学,一般　内　整外,,昭40. 5. 1,kyushu/000491324.zip
診療所,46,4010306,吉見　医院,南さつま市坊津町久志２４５７番地,,医療法人　陽明会　理事長　吉見　昭光,吉見　昭光,内　小　整外,,平3. 1. 1,kyushu/000491324.zip
診療所,46,4010322,南さつま市秋目診療所,南さつま市坊津町秋目８０５番地,,南さつま市長,加耒　利成,内　小　外,,平6. 4. 1,kyushu/000491324.zip
診療所,46,4010330,笠沙　診療所,南さつま市笠沙町片浦１６９３２番地２,0993-64-2126,南さつま市長,川野　正人,内　外,,平8. 2. 1,kyushu/000491324.zip
病院,46,4010348,医療法人　尚人会　阿多病院,南さつま市金峰町花瀬１９２９,,医療法人　尚人会　理事長　橋口　京子,川嵜　弘詔,精神　精　心内　内　放　消化器内科,204,昭33. 4. 1,kyushu/000491324.zip
診療所,46,4010363,宮内クリニック,南さつま市金峰町池辺２８３４番地,0993-77-0014,医療法人　宮内　クリニック　理事長　宮内　大知,平林　雅子,一般　内　循　ひ　小,,平7. 10. 1,kyushu/000491324.zip
診療所,46,4010389,小山クリニック,南さつま市金峰町尾下３５４番地,0993-77-2225,医療法人　小山クリニック　理事長　小山　一隆,小山　一隆,一般　内　呼　消　小　リハ　放,,平12. 4. 1,kyushu/000491324.zip
診療所,46,4010413,持冨皮ふ科,南さつま市加世田村原１丁目３－１２,0993-52-1288,持冨　勇次,持冨　勇次,皮,,平19. 6. 1,kyushu/000491324.zip
診療所,46,4010439,なかやま脳神経外科,南さつま市加世田東本町１２－４,0993-53-8282,医療法人　裕愛会　理事長　中山　正基,中山　正基,脳外　脳内,,平21. 4. 1,kyushu/000491324.zip
診療所,46,4010447,はしぐちクリニック,南さつま市加世田東本町１４番地１４,0993-58-2222,医療法人　翔南会　理事長　橋口　真也,橋口　真也,内　消　胃　糖尿病内科,,平21. 10. 1,kyushu/000491324.zip
診療所,46,4010454,アルテンハイムリハビリテーションクリニック本町,南さつま市加世田本町３７－３,0993-53-3211,社会福祉法人　野の花会　理事長　吉井　満寛,吉井　聡子,一般　一般　療養　療養　リハ　内　整外,19,平22. 1. 1,kyushu/000491324.zip
診療所,46,4010462,ふくいわ耳鼻咽喉科クリニック,南さつま市加世田本町２２番地５,0993-53-3387,医療法人　エターナル　理事長　福岩　達哉,福岩　達哉,耳い　アレ　小児耳鼻咽喉科　気食　頭頚部外科,,平22. 4. 1,kyushu/000491324.zip
診療所,46,4010470,加世田シティー内匠眼科,南さつま市加世田東本町３１－６,0993-53-2958,医療法人恵観会　理事長　内匠　新吾,内匠　新吾,一般　一般　眼,19,平25. 4. 1,kyushu/000491324.zip
診療所,46,4010488,神前クリニック,南さつま市加世田川畑１２５７５番地１,0993-52-7771,神前　正幸,神前　正幸,一般　胃腸内科　内　消化器内科　肛門外科,,平28. 2. 1,kyushu/000491324.zip
診療所,46,4010496,南さつま市　野間池診療所,南さつま市笠沙町片浦１４８９５番地,0993-64-2124,南さつま市長,矢野　華子,内　外,,平28. 4. 1,kyushu/000491324.zip
診療所,46,4010504,大迫クリニック,南さつま市笠沙町片浦１２８５－１,0993-63-0051,医療法人　孝仁会　理事長　大原　希代美,大原　希代美,内科　腎臓内科　胃腸内科　循環器内科　放　小　リハ,,令元. 11. 1,kyushu/000491324.zip
診療所,46,4110106,医療法人　昭平会　平川やの胃腸内科,志布志市志布志町志布志二丁目９番７号,099-472-0145,医療法人　昭平会　理事長　矢野　貴文,矢野　貴文,胃腸内科　内　消化器内科,,平3. 10. 1,kyushu/000491324.zip
診療所,46,4110155,陽春堂内科診療所,志布志市志布志町志布志２８６ー４,099-472-5511,医療法人　一斉会　理事長　杉原　一明,杉原　一明,内,,平9. 4. 1,kyushu/000491324.zip
病院,46,4110197,病院　芳春苑,志布志市志布志町安楽３００８ー５,099-472-0030,医療法人　左右会　理事長　橋口　渡,橋口　渡,精神　精　内,124,平10. 10. 1,kyushu/000491324.zip
診療所,46,4110205,山下クリニック,志布志市松山町泰野５５２番地,099-487-9001,医療法人　秀聖会　理事長　山下　秀隆,山下　秀隆,内　外　整外　リハ,,平11. 10. 1,kyushu/000491324.zip
診療所,46,4110213,山口内科,志布志市志布志町志布志３２２４番地９,099-473-1188,医療法人　長命会　理事長　山口　美尚,山口　美尚,一般　療養　内　呼　消　循　小,,平11. 10. 1,kyushu/000491324.zip
診療所,46,4110221,藤後クリニック,志布志市志布志町志布志１丁目１３番１号,099-472-1237,医療法人　左右会　理事長　橋口　渡,田之上　供明,一般　一般　内　消化器内科　循環器内科　リハ,19,平11. 12. 1,kyushu/000491324.zip
病院,46,4110239,大山病院,志布志市志布志町夏井１２１２ー１,0994-72-1400,医療法人　豊泉会　理事長　大山　徹也,大山　徹也,一般　療養　内　放　皮　リハ　脳内,,平12. 11. 1,kyushu/000491324.zip
診療所,46,4110254,手塚クリニック,志布志市志布志町志布志５７０番地２,099-472-5565,医療法人　手塚クリニック　理事長　手塚　善久,手塚　善久,内　胃　外　整外　こう,,平14. 10. 1,kyushu/000491324.zip
診療所,46,4110262,みやじクリニック,志布志市有明町野神３６０３番地１号,099-471-5000,医療法人　参昭会　理事長　宮路　紀昭,宮路　紀昭,内　呼　胃　放,,平14. 10. 1,kyushu/000491324.zip
診療所,46,4110296,志布志中央クリニック,志布志市志布志町志布志１２９０番地１,099-472-3100,医療法人　ＳＡＫＵＲＡ　理事長　安田　裕一,安田　裕一,一般　内　胃　小　整外　皮　リハ　麻　心内　循環器内科,,平15. 4. 1,kyushu/000491324.zip
診療所,46,4110320,しぶし眼科,志布志市志布志町安楽４６８番地,099-473-1100,医療法人　しぶし眼科　理事長　松清　貴幸,松清　貴幸,眼,,平18. 4. 1,kyushu/000491324.zip
診療所,46,4110338,松下医院,志布志市志布志町安楽５２番地３,099-472-1124,医療法人　松風会　理事長　松下　兼裕,松下　兼裕,外　内　整外　こう　リハ,,平18. 9. 1,kyushu/000491324.zip
診療所,46,4110353,石神診療所,志布志市有明町伊崎田９１０２,099-474-0107,石神　吉成,石神　吉成,内　心内　精　皮,,平20. 5. 20,kyushu/000491324.zip
診療所,46,4110361,えびはら皮ふ科,志布志市志布志町安楽２１９２番地２,099-478-0370,海老原　睦仁,海老原　睦仁,皮　アレ,,平22. 5. 10,kyushu/000491324.zip
診療所,46,4110387,さくらやまクリニック,志布志市志布志町安楽字髙尾６１７９番地１,099-472-1100,医療法人　仁明会　理事長　時　一毅,時　一毅,泌尿器科（人工透析）　内,,平27. 4. 1,kyushu/000491324.zip
診療所,46,4110395,ひろた小児科,志布志市有明町野井倉８０３６番地１,099-471-6111,医療法人　童唱会　理事長　弘田　理,弘田　理,小,,平30. 4. 1,kyushu/000491324.zip
診療所,46,4110403,はまさき耳鼻咽喉科,志布志市志布志町安楽２０７１－１,099-473-3387,医療法人　誠仁会　理事長　濵﨑　喜與志,濵﨑　喜與志,耳い　気食　アレ,,令元. 7. 27,kyushu/000491324.zip
診療所,46,4110411,びろうの樹クリニック,志布志市有明町野井倉５７７７番地７,099-474-1001,医療法人共生会　理事長　菅田　真生,菅田　耕,脳外　内　循環器内科　外　整外　放　リハ　神内,,令7. 6. 1,kyushu/000491324.zip
病院,46,4110429,びろうの樹,志布志市有明町野井倉５７７７番地７,099-474-1011,医療法人共生会　理事長　菅田　真生,菅田　真生,一般　脳外　内　循環器内科　外　整外　放　リハ　神内,57,令7. 6. 1,kyushu/000491324.zip
診療所,46,4110437,しぶしあおぞら小児科,志布志市志布志町志布志二丁目６番１８号,099-478-7772,一般社団法人あおぞら　代表理事　立元　千帆,櫨木　大祐,小,,令8. 4. 1,kyushu/000491324.zip
病院,46,4210021,公益財団法人　慈愛会　奄美病院,奄美市名瀬浜里町１７０番地,,公益財団法人　慈愛会　理事長　今村　英仁,坂江　清弘,精神　精,315,昭34. 11. 1,kyushu/000491324.zip
診療所,46,4210039,重信　医院,奄美市名瀬佐大熊町１４－１５,,重信　嘉美,重信　嘉美,内　小,,昭45. 8. 15,kyushu/000491324.zip
病院,46,4210070,大島郡医師会病院,奄美市名瀬小宿字苗代田３４１１,,公益社団法人大島郡医師会　会長　稲　源一郎,滿　純孝,一般　療養　内科　糖尿病内科　整外　皮　耳い　リハ　アレ　神内　放　リウ　心内　麻　歯　脳外　消化器内科　循環器内科　ひ　精　眼,104,昭56. 9. 1,kyushu/000491324.zip
診療所,46,4210096,郡山　眼科医院,奄美市名瀬幸町１７－３,,医療法人　郡山眼科医院　理事長　郡山　昌敬,郡山　昌敬,眼,,平元. 10. 1,kyushu/000491324.zip
診療所,46,4210120,稲医院,奄美市名瀬金久町５番４号,,医療法人　圭泉会　理事長　稲　源一郎,稲　源一郎,内　小　リハ　整外　リウ　神内,,平2. 10. 1,kyushu/000491324.zip
診療所,46,4210195,かずや　内科,奄美市名瀬平松町５３２番地,,屋宮　和哉,屋宮　和哉,内　消　循　小　リハ,,平5. 2. 1,kyushu/000491324.zip
診療所,46,4210245,朝沼クリニック,奄美市名瀬石橋町７ー１,0997-55-1555,医療法人　碧山会　理事長　岩﨑　一志,朝沼　榎,一般　外科　肛門外科　整外　麻　内　リハ　胃腸外科　消化器外科　呼外,,平9. 10. 1,kyushu/000491324.zip
病院,46,4210252,医療法人　徳洲会　名瀬徳洲会病院,奄美市名瀬朝日町２８番地１,0997-54-2222,医療法人　徳洲会　理事長　東上　震一,満元　洋二郎,一般　療養　内　小　外　整外　脳外　産婦　リハ　消化器内科　循環器内科　眼　耳い　放　ひ　皮　麻　歯　歯外　神内　形外　精,259,平9. 12. 1,kyushu/000491324.zip
診療所,46,4210278,むかいクリニック,奄美市名瀬小浜町２４番１０号,0997-55-1777,医療法人　奎英会　理事長　向井　奉文,向井　奉文,一般　内　心内　呼内　アレ　小　リハ　麻　消化器内科　循環器内科　精,,平10. 10. 1,kyushu/000491324.zip
診療所,46,4210328,益田泌尿器科医院,奄美市名瀬鳩浜町８番地,0997-56-8111,医療法人　隆友会　理事長　益田　正隆,益田　正隆,ひ　皮　リハ　内　小,,平14. 4. 1,kyushu/000491324.zip
診療所,46,4210336,いい・かねゆきクリニック,奄美市名瀬長浜町４番１１号,0997-55-0303,医療法人　祥陽会　理事長　伊井　強,伊井　強,内　消　呼　アレ,,平14. 4. 1,kyushu/000491324.zip
診療所,46,4210369,ささはらメンタルクリニック,奄美市名瀬伊津部町１６番７号,0997-52-1009,医療法人　啓心会　理事長　笹原　徹郎,笹原　徹郎,心内　精　神,,平16. 8. 1,kyushu/000491324.zip
診療所,46,4210401,奄美市笠利国民健康保険診療所,奄美市笠利町中金久４５番地,0997-63-0011,奄美市長,橋口　真征,一般　療養　内　外　整外　ひ　歯,,平10. 3. 1,kyushu/000491324.zip
診療所,46,4210443,つばたクリニック,奄美市名瀬久里町９番２号,0997-57-7771,津畑　修,津畑　修,整外　リハ　リウ,,平18. 11. 13,kyushu/000491324.zip
診療所,46,4210468,メンタルクリニック　Ｍａｔｅｒｉａ,奄美市名瀬末広町１８－２５グランセ末広ビル１Ｆ,0997-55-0055,原口　泰法,原口　泰法,精　心内,,平19. 5. 9,kyushu/000491324.zip
診療所,46,4210500,よしかわクリニック,奄美市名瀬和光町１番地２,0997-52-5300,医療法人　潤博会　理事長　嘉川　潤一,嘉川　潤一,内　消化器内科,,平20. 10. 1,kyushu/000491324.zip
病院,46,4210542,医療法人徳洲会　笠利病院,奄美市笠利町中金久１２０番地,0997-55-2222,医療法人徳洲会　理事長　東上　震一,岡　進,療養　療養　内　外　整外　皮　リハ　歯　歯外　耳い　消化器内科　人工透析内科,89,平20. 12. 1,kyushu/000491324.zip
診療所,46,4210591,岩城眼科,奄美市名瀬末広町１－６－２Ｆ,0997-69-3170,岩城　陽一,岩城　陽一,眼,,平22. 7. 1,kyushu/000491324.zip
診療所,46,4210633,ファミリークリニック　ネリヤ,奄美市名瀬和光町３１番地１４,0997-57-7177,医療法人　ネリヤ　理事長　徳田　英弘,徳田　英弘,内　脳内　小,,平23. 4. 1,kyushu/000491324.zip
病院,46,4210658,奄美中央病院,奄美市名瀬長浜町１６番５号,0997-52-6565,奄美医療生活協同組合　理事長　福﨑　雅彦,平元　良英,一般　内　小　放　リハ　呼内　消化器内科　循環器内科,103,平23. 8. 1,kyushu/000491324.zip
診療所,46,4210690,奄美市住用国民健康保険診療所,奄美市住用町大字西仲間１１１番地,,奄美市長,及川　賢輔,内科　肛門内科　小　外科　肛門外科　整外　放　消化器内科　歯,,平26. 3. 17,kyushu/000491324.zip
診療所,46,4210708,奄美眼科,奄美市名瀬長浜町８番３号,0997-69-4146,医療法人　奄真会　理事長　木村　章,木村　章,眼,,平28. 4. 1,kyushu/000491324.zip
診療所,46,4210716,せきクリニック,奄美市名瀬朝日町１０－３,0997-55-0070,医療法人　伸々会　理事長　碩　伸一朗,碩　伸一朗,内　皮　精,,平28. 5. 1,kyushu/000491324.zip
診療所,46,4210732,つばたファミリークリニック,奄美市名瀬末広町６－１４－２階,0997-69-3836,津畑　学,津畑　学,内,,令3. 4. 1,kyushu/000491324.zip
診療所,46,4210740,きよし小児科,奄美市名瀬仲勝町６－２,0997-58-8202,医療法人こどもの基地　理事長　清　保博,清　保博,小　皮,,令4. 4. 1,kyushu/000491324.zip
診療所,46,4210757,ＳＲＴ　心　クリニック,奄美市名瀬浜里町１２６,0997-69-4014,砂川　亘,砂川　亘,心内　精,,令4. 9. 9,kyushu/000491324.zip
診療所,46,4210807,つちもち整形外科クリニック,奄美市名瀬柳町４番４３号２Ｆ,0997-58-5355,土持　亨,土持　亨,整外　リウ　リハ,,令8. 5. 1,kyushu/000491324.zip
診療所,46,4210815,陽向クリニック,奄美市名瀬末広町２－２７　２Ｆ,0997-69-4622,野崎　義弘,野崎　義弘,内科　睡眠障害内科　外　小,,令8. 4. 1,kyushu/000491324.zip
病院,46,4310045,中村温泉病院,南九州市頴娃町別府１番地,,医療法人　至誠会　理事長　中村　嘉彦,中村　嘉彦,療養　内　神内　小　外　整外　リハ　放　耳い　消,116,平2. 6. 1,kyushu/000491324.zip
診療所,46,4310052,青木医院,南九州市頴娃町別府３１７,0993-38-0009,医療法人　青木医院　理事長　青木　伸一,青木　伸一,一般　内,,平8. 10. 1,kyushu/000491324.zip
診療所,46,4310060,川平内科,南九州市頴娃町別府７０５９,0993-38-0109,医療法人　純正会　理事長　川平　正純,川平　正純,一般　内　循,,平10. 10. 1,kyushu/000491324.zip
病院,46,4310102,南九州さくら病院,南九州市知覧町永里２０８２番地,,医療法人　尚和会　理事長　岡村　久隆,岡村　久隆,精神　精　内　心内　老年精神科,136,昭55. 2. 1,kyushu/000491324.zip
診療所,46,4310128,まつやまクリニック,南九州市知覧町郡１７５３３,,医療法人　新成会　理事長　松山金良,松山　金良,胃　内　消　外　こう　リハ　放,,平元. 10. 1,kyushu/000491324.zip
診療所,46,4310136,ちらんクリニック,南九州市知覧町塩屋１６０２３番１,,医療法人　芳和会　理事長　野井倉　洋豪,野井倉　洋豪,内　整外,,平6. 4. 1,kyushu/000491324.zip
診療所,46,4310169,小田代記念クリニック,南九州市知覧町郡５２３６ー２,0993-83-2677,医療法人　恵徳会　理事長　小田代　卓也,小田代　卓也,内　外　整外　眼　ひ　リハ　消化器内科　循環器内科,,平12. 4. 3,kyushu/000491324.zip
診療所,46,4310177,きわきクリニック,南九州市知覧町郡５３９９－３,0993-58-7300,木脇　隆史郎,木脇　隆史郎,神内　内　リハ,,平18. 5. 11,kyushu/000491324.zip
病院,46,4310219,こだま病院,南九州市川辺町田部田３５２５,,医療法人　蒼風会　理事長　児玉　圭,児玉　圭,精神　内　精　心内,140,昭58. 6. 1,kyushu/000491324.zip
診療所,46,4310227,かわなべ共立内科,南九州市川辺町田部田３９７１,,医療法人　雅集会　理事長　児玉　雅彦,児玉　雅彦,内,,平3. 10. 1,kyushu/000491324.zip
診療所,46,4310235,内匠　眼科,南九州市川辺町平山３４４０番地,,医療法人　内匠　眼科　理事長　内匠　秀尚,内匠　勝秀,眼,,平5. 10. 1,kyushu/000491324.zip
診療所,46,4310250,鯵坂　耳鼻咽喉科,南九州市川辺町両添１３１２,0993-56-6222,鯵坂　孝二,鯵坂　孝二,耳い,,平7. 4. 14,kyushu/000491324.zip
診療所,46,4310276,かりや内科クリニック,南九州市川辺町平山６８０６番地,0993-56-6133,仮屋　雅仁,仮屋　雅仁,内　呼　胃　循　リハ,,平10. 2. 14,kyushu/000491324.zip
病院,46,4310292,菊野病院,南九州市川辺町平山３８１５番地,0993-56-1135,医療法人　菊野会　理事長　菊野　竜一郎,菊野　竜一郎,一般　療養　整外　外　内科　ペインクリニック内科　脳内　リハ　リウ　麻　循環器内科　消化器内科　呼内　糖尿病内科,,平12. 4. 1,kyushu/000491324.zip
病院,46,4310300,南薩ケアほすぴたる,南九州市川辺町平山５８６０番地,0993-56-1155,医療法人　聖仁会　理事長　牧　倫之介,田中　雄二,一般　療養　内科　糖尿病内科　腎臓内科　リハ　消化器内科　人工透析内科　循環器内科　呼内　小,,平16. 2. 1,kyushu/000491324.zip
診療所,46,4310318,上原整形外科クリニック,南九州市川辺町永田１５９３番地,0993-58-3077,医療法人　裕祥会　理事長　上原　裕史,上原　裕史,整外　リウ　リハ,,平17. 4. 1,kyushu/000491324.zip
診療所,46,4310359,橋口皮膚科,南九州市川辺町今田２８４番地,0993-56-0707,医療法人　橋口皮膚科　理事長　橋口　貴樹,橋口　貴樹,皮,,平21. 4. 1,kyushu/000491324.zip
診療所,46,4310409,笹川医院,南九州市頴娃町別府１１７００－２,0993-27-4122,医療法人七福会　理事長　笹川　一平,笹川　一平,一般　一般　内　小　外　リハ,19,平25. 4. 1,kyushu/000491324.zip
診療所,46,4310417,松岡救急クリニック,南九州市川辺町永田４１６４番地８,0993-78-3789,医療法人　ＥＭＳ　理事長　松岡　良典,松岡　良典,一般　一般　救急科　整外　脳外　リハ　小　麻　内　循環器内科,4,平26. 4. 1,kyushu/000491324.zip
診療所,46,4310425,南九州サザン・クリニック,南九州市知覧町郡１７８１２－１,0993-83-1312,社会医療法人　聖医会　理事長　牧角　寛郎,佐多　直幸,内科　糖尿病内科　放　リハ　循環器内科　消化器内科　消化器外科　外,,平28. 5. 1,kyushu/000491324.zip
診療所,46,4310458,ひらやまのクリニック,南九州市川辺町平山３０７４－３,050-8893-5356,森田　洋之,森田　洋之,内　小,,令5. 5. 1,kyushu/000491324.zip
診療所,46,4310466,川辺生協クリニック,南九州市川辺町両添大正田１１１８番地,0993-56-6111,鹿児島医療生活協同組合　理事長　駿河　保彰,大野　朗,内　小　循　消　呼,,令6. 4. 1,kyushu/000491324.zip
診療所,46,4310474,ＴＥＡＬＡＮすこやかクリニック,南九州市知覧町郡１３７４６番地４,0993-85-3967,医療法人　泰宏会　理事長　松邨　宏之,松邨　由紀,内　脳外,,令7. 4. 1,kyushu/000491324.zip
病院,46,4410019,医療法人　慈和会　大口病院,伊佐市大口大田６８,0995-22-0336,医療法人　慈和会　理事長　永田　雅子,馬場　冠治,精神　精　内　心内,103,昭32. 10. 1,kyushu/000491324.zip
病院,46,4410043,寺田病院,伊佐市大口上町３１番地４,,医療法人　栄和会　寺田病院　理事長　寺田　歩,野間　秀歳,一般　外　呼　胃　内　整外　こう　リハ　耳い,,昭60. 10. 1,kyushu/000491324.zip
病院,46,4410050,整形外科　松元病院,伊佐市大口里４９１－２,0995-22-1101,医療法人　恵明会　理事長　松元　博美,松元　博美,一般　療養　整外　リハ　リウ　麻　皮　小,,昭61. 10. 1,kyushu/000491324.zip
病院,46,4410068,大口温泉リハビリテーション病院,伊佐市大口青木３０２２－３４,,医療法人社団隼仁会　理事長　松本　滋,松本　滋,療養　内　神内　リハ　歯　循環器内科　消化器内科　放射線診断科,,平元. 4. 1,kyushu/000491324.zip
診療所,46,4410076,寺師医院,伊佐市大口上町１２番地６,0995-22-2634,医療法人　鳥神会　理事長　田代　貴光,田代　貴光,一般　療養　内　胃　放,,平元. 10. 1,kyushu/000491324.zip
診療所,46,4410092,貴嶋　眼科,伊佐市大口上町３番地３,0995-22-0169,医療法人　光仁会　理事長　貴嶋　孝至,貴嶋　孝至,一般　眼,,平2. 12. 1,kyushu/000491324.zip
診療所,46,4410100,むらたクリニック,伊佐市大口大田１７６４番地１,,医療法人　北友会　理事長　村田　和武,村田　和武,一般　療養　内　外,,平3. 10. 1,kyushu/000491324.zip
診療所,46,4410118,有村クリニック,伊佐市大口里１８８９番地２,,有村　謙七,有村　謙七,内　胃　消　循　小,,平4. 10. 1,kyushu/000491324.zip
診療所,46,4410134,大保　川添　クリニック,伊佐市大口里３５４番地１,0995-22-6000,医療法人　明和会　理事長　川添　康郎,川添　康郎,一般　療養　内　循　小　皮,,平5. 10. 1,kyushu/000491324.zip
診療所,46,4410183,日高内科,伊佐市大口上町１７番地４,0995-22-1335,医療法人　照仁会　理事長　日高　仁,日高　仁,一般　内　循　小　放,,平10. 4. 1,kyushu/000491324.zip
診療所,46,4410191,なかむら産婦人科,伊佐市大口上町４６番地１２,0995-24-2238,医療法人　行正会　理事長　中村　行彦,中村　行彦,一般　産　婦　小,,平13. 4. 1,kyushu/000491324.zip
診療所,46,4410209,松元クリニック,伊佐市大口里４９４番地２,0995-22-1107,医療法人　恵明会　理事長　松元　博美,岩崎　正史,整外　リハ　リウ,,平15. 4. 1,kyushu/000491324.zip
病院,46,4410217,水間病院,伊佐市菱刈前目２１２５番地,,医療法人　柏葉会　理事長　水間　良裕,水間　良裕,療養　内科　腎臓内科　皮　ひ　リハ　婦　消化器内科（人工透析）,,昭62. 10. 1,kyushu/000491324.zip
診療所,46,4410225,菱刈中央医院,伊佐市菱刈前目７９０－１,0995-26-0140,医療法人　心晴　理事長　中村　匡彦,中村　匡彦,一般　整外　外　内　小　皮　リハ　消化器内科,,平元. 10. 1,kyushu/000491324.zip
診療所,46,4410241,坂元内科,伊佐市菱刈重留１３５３番地,,医療法人　坂元　内科　理事長　横山　孝一,横山　孝一,一般　内　小　放　リハ　皮　消化器内科　循環器内科,,平6. 4. 1,kyushu/000491324.zip
診療所,46,4410258,つよしクリニック,伊佐市菱刈重留１１４７－１,0995-26-0080,坂元　剛志,坂元　剛志,内科　消化器内科,,平19. 8. 1,kyushu/000491324.zip
診療所,46,4410266,古川医院,伊佐市大口曽木１２６３番地,0995-25-1151,古川　博史,古川　博史,内　小,,平26. 8. 9,kyushu/000491324.zip
診療所,46,4410282,さわたりクリニック,伊佐市大口里字朝日町３０４０番地１,0995-22-3322,医療法人　昭英会　理事長　佐渡　英三,佐渡　英三,ひ　内科　腎臓内科,,平30. 4. 1,kyushu/000491324.zip
病院,46,4510016,医療法人　碩済会　加治木記念病院,姶良市加治木町木田１２２７,,医療法人　碩済会　理事長　木本　恵子,上津原　甲一,精神　精　神　内,193,昭41. 4. 1,kyushu/000491324.zip
病院,46,4510024,大井病院,姶良市加治木町本町１４１,,医療法人　七徳会　理事長　大井　知泉,中薗　紀幸,一般　整外　循環器内科　呼内　心内　ひ　リウ　外　消化器外科　内科　糖尿病内科　内分泌内科　睡眠障害内科　脳外　肛門外科　リハ　放　麻　救命,119,昭44. 4. 1,kyushu/000491324.zip
病院,46,4510032,加治木温泉病院,姶良市加治木町木田４７１４,,医療法人　玉昌会　理事長　髙田　昌実,夏越　祥次,一般　療養　内科　肝臓内科　糖尿病内科　外科　耳鼻咽喉科・頭頸部外科　ひ　リハビリテーション科　小児リハビリテーション科　皮　歯　整外　腎臓内科（人工透析）　脳外　心内　脳内　消化器内科　消化器外科　循環器内科,133,昭53. 6. 15,kyushu/000491324.zip
診療所,46,4510065,鬼丸小児科すこやかクリニック,姶良市加治木町新生町１２７,,医療法人　鬼丸　小児科　理事長　鬼丸　髙恒,鬼丸　髙恒,小,,平元. 10. 1,kyushu/000491324.zip
診療所,46,4510073,川畑　内科医院,姶良市加治木町錦江町２３４,,医療法人　川畑　内科医院　理事長　川畑　拓也,川畑　拓也,内　消化器内科　循環器内科,,平2. 1. 1,kyushu/000491324.zip
病院,46,4510081,ザ王病院,姶良市加治木町反土２１５１ー１,,医療法人　七徳会　理事長　大井　知泉,矢野　謙二,療養　内　整外　リウ　リハ　皮　ひ　外,,平3. 10. 1,kyushu/000491324.zip
診療所,46,4510107,松下亮治　内科,姶良市加治木町新生町１３０番地１,0995-62-0084,医療法人　新星会　理事長　松下　亮治,松下　亮治,内科　糖尿病内科　内分泌内科　呼内　胃腸内科　循環器内科　放,,平9. 4. 1,kyushu/000491324.zip
診療所,46,4510164,さんのう内科,姶良市加治木町諏訪町１８８番,0995-63-3000,医療法人　王寿会　理事長　山王　和寿,山王　和寿,一般　内　消　循,,平16. 11. 1,kyushu/000491324.zip
診療所,46,4510198,西眼科医院,姶良市加治木町本町２２３番地２,0995-62-2526,医療法人　西眼科医院　理事長　西　龍樹,西　龍樹,眼,,平19. 2. 1,kyushu/000491324.zip
診療所,46,4510206,四本信一皮膚科,姶良市加治木町新生町１３２番２,0995-63-9912,医療法人　四本信一皮膚科　理事長　四本　信一,四本　信一,皮,,平19. 4. 1,kyushu/000491324.zip
診療所,46,4510222,西園耳鼻咽喉科クリニック,姶良市加治木町本町２４９－１,0995-62-8787,医療法人　春桜会　理事長　西園　浩文,西園　浩文,耳い　気食　アレ,,平19. 4. 1,kyushu/000491324.zip
診療所,46,4510289,久永医院,姶良市下名１１１７,,医療法人　緑友会　理事長　久永　富士朗,久永　富士朗,一般　内,,平元. 10. 1,kyushu/000491324.zip
病院,46,4510339,希望ケ丘病院,姶良市平松５０６９番地,,医療法人　大進会　理事長　大久保　明子,前田　雅人,療養　内　心内　眼　リハ　小　精　消化器内科　循環器内科　小児リハビリテーション科,,平6. 2. 1,kyushu/000491324.zip
診療所,46,4510362,にしもちだ内科クリニック,姶良市西餅田１３４７番地,,医療法人　にしもちだ内科クリニック　理事長　花園　幸一,花園　幸一,内　消化器内科,,平7. 4. 1,kyushu/000491324.zip
診療所,46,4510370,尾田内科胃腸科,姶良市平松４７３０番地,0995-65-7511,医療法人　尾田　内科胃腸科　理事長　尾田　悠,尾田　悠,一般　療養　内　呼　消　循　胃,,平7. 10. 1,kyushu/000491324.zip
診療所,46,4510420,山下わたる内科,姶良市東餅田４２４番地１,0995-67-0101,医療法人　拓和会　理事長　山下　亙,山下　亙,一般　内,,平10. 10. 1,kyushu/000491324.zip
診療所,46,4510438,川原泌尿器科クリニック,姶良市西餅田７３番地３,0995-64-5181,医療法人　真和会　理事長　川原　一朗,川原　一朗,一般　ひ　性,,平11. 4. 1,kyushu/000491324.zip
診療所,46,4510446,たけうちクリニック,姶良市西餅田１４０番地,0995-64-5550,医療法人　健育会　理事長　竹内　教能,竹内　教能,一般　療養　内　胃　外,,平11. 4. 1,kyushu/000491324.zip
診療所,46,4510461,ひふ科形成外科　西クリニック,姶良市西餅田１１７番地１,0995-67-2412,医療法人　正匠会　理事長　西　正行,西　正行,皮　形外　アレ,,平14. 4. 1,kyushu/000491324.zip
診療所,46,4510479,竹内レディースクリニック,姶良市東餅田５０２番２,0995-65-2296,医療法人　仁知会　理事長　竹内　一浩,竹内　一浩,一般　産　婦,,平14. 7. 22,kyushu/000491324.zip
診療所,46,4510495,姶良市立　北山診療所,姶良市北山８４２番地,0995-68-0282,姶良市長,愛甲　孝,内　消化器内科　循環器内科　整外,,平15. 4. 1,kyushu/000491324.zip
診療所,46,4510503,錦江クリニック,姶良市脇元９６１－２,0995-67-7755,熊之細　透,熊之細　透,一般　内　消　循　外　リハ,,平15. 12. 1,kyushu/000491324.zip
診療所,46,4510529,やなせ整形外科,姶良市平松２９５５番地３,0995-67-7100,医療法人　やなせ整形外科　理事長　簗瀬　光宏,簗瀬　光宏,一般　整外　リウ　リハ,,平17. 4. 1,kyushu/000491324.zip
診療所,46,4510545,荒武整形外科クリニック,姶良市西餅田９６番地２,0995-64-5111,医療法人　郁青会　理事長　荒武　郁朗,荒武　郁朗,整外　リハ　リウ,,平17. 10. 1,kyushu/000491324.zip
診療所,46,4510560,たかひろ眼科,姶良市東餅田字中ノ丸４３３番１３号,0995-55-6000,福島　孝弘,福島　孝弘,眼,,平18. 12. 1,kyushu/000491324.zip
診療所,46,4510578,河俣内科,姶良市東餅田３１２番地２,0995-67-8005,河俣　仲秋,河俣　仲秋,内　呼　循　アレ　リウ,,平19. 1. 9,kyushu/000491324.zip
診療所,46,4510602,こまき内科循環器科クリニック,姶良市宮島町５５－１０,0995-67-8899,医療法人　こころの陽　理事長　小牧　伸一郎,小牧　伸一郎,内　呼内　リハ　循環器内科　消化器内科　糖尿病内科,,平19. 11. 26,kyushu/000491324.zip
病院,46,4510628,青雲会病院,姶良市西餅田３０１１番地,0995-66-3080,社会医療法人　青雲会　理事長　川井田　浩,松原　照征,一般　外科　外科（ガン）　乳腺外科　内視鏡外科　呼内　内科　内視鏡内科　整外　脳外　泌尿器科　泌尿器科（人工透析）　眼　リハ　歯外　形外　皮　循環器内科　消化器内科　消化器外科　胃腸内科　肛門外科　放射線診断科　糖尿病内科　腫瘍外科　腹部外科　胆のう外科　胃外科　大腸外科,136,平20. 7. 20,kyushu/000491324.zip
診療所,46,4510677,ながた脳神経外科,姶良市東餅田４３３番地１４,0995-67-7500,医療法人　慈敬会　理事長　永田　俊一,永田　俊一,脳外　神内,,平21. 10. 1,kyushu/000491324.zip
診療所,46,4510685,原田　内科,姶良市蒲生町上久徳２５６６番地,0995-52-0023,原田　正氣,原田　正氣,一般　内　循,,昭63. 1. 1,kyushu/000491324.zip
診療所,46,4510693,吉留クリニック,姶良市蒲生町上久徳２５６１番地,,医療法人　一桜会　理事長　吉留　大喜,吉留　大喜,一般　内　整外　リハ　循環器内科,,平6. 5. 1,kyushu/000491324.zip
診療所,46,4510701,伊地知　医院,姶良市蒲生町上久徳２３９８,0995-52-0027,新冨　芳治,新冨　芳治,一般　内　消　小　外　放,,平9. 1. 1,kyushu/000491324.zip
診療所,46,4510735,よしだ内科クリニック,姶良市西餅田３５５９番地６,0995-65-1333,医療法人　豊愛会　理事長　吉田　守,吉田　守,内　消　循,,平22. 5. 1,kyushu/000491324.zip
診療所,46,4510776,でぐち耳鼻咽喉科,姶良市平松２８７８番地１５,0995-67-3342,医療法人　エバーグリーン　理事長　出口　浩二,出口　浩二,耳い　アレ,,平24. 4. 1,kyushu/000491324.zip
診療所,46,4510784,田中眼科,姶良市宮島町２０番地４,0995-65-3986,医療法人　六幸会　理事長　田中　智明,田中　智明,眼,,平25. 10. 1,kyushu/000491324.zip
診療所,46,4510792,いわつぼ耳鼻咽喉科・めまいクリニック,姶良市西餠田１１８－２,0995-66-3387,医療法人　尚來会　理事長　岩坪　哲治,岩坪　哲治,耳い,,平25. 10. 1,kyushu/000491324.zip
診療所,46,4510800,なかむら小児科,姶良市加治木町仮屋町４番地２,0995-64-3711,医療法人　元気会　理事長　中村　茂行,中村　茂行,小,,平25. 10. 1,kyushu/000491324.zip
診療所,46,4510818,浜崎クリニック,姶良市加治木町反土２６２８番地,0995-62-8588,医療法人　雪光会　理事長　濱崎　泰弘,濱崎　泰弘,内　外　消　歯　歯外,,平25. 11. 1,kyushu/000491324.zip
診療所,46,4510826,姶良みやもと眼科,姶良市加治木町朝日町１１１番地,0995-62-1010,医療法人　愛里会　理事長　宮本　純孝,宮本　純孝,眼,,平26. 4. 1,kyushu/000491324.zip
診療所,46,4510842,帖佐こどもクリニック,姶良市松原町２丁目２０－５,0995-66-1800,永迫　博信,永迫　博信,小　アレ　腎臓内科,,平26. 10. 14,kyushu/000491324.zip
病院,46,4510859,クオラリハビリテーション病院あいら,姶良市西餠田２３００番地１,0995-65-7575,医療法人クオラ　理事長　松下　兼一,南　周作,一般　療養　整外　リハ　内　糖尿病内分泌内科　麻　リウ　循環器内科,,平26. 11. 1,kyushu/000491324.zip
診療所,46,4510875,中馬クリニック,姶良市平松５８０１番地,0995-67-8000,医療法人　中馬クリニック　理事長　中馬　好子,中馬　好子,内　消化器内科,,平26. 12. 1,kyushu/000491324.zip
診療所,46,4510883,やまのクリニック,姶良市加治木町新富町１０３番１,0995-63-0033,医療法人　サンフィールズ　理事長　山野　ちなみ,山野　ちなみ,内　リウ　神内　消化器内科,,平27. 10. 1,kyushu/000491324.zip
診療所,46,4510925,立花こどもクリニック,姶良市松原町二丁目２７番地１２,0995-73-3888,医療法人　立名会　理事長　立花　師子,立花　師子,小　アレ,,平28. 10. 1,kyushu/000491324.zip
診療所,46,4510933,帖佐いなだクリニック,姶良市東餠田３３６イオンタウン姶良１階,0995-55-8870,稲田　将孝,稲田　将孝,眼　内,,平29. 5. 1,kyushu/000491324.zip
診療所,46,4510941,あいら糖尿病・甲状腺・内科クリニック,姶良市東餅田１７９５番地１,0995-73-8801,医療法人　友光会　理事長　江口　透,江口　透,糖尿病内科　内科　内分泌内科,,平29. 12. 15,kyushu/000491324.zip
診療所,46,4510958,徳重クリニック,姶良市加治木町新富町１１０番地,0995-62-2672,徳重　健一,徳重　健一,内　消化器内科,,平30. 1. 1,kyushu/000491324.zip
診療所,46,4510966,クリニック１にしあいら,姶良市西姶良一丁目２０番２号,0995-66-1001,医療法人　博仁会　理事長　新門　弘人,仁王　辰幸,消化器内科　心内　精　胃腸内科　内,,平30. 5. 22,kyushu/000491324.zip
診療所,46,4510974,せいあいクリニック,姶良市西姶良４丁目４番９号,0995-55-8995,伊瀨知　毅,伊瀨知　毅,内　消化器内科　胃腸内科,,平30. 7. 10,kyushu/000491324.zip
診療所,46,4510990,内倉医院,姶良市東餠田２３６２,0995-65-2548,内倉　敬一郎,内倉　敬一郎,一般　一般　内　外　消化器内科　整外,19,平31. 4. 1,kyushu/000491324.zip
病院,46,4511014,加治木整形外科病院,姶良市加治木町港町１３１番地３０,0995-62-3711,医療法人　恵陽会　理事長　武田　恵子,森　輝男,一般　整外　リハ　リウ　内　麻　循環器内科,,令元. 8. 4,kyushu/000491324.zip
診療所,46,4511022,加治木メンタルクリニック,姶良市加治木町反土１４０１－１,0995-70-6477,宮原　大作,宮原　大作,心内　精,,令2. 4. 2,kyushu/000491324.zip
診療所,46,4511030,こどもとアレルギーのクリニックけいあいら,姶良市西餅田３２９４－１,0995-55-1888,医療法人ＬＩＥＢＥ　理事長　益田　大幸,川畑　俊聡,小　アレ,,令2. 10. 1,kyushu/000491324.zip
診療所,46,4511048,あいら中川整形外科,姶良市西餠田８５－１,0995-66-0090,医療法人創世会　理事長　中川　悟,中川　剛,整外　内　リウ　リハ,,令3. 5. 6,kyushu/000491324.zip
診療所,46,4511055,姶良しんさとクリニック,姶良市池島町３０番２８,0995-55-8888,新里　能成,新里　能成,脳外　内　循環器内科,,令4. 3. 1,kyushu/000491324.zip
診療所,46,4511063,加治木中央クリニック,姶良市加治木町木田４１０番１,0995-63-8800,社会医療法人白光会　理事長　白石　幸三,水田　敏久,内　人工透析内科,,令4. 4. 1,kyushu/000491324.zip
診療所,46,4511071,ほほ笑み在宅医療クリニック,姶良市西餅田１３５５－６,0995-55-8880,宇都宮　隆法,宇都宮　隆法,内,,令4. 10. 1,kyushu/000491324.zip
診療所,46,4511089,あいら中央眼科,姶良市西餅田８５番地７,0995-55-1725,医療法人　陽樹会　理事長　大塚　寛樹,大塚　寛樹,眼,,令4. 10. 1,kyushu/000491324.zip
診療所,46,4511097,ＪＯＹメディカルクリニック,姶良市加治木町反土２１５６番地５,0995-73-3356,医療法人玉昌会　理事長　髙田　昌実,濵田　浩志,内,,令4. 12. 1,kyushu/000491324.zip
病院,46,4511113,田園パークホスピタル,姶良市蒲生町下久徳４６２番１,0995-52-0002,医療法人博仁会　理事長　新門　弘人,吉満　伸幸,精神　精　心内　内　神内,180,令5. 6. 1,kyushu/000491324.zip
診療所,46,4511121,奈ほ美在宅クリニック,姶良市加治木町本町６３番地,0995-73-6252,濵田（岡部）　美奈子,濵田（岡部）　美奈子,内科　緩和ケア内科　呼内,,令5. 12. 1,kyushu/000491324.zip
診療所,46,4511139,上の原在宅クリニックあいら,姶良市平松２１９８番地,099-813-7305,一般社団法人タツの子会　代表理事　中間　哲郎,中間　哲郎,内　リハ,,令6. 1. 1,kyushu/000491324.zip
診療所,46,4511147,まきお内科・整形外科,姶良市脇元５４３番地１,0995-73-6370,医療法人星夢会　理事長　牧尾　善幸,牧尾　善幸,整外　内,,令6. 11. 1,kyushu/000491324.zip
診療所,46,4511154,あおい皮膚科クリニック,姶良市平松字小新開５４６２番５,0995-55-0377,医療法人あおい皮膚科クリニック　理事長　谷　暁子,谷　暁子,皮,,令6. 12. 1,kyushu/000491324.zip
診療所,46,4511162,フィオーレ第一産婦人科,姶良市加治木町本町３０７番地１,0995-63-2158,医療法人碩済会　理事長　木本　恵子,山元　慎一,一般　産　婦,,令8. 4. 1,kyushu/000491324.zip
病院,46,6010015,県立　姶良病院,姶良市平松６０６７,,鹿児島県知事,畑　幸宏,精神　精　歯,334,昭32. 7. 1,kyushu/000491324.zip
病院,46,6010056,県立　大島病院,奄美市名瀬真名津町１８番１号,,鹿児島県知事,石神　純也,一般　結核　内　精　脳内　小　外　整外　脳外　皮　ひ　産婦　眼　耳い　放　麻　歯外　人工透析内科　リハ　救急科　消化器内科　消化器外科　循環器内科　呼外,323,昭32. 7. 1,kyushu/000491324.zip
病院,46,6010064,県立　北薩病院,伊佐市大口宮人５０２－４,,鹿児島県知事,水流　尚志,一般　一般（感染）　内　脳内　呼吸器内科　消化器内科　循環器内科　小　外　脳外　放　リハ,110,昭61. 4. 1,kyushu/000491324.zip
病院,46,6010072,県民健康プラザ鹿屋医療センター,鹿屋市札元一丁目８ー８,0994-42-5101,鹿児島県知事,湯浅　敏典,一般　一般（感染）　内　外　小　産　婦　耳い　放　整外　麻　脳外　循環器内科　リハ　小外　消化器外科　ひ,186,平12. 5. 15,kyushu/000491324.zip
診療所,46,6010080,鹿児島県こども総合療育センター,鹿児島市桜ケ丘六丁目１２番,099-265-0005,鹿児島県知事,外岡　資朗,小　精　整外　耳い　歯　眼,,平22. 6. 1,kyushu/000491324.zip
病院,46,6010098,鹿児島県立薩南病院,南さつま市加世田村原４丁目１１番,0993-53-5300,鹿児島県知事,三枝　伸二,一般　一般（感染）　結核　内　循環器内科　消化器内科　消化器外科　人工透析内科　外　放　産婦　小　麻　形外,150,令5. 5. 6,kyushu/000491324.zip
診療所,46,6110211,鹿児島市中央保健センター,鹿児島市鴨池二丁目２５番１～１１号,099-258-2364,鹿児島市長,中村　匡宏,内　歯,,昭47. 4. 1,kyushu/000491324.zip
診療所,46,6110344,鹿児島市西部保健センター,鹿児島市永吉二丁目２１番６号,099-252-8522,鹿児島市長,四元　大輔,内,,平11. 5. 1,kyushu/000491324.zip
診療所,46,6110377,鹿児島県精神保健福祉センター,鹿児島市小野１丁目１番１号,099-218-4755,鹿児島県知事,春日井　基文,精,,平23. 3. 1,kyushu/000491324.zip
診療所,46,6110393,鹿児島市北部保健センター,鹿児島市吉野町３２７５番地３,099-244-5693,鹿児島市長,川畑　了大,内,,平23. 8. 1,kyushu/000491324.zip
診療所,46,6110401,鹿児島市南部保健センター,鹿児島市西谷山一丁目３番２号,099-268-2315,鹿児島市長,川畑　了大,内　歯,,平25. 12. 24,kyushu/000491324.zip
診療所,46,6110419,鹿児島市東部保健センター,鹿児島市山下町１１番１号,099-216-1310,鹿児島市長,森　秀樹,内　歯,,平29. 10. 1,kyushu/000491324.zip
病院,46,8010039,独立行政法人　国立病院機構　鹿児島医療センター,鹿児島市城山町８番１号,099-223-1151,独立行政法人国立病院機構　理事長　新木　一弘,西尾　善彦,一般　循環器内科　内科　脳・血管内科　糖尿病・内分泌内科　神内　小　外　消化器外科　消化器内科　脳外　心外　皮　ひ　婦　耳い　リハ　放　麻　眼　病理　救急科　歯外　腎臓内科　血液内科　精,410,昭56. 7. 1,kyushu/000491324.zip
病院,46,8010047,独立行政法人　国立病院機構　指宿医療センター,指宿市十二町４１４５,,独立行政法人国立病院機構　理事長　新木　一弘,宮薗　太志,一般　一般（感染）　内科　腎臓内科　神内　呼内　小　外　呼外　整外　ひ　産婦　眼　リハ　放　脳外　消化器内科　小外　循環器内科　麻,188,昭32. 7. 1,kyushu/000491324.zip
病院,46,8010120,独立行政法人　国立病院機構南九州病院,姶良市加治木町木田１８８２,,独立行政法人国立病院機構　理事長　新木　一弘,園田　至人,一般　内科　緩和ケア内科　糖尿病内科　呼内　循環器内科　小　外　整外　呼外　リハ　放　消化器内科　脳内　アレ,425,昭32. 7. 1,kyushu/000491324.zip
病院,46,8010153,国立療養所　奄美和光園,奄美市名瀬和光町１７００,,厚生労働大臣,馬場　まゆみ,一般　内　外　整外　皮　眼　耳い,122,昭58. 2. 1,kyushu/000491324.zip
病院,46,8010161,国立療養所　星塚敬愛園,鹿屋市星塚町４２０４番地,,厚生労働大臣,山元　隆文,一般　内　外　整外　皮　眼　耳い　歯　歯外　消化器内科　病理診断科,540,昭62. 10. 1,kyushu/000491324.zip
病院,46,8010211,鹿児島大学病院,鹿児島市桜ケ丘八丁目３５番１号,099-275-5111,国立大学法人鹿児島大学　国立大学法人鹿児島大学長,石塚　賢治,一般　一般（感染）　精神　内　心内　精　呼内　リウ　小　外　整外　脳外　呼外　心外　小外　皮　ひ　産　婦　眼　耳い　リハ　放　麻　歯　矯歯　小歯　歯外　病理　消化器内科　消化器外科　救急科　臨床　形外　脳内　循環器内科,664,昭49. 9. 1,kyushu/000491324.zip
歯科,46,0130724,羽生　歯科医院,鹿児島市荒田二丁目１２番８号,099-255-6802,羽生　博,羽生　博,歯,,昭42. 6. 15,kyushu/000491324.zip
歯科,46,0131045,浜田　歯科,鹿児島市郡元三丁目１番６号,099-252-1556,浜田　義彦,浜田　義彦,歯　小歯　歯外,,昭46. 9. 1,kyushu/000491324.zip
歯科,46,0131060,鹿児島県歯科巡回診療車,鹿児島市照国町１３の１５,099-223-0378,公益社団法人　鹿児島県歯科医師会　会長　伊地知　博史,伊地知　博史,歯,,昭46. 12. 1,kyushu/000491324.zip
歯科,46,0131482,有川　歯科医院,鹿児島市西伊敷六丁目４０番１０号,099-220-5411,有川　幸一,有川　幸一,歯,,昭50. 10. 1,kyushu/000491324.zip
歯科,46,0131755,大殿　歯科医院,鹿児島市草牟田一丁目２番５号,099-226-3450,大殿　雅次,大殿　雅次,歯　小歯　矯歯,,昭52. 6. 1,kyushu/000491324.zip
歯科,46,0131888,早瀬　歯科,鹿児島市武岡二丁目２９－４,099-281-2340,早瀬　理夫,早瀬　理夫,歯,,昭53. 1. 4,kyushu/000491324.zip
歯科,46,0131953,上村歯科医院,鹿児島市明和一丁目３０－２,099-281-0410,上村　光,上村　光,歯,,昭53. 4. 1,kyushu/000491324.zip
歯科,46,0132001,しのはら歯科医院,鹿児島市荒田一丁目９番２０号,099-251-2815,篠原　壽宏,篠原　壽宏,歯　矯歯　小歯　歯外,,昭53. 7. 1,kyushu/000491324.zip
歯科,46,0132209,角野　歯科医院,鹿児島市下伊敷３丁目２２ー２５,099-220-3026,角野　哲三,角野　哲三,歯,,昭54. 6. 1,kyushu/000491324.zip
歯科,46,0132449,浜島　歯科医院,鹿児島市中央町３６番１７号,099-252-5200,浜島　達郎,浜島　達郎,歯　矯歯　小歯,,昭55. 4. 15,kyushu/000491324.zip
歯科,46,0132480,西　歯科医院,鹿児島市下荒田２丁目１番２４号,099-257-8148,西　孝一,西　孝一,歯　矯歯　小歯,,昭55. 7. 1,kyushu/000491324.zip
歯科,46,0132498,礒橋　歯科,鹿児島市紫原１丁目１０番１２号,099-257-6265,礒橋　博文,礒橋　博文,歯,,昭55. 7. 15,kyushu/000491324.zip
歯科,46,0132514,慶愛　歯科医院,鹿児島市下荒田一丁目９番６号,099-255-2200,長濵　慶子,長濵　慶子,歯　矯歯　小歯,,昭55. 10. 1,kyushu/000491324.zip
歯科,46,0132670,山﨑　歯科医院,鹿児島市西田２丁目３の２４,099-256-3161,山﨑　学,山﨑　学,歯,,昭56. 11. 2,kyushu/000491324.zip
歯科,46,0132779,浜田しのぶ　歯科医院,鹿児島市谷山中央一丁目１２番２号,099-267-8888,濵田　忍,濵田　忍,歯,,昭57. 10. 1,kyushu/000491324.zip
歯科,46,0132837,濱崎歯科医院,鹿児島市船津町２－１,099-222-4516,濱崎　栄作,濱崎　栄作,歯,,昭58. 4. 16,kyushu/000491324.zip
歯科,46,0132852,西陵　歯科医院,鹿児島市西陵五丁目６番１１号,099-282-2332,上敷領　清晴,上敷領　清晴,歯　矯歯　小歯,,昭58. 6. 1,kyushu/000491324.zip
歯科,46,0132977,いぶすき　歯科医院,鹿児島市西伊敷四丁目４５－２,099-228-5788,指宿　良朗,指宿　良朗,歯,,昭58. 10. 15,kyushu/000491324.zip
歯科,46,0133108,円林　歯科医院,鹿児島市明和一丁目２６－１,099-282-3131,円林　健二郎,円林　健二郎,歯　小歯,,昭59. 4. 16,kyushu/000491324.zip
歯科,46,0133215,中村　歯科医院,鹿児島市堀江町８番２３号,099-222-3539,中村　孝,中村　孝,歯　歯外　小歯,,昭60. 1. 1,kyushu/000491324.zip
歯科,46,0133306,竹下　歯科医院,鹿児島市星ヶ峯二丁目６４番５号,099-265-5909,竹下　義昭,竹下　義昭,歯　小歯,,昭60. 11. 1,kyushu/000491324.zip
歯科,46,0133405,浜田　歯科医院,鹿児島市郡元二丁目２－３,099-254-4537,浜田　紀文,浜田　紀文,歯,,昭61. 6. 2,kyushu/000491324.zip
歯科,46,0133413,曽山歯科・けいこ矯正歯科,鹿児島市東千石町１５－１３,099-222-8441,曽山　幸一,曽山　幸一,歯　小歯　矯歯　歯外,,昭61. 7. 1,kyushu/000491324.zip
歯科,46,0133488,内田　歯科医院,鹿児島市紫原４丁目１９の７,099-251-2248,内田　信友,内田　信友,歯　矯歯　小歯,,昭61. 12. 1,kyushu/000491324.zip
歯科,46,0133546,柿本寺ビル　四元歯科,鹿児島市加治屋町１番１８号,099-222-8541,医療法人　寿洋会　理事長　児玉　和剛,児玉　浩太,歯　矯歯　小歯　歯外,,昭62. 4. 1,kyushu/000491324.zip
歯科,46,0133561,千堂　歯科医院,鹿児島市下荒田３丁目３９－１３　山内ビル,099-250-1232,千堂　洋一,千堂　洋一,歯　小歯　矯歯,,昭62. 4. 15,kyushu/000491324.zip
歯科,46,0133579,そのだ歯科クリニック,鹿児島市荒田２丁目６５－１１,099-250-0008,園田　茂樹,園田　茂樹,歯　小歯　歯外,,昭62. 4. 15,kyushu/000491324.zip
歯科,46,0133587,吉嶺　歯科,鹿児島市郡元２丁目８－２２,099-250-1515,吉嶺　真一郎,吉嶺　真一郎,歯　小歯,,昭62. 5. 1,kyushu/000491324.zip
歯科,46,0133595,別府　歯科医院,鹿児島市東谷山５丁目３０番５号,099-268-7181,別府　伸一,別府　伸一,歯　矯歯　小歯,,昭62. 5. 15,kyushu/000491324.zip
歯科,46,0133652,かまつき歯科,鹿児島市柳町６番２６号,099-223-1234,釜付　健太郎,釜付　健太郎,歯　小歯,,昭62. 9. 16,kyushu/000491324.zip
歯科,46,0133660,小松　歯科医院,鹿児島市荒田一丁目４５－３,099-254-4070,小松　俊博,小松　俊博,歯　小歯,,昭62. 10. 1,kyushu/000491324.zip
歯科,46,0133702,浜崎　歯科クリニック,鹿児島市明和４丁目１２番３号,099-281-9558,濵崎　真一,濵崎　真一,歯　矯歯　小歯,,昭63. 1. 4,kyushu/000491324.zip
歯科,46,0133728,河野　歯科医院,鹿児島市鴨池１丁目１３－１０,099-255-0648,河野　通久,河野　通久,歯,,昭63. 2. 1,kyushu/000491324.zip
歯科,46,0133769,隈元　歯科医院,鹿児島市東谷山３丁目２９－２０,099-267-4188,医療法人　恵心会　理事長　隈元　秀一,隈元　秀一,歯　矯歯　小歯,,昭63. 4. 1,kyushu/000491324.zip
歯科,46,0133892,玉利きよたか歯科,鹿児島市田上５丁目３番５号,099-253-8655,玉利　清貴,玉利　清貴,歯　矯歯　小歯,,昭63. 12. 1,kyushu/000491324.zip
歯科,46,0133942,西田　歯科医院,鹿児島市西陵４丁目２０－４,099-281-6661,西田　昌司,西田　昌司,歯　小歯,,平元. 4. 1,kyushu/000491324.zip
歯科,46,0133959,ふじた　歯科医院,鹿児島市中山二丁目１３番１２号,099-260-1182,藤田　龍一郎,藤田　龍一郎,歯　矯歯　小歯,,平元. 4. 1,kyushu/000491324.zip
歯科,46,0133975,医療法人　藤井　歯科医院,鹿児島市星ケ峯四丁目２番５号,099-265-3121,医療法人　藤井歯科医院　理事長　藤井　龍一,藤井　龍一,歯　矯歯　小歯　歯外,,平元. 4. 1,kyushu/000491324.zip
歯科,46,0134023,高田　歯科医院,鹿児島市城山一丁目７番１４号,099-227-2224,高田　俊彦,高田　俊彦,歯　小歯,,平元. 6. 1,kyushu/000491324.zip
歯科,46,0134031,新原　明　歯科医院,鹿児島市谷山中央七丁目２６番１号,099-269-2400,新原　明,新原　明,歯　小歯,,平元. 7. 1,kyushu/000491324.zip
歯科,46,0134049,まえぞの　歯科医院,鹿児島市谷山中央二丁目７０２番地２９,099-260-3838,前薗　勝志,前薗　勝志,歯　小歯,,平元. 8. 1,kyushu/000491324.zip
歯科,46,0134072,竹之下　歯科医院,鹿児島市西田二丁目１８－１６,099-254-1327,竹之下　伸一,竹之下　伸一,歯　矯歯　小歯,,平元. 8. 1,kyushu/000491324.zip
歯科,46,0134080,戸澤　歯科医院,鹿児島市千年一丁目２番１号,099-229-0114,戸澤　隆志,戸澤　隆志,歯　矯歯　小歯,,平元. 9. 1,kyushu/000491324.zip
歯科,46,0134098,藤村　歯科クリニック,鹿児島市皇徳寺台４丁目３１番６号,099-265-6480,藤村　卓生,藤村　卓生,歯　矯歯　小歯,,平元. 9. 1,kyushu/000491324.zip
歯科,46,0134106,木村　歯科医院,鹿児島市下荒田２－２５－１,099-252-1226,医療法人　木村歯科　理事長　木村　英敏,木村　英敏,歯　矯歯　小歯　歯外,,平元. 10. 1,kyushu/000491324.zip
歯科,46,0134122,柿内　歯科クリニック,鹿児島市武岡３－１－２,099-282-6609,医療法人　柿内歯科クリニック　理事長　柿内　貞二,柿内　貞二,歯　小歯,,平元. 10. 1,kyushu/000491324.zip
歯科,46,0134163,堀川　歯科医院,鹿児島市天保山町１３－１５,099-252-8811,堀川　清一,堀川　清一,歯　矯歯　小歯,,平元. 12. 1,kyushu/000491324.zip
歯科,46,0134254,林　歯科医院,鹿児島市加治屋町９番３０号,099-224-3236,医療法人　亮友会　理事長　林　勝之助,林　勝之助,歯　矯歯　小歯,,平2. 4. 1,kyushu/000491324.zip
歯科,46,0134262,市来歯科,鹿児島市山之口町５番６号,099-226-6254,医療法人　市来歯科　理事長　市来　誠,市来　誠,歯　矯歯　小歯　歯外,,平2. 4. 1,kyushu/000491324.zip
歯科,46,0134270,吉元　歯科診療所,鹿児島市草牟田二丁目１番６号,099-222-4348,医療法人　清真会　理事長　吉元　崇文,吉元　辰二,歯　矯歯　小歯,,平2. 4. 1,kyushu/000491324.zip
歯科,46,0134296,田中　歯科医院,鹿児島市坂之上７丁目１１番１０号,099-262-3261,田中　健一,田中　健一,歯　矯歯　小歯,,平2. 5. 1,kyushu/000491324.zip
歯科,46,0134338,五反田　歯科,鹿児島市鴨池一丁目１２－１４,099-251-4182,五反田　憲明,五反田　憲明,歯　矯歯　小歯,,平2. 7. 1,kyushu/000491324.zip
歯科,46,0134353,米良　歯科医院,鹿児島市鷹師二丁目８番１８号,099-255-2729,米良　豊常,米良　豊常,歯　矯歯　小歯,,平2. 8. 1,kyushu/000491324.zip
歯科,46,0134387,なかぞの　歯科医院,鹿児島市坂元町１４－１０,099-248-1866,中園　善透,中園　善透,歯　小歯,,平2. 9. 1,kyushu/000491324.zip
歯科,46,0134429,松下　歯科医院,鹿児島市花野光ケ丘二丁目５０番２３号,099-228-0800,松下　俊郎,松下　俊郎,歯　矯歯　小歯,,平2. 11. 1,kyushu/000491324.zip
歯科,46,0134445,辻ケ丘デンタルクリニック,鹿児島市東坂元二丁目５３－２０,099-247-1616,小川　弘之,小川　弘之,歯　矯歯　小歯,,平2. 12. 1,kyushu/000491324.zip
歯科,46,0134460,川路　歯科医院,鹿児島市谷山中央６丁目１７番１６号,099-269-2332,川路　利昭,川路　利昭,歯　小歯,,平3. 1. 1,kyushu/000491324.zip
歯科,46,0134486,小松原すえなが　歯科,鹿児島市小松原二丁目２０－１６,099-260-4182,末永　俊郎,末永　俊郎,歯　小歯,,平3. 4. 1,kyushu/000491324.zip
歯科,46,0134502,いぢち歯科クリニック,鹿児島市松原町６番２号　２０３,099-225-1165,伊地知　博史,伊地知　博史,歯　小歯,,平3. 5. 15,kyushu/000491324.zip
歯科,46,0134510,もりやま　歯科医院,鹿児島市桜ケ丘２丁目２４－２２,099-264-3223,森山　英俊,森山　英俊,歯　小歯,,平3. 5. 15,kyushu/000491324.zip
歯科,46,0134528,中馬　歯科,鹿児島市清水町４－１,099-247-9747,中馬　浩一,中馬　浩一,歯　矯歯　小歯,,平3. 7. 1,kyushu/000491324.zip
歯科,46,0134536,かみうち　歯科医院,鹿児島市伊敷台６丁目２１番１号,099-220-1776,上内　岳洋,上内　岳洋,歯　矯歯　小歯,,平3. 7. 1,kyushu/000491324.zip
歯科,46,0134569,たかさお　歯科医院,鹿児島市清水町１７－７,099-248-3600,高竿　寛実,高竿　寛実,歯　小歯,,平3. 10. 1,kyushu/000491324.zip
歯科,46,0134593,グリーン歯科,鹿児島市紫原４丁目６番地２,099-259-8868,医療法人　豊歯会　理事長　竹下　博之,竹下　博之,歯　矯歯　小歯,,平3. 12. 1,kyushu/000491324.zip
歯科,46,0134601,なかま　歯科医院,鹿児島市武岡５丁目１６－１４,099-282-6161,中間　洋一,中間　洋一,歯　小歯,,平3. 12. 16,kyushu/000491324.zip
歯科,46,0134627,山内　歯科クリニック,鹿児島市武岡４丁目２２－１８,099-282-9021,山内　浩人,山内　浩人,歯　小歯　矯歯,,平4. 2. 20,kyushu/000491324.zip
歯科,46,0134635,もりぬし小児歯科医院,鹿児島市武２丁目６番１６号,099-285-2525,森主　真弓,森主　真弓,歯　矯歯　小歯,,平4. 3. 10,kyushu/000491324.zip
歯科,46,0134650,城西歯科クリニック,鹿児島市原良四丁目３番１号,099-256-8274,濱田　悦郎,濱田　悦郎,歯　小歯,,平4. 4. 6,kyushu/000491324.zip
歯科,46,0134668,共立歯科クリニック,鹿児島市山田町３１０－２　ブックセンターめいわ２Ｆ,099-269-7800,鎮守　紀生,鎮守　紀生,歯　矯歯　小歯　歯外,,平4. 4. 1,kyushu/000491324.zip
歯科,46,0134676,角之上　歯科医院,鹿児島市東谷山四丁目２３－３,099-266-0118,角之上　真由美,角之上　真由美,歯　小歯,,平4. 5. 1,kyushu/000491324.zip
歯科,46,0134692,井手　歯科医院,鹿児島市東谷山六丁目３８番７号,099-269-7530,井手　仁,井手　仁,歯　小歯,,平4. 5. 1,kyushu/000491324.zip
歯科,46,0134742,黒木　歯科医院,鹿児島市小松原１丁目５－５,099-267-8411,黒木　清志,黒木　清志,歯　矯歯　小歯,,平4. 7. 23,kyushu/000491324.zip
歯科,46,0134775,下大田歯科医院,鹿児島市吉野町３２１６－４５,099-244-7701,下大田　敏信,下大田　敏信,歯　小歯,,平4. 8. 1,kyushu/000491324.zip
歯科,46,0134791,谷口　歯科医院,鹿児島市東千石町８番１６号,099-239-4182,谷口　浩太郎,谷口　浩太郎,歯,,平4. 8. 10,kyushu/000491324.zip
歯科,46,0134825,光葉歯科クリニック,鹿児島市小野三丁目１４番１８号,099-229-3334,宮永　光一,宮永　光一,歯　小歯,,平4. 10. 16,kyushu/000491324.zip
歯科,46,0134833,長谷川　歯科,鹿児島市呉服町５－７,099-225-0978,医療法人　長谷川歯科　理事長　長谷川　清,長谷川　清,歯　矯歯,,平4. 10. 1,kyushu/000491324.zip
歯科,46,0134841,吉元睦男　歯科医院,鹿児島市吉野町３０７３番地１４０,099-244-1601,医療法人　吉元睦男歯科医院　理事長　吉元　睦男,吉元　睦男,歯,,平4. 10. 1,kyushu/000491324.zip
歯科,46,0134932,濱田歯科,鹿児島市中山町２３３１－１,099-269-6511,医療法人　濱田歯科　理事長　濱田　直光,濱田　直光,歯,,平5. 4. 1,kyushu/000491324.zip
歯科,46,0134957,押領司　歯科医院,鹿児島市郡元３丁目２２－１４,099-254-1514,押領司　篤友,押領司　篤友,歯,,平5. 5. 1,kyushu/000491324.zip
歯科,46,0134965,竹迫　歯科医院,鹿児島市下荒田二丁目４７番９号,099-257-4180,竹迫　清,竹迫　清,歯　小歯,,平5. 6. 1,kyushu/000491324.zip
歯科,46,0134981,中﨑　歯科医院,鹿児島市小松原２丁目１６－１１,099-267-2278,中﨑　明広,中﨑　明広,歯　矯歯　小歯　歯外,,平5. 7. 1,kyushu/000491324.zip
歯科,46,0134999,小田原歯科,鹿児島市吉野町３３５５番地５８,099-244-3718,医療法人　小田原歯科　理事長　小田原　俊一郎,小田原　俊一郎,歯　矯歯　小歯,,平5. 10. 1,kyushu/000491324.zip
歯科,46,0135012,のうみ矯正歯科医院,鹿児島市郡元二丁目１７番６号,099-250-6300,医療法人　のうみ矯正歯科医院　理事長　能見　広美,藤井　三保子,矯歯　歯　小歯,,平5. 10. 1,kyushu/000491324.zip
歯科,46,0135038,尾立歯科医院,鹿児島市中央町２番地５３,099-256-3927,医療法人　創恵会　理事長　尾立　六市,尾立　六市,歯　矯歯　小歯　歯外,,平5. 10. 1,kyushu/000491324.zip
歯科,46,0135046,竹内歯科クリニック,鹿児島市伊敷二丁目１５番１５号,099-220-1666,竹内　誠,竹内　誠,歯　小歯,,平5. 11. 4,kyushu/000491324.zip
歯科,46,0135061,大浦歯科クリニック,鹿児島市明和２丁目５番２号,099-282-6480,医療法人　礼仁会　理事長　大浦　教一,大浦　教一,歯　矯歯　小歯　歯外,,平5. 11. 1,kyushu/000491324.zip
歯科,46,0135095,さこだ歯科クリニック,鹿児島市西陵８丁目２８番１１号,099-282-3782,迫田　敏文,迫田　敏文,歯　小歯,,平6. 2. 17,kyushu/000491324.zip
歯科,46,0135111,永田デンタルクリニック,鹿児島市上荒田町２０－１０,099-259-4432,永田　眞一,永田　眞一,歯　小歯,,平6. 4. 2,kyushu/000491324.zip
歯科,46,0135137,高良歯科,鹿児島市平之町１１－７,099-225-3286,高良　憲明,高良　憲明,歯　歯外　小歯,,平6. 4. 13,kyushu/000491324.zip
歯科,46,0135145,みやはら　歯科医院,鹿児島市東開町５番３０,099-266-1388,宮原　一郎,宮原　一郎,歯,,平6. 4. 13,kyushu/000491324.zip
歯科,46,0135152,仲町歯科クリニック,鹿児島市中町３番地１２の１　日専連ビル２階,099-226-6888,医療法人　新美会　理事長　牧角　麻未,牧角　麻未,歯　矯歯　小歯　歯外,,平6. 4. 1,kyushu/000491324.zip
歯科,46,0135160,増山歯科医院,鹿児島市吉野町３２３９番地２７,099-244-8600,医療法人　真智会　理事長　増山　智美,増山　智美,歯　矯歯　小歯,,平6. 4. 1,kyushu/000491324.zip
歯科,46,0135178,黒木　歯科医院,鹿児島市城山二丁目７番６号,099-227-4188,医療法人　黒木歯科医院　理事長　黒木　敦朗,黒木　敦朗,歯　矯歯　小歯,,平6. 4. 1,kyushu/000491324.zip
歯科,46,0135186,薬師寺　歯科医院,鹿児島市西田三丁目１番１９号,099-250-8020,薬師寺　毅,薬師寺　毅,歯　矯歯　小歯　歯外,,平6. 5. 9,kyushu/000491324.zip
歯科,46,0135210,萩原歯科クリニック,鹿児島市伊敷台２丁目１６番２１号,099-229-4891,萩原　勉,萩原　勉,歯　小歯　矯歯,,平6. 7. 1,kyushu/000491324.zip
歯科,46,0135236,伊敷台むろや歯科,鹿児島市伊敷台５丁目１１番５号,099-229-8285,室屋　学,室屋　学,歯,,平6. 7. 1,kyushu/000491324.zip
歯科,46,0135244,よしかわ歯科,鹿児島市下竜尾町１０－２４,099-247-8215,義川　伸一,義川　伸一,歯　小歯　歯外,,平6. 7. 5,kyushu/000491324.zip
歯科,46,0135285,鶴丸歯科医院,鹿児島市名山町１番３号,099-222-8148,医療法人　鶴丸会　理事長　池田　聡子,池田　聡子,歯　歯外　小歯,,平6. 10. 1,kyushu/000491324.zip
歯科,46,0135293,あさひ　デンタルクリニック,鹿児島市東谷山４丁目３７番６号,099-266-3232,医療法人　あさひ　デンタルクリニック　理事長　楊　道春,楊　道春,歯　矯歯　小歯　歯外,,平6. 10. 1,kyushu/000491324.zip
歯科,46,0135301,髙田　歯科,鹿児島市中山町１５９８－５,099-260-1518,髙田　和之,髙田　和之,歯　小歯,,平6. 11. 1,kyushu/000491324.zip
歯科,46,0135319,大園　歯科医院,鹿児島市和田三丁目６２番７号,099-266-1131,末永　健市,末永　健市,歯　小歯,,平7. 1. 5,kyushu/000491324.zip
歯科,46,0135350,白澤　歯科医院,鹿児島市中山一丁目１４番１７号白石ビル１０１,099-260-5502,白澤　政保,白澤　政保,歯　矯歯　小歯,,平7. 3. 1,kyushu/000491324.zip
歯科,46,0135376,前田　歯科クリニック,鹿児島市田上５ー３４ー６０キョースカイビューハイツ１Ｆ,099-275-0730,前田　裕一,前田　裕一,歯　小歯,,平7. 4. 14,kyushu/000491324.zip
歯科,46,0135384,サカエ　歯科医院,鹿児島市宇宿３ー４ー１４,099-254-6297,栄　千登美,栄　千登美,歯　小歯,,平7. 4. 1,kyushu/000491324.zip
歯科,46,0135426,かじや　歯科医院,鹿児島市真砂本町２０ー２０,099-285-6003,鍛治屋　亮彦,鍛治屋　亮彦,歯　小歯,,平7. 5. 9,kyushu/000491324.zip
歯科,46,0135459,はやしかわ　歯科,鹿児島市新屋敷町１６番１０１号県住宅供給公社ビルＣ棟１階１２０ーＢ，１２１ーＡ,099-224-8022,林川　貴志,林川　貴志,歯,,平7. 7. 3,kyushu/000491324.zip
歯科,46,0135467,玉井　歯科クリニック,鹿児島市荒田一丁目５０番１８号吉見ビル２０３号,099-256-0003,玉井　政孝,玉井　政孝,歯　小歯　歯外,,平7. 7. 3,kyushu/000491324.zip
歯科,46,0135608,玉利歯科,鹿児島市武１丁目３０番１１号,099-254-1358,医療法人　清新会　理事長　玉利　清純,玉利　清純,歯　矯歯　小歯,,平8. 4. 1,kyushu/000491324.zip
歯科,46,0135616,コスモ歯科　クリニック,鹿児島市紫原７丁目３２番２０号,099-250-4618,医療法人　秀正会　理事長　吉嶺　秀次,吉嶺　秀次,歯　矯歯　小歯　歯外,,平8. 4. 1,kyushu/000491324.zip
歯科,46,0135624,なかぞの　歯科クリニック,鹿児島市和田１丁目３０ー４,099-266-1860,中囿　洋一,中囿　洋一,歯　小歯　矯歯,,平8. 4. 15,kyushu/000491324.zip
歯科,46,0135673,スマイル　歯科医院,鹿児島市永吉一丁目３番１２号,099-285-8005,新留　隼人,新留　隼人,歯,,平8. 6. 1,kyushu/000491324.zip
歯科,46,0135707,かなめ　歯科医院,鹿児島市武１丁目４３ー１２,099-252-9667,要　光,要　光,歯,,平8. 7. 10,kyushu/000491324.zip
歯科,46,0135715,村岡歯科,鹿児島市武２丁目１２ー２,099-259-3848,村岡　信宏,村岡　信宏,歯,,平8. 8. 2,kyushu/000491324.zip
歯科,46,0135756,古屋敷　歯科クリニック,鹿児島市宇宿３丁目１９番５号,099-285-3388,医療法人　古屋敷歯科クリニック　理事長　古屋敷　修,古屋敷　修,歯　小歯　歯外,,平8. 10. 1,kyushu/000491324.zip
歯科,46,0135764,まり　歯科,鹿児島市東千石町１０ー１４青柳ビル２階,099-225-9977,田口　まり,田口　まり,歯　矯歯　小歯　歯外,,平8. 11. 1,kyushu/000491324.zip
歯科,46,0135772,福元　歯科,鹿児島市宇宿５丁目３１番８号,099-284-7171,福元　博嗣,福元　博嗣,歯　小歯　歯外,,平9. 1. 14,kyushu/000491324.zip
歯科,46,0135780,せとぐち　歯科クリニック,鹿児島市南郡元町１７ー５松崎ビルⅢ２Ｆ,099-259-0018,瀬戸口　勉,瀬戸口　勉,歯　小歯,,平9. 2. 1,kyushu/000491324.zip
歯科,46,0135830,たんぽぽこども　歯科,鹿児島市上福元町５８７９ー８,099-284-5288,豊島　正三郎,豊島　正三郎,小歯　矯歯　歯,,平9. 3. 18,kyushu/000491324.zip
歯科,46,0135897,石橋　歯科クリニック,鹿児島市西陵３丁目２１ー１６,099-284-8188,石橋　貴樹,石橋　貴樹,歯　矯歯　小歯　歯外,,平9. 5. 8,kyushu/000491324.zip
歯科,46,0135905,ませだ　歯科医院,鹿児島市南栄５ー１０ー４にわシティビル３ＦＡ号室,099-284-5710,間世田　栄,間世田　栄,歯　小歯,,平9. 7. 22,kyushu/000491324.zip
歯科,46,0135921,これえだ　歯科医院,鹿児島市東谷山２ー１０ー１３,099-266-2515,是枝　雄二,是枝　雄二,歯　矯歯　小歯　歯外,,平9. 8. 25,kyushu/000491324.zip
歯科,46,0135939,奥田　歯科,鹿児島市吉野町５５９０番６,099-244-2345,奥田　裕久,奥田　裕久,歯　小歯,,平9. 8. 19,kyushu/000491324.zip
歯科,46,0135947,きらら　歯科,鹿児島市小松原２ー４ー６エスペランサ小松原１０１号,099-266-5560,周　煥金,周　煥金,歯　小歯,,平9. 9. 11,kyushu/000491324.zip
歯科,46,0135970,こまい　歯科医院,鹿児島市星ヶ峯４ー１４ー１,099-284-7207,駒井　宏行,駒井　宏行,歯　矯歯　小歯　歯外,,平10. 1. 17,kyushu/000491324.zip
歯科,46,0136119,安田歯科医院,鹿児島市呉服町５番１４号,099-226-9616,医療法人　鵠陽会　理事長　安田　勝,安田　勝,歯　矯歯　小歯,,平10. 12. 1,kyushu/000491324.zip
歯科,46,0136127,よしどめ歯科,鹿児島市大明丘３丁目９番８号,099-243-0355,医療法人　翔優会　理事長　吉留　英俊,雨面　かおり,歯　矯歯　小歯　歯外,,平11. 4. 1,kyushu/000491324.zip
歯科,46,0136143,雀ケ宮おばた歯科,鹿児島市吉野町１２５９番１,099-243-9675,小幡　晃二,小幡　晃二,歯　小歯,,平11. 5. 12,kyushu/000491324.zip
歯科,46,0136192,くすき歯科クリニック,鹿児島市伊敷台五丁目９番７号,099-218-3151,楠　一文,楠　一文,歯　矯歯　小歯　歯外,,平11. 7. 8,kyushu/000491324.zip
歯科,46,0136218,チューリップこども歯科,鹿児島市草牟田１丁目１５ー２４,099-224-6773,坪水　良平,坪水　良平,歯　小歯,,平11. 8. 1,kyushu/000491324.zip
歯科,46,0136259,フレンド歯科,鹿児島市桜ケ丘五丁目２番地３,099-275-2222,医療法人　大志会　理事長　重久　偉,重久　偉,歯　矯歯　小歯　歯外,,平11. 10. 1,kyushu/000491324.zip
歯科,46,0136267,あっぷる歯科医院,鹿児島市紫原５丁目１番７号,099-252-8118,医療法人　仁誠会　理事長　吉元　利仁,川前　郁人,歯　矯歯　小歯　歯外,,平11. 10. 1,kyushu/000491324.zip
歯科,46,0136283,おかもと歯科医院,鹿児島市西谷山四丁目１５番４８号,099-263-5277,岡本　博之,岡本　千春,歯　矯歯　小歯,,平12. 2. 15,kyushu/000491324.zip
歯科,46,0136317,上稲葉歯科医院,鹿児島市中央町２５ー１,099-263-7422,上稲葉　隆,上稲葉　隆,歯　矯歯　小歯　歯外,,平12. 4. 1,kyushu/000491324.zip
歯科,46,0136341,ひらかわ歯科クリニック,鹿児島市山下町９－２８　２Ｆ,099-227-2825,平川　俊洋,平川　俊洋,歯　小歯　矯歯,,平12. 4. 25,kyushu/000491324.zip
歯科,46,0136358,クリーン歯科,鹿児島市星ケ峯１丁目３番１５号,099-275-9588,西川　毅,西川　毅,歯　矯歯　小歯　歯外,,平12. 4. 1,kyushu/000491324.zip
歯科,46,0136366,きたぞの歯科矯正,鹿児島市南林寺町２５番１号,099-226-0071,医療法人　きたぞの歯科矯正　理事長　北園　俊司,北園　俊司,歯　矯歯　小歯　歯外,,平12. 4. 1,kyushu/000491324.zip
歯科,46,0136382,ふなさき歯科医院,鹿児島市大竜町８ー１,099-247-6400,医療法人　展陽会　理事長　舩﨑　義孝,舩﨑　義孝,歯　小歯　歯外,,平12. 4. 1,kyushu/000491324.zip
歯科,46,0136408,田中歯科医院,鹿児島市永吉一丁目２４番１２号,099-253-9756,医療法人　愛歯会　理事長　田中　忠幸,田中　格,歯　小歯　矯歯　歯外,,平12. 5. 1,kyushu/000491324.zip
歯科,46,0136432,オレンジ歯科矯正,鹿児島市卸本町６ー１２,099-263-5933,川畑　康隆,川畑　康隆,歯　小歯　矯歯　歯外,,平12. 7. 1,kyushu/000491324.zip
歯科,46,0136440,田中大介歯科医院,鹿児島市郡元１丁目４番６号,099-253-4976,医療法人　善浩会　理事長　田中　大介,田中　大介,歯　矯歯　小歯　歯外,,平12. 8. 16,kyushu/000491324.zip
歯科,46,0136457,金田歯科医院,鹿児島市三和町５２ー１０,099-257-8801,医療法人　金田歯科医院　理事長　金田　有正,金田　有正,歯　小歯　歯外,,平12. 10. 1,kyushu/000491324.zip
歯科,46,0136473,パール歯科医院,鹿児島市西陵３丁目１４ー４,099-281-5282,早川　佳代子,早川　佳代子,歯　矯歯　小歯　歯外,,平12. 12. 12,kyushu/000491324.zip
歯科,46,0136481,ハロー歯科クリニック,鹿児島市下荒田４丁目１４ー３５,099-813-1186,時任　修一,時任　修一,歯　小歯　歯外,,平12. 12. 5,kyushu/000491324.zip
歯科,46,0136499,福原歯科クリニック,鹿児島市東谷山二丁目１４番７号,099-269-0177,福原　和人,福原　和人,歯　矯歯　小歯,,平12. 12. 18,kyushu/000491324.zip
歯科,46,0136507,本田歯科,鹿児島市田上６丁目５ー２脇野ビル２Ｆ,099-813-2060,本田　耕一,本田　耕一,歯　小歯　矯歯,,平13. 1. 10,kyushu/000491324.zip
歯科,46,0136549,オーラルケアステーション　永田歯科,鹿児島市金生町７番８号　１Ｆ,099-225-5500,永田　真一,永田　真一,歯　矯歯　小歯　歯外,,平13. 1. 18,kyushu/000491324.zip
歯科,46,0136556,山形屋歯科　坂上医院,鹿児島市金生町３番１号株式会社山形屋内１号館中央階段中４階横室,099-225-3789,坂上　俊保,坂上　俊保,歯　矯歯　小歯　歯外,,平13. 4. 1,kyushu/000491324.zip
歯科,46,0136572,わきもと歯科医院,鹿児島市中山町５２０９ー１,099-260-5578,脇元　剛一,脇元　剛一,歯　矯歯　小歯　歯外,,平13. 5. 13,kyushu/000491324.zip
歯科,46,0136622,つかさ歯科医院,鹿児島市吉野一丁目３０番２０号,099-243-2421,政　信行,政　信行,歯　矯歯　小歯　歯外,,平14. 1. 17,kyushu/000491324.zip
歯科,46,0136630,大辻歯科クリニック,鹿児島市武１丁目２１番１号,099-255-4618,大辻　徹也,大辻　徹也,歯　矯歯　小歯,,平14. 2. 1,kyushu/000491324.zip
歯科,46,0136655,大久保歯科口腔外科医院,鹿児島市谷山中央六丁目２７－３,099-210-2711,大久保　章朗,大久保　章朗,歯外　歯,,平14. 6. 3,kyushu/000491324.zip
歯科,46,0136663,ふじみや歯科医院,鹿児島市下荒田３丁目６番５号第３上船ビル１０２号,099-812-9808,藤宮　克則,藤宮　克則,歯　矯歯　小歯　歯外,,平14. 7. 1,kyushu/000491324.zip
歯科,46,0136671,堀之内歯科医院,鹿児島市宇宿６丁目１９番７号オリオン１Ｆ,099-201-1448,堀之内　雅弘,堀之内　雅弘,歯　矯歯　小歯　歯外,,平14. 8. 1,kyushu/000491324.zip
歯科,46,0136713,毛利歯科県庁前クリニック,鹿児島市鴨池新町６番６号鴨池南国ビル２階,099-256-1885,医療法人　慈尊幸徳会　理事長　毛利　英樹,辻　亮,歯　矯歯　小歯　歯外,,平14. 10. 1,kyushu/000491324.zip
歯科,46,0136747,山内歯科矯正,鹿児島市大黒町１番９号,099-222-5666,山内　和久,山内　和久,歯　矯歯　小歯,,平15. 5. 1,kyushu/000491324.zip
歯科,46,0136762,アクア矯正歯科,鹿児島市金生町６番９号金生ビル２階,099-219-3277,木佐貫　聡,木佐貫　聡,矯歯,,平15. 8. 8,kyushu/000491324.zip
歯科,46,0136770,あづま歯科医院,鹿児島市小山田町６６６６番地２,099-238-4188,東　豊,東　豊,歯　矯歯　小歯　歯外,,平15. 10. 1,kyushu/000491324.zip
歯科,46,0136804,岩城歯科クリニック,鹿児島市原良二丁目１２番７号,099-251-0445,岩城　正,岩城　正,歯　矯歯　小歯　歯外,,平15. 12. 1,kyushu/000491324.zip
歯科,46,0136812,瀬戸歯科クリニック,鹿児島市鴨池新町５番６号　鹿児島県プロパンガス会館１Ｆ,099-263-8119,瀬戸　康博,瀬戸　康博,歯　小歯　歯外,,平15. 12. 1,kyushu/000491324.zip
歯科,46,0136838,いけだ歯科医院,鹿児島市高麗町１０番２２号２階,099-286-0123,池田　哲哉,池田　哲哉,歯　小歯　歯外,,平16. 3. 1,kyushu/000491324.zip
歯科,46,0136853,Ｓｋｙデンタルクリニック,鹿児島市宇宿一丁目２９番２６号,099-251-8148,溝口　晶子,溝口　晶子,歯　矯歯　小歯　歯外,,平16. 4. 1,kyushu/000491324.zip
歯科,46,0136861,桜ヶ丘歯科医院,鹿児島市桜ケ丘四丁目１番１０号グランデール桜ヶ丘２－Ａ号,099-283-9538,岡村　幸二郎,岡村　幸二郎,歯　矯歯　小歯　歯外,,平16. 4. 5,kyushu/000491324.zip
歯科,46,0136879,クリア矯正歯科,鹿児島市原良１丁目１４番２７号,099-259-4234,濵坂　卓郎,濵坂　卓郎,矯歯,,平16. 4. 1,kyushu/000491324.zip
歯科,46,0136978,西園歯科,鹿児島市西佐多町１６３－１,099-295-2400,西園　直幸,西園　直幸,歯　小歯,,平3. 11. 19,kyushu/000491324.zip
歯科,46,0136994,みつどめ歯科,鹿児島市本城町１８７５－１,099-294-1188,満留　祥光,満留　祥光,歯　小歯　歯外,,平15. 9. 1,kyushu/000491324.zip
歯科,46,0137018,しょうデンタルオフィス,鹿児島市喜入中名町９０５－２,,上之薗　昭一,上之薗　昭一,歯　矯歯　小歯,,平元. 2. 1,kyushu/000491324.zip
歯科,46,0137034,ファミリア　歯科医院,鹿児島市喜入町２７７,099-345-3131,上之薗　武史,上之薗　武史,歯,,平5. 11. 1,kyushu/000491324.zip
歯科,46,0137042,石窪　歯科医院,鹿児島市上谷口町１００５平石ビル２Ｆ,099-278-3868,石窪　浩三,石窪　浩三,歯　矯歯　小歯　歯外,,昭57. 7. 1,kyushu/000491324.zip
歯科,46,0137067,是枝歯科クリニック,鹿児島市石谷町２０６７ー５,099-278-3301,是枝　美行,是枝　美行,歯　小歯,,平8. 5. 18,kyushu/000491324.zip
歯科,46,0137075,まきもと歯科クリニック,鹿児島市郡山町７３３ー２,099-298-4321,牧元　勇,牧元　勇,歯　小歯　矯歯　歯外,,平11. 1. 1,kyushu/000491324.zip
歯科,46,0137083,みらい歯科医院,鹿児島市川田町１３９４ー１,099-245-7888,小土橋　勉,小土橋　勉,歯,,平12. 11. 1,kyushu/000491324.zip
歯科,46,0137109,竹内歯科,鹿児島市郡山町２０６４番地３,099-298-3055,医療法人尚文会　理事長　竹内　隆丸,竹内　尚士,歯　矯歯　小歯,,平14. 1. 1,kyushu/000491324.zip
歯科,46,0137117,すみれ歯科医院,鹿児島市郡山町１４１９－５,099-245-6161,濱元　親志,濱元　親志,歯　矯歯　小歯　歯外,,平14. 4. 1,kyushu/000491324.zip
歯科,46,0137125,よつもと歯科医院,鹿児島市石谷町１６００－１,099-278-7020,四元　幸治,四元　幸治,歯　矯歯　小歯　歯外,,平15. 7. 17,kyushu/000491324.zip
歯科,46,0137133,くぼ歯科クリニック,鹿児島市春山町１８８６－１６,099-278-7070,医療法人　久栄会　理事長　久保　博紀,久保　博紀,歯　矯歯　小歯,,平15. 10. 1,kyushu/000491324.zip
歯科,46,0137158,医療法人　ひらせ歯科クリニック,鹿児島市和田一丁目１３番１２号,099-266-2266,医療法人　ひらせ歯科クリニック　理事長　平瀬　隆二,平瀬　隆二,歯　小歯　歯外,,平16. 11. 1,kyushu/000491324.zip
歯科,46,0137166,まちだ歯科医院,鹿児島市西田２丁目５番１０号,099-251-9301,町田　哲史,町田　哲史,歯　矯歯　小歯　歯外,,平17. 4. 1,kyushu/000491324.zip
歯科,46,0137174,かわべ歯科医院,鹿児島市坂之上８丁目１２番２号,099-262-0418,河部　暢彦,河部　暢彦,歯　小歯,,平17. 4. 1,kyushu/000491324.zip
歯科,46,0137182,上妻歯科医院,鹿児島市坂之上４丁目２３番１３号,099-262-2600,医療法人　健勝会　理事長　上妻　勝美,上妻　勝美,歯　矯歯　小歯　歯外,,平17. 4. 1,kyushu/000491324.zip
歯科,46,0137208,きんじょう歯科小児歯科クリニック,鹿児島市宇宿９丁目９番７号,099-284-7088,金城　博之,金城　博之,歯　小歯,,平17. 6. 3,kyushu/000491324.zip
歯科,46,0137216,いまきいれ歯科クリニック,鹿児島市東谷山六丁目１番１号,099-260-8118,今給黎　光洋,今給黎　光洋,歯　小歯　歯外,,平17. 7. 1,kyushu/000491324.zip
歯科,46,0137224,たけわき歯科医院,鹿児島市山田町１８７番地５,099-275-9118,竹脇　秀一,竹脇　秀一,歯　矯歯　小歯　歯外,,平17. 8. 1,kyushu/000491324.zip
歯科,46,0137299,松下歯科,鹿児島市谷山中央八丁目２１番１２号,099-260-4441,松下　哲郎,松下　哲郎,歯　矯歯　小歯,,平18. 4. 1,kyushu/000491324.zip
歯科,46,0137307,濱崎歯科クリニック,鹿児島市東千石町１８番４号　ピースビル３Ｆ,099-222-3252,濵﨑　健,濵﨑　健,歯　小歯　歯外,,平18. 5. 8,kyushu/000491324.zip
歯科,46,0137315,あすなろ歯科,鹿児島市宇宿３丁目１５番２０号,099-251-4988,上國料　剛,上國料　剛,歯　矯歯　小歯,,平18. 6. 2,kyushu/000491324.zip
歯科,46,0137323,梶原歯科,鹿児島市桜ケ丘五丁目１９番１０号,099-284-7313,梶原　浩忠,梶原　浩忠,歯　矯歯　小歯,,平18. 8. 1,kyushu/000491324.zip
歯科,46,0137372,まさこデンタルクリニック,鹿児島市小松原一丁目５－１４－１０２,099-266-3673,皆元　眞佐子,皆元　眞佐子,歯　小歯　歯外,,平18. 9. 1,kyushu/000491324.zip
歯科,46,0137380,みちよデンタルクリニック,鹿児島市下荒田１丁目２０番４（みちよビル４階）,099-213-1755,医療法人　旺和会　理事長　迫田　美智代,迫田　美智代,歯　矯歯　小歯　歯外,,平18. 10. 1,kyushu/000491324.zip
歯科,46,0137398,永山歯科医院,鹿児島市卸本町８番地６,099-267-3744,医療法人　永山歯科医院　理事長　永山　武信,永山　武信,歯　小歯　歯外　矯歯,,平18. 10. 1,kyushu/000491324.zip
歯科,46,0137430,永瀬歯科クリニック,鹿児島市慈眼寺町１７－１１,099-263-4775,永瀬　幸治,永瀬　幸治,歯　小歯　歯外,,平19. 1. 9,kyushu/000491324.zip
歯科,46,0137455,瀬戸口たかし歯科,鹿児島市谷山中央五丁目７番３号,099-269-2600,瀬戸口　尚志,瀬戸口　尚志,歯　矯歯　小歯　歯外,,平19. 3. 12,kyushu/000491324.zip
歯科,46,0137463,ひらはら歯科医院,鹿児島市吉野町２５７１番地１,099-246-3501,医療法人　涼光会　理事長　平原　浩孝,平原　浩孝,歯　小歯,,平19. 2. 26,kyushu/000491324.zip
歯科,46,0137489,かじきデンタルクリニック,鹿児島市田上３丁目４番２,099-250-0625,加治木　政彦,加治木　政彦,歯　小歯,,平19. 4. 3,kyushu/000491324.zip
歯科,46,0137497,ブライト歯科クリニック,鹿児島市小野二丁目４番７号,099-228-8172,医療法人　輝道志会　理事長　道添　圭司,道添　圭司,歯　矯歯　小歯,,平19. 4. 1,kyushu/000491324.zip
歯科,46,0137521,ねむの木歯科医院,鹿児島市小山田町３８０５番地４,099-238-5705,黒岩　章子,黒岩　章子,歯　小歯　歯外,,平19. 6. 1,kyushu/000491324.zip
歯科,46,0137547,ラポール歯科,鹿児島市谷山中央五丁目１８番１４号,099-266-6487,医療法人　ラポール歯科　理事長　坂上　英士,坂上　英士,歯　矯歯　小歯　歯外,,平19. 6. 1,kyushu/000491324.zip
歯科,46,0137554,三宅歯科医院,鹿児島市上谷口町５０１４番地９,099-278-1028,三宅　恵子,三宅　恵子,歯　矯歯　小歯,,平19. 7. 2,kyushu/000491324.zip
歯科,46,0137562,はまさき歯科,鹿児島市上荒田町２７番２号,099-286-6480,濱﨑　徹,濱﨑　徹,歯　矯歯　小歯　歯外,,平19. 7. 1,kyushu/000491324.zip
歯科,46,0137570,湯田歯科医院,鹿児島市城西三丁目１０番１号,099-254-5575,医療法人　湯田歯科医院　理事長　湯田　季明,湯田　季明,歯　矯歯　小歯　歯外,,平19. 8. 17,kyushu/000491324.zip
歯科,46,0137588,丸谷歯科,鹿児島市山田町２９３６番地５,099-284-7177,丸谷　和弘,丸谷　和弘,歯　矯歯　小歯　歯外,,平19. 8. 30,kyushu/000491324.zip
歯科,46,0137596,谷山さとう歯科,鹿児島市小松原一丁目５０番９号,099-269-0071,佐藤　隆太郎,佐藤　隆太郎,歯　小歯　歯外,,平19. 10. 22,kyushu/000491324.zip
歯科,46,0137646,林歯科医院,鹿児島市上之園町３１番地１３　１階,099-250-2668,林　清人,林　清人,歯　小歯　矯歯　小児矯正歯科,,平20. 5. 1,kyushu/000491324.zip
歯科,46,0137653,よしずみ歯科医院,鹿児島市谷山中央八丁目６番３号,099-267-5533,吉住　芳紀,吉住　芳紀,歯　歯外　小歯　矯歯,,平20. 10. 1,kyushu/000491324.zip
歯科,46,0137661,にしだ３丁目歯科,鹿児島市西田三丁目３３番１６号　第１肝付ビル１階,099-251-6668,福島　一徳,福島　一徳,歯　小歯　歯外,,平20. 11. 1,kyushu/000491324.zip
歯科,46,0137695,ハートデンタルクリニック,鹿児島市山之口町３番２４号,099-239-4618,医療法人　谷口こうた歯科　理事長　谷口　宏太,谷口　宏太,歯　歯外　矯歯　小歯,,平21. 1. 1,kyushu/000491324.zip
歯科,46,0137703,翔歯科クリニック,鹿児島市宇宿１丁目５３番１２号,099-254-0154,医療法人　翔歯会　理事長　山元　吉和,山元　吉和,歯　小歯　歯外　矯歯,,平21. 2. 1,kyushu/000491324.zip
歯科,46,0137729,なでしこ歯科,鹿児島市西田一丁目１２番１０号　２Ｆ,099-256-7007,寺原　英子,寺原　英子,歯　歯外　小歯　矯歯,,平21. 3. 1,kyushu/000491324.zip
歯科,46,0137745,オリーブ歯科　谷山中央,鹿児島市谷山中央七丁目３１番６号,099-263-4303,医療法人　こうせい会　理事長　桑畑　弘之,神園　健太,歯　矯歯　小歯,,平21. 4. 1,kyushu/000491324.zip
歯科,46,0137752,みずほ通り歯科医院,鹿児島市下荒田４丁目１３－２４　二之宮ビル２Ｆ,099-255-0290,島田　盾己,島田　盾己,歯,,平21. 4. 1,kyushu/000491324.zip
歯科,46,0137778,さくら歯科医院,鹿児島市真砂町７７番７,099-285-1182,五反田　安寛,五反田　安寛,歯　小歯,,平21. 5. 1,kyushu/000491324.zip
歯科,46,0137794,とおや歯科クリニック,鹿児島市宇宿五丁目２０番１号,099-264-1515,遠矢　剛明,遠矢　剛明,歯　歯外　小歯　矯歯,,平21. 6. 1,kyushu/000491324.zip
歯科,46,0137810,きづしデンタルクリニック,鹿児島市下荒田３－１８－１,099-254-1867,木通　敏文,木通　敏文,歯　矯歯　小歯　歯外,,平21. 7. 1,kyushu/000491324.zip
歯科,46,0137828,永田むつみ歯科医院,鹿児島市草牟田町４番地１５,099-223-8143,医療法人　永田歯科　理事長　永田　睦,永田　睦,歯　小歯　矯歯　歯外,,平21. 10. 1,kyushu/000491324.zip
歯科,46,0137836,鳥居歯科医院,鹿児島市東千石町２番１３号,099-216-8478,医療法人　鳥居歯科医院　理事長　鳥居　寬史,鳥居　寬史,歯　小歯　歯外,,平21. 10. 1,kyushu/000491324.zip
歯科,46,0137869,歯科・優クリニック,鹿児島市東谷山一丁目５４－８,099-267-1182,酒井　優,酒井　優,歯　歯外　矯歯　小歯,,平21. 12. 3,kyushu/000491324.zip
歯科,46,0137877,わかば歯科,鹿児島市吉野２丁目１７－３,099-243-4300,倉津　寛史,倉津　寛史,歯　小歯,,平21. 12. 1,kyushu/000491324.zip
歯科,46,0137885,大園歯科医院,鹿児島市谷山中央３－４５２５,099-267-0648,大園　貴志,大園　貴志,歯　小歯　歯外,,平22. 1. 1,kyushu/000491324.zip
歯科,46,0137935,ローズ歯科医院,鹿児島市宇宿２丁目３番５号オプシアミスミ１階,099-298-1818,医療法人　健勝会　理事長　上妻　勝美,永野　哲矢,歯　矯歯　小歯　歯外,,平22. 4. 1,kyushu/000491324.zip
歯科,46,0137968,ワハハ総合デンタル鹿児島マルヤガーデンズクリニック,鹿児島市呉服町６番５号　４Ｆ,099-208-8881,医療法人　翔優会　理事長　吉留　英俊,金子　尚樹,歯　矯歯　小歯　歯外,,平22. 4. 26,kyushu/000491324.zip
歯科,46,0137976,しげもり歯科,鹿児島市城西２丁目９番１０号,099-250-5010,重盛　康,重盛　康,歯　小歯　歯外,,平22. 5. 1,kyushu/000491324.zip
歯科,46,0137984,ちらん歯科クリニック,鹿児島市吉野三丁目１５番１号,099-244-8211,知覧　学,知覧　学,歯　小歯,,平22. 5. 6,kyushu/000491324.zip
歯科,46,0137992,みずえだに歯科,鹿児島市吉野町３９２５番地３,099-244-8210,医療法人　桜和会　理事長　水枝谷　浩己,水枝谷　浩己,歯　矯歯　小歯　歯外,,平22. 5. 1,kyushu/000491324.zip
歯科,46,0138024,守島デンタルクリニック,鹿児島市玉里団地三丁目２３－３,099-802-2051,守島　健次,守島　健次,歯　小歯　矯歯　歯外,,平22. 12. 1,kyushu/000491324.zip
歯科,46,0138040,大迫歯科医院,鹿児島市小川町２－２５,099-226-7070,大迫　啓,大迫　啓,歯,,平22. 11. 18,kyushu/000491324.zip
歯科,46,0138057,矯正歯科くろえクリニック,鹿児島市城山町６－３４,099-821-0088,医療法人　くろえクリニック　理事長　黒江　和斗,黒江　和斗,歯　矯歯,,平23. 1. 6,kyushu/000491324.zip
歯科,46,0138081,フォレストデンタルクリニック,鹿児島市上福元町５７８６番地１２,099-210-4052,森永　達哉,森永　達哉,歯　小歯　歯外　矯歯,,平23. 5. 24,kyushu/000491324.zip
歯科,46,0138099,さくらデンタルクリニック,鹿児島市武１－１３－８,099-296-8708,水流　和徳,水流　和徳,歯　歯外　小歯,,平23. 6. 1,kyushu/000491324.zip
歯科,46,0138131,濵野歯科医院,鹿児島市山下町９－１チャイムズビル２０２,099-239-6400,医療法人　濵野歯科医院　理事長　濱野　徹,濱野　徹,歯　小歯　歯外,,平23. 10. 1,kyushu/000491324.zip
歯科,46,0138149,おく小児矯正歯科,鹿児島市田上５丁目４番２７号,099-214-6471,医療法人　おく小児矯正歯科　理事長　奥　猛志,奥　猛志,小歯　矯歯　歯,,平23. 10. 1,kyushu/000491324.zip
歯科,46,0138172,えなつ歯科・矯正クリニック,鹿児島市武３丁目１０番４号,099-297-6480,医療法人　江夏歯科　理事長　江夏　国禎,江夏　国禎,歯　矯歯　小歯　歯外,,平24. 4. 1,kyushu/000491324.zip
歯科,46,0138180,太田歯科医院,鹿児島市鴨池２丁目２４番１４号,099-251-7007,医療法人　仁慈会　理事長　太田　博見,田實　仁,歯　小歯　矯歯　歯外,,平24. 4. 1,kyushu/000491324.zip
歯科,46,0138198,ながい正彦歯科,鹿児島市名山町１０－４,099-225-0909,永井　正彦,永井　正彦,歯　歯外　小歯　矯歯,,平24. 5. 1,kyushu/000491324.zip
歯科,46,0138206,ふたば歯科医院,鹿児島市唐湊４丁目５－６唐湊ビル１０３,099-210-5537,倉津　卓男,倉津　卓男,歯　小歯,,平24. 6. 3,kyushu/000491324.zip
歯科,46,0138222,エール歯科医院,鹿児島市城西２丁目１６番１９号,099-298-5454,医療法人　寛陽会　理事長　戸川　寛,戸川　寛,歯　歯外　小歯,,平24. 10. 1,kyushu/000491324.zip
歯科,46,0138248,パークサイド下原歯科医院,鹿児島市平之町１３－４４　平田公園ハイツ１階,099-239-0257,下原　惠,下原　惠,歯　歯外,,平24. 11. 1,kyushu/000491324.zip
歯科,46,0138271,大坪歯科医院,鹿児島市小松原１丁目２８－８,099-299-4618,大坪　誠,大坪　誠,歯　小歯　歯外,,平25. 4. 24,kyushu/000491324.zip
歯科,46,0138305,川畑歯科クリニック,鹿児島市上谷口町８７３－１,099-278-7777,川畑　英輔,川畑　英輔,歯　小歯,,平25. 5. 8,kyushu/000491324.zip
歯科,46,0138321,白石歯科,鹿児島市和田１－２３－６　ユーミー大御堂Ⅱ　２Ｆ,099-267-2547,白石　豊彦,白石　豊彦,歯　歯外　小歯　矯歯,,平25. 6. 1,kyushu/000491324.zip
歯科,46,0138347,宮ノ下歯科クリニック,鹿児島市吉野四丁目３７番１３号,099-244-6000,宮ノ下　尚朗,宮ノ下　尚朗,歯　小歯　矯歯　歯外,,平25. 10. 1,kyushu/000491324.zip
歯科,46,0138354,高見馬場歯科,鹿児島市西千石町１１番３０号富士火災鹿児島ビル１Ｆ,099-227-0118,医療法人　幸誠会　理事長　松下　幸誠,松下　幸誠,歯　矯歯　小歯　歯外,,平25. 10. 1,kyushu/000491324.zip
歯科,46,0138362,カム歯科クリニック,鹿児島市荒田一丁目１６番１５号ステラ２１－１０１号,099-206-8119,医療法人　カム歯科クリニック　理事長　松久保　正二,松久保　正二,歯　小歯　矯歯　歯外,,平25. 10. 1,kyushu/000491324.zip
歯科,46,0138370,新上橋さくら歯科,鹿児島市鷹師二丁目３番１３号元木ビル１Ｆ,099-298-1468,医療法人　さくら　理事長　松永　純,平山　喜一,歯　小歯　歯外,,平25. 10. 1,kyushu/000491324.zip
歯科,46,0138388,ひかり歯科,鹿児島市光山２丁目１番６４号,099-210-5708,佐藤　崇之,佐藤　崇之,歯　小歯,,平25. 11. 1,kyushu/000491324.zip
歯科,46,0138420,さとう歯科医院,鹿児島市皇徳寺台一丁目１６番１１号,099-264-3718,医療法人　恩和会　理事長　佐藤　裕幸,佐藤　裕幸,歯　小歯　矯歯,,平26. 4. 1,kyushu/000491324.zip
歯科,46,0138438,ひまわり歯科クリニック,鹿児島市鷹師１丁目４－１０,099-251-0028,西　市郎,西　市郎,歯　小歯,,平26. 5. 20,kyushu/000491324.zip
歯科,46,0138446,井ノ上歯科医院,鹿児島市西伊敷３丁目１３－４,099-228-5755,井ノ上　哲也,井ノ上　哲也,歯　歯外,,平26. 9. 1,kyushu/000491324.zip
歯科,46,0138453,ローズ歯科アミュプラザ鹿児島院,鹿児島市中央町１番地１　７階,099-297-4182,医療法人　健勝会　理事長　上妻　勝美,馬場　貴士,歯　小歯　歯外　矯歯,,平26. 9. 26,kyushu/000491324.zip
歯科,46,0138461,デンタルクリニック　スマート,鹿児島市武岡１丁目１２１番１１号,099-230-0718,飯田　直樹,飯田　直樹,歯　小歯　矯歯　歯外,,平26. 9. 1,kyushu/000491324.zip
歯科,46,0138479,田島歯科医院,鹿児島市東千石町４－２７サンコービル２Ｆ,099-226-7543,田島　宏臣,田島　宏臣,歯　歯外　小歯,,平26. 9. 4,kyushu/000491324.zip
歯科,46,0138487,南谷歯科医院,鹿児島市大明丘２丁目１８－１,099-244-5060,島　香澄,島　香澄,歯　歯外　小歯,,平26. 12. 5,kyushu/000491324.zip
歯科,46,0138503,鹿児島セントラル歯科,鹿児島市中央町１０番　キャンセビル６階,099-250-3151,医療法人　世心会　理事長　園田　俊一郎,松﨑　早希,歯　小歯　矯歯　歯外,,平27. 4. 1,kyushu/000491324.zip
歯科,46,0138511,あおぞら歯科,鹿児島市紫原五丁目２０番１３号,099-253-8100,医療法人青空会　理事長　有馬　敬,有馬　敬,歯　小歯　矯歯　歯外,,平27. 4. 1,kyushu/000491324.zip
歯科,46,0138529,ＹＵＭＩ　ＤＥＮＴＡＬ　ＯＦＦＩＣＥ,鹿児島市中央町６番８号　メディカルプラザ中央４Ｆ,099-813-0010,医療法人　ＹＵＭＩ　ＤＥＮＴＡＬ　ＯＦＦＩＣＥ　理事長　石谷　由美,石谷　由美,歯　歯外　矯歯　小歯,,平27. 4. 1,kyushu/000491324.zip
歯科,46,0138537,よしもり歯科医院,鹿児島市宇宿四丁目３８番５号,099-201-0418,医療法人晴花会　理事長　吉森　史,吉森　史,歯　小歯　矯歯　歯外,,平27. 4. 1,kyushu/000491324.zip
歯科,46,0138545,岸　歯科医院,鹿児島市中山１丁目１１－１５,099-298-5959,岸　克自,岸　克自,歯　歯外　小歯　矯歯,,平27. 4. 13,kyushu/000491324.zip
歯科,46,0138578,たちばなき　歯科医院,鹿児島市下荒田３丁目２７番１３号,099-255-6339,橘木　裕,橘木　裕,歯　小歯　歯外,,平27. 5. 1,kyushu/000491324.zip
歯科,46,0138586,中央デンタルクリニック,鹿児島市上之園町２２－１,099-251-8585,篠原　勝久,篠原　勝久,歯　小歯　歯外,,平27. 6. 1,kyushu/000491324.zip
歯科,46,0138628,海のまち歯科,鹿児島市鴨池新町２１番４号,099-259-0877,医療法人　さみあ会　理事長　田島　徹,田島　徹,歯　歯外　矯歯　小歯,,平27. 9. 1,kyushu/000491324.zip
歯科,46,0138636,さだむら歯科医院,鹿児島市西谷山四丁目５番１号,099-821-1558,医療法人　淳風会　理事長　貞村　淳一郎,前原　聖子,歯　小歯　矯歯　歯外,,平27. 10. 1,kyushu/000491324.zip
歯科,46,0138644,児玉歯科クリニック,鹿児島市加治屋町１３－８天野ビル４Ｆ,099-222-9920,香月　麻紀子,香月　麻紀子,歯,,平27. 11. 1,kyushu/000491324.zip
歯科,46,0138651,ハニー歯科クリニック,鹿児島市皇徳寺台３丁目１４－１,099-275-4618,小田　真寛,小田　真寛,歯　小歯　矯歯　歯外,,平27. 11. 2,kyushu/000491324.zip
歯科,46,0138677,かわもと歯科,鹿児島市郡元１丁目１５番１２号第６大丸ビル１０１号室,099-801-3336,川本　真一郎,川本　真一郎,歯　小歯　歯外,,平27. 12. 14,kyushu/000491324.zip
歯科,46,0138685,桜島歯科医院,鹿児島市桜島横山町１７２２－２７,099-293-4660,塚田　岳司,塚田　岳司,歯　小歯　歯外,,平28. 4. 1,kyushu/000491324.zip
歯科,46,0138701,デンタルクリニック　さわやか,鹿児島市武二丁目１２番１３号,099-257-8080,医療法人　賢仁会　理事長　堀川　憲子,堀川　憲子,歯　小歯　矯歯,,平28. 4. 1,kyushu/000491324.zip
歯科,46,0138719,副島デンタルクリニック,鹿児島市東千石町１４－６,099-227-0072,副島　健太郎,副島　健太郎,歯　歯外　小歯　矯歯,,平28. 5. 11,kyushu/000491324.zip
歯科,46,0138727,みわデンタルクリニック,鹿児島市上荒田町３２番１２,099-202-0351,南谷　美和,南谷　美和,歯　歯外　小歯,,平28. 6. 8,kyushu/000491324.zip
歯科,46,0138735,中央ビル歯科クリニック,鹿児島市山之口町１番１０号２階,099-223-3623,大山　正暢,大山　正暢,歯外　歯　矯歯　小歯,,平28. 7. 6,kyushu/000491324.zip
歯科,46,0138743,おやま歯科,鹿児島市東谷山四丁目３３番１３号,099-800-5063,小山　徹,小山　徹,歯　小歯,,平28. 10. 3,kyushu/000491324.zip
歯科,46,0138750,陽歯科クリニック,鹿児島市星ケ峯六丁目６番１号,099-265-8615,医療法人　陽歯科クリニック　理事長　木場　秀隆,木場　秀隆,歯　小歯　歯外,,平28. 10. 1,kyushu/000491324.zip
歯科,46,0138768,たんぽぽ歯科,鹿児島市永吉２丁目３１－１４－１Ｆ,099-285-4400,柳田　廣明,柳田　廣明,歯　小歯,,平29. 2. 3,kyushu/000491324.zip
歯科,46,0138784,古川歯科クリニック,鹿児島市光山一丁目６番１７号,099-203-0118,医療法人　古川歯科クリニック　理事長　古川　浩,古川　浩,歯　矯歯　小歯　歯外,,平29. 4. 1,kyushu/000491324.zip
歯科,46,0138792,オリーブ歯科　与次郎,鹿児島市与次郎一丁目７番２０号,099-285-4182,医療法人　こうせい会　理事長　桑畑　弘之,中島　紀一郎,歯　小歯　矯歯,,平29. 4. 21,kyushu/000491324.zip
歯科,46,0138800,藤﨑歯科医院,鹿児島市谷山中央一丁目６６番２１号,099-268-2338,藤﨑　順一,藤﨑　順一,歯　小歯　歯外,,平29. 5. 1,kyushu/000491324.zip
歯科,46,0138834,毛利歯科鴨池港クリニック,鹿児島市鴨池新町１４番１号ＪＫ七福神ビル２階,099-230-0729,医療法人　慈尊幸徳会　理事長　毛利　英樹,福留　隆史,歯　小歯　歯外,,平29. 6. 2,kyushu/000491324.zip
歯科,46,0138842,ハッピー歯科・小児矯正歯科クリニック,鹿児島市宇宿三丁目４５番３号,099-255-8866,医療法人　平田歯科医院　理事長　平田　晃士,平田　修士,歯　歯外　小歯　矯歯,,平29. 8. 1,kyushu/000491324.zip
歯科,46,0138859,とやま歯科,鹿児島市唐湊１丁目１５番１５号,099-214-9188,登山　学,登山　学,歯　矯歯　小歯,,平29. 8. 1,kyushu/000491324.zip
歯科,46,0138867,牧歯科医院,鹿児島市山之口町１－７－２Ｆ,099-239-7160,牧　幸治,牧　幸治,歯,,平29. 8. 1,kyushu/000491324.zip
歯科,46,0138883,小森歯科クリニック,鹿児島市武岡四丁目１１番８号,099-204-9955,医療法人　小森歯科クリニック　理事長　小森　政直,小森　政直,歯　小歯　歯外,,平29. 10. 1,kyushu/000491324.zip
歯科,46,0138891,のぞみ歯科医院,鹿児島市西伊敷二丁目６番１号,099-229-4363,医療法人　健口会　理事長　白山　望,白山　望,歯　小歯,,平29. 10. 1,kyushu/000491324.zip
歯科,46,0138917,田中矯正歯科,鹿児島市中央町２１番地１４,099-257-9052,医療法人　ハヤの会　理事長　窪田　健司,窪田　健司,矯歯　歯,,平29. 11. 1,kyushu/000491324.zip
歯科,46,0138933,友愛歯科医院,鹿児島市喜入町６０７５番地７,099-345-1471,黒江　信二,黒江　信二,歯　小歯,,平30. 2. 15,kyushu/000491324.zip
歯科,46,0138941,ベアーズデンタルクリニック,鹿児島市小川町１７－１０－１０２,099-222-1181,藤澤　真理,藤澤　真理,歯　小歯,,平30. 4. 2,kyushu/000491324.zip
歯科,46,0138966,平田歯科医院,鹿児島市原良二丁目３番２２号,099-255-8315,医療法人　きよら　理事長　平田　武大,平田　武大,歯　小歯　歯外,,平30. 4. 1,kyushu/000491324.zip
歯科,46,0138990,はせがわこども歯科,鹿児島市紫原四丁目３０番１５号,099-812-6030,医療法人　碧瑶会　理事長　長谷川　大子,長谷川　大子,小歯　矯歯　歯,,平30. 5. 1,kyushu/000491324.zip
歯科,46,0139105,永里歯科,鹿児島市谷山中央一丁目１６番３号,099-266-0041,永里　均,永里　均,歯　小歯　矯歯,,平30. 6. 1,kyushu/000491324.zip
歯科,46,0139113,そふと歯科（中山）,鹿児島市中山二丁目４５番３号,099-298-5700,医療法人　そふと会　理事長　岩元　亨彦,吉満　将吾,歯　小歯　矯歯　歯外,,平30. 9. 1,kyushu/000491324.zip
歯科,46,0139139,フェリアデンタルクリニック,鹿児島市宇宿８－１７－１１,099-800-7872,梶原　武弘,梶原　武弘,歯　小歯,,平30. 10. 1,kyushu/000491324.zip
歯科,46,0139147,平山歯科医院,鹿児島市真砂町５番５号,099-252-1358,医療法人　清隆会　理事長　平山　東隆,平山　東隆,歯　歯外　小歯,,平30. 11. 1,kyushu/000491324.zip
歯科,46,0139162,ひでひと歯科クリニック,鹿児島市山田町３３８３番２,099-202-0529,岡山　秀仁,岡山　秀仁,歯　歯外　小歯,,平30. 12. 1,kyushu/000491324.zip
歯科,46,0139188,ハイム　牧角歯科,鹿児島市鴨池新町２８番１－１０４,099-256-8241,牧角　淳朗,牧角　淳朗,歯　小歯　歯外,,平31. 3. 5,kyushu/000491324.zip
歯科,46,0139196,たけはら歯科医院,鹿児島市下荒田四丁目６番１号,099-202-0895,医療法人たけはら歯科医院　理事長　武原　政嗣,武原　政嗣,歯　歯外　小歯,,平31. 4. 1,kyushu/000491324.zip
歯科,46,0139204,さな歯科クリニック,鹿児島市新屋敷町１－１９セシオン萩原２Ｆ,099-224-3737,迫田　賢二,迫田　賢二,歯,,平31. 4. 1,kyushu/000491324.zip
歯科,46,0139212,徳地歯科医院,鹿児島市桜ケ丘五丁目３０番地１３,099-265-2881,医療法人徳地歯科医院　理事長　德地　良彦,德地　良彦,歯　小歯,,平31. 4. 1,kyushu/000491324.zip
歯科,46,0139238,Ｓｏｋｏ　Ｄｅｎｔａｌ　Ｃｌｉｎｉｃ,鹿児島市原良六丁目１番１号,099-282-7001,医療法人Ｓｏｋｏ　Ｄｅｎｔａｌ　Ｃｌｉｎｉｃ　理事長　荒瀬　聡子,荒瀬　聡子,歯　小歯,,平31. 4. 11,kyushu/000491324.zip
歯科,46,0139253,あやデンタルクリニック,鹿児島市紫原３－３１－３０アリマビル１Ｆ,099-298-5333,長谷川　綾,長谷川　綾,歯　矯歯　小歯,,令元. 5. 12,kyushu/000491324.zip
歯科,46,0139261,山形矯正歯科医院,鹿児島市中央町１６－５,099-206-2633,医療法人山形矯正歯科医院　理事長　山形　圭一郎,山形　圭一郎,矯歯　歯,,令元. 6. 3,kyushu/000491324.zip
歯科,46,0139279,医療法人世心会　谷山セントラル歯科,鹿児島市小松原二丁目１番１８号,099-297-5640,医療法人世心会　理事長　園田　俊一郎,宮下　汐里,歯　矯歯　小歯　歯外,,令元. 7. 1,kyushu/000491324.zip
歯科,46,0139295,ららら歯科・小児歯科,鹿児島市谷山中央一丁目１０番１８号レジリエント・ハマダ２階,099-813-8812,医療法人博望会　理事長　濵田　長博,濵田　長博,歯　小歯　歯外,,令元. 10. 1,kyushu/000491324.zip
歯科,46,0139303,イーノ矯正歯科クリニック,鹿児島市新栄町１番１号,099-255-8148,医療法人　イーノ矯正歯科クリニック　理事長　飯野　祥一朗,飯野　祥一朗,矯歯　歯　小歯　歯外,,令元. 10. 1,kyushu/000491324.zip
歯科,46,0139311,ＳＵＧＩＴＡ　ＤＥＮＴＡＬ　ＣＬＩＮＩＣ,鹿児島市鴨池１丁目５５番７サンパティーク鴨池　００１Ｆ号室,099-204-9190,杉田　礼次朗,杉田　礼次朗,歯　矯歯　歯外,,令元. 10. 15,kyushu/000491324.zip
歯科,46,0139329,高倉歯科医院,鹿児島市下伊敷一丁目３６８番２,099-228-8118,高倉　暢孝,高倉　暢孝,歯　小歯　歯外,,令元. 11. 5,kyushu/000491324.zip
歯科,46,0139337,しもつ歯科医院,鹿児島市皇徳寺台三丁目５９番２５号,099-201-1555,医療法人笑倖会　理事長　下津　昭洋,下津　昭洋,歯　歯外　小歯　矯歯,,令2. 4. 1,kyushu/000491324.zip
歯科,46,0139345,Ｊｉｎ歯科クリニック,鹿児島市山田町１６６６－１,099-275-8855,林　将仁,林　将仁,歯　小歯　歯外,,令2. 5. 19,kyushu/000491324.zip
歯科,46,0139378,鹿児島県歯科医師会立口腔保健センター,鹿児島市照国町１３番１５号,099-223-0628,公益社団法人鹿児島県歯科医師会　会長　伊地知　博史,伊地知　博史,歯,,令2. 10. 27,kyushu/000491324.zip
歯科,46,0139386,ローズ歯科医院リュクス,鹿児島市中央町１１番地,099-296-8640,医療法人健勝会　理事長　上妻　勝美,上妻　渉,歯　小歯　歯外　矯歯,,令2. 11. 2,kyushu/000491324.zip
歯科,46,0139394,萩原歯科医院,鹿児島市紫原３－３８－１５,099-256-5588,田畑　幹子,田畑　幹子,歯　小歯,,令3. 1. 1,kyushu/000491324.zip
歯科,46,0139410,すがわらデンタルクリニック,鹿児島市新屋敷町２９－４,099-295-6024,菅原　はるか,菅原　はるか,歯　歯外　小歯,,令3. 2. 24,kyushu/000491324.zip
歯科,46,0139428,さこだ歯科,鹿児島市中央町１９番地４０　６Ｆ,099-285-2011,医療法人篤志会　理事長　迫田　敏,窪薗　遥,歯　矯歯　小歯　歯外,,令3. 4. 6,kyushu/000491324.zip
歯科,46,0139436,さこだ歯科　ケアクリニック,鹿児島市中央町２１番地６,099-230-0151,医療法人篤志会　理事長　迫田　敏,正國　光一,歯　矯歯　小歯　歯外,,令3. 4. 6,kyushu/000491324.zip
歯科,46,0139451,きらりデンタルクリニック,鹿児島市西谷山二丁目１８番２５号,099-813-8181,医療法人皓星会　理事長　松下　創思,松下　創思,歯　歯外　小歯　矯歯,,令3. 4. 1,kyushu/000491324.zip
歯科,46,0139469,きらりデンタルクリニック吉野,鹿児島市川上町２０３２番地５,099-244-7173,医療法人皓星会　理事長　松下　創思,川越　結理,歯　歯外　小歯　矯歯,,令3. 4. 23,kyushu/000491324.zip
歯科,46,0139477,村上歯科,鹿児島市中央町１６番地９　中原ビル３Ｆ,099-257-2660,医療法人村上歯科　理事長　村上　慎一郎,村上　慎一郎,歯　小歯　歯外,,令3. 4. 14,kyushu/000491324.zip
歯科,46,0139493,鹿児島中央駅前矯正歯科,鹿児島市中央町１９－４０,099-201-3251,医療法人ハヤの会　理事長　窪田　健司,阿多　美幸,矯歯　歯,,令3. 6. 18,kyushu/000491324.zip
歯科,46,0139501,谷山ファミリー歯科クリニック,鹿児島市谷山中央五丁目１０番２号,099-296-8331,医療法人きずな会　理事長　永田　紳吾,永田　紳吾,歯　小歯　歯外　矯歯,,令3. 10. 1,kyushu/000491324.zip
歯科,46,0139519,みか矯正歯科医院,鹿児島市下伊敷１－３８－６－３Ｆ,099-228-2600,大勝　美香,大勝　美香,矯歯,,令3. 11. 1,kyushu/000491324.zip
歯科,46,0139527,まつい歯科,鹿児島市下伊敷一丁目４７－１６,099-220-5412,医療法人紀祥会　理事長　松井　竜太郎,松井　竜太郎,歯　歯外　小歯　矯歯,,令3. 10. 1,kyushu/000491324.zip
歯科,46,0139535,岡村歯科医院,鹿児島市坂之上３－２－４８,099-261-6980,岡村　香奈子,岡村　香奈子,歯　小歯,,令3. 11. 1,kyushu/000491324.zip
歯科,46,0139543,よしむら歯科・小児歯科医院,鹿児島市吉野四丁目５１番５号,099-248-8563,義村　健介,義村　健介,歯　小歯　歯外,,令3. 11. 1,kyushu/000491324.zip
歯科,46,0139550,かわなべ矯正歯科クリニック,鹿児島市中町１－２　ニュー中町ビル１階,099-295-0689,川邉　紀章,川邉　紀章,矯歯,,令4. 1. 1,kyushu/000491324.zip
歯科,46,0139568,医療法人社団飛翔会　鹿児島デンタルクリニック,鹿児島市東開町７番地　イオンモール鹿児島３階,099-297-4185,医療法人社団飛翔会　理事長　中村　英生,中村　英生,歯　小歯　歯外,,令4. 1. 1,kyushu/000491324.zip
歯科,46,0139576,天文館セントラル歯科・矯正歯科,鹿児島市千日町１番１号　センテラス天文館４階,099-224-6480,医療法人世心会　理事長　園田　俊一郎,園田　俊一郎,歯　小歯　矯歯　歯外,,令4. 4. 6,kyushu/000491324.zip
歯科,46,0139592,かえでデンタルクリニック,鹿児島市本名町８００－３２,099-294-3400,井上　健司,井上　健司,歯　小歯,,令4. 5. 1,kyushu/000491324.zip
歯科,46,0139618,ＳＡＫＵデンタルクリニック,鹿児島市加治屋町１９－１３Ｄ　ｄｅｓｉｇｎ　まちの社２０１,099-813-7939,柿内　貞作,柿内　貞作,歯　歯外　小歯　矯歯,,令4. 6. 1,kyushu/000491324.zip
歯科,46,0139626,陽だまりデンタルクリニック,鹿児島市下竜尾町３番１４,099-210-7836,豊田　敬介,豊田　敬介,歯　小歯　歯外　矯歯,,令4. 8. 1,kyushu/000491324.zip
歯科,46,0139634,ソフィア矯正歯科クリニック,鹿児島市西田２丁目２－４　尾堂ビル１Ｆ,099-206-2018,西川　嘉明,西川　嘉明,矯歯,,令4. 8. 1,kyushu/000491324.zip
歯科,46,0139642,さこなか歯科,鹿児島市武１丁目１０－１５　田中ビル１階,099-204-9433,迫中　友博,迫中　友博,歯　小歯,,令4. 9. 1,kyushu/000491324.zip
歯科,46,0139675,しゃもとデンタルクリニック,鹿児島市明和１丁目２５－１ファミリープラザめいわ１Ｆ１１０号,099-204-0085,社本　光央,社本　光央,歯　小歯　歯外　矯歯,,令4. 11. 1,kyushu/000491324.zip
歯科,46,0139683,キラメキテラス歯科,鹿児島市高麗町４３番２０号　３階,099-822-3711,医療法人篤志会　理事長　迫田　敏,三戸瀨　智暉,歯　矯歯　歯外　小歯,,令5. 3. 8,kyushu/000491324.zip
歯科,46,0139709,ながやまデンタルクリニック,鹿児島市紫原四丁目３７番３５号,099-285-0006,医療法人笑来会　理事長　永山　雅大,永山　雅大,歯　小歯,,令5. 4. 1,kyushu/000491324.zip
歯科,46,0139741,柿内歯科医院,鹿児島市永吉２丁目１０番５号,099-256-8781,柿内　久典,柿内　久典,歯,,令5. 6. 1,kyushu/000491324.zip
歯科,46,0139758,あおば歯科クリニック,鹿児島市春山町１８９９－４,099-278-4818,土岩　剛,土岩　剛,歯　小歯　歯外　矯歯,,令5. 10. 5,kyushu/000491324.zip
歯科,46,0139766,のぞえ歯科クリニック,鹿児島市山之口町９－１,099-222-3670,野添　陽平,野添　陽平,歯,,令5. 10. 2,kyushu/000491324.zip
歯科,46,0139774,さこぐち歯科・小児・矯正歯科,鹿児島市小松原一丁目１２－１,099-813-8970,医療法人結びの樹　理事長　迫口　賢二,迫口　賢二,歯　小歯　矯歯　歯外,,令5. 10. 1,kyushu/000491324.zip
歯科,46,0139790,さとう小児歯科,鹿児島市紫原７－５－１３,099-255-6515,佐藤　真紀子,佐藤　真紀子,小歯　歯,,令6. 5. 1,kyushu/000491324.zip
歯科,46,0139816,むく歯科医院,鹿児島市上之園町２１番１２号,099-258-1771,医療法人　麗和会　理事長　溝口　忠義,溝口　忠義,歯　小歯　矯歯　歯外,,令6. 5. 1,kyushu/000491324.zip
歯科,46,0139832,山下歯科,鹿児島市中央町５番地の４１,099-253-6943,山下　裕輔,山下　裕輔,歯　小歯　矯歯,,令6. 6. 1,kyushu/000491324.zip
歯科,46,0139840,きらりデンタルクリニック中山,鹿児島市中山町２２５４番地４,099-201-3008,医療法人皓星会　理事長　松下　創思,京田　淳志,歯　歯外　小歯　矯歯,,令6. 10. 2,kyushu/000491324.zip
歯科,46,0139857,たきしたデンタルクリニック,鹿児島市東千石町１１－７吉俣ビル１階,099-208-7525,瀧下　彰将,瀧下　彰将,歯　小歯　矯歯　歯外,,令6. 11. 5,kyushu/000491324.zip
歯科,46,0139865,下田平歯科クリニック,鹿児島市堀江町１６－８,099-222-4534,下田平　直大,下田平　直大,歯,,令6. 10. 11,kyushu/000491324.zip
歯科,46,0139873,よしみつ歯科クリニック,鹿児島市草牟田町１０－５０,099-224-4182,吉満　卓紘,吉満　卓紘,歯　小歯　歯外　矯歯,,令6. 11. 1,kyushu/000491324.zip
歯科,46,0139881,たばた歯科医院,鹿児島市中山町２２１９－１,099-821-1182,田畑　博章,田畑　博章,歯　歯外　小歯　矯歯,,令7. 2. 4,kyushu/000491324.zip
歯科,46,0139915,ななつ星歯科,鹿児島市西田一丁目５番地１　鹿児島高見橋ビル１階,099-813-7897,医療法人ななつ星　理事長　渡辺　航太,渡辺　航太,歯　小歯　歯外,,令7. 2. 1,kyushu/000491324.zip
歯科,46,0139923,ワハハ鹿児島中央駅歯科マウスピース矯正,鹿児島市武一丁目２番１０号ＪＲ鹿児島中央ビル３階,099-208-4646,一般社団法人セレーネ会　代表理事　吉留　優月,吉留　優月,歯　矯歯　小歯　歯外,,令7. 3. 1,kyushu/000491324.zip
歯科,46,0139931,しろくま歯科クリニック,鹿児島市荒田２丁目４８番７号,099-256-2080,大木　誠,大木　誠,歯　小歯　矯歯,,令7. 5. 1,kyushu/000491324.zip
歯科,46,0139949,鴨池歯科医院,鹿児島市鴨池新町３番地２,099-251-8140,医療法人鴨池歯科医院　理事長　濱田　四郎,濱田　四郎,歯　小歯　歯外,,令7. 4. 1,kyushu/000491324.zip
歯科,46,0139956,ユーカリデンタルクリニック,鹿児島市中山町２６６５番地,099-203-0526,医療法人ユーカリデンタルクリニック　理事長　鉛山　ゆかり,鉛山　ゆかり,歯　矯歯　小歯　歯外,,令7. 4. 1,kyushu/000491324.zip
歯科,46,0139972,松山歯科クリニック,鹿児島市東谷山七丁目２７－２４,099-266-1555,松山　篤史,松山　篤史,歯,,令7. 8. 12,kyushu/000491324.zip
歯科,46,0139980,まこと歯科医院,鹿児島市清和３－６－３４,099-267-0126,藤﨑　誠一,藤﨑　誠一,歯　歯外　矯歯　小歯,,令7. 6. 1,kyushu/000491324.zip
歯科,46,0139998,あいろ歯科医院,鹿児島市緑ヶ丘町５番３号,099-292-6116,医療法人いろは会　理事長　小濱　文色,小濱　文色,歯　小歯　歯外　矯歯,,令7. 10. 1,kyushu/000491324.zip
歯科,46,0330191,島田　歯科医院,鹿屋市打馬２丁目１０番２号,,島田　良光,島田　良光,歯　小歯,,昭55. 7. 1,kyushu/000491324.zip
歯科,46,0330217,ひがし　歯科医院,鹿屋市田渕町８４３,,東　俊朗,東　俊朗,歯　矯歯　小歯　歯外,,昭56. 6. 1,kyushu/000491324.zip
歯科,46,0330274,西の原歯科医院,鹿屋市打馬１丁目４－３,0994-40-4180,西之原　正明,西之原　正明,歯　小歯　矯歯,,昭61. 3. 15,kyushu/000491324.zip
歯科,46,0330290,おにがはら　歯科医院,鹿屋市寿２丁目１６番２０号,,鬼ケ原　真人,鬼ケ原　真人,歯　小歯,,昭62. 3. 16,kyushu/000491324.zip
歯科,46,0330324,はしき　歯科,鹿屋市寿７丁目５－４５,,枦木　郁哉,枦木　郁哉,歯　小歯　矯歯,,昭63. 5. 6,kyushu/000491324.zip
歯科,46,0330357,中原　歯科診療所,鹿屋市西原１丁目１２番１９号,,医療法人　文生　理事長　中原　康文,中原　康文,歯　小歯　歯外,,平元. 10. 1,kyushu/000491324.zip
歯科,46,0330373,八木　歯科,鹿屋市白崎町２番８号,0994-43-0648,八木　雅彦,八木　雅彦,歯　小歯,,平元. 11. 1,kyushu/000491324.zip
歯科,46,0330399,いなざわ　歯科医院,鹿屋市川西町４４６０－６,,稲澤　豊,稲澤　豊,歯　小歯,,平2. 5. 1,kyushu/000491324.zip
歯科,46,0330415,まつもと　歯科,鹿屋市白水町６９８－３,,松元　光博,松元　光博,歯　小歯,,平3. 2. 1,kyushu/000491324.zip
歯科,46,0330449,根木原　歯科,鹿屋市札元１丁目２２－１１,,根木原　治,根木原　治,歯　小歯,,平4. 6. 1,kyushu/000491324.zip
歯科,46,0330472,とおや治歯科クリニック,鹿屋市寿１丁目１４－２７,,遠矢　治,遠矢　治,歯　矯歯　小歯,,平4. 10. 8,kyushu/000491324.zip
歯科,46,0330480,いなば　歯科,鹿屋市西原２丁目３４番１７号,,稲葉　達也,稲葉　達也,歯　小歯,,平5. 4. 12,kyushu/000491324.zip
歯科,46,0330522,さかもと歯科クリニック,鹿屋市寿八丁目２１番２号,0994-44-2003,社会医療法人　恒心会　理事長　小倉　雅,坂元　潤也,歯　小歯　歯外,,平6. 9. 1,kyushu/000491324.zip
歯科,46,0330589,クリス　歯科,鹿屋市白崎町１９番１４号,0994-41-3931,栗栖　佳夫,栗栖　佳夫,歯　矯歯　小歯,,平9. 5. 6,kyushu/000491324.zip
歯科,46,0330613,ひらおか　歯科,鹿屋市新川町１３４ー１,0994-41-3060,平岡　孝志,平岡　孝志,歯　小歯,,平10. 4. 1,kyushu/000491324.zip
歯科,46,0330654,下浜歯科医院,鹿屋市川西町４４４８ー１２,0994-41-5888,下濵　和博,下濵　和博,歯　小歯,,平11. 5. 1,kyushu/000491324.zip
歯科,46,0330662,吉留歯科医院,鹿屋市旭原町２５２４ー１,0994-42-3708,吉留　勝雄,吉留　勝雄,歯　小歯　歯外,,平11. 12. 6,kyushu/000491324.zip
歯科,46,0330670,すみの歯科,鹿屋市寿三丁目１１番７号,0994-42-2959,角野　博人,角野　博人,歯　小歯　歯外,,平12. 4. 1,kyushu/000491324.zip
歯科,46,0330688,高須歯科医院,鹿屋市高須町９５０ー１,0994-47-2525,右田　利彦,右田　利彦,歯,,平13. 3. 8,kyushu/000491324.zip
歯科,46,0330753,中野歯科医院,鹿屋市共栄町１５番１３号,0994-41-7455,中野　俊一,中野　俊一,歯　小歯　歯外,,平17. 7. 15,kyushu/000491324.zip
歯科,46,0330787,本橋　歯科医院,鹿屋市串良町岡崎２１９０ー１,,本橋　晋,本橋　晋,歯　小歯　歯外,,昭62. 12. 1,kyushu/000491324.zip
歯科,46,0330795,池田　歯科,鹿屋市串良町岡崎２１６２－１,,医療法人　池田　歯科　理事長　池田　昭,池田　昭,歯,,平元. 10. 1,kyushu/000491324.zip
歯科,46,0330811,小浜　歯科医院,鹿屋市吾平町麓３４２８番地１,0994-58-6010,医療法人　おばま会　理事長　小浜　誠司,小浜　昭二,歯　矯歯　小歯　歯外,,平9. 10. 1,kyushu/000491324.zip
歯科,46,0330837,まつおか歯科医院,鹿屋市串良町上小原字野茶下３４７４番地１１,0994-62-8777,松岡　俊郎,松岡　俊郎,歯　小歯,,平15. 9. 1,kyushu/000491324.zip
歯科,46,0330845,安代歯科,鹿屋市北田町９番１号,0994-42-2936,内倉　賢二,内倉　賢二,歯　矯歯　小歯　歯外,,平18. 6. 1,kyushu/000491324.zip
歯科,46,0330852,はらぞの歯科,鹿屋市下堀町９５７７番地３,0994-40-4118,医療法人　はらぞの歯科　理事長　原園　聖一,原園　聖一,歯　矯歯　小歯　歯外,,平19. 4. 1,kyushu/000491324.zip
歯科,46,0330860,まつおか歯科クリニック,鹿屋市郷之原町１２５８８－２,0994-42-7001,医療法人　秀歯会　理事長　松岡　建介,松岡　建介,歯　小歯　歯外,,平19. 4. 1,kyushu/000491324.zip
歯科,46,0330886,あおぞら歯科,鹿屋市西原１丁目２９番２７号,0994-36-5688,四元　忠久,四元　忠久,歯　小歯　歯外,,平20. 12. 24,kyushu/000491324.zip
歯科,46,0330910,おおやま歯科クリニック,鹿屋市寿４丁目６番４８号,0994-43-3210,医療法人　新晃会　理事長　大山　宏史,大山　宏史,歯　小歯　歯外,,平22. 10. 1,kyushu/000491324.zip
歯科,46,0330936,ひらたデンタルクリニック,鹿屋市札元１丁目１６－８,0994-45-4929,平田　善幸,平田　善幸,歯　小歯,,平23. 4. 1,kyushu/000491324.zip
歯科,46,0330985,むらじ歯科クリニック,鹿屋市串良町細山田５１７４－１,0994-62-2381,村治　優造,村治　優造,歯　小歯,,平25. 3. 12,kyushu/000491324.zip
歯科,46,0330993,よつもと矯正歯科,鹿屋市寿４丁目４－１１,0994-41-7633,医療法人　順正会　理事長　四元　みか,四元　みか,矯歯,,平25. 10. 1,kyushu/000491324.zip
歯科,46,0331017,あさい歯科,鹿屋市笠之原町２５番４－２号,0994-41-5100,医療法人　あさい歯科　理事長　浅井　博明,浅井　博明,歯　小歯　矯歯　歯外,,平28. 6. 1,kyushu/000491324.zip
歯科,46,0331033,水口歯科医院,鹿屋市寿２丁目１４－４１,0994-43-4635,水口　弘典,水口　弘典,歯　小歯,,平28. 8. 1,kyushu/000491324.zip
歯科,46,0331041,ひまわり歯科スマイルクリニック,鹿屋市札元一丁目２６番４１号,0994-36-8020,上床　明香,上床　明香,歯　小歯　歯外　矯歯,,平29. 3. 1,kyushu/000491324.zip
歯科,46,0331058,けいこ歯科,鹿屋市寿４丁目１４－２４,0994-40-0418,原田　佳子,原田　佳子,歯　矯歯　小歯　歯外,,平31. 1. 1,kyushu/000491324.zip
歯科,46,0331066,安楽歯科,鹿屋市寿５丁目１７番４０号,0994-44-2220,医療法人　兼昭会　理事長　安樂　博史,安樂　博史,歯　歯外　小歯　矯歯,,平31. 4. 1,kyushu/000491324.zip
歯科,46,0331090,四季デンタルクリニック,鹿屋市寿４丁目１５番１８－１号,0994-44-1500,医療法人悠貴会　理事長　中垣内　卓,中垣内　卓,歯　小歯　歯外,,令3. 5. 1,kyushu/000491324.zip
歯科,46,0331116,はまち歯科・小児歯科クリニック,鹿屋市札元二丁目３７７１番地１１,0994-43-8461,医療法人稔会　理事長　濵地　剛,濵地　剛,歯　小歯,,令4. 4. 1,kyushu/000491324.zip
歯科,46,0331124,かのや歯科・矯正歯科クリニック,鹿屋市旭原町３５９２－１４,0994-45-7837,医療法人ＯＫＣ　理事長　鬼ヶ原　雄樹,鬼ヶ原　雄樹,歯　矯歯　小歯　歯外,,令5. 10. 1,kyushu/000491324.zip
歯科,46,0430132,さめしま歯科,枕崎市緑町９６番地,,鮫島　明宏,鮫島　明宏,歯　小歯　歯外,,昭63. 4. 1,kyushu/000491324.zip
歯科,46,0430215,今給黎歯科医院,枕崎市高見町９０番地,0993-73-2838,今給黎　一孝,今給黎　一孝,歯　矯歯　小歯,,平7. 12. 1,kyushu/000491324.zip
歯科,46,0430223,かわばた　歯科医院,枕崎市高見町２７３番地１三愛ビル２Ｆ,0993-73-2434,医療法人　皓歯会　理事長　川畑　正樹,川畑　正樹,歯　矯歯　小歯　歯外,,平10. 4. 1,kyushu/000491324.zip
歯科,46,0430249,山之内歯科医院,枕崎市西本町５８,0993-72-0477,山之内　伸,山之内　伸,歯,,平12. 4. 1,kyushu/000491324.zip
歯科,46,0430272,ふぁみりー歯科,枕崎市港町９,0993-76-3587,医療法人　ふぁみりー歯科　理事長　山下　福嘉,山下　福嘉,歯　小歯　矯歯　歯外,,平28. 4. 1,kyushu/000491324.zip
歯科,46,0430280,草野歯科医院,枕崎市桜木町２５,0993-72-9808,草野　浩一,草野　浩一,歯　矯歯　歯外,,平30. 4. 1,kyushu/000491324.zip
歯科,46,0630210,久木田　歯科医院,阿久根市琴平町５８番地,0996-73-0470,久木田　昌隆,久木田　昌隆,歯　矯歯　小歯　歯外,,平9. 3. 3,kyushu/000491324.zip
歯科,46,0630228,ひかり歯科クリニック,阿久根市塩鶴町一丁目４３番地,0996-72-4263,医療法人　アサップ　理事長　飯干　光男,小幡　憲一郎,歯　矯歯　小歯　歯外,,平10. 4. 1,kyushu/000491324.zip
歯科,46,0630269,スマイル歯科医院,阿久根市脇本８３４９番地１８,0996-75-3300,杉山　光喜,杉山　光喜,歯　小歯　歯外,,平12. 11. 1,kyushu/000491324.zip
歯科,46,0630277,よしもと歯科クリニック,阿久根市脇本６９６６－１,0996-75-3333,医療法人　惇明会　理事長　吉元　和八,吉元　和八,歯　矯歯　小歯　歯外,,平17. 5. 1,kyushu/000491324.zip
歯科,46,0630285,かとう歯科医院,阿久根市赤瀬川１２６６番地４,0996-73-4773,加藤　秀展,加藤　秀展,歯　小歯　歯外,,平29. 7. 6,kyushu/000491324.zip
歯科,46,0630293,あくね歯科医院,阿久根市大丸町９３,0996-72-0556,德添　浩子,德添　浩子,歯,,平29. 11. 1,kyushu/000491324.zip
歯科,46,0630301,丸山歯科医院,阿久根市大丸町８３番地,0996-68-1911,丸山　浩美,丸山　浩美,歯　小歯　歯外,,平30. 3. 1,kyushu/000491324.zip
歯科,46,0830208,椎原　歯科医院,出水市六月田町９９７番地,,医療法人　椎原歯科医院　理事長　椎原　京子,河野　秀樹,歯,,平元. 10. 1,kyushu/000491324.zip
歯科,46,0830216,村岡歯科医院,出水市昭和町４４番１号,,医療法人　村岡歯科医院　理事長　村岡　建夫,村岡　建夫,歯　小歯　矯歯　歯外,,平2. 4. 1,kyushu/000491324.zip
歯科,46,0830224,おてき　歯科医院,出水市上知識町７０３番地,,樗木　浩,樗木　浩,歯,,平2. 8. 1,kyushu/000491324.zip
歯科,46,0830232,白男川　歯科医院,出水市向江町８５３９番１,0996-63-0009,白男川　雅仁,白男川　雅仁,歯,,平3. 8. 1,kyushu/000491324.zip
歯科,46,0830240,徳森　歯科医院,出水市米ノ津町１６番２６号,,徳森　健治,徳森　健治,歯,,平5. 7. 8,kyushu/000491324.zip
歯科,46,0830257,橋口　歯科医院,出水市中央町１５８５番地,,医療法人　橋口歯科医院　理事長　橋口　盛,橋口　盛,歯,,平5. 10. 1,kyushu/000491324.zip
歯科,46,0830265,金子　歯科医院,出水市本町３番２２号,,医療法人　英真会　金子歯科医院　理事長　金子　元気,金子　元気,歯,,平6. 10. 1,kyushu/000491324.zip
歯科,46,0830299,つばさ　歯科,出水市西出水町１６５６番地,0996-62-8519,所﨑　聡,所﨑　聡,歯　矯歯　小歯　歯外,,平9. 11. 1,kyushu/000491324.zip
歯科,46,0830406,こじま歯科医院,出水市中央町１１８０番地３,0996-63-4618,児島　正明,児島　正明,歯　小歯　矯歯,,平16. 4. 5,kyushu/000491324.zip
歯科,46,0830422,しお歯科医院,出水市下鯖町１４６８番地３,0996-67-5844,医療法人　秀志会　理事長　塩山　秀哉,塩山　秀哉,歯　小歯,,平17. 10. 1,kyushu/000491324.zip
歯科,46,0830455,中島　歯科医院,出水市高尾野町大久保６番地,,医療法人　中島歯科医院　理事長　中島　亮,中島　亮,歯　矯歯　小歯　歯外,,平3. 4. 1,kyushu/000491324.zip
歯科,46,0830463,石沢　歯科医院,出水市野田町上名５８５５番地,0996-84-4411,石澤　新,石澤　新,歯　矯歯　小歯　歯外,,平4. 9. 1,kyushu/000491324.zip
歯科,46,0830471,北園歯科医院,出水市高尾野町唐笠木８６０番地,0996-64-2151,北園　幸紀,北園　幸紀,歯　小歯,,平13. 4. 2,kyushu/000491324.zip
歯科,46,0830497,医療法人　壮大会　水野歯科医院,出水市高尾野町柴引２７８７番地１５,0996-82-0064,医療法人　壮大会　理事長　水野　大輔,水野　大輔,歯　小歯　歯外,,平17. 4. 1,kyushu/000491324.zip
歯科,46,0830547,塩山歯科医院,出水市本町１３－８,0996-62-2634,塩山　秀俊,塩山　秀俊,歯　矯歯　小歯　歯外,,平21. 1. 1,kyushu/000491324.zip
歯科,46,0830554,田畑歯科医院,出水市大野原町７３－１４,0996-62-0888,田畑　秀樹,田畑　秀樹,歯　矯歯,,平23. 4. 1,kyushu/000491324.zip
歯科,46,0830570,よしだ歯科クリニック,出水市高尾野町大久保２８４７－２,0996-79-3443,吉田　直哉,吉田　直哉,歯　小歯,,平24. 7. 2,kyushu/000491324.zip
歯科,46,0830604,ちゃえん歯科,出水市六月田町５６７番地１,0996-67-2325,医療法人　一二三会　理事長　茶圓　卓郎,茶圓　卓郎,歯　小歯　矯歯　歯外,,平27. 10. 1,kyushu/000491324.zip
歯科,46,0830612,柏木歯科クリニック,出水市高尾野町下水流９０７－４,0996-79-4618,柏木　裕一郎,柏木　裕一郎,歯　小歯,,平28. 5. 11,kyushu/000491324.zip
歯科,46,0830620,太田歯科クリニック,出水市野田町下名５３９０番地５,0996-84-4700,医療法人　典史会　理事長　太田　剛史,太田　剛史,歯　小歯　矯歯　歯外,,平30. 4. 1,kyushu/000491324.zip
歯科,46,0830638,きずな歯科,出水市黄金町４１７番地,0996-68-8133,碓井　智也,碓井　智也,歯　小歯,,平31. 3. 1,kyushu/000491324.zip
歯科,46,0830646,はしぐち歯科クリニック,出水市上知識町５４８番地,0996-62-8241,医療法人はしぐち歯科クリニック　理事長　橋口　勝美,橋口　勝美,歯,,令3. 10. 1,kyushu/000491324.zip
歯科,46,0830653,とし歯科,出水市文化町３５－３,0996-68-8461,上野　年洋,上野　年洋,歯　小歯,,令3. 12. 7,kyushu/000491324.zip
歯科,46,1030113,みなみ歯科,指宿市大牟礼３丁目２４番１７号,,南　七子,南　七子,歯　小歯,,昭58. 12. 15,kyushu/000491324.zip
歯科,46,1030162,宮﨑　歯科医院,指宿市東方１８番地２,,医療法人　宮﨑歯科医院　理事長　宮﨑　信行,宮﨑　信行,歯　歯外　小歯　矯歯,,平2. 1. 1,kyushu/000491324.zip
歯科,46,1030170,むこよし　歯科医院,指宿市十二町２１７２ー１,,向吉　伸郎,向吉　伸郎,歯　矯歯　小歯,,平2. 7. 2,kyushu/000491324.zip
歯科,46,1030188,伊地知　歯科医院,指宿市湊二丁目９－５,,伊地知　健,伊地知　健,歯,,平3. 4. 1,kyushu/000491324.zip
歯科,46,1030238,北薗デンタルクリニック,指宿市湊４－５－１９,,北薗　正裕,北薗　正裕,歯　小歯,,平5. 10. 8,kyushu/000491324.zip
歯科,46,1030253,大津　歯科医院,指宿市十二町２０７２番地１,,大津　浩久,大津　浩久,歯,,平6. 4. 2,kyushu/000491324.zip
歯科,46,1030261,上野　歯科医院,指宿市湯の浜一丁目１番９号,0993-24-3145,医療法人　上野歯科医院　理事長　上野　修,上野　修,歯　矯歯　小歯　歯外,,平8. 5. 1,kyushu/000491324.zip
歯科,46,1030279,まつもと一広　歯科医院,指宿市西方２０８０ー１,0993-25-4618,松元　一広,松元　一広,歯　矯歯　小歯　歯外,,平8. 10. 1,kyushu/000491324.zip
歯科,46,1030378,平田　歯科医院,指宿市山川入船町５番地,0993-35-2150,医療法人　平田歯科医院　理事長　平田　晃士,平田　晃士,歯　矯歯　小歯　歯外,,平8. 10. 1,kyushu/000491324.zip
歯科,46,1030386,濵田歯科医院,指宿市開聞川尻４９２０ー１,0993-32-5353,医療法人　朝樹会　理事長　濵田　静樹,濱田　静樹,歯　矯歯　小歯,,平10. 10. 1,kyushu/000491324.zip
歯科,46,1030394,開聞歯科医院,指宿市開聞十町２５１６ー２,0993-32-4721,濵田　三郎,濵田　三郎,歯　矯歯　小歯,,平11. 1. 1,kyushu/000491324.zip
歯科,46,1030402,ひばり歯科・矯正歯科,指宿市山川小川字西野辺１５５９番１,0993-27-6288,坂口　久美子,坂口　久美子,歯　矯歯　小歯,,平11. 7. 15,kyushu/000491324.zip
歯科,46,1030410,樋渡歯科医院,指宿市山川金生町３,0993-34-0201,樋渡　順一,樋渡　順一,歯　小歯,,平18. 4. 1,kyushu/000491324.zip
歯科,46,1030428,日高歯科医院,指宿市湯の浜二丁目８番２０号,0993-24-3839,日高　一郎,日高　一郎,歯　小歯,,平18. 8. 1,kyushu/000491324.zip
歯科,46,1030436,なかはら歯科医院,指宿市十二町１－３,0993-23-2920,中原　卓彦,中原　卓彦,歯　矯歯　小歯,,平20. 11. 1,kyushu/000491324.zip
歯科,46,1030469,そのだ歯科医院,指宿市湊一丁目１２－６３,0993-22-3561,医療法人　皓健会　理事長　園田　悟,園田　悟,歯　小歯　歯外　矯歯,,平25. 10. 1,kyushu/000491324.zip
歯科,46,1030477,永尾歯科医院,指宿市十町８８４番地,0993-24-5523,永尾　京子,永尾　京子,歯　小歯,,平25. 12. 1,kyushu/000491324.zip
歯科,46,1030485,いぶすき歯科医院,指宿市西方６８４３番地,0993-25-5050,医療法人　いぶすき歯科医院　理事長　亀山　秀和,亀山　秀和,歯　小歯　矯歯,,平30. 11. 1,kyushu/000491324.zip
歯科,46,1030493,まわたり歯科医院,指宿市湊１丁目１１－３３,0993-23-3161,馬渡　成太郎,馬渡　成太郎,歯　小歯　矯歯,,令5. 6. 8,kyushu/000491324.zip
歯科,46,1030501,なのはな歯科,指宿市東方１０８０１番地１,0993-25-4000,医療法人なのはな　理事長　中村　章,中村　章,歯　矯歯　小歯　歯外,,令5. 10. 1,kyushu/000491324.zip
歯科,46,1330075,ヨシヲ歯科医院,西之表市西之表９９６２,0997-23-1895,池村　芳男,池村　芳男,歯,,昭57. 8. 2,kyushu/000491324.zip
歯科,46,1330091,えのもと　歯科医院,西之表市西町７０６６番地,0997-22-2525,榎本　孝,榎本　孝,歯　矯歯　小歯　歯外,,平3. 1. 1,kyushu/000491324.zip
歯科,46,1330109,なかむら　歯科医院,西之表市鴨女町２１７番地６,0997-22-2418,中村　伸治,中村　伸治,歯　小歯,,平8. 1. 15,kyushu/000491324.zip
歯科,46,1330141,ならはら歯科クリニック,西之表市西之表字北ノ山１０１７１－１,0997-23-3118,楢原　弘晃,楢原　弘晃,歯　小歯　矯歯,,平26. 3. 14,kyushu/000491324.zip
歯科,46,1430123,竹下　歯科医院,垂水市上町７１番地,,医療法人　豊歯会　理事長　竹下　博之,内田　博文,歯　小歯　矯歯,,平2. 4. 1,kyushu/000491324.zip
歯科,46,1430131,いのうえ　歯科医院,垂水市田神２５番１号,,井上　敏博,井上　敏博,歯,,平3. 9. 1,kyushu/000491324.zip
歯科,46,1430156,川畑　歯科医院,垂水市田神３５１０－１,,川畑　浩,川畑　浩,歯　矯歯　小歯　歯外,,平5. 4. 15,kyushu/000491324.zip
歯科,46,1430172,ろくた　歯科医院,垂水市南松原町７８番地,0994-32-6464,医療法人　垂裕会　理事長　六田　久裕,六田　久裕,歯　小歯,,平8. 4. 1,kyushu/000491324.zip
歯科,46,1430206,なぎさ　歯科医院,垂水市浜平１８３８ー１番地,0994-31-3118,小土橋　伸一,小土橋　伸一,歯　小歯,,平9. 7. 10,kyushu/000491324.zip
歯科,46,1430255,きょうわ歯科,垂水市中俣字迫田４７１番地４,0994-32-9630,迫田　義徳,迫田　義徳,歯　小歯,,平13. 7. 2,kyushu/000491324.zip
歯科,46,1530088,河村　歯科医院,薩摩川内市宮内町２０１５－１,,河村　和彦,河村　和彦,歯　小歯,,昭57. 5. 1,kyushu/000491324.zip
歯科,46,1530120,慶田　歯科医院,薩摩川内市平佐町３４４８番地１,,医療法人慶田歯科医院　理事長　慶田　安弘,慶田　安弘,歯,,平元. 4. 1,kyushu/000491324.zip
歯科,46,1530138,池田　歯科医院,薩摩川内市原田町７番７ー２号,,医療法人　池田歯科医院　理事長　池田　敏雄,池田　敏雄,歯,,平元. 10. 1,kyushu/000491324.zip
歯科,46,1530146,宇都　歯科医院,薩摩川内市西開聞町３４番地,,宇都　博幸,宇都　博幸,歯　矯歯　小歯,,平2. 7. 2,kyushu/000491324.zip
歯科,46,1530161,星元　歯科,薩摩川内市東大小路町５３番１６号,,星元　伊作,星元　伊作,歯　小歯,,平2. 9. 1,kyushu/000491324.zip
歯科,46,1530187,せんだい　歯科医院,薩摩川内市東向田町３番１号,,山内　久哉,山内　久哉,歯　小歯,,平3. 4. 1,kyushu/000491324.zip
歯科,46,1530195,ぎんや　歯科医院,薩摩川内市宮崎町１９６５番４,,銀屋　一彦,銀屋　一彦,歯,,平3. 6. 3,kyushu/000491324.zip
歯科,46,1530203,相良　歯科医院,薩摩川内市平佐町３８３２－６,0996-20-0020,相良　孝一,相良　孝一,歯,,平3. 10. 1,kyushu/000491324.zip
歯科,46,1530211,医療法人　永里歯科医院,薩摩川内市西向田町６番５号,,医療法人　永里歯科医院　理事長　永里　広己,永里　広己,歯,,平3. 10. 1,kyushu/000491324.zip
歯科,46,1530229,医療法人　林　歯科医院,薩摩川内市平佐町２００４番,0996-20-5251,医療法人　林歯科医院　理事長　林　廣昭,林　廣昭,歯　小歯　矯歯,,平3. 11. 1,kyushu/000491324.zip
歯科,46,1530237,医療法人　米良　歯科医院,薩摩川内市勝目町４１７０番１,,医療法人　米良歯科医院　理事長　米良　貴久,米良　貴久,歯,,平3. 11. 1,kyushu/000491324.zip
歯科,46,1530252,やなぎた　歯科医院,薩摩川内市平佐町１８２２ー１,0996-20-6480,柳田　英幸,柳田　英幸,歯　小歯,,平8. 3. 1,kyushu/000491324.zip
歯科,46,1530260,智　デンタルオフィス,薩摩川内市西向田町１６ー１１,0996-27-2121,山口　智己,山口　智己,歯　小歯,,平8. 4. 3,kyushu/000491324.zip
歯科,46,1530294,若松歯科医院,薩摩川内市宮崎町３７０１ー１,0996-27-0008,若松　常信,若松　常信,歯　矯歯　小歯　歯外,,平11. 5. 1,kyushu/000491324.zip
歯科,46,1530302,林かずひろ歯科クリニック,薩摩川内市向田本町１８ー２０,0996-21-1755,林　和廣,林　和廣,歯　矯歯　小歯,,平11. 7. 15,kyushu/000491324.zip
歯科,46,1530310,永山歯科医院,薩摩川内市大王町７ー５,0996-22-3862,永山　寛,永山　寛,歯,,平12. 1. 1,kyushu/000491324.zip
歯科,46,1530328,まつなが歯科,薩摩川内市鳥追町１５ー１,0996-27-0023,松永　信,松永　信,歯　小歯,,平12. 3. 27,kyushu/000491324.zip
歯科,46,1530336,みずひき歯科診療所,薩摩川内市小倉町２５９１番地１,0996-31-2888,医療法人　いづみ会　理事長　田中　ひとみ,田中　ひとみ,歯,,平14. 12. 1,kyushu/000491324.zip
歯科,46,1530344,さかもと歯科医院,薩摩川内市中郷４丁目１５番地,0996-22-0010,坂本　雄一,坂本　雄一,歯　小歯　矯歯　歯外,,平15. 4. 10,kyushu/000491324.zip
歯科,46,1530419,さめしま　歯科医院,薩摩川内市樋脇町塔之原８４６－３,,鮫島　毅,鮫島　毅,歯,,平5. 5. 1,kyushu/000491324.zip
歯科,46,1530468,ひめの歯科クリニック,薩摩川内市東郷町斧淵中流水９７２ー１,0996-42-0786,姫野　伸幸,姫野　伸幸,歯　矯歯　小歯,,平18. 2. 14,kyushu/000491324.zip
歯科,46,1530484,とくなが歯科クリニック,薩摩川内市高城町１７１８－１,0996-20-6066,徳永　拓也,徳永　拓也,歯　小歯　歯外,,平19. 4. 9,kyushu/000491324.zip
歯科,46,1530500,せぐち歯科クリニック,薩摩川内市入来町副田５９５０－６,0996-44-4618,瀬口　康弘,瀬口　康弘,歯　小歯　歯外,,平22. 10. 22,kyushu/000491324.zip
歯科,46,1530518,しげなが歯科医院,薩摩川内市平佐一丁目１３５番地,0996-25-3193,医療法人　誠真会　理事長　重永　誠之,重永　誠之,歯　矯歯　小歯　歯外,,平22. 10. 1,kyushu/000491324.zip
歯科,46,1530526,やまもと歯科,薩摩川内市若葉町５－１,0996-41-4388,山本　高広,山本　高広,歯,,平23. 4. 1,kyushu/000491324.zip
歯科,46,1530534,ハレルヤ歯科室,薩摩川内市水引町３１９４番地２,0996-26-3200,医療法人　静和会　理事長　村上　芽梨,村上　修之,歯　矯歯　歯外　小歯,,平24. 6. 12,kyushu/000491324.zip
歯科,46,1530559,今井歯科医院,薩摩川内市御陵下町３－１０,0996-22-6090,長樂　由美,長樂　由美,歯,,平28. 3. 13,kyushu/000491324.zip
歯科,46,1530567,ながとし歯科クリニック,薩摩川内市永利町２６１７番地１,0996-22-1184,医療法人　東　理事長　遠矢　東秀,遠矢　東秀,歯　小歯,,平30. 7. 1,kyushu/000491324.zip
歯科,46,1530575,医療法人　しげたこども歯科,薩摩川内市平佐町３６０５－１１,0996-24-2564,医療法人　しげたこども歯科　理事長　重田　浩樹,重田　浩樹,小歯　矯歯　歯,,令元. 10. 1,kyushu/000491324.zip
歯科,46,1530583,やました歯科,薩摩川内市樋脇町市比野１０４番地１,0996-38-2855,山下　大輔,山下　大輔,歯　歯外　小歯　矯歯,,令元. 11. 11,kyushu/000491324.zip
歯科,46,1530591,こどもデンタル河村,薩摩川内市宮内町２０２２,0996-26-1206,河村　良彦,河村　良彦,小歯　矯歯　歯,,令2. 5. 1,kyushu/000491324.zip
歯科,46,1530609,パラソルデンタルクリニック,薩摩川内市中郷４丁目２２２番,0996-24-8978,唐笠　芳行,唐笠　芳行,歯　歯外　小歯　矯歯,,令5. 3. 1,kyushu/000491324.zip
歯科,46,1530617,高島歯科医院,薩摩川内市東開聞町１－１０,0996-23-2212,髙島　幸一,髙島　幸一,歯,,令5. 5. 1,kyushu/000491324.zip
歯科,46,1530625,薩摩川内市下甑歯科診療所,薩摩川内市下甑町長浜８－３,09969-5-0414,薩摩川内市長,有村　久厚,歯　小歯　歯外,,令5. 10. 1,kyushu/000491324.zip
歯科,46,1530641,こころ歯科医院,薩摩川内市永利町４１３１－１,0996-41-3560,金子　心,金子　心,歯　歯外,,令6. 4. 2,kyushu/000491324.zip
歯科,46,1530658,みやうち総合歯科・在宅訪問歯科,薩摩川内市宮内町７－５,0996-23-4373,田畑　真秀,田畑　真秀,歯　小歯　歯外　矯歯,,令7. 5. 1,kyushu/000491324.zip
歯科,46,1530666,ながさと歯科クリニック,薩摩川内市大小路町４８番１１号,0996-24-8955,医療法人永里歯科医院　理事長　永里　広己,永里　昂己,歯　小歯　矯歯　歯外,,令7. 12. 1,kyushu/000491324.zip
歯科,46,1630029,吹上　歯科,日置市吹上町中原２８５０番地,099-296-2508,原田　哲典,原田　哲典,歯,,昭59. 8. 1,kyushu/000491324.zip
歯科,46,1630037,福山　歯科医院,日置市伊集院町妙円寺１丁目７２－４,099-273-1419,福山　毅,福山　毅,歯　小歯,,昭60. 6. 1,kyushu/000491324.zip
歯科,46,1630045,林田　歯科医院,日置市伊集院町郡一丁目８１番地,099-272-3993,林田　賢一,林田　賢一,歯,,平2. 5. 1,kyushu/000491324.zip
歯科,46,1630060,永浜　歯科医院,日置市伊集院町徳重３９０番地,099-273-2023,医療法人　永浜歯科医院　理事長　永濱　俊宏,永濱　俊宏,歯,,平3. 11. 1,kyushu/000491324.zip
歯科,46,1630086,米澤　歯科医院,日置市東市来町湯田２６３１,099-274-6488,米澤　修,米澤　修,歯　小歯,,平6. 10. 3,kyushu/000491324.zip
歯科,46,1630110,清水　歯科医院,日置市伊集院町下谷口２２３３ー３,099-273-2233,清水　久喜,清水　久喜,歯　矯歯　小歯,,平9. 3. 3,kyushu/000491324.zip
歯科,46,1630136,たさき　歯科医院,日置市東市来町湯田２８６９,099-274-6480,田崎　資朗,田崎　資朗,歯　矯歯　小歯,,平9. 12. 1,kyushu/000491324.zip
歯科,46,1630169,医療法人　門松歯科医院,日置市伊集院町下谷口１９２６,099-272-2015,医療法人　門松歯科医院　理事長　門松　秀司,門松　秀司,歯　矯歯　小歯　歯外,,平11. 4. 1,kyushu/000491324.zip
歯科,46,1630177,前田歯科・矯正歯科,日置市伊集院町徳重三丁目１４番地１,099-272-6066,前田　充,前田　充,歯　矯歯　小歯　歯外,,平12. 9. 19,kyushu/000491324.zip
歯科,46,1630185,いざく歯科,日置市吹上町中之里１５１８－１,099-245-1080,丸山　淳,丸山　淳,歯　小歯,,平14. 12. 4,kyushu/000491324.zip
歯科,46,1630201,どりーむ歯科,日置市伊集院町麦生田２１４２,099-273-9811,永綱　健一,永綱　健一,歯　矯歯　小歯　歯外,,平17. 8. 1,kyushu/000491324.zip
歯科,46,1630219,えご歯科医院,日置市伊集院町下谷口２４６２－３,099-273-8020,江籠　三浩,江籠　三浩,歯　矯歯　小歯,,平18. 5. 1,kyushu/000491324.zip
歯科,46,1630227,ふくはら歯科医院,日置市伊集院町郡字中園１２５８－５,099-272-3272,福原　博一,福原　博一,歯　矯歯,,平18. 10. 1,kyushu/000491324.zip
歯科,46,1630250,そふと歯科（伊集院）,日置市伊集院町猪鹿倉１丁目４番地１０,099-246-5700,医療法人　そふと会　理事長　岩元　亨彦,作田　大樹,歯　小歯　矯歯　歯外,,平26. 6. 1,kyushu/000491324.zip
歯科,46,1630268,ゆだデンタルクリニック,日置市伊集院町徳重１丁目６番地７,099-272-1788,湯田　昭彦,湯田　昭彦,歯　小歯　歯外　矯歯,,平26. 7. 1,kyushu/000491324.zip
歯科,46,1630276,いしがみ歯科クリニック,日置市東市来町湯田２９３０,099-813-7377,石神　慶一郎,石神　慶一郎,歯　小歯,,平31. 4. 1,kyushu/000491324.zip
歯科,46,1630284,はぜもと歯科医院,日置市日吉町日置３９５番地１６,099-292-4600,医療法人　健隆会　理事長　櫨元　健壱,櫨元　健壱,歯　小歯　歯外,,令元. 11. 1,kyushu/000491324.zip
歯科,46,1630300,長里歯科医院,日置市東市来町長里２２６１,099-274-5911,医療法人長里歯科医院　理事長　山下　智英,山下　智英,歯　矯歯　小歯　歯外,,令5. 4. 1,kyushu/000491324.zip
歯科,46,1630318,こだま歯科クリニック,日置市東市来町湯田３１８０－３,099-274-5077,兒玉　健一,兒玉　健一,歯　小歯,,令5. 12. 8,kyushu/000491324.zip
歯科,46,1630326,サニー歯科,日置市伊集院町徳重３－１２－２,099-813-7026,吉留　翔,吉留　翔,歯　小歯,,令6. 3. 1,kyushu/000491324.zip
歯科,46,1630334,さくら木歯科医院,日置市伊集院町妙円寺１丁目１１１－７,099-208-1438,大山　健太郎,大山　健太郎,歯　小歯　歯外,,令6. 11. 1,kyushu/000491324.zip
歯科,46,1630342,吹上マリス歯科クリニック,日置市吹上町中原２８１０－３,099-208-6780,長澤　大成,長澤　大成,歯　小歯　歯外,,令8. 6. 22,kyushu/000491324.zip
歯科,46,1730035,川嶋　歯科医院,曽於市末吉町岩崎９８９－１,099-482-3249,川嶋　和廣,川嶋　和廣,歯,,昭58. 2. 15,kyushu/000491324.zip
歯科,46,1730050,井上　歯科医院,曽於市大隅町中之内８８４２番地５１,099-482-4884,医療法人　井上　歯科医院　理事長　井上　信也,井上　信也,歯,,平3. 10. 1,kyushu/000491324.zip
歯科,46,1730068,関　歯科クリニック,曽於市末吉町二之方６３９４－１,,医療法人　航遙会　理事長　関　正広,関　正広,歯,,平5. 4. 1,kyushu/000491324.zip
歯科,46,1730076,宅間　歯科医院,曽於市財部町南俣字南１１１７８番地１０,,宅間　政次,宅間　政次,歯　歯外,,平5. 6. 3,kyushu/000491324.zip
歯科,46,1730084,渡辺　歯科クリニック,曽於市大隅町岩川５６１６ー１,099-482-5676,医療法人　渡辺歯科クリニック　理事長　渡辺　智哉,渡辺　智哉,歯　小歯,,平9. 4. 1,kyushu/000491324.zip
歯科,46,1730100,すみよし歯科,曽於市末吉町二之方３１０７ー２,0986-76-7700,茆原　かおり,茆原　かおり,歯　小歯　歯外,,平9. 11. 7,kyushu/000491324.zip
歯科,46,1730126,歯科　朝川医院,曽於市大隅町岩川７２６４,099-482-0153,伊藤　晴絵,伊藤　晴絵,歯　矯歯　小歯,,平13. 5. 1,kyushu/000491324.zip
歯科,46,1730142,有村歯科医院,曽於市末吉町上町６丁目２番地２,0986-28-8485,有村　憲治,有村　憲治,歯　矯歯　小歯　歯外,,平15. 4. 16,kyushu/000491324.zip
歯科,46,1730191,せと歯科医院,曽於市財部町南俣４５６,0986-72-2920,瀬戸　大基,瀬戸　大基,歯　小歯,,平20. 10. 1,kyushu/000491324.zip
歯科,46,1730217,上町さくら歯科医院,曽於市末吉町上町四丁目９番地２,0986-76-8140,井上　とも子,井上　とも子,歯　小歯　歯外,,平27. 6. 16,kyushu/000491324.zip
歯科,46,1730225,みずぐち歯科クリニック,曽於市末吉町二之方６３８８番地,0986-28-8143,医療法人みずぐち歯科クリニック　理事長　水口　満,水口　満,歯　小歯　歯外　矯歯,,令4. 4. 1,kyushu/000491324.zip
歯科,46,1830041,マコト　歯科医院,いちき串木野市西浜町１４２～１,,林　秀徳,林　秀徳,歯　小歯,,平2. 8. 1,kyushu/000491324.zip
歯科,46,1830058,えとう歯科,いちき串木野市元町３８番地,,江藤　克己,江藤　克己,歯　矯歯　小歯,,平3. 6. 1,kyushu/000491324.zip
歯科,46,1830066,みのて歯科医院,いちき串木野市元町１５４,,蓑手　公一,蓑手　公一,歯,,平5. 5. 1,kyushu/000491324.zip
歯科,46,1830090,えのもと　歯科医院,いちき串木野市照島５９１９番地１,0996-32-8164,榎元　三喜男,榎元　三喜男,歯,,平9. 3. 12,kyushu/000491324.zip
歯科,46,1830108,ひまわり歯科医院,いちき串木野市昭和通２７８,0996-33-5777,高畠　哲朗,高畠　哲朗,歯　矯歯　小歯　歯外,,平16. 10. 12,kyushu/000491324.zip
歯科,46,1830124,前田　歯科,いちき串木野市大里４０４８番地,,前田　敏光,前田　敏光,歯,,平2. 4. 1,kyushu/000491324.zip
歯科,46,1830132,羽島歯科クリニック,いちき串木野市羽島５１９５－１２,0996-31-0031,糸永　昭仁,糸永　昭仁,歯,,平17. 10. 1,kyushu/000491324.zip
歯科,46,1830140,濵田歯科医院,いちき串木野市湊町１丁目７４番地,0996-36-4747,医療法人　濵田歯科医院　理事長　濵田　藏人,濵田　藏人,歯　矯歯　小歯,,平17. 10. 1,kyushu/000491324.zip
歯科,46,1830199,くきた歯科クリニック,いちき串木野市桜町６６,0996-26-1182,久木田　賢司,久木田　賢司,歯　小歯　矯歯　歯外,,平29. 8. 21,kyushu/000491324.zip
歯科,46,1830207,みどり歯科医院,いちき串木野市緑町１１番地,0996-32-8810,医療法人　みどり歯科医院　理事長　鏑流馬　祐二,鏑流馬　祐二,歯　小歯　矯歯,,平30. 10. 1,kyushu/000491324.zip
歯科,46,1830215,あおい歯科,いちき串木野市湊町３丁目１１７番地,0996-36-5583,医療法人　あおい歯科　理事長　真栄田　浩,真栄田　浩,歯　小歯　矯歯　歯外,,令元. 10. 1,kyushu/000491324.zip
歯科,46,1830231,なかしま歯科医院,いちき串木野市照島５０６４－１,0996-26-1250,中島　幸太郎,中島　幸太郎,歯　小歯　矯歯　歯外,,令2. 4. 7,kyushu/000491324.zip
歯科,46,1830249,さくら歯科クリニック,いちき串木野市麓１５９番地,0996-29-3918,医療法人桜　理事長　井上　敬博,井上　敬博,歯　小歯　歯外,,令3. 10. 1,kyushu/000491324.zip
歯科,46,1830264,かずき歯科,いちき串木野市昭和通７６番,0996-32-1989,吉留　五喜,吉留　五喜,歯　小歯　歯外,,令6. 11. 5,kyushu/000491324.zip
歯科,46,1830272,なの歯科,いちき串木野市日出町６０番,0996-41-4717,藤本　奈名枝,藤本　奈名枝,歯　小歯　矯歯　歯外,,令8. 3. 16,kyushu/000491324.zip
歯科,46,1930031,森原　歯科医院,霧島市国分中央三丁目１２番５７号,,森原　和久,森原　和久,歯　矯歯　小歯,,昭55. 1. 1,kyushu/000491324.zip
歯科,46,1930122,中牟田　歯科医院,霧島市国分清水二丁目１１番１８ー２号,,中牟田　篤,中牟田　篤,歯　小歯　歯外,,平5. 12. 9,kyushu/000491324.zip
歯科,46,1930130,竹ノ内　歯科医院,霧島市国分名波町１番１５号,,竹ノ内　哲,竹ノ内　哲,歯　矯歯　小歯,,平6. 3. 4,kyushu/000491324.zip
歯科,46,1930148,ヒサドメ歯科,霧島市国分野口東１１５９番地,,医療法人　親和会　理事長　久留　克彦,久留　克彦,歯　小歯　歯外　矯歯,,平6. 4. 1,kyushu/000491324.zip
歯科,46,1930155,よねさか　歯科医院,霧島市国分広瀬一丁目１８－１８番地,0995-45-6363,米坂　勉,米坂　勉,歯　小歯,,平7. 2. 1,kyushu/000491324.zip
歯科,46,1930189,浜田　歯科,霧島市国分中央三丁目４番５号,0995-45-0108,医療法人　一元会　理事長　濱田　鉄郎,濱田　鉄郎,歯　歯外　小歯,,平9. 10. 1,kyushu/000491324.zip
歯科,46,1930205,平成歯科クリニック,霧島市国分清水１丁目９ー３５ー２,0995-45-6617,濵田　益弘,濵田　益弘,歯　小歯　歯外,,平11. 6. 1,kyushu/000491324.zip
歯科,46,1930213,たにぐち歯科クリニック,霧島市国分山下町２０番１７号,0995-48-8588,谷口　拓郎,谷口　拓郎,歯　矯歯　小歯,,平12. 4. 7,kyushu/000491324.zip
歯科,46,1930221,ハートフル歯科,霧島市国分新町１０８８ー５,0995-45-5777,医療法人　大志会　理事長　重久　偉,月野　緑,歯　小歯　矯歯,,平13. 3. 7,kyushu/000491324.zip
歯科,46,1930239,しんち歯科医院,霧島市国分福島３丁目１９番２４号,0995-48-5122,新地　裕作,新地　裕作,歯　矯歯　小歯　歯外,,平13. 8. 6,kyushu/000491324.zip
歯科,46,1930247,さくら歯科クリニック,霧島市国分郡田２７７ー９,0995-45-1110,稲田　義久,稲田　義久,歯　小歯,,平13. 9. 1,kyushu/000491324.zip
歯科,46,1930254,米重歯科医院,霧島市国分中央１丁目２番２４号,0995-45-0339,米重　成人,米重　成人,歯　小歯　歯外,,平17. 4. 1,kyushu/000491324.zip
歯科,46,1930320,奥　歯科医院,霧島市牧園町高千穂３６２０－６０,,奥　淳一,奥　淳一,歯　矯歯　小歯,,昭58. 12. 15,kyushu/000491324.zip
歯科,46,1930346,鬼丸　歯科医院,霧島市溝辺町有川２８８－２,,鬼丸　髙久,鬼丸　髙久,歯,,昭59. 5. 1,kyushu/000491324.zip
歯科,46,1930361,永山　歯科医院,霧島市隼人町姫城２丁目２４３番地,,永山　薩士,永山　薩士,歯　小歯,,昭61. 2. 1,kyushu/000491324.zip
歯科,46,1930387,重久　歯科医院,霧島市溝辺町麓８５５番地１,,医療法人　孝和会　理事長　重久　清孝,重久　清孝,歯,,平元. 10. 1,kyushu/000491324.zip
歯科,46,1930395,わたなべ　歯科医院,霧島市隼人町見次字中原８１０－１１,,渡邊　成雄,渡邊　成雄,歯　小歯,,平4. 8. 1,kyushu/000491324.zip
歯科,46,1930403,公益社団法人　姶良地区歯科医師会口腔保健センター,霧島市溝辺町麓字松ケ迫８７２－２,,公益社団法人　姶良地区歯科医師会　会長　谷口　拓郎,谷口　拓郎,歯,,平4. 10. 4,kyushu/000491324.zip
歯科,46,1930411,はまさき　歯科,霧島市隼人町東郷１０１番地,0995-43-4771,浜崎　昭裕,浜崎　昭裕,歯　小歯,,平5. 1. 11,kyushu/000491324.zip
歯科,46,1930429,榎田歯科医院,霧島市福山町福山５１５０－２２０,,榎田　龍哉,榎田　龍哉,歯,,平5. 5. 1,kyushu/000491324.zip
歯科,46,1930437,植村　歯科クリニック,霧島市隼人町内山田二丁目２番２号,,医療法人　聖風会　理事長　荒牧　大地,荒牧　大地,歯　矯歯　小歯　歯外,,平5. 10. 1,kyushu/000491324.zip
歯科,46,1930445,牧園川坂　歯科医院,霧島市牧園町高千穂３０９６－３番地,,川坂　哲男,川坂　哲男,歯,,平6. 7. 1,kyushu/000491324.zip
歯科,46,1930452,中村　歯科,霧島市霧島田口９１９番地,,中村　浩一郎,中村　浩一郎,歯,,平6. 8. 1,kyushu/000491324.zip
歯科,46,1930460,なかしま　歯科クリニック,霧島市隼人町東郷一丁目２６７番地２,0995-43-4618,中島　厚生,中島　厚生,歯　矯歯　小歯,,平8. 5. 30,kyushu/000491324.zip
歯科,46,1930478,古村　歯科クリニック,霧島市牧園町宿窪田２２２４,0995-76-2216,古村　正史,古村　正史,歯　小歯,,平8. 12. 2,kyushu/000491324.zip
歯科,46,1930486,有村　歯科クリニック,霧島市福山町福山５３７５ー３,0995-64-7100,有村　健二,有村　健二,歯　小歯　歯外,,平9. 4. 1,kyushu/000491324.zip
歯科,46,1930502,きみの　デンタルクリニック,霧島市隼人町松永２丁目６１番地,0995-64-2266,君野　岳,君野　岳,歯　小歯,,平10. 3. 14,kyushu/000491324.zip
歯科,46,1930510,むらおか歯科,霧島市隼人町見次１１８４番地１,0995-43-7711,医療法人　一陽会　理事長　村岡　一陽,村岡　一陽,歯　小歯　歯外,,平11. 4. 1,kyushu/000491324.zip
歯科,46,1930536,ひろもり歯科医院,霧島市横川町中ノ１４２８番５,0995-64-6480,廣森　健二,廣森　健二,歯　矯歯　小歯　歯外,,平13. 12. 4,kyushu/000491324.zip
歯科,46,1930544,はな歯科,霧島市溝辺町麓１４３５－１４,0995-58-9090,石倉　昌平,石倉　昌平,歯　矯歯　小歯　歯外,,平16. 4. 1,kyushu/000491324.zip
歯科,46,1930585,たけした矯正歯科,霧島市国分福島３丁目１４６０－３,0995-64-0418,竹下　隆幸,竹下　隆幸,矯歯,,平18. 3. 1,kyushu/000491324.zip
歯科,46,1930593,しんぷく歯科,霧島市国分野口西２０番１７号,0995-46-6699,医療法人　社団隼愛会　理事長　新福　哲郎,新福　哲郎,歯　矯歯　小歯　歯外,,平19. 4. 1,kyushu/000491324.zip
歯科,46,1930601,東歯科医院,霧島市国分中央３－９－２０　国分パークプラザ内,0995-48-8979,東　修平,東　修平,歯　小歯　歯外,,平19. 7. 6,kyushu/000491324.zip
歯科,46,1930635,国分歯科,霧島市国分中央六丁目２１番３３号,0995-56-7100,外山　博紀,外山　博紀,歯　小歯　矯歯,,平20. 7. 1,kyushu/000491324.zip
歯科,46,1930643,たじつデンタルクリニック,霧島市隼人町小田２７６１番地１,0995-42-8802,田實　譲,田實　譲,歯　小歯,,平21. 4. 1,kyushu/000491324.zip
歯科,46,1930676,ささき歯科医院,霧島市国分中央４－２９－１８,0995-45-1100,佐々木　修,佐々木　修,歯,,平23. 5. 16,kyushu/000491324.zip
歯科,46,1930684,みやかわ小児矯正歯科,霧島市国分新町一丁目１８番４号,0995-48-6040,医療法人　まほうつ会　理事長　宮川　尚之,宮川　尚之,歯　矯歯　小歯　歯外,,平23. 10. 1,kyushu/000491324.zip
歯科,46,1930718,そふと歯科,霧島市国分敷根１６７番地,0995-57-5700,医療法人　そふと会　理事長　岩元　亨彦,岩元　亨彦,歯　矯歯　小歯　歯外,,平25. 11. 1,kyushu/000491324.zip
歯科,46,1930726,船盛歯科診療所,霧島市隼人町住吉字御油田１７０３番１,0995-42-0581,塚本　尚志,塚本　尚志,歯　小歯　矯歯　歯外,,平26. 3. 1,kyushu/000491324.zip
歯科,46,1930734,泉歯科医院,霧島市隼人町姫城１丁目３３１番,0995-43-5166,泉　直孝,泉　直孝,歯　小歯,,平26. 4. 10,kyushu/000491324.zip
歯科,46,1930742,みなみ歯科クリニック,霧島市隼人町見次２０番地１,0995-43-6818,医療法人　みなみ歯科クリニック　理事長　南　康朗,南　康朗,歯　矯歯　小歯　歯外,,平26. 5. 1,kyushu/000491324.zip
歯科,46,1930759,見次さくら歯科,霧島市隼人町見次１０７４－１－２,0995-43-8024,医療法人　さくら　理事長　松永　純,松永　純,歯　小歯　歯外,,平27. 5. 1,kyushu/000491324.zip
歯科,46,1930791,ひなた歯科,霧島市隼人町見次１３００－２　２０Ａ　ドラゴンポート８８,0995-71-0540,白石　亮二,白石　亮二,歯　小歯　歯外,,平29. 3. 15,kyushu/000491324.zip
歯科,46,1930809,藤田歯科医院,霧島市国分府中町１３番３４号,0995-45-0799,医療法人　奏歯会　理事長　藤田　憲一,藤田　憲一,歯　矯歯　小歯　歯外,,平29. 4. 1,kyushu/000491324.zip
歯科,46,1930825,澤　歯科医院,霧島市牧園町高千穂３９１４－５８,0995-78-8288,澤　直之,澤　直之,歯　小歯　歯外　矯歯,,平29. 11. 6,kyushu/000491324.zip
歯科,46,1930841,はまだ歯科,霧島市隼人町真孝３８９,0995-42-2241,濱田　一徳,濱田　一徳,歯　小歯　矯歯,,平30. 2. 1,kyushu/000491324.zip
歯科,46,1930858,やまのうち歯科クリニック,霧島市隼人町内５０２番地,0995-55-1616,山之内　崇浩,山之内　崇浩,歯　小歯　歯外,,平30. 6. 1,kyushu/000491324.zip
歯科,46,1930882,もちはら歯科医院,霧島市隼人町内１５３０番１,0995-43-2300,医療法人　悠志会　理事長　餅原　洋介,餅原　洋介,歯,,平31. 4. 1,kyushu/000491324.zip
歯科,46,1930890,いわきり歯科クリニック,霧島市国分広瀬３丁目６番６８号,0995-47-6802,医療法人　いわきり歯科クリニック　理事長　岩切　博宣,岩切　博宣,歯　小歯　歯外,,平31. 4. 1,kyushu/000491324.zip
歯科,46,1930916,永利歯科医院,霧島市横川町中ノ２８２番地,0995-72-0154,永利　英之,永利　英之,歯,,令元. 5. 1,kyushu/000491324.zip
歯科,46,1930932,ありかわ歯科医院,霧島市溝辺町麓５５７番地６,0995-58-3126,医療法人ありかわ歯科医院　理事長　有川　公志郎,有川　公志郎,歯　小歯,,令2. 10. 1,kyushu/000491324.zip
歯科,46,1930940,いそわき歯科,霧島市隼人町内山田１丁目１４９番地１６,0995-73-4185,医療法人優凪会　理事長　磯脇　浩二,磯脇　浩二,歯　矯歯　小歯　歯外,,令3. 4. 1,kyushu/000491324.zip
歯科,46,1930957,メイプル歯科クリニック,霧島市国分府中町３－７,0995-47-6588,原園　俊郎,原園　俊郎,歯　小歯　矯歯　歯外,,令3. 6. 1,kyushu/000491324.zip
歯科,46,1930981,岩田歯科医院,霧島市国分中央１丁目３番２２号,0995-47-4455,医療法人真正会　理事長　岩田　雅洋,岩田　雅洋,歯　小歯,,令5. 10. 1,kyushu/000491324.zip
歯科,46,1931021,かわひら歯科クリニック,霧島市隼人町姫城１０８９－１,0995-42-8856,蘆田　完,蘆田　完,歯　小歯,,令8. 1. 1,kyushu/000491324.zip
歯科,46,1931039,きりしま歯科口腔外科クリニック,霧島市隼人町内１０６４番地１,0995-70-6373,医療法人輝葉会　理事長　松本　哲彦,松本　哲彦,歯　小歯　歯外,,令8. 6. 1,kyushu/000491324.zip
歯科,46,2530244,杉田　歯科医院,薩摩郡さつま町宮之城屋地１５９６ー１３,,杉田　博紀,杉田　博紀,歯　歯外,,昭57. 6. 1,kyushu/000491324.zip
歯科,46,2530350,ほだて　歯科,薩摩郡さつま町虎居町１４番９,,甫立　宗一,甫立　宗一,歯　矯歯　小歯,,平4. 11. 10,kyushu/000491324.zip
歯科,46,2530400,林田　歯科クリニック,薩摩郡さつま町宮之城屋地１４５６ー２,0996-52-0077,林田　裕伸,林田　裕伸,歯　矯歯　小歯　歯外,,平10. 4. 1,kyushu/000491324.zip
歯科,46,2530418,たきかわ歯科医院,薩摩郡さつま町鶴田２６９０ー１,0996-55-9637,滝川　義弘,滝川　義弘,歯,,平11. 1. 6,kyushu/000491324.zip
歯科,46,2530426,ふくおか歯科クリニック,薩摩郡さつま町山崎１０００ー１,0996-56-8511,福岡　和正,福岡　和正,歯　小歯　矯歯　歯外,,平13. 10. 1,kyushu/000491324.zip
歯科,46,2530459,尾形歯科医院,薩摩郡さつま町宮之城屋地１４６２－１,0996-53-0418,尾形　文隆,尾形　文隆,歯,,平29. 7. 1,kyushu/000491324.zip
歯科,46,2530467,福岡歯科医院,薩摩郡さつま町虎居７０４－４,0996-53-3300,福岡　宏士,福岡　宏士,歯　歯外　小歯,,平29. 10. 1,kyushu/000491324.zip
歯科,46,2630226,児島歯科医院,出水郡長島町鷹巣１８０５番地１,0996-86-1266,兒島　三彦,兒島　三彦,歯　小歯,,平16. 4. 1,kyushu/000491324.zip
歯科,46,2830958,上原　歯科医院,姶良郡湧水町木場２８０番地５,0995-74-4888,医療法人　上原歯科医院　理事長　上原　士郎,上原　士郎,歯　小歯,,平7. 10. 1,kyushu/000491324.zip
歯科,46,2831337,中村歯科医院,姶良郡湧水町中津川字町後９０１番地,0995-75-2117,医療法人　湧歯会　理事長　中村　聡,中村　聡,歯,,平23. 5. 1,kyushu/000491324.zip
歯科,46,2831345,田中歯科医院,姶良郡湧水町木場１４８,0995-74-4824,田中　美智子,田中　美智子,歯,,令元. 12. 15,kyushu/000491324.zip
歯科,46,2930410,上床　歯科医院,曽於郡大崎町仮宿１５４８番地,099-476-3558,医療法人　上床歯科医院　理事長　上床　義人,上床　義人,歯　小歯,,平3. 10. 1,kyushu/000491324.zip
歯科,46,2930543,おおすみ　歯科医院,曽於郡大崎町野方６０３７ー１０,099-478-3388,岩重　康,岩重　康,歯　小歯,,平9. 8. 1,kyushu/000491324.zip
歯科,46,2930550,迫田　歯科クリニック,曽於郡大崎町仮宿１０９１番地６,099-476-4186,医療法人　迫田歯科クリニック　理事長　迫田　裕二,迫田　裕二,歯　小歯　歯外,,平9. 10. 1,kyushu/000491324.zip
歯科,46,2930683,新堂歯科医院,曽於郡大崎町永吉１０１４２－１,0994-76-0128,医療法人　新堂歯科医院　理事長　新堂　陽一,新堂　陽一,歯　矯歯　小歯　歯外,,平16. 6. 1,kyushu/000491324.zip
歯科,46,2930733,Ｄｅｎｔａｌ　Ｃｌｉｎｉｃ　ＡＫＡＤＡ,曽於郡大崎町假宿２３２６－４,099-476-3400,赤田　典子,赤田　典子,歯　歯外　小歯　矯歯,,平28. 6. 1,kyushu/000491324.zip
歯科,46,3030236,南大隅町立歯科診療所,肝属郡南大隅町佐多伊座敷３５９１番地,,南大隅町長,金村　敏生,歯,,昭59. 4. 2,kyushu/000491324.zip
歯科,46,3030251,よしどめ　歯科医院,肝属郡肝付町新富字島畑７３９－１,,吉留　哲雄,吉留　哲雄,歯,,昭59. 6. 1,kyushu/000491324.zip
歯科,46,3030376,遠矢　歯科医院,肝属郡肝付町新富３３番地,,遠矢　一則,遠矢　一則,歯,,平3. 6. 1,kyushu/000491324.zip
歯科,46,3030384,川前　歯科医院,肝属郡錦江町城元７５７番３号,,川前　通朗,川前　通朗,歯,,平3. 7. 1,kyushu/000491324.zip
歯科,46,3030392,あげの　歯科医院,肝属郡肝付町新富１０７－４番地,,揚野　久利,揚野　久利,歯　小歯,,平5. 4. 21,kyushu/000491324.zip
歯科,46,3030467,医療法人　おかの　歯科医院,肝属郡肝付町南方２６７１ー１番地,0994-67-2031,医療法人　おかの歯科医院　理事長　岡野　大介,岡野　大介,歯　小歯,,平10. 4. 1,kyushu/000491324.zip
歯科,46,3030483,神田歯科医院,肝属郡錦江町田代麓６５２番地７,0994-25-2058,神田　光一,神田　光一,歯　小歯,,平12. 1. 1,kyushu/000491324.zip
歯科,46,3030491,みやぞの歯科,肝属郡肝付町後田２３８７ー１,0994-65-4001,宮園　文博,宮園　文博,歯　小歯,,平13. 1. 22,kyushu/000491324.zip
歯科,46,3030509,土屋歯科医院,肝属郡肝付町新富１９１－８,0994-65-4370,土屋　俊夫,土屋　俊夫,歯　矯歯　小歯,,平14. 8. 21,kyushu/000491324.zip
歯科,46,3030525,坂元歯科医院,肝属郡錦江町馬場２９９,0994-22-0118,坂元　香介,坂元　香介,歯,,平21. 3. 1,kyushu/000491324.zip
歯科,46,3030533,岩城　歯科医院,肝属郡錦江町城元７１２番地８,,岩城　嘉郎,岩城　嘉郎,歯,,平26. 4. 4,kyushu/000491324.zip
歯科,46,3030541,ながた歯科医院,肝属郡南大隅町根占川北３１１,0994-24-2117,永田　聡,永田　聡,歯　歯外　小歯　矯歯,,平27. 7. 1,kyushu/000491324.zip
歯科,46,3130093,羽生　歯科医院,熊毛郡中種子町野間５１０５番地の７,,羽生　俊一郎,羽生　俊一郎,歯,,昭53. 4. 17,kyushu/000491324.zip
歯科,46,3130184,とうげ　歯科医院,熊毛郡南種子町中之上２４９４番地の１９,,峠　裕之,峠　裕之,歯　小歯　歯外,,昭62. 6. 15,kyushu/000491324.zip
歯科,46,3130192,小脇　歯科医院,熊毛郡屋久島町安房７３９－１５,0997-46-3744,小脇　淳智郎,小脇　淳智郎,歯,,昭62. 9. 16,kyushu/000491324.zip
歯科,46,3130200,あらき　歯科医院,熊毛郡屋久島町宮之浦１９７,,荒木　謙一,荒木　謙一,歯,,昭63. 12. 1,kyushu/000491324.zip
歯科,46,3130242,たなか　歯科医院,熊毛郡中種子町野間５１０２番２２,0997-27-3337,田中　孝文,田中　孝文,歯　矯歯　小歯,,平9. 10. 20,kyushu/000491324.zip
歯科,46,3130259,鎌田　歯科医院,熊毛郡中種子町野間５２９８番地３３,09972-7-2515,鎌田　伸樹,鎌田　伸樹,歯,,平9. 11. 1,kyushu/000491324.zip
歯科,46,3230364,林歯科医院,大島郡喜界町大字湾３３番地,,林　文仁,林　文仁,歯　矯歯　小歯,,昭60. 3. 29,kyushu/000491324.zip
歯科,46,3230430,日吉　歯科医院,大島郡知名町瀬利覚２１２６,,日吉　貴一郎,日吉　貴一郎,歯,,昭62. 7. 1,kyushu/000491324.zip
歯科,46,3230448,児玉　歯科医院,大島郡与論町茶花北与毛田１６－９,,児玉　伊佐雄,児玉　伊佐雄,歯,,昭63. 3. 1,kyushu/000491324.zip
歯科,46,3230489,まちだ　歯科,大島郡瀬戸内町古仁屋１０５２－１,0997-72-1100,町田　慶太,町田　慶太,歯　矯歯　小歯　歯外,,平元. 7. 1,kyushu/000491324.zip
歯科,46,3230505,大山　歯科クリニック,大島郡伊仙町大字伊仙３５０６－１,,大山　剛毅,大山　剛毅,歯　小歯,,平2. 11. 8,kyushu/000491324.zip
歯科,46,3230513,前田　歯科クリニック,大島郡和泊町和泊６９８－１,,前田　仁,前田　仁,歯　小歯,,平3. 9. 1,kyushu/000491324.zip
歯科,46,3230547,登山歯科医院,大島郡瀬戸内町古仁屋春日６番地５号,0997-72-0214,医療法人　登山歯科医院　理事長　登山　卓,登山　弘,歯　矯歯,,平4. 3. 1,kyushu/000491324.zip
歯科,46,3230562,たけがわ　歯科,大島郡龍郷町浦５１５－６,,竹川　裕之,竹川　裕之,歯　矯歯　小歯,,平5. 8. 2,kyushu/000491324.zip
歯科,46,3230612,本城　歯科医院,大島郡和泊町和泊５７７番地,,本城　浩一,本城　浩一,歯　小歯,,平6. 5. 16,kyushu/000491324.zip
歯科,46,3230653,ふくやま　歯科医院,大島郡知名町下平川４６９番地,,石黒　栄代,石黒　栄代,歯　小歯,,平6. 7. 7,kyushu/000491324.zip
歯科,46,3230679,西田　歯科医院,大島郡徳之島町亀津２８７３番地,,医療法人　裕和会　理事長　西田　裕光,西田　裕光,歯　小歯,,平6. 10. 1,kyushu/000491324.zip
歯科,46,3230703,天城歯科診療所,大島郡天城町天城２０２番地１,0997-85-4833,医療法人　天城歯科診療所　理事長　稲田　茂穂,稲田　茂穂,歯　矯歯,,平9. 4. 1,kyushu/000491324.zip
歯科,46,3230711,大山グランド　歯科,大島郡喜界町湾１５８９ー１,0997-55-3333,大山　公一,大山　公一,歯　小歯,,平9. 7. 1,kyushu/000491324.zip
歯科,46,3230752,せき歯科医院,大島郡瀬戸内町古仁屋春日４ー４,0997-72-0047,関　英男,関　英男,歯　矯歯　小歯　歯外,,平13. 8. 1,kyushu/000491324.zip
歯科,46,3230760,ファミリー歯科医院,大島郡喜界町赤連２６０４－１,0997-65-4188,医療法人　幸歯会　理事長　林　幸仁,林　幸仁,歯　矯歯　小歯　歯外,,平14. 12. 1,kyushu/000491324.zip
歯科,46,3230802,ふとり歯科医院,大島郡徳之島町亀津５０１番地,0997-83-0418,医療法人　ラ・ポール　理事長　太　覺,太　覺,歯　矯歯　小歯　歯外,,平19. 4. 1,kyushu/000491324.zip
歯科,46,3230869,医療法人淳風会　与論さだむら歯科医院,大島郡与論町大字茶花２４２６番地１,0997-85-1118,医療法人　淳風会　理事長　貞村　淳一郎,貞村　淳一郎,歯　小歯　矯歯　歯外,,平29. 4. 1,kyushu/000491324.zip
歯科,46,3230877,松尾歯科医院知名,大島郡知名町大字瀬利覚９１３番地５,0997-93-5257,医療法人社団　明生会　理事長　田畑　祐輔,松尾　栄次郎,歯　小歯　矯歯　歯外,,平29. 11. 1,kyushu/000491324.zip
歯科,46,3230885,ユイデンタルクリニック,大島郡天城町浅間２４５－１,0997-85-6010,芝田　琢哉,芝田　琢哉,歯　矯歯,,令2. 12. 23,kyushu/000491324.zip
歯科,46,3230893,赤尾木歯科医院,大島郡龍郷町赤尾木東通１６－１,0997-55-4450,医療法人社団拓美会　理事長　帯屋　一郎,杉﨑　大輔,歯　小歯　歯外,,令6. 2. 1,kyushu/000491324.zip
歯科,46,3230919,ゆいのはいしゃ,大島郡龍郷町大勝９６６－９,0997-58-8088,堤　裕子,堤　裕子,歯,,令6. 8. 16,kyushu/000491324.zip
歯科,46,3230927,伊仙歯科診療所,大島郡伊仙町伊仙１４０５,0997-86-4395,山本　綾子,山本　綾子,歯,,令7. 9. 1,kyushu/000491324.zip
歯科,46,3230935,あざれあデンタルクリニック,大島郡天城町大字天城３６０番地２,0997-85-3000,医療法人社団宝樹会　理事長　佐藤　弘樹,斎藤　康二,歯　小歯　矯歯　歯外,,令8. 5. 1,kyushu/000491324.zip
歯科,46,4030029,松岡　歯科医院,南さつま市加世田村原２丁目１５番地１８,,松岡　秀樹,松岡　秀樹,歯,,昭59. 7. 2,kyushu/000491324.zip
歯科,46,4030045,西　歯科医院,南さつま市加世田本町１０－１０,,西　正寛,西　正寛,歯　歯外,,昭62. 1. 5,kyushu/000491324.zip
歯科,46,4030052,中村　歯科医院,南さつま市加世田小湊４４５番地,,医療法人　慶勇会　理事長　中村　勇三,中村　勇三,歯　矯歯　小歯,,平元. 10. 1,kyushu/000491324.zip
歯科,46,4030060,有川　歯科医院,南さつま市加世田村原１丁目８番４,,医療法人　有川　歯科医院　理事長　有川　弥樹,有川　弥樹,歯　矯歯　小歯,,平2. 4. 1,kyushu/000491324.zip
歯科,46,4030078,おおさこ歯科,南さつま市加世田東本町４０番５,,大迫　恒伸,大迫　恒伸,歯　矯歯　小歯　歯外,,平5. 12. 1,kyushu/000491324.zip
歯科,46,4030086,黒木歯科医院,南さつま市加世田益山８４１８ー１,0993-53-6257,黒木　一也,黒木　一也,歯　矯歯　小歯　歯外,,平10. 8. 1,kyushu/000491324.zip
歯科,46,4030094,中馬歯科医院,南さつま市加世田本町４１ー１０,0993-52-0584,中馬　洋章,中馬　洋章,歯　小歯　歯外,,平13. 3. 1,kyushu/000491324.zip
歯科,46,4030110,おおうら歯科医院,南さつま市大浦町７１９５,0993-62-4840,柿元　隆志,柿元　隆志,歯　矯歯　小歯,,平16. 4. 1,kyushu/000491324.zip
歯科,46,4030144,﨑元歯科医院,南さつま市金峰町尾下１６４８番２号,,医療法人　﨑元歯科医院　理事長　﨑元　誠,﨑元　誠,歯　矯歯　小歯,,平元. 10. 1,kyushu/000491324.zip
歯科,46,4030201,谷口歯科医院,南さつま市加世田東本町１５番地２,0993-52-2434,谷口　八郎,谷口　八郎,歯　小歯　歯外　矯歯,,平23. 1. 1,kyushu/000491324.zip
歯科,46,4030227,平林デンタルクリニック,南さつま市金峰町池辺２８３４,0993-77-0313,平林　大典,平林　大典,歯　歯外,,平25. 5. 1,kyushu/000491324.zip
歯科,46,4030243,まつやま歯科,南さつま市金峰町新山字小中原２０４５番２,0993-58-4880,医療法人愛悠このはな会　理事長　松山　孝司,松山　孝司,歯　小歯　歯外　矯歯,,令4. 11. 1,kyushu/000491324.zip
歯科,46,4030250,ひまわりデンタルクリニック圭,南さつま市加世田川畑２２４８番地,0993-76-1822,是枝　圭貴,是枝　圭貴,歯,,令7. 7. 18,kyushu/000491324.zip
歯科,46,4030268,リアンデンタルクリニック,南さつま市加世田川畑１５３２,0993-53-3851,谷口　憲司,谷口　憲司,歯　歯外　矯歯　小歯,,令8. 1. 6,kyushu/000491324.zip
歯科,46,4130019,坂元歯科医院,志布志市志布志町志布志一丁目２番１１号,099-472-0105,医療法人　皓歯会　理事長　坂元　徳宏,坂元　徳宏,歯　矯歯　小歯　歯外,,昭55. 11. 1,kyushu/000491324.zip
歯科,46,4130027,西国領歯科医院,志布志市志布志町志布志３丁目５番３０号,,西國領　正,西國領　正,歯　矯歯　小歯　歯外,,昭63. 12. 1,kyushu/000491324.zip
歯科,46,4130043,飯山歯科医院,志布志市有明町野井倉７７２４番地,099-477-0809,医療法人　飯山　歯科医院　理事長　飯山　俊浩,飯山　俊浩,歯　矯歯　小歯,,平4. 4. 1,kyushu/000491324.zip
歯科,46,4130050,かすが　歯科,志布志市有明町蓬原１９－５,,春日　純一,春日　純一,歯,,平4. 10. 10,kyushu/000491324.zip
歯科,46,4130076,たんぽぽオーラルケアクリニック,志布志市志布志町志布志９６７ー１,099-472-1500,尖　克仁,尖　克仁,歯　小歯　歯外,,平8. 5. 1,kyushu/000491324.zip
歯科,46,4130084,中原歯科医院,志布志市松山町新橋２３０,099-487-3210,中原　正和,中原　正和,歯　小歯,,平10. 6. 4,kyushu/000491324.zip
歯科,46,4130092,すなお歯科,志布志市有明町野神字大堀３４０９番地３,099-471-5252,原添　隆二,原添　隆二,歯　小歯,,平11. 4. 8,kyushu/000491324.zip
歯科,46,4130100,さめしま歯科,志布志市有明町野井倉８３０４番２７,0994-77-1540,鮫島　善信,鮫島　善信,歯　小歯,,平14. 6. 6,kyushu/000491324.zip
歯科,46,4130126,ささき歯科・小児歯科,志布志市志布志町志布志三丁目１７番３１号,099-472-7730,医療法人　ささき歯科・小児歯科　理事長　佐々木　円,佐々木　円,歯　矯歯　小歯　歯外,,平17. 5. 1,kyushu/000491324.zip
歯科,46,4130142,なかしま歯科クリニック,志布志市志布志町志布志６１０番地１１,099-472-3766,医療法人　なかしま歯科クリニック　理事長　中島　弘幸,中島　弘幸,歯　歯外　小歯,,平27. 5. 1,kyushu/000491324.zip
歯科,46,4130167,春日歯科医院,志布志市志布志町志布志二丁目１番２７号,099-472-0309,春日　裕子,春日　裕子,歯,,令8. 1. 1,kyushu/000491324.zip
歯科,46,4230025,元治　歯科医院,奄美市名瀬小浜町２１－９,0997-53-4570,元治　盛一朗,元治　盛一朗,歯,,昭54. 5. 15,kyushu/000491324.zip
歯科,46,4230116,住友歯科医院,奄美市名瀬平松町２６５番１,,住友　康寿,住友　康寿,歯　小歯,,平2. 10. 1,kyushu/000491324.zip
歯科,46,4230132,美佐　歯科クリニック,奄美市名瀬幸町１１－１４,,美佐　雅仁,美佐　雅仁,歯　小歯,,平3. 12. 10,kyushu/000491324.zip
歯科,46,4230140,丸田　歯科医院,奄美市名瀬末広町４－６,,丸田　一雄,丸田　一雄,歯　矯歯　小歯,,平4. 9. 1,kyushu/000491324.zip
歯科,46,4230165,畠山歯科　医院,奄美市名瀬浦上町１３番地６,0997-54-0118,医療法人　畠山歯科医院　理事長　畠　義一郎,畠　義一郎,歯　矯歯　小歯,,平7. 5. 1,kyushu/000491324.zip
歯科,46,4230173,歯科クリニック伊集院,奄美市名瀬石橋町２０ー１０,0997-69-4017,伊集院　應位,伊集院　應位,歯,,平10. 5. 1,kyushu/000491324.zip
歯科,46,4230199,朝仁歯科医院,奄美市名瀬朝仁新町２７－１２,0997-52-4540,医療法人社団拓美会　理事長　帯屋　一郎,備前　元文,歯　小歯　歯外,,平17. 2. 1,kyushu/000491324.zip
歯科,46,4230280,和光歯科,奄美市名瀬和光町２番地１２,0997-69-3718,医療法人　登山歯科医院　理事長　登山　卓,登山　卓,歯　小歯　矯歯,,平23. 7. 15,kyushu/000491324.zip
歯科,46,4230314,松岡歯科医院,奄美市名瀬久里町４－６,0997-52-0938,松岡　延樹,松岡　延樹,歯,,平28. 1. 14,kyushu/000491324.zip
歯科,46,4230330,やす歯科医院,奄美市名瀬港町１０－４安商事ビル１階,0997-52-8557,安　忠大,安　忠大,歯　歯外　小歯　矯歯,,平29. 8. 1,kyushu/000491324.zip
歯科,46,4230355,つばた歯科クリニック,奄美市名瀬久里町９－６,0997-57-1180,津畑　達,津畑　達,歯　歯外　小歯,,平30. 6. 1,kyushu/000491324.zip
歯科,46,4230363,蒼Ｄｅｎｔａｌ　Ｏｆｆｉｃｅ,奄美市名瀬末広町２番５号アーバンビル２階,0997-53-3117,医療法人蒼Ｄｅｎｔａｌ　Ｏｆｆｉｃｅ　理事長　平川　竜範,平川　竜範,歯　小歯　矯歯　歯外,,令元. 11. 1,kyushu/000491324.zip
歯科,46,4230371,クロダ歯科,奄美市名瀬幸町２０－６恵ビル１０２,0997-58-8330,黒田　浩之,黒田　浩之,歯　小歯　矯歯　歯外,,令5. 3. 1,kyushu/000491324.zip
歯科,46,4230389,ひがし歯科診療所,奄美市名瀬小俣町１７－３２,0997-54-0280,東　大二郎,東　大二郎,歯　小歯　歯外,,令8. 1. 1,kyushu/000491324.zip
歯科,46,4330023,川平歯科,南九州市頴娃町別府７０５８番地,,医療法人　川秀会　理事長　川平　清秀,川平　清秀,歯　矯歯　小歯　歯外,,平元. 10. 1,kyushu/000491324.zip
歯科,46,4330031,友愛　歯科クリニック,南九州市頴娃町牧之内２０４６ー９,0993-36-3939,原田　修,原田　修,歯　矯歯　小歯　歯外,,平8. 2. 15,kyushu/000491324.zip
歯科,46,4330049,ひまわり　歯科クリニック,南九州市頴娃町別府４８３９ー１,0993-38-0622,岡村　いそ子,岡村　いそ子,歯　矯歯　小歯　歯外,,平10. 4. 27,kyushu/000491324.zip
歯科,46,4330056,うえむら歯科,南九州市頴娃町別府６２９番地１,0993-38-1157,医療法人　うえむら歯科　理事長　上村　典久,上村　典久,歯　小歯,,平10. 10. 1,kyushu/000491324.zip
歯科,46,4330064,黒岩歯科医院,南九州市頴娃町郡１３６２,0993-36-3933,黒岩　正一,黒岩　正一,歯,,平15. 10. 1,kyushu/000491324.zip
歯科,46,4330080,松原　歯科,南九州市知覧町塩屋２６９６５,,松原　広明,松原　広明,歯　小歯,,昭63. 12. 1,kyushu/000491324.zip
歯科,46,4330106,ひしじま　歯科医院,南九州市知覧町郡４８５７－５０,,比志島　剛,比志島　剛,歯　矯歯　小歯,,平4. 4. 1,kyushu/000491324.zip
歯科,46,4330114,朝隈歯科医院,南九州市知覧町郡１７３９５－３,,朝隈　兼好,朝隈　兼好,歯　小歯　歯外,,平4. 10. 1,kyushu/000491324.zip
歯科,46,4330122,いるか　歯科医院,南九州市知覧町瀬世字堂園中之原４８００ー１,0993-84-0955,松﨑　貴起,松﨑　貴起,歯　小歯,,平9. 6. 9,kyushu/000491324.zip
歯科,46,4330171,山本　歯科医院,南九州市川辺町平山３２５６,,山本　大海,山本　大海,歯　小歯,,平4. 5. 12,kyushu/000491324.zip
歯科,46,4330189,藤崎　歯科医院,南九州市川辺町平山字中町６７８２,0993-56-1236,藤崎　哲朗,藤崎　哲朗,歯　矯歯　小歯,,平4. 8. 10,kyushu/000491324.zip
歯科,46,4330197,谷口　歯科,南九州市川辺町田部田３７１４の５,,谷口　丞二,谷口　丞二,歯　矯歯　小歯　歯外,,平5. 4. 1,kyushu/000491324.zip
歯科,46,4330205,深町歯科医院,南九州市川辺町田部田６４１１番地,0993-56-5200,医療法人　親幸会　理事長　深町　親之,深町　親之,歯　矯歯　小歯　歯外,,平15. 4. 1,kyushu/000491324.zip
歯科,46,4330213,東デンタルクリニック,南九州市川辺町平山３４１４,0993-56-4188,東　浩司,東　浩司,歯　歯外　小歯,,平15. 5. 1,kyushu/000491324.zip
歯科,46,4330221,かわじ歯科クリニック,南九州市川辺町両添２２５１,0993-56-6480,川路　朋昭,川路　朋昭,歯　矯歯　小歯,,平16. 7. 1,kyushu/000491324.zip
歯科,46,4330247,クローバーデンタルクリニック,南九州市知覧町郡５１７４番地３,0993-83-4182,高山　俊一,高山　俊一,歯　小歯　矯歯,,平25. 4. 2,kyushu/000491324.zip
歯科,46,4430039,坂口　歯科医院,伊佐市大口上町２０番地１０,0995-22-6685,坂口　浩一,坂口　浩一,歯　小歯,,平9. 3. 1,kyushu/000491324.zip
歯科,46,4430054,たけ　歯科医院,伊佐市大口堂崎１５５番地３３,0995-23-0505,医療法人　たけ歯科　理事長　武　雄二,武　雄二,歯　小歯,,平9. 4. 1,kyushu/000491324.zip
歯科,46,4430062,有薗歯科医院,伊佐市大口元町２６番地１１,0995-22-0437,有薗　浩,有薗　浩,歯,,平15. 12. 26,kyushu/000491324.zip
歯科,46,4430096,こうき　歯科医院,伊佐市菱刈重留９７４ー９,09952-6-4483,医療法人　宏々会　理事長　中園　幸喜,中園　幸喜,歯　矯歯　小歯,,平9. 10. 1,kyushu/000491324.zip
歯科,46,4430112,ちゅうまん歯科,伊佐市菱刈前目２４３９番地,0995-26-5700,中馬　雅彦,中馬　雅彦,歯　矯歯　小歯　歯外,,平14. 4. 1,kyushu/000491324.zip
歯科,46,4430138,宮田歯科医院,伊佐市大口里２７８５番地,0995-22-8839,宮田　正一,宮田　正一,歯　小歯,,平21. 1. 1,kyushu/000491324.zip
歯科,46,4430153,久保歯科医院,伊佐市大口里６８４番地６,0995-28-3333,医療法人　翔雄会　理事長　久保　真一郎,久保　真一郎,歯　小歯,,平26. 4. 1,kyushu/000491324.zip
歯科,46,4530028,まえ歯科クリニック,姶良市加治木町新生町２１８番地１,,医療法人　まえ歯科クリニック　理事長　前　和哉,前　和哉,歯　小歯,,平元. 10. 1,kyushu/000491324.zip
歯科,46,4530036,はまかわ　歯科医院,姶良市加治木町錦江町１８９番地,0995-62-4188,医療法人　慧光会　理事長　濱川　悦郎,濱川　悦郎,歯　矯歯　小歯,,平8. 10. 1,kyushu/000491324.zip
歯科,46,4530044,ふるかわ歯科医院,姶良市加治木町本町２５１,0995-63-0606,医療法人　ふるかわ歯科医院　理事長　古川　潤一郎,古川　潤一郎,歯　矯歯　小歯　歯外,,平17. 4. 1,kyushu/000491324.zip
歯科,46,4530051,祁答院歯科クリニック,姶良市加治木町反土２３０１－１８,0995-63-4618,祁答院　公興,祁答院　公興,歯　小歯　矯歯,,平17. 5. 16,kyushu/000491324.zip
歯科,46,4530069,山中歯科医院,姶良市加治木町木田７８８－１０,0995-62-2727,医療法人　山中歯科医院　理事長　山中　冨士夫,山中　冨士夫,歯　矯歯　小歯,,平17. 10. 1,kyushu/000491324.zip
歯科,46,4530101,徳重　歯科医院,姶良市平松４９５１,,徳重　毅,徳重　毅,歯,,昭53. 8. 1,kyushu/000491324.zip
歯科,46,4530119,ミスミ　歯科医院,姶良市宮島町３２の８　パークビル２Ｆ,,三角　龍太郎,三角　龍太郎,歯,,昭56. 10. 15,kyushu/000491324.zip
歯科,46,4530127,医療法人　和田歯科医院,姶良市西宮島町２－３０,,医療法人　和田歯科医院　理事長　和田　秀文,和田　秀文,歯　小歯　歯外,,昭63. 11. 1,kyushu/000491324.zip
歯科,46,4530135,野田　歯科医院,姶良市東餅田字餅原１４０８－９,0995-67-3032,野田　敬一,野田　敬一,歯,,平元. 4. 1,kyushu/000491324.zip
歯科,46,4530143,橋村　歯科医院,姶良市宮島町５番地２,,医療法人　橋村歯科医院　理事長　橋村　志郎,橋村　志郎,歯　歯外　矯歯　小歯,,平元. 10. 1,kyushu/000491324.zip
歯科,46,4530150,竹内　歯科医院,姶良市西餅田２７番地,,竹内　敏郎,竹内　敏郎,歯,,平2. 11. 2,kyushu/000491324.zip
歯科,46,4530176,はたなか　歯科医院,姶良市西餅田３４４４－８２,0995-67-0468,畠中　隆弘,畠中　隆弘,歯　矯歯　小歯,,平4. 4. 20,kyushu/000491324.zip
歯科,46,4530184,内山　歯科クリニック,姶良市西姶良１ー２２ー５,,内山　正,内山　正,歯　小歯,,平4. 7. 20,kyushu/000491324.zip
歯科,46,4530192,タナカ　歯科医院,姶良市平松７５２８－１,0995-67-0700,田中　一路,田中　一路,歯　小歯,,平4. 8. 5,kyushu/000491324.zip
歯科,46,4530218,久保歯科医院,姶良市永池町２５－１９,,医療法人　保歯会　理事長　久保　敏郎,久保　敏郎,歯,,平5. 10. 1,kyushu/000491324.zip
歯科,46,4530226,あさひ歯科医院,姶良市東餅田２５５番３,0995-66-5827,医療法人　明沙会　理事長　田原　彰雄,田原　彰雄,歯　小歯,,平13. 10. 1,kyushu/000491324.zip
歯科,46,4530242,おばたデンタルクリニック,姶良市脇元３８０番地,0995-66-1114,尾畑　俊和,尾畑　俊和,歯　小歯　歯外,,平16. 1. 5,kyushu/000491324.zip
歯科,46,4530267,中山歯科医院,姶良市西宮島町３番地１,0995-67-1110,医療法人　清誠会　理事長　中山　清貴,中山　清貴,歯　小歯,,平18. 4. 1,kyushu/000491324.zip
歯科,46,4530275,松崎歯科医院,姶良市西餅田９２４番地４９,0995-67-6488,医療法人　優愛会　理事長　松﨑　亨,松﨑　亨,歯　矯歯　小歯　歯外,,平19. 4. 1,kyushu/000491324.zip
歯科,46,4530317,ひさどめ歯科クリニック,姶良市蒲生町上久徳２５７９－４,0995-52-0905,久留　伸文,久留　伸文,歯　小歯　歯外,,平20. 9. 1,kyushu/000491324.zip
歯科,46,4530358,ゲン歯科クリニック,姶良市加治木町諏訪町１９６,0995-62-0314,坂上　源吾,坂上　源吾,歯　小歯　矯歯　歯外,,平23. 8. 27,kyushu/000491324.zip
歯科,46,4530366,イシタニ小児・矯正歯科クリニック,姶良市宮島町４１番４号,0995-56-0777,医療法人　デンタルキッズ　理事長　石谷　徳人,石谷　徳人,小歯　歯　矯歯,,平24. 4. 1,kyushu/000491324.zip
歯科,46,4530374,姶良ふれあい歯科医院,姶良市西餅田２００４－１,0995-73-6091,三輪　大介,三輪　大介,歯　小歯　歯外,,平24. 5. 1,kyushu/000491324.zip
歯科,46,4530408,馬場デンタルクリニック,姶良市加治木町本町１６,0995-73-6434,馬場　精,馬場　精,歯　小歯　歯外,,平26. 4. 1,kyushu/000491324.zip
歯科,46,4530424,サマリア歯科医院,姶良市西餅田３２４３番地６,0995-67-0051,医療法人　Ｄ．アポス　理事長　岩出　清弥,岩出　清弥,歯　矯歯　小歯,,平26. 10. 1,kyushu/000491324.zip
歯科,46,4530432,ワハハ総合デンタル姶良イオンクリニック,姶良市西餠田２６４－１－３Ｆ,0995-73-5468,医療法人　翔優会　理事長　吉留　英俊,田中　絵梨,歯　矯歯　小歯　歯外,,平28. 3. 8,kyushu/000491324.zip
歯科,46,4530440,こはる歯科,姶良市東餅田３９６番地１,0995-67-8211,医療法人　稀悠会　理事長　田中　盾三,田中　盾三,歯　小歯　矯歯　歯外,,平28. 4. 1,kyushu/000491324.zip
歯科,46,4530457,プラージュデンタルクリニック,姶良市加治木町木田５７－１,0995-64-3636,浜辺　直樹,浜辺　直樹,歯　小歯　歯外　矯歯,,平29. 8. 21,kyushu/000491324.zip
歯科,46,4530465,まえだ歯科,姶良市平松３６０１番１,0995-73-5105,前田　文人,前田　文人,歯　小歯　矯歯,,平29. 12. 1,kyushu/000491324.zip
歯科,46,4530473,つくし歯科医院,姶良市東餅田２４６９番地２,0995-73-8101,医療法人つくし歯科医院　理事長　鎌下　祐次,鎌下　祐次,歯　歯外　小歯　矯歯,,令4. 10. 1,kyushu/000491324.zip
歯科,46,4530481,あいあい歯科,姶良市西餅田３３４４番地２並木ビル１階,0995-67-0234,医療法人章史会　理事長　内田　史郎,内田　史郎,歯　小歯,,令4. 10. 1,kyushu/000491324.zip
歯科,46,4530499,きらりデンタルクリニック姶良,姶良市西餅田３２４５番１,0995-67-8103,医療法人皓星会　理事長　松下　創思,福田　聖真,歯　歯外　小歯　矯歯,,令4. 11. 14,kyushu/000491324.zip
歯科,46,4530507,とりうみ歯科医院,姶良市蒲生町下久徳７７６－１,0995-73-6262,鳥海　祥郎,鳥海　祥郎,歯　歯外　小歯,,令5. 5. 8,kyushu/000491324.zip
歯科,46,4530515,松原こもれび歯科・矯正歯科,姶良市松原町１丁目４１－２４,0995-55-5811,濱﨑　勇介,濱﨑　勇介,歯　歯外　矯歯　小歯,,令7. 8. 1,kyushu/000491324.zip
歯科,46,4530523,ＯＮＥ　Ｔｅｅｔｈ　Ｄｅｎｔａｌ　Ｏｆｆｉｃｅ,姶良市平松４９２８番１,0995-56-0118,上床　真吾,上床　真吾,歯　小歯　矯歯　歯外,,令7. 9. 1,kyushu/000491324.zip
歯科,46,5130018,松村歯科醫院,鹿児島市荒田一丁目１２番５号,099-253-3761,医療法人柏松会　理事長　松村　幸治,松村　幸治,歯　小歯　歯外,,令7. 7. 1,kyushu/000491324.zip
歯科,46,5130026,かめのその歯科クリニック,鹿児島市下伊敷１丁目４２－４０萩原ビル１階,099-220-3955,亀之園　俊介,亀之園　俊介,歯　小歯　歯外,,令7. 12. 3,kyushu/000491324.zip
歯科,46,5130034,伊敷はまだ歯科,鹿児島市伊敷５丁目１１番２９号,099-220-4025,濵田　雄太,濵田　雄太,歯　歯外　小歯　矯歯,,令7. 9. 1,kyushu/000491324.zip
歯科,46,5130042,いのうえ歯科医院,鹿児島市吉野町５３７４番地１５,099-202-3118,医療法人　吉菖会　理事長　井上　隆太,井上　隆太,歯　歯外　矯歯　小歯,,令7. 10. 1,kyushu/000491324.zip
歯科,46,5130059,リーフ歯科おとなこども歯科,鹿児島市谷山中央一丁目４４番１号,099-822-1182,峠　貴之,峠　貴之,歯　小歯　歯外,,令7. 12. 1,kyushu/000491324.zip
歯科,46,5130067,こはる矯正歯科,鹿児島市荒田２丁目５７－５,099-814-7250,國則　貴玄,國則　貴玄,矯歯　歯,,令7. 11. 3,kyushu/000491324.zip
歯科,46,5130075,美工デンタルオフィス,鹿児島市田上三丁目１０－２－２０４,099-251-8214,医療法人幸希会　理事長　藤村　三千代,藤村　三千代,歯　小歯　矯歯　歯外,,令8. 1. 1,kyushu/000491324.zip
歯科,46,5130083,もりぞの歯科クリニック,鹿児島市石谷町１２１５－４,099-210-7606,森園　健,森園　健,歯　歯外　小歯　矯歯,,令8. 1. 1,kyushu/000491324.zip
歯科,46,5130091,鹿児島中央駅　歯科口腔外科,鹿児島市西田２丁目２１番４号４階,099-821-7702,鈴木　甫,鈴木　甫,歯外　歯,,令8. 4. 3,kyushu/000491324.zip
歯科,46,5130109,毛利歯科表参道クリニック,鹿児島市東千石町１８番８号ＢＩＧＩビル４Ｆ,099-208-8118,医療法人慈尊幸徳会　理事長　毛利　英樹,町頭　三保,歯　小歯　矯歯　歯外,,令8. 5. 1,kyushu/000491324.zip
歯科,46,5130117,うえだ歯科医院,鹿児島市真砂町６５－１　アカシア県庁前１Ｆ,099-297-6761,医療法人けんわ会　理事長　上田　大介,上田　大介,歯　小歯　歯外　矯歯,,令8. 4. 1,kyushu/000491324.zip
薬局,46,0140010,有限会社　白男川薬局,鹿児島市上本町３の１７,099-222-1735,有限会社白男川薬局　代表取締役　白男川　賢治,白男川　眞理子,調剤,,昭32. 10. 1,kyushu/000491324.zip
薬局,46,0140374,新生堂薬局,鹿児島市金生町２番地６号,099-223-9256,新生堂薬品株式会社　代表取締役　川添　博明,川添　安規,調剤,,昭41. 2. 1,kyushu/000491324.zip
薬局,46,0141133,株式会社トヤマ薬品　トヤマ調剤薬局,鹿児島市加治屋町９－６,099-225-0011,株式会社　トヤマ薬品　代表取締役　村田　陽子,村田　陽子,調剤,,昭51. 4. 15,kyushu/000491324.zip
薬局,46,0142115,郡元薬局,鹿児島市郡元三丁目１番７号,099-257-3188,鹿児島調剤センター　株式会社　代表取締役　吉水　久純,西元　浩一郎,調剤,,昭55. 11. 1,kyushu/000491324.zip
薬局,46,0142131,新生堂薬局天文館支店,鹿児島市中町３－２１,099-224-3745,新生堂薬品（株）　代表取締役　川添　博明,川添　信,調剤,,昭55. 11. 15,kyushu/000491324.zip
薬局,46,0142156,有限会社　天文館薬局,鹿児島市東千石町１３－１６,099-222-0233,有限会社　天文館薬局　代表取締役　内村　弘彦,内村　弘彦,調剤,,昭55. 12. 15,kyushu/000491324.zip
薬局,46,0142800,小牧薬局西駅一番街店,鹿児島市中央町２４－９,099-252-7458,（有）小牧薬局　代表取締役　小牧　正治,小牧　良平,調剤,,昭58. 12. 1,kyushu/000491324.zip
薬局,46,0143212,麒麟調剤薬局,鹿児島市小松原二丁目３６－１,099-268-3510,有限会社ブイ産業　代表取締役　加藤　政信,加藤　政信,調剤,,昭61. 4. 1,kyushu/000491324.zip
薬局,46,0143295,南日本薬剤センター薬局,鹿児島市谷山中央五丁目１５番１号,099-267-4365,株式会社　南日本薬剤センター　代表取締役　川島　敏男,山門　慎一郎,調剤,,昭61. 12. 1,kyushu/000491324.zip
薬局,46,0143758,宇宿薬局,鹿児島市宇宿１丁目２６－２２,099-253-7219,有限会社　宇宿薬局　代表取締役　西迫　寛隆,西迫　寛隆,調剤,,平2. 5. 1,kyushu/000491324.zip
薬局,46,0143964,有限会社　錦江薬局瀬戸堀店,鹿児島市坂之上七丁目３番４１号,099-261-3171,有限会社錦江薬局　代表取締役　原　浩一,伊瀬知　良,調剤,,平3. 12. 1,kyushu/000491324.zip
薬局,46,0144004,鹿児島県薬剤師会薬局,鹿児島市桜ヶ丘八丁目２０番７号,099-275-1112,公益社団法人　鹿児島県薬剤師会　会長　小田原　一弘,宮元　敬子,調剤,,平4. 4. 1,kyushu/000491324.zip
薬局,46,0144160,有限会社　健生堂薬局,鹿児島市紫原四丁目２６番１号,099-259-9988,有限会社健生堂薬局　代表取締役　髙城　まゆみ,髙城　まゆみ,調剤,,平5. 1. 1,kyushu/000491324.zip
薬局,46,0144384,有限会社　伊敷調剤薬局,鹿児島市伊敷二丁目１番１２号,099-229-1227,有限会社伊敷調剤薬局　代表取締役　大原　洋一,大原　洋一,調剤,,平6. 1. 1,kyushu/000491324.zip
薬局,46,0144707,のぼり調剤薬局,鹿児島市上荒田町４３番５号,099-251-7041,山下　津由子,山下　由嗣,調剤,,平7. 1. 1,kyushu/000491324.zip
薬局,46,0144772,佐々木薬局　本店,鹿児島市西千石町８番５号,099-224-4356,有限会社　佐々木薬局　代表取締役　大木　理佳,佐々木　義久,調剤,,平7. 4. 1,kyushu/000491324.zip
薬局,46,0144798,佐々木薬局　中山店,鹿児島市中山一丁目１３番２３号,099-260-8433,有限会社　佐々木　薬局　代表取締役　大木　理佳,中西　賢治,調剤,,平7. 7. 1,kyushu/000491324.zip
薬局,46,0145001,山下薬局,鹿児島市上之園町２２番地１６,099-254-9331,山下　トキ子,山下　トキ子,調剤,,平8. 8. 19,kyushu/000491324.zip
薬局,46,0145050,コスモス　薬局,鹿児島市下伊敷一丁目１ー１１,099-224-4810,有限会社　メディファム　代表取締役　松本　俊,松田　崇浩,調剤,,平8. 12. 1,kyushu/000491324.zip
薬局,46,0145373,検見崎薬局,鹿児島市草牟田二丁目１７番１号,099-226-6328,有限会社　検見崎薬局　代表取締役　検見崎　陽,安庭　義浩,調剤,,平10. 2. 1,kyushu/000491324.zip
薬局,46,0145399,はやま薬局,鹿児島市吉野町９０７１番地の１,099-244-4894,有限会社　エフアンドエフ　代表取締役　東　暁,錨　ゆかり,調剤,,平10. 2. 1,kyushu/000491324.zip
薬局,46,0145415,マルノ薬局　桜ヶ丘店,鹿児島市桜ヶ丘四丁目１５番２０号,099-275-2833,有限会社　マルノ薬局　代表取締役　丸野　桂太郎,新川　純平,調剤,,平10. 3. 1,kyushu/000491324.zip
薬局,46,0145423,すこやか調剤薬局　中山店,鹿児島市中山町５２３６番地１,099-266-5500,メディカル・システム　株式会社　代表取締役　平田　律子,有村　武志,調剤,,平10. 3. 1,kyushu/000491324.zip
薬局,46,0145548,三井調剤薬局　荒田店,鹿児島市荒田一丁目２６番１１号,099-214-8020,株式会社　三井　代表取締役　河野　公,元吉　敦子,調剤,,平10. 7. 1,kyushu/000491324.zip
薬局,46,0145589,タバタ薬局　伊敷支所店,鹿児島市伊敷五丁目１８番６号,099-218-4006,有限会社　ハイルング　代表取締役　前薗　裕美,吉田　小矢加,調剤,,平10. 9. 1,kyushu/000491324.zip
薬局,46,0145688,ゆうゆう薬局　中山店,鹿児島市中山二丁目３番１３号,099-284-5795,ファルマコム株式会社　代表取締役　上原　靖洋,上原　真奈美,調剤,,平11. 1. 1,kyushu/000491324.zip
薬局,46,0145696,ゆうゆう薬局　宇宿店,鹿児島市宇宿三丁目４１番２４号,099-286-6535,ファルマコム株式会社　代表取締役　上原　靖洋,久保　宗一,調剤,,平11. 1. 1,kyushu/000491324.zip
薬局,46,0145746,ゾウさんのはな通り薬局,鹿児島市西田二丁目２２番５号,099-214-8012,有限会社　ホームケア鹿児島　代表取締役　日髙　雄太,日髙　雄太,調剤,,平11. 3. 1,kyushu/000491324.zip
薬局,46,0145787,奥公園前薬局,鹿児島市東谷山六丁目４３番２２号,099-260-9577,有限会社　角田　代表取締役　角田　真一,角田　優子,調剤,,平11. 5. 1,kyushu/000491324.zip
薬局,46,0145803,たちばな薬局,鹿児島市中央町１０番,099-254-1730,有限会社　たちばな薬局　代表取締役　橘木　斗南雄,山際　雄一,調剤,,平11. 6. 1,kyushu/000491324.zip
薬局,46,0145852,有限会社　ケーアイ調剤薬局中山店,鹿児島市中山町２２８４番地,099-260-9181,有限会社　ケーアイ調剤薬局　取締役　熊倉　幸也,熊丸　美咲,調剤,,平11. 9. 1,kyushu/000491324.zip
薬局,46,0145860,あすなろ薬局,鹿児島市薬師二丁目１６番７号,099-255-4976,有限会社　エスティバン　代表取締役　橋本　一行,橋本　一行,調剤,,平11. 10. 1,kyushu/000491324.zip
薬局,46,0145902,さくら薬局　鹿児島店,鹿児島市大黒町１番地３ブラザービル５Ｆ,099-219-4866,有限会社　マルタメディカル　代表取締役　丸田　兼元,鮫島　基昭,調剤,,平11. 11. 1,kyushu/000491324.zip
薬局,46,0145951,南日本薬剤センター薬局　中山店,鹿児島市山田町７３９番地,099-284-7881,株式会社　南日本薬剤センター　代表取締役　川島　敏男,金野　泰,調剤,,平12. 2. 1,kyushu/000491324.zip
薬局,46,0145969,海星薬局　平川店,鹿児島市平川町１５８０番地の１,099-261-2148,株式会社　アリタス　代表取締役　星野　崇,吉原　正敏,調剤,,平12. 4. 1,kyushu/000491324.zip
薬局,46,0145993,有限会社　しらゆり調剤薬局,鹿児島市和田１丁目３０番１５号,099-263-3420,有限会社　しらゆり調剤薬局　代表取締役　片桐　晋平,片桐　裕子,調剤,,平12. 4. 1,kyushu/000491324.zip
薬局,46,0146041,あおば調剤薬局　荒田店,鹿児島市下荒田一丁目３０番１号,099-213-5328,有限会社　あおば調剤薬局　代表取締役　植之原　裕美,植之原　裕美,調剤,,平12. 5. 1,kyushu/000491324.zip
薬局,46,0146082,こあら薬局,鹿児島市玉里団地三丁目２１番１４号,099-220-7566,有限会社　ジン　代表取締役　吉重　康朗,宇都宮　さおり,調剤,,平12. 7. 1,kyushu/000491324.zip
薬局,46,0146140,やまもと薬局　伊敷台店,鹿児島市伊敷台二丁目６番２６号,099-218-0511,有限会社　マインド　代表取締役　山本　洋右,山本　洋右,調剤,,平12. 9. 1,kyushu/000491324.zip
薬局,46,0146207,株式会社　キク薬舗　キク薬局　大学病院前店,鹿児島市桜ケ丘八丁目２０番２８号,099-275-7110,株式会社　キク薬舗　代表取締役　門田　千里,小村　弘孝,調剤,,平12. 10. 1,kyushu/000491324.zip
薬局,46,0146215,フラワー薬局,鹿児島市郡元二丁目１２番１０号,099-813-0777,株式会社　ウエルカム　代表取締役　寳來　良治,宿里　美織,調剤,,平12. 11. 1,kyushu/000491324.zip
薬局,46,0146231,海星薬局,鹿児島市坂之上七丁目３３番５７号,099-262-3851,株式会社　アリタス　代表取締役　星野　崇,雨面　陽介,調剤,,平13. 1. 1,kyushu/000491324.zip
薬局,46,0146249,かわかみ薬局,鹿児島市川上町２５７１番地４,099-244-3003,有限会社　サム　代表取締役　川畑　赳久,川畑　赳久,調剤,,平13. 1. 1,kyushu/000491324.zip
薬局,46,0146256,あおぞら薬局,鹿児島市下荒田三丁目４０番１８号高良ビル１階,099-813-1350,株式会社　マストコ　代表取締役　吉田　明良,中村　敏子,調剤,,平13. 1. 1,kyushu/000491324.zip
薬局,46,0146298,こうえん薬局,鹿児島市吉野１丁目９番２１号,099-244-5979,株式会社　つかさ薬品　代表取締役　重久　宰,飯高　大,調剤,,平13. 3. 1,kyushu/000491324.zip
薬局,46,0146322,かみぞの薬局　明和店,鹿児島市明和一丁目２６番５号,099-281-2200,株式会社かみぞの薬局　代表取締役　上園　斉昭,上園　礼美,調剤,,平13. 4. 1,kyushu/000491324.zip
薬局,46,0146389,あかね薬局,鹿児島市紫原３丁目２１番１５号,099-812-2705,有限会社　メディカルネット　代表取締役　加藤　政信,新平　哲大,調剤,,平13. 8. 1,kyushu/000491324.zip
薬局,46,0146421,三愛調剤薬局　東谷山店,鹿児島市清和四丁目１０番４５号,099-210-1370,有限会社　三愛　代表取締役　川添　輝昭,榎本　朋子,調剤,,平13. 10. 1,kyushu/000491324.zip
薬局,46,0146439,朝日通り薬局,鹿児島市山下町２番７号,099-224-3729,有限会社　錦江印刷　代表取締役　岩倉　克太郎,岩倉　ひろみ,調剤,,平13. 10. 1,kyushu/000491324.zip
薬局,46,0146447,有限会社　セオ薬局　荒田調剤,鹿児島市下荒田二丁目１番１号,099-257-2991,有限会社　セオ薬局　代表取締役　瀬尾　昭一郎,東　みお,調剤,,平13. 10. 8,kyushu/000491324.zip
薬局,46,0146454,有限会社　福元薬局,鹿児島市紫原４丁目３３番１号,099-252-1058,有限会社　福元薬局　代表取締役　沼田　真由美,沼田　真由美,調剤,,平13. 10. 1,kyushu/000491324.zip
薬局,46,0146462,ミナミ薬局　桜島店,鹿児島市野尻町５９番,099-245-0300,株式会社　コーエー　代表取締役　藤下　伸之,川ノ上　仁美,調剤,,平13. 11. 1,kyushu/000491324.zip
薬局,46,0146538,オレンジ調剤薬局,鹿児島市真砂町７４番７号丸進ビル１０２号,099-812-8812,有限会社　フラスコ　代表取締役　藤下　伸之,酒匂　栄一郎,調剤,,平14. 4. 1,kyushu/000491324.zip
薬局,46,0146546,南九州調剤薬局,鹿児島市山下町１６番１号,099-224-6063,有限会社　南九州調剤薬局　代表取締役　迫田　英樹,迫田　喜久男,調剤,,平14. 4. 1,kyushu/000491324.zip
薬局,46,0146553,有限会社　淳芳堂　田中調剤薬局,鹿児島市城西三丁目７番１３－２号,099-250-1931,有限会社　淳芳堂　代表取締役　田中　淳仁,田中　淳仁,調剤,,平14. 4. 1,kyushu/000491324.zip
薬局,46,0146678,平和薬局,鹿児島市荒田二丁目７４番２号,099-253-9141,有限会社　勝恵会　代表取締役　池田　勝一郎,池田　勝一郎,調剤,,平15. 1. 1,kyushu/000491324.zip
薬局,46,0146710,ヘルシー薬局　坂之上店,鹿児島市坂之上６丁目１１番１９号,099-210-9030,有限会社　のぞみ調剤薬局　代表取締役　岩田　洋海,白澤　暢寂,調剤,,平15. 4. 2,kyushu/000491324.zip
薬局,46,0146728,有限会社勝恵会，　第二平和調剤薬局,鹿児島市鴨池一丁目１２番３２号,099-214-4301,有限会社勝恵会　代表取締役　池田　勝一郎,清水　順子,調剤,,平15. 5. 1,kyushu/000491324.zip
薬局,46,0146744,なかま薬局,鹿児島市宇宿７丁目１５番１５号,099-201-1580,株式会社エムエフアイ　代表取締役　藤原　正法,清原　一樹,調剤,,平15. 5. 1,kyushu/000491324.zip
薬局,46,0146769,にかんばし通り薬局,鹿児島市山之口町９番４３号,099-805-2580,有限会社Ｏｆｆｉｃｅ樹林　代表取締役　榊原　祥子,鶴薗　秀子,調剤,,平15. 7. 1,kyushu/000491324.zip
薬局,46,0146777,かじや町さくら薬局,鹿児島市加治屋町１３番３号,099-223-3671,有限会社Ｏｆｆｉｃｅ樹林　代表取締役　榊原　祥子,山下　奈緒美,調剤,,平15. 7. 1,kyushu/000491324.zip
薬局,46,0146819,荒田八幡薬局,鹿児島市下荒田二丁目９番１６号,099-213-4557,有限会社ファーストメディカルサービス　代表取締役　恒吉　久美子,恒吉　久美子,調剤,,平15. 10. 1,kyushu/000491324.zip
薬局,46,0146835,タバタ薬局厚生市場店,鹿児島市西千石町１３－１１,099-805-0375,有限会社　ハイルング　代表取締役　前薗　裕美,野口　清喬,調剤,,平15. 11. 1,kyushu/000491324.zip
薬局,46,0146843,ひまわり薬局城西店,鹿児島市原良一丁目７番１４号,099-263-8180,有限会社マルタメディカル　代表取締役　丸田　兼元,和田　加代,調剤,,平16. 1. 1,kyushu/000491324.zip
薬局,46,0146850,有限会社すみれ調剤薬局,鹿児島市金生町１番６号,099-224-4759,有限会社すみれ調剤薬局　取締役　小倉　修一,中原　貴子,調剤,,平16. 3. 1,kyushu/000491324.zip
薬局,46,0146892,ねむの木薬局,鹿児島市山下町９番２６号,099-227-0873,有限会社　ねむの木薬局　代表取締役　庄島　智子,庄島　智子,調剤,,平16. 4. 1,kyushu/000491324.zip
薬局,46,0146900,清風薬局,鹿児島市吉野１丁目５番１０号,099-295-8886,有限会社　優桜薬品　代表取締役　東郷　和彦,伊藤　智美,調剤,,平16. 4. 1,kyushu/000491324.zip
薬局,46,0146942,マルノ薬局　鴨池店,鹿児島市鴨池一丁目１０番７号,099-256-9111,有限会社　マルノ薬局　代表取締役　丸野　桂太郎,川原　庸平,調剤,,平16. 8. 1,kyushu/000491324.zip
薬局,46,0146975,さつき調剤薬局,鹿児島市鷹師二丁目３番１９号,099-206-8827,有限会社　ＦＴメディカル　代表取締役　福德　真文,福德　真文,調剤,,平16. 10. 1,kyushu/000491324.zip
薬局,46,0147007,喜入薬局,鹿児島市喜入町６０２９番地４,099-345-1913,有限会社　鹿児島医療システム　代表取締役　堀下　昂平,堀下　昂平,調剤,,平9. 6. 1,kyushu/000491324.zip
薬局,46,0147056,薬局ソレイユ有限会社,鹿児島市草牟田二丁目５番１８号,099-223-3966,薬局ソレイユ有限会社　代表取締役　新屋敷　美和子,新屋敷　美和子,調剤,,平16. 12. 1,kyushu/000491324.zip
薬局,46,0147064,エンジェル薬局,鹿児島市吉野町１４８６－２,099-295-7021,有限会社　エンゼルウイング　代表取締役　鎌田　みゆき,窪見　貴代,調剤,,平17. 1. 1,kyushu/000491324.zip
薬局,46,0147072,辻之堂薬局,鹿児島市谷山中央七丁目２番２号,099-263-5885,有限会社　トワメゾン　取締役　濵田　雄一郎,尾曲　佑太,調剤,,平17. 2. 1,kyushu/000491324.zip
薬局,46,0147114,松本調剤薬局いづろ店,鹿児島市泉町１２－５　尾込ビル１Ｆ,099-219-1501,有限会社　メディファム　代表取締役　松本　俊,宮原　さおり,調剤,,平17. 4. 1,kyushu/000491324.zip
薬局,46,0147130,健美堂薬局　中山店,鹿児島市中山町２１４０番地１,099-263-5152,有限会社　健美堂薬局　代表取締役　川畑　紀健,小囿　優子,調剤,,平17. 4. 1,kyushu/000491324.zip
薬局,46,0147197,有限会社　アルカス調剤薬局,鹿児島市下荒田二丁目７－７,099-286-0841,有限会社　アルカス調剤薬局　代表取締役　福山　広大,福山　広大,調剤,,平17. 5. 1,kyushu/000491324.zip
薬局,46,0147247,とまと薬局,鹿児島市小松原二丁目１１番７号,099-269-8450,株式会社　とまとステーション　代表取締役　小笹　忠彦,清水　利恵,調剤,,平17. 7. 1,kyushu/000491324.zip
薬局,46,0147262,すばる薬局,鹿児島市大黒町１番１５号,099-239-2843,有限会社　すばる薬局　代表取締役　谷口　欣平,谷口　欣平,調剤,,平17. 9. 1,kyushu/000491324.zip
薬局,46,0147346,こぐま薬局,鹿児島市和田一丁目１８－２３－１０２号,099-263-6777,株式会社　ツール・ド・メディケーション　代表取締役　永田　芳郎,岡村　史穂,調剤,,平17. 11. 15,kyushu/000491324.zip
薬局,46,0147353,松本調剤薬局,鹿児島市住吉町３－１８,099-224-9813,有限会社　メディファム　代表取締役　松本　俊,南　英樹,調剤,,平17. 12. 5,kyushu/000491324.zip
薬局,46,0147403,はぐくみ薬局,鹿児島市東谷山二丁目４０番１６号,099-268-4851,藤本　剛明,藤本　剛明,調剤,,平18. 2. 1,kyushu/000491324.zip
薬局,46,0147411,しあわせ調剤薬局,鹿児島市西伊敷三丁目１８－６,099-218-2224,有限会社　デゼレトファーマシー　代表取締役　佐野　剛史,寳來　諒平,調剤,,平18. 2. 1,kyushu/000491324.zip
薬局,46,0147429,ゆうゆう薬局　紫原店,鹿児島市紫原二丁目１３番８号,099-257-0234,ファルマコム株式会社　代表取締役　上原　靖洋,尾﨑　恭史,調剤,,平18. 3. 1,kyushu/000491324.zip
薬局,46,0147445,リオ薬局,鹿児島市吉野町１７７４番地,099-295-7080,有限会社　フロム薬局　代表取締役　宮脇　厳,福留　真紀子,調剤,,平18. 3. 1,kyushu/000491324.zip
薬局,46,0147452,鹿児島市薬剤師会夜間救急薬局,鹿児島市鴨池二丁目２２－１８,099-206-2811,公益社団法人　鹿児島市薬剤師会　会長　山本　洋右,大平　弘子,調剤,,平18. 4. 1,kyushu/000491324.zip
薬局,46,0147510,星ヶ峯調剤薬局,鹿児島市星ケ峯４丁目２番１１号,099-821-7966,有限会社　フラスコ　代表取締役　藤下　伸之,林　真生,調剤,,平18. 6. 1,kyushu/000491324.zip
薬局,46,0147528,まちだ調剤薬局,鹿児島市下荒田３丁目１７番２２号,099-206-5575,有限会社　まちだ調剤薬局　代表取締役　町田　佳代子,町田　佳代子,調剤,,平18. 7. 1,kyushu/000491324.zip
薬局,46,0147569,にしぞの薬局,鹿児島市紫原７丁目１４番１号,099-255-6441,株式会社　さくらホスメディカル　代表取締役　津田　かおり,芝原　武志,調剤,,平18. 10. 1,kyushu/000491324.zip
薬局,46,0147585,オレンジ薬局,鹿児島市武二丁目３４－２,099-214-3421,有限会社　エイエムメディカル　代表取締役　三上　陽史,吉田　真智子,調剤,,平18. 11. 1,kyushu/000491324.zip
薬局,46,0147593,とまと薬局　長田店,鹿児島市長田町１６番７,099-219-9841,株式会社　とまとステーション　代表取締役　小笹　忠彦,石山　尚子,調剤,,平18. 11. 1,kyushu/000491324.zip
薬局,46,0147684,友愛調剤薬局,鹿児島市玉里団地３丁目２６番地１１号,099-220-1647,有限会社　ビーダブルエム　代表取締役　宇根　美由紀,山ノ内　由貴恵,調剤,,平19. 3. 1,kyushu/000491324.zip
薬局,46,0147700,スター調剤薬局,鹿児島市和田二丁目２１番１９号,099-260-9710,有限会社　白男川薬局　代表取締役　白男川　賢治,四元　雄太,調剤,,平19. 4. 1,kyushu/000491324.zip
薬局,46,0147734,天保山調剤薬局,鹿児島市天保山町２１番１６号,099-206-6623,株式会社　ツール・ド・メディケーション　代表取締役　永田　芳郎,寺前　真梨,調剤,,平19. 6. 1,kyushu/000491324.zip
薬局,46,0147775,もりやま橋薬局,鹿児島市宇宿８丁目１７－２,099-264-2842,株式会社　タイトーメディカル　代表取締役　冨田　章子,上園　裕之,調剤,,平19. 7. 1,kyushu/000491324.zip
薬局,46,0147791,あさひ薬局　田上店,鹿児島市田上２丁目１６－１７,099-806-5900,有限会社　あさひ薬局　代表取締役　伊比　誠,伊比　ともみ,調剤,,平19. 8. 1,kyushu/000491324.zip
薬局,46,0147833,ぴかり薬局,鹿児島市西田二丁目１５番２３,099-254-2060,有限会社　丸一産業　代表取締役　山之内　一秀,小城　順子,調剤,,平19. 10. 1,kyushu/000491324.zip
薬局,46,0147890,武岡調剤薬局,鹿児島市武岡二丁目２８番地２,099-806-8300,株式会社　プライマリケア　代表取締役　池田　雄太,池田　雄太,調剤,,平19. 12. 1,kyushu/000491324.zip
薬局,46,0147924,八善調剤薬局,鹿児島市東千石町１３－８－２Ｆ,099-822-1177,有限会社　八善　代表取締役　南　皇侍,南　皇侍,調剤,,平20. 2. 2,kyushu/000491324.zip
薬局,46,0147940,石井薬局株式会社,鹿児島市田上二丁目１５番１０号,099-252-5068,石井薬局株式会社　代表取締役　石井　龍一,山下　恭徳,調剤,,平20. 2. 12,kyushu/000491324.zip
薬局,46,0148047,ドラッグイレブン薬局伊敷梅ヶ渕店,鹿児島市伊敷六丁目１７番１号,099-246-1885,株式会社ドラッグイレブン　代表取締役　半澤　剛,岩木　裕一郎,調剤,,平20. 9. 16,kyushu/000491324.zip
薬局,46,0148054,かきぞの薬局　易居町店,鹿児島市易居町６番１０号,099-219-5733,株式会社　Ｋーｐｈａｒｍａｃｙ　代表取締役　柿薗　敦朗,柿薗　浩一,調剤,,平20. 9. 1,kyushu/000491324.zip
薬局,46,0148062,漢方のオリーブ堂薬局,鹿児島市金生町１番９号,099-222-5072,株式会社　武薬品　代表取締役　武　昭一,武　柳子,調剤,,平20. 10. 1,kyushu/000491324.zip
薬局,46,0148088,たいよう薬局,鹿児島市坂之上四丁目５番５号,099-262-2838,有限会社　福元薬局　代表取締役　沼田　真由美,淵田　由美,調剤,,平20. 10. 1,kyushu/000491324.zip
薬局,46,0148112,かきぞの薬局　吉野店,鹿児島市吉野町７１９－１４,099-295-7319,株式会社　Ｋ‐ｐｈａｒｍａｃｙ　代表取締役　柿薗　敦朗,柿薗　敦朗,調剤,,平20. 10. 1,kyushu/000491324.zip
薬局,46,0148120,マリンバ調剤薬局,鹿児島市東千石町２番１４号プレール東千石１０１号,099-822-0080,株式会社　サティスファーマ　代表取締役　小倉　義広,竹下　美咲,調剤,,平20. 10. 1,kyushu/000491324.zip
薬局,46,0148138,きんせい薬局,鹿児島市東千石町３番１０号,099-227-5601,株式会社　ニック　代表取締役　吉川　正男,牧　三枝子,調剤,,平20. 10. 1,kyushu/000491324.zip
薬局,46,0148187,れいめい薬局　中央店,鹿児島市中央町６番８号　メディカルプラザ中央１Ｆ,099-208-5111,株式会社　れいめいメディカル　代表取締役　川内　哲郎,田中　康一郎,調剤,,平20. 12. 1,kyushu/000491324.zip
薬局,46,0148203,たいよう薬局　上塩屋,鹿児島市東谷山１丁目５８番１１号,099-806-5155,有限会社　福元薬局　代表取締役　沼田　真由美,塩滿　佐和子,調剤,,平20. 12. 1,kyushu/000491324.zip
薬局,46,0148245,白男川薬局　中央駅店,鹿児島市西田２丁目２８番地１０号　１階,099-255-7208,有限会社　白男川薬局　代表取締役　白男川　賢治,上釜　唱子,調剤,,平21. 3. 1,kyushu/000491324.zip
薬局,46,0148286,とまと薬局　小川店,鹿児島市小川町２２番６号,099-201-6336,株式会社　大　代表取締役　　有馬　政和,八重倉　勇,調剤,,平21. 4. 1,kyushu/000491324.zip
薬局,46,0148328,ドゥ・ラポール薬局,鹿児島市山之口町１－７　南海貿易センタービル１Ｆ,099-216-2201,有限会社　二矢メディカル　代表取締役　佐々木　量由,肥後　ちとせ,調剤,,平21. 4. 1,kyushu/000491324.zip
薬局,46,0148336,カゴシマ薬局　玉江店,鹿児島市下伊敷１丁目５番１０号　片岡ビル１Ｆ,099-224-2077,有限会社ＢＣＳメディカル　代表取締役　桑畑　剛寿,亀之園　剛,調剤,,平21. 6. 1,kyushu/000491324.zip
薬局,46,0148344,南日本薬剤センター薬局　吉野店,鹿児島市吉野町２３８１番地４,099-210-7650,株式会社　南日本薬剤センター　代表取締役　川島　敏男,紙屋　周一郎,調剤,,平21. 7. 1,kyushu/000491324.zip
薬局,46,0148351,マリンバ調剤薬局　武店,鹿児島市武一丁目２７番２号　白川マンション１Ｆ,099-297-5068,株式会社　サティスファーマ　代表取締役　小倉　義広,古藤　純子,調剤,,平21. 7. 1,kyushu/000491324.zip
薬局,46,0148450,木の葉薬局,鹿児島市田上三丁目１２番８号,099-250-8200,株式会社　ツール・ド・メディケーション　代表取締役　永田　芳郎,永山　かおり,調剤,,平21. 12. 1,kyushu/000491324.zip
薬局,46,0148476,なでしこ薬局,鹿児島市宇宿３丁目５４－１２,099-213-5501,アリオス株式会社　代表取締役　髙橋　朋宏,内村　智加,調剤,,平21. 12. 1,kyushu/000491324.zip
薬局,46,0148484,てんまち薬局,鹿児島市照国町２－１６　トレゾールビル１－Ａ,099-223-4543,株式会社　つかさ薬品　代表取締役　重久　宰,重久　愛菜,調剤,,平22. 1. 1,kyushu/000491324.zip
薬局,46,0148542,せせらぎ調剤薬局,鹿児島市松原町１４番３１号,099-226-0762,有限会社　ビーダブルエム　代表取締役　宇根　美由紀,池田　加津子,調剤,,平22. 4. 1,kyushu/000491324.zip
薬局,46,0148567,わかば薬局　喜入店,鹿児島市喜入町６９７３番１,099-345-3604,有限会社　ピュアメディカル　代表取締役　藤原　義美,松元　徳二,調剤,,平22. 5. 1,kyushu/000491324.zip
薬局,46,0148641,若葉薬局,鹿児島市上之園町３４－２０－１０２号,099-298-1103,株式会社　ツール・ド・メディケーション　代表取締役　永田　芳郎,髙橋　海渡,調剤,,平22. 7. 1,kyushu/000491324.zip
薬局,46,0148666,しらかわ薬局　与次郎店,鹿児島市与次郎１－３－１０,099-286-1511,有限会社　ドラッグしらかわ　代表取締役　馬庭　遼,馬庭　遼,調剤,,平22. 7. 1,kyushu/000491324.zip
薬局,46,0148716,あい薬局,鹿児島市東谷山四丁目３２－１,099-284-9295,有限会社　中央薬品　代表取締役　福山　徹,福山　徹,調剤,,平22. 11. 1,kyushu/000491324.zip
薬局,46,0148724,みやこ調剤薬局,鹿児島市吉野三丁目２番１号,099-248-8272,株式会社　ＡＯＩ　代表取締役　上野　省三,上野　省三,調剤,,平22. 11. 1,kyushu/000491324.zip
薬局,46,0148732,ゆうゆう薬局　玉里団地店,鹿児島市玉里団地二丁目４番９号,099-229-2122,ファルマコム　株式会社　代表取締役　上原　靖洋,平沖　史賢,調剤,,平22. 11. 1,kyushu/000491324.zip
薬局,46,0148765,もみじ薬局,鹿児島市草牟田二丁目１３番１９号,099-222-4408,有限会社　ジン　代表取締役　吉重　康朗,永田　拓郎,調剤,,平23. 2. 1,kyushu/000491324.zip
薬局,46,0148781,よしの薬局,鹿児島市吉野町５３７４－５,099-201-4696,有限会社　いわもと　代表取締役　岩元　太亮,岩元　太亮,調剤,,平23. 3. 1,kyushu/000491324.zip
薬局,46,0148799,ヘルシーウェル薬局　薬師店,鹿児島市薬師二丁目１８番１９号,099-258-8045,株式会社　ユーライフ　代表取締役　磯脇　克郎,磯脇　圭子,調剤,,平23. 3. 1,kyushu/000491324.zip
薬局,46,0148831,西田調剤薬局,鹿児島市西田一丁目１７番地２,099-296-1010,株式会社　コンフォート　代表取締役　荒武　安彦,荒武　寿美子,調剤,,平23. 4. 1,kyushu/000491324.zip
薬局,46,0148856,坂之上調剤薬局,鹿児島市坂之上六丁目６番１５号,099-263-0551,南国タケシタ薬局株式会社　代表取締役　竹下　俊,松岡　進太郎,調剤,,平23. 5. 1,kyushu/000491324.zip
薬局,46,0148872,荒田つばめ薬局,鹿児島市上荒田町８番１１号,099-213-5601,南国タケシタ薬局株式会社　代表取締役　竹下　俊,竹下　鮎美,調剤,,平23. 5. 1,kyushu/000491324.zip
薬局,46,0148880,つばめ調剤薬局,鹿児島市和田一丁目４５番８号,099-263-5881,南国タケシタ薬局株式会社　代表取締役　竹下　俊,堀切　珠恵,調剤,,平23. 5. 1,kyushu/000491324.zip
薬局,46,0148898,有限会社　錦江薬局,鹿児島市光山１丁目１番３３号,099-261-5591,有限会社　錦江薬局　代表取締役　原　浩一,原　浩一,調剤,,平23. 6. 1,kyushu/000491324.zip
薬局,46,0148930,タバタ薬局,鹿児島市下伊敷一丁目４３番５号,099-220-1433,有限会社　ハイルング　代表取締役　前薗　裕美,前薗　裕美,調剤,,平23. 9. 1,kyushu/000491324.zip
薬局,46,0148955,薬局　ジャックのおくすりやさん,鹿児島市中山町２１７６番地２,099-296-9230,株式会社　サティスファーマ　代表取締役　小倉　義広,幸田　華愛,調剤,,平23. 12. 1,kyushu/000491324.zip
薬局,46,0148971,シルキー薬局,鹿児島市荒田２丁目４３番８号ＭＣ　ＤＥＳＩＧＮ　ＢＬＤＧ．１００号室,099-297-4541,株式会社　マトリックス　代表取締役　有村　洋一,有村　洋一,調剤,,平24. 3. 12,kyushu/000491324.zip
薬局,46,0148989,呉服町薬局,鹿児島市呉服町５番７号　長谷川ビル１Ｆ,099-226-7075,アルゴーファーマ株式会社　代表取締役　小倉　修一,小倉　修一,調剤,,平24. 4. 1,kyushu/000491324.zip
薬局,46,0148997,上之園薬局,鹿児島市上之園町１７番２号,099-210-5602,株式会社　健光　代表取締役　牧　克久,内山　裕一,調剤,,平24. 4. 1,kyushu/000491324.zip
薬局,46,0149136,ナポリ通り薬局,鹿児島市上之園町１０番３号１０１,099-213-1171,株式会社　ＣＩＲＣＬＥ　代表取締役　中島　広智,白澤　孝代,調剤,,平24. 4. 1,kyushu/000491324.zip
薬局,46,0149144,マハロ薬局,鹿児島市中央町４－３４－５０１号,099-210-5281,株式会社　ツール・ド・メディケーション　代表取締役　永田　芳郎,森　裕介,調剤,,平24. 4. 1,kyushu/000491324.zip
薬局,46,0149219,はるやま薬局,鹿児島市春山町１９１９－１,099-272-9761,株式会社　村薬局　代表取締役　城村　美智子,城村　等,調剤,,平24. 6. 1,kyushu/000491324.zip
薬局,46,0149243,ワダ薬局,鹿児島市和田三丁目３０番１号,099-296-8420,有限会社　タイヨウコウシ　代表取締役　中野　賢,中野　賢,調剤,,平24. 7. 1,kyushu/000491324.zip
薬局,46,0149250,一番街薬局,鹿児島市中央町２３番地２１アエールタワー２０３－２,099-255-9807,株式会社　プラチナ・ファーマシー　代表取締役　宮島　露子,今出　唯史,調剤,,平24. 7. 1,kyushu/000491324.zip
薬局,46,0149276,ゆうゆう薬局　脇田店,鹿児島市宇宿３丁目２９番地５,099-255-8772,ファルマコム株式会社　代表取締役　上原　靖洋,山之内　孝,調剤,,平24. 10. 1,kyushu/000491324.zip
薬局,46,0149292,れいめい薬局　慈眼寺店,鹿児島市谷山中央六丁目２３ー１２,099-204-0345,株式会社　れいめいメディカル　代表取締役　川内　哲郎,杉尾　郁乃,調剤,,平24. 10. 1,kyushu/000491324.zip
薬局,46,0149300,つむぎ薬局,鹿児島市東郡元町５－１５,099-204-0077,有限会社　メディ・フラワー　代表取締役　渡邊　信人,川﨑　雄太,調剤,,平24. 11. 1,kyushu/000491324.zip
薬局,46,0149318,くるる薬局,鹿児島市真砂本町２７番１,099-204-0966,有限会社　丸一産業　代表取締役　山之内　一秀,笠毛　敦博,調剤,,平24. 11. 1,kyushu/000491324.zip
薬局,46,0149326,マゼンタ薬局,鹿児島市山下町９番１号　チャイムズビル４Ｆ,099-248-9595,有限会社　マサキ　代表取締役　池畑　恭子,池畑　恭子,調剤,,平24. 12. 1,kyushu/000491324.zip
薬局,46,0149375,サザン薬局,鹿児島市草牟田二丁目７番１６号,099-223-6339,合同会社　サザン薬局　代表社員　南　研郎,南　映子,調剤,,平25. 2. 1,kyushu/000491324.zip
薬局,46,0149409,さかもと薬局　Ａコープ　桜ヶ丘店,鹿児島市桜ケ丘四丁目１番１３号Ａコープ桜ヶ丘店内,099-265-0170,株式会社大信薬局　代表取締役　吉村　企右,竹井　昌嗣,調剤,,平25. 2. 20,kyushu/000491324.zip
薬局,46,0149425,鹿児島中央福元薬局,鹿児島市中央町９番９号,099-204-9696,有限会社福元薬局　代表取締役　沼田　真由美,森　彩乃,調剤,,平25. 4. 1,kyushu/000491324.zip
薬局,46,0149433,ミント調剤薬局,鹿児島市東千石町１－１　第８川北ビル２Ｆ,099-223-2300,有限会社メディカルクリア　代表取締役　西田　重幸,中村　愛香,調剤,,平25. 4. 1,kyushu/000491324.zip
薬局,46,0149532,マリンバ調剤薬局　宇宿店,鹿児島市宇宿三丁目２１番６号,099-286-6773,株式会社　サティスファーマ　代表取締役　小倉　義広,宇都　真由美,調剤,,平25. 9. 1,kyushu/000491324.zip
薬局,46,0149540,宇宿たいよう薬局,鹿児島市宇宿７丁目５番３６号,099-204-9435,有限会社　福元薬局　代表取締役　沼田　真由美,小島　賀津乃,調剤,,平25. 9. 25,kyushu/000491324.zip
薬局,46,0149557,とまと薬局　西陵店,鹿児島市西陵５－１２－５,099-298-1420,株式会社　とまとステーション　代表取締役　小笹　忠彦,鶴　哲夫,調剤,,平25. 10. 1,kyushu/000491324.zip
薬局,46,0149565,あかり薬局　東千石店,鹿児島市東千石町４－３５スカイパーキングビル１階,099-248-8531,株式会社　コーエー　代表取締役　藤下　伸之,地頭薗　愛,調剤,,平25. 10. 1,kyushu/000491324.zip
薬局,46,0149573,今村薬局,鹿児島市西伊敷四丁目１６番１号,099-220-2655,株式会社今村薬局　代表取締役　今村　正樹,林　秀樹,調剤,,平25. 11. 1,kyushu/000491324.zip
薬局,46,0149581,イオン薬局　鹿児島店,鹿児島市東開町７,099-263-1841,イオン九州株式会社　代表取締役　中川　伊正,町田　貴久,調剤,,平25. 11. 1,kyushu/000491324.zip
薬局,46,0149599,ぽかぽか薬局,鹿児島市松陽台町４３－３,099-298-9100,株式会社　ツール・ド・メディケーション　代表取締役　永田　芳郎,笹原　広大,調剤,,平25. 11. 1,kyushu/000491324.zip
薬局,46,0149623,マロン薬局,鹿児島市西千石町１６番１６号,099-248-8693,有限会社　松崎　代表取締役　松﨑　裕充,栗山　明子,調剤,,平25. 12. 1,kyushu/000491324.zip
薬局,46,0149649,すみれ薬局,鹿児島市西千石町３－２１,099-248-9887,株式会社　里空　代表取締役　岩本　久子,岩本　邦裕,調剤,,平26. 3. 1,kyushu/000491324.zip
薬局,46,0149656,なでしこ玉里薬局,鹿児島市下伊敷一丁目８番１９号,099-248-7900,株式会社　なでしこ玉里薬局　代表取締役　入木　希世子,入木　希世子,調剤,,平26. 3. 1,kyushu/000491324.zip
薬局,46,0149672,アイリス薬局,鹿児島市草牟田町３番地１３,099-295-6921,鹿児島調剤センター株式会社　代表取締役　吉水　久純,徳部　麻乃,調剤,,平26. 3. 1,kyushu/000491324.zip
薬局,46,0149680,シロン薬局,鹿児島市小川町１－１４　小川ハイツ１Ｆ,099-295-6686,合同会社フルセニ　代表社員　池之上　剛士,山口　賢三,調剤,,平26. 4. 1,kyushu/000491324.zip
薬局,46,0149698,パール薬局,鹿児島市易居町１番１７号,099-802-7024,有限会社　優桜薬品　代表取締役　東郷　和彦,杉森　千恵子,調剤,,平26. 4. 1,kyushu/000491324.zip
薬局,46,0149722,たいよう薬局　中山,鹿児島市山田町２２６－１,099-203-0604,有限会社　福元薬局　代表取締役　沼田　真由美,石塚　奈穂,調剤,,平26. 4. 1,kyushu/000491324.zip
薬局,46,0149730,しあわせ調剤薬局　緑ヶ丘店,鹿児島市緑ケ丘町７番９号,099-248-8424,有限会社　デゼレトファーマシー　代表取締役　佐野　剛史,迫田　卓也,調剤,,平26. 4. 1,kyushu/000491324.zip
薬局,46,0149748,タバタ薬局　高見馬場店,鹿児島市西千石町１２番１０号,099-295-6730,有限会社　ハイルング　代表取締役　前薗　裕美,山口　めぐみ,調剤,,平26. 5. 1,kyushu/000491324.zip
薬局,46,0149755,さくらつばめ薬局,鹿児島市上荒田町２－５エクシード中洲１階,099-297-6871,南国タケシタ薬局株式会社　代表取締役　竹下　俊,阿多　貴子,調剤,,平26. 6. 1,kyushu/000491324.zip
薬局,46,0149763,しんかんばし薬局,鹿児島市新照院町１９番１０号,099-224-0968,株式会社　ＦＲＢ　代表取締役　福留　卓,福留　卓,調剤,,平26. 6. 1,kyushu/000491324.zip
薬局,46,0149771,笑漢堂薬局,鹿児島市郡元３丁目４番３１号,099-214-2210,川畑　耕平,川畑　耕平,調剤,,平26. 7. 1,kyushu/000491324.zip
薬局,46,0149797,ユーカリ薬局,鹿児島市加治屋町１３番９号,099-248-7044,株式会社　健光　代表取締役　牧　克久,吉村　浩司,調剤,,平26. 9. 22,kyushu/000491324.zip
薬局,46,0149805,セオ薬局　かもいけ調剤,鹿児島市鴨池一丁目５５番１０号,099-230-0601,有限会社　セオ薬局　代表取締役　瀬尾　昭一郎,瀬尾　祥子,調剤,,平26. 9. 1,kyushu/000491324.zip
薬局,46,0149813,たけまち薬局,鹿児島市武三丁目２２－２,099-299-0056,大同メディカル株式会社　代表取締役　中島　広智,向井　俊貴,調剤,,平26. 10. 1,kyushu/000491324.zip
薬局,46,0149821,株式会社ＮＫＣ　ピュアタウン薬局,鹿児島市武岡一丁目１２１番１５号,099-230-0306,株式会社ＮＫＣ　代表取締役　赤塚　直也,赤塚　和子,調剤,,平26. 10. 1,kyushu/000491324.zip
薬局,46,0149854,マルノ薬局　南林寺店,鹿児島市南林寺町２番１号,099-224-8740,有限会社　マルノ薬局　代表取締役　丸野　桂太郞,安田　淑枝,調剤,,平26. 12. 1,kyushu/000491324.zip
薬局,46,0149862,上荒田薬局,鹿児島市鴨池一丁目４４番１０号,099-208-6077,メディカル・グリーティング株式会社　代表取締役　有馬　武範,有馬　武範,調剤,,平26. 12. 25,kyushu/000491324.zip
薬局,46,0149896,七福さくら薬局,鹿児島市鴨池新町１４番２号七福神ビル１階,099-230-0681,株式会社　さくらホスメディカル　代表取締役　津田　かおり,坂上　円香,調剤,,平27. 3. 1,kyushu/000491324.zip
薬局,46,0149920,市立病院前　ミドリ薬局,鹿児島市上荒田町２９－３２,099-230-0461,株式会社　エフエム　代表取締役　百﨑　栄一,百﨑　秀典,調剤,,平27. 4. 1,kyushu/000491324.zip
薬局,46,0149938,ミモザ調剤薬局,鹿児島市吉野町５２０８－３８,099-295-0023,有限会社　碧　代表取締役　上野　由美,堀之内　直子,調剤,,平27. 4. 1,kyushu/000491324.zip
薬局,46,0149946,みつば薬局,鹿児島市山下町１２番８号１Ｆ,099-295-0340,株式会社　サラン　代表取締役　最勝寺　智史,最勝寺　智史,調剤,,平27. 4. 1,kyushu/000491324.zip
薬局,46,0149961,スター調剤薬局　星ヶ峯店,鹿児島市星ケ峯一丁目２９－５,099-296-7197,有限会社　白男川薬局　代表取締役　白男川　賢治,崎元　諄子,調剤,,平27. 4. 1,kyushu/000491324.zip
薬局,46,0149995,花ことば薬局,鹿児島市上荒田町２５番地１９－１０２号,099-202-0406,株式会社　ツール・ド・メディケーション　代表取締役　永田　芳郎,乘越　悠,調剤,,平27. 5. 1,kyushu/000491324.zip
薬局,46,0340289,西原調剤薬局,鹿屋市西原１丁目２３－２,,有限会社　西原調剤センター　代表取締役　内匠屋　玉緒,内匠屋　玉緒,調剤,,昭56. 12. 15,kyushu/000491324.zip
薬局,46,0340339,三井調剤薬局　北田店,鹿屋市北田町６－２０,,株式会社　三井　代表取締役　河野　公,中嶋　みはる,調剤,,昭59. 5. 1,kyushu/000491324.zip
薬局,46,0340602,有限会社　太陽調剤薬局,鹿屋市北田町１３番３号,,有限会社　太陽調剤薬局　代表取締役　検見崎　陽,長　美保,調剤,,平4. 8. 1,kyushu/000491324.zip
薬局,46,0340669,有限会社　三愛調剤薬局,鹿屋市旭原町３６２８番地３,,有限会社　三愛調剤薬局　代表取締役　村山　文雄,野村　良浩,調剤,,平5. 4. 1,kyushu/000491324.zip
薬局,46,0340693,きりん薬局,鹿屋市笠之原町２９番２３号,,有限会社　寿竹　代表取締役　倉内　清史,倉内　清史,調剤,,平5. 9. 1,kyushu/000491324.zip
薬局,46,0340719,５丁目調剤薬局,鹿屋市寿５丁目２６番１８号,,有限会社　ミネサキ　代表取締役　峯崎　リヨ子,溝口　美歩,調剤,,平6. 1. 1,kyushu/000491324.zip
薬局,46,0340735,二矢調剤薬局,鹿屋市今坂町１２５７２－１１,,有限会社　二矢メディカル　代表取締役　佐々木　量由,井川　めぐみ,調剤,,平6. 7. 1,kyushu/000491324.zip
薬局,46,0340800,オガワ　薬局,鹿屋市新川町１３２ー１,0994-41-3003,有限会社　オガワ　代表取締役　小川　輝也,小川　輝也,調剤,,平8. 9. 1,kyushu/000491324.zip
薬局,46,0340891,三井調剤薬局　バイパス店,鹿屋市旭原町３６４４ー７,0994-40-9110,株式会社　三井　代表取締役　河野　公,伊牟田　一郎,調剤,,平10. 2. 1,kyushu/000491324.zip
薬局,46,0340982,あさひ薬局,鹿屋市寿５丁目２番３９ー１号,0994-40-2626,有限会社　倉内薬局　代表取締役　倉内　智教,原田　学,調剤,,平12. 6. 1,kyushu/000491324.zip
薬局,46,0341030,マイティ薬局,鹿屋市西原２丁目３５番５－１号,0994-31-1613,有限会社　メイプル　代表取締役　酒匂　敏幸,小林　恒,調剤,,平13. 8. 1,kyushu/000491324.zip
薬局,46,0341055,愛生堂薬局,鹿屋市横山町１９５９番地２,0994-48-2821,有限会社　愛生堂　代表取締役　川井田　新介,阿多　直美,調剤,,平13. 10. 1,kyushu/000491324.zip
薬局,46,0341089,野田調剤薬局,鹿屋市札元一丁目６番２０号,0994-31-1232,有限会社　野田商事　代表取締役　野田　幸敬,野田　幸敬,調剤,,平14. 8. 1,kyushu/000491324.zip
薬局,46,0341113,さくら調剤薬局,鹿屋市札元一丁目６番４３号,0994-42-1488,有限会社　三愛　代表取締役　川添　輝昭,川添　直也,調剤,,平15. 9. 1,kyushu/000491324.zip
薬局,46,0341170,おうじ薬局,鹿屋市王子町３９８０番地３,0994-42-7613,有限会社　カミヤ・メディックス　代表取締役　本髙　めぐみ,田坂　友彦,調剤,,平16. 9. 1,kyushu/000491324.zip
薬局,46,0341196,ふじ薬局,鹿屋市下祓川町１７９２番地２,0994-41-6570,有限会社　エイエムメディカル　代表取締役　三上　陽史,蔵野　真理子,調剤,,平17. 4. 1,kyushu/000491324.zip
薬局,46,0341204,新生薬局,鹿屋市新生町９番１５号,0994-40-7333,有限会社　寛調剤薬局　代表取締役　山之内　隼,市来　懸一,調剤,,平17. 5. 1,kyushu/000491324.zip
薬局,46,0341246,吾平中央薬局,鹿屋市吾平町上名７６８２番地４,0994-58-5522,株式会社　吾平中央薬局　代表取締役　鶴田　志郎,徳留　靖代,調剤,,平10. 5. 1,kyushu/000491324.zip
薬局,46,0341253,ミネサキ串良調剤薬局,鹿屋市串良町上小原４６５５番地４,0994-31-4211,有限会社　ミネサキ　代表取締役　峯崎　リヨ子,加治木　智,調剤,,平14. 3. 1,kyushu/000491324.zip
薬局,46,0341287,三井調剤薬局　札元二丁目店,鹿屋市札元２丁目３７４６－９,0994-41-3900,株式会社　三井　代表取締役　河野　公,井手上　真弓,調剤,,平18. 10. 1,kyushu/000491324.zip
薬局,46,0341329,ひがしの丘調剤薬局,鹿屋市笠之原町２９２３番４,0994-36-6846,株式会社　大樹　代表取締役　松清　大樹,吉永　香織,調剤,,平20. 1. 1,kyushu/000491324.zip
薬局,46,0341345,崎山調剤薬局,鹿屋市上谷町１１２１４番地１１,0994-44-5558,有限会社　崎山薬局　代表取締役　崎山　哲人,呉山　昌顕,調剤,,平20. 6. 1,kyushu/000491324.zip
薬局,46,0341352,三井調剤薬局寿店,鹿屋市寿３丁目１１－２９,0994-41-2857,株式会社　三井　代表取締役　河野　公,河野　公,調剤,,平21. 7. 6,kyushu/000491324.zip
薬局,46,0341386,おおうら薬局,鹿屋市大浦町１３９９２－３,0994-45-5236,有限会社　豊商事　代表取締役　水元　宏宗,水元　宏宗,調剤,,平23. 4. 1,kyushu/000491324.zip
薬局,46,0341394,（有）田中正心堂薬局,鹿屋市共栄町１０番６号,0994-41-5496,有限会社　田中正心堂薬局　代表取締役　田中　明正,田中　加恵子,調剤,,平23. 5. 1,kyushu/000491324.zip
薬局,46,0341402,検見崎薬局,鹿屋市本町２－４,0994-44-6211,有限会社　太陽調剤薬局　代表取締役　検見崎　陽,田中　宏之,調剤,,平23. 6. 1,kyushu/000491324.zip
薬局,46,0341428,大手町調剤薬局,鹿屋市西大手町５番３号,0994-40-0587,有限会社　トゥーアローズ　代表取締役　佐々木　まゆみ,前園　崇仁,調剤,,平24. 9. 1,kyushu/000491324.zip
薬局,46,0341436,あろーず薬局,鹿屋市北田町１２番１－１号,0994-45-6100,有限会社　トゥーアローズ　代表取締役　佐々木　まゆみ,原田　直子,調剤,,平24. 10. 1,kyushu/000491324.zip
薬局,46,0341451,森園薬局,鹿屋市向江町２５番４号,0994-44-5621,森薗　敏博,森薗　敏博,調剤,,平25. 2. 4,kyushu/000491324.zip
薬局,46,0341469,三井調剤薬局　川西店,鹿屋市田崎町１０６８－４,0994-45-6761,株式会社三井　代表取締役　河野　公,江口　清唯,調剤,,平25. 4. 1,kyushu/000491324.zip
薬局,46,0341477,寿八丁目薬局,鹿屋市笠之原町２９番５号,0994-40-9001,株式会社　メディケア　代表取締役　鶴田　志郎,坂本　伸二,調剤,,平25. 7. 1,kyushu/000491324.zip
薬局,46,0341493,寿八丁目薬局　笠之原店,鹿屋市笠之原町２７番２３号,0994-45-7111,株式会社　メディケア　代表取締役　鶴田　志郎,江口　綾袈,調剤,,平27. 1. 1,kyushu/000491324.zip
薬局,46,0341501,ミネサキ調剤薬局　寿店,鹿屋市寿五丁目２６番１号,0994-44-8856,有限会社　ミネサキ　代表取締役　峯崎　リヨ子,南　嘉信,調剤,,平28. 4. 1,kyushu/000491324.zip
薬局,46,0341519,寿調剤薬局,鹿屋市寿二丁目１番１７号,0994-44-9962,株式会社　Ｒｅｌｉｅｖｅ　代表取締役　鵜木　美穂子,矢野　宏一郎,調剤,,平28. 5. 1,kyushu/000491324.zip
薬局,46,0341535,日本調剤鹿屋薬局,鹿屋市新川町６０８１－１,0994-35-1170,日本調剤株式会社　代表取締役　小城　和紀,津田　泰知,調剤,,平29. 6. 1,kyushu/000491324.zip
薬局,46,0341543,おおすみ薬局,鹿屋市新川町９０８番地,0994-36-8003,株式会社メディウム　代表取締役　吉柳　秀雄,宮田　誠藏,調剤,,平29. 6. 1,kyushu/000491324.zip
薬局,46,0341550,ティワイ薬局,鹿屋市川西町４４７４番地２,0994-40-7773,株式会社　テイワイ薬局　代表取締役　原　一男,坂本　秀一,調剤,,平29. 7. 1,kyushu/000491324.zip
薬局,46,0341568,ひとみ薬局,鹿屋市寿４丁目１４番１３号,0994-40-1593,株式会社　吉重薬品　代表取締役　吉重　康朗,給分　謙司郎,調剤,,平30. 9. 1,kyushu/000491324.zip
薬局,46,0341576,つつじ薬局,鹿屋市串良町有里７番地３,0994-63-5035,株式会社　吉重薬品　代表取締役　吉重　康朗,井料　慎太郎,調剤,,平30. 9. 1,kyushu/000491324.zip
薬局,46,0341600,三井調剤薬局　札元店,鹿屋市札元１丁目６－３７,0994-35-1057,株式会社　三井　代表取締役　河野　公,山口　真,調剤,,令元. 8. 1,kyushu/000491324.zip
薬局,46,0341618,ゆい薬局,鹿屋市輝北町市成字喜入塚２１４４－３,099-479-4488,有限会社エンダイ　代表取締役　中川　久美子,中川　大輔,調剤,,令2. 9. 1,kyushu/000491324.zip
薬局,46,0341626,三井調剤薬局　田崎店,鹿屋市田崎町２１８４番１,0994-52-0341,株式会社　三井　代表取締役　河野　公,池上　芳彦,調剤,,令3. 3. 1,kyushu/000491324.zip
薬局,46,0341634,マリーンちゅーりっぷ薬局,鹿屋市札元二丁目３７７１番地８,0994-40-2021,株式会社ケイ・エム・シー　代表取締役　松山　喜範,楠田　大樹,調剤,,令4. 1. 1,kyushu/000491324.zip
薬局,46,0341642,有限会社　寛調剤薬局,鹿屋市吾平町麓１８６番地３,0994-58-7272,有限会社　寛調剤薬局　代表取締役　山之内　隼,山下　弘志,調剤,,令4. 12. 1,kyushu/000491324.zip
薬局,46,0341659,三井調剤薬局　寿２丁目店,鹿屋市寿２丁目１６番１８号,0994-45-5122,株式会社　三井　代表取締役　河野　公,新井　裕,調剤,,令6. 8. 1,kyushu/000491324.zip
薬局,46,0341667,よつば薬局,鹿屋市旭原町２５６９番地１０,0994-41-0015,株式会社メディシン　代表取締役　角野　吉晃,久永　奨太,調剤,,令6. 10. 1,kyushu/000491324.zip
薬局,46,0341675,株式会社大賀薬局　鹿屋札元店,鹿屋市札元２丁目３６９２－３０,0994-36-1761,株式会社大賀薬局　代表取締役　大賀　崇浩,川逑　将,調剤,,令7. 3. 1,kyushu/000491324.zip
薬局,46,0341683,センター薬局,鹿屋市西大手町３番１９号,0994-43-8318,株式会社小みかん薬局　代表取締役　大山　忠博,髙津　和太,調剤,,令7. 3. 1,kyushu/000491324.zip
薬局,46,0341691,マイティ薬局,鹿屋市西原二丁目３５番５－１号,0994-31-1613,株式会社ゆいまーる　代表取締役　河野　芳一,小林　恒,調剤,,令8. 6. 1,kyushu/000491324.zip
薬局,46,0440089,べっぷ　薬局,枕崎市白沢北町１８０番地,0993-76-2651,有限会社　べっぷ薬局　代表取締役　赤池　剛,赤池　剛,調剤,,平9. 1. 1,kyushu/000491324.zip
薬局,46,0440105,桜山薬局,枕崎市鹿篭麓町３５番,0993-76-2658,株式会社　さくらホスメディカル　代表取締役　津田　かおり,鮫島　久美子,調剤,,平9. 4. 1,kyushu/000491324.zip
薬局,46,0440113,かもめ薬局,枕崎市港町１１７番地,0993-58-1130,有限会社　ブイ産業　代表取締役　加藤　政信,長野　佑基,調剤,,平10. 9. 1,kyushu/000491324.zip
薬局,46,0440121,まくらざき薬局,枕崎市緑町１２１番地,0993-73-2764,有限会社　本田メディカル　代表取締役　本田　淳子,鮫島　博文,調剤,,平11. 3. 1,kyushu/000491324.zip
薬局,46,0440139,つばき薬局,枕崎市日之出町２２２番地,0993-58-1530,有限会社　ファルマチア　代表取締役　横市　秀文,横市　秀文,調剤,,平12. 6. 1,kyushu/000491324.zip
薬局,46,0440162,グリーン薬局,枕崎市折口町１１９番地,0993-73-1622,有限会社　都甲メディカル　代表取締役　都甲　和幸,大迫　行恵,調剤,,平17. 8. 15,kyushu/000491324.zip
薬局,46,0440188,ドラゴン薬局,枕崎市緑町１２３－２,0993-78-4500,株式会社　ツール・ド・メディケーション　代表取締役　永田　芳郎,山内　将文,調剤,,平24. 3. 1,kyushu/000491324.zip
薬局,46,0440204,みさき薬局,枕崎市住吉町３９番地,0993-76-3385,有限会社　ブイ産業　代表取締役　加藤　政信,久富　祐人,調剤,,令3. 5. 5,kyushu/000491324.zip
薬局,46,0640092,上野　薬局,阿久根市浜町１３番地,0996-72-1016,入江　達三,入江　達三,調剤,,平8. 12. 1,kyushu/000491324.zip
薬局,46,0640100,脇本調剤薬局,阿久根市大字脇本７４０１ー２,0996-75-2215,株式会社　九州メディファ　代表取締役　三宅　和也,豊藤　勇太,調剤,,平9. 2. 1,kyushu/000491324.zip
薬局,46,0640118,高松　薬局,阿久根市本町１４１番１,0996-73-4002,東山産業　株式会社　代表取締役　河野　芳一,井之元　健治,調剤,,平9. 3. 1,kyushu/000491324.zip
薬局,46,0640217,出水郡薬剤師会会営薬局　阿久根店,阿久根市赤瀬川１２０５番地６,0996-72-5060,有限会社　出水薬剤師企画　代表取締役　瀬野浦　格,濵田　充,調剤,,平13. 4. 1,kyushu/000491324.zip
薬局,46,0640266,すくすく薬局,阿久根市赤瀬川３８８０－８,0996-72-5010,有限会社　インサイド・ヴィレッジ　代表取締役　内村　仁一,内村　紀子,調剤,,平18. 11. 7,kyushu/000491324.zip
薬局,46,0640308,本町薬局,阿久根市高松町３６番地,0996-73-3233,株式会社　スマイルメディカル　代表取締役　福元　逸郎,福元　逸郎,調剤,,平22. 3. 1,kyushu/000491324.zip
薬局,46,0640316,よつば薬局,阿久根市本町７５番３号,0996-79-4331,有限会社　クローバーメディカル　代表取締役　濱田　義之,濱田　義之,調剤,,平25. 8. 1,kyushu/000491324.zip
薬局,46,0640324,三文字薬局,阿久根市脇本７９９５番地１,0996-75-0073,税所　まみ,税所　まみ,調剤,,平27. 4. 1,kyushu/000491324.zip
薬局,46,0640332,市民調剤薬局,阿久根市塩鶴町２丁目１２４番の２,0996-68-0150,クレインファーマ株式会社　代表取締役　岡田　修,山口　梓,調剤,,令元. 6. 1,kyushu/000491324.zip
薬局,46,0840221,かりん薬局,出水市向江町１２番３８号,0996-64-1400,有限会社　メディハウス　代表取締役　加藤　政信,簗瀬　淳一,調剤,,平10. 5. 1,kyushu/000491324.zip
薬局,46,0840247,マリン薬局,出水市平和町３３５番２,0996-63-6678,有限会社　アート　代表取締役　三上　陽史,堂之上　晃輔,調剤,,平10. 9. 1,kyushu/000491324.zip
薬局,46,0840254,ひまわり薬局,出水市上知識町８５４番地,0996-62-6070,有限会社　メディハウス　代表取締役　加藤　政信,金山　俊夫,調剤,,平10. 11. 1,kyushu/000491324.zip
薬局,46,0840304,そうごう薬局　出水店,出水市明神町４８２番地,0996-64-8161,総合メディカル株式会社　代表取締役　多田　荘一郎,佐々木　良太,調剤,,平11. 8. 1,kyushu/000491324.zip
薬局,46,0840312,出水郡薬剤師会　会営薬局,出水市明神町５３７番地,0996-64-8280,有限会社　出水薬剤師企画　代表取締役　瀬野浦　格,末永　雄大,調剤,,平11. 10. 1,kyushu/000491324.zip
薬局,46,0840338,あすか薬局,出水市平和町１３３番地２,0996-63-7322,有限会社　あすか薬局　代表取締役　坂本　克洋,坂本　克洋,調剤,,平14. 6. 1,kyushu/000491324.zip
薬局,46,0840353,いまがま調剤薬局,出水市下知識町１５１９番地,0996-65-7550,有限会社　ミヤハラ・メディカル　代表取締役　宮原　充貴,宮原　充貴,調剤,,平15. 2. 1,kyushu/000491324.zip
薬局,46,0840429,さくら薬局,出水市向江町１９番２６号,0996-63-7700,有限会社　Ｗｉｌｌ　代表取締役　寺島　義行,寺島　義行,調剤,,平16. 9. 1,kyushu/000491324.zip
薬局,46,0840460,宮前調剤薬局,出水市上知識町８０３番,0996-63-5880,有限会社　サンメディファ　取締役　白男川　賢治,梶尾　貴美恵,調剤,,平17. 4. 1,kyushu/000491324.zip
薬局,46,0840478,フタヤ薬局　出水店,出水市六月田町７１２番１,0996-67-5253,有限会社　フタヤファーマシー　代表取締役　佐々木　量由,堀部　拓人,調剤,,平17. 9. 5,kyushu/000491324.zip
薬局,46,0840494,メープル薬局,出水市大野原町６９番地,0996-62-9292,有限会社　メープル薬局　代表取締役　林　一穂,林　一穂,調剤,,平17. 12. 1,kyushu/000491324.zip
薬局,46,0840510,うらくぼ薬局,出水市高尾野町大久保１４１５－１２,,瀬野浦　格,瀬野浦　格,調剤,,平4. 6. 1,kyushu/000491324.zip
薬局,46,0840551,出水郡薬剤師会　高尾野会営薬局,出水市高尾野町大久保３８１６番地３９,0996-64-2110,有限会社　出水薬剤師企画　代表取締役　瀬野浦　格,肱黒　麻美,調剤,,平14. 9. 1,kyushu/000491324.zip
薬局,46,0840577,ふれあい薬局,出水市向江町２番１４号,0996-63-3070,有限会社　ニノカタ　代表取締役　二ノ方　良治,二ノ方　良祐,調剤,,平18. 6. 1,kyushu/000491324.zip
薬局,46,0840601,マリン薬局　米ノ津店,出水市明神町２３５７番地２,0996-67-5002,有限会社　アート　代表取締役　三上　陽史,荒木　智子,調剤,,平19. 4. 1,kyushu/000491324.zip
薬局,46,0840627,さくらんぼ薬局,出水市大野原町１０－３,0996-68-7000,有限会社　出水薬剤師企画　代表取締役　瀬野浦　格,田上　友洋,調剤,,平19. 6. 1,kyushu/000491324.zip
薬局,46,0840635,エンジェル薬局,出水市米ノ津町２２番２４号,0996-65-7637,林　英作,林　英作,調剤,,平19. 7. 1,kyushu/000491324.zip
薬局,46,0840692,クレモア薬局,出水市昭和町２５番７号,0996-63-5401,クレインファーマ株式会社　代表取締役　岡田　修,大堂　尚子,調剤,,平21. 4. 1,kyushu/000491324.zip
薬局,46,0840700,かめや薬局,出水市上鯖淵５６－１１,0996-62-0038,橋元　宏典,橋元　宏典,調剤,,平22. 7. 1,kyushu/000491324.zip
薬局,46,0840726,ハート薬局,出水市米ノ津町３－３１,0996-79-3877,有限会社　インサイド・ヴィレッジ　代表取締役　内村　仁一,内村　仁一,調剤,,平23. 3. 1,kyushu/000491324.zip
薬局,46,0840742,ポポロ薬局,出水市平和町１９８－２,0996-63-4630,株式会社　リチェッタ　代表取締役　吉澤　昌治,吉澤　昌治,調剤,,平24. 9. 1,kyushu/000491324.zip
薬局,46,0840759,タカラ調剤薬局,出水市上鯖淵１６１９番地６,0996-62-8813,薬生光株式会社　代表取締役　羽生　真,髙田　翔,調剤,,平25. 5. 1,kyushu/000491324.zip
薬局,46,0840783,オレンジ薬局　出水店,出水市中央町１３９３番地,0996-79-3972,有限会社　エイエムメディカル　代表取締役　三上　陽史,田中　博章,調剤,,平27. 1. 1,kyushu/000491324.zip
薬局,46,0840809,五万石薬局,出水市五万石町８０１,0996-63-8800,株式会社　セゾン　代表取締役　松田　浩一,岩田　武俊,調剤,,平29. 7. 1,kyushu/000491324.zip
薬局,46,0840817,シバタ薬局,出水市高尾野町柴引６４番地,0996-82-0032,豊藤　浩子,豊藤　浩子,調剤,,平30. 1. 1,kyushu/000491324.zip
薬局,46,0840866,しもずる薬局,出水市高尾野町下水流７６１番地３,0996-64-2211,株式会社ミルキーマリ―ンホールディングス　代表取締役　松山　喜範,越竹　麻衣,調剤,,平30. 9. 1,kyushu/000491324.zip
薬局,46,0840882,スマイル薬局出水店,出水市六月田町３６０番３,0996-67-2055,株式会社　ツール・ド・メディケーション　代表取締役　永田　芳郎,松島　宏和,調剤,,平31. 2. 1,kyushu/000491324.zip
薬局,46,0840890,株式会社　中村五郎薬局,出水市明神町３８７番地,0996-67-1078,株式会社　中村五郎薬局　代表取締役　中村　佳介,中村　溪子,調剤,,令元. 7. 1,kyushu/000491324.zip
薬局,46,0840916,出水マリンバ薬局,出水市本町４番４５－１号,0996-63-8601,株式会社　サティスファーマ　代表取締役　小倉　義広,谷山　光弘,調剤,,令5. 3. 1,kyushu/000491324.zip
薬局,46,0840924,こがね薬局,出水市黄金町４２７－３,0996-64-1132,合同会社ＮＡＨＡ　代表社員　基志川　亮,坂梨　彰彦,調剤,,令6. 10. 1,kyushu/000491324.zip
薬局,46,0840932,第二緑調剤薬局,出水市緑町４４番３８号,0996-63-1177,合同会社ＮＡＨＡ　代表社員　基志川　亮,柴田　康生,調剤,,令6. 10. 1,kyushu/000491324.zip
薬局,46,0840940,出水中央調剤薬局,出水市中央町１４２７,0996-68-5665,有限会社　中央調剤薬局　代表取締役　松本　あさみ,桑原　加奈子,調剤,,令7. 8. 1,kyushu/000491324.zip
薬局,46,0840957,クレイン薬局,出水市本町３番３号,0996-63-4300,クレインファーマ株式会社　代表取締役　岡田　修,岡田　修,調剤,,令7. 12. 1,kyushu/000491324.zip
薬局,46,0840965,中央調剤薬局,出水市平和町３３３－５,0996-68-7011,ＭＣＭ株式会社　代表取締役　松本　あさみ,山信田　智,調剤,,令8. 5. 1,kyushu/000491324.zip
薬局,46,0840973,スマイル薬局,出水市野田町下名６９１１,0996-84-2430,株式会社コミュニス　代表取締役　深田　和宏,深田　和宏,調剤,,令8. 4. 1,kyushu/000491324.zip
薬局,46,0840981,かしま薬局,出水市平和町２０番２,0996-63-3970,有限会社山尾薬局　代表取締役　田　雄介,小倉　健,調剤,,令8. 6. 1,kyushu/000491324.zip
薬局,46,1040375,ハート　薬局,指宿市大牟礼三丁目７番１号,0993-23-2377,有限会社　ハートエンタープライズ　代表取締役　西島　徹,久木原　啓,調剤,,平7. 9. 1,kyushu/000491324.zip
薬局,46,1040474,有限会社　チェリー調剤薬局,指宿市湊二丁目２４番１０号,0993-24-3705,有限会社　チェリー調剤薬局　取締役　小倉　義広,眞　直仁,調剤,,平13. 5. 1,kyushu/000491324.zip
薬局,46,1040482,なのはな薬局,指宿市東方８７１４番２２,0993-24-1111,株式会社　九州保健医療　代表取締役　仙田　昇,古賀　敏哉,調剤,,平14. 4. 1,kyushu/000491324.zip
薬局,46,1040524,そうごう薬局　指宿店,指宿市十町２３２２－１,0993-22-1021,総合メディカル株式会社　代表取締役　多田　荘一郎,井上　真愛,調剤,,平15. 12. 1,kyushu/000491324.zip
薬局,46,1040573,かいもん・トミタ　薬局,指宿市開聞十町２８５８番地１,0993-32-5234,有限会社　かいもんトミタ薬局　代表取締役　冨田　隆志,冨田　隆志,調剤,,平7. 9. 1,kyushu/000491324.zip
薬局,46,1040581,まどか薬局,指宿市山川入船町７番地,0993-35-2120,有限会社　まどか調剤薬局　代表取締役　荒田　つゆ子,荒田　つゆ子,調剤,,平14. 7. 1,kyushu/000491324.zip
薬局,46,1040623,ゆのさと薬局,指宿市大牟礼三丁目２４番８号,0993-22-6771,関　一成,関　一成,調剤,,平20. 10. 1,kyushu/000491324.zip
薬局,46,1040664,指宿薬剤師会薬局,指宿市十二町４２２４番地,0993-22-6343,特定非営利活動法人　指宿薬剤師会　理事長　古賀　敏哉,篠原　有祐美,調剤,,平23. 4. 1,kyushu/000491324.zip
薬局,46,1040680,ケーアイ調剤薬局　指宿店,指宿市東方８３２０－１,0993-27-1152,株式会社　Ｋファーマシー　代表取締役　宇都　雅子,濵田　洋一,調剤,,平23. 10. 1,kyushu/000491324.zip
薬局,46,1040714,そうごう薬局　開聞店,指宿市開聞十町１２９８－１,0993-27-2151,総合メディカル株式会社　代表取締役　多田　荘一郎,井上　侑飛,調剤,,平24. 4. 1,kyushu/000491324.zip
薬局,46,1040755,イブスキ薬局,指宿市大牟礼１－１－１６,0993-24-4516,株式会社　やぶさめ調剤　代表取締役　鏑流馬　大己,鏑流馬　大己,調剤,,平27. 5. 1,kyushu/000491324.zip
薬局,46,1040763,アイリス薬局,指宿市十町１１４４,0993-37-5385,株式会社　アイメディック　代表取締役　清　邦明,清　邦明,調剤,,平30. 11. 1,kyushu/000491324.zip
薬局,46,1040771,にじ薬局,指宿市十二町２１８６－３,0993-26-4080,株式会社国沢　代表取締役　国沢　一男,国沢　一男,調剤,,令2. 1. 4,kyushu/000491324.zip
薬局,46,1040789,ミヤガハマ薬局,指宿市西方６７３５,0993-23-1032,ビレッジ合同会社　代表社員　村場　洸太,村場　洸太,調剤,,令2. 5. 1,kyushu/000491324.zip
薬局,46,1040805,ひかり調剤薬局,指宿市湊二丁目１２番８号,0993-26-3550,株式会社　サティスファーマ　代表取締役　小倉　義広,山内　靖久,調剤,,令3. 1. 1,kyushu/000491324.zip
薬局,46,1040813,わたせ薬局,指宿市十町１３８２番地６,0993-22-4739,合同会社ＳＨＰ　代表社員　宮本　卓郎,宮本　卓郎,調剤,,令6. 10. 1,kyushu/000491324.zip
薬局,46,1040821,ハッピー薬局,指宿市十町字椨之元３９８番地１,0993-26-4189,有限会社吉元薬局　代表取締役　髙田　昌和,髙田　昌和,調剤,,令7. 6. 1,kyushu/000491324.zip
薬局,46,1040839,ヘルシー薬局　指宿店,指宿市十二町４９５－１,0993-23-6144,有限会社　のぞみ調剤薬局　代表取締役　岩田　洋海,藤岡　直,調剤,,令8. 7. 1,kyushu/000491324.zip
薬局,46,1340213,かもめ薬局,西之表市鴨女町９５番地,0997-23-1232,かもめ薬局株式会社　代表取締役　名越　哲朗,名越　哲朗,調剤,,平29. 9. 1,kyushu/000491324.zip
薬局,46,1340221,のぞみ薬局,西之表市西之表７４６８－３,0997-23-2861,有限会社　のぞみ薬局　代表取締役　小笹　忠彦,溝川　友貴,調剤,,令4. 6. 1,kyushu/000491324.zip
薬局,46,1440104,垂水調剤薬局,垂水市上町９６番地,0994-32-5923,有限会社　垂水調剤薬局　代表取締役　小池田　誠,竹下　洋平,調剤,,平7. 2. 1,kyushu/000491324.zip
薬局,46,1440112,アルファー　薬局,垂水市田神３４９８番地５６,0994-32-6400,有限会社　サンセイ　代表取締役　鎌田　隆司,榎園　晶,調剤,,平7. 6. 1,kyushu/000491324.zip
薬局,46,1440146,垂水市民薬局,垂水市錦江町１番１３５,0994-31-3737,有限会社　垂水市民薬局　代表取締役　首藤　正一,川畑　仁志,調剤,,平11. 4. 1,kyushu/000491324.zip
薬局,46,1440179,宮田薬局,垂水市本町６１番地,0994-32-0234,有限会社くすりの宮田　取締役　宮田　真也,宮田　真也,調剤,,平15. 10. 1,kyushu/000491324.zip
薬局,46,1440187,ヘルシー薬局垂水店,垂水市田神字下福町３４８１番３,0994-32-9022,有限会社　のぞみ調剤薬局　代表取締役　岩田　洋海,中鶴　華成,調剤,,平16. 4. 1,kyushu/000491324.zip
薬局,46,1440229,ライフ薬局,垂水市中央町２９番地,0994-31-3322,有限会社　アシスト　代表取締役　後迫　成人,後迫　成人,調剤,,平27. 2. 1,kyushu/000491324.zip
薬局,46,1440260,いちご薬局,垂水市田神字下福町３４７９番地３,0994-32-3656,株式会社　メディシン　代表取締役　角野　吉晃,蓑田　祐太,調剤,,平31. 3. 1,kyushu/000491324.zip
薬局,46,1440278,フタヤ薬局　垂水店,垂水市旭町２３番地,0994-32-7252,有限会社　二矢メディカル　代表取締役　佐々木　量由,中園　立彦,調剤,,令元. 5. 1,kyushu/000491324.zip
薬局,46,1440286,小みかん薬局,垂水市南松原町１０番地,0994-32-8118,株式会社小みかん薬局　代表取締役　大山　忠博,大山　忠博,調剤,,令2. 12. 1,kyushu/000491324.zip
薬局,46,1540028,マルヨシ薬局,薩摩川内市西向田町１７－１６,,由井薗　洋司,由井薗　洋司,調剤,,昭54. 11. 15,kyushu/000491324.zip
薬局,46,1540069,東山調剤薬局,薩摩川内市横馬場町２－９,,東山産業　株式会社　代表取締役　河野　芳一,満永　浩司,調剤,,昭60. 3. 15,kyushu/000491324.zip
薬局,46,1540101,有限会社　かんだ調剤薬局,薩摩川内市東開聞町３番１号,,有限会社　ケーワイファーマシー　代表取締役　飯田　和詳,平山　健介,調剤,,平5. 2. 1,kyushu/000491324.zip
薬局,46,1540119,つばさ薬局,薩摩川内市神田町４－３０,,有限会社　保険調剤つばさ薬局　代表取締役　田村　和久,田村　和久,調剤,,平5. 10. 1,kyushu/000491324.zip
薬局,46,1540150,有限会社　ケーアイ調剤薬局,薩摩川内市高城町１９４５番地３,,有限会社　ケーアイ調剤薬局　取締役　熊倉　幸也,慶田　昌大,調剤,,平6. 11. 1,kyushu/000491324.zip
薬局,46,1540218,ゆう　薬局,薩摩川内市平佐町１６９３番地３２,0996-20-3802,有限会社　ゆう薬局　代表取締役　新山　太,新山　太,調剤,,平8. 12. 1,kyushu/000491324.zip
薬局,46,1540259,そうごう薬局　御陵下店,薩摩川内市御陵下町１４番地１０号,0996-27-1351,総合メディカル　株式会社　代表取締役　多田　荘一郎,宮﨑　千夏,調剤,,平9. 5. 1,kyushu/000491324.zip
薬局,46,1540317,めぐみ薬局,薩摩川内市原田町３０番２７号,0996-27-1011,有限会社　イーストリバー　代表取締役　川畑　英孝,川畑　和昭,調剤,,平10. 6. 1,kyushu/000491324.zip
薬局,46,1540390,あおい薬局,薩摩川内市中郷三丁目６２番地,0996-27-7440,ａｏｉ株式会社　代表取締役　濵田　貴代,鬼塚　俊雅,調剤,,平13. 4. 1,kyushu/000491324.zip
薬局,46,1540432,大小路ふれあい薬局,薩摩川内市大小路町３９番１２号,0996-27-8810,有限会社　オーエヌ・メディスン　代表取締役　鬼木　善典,鬼木　善典,調剤,,平14. 4. 1,kyushu/000491324.zip
薬局,46,1540440,さと薬局,薩摩川内市平佐町１６８９番地８,0996-27-8756,有限会社　いさむメディカル　代表取締役　渡邊　雅紀,渡邊　雅紀,調剤,,平15. 4. 1,kyushu/000491324.zip
薬局,46,1540457,さつき薬局,薩摩川内市隈之城町１４７６番地３,0996-27-8765,有限会社　エフ　アンド　エフ　代表取締役　東　暁,中根　真由美,調剤,,平15. 4. 1,kyushu/000491324.zip
薬局,46,1540473,ヘルシー薬局　川内店,薩摩川内市東大小路町４５番５号,0996-20-7820,有限会社　のぞみ調剤薬局　代表取締役　岩田　洋海,福　健太郎,調剤,,平16. 6. 1,kyushu/000491324.zip
薬局,46,1540499,福田薬局,薩摩川内市樋脇町市比野２５６１番地,,福田　克朗,福田　克朗,調剤,,昭62. 12. 1,kyushu/000491324.zip
薬局,46,1540556,ドレミ薬局　入来店,薩摩川内市入来町浦之名大迫７８８１－３,0996-21-4575,有限会社　本町薬局　取締役　中嶋　洋生,佐藤　喜人,調剤,,平16. 11. 1,kyushu/000491324.zip
薬局,46,1540572,さつま薬局,薩摩川内市御陵下町２６５０番地３,0996-20-0324,有限会社　ナイスファーマシー　代表取締役　田之上　晃,福元　広美,調剤,,平17. 6. 1,kyushu/000491324.zip
薬局,46,1540580,花咲薬局,薩摩川内市平佐町４３１４番地１０,0996-20-7621,有限会社　盛和薬品　代表取締役　桑畑　弘一,桑畑　弘一,調剤,,平17. 6. 1,kyushu/000491324.zip
薬局,46,1540598,アジア薬局,薩摩川内市大小路町２２番１０号,0996-20-7721,有限会社　ＭＥＤＩＣＡＬ　ＳＥＥＤ　代表取締役　川内　友紀,川内　友紀,調剤,,平17. 7. 1,kyushu/000491324.zip
薬局,46,1540606,ひぐらし薬局,薩摩川内市向田町１０１６番地,0996-23-1646,有限会社　柳香　代表取締役　羽賀　真一,羽賀　真一,調剤,,平17. 11. 1,kyushu/000491324.zip
薬局,46,1540648,こころ調剤薬局,薩摩川内市東開聞町６番２０号,0996-24-0556,株式会社　こころ調剤薬局　代表取締役　堀切　久美子,永野　彩,調剤,,平18. 12. 1,kyushu/000491324.zip
薬局,46,1540671,サンライズ薬局,薩摩川内市五代町３２１７番地１,0996-20-7471,株式会社　Ｎ＆Ｔファーマ　代表取締役　藤井　規好,藤井　智子,調剤,,平19. 1. 1,kyushu/000491324.zip
薬局,46,1540689,クアルタあおい薬局,薩摩川内市中郷１丁目３９番３４号,0996-21-1217,ａｏｉ株式会社　代表取締役　濵田　貴代,下津　雄樹,調剤,,平19. 4. 16,kyushu/000491324.zip
薬局,46,1540762,オーロラ薬局,薩摩川内市水引町３２４７－１３,0996-41-4411,有限会社　優桜薬品　代表取締役　東郷　和彦,森谷　久美子,調剤,,平23. 7. 1,kyushu/000491324.zip
薬局,46,1540770,なごみ薬局,薩摩川内市平佐町４２３４－２,0996-22-3320,有限会社　エフアンドエフ　代表取締役　東　暁,中島　育枝,調剤,,平24. 2. 1,kyushu/000491324.zip
薬局,46,1540788,そうごう薬局　薩摩川内店,薩摩川内市永利町２４５２－５,0996-20-7201,総合メディカル　株式会社　代表取締役　多田　荘一郎,坂口　和志,調剤,,平24. 3. 1,kyushu/000491324.zip
薬局,46,1540804,有限会社　ケーアイ調剤薬局　五代店,薩摩川内市上川内町３３０６番地,0996-21-1952,有限会社　ケーアイ調剤薬局　代表取締役　熊倉　幸也,藁科　和義,調剤,,平24. 5. 1,kyushu/000491324.zip
薬局,46,1540812,みやび薬局　隈之城店,薩摩川内市隈之城町１２１１－１,0996-29-3501,株式会社　みやびメディカル　代表取締役　阿部　雅幸,髙田　知和,調剤,,平24. 10. 1,kyushu/000491324.zip
薬局,46,1540853,ハーブ調剤薬局,薩摩川内市田崎町１０７２－５,0996-20-5101,株式会社　セゾン　代表取締役　松田　浩一,松尾　武,調剤,,平26. 4. 1,kyushu/000491324.zip
薬局,46,1540879,アクア薬局　川内,薩摩川内市中郷四丁目６番,0996-20-0008,有限会社　アクア　代表取締役　岩﨑　弘樹,犬伏　努,調剤,,平27. 5. 1,kyushu/000491324.zip
薬局,46,1540887,ひかり調剤薬局,薩摩川内市中郷一丁目１１番２号,0996-22-7902,有限会社　ひかり調剤薬局　取締役　温井　知佳,新門　小百合,調剤,,平27. 11. 1,kyushu/000491324.zip
薬局,46,1540895,水引薬局,薩摩川内市水引町７６１５番２２,0996-31-2010,有限会社　エフアンドエフ　代表取締役　東　暁,東　伸吾,調剤,,平28. 1. 1,kyushu/000491324.zip
薬局,46,1540929,スマイル薬局川内駅前店,薩摩川内市東向田町１０１番地,0996-29-3630,株式会社　スリーピースコーポレーション　代表取締役　山田　省三,菅野　泰弘,調剤,,平28. 10. 1,kyushu/000491324.zip
薬局,46,1540937,川内調剤薬局,薩摩川内市若葉町３番２０号,0996-25-3985,野元　健一,野元　健一,調剤,,平28. 11. 1,kyushu/000491324.zip
薬局,46,1540945,きずな薬局　平佐店,薩摩川内市平佐町３７３９番地６,0996-22-0987,株式会社　ゆかりファーマシー　代表取締役　笹川　ゆかり,笹川　大介,調剤,,平30. 6. 1,kyushu/000491324.zip
薬局,46,1540952,大王マリンバ薬局,薩摩川内市大王町１番地６,0996-41-6109,株式会社サティスファーマ　代表取締役　小倉　義広,米澤　善之,調剤,,平30. 12. 1,kyushu/000491324.zip
薬局,46,1540978,くじゃく薬局,薩摩川内市御陵下町２０－２０,0996-22-0160,Ｋ＆Ｓアポセカリー株式会社　代表取締役　丸田　沙生,丸田　兼志,調剤,,令元. 5. 1,kyushu/000491324.zip
薬局,46,1540986,大信薬局　上川内店,薩摩川内市御陵下町３１４４番地１,0996-41-5018,株式会社ディー・シー・トレーディング　　代表取締役　吉村　企右,船迫　大雅,調剤,,令元. 5. 1,kyushu/000491324.zip
薬局,46,1540994,わか鮎薬局,薩摩川内市東郷町斧渕３８５番地３,0996-42-1107,株式会社かいもとぐみ　代表取締役　皆元　大輔,皆元　大輔,調剤,,令元. 7. 1,kyushu/000491324.zip
薬局,46,1541000,あさひ調剤薬局,薩摩川内市西向田町７７番２号,0996-29-4622,有限会社　和光メディカル　代表取締役　松尾　隆徳,赤﨑　直人,調剤,,令元. 9. 1,kyushu/000491324.zip
薬局,46,1541018,いむた薬局,薩摩川内市祁答院町藺牟田２１０８－２,0996-31-8228,株式会社Ｏｎｅ　ｆｌｏｗｅｒ　代表取締役　大田　健,大田　健,調剤,,令元. 11. 1,kyushu/000491324.zip
薬局,46,1541026,あおは薬局,薩摩川内市御陵下町２３番地６号,0996-26-1185,株式会社サラン　代表取締役　最勝寺　智史,内山　誠,調剤,,令2. 4. 1,kyushu/000491324.zip
薬局,46,1541034,あさみ調剤薬局川内店,薩摩川内市勝目町５８６０番地３,0996-27-1500,松本　あさみ,江藤　祐子,調剤,,令3. 6. 1,kyushu/000491324.zip
薬局,46,1541042,あすなろ薬局,薩摩川内市中郷１丁目１２番２１号,0996-25-1321,田原　健,田原　秀美,調剤,,令4. 3. 1,kyushu/000491324.zip
薬局,46,1541067,市比野マリンバ薬局,薩摩川内市樋脇町市比野３０８０－１,0996-38-2020,株式会社　サティスファーマ　代表取締役　小倉　義広,岡元　啓介,調剤,,令4. 8. 1,kyushu/000491324.zip
薬局,46,1541109,みなと薬局,薩摩川内市中郷４丁目２４８番,0996-26-1588,有限会社　イーストリバー　代表取締役　川畑　英孝,喜田川　雅輝,調剤,,令6. 2. 1,kyushu/000491324.zip
薬局,46,1541125,すず調剤薬局,薩摩川内市東開聞町１３－４,0996-23-6504,有限会社　エフアンドエフ　代表取締役　東　暁,門栁　隆太郎,調剤,,令6. 5. 7,kyushu/000491324.zip
薬局,46,1541133,宮崎町薬局,薩摩川内市宮崎町３０００番地,0996-27-8797,株式会社エム・ワイ・メディカル　代表取締役　岩本　光照,佐藤　進一,調剤,,令6. 10. 1,kyushu/000491324.zip
薬局,46,1541141,しらゆり調剤薬局,薩摩川内市大小路町１９番９号,0996-23-1949,株式会社ウィーズ　代表取締役　田　達也,迫　裕弥,調剤,,令6. 10. 1,kyushu/000491324.zip
薬局,46,1541158,Ｉ＆Ｈ下こしき薬局,薩摩川内市下甑町手打字浜口１０１８番,0996-94-3087,株式会社　スギ薬局　代表取締役　杉浦　伸哉,宮本　明音,調剤,,令7. 3. 1,kyushu/000491324.zip
薬局,46,1541166,Ｉ＆Ｈ上こしき薬局,薩摩川内市上甑町中甑字前田４７９番,0996-94-3635,株式会社　スギ薬局　代表取締役　杉浦　伸哉,儀間　優香,調剤,,令7. 3. 1,kyushu/000491324.zip
薬局,46,1541174,白十字薬局,薩摩川内市原田町５番１号,0996-20-1110,株式会社なの花九州　代表取締役　永冨　将寛,山下　将央,調剤,,令7. 4. 1,kyushu/000491324.zip
薬局,46,1541182,有限会社センヤク　あさがお薬局,薩摩川内市大小路町５１番１２号,0996-23-8934,有限会社　センヤク　代表取締役　阿久根　憲造,阿久根　憲造,調剤,,令7. 9. 1,kyushu/000491324.zip
薬局,46,1541190,天辰マリンバ薬局,薩摩川内市田崎町４３９番地１,0996-20-5750,株式会社　サティスファーマ　代表取締役　小倉　義広,村　真弓,調剤,,令7. 9. 1,kyushu/000491324.zip
薬局,46,1541208,わかさ薬局,薩摩川内市若葉町３番６号,0996-22-0543,有限会社いさむメディカル　代表取締役　渡邊　雅紀,山口　裕次,調剤,,令7. 10. 1,kyushu/000491324.zip
薬局,46,1541216,くれよん調剤薬局,薩摩川内市勝目町４１１０－２１,0996-21-1166,有限会社　メディハウス　代表取締役　加藤　政信,原野　正昭,調剤,,令7. 12. 8,kyushu/000491324.zip
薬局,46,1541224,りんご薬局,薩摩川内市矢倉町４６６３－３,0996-24-1400,株式会社サラン　代表取締役　最勝寺　智史,松若　幸久,調剤,,令8. 4. 1,kyushu/000491324.zip
薬局,46,1541232,答院薬局,薩摩川内市答院町下手９７７番地,0996-21-8085,合同会社ムカイ　代表社員　向井　秀光,向井　秀光,調剤,,令8. 6. 1,kyushu/000491324.zip
薬局,46,1640018,かみぞの薬局,日置市吹上町中原２９２９,099-296-2038,株式会社　かみぞの薬局　代表取締役　上園　斉昭,上園　斉昭,調剤,,昭41. 6. 1,kyushu/000491324.zip
薬局,46,1640117,みやび薬局,日置市東市来町湯田２９９２番地,099-274-6070,株式会社　みやびメディカル　代表取締役　阿部　雅幸,杉原　武宏,調剤,,平8. 1. 1,kyushu/000491324.zip
薬局,46,1640141,とも調剤薬局,日置市吹上町湯之浦２３５１番地,099-296-3322,有限会社　とも調剤薬局　代表取締役　川畑　信浩,松井　祐充,調剤,,平10. 11. 1,kyushu/000491324.zip
薬局,46,1640174,有限会社　ケーアイ調剤薬局　伊集院店,日置市伊集院町徳重三丁目１番地５,099-272-0881,有限会社　ケーアイ調剤薬局　取締役　熊倉　幸也,松島　貴子,調剤,,平11. 4. 1,kyushu/000491324.zip
薬局,46,1640190,有限会社　ケーアイ調剤薬局　清藤店,日置市伊集院町清藤２００６番地３,099-273-2381,有限会社　ケーアイ調剤薬局　代表取締役　熊倉　幸也,関　誠樹,調剤,,平14. 1. 1,kyushu/000491324.zip
薬局,46,1640224,きりん薬局,日置市伊集院町下谷口２０３２－１,099-272-7666,株式会社　ツール・ド・メディケーション　代表取締役　永田　芳郎,五反田　崇,調剤,,平16. 4. 1,kyushu/000491324.zip
薬局,46,1640257,れいめい調剤薬局,日置市伊集院町徳重１丁目１４－３,099-821-1045,株式会社　れいめいメディカル　代表取締役　川内　哲郎,東小薗　喬太,調剤,,平18. 3. 1,kyushu/000491324.zip
薬局,46,1640265,こじか調剤薬局,日置市伊集院町妙円寺二丁目３４番地５,099-246-5558,株式会社　ＫＯＪＩＫＡ　代表取締役　荒木　寛,中島　泉,調剤,,平18. 11. 1,kyushu/000491324.zip
薬局,46,1640307,あさみ調剤薬局,日置市日吉町日置３９０－１,099-246-8288,松本　あさみ,服部　友幸,調剤,,平20. 3. 1,kyushu/000491324.zip
薬局,46,1640315,ドラッグイレブン薬局伊集院店,日置市伊集院町猪鹿倉９８番地,099-272-0551,株式会社ドラッグイレブン　代表取締役　半澤　剛,佐久間　珠季,調剤,,平20. 11. 1,kyushu/000491324.zip
薬局,46,1640323,ほんまち薬局,日置市吹上町中原２６１１－１,099-296-5450,有限会社　メディ・フラワー　代表取締役　渡邊　信人,渡邊　信人,調剤,,平21. 9. 1,kyushu/000491324.zip
薬局,46,1640349,ひおき薬局,日置市伊集院町徳重三丁目７番地３,099-248-9777,横峯　壽一,横峯　壽一,調剤,,平24. 4. 1,kyushu/000491324.zip
薬局,46,1640356,花田薬局,日置市吹上町小野１１９８番地１,099-245-1720,南州薬品株式会社　代表取締役　横峯　宏尚,下拂　知江,調剤,,平26. 4. 1,kyushu/000491324.zip
薬局,46,1640364,カゴシマ薬局　長里店,日置市東市来町長里４８,099-274-6229,有限会社ＢＣＳメディカル　代表取締役　桑畑　剛寿,桑畑　剛寿,調剤,,平27. 4. 1,kyushu/000491324.zip
薬局,46,1640414,吹上薬局,日置市吹上町永吉１４２４５番地,099-299-3061,松本　あさみ,門前　孝一,調剤,,令元. 12. 1,kyushu/000491324.zip
薬局,46,1640422,すみれ薬局,日置市伊集院町郡二丁目６６番,099-210-7281,有限会社オーエヌ・メディスン　代表取締役　鬼木　善典,前田　恵美,調剤,,令元. 11. 18,kyushu/000491324.zip
薬局,46,1640448,伊集院調剤薬局,日置市伊集院町徳重２丁目７番地１ハイツ中原１０２号,099-246-5880,合同会社げんろく　代表社員　尾花　圭太郎,尾花　圭太郎,調剤,,令2. 6. 1,kyushu/000491324.zip
薬局,46,1640497,薬局　くすりや　げんろく　伊集院店,日置市伊集院町大田７９９,099-813-7280,合同会社げんろく　代表社員　尾花　圭太郎,尾花　綾子,調剤,,令4. 3. 1,kyushu/000491324.zip
薬局,46,1640539,まこと薬局,日置市伊集院町郡二丁目７４番地,099-202-0721,有限会社　まこと薬局　取締役　鬼木　善典,野口　拓朗,調剤,,令6. 5. 1,kyushu/000491324.zip
薬局,46,1640554,阪神調剤薬局　日置店,日置市伊集院町妙円寺１丁目１－６,099-295-3856,株式会社　スギ薬局　代表取締役　杉浦　伸哉,三島　純平,調剤,,令7. 3. 1,kyushu/000491324.zip
薬局,46,1640562,阪神調剤薬局　ひよし店,日置市日吉町日置１１５２番地１,099-210-7421,株式会社　スギ薬局　代表取締役　杉浦　伸哉,蓑輪　一裕,調剤,,令7. 3. 1,kyushu/000491324.zip
薬局,46,1640570,阪神調剤薬局　ゆのもと駅前店,日置市東市来町湯田３６１０番地６,099-295-3891,株式会社　スギ薬局　代表取締役　杉浦　伸哉,池田　佳奈美,調剤,,令7. 3. 1,kyushu/000491324.zip
薬局,46,1740032,栄町薬局,曽於市末吉町栄町１丁目５－２０,,有限会社栄町薬局　代表取締役　中島　啓,坂上　仭,調剤,,昭59. 9. 17,kyushu/000491324.zip
薬局,46,1740081,有限会社　ヒロ調剤薬局,曽於市末吉町本町２－１１－６,,有限会社ヒロ調剤薬局　代表取締役　中島　啓,原口　直也,調剤,,平6. 3. 1,kyushu/000491324.zip
薬局,46,1740115,やまのうち薬局,曽於市大隅町下窪町１０１番地,099-482-6615,有限会社　ウェルネスドラッグ　代表取締役　山之内　利三郎,山之内　利三郎,調剤,,平7. 11. 1,kyushu/000491324.zip
薬局,46,1740123,まごころ　調剤薬局,曽於市財部町南俣３６１３番地１,0986-72-0745,有限会社　三和メディカル　代表取締役　勢井　昭広,中俣　智浩,調剤,,平9. 12. 1,kyushu/000491324.zip
薬局,46,1740131,あおい薬局,曽於市末吉町二之方２１２８,0986-76-1035,ａｏｉ株式会社　代表取締役　濵田　貴代,濵田　貴代,調剤,,平10. 2. 1,kyushu/000491324.zip
薬局,46,1740156,きらら薬局,曽於市末吉町上町４丁目３番地１０,0986-76-2600,有限会社　丸一産業　代表取締役　山之内　一秀,山之内　一秀,調剤,,平14. 6. 1,kyushu/000491324.zip
薬局,46,1740164,豊栄調剤薬局　岩川店,曽於市大隅町鳴神町９３番地２,099-482-5775,有限会社　豊栄調剤薬局　代表取締役　有村　太輔,藤善　利華,調剤,,平15. 1. 14,kyushu/000491324.zip
薬局,46,1740198,曽於薬剤師会薬局,曽於市大隅町月野８９３番地１,099-482-2855,特定非営利活動法人　そお薬剤師会　理事　中島　啓,德持　史紀,調剤,,平18. 10. 1,kyushu/000491324.zip
薬局,46,1740214,中央薬局,曽於市財部町南俣１７０５－２６,0986-72-2121,合同会社　中央薬局　代表社員　塚野　一哉,塚野　一哉,調剤,,平27. 7. 1,kyushu/000491324.zip
薬局,46,1740255,そお調剤薬局,曽於市末吉町二之方字竹谷ノ上６０１５－２２,0986-36-4701,メディソレイユ合同会社　代表社員　日下部　聖人,日下部　聖人,調剤,,令5. 6. 1,kyushu/000491324.zip
薬局,46,1740263,オリーブ薬局,曽於市末吉町上町四丁目２番地６－１０２号,0986-36-5885,株式会社５楽　代表取締役　肥田　尚也,肥田　尚也,調剤,,令6. 2. 1,kyushu/000491324.zip
薬局,46,1740271,コトブキ薬局　鹿児島店,曽於市大隅町下窪町２番地の２,099-471-2720,株式会社　スギ薬局　代表取締役　杉浦　伸哉,栗田　天美里,調剤,,令7. 3. 1,kyushu/000491324.zip
薬局,46,1840055,串木野　調剤薬局,いちき串木野市照島５４３２番地１,0996-32-8116,有限会社　エムジーメディカル　代表取締役　眞子　敏哉,眞子　敏哉,調剤,,平7. 7. 1,kyushu/000491324.zip
薬局,46,1840089,有限会社　すこやか調剤薬局元町店,いちき串木野市元町１８３番地,0996-33-1647,有限会社　おがわ調剤薬局　代表取締役　平田　律子,松元　和樹,調剤,,平10. 10. 1,kyushu/000491324.zip
薬局,46,1840105,有限会社保険調剤　つばさ薬局　串木野,いちき串木野市春日町５番地２,0996-33-0900,有限会社　保険調剤つばさ薬局串木野　取締役　下田　健一,下田　健一,調剤,,平12. 5. 1,kyushu/000491324.zip
薬局,46,1840113,ニューことぶき調剤薬局,いちき串木野市京町５８番５号,0996-33-1891,有限会社　ビーダブルエム　代表取締役　宇根　美由紀,中村　明美,調剤,,平12. 6. 1,kyushu/000491324.zip
薬局,46,1840121,すこやか調剤薬局　坂下店,いちき串木野市生福５４１９番地２,0996-32-3707,メディカル・システム　株式会社　代表取締役　平田　律子,平田　律子,調剤,,平12. 8. 1,kyushu/000491324.zip
薬局,46,1840147,アクア薬局,いちき串木野市京町４２番地３,0996-33-2933,有限会社　アクア　代表取締役　岩﨑　弘樹,岩﨑　弘樹,調剤,,平15. 4. 1,kyushu/000491324.zip
薬局,46,1840162,みやび薬局　市来店,いちき串木野市大里３９１０ー６,0996-21-5030,株式会社　みやびメディカル　代表取締役　阿部　雅幸,川原　元治,調剤,,平9. 3. 1,kyushu/000491324.zip
薬局,46,1840204,すこやか調剤薬局　別府店,いちき串木野市別府３９９４番地１８,0996-33-0450,メディカル・システム株式会社　代表取締役　平田　律子,平田　和博,調剤,,平18. 9. 4,kyushu/000491324.zip
薬局,46,1840212,健美堂薬局　串木野店,いちき串木野市曙町９５番,0996-33-5677,有限会社　健美堂薬局　代表取締役　川畑　紀健,前川　由紀,調剤,,平19. 11. 26,kyushu/000491324.zip
薬局,46,1840220,いーぐる調剤薬局,いちき串木野市湊町一丁目２１２番地,0996-36-5513,有限会社　伊津部薬局　代表取締役　向井　勇人,向井　睦美,調剤,,平20. 1. 1,kyushu/000491324.zip
薬局,46,1840253,さのさ調剤薬局,いちき串木野市中尾町７５番地,0996-21-2280,南国タケシタ薬局株式会社　代表取締役　竹下　俊,山田　誠司,調剤,,平23. 5. 1,kyushu/000491324.zip
薬局,46,1840287,ゆうき薬局　市来店,いちき串木野市湊町三丁目８８番,0996-29-4266,有限会社　角田　代表取締役　角田　真一,桐原　香織,調剤,,平24. 10. 1,kyushu/000491324.zip
薬局,46,1840303,ひろ調剤薬局,いちき串木野市曙町１１６,0996-24-8071,株式会社ＨＴＫファーマ　代表取締役　河野　芳一,加藤　直之,調剤,,令元. 11. 1,kyushu/000491324.zip
薬局,46,1840311,とまと薬局　串木野店,いちき串木野市元町１５５番,0996-32-2270,株式会社とまとステーション　代表取締役　小笹　忠彦,佐々木　寛子,調剤,,令3. 3. 1,kyushu/000491324.zip
薬局,46,1840329,虹色薬局,いちき串木野市昭和通１３１番　出水ビル１０１号,0996-29-3381,株式会社　ＮｉＪｉメディカル　代表取締役　水間　潤,水間　潤,調剤,,令3. 11. 1,kyushu/000491324.zip
薬局,46,1840352,阪神調剤薬局　いちき串木野店,いちき串木野市大原町８０番地２号,099-629-3486,株式会社　スギ薬局　代表取締役　杉浦　伸哉,上水流　航平,調剤,,令7. 3. 1,kyushu/000491324.zip
薬局,46,1840360,いーぐる調剤薬局,いちき串木野市湊町一丁目２１２番地,0996-36-5513,合同会社ムカイ　代表社員　向井　秀光,向井　睦美,調剤,,令8. 6. 1,kyushu/000491324.zip
薬局,46,1940020,霧島市民薬局中央,霧島市国分中央１丁目７－６０,,株式会社　霧島市民薬局　代表取締役　寺脇　康文　福森　淳,小松　桐子,調剤,,昭63. 10. 1,kyushu/000491324.zip
薬局,46,1940038,みなと調剤薬局,霧島市国分山下町１６５４－６,,有限会社　みなと調剤薬局　代表取締役　今出　唯史,肱岡　基樹,調剤,,昭63. 11. 1,kyushu/000491324.zip
薬局,46,1940061,中央一丁目薬局,霧島市国分中央１－２１－３１,,有限会社　メディカルアイ　代表取締役　笠毛　健太郎,笠毛　健太郎,調剤,,平6. 8. 1,kyushu/000491324.zip
薬局,46,1940145,すみれ薬局,霧島市国分新町一丁目６番５２－７号,0995-48-8662,有限会社　こすもす　代表取締役　黒田　孝,黒田　孝,調剤,,平12. 7. 1,kyushu/000491324.zip
薬局,46,1940178,なのはな薬局,霧島市国分山下町１７３９番地２,0995-45-3305,株式会社　吉重薬品　代表取締役　吉重　康朗,西川原　大輔,調剤,,平15. 1. 1,kyushu/000491324.zip
薬局,46,1940186,ナカムラ薬局,霧島市国分中央五丁目４番６号,0995-45-0624,有限会社　ナカムラ薬品　代表取締役　中村　有介,中村　有介,調剤,,平15. 6. 1,kyushu/000491324.zip
薬局,46,1940202,イルカ調剤薬局　国分店,霧島市国分向花１１２－１,0995-64-0883,株式会社ｉＲＵＦＡ　代表取締役　木村　貴博,長ヶ原　久美子,調剤,,平15. 11. 1,kyushu/000491324.zip
薬局,46,1940210,かりん薬局,霧島市国分広瀬一丁目１２番２１号,0995-48-5670,株式会社　吉重薬品　代表取締役　吉重　康朗,吉永　敏博,調剤,,平16. 2. 1,kyushu/000491324.zip
薬局,46,1940228,たんぽぽ薬局,霧島市国分敷根字駒方１３７４－７,0995-48-5788,株式会社　メディチェスト　代表取締役　吉柳　秀雄,齊藤　誠,調剤,,平16. 8. 1,kyushu/000491324.zip
薬局,46,1940285,タケダ　薬局,霧島市霧島田口１５番地,0995-57-0025,有限会社　タケダ　代表取締役　竹田　満,竹田　満,調剤,,平7. 2. 1,kyushu/000491324.zip
薬局,46,1940301,とざか　薬局,霧島市隼人町東郷９３番地３,0995-64-2500,有限会社　兜坂薬局　代表取締役　兜坂　智浩,兜坂　由美,調剤,,平8. 7. 1,kyushu/000491324.zip
薬局,46,1940327,牧之原　調剤薬局,霧島市福山町福山４５１７番地３,0995-56-3020,有限会社　ツサキ商事　代表取締役　角崎　義徳,東　大樹,調剤,,平9. 2. 1,kyushu/000491324.zip
薬局,46,1940368,フロム薬局,霧島市隼人町真孝１０１３番６,0995-44-9292,有限会社　フロム薬局　代表取締役　宮脇　厳,竹山　志織,調剤,,平11. 9. 1,kyushu/000491324.zip
薬局,46,1940376,有限会社　ひなた調剤薬局,霧島市隼人町東郷一丁目２８１,0995-42-8704,有限会社　ひなた調剤薬局　代表取締役　淺野　真民,淺野　真民,調剤,,平12. 7. 1,kyushu/000491324.zip
薬局,46,1940392,あもりがわ薬局,霧島市隼人町松永３３０７番地１,0995-44-9211,有限会社　あもりがわ薬局　代表取締役　小笹　忠彦,田原　洋,調剤,,平13. 1. 1,kyushu/000491324.zip
薬局,46,1940400,有限会社　ケーアイ調剤薬局　溝辺店,霧島市溝辺町有川３２７番地４,0995-59-1555,有限会社　ケーアイ調剤薬局　代表取締役　熊倉　幸也,大岩　将之,調剤,,平14. 1. 1,kyushu/000491324.zip
薬局,46,1940434,ことり薬局,霧島市隼人町東郷１１０番地４,0995-44-7175,株式会社　メディチェスト　代表取締役　吉柳　秀雄,德田　澄子,調剤,,平15. 2. 3,kyushu/000491324.zip
薬局,46,1940442,あおぞら薬局,霧島市溝辺町麓字麓原１５０３－５,0995-58-9877,株式会社　メディチェスト　代表取締役　吉柳　秀雄,泉　真一朗,調剤,,平15. 12. 1,kyushu/000491324.zip
薬局,46,1940517,けやき薬局,霧島市隼人町松永１丁目３７番２,0995-44-7001,株式会社　メディチェスト　代表取締役　吉柳　秀雄,下川　杏南,調剤,,平19. 7. 9,kyushu/000491324.zip
薬局,46,1940525,ひまわり薬局,霧島市国分野口東１１５７番地２,0995-48-5520,株式会社　メディチェスト　代表取締役　吉柳　秀雄,妹尾　由真,調剤,,平19. 8. 1,kyushu/000491324.zip
薬局,46,1940541,まいづる薬局,霧島市国分福島三丁目５１番５号,0995-46-0628,株式会社　ニック　代表取締役　吉川　正男,牧野　幸佳,調剤,,平20. 1. 1,kyushu/000491324.zip
薬局,46,1940582,ニック調剤薬局　国分西店,霧島市国分野口西１９－３２－１,0995-56-7577,株式会社　ニック　代表取締役　吉川　正男,前田　雅貴,調剤,,平20. 8. 11,kyushu/000491324.zip
薬局,46,1940590,ひめぎ薬局,霧島市隼人町姫城二丁目２５９番地,0995-64-2610,株式会社　メディチェスト　代表取締役　吉柳　秀雄,末野　寛嗣,調剤,,平20. 9. 1,kyushu/000491324.zip
薬局,46,1940624,くにみ薬局　隼人店,霧島市隼人町内山田三丁目７４２番８,0995-64-2662,株式会社　メディチェスト　代表取締役　吉柳　秀雄,吉柳　秀雄,調剤,,平21. 1. 1,kyushu/000491324.zip
薬局,46,1940640,フタヤ薬局　国分店,霧島市国分福島３丁目４０番１５,0995-48-8484,有限会社　二矢メディカル　代表取締役　佐々木　量由,緒方　亮,調剤,,平21. 9. 1,kyushu/000491324.zip
薬局,46,1940657,おおぞら薬局,霧島市国分松木東７番１５号,0995-57-6220,株式会社　ツール・ド・メディケーション　代表取締役　永田　芳郎,元吉　孝子,調剤,,平21. 10. 1,kyushu/000491324.zip
薬局,46,1940707,隼人調剤薬局,霧島市隼人町見次６３８番地,0995-44-6166,南国タケシタ薬局株式会社　代表取締役　竹下　俊,向井　耕太,調剤,,平23. 5. 1,kyushu/000491324.zip
薬局,46,1940715,みほし薬局,霧島市国分中央四丁目２６３４－１,0995-48-5840,有限会社　スターメディカル　代表取締役　坂口　秀孝　坂口　真紀子,坂口　真紀子,調剤,,平24. 4. 1,kyushu/000491324.zip
薬局,46,1940723,カイト薬局,霧島市国分中央六丁目２２－６６,0995-73-6376,アースナー合同会社　代表社員　飯田　裕治,飯田　裕治,調剤,,平24. 4. 1,kyushu/000491324.zip
薬局,46,1940731,このはな薬局,霧島市国分清水一丁目８番１２号,0995-73-6882,株式会社　ワイズファーマシー　代表取締役　山口　有機,山口　有機,調剤,,平24. 4. 1,kyushu/000491324.zip
薬局,46,1940756,健美堂薬局　国分店,霧島市国分中央一丁目２６番２０号,0995-46-6886,有限会社　健美堂薬局　代表取締役　川畑　紀健,川畑　紀健,調剤,,平25. 9. 1,kyushu/000491324.zip
薬局,46,1940772,ハッピー薬局　国分広瀬店,霧島市国分広瀬二丁目２８番３９号,0995-46-9082,株式会社　新生堂薬局　代表取締役　水田　怜,加納　一弘,調剤,,平25. 12. 1,kyushu/000491324.zip
薬局,46,1940806,ニック調剤薬局　はやと店,霧島市隼人町見次１２５４－１,0995-73-4760,株式会社　ニック　代表取締役　吉川　正男,立山　喜啓,調剤,,平26. 3. 1,kyushu/000491324.zip
薬局,46,1940814,タイガー薬局,霧島市横川町上ノ３４１４番１０９,0995-64-6700,有限会社　オーエヌ・メディスン　代表取締役　鬼木　善典,井手之上　英輝,調剤,,平26. 4. 1,kyushu/000491324.zip
薬局,46,1940830,霧島マリンバ薬局,霧島市国分野口東９番３７号,0995-73-7970,株式会社　サティスファーマ　代表取締役　小倉　義広,北薗　啓輔,調剤,,平26. 10. 1,kyushu/000491324.zip
薬局,46,1940863,とまと薬局　国分店,霧島市国分中央３－１９－１５,0995-48-8220,有限会社　あもりがわ薬局　代表取締役　小笹　忠彦,尾崎　昇一,調剤,,平28. 4. 1,kyushu/000491324.zip
薬局,46,1940871,きぼう薬局,霧島市国分湊３９３番地１,0995-73-7162,株式会社　ホープメディカル　代表取締役　岩切　大輔,岩切　大輔,調剤,,平28. 4. 1,kyushu/000491324.zip
薬局,46,1940939,霧島市民薬局,霧島市国分中央三丁目３８番１６号,0995-45-4338,株式会社　霧島市民薬局　代表取締役　寺脇　康文　福森　淳,福森　淳,調剤,,平29. 11. 1,kyushu/000491324.zip
薬局,46,1940954,国分　くすのき薬局,霧島市国分福島１丁目５番１７号,0995-73-4318,株式会社　Ｈ．Ｒ．　代表取締役　細谷　竜太,藤井　さやか,調剤,,平30. 7. 1,kyushu/000491324.zip
薬局,46,1940962,みつば薬局,霧島市隼人町姫城三丁目１７４－１,0995-43-0424,株式会社　三つ葉ファーマシー　代表取締役　高島　新一,高島　新一,調剤,,平30. 11. 1,kyushu/000491324.zip
薬局,46,1940970,クオール薬局　霧島店,霧島市霧島田口２１１５－１６,0995-57-2589,クオール株式会社　代表取締役　柄澤　忍,下出　綾子,調剤,,平30. 10. 1,kyushu/000491324.zip
薬局,46,1940996,ふらっと薬局,霧島市隼人町内９３３番地３,0995-55-5522,株式会社メディケアリンクス　代表取締役　佐藤　康行,佐藤　康行,調剤,,平31. 4. 16,kyushu/000491324.zip
薬局,46,1941010,さくらの杜薬局,霧島市牧園町高千穂３６１７番地３５,0995-78-8282,株式会社光輝　代表取締役　羽生　真,田村　勝俊,調剤,,令元. 5. 1,kyushu/000491324.zip
薬局,46,1941036,とざか薬局　隼人店,霧島市隼人町真孝１００１番１,0995-64-2270,有限会社　兜坂薬局　代表取締役　兜坂　智浩,兜坂　浩教,調剤,,令元. 8. 11,kyushu/000491324.zip
薬局,46,1941044,漢方薬局どんぐりとネコ,霧島市国分中央４丁目１７－２４,0995-56-8830,株式会社Ｇｅｎｔｅｎ　　代表取締役　白石　智子,白石　智子,調剤,,令元. 10. 1,kyushu/000491324.zip
薬局,46,1941069,サン調剤薬局,霧島市横川町中ノ２４４番地３,0995-72-1800,株式会社ベル　代表取締役　妹尾　一宏,妹尾　一宏,調剤,,令2. 5. 1,kyushu/000491324.zip
薬局,46,1941077,あさみ調剤薬局姫城店,霧島市国分姫城２８９４－１,0995-73-6558,松本　あさみ,永濱　純子,調剤,,令3. 4. 1,kyushu/000491324.zip
薬局,46,1941085,調剤薬局　漢方堂ゆう,霧島市国分野口西１９－３５,0995-71-0608,桑水流　裕太,桑水流　裕太,調剤,,令3. 9. 1,kyushu/000491324.zip
薬局,46,1941093,地域のそよかぜ薬局Ｃ,霧島市隼人町真孝３６７７,0995-73-6305,株式会社　さくらホスメディカル　代表取締役　津田　かおり,吉澤　拓海,調剤,,令4. 3. 1,kyushu/000491324.zip
薬局,46,1941119,ひかりの薬局,霧島市隼人町住吉１３５３番７,0995-73-7891,株式会社　灯晃社　代表取締役　山本　夏規,山本　夏規,調剤,,令4. 10. 1,kyushu/000491324.zip
薬局,46,1941127,みらい薬局　本店,霧島市国分中央一丁目２５－１７,0995-73-3882,株式会社ソフトライフ　代表取締役　林　浩二,西垣　哲也,調剤,,令4. 10. 1,kyushu/000491324.zip
薬局,46,1941135,いちご薬局,霧島市国分下井６０１番２,0995-55-8254,有限会社オーエヌ・メディスン　代表取締役　鬼木　善典,肥田　香織,調剤,,令5. 4. 1,kyushu/000491324.zip
薬局,46,1941143,こくぶ薬局,霧島市国分向花１３１－３,0995-73-4517,株式会社こころ　代表取締役　大森　眞樹,福　完,調剤,,令5. 6. 1,kyushu/000491324.zip
薬局,46,1941150,わかば調剤薬局,霧島市隼人町姫城１丁目２２８番地,0995-43-5430,株式会社　メディチェスト　代表取締役　吉柳　秀雄,岩元　美保,調剤,,令5. 11. 1,kyushu/000491324.zip
薬局,46,1941168,アイン薬局　霧島隼人店,霧島市隼人町松永３３０６－１５,0995-43-0002,株式会社アインファーマシーズ　代表取締役　淡路　英広,坪内　仁恵,調剤,,令5. 11. 1,kyushu/000491324.zip
薬局,46,1941176,エナジー薬局,霧島市国分府中町３３番１８号,0995-55-8115,株式会社Ｓメディカル　代表取締役　松尾　誠也,末吉　克行,調剤,,令6. 1. 1,kyushu/000491324.zip
薬局,46,1941192,ファインヒル調剤薬局,霧島市隼人町松永１丁目１７－１０２号室,0995-56-8338,有限会社オーエヌ・メディスン　代表取締役　鬼木　善典,安田　雄志,調剤,,令6. 3. 1,kyushu/000491324.zip
薬局,46,1941200,きらら薬局,霧島市国分新町二丁目３番１３号,0995-47-5656,アリオス株式会社　代表取締役　髙橋　朋宏,竹本　敦,調剤,,令6. 4. 1,kyushu/000491324.zip
薬局,46,1941218,こすもす薬局,霧島市国分中央４丁目１５－３,0995-64-0311,株式会社メディチェスト　代表取締役　吉柳　秀雄,原口　卓侑,調剤,,令6. 6. 1,kyushu/000491324.zip
薬局,46,1941226,おの薬局,霧島市隼人町小田字森畑２３９７－１,0995-73-5311,株式会社　ファーマダイワ　代表取締役　岡山　善郎,木藤　剛,調剤,,令7. 4. 1,kyushu/000491324.zip
薬局,46,1941234,ひがしまき調剤薬局,霧島市福山町福沢４６０８番地１,0995-64-7111,株式会社サカイアンドサンズ　代表取締役　坂井　明弘,坂井　千穂,調剤,,令7. 7. 1,kyushu/000491324.zip
薬局,46,1941242,すみよし薬局,霧島市隼人町住吉６２３番地２,0995-42-8670,株式会社ケアファーマシィ　代表取締役　前山　純次,前山　純次,調剤,,令8. 1. 1,kyushu/000491324.zip
薬局,46,1941259,有限会社ケーアイ調剤薬局隼人店,霧島市隼人町神宮六丁目８番１１号,0995-55-4848,有限会社ケーアイ調剤薬局　代表取締役　熊倉　幸也,大脇　岳洋,調剤,,令8. 5. 1,kyushu/000491324.zip
薬局,46,2540167,ウチ　薬局,薩摩郡さつま町虎居町５の１５,0996-53-0063,内　喜彦,内　喜彦,調剤,,平8. 12. 1,kyushu/000491324.zip
薬局,46,2540209,フタヤ薬局　湯田店,薩摩郡さつま町湯田１５０２ー２９,0996-59-2033,有限会社　フタヤファーマシー　代表取締役　佐々木量由,有園　陽一郎,調剤,,平9. 9. 1,kyushu/000491324.zip
薬局,46,2540233,やまだ薬局,薩摩郡さつま町宮之城屋地１３７８番地１,0996-52-4585,有限会社　薬翔　代表取締役　山田　省三,山田　省三,調剤,,平12. 1. 1,kyushu/000491324.zip
薬局,46,2540415,さし薬局,薩摩郡さつま町田原１４７番地６,0996-21-3610,株式会社　さし薬局　代表取締役　下牛尾　修,下牛尾　修,調剤,,平19. 7. 1,kyushu/000491324.zip
薬局,46,2540449,ｍｙ薬局さつま,薩摩郡さつま町船木２３２３－１,0996-29-3100,株式会社　エム・ワイ・メディカル　代表取締役　岩本　光照,勝亦　篤志,調剤,,平25. 10. 1,kyushu/000491324.zip
薬局,46,2540456,ふなき薬局,薩摩郡さつま町船木５０－３,0996-29-3281,大同メディカル株式会社　代表取締役　中島　広智,安藤　卓,調剤,,平26. 5. 1,kyushu/000491324.zip
薬局,46,2540464,タバタ薬局　宮之城店,薩摩郡さつま町宮之城屋地１４６１番４,0996-21-3344,株式会社　別府産業　代表取締役　別府　俊一,別府　俊一,調剤,,平27. 5. 1,kyushu/000491324.zip
薬局,46,2540472,かぐや姫薬局,薩摩郡さつま町轟町３９番１０,0996-29-3301,株式会社　サラン　代表取締役　最勝寺　智史,長岡　恵理香,調剤,,平29. 3. 1,kyushu/000491324.zip
薬局,46,2540498,ぎんざ薬局,薩摩郡さつま町広瀬６６８－３,0996-53-0500,有限会社　ぎんざ薬局　代表取締役　櫛山　章治,櫛山　章治,調剤,,平30. 11. 19,kyushu/000491324.zip
薬局,46,2540522,ひなた薬局,薩摩郡さつま町轟町１８番地１４,0996-21-3399,有限会社サンメディファ　取締役　白男川　賢治,立和名　典代,調剤,,令7. 5. 1,kyushu/000491324.zip
薬局,46,2540530,青空薬局,薩摩郡さつま町柏原２８２０番地,0996-52-0101,有限会社サンメディファ　取締役　白男川　賢治,猪野　三和,調剤,,令7. 5. 1,kyushu/000491324.zip
薬局,46,2540548,うさぎ薬局,薩摩郡さつま町宮之城屋地１５３２番地１３,0996-52-4116,有限会社メディ・フラワー　代表取締役　渡邊　信人,三浦　英一,調剤,,令7. 9. 1,kyushu/000491324.zip
薬局,46,2640199,さすえ薬局,出水郡長島町指江８７番地９,0996-88-6011,株式会社ＨＴＳ　代表取締役　杉野　政義,杉野　政義,調剤,,令2. 6. 1,kyushu/000491324.zip
薬局,46,2640207,長島調剤薬局,出水郡長島町鷹巣字丸尾１８４１番７,0996-64-5555,有限会社サンメディファ　取締役　白男川　賢治,橋本　秀正,調剤,,令2. 11. 1,kyushu/000491324.zip
薬局,46,2840658,ピアノ　薬局,姶良郡湧水町中津川５２５番地３,0995-75-4526,有限会社　ＭＳＴ　代表取締役　宮内　大道,西田　治幸,調剤,,平7. 5. 1,kyushu/000491324.zip
薬局,46,2840724,有限会社　旭　調剤薬局,姶良郡湧水町木場１０５６番地３,0995-74-4186,有限会社　旭調剤薬局　取締役　撫養　功,上國料　学,調剤,,平8. 5. 1,kyushu/000491324.zip
薬局,46,2841359,石田薬局,姶良郡湧水町木場１８３－１番地,0995-74-2102,石田　敏博,石田　敏博,調剤,,平18. 6. 5,kyushu/000491324.zip
薬局,46,2841490,アクア薬局　湧水,姶良郡湧水町木場６６５－７,0995-74-1078,有限会社　アクア　代表取締役　岩﨑　弘樹,東　健太,調剤,,平24. 3. 1,kyushu/000491324.zip
薬局,46,2841508,ふくろう薬局,姶良郡湧水町北方字池川１８５１番２,0995-74-1516,有限会社　二木薬局　代表取締役　中野　徹,二木　恵利華,調剤,,平24. 10. 1,kyushu/000491324.zip
薬局,46,2841540,くるみ薬局,姶良郡湧水町米永５８５－２１,0995-74-5869,株式会社ボランチ　代表取締役　岩田　基広,岩田　彰子,調剤,,令2. 10. 1,kyushu/000491324.zip
薬局,46,2940771,のがた薬局,曽於郡大崎町野方６０４５番地１０,099-478-2762,株式会社　フォレスト　代表取締役　福司山　武之,福司山　武之,調剤,,平29. 5. 1,kyushu/000491324.zip
薬局,46,2940789,さくら薬局,曽於郡大崎町永吉８９２７－１３,099-478-6250,株式会社　フォレスト　代表取締役　福司山　武之,芝原　範子,調剤,,令8. 5. 1,kyushu/000491324.zip
薬局,46,3040118,串良調剤薬局,肝属郡東串良町川東３７１７－２,0994-63-8004,株式会社　河野商事　代表取締役　河野　みずほ,原田　周作,調剤,,昭59. 6. 1,kyushu/000491324.zip
薬局,46,3040175,有限会社　川口薬局,肝属郡南大隅町佐多伊佐敷３９０４ー３,0994-26-0058,有限会社川口薬局　代表取締役　川口　雄,楠田　尚樹,調剤,,平元. 4. 1,kyushu/000491324.zip
薬局,46,3040209,有限会社　豊栄調剤薬局,肝属郡東串良町池之原１３２番地６,,有限会社豊栄調剤薬局　代表取締役　有村　太輔,小野　まなみ,調剤,,平4. 2. 1,kyushu/000491324.zip
薬局,46,3040324,有限会社　愛調剤薬局,肝属郡肝付町前田９２８番地７,,有限会社愛調剤薬局　代表取締役　山之内　隼,向井　裕,調剤,,平7. 3. 1,kyushu/000491324.zip
薬局,46,3040365,高山　薬局,肝属郡肝付町新富５２１ー１０,0994-65-1229,有限会社　薬進会　代表取締役　中島　啓,近藤　治,調剤,,平8. 11. 1,kyushu/000491324.zip
薬局,46,3040381,有限会社　かわごえ薬局　役場前店,肝属郡錦江町城元７３４番地,0994-22-3316,有限会社　かわごえ薬局　代表取締役　川越　俊太郎,川越　俊太郎,調剤,,平9. 2. 1,kyushu/000491324.zip
薬局,46,3040480,有限会社　かわごえ薬局塩屋店,肝属郡錦江町城元１００番地５,09942-8-3155,有限会社　かわごえ薬局　代表取締役　川越　俊太郎,西　高広,調剤,,平14. 3. 1,kyushu/000491324.zip
薬局,46,3040548,肝付やぶさめ薬局,肝属郡肝付町前田８５８番地３,0994-68-8020,株式会社　肝付やぶさめ薬局　代表取締役　鶴田　志郎,鶴田　総宏,調剤,,平18. 8. 1,kyushu/000491324.zip
薬局,46,3040563,ゆう調剤薬局,肝属郡肝付町前田４８１６－８,0994-65-0299,有限会社　新生堂薬品　代表取締役　川添　大,川添　大,調剤,,平18. 8. 1,kyushu/000491324.zip
薬局,46,3040571,肝属調剤薬局,肝属郡錦江町神川１７５番地１,0994-22-3123,特定非営利活動法人　肝属薬剤師会　理事　川添　大,宮元　秀樹,調剤,,平18. 12. 1,kyushu/000491324.zip
薬局,46,3040589,川口薬局　錦江店,肝属郡錦江町馬場４２３番地３,0994-22-2265,有限会社　川口薬局　代表取締役　川口　雄,大迫　博彦,調剤,,平20. 2. 1,kyushu/000491324.zip
薬局,46,3040621,くすの木薬局,肝属郡肝付町北方字吹廻５８３番地１,0994-67-3636,有限会社　ジン　代表取締役　吉重　康朗,厚地　弘幸,調剤,,平21. 10. 1,kyushu/000491324.zip
薬局,46,3040654,おおすみ薬局　田代店,肝属郡錦江町田代川原４３３番地４,0994-25-1446,株式会社　メディウム　代表取締役　吉柳　秀雄,藤山　雷太,調剤,,平30. 7. 1,kyushu/000491324.zip
薬局,46,3040662,ねじめ調剤薬局,肝属郡南大隅町根占川北１７２５番地２,0994-24-2166,合同会社　Ｔ・Ｒファーマシー　代表社員　鶴﨑　貴典,鶴﨑　貴典,調剤,,令4. 9. 1,kyushu/000491324.zip
薬局,46,3040670,豊栄調剤薬局　内之浦店,肝属郡肝付町北方１９０７,0994-45-6770,有限会社　豊栄調剤薬局　代表取締役　有村　太輔,有村　三緒,調剤,,令8. 3. 1,kyushu/000491324.zip
薬局,46,3140207,つばさ薬局,熊毛郡屋久島町安房４１０番地２１４,0997-49-7700,有限会社　シプレス　代表取締役　渡辺　恵子,渡辺　恵子,調剤,,平14. 4. 1,kyushu/000491324.zip
薬局,46,3140223,のぞみ薬局　中種子店,熊毛郡中種子町野間５３０６番地１５,0997-27-1827,有限会社　青天　代表取締役　小笹　忠彦,芳田　大作,調剤,,平15. 4. 1,kyushu/000491324.zip
薬局,46,3140231,のぞみ薬局　公立病院前店,熊毛郡南種子町中之上１７００番地１５６,0997-24-1610,有限会社　ハピネス　代表取締役　田中　孝明,田中　孝明,調剤,,平16. 4. 1,kyushu/000491324.zip
薬局,46,3140249,元気薬局,熊毛郡南種子町中之上１７００番１５７,0997-24-1389,有限会社　アステラス　代表取締役　河北　太一,小林　輝寿,調剤,,平16. 4. 1,kyushu/000491324.zip
薬局,46,3140256,おりかわ薬局,熊毛郡中種子町野間５２９９－４,0997-27-0140,有限会社　居川漢方薬局　代表取締役　居川　清一郎,居川　清一郎,調剤,,平18. 4. 1,kyushu/000491324.zip
薬局,46,3140272,ことぶき薬局,熊毛郡南種子町中之上３０２６－１,0997-26-6661,有限会社　アステラス　代表取締役　河北　太一,河北　太一,調剤,,平26. 3. 1,kyushu/000491324.zip
薬局,46,3140280,風林堂薬局,熊毛郡屋久島町栗生１７５１番地５,0997-49-8919,合同会社風林堂薬局　代表社員　岩垂　安彦,岩垂　安彦,調剤,,令3. 10. 1,kyushu/000491324.zip
薬局,46,3140298,屋久島マリンバ薬局,熊毛郡屋久島町安房２３８７－８３,0997-47-1860,株式会社　サティスファーマ　代表取締役　小倉　義広,山本　知美,調剤,,令4. 2. 1,kyushu/000491324.zip
薬局,46,3140306,屋久島みんなの薬局,熊毛郡屋久島町小瀬田８４９番地１８－１０２,0997-47-1200,株式会社　フジ・ファーマシー　代表取締役　山野　秀祐,堀崎　和美,調剤,,令4. 10. 1,kyushu/000491324.zip
薬局,46,3140314,はぁとふる薬局,熊毛郡屋久島町尾之間１３６番地６－１０２,0997-47-1172,株式会社　フジ・ファーマシー　代表取締役　山野　秀祐,岩川　翔太,調剤,,令5. 4. 1,kyushu/000491324.zip
薬局,46,3140322,大信薬局　屋久島店,熊毛郡屋久島町宮之浦２４６４－２２,0997-47-1771,株式会社グリット　代表取締役　吉村　企右,南　里佳,調剤,,令6. 12. 1,kyushu/000491324.zip
薬局,46,3240031,東薬局,大島郡和泊町手々知名６１４,,東　迪利,東　迪利,,,昭44. 9. 16,kyushu/000491324.zip
薬局,46,3240064,紀ノ国屋薬局,大島郡徳之島町亀津字新里新町７４４０,,米山　洋一,米山　洋一,調剤,,昭57. 5. 15,kyushu/000491324.zip
薬局,46,3240163,古仁屋調剤薬局,大島郡瀬戸内町古仁屋大湊６番地,0997-72-3177,株式会社　健光　代表取締役　牧　克久,山田　拡志,調剤,,平10. 6. 1,kyushu/000491324.zip
薬局,46,3240213,有限会社　コンビニエンスストア　重野薬局,大島郡龍郷町浦４５１番地４,0997-62-2780,有限会社　コンビニエンスストア　重野薬局　代表取締役　重野　寛輝,重野　寛輝,調剤,,平13. 1. 1,kyushu/000491324.zip
薬局,46,3240239,マリン薬局,大島郡瀬戸内町古仁屋瀬久井西１７番７,0997-73-7080,株式会社　健光　代表取締役　牧　克久,鵜飼　憲二郎,調剤,,平14. 4. 1,kyushu/000491324.zip
薬局,46,3240312,へとの調剤薬局,大島郡天城町天城字石皿又１５３１－１７,0997-85-5385,有限会社　天薬　代表取締役　福田　佳寿,福田　佳寿,調剤,,平25. 9. 1,kyushu/000491324.zip
薬局,46,3240353,まほろば薬局,大島郡大和村大字大棚字大町４１５番地,0997-55-8050,株式会社　長浜調剤薬局　代表取締役　東　幹人,東　裕一朗,調剤,,平28. 7. 1,kyushu/000491324.zip
薬局,46,3240361,マリン薬局,大島郡徳之島町亀津５２２２番１,0997-82-2880,株式会社マストコ　代表取締役　吉田　明良,吉田　明良,調剤,,平29. 4. 1,kyushu/000491324.zip
薬局,46,3240379,沖永良部薬局,大島郡知名町知名５９５番地,0997-84-3577,ＯＫメディカル株式会社　代表取締役　千葉　真也,千葉　真也,調剤,,平30. 1. 1,kyushu/000491324.zip
薬局,46,3240387,南部調剤薬局,大島郡瀬戸内町阿木名１９７５番地,0997-73-1033,株式会社　健光　代表取締役　牧　克久,勝間田　和重,調剤,,令2. 9. 1,kyushu/000491324.zip
薬局,46,3240395,与論調剤薬局,大島郡与論町大字茶花１７５番地３,0997-84-3065,株式会社ウィガハナ　代表取締役　平田　誠吾,平田　誠吾,調剤,,令2. 12. 1,kyushu/000491324.zip
薬局,46,3240403,三愛調剤薬局　徳之島支店,大島郡徳之島町亀津字藏越８５２番３,0997-81-1700,有限会社　三愛　代表取締役　川添　輝昭,岸部　勝幸,調剤,,令7. 6. 9,kyushu/000491324.zip
薬局,46,3240411,宇検薬局,大島郡宇検村大字湯湾３７番地２７,0997-67-2131,株式会社　健光　代表取締役　牧　克久,橫通　佑典,調剤,,令8. 1. 1,kyushu/000491324.zip
薬局,46,3240429,とまと薬局　徳之島店,大島郡徳之島町亀津７２５０,0997-82-0050,株式会社サンライズ　代表取締役　竹内　涼太郎,竹内　涼太郎,調剤,,令8. 6. 1,kyushu/000491324.zip
薬局,46,3240437,結（ゆい）調剤薬局,大島郡和泊町手々知名６３６番１号,0997-92-1008,有限会社メディ・フラワー　代表取締役　渡邊　信人,松瀬　珠美,調剤,,令8. 5. 1,kyushu/000491324.zip
薬局,46,3240445,白百合調剤薬局,大島郡和泊町和泊字東風平５３１番地,0997-84-3320,有限会社メディ・フラワー　代表取締役　渡邊　信人,濱畑　悠,調剤,,令8. 5. 1,kyushu/000491324.zip
薬局,46,4040067,加世田中央薬局,南さつま市加世田東本町２８番地１,0993-52-7773,原　浩一,片倉　裕貴,調剤,,平7. 1. 1,kyushu/000491324.zip
薬局,46,4040091,有限会社　武田調剤薬局,南さつま市加世田東本町３２番１４,0993-58-2077,有限会社　武田調剤薬局　代表取締役　有馬　将太,水川　順一郎,調剤,,平10. 8. 1,kyushu/000491324.zip
薬局,46,4040109,村原薬局,南さつま市加世田村原１丁目７番８,0993-58-2115,株式会社　九州保健医療　代表取締役　仙田　昇,上野　生久子,調剤,,平11. 3. 1,kyushu/000491324.zip
薬局,46,4040117,タック調剤薬局,南さつま市加世田村原二丁目３番１,0993-58-2933,有限会社　武田調剤薬局　代表取締役　有馬　将太,新牧　良彦,調剤,,平12. 2. 1,kyushu/000491324.zip
薬局,46,4040141,加世田しんあい薬局,南さつま市加世田東本町９番１,0993-52-6070,有限会社緑愛　代表取締役　大重　英樹,今村　智志,調剤,,平15. 5. 1,kyushu/000491324.zip
薬局,46,4040174,坊津薬局,南さつま市坊津町泊２６番２,0993-59-4050,有限会社　バックアップ　代表取締役　岩田　基広,岩田　領基,調剤,,平11. 6. 1,kyushu/000491324.zip
薬局,46,4040182,かささ薬局,南さつま市笠沙町片浦１１９７番地４,0993-58-8955,有限会社　エム・ティ・メディカル　代表取締役　鮫島　宗高,鮫島　宗高,調剤,,平13. 6. 1,kyushu/000491324.zip
薬局,46,4040216,なぎさ薬局,南さつま市金峰町池辺２８３１番地,0993-58-4025,有限会社　メディカルネット　代表取締役　加藤　政信,大薗　知子,調剤,,平10. 11. 1,kyushu/000491324.zip
薬局,46,4040232,ほんまち薬局,南さつま市加世田東本町１４番地１９,0993-52-1012,株式会社　メディファ　代表取締役　有賀　弘幸,有賀　弘幸,調剤,,平18. 9. 1,kyushu/000491324.zip
薬局,46,4040265,クローバー薬局,南さつま市加世田本町２２－８ＮＴＴビル１Ｆ,0993-76-0076,株式会社ツールド・メディケーション　代表取締役　永田　芳郎,中山　浩志,調剤,,平20. 11. 1,kyushu/000491324.zip
薬局,46,4040273,ばんせい薬局,南さつま市加世田唐仁原６０２６番地,0993-52-0105,株式会社　ばんせい薬局　代表取締役　富永　昇次郎,富永　昇次郎,調剤,,平21. 11. 1,kyushu/000491324.zip
薬局,46,4040323,あさみ調剤薬局　加世田店,南さつま市加世田白亀１２８５－１,0993-78-3536,松本　あさみ,河野　真希,調剤,,平27. 1. 1,kyushu/000491324.zip
薬局,46,4040331,田布施薬局,南さつま市金峰町尾下２７４５番地１,0993-77-2666,株式会社　愛心　代表取締役　前川　浩幸,溝口　昭一,調剤,,平27. 1. 1,kyushu/000491324.zip
薬局,46,4040349,アイン薬局　加世田店,南さつま市加世田唐仁原１１８０番,0993-78-3340,株式会社アインファーマシーズ　代表取締役　淡路　英広,伊佐敷　明久,調剤,,平27. 11. 1,kyushu/000491324.zip
薬局,46,4040356,いろは薬局,南さつま市加世田東本町９番地３,0993-58-2323,株式会社　サンロード　代表取締役　井上　正英,井上　正英,調剤,,平30. 4. 1,kyushu/000491324.zip
薬局,46,4040364,有限会社　中央調剤薬局,南さつま市加世田本町３７番地７,0993-52-8646,有限会社　中央調剤薬局　代表取締役　松本　あさみ,前田　俊一,調剤,,平30. 9. 1,kyushu/000491324.zip
薬局,46,4040372,東本町調剤薬局,南さつま市加世田東本町１２番１０,0993-53-7885,有限会社メディカルクリア　代表取締役　西田　重幸,真茅　和博,調剤,,平31. 4. 1,kyushu/000491324.zip
薬局,46,4040380,さつき薬局,南さつま市加世田地頭所５６８,0993-52-4193,有限会社　オダブ　代表取締役　小田原　一弘,木佐貫　公子,調剤,,令2. 9. 23,kyushu/000491324.zip
薬局,46,4040398,南さつまマリンバ薬局,南さつま市加世田村原４丁目１４－１,0993-52-0660,株式会社　サティスファーマ　代表取締役　小倉　義広,池端　将平,調剤,,令4. 12. 1,kyushu/000491324.zip
薬局,46,4040406,海浜薬局,南さつま市加世田村原４丁目６番地２,0993-76-8115,一般社団法人南さつま薬剤師会　代表理事　上野　泰弘,東中川　雅史,調剤,,令5. 3. 1,kyushu/000491324.zip
薬局,46,4040422,いろは薬局　加世田店,南さつま市加世田東本町１３番地２,0993-76-6287,株式会社サンロード　代表取締役　井上　正英,井上　聖奈,調剤,,令8. 5. 1,kyushu/000491324.zip
薬局,46,4140032,下町調剤薬局,志布志市志布志町志布志一丁目１１番１１号,099-472-5200,有限会社　下町調剤薬局　代表取締役　東　倫年,森川　慎太郎,調剤,,平4. 11. 1,kyushu/000491324.zip
薬局,46,4140040,有限会社　本町調剤薬局,志布志市松山町泰野４７０番地２,099-487-8385,有限会社　本町調剤薬局　代表取締役　淵合　貴志,淵合　貴志,調剤,,平8. 10. 1,kyushu/000491324.zip
薬局,46,4140073,グリーン　薬局,志布志市志布志町志布志２８６番地９,0994-72-4850,有限会社　メディグリーン　代表取締役　富永　修平,富永　修平,調剤,,平10. 1. 1,kyushu/000491324.zip
薬局,46,4140115,有限会社　めろん調剤薬局,志布志市有明町野神３６０３番地７,0994-71-5020,有限会社　めろん調剤薬局　代表取締役　日野　雅継,横山　貴久,調剤,,平14. 7. 1,kyushu/000491324.zip
薬局,46,4140172,フタヤ薬局　志布志店,志布志市志布志町安楽６１７９番３,099-479-4193,有限会社　二矢メディカル　代表取締役　佐々木　量由,津曲　康輔,調剤,,平25. 9. 1,kyushu/000491324.zip
薬局,46,4140180,かもめ薬局,志布志市志布志町安楽４６３番地５,099-473-3370,山中　涼子,山中　涼子,調剤,,平26. 4. 1,kyushu/000491324.zip
薬局,46,4140198,あなたの薬局,志布志市志布志町安楽３０１２番地８,099-478-1777,有限会社　下町調剤薬局　代表取締役　東　倫年,東　麻子,調剤,,平28. 12. 1,kyushu/000491324.zip
薬局,46,4140206,ミネサキ調剤薬局　志布志店,志布志市志布志町志布志２丁目９番８号,099-478-1988,有限会社　ミネサキ　代表取締役　峯崎　リヨ子,髙山　善広,調剤,,平30. 7. 2,kyushu/000491324.zip
薬局,46,4140214,ひまわり薬局,志布志市志布志町安楽瀬戸２０７１番地３,0994-73-3435,株式会社　吉重薬品　代表取締役　吉重　康朗,吉留　健一,調剤,,令元. 6. 17,kyushu/000491324.zip
薬局,46,4140222,安楽薬局,志布志市志布志町安楽５２番地５,099-472-0163,飯野　房子,飯野　房子,調剤,,令3. 1. 1,kyushu/000491324.zip
薬局,46,4140230,ドライブスルー薬局　ファ・メリア・ファーマシー,志布志市志布志町安楽２４７４－２,099-473-1193,有限会社　下町調剤薬局　代表取締役　東　倫年,東　倫年,調剤,,令4. 10. 1,kyushu/000491324.zip
薬局,46,4140248,クローバー薬局　志布志店,志布志市志布志町安楽２１９３－４１,099-478-1720,松田薬局株式会社　代表取締役　松田　惠子,松田　千尋,調剤,,令6. 3. 1,kyushu/000491324.zip
薬局,46,4140255,有明薬局,志布志市有明町野井倉５７７８－１,099-471-6188,有限会社　倉内薬局　代表取締役　倉内　智教,稲村　香奈美,調剤,,令7. 6. 1,kyushu/000491324.zip
薬局,46,4140263,ハート薬局,志布志市志布志町志布志１３６４番地１１,099-472-8666,株式会社　メディシン　代表取締役　角野　吉晃,大畑　友鵬,調剤,,令7. 9. 1,kyushu/000491324.zip
薬局,46,4140271,かえで薬局,志布志市志布志町志布志２丁目６番１６号,099-478-0700,株式会社吉重薬品　代表取締役　吉重　康朗,陳尾　祐介,調剤,,令8. 4. 1,kyushu/000491324.zip
薬局,46,4240022,中江薬局,奄美市名瀬長浜町２１の１１,0997-52-8125,唯吉　敏子,森　紘代,調剤,,昭54. 3. 1,kyushu/000491324.zip
薬局,46,4240097,有限会社　ムラタ薬局,奄美市名瀬石橋町１７番１号,0997-52-7557,有限会社　ムラタ薬局　代表取締役　村田　久典,村田　久典,調剤,,平2. 10. 1,kyushu/000491324.zip
薬局,46,4240113,有限会社　平井薬局,奄美市名瀬鳩浜町３２２番地,,有限会社　平井薬局　代表取締役　平井　馨,平井　聡,調剤,,平4. 12. 1,kyushu/000491324.zip
薬局,46,4240154,有限会社　伊津部薬局　小浜店,奄美市名瀬小浜町２４番１３号,0997-55-1700,有限会社　伊津部薬局　代表取締役　向井　勇人,向井　勇人,調剤,,平9. 5. 1,kyushu/000491324.zip
薬局,46,4240170,あさひ龍生堂　薬局,奄美市名瀬朝日町１４番地１３,0997-54-0500,有限会社　あさひ龍生堂薬局　代表取締役　沖島　健人,沖島　健人,調剤,,平10. 2. 1,kyushu/000491324.zip
薬局,46,4240204,有限会社　ひまわり薬局,奄美市名瀬金久町４番１１号,0997-54-2969,有限会社　ひまわり薬局　代表取締役　岡村　芳和,岡村　芳和,調剤,,平13. 7. 1,kyushu/000491324.zip
薬局,46,4240212,株式会社　大島調剤薬局,奄美市名瀬真名津町６番３号,0997-53-3417,株式会社　大島調剤薬局　代表取締役　師玉　信一郎,樋口　眞美,調剤,,平14. 4. 1,kyushu/000491324.zip
薬局,46,4240220,久保薬局,奄美市名瀬港町４番２１号,0997-52-3161,久保薬品有限会社　代表取締役　久保　孝,久保　孝,調剤,,平14. 8. 1,kyushu/000491324.zip
薬局,46,4240253,スマイル薬局,奄美市名瀬伊津部町１６－１３,0997-57-6321,有限会社　伊津部薬局　代表取締役　向井　勇人,樋口　実,調剤,,平16. 12. 1,kyushu/000491324.zip
薬局,46,4240345,有限会社　マツモト薬局,奄美市笠利町大字外金久字スタケタ９２番１,0997-63-0035,有限会社　マツモト薬局　代表取締役　松元　克夫,松元　克夫,調剤,,平19. 10. 1,kyushu/000491324.zip
薬局,46,4240378,なごみ薬局,奄美市名瀬和光町３１番１５号,0997-69-4177,株式会社　長浜調剤薬局　代表取締役　東　幹人,重野　裕香,調剤,,平21. 4. 1,kyushu/000491324.zip
薬局,46,4240402,ひろ薬局,奄美市名瀬末広町１８番２５号　グランセ末広ビル３Ｆ,0997-56-8030,有限会社　ヒロ　代表取締役　東　裕人,東　裕人,調剤,,平21. 10. 1,kyushu/000491324.zip
薬局,46,4240436,ながはま調剤薬局,奄美市名瀬長浜町１８番１９号,0997-53-9511,株式会社　長浜調剤薬局　代表取締役　東　幹人,今村　公人,調剤,,平23. 8. 1,kyushu/000491324.zip
薬局,46,4240477,小宿調剤薬局,奄美市名瀬小宿３４０８番地,0997-54-8170,株式会社　さくらホスメディカル　代表取締役　津田　かおり,髙橋　友介,調剤,,平24. 8. 1,kyushu/000491324.zip
薬局,46,4240493,ムラタ薬局　大高前店,奄美市名瀬石橋町９番３号,0997-69-3318,有限会社　ムラタ薬局　代表取締役　村田　久典,村田　久忠,調剤,,平24. 11. 1,kyushu/000491324.zip
薬局,46,4240519,シダマ調剤薬局,奄美市名瀬幸町２０番１７号,0997-52-5671,有限会社　シダマ薬局　代表取締役　師玉　信一郎,師玉　信一郎,調剤,,平25. 9. 1,kyushu/000491324.zip
薬局,46,4240543,すみよう薬局,奄美市住用町西仲間１０９番,0997-56-3350,株式会社　健光　代表取締役　牧　克久,山元　育寿美,調剤,,平26. 8. 1,kyushu/000491324.zip
薬局,46,4240568,有限会社　ムカイ　向井薬局,奄美市名瀬真名津町５番６号,0997-52-4766,有限会社　ムカイ　代表取締役　向井　浩,向井　優子,調剤,,平27. 2. 1,kyushu/000491324.zip
薬局,46,4240576,すえひろ薬局　朝日店,奄美市名瀬朝日町１１番４,0997-58-7088,株式会社　健光　代表取締役　牧　克久,稲元　千代子,調剤,,平28. 5. 1,kyushu/000491324.zip
薬局,46,4240584,株式会社チューリップ調剤薬局,奄美市名瀬長浜町４－３,0997-52-8731,株式会社チューリップ調剤薬局　代表取締役　西　貴美子,西　貴美子,調剤,,令元. 12. 1,kyushu/000491324.zip
薬局,46,4240592,シダマ薬局　久里店,奄美市名瀬久里町２－１９竹山ビルＢ棟１０２号,0997-58-8220,株式会社シダマメディカル　代表取締役　師玉　信一郎,師玉　龍一,調剤,,令2. 5. 1,kyushu/000491324.zip
薬局,46,4240600,三洋薬局,奄美市名瀬末広町１０番１号,0997-52-0464,有限会社　三洋薬品商会　代表取締役　東　耕世,東　耕世,調剤,,令3. 5. 1,kyushu/000491324.zip
薬局,46,4240618,なでしこ薬局,奄美市名瀬和光町１番地１６,0997-69-3538,株式会社ししどう　代表取締役　久永　奈穂子,久永　奈穂子,調剤,,令6. 10. 1,kyushu/000491324.zip
薬局,46,4240626,びおら薬局,奄美市名瀬末広町１番地７－１階,0997-58-7177,株式会社　健光　代表取締役　牧　克久,伊　貴信,調剤,,令8. 5. 1,kyushu/000491324.zip
薬局,46,4340020,そよかぜ薬局,南九州市頴娃町別府６５番地,0993-27-4567,株式会社　ツール・ド・メディケーション　代表取締役　永田　芳郎,水流　啓太,調剤,,平18. 8. 1,kyushu/000491324.zip
薬局,46,4340038,有限会社　宇都薬局,南九州市知覧町郡８６,,有限会社　宇都薬局　代表取締役　宇都　宗長,宇都　宗長,調剤,,昭49. 5. 15,kyushu/000491324.zip
薬局,46,4340095,ちらん薬局,南九州市知覧町郡１７５３３番地１６,0993-58-7355,有限会社　中村メディカルケア　代表取締役　中村　清,中村　清,調剤,,平16. 5. 1,kyushu/000491324.zip
薬局,46,4340111,有限会社　ホセイドー薬局,南九州市川辺町平山６８２１,,有限会社　ホセイドー薬局　取締役　吉田　慶子,吉田　慶子,調剤,,昭56. 10. 7,kyushu/000491324.zip
薬局,46,4340145,しんまち薬局,南九州市川辺町田部田３９６８番地１,0993-56-1558,有限会社　メディコ・ウエノ　代表取締役　上野　泰弘,上野　泰弘,調剤,,平11. 11. 1,kyushu/000491324.zip
薬局,46,4340152,フジ薬局,南九州市川辺町田部田４８８９番３,0993-56-5548,有限会社　フジサキ　代表取締役　藤崎　悦朗,藤崎　悦朗,調剤,,平12. 4. 1,kyushu/000491324.zip
薬局,46,4340186,川辺調剤薬局,南九州市川辺町両添大正田１２０９番地１,0993-56-4611,有限会社　川辺調剤薬局　代表取締役　森岡　久晴,姫野　弘,調剤,,平16. 4. 1,kyushu/000491324.zip
薬局,46,4340194,フルート調剤薬局,南九州市川辺町平山５８５７番地１,0993-58-3762,有限会社　ＭＳＴ　代表取締役　宮内　大道,綿城　博登,調剤,,平17. 9. 1,kyushu/000491324.zip
薬局,46,4340210,有限会社　ケーアイ調剤薬局　川辺店,南九州市川辺町今田字南田２８５－１,0993-76-5023,有限会社　ケーアイ調剤薬局　代表取締役　熊倉　幸也,吉岡　弦,調剤,,平19. 8. 1,kyushu/000491324.zip
薬局,46,4340228,タイセイ薬局　頴娃店,南九州市頴娃町別府１１７０１番地２,0993-27-4777,株式会社　ユーライフ　代表取締役　磯脇　克郎,磯脇　克郎,調剤,,平19. 12. 1,kyushu/000491324.zip
薬局,46,4340244,南さつま調剤薬局,南九州市川辺町永田４１６４－１４,0993-78-4411,株式会社松岡メディカルファーマシー　代表取締役　松岡　弘樹,松岡　弘樹,調剤,,平25. 3. 1,kyushu/000491324.zip
薬局,46,4340277,グリーンティ調剤まさの薬局,南九州市頴娃町別府３３１,0993-27-4747,株式会社　篠原商事　代表取締役　篠原　良武,今吉　昌乃,調剤,,令元. 12. 1,kyushu/000491324.zip
薬局,46,4340285,ナカムラ調剤薬局,南九州市知覧町郡５２３６－８,0993-83-3932,有限会社　中村メディカルケア　代表取締役　中村　清,中村　未来,調剤,,令2. 4. 1,kyushu/000491324.zip
薬局,46,4340293,知覧平和薬局,南九州市知覧町郡１７８１０番地３,0993-58-7950,株式会社　ツール・ド・メディケーション　代表取締役　永田　芳郎,上田　彰平,調剤,,令4. 7. 1,kyushu/000491324.zip
薬局,46,4440325,やまぐち薬局,伊佐市大口上町２５番地６,0995-22-0351,合資会社　山口長生堂　代表社員　山口　賢太郎,山口　雅巳,調剤,,平4. 7. 1,kyushu/000491324.zip
薬局,46,4440333,もりた薬局,伊佐市大口目丸１５３番地１,,森田　一則,森田　和代,調剤,,平6. 6. 1,kyushu/000491324.zip
薬局,46,4440341,合名会社　森山薬局,伊佐市大口上町１７番８号,0995-22-1211,合名会社　森山薬局　代表社員　森山　裕樹,森山　裕樹,調剤,,平6. 8. 1,kyushu/000491324.zip
薬局,46,4440416,すみれ薬局,伊佐市大口上町１２番地７,0995-23-0919,有限会社　さくらメディカル　代表取締役　撫養　功,撫養　功,調剤,,平16. 2. 1,kyushu/000491324.zip
薬局,46,4440424,おかだ薬局,伊佐市大口上町２番地１０,0995-22-6389,岡田　敏,岡田　敏,調剤,,平17. 10. 1,kyushu/000491324.zip
薬局,46,4440465,伊佐市民薬局,伊佐市菱刈前目２１１９－１,0995-26-3838,株式会社　モリケン　代表取締役　新橋　祐大,新橋　祐大,調剤,,平5. 9. 1,kyushu/000491324.zip
薬局,46,4440473,菱刈薬局,伊佐市菱刈重留１１４６番地,0995-26-5931,株式会社　九州保健医療　代表取締役　仙田　昇,山元　拓也,調剤,,平7. 12. 1,kyushu/000491324.zip
薬局,46,4440499,前目薬局,伊佐市菱刈前目７８９－３,0995-24-1200,有限会社　ツサキ商事　代表取締役　角崎　義徳,角崎　貴朗,調剤,,平22. 3. 1,kyushu/000491324.zip
薬局,46,4440531,ふれあいの里薬局,伊佐市大口里３０４０－１,0995-23-3605,有限会社　アート　代表取締役　三上　陽史,藤田　育代,調剤,,平27. 3. 1,kyushu/000491324.zip
薬局,46,4440549,有限会社　マエノ薬局,伊佐市大口元町８番地１０,0995-22-0015,有限会社　マエノ薬局　代表取締役　前野　聡一郎,前野　聡一郎,調剤,,平29. 6. 1,kyushu/000491324.zip
薬局,46,4440556,大信薬局　みどりの里店,伊佐市大口上町３４－１１,0995-23-0603,株式会社ディー・シー・トレーディング　代表取締役　吉村　企右,戸田　成子,調剤,,令元. 12. 1,kyushu/000491324.zip
薬局,46,4440564,大信薬局　さと店,伊佐市大口里３５８番地１,0995-23-0510,株式会社ディー・シー・トレーディング　代表取締役　吉村　企右,迫口　国弘,調剤,,令元. 12. 1,kyushu/000491324.zip
薬局,46,4440572,ほくさつ薬局,伊佐市大口宮人５０２－１４６,0995-23-0600,株式会社Ｍｅｄｉｃａｌ海結　代表取締役　江頭　明大,江頭　明大,調剤,,令7. 9. 1,kyushu/000491324.zip
薬局,46,4540041,ふれんど薬局,姶良市加治木町新生町１３０番地３,0995-63-6161,有限会社　フレンズメディカル　代表取締役　飯山　浩志,山﨑　次郎,調剤,,平11. 1. 1,kyushu/000491324.zip
薬局,46,4540066,ひかり薬局,姶良市加治木町本町２４９番地３,0995-62-7001,有限会社　レーヴメディカル　代表取締役　内田　晶久,上野　純哉,調剤,,平12. 9. 1,kyushu/000491324.zip
薬局,46,4540124,クローバー薬局,姶良市加治木町反土２６２８番地８,0995-62-7123,松田薬局　株式会社　代表取締役　松田　惠子,松田　惠子,調剤,,平20. 1. 1,kyushu/000491324.zip
薬局,46,4540165,有限会社　ケーアイ調剤薬局姶良店,姶良市西餅田１１８－３,,有限会社ケーアイ調剤薬局　取締役　熊倉　幸也,安田　綾乃,調剤,,平5. 3. 1,kyushu/000491324.zip
薬局,46,4540199,有限会社　ケーアイ調剤薬局　西餅田店,姶良市西餅田１０６番地６,0995-66-0453,有限会社　ケーアイ調剤薬局　取締役　熊倉　幸也,濱本　裕樹,調剤,,平10. 4. 1,kyushu/000491324.zip
薬局,46,4540207,かれん　薬局,姶良市西餅田１３４８番４,0995-64-5561,有限会社　サンセイ　代表取締役　鎌田　隆司,江川　由貴,調剤,,平10. 4. 1,kyushu/000491324.zip
薬局,46,4540249,うらら薬局,姶良市西餅田９７番２,0995-65-3825,有限会社　丸一産業　代表取締役　山之内　一秀,永山　賢一,調剤,,平12. 5. 1,kyushu/000491324.zip
薬局,46,4540264,有限会社　はぁと薬局,姶良市平松２９５５番地１６,0995-67-7507,有限会社　はぁと薬局　取締役　関　瑠香,関　瑠香,調剤,,平15. 4. 1,kyushu/000491324.zip
薬局,46,4540280,思川薬局,姶良市脇元９６１番地５,0995-67-7123,有限会社ライフ　代表取締役　杉森　和德,杉森　和德,調剤,,平15. 12. 1,kyushu/000491324.zip
薬局,46,4540298,ゆうき薬局,姶良市平松２８７８番地２３,0995-55-5315,有限会社　角田　代表取締役　角田　真一,永田　佳代,調剤,,平19. 3. 1,kyushu/000491324.zip
薬局,46,4540306,中ノ丸薬局,姶良市東餅田字中ノ丸４３３番地１７,0995-67-7050,有限会社　ティワイファーマシー　代表取締役　花畑　理恵,末永　知勇,調剤,,平19. 3. 1,kyushu/000491324.zip
薬局,46,4540330,さわやか薬局,姶良市平松２８４１番１,0995-66-9922,有限会社　ティーエム企画　代表取締役　小笹　忠彦,増田　圭美,調剤,,平20. 7. 22,kyushu/000491324.zip
薬局,46,4540348,ピッコロ調剤薬局,姶良市平松４７４５番地３,0995-66-9510,株式会社　サティスファーマ　代表取締役　小倉　義広,大久保　あゆみ,調剤,,平20. 8. 1,kyushu/000491324.zip
薬局,46,4540363,蒲生薬局　まちかみ支店,姶良市蒲生町上久徳２５３８番地,0995-54-3000,有限会社　蒲生薬局　代表取締役　田中　久嗣,田中　健聖,調剤,,平9. 12. 1,kyushu/000491324.zip
薬局,46,4540371,蒲生薬局,姶良市蒲生町上久徳２５２９番地,0995-52-1101,有限会社　蒲生薬局　代表取締役　田中　久嗣,田中　寛晃,調剤,,平10. 12. 7,kyushu/000491324.zip
薬局,46,4540439,マリンバ調剤薬局　加治木店,姶良市加治木町新富町１０６,0995-73-3419,株式会社　サティスファーマ　代表取締役　小倉　義広,田邉　剛士,調剤,,平24. 9. 1,kyushu/000491324.zip
薬局,46,4540470,とまと薬局　蒲生店,姶良市蒲生町上久徳２５６０,0995-54-3020,有限会社　ティーエム企画　代表取締役　小笹　忠彦,佐藤　直人,調剤,,平26. 4. 1,kyushu/000491324.zip
薬局,46,4540488,ドレミ薬局,姶良市西餅田７２番７,0995-64-5385,有限会社　本町薬局　取締役　中嶋　洋生,黒木　大輔,調剤,,平26. 5. 12,kyushu/000491324.zip
薬局,46,4540496,スマイル薬局姶良店,姶良市松原町２－２０－５,0995-73-8155,株式会社　スリーピースコーポレーション　代表取締役　山田　省三,中原　佑大,調剤,,平26. 10. 1,kyushu/000491324.zip
薬局,46,4540512,フルール薬局,姶良市松原町二丁目２７番地７,0995-73-5994,株式会社　ラディナス　代表取締役　馬庭　遼,田代　知恵,調剤,,平27. 11. 1,kyushu/000491324.zip
薬局,46,4540520,イオン薬局　姶良店,姶良市西餠田２６４－１,0995-67-8436,イオン九州株式会社　代表取締役　中川　伊正,天野　智子,調剤,,平28. 3. 8,kyushu/000491324.zip
薬局,46,4540553,ひだまり薬局,姶良市宮島町５６－２９,0995-65-0050,株式会社　陽だまり　代表取締役　新山　尚子,吉永　里香子,調剤,,平28. 10. 9,kyushu/000491324.zip
薬局,46,4540579,めばえ薬局,姶良市東餠田５１０－７,0995-67-6868,株式会社　創健　代表取締役　前川　浩幸,田中　誉士,調剤,,平29. 2. 1,kyushu/000491324.zip
薬局,46,4540595,ぶどうの木調剤薬局,姶良市加治木町木田１９５７番地２号,0995-62-8580,合同会社　ＴＡＯ　代表社員　三浦　正樹,三浦　正樹,調剤,,平29. 10. 1,kyushu/000491324.zip
薬局,46,4540603,港町薬局,姶良市加治木町港町１４６番地３,0995-63-0133,株式会社　創健　代表取締役　前川　浩幸,中馬　僚平,調剤,,平30. 2. 1,kyushu/000491324.zip
薬局,46,4540629,にしあいら薬局,姶良市西姶良１丁目２２番８－１号,0995-73-8515,大同メディカル株式会社　代表取締役　中島　広智,井上　真奈美,調剤,,平30. 5. 1,kyushu/000491324.zip
薬局,46,4540637,たいよう薬局　西姶良,姶良市西姶良４丁目９番１号,0995-55-8831,有限会社福元薬局　代表取締役　沼田　真由美,小齊平　智恵,調剤,,平30. 7. 1,kyushu/000491324.zip
薬局,46,4540645,イルカ調剤薬局　姶良店,姶良市西餠田３５５４－１１,0995-66-5530,株式会社ｉＲＵＦＡ　代表取締役　木村　貴博,大村　祥子,調剤,,平31. 1. 1,kyushu/000491324.zip
薬局,46,4540652,かもだ通り薬局,姶良市加治木町本町３４４,0995-55-1221,合同会社カーモ　代表社員　永長　隆大,永長　德一,調剤,,令2. 2. 1,kyushu/000491324.zip
薬局,46,4540660,白男川薬局　加治木店,姶良市加治木町反土１４０２番地２,0995-55-1900,有限会社白男川薬局　代表取締役　白男川　賢治,山﨑　高秀,調剤,,令2. 6. 1,kyushu/000491324.zip
薬局,46,4540686,徳永薬局　あいら中央店,姶良市西餠田８５番９,0995-73-7787,徳永薬局株式会社　代表取締役　徳永　愛子,吉村　かおり,調剤,,令3. 5. 1,kyushu/000491324.zip
薬局,46,4540702,アレッタ薬局,姶良市池島町３０番２９,0995-55-8206,株式会社　ラディナス　代表取締役　馬庭　遼,中嶋　洋生,調剤,,令4. 3. 1,kyushu/000491324.zip
薬局,46,4540710,あおい薬局,姶良市宮島町２０－７,0995-66-9188,株式会社ＡＫＳグループ　代表取締役　田中　彩,田中　彩,調剤,,令4. 12. 1,kyushu/000491324.zip
薬局,46,4540728,かすう薬局　脇元店,姶良市脇元５４３－１,0995-73-6734,株式会社かすう薬局　代表取締役　嘉　祥大,房　彩,調剤,,令5. 5. 1,kyushu/000491324.zip
薬局,46,4540736,蒲生おおくす薬局,姶良市蒲生町下久徳４５６－１,0995-73-3201,大同メディカル株式会社　代表取締役　中島　広智,石田　裕太郎,調剤,,令5. 6. 1,kyushu/000491324.zip
薬局,46,4540744,ふじ薬局　加治木店,姶良市加治木町木田４１０－１,0995-55-1766,株式会社　コーエー　代表取締役　藤下　伸之,上村　聖矢,調剤,,令5. 11. 1,kyushu/000491324.zip
薬局,46,4540751,はなのゆ薬局　加治木店,姶良市加治木町仮屋町２番１,0995-73-7390,ＡＫＡＮＥ株式会社　代表取締役　中山　茜,福迫　美保菜,調剤,,令5. 11. 1,kyushu/000491324.zip
薬局,46,4540769,こぐま薬局,姶良市西餠田３２９３－５,0995-56-8286,株式会社Ｍ’ｓ　Ｐｈａｒｍａｃｙ　代表取締役　松原　守,松原　守,調剤,,令6. 3. 1,kyushu/000491324.zip
薬局,46,4540777,ｍｙ薬局あいら,姶良市西餠田９４０番地５,0995-66-1635,株式会社エム・ワイ・メディカル　代表取締役　岩本　光照,坂口　里香,調剤,,令6. 10. 1,kyushu/000491324.zip
薬局,46,4540785,白男川薬局　姶良店,姶良市平松字小新開５４６２番９,0995-55-5751,有限会社白男川薬局　代表取締役　白男川　賢治,平田　友和,調剤,,令6. 12. 3,kyushu/000491324.zip
薬局,46,4540793,さくらんぼ薬局,姶良市加治木町諏訪町１７６番地２,0995-73-6801,株式会社ワイズ　代表取締役　山下　聖広,山下　聖広,調剤,,令7. 1. 1,kyushu/000491324.zip
薬局,46,4540801,うさぎ薬局,姶良市東餠田２３６５－３,0995-67-6018,株式会社創健　代表取締役　前川　浩幸,窪　浩一郎,調剤,,令7. 4. 1,kyushu/000491324.zip
薬局,46,4540819,センサー薬局,姶良市加治木町本町３４番地,0995-64-3222,有限会社　ニック　代表取締役　西　誠人,中村　佳貴,調剤,,令7. 9. 1,kyushu/000491324.zip
薬局,46,5140015,タバタ薬局　吉野店,鹿児島市吉野一丁目４４番１７号,099-814-5026,株式会社　ＹＫファーマシー　代表取締役　木佐貫　大,木佐貫　大,調剤,,平27. 5. 1,kyushu/000491324.zip
薬局,46,5140023,南日本薬剤センター薬局　上荒田店,鹿児島市上荒田町２６番１９号きくぞうビル１階,099-204-9360,株式会社　南日本薬剤センター　代表取締役　川島　敏男,淵田　健明,調剤,,平27. 5. 1,kyushu/000491324.zip
薬局,46,5140031,にじいろ薬局,鹿児島市和田一丁目２１番２－２号,099-263-6775,にじいろ薬局株式会社　代表取締役　岩田　親和,岩田　親和,調剤,,平27. 8. 8,kyushu/000491324.zip
薬局,46,5140049,南日本薬剤センター薬局　紫原店,鹿児島市紫原三丁目３３－８,099-297-6851,株式会社　南日本薬剤センター　代表取締役　川島　敏男,地頭薗　聡,調剤,,平27. 8. 1,kyushu/000491324.zip
薬局,46,5140056,かもいけ調剤薬局,鹿児島市鴨池二丁目３番６号,099-214-6900,有限会社　メディ・フラワー　代表取締役　渡邊　信人,北元　啓資,調剤,,平27. 8. 1,kyushu/000491324.zip
薬局,46,5140080,べっぷ薬局　アリーナ前,鹿児島市永吉一丁目１１番１０号,099-202-0057,株式会社　べっぷ薬局　代表取締役　森岡　久晴,森岡　修一,調剤,,平27. 9. 1,kyushu/000491324.zip
薬局,46,5140098,喜入ニコニコ薬局,鹿児島市喜入町６０７７番地１１,099-202-0546,株式会社ファーマデザイン　代表取締役　新留　将吾,新留　将吾,調剤,,平27. 9. 1,kyushu/000491324.zip
薬局,46,5140106,マリンバ調剤薬局　郡山店,鹿児島市郡山町５０８－１,099-294-9270,株式会社サティスファーマ　代表取締役　小倉　義広,楠山　信,調剤,,平27. 9. 1,kyushu/000491324.zip
薬局,46,5140114,スター調剤薬局　皇徳寺店,鹿児島市皇徳寺台３丁目２４－７,099-297-5157,有限会社　白男川薬局　代表取締役　白男川　賢治,大北　綾,調剤,,平27. 10. 1,kyushu/000491324.zip
薬局,46,5140122,フロント薬局,鹿児島市田上２丁目３２－２０,099-204-9000,株式会社　創健　代表取締役　前川　浩幸,楯　友子,調剤,,平27. 10. 1,kyushu/000491324.zip
薬局,46,5140130,あさひ薬局　じげんじ店,鹿児島市谷山中央６丁目１７－３１,099-263-6681,有限会社あさひ薬局　代表取締役　伊比　誠,伊比　誠,調剤,,平27. 11. 1,kyushu/000491324.zip
薬局,46,5140148,有限会社カンナ薬局,鹿児島市小松原一丁目４０－１,099-269-6363,有限会社カンナ薬局　代表取締役　岩﨑　加根子,岩﨑　加根子,調剤,,平27. 11. 16,kyushu/000491324.zip
薬局,46,5140163,薬局くろうさぎ,鹿児島市西千石町３－１５,099-248-7990,株式会社　健光　代表取締役　牧　克久,井上　博登,調剤,,平28. 1. 1,kyushu/000491324.zip
薬局,46,5140197,千年薬局,鹿児島市千年二丁目１１番１３号,099-295-3621,有限会社　木下調剤薬局　代表取締役　木下　正博,山本　史雄,調剤,,平28. 4. 1,kyushu/000491324.zip
薬局,46,5140205,キリマンジャロ薬局,鹿児島市武岡一丁目１１６番１号,050-3786-5895,Ｍｔ．ファーマシー株式会社　代表取締役　元起　真美,濱村　文浩,調剤,,平28. 4. 1,kyushu/000491324.zip
薬局,46,5140247,南九州調剤薬局　郡元店,鹿児島市郡元一丁目１３番３－１０１号,099-297-6018,有限会社　南九州調剤薬局　代表取締役　迫田　英樹,藤重　秋文,調剤,,平28. 5. 1,kyushu/000491324.zip
薬局,46,5140296,ふじ薬局　山田店,鹿児島市山田町３４０８－９,099-201-7227,有限会社　アート　代表取締役　三上　陽史,松元　芳仁,調剤,,平28. 8. 1,kyushu/000491324.zip
薬局,46,5140304,けだなの薬局,鹿児島市吉野２丁目３０－１２,099-243-4724,株式会社　はらさきや　代表取締役　白男川　賢治,白男川　静香,調剤,,平28. 8. 1,kyushu/000491324.zip
薬局,46,5140312,おとわ調剤薬局,鹿児島市小松原一丁目３７番７号,099-297-5080,株式会社ベネフォート　代表取締役　藤本　欣浩,山﨑　裕美,調剤,,平28. 9. 1,kyushu/000491324.zip
薬局,46,5140346,任天堂薬局,鹿児島市池之上町９番１１号,099-248-5858,株式会社サティスファーマ　代表取締役　小倉　義広,新澤　香穂里,調剤,,平28. 10. 1,kyushu/000491324.zip
薬局,46,5140353,ハートフル薬局,鹿児島市荒田二丁目４１番１２号,099-214-5542,株式会社　スマイルハート　代表取締役　秋月　尚紀,秋月　尚紀,調剤,,平28. 11. 1,kyushu/000491324.zip
薬局,46,5140379,ゆうゆう薬局　みなみ店,鹿児島市長田町１８番２３号,099-225-9711,ファルマコム株式会社　代表取締役　上原　靖洋,上原　靖洋,調剤,,平28. 11. 13,kyushu/000491324.zip
薬局,46,5140387,ひかり薬局,鹿児島市谷山中央一丁目２番８号,099-266-5488,有限会社　メディカルネット　代表取締役　加藤　政信,中村　智子,調剤,,平28. 11. 14,kyushu/000491324.zip
薬局,46,5140411,やよい調剤薬局,鹿児島市草牟田２丁目９番２号１階,099-227-2628,株式会社薬師　代表取締役　稻留　康子,稻留　康子,調剤,,平28. 12. 1,kyushu/000491324.zip
薬局,46,5140437,はるかぜ薬局,鹿児島市本名町１０７１番地６,099-293-7011,株式会社　ツール・ド・メディケーション　代表取締役　永田　芳郎,摺木　加奈美,調剤,,平28. 12. 1,kyushu/000491324.zip
薬局,46,5140445,小牧薬局　中央店,鹿児島市中央町２９番地１１,099-285-2558,有限会社　小牧薬局　代表取締役　小牧　正治,小牧　正治,調剤,,平29. 2. 1,kyushu/000491324.zip
薬局,46,5140460,薬局みらい,鹿児島市宇宿四丁目３５番１８号,099-814-7878,株式会社　Ｔｒｙｕｍｐｈ　代表取締役　川野　耕矢,川野　かなえ,調剤,,平29. 4. 1,kyushu/000491324.zip
薬局,46,5140478,パンジー薬局,鹿児島市東谷山六丁目３７番２５号,099-204-9301,有限会社　しらゆり調剤薬局　代表取締役　片桐　晋平,片桐　晋平,調剤,,平29. 4. 14,kyushu/000491324.zip
薬局,46,5140494,マロニエ薬局,鹿児島市宇宿二丁目２５番３０－１０１号,099-806-1234,株式会社　メディグラッツェ　代表取締役　最勝寺　智史,栃木　崇寿,調剤,,平29. 4. 1,kyushu/000491324.zip
薬局,46,5140502,薬局ニューロン,鹿児島市東開町３番地１６３,099-814-7272,株式会社　ツール・ド・メディケーション　代表取締役　永田　芳郎,三原　隆作,調剤,,平29. 4. 1,kyushu/000491324.zip
薬局,46,5140528,まさき薬局,鹿児島市下荒田一丁目２番２１号,099-213-4755,株式会社マストコ　代表取締役　吉田　明良,柚木　裕代,調剤,,平29. 4. 1,kyushu/000491324.zip
薬局,46,5140569,わかば薬局　中央町店,鹿児島市中央町３２－３４,099-210-5710,有限会社　ピュアメディカル　代表取締役　藤原　義美,中村　団,調剤,,平29. 5. 1,kyushu/000491324.zip
薬局,46,5140585,吉野さくら薬局,鹿児島市吉野町５３９８－６,099-813-7801,株式会社　メイワ企画　代表取締役　北原　総一郎,北原　総一郎,調剤,,平29. 7. 3,kyushu/000491324.zip
薬局,46,5140601,イルカ調剤薬局　石谷店,鹿児島市石谷町２１００番地１８,099-278-2005,株式会社　ｉＲＵＦＡ　代表取締役　木村　貴博,吉永　典子,調剤,,平29. 8. 1,kyushu/000491324.zip
薬局,46,5140619,きずな薬局,鹿児島市中央町２１番地８,099-203-0307,株式会社　つかさ薬品　代表取締役　重久　宰,重久　和美,調剤,,平29. 9. 1,kyushu/000491324.zip
薬局,46,5140635,ライム調剤薬局,鹿児島市中山町１９１７－１,099-203-0818,株式会社　セゾン　代表取締役　松田　浩一,山下　美春,調剤,,平29. 11. 1,kyushu/000491324.zip
薬局,46,5140643,スター調剤薬局　坂之上店,鹿児島市光山二丁目１０番２５号,099-230-0022,有限会社　白男川薬局　代表取締役　白男川　賢治,黒木　奈緒美,調剤,,平29. 12. 1,kyushu/000491324.zip
薬局,46,5140692,クローバー薬局,鹿児島市下伊敷一丁目２４番６号,099-813-7633,株式会社　サティスファーマ　代表取締役　小倉　義広,四元　麻友美,調剤,,平30. 1. 1,kyushu/000491324.zip
薬局,46,5140700,スター調剤薬局　うすき店,鹿児島市宇宿四丁目３０番１１号,099-814-5288,有限会社　白男川薬局　代表取締役　白男川　賢治,林　拓郎,調剤,,平30. 2. 1,kyushu/000491324.zip
薬局,46,5140718,にしせんごく薬局,鹿児島市西千石町１２－１１－１０１,099-248-8920,株式会社　ＣＩＲＣＬＥ　代表取締役　中島　広智,坪内　吏歩,調剤,,平30. 2. 1,kyushu/000491324.zip
薬局,46,5140742,ピエール薬局,鹿児島市郡元一丁目４番３号－１０２号,099-204-0095,有限会社　オーエヌ・メディスン　代表取締役　鬼木　善典,湯川　修,調剤,,平30. 4. 1,kyushu/000491324.zip
薬局,46,5140759,ホワイト薬局,鹿児島市薬師一丁目１２－８,099-206-2223,有限会社　オーエヌ・メディスン　代表取締役　鬼木　善典,横山　芳澄,調剤,,平30. 4. 1,kyushu/000491324.zip
薬局,46,5140791,南日本薬剤センター薬局　坂之上店,鹿児島市坂之上２丁目１４番１２号,099-284-6373,株式会社　南日本薬剤センター　代表取締役　川島　敏男,古川　龍一郎,調剤,,平30. 5. 1,kyushu/000491324.zip
薬局,46,5140809,メルシー薬局,鹿児島市坂元町１２９１－１,099-802-5059,株式会社　はーと　代表取締役　上山　雅彦,福森　瑞代,調剤,,平30. 5. 1,kyushu/000491324.zip
薬局,46,5140817,とまりぎ薬局,鹿児島市樋之口町２番１－１０１号,099-213-9717,株式会社　フジ・ファーマシー　代表取締役　山野　秀祐,山野　秀祐,調剤,,平30. 5. 1,kyushu/000491324.zip
薬局,46,5140825,かもいけ電停前さくら薬局,鹿児島市鴨池一丁目３１番１１号,099-230-0557,有限会社　さくら調剤薬局　代表取締役　鶴薗　秀子,鮫島　義昭,調剤,,平30. 5. 1,kyushu/000491324.zip
薬局,46,5140833,株式会社大賀薬局　宇宿店,鹿児島市宇宿八丁目８番２３号,099-275-9140,株式会社　大賀薬局　代表取締役　大賀　崇浩,太田黒　陽子,調剤,,平30. 5. 1,kyushu/000491324.zip
薬局,46,5140858,薬局やまだファーマシー　谷山北中前店,鹿児島市山田町６４６番１０,099-800-7443,株式会社　片平衛生堂　代表取締役　片平　達磨,片平　達磨,調剤,,平30. 7. 1,kyushu/000491324.zip
薬局,46,5140866,オレンジ玉里薬局,鹿児島市下伊敷一丁目２４番１３号,099-294-9335,株式会社ＬＬ　代表取締役　林　純子,林　純子,調剤,,平30. 9. 1,kyushu/000491324.zip
薬局,46,5140882,グリーンハート薬局,鹿児島市上荒田町３３番５号,099-203-0906,Ｍ’ｓ　ＨＥＡＲＴ株式会社　代表取締役　林　みどり,林　みどり,調剤,,平30. 10. 1,kyushu/000491324.zip
薬局,46,5140916,はなのゆ薬局,鹿児島市吉野一丁目４１番６号,099-295-0400,ＡＫＡＮＥ株式会社　代表取締役　中山　茜,中山　茜,調剤,,平30. 12. 1,kyushu/000491324.zip
薬局,46,5140957,パパイヤ薬局,鹿児島県鹿児島市中央町３６番地１２－１Ｆ,099-812-8885,株式会社　ぐすい　代表取締役　政枝　秀治,森田　喜美惠,調剤,,平31. 2. 1,kyushu/000491324.zip
薬局,46,5140965,千石馬場さくら薬局,鹿児島県鹿児島市平之町１番２２号リードインアイエスヒラノ１－Ｂ,099-805-8700,有限会社Ｏｆｆｉｃｅ樹林　代表取締役　榊原　祥子,大淵　倫子,調剤,,平31. 2. 4,kyushu/000491324.zip
薬局,46,5140973,まりも薬局,鹿児島市加治屋町１６番１９号,099-230-7888,株式会社　前満　代表取締役　丸野　千穂,丸野　千穂,調剤,,平31. 3. 1,kyushu/000491324.zip
薬局,46,5140999,南国タケシタ薬局　市立病院前店,鹿児島市上荒田町２５番１６号オアシスケア上荒田１０２,099-204-0581,南国タケシタ薬局株式会社　代表取締役　竹下　俊,岩﨑　新一,調剤,,令元. 5. 7,kyushu/000491324.zip
薬局,46,5141005,スター調剤薬局　小松原店,鹿児島市小松原二丁目１番３号,099-296-8096,有限会社白男川薬局　代表取締役　白男川　賢治,野間口　寛,調剤,,令元. 7. 1,kyushu/000491324.zip
薬局,46,5141021,シナモン薬局,鹿児島市吉野町３９０９番地１,099-248-8212,株式会社ツール・ド・メディケーション　代表取締役　永田　芳郎,藤木　純也,調剤,,令元. 9. 1,kyushu/000491324.zip
薬局,46,5141039,スター調剤薬局　田上店,鹿児島市田上二丁目２８番３号,099-204-7014,有限会社白男川薬局　代表取締役　白男川　賢治,村山　優佳,調剤,,令元. 9. 1,kyushu/000491324.zip
薬局,46,5141054,白男川薬局　かもいけ店,鹿児島市真砂町３４番３号,099-230-7433,有限会社白男川薬局　代表取締役　白男川　賢治,平川　健一郎,調剤,,令元. 10. 1,kyushu/000491324.zip
薬局,46,5141062,ルアナ薬局,鹿児島市鴨池新町６番４号かごしまオハナビル１階,099-202-0321,株式会社西南調剤　代表取締役　岡村　幸彦,稲毛　佐知子,調剤,,令元. 10. 1,kyushu/000491324.zip
薬局,46,5141070,とまと薬局　西千石店,鹿児島市西千石町１４番１２号,099-248-7661,株式会社大　代表取締役　有馬　政和,中野　聡洋,調剤,,令元. 11. 1,kyushu/000491324.zip
薬局,46,5141088,セレン薬局　鴨池店,鹿児島市鴨池新町１１番２３号,099-214-8060,株式会社西南調剤　代表取締役　岡村　幸彦,笹田　昌利,調剤,,令元. 12. 1,kyushu/000491324.zip
薬局,46,5141096,スター調剤薬局　上福元店,鹿児島市上福元町３６０５番地,099-296-1725,有限会社白男川薬局　代表取締役　白男川　賢治,鎌田　貴志,調剤,,令2. 1. 4,kyushu/000491324.zip
薬局,46,5141104,アコンカグア薬局,鹿児島市宇宿八丁目８番７号,099-297-6410,Ｍｔ．ファーマシー株式会社　代表取締役　元起　真美,山下　みゆき,調剤,,令2. 2. 1,kyushu/000491324.zip
薬局,46,5141112,南日本薬剤センター薬局　やくし店,鹿児島市東谷山四丁目３３番６号,099-269-7766,株式会社南日本薬剤センター　代表取締役　川島　敏男,加治屋　忠一,調剤,,令2. 3. 1,kyushu/000491324.zip
薬局,46,5141120,永吉さくら薬局,鹿児島市永吉二丁目１１番１号,099-296-8327,株式会社さくらホスメディカル　代表取締役　津田　かおり,山口　拓生,調剤,,令2. 3. 16,kyushu/000491324.zip
薬局,46,5141138,さと薬局,鹿児島市皷川町３番２１号,099-248-5425,株式会社ティージェイ　代表取締役　髙城　俊一,髙城　俊一,調剤,,令2. 4. 1,kyushu/000491324.zip
薬局,46,5141146,サニー薬局,鹿児島市吉野町３０７３番地２１ブロッサム吉野１０１号,099-246-3266,株式会社健光　代表取締役　牧　克久,篠原　大志,調剤,,令2. 4. 1,kyushu/000491324.zip
薬局,46,5141153,かごしま北マリンバ薬局,鹿児島市下伊敷三丁目１番６号,099-298-9324,株式会社サティスファーマ　代表取締役　小倉　義広,石田　訓子,調剤,,令2. 4. 1,kyushu/000491324.zip
薬局,46,5141179,すずな調剤薬局,鹿児島市薬師二丁目２７番８号,099-230-0205,合同会社ＢＤＫ　代表社員　楠元　俊英,楠元　俊英,調剤,,令2. 6. 1,kyushu/000491324.zip
薬局,46,5141187,市役所前マリンバ薬局,鹿児島市山下町９番２５号,099-216-6015,株式会社サティスファーマ　代表取締役　小倉　義広,平田　理恵,調剤,,令2. 6. 1,kyushu/000491324.zip
薬局,46,5141195,このはな薬局,鹿児島市原良二丁目１１番３号,099-298-5287,株式会社平田薬品　代表取締役　新納　俊一,新納　俊一,調剤,,令2. 8. 1,kyushu/000491324.zip
薬局,46,5141203,大明丘薬局,鹿児島市大明丘二丁目２２番２７号,099-244-1777,合同会社ＫｏｋａｇｅＰｈａｒｍａ　代表社員　末廣　繁,末廣　繁,調剤,,令2. 7. 6,kyushu/000491324.zip
薬局,46,5141211,オアシス薬局,鹿児島市伊敷台二丁目１７番２０号,099-218-0455,有限会社エイエムメディカル　代表取締役　三上　陽史,上橋　和行,調剤,,令2. 8. 1,kyushu/000491324.zip
薬局,46,5141237,マルノ薬局　紫原店,鹿児島市紫原五丁目６番１６号,099-814-2601,有限会社マルノ薬局　代表取締役　丸野　桂太郞,新塘　里奈,調剤,,令2. 9. 1,kyushu/000491324.zip
薬局,46,5141252,漢方薬局フクヤ,鹿児島市南郡元町１４番１５号,099-255-0298,株式会社福家　代表取締役　町田　亘,町田　亘,調剤,,令2. 11. 2,kyushu/000491324.zip
薬局,46,5141286,下荒田調剤薬局,鹿児島市下荒田一丁目２０番８号１０２,099-813-1617,有限会社一心堂　代表取締役　原口　憲顕,松永　順子,調剤,,令2. 12. 14,kyushu/000491324.zip
薬局,46,5141294,ゆうゆう薬局　荒田店,鹿児島市荒田一丁目１２番１号,099-801-4747,ファルマコム株式会社　代表取締役　上原　靖洋,古川　哲平,調剤,,令2. 12. 14,kyushu/000491324.zip
薬局,46,5141336,有限会社ケーアイ調剤薬局吉野店,鹿児島市吉野三丁目１８番２号,099-295-6248,有限会社ケーアイ調剤薬局　代表取締役　熊倉　幸也,桝田　宏貴,調剤,,令3. 3. 1,kyushu/000491324.zip
薬局,46,5141369,ひいらぎ薬局,鹿児島市高麗町２６番２２号Ｏｎ　Ｙｏｕｒ　Ｍａｒｋ　高麗　１Ｆ,099-296-1201,株式会社ツール・ド・メディケーション　代表取締役　永田　芳郎,成山　保,調剤,,令3. 4. 1,kyushu/000491324.zip
薬局,46,5141377,協立調剤薬局,鹿児島市中央町３０番地６　エムディア中央町１０１号,099-296-8237,徳永薬局株式会社　代表取締役　徳永　愛子,前山　雄介,調剤,,令3. 4. 1,kyushu/000491324.zip
薬局,46,5141385,アカラ薬局,鹿児島市山下町８番１号１階,099-296-9315,齊藤　弘樹,齊藤　弘樹,調剤,,令3. 9. 1,kyushu/000491324.zip
薬局,46,5141401,ドラッグセイムス上荒田薬局,鹿児島市上荒田町３２番１０号,099-230-0770,株式会社九州セイムス　代表取締役　浅井　家康,松川　知羽,調剤,,令3. 11. 1,kyushu/000491324.zip
薬局,46,5141419,ゆうゆう薬局　南郡元店,鹿児島市南郡元町１０番１２号　かまつきビル１Ｆ,099-254-2868,ファルマコム株式会社　代表取締役　上原　靖洋,中原　彩子,調剤,,令3. 11. 1,kyushu/000491324.zip
薬局,46,5141435,地域の薬局　荒田八幡　さくらホス,鹿児島市下荒田三丁目１６番３号,099-230-0627,株式会社さくらホスメディカル　代表取締役　津田　かおり,立和田　さなえ,調剤,,令3. 12. 1,kyushu/000491324.zip
薬局,46,5141443,とまと薬局　荒田店,鹿児島市荒田一丁目１６番３号,099-298-9211,株式会社とまとステーション　代表取締役　小笹　忠彦,椎原　良太,調剤,,令4. 1. 1,kyushu/000491324.zip
薬局,46,5141468,ヘルシー薬局　鹿児島中央西口店,鹿児島市西田三丁目１０番１号,099-210-5166,有限会社のぞみ調剤薬局　代表取締役　岩田　洋海,猿渡　豪,調剤,,令4. 1. 1,kyushu/000491324.zip
薬局,46,5141484,清心薬局,鹿児島市東谷山三丁目２５番１５号,099-267-8621,徳信ホスメディカル株式会社　代表取締役　津田　康彦,有間　秀範,調剤,,令4. 1. 1,kyushu/000491324.zip
薬局,46,5141492,康心鴨池薬局,鹿児島市真砂本町５１番１号ニシムタスカイマーケット鴨池１階,099-812-7005,株式会社さくらホスメディカル　代表取締役　津田　かおり,吉田　龍司,調剤,,令4. 1. 1,kyushu/000491324.zip
薬局,46,5141518,ちろる薬局,鹿児島市田上台二丁目３５番８－１０２号,099-204-0330,株式会社ＮｉＪｉメディカル　代表取締役　水間　潤,早川　悠紀,調剤,,令4. 1. 1,kyushu/000491324.zip
薬局,46,5141526,南日本薬剤センター薬局　慈眼寺店,鹿児島市谷山中央五丁目１７番５号,099-267-0871,株式会社南日本薬剤センター　代表取締役　川島　敏男,渋谷　幸太,調剤,,令4. 2. 1,kyushu/000491324.zip
薬局,46,5141534,花水木薬局,鹿児島市上之園町６番地９,099-208-3320,株式会社ＮｉＪｉメディカル　代表取締役　水間　潤,坂本　朋子,調剤,,令4. 2. 1,kyushu/000491324.zip
薬局,46,5141542,竜星薬局,鹿児島市東千石町３番４１号キャパルボビル４Ｆ,099-248-9555,株式会社ＮｉＪｉメディカル　代表取締役　水間　潤,尾立　安代,調剤,,令4. 2. 1,kyushu/000491324.zip
薬局,46,5141559,よつば薬局,鹿児島市与次郎一丁目７番１号,099-292-0021,株式会社フォーシスターズ　代表取締役　岡村　智美,鮫島　綾子,調剤,,令4. 3. 18,kyushu/000491324.zip
薬局,46,5141567,紫原あじさい薬局,鹿児島市紫原一丁目４７番３号,099-250-3077,株式会社レプリューム　代表取締役　田中　宏樹,田中　宏樹,調剤,,令4. 4. 1,kyushu/000491324.zip
薬局,46,5141575,そうごう薬局　センテラス天文館店,鹿児島市千日町１番１号　センテラス天文館４階,099-204-7071,総合メディカル株式会社　代表取締役　多田　荘一郎,澤田　めぐみ,調剤,,令4. 4. 9,kyushu/000491324.zip
薬局,46,5141583,ゆうゆう薬局　田上店,鹿児島市田上一丁目２３番８号,099-255-3580,ファルマコム株式会社　代表取締役　上原　靖洋,鮫嶋　尚美,調剤,,令4. 4. 1,kyushu/000491324.zip
薬局,46,5141591,南日本薬剤センター薬局　きよみ橋店,鹿児島市小松原二丁目３５番８号,099-267-0668,株式会社南日本薬剤センター　代表取締役　川島　敏男,向井　恵利紗,調剤,,令4. 5. 1,kyushu/000491324.zip
薬局,46,5141609,谷山中央薬局,鹿児島市谷山中央三丁目４６４２番地,099-822-0066,有限会社一助　代表取締役　中渡瀬　光華,中渡瀬　光華,調剤,,令4. 5. 1,kyushu/000491324.zip
薬局,46,5141617,ねんりん薬局,鹿児島市草牟田二丁目２７番１０号,099-295-4768,株式会社サラン　代表取締役　最勝寺　智史,藤井　章嘉,調剤,,令4. 6. 1,kyushu/000491324.zip
薬局,46,5141625,コスモス調剤薬局　西谷山店,鹿児島市西谷山一丁目１番４号,099-263-5011,株式会社コスモス薬品　代表取締役　横山　英昭,大沼　明日香,調剤,,令4. 9. 1,kyushu/000491324.zip
薬局,46,5141633,プラス薬局,鹿児島市下伊敷一丁目３１番１号,099-295-4500,プラス薬局株式会社　代表取締役　武　恭昭,武　恭昭,調剤,,令4. 10. 1,kyushu/000491324.zip
薬局,46,5141641,きらり薬局,鹿児島市吉野三丁目３３番３号,099-210-7993,株式会社サラン　代表取締役　最勝寺　智史,木下　大夢,調剤,,令4. 10. 1,kyushu/000491324.zip
薬局,46,5141658,がんじー薬局,鹿児島市和田一丁目４９番９号,099-230-0611,有限会社オーエヌ・メディスン　代表取締役　鬼木　善典,有木　進一,調剤,,令4. 11. 1,kyushu/000491324.zip
薬局,46,5141666,ヘルシー薬局　住吉店,鹿児島市住吉町１２番２３号,099-272-9730,有限会社のぞみ調剤薬局　代表取締役　岩田　洋海,上原　司,調剤,,令5. 1. 1,kyushu/000491324.zip
薬局,46,5141682,きりん薬局,鹿児島市宇宿三丁目３２番５号　１０１号室,099-263-8101,株式会社　エスハート　代表取締役　鈴木　直樹,甲斐　智之,調剤,,令5. 3. 1,kyushu/000491324.zip
薬局,46,5141690,コジオスコ薬局,鹿児島市西千石町１６番１２号　ボナンザ西千石１Ｆ,099-219-7371,Ｍｔ．ファーマシー株式会社　代表取締役　元起　真美,島原　恵,調剤,,令5. 3. 1,kyushu/000491324.zip
薬局,46,5141708,南国タケシタ薬局　キラメキテラス店,鹿児島市高麗町４３番２０号,099-230-0852,南国タケシタ薬局株式会社　代表取締役　竹下　俊,永田　綾子,調剤,,令5. 4. 1,kyushu/000491324.zip
薬局,46,5141716,ドラッグイレブン薬局　下荒田店,鹿児島市下荒田一丁目２番３１号,099-214-5711,株式会社ドラッグイレブン　代表取締役　半澤　剛,有馬　恵美,調剤,,令5. 4. 1,kyushu/000491324.zip
薬局,46,5141724,郡元マリンバ薬局,鹿児島市郡元三丁目３番１５号,099-252-2355,株式会社サティスファーマ　代表取締役　小倉　義広,下舞　陽一,調剤,,令5. 4. 1,kyushu/000491324.zip
薬局,46,5141732,そうごう薬局　鹿児島中央駅西口店,鹿児島市武一丁目２番１０号　ＪＲ鹿児島中央ビル２階,099-201-7131,総合メディカル株式会社　代表取締役　多田　荘一郎,前田　愛希,調剤,,令5. 5. 1,kyushu/000491324.zip
薬局,46,5141740,白男川薬局　上荒田店,鹿児島市上荒田町９番１１号,099-230-0661,有限会社白男川薬局　代表取締役　白男川　賢治,二木　ひとみ,調剤,,令5. 6. 1,kyushu/000491324.zip
薬局,46,5141757,ハルジオン薬局,鹿児島市上荒田町２９番２３号　Ｍ．ＳＱＵＡＲＥ１階,099-204-7070,有限会社オーエヌ・メディスン　代表取締役　鬼木　善典,吉永　光辰,調剤,,令5. 6. 1,kyushu/000491324.zip
薬局,46,5141765,Ｔｕｒｕｍａｒｕ　ｐｈａｒｍａｃｙ,鹿児島市西田一丁目１１番地５,090-7022-0333,堀江　陽子,堀江　陽子,調剤,,令5. 7. 3,kyushu/000491324.zip
薬局,46,5141773,ゆうゆう薬局　甲突店,鹿児島市甲突町１７番２号,099-226-6058,ファルマコム株式会社　代表取締役　上原　靖洋,和氣　亜莉沙,調剤,,令5. 7. 1,kyushu/000491324.zip
薬局,46,5141781,株式会社大賀薬局　いまきいれ総合病院前店,鹿児島市荒田一丁目１５番２号　１Ｆ,099-257-1033,株式会社大賀薬局　代表取締役　大賀　崇浩,鐘ケ江　淳,調剤,,令5. 8. 28,kyushu/000491324.zip
薬局,46,5141799,さんさん薬局,鹿児島市小川町１番９号,099-219-7877,株式会社コーエー　代表取締役　藤下　伸之,藤田　稲保,調剤,,令5. 10. 1,kyushu/000491324.zip
薬局,46,5141807,ベル薬局,鹿児島市鴨池新町１４番１７号　１０１号室,099-204-4711,有限会社オーエヌ・メディスン　代表取締役　鬼木　善典,堀ノ内　志織,調剤,,令5. 11. 1,kyushu/000491324.zip
薬局,46,5141815,ラポール薬局　新屋敷店,鹿児島市新屋敷町２０番２５－２号　しんやしきＢＬＤ　１Ｆ,099-208-1193,有限会社二矢メディカル　代表取締役　佐々木　量由,小湊　貴昭,調剤,,令5. 12. 1,kyushu/000491324.zip
薬局,46,5141823,ドラッグイレブン薬局　上荒田店,鹿児島市上荒田町３９番３０号,099-213-1911,株式会社ドラッグイレブン　代表取締役　半澤　剛,本田　恵里奈,調剤,,令6. 1. 1,kyushu/000491324.zip
薬局,46,5141831,日本調剤　鹿大薬局,鹿児島市桜ケ丘八丁目３５番１号,099-204-4950,日本調剤株式会社　代表取締役　小城　和紀,有須田　記成,調剤,,令6. 3. 21,kyushu/000491324.zip
薬局,46,5141849,るぴなす薬局,鹿児島市山下町１２番１号－１０２号室,099-248-9061,株式会社サラン　代表取締役　最勝寺　智史,藤﨑　正樹,調剤,,令6. 3. 1,kyushu/000491324.zip
薬局,46,5141856,平和調剤薬局　鴨池店,鹿児島市鴨池二丁目１０番３号エントピア鴨池第７　１Ｆ,099-230-0813,有限会社勝恵会　代表取締役　池田　勝一郎,中村　迪彦,調剤,,令6. 5. 1,kyushu/000491324.zip
薬局,46,5141880,瀬々串薬局,鹿児島市喜入瀬々串町３４０９番地２,099-343-8501,株式会社ベルク・メディカル　代表取締役　堀下　昂平,堀下　奈央,調剤,,令6. 7. 1,kyushu/000491324.zip
薬局,46,5141898,在宅調剤センターさくらホス,鹿児島市東千石町４番１７号,099-208-5270,株式会社さくらホスメディカル　代表取締役　津田　かおり,溝口　遼,調剤,,令6. 11. 1,kyushu/000491324.zip
薬局,46,5141906,なのはな薬局,鹿児島市鴨池二丁目８番３号,099-296-1293,株式会社ラディナス　代表取締役　馬庭　遼,名切　拓,調剤,,令6. 9. 1,kyushu/000491324.zip
薬局,46,5141914,きらり薬局　松元店,鹿児島市上谷口町２８６２番地,099-278-1142,ＨＹＵＧＡ　ＰＲＩＭＡＲＹ　ＣＡＲＥ株式会社　代表取締役　黒木　哲史,楠　聖樹,調剤,,令6. 10. 1,kyushu/000491324.zip
薬局,46,5141922,株式会社大賀薬局　西田店,鹿児島市西田三丁目９番２号,099-253-5865,株式会社大賀薬局　代表取締役　大賀　崇浩,谷口　麻里子,調剤,,令6. 10. 1,kyushu/000491324.zip
薬局,46,5141948,平和市民薬局,鹿児島市下竜尾町１番１５号,099-222-5770,株式会社ウィーズ　代表取締役　田　達也,榎本　久代,調剤,,令6. 10. 1,kyushu/000491324.zip
薬局,46,5141955,花ことば薬局　甲南通り店,鹿児島市上之園町２５番４－１０２号,099-822-3800,株式会社ツール・ド・メディケーション　代表取締役　永田　芳郎,松永　右司,調剤,,令7. 2. 1,kyushu/000491324.zip
薬局,46,5141963,かみふくもと薬局,鹿児島市上福元町５７２３番地７,099-822-7077,株式会社ＣＩＲＣＬＥ　代表取締役　中島　広智,児玉　友里恵,調剤,,令7. 4. 1,kyushu/000491324.zip
薬局,46,5141971,デルマ薬局,鹿児島市谷山中央５丁目３９番３７号,099-299-8880,株式会社星和商事　代表取締役　園田　亘,園田　亘,調剤,,令7. 11. 1,kyushu/000491324.zip
薬局,46,5141989,かすう薬局中山店,鹿児島市中山町２１１３番地３,099-822-1112,株式会社かすう薬局　代表取締役　嘉　祥大,白岩　真一,調剤,,令7. 5. 1,kyushu/000491324.zip
薬局,46,5141997,株式会社大賀薬局　市立病院前店,鹿児島市上荒田町２６番１７号,099-256-8366,株式会社大賀薬局　代表取締役　大賀　崇浩,村上　瞭太,調剤,,令7. 4. 1,kyushu/000491324.zip
薬局,46,5142003,あしすと薬局,鹿児島市宇宿一丁目３番１３号,099-284-0410,有限会社コンフィアンス　代表取締役　内田　秀行,内田　悠太,調剤,,令7. 5. 1,kyushu/000491324.zip
薬局,46,5142011,いきいき薬局,鹿児島市谷山中央一丁目５９番４０号マンションインペリアル１０２号,099-298-1107,株式会社ファーマダイワ　代表取締役　岡山　善郎,坂元　亮太,調剤,,令7. 4. 1,kyushu/000491324.zip
薬局,46,5142029,いるか薬局,鹿児島市吉野町５１３４番地１,099-295-7360,株式会社ファーマダイワ　代表取締役　岡山　善郎,宮本　亜弥美,調剤,,令7. 4. 1,kyushu/000491324.zip
薬局,46,5142037,鶴丸調剤薬局　紫原店,鹿児島市紫原四丁目１３番１９号,099-254-0188,株式会社なの花九州　代表取締役　永冨　将寛,宇都　芳昭,調剤,,令7. 4. 1,kyushu/000491324.zip
薬局,46,5142045,鶴丸調剤薬局　南林寺店,鹿児島市南林寺町１番１２号,099-227-0989,株式会社なの花九州　代表取締役　永冨　将寛,下小野田　了,調剤,,令7. 4. 1,kyushu/000491324.zip
薬局,46,5142052,鶴丸調剤薬局　伊敷店,鹿児島市西伊敷一丁目２番１３号,099-228-6999,株式会社なの花九州　代表取締役　永冨　将寛,酒匂　一仁,調剤,,令7. 4. 1,kyushu/000491324.zip
薬局,46,5142060,鶴丸調剤薬局　南鹿児島店,鹿児島市小松原二丁目３６番５号,099-266-6850,株式会社なの花九州　代表取締役　永冨　将寛,長　美友,調剤,,令7. 4. 1,kyushu/000491324.zip
薬局,46,5142078,吉野中央薬局,鹿児島市吉野町２２８６番地３,099-244-0197,株式会社なの花九州　代表取締役　永冨　将寛,上國料　淳,調剤,,令7. 4. 1,kyushu/000491324.zip
薬局,46,5142086,鶴丸調剤薬局　玉竜店,鹿児島市上竜尾町５番１８号,099-248-5554,株式会社なの花九州　代表取締役　永冨　将寛,岡村　春輝,調剤,,令7. 4. 1,kyushu/000491324.zip
薬局,46,5142094,郡山中央薬局,鹿児島市郡山町６４７８番地１,099-245-6360,株式会社なの花九州　代表取締役　永冨　将寛,川畑　敏之,調剤,,令7. 4. 1,kyushu/000491324.zip
薬局,46,5142102,大信薬局　南栄店,鹿児島市南栄５丁目１０番地３７,099-806-0831,株式会社グリット　代表取締役　吉村　企右,栗田　海人,調剤,,令7. 7. 1,kyushu/000491324.zip
薬局,46,5142110,フロンティア薬局,鹿児島市中町３番１１号　１Ｆ,099-208-1717,株式会社フロンティア　代表取締役　有村　洋一,秋吉　雅子,調剤,,令7. 8. 1,kyushu/000491324.zip
薬局,46,5142128,ひよこ薬局,鹿児島市伊敷七丁目８番１５号,099-221-9085,株式会社コーエー　代表取締役　藤下　伸之,上原　淑香,調剤,,令7. 9. 1,kyushu/000491324.zip
薬局,46,5142136,株式会社大賀薬局　鹿大病院前店,鹿児島市桜ケ丘八丁目２６番５号,099-260-0380,株式会社大賀薬局　代表取締役　大賀　崇浩,宮之原　麻里,調剤,,令7. 7. 1,kyushu/000491324.zip
薬局,46,5142144,クラウン薬局,鹿児島市西田二丁目２１番４号１Ｆ,099-299-5070,株式会社ラディナス　代表取締役　馬庭　遼,溝口　未来,調剤,,令7. 10. 1,kyushu/000491324.zip
薬局,46,5142151,ゆうゆう薬局　上町店,鹿児島市下竜尾町１番１号,099-226-9221,ファルマコム株式会社　代表取締役　上原　靖洋,川畑　沙織,調剤,,令7. 9. 1,kyushu/000491324.zip
薬局,46,5142169,ゆうゆう薬局　与次郎店,鹿児島市下荒田四丁目５４番３号スペースイン下荒田１Ｆ,099-801-7500,ファルマコム株式会社　代表取締役　上原　靖洋,古河　弘之,調剤,,令7. 10. 1,kyushu/000491324.zip
薬局,46,5142177,ユウキ薬局,鹿児島市泉町２番５号杉田ビル１Ｆ,099-224-0220,森　佑貴,森　佑貴,調剤,,令8. 1. 1,kyushu/000491324.zip
薬局,46,5142185,はな薬局,鹿児島市東谷山二丁目５番１８号,099-814-2520,株式会社サラン　代表取締役　最勝寺　智史,秋吉　祐樹,調剤,,令8. 1. 1,kyushu/000491324.zip
薬局,46,5142193,トナカイ薬局,鹿児島市下竜尾町５番１５号,099-202-3477,名取　千万代,名取　千万代,調剤,,令8. 2. 1,kyushu/000491324.zip
薬局,46,5142201,クレア薬局,鹿児島市紫原三丁目４４番５号１０２,099-806-6822,株式会社ラディナス　代表取締役　馬庭　遼,井ノ上　由紀子,調剤,,令8. 2. 1,kyushu/000491324.zip
薬局,46,5142219,みずほ通りさくら薬局,鹿児島市上荒田町２５番８号コンフォートさくら１０１号,099-214-3971,株式会社Ｂ．ウィズ　代表取締役　鮫島　照美,岩瀬　守,調剤,,令8. 1. 5,kyushu/000491324.zip
薬局,46,5142227,あさがお薬局　真砂店,鹿児島市真砂本町３番７１号,099-298-1828,株式会社ＮｉＪｉメディカル　代表取締役　水間　潤,佐々木　真由美,調剤,,令8. 1. 1,kyushu/000491324.zip
薬局,46,5142235,ゆうゆう薬局　小松原店,鹿児島市小松原一丁目８番８号鮫島テナント１０２号,099-801-6200,ファルマコム株式会社　代表取締役　上原　靖洋,上原　美雪,調剤,,令8. 4. 20,kyushu/000491324.zip
薬局,46,5142243,デイジー薬局,鹿児島市清和４丁目５番３２号,099-822-0315,有限会社しらゆり調剤薬局　代表取締役　片桐　晋平,末吉　朗子,調剤,,令8. 4. 1,kyushu/000491324.zip
薬局,46,5142250,マリンバ薬局　ＴＡＮＩＹＡＭＡ　ＳＴＡＴＩＯＮ,鹿児島市谷山中央一丁目１８番２号,099-806-0900,株式会社サティスファーマ　代表取締役　小倉　義広,髙嶋　房子,調剤,,令8. 4. 1,kyushu/000491324.zip
薬局,46,5142268,かえる薬局,鹿児島市真砂町７０番１３号,099-806-5580,株式会社サルース　代表取締役　湯田　亮介,湯田　亮介,調剤,,令8. 7. 1,kyushu/000491324.zip
薬局,46,5142276,スマイル薬局　宇宿店,鹿児島市宇宿九丁目６番５号,099-298-5672,合同会社ｅｎ衛生コンサルティング　代表社員　渕之上　功人,渕之上　功人,調剤,,令8. 4. 1,kyushu/000491324.zip
薬局,46,5142284,ゆお薬局,鹿児島市東谷山３丁目１４番１号,099-296-8017,株式会社ウェルファ　代表取締役　川上　真輝,川上　真輝,調剤,,令8. 4. 1,kyushu/000491324.zip
薬局,46,5142292,スター調剤薬局　鴨池店,鹿児島市鴨池新町１２番１３号かもしん慈愛ビル３階３０１号室,099-298-5011,有限会社白男川薬局　代表取締役　白男川　賢治,白男川　賢治,調剤,,令8. 5. 1,kyushu/000491324.zip
薬局,46,5142300,西陵薬局,鹿児島市西陵二丁目１番１９号,099-208-8600,ブレストメディカル株式会社　代表取締役　中丸　徹一,中丸　徹一,調剤,,令8. 5. 1,kyushu/000491324.zip
