med_type,pref_code,med_code,name,address,phone,opener,manager,depts,beds,designated_date,source
診療所,36,0114658,石本皮フ科,,088-654-6339,,,,,,shikoku/000490542.zip
診療所,36,0114872,大道整形胃腸外科,徳島市佐古四番町８番６号,,大道　吉男,大道　吉男,一般　胃　外　整外　リハ　麻,,昭54. 11. 11,shikoku/000491917.zip
診療所,36,0115077,田中産婦人科,,088-622-9688,,,,,,shikoku/000490542.zip
診療所,36,0115184,角田医院,徳島市上八万町西山６９５,088-644-2122,角田　悦男,角田　悦男,内　小　外,,昭56. 11. 25,shikoku/000491917.zip
診療所,36,0115473,北前川診療所,,088-623-3801,,,,,,shikoku/000490542.zip
診療所,36,0115689,和田内科循環器科,,088-654-7280,,,,,,shikoku/000490542.zip
診療所,36,0115911,にしたに皮ふ科,徳島市津田西町２丁目１－１９,088-662-4477,西谷　敬子,西谷　敬子,皮　性,,平元. 11. 1,shikoku/000491917.zip
診療所,36,0115937,福永医院,,088-652-7717,,,,,,shikoku/000490542.zip
診療所,36,0115945,喜多美容形成外科,,088-652-1107,,,,,,shikoku/000490542.zip
診療所,36,0115978,城北眼科医院,,088-633-3318,,,,,,shikoku/000490542.zip
診療所,36,0116067,中山内科医院,,088-622-1500,,,,,,shikoku/000490542.zip
診療所,36,0116117,徳島皮フ科クリニック,徳島市川内町加賀須野４１９番地３,088-665-5234,玉田　伸二,玉田　伸二,皮,,平4. 3. 1,shikoku/000491917.zip
診療所,36,0116174,浅井内科外科医院,,088-656-0889,,,,,,shikoku/000490542.zip
診療所,36,0116224,文慶記念ハート内科,,088-642-8666,,,,,,shikoku/000490542.zip
診療所,36,0116315,湯浅医院,,088-633-6340,,,,,,shikoku/000490542.zip
診療所,36,0116380,ふくや小児科内科,,088-668-1633,,,,,,shikoku/000490542.zip
診療所,36,0116398,中瀬医院,,088-623-3758,,,,,,shikoku/000490542.zip
診療所,36,0116455,とくしまブレストケアクリニック,,088-633-8484,,,,,,shikoku/000490542.zip
診療所,36,0116547,ひうら小児科,,088-626-2503,,,,,,shikoku/000490542.zip
診療所,36,0116596,賀川脳外科クリニック,,088-683-3101,,,,,,shikoku/000490542.zip
診療所,36,0116620,近藤整形外科,徳島市富田浜２丁目１２－２,088-622-3550,近藤　健二,近藤　健二,整外　リハ,,平10. 4. 1,shikoku/000491917.zip
診療所,36,0116695,加藤整形外科クリニック,,088-622-7672,,,,,,shikoku/000490542.zip
診療所,36,0116703,原田医院,,088-652-3366,,,,,,shikoku/000490542.zip
診療所,36,0116711,生田クリニック,徳島市佐古四番町５番８号,088-625-5076,生田　健一,生田　健一,精,,平11. 3. 1,shikoku/000491917.zip
診療所,36,0116745,三代内科循環器科,,088-631-2345,,,,,,shikoku/000490542.zip
診療所,36,0116752,水沼循環器呼吸器内科,,088-632-8496,,,,,,shikoku/000490542.zip
診療所,36,0116760,さこう内科クリニック,,088-664-1717,,,,,,shikoku/000490542.zip
診療所,36,0116778,芦田内科,,088-642-1481,,,,,,shikoku/000490542.zip
診療所,36,0116810,国府藤田産婦人科,,088-642-1026,,,,,,shikoku/000490542.zip
診療所,36,0116828,方上クリニック,徳島市方上町ハリウ８－３,088-669-3603,田中　正喜,田中　正喜,内　呼　胃　外　こう,,平13. 3. 1,shikoku/000491917.zip
診療所,36,0116885,真鍋医院,,088-652-9686,,,,,,shikoku/000490542.zip
診療所,36,0116935,みやもと内科クリニック,,088-634-3551,,,,,,shikoku/000490542.zip
診療所,36,0117032,アイクリニック常三島,,088-602-2071,,,,,,shikoku/000490542.zip
診療所,36,0117040,宮岡皮ふ科医院,,088-611-1000,,,,,,shikoku/000490542.zip
診療所,36,0117057,若槻クリニック,,088-652-0437,,,,,,shikoku/000490542.zip
診療所,36,0117115,藤野内科クリニック,,088-663-5351,,,,,,shikoku/000490542.zip
診療所,36,0117149,武田皮膚科泌尿器科医院,,088-652-5454,,,,,,shikoku/000490542.zip
診療所,36,0117198,高杉内科外科小児科脳外科,,088-642-7474,,,,,,shikoku/000490542.zip
診療所,36,0117214,住友医院,,088-652-6514,,,,,,shikoku/000490542.zip
診療所,36,0117222,美馬内科クリニック,,088-677-5171,,,,,,shikoku/000490542.zip
診療所,36,0117263,こおりクリニック,,088-663-5565,,,,,,shikoku/000490542.zip
診療所,36,0117289,みどり内科クリニック,,088-634-1277,,,,,,shikoku/000490542.zip
診療所,36,0117297,田宮メンタルクリニック,,088-678-3232,,,,,,shikoku/000490542.zip
診療所,36,0117321,しんくら女性クリニック,,088-602-2088,,,,,,shikoku/000490542.zip
診療所,36,0117354,清水耳鼻咽喉科医院,,088-654-3813,,,,,,shikoku/000490542.zip
診療所,36,0117362,はまだ整形外科リウマチクリニック,,088-637-1065,,,,,,shikoku/000490542.zip
診療所,36,0117388,ほとり内科,,088-666-3830,,,,,,shikoku/000490542.zip
診療所,36,0117438,こくふ眼科,,088-678-5291,,,,,,shikoku/000490542.zip
診療所,36,0117487,聖寿館内科・消化器クリニック,,088-611-1126,,,,,,shikoku/000490542.zip
診療所,36,0117594,多田医院,,088-622-5225,,,,,,shikoku/000490542.zip
診療所,36,0117628,藤井医院,徳島市住吉一丁目４－３９,088-622-8356,藤井　登,藤井　登,内　小　放,,平26. 5. 1,shikoku/000491917.zip
診療所,36,0117636,津田内科,,088-622-0670,,,,,,shikoku/000490542.zip
診療所,36,0117644,宮岡医院,,088-654-4919,,,,,,shikoku/000490542.zip
診療所,36,0117651,イツモスマイルクリニック,,088-679-1111,,,,,,shikoku/000490542.zip
診療所,36,0117685,協栄内科,,088-652-2211,,,,,,shikoku/000490542.zip
診療所,36,0117701,鶴岡内科胃腸内科,,088-602-7123,,,,,,shikoku/000490542.zip
診療所,36,0123014,徳島県徳島保健所,徳島市新蔵町３丁目８０,088-652-5151,徳島県知事,佐藤　純子,内,,昭32. 7. 30,shikoku/000491917.zip
診療所,36,0123022,地方職員共済組合徳島県支部直営診療所,,088-621-3202,,,,,,shikoku/000490542.zip
診療所,36,0123063,健生佐古診療所,徳島市佐古６番町１０番１０号,088-625-4368,徳島健康生活協同組合　理事長　児嶋　誠一,山下　英世,一般　内　消　循　小　リハ　放,,昭43. 4. 1,shikoku/000491917.zip
診療所,36,0123097,徳島県精神保健福祉センター,徳島市新蔵町３丁目８０番地,088-625-0610,徳島県知事,石元　康仁,精　神,,昭47. 4. 1,shikoku/000491917.zip
診療所,36,0123105,豊田内科,,088-654-5217,,,,,,shikoku/000490542.zip
診療所,36,0123246,徳島シーガルクリニック,,088-652-6837,,,,,,shikoku/000490542.zip
診療所,36,0123261,南医院,,088-631-4824,,,,,,shikoku/000490542.zip
診療所,36,0123279,じぞうばし内科外科,,088-669-2121,,,,,,shikoku/000490542.zip
診療所,36,0123345,小倉診療所,,088-632-1151,,,,,,shikoku/000490542.zip
診療所,36,0123352,吉村内科小児科,,088-626-3002,,,,,,shikoku/000490542.zip
診療所,36,0123394,くどう内科クリニック,,088-652-1815,,,,,,shikoku/000490542.zip
診療所,36,0123410,斎藤皮膚泌尿器科,,088-652-3790,,,,,,shikoku/000490542.zip
病院,36,0123543,大久保病院,徳島市大道２丁目３０,088-622-9156,医療法人燈来会　理事長　玉木　眞奈,玉木　克佳,療養　療養　内　呼内　胃腸内科　循環器内科　リハ　肝臓内科　外,105,昭32. 10. 1,shikoku/000491917.zip
病院,36,0123550,福田整形外科病院,徳島市南内町１丁目３４番地,088-622-4597,医療法人福田整形外科病院　理事長　福田　精一,福田　精一,療養　整外　麻　リハ,,昭32. 10. 1,shikoku/000491917.zip
病院,36,0123568,鈴江病院,徳島市佐古八番町４番２２号,088-652-3121,医療法人成美会　理事長　鈴江　仁志,三好　康敬,療養　内　消化器内科　外　脳外　リハ　麻　消化器外科　呼内,,昭32. 10. 1,shikoku/000491917.zip
病院,36,0123576,第一病院,徳島市新浜本町１丁目７番１０号,088-663-1122,医療法人第一病院　理事長　利光　秀文,利光　秀文,精神　内　精　神　心内,308,昭32. 10. 1,shikoku/000491917.zip
病院,36,0123584,むつみホスピタル,徳島市南矢三町３丁目１１番２３号,088-631-0181,医療法人むつみホスピタル　理事長　井上　秀之,小谷　泰教,精神　精　内　心内　小,283,昭34. 4. 14,shikoku/000491917.zip
病院,36,0123626,ＴＡＯＫＡこころの医療センター,徳島市城東町２丁目７ー９,088-622-5556,社会医療法人　養生園　理事長　田岡　雅世,住谷　さつき,精神　精　内　神内　歯　心内　小児神経内科,322,昭37. 9. 1,shikoku/000491917.zip
病院,36,0123634,そよかぜ病院,徳島市名東町２丁目６５０番地の３５,088-631-5135,医療法人清流会　理事長　久次米　均,岡田　健,精神　内　精　心内,252,昭39. 4. 1,shikoku/000491917.zip
病院,36,0123675,寺沢病院,徳島市津田西町１丁目２番３０号,088-662-5311,医療法人慈成会　理事長　寺澤　敏秀,寺澤　敏秀,一般　療養　内　外　循環器内科　リハ　放　消化器内科　糖尿病内科　胃腸内科　肝臓病内科,,昭42. 11. 1,shikoku/000491917.zip
病院,36,0123709,善成病院,徳島市佐古３番町７番３号,088-622-1212,医療法人善成会　理事長　善成　務,善成　務,療養　内　外　整外　リハ,,昭45. 10. 1,shikoku/000491917.zip
病院,36,0123717,水の都記念病院,徳島市北島田町１丁目４６番１１,088-632-9299,医療法人三成会　理事長　佐々木　利英,佐々木　克哉,一般　内　消化器外科　肝臓外科　肛門外科　脳外　整外　循環器内科　消化器内科　リハ　放　小　皮　形外　外　脳内　内分泌・代謝内科,,昭46. 1. 1,shikoku/000491917.zip
病院,36,0123758,城南病院,徳島市丈六町行正２７番地の１,088-645-0157,医療法人青樹会　理事長　青野　将知,田口　浩資郎,精神　精　心内　神内　内,167,昭47. 7. 1,shikoku/000491917.zip
病院,36,0123808,徳島健生病院,徳島市下助任町４丁目９番地,088-622-7771,徳島健康生活協同組合　理事長　児嶋　誠一,佐々木　清美,一般　療養　内　神内　呼内　消化器内科　循環器内科　外　整外　眼　小　肛門外科　麻　リウ　リハ　放　心内　精　脳外　血液内科　糖尿病内科　腎臓内科,158,昭48. 5. 1,shikoku/000491917.zip
病院,36,0123865,木下病院,徳島市南末広町４番７０号,088-622-7700,医療法人喜久寿会　理事長　木下　雄介,木下　雄介,一般　療養　内　外　整外　呼　糖尿病内科　脳外　胃　循　こう　放　アレ　リハ　リウ,,昭39. 6. 1,shikoku/000491917.zip
病院,36,0123998,中洲八木病院,徳島市中洲町１丁目３１番地,088-625-3535,医療法人ひまわり会　理事長　日浅　匡彦,日浅　匤彦,療養　療養　整外　外　内　リハ　リウ　循環器内科　心外　脳外　糖尿病内科,105,昭54. 1. 1,shikoku/000491917.zip
病院,36,0124053,橋本病院,徳島市中常三島町３丁目２２番地の１,088-626-1567,医療法人橋本病院　理事長　橋本　拓也,橋本　拓也,療養　内　呼内　消化器内科　整外　リハ,,昭55. 3. 1,shikoku/000491917.zip
病院,36,0124129,中瀬病院,徳島市応神町古川字戎子野９７番地の１,088-665-0819,医療法人中瀬病院　理事長　小島　聖,小島　聖,療養　療養　内　小　外　整外　呼内　胃腸内科　糖尿病内科,43,昭58. 1. 7,shikoku/000491917.zip
病院,36,0124152,博愛記念病院,徳島市勝占町惣田９,088-669-2166,医療法人平成博愛会　理事長　武久　敬洋,大串　文隆,療養　一般　内　呼　消　循　リハ　放,153,昭59. 10. 1,shikoku/000491917.zip
病院,36,0124160,稲山病院,徳島市南田宮４丁目３番９号,088-631-1515,医療法人三輝会　理事長　稲山　治,稲山　治,一般　療養　内　外　整外　循環器内科　呼内　消化器内科　乳腺外科　リハ　皮,,昭59. 10. 1,shikoku/000491917.zip
病院,36,0124392,眉山病院,徳島市西二軒屋町２丁目３９－２,088-625-7665,医療法人眉山病院　理事長　阿部　光仁,後藤田　康夫,療養　内　呼内　消化器内科　循環器内科　リハ　皮,,昭63. 5. 1,shikoku/000491917.zip
診療所,36,0124426,雫耳鼻咽喉科医院,,088-631-0160,,,,,,shikoku/000490542.zip
診療所,36,0124434,幸地内科小児科,,088-626-0333,,,,,,shikoku/000490542.zip
診療所,36,0124509,鎌田眼科医院,,088-652-0789,,,,,,shikoku/000490542.zip
診療所,36,0124517,篠原内科,,088-622-2008,,,,,,shikoku/000490542.zip
診療所,36,0124533,木下ファミリークリニック,,088-652-1045,,,,,,shikoku/000490542.zip
診療所,36,0124608,佐川皮膚科,,088-625-6410,,,,,,shikoku/000490542.zip
診療所,36,0124616,橋本内科,,088-663-1177,,,,,,shikoku/000490542.zip
診療所,36,0124657,徳島県総合健診センター,,088-633-2266,,,,,,shikoku/000490542.zip
病院,36,0124699,伊月病院,徳島市徳島町２丁目５４番地,088-622-1117,医療法人いちえ会　理事長　藤田　葉子,西田　善彦,一般　内　脳内　循環器内科　リハ　整外　リウ　消化器内科,,平2. 1. 1,shikoku/000491917.zip
診療所,36,0124707,伊月健診クリニック,,088-653-2315,,,,,,shikoku/000490542.zip
診療所,36,0124723,大櫛内科循環器科,,088-652-9056,,,,,,shikoku/000490542.zip
診療所,36,0124749,清家医院,,088-668-0026,,,,,,shikoku/000490542.zip
診療所,36,0124772,林内科・皮フ科,,088-626-0003,,,,,,shikoku/000490542.zip
診療所,36,0124798,佐藤医院,,088-644-0422,,,,,,shikoku/000490542.zip
診療所,36,0124814,高岡消化器内科,,088-652-9528,,,,,,shikoku/000490542.zip
病院,36,0124830,沖の洲病院,徳島市城東町１丁目８番８号,088-622-7111,医療法人なぎさ会　理事長　仁木　寛治,仁木　亮介,一般　内　胃腸内科　循環器内科　外科（人工透析）　整外　脳外　リハ　放　麻　ひ　呼内　婦　リウ　肛門外科,,平2. 11. 1,shikoku/000491917.zip
診療所,36,0124855,村田整形外科医院,,088-632-8228,,,,,,shikoku/000490542.zip
診療所,36,0124863,島田内科,,088-665-1100,,,,,,shikoku/000490542.zip
診療所,36,0124913,徳島県立中央病院,,088-631-7151,,,,,,shikoku/000490542.zip
診療所,36,0124921,徳島市民病院,,088-622-5121,,,,,,shikoku/000490542.zip
診療所,36,0124996,新居内科,,088-642-1212,,,,,,shikoku/000490542.zip
診療所,36,0125019,城東整形外科内科,,088-654-5022,,,,,,shikoku/000490542.zip
診療所,36,0125027,新田整形外科,,088-668-6821,,,,,,shikoku/000490542.zip
診療所,36,0125035,三好内科,,088-623-0207,,,,,,shikoku/000490542.zip
診療所,36,0125068,吉田外科医院,,088-652-8685,,,,,,shikoku/000490542.zip
病院,36,0125076,松村病院,徳島市川内町鶴島１６２番地,088-665-3233,医療法人若草会　理事長　松村　英夫,新居　大,療養　内　胃　外　整外　リハ,,平4. 5. 1,shikoku/000491917.zip
診療所,36,0125118,宇都宮皮膚泌尿器科,,088-653-8558,,,,,,shikoku/000490542.zip
診療所,36,0125134,みなと医院,,088-662-1050,,,,,,shikoku/000490542.zip
診療所,36,0125191,冨岡医院,,088-642-8111,,,,,,shikoku/000490542.zip
診療所,36,0125225,大塚外科内科,,088-665-7722,,,,,,shikoku/000490542.zip
診療所,36,0125274,今井耳鼻咽喉科,,088-653-5808,,,,,,shikoku/000490542.zip
診療所,36,0125282,もりの医院,,088-625-1488,,,,,,shikoku/000490542.zip
病院,36,0125324,保岡クリニック論田病院,徳島市論田町大江６番地１,088-663-3111,医療法人あさがお会　理事長　保岡　正治,保岡　宏彰,療養　療養　内　リハ　麻　ペインクリニック内科,47,平6. 10. 1,shikoku/000491917.zip
病院,36,0125340,東洋病院,徳島市北島田町１丁目１６０番地２,088-632-7777,医療法人仁寿会　理事長　清水　輝記,谷　憲治,療養　内　呼内　リウ　リハ　和漢,,平8. 10. 1,shikoku/000491917.zip
病院,36,0125365,森岡病院,徳島市八万町大野５ー１,088-636-3737,医療法人敬老会　理事長　森岡　将臣,森岡　将臣,療養　循　胃　内　放　リハ,,平11. 3. 1,shikoku/000491917.zip
病院,36,0125399,近藤内科病院,徳島市西新浜町１丁目６番２５号,088-663-0020,医療法人若葉会　理事長　近藤　彰,近藤　彰,一般　内　脳内　呼内　消化器内科　循環器内科　リウ　リハ　整外　緩和ケア内科　腫瘍内科　内視鏡内科　糖尿病内科,,平14. 4. 1,shikoku/000491917.zip
病院,36,0125407,リバーサイドのぞみ病院,徳島市中徳島町２丁目９７番地１,088-611-1701,医療法人リバーサイド　理事長　佐々木　奉文,佐々木　奉文,療養　療養　内　神内　呼内　消化器内科　循環器内科　小　リハ　心内　アレ　糖尿病内科　外　心外,40,平15. 4. 1,shikoku/000491917.zip
病院,36,0125415,亀井病院,徳島市八万町寺山２３１番地,088-668-1177,社会医療法人　尽心会　理事長　亀井　一成,濱尾　巧,一般　一般　ひ　循環器内科　整外　リハ　放　外　消化器内科　麻　腎臓内科　緩和ケア内科,42,平16. 6. 21,shikoku/000491917.zip
病院,36,0125423,松永病院,徳島市南庄町４丁目６３番地１,088-632-3328,医療法人徳松会　理事長　松永　厚美,松永　厚美,療養　内　小　整外　皮　リハ,,平19. 11. 1,shikoku/000491917.zip
病院,36,0125431,たおか内科病院,徳島市城東町２丁目７－６１,088-625-2550,医療法人悠成会　理事長　田岡　良章,田岡　良章,療養　内　リハ,,平21. 1. 1,shikoku/000491917.zip
病院,36,0125449,田岡病院,徳島市万代町４丁目２－２,088-622-7788,医療法人倚山会　理事長　吉岡　一夫,真鍋　進治,一般　内　心内　精　脳内　呼外　胃腸内科　循環器内科　リウ　外　整外　脳外　リハ　放　麻　ひ　肛門外科　美外　形外　消化器内科　皮　呼内　救急科　透析　乳腺外科　緩和ケア科　血管外科　胃腸外科　消化器外科　腎臓内科,199,平23. 3. 1,shikoku/000491917.zip
病院,36,0125456,たまき青空病院,徳島市国府町早淵字北カシヤ５６番地１,088-642-5050,医療法人明和会　理事長　田蒔　正治,倉立　真志,一般　療養　内　腎臓内科（人工透析）　循環器内科　糖尿病・内分泌内科　呼内　放　外　乳腺・甲状腺外科　ひ　整外　消化器外科　脳外　リハ　形外　心外　脳内　消化器内科　麻,,平23. 10. 1,shikoku/000491917.zip
病院,36,0125472,天満病院,徳島市蔵本町一丁目５番地１,088-632-1520,医療法人栄寿会　理事長　福本　礼,北添　健一,一般　一般　内　消化器内科　糖尿病内科　整外　小　リハ　児童精神科　皮,72,平28. 9. 1,shikoku/000491917.zip
病院,36,0125480,虹の橋病院,徳島市中島田町３丁目６０番地１,088-633-0800,医療法人高川会　理事長　竹内　尚,竹内　尚,一般　一般　療養　療養　内　消化器内科　循環器内科　胃腸内科　肝臓内科　外　整外　リハ　放　糖尿病内科　ペインクリニック外科　呼内　皮　脳外,60,平29. 4. 1,shikoku/000491917.zip
病院,36,0125498,徳島平成病院,徳島市伊賀町３丁目１９番地の２,088-623-8611,医療法人平成博愛会　理事長　武久　敬洋,丹黒　章,一般　一般　内　外　整外　婦　眼　リハ　皮,51,平29. 4. 1,shikoku/000491917.zip
病院,36,0125506,住友内科病院,徳島市安宅２丁目３番５号,088-622-1122,医療法人住友内科病院　理事長　上田　由佳,上田　浩之,療養　内　循環器内科　消化器内科　糖尿病内科　リハ　腎臓内科（人工透析）,,平29. 5. 1,shikoku/000491917.zip
診療所,36,0125779,メイプルクリニック高橋産婦人科,,090-1000-7176,,,,,,shikoku/000490542.zip
診療所,36,0125803,松村内科胃腸科,,088-631-3311,,,,,,shikoku/000490542.zip
診療所,36,0125811,岩佐整形外科,,088-633-3133,,,,,,shikoku/000490542.zip
診療所,36,0125829,徳島クリニック,,088-622-7712,,,,,,shikoku/000490542.zip
診療所,36,0125852,田中医院,,088-655-3500,,,,,,shikoku/000490542.zip
診療所,36,0125860,領家内科眼科,,088-642-6070,,,,,,shikoku/000490542.zip
診療所,36,0125910,兼松眼科,,088-669-5111,,,,,,shikoku/000490542.zip
診療所,36,0125951,城南公園内科,,088-656-6661,,,,,,shikoku/000490542.zip
診療所,36,0125985,冨田内科胃腸科クリニック,,088-631-6711,,,,,,shikoku/000490542.zip
診療所,36,0125993,稲山外科内科,,088-652-6211,,,,,,shikoku/000490542.zip
診療所,36,0126017,ふじおか小児クリニック,,088-622-0012,,,,,,shikoku/000490542.zip
診療所,36,0126025,山田眼科,,088-652-4843,,,,,,shikoku/000490542.zip
診療所,36,0126033,徳島さくらクリニック,,088-644-2811,,,,,,shikoku/000490542.zip
診療所,36,0126041,文化の森内科,,088-668-1377,,,,,,shikoku/000490542.zip
診療所,36,0126082,布村医院,徳島市助任本町４丁目１番地,088-652-2617,医療法人布村医院　理事長　布村　進作,布村　進作,耳い,,平9. 11. 1,shikoku/000491917.zip
診療所,36,0126090,三木眼科,,088-653-2506,,,,,,shikoku/000490542.zip
診療所,36,0126173,日下医院,,088-665-0351,,,,,,shikoku/000490542.zip
診療所,36,0126199,恵愛レディースクリニック,,088-653-1201,,,,,,shikoku/000490542.zip
診療所,36,0126207,応神クリニック,,088-641-4888,,,,,,shikoku/000490542.zip
診療所,36,0126223,藤田眼科,,088-656-1010,,,,,,shikoku/000490542.zip
診療所,36,0126231,鎌田耳鼻咽喉科クリニック,,088-633-1233,,,,,,shikoku/000490542.zip
診療所,36,0126256,宮内クリニック,,088-633-5535,,,,,,shikoku/000490542.zip
診療所,36,0126264,住友医院,,088-669-0357,,,,,,shikoku/000490542.zip
診療所,36,0126272,いのうえ眼科,,088-668-7788,,,,,,shikoku/000490542.zip
診療所,36,0126280,松田内科,,088-631-8212,,,,,,shikoku/000490542.zip
診療所,36,0126306,金沢クリニック,,088-664-6644,,,,,,shikoku/000490542.zip
診療所,36,0126314,ユークリニック,,088-645-2627,,,,,,shikoku/000490542.zip
診療所,36,0126322,やまぐちメンタルクリニック,徳島市寺島本町東３丁目５番地１プライム５階,088-653-6557,医療法人　やまぐちメンタルクリニック　理事長　山口　浩資,山口　浩資,精　神内　心内,,平12. 10. 1,shikoku/000491917.zip
診療所,36,0126330,横井内科クリニック,,088-657-0188,,,,,,shikoku/000490542.zip
診療所,36,0126348,鎌田クリニック,,088-637-0788,,,,,,shikoku/000490542.zip
診療所,36,0126355,たかはし内科,,088-643-0122,,,,,,shikoku/000490542.zip
診療所,36,0126363,おかがわ内科・小児科,,088-656-0022,,,,,,shikoku/000490542.zip
診療所,36,0126389,国府クリニック,,088-642-5920,,,,,,shikoku/000490542.zip
診療所,36,0126421,岡部内科クリニック,,088-665-6008,,,,,,shikoku/000490542.zip
診療所,36,0126439,徳島市夜間休日急病診療所,,088-622-3576,,,,,,shikoku/000490542.zip
診療所,36,0126447,鈴木医院,,088-622-1027,,,,,,shikoku/000490542.zip
診療所,36,0126454,リムズ徳島クリニック,,088-634-1122,,,,,,shikoku/000490542.zip
診療所,36,0126462,河野内科,,088-625-2168,,,,,,shikoku/000490542.zip
診療所,36,0126488,橋口内科クリニック,,088-624-1001,,,,,,shikoku/000490542.zip
診療所,36,0126496,渭東眼科クリニック,,088-626-7575,,,,,,shikoku/000490542.zip
診療所,36,0126504,中村外科内科,,088-631-8555,,,,,,shikoku/000490542.zip
診療所,36,0126512,立花耳鼻咽喉科医院,,088-626-3387,,,,,,shikoku/000490542.zip
診療所,36,0126538,三河眼科,,088-655-0088,,,,,,shikoku/000490542.zip
診療所,36,0126553,白井皮ふ科,徳島市南田宮３丁目４番１１号,088-634-1121,医療法人　白井皮ふ科　理事長　白井　志郎,白井　志郎,皮　形外,,平15. 5. 1,shikoku/000491917.zip
診療所,36,0126561,米田内科クリニック,,088-668-8511,,,,,,shikoku/000490542.zip
診療所,36,0126579,梶産婦人科,,088-622-1680,,,,,,shikoku/000490542.zip
診療所,36,0126595,田山チャイルドクリニック,,088-633-2055,,,,,,shikoku/000490542.zip
診療所,36,0126611,坂東ハートクリニック,,088-669-6255,,,,,,shikoku/000490542.zip
診療所,36,0126660,富田橋クリニック,,088-622-2177,,,,,,shikoku/000490542.zip
診療所,36,0126678,福本眼科,,088-602-2000,,,,,,shikoku/000490542.zip
診療所,36,0126694,いしたに耳鼻咽喉科クリニック,,088-633-8741,,,,,,shikoku/000490542.zip
診療所,36,0126751,髙石司耳鼻咽喉科,,088-622-8733,,,,,,shikoku/000490542.zip
診療所,36,0126769,片岡内科消化器クリニック,,088-611-1251,,,,,,shikoku/000490542.zip
診療所,36,0126777,とくしま耳鼻咽喉科クリニック,,088-683-3987,,,,,,shikoku/000490542.zip
診療所,36,0126801,梅原整形外科,,088-602-0922,,,,,,shikoku/000490542.zip
診療所,36,0126819,津田クリニック,,088-612-8668,,,,,,shikoku/000490542.zip
診療所,36,0126827,祖川産婦人科クリニック,,088-633-1133,,,,,,shikoku/000490542.zip
診療所,36,0126835,さかお皮フ科クリニック,,088-643-3303,,,,,,shikoku/000490542.zip
診療所,36,0126843,橘整形外科,,088-623-2462,,,,,,shikoku/000490542.zip
診療所,36,0126868,川口内科循環器クリニック,,088-652-2555,,,,,,shikoku/000490542.zip
診療所,36,0126876,赤沢透析クリニック,,088-665-3091,,,,,,shikoku/000490542.zip
診療所,36,0126884,愛育小児科,,088-643-1205,,,,,,shikoku/000490542.zip
診療所,36,0126892,正木整形・リハビリクリニック,,088-636-3111,,,,,,shikoku/000490542.zip
診療所,36,0126926,ひろクリニック,,088-667-1600,,,,,,shikoku/000490542.zip
診療所,36,0126934,沖浜皮フ科クリニック,徳島市沖浜３丁目６５番地,088-623-4112,医療法人徳星会　理事長　大浦　一,大浦　一,皮　形外　美容皮膚科,,平22. 5. 1,shikoku/000491917.zip
診療所,36,0126959,平尾レディースクリニック,,088-669-6366,,,,,,shikoku/000490542.zip
診療所,36,0126975,佐古あいじつクリニック,,088-624-9935,,,,,,shikoku/000490542.zip
診療所,36,0126983,阿波っ子クリニック,,088-678-5553,,,,,,shikoku/000490542.zip
診療所,36,0127015,戸田皮膚科医院,,088-657-6111,,,,,,shikoku/000490542.zip
診療所,36,0127023,三河循環器科内科,,088-652-7376,,,,,,shikoku/000490542.zip
診療所,36,0127031,西新町二丁目クリニック,,088-625-2333,,,,,,shikoku/000490542.zip
診療所,36,0127056,ひろこ漢方内科クリニック,,088-624-8167,,,,,,shikoku/000490542.zip
診療所,36,0127072,むくの木クリニック,,088-624-7575,,,,,,shikoku/000490542.zip
診療所,36,0127114,おおしま内科皮フ科クリニック,,088-622-1230,,,,,,shikoku/000490542.zip
診療所,36,0127122,八木クリニック,,088-636-3530,,,,,,shikoku/000490542.zip
診療所,36,0127148,花川皮フ科クリニック,,088-631-5661,,,,,,shikoku/000490542.zip
診療所,36,0127155,ひなたクリニック,,088-678-5461,,,,,,shikoku/000490542.zip
診療所,36,0127163,おかむら内科クリニック,,088-678-7505,,,,,,shikoku/000490542.zip
診療所,36,0127189,山田こどもクリニック,,088-634-0013,,,,,,shikoku/000490542.zip
診療所,36,0127205,大櫛耳鼻咽喉科はな・みみサージクリニック,,088-622-8787,,,,,,shikoku/000490542.zip
診療所,36,0127221,斎藤内科循環器科,,088-656-2511,,,,,,shikoku/000490542.zip
診療所,36,0127239,たけひさ医院,,088-678-8751,,,,,,shikoku/000490542.zip
診療所,36,0127247,末広ひなたクリニック,,088-624-8660,,,,,,shikoku/000490542.zip
診療所,36,0127254,せきね耳鼻咽喉科医院,,088-654-1212,,,,,,shikoku/000490542.zip
診療所,36,0127262,枝川クリニック,,088-653-1131,,,,,,shikoku/000490542.zip
診療所,36,0127288,仁木訪問診療クリニック,,088-611-2128,,,,,,shikoku/000490542.zip
診療所,36,0127296,武村クリニック,,088-624-8800,,,,,,shikoku/000490542.zip
診療所,36,0127304,おきクリニック,,088-677-3345,,,,,,shikoku/000490542.zip
診療所,36,0127338,みなとクリニック,,088-663-3710,,,,,,shikoku/000490542.zip
診療所,36,0127346,福本ヒフ科,徳島市かちどき橋２丁目６０,088-626-3611,医療法人福本ヒフ科　理事長　福本　大輔,福本　大輔,皮,,平29. 12. 1,shikoku/000491917.zip
診療所,36,0127387,まつか整形リハビリクリニック,,088-678-8257,,,,,,shikoku/000490542.zip
診療所,36,0127403,こかわ医院,,088-622-2125,,,,,,shikoku/000490542.zip
診療所,36,0127452,かわぶち耳鼻咽喉科,,088-636-3387,,,,,,shikoku/000490542.zip
診療所,36,0127460,新浜医院,,088-662-5577,,,,,,shikoku/000490542.zip
診療所,36,0127486,徳島ひまわり眼科,,088-676-3997,,,,,,shikoku/000490542.zip
診療所,36,0127494,きのした内科呼吸器クリニック,,088-678-8222,,,,,,shikoku/000490542.zip
病院,36,0127502,林病院,徳島市大原町千代ケ丸山３０番２０,088-663-1188,医療法人すこやか　理事長　林　健司,林　健司,療養　内　心内　整外　小　リハ　放　呼内　消化器内科　循環器内科,,令元. 7. 1,shikoku/000491917.zip
診療所,36,0127510,リハビリテーション大神子病院付属大原クリニック,,088-676-2221,,,,,,shikoku/000490542.zip
診療所,36,0127528,博愛クリニック,,088-661-2726,,,,,,shikoku/000490542.zip
診療所,36,0127544,中吉野眼科,,088-676-2006,,,,,,shikoku/000490542.zip
診療所,36,0127551,あすなろ診療所,,088-678-7036,,,,,,shikoku/000490542.zip
診療所,36,0127593,しらさぎ形成クリニック,,088-602-7351,,,,,,shikoku/000490542.zip
診療所,36,0127601,たけだ耳鼻咽喉科,,088-652-9030,,,,,,shikoku/000490542.zip
診療所,36,0127619,齋藤醫院,,088-622-3110,,,,,,shikoku/000490542.zip
診療所,36,0127627,やましろクリニック,,088-625-1311,,,,,,shikoku/000490542.zip
診療所,36,0127635,加茂健やかクリニック,,088-632-0358,,,,,,shikoku/000490542.zip
診療所,36,0127650,かさまつ在宅クリニック,,088-679-6393,,,,,,shikoku/000490542.zip
診療所,36,0127676,まつもと皮フ科,,088-676-3214,,,,,,shikoku/000490542.zip
病院,36,0127684,川島病院,徳島市北佐古一番町６番１号,088-631-0110,社会医療法人川島会　理事長　水口　潤,武本　佳昭,一般　腎臓内科（人工透析・腎移植）　泌尿器科（人工透析・腎移植）　放　リハ　麻　歯　歯外　循環器内科　呼内　消化器内科　脳外　皮　糖尿病内科　内　血液内科　循環器外科　血管外科　整外　腎臓外科（人工透析・腎移植）,123,令3. 8. 1,shikoku/000491917.zip
診療所,36,0127692,川島透析クリニック,,088-632-2211,,,,,,shikoku/000490542.zip
診療所,36,0127700,おおた在宅クリニック,,088-656-3001,,,,,,shikoku/000490542.zip
診療所,36,0127726,山城公園レディースクリニック,,088-676-3370,,,,,,shikoku/000490542.zip
病院,36,0127734,リハビリテーション大神子病院,徳島市大原町余慶１番１,088-662-1014,医療法人道志社　理事長　鵜尾　隆啓,吾妻　雅彦,療養　内　外　整外　リハ,,令4. 3. 1,shikoku/000491917.zip
診療所,36,0127742,なかむらクリニック,,088-624-7008,,,,,,shikoku/000490542.zip
病院,36,0127767,協立病院,徳島市八万町寺山１３番地２,088-668-1070,医療法人　清和会　理事長　上田　美弥,玉置　俊晃,一般　療養　内　脳外　整外　ひ　放　循環器内科　リハ　皮　消化器内科　腎臓内科　脳内　婦,139,令4. 5. 1,shikoku/000491917.zip
診療所,36,0127775,あいざと蔵本クリニック,,088-634-1881,,,,,,shikoku/000490542.zip
診療所,36,0127783,吉田医院,,088-625-3065,,,,,,shikoku/000490542.zip
診療所,36,0127809,助任診療所,,088-622-8070,,,,,,shikoku/000490542.zip
診療所,36,0127817,たなか内科クリニック,,088-631-7373,,,,,,shikoku/000490542.zip
診療所,36,0127833,よしもと形成外科クリニック,,088-676-4490,,,,,,shikoku/000490542.zip
診療所,36,0127858,敬愛クリニック,,088-652-2271,,,,,,shikoku/000490542.zip
診療所,36,0127866,日比野内科,,088-654-5505,,,,,,shikoku/000490542.zip
診療所,36,0127874,いもと内科クリニック,,088-678-2338,,,,,,shikoku/000490542.zip
診療所,36,0127882,ただつクリニック,,088-669-6888,,,,,,shikoku/000490542.zip
診療所,36,0127890,徳島検診クリニック,,088-632-9111,,,,,,shikoku/000490542.zip
診療所,36,0127916,名東天満クリニック,,088-624-7236,,,,,,shikoku/000490542.zip
診療所,36,0127924,虹の橋葵メンタルクリニック,,088-677-6112,,,,,,shikoku/000490542.zip
診療所,36,0127932,おかだレディースクリニック,,088-678-6698,,,,,,shikoku/000490542.zip
診療所,36,0127957,徳島往診クリニック,,088-678-8141,,,,,,shikoku/000490542.zip
診療所,36,0127965,かもな桜公園クリニック,,088-632-1505,,,,,,shikoku/000490542.zip
病院,36,0127973,虹の橋葵ホスピタル,徳島市八多町三反地４３番地,088-645-2233,医療法人かわせみ　理事長　竹内　真由子,杉本　順子,精神　精　心内　内,221,令6. 1. 7,shikoku/000491917.zip
診療所,36,0127999,ハート徳島クリニック,,088-661-2524,,,,,,shikoku/000490542.zip
診療所,36,0128005,宇都宮ひふ科形成外科,,088-602-7997,,,,,,shikoku/000490542.zip
診療所,36,0128021,つだ形成クリニック,,088-624-7175,,,,,,shikoku/000490542.zip
診療所,36,0128039,米田医院ラングクリニック,,088-631-8141,,,,,,shikoku/000490542.zip
診療所,36,0128047,沖洲ファミリークリニック,,088-612-8305,,,,,,shikoku/000490542.zip
診療所,36,0128054,スリジエ子どもと大人のクリニック,,088-631-0500,,,,,,shikoku/000490542.zip
診療所,36,0128062,髙橋クリニック　泌尿器科・耳鼻咽喉科,,088-602-7722,,,,,,shikoku/000490542.zip
診療所,36,0128070,名手耳鼻咽喉科,,088-652-3387,,,,,,shikoku/000490542.zip
診療所,36,0128088,すずえこどもクリニック,,088-668-7676,,,,,,shikoku/000490542.zip
診療所,36,0128096,盛眼科医院,,088-652-8350,,,,,,shikoku/000490542.zip
診療所,36,0128104,中井医院,,088-652-6655,,,,,,shikoku/000490542.zip
病院,36,0210019,鳴門シーガル病院,鳴門市瀬戸町堂浦字阿波井５７,088-688-0011,社会福祉法人小渦会　理事長　並木　俊明,福永　明広,精神　精　神内　心内　内　歯,222,昭32. 10. 1,shikoku/000491917.zip
病院,36,0210027,凪の音ホスピタル,鳴門市鳴門町土佐泊浦字高砂５,088-687-0311,医療法人敬愛会　理事長　川端　正志,川端　正志,精神　精　心内　内,270,昭32. 10. 1,shikoku/000491917.zip
病院,36,0210043,兼松病院,鳴門市撫養町斎田字大堤５４番地,088-685-4537,医療法人　愛生会　理事長　兼松　晴彦,兼松　晴彦,一般　療養　内　外　整外　肛門外科　眼　リハ　放　循環器内科　消化器内科　乳腺外科　脳外,,昭37. 5. 1,shikoku/000491917.zip
病院,36,0210068,鳴門山上病院,鳴門市鳴門町土佐泊浦字高砂２０５番地２９,088-687-1234,医療法人久仁会　理事長　山上　敦子,山上　圭,療養　内　外　ひ　リハ　脳内　脳外　放　眼　耳い　皮　循環器内科,,昭52. 4. 1,shikoku/000491917.zip
病院,36,0210092,岩朝病院,鳴門市撫養町立岩字元地２８０番地,088-685-8855,医療法人うずしお会　理事長　天満　仁,佐々木　賢二,療養　内　消化器内科　呼内　循環器内科　外　整外　泌尿器科（人工透析）　リハ,,昭63. 12. 1,shikoku/000491917.zip
診療所,36,0210118,徳島県鳴門病院,,088-683-0011,,,,,,shikoku/000490542.zip
病院,36,0210126,小川病院,鳴門市撫養町斎田字北浜９９番地,088-686-2322,医療法人緑会　理事長　小川　哲也,小川　哲也,一般　療養　内　脳内　呼内　消化器内科　リハ　糖尿病内科　腎臓内科,,平28. 2. 1,shikoku/000491917.zip
診療所,36,0210407,元木医院,,088-685-8282,,,,,,shikoku/000490542.zip
診療所,36,0210464,原田内科,,088-685-3351,,,,,,shikoku/000490542.zip
診療所,36,0210472,佐藤整形外科医院,,088-685-6555,,,,,,shikoku/000490542.zip
診療所,36,0210480,原田医院,,088-689-2108,,,,,,shikoku/000490542.zip
診療所,36,0210506,勝良医院,,088-686-1216,,,,,,shikoku/000490542.zip
診療所,36,0211348,福田医院,,088-686-2561,,,,,,shikoku/000490542.zip
診療所,36,0211397,中西医院,,088-689-1508,,,,,,shikoku/000490542.zip
診療所,36,0211447,高田内科医院,鳴門市撫養町黒崎字松島９６－１０,088-684-0031,高田　幸伸,高田　幸伸,内　消　循　小　呼,,平7. 4. 20,shikoku/000491917.zip
診療所,36,0211504,斎藤医院,,088-689-0151,,,,,,shikoku/000490542.zip
診療所,36,0211538,岡﨑内科循環器科,,088-687-2720,,,,,,shikoku/000490542.zip
診療所,36,0211579,だいとうレディースクリニック,,088-683-1588,,,,,,shikoku/000490542.zip
診療所,36,0211587,津田ブレインクリニック,,088-684-3171,,,,,,shikoku/000490542.zip
診療所,36,0211595,たきファミリークリニック,,088-683-1235,,,,,,shikoku/000490542.zip
診療所,36,0211629,大谷の里クリニック木洩れ日,,088-689-0910,,,,,,shikoku/000490542.zip
診療所,36,0211652,さくら耳鼻咽喉科クリニック,,088-685-7701,,,,,,shikoku/000490542.zip
診療所,36,0213005,斎藤整形外科,,088-685-5811,,,,,,shikoku/000490542.zip
診療所,36,0213039,西條内科,,088-686-1235,,,,,,shikoku/000490542.zip
診療所,36,0213047,レディースクリニック兼松産婦人科,,088-685-1103,,,,,,shikoku/000490542.zip
診療所,36,0213054,うがい医院,,088-686-2307,,,,,,shikoku/000490542.zip
診療所,36,0213070,吉田整形外科,,088-684-1550,,,,,,shikoku/000490542.zip
診療所,36,0213104,うずしお眼科,,088-684-3311,,,,,,shikoku/000490542.zip
診療所,36,0213112,田口小児科クリニック,,088-683-1120,,,,,,shikoku/000490542.zip
診療所,36,0213120,橋本医院,,088-685-5211,,,,,,shikoku/000490542.zip
診療所,36,0213138,谷医院,,088-686-3569,,,,,,shikoku/000490542.zip
診療所,36,0213146,板東診療所,,088-689-1252,,,,,,shikoku/000490542.zip
診療所,36,0213153,浜田皮ふ泌尿器科,,088-685-5101,,,,,,shikoku/000490542.zip
診療所,36,0213179,今井メンタルクリニック,,088-683-1552,,,,,,shikoku/000490542.zip
診療所,36,0213187,鳴門川島クリニック,,088-683-0810,,,,,,shikoku/000490542.zip
診療所,36,0213229,あお内科クリニック,,088-678-2381,,,,,,shikoku/000490542.zip
診療所,36,0213237,鳴門メンタルクリニックココロカル,,088-624-7700,,,,,,shikoku/000490542.zip
診療所,36,0213245,すがい眼科,,088-685-4611,,,,,,shikoku/000490542.zip
診療所,36,0213252,いやしの杜クリニック,,088-676-2600,,,,,,shikoku/000490542.zip
診療所,36,0213278,かしはら診療所,鳴門市大麻町萩原字東山田６４番１,088-676-2655,樫原　道治,樫原　道治,リハ　脳外,,令2. 4. 1,shikoku/000491917.zip
診療所,36,0213286,おおあさクリニック,鳴門市大麻町桧字東山田５７番地１,088-689-3788,社会福祉法人　緑樹会　理事長　柏木　知美,廣瀬　千壽子,内,,令4. 4. 1,shikoku/000491917.zip
診療所,36,0213294,なかがわ耳鼻咽喉科クリニック,,088-684-3387,,,,,,shikoku/000490542.zip
診療所,36,0213302,あきのかみクリニック,,088-677-7877,,,,,,shikoku/000490542.zip
病院,36,0310074,小松島金磯病院,小松島市金磯町１０番１９号,0885-33-1211,医療法人加藤会　理事長　加藤　好包,加藤　好包,一般　一般　内　循　外　整外　胃　こう,47,昭59. 10. 1,shikoku/000491917.zip
病院,36,0310108,小松島病院,小松島市田浦町近里８３番１１,0885-33-2288,医療法人道志社　理事長　鵜尾　隆啓,福本　常雄,療養　内　整外　リハ,,昭62. 6. 1,shikoku/000491917.zip
病院,36,0310132,碩心館病院,小松島市江田町字大江田４４－１,0885-32-3555,医療法人雙立会　理事長　矢野　勇人,矢野　勇人,一般　一般　内　呼内　消化器内科　循環器内科　整外　眼　リハ　糖尿病内科　脳外　感染症内科,60,平3. 4. 1,shikoku/000491917.zip
病院,36,0310140,徳島赤十字ひのみね医療療育センター,小松島市中田町字新開４の１,0885-32-0903,日本赤十字社徳島県支部　支部長,加藤　真介,一般　内　精　小　神経小児科　整外　歯　リハ,144,平18. 4. 1,shikoku/000491917.zip
診療所,36,0310157,徳島赤十字病院,,0885-32-2555,,,,,,shikoku/000490542.zip
診療所,36,0310405,藤野医院,,0885-38-1636,,,,,,shikoku/000490542.zip
診療所,36,0310413,谷医院,,0885-37-1003,,,,,,shikoku/000490542.zip
診療所,36,0310439,庄野耳鼻咽喉科医院,,0885-37-3341,,,,,,shikoku/000490542.zip
診療所,36,0310447,日開眼科,,0885-32-0360,,,,,,shikoku/000490542.zip
診療所,36,0310470,マスカット内科横須クリニック,,0885-33-1100,,,,,,shikoku/000490542.zip
診療所,36,0310496,荒河内科,小松島市立江町字宮ノ前４０番地４,0885-37-1122,医療法人荒河内科　理事長　荒河　忠治,荒河　忠治,内　消　循　小　呼,,平8. 1. 1,shikoku/000491917.zip
診療所,36,0310538,宮本小児科,,0885-37-3567,,,,,,shikoku/000490542.zip
診療所,36,0310553,小松島リハビリテーションクリニック,,0885-33-2805,,,,,,shikoku/000490542.zip
診療所,36,0310561,木村内科,,0885-32-2001,,,,,,shikoku/000490542.zip
診療所,36,0310579,特別養護老人ホーム千歳苑医務室,小松島市小松島町字元根井５４番地１,0885-33-2040,社会福祉法人愛心会　理事長　桝田　勝仁,桝田　勝仁,内,,平18. 4. 1,shikoku/000491917.zip
診療所,36,0310587,泌尿器科内科クリニック,,0885-35-0244,,,,,,shikoku/000490542.zip
診療所,36,0310629,ライフクリニック,,0885-37-1811,,,,,,shikoku/000490542.zip
診療所,36,0310652,さいとう整形外科クリニック,,0885-38-6122,,,,,,shikoku/000490542.zip
診療所,36,0310678,赤岩医院,,0885-37-1013,,,,,,shikoku/000490542.zip
診療所,36,0311080,桂医院,,0885-32-0151,,,,,,shikoku/000490542.zip
診療所,36,0311197,住吉レディースクリニック,,0885-32-0836,,,,,,shikoku/000490542.zip
診療所,36,0311213,福原皮膚科,小松島市南小松島町７－６２,08853-2-2083,福原　耕作,福原　耕作,皮,,平14. 8. 1,shikoku/000491917.zip
診療所,36,0311247,かしま耳鼻咽喉科クリニック,,0885-35-4133,,,,,,shikoku/000490542.zip
病院,36,0311254,江藤病院,小松島市大林町字北浦２１－１,0885-37-1559,医療法人松風会　理事長　武久　敬洋,近藤　和也,一般　療養　内　呼内　循環器内科　消化器内科　糖尿病内科　整外　皮　耳い　放　リハ　ひ,,平29. 11. 1,shikoku/000491917.zip
診療所,36,0311270,髙木整形外科医院,,0885-33-1133,,,,,,shikoku/000490542.zip
診療所,36,0311288,ロイヤルクリニック,小松島市中田町字新開４５番地,090-5515-4078,医療法人　令和記念会　理事長　桝田　善仁,東　龍男,内,,令4. 6. 1,shikoku/000491917.zip
病院,36,0311296,徳島ロイヤル病院,小松島市中田町字新開４８番地,0885-32-8833,医療法人メディカルケア　理事長　桝田　勝仁,桝田　勝仁,一般　内　消化器内科　循環器内科　リハ,,令5. 1. 1,shikoku/000491917.zip
診療所,36,0311312,ふじの小児科クリニック,,0885-37-0250,,,,,,shikoku/000490542.zip
診療所,36,0311320,小松島天満クリニック,,0885-32-8770,,,,,,shikoku/000490542.zip
診療所,36,0311338,坂本内科呼吸器クリニック,,0885-38-6610,,,,,,shikoku/000490542.zip
診療所,36,0311346,マスカット内科バイパスクリニック,,0885-33-1100,,,,,,shikoku/000490542.zip
病院,36,0410015,原田病院,阿南市富岡町あ石１４番地１,0884-22-0990,医療法人医正会　理事長　原田　晃,原田　晃,療養　整外　小　外　内　皮　リハ　放,,昭38. 7. 1,shikoku/000491917.zip
病院,36,0410056,杜のホスピタル,阿南市見能林町築溜１－１,0884-22-0218,社会医療法人杜のホスピタル　理事長　髙坂　要一郎,高坂　要一郎,精神　精　心内　内,114,昭55. 4. 1,shikoku/000491917.zip
病院,36,0410072,阿南天満病院,阿南市宝田町荒井２０番地,0884-23-0551,医療法人樫水会　理事長　天満　仁,椎野　誠輝,療養　内　ひ　胃腸内科　外　肛門外科　循,,昭59. 10. 1,shikoku/000491917.zip
病院,36,0410114,羽ノ浦整形外科内科病院,阿南市羽ノ浦町宮倉芝生４０番地の１１,0884-44-6111,医療法人すみれ会　理事長　小川　恭弘,中山　麻由子,療養　整外　内　外　リハ　胃腸内科　リウ　呼内　脳外　循環器内科,,平6. 10. 1,shikoku/000491917.zip
病院,36,0410122,宮本病院,阿南市羽ノ浦町古庄古野神４番地１４,0884-44-4343,医療法人至誠会　理事長　宮本　英典,宮本　英之,療養　内　胃腸内科　外　整外　リハ　肛門外科　小,,平8. 10. 1,shikoku/000491917.zip
診療所,36,0410320,阿南市国民健康保険加茂谷診療所,,0884-25-0200,,,,,,shikoku/000490542.zip
診療所,36,0410379,馬原医院,,0884-36-3339,,,,,,shikoku/000490542.zip
診療所,36,0410387,土肥医院,,0884-22-0503,,,,,,shikoku/000490542.zip
診療所,36,0410395,岡本眼科,,0884-27-0311,,,,,,shikoku/000490542.zip
診療所,36,0410403,岸医院,,0884-23-0272,,,,,,shikoku/000490542.zip
診療所,36,0410429,板東医院,,0884-26-0211,,,,,,shikoku/000490542.zip
診療所,36,0410478,阿南市国民健康保険伊島診療所,,0884-33-0304,,,,,,shikoku/000490542.zip
診療所,36,0410486,三谷内科,,0884-23-0222,,,,,,shikoku/000490542.zip
診療所,36,0410494,殿谷整形外科医院,阿南市津乃峰町戎山１４９番地７５,0884-27-3334,医療法人真摯会　理事長　殿谷　隆一,殿谷　隆一,整外　内　リハ　麻,,平2. 7. 1,shikoku/000491917.zip
診療所,36,0410502,富士医院,,0884-36-2024,,,,,,shikoku/000490542.zip
診療所,36,0411351,上村ヒフ科,,0884-27-0523,,,,,,shikoku/000490542.zip
診療所,36,0411534,あなん皮フ科クリニック,,0884-24-3677,,,,,,shikoku/000490542.zip
診療所,36,0411559,きくち医院,,0884-36-3512,,,,,,shikoku/000490542.zip
診療所,36,0411567,古川小児科内科医院,,0884-23-3306,,,,,,shikoku/000490542.zip
診療所,36,0411591,瀧内科外科医院,,0884-24-9133,,,,,,shikoku/000490542.zip
診療所,36,0413019,じぞうばし内科外科福井診療所,,0884-34-3133,,,,,,shikoku/000490542.zip
診療所,36,0413043,廣瀬医院,,0884-22-1031,,,,,,shikoku/000490542.zip
診療所,36,0413068,是松医院,,0884-27-0316,,,,,,shikoku/000490542.zip
診療所,36,0413076,健生阿南診療所,,0884-27-2848,,,,,,shikoku/000490542.zip
診療所,36,0413084,島内科眼科医院,,0884-22-1147,,,,,,shikoku/000490542.zip
診療所,36,0413092,岩城クリニック,,0884-23-5600,,,,,,shikoku/000490542.zip
診療所,36,0413100,幸田耳鼻咽喉科医院,,0884-24-3387,,,,,,shikoku/000490542.zip
診療所,36,0413134,かじかわ整形外科,,0884-24-5750,,,,,,shikoku/000490542.zip
診療所,36,0413159,井原医院,,0884-21-0021,,,,,,shikoku/000490542.zip
診療所,36,0413167,益崎胃腸科内科医院,,0884-42-0022,,,,,,shikoku/000490542.zip
診療所,36,0413175,富永医院,,0884-44-2123,,,,,,shikoku/000490542.zip
診療所,36,0413191,村上内科外科医院,,0884-42-3110,,,,,,shikoku/000490542.zip
診療所,36,0413217,生野外科胃腸科,,0884-44-5511,,,,,,shikoku/000490542.zip
診療所,36,0413225,賀島眼科,,0884-22-0214,,,,,,shikoku/000490542.zip
診療所,36,0413233,むらかみ内科クリニック,,0884-44-1010,,,,,,shikoku/000490542.zip
診療所,36,0413241,松﨑内科医院,,0884-23-5778,,,,,,shikoku/000490542.zip
診療所,36,0413258,徳島県阿南保健所,阿南市領家町野神３１９,0884-22-0072,徳島県知事,小居　理恵,内,,平20. 5. 1,shikoku/000491917.zip
診療所,36,0413274,和田胃腸科内科医院,,0884-23-1241,,,,,,shikoku/000490542.zip
診療所,36,0413282,あなん戸田皮膚科医院,,0884-22-6556,,,,,,shikoku/000490542.zip
診療所,36,0413308,阿南天満クリニック,,0884-22-2299,,,,,,shikoku/000490542.zip
診療所,36,0413316,阿南川島クリニック,,0884-44-6556,,,,,,shikoku/000490542.zip
診療所,36,0413324,阿南市夜間休日診療所,,0884-28-6200,,,,,,shikoku/000490542.zip
診療所,36,0413332,阿南医療センター,,0884-28-7777,,,,,,shikoku/000490542.zip
診療所,36,0413365,はのうら眼科,,0884-24-8270,,,,,,shikoku/000490542.zip
診療所,36,0413373,阿南いしばし医院,,0884-22-1484,,,,,,shikoku/000490542.zip
診療所,36,0413381,せきしんかん羽ノ浦クリニック,,0884-24-8585,,,,,,shikoku/000490542.zip
診療所,36,0413399,ふじの内科クリニック,,0884-28-6321,,,,,,shikoku/000490542.zip
診療所,36,0413407,とみおかハートクリニック,,0884-22-0810,,,,,,shikoku/000490542.zip
診療所,36,0413415,原田医院,,0884-26-0101,,,,,,shikoku/000490542.zip
病院,36,0510012,折野病院,美馬市美馬町字ナロヲ２５番地,0883-63-2569,医療法人至心会　理事長　折野　悦子,折野　悦子,精神　内　精　心内,184,昭42. 11. 1,shikoku/000491917.zip
病院,36,0510020,桜木病院,美馬市脇町木ノ内３７６３番地,0883-52-2583,医療法人桜樹会　理事長　櫻木　章司,小林　良二,一般　精神　精　内　心内,146,昭59. 10. 1,shikoku/000491917.zip
病院,36,0510053,岡内科病院,美馬市脇町字拝原１４９６番地５,0883-52-0988,医療法人峰寿会　理事長　岡　芳剛,岡　芳剛,療養　内　消　循　小　リハ　リウ,,平4. 5. 1,shikoku/000491917.zip
病院,36,0510061,ホウエツ病院,美馬市脇町大字猪尻字八幡神社下南１３０－３番地,0883-52-1095,社会医療法人芳越会　理事長　林　秀樹,十亀　徳,一般　内　脳内　外　整外　小　皮　婦　脳外　リハ　放　麻　臨床　救急科,,平8. 5. 1,shikoku/000491917.zip
病院,36,0510087,成田病院,美馬市脇町字拝原２５７６,0883-52-1258,医療法人　藤野会　理事長　藤野　晴彦,藤野　晴彦,療養　内　呼内　消化器内科　外　整外　小　皮　リハ　放,,平11. 10. 1,shikoku/000491917.zip
病院,36,0510095,美馬リハビリテーション病院,美馬市美馬町字沼田７５番地,0883-63-2026,医療法人恵愛会　理事長　谷口　博美,谷口　達哉,一般　整外　外　内　ひ　リハ　放　リウ,,平22. 10. 10,shikoku/000491917.zip
診療所,36,0510517,徳島県美馬保健所,美馬市穴吹町穴吹字明連２３,0883-52-1017,徳島県知事,大木元　繁,内,,昭32. 7. 30,shikoku/000491917.zip
診療所,36,0510574,国見医院,,0883-52-1243,,,,,,shikoku/000490542.zip
診療所,36,0510616,木下医院,,0883-63-3171,,,,,,shikoku/000490542.zip
診療所,36,0510624,林クリニック,,0883-52-1001,,,,,,shikoku/000490542.zip
診療所,36,0510640,成田クリニック,,0883-55-0321,,,,,,shikoku/000490542.zip
診療所,36,0510657,佐藤内科,,0883-52-1045,,,,,,shikoku/000490542.zip
診療所,36,0510665,サンクリニック,,0883-63-2277,,,,,,shikoku/000490542.zip
診療所,36,0510673,木下内科循環器科,,0883-63-2245,,,,,,shikoku/000490542.zip
診療所,36,0510681,佐々木医院,,0883-63-2001,,,,,,shikoku/000490542.zip
診療所,36,0510715,秦眼科,,0883-52-3011,,,,,,shikoku/000490542.zip
診療所,36,0510723,脇町川島クリニック,,0883-55-0110,,,,,,shikoku/000490542.zip
診療所,36,0510731,酒巻耳鼻咽喉科医院,,0883-53-2525,,,,,,shikoku/000490542.zip
診療所,36,0510749,成田診療所,,0883-55-0770,,,,,,shikoku/000490542.zip
診療所,36,0510756,おおた整形外科クリニック,,0883-53-2576,,,,,,shikoku/000490542.zip
診療所,36,0510764,美馬市国民健康保険木屋平診療所,,0883-68-2541,,,,,,shikoku/000490542.zip
診療所,36,0510772,多田クリニック,,0883-53-1717,,,,,,shikoku/000490542.zip
診療所,36,0513073,市橋内科医院,,0883-53-8105,,,,,,shikoku/000490542.zip
診療所,36,0513123,脇町中央医院,,0883-52-1529,,,,,,shikoku/000490542.zip
診療所,36,0513164,吉川医院,,0883-52-1122,,,,,,shikoku/000490542.zip
診療所,36,0610010,徳島県立三好病院,,0883-72-1131,,,,,,shikoku/000490542.zip
病院,36,0610036,秋田病院,三好市池田町州津堂面２１５番地,0883-72-0743,医療法人秋田会　理事長　秋田　清実,秋田　亮,精神　精　神　内,,昭37. 5. 1,shikoku/000491917.zip
病院,36,0610069,三野田中病院,三好市三野町芝生１２４２番地６,0883-77-2300,医療法人　三野田中病院　理事長　田中　眞理子,田中　裕基,一般　内　呼内　循環器内科　消化器内科　糖尿病・代謝内科　腎臓内科　神内　外　乳腺外科　肛門外科　整外　脳外　形外　皮　ひ　眼　耳い　リハ　放　精,,平16. 4. 1,shikoku/000491917.zip
病院,36,0610077,三好市国民健康保険市立三野病院,三好市三野町芝生１２７０番地３０,0883-77-2323,三好市長,宮田　淳也,一般　内　外　整外,,平18. 3. 1,shikoku/000491917.zip
診療所,36,0610515,徳島県三好保健所,三好市池田町マチ２５４２の４,0883-72-1122,徳島県知事,大木元　繁,内,,昭32. 7. 30,shikoku/000491917.zip
診療所,36,0610523,健生西部診療所,,0883-78-2292,,,,,,shikoku/000490542.zip
診療所,36,0610531,内田医院,,0883-74-0121,,,,,,shikoku/000490542.zip
診療所,36,0610556,村山内科,,0883-72-2110,,,,,,shikoku/000490542.zip
診療所,36,0610572,大和外科医院,,0883-72-0828,,,,,,shikoku/000490542.zip
診療所,36,0610580,安宅循環器内科,,0883-72-6300,,,,,,shikoku/000490542.zip
診療所,36,0610598,田岡医院,,0883-72-5551,,,,,,shikoku/000490542.zip
診療所,36,0610655,岸野医院,,0883-77-2001,,,,,,shikoku/000490542.zip
診療所,36,0610663,宮佐医院,,0883-72-0149,,,,,,shikoku/000490542.zip
診療所,36,0610671,三好市国民健康保険西祖谷山村診療所,,0883-87-2360,,,,,,shikoku/000490542.zip
診療所,36,0610689,三好市国民健康保険大歩危診療所,,0883-84-1021,,,,,,shikoku/000490542.zip
診療所,36,0610697,三木医院,,0883-77-3900,,,,,,shikoku/000490542.zip
診療所,36,0610713,三好市国民健康保険東祖谷診療所,,0883-88-2300,,,,,,shikoku/000490542.zip
診療所,36,0613048,山城診療所,,0883-86-3230,,,,,,shikoku/000490542.zip
診療所,36,0613055,郷外科・内科,,0883-74-5779,,,,,,shikoku/000490542.zip
診療所,36,0613063,浜クリニック,,0883-72-0667,,,,,,shikoku/000490542.zip
診療所,36,0613089,三好市国民健康保険大野診療所,,0883-76-6550,,,,,,shikoku/000490542.zip
診療所,36,0613097,田中ヘルスケアクリニック,,0883-70-0261,,,,,,shikoku/000490542.zip
病院,36,0613105,北條病院,三好市池田町マチ２５２６番地７,0883-72-0007,医療法人北斗　理事長　北條　文彦,北條　文彦,療養　内　小　リハ　脳外,,令5. 11. 1,shikoku/000491917.zip
病院,36,1010012,国民健康保険勝浦病院,勝浦郡勝浦町大字棚野字鴻畑１３番地２,0885-42-2555,勝浦町長,樫原　茂,一般　内　小　外　整外　リハ,,昭35. 7. 30,shikoku/000491917.zip
診療所,36,1010319,国民健康保険上勝町福原診療所,,0885-46-0302,,,,,,shikoku/000490542.zip
診療所,36,1010343,国民健康保険上勝町診療所,,0885-44-5010,,,,,,shikoku/000490542.zip
診療所,36,1110648,佐那河内診療所,名東郡佐那河内村下字高樋４６番地１,,医療法人　仁寿会　理事長　清水　輝記,竹治　尚志,内,,令8. 4. 1,shikoku/000491917.zip
病院,36,1210059,手束病院,名西郡石井町石井字石井４３４番地の１,088-674-0024,医療法人　有誠会　理事長　手束　直胤,手束　典子,一般　一般　療養　療養　整外　脳外　外　消化器外科　内　呼内　循環器内科　産婦　皮　リハ　リウ　放射線診断科　歯　歯外,93,平15. 5. 1,shikoku/000491917.zip
診療所,36,1210372,上田医院,,088-675-1130,,,,,,shikoku/000490542.zip
診療所,36,1210380,田中医院,,088-674-6181,,,,,,shikoku/000490542.zip
診療所,36,1210398,遠藤産婦人科,,088-674-6818,,,,,,shikoku/000490542.zip
診療所,36,1210422,遠藤眼科医院,,088-674-1110,,,,,,shikoku/000490542.zip
診療所,36,1210430,神山医院,,088-677-0066,,,,,,shikoku/000490542.zip
診療所,36,1210463,佐々木外科内科,,088-676-0006,,,,,,shikoku/000490542.zip
診療所,36,1210471,伊勢内科小児科,,088-675-0535,,,,,,shikoku/000490542.zip
診療所,36,1210489,宇高耳鼻咽喉科医院,,088-675-0750,,,,,,shikoku/000490542.zip
診療所,36,1210497,遠藤整形外科,,088-674-0066,,,,,,shikoku/000490542.zip
診療所,36,1210505,麻野皮膚科,,088-674-7871,,,,,,shikoku/000490542.zip
診療所,36,1210521,尾崎医院,,088-674-8855,,,,,,shikoku/000490542.zip
診療所,36,1210539,中谷医院,,088-676-0013,,,,,,shikoku/000490542.zip
診療所,36,1210547,川原内科外科,,088-675-0015,,,,,,shikoku/000490542.zip
診療所,36,1210554,なかたに産婦人科,,088-674-1295,,,,,,shikoku/000490542.zip
診療所,36,1211024,須見医院,,088-674-0178,,,,,,shikoku/000490542.zip
診療所,36,1211032,多田内科クリニック,,0886-74-0250,,,,,,shikoku/000490542.zip
診療所,36,1211057,阿部内科胃腸科,,088-674-1201,,,,,,shikoku/000490542.zip
診療所,36,1211131,惠美クリニック,,088-675-0855,,,,,,shikoku/000490542.zip
診療所,36,1213012,川村医院,,088-674-0120,,,,,,shikoku/000490542.zip
診療所,36,1213020,記本耳鼻咽喉科クリニック,,088-674-8778,,,,,,shikoku/000490542.zip
診療所,36,1213038,健生石井クリニック,,088-675-1033,,,,,,shikoku/000490542.zip
診療所,36,1213053,石岡整形外科,,088-674-8800,,,,,,shikoku/000490542.zip
診療所,36,1213061,石井虹の橋クリニック,,088-674-2311,,,,,,shikoku/000490542.zip
診療所,36,1213087,おうち診療所　神山,,088-676-0550,,,,,,shikoku/000490542.zip
病院,36,1310081,那賀町立上那賀病院,那賀郡那賀町小浜１３７番地１,0884-66-0211,那賀町長,岩永　将輝,一般　一般　内　外　整外　リハ　皮　肛門外科　胃腸内科　脳外,40,平17. 3. 1,shikoku/000491917.zip
診療所,36,1312517,わだ内科,,0884-62-3311,,,,,,shikoku/000490542.zip
診療所,36,1312525,山本医院,,0884-62-3577,,,,,,shikoku/000490542.zip
診療所,36,1312533,那賀町国民健康保険北川診療所,那賀郡那賀町木頭北川字下モ伴７１番地,0884-69-2201,那賀町長,岩佐　修平,内,,平17. 3. 1,shikoku/000491917.zip
診療所,36,1312541,那賀町国民健康保険木頭診療所,,0884-68-2102,,,,,,shikoku/000490542.zip
診療所,36,1312566,那賀町国民健康保険相生診療所,那賀郡那賀町平野字大平間２９番地２,0884-62-1303,那賀町長,濵田　邦美,内,,平17. 3. 1,shikoku/000491917.zip
診療所,36,1312574,那賀町国民健康保険日野谷診療所,,0884-62-0073,,,,,,shikoku/000490542.zip
診療所,36,1312582,お山のクリニック,,0884-62-1030,,,,,,shikoku/000490542.zip
診療所,36,1312616,那賀町国民健康保険木沢診療所,,0884-65-2409,,,,,,shikoku/000490542.zip
病院,36,1410063,冨田病院,海部郡美波町西河内字月輪１２９番地の４,0884-77-0368,医療法人冨田病院　理事長　森　健治,松村　慶寿,精神　精　心内　内　小児神経内科,144,昭53. 4. 1,shikoku/000491917.zip
病院,36,1410089,海陽町国民健康保険海南病院,海部郡海陽町四方原字広谷１６－１,0884-73-1355,海陽町長,神沢　賢,一般　一般　内　外　整外　脳外,45,平18. 3. 31,shikoku/000491917.zip
病院,36,1410113,美波町国民健康保険美波病院,海部郡美波町田井１０５番地１,0884-78-1373,美波町長,本田　壮一,一般　内　外　整外　脳外　耳い,,平28. 3. 1,shikoku/000491917.zip
病院,36,1410121,徳島県立海部病院,海部郡牟岐町大字中村字杉谷２６６,0884-72-1166,徳島県知事,影治　照喜,一般　結核　一般（感染）　内　小　外　整外　産婦　耳い　放　脳外　リハ,106,平29. 5. 8,shikoku/000491917.zip
診療所,36,1410329,徳島県美波保健所,海部郡美波町奥河内字弁財天１７－１,0884-74-7343,徳島県知事,小居　理恵,内,,昭32. 7. 30,shikoku/000491917.zip
診療所,36,1410360,徳島県出羽島診療所,,0884-72-0566,,,,,,shikoku/000490542.zip
診療所,36,1410378,牟岐診療所,,0884-72-2856,,,,,,shikoku/000490542.zip
診療所,36,1410410,牟岐駅前クリニック,,0884-72-3311,,,,,,shikoku/000490542.zip
診療所,36,1410469,寿満内科クリニック,,0884-73-3741,,,,,,shikoku/000490542.zip
診療所,36,1410485,折野胃腸科内科,,0884-76-2249,,,,,,shikoku/000490542.zip
診療所,36,1410493,美海クリニック,,0884-72-3939,,,,,,shikoku/000490542.zip
診療所,36,1410501,ヒワサクリニック,,0884-74-7518,,,,,,shikoku/000490542.zip
診療所,36,1410519,いしもとファミリークリニック,,0884-74-3503,,,,,,shikoku/000490542.zip
診療所,36,1410527,美波町国民健康保険阿部診療所,海部郡美波町阿部３０６番地１,0884-78-0203,美波町長,本田　壮一,内　整外,,平18. 3. 31,shikoku/000491917.zip
診療所,36,1410535,海陽町宍喰診療所,,0884-76-2028,,,,,,shikoku/000490542.zip
診療所,36,1410543,大里医院,,0884-73-3102,,,,,,shikoku/000490542.zip
診療所,36,1410956,イワキ医院,,0884-77-0005,,,,,,shikoku/000490542.zip
診療所,36,1411319,竹林眼科,,0884-72-2323,,,,,,shikoku/000490542.zip
診療所,36,1411335,美波町国民健康保険日和佐診療所,,0884-77-1212,,,,,,shikoku/000490542.zip
病院,36,1510037,浦田病院,板野郡松茂町広島字南ハリ１３番地,088-699-2921,医療法人弘誠会　理事長　浦田　隆弘,浦田　隆弘,一般　療養　内　呼内　消化器内科　循環器内科　外　皮　ひ　婦　放　歯　リハ,,昭32. 10. 1,shikoku/000491917.zip
病院,36,1510045,吉野川病院,板野郡北島町高房字八丁野西３６－１３,088-698-6111,医療法人修誠会　理事長　永　信治,永　信治,療養　内　循環器内科　整外　リハ　リウ　脳外,115,昭38. 7. 1,shikoku/000491917.zip
病院,36,1510110,藍里病院,板野郡上板町佐藤塚字東２８８番地３,088-694-5151,社会医療法人あいざと会　理事長　久保　一弘,元木　洋介,精神　精　心内　内　歯,228,昭59. 10. 1,shikoku/000491917.zip
病院,36,1510151,稲次病院,板野郡藍住町笠木字西野５０番地の１,088-692-5757,社会医療法人凌雲会　理事長　稲次　美樹子,稲次　圭,一般　療養　内　整外　リハ　麻　リウ　脳外　形外　神内,,平2. 1. 1,shikoku/000491917.zip
病院,36,1510227,井上病院,板野郡板野町犬伏字鶴畑３９番地の１,088-672-1185,医療法人十全会　理事長　井上　篤,清水　元気,療養　療養　内　胃腸内科　皮　整外　リハ　放,60,平15. 7. 1,shikoku/000491917.zip
病院,36,1510235,芳川病院,板野郡松茂町中喜来字群恵２７８番地の８,088-699-5355,医療法人悠穣会　理事長　芳川　博哉,芳川　靖弘,療養　療養　整外　胃腸内科　外　内　皮　こう　リハ　放,40,平18. 1. 1,shikoku/000491917.zip
病院,36,1510243,きたじま田岡病院,板野郡北島町鯛浜字川久保３０番地１,088-698-1234,医療法人きたじま倚山会　理事長　宮本　貴由,里見　淳一郎,一般　療養　内　心内　精　脳内　呼内　形外　呼外　リウ　外　整外　脳外　リハ　放　麻　歯　皮　肛門外科　消化器内科　循環器内科　救急科　血液内科　甲状腺外科　消化器外科,146,平23. 3. 1,shikoku/000491917.zip
病院,36,1510250,ほのぼのホスピタル,板野郡松茂町中喜来字群恵２１６－１,088-699-5151,医療法人鈴木会　理事長　鈴木　和人,鈴木　和人,精神　精神　精　内,216,平25. 12. 3,shikoku/000491917.zip
診療所,36,1510318,株式会社ジェイテクト徳島工場　診療所,板野郡藍住町奥野字山畑１番地,088-692-3111,株式会社ジェイテクト徳島工場　工場長　伊藤　正人,豊崎　纏,内,,昭38. 12. 1,shikoku/000491917.zip
診療所,36,1510367,クリニック釈羅,板野郡松茂町広島字鍬の先２２番地,088-699-5229,医療法人中西会　理事長　中西　昭憲,中西　昭憲,精　心内　内,,昭56. 3. 9,shikoku/000491917.zip
診療所,36,1510409,西條内科耳鼻科,,088-692-8711,,,,,,shikoku/000490542.zip
診療所,36,1510417,清水内科,,088-692-8900,,,,,,shikoku/000490542.zip
診療所,36,1510433,豊岡医院,,088-672-0052,,,,,,shikoku/000490542.zip
診療所,36,1510441,野田医院,,088-694-2009,,,,,,shikoku/000490542.zip
診療所,36,1510482,有住内科クリニック,,088-698-8655,,,,,,shikoku/000490542.zip
診療所,36,1510508,安芸内科,,088-692-6111,,,,,,shikoku/000490542.zip
診療所,36,1511407,平野内科,,088-698-8060,,,,,,shikoku/000490542.zip
診療所,36,1511589,奥村医院,,088-692-2403,,,,,,shikoku/000490542.zip
診療所,36,1511662,井上医院,,0886-99-8070,,,,,,shikoku/000490542.zip
診療所,36,1511696,松茂内科,,088-699-7730,,,,,,shikoku/000490542.zip
診療所,36,1511852,大久保内科,,088-692-1220,,,,,,shikoku/000490542.zip
診療所,36,1511886,つかさクリニック,,088-697-2323,,,,,,shikoku/000490542.zip
診療所,36,1511944,みやざき内科診療所,,088-672-6618,,,,,,shikoku/000490542.zip
診療所,36,1511951,増田クリニック,,088-693-3020,,,,,,shikoku/000490542.zip
診療所,36,1511985,こまつばら整形外科,,088-698-5108,,,,,,shikoku/000490542.zip
診療所,36,1512009,かまだ眼科,,088-678-8585,,,,,,shikoku/000490542.zip
診療所,36,1512033,くぼ小児科クリニック,,088-678-7141,,,,,,shikoku/000490542.zip
診療所,36,1513015,越智内科胃腸科,,088-698-3111,,,,,,shikoku/000490542.zip
診療所,36,1513031,仁木耳鼻咽喉科,板野郡北島町鯛浜字川久保１９３の１,088-698-8111,医療法人仁木耳鼻咽喉科　理事長　仁木　宏,仁木　宏,耳い　気食,,平2. 7. 1,shikoku/000491917.zip
診療所,36,1513049,香川内科,,088-692-9770,,,,,,shikoku/000490542.zip
診療所,36,1513056,富本小児科内科,,088-692-7228,,,,,,shikoku/000490542.zip
診療所,36,1513080,あいずみ皮ふ科,板野郡藍住町矢上字西４７番地７,088-692-9211,医療法人美遥会　理事長　井上　利之,井上　利之,皮,,平3. 7. 1,shikoku/000491917.zip
診療所,36,1513098,新居内科,,088-698-8808,,,,,,shikoku/000490542.zip
診療所,36,1513106,中山産婦人科・小児科,,088-692-0333,,,,,,shikoku/000490542.zip
診療所,36,1513148,矢野医院,,088-692-4411,,,,,,shikoku/000490542.zip
診療所,36,1513163,春藤内科胃腸科,,088-699-3777,,,,,,shikoku/000490542.zip
診療所,36,1513205,藤本クリニック,,088-698-0303,,,,,,shikoku/000490542.zip
診療所,36,1513213,中川整形外科,,088-641-2288,,,,,,shikoku/000490542.zip
診療所,36,1513221,福島内科,,088-672-4970,,,,,,shikoku/000490542.zip
診療所,36,1513239,山田眼科藍住,,088-692-8118,,,,,,shikoku/000490542.zip
診療所,36,1513247,きはら耳鼻咽喉科医院,,088-693-0087,,,,,,shikoku/000490542.zip
診療所,36,1513254,谷口耳鼻咽喉科クリニック,,088-699-2787,,,,,,shikoku/000490542.zip
診療所,36,1513270,こやま小児科内科クリニック,板野郡藍住町矢上字原１９３番地１,088-637-3211,医療法人　こやま小児科内科クリニック　理事長　小山　哲哉,小山　哲哉,一般　内　小　胃　アレ　リハ,,平11. 10. 1,shikoku/000491917.zip
診療所,36,1513288,ファミリークリニックしんの,,088-672-5148,,,,,,shikoku/000490542.zip
診療所,36,1513304,いのもと眼科内科,,088-698-8887,,,,,,shikoku/000490542.zip
診療所,36,1513312,北島こどもクリニック,,088-697-2221,,,,,,shikoku/000490542.zip
診療所,36,1513338,井関クリニック,,088-637-6066,,,,,,shikoku/000490542.zip
診療所,36,1513387,山根眼科,,088-692-8171,,,,,,shikoku/000490542.zip
診療所,36,1513395,新野医院,,088-672-0571,,,,,,shikoku/000490542.zip
診療所,36,1513403,内科クリニックオクムラ,,088-692-4771,,,,,,shikoku/000490542.zip
診療所,36,1513411,川原眼科,,088-694-8388,,,,,,shikoku/000490542.zip
診療所,36,1513429,健生きたじまクリニック,,088-698-9629,,,,,,shikoku/000490542.zip
診療所,36,1513437,杉みね整形クリニック,,088-693-1021,,,,,,shikoku/000490542.zip
診療所,36,1513445,森本医院,,088-641-4141,,,,,,shikoku/000490542.zip
診療所,36,1513460,近藤内科医院,,088-672-5630,,,,,,shikoku/000490542.zip
診療所,36,1513486,いわさき耳鼻咽喉科,,088-697-3213,,,,,,shikoku/000490542.zip
診療所,36,1513502,小松泌尿器科,,088-692-1277,,,,,,shikoku/000490542.zip
診療所,36,1513510,藍住川島クリニック,,088-692-0110,,,,,,shikoku/000490542.zip
診療所,36,1513551,藍住たまき青空クリニック,,088-678-7727,,,,,,shikoku/000490542.zip
診療所,36,1513569,三愛内科,,088-672-0176,,,,,,shikoku/000490542.zip
診療所,36,1513577,ルナウイメンズクリニック,,088-697-2322,,,,,,shikoku/000490542.zip
診療所,36,1513593,たかた整形外科・せぼねクリニック,,088-698-8689,,,,,,shikoku/000490542.zip
診療所,36,1513601,きたじま皮フ科,,088-678-7010,,,,,,shikoku/000490542.zip
診療所,36,1513619,田根内科,,088-698-0123,,,,,,shikoku/000490542.zip
病院,36,1513627,浜病院,板野郡藍住町矢上字北分９５番地,088-692-2317,医療法人　平成博愛会　理事長　武久　敬洋,松本　隆裕,療養　内　呼吸器内科　胃腸内科　循環器内科　皮　ひ　肛門内科　リハ,,令5. 4. 1,shikoku/000491917.zip
診療所,36,1513635,あいずみ松本眼科,,088-677-5568,,,,,,shikoku/000490542.zip
診療所,36,1513643,ともなり消化器・肝臓内科クリニック,,088-694-5515,,,,,,shikoku/000490542.zip
診療所,36,1513650,つつみ内科・脳神経内科・リウマチ科,,088-677-7227,,,,,,shikoku/000490542.zip
診療所,36,1513668,こうのＩＮＲクリニック,,088-693-1103,,,,,,shikoku/000490542.zip
診療所,36,1513676,仙波眼科医院,,088-677-7157,,,,,,shikoku/000490542.zip
診療所,36,1513684,あいずみクリニック,,088-677-9818,,,,,,shikoku/000490542.zip
診療所,36,1513692,あおばホームケアクリニック,,088-678-5733,,,,,,shikoku/000490542.zip
病院,36,1610043,大野病院,阿波市土成町土成字南原２３１番地,088-695-2112,医療法人博美会　理事長　大野　孔文,大野　孔文,療養　内　小　外　整外　循環器内科,,昭58. 1. 1,shikoku/000491917.zip
診療所,36,1610977,賛広診療所,,0883-35-2107,,,,,,shikoku/000490542.zip
診療所,36,1612015,村上医院,,0883-35-6410,,,,,,shikoku/000490542.zip
診療所,36,1612031,森下医院,,0883-35-5656,,,,,,shikoku/000490542.zip
診療所,36,1612049,重清内科外科,,0883-35-6160,,,,,,shikoku/000490542.zip
診療所,36,1612072,林内科医院,,0883-35-6226,,,,,,shikoku/000490542.zip
診療所,36,1612080,赤池循環器消化器内科,,0883-36-6565,,,,,,shikoku/000490542.zip
診療所,36,1612098,太田診療所,,0883-36-2076,,,,,,shikoku/000490542.zip
診療所,36,1612106,中山医院,,088-696-4662,,,,,,shikoku/000490542.zip
診療所,36,1612122,板東眼科,,088-695-5139,,,,,,shikoku/000490542.zip
診療所,36,1612130,大久保医院,,088-696-2037,,,,,,shikoku/000490542.zip
診療所,36,1612148,金塚内科,,088-695-5858,,,,,,shikoku/000490542.zip
診療所,36,1612155,乾内科外科,,088-695-5006,,,,,,shikoku/000490542.zip
診療所,36,1612163,さかまき整形外科,,0883-35-7880,,,,,,shikoku/000490542.zip
診療所,36,1612171,松本眼科,,0883-35-7128,,,,,,shikoku/000490542.zip
診療所,36,1612189,御所診療所,,088-637-8033,,,,,,shikoku/000490542.zip
診療所,36,1612197,おおつか内科,,0883-35-6070,,,,,,shikoku/000490542.zip
診療所,36,1612205,らいちクリニック,,0883-36-1608,,,,,,shikoku/000490542.zip
診療所,36,1612213,西川内科クリニック,,0883-35-8080,,,,,,shikoku/000490542.zip
診療所,36,1612221,笠井整形外科内科クリニック,,0883-36-1233,,,,,,shikoku/000490542.zip
診療所,36,1612239,おおぐし眼科,,088-696-3133,,,,,,shikoku/000490542.zip
診療所,36,1612247,阿波医院,,0883-36-5151,,,,,,shikoku/000490542.zip
診療所,36,1710025,吉野川医療センター,,0883-26-2222,,,,,,shikoku/000490542.zip
病院,36,1710033,美摩病院,吉野川市鴨島町上下島４９７番地,0883-24-2957,医療法人青鳳会　理事長　美馬　紀章,長江　浩朗,一般　療養　内　外　整外　脳外　リウ　リハ　眼　形外　皮,,昭43. 10. 1,shikoku/000491917.zip
病院,36,1710116,鴨島病院,吉野川市鴨島町内原４３２,0883-24-6565,医療法人徳寿会　理事長　浅野　登,土橋　孝之,療養　内　整外　リハ　放　脳外,178,昭59. 10. 1,shikoku/000491917.zip
診療所,36,1710314,徳島県吉野川保健所,吉野川市鴨島町鴨島１０６－２,0883-24-1114,徳島県知事,佐藤　純子,内,,昭32. 7. 30,shikoku/000491917.zip
診療所,36,1710322,健祥会診療所,吉野川市川島町川島１０６番地,0883-25-3153,社会福祉法人健祥会　理事長　中村　太一,四宮　智好,内　呼　胃　循　皮,,昭55. 8. 1,shikoku/000491917.zip
診療所,36,1710363,谷医院,,0883-42-2353,,,,,,shikoku/000490542.zip
診療所,36,1710389,鈴木内科,,0883-24-5880,,,,,,shikoku/000490542.zip
診療所,36,1710397,阿部整形外科,,0883-24-4880,,,,,,shikoku/000490542.zip
診療所,36,1710405,木村内科胃腸科,,0883-24-6413,,,,,,shikoku/000490542.zip
診療所,36,1710413,工藤内科医院,,0883-42-3113,,,,,,shikoku/000490542.zip
診療所,36,1710421,鈴木内科,,0883-24-3413,,,,,,shikoku/000490542.zip
診療所,36,1710439,杉山医院,,0883-25-2802,,,,,,shikoku/000490542.zip
診療所,36,1710496,古本内科クリニック,,0883-24-7377,,,,,,shikoku/000490542.zip
診療所,36,1711304,糸田川眼科,,0883-24-2531,,,,,,shikoku/000490542.zip
診療所,36,1711320,糸田川クリニック,,0883-24-7555,,,,,,shikoku/000490542.zip
診療所,36,1711502,リバーサイドクリニック岡田,,0883-24-8884,,,,,,shikoku/000490542.zip
診療所,36,1711577,グリーン耳鼻咽喉科,,0883-24-2488,,,,,,shikoku/000490542.zip
診療所,36,1711593,石原小児科,吉野川市鴨島町鴨島３５３,0883-24-2388,石原　哲也,石原　哲也,小　内　アレ　循,,平12. 1. 1,shikoku/000491917.zip
診療所,36,1711601,松永医院,,0883-42-2110,,,,,,shikoku/000490542.zip
診療所,36,1711619,鴨島耳鼻咽喉科,吉野川市鴨島町麻植塚１１４－１,0883-24-8070,戸村　義則,戸村　義則,耳い,,平13. 6. 1,shikoku/000491917.zip
診療所,36,1711635,知恵島皮膚科診療所,,0883-36-9012,,,,,,shikoku/000490542.zip
診療所,36,1713003,井内内科,,0883-24-3070,,,,,,shikoku/000490542.zip
診療所,36,1713029,矢田医院,,0883-25-2006,,,,,,shikoku/000490542.zip
診療所,36,1713045,和田耳鼻咽喉科,,0883-24-2566,,,,,,shikoku/000490542.zip
診療所,36,1713052,渡辺医院,,0883-24-7177,,,,,,shikoku/000490542.zip
診療所,36,1713078,大内整形外科,,0883-24-3058,,,,,,shikoku/000490542.zip
診療所,36,1713086,岸整形外科,,0883-25-3133,,,,,,shikoku/000490542.zip
診療所,36,1713102,中西内科クリニック,,0883-42-6755,,,,,,shikoku/000490542.zip
診療所,36,1713110,石原内科循環器科,,0883-24-2536,,,,,,shikoku/000490542.zip
診療所,36,1713128,山下耳鼻咽喉科クリニック,,0883-42-7533,,,,,,shikoku/000490542.zip
診療所,36,1713136,さくら診療所,,0883-42-5520,,,,,,shikoku/000490542.zip
診療所,36,1713151,森住内科医院,,0883-22-3010,,,,,,shikoku/000490542.zip
診療所,36,1713169,麻名内科外科クリニック,,0883-26-0020,,,,,,shikoku/000490542.zip
診療所,36,1713177,四宮医院,,0883-25-2016,,,,,,shikoku/000490542.zip
診療所,36,1713201,かなめ小児科内科クリニック,,0883-26-0310,,,,,,shikoku/000490542.zip
診療所,36,1713219,美郷診療所,吉野川市美郷毛無９２－３,0883-26-7570,医療法人中西内科クリニック　理事長　中西　二郎,中西　二郎,内　精　神　呼　消　循　心内,,平17. 7. 1,shikoku/000491917.zip
診療所,36,1713235,あいざと山川クリニック,,0883-42-8811,,,,,,shikoku/000490542.zip
診療所,36,1713250,鴨島川島クリニック,,0883-24-8551,,,,,,shikoku/000490542.zip
診療所,36,1713268,三木クリニック,,0883-42-6618,,,,,,shikoku/000490542.zip
診療所,36,1713276,あおいそら在宅診療所,,0883-22-1311,,,,,,shikoku/000490542.zip
診療所,36,1713284,よしのがわ往診診療所,,0883-36-1850,,,,,,shikoku/000490542.zip
診療所,36,1713300,平野整形外科,,0883-36-1826,,,,,,shikoku/000490542.zip
診療所,36,1810403,田村医院,,0883-62-5166,,,,,,shikoku/000490542.zip
診療所,36,1810411,田村医院一宇診療所,,0883-67-2016,,,,,,shikoku/000490542.zip
診療所,36,1810486,武原外科整形外科医院,,0883-64-2111,,,,,,shikoku/000490542.zip
病院,36,1814025,つるぎ町立半田病院,美馬郡つるぎ町半田字中藪２３４－１,0883-64-3145,つるぎ町長,須藤　泰史,一般　一般　内　小　外　整外　ひ　産婦　耳い　リハ　放　消化器内科　眼　皮　麻　形外　美外,99,平17. 3. 1,shikoku/000491917.zip
診療所,36,1814058,永尾醫院,,0883-62-2012,,,,,,shikoku/000490542.zip
病院,36,1910112,藤内整形外科病院,三好郡東みよし町中庄１０１１番地３,0883-82-3677,医療法人守章会　理事長　藤内　守,藤内　守,療養　整外　内　リウ　リハ,,平6. 10. 1,shikoku/000491917.zip
病院,36,1910138,三加茂田中病院,三好郡東みよし町加茂１８８３ー４,0883-82-3700,医療法人静可会　理事長　田中　祐輔,田中　祐輔,療養　内　外　整外　ひ　皮　糖尿病内科　神内　脳外　放　リハ　循環器内科　消化器内科　呼外　乳腺外科　耳い　腎臓内科　呼内,,平10. 11. 1,shikoku/000491917.zip
病院,36,1910179,ゆうあいホスピタル,三好郡東みよし町中庄７２８番地１,0883-82-1100,特定医療法人恵済会　理事長　坂本　哲郎,森　啓二郎,精神　内　精　神　心内,220,平18. 5. 1,shikoku/000491917.zip
診療所,36,1910492,内田医院,,0883-82-2035,,,,,,shikoku/000490542.zip
診療所,36,1913082,松浦医院,,0883-82-2309,,,,,,shikoku/000490542.zip
診療所,36,1913140,いわき眼科,,0883-76-1080,,,,,,shikoku/000490542.zip
診療所,36,1913165,くはらクリニック,,0883-76-5755,,,,,,shikoku/000490542.zip
診療所,36,1913181,山下内科・呼吸器内科,,0883-79-2005,,,,,,shikoku/000490542.zip
診療所,36,8010015,徳島大学病院,,088-631-3111,,,,,,shikoku/000490542.zip
病院,36,8010023,独立行政法人国立病院機構とくしま医療センター西病院,吉野川市鴨島町敷地１３５４番地,0883-24-2161,独立行政法人国立病院機構　理事長　新木　一弘,三ツ井　貴夫,一般　内　脳内　消化器内科　小　外　整外　眼　リハ　放　歯　麻　呼内　循環器内科,236,昭32. 7. 1,shikoku/000491917.zip
病院,36,8010031,独立行政法人国立病院機構とくしま医療センター東病院,板野郡板野町大寺字大向北１－１,088-672-1171,独立行政法人国立病院機構　理事長　新木　一弘,北市　隆,一般　結核　一般（感染）　内　呼　循　小　外　整外　呼外　放　消　ひ　リハ,295,昭32. 7. 1,shikoku/000491917.zip
歯科,36,0130023,大塚歯科,,088-623-2105,,,,,,shikoku/000490543.zip
歯科,36,0130049,徳島県歯科医師会口腔保健センター,,088-631-3977,,,,,,shikoku/000490543.zip
歯科,36,0130056,徳島市歯科医師会休日救急等診療所,,088-631-3977,,,,,,shikoku/000490543.zip
歯科,36,0130064,糸田川歯科医院,,088-631-7487,,,,,,shikoku/000490543.zip
歯科,36,0130080,さくら歯科クリニック,,088-668-5575,,,,,,shikoku/000490543.zip
歯科,36,0130098,いない歯科医院,,088-631-6400,,,,,,shikoku/000490543.zip
歯科,36,0130114,早雲歯科医院,,088-632-1211,,,,,,shikoku/000490543.zip
歯科,36,0130122,勝瀬歯科医院,,088-654-5580,,,,,,shikoku/000490543.zip
歯科,36,0130130,岡歯科クリニック,,088-662-5789,,,,,,shikoku/000490543.zip
歯科,36,0130148,小笠歯科診療所,,088-622-2841,,,,,,shikoku/000490543.zip
歯科,36,0130163,大西歯科,,088-642-1339,,,,,,shikoku/000490543.zip
歯科,36,0130189,井川歯科医院,,088-632-8225,,,,,,shikoku/000490543.zip
歯科,36,0130213,四国セント歯科,,088-669-0101,,,,,,shikoku/000490543.zip
歯科,36,0130221,サイカ歯科医院,,088-654-6747,,,,,,shikoku/000490543.zip
歯科,36,0130239,尾形歯科,,088-655-8148,,,,,,shikoku/000490543.zip
歯科,36,0130247,小倉歯科診療所,,088-633-2388,,,,,,shikoku/000490543.zip
歯科,36,0130254,益田歯科医院,,088-669-2567,,,,,,shikoku/000490543.zip
歯科,36,0130262,浜口歯科,,088-623-8148,,,,,,shikoku/000490543.zip
歯科,36,0130288,青木歯科医院,,088-623-6200,,,,,,shikoku/000490543.zip
歯科,36,0130296,島歯科医院,,088-623-6909,,,,,,shikoku/000490543.zip
歯科,36,0130320,しみず歯科医院,,088-665-0088,,,,,,shikoku/000490543.zip
歯科,36,0130338,今山歯科,,088-655-6543,,,,,,shikoku/000490543.zip
歯科,36,0130361,カンガルー歯科,,088-642-8834,,,,,,shikoku/000490543.zip
歯科,36,0130379,仁歯科,,088-602-0808,,,,,,shikoku/000490543.zip
歯科,36,0130429,富塚歯科,,088-625-8688,,,,,,shikoku/000490543.zip
歯科,36,0130437,横山歯科医院,,088-653-2429,,,,,,shikoku/000490543.zip
歯科,36,0130452,エス・デンタルクリニック,,088-666-0465,,,,,,shikoku/000490543.zip
歯科,36,0130478,中川歯科医院,,088-642-8214,,,,,,shikoku/000490543.zip
歯科,36,0130486,川上矯正歯科クリニック,,088-633-8811,,,,,,shikoku/000490543.zip
歯科,36,0130494,三木照久歯科,,088-633-6767,,,,,,shikoku/000490543.zip
歯科,36,0130502,やまざき歯科医院,,088-634-3883,,,,,,shikoku/000490543.zip
歯科,36,0130510,カマタ歯科クリニック,,088-652-9785,,,,,,shikoku/000490543.zip
歯科,36,0131294,弘田歯科診療所,,088-652-1498,,,,,,shikoku/000490543.zip
歯科,36,0131641,村田歯科医院,,088-631-0380,,,,,,shikoku/000490543.zip
歯科,36,0131922,住友歯科医院,,088-622-3351,,,,,,shikoku/000490543.zip
歯科,36,0132011,松村歯科医院,,088-625-5133,,,,,,shikoku/000490543.zip
歯科,36,0132037,盛デンタルオフィス,,088-642-5510,,,,,,shikoku/000490543.zip
歯科,36,0132060,藤島歯科医院,,088-662-4333,,,,,,shikoku/000490543.zip
歯科,36,0132078,中田歯科医院,,088-665-4565,,,,,,shikoku/000490543.zip
歯科,36,0132094,井上歯科診療所,,088-623-6474,,,,,,shikoku/000490543.zip
歯科,36,0132128,ナカ歯科医院,,088-626-1232,,,,,,shikoku/000490543.zip
歯科,36,0132219,三好歯科,,088-642-6474,,,,,,shikoku/000490543.zip
歯科,36,0132300,島田歯科医院,,088-652-6931,,,,,,shikoku/000490543.zip
歯科,36,0132425,岡崎歯科医院,,088-625-3433,,,,,,shikoku/000490543.zip
歯科,36,0132516,高田歯科医院,,088-632-6480,,,,,,shikoku/000490543.zip
歯科,36,0132581,大北歯科医院,,088-668-1166,,,,,,shikoku/000490543.zip
歯科,36,0132599,うやま歯科,,088-626-3055,,,,,,shikoku/000490543.zip
歯科,36,0132607,島田歯科,,088-665-3321,,,,,,shikoku/000490543.zip
歯科,36,0132714,のぞむ歯科,,088-653-7770,,,,,,shikoku/000490543.zip
歯科,36,0132730,厚見歯科医院,,088-652-2541,,,,,,shikoku/000490543.zip
歯科,36,0132748,椋本歯科医院,,088-652-9253,,,,,,shikoku/000490543.zip
歯科,36,0132797,宮井歯科昭和町診療所,,088-623-0328,,,,,,shikoku/000490543.zip
歯科,36,0132854,水口歯科クリニック,,088-625-2727,,,,,,shikoku/000490543.zip
歯科,36,0132862,武田歯科,,088-644-1110,,,,,,shikoku/000490543.zip
歯科,36,0132946,竹田歯科医院,,088-652-0090,,,,,,shikoku/000490543.zip
歯科,36,0132953,長岡歯科クリニック,,088-644-1666,,,,,,shikoku/000490543.zip
歯科,36,0132979,東條歯科医院,,088-655-0880,,,,,,shikoku/000490543.zip
歯科,36,0132995,米沢歯科クリニック,,088-655-3388,,,,,,shikoku/000490543.zip
歯科,36,0133035,石橋歯科医院,,088-652-4326,,,,,,shikoku/000490543.zip
歯科,36,0133050,清水歯科医院,,088-641-0648,,,,,,shikoku/000490543.zip
歯科,36,0133084,宮井歯科医院,,088-623-3810,,,,,,shikoku/000490543.zip
歯科,36,0133118,近藤歯科,,088-655-6488,,,,,,shikoku/000490543.zip
歯科,36,0133167,原歯科医院,,088-655-8773,,,,,,shikoku/000490543.zip
歯科,36,0133274,歯科宮上クリニック,,088-668-7550,,,,,,shikoku/000490543.zip
歯科,36,0133316,佐々木歯科医院,,088-631-3156,,,,,,shikoku/000490543.zip
歯科,36,0133332,石本歯科医院,,088-642-8850,,,,,,shikoku/000490543.zip
歯科,36,0133340,クレメント矯正歯科,,088-656-3233,,,,,,shikoku/000490543.zip
歯科,36,0133365,つばさ歯科クリニック,,088-626-0077,,,,,,shikoku/000490543.zip
歯科,36,0133373,しまだ歯科,,088-655-8215,,,,,,shikoku/000490543.zip
歯科,36,0133407,寺井歯科医院,,088-664-0718,,,,,,shikoku/000490543.zip
歯科,36,0133415,きしだ歯科,,088-656-6480,,,,,,shikoku/000490543.zip
歯科,36,0133431,西田歯科医院,,088-662-3456,,,,,,shikoku/000490543.zip
歯科,36,0133530,坂本歯科,,088-665-8035,,,,,,shikoku/000490543.zip
歯科,36,0133563,佐藤歯科医院,,088-652-2207,,,,,,shikoku/000490543.zip
歯科,36,0133589,新浜歯科医院,,088-663-1118,,,,,,shikoku/000490543.zip
歯科,36,0133647,健生歯科,,088-655-3011,,,,,,shikoku/000490543.zip
歯科,36,0133746,坂東歯科医院,,088-652-3281,,,,,,shikoku/000490543.zip
歯科,36,0133761,山口歯科クリニック,,088-663-5995,,,,,,shikoku/000490543.zip
歯科,36,0133795,冨永歯科医院,,088-664-8055,,,,,,shikoku/000490543.zip
歯科,36,0133837,マキ歯科新町診療所,,088-623-6552,,,,,,shikoku/000490543.zip
歯科,36,0133852,鎌田歯科,,088-652-0789,,,,,,shikoku/000490543.zip
歯科,36,0133860,大杉歯科診療所,,088-655-3373,,,,,,shikoku/000490543.zip
歯科,36,0133878,みきゅう歯科,,088-669-6464,,,,,,shikoku/000490543.zip
歯科,36,0133886,三木歯科医院,,088-654-4453,,,,,,shikoku/000490543.zip
歯科,36,0133894,マキ歯科医院,,088-631-0136,,,,,,shikoku/000490543.zip
歯科,36,0133928,たなか歯科矯正クリニック,,088-668-3411,,,,,,shikoku/000490543.zip
歯科,36,0133944,伊藤歯科医院,,088-626-0841,,,,,,shikoku/000490543.zip
歯科,36,0133969,銀座みらい歯科医院,,088-656-4182,,,,,,shikoku/000490543.zip
歯科,36,0133977,城ノ内みはら歯科,,088-631-2818,,,,,,shikoku/000490543.zip
歯科,36,0134009,山内歯科医院,,088-625-1988,,,,,,shikoku/000490543.zip
歯科,36,0134033,板東歯科医院南昭和オフィス,,088-655-6471,,,,,,shikoku/000490543.zip
歯科,36,0134066,斎賀歯科医院,,088-652-0066,,,,,,shikoku/000490543.zip
歯科,36,0134082,杉本歯科医院,,088-662-0207,,,,,,shikoku/000490543.zip
歯科,36,0134108,斎藤歯科,,088-626-3335,,,,,,shikoku/000490543.zip
歯科,36,0134124,ア歯科島田診療所,,088-625-0551,,,,,,shikoku/000490543.zip
歯科,36,0134140,原歯科医院,,088-652-4717,,,,,,shikoku/000490543.zip
歯科,36,0134173,大庭矯正歯科,,088-624-3677,,,,,,shikoku/000490543.zip
歯科,36,0134215,こんどう歯科,,088-633-7695,,,,,,shikoku/000490543.zip
歯科,36,0134249,あいおい歯科医院,,088-641-1883,,,,,,shikoku/000490543.zip
歯科,36,0134264,小積歯科医院,,088-665-1212,,,,,,shikoku/000490543.zip
歯科,36,0134306,三木歯科,,088-665-5387,,,,,,shikoku/000490543.zip
歯科,36,0134314,こころ歯科,,088-625-5564,,,,,,shikoku/000490543.zip
歯科,36,0134330,はやし歯科口腔外科クリニック,,088-602-0840,,,,,,shikoku/000490543.zip
歯科,36,0134363,きりん歯科クリニック,,088-679-9299,,,,,,shikoku/000490543.zip
歯科,36,0134371,板東歯科医院八万オフィス,,088-679-4184,,,,,,shikoku/000490543.zip
歯科,36,0134397,なかしま歯科,,088-631-2125,,,,,,shikoku/000490543.zip
歯科,36,0134421,椿原歯科クリニック,,088-652-8110,,,,,,shikoku/000490543.zip
歯科,36,0134439,藤谷歯科,,088-626-1781,,,,,,shikoku/000490543.zip
歯科,36,0134447,石田歯科医院,,088-624-8217,,,,,,shikoku/000490543.zip
歯科,36,0134462,三ツ井歯科医院,,088-652-3826,,,,,,shikoku/000490543.zip
歯科,36,0134496,大塚歯科医院,,088-653-2424,,,,,,shikoku/000490543.zip
歯科,36,0134611,さむらデンタルクリニックマウス矯正歯科,,088-633-4182,,,,,,shikoku/000490543.zip
歯科,36,0134629,まつき歯科医院,,088-632-6684,,,,,,shikoku/000490543.zip
歯科,36,0134652,おおしお歯科医院,,088-643-1188,,,,,,shikoku/000490543.zip
歯科,36,0134660,西歯科医院,,088-665-5645,,,,,,shikoku/000490543.zip
歯科,36,0134686,ルミナスデンタルクリニックイオンモール徳島店,,088-676-2218,,,,,,shikoku/000490543.zip
歯科,36,0134694,庄野歯科医院,,088-602-8888,,,,,,shikoku/000490543.zip
歯科,36,0134710,沖浜デンタルクリニック,,088-678-8241,,,,,,shikoku/000490543.zip
歯科,36,0134736,喜多デンタルクリニック,,088-653-8040,,,,,,shikoku/000490543.zip
歯科,36,0134751,キースおとなこども歯科二軒屋,,088-676-4618,,,,,,shikoku/000490543.zip
歯科,36,0134777,フィール歯科クリニック,,088-602-7677,,,,,,shikoku/000490543.zip
歯科,36,0134827,あべ歯科医院,,088-642-1128,,,,,,shikoku/000490543.zip
歯科,36,0134843,スウェーデン歯科こくふ,,088-676-2546,,,,,,shikoku/000490543.zip
歯科,36,0134850,たまたに歯科口腔外科クリニック,,088-678-4182,,,,,,shikoku/000490543.zip
歯科,36,0134876,千代がまる歯科,,088-662-1125,,,,,,shikoku/000490543.zip
歯科,36,0134942,表原文江歯科,,088-625-6257,,,,,,shikoku/000490543.zip
歯科,36,0134967,ひまわり歯科,,088-669-6175,,,,,,shikoku/000490543.zip
歯科,36,0134975,医療法人社団佑健会　徳島問屋町ＫＴ歯科,,088-678-4618,,,,,,shikoku/000490543.zip
歯科,36,0134983,かもなはなまる歯科,,088-634-2022,,,,,,shikoku/000490543.zip
歯科,36,0134991,すずき歯科,,088-652-5552,,,,,,shikoku/000490543.zip
歯科,36,0135006,兼松歯科医院,,088-652-4623,,,,,,shikoku/000490543.zip
歯科,36,0135014,津田歯科医院,,088-654-5021,,,,,,shikoku/000490543.zip
歯科,36,0135030,かがやき歯科クリニック,,088-643-2418,,,,,,shikoku/000490543.zip
歯科,36,0135048,こうの歯科,,088-660-0774,,,,,,shikoku/000490543.zip
歯科,36,0135055,おかやま歯科,,088-635-7444,,,,,,shikoku/000490543.zip
歯科,36,0135063,ひかり歯科クリニック,,088-612-8241,,,,,,shikoku/000490543.zip
歯科,36,0135089,白神歯科,,088-623-2510,,,,,,shikoku/000490543.zip
歯科,36,0135105,にじいろ歯科クリニック,,088-645-2201,,,,,,shikoku/000490543.zip
歯科,36,0135113,ア歯科横田クリニック,,088-652-6565,,,,,,shikoku/000490543.zip
歯科,36,0135121,ささきデンタルクリニック,,088-635-2885,,,,,,shikoku/000490543.zip
歯科,36,0135139,仲之町ニコニコＫａｍＫａｍ歯科・矯正歯科,,088-623-6222,,,,,,shikoku/000490543.zip
歯科,36,0135147,南庄町こどもおとな歯科クリニック,,088-633-1783,,,,,,shikoku/000490543.zip
歯科,36,0135154,東山歯科医院,,088-633-8858,,,,,,shikoku/000490543.zip
歯科,36,0135162,こうだ歯科,,088-655-2625,,,,,,shikoku/000490543.zip
歯科,36,0135170,かねまつ歯科医院,,088-664-3112,,,,,,shikoku/000490543.zip
歯科,36,0135188,すみよし訪問歯科,,088-624-8936,,,,,,shikoku/000490543.zip
歯科,36,0135196,あわ歯科こども歯科クリニック,,088-652-0331,,,,,,shikoku/000490543.zip
歯科,36,0135204,いわさ矯正歯科,,088-624-8377,,,,,,shikoku/000490543.zip
歯科,36,0135212,常三島歯科口腔外科,,088-678-4417,,,,,,shikoku/000490543.zip
歯科,36,0135220,Ｌａｍｐ　Ｄｅｎｔａｌ　Ｃｌｉｎｉｃ,,088-679-8247,,,,,,shikoku/000490543.zip
歯科,36,0135238,おりはら歯科医院,,088-622-6052,,,,,,shikoku/000490543.zip
歯科,36,0135246,ほり歯科クリニック,,088-633-2335,,,,,,shikoku/000490543.zip
歯科,36,0135253,三谷ファミリー歯科クリニック,,088-676-4182,,,,,,shikoku/000490543.zip
歯科,36,0230138,原歯科クリニック,,088-685-2353,,,,,,shikoku/000490543.zip
歯科,36,0230161,元木歯科クリニック,,088-686-8844,,,,,,shikoku/000490543.zip
歯科,36,0230179,健生歯科なると,,088-685-4614,,,,,,shikoku/000490543.zip
歯科,36,0230187,和田歯科医院,,088-689-0026,,,,,,shikoku/000490543.zip
歯科,36,0230195,東洋歯科医院,,088-685-1251,,,,,,shikoku/000490543.zip
歯科,36,0230211,とみなが歯科医院,,088-688-1511,,,,,,shikoku/000490543.zip
歯科,36,0230237,小川歯科医院,,088-685-8555,,,,,,shikoku/000490543.zip
歯科,36,0230245,鳴門歯科,,088-685-7678,,,,,,shikoku/000490543.zip
歯科,36,0230799,佐々木歯科医院,,088-685-5122,,,,,,shikoku/000490543.zip
歯科,36,0230864,西條歯科医院,,088-686-3454,,,,,,shikoku/000490543.zip
歯科,36,0230880,石丸歯科医院,,088-689-1423,,,,,,shikoku/000490543.zip
歯科,36,0230930,奥野歯科医院,,088-686-8737,,,,,,shikoku/000490543.zip
歯科,36,0230963,しまだ歯科医院,,088-687-2355,,,,,,shikoku/000490543.zip
歯科,36,0230971,秋田歯科医院,,088-686-2096,,,,,,shikoku/000490543.zip
歯科,36,0230989,大浦歯科医院,,088-684-1727,,,,,,shikoku/000490543.zip
歯科,36,0230997,佐川歯科医院,,088-685-2761,,,,,,shikoku/000490543.zip
歯科,36,0231003,今井歯科医院,,088-684-2121,,,,,,shikoku/000490543.zip
歯科,36,0231029,中森歯科医院,,088-689-3099,,,,,,shikoku/000490543.zip
歯科,36,0231037,柳田歯科,,088-686-6480,,,,,,shikoku/000490543.zip
歯科,36,0231045,あき歯科医院,,088-683-7118,,,,,,shikoku/000490543.zip
歯科,36,0231060,徳元歯科医院,,088-684-0028,,,,,,shikoku/000490543.zip
歯科,36,0231128,益井歯科医院,,088-686-2337,,,,,,shikoku/000490543.zip
歯科,36,0231144,ホワイト歯科,,088-679-6405,,,,,,shikoku/000490543.zip
歯科,36,0231151,立本歯科医院,,088-685-0418,,,,,,shikoku/000490543.zip
歯科,36,0231169,高橋歯科,,088-686-8148,,,,,,shikoku/000490543.zip
歯科,36,0231177,岩佐歯科,,088-686-8118,,,,,,shikoku/000490543.zip
歯科,36,0231185,日下歯科医院,,088-686-6360,,,,,,shikoku/000490543.zip
歯科,36,0231193,はぐくみの森歯科クリニック,,088-683-5511,,,,,,shikoku/000490543.zip
歯科,36,0231201,佐賀歯科医院,,088-685-1306,,,,,,shikoku/000490543.zip
歯科,36,0330060,須原歯科医院,,0885-33-1331,,,,,,shikoku/000490543.zip
歯科,36,0330086,浦田歯科医院,,0885-32-6875,,,,,,shikoku/000490543.zip
歯科,36,0330094,木下歯科医院,,0885-33-0067,,,,,,shikoku/000490543.zip
歯科,36,0330102,喜多歯科医院,,0885-38-2165,,,,,,shikoku/000490543.zip
歯科,36,0330128,天真歯科矯正歯科,,0885-35-0118,,,,,,shikoku/000490543.zip
歯科,36,0330227,山之内歯科・口腔外科,,0885-35-2520,,,,,,shikoku/000490543.zip
歯科,36,0330235,山本歯科医院,,0885-32-0084,,,,,,shikoku/000490543.zip
歯科,36,0330664,中田歯科医院,,0885-32-8885,,,,,,shikoku/000490543.zip
歯科,36,0330789,福崎歯科医院,,0885-38-1567,,,,,,shikoku/000490543.zip
歯科,36,0330805,阿部歯科,,08853-8-0008,,,,,,shikoku/000490543.zip
歯科,36,0330839,佐川歯科,,08853-3-1464,,,,,,shikoku/000490543.zip
歯科,36,0330847,しもむら歯科医院,,08853-8-0353,,,,,,shikoku/000490543.zip
歯科,36,0330854,高木歯科医院,,08853-2-0675,,,,,,shikoku/000490543.zip
歯科,36,0330888,立江歯科,,0885-38-1160,,,,,,shikoku/000490543.zip
歯科,36,0330920,いしかわ歯科医院,,0885-39-8148,,,,,,shikoku/000490543.zip
歯科,36,0330938,山本歯科クリニック,,0885-33-2530,,,,,,shikoku/000490543.zip
歯科,36,0330946,医療法人社団佑健会　徳島小松島ＫＴ歯科,,0885-32-4618,,,,,,shikoku/000490543.zip
歯科,36,0330953,大守歯科医院,,0885-37-0352,,,,,,shikoku/000490543.zip
歯科,36,0330961,うおざと歯科,,0885-32-8840,,,,,,shikoku/000490543.zip
歯科,36,0430399,中野歯科,,0884-23-3807,,,,,,shikoku/000490543.zip
歯科,36,0430423,神原歯科,,0884-22-0144,,,,,,shikoku/000490543.zip
歯科,36,0430431,マツモト歯科医院,,0884-27-0112,,,,,,shikoku/000490543.zip
歯科,36,0430449,浜口歯科医院,,0884-23-0811,,,,,,shikoku/000490543.zip
歯科,36,0430456,宮本歯科クリニック,,0884-23-0180,,,,,,shikoku/000490543.zip
歯科,36,0430464,岡本歯科,,0884-23-5511,,,,,,shikoku/000490543.zip
歯科,36,0430472,タナベ歯科医院,,0884-44-6488,,,,,,shikoku/000490543.zip
歯科,36,0430480,ゆう歯科クリニック,,0884-21-2516,,,,,,shikoku/000490543.zip
歯科,36,0430498,八幡歯科医院,,0884-44-6480,,,,,,shikoku/000490543.zip
歯科,36,0430688,久米歯科医院,,0884-22-5806,,,,,,shikoku/000490543.zip
歯科,36,0430704,モリ歯科診療所,,0884-22-9575,,,,,,shikoku/000490543.zip
歯科,36,0430746,岩橋歯科医院,,0884-26-0821,,,,,,shikoku/000490543.zip
歯科,36,0430787,吉岡歯科医院,,0884-27-3373,,,,,,shikoku/000490543.zip
歯科,36,0430795,岩浅歯科医院,,0884-22-0677,,,,,,shikoku/000490543.zip
歯科,36,0430845,田中歯科,,0884-22-6767,,,,,,shikoku/000490543.zip
歯科,36,0430894,木本歯科,,0884-34-3122,,,,,,shikoku/000490543.zip
歯科,36,0430985,仁木歯科医院,,0884-22-0937,,,,,,shikoku/000490543.zip
歯科,36,0431017,上田歯科医院,,0884-44-6060,,,,,,shikoku/000490543.zip
歯科,36,0431025,島田歯科医院,,0884-42-3077,,,,,,shikoku/000490543.zip
歯科,36,0431033,わたなべ歯科,,0884-42-1122,,,,,,shikoku/000490543.zip
歯科,36,0431066,木本歯科医院,,0884-23-0773,,,,,,shikoku/000490543.zip
歯科,36,0431074,富塚歯科医院,,0884-44-2580,,,,,,shikoku/000490543.zip
歯科,36,0431082,井坂歯科医院,,0884-22-0925,,,,,,shikoku/000490543.zip
歯科,36,0432015,森歯科医院,,0884-22-0562,,,,,,shikoku/000490543.zip
歯科,36,0432023,あずま歯科クリニック,,0884-21-8855,,,,,,shikoku/000490543.zip
歯科,36,0432031,たにむら歯科矯正歯科,,0884-23-4618,,,,,,shikoku/000490543.zip
歯科,36,0432056,神田歯科医院,,0884-22-0378,,,,,,shikoku/000490543.zip
歯科,36,0432064,くに歯科クリニック,,0884-24-7707,,,,,,shikoku/000490543.zip
歯科,36,0432080,吉田歯科医院,,0884-27-0154,,,,,,shikoku/000490543.zip
歯科,36,0432098,くろさわ歯科,,0884-49-3355,,,,,,shikoku/000490543.zip
歯科,36,0432106,なかがわ歯科,,0884-23-6558,,,,,,shikoku/000490543.zip
歯科,36,0432114,ｆ歯科あらたの,,0884-49-5444,,,,,,shikoku/000490543.zip
歯科,36,0530016,吉岡歯科医院,,0883-52-0415,,,,,,shikoku/000490543.zip
歯科,36,0530024,井上歯科医院,,0883-52-1532,,,,,,shikoku/000490543.zip
歯科,36,0530057,美馬市国民健康保険木屋平歯科診療所,,0883-68-2648,,,,,,shikoku/000490543.zip
歯科,36,0532038,大野歯科医院,,0883-52-5355,,,,,,shikoku/000490543.zip
歯科,36,0532046,尾方歯科医院,,0883-53-8011,,,,,,shikoku/000490543.zip
歯科,36,0532103,三宅歯科医院,,0883-53-6933,,,,,,shikoku/000490543.zip
歯科,36,0532111,佐藤歯科医院,,0883-52-2204,,,,,,shikoku/000490543.zip
歯科,36,0532129,中川歯科医院,,0883-55-2115,,,,,,shikoku/000490543.zip
歯科,36,0532137,しのはら歯科,,0883-52-8088,,,,,,shikoku/000490543.zip
歯科,36,0532145,奈良井歯科医院,,0883-52-0868,,,,,,shikoku/000490543.zip
歯科,36,0532152,ハローデンタルクリニック,,0883-52-1881,,,,,,shikoku/000490543.zip
歯科,36,0532160,すずらん歯科,,0883-53-8113,,,,,,shikoku/000490543.zip
歯科,36,0532178,ほそかわ歯科クリニック,,0883-53-8211,,,,,,shikoku/000490543.zip
歯科,36,0532186,川原歯科医院,,0883-63-5560,,,,,,shikoku/000490543.zip
歯科,36,0532194,中野歯科医院,美馬市穴吹町穴吹字李１－１,0883-53-6777,中野　裕元,中野　裕元,歯　小歯　歯外,,令8. 7. 1,shikoku/000490523.zip
歯科,36,0630022,近藤歯科医院,,0883-76-3118,,,,,,shikoku/000490543.zip
歯科,36,0630030,三好市国民健康保険東祖谷歯科診療所,,0883-88-2022,,,,,,shikoku/000490543.zip
歯科,36,0630048,たおか歯科クリニック,,0883-77-3366,,,,,,shikoku/000490543.zip
歯科,36,0632028,池田中央歯科医院,,0883-72-1330,,,,,,shikoku/000490543.zip
歯科,36,0632036,阿佐歯科西井川診療所,,0883-72-5353,,,,,,shikoku/000490543.zip
歯科,36,0632044,影本歯科医院,,0883-72-0870,,,,,,shikoku/000490543.zip
歯科,36,0632051,田村歯科クリニック,,0883-77-3365,,,,,,shikoku/000490543.zip
歯科,36,0632069,徳善歯科クリニック,,0883-72-4558,,,,,,shikoku/000490543.zip
歯科,36,0632085,田岡歯科医院,,0883-86-2182,,,,,,shikoku/000490543.zip
歯科,36,0632119,ひはら歯科医院,,0883-72-4118,,,,,,shikoku/000490543.zip
歯科,36,0632143,ＴＡＯＫＡ　ｄｅｎｔａｌ　ｃｌｉｎｉｃ,,0883-87-9131,,,,,,shikoku/000490543.zip
歯科,36,0632150,佐々木歯科医院,,0883-72-3737,,,,,,shikoku/000490543.zip
歯科,36,1030016,大井歯科クリニック,,0885-42-4475,,,,,,shikoku/000490543.zip
歯科,36,1030552,中田歯科医院,,08854-2-2075,,,,,,shikoku/000490543.zip
歯科,36,1230012,山田歯科医院,,088-676-0024,,,,,,shikoku/000490543.zip
歯科,36,1230020,佐久間歯科医院,,088-674-7438,,,,,,shikoku/000490543.zip
歯科,36,1230038,ミント歯科クリニック,,088-674-0064,,,,,,shikoku/000490543.zip
歯科,36,1230046,井上歯科医院,,088-674-1771,,,,,,shikoku/000490543.zip
歯科,36,1230624,福田歯科医院,,088-676-0328,,,,,,shikoku/000490543.zip
歯科,36,1230665,高瀬歯科医院,,088-674-7100,,,,,,shikoku/000490543.zip
歯科,36,1230681,山口歯科,,088-675-0118,,,,,,shikoku/000490543.zip
歯科,36,1230731,福原歯科医院,,088-674-8758,,,,,,shikoku/000490543.zip
歯科,36,1230764,宮本歯科,,088-674-9245,,,,,,shikoku/000490543.zip
歯科,36,1230772,かさい歯科医院,,088-674-9393,,,,,,shikoku/000490543.zip
歯科,36,1230780,しばた歯科,,088-674-7117,,,,,,shikoku/000490543.zip
歯科,36,1230798,平田歯科医院,,088-637-4646,,,,,,shikoku/000490543.zip
歯科,36,1230806,浜崎歯科医院,,088-675-1180,,,,,,shikoku/000490543.zip
歯科,36,1230822,さとう歯科,,088-675-3666,,,,,,shikoku/000490543.zip
歯科,36,1230848,松岡歯科医院,,088-674-0168,,,,,,shikoku/000490543.zip
歯科,36,1230855,おおぐり歯科,,088-674-8200,,,,,,shikoku/000490543.zip
歯科,36,1230863,ＣＯＣＯ歯科,,088-676-0948,,,,,,shikoku/000490543.zip
歯科,36,1230871,わきかわ歯科,,088-674-6915,,,,,,shikoku/000490543.zip
歯科,36,1230897,そのだ歯科医院,,088-678-7310,,,,,,shikoku/000490543.zip
歯科,36,1230913,田村歯科医院,,088-674-6767,,,,,,shikoku/000490543.zip
歯科,36,1230921,レーヴェデンタルクリニック,,088-677-7557,,,,,,shikoku/000490543.zip
歯科,36,1330663,村田歯科医院相生診療所,,0884-62-3155,,,,,,shikoku/000490543.zip
歯科,36,1330796,中原歯科医院,,0884-62-1181,,,,,,shikoku/000490543.zip
歯科,36,1430018,ささき歯科医院,,0884-76-3478,,,,,,shikoku/000490543.zip
歯科,36,1430026,Ｋ’ｓデンタルクリニック,,0884-70-1215,,,,,,shikoku/000490543.zip
歯科,36,1430711,近藤歯科医院,,0884-72-3123,,,,,,shikoku/000490543.zip
歯科,36,1430729,野口歯科医院,,0884-77-1233,,,,,,shikoku/000490543.zip
歯科,36,1430752,ヒロタ歯科医院,,0884-73-3681,,,,,,shikoku/000490543.zip
歯科,36,1430760,井出歯科医院,,0884-78-0141,,,,,,shikoku/000490543.zip
歯科,36,1430794,ほり歯科医院,,0884-72-2000,,,,,,shikoku/000490543.zip
歯科,36,1430802,勝瀬歯科医院,,0884-77-0030,,,,,,shikoku/000490543.zip
歯科,36,1430810,シシクイデンタルクリニック,,0884-76-1110,,,,,,shikoku/000490543.zip
歯科,36,1430844,やまいし歯科医院,,0884-73-1576,,,,,,shikoku/000490543.zip
歯科,36,1430851,前川歯科医院,,0884-76-3858,,,,,,shikoku/000490543.zip
歯科,36,1430869,中西歯科医院,,0884-72-1075,,,,,,shikoku/000490543.zip
歯科,36,1530205,納田歯科医院,,088-694-5511,,,,,,shikoku/000490543.zip
歯科,36,1530296,あい歯科,,088-692-7887,,,,,,shikoku/000490543.zip
歯科,36,1530312,安達歯科,,088-698-2227,,,,,,shikoku/000490543.zip
歯科,36,1530320,おおさわ歯科医院,,088-641-4216,,,,,,shikoku/000490543.zip
歯科,36,1530346,かず歯科,,088-672-7757,,,,,,shikoku/000490543.zip
歯科,36,1530353,ぬまたデンタルクリニック,,088-697-3455,,,,,,shikoku/000490543.zip
歯科,36,1530361,松本歯科小児矯正歯科医院,,088-693-3525,,,,,,shikoku/000490543.zip
歯科,36,1530379,コスモスデンタルクリニック,,088-693-4182,,,,,,shikoku/000490543.zip
歯科,36,1530387,濵デンタルオフィス,,088-692-5566,,,,,,shikoku/000490543.zip
歯科,36,1530395,たかせ歯科医院,,088-699-8111,,,,,,shikoku/000490543.zip
歯科,36,1530403,枡富歯科医院,,088-692-2525,,,,,,shikoku/000490543.zip
歯科,36,1530411,高田歯科クリニック,,088-698-0555,,,,,,shikoku/000490543.zip
歯科,36,1530429,アイル歯科クリニック,,088-697-3718,,,,,,shikoku/000490543.zip
歯科,36,1530445,藤崎矯正歯科クリニック,,088-698-0919,,,,,,shikoku/000490543.zip
歯科,36,1530452,ユアサ歯科,,088-679-4618,,,,,,shikoku/000490543.zip
歯科,36,1530460,ひろせ歯科医院,,088-672-6480,,,,,,shikoku/000490543.zip
歯科,36,1531039,仁木歯科医院,,088-699-6714,,,,,,shikoku/000490543.zip
歯科,36,1531112,倉橋歯科医院,,088-698-0541,,,,,,shikoku/000490543.zip
歯科,36,1531161,さいじょう歯科,,088-692-0180,,,,,,shikoku/000490543.zip
歯科,36,1531237,加地歯科医院,,088-698-1522,,,,,,shikoku/000490543.zip
歯科,36,1531245,きしの歯科,,088-699-8585,,,,,,shikoku/000490543.zip
歯科,36,1531260,あだち歯科医院,,088-694-2013,,,,,,shikoku/000490543.zip
歯科,36,1531286,北島歯科,,088-698-6003,,,,,,shikoku/000490543.zip
歯科,36,1531344,よしおか歯科,,088-699-0525,,,,,,shikoku/000490543.zip
歯科,36,1531351,堺歯科医院,,088-698-0222,,,,,,shikoku/000490543.zip
歯科,36,1531369,ファミリーデンタルクリニック,,088-697-2118,,,,,,shikoku/000490543.zip
歯科,36,1531377,齋賀歯科医院,,088-698-2516,,,,,,shikoku/000490543.zip
歯科,36,1531385,田渕歯科医院,,088-694-7191,,,,,,shikoku/000490543.zip
歯科,36,1531393,稲富歯科医院,,088-672-0005,,,,,,shikoku/000490543.zip
歯科,36,1531427,福井デンタルクリニック,,088-677-8288,,,,,,shikoku/000490543.zip
歯科,36,1531443,コウケン歯科,,088-692-8841,,,,,,shikoku/000490543.zip
歯科,36,1531484,ほんな歯科クリニック,,088-694-2104,,,,,,shikoku/000490543.zip
歯科,36,1531492,浜歯科,,088-679-7007,,,,,,shikoku/000490543.zip
歯科,36,1531534,六歯科医院,,088-694-7533,,,,,,shikoku/000490543.zip
歯科,36,1531559,森歯科医院,,088-641-2333,,,,,,shikoku/000490543.zip
歯科,36,1531567,そがわ歯科,,088-678-4184,,,,,,shikoku/000490543.zip
歯科,36,1531575,さとう歯科医院,,088-698-8188,,,,,,shikoku/000490543.zip
歯科,36,1531583,堤歯科,,088-672-1255,,,,,,shikoku/000490543.zip
歯科,36,1531591,斎藤歯科医院,,088-678-4337,,,,,,shikoku/000490543.zip
歯科,36,1531609,天山歯科医院,,088-694-2105,,,,,,shikoku/000490543.zip
歯科,36,1531617,村上歯科医院,,088-698-2437,,,,,,shikoku/000490543.zip
歯科,36,1531625,瀧歯科・歯科口腔外科医院,,088-698-2350,,,,,,shikoku/000490543.zip
歯科,36,1531641,キースおとなこども歯科　北島,,088-679-1300,,,,,,shikoku/000490543.zip
歯科,36,1531658,谷歯科医院,,088-699-8148,,,,,,shikoku/000490543.zip
歯科,36,1531666,タカデンタルクリニック,,088-676-3182,,,,,,shikoku/000490543.zip
歯科,36,1531674,かながわ歯科クリニック,,088-676-4880,,,,,,shikoku/000490543.zip
歯科,36,1531682,猪子歯科,,088-692-7668,,,,,,shikoku/000490543.zip
歯科,36,1531708,あさがお歯科医院,,088-635-1619,,,,,,shikoku/000490543.zip
歯科,36,1531716,いろはデンタルクリニック,,088-678-8011,,,,,,shikoku/000490543.zip
歯科,36,1531724,多田歯科・矯正歯科,,088-692-8217,,,,,,shikoku/000490543.zip
歯科,36,1531732,けい歯科クリニック,,088-693-3338,,,,,,shikoku/000490543.zip
歯科,36,1630021,岩脇歯科医院,,0883-36-5550,,,,,,shikoku/000490543.zip
歯科,36,1630039,安田歯科,,0883-35-7111,,,,,,shikoku/000490543.zip
歯科,36,1630047,根東歯科医院,,0883-35-6480,,,,,,shikoku/000490543.zip
歯科,36,1630054,阿部歯科医院,,088-695-4921,,,,,,shikoku/000490543.zip
歯科,36,1630062,福島歯科医院,,088-696-2018,,,,,,shikoku/000490543.zip
歯科,36,1630070,大塚歯科医院,,088-695-3055,,,,,,shikoku/000490543.zip
歯科,36,1630088,こんどう歯科クリニック,,0883-36-2288,,,,,,shikoku/000490543.zip
歯科,36,1630674,稲井歯科医院,,0883-36-5858,,,,,,shikoku/000490543.zip
歯科,36,1630716,十川歯科クリニック,,0883-35-7444,,,,,,shikoku/000490543.zip
歯科,36,1630724,新藤歯科,,0883-36-3637,,,,,,shikoku/000490543.zip
歯科,36,1630757,中西歯科医院,,088-696-4801,,,,,,shikoku/000490543.zip
歯科,36,1630765,じゅん歯科医院,,088-695-5333,,,,,,shikoku/000490543.zip
歯科,36,1630773,スマイル歯科,,088-695-5099,,,,,,shikoku/000490543.zip
歯科,36,1630781,よこやま歯科,,088-696-5805,,,,,,shikoku/000490543.zip
歯科,36,1630799,へいしま歯科ファミリークリニック,,0883-35-8020,,,,,,shikoku/000490543.zip
歯科,36,1630807,ほそかわ歯科医院,,088-696-5541,,,,,,shikoku/000490543.zip
歯科,36,1630815,にしむら歯科医院,,0883-35-6355,,,,,,shikoku/000490543.zip
歯科,36,1630823,大塚歯科医院,,0883-35-6141,,,,,,shikoku/000490543.zip
歯科,36,1730243,杉山歯科医院,,0883-25-4184,,,,,,shikoku/000490543.zip
歯科,36,1730250,谷本歯科医院,,0883-42-2069,,,,,,shikoku/000490543.zip
歯科,36,1730284,瀬尾歯科医院,,0883-24-8200,,,,,,shikoku/000490543.zip
歯科,36,1730292,川井歯科,,0883-24-8436,,,,,,shikoku/000490543.zip
歯科,36,1730300,モロタニ歯科,,0883-24-6474,,,,,,shikoku/000490543.zip
歯科,36,1730318,飛梅歯科医院,,0883-24-0517,,,,,,shikoku/000490543.zip
歯科,36,1730334,さとう歯科医院,,0883-22-0888,,,,,,shikoku/000490543.zip
歯科,36,1730359,きりの歯科クリニック,,0883-24-5151,,,,,,shikoku/000490543.zip
歯科,36,1730367,井上歯科医院,,0883-24-8501,,,,,,shikoku/000490543.zip
歯科,36,1730383,多田歯科医院,,0883-24-9222,,,,,,shikoku/000490543.zip
歯科,36,1730763,近藤歯科医院,,0883-42-2121,,,,,,shikoku/000490543.zip
歯科,36,1730821,石田歯科医院,,0883-24-4348,,,,,,shikoku/000490543.zip
歯科,36,1730888,近藤歯科医院,,0883-24-2822,,,,,,shikoku/000490543.zip
歯科,36,1730896,松本歯科クリニック,,0883-42-6488,,,,,,shikoku/000490543.zip
歯科,36,1730912,前坂歯科医院,,0883-25-4888,,,,,,shikoku/000490543.zip
歯科,36,1730953,山本歯科医院,,0883-42-6474,,,,,,shikoku/000490543.zip
歯科,36,1730979,岡本歯科,,0883-25-3970,,,,,,shikoku/000490543.zip
歯科,36,1730995,まつうら歯科クリニック,,0883-22-1555,,,,,,shikoku/000490543.zip
歯科,36,1731001,うらやま歯科医院,,0883-24-0009,,,,,,shikoku/000490543.zip
歯科,36,1731035,アップル歯科・小児歯科クリニック,,0883-25-6480,,,,,,shikoku/000490543.zip
歯科,36,1731043,やまさきデンタルクリニック,,0883-36-1512,,,,,,shikoku/000490543.zip
歯科,36,1731050,和田歯科クリニック,,0883-24-2336,,,,,,shikoku/000490543.zip
歯科,36,1830951,武田歯科医院,,0883-62-2218,,,,,,shikoku/000490543.zip
歯科,36,1830969,笠原歯科クリニック,,0883-62-5188,,,,,,shikoku/000490543.zip
歯科,36,1831074,美馬歯科医院,,0883-62-2252,,,,,,shikoku/000490543.zip
歯科,36,1930017,大久保歯科医院,,0883-82-2019,,,,,,shikoku/000490543.zip
歯科,36,1930066,新田歯科クリニック,,0883-76-5454,,,,,,shikoku/000490543.zip
歯科,36,1930744,井原歯科医院,,0883-82-2624,,,,,,shikoku/000490543.zip
歯科,36,1930876,武田歯科医院,,0883-82-4718,,,,,,shikoku/000490543.zip
歯科,36,1930884,秋田歯科医院,,0883-79-2030,,,,,,shikoku/000490543.zip
歯科,36,1930975,松浦歯科クリニック,,0883-82-6155,,,,,,shikoku/000490543.zip
歯科,36,1930991,曽我部歯科医院,,0883-76-5511,,,,,,shikoku/000490543.zip
歯科,36,1931023,きとう歯科医院,,0883-82-6388,,,,,,shikoku/000490543.zip
薬局,36,0140012,つるがや薬局,,088-622-4027,,,,,,shikoku/000490544.zip
薬局,36,0140145,郡茂薬局,,088-652-5539,,,,,,shikoku/000490544.zip
薬局,36,0140772,調剤薬局マツダ沖浜店,,088-625-3361,,,,,,shikoku/000490544.zip
薬局,36,0140814,ぐんも調剤薬局,,088-668-8139,,,,,,shikoku/000490544.zip
薬局,36,0140822,三谷薬局渭北店,,088-622-1570,,,,,,shikoku/000490544.zip
薬局,36,0140871,県庁前サザン薬局,,088-626-6571,,,,,,shikoku/000490544.zip
薬局,36,0140970,サザン調剤薬局津田,,088-636-1125,,,,,,shikoku/000490544.zip
薬局,36,0141952,サトウ薬局,,088-653-3077,,,,,,shikoku/000490544.zip
薬局,36,0142034,タキヤ薬局,,088-623-5683,,,,,,shikoku/000490544.zip
薬局,36,0142042,庄野薬局,,088-625-8130,,,,,,shikoku/000490544.zip
薬局,36,0142075,天心堂薬局,,088-669-3931,,,,,,shikoku/000490544.zip
薬局,36,0142273,赤澤薬局,,088-652-2763,,,,,,shikoku/000490544.zip
薬局,36,0142323,ミマ薬局,,088-642-7566,,,,,,shikoku/000490544.zip
薬局,36,0142638,クエリ調剤薬局,,088-657-0918,,,,,,shikoku/000490544.zip
薬局,36,0142646,森の熊さん調剤薬局,,088-652-5060,,,,,,shikoku/000490544.zip
薬局,36,0144006,サザン調剤薬局城南,,088-657-2508,,,,,,shikoku/000490544.zip
薬局,36,0144022,論田調剤薬局,,088-636-1189,,,,,,shikoku/000490544.zip
薬局,36,0144063,井上調剤薬局田宮店,,088-632-8253,,,,,,shikoku/000490544.zip
薬局,36,0144147,ぐんも調剤薬局市民病院前店,,088-622-8350,,,,,,shikoku/000490544.zip
薬局,36,0144154,常三島調剤薬局,,088-657-3955,,,,,,shikoku/000490544.zip
薬局,36,0144246,ぐんも調剤薬局県中店,,088-657-3132,,,,,,shikoku/000490544.zip
薬局,36,0144279,さこ調剤薬局,,088-611-2170,,,,,,shikoku/000490544.zip
薬局,36,0144287,くどう薬局,,088-625-6644,,,,,,shikoku/000490544.zip
薬局,36,0144394,ハート調剤薬局名東店,,088-637-0508,,,,,,shikoku/000490544.zip
薬局,36,0144402,森本薬局富田橋店,,088-623-7796,,,,,,shikoku/000490544.zip
薬局,36,0144410,トマト調剤薬局名東店,,088-634-3165,,,,,,shikoku/000490544.zip
薬局,36,0144535,ひつじ調剤薬局,,088-611-7081,,,,,,shikoku/000490544.zip
薬局,36,0144576,オリオン調剤薬局北田宮店,,088-634-4817,,,,,,shikoku/000490544.zip
薬局,36,0144600,坂東大正堂薬局国道店,,088-642-0976,,,,,,shikoku/000490544.zip
薬局,36,0144634,井上調剤薬局城北店,,088-637-0641,,,,,,shikoku/000490544.zip
薬局,36,0144675,中洲時計台調剤薬局,,088-626-9988,,,,,,shikoku/000490544.zip
薬局,36,0144691,薬局エコファーマシー,,088-634-1815,,,,,,shikoku/000490544.zip
薬局,36,0144709,スマイル調剤薬局鮎喰店,,088-634-3450,,,,,,shikoku/000490544.zip
薬局,36,0144717,ダイヤ薬局国府店,,088-643-2866,,,,,,shikoku/000490544.zip
薬局,36,0144733,ありす調剤薬局,,088-634-1191,,,,,,shikoku/000490544.zip
薬局,36,0144741,鈴鈴薬局,,088-632-5483,,,,,,shikoku/000490544.zip
薬局,36,0144758,サザン調剤薬局城東,,088-657-2386,,,,,,shikoku/000490544.zip
薬局,36,0144766,徳島中央調剤薬局,,088-626-1722,,,,,,shikoku/000490544.zip
薬局,36,0144774,調剤薬局ドレミファーマシー,,088-611-4888,,,,,,shikoku/000490544.zip
薬局,36,0144824,クローバー調剤薬局伊賀店,,088-602-0071,,,,,,shikoku/000490544.zip
薬局,36,0144832,スマイル調剤薬局国府南店,,088-643-2328,,,,,,shikoku/000490544.zip
薬局,36,0144873,サクライ薬局,,088-668-5375,,,,,,shikoku/000490544.zip
薬局,36,0144881,トマト調剤薬局末広店,,088-652-7171,,,,,,shikoku/000490544.zip
薬局,36,0144931,チャーリー薬局沖浜店,,088-655-3211,,,,,,shikoku/000490544.zip
薬局,36,0144964,あすなろ調剤薬局応神,,088-677-5633,,,,,,shikoku/000490544.zip
薬局,36,0144980,ひかり薬局山城店,,088-677-7575,,,,,,shikoku/000490544.zip
薬局,36,0145003,ひかり薬局八万店,,088-677-7373,,,,,,shikoku/000490544.zip
薬局,36,0145011,住吉さくらんぼ薬局,,088-657-7212,,,,,,shikoku/000490544.zip
薬局,36,0145060,アップル調剤薬局津田店,,088-677-7031,,,,,,shikoku/000490544.zip
薬局,36,0145078,アップル調剤薬局徳大店,,088-634-1327,,,,,,shikoku/000490544.zip
薬局,36,0145094,オリーブ薬局沖浜店,,088-677-8680,,,,,,shikoku/000490544.zip
薬局,36,0145110,調剤薬局るる,,088-623-5186,,,,,,shikoku/000490544.zip
薬局,36,0145128,北常三島調剤薬局,,088-655-0666,,,,,,shikoku/000490544.zip
薬局,36,0145169,ハッピー薬局,,088-677-5770,,,,,,shikoku/000490544.zip
薬局,36,0145193,ファルコ薬局徳島駅前店,,088-677-4088,,,,,,shikoku/000490544.zip
薬局,36,0145201,城南調剤薬局,,088-645-4755,,,,,,shikoku/000490544.zip
薬局,36,0145227,トマト調剤薬局八万店,,088-678-7600,,,,,,shikoku/000490544.zip
薬局,36,0145243,オブリージュ調剤薬局,,088-678-7660,,,,,,shikoku/000490544.zip
薬局,36,0145250,加地薬局南店,,088-678-6739,,,,,,shikoku/000490544.zip
薬局,36,0145268,オリオン調剤薬局安宅店,,088-635-5170,,,,,,shikoku/000490544.zip
薬局,36,0145284,スマイル調剤薬局佐古店,,088-657-4822,,,,,,shikoku/000490544.zip
薬局,36,0145292,そうごう薬局矢三店,,088-634-1531,,,,,,shikoku/000490544.zip
薬局,36,0145300,ひかり薬局国府店,,088-678-5107,,,,,,shikoku/000490544.zip
薬局,36,0145359,西須賀調剤薬局,,088-669-6565,,,,,,shikoku/000490544.zip
薬局,36,0145383,三谷調剤薬局中昭和町店,,088-602-1110,,,,,,shikoku/000490544.zip
薬局,36,0145391,三谷調剤薬局佐古店,,088-611-3435,,,,,,shikoku/000490544.zip
薬局,36,0145409,アピス新町薬局,,088-678-8850,,,,,,shikoku/000490544.zip
薬局,36,0145417,スマイル調剤薬局健康館,,088-678-9981,,,,,,shikoku/000490544.zip
薬局,36,0145433,ファルコはやぶさ薬局佐古店,,088-678-8911,,,,,,shikoku/000490544.zip
薬局,36,0145441,トマト調剤薬局千代ヶ丸店,,088-678-8401,,,,,,shikoku/000490544.zip
薬局,36,0145482,あひる調剤薬局,,088-624-0782,,,,,,shikoku/000490544.zip
薬局,36,0145490,ひかり薬局城東店,,088-678-8531,,,,,,shikoku/000490544.zip
薬局,36,0145508,ぐんも調剤薬局佐古東店,,088-657-5139,,,,,,shikoku/000490544.zip
薬局,36,0145516,アップル調剤薬局庄町店,,088-678-6425,,,,,,shikoku/000490544.zip
薬局,36,0145524,徳島県薬剤師会調剤薬局,,088-626-5011,,,,,,shikoku/000490544.zip
薬局,36,0145557,にけんや薬局,,088-654-3373,,,,,,shikoku/000490544.zip
薬局,36,0145573,三愛薬局蔵本支店,,088-679-7781,,,,,,shikoku/000490544.zip
薬局,36,0145599,ひかり薬局調剤センター,,088-679-9761,,,,,,shikoku/000490544.zip
薬局,36,0145607,ハッピー薬局津田店,,088-663-2249,,,,,,shikoku/000490544.zip
薬局,36,0145615,エンゼル調剤薬局矢三店,,088-634-3818,,,,,,shikoku/000490544.zip
薬局,36,0145623,エンゼル調剤薬局三軒屋店,,088-669-6480,,,,,,shikoku/000490544.zip
薬局,36,0145631,三谷薬局,,088-679-7484,,,,,,shikoku/000490544.zip
薬局,36,0145649,大浦漢方堂薬局,,088-622-8417,,,,,,shikoku/000490544.zip
薬局,36,0145664,トマト調剤薬局応神店,,088-679-8691,,,,,,shikoku/000490544.zip
薬局,36,0145680,国府ドレミ調剤薬局,,088-643-1803,,,,,,shikoku/000490544.zip
薬局,36,0145706,国府調剤薬局,,088-642-0592,,,,,,shikoku/000490544.zip
薬局,36,0145722,すみれ調剤薬局,,088-679-8037,,,,,,shikoku/000490544.zip
薬局,36,0145730,南佐古ドレミ調剤薬局,,088-624-8338,,,,,,shikoku/000490544.zip
薬局,36,0145771,スマイル調剤薬局国府店,,088-643-2221,,,,,,shikoku/000490544.zip
薬局,36,0145789,スマイル調剤薬局東佐古店,,088-678-2600,,,,,,shikoku/000490544.zip
薬局,36,0145805,大松時計台調剤薬局,,088-678-2228,,,,,,shikoku/000490544.zip
薬局,36,0145813,アルゴ薬局,,088-679-1631,,,,,,shikoku/000490544.zip
薬局,36,0145839,新浜調剤薬局,,088-679-6661,,,,,,shikoku/000490544.zip
薬局,36,0145847,エンゼル調剤薬局徳島駅前店,,088-611-6665,,,,,,shikoku/000490544.zip
薬局,36,0145862,ひかり薬局中島田店,,088-678-6350,,,,,,shikoku/000490544.zip
薬局,36,0145870,キリン堂薬局田宮店,,088-634-2272,,,,,,shikoku/000490544.zip
薬局,36,0145888,佐古二番町調剤薬局,,088-678-4412,,,,,,shikoku/000490544.zip
薬局,36,0145896,すみれ調剤薬局なのは店,,088-678-8978,,,,,,shikoku/000490544.zip
薬局,36,0145904,ひかり薬局南島田店,,088-678-5801,,,,,,shikoku/000490544.zip
薬局,36,0145946,ありす調剤薬局蔵本１丁目店,,088-634-1119,,,,,,shikoku/000490544.zip
薬局,36,0145953,日本調剤佐古薬局,,088-679-6978,,,,,,shikoku/000490544.zip
薬局,36,0145961,アップル調剤薬局福島店,,088-676-4851,,,,,,shikoku/000490544.zip
薬局,36,0145979,アップル調剤薬局蔵本駅前店,,088-679-4760,,,,,,shikoku/000490544.zip
薬局,36,0145987,イオン薬局イオンスタイル徳島,,088-611-8400,,,,,,shikoku/000490544.zip
薬局,36,0146001,トマト調剤薬局入田店,,088-602-7671,,,,,,shikoku/000490544.zip
薬局,36,0146027,さくら調剤薬局末広店,,088-602-7375,,,,,,shikoku/000490544.zip
薬局,36,0146035,伊月調剤薬局,,088-602-7721,,,,,,shikoku/000490544.zip
薬局,36,0146043,エンゼル調剤薬局津田店,,088-676-2323,,,,,,shikoku/000490544.zip
薬局,36,0146092,エンゼル調剤薬局前川店,,088-624-9281,,,,,,shikoku/000490544.zip
薬局,36,0146100,ココロ調剤薬局,,088-624-8071,,,,,,shikoku/000490544.zip
薬局,36,0146118,トマト調剤薬局田宮店,,088-679-8200,,,,,,shikoku/000490544.zip
薬局,36,0146126,コスタ薬局,,088-612-7686,,,,,,shikoku/000490544.zip
薬局,36,0146134,クローバー調剤薬局城南店,,088-624-8863,,,,,,shikoku/000490544.zip
薬局,36,0146159,はな薬局新蔵店,,088-679-6387,,,,,,shikoku/000490544.zip
薬局,36,0146167,はじめ調剤薬局大原店,,088-661-3880,,,,,,shikoku/000490544.zip
薬局,36,0146175,国府池尻調剤薬局,,088-624-9993,,,,,,shikoku/000490544.zip
薬局,36,0146191,レデイ薬局佐古店,,088-602-0177,,,,,,shikoku/000490544.zip
薬局,36,0146209,アイン薬局徳島大学病院店,,088-631-6601,,,,,,shikoku/000490544.zip
薬局,36,0146217,一般財団法人厚仁会薬局,,088-633-0777,,,,,,shikoku/000490544.zip
薬局,36,0146241,エンゼル調剤薬局昭和店,,088-624-8363,,,,,,shikoku/000490544.zip
薬局,36,0146266,マック矢三調剤薬局,,088-634-0501,,,,,,shikoku/000490544.zip
薬局,36,0146274,ビザン薬品調剤薬局日赤２号店,,088-602-3335,,,,,,shikoku/000490544.zip
薬局,36,0146282,ココロ調剤薬局田宮店,,088-624-7307,,,,,,shikoku/000490544.zip
薬局,36,0146316,トマト薬局佐古店,,088-632-7321,,,,,,shikoku/000490544.zip
薬局,36,0146324,おとなこども薬局,,088-678-6201,,,,,,shikoku/000490544.zip
薬局,36,0146332,加地薬局市民病院前店,,088-676-3660,,,,,,shikoku/000490544.zip
薬局,36,0146340,ふじの木調剤薬局安宅店,,088-624-7767,,,,,,shikoku/000490544.zip
薬局,36,0146357,スマイル調剤薬局二軒屋店,,088-602-7552,,,,,,shikoku/000490544.zip
薬局,36,0146365,スマイル調剤薬局城南店,,088-678-6775,,,,,,shikoku/000490544.zip
薬局,36,0146373,スマイル調剤薬局渭東店,,088-657-6657,,,,,,shikoku/000490544.zip
薬局,36,0146399,加地薬局　東吉野店,,088-679-7318,,,,,,shikoku/000490544.zip
薬局,36,0146407,レデイ薬局　庄町店,,088-634-1170,,,,,,shikoku/000490544.zip
薬局,36,0146415,ありす調剤薬局　蔵本元町店,,088-634-5550,,,,,,shikoku/000490544.zip
薬局,36,0146431,コスモス調剤薬局,,088-652-9796,,,,,,shikoku/000490544.zip
薬局,36,0146449,ひかり漢方薬局,,088-679-7771,,,,,,shikoku/000490544.zip
薬局,36,0146456,ありす調剤薬局　南島田店,,088-632-1115,,,,,,shikoku/000490544.zip
薬局,36,0146464,そよかぜ薬局,,088-655-1574,,,,,,shikoku/000490544.zip
薬局,36,0146472,加地薬局眉山店,,088-679-4539,,,,,,shikoku/000490544.zip
薬局,36,0146498,アイ調剤薬局川内店,,088-637-1063,,,,,,shikoku/000490544.zip
薬局,36,0146506,キリン堂薬局　昭和店,,088-626-7705,,,,,,shikoku/000490544.zip
薬局,36,0146514,アイラ薬局,,088-676-3372,,,,,,shikoku/000490544.zip
薬局,36,0146522,アップル調剤薬局　島田店,,088-678-6831,,,,,,shikoku/000490544.zip
薬局,36,0146548,アイン薬局昭和町店,,088-602-2377,,,,,,shikoku/000490544.zip
薬局,36,0146555,アイン薬局上八万店,,088-678-2727,,,,,,shikoku/000490544.zip
薬局,36,0146563,あおぞら薬局　国府店,,088-643-0592,,,,,,shikoku/000490544.zip
薬局,36,0146571,わかば薬局,,088-662-0227,,,,,,shikoku/000490544.zip
薬局,36,0146589,レデイ薬局　沖浜店,,088-676-2801,,,,,,shikoku/000490544.zip
薬局,36,0146597,こあら薬局,,088-676-3061,,,,,,shikoku/000490544.zip
薬局,36,0146605,アイン薬局　中島田店,,088-634-3838,,,,,,shikoku/000490544.zip
薬局,36,0146621,スマイル調剤薬局　北佐古店,,088-676-2727,,,,,,shikoku/000490544.zip
薬局,36,0146639,ユニスマイル薬局　とくしま昭和町店,,088-623-8160,,,,,,shikoku/000490544.zip
薬局,36,0146647,ユニスマイル薬局　大野店,,088-669-6272,,,,,,shikoku/000490544.zip
薬局,36,0146654,ユニスマイル薬局　住吉店,,088-653-8388,,,,,,shikoku/000490544.zip
薬局,36,0146670,ユニスマイル薬局　やまと店,,088-612-0160,,,,,,shikoku/000490544.zip
薬局,36,0146688,ありす調剤薬局　中島田店,,088-632-7177,,,,,,shikoku/000490544.zip
薬局,36,0146696,ププレひまわり薬局　鮎喰店,,088-677-5712,,,,,,shikoku/000490544.zip
薬局,36,0146704,井上調剤薬局　城東店,,088-677-5034,,,,,,shikoku/000490544.zip
薬局,36,0146712,オブリージュ調剤薬局　佐古店,,088-677-9625,,,,,,shikoku/000490544.zip
薬局,36,0146720,井上調剤薬局　城南店,,088-676-3822,,,,,,shikoku/000490544.zip
薬局,36,0146738,スマイル調剤薬局　問屋町店,,088-612-7753,,,,,,shikoku/000490544.zip
薬局,36,0146746,薬局プラスワン　タクト店,,088-632-5052,,,,,,shikoku/000490544.zip
薬局,36,0146753,隆成堂調剤薬局,,088-633-5162,,,,,,shikoku/000490544.zip
薬局,36,0146761,きりん調剤薬局　山城店,,088-624-8157,,,,,,shikoku/000490544.zip
薬局,36,0146779,サンサン薬局　一番町店,,088-624-0237,,,,,,shikoku/000490544.zip
薬局,36,0240044,三愛薬局鳴門支店,,088-685-7925,,,,,,shikoku/000490544.zip
薬局,36,0240168,ぐんも調剤薬局鳴門店,,088-685-6619,,,,,,shikoku/000490544.zip
薬局,36,0240184,鳴門調剤薬局,,088-685-3900,,,,,,shikoku/000490544.zip
薬局,36,0240192,へるし～さとう薬局,,088-685-4970,,,,,,shikoku/000490544.zip
薬局,36,0240234,キリン堂薬局鳴門店,,088-684-4166,,,,,,shikoku/000490544.zip
薬局,36,0240309,うずしお調剤薬局,,088-684-4787,,,,,,shikoku/000490544.zip
薬局,36,0240317,たけ調剤薬局,,088-684-5630,,,,,,shikoku/000490544.zip
薬局,36,0240341,よしたけ調剤薬局板東店,,088-689-2185,,,,,,shikoku/000490544.zip
薬局,36,0240382,トマト調剤薬局大津店,,088-683-1930,,,,,,shikoku/000490544.zip
薬局,36,0240416,うずしお調剤薬局高島店,,088-687-0377,,,,,,shikoku/000490544.zip
薬局,36,0240457,レデイ薬局鳴門店,,088-684-3036,,,,,,shikoku/000490544.zip
薬局,36,0240473,ひかり薬局鳴門店,,088-678-5365,,,,,,shikoku/000490544.zip
薬局,36,0240499,たけ調剤薬局吉永店,,088-678-4193,,,,,,shikoku/000490544.zip
薬局,36,0240739,泉薬局,,088-686-4475,,,,,,shikoku/000490544.zip
薬局,36,0240754,山田調剤薬局,,088-686-7316,,,,,,shikoku/000490544.zip
薬局,36,0240846,キララ薬局,,088-685-8615,,,,,,shikoku/000490544.zip
薬局,36,0241018,三愛薬局斎田支店,,088-679-8755,,,,,,shikoku/000490544.zip
薬局,36,0241026,しのはら調剤薬局,,088-679-8571,,,,,,shikoku/000490544.zip
薬局,36,0241042,ひかり薬局鳴門北店,,088-602-7157,,,,,,shikoku/000490544.zip
薬局,36,0241067,加地薬局鳴門店,,088-679-1938,,,,,,shikoku/000490544.zip
薬局,36,0241075,あけぼの調剤薬局,,088-685-2166,,,,,,shikoku/000490544.zip
薬局,36,0241083,ハッピー薬局大津店,,088-678-8170,,,,,,shikoku/000490544.zip
薬局,36,0241091,マレー薬局,,088-678-8677,,,,,,shikoku/000490544.zip
薬局,36,0241109,スマイル調剤薬局大谷の里,,088-689-3755,,,,,,shikoku/000490544.zip
薬局,36,0241117,エンゼル調剤薬局　鳴門店,,088-679-7633,,,,,,shikoku/000490544.zip
薬局,36,0241125,ありす調剤薬局　鳴門店,,088-686-1119,,,,,,shikoku/000490544.zip
薬局,36,0241133,ハート調剤薬局　鳴門店,,088-676-3551,,,,,,shikoku/000490544.zip
薬局,36,0241141,三愛薬局大津支店,,088-661-6222,,,,,,shikoku/000490544.zip
薬局,36,0241158,河野薬局,,088-686-3225,,,,,,shikoku/000490544.zip
薬局,36,0241166,ひかり薬局　あきのかみ店,,088-677-3555,,,,,,shikoku/000490544.zip
薬局,36,0241174,健美堂おれんぢ薬局,,088-684-5474,,,,,,shikoku/000490544.zip
薬局,36,0340125,トマト調剤薬局立江店,,0885-38-1481,,,,,,shikoku/000490544.zip
薬局,36,0340190,ハート調剤薬局南小松島店,,0885-35-7220,,,,,,shikoku/000490544.zip
薬局,36,0340216,ツヅキ調剤薬局田浦店,,0885-35-0717,,,,,,shikoku/000490544.zip
薬局,36,0340273,しおかぜ調剤薬局,,0885-35-0843,,,,,,shikoku/000490544.zip
薬局,36,0340281,トマト調剤薬局横須店,,0885-32-8914,,,,,,shikoku/000490544.zip
薬局,36,0340307,すずらん薬局,,0885-35-0621,,,,,,shikoku/000490544.zip
薬局,36,0340315,アップル調剤薬局日赤店,,0885-32-8511,,,,,,shikoku/000490544.zip
薬局,36,0340323,やまもも調剤薬局日赤,,0885-35-0880,,,,,,shikoku/000490544.zip
薬局,36,0340356,トマト調剤薬局日赤店,,0885-34-0433,,,,,,shikoku/000490544.zip
薬局,36,0340398,日開野調剤薬局,,0885-38-6050,,,,,,shikoku/000490544.zip
薬局,36,0340406,ビザン薬品調剤薬局,,0885-35-1238,,,,,,shikoku/000490544.zip
薬局,36,0340422,サザン調剤薬局中田,,08853-5-0460,,,,,,shikoku/000490544.zip
薬局,36,0340430,しおかぜ調剤薬局駅前店,,0885-34-9310,,,,,,shikoku/000490544.zip
薬局,36,0340448,レデイ薬局羽ノ浦店,,0885-34-9578,,,,,,shikoku/000490544.zip
薬局,36,0340455,サザン調剤薬局金磯,,0885-34-9271,,,,,,shikoku/000490544.zip
薬局,36,0340745,ヒノミネ薬局,,0885-32-1418,,,,,,shikoku/000490544.zip
薬局,36,0340752,さとう調剤薬局,,0885-38-0470,,,,,,shikoku/000490544.zip
薬局,36,0340760,南小松島調剤薬局,,0885-38-9400,,,,,,shikoku/000490544.zip
薬局,36,0340778,おおざと薬局　坂野店,,0885-39-1207,,,,,,shikoku/000490544.zip
薬局,36,0340794,あおぞら薬局　小松島店,,0885-38-6212,,,,,,shikoku/000490544.zip
薬局,36,0340802,あおぞら薬局　中田店,,0885-38-6663,,,,,,shikoku/000490544.zip
薬局,36,0340810,ケアネス薬局,,088-535-0361,,,,,,shikoku/000490544.zip
薬局,36,0340828,トマト薬局　小松島バイパス店,,0885-38-7350,,,,,,shikoku/000490544.zip
薬局,36,0440040,近藤薬局,,0884-22-0195,,,,,,shikoku/000490544.zip
薬局,36,0440073,津乃峰薬局,,0884-27-0433,,,,,,shikoku/000490544.zip
薬局,36,0440222,ひまわり調剤薬局,,0884-22-7271,,,,,,shikoku/000490544.zip
薬局,36,0440255,大津薬局駅前本店,,0884-23-5536,,,,,,shikoku/000490544.zip
薬局,36,0440263,やまもも調剤薬局宝田,,0884-21-0388,,,,,,shikoku/000490544.zip
薬局,36,0440271,トマト調剤薬局見能林店,,0884-21-0825,,,,,,shikoku/000490544.zip
薬局,36,0440289,トマト調剤薬局日開野店,,0884-24-3850,,,,,,shikoku/000490544.zip
薬局,36,0440297,やまもも調剤薬局富岡,,0884-24-3255,,,,,,shikoku/000490544.zip
薬局,36,0440305,ぐんも調剤薬局橘店,,0884-28-1188,,,,,,shikoku/000490544.zip
薬局,36,0440321,トマト調剤薬局高専前店,,0884-24-6730,,,,,,shikoku/000490544.zip
薬局,36,0440354,アップル調剤薬局赤池店,,0884-42-4820,,,,,,shikoku/000490544.zip
薬局,36,0440370,アップル調剤薬局中島店,,0884-42-3796,,,,,,shikoku/000490544.zip
薬局,36,0440396,トマト調剤薬局宮倉店,,0884-21-8402,,,,,,shikoku/000490544.zip
薬局,36,0440412,はじめ調剤薬局富岡店,,0884-23-0201,,,,,,shikoku/000490544.zip
薬局,36,0440438,くるみ薬局,,0884-27-1081,,,,,,shikoku/000490544.zip
薬局,36,0440453,ハート調剤薬局羽ノ浦店,,0884-21-8610,,,,,,shikoku/000490544.zip
薬局,36,0440461,アップル調剤薬局学原店,,0884-24-7210,,,,,,shikoku/000490544.zip
薬局,36,0440487,内原調剤薬局,,0884-21-1277,,,,,,shikoku/000490544.zip
薬局,36,0440503,オリオン調剤薬局上中店,,0884-22-5226,,,,,,shikoku/000490544.zip
薬局,36,0440651,アナン薬局,,0884-23-0739,,,,,,shikoku/000490544.zip
薬局,36,0440677,富尾薬局,,0884-24-5855,,,,,,shikoku/000490544.zip
薬局,36,0441014,トマト調剤薬局才見店,,0884-24-9655,,,,,,shikoku/000490544.zip
薬局,36,0441022,アップル調剤薬局大野店,,0884-24-9865,,,,,,shikoku/000490544.zip
薬局,36,0441048,オリーブ薬局阿南店,,0884-24-9777,,,,,,shikoku/000490544.zip
薬局,36,0441055,ありす調剤薬局阿南店,,0884-23-1113,,,,,,shikoku/000490544.zip
薬局,36,0441063,阿南ドレミ調剤薬局,,0884-24-8833,,,,,,shikoku/000490544.zip
薬局,36,0441089,きりん調剤薬局羽ノ浦店,,0884-24-8107,,,,,,shikoku/000490544.zip
薬局,36,0441097,アップル調剤薬局　富岡店,,0884-24-9513,,,,,,shikoku/000490544.zip
薬局,36,0441105,羽ノ浦調剤薬局,,0884-24-8058,,,,,,shikoku/000490544.zip
薬局,36,0441113,おおざと薬局　羽ノ浦店,,0884-24-9073,,,,,,shikoku/000490544.zip
薬局,36,0441121,アイン薬局　阿南医療センター店,,0884-24-8360,,,,,,shikoku/000490544.zip
薬局,36,0441139,アップル調剤薬局　羽ノ浦店,,0884-28-9677,,,,,,shikoku/000490544.zip
薬局,36,0441147,おおざと薬局　阿南店,,0884-49-5483,,,,,,shikoku/000490544.zip
薬局,36,0441154,きりん調剤薬局　富岡店,,0884-28-6668,,,,,,shikoku/000490544.zip
薬局,36,0540088,サンコー調剤薬局猪尻店,,0883-55-0217,,,,,,shikoku/000490544.zip
薬局,36,0540104,トマト調剤薬局美馬店,,0883-55-2150,,,,,,shikoku/000490544.zip
薬局,36,0540138,アスカ薬局脇高前,,0883-53-2580,,,,,,shikoku/000490544.zip
薬局,36,0540153,サンコー調剤薬局本店,,0883-53-9222,,,,,,shikoku/000490544.zip
薬局,36,0540179,アスカ薬局,,0883-53-1711,,,,,,shikoku/000490544.zip
薬局,36,0540187,ハッピー薬局美馬店,,0883-63-6201,,,,,,shikoku/000490544.zip
薬局,36,0540195,トマト調剤薬局穴吹店,,0883-53-8071,,,,,,shikoku/000490544.zip
薬局,36,0540203,サンコー和漢薬局,美馬市脇町大字脇町７１４番地１,0883-53-2375,株式会社サンコーファーマシー　代表取締役　三好　博子,石川　洋子,,,平24. 12. 1,shikoku/000490525.zip
薬局,36,0540211,アスカ薬局駅,,0883-55-2090,,,,,,shikoku/000490544.zip
薬局,36,0542019,こうざい薬局,,0883-52-1593,,,,,,shikoku/000490544.zip
薬局,36,0542050,菜の花薬局,,0883-52-0361,,,,,,shikoku/000490544.zip
薬局,36,0542068,なな星調剤薬局,,0883-55-0707,,,,,,shikoku/000490544.zip
薬局,36,0640052,そうごう薬局銀座通店,,0883-76-0070,,,,,,shikoku/000490544.zip
薬局,36,0640060,サンコー調剤薬局三野店,,0883-76-2855,,,,,,shikoku/000490544.zip
薬局,36,0640078,ハッピー薬局三野店,,0883-76-2611,,,,,,shikoku/000490544.zip
薬局,36,0640136,にこにこ調剤薬局,,0883-74-1663,,,,,,shikoku/000490544.zip
薬局,36,0640151,スマイル調剤薬局池田店,,0883-87-8885,,,,,,shikoku/000490544.zip
薬局,36,0640169,宮ノ前調剤薬局,,0883-76-4557,,,,,,shikoku/000490544.zip
薬局,36,0642066,みのり薬局,,0883-76-3050,,,,,,shikoku/000490544.zip
薬局,36,0642074,西祖谷パール薬局,,0883-87-2061,,,,,,shikoku/000490544.zip
薬局,36,0642082,下川薬局,,0883-84-1428,,,,,,shikoku/000490544.zip
薬局,36,0642124,アイン薬局池田店,,0883-76-0717,,,,,,shikoku/000490544.zip
薬局,36,1040047,かみかつ調剤薬局,,0885-44-1231,,,,,,shikoku/000490544.zip
薬局,36,1040534,トマト調剤薬局　勝浦店,,0885-44-2150,,,,,,shikoku/000490544.zip
薬局,36,1240019,杉山薬局,,088-674-1224,,,,,,shikoku/000490544.zip
薬局,36,1240100,マザー調剤薬局,,088-675-3373,,,,,,shikoku/000490544.zip
薬局,36,1240118,石井調剤薬局,,088-675-3230,,,,,,shikoku/000490544.zip
薬局,36,1240167,ファーマシアコスモス薬局高原店,,088-674-8874,,,,,,shikoku/000490544.zip
薬局,36,1240191,のぞみ薬局,,088-674-7760,,,,,,shikoku/000490544.zip
薬局,36,1240217,エンゼル調剤薬局天神店,,088-674-5633,,,,,,shikoku/000490544.zip
薬局,36,1240233,エンゼル調剤薬局石井店,,088-675-2544,,,,,,shikoku/000490544.zip
薬局,36,1240241,よしたけ調剤薬局石井店,,088-675-2676,,,,,,shikoku/000490544.zip
薬局,36,1240258,ファーマシアコスモス薬局,,088-674-8008,,,,,,shikoku/000490544.zip
薬局,36,1240266,エンゼル調剤薬局神山店,,088-676-1525,,,,,,shikoku/000490544.zip
薬局,36,1240274,あすか調剤薬局,,088-675-3260,,,,,,shikoku/000490544.zip
薬局,36,1240597,下浦薬局,,088-675-2815,,,,,,shikoku/000490544.zip
薬局,36,1240605,スマイル調剤薬局石井店,,088-675-2565,,,,,,shikoku/000490544.zip
薬局,36,1340082,トマト調剤薬局上那賀店,,0884-64-6700,,,,,,shikoku/000490544.zip
薬局,36,1340140,トマト調剤薬局那賀店,,0884-62-0188,,,,,,shikoku/000490544.zip
薬局,36,1340165,ファルコ薬局日野谷店,,0884-64-0610,,,,,,shikoku/000490544.zip
薬局,36,1340686,コノブ調剤薬局,,0884-62-0291,,,,,,shikoku/000490544.zip
薬局,36,1340694,コノブ薬局,,0884-62-2153,,,,,,shikoku/000490544.zip
薬局,36,1440031,豊田薬局,,0884-73-0155,,,,,,shikoku/000490544.zip
薬局,36,1440098,共和調剤薬局,,0884-77-3887,,,,,,shikoku/000490544.zip
薬局,36,1440130,ぐんも調剤薬局海部店,,0884-74-0979,,,,,,shikoku/000490544.zip
薬局,36,1440148,なごみ薬局,,0884-74-3118,,,,,,shikoku/000490544.zip
薬局,36,1440163,スマイル調剤薬局海南店,,0884-74-3870,,,,,,shikoku/000490544.zip
薬局,36,1440189,スマイル調剤薬局さつき店,,0884-74-3233,,,,,,shikoku/000490544.zip
薬局,36,1440197,スマイル調剤薬局ししくい店,,0884-74-6015,,,,,,shikoku/000490544.zip
薬局,36,1440247,なぎさ薬局,,0884-74-7120,,,,,,shikoku/000490544.zip
薬局,36,1440585,津田薬局,,0884-77-0163,,,,,,shikoku/000490544.zip
薬局,36,1440650,オーシャン薬局,,0884-74-1255,,,,,,shikoku/000490544.zip
薬局,36,1440668,おおざと薬局,,0884-74-3701,,,,,,shikoku/000490544.zip
薬局,36,1440684,スマイル調剤薬局牟岐店,,0884-70-1226,,,,,,shikoku/000490544.zip
薬局,36,1440692,スマイル調剤薬局診療所前店,,0884-74-6031,,,,,,shikoku/000490544.zip
薬局,36,1440700,アイ調剤薬局　海部店,,0884-72-3112,,,,,,shikoku/000490544.zip
薬局,36,1540020,柴田薬局,,088-672-0078,,,,,,shikoku/000490544.zip
薬局,36,1540038,北島三愛,,088-698-2103,,,,,,shikoku/000490544.zip
薬局,36,1540053,板野会営調剤薬局,,088-672-3699,,,,,,shikoku/000490544.zip
薬局,36,1540087,柴田調剤薬局,,088-672-5530,,,,,,shikoku/000490544.zip
薬局,36,1540137,うさぎ調剤薬局松茂店,,088-683-4801,,,,,,shikoku/000490544.zip
薬局,36,1540160,きたじま調剤薬局,,088-683-2110,,,,,,shikoku/000490544.zip
薬局,36,1540194,松茂サザン薬局,,088-699-0150,,,,,,shikoku/000490544.zip
薬局,36,1540277,ハート調剤薬局笠木店,,088-693-4520,,,,,,shikoku/000490544.zip
薬局,36,1540293,アイユー薬局,,088-692-3763,,,,,,shikoku/000490544.zip
薬局,36,1540319,ケイ調剤薬局,,088-672-7510,,,,,,shikoku/000490544.zip
薬局,36,1540327,藍住サンコー調剤薬局,,088-693-2301,,,,,,shikoku/000490544.zip
薬局,36,1540343,エンゼル調剤薬局北島店,,088-697-2515,,,,,,shikoku/000490544.zip
薬局,36,1540384,サンコー薬局羅漢店,,088-672-7200,,,,,,shikoku/000490544.zip
薬局,36,1540400,よしたけ調剤薬局北島店,,088-612-8211,,,,,,shikoku/000490544.zip
薬局,36,1540418,マーブル調剤薬局,,088-694-7761,,,,,,shikoku/000490544.zip
薬局,36,1540434,よつば薬局,,088-677-3390,,,,,,shikoku/000490544.zip
薬局,36,1540459,サンコー調剤薬局直道店,,088-637-3193,,,,,,shikoku/000490544.zip
薬局,36,1540467,三谷調剤薬局藍住店,,088-692-6777,,,,,,shikoku/000490544.zip
薬局,36,1540475,ひかり薬局板野店,,088-679-8586,,,,,,shikoku/000490544.zip
薬局,36,1540509,ハート調剤薬局北島店,,088-678-5041,,,,,,shikoku/000490544.zip
薬局,36,1541010,フレンド調剤薬局藍住店,,088-693-2980,,,,,,shikoku/000490544.zip
薬局,36,1541028,トマト調剤薬局松茂店,,088-679-7375,,,,,,shikoku/000490544.zip
薬局,36,1541036,ハート調剤薬局矢上店,,088-693-2310,,,,,,shikoku/000490544.zip
薬局,36,1541044,上板調剤薬局,,088-637-6256,,,,,,shikoku/000490544.zip
薬局,36,1541069,スマイル調剤薬局北村店,,088-698-1717,,,,,,shikoku/000490544.zip
薬局,36,1541093,イルカ調剤薬局,,088-697-3434,,,,,,shikoku/000490544.zip
薬局,36,1541101,ハート調剤薬局東中富店,,088-602-7631,,,,,,shikoku/000490544.zip
薬局,36,1541127,こやだいら薬局板野店,,088-672-7977,,,,,,shikoku/000490544.zip
薬局,36,1541135,しん調剤薬局,,088-697-3475,,,,,,shikoku/000490544.zip
薬局,36,1541143,スマイル調剤薬局,,088-683-2383,,,,,,shikoku/000490544.zip
薬局,36,1541150,トマト調剤薬局藍住店,,088-678-2752,,,,,,shikoku/000490544.zip
薬局,36,1541176,アップル調剤薬局北村店,,088-678-2872,,,,,,shikoku/000490544.zip
薬局,36,1541184,スマイル調剤薬局あいずみ南店,,088-602-7180,,,,,,shikoku/000490544.zip
薬局,36,1541192,ウエルシア薬局　板野北島町店,,088-697-2885,,,,,,shikoku/000490544.zip
薬局,36,1541200,スマイル調剤薬局藍住店,,088-677-6010,,,,,,shikoku/000490544.zip
薬局,36,1541226,ココロ調剤薬局　上板店,,088-677-7871,,,,,,shikoku/000490544.zip
薬局,36,1541234,あすなろ調剤薬局　藍住,,088-602-7182,,,,,,shikoku/000490544.zip
薬局,36,1541242,アイン薬局北島店,,088-698-3300,,,,,,shikoku/000490544.zip
薬局,36,1541259,あおぞら薬局　鯛浜店,,088-697-2855,,,,,,shikoku/000490544.zip
薬局,36,1541267,すだち薬局上板店,,088-679-8338,,,,,,shikoku/000490544.zip
薬局,36,1541283,ありす調剤薬局　北島店,,088-697-2227,,,,,,shikoku/000490544.zip
薬局,36,1541291,はなみずき薬局,,088-683-3338,,,,,,shikoku/000490544.zip
薬局,36,1640051,ドリーム調剤薬局,,088-637-8266,,,,,,shikoku/000490544.zip
薬局,36,1640580,ユート薬局,,0883-35-7782,,,,,,shikoku/000490544.zip
薬局,36,1640630,サンコー薬局阿波西店,,0883-36-9191,,,,,,shikoku/000490544.zip
薬局,36,1640648,まさき薬局,,0883-35-2127,,,,,,shikoku/000490544.zip
薬局,36,1640655,どなり調剤薬局,,088-602-7015,,,,,,shikoku/000490544.zip
薬局,36,1640663,コスモス調剤薬局　阿波店,,0883-35-6651,,,,,,shikoku/000490544.zip
薬局,36,1640671,スマイル調剤薬局　阿波店,,0883-36-1313,,,,,,shikoku/000490544.zip
薬局,36,1640689,井上調剤薬局　市場店,,0883-36-1085,,,,,,shikoku/000490544.zip
薬局,36,1640697,ごしょ調剤薬局,,088-624-9155,,,,,,shikoku/000490544.zip
薬局,36,1640705,スマイル調剤薬局　市場店,,0883-36-1888,,,,,,shikoku/000490544.zip
薬局,36,1740117,山瀬調剤薬局,,0883-26-4050,,,,,,shikoku/000490544.zip
薬局,36,1740125,サザン調剤薬局西麻植,,0883-26-0830,,,,,,shikoku/000490544.zip
薬局,36,1740133,ハート調剤薬局北鴨島店,,0883-26-0825,,,,,,shikoku/000490544.zip
薬局,36,1740141,エスエス薬局・国道店,,0883-24-5267,,,,,,shikoku/000490544.zip
薬局,36,1740216,ハッピー薬局鴨島店,,0883-24-8071,,,,,,shikoku/000490544.zip
薬局,36,1740224,かもじま調剤薬局上下島店,,0883-26-1343,,,,,,shikoku/000490544.zip
薬局,36,1740232,トマト調剤薬局知恵島店,,0883-36-9985,,,,,,shikoku/000490544.zip
薬局,36,1740240,井上調剤薬局鴨島店,,0883-36-9701,,,,,,shikoku/000490544.zip
薬局,36,1740257,ヒラオカ薬局,,0883-42-5565,,,,,,shikoku/000490544.zip
薬局,36,1740752,ミクラ薬局敷地,,0883-26-0950,,,,,,shikoku/000490544.zip
薬局,36,1740786,Ｉ＆Ｈ吉野川薬局,,0883-25-9479,,,,,,shikoku/000490544.zip
薬局,36,1840214,アイ調剤薬局半田店,,0883-55-4022,,,,,,shikoku/000490544.zip
薬局,36,1840222,つるぎ薬局,,0883-68-8100,,,,,,shikoku/000490544.zip
薬局,36,1840651,八千代薬局,,0883-65-0035,,,,,,shikoku/000490544.zip
薬局,36,1840719,サンコー薬局半田店,,0883-68-8350,,,,,,shikoku/000490544.zip
薬局,36,1940162,くすのき薬局,,0883-76-1150,,,,,,shikoku/000490544.zip
薬局,36,1940659,久保添薬局,,0883-82-4493,,,,,,shikoku/000490544.zip
薬局,36,1940733,サンコー調剤薬局昼間店,,0883-79-3977,,,,,,shikoku/000490544.zip
薬局,36,1940741,ハート調剤薬局三加茂店,,0883-76-1760,,,,,,shikoku/000490544.zip
薬局,36,1940758,フジカワ薬局　上中屋店,,0883-87-8512,,,,,,shikoku/000490544.zip
薬局,36,1940766,フジカワ調剤薬局,,0883-79-2014,,,,,,shikoku/000490544.zip
診療所,36,0123543,大久保病院,,088-622-9156,,,,,,shikoku/000490542.zip
診療所,36,0123550,福田整形外科病院,,088-622-4597,,,,,,shikoku/000490542.zip
診療所,36,0123568,鈴江病院,,088-652-3121,,,,,,shikoku/000490542.zip
診療所,36,0123576,第一病院,,088-663-1122,,,,,,shikoku/000490542.zip
診療所,36,0123584,むつみホスピタル,,088-631-0181,,,,,,shikoku/000490542.zip
診療所,36,0123626,ＴＡＯＫＡこころの医療センター,,088-622-5556,,,,,,shikoku/000490542.zip
診療所,36,0123634,そよかぜ病院,,088-631-5135,,,,,,shikoku/000490542.zip
診療所,36,0123675,寺沢病院,,088-662-5311,,,,,,shikoku/000490542.zip
診療所,36,0123709,善成病院,,088-622-1212,,,,,,shikoku/000490542.zip
診療所,36,0123717,水の都記念病院,,088-632-9299,,,,,,shikoku/000490542.zip
診療所,36,0123758,城南病院,,088-645-0157,,,,,,shikoku/000490542.zip
診療所,36,0123808,徳島健生病院,,088-622-7771,,,,,,shikoku/000490542.zip
診療所,36,0123865,木下病院,,088-622-7700,,,,,,shikoku/000490542.zip
診療所,36,0123998,中洲八木病院,,088-625-3535,,,,,,shikoku/000490542.zip
診療所,36,0124053,橋本病院,,088-626-1567,,,,,,shikoku/000490542.zip
診療所,36,0124129,中瀬病院,,088-665-0819,,,,,,shikoku/000490542.zip
診療所,36,0124152,博愛記念病院,,088-669-2166,,,,,,shikoku/000490542.zip
診療所,36,0124160,稲山病院,,088-631-1515,,,,,,shikoku/000490542.zip
診療所,36,0124392,眉山病院,,088-625-7665,,,,,,shikoku/000490542.zip
診療所,36,0124699,伊月病院,,088-622-1117,,,,,,shikoku/000490542.zip
診療所,36,0124830,沖の洲病院,,088-622-7111,,,,,,shikoku/000490542.zip
診療所,36,0125076,松村病院,,088-665-3233,,,,,,shikoku/000490542.zip
診療所,36,0125324,保岡クリニック論田病院,,088-663-3111,,,,,,shikoku/000490542.zip
診療所,36,0125340,東洋病院,,088-632-7777,,,,,,shikoku/000490542.zip
診療所,36,0125365,森岡病院,,088-636-3737,,,,,,shikoku/000490542.zip
診療所,36,0125399,近藤内科病院,,088-663-0020,,,,,,shikoku/000490542.zip
診療所,36,0125407,リバーサイドのぞみ病院,,088-611-1701,,,,,,shikoku/000490542.zip
診療所,36,0125415,亀井病院,,088-668-1177,,,,,,shikoku/000490542.zip
診療所,36,0125423,松永病院,,088-632-3328,,,,,,shikoku/000490542.zip
診療所,36,0125431,たおか内科病院,,088-625-2550,,,,,,shikoku/000490542.zip
診療所,36,0125449,田岡病院,,088-622-7788,,,,,,shikoku/000490542.zip
診療所,36,0125456,たまき青空病院,,088-642-5050,,,,,,shikoku/000490542.zip
診療所,36,0125472,天満病院,,088-632-1520,,,,,,shikoku/000490542.zip
診療所,36,0125480,虹の橋病院,,088-633-0800,,,,,,shikoku/000490542.zip
診療所,36,0125498,徳島平成病院,,088-623-8611,,,,,,shikoku/000490542.zip
診療所,36,0125506,住友内科病院,,088-622-1122,,,,,,shikoku/000490542.zip
診療所,36,0127502,林病院,,088-663-1188,,,,,,shikoku/000490542.zip
診療所,36,0127684,川島病院,,088-631-0110,,,,,,shikoku/000490542.zip
診療所,36,0127734,リハビリテーション大神子病院,,088-662-1014,,,,,,shikoku/000490542.zip
診療所,36,0127767,協立病院,,088-668-1070,,,,,,shikoku/000490542.zip
診療所,36,0127973,虹の橋葵ホスピタル,,088-645-2233,,,,,,shikoku/000490542.zip
診療所,36,0210019,鳴門シーガル病院,,088-688-0011,,,,,,shikoku/000490542.zip
診療所,36,0210027,凪の音ホスピタル,,088-687-0311,,,,,,shikoku/000490542.zip
診療所,36,0210043,兼松病院,,088-685-4537,,,,,,shikoku/000490542.zip
診療所,36,0210068,鳴門山上病院,,088-687-1234,,,,,,shikoku/000490542.zip
診療所,36,0210092,岩朝病院,,088-685-8855,,,,,,shikoku/000490542.zip
診療所,36,0210126,小川病院,,088-686-2322,,,,,,shikoku/000490542.zip
診療所,36,0310074,小松島金磯病院,,0885-33-1211,,,,,,shikoku/000490542.zip
診療所,36,0310108,小松島病院,,0885-33-2288,,,,,,shikoku/000490542.zip
診療所,36,0310132,碩心館病院,,0885-32-3555,,,,,,shikoku/000490542.zip
診療所,36,0310140,徳島赤十字ひのみね医療療育センター,,0885-32-0903,,,,,,shikoku/000490542.zip
診療所,36,0311254,江藤病院,,0885-37-1559,,,,,,shikoku/000490542.zip
診療所,36,0311296,徳島ロイヤル病院,,0885-32-8833,,,,,,shikoku/000490542.zip
診療所,36,0410015,原田病院,,0884-22-0990,,,,,,shikoku/000490542.zip
診療所,36,0410056,杜のホスピタル,,0884-22-0218,,,,,,shikoku/000490542.zip
診療所,36,0410072,阿南天満病院,,0884-23-0551,,,,,,shikoku/000490542.zip
診療所,36,0410114,羽ノ浦整形外科内科病院,,0884-44-6111,,,,,,shikoku/000490542.zip
診療所,36,0410122,宮本病院,,0884-44-4343,,,,,,shikoku/000490542.zip
診療所,36,0510012,折野病院,,0883-63-2569,,,,,,shikoku/000490542.zip
診療所,36,0510020,桜木病院,,0883-52-2583,,,,,,shikoku/000490542.zip
診療所,36,0510053,岡内科病院,,0883-52-0988,,,,,,shikoku/000490542.zip
診療所,36,0510061,ホウエツ病院,,0883-52-1095,,,,,,shikoku/000490542.zip
診療所,36,0510087,成田病院,,0883-52-1258,,,,,,shikoku/000490542.zip
診療所,36,0510095,美馬リハビリテーション病院,,0883-63-2026,,,,,,shikoku/000490542.zip
診療所,36,0610036,秋田病院,,0883-72-0743,,,,,,shikoku/000490542.zip
診療所,36,0610069,三野田中病院,,0883-77-2300,,,,,,shikoku/000490542.zip
診療所,36,0610077,三好市国民健康保険市立三野病院,,0883-77-2323,,,,,,shikoku/000490542.zip
診療所,36,0613105,北條病院,,0883-72-0007,,,,,,shikoku/000490542.zip
診療所,36,1010012,国民健康保険勝浦病院,,0885-42-2555,,,,,,shikoku/000490542.zip
診療所,36,1210059,手束病院,,088-674-0024,,,,,,shikoku/000490542.zip
診療所,36,1310081,那賀町立上那賀病院,,0884-66-0211,,,,,,shikoku/000490542.zip
診療所,36,1410063,冨田病院,,0884-77-0368,,,,,,shikoku/000490542.zip
診療所,36,1410089,海陽町国民健康保険海南病院,,0884-73-1355,,,,,,shikoku/000490542.zip
診療所,36,1410113,美波町国民健康保険美波病院,,0884-78-1373,,,,,,shikoku/000490542.zip
診療所,36,1410121,徳島県立海部病院,,0884-72-1166,,,,,,shikoku/000490542.zip
診療所,36,1510037,浦田病院,,088-699-2921,,,,,,shikoku/000490542.zip
診療所,36,1510045,吉野川病院,,088-698-6111,,,,,,shikoku/000490542.zip
診療所,36,1510110,藍里病院,,088-694-5151,,,,,,shikoku/000490542.zip
診療所,36,1510151,稲次病院,,088-692-5757,,,,,,shikoku/000490542.zip
診療所,36,1510227,井上病院,,088-672-1185,,,,,,shikoku/000490542.zip
診療所,36,1510235,芳川病院,,088-699-5355,,,,,,shikoku/000490542.zip
診療所,36,1510243,きたじま田岡病院,,088-698-1234,,,,,,shikoku/000490542.zip
診療所,36,1510250,ほのぼのホスピタル,,088-699-5151,,,,,,shikoku/000490542.zip
診療所,36,1513627,浜病院,,088-692-2317,,,,,,shikoku/000490542.zip
診療所,36,1610043,大野病院,,088-695-2112,,,,,,shikoku/000490542.zip
診療所,36,1710033,美摩病院,,0883-24-2957,,,,,,shikoku/000490542.zip
診療所,36,1710116,鴨島病院,,0883-24-6565,,,,,,shikoku/000490542.zip
診療所,36,1814025,つるぎ町立半田病院,,0883-64-3145,,,,,,shikoku/000490542.zip
診療所,36,1910112,藤内整形外科病院,,0883-82-3677,,,,,,shikoku/000490542.zip
診療所,36,1910138,三加茂田中病院,,0883-82-3700,,,,,,shikoku/000490542.zip
診療所,36,1910179,ゆうあいホスピタル,,0883-82-1100,,,,,,shikoku/000490542.zip
診療所,36,8010023,独立行政法人国立病院機構とくしま医療センター西病院,,0883-24-2161,,,,,,shikoku/000490542.zip
診療所,36,8010031,独立行政法人国立病院機構とくしま医療センター東病院,,088-672-1171,,,,,,shikoku/000490542.zip
