med_type,pref_code,med_code,name,address,phone,opener,manager,depts,beds,designated_date,source
病院,35,0110202,医療法人水の木会　下関病院,下関市富任町６丁目１８番１８号,083-258-0338,医療法人水の木会　理事長　水木　寛,水木　寛,精神　精神　精神　精　心内　神内　内,202,昭32. 10. 31,ika
病院,35,0110277,医療法人其桃会　西尾病院,下関市竹崎町１丁目１６番３号,083-223-8138,医療法人其桃会　理事長　西尾　秀樹,西尾　秀樹,療養　内　リハ　血液内科　循環器内科　消化器内科,,昭52. 10. 31,ika
診療所,35,0110657,サンデン交通診療所,下関市羽山町３番３号,083-231-1000,サンデン交通株式会社　代表取締役　竹重　秀敏,小畑　秀登,内,,昭32. 10. 31,ika
病院,35,0111002,医療法人　長府病院,下関市長府中之町２番４号,083-245-1131,医療法人長府病院　理事長　加藤　吉晴,加藤　吉晴,一般　一般　内　神内　呼　消　循　外　整外　リハ　放,60,昭32. 10. 31,ika
病院,35,0111242,独立行政法人地域医療機能推進機構　下関医療センター,下関市上新地町３丁目３番８号,083-231-5811,独立行政法人地域医療機能推進機構　理事長　山本　修一,大下　昇,一般　一般　一般　一般　結核　内　精　神内　外　整外　脳外　呼外　皮　ひ　婦　眼　耳い　リハ　放　麻　病理　歯外　呼内　糖内　血内　血外　消内　消外　循内　緩和ケア内科,187,昭34. 8. 7,ika
病院,35,0111598,光風園病院,下関市長府才川２丁目２１番２号,083-248-0254,医療法人愛の会　理事長　木下　毅,木下　祐介,一般　療養　内　リハ,225,昭32. 10. 31,ika
病院,35,0112265,医療法人山陽会　長門一ノ宮病院,下関市形山みどり町１７番３５号,083-256-2011,医療法人山陽会　理事長　稲野　秀,稲野　秀,精神　精神　精　児童精神科　心内　小,150,昭39. 5. 1,ika
診療所,35,0113131,下関市夜間急病診療所,下関市大学町２丁目１番３号,083-252-3789,下関市長　前田　晋太郎,飴山　晶,内　小,,昭52. 10. 1,ika
病院,35,0113222,医療法人社団青寿会　武久病院,下関市武久町２丁目５３番８号,083-252-2124,医療法人社団青寿会　理事長　頴原　健,時澤　郁夫,一般　療養　内　循環器内科　整外　ひ　リハ　皮　歯,203,昭54. 1. 1,ika
病院,35,0113271,医療法人元洋会森山病院,下関市宮田町２丁目８番２０号,083-231-0781,医療法人元洋会　理事長　森山　秀樹,森山　秀樹,療養　内　消化器内科　リハ,,昭54. 9. 1,ika
診療所,35,0113321,西尾医院,下関市岬之町９番６号,083-222-3060,西尾　武,西尾　武,皮　ひ　性,,昭55. 4. 1,ika
診療所,35,0113339,西尾内科,下関市南部町１７番７号,083-222-1752,西尾　和政,西尾　和政,内　胃,,昭55. 5. 1,ika
病院,35,0113610,社会医療法人　松涛会　安岡病院,下関市横野町３丁目１６番３５号,083-258-3711,社会医療法人　松涛会　理事長　斎藤　妙子,楠美　由紀,一般　一般　一般　一般　療養　療養　療養　療養　療養　療養　内　整外　リハ　呼内　脳内　緩和ケア内科　皮,234,昭58. 12. 1,ika
診療所,35,0113651,宮崎内科クリニック,下関市豊前田町２丁目７番７号,083-222-2165,宮崎　誠司,宮崎　誠司,内　胃　消　循,,昭59. 7. 1,ika
診療所,35,0113693,青葉こどもクリニック,下関市秋根南町２丁目２番２２号,083-256-1622,倉光　誠,倉光　誠,小,,平12. 5. 1,ika
病院,35,0113701,医療法人社団季朋会　王司病院,下関市王司本町１丁目１８番２７号,083-248-3631,医療法人社団季朋会　理事長　麻上　千鳥,大薮　靖彦,療養　精神　一般　内　精　皮　ひ　整外　循環器内科　消化器内科　腎臓内科　リハ　歯,167,昭60. 8. 1,ika
診療所,35,0113776,吉本医院,下関市向洋町３丁目１２番１４号,083-222-9390,吉本　正博,吉本　正博,内　小,,昭61. 5. 1,ika
診療所,35,0113800,彦島製錬株式会社診療所,下関市彦島西山町１丁目１番１号,083-266-3134,彦島製錬株式会社　代表取締役　川谷　哲也,安藤　正也,内,,昭61. 8. 1,ika
診療所,35,0113875,医療法人茜会　吉水内科,下関市上新地町１丁目５番２号,083-232-8600,医療法人茜会　理事長　水　一郎,水　一郎,内,,昭63. 2. 1,ika
診療所,35,0113982,医療法人社団　山口整形外科,下関市彦島江の浦町１丁目５番２４号,083-267-6699,医療法人社団山口整形外科　理事長　齋木　正彦,齋木　正彦,整外　リハ,,平元. 5. 1,ika
診療所,35,0114014,医療法人社団弥生会　野村眼科医院,下関市綾羅木本町４丁目１０番１８号,083-252-4130,医療法人社団弥生会　理事長　野村　茂治,野村　弥生,眼,,平元. 6. 1,ika
診療所,35,0114139,有松医院,下関市安岡駅前２丁目６番３号,083-258-0246,医療法人社団有松医院　理事長　有松　秀敏,有松　秀敏,内　胃,,平2. 6. 1,ika
診療所,35,0114147,門医院,下関市彦島迫町３丁目７番５号,083-267-2233,門　祐二,門　祐二,内　呼　胃　循　小　放,,平2. 7. 1,ika
診療所,35,0114253,時任整形外科リウマチ科,下関市長府南之町５番６号,083-246-0575,医療法人時任整形外科リウマチ科　理事長　時任　毅,時任　毅,一般　整外　リウ　皮,,平3. 4. 1,ika
診療所,35,0114279,浅野整形外科医院,下関市彦島本村町６丁目１７番１８号,083-266-0894,医療法人浅野整形外科医院　理事長　淺野　正也,淺野　正也,一般　一般　整外　リウ　リハ,19,平3. 9. 1,ika
診療所,35,0114337,平尾泌尿器科,下関市綾羅木新町２丁目４番４８号,083-254-5858,平尾　博,平尾　博,一般　ひ,,平4. 1. 1,ika
診療所,35,0114360,まつなが医院,下関市長府中浜町２番５号,083-245-2103,医療法人松永会　理事長　松永　清美,松永　尚治,一般　一般　療養　療養　内　消内　糖内　精　リハ,11,昭46. 4. 1,ika
診療所,35,0114386,すう循環器内科,下関市彦島江の浦町６丁目１番１５号,083-261-1234,周布　晴美,周布　晴美,内　循　小,,平4. 4. 1,ika
診療所,35,0114451,織田クリニック,下関市中之町４番１９号,083-222-5643,織田　俊,織田　俊,一般　内　外　整外　麻,,平4. 8. 1,ika
診療所,35,0114477,すみだ内科クリニック,下関市熊野町２丁目２番３１号,083-255-3111,医療法人社団正清会　理事長　隅田　康洋,隅田　康洋,一般　内　腎内,,平4. 11. 1,ika
診療所,35,0114527,神田小児科医院,下関市長府中土居本町２番２１号,083-245-1171,医療法人神田小児科医院　理事長　神田　岳,神田　岳,小　内,,平5. 2. 1,ika
診療所,35,0114592,医療法人社団　大下内科,下関市形山みどり町１５番２８号,083-257-0088,医療法人社団大下内科　理事長　大下　芳人,大下　理史,内　消,,平5. 5. 1,ika
診療所,35,0114618,医療法人　よねだ耳鼻咽喉科クリニック,下関市長府中浜町２番１０号,083-245-2930,医療法人よねだ耳鼻咽喉科クリニック　理事長　米田　敬,米田　敬,耳い,,平5. 5. 1,ika
診療所,35,0114626,医療法人社団吉康会　西川内科クリニック,下関市上田中町６丁目１番１７号,083-222-7600,医療法人社団吉康会西川内科クリニック　理事長　西川　英一,西川　英一,内　放,,平5. 5. 1,ika
診療所,35,0114634,新下関耳鼻クリニック,下関市秋根南町２丁目２番１８号,083-256-8933,宮崎　洋,宮﨑　洋,耳い,,平5. 7. 1,ika
診療所,35,0114642,川田じゅんこクリニック,下関市川中豊町７丁目１４番７号,083-254-3520,医療法人レーニエ　理事長　川田　順子,川田　順子,内　リウ　循環器内科　呼内,,平5. 6. 1,ika
診療所,35,0114659,医療法人塩見内科クリニック,下関市幡生宮の下町２６番８号,083-253-1399,医療法人塩見内科クリニック　理事長　塩見　祐一,塩見　祐一,内　胃　循,,平5. 9. 1,ika
診療所,35,0114667,医療法人社団ウエダ眼科,下関市秋根南町１丁目１番１５号,083-257-0002,医療法人社団ウエダ眼科　理事長　植田　喜一,植田　喜一,眼,,平9. 4. 1,ika
診療所,35,0114675,なかの循環器科内科医院,下関市長府前八幡町３番３４号,083-246-3234,医療法人なかの循環器科内科医院　理事長　中野　英一,中野　英一,内　循　心外,,平5. 9. 1,ika
診療所,35,0114725,医療法人社団　柏村医院,下関市長府松小田本町５番１２号,083-248-5333,医療法人社団　柏村医院　理事長　佐伯　陽子,佐伯　陽子,内　消化器内科　脳内,,平6. 1. 1,ika
診療所,35,0114774,医療法人　牛尾医院亀の甲クリニック,下関市長府亀の甲１丁目２番１号,083-245-2151,医療法人牛尾医院　理事長　水内　知子,水内　厚,一般　療養　内　呼　胃　小　外,,平6. 6. 1,ika
診療所,35,0114816,クレスト整形外科,下関市上新地町３丁目１番３０号,083-222-1600,医療法人慶愛会　理事長　上田　章二,上田　章二,一般　整外　リウ　リハ,,平6. 10. 1,ika
診療所,35,0114824,医療法人　野田内科医院,下関市長府珠の浦町１番１５号,083-245-6660,医療法人野田内科医院　理事長　野田　敏剛,野田　敏剛,内　循,,平6. 9. 1,ika
診療所,35,0114915,整形外科井ノ口クリニック,下関市大字田倉８３０,083-256-6772,井ノ口　雅貴,井ノ口　雅貴,整外　リハ,,平7. 4. 1,ika
診療所,35,0114956,伊藤内科医院,下関市稗田北町１３番３６号,083-253-2040,医療法人藤寿会　理事長　伊藤　真一,大山　力丸,一般　内　循内　放診　リハ,,平7. 7. 1,ika
診療所,35,0114980,吉村内科,下関市彦島江の浦町１丁目７番６号,083-267-2681,医療法人慈誠会　理事長　吉村　潤子,吉村　潤子,内　腎内　循内　糖尿病・脂質代謝内科,,平7. 10. 1,ika
診療所,35,0115003,おばた胃腸科内科クリニック,下関市一の宮町２丁目９番２２号,083-256-5111,小畑　伸一郎,小畑　伸一郎,胃　内,,平8. 3. 1,ika
診療所,35,0115011,川野胃腸科内科医院,下関市大学町１丁目１番１０号,083-252-0838,川野　博章,川野　博章,胃　内　放,,平8. 4. 1,ika
診療所,35,0115029,医療法人あきの整形外科クリニック,下関市秋根本町２丁目１０番３４号,083-256-2851,医療法人あきの整形外科クリニック　理事長　秋野　龍明,秋野　龍明,整外　リハ　リウ,,平8. 10. 1,ika
診療所,35,0115037,医療法人社団たなべ内科クリニック,下関市清末鞍馬３丁目５番１８号,083-283-0050,医療法人社団たなべ内科クリニック　理事長　田辺　若子,田辺　若子,内　消化器内科,,平8. 10. 1,ika
診療所,35,0115052,医療法人ひこしまこどもクリニック,下関市彦島江の浦町１丁目５番２４号,083-267-0300,医療法人ひこしまこどもクリニック　理事長　河野　祥二,河野　祥二,小,,平8. 10. 1,ika
診療所,35,0115094,黒川内科クリニック,下関市吉見本町１丁目１番２２号,083-286-2057,医療法人黒川内科クリニック　理事長　黒川　雅史,黒川　雅史,内　小　消,,平9. 3. 1,ika
診療所,35,0115128,周山医院,下関市王喜本町６丁目５番１４号,083-283-2522,医療法人周山医院　理事長　周山　秀昭,周山　秀昭,内　胃　小,,平9. 4. 1,ika
診療所,35,0115144,内山医院,下関市安岡駅前１丁目２番１２号,083-258-0109,医療法人内山医院　理事長　内山　衣子,内山　衣子,内　循,,平9. 5. 1,ika
診療所,35,0115151,りゅう呼吸器科内科,下関市安岡本町２丁目１番２２号,083-258-3457,医療法人りゅう呼吸器科内科　理事長　劉　震永,劉　震永,内　呼　循,,平9. 5. 1,ika
診療所,35,0115177,まつきクリニック,下関市秋根南町１丁目６番２９号,083-263-1388,医療法人まつきクリニック　理事長　松木　武敏,松木　武敏,心内　精　内,,平13. 1. 1,ika
診療所,35,0115185,長府心臓内科,下関市長府東侍町４番４８号,083-245-2919,医療法人　長府心臓内科　理事長　金原　輝史,金原　輝史,循　内,,平9. 11. 1,ika
診療所,35,0115193,唐戸メンタルクリニック,下関市田中町１６番７号,083-222-0350,大悟法　憲雄,大悟法　憲雄,神　精　心内,,平9. 12. 1,ika
診療所,35,0115227,腎泌尿器科はらクリニック,下関市川中豊町７丁目２番１６号,083-255-4112,医療法人社団はらクリニック　理事長　原　宏二,原　宏二,ひ　腎臓内科　皮,,平9. 11. 1,ika
診療所,35,0115235,橋本クリニック,下関市長府江下町１番２４号,083-246-2439,橋本　嘉朗,橋本　嘉朗,精　神　心内,,平10. 1. 1,ika
診療所,35,0115250,やかべ産婦人科医院,下関市秋根西町１丁目６番２５号,083-257-0303,矢壁　昭人,矢壁　昭人,一般　産　婦　麻　美外,,平13. 4. 1,ika
診療所,35,0115276,医療法人社団広祐会　螢クリニック,下関市金比羅町２番４号,083-223-8000,医療法人社団広祐会　理事長　堀地　義広,堀地　義広,一般　一般　外　こう　胃,3,平10. 4. 1,ika
診療所,35,0115334,帆足医院,下関市上田中町２丁目２１番２号,083-222-0808,帆足　誠司,帆足　誠司,一般　一般　内　胃　小　リハ　放,8,平11. 1. 1,ika
病院,35,0115425,桃崎病院,下関市田中町１番１０号,083-232-2533,医療法人桃崎病院　理事長　桃崎　和也,桃崎　和也,療養　内　胃　循　外　整外　こう　リハ,,平11. 8. 1,ika
診療所,35,0115458,医療法人社団野口産婦人科医院,下関市梶栗町３丁目７番８号,083-258-2277,医療法人社団野口産婦人科医院　理事長　野口　博史,野口　博史,一般　産婦　麻　精,,平11. 9. 1,ika
診療所,35,0115508,長府みらいクリニック,下関市長府才川２丁目１２番１２号,083-248-1666,医療法人社団長府みらいクリニック　理事長　矢野　一麿,富永　康弘,一般　外　整外　こう　リハ　呼　胃　麻,,平12. 1. 1,ika
診療所,35,0115516,浜田内科クリニック,下関市田中町７番１２号,083-223-0516,濵田　隆臣,濵田　隆臣,内,,平12. 1. 1,ika
診療所,35,0115573,医療法人河崎医院,下関市小月茶屋１丁目８番２２号,083-282-2666,医療法人河崎医院　理事長　河﨑　玲子,河﨑　玲子,皮,,平12. 6. 1,ika
診療所,35,0115615,医療法人池田会いけだ内科,下関市一の宮町３丁目１１番２号,083-263-3311,医療法人池田会　理事長　池田　賢次,池田　賢次,一般　一般　内　呼　アレ,18,平13. 1. 1,ika
診療所,35,0115631,ごとう内科呼吸器科クリニック,下関市秋根南町１丁目５番２８号,083-263-3120,医療法人ごとう内科呼吸器科クリニック　理事長　後藤　順次,後藤　順次,内　呼　循,,平13. 3. 1,ika
診療所,35,0115649,瀬戸口医院,下関市綾羅木本町５丁目１１番５号,083-252-2928,瀬戸口　豊,瀬戸口　豊,精　内　心内,,平13. 2. 1,ika
診療所,35,0115664,下田整形外科,下関市彦島江の浦町３丁目５番５号,083-266-6228,下田　哲司,下田　哲司,整外　リハ,,平13. 4. 1,ika
診療所,35,0115680,なかはら外科医院,下関市安岡駅前１丁目１０番２７号,083-258-0257,医療法人社団　貴生会　理事長　中原　泰生,中原　泰生,外　整外　胃　こう　麻　リハ,,平13. 5. 1,ika
診療所,35,0115698,だて整形外科リハビリテーションクリニック,下関市綾羅木本町２丁目４番２２号,083-254-0022,医療法人　悠和会　理事長　伊達　亮,伊達　亮,整外　リハ　リウ,,平13. 9. 1,ika
診療所,35,0115722,医療法人　池田メディカルクリニック,下関市垢田町１丁目１６番３３号,083-254-1126,医療法人　池田メディカルクリニック　理事長　池田　祥記,池田　祥記,消　内　麻　ペインクリニック内科,,平13. 10. 1,ika
診療所,35,0115730,医療法人　正祥会　にしはらクリニック,下関市生野町２丁目３３番１０号,083-251-1167,医療法人　正祥会　にしはらクリニック　理事長　西原　謙二,韓　正根（西原謙二）,一般　消化器外科　肛門外科　放　神内　心内　精,,平13. 10. 1,ika
診療所,35,0115789,田村循環器科内科,下関市幸町１３番２４号,083-229-5010,田村　雅道,田村　雅道,循　内,,平14. 1. 1,ika
病院,35,0115797,前田内科病院,下関市川中豊町７丁目１番３９号,083-254-1110,医療法人社団　三陽会　理事長　前田　日出三,前田　大登,療養　内　循内　腎内（人工透析）,,平14. 1. 1,ika
診療所,35,0115813,医療法人浩堂会　松田内科クリニック,下関市彦島本村町４丁目１番５号,083-266-4666,医療法人浩堂会　松田内科クリニック　理事長　松田　彰史,松田　彰史,内　消内,,平14. 1. 1,ika
診療所,35,0115821,医療法人社団　はりま内科胃腸科医院,下関市長府中六波町１４番１２号,083-245-1118,医療法人社団　はりま内科胃腸科医院　理事長　播磨　博文,播磨　博文,内　胃　呼　循　小　リハ　放,,平14. 3. 1,ika
診療所,35,0115854,医療法人　長府第一クリニック,下関市長府中之町２番２１号,083-245-9865,医療法人　長府第一クリニック　理事長　御堂　義雄,小池　晋司,一般　一般　内,19,平14. 4. 1,ika
病院,35,0115888,野村病院,下関市大字横野１０３８の１,083-258-2737,医療法人　天秋会　理事長　野村　道次,野村　道次,精神　精　神　内,139,平14. 4. 1,ika
診療所,35,0115938,たかおクリニック,下関市小月市原町１番３号,083-282-8040,高尾　康一郎,高尾　康一郎,内　外　消　麻　リハ,,平14. 9. 1,ika
病院,35,0115946,下関リハビリテーション病院,下関市今浦町９番６号,083-232-5811,一般社団法人　巨樹の会　理事長　鶴﨑　直邦,小川　浩一,療養　療養　リハ　循内　内　放,165,平14. 9. 1,ika
診療所,35,0115953,医療法人社団　王司こどもクリニック,下関市王司上町１丁目８番７号,083-249-1331,医療法人社団　真至会王司こどもクリニック　理事長　末永　眞次,末永　眞次,小　アレ,,平14. 10. 1,ika
診療所,35,0115995,医療法人社団　筒井整形外科クリニック,下関市一の宮町３丁目１１番３号,083-263-3838,医療法人社団　筒井整形外科クリニック　理事長　筒井　聡,筒井　聡,整外　リハ　リウ,,平15. 1. 1,ika
診療所,35,0116001,おおむら循環器科クリニック,下関市大坪本町３６番２０号,083-233-2000,医療法人社団徳心会　理事長　大村　昌人,大村　昌人,循　内,,平15. 3. 1,ika
診療所,35,0116019,医療法人社団　桜山皮ふ科,下関市上新地町３丁目１番７号,083-235-1212,医療法人社団桜山皮ふ科　理事長　德久　弓恵,德久　弓恵,皮,,平15. 3. 1,ika
診療所,35,0116035,長井整形外科,下関市清末鞍馬３丁目５番１４号,083-283-1661,医療法人社団　美樹会　理事長　長井　英,長井　英,整外　リハ　リウ,,平15. 4. 1,ika
診療所,35,0116076,大塚医院,下関市竹崎町３丁目５番３１号,083-222-3036,医療法人　青丘会　理事長　大塚　京太郎,大塚　京太郎,ひ　皮,,平15. 5. 1,ika
診療所,35,0116126,医療法人　やまさきファミリークリニック,下関市新垢田東町２丁目２番１６号,083-252-7227,医療法人　やまさきファミリークリニック　理事長　山﨑　和夫,山﨑　和夫,内　循環器内科　消化器内科　呼内,,平15. 9. 1,ika
診療所,35,0116159,吉利医院,下関市後田町１丁目８番１７号,083-222-1039,医療法人　吉利医院　理事長　吉利　用和,吉利　用和,内　循　心外　皮　ひ,,平15. 10. 1,ika
診療所,35,0116167,きとう小児科,下関市川中豊町１丁目２番１０号,083-254-3152,医療法人社団　きとう小児科　理事長　木藤　信之,木藤　信之,小,,平15. 10. 1,ika
診療所,35,0116191,敬愛堂　京野眼科クリニック,下関市長府南之町２番１１号,083-241-1103,医療法人　敬愛堂　理事長　京野　真三,京野　真三,一般　眼,,平16. 1. 1,ika
診療所,35,0116209,はら医院,下関市羽山町１番１号,083-228-2900,原　良英,原　良英,精　神内　神　心内,,平16. 4. 1,ika
診療所,35,0116225,松井外科整形,下関市丸山町２丁目１番２３号,083-232-2255,古川　雅博,古川　雅博,外　整外　リハ　内,,平16. 4. 1,ika
診療所,35,0116241,医療法人社団　かねはら小児科,下関市生野町２丁目２８番２０号,083-252-2112,医療法人社団かねはら小児科　理事長　水　一郎,金原　洋治,小　リハ　精,,平16. 4. 1,ika
診療所,35,0116266,耳鼻咽喉科でんでんむしクリニック,下関市清末鞍馬３丁目４番１３号,083-281-3341,三浦　正子,三浦　正子,耳い,,平16. 6. 1,ika
診療所,35,0116290,カイクリニック,下関市秋根東町６番１４号,083-257-1417,甲斐　周作,甲斐　周作,精　神内　心内,,平16. 9. 1,ika
診療所,35,0116308,青木眼科,下関市安岡本町２丁目１番１９号,083-262-1770,医療法人社団　青木眼科　理事長　青木　浩一,青木　浩一,眼,,平16. 9. 1,ika
診療所,35,0116316,林クリニック,下関市王司上町４丁目２番４０号,083-248-0255,医療法人葵同仁会　理事長　林　大輔,林　大輔,脳外　内　リハ,,平16. 9. 1,ika
診療所,35,0116340,ひろしげ眼科医院,下関市上田中町２丁目２番５号,083-222-9360,医療法人社団　ひろしげ眼科医院　理事長　重　祐一,廣重　祐一,眼,,平17. 1. 1,ika
病院,35,0116357,山口県済生会下関総合病院,下関市安岡町８丁目５番１号,083-262-2300,社会福祉法人恩賜財団済生会支部　山口県済生会　支部長　津江　和成,森　健治,一般　一般　一般　一般　一般　内　小　外　整外　眼　美外　形外　ひ　神内　心外　産婦　脳外　麻　皮　耳い　放　小外　リハ　精　歯外　病理　呼内　消内　循内　緩和ケア内　腎内　膠原病内　肛外　消外　呼外,343,平17. 4. 1,ika
診療所,35,0116381,社会医療法人　松涛会　彦島内科,下関市彦島江の浦町９丁目４番５号,083-266-4008,社会医療法人　松涛会　理事長　斎藤　妙子,大田　純夫,内　リハ,,平17. 6. 1,ika
診療所,35,0116399,細江クリニック,下関市細江町３丁目２番１６号,083-232-1374,医療法人　細江クリニック　理事長　橋本　修,橋本　修,一般　透析　内　リハ　リウ,,平17. 6. 1,ika
診療所,35,0116415,城下町こころクリニック,下関市長府惣社町１番１４号,083-245-8907,峰松　則夫,峰松　則夫,精　心内,,平17. 9. 1,ika
診療所,35,0116423,のうまる内科,下関市羽山町２０番１０号,083-231-3310,医療法人社団のうまる内科　理事長　能丸　真司,能丸　真司,内　消,,平17. 9. 1,ika
診療所,35,0116472,医療法人孝悠会　広崎内科小児科医院,下関市上新地町１丁目２番１号,083-222-7003,医療法人孝悠会　広崎内科小児科医院　理事長　崎　彰孝,崎　彰孝,内　小,,平17. 12. 1,ika
診療所,35,0116498,藤井メンタルクリニック,下関市細江町３丁目３番１号アドバンス２１ベイスクエア下関２０５号,083-234-0802,藤井　真春,藤井　真春,精　心内,,平18. 4. 1,ika
診療所,35,0116522,水町内科消化器科医院,下関市綾羅木本町４丁目１番３０号,083-251-6116,医療法人社団水町内科消化器科医院　理事長　水町　宗治,水町　宗治,内　呼　消　循　小,,平18. 6. 1,ika
診療所,35,0116530,あやめ内科,下関市本町１丁目１番２０号,083-228-1024,医療法人あやめ内科　理事長　綾目　秀夫,綾目　秀夫,糖尿病内科　内分泌内科　内,,平18. 9. 1,ika
診療所,35,0116548,医療法人社団大畑内科呼吸器科,下関市武久町１丁目４０番１４号,083-251-6700,医療法人社団大畑内科呼吸器科　理事長　大畑　一郎,大畑　一郎,内　呼　アレ,,平18. 9. 1,ika
診療所,35,0116555,長府泌尿器科クリニック,下関市長府金屋町３番１号,083-241-0783,岡藤　泰樹,岡藤　泰樹,ひ,,平18. 10. 1,ika
診療所,35,0116571,あさの眼科医院,下関市梶栗町２丁目２番３６号,083-258-0771,医療法人あさの眼科医院　理事長　淺野　史也,淺野　史也,眼,,平18. 10. 1,ika
診療所,35,0116597,ひつもと内科循環器科医院,下関市竹崎町２丁目７番７号,083-223-0657,医療法人さくら　理事長　櫃本　孝志,櫃本　孝志,内　循,,平18. 12. 1,ika
診療所,35,0116605,医療法人ひろやま内科,下関市山の田本町１番１号,083-254-2202,医療法人ひろやま内科　理事長　弘山　直滋,弘山　直滋,内　循,,平18. 12. 1,ika
診療所,35,0116621,医療法人社団ふかほり整形外科,下関市大字有冨１６７の３,083-263-1455,医療法人社団ふかほり整形外科　理事長　深堀　勝之,深堀　勝之,整外　リウ　リハ,,平18. 12. 1,ika
診療所,35,0116639,医療法人社団かげやま耳鼻咽喉科クリニック,下関市一の宮町４丁目１番５号,083-263-3200,医療法人社団かげやま耳鼻咽喉科クリニック　理事長　影山　慎一,影山　慎一,耳い,,平18. 12. 1,ika
診療所,35,0116647,さいとうレディースクリニック,下関市細江町３丁目３番１－２０６号,083-228-0753,齋藤　剛,齋藤　剛,婦　放,,平19. 1. 1,ika
診療所,35,0116654,原田・東邦クリニック,下関市長府江下町５番１０号,083-245-6116,医療法人社団健中堂　理事長　原田　康平,原田　康平,内　循　漢方科　アレ,,平18. 12. 1,ika
診療所,35,0116662,医療法人　山口内科,下関市一の宮本町二丁目４番６号,083-257-1570,医療法人山口内科　理事長　山口　敢,山口　敢,内　消化器内科,,平19. 1. 1,ika
診療所,35,0116670,ふごの内科クリニック,下関市赤間町５番１１号,083-222-8008,畚野　信太郎,畚野　信太郎,内　消,,平19. 1. 1,ika
診療所,35,0116688,ふじかわクリニック,下関市豊浦町大字川棚７２８７の５,083-774-2224,医療法人ふじかわクリニック　理事長　藤川　佳範,藤川　佳範,内　消　リハ,,平19. 4. 1,ika
診療所,35,0116704,佐々木整形外科・外科,下関市向洋町２丁目１番２５号,083-223-2650,医療法人社団五郎会　理事長　佐々木　義浩,佐々木　義浩,整外　外　リハ　リウ,,平19. 4. 1,ika
診療所,35,0116746,森山整形クリニック,下関市幡生本町２番２号,083-251-2650,森山　繁実,森山　繁実,整外　麻　リハ,,平19. 5. 1,ika
診療所,35,0116761,花園内科クリニック,下関市後田町２丁目１番４１号,083-233-3355,医療法人花園内科クリニック　理事長　花園　繁美,花園　繁美,内　消,,平19. 5. 1,ika
診療所,35,0116811,寺崎整形外科,下関市貴船町２丁目３番２０号,083-234-7000,寺　裕田加,寺　裕田加,整外　リウ　リハ,,平19. 10. 1,ika
診療所,35,0116852,いとう腎クリニック,下関市山の田本町６番６号,083-253-0211,医療法人藤寿会　理事長　伊藤　真一,伊藤　真一,一般　内　ひ　リハ　腎内　循内,,平20. 2. 1,ika
診療所,35,0116886,吉田メディカルクリニック,下関市田中町４番１０号,083-242-7722,吉田　寛,吉田　寛,消化器内科　乳腺外科　膠原病内科,,平21. 1. 16,ika
診療所,35,0116910,長府えきまえ皮ふ科,下関市長府松小田本町５番６号,083-242-8816,安井　宏夫,安井　宏夫,皮,,平21. 2. 1,ika
診療所,35,0116928,医療法人　網野眼科,下関市竹崎町１丁目１５番２２号,083-224-0381,医療法人網野眼科　理事長　網野　憲太郎,網野　憲太郎,眼,,平21. 3. 1,ika
診療所,35,0116944,岡耳鼻咽喉科医院,下関市垢田町２丁目１５番２３号,083-252-1075,岡　和彦,岡　和彦,耳い,,平21. 4. 1,ika
診療所,35,0116985,はまさきクリニック,下関市豊浦町大字吉永１７２０の１,083-775-1192,濱﨑　達憲,濱﨑　達憲,内　消内　放　麻　外　リハ,,平21. 7. 1,ika
診療所,35,0117025,岡野クリニック,下関市川中豊町７丁目３番１号,083-255-5670,岡野　光伸,岡野　光伸,外　消内　乳外,,平21. 11. 1,ika
診療所,35,0117066,えいこう会すぎはら内科・消化器病クリニック,下関市古屋町１丁目１１番１号,083-253-1368,医療法人社団えいこう会すぎはら内科・消化器病クリニック　理事長　杉原　重哲,杉原　重哲,内　外　リハ　消内,,平22. 1. 1,ika
診療所,35,0117082,社会医療法人　松涛会　山の田内科,下関市武久町１丁目１９番３０号,083-250-7181,社会医療法人　松涛会　理事長　斎藤　妙子,村田　篤彦,内　消化器内科　リハ,,平22. 4. 1,ika
診療所,35,0117108,和田医院,下関市豊北町神田上２７６２の１,083-788-0001,和田　聡,和田　聡,内,,平22. 4. 1,ika
診療所,35,0117116,しみず耳鼻咽喉科クリニック,下関市彦島江の浦町１丁目５番１７号,083-266-5100,医療法人彦音会　理事長　清水　徳雄,清水　徳雄,耳い,,平22. 5. 1,ika
診療所,35,0117124,おぐす内科・消化器科クリニック,下関市小月茶屋１丁目８番２２号,083-281-1123,医療法人くすの木会　理事長　小楠　智文,小楠　智文,内　消,,平22. 7. 1,ika
診療所,35,0117157,井上整形外科クリニック,下関市南部町２１番２４号,083-231-3737,医療法人社団憲仁会井上整形外科　理事長　井上　憲司,井上　憲司,一般　整外　リハ,,平22. 10. 1,ika
診療所,35,0117165,下関さくらクリニック,下関市大字有冨１６７の２,083-257-7767,医療法人社団　下関さくらクリニック　理事長　和田守　憲二,和田守　憲二,乳外　消外　外　内,,平22. 10. 1,ika
診療所,35,0117181,佐々木医院,下関市大字吉田１２１９の２,083-284-0151,佐々木　優,佐々木　優,内　小　放　胃,,平23. 3. 16,ika
診療所,35,0117207,こん眼科,下関市熊野町１丁目７番５０号,083-250-1008,医療法人社団　こん眼科　理事長　今　義勝,今　義勝,眼,,平23. 4. 1,ika
診療所,35,0117215,たきべ診療所,下関市豊北町大字滝部３６６９の１,083-782-0032,医療法人　せんじゅ　理事長　河野　直樹,衛藤　泉,内　外　皮　脳外,,平23. 4. 1,ika
診療所,35,0117223,医療法人社団　かわなか整形外科,下関市綾羅木本町１丁目１２番１０号,083-254-0868,医療法人社団かわなか整形外科　理事長　新田　弘幸,新田　弘幸,整外　リハ,,平23. 7. 19,ika
診療所,35,0117231,くにのぶ内科循環器内科,下関市新垢田南町１丁目１３番２３号,083-251-0092,医療法人社団卓心会　くにのぶ内科循環器内科　理事長　國信　卓己,國信　卓己,内　循環器内科　皮　ひ,,平23. 9. 1,ika
診療所,35,0117249,よしとみクリニック,下関市岬之町５－６,083-232-6818,綿野　友美,綿野　友美,小　内,,平23. 11. 22,ika
診療所,35,0117256,医療法人　長岡内科・画像診断クリニック,下関市田中町１番１３号,083-223-5050,医療法人　長岡内科・画像診断クリニック　理事長　長岡　榮,長岡　榮,内　放　消化器内科　呼内,,平24. 1. 1,ika
病院,35,0117280,下関市立市民病院,下関市向洋町一丁目１３番１号,083-231-4111,地方独立行政法人　下関市立市民病院　理事長　田中　雅夫,田中　雅夫,一般　一般　一般　感染　整外　内科　血液内科　腎臓内科　糖尿病内分泌代謝内科　緩和ケア内科　ペインクリニック内科　リウマチ膠原病内科　呼内　循環器内科　消化器内科　消化器外科　神内　精　外科　乳腺外科　脳外　呼外　心外　小外　リハ　皮　ひ　産婦　眼　耳い　放射線診断科　放射線治療科　麻　救急科　病理　歯　歯外,382,平24. 4. 1,ika
診療所,35,0117306,下関病院附属地域診療クリニック,下関市梶栗町４丁目２番３４号,083-262-0832,医療法人　水の木会　理事長　水木　寛,末次　正知,精　神内　心内,,平24. 8. 1,ika
診療所,35,0117314,二武整形・リウマチクリニック,下関市豊浦町吉永１８４４番,083-772-0835,医療法人　皇聖会　理事長　二武　皇夫,二武　皇夫,整外　リハ　リウ　内,,平24. 9. 1,ika
診療所,35,0117348,医療法人社団　やまうち内科循環器科,下関市筋川町３番６号,083-228-0977,医療法人社団　やまうち内科循環器科　理事長　山内　正嗣,山内　正嗣,内　循,,平24. 11. 1,ika
診療所,35,0117355,杉山クリニック,下関市武久町１丁目１４－１４,083-250-8413,杉山　克樹,杉山　克樹,心内　精,,平25. 2. 1,ika
診療所,35,0117421,いちき循環器内科,下関市伊倉新町一丁目２番２号,083-227-4800,医療法人いちき循環器内科　理事長　一木　和也,一木　和也,循環器内科　呼内　内,,平25. 9. 1,ika
診療所,35,0117447,しものせき内科循環器科クリニック,下関市王司上町１丁目８－１２,083-249-2288,田中　光一,田中　光一,内　循,,平25. 10. 15,ika
診療所,35,0117454,石川ファミリークリニック,下関市伊倉新町四丁目２番２１号,083-249-5830,石川　豊,石川　豊,小　内,,平25. 12. 16,ika
診療所,35,0117504,医療法人　しものせき脳神経外科クリニック,下関市熊野町１丁目７番６号,083-251-1010,医療法人　しものせき脳神経外科クリニック　理事長　江口　裕規,江口　裕規,脳外,,平26. 9. 1,ika
診療所,35,0117512,はしもと内科医院,下関市長府松小田本町２５番１１号,083-246-1313,橋本　亮,橋本　亮,内　循内　呼内,,平26. 11. 1,ika
診療所,35,0117520,なごみクリニック,下関市菊川町田部１２０２番地１,083-288-0307,入江　和彦,入江　和彦,内　呼内　小　胃内　肝内,,平26. 11. 1,ika
診療所,35,0117538,うめだ小児科医院,下関市長府東侍町５番４５号,083-245-5390,楳田　真史,楳田　真史,小　アレ,,平26. 10. 14,ika
診療所,35,0117561,下関市こども発達センター診療所,下関市幡生本町２６番１２号,083-227-2920,社会福祉法人　下関市社会福祉事業団　理事長　後藤　吉秀,大賀　由紀,小　精,,平27. 5. 1,ika
診療所,35,0117587,きぬがわ眼科,下関市豊浦町吉永１８４３,083-227-3445,衣川　弘樹,衣川　弘樹,眼,,平27. 5. 1,ika
診療所,35,0117603,安藤内科,下関市彦島本村町７－３－１,083-266-1866,医療法人正和会　理事長　安藤　正也,安藤　正也,内　消内　呼内,,平27. 10. 1,ika
診療所,35,0117611,おづきクリニック,下関市小月駅前一丁目２番３７号,083-281-3055,医療法人おづきクリニック　理事長　三浦　直樹,三浦　直樹,整外　リハ　リウ　麻　ペインクリニック外,,平27. 12. 1,ika
診療所,35,0117629,しのはらクリニック,下関市一の宮町４丁目１番５号,083-257-1119,篠原　正博,篠原　正博,消内　肛外　腫内　疼内　外,,平28. 4. 1,ika
診療所,35,0117637,領家循環器内科,下関市細江町二丁目１番９号,083-250-7321,医療法人領家循環器内科　理事長　領家　勉,領家　勉,循内　内,,平28. 4. 1,ika
診療所,35,0117645,喜多整形外科医院,下関市豊前田町２丁目１番８号,083-222-1738,喜多　正孝,喜多　正孝,整外　リウ　リハ,,平28. 4. 1,ika
病院,35,0117652,山口県済生会豊浦病院,下関市豊浦町大字小串１０００７番３,083-774-0511,社会福祉法人恩賜財団済生会支部　山口県済生会　支部長　津江　和成,小松　宏卓,一般　一般　一般　一般　療養　療養　内　消化器内科　循環器内科　心内　神内　小　外　整外　脳外　皮　ひ　産婦　眼　耳い　リハ　麻,275,平28. 4. 1,ika
診療所,35,0117660,愛善会いけだ整形外科,下関市武久町二丁目４番３号,083-252-3333,池田　慶裕,池田　慶裕,整外　リウ　リハ,,平28. 7. 1,ika
診療所,35,0117686,井町産婦人科医院,下関市秋根南町２丁目１番１８号,083-263-3070,医療法人正仁会　理事長　井町　正士,井町　正士,一般　産婦,,平29. 1. 1,ika
診療所,35,0117694,あやらぎこどもクリニック,下関市綾羅木本町５丁目２番７号,083-251-6666,岩井　崇,岩井　崇,小,,平29. 4. 1,ika
診療所,35,0117702,しものせき皮ふ科クリニック,下関市新椋野３丁目１－２３,083-227-2102,中村　好貴,中村　好貴,皮　アレ,,平29. 5. 1,ika
診療所,35,0117728,いとう整形外科,下関市新椋野３丁目１－７,083-242-4114,伊藤　裕,伊藤　裕,整外　リハ,,平29. 8. 1,ika
診療所,35,0117736,ひらの胃腸科・内科医院,下関市幸町３番８号,083-223-7604,平野　厚宜,平野　厚宜,胃腸内科　内,,平29. 11. 1,ika
診療所,35,0117744,野村整形外科,下関市綾羅木本町四丁目８番１号,083-253-6868,医療法人社団弥生会　理事長　野村　茂治,野村　裕,整外　リウ　リハ,,平30. 1. 1,ika
診療所,35,0117751,ももさき皮ふ科,下関市田中町１１番１３号,083-228-5015,医療法人ももさき皮ふ科　理事長　桃崎　直也,桃崎　直也,皮,,平30. 1. 1,ika
診療所,35,0117785,とね眼科クリニック,下関市彦島江の浦町一丁目７番８号,083-266-2000,医療法人ＥＹＥＳＴＯＮＥＳ　理事長　登根　慎治郎,登根　慎治郎,眼,,平30. 5. 1,ika
病院,35,0117793,稗田病院,下関市稗田中町８番１８号,083-251-2121,医療法人社団葵会　理事長　新谷　幸義,井上　宏治,精神　療養　精　神　内,188,平30. 7. 1,ika
診療所,35,0117819,きし腎泌尿器科,下関市川中豊町７丁目１番３７号,083-242-1105,医療法人社団三陽会　理事長　前田　日出三,岸　弓景,ひ　腎臓内科（人工透析）,,平30. 9. 1,ika
診療所,35,0117868,医療法人　まつもと眼科,下関市羽山町４番１号,083-228-5555,医療法人まつもと眼科　理事長　松本　博善,松本　博善,眼,,平31. 2. 5,ika
診療所,35,0117884,福村眼科,下関市綾羅木本町二丁目５－１５,083-242-2770,福村　美帆,福村　美帆,眼,,令元. 12. 1,ika
診療所,35,0117892,小西循環器科・内科医院,下関市伊倉町二丁目１番１０号,083-242-5241,医療法人小西循環器科・内科医院　理事長　小西　光明,小西　光明,内　循,,令元. 12. 1,ika
診療所,35,0117918,ひまわり内科クリニック,下関市形山みどり町１４－１９,083-242-1570,小林　峻,小林　峻,内　循環器内科,,令2. 4. 1,ika
診療所,35,0117926,おがた婦人科クリニック,下関市赤間町３－５,083-223-5080,緒形　健仁,緒形　健仁,産婦,,令2. 4. 1,ika
診療所,35,0117942,勝山クリニック,下関市大字田倉２２１番地１１,083-256-8866,医療法人茜会　理事長　水　一郎,佐栁　進,内,,令3. 1. 1,ika
診療所,35,0117967,ゆめ眼科,下関市伊倉新町三丁目１番１号ゆめシティ２階,083-250-7110,医療法人ひまわり会　理事長　伊藤　正吾,村上　新平,眼,,令3. 5. 1,ika
診療所,35,0117983,しん耳鼻咽喉科,下関市三河町１５番４２号,083-250-3387,進　保朗,進　保朗,耳い　小児耳鼻咽喉科　アレ,,令3. 12. 1,ika
病院,35,0117991,脳神経筋センターよしみず病院,下関市後田町１丁目１番１号,083-231-3888,医療法人茜会　理事長　水　一郎,神田　隆,一般　一般　療養　療養　内　外　整外　脳内　脳外　ひ　歯　放　循内　消内　膠原病・リウマチ内　リハ　眼,391,令3. 12. 1,ika
診療所,35,0118007,スマイルキッズクリニック,下関市小月駅前１丁目２番４３号,083-281-1000,医療法人　スマイルキッズクリニック　茶堂　宏,茶堂　宏,小　アレ,,令4. 1. 1,ika
診療所,35,0118015,おくだ内科・循環器内科クリニック,下関市熊野町１丁目７番１０号,083-250-7210,奥田　治人,奥田　治人,内　循環器内科,,令4. 4. 1,ika
診療所,35,0118023,ひがしえき　菜のはな耳鼻咽喉科,下関市羽山町４番１号,083-242-1287,伊藤　彩,伊藤　彩,耳い,,令4. 5. 1,ika
診療所,35,0118031,きど整形外科,下関市稗田町９番３０号,083-227-4886,医療法人社団　きど整形外科　理事長　城戸　正詩,城戸　聡,整外　リウ　リハ,,令4. 5. 1,ika
診療所,35,0118056,ひろせ耳鼻咽喉科クリニック,下関市上田中町２－９－６,083-227-2356,医療法人くじら雲　理事長　廣瀬　敬信,廣瀬　敬信,耳い　頭頚部外科,,令5. 1. 1,ika
診療所,35,0118064,やました整形外科クリニック,下関市羽山町１番１号,083-228-1015,山下　彰久,山下　彰久,整外　リハ　リウ,,令5. 5. 1,ika
診療所,35,0118072,かよ皮ふ科クリニック,下関市梶栗町三丁目７番８号,083-262-1277,山本　佳世,山本　佳世,皮,,令5. 5. 1,ika
診療所,35,0118080,医療法人社団　若葉会　中島クリニック,下関市田倉７９７,083-257-3333,医療法人社団　若葉会　中島クリニック　理事長　中島　忠亮,中島　忠亮,内　循環器内科　呼内,,令5. 5. 8,ika
診療所,35,0118106,五十嵐内科,下関市幡生本町７－１２,083-252-0733,五十嵐　久人,五十嵐　久人,内　消化器内科,,令5. 11. 1,ika
診療所,35,0118114,はら心療クリニック,下関市秋根北町５－７　ノビリティ新下関Ａ１０５,083-227-3163,医療法人　はら心療クリニック　理事長　原　正吾,原　正吾,精　心内,,令6. 1. 1,ika
診療所,35,0118163,すずらんレディースクリニック,下関市大学町１丁目４番２４号,083-252-2200,田　恭子,田　恭子,一般　産婦,,令6. 6. 1,ika
診療所,35,0118171,けんぞう内科クリニック,下関市豊浦町大字吉永１８４０,083-242-0217,伊藤　賢三,伊藤　賢三,内　放　リハ,,令6. 6. 1,ika
診療所,35,0118189,志摩脳神経外科クリニック,下関市形山みどり町１５－２６,083-242-0911,志摩　秀広,志摩　秀広,脳外,,令7. 3. 1,ika
診療所,35,0118197,いな内科・糖尿病クリニック,下関市伊倉新町１丁目５番４３号,083-250-8704,医療法人糖心会　理事長　伊奈　雄二郎,伊奈　雄二郎,糖尿病内科　循環器内科　内,,令6. 12. 1,ika
診療所,35,0118205,ひので小児科,下関市梶栗町２－２－２２,083-255-1234,平野　玲史,平野　玲史,小　アレ,,令7. 5. 1,ika
診療所,35,0118213,ありた眼科,下関市長府中土居北町４番７号,083-241-1010,医療法人ありた眼科　理事長　在田　稔章,在田　稔章,眼,,令7. 4. 1,ika
診療所,35,0118239,おだ内科　循環器　呼吸器クリニック,下関市大字石原１２７コスパ新下関クリニックビル１Ｆ,083-263-2200,医療法人厚心会　理事長　小田　哲郎,小田　哲郎,内　循環器内科　呼内　消化器内科,,令7. 5. 1,ika
診療所,35,0118247,安岡みみ・はな・のどクリニック,下関市富任町１丁目６－１２,083-242-8335,松浦　貴文,松浦　貴文,耳い　アレ,,令7. 9. 1,ika
診療所,35,0118254,なかやまメモリー・メンタルクリニック,下関市富任町５丁目３番３７号,083-242-1810,中山　寛人,中山　寛人,精　心内,,令7. 11. 1,ika
診療所,35,0118270,医療法人星の里会　岡医院,下関市小月本町二丁目１５－２０,083-282-0070,医療法人星の里会　岡医院　理事長　岡　保人,岡　保人,療養　外　内　整外　脳外　乳腺外科　リハ,,令7. 10. 1,ika
診療所,35,0118288,さとう循環器内科医院,下関市小月駅前１－６－２５,083-282-0137,佐藤　孝志,佐藤　孝志,内　循環器内科,,令8. 1. 1,ika
診療所,35,0118296,よろず訪問クリニック,下関市清末鞍馬二丁目３番１９号,083-282-0507,佐藤　康弘,佐藤　康弘,内,,令7. 12. 14,ika
診療所,35,0118304,しのはら整形外科クリニック,下関市王司上町一丁目８番２号,083-242-5888,篠原　大地,篠原　大地,整外　リハ　リウ,,令8. 4. 1,ika
診療所,35,0118312,おかざき耳鼻咽喉科クリニック,下関市富任町５－３－３７,083-242-6200,岡﨑　吉紘,岡﨑　吉紘,耳い,,令8. 4. 1,ika
診療所,35,0118320,はまだ内科・循環器内科クリニック,下関市貴船町２丁目１－１７,083-242-7272,濵田　頼臣,濵田　頼臣,内　循環器内科,,令8. 5. 1,ika
診療所,35,0118338,ともスキンクリニック,下関市大字石原１２７コスパ新下関クリニックビル２Ｆ,083-263-2828,医療法人朋誠会　理事長　沖田　朋子,沖田　朋子,皮　美容皮膚科,,令8. 2. 1,ika
診療所,35,0118346,やまおか内科循環器科,下関市梶栗町３丁目７－１０,083-262-1233,山岡　孝之,山岡　孝之,内　循環器内科　呼内　アレ,,令8. 5. 17,ika
診療所,35,0210119,宇部市休日・夜間救急診療所,宇部市琴芝町２丁目１番１０号,083-631-1099,宇部市長　篠﨑　圭二,西村　滋生,内　小　外　眼　耳い　歯,,昭55. 6. 8,ika
病院,35,0210135,医療法人博愛会　宇部記念病院,宇部市上町１丁目４番１１号,0836-31-1146,医療法人博愛会　理事長　江澤　和彦,山下　晃正,一般　一般　一般　一般　療養　療養　内　循環器内科　消化器内科　消化器外科　呼内　脳内　外　整外　リウ　脳外　放　皮　ひ　形外　耳い　眼　リハ　麻　歯,190,昭32. 10. 4,ika
診療所,35,0210705,セントラル硝子株式会社宇部工場診療所,宇部市大字沖宇部５２５３,0836-22-5032,セントラル硝子株式会社　宇部工場長　佐藤　敬二,鍋島　篤典,内,,昭35. 10. 7,ika
病院,35,0211380,医療法人厚仁会　西宇部病院,宇部市大字際波２４８の１,0836-41-8190,医療法人厚仁会　理事長　田中　隆穗,田中　隆穂,精神　内　精　神　皮　歯　矯歯　小歯,209,昭39. 4. 1,ika
病院,35,0211448,医療法人和同会　片倉病院,宇部市大字西岐波２２９の３,0836-51-6222,医療法人和同会　理事長　髙橋　幹治,堀田　秀文,精神　精神　精神　精　神　歯,162,昭40. 1. 1,ika
診療所,35,0211794,山本内科,宇部市北琴芝２丁目１２番１２号,0836-21-1580,山本　徹,山本　徹,内　呼　胃　循,,昭52. 3. 1,ika
病院,35,0211935,医療法人和同会　宇部リハビリテーション病院,宇部市大字西岐波２２９の３,0836-51-3111,医療法人和同会　理事長　髙橋　幹治,松永　信,療養　療養　療養　療養　内　眼　皮　耳い　神内　精　リハ　放　小,232,昭54. 8. 1,ika
病院,35,0211976,医療法人聖比留会　セントヒル病院,宇部市今村北３丁目７番１８号,0836-51-5111,医療法人聖比留会　理事長　浜辺　崇衣,藤井　善蔵,一般　一般　療養　療養　内　呼内　循環器内科　消化器内科　腎臓内科　透析　外　消化器外科　整外　ひ　脳外　放　麻　リハ,184,昭54. 9. 1,ika
診療所,35,0211992,根木胃腸科,宇部市島３丁目６番１５号,0836-21-0526,根木　みゆき,根木　逸郎,胃,,昭55. 4. 1,ika
診療所,35,0212263,なにわ皮膚科医院,宇部市相生町３番１８号,0836-22-1617,浪花　志郎,浪花　志郎,皮　アレ,,昭59. 4. 1,ika
診療所,35,0212271,松谷医院,宇部市中央町３丁目１１番１６号,0836-21-0870,石井　征文,石井　征文,内,,昭59. 4. 1,ika
病院,35,0212354,医療法人社団　泉仁会　宇部第一病院,宇部市大字木田字中山田４０の２０,0836-62-1001,医療法人社団泉仁会　理事長　南　博朗,蒲地　康人,療養　療養　療養　療養　内　消化器内科　精　神内　外　脳外　整外　放　リハ　歯,160,昭60. 8. 1,ika
病院,35,0212420,医療法人聖比留会　厚南セントヒル病院,宇部市大字妻崎開作１０８,0836-44-2111,医療法人聖比留会　理事長　浜辺　崇衣,内山　浩一,一般　一般　療養　療養　内　脳外　ひ　放　放射線治療科　循環器内科　消化器内科,80,昭62. 7. 1,ika
診療所,35,0212438,水木神経内科医院,宇部市明治町２丁目５番７号,0836-34-1056,水木　章夫,水木　章夫,精　心内　神内　内,,平6. 4. 13,ika
診療所,35,0212511,医療法人社団　うのしま内科クリニック,宇部市浜町２丁目１１番１５号,0836-34-1101,医療法人社団うのしま内科クリニック　理事長　浦山　直樹,浦山　直樹,内　放　消内　鏡内,,平元. 2. 1,ika
診療所,35,0212529,医療法人社団　土屋医院,宇部市上町２丁目３番１１号,0836-33-8116,医療法人社団土屋医院　理事長　土屋　智,土屋　智,精　神　心内　脳内　睡眠障害内科,,平元. 4. 18,ika
診療所,35,0212537,医療法人社団　永谷眼科,宇部市島３丁目１０番１１号,0836-21-4060,医療法人社団　永谷眼科　理事長　永谷　学,永谷　学,眼,,平2. 12. 1,ika
診療所,35,0212545,医療法人仁心会南園クリニック,宇部市昭和町１丁目２番１５号,0836-22-3434,医療法人仁心会　理事長　南園　忠,南園　忠,一般　内　脳外　神内　腎臓内科（人工透析）　循環器内科,,平2. 10. 14,ika
診療所,35,0212586,医療法人社団　鈴木小児科医院,宇部市今村北４丁目２６番１５号,0836-51-1100,医療法人社団　鈴木小児科医院　理事長　鈴木　康夫,鈴木　康夫,小　アレ,,平元. 8. 1,ika
診療所,35,0212610,医療法人社団良芙会　藤田放射線科,宇部市琴芝町１丁目２番５７号,0836-33-6677,医療法人社団良芙会藤田放射線科　理事長　藤田　岳史,藤田　岳史,放,,平元. 11. 1,ika
診療所,35,0212628,おばやま血管心臓病クリニック,宇部市南小羽山町２丁目１９番１３号,0836-21-2900,医療法人社団おばやま内科　理事長　安本　教則,安本　教則,内　循　外,,平元. 11. 1,ika
診療所,35,0212644,医療法人社団　東整形外科,宇部市恩田町２丁目８番８号,0836-32-0085,医療法人社団東整形外科　理事長　東　良和,東　良和,整外　リハ　リウ,,平元. 11. 1,ika
診療所,35,0212677,医療法人社団　浅山眼科,宇部市常盤町１丁目１番４号,0836-21-2321,医療法人社団　浅山眼科　理事長　浅山　展也,浅山　展也,眼,,平2. 4. 1,ika
病院,35,0212693,医療生活協同組合健文会　宇部協立病院,宇部市五十目山町１６番２３号,0836-33-6111,医療生活協同組合健文会　理事長　上野　尚,坂田　勇司,一般　一般　療養　療養　内　呼内　消化器内科　循環器内科　こう門外科　外　整外　精　リウ　リハ　放　糖尿病内分泌内科　総合診療科　脳内,159,平2. 4. 1,ika
診療所,35,0212750,医療法人社団弘洋会　床波内科,宇部市今村南１丁目２番４０－５号,0836-51-1313,医療法人社団弘洋会　床波内科　髙田　弘一郎,髙田　弘一郎,内　循　放,,平2. 9. 1,ika
診療所,35,0212768,医療法人社団ふじもと内科胃腸科医院,宇部市東梶返４丁目７番７号,0836-32-3313,医療法人社団ふじもと内科胃腸科医院　理事長　藤本　憲史,藤本　憲史,内　胃,,平2. 9. 1,ika
診療所,35,0212776,医療法人社団西村外科医院,宇部市大字妻崎開作８１２の１,0836-41-5010,医療法人社団西村外科医院　理事長　西村　光平,西村　光平,胃　外　リハ　放,,平2. 9. 1,ika
診療所,35,0212792,医療法人社団　いそべ整形外科医院,宇部市松山町１丁目８番２３号,0836-32-3320,医療法人社団　いそべ整形外科医院　理事長　礒部　輝雄,礒部　輝雄,整外　リハ　リウ,,平3. 1. 1,ika
診療所,35,0212834,山田皮ふ科,宇部市開１丁目２番７号,0836-35-4970,山田　健一,山田　健一,皮,,平3. 5. 1,ika
診療所,35,0212867,医療法人社団　すが眼科,宇部市大字東須恵７５１の１９,0836-44-2211,医療法人社団すが眼科　理事長　菅　順子,菅　順子,眼,,平7. 10. 12,ika
診療所,35,0212883,医療法人社団　たはら整形外科,宇部市大字中野開作６５,0836-44-1100,医療法人社団たはら整形外科　理事長　多原　哲治,多原　哲治,整外　リハ　リウ,,平4. 1. 1,ika
診療所,35,0213014,医療法人社団　矢野外科医院,宇部市鍋倉町６番４５号,0836-22-1001,医療法人社団矢野外科医院　理事長　矢野　忠生,矢野　忠生,外　胃　こう　リハ　放　麻,,平5. 5. 1,ika
診療所,35,0213022,医療法人社団徳久内科医院,宇部市恩田町２丁目２２番４１号,0836-33-3372,医療法人社団徳久内科医院　理事長　德久　弘,德久　弘,内　循,,平5. 9. 1,ika
診療所,35,0213048,永井レディースクリニック,宇部市厚南北五丁目２番４５号,0836-44-1644,永井　理博,永井　理博,産婦　内,,平5. 11. 1,ika
診療所,35,0213071,生協上宇部クリニック,宇部市海南町２番２５号,0836-33-3395,医療生活協同組合健文会　理事長　上野　尚,馬場　洋明,内,,平6. 1. 1,ika
診療所,35,0213097,ひらた内科クリニック,宇部市若松町５番５号,0836-21-9880,医療法人社団淳和会　理事長　平田　哲,平田　哲,内　呼　リウ　アレ,,平6. 1. 1,ika
診療所,35,0213113,ブライトンクリニック,宇部市大字西岐波１５５１の１,0836-51-9530,河野　嘉彦,河野　嘉彦,耳い　皮　心内,,平6. 7. 1,ika
診療所,35,0213139,医療法人社団　猪熊耳鼻咽喉科,宇部市中村３丁目５番２２号,0836-35-8787,医療法人社団猪熊耳鼻咽喉科　理事長　猪熊　哲彦,猪熊　哲彦,耳い,,平6. 9. 1,ika
診療所,35,0213170,医療法人社団　久本皮ふ科医院,宇部市北琴芝２丁目１０番１０号,0836-22-8221,医療法人社団久本皮ふ科医院　理事長　久本　和夫,久本　和夫,皮,,平7. 3. 1,ika
診療所,35,0213188,清水泌尿器科,宇部市浜町２丁目３番３４号,0836-21-2600,医療法人清水泌尿器科　理事長　清水　勇樹,清水　勇樹,ひ,,平7. 5. 1,ika
診療所,35,0213238,医療法人　フジイ内科医院,宇部市西小串五丁目６番２１号,0836-32-0760,医療法人フジイ内科医院　理事長　藤井　新也,藤井　新也,内,,平7. 11. 1,ika
診療所,35,0213253,高田外科医院,宇部市床波２丁目５番３３の３,0836-51-9605,髙田　伸一,髙田　伸一,外　内　整外　呼内　消内　消外　呼外,,平7. 11. 20,ika
診療所,35,0213287,末冨内科クリニック,宇部市厚南中央二丁目２番３号,0836-41-1231,医療法人末冨内科クリニック　理事長　末冨　洋一郎,末冨　洋一郎,内　放　消内　鏡内,,平8. 4. 1,ika
診療所,35,0213311,西垣内放射線科,宇部市大字妻崎開作９１４の２,0836-41-6200,医療法人西垣内医院　理事長　西垣内　一哉,西垣内　一哉,放　胃　呼　リハ,,平9. 2. 1,ika
病院,35,0213329,医療法人太白会シーサイド病院,宇部市大字東岐波４３２２の１,0836-58-5360,医療法人太白会　理事長　延谷　壽夫,延谷　壽夫,療養　療養　内　循環器内科　呼内　アレ　放　リハ,155,平9. 2. 1,ika
診療所,35,0213394,ときわクリニック,宇部市大字西岐波４７３９の２,0836-51-3321,若松　隆史,若松　隆史,外　内　整外　リハ　胃　呼　脳外,,平9. 8. 1,ika
診療所,35,0213402,渡辺内科医院,宇部市松山町４丁目９番７号,0836-21-1869,渡邊　英明,渡邊　英明,内　胃　放　消,,平9. 10. 1,ika
診療所,35,0213428,医療法人社団コスモス会　オクダ内科循環器科,宇部市厚南中央一丁目２番６６号,0836-44-4970,医療法人社団コスモス会オクダ内科循環器科　理事長　奥田　史雄,奥田　史雄,内　循　呼　放,,平9. 10. 1,ika
診療所,35,0213436,上宇部外科,宇部市海南町２番１２号,0836-21-8888,医療法人社団上宇部外科　理事長　佐々木　丈二,佐々木　丈二,外　整外　循環器内科　消化器内科　呼内　リハ,,平9. 10. 1,ika
診療所,35,0213469,むらかみこどもクリニック,宇部市大字東須恵１９７７の１１,0836-44-4976,村上　俊雄,村上　俊雄,小　アレ,,平10. 2. 1,ika
診療所,35,0213493,医療法人社団　廣重内科,宇部市床波２丁目３番６号,0836-51-7100,医療法人社団廣重内科　理事長　廣重　幸雄,廣重　幸雄,内,,平10. 4. 1,ika
診療所,35,0213519,医療法人社団　長谷川眼科　琴芝クリニック,宇部市北琴芝２丁目５番２１号,0836-36-4688,医療法人社団　長谷川眼科　理事長　長谷川　靖,長谷川　奈津江,眼,,平10. 7. 1,ika
診療所,35,0213543,森重整形外科,宇部市寿町２丁目８番１６号,0836-35-7060,医療法人社団雄史会　理事長　森重　登志雄,森重　登志雄,整外　リハ　リウ,,平10. 10. 1,ika
診療所,35,0213568,耳鼻咽喉科クリニカ厚南,宇部市大字東須恵７５１の１８,0836-41-1112,医療法人社団立英会　理事長　井上　英輝,井上　英輝,耳い,,平10. 10. 1,ika
診療所,35,0213576,医療法人社団　小沢内科医院,宇部市琴芝町１丁目４番３１号,0836-22-1515,医療法人社団小沢内科医院　理事長　佐伯　幸男,佐伯　幸男,内　循　呼,,平10. 10. 1,ika
診療所,35,0213618,ふくたクリニック,宇部市島３丁目８番１３号,0836-32-5088,医療法人社団恒誠会　理事長　小田　隆将,小田　隆将,内　呼内　リウ　循環器内科,,平11. 9. 1,ika
診療所,35,0213642,くが医院,宇部市東本町２丁目６番２５号,0836-21-2087,空閑　克則,空閑　克則,内,,平11. 12. 1,ika
診療所,35,0213659,医療法人社団にしむら内科クリニック,宇部市山門４丁目１番２７号,0836-35-0099,医療法人社団にしむら内科クリニック　理事長　西村　滋生,西村　滋生,内　胃　循　放　リハ　呼,,平12. 1. 1,ika
診療所,35,0213667,医療法人社団いのくまこどもクリニック,宇部市大字西岐波大沢４５３５の５,0836-51-0880,医療法人社団いのくまこどもクリニック　理事長　猪熊　和代,猪熊　和代,小,,平12. 1. 1,ika
診療所,35,0213709,医療法人社団小羽山クリニック,宇部市北小羽山町２丁目６番５２号,0836-32-5117,医療法人社団小羽山クリニック　理事長　森　竜樹,森　竜樹,皮,,平12. 9. 1,ika
診療所,35,0213717,ひらき内科,宇部市開１丁目３番３号,0836-22-8808,医療法人ひらき内科　理事長　山本　浩二,山本　雅子,内,,平12. 9. 1,ika
診療所,35,0213725,小林整形外科,宇部市西宇部南４丁目９番２６号,0836-41-8380,医療法人社団小林整形外科　理事長　小林　秀樹,小林　秀樹,一般　一般　整外　リハ,,平12. 9. 1,ika
診療所,35,0213766,なかの眼科クリニック,宇部市大字西岐波１７２２の１,0836-51-0086,中野　朋子,中野　朋子,眼,,平13. 4. 1,ika
診療所,35,0213824,沖中耳鼻咽喉科クリニック,宇部市岬町１丁目２番３３号,0836-29-1133,医療法人社団　沖中耳鼻咽喉科　理事長　沖中　芳彦,沖中　芳彦,耳い,,平13. 9. 1,ika
診療所,35,0213840,医療法人社団　はしもと産婦人科医院,宇部市大字東須恵１９５９の１０,0836-45-0355,医療法人社団　はしもと産婦人科医院　理事長　橋本　恭治,橋本　恭治,一般　産婦,,平13. 10. 1,ika
診療所,35,0213857,医療法人　香山会　きわらクリニック耳鼻咽喉科,宇部市大字東岐波１０５３の６,0836-59-1133,医療法人　香山会　きわらクリニック耳鼻咽喉科　理事長　緒方　洋一,緒方　洋一,耳い,,平13. 10. 1,ika
診療所,35,0213865,医療法人社団　小野整形外科クリニック,宇部市西岐波山村２７５９の６,0836-54-0357,医療法人社団　小野整形外科クリニック　理事長　小野　直司,小野　直司,整外　リハ　リウ,,平13. 10. 1,ika
診療所,35,0213873,いそやま泌尿器科クリニック,宇部市大字西岐波１５５０の５,0836-54-0170,医療法人　愛心会　理事長　磯山　理一郎,磯山　理一郎,ひ　腎内,,平14. 1. 1,ika
診療所,35,0213899,医療法人社団　　内田内科消化器科,宇部市床波２丁目５番２６号,0836-51-9323,医療法人社団　内田内科消化器科　理事長　内田　悦慈,内田　悦慈,内　消　放,,平14. 9. 1,ika
診療所,35,0213923,たての皮膚科クリニック,宇部市大字東岐波５６７６,0836-59-1112,立野　裕晶,立野　裕晶,皮　アレ　形外,,平15. 5. 1,ika
診療所,35,0213949,すがメンタルクリニック,宇部市大字中野開作４３３の３,0836-45-2233,菅　智史,菅　智史,精　心内,,平16. 3. 1,ika
診療所,35,0213972,医療法人社団　開クリニック,宇部市開６丁目１１番５号,0836-22-7272,医療法人社団　開クリニック　理事長　蔵澄　茂,蔵澄　茂,外　内　整外　リハ,,平16. 9. 1,ika
診療所,35,0213980,医療法人社団　ニシムラ内科,宇部市大字東岐波２１５１の２,0836-59-2466,医療法人社団　ニシムラ内科　理事長　西村　学,西村　学,内,,平16. 9. 1,ika
診療所,35,0214004,おのだ放射線科クリニック,宇部市東小羽山町４丁目１番２号,0836-22-0331,医療法人ささい　小野田　秀子,小野田　秀子,放　胃　呼,,平16. 10. 1,ika
診療所,35,0214020,わだ泌尿器科クリニック,宇部市沼１丁目１番２３号,0836-37-6000,医療法人　わだ泌尿器科クリニック　理事長　和田　尚,和田　尚,ひ　性,,平17. 1. 1,ika
診療所,35,0214046,医療法人いぶき会　針間産婦人科,宇部市常盤町２丁目１番４４号,0836-21-2373,医療法人いぶき会　理事長　金子　法子,金子　法子,一般　産婦,,平17. 7. 1,ika
病院,35,0214053,医療法人信和会　高嶺病院,宇部市大字善和１８７の２,0836-62-1100,医療法人信和会　理事長　佐々木　順,佐々木　順,精神　精　神　心内　内　歯,127,平17. 8. 1,ika
診療所,35,0214061,医療法人社団　大西クリニック,宇部市大字東岐波２１１８の１３,0836-58-5191,医療法人社団　大西クリニック　理事長　大西　公二,大西　公二,精　心内　神,,平17. 9. 1,ika
診療所,35,0214079,金子小児科,宇部市上町１丁目６番１６号,0836-22-0006,金子　淳子,金子　淳子,小,,平17. 9. 1,ika
診療所,35,0214095,きわなみ内科クリニック,宇部市西宇部南３丁目２番１５号,0836-41-1114,医療法人　雅美会　理事長　畠中　雅生,畠中　雅生,内　呼　糖尿病内科　甲状腺内科,,平17. 12. 1,ika
診療所,35,0214111,医療法人社団　かわかみ整形外科・小児科クリニック,宇部市野原１丁目５番５号,0836-37-3700,医療法人社団　かわかみ整形外科・小児科クリニック　理事長　川上　不二夫,川上　不二夫,整外　小　リハ　リウ,,平18. 1. 1,ika
診療所,35,0214145,むべの里診療所,宇部市大字東須恵３２０の１９,0836-38-5675,社会福祉法人　むべの里光栄　理事長　隅田　典代,吉見　真一,内　漢方内科,,平18. 4. 1,ika
病院,35,0214152,医療法人仁心会　宇部仁心会病院,宇部市寿町３丁目２番２６号,0836-31-3337,医療法人仁心会　理事長　南園　忠,松本　奉,一般　療養　内　循　心臓内科　腎臓内科,,平18. 4. 1,ika
診療所,35,0214178,医療法人社団　なかの耳鼻咽喉科クリニック,宇部市大字妻崎開作１１０の３,0836-41-3387,医療法人社団　なかの耳鼻咽喉科クリニック　理事長　中野　博孝,中野　博孝,耳い,,平18. 5. 1,ika
診療所,35,0214186,医療法人太白会　ひがしきわ整形外科クリニック,宇部市大字東岐波５６１０の７,0836-59-1717,医療法人太白会　理事長　延谷　壽夫,藤井　謙三,整外　リハ,,平18. 6. 1,ika
診療所,35,0214194,永井皮ふ科医院,宇部市厚南北一丁目３番２２号,0836-44-1991,永井　純子,永井　純子,皮,,平18. 6. 1,ika
診療所,35,0214202,かわむらクリニック,宇部市大字東岐波３８４８の６,0836-58-4970,川村　明,川村　明,内　胃　外　こう　皮　リハ　漢方内科,,平18. 8. 1,ika
診療所,35,0214210,くろかわクリニック,宇部市亀浦１丁目２番２２号,0836-37-2255,黒川　泰,黒川　泰,脳外　神内,,平18. 9. 1,ika
診療所,35,0214236,はらぐち内科呼吸器科,宇部市明神町１丁目１番２１号,0836-31-3100,原口　正彦,原口　正彦,内　呼　循　アレ,,平18. 10. 1,ika
診療所,35,0214244,医療法人社団尾崎循環器内科,宇部市大字西岐波４６９５の１,0836-51-4970,医療法人社団尾崎循環器内科　理事長　尾﨑　正治,尾﨑　正治,内　循　呼,,平18. 9. 1,ika
診療所,35,0214269,藤本内科・脳神経内科,宇部市則貞５丁目５番７号,0836-29-1128,医療法人きらり　理事長　藤本　定一,藤本　定一,内　神内　リハ,,平18. 10. 1,ika
診療所,35,0214277,医療法人社団　藤野内科,宇部市寿町１丁目３番３３号,0836-32-1521,医療法人社団　藤野内科　理事長　藤野　隆,藤野　隆,内　呼　循,,平18. 11. 1,ika
診療所,35,0214301,西川医院,宇部市大字西岐波３２５の１,0836-54-2525,医療法人テレサ会　理事長　西川　雅裕,西川　雅裕,内　外　胃　こう　放　リハ　精　発達小児科　児童精神科　小児神経科,,平19. 1. 1,ika
診療所,35,0214319,よこやま皮ふ科クリニック,宇部市大字中野開作６８の４,0836-45-2000,横山　一雄,横山　一雄,皮,,平19. 4. 1,ika
診療所,35,0214327,野中耳鼻科,宇部市西本町１丁目１番４２号,0836-21-6006,野中　隆三郎,野中　隆三郎,耳い　アレ,,平19. 4. 1,ika
診療所,35,0214368,医療法人　たお内科クリニック,宇部市島２丁目４番１１号,0836-37-3310,医療法人　たお内科クリニック　理事長　田尾　健,田尾　健,内,,平21. 1. 1,ika
診療所,35,0214376,江本智子ウィメンズクリニック,宇部市神原町１丁目４番８号,083-638-5111,江本　智子,江本　智子,婦　女内,,平21. 4. 1,ika
診療所,35,0214384,近本眼科,宇部市恩田町２丁目５番１５号,0836-35-7830,近本　信彦,近本　信彦,眼,,平22. 5. 1,ika
診療所,35,0214426,やまもとクリニック,宇部市黒石北三丁目１番５３号,0836-45-2599,医療法人社団　厚心会　理事長　山本　光太郎,山本　光太郎,内　外　消内　リハ,,平23. 2. 1,ika
病院,35,0214434,山口県立こころの医療センター,宇部市大字東岐波４００４の２,0836-58-2370,地方独立行政法人　山口県立病院機構　理事長　岡　紳爾,兼行　浩史,精神　精,180,平23. 4. 1,ika
診療所,35,0214442,たていしクリニック,宇部市常盤町１丁目４番２５号,0836-32-7500,医療法人比真会　たていしクリニック　理事長　立石　裕樹,立石　裕樹,内　循環器内科,,平23. 5. 1,ika
診療所,35,0214467,金沢守クリニック,宇部市東岐波５６８９の４,0836-58-3366,金沢　守,金沢　守,リウ　内　外,,平23. 9. 1,ika
病院,35,0214475,宇部西リハビリテーション病院,宇部市沖ノ旦７９７番地,0836-45-2111,医療法人　和同会　理事長　髙橋　幹治,梶原　浩司,療養　療養　内　神内　リハ　放　脳外　循環器内科　消化器内科,250,平24. 7. 1,ika
診療所,35,0214525,江本内科,宇部市神原１丁目４番１０号,0836-38-5126,江本　政広,江本　政広,内　糖尿病内科　内分泌内科,,平25. 5. 1,ika
診療所,35,0214533,くまがい眼科,宇部市東岐波２１２９番１,0836-58-6006,医療法人樹和会　理事長　寺西　慎一郎,寺西　慎一郎,眼,,平25. 9. 1,ika
診療所,35,0214541,くろいし内科クリニック,宇部市大字妻崎開作５０３番地１,0836-45-0005,医療法人生佳会　理事長　岩立　光生,岩立　光生,内　呼内　循環器内科,,平25. 9. 1,ika
診療所,35,0214574,ふじつ眼科,宇部市小串９１－２０,0836-39-7777,藤津　揚一朗,藤津　揚一朗,眼,,平26. 4. 1,ika
病院,35,0214582,医療法人社団清冨会　サンポプラ病院,宇部市明治町１丁目７番７号,0836-21-2864,医療法人社団清冨会　サンポプラ病院　理事長　南園　忠,南園　宗子,療養　腎臓内科（人工透析）　循環器内科　消化器内科　内,,平26. 4. 1,ika
診療所,35,0214608,波乗りクリニック,宇部市大字東岐波字丸尾４３２７番８,0836-59-1173,小早川　節,小早川　節,内　心内,,平26. 5. 1,ika
診療所,35,0214616,くさの胃腸内科クリニック,宇部市大字東須恵１９７６番地１,0836-45-0333,医療法人　くさの胃腸内科クリニック　理事長　草野　倫好,草野　倫好,内　胃内　鏡内　肝内,,平26. 5. 1,ika
診療所,35,0214624,竹川小児科医院,宇部市厚南中央二丁目１番９号,0836-41-3100,竹川　剛史,竹川　剛史,小　アレ,,平26. 9. 1,ika
病院,35,0214632,宇部中央病院,宇部市大字西岐波７５０番地,0836-51-9338,医療法人社団　宇部中央病院　理事長　西崎　隆文,西崎　隆文,一般　一般　内　消化器内科　循環器内科　脳内　外　消化器外科　整外　脳外　皮　耳い　ひ　産婦　眼　放　麻　歯　歯外　リハ　糖尿病・血液内科　呼内　救急科　病理,374,平26. 10. 1,ika
診療所,35,0214640,しながわクリニック,宇部市東琴芝１丁目５－１４,0836-35-3200,医療法人しながわクリニック　理事長　品川　秀敬,品川　秀敬,外　内　リハ,,平27. 1. 1,ika
診療所,35,0214657,医療法人よしかわ脳神経外科クリニック,宇部市東小串二丁目１番６号,0836-38-6010,医療法人よしかわ脳神経外科クリニック　理事長　吉川　功一,吉川　功一,脳外　神内,,平27. 2. 1,ika
診療所,35,0214665,ひうら整形外科クリニック,宇部市妻崎開作１０９,0836-43-6611,日浦　泰博,日浦　泰博,整外　リハ　リウ,,平27. 7. 1,ika
診療所,35,0214681,鈴木眼科,宇部市今村北四丁目２６番８号,0836-51-3181,医療法人社団鈴木眼科医院　理事長　鈴木　克佳,鈴木　克佳,眼,,平27. 11. 1,ika
診療所,35,0214699,まつなが整形外科クリニック,宇部市西小串二丁目６番１２号,0836-29-0008,松永　経光,松永　経光,整外　リハ,,平28. 9. 1,ika
診療所,35,0214707,北村クリニック,宇部市松山町２丁目６－３２,0836-21-5406,北村　陽介,北村　陽介,内　胃内　鏡内,,平28. 11. 1,ika
診療所,35,0214715,きばた小児科,宇部市東岐波１３０７－１,0836-58-6333,木畑　鉄弘,木畑　鉄弘,小,,平29. 1. 1,ika
診療所,35,0214723,いけだ整形外科,宇部市昭和町１丁目４番７号,0836-35-0555,医療法人耀裕会　理事長　池田　耀裕,池田　耀裕,整外　リウ　リハ,,平29. 1. 1,ika
診療所,35,0214731,いちみや皮ふ科・形成外科,宇部市鍋倉町２－６,0836-43-9541,一宮　誠,一宮　誠,皮　形外,,平29. 6. 1,ika
診療所,35,0214749,わただ内科,宇部市寿町２丁目１２番７号,0836-34-2611,綿田　敏孝,綿田　敏孝,内　リウ　呼　糖尿病内分泌内科,,平29. 9. 1,ika
診療所,35,0214756,しま産婦人科,宇部市島２丁目１番３号,0836-33-1103,医療法人社団しま産婦人科　理事長　加藤　裕之,林　之介,一般　一般　産　婦,13,平29. 9. 1,ika
診療所,35,0214764,松岡小児科,宇部市西宇部南４丁目６番７号,0836-41-8005,医療法人楽寿堂　理事長　松岡　尚,松岡　尚,小　アレ,,平29. 10. 1,ika
診療所,35,0214772,医療法人緒方耳鼻咽喉科クリニック,宇部市東小串１丁目１番６８号,0836-21-1369,医療法人緒方耳鼻咽喉科クリニック　理事長　緒方　道彦,緒方　道彦,耳い,,平30. 1. 1,ika
診療所,35,0214780,永田消化器内科クリニック,宇部市恩田町４丁目２－１７,0836-21-2311,永田　嘉昭,永田　嘉昭,内視鏡内科　消化器内科　内,,平30. 4. 1,ika
診療所,35,0214798,有好内科クリニック,宇部市東梶返三丁目９－２１,0836-39-6139,医療法人社団有好内科クリニック　理事長　有好　浩一,有好　浩一,内　糖尿病内科　血液内科　感染症内科,,平30. 10. 1,ika
診療所,35,0214806,はらだクリニック,宇部市恩田町五丁目８の５,0836-31-7622,原田　昌和,原田　昌和,外　内　胃腸内科　肛門外科　整外　リハ,,平31. 1. 1,ika
診療所,35,0214814,なわたクリニック,宇部市大字沖ノ旦６８６番１,0836-39-8737,医療法人なわたクリニック　理事長　縄田　修吾,縄田　修吾,婦　内　循環器内科,,平31. 1. 1,ika
診療所,35,0214830,今村皮膚科形成外科,宇部市松山町１丁目８－２２,0836-21-0816,今村　太一,今村　太一,皮　形外,,令元. 6. 1,ika
診療所,35,0214848,わたなべクリニック,宇部市西小串６丁目５番５０号,0836-39-7706,渡邊　俊介,渡邊　俊介,心内　精　神,,令2. 4. 1,ika
病院,35,0214855,社会医療法人いち樹会　尾中病院,宇部市寿町一丁目３番２８号,0836-31-2133,社会医療法人いち樹会　理事長　尾中　宇蘭,尾中　宇蘭,一般　一般　療養　療養　内　循環器内科　呼内　胃腸内科　外　整外　脳外　リハ　皮　放,110,令2. 3. 1,ika
診療所,35,0214863,くろいし眼科,宇部市大字東須恵１９６６番地１,0836-39-7351,医療法人社団ＰＥＲＦＥＣＴＩＯＮ　理事長　永谷　建,永谷　建,眼　小児眼科,,令2. 9. 1,ika
診療所,35,0214871,浜通りクリニック,宇部市東藤曲２丁目５番２０号,0836-37-1237,医療法人社団浜通りクリニック　理事長　西村　次郎,西村　次郎,心内　精　呼内　アレ,,令2. 12. 1,ika
診療所,35,0214921,たるもと耳鼻咽喉科クリニック,宇部市東須恵１９６１番地１,0836-45-1187,樽本　俊介,樽本　俊介,耳い,,令4. 4. 1,ika
診療所,35,0214939,大草医院　ころ吉訪問診療所,宇部市ひらき台一丁目１６番６号,0836-39-6755,大草　知子,名尾　朋子,内,,令4. 4. 1,ika
診療所,35,0214947,ふかみつ乳腺クリニック,宇部市寿町３丁目４－２４,0836-36-3617,深光　岳,深光　岳,乳腺外科　外科　内,,令5. 5. 1,ika
診療所,35,0214954,恩田ホームクリニック,宇部市草江２丁目１－４５,0836-52-7515,橋本　憲輝,橋本　憲輝,内　外,,令5. 5. 1,ika
診療所,35,0214962,さの脳神経内科クリニック,宇部市妻崎開作１０７,0836-43-6937,佐野　泰照,佐野　泰照,脳内,,令5. 5. 1,ika
診療所,35,0214988,かわぞえクリニック,宇部市川添１丁目２番５号,0836-52-7762,社会福祉法人　むべの里光栄　理事長　隅田　典代,善甫　宣哉,内　外　リハ,,令6. 4. 1,ika
診療所,35,0214996,かとう整形外科・リハビリテーション科,宇部市大字東須恵１９６３番地,0836-43-6900,医療法人　至誠会　理事長　加藤　圭彦,加藤　圭彦,整外　リハ,,令6. 12. 1,ika
診療所,35,0215001,ゆいレディースクリニック,宇部市沼一丁目８番３８号,0836-38-5077,三原　由実子,三原　由実子,産婦,,令7. 5. 1,ika
診療所,35,0215019,医療法人よしもと小児科,宇部市中尾一丁目７番１０号,0836-22-0555,医療法人よしもと小児科　理事長　吉本　裕良,吉本　裕良,小,,令7. 4. 1,ika
診療所,35,0215027,たていし内科在宅診療所,宇部市南小串２丁目８番３－１０１号,0836-39-2025,立石　彰男,立石　彰男,内,,令7. 8. 1,ika
診療所,35,0215035,沼２丁目消化器内科・内科クリニック,宇部市沼二丁目１－４１,0836-38-9388,平田　尚志,平田　尚志,内　消化器内科,,令7. 11. 1,ika
診療所,35,0215043,はらだペインクリニック,宇部市東須恵２２９７－１,0836-44-1388,原田　英宜,原田　英宜,ペインクリニック内科　ペインクリニック整形外科　麻,,令8. 4. 1,ika
診療所,35,0215050,やまぐち皮ふ科,宇部市恩田町一丁目１番２４号,0836-39-2800,山口　道也,山口　道也,皮　美容皮膚科,,令8. 6. 11,ika
病院,35,0310141,済生会山口総合病院,山口市緑町２番１１号,083-901-6111,社会福祉法人恩賜財団済生会支部　山口県済生会　支部長　津江　和成,郷良　秀典,一般　内科　糖尿病・血液内科　腎臓内科　呼内　消化器内科　消化器外科　循環器内科　脳内　外科　乳腺外科　呼外　心外　整外　脳外　アレ　リウ　小　皮　ひ　産婦　眼　耳い　リハ　放　麻　精,279,昭32. 10. 4,ika
病院,35,0310323,医療法人和同会　吉南病院,山口市鋳銭司３３８１,083-986-2111,医療法人和同会　理事長　高橋　幹治,綿貫　俊夫,精神　精神　精神　精神　精神　精神　精　内　歯,342,昭32. 10. 4,ika
病院,35,0310356,医療法人祐圭会　山口よしき病院,山口市吉敷佐畑４丁目９番１号,083-922-2350,医療法人祐圭会　理事長　山本　二郎,山本　二郎,精神　精　心内　内,197,昭32. 11. 1,ika
病院,35,0310398,綜合病院　山口赤十字病院,山口市八幡馬場５３番地１,083-923-0111,日本赤十字社　社長　清家　篤,末兼　浩史,一般　内科　腎臓内科　糖尿病内分泌内科　膠原病内科　腫瘍内科　緩和ケア内科　消化器内科　呼内　循環器内科　脳内　精　小　外科　乳腺外科　整外　脳外　皮　ひ　産婦　眼　耳い　気食　放　麻　歯外　リハ,327,昭32. 10. 31,ika
診療所,35,0310612,社会福祉法人相清福祉会　梅光苑診療所,山口市鋳銭司１２３６１番地の３,083-986-2056,社会福祉法人相清福祉会　理事長　相川　文仁,相川　文仁,胃　外　整外　呼,,昭50. 4. 1,ika
診療所,35,0310968,林外科医院,山口市道場門前２丁目２番３１号,083-922-0139,林　征雄,林　征雄,一般　一般　外　胃　整外　皮　ひ　麻　放　内,19,昭51. 8. 20,ika
診療所,35,0311032,山口市休日・夜間急病診療所,山口市糸米２丁目６番６号,083-925-2266,山口市長　伊藤　和貴,豊田　耕一郎,内　外　歯,,昭55. 2. 1,ika
診療所,35,0311156,本永泌尿器科医院,山口市穂積町２番１３号,083-925-8088,本永　逸哉,本永　逸哉,ひ,,昭57. 11. 1,ika
病院,35,0311230,医療法人社団水生会　柴田病院,山口市大内矢田北五丁目１１番２１号,083-927-2800,医療法人社団水生会　理事長　柴田　三大,武田　茂,一般　外　循環器内科　呼内　整外　リハ　消化器内科　内　肛門外科　消化器外科　神内　眼　放,,昭61. 5. 1,ika
病院,35,0311255,山口リハビリテーション病院,山口市黒川３３８０,083-921-1616,医療法人和同会　理事長　髙橋　幹治,加藤　祥一,療養　療養　療養　療養　内　整外　リハ　脳内　循　放　小　胃　歯,180,昭62. 4. 1,ika
診療所,35,0311271,相川医院,山口市鋳銭司５９６４の１,083-986-2177,医療法人相川医院　理事長　相川　文仁,相川　文仁,外　整外　胃　内　呼　神内　リハ,,昭62. 5. 1,ika
診療所,35,0311354,医療法人社団　池畑診療所,山口市平井５５６の６,083-925-7766,医療法人社団池畑診療所　理事長　池畑　孝次郎,池畑　孝次郎,リハ　麻,,平10. 9. 16,ika
病院,35,0311420,おか整形外科病院,山口市中河原町２番１４号,083-925-1100,医療法人雄樹会　理事長　丘　茂樹,丘　雄介,療養　療養　整外　リハ　リウ　内　麻,29,平3. 1. 1,ika
診療所,35,0311438,医療法人一陽会　藤原胃腸科内科,山口市折本１丁目９番１２号,083-923-5517,医療法人一陽会　理事長　藤原　淳,藤原　崇,胃　内　内視鏡内科,,平3. 1. 1,ika
病院,35,0311446,山口若宮病院,山口市下小鯖１５２２,083-927-3661,医療法人社団若宮会　理事長　壺井　英敏,壺井　英敏,療養　療養　内　胃　循　リハ,155,平3. 4. 1,ika
診療所,35,0311529,耳鼻咽喉科ののはなクリニック,山口市大内矢田北六丁目１９－１７,083-941-1133,兼定　啓子,兼定　啓子,耳い　気食,,平5. 1. 1,ika
診療所,35,0311537,医療法人財団清仁会附属　鴻城医院,山口市後河原１８１,083-922-0166,医療法人財団清仁会　理事長　瀨　龍壽,吉國　友和,内　胃　循,,平5. 2. 1,ika
診療所,35,0311552,医療法人社団医心会　ササキクリニック,山口市泉都町１番６号,083-922-3237,医療法人社団医心会ササキクリニック　理事長　佐々木　映子,佐々木　映子,皮,,平5. 5. 1,ika
診療所,35,0311586,医療法人社団青藍会　あんの循環器・総合クリニック,山口市吉敷中東１丁目１番１号,083-924-1151,医療法人社団青藍会　理事長　阿武　義人,亀田　秀樹,一般　循環器内科　内　脳外　呼　小　リハ　精　歯　形外　皮　眼　整外　耳　膠原病内科,,平6. 1. 1,ika
診療所,35,0311602,医療法人社団　吉野内科循環器科,山口市平井６４１の１,083-932-1222,医療法人社団吉野内科　理事長　吉野　文雄,吉野　文雄,内　胃　循,,平6. 1. 1,ika
診療所,35,0311610,医療法人　のむら医院,山口市湯田温泉１丁目８番１０号,083-928-7878,医療法人　のむら医院　理事長　野村　幸治,波多野　誠,内　眼,,平6. 3. 1,ika
病院,35,0311644,医療法人　樹一会　山口病院,山口市駅通り２丁目１０番７号,083-922-1191,医療法人樹一会　理事長　山口　一紘,山口　尚敬,療養　療養　内　外　整外　循　リハ　呼　胃　皮　ひ　放　こう,79,平6. 9. 1,ika
診療所,35,0311651,みほりクリニック,山口市大内御堀一丁目６－１,083-924-8031,高佐原　圭吾,高佐原　圭吾,内　胃　こう,,平7. 3. 1,ika
診療所,35,0311677,医療法人　奥田胃腸科内科,山口市道場門前１丁目１番４号,083-925-2188,医療法人奥田胃腸科内科　理事長　奥田　道有,奥田　道有,内　胃　放,,平7. 10. 1,ika
診療所,35,0311701,医療法人坂本整形外科,山口市円政寺７７,083-925-5566,医療法人坂本整形外科　理事長　坂本　正,坂本　正,整外　リハ,,平8. 4. 1,ika
診療所,35,0311719,安藤消化器内科,山口市平井１４９７の１,083-933-0500,安藤　啓次郎,安藤　啓次郎,内　消化器内科,,平8. 6. 1,ika
診療所,35,0311750,医療法人社団素心会　神德内科,山口市下市町１１番５号,083-924-3780,医療法人社団素心会神德内科　理事長　神德　翁甫,神德　済,内　循環器内科　呼内,,平8. 9. 1,ika
病院,35,0311776,済生会湯田温泉病院,山口市朝倉町４番５５号,083-932-3311,社会福祉法人恩賜財団済生会支部山口県済生会　支部長　津江　和成,中村　洋,療養　内　外　整外　リハ　放,142,平9. 7. 1,ika
診療所,35,0311800,やの内科,山口市元町２番２２号,083-925-1919,矢野　秀,矢野　秀,内　循　リハ,,平9. 11. 1,ika
診療所,35,0311834,医療法人　永田こどもクリニック,山口市三の宮２丁目７番４号,083-924-3330,医療法人永田こどもクリニック　理事長　永田　萬年,永田　萬年,小　アレ,,平10. 4. 1,ika
診療所,35,0311842,医療法人　ながた泌尿器科,山口市大内御堀六丁目２番１号,083-933-0070,医療法人ながた泌尿器科　理事長　永田　一夫,永田　雄大,ひ,,平10. 4. 1,ika
診療所,35,0311867,おがたクリニック耳鼻咽喉科・眼科,山口市泉町８番２３号,083-934-3800,緒方　正彦,緒方　正彦,耳い　眼,,平10. 11. 1,ika
診療所,35,0311875,医療法人　メンタルクリニック藤山医院,山口市吉敷下東１丁目７番２０号竹下ビル２Ｆ,083-923-3040,医療法人メンタルクリニック藤山医院　理事長　藤山　紘千,藤山　紘千,精　神,,平10. 10. 1,ika
診療所,35,0311883,太田皮膚科クリニック,山口市大内矢田北一丁目１９番１６号,083-927-1112,医療法人太田皮膚科クリニック　理事長　太田　貴久,太田　貴久,皮　形外,,平10. 10. 1,ika
診療所,35,0311891,まつお小児科医院,山口市維新公園５丁目４番２８号,083-924-4970,医療法人まつお小児科医院　理事長　松尾　清巧,松尾　清巧,小　アレ,,平10. 10. 1,ika
診療所,35,0311917,まえだ循環器内科,山口市緑町２番２１号,083-921-7722,前田　敏明,前田　敏明,内　循内　呼内,,平10. 12. 1,ika
診療所,35,0311966,川﨑医院,山口市中央１丁目６番５号,083-922-0745,川﨑　榮明,川﨑　榮明,内　循,,平12. 3. 11,ika
診療所,35,0312030,すずき内科クリニック,山口市大内千坊六丁目１０番１号,083-920-7600,医療法人すずき内科クリニック　理事長　鈴木　俊,鈴木　俊幸,内　消化器内科,,平12. 10. 1,ika
診療所,35,0312048,医療法人社団ながやレディースクリニック,山口市黒川４７５の１,083-921-7753,医療法人社団ながやレディースクリニック　理事長　長屋　陽平,長屋　陽平,一般　産　婦,,平12. 10. 1,ika
診療所,35,0312055,淵上整形外科,山口市大内御堀五丁目８番１２号,083-922-6644,医療法人桃圭会　理事長　淵上　泰敬,淵上　泰敬,整外　リハ　リウ　神内,,平13. 1. 1,ika
診療所,35,0312097,とみなが皮ふ科,山口市赤妻町３番８号,083-934-3003,医療法人　佳和会　理事長　冨永　和行,冨永　和行,皮　形外　アレ,,平13. 9. 1,ika
診療所,35,0312105,中村整形外科,山口市維新公園１丁目２番１号,083-933-6111,医療法人社団　中村整形外科　理事長　中村　克巳,中村　克巳,整外　リウ　リハ,,平13. 10. 1,ika
診療所,35,0312162,小泉小児科,山口市大市町３番５１号,083-922-0009,小泉　明,小泉　明,小　アレ,,平14. 4. 1,ika
診療所,35,0312204,医療法人　小林眼科,山口市白石２丁目６番５２－１号,083-932-1236,医療法人小林眼科　理事長　小林　正明,小林　正明,一般　眼,,平15. 2. 1,ika
診療所,35,0312261,社会福祉法人青藍会　ハートクリニック南山口,山口市深溝８０３の１,083-988-3333,社会福祉法人　青藍会　理事長　阿武　義人,松村　孝司,一般　一般　内　脳外　循環器内科　リハ　皮　整外　眼　形外　耳,19,平15. 5. 1,ika
診療所,35,0312287,医療法人たねくぼ整形外科クリニック,山口市幸町３番２３号,083-934-7110,医療法人たねくぼ整形外科クリニック　理事長　種窪　康,種窪　康,整外　リハ　リウ　内,,平15. 9. 1,ika
診療所,35,0312337,医療法人実誠会　おおどの診療所,山口市石観音町４番４号,083-922-0299,医療法人実誠会　理事長　赤川　悦夫,吉兼　大,内　消,,平16. 9. 1,ika
診療所,35,0312378,医療法人社団　たはらクリニック,山口市後河原４７,083-923-3415,医療法人社団　たはらクリニック　理事長　田原　卓浩,田原　卓浩,小　アレ　内,,平16. 10. 1,ika
診療所,35,0312386,医療法人社団和花輝会　おさばファミリークリニック,山口市下小鯖字白坂山１１３３１番地７,083-941-0389,医療法人社団和花輝会　おさばファミリークリニック　理事長　重本　和弘,重本　和弘,内　外　循,,平16. 10. 1,ika
診療所,35,0312402,くらたクリニック,山口市黒川７７１の１１,083-921-6220,医療法人尽心会　くらたクリニック　理事長　倉田　一夫,倉田　一夫,内　消　循　呼　小　リハ　アレ,,平17. 1. 1,ika
診療所,35,0312410,多田内科呼吸器科,山口市泉町８番２１－１号,083-934-5551,医療法人　多田内科呼吸器科　理事長　多田　利彦,多田　利彦,内　呼内　循内,,平17. 1. 1,ika
診療所,35,0312451,近藤こどもクリニック,山口市幸町３番４９－２号,083-922-0510,医療法人　近藤こどもクリニック　理事長　近藤　修,近藤　修,小　アレ　小児循環器内科,,平17. 9. 1,ika
診療所,35,0312469,よろず循環器内科,山口市糸米１丁目２番１３号,083-901-0101,医療法人社団　よろず循環器内科　理事長　萬　忠雄,萬　忠雄,循　内　呼,,平17. 12. 1,ika
診療所,35,0312493,野瀬内科小児科,山口市大内長野１５６９の１,083-927-2655,医療法人社団野瀬内科小児科　理事長　野瀬　善夫,野瀬　善夫,内　循　小,,平18. 4. 1,ika
診療所,35,0312501,山口市串診療所,山口市徳地鯖河内１６２９の１,0835-54-0312,山口市長　伊藤　和貴,中嶋　裕,内,,平18. 4. 1,ika
診療所,35,0312519,あゆかわこどもクリニック,山口市平井１４３９の１５,083-924-1234,鮎川　浩志,鮎川　浩志,小　アレ,,平18. 5. 1,ika
診療所,35,0312527,クボクリニック,山口市鰐石町６番３５号　松田ビル２Ｆ,083-923-0975,医療法人社団太平会　理事長　久保　武,久保　武,心内　神内　精　神,,平18. 9. 1,ika
診療所,35,0312543,耳鼻咽喉科ニコニコじびか,山口市大内長野１５６９の１,083-941-2525,新田　暢圭,新田　暢圭,耳い,,平18. 10. 1,ika
診療所,35,0312550,医療法人かく脳神経外科クリニック,山口市泉町８番１７号,083-920-1001,医療法人かく脳神経外科クリニック　理事長　郭　植,郭　植,脳外　脳内,,平18. 9. 1,ika
診療所,35,0312568,坂本耳鼻咽喉科医院,山口市道場門前２丁目４番１３号,083-922-0081,竹本　成子,竹本　成子,耳い,,平18. 11. 1,ika
診療所,35,0312584,医療法人社団えさき内科クリニック,山口市維新公園一丁目３番２５号,083-934-1880,医療法人社団えさき内科クリニック　理事長　江﨑　隆朗,江崎　隆朗,内　消化器内科,,平19. 1. 1,ika
診療所,35,0312592,よしまつ医院,山口市秋穂二島５７８９の１,083-987-1777,医療法人恵心会　理事長　吉松　健夫,吉松　健夫,内　小　消化器内科　呼内,,平19. 3. 1,ika
診療所,35,0312600,うちクリニック,山口市小郡長谷１－１－２,083-974-5575,医療法人うちクリニック　理事長　内　義輝,内　義輝,耳い,,平19. 4. 1,ika
診療所,35,0312618,たむら医院,山口市江崎２４７５の２,083-989-4480,医療法人真人会　理事長　田村　正枝,田村　正枝,内　麻　リハ,,平19. 4. 1,ika
診療所,35,0312642,せぐち皮ふ科クリニック,山口市平井１４２０の８,083-933-1212,瀬口　得二,瀬口　得二,皮　形外　アレ,,平19. 8. 1,ika
診療所,35,0312659,ますだ内科循環器科,山口市秋穂二島１８８８,083-987-2002,増田　恭孝,増田　恭孝,内　小　循,,平20. 4. 1,ika
診療所,35,0312667,ひろなか内科循環器科,山口市阿知須４５１６の１,083-666-1550,弘中　克己,弘中　克己,内　循環器内科,,平20. 5. 1,ika
診療所,35,0312691,みすみクリニック,山口市小郡明治一丁目５番２号,083-972-1003,医療法人三隅外科・胃腸科　理事長　三隅　弘三,三隅　弘三,外　内　整外　リハ,,平20. 11. 1,ika
診療所,35,0312709,かしだ産婦人科クリニック,山口市宮島町１１番２号,083-925-7711,樫田　史郎,樫田　史郎,一般　産婦,,平21. 1. 1,ika
病院,35,0312725,医療法人　仁保病院,山口市仁保下郷１９１５の１,083-941-5555,医療法人仁保病院　理事長　貞國　太志,貞國　太志,精神　精神　精神　精神　精　内　老年精神科　老年内科　脳内　皮,223,平21. 12. 1,ika
診療所,35,0312741,ねごろ神経内科クリニック,山口市小郡下郷３２０の１,083-976-5256,根来　清,根来　清,神内　内　心内　精,,平22. 4. 1,ika
診療所,35,0312766,ざいつ内科クリニック,山口市小郡明治１丁目１３－１４,083-976-8475,財津　謙,財津　謙,内　リウ　血内　糖内　アレ,,平22. 5. 1,ika
診療所,35,0312774,野口医院,山口市朝田６７,083-923-8670,野口　哲彦,野口　哲彦,内,,平22. 8. 8,ika
診療所,35,0312782,三の宮ふくだクリニック,山口市三の宮１丁目２番３７号アセントⅢ１Ｆ,083-901-2525,医療法人三の宮ふくだクリニック　理事長　福田　重年,福田　重年,外　内　乳外　麻,,平22. 10. 1,ika
診療所,35,0312790,おおうちクリニック,山口市大内千坊五丁目１番７号,083-933-1770,医療法人健伸会　おおうちクリニック　理事長　柏田　順一郎,柏田　順一郎,内　外　整外　リハ　循内　消内　肛外　リウ　アレ　小,,平23. 2. 1,ika
診療所,35,0312824,まるおストレスケアクリニック,山口市矢原町２番１６号,083-934-0556,医療法人　まるおストレスケアクリニック　理事長　丸尾　禎,丸尾　禎,精　心内,,平23. 9. 1,ika
診療所,35,0312857,清水内科医院,山口市春日町２番２号,083-925-2288,清水　秀樹,清水　秀樹,内,,平24. 6. 1,ika
診療所,35,0312873,いちょうの木クリニック,山口市小郡船倉町１－１３,083-976-8331,医療法人　いちょうの木クリニック　理事長　木藤　秀章,木藤　秀章,内　消化器内科　内視鏡内科　放,,平24. 9. 1,ika
診療所,35,0312881,あだち眼科,山口市小郡明治一丁目１３番１３号,083-976-8367,医療法人あだち眼科　理事長　足立　格郁,足立　格郁,眼,,平24. 9. 1,ika
診療所,35,0312899,医療法人ノムラ泌尿器科整形外科,山口市青葉台３番３２号,083-933-0011,医療法人ノムラ泌尿器科整形外科　理事長　野村　耕三,野村　耕三,ひ　整外,,平24. 12. 1,ika
診療所,35,0312915,医療法人なりしげ循環器内科,山口市矢原１１８１番地３,083-933-0600,医療法人　なりしげ循環器内科　理事長　成重　隆博,成重　隆博,内　循環器内科,,平24. 12. 1,ika
診療所,35,0312931,すえなが内科在宅診療所,山口市鰐石町１番１２号,083-902-5300,末永　和之,末永　和之,内　緩和ケア内科,,平25. 4. 1,ika
診療所,35,0312949,よしき眼科クリニック,山口市吉敷中東三丁目１７番２２号,083-941-6663,髙橋　典久,髙橋　典久,眼,,平25. 4. 1,ika
診療所,35,0312956,とよた整形外科クリニック,山口市大内千坊四丁目１５番２３号,083-929-3315,医療法人　とよた整形外科クリニック　理事長　豊田　耕一郎,豊田　耕一郎,整外　リハ　リウ,,平25. 4. 1,ika
診療所,35,0312964,耳鼻咽喉科　かめやまクリニック,山口市亀山町５番８号,083-901-5550,医療法人　浩然会　理事長　金谷　浩一郎,金谷　浩一郎,耳い　アレ,,平25. 5. 1,ika
診療所,35,0312972,山口嘉川クリニック,山口市嘉川１３６０－３,083-988-0788,医療法人いたる会　理事長　田村　周,田村　周,内　リウ　アレ,,平25. 10. 1,ika
診療所,35,0312980,原医院,山口市阿東地福上１８５２,083-952-0308,原　昭彦,原　昭彦,内,,平26. 1. 1,ika
診療所,35,0312998,レディースクリニックくまがい,山口市後河原８３番地,083-922-0238,大谷　典子,大谷　典子,産婦,,平26. 4. 1,ika
診療所,35,0313020,光山医院山口,山口市矢原町７番１８号,083-933-1200,医療法人光恵会　理事長　光山　哲生,北嶋　繁孝,一般　一般　内　内（人工透析）,3,平26. 8. 1,ika
診療所,35,0313038,三の宮の耳鼻咽喉科,山口市三の宮二丁目３－２６,083-924-1287,菅田　裕士,菅田　裕士,耳い　アレ,,平26. 11. 1,ika
診療所,35,0313046,やまがた循環器内科クリニック,山口市大内千坊四丁目１５番１９号,083-941-2600,医療法人社団やまがた循環器内科クリニック　理事長　山縣　俊彦,山縣　俊彦,内　循内,,平27. 1. 1,ika
病院,35,0313053,阿知須共立病院,山口市阿知須４８４１番地１,0836-65-2200,医療法人協愛会　理事長　三好　正規,三好　智之,一般　一般　療養　療養　内　消内　循内　鏡内　腎内　糖内　内分泌内　肝内　呼内　外　消外　乳外　血管外　呼外　整外　脳外　放　リハ,135,平27. 2. 1,ika
診療所,35,0313061,医療法人　小川整形外科,山口市嘉川５０３３番地１,083-988-1010,医療法人　小川整形外科　理事長　小川　清吾,小川　清吾,整外　リウ　リハ,,平27. 4. 1,ika
診療所,35,0313079,とりい脳と女性のクリニック,山口市大内矢田北６丁目３番２５号,083-902-5580,鳥居　廣明,鳥居　廣明,脳外　産婦,,平27. 4. 1,ika
診療所,35,0313087,いがた眼科,山口市大内御堀一丁目６番１号　大内ビル２階,083-920-8000,井形　岳郎,井形　岳郎,眼,,平27. 4. 1,ika
診療所,35,0313111,ひまわり耳鼻咽喉科クリニック,山口市幸町３番４９－１号,083-932-8733,医療法人ひまわり耳鼻咽喉科クリニック　理事長　豊田　英樹,豊田　英樹,耳い　アレ,,平27. 12. 1,ika
診療所,35,0313137,医療法人たむら内科医院,山口市大内長野８０５－５,083-941-0167,医療法人たむら内科医院　理事長　田村　朗,田村　朗,内　循内　呼内,,平28. 3. 1,ika
診療所,35,0313160,新山口こうのとりクリニック,山口市小郡花園町１番９号,083-902-8585,医療法人社団浩仁会　理事長　谷川　正浩,谷川　正浩,不妊科　婦,,平28. 5. 1,ika
診療所,35,0313186,まえば小児科クリニック,山口市小郡下郷７９７番地８,083-974-0501,医療法人まえば小児科クリニック　理事長　前場　進治,前場　進治,小　アレ,,平28. 9. 1,ika
診療所,35,0313194,中央クリニック,山口市中央三丁目２番４３号,083-922-1771,医療法人中央クリニック　理事長　尼崎　辰彦,尼崎　辰彦,内　放,,平29. 5. 1,ika
診療所,35,0313202,あじすこどもクリニック,山口市阿知須４５１５番地１,0836-38-8341,元山　将,元山　将,小,,平29. 6. 1,ika
診療所,35,0313228,ましもと内科呼吸器科,山口市湯田温泉三丁目１番２４号,083-934-0077,医療法人ましもと内科呼吸器科　理事長　増本　英男,増本　英男,内　呼内,,平29. 12. 1,ika
診療所,35,0313236,小田医院,山口市小郡黄金町１１番９号,083-972-1716,医療法人小田医院　理事長　津田　真一,津田　真一,内　糖尿病・内分泌内科　皮,,平30. 1. 15,ika
診療所,35,0313251,まかたこどもアレルギークリニック,山口市赤妻町３番３３－１号,083-902-2226,真方　浩行,真方　浩行,小　アレ,,平30. 6. 1,ika
診療所,35,0313285,大野整形外科リウマチ科,山口市平井２９７番地１,083-902-8411,医療法人飛孝会　理事長　大野　雅則,大野　雅則,整外　リウ　リハ,,令元. 11. 27,ika
診療所,35,0313293,こぐま診療所,山口市大内中央２丁目５－１５,083-941-3122,寺地　真一,寺地　真一,小　アレ,,令2. 6. 1,ika
診療所,35,0313301,公益財団法人山口県予防保健協会　本館,山口市吉敷下東３丁目１番１号,083-933-0008,公益財団法人山口県予防保健協会　理事長　加藤　智栄,松本　常男,内,,令2. 8. 1,ika
診療所,35,0313319,小郡第一整形駅前クリニック,山口市小郡令和１丁目１番２号山口市産業交流拠点施設　メディフィットラボ３階,083-976-8797,山口県厚生農業協同組合連合会　代表理事理事長　大亀　浩司,服部　泰典,整外　リハ,,令3. 3. 1,ika
診療所,35,0313335,医療法人青山胃腸科内科,山口市吉敷上東三丁目１番２２号,083-923-1577,医療法人青山胃腸科内科　理事長　青山　栄,青山　浩司,胃腸内科　内視鏡内科　漢方内科　内,,令3. 4. 1,ika
診療所,35,0313350,日吉台内科医院,山口市陶向田９６３,083-973-2030,佐藤　貴洋,佐藤　貴洋,内,,令3. 11. 24,ika
診療所,35,0313376,こころのクリニックのぞみ,山口市吉田２２１０－７,083-902-1556,青島　真由,青島　真由,心内　児童精神科　精,,令4. 11. 22,ika
診療所,35,0313384,山口市徳地診療所,山口市徳地堀１５６１番地１（徳地地域複合型拠点施設１階）,0835-53-0500,山口市　山口市長　伊藤　和貴,中嶋　裕,内,,令4. 11. 1,ika
診療所,35,0313392,くにちか内科　循環器・呼吸器クリニック,山口市駅通り２丁目２－２１,083-922-0822,國近　英樹,國近　英樹,内　循環器内科　呼内,,令4. 12. 1,ika
診療所,35,0313400,もみの木皮ふ科クリニック,山口市小郡下郷７８６番１０,083-976-1214,医療法人もみの木皮ふ科クリニック　理事長　林　亜矢子,林　亜矢子,皮　美容皮膚科,,令5. 1. 1,ika
診療所,35,0313418,さっか整形外科クリニック,山口市小郡下郷２２２０－１,083-976-8888,医療法人さっか整形外科クリニック　理事長　目　昭仁,目　昭仁,整外　リハ　リウ,,令5. 9. 1,ika
診療所,35,0313426,おざさ皮ふ科クリニック,山口市大内千坊四丁目１６番３号,083-932-0800,医療法人おざさ皮ふ科クリニック　理事長　小篠　純一,小篠　純一,皮,,令5. 12. 1,ika
診療所,35,0313434,しおみ循環器内科,山口市下竪小路６５番１号,083-922-4031,医療法人　しおみ循環器内科　理事長　塩見　浩太郎,塩見　浩太郎,内　循内　呼内,,令5. 12. 1,ika
診療所,35,0313442,大正通りクリニック,山口市小郡明治２丁目１番５号,083-902-2037,医療法人　維玉会　理事長　作村　俊浩,作村　俊浩,内　循環器内科　腎臓内科,,令6. 1. 1,ika
診療所,35,0313459,ながい眼科,山口市大内千坊４丁目１４番１３号,083-941-5858,永井　智彦,永井　智彦,眼,,令6. 5. 1,ika
診療所,35,0313475,安藤内科医院,山口市仁保中郷７００番地,083-929-0026,安藤　亮太郎,安藤　亮太郎,内　腎臓内科　糖尿病内科,,令6. 4. 1,ika
診療所,35,0313483,佐々木医院メディカルプラザ,山口市泉都町９番１３号,083-923-8811,医療法人社団曙会　理事長　佐々木　明,佐々木　明,外　消化器内科　消化器外科　乳腺外科　肛門外科　整外　内　放　リハ　リウ　麻,,令6. 6. 1,ika
診療所,35,0313491,さいとうクリニック,山口市黒川１０３１－１,0839-02-2114,齋藤　哲朗,齋藤　哲朗,内　消化器内科,,令6. 11. 1,ika
診療所,35,0313509,澤田医院,山口市阿東地福上１８５４,083-952-0302,西山　和光,西山　和光,内　外　皮　リハ,,令6. 11. 28,ika
診療所,35,0313517,山口いるか小児科アレルギー科,山口市泉都町１－３１,083-902-3377,西郷　謙二郎,西郷　謙二郎,小　アレ,,令7. 5. 1,ika
診療所,35,0313525,てるクリニック,山口市小郡本町一丁目５番４３号,083-976-5560,芳原　輝之,芳原　輝之,心内　精,,令7. 5. 1,ika
診療所,35,0313558,おおうち耳鼻咽喉科,山口市大内千坊４丁目１４－１４,083-962-4133,堀　健志,堀　健志,耳い　頭頸部外科　アレ,,令7. 7. 25,ika
診療所,35,0313574,宮野クリニック,山口市宮野下字西仁江田９３４番地５,083-932-3233,医療法人　宮野クリニック　理事長　赤川　治夫,赤川　英三,内　循環器内科,,令7. 8. 1,ika
診療所,35,0313582,ＮＡＧＡＯＫＡまぶた・スキンクリニック,山口市吉敷中東２丁目１－１７,083-902-8600,永岡　了,永岡　了,眼　美容皮膚科,,令7. 7. 1,ika
診療所,35,0313590,田村医院,山口市葵一丁目４番７３号,083-922-7527,医療法人田村医院　理事長　田村　博子,田村　博子,内,,令7. 9. 1,ika
診療所,35,0313608,並木通り　ゆうクリニック,山口市中央２丁目６番１８号　前田ビル１Ｆ,083-920-0235,医療法人水の木会　理事長　水木　寛,的場　文子,精　心内,,令7. 10. 1,ika
診療所,35,0313616,医療法人　英知会　はらだ内科・内視鏡クリニック,山口市桜畠２－６－８,083-923-2344,医療法人　英知会　理事長　原田　元,原田　英,内　消化器内科　内視鏡内科,,令7. 11. 1,ika
診療所,35,0313624,鴻陽館クリニック,山口市湯田温泉２－４－８,083-922-3521,伊藤　思帆,伊藤　思帆,精　内　小　皮,,令7. 12. 25,ika
診療所,35,0313632,きど整形外科クリニック,山口市宮野下字西仁江田９３４番１２,0839-02-2510,城戸　秀彦,城戸　秀彦,整外　リハ,,令8. 5. 1,ika
病院,35,0410065,全眞会病院,萩市大字山田４８０７の３,0838-22-4106,医療法人全眞会　理事長　中村　丘,中村　丘,療養　内　呼　消　循　リハ　放　精,,平13. 3. 1,ika
病院,35,0410552,萩市民病院,萩市大字椿３４６０番地３,0838-25-1200,萩市長　田中　文夫,李　博文,一般　一般　内　神内　呼　消　循　小　外　整外　放　リハ,100,平12. 4. 1,ika
病院,35,0410883,医療法人社団慈生会　萩慈生病院,萩市大字山田４１４７の１,0838-25-6622,医療法人社団慈生会　理事長　八木田　光,八木田　光,療養　療養　内　神内　リハ,144,平元. 3. 1,ika
診療所,35,0410933,医療法人社団裕嵩会　波多野医院,萩市大字堀内２４７の５,08382-5-2788,医療法人社団裕嵩会波多野医院　理事長　波多野　裕,波多野　裕,内　皮,,平元. 8. 1,ika
診療所,35,0410966,医療法人　ふじわら内科医院,萩市大字土原５６１の４,0838-22-0781,医療法人　ふじわら内科医院　理事長　藤原　真一,藤原　真一,内,,平元. 11. 1,ika
診療所,35,0410982,医療法人社団　永見眼科,萩市大字土原３５１,0838-22-0720,医療法人社団永見眼科　理事長　永見　耕一,永見　耕一,眼,,平3. 5. 1,ika
診療所,35,0411022,医療法人社団　めづき医院,萩市大字土原３７０の１,0838-22-2248,医療法人社団めづき医院　理事長　賣豆紀　雅昭,賣豆紀　雅昭,一般　一般　外　整外　胃　皮　ひ　麻,,平5. 5. 1,ika
診療所,35,0411048,兼田医院,萩市大字吉田町１,0838-22-1113,医療法人健幸会　理事長　兼田　健一郎,兼田　健一郎,内　外　消化器内科　肛門外科,,平5. 8. 2,ika
診療所,35,0411055,医療法人社団中嶋クリニック,萩市大字今古萩町１５の５,0838-22-2206,医療法人社団中嶋クリニック　理事長　中嶋　薫,中嶋　薫,内　呼　消　循　小　リハ,,平5. 9. 1,ika
診療所,35,0411063,花宮医院,萩市大字平安古町３０５の３,0838-25-8738,医療法人花宮医院　理事長　花宮　秀明,花宮　秀明,一般　一般　外　消化器内科　循環器内科　皮　小　アレ,4,平5. 11. 1,ika
診療所,35,0411113,萩市国民健康保険見島診療所宇津分室,萩市見島１８１９の３,0838-23-2023,萩市長　田中　文夫,吉田　悠真,内　小,,平7. 7. 1,ika
診療所,35,0411154,医療法人社団成和会堀耳鼻咽喉科医院,萩市大字江向４１７の５,0838-22-4133,医療法人社団成和会　理事長　堀　哲二,堀　哲二,耳い　アレ,,平9. 3. 1,ika
病院,35,0411170,都志見病院,萩市大字江向４１３番地１,0838-22-2811,医療法人医誠会　理事長　都志見　睦生,山本　達人,一般　一般　療養　療養　内　消化器内科　脳内　呼　循　リウ　外　消化器外科　整外　脳外　心外　皮　ひ　眼　耳い　リハ　放　麻　形外,234,平9. 1. 1,ika
診療所,35,0411196,市原内科皮膚科,萩市大字塩屋町２１,0838-22-0184,医療法人市原内科皮膚科　理事長　市原　隆,市原　隆,皮　内,,平9. 4. 1,ika
診療所,35,0411204,いわたにこどもクリニック,萩市大字椿東２９７２の１,0838-24-2100,医療法人いわたにこどもクリニック　理事長　岩谷　一,岩谷　一,小　アレ,,平10. 10. 1,ika
診療所,35,0411212,医療法人社団　田町診療所,萩市大字東田町２２の８,0838-24-1234,医療法人社団田町診療所　理事長　篠田　陽健,篠田　陽健,整外　リハ　リウ,,平10. 10. 1,ika
診療所,35,0411220,柳井医院,萩市大字橋本町６３,0838-22-0748,柳井　章孝,柳井　章孝,内　胃,,平10. 11. 7,ika
診療所,35,0411238,森眼科,萩市大字土原２７１の５,0838-26-8880,医療法人森眼科　理事長　森　繁広,森　繁広,眼,,平11. 4. 1,ika
病院,35,0411261,玉木病院,萩市大字瓦町１,0838-22-0030,玉木　英樹,玉木　英樹,一般　療養　療養　内　循環器内科　消化器内科　外　肛門外科　整外　脳外　皮　ひ　リハ　放　小,111,平13. 7. 1,ika
病院,35,0411295,医療法人水の木会　萩病院,萩市大字堀内２７８,0838-25-1498,医療法人水の木会　理事長　水木　寛,小野　信周,精神　内　精　神内　心内,186,平15. 11. 1,ika
診療所,35,0411303,なかむらレディースクリニック,萩市大字熊谷町１０８,0838-22-1557,医療法人　なかむらレディースクリニック　理事長　中村　正也,中村　正也,一般　一般　産　婦,10,平16. 1. 1,ika
診療所,35,0411345,わたぬきクリニック,萩市大字東浜崎町５３,0838-25-2020,医療法人わたぬきクリニック　理事長　綿貫　篤志,綿貫　篤志,内　小　循内,,平20. 4. 1,ika
病院,35,0411352,萩むらた病院,萩市今古萩町３０番地の１,0838-25-9170,村田　洋一郎,村田　洋一郎,一般　一般　療養　療養　整外　内　循内　肛外　ひ（人工透析）　胃外　外　リハ　リウ,78,平20. 7. 24,ika
診療所,35,0411360,すさクリニック,萩市大字須佐１３８４の１,08387-6-3376,斎木　正秀,斎木　正秀,内　外　脳外,,平21. 4. 29,ika
診療所,35,0411386,萩市国民健康保険見島診療所,萩市見島３５の２,0838-23-3324,萩市長　田中　文夫,吉田　悠真,一般　一般　内　小　眼　歯,2,平22. 6. 1,ika
診療所,35,0411410,医療法人さがら眼科クリニック,萩市今古萩町４３番地１,0838-21-7333,医療法人　さがら眼科クリニック　理事長　相良　健,相良　健,眼,,平24. 12. 1,ika
診療所,35,0411436,みやうち内科消化器科クリニック,萩市大字椿２７８８－１番地,0838-25-2500,宮内　嘉明,宮内　嘉明,内　消,,平25. 10. 1,ika
診療所,35,0411444,医療法人河野医院,萩市大井１７２３番地１,0838-28-0321,医療法人河野医院　理事長　河野　通裕,河野　通裕,内　呼内　放　整外　リハ　循環器内科,,平25. 9. 17,ika
診療所,35,0411451,萩市国民健康保険須佐診療センター,萩市大字須佐４５７０番地５,08387-6-2540,萩市長　田中　文夫,廣川　慎一,内　小,,平25. 10. 1,ika
診療所,35,0411469,萩市休日急患診療センター,萩市大字椿３４６０番地３,0838-26-1397,萩市長　田中　文夫,佐久間　暢夫,内　歯,,平25. 10. 1,ika
診療所,35,0411477,萩市国民健康保険佐々並診療所,萩市大字佐々並２４９３番地４,0838-56-0002,萩市長　田中　文夫,桂　春作,内　整外　リハ,,平25. 10. 1,ika
診療所,35,0411485,かわかみ整形リハビリテーションクリニック,萩市椿東２８６３番地７,0838-21-7538,医療法人萩一歩会　理事長　川上　俊文,川上　俊文,整外　リハ　リウ,,平26. 1. 1,ika
診療所,35,0411527,萩市国民健康保険田万川診療所,萩市大字下田万１０３６番地,08387-3-2255,萩市長　田中　文夫,松井　健,内　外,,平28. 10. 1,ika
診療所,35,0411535,医療法人河井クリニック,萩市大字土原４４５番地,0838-24-3113,医療法人河井クリニック　理事長　河井　裕幸,河井　裕幸,心内　精　神内　内,,令元. 5. 1,ika
診療所,35,0411543,大藤医院,萩市大字椿３５３７番地６,0838-21-0002,医療法人大藤医院　理事長　大藤　晃,大藤　晃,整外　リウ　リハ　ペインクリニック整形外科,,令元. 10. 1,ika
診療所,35,0411550,医療法人わかまつ皮ふ科クリニック,萩市大字土原５４５番地２,0838-21-7798,医療法人わかまつ皮ふ科クリニック　理事長　若松　研弥,若松　研弥,皮,,令2. 4. 1,ika
診療所,35,0411568,萩市国民健康保険大島診療所,萩市大島５番地９,0838-28-0780,萩市長　田中　文夫,江副　一花,内　小,,令3. 12. 1,ika
診療所,35,0411576,中坪医院,萩市大字今魚店町３８,0838-22-5430,中坪　成太,中坪　成太,内　呼内,,令5. 1. 1,ika
病院,35,0510187,独立行政法人地域医療機能推進機構　徳山中央病院,周南市孝田町１番１号,0834-28-4411,独立行政法人地域医療機能推進機構　理事長　山本　修一,沼　文隆,一般　一般　一般　一般　一般　一般　一般　一般　一般　一般　一般　一般　内科　血液内科　糖尿病内分泌内科　緩和ケア内科　消化器内科　循環器内科　脳内　皮　小　外科　乳腺外科　脳外　整外　ひ　産婦　眼　耳い　放射線科　放射線治療科　麻　歯　歯外　心外　リウ　精　救急科　ペインクリニック内科　小外　リハ　形外　病理　臨床　呼内　呼外,519,昭32. 7. 1,ika
病院,35,0510583,鼓ヶ浦こども医療福祉センター,周南市大字久米７５２番地４,0834-29-1430,社会福祉法人鼓ヶ浦整肢学園　理事長　杉尾　嘉嗣,市山　高志,一般　小児神経科　小　整外　耳い　小児脳神経外科　脳内　リハ　歯,100,昭34. 3. 16,ika
病院,35,0510617,泉原病院,周南市泉原町１０番１号,0834-21-4511,医療法人愛命会　理事長　吉田　延,大樂　良和,精神　精神　精神　精　神　歯,265,昭34. 10. 30,ika
診療所,35,0510914,医療法人イオキ会　徳山クリニック,周南市大字栗屋８３９の１,0834-25-1136,医療法人イオキ会　理事長　石川　喜隆,石川　喜隆,内　小　循内　呼内　腎内　眼,,昭48. 11. 22,ika
病院,35,0510930,地域医療支援病院オープンシステム徳山医師会病院,周南市東山町６番２８号,0834-31-2350,一般社団法人　徳山医師会　会長　津永　長門,松本　美志也,一般　療養　内　脳内　消化器内科　消化器外科　循環器内科　小　外　整外　脳外　産婦　眼　耳い　麻　皮　ひ　リハ　形外　リウ　放　呼内　病理　臨床　精,306,昭41. 4. 1,ika
診療所,35,0511003,山下内科,周南市川端町２丁目７,0834-31-7333,山下　武右,山下　武右,内　循環器内科　消化器内科,,昭42. 6. 1,ika
病院,35,0511037,医療法人仁徳会　周南病院,周南市御幸通２丁目８番地,0834-21-0357,医療法人仁徳会　理事長　青木　岳也,菊本　修,療養　療養　内　アレ　脳内　リハ　精　麻,56,昭42. 8. 1,ika
病院,35,0511458,周南高原病院,周南市大字須々万本郷２９の１,0834-88-0391,医療法人緑山会　理事長　齋藤　淳,松森　幸夫,療養　療養　内　神内　循　胃　リハ　整外,115,平10. 10. 1,ika
病院,35,0511508,医療法人治徳会　湯野温泉病院,周南市大字湯野４２１７の２,0834-83-2083,医療法人治徳会　理事長　都野　公一,堀家　英敏,療養　内　リハ,161,昭58. 5. 1,ika
診療所,35,0511573,野村眼科,周南市若宮町２丁目４８,0834-31-9131,野村　恒民,野村　恒民,眼,,昭59. 5. 1,ika
診療所,35,0511722,医療法人社団　高橋内科,周南市緑町１丁目６６,0834-31-6188,医療法人社団高橋内科　理事長　髙橋　達雄,髙橋　達雄,内,,昭62. 4. 1,ika
病院,35,0511771,医療法人社団生和会　周南リハビリテーション病院,周南市大字湯野４２７８の１,0834-83-3300,医療法人社団生和会　理事長　木村　浩彰,江頭　健輔,一般　一般　療養　療養　内　神内　整外　呼　皮　リハ,210,昭63. 10. 1,ika
診療所,35,0511847,大津島診療所,周南市大字大津島１３６１の４,0834-85-2200,大津島保健組合　組合長　渡邊　あゆ子,分山　隆敏,内　外,,平3. 4. 1,ika
診療所,35,0511920,医療法人　かわむら小児科,周南市花畠町４番３号,0834-32-0535,医療法人かわむら小児科　理事長　河村　一郎,河村　一郎,小,,平3. 8. 1,ika
診療所,35,0511953,橋本医院,周南市大字久米３９５３－１,0834-25-0018,板垣　明味,板垣　明味,内　小　皮,,平3. 11. 1,ika
診療所,35,0511961,賀屋小児科・循環器科,周南市桜木３丁目９番３号,0834-29-0077,医療法人社団賀屋医院　理事長　賀屋　茂,賀屋　茂,小　循,,平3. 12. 1,ika
診療所,35,0511987,香田整形外科医院,周南市代々木通２丁目２７,0834-21-8188,医療法人こうえい会　理事長　香田　和宏,香田　和宏,整外　リハ　リウ,,平4. 1. 1,ika
診療所,35,0512043,宇野医院本院,周南市大字櫛ヶ浜５０１,0834-25-0075,医療法人宇野医院本院　理事長　宇野　愼一,宇野　愼一,一般　内　小　リハ　呼内　循内　消内,,平5. 1. 1,ika
診療所,35,0512118,兼重皮ふ科,周南市大字久米３２０１の１,0834-25-0077,兼重　純明,兼重　純明,皮　形外,,平6. 5. 1,ika
診療所,35,0512175,宇野内科クリニック,周南市秋月２丁目９番１２号,0834-28-1222,宇野　道彦,宇野　道彦,内　呼　消　循　リハ,,平7. 10. 1,ika
診療所,35,0512191,おおしろ小児科,周南市大字徳山４１８６の１,0834-22-3121,医療法人おおしろ小児科　理事長　大城　研二,大城　研二,小,,平8. 4. 1,ika
診療所,35,0512258,医療法人社団津田胃腸科内科医院,周南市城ケ丘４丁目１番１号,0834-28-3763,医療法人社団津田胃腸科内科医院　理事長　津田　廣文,津田　廣文,内　胃　小,,平8. 10. 1,ika
診療所,35,0512274,村田医院,周南市周陽１丁目３番３９号,0834-29-2000,医療法人村田医院　理事長　村田　文一郎,村田　文一郎,内,,平9. 1. 1,ika
診療所,35,0512282,竹内医院,周南市大字戸田２７８３,0834-83-2600,医療法人竹内医院　理事長　竹内　憲,竹内　憲,一般　一般　内　外,15,平9. 1. 1,ika
診療所,35,0512365,医療法人　梅原耳鼻咽喉科,周南市代々木通１丁目１４,0834-21-0563,医療法人梅原耳鼻咽喉科　理事長　梅原　毅,梅原　毅,耳い,,平9. 10. 1,ika
診療所,35,0512381,医療法人　田中医院,周南市大字下上２０９５の３,0834-62-4285,医療法人田中医院　理事長　田中　琢磨,田中　琢磨,内　消,,平10. 4. 1,ika
診療所,35,0512415,いとう内科,周南市孝田町３番４０号,0834-39-0110,伊藤　直美,伊藤　直美,内　呼内　アレ,,平12. 1. 1,ika
診療所,35,0512449,医療法人広田眼科,周南市新町１丁目２５の１,0834-33-1313,医療法人広田眼科　理事長　田　篤,田　篤,一般　一般　眼,17,平12. 4. 1,ika
診療所,35,0512464,岸本医院,周南市久米東神女３２０１ー１　メディビル３階Ｂ,0834-26-2191,医療法人岸本会　理事長　岸本　修,岸本　修,精　心内,,平12. 7. 1,ika
診療所,35,0512472,清水クリニック,周南市栄町１丁目１２,0834-21-1123,清水　活宏,清水　活宏,内　ひ　皮　消,,平13. 1. 1,ika
診療所,35,0512480,おかたに医院,周南市緑町３丁目３７,0834-21-6065,医療法人おかたに医院　理事長　岡谷　泰治,岡谷　泰治,内　外　皮　消化器内科　循環器内科,,平13. 1. 1,ika
診療所,35,0512522,医療法人　藤嶋内科医院,周南市岐南町１０番１０号,0834-21-3588,医療法人　藤嶋内科医院　理事長　藤嶋　浩,藤嶋　浩,内　消化器内科,,平14. 1. 1,ika
診療所,35,0512530,医療法人まえだ循環器内科,周南市速玉町６番１２号,0834-22-3131,医療法人まえだ循環器内科　理事長　前田　貴生,前田　貴生,循環器内科　一般内科　代謝内分泌科,,平14. 4. 1,ika
診療所,35,0512563,長田眼科医院,周南市栄町１丁目３６,0834-21-4463,長田　正夫,長田　正夫,眼,,平14. 10. 1,ika
診療所,35,0610151,防府市休日診療所,防府市鞠生町１２番１号,0835-24-4172,防府市長　池田　豊,松村　康博,内　小　歯,,昭61. 4. 1,ika
病院,35,0610342,医療法人博愛会　山口博愛病院,防府市お茶屋町２番１２号,0835-22-2310,医療法人博愛会　理事長　苅田　幹夫,苅田　幹夫,一般　一般　療養　療養　内　外　神内　皮　アレ　整外　放　呼内　消内　糖尿病・代謝内　血内　循内,98,平5. 3. 1,ika
病院,35,0610359,医療法人神徳会　三田尻病院,防府市お茶屋町３番２７号,0835-22-1110,医療法人神徳会　理事長　神徳　眞也,豊田　秀二,一般　内科　血液内科　糖尿病内科　腎臓内科　循環器内科　消化器内科　透析　呼内　脳内　外科　血管外科　乳腺外科　整外　脳外　アレ　小　皮　ひ　眼　放　歯　歯外,128,昭32. 10. 4,ika
病院,35,0610722,医療法人貴和会　防府病院,防府市大字高井９６１,0835-22-0759,医療法人貴和会　理事長　水津　信之,水津　信之,精神　精神　精神　精神　精神　精神　精　神　麻　歯,157,平13. 10. 28,ika
病院,35,0611084,医療法人惠愛会　防府保養院,防府市岩畠１丁目２番１号,0835-38-0535,医療法人惠愛会　理事長　國本　泰男,國本　泰男,精神　精神　精　神,100,昭41. 8. 1,ika
病院,35,0611241,医療法人和同会　防府リハビリテーション病院,防府市大字台道１６３４の１,0835-32-1777,医療法人和同会　理事長　髙橋　幹治,角川　正弘,療養　療養　内　整外　眼　リハ　放　歯　神内　呼内　循環器内科,261,昭53. 5. 1,ika
病院,35,0611274,一般財団法人防府消化器病センター　防府胃腸病院,防府市駅南町１４番３３号,0835-22-3339,一般財団法人防府消化器病センター　理事長　三浦　修,三浦　修,一般　消化器外科　消化器内科　内視鏡外科　外科　内視鏡内科　疼痛緩和内科　胃腸外科　胃腸内科　食道内科　糖尿病内科　内分泌内科　内科　放　リハ　麻,108,昭54. 4. 2,ika
診療所,35,0611316,防府第一クリニック小児科,防府市華園町１番８号,0835-24-0688,林　佳子,林　佳子,小　アレ,,昭55. 6. 16,ika
病院,35,0611407,医療法人　米沢記念　桑陽病院,防府市車塚町３番２０号,0835-23-1781,医療法人米沢記念　理事長　米澤　孝仁,米澤　孝仁,一般　療養　内　循環器内科　消化器内科　糖尿病内分泌内科　ひ　整外　リハ　放,,昭57. 9. 1,ika
病院,35,0611498,医療法人社団　松友会　まつもと整形救急外科病院,防府市天神２丁目１番４４号,0835-22-1409,医療法人社団松友会　理事長　松本　慶政,松本　慶政,一般　一般　一般　一般　整外　リウ　救急科　形外　放　リハ　内　外,80,昭62. 1. 1,ika
診療所,35,0611514,山本内科医院,防府市栄町１丁目６番１４号,0835-22-3927,山本　一成,山本　一成,一般　内　呼　消　循　放,,昭63. 2. 3,ika
診療所,35,0611555,医療法人　ふじわら小児科,防府市八王子２丁目１１番２１号,0835-23-5501,医療法人ふじわら小児科　理事長　藤原　元紀,藤原　元紀,小,,平元. 6. 1,ika
診療所,35,0611563,医療法人太誠会　木村整形外科,防府市岸津１丁目２０番２０号,0835-38-1181,医療法人太誠会　理事長　木村　皇太郎,木村　皇太郎,整外　リハ　リウ　皮,,平元. 7. 7,ika
診療所,35,0611571,くらしげ小児科,防府市三田尻１丁目１１番１６号,0835-22-0279,医療法人蔵重小児科　理事長　蔵重　秀樹,藏重　秀樹,小　アレ,,平13. 12. 1,ika
診療所,35,0611597,医療法人防府第一クリニック,防府市華園町１番８号,0835-24-0688,医療法人防府第一クリニック　理事長　林　宏海,林　大輔,内　循内,,平2. 4. 1,ika
診療所,35,0611605,医療法人社団大西眼科,防府市栄町２丁目１番１号,0835-22-5307,医療法人社団大西眼科　理事長　大西　徹,大西　徹,一般　眼,,平2. 4. 1,ika
病院,35,0611712,緑町三祐病院,防府市緑町１丁目５番２９号,0835-22-3145,医療法人　康淳会　理事長　中原　康聡,中原　康聡,療養　療養　内　外　整外　眼　リハ　放　リウ　皮　胃内,86,平4. 9. 1,ika
診療所,35,0611720,医療法人　原医院,防府市八王子１丁目２０番２３号,0835-38-2424,医療法人原医院　理事長　原　伸一,原　伸一,精　心内,,平4. 12. 1,ika
診療所,35,0611738,倉田皮ふ科・乳腺科,防府市石が口１丁目３番２４号,0835-25-8488,医療法人倉田皮ふ科　理事長　倉田　三保子,倉田　三保子,皮　乳腺科　外,,平5. 1. 1,ika
診療所,35,0611753,医療法人社団　白石ひふ科,防府市大字新田８１４,0835-24-1112,医療法人社団　白石ひふ科　理事長　白石　達雄,白石　達雄,皮　形外,,平6. 1. 1,ika
診療所,35,0611761,周防医院,防府市車塚町１０番２８号,0835-22-0410,周防　拡,周防　拡,内　神内,,平6. 1. 13,ika
診療所,35,0611779,医療法人惻隠会　木村脳神経・外科内科,防府市大字新田７８０の３,0835-21-5533,医療法人惻隠会　理事長　木村　練,木村　正道,脳外　外　リハ　脳内　内,,平6. 4. 1,ika
診療所,35,0611829,秋本医院,防府市石が口１丁目１０番１８号,0835-22-5152,医療法人博仁会　理事長　秋本　文一,秋本　文一,整外　内　リハ,,平8. 3. 1,ika
診療所,35,0611845,大田呼吸器内科,防府市大字高井６９１の１,0835-26-2525,大田　迪祐,大田　迪祐,内,,平8. 10. 1,ika
診療所,35,0611852,医療法人杉桑会　杉山内科小児科医院,防府市佐波１丁目３番１０号,0835-23-7104,医療法人杉桑会　理事長　杉山　知行,杉山　和子,内　小　循　消　呼　放　リウ,,平8. 11. 1,ika
診療所,35,0611878,松本クリニック,防府市国衙４丁目６番２０号,0835-25-2522,医療法人松風会　理事長　桑代　紳哉,桑代　紳哉,内　消化器内科　胃腸内科　外　こう,,平9. 1. 1,ika
診療所,35,0611969,たにがわ医院,防府市上天神町３番１１号,0835-22-6210,医療法人至誠会　理事長　谷川　浩一,谷川　浩一,内　胃,,平10. 10. 1,ika
診療所,35,0611977,医療法人芳和会　アベ産婦人科クリニック,防府市車塚町１０番２５号,0835-22-0385,医療法人芳和会　理事長　阿部　和子,阿部　和子,一般　産婦　内,,平10. 11. 1,ika
診療所,35,0611985,医療法人三鳩会　吉田整形外科,防府市上天神町３番８号,0835-22-0021,医療法人三鳩会吉田整形外科　理事長　吉田　義夫,吉田　佑一郎,一般　一般　整外　外　リハ　リウ,19,平10. 11. 1,ika
診療所,35,0611993,医療法人社団　防府整形・リウマチクリニック,防府市新田１丁目７番１号,0835-25-1060,医療法人社団防府整形・リウマチクリニック　理事長　中島　大介,中島　大介,整外　リウ　リハ,,平10. 11. 1,ika
診療所,35,0612009,きはら内科あこ小児科,防府市大字台道４２１の２,0835-33-1120,木原　英利,木原　英利,内　呼　循　アレ　小,,平10. 12. 1,ika
診療所,35,0612041,木村眼科,防府市南松崎町１２番２２号,0835-27-0202,木村　浩,木村　浩,眼,,平11. 7. 1,ika
診療所,35,0612074,山口泌尿器科クリニック,防府市八王子１丁目４番６０号,0835-26-5000,医療法人山口泌尿器科クリニック　理事長　山口　政俊,山口　政俊,ひ,,平11. 10. 1,ika
診療所,35,0612108,牟礼小児科,防府市大字江泊１９１７の２,0835-38-0530,三浦　幸明,三浦　幸明,小,,平12. 4. 1,ika
診療所,35,0612116,たかきクリニック,防府市大字台道３５８３の５,0835-33-1050,医療法人たかきクリニック　理事長　高木　靖彦,高木　靖彦,外　胃　内　整外　循環器内科　こう　リハ,,平12. 4. 1,ika
診療所,35,0612165,古屋敷医院,防府市八王子１丁目１８番１５号,0835-27-4777,古屋敷　進,古屋敷　進,内　整外　外　胃　循　こう　アレ　リハ,,平13. 5. 1,ika
診療所,35,0612173,深野医院,防府市岩畠１丁目２２番１号,0835-21-1919,医療法人　浩然会　理事長　深野　浩史,深野　浩史,内　循　呼,,平13. 9. 1,ika
診療所,35,0612181,医療法人社団南風会　山縣整形外科医院,防府市大字田島１０９２,0835-22-0246,医療法人社団　南風会　山縣医院　理事長　山縣　大樹,山縣　大樹,整外　リハ　リウ　神内,,平13. 10. 1,ika
診療所,35,0612215,中司内科,防府市大字田島５８７の１,0835-27-0350,医療法人実昌会　理事長　中司　昌美,中司　昌美,内　呼　循　アレ,,平14. 4. 1,ika
診療所,35,0612231,ひよしクリニック,防府市鋳物師町１１番８号,0835-27-3387,医療法人　すみれ会　理事長　日吉　正明,日吉　正明,耳い　アレ,,平14. 9. 1,ika
診療所,35,0612249,村田小児科,防府市八王子２丁目４番８号,0835-24-7100,村田　敦,村田　敦,小,,平15. 3. 1,ika
診療所,35,0612272,光山医院,防府市今市町２１番１５号,0835-22-1361,医療法人　光恵会　理事長　光山　哲生,藤井　章久,一般　一般　内　循　呼　放　小　耳い　内科（人工透析）　腎臓内科,16,平15. 9. 1,ika
診療所,35,0612280,医療法人社団　ながみつクリニック,防府市中央町９番４１号,0835-20-1230,医療法人社団　ながみつクリニック　理事長　長光　勉,長光　勉,脳外　脳内,,平15. 10. 1,ika
診療所,35,0612306,医療法人社団　うのき内科・循環器科,防府市桑南２丁目１４番１７号,0835-38-4970,医療法人社団　うのき内科・循環器科　理事長　鵜木　哲秀,鵜木　哲秀,内　循,,平15. 12. 1,ika
診療所,35,0612314,舩津医院,防府市戎町２丁目８番１２号,0835-22-1308,舩津　春美,舩津　春美,外　整外　内　麻,,平16. 1. 1,ika
診療所,35,0612322,防府耳鼻咽喉科医院,防府市八王子１丁目２４番２４号,0835-23-7194,医療法人慶和会　防府耳鼻咽喉科医院　理事長　阿部　慶一,阿部　慶一,一般　耳い　内　気食　アレ,,平16. 4. 1,ika
診療所,35,0612330,深川内科循環器科,防府市佐波１丁目１４番２１号,0835-25-1122,医療法人靖英会　理事長　深川　靖浩,深川　靖浩,内　循,,平17. 1. 1,ika
診療所,35,0612348,医療法人社団　澤内科消化器科クリニック,防府市中央町９番６号,0835-26-3838,医療法人社団　澤内科消化器科クリニック　理事長　澤　明彦,澤　明彦,内　消,,平17. 4. 1,ika
診療所,35,0612355,医療法人社団　ひらた内科呼吸器科医院,防府市惣社町１番１１号,0835-26-3300,医療法人社団　ひらた内科呼吸器科医院　理事長　石畠　英昭,石畠　英昭,内　呼　アレ　リハ,,平17. 9. 1,ika
診療所,35,0612363,寿町クリニック,防府市寿町３番１９号,0835-27-5577,木村　正統,木村　正統,整外　内　消,,平17. 11. 1,ika
診療所,35,0612371,佐伯医院,防府市南松崎町８番３２号,0835-22-1192,医療法人伯生会　理事長　佐伯　英明,佐伯　英明,形外　内　小　循　皮　美外,,平18. 9. 1,ika
診療所,35,0612397,大腸クリニックかわむら内科,防府市大字高井３１３の１,0835-22-7520,医療法人玲明会　理事長　河村　芳知,河村　芳知,内　胃　リハ　こう,,平19. 1. 1,ika
診療所,35,0612405,おがさまきレディースクリニック,防府市大字植松５５９の１,0835-26-1107,小笠　麻紀,小笠　麻紀,産婦,,平19. 4. 1,ika
診療所,35,0612413,医療法人社団よしいこどもクリニック,防府市大字植松５５９の１,0835-26-0115,医療法人社団よしいこどもクリニック　理事長　吉井　英樹,吉井　英樹,小　アレ,,平19. 4. 1,ika
診療所,35,0612488,手山産婦人科,防府市栄町１丁目８番７号,0835-22-0188,手山　知行,手山　知行,一般　一般　産婦,10,平22. 4. 1,ika
診療所,35,0612504,うちみち脳神経クリニック,防府市石が口２丁目２番３８号,0835-27-5880,医療法人オレンジ会　理事長　打道　昭彦,打道　昭彦,脳外　神内　内,,平22. 10. 1,ika
診療所,35,0612520,サンタキッズ＆ファミリークリニック,防府市新田１丁目１番１号,0835-26-5533,池内　克彦,池内　克彦,小　内　アレ　漢内,,平23. 2. 1,ika
診療所,35,0612538,ふなつ眼科防府分院　かわもと眼科,防府市駅南町８番３８号,0835-28-8118,医療法人彦星会　理事長　舩津　浩彦,川本　晃司,眼,,平23. 4. 1,ika
病院,35,0612546,山口県立総合医療センター,防府市大字大崎１００７７番地,0835-22-4411,地方独立行政法人　山口県立病院機構　理事長　岡　紳爾,杉野　法広,一般　一般　一般（感染）　感染　内科　糖尿病・内分泌内科　血液内科　腎臓内科　肝臓内科　脳内　呼内　小児科　小児科（新生児）　外科　乳腺外科　頭頚部外科　整外　形外　脳外　心外　小外　皮　ひ　産婦　眼　耳い　リハ　放射線科　放射線治療科　精　麻　歯　歯外　病理　呼外　消化器内科　消化器外科　消化器内視鏡内科　消化器腫瘍内科　循環器内科　救急科　婦人科（生殖医療）,504,平23. 4. 1,ika
診療所,35,0612553,医療法人　はすいけ耳鼻咽喉科クリニック,防府市大字新田５８２の１,0835-20-1133,医療法人　はすいけ耳鼻咽喉科クリニック　理事長　蓮池　耕二,蓮池　耕二,耳い,,平23. 5. 1,ika
診療所,35,0612561,くらしげ整形外科クリニック,防府市大字田島１４９０番地１,0835-25-0076,医療法人社団涼風会　理事長　蔵重　芳文,蔵重　芳文,整外　リウ　リハ,,平25. 9. 1,ika
診療所,35,0612579,甲嶋内科,防府市戎町二丁目５番３０号,0835-23-8121,医療法人松寿会　理事長　松村　康博,松村　康博,内　消化器内科　糖尿病・代謝内科,,平26. 4. 1,ika
診療所,35,0612587,えま皮膚科,防府市平和町１番３号,0835-22-5621,医療法人えま皮膚科　理事長　江間　聡,江間　聡,皮,,平28. 5. 1,ika
診療所,35,0612595,防府市野島診療所,防府市大字野島６７９番地の１１野島漁村センター内,0835-34-1500,防府市長　池田　豊,大枝　栄一,内,,平28. 8. 1,ika
診療所,35,0612603,渡辺内科・呼吸器科,防府市平和町１２番２号,0835-23-1955,渡邉　正実,渡邉　正実,内　呼内,,平29. 8. 1,ika
診療所,35,0612611,岡澤医院,防府市西仁井令２丁目１０－１,0835-22-6516,岡澤　正,岡澤　正,内　消化器内科,,平29. 12. 27,ika
診療所,35,0612652,三好クリニック,防府市東三田尻一丁目３番１３号,0835-25-1020,医療法人　青葉会　理事長　三好　俊彦,三好　俊彦,精　心内,,令元. 5. 1,ika
診療所,35,0612678,かわい腎泌尿器科クリニック,防府市植松５５９－１　コスパメディカルビル１Ｆ,0835-27-3111,医療法人健花悠久会　かわい腎泌尿器科クリニック　理事長　川井　禎久,川井　禎久,ひ　腎臓内科,,令2. 6. 1,ika
診療所,35,0612686,うえだ内科・循環器クリニック,防府市岸津１丁目１８－６,0835-28-7091,医療法人輝風会　理事長　上田　亨,上田　亨,内　循,,令2. 9. 1,ika
診療所,35,0612694,あらい耳鼻咽喉科クリニック,防府市牟礼今宿１丁目５－３１,0835-28-8741,医療法人翔羚会　理事長　新井　紹之,新井　紹之,耳い,,令2. 12. 1,ika
診療所,35,0612702,ライフクリニック,防府市上右田３３６－１,0835-22-5577,社会福祉法人ライフケア高砂　理事長　上田　巌,井上　貴之,内　外　小,,令3. 12. 1,ika
診療所,35,0612728,よつば呼吸器内科クリニック,防府市新田８１４,0835-25-1159,吉國　友和,吉國　友和,内　呼内　循環器内科　アレ　感染症内科,,令7. 10. 1,ika
診療所,35,0612736,松村内科医院,防府市南松崎町５番２０号,0835-26-0888,松村　卓郎,松村　卓郎,内,,令8. 4. 1,ika
病院,35,0710282,周南記念病院,下松市生野屋南１丁目１０番１号,0833-45-3330,社会医療法人同仁会　理事長　中元　賢武,橋谷田　博,一般　一般　療養　療養　内　神内　循環器内科　呼内　消化器内科　消化器外科　外科　血管外科　大腸・肛門外科　乳腺外科　呼外　整外　リウ　ひ　形外　脳外　小　耳い　放　麻　アレ　リハ　甲状腺外科,250,平12. 6. 1,ika
診療所,35,0710399,下松市米川診療所,下松市大字下谷１６７の１,0833-53-0001,下松市長　國井　益雄,山本　薫,内,,昭40. 12. 1,ika
診療所,35,0710597,医療法人社団創世会　篠山医院,下松市生野屋西４丁目３番１３号,0833-44-8034,医療法人社団創世会　理事長　篠山　理香,篠山　理香,一般　療養　内　小　リハ,,昭62. 5. 1,ika
診療所,35,0710647,医療法人光成会　梶原眼科医院,下松市大手町２丁目８番１７号,0833-41-0644,医療法人光成会　理事長　梶原　淳,梶原　淳,眼,,平元. 5. 1,ika
診療所,35,0710662,医療法人北斗会　小林耳鼻咽喉科,下松市北斗町８番８号,0833-41-0134,医療法人北斗会　理事長　小林　究,小林　究,耳い,,平元. 11. 1,ika
診療所,35,0710696,定金内科,下松市南花岡７丁目２番１号,0833-41-6555,定金　章人,定金　章人,内　呼　循,,平3. 6. 1,ika
病院,35,0710704,下松病院,下松市新川二丁目１番１号,0833-41-2727,医療法人成幸会　理事長　中島　洋二,中島　唯光,療養　療養　内　循環器内科　消化器内科　呼内　リハ,51,平3. 5. 1,ika
診療所,35,0710761,岸田内科クリニック,下松市青柳１丁目２番１号,0833-44-1171,医療法人岸田医院会　理事長　岸田　健伸,岸田　健伸,内　神内　胃　小　放,,平5. 4. 1,ika
診療所,35,0710803,下松市休日診療所,下松市中央町２１番１号,0833-41-7799,下松市長　國井　益雄,井上　保,内,,平5. 11. 1,ika
診療所,35,0710829,医療法人荻野内科医院,下松市東陽４丁目２１番３号,0833-46-3553,医療法人荻野内科医院　理事長　木村　豊彦,木村　豊彦,内　神内　胃　小,,平6. 5. 1,ika
診療所,35,0710837,みずほ内科クリニック,下松市瑞穂町２丁目１９番１４号,0833-45-6161,医療法人社団　二三会　理事長　安部　真彰,安部　真彰,脳内　内　リハ,,平13. 3. 1,ika
診療所,35,0710852,しのはらクリニック,下松市大手町１丁目１番１１号,0833-41-7700,医療法人　陽心会　理事長　篠原　陽一,篠原　陽平,ひ　腎臓内科,,平7. 1. 1,ika
診療所,35,0710860,医療法人　秀浦医院,下松市生野屋西１丁目５番１７号,0833-41-5225,医療法人秀浦医院　理事長　秀浦　信太郎,秀浦　信太郎,内　外　リハ　胃内,,平7. 5. 1,ika
診療所,35,0710878,医療法人　のみやま内科クリニック,下松市美里町３丁目４番５号,0833-41-2248,医療法人　のみやま内科クリニック　理事長　野見山　敬太,野見山　敬太,内,,平7. 10. 1,ika
診療所,35,0710910,篠原小児科医院,下松市楠木町１丁目４番１号,0833-45-0330,篠原　照男,篠原　照男,小,,平9. 1. 1,ika
診療所,35,0710936,のぞみ医院,下松市望町１丁目９番１０号,0833-45-0550,岸本　千種,岸本　千種,精　心内,,平10. 7. 1,ika
診療所,35,0710944,阿部クリニック,下松市大字河内１０４８の１,0833-47-0001,医療法人創黎会　理事長　阿部　政則,阿部　政則,一般　麻　内　外　心内　神内　精,,平10. 12. 1,ika
診療所,35,0710951,上村内科クリニック,下松市大字西豊井８７７の１,0833-41-1318,上村　継道,上村　継道,内　呼　消　循　小　放,,平11. 10. 1,ika
診療所,35,0710969,山本医院,下松市潮音町１丁目８番３２号,0833-41-0037,山本　薫,山本　薫,内　婦,,平12. 1. 1,ika
診療所,35,0710977,医療法人周南眼科,下松市中央町２１番３号,0833-44-3443,医療法人周南眼科　理事長　梶原　良,梶原　良,眼,,平12. 8. 1,ika
診療所,35,0710985,しげおか医院,下松市大手町２丁目６番１４号,0833-41-1130,重岡　秀信,重岡　秀信,内　呼　消　循　小,,平12. 10. 1,ika
診療所,35,0711009,久保駅前クリニック,下松市大字河内７９４の１,0833-46-4688,中嶋　敏和,中嶋　敏和,眼　アレ,,平13. 3. 1,ika
診療所,35,0711017,石﨑内科医院,下松市駅南一丁目７－７,0833-45-5235,石﨑　浩史,石﨑　浩史,内　循　呼　消　放,,平13. 7. 1,ika
診療所,35,0711041,花岡医院,下松市大字末武上１２３９,0833-44-8227,水津　貴,水津　貴,内　麻　放,,平14. 6. 1,ika
診療所,35,0711074,医療法人　岡藤内科医院,下松市大字西豊井７４１の９,0833-44-1300,医療法人　岡藤内科医院　理事長　岡藤　賢,岡藤　賢,内,,平15. 4. 1,ika
診療所,35,0711082,のだくりにっく,下松市中央町２１番３号,0833-45-2100,野田　寛,野田　寛,消　循　外　内　リハ,,平15. 8. 1,ika
診療所,35,0711108,医療法人社団　みやもとクリニック,下松市大字河内２７５８の１,0833-45-0005,医療法人社団　みやもとクリニック　理事長　宮本　正樹,宮本　正樹,内　循　消　外　小　リハ,,平15. 10. 1,ika
診療所,35,0711116,英クリニック,下松市大手町２丁目４番１１号,0833-41-7788,医療法人　英クリニック　理事長　三尾母　英幸,三尾母　英幸,一般　整外　リウ　リハ　内,,平16. 4. 1,ika
診療所,35,0711140,医療法人社団　あいクリニック,下松市西柳３丁目２番３４号,0833-48-1111,医療法人社団　あいクリニック　理事長　井上　保,井上　保,小　皮　アレ,,平16. 10. 1,ika
診療所,35,0711165,医療法人　中山医院,下松市瑞穂町１丁目３番１２号,0833-41-7220,医療法人　中山医院　理事長　中山　実,中山　実,一般　ひ　皮,,平18. 4. 1,ika
診療所,35,0711173,松野整形外科医院,下松市藤光町２丁目１３番２４号,0833-41-3123,医療法人松野整形外科医院　理事長　松野　尚弘,松野　尚弘,整外　リハ　リウ,,平18. 9. 1,ika
診療所,35,0711199,くだまつ眼科,下松市西柳三丁目１番８号,0833-48-2222,医療法人清樹会　理事長　岩本　剛,中村　充智,眼,,平20. 3. 1,ika
診療所,35,0711207,周防医院,下松市中市２丁目１０－８,0833-41-0519,澤　公成,澤　公成,内　消化器内科　循環器内科　呼内,,平20. 4. 1,ika
診療所,35,0711231,山下脳神経外科クリニック,下松市望町５丁目４番７号,0833-45-1577,医療法人社団　山下脳神経外科クリニック　理事長　山下　弘巳,山下　弘巳,脳外　神内,,平23. 9. 1,ika
病院,35,0711256,下松中央病院,下松市古川町３丁目１番１号,0833-41-3030,医療法人　緑山会　理事長　齋藤　淳,梅野　哲弘,一般　療養　内　呼内　循環器内科　外　整外　リハ　婦　歯,109,平25. 4. 1,ika
診療所,35,0711264,ほりいけ耳鼻咽喉科,下松市せせらぎ町二丁目１番２３号,0833-48-8755,医療法人　拓真会　理事長　堀池　修,堀池　修,耳い,,平25. 10. 1,ika
診療所,35,0711272,みさとクリニック,下松市美里町四丁目１０番２５号,0833-48-3310,医療法人みさとクリニック　理事長　爲佐　路子,爲佐　路子,乳腺外科　内,,平26. 9. 1,ika
診療所,35,0711298,さんふらわあクリニック,下松市琴平町２丁目１１－２,0833-44-5678,和田　崇子,和田　崇子,内,,平28. 10. 1,ika
診療所,35,0711306,のはら消化器内科,下松市望町２－４－８,0833-45-6777,野原　寛章,野原　寛章,内科　内視鏡内科　消化器内科,,平29. 5. 1,ika
診療所,35,0711322,かとう整形外科クリニック,下松市瑞穂町１丁目７番２４号,0833-48-8155,加藤　秀豊,加藤　秀豊,整外　リハ　リウ,,令元. 11. 7,ika
診療所,35,0711330,しゅうなん皮ふ科クリニック,下松市瑞穂町１丁目６番７号,0833-48-9191,医療法人祥珠会　理事長　竹本　朱美,竹本　朱美,皮,,令3. 1. 1,ika
診療所,35,0711363,笠戸クリニック,下松市笠戸島７０５－４,0833-52-0133,兼清　照久,兼清　照久,外　内　整外,,令6. 4. 1,ika
診療所,35,0711371,やまね眼科クリニック,下松市楠木町二丁目６番３４号,0833-48-5703,山根　貴司,山根　貴司,眼,,令7. 5. 1,ika
診療所,35,0711397,医療法人三生会　山下ウィメンズクリニック,下松市瑞穂町一丁目６番１０号,0833-48-0211,医療法人三生会　理事長　道上　永江,山下　三郎,産婦,,令7. 4. 1,ika
診療所,35,0711405,あやの泌尿器科・腎クリニック,下松市瑞穂町１丁目８－２,0833-48-6070,三好　礼乃,三好　礼乃,ひ　腎臓内科,,令8. 6. 1,ika
病院,35,0810025,医療法人岩国病院,岩国市岩国３丁目２番７号,0827-41-0850,医療法人岩国病院　理事長　庄司　凡,庄司　凡,一般　内　消化器内科　神内　整外　産婦　小　リハ,,昭32. 10. 31,ika
診療所,35,0810058,帝人株式会社　岩国事業所診療所,岩国市日の出町２番１号,0827-24-6536,帝人株式会社岩国事業所　事業所長　松浦　孝臣,渡邊　武彦,内,,昭44. 9. 1,ika
病院,35,0810082,医療法人錦病院,岩国市錦見７丁目１５番７号,0827-41-0177,医療法人錦病院　理事長　大浅　貴朗,藤本　浩一,一般　外科　乳腺外科　肛門外科　内　整外　放　消化器外科,,昭32. 10. 31,ika
診療所,35,0810256,岩国市立柱島診療所,岩国市柱島１３２の７,0827-48-2311,岩国市長　福田　良彦,荻原　浩太郎,内,,平元. 4. 1,ika
病院,35,0810561,いしい記念病院,岩国市多田３丁目１０２－１,0827-41-0114,医療法人新生会　理事長　石井　忍,髙橋　俊文,療養　療養　精神　精神　精神　精神　精神　精神　内　放　精　リハ　循環器内科　消化器内科　呼内,207,平12. 2. 1,ika
診療所,35,0811098,駐留軍要員健康保険組合　岩国基地診療所,岩国市三角町１丁目官有無番地,0827-23-2035,駐留軍要員健康保険組合　理事長　熊谷　昌司,髙野　勝之,内　外,,昭50. 12. 1,ika
診療所,35,0811148,医療法人社団松柏会　岩国整形外科,岩国市錦見６丁目１３番４０号,0827-43-1235,医療法人社団松柏会　理事長　守田　英樹,守田　英樹,整外,,昭52. 1. 1,ika
診療所,35,0811320,村岡整形外科,岩国市山手町１丁目６番２０号,0827-22-2181,村岡　洋,村岡　洋,一般　整外　リハ,,昭57. 4. 1,ika
診療所,35,0811338,医療法人社団はじめ会　森脇整形外科医院,岩国市尾津町２丁目２３番１４号,0827-31-1234,医療法人社団はじめ会　理事長　森脇　伸二郎,森脇　伸二郎,整外　リハ　リウ,,昭57. 4. 1,ika
診療所,35,0811437,医療法人岩崎内科医院,岩国市南岩国町１丁目３０番１３号,0827-31-4815,医療法人岩崎内科医院　理事長　岩崎　淳,岩崎　淳,内　循環器内科　糖尿病内科（代謝内科）,,平3. 8. 20,ika
診療所,35,0811478,マサキ外科肛門科,岩国市麻里布町５丁目３番１２号,0827-22-0088,正木　康史,正木　康史,一般　胃　外　整外　こう　皮　麻,,昭63. 5. 1,ika
病院,35,0811486,医療法人光風会　岩国中央病院,岩国市今津町４丁目１５番３号,0827-23-1600,医療法人光風会　理事長　山田　輝城,松田　裕之,一般　消化器外科　消化器内科　乳腺外科　肛門外科　腫瘍外科　内視鏡外科　血管外科　整外　麻　放射線診断科　臨床　呼内　糖尿病内科　腎臓内科　透析,,昭63. 8. 1,ika
診療所,35,0811619,医療法人社団桑原内科,岩国市麻里布町５丁目４番２号,0827-21-0839,医療法人社団桑原内科　理事長　桑原　直昭,桑原　直昭,内　消　小,,平8. 3. 25,ika
診療所,35,0811635,医療法人社団慈愛会　やすだクリニック,岩国市今津町４丁目４番１９号,0827-21-1110,医療法人社団慈愛会　理事長　保田　知德,保田　浩平,内　循,,平元. 11. 1,ika
診療所,35,0811726,岩国ひらた透析・内科・外科,岩国市平田４丁目１６番３５号,0827-32-2121,医療法人片山クリニック　理事長　廣田　省三,前田　貴司,透析　消化器内科　外　内,,平2. 9. 1,ika
診療所,35,0811734,ごちょう眼科,岩国市麻里布町３丁目２０番２５号,0827-22-7432,医療法人社団ごちょう眼科　理事長　後長　道伸,後長　道伸,眼　小,,平11. 4. 16,ika
病院,35,0811742,岩国第一病院,岩国市岩国１丁目２０番４９号,0827-41-0019,医療法人社団千寿会　理事長　藤本　治道,藤本　治道,療養　療養　内　呼内　漢方内科　リハ,47,平2. 10. 1,ika
診療所,35,0811775,中泌尿器科,岩国市錦見２丁目７番５０号,0827-43-1135,医療法人社団中泌尿器科　理事長　小武家　誠,小武家　誠,ひ,,平3. 1. 1,ika
診療所,35,0811833,岩﨑クリニック,岩国市錦見４丁目１番１３号,0827-43-3699,岩﨑　功,岩﨑　功,精　心内　内,,平3. 11. 1,ika
病院,35,0811841,岩国みなみ病院,岩国市南岩国町２丁目７７番２３号,0827-32-4100,医療法人岩国みなみ病院　理事長　野坂　誠士,野坂　誠士,一般　呼外　呼内　消外　消内　外　内　放　リハ,,平4. 1. 1,ika
診療所,35,0811858,医療法人　吉岡耳鼻咽喉科,岩国市南岩国町１丁目３０番１９号,0827-32-4133,医療法人吉岡耳鼻咽喉科　理事長　吉岡　達生,吉岡　達生,耳い,,平4. 1. 1,ika
診療所,35,0811874,小幡眼科,岩国市岩国１丁目１９番６号,0827-43-0245,医療法人社団小幡眼科医院　理事長　守田　裕希子,守田　裕希子,眼,,平4. 1. 1,ika
診療所,35,0812005,医療法人社団　小林耳鼻咽喉科医院,岩国市今津町３丁目１番３４号,0827-21-2718,医療法人社団小林耳鼻咽喉科医院　理事長　小林　優子,小林　優子,耳い　気食　アレ,,平5. 6. 1,ika
病院,35,0812013,岩国市医療センター医師会病院,岩国市室の木町３丁目６番１２号,0827-21-3211,一般社団法人　岩国市医師会　会長　小林　元壯,茶川　治樹,一般　一般　一般　一般　内科　血液内科　内分泌内科　糖尿病内科　腎臓内科　小　整外　放射線診断科　消化器内科　透析　麻　脳外　脳内　ペインクリニック内科　緩和ケア内科　リハ　循環器内科　ひ　呼内　歯,181,平5. 8. 1,ika
診療所,35,0812021,医療法人社団まりふ会　森脇神経科内科医院,岩国市今津町１丁目１１番２３号,0827-21-1558,医療法人社団まりふ会　理事長　森脇　卓二,杉原　順二,精　神内　内　心内,,平10. 7. 1,ika
診療所,35,0812039,医療法人和会　沖井クリニック,岩国市元町４丁目５番１０号,0827-21-0720,医療法人和会　理事長　沖井　明,沖井　明,外　胃　麻　リハ,,平6. 8. 1,ika
診療所,35,0812054,たかた整形外科,岩国市南岩国町３丁目１７番１７号,0827-31-3399,医療法人社団たかた整形外科　理事長　高田　省吾,高田　省吾,整外　リハ,,平6. 9. 1,ika
診療所,35,0812062,上田整形外科,岩国市今津町４丁目２番５号,0827-23-3111,医療法人社団上田整形外科　理事長　上田　久司,上田　久司,整外　リハ,,平7. 2. 1,ika
診療所,35,0812096,とくとみ内科胃腸科クリニック,岩国市立石町１丁目３番１８号,0827-24-5000,医療法人社団　とくとみクリニック　理事長　徳冨　正,徳冨　正,内　消,,平7. 6. 1,ika
診療所,35,0812138,医療法人　ひろいし小児クリニック,岩国市尾津町１丁目１７番４号,0827-32-7000,医療法人ひろいし小児クリニック　理事長　石　裕一,石　裕一,小　内　皮,,平7. 10. 1,ika
診療所,35,0812153,医療法人村重内科医院,岩国市中津町３丁目２番１９号,0827-21-8081,医療法人村重内科医院　理事長　村重　典昭,村重　典昭,内　消,,平10. 10. 19,ika
診療所,35,0812187,鷲田医院,岩国市麻里布町７丁目１５番１号,0827-24-1108,医療法人社団育明会　理事長　鷲田　晢雄,鷲田　晢雄,胃　内　外　麻,,平8. 10. 1,ika
診療所,35,0812245,いなだ泌尿器科クリニック,岩国市今津町１丁目１６番３号,0827-21-1976,稲田　進,稲田　進,ひ　皮,,平9. 10. 1,ika
診療所,35,0812252,医療法人社団大谷整形外科,岩国市麻里布町３丁目１番２５号,0827-24-4970,医療法人社団大谷整形外科　理事長　大谷　武,大谷　武,整外　リハ　リウ,,平9. 11. 1,ika
診療所,35,0812286,医療法人　松原クリニック循環器科・内科,岩国市平田５丁目４２番１７号,0827-31-5566,医療法人松原クリニック　理事長　松原　堅,松原　堅,内　循,,平10. 10. 1,ika
診療所,35,0812302,やましたクリニック,岩国市尾津町１丁目１２番２９号,0827-34-0303,山下　博士,山下　博士,胃　内　こう　消化器内視鏡内,,平11. 4. 1,ika
診療所,35,0812328,医療法人　さいとう皮膚科,岩国市車町２丁目１２番４２号,0827-23-4477,医療法人さいとう皮膚科　理事長　齋藤　由希子,齋藤　由希子,皮,,平11. 4. 1,ika
診療所,35,0812336,小林クリニック,岩国市山手町１丁目１１番２３号,0827-23-5884,小林　元壮,小林　元壮,呼　内　外　放,,平11. 11. 1,ika
診療所,35,0812385,はるなウィメンズクリニック,岩国市平田１丁目２８番２７号,0827-32-7007,医療法人はるなウィメンズクリニック　理事長　春名　伸彦,春名　伸彦,一般　一般　産　婦　外　こう,3,平12. 10. 1,ika
診療所,35,0812393,医療法人睦み会高田耳鼻咽喉科クリニック,岩国市麻里布町２丁目７番１２号,0827-24-1666,医療法人睦み会高田耳鼻咽喉科クリニック　理事長　高田　洋美,高田　洋美,耳い,,平12. 10. 1,ika
診療所,35,0812401,医療法人ふじもと小児科,岩国市保津町２丁目４番５１号,0827-39-1105,医療法人ふじもと小児科　理事長　藤本　誠,藤本　誠,小,,平12. 10. 1,ika
診療所,35,0812419,医療法人　横田内科医院,岩国市南岩国町４丁目５７番１０号,0827-32-1500,医療法人　横田内科医院　理事長　横田　崇,横田　崇,内,,平12. 10. 1,ika
診療所,35,0812427,医療法人やすおか皮フ科クリニック,岩国市山手町２丁目１８番１２号,0827-29-1112,医療法人やすおか皮フ科クリニック　理事長　安陵　成浩,安陵　成浩,皮　アレ,,平13. 1. 1,ika
診療所,35,0812435,栗栖眼科,岩国市平田１丁目２８番２８号,0827-34-5513,栗栖　朗彦,栗栖　朗彦,眼,,平13. 6. 1,ika
診療所,35,0812443,豊岳小児科医院,岩国市山手町１丁目１６番３５号,0827-24-9255,豊岳　正彦,豊岳　正彦,小,,平13. 6. 1,ika
診療所,35,0812468,小野内科,岩国市三笠町２丁目６番９号,0827-21-2703,医療法人　小野内科　理事長　小野　良策,小野　良策,内　消,,平13. 12. 1,ika
診療所,35,0812484,牛野谷クリニック,岩国市牛野谷町３丁目３９番１９号,0827-35-1010,森近　博司,森近　博司,消　外　こう　リハ　胃　内,,平14. 4. 1,ika
診療所,35,0812492,ふくもと内科・循環器科,岩国市御庄３丁目１０２の７,0827-45-2020,福本　雅和,福本　雅和,内　アレ　心内　消　循内　呼内,,平14. 6. 1,ika
診療所,35,0812500,青空診療所,岩国市平田６丁目２４番５号,0827-35-2020,中原　千加子,中原　千加子,精　心内,,平14. 11. 1,ika
診療所,35,0812518,医療法人社団　西岡医院,岩国市通津３７１５の２,0827-38-2220,医療法人社団西岡医院　理事長　西岡　義幸,西岡　義幸,内　胃　小,,平14. 12. 1,ika
診療所,35,0812526,医療法人　増田耳鼻咽喉科,岩国市尾津町２丁目１９番１０号,0827-31-8231,医療法人　増田耳鼻咽喉科　理事長　増田　光家,増田　光家,耳い,,平15. 6. 1,ika
診療所,35,0812534,みい眼科,岩国市中津町１丁目２０番２８号,0827-30-3131,三井　清次郎,三井　清次郎,眼,,平16. 3. 1,ika
診療所,35,0812567,永安クリニック,岩国市尾津町２丁目１４番５０号,0827-31-7262,医療法人　永安クリニック　理事長　永安　治,永安　治,内　消　放　外,,平17. 9. 1,ika
診療所,35,0812575,医療法人社団　玖珂クリニック,岩国市玖珂町５１４４の２,0827-82-6611,医療法人社団　玖珂クリニック　理事長　木村　佳起,木村　佳起,一般　内　消化器内科　ひ　放　リハ　透析,,平18. 5. 1,ika
診療所,35,0812591,後藤皮膚科クリニック,岩国市今津町３丁目１６番１５号,0827-21-5510,後藤　多佳子,後藤　多佳子,皮　アレ　美外　婦,,平19. 1. 1,ika
診療所,35,0812609,近藤医院,岩国市美和町佐坂３７０の１,0827-95-0070,医療法人社団近藤医院　理事長　近藤　栄作,近藤　栄作,内　消,,平19. 1. 1,ika
診療所,35,0812617,毛利小児科,岩国市山手町２丁目１８番８号,0827-23-6677,医療法人社団毛利小児科　理事長　毛利　久夫,毛利　久夫,小,,平19. 4. 1,ika
診療所,35,0812666,まつうら内科,岩国市岩国４丁目７番２３号,0827-43-1248,医療法人社団　松浦胃腸科　理事長　松浦　晃,松浦　晃,内　消化器内科,,平24. 4. 1,ika
診療所,35,0812674,さとう眼科,岩国市室の木町５丁目１０－１１,0827-30-3100,医療法人　さとう眼科　理事長　佐藤　俊介,佐藤　俊介,眼,,平24. 9. 1,ika
診療所,35,0812716,いしいケア・クリニック,岩国市麻里布町３丁目５－５,0827-29-0114,医療法人　新生会　理事長　石井　忍,原田　唯成,内　リハ,,平26. 3. 1,ika
診療所,35,0812724,医療法人岩見内科医院,岩国市元町二丁目１番１５号,0827-21-0077,医療法人岩見内科医院　理事長　大島　眞理,大島　眞理,内,,平26. 7. 1,ika
診療所,35,0812765,やまもとハートクリニック,岩国市牛野谷町二丁目２５番１５号,0827-31-8100,山本　和彦,山本　和彦,内　循,,平28. 6. 1,ika
診療所,35,0812773,医療法人清樹会たかもり眼科,岩国市周東町下久原１１４７番地７,0827-83-1110,医療法人清樹会　理事長　岩本　剛,岩本　剛,眼,,平29. 1. 1,ika
診療所,35,0812781,南岩国たにおか内科クリニック,岩国市南岩国町一丁目１４－２４,0827-34-3300,谷岡　大輔,谷岡　大輔,内科　内視鏡内科　消化器内科,,平29. 10. 1,ika
診療所,35,0812807,じんこどもクリニック,岩国市南岩国町１丁目３０番９号,0827-31-8111,西村　仁,西村　仁,小,,平30. 4. 1,ika
診療所,35,0812815,つつい外科クリニック,岩国市錦町広瀬１０７４番地５,0827-72-3020,筒井　慶二郎,筒井　慶二郎,外　内,,平30. 4. 1,ika
診療所,35,0812831,岡山医院,岩国市平田６丁目５１－１６,0827-32-2288,岡山　智亮,岡山　智亮,内　小,,平31. 1. 1,ika
診療所,35,0812849,にしみ内科クリニック,岩国市錦見六丁目１４番３１号,0827-44-2437,医療法人にしみ内科クリニック　理事長　横峰　和典,横峰　和典,内　消化器内科　内視鏡内科,,平31. 4. 1,ika
診療所,35,0812856,医療法人芳心会　まつい内科クリニック,岩国市山手町一丁目２２番２５号,0827-30-1200,医療法人芳心会　理事長　松井　芳夫,松井　芳夫,内　循環器内科　呼内,,令元. 5. 1,ika
診療所,35,0812864,やまもと耳鼻咽喉科クリニック,岩国市麻里布町６丁目９－１９,0827-35-4587,山本　俊治,山本　俊治,耳い　麻,,令元. 11. 1,ika
診療所,35,0812898,はせがわクリニック,岩国市山手町１丁目１０番７号,0827-21-1117,医療法人栄德会　理事長　長谷川　大爾,長谷川　大爾,内　循環器内科,,令2. 1. 1,ika
診療所,35,0812922,川下整形外科,岩国市車町一丁目１３－１９,0827-22-2222,医療法人　川下整形外科　理事長　國司　善彦,國司　善彦,整外　リウ　リハ,,令2. 5. 1,ika
診療所,35,0812930,ふじもと眼科クリニック,岩国市尾津町２丁目２２番１０号,0827-28-5524,藤本　隆志,藤本　隆志,眼,,令4. 4. 4,ika
診療所,35,0812948,ふじもと内科クリニック,岩国市尾津町２丁目２２番１０号,0827-31-3377,医療法人社団三志会　理事長　藤本　啓志,藤本　啓志,内　循環器内科　呼内　アレ,,令4. 4. 1,ika
診療所,35,0812955,新岩国外科内科医院,岩国市御庄一丁目１０５番地３,0827-45-0200,医療法人山代会　理事長　兼安　秀人,兼安　秀人,外　内　放　呼内　循環器内科　消化器内科,,令4. 6. 1,ika
診療所,35,0812963,そだクリニック,岩国市麻里布町３丁目１５番７号,0827-21-0100,祖田　由起子,祖田　由起子,内　消化器内科　糖尿病内科　透析内科　循環器内科　緩和ケア内科　外　整外　心外,,令4. 6. 13,ika
診療所,35,0812971,医療法人三修会　友田ファミリークリニック,岩国市今津町１丁目１１－２８,0827-21-0913,医療法人三修会　理事長　友田　真司,友田　眞知子,小　内　産婦　麻,,令5. 5. 1,ika
診療所,35,0812989,さくらぎ循環器・内科クリニック,岩国市麻里布町７丁目２－１８,0827-35-5011,医療法人さくらぎ循環器・内科クリニック　理事長　櫻木　悟,櫻木　悟,内　循環器内科,,令5. 5. 1,ika
診療所,35,0812997,鈴川内科クリニック,岩国市門前町３丁目１１－３,0827-35-5086,医療法人鈴川クリニック　理事長　鈴川　宗弘,鈴川　宗弘,内科　糖尿病内科　血液内科　内分泌内科,,令5. 5. 1,ika
診療所,35,0813003,医療法人社団　河郷診療所,岩国市周東町祖生５７１７－５,0827-85-0010,医療法人社団　河郷診療所　理事長　河郷　忍,河郷　忍,内,,令6. 4. 1,ika
診療所,35,0813011,岩国おりた脳神経クリニック,岩国市今津町一丁目９番２６号,0827-28-6767,医療法人　彩祥会　理事長　織田　祥至,織田　祥至,脳外　脳内,,令6. 5. 1,ika
診療所,35,0813029,うめだ皮ふ科クリニック,岩国市錦見六丁目１４番３３号,0827-28-1061,梅田　直樹,梅田　直樹,皮,,令6. 7. 1,ika
診療所,35,0813037,まるひさ眼科,岩国市尾津町２丁目１４番５９号,0827-34-5333,医療法人　一心会　理事長　丸久　修一,丸久　修一,眼,,令6. 10. 1,ika
診療所,35,0813045,岩国市立錦中央医院,岩国市錦町広瀬１０７２番地１,0827-72-2321,岩国市長　福田　良彦,松元　満智子,一般　内　外　整外　脳外　皮　ひ　眼　耳い,,令7. 4. 1,ika
病院,35,0813052,岩国市立美和病院,岩国市美和町渋前１３８３番地１,0827-96-1155,岩国市長　福田　良彦,宗像　緩宜,一般　内　小　外　整外　眼　皮,,令7. 7. 1,ika
病院,35,0910023,小野田赤十字病院,山陽小野田市大字小野田３７００,0836-88-0221,日本赤十字社　社長　清家　篤,佐藤　智充,一般　療養　内　消　循　外　こう　リハ　整外　脳内　呼　麻,,昭32. 10. 31,ika
病院,35,0910247,独立行政法人労働者健康安全機構　山口労災病院,山陽小野田市大字小野田１３１５の４,0836-83-2881,独立行政法人労働者健康安全機構　理事長　大西　洋英,濱野　公一,一般　内　精　小　外　整外　脳外　皮　ひ　産婦　眼　耳い　リハ　放　麻　消化器内科　消化器外科　循環器内科　救急科　歯外,308,昭32. 7. 1,ika
病院,35,0910304,山陽小野田市民病院,山陽小野田市大字東高泊１８６３番地１,0836-83-2355,山陽小野田市長　藤田　剛二,脇坂　敦彦,一般　内　外　整外　リハ　ひ　麻　産婦　小　眼　耳い　皮　放　脳内　脳外　精　歯外,199,昭32. 7. 1,ika
診療所,35,0910684,医療生活協同組合健文会　生協小野田診療所,山陽小野田市くし山１丁目１７番２０号,0836-84-2533,医療生活協同組合健文会　理事長　上野　尚,藤田　博,内　胃　放　歯　小歯,,平2. 4. 1,ika
診療所,35,0910726,医療法人社団成医会　山田循環器科・内科,山陽小野田市大字東高泊２０５５の５,0836-83-8011,医療法人社団成医会　山田循環器科・内科　理事長　山田　覚,山田　覚,内　循,,平3. 1. 1,ika
診療所,35,0910742,しまもと耳鼻咽喉科,山陽小野田市中央３丁目６番１９号,0836-83-2270,医療法人嶋本医院　理事長　嶋本　昭,嶋本　昭,耳い,,平2. 5. 1,ika
診療所,35,0910783,医療法人社団村重医院,山陽小野田市須恵１丁目１２番１０号,0836-83-3706,医療法人社団　村重医院　理事長　村重　武美,村重　武美,内　脳内　リハ　放,,平5. 9. 1,ika
診療所,35,0910791,医療法人社団　中村内科胃腸科医院,山陽小野田市日の出４丁目５番６号,0836-84-3131,医療法人社団中村内科胃腸科医院　理事長　藤村　嘉彦,藤村　嘉彦,内　胃　循　外　放,,平6. 1. 1,ika
診療所,35,0910809,医療法人　吉中内科医院,山陽小野田市住吉本町１丁目３番１７号,0836-84-5177,医療法人吉中内科医院　理事長　吉中　博志,吉中　博志,内　呼　胃　循,,平7. 1. 1,ika
診療所,35,0910858,医療法人社団西村内科医院,山陽小野田市大字西高泊５８６の１,0836-84-6080,医療法人社団西村内科医院　理事長　西村　純一,西村　純一,内　消化器内科　内視鏡内科,,平9. 2. 1,ika
診療所,35,0910874,医療法人社団おもて整形外科,山陽小野田市日の出４丁目５番８号,0836-84-7000,医療法人社団おもて整形外科　理事長　表　寛治郎,表　寛治郎,整外　リハ,,平9. 10. 1,ika
病院,35,0910965,医療法人社団長明会　長沢病院,山陽小野田市中央１丁目５番２６号,0836-83-3000,医療法人社団長明会長沢病院　理事長　長澤　英明,長澤　英明,療養　内　循環器内科　胃腸内科　リハ,,平10. 10. 1,ika
診療所,35,0910973,医療法人社団　はりま内科・胃腸科,山陽小野田市大字小野田７０３６の１,0836-83-2425,医療法人社団はりま内科・胃腸科　理事長　播磨　一雄,播磨　一雄,内　胃　放,,平10. 12. 1,ika
診療所,35,0910999,医療法人健仁会　しおん内科外科クリニック,山陽小野田市日の出３丁目７番２号,0836-83-1331,医療法人健仁会　理事長　村上　紘一,川端　章弘,内　外　循　放　消　呼　こう,,平11. 9. 1,ika
診療所,35,0911005,医療法人社団いとう眼科クリニック,山陽小野田市日の出２丁目９番２２号,0836-81-1166,医療法人社団いとう眼科クリニック　理事長　伊藤　忍,伊藤　忍,眼,,平11. 9. 1,ika
診療所,35,0911013,医療法人社団はたもとクリニック,山陽小野田市日の出３丁目１０番１号,0836-83-5114,医療法人社団はたもとクリニック　理事長　畑本　章,畑本　章,神内　心内　精　内,,平12. 1. 1,ika
病院,35,0911021,小野田心和園,山陽小野田市大字丸河内９５９の２,0836-83-3701,医療法人心和会　理事長　御馬舎　宏道,柴田　朋彦,精神　精　神,164,平12. 7. 1,ika
診療所,35,0911039,医療法人社団稲本内科医院,山陽小野田市くし山２丁目１番１０号,0836-81-1128,医療法人社団稲本内科医院　理事長　稲本　善人,稲本　善人,内　消化器内科　漢方内科　放　リハ,,平12. 9. 1,ika
診療所,35,0911047,耳鼻咽喉科タハラクリニック,山陽小野田市大字東高泊１２７５の６,0836-81-1133,医療法人江仁会　理事長　田原　康彦,田原　康彦,耳い　アレ,,平12. 10. 1,ika
診療所,35,0911054,医療法人社団医聖会井上医院,山陽小野田市新生二丁目１６４４番地２３,0836-81-1213,医療法人社団医聖会井上医院　理事長　井上　信一,井上　信一,脳外　外　神内　内　リハ,,平13. 1. 1,ika
診療所,35,0911062,医療法人社団新生皮ふ科クリニック,山陽小野田市新生２丁目４番３号,0836-84-5033,医療法人社団新生皮ふ科クリニック　理事長　今村　隆志,今村　隆志,皮　アレ,,平13. 1. 1,ika
病院,35,0911070,医療法人社団　輝斉会　森田病院,山陽小野田市赤崎２丁目１０番１号,0836-88-0137,医療法人社団　輝斉会　理事長　森田　純一,森田　純一,療養　療養　内　胃　循　小　外　整外　こう　リハ　放　麻,36,平13. 10. 1,ika
診療所,35,0911088,医療法人健生会　いのうえ内科医院,山陽小野田市須恵１丁目４番１０号,0836-81-1158,医療法人社団　健生会　理事長　井上　昌光,井上　昌光,内　リハ,,平13. 10. 1,ika
診療所,35,0911104,早川内科医院,山陽小野田市大字小野田３９６６の３,0836-88-0008,医療法人社団　早川内科医院　理事長　早川　幹夫,早川　幹夫,内　消　呼　放,,平14. 9. 1,ika
診療所,35,0911138,医療法人社団　松岡整形外科,山陽小野田市北竜王町１６番１７号,0836-81-3818,医療法人社団　松岡整形外科　理事長　松島　年宏,松島　年宏,整外　リウ　リハ,,平15. 4. 1,ika
診療所,35,0911146,医療法人社団　長谷川眼科,山陽小野田市中川４丁目４番１号,0836-83-3476,医療法人社団　長谷川眼科　理事長　長谷川　靖,長谷川　靖,眼,,平16. 1. 1,ika
診療所,35,0911161,わたなべ泌尿器科,山陽小野田市中川４丁目６番１３号,0836-81-4777,渡邊　悦也,渡邊　悦也,ひ,,平16. 11. 1,ika
病院,35,1010096,大田病院,光市島田５丁目３番１号,0833-77-0621,医療法人愛命会　理事長　吉田　延,吉田　延,精神　精神　精神　精神　精　神,204,昭32. 10. 4,ika
病院,35,1010112,医療法人至誠会　梅田病院,光市虹ケ浜３丁目６番１号,0833-71-0084,医療法人至誠会　理事長　山嵜　隆夫,北川　博之,一般　一般　産婦　小　こう,34,昭32. 10. 4,ika
診療所,35,1010328,日本製鉄株式会社　山口製鉄所　光診療所,光市大字島田３４３４,0833-71-5020,日本製鉄株式会社　山口製鉄所長　藤村　健介,岩本　敬,精,,昭32. 7. 1,ika
病院,35,1010344,医療法人社団陽光会　光中央病院,光市島田２丁目２２番１６号,0833-72-0676,医療法人社団陽光会　理事長　西村　祥一,杉山　一彦,一般　一般　療養　療養　内　呼　消　外　整外　脳外　リハ　放　麻　小児整外外科　内視鏡内科,98,昭39. 3. 9,ika
診療所,35,1010468,医療法人社団光仁会　市川医院,光市中央３丁目２番２６号,0833-72-5700,医療法人　社団　光仁会　理事長　市川　晃,市川　晃,一般　療養　内　消化器内科　循環器内科　リハ　外　神内　糖尿病内科　皮　脳外,,昭62. 4. 1,ika
診療所,35,1010476,医療法人誠医会　光内科消化器科,光市浅江２丁目１２番３号,0833-72-0010,医療法人誠医会光内科消化器科　理事長　髙橋　智聡,藤田　敏明,内　消　循　呼　放,,昭62. 11. 1,ika
診療所,35,1010492,佃医院,光市虹ヶ丘１丁目１３番１０号,0833-71-0816,佃　邦夫,佃　邦夫,内　小　外　リハ　麻,,昭63. 9. 1,ika
診療所,35,1010500,耳鼻咽喉科前田医院,光市島田２丁目１８番３号,0833-71-0271,医療法人創医会　理事長　前田　一彦,前田　一彦,耳い,,平元. 6. 1,ika
診療所,35,1010518,医療法人　守友医院,光市浅江１丁目１７番２０号,0833-71-2010,医療法人守友医院　理事長　守友　康則,守友　康則,内　糖尿病内,,平元. 8. 1,ika
診療所,35,1010583,光武医院,光市大字小周防１６３３の１,0833-77-3800,医療法人光和会　理事長　光武　達夫,光武　達夫,胃　外　皮　リハ　放　麻,,平5. 1. 1,ika
診療所,35,1010591,耳鼻咽喉科しみず医院,光市浅江３丁目９番５号,0833-71-4187,清水　敏昭,清水　敏昭,耳い,,平5. 8. 1,ika
診療所,35,1010625,医療法人　クリニック高橋眼科,光市浅江３丁目１７番１－１０１号,0833-72-1010,医療法人　クリニック高橋眼科　理事長　高橋　秀兒,高橋　秀兒,眼,,平6. 4. 1,ika
診療所,35,1010633,河内山医院,光市大字浅江１３４０の１,0833-71-1040,医療法人河内山医院　理事長　河内山　敬二,河内山　敬二,内　小　麻　ペインクリニック,,平6. 7. 1,ika
診療所,35,1010641,ひかり皮フ科クリニック,光市木園１丁目８番３号,0833-74-1112,医療法人愛光会　理事長　村田　雅子,村田　雅子,皮　形外　アレ,,平9. 4. 1,ika
診療所,35,1010666,医療法人やよい河村循環器神経内科,光市三井６丁目１８番１号,0833-77-0606,医療法人やよい　理事長　河村　康明,河村　康明,療養　療養　内　小,1,平12. 4. 1,ika
診療所,35,1010674,医療法人社団平岡医院,光市室積松原４番７号,0833-79-1500,医療法人社団平岡医院　理事長　平岡　博,平岡　博,外　内　胃　リハ　麻,,平12. 5. 1,ika
診療所,35,1010708,光市休日診療所,光市光井２丁目２番１号,0833-74-1399,光市長　芳岡　統,河村　康明,内　外,,平13. 4. 1,ika
診療所,35,1010716,広田医院,光市中央２丁目１５番１号,0833-71-0225,廣田　修,廣田　修,小　内　皮,,平13. 7. 17,ika
診療所,35,1010740,ふなつ眼科　光分院,光市木園１丁目５番２２号,0833-74-1288,医療法人　彦星会　理事長　舩津　浩彦,望月　有子,眼,,平15. 12. 1,ika
診療所,35,1010757,光市牛島診療所,光市大字牛島７６２の１,0833-79-3197,光市長　芳岡　統,中村　安真,内,,平16. 4. 1,ika
診療所,35,1010765,やまて小児科・アレルギー科,光市浅江１丁目１０番１２号,0833-72-5041,山手　智夫,山手　智夫,小　アレ　漢方小児,,平16. 10. 1,ika
診療所,35,1010823,医療法人社団滴翠会　多田クリニック,光市島田１丁目１番２１号,0833-74-2960,医療法人社団滴翠会　理事長　多田　良和,多田　良和,内　外　循　消　リハ,,平19. 1. 1,ika
診療所,35,1010831,あきよし心療内科クリニック,光市虹ケ浜３丁目１６番３０号ランドマーク虹ヶ浜１階,0833-74-1177,医療法人和音会　理事長　秋吉　宏規,秋吉　宏規,精　心内　内,,平19. 4. 1,ika
診療所,35,1010849,虹ケ浜皮フ科クリニック,光市浅江３丁目１７番１８号,0833-72-2720,藤山　純一,藤山　純一,皮　アレ,,平19. 8. 1,ika
診療所,35,1010856,たけなか医院,光市室積中央町５番５号,0833-78-0074,竹中　博昭,竹中　博昭,内　循　消　小　外　リハ,,平20. 1. 1,ika
病院,35,1010898,医療法人三生会　みちがみ病院,光市光ケ丘２番５号,0833-72-3332,医療法人三生会　理事長　道上　永江,多久島　康司,一般　一般　産　婦　小　内　漢内,30,平21. 3. 1,ika
診療所,35,1010922,医療法人社団　いのうえ内科クリニック,光市島田６丁目１３－２６,0833-74-2211,医療法人社団　いのうえ内科クリニック　理事長　井上　祐介,井上　祐介,内,,平25. 4. 1,ika
診療所,35,1010930,松島こどもクリニック,光市光井３丁目７番３０号,0833-74-2552,医療法人松島こどもクリニック　理事長　松島　寛,松島　寛,小　アレ,,平25. 12. 1,ika
診療所,35,1010948,吉村医院,光市島田二丁目４－３３,0833-71-0111,吉村　将之,吉村　将之,内　循内,,平26. 5. 12,ika
診療所,35,1010955,兼清外科,光市浅江３丁目１－２５,0833-71-0800,兼清　信介,兼清　信介,外　内　整外　消化器外科　肛門外科　麻,,平31. 1. 1,ika
診療所,35,1010963,田村医院,光市室積大町２２－２０,0833-79-1231,田村　健司,田村　健司,内　循環器内科　小,,平31. 1. 1,ika
診療所,35,1010971,ひかり医院,光市光ケ丘５番１８号,0833-74-1223,社会福祉法人ひかり苑　理事長　河野　亨,淺上　文雄,内　皮　脳外　消化器内科　歯,,平31. 4. 1,ika
病院,35,1010989,光市立光総合病院,光市光ヶ丘６番１号,0833-72-1000,光市長　芳岡　統,竹中　智昭,一般　内　内科（消化器）　内科（循環器・呼吸器）　内科（内分泌）　小　外　整外　ひ　婦　眼　耳い　皮　リハ　脳外　麻　精　放　緩和ケア内科,210,令元. 5. 1,ika
診療所,35,1010997,ひかり腎泌尿器科クリニック,光市中央四丁目５番８号,0833-48-5000,医療法人陽心会　理事長　篠原　陽一,井上　亮,ひ　内,,令3. 4. 1,ika
診療所,35,1011003,虹ケ浜整形外科クリニック,光市虹ケ浜１丁目９番１１号,0833-44-7024,桑原　嘉一,桑原　嘉一,整外　リハ　リウ,,令4. 11. 1,ika
診療所,35,1011029,周南ホームケアクリニック,光市浅江３丁目１番２６号２Ｆ,0833-48-8878,山形　恭康,山形　恭康,内,,令8. 5. 1,ika
病院,35,1110011,山口県厚生農業協同組合連合会　長門総合病院,長門市東深川８５,0837-22-2220,山口県厚生農業協同組合連合会　代表理事理事長　大亀　浩司,村松　慶一,一般　一般　療養　療養　一般（感染）　感染　内　脳内　小　外　整外　脳外　産婦　耳い　眼　皮　ひ　放　リハ　リウ　循環器内科　麻　病理　消化器外科,260,昭59. 11. 8,ika
病院,35,1110284,医療法人生山会　斎木病院,長門市東深川１３４,0837-26-1211,医療法人生山会　理事長　齋木　泰彦,齋木　泰彦,一般　一般　療養　療養　内　外　整外　ひ　婦　消化器内科　消化器外科　血液内科　糖尿病内科　リウ　神内　精　循環器内科　漢方内科,90,昭56. 1. 10,ika
病院,35,1110375,医療法人社団成蹊会　岡田病院,長門市東深川８８８,0837-23-0033,医療法人社団成蹊会　理事長　村田　高茂,村田　高茂,一般　一般　療養　療養　内　外　整外　脳外　消　循　放　ひ　脳内　こう　リハ　リウ　麻　皮,121,昭59. 1. 1,ika
診療所,35,1110409,岡田クリニック,長門市東深川１８５８の１,0837-22-2717,梶山　純子,梶山　純子,内　小　循　呼,,昭61. 6. 30,ika
診療所,35,1110425,医療法人昌成会　國司眼科医院,長門市東深川８９０の４２,0837-22-2749,医療法人昌成会國司眼科医院　理事長　國司　幸生,國司　幸生,一般　眼,,平元. 5. 1,ika
診療所,35,1110433,医療法人俵道会　吉村内科,長門市東深川１９５３の１,0837-22-3322,医療法人俵道会吉村内科　理事長　吉村　晃,吉村　晃,内　循内　呼内,,平元. 11. 1,ika
診療所,35,1110458,宮尾医院,長門市仙崎１９６１の１１,0837-26-0559,宮尾　雅之,宮尾　雅之,内　呼内　循環器内科,,平5. 9. 28,ika
診療所,35,1110474,医療法人　天野内科胃腸科医院,長門市東深川２０１０の１,0837-22-2210,医療法人天野内科胃腸科医院　理事長　天野　秀雄,天野　秀雄,内　胃　放,,平7. 4. 1,ika
診療所,35,1110508,しみず循環器科内科医院,長門市東深川１３８５の１,0837-22-2205,清水　達朗,清水　達朗,循　内　呼　リハ,,平10. 11. 1,ika
診療所,35,1110532,半田内科クリニック,長門市東深川８３７の１,0837-23-3030,半田　哲朗,半田　哲朗,内　小　消　放,,平15. 6. 1,ika
診療所,35,1110557,友近内科循環器科医院,長門市油谷新別名９９９の１０,0837-32-1180,医療法人洋明会　理事長　友近　康明,友近　康明,内　循,,平17. 11. 1,ika
診療所,35,1110565,医療法人杏祐会　長門診療所,長門市東深川１８９７の１,0837-22-2440,医療法人杏祐会　三隅病院　理事長　斎木　良彦,斎木　良彦,内　循環器内科　糖尿病内科　消化器内科　整外　リハ,,平19. 11. 1,ika
診療所,35,1110573,桑原医院,長門市三隅下１３６７の５,0837-43-0010,桑原　宏太朗,桑原　宏太朗,内,,平20. 1. 1,ika
診療所,35,1110581,うちだ眼科,長門市東深川１００６２番４５,0837-22-4141,内田　哲也,内田　哲也,眼,,平21. 5. 1,ika
診療所,35,1110607,木村クリニック,長門市油谷新別名９５３の２,0837-32-0008,木村　純子,木村　純子,一般　一般　眼　内　外　整外　リハ,14,平22. 10. 11,ika
診療所,35,1110615,綿貫耳鼻咽喉科,長門市東深川９２４番地１１,0837-23-4133,医療法人　綿貫耳鼻咽喉科　理事長　綿貫　浩一,綿貫　浩一,耳い,,平24. 1. 1,ika
診療所,35,1110623,長門市応急診療所,長門市仙崎１９８番地１,0837-27-0199,長門市長　江原　達也,吉村　晃,内　小,,平25. 10. 1,ika
診療所,35,1110649,医療法人生山会　たわらやま診療所,長門市俵山４９１２番地１,0837-29-0102,医療法人生山会　理事長　齋木　泰彦,齋木　貞彦,内　外　整外　脳外　リハ,,令2. 4. 1,ika
病院,35,1210027,山口県厚生農業協同組合連合会　周東総合病院,柳井市古開作１０００番地１,0820-22-3456,山口県厚生農業協同組合連合会　代表理事理事長　大亀　浩司,瀬山　厚司,一般　一般　内科　血液内科　糖尿病内分泌内科　精　脳内　消化器内科　消化器外科　循環器内科　小　外科　乳腺外科　整外　脳外　心外　皮　ひ　産婦　眼　麻　耳い　リハ　放　歯外　病理,328,昭32. 10. 4,ika
診療所,35,1210076,柳井市立平郡診療所西出張診療所,柳井市平郡４６９４,0820-47-2311,柳井市長　井原　健太郎,増井　将樹,内,,昭32. 7. 1,ika
病院,35,1210332,医療法人恵愛会柳井病院,柳井市柳井１９１０番地１,0820-22-1002,医療法人恵愛会　理事長　中岡　清人,中岡　清人,精神　精神　精神　精神　精神　精　神　内,298,昭33. 7. 9,ika
診療所,35,1210589,桑原整形外科,柳井市南町６丁目１０番８号,0820-23-2277,桑原　浩一,桑原　浩一,整外　リハ,,昭54. 11. 1,ika
診療所,35,1210621,柊診療所,柳井市柳井４７０９番地１,0820-23-5400,嵜山　浩子,嵜山　浩子,内,,昭62. 9. 1,ika
病院,35,1210647,坂本病院,柳井市余田３６２６番地２,0820-23-6800,医療法人松栄会　理事長　坂本　達哉,坂本　達哉,療養　療養　内　消化器内科　呼内　循環器内科　小,100,平11. 2. 1,ika
診療所,35,1210662,医療法人長寿会　河谷内科医院,柳井市中央１丁目４番１７号,0820-22-0347,医療法人長寿会　理事長　河谷　清実,河谷　清実,内　呼内,,平元. 11. 1,ika
診療所,35,1210670,政井医院,柳井市柳井５０３３番地２,0820-22-1068,前濱　修爾,前濱　修爾,内　皮,,平2. 7. 1,ika
診療所,35,1210688,河内山医院,柳井市中央２丁目１０番３号,0820-22-0023,河内山　政彦,河内山　政彦,内　消化器内科,,平2. 9. 1,ika
診療所,35,1210696,医療法人柳井皮フ科,柳井市新庄２１番地５８,0820-22-7714,医療法人柳井皮フ科　理事長　石川　千鶴子,石川　千鶴子,皮,,平2. 9. 1,ika
診療所,35,1210738,藤本眼科,柳井市南町７丁目７番７号,0820-23-8777,藤本　伸一,藤本　伸一,一般　眼,,平4. 4. 1,ika
診療所,35,1210746,弘田脳神経外科,柳井市古開作５７５番地７,0820-23-7119,弘田　直樹,弘田　直樹,一般　脳外　外　リハ　放,,平4. 6. 1,ika
診療所,35,1210761,南町内科循環器科,柳井市南町６丁目５番１号,0820-23-5757,医療法人南町内科循環器科　理事長　村岡　貴,村岡　貴,内　循,,平6. 1. 1,ika
診療所,35,1210803,キャプテンキッズクリニック,柳井市南町７丁目１１番９号,0820-23-3336,近藤　穗積,近藤　穗積,小,,平10. 11. 1,ika
診療所,35,1210860,こうだクリニック,柳井市ニュータウン南町２４,0820-24-3000,医療法人明和会　理事長　幸田　憲明,湯浅　明人,一般　一般　ひ　皮,,平13. 1. 1,ika
診療所,35,1210878,たじり皮フ科医院,柳井市中央２丁目１９番８号,0820-23-1180,田尻　雅夫,田尻　雅夫,皮,,平13. 9. 1,ika
診療所,35,1210894,志熊眼科,柳井市中央３丁目１３番１０号,0820-22-0148,志熊　徹也,志熊　徹也,眼,,平14. 8. 1,ika
診療所,35,1210910,優クリニック,柳井市中央１丁目８番８号,0820-22-0317,医療法人　優クリニック　理事長　阿部　博昭,阿部　博昭,産　婦　女内,,平15. 9. 1,ika
診療所,35,1210936,吉田クリニック,柳井市南町１丁目１１番５号,0820-24-1212,吉田　一典,吉田　一典,内　胃　外　こう　リハ,,平17. 1. 1,ika
診療所,35,1210944,まつばら内科・胃腸科,柳井市南町７丁目２番３号,0820-25-2266,医療法人　まつばら内科・胃腸科　理事長　松原　良尚,松原　良尚,内　消内,,平17. 4. 1,ika
診療所,35,1210969,最所クリニック,柳井市大畠９０９の７,0820-45-2252,医療法人　最所クリニック　理事長　最所　賢一郎,最所　賢一郎,内,,平18. 3. 1,ika
診療所,35,1210985,ウェルネスクリニック,柳井市大字柳井１５４７の１,0820-22-1024,大久保　正士,大久保　正士,内,,平18. 7. 1,ika
診療所,35,1210993,おりたクリニック,柳井市中央１丁目８番１５号,0820-22-3322,医療法人おりたクリニック　理事長　織田　哲至,織田　哲至,脳外　神内　心内,,平18. 12. 1,ika
診療所,35,1211009,吉浦耳鼻咽喉科医院,柳井市中央１丁目９番１５号,0820-22-2269,吉浦　宏治,吉浦　宏治,耳い,,平18. 12. 1,ika
診療所,35,1211033,増本クリニック,柳井市天神１８番９号,0820-23-3121,増本　茂樹,増本　茂樹,精　内　心内,,平20. 6. 1,ika
診療所,35,1211041,うつみ内科クリニック,柳井市南町４丁目２番１４号,0820-24-0100,医療法人緑鳥会　理事長　内海　敏雄,内海　敏雄,内　呼内,,平22. 9. 1,ika
診療所,35,1211058,浜田内科循環器科,柳井市新庄１５２９の１,0820-23-1137,濵田　敬史,濵田　敬史,内　循内,,平23. 1. 1,ika
診療所,35,1211066,松井クリニック,柳井市南浜１丁目８番３号,0820-24-5311,医療法人社団薫真会　理事長　松井　則親,松井　則親,一般　外　消外　肛外　内　リハ　麻,,平23. 3. 1,ika
診療所,35,1211074,松田医院,柳井市柳井古市３７１５－１,0820-24-3387,松田　嘉子,松田　嘉子,耳い　糖尿病・代謝内,,平28. 6. 1,ika
診療所,35,1211082,小林内科クリニック,柳井市東土手１４番１０号,0820-23-5588,小林　知樹,小林　知樹,内　消内　肝内　リハ,,平29. 1. 28,ika
診療所,35,1211090,柳井市立平郡診療所,柳井市平郡１８２４番地１１,0820-47-2032,柳井市長　井原　健太郎,増井　将樹,内,,令2. 4. 1,ika
診療所,35,1211108,休日夜間応急診療所,柳井市中央一丁目１０番１７号,0820-22-9001,柳井市長　井原　健太郎,弘田　直樹,内　外　小,,令4. 7. 3,ika
診療所,35,1310389,医療法人社団恵水会　山本医院,美祢市大嶺町東分３３６７の１,0837-52-1516,医療法人社団恵水会　山本医院　理事長　山本　一誠,山本　一誠,整外　内　小,,平元. 8. 1,ika
病院,35,1310397,美祢市立病院,美祢市大嶺町東分１１３１３番地１,0837-52-1700,美祢市長　篠田　洋司,松永　登喜雄,一般　療養　内　外　整外　眼　耳い　脳外　小　ひ　皮　精　リハ,,平2. 4. 1,ika
診療所,35,1310439,医療法人社団野間クリニック,美祢市大嶺町東分４４７の２,0837-54-0510,医療法人社団野間クリニック　理事長　野間　史仁,野間　史仁,内　小　漢方内科　漢方小児科,,平11. 9. 1,ika
診療所,35,1310470,藤村内科クリニック,美祢市大嶺町東分２９０の１,0837-54-1420,医療法人社団寛仁会　理事長　藤村　寛,藤村　寛,内　消化器内科　循環器内科　放　呼内　リハ,,平12. 9. 1,ika
診療所,35,1310488,ともの園クリニック,美祢市於福町下３３６０,0837-56-5000,社会福祉法人　同朋福祉会　理事長　河内　美舟,河村　篤,内　循環器内科　放　精,,平13. 11. 1,ika
診療所,35,1310512,医療法人社団　札場クリニック,美祢市大嶺町東分３４６０の２,0837-52-2847,医療法人社団　札場クリニック　理事長　札場　博義,札場　博義,脳外　神内　内　リハ,,平14. 10. 1,ika
診療所,35,1310520,医療法人　原田外科医院,美祢市大嶺町東分３２２の１,0837-52-0756,医療法人　原田外科医院　理事長　原田　菊夫,原田　菊夫,外　内　こう　整外　リハ,,平15. 2. 1,ika
診療所,35,1310546,中元医院,美祢市伊佐町伊佐４８４７の１,0837-53-0323,中元　起力,中元　起力,内　小　麻,,平22. 10. 18,ika
診療所,35,1310553,医療法人ＥＭＳ　植田救急クリニック,美祢市大嶺町東分字沖田１２１０番１,0837-52-9237,医療法人ＥＭＳ　理事長　松岡　良典,植田　茂,一般　一般　救（外　内　小）　脳外　整外　リハ,10,平27. 12. 1,ika
診療所,35,1410130,東ソー従業員健康管理センター,周南市開成町４５６０,0834-63-9812,東ソー株式会社　代表取締役社長　桒田　守,藤井　伸行,内,,平2. 7. 1,ika
診療所,35,1410312,医療法人　年光医院,周南市新地町１番２７号,0834-62-1100,医療法人年光医院　理事長　年光　宏明,年光　宏明,外　胃　こう,,平2. 1. 1,ika
診療所,35,1410379,三好内科クリニック,周南市川手１丁目６番６号,0834-64-2222,医療法人三好内科クリニック　理事長　三好　弥寿彦,三好　弥寿彦,内　消,,平4. 4. 1,ika
診療所,35,1410387,医療法人　たにむら小児科,周南市川手１丁目７番１３号,0834-64-3030,医療法人たにむら小児科　理事長　谷村　聡,谷村　聡,小,,平7. 9. 1,ika
診療所,35,1410395,医療法人山口ひふ科クリニック,周南市桶川町５番１５号,0834-63-7733,医療法人山口ひふ科クリニック　理事長　山口　卓,山口　卓,皮　形外,,平13. 4. 11,ika
診療所,35,1410429,原田医院,周南市古川町９番８号,0834-62-1500,医療法人和栄会　理事長　原田　和佳,原田　和佳,精　心内　内,,平9. 1. 1,ika
診療所,35,1410478,医療法人　中村医院,周南市福川２丁目６番２０号,0834-62-2436,医療法人中村医院　理事長　草場　裕之,草場　裕之,内　胃　こう,,平13. 11. 1,ika
診療所,35,1410502,坂本耳鼻咽喉科,周南市川手１丁目７番６号,0834-61-1511,医療法人社団坂本耳鼻咽喉科　理事長　坂本　邦彦,坂本　邦彦,耳い　気食　アレ,,平11. 10. 1,ika
病院,35,1410536,周南市立新南陽市民病院,周南市宮の前２丁目３番１５号,0834-61-2500,周南市長　藤井　律子,鈴木　道成,一般　一般　内　外　整外　脳外　ひ　眼　麻　糖尿病・血液内科　循環器内科　消化器内科　腎臓内科　呼内　リハ,150,平12. 4. 1,ika
診療所,35,1510012,本城クリニック,周南市五月町８番１号,0834-33-3355,本城　和光,本城　和光,放　内　消内,,平15. 9. 1,ika
診療所,35,1510038,ふるたに消化器内科,周南市楠木１丁目９番５号,0834-39-2525,医療法人　ふるたに消化器内科　理事長　古谷　隆和,古谷　隆和,内　呼　消　循,,平15. 9. 1,ika
病院,35,1510053,医療法人社団諍友会　田中病院,周南市三番町１丁目１２番,0834-32-2000,医療法人社団諍友会　理事長　田中　泰雅,田中　泰雅,一般　一般　一般　一般　産　婦,52,平16. 4. 1,ika
診療所,35,1510061,医療法人徳山ファーストクリニック,周南市平和通２丁目１　木村ビル１Ｆ,0834-27-1080,医療法人徳山ファーストクリニック　理事長　西村　敏郎,西村　敏郎,内　小　皮　アレ,,平16. 7. 1,ika
診療所,35,1510087,髙取整形外科医院,周南市飯島町１丁目６７,0834-31-0031,野間　光治,野間　光治,整外　外　リハ　リウ,,平17. 1. 1,ika
診療所,35,1510137,まさこメディカルクリニック,周南市新町１丁目５２,0834-21-0609,医療法人淳信会　理事長　尾都野　一刀,尾都野　一刀,内　脳内　リウ　循環器内科,,平17. 12. 1,ika
診療所,35,1510152,ふじもとメンタルクリニック,周南市有楽町２３番地　近鉄徳山ビル２階,0834-33-3111,藤本　康之,藤本　康之,精　心内,,平18. 4. 1,ika
病院,35,1510194,医療法人社団共愛会　徳山静養院,周南市五月町１３番１号,0834-31-1734,医療法人社団共愛会　理事長　井上　武敏,池田　正国,精神　精神　精,140,平18. 7. 1,ika
診療所,35,1510244,山口内科,周南市清水２丁目１３番８号,0834-62-3555,医療法人山口内科　理事長　山口　桂,山口　桂,内　リハ,,平19. 4. 1,ika
診療所,35,1510251,広田皮膚科,周南市新町２丁目４,0834-32-3712,医療法人広田皮膚科　理事長　田　徹,田　徹,皮　形外　アレ,,平19. 4. 1,ika
診療所,35,1510285,周陽ひふ科,周南市大内町１０番２１号,0834-29-5221,越智　敬三,越智　敬三,皮,,平19. 10. 1,ika
診療所,35,1510350,周南市国民健康保険鹿野診療所,周南市大字鹿野上字サヤノ原１０９１０番地,0834-68-2192,周南市長　藤井　律子,長沼　恵滋,内,,平21. 2. 1,ika
診療所,35,1510376,岐陽内科,周南市栄町２丁目４１番地,0834-21-0839,医療法人岐陽診療所　理事長　武居　道彦,武居　道彦,内　呼内　消内　糖尿病内,,平21. 4. 1,ika
診療所,35,1510400,高木内科クリニック,周南市大字久米３１９８の６,0834-25-2678,医療法人社団　高木内科クリニック　理事長　髙木　昭,髙木　昭,内　循　呼,,平21. 11. 2,ika
診療所,35,1510418,津永産婦人科,周南市川端町２丁目３０,0834-21-8255,津永　長門,津永　長門,一般　産婦,,平22. 1. 1,ika
診療所,35,1510434,宮里クリニック,周南市大内町９番１６号みやさとビル１階,0834-28-5577,医療法人大明会　理事長　宮里　肇,宮里　肇,内　リウ,,平22. 5. 1,ika
診療所,35,1510442,石田整形外科,周南市大内町１０番１５号,0834-28-0250,石田　高康,石田　高康,整外　リウ　リハ,,平22. 8. 1,ika
診療所,35,1510467,いまて耳鼻咽喉科クリニック,周南市久米東神女３２０１の１,0834-34-4133,医療法人いまて耳鼻咽喉科　理事長　今手　祐二,今手　祐二,耳い,,平22. 10. 1,ika
診療所,35,1510483,周南市須金診療所,周南市須万２４８８,0834-86-2220,周南市長　藤井　律子,筒井　慶二郎,内　外,,平23. 2. 1,ika
診療所,35,1510509,海風診療所,周南市梅園町１丁目３８　トレーフル・プリュス２Ｆ,0834-33-0889,沼田　光生,沼田　光生,内　心内　神内　脳外　美外　整外,,平23. 8. 1,ika
診療所,35,1510525,近間泌尿器科クリニック,周南市河東町８番５号,0834-34-5100,医療法人　近間泌尿器科クリニック　理事長　近間　秀明,近間　秀明,ひ,,平23. 10. 1,ika
診療所,35,1510541,医療法人社団イシス会　かまたクリニック,周南市宮の前２丁目７番７号,0834-61-0099,医療法人社団イシス会　理事長　鎌田　清治,鎌田　清治,ひ　腎臓内科,,平24. 1. 1,ika
病院,35,1510558,徳山リハビリテーション病院,周南市大字徳山６２６番地,0834-33-7770,医療法人社団生和会　理事長　木村　浩彰,津波　満,療養　療養　内　リハ,126,平24. 4. 1,ika
診療所,35,1510608,ふじむら小児科,周南市久米東神女３２０１－１　ＭＥＤＩビル２Ｆ,0834-26-2460,藤村　智之,藤村　智之,小,,平25. 5. 6,ika
診療所,35,1510624,弘田消化器科,周南市大字徳山５８２７の５,0834-31-2033,弘田　博彦,弘田　博彦,消　内　循,,平26. 2. 1,ika
診療所,35,1510657,医療法人　新南陽整形外科クリニック,周南市政所１丁目１３番１４号,0834-61-0870,医療法人　新南陽整形外科クリニック　理事長　花岡　篤哉,花岡　篤哉,整外　リハ,,平27. 1. 1,ika
診療所,35,1510665,医療法人たむら耳鼻咽喉科,周南市周陽１－１０－１,0834-34-3303,医療法人たむら耳鼻咽喉科　理事長　田村　光司,田村　光司,耳い,,平27. 4. 1,ika
診療所,35,1510673,三浦皮フ科,周南市岐南町１－２８,0834-21-5333,三浦　健太郎,三浦　健太郎,皮　アレ,,平27. 4. 1,ika
診療所,35,1510681,ゆん脳神経外科クリニック,周南市二番町１丁目４番地３,0834-33-8009,医療法人ＹＢＣ　理事長　尹　英植,尹　英植,脳外　神内,,平27. 4. 1,ika
診療所,35,1510707,きむらクリニック,周南市久米中央五丁目５番３号,0834-36-1717,医療法人きむらクリニック　理事長　木村　征靖,木村　征靖,内　循内　呼内,,平27. 9. 1,ika
診療所,35,1510731,桜木クリニック,周南市久米中央１丁目１５－１２,0834-25-3550,医療法人幸里会　理事長　藤本　幸弘,藤本　幸弘,内　糖尿病内　循内,,平28. 9. 1,ika
病院,35,1510749,黒川病院,周南市五月町８番１９号,0834-32-2015,黒川　徹,黒川　徹,一般　一般　脳外　整外　形外　リハ　麻　放　外,50,平29. 1. 1,ika
診療所,35,1510756,黒川医院,周南市五月町８番１号,0834-32-2016,黒川　徹,柏木　史郎,脳外　外　整外　リハ　放　麻,,平29. 1. 1,ika
診療所,35,1510764,なかもり内科クリニック,周南市富田新町一丁目９番１０号,0834-61-1022,中森　芳宜,中森　芳宜,内科　糖尿病内科,,平29. 5. 1,ika
診療所,35,1510772,さくらだ眼科,周南市原宿町４番２４号,0834-27-3939,医療法人さくらだ眼科　理事長　櫻田　規全,櫻田　規全,眼,,平29. 5. 1,ika
診療所,35,1510798,ふなつ眼科,周南市桶川町７番１０号,0834-61-0272,医療法人彦星会　理事長　舩津　浩彦,舩津　浩彦,眼　内,,平30. 2. 1,ika
診療所,35,1510806,おのクリニック,周南市大神三丁目１２番１号,0834-61-2300,医療法人おのクリニック　理事長　小野　薫,小野　薫,内　循環器内科　呼内,,平30. 5. 1,ika
診療所,35,1510814,椎木内科循環器科,周南市桶川町４－１,0834-62-3388,椎木　俊明,椎木　俊明,内　循環器内科　呼内,,平30. 5. 28,ika
診療所,35,1510830,岩本医院,周南市須々万本郷３５６番地３,0834-87-2525,医療法人社団　岩本医院　理事長　岩本　直樹,岩本　直樹,内　脳外　整外　外,,令元. 9. 1,ika
診療所,35,1510848,あらきクリニック,周南市新宿通５丁目１番３７号,0834-22-0853,荒木　厚博,荒木　厚博,外　内　整外　リハ,,令2. 3. 31,ika
病院,35,1510855,医療法人周友会　徳山病院,周南市南浦山町５番１４号,0834-21-3750,医療法人周友会　理事長　高山　成吉,岡　芳彦,一般　一般　内　消化器内科　循環器内科　リハ　放　リウ　緩和ケア内科　皮　形外,78,令2. 10. 1,ika
診療所,35,1510871,周南市休日夜間急病診療所,周南市瀬戸見町９番２５号,0834-39-0099,周南市長　藤井　律子,津永　長門,内　外,,令3. 10. 1,ika
診療所,35,1510889,鹿野博愛診療所,周南市大字鹿野下１１６１－１,0834-68-2233,医療法人　緑山会　理事長　齋藤　淳,有吉　秀生,外　内　胃　循　整外　リハ,,令4. 4. 1,ika
診療所,35,1510897,周南ニュークリニック,周南市大字徳山５５２９番地,0834-34-1199,實藤　健,實藤　健,ひ　腎臓内科　内　透析,,令4. 8. 9,ika
診療所,35,1510913,さくらだクリニック,周南市毛利町３丁目３２番,0834-21-8000,医療法人さくらだ会　理事長　櫻田　智也,櫻田　智也,内　消化器内科　皮　美容皮膚科,,令6. 1. 1,ika
診療所,35,1510921,医療法人　明石整形外科医院,周南市慶万町１番１５号,0834-22-2525,医療法人　明石整形外科医院　理事長　明石　浩介,明石　浩介,整外　リウ　リハ,,令6. 4. 1,ika
診療所,35,1510939,石川眼科,周南市周陽２丁目７番１５号,0834-28-7822,医療法人いつき会　理事長　石川　裕美,石川　裕美,眼,,令6. 11. 1,ika
診療所,35,1510947,こうち医院,周南市東山町２番４１号,0834-34-3456,河内　康博,河内　康博,内　外　小　リハ,,令7. 1. 1,ika
診療所,35,1510954,日本製鉄株式会社　山口製鉄所　周南診療所,周南市野村南町４９７６番地,0834-63-0614,日本製鉄株式会社　山口製鉄所長　藤村　健介,橋本　一郎,外,,令7. 4. 1,ika
診療所,35,1510962,おかもと腎クリニック,周南市大字徳山４１１０－２,0834-32-3322,医療法人おかもと内科　理事長　岡本　冨士昭,岡本　匡史,腎臓内科　人工透析内科,,令8. 3. 1,ika
診療所,35,1510970,メモリークリニック周南,周南市桜木３丁目５－７１,0834-34-1165,宮本　光一郎,宮本　光一郎,老年心療内科　内　精,,令8. 5. 1,ika
診療所,35,1610044,医療法人社団　岡野整形外科クリニック,山陽小野田市大字西高泊６４８の２４,0836-83-0062,医療法人社団岡野整形外科クリニック　理事長　岡野　宏二,岡野　宏二,整外　リハ,,平17. 11. 1,ika
診療所,35,1610077,しらさわ内科クリニック,山陽小野田市北竜王町１０番１０号,0836-81-2600,医療法人白和会しらさわ内科クリニック　理事長　白澤　宏幸,白澤　宏幸,内　放　消化器内科,,平19. 4. 1,ika
診療所,35,1610085,医療法人てらい内科クリニック,山陽小野田市桜一丁目１番５号,0836-71-0022,医療法人てらい内科クリニック　理事長　寺井　佳子,寺井　佳子,内　消化器内科,,平19. 5. 1,ika
診療所,35,1610093,耳鼻咽喉科伯野医院,山陽小野田市大字山川４５の２,0836-73-0059,伯野　卓,伯野　卓,耳い　アレ,,平19. 8. 1,ika
診療所,35,1610119,ジョイ皮ふ科クリニック,山陽小野田市中川６丁目４番１号おのだサンパーク東館,0836-81-4112,医療法人社団　桜和会　理事長　西岡　和惠,西岡　和惠,皮　アレ,,平20. 6. 1,ika
診療所,35,1610150,紫苑リハビリ内科クリニック,山陽小野田市厚狭埴生田５０３の１,0836-71-1300,医療法人健仁会　理事長　村上　紘一,東　良輝,一般　一般　内　リハ,19,平23. 4. 1,ika
診療所,35,1610200,医療法人社団　田原耳鼻咽喉科医院,山陽小野田市住吉本町一丁目５番２７号,0836-83-3428,医療法人社団田原耳鼻咽喉科医院　理事長　田原　哲也,田原　哲也,耳い　アレ,,平26. 2. 1,ika
診療所,35,1610218,おのだサンパークアイクリニック,山陽小野田市中川６－４－１おのだサンパーク,0836-39-5065,佐貫　むつみ,佐貫　むつみ,眼　内,,平27. 3. 1,ika
診療所,35,1610226,ねもと皮ふ科クリニック,山陽小野田市くし山一丁目１番７号,0836-81-3888,根本　圭,根本　圭,皮　アレ,,平27. 6. 1,ika
診療所,35,1610234,中島内科在宅診療所,山陽小野田市日の出３－１５－１２,0836-83-3910,加屋野　悟,加屋野　悟,内,,平27. 8. 1,ika
診療所,35,1610242,はせがわ耳鼻クリニック,山陽小野田市大字厚狭４５８番地１３,0836-71-1187,医療法人社団はせがわ耳鼻クリニック　理事長　長谷川　朋美,長谷川　朋美,耳い,,平27. 9. 1,ika
診療所,35,1610259,医療法人社団平成会　すながわこどもクリニック,山陽小野田市日の出２丁目２番６号,0836-43-9200,医療法人社団平成会　理事長　砂川　功,砂川　新平,小,,平27. 10. 1,ika
診療所,35,1610275,医療法人和耀会むらた循環器内科,山陽小野田市西高泊６７２番地２,0836-39-8660,医療法人和耀会むらた循環器内科　理事長　村田　和也,村田　和也,循内　内,,平28. 10. 1,ika
診療所,35,1610283,女性クリニックおがた,山陽小野田市中央３丁目６番３０号,0836-83-3859,尾縣　秀信,尾縣　秀信,産婦　内,,平29. 1. 1,ika
診療所,35,1610291,はらだクリニック,山陽小野田市大字津布田２５０６－１,0836-76-3121,原田　幹彦,原田　幹彦,内　外　リハ,,令2. 4. 16,ika
診療所,35,1610309,医療法人社団信愛会　瀬戸整形外科クリニック,山陽小野田市稲荷町１１－２０,0836-83-2292,医療法人社団　信愛会　理事長　瀬戸　信一朗,瀬戸　信一朗,整外　リウ　リハ,,令2. 7. 1,ika
診療所,35,7110585,野村医院,大島郡周防大島町大字横見６９３,08207-6-0017,野村　壽和,野村　壽和,内,,平7. 9. 2,ika
診療所,35,7110635,安本医院,大島郡周防大島町大字土居９２２,0820-73-0822,医療法人社団安本医院　理事長　安本　忠道,安本　忠道,一般　外　胃内　胃外　肛外　整外　ひ　放　麻　リハ　脳外,,平15. 8. 1,ika
診療所,35,7110643,おげんきクリニック,大島郡周防大島町大字小松５５８,0820-74-2490,医療法人　おかはら会　理事長　岡原　仁志,岡原　仁志,消　外　整外　皮　ひ　リハ　麻,,平16. 4. 1,ika
病院,35,7110676,周防大島町立東和病院,大島郡周防大島町大字西方５７１の１,0820-78-0310,周防大島町病院事業局　周防大島町　町長　藤本　淨孝,足立　淳,一般　療養　内　循　外　整外　皮　ひ　眼　耳い　病理　リハ　放　発達小児,,平16. 10. 1,ika
病院,35,7110718,周防大島町立大島病院,大島郡周防大島町大字小松１４１５の１,0820-74-2580,周防大島町病院事業局　周防大島町　町長　藤本　淨孝,松本　直晃,一般　療養　内　外　整外　脳外　皮　ひ　産婦　眼　耳い　発達小児　リハ,,平22. 11. 1,ika
病院,35,7110726,日良居病院,大島郡周防大島町大字土居１４２６－１,0820-73-0527,松村　耕介,河合　宏治,精神　精　神　歯,132,平28. 1. 1,ika
診療所,35,7110742,川口医院,大島郡周防大島町外入２２２８番地２０,0820-78-0306,医療法人川口医院　理事長　川口　新治,川口　新治,内　小　外,,平29. 9. 1,ika
診療所,35,7110759,山中医科歯科クリニック,大島郡周防大島町大字久賀５３６８番地１,0820-72-0152,医療法人社団なごみ会　理事長　山中　達彦,山中　達彦,内　外　整外　胃　循　呼　こう　リハ　リウ　歯　小歯　歯外　矯歯,,平30. 1. 1,ika
診療所,35,7110783,周防大島町立橘医院,大島郡周防大島町大字西安下庄３９２０番地１７,0820-77-1000,周防大島町病院事業局　周防大島町　町長　藤本　淨孝,田中　攸一良,内　皮　整外　耳い　歯,,令2. 4. 1,ika
診療所,35,7110791,しまかぜ在宅支援診療所,大島郡周防大島町大字平野２７１番地１４,0820-78-2533,医療法人青天　理事長　川口　寛,川口　寛,内　小　脳外　歯,,令2. 12. 1,ika
診療所,35,7110809,医療法人徳隣会　正木内科医院,大島郡周防大島町西安下庄真宮２６－８,0820-77-0021,医療法人徳隣会　理事長　堤　光太郎,正木　沙織,内　皮,,令3. 9. 1,ika
診療所,35,7210500,岩国市立錦宇佐診療所,岩国市錦町宇佐６０７の３,0827-74-0933,岩国市長　福田　良彦,松元　満智子,内,,昭62. 5. 1,ika
病院,35,7210617,医療法人南和会　千鳥ケ丘病院,岩国市由宇町千鳥ヶ丘１丁目１番１号,0827-63-0231,医療法人南和会　理事長　吉居　俊朗,柳川　耕作,精神　精神　精神　精神　精神　精　神内　神,270,昭43. 7. 1,ika
病院,35,7210625,医療法人社団青山会　リフレまえだ病院,岩国市玖珂町１８８７,0827-82-3521,医療法人社団青山会　理事長　前田　功二,前田　功二,精神　精神　精　心内　内　放,108,昭50. 7. 1,ika
診療所,35,7210716,岩国市立周東中田診療所,岩国市周東町田尻７５６の４,0827-84-1111,岩国市長　福田　良彦,河郷　忍,内,,昭56. 4. 17,ika
診療所,35,7210773,田所医院,岩国市玖珂町６１６２,0827-82-5051,田所　冀,田所　冀,内　小,,昭58. 12. 1,ika
病院,35,7210781,玖珂中央病院,岩国市玖珂町１４４８,0827-82-5123,医療法人玖玉会　理事長　齋藤　浩記,澤田　威生,療養　療養　内　消内　循内　リハ,148,昭58. 12. 1,ika
病院,35,7210831,山口平成病院,岩国市玖珂町１１３４０番地,0827-82-6111,医療法人山口平成会　理事長　武久　敬洋,立石　肇,療養　療養　療養　療養　内　循環器内科　消化器内科　呼内　リハ,140,昭62. 1. 1,ika
診療所,35,7210849,小林医院,岩国市周東町西長野１６５８,0827-84-0613,小林　達文,小林　達文,内　麻,,昭62. 10. 1,ika
病院,35,7210864,周防病院,岩国市周東町上久原１２３,0827-84-1223,医療法人全生会　理事長　柿沼　進,柿沼　進,療養　療養　内　呼内　神内　放　循環器内科　消化器内科　リハ,120,昭61. 8. 1,ika
病院,35,7210872,みどり病院,岩国市由宇町３５９の１,0827-63-0111,医療法人南和会　理事長　吉居　俊朗,吉居　俊朗,療養　療養　療養　療養　内　リハ,120,昭63. 8. 1,ika
病院,35,7210930,藤政病院,岩国市周東町下久原２４０３の１,0827-84-0037,医療法人清志会　藤政病院　理事長　藤政　浩志,藤政　篤志,一般　外　内　整外　消化器内科,,平元. 11. 1,ika
診療所,35,7211011,川田クリニック,岩国市玖珂町５０５９,0827-82-6660,川田　礼治,川田　礼治,一般　内　小　眼　放,,平4. 4. 1,ika
診療所,35,7211029,医療法人中村医院　中村クリニック,玖珂郡和木町和木２丁目９番１１号,0827-53-8100,医療法人中村医院　理事長　中村　浩二,平野　雅俊,内科　糖尿病内科　呼内,,平5. 9. 1,ika
診療所,35,7211045,はぐま医院,岩国市玖珂町５０５０の５,0827-82-5050,医療法人はぐま会　理事長　羽熊　直行,羽熊　直行,耳い　内　外　心内,,平7. 10. 1,ika
診療所,35,7211052,医療法人頌栄会松井医院,岩国市周東町下久原１０４０の１,0827-84-0035,医療法人頌栄会松井医院　理事長　松井　達也,松井　達也,内　整外　小,,平8. 4. 1,ika
診療所,35,7211094,岩国市立本郷診療所,岩国市本郷町本郷２１００の１,0827-75-2770,岩国市長　福田　良彦,西村　謙祐,内　小　外,,平11. 6. 1,ika
診療所,35,7211128,伊原内科消化器科,岩国市由宇町由宇崎４番１号,0827-63-3300,医療法人　伊原内科消化器科　理事長　伊原　穂乃香,宮地　隆,内　消,,平13. 10. 1,ika
診療所,35,7211136,岩本医院,岩国市周東町下久原２４８０の１,0827-84-0011,医療法人　淳心会　理事長　岩本　浩,岩本　浩,一般　一般　内　精　小　眼　リハ　放　心内　呼内　循内　消内,2,平14. 6. 1,ika
診療所,35,7211151,医療法人木村医院,玖珂郡和木町和木３丁目１番１２号,0827-52-2302,医療法人木村医院　理事長　木村　俊之,木村　俊之,内　消内　肝内　循内　小,,平14. 8. 1,ika
診療所,35,7211169,八木クリニック,岩国市玖珂町８２９の１,0827-82-1212,医療法人治奈会　理事長　八木　謙,八木　謙,一般　一般　婦　内,3,平15. 3. 1,ika
診療所,35,7211177,山下内科医院,岩国市玖珂町５５８の２２,0827-81-0050,医療法人　山下内科医院　理事長　山下　秀治,山下　秀治,内　消　循　呼　放,,平16. 4. 1,ika
診療所,35,7211193,医療法人　久米医院,岩国市由宇町中央１丁目１２番５号,0827-63-0123,医療法人　久米医院　理事長　久米　泰,久米　泰,循　内,,平18. 1. 1,ika
病院,35,7310011,光市立大和総合病院,光市大字岩田９７４,0820-48-2111,光市長　芳岡　統,井本　勝彦,一般　一般　療養　療養　内　呼内　消化器内科　循環器内科　脳内　小　外　脳外　整外　婦　眼　耳い　皮　ひ　放　リハ　歯　小歯　歯外,243,昭32. 7. 1,ika
診療所,35,7310250,上関町四代診療所,熊毛郡上関町大字長島２１５９番地の４,0820-65-0615,上関町長　西　哲夫,玉野井　徹彦,内,,平13. 4. 1,ika
診療所,35,7310391,上関町白井田診療所,熊毛郡上関町大字長島３９１６の２,0820-65-0111,上関町長　西　哲夫,玉野井　徹彦,内,,昭39. 9. 1,ika
病院,35,7310524,光輝病院,熊毛郡平生町大字佐賀１０００２番地７７,0820-58-1111,医療法人光輝会　理事長　重冨　雄哉,久長　恒洋,療養　内　精　外　整外　脳外　皮　ひ　眼　耳い　歯,212,昭62. 4. 1,ika
診療所,35,7310557,松本医院,周南市大字呼坂８３８の５,0833-91-6020,松本　憲夫,松本　憲夫,内　外　リハ,,平元. 4. 1,ika
診療所,35,7310581,新谷医院,熊毛郡田布施町大字波野１８７の５,0820-52-5550,新谷　清,新谷　清,外　胃　リハ　放,,平2. 9. 1,ika
診療所,35,7310599,松村医院,周南市大字呼坂１の３,0833-91-0303,医療法人真和会　理事長　松村　智彦,松村　智彦,内　呼　消　循　小　外　リハ,,平11. 5. 24,ika
診療所,35,7310664,小川クリニック,周南市大字呼坂１１０６の５,0833-91-5777,医療法人小川クリニック　理事長　小川　明男,小川　明男,内　循　胃　放　糖内,,平5. 1. 1,ika
診療所,35,7310672,上関町祝島診療所,熊毛郡上関町大字祝島１３７,0820-66-2345,上関町長　西　哲夫,日下　敏,外,,平5. 9. 1,ika
診療所,35,7310748,ふじわら医院,周南市大字大河内２５６の１４,0833-91-7100,医療法人成心会ふじわら医院　理事長　藤原　敬且,藤原　敬且,外　小　アレ　胃　内　リハ　精,,平9. 10. 1,ika
診療所,35,7310755,松永医院,周南市大字呼坂２０３２の１９,0833-91-3006,松永　央,松永　央,内　外,,平10. 9. 1,ika
診療所,35,7310797,弘和クリニック,熊毛郡田布施町大字波野１９７の１,0820-52-2508,医療法人寿恵会　理事長　曽田　貴子,曽田　貴子,内　小　眼,,平12. 9. 1,ika
診療所,35,7310821,たけの子クリニック,熊毛郡平生町大字平生村７６５の２,0820-25-3341,医療法人たけの子クリニック　理事長　竹ノ下　由昌,竹ノ下　由昌,小　内　アレ,,平15. 12. 1,ika
診療所,35,7310839,上関町八島診療所,熊毛郡上関町大字八島６８８の３,0820-62-1833,上関町長　西　哲夫,濱崎　啓介,内,,平16. 4. 1,ika
診療所,35,7310862,平生クリニックセンター,熊毛郡平生町大字平生町５６９の１２,0820-56-2000,医療法人光輝会　理事長　重冨　雄哉,日下　敏,内　循　外　整外　脳外　ひ　眼　耳い,,平19. 4. 1,ika
診療所,35,7310870,吉村胃腸科内科医院,熊毛郡田布施町大字下田布施１１６の４,0820-52-3266,医療法人吉村胃腸科内科医院　理事長　吉村　伸一郎,吉村　伸一郎,内　胃　小,,平19. 5. 1,ika
診療所,35,7310912,さいとう整形外科,熊毛郡平生町平生村６７５番地の１,0820-56-0707,医療法人　さいとう整形外科　理事長　齋藤　良明,齋藤　良明,整外　リハ　リウ,,平24. 4. 1,ika
診療所,35,7310946,おきの内科糖尿病クリニック,熊毛郡平生町大字平生村５５２番地の４,0820-56-7733,医療法人おきの内科糖尿病クリニック　理事長　沖野　良介,沖野　良介,内　糖尿病科,,平30. 8. 29,ika
診療所,35,7310953,上関町立　海のまち診療所,熊毛郡上関町大字長島５８２番地３,0820-62-6001,上関町長　西　哲夫,玉野井　徹彦,内,,令2. 4. 6,ika
診療所,35,7310979,まきどの総合健診所,熊毛郡田布施町波野２００５,082-025-0151,医療法人社団公仁会　理事長　槇殿　公誉,槇殿　敦,放　内,,令6. 5. 1,ika
診療所,35,7310987,医療法人智優会みつおかクリニック,熊毛郡平生町大字佐賀２２８９－１,0820-58-5010,医療法人智優会みつおかクリニック　理事長　滿岡　裕,滿岡　裕,内　消化器内科　肝臓内科　胃腸内科　循環器内科　呼内　リハ,,令7. 4. 1,ika
診療所,35,7310995,医療法人　やのくにクリニック,熊毛郡田布施町下田布施８９９番３,0820-25-1892,医療法人　やのくにクリニック　理事長　本田　圭子,本田　圭子,内　漢方内科　小,,令7. 6. 1,ika
診療所,35,7510263,山口市柚野診療所,山口市徳地柚木３７８番地２,0835-58-0364,山口市長　伊藤　和貴,西山　和光,外　内,,平9. 4. 1,ika
病院,35,7610022,林病院,山口市小郡下郷７５１の４,083-972-0411,医療法人清仁会　理事長　田邉　征六,田　亮,一般　一般　療養　療養　内　神内　外　整外　リハ　放　消化器内科　消化器外科　循環器内科　肛門外科　内視鏡内科,50,平6. 7. 1,ika
病院,35,7610188,医療法人社団向陽会　阿知須同仁病院,山口市阿知須４２４１の４,083-665-5555,医療法人社団向陽会　理事長　西田　一也,西田　一也,一般　一般　療養　療養　内　外　整外　脳外　リハ　放　麻　呼内　消化器内科　循環器内科　皮　ひ,78,昭47. 11. 1,ika
病院,35,7610246,山口県厚生農業協同組合連合会　小郡第一総合病院,山口市小郡中央通８番１１号,083-972-0333,山口県厚生農業協同組合連合会　代表理事理事長　大亀　浩司,藤井　裕之,一般　一般　内　呼内　循環器内科　消化器内科　糖尿病・血液内科　脳内　小　外　整外　脳外　ひ　産婦　眼　耳い　リハ　麻　病理,182,昭56. 10. 4,ika
診療所,35,7610469,医療法人同愛会　田村産婦人科医院,山口市小郡下郷１６１８,083-972-0347,医療法人同愛会　理事長　田村　次郎,田村　次郎,産　婦,,昭53. 8. 1,ika
診療所,35,7610519,田中内科,山口市小郡長谷一丁目３番１６号,083-972-2325,医療法人田中内科医院　理事長　田中　慎也,田中　慎也,内　小　リハ,,昭62. 1. 1,ika
診療所,35,7610543,医療法人　村田外科胃腸科,山口市小郡下郷７５６の４,083-972-7100,医療法人村田外科胃腸科　理事長　村田　宏,村田　宏,一般　外　整外　肛門内科　肛門外科　胃腸内科　消化器外科　腹部外科,,昭63. 5. 1,ika
診療所,35,7610592,吉武医院,山口市秋穂東６２９２,083-984-2330,医療法人吉武医院　理事長　吉武　裕明,吉武　裕明,外　内　リハ　小外　消外　呼外,,平2. 4. 1,ika
診療所,35,7610659,河端内科医院,山口市小郡津市３番２２号,083-972-3820,医療法人河端内科医院　理事長　河端　聡,河端　聡,内　呼　胃　循　小　アレ,,平3. 1. 1,ika
診療所,35,7610675,田辺内科,山口市小郡新町四丁目２番２１号田辺第１ビル１Ｆ,083-973-3778,田邉　完,田邉　完,内　循　小,,平3. 9. 1,ika
診療所,35,7610709,医療法人社団　山岸内科,山口市小郡新町六丁目５番３号,083-972-2788,医療法人社団山岸内科　理事長　山岸　隆,山岸　隆,循　内,,平9. 3. 1,ika
病院,35,7610717,小郡まきはら病院,山口市小郡若草町３番４号,083-973-0222,医療法人若草会　理事長　牧原　紀彦,牧原　紀彦,精神　精神　精神　精神　精,114,平6. 1. 1,ika
診療所,35,7610758,よしかね循環器内科,山口市小郡下郷２２２１の１２,083-973-8181,吉金　秀樹,吉金　秀樹,一般　療養　内　呼　循　小　リハ,,平7. 8. 1,ika
診療所,35,7610808,医療法人社団中村眼科,山口市小郡明治一丁目２番６号,083-973-8425,医療法人社団中村眼科　理事長　中村　旭男,中村　旭男,眼,,平11. 12. 14,ika
診療所,35,7610816,医療法人社団　やすの皮膚科,山口市小郡新町一丁目１番２号,083-974-1700,医療法人社団やすの皮膚科　理事長　安野　秀敏,安野　秀敏,皮,,平10. 10. 1,ika
診療所,35,7610824,はまもと小児クリニック,山口市小郡明治一丁目９番１８号,083-973-0616,医療法人社団はまもと小児クリニック　理事長　濱本　史明,濱本　史明,小,,平11. 4. 1,ika
診療所,35,7610865,山川泌尿器科,山口市小郡長谷一丁目１番３号,083-974-5400,山川　弦一郎,山川　弦一郎,ひ,,平14. 9. 1,ika
診療所,35,7610881,ハートこどもクリニック新山口,山口市小郡平成町１番１８号,083-976-2450,社会福祉法人　青藍会　理事長　阿武　義人,向江　徳太郎,小　内　アレ　リハ　精,,平17. 4. 1,ika
診療所,35,7610931,医療法人　かむらクリニック,山口市小郡柳井田一丁目１番６０号,083-972-2513,医療法人　かむらクリニック　理事長　嘉村　哲郎,嘉村　哲郎,内　外　呼,,平17. 9. 1,ika
病院,35,7710533,医療法人扶老会　扶老会病院,宇部市大字船木８３３,0836-67-1167,医療法人扶老会　理事長　土屋　直隆,土屋　直隆,精神　内　精　神　リハ,274,平元. 7. 1,ika
診療所,35,7710566,医療法人河村医院,山陽小野田市大字鴨庄１８の６,0836-72-0270,医療法人河村医院　理事長　河村　芳高,河村　芳高,整外　外　内　リハ,,平5. 9. 1,ika
診療所,35,7710624,医療法人社団民正会たみたに内科循環器科,山陽小野田市大字鴨庄１１の３,0836-72-4970,医療法人社団民正会　理事長　民谷　正彰,民谷　正彰,内　循　呼　胃　リハ,,平8. 10. 1,ika
診療所,35,7710657,医療法人社団あさひクリニック,山陽小野田市大字郡４４５の５,0836-71-0148,医療法人社団あさひクリニック　理事長　大塚　祥司,大塚　祥司,内　循環器内科　呼内　小　リハ,,平11. 9. 1,ika
診療所,35,7710681,医療法人隆正会吉武内科クリニック,山陽小野田市大字厚狭１０４０の１,0836-73-0095,医療法人隆正会　理事長　吉武　正男,吉武　正男,内　消　小　リハ,,平12. 9. 1,ika
診療所,35,7710723,扶老会クリニック,宇部市大字船木８３３,0836-67-1167,医療法人　扶老会　理事長　土屋　直隆,亀田　正志,精　神　内　心内,,平14. 9. 1,ika
診療所,35,7710749,医療法人社団　あいべ内科クリニック,宇部市大字船木６８３,0836-69-2678,医療法人社団　あいべ内科クリニック　理事長　相部　剛,相部　希,内　胃　肝臓内科　内視鏡内科,,平15. 10. 1,ika
診療所,35,7710756,医療法人聖比留会　厚狭セントヒル泌尿器科,山陽小野田市大字厚狭１４４５の１,0836-71-2111,医療法人　聖比留会　理事長　浜辺　崇衣,中根　比呂志,ひ,,平16. 3. 1,ika
診療所,35,7710764,田中としろう眼科,山陽小野田市大字厚狭今市１４３４の１８,0836-71-1046,医療法人　田中としろう眼科　理事長　田中　俊朗,田中　俊朗,眼,,平16. 9. 1,ika
病院,35,7810127,医療法人光の会重本病院,下関市豊浦町大字黒井１００９７番地の５０,083-772-0014,医療法人光の会　理事長　重本　拓,重本　拓,精神　精神　精神　精　神　心内　内,108,平13. 3. 10,ika
病院,35,7810200,下関市立豊田中央病院,下関市豊田町大字矢田３６５の１,083-766-1012,下関市長　前田　晋太郎,吉富　崇浩,一般　一般　療養　療養　内　外　眼　整外　脳外　小　リハ　ひ　皮,71,昭32. 7. 1,ika
診療所,35,7810606,下関市立角島診療所,下関市豊北町大字角島１４１８の４,083-786-0735,下関市長　前田　晋太郎,松本　知己,内　外　小,,昭61. 4. 1,ika
診療所,35,7810663,医療法人社団　藤本医院,下関市豊浦町大字川棚６９２３の１,083-772-3333,医療法人社団藤本医院　理事長　藤本　繁樹,藤本　繁樹,一般　外　内　消化器内科　糖尿病内科,,平元. 7. 1,ika
診療所,35,7810671,医療法人社団　江本外科胃腸科医院,下関市菊川町大字下岡枝１７０の３,083-287-1222,医療法人社団　江本外科胃腸科医院　理事長　江本　健太郎,江本　健太郎,外　胃　こう　整外　内　乳外,,平元. 9. 1,ika
診療所,35,7810713,医療法人社団青雲会　青柳内科医院,下関市菊川町大字下岡枝３７５の１,083-287-0563,医療法人社団青雲会　青柳内科医院　理事長　青柳　俊平,青柳　俊平,内　循環器内科　消化器内科　小　リハ,,平2. 9. 1,ika
診療所,35,7810721,小田医院,下関市豊田町大字殿敷１８１０の１,083-766-0109,医療法人小田医院　理事長　小田　正隆,小田　正隆,内　胃　小,,平3. 3. 1,ika
診療所,35,7810739,下関市島戸診療所,下関市豊北町大字神田４０２５の２,083-786-1935,下関市長　前田　晋太郎,木本　和之,内　循　小,,平3. 4. 1,ika
診療所,35,7810804,医療法人社団永山医院,下関市豊浦町大字川棚６９２０の１,083-774-3567,医療法人社団永山医院　理事長　永山　和彦,永山　和彦,内　消　循　小　耳,,平12. 11. 15,ika
診療所,35,7810838,医療法人社団　しんむら医院,下関市豊浦町大字小串１９４の３,083-774-3535,医療法人社団しんむら医院　理事長　新村　和典,新村　和典,内　小　胃腸内科　循環器内科　呼内　リハ,,平6. 9. 1,ika
診療所,35,7810846,医療法人社団若草会　木本クリニック,下関市豊北町大字阿川３７９６の１,083-786-2626,医療法人社団若草会木本クリニック　理事長　木本　和之,木本　和之,一般　一般　内　循　消　小,19,平12. 5. 1,ika
診療所,35,7810853,重本内科,下関市豊浦町大字黒井２３６６の１,083-774-4353,医療法人社団誠洋会　理事長　重本　歴,重本　歴,内　糖尿病内科,,平9. 11. 1,ika
診療所,35,7810887,千葉クリニック,下関市豊田町大字中村６の１,083-766-0501,医療法人社団千葉クリニック　理事長　千葉　武彦,千葉　武彦,胃　外　こう　麻　循,,平11. 11. 1,ika
診療所,35,7810911,藤井クリニック,下関市豊北町大字滝部３１４６の２,083-782-0566,医療法人社団藤井クリニック　理事長　藤井　之正,藤井　之正,内　麻,,平12. 12. 1,ika
診療所,35,7810937,あめやまクリニック,下関市菊川町大字田部１１４８の５,083-288-1000,飴山　晶,飴山　晶,外　内　麻　リハ,,平13. 11. 1,ika
診療所,35,7810952,下関市立豊田中央病院殿居診療所,下関市豊田町大字荒木５１の２,083-768-0006,下関市長　前田　晋太郎,野北　英史,内　外,,平15. 4. 1,ika
診療所,35,7810978,医療法人社団　じょうのクリニック,下関市豊浦町大字宇賀７４４４の２,083-776-5151,医療法人社団　じょうのクリニック　理事長　城野　憲史,城野　憲史,内　外　リハ,,平15. 12. 1,ika
病院,35,7910018,美祢市立美東病院,美祢市美東町大田３８００,08396-2-0515,美祢市長　篠田　洋司,竹中　一行,一般　一般　療養　療養　内　外　整外　婦　眼　皮　耳い　リハ,100,平11. 12. 27,ika
診療所,35,7910166,青景園診療所,美祢市秋芳町青景１８７３,0837-65-2244,社会福祉法人豊徳会　理事長　椎木　誠二,時澤　史郎,内,,昭52. 5. 1,ika
病院,35,7910182,医療法人社団豊美会　田代台病院,美祢市美東町真名２９４１,08396-5-0301,医療法人社団豊美会　理事長　千葉　文博,河野　佳宣,精神　精神　精　神内　内,247,昭58. 5. 1,ika
診療所,35,7910224,崎内科医院,美祢市美東町大田５４５７の３,08396-2-5066,崎　美樹,崎　美樹,内　小　リハ,,平9. 12. 1,ika
診療所,35,7910257,あきよし竹尾クリニック,美祢市秋芳町秋吉５４４１の３,0837-63-0088,竹尾　善文,竹尾　善文,内　外　リハ,,平18. 10. 1,ika
診療所,35,7910265,医療法人社団さかい内科クリニック,美祢市秋芳町秋吉５３４１の３,0837-62-1200,医療法人社団さかい内科クリニック　理事長　坂井　久憲,坂井　久憲,内　循環器内科　呼内,,平19. 4. 1,ika
病院,35,8010230,医療法人杏祐会　三隅病院,長門市三隅中３２４２,0837-43-0711,医療法人杏祐会　理事長　斉木　良彦,國生　成司,精神　精神　精神　精神　精　神　歯　内,180,昭41. 8. 1,ika
病院,35,8010339,医療法人社団福寿会　福永病院,長門市日置中２４９０,0837-37-3911,医療法人社団福寿会　理事長　錦織　悟,錦織　悟,精神　精　内　心内,138,昭62. 1. 1,ika
診療所,35,8010396,医療法人良裕会　戸嶋医院,長門市油谷向津具下３３６９の２,0837-34-0003,医療法人良裕会戸嶋医院　理事長　戸嶋　良博,戸嶋　良博,内　循,,平10. 4. 1,ika
診療所,35,8110139,阿武町国民健康保険福賀診療所,阿武郡阿武町大字福田下１４０７の３,08388-5-0863,阿武町長　花田　憲彦,政井　俊憲,内　小,,昭32. 7. 1,ika
診療所,35,8110147,萩市国民健康保険むつみ診療所,萩市大字吉部上３１７４の２,08388-6-0149,萩市長　田中　文夫,前川　恭子,内　小,,昭50. 5. 6,ika
診療所,35,8110253,萩市国民健康保険弥富診療センター,萩市大字弥富下３９９５,08387-8-2311,萩市長　田中　文夫,中山　隆安,内,,昭35. 7. 1,ika
診療所,35,8110378,萩市国民健康保険川上診療所,萩市大字川上４５０２の２,0838-54-2014,萩市長　田中　文夫,佐久間　暢夫,内　小,,平9. 4. 1,ika
診療所,35,8110634,医療法人杏和会藤原医院,山口市阿東生雲中１８８の７,08395-4-0331,医療法人杏和会　理事長　藤原　弘,藤原　弘,内　外　小　リハ,,平9. 1. 1,ika
診療所,35,8110642,三浦医院,山口市阿東徳佐中３００３,08395-6-0500,三浦　傅夫,三浦　傅夫,内　小,,平4. 12. 1,ika
診療所,35,8110741,萩市国民健康保険福川診療所,萩市大字福井下３９９４の１,0838-52-0027,萩市長　田中　文夫,雨宮　範幸,内　小　麻,,平16. 4. 1,ika
診療所,35,8110758,阿武町国民健康保険あぶ診療所,阿武郡阿武町大字奈古２８６０－１,08388-2-2838,阿武町長　花田　憲彦,江副　一花,内　総合診療科,,令7. 9. 1,ika
病院,35,8810050,山口大学医学部附属病院,宇部市南小串１丁目１番１号,0836-22-2111,国立大学法人山口大学　学長　谷澤　幸生,松永　和人,一般　精神　内　循環器内科　消化器内科　呼内　精　心内　小　アレ　外　心外　消化器外科　呼外　小外　整外　リウ　皮　形外　ひ　眼　耳い　放　産婦　麻　脳外　歯外　脳内　臨床　病理　救急科　リハ,712,昭42. 6. 1,ika
病院,35,8810449,独立行政法人国立病院機構柳井医療センター,柳井市伊保庄９５,0820-27-0211,独立行政法人国立病院機構　理事長　新木　一弘,宮地　隆史,一般　内　脳内　小　呼内　循　外　整外　皮　ひ　リハ　歯　人工透析外,280,平2. 7. 1,ika
病院,35,8810977,独立行政法人国立病院機構　山口宇部医療センター,宇部市大字東岐波６８５,0836-58-2300,独立行政法人国立病院機構　理事長　新木　一弘,田中　伸幸,一般　一般　一般　一般　結核　呼内　内　消化器内科　循環器内科　神内　腫瘍内科　緩和ケア内科　外　呼外　乳腺・消化器外科　整外　精　小　耳い　リハ　放　病理　臨床　歯　皮,306,昭32. 7. 1,ika
病院,35,8812684,独立行政法人国立病院機構岩国医療センター,岩国市愛宕町１丁目１－１,0827-34-1000,独立行政法人国立病院機構　理事長　新木　一弘,田中屋　宏爾,一般　一般　内　消化器内科　消化器外科　肝臓内科　呼内　循環器内科　腎臓内科　糖尿病・内分泌内科　神内　血液内科　精　小児科　小児循環器科　小外　外　乳腺外科　胸外　整外　形外　脳外　心外　皮　ひ　産　婦　眼　耳い　リハ　救急科　放　麻　病理,484,平25. 3. 24,ika
病院,35,8816933,独立行政法人国立病院機構　関門医療センター,下関市長府外浦町１番１号,083-241-1199,独立行政法人国立病院機構　理事長　新木　一弘,吉野　茂文,一般　一般　内　消内　肝内　循内　糖血内　女内　消外　鏡外　呼内　脳内　外　心外　呼外　整外　形外　脳外　乳外　放診　放治　腫内　精　小　皮　ひ　産婦　眼　耳い　リハ　病理　臨床　歯外　麻　リウ　救急,400,平21. 4. 15,ika
歯科,35,0130735,田歯科医院,下関市安岡町１丁目１０番１４号,083-258-4181,田　千知郎,田　千知郎,歯　歯外　矯歯,,昭50. 4. 30,shika
歯科,35,0130800,中島歯科診療所,下関市岬之町９番６号,083-224-0588,中島　直,中島　直,歯,,昭45. 12. 1,shika
歯科,35,0131329,三井歯科医院,下関市小月駅前１丁目８番２８号,083-283-2117,三井　裕文,三井　裕文,歯,,昭53. 8. 1,shika
歯科,35,0131360,田崎歯科医院,下関市竹崎町３丁目４番２１号,083-234-1380,田﨑　一夫,田﨑　一夫,歯,,昭54. 4. 1,shika
歯科,35,0131386,大野歯科医院,下関市清末鞍馬２丁目３番１号,083-282-8439,大野　吉輝,大野　吉輝,歯,,昭54. 10. 1,shika
歯科,35,0131394,なかがわ歯科医院,下関市武久町１丁目１９番１７号,083-255-0330,中川　仁,中川　仁,歯,,昭54. 12. 1,shika
歯科,35,0131402,藤井歯科診療所,下関市竹崎町３丁目８番２３号,083-222-0221,藤井　信,藤井　信,一般　歯　小歯,,昭54. 12. 1,shika
歯科,35,0131709,中島歯科医院,下関市綾羅木本町２丁目７番１号,083-252-2334,中島　匡,中島　匡,歯,,昭59. 9. 1,shika
歯科,35,0131766,徳永歯科クリニック,下関市横野町３丁目５番７号,083-258-0909,徳永　和敬,徳永　和敬,歯　小歯,,昭61. 1. 1,shika
歯科,35,0131782,あさひ歯科医院,下関市大和町１丁目３番５号,083-267-1595,金田　隆文,金田　隆文,歯,,平元. 3. 23,shika
歯科,35,0131808,フジイ歯科インプラント歯周病オフィス,下関市長府松原町４番９号,083-246-0111,藤井　達彦,藤井　達彦,歯　矯歯　小歯,,昭61. 7. 1,shika
歯科,35,0131816,生野歯科医院,下関市生野町２丁目３６番１号,083-253-5425,西嶋　邦拓,西嶋　邦拓,歯,,昭61. 11. 1,shika
歯科,35,0131832,竹田歯科診療所,下関市綾羅木本町３丁目２番５号,083-252-2743,柴田　朝美,柴田　朝美,歯,,昭63. 4. 1,shika
歯科,35,0131915,医療法人社団　玉置歯科,下関市彦島福浦町３丁目１番１７号,083-266-3207,医療法人社団玉置歯科　理事長　玉置　則裕,玉置　則裕,歯　矯歯,,平元. 6. 1,shika
歯科,35,0131923,医療法人社団　大坪歯科医院,下関市垢田町１丁目２０番１２号,083-255-3935,医療法人社団大坪歯科医院　理事長　大坪　幹生,大坪　幹生,歯,,平9. 6. 11,shika
歯科,35,0131949,末永歯科医院,下関市長府八幡町５番３号,083-245-6899,末永　隆,末永　隆,歯,,平2. 1. 1,shika
歯科,35,0131980,たかさと歯科医院,下関市王司上町１丁目１番１１号,083-248-1987,高里　徹,高里　徹,歯,,平3. 4. 1,shika
歯科,35,0132020,おおの小児矯正歯科,下関市観音崎町１１番８号,083-234-8181,医療法人おおの小児矯正歯科　理事長　大野　陽真,大野　陽真,歯　矯歯　小歯,,平12. 9. 25,shika
歯科,35,0132038,こばやし歯科医院,下関市横野町１丁目８番２２号,083-258-5528,医療法人こばやし歯科医院　理事長　小林　登世子,小林　登世子,歯,,平元. 5. 1,shika
歯科,35,0132046,鈴木歯科医院,下関市赤間町３番３８号,083-222-5642,鈴木　任,鈴木　任,歯　小歯　歯外　矯歯,,平4. 1. 1,shika
歯科,35,0132053,グリーン歯科医院,下関市新垢田南町１丁目１３番１０号,083-255-3135,柴田　一代,柴田　一代,歯,,平4. 4. 1,shika
歯科,35,0132061,サファイア歯科,下関市綾羅木新町２丁目１番１号,083-255-3818,下御領　良二,下御領　良二,歯,,平4. 6. 1,shika
歯科,35,0132079,平山歯科医院,下関市向山町１５番１７号,083-233-2121,平山　丈二,平山　丈二,歯,,平4. 8. 1,shika
歯科,35,0132087,芳川歯科医院,下関市上新地町３丁目６番５号,083-222-9943,芳川　修栄,芳川　修栄,歯,,平12. 8. 17,shika
歯科,35,0132095,帆足歯科医院,下関市上田中町２丁目２１番２号,083-233-4778,帆足　昇,帆足　昇,歯　小歯,,平11. 11. 1,shika
歯科,35,0132111,ゆたか歯科医院,下関市川中豊町５丁目２番５号,083-254-6060,田中　栄閑,田中　栄閑,歯　小歯,,平5. 3. 1,shika
歯科,35,0132129,田中歯科医院,下関市後田町１丁目８番１４号,083-222-0981,田中　博,田中　博,歯,,平6. 1. 1,shika
歯科,35,0132152,乙成歯科医院,下関市一の宮町２丁目１３番３号,083-257-0229,乙成　泰基,乙成　泰基,歯　小歯,,平6. 7. 1,shika
歯科,35,0132194,江嵜歯科医院,下関市永田本町１丁目７番１０号,083-286-5464,江嵜　敬介,江嵜　敬介,歯,,平7. 6. 1,shika
歯科,35,0132210,ツルミ歯科医院,下関市唐戸町３番８号,083-224-2221,鶴見　文夫,鶴見　文夫,歯　小歯,,平7. 5. 22,shika
歯科,35,0132228,森永歯科医院,下関市綾羅木本町４丁目１０番１０号,083-252-0801,森永　史彦,森永　史彦,歯,,平7. 9. 1,shika
歯科,35,0132244,岡歯科医院,下関市川中豊町１丁目３番５号,083-254-1800,岡　圭一郎,岡　圭一郎,歯　小歯,,平8. 5. 1,shika
歯科,35,0132251,長田歯科医院,下関市豊前田町２丁目３番１５号,083-222-0297,長田　健児,長田　健児,歯,,平8. 7. 1,shika
歯科,35,0132277,小松歯科医院,下関市大学町２丁目２番１号,083-255-7700,小松　智成,小松　智成,歯　小歯,,平8. 11. 1,shika
歯科,35,0132293,いのうえ歯科勝谷,下関市勝谷新町１丁目１１番２４号,083-257-1180,井上　雅之,井上　雅之,歯,,平9. 4. 1,shika
歯科,35,0132319,重田歯科医院,下関市上田中町２丁目７番１５号,083-222-2245,重田　幸司郎,重田　幸司郎,歯,,平9. 8. 1,shika
歯科,35,0132335,つる歯科医院,下関市細江町２丁目２番１３号,083-232-5555,津留　昭二,津留　昭二,歯　小歯　歯外,,平10. 1. 1,shika
歯科,35,0132350,マツモト歯科矯正歯科,下関市西入江町３番１２号,083-222-4311,松本　安司,松本　安司,歯　矯歯,,平10. 9. 1,shika
歯科,35,0132368,芳川歯科クリニック,下関市彦島向井町２丁目１３番５号,083-267-7741,芳川　浩治,芳川　浩治,歯　小歯,,平10. 10. 1,shika
歯科,35,0132384,阿久津歯科医院,下関市山の田本町１８番６号,083-252-6010,阿久津　雅,阿久津　雅,歯,,平11. 1. 1,shika
歯科,35,0132434,山口歯科医院,下関市細江町１丁目６番７号,083-222-5542,山口　仁史,山口　仁史,歯,,平11. 6. 1,shika
歯科,35,0132467,小西歯科診療所,下関市長府金屋町５番１５号,083-246-1533,小西　康成,小西　康成,歯　小歯,,平11. 10. 1,shika
歯科,35,0132491,にしだ歯科クリニック,下関市彦島江の浦町９丁目１番５号,083-266-8864,西田　健二,西田　健二,歯　小歯,,平12. 7. 1,shika
歯科,35,0132525,湯田歯科医院,下関市大字田倉５３５の１,083-257-5615,湯田　宏一,湯田　宏一,歯,,平13. 6. 1,shika
歯科,35,0132533,にしじま歯科,下関市秋根西町１丁目１番３０号,083-263-5848,西嶋　能成,西嶋　能成,歯　小歯　矯歯,,平13. 7. 1,shika
歯科,35,0132541,おせ歯科医院,下関市秋根北町８番５号,083-256-5152,於勢　和憲,於勢　和憲,歯　小歯,,平13. 8. 1,shika
歯科,35,0132574,木下歯科医院,下関市丸山町３丁目３番３号,083-229-5670,木下　義之,木下　義之,歯,,平14. 5. 1,shika
歯科,35,0132582,医療法人社団　なかしま歯科医院,下関市熊野西町８番３５号,083-253-5331,医療法人社団　なかしま歯科医院　理事長　中嶋　伸,中嶋　伸,歯　小歯　矯歯,,平14. 6. 1,shika
歯科,35,0132590,おうじ歯科矯正クリニック,下関市東観音町２２番１１号,083-248-1830,金山　浩,金山　浩,歯　矯歯　小歯,,平15. 3. 1,shika
歯科,35,0132608,王喜歯科医院,下関市王喜本町３丁目１７番１５号,083-281-0091,小西　秀和,小西　秀和,歯　小歯　矯歯,,平15. 9. 1,shika
歯科,35,0132616,亀山歯科医院,下関市彦島本村町６丁目１５番７号,083-261-0418,亀山　恒明,亀山　恒明,歯　小歯,,平16. 4. 1,shika
歯科,35,0132624,くぼ歯科医院,下関市彦島迫町５丁目１番１号,083-266-2092,久保　雅起,久保　雅起,歯,,平16. 4. 1,shika
歯科,35,0132632,とさき歯科医院,下関市田中町８番１０号,083-222-5374,濤﨑　英三郎,濤﨑　英三郎,歯,,平16. 7. 1,shika
歯科,35,0132665,加藤歯科医院,下関市細江町１丁目３番２号,083-231-1182,加藤　彰,加藤　彰,歯　小歯　矯歯　歯外,,平17. 1. 1,shika
歯科,35,0132681,さの歯科医院,下関市山の田東町１番１８号,083-252-0008,佐野　実緒,佐野　実緒,歯　小歯,,平17. 6. 1,shika
歯科,35,0132707,しが歯科医院,下関市一の宮本町２丁目１２番３８号,083-256-7894,志賀　昭仁,志賀　昭仁,歯,,平17. 9. 1,shika
歯科,35,0132715,橋本歯科,下関市長府土居の内町４番１３号,083-245-3272,橋本　誠一郎,橋本　誠一郎,歯　小歯　矯歯,,平17. 9. 1,shika
歯科,35,0132764,いしい歯科医院,下関市稗田中町６番２０号,083-251-1122,石井　寿人,石井　寿人,歯　小歯,,平19. 2. 1,shika
歯科,35,0132806,山本歯科医院,下関市秋根南町１丁目１番２６号,083-256-1482,山本　和宏,山本　和宏,歯,,平20. 1. 1,shika
歯科,35,0132814,医療法人　山崎歯科クリニック,下関市細江町１丁目２番３号,083-228-1182,医療法人　山崎歯科クリニック　理事長　山崎　章弘,山崎　章弘,歯　小歯　歯外　矯歯,,平20. 1. 1,shika
歯科,35,0132822,花田歯科医院,下関市上新地町２丁目１番２号,083-222-2560,花田　英生,花田　英生,歯,,平20. 2. 1,shika
歯科,35,0132830,生協下関歯科,下関市貴船町２丁目３番２４号,083-224-0118,医療生活協同組合　健文会　理事長　上野　尚,松ヶ下　雅弘,歯　小歯,,平20. 5. 1,shika
歯科,35,0132848,田中宏明矯正歯科,下関市稗田南町６番１２号　蔵本ビル２階Ｅ号,083-253-8338,田中　宏明,田中　宏明,矯歯　歯　小歯　歯外,,平20. 6. 1,shika
歯科,35,0132863,もみの木歯科クリニック,下関市彦島本村町４丁目１番１０号,083-242-8211,吉本　新一郎,吉本　新一郎,歯　小歯,,平20. 9. 1,shika
歯科,35,0132871,アイリス歯科　インプラント　クリニック,下関市伊倉新町４丁目４番３９号,083-255-3030,中吉　寛明,中吉　寛明,歯　矯歯　小歯,,平20. 10. 1,shika
歯科,35,0132889,クズヤマ歯科,下関市後田町２丁目１番４２号,083-228-1155,葛山　司,葛山　司,歯　歯外,,平20. 10. 1,shika
歯科,35,0132947,しもむら歯科,下関市菊川町大字下岡枝１３９の３,083-287-4618,下村　勝憲,下村　勝憲,歯　小歯,,平21. 5. 7,shika
歯科,35,0132954,佐藤歯科・インプラントクリニック,下関市向山町３番２４号,083-222-8241,佐藤　信之,佐藤　信之,歯,,平21. 6. 1,shika
歯科,35,0132970,唐木歯科医院,下関市綾羅木本町４丁目２番２５号,083-252-0803,唐木　良一,唐木　良一,歯,,平21. 12. 7,shika
歯科,35,0133010,財満歯科医院,下関市長府亀の甲１丁目３番１号,083-246-1121,財満　健介,財満　健介,歯　小歯,,平22. 8. 9,shika
歯科,35,0133036,ゆめシティオレンジ歯科,下関市伊倉新町３－１－１,083-250-6874,医療法人永孝会　理事長　八丁　裕次,有田　敬子,歯　歯外　矯歯　小歯,,平23. 2. 1,shika
歯科,35,0133044,かねこ歯科インプラントクリニック,下関市吉見本町２丁目１番１５号,083-264-0418,医療法人審美会　理事長　金子　茂,金子　茂,歯外　歯　小歯,,平23. 5. 1,shika
歯科,35,0133051,山口歯科医院,下関市豊浦町大字小串石堂７の１４１,083-774-0088,山口　貴久,山口　貴久,歯,,平23. 5. 1,shika
歯科,35,0133069,長府オレンジ歯科,下関市長府侍町２丁目４番６号,083-246-6874,医療法人　永孝会　理事長　八丁　裕次,山本　廣邦,歯　歯外　矯歯　小歯,,平23. 9. 1,shika
歯科,35,0133077,中山歯科医院,下関市豊浦町川棚７２７７－５,083-772-0193,中山　祥一郎,中山　祥一郎,歯　小歯,,平23. 9. 13,shika
歯科,35,0133085,吉冨歯科医院,下関市岬之町５－６,083-232-1618,吉冨　武志,吉冨　武志,歯　小歯　歯外,,平24. 5. 1,shika
歯科,35,0133143,ファミリー矯正歯科　Ｋｉｒａｒａ,下関市川中豊町１丁目４－２２,083-251-0488,升本　尚利,升本　尚利,歯　矯歯　小歯,,平25. 7. 1,shika
歯科,35,0133150,登根歯科医院,下関市彦島江の浦町１丁目７番２号,083-266-8011,芹澤　整嗣,芹澤　整嗣,歯,,平25. 10. 1,shika
歯科,35,0133176,医療法人　はらだ歯科・矯正歯科,下関市清末鞍馬２丁目２番４０号,083-283-0648,医療法人はらだ歯科・矯正歯科　理事長　原田　篤志,原田　篤志,歯　矯歯　小歯　歯外,,平26. 10. 1,shika
歯科,35,0133192,中川歯科医院,下関市赤間町７－１０,083-232-8241,中川　操,中川　操,歯,,平27. 5. 19,shika
歯科,35,0133200,たなか歯科クリニック,下関市田倉７６５,083-257-0070,医療法人たなか歯科クリニック　理事長　田中　邦昭,田中　邦昭,歯　小歯　矯歯,,平27. 10. 1,shika
歯科,35,0133218,さくら歯科クリニック,下関市王司神田６丁目２－４,083-250-8262,豊田　晋哉,豊田　晋哉,歯　小歯　歯外　矯歯,,平28. 1. 1,shika
歯科,35,0133226,むらしま歯科菊川診療所,下関市菊川町大字下岡枝４７４－１－Ｂ,083-249-5285,村嶋　勇飛,村嶋　勇飛,歯,,平28. 5. 1,shika
歯科,35,0133242,いしだ歯科,下関市熊野町１丁目７番３０号,083-250-6319,医療法人新生会　理事長　石田　雅嗣,石田　雅嗣,歯　小歯　歯外,,平29. 4. 1,shika
歯科,35,0133259,なかむら歯科矯正歯科クリニック,下関市豊田町大字矢田２７１,083-766-0039,医療法人大志会　理事長　中村　充志,中村　充志,歯　矯歯　小歯,,平29. 10. 1,shika
歯科,35,0133267,夢の会訪問診療クリニック,下関市幡生宮の下町８番１２号,083-242-0166,社会福祉法人夢の会　理事長　齊藤　昌昭,松浦　理城,歯　内,,平30. 4. 1,shika
歯科,35,0133275,大西歯科医院,下関市彦島江の浦町３－５－５　２Ｆ,083-242-4184,大西　豊和,大西　豊和,歯,,平30. 4. 1,shika
歯科,35,0133291,つぐ歯科医院,下関市富任町１－６－１４,083-258-5366,継　祐介,継　祐介,歯　小歯,,平30. 11. 14,shika
歯科,35,0133309,リンク歯科,下関市椋野町３丁目１９－５,083-231-2233,加藤　寛健,加藤　寛健,歯,,令元. 7. 16,shika
歯科,35,0133317,岩城歯科医院,下関市一の宮町２－５－１７,083-256-6556,医療法人　あゆみ会　理事長　岩城　秀明,岩城　秀明,歯　小歯　矯歯,,令元. 11. 1,shika
歯科,35,0133325,福田歯科医院,下関市長府中浜町４番６号,083-246-2210,医療法人ふくだ歯科　理事長　福田　伸和,福田　伸和,歯　矯歯　小歯　歯外,,令元. 12. 1,shika
歯科,35,0133333,おおむら歯科医院,下関市竹崎町４丁目１番２９号,083-234-1159,大村　祐進,大村　祐進,歯,,令元. 11. 30,shika
歯科,35,0133358,野間歯科医院,下関市今浦町１０－２７,083-232-3410,野間　則德,野間　則德,歯　小歯,,令2. 11. 1,shika
歯科,35,0133374,門脇医科歯科医院,下関市宮田町２丁目５番１号,083-223-2131,門脇　正知,門脇　正知,一般　一般　歯　歯外　形外　皮　美外　麻　ペインクリニック内科,13,令3. 2. 26,shika
歯科,35,0133382,あきえだデンタルクリニック,下関市王司川端１丁目５－１,083-248-0302,秋枝　俊江,秋枝　俊江,歯　小歯　矯歯　歯外,,令3. 8. 1,shika
歯科,35,0133408,医療法人　木原歯科医院,下関市秋根南町１－６－９,083-256-6866,医療法人　木原歯科医院　理事長　木原　芳郎,木原　芳郎,歯　小歯,,令4. 1. 1,shika
歯科,35,0133424,佐々木歯科医院,下関市豊北町神田１２２２－１,083-786-1818,佐々木　将,佐々木　将,歯,,令4. 6. 1,shika
歯科,35,0133432,西嶋歯科医院,下関市長府印内町１－１４,083-245-4677,西嶋　義典,西嶋　義典,歯,,令4. 7. 1,shika
歯科,35,0133457,津次歯科医院,下関市田中町６番６号,083-222-9669,津次　祐,津次　祐,歯　小歯,,令4. 9. 1,shika
歯科,35,0133465,あやらぎスマイル歯科小児歯科医院,下関市綾羅木新町３－２－１,083-242-4618,医療法人宝歯会　かじわら歯科医院　理事長　梶原　浩喜,古賀　崇矩,歯　小歯　矯歯　歯外,,令5. 1. 28,shika
歯科,35,0133473,きむらファミリー歯科,下関市小月茶屋２－１－２４,083-282-0253,木村　暁,木村　暁,歯　小歯　矯歯　歯外,,令5. 4. 10,shika
歯科,35,0133481,井上歯科医院,下関市長府土居の内町１番１６号,083-245-0841,井上　裕章,井上　裕章,歯,,令5. 11. 1,shika
歯科,35,0133499,吉本歯科医院,下関市武久町２－１３－１０,083-250-8971,吉本　達也,吉本　達也,歯,,令6. 1. 1,shika
歯科,35,0133507,ローズデンタルクリニック下関,下関市富任町八丁目８番２８号,083-250-8646,医療法人　大悠鈴会　理事長　足立　和貴,山田　真紀雄,歯　小歯　矯歯　歯外,,令6. 7. 16,shika
歯科,35,0133515,もんのうち歯科クリニック,下関市形山町１丁目２３番地１０,083-227-3460,医療法人　晴誉会　理事長　門野内　聡,門野内　聡,歯　小歯　歯外,,令6. 10. 1,shika
歯科,35,0133523,ヤシロ歯科クリニック,下関市富任町１丁目７－７,083-249-6309,医療法人碧緑会　理事長　金丸　政彦,金丸　政彦,歯　小歯　歯外　矯歯,,令7. 1. 1,shika
歯科,35,0133531,竹中歯科医院,下関市竹崎町１丁目１６－１２,083-222-7226,竹中　淳,竹中　淳,歯,,令7. 4. 1,shika
歯科,35,0133549,永冨歯科医院,下関市幸町６－１６,083-231-6226,永冨　孝典,永冨　孝典,歯,,令7. 4. 1,shika
歯科,35,0133556,よつば歯科クリニック,下関市秋根北町８－１７,083-257-6480,医療法人一翠会　理事長　後田　一帆,後田　一帆,歯　小歯　歯外　矯歯,,令7. 9. 1,shika
歯科,35,0133564,みどりの丘歯科医院,下関市王司上町１丁目８－１８,083-248-0180,鹿山　武海,鹿山　武海,歯　小歯　矯歯　歯外,,令8. 5. 7,shika
歯科,35,0133572,久保デンタルクリニック新下関診療所,下関市秋根西町二丁目４番３号アーデント新下関駅前五番館１０１号室,083-242-0011,医療法人久保デンタルクリニック　理事長　久保　秀郎,久保　京平,歯　歯外,,令8. 3. 1,shika
歯科,35,0133580,ノリヒロ矯正歯科なおみこども歯科,下関市秋根西町一丁目６番３５号,083-260-0888,医療法人ティースハート　理事長　西嶋　憲博,西嶋　憲博,小歯　矯歯,,令8. 2. 1,shika
歯科,35,0133598,よつば歯科クリニック　ゆめモール下関院,下関市新椋野一丁目２－１８,083-242-4280,医療法人一翠会　理事長　後田　一帆,岡山　美穂,歯　小歯　歯外　矯歯,,令8. 7. 1,shika
歯科,35,0230741,折田歯科,宇部市大字西岐波４８４８の５,0836-54-0038,折田　正昭,折田　正昭,歯　小歯,,平11. 3. 1,shika
歯科,35,0230774,みなと歯科医院,宇部市恩田町２丁目２７番８号,0836-33-3677,湊　隆生,湊　隆生,歯　矯歯　小歯,,平2. 7. 1,shika
歯科,35,0230808,浅野歯科医院,宇部市床波２丁目２番３号,0836-51-9104,浅野　光徳,浅野　光徳,歯,,平6. 12. 18,shika
歯科,35,0230832,おかの歯科医院,宇部市島２丁目４番１７－１０２号,0836-33-5585,岡野　裕,岡野　裕,歯　矯歯　小歯,,昭55. 4. 1,shika
歯科,35,0230956,山下歯科医院,宇部市大字東岐波３７９７の４,0836-58-2500,山下　公明,山下　公明,歯　矯歯　小歯　歯外,,昭57. 1. 1,shika
歯科,35,0231020,井本歯科医院,宇部市厚南中央五丁目７番２０号,0836-41-4182,井本　廣麿,井本　廣麿,歯　小歯　歯外,,昭59. 4. 1,shika
歯科,35,0231046,加藤歯科医院,宇部市床波１丁目７番１号,0836-51-9289,加藤　洋明,加藤　洋明,歯　小歯,,昭59. 4. 1,shika
歯科,35,0231111,グリーン歯科医院,宇部市五十目山町１２番４１号,0836-22-3636,山城　敏弘,山城　敏弘,歯　小歯,,昭61. 4. 1,shika
歯科,35,0231137,たなか歯科,宇部市西宇部南２丁目１２番３２号,0836-44-3388,田中　壮周,田中　壮周,歯　矯歯　小歯,,昭62. 4. 1,shika
歯科,35,0231178,山本歯科医院,宇部市中村３丁目１０番４０号,0836-22-6480,山本　文宣,山本　文宣,歯　小歯,,昭63. 10. 1,shika
歯科,35,0231186,安山歯科,宇部市厚南中央４－４－６１,0836-44-6268,李　泰吾（安山泰吾）,李　泰吾（安山泰吾）,歯　小歯　矯歯　歯外,,平10. 11. 26,shika
歯科,35,0231194,しんたく歯科医院,宇部市大小路１丁目１３番３３号,0836-35-1515,真宅　正昭,真宅　正昭,歯　小歯,,平元. 6. 1,shika
歯科,35,0231202,前出歯科医院,宇部市中央町３丁目４番５号,0836-34-4100,前出　忠彦,前出　忠彦,歯　小歯,,平元. 8. 1,shika
歯科,35,0231251,いわもと歯科医院,宇部市大字上宇部２５２５の１７,0836-35-5825,岩本　俊哉,岩本　俊哉,歯　小歯,,平3. 4. 1,shika
歯科,35,0231277,沖本歯科クリニック,宇部市則貞６丁目２番１１号,0836-35-7575,沖本　博文,沖本　博文,歯　小歯,,平3. 8. 1,shika
歯科,35,0231293,アップル歯科,宇部市厚南北一丁目８番５－１０１号,0836-41-8814,藤井　幸信,藤井　幸信,歯,,平4. 3. 1,shika
歯科,35,0231319,末永歯科診療所,宇部市東本町１丁目２番１０号,0836-21-3819,末永　秀雄,末永　秀雄,歯,,平6. 3. 26,shika
歯科,35,0231350,山内歯科宇部,宇部市開１丁目３番１号,0836-21-2415,医療法人　久栄会　理事長　山内　高史,山内　高史,歯外　歯　小歯　矯歯,,平7. 9. 1,shika
歯科,35,0231376,かわむら歯科,宇部市東平原２丁目７番１８号,0836-22-3377,河村　和典,河村　和典,歯　矯歯　小歯,,平9. 1. 1,shika
歯科,35,0231392,おぎの歯科,宇部市大字妻崎開作８２の３,0836-41-8307,荻野　健一,荻野　健一,歯,,平9. 11. 1,shika
歯科,35,0231400,松田歯科医院,宇部市松山町３丁目９番１３号,0836-21-3631,松田　智彦,松田　智彦,歯　小歯,,平10. 1. 1,shika
歯科,35,0231418,髙田歯科医院,宇部市常盤町２丁目７番１０号,0836-21-8148,髙田　修二,髙田　修二,歯　小歯,,平10. 1. 1,shika
歯科,35,0231434,中務歯科医院,宇部市相生町６番２３号,0836-21-2759,中務　洋一,中務　洋一,歯,,平10. 1. 1,shika
歯科,35,0231467,かねこ歯科医院,宇部市恩田町３丁目８番１９号,0836-22-0272,金子　亜弓,金子　亜弓,歯,,平11. 4. 1,shika
歯科,35,0231475,よねざわ歯科,宇部市大小路１丁目７番１５－２号,0836-29-1418,米澤　豊信,米澤　豊信,歯　矯歯　小歯,,平11. 7. 1,shika
歯科,35,0231483,白藤歯科医院,宇部市明治町１丁目１２番５号,0836-21-5453,白藤　芳之,白藤　芳之,歯,,平11. 9. 1,shika
歯科,35,0231491,ばん歯科クリニック,宇部市山門４丁目１番１号,0836-37-2355,潘　成哲,潘　成哲,歯　小歯　矯歯　歯外,,平11. 10. 1,shika
歯科,35,0231525,みさき歯科,宇部市岬町１丁目９番２０－１号,0836-37-2750,神吉　ゆかり,神吉　ゆかり,歯,,平12. 3. 1,shika
歯科,35,0231541,ＡＱＵＡ石井歯科宇部歯周再生インプラントクリニック,宇部市松山町４丁目８番２０号,0836-37-1717,石井　肖得,石井　肖得,歯　矯歯　小歯　歯外,,平12. 6. 1,shika
歯科,35,0231558,きわ歯科クリニック,宇部市大字東岐波５６２３の１,0836-58-6607,医療法人善信会　理事長　野村　素之,野村　素之,歯　矯歯　小歯,,平12. 10. 1,shika
歯科,35,0231566,すみかわ歯科医院,宇部市大字東岐波１０５２の１,0836-58-0643,澄川　知輝,澄川　知輝,歯,,平13. 4. 1,shika
歯科,35,0231582,花井歯科クリニック,宇部市西小串１丁目４番１５号,0836-33-4181,花井　浩二,花井　浩二,歯　小歯　歯外,,平13. 11. 1,shika
歯科,35,0231590,たかい歯科・矯正歯科クリニック,宇部市大字西岐波２７７５の７,0836-54-0234,医療法人裕歯会　理事長　髙井　裕史,髙井　裕史,歯　小歯　矯歯　歯外,,平14. 1. 1,shika
歯科,35,0231608,おさき歯科医院,宇部市大字西岐波１３４６の１４,0836-51-8383,尾﨑　輝彦,尾﨑　輝彦,歯,,平14. 3. 1,shika
歯科,35,0231657,ほかお歯科クリニック,宇部市大字西岐波３６２３の２,0836-52-4618,医療法人　恵裕会　理事長　外尾　雅男,外尾　雅男,歯　小歯　矯歯　歯外,,平15. 4. 1,shika
歯科,35,0231673,神原歯科医院,宇部市神原町２丁目１番６２号,0836-37-0808,伊藤　憲央,伊藤　憲央,歯　小歯　矯歯　歯外,,平15. 12. 1,shika
歯科,35,0231699,医療法人社団優志会　みやわき矯正歯科クリニック,宇部市東小串１丁目１番１－２０１号,0836-32-0625,医療法人社団優志会　理事長　宮脇　雄一郎,宮脇　綾,矯歯,,平16. 5. 1,shika
歯科,35,0231715,ふたまたせ歯科,宇部市大字木田５４２の１,0836-62-1212,竹永　喜一,竹永　喜一,歯　小歯,,平16. 11. 1,shika
歯科,35,0231731,山根歯科医院,宇部市常盤町２丁目５番２５号,0836-21-5512,医療法人社団山根歯科医院　理事長　山根　進,山根　晃一,歯　矯歯　小歯　歯外,,平17. 2. 1,shika
歯科,35,0231764,黒石デンタルクリニック,宇部市大字妻崎開作４９９の１,0836-44-9614,東村　石万,東村　石万,歯　小歯　矯歯　歯外,,平17. 9. 1,shika
歯科,35,0231772,てんぱく歯科・小児歯科,宇部市大字小串７７の８,0836-33-3333,天白　誌朗,天白　誌朗,歯　小歯　矯歯,,平18. 2. 1,shika
歯科,35,0231780,まつとみ歯科医院,宇部市西梶返１丁目２番１号,0836-35-7086,河村　貞男,河村　貞男,歯,,平18. 1. 1,shika
歯科,35,0231798,徳久歯科クリニック,宇部市松山町１丁目７番２０号,0836-37-0666,德久　雅弘,德久　雅弘,歯　小歯,,平19. 1. 1,shika
歯科,35,0231806,松尾歯科クリニック,宇部市寿町３丁目７番１１号,0836-36-6480,松尾　明,松尾　明,歯　歯外　小歯,,平19. 4. 1,shika
歯科,35,0231814,岡田歯科医院,宇部市大字東須恵２９３６の２ヴィラグレイス１０１号,0836-45-4618,岡田　一秀,岡田　一秀,歯　小歯　矯歯　歯外,,平19. 4. 1,shika
歯科,35,0231830,田村歯科,宇部市東本町２丁目１番１２号,0836-21-2312,田村　賢二郎,田村　賢二郎,歯　小歯,,平19. 4. 1,shika
歯科,35,0231848,土屋歯科医院,宇部市上町２丁目３番３３号,0836-34-8020,土屋　亮,土屋　亮,歯　歯外　小歯,,平19. 5. 1,shika
歯科,35,0231871,藤田歯科医院,宇部市沼２丁目１０番１６号,0836-32-7000,藤田　和久,藤田　和久,歯　小歯　歯外,,平21. 4. 1,shika
歯科,35,0231897,梶井歯科医院,宇部市居能町２丁目９番３２号,0836-32-1658,梶井　智泰,梶井　智泰,歯　小歯　歯外,,平21. 9. 19,shika
歯科,35,0231921,第一歯科診療所,宇部市常盤町２丁目４番１５号,0836-31-6427,野村　勇太,野村　勇太,歯　矯歯　小歯　歯外,,平22. 12. 5,shika
歯科,35,0231939,村田デンタルクリニック,宇部市黒石北四丁目４番３５号,0836-39-8572,村田　道明,村田　道明,歯　小歯　矯歯　歯外,,平23. 12. 1,shika
歯科,35,0231954,きたむら歯科,宇部市東琴芝１丁目１－４８,0836-39-8873,北村　俊介,北村　俊介,歯　矯歯　小歯　歯外,,平24. 11. 1,shika
歯科,35,0231962,愛歯科診療所,宇部市東岐波５６８７－５,0836-58-5880,石田　浩紀,石田　浩紀,歯　小歯　矯歯,,平24. 11. 1,shika
歯科,35,0231988,歯科・矯正歯科　アールクリニック,宇部市大字西岐波東原１２２７,0836-51-6480,医療法人　翔健会　理事長　折田　隆二,折田　隆二,歯　矯歯　小歯　歯外,,平25. 5. 1,shika
歯科,35,0231996,医療法人　泰誠会　文京台デンタルクリニック,宇部市中山１１１２番地１１,0836-21-2222,医療法人泰誠会文京台デンタルクリニック　理事長　梶井　泰樹,梶井　泰樹,歯　小歯　歯外,,平25. 10. 1,shika
歯科,35,0232002,厚南ハピネス歯科,宇部市厚南北１丁目３－２３際波グランフォート３号,0836-43-6800,西山　文敏,西山　文敏,歯　小歯　歯外　矯歯,,平26. 3. 24,shika
歯科,35,0232010,医療法人こぐし歯科,宇部市東小串一丁目２番３５号,0836-22-8594,医療法人こぐし歯科　理事長　大西　弘一,大西　弘一,歯　小歯　矯歯,,平26. 9. 1,shika
歯科,35,0232036,医療法人光翔会　石川おとなこども歯科・矯正歯科,宇部市昭和町４－１－１７,0836-31-5060,医療法人光翔会　理事長　石川　正俊,石川　正俊,歯　小歯　矯歯　歯外,,平26. 10. 1,shika
歯科,35,0232044,歯科・沖田オフィス,宇部市昭和町一丁目４番５号,0836-39-8810,沖田　順,沖田　順,歯　歯外　小歯,,平26. 11. 1,shika
歯科,35,0232051,ときわ台歯科,宇部市上野中町１１－１１,0836-35-0680,中務　隆,中務　隆,歯　小歯,,平27. 1. 1,shika
歯科,35,0232085,医療法人悠望会　平木歯科医院,宇部市琴芝町１丁目２番１６号,0836-34-1118,医療法人悠望会　理事長　平木　紳一郎,平木　ますみ,歯　小歯　歯外,,平27. 4. 1,shika
歯科,35,0232093,あいおい歯科・インプラント矯正クリニック,宇部市新天町２丁目１－１,0836-29-0300,古野　義之,古野　義之,歯　矯歯　歯外　小歯,,平27. 9. 12,shika
歯科,35,0232101,みすみ歯科医院,宇部市厚南北五丁目２番３２号,0836-44-0203,医療法人社団参斗会　理事長　三隅　純一,三隅　純一,歯　小歯　矯歯,,平28. 5. 1,shika
歯科,35,0232127,にし歯科医院,宇部市大字西岐波４５６０番地の６,0836-51-6430,西　卓史,西　卓史,歯　小歯　矯歯　歯外,,平29. 5. 1,shika
歯科,35,0232135,椙山歯科医院,宇部市松島町９番５号,0836-21-9568,椙山　健二,椙山　健二,歯　小歯　矯歯　歯外,,令元. 8. 6,shika
歯科,35,0232143,医療生活協同組合健文会　協立歯科,宇部市五十目山町１６－４２,0836-34-2511,医療生活協同組合健文会　理事長　上野　尚,尾中　浩文,歯　小歯,,令2. 4. 1,shika
歯科,35,0232168,きわのもり歯科クリニック,宇部市東岐波鷺ノ巣２１５４,0836-59-1222,江口　一輝,江口　一輝,歯　小歯　歯外　矯歯,,令2. 10. 1,shika
歯科,35,0232176,椎木デンタルクリニック,宇部市大字妻崎開作８３９の１,0836-77-9473,椎木　彰宏,椎木　彰宏,歯　小歯　矯歯　歯外,,令3. 5. 1,shika
歯科,35,0232184,もうり歯科クリニック,宇部市小松原町２－１－２３,0836-32-2778,冨金原　邦子,冨金原　邦子,歯　小歯　歯外　矯歯,,令3. 9. 1,shika
歯科,35,0232192,あおき歯科クリニック,宇部市中野開作五ノ割４１５番地３,0836-45-2577,医療法人　賢和会　理事長　青木　南平,青木　南平,歯　小歯　歯外　矯歯,,令4. 5. 1,shika
歯科,35,0232200,ひなたデンタルクリニック,宇部市恩田町２丁目７－３,0836-52-8240,前田　亮典,前田　亮典,歯　歯外　小歯　矯歯,,令5. 4. 1,shika
歯科,35,0232218,りた歯科医院,宇部市東梶返三丁目１０番２７号,0836-52-8255,田中　力,田中　力,歯　小歯　矯歯,,令5. 7. 1,shika
歯科,35,0232234,ひさの歯科医院,宇部市南小羽山町２丁目１９－２３－１０,0836-34-3580,久野　高博,久野　高博,歯　小歯　歯外,,令5. 9. 1,shika
歯科,35,0232259,山﨑歯科医院,宇部市大字船木３６１番１２,0836-67-0045,山﨑　徹,山﨑　徹,歯　小歯,,令6. 5. 15,shika
歯科,35,0232267,宇部ＴＣデンタルクリニック,宇部市大字妻崎開作７４５－１,0836-45-6480,田中　隆之,田中　隆之,歯　小歯　歯外　矯歯,,令7. 2. 1,shika
歯科,35,0232275,進太郎歯科クリニック,宇部市大字東須恵１１２２番地１,0836-45-3118,医療法人社団　明慶会　理事長　中川　進太郎,中川　進太郎,歯　小歯　矯歯　歯外,,令8. 1. 1,shika
歯科,35,0330376,山口県口腔保健センター,山口市吉敷下東１丁目４番１号,083-928-8020,公益社団法人　山口県歯科医師会　会長　小山　茂幸,小山　茂幸,歯,,昭48. 9. 1,shika
歯科,35,0330418,本田歯科,山口市楠木町１番６０号,083-925-6375,本田　吉男,本田　吉男,歯,,昭53. 10. 1,shika
歯科,35,0330442,大内宇都宮歯科医院,山口市大内矢田北１丁目１８－２５,083-927-3618,宇都宮　鈴代,宇都宮　和寿,歯　矯歯　小歯,,昭55. 6. 1,shika
歯科,35,0330509,野中歯科医院,山口市桜畠２丁目８番７号,083-923-7733,野中　清貴,野中　清貴,歯　小歯,,昭59. 6. 1,shika
歯科,35,0330525,上田歯科医院,山口市朝田９０２の７,083-923-3345,上田　博,上田　博,歯　小歯　矯歯,,平8. 7. 1,shika
歯科,35,0330566,池田歯科医院,山口市大内御堀一丁目６番２３号,083-923-0108,池田　研二,池田　研二,歯　小歯　歯外,,昭61. 5. 1,shika
歯科,35,0330574,山口グリーン歯科,山口市吉敷下東１丁目７番２０号,083-925-4600,池尻　達明,池尻　達明,歯　小歯,,昭61. 6. 1,shika
歯科,35,0330616,佐伯歯科,山口市平井３７７の６,083-923-7770,佐伯　謙吾,佐伯　謙吾,歯　小歯,,昭62. 4. 1,shika
歯科,35,0330632,ふくなが歯科医院,山口市大内長野４７４の７,083-927-5777,福永　恭紀,福永　恭紀,歯,,昭62. 5. 1,shika
歯科,35,0330657,医療法人　梅林軒　小田歯科,山口市松美町６番３１号,083-923-6480,医療法人梅林軒　理事長　小田　亮,小田　健登,歯　歯外　小歯,,昭62. 12. 1,shika
歯科,35,0330699,池田歯科医院,山口市下竪小路２４,083-922-1225,池田　一郎,池田　一郎,歯　小歯,,平2. 1. 1,shika
歯科,35,0330715,やすもと歯科医院,山口市嘉川３５９８の２,083-989-5888,安元　重実,安元　重実,歯　矯歯　小歯,,平2. 6. 1,shika
歯科,35,0330731,塩田歯科医院,山口市葵１丁目１番３号,083-924-4188,塩田　宣紀,塩田　宣紀,歯　小歯　矯歯　歯外,,平2. 12. 1,shika
歯科,35,0330749,児玉歯科,山口市宮野下３１０６の１,083-932-7800,児玉　昭彦,児玉　昭彦,歯　矯歯　小歯　歯外,,平3. 5. 1,shika
歯科,35,0330756,オレンジ歯科医院,山口市下小鯖２５０７の１１,083-927-6480,医療法人恵生会　理事長　渡辺　徹,森脇　悠太,歯　矯歯　小歯,,平3. 9. 1,shika
歯科,35,0330806,おぐら歯科医院,山口市大内矢田南１丁目１９番２０号,083-927-8888,小倉　圭史,小倉　圭史,歯　小歯,,平5. 3. 1,shika
歯科,35,0330814,すみ歯科医院,山口市金古曽町１番３号,083-920-2468,角　真人,角　真人,歯　小歯,,平5. 3. 1,shika
歯科,35,0330913,福田歯科医院,山口市湯田温泉２丁目２番１２号,083-922-2179,医療法人光風会　理事長　松下　一徳,松下　一徳,歯　矯歯　小歯　歯外,,平10. 5. 1,shika
歯科,35,0330921,市川歯科小児歯科,山口市吉敷中東三丁目１３番１１号,083-921-6200,市川　洋一郎,市川　洋一郎,歯　小歯,,平10. 5. 1,shika
歯科,35,0330947,アップル歯科医院,山口市平井１６７１の１,083-921-1303,医療法人尾﨑会　理事長　尾﨑　勝敏,尾﨑　勝敏,歯　小歯　矯歯,,平10. 10. 1,shika
歯科,35,0330954,ふるや歯科,山口市大内御堀３８０２の１,083-927-3958,古谷　眞澄,古谷　眞澄,歯　小歯,,平11. 4. 1,shika
歯科,35,0330962,医療法人鶴翔会　内田歯科医院,山口市鋳銭司５６７２の１,083-985-0418,医療法人鶴翔会　理事長　内田　昌德,内田　昌德,歯　矯歯　小歯　歯外,,平11. 4. 1,shika
歯科,35,0330970,ほそだ歯科,山口市吉敷上東２丁目３番１０号,083-934-3711,細田　聡,細田　聡,歯　歯外　小歯,,平11. 5. 1,shika
歯科,35,0330988,うえだ歯科・小児歯科医院,山口市佐山１２００の１０,083-988-0833,上田　泰弘,上田　泰弘,歯　矯歯　小歯,,平11. 9. 1,shika
歯科,35,0330996,いわなが歯科,山口市楠木町８番８号,083-995-0418,岩永　博行,岩永　博行,歯　小歯,,平12. 5. 1,shika
歯科,35,0331010,中央歯科医院,山口市糸米１丁目１番１３号,083-922-2813,伊藤　和人,伊藤　和人,歯,,平13. 1. 1,shika
歯科,35,0331028,アルファ　デンタルクリニック,山口市泉町１番４１号,083-924-6480,医療法人　恵生会　理事長　渡辺　徹,大浦　亨,歯　小歯　矯歯,,平14. 8. 1,shika
歯科,35,0331044,わたなべ歯科診療所,山口市維新公園五丁目３番５４号,083-933-1182,渡邊　正成,渡邊　正成,歯　矯歯　小歯　歯外,,平16. 8. 1,shika
歯科,35,0331051,みやび歯科クリニック,山口市江崎２６９９の１,083-988-1184,医療法人　恵裕会　理事長　外尾　雅男,島津　正隆,歯　小歯　矯歯　歯外,,平17. 10. 1,shika
歯科,35,0331069,いとう歯科クリニック,山口市江崎２２２４の５,083-989-6480,伊藤　昭文,伊藤　昭文,歯　小歯　矯歯　歯外,,平18. 3. 1,shika
歯科,35,0331077,みつる歯科,山口市道祖町５番１０号,083-923-0155,横本　満,横本　満,歯　矯歯　小歯,,平18. 4. 1,shika
歯科,35,0331101,アイベックスデンタルクリニック,山口市小郡黄金町１４番８号,083-973-0648,青木　克己,青木　克己,歯　小歯　矯歯　歯外,,平18. 12. 1,shika
歯科,35,0331135,長崎歯科医院,山口市宮島町８番１２号,083-923-0808,医療法人仁誠会　理事長　長﨑　孝司,長﨑　孝司,歯　小歯　矯歯　歯外,,平20. 4. 1,shika
歯科,35,0331143,佐波歯科医院,山口市秋穂東６２６８,083-984-2554,松江　正芳,松江　正芳,歯　小歯　矯歯,,平20. 4. 1,shika
歯科,35,0331168,みつおか歯科クリニック,山口市古熊３丁目７１２の１,083-921-6870,滿岡　宏治,滿岡　宏治,歯　小歯　歯外,,平20. 10. 1,shika
歯科,35,0331184,石原まごころ歯科,山口市大内矢田北２丁目１－２,083-927-8018,石原　亮尚,石原　亮尚,歯　小歯,,平21. 3. 1,shika
歯科,35,0331192,たなべ歯科,山口市黒川２３０５の３,083-933-0648,医療法人かりゆし会　理事長　田　竜太,田　竜太,歯　小歯　矯歯,,平21. 4. 1,shika
歯科,35,0331226,加藤歯科医院,山口市小郡下郷１１２４の３,083-972-2104,加藤　気白,加藤　気白,歯　小歯　矯歯　歯外,,平22. 3. 1,shika
歯科,35,0331234,あずま歯科医院,山口市香山町６番１８号,083-920-8018,東　克彦,東　克彦,歯,,平22. 4. 1,shika
歯科,35,0331259,たなか歯科,山口市黒川１０７５の１,083-941-6480,田中　久雄,田中　久雄,歯　小歯,,平22. 7. 1,shika
歯科,35,0331275,ファミリー歯科クリニック,山口市平井６６５の３,083-941-5264,金田　憲尚,金田　憲尚,歯　小歯　矯歯　歯外,,平23. 7. 1,shika
歯科,35,0331283,津本歯科,山口市緑町３－２７,083-920-8217,津本　泰,津本　泰,歯　矯歯　小歯　歯外,,平23. 11. 1,shika
歯科,35,0331291,ｍｉｗａ歯科,山口市葵２丁目２－３０　１階,083-922-2020,三輪　栄次郎,三輪　栄次郎,歯　歯外　小歯　矯歯,,平24. 4. 1,shika
歯科,35,0331325,椙山歯科医院,山口市駅通り２丁目２番２４号,083-922-0650,椙山　和樹,椙山　和樹,歯,,平24. 10. 15,shika
歯科,35,0331374,医療法人　ふなつ歯科,山口市鋳銭司５９５８－３,083-986-3700,医療法人ふなつ歯科　理事長　船津　和典,船津　和典,歯　小歯　矯歯,,平26. 4. 1,shika
歯科,35,0331382,寺岡歯科診療所,山口市小郡本町２丁目１番５４号,083-973-1057,寺岡　靖之,寺岡　靖之,歯　小歯,,平26. 8. 1,shika
歯科,35,0331390,くろいわ歯科クリニック,山口市大内中央二丁目１４番１７号,083-902-8217,医療法人くろいわ歯科クリニック　理事長　黒岩　淳,黒岩　淳,歯　小歯,,平26. 10. 1,shika
歯科,35,0331408,こだま歯科医院,山口市矢原１４２５番地１,083-921-0106,医療法人こだま歯科医院　理事長　児玉　高明,作間　恵利佳,歯　小歯　歯外,,平27. 1. 1,shika
歯科,35,0331416,ゆかたちよみ歯科,山口市黄金町４－１６,083-902-8865,油形　千代美,油形　千代美,歯　小歯　歯外,,平27. 2. 1,shika
歯科,35,0331457,みねおか歯科クリニック,山口市黒川５７２－４,083-933-1818,峰岡　哲郎,峰岡　哲郎,歯　矯歯　歯外　小歯,,平27. 12. 1,shika
歯科,35,0331465,しま歯科クリニック,山口市幸町３番５０号シャン・ド・フレーズ１０３,083-901-4618,嶋　宏一朗,嶋　宏一朗,歯　小歯　歯外　矯歯,,平28. 9. 1,shika
歯科,35,0331473,ＭＫデンタルオフィス,山口市道場門前一丁目１番１８号,083-995-0118,医療法人社団ＹーＷｉｎｄ　理事長　前川　光太郎,前川　光太郎,歯　小歯　歯外　矯歯,,平29. 1. 1,shika
歯科,35,0331481,ローズデンタルクリニック　山口,山口市小郡栄町２番１号,083-976-4182,医療法人　大悠鈴会　理事長　足立　和貴,足立　和貴,歯　小歯　矯歯　歯外,,平29. 1. 1,shika
歯科,35,0331507,はりま歯科クリニック,山口市矢原町７番８号,083-941-5522,医療法人はりま歯科クリニック　理事長　播磨　貴裕,播磨　貴裕,歯　小歯　歯外,,平29. 9. 1,shika
歯科,35,0331523,医療法人やまもと歯科クリニック,山口市吉敷中東３丁目１－１,083-976-8143,医療法人やまもと歯科クリニック　理事長　山本　昭宏,山本　昭宏,歯　小歯　矯歯　歯外,,平30. 5. 1,shika
歯科,35,0331531,ひで歯科クリニック,山口市中央４丁目１番１号,083-902-2225,医療法人瑛幸会　理事長　松本　英紀,清木　智之,歯　歯外　矯歯　小歯,,平30. 5. 1,shika
歯科,35,0331549,宇都宮歯科医院,山口市泉都町９番１６号,083-922-1180,宇都宮　和寿,宇都宮　和寿,歯　小歯　矯歯,,平30. 10. 1,shika
歯科,35,0331564,藤井歯科医院,山口市中河原町２－３０,083-925-6640,藤井　隆彦,藤井　隆彦,歯　小歯　矯歯　歯外,,平31. 4. 1,shika
歯科,35,0331572,りえる矯正歯科,山口市吉敷中東二丁目７－１５,083-922-8777,足立　理恵,足立　理恵,矯歯,,令元. 5. 1,shika
歯科,35,0331580,ハーモニー歯科こども歯科,山口市黄金町１２番３号,083-921-8558,医療法人令和会　理事長　金藤　寿,金藤　寿,歯　小歯,,令元. 10. 1,shika
歯科,35,0331598,のうみ歯科・キッズデンタルクリニック,山口市小郡船倉町１番１８号,083-976-8183,医療法人Ｇｒｏｗのうみ歯科・キッズデンタルクリニック　理事長　能美　誠,能美　誠,歯　小歯　矯歯　歯外,,令元. 10. 1,shika
歯科,35,0331614,医療法人優成会　うえむらデンタルクリニック,山口市阿知須４８５３番地８,0836-66-1111,医療法人優成会　理事長　上村　勝也,上村　勝也,歯　小歯,,令元. 12. 1,shika
歯科,35,0331648,医療法人社団優志会　みやわき矯正歯科クリニック　新山口オフィス,山口市矢原１１７９番地３,083-976-8129,医療法人社団優志会　理事長　宮脇　雄一郎,宮脇　雄一郎,矯歯,,令2. 4. 25,shika
歯科,35,0331655,いのうえデンタルクリニック,山口市平井６２２番地,083-902-3314,井上　徹,井上　徹,歯　小歯,,令2. 7. 1,shika
歯科,35,0331663,しばた歯科医院,山口市香山町６－２４,083-902-5605,柴田　龍志,柴田　龍志,歯　小歯　歯外　矯歯,,令2. 11. 1,shika
歯科,35,0331671,アイリーデンタルクリニック,山口市小郡黄金町７番６６号２０１号,083-902-1603,医療法人栄信会　理事長　戸田　信彦,二川　子,歯　矯歯,,令3. 2. 1,shika
歯科,35,0331689,てる歯科クリニック,山口市大内矢田南７－４－１０,083-902-2960,佐藤　栄仁,佐藤　栄仁,歯　小歯　歯外,,令3. 3. 1,shika
歯科,35,0331697,たくみ歯科医院,山口市平井１３９６－６,083-902-2319,安武　晋作,安武　晋作,歯　歯外　小歯,,令3. 5. 1,shika
歯科,35,0331705,ふたば歯科クリニック,山口市嘉川４３２８－１,083-976-6877,医療法人葉和会　理事長　月岡　喬,月岡　喬,歯　矯歯　小歯　歯外,,令3. 6. 1,shika
歯科,35,0331713,まつだ歯科,山口市佐山１２５７－１,083-976-4180,医療法人まつだ歯科　理事長　松田　和也,松田　和也,歯　小歯　矯歯　歯外,,令4. 5. 1,shika
歯科,35,0331721,このはな歯科医院,山口市大内長野６７５－１,083-902-6450,医療法人　このはな歯科医院　理事長　吹田　猛,吹田　猛,歯　小歯　歯外　矯歯,,令6. 2. 1,shika
歯科,35,0331739,稲光歯科医院,山口市天花１丁目３－２２,083-923-0919,稲光　宏之,稲光　宏之,歯　小歯　歯外　矯歯,,令6. 5. 1,shika
歯科,35,0331747,医療法人　山口口腔研クリニック,山口市葵二丁目９－３１,083-922-3210,医療法人　山口口腔研クリニック　理事長　松浦　哲郎,松浦　哲郎,歯　歯外　小歯　矯歯,,令6. 9. 1,shika
歯科,35,0331754,医療法人むくのき歯科医院,山口市鰐石町５－２０,083-934-0550,医療法人むくのき歯科医院　理事長　椋　誠二,椋　誠二,歯,,令7. 5. 1,shika
歯科,35,0430333,医療法人社団みずほ会　土原歯科医院,萩市大字土原４８８の３,0838-25-0380,医療法人社団みずほ会　理事長　清水　肇,小川　謙治,歯　矯歯　小歯,,昭56. 5. 1,shika
歯科,35,0430374,井上歯科医院,萩市大字東田町２７,0838-25-1687,井上　信義,井上　信義,歯,,昭61. 3. 10,shika
歯科,35,0430382,村上歯科医院,萩市大字唐樋町８６,0838-25-2828,村上　康子,村上　康子,歯　矯歯　小歯,,昭62. 3. 1,shika
歯科,35,0430416,まつお歯科医院,萩市大字椿東３１３７の２０,0838-26-1222,松尾　宗平,松尾　宗平,歯,,昭64. 1. 1,shika
歯科,35,0430440,南崎歯科医院,萩市大字椿２９７６の４,0838-22-3718,南崎　信樹,南崎　信樹,歯,,平3. 4. 1,shika
歯科,35,0430457,医療法人社団　おか歯科,萩市大字土原２８８の１８,0838-22-8241,医療法人社団おか歯科　理事長　岡　達郎,岡　達郎,歯,,平3. 10. 1,shika
歯科,35,0430465,登城歯科医院,萩市大字椿東２９３４の１０,0838-26-2525,登城　宏司,登城　宏司,歯　矯歯　小歯,,平4. 5. 1,shika
歯科,35,0430473,医療法人健歯会　ないとう歯科医院,萩市大字平安古町２１２の２,0838-25-4145,医療法人健歯会ないとう歯科医院　理事長　内藤　隆昭,内藤　隆昭,歯　小歯,,平4. 5. 1,shika
歯科,35,0430481,沢村歯科医院,萩市大字江向４０６,0838-22-1223,澤村　直明,澤村　直明,歯,,平5. 4. 1,shika
歯科,35,0430507,医療法人若葉会　あくた歯科医院,萩市大字土原１７３の３,0838-26-1180,医療法人若葉会　理事長　芥　信公,芥　信公,歯　小歯,,平6. 1. 1,shika
歯科,35,0430515,石川歯科医院,萩市大字吉田町１６,0838-22-1246,石川　彰,石川　彰,歯　矯歯　小歯,,平9. 1. 1,shika
歯科,35,0430549,松隈歯科医院,萩市大字土原３４５の９,0838-24-2088,松隈　敬,松隈　敬,歯,,平17. 3. 1,shika
歯科,35,0430556,すえます歯科医院,萩市大字椿東１０６８の３,0838-21-4525,末益　和幸,末益　和幸,歯,,平19. 1. 1,shika
歯科,35,0430564,もんでん歯科医院,萩市大字今古萩町１５,0838-22-0016,門田　晴江,門田　晴江,歯,,平19. 2. 1,shika
歯科,35,0430572,あおぞら歯科医院,萩市大字御許町１２３,0838-26-4182,野間　保宏,野間　保宏,歯　小歯　矯歯,,平19. 5. 1,shika
歯科,35,0430598,大谷歯科医院,萩市大字下五間町３６,0838-22-0527,大谷　敬二,大谷　敬二,歯,,平22. 6. 1,shika
歯科,35,0430622,高山歯科クリニック,萩市椿東３１２４番地１,0838-21-7250,高山　辰燮,高山　辰燮,歯　歯外　小歯　矯歯,,平25. 12. 1,shika
歯科,35,0430648,ありた歯科,萩市大字椿２７４５番地３,0838-22-4321,有田　一郎,有田　一郎,歯　小歯,,平26. 10. 1,shika
歯科,35,0430671,田万川歯科医院,萩市大字下田万１０３６,08387-2-0062,石川　千春,石川　千春,歯,,令2. 8. 1,shika
歯科,35,0430697,高雄歯科クリニック,萩市樽屋町５５番地,0838-22-1548,髙雄　亮,髙雄　亮,歯,,令4. 5. 4,shika
歯科,35,0430705,まつうら歯科医院,萩市古魚店町２７番地の１,0838-26-1182,松浦　尚志,松浦　尚志,歯　小歯,,令5. 8. 1,shika
歯科,35,0430713,いまだ歯科医院,萩市大字今古萩町５４番地,0838-26-2771,医療法人和合会　理事長　今田　奨,今田　奨,歯　小歯　歯外　矯歯,,令8. 4. 15,shika
歯科,35,0530132,水津歯科医院,周南市御幸通２丁目１１,0834-31-7672,水津　皎,水津　航,歯,,昭50. 1. 1,shika
歯科,35,0530447,小川歯科医院,周南市周陽２丁目２番１６号,0834-28-6062,小川　明,小川　明,歯　矯歯,,昭53. 7. 1,shika
歯科,35,0530512,平野歯科医院,周南市楠木１丁目８番１１号,0834-28-5555,平野　健一郎,平野　健一郎,歯　矯歯,,昭55. 11. 1,shika
歯科,35,0530561,のぶひさ歯科医院,周南市新宿通６丁目２番２号,0834-31-8241,吉永　能久,吉永　能久,歯　矯歯,,昭57. 7. 1,shika
歯科,35,0530660,蔵清歯科診療所,周南市周陽２丁目１２番１８号,0834-28-2510,蔵清　正一,蔵清　正一,歯　小歯,,昭61. 6. 1,shika
歯科,35,0530710,井上歯科医院,周南市平和通２丁目４４,0834-21-1441,井上　庸三,井上　庸三,歯,,昭63. 1. 1,shika
歯科,35,0530751,宮﨑歯科医院,周南市大字徳山５８５９の８,0834-31-7230,宮﨑　康平,宮﨑　康平,歯,,平2. 5. 26,shika
歯科,35,0530785,さいとう歯科医院,周南市大字下上２０３２,0834-63-7773,齋藤　信,齋藤　信,歯　小歯,,平3. 5. 1,shika
歯科,35,0530827,かねおか歯科クリニック,周南市千代田町１番１８号,0834-22-0300,金岡　雅浩,金岡　雅浩,歯　矯歯　小歯,,平3. 9. 1,shika
歯科,35,0530835,兼石歯科医院,周南市月丘町４丁目２０,0834-22-0050,兼石　隆司,兼石　隆司,歯,,平4. 3. 1,shika
歯科,35,0530876,クラタ歯科,周南市代々木通１丁目８,0834-22-1785,医療法人クラタ歯科　理事長　藏田　聡,藏田　聡,歯,,平5. 9. 1,shika
歯科,35,0530918,有田歯科医院,周南市新町１丁目２７,0834-31-7371,医療法人有田歯科　理事長　有田　和磨,有田　和彦,歯　小歯　歯外,,平11. 1. 1,shika
歯科,35,0530926,佐々木歯科医院,周南市大字戸田２８４８の２,0834-83-4114,佐々木　浩,佐々木　浩,歯,,平6. 10. 1,shika
歯科,35,0530959,松原歯科医院,周南市銀座１丁目８,0834-31-8201,松原　正治,松原　正治,歯,,平7. 5. 1,shika
歯科,35,0530991,石田歯科診療所,周南市三番町３丁目２２,0834-21-2516,石田　智之,石田　智之,歯,,平11. 1. 1,shika
歯科,35,0531015,河村歯科医院,周南市周陽２丁目１番３－１０７号,0834-39-1212,河村　誠,河村　誠,歯　小歯,,平11. 5. 1,shika
歯科,35,0531031,やつづか歯科医院,周南市有楽町３０の２,0834-21-1639,八塚　信博,八塚　信博,歯　小歯　矯歯,,平12. 1. 1,shika
歯科,35,0531056,久米歯科医院,周南市大字久米３２０１の１,0834-25-2234,曽我部　博之,曽我部　博之,歯,,平13. 5. 1,shika
歯科,35,0630387,黒川歯科医院,防府市車塚町１１番１０号,0835-22-1627,黒川　秀昭,黒川　秀昭,歯,,昭52. 2. 1,shika
歯科,35,0630445,ホワイト歯科医院,防府市寿町４番２５号,0835-38-0345,柴原　伸也,柴原　伸也,歯　矯歯　小歯,,昭55. 10. 1,shika
歯科,35,0630460,城島歯科医院,防府市大字田島３３１の２,0835-24-4242,城島　浩,城島　浩,歯,,昭56. 7. 1,shika
歯科,35,0630478,歯科マツダ,防府市大字高井５４４,0835-22-4182,松田　光生,松田　光生,歯,,昭57. 4. 1,shika
歯科,35,0630494,深井歯科医院,防府市大字西浦２０６６の３,0835-29-3330,深井　修一,深井　修一,歯,,昭57. 7. 1,shika
歯科,35,0630569,戸山歯科クリニック,防府市大字仁井令６９２の７,0835-21-8577,戸山　文世,戸山　文世,歯,,昭62. 1. 1,shika
歯科,35,0630601,しまだ歯科医院,防府市華園町１番２８号,0835-25-0118,島田　昌明,島田　昌明,歯　小歯　矯歯,,平元. 5. 1,shika
歯科,35,0630619,きしもと歯科医院,防府市大字大崎３２７の１,0835-25-3370,岸本　宏史,岸本　宏史,歯　小歯,,平元. 7. 1,shika
歯科,35,0630627,小泉歯科医院,防府市三田尻本町２番１７号,0835-22-0587,小泉　好正,小泉　好正,歯　矯歯　小歯,,平元. 8. 6,shika
歯科,35,0630635,まりふ歯科こども歯科,防府市新田１丁目８番３号,0835-22-9192,医療法人恵生会　理事長　渡辺　徹,宮原　宏武,歯　矯歯,,平3. 1. 1,shika
歯科,35,0630650,おおむら歯科医院,防府市酢貝６番３号,0835-25-6488,大村　健一,大村　健一,歯　小歯,,平3. 11. 1,shika
歯科,35,0630676,周陽歯科医院,防府市大字新田５９０の３,0835-23-3197,杉山　浩一郎,杉山　浩一郎,歯　小歯　矯歯,,平8. 2. 1,shika
歯科,35,0630684,ちょう歯科医院,防府市今市町１６番３１号,0835-38-6487,長　篤雪,長　篤雪,歯,,平5. 4. 1,shika
歯科,35,0630692,きむら歯科医院,防府市東松崎町４番２６－２号,0835-22-1184,木村　英一郎,木村　英一郎,歯　小歯,,平5. 7. 1,shika
歯科,35,0630700,やまね歯科医院,防府市車塚町１１番１号,0835-25-9522,山根　一誠,山根　一誠,歯,,平6. 5. 1,shika
歯科,35,0630726,クリスタル歯科,防府市大字田島６６３の１０,0835-21-4180,金成　雅彦,金成　雅彦,歯　矯歯　小歯,,平7. 4. 1,shika
歯科,35,0630775,やまざき歯科医院,防府市大字植松３０３の１,0835-24-3337,山崎　誠司,山崎　誠司,歯　小歯,,平11. 2. 1,shika
歯科,35,0630783,まこと歯科,防府市大字台道１３１８の１,0835-33-0033,南本　純,南本　純,歯　矯歯　小歯,,平11. 5. 1,shika
歯科,35,0630791,水野歯科医院,防府市岸津１丁目５番５４号,0835-27-0066,水野　聖,水野　聖,歯　小歯　歯外,,平11. 7. 1,shika
歯科,35,0630809,勝間歯科医院,防府市警固町２丁目２番３５号,0835-38-8820,國澤　和城,國澤　和城,歯　小歯,,平11. 8. 1,shika
歯科,35,0630817,椙山歯科医院,防府市八王子１丁目１７番９号,0835-23-3320,椙山　省吾,椙山　省吾,歯,,平11. 11. 1,shika
歯科,35,0630825,ひまわり歯科医院,防府市大字上右田７１１の１３,0835-27-1180,世良　玲士,世良　玲士,歯　小歯,,平11. 12. 1,shika
歯科,35,0630841,しんでん歯科医院,防府市大字新田９１５の２,0835-38-2078,髙嶋　昭義,髙嶋　昭義,歯,,平12. 7. 1,shika
歯科,35,0630882,深野歯科医院,防府市栄町１丁目６番１１号,0835-22-0757,医療法人　深野歯科医院　理事長　深野　剛史,深野　剛史,歯　小歯　矯歯,,平15. 9. 1,shika
歯科,35,0630890,医療法人壮歯会　ほほえみ歯科,防府市警固町１丁目１０番３１号,0835-25-3232,医療法人壮歯会　ほほえみ歯科　理事長　大草　幸夫,大草　幸夫,歯　小歯　矯歯　歯外,,平16. 4. 1,shika
歯科,35,0630924,高野歯科医院,防府市今市町３番２３号,0835-22-2756,高野　裕史,高野　裕史,歯,,平17. 4. 6,shika
歯科,35,0630940,Ｍｙ　Ｄｅｎｔａｌ　Ｃｌｉｎｉｃ,防府市車塚町３番２０号,0835-28-0320,米澤　理人,米澤　理人,歯　矯歯　小歯　歯外,,平19. 10. 1,shika
歯科,35,0630981,なごみ歯科クリニック,防府市大字植松５５９の１,0835-28-0753,医療法人社団　なごみ歯科クリニック　理事長　竹田津　和稔,竹田津　和稔,歯　小歯　歯外,,平21. 9. 1,shika
歯科,35,0630999,りえ歯科医院,防府市車塚町９番３４号,0835-28-7041,金成　吏江,金成　吏江,歯　小歯　矯歯　歯外,,平21. 10. 1,shika
歯科,35,0631039,山野歯科医院,防府市牟礼今宿２－２３－１６,0835-38-0619,山野　英理,山野　英理,歯,,平24. 5. 1,shika
歯科,35,0631047,アイリスデンタルクリニック,防府市西浦２９１２－１,0835-29-4188,田　隆志,田　隆志,歯　歯外　小歯　矯歯,,平25. 12. 1,shika
歯科,35,0631054,あおぞら歯科クリニック,防府市平和町１４－１９,0835-25-1211,伊藤　綾子,伊藤　綾子,歯　小歯　歯外,,平26. 4. 1,shika
歯科,35,0631088,しらいし歯科クリニック,防府市緑町一丁目１１番１７号,0835-38-1848,白石　由美,白石　由美,歯　小歯,,平27. 8. 31,shika
歯科,35,0631096,かずき歯科クリニック,防府市緑町１丁目８番３号,0835-38-5060,山根　一樹,山根　一樹,歯　小歯　歯外,,平27. 11. 9,shika
歯科,35,0631104,鰐石歯科医院,防府市宮市町９番２６号,0835-22-0717,鰐石　祥樹,鰐石　祥樹,歯　歯外,,平28. 4. 1,shika
歯科,35,0631112,こども歯科じゅんこクリニック,防府市大字仁井令１０４７－８,0835-26-6480,德冨　順子,德冨　順子,小歯　矯歯,,平28. 6. 1,shika
歯科,35,0631120,ハート歯科クリニック,防府市大字田島字新上地東二ノ丁１４８５番地６,0835-28-8637,医療法人ハート歯科クリニック　理事長　田中　一成,田中　一成,歯　小歯　歯外,,平29. 1. 1,shika
歯科,35,0631138,八王子歯科,防府市八王子１丁目３１番２４号,0835-28-1011,阿部　省二,阿部　省二,歯　小歯　矯歯　歯外,,平29. 4. 1,shika
歯科,35,0631146,山内歯科クリニック,防府市大字台道４２２番地１,0835-28-1350,山内　幸治,山内　幸治,歯,,平29. 8. 1,shika
歯科,35,0631153,ドレミ歯科医院,防府市佐波一丁目２番２号,0835-28-1238,医療法人恵生会　理事長　渡辺　徹,大浦　恵,歯　矯歯　小歯,,平29. 10. 1,shika
歯科,35,0631161,医療法人へや歯科クリニック,防府市鞠生町１－８,0835-25-8241,医療法人へや歯科クリニック　理事長　部谷　真一,部谷　真一,歯　小歯,,平30. 1. 1,shika
歯科,35,0631179,小林歯科医院,防府市大字田島３７１－６,0835-23-6480,小林　政信,小林　政信,歯　矯歯　小歯,,平30. 9. 22,shika
歯科,35,0631187,こうの歯科クリニック,防府市高井５２５－２,0835-21-0101,河野　亮子,河野　亮子,歯　矯歯　小歯　歯外,,平31. 4. 1,shika
歯科,35,0631195,あい歯科クリニック,防府市高倉２丁目５番３５号,0835-21-1192,医療法人　育心会　理事長　深野　源太,吉村　達雄,歯　矯歯　小歯　歯外,,令2. 4. 1,shika
歯科,35,0631203,松田歯科,防府市緑町１丁目４番２５号,0835-22-4618,松田　馨,松田　馨,歯　小歯,,令2. 9. 1,shika
歯科,35,0631211,右田歯科医院,防府市大字新田７７５番地７,0835-24-0123,医療法人信栄会　理事長　右田　克行,右田　克行,歯　歯外,,令2. 12. 1,shika
歯科,35,0631229,国分寺デンタルクリニック,防府市惣社町４－１,0835-28-8699,受田　直樹,受田　直樹,歯　矯歯　小歯　歯外,,令5. 2. 1,shika
歯科,35,0631237,こもれび歯科クリニック,防府市酢貝１６番５号,0835-28-7231,弘中　雅史,弘中　雅史,歯　小歯　歯外,,令5. 3. 1,shika
歯科,35,0631245,牟礼歯科医院,防府市岸津１丁目７番２５号,0835-24-4833,上野　亜希子,上野　亜希子,歯,,令5. 6. 30,shika
歯科,35,0631252,防府リョーマデンタルクリニック総合歯科矯正歯科,防府市鐘紡町７番１号,0835-24-5202,吉田　周平,吉田　周平,歯　小歯　矯歯　口腔外科,,令6. 8. 1,shika
歯科,35,0631260,ゆう歯科クリニック,防府市八王子１丁目１０番－１号,0835-28-3636,菅田　祐應,菅田　祐應,歯　小歯　矯歯　歯外,,令7. 10. 1,shika
歯科,35,0730237,原田歯科医院,下松市南花岡６丁目９番１２号,0833-43-1010,原田　正剛,原田　正剛,歯　矯歯　小歯,,昭50. 9. 1,shika
歯科,35,0730385,古川町武居歯科医院,下松市古川町４丁目１番５号,0833-44-2323,武居　良裕,武居　良裕,歯　小歯　矯歯　歯外,,昭62. 6. 1,shika
歯科,35,0730419,下村歯科,下松市藤光町１丁目１０番３１号,0833-43-0403,下村　明生,下村　明生,歯　小歯,,平2. 5. 1,shika
歯科,35,0730427,原野歯科医院,下松市大字西豊井６４５の２,0833-41-6212,原野　有正,原野　有正,歯　小歯,,平3. 1. 1,shika
歯科,35,0730435,かねしげ歯科クリニック,下松市東陽４丁目２１番６号,0833-46-3131,兼重　順一,兼重　順一,歯　小歯　矯歯,,平3. 7. 1,shika
歯科,35,0730468,みわ歯科クリニック,下松市西柳２丁目２番３５号,0833-41-7856,三輪　淳,三輪　淳,歯　小歯,,平6. 4. 1,shika
歯科,35,0730476,医療法人花田歯科医院,下松市栄町１丁目８番２１号,0833-41-5050,医療法人花田歯科医院　理事長　花田　康一,花田　康一,歯　小歯　歯外,,平8. 8. 1,shika
歯科,35,0730492,医療法人信栄会　小田歯科医院,下松市古川町１丁目４番１６号,0833-41-0976,医療法人信栄会　理事長　狩野　洋輔,小田　利信,歯　小歯,,平13. 1. 1,shika
歯科,35,0730500,医療法人　晟雅会　ときえだ歯科クリニック,下松市大字西豊井１３６８の１６,0833-45-0700,医療法人　晟雅会　理事長　時枝　雅之,時枝　雅之,歯　小歯　歯外,,平14. 10. 1,shika
歯科,35,0730518,田中歯科医院,下松市望町２丁目１２番２４号,0833-44-1900,田中　悟,田中　悟,歯　小歯　矯歯　歯外,,平17. 12. 1,shika
歯科,35,0730526,白倉歯科医院,下松市西市二丁目３番３１号,0833-41-0319,松尾　勝弘,松尾　勝弘,歯,,平19. 7. 1,shika
歯科,35,0730559,しみず歯科医院,下松市美里町三丁目９番６号,0833-43-8241,医療法人　しみず歯科医院　理事長　清水　久義,清水　久義,歯　矯歯　小歯,,平23. 10. 1,shika
歯科,35,0730575,きらら下松歯科医院,下松市西柳１丁目２番４８号,0833-45-0118,垰村　憲司,垰村　憲司,歯　矯歯　小歯　歯外,,平25. 3. 1,shika
歯科,35,0730591,おがわ歯科クリニック,下松市せせらぎ町２丁目７－１,0833-48-9345,小川　晋司,小川　晋司,歯　小歯　矯歯,,平25. 9. 1,shika
歯科,35,0730609,ぬのまき歯科クリニック,下松市瑞穂町四丁目２番１５号,0833-48-8841,医療法人日栄会　理事長　布巻　純治,布巻　純治,歯　矯歯　小歯　歯外,,平26. 1. 1,shika
歯科,35,0730617,ふじもと歯科クリニック,下松市琴平町２丁目７－２８,0833-48-7068,藤本　晋治,藤本　晋治,歯　小歯,,令2. 11. 16,shika
歯科,35,0730625,花岡ファミリー歯科,下松市大字末武上１０７７－１０,0833-48-9735,岸　正海,岸　正海,歯　小歯　歯外,,令2. 12. 15,shika
歯科,35,0730633,かのう歯科・耳鼻咽喉科クリニック,下松市北斗町６番２号,0833-44-7075,医療法人信栄会　理事長　狩野　洋輔,狩野　洋輔,歯　歯外　小歯　耳い,,令4. 5. 1,shika
歯科,35,0730641,宇都宮歯科医院,下松市生野屋西１－３－１１,0833-43-3125,宇都宮　裕紹,宇都宮　裕紹,歯,,令4. 5. 10,shika
歯科,35,0730658,福永歯科クリニック,下松市駅南２丁目５番１号,0833-41-0968,岩本　倫子,岩本　倫子,歯　小歯　歯外　矯歯,,令5. 5. 11,shika
歯科,35,0730666,諏訪歯科医院,下松市中市１丁目１０番３２号,0833-41-0603,諏訪　一郎,諏訪　一郎,歯　歯外　矯歯　小歯,,令5. 7. 1,shika
歯科,35,0730674,たけなわ歯科口腔外科クリニック,下松市瑞穂町１－１－１２,0833-44-1180,竹縄　隆徳,竹縄　隆徳,歯　歯外　小歯　矯歯,,令6. 4. 1,shika
歯科,35,0730682,エトワール歯科クリニック,下松市栄町２－５－６,0833-44-1881,青柳　賢治,青柳　賢治,歯　小歯　矯歯　歯外,,令7. 5. 1,shika
歯科,35,0830367,安田おとな歯科・こども矯正歯科,岩国市車町２丁目７番２６号,0827-21-1407,安田　順一,安田　順一,歯　小歯,,平元. 4. 10,shika
歯科,35,0830599,早野歯科医院,岩国市麻里布町３丁目４番１０号,0827-24-2355,早野　元晴,早野　元晴,歯　小歯　歯外,,昭60. 9. 1,shika
歯科,35,0830649,三吉歯科,岩国市今津町１丁目６番１７号,0827-23-1809,三吉　浩樹,三吉　浩樹,歯　小歯,,昭63. 4. 1,shika
歯科,35,0830656,玉田歯科医院,岩国市南岩国町１丁目２２番２８号,0827-32-1180,玉田　圭子,玉田　圭子,歯,,平元. 4. 1,shika
歯科,35,0830664,ひろなか歯科医院,岩国市南岩国町３丁目３１番２５号,0827-31-4181,弘中　良人,弘中　良人,歯,,平元. 6. 1,shika
歯科,35,0830698,松浦歯科,岩国市昭和町２丁目５番１４号,0827-23-1818,松浦　誠治,松浦　誠治,歯　小歯,,平3. 4. 1,shika
歯科,35,0830706,藤生歯科センター,岩国市黒磯町１丁目１番２２号,0827-31-6318,医療法人社団三美会　理事長　脇田　雅人,脇田　雅人,歯　小歯　歯外,,平4. 1. 1,shika
歯科,35,0830714,塩田歯科医院,岩国市多田９６９の１,0827-41-0648,医療法人社団塩田歯科医院　理事長　塩田　満哉,塩田　満哉,歯,,平4. 9. 1,shika
歯科,35,0830730,長谷歯科医院,岩国市元町２丁目９番１１号,0827-21-1346,長谷　和實,長谷　和實,歯,,平6. 1. 1,shika
歯科,35,0830748,小児歯科愛宕,岩国市門前町３丁目１２番３５号,0827-31-3167,河本　孝史,河本　孝史,歯　小歯,,平6. 10. 1,shika
歯科,35,0830763,こまい歯科,岩国市麻里布町３丁目５番１８号,0827-21-2722,駒井　卓也,駒井　卓也,歯　小歯　歯外,,平7. 2. 1,shika
歯科,35,0830789,もうこ歯科医院,岩国市中津町２丁目１３番８号,0827-21-4618,望戸　彰拡,望戸　彰拡,歯　小歯,,平8. 3. 1,shika
歯科,35,0830805,今津歯科,岩国市今津町３丁目１２番１０号,0827-29-2050,名島　俊樹,名島　俊樹,歯,,平9. 9. 1,shika
歯科,35,0830813,岡田歯科医院,岩国市保津町２丁目１５番１－１号,0827-39-0023,岡田　和博,岡田　和博,歯　小歯　歯外,,平10. 5. 1,shika
歯科,35,0830847,くしろ歯科医院,岩国市岩国３丁目１５番１号,0827-41-0946,久代　秀郎,久代　秀郎,歯　小歯　歯外,,平11. 3. 9,shika
歯科,35,0830854,ふじおか歯科,岩国市山手町１丁目２４番１２号,0827-29-0418,藤岡　忠良,藤岡　忠良,歯　小歯　歯外,,平11. 6. 1,shika
歯科,35,0830870,かぎとみ歯科,岩国市三笠町１丁目３番１３号,0827-30-1418,鍵富　三郎,鍵富　三郎,歯　小歯,,平13. 5. 1,shika
歯科,35,0830888,みちよ歯科医院,岩国市立石町２丁目２番３６号,0827-21-3355,新村　満代,新村　満代,歯,,平14. 2. 1,shika
歯科,35,0830896,もりわき歯科クリニック,岩国市山手町１丁目１６番１１号,0827-29-2677,森脇　卓二,森脇　卓二,歯　小歯　歯外,,平15. 9. 1,shika
歯科,35,0830912,むねまさ歯科クリニック,岩国市錦見４丁目１７番２号,0827-43-6480,宗正　禎,宗正　禎,歯　小歯,,平16. 5. 1,shika
歯科,35,0830920,ホワイト歯科クリニック,岩国市今津町４丁目１２番１９号,0827-29-0034,吉田　淳,吉田　淳,歯　小歯　歯外,,平17. 3. 1,shika
歯科,35,0830946,桝尾歯科医院,岩国市由宇町中央２丁目７番２６号,0827-63-0128,桝尾　初美,桝尾　初美,歯　小歯,,平19. 3. 1,shika
歯科,35,0830961,ヨネダ歯科クリニック,岩国市三笠町２丁目１番２１号,0827-23-0118,米田　範光,米田　範光,歯,,平19. 10. 1,shika
歯科,35,0830979,松井歯科クリニック,岩国市周東町下久原８１６の３,0827-83-0170,松井　宏司,松井　宏司,歯,,平19. 12. 1,shika
歯科,35,0830987,吉田歯科矯正歯科医院,岩国市岩国２丁目１７番２７号,0827-41-0789,吉田　恵,吉田　恵,歯　矯歯　小歯,,平20. 4. 1,shika
歯科,35,0831019,林歯科医院,岩国市玖珂町５０６３,0827-82-5885,林　昭宏,林　昭宏,歯,,平23. 1. 1,shika
歯科,35,0831027,ささお歯科クリニック,岩国市中津町１丁目２３番１８号,0827-21-0118,佐々生　康宏,佐々生　康宏,歯　小歯　歯外,,平23. 5. 10,shika
歯科,35,0831035,医療法人社団　松田歯科医院,岩国市美和町渋前１３３７番地３,0827-95-0118,医療法人社団　松田歯科医院　理事長　松田　孝太,松田　孝太,歯　矯歯　小歯　歯外,,平24. 4. 1,shika
歯科,35,0831043,門前町デンタルクリニック,岩国市門前町３丁目２２－１６,0827-32-2355,髙木　洋一,髙木　洋一,歯,,平24. 10. 1,shika
歯科,35,0831050,さきもと歯科クリニック,岩国市山手町１丁目２－１６,0827-35-4705,﨑本　卓,﨑本　卓,歯　歯外　小歯,,平25. 4. 1,shika
歯科,35,0831068,医療法人おひさま　香坂歯科医院,岩国市南岩国町３－２４－１９,0827-31-7391,医療法人おひさま　理事長　香坂　陽介,香坂　陽介,歯　矯歯　小歯,,平25. 7. 1,shika
歯科,35,0831076,ひろち歯科クリニック,岩国市車町　２－１６－４８,0827-24-4355,地　一成,地　一成,歯　小歯,,平25. 9. 1,shika
歯科,35,0831084,あかざき歯科医院,岩国市藤生町１丁目２７番２０号,0827-31-7119,赤崎　友彦,赤崎　友彦,歯　小歯,,平25. 12. 1,shika
歯科,35,0831092,岩国矯正歯科クリニック,岩国市麻里布町２丁目２番１８号ベルデビル４階,0827-29-0330,医療法人岩国矯正歯科クリニック　理事長　沖村　昭信,沖村　昭信,矯歯,,平27. 4. 1,shika
歯科,35,0831134,医療法人啓愛会みどり歯科クリニック,岩国市周東町下久原１１４７番地６,0827-83-0418,医療法人啓愛会　理事長　岩本　潔,岩本　潔,歯　小歯　歯外,,平29. 1. 1,shika
歯科,35,0831142,医療法人山元歯科医院,岩国市山手町１－９－１８,0827-21-1180,医療法人山元歯科医院　理事長　山元　祥輝,山元　祥輝,歯　小歯,,平29. 5. 1,shika
歯科,35,0831159,Ｙａｓｕｄａ　ｄｅｎｔａｌ　ｃｌｉｎｉｃ　ｗｅｓｔ,岩国市錦見四丁目８番９号,0827-44-2100,医療法人社団慈愛会　理事長　保田　知德,保田　知德,歯　小歯　歯外,,平29. 8. 1,shika
歯科,35,0831167,重本歯科医院,岩国市岩国２丁目２－２４,0827-41-0516,重本　明彦,重本　明彦,歯　小歯　歯外,,平30. 9. 1,shika
歯科,35,0831175,岩国市立美川歯科診療所,岩国市美川町四馬神１０５７番地,0827-76-0666,岩国市長　福田　良彦,加藤　真康,歯,,平30. 11. 1,shika
歯科,35,0831183,ながはま歯科クリニック,岩国市尾津町二丁目１８番３号,0827-31-0151,医療法人ながはま歯科クリニック　理事長　長濱　僚昭,長濱　貴昭,歯　小歯　歯外,,平31. 2. 1,shika
歯科,35,0831191,医療法人つぼい歯科クリニック　おとなこども矯正歯科,岩国市南岩国町二丁目７８番３６号,0827-32-7506,医療法人つぼい歯科クリニック　おとなこども矯正歯科　理事長　坪井　文,坪井　文,歯　小歯　矯歯,,令元. 10. 1,shika
歯科,35,0831217,岡﨑歯科医院,岩国市今津町２－１０－２７,0827-21-0322,岡﨑　洋平,岡﨑　洋平,歯　小歯　歯外,,令4. 5. 1,shika
歯科,35,0831225,医療法人　ひろかね歯科クリニック,岩国市元町３丁目１０番１６号,0827-22-0648,医療法人　ひろかね歯科クリニック　理事長　弘兼　典明,弘兼　典明,歯　小歯　歯外,,令6. 1. 6,shika
歯科,35,0831233,ホーム歯科・こども矯正歯科,岩国市川西一丁目２１番３０号,0827-35-4366,医療法人りんせい会　理事長　山根　慎太郎,山根　慎太郎,歯　小歯　矯歯　歯外,,令6. 5. 1,shika
歯科,35,0831241,村山歯科クリニック,岩国市平田一丁目３７番１１号,0827-28-0648,医療法人社団珪生会　理事長　村山　哲秀,村山　哲秀,歯　小歯　歯外,,令7. 3. 1,shika
歯科,35,0831258,藤政歯科医院,岩国市周東町下久原２３９１番１,0827-84-1137,藤政　孝志,藤政　孝志,歯　口腔外科　小歯　矯歯,,令8. 3. 31,shika
歯科,35,0831266,医療法人社団　安東ファミリー歯科,岩国市麻里布町６丁目４－９　リゾナーレ麻里布２０３,0827-22-1241,医療法人社団　安東ファミリー歯科　理事長　安東　大器,安東　大器,歯　小歯,,令7. 12. 25,shika
歯科,35,0831274,いと歯科医院,岩国市南岩国町１－１３－２３　ＷＡＭ１階,0827-28-6070,伊藤　康博,伊藤　康博,歯　小歯　歯外,,令8. 6. 1,shika
歯科,35,0930282,山田歯科医院,山陽小野田市中川２丁目２番１号,0836-83-2410,山田　文隆,山田　文隆,歯,,平3. 1. 1,shika
歯科,35,0930308,みはら歯科,山陽小野田市北竜王町８番１０号,0836-83-0333,三原　豊弘,三原　豊弘,歯　小歯,,平3. 4. 1,shika
歯科,35,0930373,医療法人社団　岡野歯科医院,山陽小野田市日の出３丁目５番３７号,0836-83-7866,医療法人社団岡野歯科医院　理事長　岡野　洋三,岡野　洋三,歯　小歯,,平6. 10. 1,shika
歯科,35,0930407,竜王歯科,山陽小野田市須恵東３５６７－４,0836-88-2929,中務　達也,中務　達也,歯,,平9. 5. 1,shika
歯科,35,0930423,宮路歯科,山陽小野田市くし山２丁目１番１３号,0836-84-6874,宮路　博文,宮路　博文,歯　矯歯　小歯,,平9. 10. 1,shika
歯科,35,0930449,多原歯科医院,山陽小野田市北竜王町１６番２３号,0836-81-1172,多原　一武,多原　一武,歯　小歯,,平11. 5. 1,shika
歯科,35,0930464,にっさん歯科医院,山陽小野田市中川１丁目５番１２号,0836-84-9060,多原　康成,多原　康成,歯　小歯　矯歯,,平13. 9. 1,shika
歯科,35,0930480,医療法人　七枝会　おくはら歯科医院,山陽小野田市新生１丁目５番１１号,0836-84-2377,医療法人　七枝会　理事長　奥原　隆,奥原　隆,歯　小歯　矯歯,,平14. 9. 1,shika
歯科,35,0930506,田中デンタルクリニック,山陽小野田市日の出３丁目１５番１６号,0836-84-3600,田中　裕基,田中　裕基,歯　歯外　小歯,,平17. 1. 1,shika
歯科,35,1030207,佃歯科医院,光市光井９丁目１０番１０号,0833-72-5337,佃　幹夫,佃　幹夫,歯,,昭58. 6. 1,shika
歯科,35,1030249,中川歯科医院,光市宮ノ下町１１番６号,0833-72-8049,中川　裕之,中川　裕之,歯,,昭62. 1. 1,shika
歯科,35,1030272,みなみ歯科医院,光市中央３丁目１番５号,0833-72-8888,南　典文,南　典文,歯,,平2. 11. 1,shika
歯科,35,1030298,医療法人　虹歯会　平田歯科医院,光市虹ケ丘１丁目１９番１号,0833-72-8148,医療法人虹歯会　理事長　國近　豊,國近　豊,歯　小歯,,平6. 9. 1,shika
歯科,35,1030322,大上歯科医院,光市島田４丁目１１番１５号,0833-71-4606,大上　賢司,大上　賢司,歯,,平10. 5. 1,shika
歯科,35,1030348,くもい歯科医院,光市島田１丁目１１番２５号,0833-72-8001,雲井　信博,雲井　信博,歯,,平14. 11. 1,shika
歯科,35,1030371,守田歯科医院,光市室積松原１５番７号,0833-78-0457,枇榔　義昭,枇榔　義昭,歯　小歯,,平17. 1. 1,shika
歯科,35,1030389,たむら歯科,光市室積新開２丁目３番１号,0833-79-0120,田村　裕司,田村　裕司,歯,,平17. 2. 1,shika
歯科,35,1030397,友愛歯科医院,光市室積４丁目１番１号,0833-79-0517,山城　儀之,山城　儀之,歯　小歯,,平17. 9. 1,shika
歯科,35,1030405,藤本歯科診療所,光市中央５丁目１１番７号,0833-71-1342,藤本　茂樹,藤本　茂樹,歯　矯歯　小歯,,平20. 4. 1,shika
歯科,35,1030413,あさえ歯科クリニック,光市浅江４丁目１番１９号,0833-48-8241,西村　智尚,西村　智尚,歯　小歯,,平21. 12. 1,shika
歯科,35,1030439,松田歯科クリニック,光市室積松原４番３号,0833-79-2533,松田　勝憲,松田　勝憲,歯,,平23. 1. 1,shika
歯科,35,1030447,よしはら歯科クリニック,光市上島田３丁目１０－１５,0833-76-0820,吉原　正人,吉原　正人,歯　小歯,,平23. 10. 1,shika
歯科,35,1030454,諏訪歯科医院,光市浅江３－２０－１,0833-72-5755,諏訪　健一,諏訪　健一,歯,,平25. 4. 1,shika
歯科,35,1030470,しまた歯科医院,光市島田１－２－１７,0833-72-5545,医療法人　恵思会　理事長　千原　誉弘,千原　誉弘,歯,,令元. 9. 1,shika
歯科,35,1030488,くにもと歯科,光市虹ケ浜一丁目５－３７,0833-48-8750,國本　俊雄,國本　俊雄,歯,,令元. 11. 1,shika
歯科,35,1030496,ひかり歯科クリニック,光市大字岩田字小池２３４６番１,0820-25-3933,大和　篤史,大和　篤史,歯　小歯,,令3. 2. 1,shika
歯科,35,1030983,はなだ歯科医院,光市中央１丁目８番２４号,0833-48-8011,花田　慶治郎,花田　慶治郎,歯　歯外　小歯,,令8. 4. 1,shika
歯科,35,1030991,みやむら歯科医院,光市光井４－３４－８,0833-71-4144,宮村　亜季,宮村　亜季,歯　小歯,,令8. 4. 1,shika
歯科,35,1130148,西嶋歯科医院,長門市東深川９０１の１,0837-22-4542,西嶋　俊弘,西嶋　俊弘,歯,,平7. 5. 27,shika
歯科,35,1130189,つつみ歯科医院,長門市東深川１３８２の１,0837-32-2822,堤　真治,堤　真治,歯　小歯　矯歯　歯外,,平8. 6. 1,shika
歯科,35,1130205,杉山歯科医院,長門市東深川１１７６の２,0837-22-0803,杉山　博資,杉山　博資,歯　小歯　矯歯　歯外,,平12. 9. 1,shika
歯科,35,1130213,丹下歯科仙崎診療所,長門市仙崎１１０８,0837-26-0051,丹下　俊治,丹下　俊治,歯,,平15. 1. 26,shika
歯科,35,1130221,医療法人　上野歯科医院,長門市西深川４０８２の１,0837-22-6527,医療法人　上野歯科医院　理事長　上野　泰之,上野　泰之,歯　矯歯　小歯　歯外,,平16. 12. 1,shika
歯科,35,1130247,西村歯科医院,長門市仙崎１０８７の６６,0837-26-2200,西村　和美,西村　和美,歯,,平20. 9. 20,shika
歯科,35,1130270,吉村歯科医院,長門市三隅下１４８４,0837-43-1706,吉村　哲朗,吉村　哲朗,歯,,平27. 5. 1,shika
歯科,35,1130296,医療法人　田中歯科医院,長門市東深川９０６番地１,0837-22-6480,医療法人田中歯科医院　理事長　田中　克典,田中　克典,歯　小歯　矯歯,,令6. 1. 4,shika
歯科,35,1130304,藤井歯科医院,長門市油谷新別名９９３番地１１,0837-32-0037,医療法人藤井歯科医院　理事長　藤井　克行,藤井　克行,歯　小歯,,令7. 10. 1,shika
歯科,35,1130312,やまさき歯科医院,長門市東深川１９３０番地８,0837-23-3333,医療法人陽葉会　理事長　山﨑　眞弘,山﨑　眞弘,歯　小歯,,令8. 1. 1,shika
歯科,35,1230187,清時歯科医院,柳井市新市４番２３号,0820-22-0643,清時　眞,清時　眞,歯,,昭54. 3. 1,shika
歯科,35,1230260,玉生歯科医院,柳井市南町７丁目５番２号,0820-22-6311,玉生　武夫,玉生　武夫,歯,,昭63. 9. 1,shika
歯科,35,1230294,坪井歯科医院,柳井市伊保庄５０４３番地４７,0820-23-5522,坪井　長仁,坪井　長仁,歯,,平2. 6. 1,shika
歯科,35,1230302,かじやま歯科医院,柳井市柳井４７０８番地５,0820-22-8882,梶山　敏治,梶山　敏治,歯　小歯,,平4. 6. 1,shika
歯科,35,1230328,ざいま歯科医院,柳井市古開作５９４番地７,0820-23-1182,財間　靖了,財間　靖了,歯　小歯,,平4. 8. 1,shika
歯科,35,1230336,医療法人　奥田歯科医院,柳井市中央２丁目１３番１５号,0820-23-3773,医療法人奥田歯科医院　理事長　奥田　和男,奥田　和男,歯,,平4. 9. 1,shika
歯科,35,1230344,おきた歯科医院,柳井市南町３丁目１番１号,0820-23-3748,沖田　明子,沖田　明子,歯　矯歯　小歯,,平7. 1. 1,shika
歯科,35,1230351,上田歯科医院,柳井市柳井津４２８,0820-22-1104,上田　真三,上田　真三,歯　小歯,,平8. 4. 1,shika
歯科,35,1230369,米田歯科医院,柳井市柳井１５３６番地５,0820-22-9880,米田　栄作,米田　栄作,歯,,平13. 10. 1,shika
歯科,35,1230377,中原歯科医院,柳井市柳井４７４２番地１,0820-23-4618,中原　崇太,中原　崇太,歯　小歯,,平8. 10. 1,shika
歯科,35,1230393,村中歯科医院,柳井市伊陸６７１４,0820-26-1212,村中　哲也,村中　哲也,歯　小歯,,平14. 5. 1,shika
歯科,35,1230401,實歯科医院,柳井市中央２丁目１番１８号,0820-22-0474,實　厚夫,實　厚夫,歯,,平14. 12. 11,shika
歯科,35,1230427,中尾歯科医院,柳井市新庄３０７の８,0820-23-7878,松本　賢二,松本　賢二,歯　小歯,,平20. 7. 1,shika
歯科,35,1230435,戸田歯科医院,柳井市神代４１８３番地１６,0820-45-5555,医療法人　栄信会　理事長　戸田　信彦,松本　幸一郎,歯　小歯,,平24. 1. 11,shika
歯科,35,1230443,医療法人和貴会　いそべ歯科医院,柳井市南町七丁目１４番７号,0820-23-8020,医療法人和貴会　いそべ歯科医院　理事長　礒邉　和重,礒邉　和重,歯　小歯　矯歯　歯外,,平26. 4. 9,shika
歯科,35,1230450,神原歯科医院,柳井市中央２丁目２－２０,0820-22-0469,松下　功,松下　功,歯　小歯,,平26. 10. 1,shika
歯科,35,1230476,古浜歯科医院,柳井市天神１６番２１号,0820-22-1371,古濵　勲,古濵　勲,歯,,平28. 3. 7,shika
歯科,35,1230484,やない歯科・矯正歯科,柳井市南町二丁目５番１６号,0820-25-1011,医療法人　栄信会　理事長　戸田　信彦,御手洗　智,歯　小歯　矯歯　歯外,,令4. 10. 1,shika
歯科,35,1330136,美祢歯科医院,美祢市大嶺町東分３７５の１,0837-53-0020,中嶋　文彦,中嶋　文彦,歯　矯歯　小歯,,昭61. 3. 1,shika
歯科,35,1330151,医療法人伊佐歯科診療所,美祢市伊佐町伊佐４８４３,0837-52-0814,医療法人伊佐歯科診療所　理事長　田中　康雅,田中　康雅,歯,,平6. 9. 1,shika
歯科,35,1330177,みのだ歯科医院,美祢市伊佐町伊佐４８０８の１１,0837-53-1838,實能田　尚,實能田　尚,歯　小歯　矯歯,,平9. 10. 1,shika
歯科,35,1330185,つじ歯科クリニック,美祢市大嶺町東分２９０の８,0837-54-1000,辻　龍雄,辻　龍雄,歯,,平13. 7. 1,shika
歯科,35,1430159,佐波歯科医院,周南市清水２丁目３番４号,0834-63-0228,医療法人杏林会　理事長　佐波　義明,佐波　義明,歯　矯歯　小歯,,昭60. 3. 1,shika
歯科,35,1430183,津田歯科医院,周南市古泉２丁目１６番６号,0834-64-3142,津田　隆志,津田　隆志,歯　小歯,,平5. 7. 1,shika
歯科,35,1430191,愛歯科診療所,周南市政所１丁目１３番１１号,0834-62-6001,長藤　正博,長藤　正博,歯　矯歯　小歯,,平6. 5. 1,shika
歯科,35,1430225,井上歯科医院,周南市宮の前２丁目８番１０号,0834-62-2068,井上　雅明,井上　雅明,歯,,平10. 4. 1,shika
歯科,35,1430241,川口デンタルクリニック,周南市政所２丁目２番２号,0834-61-3888,川口　薫,川口　薫,歯　矯歯　小歯,,平12. 7. 1,shika
歯科,35,1530024,神内歯科クリニック,周南市大字栗屋７９７の３,0834-25-3129,医療法人神内歯科クリニック　理事長　神内　正人,神内　正人,歯　小歯,,平15. 9. 1,shika
歯科,35,1530040,みと歯科クリニック,周南市楠木２丁目１４番８号,0834-29-4182,三戸　規義,三戸　規義,歯　小歯,,平16. 4. 1,shika
歯科,35,1530057,近藤歯科医院,周南市橋本町１丁目３５,0834-21-2578,近藤　帥典,近藤　帥典,歯　小歯　歯外,,平17. 1. 1,shika
歯科,35,1530065,たけや歯科医院,周南市速玉町７番７号,0834-21-5566,竹屋　克昭,竹屋　克昭,歯,,平17. 5. 1,shika
歯科,35,1530081,あずま歯科医院,周南市大神３丁目４番８号,0834-62-6641,東　毅昭,東　毅昭,歯,,平17. 12. 1,shika
歯科,35,1530099,なかたまり歯科,周南市福川南町３番８号,0834-61-2111,医療法人なかたまり歯科　理事長　中玉利　剛,中玉利　剛,歯　矯歯　小歯,,平18. 1. 1,shika
歯科,35,1530107,こやま歯科医院,周南市大字徳山４１８１,0834-22-6622,医療法人ＫーＦＩＶＥ　理事長　小山　茂幸,小山　茂幸,歯　矯歯　小歯,,平18. 3. 1,shika
歯科,35,1530115,酒井歯科医院,周南市本陣町１５番２１号,0834-62-2718,酒井　健志,酒井　健志,歯,,平19. 3. 6,shika
歯科,35,1530123,岡本歯科医院,周南市本町１丁目９,0834-21-1896,岡本　尚志,岡本　尚志,歯　矯歯　小歯,,平19. 8. 1,shika
歯科,35,1530131,せいき歯科医院,周南市辻町５番１４号,0834-21-2555,清木　祐介,清木　祐介,歯　歯外　小歯,,平20. 5. 1,shika
歯科,35,1530164,おもかわ歯科医院,周南市古川町３番１７号,0834-63-1772,表川　実哉,表川　実哉,歯　小歯　歯外,,平21. 7. 1,shika
歯科,35,1530172,ハートデンタルクリニック,周南市周陽１丁目１１番２９号,0834-34-6480,服部　孝史,服部　孝史,歯　歯外,,平21. 9. 1,shika
歯科,35,1530180,銀座一丁目歯科医院,周南市銀座１丁目２２銀座ビル２階,0834-32-0737,医療法人昇藤会　理事長　重中　政信,重中　政信,歯,,平22. 4. 1,shika
歯科,35,1530214,しいぎ歯科クリニック,周南市政所３丁目４番１３号,0834-61-1777,医療法人しいぎ歯科クリニック　理事長　椎木　隆文,椎木　隆文,歯　小歯　矯歯,,平23. 4. 1,shika
歯科,35,1530255,水野歯科医院,周南市櫛ケ浜１３４－１,0834-25-0043,水野　聡,水野　聡,歯　矯歯　歯外,,平24. 4. 2,shika
歯科,35,1530271,ふじい歯科クリニック,周南市昭和通一丁目１０番地,0834-27-0118,医療法人　愛彩利　理事長　藤井　威,藤井　威,歯　小歯　歯外,,平25. 4. 1,shika
歯科,35,1530289,まさる歯科医院,周南市住崎町６番１７号,0834-27-6480,医療法人ＡＫＳ　まさる歯科医院　理事長　伊ケ崎　賢,伊ケ崎　賢,歯　矯歯　小歯　歯外,,平26. 4. 1,shika
歯科,35,1530297,松下歯科医院,周南市桜木１丁目５番１号,0834-28-7001,松下　大介,松下　大介,歯　小歯　矯歯　歯外,,平26. 5. 1,shika
歯科,35,1530305,ふくや歯科医院,周南市岐山通２丁目１６番地,0834-32-3343,福谷　能史,福谷　能史,歯,,平27. 1. 1,shika
歯科,35,1530313,伊東歯科医院,周南市桜木一丁目８番１９号,0834-28-3802,医療法人紘慶会　理事長　伊東　慶治,伊東　慶治,歯　矯歯　小歯,,平27. 11. 16,shika
歯科,35,1530321,医療法人宝歯会　周南スマイル歯科小児歯科医院,周南市青山町１－１８,0834-33-9500,医療法人宝歯会かじわら歯科医院　理事長　梶原　浩喜,首藤　幹雄,歯　小歯　矯歯　歯外,,平28. 9. 1,shika
歯科,35,1530347,ワハハキッズデンタルランド＆おとな歯科,周南市久米中央五丁目８番１号,0834-36-3311,医療法人栄信会　理事長　戸田　信彦,安富　昌美,歯　小歯,,平28. 12. 1,shika
歯科,35,1530354,ちくら歯科医院,周南市中央町１－１,0834-34-0008,千藏　紘一,千藏　紘一,歯　小歯　歯外　矯歯,,平29. 3. 1,shika
歯科,35,1530362,医療法人愛翔　遠石ファミリー歯科,周南市上遠石町１１－５１石田ビル２Ｆ,0834-31-7770,医療法人愛翔　理事長　小林　直樹,小林　直樹,歯　小歯,,平29. 4. 1,shika
歯科,35,1530396,清水歯科医院,周南市久米中央五丁目４番１１号,0834-25-3539,清水　俊行,清水　俊行,歯　小歯　矯歯,,令元. 10. 1,shika
歯科,35,1530404,福間歯科医院,周南市岐南町８番３号,0834-31-9900,福間　道明,福間　道明,歯,,令2. 1. 1,shika
歯科,35,1530412,熊毛中央歯科,周南市高水原１丁目３－１９,0833-48-9199,山野　渉,山野　渉,歯　小歯,,令2. 4. 1,shika
歯科,35,1530420,友村歯科医院,周南市若宮町二丁目２４番地,0834-31-0123,医療法人ＴＤＣ　理事長　友村　善則,友村　善則,歯　小歯　歯外　矯歯,,令2. 9. 1,shika
歯科,35,1530438,としみつ歯科医院,周南市大字久米秋本２８０１番地５,0834-34-1432,医療法人社団としみつ歯科医院　理事長　年光　志,年光　志,歯　小歯　矯歯　歯外,,令2. 10. 5,shika
歯科,35,1530453,ふじかわ歯科クリニック,周南市今宿町３丁目１１－１,0834-34-0418,藤川　哲也,藤川　哲也,歯,,令3. 9. 1,shika
歯科,35,1530461,ひだまり歯科医院,周南市久米中央３丁目７番３号,0834-39-6700,医療法人恵光会　理事長　高島　光洋,高島　光洋,歯　小歯　歯外　矯歯,,令5. 10. 1,shika
歯科,35,1530479,すがこども歯科・矯正歯科,周南市大神４－１０－３,0834-62-6480,医療法人　桜香会　理事長　菅　北斗,菅　北斗,小歯　矯歯　歯　歯外,,令6. 4. 1,shika
歯科,35,1530487,周南市須金歯科診療所,周南市大字須万２４８８番地,0834-86-2721,周南市長　藤井　律子,藏田　聡,歯,,令6. 4. 1,shika
歯科,35,1630014,中務歯科医院,山陽小野田市日の出３丁目９番９号,0836-83-3645,鈴木　信博,鈴木　信博,歯　小歯,,平17. 4. 1,shika
歯科,35,1630022,医療法人社団　ファミリー歯科,山陽小野田市新有帆町７番７号,0836-84-6385,医療法人社団　ファミリー歯科　理事長　潘　徳哲,潘　徳哲,歯　小歯,,平17. 9. 1,shika
歯科,35,1630048,もみの木歯科,山陽小野田市日の出１丁目２番１４号,0836-81-5115,医療法人賛麗の森　理事長　小濱　一睦,小濱　一睦,歯　矯歯　小歯　歯外,,平18. 1. 1,shika
歯科,35,1630063,末次歯科医院,山陽小野田市日の出１丁目１０番１６号,0836-84-4224,末次　正康,末次　正康,歯　小歯　歯外,,平18. 10. 1,shika
歯科,35,1630097,医療法人宝歯会　小野田スマイル歯科小児歯科医院,山陽小野田市東高泊７８４,0836-81-4618,医療法人宝歯会　かじわら歯科医院　理事長　梶原　浩喜,松本　剛,歯　矯歯　小歯　歯外,,平20. 5. 1,shika
歯科,35,1630147,平木歯科医院,山陽小野田市くし山１丁目５－５,0836-83-2631,平木　雄三郎,平木　雄三郎,歯　小歯　矯歯,,平24. 5. 1,shika
歯科,35,1630162,おのだサンパーク　オレンジ歯科,山陽小野田市中川六丁目４番１号,0836-81-2222,医療法人永孝会　理事長　八丁　裕次,薦田　智,歯　矯歯　小歯　歯外,,平25. 8. 1,shika
歯科,35,1630170,公園通り歯科,山陽小野田市千代町１－８－２６,0836-39-6983,医療法人敬清会　理事長　河村　喜英,河村　喜英,歯　小歯　矯歯　歯外,,平30. 6. 1,shika
歯科,35,1630196,厚狭駅前歯科医院,山陽小野田市厚狭１９－２,0836-39-8195,曽我　大泉,曽我　大泉,歯　小歯　矯歯　歯外,,令2. 10. 1,shika
歯科,35,1630204,医療法人社団　しまもと歯科医院,山陽小野田市中央２丁目４－１９,0836-83-2098,医療法人社団しまもと歯科医院　理事長　嶋本　達家,嶋本　達家,小歯　矯歯　歯,,令3. 1. 5,shika
歯科,35,1630212,ＤＥＮＴＡＬ　ＣＡＲＥ　ＰＬＡＣＥ　田中歯科医院,山陽小野田市中央４丁目３－３６,0836-83-2378,田中　双美,田中　双美,歯　小歯　歯外　矯歯,,令4. 4. 1,shika
歯科,35,1630220,コスモ歯科クリニック,山陽小野田市大字厚狭４７８－１,0836-71-0202,医療法人コスモ歯科クリニック　理事長　松沢　喜姫,松沢　喜姫,歯　矯歯　小歯　歯外,,令7. 1. 6,shika
歯科,35,1630238,新生会訪問歯科クリニック,山陽小野田市大字小野田４２１６－２メゾン竜王Ａ１０１,090-7813-0455,医療法人　新生会　理事長　力丸　伸樹,原田　豊子,歯　歯外,,令7. 8. 1,shika
歯科,35,7130209,中村歯科医院,大島郡周防大島町大字小松５４９の１,08207-4-2500,中村　一雄,中村　一雄,歯,,平3. 5. 1,shika
歯科,35,7130233,河合歯科医院,大島郡周防大島町大字平野２６９の３２,0820-78-0006,中村　瑞美,中村　瑞美,歯　小歯,,平6. 8. 2,shika
歯科,35,7130241,医療法人　おかだ歯科医院,大島郡周防大島町大字日前１８７１の１,0820-73-0837,医療法人おかだ歯科医院　理事長　岡田　秀樹,岡田　秀樹,歯　小歯,,平6. 9. 1,shika
歯科,35,7130282,貞平歯科医院,大島郡周防大島町大字小松２０９の３,0820-74-3467,貞平　和彦,貞平　和彦,歯,,平15. 1. 1,shika
歯科,35,7130340,武中歯科医院,大島郡周防大島町大字久賀４７１５の８,0820-72-2322,武中　哲郎,武中　哲郎,歯　小歯,,平17. 4. 1,shika
歯科,35,7130373,杉原歯科医院,大島郡周防大島町大字小松６８２の１２,0820-74-2109,杉原　利英,杉原　利英,歯　歯外,,平19. 1. 1,shika
歯科,35,7130399,武中デンタルクリニック,大島郡周防大島町小松開作１４３－２３,0820-74-5543,武中　政樹,武中　政樹,歯,,平24. 11. 1,shika
歯科,35,7230264,大矢歯科,岩国市由宇町南２丁目１番３６号,0827-63-1182,大矢　泰慶,大矢　泰慶,歯　小歯,,昭60. 9. 1,shika
歯科,35,7230272,岩国市立本郷歯科診療所,岩国市本郷町本郷２０８７の１,0827-75-2370,岩国市長　福田　良彦,沖　佳史,歯,,昭60. 9. 1,shika
歯科,35,7230330,つきおか歯科,岩国市由宇町中央２丁目９番１号,0827-63-1700,築岡　孝征,仲座　由希絵,歯　小歯,,平2. 10. 1,shika
歯科,35,7230371,大和橋歯科,玖珂郡和木町和木１丁目１４番１０号,08275-2-8100,竹野　勇都,竹野　勇都,歯　小歯　矯歯　歯外,,平4. 4. 1,shika
歯科,35,7230389,桝尾歯科クリニック,岩国市由宇町由宇崎５番１号,0827-63-0700,桝尾　隆一,桝尾　隆一,歯　小歯,,平6. 1. 1,shika
歯科,35,7230397,とよた歯科矯正歯科医院,岩国市玖珂町６０５３,0827-82-6441,医療法人社団とよた歯科矯正歯科医院　理事長　豊田　太,豊田　太,歯,,平6. 9. 1,shika
歯科,35,7230439,山中歯科医院,岩国市玖珂町８０２の３,0827-82-2227,医療法人山中歯科医院　理事長　山中　友之,山中　友之,歯　小歯　矯歯,,平9. 1. 1,shika
歯科,35,7230447,おかもと歯科クリニック,岩国市周東町下久原１５６０の１,0827-83-0118,岡本　茂雄,岡本　茂雄,歯　小歯,,平9. 5. 1,shika
歯科,35,7230454,たにもと歯科医院,岩国市錦町広瀬６７０７の７,0827-72-2090,谷本　登,谷本　登,歯　小歯,,平9. 10. 1,shika
歯科,35,7230462,米田歯科医院,岩国市玖珂町８５７の３,0827-82-6551,米田　賢司,米田　賢司,歯　小歯,,平15. 2. 1,shika
歯科,35,7230496,悠デンタルクリニック,玖珂郡和木町和木２丁目３－１９,0827-28-5700,増木　恒平,増木　恒平,歯　小歯,,平25. 8. 1,shika
歯科,35,7330163,上関町歯科診療所,熊毛郡上関町大字長島６０２の２,0820-62-0600,上関町長　西　哲夫,山野　渉,歯,,平12. 4. 1,shika
歯科,35,7330171,上関町歯科診療所祝島出張所,熊毛郡上関町大字祝島２１６,0820-66-2940,上関町長　西　哲夫,山野　渉,歯,,昭50. 8. 1,shika
歯科,35,7330189,徳本歯科医院,周南市大字呼坂７４７－１２,0833-91-6200,徳本　憲道,徳本　憲道,一般　歯外　矯歯　小歯　歯,,昭55. 4. 1,shika
歯科,35,7330213,大和歯科医院,光市大字岩田２４８３の６,0820-48-4978,大和　泰久,大和　泰久,歯,,平5. 12. 1,shika
歯科,35,7330254,国重歯科医院,熊毛郡平生町大字平生村５６４の２,0820-56-2300,国重　裕昌,国重　裕昌,歯,,平7. 7. 3,shika
歯科,35,7330304,さきしげ歯科医院,周南市新清光台２丁目８番１号,0833-91-3272,﨑重　靖徳,﨑重　靖徳,歯　小歯,,平4. 7. 1,shika
歯科,35,7330312,医療法人社団　岡崎歯科医院,熊毛郡平生町大字平生村６０５の４,0820-56-6007,医療法人社団岡崎歯科医院　理事長　岡﨑　茂雄,岡﨑　茂雄,歯,,平6. 1. 1,shika
歯科,35,7330346,医療法人誠和会　藤井歯科医院,熊毛郡田布施町大字下田布施８６７の１,0820-52-3120,医療法人誠和会　理事長　藤井　今日子,藤井　今日子,歯,,平9. 11. 1,shika
歯科,35,7330353,はらだ歯科医院,熊毛郡田布施町大字麻郷３４２８の８２,0820-55-4008,原田　満,原田　満,歯,,平10. 10. 1,shika
歯科,35,7330361,ときまさ歯科医院,熊毛郡平生町大字竪ケ浜７７７の４,0820-57-0088,医療法人ピース　理事長　時政　慎史,時政　慎史,歯　小歯　矯歯　歯外,,平11. 10. 1,shika
歯科,35,7330379,守友歯科クリニック,熊毛郡田布施町中央南３の４,0820-51-2255,守友　雅之,守友　雅之,歯,,平17. 12. 1,shika
歯科,35,7330395,くにちか歯科医院,熊毛郡田布施町大字下田布施９３７の１２,0820-52-0118,國近　献,國近　献,歯　小歯,,平19. 10. 1,shika
歯科,35,7330403,やまもと歯科,熊毛郡田布施町大字波野２１６５－６,0820-53-0648,山本　賢秀,山本　賢秀,歯,,平30. 7. 16,shika
歯科,35,7330411,ひろなか歯科,熊毛郡平生町曽根２３５４の３６,0820-56-7080,医療法人一翠会　理事長　後田　一帆,弘中　亮治,歯　小歯　矯歯,,令7. 8. 1,shika
歯科,35,7430112,江副歯科医院,周南市大字鹿野上３１３９,0834-68-3601,江副　一幸,江副　一幸,歯,,昭58. 5. 1,shika
歯科,35,7530093,あさひ歯科医院,山口市徳地堀１５１８の１,0835-52-0900,医療法人恵生会　理事長　渡辺　徹,倉本　善隆,歯　矯歯　小歯,,平11. 5. 1,shika
歯科,35,7630257,ヤナギ歯科医院,山口市阿知須２７４２の１,083-665-2338,楊　亮,楊　亮,歯,,昭51. 10. 1,shika
歯科,35,7630380,秋満歯科医院,山口市小郡大正町８番８号,083-972-0228,秋満　正興,秋満　正興,歯　矯歯　小歯　歯外,,平3. 11. 18,shika
歯科,35,7630414,岡村歯科医院,山口市小郡明治一丁目１２番５号,083-972-0608,岡村　清,岡村　清,歯　矯歯　小歯,,平11. 4. 1,shika
歯科,35,7630422,きらら・しまた歯科,山口市阿知須４８１７の１２,083-666-2525,島田　昌拓,島田　昌拓,歯　小歯,,平12. 9. 1,shika
歯科,35,7630430,益城歯科医院,山口市小郡本町１丁目１７番３２号,083-973-0655,益城　一彦,益城　一彦,歯　矯歯　小歯,,平12. 10. 19,shika
歯科,35,7630455,いけだ歯科クリニック,山口市小郡長谷一丁目１番１号,083-974-4649,池田　曜,池田　曜,歯　小歯,,平14. 8. 1,shika
歯科,35,7630463,ごとう歯科,山口市小郡新町六丁目３番１号,083-972-0418,後藤　正明,後藤　正明,歯,,平15. 5. 1,shika
歯科,35,7630489,戸井歯科クリニック,山口市阿知須４８３９の２,083-665-2021,戸井　正樹,戸井　正樹,歯,,平17. 4. 1,shika
歯科,35,7730156,和田歯科医院,山陽小野田市大字埴生９７５の１２,0836-76-2585,和田　博範,和田　博範,歯,,昭58. 5. 1,shika
歯科,35,7730172,伊佐歯科医院,山陽小野田市大字郡３１５８の３,0836-75-0555,伊佐　祐二,伊佐　祐二,歯　矯歯　小歯,,昭60. 5. 1,shika
歯科,35,7730230,プラザ歯科医院,宇部市大字船木１０２６の７,0836-67-2500,大藏　玲子,大藏　玲子,歯,,平9. 9. 1,shika
歯科,35,7730248,しまだ歯科クリニック,山陽小野田市大字鴨庄１４６の１,0836-72-0645,嶋田　修士,嶋田　修士,歯　小歯,,平13. 8. 1,shika
歯科,35,7730255,すみれ歯科医院,山陽小野田市大字郡３２６６の２９,0836-74-8020,中原　斎香利,中原　斎香利,歯,,平10. 2. 1,shika
歯科,35,7730263,しもかど歯科医院,山陽小野田市大字郡３９５の６,0836-72-2772,船串　保志,船串　保志,歯　小歯,,平10. 10. 1,shika
歯科,35,7730271,あさ歯科クリニック,山陽小野田市大字厚狭１０４２の１,0836-71-0418,宮　一雄,宮　一雄,歯　小歯　矯歯　歯外,,平10. 10. 1,shika
歯科,35,7730305,かねひろ歯科医院,山陽小野田市大字山野井１５８８の１４０,0836-72-2466,金弘　智,金弘　智,歯　小歯,,平15. 4. 1,shika
歯科,35,7830303,新田歯科医院,下関市菊川町大字田部７９７,083-287-0014,新田　年彦,新田　年彦,歯,,昭52. 4. 1,shika
歯科,35,7830410,中山歯科医院,下関市豊北町大字滝部８４５の１,083-782-0418,中山　浩太郎,中山　浩太郎,歯,,昭62. 4. 1,shika
歯科,35,7830428,植田歯科菊川診療所,下関市菊川町大字下岡枝１６９,083-287-0073,植田　哲也,植田　哲也,歯　小歯　歯外　矯歯,,昭63. 11. 1,shika
歯科,35,7830436,しんどう歯科医院,下関市豊浦町大字川棚７１２０の３,083-772-2552,新藤　洋,新藤　洋,歯,,平元. 5. 1,shika
歯科,35,7830469,植田歯科医院,下関市豊田町大字矢田１１４の１,083-766-0200,植田　英澄,植田　英澄,歯,,平2. 8. 1,shika
歯科,35,7830477,おの歯科医院,下関市豊浦町大字川棚８３４６の９,083-774-2008,小野　啓,小野　啓,歯　小歯,,平6. 2. 1,shika
歯科,35,7830501,おおなか歯科医院,下関市豊浦町豊洋台新町６００の２,083-775-1080,大中　孝文,大中　孝文,歯　小歯,,平8. 11. 1,shika
歯科,35,7830527,くぼ歯科,下関市豊浦町大字宇賀７２６９の４１,083-776-5118,久保　毅浩,久保　毅浩,歯　小歯,,平10. 8. 1,shika
歯科,35,7830535,ひまわり歯科医院,下関市豊浦町大字吉永１４４３の５,083-775-2088,藤村　満,藤村　満,歯,,平11. 6. 1,shika
歯科,35,7830543,新藤歯科医院,下関市豊田町大字矢田２３７の５,083-766-0202,新藤　直治,新藤　直治,歯,,平14. 1. 1,shika
歯科,35,7930111,大田歯科医院,美祢市美東町大田５７８５の３,08396-2-0735,医療法人平成会　理事長　渡邊　義嗣,藤村　文子,歯,,平3. 3. 1,shika
歯科,35,7930137,みとう歯科医院,美祢市美東町綾木２６４９の１,08396-2-5656,木林　弓人,木林　弓人,歯　小歯,,平17. 3. 1,shika
歯科,35,7930145,はしもと歯科医院,美祢市美東町大田５３６５の１,08396-2-0199,橋本　正明,橋本　正明,歯,,平17. 4. 1,shika
歯科,35,7930152,秋芳歯科医院,美祢市秋芳町秋吉５３６８の２,0837-62-1716,医療法人社団　グレイス　理事長　五嶋　賢司,五嶋　賢司,歯　小歯　矯歯,,平17. 9. 1,shika
歯科,35,8030143,重田歯科医院,長門市油谷河原１１１０の１,0837-32-2555,重田　耕一,重田　耕一,歯,,昭57. 11. 1,shika
歯科,35,8030150,藤本歯科医院,長門市油谷向津具下３１２７の１,0837-34-0380,藤本　健司,藤本　健司,歯,,平8. 4. 1,shika
歯科,35,8130232,細田歯科医院,萩市大字高佐下３２の１０,08388-8-0677,細田　裕,細田　裕,歯,,昭62. 4. 1,shika
歯科,35,8130257,高村歯科医院,山口市阿東徳佐中３２９１の１,083-956-0611,高村　昭,高村　昭,歯,,昭63. 4. 1,shika
歯科,35,8130273,たなか歯科医院,山口市阿東生雲中１７７の１,083-954-1020,田中　貴恵子,田中　貴恵子,歯　矯歯　小歯　歯外,,平2. 5. 1,shika
歯科,35,8130315,おおた歯科医院,山口市阿東徳佐下４２の１,083-956-0770,大田　紀文,大田　紀文,歯　小歯,,平8. 5. 1,shika
歯科,35,8130323,仁保歯科医院,萩市大字須佐４５７９の１,08387-6-3007,仁保　光昭,仁保　光昭,歯　小歯　歯外,,平9. 11. 27,shika
歯科,35,8130331,和田歯科医院,阿武郡阿武町大字奈古２８５６の１,08388-2-2065,和田　孝宣,和田　孝宣,歯　小歯　歯外,,平23. 1. 1,shika
薬局,35,0140336,有限会社　藤井薬局,下関市長府金屋町４番１５号,083-245-0019,有限会社藤井薬局　取締役　藤井　隆一,藤井　隆一,,,平9. 12. 18,yakkyoku
薬局,35,0140369,有限会社福浦薬局,下関市彦島福浦町３丁目１番１７号,083-266-3433,有限会社福浦薬局　代表取締役　藤井　文雄,藤井　文雄,,,平7. 8. 1,yakkyoku
薬局,35,0140740,有限会社永松薬局,下関市長府中之町５番２７号,083-245-0563,有限会社永松薬局　取締役　永松　眞次,永松　眞次,,,昭53. 10. 1,yakkyoku
薬局,35,0140898,エーデル薬局,下関市田中町１番１３号,083-232-1155,有限会社エーデル調剤薬局　代表取締役　吹上　敏,吹上　達哉,,,昭55. 7. 1,yakkyoku
薬局,35,0140914,樋口薬局,下関市彦島西山町１丁目３番２８号,083-266-0432,久保江　孝子,久保江　孝子,,,昭55. 8. 1,yakkyoku
薬局,35,0141003,マエダ薬局,下関市彦島本村町６丁目１６番１６号,083-267-6475,前田　和生,前田　和生,,,昭57. 2. 1,yakkyoku
薬局,35,0141136,田中町薬局,下関市田中町７番１１号,083-224-1363,有限会社浜田薬局　代表取締役　浜田　幹生,國本　美江子,,,昭58. 8. 1,yakkyoku
薬局,35,0141250,有限会社江の浦薬局,下関市彦島江の浦町１丁目５番２号,083-266-8579,有限会社江の浦薬局　取締役社長　高杉　朝昭,秋本　和美,,,平2. 4. 8,yakkyoku
薬局,35,0141441,有限会社コトブキ薬局,下関市竹崎町３丁目５番２５号,083-232-3314,有限会社コトブキ薬局　代表取締役　山下　賢一,濱本　優樹,,,平元. 9. 1,yakkyoku
薬局,35,0141615,はるみ薬局,下関市上新地町１丁目２番７号,083-233-2323,井上　晴美,井上　晴美,,,平4. 3. 1,yakkyoku
薬局,35,0141631,秋本調剤薬局唐戸店,下関市赤間町９番７号,083-233-2415,株式会社　秋本薬局　代表取締役　秋本　栞里,灘　範之,,,平4. 5. 1,yakkyoku
薬局,35,0141649,大野薬局,下関市幡生本町１番１３号,083-252-3706,大野薬品有限会社　代表取締役　大野　昭,大野　睦美,,,平13. 7. 1,yakkyoku
薬局,35,0141680,熊野薬局,下関市熊野町２丁目１４番２２号,083-255-3948,松吉　美智子,松吉　美智子,,,平5. 1. 1,yakkyoku
薬局,35,0141698,くれない薬局,下関市武久町２丁目５５番５号,083-255-3311,有限会社くれない薬局　取締役　村田　洋子,花岡　祐子,,,平5. 2. 1,yakkyoku
薬局,35,0141706,さくら薬局,下関市上田中町６丁目１番１６号,083-235-8608,有限会社岩隈　代表取締役　岩隈　優治,岩隈　優治,,,平5. 3. 1,yakkyoku
薬局,35,0141714,珠の浦薬局,下関市長府珠の浦町１番１４号,083-246-5447,吉富　育助,吉富　亮,,,平5. 4. 1,yakkyoku
薬局,35,0141722,さくら薬局長府店,下関市長府南之町３番３２号,083-245-8439,株式会社なの花九州　代表取締役　永冨　将寛,田中　裕真,,,平5. 4. 1,yakkyoku
薬局,35,0141771,有限会社いちのみや薬局,下関市一の宮町４丁目１番２１号,083-257-0870,有限会社いちのみや薬局　代表取締役　宮崎　正信,冶城　淑子,,,平5. 10. 1,yakkyoku
薬局,35,0142084,パワフル薬局,下関市彦島江の浦町９丁目７番５号,083-267-8026,有限会社　Ｒ１ファーマシー　代表取締役　秋本　栞里,岡﨑　ひとみ,,,平9. 7. 1,yakkyoku
薬局,35,0142092,秋本東駅薬局,下関市後田町１丁目８番１８号,083-222-2015,株式会社　秋本薬局　代表取締役　秋本　栞里,秋本　寿一郎,,,平9. 9. 1,yakkyoku
薬局,35,0142126,川中薬局,下関市川中豊町７丁目１２番１３号,083-255-5557,有限会社川中薬局　代表取締役　高杉　朝昭,久永　秀子,,,平9. 11. 1,yakkyoku
薬局,35,0142142,もみの木薬局,下関市生野町２丁目２７番３号,083-255-8420,有限会社仲山薬販　代表取締役　仲山　弘,仲山　弘,,,平10. 4. 1,yakkyoku
薬局,35,0142159,有限会社　伊藤重光堂薬局,下関市中之町９番１号,083-222-0104,有限会社伊藤重光堂薬局　代表取締役　伊藤　隆一,伊藤　隆一,,,平10. 4. 1,yakkyoku
薬局,35,0142191,菜の花薬局,下関市垢田町１丁目２３番１２号,083-251-2787,有限会社菜の花薬局　代表取締役　藤井　隆一,神田　英美,,,平11. 3. 1,yakkyoku
薬局,35,0142233,アカダ薬局新町店,下関市上田中町２丁目３番１号,083-234-0850,有限会社アカダ薬局　取締役　伊原　圭子,伊原　圭子,,,平11. 8. 1,yakkyoku
薬局,35,0142266,有限会社ひまわり薬局,下関市生野町２丁目３４番１１号,083-251-4515,有限会社ひまわり薬局　代表取締役　橋本　栄幸,橋本　佐和子,,,平11. 11. 1,yakkyoku
薬局,35,0142274,ワイズ薬局,下関市長府東侍町５番６号,083-246-1235,有限会社コトブキ薬局　代表取締役　山下　賢一,中尾　隆士,,,平11. 11. 1,yakkyoku
薬局,35,0142399,新下薬局幸町店,下関市幸町１３番２３号,083-229-5100,有限会社新下薬局　代表取締役　瀧　雅昭,横尾　政隆,,,平14. 1. 1,yakkyoku
薬局,35,0142423,ドリーム薬局,下関市豊前田町２丁目７番７号,083-229-1061,有限会社　夢来　代表取締役　中川　明人,中川　明人,,,平14. 10. 1,yakkyoku
薬局,35,0142449,有限会社のぞみ薬局,下関市田中町４番６号,083-231-7237,有限会社のぞみ薬局　代表取締役　山口　進,江見　眞由美,,,平14. 11. 1,yakkyoku
薬局,35,0142464,タカサキ薬局上新地店,下関市上新地町３丁目４番２９号,083-228-3880,株式会社　タカサキ　代表取締役　髙崎　政弘,田川　倫子,,,平15. 2. 1,yakkyoku
薬局,35,0142472,あおぞら薬局,下関市綾羅木本町５丁目１番１４号,083-255-3633,有限会社　和貴　代表取締役　德本　和彦,德本　和彦,,,平15. 4. 1,yakkyoku
薬局,35,0142480,有限会社　吉村薬局,下関市伊倉町２丁目１番７号,083-253-1100,有限会社　吉村薬局　代表取締役　吉村　瑞乃,吉村　瑞乃,,,平15. 4. 1,yakkyoku
薬局,35,0142514,もみの木薬局武久店,下関市武久町１丁目４０番１６号,083-250-1280,有限会社　仲山薬販　代表取締役　仲山　弘,田中　一邦,,,平15. 7. 1,yakkyoku
薬局,35,0142548,健和薬局江の浦店,下関市彦島江の浦町３丁目５番８号,083-261-5888,有限会社　Ｒ１ファーマシー　代表取締役　秋本　栞里,中村　光子,,,平15. 10. 1,yakkyoku
薬局,35,0142597,きさらぎ薬局,下関市安岡駅前１丁目４番２２号,083-262-0480,有限会社　水城　代表取締役　上田　　諭,田上　忠行,,,平16. 5. 1,yakkyoku
薬局,35,0142647,サンキュー薬局綾羅木本町店,下関市綾羅木本町５丁目１２番１７号,083-251-1339,株式会社サンキュードラッグ　代表取締役　平野　健二,林　正徳,,,平16. 11. 1,yakkyoku
薬局,35,0142654,さらさ薬局,下関市秋根南町１丁目６番２８号,083-263-4999,有限会社　水城　代表取締役　上田　　諭,栢多　慎吾,,,平16. 11. 1,yakkyoku
薬局,35,0142662,秋本薬局　細江店,下関市細江町３丁目３番１号,083-229-3312,株式会社　秋本薬局　代表取締役　秋本　栞里,秋本　直子,,,平17. 2. 1,yakkyoku
薬局,35,0142670,みさき薬局,下関市吉見本町１丁目２番５号,083-264-2005,有限会社　水城　代表取締役　上田　　諭,塩見　裕美,,,平17. 4. 1,yakkyoku
薬局,35,0142712,あすなろ薬局,下関市小月茶屋２丁目１番１８号,083-282-4321,有限会社　あすなろ薬局　代表取締役　宮﨑　秀人,宮﨑　北斗,,,平17. 7. 1,yakkyoku
薬局,35,0142738,いちのみや薬局勝山店,下関市大字有冨字下迫１６７－１,083-263-3358,有限会社いちのみや薬局　代表取締役　宮崎　正信,山本　佳代子,,,平17. 10. 1,yakkyoku
薬局,35,0142811,蘭ファーマシー,下関市豊浦町大字川棚６９１９の１,083-774-3550,ザイタック株式会社　代表取締役　平尾　真,河村　貴也,,,平18. 3. 1,yakkyoku
薬局,35,0142829,だんしん薬局,下関市王司上町５丁目８番１７号,083-248-2442,有限会社コトブキ薬局　代表取締役　山下　賢一,持田　武志,,,平18. 4. 1,yakkyoku
薬局,35,0142878,サンキュードラッグ彦島中央薬局,下関市彦島本村町７丁目３番９号,083-261-5239,株式会社サンキュードラッグ　代表取締役　平野　健二,福家　健作,,,平19. 1. 1,yakkyoku
薬局,35,0142886,フラワー薬局菊川店,下関市菊川町大字田部１１４１の１７,083-288-1488,ザイタック株式会社　代表取締役　平尾　真,連石　智,,,平19. 1. 1,yakkyoku
薬局,35,0142936,アイテル薬局幡生店,下関市幡生本町６番５号,083-253-7900,ザイタック株式会社　代表取締役　平尾　真,吉中　大策,,,平19. 5. 1,yakkyoku
薬局,35,0142985,湯玉駅薬局,下関市豊浦町大字宇賀７４３７の２,083-776-0820,株式会社ケースリー　代表取締役　小倉　政幸,村田　将一,,,平19. 11. 1,yakkyoku
薬局,35,0142993,ミドリ薬局,下関市山の田本町１番１号,083-254-2266,株式会社ミドリ薬局　代表取締役　平田　武康,溝口　拓男,,,平19. 11. 1,yakkyoku
薬局,35,0143017,日本調剤　豊浦薬局,下関市豊浦町大字小串１０００８－１１６,083-775-4520,日本調剤株式会社　代表取締役　小城　和紀,河島　美羽,,,平20. 3. 1,yakkyoku
薬局,35,0143090,アカダ薬局羽山店,下関市羽山町２０番１２号,083-231-3330,株式会社ニック　代表取締役　吉川　正男,瀧　小巻,,,平21. 1. 1,yakkyoku
薬局,35,0143108,アカダ薬局新下関店,下関市秋根南町１丁目２番７号,083-257-2814,株式会社ニック　代表取締役　吉川　正男,伊賀　義秀,,,平21. 1. 1,yakkyoku
薬局,35,0143124,アカダ薬局安岡店,下関市安岡本町２丁目１番２１号,083-259-8190,株式会社ニック　代表取締役　吉川　正男,工藤　博道,,,平21. 1. 1,yakkyoku
薬局,35,0143132,松小田薬局,下関市長府松小田本町５番１３号,083-242-8193,有限会社浜田薬局　代表取締役　浜田　幹生,浜田　幹生,,,平21. 2. 1,yakkyoku
薬局,35,0143140,下関薬剤師会薬局,下関市向洋町１丁目１４番２号,083-250-5020,一般社団法人　下関市薬剤師会　会長　宮﨑　北斗,古荘　香澄,,,平21. 4. 1,yakkyoku
薬局,35,0143157,サンキュードラッグ綾羅木薬局,下関市古屋町１丁目１１番１号,083-250-1339,株式会社サンキュードラッグ　代表取締役　平野　健二,田中　勝己,,,平21. 4. 1,yakkyoku
薬局,35,0143165,ニック調剤薬局下関店,下関市竹崎町１丁目１５番２５号下関駅前ビル１Ｆ,083-250-6216,株式会社ニック　代表取締役　吉川　正男,太山　彰子,,,平21. 5. 1,yakkyoku
薬局,35,0143173,こくりつ薬局,下関市長府外浦町２番２０号,083-241-0038,株式会社　ハイ・メディカル　代表取締役　内野　絵里子,堀谷　咲椋子,,,平21. 5. 1,yakkyoku
薬局,35,0143181,関門薬局,下関市長府外浦町２番２０号,083-241-0222,株式会社ライジング　代表取締役　稲村　拓郎,植村　隼人,,,平21. 5. 1,yakkyoku
薬局,35,0143199,すみれ薬局,下関市秋根本町２丁目１０番７号,083-257-4711,株式会社エスケイティー　代表取締役　山田　明彦,山田　明彦,,,平21. 5. 1,yakkyoku
薬局,35,0143207,いちのみや熊野薬局,下関市熊野町１丁目７番５号,083-250-1888,株式会社いちのみや熊野薬局　代表取締役　宮崎　正信,牧野　貴之,,,平21. 6. 1,yakkyoku
薬局,35,0143215,日本調剤　下関薬局,下関市安岡町８丁目５番２号,083-262-3411,日本調剤　株式会社　代表取締役　小城　和紀,守時　哲裕,,,平21. 6. 1,yakkyoku
薬局,35,0143264,そうごう薬局下関店,下関市川中豊町７丁目１４番６号　Ｎ１ビル１Ｆ,083-251-6051,総合メディカル株式会社　代表取締役　多田　荘一郎,松原　徹,,,平21. 10. 1,yakkyoku
薬局,35,0143272,ダリヤ下関薬局,下関市上新地町３丁目３番３号,083-228-2770,株式会社ウィーズ　代表取締役　田　達也,小田　浩子,,,平21. 9. 1,yakkyoku
薬局,35,0143280,パワフル薬局横野店,下関市横野町３丁目１４番３２号,083-262-2552,有限会社　Ｒ１ファーマシー　代表取締役　秋本　栞里,福中　大樹,,,平21. 10. 1,yakkyoku
薬局,35,0143306,ニック調剤薬局　豊町店,下関市川中豊町７丁目２番２０号,083-255-6380,株式会社ニック　代表取締役　吉川　正男,橋　英憲,,,平21. 11. 1,yakkyoku
薬局,35,0143322,亀屋製薬合資会社　亀屋薬局細江店,下関市細江町２丁目１番９号,083-233-0526,亀屋製薬合資会社　代表者　伊藤　文一,伊藤　文一,,,平22. 2. 1,yakkyoku
薬局,35,0143330,そうごう薬局　長府店,下関市長府南之町２番２７号,083-241-0061,総合メディカル株式会社　代表取締役　多田　荘一郎,岡野　吉浩,,,平22. 2. 1,yakkyoku
薬局,35,0143348,本村中央薬局,下関市彦島本村町４丁目１番２号,083-267-5911,株式会社エスエスメディカル　代表取締役　瀧　雅昭,津次　智子,,,平22. 4. 1,yakkyoku
薬局,35,0143389,マリモ薬局,下関市菊川町大字下岡枝１７３の１,083-287-1717,有限会社マリモ薬局　取締役　平田　武康,江木　伊知朗,,,平22. 6. 1,yakkyoku
薬局,35,0143405,パワフル薬局小月店,下関市小月茶屋１丁目８番２０号,083-250-8626,有限会社　Ｒ１ファーマシー　代表取締役　秋本　栞里,吉田　力久,,,平22. 9. 1,yakkyoku
薬局,35,0143413,豊浦いずみ薬局,下関市豊浦町黒井伏付６９７の２６,083-774-0177,有限会社　太平薬品　代表取締役　原田　仁,原田　美里,,,平22. 10. 1,yakkyoku
薬局,35,0143421,かずき薬局,下関市長府江下町１番２６号,083-250-8833,有限会社水城　代表取締役　上田　　諭,新宅　彰,,,平23. 3. 1,yakkyoku
薬局,35,0143462,ニック調剤薬局　アカダ店,下関市新垢田東町２丁目２番１７号,083-253-4721,株式会社　ニック　代表取締役　吉川　正男,福田　香,,,平23. 11. 1,yakkyoku
薬局,35,0143488,しろくま薬局,下関市一の宮町三丁目１１－２,083-249-5100,株式会社　リエゾン　代表取締役　阪本　良樹,阪本　良樹,,,平24. 1. 1,yakkyoku
薬局,35,0143520,かわさき薬局,下関市小月駅前一丁目２－４５,083-282-0256,有限会社河崎薬局　代表取締役　河崎　英房,河崎　英房,,,平24. 10. 1,yakkyoku
薬局,35,0143538,しおさい薬局,下関市筋川町３－７,083-250-9113,株式会社ＪＵＰＩＴＥＲ　代表取締役　時川　正,山野　俊二,,,平24. 11. 1,yakkyoku
薬局,35,0143546,タケヒロ薬局,下関市豊北町滝部３３９５番地の２,083-784-0567,有限会社　タケヒロ　代表取締役　平田　武康,田口　美恵子,,,平24. 12. 1,yakkyoku
薬局,35,0143553,エーデル薬局　豊田店,下関市豊田町殿敷１８１０番地３,083-766-2313,有限会社エーデル調剤薬局　代表取締役　吹上　敏,林　慎,,,平25. 1. 1,yakkyoku
薬局,35,0143561,アクア薬局,下関市武久町１丁目１４－１６,083-250-6403,有限会社太平薬品　代表取締役　原田　仁,丸尾　彬,,,平25. 2. 1,yakkyoku
薬局,35,0143579,そうごう薬局　新下関店,下関市伊倉新町１丁目２番６号,083-255-1151,総合メディカル株式会社　代表取締役　多田　荘一郎,酒井　弘充,,,平25. 4. 1,yakkyoku
薬局,35,0143587,ニコニコ薬局,下関市岬之町４－６,083-227-4625,木村　鉱次郎,木村　鉱次郎,,,平25. 4. 1,yakkyoku
薬局,35,0143603,タケヒロ薬局垢田店,下関市垢田町２丁目１６番１－１号,083-227-4285,有限会社　タケヒロ　代表取締役　平田　武康,杉浦　裕人,,,平25. 7. 1,yakkyoku
薬局,35,0143611,新くわのやま薬局王司店,下関市王司上町一丁目８番９号,083-248-3957,有限会社新くわのやま薬局　代表取締役　宮崎　正信,永田　智敬,,,平25. 7. 1,yakkyoku
薬局,35,0143645,はすの実薬局,下関市清末鞍馬３丁目５番１２－２号,083-227-2133,株式会社ライジング　代表取締役　稲村　拓郎,三浦　大史,,,平26. 1. 1,yakkyoku
薬局,35,0143652,さこまち薬局,下関市彦島迫町三丁目７番５号,083-227-2556,株式会社ファイングローブ　代表取締役　藤永　浩司,吉田　湖南,,,平26. 4. 1,yakkyoku
薬局,35,0143660,オリーブ薬局長府店,下関市長府中六波町３００－１,083-227-2136,株式会社エスマイル　代表取締役　大下　訓生,玉城　裕嗣,,,平26. 4. 1,yakkyoku
薬局,35,0143678,サンキュードラッグ　新椋野薬局,下関市新椋野三丁目１番１０号,083-228-6239,株式会社サンキュードラッグ　代表取締役　平野　健二,新井　剛慶,,,平26. 6. 1,yakkyoku
薬局,35,0143694,あいあい薬局,下関市田中町１１番６号,083-232-4890,竜枝商事株式会社　代表取締役　斉藤　美加,吉村　雄次郎,,,平27. 1. 1,yakkyoku
薬局,35,0143728,ゆう薬局,下関市彦島江の浦町１丁目７－２登根ビル１Ｆ,083-227-3146,有限会社あさ薬局　代表取締役　浅山　茂,小島　久司,,,平27. 9. 1,yakkyoku
薬局,35,0143736,有限会社稗田薬局,下関市稗田北町１３番３７号,083-254-6220,有限会社稗田薬局　代表取締役　瀧　雅昭,塩田　昌史,,,平27. 11. 1,yakkyoku
薬局,35,0143744,エスマイル薬局　松小田店,下関市長府松小田本町５２１番３,083-227-4805,株式会社エスマイル　代表取締役　大下　訓生,臼井　一貴,,,平27. 11. 1,yakkyoku
薬局,35,0143769,あずさ薬局,下関市秋根南町２丁目３番７号,083-256-0656,ザイタック株式会社　代表取締役　平尾　真,宮城　亜希子,,,平28. 3. 1,yakkyoku
薬局,35,0143777,まちの薬局上新地店,下関市上新地町三丁目３－３０,083-242-0067,中井上　直弘,中井上　直弘,,,平29. 1. 1,yakkyoku
薬局,35,0143785,きたうら薬局,下関市安岡駅前１丁目２－１２,083-227-3366,株式会社ファイングローブ　代表取締役　藤永　浩司,壽浦　浩司,,,平29. 3. 1,yakkyoku
薬局,35,0143793,下関在宅支援薬局,下関市秋根南町二丁目３番１号,083-227-2198,一般社団法人下関市薬剤師会　会長　宮﨑　北斗,久松　桃子,,,平29. 5. 1,yakkyoku
薬局,35,0143801,のぞみ薬局金比羅店,下関市金比羅町２－１,083-228-0820,合同会社むなかた　代表社員　宗像　誠,宗像　誠,,,平29. 9. 1,yakkyoku
薬局,35,0143819,のぞみ薬局伊倉店,下関市伊倉新町４丁目２－１４,083-227-2222,合同会社むなかた　代表社員　宗像　誠,岩田　めぐみ,,,平29. 9. 1,yakkyoku
薬局,35,0143827,アップル薬局,下関市梶栗町２丁目２番１７号,083-259-7008,株式会社アインファーマシーズ　代表取締役　淡路　英広,熊野　綾子,,,平29. 10. 1,yakkyoku
薬局,35,0143835,かじくり薬局,下関市梶栗町３丁目７番７号,083-262-1288,株式会社アインファーマシーズ　代表取締役　淡路　英広,宮野　諒,,,平29. 10. 1,yakkyoku
薬局,35,0143843,秋本薬局綾羅木店,下関市綾羅木本町４丁目８番２８号,083-254-4415,株式会社秋本薬局　代表取締役　秋本　栞里,吉谷　美里,,,平30. 1. 1,yakkyoku
薬局,35,0143868,グリーン薬局,下関市彦島本村町６丁目１７番１３号,083-250-8338,株式会社ファイングローブ　代表取締役　藤永　浩司,仙田　泰敏,,,平30. 2. 1,yakkyoku
薬局,35,0143926,有限会社杉山薬局,下関市川中豊町７丁目１番３６号,083-242-2530,有限会社杉山薬局　代表取締役　杦山　正康,嶋本　豊,,,平30. 9. 1,yakkyoku
薬局,35,0143934,くるみ薬局,下関市清末鞍馬３丁目４番９号,083-281-3963,株式会社ミルキーマリーンホールディングス　代表取締役　松山　喜範,開本　弘子,,,平30. 11. 1,yakkyoku
薬局,35,0143967,有限会社ベル薬局東駅店,下関市羽山町４番１号,083-231-3088,有限会社ベル薬局　代表取締役　河野　寛之,河野　寛之,,,平31. 2. 1,yakkyoku
薬局,35,0143975,しらゆり薬局,下関市上新地町３丁目１番１号,083-235-4109,ザイタック株式会社　代表取締役　平尾　真,倉田　英美,,,平31. 3. 10,yakkyoku
薬局,35,0143983,篠原薬局川棚店,下関市豊浦町大字川棚６９２７－４,083-772-0368,有限会社篠原薬局　代表取締役　篠原　孝則,宮本　孝紀,,,令元. 5. 1,yakkyoku
薬局,35,0143991,そうごう薬局　東駅店,下関市羽山町１番１－２０２,083-235-6611,総合メディカル株式会社　代表取締役　多田　荘一郎,松澤　武,,,平31. 4. 1,yakkyoku
薬局,35,0144007,健和薬局,下関市王司本町１丁目１７番２１号,083-248-5348,株式会社ネクサフィート　代表取締役　塩瀬　真央,塩瀬　真央,,,令元. 6. 1,yakkyoku
薬局,35,0144015,大信薬局　長府店,下関市長府才川２丁目１２番８号,083-248-6340,株式会社ディー・シー・トレーディング　代表取締役　吉村　企右,小林　祥太郎,,,令元. 8. 1,yakkyoku
薬局,35,0144031,あおい薬局,下関市形山みどり町１４番１９号,083-257-6588,有限会社タケヒロ　代表取締役　平田　武康,上野　恵介,,,令2. 4. 1,yakkyoku
薬局,35,0144049,アイン薬局　済生会下関病院店,下関市安岡町８－５－１,083-227-3171,株式会社アインファーマシーズ　代表取締役　淡路　英広,新里　絵梨,,,令2. 4. 1,yakkyoku
薬局,35,0144056,西日本ファーマシー,下関市長府中之町２－６,083-245-5999,株式会社ミルキーマリーンホールディングス　代表取締役　松山　喜範,石川　陽平,,,令2. 4. 1,yakkyoku
薬局,35,0144064,アイテル薬局汐入店,下関市大坪本町３６番１７号,083-250-8425,株式会社医ＳＩＮ　代表取締役　平尾　真,小西　宏規,,,令2. 5. 1,yakkyoku
薬局,35,0144072,サンキュードラッグ上田中町薬局,下関市上田中町二丁目９番３号,083-227-0139,株式会社サンキュードラッグ　代表取締役　平野　健二,井上　陽介,,,令2. 5. 4,yakkyoku
薬局,35,0144098,菊川薬局,下関市菊川町大字下岡枝３７４－７,083-287-2515,株式会社Ｎ・Ｒ　代表取締役　倉橋　克也,飯田　勇輝,,,令2. 7. 1,yakkyoku
薬局,35,0144106,サンドラッグ下関綾羅木薬局,下関市綾羅木新町３丁目２－１,083-227-2780,株式会社サンドラッグ　代表取締役　貞方　宏司,西本　毬矢,,,令2. 12. 1,yakkyoku
薬局,35,0144114,ハナミズキ薬局小月店,下関市小月駅前１丁目６－２８,083-282-8500,株式会社エムズメディシン　代表取締役　向本　勝彦,向本　勝彦,,,令3. 6. 1,yakkyoku
薬局,35,0144130,愛・感動・ＮＥＸＴ薬局,下関市後田町１丁目１番２号,083-242-4189,有限会社ひまわり薬局　代表取締役　橋本　栄幸,橋本　栄幸,,,令3. 12. 1,yakkyoku
薬局,35,0144148,アイテル薬局新椋野店,下関市三河町１５番４３号,083-242-1472,ザイタック株式会社　代表取締役　平尾　真,中西　大輔,,,令3. 12. 1,yakkyoku
薬局,35,0144155,サンキュードラッグ新下関薬局,下関市形山みどり町１５番１６号,083-250-9739,株式会社サンキュードラッグ　代表取締役　平野　健二,吉田　和矢,,,令4. 4. 1,yakkyoku
薬局,35,0144163,稗田みらい薬局,下関市稗田町７－１イーストビル１０２号,083-227-2290,株式会社ミルキーマリーンホールディングス　代表取締役　松山　喜範,人見　幸子,,,令4. 5. 1,yakkyoku
薬局,35,0144171,大信薬局　竹崎店,下関市竹崎町１丁目１４－２５,083-232-0680,株式会社グッドフェローズ　代表取締役　吉村　企右,古賀　寛人,,,令4. 9. 1,yakkyoku
薬局,35,0144189,なないろ薬局,下関市伊倉新町１丁目５－４３,083-227-2561,株式会社ミルキーマリーンホールディングス　代表取締役　松山　喜範,新道　梓,,,令4. 10. 1,yakkyoku
薬局,35,0144197,きふね薬局,下関市貴船町２丁目３番１９号,083-250-5386,有限会社　タケヒロ　代表取締役　平田　武康,烏山　美貴,,,令4. 11. 1,yakkyoku
薬局,35,0144205,有限会社藤井薬局中土居支店,下関市長府中土居北町４－６,083-246-3481,有限会社藤井薬局　代表取締役　藤井　隆一,藤井　邦子,,,令5. 2. 23,yakkyoku
薬局,35,0144213,たくら薬局,下関市田倉７６７,083-257-6190,株式会社クレイン　代表取締役　鶴田　哲也,木下　恵美子,,,令5. 11. 1,yakkyoku
薬局,35,0144221,まさむね薬局,下関市綾羅木本町２丁目３番１１号,083-249-5997,株式会社ライジング　代表取締役　稲村　拓郎,山田　洋平,,,令5. 10. 1,yakkyoku
薬局,35,0144239,川棚薬局,下関市豊浦町川棚７２８７－１,083-772-4647,株式会社Ｎ・Ｒ　代表取締役　倉橋　克也,岩﨑　努,,,令5. 10. 1,yakkyoku
薬局,35,0144247,うしろだ薬局,下関市後田町２丁目１番４３号,083-228-0197,株式会社ミルキーマリーンホールディングス　代表取締役　松山　喜範,河井　臣吾,,,令5. 11. 1,yakkyoku
薬局,35,0144254,いちのみや薬局新下関店,下関市石原１２７コスパ新下関クリニックビル１階,083-249-6110,株式会社いちのみや熊野薬局　代表取締役　宮崎　正信,安藤　友美,,,令6. 4. 1,yakkyoku
薬局,35,0144262,はまゆう薬局,下関市本町一丁目１番１８号,083-228-1105,フラワーブロスＴＭＳ株式会社　　代表取締役　青木　淳一,林　宏次郎,,,令6. 3. 1,yakkyoku
薬局,35,0144270,なでしこ薬局,下関市菊川町大字田部字森１２０２番３,083-287-0051,フラワーブロスＴＭＳ株式会社　代表取締役　青木　淳一,大宮　宏一,,,令6. 3. 1,yakkyoku
薬局,35,0144288,城下町つばき薬局,下関市長府南之町３番３４号,083-241-2340,フラワーブロスＴＭＳ株式会社　代表取締役　青木　淳一,村田　淳一,,,令6. 3. 1,yakkyoku
薬局,35,0144296,れんげ薬局,下関市大字蒲生野字宮の脇６３１番１,083-259-8100,フラワーブロスＴＭＳ株式会社　代表取締役　青木　淳一,野口　貴史,,,令6. 3. 1,yakkyoku
薬局,35,0144304,サルビア薬局,下関市豊浦町大字吉永字無田１７３３番５,083-772-0300,フラワーブロスＴＭＳ株式会社　代表取締役　青木　淳一,森田　裕介,,,令6. 3. 1,yakkyoku
薬局,35,0144320,クローバー薬局　下関店,下関市富任町１－６－１１,083-250-5277,株式会社　クローバー春日薬局　代表取締役　宮井　俊介,中村　直将,,,令7. 8. 1,yakkyoku
薬局,35,0144338,あじさい薬局　やすらガーデン前店,下関市富任町５丁目３番３７号,083-250-7167,スリーエフ株式会社　代表取締役　三好　力,佐藤　泰子,,,令7. 11. 1,yakkyoku
薬局,35,0144346,まちかど薬局,下関市新垢田南町１丁目１３－２０,083-249-6233,株式会社　Ｒｉｔａ－Ｈｅａｒｔ　代表取締役　中村　光宏,中村　光宏,,,令7. 11. 1,yakkyoku
薬局,35,0144361,木屋川薬局,下関市豊田町大字中村５番地,083-766-0141,株式会社　エス・エム・シー　代表取締役　金子　周行,久保　卓雄,,,令7. 9. 1,yakkyoku
薬局,35,0144379,豊浦薬剤師会支援センター薬局,下関市豊浦町大字小串１０００８番地１７５,083-772-4590,坂井　夕介,坂井　夕介,,,令7. 11. 1,yakkyoku
薬局,35,0144387,ハナミズキ薬局　唐戸店,下関市幸町６番２７号,083-233-2619,株式会社エムズメディシン　代表取締役　向本　勝彦,楫　大輝,,,令7. 11. 1,yakkyoku
薬局,35,0144395,海響薬局,下関市貴船町二丁目１番１８号,083-227-2888,株式会社Ｎ・Ｒ　代表取締役　倉橋　克也,植田　滉斗,,,令8. 5. 1,yakkyoku
薬局,35,0144403,アイテル薬局　山の田店,下関市山の田本町６番４号,083-252-3434,株式会社医ＳＩＮ　代表取締役　平尾　真,鬼村　昌宏,,,令8. 3. 1,yakkyoku
薬局,35,0240540,朋和会薬局,宇部市南小串１丁目１番２号,0836-22-2902,一般財団法人朋和会　理事長　米山　哲朗,石部　直久,,,平13. 11. 19,yakkyoku
薬局,35,0240797,若松薬局,宇部市若松町４番１７号,0836-34-2141,有限会社若松薬局　代表取締役　今橋　達也,石井　芳江,,,昭53. 10. 1,yakkyoku
薬局,35,0240896,有限会社琴芝薬局,宇部市琴芝町１丁目２番５０号,0836-31-7895,有限会社琴芝薬局　代表取締役社長　末永　知子,末永　知子,,,昭55. 2. 1,yakkyoku
薬局,35,0240961,西本薬局,宇部市床波２丁目３番２８号,0836-51-0942,西本薬局グループ株式会社　代表取締役　西本　崇哲,山下　和仁,,,昭56. 7. 1,yakkyoku
薬局,35,0240979,有限会社西岐波薬局,宇部市今村北４丁目２６番１２号,0836-51-0217,有限会社西岐波薬局　代表取締役　西本　哲明,杉浦　祐仁,,,昭56. 9. 1,yakkyoku
薬局,35,0241035,回生堂薬局,宇部市南小串２丁目３番５号,0836-21-1394,株式会社伊藤回生堂　代表取締役　清水　美千子,清水　忠司,,,平8. 4. 29,yakkyoku
薬局,35,0241043,緑橋薬局,宇部市常盤町１丁目１番５号,0836-31-8143,株式会社コスモファーマシー　代表取締役　高橋　徹,藤本　晴江,,,昭57. 5. 1,yakkyoku
薬局,35,0241126,西田薬局,宇部市大字東岐波１１００,0836-58-3455,西田　美保子,西田　美保子,,,昭60. 2. 1,yakkyoku
薬局,35,0241183,きわなみ薬局,宇部市厚南中央二丁目２番７号,0836-41-9300,有限会社きわなみ薬局　取締役社長　塩屋　正秀,塩屋　正秀,,,昭63. 4. 1,yakkyoku
薬局,35,0241332,エビス薬局,宇部市島３丁目１０番２３号,0836-33-5914,有限会社宇部調剤専門薬局　取締役　石井　大吾,石井　美恵,,,平2. 12. 1,yakkyoku
薬局,35,0241340,有限会社ドレミ薬局,宇部市恩田町２丁目２３番２０号,0836-35-4109,有限会社ドレミ薬局　代表取締役　山根　俊宏,山根　亜矢子,,,平3. 2. 1,yakkyoku
薬局,35,0241365,ひらき薬局,宇部市開１丁目３番２号,0836-31-1153,有限会社サン・ドラッグ　代表取締役　山本　裕樹,山本　裕樹,,,平9. 9. 24,yakkyoku
薬局,35,0241456,宇部共同薬局,宇部市大字西岐波字東大道１９２２－３,0836-51-7567,一般社団法人宇部薬剤師会　会長　田坂　照彦,野口　英彦,,,平5. 10. 1,yakkyoku
薬局,35,0241506,グリーン薬局,宇部市開６丁目１１番６ー１号,0836-21-8246,有限会社グリーン薬局　代表取締役　山根　知枝,藤田　慶子,,,平7. 3. 1,yakkyoku
薬局,35,0241514,フジモト薬局中野店,宇部市大字東須恵７５１の２０,0836-43-1791,有限会社フジモト薬局　代表取締役　藤本　正夫,藤本　祐輔,,,平7. 5. 1,yakkyoku
薬局,35,0241571,株式会社壱番薬局,宇部市昭和町４丁目９番４号,0836-32-9140,株式会社壱番薬局　代表取締役　田村　知之,田村　知之,,,平7. 11. 1,yakkyoku
薬局,35,0241621,すみれ薬局北琴芝店,宇部市北琴芝２丁目１２番１１号,0836-33-1115,有限会社エム・ツー企画　代表取締役　井上　順介,井上　順介,,,平8. 9. 1,yakkyoku
薬局,35,0241670,小川薬局小羽山店,宇部市北小羽山町２丁目６番３号,0836-35-0136,有限会社小川薬局　代表取締役　山根　康幸,三浦　知恵子,,,平9. 5. 1,yakkyoku
薬局,35,0241688,そうごう薬局宇部店,宇部市西小串五丁目６番１９号,0836-22-6160,総合メディカル株式会社　代表取締役　多田　荘一郎,柏田　啓江,,,平9. 5. 1,yakkyoku
薬局,35,0241720,佐村松山町薬局,宇部市松山町４丁目８番３号,0836-34-2322,有限会社佐村薬局　代表取締役　平田　和幸,髙玉　奈央,,,平9. 10. 1,yakkyoku
薬局,35,0241845,ひのき薬局,宇部市大字西岐波４７３９の２４,0836-51-8465,有限会社ひのき薬局　代表取締役　山下　貴弘,山下　貴弘,,,平11. 9. 1,yakkyoku
薬局,35,0241886,東岐波薬局,宇部市大字東岐波１３１１の３,0836-58-1383,有限会社ビリオン　代表取締役　夏山　元太,夏山　元太,,,平12. 8. 14,yakkyoku
薬局,35,0241928,フジモト薬局西岐波店,宇部市大字西岐波１５５０の１０,0836-54-0446,有限会社フジモト薬局　代表取締役　藤本　正夫,藤本　大輔,,,平12. 10. 1,yakkyoku
薬局,35,0241936,宇部休日夜間薬局,宇部市琴芝町２丁目１番３４号,0836-36-8931,一般社団法人宇部薬剤師会　会長　田坂　照彦,田坂　照彦,,,平13. 4. 1,yakkyoku
薬局,35,0241951,おおしま相談薬局,宇部市南小羽山町１丁目９番１８号,0836-22-1141,南口　夕起子,呉　漢相,,,平13. 10. 1,yakkyoku
薬局,35,0241985,はなぞの薬局,宇部市大字東岐波１０５２の２,0836-59-2347,有限会社　文栄　代表取締役　夏山　文太,夏山　文太,,,平15. 9. 1,yakkyoku
薬局,35,0242025,きわ薬局,宇部市大字東岐波６３８の６,0836-59-0611,西本薬局グループ株式会社　代表取締役　西本　崇哲,植松　俊成,,,平15. 11. 1,yakkyoku
薬局,35,0242033,厚南薬局,宇部市大字妻崎開作１１０の１,0836-45-3573,株式会社ライジング　代表取締役　稲村　拓郎,頓宮　嘉浩,,,平16. 5. 1,yakkyoku
薬局,35,0242066,光栄薬局,宇部市大字西岐波１９２７の１,0836-54-0868,有限会社　光栄　代表取締役　夏山　文太,関　珠希,,,平16. 11. 1,yakkyoku
薬局,35,0242124,なべくら薬局,宇部市鍋倉町６番４３号,0836-22-3442,有限会社なべくら薬局　代表取締役　翁林　義雄,翁林　義雄,,,平18. 6. 1,yakkyoku
薬局,35,0242157,さくら薬局,宇部市島２丁目４番１２－１０１号,0836-37-6500,エイエムファーマ株式会社　代表取締役　安渡　雅記,勝田　千香子,,,平18. 10. 1,yakkyoku
薬局,35,0242165,そうごう薬局宇部新川店,宇部市上町１丁目４番２８号　金藤ビル１Ｆ,0836-35-5631,総合メディカル株式会社　代表取締役　多田　荘一郎,﨑須賀　統,,,平18. 11. 1,yakkyoku
薬局,35,0242223,グローバル薬局,宇部市大字妻崎開作５０２の２,0836-45-0088,株式会社ブルーム　代表取締役　青木　淳一,宮崎　寛子,,,平20. 4. 1,yakkyoku
薬局,35,0242231,ハート薬局,宇部市大字東岐波５４６７の１,0836-39-1068,西本薬局グループ株式会社　代表取締役　西本　崇哲,岸田　壮右,,,平20. 9. 1,yakkyoku
薬局,35,0242249,かめうら薬局,宇部市亀浦１丁目２番１９号,0836-37-2580,株式会社ナインワン　代表取締役　永見　正治,永見　正治,,,平20. 8. 1,yakkyoku
薬局,35,0242256,フォルテ薬局,宇部市神原町１丁目４番７号,0836-39-5007,有限会社ドレミ薬局　代表取締役　山根　俊宏,山根　崇義,,,平21. 4. 1,yakkyoku
薬局,35,0242322,アロマ薬局　黒石店,宇部市東須恵１９７６の１,0836-39-6380,有限会社エム・ツー企画　代表取締役　井上　順介,藤川　英樹,,,平22. 5. 1,yakkyoku
薬局,35,0242330,恩田薬局,宇部市恩田町２丁目４２０２の７,0836-39-6700,株式会社プロッグ　代表取締役　大山　治,賀来　理恵,,,平22. 5. 1,yakkyoku
薬局,35,0242348,ハミング薬局,宇部市北琴芝２丁目３番５号,0836-21-4852,有限会社ハミング薬局　代表取締役　吉岡　純子,吉岡　純子,,,平22. 7. 20,yakkyoku
薬局,35,0242355,こころ薬局,宇部市寿町３丁目２番２５号,0836-37-0033,有限会社ビオス　代表取締役　西藤　和子,伊藤　理子,,,平22. 8. 1,yakkyoku
薬局,35,0242363,トモエ薬局,宇部市常盤町１丁目４番２号,0836-22-1120,有限会社トモエ薬局　代表取締役　山根　知枝,山根　知枝,,,平23. 5. 1,yakkyoku
薬局,35,0242371,長原薬局,宇部市東岐波５６８８の１,0836-39-7500,有限会社アール・エム　代表取締役　三輪　裕輔,松崎　孝博,,,平23. 9. 1,yakkyoku
薬局,35,0242421,ぐうです薬局,宇部市西岐波３２３,0836-51-2220,株式会社　ライジング　代表取締役　稲村　拓郎,神戸　大輔,,,平24. 10. 1,yakkyoku
薬局,35,0242439,サン薬局,宇部市今村北５－１２－１,0836-54-4570,株式会社　ライジング　代表取締役　稲村　拓郎,田中　佳菜子,,,平24. 9. 1,yakkyoku
薬局,35,0242447,みらい薬局,宇部市東小串２丁目１－３,0836-39-9963,株式会社コスモファーマシー　代表取締役　高橋　徹,根本　憲,,,平25. 3. 1,yakkyoku
薬局,35,0242454,よつば薬局,宇部市東梶返３丁目９－２０,0836-39-6575,有限会社ビリオン　代表取締役　夏山　元太,安部　優子,,,平25. 3. 1,yakkyoku
薬局,35,0242462,三好薬局宇部店,宇部市松山町二丁目６番３１号,0836-43-9358,株式会社　メディカルフェイス　代表取締役　三好　一代,岡本　恵,,,平25. 5. 1,yakkyoku
薬局,35,0242512,小串薬局,宇部市東小串一丁目１番６４号,0836-43-9792,株式会社マリンファーマシー　代表取締役　迫田　智浩,迫田　智浩,,,平25. 9. 1,yakkyoku
薬局,35,0242520,みき薬局宇部店,宇部市沖ノ旦字汐前６８４－７,0836-43-6340,有限会社　参輪　代表取締役社長　鶴田　新,水野　史子,,,平25. 11. 1,yakkyoku
薬局,35,0242546,ニック調剤薬局宇部店,宇部市小串９１－８７,0836-39-9255,株式会社ニック　代表取締役　吉川　正男,瀬山　香,,,平26. 4. 1,yakkyoku
薬局,35,0242561,ときわ公園前薬局,宇部市則貞５丁目５番８号,0836-33-2662,株式会社　ＡＫＴＭ　代表取締役　秋冨　浩昌,秋冨　殉子,,,平26. 9. 1,yakkyoku
薬局,35,0242579,ゆずり葉薬局,宇部市厚南中央二丁目１番１０号,0836-43-7350,株式会社プロッグ　代表取締役　大山　治,髙松　英治,,,平26. 9. 1,yakkyoku
薬局,35,0242587,つばさ薬局,宇部市浜町２丁目１１－１４,0836-37-2830,ＫＳメディカル株式会社　代表取締役　末冨　裕美子,末冨　裕美子,,,平26. 11. 4,yakkyoku
薬局,35,0242595,はら薬局寿町店,宇部市寿町１丁目３番３１号,0836-22-7587,有限会社はら薬局　代表取締役　原　洋司,原　洋司,,,平27. 1. 1,yakkyoku
薬局,35,0242603,中央東薬局,宇部市松山町３丁目１１番１５号,0836-34-4508,藤田　幸子,藤田　敬介,,,平27. 8. 27,yakkyoku
薬局,35,0242611,友薬局,宇部市大字東須恵１９６３番地,0836-43-6775,有限会社ビオス　代表取締役　西藤　和子,河口　なみ,,,平27. 11. 1,yakkyoku
薬局,35,0242629,岩本薬局,宇部市大字船木２３１－１,0836-67-0013,岩本　幸江,岩本　幸江,,,平28. 3. 1,yakkyoku
薬局,35,0242637,寿薬局,宇部市寿町１丁目３番２２号,0836-21-7021,有限会社寿薬局　取締役　山根　幸彦,藤田　依里,,,平28. 4. 1,yakkyoku
薬局,35,0242645,あゆみ薬局,宇部市西小串二丁目６番１０号,0836-43-7123,有限会社みやじま薬局　代表取締役　宮嶋　直嘉,宮嶋　直嘉,,,平28. 9. 1,yakkyoku
薬局,35,0242652,しんせい薬局,宇部市今村南一丁目１－２３,0836-38-8866,株式会社ライズフィット　代表取締役　藤永　浩司,渋谷　英治,,,平29. 4. 1,yakkyoku
薬局,35,0242660,あおば薬局,宇部市五十目山町１５番２号,0836-35-5571,一般社団法人やまぐち保健企画　代表理事　奥村　秀樹,高山　直子,,,平29. 4. 1,yakkyoku
薬局,35,0242678,上宇部あおば薬局,宇部市海南町２番２１号,0836-36-7005,一般社団法人やまぐち保健企画　代表理事　奥村　秀樹,安田　英理子,,,平29. 4. 1,yakkyoku
薬局,35,0242686,くすのき薬局,宇部市大字船木字行光６８２番地の１,0836-69-0120,株式会社ウィーズ　代表取締役　田　達也,田村　洋,,,平29. 6. 1,yakkyoku
薬局,35,0242702,レインボー薬局,宇部市恩田町二丁目９番４８号,0836-22-5880,有限会社友信　代表取締役　山本　裕,山本　裕,,,平30. 1. 1,yakkyoku
薬局,35,0242728,ウォンツ宇部琴芝薬局,宇部市北琴芝二丁目１１－４５,0836-37-1507,株式会社ツルハグループドラッグ＆ファーマシー西日本　代表取締役　村上　正一,木村　亮太,,,平30. 12. 1,yakkyoku
薬局,35,0242736,寿薬局厚南店,宇部市厚南中央一丁目２番６５号,0836-39-5150,有限会社寿薬局　代表取締役　山根　幸彦,古田　正史,,,令元. 6. 1,yakkyoku
薬局,35,0242744,しまの和薬局,宇部市島３－８－１４,0836-32-6250,有限会社佐村薬局　代表取締役　平田　和幸,平田　和幸,,,令元. 7. 1,yakkyoku
薬局,35,0242769,ペリカンこころ薬局,宇部市西小串六丁目５番５２号,0836-39-8330,株式会社イーグレット　代表取締役　飯田　好昭,五十嵐　翔太,,,令2. 4. 1,yakkyoku
薬局,35,0242777,五葉つつじ薬局,宇部市北琴芝２丁目３－１,0836-36-7007,株式会社プロッグ　代表取締役　大山　治,篠﨑　寛一,,,令2. 4. 1,yakkyoku
薬局,35,0242785,あい薬局,宇部市寿町一丁目３番１８号,0836-32-6787,株式会社伊藤回生堂　代表取締役　清水　美千子,清水　美千子,,,令2. 3. 1,yakkyoku
薬局,35,0242801,おきのだん薬局,宇部市大字沖ノ旦７９０－１,0836-39-8991,株式会社Ｎ・Ｒ　代表取締役　倉橋　克也,福冨　将吾,,,令2. 7. 1,yakkyoku
薬局,35,0242819,ニック薬局,宇部市大字西岐波２７５９番６,0836-54-0371,有限会社タケヒロ　代表取締役　平田　武康,木本　和美,,,令2. 12. 1,yakkyoku
薬局,35,0242835,こねこ薬局,宇部市上町１丁目６番１８号,0836-39-8670,エイエムファーマ株式会社　代表取締役　安渡　雅記,杉村　直紀,,,令3. 10. 1,yakkyoku
薬局,35,0242843,スカイ薬局,宇部市南小羽山町二丁目１９番１４号,0836-38-7100,エイエムファーマ株式会社　代表取締役　安渡　雅記,西岡　力也,,,令3. 10. 1,yakkyoku
薬局,35,0242850,宮野薬局,宇部市文京町１０番４０号,0836-21-2838,太田　和子,太田　和子,,,令4. 3. 1,yakkyoku
薬局,35,0242868,ひなた薬局,宇部市草江二丁目１番４４号,0836-39-5577,有限会社みやじま薬局　代表取締役　宮嶋　直嘉,宮嶋　祥吾,,,令5. 5. 1,yakkyoku
薬局,35,0242876,ウォンツ宇部鍋倉薬局,宇部市鍋倉町６番５２号,0836-36-7267,株式会社ツルハグループドラッグ＆ファーマシー西日本　代表取締役社長　村上　正一,松森　拓也,,,令5. 7. 1,yakkyoku
薬局,35,0242884,オーランド薬局,宇部市東小羽山町４丁目１－５,0836-37-5101,株式会社　Ｏ－ＬＡＮＤ　代表取締役　南口　夕起子,南口　夕起子,,,令5. 7. 1,yakkyoku
薬局,35,0242892,マリン薬局,宇部市西本町２丁目１３－２５,0836-39-8314,株式会社ブルーホエール　代表取締役　河原大,河原　大,,,令5. 9. 1,yakkyoku
薬局,35,0242918,オオタ薬局丸尾店,宇部市東岐波４３２７番地３９,0836-52-8722,有限会社オオタ薬局　代表取締役　大田　真一,渡邉　圭佑,,,令5. 10. 1,yakkyoku
薬局,35,0242926,たにだ薬局中尾店,宇部市中尾１－７－１３,,谷田　繁夫,谷田　繁夫,,,令6. 1. 1,yakkyoku
薬局,35,0242934,錦町薬局,宇部市錦町１０－１１,0836-52-8948,株式会社　レナール　代表取締役　南園　宗映,南園　宗映,,,令6. 1. 1,yakkyoku
薬局,35,0242942,あんず薬局,宇部市東藤曲二丁目５番１３号,0836-32-0132,フラワーブロスＴＭＳ株式会社　代表取締役　青木　淳一,箕田　晃,,,令6. 3. 1,yakkyoku
薬局,35,0242959,コスモス薬局,宇部市大字中野開作６８番７,0836-44-0709,フラワーブロスＴＭＳ株式会社　代表取締役　青木　淳一,阿部　陽子,,,令6. 3. 1,yakkyoku
薬局,35,0242967,アイリス薬局,宇部市大字東岐波字木船２１２９番地２０,0836-59-0111,フラワーブロスＴＭＳ株式会社　代表取締役　青木　淳一,南場　真智子,,,令6. 3. 1,yakkyoku
薬局,35,0242975,オリーブ薬局,宇部市大字東岐波５６０７番地の２,0836-59-2670,フラワーブロスＴＭＳ株式会社　代表取締役　青木　淳一,桐畑　和枝,,,令6. 3. 1,yakkyoku
薬局,35,0242983,かりん薬局,宇部市東梶返三丁目１７番２４号,0836-37-0888,フラワーブロスＴＭＳ株式会社　代表取締役　青木　淳一,藤本　美穂,,,令6. 3. 1,yakkyoku
薬局,35,0242991,マリン薬局上宇部店,宇部市山門４丁目１－２４,0836-29-4323,株式会社ブルーホエール　代表取締役　河原　大,戸部田　奈津子,,,令6. 6. 1,yakkyoku
薬局,35,0243007,たんぽぽ薬局,宇部市川添一丁目１番１３号,0836-39-6600,フラワーブロスＴＭＳ株式会社　代表取締役　青木　淳一,朝原　愛,,,令7. 1. 1,yakkyoku
薬局,35,0243015,フェリース薬局宇部店,宇部市松山町１－８－６　佐々木ビル１Ｆ,0836-38-8488,株式会社　Ｆ．フェリース　代表取締役　藤木　秀行,尾山　早紀,,,令7. 1. 3,yakkyoku
薬局,35,0243023,ウォンツ宇部沼１丁目薬局,宇部市沼一丁目８－３９,0836-38-7407,株式会社ツルハグループドラッグ＆ファーマシー西日本　代表取締役社長　村上　正一,田中　梨紗,,,令7. 4. 30,yakkyoku
薬局,35,0243056,のはら薬局,宇部市野原１丁目５番１号,0836-37-3731,株式会社ストレチア　代表取締役　山根　弘,岡　順子,,,令7. 10. 1,yakkyoku
薬局,35,0243064,琴音薬局,宇部市琴芝町一丁目４番１０号,0836-39-0002,株式会社Ｎ・Ｒ　代表取締役　倉橋　克也,宮崎　悠輔,,,令8. 4. 1,yakkyoku
薬局,35,0243072,もみじ薬局恩田店,宇部市恩田町１丁目１－２３,0836-39-1670,株式会社ゆうしん　代表取締役　江種　俊文,富永　知広,,,令8. 5. 10,yakkyoku
薬局,35,0243080,みさき薬局,宇部市岬町一丁目７－６,0836-37-4537,株式会社ゴート　代表取締役　吉村　企右,山口　壽美子,,,令8. 3. 1,yakkyoku
薬局,35,0340068,有限会社遠藤中央薬局,山口市道場門前１丁目３番１０号,083-924-0090,有限会社遠藤中央薬局　代表取締役　遠藤　潤一,遠藤　潤一,,,昭32. 10. 31,yakkyoku
薬局,35,0340456,ヤマネ薬局,山口市平井８２２の７,083-923-0604,山根　康生,山根　康生,,,昭57. 6. 1,yakkyoku
薬局,35,0340472,有限会社三愛薬局,山口市鋳銭司５９６６の８,083-986-3180,有限会社三愛薬局　代表取締役　頃安　隆司,北村　剛嗣,,,平5. 1. 1,yakkyoku
薬局,35,0340514,有限会社光栄薬局,山口市大内矢田北五丁目１２番１５号,083-927-2217,有限会社光栄薬局　代表取締役　福田　真人,福田　真人,,,昭62. 11. 1,yakkyoku
薬局,35,0340589,ファイン薬局,山口市湯田温泉１丁目５番２６号,083-928-8476,有限会社調剤薬局ファイン　代表取締役　岡　幸夫,筒井　健一,,,平4. 7. 1,yakkyoku
薬局,35,0340605,みどり薬局,山口市吉敷中東３丁目１３番３号,083-920-2882,金岡　みどり,金岡　みどり,,,平5. 5. 1,yakkyoku
薬局,35,0340662,みほり薬局,山口市大内矢田北一丁目１９番１８号,083-927-7522,有限会社みほり薬局　代表取締役　金田　陽,金田　陽,,,平6. 1. 1,yakkyoku
薬局,35,0340670,シゲタ薬局,山口市金古曽町３の１,083-928-6621,アールエムファーマ株式会社　代表取締役　三吉　竜太,豊嶋　隆志,,,平6. 5. 1,yakkyoku
薬局,35,0340761,有限会社遠藤中央薬局湯田支店,山口市元町２番２１号,083-922-8948,有限会社遠藤中央薬局　代表取締役　遠藤　潤一,芝尾　紗綾香,,,平8. 11. 1,yakkyoku
薬局,35,0340779,山口市薬剤師会薬局,山口市八幡馬場１７の１,083-928-5654,一般社団法人　山口市薬剤師会　会長　遠藤　潤一,守田　玲子,,,平8. 11. 1,yakkyoku
薬局,35,0340829,おおそら薬局,山口市赤妻町３番７号,083-932-0405,有限会社おおそら薬局　取締役　久保　安州子,久保　安州子,,,平10. 2. 1,yakkyoku
薬局,35,0340852,オリーブ薬局,山口市泉町８番２１号,083-934-3700,有限会社スケア　代表取締役　山口　隆,田中　俊則,,,平10. 10. 1,yakkyoku
薬局,35,0340951,ゆりの木薬局矢原店,山口市幸町３番２２号,083-924-2238,有限会社加藤商店　代表取締役　加藤　裕子,加藤　裕子,,,平12. 9. 1,yakkyoku
薬局,35,0340977,みき薬局山口店,山口市桜畠２丁目６番６号,083-928-8900,有限会社参輪　代表取締役社長　鶴田　新,岩村　真美,,,平13. 9. 1,yakkyoku
薬局,35,0341017,有限会社クスノキ薬局,山口市白石２丁目６番５０号,083-920-2838,有限会社クスノキ薬局　代表取締役　大畑　教昭,大畑　教昭,,,平15. 2. 1,yakkyoku
薬局,35,0341058,亀本薬局,山口市石観音町４番２５号,083-925-6927,亀本　美佐子,亀本　美佐子,,,平16. 1. 1,yakkyoku
薬局,35,0341074,メイプル薬局,山口市泉町８番１７号,083-934-6680,有限会社　リカバリー　代表取締役　山根　篤夫,山根　篤夫,,,平16. 9. 1,yakkyoku
薬局,35,0341116,ひまわり薬局,山口市金古曽町３番７号,083-933-0662,有限会社メディカルバンク　代表取締役　柏木　悦徳,髙佐　涼子,,,平17. 5. 1,yakkyoku
薬局,35,0341124,トマト薬局,山口市道祖町６番１３号,083-924-6380,有限会社　エル　取締役　大谷　嘉嗣,木村　実穂,,,平17. 4. 1,yakkyoku
薬局,35,0341132,花咲薬局,山口市大内矢田北六丁目２０－３２,083-941-3641,株式会社　プロッグ　代表取締役　大山　治,小山田　和尚,,,平17. 11. 1,yakkyoku
薬局,35,0341199,三好薬局,山口市小郡津市３番２６号,083-972-7143,株式会社　メディカルフェイス　代表取締役　三好　一代,村田　都紀子,,,平18. 11. 1,yakkyoku
薬局,35,0341215,有限会社くすりのあまくさ薬局葵店,山口市葵１丁目４番７４号,083-924-5409,有限会社くすりのあまくさ　代表取締役　天艸　隆之,天艸　隆之,,,平19. 4. 1,yakkyoku
薬局,35,0341223,こころ薬局,山口市矢原町３１,083-921-5560,有限会社山口湯田大橋薬局　代表取締役　天艸　浩一,津田　典彦,,,平19. 6. 1,yakkyoku
薬局,35,0341249,オオタ薬局新町店,山口市小郡新町一丁目６番１０号,083-972-7478,有限会社オオタ薬局　代表取締役　大田　一則,大田　美江,,,平19. 9. 1,yakkyoku
薬局,35,0341637,仁成堂薬局　小郡店,山口市小郡船倉町１番８号,083-976-8400,有限会社　仁成堂　代表取締役　大谷　嘉嗣,田邊　直子,,,平22. 2. 1,yakkyoku
薬局,35,0341645,菜のはな薬局,山口市下小鯖１３３１の８,083-941-1020,有限会社若松薬局　代表取締役　今橋　達也,松垣　裕明,,,平22. 3. 1,yakkyoku
薬局,35,0341652,中領薬局,山口市小郡下郷３１９の７,083-976-5555,株式会社アット・グリーン・ファーマシー　代表取締役　山根　知枝,森田　雄太郎,,,平22. 4. 1,yakkyoku
薬局,35,0341660,ひなた薬局,山口市小郡明治１丁目１３番２３号,083-976-8777,有限会社あさ薬局　代表取締役　浅山　茂,浅山　茂,,,平22. 5. 1,yakkyoku
薬局,35,0341686,ソレイユ薬局,山口市黒川７７１の１３,083-941-6416,株式会社ライジング企画　代表取締役　稲村　拓郎,前田　祥汰,,,平22. 11. 1,yakkyoku
薬局,35,0341694,こころ薬局　道門店,山口市道場門前１丁目９番１８号,083-922-7401,有限会社山口湯田大橋薬局　代表取締役　天艸　浩一,植本　礼子,,,平23. 1. 1,yakkyoku
薬局,35,0341702,エスマイル薬局徳地店,山口市徳地堀１６２４－７,0835-53-0080,株式会社　エスマイル　代表取締役　大下　訓生,友田　泰宏,,,平23. 11. 1,yakkyoku
薬局,35,0341710,あいお薬局,山口市秋穂東６２７９番,083-984-0155,株式会社　ライジング企画　代表取締役　稲村　拓郎,木原　敦子,,,平24. 1. 1,yakkyoku
薬局,35,0341736,アイテル薬局嘉川店,山口市嘉川１３６１－５,083-989-2433,株式会社　医ＳＩＮ　代表取締役　平尾　真,柴川　慶哉,,,平24. 8. 1,yakkyoku
薬局,35,0341744,そうごう薬局　春日町店,山口市春日町２－１５,083-921-9771,総合メディカル株式会社　代表取締役　多田　荘一郎,藤井　英寿,,,平24. 12. 1,yakkyoku
薬局,35,0341751,こころ薬局　吉敷店,山口市吉敷中東３丁目２８８６－１,083-925-5556,有限会社山口湯田大橋薬局　代表取締役　天艸　浩一,大槙　恵子,,,平25. 3. 1,yakkyoku
薬局,35,0341769,新いちのみや大内薬局,山口市大内千坊四丁目１５番３０号,083-941-2882,株式会社いちのみや大内薬局　代表取締役　宮崎　正信,常信　理奈,,,平25. 3. 4,yakkyoku
薬局,35,0341777,蕗のとう薬局,山口市鰐石町１番１０号,083-902-5119,株式会社プロッグ　代表取締役　大山　治,金丸　祐子,,,平25. 4. 1,yakkyoku
薬局,35,0341785,三の宮薬局,山口市三の宮２－７－６,083-924-8535,株式会社Ｍ＆Ｓ　代表取締役　松岡　真紀,松岡　真紀,,,平26. 4. 1,yakkyoku
薬局,35,0341819,こころ薬局　三の宮店,山口市三の宮２丁目２１６０番７,083-929-3335,有限会社山口湯田大橋薬局　代表取締役　天艸　浩一,天艸　浩一,,,平26. 11. 1,yakkyoku
薬局,35,0341827,阿知須薬局,山口市阿知須４２３９番地４,0836-65-5454,阿知須薬局株式会社　代表取締役　西本　哲明,秋冨　秀典,,,平26. 11. 1,yakkyoku
薬局,35,0341835,イケダ薬局,山口市阿知須４７９０番地１０,0836-65-5433,有限会社イケダ薬局　代表取締役　池田　亮,池田　亮,,,平27. 2. 1,yakkyoku
薬局,35,0341843,中央薬局,山口市小郡中央通８番１０号,083-974-3420,株式会社メディカルフェイス　代表取締役　三好　一代,三好　弘大,,,平27. 4. 1,yakkyoku
薬局,35,0341850,フェリース薬局,山口市大内矢田北６丁目３番２６号,083-929-3987,株式会社Ｆ．フェリース　代表取締役　藤木　秀行,祢津　友樹,,,平27. 4. 1,yakkyoku
薬局,35,0341868,ウォンツ山口小郡薬局,山口市小郡下郷７９７－８,083-976-0211,株式会社ツルハグループドラッグ＆ファーマシー西日本　代表取締役　村上　正一,古田　典滉,,,平27. 4. 1,yakkyoku
薬局,35,0341892,山一薬局アルク山口店,山口市中央４－７－２０,083-995-2488,有限会社山一薬局　代表取締役　岡村　一弘,岡村　一弘,,,平28. 11. 1,yakkyoku
薬局,35,0341926,オオタ薬局山手店,山口市小郡下郷７４８番地１,083-974-1355,有限会社オオタ薬局　代表取締役　大田　真一,石井　和貴,,,平29. 4. 1,yakkyoku
薬局,35,0341934,仁成堂薬局　阿知須店,山口市阿知須４５１５－１０,0836-38-8280,有限会社仁成堂　代表取締役　大谷　嘉嗣,岡本　俊一,,,平29. 6. 1,yakkyoku
薬局,35,0341959,アイン薬局　山口湯田店,山口市泉都町９－１４,083-925-3332,株式会社アインファーマシーズ　代表取締役　淡路　英広,武良　知香,,,平29. 8. 1,yakkyoku
薬局,35,0341975,山根大健堂薬局,山口市秋穂東６７４６－１,083-984-4900,山根　一文,山根　一文,,,平30. 1. 1,yakkyoku
薬局,35,0341983,徳佐薬局,山口市阿東徳佐中３３８５番地の４,083-956-0066,株式会社ＮＴＹ　代表取締役　西本　裕二,西本　裕二,,,平30. 2. 1,yakkyoku
薬局,35,0341991,ほたる薬局,山口市下竪小路６５番１号,083-902-2505,有限会社ビオス　代表取締役　西藤　和子,平佐　千恵子,,,平30. 4. 1,yakkyoku
薬局,35,0342015,ウォンツ上山口薬局,山口市三の宮１丁目２－４７,083-933-1207,株式会社ツルハグループドラッグ＆ファーマシー西日本　代表取締役　村上　正一,中島　健太,,,平30. 11. 1,yakkyoku
薬局,35,0342023,三好薬局　大正町店,山口市小郡大正町２番２６号,083-902-6358,株式会社メディカルフェイス　代表取締役　三好　一代,松實　みどり,,,平31. 2. 1,yakkyoku
薬局,35,0342031,三浦薬局,山口市赤妻町３番３３－２号,083-902-5677,株式会社三浦薬局　代表取締役　三浦　哲也,三浦　哲也,,,平31. 4. 1,yakkyoku
薬局,35,0342049,だるま薬局　草花,山口市平井７６６－７,083-920-1338,大坪　皆江,大坪　皆江,,,令2. 3. 1,yakkyoku
薬局,35,0342064,イルカ薬局大内店,山口市大内中央２丁目５番１３号,083-941-1250,株式会社Ｋ＆Ａメディカル　代表取締役　池上　匡宏,池上　真紀,,,令2. 5. 20,yakkyoku
薬局,35,0342098,かなえ薬局,山口市小郡令和１丁目１番２号,083-902-2603,株式会社メディカルフェイス　代表取締役　三好　一代,池田　良子,,,令3. 4. 1,yakkyoku
薬局,35,0342114,ヤマネ薬局,山口市秋穂二島５９８９,083-987-2006,山根　カナエ,山根　カナエ,,,令3. 9. 1,yakkyoku
薬局,35,0342122,あい薬局山口店,山口市円政寺７７－５,083-902-5780,有限会社　参輪　代表取締役社長　鶴田　新,宮本　裕介,,,令3. 10. 1,yakkyoku
薬局,35,0342130,不動薬局御堀店,山口市大内御堀１丁目６－１,083-925-7442,株式会社クレイン　代表取締役　鶴田　哲也,内野　祥宏,,,令3. 10. 1,yakkyoku
薬局,35,0342148,ほのぼの薬局,山口市大内御堀六丁目２番３号,083-933-0022,アールエムファーマ株式会社　代表取締役　三吉　竜太,河村　芳江,,,令3. 10. 1,yakkyoku
薬局,35,0342155,メロディ薬局,山口市幸町３番４９－３号,083-921-8273,株式会社Ｎ・Ｒ　代表取締役　倉橋　克也,谷　正博,,,令3. 12. 1,yakkyoku
薬局,35,0342171,アイテル薬局　白石店,山口市中河原町２番１４号,083-902-5362,株式会社　医ＳＩＮ　代表取締役　平尾　真,宮﨑　東代,,,令4. 11. 1,yakkyoku
薬局,35,0342189,あじさい薬局,山口市吉田２２１０番地１,083-976-8850,アールエムファーマ株式会社　代表取締役　三吉　竜太,網本　翔吾,,,令4. 11. 1,yakkyoku
薬局,35,0342197,ペリカンみんなの薬局,山口市平井１４３９番１,083-934-1700,株式会社イーグレット　代表取締役　飯田　好昭,飯田　好昭,,,令4. 10. 1,yakkyoku
薬局,35,0342205,ペリカン維新公園薬局,山口市維新公園五丁目１番３６号,083-933-0711,株式会社イーグレット　代表取締役　飯田　好昭,坂口　亮介,,,令4. 10. 1,yakkyoku
薬局,35,0342221,あとも薬局,山口市矢原町７－１８,083-901-2220,株式会社アトモディカ　代表取締役　内田　一成,内田　一成,,,令6. 3. 1,yakkyoku
薬局,35,0342239,チューリップ薬局,山口市亀山町６番２,083-934-3125,フラワーブロスＴＭＳ株式会社　代表取締役　青木　淳一,末永　早希子,,,令6. 3. 1,yakkyoku
薬局,35,0342247,ハーブ薬局,山口市中央二丁目６番１９号１Ｆ,083-934-1222,フラワーブロスＴＭＳ株式会社　代表取締役　青木　淳一,藍原　竜夫,,,令6. 3. 1,yakkyoku
薬局,35,0342254,あかね薬局,山口市緑町３番２６号,083-921-7237,フラワーブロスＴＭＳ株式会社　代表取締役　青木　淳一,牛牧　久美,,,令6. 3. 1,yakkyoku
薬局,35,0342262,コスモ薬局,山口市泉都町１番３号,083-932-1115,フラワーブロスＴＭＳ株式会社　代表取締役　青木　淳一,金子　武揮,,,令6. 3. 1,yakkyoku
薬局,35,0342270,ききょう薬局,山口市小郡下郷２２２０番１,083-976-8801,フラワーブロスＴＭＳ株式会社　代表取締役　青木　淳一,谷川　保子,,,令6. 3. 1,yakkyoku
薬局,35,0342288,オオタ薬局嘉川店,山口市江崎２４７５番３,083-941-5892,有限会社オオタ薬局　代表取締役　大田　真一,播岡　孝啓,,,令6. 6. 1,yakkyoku
薬局,35,0342296,いちか薬局,山口市平井３００番地１（１０２号）,090-6845-6750,合同会社ホームケアいちか　代表社員　清水　一賢,清水　一賢,,,令6. 6. 27,yakkyoku
薬局,35,0342304,調剤薬局マツモトキヨシコープここといずみ店,山口市泉町９番２号,083-902-6326,株式会社マツモトキヨシ中四国販売　代表取締役　向田　知人,井亀　和哉,,,令6. 7. 1,yakkyoku
薬局,35,0342312,平井薬局,山口市平井２９８－６,083-976-4653,ザイタック株式会社　代表取締役　平尾　真,岡﨑　靖,,,令6. 6. 1,yakkyoku
薬局,35,0342320,サンセル薬局,山口市駅通り２丁目３番３号,083-923-7781,株式会社Ｎ・Ｒ　代表取締役　倉橋　克也,坂本　亘,,,令6. 7. 28,yakkyoku
薬局,35,0342338,じふく薬局,山口市阿東地福上１８５４番地,083-952-5080,株式会社ウィーズ　代表取締役　田　達也,中谷　充邦,,,令6. 9. 1,yakkyoku
薬局,35,0342346,あさひ薬局大内店,山口市大内千坊五丁目１－１,083-941-6680,株式会社ウィーズ　代表取締役　田　達也,太郎館　聖子,,,令6. 9. 1,yakkyoku
薬局,35,0342353,ふしの薬局,山口市黒川１０３１－４,083-929-3267,有限会社オフィスドラッグ　代表取締役　竹光　弘樹,岩本　尚美,,,令6. 11. 5,yakkyoku
薬局,35,0342361,オオタ薬局湯田店,山口市泉都町１番３０号,083-902-7717,有限会社オオタ薬局　代表取締役　大田　真一,流田　智恵子,,,令7. 5. 1,yakkyoku
薬局,35,0342403,いちのみや薬局山口店,山口市大内千坊四丁目１４番１２号,083-902-7730,有限会社新くわのやま薬局　代表取締役　宮崎　正信,松村　華菜子,,,令7. 7. 1,yakkyoku
薬局,35,0342411,いぶき薬局,山口市宮野下９３４番地１０,083-902-2822,株式会社Ｎ・Ｒ　代表取締役　倉橋　克也,田中　克宏,,,令7. 8. 1,yakkyoku
薬局,35,0342429,ひより薬局,山口市下市町１１番６号,083-921-0090,株式会社ファーストフロント　代表取締役　石田　佑介,石田　沙耶香,,,令8. 3. 1,yakkyoku
薬局,35,0342437,わかば薬局,山口市大内長野１５６９－１５,083-927-3860,株式会社　青葉堂　代表取締役　野村　卓三,原　泰子,,,令8. 4. 1,yakkyoku
薬局,35,0342445,クローバー薬局,山口市阿知須１１９８－７,0836-66-0017,株式会社　青葉堂　代表取締役　野村　卓三,新田　裕之,,,令8. 4. 1,yakkyoku
薬局,35,0342452,さくら薬局,山口市後河原４７－２,083-921-8900,株式会社　青葉堂　代表取締役　野村　卓三,西平　聡吾,,,令8. 4. 1,yakkyoku
薬局,35,0440249,青海薬局,萩市大字椿４０８２の４,0838-24-4755,有限会社さくらぎ薬局　取締役　櫻木　祥二,梅田　功二,,,平12. 4. 1,yakkyoku
薬局,35,0440256,有限会社柏木薬局,萩市大字東田町９６,0838-22-0056,有限会社柏木薬局　代表取締役　柏木　一宏,柏木　一宏,,,昭59. 6. 1,yakkyoku
薬局,35,0440298,さくらぎ薬局,萩市大字土原３５７の１,0838-26-1124,有限会社さくらぎ薬局　取締役　櫻木　祥二,築谷　秀雄,,,平3. 12. 9,yakkyoku
薬局,35,0440355,椿薬局,萩市大字椿東２９７２の９,0838-24-2233,有限会社椿薬局　寺戸　功,寺戸　功,,,平7. 9. 1,yakkyoku
薬局,35,0440363,有限会社あがり薬局,萩市大字土原２７２の１,0838-22-1152,有限会社あがり薬局　代表取締役　上利　康,上利　康,,,平8. 11. 1,yakkyoku
薬局,35,0440413,そうごう薬局萩店,萩市大字江向４１７の２,0838-24-3331,総合メディカル株式会社　代表取締役　多田　荘一郎,山本　栄美,,,平10. 5. 1,yakkyoku
薬局,35,0440454,有限会社オリーブ薬局,萩市大字堀内２３６,0838-24-4567,有限会社オリーブ薬局　代表取締役　中村　一貴,油屋　栄子,,,平11. 5. 1,yakkyoku
薬局,35,0440462,ささむら薬局,萩市大字東田町１８の４,0838-24-4747,有限会社ささむら薬局　代表取締役　笹村　一雄,笹村　一雄,,,平11. 11. 1,yakkyoku
薬局,35,0440488,東郷薬局東田町店,萩市大字東田町２２,0838-25-7765,有限会社東郷薬局　代表取締役　東郷　孝治,東郷　えり子,,,平12. 6. 1,yakkyoku
薬局,35,0440512,土原薬局,萩市大字土原３６９番２,0838-22-0709,有限会社　さくらぎ薬局　取締役　櫻木　祥二,杉野谷　武治,,,平13. 5. 1,yakkyoku
薬局,35,0440538,あおぞら薬局,萩市大字塩屋町８,0838-24-2070,有限会社　ささむら薬局　代表取締役　笹村　一雄,田邉　紀子,,,平14. 4. 1,yakkyoku
薬局,35,0440561,萩中央薬局,萩市大字江向４１９の３,0838-24-2277,有限会社　國近堂　代表取締役　國近　寛,國近　寛,,,平15. 1. 1,yakkyoku
薬局,35,0440579,長全堂薬局,萩市東田町１４の２,0838-25-1895,有限会社　長全堂　代表取締役　ムラオカ　イツロウ,ムラオカ　イツロウ,,,平16. 5. 1,yakkyoku
薬局,35,0440587,はしもとばし薬局,萩市橋本町６３の１,0838-25-2169,有限会社　窪井薬局　代表取締役　窪井　俊治,横尾　吏,,,平16. 8. 1,yakkyoku
薬局,35,0440603,有限会社　わかば調剤薬局,萩市大字椿字門田３４３５の３,0838-26-3032,有限会社　わかば調剤薬局　代表取締役　堀　容子,堀　容子,,,平17. 11. 1,yakkyoku
薬局,35,0440637,さくら薬局,萩市大井字唐ノ嶋　１７２３番１１,0838-28-5678,有限会社オリーブ薬局　代表取締役　中村　一貴,真田　恭佑,,,平25. 9. 1,yakkyoku
薬局,35,0440645,てんじん薬局,萩市大字椿字金谷２７８８－１０,0838-21-7611,有限会社さくらぎ薬局　取締役　櫻木　祥二,西山　里美,,,平25. 10. 1,yakkyoku
薬局,35,0440678,あおば薬局,萩市今古萩町４０番地１,0838-24-1555,有限会社直方メディカルサービス　代表取締役　水口　洋輝,清水　伴紀,,,平26. 11. 4,yakkyoku
薬局,35,0440686,さむろ薬局,萩市大字吉田町５１－１１,0838-25-7780,株式会社さむろ薬局　代表取締役　鈴木　基泰,鈴木　基泰,,,平29. 4. 1,yakkyoku
薬局,35,0440694,そよかぜ薬局,萩市東浜崎町９０番地,0838-21-0210,有限会社ささむら薬局　代表取締役　笹村　一雄,山下　昌寛,,,平29. 7. 1,yakkyoku
薬局,35,0440702,つばき薬局　江向店,萩市大字御許町１５２番地,0838-21-5551,有限会社椿薬局　代表取締役　寺戸　功,寺戸　有里,,,平31. 4. 1,yakkyoku
薬局,35,0440710,あすなろ薬局,萩市大字土原５６０番地４,0838-21-7010,有限会社　ささむら薬局　代表取締役　笹村　一雄,岡崎　郁子,,,令元. 7. 1,yakkyoku
薬局,35,0440728,椿東中央薬局,萩市椿東２８６３－１５,0838-21-5670,有限会社長門中央薬局　代表取締役　川上　英宏,堀　卓史,,,令2. 5. 1,yakkyoku
薬局,35,0440736,夏みかん薬局,萩市土原５４３－１８,083-821-5322,合同会社　フカダ　代表社員　中谷　友美,新本　幸司,,,令4. 4. 1,yakkyoku
薬局,35,0440744,ひかり薬局　萩駅前店,萩市大字椿３５３７番地９,0838-21-7430,株式会社ストレチア　代表取締役　山根　弘,安波　健二郎,,,令7. 10. 1,yakkyoku
薬局,35,0540295,石丸薬局,周南市若宮町２丁目７,0834-21-3655,株式会社石丸一正商店　代表取締役　石丸　愛子,石丸　典子,,,昭47. 6. 1,yakkyoku
薬局,35,0540436,飯島薬局,周南市飯島町１丁目５１の１,0834-31-8571,岡崎薬品株式会社　代表取締役　岡崎　不二夫,村田　裕子,,,昭52. 10. 22,yakkyoku
薬局,35,0540576,大内薬局,周南市大内町８番４号,0834-28-3208,有限会社周陽商事　取締役　梅﨑　由衣,山元　健司,,,平9. 9. 1,yakkyoku
薬局,35,0540782,代々木薬局,周南市栄町１丁目５番１号,0834-22-2040,代々木商事株式会社　代表取締役　木本　安信,原田　裕介,,,平元. 6. 1,yakkyoku
薬局,35,0540832,乗兼薬局,周南市岐南町１０番７号,0834-32-1615,岡崎薬品株式会社　代表取締役　岡崎　不二夫,下地　章慶,,,平7. 12. 18,yakkyoku
薬局,35,0540873,亀屋薬局,周南市新町２丁目１５,0834-21-0569,有限会社岸村　代表取締役　岸村　康伯,岸村　康伯,,,平2. 7. 17,yakkyoku
薬局,35,0540915,トマト薬局,周南市大内町１０番１０号,0834-28-5993,有限会社エム・エム企画　代表取締役　三嶋　裕樹,廣戸　知春,,,平2. 11. 1,yakkyoku
薬局,35,0540931,緑町薬局,周南市緑町３丁目３８,0834-22-5601,岡崎薬品株式会社　代表取締役　岡崎　不二夫,世良　範子,,,平3. 4. 1,yakkyoku
薬局,35,0540972,ミユキ薬局,周南市桜木３丁目９番３号,0834-28-9850,有限会社下松西柳薬局　代表取締役　木本　眞喜雄,藤井　保子,,,平3. 11. 1,yakkyoku
薬局,35,0541004,ひの木薬局,周南市若宮町１丁目４３番２号,0834-31-8558,有限会社　ケアリンク　代表取締役　岡田　好洋,温井　裕美,,,平8. 4. 1,yakkyoku
薬局,35,0541079,平成薬局,周南市孝田町７番１号,0834-29-2293,一般社団法人　徳山薬剤師会　会長　岡田　好洋,萩山　真奈美,,,平5. 5. 1,yakkyoku
薬局,35,0541129,アリス薬局,周南市桜馬場通２丁目８番地,0834-22-1923,有限会社オフィスドラッグ　代表取締役　竹光　弘樹,竹光　公佳,,,平5. 10. 1,yakkyoku
薬局,35,0541186,神女薬局,周南市久米東神女３２００－５,0834-26-2490,代々木商事株式会社　代表取締役　木本　安信,髙橋　祥浩,,,平6. 5. 1,yakkyoku
薬局,35,0541202,菊川薬局,周南市大字下上２０８７の１,0834-64-2038,有限会社オフィスドラッグ　代表取締役　竹光　弘樹,久村　芳美,,,平7. 7. 1,yakkyoku
薬局,35,0541228,小西薬局,周南市銀座１丁目７,0834-21-0641,小西　知都子,小西　知都子,,,平7. 11. 5,yakkyoku
薬局,35,0541301,くすりらんど栄町薬局,周南市栄町２丁目４０,0834-22-7488,有限会社ナカショー　代表取締役　中村　文昭,鍵山　幸生,,,平10. 4. 1,yakkyoku
薬局,35,0541350,さくら薬局,周南市川端町２丁目１の１,0834-22-0552,岡崎薬品株式会社　代表取締役　岡崎　不二夫,大川　貴士,,,平14. 8. 1,yakkyoku
薬局,35,0541368,わかば薬局,周南市栄町１丁目３５,0834-27-3301,代々木商事株式会社　代表取締役　木本　安信,津守　朋子,,,平14. 9. 1,yakkyoku
薬局,35,0640228,防府栄町薬局,防府市栄町２丁目２番４８号,0835-38-2340,株式会社防府調剤薬局　代表取締役　椎木　康之,宅野　純一朗,,,平13. 9. 1,yakkyoku
薬局,35,0640475,佐波薬局,防府市八王子１丁目２１番１２号,0835-24-2055,有限会社佐波調剤薬局　代表取締役　家本　亜希子,佐藤　洋平,,,昭56. 1. 1,yakkyoku
薬局,35,0640632,メディカルドラッグ　ピスティー店,防府市酢貝６番７号,0835-22-4502,有限会社ヘイワ薬局　代表取締役　越智　志穂,越智　志穂,,,平2. 12. 1,yakkyoku
薬局,35,0640665,新くわのやま薬局,防府市中央町９番４０号,0835-25-1810,有限会社新くわのやま薬局　代表取締役　宮崎　正信,前田　真吾,,,平14. 2. 1,yakkyoku
薬局,35,0640681,家本薬局,防府市大字田島１０３２,0835-26-3000,有限会社佐波調剤薬局　代表取締役　家本　亜希子,家本　亜希子,,,平11. 3. 20,yakkyoku
薬局,35,0640699,カワムラ薬局,防府市三田尻２丁目８番６号,0835-22-1319,有限会社カワムラ薬局　代表取締役　河村　泰輔,河村　泰輔,,,平5. 12. 1,yakkyoku
薬局,35,0640814,山内薬局,防府市天神２丁目５番５号,0835-22-0764,山内　秀昭,山内　秀昭,,,平8. 2. 1,yakkyoku
薬局,35,0640830,有限会社ふたば薬局,防府市岩畠１丁目２１番１６号,0835-22-8959,有限会社ふたば薬局　代表取締役　畔上　琢郎,畔上　琢郎,,,平9. 4. 1,yakkyoku
薬局,35,0640848,いちのみや薬局防府店,防府市華浦２丁目４番１８号,0835-26-0551,有限会社いちのみや薬局　代表取締役　宮崎　正信,荒瀨　峰春,,,平9. 5. 1,yakkyoku
薬局,35,0640855,多々良薬局,防府市多々良２丁目５番４６号,0835-26-1400,株式会社石丸一正商店　代表取締役　石丸　愛子,本田　千恵,,,平9. 7. 1,yakkyoku
薬局,35,0640913,天神薬局,防府市天神２丁目２番５号,0835-26-5140,株式会社石丸一正商店　代表取締役　石丸　愛子,濱本　理惠,,,平10. 10. 1,yakkyoku
薬局,35,0640970,まりふ薬局,防府市石が口１丁目１０番１４号,0835-25-0205,株式会社　ゆうしん　代表取締役　江種　俊文,渡邉　哲至,,,平12. 1. 1,yakkyoku
薬局,35,0640988,めばえ薬局,防府市三田尻１丁目１２番１３号,0835-27-5615,有限会社めばえ薬局　代表取締役　西山　浩司,中島　理恵,,,平12. 9. 1,yakkyoku
薬局,35,0640996,いちのみや薬局伊佐江店,防府市桑南２丁目１４番１６号,0835-27-5588,有限会社いちのみや薬局　代表取締役　宮崎　正信,吉本　衣梨花,,,平12. 10. 1,yakkyoku
薬局,35,0641002,コスモ薬局防府店,防府市鋳物師町１１番１２号,0835-26-5851,有限会社ゼロ　代表取締役　賀来　貞次,角杉　恵美,,,平13. 3. 1,yakkyoku
薬局,35,0641010,車塚薬局,防府市車塚町４番４号,0835-27-3350,有限会社薬局企画　代表取締役　尾上　和男,佐藤　圭二,,,平13. 4. 1,yakkyoku
薬局,35,0641051,フェアリー薬局,防府市今市町２２番３号,0835-20-2010,有限会社　フェアリーメディカ　代表取締役　中原　靖明,中原　圭一,,,平14. 3. 1,yakkyoku
薬局,35,0641101,いくも薬局戎町店,防府市戎町１丁目６番１１号,0835-24-5671,有限会社　いくも薬局　代表取締役　福田　淳子,深井　菜穂子,,,平15. 9. 1,yakkyoku
薬局,35,0641119,大崎薬局,防府市大字大崎３９１の９,0835-25-0651,一般財団法人　佐波共済会　理事長　横山　健二,山梨　純一,,,平15. 10. 1,yakkyoku
薬局,35,0641150,えびす薬局,防府市八王子１丁目７番４号,0835-26-5555,有限会社　恵比壽薬局　代表取締役　野口　晴雄,深田　良裕,,,平17. 3. 1,yakkyoku
薬局,35,0641168,ヨシワラ薬局,防府市大字新田７８３の３,0835-22-0597,吉原　正彦,吉原　正彦,,,平17. 10. 1,yakkyoku
薬局,35,0641176,寿町薬局,防府市寿町４番１７号,0835-26-5535,有限会社　三田尻薬局　取締役　松浦　紘明,松浦　紘明,,,平17. 11. 1,yakkyoku
薬局,35,0641184,そうごう薬局三田尻店,防府市お茶屋町１０番２号,0835-23-8111,総合メディカル株式会社　代表取締役　多田　荘一郎,鎌田　智美,,,平18. 7. 1,yakkyoku
薬局,35,0641192,いちのみや薬局植松店,防府市大字植松５５９の１,0835-27-0030,株式会社いちのみや薬局グループ　代表取締役　宮崎　正信,小橋　長任,,,平18. 10. 1,yakkyoku
薬局,35,0641218,三栄堂薬局,防府市石が口１丁目４番１７号,0835-25-8010,株式会社三栄堂　代表取締役　邑田　義幸,森重　,,,平19. 5. 1,yakkyoku
薬局,35,0641226,しんでん薬局,防府市大字新田５８２の８,0835-28-3788,株式会社メリッサ　代表取締役　原田　修,小方　悠司,,,平19. 5. 1,yakkyoku
薬局,35,0641234,石が口薬局,防府市石が口２丁目２番３７号,0835-26-6300,有限会社オフィスドラッグ　代表取締役　竹光　弘樹,永田　奈美,,,平19. 6. 1,yakkyoku
薬局,35,0641259,ムーン薬局高井店,防府市大字高井６９３の２,0835-26-1717,有限会社　エム・ツー企画　代表取締役　井上　順介,中島　綾野,,,平19. 12. 1,yakkyoku
薬局,35,0641267,めばえ薬局田島店,防府市田島１４９０の６,0835-28-7188,有限会社　めばえ薬局　代表取締役　西山　浩司,松井　都世子,,,平21. 5. 1,yakkyoku
薬局,35,0641309,ヘイワ薬局佐波店,防府市佐波１丁目３番９号,0835-24-8082,有限会社ヘイワ薬局　代表取締役　越智　志穂,森本　尊将,,,平22. 4. 1,yakkyoku
薬局,35,0641317,オーエス中関薬局,防府市田島５８７の６,0835-28-7481,株式会社オーエス　代表取締役　新井　勝,舟谷　博文,,,平22. 4. 1,yakkyoku
薬局,35,0641325,フタミ薬局駅南店,防府市駅南町２２５の３,0835-28-7876,株式会社フタミサプライ　代表取締役社長　玉野　真史,小方　康裕,,,平23. 4. 1,yakkyoku
薬局,35,0641333,会営国分寺薬局,防府市東松崎町４番２３号,0835-38-2707,一般社団法人　防府薬剤師会　会長　山内　裕之,吉岡　宏,,,平23. 9. 5,yakkyoku
薬局,35,0641341,フタミ薬局,防府市大崎４６０－１,0835-25-5570,株式会社フタミサプライ　代表取締役社長　玉野　真史,新本　一平,,,平24. 10. 1,yakkyoku
薬局,35,0641358,いくも薬局八王子店,防府市八王子２丁目１１－１９,0835-27-0088,有限会社　いくも薬局　代表取締役　福田　淳子,福田　祥子,,,平25. 3. 1,yakkyoku
薬局,35,0641366,いくも薬局天神店,防府市上天神町３－２０,0835-28-7474,有限会社いくも薬局　代表取締役　福田　淳子,福田　淳子,,,平26. 4. 1,yakkyoku
薬局,35,0641374,そうごう薬局　防府駅南町店,防府市駅南町８番３９号,0835-26-6661,総合メディカル株式会社　代表取締役　多田　荘一郎,大石　純也,,,平27. 3. 1,yakkyoku
薬局,35,0641382,フェリース薬局　松崎店,防府市南松崎町５番２４号,0835-28-8767,株式会社Ｆ．フェリース　代表取締役　藤木　秀行,中村　裕次,,,平27. 12. 1,yakkyoku
薬局,35,0641390,シジュウカラ薬局,防府市多々良一丁目８番３０号,0835-28-1880,山内　裕之,山内　裕之,,,平29. 6. 1,yakkyoku
薬局,35,0641408,くすのき薬局,防府市八王子一丁目２４番１８号,0835-28-7661,株式会社プロッグ　代表取締役　大山　治,伊藤　昌治,,,平30. 7. 1,yakkyoku
薬局,35,0641416,ヘイワ薬局防府南店,防府市三田尻一丁目２番７号,0835-23-3102,有限会社ヘイワ薬局　代表取締役　越智　志穂,渡　義彦,,,平30. 8. 4,yakkyoku
薬局,35,0641424,むれ薬局,防府市牟礼今宿１丁目５－３８,0835-28-9606,株式会社Ｎ・Ｄ　代表取締役　鈴木　明,真瀬　武史,,,令元. 5. 1,yakkyoku
薬局,35,0641432,エビス薬局,防府市大崎４５５－１,0835-25-8282,株式会社フタミサプライ　代表取締役社長　玉野　真史,玉野　聖子,,,令元. 9. 1,yakkyoku
薬局,35,0641440,緑町薬局,防府市緑町１丁目３－１９,0835-20-1856,大川　英明,大川　千織,,,令2. 3. 1,yakkyoku
薬局,35,0641457,ヘイワ薬局本店,防府市天神一丁目１０番２５号,0835-23-2659,有限会社ヘイワ薬局　代表取締役　越智　志穂,大川　二郎,,,令3. 1. 1,yakkyoku
薬局,35,0641465,椎木薬局,防府市大字西浦２０６８番地,0835-29-1107,椎木　康之,椎木　ひとみ,,,令4. 8. 29,yakkyoku
薬局,35,0641473,ウォンツ防府松崎薬局,防府市南松崎町４－２６,0835-28-8345,株式会社ツルハグループドラッグ＆ファーマシー西日本　代表取締役社長　村上正一,藤瀬　晟,,,令6. 5. 1,yakkyoku
薬局,35,0641481,シブヤ薬局,防府市八王子２丁目６－１５,0835-24-8585,株式会社石丸一正商店　代表取締役　石丸　愛子,尾上　志摩子,,,令6. 4. 1,yakkyoku
薬局,35,0641499,イオン薬局防府店,防府市中央町１－３,0835-24-5721,イオンリテール株式会社　代表取締役　古澤　康之,藤原　一宝,,,令6. 6. 28,yakkyoku
薬局,35,0641507,いちのみや薬局　新田店,防府市大字新田８１６,0835-28-3377,株式会社いちのみや大内薬局　代表取締役　宮崎　正信,行村　倫哉,,,令6. 10. 1,yakkyoku
薬局,35,0641515,田中薬局,防府市牟礼今宿二丁目４－３４,0835-38-2560,田中　万千代,田中　万千代,,,令6. 11. 7,yakkyoku
薬局,35,0740192,下松共同薬局,下松市生野屋南１丁目１３番２号,0833-45-5010,株式会社共同　代表取締役　三畑　典昭,吉本　剛,,,平12. 6. 1,yakkyoku
薬局,35,0740218,下松中央調剤薬局,下松市大手町２丁目８番１５号,0833-41-1885,有限会社中央調剤薬局　代表取締役　河田　悦夫,児玉　一郎,,,昭53. 4. 1,yakkyoku
薬局,35,0740291,北斗調剤薬局,下松市北斗町９番２３号,0833-41-4081,有限会社中央調剤薬局　代表取締役　河田　悦夫,河田　悦夫,,,昭58. 1. 1,yakkyoku
薬局,35,0740382,ファーマシーイシマル東陽店,下松市東陽４丁目２１番５号,0833-46-3521,株式会社石丸一正商店　代表取締役　石丸　愛子,杉山　靖雄,,,平4. 1. 1,yakkyoku
薬局,35,0740473,フタミ薬局下松店,下松市生野屋西１丁目５番２５号,0833-41-6622,株式会社フタミサプライ　代表取締役社長　玉野　真史,村　由香,,,平5. 4. 1,yakkyoku
薬局,35,0740564,そうごう薬局下松店,下松市中央町２１－３　ゆめタウン下松４階,0833-44-3467,総合メディカル株式会社　代表取締役　多田　荘一郎,太刀掛　真哉,,,平9. 5. 1,yakkyoku
薬局,35,0740572,石丸薬局末武店,下松市望町１丁目９番１１号,0833-45-1400,株式会社石丸一正商店　代表取締役　石丸　愛子,年光　久美,,,平10. 7. 1,yakkyoku
薬局,35,0740606,健栄薬局,下松市大手町２丁目５番１６号,0833-48-3010,有限会社　健栄　代表取締役　角田　勇太郎,末永　由佳,,,平14. 10. 1,yakkyoku
薬局,35,0740630,こいじ薬局,下松市大字河内１０５１の５,0833-47-2220,有限会社　ローズウィル　代表取締役　中原　美智子,中原　美智子,,,平16. 5. 1,yakkyoku
薬局,35,0740663,めぐみ薬局,下松市栄町３丁目４番２号,0833-44-1567,有限会社　めぐみ薬局　代表取締役　角田　勇太郎,大坪　順子,,,平17. 6. 1,yakkyoku
薬局,35,0740689,ミント薬局,下松市西柳３丁目１番１２号,0833-48-0091,株式会社　ライジング企画　代表取締役　稲村　拓郎,加藤　雅亘,,,平19. 10. 1,yakkyoku
薬局,35,0740697,有限会社みどり薬局,下松市望町４丁目１４番３８号,0833-48-2777,有限会社みどり薬局　代表取締役　淺上　順子,安部　瞳,,,平19. 12. 1,yakkyoku
薬局,35,0740705,ゆうき薬局,下松市青柳１丁目３番１号,0833-48-7103,合同会社ゆうきＶＩＳＩＯＮ　代表社員　宮下　英樹,黄　礼子,,,平20. 4. 1,yakkyoku
薬局,35,0740713,あおい薬局,下松市中市二丁目５番１０号,0833-48-6777,代々木商事株式会社　代表取締役　木本　安信,小野寺　志葉,,,平20. 9. 1,yakkyoku
薬局,35,0740747,そうごう薬局下松中央店,下松市古川町３丁目５番２号,0833-44-3831,総合メディカル株式会社　代表取締役　多田　荘一郎,金納　成哲,,,平21. 4. 1,yakkyoku
薬局,35,0740754,ところだ薬局,下松市西豊井７４０の１３,0833-48-8080,合同会社ゆうきＶＩＳＩＯＮ　代表社員　宮下　英樹,竹本　直子,,,平21. 4. 1,yakkyoku
薬局,35,0740762,星薬局,下松市大手町１丁目４番２２号,0833-41-7733,株式会社薬明館　代表取締役　矢部　薫子,藤井　一貴,,,平21. 10. 1,yakkyoku
薬局,35,0740796,美里薬局,下松市美里町４丁目１０番２７号,0833-48-8391,株式会社　薬明館　代表取締役　矢部　薫子,間　陽子,,,平23. 8. 1,yakkyoku
薬局,35,0740804,くるみ薬局,下松市せせらぎ町二丁目１番２４号,0833-48-8963,株式会社　エフォート　代表取締役　竹村　勝樹,竹村　勝樹,,,平24. 4. 1,yakkyoku
薬局,35,0740812,セブン薬局東町店,下松市末武上東町１２３８,0833-48-9477,株式会社セーフティ・ネット　代表取締役　春日　眞美,南　恵治,,,平24. 10. 1,yakkyoku
薬局,35,0740820,昭和通薬局,下松市大字西豊井字殿ヶ浴６４３番地,0833-45-5799,合同会社　ゆうきＶＩＳＩＯＮ　代表社員　宮下　英樹,竹本　日文,,,平25. 5. 1,yakkyoku
薬局,35,0740879,いとう薬局,下松市美里町四丁目６番２４号,0833-43-5345,株式会社いとう　代表取締役　伊藤　由紀子,伊藤　由紀子,,,平31. 4. 1,yakkyoku
薬局,35,0740887,いちのみや薬局下松店,下松市瑞穂町１丁目６番５号,0833-48-5331,有限会社いちのみや薬局　代表取締役　宮崎　正信,林　希実,,,令元. 5. 1,yakkyoku
薬局,35,0740895,しおかわ薬局,下松市栄町３丁目３番９号,0833-43-8705,神田　陽子,塩川　敏江,,,令2. 1. 1,yakkyoku
薬局,35,0740911,ノゾミ薬局,下松市望町二丁目４－８,0833-48-5013,有限会社参輪　代表取締役社長　鶴田　新,森岡　三佳世,,,令2. 5. 1,yakkyoku
薬局,35,0740929,ひまわり薬局下松店,下松市望町５丁目４番８号,0833-48-4567,有限会社幸生　代表取締役　中村　嘉孝,桐　真哉,,,令2. 7. 1,yakkyoku
薬局,35,0740937,かえる薬局,下松市瑞穂町２丁目２０番１０号,0833-48-5323,株式会社フォーリングス　代表取締役　畠山　稔子,畠山　稔子,,,令3. 5. 17,yakkyoku
薬局,35,0740945,アイテル薬局　下松北斗店,下松市北斗町６番４号,0833-44-7272,ザイタック　株式会社　代表取締役　平尾　真,久村　優美,,,令4. 5. 1,yakkyoku
薬局,35,0740960,クローバー薬局,下松市大手町２－６－１１,0833-41-3869,株式会社　青葉堂　代表取締役　野村　卓三,山本　寛,,,令8. 4. 1,yakkyoku
薬局,35,0840133,浜安薬局,岩国市昭和町１丁目１９番７号,0827-21-5382,濱安　加代子,濱安　加代子,,,昭45. 10. 1,yakkyoku
薬局,35,0840455,株式会社成和薬局尾津支店,岩国市尾津町２丁目１８番５号,0827-32-4797,株式会社成和薬局　代表取締役　戸田　康紀,片野　信行,,,昭54. 7. 1,yakkyoku
薬局,35,0840554,有限会社渡辺薬局,岩国市今津町４丁目３番２号,0827-21-5188,有限会社渡辺薬局　代表取締役　渡邊　宗男,渡邊　智子,,,昭57. 8. 6,yakkyoku
薬局,35,0840695,有限会社つばさ薬局,岩国市中津町２丁目１４番２号,0827-21-2839,有限会社つばさ薬局　代表取締役　千住　雅文,千住　雅文,,,平元. 6. 1,yakkyoku
薬局,35,0840760,南岩国薬局,岩国市南岩国町１丁目３０番１６号,0827-32-7711,株式会社薬明館　代表取締役　矢部　薫子,松重　澄香,,,平2. 5. 1,yakkyoku
薬局,35,0840802,元町薬局,岩国市元町２丁目１番１７号,0827-22-0022,有限会社元町薬局　代表取締役　江種　俊文,内山　久美子,,,平3. 3. 1,yakkyoku
薬局,35,0840810,あたご薬局,岩国市門前町２丁目３６番７号,0827-32-4220,有限会社サンエフ　代表取締役　占部　由美,有馬　佳江,,,平3. 10. 1,yakkyoku
薬局,35,0840877,立石薬局,岩国市立石町１丁目３番１６号,0827-22-0002,有限会社元町薬局　代表取締役　江種　俊文,奥　吟子,,,平4. 7. 1,yakkyoku
薬局,35,0840919,有限会社健成薬局,岩国市岩国１丁目２０番５０号,0827-41-2082,有限会社健成薬局　代表取締役社長　小笠原　睦仁,小笠原　元康,,,平5. 4. 1,yakkyoku
薬局,35,0840943,スミカワ薬局,岩国市今津町４丁目２番４号,0827-22-5077,有限会社創薬　代表取締役　墨川　康,墨川　康,,,平5. 5. 1,yakkyoku
薬局,35,0840984,有限会社三樹まこと薬局,岩国市今津町４丁目１４番１１号,0827-24-6887,有限会社三樹　代表取締役　松本　誠司,橋本　昌紀,,,平6. 8. 1,yakkyoku
薬局,35,0840992,岩国薬剤師会会営薬局,岩国市室の木町３丁目６番１３号,0827-23-3422,一般社団法人　岩国薬剤師会　会長　渡邊　宗男,河田　尚己,,,平6. 9. 1,yakkyoku
薬局,35,0841040,ひらもと薬局,岩国市新港町４丁目１５番３９号,0827-21-1655,平本　雅子,平本　雅子,,,平7. 1. 1,yakkyoku
薬局,35,0841081,コスモス薬局,岩国市麻里布町３丁目１番２７号,0827-22-2940,株式会社コスモ　代表取締役　是田　克彦,芦岡　弘樹,,,平7. 9. 1,yakkyoku
薬局,35,0841131,いちご薬局青葉店,岩国市保津町２丁目４番５０号,0827-39-1588,有限会社幸生　代表取締役　中村　嘉孝,三好　真由美,,,平8. 12. 1,yakkyoku
薬局,35,0841271,やまて薬局,岩国市山手町２丁目１８番１３号,0827-29-2626,有限会社サンエフ　代表取締役　占部　由美,髙原　里絵,,,平11. 4. 1,yakkyoku
薬局,35,0841339,山手ハート薬局,岩国市山手町１丁目１１番２４号,0827-29-1193,松本　泰子,松本　泰子,,,平11. 11. 1,yakkyoku
薬局,35,0841388,こぶし薬局,岩国市山手町１丁目１０番３号,0827-24-4178,有限会社あすか薬局　取締役　田中　国雄,友田　真也,,,平13. 4. 1,yakkyoku
薬局,35,0841396,きらら薬局,岩国市尾津町２丁目１４番６１号,0827-34-5671,株式会社ゆうしん　代表取締役　江種　俊文,藤村　典子,,,平13. 8. 1,yakkyoku
薬局,35,0841438,いちご薬局,岩国市南岩国町２丁目７７番２２号,0827-34-1110,有限会社幸生　代表取締役　中村　嘉孝,佐々木　美香,,,平14. 11. 1,yakkyoku
薬局,35,0841446,有限会社あすなろ　のぞみ薬局,岩国市通津３７０９,0827-38-2678,有限会社あすなろ　代表取締役　後藤　正明,島岡　彩子,,,平14. 12. 1,yakkyoku
薬局,35,0841479,ひまわり薬局,岩国市平田４丁目１６番３３号,0827-32-7588,株式会社コスモ　代表取締役　是田　克彦,岩下　孝史,,,平16. 7. 1,yakkyoku
薬局,35,0841529,おひさま薬局,岩国市御庄３丁目１０２番１９,0827-45-1700,株式会社　薬明館　代表取締役　矢部　薫子,澄川　みずえ,,,平17. 11. 1,yakkyoku
薬局,35,0841545,錦見薬局,岩国市錦見１丁目１３番１１－２号,0827-43-0155,株式会社薬明館　代表取締役　矢部　薫子,冬　洋子,,,平18. 12. 1,yakkyoku
薬局,35,0841552,ころころ薬局,岩国市今津町３丁目１５番９－１号,0827-30-1160,株式会社薬明館　代表取締役　矢部　薫子,水長　真治,,,平19. 1. 1,yakkyoku
薬局,35,0841560,はなみずき薬局,岩国市尾津町２丁目１４番５１号　冨士美荘１０１,0827-31-0600,株式会社　ゆうしん　代表取締役　江種　俊文,田　雄三,,,平19. 4. 1,yakkyoku
薬局,35,0841578,そうごう薬局中津町店,岩国市中津町１丁目１９番１７号　中津・サンフラワー１０３号,0827-21-0281,総合メディカル株式会社　代表取締役　多田　荘一郎,田原　美由紀,,,平19. 11. 1,yakkyoku
薬局,35,0841586,みき薬局,岩国市錦見６丁目１３番１０号,0827-43-3051,有限会社参輪　代表取締役社長　鶴田　新,石井　理佐,,,平19. 11. 1,yakkyoku
薬局,35,0841594,あすか薬局,岩国市麻里布町５丁目３番１６号,0827-24-3283,有限会社あすか薬局　取締役　田中　国雄,瀬戸　寛和,,,平19. 10. 1,yakkyoku
薬局,35,0841628,成和薬局高水前店,岩国市尾津町２丁目２３番１３号,0827-32-1147,株式会社成和薬局　代表取締役　戸田康紀,戸田　康紀,,,平20. 6. 1,yakkyoku
薬局,35,0841636,横町薬局,岩国市由宇町中央１丁目１０番１６号,0827-62-1155,有限会社アール・エム　代表取締役　三輪　裕輔,藤川　和大,,,平20. 7. 1,yakkyoku
薬局,35,0841644,今津調剤薬局,岩国市今津町２丁目１７番１８号,0827-22-1627,有限会社同仁　代表取締役　中西　孝夫,中西　千晴,,,平20. 6. 1,yakkyoku
薬局,35,0841651,ファミリー薬局,岩国市南岩国町３丁目１７番１５号,0827-28-0560,株式会社薬明館　代表取締役　矢部　薫子,的場　紀久夫,,,平20. 9. 1,yakkyoku
薬局,35,0841669,豊川薬局,岩国市平田５丁目４１番４号,0827-31-5191,株式会社豊川薬局　代表取締役　中上　智,舛野　浩康,,,平20. 9. 1,yakkyoku
薬局,35,0841677,菜のはな薬局,岩国市麻里布町３丁目６番９号,0827-29-2618,沖田　昌彦,沖田　昌彦,,,平21. 5. 1,yakkyoku
薬局,35,0841685,たかもり薬局,岩国市周東町下久原２４８１の３,0827-83-0231,株式会社エスマイル　代表取締役　大下　訓生,花田　幸希,,,平21. 7. 1,yakkyoku
薬局,35,0841727,いちご薬局室の木店,岩国市室の木町５丁目１０番１３号,0827-21-1515,有限会社幸生　代表取締役　中村　嘉孝,沖野　淳子,,,平23. 4. 1,yakkyoku
薬局,35,0841735,錦帯橋薬局,岩国市岩国四丁目７番２２号,0827-43-4588,株式会社　薬明館　代表取締役　矢部　薫子,高野　靖子,,,平24. 4. 1,yakkyoku
薬局,35,0841750,センター薬局,岩国市愛宕町１丁目１－３,0827-35-5000,株式会社薬明館　代表取締役　矢部　薫子,小西　弘美,,,平25. 3. 1,yakkyoku
薬局,35,0841784,みわ薬局,岩国市美和町佐坂３７１－４,0827-95-0055,有限会社　エスアンドイー　代表取締役　志熊　理史,井上　正一郎,,,平25. 5. 1,yakkyoku
薬局,35,0841800,エスマイル薬局岩国店,岩国市今津町１丁目１５番２７号,0827-23-0799,株式会社エスマイル　代表取締役　大下　訓生,松井　教正,,,平25. 10. 1,yakkyoku
薬局,35,0841826,すずらん薬局,岩国市麻里布町３－５－３０,0827-22-1193,有限会社渡辺薬局　代表取締役　渡辺　宗男,竹下　武伸,,,平26. 2. 1,yakkyoku
薬局,35,0841834,玖珂薬局,岩国市玖珂町４９３８番地１０,0827-82-5383,山根　典子,山根　典子,,,平27. 5. 1,yakkyoku
薬局,35,0841867,たんぽぽ薬局,岩国市山手町一丁目２２番２３号,0827-30-1700,株式会社薬明館　代表取締役　矢部　薫子,増田　遥,,,平28. 4. 1,yakkyoku
薬局,35,0841875,こもれび薬局,岩国市牛野谷町２丁目２４番６３号,0827-35-6595,株式会社ＭＩＮＩ　Ｐｈａｒｍａｃｙ　代表取締役　沖本　太一,沖本　太一,,,平28. 6. 1,yakkyoku
薬局,35,0841883,牛野谷ことり薬局,岩国市牛野谷町３丁目３９番１８号,0827-28-5229,髙橋　元子,髙橋　元子,,,平28. 10. 1,yakkyoku
薬局,35,0841891,アイム薬局,岩国市元町４丁目１－１５,0827-21-0088,有限会社ミック　取締役　松本　恭明,渡邊　智子,,,平28. 11. 1,yakkyoku
薬局,35,0841925,つしみ薬局,岩国市麻里布町六丁目７－２４,0827-23-6300,都志見　志保子,都志見　志保子,,,平29. 5. 1,yakkyoku
薬局,35,0841941,多田薬局,岩国市多田３丁目１０２－６,0827-44-1026,有限会社エスアンドイー　代表取締役　志熊　理史,西山　孝志,,,平29. 8. 1,yakkyoku
薬局,35,0841958,あおぞら薬局　南岩国店,岩国市南岩国町一丁目１４番２３号,0827-28-5002,有限会社ＹＯＵ　代表取締役　田　裕子,河窪　顕尚,,,平29. 10. 1,yakkyoku
薬局,35,0841974,今津一丁目薬局,岩国市今津町１丁目１１番２７号,0827-29-0536,株式会社ヒガシ　代表取締役社長　藤田　清子,竹永　悦子,,,平29. 10. 1,yakkyoku
薬局,35,0841982,さくら薬局,岩国市錦見７丁目１７－１７,0827-41-2933,有限会社エスアンドイー　代表取締役　志熊　理史,井神　直樹,,,平31. 1. 1,yakkyoku
薬局,35,0842022,ミッドタウン薬局,岩国市麻里布町７丁目２－１８,0827-28-6607,株式会社薬明館　代表取締役　矢部　薫子,國清　真紗美,,,令元. 11. 1,yakkyoku
薬局,35,0842030,あい薬局今津店,岩国市今津町一丁目９－２５,0827-28-6730,有限会社参輪　代表取締役社長　鶴田　新,出上　美里,,,令元. 12. 1,yakkyoku
薬局,35,0842048,しらさぎ薬局,岩国市門前町３丁目１１番８号,0827-35-6214,株式会社ゆうしん　代表取締役　江種　俊文,国光　直子,,,令2. 5. 1,yakkyoku
薬局,35,0842055,成和薬局　梅が丘店,岩国市平田６丁目１１－２０,0827-28-6464,株式会社成和薬局　代表取締役　戸田　康紀,兼重　豊,,,令2. 11. 1,yakkyoku
薬局,35,0842063,アーチ薬局,岩国市山手町２丁目１８番１０号,0827-23-6737,有限会社同仁　代表取締役　中西　孝夫,向井　真貴子,,,令3. 1. 1,yakkyoku
薬局,35,0842089,みかさ薬局,岩国市三笠町２丁目６番７号,0827-23-8002,株式会社ゆうしん　代表取締役　江種　俊文,下井田　章美,,,令3. 9. 1,yakkyoku
薬局,35,0842097,南岩国えきまえ薬局,岩国市尾津町二丁目２２番１０号,0827-31-6677,アールエムファーマ株式会社　代表取締役　三吉　竜太,神村　斉志,,,令4. 4. 28,yakkyoku
薬局,35,0842113,新町薬局,岩国市岩国三丁目２－４,0827-43-2488,株式会社　全快堂　代表取締役　柏木　承子,原田　泰,,,令4. 7. 1,yakkyoku
薬局,35,0842121,あけぼの薬局　岩国店,岩国市麻里布町３丁目１４－１０,0827-24-6661,株式会社　М　代表取締役　宮崎　忠彦,宮崎　忠彦,,,令4. 8. 1,yakkyoku
薬局,35,0842139,ウォンツ岩国中津薬局,岩国市中津町二丁目４－３３,0827-30-7577,株式会社ツルハグループドラッグ＆ファーマシー西日本　代表取締役社長　村上　正一,井浦　隆裕,,,令4. 12. 1,yakkyoku
薬局,35,0842147,中央薬局,岩国市今津町４－４－４,0827-24-1167,有限会社エスアンドイー　代表取締役　志熊　理史,上村　晃,,,令5. 5. 1,yakkyoku
薬局,35,0842154,平田壱丁目薬局,岩国市平田１－２８－２５,0827-34-0121,有限会社エスアンドイー　代表取締役　志熊　理史,大谷　ひとみ,,,令5. 5. 1,yakkyoku
薬局,35,0842162,ひかる薬局周東店,岩国市周東町下久原２４１０－２,0827-84-5553,有限会社参輪　代表取締役社長　鶴田　新,木谷　光志,,,令5. 5. 1,yakkyoku
薬局,35,0842170,ウォンツ西岩国薬局,岩国市錦見六丁目１４番３４号,0827-44-1055,株式会社ツルハグループドラッグ＆ファーマシー西日本　代表取締役社長　村上　正一,備後　博之,,,令5. 7. 31,yakkyoku
薬局,35,0842188,ゆず薬局,岩国市南岩国町四丁目５７番１１号,0827-34-0200,フラワーブロスＴＭＳ株式会社　代表取締役　青木　淳一,沖本　惠美,,,令6. 3. 1,yakkyoku
薬局,35,0842196,れもん薬局,岩国市由宇町由宇崎５番３号,0827-63-3941,フラワーブロスＴＭＳ株式会社　代表取締役　青木　淳一,大野　知佳子,,,令6. 3. 1,yakkyoku
薬局,35,0842220,なぐわ薬局,岩国市錦町広瀬１０８０－１１,0827-72-3960,有限会社アール・エム　代表取締役　三輪　裕輔,坂本　まゆみ,,,令7. 11. 1,yakkyoku
薬局,35,0842238,おづ薬局,岩国市尾津町１丁目１２番２７号,0827-34-0606,めじろ薬局有限会社　代表取締役　松原　勇人,松原　勇人,,,令8. 1. 1,yakkyoku
薬局,35,0842246,クローバー薬局そお店,岩国市周東町祖生５７１８－８,0827-85-5040,株式会社　青葉堂　代表取締役　野村　卓三,貞政　良龍,,,令8. 4. 1,yakkyoku
薬局,35,0842253,車町薬局,岩国市車町２－１２－４５,0827-24-5400,株式会社　青葉堂　代表取締役　野村　卓三,石田　博子,,,令8. 4. 1,yakkyoku
薬局,35,0940297,日の出調剤薬局,山陽小野田市日の出３丁目７番５号,0836-84-5285,有限会社日の出薬品　代表取締役　村上　遥子,藤川　尚義,,,昭61. 11. 1,yakkyoku
薬局,35,0940321,新生薬局,山陽小野田市大字東高泊２０５５の１,0836-84-2892,株式会社　新生薬局　代表取締役　末　敦子,辻村　陽子,,,平3. 2. 1,yakkyoku
薬局,35,0940362,千代町薬局,山陽小野田市稲荷町１１番１９号,0836-83-0880,有限会社メディカ　代表取締役　河原　葉子,河原　葉子,,,平5. 4. 1,yakkyoku
薬局,35,0940388,スマイル薬局,山陽小野田市大字西高泊５９０の５,0836-84-6113,有限会社ミネルバ　取締役　石上　初子,石上　初子,,,平5. 12. 1,yakkyoku
薬局,35,0940412,めで薬局,山陽小野田市大字小野田７０３５の５,0836-84-7590,有限会社ケンコー企画　代表取締役　小川　真理子,小川　真理子,,,平7. 3. 1,yakkyoku
薬局,35,0940446,第一薬局小野田バイパス店,山陽小野田市大字西高泊６６９,0836-84-1543,第一薬局株式会社　代表取締役　藤原　哲,岩本　千尋,,,平8. 1. 1,yakkyoku
薬局,35,0940453,小野田駅前薬局,山陽小野田市日の出３丁目１５番５号,0836-39-8891,有限会社小野田駅前薬局　代表取締役　福田　雅子,福田　雅子,,,平8. 2. 1,yakkyoku
薬局,35,0940487,すえ薬局,山陽小野田市須恵１丁目１２番２号,0836-81-2005,株式会社コスモファーマシー　代表取締役　高橋　徹,高橋　徹,,,平9. 9. 1,yakkyoku
薬局,35,0940511,小野田中央薬局,山陽小野田市須恵１丁目４番１２号,0836-84-8676,有限会社ヒデショー　代表取締役　村上　美紀子,小谷　ゆか,,,平10. 8. 1,yakkyoku
薬局,35,0940529,アイエム薬局,山陽小野田市くし山２丁目１番８号,0836-84-0625,有限会社若松薬局　代表取締役　今橋　達也,新本　宏美,,,平11. 4. 1,yakkyoku
薬局,35,0940545,第一薬局労災病院前店,山陽小野田市南中川町１１３００－２８,0836-81-1193,株式会社グッドラッグ　代表取締役　藤原　哲,藤原　哲,,,平11. 12. 1,yakkyoku
薬局,35,0940586,第一薬局住吉店,山陽小野田市住吉本町１丁目３番２２号,0836-81-4321,第一薬局株式会社　代表取締役　藤原　哲,古賀　健太郎,,,平13. 1. 1,yakkyoku
薬局,35,0940594,のぞみ薬局,山陽小野田市大字小野田６１０６の８１,0836-81-5885,株式会社セントラル薬局　代表取締役　坊垣内　慶樹,鳥居　貴和,,,平13. 4. 1,yakkyoku
薬局,35,0940602,グリーン薬局,山陽小野田市大字東高泊１６１４の７,0836-83-0836,株式会社アット・グリーン・ファーマシー　代表取締役　山根　知枝,目　健一郎,,,平13. 10. 1,yakkyoku
薬局,35,0940628,さくら薬局,山陽小野田市赤崎２丁目１０番２号,0836-88-3121,株式会社ケーティー　代表取締役　高橋　徹,奥　尚久,,,平13. 12. 1,yakkyoku
薬局,35,0940651,さくら坂薬局,山陽小野田市大字小野田６１０６の５６,0836-81-1320,株式会社　コスモファーマシー　代表取締役　高橋　徹,黒瀬　友理,,,平14. 7. 1,yakkyoku
薬局,35,0940669,みき薬局小野田店,山陽小野田市大字東高泊１２７５の９,0836-84-9707,株式会社アット・グリーン・ファーマシー　代表取締役　山根　知枝,有福　康江,,,平15. 8. 1,yakkyoku
薬局,35,0940677,みずほ薬局,山陽小野田市中川４丁目４番１号,0836-81-4193,株式会社　プロッグ　代表取締役　大山　治,濱口　千絵里,,,平16. 1. 1,yakkyoku
薬局,35,0940693,ファミリー薬局本町店,山陽小野田市住吉本町１丁目５番３０号,0836-84-6135,有限会社　ファミリーメディスン　代表取締役　上林　雅樹,上林　雅樹,,,平16. 2. 1,yakkyoku
薬局,35,0940719,ファミリー薬局中川店,山陽小野田市中川４丁目１番２４号,0836-81-0988,有限会社　ファミリーメディスン　代表取締役　上林　雅樹,淺井　伸大,,,平16. 11. 1,yakkyoku
薬局,35,1040345,有限会社みどり薬局光店,光市浅江３丁目９番６号,0833-72-1151,有限会社みどり薬局　代表取締役　淺上　順子,佐々木　麻莉亜,,,平5. 8. 1,yakkyoku
薬局,35,1040402,ひかり中央薬局,光市木園１丁目８番５号,0833-74-1193,有限会社栄町商事　取締役　村田　澄子,村田　修,,,平9. 2. 1,yakkyoku
薬局,35,1040428,かしわや薬局本店,光市浅江１丁目９番１１号,0833-71-0103,株式会社島田調剤　代表取締役　濵田　隆大,濵田　三枝,,,平12. 4. 1,yakkyoku
薬局,35,1040451,ひまわり薬局光店,光市室積松原４番４号,0833-75-0555,有限会社　フローレ　代表取締役　津　実雄,河村　和度,,,平14. 6. 1,yakkyoku
薬局,35,1040527,そうごう薬局　三井店,光市三井６丁目１７番１７号,0833-76-0600,総合メディカル株式会社　代表取締役　多田　荘一郎,岡田　将平,,,平16. 12. 1,yakkyoku
薬局,35,1040550,小松薬局,光市光井３丁目７番３３号,0833-72-7861,有限会社コマツ　代表取締役　小松　克子,小松　克子,,,平18. 5. 1,yakkyoku
薬局,35,1040592,かなえ薬局,光市島田６丁目１３番２７号,0833-74-0600,株式会社薬明館　代表取締役　矢部　薫子,林　宏子,,,平20. 4. 1,yakkyoku
薬局,35,1040618,室積薬局,光市室積大町２２番１６号,0833-78-1101,有限会社　グロウス　代表取締役　熊野　栄治,熊野　仁恵,,,平20. 12. 1,yakkyoku
薬局,35,1040626,ココカラファイン薬局　光店,光市木園１丁目５番２８号,0833-72-8881,株式会社ココカラファインヘルスケア　代表取締役　岡澤　隆弘,近森　満奈,,,平21. 4. 1,yakkyoku
薬局,35,1040634,エスマイル薬局浅江店,光市浅江１丁目１７番２３号,0833-72-7189,株式会社エスマイル　代表取締役　大下　訓生,米本　栄香,,,平21. 7. 1,yakkyoku
薬局,35,1040642,エスマイル薬局みつい中央店,光市中央２丁目１２番１２号,0833-74-2489,株式会社エスマイル　代表取締役　大下　訓生,内野　結花,,,平21. 7. 1,yakkyoku
薬局,35,1040659,レインボー薬局,光市浅江３丁目１７番２０号,0833-74-0711,株式会社薬明館　代表取締役　矢部　薫子,矢吹　イライジャレオ,,,平21. 10. 1,yakkyoku
薬局,35,1040667,かしわや薬局きぞの店,光市大字浅江１３４０の１,0833-72-9370,株式会社島田調剤　代表取締役　濵田　隆大,長迫　友佳,,,平22. 5. 1,yakkyoku
薬局,35,1040675,オリーブ薬局　光店,光市虹ケ浜３丁目１６番３０号ランドマーク虹ヶ浜１０２,0833-74-0080,株式会社エスマイル　代表取締役　大下　訓生,山本　聖子,,,平22. 9. 1,yakkyoku
薬局,35,1040683,そうごう薬局　光店,光市島田２丁目２１番３号,083-374-0891,総合メディカル株式会社　代表取締役　多田　荘一郎,篠原　喬,,,平23. 10. 1,yakkyoku
薬局,35,1040709,やまと薬局,光市大字岩田２４８１番地の１,0820-48-5511,岡崎薬品株式会社　代表取締役　岡崎　不二夫,岡崎　美津江,,,平25. 4. 1,yakkyoku
薬局,35,1040725,株式会社ファミリー薬局,光市光ケ丘２番２号,0833-74-0312,株式会社ファミリー薬局　代表取締役　柳生　美江,岑　友晴,,,平25. 8. 1,yakkyoku
薬局,35,1040733,いちご薬局光店,光市島田二丁目４－３,0833-74-1577,有限会社　幸生　代表取締役　中村　嘉孝,八鍬　真弓,,,平26. 5. 10,yakkyoku
薬局,35,1040741,うみがめ薬局,光市浅江一丁目１１番２６号,0833-71-5331,株式会社ユーワ　代表取締役　吉川　正男,久保田　靖子,,,平27. 6. 1,yakkyoku
薬局,35,1040766,なないろ薬局,光市虹ケ浜３丁目７－２５,0833-44-9500,代々木商事株式会社　代表取締役　木本　安信,末兼　早紀,,,平30. 9. 1,yakkyoku
薬局,35,1040774,いちご薬局室積店,光市室積中央町４－１０,0833-79-2525,有限会社幸生　代表取締役　中村　嘉孝,梅山　英明,,,平31. 4. 1,yakkyoku
薬局,35,1040782,さくら薬局ひかり店,光市光ケ丘６番２号,0833-48-6370,株式会社なの花九州　代表取締役　永冨　将寛,藤村　直己,,,令元. 5. 1,yakkyoku
薬局,35,1040808,イオン薬局光店,光市浅江字木園１７５６－１,0833-71-2971,イオンリテール株式会社　代表取締役　古澤　康之,渡邉　知世,,,令元. 5. 1,yakkyoku
薬局,35,1040816,光ケ丘薬局,光市光ケ丘５番１７号,0833-48-9531,株式会社Ｎ・Ｄ　代表取締役　鈴木　明,吉田　顕,,,令元. 5. 1,yakkyoku
薬局,35,1040824,エイト薬局,光市光ケ丘３番３号,0833-48-8538,株式会社兼清企画　代表取締役　兼清　光帆子,兼清　光帆子,,,令2. 10. 5,yakkyoku
薬局,35,1040840,ふくふく薬局,光市中央四丁目５番３号,0833-48-8822,株式会社薬明館　代表取締役　矢部　薫子,篠原　陽介,,,令3. 4. 1,yakkyoku
薬局,35,1040857,きりん薬局,光市島田一丁目１番１６号,0833-74-5112,株式会社エフォート　代表取締役　竹村　勝樹,井上　博樹,,,令3. 11. 1,yakkyoku
薬局,35,1040865,むさし薬局,光市大字岩田２３５６番地３,0820-48-8800,株式会社　薬明館　代表取締役　矢部　薫子,田村　容子,,,令4. 3. 1,yakkyoku
薬局,35,1040873,島田薬局,光市島田二丁目１８番７号,0833-72-5300,株式会社島田調剤　代表取締役　濵田　隆大,中野　智樹,,,令4. 8. 1,yakkyoku
薬局,35,1040881,あいりす薬局,光市虹ケ浜１丁目９番１３号,0833-44-7337,株式会社　Ｎ・Ｄ　代表取締役　鈴木　明,中田　主税,,,令4. 11. 1,yakkyoku
薬局,35,1040899,セブン薬局光店,光市浅江三丁目１番２２号,0833-74-0770,株式会社セーフティ・ネット　代表取締役　春日　眞美,中村　直樹,,,令8. 3. 1,yakkyoku
薬局,35,1140202,長門中央薬局,長門市東深川８９０の２２,0837-22-3950,有限会社長門中央薬局　取締役　川上　英宏,新村　博晃,,,平9. 4. 1,yakkyoku
薬局,35,1140251,有限会社イタモチ薬局,長門市西深川４３１６の３,08372-2-6767,有限会社イタモチ薬局　代表取締役　齋藤　武雄,齋藤　道子,,,平2. 2. 1,yakkyoku
薬局,35,1140269,青海薬局,長門市東深川２００５,0837-22-6705,株式会社ケーティー　代表取締役　高橋　徹,中村　竜三,,,平2. 4. 1,yakkyoku
薬局,35,1140327,シティ薬局,長門市仙崎２０３の１,0837-22-6250,有限会社うちやま薬局　代表取締役　内山　啓,内山　啓,,,平8. 12. 1,yakkyoku
薬局,35,1140343,よしず薬局,長門市仙崎２８３の４,0837-23-1107,有限会社よしず薬局　代表取締役　吉津　功,吉津　功,,,平9. 10. 1,yakkyoku
薬局,35,1140350,さくら薬局,長門市東深川１４５の５,0837-26-5026,有限会社ティープラン　取締役　阿武　真彦,阿武　真彦,,,平9. 11. 1,yakkyoku
薬局,35,1140368,仙崎薬局,長門市仙崎２０４の１,0837-23-3300,有限会社仙崎薬局　代表取締役　西本　哲明,前田　和治,,,平10. 10. 1,yakkyoku
薬局,35,1140418,ふかわ薬局,長門市東深川８９０の４３,0837-23-6660,有限会社　さくらぎ薬局　取締役　櫻木　祥二,谷川　亮,,,平16. 11. 1,yakkyoku
薬局,35,1140426,わかば薬局,長門市東深川１８５７の６,0837-23-1313,有限会社　タケヒロ　代表取締役　平田　武康,平田　武康,,,平17. 4. 1,yakkyoku
薬局,35,1140434,芝草薬局,長門市仙崎１９４５の２,0837-26-4893,有限会社さくらぎ薬局　取締役　櫻木　祥二,稲永　智徳,,,平18. 9. 1,yakkyoku
薬局,35,1140442,ひとまる薬局,長門市油谷新別名９９６の７,0837-33-1010,株式会社きむら薬局　代表取締役　木村　仁,木村　仁,,,平19. 4. 1,yakkyoku
薬局,35,1140459,みすず薬局,長門市三隅中３２９３,0837-42-0002,有限会社友城　代表取締役　名尾　徹,河田　貴子,,,平19. 4. 1,yakkyoku
薬局,35,1140467,みのり薬局,長門市東深川１８９７の１２,0837-23-0011,有限会社友城　代表取締役　名尾　徹,河田　淳志,,,平19. 11. 1,yakkyoku
薬局,35,1140475,ミササン薬局,長門市東深川１００６２番地５１,0837-23-0545,株式会社ミササン　代表取締役　平田　武康,中原　文子,,,平21. 5. 1,yakkyoku
薬局,35,1140483,ゆずきち薬局,長門市東深川１９５２の２１,0837-22-2780,株式会社ケーティー　代表取締役　高橋　徹,酒井　英吉,,,平22. 1. 1,yakkyoku
薬局,35,1140491,あい薬局　長門店,長門市東深川１３８４の１,0837-22-7111,有限会社　参輪　代表取締役社長　鶴田　新,境　朋美,,,平22. 2. 1,yakkyoku
薬局,35,1140509,フラワー薬局,長門市東深川９２４の１２,0837-23-1091,株式会社フラワーメディカル　代表取締役　藤本　孝司,藤本　孝司,,,平22. 4. 1,yakkyoku
薬局,35,1140517,へき中央薬局,長門市日置中２４８８番地の４,0837-37-5300,有限会社長門中央薬局　代表取締役　川上　英宏,筑後　彩華,,,平30. 4. 1,yakkyoku
薬局,35,1140525,ワダ薬局,長門市東深川８１７番地,0837-22-2431,有限会社和田兄弟商会　代表取締役　和田　信彦,和田　信彦,,,令2. 1. 1,yakkyoku
薬局,35,1140533,ワダファミリー薬局,長門市東深川８３６番地３,0837-23-2002,株式会社明日和　代表取締役　和田　恭子,和田　恭子,,,令5. 6. 1,yakkyoku
薬局,35,1240358,いしはら薬局,柳井市東土手１５番３号,0820-23-3331,有限会社エス・エヌ調剤　代表取締役　中村　健,中村　重樹,,,平6. 3. 1,yakkyoku
薬局,35,1240366,ドレミ薬局,柳井市南町７丁目１１番８号,0820-24-0511,有限会社メディセイン　代表取締役　財間　朗了,財間　朗了,,,平10. 9. 1,yakkyoku
薬局,35,1240416,シクマ薬局,柳井市ニュータウン南町２０,0820-24-3800,有限会社エスアンドイー　代表取締役　志熊　理史,菊本　祐大,,,平12. 2. 1,yakkyoku
薬局,35,1240424,やない薬局,柳井市古開作１０００番地７,0820-24-5500,有限会社　創健　代表取締役　西本　哲明,日浦　健輔,,,平14. 4. 1,yakkyoku
薬局,35,1240465,イシマル薬局柳井店,柳井市柳井１９０８番地５,0820-24-6605,有限会社　トータルライフ　代表取締役　石丸　篤之,清水　達子,,,平15. 11. 1,yakkyoku
薬局,35,1240499,有限会社　すみれ薬局,柳井市中央３丁目１４番２号,0820-24-5187,有限会社　すみれ薬局　代表取締役　米泉　嘉幸,米泉　朋子,,,平16. 7. 1,yakkyoku
薬局,35,1240507,いぶき薬局,柳井市南町１丁目１１番４号,0820-24-1250,有限会社　ウイング　代表取締役　島田　喜好,島田　こずえ,,,平17. 2. 1,yakkyoku
薬局,35,1240515,つばさ薬局,柳井市中央１丁目８番１８号,0820-24-3283,有限会社　ウイング　代表取締役　島田　喜好,島田　喜好,,,平17. 9. 1,yakkyoku
薬局,35,1240523,ひかる薬局,柳井市南浜１丁目８番６号,0820-24-5571,有限会社　ぴゅあ　代表取締役　福島　由美,髙木　幸子,,,平18. 1. 1,yakkyoku
薬局,35,1240531,トータス薬局柳井店,柳井市柳井１５４８の９,0820-25-0089,有限会社トータス薬局　取締役　山戸　彰哉,北村　洋一,,,平18. 6. 1,yakkyoku
薬局,35,1240556,中央薬局,柳井市南町７丁目２番地１,0820-25-0500,株式会社デルタ　代表取締役　中村　良一,中村　良一,,,平21. 3. 1,yakkyoku
薬局,35,1240564,エスマイル薬局こがね町店,柳井市中央２丁目５番７号,0820-22-8989,株式会社エスマイル　代表取締役　大下　訓生,岡崎　朔也,,,平21. 7. 1,yakkyoku
薬局,35,1240572,エスマイル薬局柳町店,柳井市中央１丁目１０番１４号,0820-23-1389,株式会社エスマイル　代表取締役　大下　訓生,高林　美佳,,,平21. 7. 1,yakkyoku
薬局,35,1240580,エスマイル薬局大才店,柳井市中央１丁目４番１５号,0820-23-3489,株式会社エスマイル　代表取締役　大下　訓生,松重　真由美,,,平21. 7. 1,yakkyoku
薬局,35,1240606,エスマイル薬局沖原店,柳井市新庄１５２９の４,0820-23-6689,株式会社エスマイル　代表取締役　大下　訓生,吉浦　克明,,,平21. 7. 1,yakkyoku
薬局,35,1240614,南町薬局,柳井市南町７丁目９番１号,0820-23-7589,株式会社エスマイル　代表取締役　大下　訓生,柴田　博史,,,平21. 7. 1,yakkyoku
薬局,35,1240622,エスマイル薬局ハート南町店,柳井市南町６丁目１４番１号,0820-23-6089,株式会社エスマイル　代表取締役　大下　訓生,堀野　真弓,,,平21. 7. 1,yakkyoku
薬局,35,1240648,わかば薬局,柳井市南町４丁目２番１５号,0820-24-2525,株式会社ゆうしん　代表取締役　江種　俊文,山本　美穂,,,平22. 5. 1,yakkyoku
薬局,35,1240655,おおばたけ薬局,柳井市大畠９０６,0820-45-2622,株式会社しおかぜ　代表取締役　田尻　俊介,田尻　俊介,,,平26. 4. 1,yakkyoku
薬局,35,1240689,しらかべ薬局,柳井市伊保庄５６２－１,0820-27-5881,株式会社伊藤　代表取締役　石井　真澄,石井　真澄,,,令2. 5. 2,yakkyoku
薬局,35,1240697,きたに薬局柳井店,柳井市柳井５０３６番地３－２,0820-23-5964,メグコーポレート株式会社　代表取締役　松山　恵美子,東　智香子,,,令7. 2. 1,yakkyoku
薬局,35,1340117,みね薬局,美祢市大嶺町東分３３６８の１,0837-53-0141,有限会社みね調剤薬局　代表取締役　瀧　雅昭,川越　陽子,,,平2. 11. 1,yakkyoku
薬局,35,1340166,Ｇ＆Ｆ藤井薬局美袮店,美祢市大嶺町東分２９０の２,0837-54-3600,有限会社　藤井薬局　取締役　藤井　隆一,山本　剛史,,,平13. 7. 1,yakkyoku
薬局,35,1340174,篠田薬局,美祢市伊佐町伊佐４８４８の１,0837-54-1412,有限会社　篠田薬局　代表取締役　篠田　南海子,篠田　南海子,,,平13. 6. 1,yakkyoku
薬局,35,1340182,マユサン薬局,美祢市於福町下３２７１の６,0837-56-5066,有限会社タケヒロ　代表取締役　平田　武康,横田　美由紀,,,平23. 5. 1,yakkyoku
薬局,35,1340190,美祢シティ薬局,美祢市大嶺町東分１１３１３－７９,0837-53-2637,株式会社Ｎ・Ｒ　代表取締役　倉橋　克也,宇野　亜希子,,,平23. 10. 1,yakkyoku
薬局,35,1340208,セレッソ薬局,美祢市大嶺町東分３２２番２,0837-52-1344,株式会社ライジング企画　代表取締役　稲村　拓郎,神田　栄一,,,平26. 4. 1,yakkyoku
薬局,35,1340232,おおみね薬局,美祢市大嶺町東分字沖田１２１０－４,0837-52-9209,有限会社参輪　代表取締役社長　鶴田　新,江嶋　英文,,,平28. 10. 1,yakkyoku
薬局,35,1340240,秋芳薬局,美祢市秋芳町秋吉５３４１－４,0837-63-0470,株式会社Ｎ・Ｒ　代表取締役　倉橋　克也,玉井　賢悟,,,令2. 7. 1,yakkyoku
薬局,35,1440198,光星薬局,周南市古川町９番６号,0834-63-8522,岡崎薬品株式会社　代表取締役　岡崎　不二夫,戸村　慎也,,,昭61. 2. 1,yakkyoku
薬局,35,1440230,ミドリ薬局,周南市福川３丁目１１番１８号,0834-63-0985,株式会社フタミサプライ　代表取締役社長　玉野　真史,今岡　慎也,,,平7. 12. 23,yakkyoku
薬局,35,1440263,ホーム薬局,周南市新地町４番２号,0834-64-2601,有限会社トップ　代表取締役　年光　芳信,年光　淳,,,平4. 8. 1,yakkyoku
薬局,35,1440289,アトム薬局,周南市桶川町５番２１号,0834-64-2158,有限会社オフィスドラッグ　代表取締役　竹光　弘樹,河村　純衣,,,平6. 11. 1,yakkyoku
薬局,35,1440297,コスモ薬局,周南市川手１丁目７番７号,0834-61-1515,有限会社ゼロ　代表取締役　賀来　貞次,三輪　宗久,,,平8. 3. 1,yakkyoku
薬局,35,1440347,サルビア薬局,周南市政所２丁目１３番１３号,0834-62-6526,藏田　卓也,藏田　卓也,,,平12. 1. 1,yakkyoku
薬局,35,1540013,ひまわり薬局,周南市代々木通２丁目２５,0834-32-3692,有限会社フローレ　代表取締役　津　実雄,伊ケ崎　郁恵,,,平16. 3. 1,yakkyoku
薬局,35,1540054,桜田薬局,周南市大字戸田２７９７,0834-82-0009,有限会社トップ　代表取締役　年光　芳信,國本　昌生,,,平18. 9. 1,yakkyoku
薬局,35,1540088,ニコニコ薬局,周南市新清光台２丁目１０番２０号,0833-91-4787,大濱　真理子,大濱　真理子,,,平19. 4. 1,yakkyoku
薬局,35,1540112,石丸薬局周陽店,周南市周陽２丁目１番３－１０５号,0834-28-4050,株式会社石丸一正商店　代表取締役　石丸　愛子,渡邉　由香子,,,平19. 9. 1,yakkyoku
薬局,35,1540138,あい薬局徳山店,周南市河東町８番３号,0834-34-5757,有限会社　参輪　代表取締役社長　鶴田　新,浅原　秀昭,,,平20. 4. 1,yakkyoku
薬局,35,1540153,オリーブ薬局呼坂店,周南市呼坂１番６号,0833-92-1320,株式会社エスマイル　代表取締役　大下　訓生,久保　英太,,,平20. 4. 1,yakkyoku
薬局,35,1540179,レモン薬局,周南市弥生町２丁目８,0834-34-3367,有限会社ティアラ　代表取締役　田村　充,田村　充,,,平20. 11. 1,yakkyoku
薬局,35,1540187,ココカラファイン薬局　河東店,周南市河東町９番２２号,0834-22-9206,株式会社ココカラファインヘルスケア　代表取締役　岡澤　隆弘,伊藤　光紀,,,平21. 4. 1,yakkyoku
薬局,35,1540237,くまの薬局周南店,周南市周陽１丁目１０番５号,0834-34-8015,有限会社グロウス　代表取締役　熊野　栄治,坂本　彩子,,,平21. 9. 1,yakkyoku
薬局,35,1540245,きらきら薬局,周南市大字久米３１９９の１２,0834-36-0520,株式会社薬明館　代表取締役　矢部　薫子,山本　千尋,,,平21. 10. 1,yakkyoku
薬局,35,1540252,えきまえ薬局,周南市有楽町２３番地,0834-34-8620,株式会社薬明館　代表取締役　矢部　薫子,村上　智章,,,平21. 11. 1,yakkyoku
薬局,35,1540286,ウォンツ周南周陽薬局,周南市周陽１丁目１番１号,0834-39-0150,株式会社ツルハグループドラッグ＆ファーマシー西日本　代表取締役　村上　正一,益　恵祐,,,平22. 3. 1,yakkyoku
薬局,35,1540294,ふたば薬局,周南市新宿通５丁目１番３６号,0834-34-9777,株式会社薬明館　代表取締役　矢部　薫子,永瀬　恵美乃,,,平22. 5. 1,yakkyoku
薬局,35,1540328,さくら薬局徳山中央病院前店,周南市孝田町２番１号,0834-28-8739,株式会社なの花九州　代表取締役　永冨　将寛,松本　圭代,,,平24. 8. 1,yakkyoku
薬局,35,1540336,フタミ薬局　新南陽店,周南市宮の前２－１５３３－１,0834-33-9923,株式会社フタミサプライ　代表取締役社長　玉野　真史,明石　宗矩,,,平24. 9. 1,yakkyoku
薬局,35,1540344,宮の前薬局,周南市宮の前２－６－２０,0834-64-6550,有限会社　オフィスドラッグ　代表取締役　竹光　弘樹,河本　弘子,,,平24. 12. 1,yakkyoku
薬局,35,1540351,栄久薬局,周南市原宿町４－１９,0834-21-5853,有限会社栄久商事　代表取締役　櫻田　恵子,田中　宗徳,,,平25. 3. 1,yakkyoku
薬局,35,1540369,オリーブ薬局　徳山中央店,周南市二番町一丁目４番３号,0834-33-8001,株式会社エスマイル　代表取締役　大下　訓生,尼田　侑可,,,平25. 4. 1,yakkyoku
薬局,35,1540385,そうごう薬局　周南大河内店,周南市大河内２５６－８,0833-91-0999,総合メディカル株式会社　代表取締役　多田　荘一郎,米田　知子,,,平25. 6. 1,yakkyoku
薬局,35,1540393,福川薬局新地店,周南市新地町１２番３５号,0834-33-8383,有限会社ケアリンク　代表取締役　岡田　好洋,岡田　裕子,,,平25. 12. 1,yakkyoku
薬局,35,1540401,久米調剤薬局,周南市久米中央５丁目５番５号,0834-36-1155,有限会社ケアリンク　代表取締役　岡田　好洋,岡田　好洋,,,平26. 4. 1,yakkyoku
薬局,35,1540435,ひとみ薬局,周南市新町一丁目２５番地２,0834-33-8859,株式会社薬明館　代表取締役　矢部　薫子,増田　靖幸,,,平26. 11. 1,yakkyoku
薬局,35,1540450,すぎのこ薬局,周南市大字須々万本郷３５６－４８,0834-88-1900,株式会社薬明館　代表取締役　矢部　薫子,古本　裕美,,,平27. 10. 1,yakkyoku
薬局,35,1540468,銀座薬局,周南市銀座２丁目２７番地,0834-39-6403,代々木商事株式会社　代表取締役　木本　安信,伊ヶ崎　芳美,,,平27. 12. 1,yakkyoku
薬局,35,1540476,エスマイル薬局今宿店,周南市緑町一丁目５３番地２,0834-32-2348,株式会社エスマイル　代表取締役　大下　訓生,菅　直文,,,平28. 2. 1,yakkyoku
薬局,35,1540484,ニック調剤薬局　新南陽店,周南市政所１－１４－７,0834-61-1006,株式会社ユーワ　代表取締役　吉川　正男,平川　雅男,,,平28. 5. 1,yakkyoku
薬局,35,1540492,ココカラファイン薬局　周南久米店,周南市久米中央一丁目１５番１３号,0834-36-1115,株式会社ココカラファインヘルスケア　代表取締役　岡澤　隆弘,林　直輝,,,平28. 9. 1,yakkyoku
薬局,35,1540500,そよかぜ薬局,周南市富田新町一丁目９番２４号,0834-34-1240,株式会社カインドエム　代表取締役　井向　雅美,井向　雅美,,,平29. 4. 1,yakkyoku
薬局,35,1540518,そうごう薬局　須々万店,周南市須々万本郷２９－１,0834-88-3351,総合メディカル株式会社　代表取締役　多田　荘一郎,松山　莉玖,,,平29. 9. 1,yakkyoku
薬局,35,1540559,ココカラファイン薬局　政所店,周南市桶川町７番１１号,0834-62-7000,株式会社ココカラファインヘルスケア　代表取締役　岡澤　隆弘,小寺　麻子,,,平30. 2. 1,yakkyoku
薬局,35,1540567,ひまわり薬局大神店,周南市大神３丁目１２番７３号,0834-34-6225,有限会社フローレ　代表取締役　津　実雄,石田　俊司,,,平30. 5. 1,yakkyoku
薬局,35,1540583,御弓町薬局,周南市大字徳山４１８６－５,0834-22-3411,クオール株式会社　代表取締役　柄澤　忍,中原　哲子,,,平30. 10. 1,yakkyoku
薬局,35,1540591,古川薬局,周南市川手１丁目７番１６号,0834-64-2288,クオール株式会社　代表取締役　柄澤　忍,丸﨑　あすか,,,平30. 10. 1,yakkyoku
薬局,35,1540609,とんだ薬局,周南市桶川町５番１６号,0834-61-3311,クオール株式会社　代表取締役　柄澤　忍,宮城　初枝,,,平30. 10. 1,yakkyoku
薬局,35,1540617,木村薬局,周南市平和通２丁目３番地,0834-34-0053,ザイタック株式会社　代表取締役　平尾　真,野山　友志,,,平31. 3. 1,yakkyoku
薬局,35,1540625,あおば薬局,周南市大字徳山字鬼頭１０７０１番２,0834-34-0342,合同会社Ｓｅｅｄｓ　代表社員　後藤　岳德,後藤　岳德,,,令元. 9. 1,yakkyoku
薬局,35,1540633,くりや薬局,周南市大字栗屋３５６－７,0834-25-2062,株式会社エムエスアール　代表取締役　下手　彩佳,林　治子,,,令元. 9. 1,yakkyoku
薬局,35,1540658,くしがはま薬局,周南市大字櫛ケ浜５０３－５,0834-25-2530,有限会社エム・エム企画　代表取締役　三嶋　裕樹,宇多村　静佳,,,令元. 10. 1,yakkyoku
薬局,35,1540666,ひろやファーマシー,周南市新町二丁目３番１,0834-34-0667,エイエムファーマ株式会社　代表取締役　安渡　雅記,安渡　雅記,,,令元. 12. 1,yakkyoku
薬局,35,1540674,川口薬局,周南市政所一丁目８番３号,0834-62-2513,川戸　敬子,川戸　敬子,,,令2. 2. 3,yakkyoku
薬局,35,1540682,はなばたけ薬局,周南市花畠町４番５号,0834-33-8871,代々木商事株式会社　代表取締役　木本　安信,賀屋　恭平,,,令2. 7. 1,yakkyoku
薬局,35,1540690,あい薬局　新南陽店,周南市南浦山町５番１３号,0834-33-8718,有限会社参輪　代表取締役社長　鶴田　新,杉山　千晶,,,令2. 9. 1,yakkyoku
薬局,35,1540708,なの花薬局,周南市児玉町３丁目２１－１,0834-22-0430,有限会社エム・エム企画　代表取締役　三嶋　裕樹,松本　翔太,,,令3. 5. 1,yakkyoku
薬局,35,1540716,ウォンツイオンタウン周南久米薬局,周南市久米中央五丁目８番１号,0834-36-0027,株式会社ツルハグループドラッグ＆ファーマシー西日本　代表取締役社長　村上　正一,松田　大輔,,,令3. 9. 1,yakkyoku
薬局,35,1540732,三田川薬局,周南市大字徳山５８２７－１,0834-32-2014,ザイタック株式会社　代表取締役　平尾　真,梅田　菖,,,令4. 2. 1,yakkyoku
薬局,35,1540757,フタミ薬局五月店,周南市五月町９番１０号,0834-22-2333,株式会社フタミサプライ　代表取締役社長　玉野　真史,原田　陽一,,,令4. 11. 7,yakkyoku
薬局,35,1540765,ふれあい薬局　宮の前店,周南市宮の前２丁目３－１７,0834-62-8100,株式会社ゆうしん　代表取締役　江種　俊文,齋藤　秀秋,,,令5. 6. 1,yakkyoku
薬局,35,1540773,東山薬局,周南市東山町２番３号,0834-34-8593,ザイタック株式会社　代表取締役　平尾　真,寺嶋　宏恭,,,令5. 7. 1,yakkyoku
薬局,35,1540781,ベル調剤薬局,周南市周陽２丁目４－１,0834-34-2424,サルビアヘルスケア株式会社　代表取締役　突貫　雄紀,突貫　雄紀,,,令5. 12. 1,yakkyoku
薬局,35,1540799,慶万薬局,周南市慶万町１番１２号,0834-33-8783,代々木商事株式会社　代表取締役　木本　安信,杉江　大,,,令6. 6. 1,yakkyoku
薬局,35,1540807,くすのき薬局,周南市楠木一丁目９－２６,0834-34-8007,代々木商事株式会社　代表取締役　木本　安信,中野　大地,,,令7. 6. 1,yakkyoku
薬局,35,1540815,きたに薬局熊毛店,周南市大字呼坂３９０－１,0833-91-2370,メグコーポレート株式会社　代表取締役　松山　恵美子,木谷　佳行,,,令7. 2. 1,yakkyoku
薬局,35,1540831,しゅうなん薬局,周南市徳山４１１０番１,0834-34-5222,株式会社Ｎ・Ｒ　代表取締役　倉橋　克也,松村　将史,,,令8. 3. 1,yakkyoku
薬局,35,1540849,新町ＰＨ薬局,周南市新町二丁目２－３,0834-21-0038,有限会社ＮＥＯファルマ　代表取締役　山本　晃之,冨永　佳敬,,,令8. 3. 1,yakkyoku
薬局,35,1540856,くまげ薬局,周南市呼坂８３８－１,0833-92-3333,株式会社　青葉堂　代表取締役　野村　卓三,中山　千絵,,,令8. 4. 1,yakkyoku
薬局,35,1640037,厚狭駅南薬局,山陽小野田市桜一丁目１番３号,0836-71-0580,有限会社レシピ　代表取締役　中谷　正明,大谷　明範,,,平18. 4. 1,yakkyoku
薬局,35,1640060,竜王薬局,山陽小野田市大学通二丁目１５番１２号,0836-89-0150,株式会社アット・グリーン・ファーマシー　代表取締役　山根　知枝,有田　彩乃,,,平19. 9. 1,yakkyoku
薬局,35,1640102,リトルファーマシー,山陽小野田市西高泊６４８の３６,0836-81-0033,株式会社　崔　代表取締役　崔　南実,岡野　やんす,,,平21. 1. 1,yakkyoku
薬局,35,1640128,花咲薬局　厚狭店,山陽小野田市大字厚狭４５８の７,0836-72-3100,株式会社　プロッグ　代表取締役　大山　治,西山　知介,,,平22. 7. 1,yakkyoku
薬局,35,1640151,そうごう薬局　小野田店,山陽小野田市日の出３丁目８番１２号,0836-81-0151,総合メディカル株式会社　代表取締役　多田　荘一郎,竹原　聖人,,,平25. 1. 1,yakkyoku
薬局,35,1640177,バンビ薬局,山陽小野田市日の出二丁目２番５号,0836-43-9336,株式会社　清雅　代表取締役　森脇　悦子,森脇　悦子,,,平25. 6. 1,yakkyoku
薬局,35,1640201,よつば薬局,山陽小野田市鴨庄字焼田９０番８,0836-43-6555,有限会社　友城　代表取締役　名尾　徹,上田　諭,,,平26. 3. 1,yakkyoku
薬局,35,1640219,おひさま薬局,山陽小野田市大字西高泊６７２番地３,0836-39-8561,株式会社七星ファーマシー　代表取締役　城戸　一晃,城戸　一晃,,,平26. 11. 1,yakkyoku
薬局,35,1640227,西日本薬局　小野田店,山陽小野田市大字東高泊１５８８－２,0836-81-5220,西日本医療サービス株式会社　代表取締役　永　英人,大坪　泰昭,,,平27. 7. 1,yakkyoku
薬局,35,1640243,はな薬局　市民病院前店,山陽小野田市大字東高泊１６１４番地３,0836-81-2066,株式会社ハナファーマシー　代表取締役　田中　英明,田中　英明,,,平28. 10. 1,yakkyoku
薬局,35,1640250,みつば薬局,山陽小野田市揥山１丁目１７番１２号,0836-81-0505,一般社団法人やまぐち保健企画　代表理事　奥村　秀樹,吉田　哲也,,,平29. 4. 1,yakkyoku
薬局,35,1640268,きらら薬局,山陽小野田市新生２丁目４番５号,0836-81-2875,株式会社ミルキーマリーンホールディングス　代表取締役　松山　喜範,森岡　智子,,,平29. 10. 1,yakkyoku
薬局,35,1640276,こくりつ薬局あさ店,山陽小野田市大字郡４４５－４,0836-71-1220,株式会社ハイ・メディカル　代表取締役　内野　絵里子,竹本　周平,,,平31. 1. 1,yakkyoku
薬局,35,1640284,めぐみ薬局,山陽小野田市大字厚狭１４４４－９,0836-71-2117,株式会社Ｎ・Ｒ　代表取締役　倉橋　克也,伊藤　由紀枝,,,令2. 7. 1,yakkyoku
薬局,35,1640292,きずな薬局,山陽小野田市大字津布田２５０１－１,0836-79-0001,株式会社コスモファーマシー　代表取締役　高橋　徹,岡　浩一,,,令2. 12. 1,yakkyoku
薬局,35,1640318,セントラル薬局,山陽小野田市中央１丁目５番２２号,0836-83-2646,株式会社Ｎ・Ｒ　代表取締役　倉橋　克也,西村　秀治,,,令5. 10. 1,yakkyoku
薬局,35,1640326,ウォンツ竜王薬局,山陽小野田市北竜王町１５番２４号,0836-38-5327,株式会社ツルハグループドラッグ＆ファーマシー西日本　代表取締役　村上　正一,福本　大輔,,,令6. 4. 1,yakkyoku
薬局,35,1640334,さゆり薬局,山陽小野田市大字小野田１３１５－３０,0836-81-1150,フラワーブロスＴＭＳ株式会社　代表取締役　青木　淳一,伊藤　峰子,,,令6. 3. 1,yakkyoku
薬局,35,1640342,ひまわり薬局,山陽小野田市日の出四丁目５番２号,0836-84-4100,フラワーブロスＴＭＳ株式会社　代表取締役　青木　淳一,光永　麻衣子,,,令6. 3. 1,yakkyoku
薬局,35,1640359,さつき薬局,山陽小野田市北竜王町１０番８号,0836-81-2177,フラワーブロスＴＭＳ株式会社　代表取締役　青木　淳一,柳原　麻理,,,令6. 3. 1,yakkyoku
薬局,35,1640367,つくし薬局,山陽小野田市大字鴨庄１１番１３,0836-71-0555,フラワーブロスＴＭＳ株式会社　代表取締役　青木　淳一,渡邊　亜由子,,,令6. 3. 1,yakkyoku
薬局,35,1640383,南小野田薬局,山陽小野田市南竜王町１番２０号,0836-81-0608,株式会社　彩ファーマシー　代表取締役　原田　秀明,原田　知子,,,令7. 7. 1,yakkyoku
薬局,35,1640391,クローバー薬局,山陽小野田市中川６－６６６２,0836-38-5195,株式会社　青葉堂　代表取締役　野村　卓三,松原　隆,,,令8. 4. 1,yakkyoku
薬局,35,7140198,銀座屋薬局,大島郡周防大島町大字久賀４５５６の１,0820-72-0274,上村　晃,上村　八重美,,,平8. 9. 1,yakkyoku
薬局,35,7140297,久賀薬局,大島郡周防大島町大字久賀５３８１の７,0820-79-0918,有限会社　イワシゲ　代表取締役　岩重　秀二,岩重　秀二,,,平14. 4. 1,yakkyoku
薬局,35,7140313,みかん薬局,大島郡周防大島町大字土居８５１の２,0820-73-0270,有限会社若草　代表取締役　内本　早苗,小柳　佳子,,,平15. 8. 1,yakkyoku
薬局,35,7140339,ふじたに薬局,大島郡周防大島町大字小松５５６の３,0820-74-4528,ザイタック株式会社　代表取締役　平尾　真,北庄司　真也,,,令4. 9. 1,yakkyoku
薬局,35,7140354,三陽堂薬局,大島郡周防大島町大字東安下庄２９３９番地１２,0820-77-0245,泉原　顕夫,泉原　顕夫,,,令8. 2. 10,yakkyoku
薬局,35,7140362,さくら薬局,大島郡周防大島町大字土居横田７６４－４,0820-73-1118,株式会社　青葉堂　代表取締役　野村　卓三,岩﨑　郁弥,,,令8. 4. 1,yakkyoku
薬局,35,7240253,かわち薬局,玖珂郡和木町和木２丁目８番１９号,08275-2-6288,有限会社かわち薬局　代表取締役　佐伯　浩子,佐伯　浩子,,,平6. 1. 1,yakkyoku
薬局,35,7240295,岡山漢方薬局,岩国市玖珂町５１４の１,0827-82-5280,岡山　得秀,岡山　得秀,,,平10. 10. 1,yakkyoku
薬局,35,7240329,いちご薬局本町店,岩国市玖珂町５９５１,0827-81-1515,有限会社幸生　代表取締役　中村　嘉孝,山元　美弥子,,,平11. 5. 1,yakkyoku
薬局,35,7240360,ワキ薬局,玖珂郡和木町和木３丁目１番８号,0827-53-3392,有限会社ワキ調剤薬局　代表取締役　岡村　直哉,佐々　美加子,,,平14. 8. 1,yakkyoku
薬局,35,7240378,りぼん薬局,岩国市玖珂町５５８の７,0827-81-1850,有限会社　新生　代表取締役　弘永　芳則,弘永　芳則,,,平14. 10. 1,yakkyoku
薬局,35,7240386,あい薬局,岩国市周東町下久原１０２３の７,0827-83-1888,有限会社　参輪　代表取締役社長　鶴田　新,村重　宜宏,,,平15. 5. 1,yakkyoku
薬局,35,7340095,よなみや薬局,熊毛郡平生町大字宇佐木２５９の１４,0820-56-4738,岩立　泰昌,岩立　泰昌,,,平7. 12. 6,yakkyoku
薬局,35,7340277,あおぞら薬局,熊毛郡平生町大字平生村５５３の１１,0820-57-3378,有限会社　ＹＯＵ　代表取締役　田　裕子,田　裕子,,,平18. 8. 1,yakkyoku
薬局,35,7340293,ひかる薬局　平生店,熊毛郡平生町佐賀森ノ上２２８７の３,0820-58-1193,有限会社ぴゅあ　代表取締役　福島　由美,吉村　信子,,,平22. 5. 1,yakkyoku
薬局,35,7340301,くるる薬局,熊毛郡平生町大字平生村６７１－８,0820-56-0600,株式会社　伊藤　代表取締役　石井　真澄,足立　博,,,平22. 7. 1,yakkyoku
薬局,35,7340327,日之出薬局,熊毛郡田布施町下田布施７０４－１,0820-52-5022,宇賀　美香子,宇賀　美香子,,,平24. 8. 31,yakkyoku
薬局,35,7340343,オリーブ薬局平生店,熊毛郡平生町大字平生町字角浜５６９－１,0820-25-3315,株式会社エスマイル　代表取締役　大下　訓生,佐藤　裕美,,,平25. 8. 1,yakkyoku
薬局,35,7340350,花のまち上関薬局,熊毛郡上関町大字室津５５２－９,0820-62-0073,岡　久子,松葉　幸男,,,平27. 9. 1,yakkyoku
薬局,35,7340392,周東薬局,熊毛郡平生町平生村７６５－２,0820-57-3700,株式会社　青葉堂　代表取締役　野村　卓三,小河原　由紀,,,令8. 4. 1,yakkyoku
薬局,35,7440127,鹿野薬局,周南市大字鹿野下１２３３の１,0834-68-5050,岡崎薬品株式会社　代表取締役　岡崎　不二夫,寺戸　政紘,,,平9. 2. 1,yakkyoku
薬局,35,7640197,オオタ薬局,山口市小郡新町四丁目２番１７号,083-973-5508,有限会社オオタ薬局　代表取締役　大田　一則,大田　真一,,,平元. 10. 1,yakkyoku
薬局,35,7640221,ヤマネ薬局小郡店,山口市小郡令和１－３－１,083-972-4880,山根　康生,山根　章子,,,平6. 3. 1,yakkyoku
薬局,35,7640247,秀栄薬局,山口市小郡本町２丁目７番２１号,083-973-6977,株式会社ライジング企画　代表取締役　稲村　拓郎,渡邉　美智子,,,平6. 4. 1,yakkyoku
薬局,35,7640338,光ヶ丘薬局,山口市小郡新町七丁目１番３７号,083-972-6778,有限会社ベスタ　代表取締役　馬場　俊彰,浅海　雅子,,,平9. 9. 1,yakkyoku
薬局,35,7640387,山口介護保険薬局,山口市小郡平砂町７番６号,083-974-2356,株式会社　エス・エム・シー　代表取締役　金子　周行,實森　正敏,,,平11. 1. 4,yakkyoku
薬局,35,7640395,おごおり薬局,山口市小郡下郷８６６の４,083-974-1660,株式会社ＡＮＮＯ－Ｍ　代表取締役　阿武　幸美,部坂　理恵子,,,平11. 10. 1,yakkyoku
薬局,35,7640437,メディカルパーク薬局,山口市小郡長谷１丁目１番５号,083-976-0788,有限会社　えびす　代表取締役　野口　晴雄,政井　勇樹,,,平14. 9. 1,yakkyoku
薬局,35,7640445,ホワイト薬局,山口市小郡中央通７番２６号,083-973-6663,株式会社ライジング企画　代表取締役　稲村　拓郎,森田　伸,,,平15. 7. 1,yakkyoku
薬局,35,7640452,石川薬局,山口市小郡明治一丁目２番５号,083-972-1262,石川　久稔,石川　久稔,,,平15. 10. 1,yakkyoku
薬局,35,7740021,ハラダ薬局,山陽小野田市大字埴生８２９,0836-76-0024,原田　美智子,原田　美智子,,,昭47. 3. 1,yakkyoku
薬局,35,7740112,さんよう薬局,山陽小野田市大字厚狭１０４２の１,0836-73-0809,吉武　孝二,吉武　正弘,,,平10. 9. 1,yakkyoku
薬局,35,7740187,あさ薬局,山陽小野田市大字厚狭１４３４の１,0836-71-1311,有限会社　あさ薬局　代表取締役　浅山　茂,河野　めぐみ,,,平15. 3. 1,yakkyoku
薬局,35,7840227,篠原薬局,下関市豊浦町大字小串７の７,083-772-3624,有限会社篠原薬局　代表取締役　篠原　孝則,篠原　孝則,,,平6. 8. 1,yakkyoku
薬局,35,7840243,さつき薬局,下関市豊北町大字阿川３７９５の３,083-786-5066,有限会社友城　代表取締役　名尾　徹,西谷　弥生,,,平10. 4. 1,yakkyoku
薬局,35,7840268,みずき薬局,下関市豊北町大字神田上２７５８の２,083-788-5921,有限会社水城　代表取締役　上田　　諭,﨑田　長,,,平13. 8. 1,yakkyoku
薬局,35,7840292,こぐし薬局,下関市豊浦町大字小串１９５の１１,083-774-4030,有限会社ファーマシィ・ブロス　代表取締役　吹上　敏,石田　英次郎,,,平15. 3. 1,yakkyoku
薬局,35,7840300,フラワー薬局ほたるの里店,下関市豊田町大字矢田２２０の３,083-767-0491,ザイタック株式会社　代表取締役　平尾　真,小栁　昌壽,,,平15. 4. 1,yakkyoku
薬局,35,7940092,美秋薬局,美祢市美東町大田３８１０の１４,08396-2-1711,株式会社ライジング企画　代表取締役　稲村　拓郎,後　理加,,,平11. 12. 27,yakkyoku
薬局,35,7940118,ファミリー薬局秋芳店,美祢市秋芳町秋吉５４４１の４,0837-63-1611,株式会社ジーオーエフ　代表取締役　大森　恵司,北川　建,,,平18. 10. 1,yakkyoku
薬局,35,8040082,みすみ薬局,長門市三隅下１３６２の１,0837-43-2688,有限会社みすみ薬局　代表取締役　岡本　旬史,岡本　旬史,,,平10. 3. 1,yakkyoku
薬局,35,8140098,ナカモト薬局,萩市大字江崎１１１０の１,08387-2-0010,中本　光子,中本　伸也,,,昭63. 8. 23,yakkyoku
薬局,35,8140148,有限会社杉山薬局,萩市大字下田万１３３５の１,08387-3-0777,有限会社杉山薬局　代表取締役　杦山　正康,杦山　正康,,,平13. 2. 1,yakkyoku
薬局,35,8140163,株式会社　くぼた薬局,阿武郡阿武町大字奈古２３１３の２,08388-2-3217,株式会社　くぼた薬局　代表取締役　久保田　龍裕,久保田　龍裕,,,平19. 12. 1,yakkyoku
