med_type,pref_code,med_code,name,address,phone,opener,manager,depts,beds,designated_date,source
診療所,10,0100202,太田皮膚科医院,前橋市本町１－１０－６,027-231-3680,太田　美つ子,太田　美つ子,皮,,昭32. 5. 1,ika
診療所,10,0100251,さとうレディースクリニック,前橋市表町２－２０－１７,027-224-7606,佐藤　泉,佐藤　泉,婦　産　内,,昭32. 5. 1,ika
診療所,10,0100392,木村医院,前橋市平和町２－１－７,027-231-3070,木村　明夫,木村　明夫,内　呼　消　循　外　皮　アレ,,昭32. 5. 1,ika
診療所,10,0100491,大川こどもクリニック,前橋市上泉町２３－１,027-231-5288,大川　秀明,大川　秀明,小　アレ　皮,,平20. 4. 1,ika
診療所,10,0100822,齋藤医院,前橋市朝日町４－２０－１５,027-224-7134,齋藤　典之,齋藤　典之,内　小　循環器内科,,平21. 2. 23,ika
診療所,10,0101408,塩崎内科医院,前橋市文京町３－１０－１０,027-221-8063,塩崎　宏子,塩崎　宏子,内科　血液内科,,平11. 7. 25,ika
診療所,10,0101465,定方医院,前橋市亀里町１１０３番地１,027-265-0345,定方　宏人,定方　宏人,内,,平16. 12. 16,ika
診療所,10,0101531,高橋医院,前橋市東善町１７３－１,027-266-0203,新木　正隆,新木　正隆,内　小　外,,平21. 5. 1,ika
診療所,10,0101648,塙医院,前橋市日吉町４－５－５,027-231-5348,塙　光一,塙　光一,アレ　呼内　内,,平9. 1. 1,ika
診療所,10,0101655,関内科医院,前橋市天川大島町１－７－１２,027-224-4680,関　清之,関　清之,内　神内,,平8. 8. 23,ika
診療所,10,0101713,中村外科医院,前橋市文京町１丁目３３番１８号,027-221-3951,中村　光郎,中村　光郎,内　消　外　整外　皮　こう,,平15. 2. 7,ika
診療所,10,0101796,小竹整形外科,前橋市三俣町３－３０－１０,027-231-0495,小竹　俊之,小竹　俊之,外　整外　皮　リハ,,平12. 9. 1,ika
診療所,10,0101887,青山医院,前橋市古市町３５０,027-251-2861,青山　正洋,青山　正洋,内　神内　小　アレ,,平19. 6. 1,ika
診療所,10,0101978,大島整形外科医院,前橋市荒牧町２００２番地１,027-231-3711,大島　亨,大島　亨,整外,,平22. 1. 1,ika
診療所,10,0102125,小原沢耳鼻咽喉科医院,前橋市青柳町３６２,027-232-6314,小原沢　弘,小原沢　弘,耳い,,昭45. 4. 15,ika
診療所,10,0102174,梶田医院,前橋市上新田町２６３,027-251-3025,梶田　晶子,梶田　晶子,内　小,,昭46. 6. 26,ika
診療所,10,0102265,たき医院,前橋市大利根町１－３３－３,027-251-5101,滝沢　康,滝沢　康,外　皮　内　形外,,平8. 8. 6,ika
診療所,10,0102307,原口整形外科医院,前橋市総社町総社１１０３－８,027-252-6020,原口　輝男,原口　輝男,整外,,平16. 4. 2,ika
診療所,10,0102356,髙野医院,前橋市新前橋町１１－１１,027-252-5656,髙野　介佐,髙野　介佐,精　心内,,昭49. 2. 1,ika
診療所,10,0102620,鈴木小児科医院,前橋市後閑町１０－５,027-263-2967,鈴木　武雄,鈴木　武雄,小　内,,昭53. 8. 1,ika
診療所,10,0102786,田部医院,前橋市六供町五丁目２７番地３６,027-223-1061,田部　三男治,田部　三男治,内　消　外　こう,,平18. 7. 21,ika
診療所,10,0102794,若宮内科,前橋市日吉町４－４４－４７,027-234-6001,山田　邦子,山田　邦子,内　呼　消内,,昭55. 8. 1,ika
診療所,10,0103073,高橋眼科医院,前橋市元総社町２４３－１,027-252-8078,高橋　利光,高橋　利光,眼,,昭61. 4. 1,ika
診療所,10,0103370,下大島医院,前橋市下大島町７４０－７,027-266-0086,栗原　正英,栗原　正英,内　呼　消　循　アレ,,平3. 3. 1,ika
診療所,10,0103420,木村内科医院,前橋市箱田町４６３,027-253-8883,木村　徹,木村　徹,内　呼　胃　循　心内,,平3. 7. 15,ika
診療所,10,0103438,木村神経科医院,前橋市箱田町４６３,027-254-1110,木村　寛子,木村　寛子,精　神　心内,,平3. 7. 15,ika
診療所,10,0103487,剛医院,前橋市広瀬町３－１１－１,027-266-3566,小林　剛一,小林　剛一,内　胃　循　外　整外　呼,,平4. 11. 15,ika
診療所,10,0103495,野本クリニック,前橋市天川原町一丁目３２番地１６,027-223-6333,野本　文幸,野本　文幸,精　神　心内,,平4. 12. 15,ika
診療所,10,0103586,村谷胃腸科医院,前橋市朝倉町１７８－４,027-265-4141,村谷　貢,村谷　貢,内　胃　外　こう,,平6. 6. 1,ika
診療所,10,0103594,瀬下こどもクリニック,前橋市元総社町２２６５,027-255-3350,瀬下　隆之,瀬下　隆之,小,,平6. 7. 1,ika
診療所,10,0103610,岡野内科胃腸科医院,前橋市荒牧町一丁目１３番地１０,027-237-1200,岡野　博,岡野　博,内　呼　胃　循,,平6. 11. 1,ika
診療所,10,0103693,中野医院,前橋市新前橋町８－１５,027-290-1388,中野　秀彦,中野　秀彦,内　呼　胃,,平8. 8. 1,ika
診療所,10,0103768,前橋東クリニック,前橋市下大屋町５５８－９,027-268-2260,小野　浩一,小野　浩一,内　呼　循　小　アレ　リウ,,平9. 1. 15,ika
診療所,10,0103800,北條内科クリニック,前橋市嶺町８８－１０４,027-269-5503,北條　忍,北條　忍,内　呼　消　循　アレ,,平9. 10. 15,ika
診療所,10,0103818,小林内科胃腸科クリニック,前橋市朝倉町９３０－３,027-290-3200,小林　出,小林　出,内　呼　胃　循,,平9. 12. 1,ika
診療所,10,0103826,片山皮膚科医院,前橋市表町１－２５－１２,027-220-5191,片山　洋,片山　洋,皮,,平10. 1. 15,ika
診療所,10,0103925,みどり小児科,前橋市嶺町９０－３,027-269-8885,北條　みどり,北條　みどり,小,,平11. 11. 1,ika
診療所,10,0103958,せきねクリニック,前橋市関根町内山上６７６,027-260-6000,山浦　武彦,山浦　武彦,内　胃　外　整外　リハ,,平12. 3. 15,ika
診療所,10,0103974,工藤皮膚科医院,前橋市元総社町二丁目２９番地２,027-280-3663,工藤　隆弘,工藤　隆弘,皮　内,,平12. 4. 15,ika
診療所,10,0104006,佐治内科医院,前橋市端気町３７４－１５,027-264-3500,佐治　和喜,佐治　和喜,内　呼　循　小　アレ,,平12. 9. 1,ika
診療所,10,0104022,かたひら内科医院,前橋市下沖町３３５－１,027-230-8811,片平　均,片平　均,内科　血液内科　アレ　呼内　消化器内科　循環器内科,,平13. 1. 15,ika
診療所,10,0104030,鳥羽整形外科クリニック,前橋市紅雲町２－２１－１３,027-223-7700,鳥羽　和之,鳥羽　和之,整外　外　リハ　リウ,,平13. 9. 15,ika
診療所,10,0104048,かめい眼科,前橋市城東町１－３１－９,027-260-1200,亀井　陽,亀井　陽,眼,,平14. 6. 1,ika
診療所,10,0104055,結城眼科医院,前橋市西片貝町３丁目２８６番１,027-226-7575,結城　尚,結城　尚,眼,,平14. 6. 15,ika
診療所,10,0104071,とくい眼科,前橋市総社町総社１１８２－４,027-290-1091,得居　賢二,得居　賢二,眼,,平14. 10. 15,ika
診療所,10,0104121,土井内科医院,前橋市野中町１９１－２,027-261-7727,土井　一郎,土井　一郎,内　循　小,,平15. 12. 1,ika
診療所,10,0104204,小児科しもだクリニック,前橋市六供町二丁目４９番地２,027-220-1221,霜田　雅史,霜田　雅史,小,,平17. 6. 1,ika
診療所,10,0104238,町田内科クリニック,前橋市茂木町５－５,027-280-2800,町田　崇,町田　崇,内　消,,平17. 10. 1,ika
診療所,10,0104261,リハビリ整形外科みなみクリニック,前橋市川原町一丁目４９番地２,027-210-3737,南　龍野,南　龍野,整外　リハ　リウ,,平18. 4. 15,ika
診療所,10,0104279,樋越ペインクリニック,前橋市樋越町８９７番地,027-284-9911,小林　力,小林　力,麻　リハ,,平18. 5. 1,ika
診療所,10,0104311,前橋温泉クリニック,前橋市関根町二丁目１０番地１,027-230-1139,岩波　佳江子,岩波　佳江子,一般　整外　内　美容皮膚科,,平18. 7. 1,ika
診療所,10,0104329,あんずクリニック,前橋市朝倉町８２２番地１,027-210-0700,渡邊　泰雄,渡邊　泰雄,精　神　心内,,平18. 9. 1,ika
診療所,10,0104345,山王タウンクリニック,前橋市山王町一丁目２３番地３２,027-267-1130,伊藤　克彦,伊藤　克彦,内,,平18. 10. 15,ika
診療所,10,0104410,加藤クリニック,前橋市南町３－１９－２,027-210-6700,加藤　雄一,加藤　雄一,ひ　皮　内,,平19. 5. 1,ika
診療所,10,0104451,駒形メンタルクリニック,前橋市上増田町４２２－１,027-266-8880,佐藤　恒夫,佐藤　恒夫,精　神　心内,,平19. 10. 1,ika
診療所,10,0104477,馬場整形外科クリニック,前橋市石倉町２丁目２番７号,027-212-3625,馬場　秀幸,馬場　秀幸,整外　リハ　リウ,,平19. 11. 1,ika
診療所,10,0104485,ももかわ整形外科クリニック,前橋市荒牧町一丁目４０番地２５,027-233-8515,饗場　佐知子,饗場　佐知子,整外　リハ　外科　消化器外科,,平20. 5. 1,ika
診療所,10,0104493,まえはら内科,前橋市下小出町二丁目４０番地１５,027-212-7313,前原　忠史,前原　忠史,内科　血液内科　アレ　呼内,,平20. 5. 1,ika
診療所,10,0104519,いいづか耳鼻咽喉科,前橋市樋越町８９２,027-280-2111,飯塚　秀,飯塚　秀,耳い,,平21. 1. 1,ika
診療所,10,0104550,かとう心療クリニック,前橋市川端町１１２番地,027-289-0100,加藤　雅人,加藤　雅人,精　心内,,平21. 5. 1,ika
診療所,10,0104568,前橋プライマリ泌尿器科内科,前橋市上佐鳥町５１－３,027-289-4651,小野　芳啓,小野　芳啓,ひ　内　アレ,,平21. 11. 1,ika
診療所,10,0104600,込谷クリニック,前橋市岩神町４－２－５,027-231-0366,込谷　淳一,込谷　淳一,内　外　皮　消化器内科　肛門外科,,平22. 9. 1,ika
診療所,10,0104618,神宮医院,前橋市岩神町３－１８－１７,027-289-0500,神宮　俊哉,神宮　俊哉,内　整外　リハ,,平22. 10. 12,ika
診療所,10,0104634,齋藤医院,前橋市南町二丁目６６－２７,027-221-0258,齋藤　達也,齋藤　達也,内　呼内　消化器内科　循環器内科,,平22. 12. 1,ika
診療所,10,0104642,ささき整形外科,前橋市富士見町小暮８６７,027-288-2006,佐々木　泰,佐々木　泰,整外,,平23. 2. 1,ika
診療所,10,0104667,みやざき内科クリニック,前橋市元総社町２４６７－９,027-212-5000,宮﨑　昌久,宮﨑　昌久,内　アレ　呼内　循環器内科,,平23. 11. 1,ika
診療所,10,0104675,大学橋ファミリークリニック,前橋市関根町２－２１－９,027-212-6627,坂元　純,坂元　純,内　小　外　皮　小児皮　リハ　小外,,平23. 12. 1,ika
診療所,10,0104683,安部内科医院,前橋市南町３－３９－９,027-221-2339,安部　理,安部　理,内科　老年内科　呼内,,平24. 1. 1,ika
診療所,10,0104733,やました内科医院,前橋市亀泉町６０６－２,027-212-0148,山下　眞,山下　眞,内科　腎臓内科　糖尿病内科　呼内,,平24. 11. 1,ika
病院,10,0110037,独立行政法人地域医療機能推進機構群馬中央病院,前橋市紅雲町１－７－１３,027-221-8165,独立行政法人地域医療機能推進機構　理事長　山本　修一,内藤　浩,一般　内　糖尿病内分泌内　精　神内　呼内　消内　循内　小　外　消外　緩和ケア外　整外　小外　皮　ひ　肛門外　産婦　眼　耳い　リハ　放　麻　病理　歯,333,昭32. 5. 1,ika
病院,10,0110144,群馬県済生会前橋病院,前橋市上新田町５６４－１,027-252-6011,社会福祉法人恩賜財団済生会支部群馬県済生会　支部長　西田　保二,細内　康男,一般　一般　一般　一般　内　血液内　内分泌糖尿病内　肝内　心臓内　血管内　呼内　消内　循内　外　胃腸外　肝臓胆嚢膵臓外　乳腺外　整外　呼外　ひ　眼　リハ　放　麻　ペインクリニック内　ペインクリニック外　病理診断　大腸肛門外　人工透析内　腎臓リウマチ内　緩和ケア内　産婦　精　脳外,323,昭32. 5. 1,ika
病院,10,0110151,前橋協立病院,前橋市朝倉町８２８－１,027-265-3511,群馬中央医療生活協同組合　理事長　半澤　正,岩森　秀樹,一般　療養　内　小　外　整外　皮　産婦　眼　リハ　脳外,156,昭32. 5. 1,ika
診療所,10,0110169,前橋協立診療所,前橋市城東町３－１５－２８,027-231-6060,群馬中央医療生活協同組合　理事長　半澤　正,高柳　亮,内　胃,,平11. 4. 1,ika
病院,10,0110177,厩橋病院,前橋市江木町１２４１,027-269-2530,公益社団法人　前橋積善会　代表理事　神尾　聡,神尾　聡,精神　精　内,318,昭32. 5. 1,ika
診療所,10,0110201,地方職員共済組合　群馬診療所,前橋市大手町１－１－１,027-226-2474,地方職員共済組合　群馬県支部　支部長　山本　一太,須田　浩充,内,,昭34. 6. 1,ika
診療所,10,0110235,公益財団法人群馬県健康づくり財団診療所,前橋市堀之下町１６－１,027-269-7811,公益財団法人群馬県健康づくり財団　理事長　須藤　英仁,黒岩　敬,内　消　外　婦　放　病理,,昭37. 8. 15,ika
病院,10,0110243,赤城病院,前橋市江木町１０７２,027-269-5111,医療法人　高柳会　理事長　関口　秀文,関口　秀文,精神　精神科　睡眠障害精神科　心内　内科　睡眠障害内科　救急科　リハ　呼吸器内科　消化器内科,228,昭38. 10. 1,ika
診療所,10,0110326,医療法人　新井胃腸科診療所,前橋市昭和町１－１６－１０,027-231-2083,医療法人　新井胃腸科診療所　理事長　岸川　一郎,岸川　一郎,胃　内　外,,平13. 4. 1,ika
診療所,10,0110342,前橋広瀬川クリニック,前橋市千代田町二丁目１０番９号,027-231-4101,医療法人社団三矢会　理事長　矢野　新太郎,篠原　正彦,一般　内　腎臓内　糖尿病内　循内　リウ　消内,,平20. 12. 1,ika
病院,10,0110359,公益財団法人　老年病研究所附属病院,前橋市大友町３－２６－８,027-253-3311,公益財団法人　老年病研究所　理事長　高玉　真光,佐藤　圭司,一般　療養　内　脳神経内　消内　循内　整外　脳外　皮　ひ　眼　リハ　麻　リウ　病理　放　心外　歯　歯外　精　心内,253,昭56. 12. 1,ika
病院,10,0110375,医療法人　中沢会　上毛病院,前橋市下大島町５９６－１,027-266-1482,医療法人　中沢会　理事長　服部　真弓,服部　徳昭,一般　精神　精神科　児童精神科　心内　神内　外　内　整外　リハ　婦　形外　歯　消化器内科　循環器内科　麻,314,昭59. 5. 1,ika
診療所,10,0110425,医療法人　木暮医院,前橋市清野町１０４－１,027-251-9101,医療法人　木暮医院　理事長　木暮　正美,木暮　正美,内　循　小　外　整外,,昭62. 3. 2,ika
診療所,10,0110458,すぐた医院ゆう子キッズクリニック,前橋市光が丘町１０－６,027-251-5622,医療法人　すぐた医院　理事長　直田　祐子,直田　祐子,内　小,,昭62. 7. 1,ika
診療所,10,0110466,いまいウイメンズクリニック,前橋市東片貝町８７５,027-221-1000,医療法人晴方会いまいウイメンズクリニック　理事長　今井　昭満,今井　文晴,産婦　内,,昭62. 7. 1,ika
診療所,10,0110482,医療法人　五十嵐皮膚科医院,前橋市城東町三丁目１０番２号,027-232-1023,医療法人　五十嵐皮膚科医院　理事長　五十嵐　直弥,五十嵐　直弥,皮,,平21. 6. 5,ika
病院,10,0110516,医療法人　積心会　富沢病院,前橋市朝日町４－１７－１,027-224-3955,医療法人　積心会　理事長　富沢　政信,富沢　政信,一般　療養　内　消　循　外　整外　リハ　麻,,昭62. 7. 1,ika
診療所,10,0110524,総社町内科皮膚科,前橋市総社町３－２－５,027-252-1333,医療法人　総社町内科深沢医院　理事長　谷津　尚吾,谷津　尚吾,心臓血管内科　胃腸内科　皮,,昭62. 7. 1,ika
診療所,10,0110540,上小出クリニック,前橋市上小出町２－４２－５,027-231-1069,医療法人　斉藤内科泌尿器科医院　理事長　斎藤　浩,斎藤　浩,内　ひ,,昭62. 12. 1,ika
診療所,10,0110557,医療法人浩心会　おおつか内科クリニック,前橋市大友町３－２３－４,027-252-6006,医療法人浩心会　理事長　大塚　敏之,大塚　敏之,内　呼内　アレ　整外　外　消内　循内,,昭62. 12. 1,ika
診療所,10,0110599,医療法人　瀬田医院,前橋市龍蔵寺町１０３,027-232-5658,医療法人　瀬田医院　理事長　瀬田　享博,瀬田　享博,内　胃　循,,昭64. 1. 1,ika
診療所,10,0110623,かいがやみずきクリニック,前橋市三俣町２－１１－２０,027-232-6435,医療法人　勇久会　理事長　登田　久子,登田　久子,内,,昭64. 1. 1,ika
診療所,10,0110631,医療法人　春山医院,前橋市日吉町２－８－５,027-233-1551,医療法人　春山医院　理事長　春山　厚,春山　厚,内　脳内　老年内科,,昭64. 1. 1,ika
診療所,10,0110656,けやきクリニック,前橋市天川町１６６６－１,027-263-1018,医療法人燿仁会　理事長　田中　雅彦,田中　雅彦,内　胃腸内科　外　整外　肛門外科,,昭64. 1. 1,ika
病院,10,0110672,医療法人　社団　敬寿会　前橋城南病院,前橋市富田町１１７２－１,027-268-4111,医療法人　社団　敬寿会　理事長　関口　秀文,上間　貴子,一般　療養　内　精　循環器腎臓内科　外　肛門外科　心内　消化器内科,101,平元. 2. 1,ika
診療所,10,0110680,医療法人　全人会　前橋皮膚科医院,前橋市昭和町１－７－１７,027-231-8675,医療法人　全人会　前橋皮膚科医院　理事長　大川　司,大川　司,皮　アレ,,平元. 3. 1,ika
診療所,10,0110755,医療法人　竹越耳鼻咽喉科医院,前橋市住吉町１－１６－１２,027-231-3658,医療法人　竹越耳鼻咽喉科医院　理事長　竹越　哲男,竹越　哲男,耳,,平元. 3. 1,ika
診療所,10,0110763,医療法人　嵯峨小児科医院,前橋市青柳町４９４,027-232-1188,医療法人　嵯峨小児科医院　理事長　嵯峨　六雄,村松　礼子,小　アレ,,平元. 3. 1,ika
診療所,10,0110771,医療法人　金古医院,前橋市日吉町３－２６－３,027-233-1131,医療法人　金古医院　理事長　金古　康,金古　康,肛門外　消外　外　肛門内　内視鏡内　内　胃腸内　消内,,平元. 3. 1,ika
診療所,10,0110789,医療法人　伊藤内科小児科医院,前橋市高花台１－９－８,027-269-5611,医療法人　伊藤内科小児科医院　理事長　伊藤　勝廣,伊藤　勝廣,内　神内　循　小,,平元. 3. 1,ika
診療所,10,0110797,医療法人　赤沢耳鼻咽喉科医院,前橋市城東町５－８－４,027-232-7691,医療法人　赤沢耳鼻咽喉科医院　理事長　瀬　理恵子,瀬　理恵子,耳,,平元. 3. 1,ika
診療所,10,0110805,下田内科医院,前橋市南町３－６４－１３,027-221-3155,医療法人社団翠彩会　理事長　下田　隆也,下田　隆也,内　呼　消　循　アレ,,平元. 3. 1,ika
病院,10,0110847,上武呼吸器科内科病院,前橋市田口町５８６－１,027-232-5000,医療法人　一羊会　上武呼吸器科内科病院　理事長　笛木　直人,土橋　邦生,一般　療養　内　神内　リハ　アレ　呼内　消化器内科　循環器内科,,平元. 8. 1,ika
診療所,10,0110862,伊藤内科医院,前橋市下小出町２－４９－１６,027-232-0537,医療法人　伊藤内科医院　理事長　伊藤　雄一,伊藤　雄一,内　循　呼　胃,,平元. 11. 1,ika
診療所,10,0110870,殿岡内科医院,前橋市天川原町二丁目２４７－５,027-221-1599,医療法人　幸生会　理事長　殿岡　伸彦,殿岡　伸彦,内科　糖尿病内科　呼　消　循,,平元. 11. 1,ika
診療所,10,0110912,医療法人　社団　横地眼科医院,前橋市平和町２－５－３,027-231-5330,医療法人　社団　横地眼科医院　理事長　横地　みどり,横地　みどり,眼,,平2. 11. 1,ika
診療所,10,0110920,豊田内科医院,前橋市上小出町１－３０－１,027-234-1223,医療法人　豊田内科医院　理事長　豊田　満夫,豊田　満夫,内　呼　消　循,,平2. 11. 1,ika
診療所,10,0110938,馬場内科医院,前橋市上泉町１０１－１,027-223-5301,医療法人　馬場内科医院　理事長　馬場　曻,馬場　曻,内　循,,平3. 12. 2,ika
診療所,10,0111019,望月皮膚科医院,前橋市朝日町２－１８－１,027-224-4693,医療法人　望月皮膚科医院　理事長　望月　和子,望月　和子,皮,,平5. 9. 1,ika
診療所,10,0111027,内田外科医院,前橋市西片貝町２－２８５,027-224-5061,医療法人　朱音会　理事長　内田　聡,内田　聡,外　胃内　胃外　消内　消外　内,,平5. 9. 1,ika
診療所,10,0111035,山下医院,前橋市城東町４－１１－１７,027-231-3726,医療法人　山下医院　理事長　山下　由起子,山下　由起子,外　消　内,,平5. 9. 1,ika
診療所,10,0111050,橋爪耳鼻咽喉科医院,前橋市本町１－３－２,027-221-2745,医療法人　社団　橋爪耳鼻咽喉科医院　理事長　橋爪　一彦,橋爪　一彦,耳,,昭32. 5. 1,ika
診療所,10,0111068,上泉内科,前橋市上泉町１４７７－７,027-269-1682,医療法人　社団　上泉内科　理事長　中村　和直,中村　和直,内　胃　小,,平5. 12. 1,ika
診療所,10,0111076,富沢医院,前橋市江田町５８０,027-251-5414,医療法人　富沢医院　理事長　富澤　誠,富澤　誠,内　胃　外　こう,,平6. 1. 1,ika
診療所,10,0111084,髙栁　胃と大腸の内視鏡クリニック,前橋市荻窪町１２０３番地１,027-269-8880,医療法人　髙栁胃腸科・外科　理事長　髙栁　大輔,髙栁　大輔,消化器内科　内　外　肛門外科,,平6. 3. 1,ika
診療所,10,0111118,清王寺クリニック,前橋市日吉町３－２３－１,027-234-4313,医療法人　社団　清王寺クリニック　理事長　中屋　美令,中屋　美令,精　心内,,平7. 3. 1,ika
診療所,10,0111126,宮久保眼科,前橋市荒牧町二丁目３番地１５,027-234-3511,医療法人　春光会　理事長　宮久保　純子,宮久保　純子,一般　眼,,平7. 5. 1,ika
診療所,10,0111142,医療法人　新前橋耳鼻咽喉科医院,前橋市古市町１－４８－６,027-253-6170,医療法人　新前橋耳鼻咽喉科医院　理事長　豊田　篤,豊田　篤,耳い,,平8. 1. 1,ika
診療所,10,0111159,掛川医院,前橋市総社町２－４－８,027-251-0415,医療法人　掛川医院　理事長　掛川　洋人,掛川　洋人,内　外　整外,,平8. 1. 1,ika
診療所,10,0111175,富士たちばなクリニック,前橋市日輪寺町３４２－２,027-230-1155,医療法人　富士たちばなクリニック　理事長　名倉　隆夫,名倉　隆夫,内　循　呼,,平8. 4. 15,ika
診療所,10,0111183,町井耳鼻咽喉科,前橋市文京町２－１４－６,027-221-2551,医療法人　町井耳鼻咽喉科　理事長　町井　一史,町井　一史,耳い,,平8. 7. 1,ika
診療所,10,0111217,医療法人　中嶋小児科医院,前橋市江木町１４０８－１,027-261-9299,医療法人　中嶋小児科医院　理事長　中嶋　直樹,中嶋　直樹,小,,平8. 12. 1,ika
診療所,10,0111225,清宮医院,前橋市紅雲町２－１２－１０,027-221-6518,医療法人　社団　清宮医院　理事長　清宮　和之,清宮　和之,内　呼　消,,平9. 1. 1,ika
診療所,10,0111233,増田整形外科医院,前橋市高花台１－９－１,027-269-6222,医療法人　晴山会　理事長　増田　士郎,増田　士郎,整外　リハ,,平9. 4. 1,ika
診療所,10,0111241,医療法人　田小児科医院,前橋市箱田町字村北３９５－３,027-253-7733,医療法人　田小児科医院　理事長　田　昭子,田　昭子,小,,平9. 4. 1,ika
診療所,10,0111258,栗林小児科医院,前橋市平和町２－７－１,027-231-7114,医療法人　社団　志翠会　栗林小児科医院　理事長　栗林　俊夫,栗林　俊夫,小　内,,平9. 8. 1,ika
診療所,10,0111274,医療法人相生会　若松記念西片貝クリニック,前橋市西片貝町３－２９２,027-223-6533,医療法人　相生会　理事長　石川　隆,加家壁　健,一般　内科　腎臓内科　循環器内科　リウ,,平10. 3. 1,ika
診療所,10,0111282,いまいずみ小児科,前橋市本町１－１１－８,027-220-1333,医療法人　仁愛会　理事長　今泉　友一,今泉　友一,小　精　内,,平10. 4. 1,ika
診療所,10,0111308,須田こどもクリニック,前橋市後閑町４０６－２,027-265-6777,医療法人　浩信会　理事長　須田　浩充,須田　浩充,小　内　アレ,,平10. 4. 1,ika
病院,10,0111324,医療法人相生会　若松記念わかば病院,前橋市新前橋町３－３,027-255-5252,医療法人　相生会　理事長　石川　隆,石川　隆,一般　療養　内　循内　リウ　外　整外　皮　リハ　呼内,,平10. 10. 1,ika
診療所,10,0111332,公益財団法人　老年病研究所　附属高玉診療所,前橋市本町１－１７－４,027-223-1414,公益財団法人　老年病研究所　理事長　高玉　真光,佐藤　美恵,内　神内　麻,,平11. 1. 1,ika
診療所,10,0111340,医療法人　ほんま小児科,前橋市上佐鳥町７２２－３,0272-90-3131,医療法人　ほんま小児科　理事長　本間　哲夫,本間　哲夫,小,,平11. 4. 1,ika
診療所,10,0111357,小川内科医院,前橋市荒牧町二丁目２８－２０,027-234-3311,医療法人　創生会　理事長　小川　重直,小川　重直,内　呼内　消化器内科　循環器内科,,平11. 5. 1,ika
診療所,10,0111365,村上皮膚科医院,前橋市下大島町字西屋浦７４３－２,027-267-0188,医療法人広人会　村上皮膚科医院　理事長　村上　静幹,村上　静幹,皮,,平12. 1. 4,ika
診療所,10,0111373,中嶋医院,前橋市小屋原町９７６－１,027-266-1601,医療法人　社団　中嶋会　理事長　中嶋　仁,中嶋　仁,一般　療養　外　循　胃　皮　整外　ひ,,平12. 4. 1,ika
診療所,10,0111381,中沢クリニック,前橋市若宮町４－８－１８,027-230-1220,医療法人　康和会　理事長　中澤　康夫,中澤　康夫,皮　ひ,,平12. 8. 1,ika
診療所,10,0111399,さるきクリニック,前橋市青梨子町１７８,027-210-7171,医療法人　さるきクリニック　理事長　猿木　和久,猿木　和久,一般　ひ　内　小,,平13. 1. 1,ika
病院,10,0111407,医療法人　前橋北病院,前橋市下細井町６９２,027-235-3333,医療法人　前橋北病院　理事長　徳島　眞彦,徳島　眞彦,一般　内　内分泌内　脳神経内　呼　消　循　アレ,,平13. 3. 1,ika
診療所,10,0111431,川島クリニック,前橋市西片貝町１－２１２－３,027-260-1187,医療法人　秀穎会　理事長　川島　秀夫,川島　秀夫,耳い,,平13. 12. 1,ika
診療所,10,0111449,こなか医院,前橋市総社町総社２６２８,027-280-5570,医療法人　健英会　理事長　小中　俊太郎,小中　俊太郎,内　呼　胃　循　アレ,,平13. 12. 1,ika
診療所,10,0111456,すがの眼科　古市クリニック,前橋市古市町１－４－１４,027-210-8181,医療法人　光絢会　理事長　菅野　裕丈,菅野　裕丈,眼,,平14. 4. 1,ika
診療所,10,0111464,もてぎ内科医院,前橋市上増田町５１０,027-266-5671,医療法人　一通会　理事長　茂木　一通,茂木　一通,内　呼　消　循,,平14. 4. 1,ika
診療所,10,0111472,医療法人　田中醫院,前橋市千代田町１－５－５,027-231-2443,医療法人　田中醫院　理事長　田中　義,田中　義,内,,平14. 4. 1,ika
診療所,10,0111480,いながき内科医院,前橋市下阿内町３６２－１,027-265-5515,医療法人　鶴亀会　理事長　稲垣　護,稲垣　護,内　呼　アレ,,平14. 8. 1,ika
診療所,10,0111506,こぶな整形外科医院,前橋市後閑町３１１番地２,027-261-7600,医療法人公雄会　理事長　小鮒　保雄,小鮒　保雄,整外　リハ　リウ,,平14. 12. 1,ika
診療所,10,0111514,八代医院,前橋市川曲町２５番地４,027-255-0846,医療法人エイト　理事長　八代　邦彦,八代　邦彦,内　精　神,,平14. 12. 1,ika
診療所,10,0111530,あさくらスポーツリハビリテーションクリニック,前橋市朝倉町２４９番地１,027-265-6522,医療法人　恵泉会　理事長　宮本　克彦,樋口　博,一般　整外　リハ,,平15. 12. 1,ika
診療所,10,0111548,いとうレディースクリニック,前橋市朝倉町８６７番地３,027-290-3531,医療法人英会　理事長　伊藤　晃子,伊藤　晃子,婦　産　内　精　心内,,平15. 12. 1,ika
診療所,10,0111555,医療法人みちの会道下産婦人科医院,前橋市平和町１丁目７の３,027-231-7821,医療法人みちの会道下産婦人科医院　理事長　道下　正彦,道下　正彦,産婦,,平15. 12. 15,ika
診療所,10,0111571,ひまわり眼科,前橋市青柳町１８３番地８,027-230-1230,医療法人社団はるか会　理事長　中藏　信一,中藏　信一,眼,,平16. 8. 1,ika
診療所,10,0111589,あらいクリニック,前橋市元総社町８４８番地７,027-253-0100,医療法人あらいクリニック　理事長　新井　和男,新井　和男,外　胃　内　こう　リハ,,平16. 8. 1,ika
診療所,10,0111605,深沢整形外科,前橋市西片貝町三丁目１２４番２,027-220-5277,医療法人桐の葉会　理事長　深澤　直樹,深澤　直樹,整外　リハ　リウ,,平16. 12. 1,ika
診療所,10,0111613,すがの内科医院,前橋市総社町植野３２８番地５,027-256-8121,医療法人幸仁会　理事長　菅野　仁平,菅野　仁平,内　脳内　循内　消内,,平16. 12. 1,ika
診療所,10,0111639,わかまつ循環器内科糖尿病内科クリニック,前橋市西片貝町五丁目１９番地２０,027-243-8700,医療法人秀心会　理事長　若松　翔,若松　秀,循環器内科　内科　糖尿病内科　呼内　消化器内科,,平17. 4. 1,ika
診療所,10,0111654,ケンクリニック,前橋市南町３丁目１１番地２　４階,027-225-0015,医療法人喜志会　理事長　溝口　健介,溝口　健介,精　心内,,平17. 12. 1,ika
病院,10,0111662,横田マタニティーホスピタル,前橋市下小出町１丁目５－２２,027-219-4103,医療法人愛弘会　理事長　横田　佳昌,横田　英巳,一般　産　婦　麻　精　生殖医療婦人科　乳腺外科　小,,平18. 2. 6,ika
診療所,10,0111670,医療法人社団三矢会　上毛大橋クリニック,前橋市川原町一丁目４９番地６,027-237-2800,医療法人社団三矢会　理事長　矢野　新太郎,重原　哲也,一般　内　腎臓内　糖尿病内　リハ　リウ　消内　循内　皮,,平18. 2. 15,ika
診療所,10,0111696,萩原内科医院,前橋市荒子町１５８５番地２,027-268-1415,医療法人榮知会　理事長　萩原　廣明,萩原　廣明,内　胃内　呼内　循内,,平18. 4. 1,ika
診療所,10,0111704,医療法人　社団　一郎会　狩野外科医院,前橋市日吉町四丁目４５番地１,027-231-7025,医療法人社団一郎会狩野外科医院　理事長　狩野　貴之,狩野　貴之,外　消外　乳腺外　内　皮　消内,,平18. 8. 1,ika
診療所,10,0111712,園田整形外科医院,前橋市総社町高井１３３番地１,027-255-0100,医療法人社団曜三会園田整形外科医院　理事長　園田　洋,園田　洋,整外　リハ　リウ,,平18. 8. 1,ika
診療所,10,0111720,竹澤小児科クリニック,前橋市上小出町二丁目３７番地１６,027-260-7750,医療法人すえき会　理事長　竹澤　伸子,竹澤　伸子,小,,平18. 8. 1,ika
診療所,10,0111738,山口内科クリニック,前橋市上沖町２５２番１,027-260-6500,医療法人崇心会　理事長　山口　崇彦,山口　崇彦,内,,平18. 9. 1,ika
診療所,10,0111746,医療法人　しのはら小児科,前橋市上大島町８７３番地１,027-287-1515,医療法人　しのはら小児科　理事長　篠原　真,篠原　真,小,,平18. 12. 1,ika
診療所,10,0111787,斉藤クリニック耳鼻科,前橋市日輪寺町２３番地２,027-235-8880,医療法人淳光会　理事長　齊藤　淳一,齊藤　淳一,耳い,,平20. 5. 1,ika
診療所,10,0111795,マンモプラス竹尾クリニック,前橋市西片貝町三丁目３７９番地１,027-220-1577,医療法人健優会　理事長　竹尾　健,竹尾　健,乳腺外科　外科　内,,平20. 12. 1,ika
診療所,10,0111803,たけむら整形外科クリニック,前橋市箱田町１４７１番地１６,027-212-3266,医療法人たけむら整形外科クリニック　理事長　竹村　達弥,竹村　達弥,整外　リハ　リウ,,平20. 12. 1,ika
診療所,10,0111845,星医院,前橋市西善町２０４番地１,027-266-8600,医療法人星医院　理事長　星　廣人,星　廣人,一般　外　肛門外　内　肝臓内　糖尿病内　血液内　ひ　消内,,平21. 6. 1,ika
診療所,10,0111852,二子山クリニック,前橋市朝倉町一丁目３番１８号,027-263-1331,医療法人社団智心会　理事長　富田　智之,富田　智之,内　循環器内科,,平21. 10. 1,ika
診療所,10,0111860,整形外科とくまクリニック,前橋市総社町総社２７２３番地３,027-254-2611,医療法人とくまクリニック　理事長　德間　健太郎,德間　健太郎,整外　リハ　リウ,,平22. 1. 1,ika
診療所,10,0111886,ねぎし整形外科,前橋市東善町６８番地４,027-280-8686,医療法人ねぎし整形外科　理事長　橘　昌宏,橘　昌宏,整外　リハ　リウ,,平22. 1. 1,ika
診療所,10,0111894,大野内科クリニック,前橋市樋越町７１６番地１,027-284-9011,医療法人共恵会　理事長　大野　富雄,大野　富雄,内科　糖尿病内科　循環器内科,,平22. 8. 1,ika
診療所,10,0111910,家崎医院,前橋市南町二丁目１０番地１０,027-221-7888,医療法人あすなろ会　理事長　家崎　桂吾,家崎　桂吾,内　胃腸内科,,平22. 10. 1,ika
診療所,10,0111944,小野内科クリニック,前橋市川原町二丁目２２番地４,027-212-8852,医療法人守生会　理事長　小野　久米夫,小野　久米夫,内科　糖尿病内科　腎臓内科　循環器内科　リウ,,平23. 5. 1,ika
診療所,10,0111951,菊池内科クリニック,前橋市青梨子町字八幡８１１番地４,027-219-3356,医療法人菊池内科クリニック　理事長　菊池　孝,菊池　孝,内科　糖尿病内科,,平23. 6. 1,ika
診療所,10,0111977,医療法人俊礼会おかむらクリニック,前橋市西片貝町三丁目１２５番地１,027-223-8088,医療法人俊礼会おかむらクリニック　理事長　岡村　俊哉,岡村　俊哉,皮　形外,,平23. 8. 1,ika
診療所,10,0111993,医療法人光風会　飯塚医院,前橋市荒口町５２５番地３,027-268-5600,医療法人光風会飯塚医院　理事長　飯塚　春尚,飯塚　春尚,内　消化器内科,,平23. 10. 1,ika
診療所,10,0112009,医療法人村松会　みやぎクリニック,前橋市鼻毛石町６３７番地１９,027-280-2510,医療法人村松会　理事長　村松　誠司,村松　誠司,内　胃腸内科　循環器内科　アレ,,平24. 1. 1,ika
診療所,10,0112017,うめだ内科クリニック,前橋市鶴光路町３９６番地１,027-212-0678,医療法人うめだ内科クリニック　理事長　梅田　遵,梅田　遵,内　小,,平24. 5. 1,ika
病院,10,0112025,山王リハビリテーション病院,前橋市山王町１３３番地,027-266-8622,医療法人社団清宮医院　理事長　清宮　和之,清宮　怜,一般　内　リハ　呼内　消化器内科　皮,,平24. 6. 1,ika
診療所,10,0112041,福山内科,前橋市東片貝町９７番地７,027-243-1380,医療法人福山内科　理事長　福山　昭一,福山　昭一,内,,平25. 8. 1,ika
診療所,10,0112066,ベル小児科クリニック,前橋市川原町二丁目９番地１８,027-289-2580,医療法人白陽会　理事長　鈴木　雅登,鈴木　雅登,小　アレ,,平25. 12. 1,ika
病院,10,0112090,群馬ペインクリニック病院,前橋市亀里町３５９,027-265-0999,医療法人ＧＰＣ　理事長　田中　陽,田中　陽,一般　麻　整外　リハ,,平26. 4. 1,ika
診療所,10,0112108,しらかわ診療所,前橋市上細井町２０６８番地１,027-260-1116,医療法人康倭会　理事長　小野里　康博,小野里　康博,一般　内　消化器内科,,平26. 4. 1,ika
診療所,10,0112124,医療法人　小内会　おない医院,前橋市樋越町１１２０,027-283-5755,医療法人小内会　理事長　小内　正幸,小内　正幸,内　胃腸内科　皮,,平26. 6. 1,ika
診療所,10,0112157,前橋桃の瀬クリニック,前橋市西片貝町３丁目４５－１,027-212-0221,伊藤　誠,伊藤　誠,心内　精,,平26. 9. 1,ika
診療所,10,0112173,羽生田眼科医院,前橋市本町２－１９－１,027-226-1010,羽生田　直人,羽生田　直人,眼,,平26. 11. 1,ika
診療所,10,0112181,おおしまクリニック,前橋市文京町４－２１－１９,027-289-0030,医療法人善友会　理事長　大島　春樹,大島　春樹,心内　精,,平26. 12. 1,ika
診療所,10,0112207,医療法人社団　協友会　前橋中央眼科,前橋市下小出町二丁目５４－５,027-210-1116,医療法人社団協友会　理事長　平岡　邦彦,岸　章治,眼,,平27. 3. 1,ika
診療所,10,0112215,マザーズクリニック　ＴＡＭＵＲＡ,前橋市小屋原町５８４－１,027-266-8803,田村　友宏,田村　友宏,一般　産　婦,,平27. 4. 1,ika
診療所,10,0112249,松山医院,前橋市本町一丁目１番３号ＡＭＤ本町１階,027-289-2121,医療法人社団松寿会　理事長　林　爽子,林　爽子,内　皮　美容皮　心内　精,,平27. 5. 19,ika
診療所,10,0112256,たむらこどもクリニック,前橋市西片貝町三丁目１２３番地５,027-289-0555,医療法人伸志会　理事長　田村　一志,田村　一志,小　アレ,,平27. 8. 1,ika
診療所,10,0112264,津田ホームケア診療所,前橋市川曲町１番地１,027-225-5000,医療法人而燿会　理事長　津田　京一郎,津田　京一郎,内　外,,平27. 9. 1,ika
診療所,10,0112272,二之沢前橋クリニック,前橋市岩神町二丁目４－７,027-225-2122,医療法人二之沢会　理事長　森田　美穂,杉田　裕,内　呼内　消化器内科,,平28. 3. 1,ika
診療所,10,0112298,ほしの整形外科クリニック,前橋市六供町五丁目１９番地１,027-226-6500,医療法人マリア　理事長　星野　貴光,星野　貴光,整外　リハ,,平28. 5. 1,ika
病院,10,0112306,善衆会病院,前橋市笂井町５４番地１,027-261-5410,医療法人社団善衆会　理事長　木村　雅史,萩原　敬一,一般　整外　内　ひ　外　麻　リハ,198,平28. 5. 1,ika
診療所,10,0112322,かなざわ小児科クリニック,前橋市幸塚町９０番地１,027-289-0313,金澤　崇,金澤　崇,小,,平28. 10. 1,ika
病院,10,0112330,東前橋整形外科病院,前橋市西大室町１３０２番地２,027-226-5201,医療法人五紘会　理事長　釜谷　邦夫,日尾　有宏,一般　整外　リハ　麻,,平28. 11. 1,ika
診療所,10,0112348,黒岩クリニック,前橋市富士見町原之郷字下白川７７２番地２,027-289-0321,黒岩　雅哉,黒岩　雅哉,内,,平28. 11. 1,ika
診療所,10,0112397,さくらクリニック,前橋市上佐鳥町１２０３－２,027-212-2434,鈴木　勉,鈴木　勉,婦　産　内,,平29. 4. 1,ika
診療所,10,0112405,うしいけ内科クリニック,前橋市元総社町１７７０番地４,027-289-0841,医療法人健英会　理事長　小中　俊太郎,小中　和子,一般　内科　内視鏡内科　神内　消化器内科　循環器内科　リハ,,平29. 4. 1,ika
診療所,10,0112413,公益社団法人　前橋市医師会附属診療所,前橋市岩神町二丁目３番５号,027-233-2261,公益社団法人前橋市医師会　会長　須田　浩充,須田　浩充,内　小　産婦,,平29. 4. 1,ika
診療所,10,0112439,こばやし医院,前橋市広瀬町二丁目１－１２,027-263-2535,小林　和弘,小林　和弘,外　内　胃腸内科,,平29. 4. 1,ika
診療所,10,0112447,耳鼻咽喉科とよだクリニック,前橋市駒形町５５７－１,027-267-1100,豊田　実,豊田　実,耳い,,平29. 5. 1,ika
診療所,10,0112454,仁泉堂医院,前橋市昭和町３－１２－１１　行方ビル１階,027-212-2437,佐藤　大仁,佐藤　大仁,精,,平29. 5. 1,ika
診療所,10,0112462,緩和ケア　萬田診療所,前橋市総社町総社１０７０－１,027-289-6655,萬田　緑平,萬田　緑平,緩和ケア内科,,平29. 6. 1,ika
診療所,10,0112470,フォレスト整形外科スポーツクリニック,前橋市古市町１８０番地１　フォレストモール新前橋内,027-212-0888,医療法人フォレスト整形外科スポーツクリニック　理事長　小林　淳,小林　淳,整外　リハ,,平29. 7. 1,ika
診療所,10,0112488,武田クリニック,前橋市富士見町時沢１８６９－１,027-226-1114,医療法人武田会　理事長　牛久保　努,牛久保　努,内　小　アレ　呼内　消化器内科,,平29. 10. 1,ika
診療所,10,0112512,外山内科・循環器内科クリニック,前橋市荒牧町２－３３－９,027-232-8000,医療法人とやまクリニック　理事長　外山　卓二,外山　卓二,内科　糖尿病内科　呼内　循環器内科,,平29. 11. 1,ika
診療所,10,0112520,山本整形外科医院,前橋市西片貝町一丁目２００番地,027-232-3069,医療法人山本整形外科医院　理事長　山本　哲生,山本　哲生,一般　整外　リハ　リウ,,平29. 12. 1,ika
診療所,10,0112538,はしづめ診療所,前橋市公田町５１５番地１,027-226-1806,医療法人明眞会　理事長　橋爪　洋明,橋爪　洋明,内科　肝臓内科　内視鏡内科　糖尿病内科　胃腸内科　循環器内科　呼内　アレ,,平30. 1. 1,ika
診療所,10,0112546,ベルフィーユ今井レディースクリニック,前橋市南町四丁目５２番１３,027-223-3114,医療法人ベルフィーユ今井レディースクリニック　理事長　石塚　美和,石塚　美和,産婦　美容皮膚科,,平30. 3. 14,ika
診療所,10,0112579,安立医院,前橋市城東町４丁目６－７,027-226-6933,春日　功,春日　功,精,,平30. 3. 31,ika
診療所,10,0112595,はしづめ診療所文京町,前橋市文京町二丁目１０番２６号,027-220-5720,医療法人明眞会　理事長　橋爪　洋明,嶋田　靖,内　内視鏡内　糖尿病内　肝臓内　胃内　消内　アレ　呼内　循内,,平30. 5. 1,ika
診療所,10,0112603,丸山眼科クリニック,前橋市南町３－５９－４,027-223-5941,丸山　明信,丸山　明信,眼,,平30. 5. 1,ika
病院,10,0112611,前橋赤十字病院,前橋市朝倉町３８９－１,027-265-3333,日本赤十字社　社長　清家　篤,中野　実,一般　一般（感染）　精神　内　血液内　感染症内　糖尿病内分泌内　精　脳神内　呼内　消内　小　外　乳腺内分泌外　整外　脳外　呼外　心外　心臓血管内　皮　泌尿器科　小児泌尿器科　産婦　眼　耳い　リハ　麻　病理　歯外　臨床　形成美容外　放診断　放治療　救急科　リウマチ腎臓内　緩和ケア内科,533,平30. 6. 1,ika
診療所,10,0112629,医療法人石井会　敷島の森おなかのクリニック,前橋市敷島町２４０番１９,027-219-0799,医療法人石井会　理事長　石井　有希夫,大塚　修,内科　漢方内科　消化器内科,,平30. 7. 1,ika
診療所,10,0112637,木村ペインクリニック,前橋市西片貝町三丁目３７９番地１,027-220-1055,医療法人Ｆａｓｃｉａ研究会　理事長　木村　裕明,木村　裕明,麻　美外,,平30. 9. 1,ika
診療所,10,0112645,前橋ミナミ眼科,前橋市宮地町１４６－１,027-288-0895,板倉　宏高,板倉　宏高,眼,,平30. 11. 1,ika
診療所,10,0112652,医療法人　忠恕会　狩野脳神経外科医院,前橋市上泉町６９８番地３,027-269-5454,医療法人忠恕会狩野脳神経外科医院　理事長　狩野　忠滋,狩野　忠滋,脳外　内,,平30. 12. 1,ika
診療所,10,0112660,中田クリニック,前橋市箱田町１０３９番地４,027-251-1360,医療法人翠和会中田クリニック　理事長　中田　裕一,中田　裕一,一般　内　小,,平31. 1. 1,ika
診療所,10,0112678,やなぎさわファミリークリニック,前橋市朝倉町８９３番地２,027-265-0050,医療法人Ｍｉｒａｉ　理事長　澤　三朗,澤　三朗,内科　糖尿病内科　小　循環器内科,,平31. 1. 1,ika
診療所,10,0112694,北條医院,前橋市駒形町８３３－３８,027-266-6737,北條　義明,北條　義明,内　循内　小,,平31. 4. 1,ika
診療所,10,0112702,城西クリニック,前橋市国領町二丁目１３番２３号,027-234-7321,社会医療法人輝城会　理事長　西松　輝高,小林　進,放射線診断科　ひ,,平31. 4. 1,ika
診療所,10,0112710,せき整形外科クリニック,前橋市三河町一丁目２８番１号,027-226-6631,関　隆致,関　隆致,整外　リハ,,令元. 5. 1,ika
診療所,10,0112744,金子クリニック,前橋市東上野町２０番１号,027-212-5085,金子　達夫,金子　達夫,内　外,,令元. 10. 1,ika
診療所,10,0112751,みずしま脳神経内科・内科クリニック,前橋市朝日町一丁目１９番８号,027-289-6788,水島　和幸,水島　和幸,内　脳神経内科,,令元. 10. 1,ika
診療所,10,0112769,ぐんまスポーツ整形外科,前橋市宮地町５７番地２,027-289-8976,医療法人ぐんまスポーツ整形外科　理事長　山本　敦史,山本　敦史,整外　リハ,,令元. 10. 1,ika
診療所,10,0112777,前橋ふえきクリニック,前橋市表町２丁目２７－２２,027-224-2818,医療法人新瑛会　理事長　笛木　真,笛木　真,内　漢方内　呼内　消内　アレ　皮　美容皮　リハ　リウ,,令元. 10. 1,ika
診療所,10,0112793,えんどう内科クリニック,前橋市橳島町５５番地２,027-226-5700,医療法人優穂会　理事長　遠藤　克明,遠藤　克明,内　呼内　アレ,,令2. 1. 1,ika
診療所,10,0112801,まえばし在宅クリニック,前橋市国領町１－２－２,027-230-1110,橋爪　裕,橋爪　裕,内科　緩和ケア内科,,令2. 4. 1,ika
診療所,10,0112819,羽鳥眼科,前橋市天川町７５－２,027-243-3711,上林　功樹,上林　功樹,眼,,令2. 3. 31,ika
診療所,10,0112827,かわはらまち皮膚科,前橋市川原町２－２５－１０,027-289-5890,岸　史子,岸　史子,皮,,令2. 5. 1,ika
診療所,10,0112835,二之宮クリニック,前橋市二之宮町１９８８番地１,027-289-4380,医療法人ＵＴＤ　理事長　内田　悦弘,内田　悦弘,形外　外　内　美容皮膚科,,令2. 5. 1,ika
診療所,10,0112843,新前橋すこやか内科・漢方内科クリニック,前橋市新前橋町１６－４８,027-288-0977,本城　裕章,本城　裕章,内科　漢方内科　外,,令2. 7. 1,ika
診療所,10,0112868,市川クリニック,前橋市下小出町２－５２－４,027-212-5122,市川　翔,市川　翔,心内　精,,令2. 7. 1,ika
診療所,10,0112884,たけい内科クリニック,前橋市小屋原町５８２番地４,027-280-8080,武井　宏輔,武井　宏輔,内　呼内　アレ,,令2. 11. 1,ika
診療所,10,0112892,けやきスキンクリニック,前橋市天川原町１－１４－８,027-212-8915,土岐　清香,土岐　清香,皮膚科　小児皮膚科　美容皮膚科　漢方内科,,令2. 11. 1,ika
診療所,10,0112918,すえまる内科,前橋市新堀町１０３８番地１,027-212-5162,医療法人社団大美会　理事長　末丸　大悟,末丸　美央,内科　糖尿病内科,,令3. 2. 1,ika
診療所,10,0112926,いわさき内科・皮ふ科,前橋市稲荷新田町２２２番地８,027-212-1010,医療法人中央樹会　理事長　岩﨑　靖樹,岩﨑　靖樹,内　皮　呼内　アレ　消内,,令3. 2. 1,ika
診療所,10,0112934,つちや内科クリニック,前橋市小相木町１－１－４,027-256-7770,土屋　卓磨,土屋　卓磨,内　呼内　アレ,,令3. 3. 1,ika
診療所,10,0112942,ローズタウン糖尿病内科,前橋市江木町１７０１－１,027-226-1466,吉川　純江,吉川　純江,内科　糖尿病内科　リウ,,令3. 5. 1,ika
診療所,10,0112959,前橋みなみモール眼科,前橋市新堀町１０４７,027-290-3733,医療法人社団彩純会　理事長　高橋　大樹,高橋　大樹,眼　小児眼　アレ,,令3. 5. 1,ika
診療所,10,0112967,ヒルズレディースクリニック,前橋市総社町総社３６０７番地,027-253-4152,医療法人神岡産婦人科医院　理事長　神岡　潔,神岡　潔,一般　産婦　麻,,令3. 5. 5,ika
診療所,10,0112975,おうみこどもクリニック,前橋市総社町総社３６０１番地１４,027-253-6600,医療法人神岡産婦人科医院　理事長　神岡　潔,兒嶋　理子,小,,令3. 5. 5,ika
診療所,10,0112991,前橋内科・内視鏡クリニック,前橋市朝日町一丁目３５番９号,027-243-5169,医療法人それいゆ会　理事長　林　克英,川手　進,内　内視鏡内　消化器内　消化器外　循内　外,,令3. 7. 1,ika
診療所,10,0113007,医療法人あい友会　あい駒形クリニック,前橋市小屋原町１６９８番地１,027-226-1891,医療法人あい友会　理事長　野末　睦,中村　俊喜,内,,令3. 8. 1,ika
診療所,10,0113015,まりこどもアレルギークリニック,前橋市元総社町１５７４－２,027-226-6844,德永　真理,德永　真理,小　アレ,,令3. 9. 1,ika
診療所,10,0113031,うい内科クリニック,前橋市駒形町５８４番地３,027-226-5566,医療法人うい内科クリニック　理事長　宇居　吾郎,宇居　吾郎,内　循内　呼内,,令4. 2. 1,ika
診療所,10,0113049,倉繁皮ふ科医院,前橋市古市町一丁目５６－１０,027-253-5600,倉繁　祐太,倉繁　祐太,皮,,令4. 4. 1,ika
診療所,10,0113056,大塚内科医院,前橋市三俣町１－１９－２５,027-231-2399,大塚　真,大塚　真,内科　内分泌糖尿病内科　脳神経内科　呼内　消内　アレ　リウ　リハ,,令4. 4. 1,ika
診療所,10,0113064,前橋脳外科クリニック,前橋市東片貝町７２０番地,027-221-8145,医療法人慶真会　理事長　富澤　真一郎,長屋　孝雄,脳外,,令4. 4. 1,ika
診療所,10,0113072,つるこうじ小児科内科,前橋市鶴光路町３４５番１,027-226-6720,黒岩　実,黒岩　実,小　内,,令4. 6. 1,ika
診療所,10,0113080,さとり循環器・内科クリニック,前橋市大利根町２－３２－４,027-225-2327,佐鳥　圭輔,佐鳥　圭輔,内　循内,,令4. 6. 1,ika
診療所,10,0113098,いわさきこどもクリニック,前橋市箱田町１３５２－１,027-252-3030,医療法人中央樹会　理事長　岩﨑　靖樹,澤路　陽一,小,,令4. 7. 1,ika
診療所,10,0113106,ＰＴＳＤケア松本メンタルクリニック,前橋市光が丘町１７番地１,027-257-4218,松本　功,松本　功,精,,令4. 7. 1,ika
診療所,10,0113114,周東クリニック,前橋市元総社町１２００番１,027-280-5550,周東　孝浩,周東　孝浩,ひ　内　皮,,令4. 8. 1,ika
診療所,10,0113122,とくながクリニック,前橋市上泉町２８７２－１９,027-289-0085,医療法人永徳会　理事長　德永　卓,德永　卓,ひ　内,,令4. 9. 1,ika
診療所,10,0113148,ふじまきクリニック　脳神経外科・内科,前橋市川原町２丁目２番５,027-260-7007,藤巻　広也,藤巻　広也,脳外　内,,令4. 11. 1,ika
診療所,10,0113155,医療法人社団輝会　たんぽぽクリニック,前橋市新前橋町１３番地１　フィールドフォー４０５,027-288-0853,医療法人社団輝会　理事長　古川　貴也,保　英二,内　精　皮,,令4. 11. 1,ika
診療所,10,0113171,はしづめ胃腸と内科のクリニック,前橋市朝倉町三丁目３４－６,027-257-0546,医療法人Ｍ’ｓ　Ｆａｍｉｌｙ　理事長　橋爪　真之,橋爪　真之,内　内視鏡内　糖尿病内　消内　胃内　アレ　呼内,,令4. 12. 1,ika
診療所,10,0113189,長崎医院,前橋市住吉町二丁目１２－５,027-231-3274,医療法人三水会　理事長　長崎　淳,長崎　淳,内,,令5. 2. 1,ika
診療所,10,0113197,大山クリニック,前橋市山王町二丁目２０－１６,027-266-5410,医療法人大山クリニック　理事長　大山　達也,大山　達也,内　消内　婦,,令5. 2. 1,ika
診療所,10,0113205,せせらぎ診療所,前橋市日吉町一丁目２２番１３号,027-219-1477,医療法人医清会　理事長　山本　二平,田中　貴志,内　消内　アレ　精,,令5. 6. 1,ika
診療所,10,0113213,しおざわ整形外科クリニック,前橋市上細井町２０４４番地１,027-219-1199,医療法人しおざわ整形外科クリニック　理事長　塩澤　裕行,塩澤　裕行,整外　リハ　リウ,,令5. 8. 1,ika
診療所,10,0113221,医療法人社団慶宏会　八木医院,前橋市前箱田町１５番地１－１階,027-253-6588,医療法人社団慶宏会　理事長　南須原　宏城,南須原　洋一,内　精,,令5. 9. 1,ika
診療所,10,0113239,はなまる消化器内科クリニック,前橋市鶴光路町３４３－１,027-212-0560,飯塚　賢一,飯塚　賢一,消化器内科　内視鏡内科　内科,,令5. 12. 1,ika
診療所,10,0113247,江木町クリニック,前橋市江木町９８－５,027-263-1101,村場　祐司,村場　祐司,内　外　循環器内科　胃腸内科,,令6. 1. 1,ika
診療所,10,0113254,青梨子はぎわら医院,前橋市青梨子町字金古境１７１４番地１,027-210-5501,萩原　周一,萩原　周一,内　外　救急科,,令6. 4. 1,ika
診療所,10,0113262,前橋フォレスト内科外科クリニック,前橋市古市町１８０－３フォレストモール新前橋内,027-252-7001,石﨑　嘉宏,石﨑　嘉宏,内科　糖尿病内科　呼吸器内科　外,,令6. 4. 1,ika
診療所,10,0113270,医療法人社団平郁会みんなの前橋クリニック,前橋市下石倉町２４－５,027-225-2264,医療法人社団平郁会　理事長　大田　和枝,和田　元,内　精,,令6. 4. 1,ika
診療所,10,0113288,前橋　森本眼科皮膚科,前橋市元総社町１５７６番地１,027-212-0725,森本　雅裕,森本　雅裕,眼　皮,,令6. 5. 1,ika
診療所,10,0113296,前橋市夜間休日診療所,前橋市朝日町三丁目２１番１３号,027-243-5111,前橋市　市長　小川　晶,須田　浩充,内　小　外　耳い,,令6. 4. 1,ika
診療所,10,0113304,ポラリス　こころの診療科,前橋市六供町３－３６－１３,027-212-5888,小野　樹郎,小野　樹郎,心内　精,,令6. 8. 1,ika
診療所,10,0113312,戸所小児科医院,前橋市総社町一丁目１－１３,027-253-2351,医療法人戸所小児科医院　理事長　戸所　誠,戸所　誠,小　アレ,,令6. 10. 1,ika
診療所,10,0113338,ハウスコールクリニック大島,前橋市下大島町５８５番地の３４,027-212-8311,医療法人中沢会　理事長　服部　真弓,服部　圭悟,内　循内　消内　神内　心内　精,,令7. 1. 1,ika
診療所,10,0113353,こまがた脳神経内科・内科クリニック,前橋市駒形町１０７４－１,027-226-5046,牧岡　幸樹,牧岡　幸樹,内　脳内,,令7. 5. 1,ika
診療所,10,0113361,小泉整形外科医院,前橋市千代田町４－２－２,027-234-2511,小泉　裕之,小泉　裕之,整外　リハ,,令7. 2. 21,ika
診療所,10,0113379,池医院,前橋市下大島町９１４－４,027-266-8881,池　康嘉,池　康嘉,内,,令7. 1. 11,ika
診療所,10,0113387,新前橋かしま眼科形成外科クリニック,前橋市古市町１８０番地１フォレストモール新前橋,027-288-0224,医療法人オキュロフェイシャルクリニックグループ　理事長　鹿嶋　友敬,山名　司,眼　形外　美外,,令7. 5. 1,ika
診療所,10,0113395,天川大島にしきどクリニック,前橋市天川大島町３３－１,027-212-4839,医療法人崇彩会　理事長　錦戸　崇,錦戸　崇,内　小　消化器内科　呼内　リウ,,令7. 4. 1,ika
診療所,10,0113403,ジニアそだちのクリニック,前橋市上佐鳥町３０３番３,027-225-5162,成田　秀幸,成田　秀幸,児童精神科　精神科　心内,,令7. 6. 1,ika
診療所,10,0113411,あおばクリニック前橋院,前橋市荒牧町一丁目１０番地１４－１,027-234-7028,医療法人社団あおばクリニック　理事長　丸本　桂三,水野　剛夫,眼　美容皮膚科,,令7. 7. 1,ika
診療所,10,0113429,おだやか在宅クリニック,前橋市西片貝町４－１７－２オペラハウス西片貝１０３,050-3644-1926,中曽根　拓也,中曽根　拓也,緩和ケア内科　老年内科　精,,令8. 5. 1,ika
診療所,10,0113437,前橋けやき眼科,前橋市文京町２－１－１アピタけやきウォーク前橋１階,027-220-5161,医療法人社団　憲幸会　理事長　金　玉順,伊堂寺　一彦,眼,,令8. 4. 1,ika
診療所,10,0400248,五十嵐医院,前橋市富士見町原之郷２９５－１,027-288-2026,五十嵐　誠悟,五十嵐　誠悟,内　小　消化器内科　肛門外科,,平22. 1. 18,ika
診療所,10,0400677,相澤医院,前橋市富士見町原之郷７３４－３,027-288-6806,相澤　勇,相澤　勇,内　呼　胃　消　小　外　こう,,平8. 6. 15,ika
診療所,10,0400685,江沢医院,前橋市粕川町女渕３４８－１,027-285-6777,江澤　一浩,江澤　一浩,内　小　アレ　呼内,,平9. 10. 1,ika
診療所,10,0400727,堺堀整形外科医院,前橋市富士見町時沢２０５１－４,027-260-5125,堺堀　洋治,堺堀　洋治,整外　リハ　リウ,,平11. 9. 1,ika
診療所,10,0400768,しみず眼科クリニック,前橋市樋越町８７５番地,027-230-4611,清水　良,清水　良,眼,,平15. 9. 1,ika
診療所,10,0400784,つくも内科医院,前橋市富士見町原之郷４５０－４,027-230-5085,福山　展,福山　展,内　呼　アレ,,平15. 10. 15,ika
診療所,10,0410114,医療法人　高橋会　高橋医院,前橋市粕川町西田面２１２－２,027-285-2019,医療法人　高橋会　理事長　栗原　美貴子,栗原　美貴子,内　放射線診断科,,昭32. 5. 1,ika
診療所,10,0410148,小沢医院,前橋市樋越町１５－１,027-283-2009,医療法人　社団　豊医会　小沢医院　理事長　小澤　聖史,小澤　聖史,一般　産　婦　内　小,,平11. 2. 12,ika
診療所,10,0410163,医療法人　深沢内科クリニック,前橋市堀越町１１９３番地の１,027-283-0003,医療法人　深沢内科クリニック　理事長　深澤　信彦,深澤　信彦,内,,昭64. 1. 1,ika
診療所,10,0410221,梅枝内科医院,前橋市富士見町原之郷６６０－５,027-288-7250,医療法人　轟会　理事長　梅枝　定則,梅枝　定則,内,,平6. 10. 1,ika
診療所,10,0410247,吉松医院,前橋市粕川町新屋２４６－２,027-285-2273,医療法人　弘和会　理事長　吉松　弘,吉松　弘,内　呼　胃　循　小　リハ　放,,平8. 4. 1,ika
診療所,10,0410270,医療法人相生会　若松記念大胡クリニック,前橋市茂木町２４５番地７,027-284-0051,医療法人相生会　理事長　石川　隆,常澤　伸幸,内科　腎臓内科　呼内　人工透析内科,,平15. 7. 1,ika
診療所,10,0410288,西田整形外科,前橋市樋越町６７７番地１,027-280-2233,医療法人賛功会　理事長　西田　昌功,西田　昌功,整外　外　リハ　リウ,,平15. 12. 1,ika
診療所,10,0410296,前橋ふじみ内科,前橋市富士見町原之郷９４０－１,027-288-9511,医療法人ゆうき会　理事長　大高　行博,大高　行博,内科　腎臓内科　糖尿病内科,,平19. 5. 1,ika
病院,10,5010018,群馬県立心臓血管センター,前橋市亀泉町甲３－１２,027-269-7455,群馬県　知事　山本　一太,河口　廉,一般　内　神内　呼　消　循　外　整外　呼外　心外　リハ　放　麻,195,昭32. 5. 1,ika
診療所,10,6010140,前橋市保健所,前橋市朝日町三丁目３６－１７,027-220-5781,前橋市　市長　山本　龍,大西　一德,内,,平21. 5. 1,ika
診療所,10,6010504,群馬県こころの健康センター,前橋市野中町３６８,027-263-1166,群馬県知事　山本　一太,佐藤　浩司,精,,昭61. 1. 1,ika
病院,10,7010016,群馬大学医学部附属病院,前橋市昭和町３－３９－１５,027-220-7111,国立大学法人群馬大学　学長　石崎　泰樹,斉藤　繁,一般　一般（感染）　結核　精神　内　内分泌糖尿病内　腎内　血液内　感染症内　腫瘍内　精　脳神内　消内　消外（食道胃大腸肛門）　消外（肝臓胆道膵臓）　循内　小　外　乳腺内分泌外　整外　形外　脳外　心外　皮　ひ　産　婦　眼　耳い　リハ　放治療　放診断　麻　病理　臨床　歯外　救急科　呼内　呼外　小外　リウ,682,昭32. 5. 1,ika
診療所,10,1000021,水内外科内科医院,高崎市中豊岡町３５－１,0273-23-4950,水内　整,水内　整,内　呼　胃　循　外,,昭32. 5. 1,ika
診療所,10,1000237,堀越医院,高崎市椿町１４,027-322-2843,堀越　幸男,堀越　幸男,内　循,,昭32. 5. 1,ika
診療所,10,1000328,橘内科医院,高崎市宮元町２７３,027-322-3133,橘　正道,橘　正道,内　循　小,,昭32. 5. 1,ika
診療所,10,1000419,吉見耳鼻咽喉科医院,高崎市新紺屋町１,027-326-8733,吉見　富夫,吉見　富夫,耳い,,平21. 10. 16,ika
診療所,10,1000500,沼賀眼科医院,高崎市相生町４,027-327-1270,沼賀　哲郎,沼賀　哲郎,眼,,昭32. 5. 1,ika
診療所,10,1000583,小泉小児科医院,高崎市連雀町１２７,027-322-3985,釜萢　敏,釜萢　敏,小,,昭32. 5. 1,ika
診療所,10,1000724,ひぐち整形外科クリニック,高崎市嘉多町４５,0273-22-3316,樋口　健一,樋口　健一,整外,,平9. 10. 15,ika
診療所,10,1000807,宮下内科医院,高崎市住吉町２２－１,027-322-2080,宮下　浩,宮下　浩,内　神　胃　循　放,,昭32. 5. 1,ika
診療所,10,1000948,吉村内科医院,高崎市相生町５,0273-22-2226,茂木　章子,茂木　章子,内,,平9. 10. 21,ika
診療所,10,1000955,吉浜内科小児科クリニック,高崎市鶴見町９－３,0273-22-5865,吉浜　豊,吉浜　豊,内　消　小,,昭33. 3. 25,ika
診療所,10,1001094,小林医院,高崎市檜物町１２０－２,027-322-5262,小林　一三,小林　一三,精　神内　外　整外　リハ　心内,,平12. 10. 10,ika
診療所,10,1001169,あいざわクリニック,高崎市江木町１７５－５,027-322-6224,相澤　共樹,相澤　共樹,内　消,,平17. 7. 1,ika
診療所,10,1001177,清水医院,高崎市新後閑町１２－２０,027-322-0534,清水　知宏,清水　知宏,内　消　放,,平12. 6. 19,ika
診療所,10,1001243,川医院,高崎市檜物町１４９,027-323-1802,川　守也,川　守也,内　小,,昭38. 2. 1,ika
診療所,10,1001284,堀米医院,高崎市倉賀野町１６９０,027-346-2336,堀米　真之,堀米　真之,循　消　内　小,,昭32. 5. 1,ika
診療所,10,1001326,菊池皮膚科,高崎市柳川町９－３,027-323-1259,吉濵　美由喜,吉濵　美由喜,皮　ひ,,平11. 1. 1,ika
診療所,10,1001367,耳鼻いんこう科　伊藤医院,高崎市倉賀野町７９８－１２,027-346-2485,伊藤　和也,伊藤　和也,耳　アレ,,昭38. 10. 1,ika
診療所,10,1001417,中澤医院,高崎市筑縄町３４－９,027-361-2996,中澤　弘企,中澤　弘企,内　呼　小　心内,,平16. 8. 3,ika
診療所,10,1001425,髙他整形外科クリニック,高崎市石原町４９５－５,0273-23-1212,髙他　幹彦,髙他　幹彦,整外　リハ,,平9. 6. 1,ika
診療所,10,1001466,神田医院,高崎市片岡町１－１３－２１,027-323-3269,森　弘文,森　弘文,精　内　心内,,平20. 9. 15,ika
診療所,10,1001524,大山眼科,高崎市浜川町２２３７－２,027-343-7796,大山　充徳,大山　充徳,眼,,昭40. 8. 1,ika
診療所,10,1001565,相原医院,高崎市下滝町２８３－３,027-352-1272,相原　幸雄,相原　幸雄,内　小,,昭40. 9. 1,ika
診療所,10,1001631,ひうら医院小児科,高崎市剣崎町１１５５－１,027-344-1175,柏木　好,柏木　好,小,,平15. 4. 8,ika
診療所,10,1001771,本多医院,高崎市下豊岡町３２７,027-323-8060,本多　忠衛,本多　忠衛,内　神　消　循　放,,昭44. 10. 1,ika
診療所,10,1002043,小野整形外科医院,高崎市上豊岡町２４３－３,027-327-3738,小野　敦美,小野　敦美,整外　外　放,,昭51. 6. 1,ika
診療所,10,1002191,佐藤皮膚科医院,高崎市下横町９－２,027-322-2914,宮本　涼子,宮本　涼子,皮　内,,平9. 7. 4,ika
診療所,10,1002209,栗原肛門科医院,高崎市請地町５－５,027-322-2482,栗原　憲雄,栗原　憲雄,こう,,平8. 3. 1,ika
診療所,10,1002423,松岡皮ふ科,高崎市連雀町８９,027-323-1401,松岡　伸,松岡　伸,皮　形外,,昭60. 10. 1,ika
診療所,10,1002449,堀越内科クリニック,高崎市上中居町１８,0273-23-3653,堀越　晴男,堀越　晴男,内　胃　循,,昭61. 1. 1,ika
診療所,10,1002472,耳鼻咽喉科　長谷川医院,高崎市片岡町２－２９－２,027-323-4196,長谷川　等,長谷川　等,耳い　内,,昭62. 2. 1,ika
診療所,10,1002589,貝沢中央医院,高崎市東貝沢町３－１７－１,027-363-7001,小野田　万丈,小野田　万丈,外　胃　小,,平元. 3. 1,ika
診療所,10,1002597,正木整形外科医院,高崎市天神町１２３,027-363-8188,正木　高,正木　高,整外　内　リハ,,平元. 4. 1,ika
診療所,10,1002605,桃ノ木クリニック,高崎市八幡町１０６７－４,027-344-3130,佐々木　菜穂子,佐々木　菜穂子,内,,平元. 12. 1,ika
診療所,10,1002688,はぎわら内科医院,高崎市下豊岡町１３８７－１,027-328-1222,萩原　修,萩原　修,内　呼内　脳神経内科　胃腸内科,,平3. 9. 1,ika
診療所,10,1002787,大西眼科,高崎市中居町４－７－７,027-353-1303,大西　直人,大西　直人,眼,,平6. 7. 1,ika
診療所,10,1002811,宮下皮膚科医院,高崎市北久保町９－２,027-322-6363,宮下　光男,宮下　光男,皮,,平7. 3. 15,ika
診療所,10,1002878,浜川クリニック,高崎市浜川町３８－２,027-344-3010,西田　直樹,西田　直樹,内　精　小,,平8. 4. 15,ika
診療所,10,1003041,のぐち皮膚科クリニック,高崎市上大類町１３７８－６,027-370-1211,野口　俊彦,野口　俊彦,皮　アレ,,平11. 4. 15,ika
診療所,10,1003157,豊岡呼吸器科内科クリニック,高崎市上豊岡町１０３７－１,027-340-1159,相原　利一,相原　利一,内　呼　アレ,,平13. 6. 15,ika
診療所,10,1003165,清水眼科医院,高崎市乗附町１８５－１,027-310-8555,清水　正明,清水　正明,眼,,平13. 9. 1,ika
診療所,10,1003215,さかもと眼科,高崎市江木町７１８－１,027-327-2839,坂本　道子,坂本　道子,眼,,平14. 5. 15,ika
診療所,10,1003256,いしはら心のクリニック,高崎市石原町３１８３－１達良ビル２階,027-345-7118,川島　浩,川島　浩,精　心内,,平15. 1. 1,ika
診療所,10,1003264,上条女性クリニック,高崎市栗崎町５３４－１番地,027-345-1221,上条　隆典,上条　隆典,婦　皮ひ　性　産　内,,平15. 1. 1,ika
診療所,10,1003280,耳鼻咽喉科　やまぐち医院,高崎市柴崎町１０６８－１,027-353-5473,山口　良明,山口　良明,耳い,,平15. 4. 15,ika
診療所,10,1003306,久保田胃腸科内科クリニック,高崎市寺尾町２４０番,027-310-5717,久保田　鐘造,久保田　鐘造,内　胃,,平15. 5. 1,ika
診療所,10,1003314,あさひクリニック,高崎市矢中町６８０－１,027-345-2323,深澤　康徳,深澤　康徳,小,,平15. 9. 1,ika
診療所,10,1003355,ひぐち内科クリニック,高崎市正観寺町２０８番地,027-370-1700,樋口　慎太郎,樋口　慎太郎,内,,平16. 2. 15,ika
診療所,10,1003421,土屋内科医院,高崎市問屋町２丁目１－１番地,027-360-3555,土屋　智,土屋　智,内　呼内　消化器内科,,平17. 4. 1,ika
診療所,10,1003439,心療内科　クリニック　華,高崎市高関町３５５番地,027-326-1891,植原　睦美,植原　睦美,精　内　神　心内,,平17. 4. 1,ika
診療所,10,1003447,みやもとクリニック,高崎市新田町６－１１,027-321-0640,宮本　正典,宮本　正典,精　心内,,平17. 4. 15,ika
診療所,10,1003512,上芝ファミリークリニック,高崎市箕郷町上芝１８３－３,027-360-7235,西野　道夫,西野　道夫,内　呼　消　小　アレ,,平18. 6. 15,ika
診療所,10,1003538,あおい内科クリニック,高崎市八千代町１－２－３,027-310-3939,林　禎,林　禎,内　呼　胃　消　循　小　アレ,,平18. 10. 1,ika
診療所,10,1003611,五百山クリニック,高崎市乗附町１５２６－２,027-384-6508,星野　綾美,星野　綾美,内,,平20. 1. 15,ika
診療所,10,1003645,たかはし眼科クリニック,高崎市西島町３２０,027-350-7077,高橋　京一,高橋　京一,眼,,平20. 5. 15,ika
診療所,10,1003660,双葉クリニック,高崎市双葉町９番９号,027-322-8555,大門　路子,大門　路子,形外　皮,,平20. 7. 1,ika
診療所,10,1003769,外苑クリニック,高崎市栄町１－１０　サンライズビル２階,027-386-9873,三賀　史樹,三賀　史樹,精　心内,,平22. 2. 1,ika
診療所,10,1003777,西村医院,高崎市昭和町１４２－６,027-388-1811,西村　茂,西村　茂,内　精　心内　循環器内科,,平22. 8. 1,ika
診療所,10,1003785,上中居ファミリークリニック,高崎市上中居町４１１,027-326-4155,清水　清美,清水　清美,内　小　呼内　アレ,,平22. 8. 1,ika
診療所,10,1003801,あかばね眼科,高崎市上並榎町１４０－９,027-388-9111,赤羽　典子,赤羽　典子,眼,,平22. 10. 1,ika
診療所,10,1003827,中泉メンタルクリニック,高崎市福島町７６９－１,027-373-6060,黒﨑　成男,黒﨑　成男,精神科　児童精神科　心内,,平22. 10. 5,ika
診療所,10,1003843,下横町メンタルクリニック,高崎市檜物町１０１番地　シンフォニア高崎城址１階,027-328-7164,丸茂　潔,丸茂　潔,精　心内,,平23. 7. 4,ika
診療所,10,1003850,高崎ステーションメンタルクリニック,高崎市八島町２２２　高崎モントレー７階,027-322-7800,池田　実徳,池田　実徳,精　心内,,平23. 8. 1,ika
診療所,10,1003868,なみえクリニック,高崎市上並榎町４１７,027-362-5808,柿沼　臣一,柿沼　臣一,内　外　消化器内科　消化器外科,,平24. 1. 1,ika
診療所,10,1003884,松本医院,高崎市相生町３５,027-322-5913,松本　幹生,松本　幹生,内　神内　胃　皮　ひ　放　循環器内科,,平24. 3. 15,ika
診療所,10,1003926,耳鼻咽喉科　はるクリニック,高崎市江木町２３０－１,027-384-3387,塚田　晴代,塚田　晴代,耳い,,平24. 9. 1,ika
診療所,10,1003934,ひだまり診療所,高崎市乗附町１４４４－２,027-384-8113,竹田　幸彦,竹田　幸彦,内,,平24. 9. 1,ika
診療所,10,1003967,群馬八幡消化器内科クリニック,高崎市八幡町１１１２－１,027-381-5505,多胡　賢一,多胡　賢一,内　消化器内科,,平24. 10. 1,ika
診療所,10,1003983,耳鼻咽喉科角田医院,高崎市若松町１４５,027-325-8844,片平　文,片平　文,耳い　内,,平25. 2. 6,ika
診療所,10,1004007,堤ヶ岡メンタルクリニック,高崎市中泉町６０１－６,027-386-8638,牧野　順一郎,牧野　順一郎,精　心内,,平25. 4. 1,ika
病院,10,1010053,医療法人　山崎会　サンピエール病院,高崎市上佐野町７８６－７,027-347-1177,医療法人　山崎会　理事長　山崎　学,山崎　学,一般　精神　精　内　消外　循内　外　整外　皮　ひ　肛外　眼　耳い　リハ　放　リウ　歯外,522,昭32. 5. 1,ika
病院,10,1010087,高崎中央病院,高崎市高関町４９８－１,027-323-2665,はるな生活協同組合　理事長　鈴木　隆,小林　正則,一般　療養　内　小　外　整外　皮　放,,昭32. 5. 1,ika
病院,10,1010103,希望館病院,高崎市江木町１１２０,027-322-4067,医療法人　松沢会　理事長　長坂　資夫,長坂　伊左男,一般　療養　内　神　小　外　整外　皮　ひ　リハ,,平12. 3. 1,ika
診療所,10,1010111,乾小児科内科医院,高崎市宮元町２０７,027-322-3252,医療法人　慈風会　理事長　乾　恵輔,乾　恵輔,内　糖尿病内　小　循内　アレ,,昭33. 9. 1,ika
病院,10,1010145,医療法人　博仁会　第一病院,高崎市下小鳥町１２７７,027-362-1811,医療法人　博仁会　理事長　佐藤　泰然,佐藤　泰然,一般　療養　内　人工透析内　胃　外科　血管外科　整外　脳外　皮ひ　こう　リハ　放　麻　歯　歯外　循環器内科　循環器外科,146,昭39. 5. 1,ika
病院,10,1010186,医療法人　真木会　真木病院,高崎市筑縄町７１－１,027-361-8411,医療法人　真木会　理事長　真木　武志,真木　武志,一般　内　内視鏡内　肝臓胆嚢膵臓内　消内　外　消外　内視鏡外　腫瘍外　乳腺外　整外　ひ　肛門外　リハ　放射線診断　循内,130,昭45. 8. 15,ika
病院,10,1010202,医療法人　社団　大原会　大原病院,高崎市飯玉町４６,027-362-5800,医療法人　社団　大原会　理事長　大原　一成,大原　一成,療養　内　外　麻　ペインクリニック内科・ペインクリニック外科　リハ,,昭52. 2. 1,ika
病院,10,1010210,野口病院,高崎市請地町３８,027-322-2288,医療法人　仁和会　理事長　野口　俊昭,野口　俊昭,一般　外　整外　脳外　リハ　リウ　胃腸内　胃腸外　肛門外　肛門内,,昭52. 2. 1,ika
診療所,10,1010228,田村産婦人科,高崎市柳川町６３,027-323-8496,医療法人社団恵育会　理事長　田村　仁,田村　仁,産婦,,平18. 4. 1,ika
病院,10,1010244,医療法人　社団　日高会　日高病院,高崎市中尾町８８６,027-362-6201,医療法人　社団　日高会　理事長　安藤　哲郎,関原　哲夫,一般　内　腫瘍内　糖尿病内分泌内　腎内　内視鏡内　疼痛緩和内　神内　呼内　消内　循内　外　消外　乳腺外　腫瘍外　肝外　膵外　胆のう外　食道外　胃腸外　大腸外　内視鏡外　腎外　整外　脳外　心外　皮　美容皮　ひ　肛外　婦　眼　リハ　放　放治療　放診断　腫瘍放　麻　リウ　病理　救急　人工透析内　人工透析移植外　歯外,287,昭52. 7. 15,ika
病院,10,1010269,医療法人　十薬会　上大類病院,高崎市上大類町７５９,027-352-1019,医療法人　十薬会　理事長　矢島　晶子,加藤　美佐,一般　内　精　循　小,,昭54. 8. 30,ika
診療所,10,1010301,はるな生活協同組合　通町診療所,高崎市通町１４３－２,027-322-6534,はるな生活協同組合　理事長　鈴木　隆,小林　聡史,内　小,,平7. 6. 1,ika
診療所,10,1010319,医療法人　慈育会　佐藤小児科内科医院,高崎市栄町２７－１３,027-322-4498,医療法人　社団　慈育会　理事長　佐藤　秀樹,佐藤　秀樹,内　小　循　胃　放,,平8. 5. 1,ika
診療所,10,1010335,医療法人　社団　吉田会　吉田内科,高崎市江木町２７３－４,027-326-6210,医療法人　社団　吉田会　理事長　吉田　秀忠,吉田　秀忠,内　神内　呼　消　循　心内　アレ,,昭63. 4. 1,ika
病院,10,1010343,駒井病院,高崎市矢島町４４９－２,027-352-6212,医療法人社団　三思医光会　理事長　駒井　太一,平松　範行,療養　内科　腎臓内科　整外　リハ　人工透析内科　神経精神科,100,昭63. 5. 1,ika
病院,10,1010368,医療法人　井上病院,高崎市通町５５,027-322-3660,医療法人　井上病院　理事長　井上　誠,井上　誠,一般　整外　リウ　内　リハ　循　呼　消　腎臓内科,,昭63. 5. 1,ika
診療所,10,1010384,医療法人佐々木医院,高崎市昭和町２,027-327-1911,医療法人佐々木医院　理事長　佐々木　豊志,佐々木　豊志,循環器内科　内,,昭64. 1. 1,ika
診療所,10,1010418,牧元医院,高崎市芝塚町１８４５－２,027-322-3623,医療法人　牧元医院　理事長　牧元　毅之,牧元　毅之,内　呼　アレ,,平14. 10. 15,ika
診療所,10,1010426,松島小児科医院,高崎市貝沢町７３６番地３,027-361-5823,医療法人　松島小児科医院　理事長　松島　宏,松島　宏,小,,平13. 12. 1,ika
診療所,10,1010434,小泉重田小児科,高崎市飯塚町１２８５番地２,027-362-5811,医療法人　小泉重田小児科　理事長　重田　政樹,重田　政樹,小　アレ,,平元. 7. 1,ika
診療所,10,1010467,勝田内科消化器クリニック,高崎市八千代町４－６－２１,027-327-5556,医療法人　三世会　理事長　勝田　美恵子,勝田　美恵子,内　消,,平元. 8. 1,ika
診療所,10,1010533,城山クリニック,高崎市城山町２－２－８,027-327-2759,医療法人　西野会　理事長　西野　宏,西野　宏,内　胃　循　小,,平2. 9. 1,ika
診療所,10,1010541,小野垣医院,高崎市中居町３－３９－２,027-352-2233,医療法人　小野垣医院　理事長　小野垣　義男,小野垣　義男,一般　内　消　循,,平2. 11. 2,ika
診療所,10,1010574,松崎医院,高崎市島野町５８９,027-352-1278,医療法人　松崎医院　理事長　松崎　勉,松崎　勉,内　胃　皮　リハ,,平2. 12. 1,ika
診療所,10,1010608,下和田クリニック,高崎市下和田町４－７－８,027-322-4998,医療法人　社団　下和田クリニック　理事長　戸塚　一彦,戸塚　一彦,ひ　皮,,平3. 4. 1,ika
診療所,10,1010616,高山眼科駅前医院,高崎市八島町７０－４９ラ・メルセ３Ｆ,027-327-3366,医療法人　秀緑会　理事長　高山　秀男,石原　克彦,眼,,平7. 5. 1,ika
診療所,10,1010632,いわた内科クリニック,高崎市石原町字川久保４１７１,027-327-1241,医療法人　ジェノム　理事長　岩田　展明,岩田　展明,内　呼　消　循,,平3. 4. 1,ika
診療所,10,1010640,上原内科医院,高崎市中豊岡町１２５－３,027-327-6955,医療法人　上原内科医院　理事長　上原　啓吾,上原　啓吾,内　呼　胃　循　リハ　アレ,,平3. 5. 1,ika
診療所,10,1010657,森内科クリニック,高崎市楽間町３１－３,027-343-7568,医療法人　森内科クリニック　理事長　森　貴紀,森　貴紀,内　呼内　循環器内科,,平3. 8. 1,ika
診療所,10,1010665,月岡内科医院,高崎市岩鼻町２５８－１,027-346-1226,医療法人　月岡内科医院　理事長　月岡　玄吾,月岡　玄吾,内　消化器内科,,平3. 8. 1,ika
診療所,10,1010681,寺尾こどもクリニック,高崎市寺尾町２６５９－１,027-324-7788,医療法人　寺尾こどもクリニック　理事長　江原　弘佳,江原　弘佳,小　アレ,,平4. 8. 1,ika
診療所,10,1010699,高山眼科緑町医院,高崎市緑町１－５－３,027-361-6888,医療法人　秀緑会　理事長　高山　秀男,宮　真祐子,一般　眼,,平5. 8. 1,ika
診療所,10,1010707,フラワークリニック,高崎市新保町１５８５－１,027-353-4103,医療法人　翠松会　松原医院　理事長　松原　穣介,松原　穣介,一般　産婦　内　皮　肛外,,平6. 4. 1,ika
診療所,10,1010715,有賀クリニック,高崎市東町８０－７,027-326-1711,医療法人　社団　有賀クリニック　理事長　有賀　長規,有賀　長規,内　放,,平6. 9. 1,ika
診療所,10,1010723,斎藤皮膚科医院,高崎市下小鳥町８０－３,027-364-5595,医療法人　聡生会　理事長　斎藤　強平,斎藤　強平,皮,,平7. 4. 1,ika
診療所,10,1010731,医療法人　南山会　岡本内科クリニック,高崎市上中居町３６５－２,027-325-5050,医療法人　南山会　岡本内科クリニック　理事長　岡本　克実,岡本　克実,内　循,,平7. 4. 1,ika
診療所,10,1010756,独立行政法人　国立重度知的障害者総合施設のぞみの園診療所,高崎市寺尾町２１２０－２,027-325-1501,独立行政法人国立重度知的障害者総合施設のぞみの園　理事長　田中　正博,瀬川　徹,一般　内　精　整外　皮　歯,,平7. 10. 1,ika
診療所,10,1010764,清水内科,高崎市飯塚町７０３,027-362-2838,医療法人　社団　清水内科　理事長　清水　美津夫,清水　美津夫,一般　内科　糖尿病内科　消化器内科　循環器内科,,平7. 12. 1,ika
診療所,10,1010772,武山クリニック,高崎市栄町１８－４,027-322-7027,医療法人　武山クリニック　理事長　武山　浩,武山　英美,外科　乳腺内分泌外科　脳外　内,,平8. 6. 1,ika
診療所,10,1010780,清水耳鼻咽喉科,高崎市京目町３２１－４,027-353-4533,医療法人　清水耳鼻咽喉科　理事長　清水　祐二,清水　祐二,耳い,,平8. 7. 1,ika
診療所,10,1010798,緩和ケア診療所・いっぽ,高崎市京目町７９０,027-353-3353,医療法人　一歩会　理事長　小笠原　一夫,竹田　果南,内　麻　外,,平8. 8. 1,ika
診療所,10,1010814,矢崎医院,高崎市剣崎町１０４９－２,027-344-3511,医療法人　矢崎会　理事長　矢﨑　美和,矢﨑　聡,一般　産婦,,平8. 12. 1,ika
病院,10,1010822,たかまえ病院,高崎市中尾町１２３０,027-361-7200,医療法人ゆかり　理事長　小林　功,飯塚　邦彦,一般　療養　内,,平9. 5. 1,ika
診療所,10,1010830,セントラルレディースクリニック,高崎市東町８０－７,0273-26-7711,医療法人　愛生会　理事長　織田　利光,角田　隆,一般　産　婦,,平9. 5. 1,ika
診療所,10,1010855,もてき脳神経外科,高崎市上小塙町５６７,027-343-7788,医療法人　社団　水火会　理事長　茂木　元喜,茂木　元喜,脳外　リハ　内　神内,,平9. 7. 1,ika
診療所,10,1010863,一般財団法人榛名荘　榛名荘病院附属高崎診療所はるな脳外科,高崎市上豊岡町８２７－１,027-343-2220,一般財団法人　榛名荘　理事長　笛木　敬介,倉地　浩,一般　脳外　整外　リハ,,平9. 11. 1,ika
診療所,10,1010871,医療法人　ラホヤ会　道又内科クリニック,高崎市柴崎町１１８７－２,027-353-6300,医療法人　ラホヤ会　理事長　道又　秀夫,道又　かおる,内　呼　消　循　リウ　アレ,,平10. 1. 1,ika
診療所,10,1010897,耳鼻咽喉科　古川雅子診療室,高崎市八島町２２２高崎ターミナルビル　７階,027-322-1415,医療法人　耳鼻咽喉科　古川雅子診療室　理事長　古川　雅子,古川　雅子,耳い,,平10. 4. 1,ika
診療所,10,1010921,小林眼科,高崎市南大類町１２９２－３,027-353-4110,医療法人　恵和会　理事長　小林　和夫,小林　和夫,眼,,平10. 8. 1,ika
診療所,10,1010939,つれいし耳鼻咽喉科,高崎市上小塙町５８４,027-343-2131,医療法人　つれいし耳鼻咽喉科　理事長　松下　靖志,猪股　茂樹,耳い,,平10. 8. 1,ika
診療所,10,1010947,中島クリニック,高崎市末広町８５－１,027-323-2077,医療法人　中島クリニック　理事長　中島　透,中島　透,外　胃,,平10. 12. 1,ika
診療所,10,1010954,真中記念クリニック,高崎市南大類町８８６－１,027-352-7211,医療法人　愛寿会　理事長　家坂　一穂,家坂　一穂,整外　リハ　リウ,,平10. 12. 1,ika
診療所,10,1010962,高崎ペインクリニック,高崎市柴崎町字天王前１４９７,027-353-0900,医療法人　高崎ペインクリニック　理事長　宮下　興,宮下　亮一,麻　ペインクリニック内科　ペインクリニック・整形外科,,平11. 4. 1,ika
診療所,10,1010970,うえはらクリニック,高崎市高関町３５４－１,027-322-4965,医療法人　むつみ会　理事長　植原　政弘,植原　政弘,内科　肝臓内科　精　神内　リハ　心内　消化器内科,,平11. 4. 1,ika
病院,10,1010988,医療法人　中央群馬脳神経外科病院,高崎市中尾町６４－１,027-363-6161,医療法人　中央群馬脳神経外科病院　理事長　中島　伸介,永井　睦,一般　療養　脳外　リハ　麻,,平11. 4. 1,ika
診療所,10,1010996,やわたクリニック,高崎市八幡町４２１,027-343-2247,医療法人　光緑会　理事長　福田　亮子,福田　亮子,内,,平11. 8. 1,ika
診療所,10,1011044,宮下クリニック,高崎市新保町１３７７－１,027-360-5577,医療法人　社団　和恵会　理事長　宮下　満恵,宮下　満恵,小　内,,平12. 5. 1,ika
診療所,10,1011069,はっとり皮膚科医院,高崎市小八木町２０２７－４,027-363-7755,医療法人　はっとり皮膚科医院　理事長　服部　友保,服部　友保,皮,,平12. 8. 1,ika
診療所,10,1011077,小板橋記念クリニック,高崎市上小塙町１０１２,027-344-6677,医療法人　和宏会　理事長　小板橋　宏,小板橋　宏,外　消　こう　整外　リハ,,平12. 12. 1,ika
診療所,10,1011119,医療法人　社団　近藤医院,高崎市岩鼻町乙３２４－３,027-346-2208,医療法人　社団　近藤医院　理事長　近藤　清廉,近藤　清廉,内　循内,,平14. 2. 1,ika
診療所,10,1011127,北高崎クリニック,高崎市大橋町１５８,027-322-2707,医療法人　三六会　北高崎クリニック　理事長　太田　直樹,太田　直樹,内　循,,平14. 4. 1,ika
診療所,10,1011143,こいけ整形外科クリニック,高崎市浜川町１７４０－１,027-344-8008,医療法人　奏葉　理事長　小池　諭,小池　諭,整外　リハ　リウ,,平14. 8. 1,ika
診療所,10,1011150,重田こども・アレルギークリニック,高崎市島野町１４１８,027-350-1700,医療法人　重田こども・アレルギークリニック　理事長　重田　誠,重田　誠,小　アレ,,平14. 8. 1,ika
診療所,10,1011176,朝倉クリニック,高崎市我峰町屋敷前１３９番地,027-344-3222,医療法人社団康知会　朝倉クリニック　理事長　朝倉　康夫,朝倉　康夫,麻　整外,,平15. 4. 1,ika
診療所,10,1011184,群馬リウマチクリニック,高崎市井野町１０４０－１,027-370-5656,医療法人井上病院　理事長　井上　誠,黒岩　卓,リウ　内　整外,,平15. 6. 1,ika
診療所,10,1011192,佐藤呼吸器科医院,高崎市飯塚町２５３番地１,027-362-5122,医療法人　佐藤呼吸器科医院　理事長　佐藤　圭,佐藤　圭,内　呼　胃　アレ,,平15. 6. 1,ika
診療所,10,1011218,真下クリニック,高崎市新保町１１０３番地１,027-370-6511,医療法人眞栄会　理事長　眞下　正道,眞下　正道,ひ,,平16. 4. 1,ika
診療所,10,1011234,わかばクリニック,高崎市剣崎町２４９番地５,027-344-3354,医療法人壮心会　理事長　川口　美香,川口　美香,内　アレ,,平16. 12. 1,ika
診療所,10,1011242,整形外科　ワイズクリニック,高崎市島野町１０３８－１,027-353-0550,医療法人ゼロポジション　理事長　吉田　和人,吉田　和人,整外　リハ　リウ,,平17. 8. 1,ika
診療所,10,1011267,整形外科　はせべ医院,高崎市井野町９８３番地１,027-361-0177,医療法人医仁会　理事長　長谷部　了,長谷部　了,整外　リハ　リウ,,平18. 9. 1,ika
診療所,10,1011275,やまなクリニック,高崎市山名町２８３番地１,027-350-5777,医療法人大和鶴会　理事長　堀内　大太郎,堀内　大太郎,内　ひ,,平18. 9. 1,ika
診療所,10,1011283,小倉クリニック,高崎市柴崎町６０番地１１,027-352-1811,医療法人翠聖会　理事長　小倉　道郎,小倉　道郎,内　歯　小歯　循環器内科,,平18. 12. 1,ika
診療所,10,1011291,阿久沢整形外科クリニック,高崎市東中里町１９１番地３,027-347-8181,医療法人出帆会　理事長　阿久澤　義則,阿久澤　義則,整外　リハ,,平18. 12. 1,ika
診療所,10,1011317,高崎アートクリニック,高崎市あら町１３６番地１,027-310-7701,医療法人舘出張佐藤会　理事長　佐藤　仁,上村　るり子,産婦,,平19. 1. 1,ika
診療所,10,1011325,小児科佐藤医院,高崎市柳川町４番地,027-322-2145,医療法人悦生会　理事長　佐藤　英生,佐藤　英生,小　アレ,,平22. 2. 1,ika
診療所,10,1011341,櫻井医院,高崎市柴崎町１２１３番地２,027-352-1270,医療法人千心会　理事長　櫻井　繁樹,櫻井　繁樹,内　循環器内科　心臓リハビリ科,,平19. 4. 1,ika
診療所,10,1011358,相馬クリニック,高崎市下豊岡町１４２番地,027-322-5015,医療法人光仁会　理事長　相馬　宏光,相馬　宏光,内　外　小　眼　消化器内科　循環器内科,,平19. 5. 1,ika
診療所,10,1011366,医療法人杣会うめやま医院,高崎市連雀町１３３番地,027-328-5500,医療法人杣会　理事長　梅山　知一,梅山　知一,ひ　外　性,,平19. 5. 1,ika
診療所,10,1011374,あらいキンダークリニック,高崎市下中居町２４７－３,027-325-4152,医療法人樹香会　理事長　新井　英夫,新井　英夫,小,,平19. 5. 1,ika
診療所,10,1011382,こだまクリニック,高崎市石原町３２２５番地,027-327-5566,医療法人優仁会　理事長　小玉　仁,小玉　仁,内　呼内　消化器内科　循環器内科,,平19. 5. 1,ika
診療所,10,1011408,こやぎ内科,高崎市小八木町２０３１番地６,027-365-5897,医療法人恒信会　理事長　塚越　正章,塚越　正章,内　呼内,,平19. 5. 1,ika
診療所,10,1011416,細谷医院,高崎市本郷町１４４３番地１,027-343-6010,医療法人緑晋会　理事長　細谷　剛,細谷　剛,内科　糖尿病内科　内分泌内科,,平19. 5. 1,ika
診療所,10,1011424,きたがわ整形外科クリニック,高崎市菅谷町１０４１番地２,027-372-1313,医療法人颯友会　理事長　喜多川　利昭,喜多川　利昭,整外　リハ　リウ,,平19. 5. 1,ika
診療所,10,1011465,黒沢病院附属ヘルスパーククリニック,高崎市矢中町１８８,027-352-1111,医療法人社団美心会　理事長　黒沢　功,尾沢　正俊,一般　ひ　呼内　循内　外　消外　乳腺外　整外　脳外　皮　美容皮　内　内視鏡内　肝内　糖内　内分泌内　脂質代謝内　婦　リハ　放　アレ　歯　歯外　ひ（人工透析）　形外　消内,,平21. 7. 1,ika
診療所,10,1011481,いわたバディーズクリニック,高崎市矢中町８４１,027-347-4560,医療法人社団慈瑩会　理事長　岩田　泰,岩田　泰,内　精　ひ　心内　消化器内科,,平22. 4. 1,ika
診療所,10,1011499,医療法人光友会　高崎メディカルクリニック,高崎市宮元町２７４,027-326-7603,医療法人光友会　理事長　貝瀨　友規,貝瀨　友規,形外　美外　皮,,平22. 6. 1,ika
診療所,10,1011507,岡村胃腸クリニック,高崎市東町２８番地１,027-310-1211,医療法人岡村会　理事長　岡村　慎也,岡村　慎也,内科　内視鏡内科　肛門内科　消化器内科　外,,平22. 12. 1,ika
診療所,10,1011515,もぎ整形外科クリニック,高崎市井野町８００番地１１,027-370-0700,医療法人秀躍会もぎ整形外科クリニック　理事長　茂木　秀之,茂木　秀之,整外　リハ,,平23. 1. 1,ika
診療所,10,1011523,高橋整形外科クリニック,高崎市下佐野町７１５番地５,027-345-2355,医療法人壮月会　理事長　高橋　俊雄,高橋　俊雄,整外　リハ　リウ,,平23. 1. 1,ika
診療所,10,1011531,高崎市夜間休日急病診療所,高崎市高松町５番地２８,027-381-6119,高崎市長　富岡　賢治,岡本　克実,内　小　整外　婦,,平23. 4. 1,ika
診療所,10,1011549,公益財団法人高崎・地域医療センター,高崎市高松町５番地２８,027-326-3141,公益財団法人高崎・地域医療センター　代表理事　岡本　克実,岡本　克実,内　小　整外,,平23. 4. 1,ika
診療所,10,1011556,清水胃腸科内科クリニック,高崎市町屋町６２７番地１,027-360-4771,医療法人清真会　理事長　清水　直樹,清水　直樹,内　胃腸内科,,平23. 8. 1,ika
診療所,10,1011564,医療法人井草会　井草医院,高崎市天神町１３６,027-362-2833,医療法人井草会　理事長　井草　直樹,井草　秀樹,内　外,,平24. 4. 1,ika
診療所,10,1011572,おおいクリニック,高崎市菅谷町８４７番地７,027-310-0101,医療法人大勝会　理事長　大井　勝,大井　勝,ひ　内　皮,,平24. 5. 1,ika
診療所,10,1011598,医療法人　清明会　善如寺医院,高崎市倉賀野町４５３－１９,027-346-2382,医療法人　清明会　理事長　善如寺　恵子,善如寺　恵子,内　小　外　リハ　消化器内科　眼,,平24. 7. 1,ika
診療所,10,1011606,リーフこどもアレルギークリニック,高崎市金古町字南十三町５３－１,027-388-8111,医療法人リーフこどもアレルギークリニック　理事長　佐藤　哲,佐藤　哲,小　アレ,,平24. 12. 1,ika
診療所,10,1011614,医療法人社団吉田会よしだ消化器内科クリニック,高崎市大八木町字壱丁田１７９７,027-388-1079,医療法人社団吉田会　理事長　吉田　秀忠,吉田　雅義,内　消化器内科,,平25. 3. 1,ika
診療所,10,1011622,問屋町クリニック,高崎市問屋町一丁目８番地２,027-388-1032,医療法人伊藤内科医院　理事長　伊藤　雄一,伊藤　敏夫,内　循環器内科,,平25. 4. 1,ika
診療所,10,1011630,ひばりクリニック,高崎市日高町１００８番地１,027-361-1555,医療法人友愛会　理事長　井上　智博,井上　智博,内　外　消化器内科,,平25. 5. 1,ika
診療所,10,1011648,宮下耳鼻咽喉科,高崎市正観寺町６５２－３,027-361-7325,医療法人　宮下耳鼻咽喉科　理事長　宮下　元明,宮下　元明,耳い,,平25. 5. 14,ika
診療所,10,1011655,ありさわ整形外科,高崎市上小塙町７６９番地３,027-387-0511,医療法人フェイスユウ　理事長　有澤　信義,有澤　信義,整外　リハ　リウ,,平25. 8. 1,ika
診療所,10,1011671,上中居整形外科医院,高崎市上中居町１５３５－６,027-395-7070,佐野　浩志,佐野　浩志,整外　リハ,,平25. 10. 1,ika
診療所,10,1011689,やなぎさわ整形外科,高崎市綿貫町３１８番地,027-346-7131,医療法人明光会　理事長　栁澤　信明,栁澤　信明,整外　リハ　リウ,,平25. 12. 1,ika
診療所,10,1011697,双葉胃腸内科クリニック,高崎市双葉町９－１６,027-388-8592,中曽根　豊,中曽根　豊,内　外　胃腸内科,,平26. 1. 1,ika
診療所,10,1011705,ＣＢＣクリニック,高崎市江木町１７１８番地３,027-321-2111,医療法人シービーシー　理事長　若林　武雄,若林　武雄,内　循内　漢方内　皮　形外,,平26. 1. 1,ika
診療所,10,1011713,沼野クリニック,高崎市柳川町１５番地,027-322-2926,医療法人雅世会　理事長　沼野　藤雅,沼野　藤雅,内　外　皮　胃腸内科,,平26. 1. 1,ika
診療所,10,1011739,丸山眼科医院,高崎市片岡町二丁目６番３号,027-322-7178,医療法人スマイルデザイン　理事長　丸山　博絵,相澤　百合香,眼,,平26. 2. 1,ika
病院,10,1011747,産科婦人科舘出張　佐藤病院,高崎市若松町９６,027-322-2243,佐藤　雄一,佐藤　雄一,一般　産　婦　小　麻　精,,平26. 2. 1,ika
診療所,10,1011754,じゅん内科,高崎市井出町１５４８－５,027-388-0477,安部　純,安部　純,内科　糖尿病内科,,平26. 4. 1,ika
診療所,10,1011762,県央医科歯科クリニック,高崎市中泉町６１０番地２,027-372-1231,医療法人県央会　理事長　井上　一英,井上　一英,外　内　胃腸内科　肛門外科　整外　歯　小歯　歯外　矯歯,,平26. 4. 1,ika
診療所,10,1011796,医療法人あいおい会こすもレディースクリニック,高崎市旭町１１３－７　ハートスクエア長建１Ｆ,027-330-2215,医療法人あいおい会　理事長　佐藤　泰一,佐藤　泰一,一般　産　婦　美容皮膚科,,平26. 5. 1,ika
診療所,10,1011804,まゆずみ眼科医院,高崎市日高町字中堀添４０３－２,027-388-8461,黛　豪恭,黛　豪恭,眼,,平26. 6. 1,ika
診療所,10,1011820,ほのぼの診療所,高崎市八千代町１－１７－１５　田島ビル１０５,027-386-6385,桐生　郁生,桐生　郁生,内,,平26. 6. 1,ika
診療所,10,1011846,小児科メイメイくりにっく,高崎市下之城町９６１,027-387-0733,坂元　壽惠,坂元　壽惠,小,,平26. 7. 1,ika
病院,10,1011853,黒沢病院,高崎市矢中町村北１８７番地,027-352-1166,医療法人社団美心会　理事長　黒澤　功,伊藤　一人,一般　ひ　ひ（人工透析）　脳外　外　消化外　乳腺外　内　内視鏡内　肝内　糖内　内分泌内　脂質代謝内　皮　美容皮膚科　整外　リハ　循内　呼内　放　婦　麻　アレ　歯　歯外　病理　形外　消内,130,平26. 7. 1,ika
診療所,10,1011879,高崎健康福祉大学附属クリニック,高崎市南大類町字旭２００－２,027-388-8840,学校法人高崎健康福祉大学　理事長　須藤　賢一,佐藤　賢,整外　内　リハ,,平26. 10. 1,ika
診療所,10,1011895,高木医院,高崎市江木町１１３,027-322-1540,高木　高人,高木　高人,内　循　小,,平26. 11. 28,ika
診療所,10,1011911,植原整形外科医院,高崎市飯塚町６９１番地１９,027-364-8180,医療法人千尋会　理事長　植原　丈尋,植原　丈尋,整外　リハ,,平26. 12. 1,ika
診療所,10,1011929,内堀整形外科医院,高崎市栄町１４番５号　内堀ビル８階,027-322-8550,医療法人道寿会　理事長　道又　敏夫,道又　俊子,整外,,平26. 12. 1,ika
診療所,10,1011937,道又内科東口診療所,高崎市栄町１４番５号　内堀ビル１階,027-395-6356,医療法人道寿会　理事長　道又　敏夫,道又　敏夫,内,,平26. 12. 1,ika
病院,10,1011945,高瀬記念病院,高崎市南大類町８８５番地２,027-353-1156,医療法人社団田貫会　理事長　髙瀬　眞一,長岡　秀樹,一般　療養　循内　心外　麻　放　内　消内　リハ,124,平26. 12. 1,ika
診療所,10,1011952,なりしげ整形外科,高崎市吉井町本郷字道六神７７番地１,027-386-3100,医療法人なりしげ整形外科　理事長　成重　崇,成重　崇,整外　リウ　リハ,,平27. 1. 1,ika
診療所,10,1011960,花水木内科,高崎市下小鳥町９３番地１０,027-329-7007,医療法人大翠会　理事長　大井　晋介,大井　晋介,内科　糖尿病内科,,平27. 1. 1,ika
診療所,10,1011978,野邑医院,高崎市倉渕町三ノ倉５０２－５,027-378-3213,野邑　陽二,野邑　陽二,内　神内,,平27. 1. 1,ika
病院,10,1011986,綿貫病院,高崎市末広町４１番地１,027-322-2206,医療法人　刀陽会　理事長　綿貫　文夫,綿貫　雄太,療養　外科　消化器外科　内　リハ　ひ（人工透析）,,平27. 3. 30,ika
診療所,10,1011994,耳鼻咽喉科　田中医院,高崎市鍛冶町４３番地,027-322-2604,医療法人社団慈聖会　理事長　田中　聖,田中　聖,耳い,,平27. 6. 1,ika
診療所,10,1012018,整形外科やましな医院,高崎市山名町１５４８番地,027-347-0202,医療法人整形外科やましな医院　理事長　山科　佳弘,山科　佳弘,整外　内　リウ　リハ,,平27. 9. 1,ika
診療所,10,1012034,都木医院,高崎市西国分町１３９番地３,027-372-1404,医療法人緑流会　理事長　都木　敏浩,宇都木　敏浩,内科　糖尿病内科　眼,,平28. 1. 1,ika
診療所,10,1012067,よしざわこどもクリニック,高崎市棟高町１４９７番４,027-350-3741,医療法人はなまる会　理事長　吉澤　幸弘,吉澤　幸弘,小　アレ,,平28. 5. 1,ika
診療所,10,1012075,豊泉クリニック,高崎市上中居町４１６番地,027-326-2933,医療法人清弘会　理事長　豊泉　清,佐々木　弘美,婦,,平28. 5. 1,ika
診療所,10,1012083,あすなろクリニック,高崎市棟高町１６７５番地５５０,027-372-8060,医療法人社団敬仁会　理事長　山田　敬之,山田　敬之,内　呼内　心内　外　精　皮　消化器内科,,平28. 5. 1,ika
診療所,10,1012091,稲村クリニック　アレルギー・呼吸器内科,高崎市南大類町１２４１番地５,027-353-1769,医療法人稲村クリニック　理事長　稲村　弘明,稲村　弘明,アレ　呼内　内,,平28. 6. 1,ika
診療所,10,1012109,ブラザークリニック,高崎市福島町７１８－２,027-372-2242,石関　英樹,石関　英樹,心内　精,,平28. 6. 1,ika
診療所,10,1012158,医療法人和泉会乾内科クリニック,高崎市下小塙町１５７６番地１,027-343-3368,医療法人　和泉会　理事長　乾　正幸,乾　正幸,内科　内視鏡内科　消化器内科,,平29. 3. 18,ika
診療所,10,1012166,西岡医院,高崎市浜川町１９３５,027-344-2252,西岡　正樹,西岡　正樹,内　呼内,,平29. 4. 1,ika
診療所,10,1012174,セキールレディースクリニック,高崎市栄町１７番２３号,027-330-2200,医療法人社団セキール会　理事長　関　守利,関　守利,婦,,平29. 4. 1,ika
診療所,10,1012182,医療法人社団　醫侑会　小川クリニック,高崎市矢中町３１２番地９,027-384-8000,医療法人社団醫侑会　理事長　小川　展二,小川　展二,外科（内視鏡）　消化器外科　腫瘍外科,,平29. 5. 1,ika
診療所,10,1012190,下之城眼科クリニック,高崎市下之城町１８４番地３,027-386-4149,医療法人エスポワール　理事長　太田　博仁,太田　博仁,眼,,平29. 5. 1,ika
診療所,10,1012208,こどもの森診療所,高崎市飯塚町７８７番地１,027-388-8863,医療法人こどもの森診療所　理事長　宇都宮　友恵,宇都宮　友恵,小,,平29. 5. 1,ika
診療所,10,1012216,かみおこどもクリニック,高崎市台町３５番２,027-393-6973,神尾　綾乃,神尾　綾乃,小,,平29. 9. 1,ika
診療所,10,1012224,森田クリニック,高崎市浜川町２７８番地１,027-344-2030,医療法人森田会　理事長　森田　廣樹,森田　廣樹,内　外　消化器内科,,平29. 9. 1,ika
診療所,10,1012240,高崎江木町眼科,高崎市江木町１５２８－１,027-310-2870,金子　敦子,金子　敦子,眼,,平29. 12. 1,ika
診療所,10,1012257,医療法人社団ルミエール　だるま眼科,高崎市飯塚町１０５５－１,027-381-8915,医療法人社団ルミエール　理事長　田邉　祐資,田邉　祐資,眼,,平30. 1. 1,ika
診療所,10,1012265,斎川産婦人科医院,高崎市岩押町３１－１０,027-327-0462,齋川　雄弘,齋川　雄弘,一般　産　婦,,平30. 1. 1,ika
診療所,10,1012273,小林内科胃腸科医院,高崎市井野町６４９－２,027-362-5188,小林　良太,小林　良太,内　消化器内科　胃腸内科,,平30. 1. 1,ika
診療所,10,1012315,渡辺医院　心療内科・精神科,高崎市八島町１７－７　イシイビル３Ｆ,027-386-5415,渡邉　俊之,渡邉　俊之,心内　精,,平30. 4. 1,ika
診療所,10,1012323,黛皮膚科医院,高崎市台町２７－４,027-324-0417,医療法人黛皮膚科医院　理事長　黛　暢恭,黛　暢恭,皮,,平30. 4. 1,ika
診療所,10,1012349,たかさき耳鼻咽喉科,高崎市上大類町１２７７番地１,027-352-3341,医療法人多聞会　理事長　長井　今日子,長井　今日子,耳い,,平30. 4. 1,ika
診療所,10,1012356,箕郷いずみクリニック,高崎市箕郷町矢原１２番地１,027-371-8550,社会福祉法人清光会　理事長　井上　光弘,松崎　茂,内　リハ,,平30. 10. 1,ika
診療所,10,1012380,太郎メンタルクリニック,高崎市筑縄町６２－３６,027-370-5500,山下　太郎,山下　太郎,精　心内,,平31. 4. 1,ika
診療所,10,1012398,細谷クリニック,高崎市沖町１５５,027-343-0230,細谷　直人,細谷　直人,外　整外　リハ　内　小,,平31. 4. 1,ika
診療所,10,1012406,細谷たかさきクリニック,高崎市南大類町８８８番地１,027-352-8181,医療法人民善会　理事長　丸田　栄,具　祥士（島田祥士）,婦　皮膚科　美容皮膚科　心内　内分泌内科　糖尿病内科　脳神経内科,,令元. 7. 1,ika
診療所,10,1012414,おかじょうクリニック,高崎市綿貫町１９１８番地７,027-395-6116,医療法人準心会　理事長　岡上　準,岡上　準,内　腎内　リウ,,令元. 8. 1,ika
診療所,10,1012422,もんでん内科クリニック,高崎市天神町１１５番地１,027-384-3701,医療法人天成会　理事長　門傳　剛,門傳　剛,糖尿病内　内分泌内　内,,令元. 8. 1,ika
診療所,10,1012448,そはら内科,高崎市貝沢町１５３５－１,027-370-0011,蘇原　直人,蘇原　直人,内　消内,,令元. 9. 1,ika
診療所,10,1012463,医療法人社団小林外科胃腸科医院,高崎市上中居町１８７－１,027-325-2085,医療法人社団小林外科胃腸科医院　理事長　小林　力,小林　力,外　内　消内　肛外,,令元. 11. 1,ika
診療所,10,1012471,つつみ内科クリニック,高崎市並榎町５４番地１,027-363-2224,医療法人向陽会　理事長　堤　侯二,堤　侯二,内,,令元. 11. 5,ika
診療所,10,1012489,みさと眼科,高崎市箕郷町上芝４８１－１１,027-384-3260,袖山　博健,袖山　博健,眼,,令元. 12. 1,ika
診療所,10,1012497,高崎佐藤眼科,高崎市南大類町１０００－１,027-352-8800,医療法人明陽会　理事長　佐藤　拓,佐藤　拓,眼,,令2. 1. 1,ika
診療所,10,1012505,桐山クリニック,高崎市末広町２３５－８,027-310-1234,医療法人プラスアルファ　理事長　桐山　真典,桐山　真典,内視鏡内科　胃腸内科　麻,,令2. 1. 1,ika
診療所,10,1012513,みずの神経内科・内科クリニック,高崎市倉賀野町６４４２番地,027-395-0888,医療法人みずの会　理事長　水野　裕司,水野　裕司,内　神内,,令2. 2. 1,ika
診療所,10,1012521,高崎タワークリニック　眼科・泌尿器科,高崎市東町３２－１ブリリアタワー高崎２階,027-384-8241,齋藤　勇祐,齋藤　勇祐,眼　ひ,,令2. 4. 1,ika
診療所,10,1012547,ぐんま耳鼻咽喉科クリニック,高崎市冷水町１３０番地１,027-381-5108,医療法人社団頭頸部免疫栄養研究所　理事長　坂倉　浩一,坂倉　浩一,耳い,,令2. 5. 1,ika
診療所,10,1012554,土岐医院,高崎市本郷町６５番地１,027-343-6003,医療法人文英会　理事長　土岐　文彰,土岐　文彰,小　小外　消内　外　内,,令2. 5. 1,ika
診療所,10,1012562,いいづか・たきた医院,高崎市沖町２０３－４,027-343-3387,瀧田　和志,瀧田　和志,耳い　内　歯,,令2. 5. 1,ika
診療所,10,1012570,松岡医院,高崎市片岡町１丁目１７番３１号,027-323-0954,医療法人杏仁会　理事長　松岡　隆,松岡　隆,外　胃腸内科　内,,令2. 8. 1,ika
診療所,10,1012588,高崎乳腺外科クリニック,高崎市島野町１４１６番,027-350-1515,吉田　崇,吉田　崇,乳腺外科　内分泌外科,,令2. 9. 1,ika
診療所,10,1012596,すみれ皮膚科,高崎市南大類町９９９－２,027-381-6638,須藤　麻梨子,須藤　麻梨子,皮,,令2. 9. 1,ika
診療所,10,1012612,城南医院,高崎市下和田町３丁目６－１７,027-322-5760,佐藤　哲郎,佐藤　哲郎,内,,令3. 1. 1,ika
診療所,10,1012620,庭野クリニック,高崎市上並榎町１５１－１,027-370-3003,庭野　和生,庭野　和生,内　循内,,令3. 4. 1,ika
診療所,10,1012638,ふるた内科脳神経内科クリニック,高崎市上小塙町字東原１０６１－１,027-387-0100,古田　夏海,古田　夏海,内科　脳神経内科　老年内科,,令3. 5. 1,ika
診療所,10,1012653,長谷川内科医院,高崎市貝沢町１１４２－６,027-362-1210,長谷川　修,長谷川　修,内　糖尿病代謝内　内分泌内　循内　消内,,令3. 5. 1,ika
診療所,10,1012687,くらがのファミリークリニック,高崎市倉賀野町２０４４－１,027-346-0880,大山　啓太,大山　啓太,内　循内　小,,令3. 10. 1,ika
診療所,10,1012703,中島内科医院,高崎市下佐野町１５－１,027-347-3553,中島　正博,中島　正博,内　循内,,令4. 4. 1,ika
診療所,10,1012711,たかさき眼科,高崎市棟高町１４００番地　イオンモール高崎２階,027-310-9079,医療法人永和会　理事長　泉　研一,泉　研一,眼,,令4. 4. 1,ika
病院,10,1012737,さわらび医療福祉センター,高崎市大八木町１６８番地１,027-361-6111,社会福祉法人榛桐会　理事長　鈴木　憲一,金子　広司,一般　内　脳神内　精　小　リハ,120,令4. 6. 1,ika
診療所,10,1012745,あら町在宅診療所,高崎市鶴見町７－５　ロイヤルコーポ参番館２０３号室,027-329-5051,柳澤　大輔,柳澤　大輔,内,,令4. 9. 1,ika
診療所,10,1012752,高崎東口クリニック,高崎市双葉町１－９　ＫＡＴＵＲＡ高崎　２Ｆ－Ａ,027-386-6151,木村　淳子,木村　淳子,内　美容皮膚科,,令5. 1. 1,ika
診療所,10,1012760,さくらクリニック,高崎市吉井町本郷字硯町８５２番地６－Ａ,027-387-4512,医療法人明優会　理事長　永井　成樹,永井　成樹,内　精,,令5. 1. 1,ika
診療所,10,1012778,静内科,高崎市小八木町７９９番地１,027-370-0777,医療法人イーハトーブ　理事長　静　毅人,静　毅人,内科　心臓血管内科,,令5. 2. 1,ika
診療所,10,1012786,とも皮膚科クリニック,高崎市上中居町２９６番地２,027-328-1112,横山　知明,横山　知明,皮　アレ　小児皮膚科　美容皮膚科,,令5. 5. 1,ika
診療所,10,1012794,仁静堂医院,高崎市井野町１２２３,027-361-4165,静　和彦,静　和彦,内　循環器内科　整外,,令5. 7. 1,ika
診療所,10,1012802,わたなべ小児科,高崎市昭和町１８２－３,027-386-3878,渡邉　健一,渡邉　健一,小,,令5. 9. 1,ika
診療所,10,1012810,ニコ内科クリニック,高崎市棟高町９４番地１,027-386-2592,医療法人ＳＯＲＲＩＳＯ　理事長　髙田　晋,髙田　晋,内,,令5. 9. 1,ika
診療所,10,1012828,ひかり整形外科　高崎ハナミズキ院,高崎市上並榎町４７番地２,027-370-1374,医療法人　神月堂　理事長　神山　真孝,神山　真孝,整外　リハ,,令5. 10. 1,ika
診療所,10,1012844,高崎南クリニック,高崎市浜尻町１２１６番地,027-386-3803,医療法人社団群雄会　理事長　高橋　研吾,櫻澤　忍,内,,令5. 12. 1,ika
診療所,10,1012851,しんまち内科・循環器内科クリニック,高崎市新町１４３５－１３,0274-50-4388,社会福祉法人しんまち元気村　理事長　八木　秀明,富澤　隆興,内　循環器内科　小,,令6. 4. 1,ika
診療所,10,1012869,浜尻クリニック,高崎市浜尻町２１６－５,027-363-8311,冨澤　健史,冨澤　健史,内科　腎臓内科　小　アレ　リウ,,令6. 4. 1,ika
診療所,10,1012885,弓皮ふ科医院,高崎市片岡町一丁目５番３号,027-322-2013,鈴木　弓,鈴木　弓,皮,,令6. 8. 1,ika
診療所,10,1012893,ふじえ内科医院,高崎市上滝町３２１番地,027-352-7800,藤江　正雄,藤江　正雄,内　消化器内科　循環器内科,,令6. 9. 1,ika
診療所,10,1012919,医療法人社団平郁会　みんなの高崎クリニック,高崎市八千代町一丁目２番４号,027-388-1485,医療法人社団平郁会　理事長　大田　和枝,水島　健,内　精,,令8. 2. 1,ika
診療所,10,1012927,くわの葉　みみ・はな・のど　クリニック,高崎市新町１６５７－８,0274-50-9753,桑原　幹夫,桑原　幹夫,耳い,,令7. 5. 1,ika
診療所,10,1012935,多聞内科クリニック,高崎市福島町７６３番地８,027-310-0600,医療法人ＴＭＮ　理事長　長島　多聞,長島　多聞,消化器内科　肝臓内科　内科,,令7. 3. 1,ika
診療所,10,1012943,高崎駅けやき眼科,高崎市八島町２２２番地高崎モントレー５階,027-310-5575,医療法人社団　健眼会　理事長　乾　夏子,乾　夏子,眼,,令7. 3. 1,ika
診療所,10,1012950,医療法人社団奥山会　こころメンタルクリニック高崎院,高崎市上大類町９３３番地２,027-384-3640,医療法人社団奥山会　理事長　鈴木　孝昭,狩野　正之,精　心内,,令7. 4. 1,ika
診療所,10,1012968,かもめ在宅診療所,高崎市北原町６６番地３,027-388-0748,医療法人かもめ在宅診療所　理事長　宮澤　智久,宮澤　智久,内,,令7. 4. 1,ika
診療所,10,1012984,あおばクリニック高崎院,高崎市八島町１７　イシイビル４０１,027-321-8624,医療法人社団あおばクリニック　理事長　丸本　桂三,野村　将人,眼　美容皮膚科,,令7. 6. 1,ika
診療所,10,1012992,にじいろアイクリニック,高崎市八島町４６番地１　高崎オーパ８階,027-384-4331,医療法人ひとみ会　理事長　菊地　泰弘,本間　仁,眼,,令7. 7. 1,ika
診療所,10,1013008,高崎西口ごうだ内科,高崎市鶴見町４－２,027-386-3321,合田　史,合田　史,内科　感染症内科,,令7. 10. 1,ika
診療所,10,1013016,整形外科ぐんまの森クリニック,高崎市八幡原町４５３番地１,027-347-6100,医療法人　ローテーターカフ　理事長　濱野　哲敬,濱野　哲敬,整外,,令7. 11. 1,ika
診療所,10,1013024,まさき医院,高崎市江木町４５番地２,027-384-4107,正木　博,正木　博,整外　リハ,,令8. 6. 1,ika
診療所,10,1013032,ふるこどもクリニック,高崎市下小鳥町７４２,027-384-3353,古川　真弓,古川　真弓,小　アレ,,令8. 3. 1,ika
診療所,10,1013040,高崎ＴＡＣ下肢静脈瘤クリニック,高崎市旭町２４－６　ＳＪ旭町ビル３階,027-327-7221,医療法人ＴＡＣ　理事長　嶽﨑　元彦,小林　慧祐,美容外科　美容皮膚科　血管外科　ひ,,令8. 4. 1,ika
診療所,10,1013057,なかざわ整形外科,高崎市金古町寝保之窪４４７番地１６,070-9179-5252,中澤　拓郎,中澤　拓郎,整外　リハ,,令8. 5. 1,ika
診療所,10,1013073,ファイン・クリニック田町,高崎市田町７５－５,027-329-5911,山中　望美,山中　望美,内　形外　心内　循,,令8. 6. 1,ika
診療所,10,1020011,大山医院,高崎市浜川町２２４２－１,027-343-6036,大山　敬世,大山　敬世,内　呼内　循環器内科,,平17. 7. 1,ika
診療所,10,1020037,大塚医院,高崎市下小鳥町６２－１１,027-360-3321,大塚　敏彦,大塚　敏彦,内　循　小,,平16. 12. 29,ika
診療所,10,1500061,佐藤医院,高崎市下室田町９２０－２,027-374-3361,佐藤　洋一,佐藤　洋一,内　胃　消　循　小　外　整外　放,,昭32. 5. 1,ika
診療所,10,1500103,高橋医院,高崎市下室田町１３２６,027-374-0016,高橋　信,高橋　信,内,,昭32. 5. 1,ika
診療所,10,1500434,下田内科胃腸科,高崎市箕郷町西明屋３８０,027-371-5182,下田　光紀,下田　光紀,内　胃　小,,昭53. 10. 1,ika
診療所,10,1500541,佐藤医院,高崎市箕郷町生原１０８１－５,027-371-7577,佐藤　泰平,佐藤　泰平,一般　外　内,,平4. 9. 15,ika
診療所,10,1500616,いたがき内科クリニック,高崎市中泉町６０２－２,027-372-8822,板垣　仁,板垣　仁,内　神内　呼　消　循,,平11. 6. 1,ika
診療所,10,1500681,みなぐち医院,高崎市下里見町２６８－１,027-340-3103,水口　滋之,水口　滋之,内　胃　消　外　こう,,平18. 5. 1,ika
病院,10,1510029,榛名荘病院,高崎市中室田町５９８９,027-374-1135,一般財団法人　榛名荘　理事長　笛木　敬介,笛木　敬介,一般　療養　内　緩和ケア内　糖尿病内　内視鏡内　神内　呼　胃　循　外　整外　皮　ひ　リハ　放　麻　歯　脳外,111,昭32. 5. 1,ika
病院,10,1510037,二之沢病院,高崎市足門町１４２－１,027-373-2215,医療法人　二之沢会　理事長　森田　美穂,川田　悦夫,療養　内科　老人内科　緩和ケア内科　皮,120,昭32. 5. 1,ika
病院,10,1510045,群馬整肢療護園,高崎市足門町１４６－１,027-373-2277,社会福祉法人　二之沢愛育会　理事長　竹内　宏,川嶋　伸明,一般　整外　小　小外　児童精神科,116,昭32. 12. 4,ika
病院,10,1510052,群馬病院,高崎市稲荷台町１３６,027-373-2251,医療法人　群馬会　理事長　村山　昌暢,栁澤　潤吾,精神　精神科　児童精神科　神　心内,461,昭38. 2. 15,ika
診療所,10,1510086,医療法人社団　三愛会　三愛クリニック,高崎市金古町１７５８,027-373-3111,医療法人社団　三愛会　理事長　市村　茂,市村　茂輝,内　消化器内科,,昭48. 7. 1,ika
診療所,10,1510094,社会福祉法人　はるな郷診療所,高崎市箕郷町松之沢３３３,027-371-2487,社会福祉法人　はるな郷　理事長　町田　錦一郎,栗原　修一,内　精　歯,,昭50. 12. 15,ika
診療所,10,1510102,新生会診療所,高崎市中室田町２２５２,027-374-1511,社会福祉法人　新生会　理事長　鈴木　育三,伊藤　義彦,内　リハ,,昭55. 9. 15,ika
病院,10,1510128,関越中央病院,高崎市北原町７１,027-373-5115,医療法人　関越中央病院　理事長　小林　功,小林　功,一般　内　糖尿病内　内分泌内　腎臓内　呼内　消内　消外　循内　小外　外　腫瘍外　腹部外　肝外　膵外　胆嚢外　食道外　整外　脳外　呼外　心外　ひ　肛外　リハ　放射線科　放射線診断科　麻　アレ　人工透析内科　胸外　乳腺外　救急科　胃腸外　大腸外　内視鏡外,,昭63. 1. 1,ika
診療所,10,1510144,医療法人　須賀内科医院,高崎市棟高町１０６８－１４,027-373-8283,医療法人　須賀内科医院　理事長　須賀　秀晃,須賀　秀晃,内　循　小,,平元. 7. 1,ika
診療所,10,1510151,狩野外科医院,高崎市金古町２３０,027-373-1310,医療法人　狩野外科医院　理事長　狩野　基,狩野　基,一般　外　内　ひ,,平元. 7. 1,ika
診療所,10,1510177,林クリニック,高崎市棟高町８８９－１３,027-373-1615,医療法人　社団　林クリニック　理事長　林　信義,林　信義,内　外　皮　ひ,,平元. 11. 1,ika
診療所,10,1510193,土岐内科医院,高崎市上里見町１６５０－１,027-374-1278,医療法人　洗足会　理事長　土岐　譲,土岐　宗利,内科　内視鏡内科　糖尿病内科　漢方内科　消化器内科　皮,,平3. 9. 1,ika
診療所,10,1510201,砂長胃腸科外科医院,高崎市稲荷台町１３０５－１,027-373-2263,医療法人　砂長胃腸科外科医院　理事長　砂長　博明,砂長　博明,胃　外　こう　麻,,平6. 2. 1,ika
診療所,10,1510227,今井内科小児科,高崎市箕郷町柏木沢２３５６－３,027-371-6900,医療法人　今井小児科医院　理事長　今井　純子,今井　純子,小　内,,平9. 8. 1,ika
診療所,10,1510235,ふるしま医院,高崎市下里見町１４２４,027-360-8100,医療法人　聖穂会　理事長　古島　吉之,古島　吉之,内　神内　循　小　外　整外　脳外　リハ,,平9. 8. 1,ika
診療所,10,1510243,みどりクリニック,高崎市北原町２５－３,0273-73-8611,医療法人　社団　同人会　理事長　鈴木　基司,鈴木　基司,精　内　小,,平9. 12. 1,ika
診療所,10,1510268,いしもとレディスクリニック,高崎市中泉町６０８番地２,027-372-4188,医療法人　星陽会　理事長　石本　一也,岩宗　政幸,一般　産　婦　内,,平11. 12. 1,ika
診療所,10,1510276,宮川皮膚科クリニック,高崎市金古町７０６－７,027-373-8855,医療法人　宮川皮膚科クリニック　理事長　宮川　真梨江,宮川　真梨江,皮,,平12. 1. 1,ika
診療所,10,1510284,医療法人社団順成会　吉原クリニック,高崎市中泉町６４９－１,027-360-6600,医療法人社団順成会　理事長　吉原　成哲,吉原　成哲,内　外　脳外,,平14. 7. 1,ika
診療所,10,1510300,中泉こどもクリニック,高崎市中泉町６０８番地１,027-350-3222,医療法人泉和会　理事長　長島　知久,長島　知久,小,,平15. 12. 1,ika
診療所,10,1510318,北川眼科クリニック,高崎市中泉町６０３番２,027-372-1818,医療法人社団彩光会北川眼科クリニック　理事長　堀内　康史,堀内　康史,一般　眼,,平16. 4. 1,ika
診療所,10,1510326,みさと診療所,高崎市箕郷町上芝６２８－１,027-350-6080,医療法人瑞穂会　理事長　合志　裕一,合志　裕一,一般　内（循環器・呼吸器）　外（消化器・内視鏡）　麻　ペインクリニック内科,,平17. 4. 1,ika
診療所,10,1700323,川上医院,高崎市吉井町吉井１２９－２,027-387-2718,川上　哲,川上　哲,内　小,,平13. 4. 20,ika
診療所,10,1700414,関口医院,高崎市新町２２７３－７,0274-42-0251,関口　哲郎,関口　哲郎,内　消　循　小　皮　ひ,,平12. 1. 31,ika
診療所,10,1700539,多胡医院,高崎市吉井町吉井６４３－４,027-387-8585,宮城　建典,宮城　建典,内　皮,,平2. 4. 1,ika
診療所,10,1700562,田中眼科医院,高崎市新町７８,0274-42-5578,田中　隆行,田中　隆行,眼,,平5. 2. 15,ika
診療所,10,1700570,野村医院,高崎市新町１２９５－５,0274-42-5500,野村　光男,野村　光男,内　小　皮　産婦,,平5. 6. 15,ika
診療所,10,1700588,田路クリニック,高崎市吉井町馬庭５７１－１,027-388-3527,田路　了,田路　了,内　胃　小　外　整外　皮ひ　リハ　放,,平6. 4. 15,ika
診療所,10,1710165,医療法人　祥淳会　野中医院,高崎市新町２１３６－６,0274-42-0219,医療法人　祥淳会　野中医院　理事長　小屋　智子,小屋　智子,ひ　内　外　皮　整外,,昭63. 5. 1,ika
診療所,10,1710173,医療法人　吉井中央診療所,高崎市吉井町吉井４１５－１,027-387-5889,医療法人　吉井中央診療所　理事長　江原　謙輔,江原　謙輔,一般　内　皮　眼　リハ,,昭64. 1. 1,ika
診療所,10,1710181,こころとからだのクリニック,高崎市吉井町吉井川３５３,027-387-2711,医療法人　貴翠会　理事長　田中　貴志,茂木　智和,内　精　消内　婦　整外　外　アレ,,平元. 7. 1,ika
診療所,10,1710207,医療法人　大久保医院,高崎市新町２８４６,0274-42-0100,医療法人　大久保医院　理事長　大久保　斎,大久保　斎,内科　肝臓内科　糖尿病内科　呼内　消化器内科　循環器内科,,平元. 11. 1,ika
診療所,10,1710215,医療法人　松本医院,高崎市吉井町吉井１５６,027-387-2712,医療法人　松本医院　理事長　松本　文和,松本　文和,内　胃　小　外　整外　こう,,平5. 8. 1,ika
診療所,10,1710223,医療法人　島田医院,高崎市吉井町吉井９,027-387-3558,医療法人　島田医院　理事長　島田　哲明,島田　哲明,耳　気食,,平7. 1. 5,ika
診療所,10,1710256,ヒロ循環器科胃腸科クリニック,高崎市吉井町長根１８１６,027-387-1122,医療法人　博心会　理事長　久保　博,久保　博,内　呼　胃　循　小,,平11. 8. 1,ika
病院,10,1710264,医療法人　社団　日高会　日高リハビリテーション病院,高崎市吉井町馬庭２２０４,027-388-2005,医療法人　社団　日高会　理事長　安藤　哲郎,宇野　治夫,一般　内　循　整外　ひ　リハ　皮,104,平12. 6. 1,ika
病院,10,7010024,独立行政法人国立病院機構高崎総合医療センター,高崎市高松町３６,027-322-5901,独立行政法人国立病院機構　理事長　新木　一弘,小川　哲史,一般　一般（感染）　内科　内分泌代謝内科　疼痛緩和内科　血液内科　精　神内　呼内　消化器内科　心臓血管内科　小　外科　乳腺内分泌外科　整外　形外　脳外　呼外　心外　小外　皮　ひ　産婦　眼　耳い　リハ　麻　心内　腎臓・リウマチ科　病理　放射線診断科　放射線治療科　救急科　歯外,485,昭32. 5. 1,ika
診療所,10,0400602,下山医院分院,桐生市新里町新川３９７７,0277-74-3320,下山　峻,下山　峻,内　小,,昭63. 6. 15,ika
診療所,10,0400792,アウルこどもクリニック,桐生市新里町山上６９０－４,0277-70-2112,下山　定利,下山　定利,小　内　アレ,,平16. 10. 15,ika
診療所,10,0410213,細野医院,桐生市新里町新川１３５４－６,0277-74-2300,医療法人　細野医院　理事長　清水　創一郎,清水　創一郎,外　内,,平6. 5. 1,ika
診療所,10,0410239,社会医療法人　東郷会　恵愛堂クリニック,桐生市新里町新川１２５５－９,0277-74-2311,社会医療法人　東郷会　理事長　東郷　望,東郷　庸史,外　胃　内,,平8. 4. 1,ika
診療所,10,2400162,細井内科医院,桐生市浜松町１－２－５,0277-44-3818,細井　盛一,細井　盛一,内,,昭32. 5. 1,ika
診療所,10,2400253,川島眼科医院,桐生市本町６－１２,0277-45-2242,川島　忠昭,川島　忠昭,眼,,昭32. 5. 1,ika
診療所,10,2400287,こんどう整形外科リハビリテーション科医院,桐生市仲町２－１１－６,0277-44-5066,近藤　理,近藤　理,整外　リハ　麻　リウ,,平19. 10. 9,ika
診療所,10,2400402,田中医院,桐生市広沢町２－３１４６－５,0277-54-5012,田中　廣,田中　廣,内　小,,昭32. 5. 1,ika
診療所,10,2400485,菊地医院,桐生市琴平町２－４７,0277-45-2883,菊地　雅子,菊地　雅子,内　循　消　呼,,平7. 11. 13,ika
診療所,10,2400519,三丸医院,桐生市宮本町１－１２－１１,0277-22-3419,三丸　修,三丸　修,内　小,,昭32. 5. 1,ika
診療所,10,2400535,ふじう医院,桐生市広沢町５－１４６６,0277-54-3851,藤生　光治,藤生　光治,内　胃　消,,平10. 10. 4,ika
診療所,10,2400667,小暮医院,桐生市相生町２－８４７－２,0277-52-6608,小暮　晴一郎,小暮　晴一郎,内　消　循　小　リハ,,平14. 4. 1,ika
診療所,10,2400758,北川内科クリニック,桐生市錦町２－１２－２,0277-44-7706,北川　泰久,北川　泰久,内　消,,昭35. 2. 1,ika
診療所,10,2400816,小島内科医院,桐生市新宿３丁目１－１２,0277-44-8919,小島　明,小島　明,内,,平20. 9. 1,ika
診療所,10,2400840,坂本内科医院,桐生市仲町１－１３－３０,0277-44-8989,坂本　眞太郎,坂本　眞太郎,内,,昭36. 11. 1,ika
診療所,10,2401145,林内科医院,桐生市川岸町１７９,0277-45-2072,林　宗音,林　宗音,内,,昭44. 2. 1,ika
診療所,10,2401277,藤井医院,桐生市梅田町１－２２－２,0277-32-0666,正和　信英,正和　信英,内　小　病理診断科,,平21. 9. 4,ika
診療所,10,2401392,藤田小児科医院,桐生市広沢町４－１９０８－３,0277-52-8289,藤田　範子,藤田　範子,小,,昭55. 1. 1,ika
診療所,10,2401475,安部クリニック,桐生市旭町１８０－３,0277-45-0794,安部　直利,安部　直利,内　皮　産婦　麻,,平9. 7. 1,ika
診療所,10,2401509,桐生クリニック,桐生市広沢町二丁目中島３１８１,0277-54-1350,北川　茂久,北川　茂久,外　内　胃　こう　眼　リハ,,平4. 1. 1,ika
診療所,10,2401525,さくらクリニック,桐生市本町６－３７５,0277-46-3739,小暮　祐三郎,小暮　祐三郎,内　整外　脳外　皮　リハ,,平5. 4. 15,ika
診療所,10,2401574,あいおい眼科医院,桐生市相生町２－１０５,0277-54-5350,奈良部　典子,奈良部　典子,眼,,平9. 6. 1,ika
診療所,10,2401582,みなみ眼科,桐生市境野町１－１２６２－１,0277-43-3180,岡部　純子,岡部　純子,眼,,平10. 4. 1,ika
診療所,10,2401673,おのこどもクリニック,桐生市新宿３丁目１３－３５,0277-20-7780,小野　眞康,小野　眞康,小,,平17. 9. 1,ika
診療所,10,2401681,はせがわ循環器内科クリニック,桐生市新宿２丁目８－２６,0277-44-9041,長谷川　茂夫,長谷川　茂夫,内　循環器内科,,平21. 7. 1,ika
診療所,10,2401715,さかいのクリニック,桐生市境野町２丁目６１７番地１,0277-44-8557,阿部　篤朗,阿部　実恵子,内　リハ　呼内,,平24. 4. 1,ika
診療所,10,2401723,赤南診療所,桐生市新里町小林５０－４,0277-74-8344,高橋　厚,高橋　厚,内　外,,平24. 11. 1,ika
病院,10,2410021,桐生厚生総合病院,桐生市織姫町６－３,0277-44-7171,桐生地域医療企業団　企業長　加藤　広行,加藤　広行,一般　一般　一般（感染）　感染　内　緩和ケア内　精　小　外　血管外　乳腺外　整外　脳外　呼外　心外　皮　ひ　産婦　眼　耳い　リハ　放　麻　病理　歯　歯外　循環器内科　消化器内科　救急科　脳内,404,昭32. 5. 1,ika
病院,10,2410088,医療法人　岸会　岸病院,桐生市相生町２－２７７,0277-54-8949,医療法人　岸会　理事長　岸　泰宏,岸　泰宏,精神　内　精　神　小　放,286,昭32. 5. 1,ika
病院,10,2410096,両毛整肢療護園,桐生市広沢町１－２６４８－１,0277-54-1182,社会福祉法人　桐生療育双葉会　理事長　近藤　理,桑島　信,一般　整外　内　小　小児神経科　リハ,,昭32. 5. 1,ika
診療所,10,2410112,城田クリニック,桐生市天神町３－５－２４,0277-22-7211,医療法人　菊寿会　理事長　城田　善彦,城田　善彦,内　呼　胃　循,,昭32. 5. 1,ika
診療所,10,2410138,医療法人　永済会　永田医院,桐生市末広町４－８,0277-22-5122,医療法人　永済会　代表理事　永田　徹,永田　徹,内　小　外,,昭32. 5. 1,ika
診療所,10,2410161,医療法人　芙蓉会　まろ医院,桐生市本町３－４－１８,0277-44-6031,医療法人　芙蓉会　理事長　中嶋　秀麿,中嶋　秀麿,内　胃　循,,昭33. 5. 26,ika
病院,10,2410187,医療法人　岩下会　岩下病院,桐生市本町４－３２０,0277-22-0151,医療法人　岩下会　理事長　岩下　裕之,岩下　裕之,一般　整外　ひ　リハ,,昭32. 5. 1,ika
病院,10,2410195,医療法人　大和会　大和病院,桐生市稲荷町２－９,0277-45-1551,医療法人　大和会　理事長　大和　肇,大和　肇,療養　内　眼　リハ,,昭33. 3. 10,ika
診療所,10,2410203,桐生市医師会立　平日夜間急病診療所,桐生市元宿町１８番地２,0277-47-2500,一般社団法人　桐生市医師会　会長　菊地　一真,菊地　一真,内　小,,昭51. 5. 1,ika
診療所,10,2410229,医療法人　宏愛会　篠原クリニック,桐生市相生町３－１７４－２２,0277-52-6750,医療法人　宏愛会　理事長　荒井　浩介,米山　裕,一般　内　外　整外　リハ　消化器内科,,平13. 6. 1,ika
診療所,10,2410245,社会医療法人　東郷会　相生ひふ科医院,桐生市相生町２－５８４－１３,0277-52-7939,社会医療法人　東郷会　理事長　東郷　望,東郷　直子,皮,,平元. 8. 1,ika
診療所,10,2410286,新宿医院,桐生市新宿１－１３－１４,0277-44-5930,医療法人　社団　新宿医院　理事長　菊地　一真,菊地　一真,内　消　小,,平元. 12. 1,ika
診療所,10,2410302,医療法人ライフサポート　わたらせリバーサイドクリニック,桐生市相生町１－２２０－１,0277-53-3166,医療法人ライフサポート　理事長　平林　久幸,平林　久幸,内　神内　皮,,平2. 1. 1,ika
診療所,10,2410310,袖野眼科医院,桐生市仲町２－１０－４１,0277-44-4814,医療法人　双弘会　理事長　袖野　吉高,袖野　吉高,眼,,平2. 4. 1,ika
診療所,10,2410328,医療法人　石川内科クリニック,桐生市東５－２－１６,0277-47-3014,医療法人　石川内科クリニック　理事長　石川　正人,石川　正人,内　神内　呼　胃　循　リハ　放,,平2. 5. 1,ika
診療所,10,2410336,日野医院,桐生市広沢町４－１９８５－６,0277-54-1820,医療法人　日野医院　理事長　横瀬　友好,横瀬　友好,内　小　耳い　循環器内科,,平2. 6. 1,ika
診療所,10,2410344,たかのす診療所,桐生市川内町２－２８９－１,0277-65-9229,医療法人　山育会　理事長　山口　典利,山口　典利,一般　産　婦　内　小　歯,,平2. 11. 1,ika
診療所,10,2410351,前原内科医院,桐生市天神町１－４－１,0277-22-2417,医療法人　前原内科医院　理事長　前原　勝良,前原　勝良,内　精　神　呼　胃　循　放　麻　心内,,平3. 12. 2,ika
診療所,10,2410369,五十嵐内科医院,桐生市本町２－１－２１,0277-22-7043,医療法人　五十嵐内科医院　理事長　五十嵐　秀夫,五十嵐　秀夫,内　消　循　小,,平4. 3. 1,ika
診療所,10,2410385,医療法人　藤井内科医院,桐生市境野町６－１４６３－１,0277-44-8897,医療法人　藤井内科医院　理事長　藤井　毅,藤井　毅,内　消化器内科　循環器内科,,平4. 6. 1,ika
診療所,10,2410393,耳鼻咽喉科　設楽医院,桐生市相生町２－４７１－７,0277-54-1517,医療法人　群耳会　理事長　設楽　公一,設楽　公一,耳い,,平4. 6. 1,ika
診療所,10,2410401,医療法人　栗原皮フ科医院,桐生市本町１－３－８,0277-22-3234,医療法人　栗原皮フ科医院　理事長　栗原　利之,栗原　利之,皮　循　内,,平5. 1. 1,ika
診療所,10,2410427,医療法人　前川会　前川内科医院,桐生市相生町２－４５５－１,0277-53-4114,医療法人　前川会　前川内科医院　理事長　前川　佳彰,前川　佳彰,内　小　循,,平5. 1. 1,ika
診療所,10,2410468,桐生協立診療所,桐生市相生町２－５５４－７,0277-53-3911,群馬中央医療生活協同組合　理事長　半澤　正,西上　信太郎,内　外,,平7. 12. 1,ika
診療所,10,2410484,医療法人　鈴木整形外科クリニック,桐生市相生町５－３８７－９９,0277-53-1170,医療法人　鈴木整形外科クリニック　理事長　鈴木　康郎,鈴木　康郎,整外　内　外　形外　皮　リハ　リウ,,平10. 3. 12,ika
診療所,10,2410500,医療法人　武井内科医院,桐生市広沢町１－２６８４,0277-53-6060,医療法人　武井内科医院　理事長　今泉　淳,今泉　淳,内　小,,平11. 4. 1,ika
診療所,10,2410518,医療法人　社団　小児科小川醫院,桐生市東５－６－２２,0277-44-6008,医療法人　社団　小児科小川醫院　理事長　小川　竜,小川　竜,小　内　アレ,,平11. 12. 1,ika
診療所,10,2410526,石川整形外科医院,桐生市天神町３－５－２４,0277-22-8611,医療法人　岳昭会　理事長　石川　岳,石川　岳,整外　外　リハ　リウ　皮,,平12. 12. 1,ika
病院,10,2410534,医療法人　社団　全仁会　高木病院,桐生市相生町５－７５４,0277-53-7711,医療法人　社団　全仁会　理事長　大坪　修,金指　桜子,一般　療養　内　消　循　外　整外　形外　脳外　皮　ひ　眼　リハ　放　麻,119,平13. 2. 28,ika
病院,10,2410542,日新病院,桐生市菱町３－２０６９－１,0277-30-3660,医療法人　山育会　理事長　山口　典利,石川　博,療養　一般　一般　内　呼内　リハ　放　消化器内科　循環器内科　脳・血管内科,39,平13. 4. 15,ika
診療所,10,2410567,森田クリニック,桐生市相生町２－２３１－１,0277-54-8340,医療法人　興晶会　理事長　森田　真人,森田　真人,内　神内　小,,平13. 12. 1,ika
診療所,10,2410575,星野クリニック,桐生市小曾根町７番１８号,0277-44-1125,医療法人　悠仁会　理事長　星野　仁,星野　仁,内　呼　消　循　小　アレ,,平14. 12. 1,ika
診療所,10,2410591,いずみ内科,桐生市境野町６丁目５４１番地２,0277-20-8080,医療法人一和会　理事長　和泉　直樹,和泉　直樹,内　消　循,,平15. 12. 1,ika
診療所,10,2410609,木村クリニック,桐生市本町４丁目７９番地の１島共同ビル,0277-44-7781,医療法人木村クリニック　理事長　木村　正之,木村　正之,内　消,,平16. 4. 1,ika
診療所,10,2410617,みやざわ整形外科,桐生市相生町３丁目５１５番地の５,0277-53-1188,医療法人社団みやざわ整形外科　理事長　片山　雅義,片山　雅義,整外　外　リハ　リウ,,平16. 11. 1,ika
診療所,10,2410625,矢部クリニック,桐生市錦町１丁目４番４４号,0277-45-3711,医療法人澄観　理事長　矢部　潔,矢部　潔,内　循　整外,,平18. 8. 1,ika
診療所,10,2410633,医療法人社団藤井クリニック,桐生市川内町４丁目２０８番地,0277-20-3055,医療法人社団藤井クリニック　理事長　藤井　慎之輔,藤井　慎之輔,内　外　小,,平21. 9. 1,ika
診療所,10,2410658,医療法人山口会　山口クリニック,桐生市広沢町六丁目３５５,0277-54-4153,医療法人　山口会　理事長　山口　知久,山口　知久,内　皮,,平24. 2. 1,ika
診療所,10,2410666,北川眼科医院,桐生市仲町一丁目８１１番地１,0277-44-1010,医療法人北川眼科医院　理事長　北川　裕,北川　裕,眼,,平26. 1. 1,ika
診療所,10,2410674,阿部医院,桐生市相生町１丁目３３８番地,0277-53-5411,阿部　道郎,阿部　道郎,精　心内　内,,平26. 4. 1,ika
診療所,10,2410682,おりひめ医院,桐生市織姫町４番３３号,0277-47-1248,医療法人リンクス　理事長　今井　博子,盛實　恵子,耳い,,平26. 12. 1,ika
診療所,10,2410708,ひかり整形外科　桐生新里院,桐生市新里町山上５２５番地１,0277-20-2250,医療法人　神悠堂　理事長　神山　愛沙香,大沢　朝翔,整外　リウ　リハ,,平27. 9. 1,ika
診療所,10,2410716,かわうち内科クリニック,桐生市川内町３丁目２７７－１,0277-65-6500,田口　亮,田口　亮,内科　糖尿病内科,,平27. 11. 1,ika
診療所,10,2410740,ひきた小児科クリニック,桐生市仲町２－７－２０,0277-44-3040,疋田　敏之,疋田　敏之,小　アレ　精,,平29. 4. 1,ika
診療所,10,2410765,村岡醫院,桐生市本町３－２－２８,0277-45-2888,村岡　理人,村岡　理人,循内　内　外,,令元. 10. 1,ika
病院,10,2410781,桐生整形外科病院,桐生市相生町１丁目２５３番地の１,0277-40-2600,医療法人社団明石会　理事長　髙田　久,角田　和彦,一般　整外　外　内　リハ　麻,,令2. 11. 24,ika
診療所,10,2410799,大前医院,桐生市元宿町２１番４,0277-22-3387,医療法人ＯＣ　理事長　大前　義孝,大前　義孝,耳い,,令2. 12. 1,ika
診療所,10,2410807,森の診療所,桐生市広沢町２丁目３２０８－１,0277-47-8118,医療法人社団　三思医光会　理事長　駒井　太一,鷲田　雄二,内,,令3. 2. 1,ika
診療所,10,2410815,雨宮内科医院,桐生市東１丁目７番１２号,0277-44-7753,雨宮　賢一,雨宮　賢一,内,,令3. 5. 14,ika
診療所,10,2410823,桐生整形外科　広沢クリニック,桐生市広沢町間ノ島２８４－１,0277-40-2800,医療法人社団明石会　理事長　髙田　久,森　和裕,整外　リハ,,令3. 6. 1,ika
診療所,10,2410831,医療法人社団芳純会　関田内科クリニック,桐生市相生町五丁目２８４番地２１,0277-54-2511,医療法人社団芳純会　理事長　関田　康祐,関田　康祐,内　小　循内,,令4. 7. 1,ika
診療所,10,2410849,水沼診療所,桐生市黒保根町水沼１５５番地１,0277-46-9229,医療法人山育会　理事長　山口　典利,吉村　章,内,,令4. 8. 1,ika
診療所,10,2410864,藤江醫院,桐生市本町４－３１４,0277-22-7777,藤江　幸子,藤江　幸子,内　循　消,,令4. 8. 8,ika
診療所,10,2410872,島村京子クリニック,桐生市相生町１丁目１４１番地の１,0277-55-6611,医療法人双成会　理事長　島村　京子,島村　京子,産　婦　内,,令4. 9. 1,ika
診療所,10,2410898,花園医院,桐生市境野町４丁目１０６５番１,0277-32-4090,一般社団法人桃里会　　代表理事　本　剛,駒井　宏,内　消化器内科,,令6. 3. 1,ika
診療所,10,2410914,山崎医院,桐生市新宿１－６－５,0277-44-4925,山﨑　節生,山﨑　節生,内　消化器内科　皮,,令7. 4. 1,ika
診療所,10,2410922,下山内科医院,桐生市新里町新川３９９９,0277-74-3322,下山　格,下山　格,内,,令7. 5. 1,ika
診療所,10,2410948,しむらクリニック,桐生市相生町一丁目６２７番地,0277-52-5253,医療法人　幸英会　理事長　羽鳥　幸恵,羽鳥　幸恵,小　皮,,令8. 4. 3,ika
診療所,10,2410955,ひのさかメディカルクリニック,桐生市錦町３－４－８　シルクハイツＡ２０３,070-2250-2965,小林　諭史,小林　諭史,内　外,,令8. 7. 1,ika
診療所,10,6010033,群馬県　桐生保健所,桐生市相生町２－３５１,0277-53-4131,群馬県　知事　山本　一太,定方　久延,内,,昭32. 5. 1,ika
診療所,10,0200226,井田医院,伊勢崎市連取町５９５,0270-25-0666,井田　徹也,井田　徹也,内　呼,,昭32. 5. 1,ika
診療所,10,0200531,鈴木医院,伊勢崎市八坂町５－８,0270-25-1798,鈴木　英男,鈴木　英男,内　神内　小,,平13. 7. 1,ika
診療所,10,0200572,岡本医院,伊勢崎市西上之宮町１３１－１,0270-25-2504,岡本　栄一,岡本　栄一,内科　糖尿病内科　婦　循環器内科,,平20. 9. 1,ika
診療所,10,0200770,豊受診療所,伊勢崎市馬見塚町８６０－１,0270-32-0450,土田　英希,土田　英希,内　循　小,,平19. 2. 27,ika
診療所,10,0200820,山崎整形外科内科医院,伊勢崎市堀口町１０６－１,0270-32-3411,山崎　泰弘,山崎　泰弘,整外　内　リハ　リウ　消化器内科,,平21. 1. 13,ika
診療所,10,0200846,佐川医院,伊勢崎市緑町５－３,0270-25-0557,佐川　鉄太郎,佐川　鉄太郎,耳い,,平17. 3. 6,ika
診療所,10,0200929,佐藤整形外科医院,伊勢崎市波志江町４１３７－１０,0270-23-5636,佐藤　功,佐藤　功,整外　リハ　リウ,,平12. 12. 2,ika
診療所,10,0200952,岡田内科医院,伊勢崎市波志江町４１１４－２,0270-26-6633,岡田　養一,岡田　養一,内　呼　胃　循　小　放,,昭58. 8. 1,ika
診療所,10,0200978,多賀谷内科医院,伊勢崎市下道寺町１４３－１,0270-32-0838,多賀谷　茂,多賀谷　茂,内　循　小,,昭59. 8. 15,ika
診療所,10,0201174,たかの内科医院,伊勢崎市平和町４－１４,0270-25-0143,髙野　尚人,髙野　尚人,内,,平3. 4. 1,ika
診療所,10,0201182,金本肛門科医院,伊勢崎市鹿島町５４７,0270-21-5522,金本　哲大,金本　哲大,こう,,平3. 7. 15,ika
診療所,10,0201216,小杉内科医院,伊勢崎市堀口町字城東６５９－１,0270-31-0088,小杉　廣志,小杉　廣志,内　消,,平3. 10. 15,ika
診療所,10,0201281,渡辺内科クリニック,伊勢崎市連取元町２３番地２,0270-21-9777,渡邉　幸康,渡邉　幸康,一般　内科　糖尿病内科　腎臓内科　放　リウ　アレ　呼内　循環器内科　消化器内科　人工透析内科,,平5. 6. 1,ika
診療所,10,0201315,上諏訪眼科クリニック,伊勢崎市上諏訪町１４４４－５,0270-26-8511,皆川　正恵,皆川　正恵,眼,,平7. 4. 1,ika
診療所,10,0201372,木附整形外科医院,伊勢崎市鹿島町５４５－１,0270-30-3110,木附　哲,木附　哲,整外　リハ　リウ,,平12. 2. 23,ika
診療所,10,0201380,なんば眼科,伊勢崎市除ケ町３３５－１５,0270-31-2101,難波　俊之,難波　俊之,眼,,平10. 12. 15,ika
診療所,10,0201398,森整形外科医院,伊勢崎市宮子町３５８５－１,0270-30-1366,森　隆之,森　隆之,整外　リウ,,平11. 1. 15,ika
診療所,10,0201406,松澤外科医院,伊勢崎市上諏訪町２１１４－５,0270-30-1010,松澤　研,松澤　研,外　胃　こう　婦,,平17. 11. 28,ika
診療所,10,0201455,石井皮フ科クリニック,伊勢崎市連取本町２３９－１３,0270-40-5566,石井　清英,石井　清英,皮,,平13. 1. 1,ika
診療所,10,0201497,岡本眼科クリニック,伊勢崎市西上之宮町１４０－１,0270-22-2202,岡本　進,岡本　進,眼,,平15. 8. 15,ika
診療所,10,0201521,髙野眼科,伊勢崎市馬見塚町字植竹１１５８－１,0270-31-1311,髙野　守人,髙野　守人,眼,,平16. 1. 15,ika
診療所,10,0201539,やまだ眼科クリニック,伊勢崎市中央町１３－７,0270-21-8804,山田　義久,山田　義久,眼科　小児眼科　アレ,,平16. 4. 1,ika
診療所,10,0201547,Ｎｅｏこどもクリニック,伊勢崎市茂呂町二丁目２８６９,0270-21-1113,名古　靖,名古　靖,小　内,,平16. 6. 1,ika
診療所,10,0201554,セントラルクリニック伊勢崎,伊勢崎市粕川町１０５０－１,0270-30-8113,清滝　修二,清滝　修二,一般　ひ　外　皮　内,,平16. 7. 1,ika
診療所,10,0201596,うしくぼこどもクリニック,伊勢崎市連取町３０７３－６,0270-25-6006,牛久保　誠一,牛久保　誠一,小,,平17. 5. 1,ika
診療所,10,0201729,あらまき整形外科クリニック,伊勢崎市東小保方町３８５８－８,0270-63-5522,荒牧　雅之,荒牧　雅之,整外　リハ　リウ,,平22. 10. 1,ika
診療所,10,0201752,もろメンタルクリニック,伊勢崎市南千木町５２２５－１２,0270-75-2727,毛呂　裕臣,毛呂　裕臣,精　心内,,平24. 4. 1,ika
病院,10,0210084,大島病院,伊勢崎市太田町５０８－１,0270-25-2428,一般財団法人　資生会研究所　理事長　吉沢　正夫,吉沢　正夫,精神　療養　内　胃　呼　精　心内,141,昭33. 7. 4,ika
病院,10,0210183,一般社団法人　伊勢崎佐波医師会病院,伊勢崎市下植木町４８１,0270-24-0111,一般社団法人　伊勢崎佐波医師会　会長　羽鳥　則夫,澁澤　公行,一般　療養　内科　糖尿病内科　小　外　整外　脳外　婦　眼　耳い　リハ　放　呼内　歯　歯外　胃腸内科　循環器内科　消化器内科　病理診断科　救急科,205,昭40. 5. 1,ika
診療所,10,0210191,群馬県立障害者リハビリテーションセンター附属診療所,伊勢崎市波志江町３０３０－１,0270-24-2678,社会福祉法人　群馬県社会福祉事業団　理事長　武藤　幸夫,増田　浩明,内　精　整外　リハ,,昭51. 12. 1,ika
診療所,10,0210225,医療法人山田会　つつみ内科医院,伊勢崎市東本町４５,0270-25-1986,医療法人山田会　理事長　堤　俊之,堤　俊之,内　循環器内科　消化器内科,,昭62. 2. 2,ika
診療所,10,0210266,医療法人　石井会　石井皮フ科,伊勢崎市曲輪町２４－１４,0270-25-0250,医療法人　石井会　理事長　石井　有希夫,割田　昌司,皮　アレ,,平14. 1. 1,ika
病院,10,0210274,公益財団法人脳血管研究所　美原記念病院,伊勢崎市太田町３６６,0270-24-3355,公益財団法人　脳血管研究所　理事長　美原　玄,美原　盤,一般　療養　脳神経内科　脳外　内　外　整外　リハ　放　循環器内科　精神神経科,,平元. 3. 1,ika
診療所,10,0210290,医療法人　日精堂　設楽耳鼻咽喉科医院,伊勢崎市平和町２５－３０,0270-25-0909,医療法人　日精堂　理事長　設楽　直也,設楽　直也,耳い,,平元. 4. 1,ika
病院,10,0210316,医療法人　石井会　石井病院,伊勢崎市波志江町１１５２,0270-21-3111,医療法人　石井会　理事長　石井　有希夫,新井　正明,一般　内科　呼　消　循　外　整外　形外　皮　こう　眼　リハ　麻　リウ　アレ,188,平元. 7. 1,ika
診療所,10,0210324,阿美産婦人科医院,伊勢崎市鹿島町４４９－２,0270-23-3541,医療法人　阿美産婦人科医院　理事長　阿美　邦榮,阿美　邦榮,産婦,,平元. 7. 1,ika
診療所,10,0210332,内山皮膚科医院,伊勢崎市ひろせ町４１１５－６,0270-21-1122,医療法人　内山皮膚科医院　理事長　内山　安弘,内山　安弘,皮,,平元. 7. 1,ika
診療所,10,0210365,医療法人　波志江医院,伊勢崎市波志江町２０５５－６,0270-24-2589,医療法人　波志江医院　理事長　茂木　孝夫,茂木　孝夫,内　放　胃腸内科　放射線診断科,,平元. 11. 1,ika
診療所,10,0210373,星野小児科医院,伊勢崎市下植木町９８０－６６,0270-24-2858,医療法人　星野小児科医院　理事長　星野　正也,星野　正也,小,,平2. 4. 1,ika
診療所,10,0210381,余沢医院,伊勢崎市日乃出町５－５,0270-24-9737,医療法人　社団　余沢医院　理事長　余沢　貴浩,余沢　貴浩,内　循,,平2. 11. 2,ika
診療所,10,0210399,新生産婦人科医院,伊勢崎市茂呂町二丁目３５００番地４,0270-23-1333,医療法人　一灯会　理事長　名古　純一,名古　純一,一般　産　婦　小　麻,,平3. 4. 1,ika
診療所,10,0210407,たんぽぽ小児科,伊勢崎市今泉町１－１２１３,0270-21-3636,医療法人　國峯医院　理事長　國峯　陽一,國峯　陽一,小　アレ,,平3. 4. 1,ika
診療所,10,0210415,小田島医院,伊勢崎市ひろせ町４０８３－４,0270-24-3668,医療法人　社団　小田島医院　理事長　田中　伸幸,田中　伸幸,循環器内科　内,,平3. 4. 1,ika
診療所,10,0210423,一般社団法人　伊勢崎佐波医師会附属成人病検診センター診療所,伊勢崎市下植木町５０２,0270-26-7878,一般社団法人　伊勢崎佐波医師会　会長　羽鳥　則夫,新井　昭利,一般　内　婦,,平3. 9. 1,ika
診療所,10,0210449,医療法人清仁会　石原医院,伊勢崎市茂呂町１－５５２－２,0270-25-1150,医療法人清仁会　石原医院　理事長　石原　仁一,石原　仁一,内　循環器内科　小,,平4. 12. 1,ika
診療所,10,0210456,医療法人　望真会　古作クリニック,伊勢崎市日乃出町１３５１－８,0270-25-3000,医療法人　望真会　理事長　古作　望,古作　望,一般　内　外　ひ,,平5. 4. 1,ika
診療所,10,0210464,医療法人　望真会　古作クリニック　韮塚分院,伊勢崎市連取町３２７３－１３,0270-21-5222,医療法人　望真会　理事長　古作　望,松本　和久,ひ,,平5. 6. 15,ika
診療所,10,0210472,本多外科医院,伊勢崎市東上之宮町３２１－１,0270-23-8830,医療法人　東上会　理事長　本多　隆一,本多　隆一,胃　外　こう,,平5. 12. 1,ika
診療所,10,0210480,こばやし整形外科医院,伊勢崎市茂呂町二丁目３５３３－５,0270-21-1200,医療法人　こばやし整形外科医院　理事長　小林　賢司,小林　賢司,整外　形外　リハ,,平7. 2. 1,ika
診療所,10,0210498,桑原医院,伊勢崎市稲荷町１０８,0270-25-2198,医療法人　桑原医院　理事長　桑原　龍雄,桑原　龍雄,内　胃　小,,平7. 4. 1,ika
診療所,10,0210506,医療法人　社団　泰平会　多賀谷耳鼻咽喉科医院,伊勢崎市連取元町１０１番地５,0270-21-3387,医療法人　社団　泰平会　理事長　多賀谷　泰弘,多賀谷　泰弘,耳　気食,,平7. 5. 1,ika
診療所,10,0210514,新田眼科,伊勢崎市連取町２３４９－１,0270-26-2700,医療法人　社団　孝安会　理事長　新田　安紀芳,新田　安紀芳,眼,,平7. 10. 1,ika
診療所,10,0210522,医療法人　眞誠会　久保医院,伊勢崎市大正寺町１１１－１,0270-32-0258,医療法人　眞誠会　久保医院　理事長　久保　尚,久保　尚,内　小,,平9. 1. 1,ika
診療所,10,0210530,佐藤小児科医院,伊勢崎市太田町１０８３－５,0270-24-7111,医療法人　佐藤小児科医院　理事長　佐藤　みさを,佐藤　みさを,小　内,,平9. 4. 1,ika
診療所,10,0210548,フクイ産婦人科クリニック,伊勢崎市下植木町５５３－３,0270-24-7211,医療法人　Ｒｅｖｅｒｅｎｃｅ　ｆｏｒ　Ｌｉｆｅ　理事長　田村　正明,田村　正明,一般　産婦　麻　小,,平9. 4. 1,ika
診療所,10,0210563,医療法人　板垣整形外科医院,伊勢崎市東本町１１０－７,0270-21-6666,医療法人　板垣整形外科医院　理事長　手計　登,手計　登,整外　リハ,,平9. 7. 1,ika
診療所,10,0210571,あおきクリニック,伊勢崎市馬見塚町１１６２－１,0270-31-2262,医療法人　あおきクリニック　理事長　青木　伸幸,青木　伸幸,内　胃　小　外　こう　アレ,,平9. 12. 1,ika
診療所,10,0210589,医療法人　エスティ　羽鳥こども医院,伊勢崎市南千木町５２１５番地４,0270-21-3535,医療法人　社団　エスティ　理事長　羽鳥　則夫,羽鳥　則夫,小,,平10. 3. 1,ika
診療所,10,0210597,長沼内科クリニック,伊勢崎市北千木町９２２－１,0270-21-8880,医療法人　長沼内科　理事長　長沼　誠一,長沼　誠一,内　循環器内科　心臓内科,,平10. 5. 1,ika
診療所,10,0210605,久保医院,伊勢崎市若葉町１５－１４,0270-24-0176,医療法人　若葉会　理事長　久保　讓,久保　譲,内　呼　消　小,,平11. 12. 1,ika
診療所,10,0210613,アベ眼科医院,伊勢崎市上植木本町２５１８－２,0270-25-9018,医療法人　厚幸会　理事長　阿部　友厚,阿部　友厚,一般　眼,,平13. 8. 1,ika
診療所,10,0210621,伊勢崎たむら眼科,伊勢崎市上植木本町２６５２－４,0270-20-1771,医療法人　あけぼの会　理事長　田村　卓彦,田村　卓彦,眼,,平13. 8. 1,ika
診療所,10,0210639,伊勢崎スポーツ整形外科医院,伊勢崎市堀口町５８６－１,0270-31-2233,医療法人　穂高会　理事長　佐藤　直樹,佐藤　直樹,整外　リハ,,平13. 11. 1,ika
診療所,10,0210647,平野クリニック,伊勢崎市田中島町１４６１－４,0270-22-1717,医療法人　太陽会　理事長　平野　恒夫,平野　恒夫,内　呼　循　消　アレ　代謝内分泌科,,平14. 4. 1,ika
診療所,10,0210654,ほんまち皮フ科,伊勢崎市本町５番地１,0270-21-3400,医療法人社団齋藤会ほんまち皮フ科　理事長　齋藤　光子,齋藤　光子,皮,,平14. 9. 1,ika
診療所,10,0210662,あかつきウィメンズクリニック,伊勢崎市連取本町２０－９,0270-21-7000,医療法人あかつき　理事長　木村　直美,木村　直美,一般　産　婦,,平14. 12. 1,ika
診療所,10,0210670,矢島耳鼻咽喉科医院,伊勢崎市本関町１１８０番地１,0270-25-2688,医療法人　矢島耳鼻咽喉科医院　理事長　矢島　克昭,矢島　克昭,耳い,,平15. 8. 1,ika
診療所,10,0210688,宇野内科呼吸器科医院,伊勢崎市山王町上原３３４番地３,0270-20-5030,医療法人　健守会　理事長　宇野　大輔,宇野　大輔,内　呼　循　小　アレ,,平15. 8. 1,ika
診療所,10,0210696,医療法人原会　まゆ玉クリニック,伊勢崎市長沼町２６６４－１,0270-40-3511,医療法人原会　理事長　原　淳子,岩波　宏明,内,,平16. 3. 1,ika
診療所,10,0210704,広瀬耳鼻咽喉科医院,伊勢崎市ひろせ町４０８４番地６,0270-21-7333,医療法人福栄会　理事長　頌彦　真賢,頌彦　真賢,耳,,平16. 5. 1,ika
診療所,10,0210712,朋友産婦人科クリニック,伊勢崎市豊城町２３６０番地２,0270-21-5080,医療法人纉喜会　理事長　野村　修一,野村　修一,産婦,,平16. 8. 1,ika
診療所,10,0210720,きたはらクリニック,伊勢崎市美茂呂町３７３７番地,0270-30-3288,医療法人真陽会　理事長　北原　眞美,北原　眞美,内　小　循　アレ,,平16. 12. 1,ika
病院,10,0210738,伊勢崎市民病院,伊勢崎市連取本町１２番地１,0270-25-5022,伊勢崎市　市長　臂　泰雄,小林　裕幸,一般　一般（感染）　内科　内視鏡内科　緩和ケア内科　精　脳神経内科　小　外　整外　脳外　心外　皮　ひ　産婦　眼　耳咽　リハ　放射線診断科　放射線治療科　麻　歯外　循環器内科　病理診断科　救急科　消化器内科　消化器外科　呼外,494,平17. 1. 1,ika
診療所,10,0210746,ゆうあいクリニック,伊勢崎市下触町７５７番地３,0270-30-7007,医療法人ゆうあいクリニック　理事長　鈴木　知明,鈴木　知明,胃　外　皮　こう,,平17. 3. 1,ika
診療所,10,0210753,パルこどもクリニック,伊勢崎市連取町３３０３番地２,0270-22-3388,医療法人ゆうりん会　理事長　友政　剛,友政　剛,小　アレ,,平17. 4. 1,ika
診療所,10,0210761,多賀谷整形外科,伊勢崎市連取元町１８４番地３,0270-30-8111,医療法人多幸会　理事長　多賀谷　明,多賀谷　明,整外　リハ,,平17. 8. 1,ika
診療所,10,0210787,ひかりクリニック,伊勢崎市間野谷町１１１４番地,0270-20-2525,医療法人社団　三思医光会　理事長　駒井　太一,土田　晃靖,内,,平18. 11. 1,ika
診療所,10,0210795,山田内科クリニック,伊勢崎市大手町２４番地８,0270-23-6666,医療法人俊寿会　理事長　山田　俊彦,山田　俊彦,肝臓胆のう膵臓内科　胃腸内科　呼内　アレ　循環器内科　小,,平19. 1. 1,ika
診療所,10,0210803,いいじま心療クリニック,伊勢崎市宮子町９０８番地２,0270-40-7530,医療法人洗心会　理事長　飯島　幸生,飯島　幸生,精　心内,,平21. 1. 1,ika
診療所,10,0210811,医療法人社団　糖和会　おない内科クリニック,伊勢崎市連取本町１７４番地１３,0270-25-4868,医療法人社団糖和会　理事長　小内　亨,小内　亨,内科　糖尿病内科,,平21. 5. 1,ika
診療所,10,0210829,片貝クリニック,伊勢崎市韮塚町１２０７番地３,0270-61-9111,医療法人志仁会　理事長　片貝　堅志,片貝　堅志,内　呼内　消化器内科　循環器内科,,平21. 5. 1,ika
診療所,10,0210837,しおじまクリニック,伊勢崎市南千木町５２２７－７,0270-20-3616,医療法人七省会　理事長　塩島　正之,塩島　正之,内科　胃腸大腸内視鏡内科　外　がん乳腺放射線診断　肛門外科,,平21. 12. 1,ika
診療所,10,0210845,やまぐち内科医院,伊勢崎市茂呂町二丁目３５１２番地７,0270-30-3500,医療法人山心会　理事長　山口　悦男,山口　悦男,内　小　循環器内科,,平22. 5. 1,ika
診療所,10,0210852,光石皮膚科医院,伊勢崎市南千木町５２２３－１,0270-26-5800,医療法人光石会　理事長　光石　幸市,光石　幸市,皮,,平23. 1. 1,ika
診療所,10,0210860,松田医院,伊勢崎市田中島町１１８６,0270-61-9515,医療法人三つ星会　理事長　松田　武徳,松田　武徳,内　婦　呼内　消化器内科,,平23. 5. 1,ika
診療所,10,0210886,あるむキッズクリニック,伊勢崎市東小保方町３０８８番地７,0270-40-0550,医療法人あるむキッズクリニック　理事長　田口　順教,田口　順教,小　アレ,,平23. 5. 1,ika
診療所,10,0210894,都丸内科クリニック,伊勢崎市富塚町２１５番地７,0270-75-1270,医療法人純生会　理事長　都丸　浩一,都丸　浩一,内　小　循環器内科,,平25. 1. 1,ika
診療所,10,0210910,神林整形外科,伊勢崎市境新栄１０番地５,0270-76-5000,医療法人神林会　理事長　神林　眞一,神林　眞一,整外　リハ　リウ,,平25. 6. 1,ika
病院,10,0210928,伊勢崎福島病院,伊勢崎市鹿島町５５６－２,0270-24-3456,医療法人　上毛会　理事長　福島　正人,竹内　公彦,一般　一般　療養　療養　内　循内　外　消外　整外　ひ　リハ　放　リウ　麻　ペインクリニック内　歯　脳内,232,平25. 7. 1,ika
診療所,10,0210969,あかぼり高橋内科,伊勢崎市西久保町１丁目１３６１番地,0270-63-2233,髙橋　洋樹,髙橋　洋樹,内科　糖尿病内科,,平26. 5. 1,ika
診療所,10,0210985,たなか内科消化器科クリニック,伊勢崎市宮子町３５４３番地８,0270-23-0808,医療法人カルディア　理事長　田中　大,田中　大,内　消化器内科　胃腸内科,,平26. 12. 1,ika
診療所,10,0210993,宮崎クリニック,伊勢崎市今泉町一丁目１５８０番,0270-20-7881,医療法人ＫＭＣ　理事長　宮崎　要,宮崎　要,外　内　消化器内科　肛門外科,,平27. 1. 1,ika
診療所,10,0211017,美原診療所,伊勢崎市大手町１番１号,0270-25-0112,医療法人イアリ　理事長　美原　樹,美原　樹,内科　糖尿病内科　脳神経内科　脳外,,平27. 3. 1,ika
診療所,10,0211025,もりむら内科,伊勢崎市連取町３６４－２,0270-75-6201,医療法人社団もりむら内科　理事長　森村　匡志,森村　匡志,内科　糖尿病内科　漢方内科,,平27. 4. 1,ika
診療所,10,0211033,神山クリニック,伊勢崎市今泉町一丁目４番地１０,0270-75-1122,医療法人アミカル　理事長　神山　宏,神山　宏,内　循環器内科,,平28. 1. 1,ika
診療所,10,0211041,伊勢崎健診プラザ,伊勢崎市中町６５５－１,0270-26-7000,一般財団法人日本健康管理協会　理事長　岡部　好伸,齊藤　光男,内　婦　放,,平28. 3. 1,ika
診療所,10,0211066,安堀太田町クリニック,伊勢崎市安堀町１９０４番地５,0270-75-2911,医療法人赤青会　理事長　大木　茂,大木　茂,内　外　皮　整外　消化器内科　循環器内科,,平28. 7. 1,ika
診療所,10,0211082,ほそい医院,伊勢崎市波志江町２６９５番地１,0270-23-8878,医療法人美郷会　理事長　細井　勉,細井　勉,内　循環器内科,,平28. 9. 1,ika
診療所,10,0211090,さとう内科クリニック,伊勢崎市乾町２３３－１,0270-61-8139,佐藤　浩二,佐藤　浩二,内　呼内　循環器内科,,平28. 10. 1,ika
診療所,10,0211116,すとう眼科,伊勢崎市西久保町２丁目３５２－１０,0270-63-3255,須藤　勝也,須藤　勝也,眼,,平29. 2. 1,ika
診療所,10,0211124,かく眼科医院,伊勢崎市中央町４番７号,0270-25-2350,医療法人社団かく眼科医院　理事長　横田　幸大,横田　幸大,眼,,平29. 2. 14,ika
診療所,10,0211132,華蔵寺クリニック,伊勢崎市安堀町１２７－５,0270-40-7211,原田　耕作,原田　耕作,精　心内,,平29. 5. 1,ika
診療所,10,0211140,いしかわ哲也クリニック,伊勢崎市田中町８９番地１,0270-61-5516,医療法人社団翔心会　理事長　石川　哲也,石川　哲也,心内　精　内,,平31. 1. 1,ika
診療所,10,0211157,メンタルクリニック平和町,伊勢崎市平和町１４－６８,0270-20-7043,妹尾　英男,妹尾　英男,精　心内,,令元. 5. 1,ika
診療所,10,0211165,消化器内科・内視鏡おおたきクリニック,伊勢崎市境新栄１０番地１,0270-50-0117,医療法人新緑会　理事長　大滝　雄造,大滝　雄造,消化器内視鏡内科　内,,令元. 5. 1,ika
診療所,10,0211199,糖尿病・内分泌内科りんごの花クリニック,伊勢崎市安堀町１８６５番地７,0270-30-3151,武井　真大,武井　真大,糖尿病内分泌内科　内科　老年内科　脂質代謝内科,,令2. 10. 1,ika
診療所,10,0211215,るり眼科,伊勢崎市連取町３０５３－３,0270-75-5115,細貝　真弓,細貝　真弓,眼,,令3. 5. 1,ika
診療所,10,0211223,上州眼科伊勢崎,伊勢崎市西小保方町３６８　ＳＭＡＲＫ伊勢崎３階,0270-61-7775,小原　賢一,小原　賢一,眼,,令3. 7. 1,ika
診療所,10,0211231,医療法人社団平郁会　みんなの伊勢崎クリニック,伊勢崎市境伊与久３２７９番地,0270-75-5862,医療法人社団平郁会　理事長　大田　和枝,待木　雄一,内　精,,令4. 5. 1,ika
診療所,10,0211249,伊勢崎クリニック,伊勢崎市上植木本町２４９０番地１,0270-61-8712,医療法人社団群雄会　理事長　高橋　研吾,高橋　研吾,内　脳神内,,令4. 7. 1,ika
診療所,10,0211256,猿谷内科クリニック,伊勢崎市連取元町２１６－５,0270-75-5117,猿谷　哲也,猿谷　哲也,内　消内,,令4. 9. 1,ika
診療所,10,0211264,医療法人善心会かえでクリニック,伊勢崎市連取町１５８番地３,0270-61-6619,医療法人善心会　理事長　塚本　善峰,藤沢　慶,内　循環器内科,,令5. 7. 1,ika
診療所,10,0211272,飯野医院,伊勢崎市東町２５１７番地８,0270-62-0176,佐川　美佐子,佐川　美佐子,内　放,,令5. 7. 29,ika
診療所,10,0211280,大井戸診療所,伊勢崎市東小保方町４００８番地の１,0270-62-3333,医療法人あづま会　理事長　大澤　誠,大澤　誠,内　精　心内,,令5. 12. 1,ika
診療所,10,0211298,メンタルプラス家族支援訪問クリニック,伊勢崎市羽黒町４番地４,0270-50-0670,浅見　隆康,浅見　隆康,精,,令6. 5. 1,ika
診療所,10,0211306,原内科医院,伊勢崎市宮前町１１７－１,0270-21-3577,原　健一郎,原　健一郎,内　呼内　アレ　循環器内科,,令6. 4. 1,ika
診療所,10,0211314,医ケアこどもクリニック,伊勢崎市長沼町６１０－９,090-4023-4113,桜井　研三,桜井　研三,小,,令7. 5. 1,ika
診療所,10,0211322,いとう整形外科骨粗しょう症クリニック,伊勢崎市西久保町２丁目３４４－１,0270-75-6642,伊藤　俊介,伊藤　俊介,整外　リハ,,令7. 5. 1,ika
診療所,10,0211330,さくら在宅クリニック,伊勢崎市今泉町１丁目１３９９－１,0270-61-6933,津久井　渓,津久井　渓,内　皮　精,,令8. 3. 1,ika
診療所,10,0600011,橘香堂　田島医院,伊勢崎市境東９７－１,0270-74-0068,田島　充,田島　充,内　外　整外　皮　胃腸内科　肛門内科,,平22. 1. 1,ika
診療所,10,0600441,諏訪内科医院,伊勢崎市国定町２丁目１８３５－２,0270-62-3434,諏訪　邦彦,諏訪　邦彦,内,,平2. 6. 15,ika
診療所,10,0600482,田島医院,伊勢崎市堀下町１２８９番地,0270-63-5050,田島　義博,田島　義博,内　呼　循　小,,平5. 10. 15,ika
診療所,10,0600532,なぐも内科医院,伊勢崎市境下武士２６５１,0270-70-1122,南雲　一郎,南雲　一郎,内　呼　胃　循　麻,,平8. 9. 15,ika
診療所,10,0600581,髙柳整形外科クリニック,伊勢崎市香林町二丁目８６３番地の２,0270-20-8866,髙柳　均,髙柳　均,一般　整外　外　内　皮　リハ　リウ,,平12. 5. 1,ika
診療所,10,0600631,茂木医院,伊勢崎市野町７２－１,0270-62-0187,前原　正義,前原　正義,内　神　呼　消　循　小　外　整外　皮　ひ　眼　放,,平16. 1. 15,ika
病院,10,0610044,鶴谷病院,伊勢崎市境百々４２１番地,0270-74-0670,社会医療法人　鶴谷会　理事長　鶴谷　英樹,鶴谷　英樹,一般　一般　療養　内　血液内　糖尿病内　神内　消内　消外　循内　外　乳腺外　血管外　整外　脳外　眼　耳い　リハ　呼内　歯　救急　皮　形外,274,昭32. 5. 1,ika
病院,10,0610085,医療法人　原会　原病院,伊勢崎市境上武士８９８の１,0270-74-0633,医療法人　原会　理事長　原　淳子,原　淳子,精神　内　精　放,344,昭44. 11. 1,ika
診療所,10,0610119,医療法人　小暮内科クリニック,伊勢崎市三室町４４１３－１,0270-63-1234,医療法人　小暮内科クリニック　理事長　小暮　道夫,小暮　裕太,内科　腎臓内科　胃,,平元. 3. 1,ika
診療所,10,0610150,金田整形外科医院,伊勢崎市東町２６５８番地の３,0270-63-0011,医療法人　金田整形外科医院　理事長　金田　公友,金田　公友,整外,,平3. 4. 1,ika
診療所,10,0610168,坂口こども診療所,伊勢崎市東町２７６８－１,0270-63-2500,医療法人　坂口こども診療所　理事長　坂口　雅夫,坂口　雅夫,小　アレ,,平10. 9. 21,ika
診療所,10,0610184,医療法人日望会　望月内科医院,伊勢崎市国定町１丁目１１２２番地１,0270-63-0002,医療法人日望会　理事長　望月　裕文,望月　裕文,内,,平7. 8. 1,ika
病院,10,0610200,せせらぎ病院,伊勢崎市市場町１丁目１３９９,0270-63-6363,医療法人　恵泉会　理事長　宮本　克彦,大河内　康光,一般　内科　腎臓内科　呼　胃　循　外　リウ　ひ,,平12. 11. 1,ika
診療所,10,0610218,旭ケ丘診療所,伊勢崎市間野谷町１３５－１,0270-70-5111,医療法人　原会　理事長　原　淳子,仲本　宗健,内　精,,平11. 3. 1,ika
診療所,10,0610226,医療法人　望真会　古作クリニック　東分院,伊勢崎市田部井町三丁目１９７９番地３,0270-61-0366,医療法人　望真会　理事長　古作　望,林　雅道,ひ,,平11. 6. 1,ika
診療所,10,0610275,正田医院,伊勢崎市境３８９番地１,0270-74-0027,医療法人　社団　正生会　理事長　正田　八州穂,正田　八州穂,内　小,,平13. 11. 1,ika
病院,10,5010034,群馬県立精神医療センター,伊勢崎市国定町二丁目２３７４,0270-62-3311,群馬県　知事　山本　一太,赤田　卓志朗,精神　精　神　歯　内,265,昭45. 6. 1,ika
診療所,10,6010041,群馬県　伊勢崎保健所,伊勢崎市下植木町４９９,0270-25-5066,群馬県　知事　山本　一太,高木　剛,内,,昭32. 5. 1,ika
診療所,10,2500342,春日医院,太田市本町３２－１２,0276-22-2257,堀口　慶数,堀口　慶数,内　アレ,,昭32. 12. 5,ika
診療所,10,2500508,堀越医院,太田市鳥山下町８７１－１,0276-22-2660,堀越　健太郎,堀越　健太郎,内　小　リハ　放　麻,,昭40. 11. 1,ika
診療所,10,2500706,杉田内科医院,太田市鳥山上町１５３６－３,0276-37-7338,杉田　安生,杉田　安生,内　呼　胃　循　小,,昭48. 6. 1,ika
診療所,10,2500730,宝診療所,太田市宝町３７９,0276-31-8200,髙木　泰子,髙木　泰子,小,,平17. 10. 3,ika
診療所,10,2500797,高沢胃腸科外科,太田市新井町５６７－１,0276-45-1133,高澤　亜希子,高澤　亜希子,内　呼　胃　消　小　外　皮　こう　リウ　アレ,,平14. 4. 1,ika
診療所,10,2500888,田口医院,太田市小舞木町２１３,0276-46-1384,田口　修之,田口　修之,内　皮　ひ,,昭54. 10. 15,ika
診療所,10,2500912,松本医院,太田市東長岡町７６,0276-46-8707,松本　茂,松本　茂,産婦　内　小　皮,,昭57. 8. 15,ika
診療所,10,2500987,杉立医院,太田市台之郷町１７１３－１,0276-46-9345,杉立　茂雄,杉立　茂雄,内　呼　消　循　小　アレ,,昭63. 11. 1,ika
診療所,10,2500995,太田西部診療所,太田市米沢町８０－２,0276-32-0301,矢島　通夫,矢島　通夫,内　神内　呼　胃　循　小　麻,,昭63. 11. 1,ika
診療所,10,2501001,石川こどもクリニック,太田市高林北町２０９４－８,0276-38-0101,石川　和夫,石川　和夫,小,,昭63. 11. 1,ika
診療所,10,2501076,太田東こども＆おとな診療所,太田市龍舞町５５４９,0276-48-5611,長沢　紀夫,長沢　紀夫,内　小,,平2. 6. 15,ika
診療所,10,2501134,佐藤耳鼻咽喉科医院,太田市飯塚町９２－１,0276-48-4526,佐藤　良寛,佐藤　良寛,耳い,,平9. 4. 1,ika
診療所,10,2501183,竹内医院,太田市飯田町２０３－２,0276-30-0001,竹内　英世,竹内　英世,内　胃　循　外　皮　こう　アレ,,平12. 9. 1,ika
診療所,10,2501217,石田整形外科医院,太田市由良町１００－１,0276-32-6566,石田　憲毅,石田　憲毅,整外　内　外　皮　リハ,,平13. 5. 1,ika
診療所,10,2501233,はりがや眼科,太田市小舞木町４２３,0276-47-8101,針谷　紀,針谷　紀,眼,,平14. 8. 1,ika
診療所,10,2501241,山岸内科医院,太田市飯塚町１５８４,0276-45-1580,山岸　隆文,山岸　隆文,内,,平15. 6. 15,ika
診療所,10,2501266,荻野整形外科クリニック,太田市南矢島町４６７－２,0276-38-0867,荻野　法之,荻野　法之,整外　外　リウ　リハ,,平16. 10. 1,ika
診療所,10,2501332,太田眼科クリニック,太田市石原町８１番地イオン太田ＳＣ２階,0276-47-8747,石澤　高士,石澤　高士,眼,,平17. 10. 1,ika
診療所,10,2501381,たから女性クリニック,太田市由良町２３４０－１,0276-32-2159,塚越　俊夫,塚越　俊夫,婦　内,,平18. 6. 15,ika
診療所,10,2501399,和賀クリニック,太田市大原町８２番２７３,0277-20-4370,和賀　一雄,和賀　一雄,内　小　眼,,平18. 7. 1,ika
診療所,10,2501407,南矢島こどもクリニック,太田市南矢島町３５２－２,0276-60-0415,時澤　桂子,時澤　桂子,小,,平18. 11. 15,ika
診療所,10,2501423,えはら内科クリニック,太田市下小林町５３４－３,0276-60-3130,江原　浩司,江原　浩司,内　呼　消　循　小,,平19. 4. 1,ika
診療所,10,2501456,ふくだ耳鼻咽喉科クリニック,太田市下小林町５３４－３メディカルポート太田,0276-48-8732,福田　洋一郎,福田　洋一郎,耳い　小　皮　気食　アレ,,平19. 10. 1,ika
診療所,10,2501514,谷口クリニック,太田市城西町７６５－１５,0276-33-7756,谷口　靖広,谷口　靖広,内　小　循環器内科,,平20. 12. 1,ika
診療所,10,2501522,もてぎこどもクリニック,太田市脇屋町５２６－１,0276-55-2800,茂木　洋一,茂木　洋一,小　アレ,,平21. 10. 1,ika
診療所,10,2501571,たきざわ医院,太田市新田赤堀町４３４－２５,0276-55-1010,滝沢　敬子,滝沢　敬子,内　小　循環器内科,,平23. 10. 1,ika
診療所,10,2501597,藤生眼科医院,太田市浜町３－３１,0276-45-3358,大原　由美子,大原　由美子,眼,,平23. 12. 17,ika
診療所,10,2501613,もとじま整形外科・糖尿病内科,太田市新野町１１６０,0276-33-9777,本島　太,本島　太,整外　内科　糖尿病内科　リハ,,平25. 5. 1,ika
病院,10,2510044,本島総合病院,太田市西本町３－８,0276-22-7131,医療法人　島門会　理事長　廣田　省三,本島　柳司,一般　一般　一般　一般　療養　療養　内　神内　呼内　小　外　整外　形外　脳外　心外　皮　ひ　こう　婦　眼　耳い　リハ　放　麻　リウ　アレ　歯外　消化器内科　消化器外科　循環器内科　小児精神科,199,昭32. 5. 1,ika
病院,10,2510051,ＳＵＢＡＲＵ健康保険組合太田記念病院,太田市大島町４５５－１,0276-55-2200,ＳＵＢＡＲＵ健康保険組合　理事長　草深　英行,有野　浩司,一般　一般（感染）　内科　内分泌内科　腎臓内科　脳神経内科　小　外科　乳腺外科　血管外科　腎臓外科　整外　形外　脳外　呼外　心外　小外　皮　ひ　産婦　眼　耳い　リハ　放　麻　心内　病理　呼内　歯外　循環器内科　消化器内科　救急科　精　臨床,404,平24. 6. 1,ika
診療所,10,2510093,ＳＵＢＡＲＵ　群馬本診療所,太田市スバル町１－１,0276-26-2055,株式会社ＳＵＢＡＲＵ　代表取締役社長　大崎　篤,遠藤　武尊,内,,昭36. 2. 1,ika
病院,10,2510101,医療法人　三省会　堀江病院,太田市高林東町１８００,0276-38-1215,医療法人　三省会　堀江病院　理事長　堀江　健司,堀江　健司,一般　療養　内　消　循　外　整外　脳外　皮　婦　眼　リハ　放　神内　麻　総合診療科　ひ,133,昭37. 4. 1,ika
病院,10,2510150,医療法人　赤城会　三枚橋病院,太田市長手町１７４４,0276-26-7511,医療法人　赤城会　理事長　村上　忠,村上　忠,精神　精神　精　神　麻,217,昭43. 6. 1,ika
診療所,10,2510168,ＳＵＢＡＲＵ　群馬矢島診療所,太田市庄屋町１－１,0276-48-2875,株式会社ＳＵＢＡＲＵ　代表取締役社長　大崎　篤,遠藤　友貴美,内,,昭44. 3. 1,ika
病院,10,2510192,武蔵野病院,太田市龍舞町２９３,0276-45-9221,医療法人　愛全会　理事長　齋藤　正人,熊瀬川　敏彦,精神　内　精,185,昭55. 4. 18,ika
病院,10,2510200,医療法人　慶仁会　城山病院,太田市飯塚町１,0276-46-0311,医療法人　慶仁会　理事長　李　雅弘,李　雅弘,一般　療養　療養　内　糖尿病内　内分泌内　呼　消内　消外　循環器内　外　整外　脳外　呼外　心外　ひ　こう　リハ　放　麻　リウ　脳内,84,昭56. 12. 1,ika
病院,10,2510218,医療法人　社団　松嶺会　冨士ヶ丘病院,太田市熊野町３８－８１,0276-22-1281,医療法人　社団　松嶺会　理事長　三木　良久,澁澤　憲,一般　療養　内　リハ,,昭62. 12. 1,ika
診療所,10,2510259,鹿山整形外科医院,太田市飯田町１０９８,0276-45-0511,医療法人　鹿山整形外科医院　理事長　鹿山　富生,鹿山　富生,整外　リハ　リウ,,平2. 1. 1,ika
診療所,10,2510267,山口ＡＲＴクリニック,太田市台之郷町２５７,0276-45-8818,医療法人　社団　進和会　理事長　山口　進久,山口　進久,婦人科（不妊治療）　内,,平2. 4. 1,ika
診療所,10,2510275,医療法人　有坂会　有坂医院,太田市龍舞町２０７２,0276-45-3681,医療法人　有坂会　理事長　有坂　拓,有坂　拓,内　循　小　皮　放,,平2. 9. 1,ika
診療所,10,2510283,平原内科・消化器科,太田市小舞木町２２６,0276-45-3891,医療法人　昭庸会　理事長　平原　睦庸,平原　睦庸,内科　内視鏡内科　糖尿病内科　肝臓内科　小　消化器内科　循環器内科　アレルギー内科　漢方内科,,平4. 12. 1,ika
診療所,10,2510291,喜多村クリニック,太田市東本町４０－３０,0276-26-1000,医療法人　こばやし小児科内科医院　理事長　喜多村　晶子,喜多村　晶子,内　小　循,,平5. 5. 1,ika
診療所,10,2510309,山口外科医院,太田市西本町５７－３３,0276-31-3561,医療法人　山口外科医院　理事長　山口　英見,山口　英見,内　呼　胃　循　小　整外　リハ　外,,平5. 7. 1,ika
診療所,10,2510317,馬場眼科医院,太田市高林東町１６８８,0276-38-0220,医療法人社団　瞳光会　理事長　馬場　昭典,馬場　昭典,眼,,平6. 4. 1,ika
診療所,10,2510325,中野医院,太田市成塚町１５０－８５,0276-37-5800,医療法人　聖ぶどうの会　理事長　中野　正美,中野　正美,内　消　小,,平7. 2. 1,ika
診療所,10,2510341,いいじま呼吸器科内科クリニック,太田市下小林町３６５－４,0276-49-1121,医療法人　正恵会　理事長　飯島　正之,飯島　正之,内　呼　アレ,,平7. 12. 1,ika
診療所,10,2510366,クボタ皮膚科医院,太田市飯田町１２３６,0276-45-4932,医療法人　社団　クボタ皮膚科医院　理事長　窪田　卓,窪田　卓,皮,,平8. 5. 1,ika
診療所,10,2510440,医療法人　社団　新井診療所,太田市新井町５３２－１０,0276-46-1850,医療法人　社団　新井診療所　理事長　木暮　勇人,木暮　勇人,呼　内　アレ　整外,,平14. 1. 1,ika
診療所,10,2510457,時計台メンタルクリニック,太田市飯塚町４４－１,0276-49-3971,医療法人　時計台　理事長　進藤　隆,進藤　隆,精　神,,平14. 4. 1,ika
診療所,10,2510465,くろいわ内科・呼吸器科クリニック,太田市上田島町９４９番地７,0276-32-9618,医療法人　希望会　理事長　黒岩　源,黒岩　源,内　呼　小　アレ,,平14. 8. 1,ika
診療所,10,2510473,呑龍クリニック,太田市飯田町１０８３－１,0276-60-3011,医療法人社団田口会　理事長　田口　修之,新原　博之,内　ひ,,平14. 10. 15,ika
診療所,10,2510499,伊藤産婦人科,太田市飯田町９６０,0276-45-2330,医療法人社団伊藤産婦人科　理事長　伊藤　英一,伊藤　英一,一般　産婦,,平14. 12. 1,ika
診療所,10,2510507,みのわクリニック,太田市由良町９３番地３,0276-40-4888,医療法人みのわクリニック　理事長　蓑和　章,蓑和　章,脳外　内　小,,平14. 12. 1,ika
診療所,10,2510515,あおばクリニック,太田市矢場新町３６番３,0276-60-1221,医療法人宗仁会　理事長　猪ノ坂　貴子,猪ノ坂　孝雄,精　心内,,平15. 2. 15,ika
診療所,10,2510523,まえはら耳鼻咽喉科クリニック,太田市下小林町１９２番地の１,0276-30-2777,医療法人まえはら耳鼻咽喉科クリニック　理事長　前原　良路,前原　良路,耳い　小,,平15. 4. 1,ika
診療所,10,2510531,野口皮膚科医院,太田市飯塚町７０４番１,0276-60-1211,医療法人社団三位会　理事長　野口　幹正,野口　幹正,皮　小　形外,,平15. 9. 1,ika
診療所,10,2510549,渡辺クリニック,太田市飯田町９８５番地,0276-40-1811,医療法人城南会　理事長　渡邉　直文,渡邉　直文,内　小　脳外,,平15. 12. 1,ika
診療所,10,2510580,藤井レディースクリニック,太田市東矢島町１１８４番地１,0276-60-3111,医療法人藤優会　理事長　藤井　義広,藤井　義広,一般　産　婦,,平18. 5. 1,ika
診療所,10,2510598,医療法人　うがじんクリニック,太田市飯塚町６８５番地１０,0276-40-1414,医療法人　うがじんクリニック　理事長　宇賀神　一名,宇賀神　一名,内　小,,平18. 5. 1,ika
診療所,10,2510606,金子クリニック,太田市岩瀬川町４７１番地５,0276-30-2626,医療法人仁洋会　理事長　金子　仁,金子　仁,内　神内,,平18. 8. 1,ika
診療所,10,2510614,医療法人浩然会とうもう整形外科クリニック,太田市東金井町３１１－１,0276-20-2500,医療法人浩然会　理事長　井浦　浩司,井浦　浩司,整外　内　リハ　リウ,,平18. 12. 1,ika
診療所,10,2510622,しのはらクリニック,太田市世良田町４６８番地１,0276-52-5501,医療法人秀世会　理事長　篠原　秀樹,篠原　秀樹,内　循　小,,平18. 12. 1,ika
診療所,10,2510630,登田医院,太田市八幡町１１番６号,0276-25-5556,医療法人登田医院　理事長　登田　尚敬,登田　尚敬,内　消　外　こう,,平19. 5. 1,ika
診療所,10,2510648,大島胃腸科内科クリニック,太田市新野町１２４９番地１,0276-33-7500,医療法人啓俊会　理事長　大島　俊彦,大島　俊彦,内科　内視鏡内科　胃腸内科,,平19. 5. 1,ika
診療所,10,2510655,深川クリニック,太田市小舞木町４１５番地,0276-45-0133,医療法人深川会　理事長　深川　博淳,深川　博淳,内　消　小,,平19. 5. 1,ika
診療所,10,2510671,医療法人社団岩崎会岩崎医院,太田市新井町２０６番地,0276-45-5818,医療法人社団岩崎会　理事長　岩﨑　卓爾,岩﨑　卓爾,一般　産婦,,平19. 11. 1,ika
診療所,10,2510689,ときざわレディスクリニック,太田市小舞木町２５６番地,0276-60-2580,医療法人社団ときざわレディスクリニック　理事長　時澤　俊也,時澤　俊也,婦,,平20. 1. 1,ika
病院,10,2510697,医療法人財団明理会　イムス太田中央総合病院,太田市東今泉町８７５番地１,0276-37-2378,医療法人財団明理会　理事長　中村　哲也,福島　弘樹,一般　療養　内　内分泌内科　小　外　整外　形外　脳外　心外　皮　ひ　婦　眼　リハ　放　呼内　歯　矯歯　歯外　消化器内科　循環器内科　麻　脳神経内科　リウ,350,平20. 2. 1,ika
診療所,10,2510705,剣持整形外科,太田市東本町４２番１号,0276-25-2537,医療法人ＫＯＳＳＭＯＳ会　理事長　剣持　雅彦,剣持　雅彦,整外　形外　リハ,,平20. 6. 1,ika
診療所,10,2510713,尾島クリニック,太田市粕川町３３１番地１,0276-40-7171,医療法人健靖会　理事長　矢島　靖巳,矢島　靖巳,内　外　皮　胃腸内科　肛門外科,,平20. 8. 1,ika
診療所,10,2510721,太田じんクリニック,太田市藤阿久町７４９－１,0276-33-7725,医療法人財団翡翠会　理事長　中西　努,平山　翔,内科　腎臓内科　人工透析内科,,平20. 12. 1,ika
診療所,10,2510739,城西眼科,太田市新野町１２５６番１,0276-30-4177,医療法人小林眼科クリニック　理事長　藤澤　邦俊,藤澤　桃子,眼,,平22. 5. 1,ika
診療所,10,2510747,太田協立診療所,太田市石原町９２７,0276-45-4911,群馬中央医療生活協同組合　理事長　半澤　正,加藤　なつ江,一般　内　小　胃腸内科　消化器内科,,平22. 6. 1,ika
診療所,10,2510754,くつなクリニック,太田市由良町８８６番地１,0276-60-4475,医療法人くつな会　理事長　朽名　靖,朽名　靖,内　外　消化器内科,,平22. 8. 1,ika
診療所,10,2510762,たちばな小児科アレルギー科クリニック,太田市藤阿久町８０５－２,0276-33-7177,医療法人淳幸会　理事長　橘　淳,橘　淳,小　アレ　小児皮膚科,,平22. 12. 1,ika
診療所,10,2510770,ほんまち診療所,太田市大原町５３１－３,0277-78-2254,医療法人すいらん会　理事長　原田　哲二,原田　哲二,眼　内,,平22. 12. 1,ika
診療所,10,2510788,太田第一整形外科内科,太田市浜町１８番６８号,0276-47-0171,医療法人真明会　理事長　今井　敏,今井　敏,整外　内　リハ,,平23. 8. 1,ika
診療所,10,2510796,山田クリニック,太田市上小林町１９３番地,0276-40-2121,医療法人修秀会　理事長　山田　修司,山田　修司,内　外　胃腸内科　肛門外科　呼内,,平24. 1. 1,ika
診療所,10,2510812,まゆずみこどもクリニック,太田市大原町４３８番地１０,0277-32-6522,医療法人まゆずみこどもクリニック　理事長　黛　博雄,黛　博雄,小　アレ,,平24. 6. 1,ika
診療所,10,2510820,医療法人恵寿会　小暮整形外科,太田市高林北町１９６８番地１,0276-55-3017,医療法人恵寿会　理事長　小暮　均,小暮　均,整外　リウ,,平24. 12. 1,ika
診療所,10,2510846,服部・えびすさまクリニック,太田市飯塚町９８５番地１,0276-55-3111,医療法人えびすさまクリニック　理事長　服部　公彦,服部　公彦,内　神内　小　消化器内科　循環器内科,,平25. 7. 1,ika
診療所,10,2510879,一般財団法人太田市健診センター附属診療所,太田市飯田町８１８,0276-48-8891,一般財団法人太田市健診センター　理事長　穂積　昌信,中野　正美,内　小,,平26. 4. 1,ika
診療所,10,2510911,野村クリニック,太田市古戸町９５７番地４,0276-61-3796,医療法人社団野村医院　理事長　野村　和至,野村　和弘,内科　老人内科　脳外,,平26. 11. 1,ika
診療所,10,2510937,大川眼科,太田市下小林町５６番地６,0276-48-7700,医療法人和心会　理事長　大川　雅史,大川　雅史,眼,,平27. 4. 1,ika
診療所,10,2510960,太田糖尿病クリニック,太田市南矢島町９０７－１,0276-55-6611,大谷　隆俊,大谷　隆俊,糖尿病内科　内科　腎臓内科　人工透析内科,,平27. 8. 1,ika
診療所,10,2510978,あいメンタルクリニック,太田市龍舞町５６８８－２,0276-50-1007,千坂　奏,千坂　奏,心内　精,,平27. 9. 1,ika
診療所,10,2511000,関口医院,太田市牛沢町１７９番地,0276-38-0358,医療法人樫の木会　理事長　関口　利和,関口　美峰子,歯　小歯　内　小　消化器内科,,平28. 1. 1,ika
診療所,10,2511018,秀クリニック,太田市高林北町２０３０番地１,0276-38-1137,医療法人秀クリニック　理事長　坂本　泰秀,坂本　泰秀,内　皮　循環器内科,,平28. 1. 1,ika
診療所,10,2511026,横室医院,太田市尾島町１１２,0276-52-0502,横室　仁志,横室　仁志,内　外,,平28. 4. 1,ika
診療所,10,2511034,針谷眼科,太田市東本町２３－７,0276-22-3642,針谷　明美,針谷　明美,眼,,平28. 7. 1,ika
診療所,10,2511042,八幡クリニック,太田市八幡町２７番地７,0276-20-2220,社会福祉法人同仁会　理事長　穂積　照雄,黒澤　保宏,耳い,,平28. 10. 1,ika
診療所,10,2511067,小島医院,太田市熊野町８番９,0276-25-0378,小島　章,小島　章,内　小,,平28. 7. 19,ika
診療所,10,2511133,こいそ整形外科クリニック,太田市龍舞町１７９９番地１０,0276-60-5518,医療法人こいそ整形外科クリニック　理事長　小磯　宗弘,小磯　宗弘,整外　リハ　リウ,,平29. 9. 1,ika
診療所,10,2511158,なないろこどもクリニック,太田市龍舞町１７９９番地２,0276-55-5568,医療法人なないろ　理事長　岡本　美穂,岡本　美穂,小　アレ,,平30. 2. 1,ika
診療所,10,2511166,正田医院,太田市南矢島町７２６番地３,0276-38-5511,医療法人健哲会　理事長　正田　健,正田　健,内科　内視鏡内科　消化器内科,,平30. 3. 1,ika
診療所,10,2511174,鳥山医院,太田市鳥山下町６６８,0276-55-3175,髙間　倫子,髙間　倫子,小　内　心内　精　乳腺外科,,平30. 4. 1,ika
診療所,10,2511182,あいファミリィクリニック太田,太田市只上町３６４番１,0276-55-0600,医療法人愛恵会　理事長　伊勢　和宏,伊勢　信治,内　小　皮　整外　精,,平30. 4. 1,ika
診療所,10,2511190,医療法人あい友会　あい太田クリニック,太田市浜町５９番地３,0276-52-8857,医療法人あい友会　理事長　野末　睦,野末　睦,内　外　歯,,平31. 3. 1,ika
診療所,10,2511216,おおたブレストクリニック,太田市西本町４４番１４,0276-50-1748,医療法人かがやき　理事長　後藤　與四成,後藤　與四成,乳腺外科,,令元. 10. 1,ika
診療所,10,2511224,太田ハートクリニック,太田市藤阿久町３３３番地１,0276-57-6181,医療法人ＫＵＢＯＴＡ　理事長　久保田　修平,久保田　修平,内　循内,,令元. 10. 1,ika
診療所,10,2511232,太田中央眼科,太田市由良町２３３２－３,0276-31-6226,医療法人社団心誠会　理事長　杉山　正和,杉山　正和,眼,,令2. 2. 1,ika
診療所,10,2511257,医療法人社団　荒木医院,太田市新田村田町４４２番地１,0276-57-2722,医療法人社団荒木医院　理事長　清水　幸夫,清水　幸夫,内　皮　小,,令3. 2. 1,ika
診療所,10,2511273,しむら整形外科,太田市新田大根町１２０５－２,0276-57-8835,清村　真道,清村　真道,整外　リハ　リウ,,令3. 5. 1,ika
診療所,10,2511281,太田鈴木眼科,太田市八幡町２５－６,0276-55-5402,鈴木　康太,鈴木　康太,眼,,令3. 5. 1,ika
診療所,10,2511307,さわのクリニック,太田市牛沢町１０８６番地１,0276-60-5050,医療法人秀優会さわのクリニック　理事長　鈴木　弘毅,鈴木　弘毅,内科　内分泌内科,,令4. 1. 1,ika
診療所,10,2511315,いやさかリゾートクリニック,太田市本町３０－１４,0276-56-9585,関根　沙耶花,関根　沙耶花,内　アレ　小　心内　精,,令4. 4. 1,ika
診療所,10,2511323,下浜田クリニック,太田市下浜田町１２６４－１,0276-47-7330,荒木　亘,荒木　亘,糖尿病内分泌内科　神内　アレ,,令4. 4. 1,ika
診療所,10,2511331,土屋クリニック,太田市細谷町１４０５番地２,0276-33-7250,医療法人土屋会　理事長　土屋　清隆,土屋　清隆,内　腎臓内　ひ　皮,,令5. 1. 1,ika
診療所,10,2511349,ゆら皮膚科クリニック,太田市由良町９３番地４,0276-55-8622,医療法人ゆら皮膚科クリニック　理事長　山中　正義,山中　正義,皮　美容皮　小児皮,,令5. 1. 1,ika
診療所,10,2511364,太田南クリニック,太田市細谷町１６５番地１,0276-57-8927,医療法人　太田南クリニック　理事長　村岡　正人,村岡　正人,内　外科　乳腺外科　肛門外科　消化器内科　整外　形外,,令5. 4. 1,ika
診療所,10,2511372,なかまクリニック,太田市新田小金井町３０８－１,0276-57-8623,仲間　秀幸,仲間　秀幸,脳外　脳内　内,,令5. 6. 1,ika
診療所,10,2511380,みなみ医院,太田市飯田町８１７番地の１,0276-45-6250,千明　葉子,千明　葉子,耳い　形外,,令5. 7. 9,ika
診療所,10,2511398,ふれあいクリニック,太田市大原町１１５番地４２メゾン飯塚２－１,0277-47-6530,一般社団法人芙蓉会　代表理事　和田　優土,起田　桂志,内　精　皮,,令5. 9. 1,ika
病院,10,2511414,社会医療法人社団慶友会　東毛敬愛病院,太田市上小林町２３０番地の１,0276-26-1793,社会医療法人社団　慶友会　理事長　宇沢　充圭,宇沢　充圭,一般　療養　内　消　整外　脳外　ひ　精（認知症）,,令6. 4. 1,ika
診療所,10,2511422,よしだ整形外科クリニック,太田市新田村田町５４６－１,0276-50-1047,吉田　泰雄,吉田　泰雄,整外　リハ　リウ,,令6. 8. 1,ika
診療所,10,2511430,医療法人社団眞恵会　川田クリニック,太田市由良町１６２２番地１１,0276-33-7755,医療法人社団眞恵会　理事長　山地　孝拡,竹下　正昭,内　皮　ひ　循内,,令6. 12. 1,ika
診療所,10,2511448,医療法人健山会　おおた泌尿器科・内科クリニック,太田市東矢島町７８番地,0276-38-8833,医療法人健山会　理事長　杉山　健,杉山　健,ひ　内,,令7. 2. 1,ika
診療所,10,2511455,あおぞら内科リウマチ科クリニック,太田市新道町３７－３,0276-55-2590,医療法人明峯会　理事長　星野　東明,星野　東明,内　リウ,,令7. 2. 1,ika
診療所,10,2511463,修秀山田クリニック,太田市吉沢町８７３番１,0276-50-1353,医療法人修秀会　理事長　山田　修司,山田　修司,内　胃　外科　肛門外科,,令7. 7. 1,ika
診療所,10,2511471,いじま内科・消化器内科,太田市飯塚町６８番地１,0276-55-3183,伊島　正志,伊島　正志,内　消化器内科　小,,令7. 5. 1,ika
診療所,10,2511497,太田足利アクセスクリニック,太田市東長岡町６０－１,0276-55-6322,水谷　年秀,水谷　年秀,腎臓外科　人工透析内科,,令8. 4. 1,ika
診療所,10,2511505,おおたこどもファミリークリニック,太田市上小林町１６６番地６,0276-60-5432,杉立　玲,杉立　玲,小　アレ　内,,令8. 5. 1,ika
診療所,10,2511513,れもん在宅クリニック太田,太田市飯塚町１４８６番地３,0276-55-8261,医療法人玄医会　理事長　吉住　直子,土肥　光希,内,,令8. 5. 1,ika
診療所,10,2700165,五十嵐医院,太田市大原町７０１,0277-78-2405,五十嵐　健,五十嵐　健,内　小,,昭35. 5. 1,ika
診療所,10,2700389,坂本胃腸科医院,太田市大原町１０６１－９,0277-40-4111,坂本　孝作,坂本　孝作,胃　内　外　こう　皮,,平7. 10. 1,ika
診療所,10,2700421,木崎クリニック,太田市新田木崎町１１１４－３,0276-56-7770,河邊　啓二,河邊　啓二,内　消　アレ　小　外　眼　耳い　リハ　皮,,平10. 11. 15,ika
診療所,10,2700454,石井整形外科医院,太田市藪塚町１５０７－６,0277-78-0211,石井　勇人,石井　勇人,整外　リハ　リウ,,平12. 10. 1,ika
診療所,10,2700488,小林クリニック,太田市世良田町１５７４番地１,0276-60-7560,小林　信一,小林　信一,内　呼　消　循　小　外,,平15. 9. 15,ika
診療所,10,2710040,大沢医院,太田市新田木崎町８１７,0276-56-7369,医療法人　真康会　理事長　大澤　真悟,大澤　真悟,内　小,,平3. 1. 1,ika
診療所,10,2710057,鈴木医院,太田市新田早川町３４３,0276-56-7876,医療法人　リアホナ会　理事長　鈴木　創,鈴木　創,内　循環器内科　消化器内科,,平5. 5. 1,ika
診療所,10,2710081,綿打診療所,太田市新田上田中町５５６－１,0276-56-3366,医療法人　綿打診療所　理事長　大舘　幹夫,大舘　幹夫,内　リハ,,平9. 4. 1,ika
診療所,10,2710107,医療法人　至誠会　飯塚医院,太田市新田木崎町６２０－１,0276-56-1040,医療法人　至誠会　理事長　佐藤　喜和,佐藤　喜和,内　小　アレ,,平12. 12. 1,ika
病院,10,2710123,医療法人　宏愛会　宏愛会第一病院,太田市六千石町９９－６３,0277-78-1555,医療法人　宏愛会　理事長　荒井　浩介,荒井　浩介,一般　療養　内　消　外　整外　リハ,,平13. 6. 1,ika
診療所,10,2710131,おぎわら眼科,太田市新田市野井町１５８－１,0276-57-1110,医療法人　光復会　理事長　荻原　博実,荻原　博実,眼,,平13. 12. 1,ika
診療所,10,2710149,新田診療所,太田市新田市野井町７９５,0276-57-3311,医療法人社団新田診療所　理事長　西村　幸雄,西村　幸雄,内　整外,,平14. 11. 1,ika
病院,10,5010026,群馬県立がんセンター,太田市高林西町６１７－１,0276-38-0771,群馬県　知事　山本　一太,柳田　康弘,一般　内　血液内　疼痛緩和内　緩和ケア内　腫瘍内　精　消内　外　消外　乳腺外　頭頸部外　整外　形外　呼外　ひ　婦　リハ　放　麻　病理　呼内　歯　歯外,314,昭32. 5. 1,ika
診療所,10,6010058,群馬県　太田保健所,太田市西本町４１－３４,0276-31-8241,群馬県　知事　山本　一太,高木　剛,内,,昭32. 5. 1,ika
診療所,10,0300018,つのだ小児科クリニック,沼田市西原新町甲１２２,0278-22-3163,角田　守,角田　守,小　内,,昭32. 12. 7,ika
診療所,10,0300414,光整形外科医院,沼田市東倉内町２１９－８,0278-24-0123,呉　秀光,呉　秀光,整外　外　皮　ひ　リハ　放　心内,,昭50. 2. 15,ika
診療所,10,0300521,矢内整形外科医院,沼田市薄根町字天水４０６２－３,0278-23-8711,矢内　正男,矢内　正男,整外　内　リハ,,平2. 10. 1,ika
診療所,10,0300562,かないクリニック,沼田市西原新町甲９２,0278-22-1166,金井　基子,金井　基子,内　神内　小,,平8. 4. 15,ika
診療所,10,0300570,江森内科医院,沼田市西倉内町５８８,0278-20-1001,江森　俊明,江森　俊明,内　呼　消　循,,平8. 8. 15,ika
診療所,10,0300588,青木クリニック,沼田市高橋場町２０４８－３,0278-24-1122,青木　栄,青木　栄,内　呼　胃　循　小　アレ,,平17. 10. 1,ika
診療所,10,0300596,かない眼科クリニック,沼田市高橋場町２０７２－９,0278-30-5088,金井　要,金井　要,眼,,平18. 6. 1,ika
診療所,10,0300604,武田メンタルクリニック,沼田市横塚町１１８１－１,0278-60-1377,武田　隆綱,武田　隆綱,精　神　心内,,平19. 5. 1,ika
診療所,10,0300620,しめぎ整形外科クリニック,沼田市柳町２５６３－１２,0278-60-1717,七五三木　淳,七五三木　淳,整外　リハ　リウ,,平21. 5. 1,ika
診療所,10,0300646,つのだ医院,沼田市久屋原町１１４－１,0278-25-3111,角田　久美子,角田　久美子,内　小　消化器内科,,平23. 7. 1,ika
病院,10,0310066,沼田脳神経外科循環器科病院,沼田市栄町８,0278-22-5052,社会医療法人　輝城会　理事長　西松　輝高,森下　篤,一般　脳外　内科　腎臓内科　脳神内　外　乳腺・内分泌外科　整外　心外　婦　眼　リハ　放　麻　リウ　消化器内科　消化器外科　循環器内科　循環器外科,,昭61. 6. 1,ika
診療所,10,0310074,医療法人　社団　日高会　白根クリニック,沼田市薄根町３３００－１,0278-24-1701,医療法人社団日高会　理事長　安藤　哲郎,内海　英貴,一般　内　ひ,,昭61. 10. 1,ika
診療所,10,0310108,医療法人　久保産婦人科医院,沼田市高橋場町２０３１－４,0278-23-1360,医療法人　久保産婦人科医院　理事長　久保　郁弥,久保　郁弥,一般　産婦　内　小,,昭62. 12. 1,ika
診療所,10,0310116,医療法人　こうだ医院,沼田市材木町１５６,0278-22-5333,医療法人　こうだ医院　理事長　金子　尚子,金子　尚子,内　小　ペインクリニック内科,,昭62. 12. 1,ika
病院,10,0310124,医療法人　大誠会　内田病院,沼田市久屋原町３４５－１,0278-23-1231,医療法人　大誠会　理事長　田中　志子,田中　志子,一般　療養　内科　老年内科　精　呼内　消内　循内　小　外　整外　皮　リハ　麻　肛門外科　ひ　神内,,昭63. 9. 1,ika
診療所,10,0310132,医療法人　堤眼科,沼田市馬喰町１２３１－２,0278-24-2111,医療法人　堤眼科　理事長　堤　芳久,堤　芳久,眼,,平元. 4. 1,ika
診療所,10,0310199,医療法人　順愛会　角田外科医院,沼田市上原町１５５５－３,0278-22-4936,医療法人　順愛会　理事長　林　秀彦,林　秀彦,一般　外　胃　消　内　整外　皮　こう,,平2. 4. 1,ika
診療所,10,0310215,医療法人社団ほたか会　パース整形外科クリニック,沼田市下久屋町９４０－１,0278-23-0678,医療法人社団ほたか会　理事長　田村　遵一,木村　久人,整外　外　リハ,,平2. 7. 2,ika
診療所,10,0310264,松田耳鼻咽喉科医院,沼田市東原新町１５３８－１７,0278-23-3387,医療法人　松栄会　理事長　塩野　博巳,塩野　博巳,耳い,,平3. 12. 2,ika
診療所,10,0310272,沼田クリニック,沼田市栄町６１－３,0278-22-1188,社会医療法人　輝城会　理事長　西松　輝高,森平　和明,脳外　内　血液内　糖尿内　内分泌内　消内　循内　乳腺外　脊椎・脊髄外科　神内　呼内　整外　心外　皮　ひ　リハ　心内　精　歯　小歯　歯外,,平8. 4. 1,ika
診療所,10,0310280,医療法人　源医会　藤塚クリニック,沼田市高橋場町２１５０－１１,0278-23-7300,医療法人　源医会　理事長　藤塚　勲,藤塚　勲,ひ　内　小,,平8. 12. 15,ika
診療所,10,0310330,平井皮膚科医院,沼田市恩田町３５３,0278-24-4122,医療法人平井会　理事長　平井　伸幸,平井　伸幸,皮,,平25. 8. 1,ika
診療所,10,0310348,沼田利根医師会休日夜間急患診療所,沼田市上原町１８０１番地６８,0278-24-1199,利根沼田広域市町村圏振興整備組合　理事長　星野　稔,林　秀彦,内　小,,平26. 3. 30,ika
診療所,10,0310355,代田眼科,沼田市上原町１６１９番１５,0278-23-2403,医療法人代田眼科　理事長　代田　幸彦,代田　幸彦,眼,,平26. 4. 21,ika
病院,10,0310363,利根中央病院,沼田市沼須町９１０番地１,0278-22-4321,利根保健生活協同組合　理事長　大塚　隆幸,河内　英行,一般　内　糖尿病内　内分泌内　血液内　腎臓内　呼内　消内　消外　循内　アレ　リウ　神内　精　小　外　乳腺外　腫瘍外　内視鏡外　呼外　肛外　整外　脳外　皮　ひ　産婦　眼　耳い　リハ　放　病理診断　麻　人工透析内　胸外　救急科,253,平27. 9. 1,ika
診療所,10,0310389,石田医院,沼田市馬喰町１２１４番地,0278-22-2477,医療法人石田医院　理事長　石田　智之,石田　智之,内　小,,平28. 6. 1,ika
診療所,10,0310397,むらた耳鼻咽喉科クリニック,沼田市高橋場町２０５９－８,0278-25-9003,村田　考啓,村田　考啓,耳い,,平29. 10. 1,ika
診療所,10,0310405,利根保健生活協同組合　利根中央診療所,沼田市西原新町１８６４番地２,0278-24-1202,利根保健生活協同組合　理事長　大塚　隆幸,大塚　隆幸,内　小　外　整外,,平29. 11. 1,ika
診療所,10,0310413,さこだクリニック,沼田市坊新田町１０２９－１,0278-25-9111,迫田　洋人,迫田　洋人,内　循,,令元. 12. 1,ika
診療所,10,0310421,塩崎医院,沼田市清水町４２１１,0278-22-2451,塩﨑　美織子,塩﨑　美織子,産婦　内,,令2. 2. 9,ika
診療所,10,0310439,やなぎまち皮フ科クリニック,沼田市柳町２５６２番地１,0278-25-3939,医療法人一位会　理事長　大澤　一弘,大澤　一弘,皮膚科　美容皮膚科,,令3. 6. 1,ika
診療所,10,0510178,皇海診療所,沼田市利根町大楊９６９番地２,0278-50-8133,医療法人　にじ　理事長　原口　庄二郎,原口　庄二郎,内　外　脳外,,平15. 4. 1,ika
診療所,10,6010066,群馬県　利根沼田保健所,沼田市薄根町４４１２,0278-23-2185,群馬県　知事　山本　一太,阿部　勝延,内,,平16. 12. 27,ika
病院,10,7010040,独立行政法人国立病院機構沼田病院,沼田市上原町１５５１－４,0278-23-2181,独立行政法人国立病院機構　理事長　新木　一弘,岩波　弘太郎,一般　一般　一般（感染）　感染　内　糖尿病内分泌内　呼内　神内　循内　小　外　消外　乳腺外　整外　脳外　皮　ひ　婦　耳い　リハ　麻　消内　放射線診断科　放射線治療科,110,昭32. 5. 1,ika
診療所,10,2600019,後藤内科医院,館林市西本町５－２３,0276-72-0134,後藤　達範,後藤　達範,内　神内　呼　胃　循,,昭32. 5. 1,ika
診療所,10,2600415,館林医院,館林市西本町２－７,0276-74-2112,峰咲　幸哲,峰咲　幸哲,皮　ひ,,平10. 5. 6,ika
診療所,10,2600555,川田耳鼻咽喉科医院,館林市仲町１０－２１,0276-72-3314,川田　裕之,川田　裕之,耳い,,昭58. 5. 15,ika
診療所,10,2600597,川村耳鼻咽喉科医院,館林市新宿１－５－３８,0276-72-1337,川村　繁,川村　繁,耳い,,昭62. 4. 15,ika
診療所,10,2600647,川村眼科医院,館林市新宿町１－２－２２,0276-75-1211,川村　昭之,川村　昭之,眼,,平7. 2. 1,ika
診療所,10,2600688,松井内科医院,館林市日向町字内谷５２３－７,0276-75-9880,松井　茂,松井　茂,内　呼　アレ,,平10. 1. 15,ika
診療所,10,2600720,多々良診療所,館林市西高根町４４－３,0276-72-3060,栗原　信,栗原　信,内　循　小,,平14. 3. 1,ika
診療所,10,2600787,ごが内科楡クリニック,館林市栄町１０番３１号,0276-73-7587,五賀　貴男,五賀　貴男,内　呼　消　循　リウ　アレ,,平17. 9. 26,ika
診療所,10,2600852,森下内科医院,館林市花山町１６番地の５,0276-73-7776,森下　晃十郎,森下　晃十郎,内　循環器内科,,平22. 4. 1,ika
診療所,10,2600894,堀越医院,館林市北成島町５１３,0276-73-4151,堀越　英,堀越　英,内,,平25. 1. 1,ika
病院,10,2610018,公立館林厚生病院,館林市成島町２６２－１,0276-72-3140,邑楽館林医療企業団　企業長　新井　昌史,松本　正弘,一般　一般　一般（感染）　感染　内科　血液腫瘍内科　内分泌糖尿病内科　内視鏡内科　精　小　外科　乳腺外科　整外　脳外　呼外　心外　皮　ひ　産婦　眼　耳い　リハ　麻　歯　歯外　循環器内科　消化器外科　消化器内科　放射線診断科　放射線治療科　救急科　呼内　脳神経内科　リウ,329,昭32. 5. 1,ika
病院,10,2610091,つつじメンタルホスピタル,館林市小桑原町１５０５,0276-80-2111,医療法人　康生会　理事長　田渕　肇,後藤　幸彦,精神　精　内　心内,172,昭36. 4. 1,ika
病院,10,2610109,館林記念病院,館林市台宿町７－１８,0276-72-3155,医療法人　六花会　理事長　堀越　裕一,堀越　裕一,一般　療養　内　糖尿病内科　脳神経内科　外　整外　皮　眼　リハ　呼内　消化器内科　循環器内科,,昭37. 4. 1,ika
診療所,10,2610125,館林市夜間急病診療所,館林市新栄町１８４４－３,0276-73-2313,館林市長　多田　善宏,松本　恵理子,内　小,,昭59. 4. 1,ika
病院,10,2610133,医療法人　社団　田口会　新橋病院,館林市下三林町４５２,0276-75-3011,医療法人　社団　田口会　理事長　田口　修之,大槻　実,一般　療養　内　呼　胃　循　外　整外　心外　皮　ひ　リハ　放,,昭62. 6. 1,ika
診療所,10,2610141,医療法人　社団　伊藤眼科医院,館林市大手町９－４４,0276-72-0360,医療法人　社団　伊藤眼科医院　理事長　伊藤　良三,伊藤　良三,眼,,昭63. 5. 2,ika
診療所,10,2610158,医療法人　上野会　うえの医院,館林市赤生田町１８２８－５,0276-72-3330,医療法人　上野会　理事長　上野　雅人,上野　雅人,内　小　外　皮　ひ　性　放,,平11. 11. 9,ika
診療所,10,2610166,医療法人　朋友会　岡田整形外科クリニック,館林市朝日町６－１８,0276-72-3163,医療法人　朋友会　理事長　岡田　信彦,岡田　信彦,一般　整外　内　リハ　放　リウ,,昭64. 1. 1,ika
診療所,10,2610182,社会医療法人社団慶友会　宇沢整形外科,館林市松原１－１０－３０,0276-74-8761,社会医療法人社団慶友会　理事長　宇沢　充圭,新井　弘一,整外　内　リウ　リハ,,平元. 10. 15,ika
診療所,10,2610208,医療法人　横田胃腸科内科,館林市細内町１００５－１,0276-72-4970,医療法人　横田胃腸科内科　理事長　横田　善次,横田　善次,内　胃　消,,平2. 1. 21,ika
診療所,10,2610216,医療法人　最上胃腸科外科,館林市朝日町４－１,0276-74-3763,医療法人　最上胃腸科外科　理事長　最上　建治,最上　建治,胃　内　外　こう　放,,平2. 12. 1,ika
診療所,10,2610240,神尾内科医院,館林市緑町１－２５－８,0276-75-1288,医療法人　神尾内科医院　理事長　神尾　直,神尾　直,内　呼　胃　循　小,,平7. 2. 1,ika
診療所,10,2610257,医療法人社団広仁会　須田和夫記念クリニック,館林市本町一丁目１番４３号,0276-72-0862,医療法人社団広仁会　須田和夫記念クリニック　理事長　長尾　健治,長尾　健治,内　呼　消　循　小　皮,,平20. 9. 1,ika
診療所,10,2610265,川島脳神経外科医院,館林市岡野町３７４,0276-75-5511,医療法人　利康会　理事長　川島　康宏,川島　康宏,脳外　内　神内　リハ,,平7. 11. 1,ika
診療所,10,2610273,土井レディスクリニック,館林市苗木町２５９９－１２８,0276-72-8841,医療法人　土井レディスクリニック　理事長　土井　正樹,土井　正樹,一般　産　婦　内,,平8. 7. 1,ika
診療所,10,2610299,医療法人　社団　横田医院,館林市大手町１－１２,0276-72-0255,医療法人　社団　横田医院　理事長　横田　圭,横田　圭,内　小,,平9. 1. 1,ika
診療所,10,2610307,小曽根整形外科,館林市松沼町２９－２７,0276-72-7707,医療法人　社団　昭仁会　理事長　小曽根　恭,小曽根　恭,整外　内　外　皮　リハ,,平9. 8. 1,ika
診療所,10,2610315,医療法人　つる舞会　さくらクリニック,館林市木戸町５９６－５,0276-72-3855,医療法人　つる舞会　さくらクリニック　理事長　田内　隆英,田内　隆英,内　循　小　整外　皮　リウ,,平11. 10. 1,ika
診療所,10,2610331,吉田内科クリニック,館林市楠町１１８２－１,0276-70-7117,医療法人社団　薫風会　理事長　吉田　京介,吉田　京介,内,,平15. 4. 1,ika
診療所,10,2610349,真愛ウィメンズクリニック,館林市本町三丁目４番５号,0276-72-1630,医療法人真愛会　理事長　石川　真,石川　真,一般　産　婦　内　小　心内,,平16. 4. 1,ika
診療所,10,2610356,澤田皮膚外科,館林市新宿２－４－３６,0276-70-7703,医療法人　新仁会　理事長　澤田　実,澤田　実,皮　内　形外　アレ,,平16. 8. 1,ika
診療所,10,2610364,長谷川クリニック,館林市松原２丁目１４番５１号,0276-80-3311,医療法人　長谷川クリニック　理事長　長谷川　喜厚,長谷川　喜厚,内　皮　小,,平16. 9. 1,ika
診療所,10,2610372,まりレディスクリニック,館林市木戸町６４８,0276-76-7775,医療法人まりレディスクリニック　理事長　飯塚　真理,飯塚　真理,婦　内,,平18. 4. 1,ika
診療所,10,2610380,たけい小児科・アレルギー科,館林市北成島町牛島２７４５番地１,0276-76-2525,医療法人風葉会　理事長　武井　克己,武井　克己,小　アレ,,平18. 8. 1,ika
診療所,10,2610398,柴田皮膚科クリニック,館林市成島町２１９番地３,0276-72-8080,医療法人双信会　理事長　柴田　信義,宮原　素美,皮　精　心内,,平19. 5. 1,ika
診療所,10,2610406,きしもと眼科,館林市楠町１９３７番地１,0276-72-6420,医療法人来未会　理事長　岸本　尚人,岸本　尚人,眼,,平19. 6. 1,ika
診療所,10,2610414,たてばやし心療クリニック,館林市北成島町１６４１番地１,0276-55-0072,医療法人双信会　理事長　柴田　信義,野崎　裕介,精　心内,,平21. 7. 1,ika
診療所,10,2610422,こやなぎ小児科,館林市富士原町１０８９番地１,0276-80-2220,医療法人こやなぎ小児科　理事長　小柳　富彦,小柳　富彦,小,,平23. 5. 1,ika
診療所,10,2610430,ハートクリニック,館林市富士見町４－２３,0276-71-8810,医療法人ハートクリニック　理事長　秋山　昌洋,秋山　昌洋,内　循環器内科,,平26. 4. 1,ika
診療所,10,2610463,堀井乳腺外科クリニック,館林市北成島町２６４５番地４,0276-55-2100,医療法人堀井乳腺外科クリニック　理事長　堀井　吉雄,堀井　吉雄,乳腺外科　内分泌外科,,平28. 6. 1,ika
診療所,10,2610539,医療法人社団泰峰会　しんじょう整形外科クリニック,館林市富士見町１５番地３７,0276-55-3623,医療法人社団泰峰会　理事長　進上　泰明,進上　泰明,整外　リハ　リウ,,平31. 1. 1,ika
病院,10,2610554,社会医療法人社団慶友会　慶友整形外科病院,館林市赤生田町２２６７番１,0276-49-9000,社会医療法人社団慶友会　理事長　宇沢　充圭,藤田　尚,一般　整外　外　リハ　リウ　麻　内,137,平31. 3. 3,ika
診療所,10,2610562,社会医療法人社団慶友会　慶友整形外科クリニック,館林市羽附町１７４１番地,0276-72-6000,社会医療法人社団慶友会　理事長　宇沢　充圭,鵜飼　康二,整外　外　リハ　リウ　麻　内,,平31. 3. 3,ika
診療所,10,2610588,医療法人社団順孝会　館林・あだちアイケアクリニック,館林市赤生田町２３２９番３,0276-55-2861,医療法人社団順孝会　理事長　足立　和孝,大山　晃弘,眼,,令2. 6. 1,ika
診療所,10,2610596,館林地域外来・検査センター,館林市新栄町１８４４番地の３,0276-72-1132,一般社団法人館林市邑楽郡医師会　会長　松本　恵理子,松本　恵理子,内,,令2. 9. 14,ika
診療所,10,2610604,さくま内科胃腸科クリニック,館林市松原二丁目１４番２６号,0276-55-2500,医療法人さくまクリニック　理事長　佐久間　敦,佐久間　敦,内　消化器内科　外　肛門外科,,令2. 11. 1,ika
診療所,10,2610620,高橋クリニック,館林市本町二丁目１０番３号,0276-75-7772,医療法人社団七慶会　理事長　高橋　常浩,高橋　常浩,内　外,,令5. 8. 14,ika
診療所,10,2610638,おがたクリニック,館林市本町２丁目１０番７号,0276-50-1676,元木　英,緒方　英,皮膚科　美容皮膚科　形外　アレ,,令5. 10. 1,ika
診療所,10,2610646,はまだクリニック,館林市赤土町１１９番地２,0276-80-1100,医療法人尽珠会　理事長　濵田　哲也,濵田　哲也,内科　肝臓内科　消化器内科,,令5. 9. 1,ika
診療所,10,2610653,医療法人社団　尽徳会　県西在宅クリニック舘林,館林市東広内町１１１８－１,0276-55-3818,医療法人社団尽徳会　理事長　大喜多　陽平,大喜多　陽平,内　精　心内,,令5. 10. 1,ika
診療所,10,2610661,館林健康長寿クリニック,館林市緑町１－２－５,0276-52-8202,白澤　浩,白澤　浩,内,,令6. 3. 1,ika
診療所,10,2610679,なるしま耳鼻咽喉科クリニック,館林市大谷町１０５４番３,0276-76-7640,川田　倫之,川田　倫之,耳い,,令6. 7. 1,ika
診療所,10,2610687,つつじのさと内科医院,館林市松原２丁目５２２,0276-50-1653,清水　岳久,清水　岳久,内　糖尿病内　内分泌内　腎内　感染症内　老年内　循内　消内　呼内　アレ,,令7. 4. 1,ika
診療所,10,2610695,しまづメディカルクリニック,館林市楠町３６１３－１,0276-55-8744,島津　将,島津　将,外　内　ひ,,令8. 5. 1,ika
診療所,10,6010074,群馬県　館林保健所,館林市大街道１－２－２５,0276-72-3230,群馬県　知事　山本　一太,清水　信明,内,,昭32. 5. 1,ika
診療所,10,0400735,赤城開成クリニック,渋川市赤城町三原田８２６－１０,0279-20-6500,髙橋　敏,髙橋　敏,内科　糖尿病内科　呼内　消化器内科　循環器内科,,平11. 9. 15,ika
病院,10,0410130,医療法人　橘会　上之原病院,渋川市北橘町上南室１６７番地５,0279-52-2221,医療法人　橘会　理事長　田中　永,田中　毅,精神　一般　精神　療養　精神　内　精　神　心内,120,平15. 8. 1,ika
診療所,10,0410171,医療法人　佐藤医院,渋川市北橘町真壁１３７２,0279-52-3003,医療法人　佐藤医院　理事長　佐藤　真琴,佐藤　真琴,内　小　外,,平元. 4. 1,ika
病院,10,0410189,北関東循環器病院,渋川市北橘町下箱田７４０,027-232-7111,医療法人　北関東循環器病院　理事長　市川　秀一,市川　明子,一般　内　消化器内科　消化器外科　循　外　整外　心外　皮　ひ　婦　眼　リハ　放　血液透析内科　麻　脳外　呼内　腎臓・リウマチ内科,120,平元. 8. 1,ika
病院,10,0410205,赤城高原ホスピタル,渋川市赤城町北赤城山１０５１,0279-56-8148,医療法人　群馬会　理事長　村山　昌暢,竹村　道夫,精神　精　神,111,平2. 12. 15,ika
診療所,10,1100300,井口医院,渋川市金井１２８４－６,0279-25-1100,井口　千春,井口　千春,内　小　皮　性　放　泌尿器内科,,昭34. 3. 1,ika
診療所,10,1100573,本沢医院,渋川市石原２０８－１,0279-23-6411,本澤　龍生,本澤　龍生,内　小　リウ　アレ,,平4. 3. 1,ika
診療所,10,1100615,有馬クリニック,渋川市有馬字前田１１９１－３,0279-24-8818,神保　進,神保　進,一般　内　小　外　ひ　性,,平5. 6. 1,ika
診療所,10,1100623,川島内科クリニック,渋川市渋川１７７０,0279-23-2001,川島　崇,川島　崇,内　精　小　アレ　呼内　消化器内科　循環器内科,,平6. 6. 1,ika
診療所,10,1100631,野口眼科医院,渋川市有馬６１８－９,0279-20-1188,野口　傑,野口　傑,眼,,平8. 9. 1,ika
診療所,10,1100649,厚成医院,渋川市石原２１０－８,0279-22-1060,長谷川　喜一,長谷川　喜一,内　皮　ひ,,平9. 6. 1,ika
診療所,10,1100698,入内島内科医院,渋川市半田５４５－２,0279-60-7322,入内島　德二,入内島　德二,内,,平13. 10. 1,ika
診療所,10,1100722,塚越クリニック,渋川市渋川３９０２－５,0279-60-7700,塚越　秀男,塚越　秀男,内　皮　アレ　呼内,,平16. 12. 1,ika
診療所,10,1100730,湯浅内科クリニック,渋川市渋川１８２４－２１,0279-20-1311,湯浅　圭一朗,湯浅　圭一朗,内　小　アレ　消化器内科,,平17. 10. 1,ika
診療所,10,1100748,みゆきだ内科医院,渋川市行幸田３４２－９,0279-60-6070,吉田　敏彦,吉田　敏彦,脳神経内科　内科　神内,,平17. 10. 15,ika
診療所,10,1100755,とまるクリニック,渋川市金井５９９－１,0279-26-7711,都丸　政彦,都丸　政彦,ひ　外　皮　内　リハ　アレ,,平18. 12. 15,ika
診療所,10,1100763,いのうえ耳鼻咽喉科医院,渋川市有馬１４０－４,0279-30-1133,井上　貴洋,井上　貴洋,耳い,,平24. 8. 1,ika
診療所,10,1100771,斎藤内科外科クリニック,渋川市金井９３２－４,0279-22-1678,齋藤　修一,齋藤　修一,内　呼内　外　整外　皮　ひ　消化器内科　循環器内科　肛門外科,,平25. 4. 1,ika
診療所,10,1100789,母心堂平形医院,渋川市石原９６６,0279-22-0073,平形　寿孝,平形　寿孝,一般　眼科　小児眼科　内科　糖尿病内科,,平25. 4. 25,ika
病院,10,1110077,北毛保健生活協同組合　北毛病院,渋川市有馬２３７－１,0279-24-1234,北毛保健生活協同組合　理事長　阿久澤　昹,橋本　真也,一般　療養　内　精　外科　大腸肛門外科　小　皮　眼　消化器外科　救急科,100,昭52. 12. 1,ika
診療所,10,1110085,株式会社カーリット　群馬工場診療所,渋川市半田２４７０,0279-23-8811,株式会社カーリット　群馬工場　群馬工場長　金本　和之,黒岩　雅哉,内,,昭35. 10. 1,ika
診療所,10,1110093,北毛保健生活協同組合　北毛診療所,渋川市渋川９０８－２２,0279-24-2818,北毛保健生活協同組合　理事長　阿久澤　昹,菅野　圭一,内　精,,昭52. 12. 1,ika
診療所,10,1110101,医療法人　社団　慶生会　慶生医院,渋川市渋川１８２９－２１,0279-22-0210,医療法人　社団　慶生会　理事長　須田　澄香,須田　澄香,内　胃　小,,昭59. 10. 1,ika
診療所,10,1110119,医療法人　川島医院,渋川市渋川１７７０,0279-22-2421,医療法人　川島医院　理事長　川島　理,川島　理,耳い　小　内,,昭62. 2. 2,ika
病院,10,1110135,医療法人　恒和会　関口病院,渋川市渋川１６９３－１２,0279-22-2378,医療法人　恒和会　理事長　関口　浩五郎,関口　浩五郎,一般　整外　外　リハ　リウ　形外　内科　内分泌糖尿病内科　漢方内科　脳外　ひ　麻　消化器内科（内視鏡）,,昭63. 5. 1,ika
診療所,10,1110143,医療法人　社団　神山内科医院,渋川市渋川８９２－２３,0279-22-2181,医療法人　社団　神山内科医院　理事長　神山　憲王,神山　憲王,内科　糖尿病内科　小　心内　呼内　循環器内科,,平9. 6. 9,ika
診療所,10,1110150,医療法人　森医院,渋川市石原２０８－４,0279-23-8733,医療法人　森医院　理事長　山上　一世,山上　一世,耳い　気食　内科　肝臓内科　漢方内科　胃腸内科,,平元. 8. 1,ika
診療所,10,1110168,渋川地区広域圏夜間急患診療所,渋川市渋川１７６０－１,0279-23-8899,渋川地区広域市町村圏振興整備組合　管理者　星名　建市,中野　正幸,内　小　外,,平元. 12. 15,ika
診療所,10,1110176,医療法人　純雅会　奈良内科医院,渋川市渋川２０７８－２１,0279-25-1155,医療法人　純雅会　理事長　奈良　真美,奈良　真美,内　呼内　循環器内科　消化器内科,,平2. 1. 1,ika
診療所,10,1110200,医療法人　明寿会　石北医院,渋川市渋川１５９２,0279-22-1378,医療法人　明寿会　理事長　石北　敏一,石北　敏一,小　胃　循　内　外　皮　ひ　リハ　放　アレ,,平3. 1. 1,ika
病院,10,1110226,渋川中央病院,渋川市石原５０８－１,0279-25-1711,医療法人　菊栄会　理事長　菊地　政貴,菊地　政貴,一般　療養　内　腎臓内　血液内　糖尿病内　消内　循内　外　消外　ひ　リハ　リウ　呼内　人工透析内科　脳外　脳内,103,平7. 11. 1,ika
診療所,10,1110234,大谷内科クリニック,渋川市中村１８０,0279-20-1881,医療法人　社団　大谷内科クリニック　理事長　大谷　紀夫,大谷　紀夫,内　消化器内科,,平10. 9. 1,ika
診療所,10,1110259,加藤整形外科医院,渋川市行幸田３５－７,0279-20-1007,医療法人　清陽会　理事長　加藤　肇,加藤　肇,整外,,平12. 4. 1,ika
診療所,10,1110267,平形内科歯科医院,渋川市石原５６４－２,0279-22-2233,医療法人　社団　平形会　理事長　平形　久弥,平形　久弥,内　歯,,平12. 5. 1,ika
診療所,10,1110309,中野医院,渋川市渋川８９３－３３,0279-22-1219,医療法人社団　皆成会　理事長　中野　正幸,中野　正幸,内　小　リハ　心内　循環器内科,,平15. 11. 1,ika
診療所,10,1110358,渋川市国民健康保険あかぎ診療所,渋川市赤城町敷島４４番地７,0279-56-2220,渋川市長　星名　建市,菅野　圭一,内　小　外,,平22. 4. 1,ika
診療所,10,1110366,原沢医院,渋川市伊香保町伊香保５３９番地７,0279-72-2503,医療法人原沢医院　理事長　松本　達彦,松本　達彦,内科　糖尿病代謝内科　消化器内科（内視鏡）　小　漢方内科,,平22. 5. 1,ika
病院,10,1110374,榛名病院,渋川市渋川３６５８－２０,0279-22-1970,医療法人財団　大利根会　理事長　長谷川　憲一,長谷川　憲一,精神　精　内　歯　歯外,289,平24. 4. 1,ika
診療所,10,1110390,ふるまき内科医院,渋川市八木原１１２９－１,0279-25-8881,戸塚　雅之,戸塚　雅之,内　呼内　循環器内科,,平26. 5. 1,ika
診療所,10,1110416,医療法人石井会　渋川伊香保分院,渋川市中村１１６番地１,0279-30-3111,医療法人石井会　理事長　石井　有希夫,安田　佳史,整外　皮　形成・美容外科　リハ,,平27. 7. 1,ika
診療所,10,1110424,あだち整形外科,渋川市金井字田中７７０番地１,0279-30-1170,医療法人あだち整形外科　理事長　足立　智,足立　智,整外　リハ　リウ,,平28. 1. 1,ika
診療所,10,1110432,いずみ医院,渋川市渋川２１９４番地２,0279-25-1388,医療法人財団大利根会　理事長　長谷川　憲一,加藤　建,精　心内,,平28. 4. 1,ika
診療所,10,1110465,いその眼科,渋川市渋川２０７７番地２６,0279-60-6677,医療法人翔博会　理事長　磯野　博明,磯野　博明,眼,,平30. 1. 1,ika
診療所,10,1110481,高野外科胃腸科医院,渋川市渋川１９３４－２１,0279-24-2454,中山　晃枝,中山　晃枝,外　内　消内　皮　肛外,,令2. 2. 1,ika
診療所,10,1110507,青い鳥ファミリークリニック,渋川市行幸田２８－５,0279-26-2681,医療法人希碧会　理事長　奥　裕子,奥　裕子,内　糖尿病内　小　循内　アレ,,令4. 9. 1,ika
診療所,10,1110515,ウェルネスクリニックあじさい,渋川市石原１１３番地,0279-22-1377,医療法人北関東循環器病院　理事長　市川　秀一,小松　浩司郎,一般　一般　産婦,19,令5. 9. 1,ika
診療所,10,1110523,かやかべクリニック,渋川市白井２２７７－１,0279-26-8400,加家壁　正知,加家壁　正知,整外　消化器内科　リハ　内,,令6. 4. 1,ika
診療所,10,1110531,渋川皮膚科医院,渋川市渋川１７７８－９,0279-25-1166,永井　秀之,永井　秀之,皮,,令8. 2. 20,ika
病院,10,5010042,群馬県立小児医療センター,渋川市北橘町下箱田７７９,0279-52-3551,群馬県　知事　山本　一太,浜島　昭人,一般　小　神内　循　精　整外　形外　心外　小外　産　眼　耳い　リハ　放　麻　アレ　歯,150,昭57. 5. 1,ika
診療所,10,6010082,群馬県　渋川保健所,渋川市金井３９４,0279-22-4166,群馬県　知事　山本　一太,窪田　和,内,,昭32. 5. 1,ika
病院,10,7010115,独立行政法人国立病院機構　渋川医療センター,渋川市白井３８３番地,0279-23-1010,独立行政法人国立病院機構　理事長　新木　一弘,髙橋　章夫,一般　一般　結核　一般（感染）　内　血液内　内分泌代謝内　呼内　脳神経内　消内　循内　外　消外　乳腺内分泌外　循外　呼外　整外　脳外　精　小　形外　皮　ひ　眼　耳い　リハ　放射線診断　放射線治療　麻　病理　臨床検査　救急　歯外,404,平28. 3. 26,ika
診療所,10,1200084,星野医院,藤岡市藤岡８５７－３,0274-22-0116,星野　光治,星野　光治,内　胃　小　外　整外　リハ,,昭32. 5. 1,ika
診療所,10,1200555,飯田整形外科医院,藤岡市篠塚５６２,0274-22-5770,飯田　浩,飯田　浩,整外　内　リハ　リウ,,平9. 10. 15,ika
診療所,10,1200563,原内科クリニック,藤岡市下戸塚３３－１,0274-40-2255,原　永庫,原　永庫,内　リハ,,平11. 1. 15,ika
診療所,10,1200589,島田クリニック,藤岡市中大塚１７２－７,0274-23-0005,島田　明仁,島田　明仁,内　消　循,,平12. 4. 1,ika
診療所,10,1200670,さわだ医院,藤岡市岡之郷字清水６８５－１,0274-43-1888,澤田　富男,澤田　富男,内　胃　小　外,,平15. 9. 1,ika
診療所,10,1200720,いとう眼科,藤岡市中大塚２５８－４,0274-23-3700,伊藤　賢司,伊藤　賢司,眼,,平17. 4. 1,ika
診療所,10,1200746,アイリス診療所,藤岡市森２６４－４,0274-22-2542,堤　真由美,堤　真由美,内　呼　消　小,,平17. 12. 1,ika
診療所,10,1200779,よしだ内科クリニック,藤岡市白石８４０－２,0274-50-8958,吉田　恭,吉田　恭,内　呼内　消化器内科,,平21. 5. 1,ika
診療所,10,1200787,田原内科クリニック,藤岡市藤岡６９４番地１,0274-23-2552,田原　尚,田原　尚,内　小　麻　ペインクリニック内科,,平21. 5. 1,ika
診療所,10,1200803,石川医院,藤岡市立石５６０－１,0274-40-2535,石川　容考,石川　容考,内　胃　消　心内,,平24. 8. 1,ika
診療所,10,1210083,医療法人　社団　正和会　根岸産婦人科小児科医院,藤岡市中栗須８６,0274-24-1111,医療法人　社団　正和会　理事長　根岸　和子,根岸　正実,産婦　小　内,,昭60. 5. 1,ika
病院,10,1210091,くすの木病院,藤岡市藤岡６０７－２２,0274-24-3111,医療法人社団　三思医光会　理事長　駒井　太一,高木　均,一般　療養　内　血液内　糖尿病内　内分泌内　肝臓内　腎臓内　内視鏡内　ペインクリニック内　神内　呼内　消内　循内　外　消外　乳腺外　血管外　整外　呼外　皮　ひ　肛外　リハ　放診断　麻　リウ　歯　矯歯　歯外　人工透析内科　臨床検査科　救急科,160,昭62. 6. 15,ika
病院,10,1210109,光病院,藤岡市本郷１０４５,0274-24-1234,医療法人　和光会　理事長　大嶋　寛,大嶋　寛,一般　内科　血液内科　消　循　小　外　整外　皮　こう　産婦,,平14. 5. 4,ika
病院,10,1210117,医療法人　育生会　篠塚病院,藤岡市篠塚１０５－１,0274-23-9261,医療法人　育生会　理事長　相原　芳昭,相原　芳昭,一般　療養　内　精　神　神内　呼　消　循　リハ　心内　リウ,,昭63. 5. 1,ika
診療所,10,1210125,藤岡外科内科クリニック,藤岡市中栗須２３８－１,0274-22-1356,医療法人　健生会　理事長　中里　龍生,中里　龍生,外　胃　内　皮　リウ,,平元. 7. 1,ika
診療所,10,1210133,医療法人藤彩會斎藤医院,藤岡市藤岡１５４５－１７,0274-22-0765,医療法人　藤彩會　理事長　斎藤　規之,斎藤　規之,内　小　神　精　心内,,平元. 7. 1,ika
診療所,10,1210141,藤生皮膚科医院,藤岡市上大塚３３０－１９,0274-24-0160,医療法人　藤生皮膚科医院　理事長　藤生　善一,藤生　善一,皮,,平元. 7. 1,ika
診療所,10,1210216,医療法人　山崎外科医院,藤岡市藤岡２３５１,0274-22-1331,医療法人　山崎外科医院　理事長　山崎　恒彦,山崎　恒彦,外　胃　整外　ひ,,平7. 2. 20,ika
診療所,10,1210232,松山耳鼻咽喉気管食道科医院,藤岡市藤岡８０４－１１,0274-24-3387,医療法人　松山医院　理事長　松山　仁,松山　仁,耳い　気食,,平7. 12. 1,ika
診療所,10,1210240,小山医院,藤岡市中１７１－３,0274-20-1200,医療法人　小山医院　理事長　小山　幸男,小山　幸男,内　小　循環器内科,,平11. 4. 1,ika
診療所,10,1210273,飯塚クリニック,藤岡市下戸塚１８５番地４,0274-40-7700,医療法人　飯塚クリニック　理事長　飯塚　利夫,飯塚　利夫,内　循,,平14. 8. 1,ika
診療所,10,1210281,すぎやまメディカルクリニック,藤岡市下大塚１８０番地１１,0274-20-1666,医療法人　伽賛会　理事長　杉山　博之,杉山　博之,外　胃　内　こう　リハ,,平15. 8. 1,ika
診療所,10,1210307,栗原胃腸科外科医院,藤岡市神田１４４－１,0274-40-2299,医療法人みくり会　理事長　栗原　透,栗原　透,内　消内　小　外　ひ　皮　形外,,平15. 11. 1,ika
診療所,10,1210315,薬師寺整形外科クリニック,藤岡市下栗須９－２,0274-20-1555,医療法人　誠真会　理事長　薬師寺　誠一郎,薬師寺　誠一郎,整外　リハ　リウ,,平16. 4. 1,ika
診療所,10,1210323,深沢内科医院,藤岡市上戸塚字株木１４２－１,0274-22-6555,医療法人　深沢内科医院　理事長　深沢　和浩,深沢　和浩,内,,平21. 8. 10,ika
診療所,10,1210331,秋山医院,藤岡市小林７４８番地８,0274-22-8315,医療法人　わかくさ　理事長　秋山　典夫,秋山　典夫,内　消　外　こう,,平17. 12. 1,ika
病院,10,1210349,藤岡市国民健康保険鬼石病院,藤岡市鬼石１３９－１,0274-52-3121,藤岡市長　新井　雅博,工藤　通明,一般　療養　内　外　整外　皮　眼　リハ　呼内　消化器外科　循環器内科　肛門外科　脳外,,平18. 1. 1,ika
診療所,10,1210356,しののめクリニック,藤岡市中栗須４８５番地５,0274-22-8851,医療法人正美会　理事長　東雲　正剛,東雲　正剛,内　消　アレ,,平18. 8. 1,ika
診療所,10,1210364,中島整形外科クリニック,藤岡市藤岡１７６０番地４,0274-24-1777,医療法人照全会　理事長　中島　靖行,中島　靖行,整外　リハ　リウ,,平18. 8. 1,ika
診療所,10,1210372,やまうち内科,藤岡市藤岡４２４番地７,0274-24-5792,医療法人熟田津会　理事長　山内　雄介,山内　雄介,内　消,,平19. 5. 1,ika
診療所,10,1210398,おおすかこどもクリニック,藤岡市藤岡１６７８－１,0274-25-8676,大須賀　稔樹,大須賀　稔樹,小,,平27. 5. 1,ika
診療所,10,1210406,うるま耳鼻咽喉科,藤岡市藤岡１３２番地２,0274-40-2522,医療法人哲周会　理事長　宇留間　哲也,宇留間　哲也,耳い,,平29. 2. 13,ika
病院,10,1210414,公立藤岡総合病院,藤岡市中栗須８１３番地１,0274-22-3311,多野藤岡医療事務市町村組合　管理者　新井　雅博,設楽　芳範,一般　一般（感染）　内科　血液内科　腎臓内科　精　神内　小　外　整外　脳外　皮　ひ　産婦　眼　耳い　リハ　麻　リウ　アレ　病理　呼内　形外　歯外　消化器内科　循環器内科　放射線診断科　放射線治療科　救急科,399,平29. 11. 1,ika
診療所,10,1210422,しろやしき内科,藤岡市藤岡１７６３－３,0274-50-8320,今村　誠,今村　誠,内科　糖尿病内科　内分泌内科,,平31. 4. 1,ika
診療所,10,1210430,石渕皮膚科クリニック,藤岡市藤岡８７９－１９,0274-50-4012,石渕　裕久,石渕　裕久,皮,,令元. 5. 1,ika
診療所,10,1210448,あいおいクリニック,藤岡市藤岡２１１３番地１,0274-24-8811,髙木　智恵子,髙木　智恵子,内　腎臓内　糖尿病内　呼内　アレ,,令元. 11. 1,ika
診療所,10,1210455,藤岡眼科,藤岡市藤岡５１６－６,0274-24-8400,山﨑　伸一,山﨑　伸一,眼,,令2. 5. 1,ika
診療所,10,1210471,中田医院,藤岡市藤岡６４０－１,0274-22-0385,中田　薫,中田　薫,内　小　消内　大腸肛門外科,,令4. 6. 1,ika
診療所,10,1210489,医療法人民善会　細谷腎クリニック藤岡,藤岡市上大塚４３７－１,0274-25-8461,医療法人民善会　理事長　丸田　栄,中川　悠樹,内科　腎臓内科　外,,令5. 9. 1,ika
診療所,10,6010108,群馬県　藤岡保健所,藤岡市下戸塚２－５,0274-22-1420,群馬県　知事　山本　一太,矢沢　和人,内,,昭32. 5. 1,ika
診療所,10,1300157,村田内科医院,富岡市一ノ宮１６２－１,0274-62-2053,村田　繁,村田　繁,内　神内　循,,平9. 9. 1,ika
診療所,10,1300173,青葉クリニック,富岡市七日市６７６－７,0274-62-0822,小栁　由里子,小栁　由里子,小　内,,平9. 12. 1,ika
診療所,10,1300249,たけべ医院,富岡市一ノ宮１６３５,0274-67-5500,竹部　兼太朗,竹部　兼太朗,内　外　消化器内科,,平21. 11. 30,ika
診療所,10,1300330,須藤医院,富岡市七日市１０８３,0274-63-1461,須藤　謙一,須藤　謙一,外科　消化器肛門外科　乳腺外科　内科　内視鏡内科,,平20. 1. 1,ika
診療所,10,1300363,中野整形外科医院,富岡市富岡９５３,0274-64-1574,中野　桂吾,中野　桂吾,整外,,昭53. 11. 1,ika
診療所,10,1300389,大竹外科胃腸科,富岡市田篠９４７,0274-64-0808,大竹　雄二,大竹　雄二,胃　内　外　整外,,昭58. 6. 1,ika
診療所,10,1300413,藤原内科クリニック,富岡市富岡１６３０,0274-64-1866,藤原　隆,藤原　隆,内,,平2. 8. 1,ika
診療所,10,1300496,こすげレディスクリニック,富岡市富岡１４９４－１,0274-62-0275,小菅　利弘,小菅　利弘,産　婦　内　アレ,,平14. 4. 15,ika
診療所,10,1300512,阪本耳鼻咽喉科医院,富岡市富岡１０７８,0274-62-0122,阪本　重之,阪本　重之,耳い,,平16. 12. 15,ika
病院,10,1310024,公立富岡総合病院,富岡市富岡２０７３－１,0274-63-2111,富岡地域医療企業団　企業長　佐藤　尚文,松原　圭介,一般　一般　一般　感染　内　精　神内　消　循　小　外　整外　脳外　皮　ひ　産婦　眼　耳い　リハ　放　麻　病理　歯　歯外,306,昭32. 5. 1,ika
病院,10,1310081,医療法人　大和会　西毛病院,富岡市神農原５５９－１,0274-62-3156,医療法人　大和会　理事長　武田　滋利,高木　博敬,精神　療養　精　内　皮　歯,360,昭41. 4. 15,ika
診療所,10,1310099,アライクリニック,富岡市富岡１４２３,0274-62-1521,医療法人　協和会　理事長　新井　哲,新井　哲,内　消　外　整外　こう　リハ,,昭47. 5. 1,ika
診療所,10,1310115,医療法人　田村医院,富岡市七日市１６６２－２,0274-64-2065,医療法人　田村医院　理事長　田村　茂,田村　茂,内　小　産婦,,昭63. 5. 2,ika
診療所,10,1310123,細谷医院,富岡市富岡１０４８,0274-62-0388,医療法人　細谷医院　理事長　細谷　睦,細谷　睦,耳鼻咽喉科　小児耳鼻咽喉科　内　アレ　気管食道内科,,平元. 8. 1,ika
診療所,10,1310131,明瞳眼科クリニック,富岡市富岡１１１２,0274-62-0127,医療法人　明瞳会　理事長　宮本　孝文,宮本　孝文,眼,,平元. 11. 1,ika
診療所,10,1310156,富岡・成清医院,富岡市七日市５９９－６,0274-62-2701,医療法人　善進会　理事長　成清　匡子,成清　匡子,内　呼　小　皮,,平3. 6. 1,ika
診療所,10,1310180,医療法人　滝田医院,富岡市富岡１４７３－８,0274-62-2511,医療法人　滝田医院　理事長　瀧田　留美,瀧田　留美,耳い　内,,平5. 12. 1,ika
診療所,10,1310198,医療法人　武市眼科医院,富岡市七日市５４５－１,0274-64-3123,医療法人　武市眼科医院　理事長　武市　吉人,武市　吉人,眼,,平5. 12. 1,ika
病院,10,1310206,公立　七日市病院,富岡市七日市６４３,0274-62-5100,富岡地域医療企業団　企業長　佐藤　尚文,竹原　健,一般　療養　内　神内　皮　リハ,105,平6. 4. 1,ika
診療所,10,1310214,医療法人　社団　日高会　富岡クリニック,富岡市曾木３１２番地１,0274-62-6111,医療法人　社団　日高会　理事長　安藤　哲郎,磯松　幸成,内　ひ,,平17. 9. 5,ika
診療所,10,1310222,医療法人　香内医院,富岡市七日市５５５－１,0274-62-3210,医療法人　香内医院　理事長　香内　信明,香内　信明,内　循　精　心内,,平10. 8. 1,ika
診療所,10,1310248,医療法人　真美会　宮崎医院,富岡市下高瀬２９８－７,0274-60-1919,医療法人　真美会　理事長　宮崎　誠,宮崎　誠,内　胃　小,,平13. 8. 1,ika
診療所,10,1310255,えのもと整形外科,富岡市七日市７４９,0274-89-3172,医療法人　えのもと整形外科　理事長　榎本　清文,榎本　清文,整外　リハ　リウ,,平16. 8. 1,ika
診療所,10,1310263,久保田クリニック,富岡市中高瀬１３８番地１,0274-89-1160,医療法人桐心会　理事長　久保田　幸夫,久保田　幸夫,内　循環器内科,,平20. 8. 1,ika
診療所,10,1310271,医療法人民善会　細谷クリニック,富岡市富岡１３７５,0274-62-4321,医療法人　民善会　理事長　丸田　栄,古川　清憲,内科　糖尿病内科　老年内科　腎臓内科　脳外　リハ　放,,平22. 4. 1,ika
診療所,10,1310289,高井クリニック,富岡市富岡３０７４番地１,0274-60-1500,医療法人良和会　理事長　髙井　良樹,髙井　良樹,内　外科　乳腺外科　胃腸内科,,平22. 5. 1,ika
診療所,10,1310297,富岡市甘楽郡医師会休日診療所,富岡市富岡２０３７番地１,0274-64-1939,一般社団法人　富岡市甘楽郡医師会　会長　武田　滋利,武田　滋利,内　外,,平25. 4. 1,ika
診療所,10,1310305,ゆうあい整形外科,富岡市曾木５４３,0274-67-5211,医療法人ゆうあい　理事長　加納　竜太,加納　竜太,整外　リハ　リウ,,平25. 5. 1,ika
診療所,10,1310313,小泉医院,富岡市富岡８９１,0274-62-0039,医療法人小泉　理事長　小泉　幸彦,小泉　幸彦,一般　内科　腎臓内科　精　小　皮　ひ　心内　アレ　呼内　胃腸内科　消化器内科　循環器内科,,平25. 8. 1,ika
診療所,10,1310321,和田クリニック,富岡市七日市４５０番地１,0274-67-5522,医療法人真和会　理事長　和田　昌道,和田　昌道,内　皮,,平27. 4. 1,ika
診療所,10,1310339,石川胃腸科医院,富岡市富岡７７,0274-62-1002,石川　昌,石川　昌,内　外　胃　こう　皮,,平27. 4. 1,ika
診療所,10,1310354,医療法人民善会　細谷透析クリニック,富岡市富岡２６５３番１,0274-89-1007,医療法人民善会　理事長　丸田　栄,丸田　栄,内科　腎臓内科　外,,平30. 5. 1,ika
診療所,10,1310370,神部医院,富岡市富岡１１２２,0274-62-0058,神部　裕一,神部　裕一,外　内,,令5. 12. 27,ika
診療所,10,1310388,とみおか眼科クリニック,富岡市曽木５４９－１,0274-67-5632,横山　達郎,横山　達郎,眼,,令8. 7. 1,ika
診療所,10,6010116,群馬県　富岡保健所,富岡市田島３４３－１,0274-62-1541,群馬県　知事　山本　一太,阿部　勝延,内,,平14. 1. 4,ika
診療所,10,1400080,城田医院,安中市磯部１－１９－４,027-385-7858,城田　東胡,城田　東胡,内　消,,平15. 12. 3,ika
診療所,10,1400189,堀口医院,安中市安中２丁目９－１５,027-381-0229,堀口　英明,堀口　英明,内　皮ひ,,平14. 11. 1,ika
診療所,10,1400213,永山医院,安中市安中３－１９－１９,027-381-0314,永山　雅之,永山　雅之,内　産婦,,平8. 12. 23,ika
診療所,10,1400254,桜井内科医院,安中市郷原１３０－５,027-385-8551,櫻井　炳一郎,櫻井　炳一郎,内　消　循　小,,昭53. 7. 15,ika
診療所,10,1400353,大貫クリニック,安中市下磯部１８２１－１,0273-80-1181,大貫　隆久,大貫　隆久,ひ　内　外　皮　性　アレ,,平9. 6. 15,ika
診療所,10,1400387,清水耳鼻咽喉科医院,安中市安中３－３－４７,027-381-0360,清水　龍一,清水　龍一,耳い,,平14. 6. 1,ika
診療所,10,1400445,なぐも眼科,安中市安中二丁目１３－１,027-387-0221,南雲　日立,南雲　日立,眼,,平21. 5. 1,ika
診療所,10,1400460,さるや内科医院,安中市松井田町人見１１０４－１,027-384-3681,猿谷　忠弘,猿谷　忠弘,内　循環器内科,,平25. 5. 1,ika
病院,10,1410048,本多病院,安中市鷺宮字蔵畑２０５－１,027-382-1255,医療法人　信愛会　理事長　本夛　真,本夛　真,療養　内科　糖尿病内科　外　整外　ひ　リハ　循環器内科,,昭32. 5. 1,ika
病院,10,1410063,医療法人済恵会　須藤病院,安中市安中３５３２－５,027-382-3131,医療法人済恵会　理事長　須藤　雄仁,須藤　雄仁,一般　療養　内　内分泌内　糖尿病内　肝内　呼内　消内　循内　外　消外　乳腺外　大腸肛門外　整外　脳外　心外　皮　眼　リハ　放　麻　リウ　アレルギー呼吸器内科　呼外　形外　ひ　耳い,,平20. 5. 15,ika
診療所,10,1410089,桐の木クリニック,安中市中宿字桐の木２１７２－４,027-382-6611,医療法人　唯愛会　理事長　半田　文穂,半田　文穂,精神科　児童精神科　心内　内,,平7. 8. 1,ika
病院,10,1410097,正田病院,安中市安中１－１６－３２,027-382-1123,医療法人　誠和会　理事長　熊野　秀俊,熊野　秀俊,一般　内　胃　外　整外　こう　放　皮,,平11. 9. 1,ika
診療所,10,1410105,有坂内科医院,安中市安中１－２９－１,027-381-0485,医療法人　篤志会　理事長　有坂　知之,有坂　知之,内,,平13. 6. 13,ika
診療所,10,1410113,ながしま小児科,安中市下磯部字コロビ１０１９－１,027-382-6063,医療法人　社団　ながしま小児科　理事長　長嶋　完二,長嶋　完二,小,,平13. 8. 1,ika
診療所,10,1410139,医療法人アミヤましも会アミヤ医院,安中市原市１４３１番地３,027-385-1511,医療法人　アミヤましも会　理事長　真下　正美,真下　正美,内　小　放,,平15. 8. 1,ika
診療所,10,1410147,いわい中央クリニック,安中市岩井２４６５番地１,027-381-2201,医療法人裕心会　理事長　神保　裕之,神保　裕之,内　外　皮　消化器内科　消化器内視鏡内科　腎臓泌尿器科,,平17. 8. 1,ika
病院,10,1410154,安中市立碓氷病院,安中市原市１－９－１０,027-385-8221,安中市　安中市長　岩井　均,三井　健揮,一般　療養　内　血液内　腎内　人工透析内　神内　循内　小　外　消外　乳腺外　胃腸外　大腸外　整外　皮　ひ　肛外　眼　耳い　リウ　リハ　脳外　歯　歯外,,平18. 3. 18,ika
診療所,10,1410162,安中市立碓氷病院細野出張診療所,安中市松井田町土塩５３３番地１,027-393-1311,安中市　安中市長　岩井　均,松本　久美子,内　小,,平20. 4. 1,ika
診療所,10,1410188,いのうえ整形外科・内科クリニック,安中市原市６２８番地,027-380-1717,医療法人ポレポレ　理事長　井上　次郎,井上　次郎,整外　内　リハ　リウ,,平18. 12. 1,ika
診療所,10,1410196,さわやかクリニック,安中市安中三丁目２５番１３号,027-382-8111,医療法人済恵会　理事長　須藤　雄仁,石田　常博,内,,平20. 5. 15,ika
診療所,10,1410204,安中市立碓氷病院入山出張診療所,安中市松井田町入山３２１番地１,027-385-8221,安中市長　岩井　均,野際　英司,内　小,,平27. 4. 1,ika
診療所,10,1410220,もてき内科医院,安中市原市４－３－１５,027-382-2510,茂木　陽一,茂木　陽一,内　呼内　小　循環器内科,,平29. 6. 1,ika
診療所,10,1410238,あやこまごころ診療所,安中市磯部４丁目１３番１８号,027-388-1180,原田　文子,原田　文子,内科　糖尿病内科,,平29. 8. 1,ika
診療所,10,1410246,公益財団法人群馬慈恵会　横川診療所,安中市松井田町横川４４７,027-395-2921,公益財団法人群馬慈恵会　理事長　髙橋　好一,髙橋　好一,内,,平29. 11. 1,ika
診療所,10,1410253,鷹ノ巣クリニック,安中市中宿一丁目３番１７号,027-380-5528,医療法人社団　清流会　理事長　上杉　精,上杉　精,精　心内　内,,令5. 4. 1,ika
診療所,10,1410261,いそべクリニック,安中市東上磯部字金谷戸１６６２番地１,027-385-0303,田村　雄次,田村　雄次,内科　漢方内科,,令6. 6. 1,ika
診療所,10,1410279,医療法人友和会　みやぐち医院,安中市原市３８７５番地,027-384-1126,医療法人友和会　理事長　宮口　信吾,宮口　信吾,内　消　小　皮　眼,,令7. 2. 1,ika
病院,10,2010052,松井田病院,安中市松井田町新堀１３００－１,027-393-1301,公益財団法人　群馬慈恵会　理事長　髙橋　好一,髙橋　哲史,一般　療養　結核　内科　糖尿病内科　腎臓内科　外科　消化器外科　呼内　呼外　アレ　リウ　整外　リハ　耳い　循環器内科　人工透析内科,,昭32. 5. 1,ika
診療所,10,2010094,医療法人　藤巻医院,安中市松井田町松井田５５６,027-393-1324,医療法人　藤巻医院　理事長　藤巻　康喜,藤巻　康喜,内　小　皮,,平3. 9. 1,ika
診療所,10,2010102,田口医院,安中市松井田町松井田３７２,027-393-1731,医療法人　社団　田口医院　理事長　田口　晴也,田口　晴也,内　胃　外　こう,,平5. 1. 4,ika
診療所,10,2010110,武井内科循環器科,安中市松井田町松井田８３１,027-393-1005,医療法人　武井医院　理事長　武井　弘司,武井　弘司,内　循,,平5. 4. 1,ika
診療所,10,2010128,くろさわ医院,安中市松井田町松井田９０３番地１,027-393-5311,医療法人　緑山会　理事長　水原　裕治,水原　裕治,内　消,,平15. 8. 1,ika
診療所,10,0410197,花輪診療所,みどり市東町花輪２１２－３,0277-97-2009,医療法人　渡良瀬会　花輪診療所　理事長　牛久保　聡,牛久保　聡,内,,平2. 12. 1,ika
診療所,10,2700330,志鳥クリニック,みどり市笠懸町鹿４６５０,0277-76-9998,志鳥　眞理子,志鳥　眞理子,内　小,,平元. 5. 15,ika
診療所,10,2700496,くりた医院,みどり市笠懸町阿左美１３２１－７,0277-70-7800,栗田　誠,栗田　誠,内　ひ　心内,,平16. 6. 15,ika
病院,10,2710032,東邦病院,みどり市笠懸町阿左美１１５５,0277-76-6311,医療法人社団　三思医光会　理事長　駒井　太一,植木　嘉衛,一般　療養　内　肝内　糖尿病内分泌内　腎内　緩和ケア内　神内　呼内　消内（内視鏡）　循内　外　消外　乳腺内分泌外　血管外　整外　脳外　心外　皮　眼　リハ　放　麻　リウ　透析内科　呼外　歯外　形外　総合診療内科　ひ,443,昭52. 2. 1,ika
病院,10,2710099,みどり病院,みどり市笠懸町鹿２６４６－２,0277-76-1110,医療法人　日望会　理事長　望月　裕文,尾岸　浩一,療養　内科　糖尿病内科　胃　皮　リハ,,平11. 10. 1,ika
診療所,10,2710115,医療法人　寺田内科小児科医院,みどり市笠懸町阿左美１８９６－５,0277-77-1100,医療法人　寺田内科小児科医院　理事長　寺田　雅弘,寺田　一行,内　循　小,,平13. 5. 1,ika
診療所,10,2800205,稲葉医院,みどり市大間々町大間々１５７２－２,0277-72-1655,稲葉　実,稲葉　実,内　呼　消　循,,平17. 1. 1,ika
診療所,10,2800262,青木眼科,みどり市大間々町大間々２９－１,0277-72-7070,青木　孝一,青木　孝一,一般　眼,,平13. 7. 1,ika
病院,10,2810022,療育センター　きぼう,みどり市大間々町大間々２２－４,0277-73-2605,社会福祉法人　希望の家　理事長　野田　真一郎,荒川　浩一,一般　療養　小　内　精　神内　外　整外　リハ　アレ　歯,100,昭53. 5. 1,ika
病院,10,2810030,社会医療法人　東郷会　恵愛堂病院,みどり市大間々町大間々５０４－６,0277-73-2211,社会医療法人　東郷会　理事長　東郷　望,東郷　望,一般　療養　外科　乳腺外科　消化器外科　脳外　リハ　麻　リウ　病理　消化器内科　呼外　内科　血液内科　糖尿病内科　肝臓内科　整外　放　歯外　救急科,270,昭59. 7. 15,ika
診療所,10,2810055,医療法人　須永医院,みどり市大間々町大間々９２２,0277-73-5811,医療法人　須永医院　理事長　須永　吉信,須永　吉信,内,,平3. 9. 1,ika
診療所,10,2810063,医療法人　関内科医院,みどり市大間々町大間々１８３８番地８,0277-73-2022,医療法人　関内科医院　理事長　宮田　姿惠,宮田　剛治,内　形外　皮,,平19. 1. 1,ika
診療所,10,2810071,小保方医院,みどり市大間々町大間々９６４－１,0277-72-2505,医療法人　春香会　理事長　奥野　薫,奥野　樹世,内　小　皮,,平8. 8. 15,ika
診療所,10,2810089,萩原医院,みどり市大間々町大間々１５３４番地,0277-72-1025,医療法人社団昭成会　理事長　萩原　昭二,萩原　昭二,内　胃　こう,,平17. 7. 1,ika
診療所,10,2810097,斎藤医院,みどり市大間々町大間々６７６,0277-72-1230,医療法人実愛会　理事長　斎藤　知司,斎藤　知司,内　小,,平17. 12. 1,ika
診療所,10,3100035,さくら耳鼻咽喉科,みどり市笠懸町鹿２５６６－１２,0277-76-1133,櫻井　努,櫻井　努,耳い,,平25. 4. 1,ika
診療所,10,3110018,みどり市国民健康保険診療所,みどり市笠懸町鹿２５０,0277-76-2135,みどり市長　須藤　昭男,内山　強,内,,平18. 3. 27,ika
診療所,10,3110026,きたむらクリニック,みどり市大間々町大間々６８７番地１,0277-30-7577,医療法人慈峰会　理事長　北村　朋之,北村　朋之,ひ　内　小,,平18. 12. 1,ika
診療所,10,3110042,クリニック樹,みどり市笠懸町阿左美１４４９番地５,0277-30-8808,医療法人春香会　理事長　奥野　薫,奥野　薫,内　小　皮,,平19. 4. 15,ika
診療所,10,3110059,松井内科医院,みどり市笠懸町鹿３３２２番地１,0277-70-7610,医療法人正睦会　理事長　松井　正之,松井　正之,内　呼　消　循　小,,平19. 5. 1,ika
診療所,10,3110067,木の実クリニック,みどり市大間々町大間々２３１９番地３,0277-46-6373,医療法人社団山緑会　理事長　澤本　豊,澤本　豊,外　内　婦　皮　漢方内科,,平21. 8. 1,ika
診療所,10,3110075,みらいこどもクリニック,みどり市笠懸町阿左美６５８番地２,0277-47-8200,医療法人みらいこどもクリニック　理事長　金子　浩章,金子　浩章,小　アレ,,平22. 5. 1,ika
診療所,10,3110083,アイダ痛みのクリニック,みどり市大間々町大間々３８２番地６,0277-30-7077,医療法人桜華会　理事長　会田　由紀男,会田　由紀男,麻　内　リハ　アレ,,平22. 9. 1,ika
診療所,10,3110109,さいとう内科クリニック,みどり市笠懸町久宮１６４－１２,0277-47-7770,齋藤　義人,齋藤　義人,内科　糖尿病内科　循環器内科,,平26. 10. 1,ika
診療所,10,3110141,かぶらぎ内科クリニック,みどり市笠懸町鹿２４３９－１５,0277-70-7575,鏑木　大輔,鏑木　大輔,内　内視鏡内　消内,,令元. 11. 1,ika
診療所,10,3110158,会田医院,みどり市大間々町大間々１０６３,0277-72-1282,會田　光宏,會田　光宏,内　アレ　胃腸内科　肛外　整外,,令元. 12. 1,ika
診療所,10,3110166,かさかけクリニック,みどり市笠懸町鹿４７１２－１０,0277-46-9746,鈴木　涼子,鈴木　涼子,小　整外　リハ,,令2. 5. 1,ika
診療所,10,3110174,岩宿クリニック,みどり市笠懸町阿左美１５０６番地３,0277-46-7200,医療法人岩宿会　理事長　星野　正道,星野　正道,一般　産婦,,令3. 1. 1,ika
診療所,10,3110182,かねこ耳鼻咽喉科クリニック,みどり市笠懸町阿左美１３１１番地１,0277-46-8723,医療法人まひる会　理事長　金子　功,金子　功,耳い,,令3. 1. 1,ika
診療所,10,3110190,あざみこころのクリニック,みどり市笠懸町阿左美２５１３－９,0277-32-3756,三丸　剛人,三丸　剛人,精　心内,,令5. 8. 1,ika
診療所,10,3110208,中村眼科,みどり市笠懸町久宮１４７－１６,0277-47-7311,中村　考介,中村　考介,眼,,令8. 7. 1,ika
診療所,10,3110216,東毛クリニック,みどり市大間々町大間々５７７番地１,0277-32-4626,須藤　利永,須藤　利永,外　肛門外　内　消内　婦　美容皮膚科,,令8. 5. 1,ika
診療所,10,1600317,榛東わかばクリニック,北群馬郡榛東村山子田１３６９－１,0279-20-5531,中沢　克彦,中沢　克彦,内　循　リハ　麻,,平17. 11. 1,ika
診療所,10,1610084,医療法人　駿河会　榛東さいとう医院,北群馬郡榛東村新井１１８２－２,0279-54-1055,医療法人　駿河会　理事長　斉藤　明,斉藤　明,内　呼　消　循　小　アレ　皮,,平4. 10. 1,ika
診療所,10,1600275,岡本内科クリニック,北群馬郡吉岡町大久保３４５７,0279-20-5353,岡本　正司,岡本　正司,内　循,,平15. 5. 1,ika
診療所,10,1600291,大井内科クリニック,北群馬郡吉岡町北下１１２６－１,0279-30-5575,大井　秀美,大井　秀美,内　アレ　呼内,,平15. 12. 1,ika
診療所,10,1600341,まつい女性クリニック,北群馬郡吉岡町大久保７５１－４,0279-30-6510,松井　啓人,松井　啓人,一般　産婦　内　小　心内　アレ　精,,平18. 12. 15,ika
診療所,10,1600358,くわばら整形外科,北群馬郡吉岡町漆原１１７９,0279-25-8855,桑原　純太,桑原　純太,整外　リハ　リウ,,平20. 11. 1,ika
診療所,10,1600382,明治皮膚科,北群馬郡吉岡町大字下野田６９５－１０,0279-26-3212,新見　佳保里,新見　佳保里,皮,,平23. 9. 1,ika
病院,10,1610035,群栄会　田中病院,北群馬郡吉岡町大字陣場９８,0279-54-2106,医療法人　群栄会　理事長　田中　永,田中　永,一般　精神　内　精　神　心内　歯,396,昭42. 10. 15,ika
診療所,10,1610076,医療法人　社団　佐藤医院,北群馬郡吉岡町大字下野田８１１,0279-54-2756,医療法人　社団　佐藤医院　理事長　佐藤　則之,佐藤　則之,内科　糖尿病内科　アレ,,平元. 8. 1,ika
診療所,10,1610092,駒寄こども診療所,北群馬郡吉岡町大字大久保２２７６,0279-55-5252,医療法人　あおぞら会　理事長　関　裕介,関　裕介,小　内,,平9. 12. 1,ika
診療所,10,1610100,井野整形外科リハビリ内科,北群馬郡吉岡町南下９１７－２,0279-30-5255,医療法人　井野整形外科リハビリ内科　理事長　井野　正彦,井野　正彦,整外　リハ　内科　老年内科,,平13. 12. 1,ika
診療所,10,1610118,痛みのクリニック　長谷川医院,北群馬郡吉岡町大久保１４０６－４,0279-30-5055,医療法人　元気の会　理事長　長谷川　義隆,長谷川　義隆,麻　内　整外　リハ,,平13. 12. 1,ika
診療所,10,1610126,医療法人竹内小児科,北群馬郡吉岡町大字大久保３３４７番地１０,0279-30-5151,医療法人　竹内小児科　理事長　竹内　香代子,竹内　香代子,小,,平14. 8. 1,ika
診療所,10,1610134,大滝クリニック,北群馬郡吉岡町大字大久保７９５番地３,0279-30-5800,医療法人桜楓会　理事長　大滝　章男,大滝　章男,循環器内科　心外　呼内　内　外,,平27. 5. 1,ika
診療所,10,1610142,吉岡ちよだ耳鼻咽喉科,北群馬郡吉岡町大久保２１７６－１,0279-26-7546,千代田　朋子,千代田　朋子,耳い,,平29. 9. 1,ika
診療所,10,1610159,関口医院,北群馬郡吉岡町下野田６８６－１,0279-55-5122,岡藤　孝史,岡藤　孝史,内　放,,令3. 8. 26,ika
診療所,10,1710140,上野村へき地診療所,多野郡上野村大字乙父６３０－１,0274-59-2034,上野村長　黒澤　八郎,保科　大地,内　外,,昭44. 7. 15,ika
診療所,10,1710025,神流町国民健康保険直営中里診療所,多野郡神流町大字神ケ原４３０番地１,0274-58-2201,神流町長　坂本　英夫,小野　長太郎,内　小　外,,平15. 4. 1,ika
診療所,10,1710157,万場診療所,多野郡神流町大字万場４４番地３,0274-57-2018,神流町長　坂本　英夫,田中　雅史,内　精　消　小,,平18. 4. 1,ika
診療所,10,1800255,本宿診療所,甘楽郡下仁田町大字本宿３７１２－３,0274-84-2215,山本　智史,山本　智史,内　小　外,,昭53. 4. 1,ika
病院,10,1810072,下仁田厚生病院,甘楽郡下仁田町大字下仁田４０９,0274-82-3555,下仁田南牧医療事務組合　管理者　岩崎　正春,山下　均,一般　一般　一般　一般　内科　糖尿病内科　小　外　整外　皮　ひ　眼　リハ　呼内　循環器内科　消化器内科　消化器外科,48,昭32. 5. 1,ika
診療所,10,1810106,清隆会　佐藤医院,甘楽郡下仁田町大字下仁田５５０－２,0274-82-2127,医療法人　清隆会　理事長　佐藤　理,佐藤　理,整外　内,,昭32. 5. 1,ika
診療所,10,1810155,大沢クリニック,甘楽郡下仁田町馬山５９１５,0274-60-3030,医療法人　恵愛会　理事長　大澤　歩,大澤　歩,内　胃　小　外,,平10. 1. 1,ika
診療所,10,1810197,大沢クリニックなんもく分院,甘楽郡南牧村大字磐戸２８４番地２,0274-60-5622,医療法人恵愛会　理事長　大澤　歩,大澤　歩,内　小　外,,平20. 4. 1,ika
診療所,10,1800305,奥村クリニック,甘楽郡甘楽町大字福島７５０－２,0274-74-7182,奥村　良夫,奥村　良夫,内　神　呼　消　循　小　リハ,,平7. 9. 1,ika
診療所,10,1810080,原医院,甘楽郡甘楽町大字金井字南４５３,0274-74-5656,医療法人　原医院　理事長　原　捷平,原　捷平,内　小　皮　婦,,平元. 7. 1,ika
診療所,10,1810130,小幡医院,甘楽郡甘楽町小幡９６６,0274-74-2018,医療法人　松田会　理事長　松田　秀也,松田　秀也,内　消　循,,平2. 4. 1,ika
診療所,10,1810171,医療法人　小河原会　こがはらクリニック,甘楽郡甘楽町大字白倉６２２番地１,0274-70-4066,医療法人　小河原会　理事長　小河原　一成,小河原　一成,内　神内　消　小,,平15. 8. 1,ika
診療所,10,1810189,安藤医院,甘楽郡甘楽町福島１１０番地５,0274-74-7717,医療法人翠仁会　理事長　安藤　達夫,安藤　達夫,内　呼　循　小　皮　心内　アレ,,平19. 6. 1,ika
診療所,10,1810205,もみの木こどもクリニック,甘楽郡甘楽町大字福島８１８番地４,0274-67-1040,医療法人俊有会　理事長　菊池　修,菊池　修,小　皮　アレ,,平20. 12. 1,ika
診療所,10,1810213,小幡医院分院,甘楽郡甘楽町大字秋畑１５３９番地２,0274-74-9007,医療法人松田会　理事長　松田　秀也,松田　秀也,内,,平25. 6. 1,ika
診療所,10,1810221,とみおか心療クリニック,甘楽郡甘楽町福島７７５－１,0274-67-7830,二階堂　恭太,二階堂　恭太,精　心内,,平30. 5. 1,ika
診療所,10,2100218,後藤医院,吾妻郡中之条町大字西中之条６４３－２,0279-75-2230,後藤　としみ,後藤　としみ,内　小　皮,,平13. 7. 10,ika
診療所,10,2100432,しまだ医院,吾妻郡中之条町伊勢町２８－１,0279-76-3435,隝田　治,隝田　治,内,,平13. 6. 15,ika
診療所,10,2100481,吾妻東整形外科,吾妻郡中之条町大字伊勢町７５６－１,0279-26-2211,長谷川　惇,長谷川　惇,整外　リハ,,平24. 10. 1,ika
病院,10,2110134,公益社団法人群馬県医師会群馬リハビリテーション病院,吾妻郡中之条町大字上沢渡２１３６,0279-66-2121,公益社団法人　群馬県医師会　会長　須藤　英仁,真塩　清,一般　療養　療養　内　神内　整外　リハ　リウ,117,昭37. 6. 15,ika
病院,10,2110142,中之条病院,吾妻郡中之条町大字五反田３８９１,0279-75-3332,吾妻広域町村圏振興整備組合　理事長　外丸　茂樹,青山　義之,精神　精　神,223,昭40. 11. 15,ika
病院,10,2110159,吾妻さくら病院,吾妻郡中之条町大字伊勢町７８２－１,0279-75-3011,医療法人　彌生会　理事長　中田　新一郎,柿沼　源幸,一般　一般　療養　療養　内科　糖尿病内科　精　外　整外　リハ　放　心内　胃腸内科　人工透析内科,67,昭32. 5. 1,ika
診療所,10,2110266,医療法人　けんもち医院,吾妻郡中之条町大字伊勢町８３７－１,0279-75-5155,医療法人　けんもち会　理事長　桜井　洋,桜井　洋,一般　眼　内　産婦,,平13. 11. 1,ika
病院,10,2110357,田島病院,吾妻郡中之条町中之条町１７８２番地,0279-75-3350,医療法人社団寿山会田島病院　理事長　田島　郁文,田島　郁文,一般　療養　内　整外　皮　精　循環器内科　婦　リハ,,平16. 4. 1,ika
診療所,10,2110381,桑原整形外科クリニック,吾妻郡中之条町大字中之条町９５６番地,0279-75-6720,医療法人創風会　理事長　桑原　政男,桑原　政男,整外　リハ　リウ,,平18. 8. 1,ika
診療所,10,2110423,六合診療所　小雨出張所,吾妻郡中之条町大字小雨６０６番地１,0279-95-3763,中之条町長　外丸　茂樹,鈴木　奈緒美,内　小,,平22. 3. 28,ika
診療所,10,2110431,六合診療所　広池出張所,吾妻郡中之条町大字赤岩１１４０番地３,0279-95-3440,中之条町長　外丸　茂樹,鈴木　奈緒美,内　小,,平22. 3. 28,ika
診療所,10,2110449,六合診療所　湯久保出張所,吾妻郡中之条町大字日影１２５６番地,0279-95-3670,中之条町長　外丸　茂樹,鈴木　奈緒美,内　小,,平22. 3. 28,ika
診療所,10,2110456,六合診療所　田代原出張所,吾妻郡中之条町大字入山４２２７番地３,0279-95-5264,中之条町長　外丸　茂樹,鈴木　奈緒美,内　小,,平22. 3. 28,ika
診療所,10,2110472,六合診療所赤岩出張所,吾妻郡中之条町大字赤岩１９５,,中之条町長　外丸　茂樹,鈴木　奈緒美,内　小,,平27. 4. 1,ika
診療所,10,2110498,四万へき地診療所,吾妻郡中之条町大字四万国有林３０林班イ小班,0279-64-2136,中之条町長　外丸　茂樹,荻野　祐也,内,,平31. 4. 1,ika
診療所,10,2110514,六合診療所,吾妻郡中之条町大字入山１５７３番地３,0279-95-5711,中之条町町長　外丸　茂樹,鈴木　奈緒美,内　小　歯,,令5. 9. 1,ika
診療所,10,6010132,群馬県　吾妻保健所,吾妻郡中之条町大字西中之条１８３－１,0279-75-3303,群馬県　知事　山本　一太,窪田　和,内,,昭32. 5. 1,ika
病院,10,2110324,西吾妻福祉病院,吾妻郡長野原町大字大津７４６－４,0279-83-7111,西吾妻福祉病院組合　管理者　星河　明彦,三ツ木　禎尚,一般　内　循　小　外　整外　脳外　ひ　産婦　リハ　放,,平14. 2. 1,ika
診療所,10,2110365,医療法人　東瞭会　櫻井医院,吾妻郡長野原町大字長野原１５８５番地１,0279-82-3999,医療法人　東瞭会　理事長　櫻井　輝久,櫻井　輝久,一般　一般　内　胃　外　整外　こう　リハ　放,2,平16. 12. 1,ika
診療所,10,2110522,長野原町へき地診療所,吾妻郡長野原町大字応桑２０－２,0279-82-1311,長野原町　長野原町長　星河　明彦,金子　稔,内　小,,令7. 4. 21,ika
診療所,10,2100408,桜井クリニック,吾妻郡嬬恋村大字西窪３０－３,0279-97-3800,櫻井　慶一,櫻井　慶一,内　胃　小　外　リハ,,平9. 4. 1,ika
診療所,10,2110225,嬬恋村国民健康保険診療所,吾妻郡嬬恋村大字三原４５８－１,0279-97-3020,嬬恋村長　熊川　栄,伊瀬知　敦,内　小　外,,昭58. 6. 1,ika
診療所,10,2100143,布施医院,吾妻郡草津町大字草津４６２－５８,0279-88-2030,布施　正博,布施　正博,内　小　消化器内科,,平20. 11. 12,ika
診療所,10,2100358,草津外科内科クリニック,吾妻郡草津町草津２４９－３６,0279-88-9660,相沢　ゆみ子,相沢　ゆみ子,内　小　外　皮　ひ　性　こう　アレ,,平3. 4. 1,ika
病院,10,2110407,草津こまくさ病院,吾妻郡草津町草津４６４－７０１,0279-88-4321,医療法人修幸会　理事長　佐藤　ミカ,佐藤　ミカ,療養　内　整外　ひ　眼,109,平21. 4. 1,ika
病院,10,7010099,国立療養所　栗生楽泉園,吾妻郡草津町大字草津乙６４７,0279-88-3030,厚生労働省　園長　坂本　浩之助,坂本　浩之助,一般　内　外　整外　皮　眼　耳い　歯,395,昭57. 12. 15,ika
診療所,10,2110332,中山診療所,吾妻郡高山村中山２３０－１,0279-70-5007,医療法人寛裕会　理事長　荻原　裕之,荻原　裕之,内　消　外　整外,,平15. 4. 1,ika
診療所,10,2100499,加地医院,吾妻郡東吾妻町大字原町６３４－１,0279-68-2103,加地　秀生,加地　秀生,内,,平25. 4. 1,ika
診療所,10,2110027,東吾妻町国民健康保険診療所,吾妻郡東吾妻町大字箱島１２６６番地２,0279-59-3010,東吾妻町長　齋藤　貴史,冨澤　佳那子,内　小,,平18. 3. 27,ika
病院,10,2110076,原町赤十字病院,吾妻郡東吾妻町大字原町６９８,0279-68-2711,日本赤十字社　社長　清家　篤,内田　信之,一般　一般（感染）　療養　内科　糖尿病内分泌内科　腎臓内科　精　消内　循内　小　外科　乳腺外科　整外　脳外　皮　ひ　婦　眼　耳い　リハ　放　麻　救急科　緩和ケア科　脳内　呼内,167,平13. 11. 1,ika
診療所,10,2110274,大戸診療所,吾妻郡東吾妻町大字大戸１３－１,0279-69-3214,医療法人　坂上健友会　理事長　高柳　孝行,高柳　孝行,内　呼　胃　消　循　小　外　整外　皮ひ　リハ,,平6. 10. 1,ika
診療所,10,2110282,吾妻脳神経外科循環器科,吾妻郡東吾妻町大字原町７６０－１,0279-68-5211,社会医療法人　輝城会　理事長　西松　輝高,久保田　一雄,内　神内　脳外　心外　リハ　消化器内科　循環器内科,,平7. 1. 1,ika
診療所,10,2110464,医療法人社団内潤会　くりはら医院,吾妻郡東吾妻町大字原町５７２番地１,0279-68-0355,医療法人社団内潤会　理事長　栗原　潤,栗原　潤,内科　腎臓内科　外　泌尿器科（人工透析）,,平22. 12. 1,ika
診療所,10,2110506,小池医院,吾妻郡東吾妻町大字岩下１７４９,0279-67-2030,中尾　雅美,中尾　雅美,内　消,,令2. 7. 1,ika
診療所,10,0510129,利根保健生活協同組合　片品診療所,利根郡片品村大字鎌田３９４６－６７,0278-58-3910,利根保健生活協同組合　理事長　大塚　隆幸,松井　直樹,内　小　整外　歯　小歯,,平2. 7. 1,ika
診療所,10,0510152,医療法人　星野医院,利根郡片品村鎌田３９７３,0278-58-2018,医療法人　星野医院　理事長　星野　仁夫,星野　仁夫,内　麻,,平9. 12. 1,ika
病院,10,0510079,医療法人社団ほたか会　群馬パース病院,利根郡川場村大字生品１８６１,0278-52-2141,医療法人社団ほたか会　理事長　田村　遵一,田村　遵一,一般　療養　内　循　外　皮　ひ　リハ　麻　脳外,127,昭53. 10. 1,ika
診療所,10,0510194,医療法人　川場診療所,利根郡川場村大字谷地２０７７－１,0278-52-2014,医療法人川場診療所　理事長　白井　告,白井　告,内　小　消化器内科,,平30. 11. 1,ika
診療所,10,0510202,川場スキー場クリニック,利根郡川場村谷地２７５５－２,0278-52-3345,田　朝子,田　朝子,整外,,令7. 12. 1,ika
診療所,10,0500427,森下診療所,利根郡昭和村森下１０２４,0278-24-6000,柄澤　進二,柄澤　進二,内　小,,平7. 4. 15,ika
診療所,10,0500377,田中内科医院,利根郡みなかみ町新巻３３－１,0278-64-1118,田中　昌輝,田中　昌輝,内　呼　胃　循　小,,昭60. 1. 1,ika
診療所,10,0500468,たかだクリニック,利根郡みなかみ町下牧１８８－２,0278-25-3000,高田　誠,高田　誠,内　神内　小　皮　アレ　循環器内科,,平21. 8. 1,ika
病院,10,0510061,医療法人　パテラ会　月夜野病院,利根郡みなかみ町真庭３１６,0278-62-2011,医療法人　パテラ会　理事長　櫻井　明,櫻井　明,一般　療養　内科　内分泌糖尿病内科　内視鏡内科　呼内　消　消外　循　外　整外　脳外　皮　リハ　リウ　アレ　肛門外科　脳内,,昭43. 9. 15,ika
病院,10,0510087,上牧温泉病院,利根郡みなかみ町石倉１９８番地２,0278-72-5858,医療法人　高徳会　理事長　根本　俊和,丸山　秀樹,一般　療養　内　整外　リハ　皮,,昭56. 2. 1,ika
診療所,10,0510145,医療法人　開成日の出会　竹内医院,利根郡みなかみ町下津２０９５,0278-62-1677,医療法人　開成日の出会　理事長　竹内　法明,竹内　法明,内　胃　循　小　外　整外　脳外　リハ,,平7. 6. 1,ika
診療所,10,0510160,山本医院,利根郡みなかみ町湯宿温泉５７３,0278-64-0440,医療法人　亀榮会　理事長　山本　彰夫,山本　彰夫,内　小,,平12. 12. 1,ika
診療所,10,0600417,平成クリニック,佐波郡玉村町大字上新田１６４８,0270-65-8888,石井　弘子,石井　弘子,内　リハ,,平元. 2. 15,ika
診療所,10,0600466,ゆのきこどもクリニック,佐波郡玉村町大字福島５０１－１１,0270-64-2325,柚木　仁,柚木　仁,小　アレ,,平4. 9. 15,ika
診療所,10,0600508,大門整形外科医院,佐波郡玉村町大字後箇２５３－７,0270-64-6633,大門　望,大門　望,整外　理学診療科,,平7. 9. 1,ika
診療所,10,0600557,よこて皮膚科医院,佐波郡玉村町大字上之手２０２５－６,0270-65-0345,横手　隆一,横手　隆一,皮　アレ,,平11. 4. 1,ika
診療所,10,0600607,めぐみクリニック,佐波郡玉村町下新田１１１９－６,0270-30-6200,塚田　悦恵,塚田　悦恵,耳い,,平12. 9. 1,ika
病院,10,0610127,角田病院,佐波郡玉村町上新田６７５－４,0270-65-7171,医療法人　樹心会　角田病院　理事長　角田　祥之,角田　祥之,一般　療養　内科　糖尿病内科　血液内科　神内　外　整外　皮　リハ　消化器内科（内視鏡）　循環器内科　大腸肛門外科　人工透析内科,,平元. 8. 1,ika
診療所,10,0610192,田口小児科医院,佐波郡玉村町上新田１８８９,0270-65-1855,医療法人　弘洋会　理事長　田口　洋祐,田口　勉,小　内,,平8. 11. 1,ika
診療所,10,0610259,医療法人　社団　真正会　南部眼科,佐波郡玉村町大字後箇２１６－１,0270-64-5557,医療法人　社団　真正会　理事長　南部　眞一,南部　眞一,一般　眼,,平12. 4. 1,ika
診療所,10,0610267,医療法人　すこやかクリニック,佐波郡玉村町大字小泉３４,0270-64-8033,医療法人　すこやかクリニック　理事長　石坂　聡子,石坂　聡子,皮　小　アレ,,平13. 11. 1,ika
診療所,10,0610283,宇津木医院,佐波郡玉村町大字藤川１９８－２,0270-64-7878,医療法人　安寧会　理事長　宇津木　利雄,宇津木　利雄,産婦　内　小,,平14. 4. 1,ika
診療所,10,0610309,医療法人望真会　古作クリニック玉村分院,佐波郡玉村町樋越１７８－７,0270-50-3770,医療法人望真会　理事長　古作　望,山本　巧,ひ,,平15. 6. 1,ika
診療所,10,0610317,たまむら中央クリニック,佐波郡玉村町大字上之手１６３６番地１,0270-64-6880,医療法人　美琴会　理事長　草別　智行,草別　智行,内　消　小　外　皮　リハ,,平15. 8. 1,ika
診療所,10,0610333,ひらが脳神経外科,佐波郡玉村町大字角渕字天神５０６７番地,0270-30-2121,医療法人ひらが脳神経外科　理事長　平賀　健司,平賀　健司,脳外　内,,平24. 2. 1,ika
診療所,10,0610366,整形外科むらぞえクリニック,佐波郡玉村町角渕５０６５番地１,0270-30-6166,医療法人ストイック　理事長　村添　與則,村添　與則,整外　リハ　リウ,,平31. 1. 1,ika
診療所,10,0610374,ひぐち内科歯科クリニック,佐波郡玉村町福島１０８０－１,0270-50-3733,角田　紘二,角田　紘二,内　消内　循内　歯　小歯,,令2. 4. 1,ika
診療所,10,0610390,資生クリニック,佐波郡玉村町上茂木４７０－１,0270-50-0800,医療法人資生会　理事長　簡　伯憲,簡　伯憲,内科　糖尿病内科　漢方内科　循環器内科,,令4. 5. 1,ika
診療所,10,0610416,よねもと整形外科リウマチ・骨粗しょう症クリニック,佐波郡玉村町南玉９６０番地,0270-30-6300,米本　由木夫,米本　由木夫,整外　リウ　リハ,,令6. 9. 1,ika
診療所,10,0610424,一般社団法人　紡の庭　五料橋クリニック,佐波郡玉村町五料２５２－３,0270-61-9889,一般社団法人　紡の庭　代表理事　粕川　光雄,片山　和久,内　外科　乳腺内分泌外科,,令7. 2. 1,ika
診療所,10,3000243,井上整形外科医院,邑楽郡板倉町板倉２２１６,0276-82-1131,井上　研次,井上　研次,整外　内　外,,平8. 9. 25,ika
診療所,10,3000763,板倉医院,邑楽郡板倉町細谷６８３－１,0276-77-1877,髙田　信一,髙田　信一,内　消　皮,,平16. 4. 15,ika
診療所,10,3010168,医療法人社団八紘会　いたくら内科クリニック,邑楽郡板倉町朝日野一丁目１４番２号,0276-70-4080,医療法人社団八紘会　理事長　平岩　正基,平岩　正基,内　小,,平15. 1. 1,ika
診療所,10,3010259,ふじの木整形・内科クリニック,邑楽郡板倉町飯野１４０５,0276-91-4070,医療法人弘秀会　理事長　岡田　秀美,岡田　秀美,整外　内　リハ　麻　リウ,,平20. 5. 1,ika
診療所,10,3010267,板倉耳鼻咽喉科クリニック,邑楽郡板倉町大字海老瀬４０６４番地の５,0276-80-4333,医療法人板倉耳鼻咽喉科クリニック　理事長　瀬嶋　尊之,瀬嶋　尊之,耳い　小　アレ,,平25. 6. 1,ika
診療所,10,3000300,竹越医院,邑楽郡明和町新里４３５－１,0276-84-3137,竹越　亨,竹越　亨,内,,平13. 5. 1,ika
診療所,10,3000748,福田ペインクリニック,邑楽郡明和町大佐貫５８８－１,0276-84-1233,福田　博一,福田　博一,内　麻　心内,,平15. 4. 15,ika
病院,10,3010358,医療法人海宝会明和セントラル病院,邑楽郡明和町中谷３３１番地１,0276-84-1234,医療法人海宝会　理事長　海宝　雄人,海宝　雄人,一般　内科　糖尿病内科　内分泌代謝内科　消内　外　消外　肛外　呼内　循環器内科,,令3. 11. 1,ika
診療所,10,3010382,明和石田整形外科皮膚科クリニック,邑楽郡明和町新里６４－１,0276-84-4646,宮澤　洋,宮澤　洋,整外　リハ　皮,,令7. 9. 1,ika
診療所,10,3010390,医療法人創成会　明和レディスクリニック,邑楽郡明和町新里６４番地１,0276-57-8360,医療法人創成会　理事長　成田　例弘,成田　篤哉,産婦,,令7. 9. 1,ika
診療所,10,3010416,明和赤ちゃんこどもクリニック,邑楽郡明和町中谷３３１番地１明和メディカルセンタービルＡ館１階,0276-84-1166,医療法人慶正会　理事長　草野　正一,草野　亮祐,小,,令7. 10. 1,ika
診療所,10,3000011,小西医院,邑楽郡千代田町赤岩西４－５,0276-86-2261,小西　康二,小西　康二,内　小　産婦,,平14. 9. 14,ika
診療所,10,3010127,医療法人　順守会　千代田医院,邑楽郡千代田町大字赤岩１７７３－１,0276-86-6080,医療法人　順守会　理事長　高橋　逸夫,高橋　稔,内　胃　小　外　整外　形外　皮　こう　リハ,,平7. 8. 1,ika
診療所,10,3010325,ふじ眼科クリニック,邑楽郡千代田町大字萱野８１３番地の１　ジョイフル本田千代田店１階,0276-86-9900,医療法人一藤会　理事長　藤原　一哉,藤原　一哉,眼,,令3. 5. 1,ika
診療所,10,3000326,三浦医院,邑楽郡大泉町北小泉３－１１－６,0276-62-2917,松本　恵理子,松本　恵理子,内　外　麻,,平16. 3. 27,ika
診療所,10,3000755,富士クリニック　ペインクリニック,邑楽郡大泉町富士３－１３－８,0276-20-1971,増尾　富士雄,増尾　富士雄,内　循　リハ　麻,,平15. 6. 15,ika
診療所,10,3000813,新井内科クリニック,邑楽郡大泉町仙石４丁目４０番９号,0276-20-1220,新井　孝之,新井　孝之,内科　（肝臓・呼吸器・循環器内科　アレルギー科）　消化器内科,,平24. 7. 1,ika
診療所,10,3010044,たなか医院,邑楽郡大泉町住吉５５番１６号,0276-62-2881,医療法人　一陽会　理事長　田中　亨,田中　亨,内　循環器内科,,平22. 1. 20,ika
診療所,10,3010069,医療法人真医会ましも内科・胃腸科,邑楽郡大泉町城之内１－４－１,0276-62-2025,医療法人　真医会　理事長　真下　延男,真下　利幸,内　胃　消化器内科,,平2. 12. 1,ika
病院,10,3010077,医療法人　徹裕会　蜂谷病院,邑楽郡大泉町朝日４－１１－１,0276-63-0888,医療法人　徹裕会　蜂谷病院　理事長　蜂谷　裕夫,蜂谷　裕夫,一般　療養　内　胃　外　整外　脳外　皮　ひ　こう　放,,平3. 4. 1,ika
診療所,10,3010085,医療法人　鈴木眼科医院,邑楽郡大泉町西小泉１－２５－５,0276-62-2355,医療法人　鈴木眼科医院　理事長　鈴木　英司,鈴木　英司,眼,,平3. 9. 1,ika
診療所,10,3010101,ＳＵＢＡＲＵ　群馬大泉診療所,邑楽郡大泉町いずみ１－１－１,0276-48-2982,株式会社ＳＵＢＡＲＵ　代表取締役社長　大崎　篤,坂井　洋一郎,内,,平5. 2. 1,ika
診療所,10,3010119,医療法人　翔医会　佐々木皮膚科クリニック,邑楽郡大泉町富士２－４－２０,0276-62-8881,医療法人　翔医会　理事長　佐々木　聰,佐々木　聰,皮,,平5. 8. 1,ika
診療所,10,3010184,小児科おぎわらクリニック,邑楽郡大泉町坂田４－２３－１０,0276-61-1133,医療法人社団Ｏ．Ｇ．Ｉ　理事長　荻原　重弘,荻原　重弘,小　内　精　心内,,平16. 1. 1,ika
診療所,10,3010192,大泉町泌尿器科内科,邑楽郡大泉町大字坂田１６１９番地の３,0276-63-7800,医療法人坂田会　理事長　中野　勝也,中野　勝也,内　外　皮　ひ　放,,平17. 4. 1,ika
診療所,10,3010200,医療法人穂栄会　みづほクリニック,邑楽郡大泉町西小泉５丁目９番２２号１階,0276-20-1122,医療法人穂栄会　理事長　穂積　昭則,穂積　昭則,神内　内,,平18. 1. 1,ika
診療所,10,3010218,阿部医院,邑楽郡大泉町大字吉田２９９４番地の１,0276-62-5428,医療法人良治会　理事長　阿部　弘幸,阿部　弘幸,内　小　消化器内科,,平18. 12. 1,ika
診療所,10,3010291,湯澤医院,邑楽郡大泉町西小泉二丁目５番１５号,0276-62-2209,医療法人徳至会　理事長　湯澤　泉,湯澤　泉,内　脳外　外　小　脳内,,平29. 5. 1,ika
診療所,10,3000607,藤原医院,邑楽郡邑楽町大字明野３０－６,0276-88-7797,藤原　憲昭,藤原　憲昭,内　胃　小,,平3. 9. 15,ika
診療所,10,3000797,かさはら内科医院,邑楽郡邑楽町大字中野１８４５－７,0276-55-2537,笠原　隆行,笠原　隆行,内科　糖尿病内科,,平21. 10. 1,ika
診療所,10,3010051,寺内医院,邑楽郡邑楽町大字赤堀１０３１,0276-88-1511,医療法人　有朋会　理事長　寺内　政也,寺内　政也,内　消化器内科,,平2. 4. 1,ika
診療所,10,3010093,医療法人　田沼内科医院,邑楽郡邑楽町大字中野２８６７－３,0276-88-7522,医療法人　田沼内科医院　理事長　田沼　博,田沼　博,内　小,,平3. 9. 1,ika
診療所,10,3010143,加藤医院,邑楽郡邑楽町大字光善寺２７５－２,0276-89-1031,医療法人　三世会　加藤医院　理事長　佐藤　泰史,佐藤　泰史,内　外　循環器内科,,平13. 12. 1,ika
診療所,10,3010150,田沼整形外科医院,邑楽郡邑楽町大字中野字押落１０４３－２,0276-88-9223,医療法人　田沼整形外科医院　理事長　田沼　正司,田沼　正司,整外　リハ　リウ,,平14. 4. 1,ika
病院,10,3010176,おうら病院,邑楽郡邑楽町篠塚３２３３－１,0276-88-5678,医療法人社団　三思医光会　理事長　駒井　太一,秋山　仁,一般　療養　内科　腎臓内科　糖尿病内科　呼内　リウ　リハ　消化器内科　循環器内科　人工透析内科,,平15. 6. 1,ika
診療所,10,3010408,おおかわらクリニック,邑楽郡邑楽町篠塚１９３５－２,0276-88-8278,大河原　健人,大河原　健人,内　小　循　外,,令7. 8. 22,ika
歯科,10,0110037,独立行政法人地域医療機能推進機構群馬中央病院,前橋市紅雲町１－７－１３,027-221-8165,独立行政法人地域医療機能推進機構　理事長　山本　修一,内藤　浩,一般　内　糖尿病内分泌内　精　神内　呼内　消内　循内　小　外　消外　緩和ケア外　整外　小外　皮　ひ　肛門外　産婦　眼　耳い　リハ　放　麻　病理　歯,333,昭32. 5. 1,ika
歯科,10,0110359,公益財団法人　老年病研究所附属病院,前橋市大友町３－２６－８,027-253-3311,公益財団法人　老年病研究所　理事長　高玉　真光,佐藤　圭司,一般　療養　内　脳神経内　消内　循内　整外　脳外　皮　ひ　眼　リハ　麻　リウ　病理　放　心外　歯　歯外　精　心内,253,昭56. 12. 1,ika
歯科,10,0110375,医療法人　中沢会　上毛病院,前橋市下大島町５９６－１,027-266-1482,医療法人　中沢会　理事長　服部　真弓,服部　徳昭,一般　精神　精神科　児童精神科　心内　神内　外　内　整外　リハ　婦　形外　歯　消化器内科　循環器内科　麻,314,昭59. 5. 1,ika
歯科,10,0112611,前橋赤十字病院,前橋市朝倉町３８９－１,027-265-3333,日本赤十字社　社長　清家　篤,中野　実,一般　一般（感染）　精神　内　血液内　感染症内　糖尿病内分泌内　精　脳神内　呼内　消内　小　外　乳腺内分泌外　整外　脳外　呼外　心外　心臓血管内　皮　泌尿器科　小児泌尿器科　産婦　眼　耳い　リハ　麻　病理　歯外　臨床　形成美容外　放診断　放治療　救急科　リウマチ腎臓内　緩和ケア内科,533,平30. 6. 1,ika
歯科,10,7010016,群馬大学医学部附属病院,前橋市昭和町３－３９－１５,027-220-7111,国立大学法人群馬大学　学長　石崎　泰樹,斉藤　繁,一般　一般（感染）　結核　精神　内　内分泌糖尿病内　腎内　血液内　感染症内　腫瘍内　精　脳神内　消内　消外（食道胃大腸肛門）　消外（肝臓胆道膵臓）　循内　小　外　乳腺内分泌外　整外　形外　脳外　心外　皮　ひ　産　婦　眼　耳い　リハ　放治療　放診断　麻　病理　臨床　歯外　救急科　呼内　呼外　小外　リウ,682,昭32. 5. 1,ika
歯科,10,1010053,医療法人　山崎会　サンピエール病院,高崎市上佐野町７８６－７,027-347-1177,医療法人　山崎会　理事長　山崎　学,山崎　学,一般　精神　精　内　消外　循内　外　整外　皮　ひ　肛外　眼　耳い　リハ　放　リウ　歯外,522,昭32. 5. 1,ika
歯科,10,1010244,医療法人　社団　日高会　日高病院,高崎市中尾町８８６,027-362-6201,医療法人　社団　日高会　理事長　安藤　哲郎,関原　哲夫,一般　内　腫瘍内　糖尿病内分泌内　腎内　内視鏡内　疼痛緩和内　神内　呼内　消内　循内　外　消外　乳腺外　腫瘍外　肝外　膵外　胆のう外　食道外　胃腸外　大腸外　内視鏡外　腎外　整外　脳外　心外　皮　美容皮　ひ　肛外　婦　眼　リハ　放　放治療　放診断　腫瘍放　麻　リウ　病理　救急　人工透析内　人工透析移植外　歯外,287,昭52. 7. 15,ika
歯科,10,1010756,独立行政法人　国立重度知的障害者総合施設のぞみの園診療所,高崎市寺尾町２１２０－２,027-325-1501,独立行政法人国立重度知的障害者総合施設のぞみの園　理事長　田中　正博,瀬川　徹,一般　内　精　整外　皮　歯,,平7. 10. 1,ika
歯科,10,1010145,医療法人　博仁会　第一病院,高崎市下小鳥町１２７７,027-362-1811,医療法人　博仁会　理事長　佐藤　泰然,佐藤　泰然,一般　療養　内　人工透析内　胃　外科　血管外科　整外　脳外　皮ひ　こう　リハ　放　麻　歯　歯外　循環器内科　循環器外科,146,昭39. 5. 1,ika
歯科,10,1011283,小倉クリニック,高崎市柴崎町６０番地１１,027-352-1811,医療法人翠聖会　理事長　小倉　道郎,小倉　道郎,内　歯　小歯　循環器内科,,平18. 12. 1,ika
歯科,10,1011465,黒沢病院附属ヘルスパーククリニック,高崎市矢中町１８８,027-352-1111,医療法人社団美心会　理事長　黒沢　功,尾沢　正俊,一般　ひ　呼内　循内　外　消外　乳腺外　整外　脳外　皮　美容皮　内　内視鏡内　肝内　糖内　内分泌内　脂質代謝内　婦　リハ　放　アレ　歯　歯外　ひ（人工透析）　形外　消内,,平21. 7. 1,ika
歯科,10,1011853,黒沢病院,高崎市矢中町村北１８７番地,027-352-1166,医療法人社団美心会　理事長　黒澤　功,伊藤　一人,一般　ひ　ひ（人工透析）　脳外　外　消化外　乳腺外　内　内視鏡内　肝内　糖内　内分泌内　脂質代謝内　皮　美容皮膚科　整外　リハ　循内　呼内　放　婦　麻　アレ　歯　歯外　病理　形外　消内,130,平26. 7. 1,ika
歯科,10,1011762,県央医科歯科クリニック,高崎市中泉町６１０番地２,027-372-1231,医療法人県央会　理事長　井上　一英,井上　一英,外　内　胃腸内科　肛門外科　整外　歯　小歯　歯外　矯歯,,平26. 4. 1,ika
歯科,10,1012562,いいづか・たきた医院,高崎市沖町２０３－４,027-343-3387,瀧田　和志,瀧田　和志,耳い　内　歯,,令2. 5. 1,ika
歯科,10,1510094,社会福祉法人　はるな郷診療所,高崎市箕郷町松之沢３３３,027-371-2487,社会福祉法人　はるな郷　理事長　町田　錦一郎,栗原　修一,内　精　歯,,昭50. 12. 15,ika
歯科,10,1510029,榛名荘病院,高崎市中室田町５９８９,027-374-1135,一般財団法人　榛名荘　理事長　笛木　敬介,笛木　敬介,一般　療養　内　緩和ケア内　糖尿病内　内視鏡内　神内　呼　胃　循　外　整外　皮　ひ　リハ　放　麻　歯　脳外,111,昭32. 5. 1,ika
歯科,10,7010024,独立行政法人国立病院機構高崎総合医療センター,高崎市高松町３６,027-322-5901,独立行政法人国立病院機構　理事長　新木　一弘,小川　哲史,一般　一般（感染）　内科　内分泌代謝内科　疼痛緩和内科　血液内科　精　神内　呼内　消化器内科　心臓血管内科　小　外科　乳腺内分泌外科　整外　形外　脳外　呼外　心外　小外　皮　ひ　産婦　眼　耳い　リハ　麻　心内　腎臓・リウマチ科　病理　放射線診断科　放射線治療科　救急科　歯外,485,昭32. 5. 1,ika
歯科,10,2410021,桐生厚生総合病院,桐生市織姫町６－３,0277-44-7171,桐生地域医療企業団　企業長　加藤　広行,加藤　広行,一般　一般　一般（感染）　感染　内　緩和ケア内　精　小　外　血管外　乳腺外　整外　脳外　呼外　心外　皮　ひ　産婦　眼　耳い　リハ　放　麻　病理　歯　歯外　循環器内科　消化器内科　救急科　脳内,404,昭32. 5. 1,ika
歯科,10,2410344,たかのす診療所,桐生市川内町２－２８９－１,0277-65-9229,医療法人　山育会　理事長　山口　典利,山口　典利,一般　産　婦　内　小　歯,,平2. 11. 1,ika
歯科,10,0210738,伊勢崎市民病院,伊勢崎市連取本町１２番地１,0270-25-5022,伊勢崎市　市長　臂　泰雄,小林　裕幸,一般　一般（感染）　内科　内視鏡内科　緩和ケア内科　精　脳神経内科　小　外　整外　脳外　心外　皮　ひ　産婦　眼　耳咽　リハ　放射線診断科　放射線治療科　麻　歯外　循環器内科　病理診断科　救急科　消化器内科　消化器外科　呼外,494,平17. 1. 1,ika
歯科,10,0210928,伊勢崎福島病院,伊勢崎市鹿島町５５６－２,0270-24-3456,医療法人　上毛会　理事長　福島　正人,竹内　公彦,一般　一般　療養　療養　内　循内　外　消外　整外　ひ　リハ　放　リウ　麻　ペインクリニック内　歯　脳内,232,平25. 7. 1,ika
歯科,10,0210183,一般社団法人　伊勢崎佐波医師会病院,伊勢崎市下植木町４８１,0270-24-0111,一般社団法人　伊勢崎佐波医師会　会長　羽鳥　則夫,澁澤　公行,一般　療養　内科　糖尿病内科　小　外　整外　脳外　婦　眼　耳い　リハ　放　呼内　歯　歯外　胃腸内科　循環器内科　消化器内科　病理診断科　救急科,205,昭40. 5. 1,ika
歯科,10,0610044,鶴谷病院,伊勢崎市境百々４２１番地,0270-74-0670,社会医療法人　鶴谷会　理事長　鶴谷　英樹,鶴谷　英樹,一般　一般　療養　内　血液内　糖尿病内　神内　消内　消外　循内　外　乳腺外　血管外　整外　脳外　眼　耳い　リハ　呼内　歯　救急　皮　形外,274,昭32. 5. 1,ika
歯科,10,5010034,群馬県立精神医療センター,伊勢崎市国定町二丁目２３７４,0270-62-3311,群馬県　知事　山本　一太,赤田　卓志朗,精神　精　神　歯　内,265,昭45. 6. 1,ika
歯科,10,2510051,ＳＵＢＡＲＵ健康保険組合太田記念病院,太田市大島町４５５－１,0276-55-2200,ＳＵＢＡＲＵ健康保険組合　理事長　草深　英行,有野　浩司,一般　一般（感染）　内科　内分泌内科　腎臓内科　脳神経内科　小　外科　乳腺外科　血管外科　腎臓外科　整外　形外　脳外　呼外　心外　小外　皮　ひ　産婦　眼　耳い　リハ　放　麻　心内　病理　呼内　歯外　循環器内科　消化器内科　救急科　精　臨床,404,平24. 6. 1,ika
歯科,10,2510044,本島総合病院,太田市西本町３－８,0276-22-7131,医療法人　島門会　理事長　廣田　省三,本島　柳司,一般　一般　一般　一般　療養　療養　内　神内　呼内　小　外　整外　形外　脳外　心外　皮　ひ　こう　婦　眼　耳い　リハ　放　麻　リウ　アレ　歯外　消化器内科　消化器外科　循環器内科　小児精神科,199,昭32. 5. 1,ika
歯科,10,2510697,医療法人財団明理会　イムス太田中央総合病院,太田市東今泉町８７５番地１,0276-37-2378,医療法人財団明理会　理事長　中村　哲也,福島　弘樹,一般　療養　内　内分泌内科　小　外　整外　形外　脳外　心外　皮　ひ　婦　眼　リハ　放　呼内　歯　矯歯　歯外　消化器内科　循環器内科　麻　脳神経内科　リウ,350,平20. 2. 1,ika
歯科,10,2511000,関口医院,太田市牛沢町１７９番地,0276-38-0358,医療法人樫の木会　理事長　関口　利和,関口　美峰子,歯　小歯　内　小　消化器内科,,平28. 1. 1,ika
歯科,10,2511190,医療法人あい友会　あい太田クリニック,太田市浜町５９番地３,0276-52-8857,医療法人あい友会　理事長　野末　睦,野末　睦,内　外　歯,,平31. 3. 1,ika
歯科,10,5010026,群馬県立がんセンター,太田市高林西町６１７－１,0276-38-0771,群馬県　知事　山本　一太,柳田　康弘,一般　内　血液内　疼痛緩和内　緩和ケア内　腫瘍内　精　消内　外　消外　乳腺外　頭頸部外　整外　形外　呼外　ひ　婦　リハ　放　麻　病理　呼内　歯　歯外,314,昭32. 5. 1,ika
歯科,10,0310272,沼田クリニック,沼田市栄町６１－３,0278-22-1188,社会医療法人　輝城会　理事長　西松　輝高,森平　和明,脳外　内　血液内　糖尿内　内分泌内　消内　循内　乳腺外　脊椎・脊髄外科　神内　呼内　整外　心外　皮　ひ　リハ　心内　精　歯　小歯　歯外,,平8. 4. 1,ika
歯科,10,2610018,公立館林厚生病院,館林市成島町２６２－１,0276-72-3140,邑楽館林医療企業団　企業長　新井　昌史,松本　正弘,一般　一般　一般（感染）　感染　内科　血液腫瘍内科　内分泌糖尿病内科　内視鏡内科　精　小　外科　乳腺外科　整外　脳外　呼外　心外　皮　ひ　産婦　眼　耳い　リハ　麻　歯　歯外　循環器内科　消化器外科　消化器内科　放射線診断科　放射線治療科　救急科　呼内　脳神経内科　リウ,329,昭32. 5. 1,ika
歯科,10,1110267,平形内科歯科医院,渋川市石原５６４－２,0279-22-2233,医療法人　社団　平形会　理事長　平形　久弥,平形　久弥,内　歯,,平12. 5. 1,ika
歯科,10,1110374,榛名病院,渋川市渋川３６５８－２０,0279-22-1970,医療法人財団　大利根会　理事長　長谷川　憲一,長谷川　憲一,精神　精　内　歯　歯外,289,平24. 4. 1,ika
歯科,10,5010042,群馬県立小児医療センター,渋川市北橘町下箱田７７９,0279-52-3551,群馬県　知事　山本　一太,浜島　昭人,一般　小　神内　循　精　整外　形外　心外　小外　産　眼　耳い　リハ　放　麻　アレ　歯,150,昭57. 5. 1,ika
歯科,10,7010115,独立行政法人国立病院機構　渋川医療センター,渋川市白井３８３番地,0279-23-1010,独立行政法人国立病院機構　理事長　新木　一弘,髙橋　章夫,一般　一般　結核　一般（感染）　内　血液内　内分泌代謝内　呼内　脳神経内　消内　循内　外　消外　乳腺内分泌外　循外　呼外　整外　脳外　精　小　形外　皮　ひ　眼　耳い　リハ　放射線診断　放射線治療　麻　病理　臨床検査　救急　歯外,404,平28. 3. 26,ika
歯科,10,1210091,くすの木病院,藤岡市藤岡６０７－２２,0274-24-3111,医療法人社団　三思医光会　理事長　駒井　太一,高木　均,一般　療養　内　血液内　糖尿病内　内分泌内　肝臓内　腎臓内　内視鏡内　ペインクリニック内　神内　呼内　消内　循内　外　消外　乳腺外　血管外　整外　呼外　皮　ひ　肛外　リハ　放診断　麻　リウ　歯　矯歯　歯外　人工透析内科　臨床検査科　救急科,160,昭62. 6. 15,ika
歯科,10,1210414,公立藤岡総合病院,藤岡市中栗須８１３番地１,0274-22-3311,多野藤岡医療事務市町村組合　管理者　新井　雅博,設楽　芳範,一般　一般（感染）　内科　血液内科　腎臓内科　精　神内　小　外　整外　脳外　皮　ひ　産婦　眼　耳い　リハ　麻　リウ　アレ　病理　呼内　形外　歯外　消化器内科　循環器内科　放射線診断科　放射線治療科　救急科,399,平29. 11. 1,ika
歯科,10,1310024,公立富岡総合病院,富岡市富岡２０７３－１,0274-63-2111,富岡地域医療企業団　企業長　佐藤　尚文,松原　圭介,一般　一般　一般　感染　内　精　神内　消　循　小　外　整外　脳外　皮　ひ　産婦　眼　耳い　リハ　放　麻　病理　歯　歯外,306,昭32. 5. 1,ika
歯科,10,1310081,医療法人　大和会　西毛病院,富岡市神農原５５９－１,0274-62-3156,医療法人　大和会　理事長　武田　滋利,高木　博敬,精神　療養　精　内　皮　歯,360,昭41. 4. 15,ika
歯科,10,1410154,安中市立碓氷病院,安中市原市１－９－１０,027-385-8221,安中市　安中市長　岩井　均,三井　健揮,一般　療養　内　血液内　腎内　人工透析内　神内　循内　小　外　消外　乳腺外　胃腸外　大腸外　整外　皮　ひ　肛外　眼　耳い　リウ　リハ　脳外　歯　歯外,,平18. 3. 18,ika
歯科,10,2710032,東邦病院,みどり市笠懸町阿左美１１５５,0277-76-6311,医療法人社団　三思医光会　理事長　駒井　太一,植木　嘉衛,一般　療養　内　肝内　糖尿病内分泌内　腎内　緩和ケア内　神内　呼内　消内（内視鏡）　循内　外　消外　乳腺内分泌外　血管外　整外　脳外　心外　皮　眼　リハ　放　麻　リウ　透析内科　呼外　歯外　形外　総合診療内科　ひ,443,昭52. 2. 1,ika
歯科,10,2810022,療育センター　きぼう,みどり市大間々町大間々２２－４,0277-73-2605,社会福祉法人　希望の家　理事長　野田　真一郎,荒川　浩一,一般　療養　小　内　精　神内　外　整外　リハ　アレ　歯,100,昭53. 5. 1,ika
歯科,10,2810030,社会医療法人　東郷会　恵愛堂病院,みどり市大間々町大間々５０４－６,0277-73-2211,社会医療法人　東郷会　理事長　東郷　望,東郷　望,一般　療養　外科　乳腺外科　消化器外科　脳外　リハ　麻　リウ　病理　消化器内科　呼外　内科　血液内科　糖尿病内科　肝臓内科　整外　放　歯外　救急科,270,昭59. 7. 15,ika
歯科,10,1610035,群栄会　田中病院,北群馬郡吉岡町大字陣場９８,0279-54-2106,医療法人　群栄会　理事長　田中　永,田中　永,一般　精神　内　精　神　心内　歯,396,昭42. 10. 15,ika
歯科,10,2110514,六合診療所,吾妻郡中之条町大字入山１５７３番地３,0279-95-5711,中之条町町長　外丸　茂樹,鈴木　奈緒美,内　小　歯,,令5. 9. 1,ika
歯科,10,7010099,国立療養所　栗生楽泉園,吾妻郡草津町大字草津乙６４７,0279-88-3030,厚生労働省　園長　坂本　浩之助,坂本　浩之助,一般　内　外　整外　皮　眼　耳い　歯,395,昭57. 12. 15,ika
歯科,10,0510129,利根保健生活協同組合　片品診療所,利根郡片品村大字鎌田３９４６－６７,0278-58-3910,利根保健生活協同組合　理事長　大塚　隆幸,松井　直樹,内　小　整外　歯　小歯,,平2. 7. 1,ika
歯科,10,0610374,ひぐち内科歯科クリニック,佐波郡玉村町福島１０８０－１,0270-50-3733,角田　紘二,角田　紘二,内　消内　循内　歯　小歯,,令2. 4. 1,ika
歯科,10,0100034,高松歯科医院,前橋市千代田町１－１０－４,027-231-3260,髙松　勇三,髙松　勇三,歯,,昭32. 5. 1,shika
歯科,10,0100083,大谷歯科医院,前橋市本町２－１６－９,027-224-3759,大國　勉,大國　勉,歯,,平19. 3. 1,shika
歯科,10,0100141,矢内歯科医院,前橋市千代田町５－１８－１５,027-231-4006,矢内　融,矢内　融,歯,,昭32. 5. 1,shika
歯科,10,0100547,金子歯科医院,前橋市国領町１－１０－２５,027-234-8733,金子　成則,金子　成則,歯,,昭32. 5. 1,shika
歯科,10,0100687,西野歯科医院,前橋市表町１－１７－２,027-221-0369,西野　郁生,西野　郁生,歯,,平11. 11. 12,shika
歯科,10,0100737,高松歯科医院,前橋市岩神町３－２８－１１,027-231-7795,高松　透浩,高松　透浩,歯,,平12. 4. 1,shika
歯科,10,0100745,大原歯科医院,前橋市総社町２丁目１１番地９,027-252-0997,大原　正,大原　正,歯　矯歯　小歯,,平14. 6. 1,shika
歯科,10,0100778,浦野歯科医院,前橋市大手町２－９－５,027-221-5956,浦野　訓男,浦野　訓男,歯,,昭41. 10. 1,shika
歯科,10,0100810,住谷歯科・矯正歯科クリニック,前橋市元総社町１－２３－１８,027-251-2906,住谷　誠,住谷　誠,歯　矯歯　小歯,,平17. 5. 1,shika
歯科,10,0100828,鈴木歯科医院,前橋市二之宮町４６０－５,027-268-2255,岡田　静,岡田　静,歯,,昭35. 5. 1,shika
歯科,10,0100893,高松歯科医院,前橋市上長磯町３１３－２,027-261-3570,高松　啓三,高松　啓三,歯,,昭47. 10. 1,shika
歯科,10,0100927,古市歯科医院,前橋市古市町１－５－３０,027-252-6351,吉井　一雄,吉井　一雄,歯　矯歯,,昭50. 3. 1,shika
歯科,10,0100950,加藤歯科医院,前橋市元総社町５９３－５７,027-253-1184,加藤　武昭,加藤　武昭,歯,,昭50. 11. 1,shika
歯科,10,0101032,小板橋歯科医院,前橋市三俣町１－２－５,027-233-2333,小板橋　健,小板橋　健,歯,,昭52. 11. 15,shika
歯科,10,0101040,清宮歯科医院,前橋市天川原町二丁目２３７－１０,027-221-6695,清宮　正史,清宮　正史,歯,,昭52. 12. 15,shika
歯科,10,0101057,朝倉歯科医院,前橋市朝倉町３－３４－１５,027-261-5617,村上　亘,村上　亘,歯,,昭53. 5. 1,shika
歯科,10,0101073,林歯科医院,前橋市三俣町１－４８－１,027-243-7179,林　栄世,林　栄世,歯　矯歯　小歯,,昭53. 7. 15,shika
歯科,10,0101206,高橋歯科医院,前橋市朝倉町４－２－１１,027-263-3745,高橋　義孝,高橋　義孝,歯　小歯　矯歯,,昭56. 4. 1,shika
歯科,10,0101222,下小出歯科医院,前橋市下小出町１－３１－９,027-234-5184,矢作　礼子,矢作　礼子,歯,,昭57. 3. 15,shika
歯科,10,0101255,岩田歯科医院,前橋市上小出町２－２９－７,027-234-1649,岩田　康一,岩田　康一,歯　小歯　歯外,,昭57. 5. 15,shika
歯科,10,0101263,大利根　小板橋歯科医院,前橋市大利根町２－１１－６,027-253-3984,小板橋　博,小板橋　博,歯,,昭57. 6. 1,shika
歯科,10,0101297,湯浅歯科医院,前橋市荒牧町一丁目５１番地３,027-232-4184,湯浅　髙之,湯浅　髙之,歯,,昭58. 5. 15,shika
歯科,10,0101321,井上歯科医院,前橋市南町３－２１－１２,027-224-5823,井上　任一,井上　任一,歯,,昭59. 4. 1,shika
歯科,10,0101347,田口歯科医院,前橋市亀里町３８３－２,027-265-2550,田口　章太,田口　章太,歯,,昭59. 6. 1,shika
歯科,10,0101370,田中歯科医院,前橋市総社町総社１６００－４,027-252-9338,田中　啓順,田中　啓順,歯,,昭59. 12. 1,shika
歯科,10,0101404,蓮見歯科医院,前橋市表町２－１－７,027-221-1118,蓮見　央,蓮見　央,歯　矯歯　小歯,,昭60. 4. 1,shika
歯科,10,0101412,金子歯科　朝日町クリニック,前橋市朝日町３－１６－１１,027-221-1244,金子　昌則,金子　昌則,歯,,昭60. 4. 1,shika
歯科,10,0101438,山本歯科医院,前橋市大手町３－１－１０教育会館,027-233-3699,山本　宏,山本　宏,歯　矯歯　小歯　歯外,,昭60. 8. 1,shika
歯科,10,0101446,アクザワ歯科医院,前橋市天川大島町１０４１－７,027-263-2641,阿久澤　仁志,阿久澤　仁志,歯　小歯,,昭60. 10. 15,shika
歯科,10,0101545,倉品歯科医院,前橋市若宮町４－２７－８,027-232-4181,倉品　紳一郎,倉品　紳一郎,歯,,昭61. 11. 1,shika
歯科,10,0101552,前田歯科医院,前橋市下小出町２－４２－９,027-234-8276,前田　直人,前田　直人,歯　矯歯　小歯,,昭62. 3. 1,shika
歯科,10,0101560,片平歯科医院,前橋市朝倉町２－７－１３,027-261-6482,片平　太一郎,片平　太一郎,歯,,昭62. 3. 15,shika
歯科,10,0101610,蟻川歯科医院,前橋市今井町９８０,027-268-3718,蟻川　篤則,蟻川　篤則,歯,,昭62. 12. 1,shika
歯科,10,0101628,町田歯科医院,前橋市上佐鳥町６９－１,027-265-4656,町田　勝彦,町田　勝彦,歯,,昭63. 1. 15,shika
歯科,10,0101636,大原歯科クリニック,前橋市三俣町３－２４－１,027-233-7585,陳　重成（大原吉博）,陳　重成（大原吉博）,歯,,平11. 9. 24,shika
歯科,10,0101651,城南歯科医院,前橋市鶴が谷町１４－２,027-268-3121,提箸　和子,提箸　和子,歯　小歯　歯外,,昭63. 7. 1,shika
歯科,10,0101669,あらい歯科医院,前橋市岩神町３－５－９,027-233-0118,新井　保幸,新井　保幸,歯,,昭63. 10. 15,shika
歯科,10,0101677,にいはら歯科医院,前橋市大渡町１－１７－５,027-252-2221,﨡原　伸浩,﨡原　伸浩,歯,,平元. 2. 1,shika
歯科,10,0101693,田辺歯科医院,前橋市日吉町２－２０－５,027-233-4943,田辺　潔,田辺　潔,歯,,平元. 5. 1,shika
歯科,10,0101727,白石歯科医院,前橋市大利根町１－３７－６,027-254-0202,白石　知久,白石　知久,歯,,平元. 6. 15,shika
歯科,10,0101743,宮崎歯科医院,前橋市下新田町５９０－３,027-253-6008,宮崎　仁志,宮崎　仁志,歯　矯歯　小歯,,平元. 8. 1,shika
歯科,10,0101776,橋本歯科医院,前橋市文京町３－２９－３,027-223-3977,橋本　清一,橋本　清一,歯,,平2. 10. 15,shika
歯科,10,0101784,こばやし歯科医院,前橋市駒形町６５３－６,0272-66-5008,小林　修,小林　修,歯,,平3. 12. 1,shika
歯科,10,0101826,エイト歯科医院,前橋市天川大島町１４６０,027-261-4878,新井　達也,新井　達也,歯,,平4. 7. 1,shika
歯科,10,0101842,岡田歯科医院,前橋市上小出町１－２４－７,027-235-3508,岡田　高明,岡田　高明,歯,,平4. 10. 15,shika
歯科,10,0101867,佐野歯科医院,前橋市青梨子町５６３－２,0272-55-1010,佐野　公永,佐野　公永,歯　矯歯　小歯,,平5. 10. 15,shika
歯科,10,0101883,井上デンタルクリニック,前橋市中内町１６６－９,027-267-0100,井上　貴司,井上　貴司,歯,,平6. 3. 1,shika
歯科,10,0101891,石井歯科医院,前橋市上小出町３－４７－５,027-235-2758,石井　俊彦,石井　俊彦,歯　歯外,,平6. 4. 1,shika
歯科,10,0101917,小山歯科医院,前橋市亀泉町２６５－７２,027-269-0418,小山　敦,小山　敦,歯　矯歯　小歯,,平6. 12. 1,shika
歯科,10,0101933,やすだ矯正歯科,前橋市荒牧町２丁目１１－７,027-236-7070,保田　隆二,保田　隆二,歯　矯歯,,平7. 3. 15,shika
歯科,10,0101941,さいとう　矯正歯科,前橋市南町４－１６－３サウススクェア１Ｆ,027-223-5141,齋藤　卓麻,齋藤　卓麻,矯歯,,平7. 4. 1,shika
歯科,10,0101958,内藤歯科医院,前橋市南町３－１０－３,027-223-7110,内藤　敬史,内藤　敬史,歯　小歯,,平7. 5. 15,shika
歯科,10,0101982,おりはら歯科医院,前橋市鳥取町８４７－５,027-264-0880,折原　二郎,折原　二郎,歯,,平14. 2. 25,shika
歯科,10,0102006,小泉歯科クリニック,前橋市東善町１７０－４３,027-290-4188,小泉　昌巳,小泉　昌巳,歯　小歯,,平8. 3. 15,shika
歯科,10,0102014,天笠歯科医院,前橋市江木町４０－２,027-261-7722,天笠　稔,天笠　稔,歯　矯歯　小歯　歯外,,平8. 12. 1,shika
歯科,10,0102030,宮下歯科医院,前橋市大手町３－４－１０,027-233-1645,宮下　陽一郎,宮下　陽一郎,歯,,平9. 11. 15,shika
歯科,10,0102055,田新歯科クリニック,前橋市紅雲町２－２８－１１,027-221-3113,石原　秀一郎,石原　秀一郎,歯,,平10. 6. 1,shika
歯科,10,0102071,つつみ歯科医院,前橋市西片貝町３－２８６－５,027-220-5300,堤　弘明,堤　弘明,歯　小歯　歯外,,平10. 7. 1,shika
歯科,10,0102097,かなやま歯科クリニック,前橋市朝日町３－２４－９,027-243-2800,金山　英明,金　英明（金山英明）,歯　矯歯　小歯,,平11. 6. 1,shika
歯科,10,0102139,斉藤歯科医院,前橋市元総社町１－８－１７,027-255-4618,齊藤　章久,齊藤　章久,歯　矯歯　小歯　歯外,,平12. 8. 15,shika
歯科,10,0102147,なぎさデンタルクリニック,前橋市端気町３７４－１２,027-264-1184,柳澤　勲,柳澤　勲,歯,,平12. 10. 15,shika
歯科,10,0102154,ほりぐち歯科医院,前橋市上小出町２－３８－３,027-230-8111,堀口　圭一,堀口　圭一,歯　小歯,,平12. 10. 15,shika
歯科,10,0102162,かめい歯科医院,前橋市川原町一丁目８番地１３,027-219-1188,亀井　秀,亀井　秀,歯,,平13. 4. 15,shika
歯科,10,0102170,ふせじま歯科医院,前橋市上泉町３１３９,027-264-1188,伏嶋　陽一,伏嶋　陽一,歯　矯歯　小歯,,平13. 6. 1,shika
歯科,10,0102188,上村矯正歯科診療所,前橋市南町３－５０－３,027-221-1226,上村　茂樹,上村　茂樹,矯歯,,平13. 7. 1,shika
歯科,10,0102196,赤城矯正歯科,前橋市城東町１－２３－９,027-235-3007,村上　一志,村上　一志,矯歯,,平13. 10. 15,shika
歯科,10,0102204,しきしま歯科クリニック,前橋市岩神町４－１２－１８－１,027-232-0780,飯塚　美芳,飯塚　美芳,歯　矯歯　小歯　歯外,,平13. 12. 1,shika
歯科,10,0102212,ひまわり歯科医院,前橋市文京町２－１３－３,027-226-8000,関口　剛,関口　剛,歯　矯歯　小歯,,平14. 5. 1,shika
歯科,10,0102220,矢内歯科医院,前橋市三俣町２－１２－２３,027-233-8817,矢内　太郎,矢内　太郎,歯　小歯　歯外,,平18. 3. 29,shika
歯科,10,0102238,インター歯科クリニック,前橋市小屋原町３８１,027-266-9337,五十嵐　道昌,五十嵐　道昌,歯　小歯,,平15. 5. 1,shika
歯科,10,0102279,ちょうさ歯科クリニック,前橋市城東町４－２－１６,027-231-8002,帖佐　昌明,帖佐　昌明,歯,,平15. 7. 1,shika
歯科,10,0102303,田中デンタルクリニック,前橋市小相木町１－８－１８,027-256-8000,田中　徹,田中　徹,歯　小歯　矯歯　歯外,,平15. 10. 15,shika
歯科,10,0102311,ことぶき歯科クリニック,前橋市駒形町３８６,027-266-8004,石井　寿郎,石井　寿郎,歯　矯歯　小歯,,平16. 2. 15,shika
歯科,10,0102329,昭和大橋歯科医院,前橋市公田町６９８－１,027-265-7166,五井　チヒロ,五井　チヒロ,歯　矯歯　小歯　歯外,,平16. 6. 15,shika
歯科,10,0102345,ひとみ歯科医院,前橋市川原町３７６－７５,027-235-5133,人見　昌明,人見　昌明,歯,,平17. 3. 1,shika
歯科,10,0102360,うらの歯科平和町クリニック,前橋市平和町２－１２－３,027-260-1616,浦野　博行,浦野　博行,歯　小歯　歯外,,平17. 4. 1,shika
歯科,10,0102402,柳町歯科医院,前橋市粕川町女渕４２３－１,027-230-6480,栁町　賢一郎,栁町　賢一郎,歯　矯歯　小歯　歯外,,平18. 7. 1,shika
歯科,10,0102410,みやた歯科クリニック,前橋市天川大島町三丁目５９－２１,027-287-1207,宮田　俊昭,宮田　俊昭,歯　小歯　歯外,,平18. 8. 15,shika
歯科,10,0102444,すがわら歯科クリニック,前橋市野中町４２９－２,027-263-0007,菅原　至,菅原　至,歯　矯歯　小歯　歯外,,平19. 2. 15,shika
歯科,10,0102451,くどう歯科クリニック,前橋市上細井町１９４４番地４,027-234-5710,工藤　千佳子,工藤　千佳子,歯　小歯,,平19. 6. 1,shika
歯科,10,0102485,アルファデンタルオフィス,前橋市小坂子町８７９－５,027-264-1132,狩野　厚史,狩野　厚史,歯　矯歯　小歯　歯外,,平20. 6. 15,shika
歯科,10,0102493,サトウ歯科医院,前橋市大友町１－３－５,027-251-8049,佐藤　正彦,佐藤　正彦,歯　矯歯　小歯　歯外,,平20. 3. 1,shika
歯科,10,0102527,なかざと歯科医院,前橋市総社町総社２７２３－２,027-289-2253,中里　隆之,中里　隆之,歯　小歯　歯外,,平21. 6. 1,shika
歯科,10,0102535,おおさわ歯科医院,前橋市富田町２７１７－１,027-289-2418,大澤　豊,大澤　豊,歯　小歯　歯外,,平21. 6. 1,shika
歯科,10,0102550,かがみ歯科クリニック,前橋市箱田町６８２－４,027-289-4474,加賀美　卓司,加賀美　卓司,歯　矯歯　小歯,,平21. 12. 1,shika
歯科,10,0102568,しながわ歯科クリニック,前橋市上泉町１０５番９,027-289-0777,品川　泰弘,品川　泰弘,歯　小歯　歯外,,平22. 1. 1,shika
歯科,10,0102576,ふくしま歯科医院,前橋市下川町１５－１,027-265-3200,福島　知典,福島　知典,歯　矯歯　小歯　歯外,,平22. 4. 1,shika
歯科,10,0102584,狩野歯科口腔外科医院,前橋市若宮町三丁目１５番１１号,027-289-5378,狩野　証夫,狩野　証夫,歯　歯外,,平22. 5. 1,shika
歯科,10,0102592,森デンタルクリニック,前橋市荻窪町１２００－４,027-289-5656,森　公祐,森　公祐,歯　小歯　歯外,,平22. 6. 1,shika
歯科,10,0102618,歯科クリニック・スズキ,前橋市若宮町２－１１－２１,027-235-4618,鈴木　克郎,鈴木　克郎,歯　小歯　歯外,,平22. 10. 18,shika
歯科,10,0102634,あおなし歯科クリニック,前橋市元総社町二丁目２０－１８,027-255-0050,髙橋　公宣,髙橋　公宣,歯　矯歯　小歯　歯外,,平23. 4. 1,shika
歯科,10,0102642,中央大橋歯科クリニック,前橋市大渡町１－７－１７,027-288-0418,礒部　克優,礒部　克優,歯　矯歯　小歯　歯外,,平23. 5. 1,shika
歯科,10,0102659,野口歯科医院,前橋市石倉町１－１２－７,027-226-6460,野口　拓詩,野口　拓詩,歯　小歯,,平23. 6. 1,shika
歯科,10,0102675,間仁田歯科医院　前橋オフィス,前橋市清野町５－３,027-251-9252,間仁田　珠,間仁田　珠,歯　矯歯　小歯　歯外,,平24. 1. 1,shika
歯科,10,0102683,そりまち歯科クリニック,前橋市宮地町３３６番１,027-212-2525,反町　直樹,反町　直樹,歯　矯歯　小歯　歯外,,平24. 11. 1,shika
歯科,10,0102691,前橋宮久保歯科,前橋市田口町３８５－１,027-212-1118,宮久保　満之,宮久保　満之,歯　矯歯　小歯　歯外,,平25. 3. 1,shika
歯科,10,0102709,たけだ歯科クリニック,前橋市西片貝町３丁目５０番地,027-289-8989,武田　誠,武田　誠,歯　小歯　歯外,,平25. 4. 1,shika
歯科,10,0110215,群馬県歯科総合衛生センター,前橋市大友町１－５－１７,027-252-0391,公益社団法人　群馬県歯科医師会　会長　村山　利之,村山　利之,歯,,昭49. 3. 15,shika
歯科,10,0110249,医療法人　本間歯科医院,前橋市日吉町１－３－１,027-233-0418,医療法人　本間歯科医院　理事長　本間　覚,本間　寛玄,歯　矯歯　小歯,,平元. 11. 1,shika
歯科,10,0110264,前橋中央歯科医院,前橋市三河町１－３－６,027-224-4444,医療法人　社団　前橋中央歯科医院　理事長　加藤　健一,加藤　健一,歯　矯歯　小歯　歯外,,平2. 9. 1,shika
歯科,10,0110298,武内歯科医院,前橋市富田町１２１８－４,027-268-3338,医療法人　社団　誠敬会　理事長　武内　章浩,武内　章浩,歯,,平2. 9. 1,shika
歯科,10,0110314,医療法人小野里歯科医院,前橋市前箱田町４４番１,027-253-3855,医療法人　小野里歯科医院　理事長　小野里　洋一,小野里　洋一,歯　矯歯　小歯,,平19. 3. 22,shika
歯科,10,0110330,医療法人　杉山歯科医院,前橋市青柳町８４５－６,027-232-1260,医療法人　杉山歯科医院　理事長　杉山　達也,杉山　達也,歯,,平4. 4. 1,shika
歯科,10,0110348,青葉歯科医院,前橋市野中町８６－１,027-261-7130,医療法人　青葉歯科医院　理事長　清水　信雄,清水　信雄,歯　矯歯　小歯,,平5. 1. 1,shika
歯科,10,0110355,米田歯科医院,前橋市青柳町３６１番地１,027-231-7590,医療法人　三惠会　理事長　米田　清之亮,米田　清之亮,歯,,平15. 5. 6,shika
歯科,10,0110363,前橋中央歯科医院　荒子町診療所,前橋市荒子町１５９９－８,027-268-6666,医療法人　社団　前橋中央歯科医院　理事長　加藤　健一,髙木　健志,歯　矯歯　小歯　歯外,,平7. 11. 1,shika
歯科,10,0110389,協立歯科クリニック,前橋市朝倉町８３０－１,027-265-6601,群馬中央医療生活協同組合　理事長　半澤　正,半澤　正,歯　小歯,,平8. 10. 15,shika
歯科,10,0110397,医療法人　社団　もり歯科医院,前橋市天川原町二丁目１０番地１３,027-243-3718,医療法人　社団　もり歯科医院　理事長　森　啓一,森　啓一,歯　矯歯,,平10. 12. 1,shika
歯科,10,0110421,豊泉歯科医院,前橋市広瀬町３－１５－１,027-266-2345,医療法人　社団　豊泉歯科医院　理事長　豊泉　修,豊泉　修,歯　矯歯,,平13. 4. 1,shika
歯科,10,0110447,いちかわ歯科医院,前橋市上沖町１５２－２,027-260-6166,医療法人　杏林会　理事長　市川　修司,市川　修司,歯　小歯,,平13. 11. 1,shika
歯科,10,0110454,新井歯科医院,前橋市三河町２－６－６,027-224-5355,医療法人　隆盛会　理事長　田中　玲子,田中　玲子,歯,,平14. 5. 1,shika
歯科,10,0110462,おおたけ矯正歯科・小児歯科クリニック,前橋市上新田町６２０番地３,027-210-5070,医療法人　大竹歯科口腔外科クリニック　理事長　大竹　智久,大竹　智久,歯　歯外　矯歯　小歯,,平14. 8. 1,shika
歯科,10,0110470,なかの矯正歯科,前橋市荒牧町１３番地１０８,027-237-4187,医療法人社団　皆成会　理事長　中野　正幸,中野　晶子,矯歯　歯　小歯,,平15. 11. 1,shika
歯科,10,0110504,あすなろ歯科,前橋市樋越町７３６番地３,027-280-2003,医療法人あすなろ歯科　理事長　野村　英孝,野村　英孝,歯　矯歯　小歯　歯外,,平18. 12. 1,shika
歯科,10,0110520,医療法人村山歯科　村山歯科クリニック,前橋市元総社町２４番地１,027-251-2756,医療法人　村山歯科　理事長　村山　豊,村山　豊,歯　小歯,,平19. 4. 1,shika
歯科,10,0110538,袋歯科医院,前橋市千代田町三丁目６番６号,027-231-5320,医療法人晃仁会　理事長　袋　一仁,横林　愛貴,歯　矯歯　小歯　歯外,,平19. 5. 1,shika
歯科,10,0110553,医療法人誠歯会はが歯科医院,前橋市高花台一丁目９番地２,027-269-3055,医療法人誠歯会　理事長　松井　暢孝,松井　暢孝,歯　小歯　歯外,,平20. 9. 1,shika
歯科,10,0110561,医療法人社団康寧会　よこはま歯科,前橋市六供町三丁目３６番地２,027-243-2201,医療法人社団康寧会　理事長　本多　博一,齋藤　仁,歯　小歯　歯外,,平22. 2. 1,shika
歯科,10,0110579,リタ歯科クリニック,前橋市上泉町６７７番地の７,027-289-4488,医療法人利他会　理事長　小板橋　徹,小板橋　徹,歯　矯歯　小歯　歯外,,平22. 4. 1,shika
歯科,10,0110587,斉藤歯科クリニック,前橋市川曲町１９番地３,027-256-7277,医療法人トラバース　理事長　齋藤　忠,齋藤　忠,歯　小歯　歯外,,平24. 2. 1,shika
歯科,10,0110595,こたけ歯科クリニック,前橋市富士見町時沢５１５番地,027-226-1100,医療法人竹伸会　理事長　小竹　秀和,小竹　秀和,歯　矯歯　小歯　歯外,,平24. 8. 1,shika
歯科,10,0130007,上州総合歯科医院,前橋市西片貝町１－２８７－２８しきしまビル１０１,027-225-6480,坪井　泰喜,坪井　泰喜,歯　矯歯　小歯　歯外,,平25. 8. 1,shika
歯科,10,0130015,佐山歯科医院,前橋市笂井町４０－１,027-226-6812,佐山　彰一,佐山　彰一,歯　歯外,,平25. 9. 1,shika
歯科,10,0130031,なかじま歯科クリニック,前橋市荒牧町二丁目１９番地１６,027-234-8143,医療法人なかじま歯科クリニック　理事長　中嶋　耕次,中嶋　耕次,歯　矯歯　小歯　歯外,,平25. 12. 1,shika
歯科,10,0130049,前橋みなみ歯科,前橋市新堀町１８　ベイシア前橋みなみモール内,027-287-4666,医療法人青蝶会　理事長　廣瀬　文義,廣瀬　文義,歯　矯歯　小歯　歯外,,平25. 12. 1,shika
歯科,10,0130056,医療法人社団隆久会青柳歯科クリニック,前橋市青柳町１３３－８,027-234-6480,医療法人社団隆久会　理事長　吉田　隆,吉田　隆,歯　小歯,,平25. 12. 4,shika
歯科,10,0130072,たむら歯科医院,前橋市南町２－４２－６　ＭＲ前橋南町１０１号室,027-221-5501,田村　貴彦,田村　貴彦,歯　小歯　歯外　矯歯,,平26. 3. 1,shika
歯科,10,0130080,駒形駅北口歯科,前橋市小屋原町１０７３－１,027-226-1151,酒巻　紅美,酒巻　紅美,歯　歯外,,平26. 4. 1,shika
歯科,10,0130098,ゆうき歯科クリニック,前橋市住吉町一丁目１０番３号,027-289-0802,結城　啓之,結城　啓之,歯　小歯　歯外,,平26. 9. 1,shika
歯科,10,0130114,医療法人社団　石原総合歯科医院,前橋市城東町四丁目２５番地３,027-224-3543,医療法人社団石原総合歯科医院　理事長　石原　宏一,石原　宏一,歯　小歯　矯歯　歯外,,平27. 1. 1,shika
歯科,10,0130122,明石歯科医院,前橋市若宮町２－４－１７,027-231-7054,眞塩　京子,眞塩　京子,歯,,平27. 1. 9,shika
歯科,10,0130130,ほほえみ矯正歯科クリニック,前橋市小屋原町９７２番地１,027-290-4233,医療法人凌葵会　理事長　杉山　潤一,杉山　潤一,矯歯,,平27. 4. 1,shika
歯科,10,0130148,くすのき歯科・矯正歯科,前橋市総社町総社１１３５－１,027-226-1243,設樂　尚紀,設樂　尚紀,歯　矯歯　小歯　歯外,,平27. 5. 1,shika
歯科,10,0130163,野村歯科医院,前橋市城東町１－２９－８,027-231-5180,野村　正広,野村　正広,歯　小歯　矯歯　歯外,,平27. 9. 1,shika
歯科,10,0130171,リップル歯科クリニック,前橋市関根町三丁目４番地１０,027-260-1151,医療法人恭裕会　理事長　塩澤　彰久,塩澤　彰久,歯　小歯,,平28. 5. 1,shika
歯科,10,0130197,須田歯科医院,前橋市富士見町小暮３０２－１,027-288-2002,村上　芳弘,村上　芳弘,歯,,平28. 7. 1,shika
歯科,10,0130205,岩片歯科医院,前橋市朝日町二丁目５番２１号,027-224-6585,岩片　信也,岩片　信也,歯,,平28. 7. 17,shika
歯科,10,0130213,アイリス歯科,前橋市三俣町３丁目２番地３６,027-896-9189,增田　晃一郎,增田　晃一郎,歯　小歯　歯外　矯歯,,平28. 10. 1,shika
歯科,10,0130221,ガーデン歯科,前橋市小屋原町４７２－１,027-289-4867,天野　一宇,天野　一宇,歯　小歯,,平29. 4. 1,shika
歯科,10,0130239,おのざとデンタルオフィス,前橋市古市町１８０番地１,027-225-6611,医療法人小野里歯科医院　理事長　小野里　洋一,小野里　元気,歯,,平29. 5. 1,shika
歯科,10,0130247,オーラルケア前橋デンタルクリニック,前橋市大手町１丁目５－１１　大手町ビル１階,027-223-6780,医療法人あかぎ　理事長　西山　佳秀,小林　圭一,歯　小歯　歯外,,平29. 8. 10,shika
歯科,10,0130288,医療法人さた歯科診療所,前橋市大胡町３９７番３,027-289-4184,医療法人さた歯科診療所　理事長　佐田　尊,佐田　尊,歯　矯歯　小歯　歯外,,平30. 5. 1,shika
歯科,10,0130296,よつ葉歯科クリニック,前橋市岩神町２－５８９－１７,027-226-6485,池田　英弘,池田　英弘,歯　歯外　矯歯　小歯,,平30. 6. 1,shika
歯科,10,0130312,内山歯科医院,前橋市上泉町１４７８－４,027-269-7532,内山　壽夫,内山　壽夫,歯　小歯　歯外,,平30. 6. 1,shika
歯科,10,0130320,かなで歯科クリニック,前橋市小屋原町５８２－５,027-267-0418,墨谷　直哉,墨谷　直哉,歯　小歯　歯外,,平30. 9. 1,shika
歯科,10,0130338,今井歯科医院,前橋市金丸町９６－１２,027-212-8309,今井　正昭,今井　正昭,歯,,平31. 1. 1,shika
歯科,10,0130353,エール歯科矯正歯科クリニック,前橋市龍蔵寺町字寺後２２２番７,027-288-0707,山田　裕之,山田　裕之,歯　小歯　矯歯　歯外,,令元. 5. 1,shika
歯科,10,0130361,ほさか歯科,前橋市総社町植野４５４,027-253-8686,保坂　均,保坂　均,歯　歯外　矯歯,,令元. 5. 1,shika
歯科,10,0130379,松並木歯科クリニック,前橋市天川大島町１４５４－１,027-289-8402,医療法人寛優会　理事長　菅原　圭,菅原　圭,歯　小歯　歯外　矯歯,,令2. 1. 1,shika
歯科,10,0130387,川原町歯科クリニック,前橋市川原町２－１６－１３－Ｂ,027-289-5875,星野　美萌,星野　美萌,歯　小歯　歯外,,令2. 5. 1,shika
歯科,10,0130403,大野歯科医院,前橋市千代田町２丁目２－１０,027-231-4690,大野　純一,大野　純一,歯,,令2. 6. 1,shika
歯科,10,0130411,前橋デンタルケアクリニック,前橋市三俣町一丁目２８番地１２,027-231-3200,医療法人清栄会　理事長　鈴木　孝,鈴木　孝,歯　歯外　小歯　矯歯,,令2. 9. 1,shika
歯科,10,0130429,おおご歯科クリニック,前橋市堀越町３９１－１,027-289-3208,小川　博且,小川　博且,歯　小歯　歯外,,令2. 10. 1,shika
歯科,10,0130445,小井歯科医院,前橋市総社町総社３１１１－２,027-289-0745,小井　悠,小井　悠,歯　小歯　歯外　矯歯,,令2. 11. 1,shika
歯科,10,0130478,デンタルおがわ,前橋市上小出町１－４－７,080-4127-8020,小川　栄治,小川　栄治,歯,,令3. 5. 1,shika
歯科,10,0130486,むらかみ歯科医院,前橋市二之宮町４８０番１,027-289-4180,村上　大悟,村上　大悟,歯　小歯　歯外,,令3. 5. 1,shika
歯科,10,0130494,長島歯科・矯正歯科,前橋市古市町二丁目４番１号,027-253-5658,医療法人明雄会　理事長　長島　明,長島　雄吾,矯歯　小歯　歯　歯外,,令3. 6. 1,shika
歯科,10,0130502,さくらぎ群馬いきいき歯科,前橋市文京町一丁目４５－１５,027-289-6850,医療法人桜樹会　理事長　葛本　多紀,柴田　紘光,歯,,令3. 8. 1,shika
歯科,10,0130510,スマイルきっずデンタルケア新前橋歯科医院,前橋市下石倉町３２－４,027-252-2525,栁澤　恭子,栁澤　恭子,歯　小歯　矯歯　歯外,,令3. 7. 9,shika
歯科,10,0130528,石井歯科医院,前橋市小相木町４７１番地３,027-253-2853,モイス　貴子,モイス　貴子,歯,,令3. 7. 17,shika
歯科,10,0130536,野中歯科・矯正歯科,前橋市西片貝町１－３１１－７,027-231-3690,医療法人ほほえみ会　理事長　野中　幸治,野中　幸治,歯　小歯　矯歯,,令3. 10. 1,shika
歯科,10,0130544,渡辺歯科医院,前橋市大友町３－１８－９,027-252-6482,渡邉　昌明,渡邉　昌明,歯　小歯　歯外,,令4. 1. 1,shika
歯科,10,0130551,松田歯科医院,前橋市北代田町４６０－１３,027-235-3665,松田　光司,松田　光司,歯　小歯　歯外,,令4. 3. 1,shika
歯科,10,0130569,ココルン歯科クリニックおとなこども矯正歯科,前橋市朝日町３－２１－１０,027-212-5515,飯島　康弘,飯島　康弘,歯　小歯　矯歯　歯外,,令4. 5. 1,shika
歯科,10,0130577,リーフ歯科クリニック,前橋市富士見町時沢１１６－３,027-289-1182,医療法人光葉会　理事長　豊田　庸光,豊田　庸光,歯　小歯　矯歯　歯外,,令4. 5. 1,shika
歯科,10,0130585,はが歯科医院駒形,前橋市駒形町１６１番地１,027-289-0550,医療法人誠歯会　理事長　松井　暢孝,伊平　雄輝,歯　歯外　小歯,,令4. 11. 1,shika
歯科,10,0130593,ゆたか歯科,前橋市総社町高井５４７番地１,027-225-2436,清水　豊,清水　豊,歯　歯外　小歯　矯歯,,令4. 12. 1,shika
歯科,10,0130601,千代田町磯歯科医院,前橋市千代田町３－２－１２,027-231-6381,磯　友和,磯　友和,歯,,令4. 11. 15,shika
歯科,10,0130619,まえばしＭＩ歯科,前橋市上泉町６８１－１,027-289-4576,医療法人まえばしＭＩ歯科　理事長　高橋　陽介,高橋　陽介,歯　小歯　矯歯　歯外,,令5. 1. 1,shika
歯科,10,0130627,オズデンタルクリニック前橋,前橋市荒牧町４－６－１,027-234-0200,小野里　優,小野里　優,歯　小歯　矯歯　歯外,,令5. 4. 1,shika
歯科,10,0130635,かわまがりファミリー歯科,前橋市川曲町５０１－１,027-288-0607,大嶋　瑛,大嶋　瑛,歯　小歯　矯歯　歯外,,令5. 4. 1,shika
歯科,10,0130650,前橋市休日歯科診療所,前橋市朝日町三丁目２１番１３号,027-212-1310,前橋市　市長　小川　晶,高松　透浩,歯,,令6. 4. 1,shika
歯科,10,0130668,前橋リリカ歯科,前橋市国領町２－１４－１前橋リリカ１階,027-212-7178,吉江　佑介,吉江　佑介,歯　歯外　小歯,,令6. 6. 1,shika
歯科,10,0130676,元総社歯科クリニック,前橋市総社町総社３６００番地１,027-251-1118,医療法人　元総社歯科クリニック　理事長　渡具知　英子,渡具知　英子,歯　小歯　矯歯　歯外,,令6. 6. 1,shika
歯科,10,0130692,カンダデンタルけやきオフィス前橋,前橋市六供町二丁目１２番地２２,027-212-0539,医療法人優和会　理事長　神田　浩之,神田　浩之,歯,,令7. 3. 1,shika
歯科,10,0130700,さくら歯科クリニック,前橋市朝日町一丁目３６番地２５号,027-212-5083,大竹　一嘉,大竹　一嘉,歯　小歯　歯外　矯歯,,令7. 8. 1,shika
歯科,10,0130718,桃木歯科医院,前橋市下細井町５８５－４,027-233-8855,渡　洋平,渡　洋平,歯　矯歯　歯外　小歯,,令7. 5. 1,shika
歯科,10,0130726,前橋けやき歯科・矯正歯科,前橋市文京町二丁目１番１号　けやきウォーク前橋,027-212-0766,劉　桂陽,劉　桂陽,歯　小歯　矯歯　歯外,,令7. 8. 1,shika
歯科,10,0130742,医療法人社団　相明会　あさひ歯科・訪問歯科,前橋市朝日町一丁目４番８号,027-212-5100,医療法人社団　相明会　理事長　税田　壽一,深澤　樹三香,歯　小歯　歯外,,令7. 11. 1,shika
歯科,10,0130759,前橋南えがお歯科,前橋市鶴光路町２８６,027-288-0222,関　駿兵,関　駿兵,歯　小歯　矯歯　歯外,,令8. 3. 1,shika
歯科,10,0130767,前橋かんだ歯科・矯正歯科,前橋市六供町５丁目２－６,027-224-8543,医療法人　雄青会　理事長　神田　雄紀,神田　雄紀,歯　小歯　矯歯　歯外,,令8. 5. 1,shika
歯科,10,0400038,いそ歯科医院,前橋市大胡町１２９－２,027-283-2108,大川　秀樹,大川　秀樹,歯　矯歯　小歯　歯外,,平20. 12. 11,shika
歯科,10,0400350,粕川歯科診療所　片平歯科医院,前橋市粕川町西田面６８－１,027-285-4182,片平　仁行,片平　仁行,歯　矯歯　小歯　歯外,,昭62. 4. 1,shika
歯科,10,0400418,高橋歯科クリニック,前橋市茂木町２７０－８,027-283-8957,高橋　利幸,高橋　利幸,歯　矯歯　小歯　歯外,,平5. 3. 16,shika
歯科,10,0400467,よしだ歯科医院,前橋市鼻毛石町１９８－１６,027-280-2261,吉田　崇重,吉田　崇重,歯　小歯,,平12. 10. 1,shika
歯科,10,0400491,町田歯科クリニック,前橋市富士見町原之郷６８５－５,027-289-7140,町田　圭介,町田　圭介,歯　矯歯　小歯　歯外,,平16. 5. 15,shika
歯科,10,0400517,いずみ歯科医院,前橋市富士見町時沢９６０－７,027-289-1788,諸泉　周作,諸泉　周作,歯　小歯　歯外,,平20. 3. 1,shika
歯科,10,1000035,谷内歯科医院,高崎市砂賀町９１番地,027-322-4848,谷内　俊一,谷内　俊一,歯　歯外,,平18. 4. 1,shika
歯科,10,1000126,内田デンタルオフィス,高崎市椿町４６,027-322-5263,内田　一郎,内田　一郎,歯　小歯,,平19. 10. 5,shika
歯科,10,1000274,星野歯科医院,高崎市鞘町２０－１,027-322-6281,星野　康行,星野　康行,歯,,昭32. 5. 1,shika
歯科,10,1000308,村山歯科医院,高崎市飯玉町４,027-361-5197,村山　利之,村山　利之,歯　小歯,,昭32. 5. 1,shika
歯科,10,1000332,石原歯科医院,高崎市聖石町１０－１１,027-322-5109,石原　隆,石原　隆,歯,,昭32. 5. 1,shika
歯科,10,1000381,手塚歯科医院,高崎市田町８６－１,027-322-3843,手塚　百合子,手塚　百合子,歯,,平18. 1. 1,shika
歯科,10,1000472,ヤナセ歯科医院,高崎市飯塚町６０４－８,0273-61-3811,簗瀬　一彦,簗瀬　一彦,歯　小歯,,昭37. 5. 15,shika
歯科,10,1000555,落合歯科医院,高崎市倉賀野町１０５４,027-346-2198,落合　正雄,落合　正雄,歯,,昭39. 2. 1,shika
歯科,10,1000803,柿沼歯科医院,高崎市上滝町１０３３,027-352-1800,柿沼　裕道,柿沼　裕道,歯,,昭50. 4. 1,shika
歯科,10,1000845,松村歯科医院,高崎市飯塚町１５４－７,027-361-2295,松村　正美,松村　正美,歯,,昭51. 6. 1,shika
歯科,10,1000944,歯科伊勢田医院,高崎市新後閑町１０－２４,027-323-3085,設楽　誠一,設楽　誠一,歯,,昭53. 8. 1,shika
歯科,10,1000951,長谷川歯科医院,高崎市八千代町３－１７－９,027-323-8059,長谷川　淳,長谷川　淳,歯,,昭53. 12. 1,shika
歯科,10,1001017,なつめ歯科医院,高崎市我峰町３２４,027-343-4470,松沢　基之,松沢　基之,歯,,昭55. 5. 15,shika
歯科,10,1001025,平野歯科医院,高崎市芝塚町１９０１－１,027-323-1811,平野　完治,平野　完治,歯,,昭55. 5. 15,shika
歯科,10,1001033,はちすか歯科医院,高崎市石原町３２５４,027-327-3317,蜂須賀　洋,蜂須賀　洋,歯　矯歯　小歯,,平10. 5. 1,shika
歯科,10,1001058,中居歯科診療所,高崎市中居町１－１８－３,027-352-9796,丸茂　忠英,丸茂　忠英,歯　矯歯　小歯　歯外,,昭56. 6. 1,shika
歯科,10,1001074,黒沢デンタルクリニック,高崎市通町９３－２０,027-326-7505,黒澤　重春,黒澤　重春,歯,,平15. 1. 31,shika
歯科,10,1001108,堀口歯科医院,高崎市小八木町１５９９,027-362-8148,堀口　宣行,堀口　宣行,歯,,昭57. 5. 1,shika
歯科,10,1001116,早田歯科医院,高崎市緑町３－１０－３,0273-63-0101,早田　忠幸,早田　忠幸,歯　小歯,,昭57. 6. 15,shika
歯科,10,1001132,落合歯科医院,高崎市貝沢町３５６－３,0273-62-1551,落合　忠,落合　忠,歯　小歯　歯外,,昭57. 12. 15,shika
歯科,10,1001140,谷歯科医院,高崎市下小鳥町７４,027-362-2121,谷　一行,谷　一行,歯,,昭58. 4. 1,shika
歯科,10,1001215,曽根歯科医院,高崎市柳川町９－９,027-324-0418,曽根　雅之,曽根　雅之,歯　小歯,,昭59. 3. 15,shika
歯科,10,1001223,川崎歯科医院,高崎市貝沢町塚越９４５－２,027-362-8811,川崎　正行,川崎　正行,歯,,昭59. 3. 15,shika
歯科,10,1001231,後藤歯科医院,高崎市倉賀野町５５６２－１２,027-346-5323,後藤　浩司,後藤　浩司,歯,,昭59. 5. 1,shika
歯科,10,1001249,黒田歯科医院,高崎市江木町１２００,027-325-3456,黒田　智,黒田　智,歯,,昭59. 7. 1,shika
歯科,10,1001256,福田歯科クリニック,高崎市下佐野町４－３,027-326-5352,福田　雄二,福田　雄二,歯,,昭59. 7. 1,shika
歯科,10,1001264,小久保歯科医院,高崎市城山町１－２８－１３,027-327-5252,小久保　克彦,小久保　克彦,歯,,昭59. 8. 15,shika
歯科,10,1001272,染谷歯科医院,高崎市倉賀野町１６０４－７,027-346-8010,染谷　博宣,染谷　博宣,歯　矯歯　小歯,,平16. 5. 1,shika
歯科,10,1001280,真下歯科医院,高崎市並榎町１７０－５,027-322-8830,真下　泰彦,真下　泰彦,歯,,昭59. 11. 1,shika
歯科,10,1001298,吉井歯科医院,高崎市石原町３２１３－３,027-327-4772,吉井　幸嗣,吉井　幸嗣,歯　小歯,,昭60. 2. 1,shika
歯科,10,1001330,岸歯科クリニック,高崎市日高町５４４－６,027-363-6020,岸　修,岸　修,歯　小歯,,昭62. 4. 1,shika
歯科,10,1001371,新井歯科医院,高崎市東貝沢町２－２５－４,027-363-2883,新井　洋,新井　洋,歯　矯歯　小歯　歯外,,昭63. 4. 1,shika
歯科,10,1001389,ホワイト歯科クリニック,高崎市上中居町３９７－１,027-327-8148,黒田　真右,黒田　真右,歯　小歯　歯外,,昭63. 4. 1,shika
歯科,10,1001413,藤生歯科医院,高崎市本町１－２１,027-325-2223,藤生　房雄,藤生　房雄,歯　小歯,,昭63. 8. 1,shika
歯科,10,1001454,武井小児歯科医院,高崎市片岡町２－１５－１１,027-326-8148,武井　謙司,武井　謙司,歯　小歯,,平元. 4. 1,shika
歯科,10,1001462,割田歯科医院,高崎市矢中町３１１－１５,027-353-0009,割田　誠也,割田　誠也,歯　矯歯　小歯,,平元. 6. 1,shika
歯科,10,1001470,相馬歯科医院,高崎市東貝沢町２－８－３,027-363-0118,相馬　豊,相馬　豊,歯　矯歯　小歯　歯外,,平元. 8. 1,shika
歯科,10,1001488,石井歯科医院,高崎市上佐野町２７８番地８,027-322-7557,石井　宏一,石井　宏一,歯　小歯　歯外,,平17. 5. 2,shika
歯科,10,1001520,八木歯科医院,高崎市上小塙町６１９,027-344-1164,八木　裕幸,八木　裕幸,歯,,平2. 6. 1,shika
歯科,10,1001553,清水デンタルクリニック,高崎市上並榎町２５６－３センチュリーハイツ１Ｆ,027-363-5727,清水　善明,清水　善明,歯　小歯,,平14. 12. 10,shika
歯科,10,1001595,豊泉歯科クリニック,高崎市相生町５３,0273-24-7413,豊泉　洋一,豊泉　洋一,歯　矯歯　小歯,,平4. 1. 1,shika
歯科,10,1001611,高橋歯科医院,高崎市大八木町１８５５－２,027-363-6940,高橋　智幸,高橋　智幸,歯　小歯,,平4. 4. 1,shika
歯科,10,1001652,武山歯科医院,高崎市矢中町３１８－８,027-352-2241,武山　和夫,武山　和夫,歯　矯歯　小歯,,平5. 9. 15,shika
歯科,10,1001660,小林歯科医院,高崎市剣崎町９２９－１,027-344-4888,小林　弘明,小林　弘明,歯　小歯,,平5. 10. 15,shika
歯科,10,1001678,ひろみ歯科クリニック,高崎市大橋町２５３－１３,027-328-0222,高井　弘美,高井　弘美,歯,,平6. 4. 1,shika
歯科,10,1001702,とづか歯科医院,高崎市中豊岡町１３９－５,027-327-3318,戸塚　寛道,戸塚　寛道,歯,,平7. 9. 1,shika
歯科,10,1001736,田島歯科クリニック,高崎市上並榎町５７－１０,027-364-8801,田島　幹雄,田島　幹雄,歯　小歯　歯外,,平8. 6. 1,shika
歯科,10,1001744,谷内歯科クリニック,高崎市倉賀野町１８１２－１２,027-346-8877,谷内　晴夫,谷内　晴夫,歯　矯歯,,平8. 10. 1,shika
歯科,10,1001777,関口歯科医院,高崎市江木町東沖１７００,027-327-6402,関口　幹郎,関口　幹郎,歯　矯歯　小歯　歯外,,平9. 5. 1,shika
歯科,10,1001785,能上歯科医院,高崎市菊地町字薬師前４０３,027-343-8127,能上　康一,能上　康一,歯,,平9. 7. 1,shika
歯科,10,1001793,ごうくら歯科医院,高崎市上大類町１３７９－１,027-370-1181,新井　勉,新井　勉,歯　小歯,,平9. 7. 15,shika
歯科,10,1001835,落合歯科クリニック,高崎市請地町１５－３,027-321-8388,落合　正芳,落合　正芳,歯　矯歯　小歯,,平10. 6. 15,shika
歯科,10,1001850,井田歯科クリニック,高崎市末広町７２,027-324-1180,井田　泉,井田　泉,歯　矯歯　小歯　歯外,,平10. 8. 15,shika
歯科,10,1001868,井本歯科医院,高崎市浜尻町２０１－２０,027-370-1666,井本　恵子,井本　恵子,歯　矯歯　小歯,,平10. 10. 1,shika
歯科,10,1001876,高崎タワー２１デンタルクリニック,高崎市栄町３－２３高崎タワー２１ビル　２階,027-326-8211,江原　聖洋,江原　聖洋,歯　矯歯　小歯　歯外,,平10. 10. 15,shika
歯科,10,1001892,とくなが歯科クリニック,高崎市北久保町１０－２０,027-324-8114,徳永　幸雄,徳永　幸雄,歯　矯歯　小歯　歯外,,平11. 4. 1,shika
歯科,10,1001918,音羽ノ森歯科診療室,高崎市下小塙町１６５０－２,027-344-8864,半田　光雄,半田　光雄,歯　小歯　歯外,,平11. 8. 1,shika
歯科,10,1001926,はぎわら歯科医院,高崎市高関町８９－１,027-330-4182,萩原　栄一,萩原　栄一,歯　小歯,,平11. 9. 15,shika
歯科,10,1001934,緑町歯科クリニック,高崎市緑町１－２５－４,027-364-0168,田島　洋子,田島　洋子,歯　小歯,,平12. 2. 1,shika
歯科,10,1001959,柳沢歯科クリニック,高崎市下佐野町７１６－５,027-347-6480,柳沢　力,柳沢　力,歯　小歯,,平13. 4. 15,shika
歯科,10,1001967,すまいる歯科　伊東醫院,高崎市綿貫町４８６－１,027-320-2418,伊東　信明,伊東　信明,歯　矯歯　小歯　歯外,,平13. 8. 15,shika
歯科,10,1001983,もんや歯科クリニック,高崎市下小塙町８７８－４,027-344-8241,紋谷　光徳,紋谷　光徳,歯　小歯,,平14. 1. 1,shika
歯科,10,1002023,さとう歯科,高崎市上中居町６２,027-330-3888,佐藤　智樹,佐藤　智樹,歯　矯歯　小歯　歯外,,平14. 4. 1,shika
歯科,10,1002064,川上歯科クリニック,高崎市大八木町５７５－２,027-361-0890,川上　貴洋,川上　貴洋,歯　小歯,,平14. 10. 1,shika
歯科,10,1002080,ひばり歯科診療所,高崎市矢中町２０－１,027-345-0055,松原　正起,松原　正起,歯　小歯,,平15. 4. 1,shika
歯科,10,1002098,高橋歯科医院,高崎市下小鳥町６９番地５,027-361-9960,髙橋　彰,髙橋　彰,歯,,平16. 7. 1,shika
歯科,10,1002114,せきぐち歯科医院,高崎市下滝町１５－１８,027-353-8808,関口　正弘,関口　正弘,歯　小歯,,平16. 11. 1,shika
歯科,10,1002148,さわやか歯科クリニック,高崎市浜川町３８２－１,027-340-1670,吉井　順一郎,吉井　順一郎,歯　小歯,,平17. 9. 15,shika
歯科,10,1002163,あおぞら歯科クリニック,高崎市高関町３７７－５,027-320-6480,岡田　崇之,岡田　崇之,歯　矯歯　小歯　歯外,,平18. 2. 15,shika
歯科,10,1002197,矢口歯科医院,高崎市倉渕町三ノ倉８６８－２,027-378-2050,矢口　陽二,矢口　陽二,歯　小歯,,平18. 12. 1,shika
歯科,10,1002205,かみさと歯科クリニック,高崎市保渡田町１６３０－４,027-360-6543,本多　浩幸,本多　浩幸,歯　小歯　歯外,,平19. 5. 1,shika
歯科,10,1002213,大沢歯科クリニック,高崎市宮元町７番地１,027-327-1231,大澤　博,大澤　博,歯,,平20. 4. 1,shika
歯科,10,1002221,しばやま歯科,高崎市八島町１０７　ブレーンハイム柴山,027-393-6480,柴山　佳行,柴山　佳行,歯　小歯,,平21. 2. 1,shika
歯科,10,1002239,岡村デンタルクリニック,高崎市棟高町１１５２,027-387-0418,岡村　寛,岡村　寛,歯　小歯　歯外　矯歯,,平21. 4. 1,shika
歯科,10,1002247,あまだ歯科医院,高崎市鞘町７７番地,027-328-3270,天田　信幸,天田　信幸,歯　小歯,,平21. 5. 1,shika
歯科,10,1002262,ささざわ歯科医院,高崎市新保町１１４１,027-364-0418,笹澤　武史,笹澤　武史,歯　小歯　歯外,,平21. 9. 1,shika
歯科,10,1002270,ナオ歯科クリニック,高崎市末広町３５－５,027-386-8211,小林　巨,小林　巨,歯　小歯　歯外,,平21. 10. 1,shika
歯科,10,1002288,下小鳥歯科,高崎市下小鳥町３６－２,027-333-4153,廣瀬　俊夫,廣瀬　俊夫,歯　矯歯　小歯　歯外,,平22. 4. 1,shika
歯科,10,1002312,永井歯科医院,高崎市八幡町４４３－４,027-343-2855,永井　克実,永井　克実,歯　小歯,,平23. 4. 1,shika
歯科,10,1002320,平山歯科,高崎市本郷町１４４０,027-386-8241,平山　秀樹,平山　秀樹,歯　小歯　歯外,,平23. 7. 1,shika
歯科,10,1002338,おの歯科クリニック,高崎市金古町１９４３－２,027-386-5585,小野　徹,小野　徹,歯　小歯　歯外,,平23. 11. 1,shika
歯科,10,1002346,間仁田歯科医院,高崎市大橋町１３０,027-325-6033,間仁田　浩一,間仁田　浩一,歯　小歯　歯外,,平24. 1. 1,shika
歯科,10,1002353,宮下歯科Ⅱ,高崎市片岡町１－１－１,027-323-5539,宮下　裕二郎,宮下　裕二郎,歯　小歯,,平24. 3. 1,shika
歯科,10,1002379,高井歯科クリニック,高崎市上中居町１７７０,027-384-6480,髙井　貞浩,髙井　貞浩,歯　矯歯　小歯　歯外,,平24. 11. 1,shika
歯科,10,1002395,中曽根歯科医院,高崎市弓町１２７－１,027-322-3459,中曽根　直弘,中曽根　直弘,歯　小歯,,平25. 5. 1,shika
歯科,10,1002403,たきかわ歯科医院,高崎市台新田町１７６－１,027-346-1700,瀧川　正志,瀧川　正志,歯　小歯,,平25. 7. 1,shika
歯科,10,1010109,平塚歯科医院,高崎市八島町２２２高崎ターミナルビル　７Ｆ,027-325-2464,医療法人　平成会　理事長　平塚　道之,平塚　道之,歯,,平2. 4. 1,shika
歯科,10,1010117,医療法人　みやざき矯正歯科医院,高崎市八島町８２－１８,027-323-8778,医療法人　みやざき矯正歯科医院　理事長　板尾　睦,板尾　睦,矯歯,,平12. 12. 20,shika
歯科,10,1010125,星野歯科クリニック,高崎市緑町四丁目１２番地５,027-362-7792,医療法人　星友会　理事長　星野　信明,星野　信明,歯　矯歯　小歯　歯外,,平3. 6. 1,shika
歯科,10,1010158,笠野歯科医院,高崎市井野町１１０９－２０,027-363-3200,医療法人　笠野歯科医院　理事長　笠野　素一郎,笠野　素一郎,歯　小歯　歯外,,平5. 3. 1,shika
歯科,10,1010166,ひろかみ歯科医院,高崎市我峰町２２０－２,027-343-1777,医療法人　社団　ひろかみ歯科医院　理事長　廣神克彦,廣神　克彦,歯,,平6. 2. 1,shika
歯科,10,1010174,加納歯科医院,高崎市小八木町２０１０番地１４,027-362-3126,医療法人　加納歯科医院　理事長　加納　将貴,加納　将貴,歯　矯歯　小歯　歯外,,平15. 3. 18,shika
歯科,10,1010208,なかの歯科医院,高崎市新後閑町１－１４,027-326-6480,医療法人　なかの歯科医院　理事長　中野　善夫,中野　善夫,歯,,平7. 12. 1,shika
歯科,10,1010232,山村矯正歯科,高崎市末広町１０６－１,027-364-4315,医療法人　社団　山村矯正歯科　理事長　山村　真人,山村　真人,歯　矯歯,,平10. 4. 1,shika
歯科,10,1010240,医療法人社団よしと会永山歯科医院,高崎市天神町１１０,027-363-3271,医療法人社団よしと会　理事長　永山　礼久,永山　礼久,歯　矯歯　小歯,,平20. 12. 10,shika
歯科,10,1010273,武井歯科クリニック,高崎市浜川町１６５９番地４,0273-60-4188,医療法人こたけ会　理事長　武井　則之,武井　則之,歯　矯歯　歯外,,平14. 12. 1,shika
歯科,10,1010323,医療法人尚歯会いさはい歯科医院,高崎市京目町６９６,027-353-3777,医療法人尚歯会　理事長　砂盃　清,田邊　博亮,歯　矯歯　小歯　歯外,,平16. 12. 1,shika
歯科,10,1010331,医療法人尚歯会いさはい歯科医院高崎駅前オフィス,高崎市八島町２３２－８アパホテル高崎駅前１階,027-310-3777,医療法人尚歯会　理事長　砂盃　清,砂盃　亨子,歯　矯歯　小歯　歯外,,平16. 12. 1,shika
歯科,10,1010356,医療法人矢野歯科医院,高崎市南大類町７１５－１,027-352-7000,医療法人矢野歯科医院　理事長　矢野　幸雄,矢野　幸雄,歯　小歯　歯外,,平19. 5. 1,shika
歯科,10,1010364,城南大橋歯科クリニック,高崎市寺尾町２６２８番地１,027-324-8211,医療法人三志会　理事長　児島　伸也,児島　伸也,歯　矯歯　小歯　歯外,,平19. 5. 1,shika
歯科,10,1010372,きたやま矯正歯科,高崎市柴崎町１２６２番地６,027-350-1600,医療法人青葉会　理事長　北山　義隆,北山　義隆,矯歯,,平19. 5. 1,shika
歯科,10,1010380,はぎわら歯科医院,高崎市金古町２１４３番地４,027-360-6677,医療法人孝穂会　理事長　萩原　直孝,萩原　直孝,歯　小歯,,平20. 5. 1,shika
歯科,10,1010398,医療法人社団優志会高崎ヒロデンタルクリニック,高崎市飯塚町１１５０－５　ＵＮＩＣＵＳ高崎１階,027-386-4184,医療法人社団優志会　理事長　本田　浩章,本田　聡美,歯　矯歯　小歯　歯外,,平20. 12. 1,shika
歯科,10,1010406,まつい歯科クリニック,高崎市旭町１１３番地７　ハートスクエア長建２Ｆ,027-330-4618,医療法人まつい歯科クリニック　理事長　松井　利賢,松井　利賢,歯　小歯　歯外,,平21. 1. 1,shika
歯科,10,1010430,はるな生協歯科診療所,高崎市上中居町１４６１－１,027-388-0022,はるな生活協同組合　理事長　鈴木　隆,間々田　勝則,歯　小歯,,平22. 5. 6,shika
歯科,10,1010448,西原歯科クリニック,高崎市八千代町２－１１－４,027-328-0111,医療法人慶秀会　理事長　西原　秀幸,西原　秀幸,歯　矯歯　小歯　歯外,,平22. 7. 1,shika
歯科,10,1010455,高南歯科医院,高崎市中大類町６３２番地,027-352-7677,医療法人高南会　理事長　髙　秀夫,髙　秀夫,歯　矯歯　小歯　歯外,,平23. 1. 1,shika
歯科,10,1010463,高崎市休日応急歯科診療所,高崎市高松町５番地２８,027-381-6120,高崎市長　富岡　賢治,谷内　晴夫,歯,,平23. 4. 1,shika
歯科,10,1010471,医療法人社団翠聖会パール歯科医院,高崎市棟高町１４００番地　イオン高崎ショッピングセンター１階,027-395-9150,医療法人社団翠聖会　理事長　髙井　智行,谷岸　克哉,歯　矯歯　小歯　歯外,,平23. 11. 1,shika
歯科,10,1010497,柳沢歯科医院,高崎市岩押町４番１６号,027-323-4028,医療法人優友会　理事長　澤　淳一,栁澤　淳一,歯　矯歯　小歯,,平24. 12. 1,shika
歯科,10,1010505,はるな歯科クリニック,高崎市中里見町３６３－１,027-374-4618,医療法人英悠会　理事長　清水　英之,清水　英之,歯　小歯　歯外,,平24. 12. 1,shika
歯科,10,1010513,高南会　島野デンタルオフィス,高崎市島野町１０３３番地１,027-393-6824,医療法人高南会　理事長　髙　秀夫,髙　浩信,歯　矯歯　小歯　歯外,,平25. 6. 1,shika
歯科,10,1030008,うえはら歯科クリニック,高崎市飯塚町３４６－１,027-381-6740,植原　誠,植原　誠,歯　小歯,,平25. 9. 1,shika
歯科,10,1030024,いじり歯科,高崎市倉賀野町６４２４番地,027-320-2626,医療法人徳心会　理事長　井尻　敏徳,井尻　敏徳,歯　小歯　矯歯,,平26. 1. 1,shika
歯科,10,1030032,医療法人怜心会中田だいすけ歯科,高崎市金古町６７番地２,027-372-8585,医療法人怜心会　理事長　中田　大介,中田　大介,歯　小歯　歯外　矯歯,,平26. 1. 1,shika
歯科,10,1030040,ちのね歯科クリニック,高崎市井出町１５４８－１７,027-395-6471,茅根　しおり,茅根　しおり,歯　小歯,,平26. 4. 1,shika
歯科,10,1030065,吉田歯科医院,高崎市下和田町１－３－６,027-322-5368,田　潤一郎,田　潤一郎,歯　小歯　歯外,,平26. 6. 1,shika
歯科,10,1030081,丸山歯科医院,高崎市和田町１－１３,027-323-2295,丸山　和弘,丸山　和弘,歯　小歯,,平26. 12. 1,shika
歯科,10,1030099,大利根歯科クリニック,高崎市大沢町２０２番地１,027-353-8211,下平　久明,下平　久明,歯　小歯,,平27. 4. 1,shika
歯科,10,1030107,かわだデンタルクリニック,高崎市旭町２４－２　ニュースタイルビル１Ｆ,027-388-8652,河田　亜季,河田　亜季,歯　小歯　矯歯　歯外,,平28. 5. 1,shika
歯科,10,1030131,医療法人石倉歯科医院,高崎市飯塚町４５７番地３,027-361-8783,医療法人石倉歯科医院　理事長　井汲　憲治,井汲　憲治,歯　歯外,,平28. 7. 1,shika
歯科,10,1030149,Ｔデンタルオフィス,高崎市高関町３０１－１,027-393-6236,増田　隆雄,増田　隆雄,歯　小歯　歯外,,平28. 9. 1,shika
歯科,10,1030156,あわしま歯科医院,高崎市正観寺町６９８番地８,027-361-0418,医療法人栄和会　理事長　淡嶋　匡史,淡嶋　匡史,歯　小歯　歯外,,平28. 9. 1,shika
歯科,10,1030164,堀口歯科医院,高崎市上里見町２８１番地１,027-374-2237,堀口　環,堀口　環,歯　小歯　歯外,,平28. 10. 1,shika
歯科,10,1030172,下之城デンタルクリニック,高崎市下之城町８６３－６,027-388-8340,医療法人社団Ｂｌａｎｃｈｅ　理事長　今井　康博,今井　康博,歯　小歯　歯外　矯歯,,平28. 11. 1,shika
歯科,10,1030180,くるみ歯科,高崎市井野町６９５－１,027-393-6963,髙木　渉,髙木　渉,歯　小歯　歯外,,平28. 11. 1,shika
歯科,10,1030198,医療法人社団彩明会高崎デンタルクリニック,高崎市新田町４番地２　セントラルヒルズ高崎１階１０１,027-326-1511,医療法人社団彩明会　理事長　寒竹　郁夫,奥村　純一郎,歯　小歯　歯外,,平29. 1. 21,shika
歯科,10,1030206,こたに歯科,高崎市天神町１２６－１,027-362-2935,小谷　隆司,小谷　隆司,歯　小歯　矯歯,,平29. 4. 1,shika
歯科,10,1030214,今井歯科医院,高崎市成田町１５番地,027-322-4465,徳永　朋恵,徳永　朋恵,歯　歯外,,平29. 5. 2,shika
歯科,10,1030222,七樹歯科医院,高崎市北双葉町６－１４,027-377-0903,小野田　紀生,小野田　紀生,歯　小歯　歯外　矯歯,,平29. 7. 1,shika
歯科,10,1030230,太陽歯科医院,高崎市中居町３－１－５,027-352-6069,高橋　和隆,高橋　和隆,歯　小歯　歯外,,平29. 10. 1,shika
歯科,10,1030248,武者歯科医院,高崎市綿貫町４７６－２,027-346-1233,武者　亮太朗,武者　亮太朗,歯　小歯,,平30. 3. 8,shika
歯科,10,1030255,永井歯科,高崎市双葉町１１－１３,027-320-7272,永井　利明,永井　利明,歯　小歯　矯歯,,平30. 5. 1,shika
歯科,10,1030263,障害児者　さわらび歯科クリニック,高崎市大八木町１６８－１,027-361-6160,社会福祉法人榛桐会　理事長　鈴木　憲一,鈴木　朋,歯　小歯　歯外,,平30. 6. 1,shika
歯科,10,1030289,はが歯科医院　高崎,高崎市上中居町８２５番地１,027-384-4433,医療法人誠歯会　理事長　松井　暢孝,原口　浩見,歯　歯外　小歯,,平30. 8. 1,shika
歯科,10,1030297,田中歯科医院,高崎市宮元町１０９番地３,027-323-8016,医療法人順風会　理事長　廣幡　智子,廣幡　智子,歯　小歯　矯歯　歯外,,平30. 9. 1,shika
歯科,10,1030313,江原歯科クリニック,高崎市吉井町本郷６３番地１,027-387-1837,医療法人光旭会　理事長　江原　貴洋,江原　貴洋,歯　矯歯　小歯　歯外,,平31. 1. 1,shika
歯科,10,1030339,高瀬歯科医院,高崎市嘉多町２７番地,027-322-3393,髙瀬　裕志,髙瀬　裕志,歯,,令元. 5. 31,shika
歯科,10,1030347,フォルテたかさきモール歯科,高崎市下豊岡町８９３番地１,027-388-0630,医療法人恵優会　理事長　八木　大輔,石井　光樹,歯　小歯　矯歯　歯外,,令元. 10. 1,shika
歯科,10,1030370,山口齒科醫院,高崎市中紺屋町１６番地,027-322-5304,山口　達雄,山口　達雄,歯　小歯　歯外　矯歯,,令2. 5. 1,shika
歯科,10,1030404,けやき歯科,高崎市山名町２８５番地１,027-381-8580,医療法人万葉会　理事長　根岸　貴人,根岸　貴人,歯　小歯　矯歯　歯外,,令2. 9. 1,shika
歯科,10,1030412,うえき矯正歯科,高崎市東町７０　イースト７０ビル１Ｆ１－１,027-386-6694,植木　亮和,植木　亮和,矯歯,,令2. 11. 1,shika
歯科,10,1030420,高崎サンシャイン金子歯科,高崎市菅谷町２０－２３６,027-384-4216,金子　陽祐,金子　陽祐,歯　小歯　歯外,,令3. 1. 1,shika
歯科,10,1030438,まつい歯科クリニック　北高崎,高崎市飯塚町７３９番２５,027-330-4618,医療法人まつい歯科クリニック　理事長　松井　利賢,石田　雄大,歯　小歯　歯外,,令3. 1. 1,shika
歯科,10,1030446,医療法人社団若葉会　ますこ歯科医院,高崎市栄町３－１１　高崎バナーズビル２Ｆ,027-327-2600,医療法人社団若葉会　理事長　増子　博英,増子　博英,歯　小歯　矯歯　歯外,,令3. 4. 5,shika
歯科,10,1030453,けやき歯科　高崎タワー分院,高崎市東町３２番地１　ブリリアタワー高崎１階,027-388-8856,医療法人万葉会　理事長　根岸　貴人,根岸　啓子,歯　小歯　矯歯　歯外,,令3. 7. 1,shika
歯科,10,1030479,医療法人社団　陽光会　高崎むらた歯科,高崎市貝沢町７４２番地１,027-386-6256,医療法人社団陽光会　理事長　村田　陽一,村田　陽一,歯　小歯　矯歯　歯外,,令3. 11. 1,shika
歯科,10,1030487,さわだあや矯正歯科,高崎市福島町７３９番地２２,027-368-0371,医療法人Ｅｔｏｉｌｅ　理事長　澤田　綾,澤田　綾,矯歯,,令4. 3. 1,shika
歯科,10,1030495,きらきら歯科,高崎市南町４番地４　南町貸事務所１階Ｄ・Ｅ区画,027-386-4938,医療法人社団立靖会　理事長　舘　信昭,石原　淳子,歯　歯外　小歯,,令4. 6. 1,shika
歯科,10,1030503,高経大前歯科クリニック,高崎市下小塙町１３５１－３,027-340-3900,医療法人ｃｏｌｏｒｓ　理事長　堀口　裕徳,堀口　裕徳,歯　小歯　矯歯　歯外,,令4. 6. 1,shika
歯科,10,1030511,きずなデンタルクリニック,高崎市下之城町２７２－１,027-395-4433,伊藤　洋,伊藤　洋,歯　小歯,,令4. 7. 1,shika
歯科,10,1030529,守谷歯科医院,高崎市新町２４４２－２,0274-42-2007,守谷　宏,守谷　宏,歯　小歯　歯外,,令4. 10. 1,shika
歯科,10,1030537,高崎かたおか歯科,高崎市片岡町２丁目１９番２３－２号,027-323-1888,山口　丈人,山口　丈人,歯　小歯　矯歯　歯外,,令5. 1. 1,shika
歯科,10,1030545,高崎ハルナモ歯科,高崎市箕郷町上芝５０１－１　Ｄ棟,027-393-6173,深澤　充,深澤　充,歯　小歯　矯歯　歯外,,令5. 4. 1,shika
歯科,10,1030552,ことり歯科クリニック,高崎市上小鳥町４０７－１１,027-381-8502,工藤　洋,工藤　洋,歯　小歯　矯歯　歯外,,令5. 4. 1,shika
歯科,10,1030578,さくらいろ矯正歯科クリニック,高崎市あら町２３３　ドルチェヴィータ高崎２階西,027-323-8087,大柳　俊仁,大柳　俊仁,矯歯　小歯,,令5. 5. 1,shika
歯科,10,1030586,いぶき歯科クリニック,高崎市柴崎町１２６０番地,027-353-6480,医療法人　風の佳穂　理事長　須藤　隆之,須藤　隆之,歯　歯外　小歯,,令5. 5. 1,shika
歯科,10,1030594,ステラこども歯科,高崎市中居町１丁目８番地３ベルデＡ号室,027-384-4717,守谷　恭子,守谷　恭子,歯　小歯,,令5. 6. 1,shika
歯科,10,1030602,あかりデンタルクリニック,高崎市中尾町６９８－１１１,027-388-9682,大島　志世加,大島　志世加,歯　小歯　歯外,,令5. 10. 1,shika
歯科,10,1030610,ながの歯科クリニック,高崎市南新波町１０７番地４,027-344-5000,医療法人雅会　理事長　石川　雅敏,石川　雅敏,歯　小歯　歯外,,令5. 9. 1,shika
歯科,10,1030628,高崎おとなこども歯科・矯正歯科　高崎オーパ院,高崎市八島町４６－１高崎オーパ８Ｆ,027-386-3918,医療法人社団絆尚会　理事長　林崎　雅樹,西澤　義樹,歯　矯歯　小歯　歯外,,令5. 11. 1,shika
歯科,10,1030636,たかさきＩＣ歯科医院,高崎市新保町１５７９－１,027-353-2222,磯貝　友通,磯貝　友通,歯　小歯　歯外,,令6. 4. 1,shika
歯科,10,1030644,倉賀野だるま歯科,高崎市倉賀野町３１００－５,027-386-5544,櫻井　康博,櫻井　康博,歯　小歯　矯歯　歯外,,令6. 11. 1,shika
歯科,10,1030651,さいとう訪問歯科医院,高崎市下小鳥町９０－１フィジオⅠ　１０１号,027-315-5509,齋藤　幸太,齋藤　幸太,歯　小歯　歯外,,令7. 4. 1,shika
歯科,10,1030669,医療法人染会　清水歯科医院,高崎市上小塙町１０６６番地１,027-344-1177,医療法人染会　理事長　清水　英寿,清水　英寿,歯,,令7. 5. 1,shika
歯科,10,1030677,篠原歯科医院,高崎市上中居町１８１番地５,027-326-8347,医療法人さくら　理事長　小菅　栄子,小菅　栄子,歯　小歯　矯歯　歯外,,令7. 9. 1,shika
歯科,10,1030685,ヤマモトデンタルクリニック,高崎市南大類町１００２－１,027-329-6735,医療法人山本整形外科医院　理事長　山本　哲生,山本　聖子,歯　歯外　小歯　矯歯,,令7. 10. 1,shika
歯科,10,1030693,高崎歯科,高崎市貝沢町１２８７－１,027-386-5519,新井　敏和,新井　敏和,歯　小歯　歯外　矯歯,,令7. 11. 1,shika
歯科,10,1030701,高崎駅前歯科,高崎市八島町１７番地３ＳＪ八島町ビル１階,027-326-0044,医療法人社団　歯龍会　理事長　飯島　茂,中村　昌栄,歯　小歯　歯外　矯歯,,令8. 1. 1,shika
歯科,10,1030719,しんがい歯科医院,高崎市筑縄町２０－５,027-386-6480,医療法人晃明会　理事長　新谷　武史,新谷　武史,歯　矯歯,,令8. 1. 1,shika
歯科,10,1030727,くによしデンタルクリニック,高崎市下豊岡町１４８９－１,027-328-1118,國吉　寛仁,國吉　寛仁,歯　歯外　小歯　矯歯,,令8. 5. 1,shika
歯科,10,1030735,高崎東デンタルクリニック,高崎市江木町２９８－１０,027-341-4596,渡邉　真央,渡邉　真央,歯　小歯　矯歯　歯外,,令8. 6. 1,shika
歯科,10,1030743,オーラルケア高崎デンタルクリニック,高崎市矢島町１,027-353-3322,医療法人あかぎ　理事長　西山　佳秀,富所　武宣,歯　歯外　小歯,,令8. 4. 1,shika
歯科,10,1500083,中田歯科医院,高崎市箕郷町矢原６,027-371-2202,中田　洋,中田　洋,歯　小歯,,昭32. 5. 1,shika
歯科,10,1500141,小野歯科医院,高崎市箕郷町西明屋８７番地,027-371-2051,小野　優,小野　優,歯　小歯　歯外,,平16. 1. 1,shika
歯科,10,1500323,本多歯科医院,高崎市塚田町２１５－１４,027-373-6612,本多　善孝,本多　善孝,歯　小歯　歯外,,平13. 3. 22,shika
歯科,10,1500331,飯野歯科医院,高崎市菅谷町７７－４,027-373-7352,飯野　均,飯野　均,歯,,昭59. 3. 15,shika
歯科,10,1500356,横山歯科医院,高崎市中泉町６３５－５,027-373-8383,横山　康之,横山　康之,歯,,昭60. 6. 1,shika
歯科,10,1500364,みさと歯科医院,高崎市箕郷町生原１９９８－１,027-371-2777,髙橋　明英,髙橋　明英,歯　小歯　歯外,,昭61. 4. 15,shika
歯科,10,1500372,群馬町歯科,高崎市金古町８６２－１,027-372-3741,小林　研司,小林　研司,歯　矯歯　小歯,,昭62. 3. 15,shika
歯科,10,1500398,しずか歯科医院,高崎市三ッ寺町１１７９－１,027-372-2081,靜　勝道,靜　勝道,歯　小歯,,昭62. 11. 15,shika
歯科,10,1500406,森山歯科医院,高崎市箕郷町西明屋１０９－１,027-371-7777,森山　元雄,森山　元雄,歯　小歯,,平5. 2. 1,shika
歯科,10,1500414,小池歯科医院,高崎市棟高町９５３－１,027-373-8681,小池　晶,小池　晶,歯,,平8. 4. 1,shika
歯科,10,1500448,田中歯科医院,高崎市箕郷町西明屋４２７－５,0273-71-8211,田中　伸夫,田中　伸夫,歯　矯歯　小歯　歯外,,平9. 7. 1,shika
歯科,10,1500455,かばさわ歯科クリニック,高崎市中里見町７６－４,027-374-6480,樺沢　二郎,樺沢　二郎,歯　小歯,,平9. 11. 1,shika
歯科,10,1500463,こいたばし歯科医院,高崎市中泉町６１７－５,027-372-8846,小板橋　正樹,小板橋　正樹,歯　小歯　歯外,,平10. 11. 1,shika
歯科,10,1500471,平林歯科クリニック,高崎市中泉町４７０－１３,027-372-8041,平林　英成,平林　英成,歯　小歯　歯外,,平11. 4. 1,shika
歯科,10,1500505,中村歯科医院,高崎市下室田町３６９０－２,027-374-6665,中村　雅慶,中村　雅慶,歯　小歯,,平13. 5. 1,shika
歯科,10,1500521,ひらた歯科クリニック,高崎市福島町１００７－１,027-372-4618,平田　浩之,平田　浩之,歯　矯歯　小歯　歯外,,平17. 8. 15,shika
歯科,10,1510074,福田歯科医院,高崎市箕郷町西明屋３８１,027-371-3911,医療法人　福田歯科医院　理事長　福田　勲,福田　勲,歯　矯歯　小歯,,平8. 7. 1,shika
歯科,10,1700063,深井歯科医院,高崎市新町２６３９,0274-42-0408,深井　尚武,深井　尚武,歯,,昭32. 5. 1,shika
歯科,10,1700311,設楽歯科医院,高崎市吉井町長根東通２０８６－１２,027-387-3590,設楽　昌博,設楽　昌博,歯,,昭57. 8. 15,shika
歯科,10,1700345,里村歯科クリニック,高崎市吉井町池１４８８－２,027-387-8114,里村　正幸,里村　正幸,歯　矯歯　小歯　歯外,,昭59. 6. 1,shika
歯科,10,1700352,横堀歯科クリニック,高崎市新町１５２４－１,0274-42-4182,横堀　守,横堀　守,歯　小歯　歯外,,昭60. 4. 1,shika
歯科,10,1700394,かねた歯科医院,高崎市吉井町下長根１４９－１,0273-87-8691,金田　泰之,金田　泰之,歯,,平3. 6. 1,shika
歯科,10,1700402,やまぐち歯科医院,高崎市吉井町小串９３－１,027-387-8841,山口　人巳,山口　人巳,歯　矯歯　小歯,,平6. 1. 15,shika
歯科,10,1700410,かのう歯科医院,高崎市吉井町石神２４－１,027-387-6475,狩野　裕之,狩野　裕之,歯　小歯,,平6. 3. 1,shika
歯科,10,1700428,関口歯科クリニック,高崎市新町１２３６－３,0274-43-0088,関口　卓郎,関口　卓郎,歯　矯歯　小歯,,平6. 7. 1,shika
歯科,10,1700444,はらさわ歯科医院,高崎市新町５２１,0274-43-1814,原沢　弘幸,原沢　弘幸,歯　小歯,,平8. 11. 15,shika
歯科,10,1710104,あらい歯科,高崎市吉井町長根１４５７番地７,027-386-0055,医療法人彩和会　理事長　新井　崇友,新井　崇友,歯　矯歯　小歯　歯外,,平17. 8. 1,shika
歯科,10,0400368,水沼歯科診療所,桐生市黒保根町水沼１６４－５,0277-96-2600,吉永　超然,吉永　超然,歯,,昭63. 6. 1,shika
歯科,10,0400459,すなが歯科クリニック,桐生市新里町新川４０４０－９,0277-30-6480,須永　亨,須永　亨,歯　小歯,,平12. 4. 15,shika
歯科,10,2400036,鎗田歯科医院,桐生市本町５－３５１,0277-22-4020,鎗田　文夫,鎗田　文夫,歯　矯歯　小歯,,昭32. 5. 1,shika
歯科,10,2400192,山崎歯科医院,桐生市永楽町１－３５,0277-22-4868,山崎　一順,山崎　一順,歯,,昭32. 5. 1,shika
歯科,10,2400226,北川歯科医院,桐生市巴町２－１８２１－６９,0277-45-2085,北川　隆,北川　隆,歯,,平20. 7. 1,shika
歯科,10,2400234,塩崎歯科医院,桐生市宮前町１－３－２１,0277-22-4574,塩崎　泰雄,塩崎　泰雄,歯　矯歯　小歯,,昭32. 5. 1,shika
歯科,10,2400291,高島歯科医院,桐生市錦町２－１４－１４,0277-44-4812,高島　保徳,高島　保徳,歯,,昭32. 5. 1,shika
歯科,10,2400374,長澤歯科医院,桐生市本町４－甲－７３,0277-45-2446,長澤　宥,長澤　宥,歯,,昭32. 5. 1,shika
歯科,10,2400507,ミナミ歯科,桐生市新宿２－１－２４,0277-44-7602,鎗田　清明,鎗田　清明,歯,,平13. 8. 1,shika
歯科,10,2400531,矢嶋歯科医院,桐生市新宿１－１２－１０,0277-44-6496,矢嶋　統夫,矢嶋　統夫,歯,,昭37. 11. 15,shika
歯科,10,2400606,大島歯科医院,桐生市相生町２－２６０,0277-53-0330,大島　悠紀江,大島　悠紀江,歯,,昭45. 10. 15,shika
歯科,10,2400705,松本歯科医院,桐生市広沢町５－１４６５,0277-52-7008,松本　静夫,松本　静夫,歯,,昭53. 3. 1,shika
歯科,10,2400713,ア歯科藤田診療所,桐生市広沢町４－１９０８－３,0277-52-8288,藤田　進,藤田　進,歯　矯歯,,昭53. 5. 15,shika
歯科,10,2400754,加孝歯科クリニック,桐生市広沢町７－５３１０,0277-54-0865,加藤　孝一,加藤　孝一,歯,,昭56. 4. 15,shika
歯科,10,2400762,諏訪歯科医院,桐生市川内町２－２３６－１,0277-65-7788,諏訪　勝,諏訪　勝,歯,,昭56. 4. 15,shika
歯科,10,2400788,広沢歯科,桐生市広沢町２丁目３３９４番地,0277-52-8241,松井　賢一,松井　賢一,歯,,昭56. 7. 1,shika
歯科,10,2400804,こだち歯科,桐生市本町６－３９５,0277-47-5514,小太刀　武生,小太刀　武生,歯,,昭57. 2. 15,shika
歯科,10,2400820,木村歯科医院,桐生市川内町４－４０－５,0277-65-8218,木村　浩之,木村　浩之,歯,,昭58. 1. 15,shika
歯科,10,2400838,桐生歯科医院,桐生市錦町３－５－８,0277-43-4182,守田　裕啓,守田　裕啓,歯,,昭58. 8. 1,shika
歯科,10,2400861,斎藤歯科医院,桐生市境野町１－８３０－１,0277-43-7611,齋藤　晃一,齋藤　晃一,歯,,昭59. 4. 15,shika
歯科,10,2400887,百合歯科医院,桐生市仲町３－３－３,0277-44-8148,田沼　孝栄,田沼　孝栄,歯,,平8. 2. 1,shika
歯科,10,2400895,小島歯科クリニック,桐生市宮本町１－２－３５,0277-43-2600,小島　幹夫,小島　幹夫,歯　小歯,,昭60. 5. 15,shika
歯科,10,2400929,本町歯科医院,桐生市本町５－３６１,0277-22-2224,野尻　和弘,野尻　和弘,歯,,昭62. 1. 15,shika
歯科,10,2400937,島田歯科医院,桐生市巴町１－１１２１,0277-44-5538,島田　幹夫,島田　幹夫,歯,,昭62. 4. 1,shika
歯科,10,2400945,三丸歯科クリニック,桐生市相生町４－５９－８,0277-52-1511,三丸　潔,三丸　潔,歯,,昭63. 4. 15,shika
歯科,10,2400952,アクツ歯科医院,桐生市相生町２－５３５－４,0277-54-4182,阿久津　智,阿久津　智,歯,,昭63. 5. 15,shika
歯科,10,2400960,今泉歯科医院,桐生市広沢町間ノ島２９１－５,0277-54-9893,今泉　淳,今泉　淳,歯,,平2. 5. 1,shika
歯科,10,2400978,須藤歯科医院,桐生市東７－１－２１,0277-45-1840,須藤　充廣,須藤　充廣,歯　矯歯　小歯,,平2. 9. 1,shika
歯科,10,2400986,小林歯科医院,桐生市相生町２－８１４－４,0277-54-8585,小林　正,小林　正,歯,,平2. 10. 15,shika
歯科,10,2400994,野田歯科クリニック,桐生市広沢町４－２２８１－３,0277-54-8883,野田　正幸,野田　正幸,歯　矯歯　小歯,,平2. 12. 15,shika
歯科,10,2401000,モリシマ歯科医院,桐生市東４－３－１１,0277-44-3711,森島　愛一郎,森島　愛一郎,歯　矯歯,,平3. 1. 1,shika
歯科,10,2401018,内藤歯科医院,桐生市末広町４－６,0277-22-7110,内藤　宏之,内藤　宏之,歯,,平3. 2. 1,shika
歯科,10,2401026,あさひ歯科,桐生市旭町１８０－１,0277-44-0388,南雲　めぐみ,南雲　めぐみ,歯　小歯,,平3. 4. 1,shika
歯科,10,2401034,下山歯科医院,桐生市広沢町２－２９７２－５,0277-54-3948,下山　宗隆,下山　宗隆,歯　小歯,,平3. 7. 15,shika
歯科,10,2401042,須藤歯科医院,桐生市境野町７－１９０－８,0277-22-6430,須藤　壯太郎,須藤　壯太郎,歯　矯歯　小歯,,平4. 11. 1,shika
歯科,10,2401067,久保歯科医院,桐生市東５－６－２７,0277-44-0082,久保　恭一,久保　恭一,歯　小歯,,平6. 5. 15,shika
歯科,10,2401075,下山歯科クリニック,桐生市相生町３－６３３－２,0277-55-0118,下山　雅通,下山　雅通,歯,,平7. 4. 15,shika
歯科,10,2401109,山藤矯正歯科クリニック,桐生市巴町２丁目７－７,0277-30-3110,山藤　雅良,山藤　雅良,矯歯,,平11. 5. 1,shika
歯科,10,2401117,ほしの歯科,桐生市境野町２－１４６３－１９,0277-30-3221,星野　浩之,星野　浩之,歯　小歯,,平11. 11. 15,shika
歯科,10,2401133,じゅん歯科医院,桐生市菱町２－１８５４－５,0277-22-8818,大澤　遵,大澤　遵,歯,,平13. 9. 15,shika
歯科,10,2401141,大塚歯科クリニック,桐生市天神町３－５－８,0277-47-3990,大塚　眞太郎,大塚　眞太郎,歯　矯歯　小歯,,平14. 5. 15,shika
歯科,10,2401158,かねこ歯科医院,桐生市境野町２－７１７,0277-44-8249,金子　浩之,金子　浩之,歯　矯歯　小歯　歯外,,平14. 6. 1,shika
歯科,10,2401174,さくらぎ歯科医院,桐生市相生町１－２２８,0277-55-5815,下山　將文,下山　將文,歯　小歯　歯外,,平15. 11. 1,shika
歯科,10,2401208,金子歯科医院,桐生市相生町５丁目６６８番地の２,0277-54-3344,金子　孝和,金子　孝和,歯　矯歯　小歯　歯外,,平16. 12. 15,shika
歯科,10,2401216,永田歯科医院,桐生市小曽根町１０－２１,0277-22-7227,永田　雅紀,永田　雅紀,歯,,平17. 5. 1,shika
歯科,10,2401224,坂爪歯科医院,桐生市広沢町３－４０７０－１,0277-53-2540,坂爪　慎太郎,坂爪　慎太郎,歯　矯歯　小歯　歯外,,平17. 10. 1,shika
歯科,10,2401232,小林歯科クリニック,桐生市本町６丁目１－１,0277-44-5333,小林　司,小林　司,歯,,平18. 8. 1,shika
歯科,10,2401240,飯野歯科クリニック,桐生市新里町山上字天笠東５７４－６,0277-74-5566,飯野　裕文,飯野　裕文,歯　矯歯　小歯,,平19. 1. 15,shika
歯科,10,2401257,ますやま歯科医院,桐生市仲町１丁目７－１２,0277-44-5300,増山　剛義,増山　剛義,歯,,平19. 7. 15,shika
歯科,10,2401281,さかい歯科クリニック,桐生市広沢町２丁目３１１４－８,0277-52-6480,酒井　辰弥,酒井　辰弥,歯　小歯　歯外,,平24. 4. 1,shika
歯科,10,2401299,髙木歯科医院,桐生市清瀬町２－１８,0277-47-1682,髙木　正道,髙木　正道,歯　小歯,,平24. 4. 1,shika
歯科,10,2410076,桐生市歯科医師会　休日緊急歯科診療所,桐生市堤町３－３－２,0277-45-1397,一般社団法人　桐生市歯科医師会　会長　星野　浩之,星野　浩之,歯,,昭63. 4. 1,shika
歯科,10,2410084,鳥羽歯科医院,桐生市相生町２－６２４,0277-52-5683,医療法人　修洋会　理事長　阿部　洋平,阿部　洋平,歯,,平元. 11. 1,shika
歯科,10,2410100,須永歯科医院,桐生市永楽町６－２１,0277-22-8410,医療法人　須永歯科医院　理事長　須永　實,須永　實,歯　矯歯　小歯,,平2. 3. 1,shika
歯科,10,2410142,相生なかじま歯科医院,桐生市相生町２丁目３１９番地１,0277-55-4677,医療法人相生なかじま歯科医院　理事長　中島　正光,中島　正光,歯,,平20. 8. 1,shika
歯科,10,2430009,わたなべ歯科クリニック,桐生市相生町５－５８９－３,0277-52-9955,医療法人わたなべ歯科クリニック　理事長　渡邊　潤,渡邊　潤,歯　小歯　矯歯　歯外,,平27. 1. 1,shika
歯科,10,2430017,小林歯科医院,桐生市堤町２－１－１３,0277-22-6255,小林　哲也,小林　哲也,歯　小歯　矯歯　歯外,,平27. 1. 1,shika
歯科,10,2430025,出井歯科医院,桐生市永楽町７－３６,0277-22-5222,田中　紀子,田中　紀子,歯,,平28. 2. 28,shika
歯科,10,2430033,スマイル歯科矯正歯科,桐生市相生町１丁目１９９－１,0277-54-2525,須永　匠,須永　匠,歯　矯歯　歯外　小歯,,平28. 9. 1,shika
歯科,10,2430041,森下歯科クリニック,桐生市錦町１丁目９－２７,0277-47-0155,森下　仁史,森下　仁史,歯,,平29. 5. 1,shika
歯科,10,2430058,中島歯科医院,桐生市琴平町１１番１１号,0277-22-0008,医療法人明和会　理事長　中島　和敏,中島　明敏,歯　矯歯　小歯　歯外,,平30. 4. 18,shika
歯科,10,2430066,須田歯科医院,桐生市相生町１丁目４６１－１,0277-52-6536,須田　誠,須田　誠,歯,,平31. 3. 14,shika
歯科,10,2430082,田島歯科,桐生市東四丁目５－１８,0277-45-1313,田島　稔也,田島　稔也,歯,,令元. 11. 1,shika
歯科,10,2430108,松本歯科医院,桐生市琴平町３番９号,0277-44-3065,松本　晴幸,松本　晴幸,歯,,令3. 7. 9,shika
歯科,10,2430124,たかぎ歯科医院,桐生市新里町山上字天笠南５００番地１,0277-74-4618,医療法人青樹会　理事長　髙木　茂樹,髙木　茂樹,歯　小歯　矯歯　歯外,,令4. 8. 1,shika
歯科,10,2430132,あきこ歯科医院,桐生市新里町新川５８４番地７,0277-20-2220,医療法人昌明会　理事長　田澤　明子,田澤　明子,歯　小歯　歯外　矯歯,,令5. 1. 1,shika
歯科,10,2430140,ＭＭ歯科・矯正歯科,桐生市広沢町４丁目１９７０番地の１９７,0277-47-6701,医療法人社団　クローブ　理事長　真下　貴之,真下　貴之,歯　歯外　矯歯　小歯,,令5. 4. 1,shika
歯科,10,2430157,とおる歯科医院,桐生市川内町三丁目３３１番地９,027-765-7115,医療法人歯友会　理事長　小林　亨,小林　亨,歯,,令5. 11. 1,shika
歯科,10,2430165,相三歯科医院,桐生市相生町３丁目５０９－２,0277-54-6480,井本　研一,井本　研一,歯,,令6. 1. 1,shika
歯科,10,2430173,はとり歯科,桐生市相生町５－４５９－５,0277-54-5588,羽鳥　友子,羽鳥　友子,歯　歯外　小歯　矯歯,,令6. 2. 13,shika
歯科,10,2430199,井本歯科医院,桐生市相生町２丁目７３６番地７,0277-52-5664,渡邊　美砂子,渡邊　美砂子,歯　小歯,,令7. 2. 1,shika
歯科,10,0200065,須田歯科医院,伊勢崎市三光町１－７,0270-25-5866,須田　豊美,須田　豊美,歯,,昭32. 5. 1,shika
歯科,10,0200123,小杉歯科医院,伊勢崎市三光町１０－１０,0270-25-0854,小杉　雄一,小杉　雄一,歯　矯歯　小歯,,昭32. 5. 1,shika
歯科,10,0200180,栗原歯科医院,伊勢崎市大手町２２－１０８,0270-25-1878,栗原　英之,栗原　英之,歯,,昭32. 5. 1,shika
歯科,10,0200230,神戸歯科医院,伊勢崎市本町８－２０,0270-25-0806,神戸　千惠,神戸　千惠,歯　小歯,,平9. 8. 21,shika
歯科,10,0200263,大澤歯科医院,伊勢崎市山王町５８－１０,0270-24-7022,大澤　隆,大澤　隆,歯　矯歯　小歯　歯外,,昭53. 10. 15,shika
歯科,10,0200297,多賀谷歯科医院,伊勢崎市連取本町１５３－６,0270-25-1204,多賀谷　泰子,多賀谷　泰子,歯　矯歯　小歯　歯外,,平9. 12. 1,shika
歯科,10,0200313,髙見歯科医院,伊勢崎市東本町１０６－１９,0270-25-1594,髙見　博元,髙見　博元,歯,,昭54. 6. 15,shika
歯科,10,0200370,奥山歯科医院,伊勢崎市波志江町２０７６－９,0270-23-2290,奥山　文雄,奥山　文雄,歯　矯歯　小歯　歯外,,昭58. 8. 1,shika
歯科,10,0200404,小川歯科クリニック,伊勢崎市上諏訪町１２５２－１３,0270-24-8251,小川　清一,小川　清一,歯　小歯,,昭59. 10. 15,shika
歯科,10,0200412,鈴木歯科医院,伊勢崎市茂呂町二丁目３５０９－１３,0270-25-3288,鈴木　敏正,鈴木　敏正,歯　小歯,,平16. 3. 25,shika
歯科,10,0200420,千葉歯科診療所,伊勢崎市下植木町３２,0270-23-5551,渋沢　博子,渋沢　博子,歯,,昭60. 5. 15,shika
歯科,10,0200438,豊受歯科クリニック,伊勢崎市下道寺町１－１,0270-32-8118,平田　守宏,平田　守宏,歯　矯歯　小歯,,昭60. 9. 1,shika
歯科,10,0200487,連取歯科クリニック,伊勢崎市連取町１６９１,0270-25-0051,中島　淳,中島　淳,歯　小歯,,平元. 4. 1,shika
歯科,10,0200495,あらい歯科医院,伊勢崎市上植木本町２６７５,0270-26-2341,新井　秀明,新井　秀明,歯,,平元. 6. 15,shika
歯科,10,0200503,岡部歯科医院,伊勢崎市鹿島町４８３－１,0270-21-5550,岡部　敏行,岡部　敏行,歯,,平2. 6. 15,shika
歯科,10,0200511,飯島歯科医院,伊勢崎市上泉町２５０,0270-25-1246,飯島　啓一郎,飯島　啓一郎,歯,,平15. 11. 28,shika
歯科,10,0200529,藤歯科,伊勢崎市ひろせ町４０９４－１０,0270-23-5550,藤生　貴子,藤生　貴子,歯,,平3. 11. 15,shika
歯科,10,0200537,矢島歯科クリニック,伊勢崎市本関町１１７８－５,0270-21-8411,矢島　訓好,矢島　訓好,歯,,平4. 4. 1,shika
歯科,10,0200545,おじま歯科医院,伊勢崎市今泉町２－９４１－３２,0270-21-8211,尾嶋　徹,尾嶋　徹,歯　矯歯　小歯,,平4. 11. 15,shika
歯科,10,0200552,八斗島　共栄歯科医院,伊勢崎市八斗島町１５８８－１２,0270-31-0535,瀨山　哲也,瀨山　哲也,歯,,平6. 8. 15,shika
歯科,10,0200560,みやこ歯科,伊勢崎市宮子町３６０１－６,0270-26-5100,高橋　邦夫,高橋　邦夫,歯　小歯,,平7. 6. 1,shika
歯科,10,0200578,植田歯科,伊勢崎市中央町１０－１９,0270-23-3435,植田　晋矢,植田　晋矢,歯　矯歯　小歯　歯外,,平7. 8. 1,shika
歯科,10,0200586,中島歯科クリニック,伊勢崎市富塚町２２６－２,0270-32-6005,中島　努,中島　努,歯　小歯,,平7. 8. 15,shika
歯科,10,0200594,さくら歯科クリニック,伊勢崎市下植木町５２４－１,0270-26-8200,櫻井　亨,櫻井　亨,歯　矯歯　小歯,,平7. 9. 15,shika
歯科,10,0200636,うぶかわ歯科医院,伊勢崎市連取町３０００－５,0270-26-8118,鵜生川　誠,鵜生川　誠,歯　矯歯　小歯　歯外,,平9. 4. 1,shika
歯科,10,0200651,亀山歯科医院,伊勢崎市今泉町１－１２１４－３,0270-21-3418,亀山　正,亀山　正,歯　矯歯　小歯　歯外,,平12. 1. 15,shika
歯科,10,0200677,かねこ歯科医院,伊勢崎市南千木町５２０２－３西友楽市　伊勢崎茂呂店内,0270-22-0120,金子　裕光,金子　裕光,歯　矯歯　小歯,,平13. 3. 1,shika
歯科,10,0200693,スマイル歯科クリニック,伊勢崎市馬見塚町１１５９－１,0270-31-2418,星野　安良,星野　安良,歯　矯歯　小歯,,平13. 9. 15,shika
歯科,10,0200701,ひまわり歯科医院,伊勢崎市宮子町３５６３－１３,0270-24-3060,黒原　健太郎,黒原　健太郎,歯　矯歯　小歯　歯外,,平14. 8. 15,shika
歯科,10,0200735,飯野歯科クリニック,伊勢崎市今泉町１丁目２４番地３,0270-24-2182,飯野　亮介,飯野　亮介,歯　小歯,,平16. 6. 15,shika
歯科,10,0200776,あきデンタルクリニック,伊勢崎市安堀町２３３－１,0270-25-0330,植田　晃久,植田　晃久,歯　矯歯　小歯　歯外,,平19. 8. 15,shika
歯科,10,0200792,小此木歯科医院,伊勢崎市境７７５,0270-74-0376,小此木　富美子,小此木　富美子,歯　小歯,,平22. 4. 13,shika
歯科,10,0200818,はぴねすデンタルクリニック,伊勢崎市市場町１－１５４２,0270-62-8928,渡邊　一裕,渡邊　一裕,歯　矯歯　小歯　歯外,,平23. 7. 1,shika
歯科,10,0200842,森村デンタルクリニック,伊勢崎市堀口町３７番地１,0270-61-5495,森村　征史,森村　征史,歯　矯歯　小歯　歯外,,平24. 11. 1,shika
歯科,10,0200859,ちぎら歯科,伊勢崎市南千木町５２１１－８,0270-61-6364,千吉良　哲也,千吉良　哲也,歯　小歯　歯外,,平25. 4. 1,shika
歯科,10,0200867,たじま歯科クリニック,伊勢崎市連取町３０８１－１,0270-22-2013,田島　卓,田島　卓,歯　矯歯　小歯,,平25. 5. 1,shika
歯科,10,0210056,一般社団法人伊勢崎歯科医師会　休日歯科診療所,伊勢崎市上泉町１５１,0270-23-2772,一般社団法人　伊勢崎歯科医師会　会長　岡部　敏行,岡部　敏行,歯,,昭57. 4. 1,shika
歯科,10,0210098,吉田歯科医院,伊勢崎市ひろせ町４０９１－１２,0270-25-4182,医療法人　吉田歯科医院　理事長　吉田　雅昭,吉田　雅昭,歯　矯歯　小歯,,平元. 7. 1,shika
歯科,10,0210106,医療法人　燦歯会　田部井歯科医院,伊勢崎市大手町２６－１,0270-25-0341,医療法人　燦歯会　理事長　御任　克彦,御任　克彦,歯,,平7. 8. 1,shika
歯科,10,0210130,いしかわ歯科医院,伊勢崎市堀口町９０４番地２,0270-50-5200,医療法人社団みやび会　理事長　石川　雅一,石川　雅一,歯　小歯　歯外,,平17. 8. 1,shika
歯科,10,0210148,山脇歯科医院,伊勢崎市連取町１６９５番地２５,0270-21-3131,医療法人社団山脇会　理事長　山脇　弘稔,山脇　弘稔,歯　矯歯　小歯　歯外,,平18. 12. 1,shika
歯科,10,0210155,かず歯科診療所,伊勢崎市国定町二丁目２００２番地３,0270-62-8196,医療法人寿和会かず歯科診療所　理事長　大山　和寿,大山　和寿,歯,,平18. 12. 1,shika
歯科,10,0210163,やまデンタルクリニック,伊勢崎市東町２７０１番４,0270-40-0505,医療法人社団山脇会　理事長　山脇　弘稔,猪股　公介,歯　矯歯　小歯　歯外,,平19. 1. 15,shika
歯科,10,0210189,医療法人社団優志会　ヒロデンタルクリニック,伊勢崎市宮子町３５５６番地１ハイパーモールメルクス伊勢崎１階,0270-30-4184,医療法人社団優志会　理事長　本田　浩章,本田　浩章,歯　矯歯　小歯　歯外,,平20. 6. 1,shika
歯科,10,0210197,さいとう歯科・矯正歯科医院,伊勢崎市田部井町一丁目９４５－１,0270-62-0015,医療法人温歯会　理事長　齋藤　琢也,齋藤　琢也,歯　矯歯　小歯,,平21. 1. 1,shika
歯科,10,0210205,本多まこと歯科,伊勢崎市東上之宮町３４０番地１,0270-61-6480,医療法人東上会　理事長　本多　隆一,本多　誠,歯　矯歯　小歯　歯外,,平21. 9. 1,shika
歯科,10,0210221,もぎ歯科医院,伊勢崎市連取町３２８５番地２,0270-20-6480,医療法人社団もぎ歯科医院　理事長　茂木　尋之,茂木　尋之,歯　矯歯　小歯,,平23. 1. 1,shika
歯科,10,0210247,すずき歯科医院,伊勢崎市境下渕名１１５８,0270-70-6480,医療法人弘誠会　理事長　鈴木　君弘,鈴木　君弘,歯　矯歯　小歯　歯外,,平25. 5. 1,shika
歯科,10,0230013,香村デンタルクリニック,伊勢崎市大正寺町２４０,0270-32-0150,香村　立也,香村　立也,歯　矯歯　小歯,,平25. 10. 1,shika
歯科,10,0230021,なかそね歯科,伊勢崎市下触町８７８－１７,0270-27-8383,中曽根　良樹,中曽根　良樹,歯　小歯　歯外,,平25. 11. 1,shika
歯科,10,0230039,医療法人社団康寧会　立川歯科医院伊勢崎診療所,伊勢崎市富塚町２９３－３パレス本丸１０４,0270-32-2200,医療法人社団康寧会　理事長　本多　博一,本多　博一,歯　小歯　歯外,,平25. 11. 1,shika
歯科,10,0230047,おおみか歯科医院,伊勢崎市太田町１１４４番地６,0270-21-8849,医療法人大成会　理事長　大美賀　清光,大美賀　清光,歯　小歯,,平25. 12. 1,shika
歯科,10,0230062,ブルーパールデンタルクリニック,伊勢崎市東小保方町３８５８番地１,0270-61-8998,医療法人海青会　理事長　貝塚　淳多,猪股　美菜,歯　小歯　歯外,,平26. 2. 1,shika
歯科,10,0230088,瀬下歯科医院,伊勢崎市茂呂町１－３３３－４,0270-23-1818,瀬下　卓哉,瀬下　卓哉,歯,,平26. 4. 1,shika
歯科,10,0230112,神戸歯科医院,伊勢崎市羽黒町１５－１,0270-32-3913,神戸　真悟,神戸　真悟,歯,,平27. 1. 1,shika
歯科,10,0230153,阪東歯科クリニック,伊勢崎市堀口町８７１番地３,0270-32-1182,医療法人社団松本会　理事長　松本　光史,松本　光史,歯　矯歯　小歯,,平28. 1. 1,shika
歯科,10,0230161,スコーネデンタルオフィス,伊勢崎市西久保町一丁目３８３番地１,0270-75-6700,医療法人蒼岳会　理事長　須佐　岳人,須佐　岳人,歯　小歯　矯歯　歯外,,平28. 1. 1,shika
歯科,10,0230195,須田歯科医院,伊勢崎市曲輪町１６－６,0270-25-1155,須田　智,須田　智,歯　歯外,,平29. 3. 1,shika
歯科,10,0230203,佐藤歯科クリニック,伊勢崎市八幡町３２－１,0270-75-6762,佐藤　浩之,佐藤　浩之,歯　小歯　歯外,,平29. 5. 1,shika
歯科,10,0230229,みずしま歯科クリニック,伊勢崎市宮子町３４６３－１２,0270-21-1421,医療法人傑信会　理事長　水島　豊,水島　豊,歯　小歯　矯歯,,平29. 7. 1,shika
歯科,10,0230237,いせさき駅前歯科,伊勢崎市曲輪町８番１号,0270-22-4618,医療法人Ｎｏｂｌｅ　ｏｎｅ　理事長　高坂　一貴,高坂　一貴,歯　小歯　歯外　矯歯,,平30. 1. 1,shika
歯科,10,0230245,伊勢崎クリア矯正歯科,伊勢崎市宮子町３１３９,0270-30-4618,医療法人社団群馬クリア会　理事長　石浜　伸,梅澤　峻之,矯歯,,平30. 2. 1,shika
歯科,10,0230252,佐々井歯科口腔外科医院,伊勢崎市連取町３３２５－３　　Ｂ号室,0270-75-6366,佐々井　敬祐,佐々井　敬祐,歯外,,平30. 4. 1,shika
歯科,10,0230260,いせさき西部モール歯科,伊勢崎市宮子町３４２３番地１５,0270-75-4633,医療法人恵優会　理事長　八木　大輔,池上　昂秀,歯　小歯　矯歯　歯外,,平30. 5. 1,shika
歯科,10,0230278,しおた歯科医院,伊勢崎市除ケ町３３４番地６,0270-31-2218,医療法人社団幸綾会　理事長　塩田　幸也,塩田　幸一朗,歯　小歯　矯歯,,平30. 5. 8,shika
歯科,10,0230294,井田歯科医院,伊勢崎市田中島町１４９６番地５,0270-23-6118,医療法人有知会　理事長　佐々木　知史,佐々木　知史,歯　小歯　矯歯　歯外,,平31. 1. 1,shika
歯科,10,0230310,こまつデンタルクリニック,伊勢崎市乾町１１９番地,0270-75-4145,医療法人清岡会　理事長　小松　寿明,小松　寿明,歯　小歯　歯外　矯歯,,令元. 6. 1,shika
歯科,10,0230328,伊勢崎歯科タカミ,伊勢崎市東本町１０４－１８,0270-61-6612,髙見　修暢,髙見　修暢,歯　歯外　小歯　矯歯,,令元. 9. 1,shika
歯科,10,0230336,医療法人三規会　イズミ歯科医院,伊勢崎市香林町１丁目３５番地１５,0270-63-5353,医療法人三規会　理事長　伊藤　勇二,近野　貴博,歯　小歯　歯外,,令2. 1. 1,shika
歯科,10,0230344,したら歯科矯正歯科医院,伊勢崎市韮塚町１２１２番地１,0270-20-1881,医療法人したら歯科医院　理事長　設樂　康,設樂　康,歯　小歯　矯歯,,令2. 4. 1,shika
歯科,10,0230351,医療法人嵩志会　新伊勢崎ＣＯＣＯ歯科医院,伊勢崎市下植木町６０１番地２,0270-75-1867,医療法人嵩志会　理事長　石井　洋幸,野口　直人,歯　小歯　歯外,,令2. 5. 1,shika
歯科,10,0230369,伊勢崎おとなこども歯科・矯正歯科,伊勢崎市西小保方町３６８　スマーク伊勢崎２Ｆ,0270-61-8242,医療法人社団絆尚会　理事長　林崎　雅樹,菅原　敦信,歯　矯歯　小歯　歯外,,令2. 7. 1,shika
歯科,10,0230377,医療法人厚福会　福島歯科医院,伊勢崎市豊城町２２７２－１,0270-23-8234,医療法人厚福会福島歯科医院　理事長　福島　三喜夫,福島　三喜夫,歯　小歯　歯外　矯歯,,令3. 5. 1,shika
歯科,10,0230385,くるみ歯科,伊勢崎市境栄７４１番地,0270-50-0841,木　洋藏,木　洋藏,歯　小歯　矯歯,,令3. 6. 1,shika
歯科,10,0230393,あかぼり楓歯科クリニック,伊勢崎市市場町２－３６２－２,0270-61-7185,下山　彬,下山　彬,歯　歯外　矯歯　小歯,,令4. 6. 1,shika
歯科,10,0230401,松本歯科医院,伊勢崎市三光町９－４,0270-25-0950,松本　怜,松本　怜,歯　歯外,,令4. 7. 28,shika
歯科,10,0230419,かねもと矯正歯科,伊勢崎市鹿島町５４７－１,0270-75-2240,金本　芳大,金本　芳大,矯歯　歯,,令4. 11. 1,shika
歯科,10,0230427,くにみね歯科,伊勢崎市茂呂町２丁目２１６６－７,0270-75-4181,國峯　林太郎,國峯　林太郎,歯　歯外　小歯,,令6. 5. 1,shika
歯科,10,0230435,荒木田歯科医院,伊勢崎市中央町４番４号,0270-25-2373,医療法人社団　荒木田歯科医院　理事長　荒木田　俊夫,荒木田　俊夫,歯　歯外　小歯,,令6. 11. 1,shika
歯科,10,0230443,くつまデンタルクリニック,伊勢崎市連取町３０１６番地３,0270-27-5577,久津間　亮平,久津間　亮平,歯　小歯　歯外　矯歯,,令7. 5. 1,shika
歯科,10,0230450,医療法人あかぎ　伊勢崎デンタルクリニック,伊勢崎市八幡町６９－１十全街ⅡＤ号棟Ｅ号棟,0270-23-8361,医療法人あかぎ　理事長　西山　佳秀,岩科　雅範,歯　小歯　歯外,,令7. 3. 1,shika
歯科,10,0230468,医療法人ＭＹＳ　北千木歯科,伊勢崎市北千木町９３１番地１,0270-22-1182,医療法人ＭＹＳ　理事長　大美賀　雅俊,大美賀　雅俊,歯　小歯　歯外　矯歯,,令7. 4. 1,shika
歯科,10,0230476,和田歯科医院,伊勢崎市鹿島町４１８－２,0270-24-8100,和田　エリカ,和田　エリカ,歯　小歯　矯歯,,令8. 2. 1,shika
歯科,10,0600165,新木歯科医院,伊勢崎市境下武士２５７０,0270-74-2205,新木　貞雄,新木　貞雄,歯　小歯　歯外,,昭58. 5. 1,shika
歯科,10,0600173,中島歯科医院,伊勢崎市西久保町１丁目４９－５,0270-63-0831,中島　真,中島　真,歯　矯歯　小歯,,昭59. 2. 1,shika
歯科,10,0600181,飯島歯科医院,伊勢崎市境３１２－１１,0270-74-6480,飯島　正也,飯島　正也,歯　小歯,,昭59. 4. 15,shika
歯科,10,0600215,金井歯科医院,伊勢崎市境西今井１－６,0270-76-4182,金井　伸一,金井　伸一,歯　矯歯　小歯,,昭62. 1. 1,shika
歯科,10,0600223,さかえ歯科医院,伊勢崎市三室町４４６９－３,0270-63-0480,井田　純司,井田　純司,歯　矯歯　小歯,,昭63. 7. 1,shika
歯科,10,0600231,下山歯科医院,伊勢崎市市場町二丁目４５６番地５,0270-63-1960,下山　晴樹,下山　晴樹,歯　小歯　歯外　矯歯,,平元. 4. 1,shika
歯科,10,0600256,うねめ歯科医院,伊勢崎市境伊与久１１５９,0270-76-2114,権田　文彦,権田　文彦,歯　矯歯　小歯　歯外,,平2. 6. 15,shika
歯科,10,0600355,新井歯科医院,伊勢崎市境保泉１２５０－１,0270-76-6100,新井　慎一,新井　慎一,歯　矯歯　小歯,,平7. 11. 15,shika
歯科,10,0600371,新井歯科クリニック,伊勢崎市境女塚２３７－１,0270-74-1184,新井　雅志,新井　雅志,歯　矯歯　小歯,,平9. 3. 15,shika
歯科,10,0600397,鈴木歯科医院,伊勢崎市田部井町２丁目４５７番地,0270-20-2290,鈴木　浩太,鈴木　浩太,歯　小歯,,平10. 5. 15,shika
歯科,10,0610065,二階堂歯科,伊勢崎市西小保方町３４７－１１,0270-63-2882,医療法人　二階堂歯科　理事長　二階堂　泰久,二階堂　泰久,歯　小歯,,平9. 5. 1,shika
歯科,10,0610073,あさひ歯科医院,伊勢崎市境上渕名１３５９－１０７,0270-76-5800,医療法人あさひ歯科医院　理事長　朝日　利治,朝日　利治,歯,,平16. 8. 1,shika
歯科,10,2500025,あまぬま歯科クリニック,太田市南矢島町６７３－１３,0276-60-0194,天沼　稔,天沼　稔,歯　小歯,,平14. 3. 1,shika
歯科,10,2500058,橋本歯科医院,太田市本町３６－１４,0276-22-2497,橋本　哲朗,橋本　哲朗,歯,,昭32. 5. 1,shika
歯科,10,2500116,備前島歯科医院,太田市高林東町１７８９,0276-38-0428,備前島　俊行,備前島　俊行,歯,,昭32. 5. 1,shika
歯科,10,2500124,尾内歯科医院,太田市石橋町８３５,0276-37-0914,尾内　正芳,尾内　正芳,歯,,平18. 3. 15,shika
歯科,10,2500199,さいとう歯科医院,太田市浜町１２－９,0276-45-3266,齊藤　ちひろ,齊藤　ちひろ,歯　小歯　歯外,,平13. 10. 17,shika
歯科,10,2500207,亀井歯科医院,太田市西本町６１－６,0276-32-2008,亀井　孝人,亀井　孝人,歯,,平9. 10. 13,shika
歯科,10,2500215,青木歯科医院,太田市丸山町２０５,0276-37-1035,青木　勝明,青木　勝明,歯,,昭32. 5. 1,shika
歯科,10,2500223,屋代歯科,太田市高林西町３８２－２６,0276-38-0513,屋代　馨,屋代　馨,歯,,昭41. 4. 15,shika
歯科,10,2500256,須藤歯科クリニック,太田市石原町９９４－４,0276-46-3527,須藤　謙,須藤　謙,歯,,昭48. 10. 1,shika
歯科,10,2500272,一般社団法人　太田新田歯科医師会　休日歯科診療所,太田市新井町５１６－１８,0276-45-7320,一般社団法人　太田新田歯科医師会　会長　小野　好一,小野　好一,歯,,昭49. 10. 1,shika
歯科,10,2500322,久保田歯科医院,太田市浜町３１－３,0276-45-5739,久保田　文彦,久保田　文彦,歯　矯歯,,昭54. 12. 15,shika
歯科,10,2500405,四分一歯科クリニック,太田市由良町１００７,0276-31-9595,四分一　泉,四分一　泉,歯　小歯,,昭57. 11. 25,shika
歯科,10,2500447,大美賀歯科医院,太田市上小林町２３５－１,0276-25-8148,大美賀　優,大美賀　優,歯,,昭59. 8. 15,shika
歯科,10,2500470,樋口歯科医院,太田市飯田町１０７３,0276-46-9960,樋口　一夫,樋口　一夫,歯,,昭60. 4. 1,shika
歯科,10,2500488,橋本歯科クリニック,太田市本町２０－１０,0276-25-8884,橋本　隆宏,橋本　隆宏,歯　小歯,,昭60. 7. 1,shika
歯科,10,2500496,くぼた歯科・矯正歯科,太田市西新町９９－７,0276-31-0611,久保田　誠一,久保田　誠一,歯　矯歯,,昭61. 1. 1,shika
歯科,10,2500520,伊丹歯科医院,太田市細谷町１１７７,0276-32-2777,伊丹　正幸,伊丹　正幸,歯,,昭62. 5. 1,shika
歯科,10,2500538,小野歯科医院,太田市高林西町８７５－１,0276-38-5352,小野　好一,小野　好一,歯,,昭62. 5. 1,shika
歯科,10,2500561,ツイヒジ歯科医院,太田市東矢島町１０３８－８,0276-46-8849,対比地　悟,対比地　悟,歯　矯歯　小歯,,昭62. 10. 15,shika
歯科,10,2500603,永倉歯科医院,太田市新井町２２２－４,0276-48-8722,永倉　学,永倉　学,歯　小歯,,平9. 11. 13,shika
歯科,10,2500629,うめざわ歯科クリニック,太田市植木野町１３６－４,0276-22-1770,梅澤　義一,梅澤　義一,歯,,平3. 7. 1,shika
歯科,10,2500645,阿部歯科医院,太田市只上町３２２－１,0276-37-6481,阿部　哲男,阿部　哲男,歯,,平4. 5. 1,shika
歯科,10,2500678,ゴスペル歯科クリニック,太田市内ケ島町１４３５,0276-49-1182,橋本　恵子,橋本　恵子,歯,,平4. 11. 1,shika
歯科,10,2500710,関根歯科医院,太田市東本町３０－８,0276-22-2317,屋代　哲,屋代　哲,歯,,平8. 9. 1,shika
歯科,10,2500736,きむら歯科医院,太田市新島町３４９－１４,0276-49-4924,木村　博昭,木村　博昭,歯,,平7. 7. 1,shika
歯科,10,2500751,たちかわ歯科医院,太田市龍舞町５５６９,0276-40-1515,太刀川　寿也,太刀川　寿也,歯　小歯,,平7. 9. 15,shika
歯科,10,2500793,竹部歯科医院,太田市新野町１２６４－２,0276-32-4182,竹部　幹浩,竹部　幹浩,歯　小歯　歯外,,平9. 4. 1,shika
歯科,10,2500801,やまもと歯科医院,太田市由良町２３３３－４,0276-32-3285,山本　勝美,山本　勝美,歯　小歯,,平9. 8. 1,shika
歯科,10,2500819,大木歯科クリニック,太田市鳥山下町６０６－４,0276-22-6480,大木　晴伸,大木　晴伸,歯　小歯　歯外,,平10. 3. 15,shika
歯科,10,2500827,堀越歯科医院,太田市福沢町９５－９,0276-38-6307,堀越　宏明,堀越　宏明,歯　小歯,,平11. 2. 1,shika
歯科,10,2500868,とねき矯正歯科医院,太田市矢場町３００１－３４,0276-45-2111,渡木　澄子,渡木　澄子,矯歯,,平13. 2. 1,shika
歯科,10,2500876,藤平歯科医院,太田市飯塚町７０２－２０,0276-49-3601,藤平　哲,藤平　哲,歯　矯歯　小歯,,平13. 2. 15,shika
歯科,10,2500884,えんどう歯科,太田市飯田町９５８,0276-48-8214,遠藤　毅,遠藤　毅,歯　小歯　歯外,,平14. 1. 1,shika
歯科,10,2500918,おおや歯科医院,太田市安良岡町３６０－１,0276-22-3335,大谷　修一,大谷　修一,歯　矯歯　小歯　歯外,,平15. 3. 1,shika
歯科,10,2500926,木暮歯科医院,太田市鶴生田町４９６－１,0276-20-2019,木暮　城ニ,木暮　城ニ,歯　矯歯　小歯,,平15. 5. 15,shika
歯科,10,2500934,さいとう歯科クリニック,太田市只上町１０７８,0276-37-4618,齋藤　明,齋藤　明,歯　矯歯　歯外,,平15. 7. 15,shika
歯科,10,2500942,ふじい歯科・小児歯科,太田市東長岡町１３０８－１,0276-20-2232,藤井　清親,藤井　清親,歯　矯歯　小歯,,平16. 3. 1,shika
歯科,10,2500967,長島歯科医院,太田市矢田堀町２０３－１,0276-40-5553,長島　広明,長島　広明,歯,,平17. 4. 1,shika
歯科,10,2500975,しまざきデンタルクリニック,太田市宝町４６１,0276-40-4182,島﨑　政人,島﨑　政人,歯,,平17. 7. 1,shika
歯科,10,2500991,くろさわ歯科クリニック,太田市由良町７１－１０,0276-33-7307,黒澤　忠,黒澤　忠,歯　矯歯　小歯　歯外,,平18. 2. 15,shika
歯科,10,2501007,おおばら歯科医院,太田市大原町２０５６－１１,0277-20-4123,松本　文男,松本　文男,歯　小歯　歯外,,平18. 4. 1,shika
歯科,10,2501015,たかはし歯科医院,太田市脇屋町５２９－２,0276-32-5210,高橋　洋子,高橋　洋子,歯　歯外,,平18. 10. 1,shika
歯科,10,2501106,とやま歯科クリニック,太田市東金井町８５８－２,0276-40-2885,戸山　慶太,戸山　慶太,歯　小歯　歯外,,平21. 3. 1,shika
歯科,10,2501155,あやの歯科クリニック,太田市高林北町１９３１番地４,0276-60-4899,野口　文乃,野口　文乃,歯　矯歯　小歯　歯外,,平22. 1. 1,shika
歯科,10,2501197,ヒデ・デンタルクリニック,太田市台之郷町２５４－１,0276-55-1184,山口　英久,山口　英久,歯　小歯　歯外　矯歯,,平25. 4. 1,shika
歯科,10,2510065,医療法人芳志会　長谷川歯科医院,太田市由良町２９４－１,0276-31-5737,医療法人　芳志会　理事長　長谷川　嘉一,大石　克己,歯　矯歯　小歯　歯外,,平元. 11. 1,shika
歯科,10,2510073,西ばやし歯科医院,太田市飯塚町１５９２,0276-48-1122,医療法人　西ばやし歯科医院　理事長　西林　滋,西林　滋,歯　矯歯　小歯,,平2. 4. 1,shika
歯科,10,2510131,中野歯科医院,太田市成塚町１５０－８５,0276-37-5858,医療法人　聖ぶどうの会　理事長　中野　正美,中野　玲子,歯,,平7. 2. 1,shika
歯科,10,2510149,ちえ美歯科医院,太田市龍舞町１６７０番地の３５,0276-30-0418,医療法人智慈会　理事長　大住　智恵美,大住　智恵美,歯　小歯　歯外,,平16. 4. 1,shika
歯科,10,2510198,スマイルデンタルオフィス,太田市石原町２１１番地の３,0276-46-8016,医療法人博愛会　理事長　細谷　梓,細谷　奈穂美,歯　矯歯　小歯　歯外,,平22. 9. 1,shika
歯科,10,2530048,太田アクア歯科クリニック,太田市南矢島町６８－１,0276-60-0018,生方　真人,生方　真人,歯　小歯　矯歯　歯外,,平26. 3. 1,shika
歯科,10,2530071,医療法人　大川歯科医院,太田市矢場新町１１８番地４,0276-46-8750,医療法人　晴和会　理事長　大川　孝平,大川　美緒,歯　歯外　矯歯,,平26. 8. 6,shika
歯科,10,2530089,いとう歯科口腔外科,太田市由良町１０４－８,0276-32-4141,伊藤　秀俊,伊藤　秀俊,歯　歯外,,平26. 9. 1,shika
歯科,10,2530097,とちはら歯科,太田市飯田町１１６０－１,0276-50-1883,鎌田　寄仁,鎌田　寄仁,歯　小歯,,平26. 10. 1,shika
歯科,10,2530105,あい歯科クリニック,太田市内ケ島町９４７－７,0276-47-0648,根岸　千恵,根岸　千恵,歯　小歯　歯外　矯歯,,平26. 11. 1,shika
歯科,10,2530113,ピース歯科・矯正歯科,太田市龍舞町９０８－１０,0276-55-0648,医療法人社団ハートケア　理事長　長尾　泰好,長尾　泰好,歯　小歯　矯歯　歯外,,平27. 5. 1,shika
歯科,10,2530121,おおたモール歯科,太田市飯塚町６２６－１,0276-57-8555,医療法人恵優会　理事長　八木　大輔,八木　大輔,歯　小歯　矯歯　歯外,,平27. 9. 1,shika
歯科,10,2530162,あおい歯科,太田市浜町４２－１５　ローゼンハイツ１Ｅ,0276-55-3730,武正　道代,武正　道代,歯,,平28. 5. 1,shika
歯科,10,2530170,おおたメディカルモール歯科,太田市下小林町５３４番地３,0276-50-1551,医療法人恵優会　理事長　八木　大輔,髙栁　範行,歯　小歯　矯歯　歯外,,平28. 6. 1,shika
歯科,10,2530188,えん歯科クリニック,太田市東矢島町９７０－１,0276-47-7211,丸山　亮,丸山　亮,歯　歯外　矯歯　小歯,,平28. 11. 1,shika
歯科,10,2530196,ファミリー歯科・矯正歯科クリニック,太田市西本町４５番３０号,0276-55-0011,医療法人優愛会　理事長　伊谷野　秀幸,伊谷野　秀幸,歯　小歯　矯歯,,平29. 1. 1,shika
歯科,10,2530204,やながわ歯科,太田市岩瀬川町４１２－５,0276-46-4618,柳川　篤志,柳川　篤志,歯　小歯　歯外　矯歯,,平29. 4. 1,shika
歯科,10,2530212,アルス歯科クリニック,太田市高林南町６１９番５４号,0276-55-0418,堀越　康介,堀越　康介,歯　小歯　矯歯　歯外,,平29. 4. 1,shika
歯科,10,2530238,尾島デンタルクリニック,太田市下田島町１０４９番,0276-61-3718,医療法人社団絆尚会　理事長　林崎　雅樹,林崎　雅樹,歯　矯歯　小歯　歯外,,平29. 10. 2,shika
歯科,10,2530246,長谷川歯科医院,太田市飯塚町１５０９－３,0276-45-7135,長谷川　岳志,長谷川　岳志,歯　小歯,,平30. 10. 31,shika
歯科,10,2530253,山口歯科医院,太田市石原町３１３－３,0276-46-4722,山口　貞博,山口　貞博,歯　歯外,,平31. 1. 1,shika
歯科,10,2530261,くわばら歯科クリニック,太田市大原町１３５－４,0277-46-6069,桒原　淳之,桒原　淳之,歯　歯外　小歯,,令元. 5. 1,shika
歯科,10,2530279,野村歯科クリニック,太田市新田村田町５１４番地２,0276-57-4182,医療法人緑耀会　理事長　野村　貴正,野村　貴正,歯　歯外　小歯　矯歯,,令元. 5. 1,shika
歯科,10,2530287,スマイル　デンタルオフィス　内ケ島,太田市内ケ島町８２７番地３,0276-55-0218,医療法人博愛会　理事長　細谷　梓,細谷　梓,歯　小歯　歯外　矯歯,,令2. 2. 1,shika
歯科,10,2530295,ふじ医科歯科クリニック,太田市藤阿久町７８２－１,0276-47-3883,板橋　彰子,板橋　彰子,歯　小歯　矯歯　歯外,,令2. 3. 1,shika
歯科,10,2530303,まきいこども歯科,太田市細谷町８７－２７,0276-61-3318,医療法人社団心力会　理事長　牧井　覚万,牧井　覚万,歯　小歯　矯歯　歯外,,令2. 4. 1,shika
歯科,10,2530329,ラブ歯科クリニック,太田市南矢島町６００－１,0276-38-5131,松尾　直大,松尾　直大,歯　小歯　歯外　矯歯,,令2. 5. 1,shika
歯科,10,2530337,福島歯科医院,太田市東新町３７３　ハニーライズ４０４号,090-8581-7178,福島　貴久,福島　貴久,歯,,令3. 10. 1,shika
歯科,10,2530345,とりの森デンタルケア,太田市鳥山中町２７１番地１,0276-25-7191,医療法人社団とりの森デンタルケア　理事長　古室　あづさ,古室　あづさ,歯　小歯,,令3. 10. 1,shika
歯科,10,2530352,とりやま歯科医院,太田市鳥山上町２２２０番地１５,0276-60-5949,医療法人社団慶瑞会　理事長　周藤　泰之,周藤　泰之,歯　小歯　矯歯　歯外,,令4. 1. 1,shika
歯科,10,2530378,布施歯科医院,太田市下浜田町１２１６－３,0276-45-5363,布施　一穂,布施　一穂,歯,,令4. 2. 1,shika
歯科,10,2530386,太田デンタルクリニック,太田市東別所町１３５番地１,0276-61-3521,医療法人あかぎ　理事長　西山　佳秀,大塚　武彦,歯　小歯　歯外,,令4. 6. 1,shika
歯科,10,2530394,太田中央歯科クリニック,太田市別所町２８番地１,0276-52-8095,医療法人社団Ｂｌｕｅ　理事長　新家　央康,新家　央康,歯　小歯　歯外,,令5. 1. 1,shika
歯科,10,2530402,医療法人社団一槇会　伏島歯科医院,太田市藪塚町１６１０番地２,0277-78-2938,医療法人社団一槇会伏島歯科医院　理事長　伏島　昇一,伏島　昇一,歯　小歯,,令5. 8. 1,shika
歯科,10,2530410,後藤歯科医院,太田市大原町１１９５－４,0277-78-7372,田中　達雄,田中　達雄,歯,,令5. 8. 11,shika
歯科,10,2530428,おおた阿部歯科クリニック,太田市大原町２２１１番地３５,0277-78-9002,医療法人Ａ－ｓｔａｎｄａｒｄ　理事長　阿部　義則,阿部　義則,歯　小歯　矯歯　歯外,,令6. 1. 1,shika
歯科,10,2530436,医療法人社団聖医会　田中歯科医院,太田市新井町５３１番地４,0276-47-7177,医療法人社団聖医会　理事長　田中　靖人,田中　靖人,歯　歯外　矯歯　小歯,,令7. 5. 1,shika
歯科,10,2530444,ＲＥＳＴＬＵＸＥ　ＤＥＮＴＡＲＩＡ,太田市飯田町１５４７番地ＯＴＡスクエアビル１階,0276-55-6368,医療法人晴和会　理事長　大川　孝平,大川　孝平,歯　矯歯　歯外　小歯,,令8. 1. 1,shika
歯科,10,2530451,ＭＫ歯科クリニック,太田市藤阿久町３７０－６,0276-60-1811,増田　康展,増田　康展,歯,,令8. 5. 7,shika
歯科,10,2530469,いがらし歯科医院,太田市泉町１３７６－１,0276-31-0555,井田　侑子,井田　侑子,歯　歯外　小歯　矯歯,,令8. 5. 1,shika
歯科,10,2530477,やまぎし歯科医院,太田市世良田町３１０１番地７,0276-40-7070,医療法人成笑会　理事長　山岸　理文,山岸　理文,歯　小歯,,令8. 5. 1,shika
歯科,10,2700054,飯塚歯科医院,太田市尾島町１６１－９,0276-52-0132,飯塚　光宏,飯塚　光宏,歯,,昭32. 5. 1,shika
歯科,10,2700062,岸歯科医院,太田市亀岡町３０－４,0276-52-0308,岸　隆史,岸　隆史,歯,,平13. 6. 3,shika
歯科,10,2700161,加藤歯科医院,太田市新田反町町９４２－３,0276-57-0597,加藤　一二,加藤　一二,歯,,昭55. 10. 15,shika
歯科,10,2700229,岩﨑歯科医院,太田市大原町１３４,0277-78-6756,岩﨑　正喜,岩﨑　正喜,歯,,昭60. 7. 15,shika
歯科,10,2700245,椎名歯科クリニック,太田市大原町５０９－２,0277-78-6118,椎名　俊朗,椎名　俊朗,歯,,昭61. 4. 1,shika
歯科,10,2700286,小林歯科,太田市新田木崎町１６４３－３,0276-56-8241,小林　正典,小林　正典,歯　小歯,,平3. 10. 1,shika
歯科,10,2700351,いのおか歯科医院,太田市新田市野井町６９９－１,0276-57-4655,井野岡　真史,井野岡　真史,歯　小歯,,平5. 1. 1,shika
歯科,10,2700385,もろ歯科医院,太田市新田上田中町６４３－１,0276-56-8118,毛呂　慎,毛呂　慎,歯,,平6. 11. 1,shika
歯科,10,2700393,栄田歯科医院,太田市世良田町３１４９－２２,0276-52-0961,栄田　順一,栄田　順一,歯,,平7. 4. 15,shika
歯科,10,2700427,小沼歯科クリニック,太田市堀口町３４７－２,0276-52-2459,小沼　信雄,小沼　信雄,歯　矯歯　小歯　歯外,,平8. 5. 1,shika
歯科,10,2700443,いいだ歯科医院,太田市新田木崎町８３,0276-56-7711,飯田　浩志,飯田　浩志,歯　矯歯　小歯,,平9. 3. 1,shika
歯科,10,2700492,いいづか歯科医院,太田市大原町４０５－３１,0277-20-4182,飯塚　宏,飯塚　宏,歯　小歯　歯外,,平15. 9. 15,shika
歯科,10,2700500,幸生歯科医院,太田市新田市野井町６２４－１,0276-57-0062,山田　幸生,山田　幸生,歯　小歯,,平15. 11. 15,shika
歯科,10,2700526,めぐみ歯科クリニック,太田市粕川町４３８－１,0276-60-7730,福島　理恵,福島　理恵,歯　矯歯　小歯,,平16. 4. 15,shika
歯科,10,2700534,恩田歯科医院,太田市藪塚町１３５４－１２,0277-78-9399,恩田　裕司,恩田　裕司,歯　小歯,,平19. 6. 27,shika
歯科,10,2710046,医療法人社団山鹿歯科医院,太田市新田木崎町１１８８,0276-56-6480,医療法人　社団　山鹿歯科医院　理事長　山鹿　卓郎,山鹿　卓郎,歯　矯歯　小歯,,平元. 12. 1,shika
歯科,10,2710053,中央歯科クリニック,太田市新田上江田町７３５－１,0276-56-0418,医療法人　中央会　理事長　原田　知,原田　博,歯,,平8. 11. 1,shika
歯科,10,0300014,宮下歯科医院,沼田市下之町８９４,0278-22-2318,宮下　悦朗,宮下　悦朗,歯　小歯　歯外,,平11. 3. 20,shika
歯科,10,0300030,浅沼歯科医院,沼田市東倉内町２２５,0278-22-2862,浅沼　美香,浅沼　美香,歯　矯歯　小歯,,平19. 1. 1,shika
歯科,10,0300055,高橋歯科医院,沼田市西倉内町８０９,0278-22-2727,藤巻　亜紀,藤巻　亜紀,歯　矯歯　小歯　歯外,,平20. 7. 25,shika
歯科,10,0300071,櫛淵歯科医院,沼田市西原新町８６－３,0278-22-2241,櫛淵　達夫,櫛淵　達夫,歯　小歯,,平9. 1. 1,shika
歯科,10,0300089,勅使河原歯科医院,沼田市下之町３０７１,0278-22-2627,勅使河原　隆一郎,勅使河原　隆一郎,歯,,平11. 6. 18,shika
歯科,10,0300121,宮下歯科医院,沼田市材木町４３－２１,0278-23-3495,宮下　清,宮下　清,歯　小歯,,平20. 4. 1,shika
歯科,10,0300154,山田歯科クリニック,沼田市馬喰町１２２３,0278-23-6616,山田　哲司,山田　哲司,歯　矯歯　小歯　歯外,,昭55. 1. 1,shika
歯科,10,0300170,旭ケ丘歯科医院,沼田市坊新田町１２５０－３６,0278-23-5713,鈴木　秀男,鈴木　秀男,歯,,昭57. 12. 1,shika
歯科,10,0300188,薄根歯科医院,沼田市薄根町３３１０－５,0278-22-3880,関　研三,関　研三,歯　矯歯　小歯,,昭58. 10. 1,shika
歯科,10,0300204,内田歯科医院,沼田市井土上町７７９－８,0278-23-0152,内田　久三,内田　久三,歯,,昭60. 8. 15,shika
歯科,10,0300220,松井歯科医院,沼田市高橋場町２０６０－６,0278-23-0318,松井　司,松井　司,歯　小歯,,昭63. 4. 1,shika
歯科,10,0300246,パール歯科クリニック,沼田市横塚町１１８５－４,0278-22-0015,割田　礼子,割田　礼子,歯　矯歯　小歯,,平8. 11. 15,shika
歯科,10,0300253,はるな歯科医院,沼田市榛名町４２７４ヴィラおおたけ１Ｆ,0278-22-8461,都丸　孝則,都丸　孝則,歯　小歯,,平11. 12. 15,shika
歯科,10,0300261,石原歯科医院,沼田市柳町２５２７－３,0278-30-5123,石原　二三,石原　二三,歯　小歯,,平12. 6. 1,shika
歯科,10,0300287,野田歯科医院,沼田市白沢町高平字壱本木４９－４,0278-53-3041,野田　明成,野田　明成,歯　矯歯　小歯　歯外,,平19. 4. 1,shika
歯科,10,0300295,スマイル歯科クリニック,沼田市久屋原町５３１－４,0278-25-9500,鈴木　克也,鈴木　克也,歯　小歯　歯外,,平21. 1. 1,shika
歯科,10,0310013,利根保健生活協同組合　利根歯科診療所,沼田市高橋場町２００２－１,0278-24-9418,利根保健生活協同組合　理事長　大塚　隆幸,中澤　桂一郎,歯　矯歯　小歯　歯外,,平15. 11. 1,shika
歯科,10,0310054,医療法人　勅使河原歯科診療所,沼田市高橋場町２１４７－９,0278-22-4114,医療法人　勅使河原歯科診療所　理事長　勅使河原　秀三郎,勅使河原　秀三郎,歯　矯歯　小歯,,平9. 4. 1,shika
歯科,10,0330045,ハピカ歯科,沼田市高橋場町２２３２番地１,0278-60-1182,医療法人Ｌｏｖｅ＆Ｂｅａｕｔｙ　理事長　山田　徹,山田　徹,歯　歯外　小歯,,令3. 9. 1,shika
歯科,10,0330052,割田デンタルクリニック,沼田市東原新町１８４５－３,0278-24-1814,割田　一敏,割田　一敏,歯　小歯　矯歯,,令4. 9. 1,shika
歯科,10,0330060,迫田歯科医院,沼田市坊新田町１０２９－２,0278-25-3914,迫田　萌子,迫田　萌子,歯　小歯　歯外,,令5. 9. 1,shika
歯科,10,0500274,うえだ歯科医院,沼田市白沢町高平７０－１３,0278-20-9292,植田　博,植田　博,歯　小歯,,平10. 11. 1,shika
歯科,10,2600114,ひだまり歯科医院,館林市松原１－６－１６,0276-72-0489,川　直子,川　直子,歯　矯歯　小歯　歯外,,平21. 5. 14,shika
歯科,10,2600213,岩崎歯科医院,館林市本町４丁目９の４１,0276-74-7511,岩崎　靖,岩崎　靖,歯　小歯,,平19. 5. 30,shika
歯科,10,2600247,長塩歯科医院,館林市小桑原町８４１－８,0276-72-3900,長塩　昌之,長塩　昌之,歯　小歯　歯外,,平20. 9. 30,shika
歯科,10,2600304,岩崎歯科クリニック,館林市松原１－２０－１０,0276-74-1577,岩崎　弘,岩崎　弘,歯　矯歯　小歯,,昭56. 11. 15,shika
歯科,10,2600403,三林岡田歯科医院,館林市下三林町２７９,0276-74-8148,岡田　博明,岡田　博明,歯,,昭63. 7. 15,shika
歯科,10,2600411,斉藤歯科医院,館林市花山町３３７１,0276-75-4182,斉藤　正人,斉藤　正人,歯　矯歯,,平元. 2. 15,shika
歯科,10,2600429,村田歯科医院,館林市朝日町２１－２７,0276-72-7633,村田　隆弘,村田　隆弘,歯,,平3. 5. 15,shika
歯科,10,2600452,森田歯科医院,館林市緑町１－６－１９,0276-75-6540,森田　正彦,森田　正彦,歯,,平4. 1. 15,shika
歯科,10,2600460,おおいし歯科医院,館林市本町２－７－２３,0276-72-8998,大石　和彦,大石　和彦,歯,,平4. 8. 1,shika
歯科,10,2600478,いしいひでき歯科クリニック,館林市東美園町２１－１,0276-72-6666,石井　秀樹,石井　秀樹,歯,,平5. 5. 1,shika
歯科,10,2600486,大沼歯科クリニック,館林市栄町２２－２１,0276-75-5089,大沼　祐治,大沼　祐治,歯,,平8. 5. 1,shika
歯科,10,2600494,松本歯科医院,館林市楠町１９７８－３,0276-75-4184,松本　透,松本　透,歯　小歯,,平14. 8. 10,shika
歯科,10,2600502,なかせ歯科医院,館林市富士原町８７４－１,0276-72-1122,中世　吉昭,中世　吉昭,歯　小歯,,平8. 11. 15,shika
歯科,10,2600510,ますみこども歯科医院,館林市若宮町字八反田２４４０－３,0276-75-5671,冨永　真澄,冨永　真澄,歯　矯歯　小歯,,平9. 2. 1,shika
歯科,10,2600528,まつもと歯科医院,館林市青柳町１０５５－１,0276-70-7370,松本　修一,松本　修一,歯　矯歯　小歯,,平10. 6. 1,shika
歯科,10,2600536,根本歯科・矯正歯科医院,館林市高根町字山神裏１７５０,0276-80-3030,根本　智明,根本　智明,歯　矯歯,,平10. 7. 15,shika
歯科,10,2600544,とみた歯科,館林市千代田町３－５４,0276-72-1380,富田　直也,富田　直也,歯　小歯,,平10. 8. 15,shika
歯科,10,2600551,あいば歯科,館林市日向町１０４９－２,0276-71-1188,合場　光男,合場　光男,歯　矯歯　小歯,,平10. 11. 1,shika
歯科,10,2600569,まちだ歯科医院,館林市坂下町３０６７－６,0276-71-0648,町田　清明,町田　清明,歯　矯歯　小歯　歯外,,平10. 11. 15,shika
歯科,10,2600577,長谷川歯科医院,館林市松原３－２０－７,0276-70-7580,長谷川　潤,長谷川　潤,歯,,平10. 12. 1,shika
歯科,10,2600593,館林中央歯科医院,館林市諏訪町１３７３－１,0276-76-8333,鈴木　茂,鈴木　茂,歯　小歯　歯外,,平13. 11. 1,shika
歯科,10,2600635,はら歯科医院,館林市日向町１７１１－８,0276-73-7773,原　正洋,原　正洋,歯　矯歯　小歯　歯外,,平16. 11. 15,shika
歯科,10,2600643,ほりこし歯科クリニック,館林市北成島町３１７６－１,0276-56-4550,堀越　哲,堀越　哲,歯　矯歯　小歯　歯外,,平19. 6. 1,shika
歯科,10,2600650,兼原歯科医院,館林市本町一丁目１－１９,0276-72-1700,兼原　淳,兼原　淳,歯　矯歯,,平22. 6. 27,shika
歯科,10,2610022,青柳歯科診療所,館林市小桑原町１０１９－３０,0276-75-1184,医療法人　康生会　理事長　田渕　肇,長谷川　裕,歯　矯歯,,昭62. 2. 15,shika
歯科,10,2610055,コスモス歯科,館林市大手町５－２６,0276-72-6480,医療法人　大島会　理事長　島田　信夫,島田　信夫,歯,,平10. 8. 27,shika
歯科,10,2610063,坂村歯科医院,館林市大手町３－５,0276-72-0750,医療法人　坂村歯科医院　理事長　坂村　昌宏,坂村　吉保,歯,,平元. 12. 1,shika
歯科,10,2610089,館林邑楽歯科保健医療センター,館林市苗木町字南近藤２６２２－１,0276-73-8818,一般社団法人　館林邑楽歯科医師会　会長　齊藤　崇,齊藤　崇,歯,,平14. 4. 4,shika
歯科,10,2610097,医療法人　社団　マリン会　館野歯科医院,館林市諏訪町１３８６,0276-75-5588,医療法人　社団　マリン会　理事長　館野　洋志,館野　洋志,歯　矯歯　小歯　歯外,,平10. 4. 1,shika
歯科,10,2610105,アピタハート歯科クリニック,館林市楠町３６４８－１,0276-91-1108,医療法人社団　優心会　理事長　渋谷　義久,渋谷　義久,歯　小歯　歯外　矯歯,,平16. 5. 1,shika
歯科,10,2610113,みやけ歯科医院,館林市大手町９番４１号,0276-73-4923,医療法人正仁会　理事長　三宅　正基,三宅　正基,歯　小歯,,平23. 12. 1,shika
歯科,10,2630004,横田歯科クリニック,館林市細内町８４３－１,0276-72-2723,横田　康弘,横田　康弘,歯　小歯,,平28. 1. 1,shika
歯科,10,2630038,アゼリア歯科,館林市瀬戸谷町２２１５－４,0276-76-8686,熊坂　展宏,熊坂　展宏,歯　歯外　小歯,,平29. 11. 1,shika
歯科,10,2630046,石井歯科医院,館林市北成島町２５４４－１１０,0276-72-0111,石井　将之,石井　将之,歯,,令4. 1. 1,shika
歯科,10,2630053,あおぞら歯科,館林市下三林町４３２番５,0276-55-3688,戸部　敬太,戸部　敬太,歯　小歯　矯歯　歯外,,令4. 6. 1,shika
歯科,10,2630061,つくい歯科,館林市尾曳町７－３９,0276-72-3319,津久井　一成,津久井　一成,歯　歯外　矯歯　小歯,,令7. 10. 1,shika
歯科,10,2630079,あきこデンタルクリニック,館林市楠町３６１３－１,0276-80-2771,髙橋　彬子,髙橋　彬子,歯　歯外　小歯,,令8. 5. 1,shika
歯科,10,2630087,うえの歯科医院,館林市赤生田町２１３１－２,0276-75-2220,上野　弘祥,上野　弘祥,歯,,令8. 4. 1,shika
歯科,10,0400475,北橘歯科診療所,渋川市北橘町真壁１３７２番地５,0279-52-3762,都木　博正,都木　博正,歯,,平14. 8. 1,shika
歯科,10,0400509,あかぎ歯科医院,渋川市赤城町津久田１９６－４８,0279-20-6522,石川　美智雄,石川　美智雄,歯,,平17. 6. 15,shika
歯科,10,0410052,永井歯科医院,渋川市赤城町上三原田８４２－１,0279-56-8854,医療法人　山住会　理事長　永井　直人,永井　直人,歯,,平12. 5. 1,shika
歯科,10,1100025,ふくしま歯科医院,渋川市金井７４２－１,0279-22-0154,福島　真人,福島　真人,歯　矯歯　小歯,,平20. 6. 1,shika
歯科,10,1100231,宮下歯科・矯正歯科医院,渋川市渋川８９３－３８,0279-24-1939,宮下　隆敬,宮下　隆敬,歯　矯歯　小歯　歯外,,昭53. 12. 1,shika
歯科,10,1100256,佐鳥歯科クリニック,渋川市渋川２４３３番地６６,0279-22-0069,佐鳥　茂,佐鳥　茂,歯,,昭55. 9. 1,shika
歯科,10,1100264,福田歯科医院,渋川市渋川１２６－１,0279-23-6677,福田　保英,福田　保英,歯,,昭56. 4. 15,shika
歯科,10,1100272,石田歯科医院,渋川市渋川１５９３－８,0279-25-0411,石田　覺也,石田　覺也,歯,,昭56. 12. 1,shika
歯科,10,1100314,ほしかわ歯科医院,渋川市石原８９－１２,0279-24-8835,干川　栄二,干川　栄二,歯,,平4. 4. 1,shika
歯科,10,1100330,高橋歯科クリニック,渋川市行幸田４０４－１,0279-24-8211,高橋　勉,高橋　勉,歯　矯歯　小歯,,平21. 1. 6,shika
歯科,10,1100348,Ｋ（ケー）歯科医院,渋川市金井１２３６－２,0279-22-2331,小林　祥次,小林　祥次,歯,,平4. 10. 15,shika
歯科,10,1100355,吉岡歯科クリニック,渋川市行幸田３５７－６,0279-24-8289,呉　中興,呉　中興,歯　小歯,,平6. 8. 1,shika
歯科,10,1100363,しまむら歯科医院,渋川市八木原７００－２,0279-20-1182,島村　好則,島村　好則,歯　矯歯,,平9. 10. 1,shika
歯科,10,1100371,星野歯科クリニック,渋川市行幸田３６－６,0279-22-0232,星野　春樹,星野　春樹,歯　小歯　矯歯　歯外,,平12. 7. 15,shika
歯科,10,1100389,こぶな歯科医院,渋川市渋川２６０８－２,0279-22-4939,小鮒　正明,小鮒　正明,歯　矯歯　小歯　歯外,,平16. 3. 15,shika
歯科,10,1100405,いいづか歯科医院,渋川市八木原７０－１,0279-22-0808,飯塚　正彦,飯塚　正彦,歯　矯歯　小歯　歯外,,平18. 12. 15,shika
歯科,10,1110016,平形歯科医院,渋川市石原９６４－１,0279-22-0953,医療法人　仁成会　理事長　平形　寿善,平形　寿善,歯　矯歯　小歯,,平2. 4. 1,shika
歯科,10,1110032,石北歯科医院,渋川市渋川３９１０－９,0279-22-0235,医療法人　豊生会　理事長　石北　朋宏,石北　裕,歯　矯歯　小歯　歯外,,平3. 1. 1,shika
歯科,10,1110040,船岡歯科医院,渋川市半田９１３－４,0279-23-8211,医療法人　船岡歯科医院　理事長　舩岡　壽,舩岡　壽,歯,,平7. 12. 1,shika
歯科,10,1110073,ホワイトパール歯科クリニック,渋川市川島１５７８番地３,0279-25-7222,医療法人海青会　理事長　貝塚　淳多,南　弘子,歯　小歯　歯外,,平21. 10. 1,shika
歯科,10,1120015,山川歯科医院,渋川市渋川１８７２番地５９,0279-22-0260,山川　文孝,山川　文孝,歯　小歯,,平14. 4. 1,shika
歯科,10,1130006,山下歯科医院,渋川市渋川２０６３－２８,0279-22-0648,山下　知恵子,山下　知恵子,歯,,平27. 3. 10,shika
歯科,10,1130022,渋川駅前　ＳＨＵＮ　デンタルクリニック,渋川市渋川１８２３－２９,0279-25-7961,飯塚　俊介,飯塚　俊介,歯　小歯　歯外　矯歯,,平31. 4. 1,shika
歯科,10,1130030,つむぎ歯科クリニック　渋川伊香保,渋川市中村１１６－１－２,0279-26-8460,犬石　悠介,犬石　悠介,歯　歯外　小歯　矯歯,,令7. 2. 1,shika
歯科,10,1600099,さいとう歯科医院,渋川市北牧４－５１,0279-53-5454,齋藤　理,齋藤　理,歯　小歯,,平11. 12. 31,shika
歯科,10,1600131,関歯科医院,渋川市吹屋４１７－１,0279-25-0530,関　智久,関　智久,歯,,昭56. 9. 1,shika
歯科,10,1600164,宮下デンタルクリニック,渋川市中郷５９７－７０,0279-53-4701,宮下　利明,宮下　利明,歯,,昭60. 12. 15,shika
歯科,10,1600172,三剛歯科医院,渋川市伊香保町伊香保３００－６,0279-72-3430,鈴木　虎一,鈴木　虎一,歯,,昭61. 11. 15,shika
歯科,10,1600198,小野上歯科診療所,渋川市村上３７９２－６,0279-59-2493,金岡　豊,金岡　豊,歯　小歯,,平12. 4. 19,shika
歯科,10,1200023,大竹歯科医院,藤岡市藤岡３３５－２２,0274-22-0297,大竹　聡,大竹　聡,歯　小歯,,昭32. 2. 1,shika
歯科,10,1200031,原歯科医院,藤岡市藤岡１６６４－１,0274-22-0079,原　茂,原　茂,歯　小歯,,平13. 4. 11,shika
歯科,10,1200171,遠藤歯科医院,藤岡市藤岡４３１,0274-24-0013,遠藤　輝治,遠藤　輝治,歯,,昭59. 4. 15,shika
歯科,10,1200239,松岡デンタルクリニック,藤岡市上大塚２５８－１ヴィラ・ウィスタリア　１Ｆ,0274-22-5533,松岡　洋一,松岡　洋一,歯,,平3. 9. 15,shika
歯科,10,1200254,清水歯科医院,藤岡市上栗須２９０－７,0274-22-6655,清水　寿男,清水　寿男,歯,,平4. 11. 15,shika
歯科,10,1200262,茂木歯科医院,藤岡市鮎川４２７－１,0274-22-8788,茂木　満,茂木　満,歯　小歯,,平5. 12. 15,shika
歯科,10,1200270,近藤歯科医院,藤岡市上戸塚１２４－７,0274-22-8264,近藤　一郎,近藤　一郎,歯　小歯,,平7. 9. 15,shika
歯科,10,1200288,西泉歯科医院,藤岡市上栗須４７－１,0274-24-0418,西泉　泰宏,西泉　泰宏,歯　矯歯　小歯,,平8. 11. 1,shika
歯科,10,1200296,むらかわ歯科,藤岡市中栗須２６９－１,0274-22-6480,村川　正紀,村川　正紀,歯　矯歯　小歯　歯外,,平9. 7. 1,shika
歯科,10,1200304,井田歯科医院,藤岡市藤岡２１１３－１,0274-40-2525,井田　理恵子,井田　理恵子,歯,,平11. 1. 15,shika
歯科,10,1200338,ほりぐち歯科医院,藤岡市下栗須２５２－７,0274-40-8566,堀口　浩一,堀口　浩一,歯　小歯,,平14. 1. 15,shika
歯科,10,1210014,医療法人　石川歯科医院,藤岡市藤岡３１０６,0274-24-1100,医療法人　石川歯科医院　理事長　石川　準二,石川　準二,歯,,平元. 7. 1,shika
歯科,10,1210030,医療法人　魚津歯科医院,藤岡市上大塚１５５０,0274-24-0676,医療法人　魚津歯科医院　理事長　魚津　隆範,魚津　隆範,歯,,平元. 11. 1,shika
歯科,10,1210063,前田歯科医院,藤岡市藤岡１４２,0274-22-0569,医療法人　前田歯科医院　理事長　前田　高志,前田　高志,歯　小歯,,平6. 1. 1,shika
歯科,10,1210071,江本歯科医院,藤岡市藤岡９３４－１レジデンスセシモ２０１,0274-24-1955,医療法人　ひまわり会　理事長　齊藤　和義,齊藤　和義,歯　矯歯　小歯,,平8. 4. 1,shika
歯科,10,1210105,中村歯科クリニック,藤岡市中大塚２０２番地５,0274-22-0055,医療法人　中村歯科クリニック　理事長　中村　光伸,中村　光伸,歯　矯歯　小歯　歯外,,平17. 12. 1,shika
歯科,10,1210113,パールデンタルクリニック,藤岡市藤岡８５８番地２５,0274-23-0006,医療法人海青会　理事長　貝塚　淳多,貝塚　淳多,歯　矯歯　小歯　歯外,,平19. 5. 1,shika
歯科,10,1210147,中央歯科,藤岡市下栗須３４７番地１,0274-24-4180,医療法人志友会　理事長　布施　英明,布施　英明,歯　矯歯　小歯,,平24. 9. 1,shika
歯科,10,1230004,森歯科診療所,藤岡市森４８８－３,0274-24-2828,石岡　高志,石岡　高志,歯　小歯,,平27. 9. 1,shika
歯科,10,1230012,坂井歯科医院,藤岡市藤岡４６－７,0274-22-0680,坂井　博子,坂井　博子,歯　小歯,,平29. 1. 7,shika
歯科,10,1230020,飯島歯科医院,藤岡市藤岡８５４番地,0274-23-1177,医療法人社団歯龍会　理事長　飯島　茂,飯島　弘,歯　小歯　歯外　矯歯,,平30. 1. 1,shika
歯科,10,1230046,たか歯科クリニック,藤岡市中栗須２９番地１,0274-50-1010,医療法人たか歯科クリニック　理事長　松井　崇賢,松井　崇賢,歯　小歯　歯外,,平30. 9. 1,shika
歯科,10,1230061,ふじおか歯科クリニック,藤岡市中栗須９０８番地１,0274-50-4182,医療法人ふじおか歯科クリニック　理事長　小谷野　善久,小谷野　善久,歯　小歯　歯外,,令2. 1. 1,shika
歯科,10,1230087,中島歯科医院,藤岡市藤岡１１１,0274-24-1135,中島　和哉,中島　和哉,歯　小歯　歯外,,令8. 1. 1,shika
歯科,10,1230095,リオ歯科クリニカ,藤岡市立石字清水４２２番地,0274-24-6230,医療法人　聖マリア会　理事長　大竹　優,大竹　優,歯,,令8. 3. 24,shika
歯科,10,1710096,医療法人　山川歯科医院,藤岡市鬼石乙５５２,0274-52-5693,医療法人　山川歯科医院　理事長　山川　剛,山川　剛,歯,,平2. 8. 1,shika
歯科,10,1300070,萩原歯科医院,富岡市富岡１４２４－４,0274-63-6178,萩原　秀己,萩原　秀己,歯　矯歯,,昭32. 5. 1,shika
歯科,10,1300096,峯岸歯科医院,富岡市富岡乙１０８６,0274-62-0671,峯岸　博行,峯岸　博行,歯　小歯　歯外,,平20. 1. 1,shika
歯科,10,1300120,新井歯科医院,富岡市七日市９１５,0274-64-1951,新井　則子,新井　則子,歯　矯歯,,平8. 1. 23,shika
歯科,10,1300153,小澤歯科医院,富岡市下高尾５８０,0274-62-1129,小澤　琢磨,小澤　琢磨,歯,,昭60. 11. 1,shika
歯科,10,1300161,イマイ歯科クリニック,富岡市一ノ宮２８４－７,0274-64-2775,今井　信久,今井　信久,歯,,昭61. 4. 15,shika
歯科,10,1300195,酒井歯科医院,富岡市富岡９８４,0274-63-0586,酒井　淳一,酒井　淳一,歯,,昭62. 5. 1,shika
歯科,10,1300211,黒沢歯科クリニック,富岡市一ノ宮３５６－１,0274-62-0102,黒澤　良介,黒澤　良介,歯　矯歯　小歯　歯外,,平2. 10. 1,shika
歯科,10,1300237,もぎ歯科クリニック,富岡市一ノ宮１３４６－１,0274-64-5131,茂木　忠泰,茂木　忠泰,歯　矯歯　小歯,,平3. 7. 1,shika
歯科,10,1300245,中町守谷歯科,富岡市富岡９８７－１,0274-62-5566,守谷　豪人,守谷　豪人,歯　矯歯　小歯,,平5. 9. 1,shika
歯科,10,1300252,おのざわ歯科医院,富岡市下高瀬２０５－１,0274-64-5600,小野澤　隆行,小野澤　隆行,歯　矯歯　小歯,,平14. 1. 15,shika
歯科,10,1300278,よしむね歯科医院,富岡市富岡１４６４－１０,0274-62-0191,吉宗　正雄,吉宗　正雄,歯　矯歯　小歯　歯外,,平22. 10. 1,shika
歯科,10,1310053,富岡甘楽歯科医師会　口腔保健センター診療所,富岡市七日市６４０－１,0274-62-1706,公益社団法人　富岡甘楽歯科医師会　会長　茂木　忠泰,落合　慶一,歯,,平4. 5. 15,shika
歯科,10,1310061,西富岡歯科医院,富岡市七日市６５７番地,0274-63-5253,医療法人ＳＡＫＵＲＡ会　理事長　横山　高久,横山　拓哉,歯,,平25. 1. 1,shika
歯科,10,1330002,あおい歯科クリニック,富岡市内匠２２６－１,0274-67-5420,宮内　徹,宮内　徹,歯　歯外　小歯　矯歯,,平27. 2. 1,shika
歯科,10,1330010,松坂歯科医院,富岡市富岡乙８７,0274-62-0148,松坂　雄二,松坂　雄二,歯,,平30. 2. 14,shika
歯科,10,1330028,すずき歯科医院,富岡市七日市１５８３－１,0274-62-1222,鈴木　廣,鈴木　廣,歯,,令6. 9. 1,shika
歯科,10,1330036,曽根歯科医院,富岡市富岡１２５８－２,0274-62-0475,木村　暢,木村　暢,歯　小歯　矯歯,,令7. 11. 26,shika
歯科,10,1400011,室橋歯科医院,安中市安中３－１３－７,0273-81-0415,室橋　信好,室橋　信好,歯　小歯,,昭32. 5. 1,shika
歯科,10,1400029,真下歯科医院,安中市安中２－９－１４,027-381-0320,真下　達哉,真下　達哉,歯,,平16. 1. 1,shika
歯科,10,1400144,今井歯科医院,安中市磯部４－３－４０,027-385-3447,今井　幸一,今井　幸一,歯　小歯,,昭59. 12. 1,shika
歯科,10,1400185,たじま歯科医院,安中市磯部３－８－２２,027-385-1418,田嶋　秀記,田嶋　秀記,歯　小歯,,平5. 6. 1,shika
歯科,10,1400193,田中歯科医院,安中市原市４－４－４３,027-385-4356,田中　雅人,田中　雅人,歯,,平6. 1. 1,shika
歯科,10,1400201,かばさわ歯科医院,安中市板鼻２－７－４,027-382-8811,樺沢　一洋,樺沢　一洋,歯　小歯,,平6. 4. 15,shika
歯科,10,1400219,小板橋歯科医院,安中市板鼻１－６－１６,027-381-2020,小板橋　帯刀,小板橋　帯刀,歯　矯歯　小歯,,平8. 7. 1,shika
歯科,10,1400235,有坂歯科医院,安中市高別当２９０,027-382-8841,有坂　昇紀,有坂　昇紀,歯　矯歯　小歯　歯外,,平14. 1. 1,shika
歯科,10,1400250,こころ歯科,安中市中宿２１３０,027-382-8211,半田　貴雄,半田　貴雄,歯　小歯　歯外,,平18. 6. 1,shika
歯科,10,1410028,医療法人　本多歯科医院,安中市安中３－１９－１,027-382-1182,医療法人　本多歯科医院　理事長　本多　雄,本多　雄,歯,,昭63. 8. 1,shika
歯科,10,1430000,医療法人土屋歯科診療所,安中市原市１５５８－１,027-380-6474,医療法人土屋歯科診療所　理事長　土屋　政敬,土屋　政敬,歯　歯外　小歯　矯歯,,平27. 4. 1,shika
歯科,10,1430018,やじま歯科クリニック,安中市安中３５４５番地１４,027-381-4618,医療法人やじま歯科クリニック　理事長　矢島　勲,矢島　勲,歯　小歯　歯外　矯歯,,平27. 5. 1,shika
歯科,10,1430026,半田歯科医院,安中市原市２－８－１５,027-385-6223,半田　和世,半田　和世,歯,,平29. 1. 23,shika
歯科,10,1430034,やまぐち歯科クリニック,安中市岩井２４３８－３,027-395-0640,山口　徹,山口　徹,歯　歯外　小歯,,平29. 11. 1,shika
歯科,10,1430042,井上歯科医院,安中市安中３丁目１８番１３号,027-381-0250,井上　太郎,井上　太郎,歯　小歯,,令元. 5. 1,shika
歯科,10,1430059,医療法人星美会　星澤歯科医院,安中市原市３丁目４番５２号,027-385-1051,医療法人星美会　理事長　日下部　有,日下部　有,歯,,令元. 5. 1,shika
歯科,10,1430067,いろどり歯科・訪問歯科,安中市原市３１５－４,027-395-4700,山﨑　彩香,山﨑　彩香,歯　小歯,,令5. 1. 1,shika
歯科,10,2000216,信沢歯科医院,安中市松井田町二軒在家９８０－１０,027-393-3117,信澤　良和,信澤　良和,歯,,昭59. 1. 15,shika
歯科,10,2000224,小林歯科医院,安中市松井田町人見５８１－１,027-385-0261,小林　大蔵,小林　大蔵,歯,,平元. 12. 1,shika
歯科,10,2700153,引田歯科医院,みどり市笠懸町鹿３３１－２,0277-76-5116,引田　正俊,引田　正俊,歯,,昭55. 3. 15,shika
歯科,10,2700344,大島デンタルクリニック,みどり市笠懸町鹿４６３２－１２,0277-76-1876,大島　秀敏,大島　秀敏,歯　矯歯,,平4. 12. 1,shika
歯科,10,2700435,小森谷歯科医院,みどり市笠懸町阿左美８８０－５,0277-77-1180,小森谷　和之,小森谷　和之,歯　小歯,,平8. 10. 1,shika
歯科,10,2700450,古室歯科クリニック,みどり市笠懸町阿左美１５２８,0277-30-5757,古室　浩明,古室　浩明,歯　小歯,,平12. 6. 15,shika
歯科,10,2700476,はしづめ歯科医院,みどり市笠懸町阿左美１３１６－４,0277-30-8469,橋爪　雅,橋爪　雅,歯　矯歯　小歯　歯外,,平13. 4. 1,shika
歯科,10,2700518,松本歯科医院,みどり市笠懸町久宮１６５－２,0277-30-8211,松本　堅志郎,松本　堅志郎,歯　小歯,,平16. 4. 1,shika
歯科,10,2800052,ささい歯科医院,みどり市大間々町大間々８８９,0277-30-7217,笹井　隆博,笹井　隆博,歯　小歯　歯外,,平15. 6. 1,shika
歯科,10,2800086,香村　Ｄｅｎｔａｌ　Ｃｌｉｎｉｃ,みどり市大間々町大間々４０さくらもーる　１Ｆ,0277-70-1282,香村　眞佐子,香村　眞佐子,歯　小歯　歯外,,平11. 7. 1,shika
歯科,10,2800094,わかつき歯科,みどり市大間々町大間々４４２－４１,0277-72-1183,若月　健一郎,若月　健一郎,歯　小歯,,平14. 9. 1,shika
歯科,10,2800102,ほしの歯科医院,みどり市大間々町大間々２４０７－４,0277-73-6474,岩崎　泰史,岩崎　泰史,歯　小歯,,平15. 3. 1,shika
歯科,10,3100015,グリーン歯科・矯正歯科クリニック,みどり市笠懸町阿左美１６９８－６,0277-46-6070,大塚　健次,大塚　健次,歯　矯歯　小歯,,平21. 3. 1,shika
歯科,10,3130012,笠間歯科医院,みどり市大間々町大間々９７４,0277-72-1242,笠間　進,笠間　進,歯,,平27. 8. 1,shika
歯科,10,3130020,あずま歯科クリニック,みどり市東町花輪２３０番地２,0277-97-2575,福田　純一,福田　純一,歯　歯外,,平28. 9. 1,shika
歯科,10,3130038,かとう歯科,みどり市大間々町大間々５６６番地１,0277-46-6480,医療法人ＭＳＯ　理事長　加藤　努,加藤　努,歯　矯歯　歯外　小歯,,平29. 6. 1,shika
歯科,10,3130053,天田デンタルクリニック,みどり市笠懸町阿左美１９３４－１,0277-77-1184,天田　朋宏,天田　朋宏,歯　小歯,,平30. 7. 1,shika
歯科,10,3130061,引田歯科　口腔外科,みどり市笠懸町鹿２９６８番地１,0277-47-6258,引田　正宣,引田　正宣,歯　歯外　小歯　矯歯,,令2. 9. 1,shika
歯科,10,3130095,すが歯科医院,みどり市大間々町大間々１３８１番地,0277-72-1491,医療法人あらた　理事長　伊藤　雄大,伊藤　雄大,歯　小歯　歯外,,令5. 1. 1,shika
歯科,10,3130111,しもやま歯科医院,みどり市笠懸町鹿４２３７－２,0277-76-1182,下山　智成,下山　智成,歯　小歯,,令6. 9. 1,shika
歯科,10,3130129,医療法人ｍｉｙａｂｉ　なのはな歯科・口腔クリニック,みどり市笠懸町鹿３９２６－１,0277-32-4182,医療法人ｍｉｙａｂｉ　理事長　片山　雅文,片山　雅文,歯　小歯　矯歯　歯外,,令8. 2. 1,shika
歯科,10,1600271,真下歯科クリニック,北群馬郡榛東村新井１４７６,0279-54-1366,真下　光春,真下　光春,歯,,平19. 3. 1,shika
歯科,10,1600289,あおば歯科医院,北群馬郡榛東村新井１２２３－１,0279-25-8820,髙橋　克幸,髙橋　克幸,歯　小歯　歯外,,平20. 5. 15,shika
歯科,10,1630021,医療法人　ＳＤＨ　ひらしま歯科,北群馬郡榛東村山子田１４８２－２,0279-30-5454,医療法人ＳＤＨ　理事長　平嶋　雄一,平嶋　雄一,歯　歯外　小歯,,令4. 5. 1,shika
歯科,10,1600156,清水歯科医院,北群馬郡吉岡町南下７５７－８,0279-54-3413,清水　正夫,清水　正夫,歯,,昭58. 8. 15,shika
歯科,10,1600180,佐藤歯科医院,北群馬郡吉岡町下野田８１２,0279-54-8330,佐藤　利康,佐藤　利康,歯　小歯,,平元. 9. 1,shika
歯科,10,1600230,さくら歯科,北群馬郡吉岡町大久保１４４９－７,0279-30-6333,吉田　浩輝,吉田　浩輝,歯　矯歯　小歯　歯外,,平13. 10. 15,shika
歯科,10,1600248,たきざわ歯科医院,北群馬郡吉岡町大久保８７０－４,0279-55-6480,瀧澤　秀樹,瀧澤　秀樹,歯　矯歯　小歯,,平15. 7. 15,shika
歯科,10,1600305,スマイル歯科クリニック,北群馬郡吉岡町大久保３１６－７,0279-30-5033,佐藤　匡,佐藤　匡,歯　矯歯　小歯　歯外,,平21. 4. 1,shika
歯科,10,1600313,たけうち歯科医院,北群馬郡吉岡町下野田１１０４番１,0279-25-7700,竹内　智也,竹内　智也,歯　小歯　歯外,,平21. 4. 1,shika
歯科,10,1610049,明治歯科診療所,北群馬郡吉岡町大字上野田字安田倉１４番地３,0279-25-8101,医療法人幸成会　理事長　新見　隆行,新見　隆行,歯　矯歯　小歯　歯外,,平21. 11. 1,shika
歯科,10,1630013,駒寄歯科クリニック,北群馬郡吉岡町大久保字宮田２３１２,0279-30-5500,山川　寿弥,山川　寿弥,歯　小歯　矯歯,,平31. 1. 1,shika
歯科,10,1630047,ジョイホンパーク吉岡歯科・矯正歯科,北群馬郡吉岡町大字大久保３６４番１,0279-26-7299,医療法人　恵優会　理事長　八木　大輔,生方　哲平,歯　小歯　矯歯　歯外,,令5. 5. 1,shika
歯科,10,1630054,エース歯科,北群馬郡吉岡町大字大久保１１２番地５,0279-55-1181,医療法人社団ひかり　理事長　須藤　弘幸,須藤　弘幸,歯　小歯,,令6. 12. 1,shika
歯科,10,1630062,いしだ矯正歯科クリニック,北群馬郡吉岡町大字大久保字七日市５２４－１,0279-25-8081,石田　匡彦,石田　匡彦,矯歯,,令7. 5. 1,shika
歯科,10,1710062,上野村へき地歯科診療所,多野郡上野村大字乙母９４－１,0274-59-2059,上野村長　黒澤　八郎,横井　匠,歯,,昭51. 5. 15,shika
歯科,10,1730011,神流町歯科診療所,多野郡神流町大字万場３８番地１,0274-57-2019,神流町長　坂本　英夫,谷越　康洋,歯,,平26. 9. 3,shika
歯科,10,1800319,平柳歯科医院,甘楽郡下仁田町下仁田４２９－９,0274-82-2364,平柳　利明,平柳　利明,歯,,平22. 1. 1,shika
歯科,10,1830027,ゆう歯科クリニック,甘楽郡下仁田町大字下仁田３３７－８,0274-82-2418,落合　優,落合　優,歯　小歯,,令4. 1. 1,shika
歯科,10,1800327,大雄寺歯科医院,甘楽郡南牧村六車甲１５００,0274-87-2403,田中　東順,田中　東順,歯　矯歯　小歯　歯外,,平23. 8. 1,shika
歯科,10,1800152,萩原歯科医院,甘楽郡甘楽町大字上野３０７３－１,0274-74-3735,萩原　吉則,萩原　吉則,歯,,昭60. 5. 1,shika
歯科,10,1800202,大貫歯科医院,甘楽郡甘楽町善慶寺１３５３－２,0274-74-6480,大貫　德夫,大貫　德夫,歯,,平2. 9. 15,shika
歯科,10,1800210,上條歯科医院,甘楽郡甘楽町大字金井字南４３７,0274-74-6430,上條　富夫,上條　富夫,歯,,平3. 1. 1,shika
歯科,10,1800285,かんら歯科医院,甘楽郡甘楽町善慶寺１１９５－１,0274-74-6556,原田　和雄,原田　和雄,歯　小歯　歯外,,平17. 1. 15,shika
歯科,10,1800293,きたはら歯科医院,甘楽郡甘楽町大字福島１３３７－１,0274-74-6487,北原　秀昭,北原　秀昭,歯　矯歯　小歯　歯外,,平18. 7. 1,shika
歯科,10,1800301,ふくしま町歯科クリニック,甘楽郡甘楽町大字福島８１８番地１,0274-74-7451,齊藤　修一,齊藤　修一,歯　小歯　歯外,,平19. 9. 1,shika
歯科,10,1830019,原歯科医院,甘楽郡甘楽町大字金井字猪ヶ久保７６－１,0274-67-7768,原　一史,原　一史,歯　小歯　矯歯　歯外,,平27. 10. 1,shika
歯科,10,1830035,カズデンタルオフィス,甘楽郡甘楽町小幡中道１７５番地１,0274-67-7874,医療法人まつだ会　理事長　松田　一樹,松田　一樹,歯　小歯　歯外,,令4. 9. 1,shika
歯科,10,2100016,望月歯科医院,吾妻郡中之条町大字中之条町８５８,0279-75-3114,平形　浩喜,平形　浩喜,歯　矯歯　小歯,,平19. 9. 20,shika
歯科,10,2100032,木暮歯科医院,吾妻郡中之条町大字中之条町９３０,0279-75-2075,原沢　芳幸,原沢　芳幸,歯　小歯　歯外,,平15. 3. 27,shika
歯科,10,2100172,蟻川歯科医院,吾妻郡中之条町大字中之条町９５０,0279-75-2418,蟻川　篤彦,蟻川　篤彦,歯,,平10. 12. 1,shika
歯科,10,2100412,えきなん歯科クリニック,吾妻郡中之条町大字伊勢町川端１６－１０,0279-76-3155,蟻川　篤俊,蟻川　篤俊,歯,,平13. 4. 15,shika
歯科,10,2100420,斎木歯科医院,吾妻郡中之条町大字伊勢町字上原６９９－１４,0279-75-4187,齋木　一也,齋木　一也,歯　矯歯　小歯　歯外,,平14. 2. 15,shika
歯科,10,2110155,かわごえデンタルクリニック,吾妻郡中之条町大字伊勢町９５１－７,0279-75-3131,医療法人　歯恵会　理事長　川越　靖夫,川越　靖夫,歯　矯歯　小歯,,平19. 7. 17,shika
歯科,10,2100479,萩原歯科医院,吾妻郡長野原町長野原１２７５－９,0279-82-3718,萩原　俊弘,萩原　俊弘,歯,,平25. 1. 1,shika
歯科,10,2100255,安斉歯科医院,吾妻郡嬬恋村三原１８５,0279-97-2112,安齋　秀樹,安齋　秀樹,歯,,平20. 12. 1,shika
歯科,10,2100339,大島歯科医院,吾妻郡嬬恋村大前１,0279-96-1440,大島　雅彦,大島　雅彦,歯　矯歯　小歯,,昭59. 10. 15,shika
歯科,10,2100438,びさいじデンタルクリニック,吾妻郡嬬恋村大前５０－１,0279-80-6480,美才治　大輔,美才治　大輔,歯　矯歯　小歯　歯外,,平14. 3. 1,shika
歯科,10,2100313,芝歯科医院,吾妻郡草津町草津字中島６０９－３,0279-88-4771,芝　髙志,芝　髙志,歯,,昭56. 5. 15,shika
歯科,10,2100362,草津歯科医院,吾妻郡草津町大字草津４４２－４,0279-88-9324,島村　修,島村　修,歯,,平3. 5. 1,shika
歯科,10,2130021,エクシア六本木歯科,吾妻郡草津町草津１１－９,0279-82-1227,吉次　弘志,吉次　弘志,歯,,令元. 9. 1,shika
歯科,10,2100461,松山歯科医院,吾妻郡高山村中山２７６４－３,0279-63-1118,松山　盛雄,松山　盛雄,歯　小歯,,平23. 4. 1,shika
歯科,10,2100453,神辺歯科医院,吾妻郡東吾妻町大字原町５０６１,0279-68-2390,神辺　雅良,神辺　雅良,歯,,平22. 7. 1,shika
歯科,10,2130005,外丸歯科医院,吾妻郡東吾妻町大字岩下２１４番地,0279-67-2155,医療法人平静会　理事長　外丸　隆宜,外丸　雅晴,歯　小歯　歯外,,平27. 7. 1,shika
歯科,10,0500241,かまた歯科医院,利根郡片品村鎌田４００５,0278-58-4618,星野　晃,星野　晃,歯　小歯,,平9. 9. 15,shika
歯科,10,0500308,永井歯科,利根郡川場村谷地２０７４－１,0278-50-1184,永井　晃,永井　晃,歯　矯歯　小歯　歯外,,平19. 10. 15,shika
歯科,10,0510034,医療法人　今成歯科医院,利根郡昭和村大字糸井３８１,0278-24-1211,医療法人　今成歯科医院　理事長　今成　亮,今成　亮,歯,,平4. 9. 1,shika
歯科,10,0500084,関歯科医院,利根郡みなかみ町月夜野５３８,0278-62-2709,関　直樹,関　直樹,歯　小歯,,平11. 7. 20,shika
歯科,10,0500217,倉品歯科医院,利根郡みなかみ町川上２０－２０,0278-72-6480,倉品　宏和,倉品　宏和,歯,,平2. 10. 15,shika
歯科,10,0500233,ファミリー歯科医院,利根郡みなかみ町真庭２８７－１,0278-62-0078,佐藤　ひろみ,佐藤　ひろみ,歯　小歯,,平7. 8. 15,shika
歯科,10,0500316,クリーンデンタル,利根郡みなかみ町下牧１８８－３,0278-25-3100,山口　剛,山口　剛,歯　矯歯　小歯　歯外,,平22. 2. 1,shika
歯科,10,0510067,利根保健生活協同組合　生協みなかみ歯科,利根郡みなかみ町後閑５８７－３,0278-25-3399,利根保健生活協同組合　理事長　大塚　隆幸,坂田　龍義,歯　矯歯　小歯　歯外,,平23. 5. 1,shika
歯科,10,0530008,片野歯科医院,利根郡みなかみ町湯宿温泉５１２－３,0278-64-0413,片野　勝司,片野　勝司,歯　小歯　矯歯　歯外,,令2. 11. 1,shika
歯科,10,0600025,高橋歯科医院,佐波郡玉村町下新田４６５,0270-65-5530,高橋　正邦,高橋　正邦,歯,,平8. 11. 22,shika
歯科,10,0600199,富沢歯科医院,佐波郡玉村町角渕５１１５－５,0270-65-7912,富沢　尚夫,富沢　尚夫,歯,,昭59. 11. 1,shika
歯科,10,0600249,平成歯科クリニック,佐波郡玉村町大字上新田１６４７,0270-64-5555,石井　幸仁,石井　幸仁,歯　矯歯　小歯　歯外,,平2. 1. 4,shika
歯科,10,0600280,からさわ歯科医院,佐波郡玉村町大字上之手１４７１－８,0270-64-2050,柄澤　千春,柄澤　千春,歯　小歯,,平4. 7. 1,shika
歯科,10,0600298,玉村歯科医院,佐波郡玉村町大字上新田６８２－３,0270-64-2222,趙　栄,趙　栄,歯　小歯,,平4. 8. 15,shika
歯科,10,0600322,かたの歯科クリニック,佐波郡玉村町下新田８１５－５,0270-64-2000,片野　陽一,片野　陽一,歯　矯歯　小歯,,平6. 12. 1,shika
歯科,10,0600389,アイリンデンタルクリニック,佐波郡玉村町福島５０９－５,0270-20-4388,田村　京美,田村　京美,歯　小歯,,平10. 3. 15,shika
歯科,10,0600462,武者歯科医院,佐波郡玉村町飯倉７４－１５,0270-64-6161,門平　一志,門平　一志,歯,,平21. 4. 21,shika
歯科,10,0600470,アイ歯科クリニック,佐波郡玉村町箱石８４－２,0270-61-7353,川　睦子,川　睦子,歯　矯歯　小歯　歯外,,平21. 12. 1,shika
歯科,10,0610032,宮内歯科医院,佐波郡玉村町大字板井字天神前２９３－２,0270-65-8665,医療法人　宮内歯科医院　理事長　宮内　美光,宮内　美光,歯,,平2. 4. 1,shika
歯科,10,0610107,たまむら中央歯科,佐波郡玉村町大字上之手１６３５番地２,0270-64-3718,医療法人グラン・ジュテ　理事長　木村　俊介,木村　俊介,歯　矯歯　小歯　歯外,,平22. 5. 1,shika
歯科,10,0630006,こじま歯科,佐波郡玉村町大字角渕字天神５０６６－４,0270-27-8214,児島　暁,児島　暁,歯　小歯　歯外　矯歯,,平26. 9. 1,shika
歯科,10,0630014,さくらデンタルクリニック,佐波郡玉村町斎田１４－３,0270-61-7877,建部　友美,建部　友美,歯　小歯,,平28. 5. 1,shika
歯科,10,0630022,もり歯科クリニック,佐波郡玉村町大字上之手１２８５－２,0270-61-5267,松井　隆剛,松井　隆剛,歯　小歯　矯歯,,平30. 9. 1,shika
歯科,10,0630048,たま歯科クリニック,佐波郡玉村町大字下新田字八幡５８番１,0270-65-6555,井田　修矢,井田　修矢,歯　小歯　歯外　矯歯,,令5. 6. 1,shika
歯科,10,3000074,北村歯科医院,邑楽郡板倉町板倉７５４－１,0276-82-0158,北村　昌夫,北村　昌夫,歯　矯歯　小歯,,平20. 4. 1,shika
歯科,10,3000330,橋本歯科医院,邑楽郡板倉町岩田１３２６,0276-82-1233,橋本　行雄,橋本　行雄,歯,,昭62. 6. 15,shika
歯科,10,3000421,きむら歯科医院,邑楽郡板倉町大字飯野１４８８－２,0276-82-4676,木村　雅子,木村　雅子,歯　矯歯,,平6. 3. 1,shika
歯科,10,3010081,医療法人社団貴庸会村井デンタルクリニック,邑楽郡板倉町朝日野三丁目９番地４,0276-80-4188,医療法人社団貴庸会　理事長　村井　貴康,村井　貴康,歯　矯歯　小歯　歯外,,平23. 5. 1,shika
歯科,10,3010115,増田歯科医院,邑楽郡板倉町大字海老瀬４０７３番地の１,0276-82-4618,医療法人紗裕会　理事長　増田　裕之,増田　裕之,歯　矯歯　小歯　歯外,,平25. 1. 1,shika
歯科,10,3030071,石山歯科医院,邑楽郡板倉町岩田２３６７－８,0276-82-2222,石山　雄一,石山　雄一,歯　小歯　歯外　矯歯,,令2. 1. 1,shika
歯科,10,3000389,おつづみ歯科医院,邑楽郡明和町新里２２５,0276-84-4008,小堤　友之,小堤　友之,歯,,平3. 4. 15,shika
歯科,10,3000637,かわまた駅ビル歯科医院,邑楽郡明和町中谷１２４　ミコーズビル２Ｆ,0276-91-3050,麦倉　稔,麦倉　稔,歯　小歯　歯外　矯歯,,平24. 6. 1,shika
歯科,10,3000363,荒木歯科医院,邑楽郡千代田町鍋谷２５２－３,0276-86-2110,荒木　斉,荒木　斉,歯　小歯,,平元. 2. 1,shika
歯科,10,3000538,野本歯科クリニック,邑楽郡千代田町大字萱野字雷１２３５－５,0276-86-5055,野本　嘉也,野本　嘉也,歯,,平17. 3. 15,shika
歯科,10,3030030,ちよだの森歯科診療所,邑楽郡千代田町赤岩１７２９－１,0276-86-8838,医療法人Ｂｉｏｔｏｐｅ　理事長　金井　靖,金井　靖,歯　小歯　歯外　矯歯,,平29. 9. 1,shika
歯科,10,3030055,ふくだ歯科医院・小児・矯正歯科,邑楽郡千代田町赤岩１０４３,0276-86-2183,福田　優,福田　優,歯　小歯　矯歯　歯外,,令元. 6. 1,shika
歯科,10,3000017,斉藤歯科医院,邑楽郡大泉町城之内１－９－１,0276-62-3149,齊藤　崇,齊藤　崇,歯,,平20. 4. 1,shika
歯科,10,3000132,平沢歯科医院,邑楽郡大泉町富士３－１２－１３,0276-62-2290,平沢　忠,平沢　忠,歯,,昭43. 3. 15,shika
歯科,10,3000140,小西歯科医院,邑楽郡大泉町吉田２０６３,0276-62-5952,小西　卓郎,小西　卓郎,歯,,昭46. 4. 1,shika
歯科,10,3000298,久保田歯科,邑楽郡大泉町朝日２－１－２４,0276-62-5858,久保田　文丈,久保田　文丈,歯,,昭60. 3. 15,shika
歯科,10,3000371,齋藤歯科クリニック,邑楽郡大泉町東小泉２－１０－１,0276-62-8624,齋藤　文利,齋藤　文利,歯　矯歯　小歯,,平2. 6. 15,shika
歯科,10,3000470,大泉かみふさ歯科診療所,邑楽郡大泉町坂田２６６,0276-62-0246,上房　健裕,上房　健裕,歯　小歯,,平11. 1. 1,shika
歯科,10,3000553,石堂歯科クリニック,邑楽郡大泉町西小泉五丁目９－１７,0276-63-8558,根本　典子,根本　典子,歯　小歯,,平17. 11. 15,shika
歯科,10,3000561,いのうえ歯科クリニック,邑楽郡大泉町富士１丁目１６番７号,0276-63-4670,井上　達夫,井上　達夫,歯　小歯　歯外,,平18. 10. 1,shika
歯科,10,3000629,ひとみ歯科クリニック,邑楽郡大泉町富士２－３－１０,0276-62-3434,岡田　仁美,岡田　仁美,歯　小歯,,平23. 6. 1,shika
歯科,10,3000645,仁木歯科クリニック,邑楽郡大泉町北小泉３－４－５,0276-55-0714,仁木　孝行,仁木　孝行,歯　小歯　歯外,,平25. 7. 1,shika
歯科,10,3010057,医療法人　森田歯科医院,邑楽郡大泉町住吉５４－１３,0276-62-6082,医療法人　森田歯科医院　理事長　森田　広志,森田　広志,歯,,平6. 1. 1,shika
歯科,10,3010107,医療法人社団群馬クリア会　太田大泉クリア歯科,邑楽郡大泉町いずみ２丁目３０８６番６,0276-20-1180,医療法人社団群馬クリア会　理事長　石浜　伸,石浜　伸,歯　矯歯　小歯　歯外,,平24. 6. 7,shika
歯科,10,3030048,タクトウ歯科医院,邑楽郡大泉町住吉５７番２号　ベスタ大泉内ダイソー棟,0276-55-2700,医療法人タクトウ歯科医院　理事長　金　卓東,金　卓東,歯　小歯　歯外　矯歯,,平31. 1. 1,shika
歯科,10,3030063,武安歯科医院,邑楽郡大泉町中央二丁目３４番地１１号,0276-62-2264,武安　嘉大,武安　嘉大,歯　歯外,,令元. 10. 1,shika
歯科,10,3030097,高志歯科医院,邑楽郡大泉町仙石４－１６９６－１４８,0276-20-1103,医療法人志成会　理事長　髙志　延秀,髙志　延秀,歯　小歯,,令3. 1. 1,shika
歯科,10,3000348,山川歯科クリニック,邑楽郡邑楽町大字赤堀３８２３－２,0276-88-6480,山川　貴史,山川　貴史,歯　小歯,,昭62. 11. 1,shika
歯科,10,3000405,デンタルクリニックこじま,邑楽郡邑楽町中野３７３７,0276-88-8448,小島　広正,小島　広正,歯,,平4. 8. 1,shika
歯科,10,3000413,やまもと歯科医院,邑楽郡邑楽町篠塚馬場２５６１－１,0276-88-8740,山本　伊仙,山本　伊仙,歯,,平5. 5. 1,shika
歯科,10,3010040,医療法人　邑楽浅沼歯科医院,邑楽郡邑楽町大字狸塚４２８,0276-88-5428,医療法人　邑楽浅沼歯科医院　理事長　浅沼　文子,浅沼　文子,歯,,平3. 4. 1,shika
歯科,10,3010073,黒瀬歯科医院,邑楽郡邑楽町中野１０５９番地３,0276-88-5552,医療法人輝望会　理事長　黒瀬　壮一,黒瀬　壮一,歯　矯歯　小歯,,平21. 12. 1,shika
歯科,10,3030006,るか歯科医院,邑楽郡邑楽町中野２９０１－５,0276-89-8588,青木　流香,青木　流香,歯　小歯,,平26. 4. 1,shika
歯科,10,3030089,大塚歯科クリニック,邑楽郡邑楽町大字中野５１６３番地３,0276-55-6474,大塚　知也,大塚　知也,歯　小歯　歯外,,令2. 4. 1,shika
歯科,10,3030105,りんごデンタルクリニック,邑楽郡邑楽町篠塚１６００－２,0276-55-0465,小島　佑介,小島　佑介,歯　歯外　小歯　矯歯,,令6. 9. 1,shika
薬局,10,0100115,有限会社　小谷薬局,前橋市城東町４－３－１,027-231-4065,有限会社　小谷薬局　代表取締役　石井　正久,石井　正久,,,昭35. 10. 1,yakkyoku
薬局,10,0100354,株式会社清王寺薬局,前橋市日吉町１－２４－４,027-233-8915,株式会社　清王寺薬局　代表取締役　鈴木　素邦,平澤　瑞穂,,,昭35. 10. 1,yakkyoku
薬局,10,0100438,日本調剤　群大前薬局,前橋市昭和町３－１１－１４,027-231-9635,有限会社　群大前薬局　代表取締役社長　矢澤　克佳,髙橋　佑輔,,,平17. 1. 1,yakkyoku
薬局,10,0100586,５０号薬局,前橋市天川大島町２－１－１８,027-224-0327,重原　玲子,重原　拓也,,,平11. 9. 14,yakkyoku
薬局,10,0100750,一般財団法人　同愛会　同愛会薬局,前橋市昭和町３－１１－１３,027-234-2916,一般財団法人　同愛会　理事長　安部　則行,中野　綾,,,昭51. 6. 1,yakkyoku
薬局,10,0100826,コトブキ薬局,前橋市南町３－３３－１１,027-223-1457,石井　直人,石井　睦美,,,昭55. 11. 1,yakkyoku
薬局,10,0100891,臼田漢方薬局,前橋市日吉町１－５－１０,027-233-8672,有限会社　ホリスティク　代表取締役　臼田　豊,臼田　豊,,,昭56. 12. 1,yakkyoku
薬局,10,0101006,若宮調剤薬局,前橋市若宮町１－１－１０,027-234-6881,有限会社　前橋調剤センター　代表取締役　田尻　耕太郎,田尻　耕太郎,,,昭61. 7. 15,yakkyoku
薬局,10,0101055,有限会社　スグタ薬局,前橋市広瀬町２－２－７,027-261-2880,有限会社　スグタ薬局　代表取締役　直田　英彦,直田　英彦,,,平2. 1. 1,yakkyoku
薬局,10,0101170,有限会社　金子調剤薬局,前橋市紅雲町２－２０－１０,027-223-8466,有限会社　金子調剤薬局　代表取締役　金子　典之,金子　真之亮,,,平5. 4. 1,yakkyoku
薬局,10,0101279,前橋調剤薬局文京,前橋市文京町３－１７－１７,027-221-5310,有限会社　前橋医薬分業企画　代表取締役　石井　直人,関　進一,,,平6. 12. 1,yakkyoku
薬局,10,0101311,コスモ２１薬局,前橋市江木町３１－１,027-261-0324,株式会社　須永商事　代表取締役　須永　洋一郎,成　泰士,,,平7. 4. 1,yakkyoku
薬局,10,0101378,二子山薬局,前橋市天川町１２－９,027-224-6555,有限会社　みどり調剤　代表取締役　川上　裕計,三俣　廣幸,,,平7. 12. 1,yakkyoku
薬局,10,0101402,あすか調剤薬局,前橋市朝日町２－１７－２,027-243-7833,有限会社　金子調剤薬局　代表取締役　金子　典之,西村　浩美,,,平8. 3. 15,yakkyoku
薬局,10,0101485,品川薬局　城東店,前橋市城東町４－１７－２,027-233-6860,有限会社　松本医薬分業企画　代表取締役　松本　昌幸,松本　昌幸,,,平9. 3. 1,yakkyoku
薬局,10,0101493,茂木薬局,前橋市元総社町９２３－９５,027-253-3981,茂木　道子,茂木　道子,,,平9. 4. 1,yakkyoku
薬局,10,0101527,二の宮薬局　東店,前橋市西大室町１３１８－１,027-268-5770,有限会社　ケンオウ商会　代表取締役　松本　和幸,赤木　郁子,,,平20. 6. 1,yakkyoku
薬局,10,0101576,亀里薬局,前橋市亀里町３６１－６,027-265-7200,有限会社　創健堂　取締役　大澤　真紀,大澤　真紀,,,平10. 8. 1,yakkyoku
薬局,10,0101618,ひまわり調剤薬局,前橋市上泉町１０５－６,027-260-8152,有限会社　メディカルチェスト　代表取締役　金子　典之,篠﨑　由哉,,,平11. 4. 1,yakkyoku
薬局,10,0101675,おりづる調剤薬局,前橋市下石倉町２０－８,027-280-3535,株式会社　折り鶴　代表取締役　大島　英晃,秋山　恵佑,,,平11. 12. 1,yakkyoku
薬局,10,0101691,トマト薬局,前橋市田口町５９５－１－２０４,027-260-7601,有限会社　メディエイト　代表取締役　大島　恵子,田　利文,,,平12. 8. 1,yakkyoku
薬局,10,0101717,柴崎薬局,前橋市総社町総社１１８２－１０,027-252-7122,有限会社　柴崎薬局　代表取締役　羽鳥　明代,羽鳥　明代,,,平14. 10. 1,yakkyoku
薬局,10,0101758,ウエルシア薬局前橋青柳店,前橋市青柳町字宿前５０４－１,027-219-0681,ウエルシア薬局株式会社　代表取締役　田中　純一,清水　祐希,,,平14. 1. 1,yakkyoku
薬局,10,0101774,マルエ薬局,前橋市亀泉町３－４４,027-264-1221,株式会社　クスリのマルエ　代表取締役　鈴木　暁子,設樂　昇平,,,平14. 3. 15,yakkyoku
薬局,10,0101782,古市調剤薬局,前橋市古市町１－４－１２,027-256-9210,有限会社　ひまわり　代表取締役　間渕　涼子,間渕　孝雄,,,平14. 4. 1,yakkyoku
薬局,10,0101857,フタバ薬局本町店,前橋市本町２－６－１１,027-223-8323,株式会社キュレックス　代表取締役　大川　梨恵子,樋口　啓子,,,平16. 11. 1,yakkyoku
薬局,10,0101865,カワチ薬局前橋南店,前橋市六供町三丁目２番地４０,027-260-8157,株式会社カワチ薬品　代表取締役　河内　伸二,加藤　静香,,,平16. 2. 1,yakkyoku
薬局,10,0101931,上細井調剤薬局,前橋市上細井町１９４６－１,027-219-1056,有限会社吉野薬局　代表取締役　吉野　淳,吉野　淳,,,平16. 9. 1,yakkyoku
薬局,10,0101964,共創未来　すずらん薬局,前橋市朝日町４－１８－１０,027-220-5198,株式会社ファーマみらい　代表取締役　岡山　善郎,新井　敏文,,,平16. 10. 1,yakkyoku
薬局,10,0101972,共創未来　前橋東薬局,前橋市上泉町２８６４－３,027-264-3255,株式会社ファーマみらい　代表取締役　岡山　善郎,小見　憲司,,,平16. 10. 1,yakkyoku
薬局,10,0101980,共創未来　千代田町薬局,前橋市千代田町２－１０－２,027-210-2290,株式会社ファーマみらい　代表取締役　岡山　善郎,横山　秀樹,,,平21. 3. 1,yakkyoku
薬局,10,0102012,荒口薬局,前橋市荒口町５３１－８,027-268-3236,有限会社　松本医薬分業企画　代表取締役　松本　昌幸,鄭　明,,,平17. 4. 1,yakkyoku
薬局,10,0102020,みなみ薬局,前橋市南町３－１１－１,027-220-5228,株式会社キュレックス　代表取締役　大川　梨恵子,阿部　洋美,,,平17. 4. 15,yakkyoku
薬局,10,0102038,二の宮薬局野中店,前橋市野中町１９０－２,027-261-3630,有限会社ケンオウ商会　代表取締役　松本　和幸,長谷川　美都子,,,平17. 5. 1,yakkyoku
薬局,10,0102079,しきしま調剤薬局,前橋市上小出町３－８－６,027-260-1987,有限会社ＧＨファーマ　代表取締役　細川　晋,細川　真奈美,,,平17. 12. 1,yakkyoku
薬局,10,0102095,マルエ薬局川原店,前橋市川原町一丁目４９番地７,027-230-8000,株式会社クスリのマルエ　代表取締役　鈴木　暁子,眞下　真奈美,,,平18. 1. 15,yakkyoku
薬局,10,0102160,けやき薬局,前橋市文京町１－２８－１６,027-210-6702,株式会社福田　代表取締役　福田　幸子,茂木　厚之,,,平21. 9. 24,yakkyoku
薬局,10,0102178,ユニスマイル薬局　おぎくぼ店,前橋市荻窪町字大日１２００－３,027-260-3130,株式会社ユニスマイル　代表取締役　白　成澤,竹内　良明,,,平19. 7. 1,yakkyoku
薬局,10,0102194,ふぁいん薬局　駒形,前橋市上増田町４２２－３,027-266-4193,株式会社ファインファーマシー　代表取締役　池田　明,相澤　信宏,,,平19. 11. 1,yakkyoku
薬局,10,0102244,アイランド薬局　堀越店,前橋市堀越町１１９２－２,027-284-9983,アポクリート株式会社　代表取締役　都筑　朋英,横田　公一,,,平20. 9. 1,yakkyoku
薬局,10,0102269,ウエルシア薬局前橋上新田店,前橋市上新田町５９１－１,027-210-7102,ウエルシア薬局株式会社　代表取締役　田中　純一,田中　賛,,,平20. 10. 1,yakkyoku
薬局,10,0102319,フォレスト調剤薬局,前橋市下大島町５７８－３,027-212-9588,みどり企画株式会社　代表取締役　小池　元,小池　元,,,平20. 12. 1,yakkyoku
薬局,10,0102335,マルエ薬局樋越店,前橋市樋越町８３,027-212-8787,株式会社クスリのマルエ　代表取締役　鈴木　暁子,佐々木　茂,,,平21. 1. 1,yakkyoku
薬局,10,0102368,あい調剤薬局みやぎ店,前橋市鼻毛石町６３７－４,027-280-2115,株式会社イーファーマシー関東　代表取締役　八木　伸幸,佐藤　紀公,,,平21. 3. 1,yakkyoku
薬局,10,0102376,あい調剤薬局上細井店,前橋市上細井町２０６８－６,027-260-6003,株式会社イーファーマシー北日本　代表取締役　八木　伸幸,野崎　康子,,,平21. 3. 1,yakkyoku
薬局,10,0102384,あい調剤薬局日吉店,前橋市日吉町４丁目４－７,027-260-6066,株式会社イーファーマシー関東　代表取締役　八木　伸幸,田中　玲子,,,平21. 3. 1,yakkyoku
薬局,10,0102392,ポピー薬局,前橋市上大島町８７５－３,027-289-2872,有限会社ホリスティク　代表取締役　臼田　豊,星　昌彦,,,平21. 6. 1,yakkyoku
薬局,10,0102426,めぐみ調剤薬局,前橋市石倉町五丁目２２番９,027-289-3331,株式会社籐黄１００　代表取締役　豊邉　将晴,豊邉　将晴,,,平21. 10. 1,yakkyoku
薬局,10,0102442,かたかい調剤薬局,前橋市西片貝町３－３８０－１ハイツ桃瀬１０５,027-210-6668,株式会社イソップ　代表取締役　磯田　勝利,磯田　愛海,,,平21. 10. 1,yakkyoku
薬局,10,0102459,ファイン薬局　紅雲,前橋市紅雲町１丁目３２４－１,027-289-4193,株式会社ファインファーマシー　代表取締役　池田　明,大墳　玲子,,,平21. 12. 1,yakkyoku
薬局,10,0102467,コスモファーマ薬局　川端店,前橋市川端町１５２番地３,027-219-2552,株式会社コスモファーマ東京　代表取締役　藤田　愛里,藏方　昌史,,,平21. 12. 1,yakkyoku
薬局,10,0102517,日本調剤　前橋薬局,前橋市上新田町５８６番地の１,027-256-9500,日本調剤株式会社　代表取締役社長　小城　和紀,瀬戸　峻介,,,平22. 10. 1,yakkyoku
薬局,10,0102525,アイリス薬局　青梨子店,前橋市青梨子町字八幡８１１番地５,027-289-9870,有限会社アスク　代表取締役　荒川　昌司,松本　篤,,,平22. 11. 1,yakkyoku
薬局,10,0102533,じゅん薬局　下沖町店,前橋市下沖町３３６番地２,027-288-0284,株式会社ＰＭＰ　代表取締役　松山　純也,浅利　忠行,,,平23. 7. 1,yakkyoku
薬局,10,0102541,コストコホールセール前橋倉庫店薬局,前橋市鶴光路町１３７－２,027-287-4004,コストコホールセールジャパン株式会社　代表取締役　ケリー・ライアン・ハント,永峯　康弘,,,平23. 8. 26,yakkyoku
薬局,10,0102558,ゆず薬局　朝倉店,前橋市朝倉町８２４－２,027-289-3500,株式会社ＪＢＩ財務マネジメント　代表取締役　田中　和久,長澤　順,,,平23. 9. 1,yakkyoku
薬局,10,0102616,共創未来　大利根薬局,前橋市大利根町一丁目３３番地６号,027-210-5222,株式会社ファーマみらい　代表取締役　岡山　善郎,藤倉　晋,,,平24. 2. 1,yakkyoku
薬局,10,0102632,ウイン調剤薬局下大島店,前橋市下大島町字西屋浦７４１－１,027-288-0330,有限会社ウインファーマ　代表取締役　藤田　勝久,森　望,,,平24. 2. 1,yakkyoku
薬局,10,0102657,リズム薬局,前橋市駒形町５７１－２,027-226-5522,株式会社アーネクト　代表取締役　畑　享志,川島　万亀,,,平24. 5. 1,yakkyoku
薬局,10,0102681,富士薬局　東前橋店,前橋市堀之下町４８５－３,027-269-8560,有限会社富士薬局　代表取締役　石塚　栄,石井　創悦,,,平24. 11. 1,yakkyoku
薬局,10,0140004,クリエイト薬局前橋上小出店,前橋市上小出町２－４－９,027-210-2281,株式会社クリエイトエス・ディー　代表取締役　瀧屋　幸彦,那須川　朋子,,,平25. 9. 1,yakkyoku
薬局,10,0140012,フロンティア薬局紅雲町店,前橋市紅雲町一丁目２番１７号,027-260-8222,株式会社フロンティア　代表取締役　重森　裕之,梅枝　悠子,,,平25. 10. 1,yakkyoku
薬局,10,0140053,もものせ調剤薬局,前橋市西片貝町３－２８８－４,027-260-9363,株式会社折り鶴　代表取締役　大島　英晃,高橋　佑生,,,平25. 10. 1,yakkyoku
薬局,10,0140061,調剤薬局元気の森,前橋市西片貝町３－１２３－２,027-260-8636,株式会社折り鶴　代表取締役　大島　英晃,牛久保　雅教,,,平25. 10. 1,yakkyoku
薬局,10,0140087,ウエルシア薬局前橋荒牧店,前橋市荒牧町１－２４－１,027-219-2564,ウエルシア薬局株式会社　代表取締役　田中　純一,鈴木　優奈,,,平25. 11. 1,yakkyoku
薬局,10,0140095,そら薬局箱田店,前橋市稲荷新田町中之免２２２番１０,027-289-6296,株式会社ネクストメディカル　一時取締役兼代表取締役職務代行者　小渕　喜代治,内山　路晴,,,平26. 2. 1,yakkyoku
薬局,10,0140103,すばる薬局　紅雲町店,前橋市紅雲町２－３０－３,027-226-1166,生駒　陽一,近藤　泰雄,,,平26. 4. 1,yakkyoku
薬局,10,0140111,未来薬局　上泉店,前橋市上泉町２８７２－２０,027-226-1192,未来調剤株式会社　代表取締役　藤田　勝成,反保　理恵,,,平26. 4. 1,yakkyoku
薬局,10,0140129,オリオン薬局,前橋市六供町五丁目１－２５,027-212-6660,株式会社スターパートナーズ　代表取締役　石本　直哉,石本　悟,,,平26. 6. 1,yakkyoku
薬局,10,0140137,カワチ薬局　下小出店,前橋市下小出町１－１－５,027-219-2560,株式会社カワチ薬品　代表取締役　河内　伸二,根井　彰浩,,,平26. 8. 1,yakkyoku
薬局,10,0140152,ファミル薬局　朝倉店,前橋市朝倉町９４２－４,027-212-3223,有限会社ファミル　代表取締役　田中　隆徳,綿引　卓,,,平26. 10. 1,yakkyoku
薬局,10,0140160,クスリのアオキ総社薬局,前橋市総社町二丁目１３番９,027-210-5211,株式会社クスリのアオキ　代表取締役　青木　宏憲,澤田　梓,,,平26. 11. 1,yakkyoku
薬局,10,0140186,クローバー薬局,前橋市石倉町二丁目３－１,027-289-2161,株式会社エムスタイル　代表取締役　森田　五郎,海老澤　友里,,,平26. 11. 1,yakkyoku
薬局,10,0140194,ツカサ薬局,前橋市下小出町一丁目１９－４３,027-219-2711,メディックス株式会社　代表取締役　細野　好司,南舘　美和,,,平26. 12. 15,yakkyoku
薬局,10,0140202,かなで薬局,前橋市粕川町新屋２４６－１,027-289-2622,株式会社ライフウィズ　代表取締役　毛利　隆宏,畠山　文子,,,平27. 1. 1,yakkyoku
薬局,10,0140210,クララ薬局,前橋市表町２－１０－２,027-289-3355,株式会社キュレックス　代表取締役　大川　梨惠子,花田　茉奈美,,,平27. 2. 1,yakkyoku
薬局,10,0140244,ウエルシア薬局前橋北代田店,前橋市北代田町６４９番地４,027-219-1355,ウエルシア薬局株式会社　代表取締役　田中　純一,井川　拓巳,,,平27. 8. 1,yakkyoku
薬局,10,0140251,前橋市薬剤師会会営薬局,前橋市紅雲町一丁目２番１５号,027-223-8400,一般社団法人前橋市薬剤師会　代表理事　佐藤　岳彦,齋藤　哲也,,,平27. 10. 1,yakkyoku
薬局,10,0140285,クスリのアオキ南町薬局,前橋市南町一丁目１７番２３号,027-289-5200,株式会社クスリのアオキ　代表取締役　青木　宏憲,久住　竜次,,,平27. 12. 1,yakkyoku
薬局,10,0140301,前橋南薬局,前橋市ぬで島町５６番１,027-226-5176,タヌマ企画株式会社　代表取締役　田沼　信孝,田沼　信孝,,,平28. 4. 1,yakkyoku
薬局,10,0140327,調剤二の宮薬局,前橋市笂井町８１－１,027-212-8201,有限会社　ケンオウ商会　代表取締役　松本　和幸,松本　和幸,,,平28. 5. 1,yakkyoku
薬局,10,0140335,つむぎ薬局,前橋市西片貝町１丁目２１２－４,027-210-4970,タケメディカル株式会社　代表取締役　青木　潤一郎,森本　克哉,,,平28. 7. 1,yakkyoku
薬局,10,0140343,かなで薬局　二之宮店,前橋市二之宮町１９８８－２,027-289-6582,株式会社ライフウィズ　代表取締役　毛利　隆宏,藤巻　まどか,,,平28. 7. 1,yakkyoku
薬局,10,0140368,栄寿薬局,前橋市紅雲町１－６－１５,027-224-3310,株式会社ＹＨＯ　代表取締役　直井　優幸,清水　淳子,,,平28. 8. 1,yakkyoku
薬局,10,0140376,ヘルシー薬局,前橋市幸塚町９０－２,027-237-3033,有限会社ヘルスケア　代表取締役　佐藤　岳彦,菊地　尚子,,,平28. 9. 1,yakkyoku
薬局,10,0140384,こいで調剤薬局,前橋市上小出町２－４２－８,027-289-6292,有限会社吉野薬局　代表取締役　吉野　淳,須田　一仁,,,平28. 10. 1,yakkyoku
薬局,10,0140392,ウエルシア薬局前橋富士見町店,前橋市富士見町田島６４－１,027-289-1981,ウエルシア薬局株式会社　代表取締役　田中　純一,小林　直樹,,,平28. 10. 1,yakkyoku
薬局,10,0140400,アイランド薬局　田口町店,前橋市田口町字東橘１０５３－７,027-237-4189,アポクリート株式会社　代表取締役　都筑　朋英,野口　亮一,,,平28. 12. 1,yakkyoku
薬局,10,0140426,ときざわ薬局,前橋市富士見町時沢横堀１８６９－４,027-289-6913,株式会社Ｄ＆Ｌ　代表取締役　新井　利久,上原　栄子,,,平29. 4. 1,yakkyoku
薬局,10,0140434,メープル薬局　こまがた店,前橋市駒形町５５７－４,027-288-0458,株式会社アーネクト　代表取締役　　畑　享志,篠原　初恵,,,平29. 5. 1,yakkyoku
薬局,10,0140459,マミー調剤薬局,前橋市青柳町４７４－１５,027-232-2013,有限会社前橋医薬分業企画　代表取締役　石井　直人,石井　直人,,,平29. 8. 1,yakkyoku
薬局,10,0140467,マルエ薬局　前橋朝倉店,前橋市朝倉町１６１－１,027-212-5705,株式会社クスリのマルエ　代表取締役　鈴木　暁子,篠原　將浩,,,平29. 9. 1,yakkyoku
薬局,10,0140475,カワチ薬局　大利根店,前橋市下新田町２９９－１,027-256-7250,株式会社カワチ薬品　代表取締役　河内　伸二,長澤　綱城,,,平29. 10. 1,yakkyoku
薬局,10,0140483,さくら薬局　前橋荒牧店,前橋市荒牧町２－６－２２,027-235-9099,クラフト株式会社　代表取締役　新井　勝,松原　尚司,,,平29. 10. 1,yakkyoku
薬局,10,0140491,アイセイ薬局　大胡店,前橋市樋越町８７４番地,027-280-2552,株式会社アイセイ薬局　代表取締役　藤井　江美,髙橋　克彦,,,平29. 10. 1,yakkyoku
薬局,10,0140509,さくら薬局　前橋駒形店,前橋市駒形町１５４２－１９,027-289-5510,クラフト株式会社　代表取締役　新井　勝,星野　則久,,,平29. 11. 1,yakkyoku
薬局,10,0140525,ユニスマイル薬局　前橋うつぼい店,前橋市笂井町７６－１,027-289-3720,株式会社ユニスマイル　代表取締役　白　成澤,遠坂　純,,,平30. 1. 1,yakkyoku
薬局,10,0140533,アリス調剤薬局,前橋市上大屋町３９－３,027-280-2030,株式会社ユニスマイル　代表取締役　白　成澤,木村　高士,,,平30. 1. 1,yakkyoku
薬局,10,0140541,にいぼり薬局,前橋市新堀町１０３８－２,027-226-6204,株式会社Ｄ＆Ｌ　代表取締役　新井　利久,新井　利久,,,平30. 4. 1,yakkyoku
薬局,10,0140558,共創未来　朝倉薬局,前橋市朝倉町５１４－５,027-289-9116,株式会社ファーマみらい　代表取締役　岡山　善郎,和田　圭祐,,,平30. 6. 1,yakkyoku
薬局,10,0140566,トリム薬局　前橋店,前橋市朝倉町４３１－５,027-290-3351,ファーマライズ株式会社　代表取締役　松浦　惠子,須田　景子,,,平30. 6. 1,yakkyoku
薬局,10,0140582,日本調剤　前橋日赤前薬局,前橋市朝倉町４２１－１,027-289-4722,日本調剤株式会社　代表取締役社長　小城　和紀,髙柳　祐子,,,平30. 6. 1,yakkyoku
薬局,10,0140590,久保田薬局,前橋市朝倉町１－４－１,027-263-2478,有限会社久保田薬局　代表取締役　久保田　治利,久保田　治利,,,平30. 6. 9,yakkyoku
薬局,10,0140616,あい調剤薬局,前橋市西片貝町５－２１－６,027-220-1112,株式会社イーファーマシー東日本　代表取締役　八木　伸幸,鈴木　智,,,平30. 10. 9,yakkyoku
薬局,10,0140624,よつば薬局,前橋市上泉町９３８－１,027-289-6570,株式会社Ｔ３ファーマシー　代表取締役　田中　若,阿久澤　政美,,,平30. 12. 1,yakkyoku
薬局,10,0140632,ウイン調剤薬局　前橋日赤前店,前橋市朝倉町４１９－１,027-289-6260,有限会社ウインファーマ　代表取締役　藤田　勝久,平井　大之,,,平31. 2. 1,yakkyoku
薬局,10,0140640,マルエ薬局前橋天川原店,前橋市天川原町１－２１－１,027-289-6262,株式会社クスリのマルエ　代表取締役　鈴木　暁子,塚本　光昭,,,平31. 2. 1,yakkyoku
薬局,10,0140657,あおば薬局前橋店,前橋市朝倉町８３９－６,027-265-6868,一般社団法人群馬保健企画　代表理事　野口　陽一,松本　律子,,,平31. 4. 1,yakkyoku
薬局,10,0140665,コアラ薬局前橋店,前橋市城東町３－１９－１－１,027-237-4545,一般社団法人群馬保健企画　代表理事　野口　陽一,安藤　義晃,,,平31. 4. 1,yakkyoku
薬局,10,0140681,ウエルシア薬局前橋六供町店,前橋市六供町五丁目３３番地２６,027-290-3522,ウエルシア薬局株式会社　代表取締役　田中　純一,長橋　亮,,,令元. 8. 1,yakkyoku
薬局,10,0140699,ネクスト調剤薬局　新前橋店,前橋市古市町１８０－２,027-289-4841,ウエストメディカルファーマ株式会社　代表取締役　西澤　堅次,西澤　和香子,,,令元. 8. 1,yakkyoku
薬局,10,0140707,南天薬局,前橋市下小出町２－２０－３　サンヒルズ下小出１０５号室,027-225-8230,平賀プロ合同会社　代表社員　藤原　將平,藤原　將平,,,令元. 9. 1,yakkyoku
薬局,10,0140723,スギ薬局　三俣店,前橋市三俣町２－１０－６,027-289-2962,株式会社スギ薬局　代表取締役　杉浦　伸哉,関江　咲梨,,,令元. 12. 1,yakkyoku
薬局,10,0140749,共創未来　もとぎ薬局,前橋市茂木町５－４,027-289-4325,株式会社ファーマみらい　代表取締役　岡山　善郎,西村　雅子,,,令2. 3. 1,yakkyoku
薬局,10,0140756,マルエ薬局前橋西片貝店,前橋市西片貝町１丁目２９５番地１７,027-226-6961,株式会社クスリのマルエ　代表取締役　鈴木　暁子,田中　瑛李,,,令2. 4. 1,yakkyoku
薬局,10,0140764,クスリのアオキ高井薬局,前橋市高井町１－３５－６４,027-212-7525,株式会社クスリのアオキ　代表取締役　青木　宏憲,岡田　和也,,,令2. 5. 1,yakkyoku
薬局,10,0140772,クスリのアオキ城東薬局,前橋市城東町３－２１－７,027-225-8234,株式会社クスリのアオキ　代表取締役　青木　宏憲,大田　卓,,,令2. 8. 1,yakkyoku
薬局,10,0140780,はんの木薬局,前橋市下小出町２－５２－２４,027-289-3871,株式会社須永商事　代表取締役　須永　洋一郎,大塚　晴義,,,令2. 9. 1,yakkyoku
薬局,10,0140798,アリエス薬局,前橋市小屋原町５８２－１,027-212-8818,株式会社スターパートナーズ　代表取締役　石本　直哉,大嶋　一恵,,,令2. 10. 1,yakkyoku
薬局,10,0140806,前橋中央薬局,前橋市上佐鳥町６７－２,027-289-3193,株式会社ＹＨＯ　代表取締役　直井　優幸,中曽根　拓史,,,令2. 10. 1,yakkyoku
薬局,10,0140814,マルエ薬局前橋元総社蒼海店,前橋市元総社町１８５０,027-212-9175,株式会社クスリのマルエ　代表取締役　鈴木　暁子,眞下　晴菜,,,令2. 10. 1,yakkyoku
薬局,10,0140822,ウエルシア薬局前橋西片貝店,前橋市西片貝町５－１４－１,027-220-1501,ウエルシア薬局株式会社　代表取締役　田中　純一,金　永男（松岡永男）,,,令2. 10. 1,yakkyoku
薬局,10,0140830,スギ薬局朝日町店,前橋市朝日町２－１８－７,027-223-8426,株式会社スギ薬局　代表取締役　杉浦　伸哉,清水　裕太,,,令2. 10. 1,yakkyoku
薬局,10,0140848,サンライズファーマシー,前橋市朝日町一丁目３４番２号,027-220-5615,株式会社折り鶴　代表取締役　大島　英晃,竹内　紀子,,,令2. 10. 1,yakkyoku
薬局,10,0140855,おおご調剤薬局,前橋市茂木町２４５－８,027-280-2002,株式会社折り鶴　代表取締役　大島　英晃,倉林　俊彰,,,令2. 10. 1,yakkyoku
薬局,10,0140863,つばさ薬局天川原店,前橋市天川原町１－１４－１６,027-289-2142,有限会社つばさ薬局　代表取締役　高野　由博,田村　由紀子,,,令2. 11. 1,yakkyoku
薬局,10,0140889,ウエルシア薬局前橋岩神店,前橋市岩神町２－２３－２０,027-219-0163,ウエルシア薬局株式会社　代表取締役　田中　純一,田部井　健,,,令3. 2. 1,yakkyoku
薬局,10,0140939,めぐみ調剤薬局蒼海店,前橋市総社町総社３５９６－１,027-212-9835,株式会社籐黄１００　代表取締役　豊邉　将晴,金井　千佳江,,,令3. 5. 1,yakkyoku
薬局,10,0140947,スギ薬局前橋関根店,前橋市関根町２－２７－２,027-289-4678,株式会社スギ薬局　代表取締役　杉浦　伸哉,池内　純,,,令3. 7. 1,yakkyoku
薬局,10,0140954,クスリのアオキ天川大島薬局,前橋市天川大島町２４０－１,027-226-1184,株式会社クスリのアオキ　代表取締役　青木　宏憲,久住　伊織,,,令3. 7. 1,yakkyoku
薬局,10,0140962,ネクスト調剤薬局境屋,前橋市住吉町１－１６－１４,027-231-2611,ウエストメディカルファーマ株式会社　代表取締役　西澤　堅次,藤原　崇,,,令3. 7. 1,yakkyoku
薬局,10,0140970,ウエルシア薬局前橋三俣店,前橋市三俣町３－１８－１,027-219-0600,ウエルシア薬局株式会社　代表取締役　田中　純一,福田　崇士,,,令3. 7. 8,yakkyoku
薬局,10,0140988,マルエ薬局大胡店,前橋市堀越町３４６－１,027-283-8600,株式会社クスリのマルエ　代表取締役　鈴木　暁子,永野　知樹,,,令3. 8. 1,yakkyoku
薬局,10,0140996,クスリのアオキ小相木薬局,前橋市小相木町５８８,027-289-2284,株式会社クスリのアオキ　代表取締役　青木　宏憲,和田　晋太郎,,,令3. 9. 1,yakkyoku
薬局,10,0141002,オハナ薬局前橋朝日店,前橋市朝日町１－１８－２３,027-226-6718,ウインファーマ株式会社　代表取締役　藤田　勝成,森　昴史,,,令3. 12. 1,yakkyoku
薬局,10,0141010,オハナ薬局前橋川原町店,前橋市川原町２－２５－８,027-212-3670,ウインファーマ株式会社　代表取締役　藤田　勝成,坂庭　緑,,,令3. 12. 1,yakkyoku
薬局,10,0141028,ウエルシア薬局前橋天川大島店,前橋市天川大島町３３－１,027-290-6155,ウエルシア薬局株式会社　代表取締役　田中　純一,狩野　亮,,,令4. 2. 1,yakkyoku
薬局,10,0141036,きらきら薬局,前橋市関根町２－２１－１０,027-212-7770,株式会社トモズ　代表取締役　角谷　真司,岡安　泰佑,,,令4. 3. 1,yakkyoku
薬局,10,0141051,あじさい薬局前橋大利根店,前橋市大利根町２－３２－１２,027-225-2430,株式会社ＴＣメディカル　代表取締役　木村　厚介,近藤　優人,,,令4. 5. 1,yakkyoku
薬局,10,0141069,アエル薬局,前橋市古市町１－５６－５,027-212-8880,株式会社Ｙケミカル　代表取締役　平井　康博,遠山　香,,,令4. 6. 1,yakkyoku
薬局,10,0141077,赤城調剤薬局,前橋市城東町３－１０－１５,027-237-2371,エフティスリー株式会社　代表取締役　舟橋　智裕,奈良　見恵子,,,令4. 7. 1,yakkyoku
薬局,10,0141101,ルピナス薬局,前橋市川原町２－２－４,027-219-2700,株式会社Ｔ３ファーマシー　代表取締役　田中　若,茂木　利充,,,令4. 11. 1,yakkyoku
薬局,10,0141119,クスリのアオキ富士見薬局,前橋市富士見町小暮２８２－１,027-212-4272,株式会社クスリのアオキ　代表取締役　青木　宏憲,永井　翔,,,令4. 11. 1,yakkyoku
薬局,10,0141127,スギ薬局前橋朝倉店,前橋市朝倉町９２３,027-212-4256,株式会社スギ薬局　代表取締役　杉浦　伸哉,星野　真也,,,令4. 12. 1,yakkyoku
薬局,10,0141135,クリエイト薬局前橋総社町店,前橋市総社町高井５４０,027-280-3012,株式会社クリエイトエス・ディー　代表取締役　瀧屋　幸彦,藤井　明菜,,,令5. 1. 1,yakkyoku
薬局,10,0141143,マルエ薬局ショッピングタウン川原店,前橋市川原町２－４－９,027-289-3047,株式会社クスリのマルエ　代表取締役　鈴木　暁子,岡田　房子,,,令5. 3. 1,yakkyoku
薬局,10,0141150,バイオリン薬局,前橋市元総社町１６１３－３,027-288-0684,株式会社フォーリーフファーマ　代表取締役　小澤　雅治,大澤　恵,,,令5. 3. 1,yakkyoku
薬局,10,0141176,はまだ調剤薬局,前橋市表町２－２６－１４,027-289-5600,株式会社　エーピーエス　代表取締役　荒木　由起子,相川　潤,,,令5. 4. 1,yakkyoku
薬局,10,0141192,かりん薬局,前橋市端気町３８３－２,027-264-3080,株式会社フィールドファーマシー　代表取締役　岩下　正志,亀井　昭典,,,令5. 8. 1,yakkyoku
薬局,10,0141200,つのだ薬局,前橋市城東町１－３２－４,027-210-1278,株式会社フィールドファーマシー　代表取締役　岩下　正志,深澤　頼子,,,令5. 8. 1,yakkyoku
薬局,10,0141218,あらまき薬局,前橋市荒牧町２－２８－１,027-289-4252,株式会社フィールドファーマシー　代表取締役　岩下　正志,栗原　一紘,,,令5. 8. 1,yakkyoku
薬局,10,0141226,まりも薬局,前橋市上泉町１４５２－３,027-226-1281,株式会社フィールドファーマシー　代表取締役　岩下　正志,春田　伴枝,,,令5. 8. 1,yakkyoku
薬局,10,0141234,クスリのアオキ前橋下大島薬局,前橋市下大島町１１０９－１,027-212-4286,株式会社クスリのアオキ　代表取締役　青木　宏憲,川崎　真由美,,,令5. 10. 1,yakkyoku
薬局,10,0141242,クスリのアオキ粕川薬局,前橋市粕川町中３２８－１,027-225-2401,株式会社クスリのアオキ　代表取締役　青木　宏憲,矢端　文彦,,,令5. 10. 1,yakkyoku
薬局,10,0141259,つつじ薬局,前橋市東善町７１,027-289-4668,有限会社セントラルファーマシー　代表取締役　柴﨑　均,主代　政則,,,令5. 9. 1,yakkyoku
薬局,10,0141267,ツリー薬局前橋みなみモール店,前橋市新堀町１０４７,027-212-5639,ツリー調剤株式会社　代表取締役　小此木　淳史,小此木　淳史,,,令5. 11. 1,yakkyoku
薬局,10,0141275,クオール薬局前橋南店,前橋市鶴光路町３４６－２,027-226-5869,クオール株式会社　代表取締役　柄澤　忍,石田　あかり,,,令5. 12. 1,yakkyoku
薬局,10,0141283,調剤薬局ワイズ　前橋店,前橋市六供町２－５－１０みらいＲＯＣＫ　Ｂ号室,027-225-2248,株式会社８８メディカル　代表取締役　田中　洸太,設楽　理人,,,令5. 12. 1,yakkyoku
薬局,10,0141291,カワチ薬局天川大島店,前橋市天川大島町４９－１,027-289-9562,株式会社カワチ薬品　代表取締役　河内　伸二,八木澤　香織,,,令6. 1. 1,yakkyoku
薬局,10,0141309,マルエ薬局駒形店,前橋市下大島町１１５１－１,027-288-0660,株式会社クスリのマルエ　代表取締役　鈴木　暁子,畠中　玲菜,,,令6. 1. 1,yakkyoku
薬局,10,0141317,ことり薬局荒牧店,前橋市荒牧町２－３３－１０,027-231-2201,ことりメディカル株式会社　代表取締役　桒子　修司,福島　輝明,,,令6. 1. 1,yakkyoku
薬局,10,0141325,みたか薬局,前橋市朝倉町３－３４－５,027-212-0952,山口　秀樹,山口　美幸,,,令6. 6. 1,yakkyoku
薬局,10,0141333,サンドラッグ新前橋調剤薬局,前橋市古市町１８０－１フォレストモール新前橋　Ｋ棟,027-212-0705,株式会社サンドラッグ　代表取締役　貞方　宏司,大矢　由希乃,,,令6. 4. 1,yakkyoku
薬局,10,0141341,すみれ薬局,前橋市小相木町１－１－３,027-212-0281,株式会社コンフィ　代表取締役　富山　文秋,水野　成晴,,,令6. 2. 1,yakkyoku
薬局,10,0141358,スギ薬局　大友店,前橋市大友町３－２－５,027-254-0857,株式会社スギ薬局　代表取締役　杉浦　伸哉,竹内　惇,,,令6. 5. 1,yakkyoku
薬局,10,0141366,くるみ薬局,前橋市江木町１２４８－６,027-269-2068,株式会社さかた調剤　代表取締役　坂田　政夫,坂田　政夫,,,令6. 5. 7,yakkyoku
薬局,10,0141408,マルエ薬局前橋プラザ元気２１店,前橋市本町２－１２－１前橋プラザ元気２１　Ｂ１Ｆ,027-226-6190,株式会社クスリのマルエ　代表取締役　鈴木　暁子,栗山　強志,,,令6. 6. 1,yakkyoku
薬局,10,0141416,リーフ薬局　元総社蒼海店,前橋市元総社町１５７９,027-289-0470,株式会社フォーリーフファーマ　代表取締役　小澤　雅治,齊藤　美智子,,,令6. 8. 1,yakkyoku
薬局,10,0141424,えがお薬局,前橋市前箱田町１３－１,027-212-9017,株式会社結　代表取締役　多胡　涼平,多胡　涼平,,,令6. 10. 1,yakkyoku
薬局,10,0141432,日本調剤新前橋薬局,前橋市下石倉町２８－３,027-212-5159,日本調剤株式会社　代表取締役社長　小城　和紀,加藤　晶久,,,令6. 10. 1,yakkyoku
薬局,10,0141440,かなで薬局総社店,前橋市総社町１－１－３５,027-289-3821,株式会社ライフウィズ　代表取締役　毛利　隆宏,平尾　恵理奈,,,令6. 10. 1,yakkyoku
薬局,10,0141457,からまつ調剤薬局,前橋市石倉町２－３－１４,027-212-0488,株式会社エムスタイル　代表取締役　森田　五郎,峯岸　雅敏,,,令6. 10. 1,yakkyoku
薬局,10,0141465,ツカサ薬局　せきね店,前橋市関根町２－９－１５,027-289-3803,メディックス株式会社　代表取締役　細野　好司,澤田　怜,,,令6. 9. 30,yakkyoku
薬局,10,0141473,ウエルシア薬局前橋青柳南店,前橋市青柳町４６４－１,027-212-4793,ウエルシア薬局株式会社　代表取締役　田中　純一,森岡　修平,,,令7. 1. 1,yakkyoku
薬局,10,0141481,ウイン薬局　前橋駒形店,前橋市駒形町１０６３－２,027-212-8607,ウインファーマ株式会社　代表取締役　藤田　勝成,千保木　美智子,,,令7. 5. 1,yakkyoku
薬局,10,0141499,アイン薬局　群大店,前橋市下小出町２－８－１,027-212-8425,株式会社アイン中央　代表取締役　鈴木　奈々絵,目黒　裕也,,,令7. 5. 1,yakkyoku
薬局,10,0141507,アイン薬局　前橋店,前橋市上新田町５８４－１０,027-280-5181,株式会社アイン中央　代表取締役　鈴木　奈々絵,金井　良記,,,令7. 5. 1,yakkyoku
薬局,10,0141515,アイン薬局　前橋川原町店,前橋市川原町２－９－１７,027-212-5200,株式会社アイン中央　代表取締役　鈴木　奈々絵,友利　啓人,,,令7. 5. 1,yakkyoku
薬局,10,0141523,つばき薬局,前橋市下小出町３－１２－５,027-212-4822,合同会社カノヤ　代表社員　加野　桂佑,高橋　しおり,,,令7. 7. 1,yakkyoku
薬局,10,0141531,マルエ薬局箱田店,前橋市箱田町２３－１,027-212-3645,株式会社クスリのマルエ　代表取締役　鈴木　暁子,中島　一暁,,,令7. 9. 1,yakkyoku
薬局,10,0141549,クスリのアオキ西片貝薬局,前橋市西片貝町４－１６－７,027-212-4941,株式会社クスリのアオキ　代表取締役　青木　宏憲,高橋　駆琉,,,令7. 9. 1,yakkyoku
薬局,10,0141556,なんきつ調剤薬局,前橋市荒牧町１－１５－５,027-226-6551,株式会社明翔メディカル　代表取締役　照井　禎之,三根山　瑞希,,,令7. 7. 1,yakkyoku
薬局,10,0141564,あずま調剤薬局,前橋市箱田町９９２－９,027-212-5050,株式会社明翔メディカル　代表取締役　照井　禎之,伊藤　雅之,,,令7. 7. 1,yakkyoku
薬局,10,0141580,青梨子調剤薬局,前橋市青梨子町１７１１－６,027-289-0417,株式会社ＹＨＯ　代表取締役　直井　優幸,春田　良典,,,令7. 10. 1,yakkyoku
薬局,10,0141598,ふじみ　みないろ薬局,前橋市富士見町原之郷９３２－１,027-288-3755,株式会社メディファー　代表取締役　遠藤　俊一,飯塚　明香,,,令7. 9. 1,yakkyoku
薬局,10,0141606,つるまう薬局,前橋市元総社町２４６８－３,027-231-4173,株式会社折り鶴　代表取締役　大島　英晃,長岡　英誠,,,令7. 9. 1,yakkyoku
薬局,10,0141614,文京調剤薬局,前橋市天川町１６６７－２１,027-289-3623,有限会社つばさ薬局　代表取締役　高野　由博,熊谷　慎一,,,令7. 9. 1,yakkyoku
薬局,10,0141622,みやぎ在宅薬局,前橋市鼻毛石町８８７－２８,027-289-6153,株式会社ペガサス　代表取締役　本橋　正二郎,本橋　裕揮,,,令8. 3. 1,yakkyoku
薬局,10,0141630,あい調剤薬局江木店,前橋市江木町１１３－２,027-212-1487,株式会社イーファーマシー北日本　代表取締役　八木　伸幸,八木　宏幸,,,令8. 5. 1,yakkyoku
薬局,10,0141648,富士薬局　山王店,前橋市山王町１－２－９,027-280-8239,有限会社富士薬局　代表取締役　石塚　栄,村上　多恵,,,令8. 3. 1,yakkyoku
薬局,10,0141655,よつき薬局　前橋南店,前橋市南町２丁目１０番８の１,027-289-8515,メディケージ株式会社　代表取締役　町田　啓司,横林　顯,,,令8. 4. 1,yakkyoku
薬局,10,0141671,プリム薬局,前橋市元総社町１１８５－１,027-226-1964,株式会社明翔メディカル　代表取締役　照井　禎之,神尾　尚志,,,令8. 6. 1,yakkyoku
薬局,10,0400051,キジマ薬局,前橋市堀越町１１０４,027-283-2192,木島　元子,木島　元子,,,昭45. 2. 2,yakkyoku
薬局,10,0400192,共創未来　フラワー薬局,前橋市樋越町６６３－１,027-280-2515,株式会社ファーマみらい　代表取締役　岡山　善郎,篠原　淳,,,平16. 10. 1,yakkyoku
薬局,10,1000512,株式会社　クロサワ薬局東口支店,高崎市栄町１４－１,027-322-2217,株式会社　クロサワ薬局　代表取締役　黒澤　久美子,黒澤　久美子,,,昭41. 6. 1,yakkyoku
薬局,10,1000652,髙野薬局,高崎市貝沢町１２４１－１,027-362-2267,髙野　由美子,髙野　由美子,,,昭50. 6. 15,yakkyoku
薬局,10,1000926,有限会社　快晴堂薬局,高崎市八島町７０－４９,0273-22-5584,有限会社　快晴堂薬局　代表取締役　平木　弘,平木　弘,,,平2. 10. 1,yakkyoku
薬局,10,1000967,関根薬局,高崎市片岡町１－１９－１２,027-325-6898,有限会社　関根健吉堂薬局　代表取締役　関根　孝浩,関根　孝浩,,,平16. 3. 1,yakkyoku
薬局,10,1000983,アルプ薬局　緑町店,高崎市緑町１－７－２,027-361-9740,竹部　省三,竹部　省三,,,平5. 5. 15,yakkyoku
薬局,10,1001007,有限会社　マキエ一貫堂薬局,高崎市高松町２１,027-322-3847,有限会社　マキエ一貫堂　代表取締役　片岡　淳,星野　徳秀,,,平6. 4. 1,yakkyoku
薬局,10,1001197,ユニスマイル薬局　あゆみ店,高崎市八島町２２２高崎ターミナルビル西口１Ｆ,027-321-3781,株式会社ユニスマイル　代表取締役　白　成澤,加藤　恵,,,平9. 7. 1,yakkyoku
薬局,10,1001221,株式会社　ひまわり薬局,高崎市下小鳥町８５－１１,027-365-2505,株式会社　ひまわり薬局　代表取締役　上田　稜,上田　悦子,,,平10. 4. 1,yakkyoku
薬局,10,1001254,アイケイ薬局　倉賀野店,高崎市倉賀野町８３６－６,027-347-4499,株式会社　サンアイエム企画　代表取締役　小池　泰博,宮永　圭介,,,平11. 2. 15,yakkyoku
薬局,10,1001262,きりん薬局,高崎市飯塚町２５９－３,027-365-5851,有限会社　エムファーマシーコーポレーション　代表取締役　平石　政敏,平石　政敏,,,平11. 11. 1,yakkyoku
薬局,10,1001270,浜川薬局,高崎市浜川町１７４１－１,027-343-4193,有限会社　エスケーメディカル　代表取締役　桒子　光,松井　美樹子,,,平12. 2. 15,yakkyoku
薬局,10,1001296,すえひろ薬局,高崎市末広町７６－１,027-310-8331,株式会社テイキョウ　代表取締役　久保田　樹佳,相川　耀太,,,平13. 7. 1,yakkyoku
薬局,10,1001312,やまだ薬局,高崎市下中居町２４７番９,027-345-1706,有限会社　ファーマシーヤマダ　代表取締役　山田　誠,山田　誠,,,平13. 9. 15,yakkyoku
薬局,10,1001403,いずみ薬局高崎店,高崎市島野町１４２３,027-350-1567,株式会社いずみグループ　代表取締役　金森　茂治,罍　佳子,,,平15. 6. 1,yakkyoku
薬局,10,1001437,共創未来　沙羅薬局,高崎市檜物町１２９,027-310-8411,株式会社ファーマみらい　代表取締役　岡山　善郎,川端　美和,,,平16. 10. 1,yakkyoku
薬局,10,1001452,そうごう薬局　井野店,高崎市井野町１１２１－７,027-370-1351,総合メディカル株式会社　代表取締役　多田　荘一郎,松本　佑香,,,平16. 11. 1,yakkyoku
薬局,10,1001460,アイリス薬局,高崎市島野町１０１９－３,027-350-1022,有限会社　アスク　代表取締役　荒川　昌司,荒川　昌司,,,平17. 1. 15,yakkyoku
薬局,10,1001478,オレンジ薬局,高崎市新田町６－８,027-321-9400,有限会社　ｇａｒｄｅｎ　代表取締役　山本　敬之,山本　敬之,,,平17. 4. 1,yakkyoku
薬局,10,1001502,ナカジマ薬局,高崎市剣崎町１１８０－６,027-343-0419,有限会社ナカジマ薬局　代表取締役　中嶋　博道,中嶋　博道,,,平17. 10. 1,yakkyoku
薬局,10,1001635,ウエルシア薬局高崎貝沢店,高崎市貝沢町９６０－１,027-370-6836,ウエルシア薬局株式会社　代表取締役　田中　純一,大塚　杏磨,,,平18. 10. 1,yakkyoku
薬局,10,1001643,そうごう薬局　佐野店,高崎市倉賀野町３１－３,027-345-0021,総合メディカル株式会社　代表取締役　多田　荘一郎,齋藤　雅高,,,平19. 1. 1,yakkyoku
薬局,10,1001650,コスモファーマ薬局　井野店,高崎市井野町９８０,027-370-6181,株式会社コスモファーマ東京　代表取締役　藤田　愛里,井坂　忠夫,,,平19. 12. 1,yakkyoku
薬局,10,1001684,すばる薬局,高崎市上中居町４３－３,027-384-8877,生駒　陽一,生駒　陽一,,,平20. 4. 1,yakkyoku
薬局,10,1001700,アイリス薬局　佐野店,高崎市下佐野町７１５－６,027-386-3600,有限会社アスク　代表取締役　荒川　昌司,木村　敦子,,,平20. 10. 1,yakkyoku
薬局,10,1001775,スギ薬局　高崎飯塚店,高崎市飯塚町１１５０－５,027-370-5481,株式会社スギ薬局　代表取締役　杉浦　伸哉,髙　悠斗,,,平21. 6. 1,yakkyoku
薬局,10,1001791,ダリヤ北原薬局,高崎市北原町２９－１,027-310-0333,株式会社ウィーズ　代表取締役　田　達也,内田　龍之介,,,平21. 9. 1,yakkyoku
薬局,10,1001817,はにわ薬局,高崎市福島町７６３番地９,027-388-8833,株式会社Ｔ３ファーマシー　代表取締役　田中　若,田中　若,,,平22. 10. 1,yakkyoku
薬局,10,1001841,大井田薬局　高崎東店,高崎市南大類町８８８－１,027-350-8881,大井田薬局株式会社　代表取締役　大井田　文雄,大井田　健一,,,平23. 2. 1,yakkyoku
薬局,10,1001858,イオン薬局　高崎店,高崎市棟高町１４００番地　イオンモール高崎１階,027-310-9526,イオンリテール株式会社　代表取締役　古澤　康之,渡辺　紀子,,,平23. 3. 1,yakkyoku
薬局,10,1001866,プラス薬局　高崎吉井店,高崎市吉井町本郷６５－１,027-388-1170,株式会社ファーマ・プラス　代表取締役　亀川　裕,馬場　章人,,,平23. 4. 1,yakkyoku
薬局,10,1001916,コスモファーマ薬局　馬庭店,高崎市吉井町馬庭５９４番地９,027-320-4122,株式会社コスモファーマ東京　代表取締役　藤田　愛里,鈴木　星哉,,,平23. 6. 1,yakkyoku
薬局,10,1001924,そうごう薬局　八千代店,高崎市八千代町４丁目６－２,027-321-0081,総合メディカル株式会社　代表取締役　多田　荘一郎,瓶子　哲郎,,,平23. 6. 1,yakkyoku
薬局,10,1001932,ショーワ薬局,高崎市檜物町１０１　シンフォニア高崎城址１階,027-325-8211,株式会社ショーワ薬局　代表取締役　吉見　文男,吉見　文男,,,平23. 7. 3,yakkyoku
薬局,10,1001940,カワチ薬局　大八木店,高崎市大八木町６２２－４,027-370-2202,株式会社カワチ薬品　代表取締役　河内　伸二,柴　辰徳,,,平23. 10. 1,yakkyoku
薬局,10,1001981,コスモファーマ薬局　並榎店,高崎市上並榎町４１２－３,027-370-2811,株式会社コスモファーマ東京　代表取締役　藤田　愛里,南　孝枝,,,平24. 1. 1,yakkyoku
薬局,10,1001999,すばる薬局塚沢店,高崎市天神町１１８,027-388-9888,生駒　陽一,吉野　裕子,,,平24. 3. 1,yakkyoku
薬局,10,1002005,桜調剤薬局,高崎市下小鳥町８８番地２６,027-329-7077,株式会社ｂｒｏｓ　代表取締役　反町　有希司,松本　詠美子,,,平24. 5. 1,yakkyoku
薬局,10,1002013,とうやく薬局,高崎市上豊岡町８１７番地４,027-388-1089,ｐｈａｒｍａｃｉｅｎーｓｏｃｉｅｔｅ　ｂｌｏｔｔｉｓ　ｐｈａｒｍａ（株）中曽根邦政,中曽根　邦政,,,平24. 5. 1,yakkyoku
薬局,10,1002021,共創未来　いわはな薬局,高崎市岩鼻町２５９－３,027-350-5520,株式会社ファーマみらい　代表取締役　岡山　善郎,新井　達也,,,平24. 5. 1,yakkyoku
薬局,10,1002054,共創未来　ながね薬局,高崎市吉井町長根２１３７－３,027-320-3100,株式会社ファーマみらい　代表取締役　岡山　善郎,小川　修二,,,平24. 7. 1,yakkyoku
薬局,10,1002062,マルエ薬局倉賀野店,高崎市倉賀野町４４３－２,027-320-2611,株式会社クスリのマルエ　代表取締役　鈴木　暁子,宮澤　忠久,,,平24. 7. 1,yakkyoku
薬局,10,1002104,共創未来　たかぜき薬局,高崎市高関町字塚田３９２－１,027-324-5745,株式会社ファーマみらい　代表取締役　岡山　善郎,井田　雅江,,,平24. 9. 1,yakkyoku
薬局,10,1002120,本郷薬局,高崎市本郷町１４２７－１,027-381-5575,有限会社つばさ薬局　代表取締役　高野　由博,大石　敦彦,,,平24. 10. 1,yakkyoku
薬局,10,1002195,ウイン調剤薬局　高崎店,高崎市高関町２９３－１０,027-386-6291,有限会社ウインファーマ　代表取締役　藤田　勝久,青木　大地,,,平25. 4. 1,yakkyoku
薬局,10,1002203,そうごう薬局　群馬町店,高崎市中泉町６０７－２,027-372-7067,総合メディカル株式会社　代表取締役　多田　荘一郎,岡　賢三,,,平25. 4. 1,yakkyoku
薬局,10,1002211,ウエルシア薬局高崎中居店,高崎市中居町３－３８－９,027-350-7023,ウエルシア薬局株式会社　代表取締役　田中　純一,下田　雅貴,,,平25. 5. 1,yakkyoku
薬局,10,1002237,トマト薬局問屋町店,高崎市問屋町１－８－２,027-386-6341,有限会社メディエイト　代表取締役　大島　恵子,反町　学,,,平25. 5. 1,yakkyoku
薬局,10,1002245,このは薬局高崎店,高崎市棟高町１３３６－３,027-386-6633,株式会社トレジャートラスト　代表取締役　浜名　朋憲,浜名　朋憲,,,平25. 5. 1,yakkyoku
薬局,10,1002252,カワチ薬局　高崎駅東店,高崎市高関町４４－１,027-320-8020,株式会社カワチ薬品　代表取締役　河内　伸二,本多　三恵,,,平25. 6. 1,yakkyoku
薬局,10,1020015,株式会社　佐鳥薬局,高崎市東町８０－７,027-328-3221,株式会社　佐鳥薬局　代表取締役　佐鳥　利一郎,佐鳥　利一郎,,,昭35. 10. 1,yakkyoku
薬局,10,1040013,やまな薬局,高崎市山名町１５４８,027-381-8805,有限会社渡辺薬局　代表取締役　渡邉　泰邦,千田　和之,,,平25. 8. 1,yakkyoku
薬局,10,1040021,ウエルシア薬局高崎吉井店,高崎市吉井町長根１５７６－１,027-320-3115,ウエルシア薬局株式会社　代表取締役　田中　純一,相澤　千里,,,平25. 8. 1,yakkyoku
薬局,10,1040039,いずみ薬局金古店,高崎市金古町５２－５,027-395-0023,株式会社いずみグループ　代表取締役　金森　茂治,池田　有希,,,平25. 9. 1,yakkyoku
薬局,10,1040047,クスリのアオキ飯塚薬局,高崎市飯塚町７２３－１,027-360-3337,株式会社クスリのアオキ　代表取締役　青木　宏憲,齋藤　亜津沙,,,平25. 9. 1,yakkyoku
薬局,10,1040088,すみれ薬局,高崎市双葉町９番１５号,027-395-4753,株式会社エーゼットファーマシー　代表取締役　畔見　正彦,岸上　澄子,,,平26. 4. 1,yakkyoku
薬局,10,1040096,そら薬局江木町店,高崎市江木町字東沖１７３４－１,027-395-4112,株式会社ネクストメディカル　一時取締役兼代表取締役職務代行者　小渕　喜代治,佐藤　雅士,,,平26. 4. 1,yakkyoku
薬局,10,1040112,なの花薬局高崎吉井店,高崎市吉井町吉井６０７－７,027-387-9452,株式会社なの花東日本　代表取締役　西尾　哲弥,井上　久栄,,,平26. 4. 1,yakkyoku
薬局,10,1040120,あさぎり薬局,高崎市南大類町字中通１２４１－６,027-387-0635,あさぎり薬局合同会社　代表社員　眞下　仁志,相葉　りさ,,,平26. 5. 1,yakkyoku
薬局,10,1040153,宮元町薬局,高崎市宮元町２４５－１,027-386-6093,株式会社籐黄１００　代表取締役　豊邉　将晴,豊邉　めぐみ,,,平26. 7. 1,yakkyoku
薬局,10,1040179,ユニスマイル薬局　いなほ店,高崎市井出町１５４８番１８,027-360-6001,株式会社ユニスマイル　代表取締役　白　成澤,丸山　大輝,,,平26. 8. 1,yakkyoku
薬局,10,1040195,ぱんだ薬局柳川町店,高崎市柳川町７－２,027-386-3170,株式会社創悠社　代表取締役　八木　大輔,永田　三千代,,,平26. 9. 1,yakkyoku
薬局,10,1040203,そうごう薬局　高崎店,高崎市連雀町１１番地４,027-330-1021,総合メディカル株式会社　代表取締役　多田　荘一郎,白石　美佳,,,平26. 9. 1,yakkyoku
薬局,10,1040211,みさと薬局,高崎市倉賀野町９２５番地７,027-395-4925,有限会社タカギ・ファーマシーたんぽぽ調剤薬局　代表取締役　髙木　一正,髙木　一正,,,平26. 10. 1,yakkyoku
薬局,10,1040229,菅谷薬局,高崎市菅谷町字村西１０４４－１,027-395-0163,有限会社つばさ薬局　代表取締役　高野　由博,都丸　豊,,,平26. 11. 1,yakkyoku
薬局,10,1040245,徳田調剤薬局,高崎市東町６３－１,027-330-1086,株式会社徳田調剤薬局　代表取締役　德田　賢生,加藤　律子,,,平27. 1. 1,yakkyoku
薬局,10,1040286,なの花薬局下里見店,高崎市下里見町１４２６－６,027-360-8105,株式会社なの花東日本　代表取締役　西尾　哲弥,黒須　智哉,,,平27. 4. 13,yakkyoku
薬局,10,1040328,すこやか薬局　群馬八幡店,高崎市八幡町１１１１－８,027-340-7100,神山　将人,神山　将人,,,平27. 8. 1,yakkyoku
薬局,10,1040336,高崎相生薬局,高崎市相生町１－４,027-325-4100,一般社団法人高崎市薬剤師会　代表理事　山本　敬之,秋葉　博之,,,平27. 10. 1,yakkyoku
薬局,10,1040351,わたぬき調剤薬局,高崎市綿貫町１９１８番地４,027-395-8830,セイリュウメディカル株式会社　代表取締役　加藤　清隆,伊東　義明,,,平27. 12. 1,yakkyoku
薬局,10,1040377,ウエルシア薬局高崎上佐野店,高崎市上佐野町字粕沢９０７－１,027-310-6370,ウエルシア薬局株式会社　代表取締役　田中　純一,齊藤　遼,,,平27. 11. 26,yakkyoku
薬局,10,1040393,たんぽぽ薬局,高崎市上中居町３８０－３,027-310-1921,ファーマライズ株式会社　代表取締役　松浦　惠子,庭田　佳代子,,,平27. 12. 1,yakkyoku
薬局,10,1040401,こくふ薬局,高崎市西国分町１３９－４,027-310-0410,ファーマライズ株式会社　代表取締役　松浦　惠子,飯出　美奈,,,平27. 12. 1,yakkyoku
薬局,10,1040419,ドラッグセイムス高崎片岡町薬局,高崎市片岡町３－１０－１２,027-320-6226,株式会社富士薬品　代表取締役　高柳　昌幸,吉田　一男,,,平27. 12. 10,yakkyoku
薬局,10,1040427,スギ薬局　群馬町店,高崎市中泉町６０５番地６,027-395-5112,株式会社スギ薬局　代表取締役　杉浦　伸哉,橋本　彩加,,,平28. 1. 1,yakkyoku
薬局,10,1040435,ぽっぽ薬局,高崎市下之城町９６０番地１,027-388-8991,株式会社アンドウ薬局　代表取締役　安藤　俊哉,小倉　博文,,,平28. 4. 1,yakkyoku
薬局,10,1040443,フラワー薬局,高崎市若松町６－７,027-323-2089,有限会社つばさ薬局　代表取締役　高野　由博,竹内　真由子,,,平28. 4. 1,yakkyoku
薬局,10,1040484,ウエルシア薬局高崎棟高店,高崎市棟高町６８１－１,027-310-0202,ウエルシア薬局株式会社　代表取締役　田中　純一,吉永　真理,,,平28. 9. 1,yakkyoku
薬局,10,1040492,ユニスマイル薬局　飯塚店,高崎市飯塚町６９７番５,027-364-6601,株式会社ユニスマイル　代表取締役　白　成澤,茂木　美絵,,,平28. 9. 1,yakkyoku
薬局,10,1040500,フルール薬局,高崎市柳川町１５番５,027-381-6021,株式会社エーゼットファーマシー　代表取締役　畔見　正彦,中川　桃子,,,平28. 10. 1,yakkyoku
薬局,10,1040534,プラス薬局高崎矢中店,高崎市矢中町３１２－２３,027-384-2150,株式会社ファーマ・プラス　代表取締役　亀川　裕,加藤　智子,,,平29. 1. 1,yakkyoku
薬局,10,1040542,桜木薬局,高崎市上大類町１２７５－１　壱番ＮＡＧＡＹＡ,027-386-2727,株式会社桜木調剤　代表取締役　飯塚　惠子,深井　孝之,,,平29. 1. 15,yakkyoku
薬局,10,1040559,カワチ薬局　飯塚店,高崎市飯塚町２２０,027-370-3750,株式会社カワチ薬品　代表取締役　河内　伸二,柏原　由佳,,,平29. 2. 1,yakkyoku
薬局,10,1040567,こばな薬局,高崎市下小塙町１５７６－６,027-329-5416,有限会社つばさ薬局　代表取締役　高野　由博,田　義典,,,平29. 3. 1,yakkyoku
薬局,10,1040575,中医研薬局,高崎市北原町２５－２,027-373-8345,社会福祉法人ゆずりは会　理事長　関根　安子,中嶋　弥生,,,平29. 4. 1,yakkyoku
薬局,10,1040583,マルエ薬局　高崎駅西口店,高崎市旭町３４－５　旭町ビル１Ｆ,027-381-5252,株式会社クスリのマルエ　代表取締役　鈴木　暁子,鎌田　行,,,平29. 6. 1,yakkyoku
薬局,10,1040609,スギ薬局　上並榎店,高崎市上並榎町４６７番地,027-362-3842,株式会社スギ薬局　代表取締役　杉浦　伸哉,田村　秋彦,,,平29. 10. 1,yakkyoku
薬局,10,1040625,つくし薬局,高崎市剣崎町１０４９番６,027-343-8866,株式会社エーゼットファーマシー　代表取締役　畔見　正彦,西澤　春美,,,平30. 2. 1,yakkyoku
薬局,10,1040633,いろは薬局　冷水店,高崎市冷水町字牛池１２９－３,027-386-6271,株式会社いろはメディカル　代表取締役　桐渕　陽祐,伊　孝典,,,平30. 2. 1,yakkyoku
薬局,10,1040641,マキ薬局,高崎市東町２８－１,027-388-0643,株式会社ライフウィズ　代表取締役　毛利　隆宏,中村　健二,,,平30. 2. 1,yakkyoku
薬局,10,1040658,クスリのアオキ中泉薬局,高崎市中泉町６０９番地７,027-329-6123,株式会社クスリのアオキ　代表取締役　青木　宏憲,高山　眞央,,,平30. 4. 1,yakkyoku
薬局,10,1040690,かしのき薬局,高崎市町屋町字前田６２７番５,027-388-0211,クラフト株式会社　代表取締役　新井　勝,下田　梨加,,,平30. 6. 1,yakkyoku
薬局,10,1040708,きくま薬局,高崎市本郷町１１５６－３,027-344-1312,株式会社キクマ　代表取締役　菊間　友晴,菊間　桂子,,,平30. 6. 1,yakkyoku
薬局,10,1040716,西島薬局,高崎市西島町１４－５,027-352-4475,株式会社ＹＨＯ　代表取締役　直井　優幸,廣瀬　明子,,,平30. 8. 1,yakkyoku
薬局,10,1040724,なでしこ薬局,高崎市大橋町３６－４,027-325-6186,株式会社ＷｅｌｌＳｐｒｉｎｇ　代表取締役　片平　小織,片平　小織,,,平30. 8. 15,yakkyoku
薬局,10,1040732,マルエ薬局並榎店,高崎市上並榎町８８－１,027-386-2405,株式会社クスリのマルエ　代表取締役　鈴木　暁子,加藤　七海,,,平30. 9. 1,yakkyoku
薬局,10,1040740,クオール薬局中泉町店,高崎市中泉町６１３－２,027-372-6400,クオール株式会社　代表取締役　柄澤　忍,阿部　右宜,,,平30. 10. 1,yakkyoku
薬局,10,1040757,そら薬局井野店,高崎市井野町字薬師７９１－１,027-387-0961,株式会社ネクストメディカル　一時取締役兼代表取締役職務代行者　小渕　喜代治,今西　昌秀,,,平30. 11. 1,yakkyoku
薬局,10,1040773,たねや薬局,高崎市新町２８４６－１４,0274-50-9509,屋　晃一,土屋　晃一,,,平30. 12. 1,yakkyoku
薬局,10,1040781,つばさ薬局宮元店,高崎市宮元町２０７　乾小児科内科医院ビル１階,027-381-6827,有限会社つばさ薬局　代表取締役　高野　由博,大塚　雅行,,,平31. 2. 1,yakkyoku
薬局,10,1040799,あおば薬局高崎店,高崎市上中居町１４５５－５,027-329-6500,一般社団法人群馬保健企画　代表理事　野口　陽一,眞木　達也,,,平31. 4. 1,yakkyoku
薬局,10,1040807,コアラ薬局高崎店,高崎市羅漢町３２番地,027-387-0333,一般社団法人群馬保健企画　代表理事　野口　陽一,石立　真哉,,,平31. 4. 1,yakkyoku
薬局,10,1040815,駅前アサヒ薬局,高崎市新町２２７３－８,0274-42-1643,福田　陽一,福田　美晴,,,令元. 7. 12,yakkyoku
薬局,10,1040823,みないろ薬局,高崎市貝沢町東ノ木１５３５－１,027-370-3777,株式会社メディファー　代表取締役　遠藤　俊一,田沼　亜希子,,,令元. 8. 1,yakkyoku
薬局,10,1040849,クスリのアオキ上並榎薬局,高崎市上並榎町４０番地２,027-384-6655,株式会社クスリのアオキ　代表取締役　青木　宏憲,谷口　千加子,,,令元. 9. 1,yakkyoku
薬局,10,1040856,さくら薬局,高崎市柴崎町６１番地２,027-350-7360,株式会社ＳＫＹ　代表取締役　岩井　慎,岩井　慎,,,令元. 9. 1,yakkyoku
薬局,10,1040880,ぺんぎん薬局,高崎市小八木町字井ノ河７９９番２,027-386-6102,株式会社ネクストメディカル　一時取締役兼代表取締役職務代行者　小渕　喜代治,齋藤　淳,,,令元. 10. 1,yakkyoku
薬局,10,1040898,クオール薬局　高崎北店,高崎市並榎町５５－８,027-388-1989,クオール株式会社　代表取締役　柄澤　忍,尾島　豪,,,令元. 11. 1,yakkyoku
薬局,10,1040914,プラス薬局みさと店,高崎市箕郷町矢原１５－１,027-386-5660,株式会社ファーマ・プラス　代表取締役　亀川　裕,小野　雅貴,,,令元. 11. 1,yakkyoku
薬局,10,1040922,みらい薬局,高崎市上並榎町字下松４６－３,027-370-9311,株式会社ミライクリエイト　代表取締役　松田　和宏,松田　和宏,,,令元. 11. 1,yakkyoku
薬局,10,1040948,みのわ薬局,高崎市箕郷町上芝４８１番地１,027-386-5610,株式会社エーゼットファーマシー　代表取締役　畔見　正彦,村上　千穂,,,令元. 12. 1,yakkyoku
薬局,10,1040955,よつば薬局,高崎市上小塙町５６７番地,027-384-4885,株式会社エーゼットファーマシー　代表取締役　畔見　正彦,池田　大悟,,,令2. 1. 1,yakkyoku
薬局,10,1040971,倉賀野調剤薬局,高崎市倉賀野町４５３－７,027-386-8887,株式会社ファインファーマシー　代表取締役　池田　明,山口　裕介,,,令2. 3. 1,yakkyoku
薬局,10,1040989,かがやき薬局,高崎市東町３２－１,027-386-9478,株式会社Ｔ３ファーマシー　代表取締役　田中　若,小池　康史,,,令2. 4. 1,yakkyoku
薬局,10,1041003,順化堂薬局,高崎市旭町１１３番地７,027-386-3490,株式会社順化堂　代表取締役　神岡　順郎,神岡　順郎,,,令2. 8. 1,yakkyoku
薬局,10,1041037,若葉薬局　京目店,高崎市京目町３２２番地１,027-395-4170,株式会社クスリのわかば　代表取締役　山崎　倫義,吉木　満晴,,,令2. 11. 1,yakkyoku
薬局,10,1041045,マルエ薬局高崎吉井バイパス店,高崎市吉井町片山４６４,027-384-2057,株式会社クスリのマルエ　代表取締役　鈴木　暁子,土田　純輝,,,令2. 11. 1,yakkyoku
薬局,10,1041052,いろは薬局　井野店,高崎市井野町字島ノ分６４８－１３,027-364-5288,株式会社いろはメディカル　代表取締役　桐渕　陽祐,桐渕　陽祐,,,令3. 1. 1,yakkyoku
薬局,10,1041086,クスリのアオキ上豊岡薬局,高崎市上豊岡町５７８番地５,027-388-8358,株式会社クスリのアオキ　代表取締役　青木　宏憲,大賀　凌,,,令3. 4. 1,yakkyoku
薬局,10,1041094,八千代さくら薬局,高崎市八千代町１丁目５－１１　ヴィラＭＲＫ８マンション１０２号室,027-386-8116,株式会社円未来　代表取締役　圓座　直子,岩本　朱史鈴,,,令3. 4. 1,yakkyoku
薬局,10,1041110,るんるん薬局,高崎市江木町２３０番地２１,027-381-5600,株式会社ＴＫファクトリー　代表取締役　加來　剛,水野　貴司,,,令3. 4. 1,yakkyoku
薬局,10,1041128,つばさ薬局ハナミズキ店,高崎市上小塙町１０５６－１,027-386-8894,有限会社つばさ薬局　代表取締役　高野　由博,小林　利明,,,令3. 5. 1,yakkyoku
薬局,10,1041144,アイケイ薬局矢中店,高崎市矢中町１９２－１１,027-353-6633,株式会社サンアイエム企画　代表取締役　小池　泰博,関　あつ子,,,令3. 5. 6,yakkyoku
薬局,10,1041151,クスリのアオキ北原薬局,高崎市北原町８６３番地,027-384-3836,株式会社クスリのアオキ　代表取締役　青木　宏憲,栗原　恵,,,令3. 7. 1,yakkyoku
薬局,10,1041169,マルエ薬局高崎新町店,高崎市新町２１４０－１９,0274-50-8301,株式会社クスリのマルエ　代表取締役　鈴木　暁子,河合　智哉,,,令3. 8. 1,yakkyoku
薬局,10,1041185,クスリのアオキ上中居薬局,高崎市上中居町３１８番地１,027-329-7803,株式会社クスリのアオキ　代表取締役　青木　宏憲,久能　峰佳,,,令3. 9. 1,yakkyoku
薬局,10,1041219,マルエ薬局高崎下小鳥店,高崎市下小鳥町２０７,027-386-4525,株式会社クスリのマルエ　代表取締役　鈴木　暁子,菅原　政美,,,令4. 1. 1,yakkyoku
薬局,10,1041227,クスリのアオキ上佐野薬局,高崎市上佐野町６７４番地１,027-386-6306,株式会社クスリのアオキ　代表取締役　青木　宏憲,中村　剛士,,,令4. 2. 1,yakkyoku
薬局,10,1041235,クスリのアオキ新町薬局,高崎市新町１８０３番地,0274-50-8157,株式会社クスリのアオキ　代表取締役　青木　宏憲,　政文,,,令4. 2. 1,yakkyoku
薬局,10,1041243,カワチ薬局　高崎新町店,高崎市新町２０６１－２３,0274-40-3060,株式会社カワチ薬品　代表取締役　河内　伸二,大谷　亮太,,,令4. 2. 1,yakkyoku
薬局,10,1041268,あんじゅ薬局　下佐野店,高崎市下佐野町１４－４,027-386-4007,株式会社明翔メディカル　代表取締役　照井　禎之,森田　澄子,,,令4. 3. 1,yakkyoku
薬局,10,1041276,ぐんぐん薬局,高崎市綿貫町３１７－１,027-386-9099,株式会社トモズ　代表取締役　角谷　真司,原田　勝彦,,,令4. 3. 1,yakkyoku
薬局,10,1041284,あいあい薬局,高崎市南大類町１００２－４,027-388-1145,株式会社トモズ　代表取締役　角谷　真司,黒澤　敦,,,令4. 3. 1,yakkyoku
薬局,10,1041300,おりがみ薬局　高崎群馬町店,高崎市棟高町９４－４,027-386-4955,株式会社おりがみ　代表取締役　田島　薫,阿部　拓也,,,令4. 5. 1,yakkyoku
薬局,10,1041326,上毛調剤薬局,高崎市棟高町１０７０－６,0273-72-3700,株式会社ストレチア　代表取締役　山根　弘,相澤　俊介,,,令4. 8. 1,yakkyoku
薬局,10,1041334,神山薬局,高崎市上里見町１６５４－２,0273-60-8200,株式会社ストレチア　代表取締役　山根　弘,松井　由佳,,,令4. 8. 1,yakkyoku
薬局,10,1041342,マルエ薬局高崎棟高バイパス店,高崎市棟高町１６７５－３４,027-386-3203,株式会社クスリのマルエ　代表取締役　鈴木　暁子,山本　大介,,,令4. 11. 1,yakkyoku
薬局,10,1041367,末広調剤薬局,高崎市末広町３７－５,027-386-5006,丸山　明彦,丸山　明彦,,,令5. 1. 1,yakkyoku
薬局,10,1041375,クスリのアオキ箕郷薬局,高崎市箕郷町上芝６０５番地１,027-381-8703,株式会社クスリのアオキ　代表取締役　青木　宏憲,渡　利徳,,,令5. 4. 1,yakkyoku
薬局,10,1041383,桜調剤薬局　上中居店,高崎市上中居町２９６番地１,027-386-3107,株式会社　ｂｒоｓ　代表取締役　反町　有希司,冨川　夏花,,,令5. 5. 1,yakkyoku
薬局,10,1041391,さんくふる薬局,高崎市井野町３６９－３　スカイハイツ１０５号室,027-388-1588,株式会社　ｍｅｈａｎａ　代表取締役　野口　智宏,野口　智宏,,,令5. 5. 1,yakkyoku
薬局,10,1041409,マルエ薬局高崎群馬町金古店,高崎市金古町４４７－１,027-393-6159,株式会社クスリのマルエ　代表取締役　鈴木　暁子,舛田　純子,,,令5. 7. 1,yakkyoku
薬局,10,1041425,ウイン薬局　高崎昭和町店,高崎市昭和町１８２－４,027-386-3870,ウインファーマ株式会社　代表取締役　藤田　勝成,岡田　みどり,,,令5. 9. 1,yakkyoku
薬局,10,1041433,倉渕薬局,高崎市倉渕町三ノ倉８２１,027-329-5198,株式会社ミライクリエイト　代表取締役　松田　和宏,加邉　裕子,,,令5. 8. 1,yakkyoku
薬局,10,1041441,けんざき薬局,高崎市剣崎町２５３－１,027-360-4811,株式会社フィールドファーマシー　代表取締役　岩下　正志,大野　貴志,,,令5. 8. 1,yakkyoku
薬局,10,1041458,中央調剤薬局しんまち,高崎市新町２４８８－８,0274-20-2177,株式会社フィールドファーマシー　代表取締役　岩下　正志,大谷　誠,,,令5. 8. 1,yakkyoku
薬局,10,1041466,マルエ薬局高崎小八木店,高崎市小八木町２０３６－５,027-370-6767,株式会社クスリのマルエ　代表取締役　鈴木　暁子,田島　洋海,,,令5. 10. 1,yakkyoku
薬局,10,1041474,マルエ薬局高崎榛名中里見店,高崎市中里見町１７３－１,027-386-2301,株式会社クスリのマルエ　代表取締役　鈴木　暁子,吉野　智貴,,,令5. 12. 1,yakkyoku
薬局,10,1041482,マルエ薬局吉井店,高崎市吉井町池５,027-387-0685,株式会社クスリのマルエ　代表取締役　鈴木　暁子,矢野　奨也,,,令6. 1. 1,yakkyoku
薬局,10,1041490,つかさ薬局,高崎市吉井町吉井２０－２,027-386-5941,株式会社Ｂａｕｅｒ　代表取締役　反町　有希司,福井　早希,,,令6. 1. 1,yakkyoku
薬局,10,1041508,ことり薬局,高崎市東中里町１９１番地４,027-350-5532,ことりメディカル株式会社　代表取締役　桒子　修司,石原　尚樹,,,令6. 1. 1,yakkyoku
薬局,10,1041516,イオン薬局高崎駅前店,高崎市八島町４６－１高崎オーパ１階,027-310-2100,イオンリテール株式会社　代表取締役　古澤　康之,星野　智美,,,令6. 4. 1,yakkyoku
薬局,10,1041532,アイリス薬局　八幡原店,高崎市八幡原町４５０番地６,027-395-5321,有限会社アスク　代表取締役　荒川　昌司,高橋　忠義,,,令6. 4. 1,yakkyoku
薬局,10,1041540,新町みなみ薬局,高崎市新町１４３５－１１,0274-50-4500,株式会社しおんメディカル　代表取締役　髙澤　雄樹,髙澤　雄樹,,,令6. 4. 1,yakkyoku
薬局,10,1041557,アイケイ薬局　中居店,高崎市中居町４－１７－１２,027-352-4400,株式会社サンアイエム企画　代表取締役　小池　泰博,小林　有巨,,,令6. 5. 7,yakkyoku
薬局,10,1041599,クスリのアオキ棟高薬局,高崎市高崎都市計画事業中央第二土地区画整理事業９６街区５０２番地１,027-329-7250,株式会社クスリのアオキ　代表取締役　青木　宏憲,津田　晴菜,,,令6. 8. 1,yakkyoku
薬局,10,1041607,リーフ薬局　柴崎店,高崎市柴崎町１１７０番地１０,027-386-2924,株式会社フォーリーフファーマ　代表取締役　小澤　雅治,加部　達哉,,,令6. 9. 1,yakkyoku
薬局,10,1041615,うさぎ薬局　正観寺店,高崎市正観寺町６５２－５,027-384-4711,株式会社ウィーズ　代表取締役　田　達也,栗原　美喜,,,令6. 8. 1,yakkyoku
薬局,10,1041623,しろくま薬局,高崎市飯塚町７８７－６,027-388-8444,上武医薬株式会社　代表取締役　丸岡　将希,丸岡　将希,,,令6. 9. 1,yakkyoku
薬局,10,1041631,未来薬局　金古店,高崎市金古町１７６０番地５,027-372-1192,株式会社籐黄１００　代表取締役　豊邉　将晴,吉田　真規子,,,令6. 9. 1,yakkyoku
薬局,10,1041649,マルエ薬局高崎箕郷店,高崎市箕郷町上芝１８５－２,027-360-7550,株式会社クスリのマルエ　代表取締役　鈴木　暁子,小橋　斉彬,,,令6. 11. 4,yakkyoku
薬局,10,1041656,わんだぁ薬局,高崎市若松町１４８番地１コンチェルトハイツＢ棟１階,027-388-0434,未来くるファーマシー株式会社　代表取締役　加藤　太生,加藤　太生,,,令6. 12. 1,yakkyoku
薬局,10,1041664,ポプラ薬局,高崎市飯塚町１６５２－２,027-393-6825,株式会社グリーントラスト　代表取締役　茂木　佳子,金井　和明,,,令7. 1. 1,yakkyoku
薬局,10,1041672,さつき薬局,高崎市新町１６５７－４,0274-50-8487,株式会社アーネクト　代表取締役　畑　享志,西岡　亨,,,令7. 5. 1,yakkyoku
薬局,10,1041680,アイン薬局　たかさき店,高崎市下小鳥町１３１０－６,027-363-5013,株式会社アイン中央　代表取締役　鈴木　奈々絵,川内　佳苗,,,令7. 5. 1,yakkyoku
薬局,10,1041698,アイン薬局　関越中央店,高崎市北原町７１,027-384-2146,株式会社アイン中央　代表取締役　鈴木　奈々絵,仁平　篤史,,,令7. 5. 1,yakkyoku
薬局,10,1041706,アイン薬局　榛名町店,高崎市中室田町字上ノ原５９９８,027-395-4711,株式会社アイン中央　代表取締役　鈴木　奈々絵,黒川　雅史,,,令7. 5. 1,yakkyoku
薬局,10,1041714,アイン薬局　くらがの店,高崎市倉賀野町４９－１,027-320-2015,株式会社アイン中央　代表取締役　鈴木　奈々絵,高島　琢弥,,,令7. 5. 1,yakkyoku
薬局,10,1041722,グリーンファーマシー下小鳥店,高崎市下小鳥町７４０－３,027-384-2670,株式会社　成田　代表取締役　成田　久美子,三浦　容子,,,令7. 9. 1,yakkyoku
薬局,10,1041730,日本調剤　クローバー薬局,高崎市上中居町４０８番地８,027-381-8070,日本調剤株式会社　代表取締役社長　小城　和紀,源田　治紀,,,令7. 6. 1,yakkyoku
薬局,10,1041748,はまじり薬局,高崎市浜尻町２１６－５,027-395-5100,株式会社メディーエム　代表取締役　茂木　孝介,深町　仁,,,令7. 9. 1,yakkyoku
薬局,10,1041755,つるみ町薬局,高崎市鶴見町４－２,027-384-4160,株式会社グリーントラスト　代表取締役　茂木　佳子,山下　法久,,,令7. 10. 1,yakkyoku
薬局,10,1041763,大井田薬局　高崎モントレー店,高崎市八島町２２２　高崎駅ビルモントレー５Ｆ,027-310-1189,株式会社二期　代表取締役　奥村　茂和,濵口　太,,,令7. 8. 1,yakkyoku
薬局,10,1041771,清王寺薬局　吉井店,高崎市吉井町吉井川３５０－５,027-395-4018,株式会社清王寺薬局　代表取締役　鈴木　素邦,静野　真由美,,,令7. 12. 1,yakkyoku
薬局,10,1041789,ツリー薬局　江木町店,高崎市江木町４０－９,027-384-4263,ツリー調剤株式会社　代表取締役　小此木　淳史,外薗　尚大,,,令8. 6. 1,yakkyoku
薬局,10,1041797,大井田薬局　高崎田町店,高崎市田町７５－５アルファステイツ高崎田町１階,027-327-8880,株式会社ゴート　代表取締役　吉村　企右,鉾之原　裕,,,令8. 5. 1,yakkyoku
薬局,10,1041805,スカイ薬局　高崎京目,高崎市西島町字中沖３２０－３,027-350-7255,メディカルランナー株式会社　代表取締役　髙尾　慶太,髙尾　慶太,,,令8. 4. 1,yakkyoku
薬局,10,1041813,よつき薬局　上大類店,高崎市江木町１５７０,027-386-5891,メディケージ株式会社　代表取締役　町田　啓司,宮澤　幸治,,,令8. 4. 1,yakkyoku
薬局,10,1041821,みよの台薬局　高崎店,高崎市飯塚町１１２４　ウエハラビル１０１,027-362-2717,総合メディカル株式会社　代表取締役　多田　荘一郎,長澤　暁絵,,,令8. 4. 1,yakkyoku
薬局,10,1041839,みよの台薬局　中泉店,高崎市中泉町字正観寺村飛地８０８－１,027-388-8320,総合メディカル株式会社　代表取締役　多田　荘一郎,近藤　栄介,,,令8. 4. 1,yakkyoku
薬局,10,1041847,ゆりの花薬局,高崎市小八木町２０２７－５,027-381-6750,株式会社Ｍ’ｓ　ｃｏｍｐａｎｙ　代表取締役　三浦　真,吉澤　直人,,,令8. 5. 1,yakkyoku
薬局,10,1041854,さくら薬局　高崎筑縄店,高崎市筑縄町７０－４,027-364-1581,クラフト株式会社　代表取締役　新井　勝,速水　章乃,,,令8. 5. 1,yakkyoku
薬局,10,1041862,あかしあ薬局,高崎市上並榎町１５１－６,027-381-8778,株式会社明翔メディカル　代表取締役　照井　禎之,今井　敦則,,,令8. 6. 1,yakkyoku
薬局,10,1041870,桜調剤薬局　浜川店,高崎市浜川町１９３４－１,027-381-6278,株式会社　ｂｒｏｓ　代表取締役　反町　有希司,福島　紗由梨,,,令8. 6. 1,yakkyoku
薬局,10,1500214,観音寺薬局,高崎市棟高町８８６－３,027-373-0131,有限会社　天田龍眠堂　代表取締役　天田　彰義,天田　彰義,,,平10. 7. 1,yakkyoku
薬局,10,1500230,中泉薬局,高崎市中泉町６４９－１,027-360-6318,有限会社　カイロス　取締役　武智　洋一郎,赤尾　聖一,,,平11. 7. 1,yakkyoku
薬局,10,1500263,きりん薬局　群馬町店,高崎市金古町７０６－１,027-350-3288,有限会社　エムファーマシーコーポレーション　代表取締役　平石　政敏,青山　裕之,,,平12. 12. 1,yakkyoku
薬局,10,1500289,中泉さくら薬局,高崎市中泉町６０２－９,027-350-3311,清塚　賢一,清塚　賢一,,,平15. 2. 1,yakkyoku
薬局,10,1500297,タイヨウ薬局　稲荷台店,高崎市稲荷台町１３０８－４,027-350-3577,有限会社太洋薬局　代表取締役　髙橋　文也,橋　賢二,,,平15. 4. 1,yakkyoku
薬局,10,1700038,有限会社　田中薬局,高崎市吉井町吉井６８,027-387-2134,有限会社　田中薬局　代表取締役　田中　航一,田中　航一,,,昭35. 10. 1,yakkyoku
薬局,10,0400093,有限会社　健実堂調剤薬局,桐生市新里町新川１３７２－１９,0277-74-3434,有限会社　健実堂調剤薬局　代表取締役　粕川　敬太,新木　恵理,,,平4. 5. 1,yakkyoku
薬局,10,2400398,周藤薬局,桐生市広沢町５－１７１８－２,0277-54-1929,周藤　寛,周藤　寛,,,平14. 11. 1,yakkyoku
薬局,10,2400430,仁盛堂薬局,桐生市菱町３－２０４４－９,0277-46-3649,金子　英雄,金子　英雄,,,昭56. 4. 1,yakkyoku
薬局,10,2400570,有限会社　ライオン薬局,桐生市本町３－３－３,0277-22-2947,有限会社　ライオン薬局　代表取締役　加藤　秀成,加藤　秀成,,,昭59. 12. 1,yakkyoku
薬局,10,2400737,和仁堂薬局,桐生市錦町２－１６－９,0277-22-5018,有限会社　クワバラ　代表取締役　桑原　和宏,桑原　和宏,,,平6. 4. 1,yakkyoku
薬局,10,2400869,わかば薬局,桐生市相生町５－４０９－１４,0277-54-7447,株式会社　クスリのわかば　代表取締役　山崎　倫義,岡島　充子,,,平8. 8. 1,yakkyoku
薬局,10,2401206,共創未来　すみれ薬局,桐生市相生町２丁目１０６２,0277-52-2970,株式会社ファーマみらい　代表取締役　岡山　善郎,潮田　敏之,,,平16. 10. 1,yakkyoku
薬局,10,2401214,共創未来　境野薬局,桐生市境野町６丁目１４３７－７,0277-47-2202,株式会社ファーマみらい　代表取締役　岡山　善郎,篠原　佑輔,,,平16. 10. 1,yakkyoku
薬局,10,2401248,共創未来　梅田町薬局,桐生市梅田町１丁目３８－３,0277-32-1815,株式会社ファーマみらい　代表取締役　岡山　善郎,丹羽　哲也,,,平16. 10. 1,yakkyoku
薬局,10,2401255,共創未来　両毛アイオイ薬局,桐生市相生町５丁目４０－６,0277-54-2526,株式会社ファーマみらい　代表取締役　岡山　善郎,小島　宏子,,,平16. 10. 1,yakkyoku
薬局,10,2401263,共創未来　上毛薬局,桐生市相生町２丁目８４４－１,0277-52-0755,株式会社ファーマみらい　代表取締役　岡山　善郎,蓼沼　哲也,,,平16. 10. 1,yakkyoku
薬局,10,2401271,共創未来桐生みどり薬局,桐生市本町４丁目７９－１,0277-22-8475,株式会社ファーマみらい　代表取締役　岡山　善郎,細谷　朋子,,,平16. 10. 1,yakkyoku
薬局,10,2401289,共創未来　桐生東薬局,桐生市東５丁目２－１９,0277-45-1300,株式会社ファーマみらい　代表取締役　岡山　善郎,新井　左紀子,,,平16. 10. 1,yakkyoku
薬局,10,2401297,共創未来　フジヤマ薬局,桐生市相生町２丁目２７４－９,0277-54-1115,株式会社ファーマみらい　代表取締役　岡山　善郎,飯田　長正,,,平16. 10. 1,yakkyoku
薬局,10,2401305,共創未来　あたご薬局,桐生市相生町２丁目４６１－２,0277-55-1250,株式会社ファーマみらい　代表取締役　岡山　善郎,髙草木　香昌,,,平16. 10. 1,yakkyoku
薬局,10,2401313,共創未来　サンロード薬局,桐生市末広町３－１２,0277-43-2004,株式会社ファーマみらい　代表取締役　岡山　善郎,宮澤　典子,,,平16. 10. 1,yakkyoku
薬局,10,2401347,共創未来　桐生協同薬局,桐生市織姫町５－５０,0277-47-5051,株式会社ファーマみらい　代表取締役　岡山　善郎,岩島　義規,,,平16. 10. 1,yakkyoku
薬局,10,2401354,共創未来カトレア薬局,桐生市本町４丁目３２３,0277-47-2281,株式会社ファーマみらい　代表取締役　岡山　善郎,新井　慶一,,,平16. 10. 1,yakkyoku
薬局,10,2401362,共創未来コジマ薬局,桐生市天神町３丁目５－１９,0277-40-1477,株式会社ファーマみらい　代表取締役　岡山　善郎,田村　奈々,,,平16. 10. 1,yakkyoku
薬局,10,2401370,ひまわり薬局,桐生市天神町１丁目１－２１,0277-30-2033,株式会社ファーマみらい　代表取締役　岡山　善郎,小林　季逸,,,平16. 10. 1,yakkyoku
薬局,10,2401404,共創未来　日の出薬局,桐生市広沢町６丁目３０２－２３,0277-52-4780,株式会社ファーマみらい　代表取締役　岡山　善郎,岩田　堂海,,,平16. 10. 1,yakkyoku
薬局,10,2401412,共創未来　あおい薬局,桐生市境野町６丁目５８８－１,0277-20-8025,株式会社ファーマみらい　代表取締役　岡山　善郎,小倉　数実,,,平16. 10. 1,yakkyoku
薬局,10,2401453,共創未来　本二薬局,桐生市本町２丁目３番３２号,0277-20-8600,株式会社ファーマみらい　代表取締役　岡山　善郎,伊藤　薫,,,平17. 1. 1,yakkyoku
薬局,10,2401479,共創未来　コロンバス薬局,桐生市浜松町１丁目３－２８,0277-20-8710,株式会社ファーマみらい　代表取締役　岡山　善郎,市根井　敦子,,,平17. 7. 1,yakkyoku
薬局,10,2401487,タチコマ薬局,桐生市稲荷町２－３,0277-20-7118,真尾　一,真尾　一,,,平18. 1. 1,yakkyoku
薬局,10,2401537,わかば薬局Ⅲ,桐生市相生町５丁目２８４番地１４０,0277-53-5771,株式会社クスリのわかば　代表取締役　山崎　倫義,小堀　光晴,,,平19. 6. 15,yakkyoku
薬局,10,2401545,カワチ薬局　桐生広沢店,桐生市広沢町４－２４２４－１,0277-70-6327,株式会社カワチ薬品　代表取締役　河内　伸二,正田　美奈,,,平21. 11. 1,yakkyoku
薬局,10,2401552,共創未来　にいさと薬局,桐生市新里町山上字天笠東５７１－１,0277-20-2131,株式会社ファーマみらい　代表取締役　岡山　善郎,横山　浩史,,,平23. 6. 1,yakkyoku
薬局,10,2401560,日本調剤　おりひめ薬局,桐生市織姫町５－４３,0277-44-1106,日本調剤株式会社　代表取締役社長　小城　和紀,松川　瑞子,,,平23. 11. 1,yakkyoku
薬局,10,2401578,なな薬局,桐生市広沢町四丁目１９７０－１６１,0277-47-6617,株式会社アーバネストＭＩＴＡ　代表取締役　三田　奈々子,三田　奈々子,,,平24. 5. 1,yakkyoku
薬局,10,2401586,ライオン薬局みなみ店,桐生市本町３丁目４番２２号,0277-32-3901,有限会社ライオン薬局　代表取締役　加藤　秀成,市村　佐智子,,,平24. 6. 1,yakkyoku
薬局,10,2401594,カワチ薬局　桐生西店,桐生市相生町５－４７０－４,0277-70-6015,株式会社カワチ薬品　代表取締役　河内　伸二,飯髙　奈々,,,平24. 8. 1,yakkyoku
薬局,10,2401610,そうごう薬局　相生店,桐生市相生町３丁目１７１－２５,0277-55-5061,総合メディカル株式会社　代表取締役　多田　荘一郎,栗原　永未加,,,平24. 12. 1,yakkyoku
薬局,10,2401628,ユニスマイル薬局　あしなか店,桐生市相生町１丁目６２８－１３,0277-40-2580,株式会社ユニスマイル　代表取締役　白　成澤,天川　桂介,,,平25. 1. 1,yakkyoku
薬局,10,2401636,桐生調剤薬局,桐生市菱町３－２０１９－４,0277-22-2517,株式会社みどり調剤　代表取締役　高倉　秀彦,斉藤　利弘,,,平25. 4. 1,yakkyoku
薬局,10,2440006,フレンド薬局,桐生市小梅町３番９号,0277-46-7740,株式会社フレンド　代表取締役　須江　儀和,山田　瑶子,,,平26. 8. 1,yakkyoku
薬局,10,2440014,ウエルシア薬局桐生境野店,桐生市境野町２－７２７－１,0277-30-3532,ウエルシア薬局株式会社　代表取締役　田中　純一,田部井　真吾,,,平26. 12. 1,yakkyoku
薬局,10,2440048,ウエルシア薬局桐生川内店,桐生市川内町３－２０７－１,0277-40-3250,ウエルシア薬局株式会社　代表取締役　田中　純一,山田　浩行,,,平28. 10. 1,yakkyoku
薬局,10,2440113,健康堂薬局,桐生市仲町一丁目６番８号,0277-44-6509,有限会社前田健康堂　代表取締役　前田　行雄,前田　行雄,,,平29. 7. 1,yakkyoku
薬局,10,2440188,ユニスマイル薬局　ファミリー店,桐生市東５丁目３７１,0277-40-1380,株式会社ユニスマイル　代表取締役　白　成澤,小池　葵,,,平30. 1. 1,yakkyoku
薬局,10,2440196,よつば薬局,桐生市織姫町５番４２号,0277-47-6762,株式会社オダイ　代表取締役　黒岩　将大,尾台　佑果,,,平30. 6. 1,yakkyoku
薬局,10,2440204,レッド・ダイアモンド　ファーマシー薬局,桐生市巴町１丁目１１１４番地　井上ビル１階,0277-32-3668,株式会社インテンス　代表取締役　木村　浩和,金子　裕也,,,平30. 8. 1,yakkyoku
薬局,10,2440212,コアラ薬局桐生店,桐生市相生町２丁目５５２－１７,0277-53-5211,一般社団法人群馬保健企画　代表理事　野口　陽一,牛込　秀幹,,,平31. 4. 1,yakkyoku
薬局,10,2440220,わたらせ薬局新田,桐生市相生町２－１０７－４,0277-55-5510,中村　淳一,中村　明日香,,,令元. 10. 1,yakkyoku
薬局,10,2440238,調剤薬局　ワイズ,桐生市本町３－４－２８,0277-46-7744,株式会社８８メディカル　代表取締役　田中　洸太,新井　優子,,,令2. 3. 1,yakkyoku
薬局,10,2440253,ファースト調剤薬局　桐生店,桐生市相生町１丁目２５１－１,0277-46-9551,株式会社ファーストケア　代表取締役　長谷川　友彦,加藤　明子,,,令2. 10. 1,yakkyoku
薬局,10,2440261,クスリのアオキ桐生広沢薬局,桐生市広沢町４丁目１９７０番地２０４,0277-47-6016,株式会社クスリのアオキ　代表取締役　青木　宏憲,富岡　雅之,,,令3. 4. 1,yakkyoku
薬局,10,2440279,本町薬局,桐生市本町６－３７５－６,0277-44-5225,アポクリート株式会社　代表取締役　都筑　朋英,占部　哲志,,,令3. 4. 1,yakkyoku
薬局,10,2440287,わたらせ薬局相生店,桐生市相生町３－５１５－４,0277-54-6060,アポクリート株式会社　代表取締役　都筑　朋英,大沼　哲也,,,令3. 4. 1,yakkyoku
薬局,10,2440295,わたらせ薬局厚生前,桐生市織姫町５－４７,0277-30-3588,アポクリート株式会社　代表取締役　都筑　朋英,新井　悟史,,,令3. 4. 1,yakkyoku
薬局,10,2440303,わたらせ薬局南店,桐生市新宿１－６－６,0277-46-8601,アポクリート株式会社　代表取締役　都筑　朋英,弘中　千尋,,,令3. 4. 1,yakkyoku
薬局,10,2440311,共創未来　サンセール薬局,桐生市広沢町間ノ島２８４－７,0277-54-9911,株式会社ファーマみらい　代表取締役　岡山　善郎,村戸　教裕,,,令3. 6. 1,yakkyoku
薬局,10,2440329,クスリのアオキ桐生仲町薬局,桐生市仲町二丁目１１番１７号,0277-47-6755,株式会社クスリのアオキ　代表取締役　青木　宏憲,田中　里穂,,,令3. 9. 1,yakkyoku
薬局,10,2440337,エンドー薬局,桐生市広沢町６－８９８－６,0277-52-1515,株式会社ＥＮＤＯ　代表取締役　遠藤　裕久,遠藤　裕久,,,令3. 10. 1,yakkyoku
薬局,10,2440345,エンドー薬局　さくら店,桐生市広沢町２－３１８７－１,0277-55-0080,株式会社フレンド　代表取締役　須江　儀和,土澤　秀行,,,令3. 10. 1,yakkyoku
薬局,10,2440352,エンドー薬局　おりひめ店,桐生市錦町２－９－９,0277-44-8088,株式会社フレンド　代表取締役　須江　儀和,金子　章子,,,令3. 10. 1,yakkyoku
薬局,10,2440360,クスリのアオキ相生薬局,桐生市相生町２丁目７０９番地２,0277-46-8861,株式会社クスリのアオキ　代表取締役　青木　宏憲,渡辺　泰弘,,,令4. 2. 1,yakkyoku
薬局,10,2440378,あさひ薬局,桐生市浜松町２丁目１２番３０号,0277-30-2132,株式会社ＫＵＫメディカル　代表取締役　伊藤　達哉,井上　千寿子,,,令4. 10. 1,yakkyoku
薬局,10,2440386,スギ薬局　桐生相生店,桐生市相生町三丁目１３２番地の１１,0277-54-4520,株式会社スギ薬局　代表取締役　杉浦　伸哉,荒井　大彰,,,令4. 11. 1,yakkyoku
薬局,10,2440394,マルエ薬局新里店,桐生市新里町小林２３３－２,0277-32-4281,株式会社クスリのマルエ　代表取締役　鈴木　暁子,中島　魁杜,,,令4. 11. 1,yakkyoku
薬局,10,2440402,アエル薬局桐生店,桐生市新里町新川４００３－３,0277-46-7980,株式会社Ｙケミカル　代表取締役　平井　康博,猪越　孝徳,,,令5. 8. 1,yakkyoku
薬局,10,2440410,株式会社サニーズ薬局,桐生市相生町１丁目１４２－１,0277-32-3696,株式会社サニーズ薬局　代表取締役　宮本　明美,植木　幸子,,,令6. 7. 1,yakkyoku
薬局,10,2440428,マルエ薬局桐生東店,桐生市東１－６－２８,0277-47-6771,株式会社クスリのマルエ　代表取締役　鈴木　暁子,林　健太,,,令6. 12. 1,yakkyoku
薬局,10,2440436,のぞみ薬局,桐生市東２丁目８－１,0277-46-6789,中村　淳一,中村　淳一,,,令7. 3. 1,yakkyoku
薬局,10,2440444,ヘルシー薬局,桐生市川内町２－２８７－１,0277-65-5313,株式会社ヘルスケアキリュウ　代表取締役　佐藤　岳彦,髙木　香,,,令6. 11. 1,yakkyoku
薬局,10,2440451,きりなん薬局,桐生市境野町２－１２９２－７,0277-40-1015,株式会社ヘルスケアキリュウ　代表取締役　佐藤　岳彦,藤井　尊礼,,,令6. 11. 1,yakkyoku
薬局,10,2440469,桐生桜木薬局,桐生市相生町１－２０９－３,0277-55-5222,株式会社ストレチア　代表取締役　山根　弘,齋藤　美伴,,,令7. 4. 1,yakkyoku
薬局,10,2440477,おおしま薬局　錦町店,桐生市錦町１丁目４－４１,0277-22-3101,有限会社おおしま薬局　代表取締役　大島　正芳,大島　達朗,,,令7. 5. 1,yakkyoku
薬局,10,2440485,アエル薬局川内店,桐生市川内町４丁目２０８－１,0277-46-7461,株式会社Ｙケミカル　代表取締役　平井　康博,木村　佳世子,,,令7. 10. 1,yakkyoku
薬局,10,2440493,マイ薬局,桐生市仲町２－７－２３,0277-44-3891,株式会社ウェルファーマ　代表取締役　神岡　伸太郎,増田　輝誠,,,令8. 4. 1,yakkyoku
薬局,10,0200279,薬局　江原良彰,伊勢崎市平和町２６－３２,0270-24-1033,江原　良彰,江原　良彰,,,昭51. 5. 15,yakkyoku
薬局,10,0200352,有限会社　吉山薬局　喜多町店,伊勢崎市喜多町１－８,0270-26-3987,有限会社　吉山薬局　代表取締役　吉山　徹,吉山　徹,,,昭56. 10. 1,yakkyoku
薬局,10,0200436,松本ファーマシー,伊勢崎市連取町２３４８－１０,0270-26-6680,有限会社　松本ファーマシー　代表取締役　松本　修,松本　修,,,平3. 5. 1,yakkyoku
薬局,10,0200519,みやこ薬局,伊勢崎市宮子町６５９－４,0270-26-3182,俵山　美夏,俵山　美夏,,,平6. 12. 1,yakkyoku
薬局,10,0200642,ドレミ・ファーマシー　広瀬店,伊勢崎市美茂呂町３７３８番地３,0270-30-3180,有限会社　アポ　代表取締役　石原　誠,荻野　美智子,,,平11. 10. 15,yakkyoku
薬局,10,0200709,アリス薬局,伊勢崎市上諏訪町１５２１－１,0270-21-8001,有限会社　ファムズ　取締役　沼田　冬惠,沼田　冬恵,,,平13. 3. 1,yakkyoku
薬局,10,0200717,むさし薬局,伊勢崎市除ケ町３３６－１１,0270-20-3711,有限会社　グランメイト　代表取締役　和田　茂,黒岩　恵子,,,平13. 12. 1,yakkyoku
薬局,10,0200816,共創未来　大手町薬局,伊勢崎市大手町２０－１１,0270-26-3610,株式会社ファーマみらい　代表取締役　岡山　善郎,小林　紀夫,,,平16. 10. 1,yakkyoku
薬局,10,0200857,あらい　ふぁあましぃー,伊勢崎市今泉町１丁目１５８１,0270-23-5001,新井　康弘,新井　康弘,,,平17. 4. 1,yakkyoku
薬局,10,0200873,つくし薬局,伊勢崎市鹿島町５４４－３,0270-22-3876,有限会社セントラルファーマシー　代表取締役　柴崎　均,根岸　克典,,,平17. 10. 1,yakkyoku
薬局,10,0200881,ドレミ・ファーマシー南店,伊勢崎市茂呂町２－３５１２－８,0270-50-8021,有限会社アポ　代表取締役　石原　誠,石原　誠,,,平17. 10. 1,yakkyoku
薬局,10,0200899,カワチ薬局　伊勢崎西店,伊勢崎市連取本町１４４番地５,0270-30-5351,株式会社カワチ薬品　代表取締役　河内　伸二,池田　翔冴,,,平18. 3. 1,yakkyoku
薬局,10,0200915,ふたば薬局,伊勢崎市今泉町１－１２１１－１,0270-40-7088,有限会社タカギ・ファーマシーたんぽぽ調剤薬局　代表取締役　髙木　一正,茂木　敏之,,,平18. 4. 1,yakkyoku
薬局,10,0200923,プラザ薬局,伊勢崎市富塚町２６４－２,0270-32-8826,平田　文香,平田　文香,,,平18. 5. 1,yakkyoku
薬局,10,0200931,松本ファーマシー上本店,伊勢崎市上植木本町２５１９－２,0270-50-8270,有限会社松本ファーマシー　代表取締役　松本　修,小池　真由美,,,平18. 10. 1,yakkyoku
薬局,10,0200980,わかば薬局韮塚店,伊勢崎市韮塚町４６０－８,0270-40-7430,有限会社群馬サンシン　代表取締役　猪瀬　利幸,山口　太偉,,,平19. 11. 1,yakkyoku
薬局,10,0201012,富士薬局　日乃出店,伊勢崎市日乃出町１３０８－１,0270-22-3800,有限会社富士薬局　代表取締役　石塚　栄,内田　規美夫,,,平20. 4. 1,yakkyoku
薬局,10,0201020,エコー薬局,伊勢崎市今泉町一丁目４番１１,0270-75-1933,株式会社アーネクト　代表取締役　畑　享志,堀井　博章,,,平20. 5. 1,yakkyoku
薬局,10,0201038,ツカサ薬局　東小保方店,伊勢崎市東小保方町３０８９－１,0270-75-1253,メディックス株式会社　代表取締役　細野　好司,山　広志,,,平20. 5. 15,yakkyoku
薬局,10,0201046,ホシノ薬局　連取店,伊勢崎市連取本町１７４－１１,0270-75-3186,株式会社ホシノ薬局　代表取締役　星野　哲也,星野　哲也,,,平20. 8. 15,yakkyoku
薬局,10,0201061,オリーブ薬局　伊勢崎堀口町,伊勢崎市堀口町字飯玉１０７－４,0270-31-3177,有限会社メディファーマ　取締役　坂口　人一,小林　梨紗,,,平20. 12. 1,yakkyoku
薬局,10,0201103,うえはす調剤薬局,伊勢崎市上植木本町２６６４－６,0270-30-3350,株式会社イーファーマシー東日本　代表取締役　八木　伸幸,羽鳥　雅晶,,,平21. 3. 1,yakkyoku
薬局,10,0201129,こすもす薬局　田中島店,伊勢崎市田中島町１４２９－２,0270-61-5185,有限会社愛健　代表取締役　原　文子,泉　厚子,,,平21. 4. 1,yakkyoku
薬局,10,0201160,あくつ薬局富塚店,伊勢崎市富塚町２１３－２０,0270-75-5767,株式会社あくつファーマシー　代表取締役　阿久津　博昭,阿久津　麻実,,,平22. 4. 1,yakkyoku
薬局,10,0201186,コスモファーマ薬局　小保方店,伊勢崎市東小保方町３８５８－１０,0270-20-2286,株式会社コスモファーマ東京　代表取締役　藤田　愛里,下田　倫江,,,平22. 10. 1,yakkyoku
薬局,10,0201194,さかい調剤薬局,伊勢崎市境新栄１０－１０,0270-61-8333,セイリュウメディカル株式会社　代表取締役　加藤　清隆,加藤　清隆,,,平23. 5. 1,yakkyoku
薬局,10,0201202,そうごう薬局　境東店,伊勢崎市境東２２０－７,0270-70-8031,総合メディカル株式会社　代表取締役　多田　荘一郎,和田　倫奈,,,平23. 10. 1,yakkyoku
薬局,10,0201210,イムノファーマシー伊勢崎店,伊勢崎市間野谷町１１０７,0270-20-2760,株式会社長東　代表取締役　引地　誠,岩上　恵,,,平23. 10. 1,yakkyoku
薬局,10,0201236,（有）タカノ薬局北店,伊勢崎市波志江町２７７９－６,0270-61-8666,有限会社タカノ薬局　代表取締役　高野　守啓,髙野　雅史,,,平24. 3. 1,yakkyoku
薬局,10,0201285,クスリのアオキ南千木薬局,伊勢崎市南千木町５２１１番地４,0270-30-3312,株式会社クスリのアオキ　代表取締役　青木　宏憲,山本　恭平,,,平24. 12. 1,yakkyoku
薬局,10,0201319,ユニスマイル薬局　伊勢崎店,伊勢崎市南千木町５２２５－６,0270-27-5612,株式会社ユニスマイル　代表取締役　白　成澤,新海　正信,,,平25. 1. 1,yakkyoku
薬局,10,0201335,ゆず薬局　連取店,伊勢崎市連取町３６４－３,0270-61-8532,株式会社ＪＢＩ財務マネジメント　代表取締役　田中　和久,栗原　彩,,,平25. 4. 1,yakkyoku
薬局,10,0201343,三協ファーマシー安堀店,伊勢崎市安堀町１２７－１２,0270-61-6311,株式会社三協ケミカルインスト　代表取締役　平形　一志,新井　唯起子,,,平25. 4. 1,yakkyoku
薬局,10,0201376,かえで薬局　伊勢崎太田町,伊勢崎市安堀町１９０４－６,0270-75-4800,有限会社メディファーマ　取締役　坂口　人一,坂口　人一,,,平25. 5. 1,yakkyoku
薬局,10,0201384,ユニスマイル薬局　しょうわ店,伊勢崎市昭和町１６８７－６,0270-40-5717,株式会社ユニスマイル　代表取締役　白　成澤,亀山　洋司,,,平25. 6. 1,yakkyoku
薬局,10,0201400,なの花薬局伊勢崎昭和町店,伊勢崎市昭和町１６８７－３,0270-75-4777,株式会社なの花東日本　代表取締役　西尾　哲弥,櫻井　良枝,,,平25. 7. 1,yakkyoku
薬局,10,0240002,ラポール薬局,伊勢崎市宮子町９０８番地３,0270-61-5011,株式会社三協ケミカルインスト　代表取締役　平形　一志,茂木　厚秀,,,平25. 7. 1,yakkyoku
薬局,10,0240028,中央薬局,伊勢崎市中央町４－９,0270-23-9522,有限会社中央薬局　代表取締役　武　弘子,武　正義,,,平25. 8. 1,yakkyoku
薬局,10,0240036,クスリのアオキ田部井薬局,伊勢崎市田部井町二丁目５３４番１,0270-30-7667,株式会社クスリのアオキ　代表取締役　青木　宏憲,武田　紘一,,,平25. 9. 1,yakkyoku
薬局,10,0240044,共創未来　かけづか薬局,伊勢崎市太田町４２１,0270-30-3080,株式会社ファーマみらい　代表取締役　岡山　善郎,松島　沙織,,,平25. 11. 1,yakkyoku
薬局,10,0240077,コスモファーマ薬局波志江店,伊勢崎市波志江町４１１３番地１６,0270-75-4747,株式会社コスモファーマ東京　代表取締役　藤田　愛里,阿久澤　冬馬,,,平26. 1. 1,yakkyoku
薬局,10,0240085,ウエルシア薬局伊勢崎宮子店,伊勢崎市宮子町３５２１－２,0270-20-1361,ウエルシア薬局株式会社　代表取締役　田中　純一,齋藤　寛幸,,,平26. 2. 1,yakkyoku
薬局,10,0240093,ぱんだ薬局,伊勢崎市連取町１６９１－１５,0270-61-7225,株式会社創悠社　代表取締役　八木　大輔,梅田　雄也,,,平26. 2. 1,yakkyoku
薬局,10,0240101,メルモ薬局,伊勢崎市連取町３０７３－１２,0270-61-9711,株式会社メディキュア　代表取締役　遠田　健二,遠田　千文,,,平26. 7. 1,yakkyoku
薬局,10,0240119,クスリのアオキ今泉薬局,伊勢崎市今泉町一丁目１２０４番地,0270-20-1213,株式会社クスリのアオキ　代表取締役　青木　宏憲,本橋　英也,,,平26. 12. 1,yakkyoku
薬局,10,0240127,クスリのアオキ寿薬局,伊勢崎市西田町６７番１,0270-30-5201,株式会社クスリのアオキ　代表取締役　青木　宏憲,大澤　遥子,,,平26. 12. 1,yakkyoku
薬局,10,0240135,くるみ薬局,伊勢崎市粕川町１０５１－４,0270-21-1300,有限会社セントラルファーマシー　代表取締役　柴崎　均,土師　正,,,平27. 1. 1,yakkyoku
薬局,10,0240143,ユニスマイル薬局　南千木店,伊勢崎市南千木町５２１６番地２,0270-50-4020,株式会社ユニスマイル　代表取締役　白　成澤,布施川　舞,,,平27. 1. 1,yakkyoku
薬局,10,0240150,ベイシア薬局伊勢崎駅前店,伊勢崎駅周辺第一土地区画整理事業２－１街区２－１０,0270-20-1200,株式会社ベイシア　代表取締役　相木　孝仁,柳原　浩美,,,平27. 4. 1,yakkyoku
薬局,10,0240176,ウエルシア薬局伊勢崎市場店,伊勢崎市市場町２－８５０－９,0270-20-8677,ウエルシア薬局株式会社　代表取締役　田中　純一,鵜飼　秦一郎,,,平27. 10. 1,yakkyoku
薬局,10,0240200,さくら薬局　伊勢崎下触店,伊勢崎市下触町７５７－５,0270-40-0005,クラフト株式会社　代表取締役　新井　勝,澤　麻美,,,平28. 4. 1,yakkyoku
薬局,10,0240218,花・花薬局伊勢崎境店,伊勢崎市境新栄１０－２４,0270-75-6681,株式会社　エフアンドエフ　代表取締役　藤川　欣洋,田村　優,,,平28. 5. 1,yakkyoku
薬局,10,0240234,共創未来　伊勢崎中央薬局,伊勢崎市大手町２－１４,0270-40-7878,株式会社ファーマみらい　代表取締役　岡山　善郎,並木　優二,,,平28. 8. 1,yakkyoku
薬局,10,0240242,ウイン調剤薬局　伊勢崎店,伊勢崎市乾町２３３番地２,0270-61-5650,有限会社ウインファーマ　代表取締役　藤田　勝久,山本　未来,,,平28. 10. 1,yakkyoku
薬局,10,0240259,クスリのアオキ宮子薬局,伊勢崎市宮子町３４６９番地１９,0270-75-2660,株式会社クスリのアオキ　代表取締役　青木　宏憲,佐々木　杏理,,,平28. 10. 1,yakkyoku
薬局,10,0240267,アイセイ薬局　伊勢崎店,伊勢崎市境百々１７１－８,0270-75-0633,株式会社アイセイ薬局　代表取締役　藤井　江美,　優希,,,平28. 10. 1,yakkyoku
薬局,10,0240275,アイセイ薬局　伊勢崎境店,伊勢崎市境３９０,0270-75-0130,株式会社アイセイ薬局　代表取締役　藤井　江美,野際　高士,,,平28. 10. 1,yakkyoku
薬局,10,0240283,キャンディ薬局,伊勢崎市田中町８９番地３,0270-75-5633,株式会社さくらさく　代表取締役　柘野　脩耶,栗原　悠二,,,平28. 12. 1,yakkyoku
薬局,10,0240291,有限会社中田薬局,伊勢崎市上植木本町２６９１－１,0270-30-3520,有限会社中田薬局　代表取締役　中田　敦,中田　園枝,,,平29. 1. 5,yakkyoku
薬局,10,0240317,須田薬局,伊勢崎市喜多町１９１－１,0270-23-7177,須田　博光,籾山　恭子,,,平29. 2. 1,yakkyoku
薬局,10,0240325,かりん薬局,伊勢崎市大正寺町１１１－１０,0270-75-6356,有限会社セントラルファーマシー　代表取締役　柴﨑　均,石坂　美紀,,,平29. 8. 1,yakkyoku
薬局,10,0240333,アイセイ薬局　あずま店,伊勢崎市東町２６５９－２,0270-40-0020,株式会社アイセイ薬局　代表取締役　藤井　江美,鈴木　佑,,,平29. 10. 1,yakkyoku
薬局,10,0240358,クスリのアオキ連取薬局,伊勢崎市連取本町２３２番地３,0270-75-1680,株式会社クスリのアオキ　代表取締役　青木　宏憲,染谷　英昭,,,平30. 9. 1,yakkyoku
薬局,10,0240366,クオール薬局伊勢崎店,伊勢崎市下植木町４５７－１,0270-20-1730,クオール株式会社　代表取締役　柄澤　忍,髙　香織,,,平30. 10. 1,yakkyoku
薬局,10,0240374,ウエルシア薬局伊勢崎境町店,伊勢崎市境下武士２６８８番地,0270-75-0535,ウエルシア薬局株式会社　代表取締役　田中　純一,川浦　圭介,,,平31. 2. 1,yakkyoku
薬局,10,0240382,富士薬局あずま店,伊勢崎市田部井町３－１９７８－６,0270-75-4217,有限会社富士薬局　代表取締役　石塚　栄,渡部　里美,,,平31. 4. 1,yakkyoku
薬局,10,0240390,つばさ薬局茂呂店,伊勢崎市茂呂町一丁目５５２－３,0270-61-8216,有限会社つばさ薬局　代表取締役　高野　由博,山内　寛,,,令元. 5. 1,yakkyoku
薬局,10,0240408,クスリのアオキ伊勢崎境薬局,伊勢崎市境栄７９３,0270-75-1236,株式会社クスリのアオキ　代表取締役　青木　宏憲,櫻井　宏,,,令元. 7. 1,yakkyoku
薬局,10,0240416,さくら薬局　伊勢崎国定店,伊勢崎市国定町２－２０１９－３,0270-63-4380,クラフト株式会社　代表取締役　新井　勝,勝部　祐人,,,令元. 7. 1,yakkyoku
薬局,10,0240440,あずまみまもり薬局,伊勢崎市三室町４０１１－６,0270-75-3225,門下　鉄也,門下　鉄也,,,令元. 10. 1,yakkyoku
薬局,10,0240465,マルエ薬局昭和店,伊勢崎市昭和町１８８６－１,0270-27-9577,株式会社クスリのマルエ　代表取締役　鈴木　暁子,今井　千晶,,,令元. 12. 1,yakkyoku
薬局,10,0240473,なごみ薬局　伊勢崎店,伊勢崎市西久保町２－３５２－１６,0270-61-8293,株式会社パティナス　代表取締役　川田　裕夫,堀口　啓太,,,令元. 12. 1,yakkyoku
薬局,10,0240481,アイン薬局　伊勢崎はしえ店,伊勢崎市波志江町１１５２,0270-40-6302,株式会社アインファーマシーズ　代表取締役　淡路　英広,蔵方　侑希,,,令2. 3. 1,yakkyoku
薬局,10,0240499,ファイン薬局　連取本町,伊勢崎市連取本町１３－１,0270-26-7779,株式会社ファインファーマシー　代表取締役　池田　明,金子　駿,,,令2. 8. 1,yakkyoku
薬局,10,0240515,つばさ薬局安堀店,伊勢崎市安堀町１８６５－１０,0270-75-4401,有限会社つばさ薬局　代表取締役　高野　由博,笹沼　美夕,,,令2. 10. 1,yakkyoku
薬局,10,0240523,連取中央薬局,伊勢崎市連取本町１１番６号,0270-75-6537,株式会社ＹＨＯ　代表取締役　直井　優幸,小玉　毅彦,,,令2. 12. 1,yakkyoku
薬局,10,0240549,あすなろ薬局いせさき堀口店,伊勢崎市堀口町６６１－４,0270-75-5095,有限会社メディハート　取締役　小山　正道,五十嵐　康裕,,,令3. 5. 1,yakkyoku
薬局,10,0240556,アイン薬局　伊勢崎曲輪店,伊勢崎市曲輪町２４－３１,0270-75-2407,株式会社アインファーマシーズ　代表取締役　淡路　英広,髙栁　咲,,,令3. 5. 1,yakkyoku
薬局,10,0240564,クスリのアオキ伊勢崎昭和町薬局,伊勢崎市昭和町３８１２番地,0270-27-6880,株式会社クスリのアオキ　代表取締役　青木　宏憲,中莖　弘,,,令3. 7. 1,yakkyoku
薬局,10,0240572,クスリのアオキ東小保方薬局,伊勢崎市東小保方町３５０３番地,0270-75-2826,株式会社クスリのアオキ　代表取締役　青木　宏憲,佐伯　昌英,,,令3. 9. 1,yakkyoku
薬局,10,0240580,ベスト薬局,伊勢崎市下道寺町字塔ノ辻４５番１,0270-61-6660,ベスト薬局株式会社　代表取締役　長岡　洋介,関田　将孝,,,令3. 11. 1,yakkyoku
薬局,10,0240598,オハナ薬局　若葉町店,伊勢崎市若葉町１５－２,0270-27-5931,ウインファーマ株式会社　代表取締役　藤田　勝成,鈴木　和良,,,令3. 12. 1,yakkyoku
薬局,10,0240606,メロディー薬局,伊勢崎市茂呂町２丁目３５０２－１,0270-61-6456,株式会社ライルスサポート　代表取締役　白倉　丞,遠山　勝司,,,令4. 1. 1,yakkyoku
薬局,10,0240614,ウイン調剤薬局　ひろせ店,伊勢崎市ひろせ町４０８１番６,0270-75-6134,未来調剤株式会社　代表取締役　藤田　勝成,宮崎　洋光,,,令4. 2. 1,yakkyoku
薬局,10,0240630,とようけファーマシー,伊勢崎市馬見塚町８６０－５,0270-61-7721,株式会社アルファーマメディカル　代表取締役　栗原　秀一,栗原　秀一,,,令4. 5. 1,yakkyoku
薬局,10,0240648,ベース薬局,伊勢崎市東本町１１０番地２２,0270-30-3161,株式会社さくらさく　代表取締役　柘野　脩耶,柘野　脩耶,,,令4. 7. 1,yakkyoku
薬局,10,0240655,くりけ薬局,伊勢崎市山王町３１７－７,0270-75-5926,株式会社薬理創健　代表取締役　岩上　ひかり,岩上　啓人,,,令4. 8. 1,yakkyoku
薬局,10,0240663,ウエルシア薬局伊勢崎赤堀店,伊勢崎市赤堀鹿島町１６３９－１,0270-20-8750,ウエルシア薬局株式会社　代表取締役　田中　純一,加藤　綾子,,,令4. 10. 1,yakkyoku
薬局,10,0240671,クスリのアオキ伊勢崎富塚薬局,伊勢崎市富塚町３００番地７,0270-75-3812,株式会社クスリのアオキ　代表取締役　青木　宏憲,三澤　貴一,,,令5. 4. 1,yakkyoku
薬局,10,0240689,いせさき調剤薬局,伊勢崎市緑町５－１,0270-40-5156,株式会社フィールドファーマシー　代表取締役　岩下　正志,樽井　みゆき,,,令5. 8. 1,yakkyoku
薬局,10,0240697,ことり薬局宮子店,伊勢崎市宮子町３５４３－１１,0270-27-4322,ことりメディカル株式会社　代表取締役　桒子　修司,石原　雄二,,,令6. 1. 1,yakkyoku
薬局,10,0240705,こまめ薬局,伊勢崎市下植木町８４０－２,0270-75-6904,有限会社セントラルファーマシー　代表取締役　柴﨑　均,中村　藍,,,令6. 8. 1,yakkyoku
薬局,10,0240713,あくつ薬局　上諏訪店,伊勢崎市上諏訪町２１１２－３７,0270-25-9789,株式会社あくつファーマシー　代表取締役　阿久津　博昭,阿久津　博昭,,,令6. 9. 1,yakkyoku
薬局,10,0240721,くるみ薬局伊勢崎店,伊勢崎市連取町３０８０－１,0270-61-8202,有限会社スタイル　代表取締役　渡部　義一,佐藤　祐希江,,,令7. 1. 1,yakkyoku
薬局,10,0240739,あゆみ薬局,伊勢崎市東町２５１７－３,0270-20-8555,有限会社　健実堂調剤薬局　代表取締役　粕川　敬太,佐瀬　忍,,,令7. 1. 5,yakkyoku
薬局,10,0240747,あすなろ薬局,伊勢崎市連取元町２１３－５,0270-21-4970,株式会社アスナロスピリット　代表取締役　大矢　浩史,大矢　浩史,,,令7. 1. 1,yakkyoku
薬局,10,0240754,アエル薬局西久保店,伊勢崎市西久保町２丁目３４３番地７,0270-61-5276,株式会社Ｙケミカル　代表取締役　平井　康博,田島　佑輔,,,令7. 5. 1,yakkyoku
薬局,10,0240762,アイン薬局　伊勢崎店,伊勢崎市連取本町１４－３,0270-24-2424,株式会社アイン中央　代表取締役　鈴木　奈々絵,久保　侑子,,,令7. 5. 1,yakkyoku
薬局,10,0240770,五ツ星薬局,伊勢崎市連取本町１１－５,0270-40-5448,株式会社アイン中央　代表取締役　鈴木　奈々絵,小柳　成樹,,,令7. 5. 1,yakkyoku
薬局,10,0240788,コスモファーマ薬局　宮前店,伊勢崎市宮前町１１６番地４,0270-75-5313,株式会社コスモファーマ東京　代表取締役　藤田　愛里,中嶋　治人,,,令8. 5. 1,yakkyoku
薬局,10,0240796,匠伴薬局,伊勢崎市美茂呂町４０８５－１,0270-21-7718,総合メディカル株式会社　代表取締役　多田　荘一郎,宮澤　智之,,,令8. 4. 1,yakkyoku
薬局,10,0240804,クスリのアオキ田中島薬局,伊勢崎市宮子町３６３３番地１,0270-61-8312,株式会社クスリのアオキ　代表取締役　青木　宏憲,小林　泰斗,,,令8. 7. 1,yakkyoku
薬局,10,0240812,さくら薬局　伊勢崎連取店,伊勢崎市連取本町１１番地５,0270-50-8280,クラフト株式会社　代表取締役　新井　勝,石田　吏香,,,令8. 5. 1,yakkyoku
薬局,10,0600148,有限会社　あいはら薬局,伊勢崎市香林町二丁目８７２番地１,0270-20-2055,有限会社　あいはら薬局　代表取締役　藍原　幸枝,藍原　幸枝,,,平12. 4. 15,yakkyoku
薬局,10,0600205,フロンティア薬局赤堀店,伊勢崎市市場町１丁目１４０５,0270-20-2513,株式会社　フロンティア　代表取締役　重森　裕之,稲村　忠史,,,平14. 1. 1,yakkyoku
薬局,10,0600262,けやき薬局,伊勢崎市三室町４４１７－１,0270-40-0366,有限会社ドレミ　取締役　上村　哲哉,町田　宏行,,,平16. 7. 1,yakkyoku
薬局,10,0600270,そうごう薬局　国定店,伊勢崎市市場町２丁目１７０９,0270-20-2601,総合メディカル株式会社　代表取締役　多田　荘一郎,千吉良　このみ,,,平16. 10. 1,yakkyoku
薬局,10,0600288,共創未来　佐波東薬局,伊勢崎市東町２７２０－１７,0270-20-2358,株式会社ファーマみらい　代表取締役　岡山　善郎,松本　なるみ,,,平16. 10. 1,yakkyoku
薬局,10,0600296,共創未来　くにさだ薬局,伊勢崎市国定町一丁目１１７８－３,0270-40-0288,株式会社ファーマみらい　代表取締役　岡山　善郎,大畠　優,,,平16. 10. 1,yakkyoku
薬局,10,2500205,有限会社　太田薬局,太田市東本町２８－２,0276-22-2279,有限会社　太田薬局　代表取締役　太田　智弘,太田　智弘,,,昭43. 4. 1,yakkyoku
薬局,10,2500403,星漢堂薬局,太田市小舞木町３０３－３,0276-45-5557,有限会社　小林薬局　代表取締役　小林　正実,小林　正実,,,昭55. 7. 1,yakkyoku
薬局,10,2500510,富士薬局,太田市八幡町１２－７,0276-22-8802,有限会社　富士薬局　代表取締役　石塚　栄,後藤　友里,,,昭62. 3. 15,yakkyoku
薬局,10,2500544,西藤薬局,太田市藤阿久町６１８－８,0276-31-6011,新興商事株式会社　代表取締役　半田　美知子,半田　美知子,,,昭63. 3. 1,yakkyoku
薬局,10,2500627,ヨシハラ薬局,太田市成塚町１５０－８４,0276-37-6333,有限会社　吉原薬局　取締役　吉江　千恵,吉江　千恵,,,平2. 11. 15,yakkyoku
薬局,10,2500700,有限会社　タカギ・ファーマシー　たんぽぽ調剤薬局,太田市高林東町１６９５,0276-38-6011,有限会社　タカギ・ファーマシー　たんぽぽ調剤薬局　代表取締役　髙木　一正,横山　伸子,,,平6. 2. 1,yakkyoku
薬局,10,2500833,あかね薬局,太田市台之郷町２４９－３,0276-48-4348,有限会社　エヌケイ　代表取締役　蔭山　規子,蔭山　規子,,,平10. 1. 1,yakkyoku
薬局,10,2500841,アップル薬局,太田市東本町３４－１４,0276-40-2381,株式会社　アップルケアネット　代表取締役　小林　博美,内田　絵里,,,平20. 10. 20,yakkyoku
薬局,10,2500999,ミモザ薬局,太田市飯田町９８２,0276-40-1533,有限会社　ミモザ薬局　代表取締役　木村　かおり,木村　かおり,,,平12. 1. 1,yakkyoku
薬局,10,2501005,さわの薬局,太田市岩瀬川町４７５－４,0276-30-2215,有限会社　エシカル　代表取締役　山﨑　一夫,林　香,,,平12. 3. 1,yakkyoku
薬局,10,2501013,富士薬局　中央店,太田市東今泉町８０４－２,0276-36-1003,有限会社　富士薬局　代表取締役　石塚　栄,赤井　恵美,,,平12. 3. 15,yakkyoku
薬局,10,2501047,あゆみ薬局,太田市上田島町９４９－８,0276-60-6055,有限会社　あゆみ薬局　代表取締役　小野里　正明,小野里　正明,,,平12. 9. 1,yakkyoku
薬局,10,2501054,飯田薬局,太田市飯田町２０２－２,0276-60-1277,有限会社　タイセイ　取締役　春山　圭一,春山　圭一,,,平12. 10. 1,yakkyoku
薬局,10,2501104,しののめ薬局,太田市飯塚町８７８,0276-60-3160,しののめ薬局　有限会社　取締役　眞下　仁志,堤　千晶,,,平14. 3. 15,yakkyoku
薬局,10,2501112,大津屋薬局ラブ店,太田市高林寿町１８０９,0276-38-5024,株式会社大津屋薬局　代表取締役　武川　泰之,武川　幸子,,,平14. 6. 1,yakkyoku
薬局,10,2501120,木戸薬局,太田市古戸町１１７７－５,0276-30-5905,木戸　典子,木戸　典子,,,平14. 7. 1,yakkyoku
薬局,10,2501161,富士薬局高林店,太田市高林寿町１８０９－７,0276-60-0080,有限会社富士薬局　代表取締役　石塚　栄,毛呂　仁美,,,平15. 10. 1,yakkyoku
薬局,10,2501187,フルーツ薬局,太田市由良町６９－７,0276-33-7066,有限会社スピカ　代表取締役　牛込　均,小竹　康文,,,平16. 4. 1,yakkyoku
薬局,10,2501203,きりん調剤薬局,太田市下浜田町１２０６－１,0276-30-2471,株式会社コバトラ薬局　代表取締役　岡田　尚久,岡田　尚久,,,平17. 8. 1,yakkyoku
薬局,10,2501237,有限会社すけど薬局おおた店,太田市由良町１６３６－７,0276-32-6645,有限会社すけど薬局　代表取締役　石橋　弘忠,杉山　啓,,,平17. 2. 15,yakkyoku
薬局,10,2501260,ミモザ薬局細谷店,太田市細谷町１３６７－４,0276-33-7533,有限会社ミモザ薬局　代表取締役　木村　かおり,森田　ゆり子,,,平18. 4. 15,yakkyoku
薬局,10,2501278,共創未来　東金井薬局,太田市東金井町３１１－３,0276-20-2536,株式会社ファーマみらい　代表取締役　岡山　善郎,河田　安弓巳,,,平18. 5. 1,yakkyoku
薬局,10,2501294,共創未来　大原町薬局,太田市大原町８２－２７６,0277-20-4161,株式会社ファーマみらい　代表取締役　岡山　善郎,東條　秀敏,,,平18. 5. 15,yakkyoku
薬局,10,2501302,城西薬局有限会社,太田市新野町１２４９番地の５,0276-32-4554,城西薬局有限会社　代表取締役　滝川　尚良,町田　佳緒里,,,平18. 6. 1,yakkyoku
薬局,10,2501369,ＬＡＣみどり薬局,太田市東矢島町１２６０－１,0276-47-7980,株式会社ＬＡＣファーマシー　代表取締役　福田　貴行,福田　貴行,,,平19. 4. 1,yakkyoku
薬局,10,2501377,コスモファーマ薬局矢場新町店,太田市矢場新町３１－２,0276-60-1285,株式会社コスモファーマ　代表取締役　藤田　愛里,門脇　進,,,平19. 6. 1,yakkyoku
薬局,10,2501393,アイビー薬局,太田市上小林町１９８番地２,0276-22-8088,株式会社アイビー薬局　代表取締役　柿沼　洋一,柿沼　洋一,,,平19. 12. 1,yakkyoku
薬局,10,2501401,そうごう薬局藪塚店,太田市六千石町１１６－５,0277-79-0131,総合メディカル株式会社　代表取締役　多田　荘一郎,峯村　直,,,平20. 1. 1,yakkyoku
薬局,10,2501427,くるみ薬局小舞木店,太田市小舞木町２２３番,0276-60-5928,マイズメディカル株式会社　代表取締役　小林　敏明,小林　敏明,,,平20. 3. 1,yakkyoku
薬局,10,2501435,コスモファーマ薬局太田南店,太田市牛沢町１０８５－４,0276-30-5021,株式会社コスモファーマ東京　代表取締役　藤田　愛里,黒澤　一宏,,,平20. 4. 1,yakkyoku
薬局,10,2501443,共創未来　由良薬局,太田市由良町８８７－１,0276-33-8511,株式会社ファーマみらい　代表取締役　岡山　善郎,津久井　潤,,,平20. 6. 15,yakkyoku
薬局,10,2501476,このは薬局　おおばら店,太田市大原町４３８－１８,0277-32-6233,株式会社アーネクト　代表取締役　畑　享志,加藤　由美子,,,平20. 9. 1,yakkyoku
薬局,10,2501492,オリーブ薬局,太田市龍舞町１７９５－５,0276-56-9839,エムシー関東株式会社　代表取締役　植竹　一雅,村岡　洋明,,,平20. 10. 1,yakkyoku
薬局,10,2501500,城西の杜薬局,太田市城西町５３－２,0276-60-4800,株式会社　太田中央薬局　代表取締役　長谷川　史朗,菊池　義浩,,,平20. 12. 1,yakkyoku
薬局,10,2501518,富士薬局　ほほえみ,太田市藤阿久町８０７－７,0276-31-4443,有限会社富士薬局　代表取締役　石塚　栄,氏原　満,,,平21. 1. 1,yakkyoku
薬局,10,2501534,調剤薬局　太陽,太田市鳥山町５９３－１,0276-25-4540,株式会社アルファーム　代表取締役　田口　雅一,阿野　卓哉,,,平21. 7. 1,yakkyoku
薬局,10,2501559,株式会社にこにこ薬局,太田市南矢島町３５２番地６,0276-38-6050,株式会社にこにこ薬局　代表取締役　山田　光子,山田　光子,,,平21. 9. 1,yakkyoku
薬局,10,2501575,中央薬局　飯塚店,太田市飯塚町９８５－４,0276-55-3400,株式会社太田中央薬局　代表取締役　長谷川　史朗,守屋　貴正,,,平21. 12. 1,yakkyoku
薬局,10,2501617,わかば薬局　大原店,太田市大原町１０５０－２５,0277-46-7341,有限会社群馬サンシン　代表取締役　猪瀬　利幸,萩原　良成,,,平22. 6. 1,yakkyoku
薬局,10,2501625,ウエルシア薬局太田岩瀬川店,太田市岩瀬川町４５０－１,0276-48-8740,ウエルシア薬局株式会社　代表取締役　田中　純一,中根　星麻,,,平22. 12. 1,yakkyoku
薬局,10,2501641,ウエルシア薬局太田南口店,太田市飯田町１１０１,0276-46-3508,ウエルシア薬局株式会社　代表取締役　田中　純一,生形　一友毅,,,平22. 12. 1,yakkyoku
薬局,10,2501658,ウエルシア薬局太田新道町店,太田市新道町１２５４－１,0276-31-4381,ウエルシア薬局株式会社　代表取締役　田中　純一,猪　舞貴,,,平22. 12. 1,yakkyoku
薬局,10,2501666,ウエルシア薬局太田石原店,太田市茂木町９１８,0276-47-1785,ウエルシア薬局株式会社　代表取締役　田中　純一,永山　清美,,,平22. 12. 1,yakkyoku
薬局,10,2501674,さくら薬局　太田飯田店,太田市飯田町８０３番地,0276-49-6008,クラフト株式会社　代表取締役　新井　勝,坂井　俊也,,,平23. 2. 1,yakkyoku
薬局,10,2501690,中央薬局　高林店,太田市高林北町１９３３－１,0276-50-1100,株式会社太田中央薬局　代表取締役　長谷川　史朗,河内　雄太,,,平23. 6. 1,yakkyoku
薬局,10,2501724,あかつき薬局,太田市新田赤堀町４３４－２７,0276-52-8162,株式会社あかつき薬局　代表取締役　須永　豊治,須永　豊治,,,平23. 10. 1,yakkyoku
薬局,10,2501740,富士薬局大島店,太田市大島町１２５－１－３,0276-31-1701,有限会社　富士薬局　代表取締役　石塚　栄,安本　早苗,,,平24. 5. 1,yakkyoku
薬局,10,2501765,株式会社　太田中央薬局,太田市大島町１２５－１－２,0276-47-3700,株式会社　太田中央薬局　代表取締役　長谷川　史朗,中村　悠記子,,,平24. 5. 31,yakkyoku
薬局,10,2501781,太田市薬剤師会　会営薬局,太田市大島町１２５－１－１,0276-47-3366,太田薬業協同組合　代表理事　岩瀬　茂,石川　智一,,,平24. 6. 4,yakkyoku
薬局,10,2501807,クスリのアオキ藤阿久薬局,太田市藤阿久町７４６－４,0276-20-6107,株式会社クスリのアオキ　代表取締役　青木　宏憲,佐藤　繁,,,平24. 12. 1,yakkyoku
薬局,10,2501823,ユニスマイル薬局　太田西本町店,太田市西本町５７番１７号　大智ビル１Ｆ,0276-30-4085,株式会社ユニスマイル　代表取締役　白　成澤,櫻澤　恵里香,,,平25. 1. 1,yakkyoku
薬局,10,2501864,ユニスマイル薬局　太田店,太田市新野町９７１－３,0276-33-8007,株式会社ユニスマイル　代表取締役　白　成澤,中村　辰紀,,,平25. 5. 1,yakkyoku
薬局,10,2501872,くるみ薬局新井町店,太田市新井町５３０番地２,0276-56-4353,マイズメディカル株式会社　代表取締役　小林　敏明,宮崎　真珠美,,,平25. 5. 1,yakkyoku
薬局,10,2540037,共創未来　太田薬局,太田市高林南町６１６－４,0276-30-5357,株式会社ファーマみらい　代表取締役　岡山　善郎,須藤　洋行,,,平26. 1. 1,yakkyoku
薬局,10,2540078,おおしま薬局　ふじあく店,太田市藤阿久町９７－１,0276-57-8978,有限会社おおしま薬局　代表取締役　大島　正芳,大島　宗平,,,平27. 1. 1,yakkyoku
薬局,10,2540086,スギ薬局　太田八幡町店,太田市八幡町２９番地１３　とりせん内,0276-55-3411,株式会社スギ薬局　代表取締役　杉浦　伸哉,金子　直樹,,,平27. 1. 1,yakkyoku
薬局,10,2540094,にいの薬局,太田市新野町１２５７番４,0276-31-2110,有限会社エシカル　代表取締役　山﨑　一夫,山﨑　文,,,平27. 2. 1,yakkyoku
薬局,10,2540102,あんじゅ薬局　龍舞店,太田市龍舞町１７９９－１１,0276-40-1189,株式会社　明翔メディカル　代表取締役　照井　禎之,照井　祐香,,,平27. 6. 1,yakkyoku
薬局,10,2540128,ウエルシア薬局　太田宝泉店,太田市宝町８６８,0276-60-6002,ウエルシア薬局株式会社　代表取締役　田中　純一,馬場　秀樹,,,平27. 8. 1,yakkyoku
薬局,10,2540151,さくらんぼ薬局,太田市龍舞町５６８８－２－２,0276-50-1020,株式会社明翔メディカル　代表取締役　照井　禎之,坂上　敬亮,,,平28. 2. 1,yakkyoku
薬局,10,2540177,クスリのアオキ下浜田薬局,太田市下浜田町４８２－１０,0276-30-1510,株式会社クスリのアオキ　代表取締役　青木　宏憲,小川　拓哉,,,平28. 7. 1,yakkyoku
薬局,10,2540193,さんまい橋薬局,太田市長手町５２－５,0276-55-3930,株式会社エフアンドエフ　代表取締役　藤川　欣洋,皆川　哲哉,,,平28. 10. 1,yakkyoku
薬局,10,2540201,アイセイ薬局　太田店,太田市下小林町５３４－３,0276-60-3522,株式会社アイセイ薬局　代表取締役　藤井　江美,星名　一輝,,,平28. 10. 1,yakkyoku
薬局,10,2540219,もみじ薬局,太田市細谷町１６５番地１４,0276-55-8931,合同会社すみれ調剤薬局　代表社員　梅澤　力,梅澤　力,,,平28. 12. 1,yakkyoku
薬局,10,2540235,あかり薬局,太田市飯田町１３５１－１,0276-30-3300,株式会社プライマリケア　代表取締役　岡　秀司,岡　秀司,,,平29. 6. 1,yakkyoku
薬局,10,2540243,イオン薬局　太田店,太田市石原町８１番地,0276-48-3241,イオンリテール株式会社　代表取締役　古澤　康之,豊田　順也,,,平29. 7. 13,yakkyoku
薬局,10,2540250,アイン薬局　太田西本町店,太田市西本町４－３－１５,0276-56-4373,株式会社アインファーマシーズ　代表取締役　淡路　英広,橋本　千里,,,平29. 8. 1,yakkyoku
薬局,10,2540268,カナケン薬局,太田市東本町４２－５,0276-22-4006,株式会社ＧＲＥＷＰＡＬＳ　代表取締役　西尾　洋人,西尾　洋人,,,平29. 10. 1,yakkyoku
薬局,10,2540284,ユニスマイル薬局　ほんまち店,太田市大原町５３６－１８,0277-78-8716,株式会社ユニスマイル　代表取締役　白　成澤,田久保　由美,,,平30. 1. 1,yakkyoku
薬局,10,2540292,ユニスマイル薬局　薮塚店,太田市藪塚町１５０７－１,0277-79-0790,株式会社ユニスマイル　代表取締役　白　成澤,橋本　真由美,,,平30. 1. 1,yakkyoku
薬局,10,2540300,ファイン薬局　小舞木東,太田市小舞木町４１７　アビーロード１０１号,0276-30-1193,株式会社ファインファーマシー　代表取締役　池田　明,大学　明広,,,平30. 2. 1,yakkyoku
薬局,10,2540318,富士薬局南矢島店,太田市南矢島町３２－５,0276-52-8263,株式会社フラント　代表取締役　岩下　正志,岡戸　規子,,,平30. 4. 1,yakkyoku
薬局,10,2540326,ウエルシア薬局太田尾島店,太田市安養寺町２２－２,0276-30-7212,ウエルシア薬局株式会社　代表取締役　田中　純一,大島　直人,,,平30. 9. 1,yakkyoku
薬局,10,2540342,あおば薬局太田店,太田市石原町９２３－１,0276-48-5338,一般社団法人群馬保健企画　代表理事　野口　陽一,田邊　清華,,,平31. 4. 1,yakkyoku
薬局,10,2540359,富士薬局藤阿久店,太田市藤阿久町７５０－４,0276-55-4350,有限会社富士薬局　代表取締役　石塚　栄,鈴木　裕香莉,,,令元. 5. 1,yakkyoku
薬局,10,2540367,中央薬局東矢島店,太田市東矢島町７９－１,0276-40-6700,株式会社太田中央薬局　代表取締役　長谷川　史朗,堀越　正弘,,,令元. 5. 1,yakkyoku
薬局,10,2540383,すみれ調剤薬局　太田南店,太田市牛沢町１３５－１,0276-47-3518,有限会社イデアール　代表取締役　黒岩　由里,永井　知子,,,令元. 9. 1,yakkyoku
薬局,10,2540425,ウエルシア薬局太田南矢島店,太田市南矢島町６４５－３,0276-60-0740,ウエルシア薬局株式会社　代表取締役　田中　純一,鈴木　侑雅,,,令2. 8. 1,yakkyoku
薬局,10,2540433,ウエルシア薬局太田飯塚店,太田市飯塚町１６０２番地,0276-30-3135,ウエルシア薬局株式会社　代表取締役　田中　純一,山北　貴弘,,,令3. 1. 1,yakkyoku
薬局,10,2540441,太田みなみ薬局,太田市高林寿町１７６６－１１,0276-38-4050,アポクリート株式会社　代表取締役　都筑　朋英,小山田　将寛,,,令3. 4. 1,yakkyoku
薬局,10,2540458,中央薬局　新田店,太田市新田大根町１１９６－３,0276-56-4025,株式会社太田中央薬局　代表取締役　長谷川　史朗,豊岡　浩輝,,,令3. 6. 1,yakkyoku
薬局,10,2540466,クスリのアオキ高林薬局,太田市高林南町８１３番地２,0276-61-3170,株式会社クスリのアオキ　代表取締役　青木　宏憲,中尾　祐太,,,令3. 7. 1,yakkyoku
薬局,10,2540474,クスリのアオキ浜町薬局,太田市浜町１９番８号,0276-49-5183,株式会社クスリのアオキ　代表取締役　青木　宏憲,鈴木　美晴,,,令3. 7. 1,yakkyoku
薬局,10,2540482,ウエルシア薬局太田台之郷店,太田市台之郷町１０５７番地１,0276-30-3730,ウエルシア薬局株式会社　代表取締役　田中　純一,宮坂　瑛一,,,令3. 9. 1,yakkyoku
薬局,10,2540490,マロン薬局,太田市新道町３４の７,0276-33-7211,有限会社エシカル　代表取締役　山﨑　一夫,山田　宏,,,令3. 10. 1,yakkyoku
薬局,10,2540532,富士薬局東今泉店,太田市東今泉町８２０－６,0276-50-1975,有限会社富士薬局　代表取締役　石塚　栄,谷　伊織,,,令4. 9. 1,yakkyoku
薬局,10,2540540,ウエルシア薬局太田富沢店,太田市富沢町２７４,0276-40-6311,ウエルシア薬局株式会社　代表取締役　田中　純一,礒部　宏平,,,令4. 9. 1,yakkyoku
薬局,10,2540557,すけど薬局新井町店,太田市新井町５６８－５,0276-48-2100,株式会社Ｙケミカル　代表取締役　平井　康博,山藤　理香,,,令4. 10. 1,yakkyoku
薬局,10,2540565,スギ薬局　太田西本町店,太田市西本町３９番５号,0276-47-5624,株式会社スギ薬局　代表取締役　杉浦　伸哉,寺田　麻衣,,,令5. 3. 1,yakkyoku
薬局,10,2540573,太田東薬局,太田市西本町３９－１７,0276-55-5700,株式会社　太田中央薬局　代表取締役　長谷川　史朗,茂木　貴充,,,令5. 4. 1,yakkyoku
薬局,10,2540581,ファイン薬局　飯塚,太田市飯塚町３６番１,0276-45-4193,株式会社　ファインファーマシー　代表取締役　池田　明,岩崎　淳弥,,,令5. 5. 1,yakkyoku
薬局,10,2540599,あんじゅ薬局　新田店,太田市新田小金井町３０８－５,0276-49-5135,株式会社　明翔メディカル　代表取締役　照井　禎之,山本　真一郎,,,令5. 6. 1,yakkyoku
薬局,10,2540607,ゆら調剤薬局,太田市由良町９３番地７,0276-57-8065,株式会社アイカワファーマシー　代表取締役　相川　仁兵,相川　仁兵,,,令5. 8. 1,yakkyoku
薬局,10,2540615,エンドー薬局,太田市新田市野井町８５２－１,0276-57-4411,株式会社フィールドファーマシー　代表取締役　岩下　正志,脇田　幸代,,,令5. 8. 1,yakkyoku
薬局,10,2540623,ウエルシア薬局太田藪塚店,太田市藪塚町１２９５番地,0277-78-8042,ウエルシア薬局株式会社　代表取締役　田中　純一,島田　実歩,,,令5. 10. 1,yakkyoku
薬局,10,2540631,ことのは薬局,太田市新田上田中町５５５番１,0276-56-1123,株式会社マーメイド　代表取締役　松山　喜範,杉田　玲子,,,令5. 12. 1,yakkyoku
薬局,10,2540649,エムシー薬局太田店,太田市熊野町３７－４,0276-22-6290,株式会社ファーマ・ケア　代表取締役　竹下　純一,川端　春乃,,,令6. 1. 1,yakkyoku
薬局,10,2540656,すみれ調剤薬局　太田店,太田市東今泉町８２３,0276-47-3308,有限会社イデアール　代表取締役　黒岩　由里,山部　貴則,,,令6. 7. 1,yakkyoku
薬局,10,2540664,かがやき薬局,太田市南矢島町９０８－７,0276-55-2158,株式会社ウィーズ　代表取締役　田　達也,加藤　康弘,,,令6. 7. 1,yakkyoku
薬局,10,2540672,クスリのアオキ新田木崎薬局,太田市新田木崎町５３０番地２,0276-52-8490,株式会社クスリのアオキ　代表取締役　青木　宏憲,西山　悠貴也,,,令6. 10. 1,yakkyoku
薬局,10,2540680,マルエ薬局鳥山店,太田市鳥山上町１５３０－３,0276-56-9800,株式会社クスリのマルエ　代表取締役　鈴木　暁子,丸山　和弘,,,令6. 10. 1,yakkyoku
薬局,10,2540698,有限会社　ながえ薬局,太田市東矢島町１３５,0276-55-1083,有限会社ながえ薬局　代表取締役　飯塚　八重子,飯塚　八重子,,,令6. 11. 1,yakkyoku
薬局,10,2540706,クスリのアオキ太田大原薬局,太田市大原町１１２番地１１,0277-46-9140,株式会社クスリのアオキ　代表取締役　青木　宏憲,神谷　征伸,,,令7. 1. 1,yakkyoku
薬局,10,2540714,アイビー薬局　吉沢店,太田市吉沢町８９９－１,0276-55-3302,株式会社アイビー薬局　代表取締役　柿沼　洋一,田村　由佳,,,令7. 7. 1,yakkyoku
薬局,10,2540722,白鳥薬局,太田市高林南町７０１－１,0276-61-3883,株式会社白鳥薬局　代表取締役　鈴木　啓子,斉藤　康平,,,令7. 3. 1,yakkyoku
薬局,10,2540730,ファイン薬局　飯塚ラフィエット通り,太田市飯塚町６３－３,0276-57-8120,株式会社ファインファーマシー　代表取締役　池田　明,宮口　恵介,,,令7. 5. 1,yakkyoku
薬局,10,2540748,あんじゅ薬局下小林店,太田市下小林町１９６－６,0276-47-9070,株式会社明翔メディカル　代表取締役　照井　禎之,折茂　良洋,,,令7. 6. 1,yakkyoku
薬局,10,2540755,クスリのアオキ新島薬局,太田市新島町９８１番地４,0276-55-2868,株式会社クスリのアオキ　代表取締役　青木　宏憲,能瀨　千明,,,令7. 9. 1,yakkyoku
薬局,10,2540771,宝泉東薬局,太田市由良町９３－６,0276-40-4560,株式会社ファルマ　代表取締役　栁田　孝弘,栁田　孝弘,,,令8. 1. 1,yakkyoku
薬局,10,2540789,アエル薬局上小林店,太田市上小林町１６６－７,0276-56-4633,株式会社Ｙケミカル　代表取締役　平井　康博,石川　裕之,,,令8. 5. 1,yakkyoku
薬局,10,2540797,三協ファーマシー木崎店,太田市新田木崎町１１１３－１６,0276-55-5119,株式会社三協ケミカルインスト　代表取締役　平形　一志,飯塚　洋史,,,令8. 5. 1,yakkyoku
薬局,10,2540805,ファイン薬局　下小林,太田市下小林町５１－３,0276-46-4193,株式会社ウェルファーマ　代表取締役　神岡　伸太郎,小池　美幸,,,令8. 4. 1,yakkyoku
薬局,10,2540813,あるま薬局太田店,太田市米沢町６６－２,0276-38-6272,株式会社ＡＬＭＡ　代表取締役　村本　英雄,石田　悠,,,令8. 4. 1,yakkyoku
薬局,10,2700029,松葉屋薬局,太田市尾島町１６４,0276-52-0003,有限会社　松葉屋　代表取締役　丸岡　聖史,丸岡　弦,,,昭35. 10. 1,yakkyoku
薬局,10,2700045,有限会社　京屋薬局,太田市尾島町４５１－１,0276-52-2030,有限会社　京屋薬局　代表取締役　福田　昌平,福田　昌平,,,昭35. 10. 1,yakkyoku
薬局,10,2700243,ミモザ薬局　木崎店,太田市新田木崎町６１０－７,0276-20-8133,有限会社　ミモザ薬局　代表取締役　木村　かおり,本島　やよ生,,,平13. 6. 1,yakkyoku
薬局,10,2700284,おおしま調剤薬局,太田市粕川町３３３番地の３,0276-52-4209,有限会社おおしま薬局　代表取締役　大島　正芳,大島　雅世,,,平14. 9. 1,yakkyoku
薬局,10,2700300,ミント薬局,太田市世良田町４７０－２,0276-60-7410,株式会社ファルマ　代表取締役　栁田　孝弘,曽根　大樹,,,平15. 4. 15,yakkyoku
薬局,10,0300087,有限会社　山田調剤薬局,沼田市東原新町乙１８５５,0278-22-2760,有限会社　山田調剤薬局　代表取締役　山田　晃,髙　茜,,,昭35. 10. 1,yakkyoku
薬局,10,0300228,東原薬局,沼田市東原新町１５３８－３,0278-20-1137,株式会社　マミヤ薬局　代表取締役　間宮　実,間宮　治美,,,平8. 11. 1,yakkyoku
薬局,10,0300277,ウエルシア薬局　沼田店,沼田市東原新町１８３１－１,0278-30-2290,ウエルシア薬局株式会社　代表取締役　田中　純一,岩　圭亮,,,平15. 8. 1,yakkyoku
薬局,10,0300285,アップル薬局中央店,沼田市下久屋町９４６－１,0278-20-1075,株式会社ビックエイト　代表取締役　大島　恵子,角田　和矢,,,平17. 4. 1,yakkyoku
薬局,10,0300293,ケンコー薬局,沼田市高橋場町２０６０－２３,0278-24-8894,有限会社　グリーンファーマシー　代表取締役　池田　誠司,池田　誠司,,,平18. 6. 1,yakkyoku
薬局,10,0300301,そうごう薬局　沼田店,沼田市久屋原町３３６－６,0278-60-1371,総合メディカル株式会社　代表取締役　多田　荘一郎,大作　和也,,,平19. 1. 1,yakkyoku
薬局,10,0300319,ウエルシア薬局沼田バイパス店,沼田市高橋場町２１９０－１,0278-30-2286,ウエルシア薬局株式会社　代表取締役　田中　純一,牧　由佳,,,平19. 8. 1,yakkyoku
薬局,10,0300327,有限会社　宮前薬局,沼田市下之町甲１０２２,0278-24-1615,有限会社　宮前薬局　代表取締役　宮前　秀平,宮前　玲平,,,平19. 9. 15,yakkyoku
薬局,10,0300350,ラベンダー薬局,沼田市柳町２５５９番地７,0278-25-3003,ＹＡＭＡＤＡコーポレーション株式会社　代表取締役　山田　晃,菅野　哲史,,,平21. 8. 1,yakkyoku
薬局,10,0340000,カワチ薬局　沼田店,沼田市恩田町５８５番地,0278-60-1130,株式会社カワチ薬品　代表取締役　河内　伸二,千葉　幹正,,,平26. 3. 1,yakkyoku
薬局,10,0340018,山田調剤薬局　上原店,沼田市上原町１６２３－１６,0278-30-5055,有限会社山田調剤薬局　代表取締役　山田　晃,阿部　佳奈子,,,平26. 4. 1,yakkyoku
薬局,10,0340042,そうごう薬局　利根中央店,沼田市沼須町９９２－１,0278-25-8101,総合メディカル株式会社　代表取締役　多田　荘一郎,濱田　昌也,,,平27. 9. 1,yakkyoku
薬局,10,0340059,山田調剤薬局　利根中央店,沼田市沼須町９９６－１,0278-25-8600,有限会社　山田調剤薬局　代表取締役　山田　晃,山田　裕之,,,平27. 9. 1,yakkyoku
薬局,10,0340075,ウエルシア薬局沼田栄町店,沼田市栄町２２１－３,0278-30-3133,ウエルシア薬局株式会社　代表取締役　田中　純一,田中　優弥,,,平27. 10. 1,yakkyoku
薬局,10,0340083,カワチ薬局　沼田東店,沼田市久屋原町３１１－１,0278-60-1750,株式会社カワチ薬品　代表取締役　河内　伸二,相澤　学,,,平28. 3. 1,yakkyoku
薬局,10,0340091,山田調剤薬局恩田店,沼田市恩田町３５７－１,0278-25-8442,有限会社山田調剤薬局　代表取締役　山田　晃,芳賀　久美子,,,平29. 7. 1,yakkyoku
薬局,10,0340117,リーフ薬局　横塚町店,沼田市横塚町１１８１－１,0278-25-3571,株式会社フォーリーフファーマ　代表取締役　小澤　雅治,金子　祐太,,,平29. 11. 1,yakkyoku
薬局,10,0340125,クスリのアオキ高橋場薬局,沼田市高橋場町３０４番地１４,0278-25-8107,株式会社クスリのアオキ　代表取締役　青木　宏憲,髙橋　猛,,,令2. 8. 1,yakkyoku
薬局,10,0340133,山田調剤薬局　セントラル店,沼田市上原町１５５７－３,0278-25-8028,有限会社山田調剤薬局　代表取締役　山田　晃,石川　諒,,,令2. 9. 1,yakkyoku
薬局,10,0340158,なごみ薬局　沼田店,沼田市高橋場町２０５９－４１,0278-25-8136,株式会社メゾ・フォルテ　代表取締役　遠藤　俊一,増子　邦彦,,,令3. 8. 1,yakkyoku
薬局,10,0340174,クスリのアオキ沼田栄薬局,沼田市栄町２０１番地３,0278-25-3826,株式会社クスリのアオキ　代表取締役　青木　宏憲,木子　菜々子,,,令6. 10. 1,yakkyoku
薬局,10,0340182,ウエルシア薬局ベルク沼田店,沼田市東原新町１４５１番地８,0278-25-9045,ウエルシア薬局株式会社　代表取締役　田中　純一,林　潤喜,,,令7. 9. 1,yakkyoku
薬局,10,2600054,有限会社　竹森薬局,館林市本町２－１１－１,0276-72-0202,有限会社　竹森薬局　代表取締役　竹森　太郎,竹森　昌子,,,昭35. 10. 1,yakkyoku
薬局,10,2600161,白井薬局　仲町店,館林市仲町１０－７,0276-74-5431,白井薬品株式会社　代表取締役社長　白井　淳一,白井　恵美子,,,昭45. 4. 1,yakkyoku
薬局,10,2600310,成島薬局,館林市成島町字小泉口２２０－２,0276-73-8308,有限会社　ノセ　代表取締役　能瀨　良幸,能瀨　良幸,,,平7. 3. 15,yakkyoku
薬局,10,2600369,マグノリア薬局,館林市本町４－１０－２７,0276-75-3158,有限会社　マグノリア　代表取締役　笹原　洋江,笹原　洋江,,,平8. 3. 15,yakkyoku
薬局,10,2600385,赤生田調剤薬局,館林市赤生田町１９２５－４,0276-70-1112,有限会社　ティー・エム　代表取締役　田中　隆徳,田中　聡美,,,平11. 11. 1,yakkyoku
薬局,10,2600419,あずさ調剤薬局　有限会社,館林市若宮町２７５８,0276-75-9028,あずさ調剤薬局　有限会社　代表取締役　滝川　尚良,滝川　尚良,,,平9. 8. 15,yakkyoku
薬局,10,2600468,アップル薬局　館林店,館林市成島町２１３－１,0276-70-7270,株式会社　アップルケアネット　代表取締役　小林　博美,荒井　拓也,,,平10. 6. 1,yakkyoku
薬局,10,2600476,カトレア薬局,館林市本町１－９－３,0276-70-7252,有限会社　メディカルステーション　代表取締役　田中　雅弘,岡本　貴美,,,平11. 4. 1,yakkyoku
薬局,10,2600500,ファミル薬局,館林市成島町２１８－１,0276-70-7067,有限会社　ファミル薬局　代表取締役　田中　隆徳,小島　れい子,,,平10. 12. 15,yakkyoku
薬局,10,2600534,すずらん薬局,館林市緑町１－２５－７,0276-75-6012,有限会社　オーパス・ワン　取締役　大前　隆司,大前　隆司,,,平12. 11. 1,yakkyoku
薬局,10,2600617,あすか調剤薬局,館林市台宿町６－４,0276-76-9954,有限会社　サンキ　取締役　谷　毅人,谷　恒毅,,,平14. 5. 1,yakkyoku
薬局,10,2600625,ＵＫ大手町薬局,館林市大手町２番２２号,0276-71-0070,株式会社　ＫＵＫメディカル　代表取締役　伊藤　達哉,宮本　篤,,,平15. 11. 1,yakkyoku
薬局,10,2600666,そうごう薬局　館林店,館林市富士見町１５番３９号,0276-76-2141,総合メディカル株式会社　代表取締役　多田　荘一郎,星　裕恵,,,平17. 8. 1,yakkyoku
薬局,10,2600674,ふぁいん薬局　北成島,館林市北成島町２７７５－１,0276-76-2100,株式会社　イケダ薬品　代表取締役　池田　明,長坂　なつみ,,,平17. 9. 15,yakkyoku
薬局,10,2600716,ウエルシア薬局館林大街道店,館林市大街道１丁目１０番１８号,0276-70-7768,ウエルシア薬局株式会社　代表取締役　田中　純一,増渕　仁美,,,平19. 10. 1,yakkyoku
薬局,10,2600740,アイリス薬局,館林市北成島町６５１－６,0276-60-5218,エムシー関東株式会社　代表取締役　植竹　一雅,須貝　知子,,,平20. 4. 1,yakkyoku
薬局,10,2600757,みるく薬局,館林市富士原町富士原前１１７４－３,0276-80-2231,株式会社シリウス　代表取締役　長谷川　康宏,長谷川　康宏,,,平21. 5. 1,yakkyoku
薬局,10,2600773,ファイン薬局　北成島Ⅱ,館林市北成島町３１０８－１,0276-71-4193,株式会社ファインファーマシー　代表取締役　池田　明,神藤　由莉香,,,平22. 1. 1,yakkyoku
薬局,10,2600781,ファイン薬局　花山,館林市花山町１７－８,0276-74-4193,株式会社ファインファーマシー　代表取締役　池田　明,池田　正江,,,平22. 4. 1,yakkyoku
薬局,10,2600799,さくら薬局　館林店,館林市成島町２１６－１,0276-76-7411,クラフト株式会社　代表取締役　新井　勝,望月　大輝,,,平22. 4. 1,yakkyoku
薬局,10,2600807,ハーモニー薬局,館林市富士見町１２番１９号,0276-55-4475,株式会社エフアンドエフ　代表取締役　藤川　欣洋,鯉沼　悟史,,,平22. 11. 1,yakkyoku
薬局,10,2600823,カワチ薬局　館林東店,館林市楠町３６１３－１,0276-80-3260,株式会社カワチ薬品　代表取締役　河内　伸二,加藤　智史,,,平24. 7. 1,yakkyoku
薬局,10,2600831,ファイン薬局　成島,館林市成島町２６６－３,0276-55-1193,株式会社ファインファーマシー　代表取締役　池田　明,髙橋　英明,,,平24. 7. 1,yakkyoku
薬局,10,2600849,有限会社メディック　ファミリー薬局　松原店,館林市松原２－１４－４９,0276-75-9095,有限会社　メディック　代表取締役　大塚　正,坂田　惠美,,,平24. 8. 23,yakkyoku
薬局,10,2600856,そうごう薬局　城町店,館林市城町９１７－１,0276-75-3745,総合メディカル株式会社　代表取締役　多田　荘一郎,渡邉　隆寛,,,平25. 4. 1,yakkyoku
薬局,10,2640001,中央薬局館林店,館林市赤土町１１９－５,0276-76-9200,株式会社太田中央薬局　代表取締役　長谷川　史朗,金平　隆志,,,平26. 10. 1,yakkyoku
薬局,10,2640019,かみや薬局,館林市成島町２１９－１,0276-52-8830,株式会社ＫＭＹ　代表取締役　神谷　直美,神谷　直美,,,平27. 12. 1,yakkyoku
薬局,10,2640027,アイセイ薬局　館林店,館林市小桑原町１５０５－８,0276-80-1515,株式会社アイセイ薬局　代表取締役　藤井　江美,小嶋　清志,,,平29. 4. 1,yakkyoku
薬局,10,2640035,ファミル薬局訪問薬剤管理支援センター,館林市成島町２１８－１,0276-55-5833,有限会社ファミル　代表取締役　田中　隆徳,上村　哲哉,,,平29. 11. 1,yakkyoku
薬局,10,2640050,クスリのアオキ館林栄町薬局,館林市栄町１１－１９,0276-57-8800,株式会社クスリのアオキ　代表取締役　青木　宏憲,雨宮　立昇,,,平30. 9. 1,yakkyoku
薬局,10,2640068,三林薬局,館林市下三林町４５１－３,0276-72-0764,株式会社ＹＨＯ　代表取締役　直井　優幸,黒沢　和夫,,,令元. 11. 1,yakkyoku
薬局,10,2640076,館林調剤薬局,館林市新宿１－１－２６,0276-57-8862,有限会社すけど薬局　代表取締役　石橋　弘忠,小杉　和敏,,,令2. 1. 1,yakkyoku
薬局,10,2640084,朝日調剤薬局,館林市朝日町６－２１,0276-75-0828,有限会社メディック　代表取締役　大塚　正,平國　勝祥,,,令2. 1. 1,yakkyoku
薬局,10,2640100,ファイン薬局　松原,館林市松原二丁目１４番２７号,0276-56-9341,株式会社ファインファーマシー　代表取締役　池田　明,篠原　剛,,,令2. 11. 1,yakkyoku
薬局,10,2640118,ユニスマイル薬局　館林中央店,館林市西本町５－１,0276-80-2122,株式会社ユニスマイル　代表取締役　白　成澤,小野　淳,,,令4. 4. 1,yakkyoku
薬局,10,2640126,ドラッグセイムス館林薬局,館林市緑町２－５－８,0276-52-8381,株式会社富士薬品　代表取締役　髙柳　昌幸,山田　裕己,,,令4. 5. 1,yakkyoku
薬局,10,2640134,こもれび薬局,館林市本町２－５－３６,0276-55-8138,株式会社オトワ楽器　代表取締役　坂田　肇,星　康雄,,,令4. 9. 1,yakkyoku
薬局,10,2640142,ファイン薬局　本町２丁目,館林市本町２－１０－５,0276-56-9393,株式会社ファインファーマシー　代表取締役　池田　明,並木　邦仁,,,令4. 10. 1,yakkyoku
薬局,10,2640159,ウエルシア薬局館林諏訪店,館林市諏訪町１４０９－１,0276-55-2311,ウエルシア薬局株式会社　代表取締役　田中　純一,西田　直子,,,令4. 10. 1,yakkyoku
薬局,10,2640175,たかね調剤薬局,館林市西高根町４７－９,0276-50-1155,株式会社Ｙケミカル　代表取締役　平井　康博,田中　美緒,,,令5. 10. 1,yakkyoku
薬局,10,2640183,カワチ薬局　館林北店,館林市岡野町７２－１,0276-60-4022,株式会社カワチ薬品　代表取締役　河内　伸二,白井　大亮,,,令6. 3. 1,yakkyoku
薬局,10,2640191,ファミル薬局大谷店,館林市大谷町１０５４－６５,0276-55-6982,有限会社ファミル　代表取締役　田中　隆徳,横山　佳代,,,令6. 6. 1,yakkyoku
薬局,10,2640217,まごころ薬局　館林インター店,館林市赤生田町２２９７－４,0276-47-4108,株式会社グリーンメディカルサポート　代表取締役　萩原　新吾,青木　華野子,,,令7. 10. 1,yakkyoku
薬局,10,1100056,株式会社　宮前薬局,渋川市渋川１８７２－５４,0279-22-4141,株式会社　宮前薬局　代表取締役　宮前　哲也,宮前　哲也,,,平18. 9. 1,yakkyoku
薬局,10,1100122,コトブキ薬局,渋川市渋川２２２８,0279-22-0700,石井　克明,石井　克明,,,平17. 9. 20,yakkyoku
薬局,10,1100239,有限会社　タナカ　タナカ薬局,渋川市半田１４８１－６,0279-22-1184,有限会社タナカ　代表取締役　田中　均,田中　典子,,,平18. 12. 12,yakkyoku
薬局,10,1100346,ウエルシア薬局　渋川行幸田店,渋川市行幸田３２３－３,0279-60-8228,ウエルシア薬局株式会社　代表取締役　田中　純一,下村　雅子,,,平17. 1. 1,yakkyoku
薬局,10,1100353,みつばち薬局,渋川市石原４２５－２,0279-60-8558,有限会社コラボ　代表取締役　木村　誠,髙橋　康広,,,平17. 6. 1,yakkyoku
薬局,10,1100411,カワチ薬局　渋川南店,渋川市行幸田２８８－１,0279-60-5662,株式会社カワチ薬品　代表取締役　河内　伸二,中島　悠貴,,,平21. 7. 1,yakkyoku
薬局,10,1100429,コスモファーマ薬局渋川店,渋川市渋川２５４３－６,0279-20-1080,株式会社コスモファーマ東京　代表取締役　藤田　愛里,青木　洋一,,,平22. 4. 1,yakkyoku
薬局,10,1100437,あまぬま調剤薬局,渋川市渋川２０７７－２１,0279-60-8677,株式会社あまぬま調剤薬局　代表取締役　天沼　浩,天沼　浩,,,平23. 6. 1,yakkyoku
薬局,10,1100452,ユニスマイル薬局　アイビー店,渋川市渋川１５９１－４,0279-23-8159,株式会社ユニスマイル　代表取締役　白　成澤,羽田　恵美子,,,平25. 1. 1,yakkyoku
薬局,10,1100460,カワチ薬局　渋川店,渋川市阿久津字北原１５,0279-30-3065,株式会社カワチ薬品　代表取締役　河内　伸二,奈良　淳,,,平25. 6. 1,yakkyoku
薬局,10,1140003,アイリス薬局　渋川店,渋川市金井字田中７７０番地４,0279-26-7836,有限会社アスク　代表取締役　荒川　昌司,田村　篤彦,,,平26. 5. 1,yakkyoku
薬局,10,1140011,柴崎薬局　八木原店,渋川市八木原１１２９－８,0279-26-3846,有限会社柴崎薬局　代表取締役　羽鳥　明代,丸田　和香子,,,平26. 5. 1,yakkyoku
薬局,10,1140029,株式会社はづきドラッグ,渋川市白井２２８８－１,0279-26-2551,株式会社はづきドラッグ　代表取締役　細野　好司,橋本　勝樹,,,平28. 4. 1,yakkyoku
薬局,10,1140037,日本調剤　渋川薬局,渋川市白井４０７－４,0279-30-2251,日本調剤株式会社　代表取締役社長　小城　和紀,菊地　啓太,,,平28. 4. 1,yakkyoku
薬局,10,1140045,クスリのアオキ　渋川薬局,渋川市渋川１３０７番地１,0279-26-2627,株式会社クスリのアオキ　代表取締役　青木　宏憲,池谷　奈津美,,,平28. 4. 1,yakkyoku
薬局,10,1140052,永田薬局,渋川市渋川２１０６－５２,0279-22-0543,永田　朗,永田　朗,,,平28. 2. 1,yakkyoku
薬局,10,1140060,ファーマシーはとり薬局,渋川市白井２３０１－１,0279-30-0133,有限会社柴崎薬局　代表取締役　羽鳥　明代,関上　恵美子,,,平28. 4. 1,yakkyoku
薬局,10,1140078,そら薬局　渋川なかむら店,渋川市中村１７９－５,0279-25-8744,株式会社ネクストメディカル　一時取締役兼代表取締役職務代行者　小渕　喜代治,眞下　達也,,,平29. 1. 1,yakkyoku
薬局,10,1140086,キュアート薬局,渋川市渋川１８２５－２８,0279-24-1059,株式会社キュアート　代表取締役　山崎　芳郎,上地　健太,,,平31. 4. 1,yakkyoku
薬局,10,1140094,あおば薬局渋川店,渋川市有馬２６１－１,0279-22-5522,一般社団法人群馬保健企画　代表理事　野口　陽一,髙橋　智彦,,,平31. 4. 1,yakkyoku
薬局,10,1140110,マルエ薬局渋川子持店,渋川市吹屋６６０－５１,0279-25-8413,株式会社クスリのマルエ　代表取締役　鈴木　暁子,佐東　淳,,,令3. 11. 1,yakkyoku
薬局,10,1140128,山縣薬局,渋川市伊香保町伊香保字甲梨木５３９番地７,0279-72-2053,有限会社山縣薬局　代表取締役　山縣　浩介,山縣　浩介,,,令4. 5. 1,yakkyoku
薬局,10,1140136,ひよこ薬局,渋川市行幸田字西前田２８－７,0279-26-9531,株式会社メゾ・フォルテ　代表取締役　遠藤　俊一,隅谷　慎司,,,令4. 6. 1,yakkyoku
薬局,10,1140144,渋川スマイル薬局,渋川市石原３０９－５,0279-26-9215,株式会社　エアリーファーマシー　代表取締役　岡田　なぎさ,南　祐二,,,令5. 6. 1,yakkyoku
薬局,10,1140169,アイン薬局　渋川店,渋川市北橘町下箱田７２６－１,0279-60-1501,株式会社アイン中央　代表取締役　鈴木　奈々絵,鈴木　千夏,,,令7. 5. 1,yakkyoku
薬局,10,1140177,アイン薬局　渋川中村店,渋川市中村１４７－１,0279-26-2318,株式会社アイン中央　代表取締役　鈴木　奈々絵,柿田　慶吾,,,令7. 5. 1,yakkyoku
薬局,10,1140185,マルエ薬局渋川石原店,渋川市石原９２９－１,0279-25-7532,株式会社クスリのマルエ　代表取締役　鈴木　暁子,菅原　政美,,,令8. 5. 1,yakkyoku
薬局,10,1200047,有限会社　西須薬局,藤岡市藤岡３６３,0274-23-3511,有限会社　西須薬局　取締役　西須　久高,西須　久高,,,昭35. 10. 1,yakkyoku
薬局,10,1200120,有限会社　みどり薬局,藤岡市上大塚３３０－２１,0274-23-6222,有限会社　みどり薬局　代表取締役　田中　由一,新井　恵美子,,,平元. 4. 1,yakkyoku
薬局,10,1200161,あすか薬局,藤岡市本郷１１０８－８,0274-23-7001,株式会社あすか薬局　代表取締役　飯塚　俊直,竹田　昇,,,平14. 4. 1,yakkyoku
薬局,10,1200187,ミドリ十字薬局,藤岡市森２６４－６,0274-24-2531,有限会社　ドラッグミドリ十字　代表取締役　中林　次夫,中林　のり子,,,平7. 2. 1,yakkyoku
薬局,10,1200336,カワチ薬局　藤岡店,藤岡市中９２４－１,0274-40-9500,株式会社　カワチ薬品　代表取締役　河内　伸二,飯野　浩子,,,平13. 8. 1,yakkyoku
薬局,10,1200369,アイケイ薬局　藤岡店,藤岡市中栗須７７９－１２,0274-22-4499,有限会社　ヨコイド　代表取締役　黒澤　元雄,浅見　一保,,,平14. 4. 1,yakkyoku
薬局,10,1200385,横田薬局,藤岡市藤岡１１４６－１,0274-22-0638,有限会社横田薬局　取締役　船田　悦美,船田　悦美,,,平14. 7. 1,yakkyoku
薬局,10,1200500,なつめ薬局,藤岡市中大塚２５８－５,0274-40-2656,有限会社みどり調剤　代表取締役　川上　裕計,川上　裕計,,,平17. 4. 1,yakkyoku
薬局,10,1200534,ありす薬局,藤岡市上栗須６４－８,0274-20-1190,株式会社あすか薬局　代表取締役　飯塚　俊直,舩渡川　美那,,,平19. 10. 1,yakkyoku
薬局,10,1200567,神農調剤薬局仲町店,藤岡市藤岡８４３－７,0274-25-9901,株式会社テイキョウ　代表取締役　久保田　樹佳,関口　和子,,,平20. 7. 1,yakkyoku
薬局,10,1200591,山崎調剤薬局,藤岡市上戸塚１４１－６,0274-50-8000,山﨑　慎也,山﨑　慎也,,,平21. 8. 1,yakkyoku
薬局,10,1200617,すばる薬局　みどり店,藤岡市下大塚１８０－１,0274-50-9881,生駒　陽一,高橋　朋貴,,,平23. 4. 1,yakkyoku
薬局,10,1200625,プラス薬局　藤岡白石店,藤岡市白石８２９番地５,0274-40-7600,株式会社プラサロッツ　代表取締役　髙木　裕子,髙木　裕子,,,平23. 4. 1,yakkyoku
薬局,10,1200633,くりす調剤薬局,藤岡市中栗須５８６－１,0274-40-8620,株式会社長東　代表取締役　引地　誠,髙田　美恵子,,,平23. 10. 1,yakkyoku
薬局,10,1200658,よつば薬局,藤岡市藤岡５１６－７,0274-50-8833,株式会社よつば調剤　代表取締役　小澤　雅治,小澤　雅治,,,平23. 12. 1,yakkyoku
薬局,10,1200708,そうごう薬局　藤岡店,藤岡市岡之郷６８５－３,0274-20-2040,総合メディカル株式会社　代表取締役　多田　荘一郎,南雲　直気,,,平25. 4. 1,yakkyoku
薬局,10,1240001,あさひ調剤薬局,藤岡市藤岡６２３－１８,0274-50-8885,株式会社ＹＨＯ　代表取締役　直井　優幸,五十嵐　晶子,,,平25. 10. 1,yakkyoku
薬局,10,1240019,バンビ薬局,藤岡市中栗須３４０番地１,0274-50-8927,有限会社つばさ薬局　代表取締役　高野　由博,飯田　成人,,,平27. 1. 1,yakkyoku
薬局,10,1240043,あすか薬局　中栗須店,藤岡市中栗須４８６－１,0274-40-7315,株式会社あすか薬局　代表取締役　飯塚　俊直,小暮　晋一郎,,,平29. 10. 1,yakkyoku
薬局,10,1240050,藤岡調剤薬局,藤岡市藤岡５９０－１４,0274-22-6031,株式会社ＹＨＯ　代表取締役　直井　優幸,柳原　啓,,,平31. 3. 1,yakkyoku
薬局,10,1240068,クスリのアオキ藤岡薬局,藤岡市藤岡９９６－１,0274-50-4047,株式会社クスリのアオキ　代表取締役　青木　宏憲,山﨑　広太,,,平31. 4. 1,yakkyoku
薬局,10,1240076,未来薬局　藤岡店,藤岡市藤岡字北ノ原８７７－５,0274-50-8322,未来調剤株式会社　代表取締役　藤田　勝成,後藤　和也,,,令元. 5. 1,yakkyoku
薬局,10,1240084,ウエルシア薬局藤岡北ノ原店,藤岡市藤岡７４１番地１,0274-40-8071,ウエルシア薬局株式会社　代表取締役　田中　純一,原　英利子,,,令元. 10. 1,yakkyoku
薬局,10,1240092,さくら薬局　藤岡店,藤岡市藤岡字城屋敷１６７８－６,0274-40-7121,株式会社加藤調剤　代表取締役　加藤　敬太,加藤　敬太,,,令元. 11. 1,yakkyoku
薬局,10,1240100,アイリス薬局　藤岡店,藤岡市藤岡２１１０－２,0274-25-8875,有限会社アスク　代表取締役　荒川　昌司,岡野　栄子,,,令2. 7. 1,yakkyoku
薬局,10,1240118,戸塚薬局　本町店,藤岡市鬼石１３１－１,0274-52-6665,株式会社ライルスサポート　代表取締役　白倉　丞,白倉　丞,,,令2. 9. 1,yakkyoku
薬局,10,1240183,ファーブ薬局藤岡店,藤岡市藤岡１９０－４,0274-50-9990,株式会社ｐｈａｒｂ　代表取締役　中川　聡,吉田　大貴,,,令3. 9. 1,yakkyoku
薬局,10,1240209,クスリのアオキ藤岡中央薬局,藤岡市藤岡８３１番地１,0274-50-9175,株式会社クスリのアオキ　代表取締役　青木　宏憲,大山　拓郎,,,令4. 2. 1,yakkyoku
薬局,10,1240225,日本調剤　薬の駅薬局,藤岡市中栗須７５９,0274-40-8911,日本調剤株式会社　代表取締役社長　小城　和紀,浅野　千亜紀,,,令4. 6. 1,yakkyoku
薬局,10,1240233,みかぼ調剤薬局,藤岡市中栗須字道下７８０－１,0274-22-7222,株式会社ストレチア　代表取締役　山根　弘,小嶋　冬子,,,令4. 8. 1,yakkyoku
薬局,10,1240241,コスモス調剤薬局　藤岡店,藤岡市藤岡１７６４番地１,0274-50-4604,株式会社コスモス薬品　代表取締役　横山　英昭,藤倉　信政,,,令4. 11. 1,yakkyoku
薬局,10,1240258,ファーマライズ薬局　藤岡店,藤岡市藤岡１７５６－２,0274-40-2151,ファーマライズ株式会社　代表取締役　松浦　惠子,浜岡　孝行,,,令4. 12. 12,yakkyoku
薬局,10,1240266,クスリのアオキ浄法寺薬局,藤岡市浄法寺１１３８番地１,0274-50-9866,株式会社クスリのアオキ　代表取締役　青木　宏憲,伊藤　公紀,,,令5. 4. 1,yakkyoku
薬局,10,1240282,たけのこ薬局,藤岡市藤岡８０３－２,0274-24-3227,株式会社バンブー　代表取締役　武井　悠,武井　悠,,,令7. 3. 1,yakkyoku
薬局,10,1240290,たの薬局,藤岡市中大塚１８３－５,0274-50-1133,クラフト株式会社　代表取締役　新井　勝,木暮　幸子,,,令8. 5. 1,yakkyoku
薬局,10,1300011,小出薬局,富岡市富岡１１５５,0274-62-1351,小出医薬品卸販売　株式会社　代表取締役　小出　良三,小出　雷太,,,昭35. 10. 1,yakkyoku
薬局,10,1300045,有限会社　アミヤ薬局,富岡市富岡１１１５,0274-63-6541,有限会社　アミヤ薬局　取締役　平井　貴志,平井　貴志,,,昭34. 11. 1,yakkyoku
薬局,10,1300078,中村薬局,富岡市富岡１０６９,0274-63-5388,中村　皓一,中村　美智子,,,昭49. 10. 15,yakkyoku
薬局,10,1300102,奥貫漢薬局,富岡市一ノ宮１７１７,0274-64-2657,奥貫漢方生薬　株式会社　代表取締役　中田　鈴代,中田　鈴代,,,平5. 3. 1,yakkyoku
薬局,10,1300136,おの薬局,富岡市相野田４５４－４,0274-60-1270,奥貫　英夫,奥貫　英夫,,,平10. 4. 15,yakkyoku
薬局,10,1300169,カワチ薬局　富岡店,富岡市富岡２１０６－１,0274-64-5855,株式会社　カワチ薬品　代表取締役　河内　伸二,渡辺　香,,,平11. 8. 1,yakkyoku
薬局,10,1300185,ハタ調剤薬局,富岡市七日市６３９－１,0274-70-2250,株式会社アーネクト　代表取締役　畑　享志,安沢　郁明,,,平14. 4. 1,yakkyoku
薬局,10,1300201,かのはら薬局,富岡市神農原５６７番地４,0274-70-2880,有限会社　渡辺薬局　代表取締役　渡邉　泰邦,渡邉　泰邦,,,平19. 4. 1,yakkyoku
薬局,10,1300219,共創未来　東富岡薬局,富岡市富岡３０７４番地２,0274-60-1335,株式会社ファーマみらい　代表取締役　岡山　善郎,赤岩　沙樹,,,平17. 7. 1,yakkyoku
薬局,10,1300227,共創未来　たかせ薬局,富岡市中高瀬１３９番地２,0274-89-1141,株式会社ファーマみらい　代表取締役　岡山　善郎,若井　怜那,,,平18. 6. 15,yakkyoku
薬局,10,1300250,大井田薬局　富岡店,富岡市七日市６７９番地１,0274-63-9888,大井田薬局株式会社　代表取締役　大井田　文雄,治田　忠明,,,平19. 6. 15,yakkyoku
薬局,10,1300276,共創未来　七日市薬局,富岡市七日市字本田４４８－１,0274-70-2500,株式会社ファーマみらい　代表取締役　岡山　善郎,金子　明日香,,,平23. 7. 1,yakkyoku
薬局,10,1340009,なの花薬局富岡店,富岡市富岡２５８８－９,0274-64-5505,株式会社なの花東日本　代表取締役　西尾　哲弥,渋谷　悠太,,,平26. 4. 1,yakkyoku
薬局,10,1340017,株式会社　てしがわら薬局,富岡市曽木４６９－１,0274-67-5151,株式会社　てしがわら薬局　代表取締役　勅使河原　等,勅使河原　等,,,平27. 6. 1,yakkyoku
薬局,10,1340041,トリム薬局　富岡店,富岡市富岡２６５５番１,0274-89-1260,ファーマライズ株式会社　代表取締役　松浦　惠子,木村　彩希,,,平27. 12. 1,yakkyoku
薬局,10,1340058,クスリのアオキ富岡薬局,富岡市富岡１３４６番６,0274-67-5757,株式会社クスリのアオキ　代表取締役　青木　宏憲,中島　淳子,,,平29. 9. 4,yakkyoku
薬局,10,1340066,ＵＫ富岡薬局,富岡市富岡１４７５－４,0274-64-9012,株式会社ＫＵＫメディカル　代表取締役　伊藤　達哉,小菅　康夫,,,平30. 7. 1,yakkyoku
薬局,10,1340074,さくら薬局,富岡市富岡１２０１－２,0274-89-2511,株式会社円未来　代表取締役　圓座　直子,松浦　雅行,,,平31. 4. 1,yakkyoku
薬局,10,1340082,くわの実調剤薬局,富岡市富岡５２－１,0274-67-7577,株式会社ネクストメディカル　一時取締役兼代表取締役職務代行者　小渕　喜代治,小白　和則,,,令元. 8. 1,yakkyoku
薬局,10,1340090,ウエルシア薬局富岡七日市店,富岡市七日市３８７,0274-89-1171,ウエルシア薬局株式会社　代表取締役　田中　純一,矢内　龍之介,,,令3. 11. 1,yakkyoku
薬局,10,1340108,アイン薬局　富岡店,富岡市富岡２０７３－１,0274-64-9066,株式会社アインファーマシーズ　代表取締役　淡路　英広,中里　将彦,,,令5. 1. 1,yakkyoku
薬局,10,1340116,ファイン薬局　富岡,富岡市富岡１４３６－５,0274-67-1193,株式会社ファインファーマシー　代表取締役　池田　明,大井　康吉,,,令6. 7. 1,yakkyoku
薬局,10,1400142,株式会社　ひまわり薬局,安中市中宿字桐ノ木２１５４－２,027-380-5228,株式会社　ひまわり薬局　代表取締役　上田　稜,上田　昌司,,,平12. 11. 1,yakkyoku
薬局,10,1400159,つばさ薬局,安中市安中１－１１－１９,027-380-5488,有限会社　つばさ薬局　代表取締役　高野　由博,髙橋　博子,,,平13. 4. 15,yakkyoku
薬局,10,1400191,そうごう薬局　安中店,安中市原市１－９－１１,027-384-1251,総合メディカル株式会社　代表取締役　多田　荘一郎,境田　匡展,,,平16. 4. 1,yakkyoku
薬局,10,1400209,調剤薬局くすりのはぎわら,安中市原市１－９－１２,027-385-9777,有限会社けぷな　代表取締役　萩原　一博,萩原　一博,,,平16. 4. 1,yakkyoku
薬局,10,1400258,ダリヤ安中薬局,安中市岩井２４６４－３,027-380-5731,株式会社ウィーズ　代表取締役　田　達也,小髙　京子,,,平21. 9. 1,yakkyoku
薬局,10,1400308,大山薬局,安中市安中２－１１－１９,027-381-0465,福島　晴江,福島　晴江,,,平24. 1. 1,yakkyoku
薬局,10,1400316,中宿薬局,安中市中宿１丁目４番７号,027-388-9740,株式会社エーゼットファーマシー　代表取締役　畔見　正彦,宮田　貴久,,,平24. 7. 1,yakkyoku
薬局,10,1400324,ウエルシア薬局安中店,安中市安中４－８－１２,027-380-1066,ウエルシア薬局株式会社　代表取締役　田中　純一,堀米　真一朗,,,平24. 8. 1,yakkyoku
薬局,10,1400340,ユニスマイル薬局　めだか店,安中市下磯部１０１８－１,027-382-8770,株式会社ユニスマイル　代表取締役　白　成澤,南雲　政彦,,,平25. 1. 1,yakkyoku
薬局,10,1440007,なの花薬局安中店,安中市安中１－８－２４,027-382-3748,株式会社なの花東日本　代表取締役　西尾　哲弥,高橋　尚暉,,,平25. 9. 1,yakkyoku
薬局,10,1440023,なの花薬局うすい店,安中市原市１－１２－３５,027-384-0842,株式会社なの花東日本　代表取締役　西尾　哲弥,植松　立弥,,,平26. 4. 1,yakkyoku
薬局,10,1440031,さくら薬局　安中原市店,安中市原市６２６－１,027-380-5024,クラフト株式会社　代表取締役　新井　勝,市村　優馬,,,平30. 7. 1,yakkyoku
薬局,10,1440049,さくら薬局　安中下磯部店,安中市下磯部１００８－２,027-384-8833,クラフト株式会社　代表取締役　新井　勝,髙木　由佳,,,平30. 7. 1,yakkyoku
薬局,10,1440056,こじか薬局,安中市安中２丁目２番２９－２号,027-380-1036,株式会社クオリコ　代表取締役　高橋　要,高橋　菜緒,,,令元. 8. 1,yakkyoku
薬局,10,1440064,アミヤ薬局,安中市原市１－１４－２４,027-385-6817,真下　正貴,真下　正貴,,,令3. 3. 1,yakkyoku
薬局,10,1440072,ウエルシア薬局松井田八城店,安中市松井田町八城３１０番地４,027-393-9004,ウエルシア薬局株式会社　代表取締役　田中　純一,酒井　将弘,,,令3. 9. 1,yakkyoku
薬局,10,1440080,オハナ薬局　松井田店,安中市松井田町松井田字中町北６０６－２,027-388-1451,ウインファーマ株式会社　代表取締役　藤田　勝成,三國　和,,,令3. 12. 1,yakkyoku
薬局,10,1440098,オハナ薬局　人見店,安中市松井田町人見字思川１１０３－７,027-393-6892,ウインファーマ株式会社　代表取締役　藤田　勝成,斎藤　俊幸,,,令3. 12. 1,yakkyoku
薬局,10,1440106,マルエ薬局安中杉並木店,安中市原市５８７－６,027-393-6942,株式会社クスリのマルエ　代表取締役　鈴木　暁子,福澤　悦子,,,令4. 12. 1,yakkyoku
薬局,10,1440114,ウイン調剤薬局松井田店,安中市松井田町松井田字上町南４７６,027-381-6283,ウインファーマ株式会社　代表取締役　藤田　勝成,篠原　康誉,,,令5. 1. 1,yakkyoku
薬局,10,1440122,つばさ薬局松井田店,安中市松井田町新堀１２４７－２,027-388-9145,有限会社つばさ薬局　代表取締役　高野　由博,上野　真裕,,,令6. 6. 1,yakkyoku
薬局,10,1440130,クスリのアオキ安中薬局,安中市安中２丁目３番２７号,027-395-5361,株式会社クスリのアオキ　代表取締役　青木　宏憲,髙久　智則,,,令6. 9. 1,yakkyoku
薬局,10,2000057,松井田薬局,安中市松井田町新堀１０,027-393-0151,小林　貞夫,小林　貞夫,,,平3. 7. 15,yakkyoku
薬局,10,2000065,平成薬局,安中市松井田町二軒在家５８３,027-393-5201,高橋　俊博,高橋　俊博,,,平7. 4. 1,yakkyoku
薬局,10,2700235,若菜薬局,みどり市笠懸町阿左美１９２２－２,0277-40-5337,株式会社　ケイト調剤　代表取締役　山崎　桂子,髙草木　伸也,,,平12. 1. 1,yakkyoku
薬局,10,2800019,合資会社　高瀬薬局,みどり市大間々町大間々１３８４,0277-72-1156,合資会社　高瀬薬局　代表者　高瀬　光夫,高瀬　光夫,,,昭35. 10. 1,yakkyoku
薬局,10,2800142,共創未来　快生堂薬局,みどり市大間々町大間々５０４－４,0277-73-1193,株式会社ファーマみらい　代表取締役　岡山　善郎,荻原　文恵,,,平16. 10. 1,yakkyoku
薬局,10,2800167,大間々おりひめ薬局,みどり市大間々町大間々１５４１－１,0277-73-0600,有限会社クラシオン　代表取締役　森下　勲,森下　勲,,,平17. 4. 15,yakkyoku
薬局,10,3100021,コスモファーマ薬局　大間々店,みどり市大間々町大間々４７３－１２,0277-70-1277,株式会社コスモファーマ東京　代表取締役　藤田　愛里,山﨑　俊英,,,平20. 1. 1,yakkyoku
薬局,10,3100039,共創未来　かさかけ薬局,みどり市笠懸町鹿１８４６－３,0277-40-5355,株式会社ファーマみらい　代表取締役　岡山　善郎,志村　賢一,,,平20. 3. 15,yakkyoku
薬局,10,3100047,アルファーマ調剤薬局　阿左美店,みどり市笠懸町阿左美６５９－１０,0277-47-8815,株式会社アルファーマメディカル　代表取締役　栗原　秀一,稲川　靖章,,,平21. 1. 1,yakkyoku
薬局,10,3100088,ウエルシア薬局みどり笠懸店,みどり市笠懸町大字阿左美１７７－１４,0277-70-7681,ウエルシア薬局株式会社　代表取締役　田中　純一,島田　優貴,,,平22. 12. 1,yakkyoku
薬局,10,3100104,笠懸中央薬局,みどり市笠懸町阿左美１１４６－８,0277-30-8873,株式会社ＹＨＯ　代表取締役　直井　優幸,宮原　隆志,,,平23. 1. 1,yakkyoku
薬局,10,3100120,イムノファーマシーみどり店,みどり市笠懸町阿左美１１５８－２,0277-46-9881,株式会社長東　代表取締役　引地　誠,佐貫　直人,,,平23. 10. 1,yakkyoku
薬局,10,3100138,アルファーマ調剤薬局　大間々店,みどり市大間々町大間々２１－３,0277-32-3974,株式会社アルファーマメディカル　代表取締役　栗原　秀一,前原　純子,,,平24. 8. 1,yakkyoku
薬局,10,3100146,ファイン薬局　大間々,みどり市大間々町大間々５６６－７,0277-32-4193,株式会社ファインファーマシー　代表取締役　池田　明,金子　竜也,,,平24. 11. 1,yakkyoku
薬局,10,3100153,笠懸中央薬局　阿左美店,みどり市笠懸町阿左美１１４６－７,0277-46-8889,株式会社ＹＨＯ　代表取締役　直井　優幸,中島　千絵,調剤,,平25. 2. 1,yakkyoku
薬局,10,3100179,このは薬局　笠懸店,みどり市笠懸町鹿２５６６－３,0277-46-8911,株式会社アーネクト　代表取締役　畑　享志,髙栁　貴子,,,平25. 4. 1,yakkyoku
薬局,10,3140027,花・花薬局久宮店,みどり市笠懸町久宮１６４－１３,0277-46-8900,株式会社エフアンドエフ　代表取締役　藤川　欣洋,関口　祐良,,,平26. 10. 1,yakkyoku
薬局,10,3140035,ファイン薬局　笠懸,みどり市笠懸町鹿４６０３－１１,0277-46-7091,株式会社ファインファーマシー　代表取締役　池田　明,眞田　由美子,,,平27. 1. 1,yakkyoku
薬局,10,3140043,ファイン薬局　大間々南,みどり市大間々町大間々３８２－７,0277-72-0606,株式会社ファインファーマシー　代表取締役　池田　明,渡邉　幸雄,,,平29. 4. 1,yakkyoku
薬局,10,3140050,ウエルシア薬局アクロスプラザ笠懸店,みどり市笠懸町阿左美１３０８番１,0277-30-5714,ウエルシア薬局株式会社　代表取締役　田中　純一,嶋田　嵩大,,,平31. 3. 1,yakkyoku
薬局,10,3140076,もりした薬局,みどり市大間々町大間々６７１－１７,0277-72-2893,森下　則子,森下　則子,,,令2. 1. 1,yakkyoku
薬局,10,3140084,金子薬局,みどり市大間々町大間々９２４,0277-72-1207,小林　祐子,小林　祐子,,,令2. 1. 1,yakkyoku
薬局,10,3140100,クスリのアオキ桐原薬局,みどり市大間々町桐原４０番地２６,0277-47-6537,株式会社クスリのアオキ　代表取締役　青木　宏憲,村田　陽亮,,,令2. 5. 1,yakkyoku
薬局,10,3140118,ファイン薬局　大間々北,みどり市大間々町大間々５５９－１　テナント３１大間々町５号室,0277-46-9326,株式会社ファインファーマシー　代表取締役　池田　明,茂木　裕子,,,令2. 10. 1,yakkyoku
薬局,10,3140126,つくし薬局,みどり市大間々町大間々３１－１４,0277-30-7211,株式会社クスリのわかば　代表取締役　山崎　倫義,渡邉　美恵,,,令3. 5. 1,yakkyoku
薬局,10,3140134,ウエルシア薬局みどり岩宿駅前店,みどり市笠懸町阿左美２５６０番１１,0277-70-8880,ウエルシア薬局株式会社　代表取締役　田中　純一,畑野　知史,,,令3. 7. 1,yakkyoku
薬局,10,3140142,クスリのアオキ阿左美北薬局,みどり市笠懸町阿左美２０２９番地１,0277-46-8261,株式会社クスリのアオキ　代表取締役　青木　宏憲,荒井　翼,,,令3. 7. 1,yakkyoku
薬局,10,3140175,エンドー薬局あざみ店,みどり市笠懸町阿左美１３２１－９,0277-70-7676,株式会社フィールドファーマシー　代表取締役　岩下　正志,三村　智彦,,,令5. 8. 1,yakkyoku
薬局,10,3140183,ウエルシア薬局フォルテ桐生市場店,みどり市笠懸町阿左美２７６１－１,0277-32-4525,ウエルシア薬局株式会社　代表取締役　田中　純一,栗原　真之介,,,令6. 11. 1,yakkyoku
薬局,10,3140191,クスリのアオキ笠懸薬局,みどり市笠懸町久宮１２７番地４,0277-46-9280,株式会社クスリのアオキ　代表取締役　青木　宏憲,金井　美咲,,,令7. 1. 1,yakkyoku
薬局,10,3140209,オルゴール薬局　笠懸店,みどり市笠懸町鹿４７１２－１１,0277-46-9188,株式会社つむぐ　代表取締役　金子　達也,金子　達也,,,令8. 2. 1,yakkyoku
薬局,10,3140217,ウイン薬局　みどり大間々店,みどり市大間々町大間々５７７番地９,0277-32-3601,ウインファーマ株式会社　代表取締役　藤田　勝成,大城　佳奈,,,令8. 5. 1,yakkyoku
薬局,10,1600071,榛東薬局山子田店,北群馬郡榛東村山子田１３６９－４,0279-55-6993,株式会社テイキョウ　代表取締役　久保田　樹佳,中曽根　拓実,,,平18. 10. 1,yakkyoku
薬局,10,1640036,はる薬局,北群馬郡榛東村大字新井１１８０番３,0279-25-8663,榛メディカル株式会社　代表取締役　大島　由喜夫,大島　由喜夫,,,平29. 4. 1,yakkyoku
薬局,10,1640051,マルエ薬局榛東店,北群馬郡榛東村新井２２２２－１,0279-26-9414,株式会社クスリのマルエ　代表取締役　鈴木　暁子,菊地　雅仁,,,令3. 6. 1,yakkyoku
薬局,10,1640077,クスリのアオキ榛東薬局,北群馬郡榛東村大字広馬場１２０５番地１,0279-26-8025,株式会社クスリのアオキ　代表取締役　青木　宏憲,町田　悠,,,令4. 11. 1,yakkyoku
薬局,10,1600048,有限会社　やまきや薬局,北群馬郡吉岡町大字北下１１５０－４,0279-54-2624,有限会社　やまきや薬局　取締役　木村　幸弘,木村　幸弘,,,平10. 3. 1,yakkyoku
薬局,10,1600113,このは薬局　吉岡店,北群馬郡吉岡町大久保３４５３,0279-26-2033,株式会社アーネクト　代表取締役　畑　享志,山田　裕介,,,平19. 10. 1,yakkyoku
薬局,10,1600139,柴崎薬局　下野田店,北群馬郡吉岡町下野田７９０－３,0279-26-3131,有限会社柴崎薬局　代表取締役　羽鳥　明代,小倉　由子,,,平23. 4. 1,yakkyoku
薬局,10,1600147,ひかり薬局,北群馬郡吉岡町大字下野田６９５－９,0279-26-3322,株式会社Ｈ．Ｍ．ファーマシー　代表取締役　小澤　秀樹,小澤　秀樹,,,平23. 9. 1,yakkyoku
薬局,10,1640002,ユニスマイル薬局　よしおか店,北群馬郡吉岡町大字北下１１２６－１０,0279-70-8070,株式会社ユニスマイル　代表取締役　白　成澤,狩野　弘樹,,,平25. 12. 1,yakkyoku
薬局,10,1640010,トリム薬局　前橋吉岡店,北群馬郡吉岡町大字大久保７９５番４,0279-20-5281,ファーマライズ株式会社　代表取締役　松浦　惠子,島田　三智,,,平27. 12. 1,yakkyoku
薬局,10,1640028,なの花薬局吉岡店,北群馬郡吉岡町大字南下９１６,0279-70-8012,株式会社なの花東日本　代表取締役　西尾　哲弥,関根　昌子,,,平29. 3. 1,yakkyoku
薬局,10,1640044,ぶどう薬局　吉岡店,北群馬郡吉岡町大久保２１７６－４,0279-25-8906,株式会社アーネクト　代表取締役　畑　享志,納田　年章,,,平29. 9. 1,yakkyoku
薬局,10,1640069,クスリのアオキ吉岡大久保薬局,北群馬郡吉岡町大字大久保２８６９番地１,0279-25-7203,株式会社クスリのアオキ　代表取締役　青木　宏憲,五十嵐　美紀,,,令4. 7. 1,yakkyoku
薬局,10,1640085,いろどり調剤薬局吉岡店,北群馬郡吉岡町大字下野田６８５－３,0279-26-9236,株式会社太洋光芒　代表取締役　塚本　拓海,髙橋　博美,,,令7. 6. 1,yakkyoku
薬局,10,1740000,かんな薬局,多野郡神流町万場８３,0274-20-5033,中山　文子,中山　文子,,,令4. 6. 1,yakkyoku
薬局,10,1800093,下仁田調剤薬局,甘楽郡下仁田町下仁田３９５－２,0274-70-3535,有限会社　小林薬局　代表取締役　小林　京子,小井土　恵理子,調剤,,平13. 2. 1,yakkyoku
薬局,10,1800176,ウエルシア薬局下仁田店,甘楽郡下仁田町下仁田３８８－１,0274-60-3886,ウエルシア薬局株式会社　代表取締役　田中　純一,飯屋崎　光,,,平25. 6. 1,yakkyoku
薬局,10,1840032,株式会社ひまわり薬局,甘楽郡下仁田町馬山５９１４－１,0274-67-7137,株式会社ひまわり薬局　代表取締役　上田　稜,川端　秀明,,,平29. 11. 1,yakkyoku
薬局,10,1840040,大井田薬局　下仁田本店,甘楽郡下仁田町下仁田３５８,0274-82-3227,大井田薬局株式会社　代表取締役　大井田　文雄,大井田　文雄,,,平30. 8. 6,yakkyoku
薬局,10,1800143,このは薬局　カインズ店,甘楽郡甘楽町福島８１１番地,0274-67-1033,株式会社アーネクト　代表取締役　畑　享志,瀬下　千秋,,,平19. 9. 1,yakkyoku
薬局,10,1840016,りぼん薬局新屋店,甘楽郡甘楽町金井南４５２－２,0274-67-7300,株式会社メルクス　代表取締役　生駒　陽一,須藤　良,,,平29. 4. 1,yakkyoku
薬局,10,1840065,さくら薬局　甘楽白倉店,甘楽郡甘楽町白倉６２７－１,0274-74-8080,クラフト株式会社　代表取締役　新井　勝,籠　唯斗,,,平31. 4. 1,yakkyoku
薬局,10,1840073,かんら調剤薬局,甘楽郡甘楽町福島１１２－１,0274-74-7531,株式会社フォーリーフファーマ　代表取締役　小澤　雅治,菅野　哲弥,,,令3. 4. 1,yakkyoku
薬局,10,1840107,マルエ薬局甘楽福島店,甘楽郡甘楽町福島８２３－１,0274-64-9061,株式会社クスリのマルエ　代表取締役　鈴木　暁子,牧口　知樹,,,令4. 7. 1,yakkyoku
薬局,10,1840115,クスリのアオキ甘楽福島薬局,甘楽郡甘楽町大字福島１６２８番地２,0274-67-7915,株式会社クスリのアオキ　代表取締役　青木　宏憲,吉田　節也,,,令6. 10. 1,yakkyoku
薬局,10,2100329,ウイン調剤薬局中之条店,吾妻郡中之条町大字西中之条字山崎７２６－３,0279-26-3591,有限会社ウインファーマ　代表取締役　藤田　勝久,田村　玉吉,,,平23. 7. 1,yakkyoku
薬局,10,2100345,スマイル調剤薬局,吾妻郡中之条町大字伊勢町字天神７５６番地１,0279-25-7751,ゆうあい商会株式会社　代表取締役　川和　義信,川和　義信,,,平24. 10. 1,yakkyoku
薬局,10,2100352,そうごう薬局中之条店,吾妻郡中之条町大字中之条町１７８４番地４,0279-70-1021,総合メディカル株式会社　代表取締役　多田　荘一郎,倉地　美帆,,,平25. 4. 1,yakkyoku
薬局,10,2140028,マルエ薬局中之条店,吾妻郡中之条町伊勢町１６－５,0279-26-2951,株式会社クスリのマルエ　代表取締役　鈴木　暁子,柴田　幸代,,,令3. 1. 4,yakkyoku
薬局,10,2100162,ホソカワ薬局,吾妻郡長野原町大字北軽井沢１９２４,0279-84-2010,有限会社　山のデパート　ホソカワ　代表取締役　細川　恒雄,細川　恒雄,,,昭60. 10. 1,yakkyoku
薬局,10,2100220,ユニスマイル薬局　羽根尾店,吾妻郡長野原町大字羽根尾字暮坪７１３－４,0279-83-8300,株式会社ユニスマイル　代表取締役　白　成澤,仁科　貴裕,,,平14. 6. 1,yakkyoku
薬局,10,2140044,宮前薬局,吾妻郡長野原町長野原１５２番地,0279-82-2046,宮前　正,宮前　正,,,令5. 9. 1,yakkyoku
薬局,10,2140077,くわの木薬局,吾妻郡長野原町大字応桑２０－２,0279-82-9001,株式会社木瓜　代表取締役　八木　美之,八木　美之,,,令7. 4. 1,yakkyoku
薬局,10,2140093,アイン薬局　長野原店,吾妻郡長野原町大字大津字西原２４０－７,0279-80-1151,株式会社アイン中央　代表取締役　鈴木　奈々絵,田中　良幸,,,令7. 5. 1,yakkyoku
薬局,10,2100188,有限会社　嬬恋薬局,吾妻郡嬬恋村大字三原４５３,0279-97-2068,有限会社　嬬恋薬局　代表取締役　菊池　正幸,菊池　正幸,,,平7. 3. 15,yakkyoku
薬局,10,2100337,ユニスマイル薬局　ほほえみ店,吾妻郡嬬恋村大字西窪字前河原６５５－２,0279-80-2220,株式会社ユニスマイル　代表取締役　白　成澤,後藤　晃,,,平24. 6. 1,yakkyoku
薬局,10,2100022,養神堂薬局,吾妻郡草津町大字草津３６６,0279-88-2036,有限会社　養神堂湯元館　代表取締役　市川　衛,市川　衛,,,昭35. 10. 1,yakkyoku
薬局,10,2140101,マルエ薬局草津温泉店,吾妻郡草津町草津４５４－４８,0279-82-5891,株式会社クスリのマルエ　代表取締役　鈴木　暁子,石井　貴洋,,,令8. 1. 1,yakkyoku
薬局,10,2100238,フロンティア薬局原町店,吾妻郡東吾妻町大字原町６５１,0279-68-9233,株式会社フロンティア　代表取締役　重森　裕之,小松原　聖史,,,平14. 10. 1,yakkyoku
薬局,10,2100303,日本調剤原町薬局,吾妻郡東吾妻町大字原町６４８,0279-76-4315,日本調剤株式会社　代表取締役社長　小城　和紀,今井　拓弥,,,平20. 4. 1,yakkyoku
薬局,10,2140010,坂上薬局,吾妻郡東吾妻町大字大戸字仲田１７０－３,0279-26-3703,株式会社ふたば　代表取締役　礒田　宏之,礒田　宏之,,,平29. 1. 1,yakkyoku
薬局,10,2140036,マルエ薬局東吾妻原町南店,吾妻郡東吾妻町原町５９４－２,0279-26-8072,株式会社クスリのマルエ　代表取締役　鈴木　暁子,佐藤　麻美,,,令5. 2. 1,yakkyoku
薬局,10,2140085,アイン薬局　群馬原町店,吾妻郡東吾妻町大字原町５９１,0279-26-2320,株式会社アイン中央　代表取締役　鈴木　奈々絵,北野　友貴,,,令7. 5. 1,yakkyoku
薬局,10,0500116,尾瀬薬局,利根郡片品村鎌田３９４６－２６,0278-25-3081,株式会社マミヤ薬局　代表取締役　間宮　実,間宮　実,,,平21. 4. 1,yakkyoku
薬局,10,0500017,有限会社　長寿堂薬局,利根郡みなかみ町湯原７１１,0278-72-2159,有限会社　長寿堂薬局　取締役　須藤　慶子,須藤　慶子,,,昭35. 10. 1,yakkyoku
薬局,10,0500108,そうごう薬局　新治店,利根郡みなかみ町湯宿温泉５６３番地２,027-820-6121,総合メディカル株式会社　代表取締役　多田　荘一郎,改田　真理子,,,平16. 9. 1,yakkyoku
薬局,10,0500124,さくら薬局　月夜野店,利根郡みなかみ町真庭３０４－１,0278-62-1222,クラフト株式会社　代表取締役　新井　勝,髙畠　晃,,,平22. 4. 1,yakkyoku
薬局,10,0500132,かみもく調剤薬局,利根郡みなかみ町石倉２８０番地２,0278-25-3927,株式会社よつば調剤　代表取締役　小澤　雅治,北村　仁,,,平23. 1. 1,yakkyoku
薬局,10,0600106,松本ファーマシー　玉村店,佐波郡玉村町大字後箇２０８－３,0270-64-3998,有限会社　松本ファーマシー　代表取締役　松本　修,河内　和彦,,,平10. 4. 15,yakkyoku
薬局,10,0600163,にしきの薬局,佐波郡玉村町大字下新田１１１９－７,0270-30-6171,佐藤　俊彦,佐藤　俊彦,,,平12. 8. 15,yakkyoku
薬局,10,0600254,ウエルシア薬局　玉村店,佐波郡玉村町上飯島２７５,0270-50-1830,ウエルシア薬局株式会社　代表取締役　田中　純一,倉田　拓弥,,,平16. 7. 1,yakkyoku
薬局,10,0600338,エース調剤薬局,佐波郡玉村町角渕５０６６－３,0270-75-2888,株式会社Ｔ３ファーマシー　代表取締役　田中　若,今井　康春,,,平24. 3. 1,yakkyoku
薬局,10,0600361,ユニスマイル薬局　玉村店,佐波郡玉村町大字板井１０５－４,0270-65-8515,株式会社ユニスマイル　代表取締役　白　成澤,正田　直巳,,,平25. 1. 1,yakkyoku
薬局,10,0640011,ウエルシア薬局玉村下新田店,佐波郡玉村町下新田７４３－２,0270-50-1262,ウエルシア薬局株式会社　代表取締役　田中　純一,林　鷹宏,,,平26. 3. 1,yakkyoku
薬局,10,0640029,かみのて調剤薬局,佐波郡玉村町上之手２０２５－５,0270-64-1300,ＨＡカンパニー株式会社　代表取締役　荒木　宏昭,大屋　和孝,,,平26. 8. 1,yakkyoku
薬局,10,0640037,ひごし薬局,佐波郡玉村町大字樋越１７６－４,0270-50-0181,合同会社啓心　代表社員　竹内　啓浩,竹内　啓浩,,,平28. 2. 1,yakkyoku
薬局,10,0640045,実孝薬局,佐波郡玉村町上新田１５７－２,0270-20-4777,山口　秀樹,山口　慧人,,,平28. 4. 1,yakkyoku
薬局,10,0640078,マルエ薬局玉村福島店,佐波郡玉村町福島７８－６,0270-27-7023,株式会社クスリのマルエ　代表取締役　鈴木　暁子,泉　隆裕,,,令3. 9. 1,yakkyoku
薬局,10,0640086,オルゴール薬局,佐波郡玉村町上茂木４７２－３,0270-61-6540,株式会社フォーリーフファーマ　代表取締役　小澤　雅治,内田　幸江,,,令5. 7. 1,yakkyoku
薬局,10,0640094,あじさい薬局,佐波郡玉村町上之手１６３５－５,0270-50-1686,株式会社ゲズントハイト　代表取締役　大友　康弘,大友　康弘,,,令6. 3. 1,yakkyoku
薬局,10,0640110,ツカサ薬局　玉村店,佐波郡玉村町五料２０１－１,0270-50-0328,メディックス株式会社　代表取締役　細野　好司,笠原　健太,,,令7. 6. 1,yakkyoku
薬局,10,0640128,エーゼットファーマシー　玉村店,佐波郡玉村町上新田１８８８－１,0270-75-6463,株式会社エーゼットファーマシー　代表取締役　畔見　正彦,畔見　正彦,,,令8. 5. 1,yakkyoku
薬局,10,3000478,あおば調剤薬局,邑楽郡板倉町海老瀬下新田４０６５－１,0276-80-4101,有限会社ワークショップハラダ　代表取締役　松澤　克明,宮内　英昌,,,平15. 5. 1,yakkyoku
薬局,10,3000585,おはよう薬局,邑楽郡板倉町朝日野１－１４－３,0276-80-4192,おくすり館株式会社　代表取締役　西川　雅章,西川　雅章,,,平19. 8. 1,yakkyoku
薬局,10,3040029,有限会社すけど薬局板倉店,邑楽郡板倉町大字板倉２２２０－１,0276-52-8638,有限会社すけど薬局　代表取締役　石橋　弘忠,松本　しのぶ,,,平29. 1. 1,yakkyoku
薬局,10,3040052,ほうゆう薬局　板倉店,邑楽郡板倉町飯野２２８６－６,0276-55-6802,有限会社ほうゆう調剤薬局　代表取締役　松浦　太一,澤野　竜一,,,令2. 10. 1,yakkyoku
薬局,10,3000510,ふぁいん薬局　明和,邑楽郡明和町大佐貫５８７－６,0276-84-4002,株式会社　ファインファーマシー　代表取締役　池田　明,岡　玲子,,,平17. 4. 1,yakkyoku
薬局,10,3040078,だいいち薬局,邑楽郡明和町新里８－１,0276-55-0070,有限会社第一調剤薬局　代表取締役　山野　純平,大谷　宣善,,,令3. 11. 1,yakkyoku
薬局,10,3040110,コストコホールセール明和倉庫店薬局,邑楽郡明和町矢島３５－１,0276-84-1433,コストコホールセールジャパン株式会社　代表取締役　ケリー・ライアン・ハント,碓井　雄亮,,,令5. 4. 1,yakkyoku
薬局,10,3040128,ファイン薬局　明和メディカルセンター,邑楽郡明和町新里６４－１明和メディカルセンタービルＣ館１階,0276-84-1193,株式会社ファインファーマシー　代表取締役　池田　明,各務　武洋,,,令7. 8. 1,yakkyoku
薬局,10,3000379,ドラッグ太陽　あおぞら薬局,邑楽郡千代田町大字赤岩１７３５－１,0276-70-5115,有限会社　ワークショップハラダ　代表取締役　松澤　克明,松澤　克明,,,平9. 12. 15,yakkyoku
薬局,10,3000189,カニエ薬局　志部店,邑楽郡大泉町西小泉１－２５－１,0276-62-4455,有限会社　カニエ薬局　代表取締役　蟹江　孔明,蟹江　由美子,,,昭57. 10. 1,yakkyoku
薬局,10,3000254,富士薬局　大泉店,邑楽郡大泉町朝日４－６－１９,0276-62-0978,有限会社　富士薬局　代表取締役　石塚　栄,石橋　和馬,,,平5. 6. 15,yakkyoku
薬局,10,3000320,有限会社　薬局もり,邑楽郡大泉町坂田４－７－１７,0276-62-2458,有限会社　薬局もり　代表取締役　森　利惠子,森　利惠子,,,平8. 6. 1,yakkyoku
薬局,10,3000353,すみれ調剤薬局　大泉店,邑楽郡大泉町大字吉田３０２２,0276-40-3435,有限会社　イデアール　代表取締役　黒岩　由里,川島　久司,,,平9. 5. 15,yakkyoku
薬局,10,3000395,カニエ薬局　松原店,邑楽郡大泉町西小泉２－３－７,0276-40-3465,有限会社　カニエ薬局　代表取締役　蟹江　孔明,蟹江　恒男,,,平10. 5. 1,yakkyoku
薬局,10,3000403,エンゼル調剤薬局　大泉店,邑楽郡大泉町坂田４－２３－２９,0276-40-3686,株式会社みらいファーマシー　代表取締役　久保田　高章,市村　恵理,,,平10. 9. 1,yakkyoku
薬局,10,3000452,すみれ調剤薬局　西小泉店,邑楽郡大泉町西小泉５－７－２,0276-20-1722,有限会社　イデアール　代表取締役　黒岩　由里,平原　亮,,,平14. 5. 15,yakkyoku
薬局,10,3000536,いずみ薬局　仙石店,邑楽郡大泉町仙石二丁目１６番６号,0276-20-0226,株式会社いずみグループ　代表取締役　金森　茂治,久保田　良子,,,平17. 10. 1,yakkyoku
薬局,10,3000635,住吉調剤薬局,邑楽郡大泉町住吉５６－９,0276-40-3588,有限会社　ティー・エム　代表取締役　田中　隆徳,井本　加奈代,,,平24. 3. 5,yakkyoku
薬局,10,3000650,ウエルシア薬局群馬大泉店,邑楽郡大泉町吉田１９７７－２,0276-20-3081,ウエルシア薬局株式会社　代表取締役　田中　純一,濱田　秀樹,,,平24. 8. 1,yakkyoku
薬局,10,3000676,いずみ薬局本店,邑楽郡大泉町中央３丁目６番８号,0276-62-9337,株式会社いずみグループ　代表取締役　金森　茂治,小野田　隆径,,,平24. 11. 1,yakkyoku
薬局,10,3040003,すずらん薬局　大泉店,邑楽郡大泉町富士３－１８－２１　富士之越シティハイツ１０５号,0276-56-9735,根井　雅浩,根井　雅浩,,,平26. 9. 1,yakkyoku
薬局,10,3040037,有限会社　薬局もり２号店,邑楽郡大泉町坂田１６１９－２,0276-61-0071,有限会社薬局もり　代表取締役　森　利惠子,髙梨　正成,,,平29. 10. 1,yakkyoku
薬局,10,3040060,すみれ調剤薬局　朝日店,邑楽郡大泉町朝日４丁目１４－３７,0276-50-1383,有限会社イデアール　代表取締役　黒岩　由里,栗原　大輔,,,令3. 4. 1,yakkyoku
薬局,10,3040086,オハナ薬局　大泉店,邑楽郡大泉町仙石４－２０－２２,0276-55-6340,ウインファーマ株式会社　代表取締役　藤田　勝成,森川　泰充,,,令3. 12. 1,yakkyoku
薬局,10,3040094,わきた薬局,邑楽郡大泉町坂田２－１７－８,0276-62-8393,脇田　邦之,脇田　邦之,,,令4. 1. 1,yakkyoku
薬局,10,3040102,すみれ調剤薬局　富士店,邑楽郡大泉町富士２－４－２５,0276-61-3895,有限会社イデアール　代表取締役　黒岩　由里,小谷野　和彦,,,令4. 3. 1,yakkyoku
薬局,10,3000346,すみれ調剤薬局　邑楽店,邑楽郡邑楽町大字中野２８６７－８,0276-70-2180,有限会社　イデアール　代表取締役　黒岩　由里,岡田　雄飛,,,平9. 4. 15,yakkyoku
薬局,10,3000387,エンゼル調剤薬局　篠塚店,邑楽郡邑楽町大字篠塚１９３３－４,0276-89-8080,株式会社みらいファーマシー　代表取締役　久保田　高章,近藤　芳男,,,平10. 4. 15,yakkyoku
薬局,10,3000445,神農調剤薬局　邑楽店,邑楽郡邑楽町大字中野１０４２－２,0276-89-0090,有限会社　ティー・エム　代表取締役　田中　隆徳,田中　隆徳,,,平11. 7. 1,yakkyoku
薬局,10,3000460,うさぎ調剤薬局,邑楽郡邑楽町大字赤堀１９７８－６,0276-88-3955,有限会社ミサワドラッグ　取締役　三澤　義雪,三澤　晴代,,,平14. 6. 1,yakkyoku
薬局,10,3000551,ほうゆう調剤薬局,邑楽郡邑楽町大字光善寺２７３番地の６,0276-91-8666,有限会社ほうゆう調剤薬局　取締役　松浦　太一,小林　香理,,,平18. 7. 1,yakkyoku
薬局,10,3000593,あけの薬局,邑楽郡邑楽町明野２８－８,0276-55-2039,有限会社ドレミ　代表取締役　上村　哲哉,藤田　昭文,,,平21. 9. 1,yakkyoku
薬局,10,3000601,中央薬局　邑楽店,邑楽郡邑楽町大字中野字十三坊塚１８４４－８,0276-55-2400,株式会社太田中央薬局　代表取締役　長谷川　史朗,原　大悟,,,平21. 10. 1,yakkyoku
薬局,10,3000627,イムノファーマシー邑楽町店,邑楽郡邑楽町篠塚３１９７－３,0276-70-2116,株式会社長東　代表取締役　引地　誠,鈴木　大樹,,,平23. 10. 1,yakkyoku
薬局,10,3040045,ウエルシア薬局邑楽町中野店,邑楽郡邑楽町中野４５７１－１,0276-70-2505,ウエルシア薬局株式会社　代表取締役　田中　純一,村田　裕弥,,,令元. 12. 1,yakkyoku
