med_type,pref_code,med_code,name,address,phone,opener,manager,depts,beds,designated_date,source
病院,15,0111204,南浜病院,新潟市北区島見町４５４０番地,025-255-2121,医療法人　恵生会　理事長　澁谷　雅子,金子　尚史,精神　精,275,昭39. 6. 1,ika
病院,15,0111279,松浜病院,新潟市北区松浜町３３９６番地,025-259-3241,医療法人　青松会　松浜病院　理事長　佐藤　栄午,小熊　隆夫,精神　精　心内　内,350,昭39. 11. 12,ika
診療所,15,0118340,武田整形外科,新潟市北区松浜東町１－３－５,025-259-2768,武田　和夫,武田　和夫,整外　リハ,,平7. 4. 20,ika
診療所,15,0118829,医療法人社団　寛正会　松田内科呼吸器科クリニック,新潟市北区島見町３９２５－４,025-257-4100,医療法人社団　寛正会　理事長　松田　正史,松田　正史,内　呼　アレ,,平9. 6. 2,ika
診療所,15,0120478,サトウクリニック新崎,新潟市北区新崎１丁目１７番１７号,025-259-3109,医療法人社団サトウクリニック新崎　理事長　佐藤　竹敏,佐藤　竹敏,内　消化器内科　小　呼内　循環器内科,,平12. 4. 1,ika
診療所,15,0121138,たきざわクリニック松浜,新潟市北区松浜１丁目１番地１２,025-255-7551,医療法人社団　恒世会　理事長　瀧澤　恒世,瀧澤　恒世,内　呼　循　消　小,,平14. 4. 1,ika
診療所,15,0122482,大野内科　三森分院,新潟市北区高森新田２００番地,025-244-7847,医療法人社団　鐙会　理事長　大野　隆史,大野　隆史,内　小,,平元. 4. 1,ika
診療所,15,0122540,嶋倉　クリニック,新潟市北区葛塚３４３３番地,025-386-1290,医療法人社団　嶋倉クリニック　理事長　嶋倉　泰裕,嶋倉　泰裕,小　アレ,,平2. 4. 1,ika
診療所,15,0122557,斎藤医院,新潟市北区嘉山２１９８番地３,025-386-1210,斎藤　功,斎藤　功,内　消,,平3. 4. 15,ika
診療所,15,0122565,原田整形外科医院,新潟市北区白新町１丁目３番３号,025-386-8131,原田　彰,原田　彰,整外,,平3. 4. 10,ika
病院,15,0122581,新潟リハビリテーション病院,新潟市北区木崎７６１番地,025-388-2111,医療法人　愛広会　理事長　池田　弘,山本　智章,一般　療養　内　脳内　整外　リハ　麻,108,平5. 12. 1,ika
診療所,15,0122599,成田医院,新潟市北区白新町２丁目１３番３２号,025-387-2911,医療法人社団　成田医院　理事長　成田　昌紀,成田　昌紀,内　呼　アレ,,平7. 4. 1,ika
病院,15,0122615,厚生連　豊栄病院,新潟市北区石動１丁目１１番１号,025-386-2311,新潟県厚生農業協同組合連合会　代表理事理事長　塚田　芳久,関　慶一,一般　内　精　心内　外　整外　皮　眼　ひ　内視鏡内科　循環器内科　神内　リハ　放　麻,199,平9. 9. 1,ika
診療所,15,0122623,耳鼻咽喉科・気管食道科　とみやま医院,新潟市北区太田５５９４番地３,025-388-8733,医療法人社団　とみやま医院　理事長　冨山　道夫,冨山　道夫,耳い　アレ　気管食道外科,,平10. 4. 1,ika
診療所,15,0122656,山口クリニック,新潟市北区早通北１丁目３ー１１,025-386-1131,医療法人社団　山口クリニック　理事長　山口　正康,山口　正康,内　消　脳内,,平13. 4. 1,ika
診療所,15,0122664,小黒内科胃腸科医院,新潟市北区太田５６３３,025-387-0096,医療法人社団　仁誠会　理事長　小黒　仁,小黒　仁,内　胃,,平13. 9. 1,ika
診療所,15,0122672,医療法人社団　さいとう眼科医院,新潟市北区嘉山２２３０番地７,025-384-7107,医療法人社団　さいとう眼科医院　理事長　齋藤　栄智翁,齋藤　栄智翁,眼,,平14. 9. 1,ika
診療所,15,0123340,おおつか内科クリニック,新潟市北区内島見２５１４－１,025-388-1313,大塚　富雄,大塚　富雄,内　呼　循,,平17. 4. 27,ika
診療所,15,0124454,すこやか医院,新潟市北区須戸６９５番地１,025-387-6633,医療法人社団　愛敬会　理事長　里方　美智子,里方　美智子,内　小　循　呼　消　アレ　皮,,平19. 5. 1,ika
診療所,15,0124462,鳥居クリニック,新潟市北区石動１丁目１６番地２号,025-384-5959,医療法人　鳥居クリニック　理事長　鳥居　哲,鳥居　哲,ひ　皮,,平19. 5. 1,ika
診療所,15,0124751,やまもと小児科,新潟市北区濁川１６５－１,025-255-7272,山本　浩介,山本　浩介,小　アレ,,平20. 4. 18,ika
診療所,15,0125048,青木整形外科医院,新潟市北区葛塚３１８８,025-386-9751,医療法人社団　青木整形外科医院　理事長　青木　亮介,青木　亮介,整外　リハ,,平21. 4. 1,ika
診療所,15,0125121,小飯塚医院,新潟市北区嘉山５丁目６番４号,025-388-2321,小飯塚　信仁,小飯塚　信仁,内,,平21. 8. 1,ika
診療所,15,0125600,のぶ皮膚科,新潟市北区内島見２５１４－７,025-388-1616,佐藤　信之,佐藤　信之,皮　アレ,,平23. 5. 12,ika
診療所,15,0125808,いぬかい耳鼻科クリニック,新潟市北区石動１丁目１６番８号,025-384-3311,医療法人社団いぬかい耳鼻科クリニック　理事長　犬飼　賢也,犬飼　賢也,耳い　アレ,,平24. 4. 1,ika
診療所,15,0126020,医療法人社団　仁悠会　あらい眼科,新潟市北区葛塚４３７１,025-388-7701,医療法人社団　仁悠会　理事長　荒井　紳一,荒井　紳一,眼,,平25. 5. 1,ika
診療所,15,0126129,堀医院,新潟市北区白新町４－６－１９,025-387-5780,医療法人社団　新生会　理事長　堀　知行,堀　知行,内　循環器内科,,平25. 11. 1,ika
診療所,15,0126145,にしな子どもクリニック,新潟市北区太田甲５６３５番地６,025-387-1031,仁科　正裕,仁科　正裕,小　アレ,,平26. 4. 14,ika
診療所,15,0127374,いしざか整形外科クリニック,新潟市北区嘉山２１９６番地２,025-388-1154,医療法人社団　いしざか整形外科クリニック　理事長　石坂　眞樹,石坂　眞樹,整外　リハ,,令2. 11. 21,ika
診療所,15,0127812,豊栄こころのクリニック,新潟市北区石動１丁目１７番地１,025-288-5561,佐々木　明子,佐々木　明子,心内　精,,令5. 5. 1,ika
診療所,15,0127929,ポートクリニック好生堂,新潟市北区松浜本町四丁目１番１２号,025-259-2654,医療法人社団好生堂ポートクリニック　理事長　渡邊　脩,渡邊　伸,外　整外　内　呼内,,令6. 1. 1,ika
病院,15,0111519,河渡病院,新潟市東区有楽１丁目１５番地１,025-274-8211,医療法人　恵松会　理事長　佐藤　栄午,若穂囲　徹,精神　精　心内　内,356,昭45. 5. 2,ika
診療所,15,0112350,北越コーポレーション株式会社新潟工場医務室,新潟市東区榎町５７,025-273-1141,北越コーポレーション株式会社　執行役員　新潟工場長　高濟　和弘,永井　明日香,内,,昭42. 4. 1,ika
診療所,15,0115601,阿部小児科医院,新潟市東区有楽３丁目８－６,025-274-8680,阿部　志郎,阿部　志郎,小,,昭60. 7. 1,ika
診療所,15,0115916,岡田内科医院,新潟市東区北葉町１０番５号,025-273-2708,医療法人社団　岡田内科　理事長　岡田　雅美,岡田　雅美,内,,昭61. 12. 1,ika
診療所,15,0116237,医療法人社団　村井整形外科医院,新潟市東区上木戸１丁目３番６号,025-275-1115,医療法人社団　村井整形外科医院　理事長　村井　丈寛,村井　丈寛,整外　リウ　リハ,,昭62. 12. 1,ika
診療所,15,0116468,医療法人社団　佐野医院,新潟市東区東明２丁目９番２号,025-286-5363,医療法人社団　佐野医院　理事長　井上　重宏,井上　重宏,内　消　循,,平元. 4. 1,ika
診療所,15,0116955,戸井田内科医院,新潟市東区中野山４丁目１５番７号,025-276-2950,医療法人社団　戸井田内科医院　理事長　戸井田　竜成,戸井田　竜成,内,,平元. 10. 1,ika
診療所,15,0117235,庄司こども医院,新潟市東区東中野山４－１５－７,025-276-2243,医療法人社団　庄司こども医院　庄司　康寛,庄司　康寛,小　アレ,,平2. 8. 1,ika
診療所,15,0117524,空港前クリニック,新潟市東区太平３丁目７番地１,025-271-6000,医療法人社団　卓志会　理事長　川﨑　克,川﨑　克,耳い　外,,昭45. 1. 20,ika
診療所,15,0117581,いがらし内科医院,新潟市東区宝町１－１２,025-274-2001,五十嵐　英夫,五十嵐　英夫,内　呼　胃　アレ,,平4. 3. 19,ika
診療所,15,0117870,ささげ整形外科,新潟市東区粟山３丁目１番７号,025-277-5959,医療法人社団　ささげ整形外科　理事長　捧　陽介,捧　陽介,リウ　リハ　整外,,平5. 9. 1,ika
診療所,15,0117888,明生堂アイ・クリニック,新潟市東区太平３丁目２０８３番地２９,025-270-3007,医療法人社団　明生堂アイ・クリニック　理事長　松田　隆作,松田　隆作,一般　眼,,平5. 9. 1,ika
診療所,15,0118027,羽尾整形外科,新潟市東区太平３丁目３０－１０,025-275-6116,羽尾　清昭,羽尾　清昭,整外　リウ　リハ,,平6. 4. 1,ika
診療所,15,0118043,相澤内科医院,新潟市東区中木戸４１－１,025-270-1000,医療法人社団　相澤内科医院　理事長　相澤　正樹,相澤　正樹,内　呼　消　循　小　放,,平6. 4. 1,ika
診療所,15,0118613,医療法人社団　たかはた医院,新潟市東区秋葉通２丁目３７２２番地１０４,025-270-1111,医療法人社団　たかはた医院　理事長　高畑　與四夫,高畑　與四夫,内　麻　放　漢方内科　ペインクリニック内科,,平8. 9. 1,ika
診療所,15,0118779,小田医院,新潟市東区中野山６丁目１番１７号,025-277-9191,医療法人社団　小田医院　理事長　小田　勇司,小田　勇司,内　循環器内科　神内,,平9. 4. 1,ika
診療所,15,0120015,東新潟健診プラザ,新潟市東区はなみずき２丁目１０番３５号,025-279-1111,一般財団法人　新潟県けんこう財団　理事長　入澤　孝昌,石川　和宏,内　放,,平10. 2. 21,ika
診療所,15,0120023,中野山眼科,新潟市東区猿ケ馬場１丁目１番１７号,025-276-8011,医療法人社団　さかうえ眼科医院　理事長　坂上　富士男,坂上　極,眼,,平10. 3. 14,ika
診療所,15,0120197,医療法人社団　大野眼科,新潟市東区石山３丁目５番１３号,025-287-1133,医療法人社団　大野眼科　理事長　大野　淳,大野　淳,眼,,平10. 9. 1,ika
診療所,15,0120213,五味キッズクリニック,新潟市東区石山４丁目４－１４,025-276-8088,医療法人社団　五味キッズクリニック　理事長　五味　崇行,五味　崇行,小　アレ,,平10. 9. 1,ika
診療所,15,0120221,間庭整形外科医院,新潟市東区山木戸８丁目９番３７号,025-270-6100,医療法人社団　間庭整形外科医院　理事長　間庭　芳文,間庭　芳文,整外　リハ　リウ,,平10. 9. 1,ika
診療所,15,0120304,勝見皮膚科クリニック,新潟市東区太平４丁目３番地１９,025-274-1232,医療法人社団　勝見皮膚科クリニック　理事長　勝見　伸也,勝見　伸也,皮,,平11. 3. 1,ika
診療所,15,0120403,滝沢医院,新潟市東区松崎２丁目１１ー１４,025-274-1880,医療法人社団　滝沢診療所　理事長　滝沢　慎一郎,滝沢　慎一郎,内,,平11. 9. 1,ika
診療所,15,0120411,滝沢診療所,新潟市東区小金町１丁目１７番４０号,025-273-5594,医療法人社団　滝沢診療所　理事長　滝沢　慎一郎,滝沢　慎一郎,内,,平11. 9. 1,ika
診療所,15,0120544,社会医療法人　新潟勤労者医療協会　ときわ診療所,新潟市東区空港西１丁目１５番１７号,025-274-2714,社会医療法人　新潟勤労者医療協会　理事長　五十嵐　修,畠山　真,内　消　放,,平12. 4. 3,ika
診療所,15,0120882,みずさわ内科クリニック,新潟市東区太平２丁目２２番地１,025-270-7711,医療法人社団みずさわ内科クリニック　理事長　水澤　健,水澤　健,内　消　呼　循　小,,平13. 4. 1,ika
診療所,15,0121096,東京ハートリズムクリニック新潟,新潟市東区松崎１丁目１８番１２号,025-272-5252,医療法人社団大志会　理事長　桑原　大志,山地　博介,一般　循環器内科　リハ,,平14. 4. 1,ika
診療所,15,0121120,かねこ耳鼻科,新潟市東区有楽１丁目８－２,025-279-3387,金子　真奈美,金子　真奈美,耳い,,平14. 4. 15,ika
病院,15,0121146,社会医療法人　桑名恵風会　桑名病院,新潟市東区河渡甲１４０番地,025-273-2251,社会医療法人　桑名恵風会　理事長　渡邉　正人,渡邉　正人,一般　療養　脳外　循環器内科　内　消化器内科　消化器外科　外　整外　リハ　肛門外科　麻,138,平14. 4. 23,ika
診療所,15,0121195,東ニイガタ友愛クリニック,新潟市東区逢谷内４丁目２番１９号,025-270-1492,医療法人社団　友愛会　理事長　瀬尾　弘志,瀬尾　弘志,脳外　外　神内　リハ,,平14. 9. 1,ika
診療所,15,0121435,脳神経・内科もてぎ医院,新潟市東区松園１丁目９番５６号,025-250-9951,茂木　崇司,茂木　崇司,神内　脳外　内　リハ　放,,平15. 9. 24,ika
病院,15,0121518,新潟臨港病院,新潟市東区桃山町１丁目１１４番地３,025-274-5331,社会医療法人　新潟臨港保健会　理事長　湊　泉,鈴木　裕,一般　療養　内　呼内　アレ　リウ　外　整外　リハ　眼　ひ　皮　放　麻　神内　脳外　消化器内科　消化器外科　循環器内科　腎臓内科　こう門外科　婦,147,平16. 4. 19,ika
診療所,15,0121534,浦野耳鼻咽喉科医院,新潟市東区逢谷内３丁目１番２６号,025-270-3387,医療法人社団　浦野耳鼻咽喉科医院　理事長　浦野　正美,浦野　正美,耳い,,平16. 4. 1,ika
診療所,15,0121575,すくすく小児クリニック,新潟市東区はなみずき２丁目４－２１,025-271-9922,医療法人社団　すくすく小児クリニック　理事長　高橋　克明,高橋　克明,小　アレ,,平16. 4. 1,ika
診療所,15,0121682,ｅ‐メディカル整形外科,新潟市東区中山６丁目３番３５号,025-271-1284,医療法人社団　ｅーメディカル　理事長　関　敬弘,関　敬弘,整外　リウ　リハ,,平16. 9. 1,ika
診療所,15,0123399,えきまえクリニック　内科はやし医院,新潟市東区中島２丁目１番４６号,025-277-7890,医療法人社団　恒心会　理事長　林　浩司,林　浩司,内　循　消　呼　アレ　神内,,平17. 4. 1,ika
診療所,15,0123969,本多レディースクリニック,新潟市東区中野山８９１番地１,025-256-5561,医療法人社団　京愛会　理事長　本多　晃,本多　晃,一般　産　婦,,平18. 4. 1,ika
診療所,15,0123985,医療法人社団　田中クリニック,新潟市東区はなみずき１丁目１４番１８号,025-279-5030,医療法人社団　田中クリニック　理事長　田中　申介,田中　申介,消化器内科　内　肛門外科,,平18. 4. 1,ika
診療所,15,0124215,川名クリニック,新潟市東区上木戸１丁目２番１５号,025-279-0030,医療法人　川名クリニック　理事長　川名　正博,川名　正博,耳い　気食　アレ,,平18. 10. 1,ika
診療所,15,0124421,きんとう整形外科クリニック,新潟市東区空港西１丁目１９－５,025-272-8800,医療法人社団　きんとう整形外科クリニック　理事長　金藤　直樹,金藤　直樹,整外　リウ　リハ,,平19. 4. 1,ika
診療所,15,0124439,医療法人社団　すずき医院,新潟市東区逢谷内６－８－３４,025-279-5511,医療法人社団　すずき医院　理事長　鈴木　正孝,鈴木　正孝,内　小　循,,平19. 4. 1,ika
診療所,15,0124470,きど皮ふ科,新潟市東区牡丹山１丁目５番１２号１０,025-273-4112,医療法人　きど皮ふ科　理事長　木戸　学,木戸　学,皮　アレ,,平19. 5. 1,ika
診療所,15,0124801,とやま整形外科クリニック,新潟市東区中木戸１９１－３,025-274-8080,外山　秀樹,外山　秀樹,整外　リハ,,平20. 6. 2,ika
診療所,15,0124942,太田眼科,新潟市東区豊２丁目６番４６号,025-272-8880,医療法人社団　太田眼科　理事長　太田　正行,太田　正行,眼,,平21. 4. 1,ika
診療所,15,0125097,塩谷外科医院,新潟市東区中山６－１２－１９,025-273-6652,塩谷　善雄,塩谷　善雄,外　整外　リハ,,平21. 5. 1,ika
診療所,15,0125147,ないとう泌尿器科クリニック,新潟市東区秋葉１丁目６－４７,025-279-0010,内藤　雅晃,内藤　雅晃,ひ,,平21. 8. 27,ika
診療所,15,0125204,ぼくとわたしの小児科,新潟市東区秋葉１丁目６－４０,025-279-0022,朴　直樹,朴　直樹,小　アレ,,平21. 10. 5,ika
診療所,15,0125253,あきば眼科クリニック,新潟市東区秋葉１丁目６番４６号,,臼井　知聡,臼井　知聡,眼,,平22. 2. 19,ika
診療所,15,0125287,ＨＡＬクリニック,新潟市東区中山６丁目１３番４３号,025-272-1515,渡辺　弘,渡辺　弘,心外　内,,平22. 4. 1,ika
診療所,15,0125345,上原消化器内科クリニック,新潟市東区粟山３丁目７番８号,025-276-2180,上原　一浩,上原　一浩,消　内,,平22. 5. 21,ika
診療所,15,0125394,中ざわ心療クリニック,新潟市東区はなみずき１丁目１４番５号,025-272-1200,中澤　秀栄,中澤　秀栄,心内　精,,平22. 7. 23,ika
診療所,15,0125519,木戸眼科クリニック,新潟市東区中木戸２８５－８,025-271-6005,白柏　基宏,白柏　基宏,眼,,平23. 4. 1,ika
病院,15,0125642,新潟医療生活協同組合　木戸病院,新潟市東区竹尾４丁目１３番３号,025-273-2151,新潟医療生活協同組合　理事長　鈴木　克夫,佐藤　秀一,一般　内　呼内　心内　外　整外　精　アレ　小　皮　ひ　婦　眼　耳い　リハ　放　麻　循環器内科　消化器内科　消化器外科　糖尿病内科　内分泌内科　腎臓内科　緩和ケア科　脳外　ペインクリニック外科　脳神経内科,312,平23. 7. 1,ika
診療所,15,0125725,おおかわクリニック,新潟市東区竹尾２丁目１９番５号,025-270-1222,医療法人社団　おおかわクリニック　理事長　大川　彰,大川　彰,内　胃腸内科　外　肛門外科,,平23. 10. 1,ika
診療所,15,0125980,新潟医療生活協同組合　木戸クリニック,新潟市東区上木戸５丁目２番１号,025-274-7960,新潟医療生活協同組合　理事長　鈴木　克夫,須永　隆夫,内,,平25. 4. 1,ika
診療所,15,0126111,もとやま内科クリニック,新潟市東区海老ケ瀬３０１２,025-250-3311,本山　展隆,本山　展隆,内　消化器内科,,平25. 12. 1,ika
診療所,15,0126137,なかむら耳鼻科クリニック,新潟市東区若葉町１丁目２０番３号,025-256-5577,医療法人社団　なかむら耳鼻科クリニック　理事長　中村　英生,中村　英生,耳い　アレ,,平26. 2. 1,ika
診療所,15,0126210,ほその循環器科・内科クリニック,新潟市東区中山６丁目３番３５号,025-250-8884,医療法人社団　ほその循環器科・内科クリニック　理事長　細野　浩之,細野　浩之,内,,平26. 5. 1,ika
診療所,15,0126244,まつい整形外科,新潟市東区猿ケ馬場二丁目１３番２６号,025-278-5115,医療法人　まつい整形外科　理事長　松井　俊明,松井　俊明,整外　リハ　リウ,,平26. 6. 1,ika
診療所,15,0126285,風の笛クリニック,新潟市東区下木戸２丁目２８番１６号,025-271-7755,社会福祉法人亀田郷芦沼会　理事長　川瀬　裕,穂苅　環,内　麻　ペインクリニック外科,,平26. 10. 1,ika
診療所,15,0126293,小児科川医院,新潟市東区若葉町１丁目２０番８号,025-383-8839,川　徹,川　徹,小,,平26. 10. 20,ika
病院,15,0126459,末広橋病院,新潟市東区臨港町二丁目２５番地１,025-274-6311,医療法人　敬愛会　理事長　鈴木　雄太郎,橘　輝,精神　療養　療養　精　内,156,平27. 11. 1,ika
診療所,15,0126533,東新潟まやま眼科,新潟市東区中山７丁目１１番１１号,025-282-5586,眞山　徹二,眞山　徹二,眼,,平28. 5. 2,ika
診療所,15,0126798,みんなの皮ふ科,新潟市東区東明二丁目６番地１６,025-286-1233,医療法人社団　みんなの皮ふ科　理事長　竹内　綾乃,竹内　綾乃,皮,,平29. 6. 1,ika
診療所,15,0127077,まきの乳腺クリニック,新潟市東区中山６丁目１３－４８,025-250-0026,医療法人社団　まきの乳腺クリニック　理事長　牧野　春彦,牧野　春彦,乳腺外科,,令元. 5. 1,ika
診療所,15,0127515,山の下クリニック,新潟市東区長者町５番５号,025-273-3535,医療法人社団　阿部胃腸科内科医院　理事長　阿部　行宏,阿部　行宏,消化器内科　内　リウ,,令3. 4. 1,ika
診療所,15,0127655,ものみやまクリニック,新潟市東区物見山４丁目７番１６号,025-279-2828,医療法人社団ＭＮＣ　理事長　皆川　史郎,皆川　史郎,内　循環器内科,,令4. 5. 2,ika
診療所,15,0127952,おがわ内科・消化器内科クリニック,新潟市東区山木戸４丁目１番４４号,025-282-5257,小川　光平,小川　光平,内　消化器内科,,令6. 5. 1,ika
診療所,15,0128240,まる皮ふ科クリニック,新潟市東区猿ケ馬場１丁目１番２０号,025-212-2123,丸山　涼子,丸山　涼子,皮　アレ,,令7. 11. 1,ika
診療所,15,0128315,おのしんクリニック,新潟市東区太平２丁目２３－４,025-383-8581,小野　信,小野　信,心内　精,,令8. 5. 1,ika
診療所,15,0128349,家庭医療クリニック新潟,新潟市東区牡丹山２丁目５－１８　コーポ華月　２階右号室,025-333-8677,児玉　崇志,児玉　崇志,内　小,,令8. 5. 1,ika
診療所,15,0128356,にいがた東眼科,新潟市東区新松崎１丁目７番９号,025-212-9366,医療法人社団ｅｙｅ‐ｌａｎｄ　理事長　酒井　康弘,真木山　高子,眼,,令8. 6. 1,ika
病院,15,0110719,竹山病院,新潟市中央区上大川前通六番１１８３番地,025-228-7171,医療法人　竹山記念会　理事長　竹山　智,竹山　智,一般　産　婦　小　アレ　内　消化器内科,,昭35. 10. 12,ika
診療所,15,0113515,一般社団法人新潟県労働衛生医学協会附属集団検診センター,新潟市中央区川岸町１丁目３９番地の５,025-267-1200,一般社団法人　新潟県労働衛生医学協会　会長　佐藤　幸示,関根　厚雄,内　婦,,昭49. 4. 1,ika
病院,15,0113937,新潟県はまぐみ小児療育センター,新潟市中央区水道町１丁目５９３２番地,025-266-0151,新潟県　新潟県知事　花角　英世,西山　健一,一般　小　整外　眼　耳い　脳外,,昭33. 7. 1,ika
診療所,15,0114240,海津内科医院,新潟市中央区笹口２丁目１０番地１２号,025-241-7363,海津　省三,海津　省三,内　消　小　皮,,昭53. 4. 1,ika
病院,15,0114760,とやの中央病院,新潟市中央区鳥屋野４５０番地３,025-284-5161,医療法人仁成会　理事長　小林　義雄,小林　哲朗,療養　内　リハ　放,160,昭55. 3. 1,ika
診療所,15,0115221,一般社団法人　新潟県労働衛生医学協会　附属中央診療所,新潟市中央区川岸町１丁目４７番地の７,025-232-0151,一般社団法人　新潟県労働衛生医学協会　会長　佐藤　幸示,坂下　勲,内,,昭57. 11. 1,ika
病院,15,0115544,東新潟病院,新潟市中央区姥ヶ山２７４番地１,025-286-8811,医療法人　健周会　理事長　片柳　憲雄,大谷　哲也,一般　療養　内　リハ　脳内　ひ　肛門外科　外　皮,127,昭60. 4. 1,ika
病院,15,0115668,新潟中央病院,新潟市中央区新光町１番地１８,025-285-8811,社会医療法人　仁愛会　理事長　柴田　実,山崎　昭義,一般　内　整外　形外　脳外　リハ,249,昭60. 11. 3,ika
診療所,15,0115726,新潟健康管理診療所,新潟市中央区新光町１１番地１,025-283-3939,一般社団法人　新潟縣健康管理協会　理事長　渋谷　和博,湯澤　秀夫,内　婦,,昭61. 3. 1,ika
病院,15,0116062,新潟県立がんセンター新潟病院,新潟市中央区川岸町２丁目１５番地３,025-266-5111,新潟県病院事業管理者　新潟県病院局長　金井　健一,田中　洋史,一般　内　消化器内科　消化器外科　脳内　緩和ケア内科　乳腺外科　頭頸部外科　外　呼外　整外　脳外　形外　精　小　皮　ひ　婦　眼　リハ　放射線診断科　放射線治療科　麻　病理,367,昭62. 5. 1,ika
診療所,15,0116146,医療法人社団　大森内科医院,新潟市中央区八千代１丁目１番３０号,025-243-3300,医療法人社団　大森内科医院　理事長　大森　健太郎,大森　健太郎,一般　内　循,,昭62. 8. 1,ika
診療所,15,0116385,白柏眼科医院,新潟市中央区沼垂西１丁目６番１７号,025-241-1800,白柏　麻子,白柏　麻子,眼,,昭63. 12. 5,ika
診療所,15,0116427,医療法人社団　勝見整形外科医院,新潟市中央区堀之内南１丁目３２番１３号,025-241-0145,医療法人社団　勝見整形外科医院　理事長　工藤　尚子,工藤　尚子,整外　リウ　リハ,,平元. 4. 1,ika
診療所,15,0116542,岩永医院,新潟市中央区月町２０１４－１,025-222-8709,医療法人社団　岩永医院　理事長　岩永　明人,岩永　明人,内　小,,平元. 4. 1,ika
診療所,15,0116674,永井皮フ科クリニック,新潟市中央区万代１－２－１４シルバー流通ビル　４Ｆ,025-247-3677,永井　透,永井　透,皮,,平元. 6. 1,ika
診療所,15,0116740,岡田内科医院,新潟市中央区幸町７番２５号,025-244-1367,医療法人社団　岡田内科医院　理事長　岡田　潔,岡田　潔,内　消　循,,平元. 8. 1,ika
診療所,15,0116799,松元眼科,新潟市中央区東大通リ２丁目７番１５号,025-244-1795,医療法人社団　松寿会　松元眼科　理事長　松元　直子,松元　直子,眼,,平元. 8. 1,ika
診療所,15,0116831,皮膚科　鈴木医院,新潟市中央区学校町通二番町５９５番地１８,025-222-1211,医療法人社団　鈴木医院　理事長　鈴木　信也,鈴木　信也,皮,,平元. 8. 1,ika
診療所,15,0117078,一般社団法人　新潟県労働衛生医学協会　附属プラーカ検診センター,新潟市中央区天神１丁目１番地プラーカ３　５階,025-247-4101,一般社団法人　新潟県労働衛生医学協会　会長　佐藤　幸示,成澤　林太郎,内　婦　放,,平2. 2. 19,ika
診療所,15,0117136,松波クリニック,新潟市中央区関屋松波町２丁目１４３番地,025-231-2336,勝井　豊,勝井　豊,一般　肛門外科　内　外　小外,,平2. 4. 16,ika
診療所,15,0117177,大野内科医院,新潟市中央区鐙西２丁目９番１６号,025-244-7847,医療法人社団　鐙会　理事長　大野　隆史,大野　隆史,内　消　小,,平2. 7. 1,ika
診療所,15,0117318,公益財団法人新潟県保健衛生センター　成人病検診センター,新潟市中央区川岸町２丁目１１番１１,025-267-3100,公益財団法人新潟県保健衛生センター　理事長　横山　晶,椎名　真,内　婦　放,,平2. 10. 1,ika
診療所,15,0117342,医療法人社団　丹羽医院,新潟市中央区西堀前通３番町７２２番地,025-222-2871,医療法人社団　丹羽医院　理事長　丹羽　恵子,丹羽　恵子,内　消,,平3. 4. 1,ika
診療所,15,0117540,安宅医院,新潟市中央区関屋大川前１丁目１１番５号,025-266-4653,安宅　龍一郎,安宅　龍一郎,内　胃　小,,平3. 12. 1,ika
診療所,15,0117680,医療法人社団　本田内科医院,新潟市中央区天神尾１丁目５番７号,025-241-1330,医療法人社団　本田内科医院　理事長　本田　正樹,本田　正樹,内　循,,平4. 9. 1,ika
診療所,15,0117714,万代眼科クリニック,新潟市中央区万代１丁目３番７号ＮＤＫ万代ビル　１Ｆ,025-243-1225,金　徳弼,金　徳弼,眼,,平4. 11. 2,ika
診療所,15,0117854,原こども医院,新潟市中央区上所上２丁目１３番１２号,025-285-1115,原　錬太郎,原　錬太郎,小　アレ,,平5. 8. 1,ika
診療所,15,0117946,上村神経科内科医院,新潟市中央区関屋金衛町１丁目１９番地,025-266-1932,上村　諭,上村　諭,精　心内　内,,平5. 9. 19,ika
診療所,15,0117961,医療法人社団　松田眼科医院,新潟市中央区営所通１番町３０８番地３,025-222-2895,医療法人社団　松田眼科医院　理事長　松田　英伸,松田　英伸,一般　眼,,平5. 12. 1,ika
診療所,15,0118142,中島医院,新潟市中央区西堀通３番町２５８番地,025-222-8393,長谷川　晴彦,長谷川　晴彦,内　脳外,,平6. 5. 24,ika
診療所,15,0118217,斎藤内科クリニック,新潟市中央区高志２丁目２０番３号,025-287-5800,斎藤　忠雄,斎藤　忠雄,内,,平6. 11. 7,ika
診療所,15,0118290,医療法人社団　前田内科医院,新潟市中央区曙町３１６０番地４,025-223-4560,医療法人社団　前田内科医院　前田　和夫,前田　和夫,内,,平7. 4. 1,ika
診療所,15,0118373,万代レディースクリニック,新潟市中央区万代１丁目２番３号コープ野村万代２Ｆ,025-245-1735,大野　雅弘,大野　雅弘,婦　内,,平7. 7. 7,ika
診療所,15,0118431,たかはし整形外科医院,新潟市中央区上所上２丁目１３－１４,025-285-1121,医療法人社団　英進会　理事長　高橋　英人,高橋　英人,整外　リハ,,平7. 9. 1,ika
診療所,15,0118498,竹内皮フ科,新潟市中央区上近江４丁目１２番２０号,025-283-6077,医療法人社団　竹内皮フ科　理事長　竹内　誠司,竹内　誠司,皮,,平7. 10. 30,ika
診療所,15,0118571,たむら眼科医院,新潟市中央区笹口３番地１７号ライフコア笹口ビル,025-249-7770,田村　京子,田村　京子,眼,,平8. 6. 10,ika
診療所,15,0118639,川合クリニック,新潟市中央区東大通２－３－２６プレイス新潟３階,025-242-1311,川合　千尋,川合　千尋,消化器内科　外　内,,平8. 10. 1,ika
診療所,15,0118662,清水皮膚科,新潟市中央区天神尾１－１２－１２,025-241-1767,清水　順也,清水　順也,皮,,平8. 11. 1,ika
診療所,15,0118803,鳥居耳鼻咽喉科医院,新潟市中央区一番堀通６９１,025-222-2015,鳥居　俊,鳥居　俊,耳い　アレ,,平9. 4. 1,ika
診療所,15,0118811,根本眼科耳鼻科,新潟市中央区信濃町１１番１０号,025-266-2566,医療法人社団　根本医院　理事長　根本　大志,根本　大志,眼　耳い,,平9. 4. 1,ika
診療所,15,0118944,わかばやし内科クリニック,新潟市中央区米山５丁目９－１３,025-240-5201,若林　昌哉,若林　昌哉,内　呼　アレ　消　循,,平9. 10. 1,ika
診療所,15,0118985,医療法人社団　朋有会　堀川内科・神経内科医院,新潟市中央区浜浦町１丁目１８１番地３,025-266-3770,医療法人社団　朋有会　理事長　今野　卓哉,今野　卓哉,内　神内　放　循,,平9. 12. 20,ika
診療所,15,0120031,新潟県庁医務室,新潟市中央区新光町４番地１,025-285-5511,新潟県　新潟県知事　花角　英世,前田　一樹,内,,平10. 4. 1,ika
診療所,15,0120163,エンゼルマザークリニック,新潟市中央区出来島１丁目５番１５号,025-281-1103,医療法人社団　幸羽会　理事長　大桃　幸夫,大桃　幸夫,一般　産婦,,平10. 9. 1,ika
診療所,15,0120205,よいこの小児科さとう,新潟市中央区神道寺１丁目５番４７号,025-242-2525,医療法人社団　よいこの小児科さとう　理事長　佐藤　勇,佐藤　勇,小　アレ　循,,平10. 9. 1,ika
診療所,15,0120379,内科　長谷川医院,新潟市中央区紫竹１丁目１９ー２,025-240-8480,長谷川　明,長谷川　明,内　呼　アレ　リウ　循,,平11. 7. 22,ika
診療所,15,0120627,医療法人社団　かつみ整形外科医院,新潟市中央区鳥屋野１丁目２７番１２号,025-282-3366,医療法人社団　かつみ整形外科医院　理事長　勝見　裕,勝見　裕,整外　リハ,,平12. 11. 1,ika
診療所,15,0120635,医療法人社団　佐藤神経内科クリニック,新潟市中央区西堀通６番町８７７,025-228-1808,医療法人社団　佐藤神経内科クリニック　理事長　佐藤　修三,佐藤　修三,神内　内,,平12. 11. 13,ika
診療所,15,0120833,もり眼科医院,新潟市中央区幸西１ー５ー２０　メゾン八千代１Ｆ,025-290-2877,森　由実,森　由実,眼,,平12. 12. 1,ika
診療所,15,0120874,内科消化器科循環器科小児科アレルギー科放射線科　黒川医院,新潟市中央区礎町通上一ノ町１９２０,025-223-4727,黒川　香,黒川　香,内　消　循　小　放　アレ,,平13. 4. 1,ika
診療所,15,0120890,尾崎クリニック,新潟市中央区水島町３番１９号,025-243-1101,医療法人社団　尾崎クリニック　理事長　神田　美穂,神田　美穂,内　消化器内科,,平13. 4. 1,ika
診療所,15,0120916,野中内科医院,新潟市中央区沼垂西１丁目８番５号,025-246-3513,医療法人社団　野中内科医院　理事長　野中　麗永,野中　麗永,内　循,,平13. 4. 1,ika
診療所,15,0120924,かわちクリニック,新潟市中央区花園１丁目４番３号　アパガーデンプレイス新潟駅２０２号,025-248-1030,河内　博子,河内　博子,小　心内　精,,平13. 4. 2,ika
診療所,15,0120957,かわうちクリニック,新潟市中央区女池６丁目１番５号　女池桜木ビル２Ｆ,025-283-7800,河内　卓,河内　卓,麻　内　リウ　リハ,,平13. 4. 6,ika
診療所,15,0120981,ワシオ皮フ科,新潟市中央区笹口３丁目１６－２６,025-247-7771,医療法人社団　愛成医会　理事長　佐藤　かおる,佐藤　かおる,皮,,平13. 5. 14,ika
診療所,15,0121013,遠藤胃腸科内科医院,新潟市中央区南笹口１丁目４番１１号,025-245-1388,滝澤　英昭,滝澤　英昭,胃　内,,平13. 9. 1,ika
診療所,15,0121070,高橋整形外科,新潟市中央区学校町通３番町５３７番地１,025-267-2051,医療法人社団　高橋整形外科　理事長　高橋　栄一,高橋　栄一,整外　リハ　リウ,,平13. 10. 1,ika
診療所,15,0121153,小山神経内科・内科クリニック,新潟市中央区学校町通２番町５３０８－１,025-226-0010,小山　晃,小山　晃,神内　内,,平14. 6. 1,ika
診療所,15,0121187,新潟県健康づくり・スポーツ医科学センター,新潟市中央区清五郎６７番地１２,025-287-8806,新潟県　新潟県知事　花角　英世,大森　豪,内　整外　リハ,,平14. 8. 1,ika
診療所,15,0121203,秋田内科放射線科クリニック,新潟市中央区出来島１－６－１　メディカルビル県庁前,025-281-1050,医療法人社団　真由医会　理事長　秋田　眞一,秋田　眞一,内　放,,平14. 9. 1,ika
病院,15,0121237,総合リハビリテーションセンター・みどり病院,新潟市中央区神道寺２丁目５番１号,025-244-0080,医療法人　新成医会　理事長　渡邉　毅,成瀬　聡,一般　療養　内　循　消　脳内　リハ　整外　呼吸器内科,201,平14. 10. 1,ika
診療所,15,0121328,ほんま整形外科,新潟市中央区蒲原町２番２５号,025-290-3535,本間　政文,本間　政文,整外　リハ,,平15. 4. 24,ika
診療所,15,0121369,おくむら整形外科,新潟市中央区米山五丁目９番１２号,025-248-8000,医療法人社団　おくむら整形外科　理事長　奥村　博,奥村　博,整外　リハ,,平15. 4. 1,ika
診療所,15,0121377,森田整形外科医院,新潟市中央区関屋昭和町３－１５２,025-266-2647,森田　佳明,森田　佳明,整外,,平15. 3. 14,ika
診療所,15,0121443,とくなが女性クリニック,新潟市中央区長潟８３７番地１,025-286-4103,医療法人　とくなが女性クリニック　理事長　徳永　英樹,徳永　昭輝,一般　産　婦,,平15. 10. 1,ika
診療所,15,0121450,たきい耳鼻科クリニック,新潟市中央区関新１丁目８番２４号,025-201-1333,瀧井　尚子,瀧井　尚子,耳い,,平15. 10. 16,ika
診療所,15,0121468,はやつ医院,新潟市中央区山二ツ１３８５番地,025-257-7300,早津　和則,早津　和則,整外　リハ　麻　内,,平15. 10. 10,ika
診療所,15,0121484,新潟県精神保健福祉センター,新潟市中央区上所２丁目２番３号,025-280-0111,新潟県　新潟県知事　花角　英世,堀井　淳一,精,,平16. 3. 8,ika
診療所,15,0121492,阿部・島本小児科内科医院,新潟市中央区関屋本村町２－２２４,025-266-0295,島本　由紀子,島本　由紀子,小　内　アレ,,平16. 1. 30,ika
診療所,15,0121625,寒河江眼科クリニック,新潟市中央区姥ケ山５丁目４番１３号,025-287-6363,寒河江　豊,寒河江　豊,眼,,平16. 7. 1,ika
診療所,15,0121666,たけうち小児クリニック,新潟市中央区鐙２－１４－３２,025-242-1711,竹内　菊博,竹内　菊博,小　アレ,,平16. 9. 17,ika
診療所,15,0121716,山東第二医院,新潟市中央区紫竹山１丁目３番２５号,025-248-3710,医療法人社団　山東医院　理事長　惠　以盛,惠　以盛,内,,平16. 10. 1,ika
診療所,15,0123357,新潟メンタルクリニック,新潟市中央区米山１－２４　新潟駅南センタ－ビル１Ｆ,025-255-1556,熊谷　敬一,熊谷　敬一,精　神　心内　神内,,平17. 4. 20,ika
診療所,15,0123381,医療法人社団　小林医院,新潟市中央区西堀前通６－８９７,025-227-3737,医療法人社団　小林医院　理事長　小林　晋一,小林　晋一,内　放,,平17. 4. 1,ika
診療所,15,0123407,医療法人社団　ロイヤルハートクリニック,新潟市中央区天神尾１丁目１７番５号,025-244-1122,医療法人社団　ロイヤルハートクリニック　理事長　山本　泰明,山脇　芳,一般　産　婦,,平17. 5. 1,ika
診療所,15,0123480,医療法人　信眼会　松本眼科,新潟市中央区笹口２丁目１番地１２,025-246-2222,医療法人　信眼会　理事長　信田　和男,中山　徹,眼,,平17. 9. 1,ika
診療所,15,0123696,きくち内科医院,新潟市中央区女池４丁目１９番２号,025-281-5611,菊池　正俊,菊池　正俊,内　循　リウ　アレ,,平17. 10. 11,ika
診療所,15,0123704,医療法人　びとく整形外科クリニック,新潟市中央区本町通６番町１１３４番地,025-225-6077,医療法人びとく整形外科クリニック　高橋　美徳,高橋　美徳,整外　リハ　リウ,,平17. 10. 1,ika
診療所,15,0123811,新井内科・消化器科クリニック,新潟市中央区川岸町２丁目８－２,025-378-2611,新井　太,新井　太,内　消,,平18. 2. 3,ika
診療所,15,0123852,消化器科・内科　やなぎさわクリニック,新潟市中央区長潟２丁目３番１号,,柳澤　善計,柳澤　善計,消　内,,平18. 4. 18,ika
診療所,15,0123951,松井女性クリニック,新潟市中央区西堀前通６番町８９９番地,025-222-7878,医療法人社団　千祐会　理事長　松井　上子,松井　上子,産婦,,平18. 4. 1,ika
診療所,15,0124009,かわさきこどもクリニック,新潟市中央区女池４丁目１９番１０号,025-281-8700,医療法人社団　かわさきこどもクリニック　理事長　川﨑　也,川﨑　也,小　アレ,,平18. 4. 1,ika
診療所,15,0124033,山口眼科医院,新潟市中央区上所１－１－２４エヌビル１Ｆ,025-240-4146,山口　雅之,山口　雅之,一般　眼,,平18. 3. 1,ika
診療所,15,0124066,一般社団法人　新潟県労働衛生医学協会　附属新潟ブレスト検診センター,新潟市中央区川岸町１丁目３９番地の５,025-234-3737,一般社団法人　新潟県労働衛生医学協会　会長　佐藤　幸示,諸田　哲也,外　放,,平18. 5. 11,ika
診療所,15,0124173,医療法人社団　井上内科医院,新潟市中央区女池上山５－３－５,025-281-1200,医療法人社団　井上内科医院　理事長　井上　正則,井上　正則,内　小　消化器内科　糖尿病・代謝内科,,平18. 9. 20,ika
診療所,15,0124231,せきやクリニック,新潟市中央区有明大橋町７－３－１,025-234-3337,島田　正久,島田　正久,内　皮,,平18. 10. 10,ika
診療所,15,0124348,大橋みなこキッズクリニック,新潟市中央区川岸町２丁目８番１７号,025-234-0084,医療法人　大橋みなこキッズクリニック　理事長　大橋　美奈子,大橋　美奈子,小　アレ,,平19. 4. 1,ika
診療所,15,0124355,鈴木耳鼻咽喉科医院,新潟市中央区女池６丁目５番３７号,025-281-1187,医療法人社団　鈴木耳鼻咽喉科医院　理事長　鈴木　正治,鈴木　正治,耳い　アレ,,平19. 4. 1,ika
診療所,15,0124371,きしもと医院,新潟市中央区大島１７２番地６５,025-290-0055,医療法人社団　きしもと医院　理事長　岸本　道美,岸本　道美,内　呼内　アレ,,平19. 4. 1,ika
診療所,15,0124496,ひぐち耳鼻科クリニック,新潟市中央区鐙西１丁目１２番１２号,025-240-1122,樋口　豊,樋口　豊,耳い　アレ,,平19. 6. 27,ika
診療所,15,0124512,野本真由美スキンケアクリニック,新潟市中央区万代１丁目３番７号ＮＤＫ万代ビル２階,025-247-8800,医療法人社団　素馨会　理事長　野本　重敏,清水　純子,美容皮膚科　漢方皮膚科　アレ,,平19. 6. 1,ika
診療所,15,0124561,新潟市こころの健康センター,新潟市中央区川岸町１丁目５７番地１,025-232-5560,新潟市　新潟市長　中原　八一,福島　昇,精,,平19. 9. 1,ika
診療所,15,0124637,医療法人社団　箕輪医院　東堀内科放射線科クリニック,新潟市中央区東堀通１２番町２８１０番地,025-228-2828,医療法人社団　箕輪医院　理事長　箕輪　興仁,箕輪　興仁,内　消　放,,平19. 11. 7,ika
病院,15,0124652,新潟市民病院,新潟市中央区鐘木４６３番地７,025-281-5151,新潟市　新潟市長　中原　八一,五十嵐　修一,一般　一般（感染）　精神　内　血液内科　内分泌・代謝内科　感染症内科　腎臓・リウマチ科　脳内　呼内　腫瘍内科　緩和ケア内科　新生児内科　乳腺外科　消化器内科　消化器外科　循環器内科　精　小　心外　呼外　整外　リハ　脳外　小外　形外　皮　ひ　産　婦　眼　耳い　麻　ペインクリニック外科　救急科　放射線治療科　放射線診断科　病理,660,平19. 11. 1,ika
診療所,15,0124660,笹出線　近江眼科　近江皮膚科,新潟市中央区上近江２丁目１番３３号,025-280-1241,山本　洋子,山本　洋子,眼　皮　アレ,,平19. 11. 7,ika
診療所,15,0124678,おひさま・こどもクリニック,新潟市中央区女池上山２丁目１４番３０号,025-290-0130,冠木　直之,冠木　直之,小　アレ,,平19. 11. 1,ika
病院,15,0124868,猫山宮尾病院,新潟市中央区湖南１４番地７,025-282-2323,医療法人　宮仁会　理事長　黒木　奈月,坂越　大悟,一般　整外　内　リハ,,平20. 11. 1,ika
診療所,15,0124876,本町ふるまち耳鼻科,新潟市中央区上大川前通６番町１２１２－１,025-210-8520,佐藤　斎,佐藤　斎,耳い,,平20. 11. 1,ika
診療所,15,0124959,鈴木内科小児科医院,新潟市中央区関屋本村町１丁目１４７番地,025-266-1917,医療法人社団　関鈴会　理事長　鈴木　紀夫,鈴木　紀夫,内　小,,平21. 4. 1,ika
診療所,15,0124967,新潟市急患診療センター,新潟市中央区紫竹山３丁目３番１１号,025-240-4131,新潟市　新潟市長　中原　八一,岡田　潔,内　小　整外　耳い　産婦　脳外　眼,,平21. 4. 1,ika
診療所,15,0124975,万代こころのクリニック,新潟市中央区東大通１丁目１番１号,025-244-7200,医療法人　万代こころのクリニック　理事長　中村　守也,中村　守也,心内　精　神,,平21. 4. 1,ika
診療所,15,0124983,社会医療法人新潟勤労者医療協会　舟江診療所,新潟市中央区入船町３丁目３６２９番地１,025-229-3588,社会医療法人　新潟勤労者医療協会　理事長　五十嵐　修,小林　あかね,内,,平21. 4. 1,ika
診療所,15,0125030,関屋田町クリニック,新潟市中央区関屋田町１丁目６番地２,025-266-7722,医療法人社団　恒心会　理事長　林　浩司,林　恒美,内　神内,,平21. 4. 1,ika
診療所,15,0125055,新潟市医師会メジカルセンター,新潟市中央区紫竹山３丁目３番１１号,025-240-4134,一般社団法人　新潟市医師会　会長　岡田　潔,岡田　潔,内　循　小　放,,平21. 4. 1,ika
診療所,15,0125063,植木外科医院,新潟市中央区東大通２丁目１０番２６号,025-241-5553,医療法人社団　植木外科医院　理事長　植木　秀任,植木　秀任,外　整外,,平21. 5. 1,ika
診療所,15,0125196,なのはな皮膚科医院,新潟市中央区姥ケ山５丁目１４番３６号,025-287-7786,野本　浩生,野本　浩生,皮,,平21. 10. 8,ika
診療所,15,0125261,にわやまハートクリニック,新潟市中央区米山１丁目２４番地,,庭山　正信,庭山　正信,内,,平22. 3. 1,ika
診療所,15,0125295,こん整形外科クリニック,新潟市中央区紫竹山２丁目４番３０号,025-241-0123,医療法人社団　ＫＯＳＭＩ　理事長　近　良明,近　良明,整外　リハ,,平22. 4. 1,ika
診療所,15,0125386,本町いとう内科クリニック,新潟市中央区本町通６番町１１０８－１ぷらっと本町ビル３Ｆ,025-222-4181,伊藤　実,伊藤　実,内　アレ　呼内,,平22. 7. 1,ika
診療所,15,0125402,けやき通りクリニック,新潟市中央区米山１丁目９番地３０,025-243-0811,医療法人社団　けやき通りクリニック　理事長　遠藤　耕太郎,遠藤　耕太郎,脳内　内,,平22. 7. 1,ika
診療所,15,0125428,万代内科クリニック,新潟市中央区万代４丁目１番１号Ｂ４ビル３階,025-244-0600,医療法人社団　万代内科クリニック　理事長　宗田　聡,宗田　聡,内　糖尿病内科,,平22. 9. 1,ika
診療所,15,0125444,県庁前神経内科クリニック,新潟市中央区出来島１丁目５番５２号,025-282-2266,医療法人　潤生会　理事長　近藤　浩,小林　央,脳内　内　リハ,,平22. 10. 1,ika
診療所,15,0125469,在宅ケアクリニック川岸町,新潟市中央区川岸町２丁目１１番１４号福新ビル２階,025-232-8880,医療法人社団　在宅ケアクリニック川岸町　理事長　塚田　裕子,塚田　裕子,内　緩和ケア内科,,平22. 11. 1,ika
診療所,15,0125527,ひろさわ内科医院,新潟市中央区東湊町通一ノ町２５４５番地２４,025-225-8880,医療法人　ひろさわ内科医院　理事長　廣澤　利幸,廣澤　利幸,内　呼内,,平23. 4. 1,ika
診療所,15,0125592,東大通内科クリニック,新潟市中央区東大通一丁目８番１０号医療福祉ビル２Ｆ,025-249-8555,社会福祉法人　新潟慈恵会　理事長　荒井　敏子,荒井　康弘,内　糖尿病内科,,平23. 5. 10,ika
診療所,15,0125667,小林医院,新潟市中央区沼垂東２丁目２番１５号,025-244-7501,医療法人社団　沼垂小林医院　理事長　小林　弘之,小林　弘之,内,,平23. 9. 1,ika
診療所,15,0125675,医療法人社団　悠和会　桶谷耳鼻科クリニック,新潟市中央区古町通１０番町１７１１番地３,025-222-7826,医療法人社団　悠和会　理事長　本間　悠介,本間　悠介,耳い,,平23. 9. 1,ika
診療所,15,0125709,ラサ内科皮膚科クリニック,新潟市中央区南笹口１丁目１番３０号アメ二ティオアシス駅南　１Ｆ,025-247-3811,医療法人　ラサ内科皮膚科クリニック　理事長　諸橋　弘子,諸橋　弘子,内　皮,,平23. 10. 1,ika
診療所,15,0125717,羽賀心臓血管外科クリニック,新潟市中央区天神１丁目１２番地７　ＬＥＸＮ１　２階,025-244-5539,医療法人　羽賀心臓血管外科クリニック　理事長　羽賀　学,羽賀　学,心外　内,,平23. 10. 1,ika
診療所,15,0125758,明元堂眼科医院,新潟市中央区上大川前通９－１２７９番地,025-222-5222,広田　美恵,広田　美恵,眼,,平24. 1. 1,ika
診療所,15,0125790,やまもと形成外科クリニック,新潟市中央区本町通７番町１０８５,025-223-2926,医療法人社団光真　理事長　山本　光宏,山本　光宏,形外　美外,,平24. 2. 1,ika
診療所,15,0125816,本町皮膚科,新潟市中央区本町通６番町１１０８番１ぷらっと本町ビル２階,025-222-0515,医療法人　穰全會　理事長　渡邊　力夫,渡邊　力夫,皮　アレ,,平24. 5. 1,ika
診療所,15,0125899,おのクリニック,新潟市中央区笹口３番２１号,025-290-3131,医療法人社団　脳外科・神経内科おのクリニック　理事長　小野　晃嗣,小野　晃嗣,脳外　脳外科　神内,,平24. 10. 1,ika
診療所,15,0125998,新潟中央透析クリニック,新潟市中央区柳島町３丁目１８番地７,025-222-1185,医療法人社団　葵会　理事長　新谷　幸義,田辺　理子,内　人工透析内科,,平25. 4. 1,ika
診療所,15,0126079,おがた医院,新潟市中央区堀割町３番３号,025-266-4702,小形　雅子,小形　雅子,麻　外　整外　皮,,平25. 10. 1,ika
診療所,15,0126095,あべ内科クリニック,新潟市中央区小張木二丁目１３番３０号,025-283-4766,医療法人社団　阿部医院　理事長　阿部　晃,阿部　晃,内　循環器内科　糖尿病内科,,平25. 11. 22,ika
診療所,15,0126160,ふるしまクリニック,新潟市中央区姥ケ山５丁目６－２０,025-257-7070,古嶋　博司,古嶋　博司,内,,平26. 4. 22,ika
診療所,15,0126178,新潟こころの発達クリニック,新潟市中央区湖南２１番地５,025-281-3556,医療法人　志靖会　理事長　遠藤　太郎,遠藤　太郎,精　児童精神科　心内,,平26. 5. 1,ika
診療所,15,0126186,さくら皮膚科医院,新潟市中央区万代３丁目１番１号新潟日報メディアシップ３Ｆ,025-245-1000,医療法人　さくら皮膚科医院　理事長　西條　忍,西條　忍,皮　アレ,,平26. 5. 1,ika
診療所,15,0126194,てらしま外科・内科クリニック,新潟市中央区万代３丁目１－１新潟日報メディアシップ３Ｆ,025-246-1800,寺島　哲郎,寺島　哲郎,外　内,,平26. 5. 1,ika
診療所,15,0126236,プラーカ中村クリニック,新潟市中央区笹口１丁目１番地,025-240-0426,医療法人社団　五惠会　理事長　中村　茂樹,中村　隆人,内　消化器内科　肛門外科　乳腺外科,,平26. 5. 1,ika
診療所,15,0126277,大滝耳鼻科クリニック,新潟市中央区長潟１２０４番地４,025-287-1831,医療法人社団　一健市康会　理事長　大滝　一,大滝　一,耳い,,平26. 8. 18,ika
診療所,15,0126327,日之出医院,新潟市中央区日の出１－９－１４,025-244-3990,相澤　雅美,相澤　雅美,内　小,,平26. 11. 16,ika
病院,15,0126368,社会医療法人新潟臨港保健会　新潟万代病院,新潟市中央区八千代２丁目２番８号,025-244-4700,社会医療法人新潟臨港保健会　理事長　湊　泉,宮坂　大,一般　内　整外　外　婦　リハ　心外,,平27. 4. 1,ika
診療所,15,0126400,ぷらっと本町クリニック,新潟市中央区本町通６番町１１０８－１ぷらっと本町ビル４階,025-222-1241,医療法人社団　清徳会　理事長　朴　載廣,朴　載廣,消化器内科　内,,平27. 9. 1,ika
診療所,15,0126418,さかつめ内科,新潟市中央区文京町２７番３０号,025-234-7217,坂爪　実,坂爪　実,内,,平27. 9. 1,ika
診療所,15,0126483,新潟健診プラザ,新潟市中央区紫竹山２丁目６番１０号,025-245-1111,一般財団法人　新潟県けんこう財団　理事長　入澤　孝昌,石原　清,内　放　婦,,平28. 4. 1,ika
診療所,15,0126491,めいけ眼科クリニック,新潟市中央区女池６－４－６１,025-281-4146,須田　生英子,須田　生英子,眼,,平28. 4. 1,ika
診療所,15,0126616,本町眼科,新潟市中央区本町通六番町１１０３番地,025-226-6000,医療法人　ＡＩ　ＭＥＤＩＣＡＬ　理事長　井海　雄介,井海　雄介,眼,,平28. 10. 1,ika
診療所,15,0126624,中新潟クリニック,新潟市中央区本町通７番町１１４６ＭＹ’ｓ本町ビル３ＦＤ,025-222-7545,医療法人社団　医心会　中新潟クリニック　理事長　伊藤　一寿,伊藤　一寿,内　呼内,,平28. 9. 1,ika
診療所,15,0126640,祥慶会　渡辺記念クリニック,新潟市中央区上大川前通８－１２９１,025-228-5235,医療法人社団　祥慶会　渡辺記念クリニック　理事長　渡辺　博,渡辺　博,一般　産　婦　内　麻,,平28. 10. 3,ika
診療所,15,0126657,医療法人社団　広域白報会　にいがた在宅診療所,新潟市中央区東大通２－５－１カープ新潟ビル４Ｆ,025-247-1221,医療法人社団　広域白報会　理事長　白　昌善,和田　理澄,内　皮　精　小,,平28. 10. 1,ika
診療所,15,0126665,杉村クリニック,新潟市中央区新和一丁目３番２９号,025-385-7580,医療法人社団　杉村クリニック　理事長　杉村　一仁,杉村　一仁,消化器内科　内,,平28. 10. 1,ika
診療所,15,0126681,古町心療クリニック,新潟市中央区西堀前通六番町９０９番地,025-224-7771,医療法人社団　北辰会　理事長　村竹　辰之,村竹　辰之,精　心内,,平28. 12. 20,ika
診療所,15,0126772,ＲＩＫＡ皮膚科・形成外科クリニック,新潟市中央区女池上山２丁目８番２８号,025-290-7880,医療法人　ＬＡ　ＰＥＲＬＥ　理事長　齋藤　利香,齋藤　利香,形外　皮　美容皮膚科,,平29. 5. 1,ika
診療所,15,0126780,有明台整形外科,新潟市中央区堀割町２番６号,025-234-0510,小林　辰次,小林　辰次,整外　リハ,,平29. 6. 1,ika
診療所,15,0126806,筒井内科クリニック,新潟市中央区白山浦二丁目６４６番地９７,025-234-2511,医療法人社団　清哉会　理事長　宮腰　将史,宮腰　将史,内,,平29. 7. 1,ika
診療所,15,0126814,新潟眼科クリニック,新潟市中央区西堀通６番町８６６番地ＮＥＸＴ２１　１階・地下１階,025-224-8040,医療法人社団　愛眼会　理事長　長谷川　茂,長谷川　茂,眼,,平29. 8. 10,ika
診療所,15,0126855,ながたクリニック,新潟市中央区長潟１２０５番地４,025-282-7010,伊藤　拓緯,伊藤　拓緯,整外　皮　リハ,,平29. 10. 1,ika
診療所,15,0126863,ネクストスキンケアクリニック,新潟市中央区西堀通六番町８６６番地ネクスト２１　１階,025-378-2110,小川　真有美,小川　真有美,皮　麻,,平29. 11. 1,ika
診療所,15,0126871,こなん内科クリニック,新潟市中央区湖南２９番地１,025-283-1181,医療法人社団　篤心会　理事長　前田　恒治,前田　恒治,内　呼内　アレ,,平29. 11. 1,ika
診療所,15,0126889,近江わたなべクリニック,新潟市中央区近江３丁目５番５号,025-250-7656,渡辺　律雄,渡辺　律雄,内　循環器内科,,平30. 5. 1,ika
診療所,15,0126921,宮尾耳鼻咽喉科クリニック,新潟市中央区女池上山５丁目９番９号,025-288-2233,医療法人社団宮尾耳鼻咽喉科クリニック　理事長　宮尾　益道,宮尾　益道,耳い　アレ,,平30. 5. 1,ika
診療所,15,0126988,舞平クリニック,新潟市中央区大島１９５番地,025-282-7222,医療法人悠生会　理事長　近藤　大介,近藤　大介,内　腎臓内科　人工透析内科　リウ,,平30. 10. 1,ika
診療所,15,0126996,にいがたみなみ　めいけクリニック,新潟市中央区女池神明１丁目７番地８,025-284-7818,医療法人恒仁会　理事長　渡部　透,横山　明裕,内　呼内　リハ　循環器内科　血液内科,,平30. 12. 1,ika
病院,15,0127002,新潟南病院,新潟市中央区鳥屋野２００７番地６,025-284-2511,医療法人　恒仁会　理事長　渡部　透,渡部　裕,一般　内　呼内　神内　リハ　小　外　眼　整外　ひ　心外　皮　歯　循環器内科　血液内科　糖尿病内科　内分泌内科　消化器内科　肛門外科　婦,177,平30. 11. 1,ika
診療所,15,0127051,あじさい耳鼻科・アレルギー科クリニック,新潟市中央区東万代町９番３８号,025-240-3500,髙橋　淑子,髙橋　淑子,耳い　小児耳鼻いんこう科　アレ,,令元. 6. 1,ika
診療所,15,0127101,ＡＲＴクリニック白山,新潟市中央区白山浦２丁目２０番地１,025-378-3065,医療法人社団　千修会　理事長　荒川　修,荒川　修,産婦,,令元. 7. 1,ika
診療所,15,0127127,村山内科,新潟市中央区万代１－１－３２プリオール万代４階,025-243-0088,村山　悟,村山　悟,内,,令元. 7. 1,ika
診療所,15,0127184,おかむら内科下町クリニック,新潟市中央区田町１丁目３２３９番地１,025-226-7712,医療法人社団ＫＯＭ　理事長　岡村　和気,岡村　和気,内　循環器内科,,令元. 10. 1,ika
診療所,15,0127226,脳神経内科・内科むさしクリニック,新潟市中央区白山浦二丁目２０番地１,025-378-1520,医療法人社団　千修会　理事長　荒川　修,荒川　武蔵,脳内　内,,令2. 4. 1,ika
診療所,15,0127275,とやのメンタルクリニック,新潟市中央区網川原２－１０－２８,025-288-3820,新藤　雅延,新藤　雅延,心内　精　内,,令2. 5. 1,ika
診療所,15,0127333,あおぞら眼科,新潟市中央区女池上山２丁目１４番２２号,025-283-1010,青栁　摩弥,青栁　摩弥,眼　小児眼科,,令2. 7. 1,ika
診療所,15,0127358,にいがた乳腺クリニック,新潟市中央区女池上山２丁目１４－２１,025-278-8181,長谷川　美樹,長谷川　美樹,乳腺外科,,令2. 8. 1,ika
診療所,15,0127366,古町ルフル消化器内科クリニック,新潟市中央区古町通７番町１０１０番,025-228-5550,医療法人社団　薫桜会　理事長　鈴木　東,鈴木　東,消　内　小,,令2. 11. 1,ika
診療所,15,0127382,みらいクリニック南笹口,新潟市中央区南笹口二丁目５番１７号,025-240-1131,医療法人社団　みらいクリニック　理事長　岡島　正明,岡島　正明,内　呼吸器内科　アレ　小　精,,令3. 2. 1,ika
診療所,15,0127390,にいがたセントラル泌尿器科,新潟市中央区上所３丁目１０番６５号マルシェコートＡ　２階,025-282-7595,金子　公亮,金子　公亮,ひ,,令3. 3. 1,ika
診療所,15,0127424,すぎうら内科医院,新潟市中央区上所中３丁目１４－１３上所メディカルセンター１Ｆ,025-288-6963,杉浦　広隆,杉浦　広隆,内　循環器内科　心臓血管内科　放,,令3. 4. 1,ika
診療所,15,0127523,小山医院,新潟市中央区横七番町通二丁目４９７５番地,025-222-5206,小山　右人,小山　右人,内　ひ,,令3. 3. 14,ika
診療所,15,0127531,くわな内科クリニック,新潟市中央区有明大橋町３－３０,025-232-1700,桑名　謙治,桑名　謙治,内　消化器内科　呼内　循環器内科　アレ,,令3. 8. 24,ika
診療所,15,0127549,ミアグレースクリニック新潟,新潟市中央区東万代町９－３８ロイヤルパークスＥＲ万代１階,025-246-1122,医療法人社団　恵和会　理事長　茅原　誠,茅原　誠,婦　産婦人科（生殖医療）,,令3. 11. 1,ika
診療所,15,0127572,紫竹山つちだ眼科,新潟市中央区紫竹山２丁目４番３１号,025-250-0801,土田　宏嗣,土田　宏嗣,眼,,令4. 4. 1,ika
診療所,15,0127580,万代メディカルクリニック,新潟市中央区万代一丁目３番３０号万代シテイホテルビル２Ｆ,025-241-5005,茂木　崇治,茂木　崇治,内　精　心内　呼内　脳内　アレ　小　消　婦　循,,令4. 4. 18,ika
診療所,15,0127622,あずみクリニック,新潟市中央区鳥屋野二丁目５番２３号,025-288-1211,医療法人社団　信生会　理事長　佐藤　弥生,安住　基,内　消化器内科,,令4. 5. 1,ika
診療所,15,0127630,もたい内科クリニック,新潟市中央区紫竹山１丁目７番５号,025-240-5050,罇　陽介,罇　陽介,内　消化器内科,,令4. 5. 1,ika
診療所,15,0127663,こばやし内科クリニック,新潟市中央区紫竹山６－２－２６,025-246-5600,医療法人社団やまと日高見会　理事長　小林　義昭,小林　義昭,内　呼内　アレ　老年内科　歯,,令4. 5. 1,ika
診療所,15,0127788,しむら皮膚科クリニック,新潟市中央区天神尾１－１１－１１,025-248-2000,医療法人　しむら皮膚科クリニック　理事長　志村　英樹,志村　英樹,皮　形外　美容皮膚科　血管外科,,令5. 1. 6,ika
診療所,15,0127838,いしおか耳鼻咽喉科クリニック,新潟市中央区天神尾１丁目１６番９号,025-240-3050,医療法人社団　白雪会　理事長　石岡　孝二郎,石岡　孝二郎,耳い　アレ,,令5. 6. 1,ika
診療所,15,0127846,奈良心療クリニック,新潟市中央区笹口１丁目１番地新潟プラーカ１　２階,025-240-7977,医療法人社団　啓悠会　理事長　奈良　康,奈良　康,心内　精,,令5. 8. 1,ika
診療所,15,0127887,おおつかこどもクリニック,新潟市中央区近江３－１－４５,025-283-0025,医療法人　彩佑会　理事長　大塚　岳人,大塚　岳人,小　アレ　小児感染症内科,,令5. 11. 1,ika
診療所,15,0127895,岡田整形外科,新潟市中央区天神尾２丁目１１番２号,025-241-8608,医療法人社団岡田整形外科　理事長　岡田　洋和,岡田　洋和,整外　リハ,,令5. 11. 6,ika
診療所,15,0127911,しんメンタルクリニック,新潟市中央区米山５丁目９－１１,025-212-2100,上馬塲　伸始,上馬塲　伸始,心内　精,,令6. 1. 1,ika
診療所,15,0127937,かみところ女性クリニック,新潟市中央区上所中１丁目１２番１４号,025-283-6611,能仲　太郎,能仲　太郎,産婦,,令6. 4. 1,ika
診療所,15,0127960,新潟駅前ストレスケアクリニック,新潟市中央区花園一丁目２番１号フォーサイト花園　６階,025-384-8832,医療法人敬愛会　理事長　鈴木　雄太郎,鈴木　雄太郎,心内　精,,令6. 5. 1,ika
診療所,15,0127994,白山クリニック,新潟市中央区医学町通二番町１１番地ＳＨＩＮＡＮＯビル２階,025-227-1308,小林　真理,小林　真理,精　心内,,令6. 4. 1,ika
診療所,15,0128018,耳鼻咽喉科　福田医院,新潟市中央区沼垂西２－５－１５,025-244-6367,福田　泰,福田　泰,耳い　アレ,,令6. 4. 1,ika
診療所,15,0128026,にいがた脳神経クリニック,新潟市中央区女池６丁目４番６４号,025-288-0555,医療法人社団杏泉堂　理事長　本間　順平,本間　順平,脳外　脳内　内,,令6. 6. 1,ika
診療所,15,0128059,東幸クリニック　内科・外科,新潟市中央区東幸町４番１０号ダイアパレスロイヤルシティ東幸町　東棟　１Ｆ,025-256-8770,森本　悠太,森本　悠太,内　外　消化器内科　消化器外科　肛門科,,令6. 10. 1,ika
診療所,15,0128075,できじまクリニック,新潟市中央区上近江４丁目７番１号,025-282-7303,田嶋　淳哉,田嶋　淳哉,内　救命,,令6. 11. 1,ika
診療所,15,0128083,萬代整形外科クリニック,新潟市中央区万代１丁目１番３２号プリオール万代５０１号,025-243-8411,谷澤　龍彦,谷澤　龍彦,整外　リウ,,令7. 4. 1,ika
診療所,15,0128109,西堀七番町クリニック,新潟市中央区西堀通７番町１５５５番地日生不動産西堀ビル２－Ａ,025-250-7131,小松　健,小松　健,内　小　皮,,令6. 12. 1,ika
診療所,15,0128117,りゅうとこどもクリニック,新潟市中央区長潟８３４番地４,025-250-6106,川島　英志,川島　英志,小,,令7. 5. 1,ika
診療所,15,0128182,新潟ときめどホームクリニック,新潟市中央区紫竹山一丁目２番５号　ＴＭビル３階Ａ号,025-282-7101,医療法人修志会　理事長　西田　雄介,大山　俊之,内　緩和ケア内科　小　小児外科　整外　皮　精,,令7. 8. 1,ika
診療所,15,0128216,あおばクリニック新潟院,新潟市中央区東大通一丁目４番１号　マルタケビル７階,025-242-0890,医療法人社団あおばクリニック　理事長　丸本　桂三,久連山　英明,眼　美容皮膚科,,令7. 7. 1,ika
診療所,15,0128224,リベルテクリニック,新潟市中央区花園１－２－２　コープシティ花園ガレッソ２０５号室,070-3222-2833,野村　裕,野村　裕,皮　美容皮膚科,,令7. 8. 1,ika
診療所,15,0128281,おやまつクリニック,新潟市中央区川岸町２丁目８番地２,025-374-0333,親松　宏,親松　宏,形外　皮　美容皮膚科　美外,,令8. 4. 1,ika
診療所,15,0128299,医療法人社団　惠洋会　ハートリー在宅クリニック新潟中央,新潟市中央区東万代町９－３８ロイヤルパークスＥＲ万代　１階,025-278-7852,医療法人社団　惠洋会　　理事長　服部　達也,中村　制士,内　皮,,令7. 12. 1,ika
診療所,15,0128331,りゅーとメディカル　腎・泌尿器科,新潟市中央区上大川前通５番町６０番地２７,025-227-7000,山名　一寿,山名　一寿,ひ,,令8. 5. 1,ika
診療所,15,0128364,新潟よしだ眼科,新潟市中央区万代１丁目４番８号,025-383-8671,吉田　博光,吉田　博光,眼,,令8. 6. 1,ika
診療所,15,0128372,シグナス形成外科美容外科クリニック,新潟市中央区万代１－２－３　コープ野村万代２１４号,025-241-7175,曽束　洋平,曽束　洋平,形外　美外,,令8. 5. 1,ika
病院,15,8910011,新潟大学医歯学総合病院,新潟市中央区旭町通一番町７５４番地,025-223-6161,国立大学法人新潟大学医歯学総合病院　国立大学法人新潟大学長　染矢　俊幸,菊地　利明,一般　精神　内分泌・代謝内　血液内　腎内　肝・胆・膵内　腫瘍内　循環器内科　呼吸器・感染症内科　心内　消化器外科・消化器内科　脳内　精　小　乳腺・内分泌外科　呼外　心外　整外　形成・美容外科　小外　脳外　皮　ひ　眼　耳鼻いんこう・頭頸部外科　産婦　放射線診断科・放射線治療科　麻　救命　リハ　病理　内科,763,昭63. 1. 1,ika
診療所,15,0115973,佐藤医院,新潟市江南区割野６６６,025-280-2413,医療法人社団　佐藤医院　理事長　佐藤　允副,佐藤　允副,内　小　放,,昭61. 12. 1,ika
診療所,15,0118050,五十嵐内科胃腸科医院,新潟市江南区酒屋町字屋敷付８２１番地２９,025-280-2053,医療法人社団　五十嵐内科胃腸科医院　理事長　五十嵐　一雅,五十嵐　一雅,内　呼　胃　循　小,,平6. 4. 1,ika
診療所,15,0118720,くらしま内科クリニック,新潟市江南区楚川甲１８０,025-280-7100,倉島　賢二,倉島　賢二,内　小　胃　呼　循　放　アレ,,平9. 2. 7,ika
診療所,15,0121765,うえの内科・外科クリニック,新潟市江南区鐘木５７９番２,025-280-0808,上野　光夫,上野　光夫,内　外,,平16. 12. 1,ika
病院,15,0122730,社会医療法人　愛仁会　亀田第一病院,新潟市江南区西町２丁目５番２２号,025-382-3111,社会医療法人　愛仁会　亀田第一病院　理事長　渡邉　東,大矢　聡,一般　内　呼内　消化器内科　外　整外　リウ　形外　脳外　ひ　産婦　リハ　麻　神内　循環器内科　糖尿病内科　肛門外科　小児整形外科　皮,197,昭42. 8. 1,ika
診療所,15,0122789,小林整形外科,新潟市江南区亀田四ッ興野１－１－３２,025-382-7333,小林　邦作,小林　邦作,一般　整外,,昭58. 8. 8,ika
診療所,15,0122797,林皮フ科,新潟市江南区亀田四ツ興野１丁目５７１番５,025-381-3111,林　良一,林　良一,皮,,昭60. 5. 10,ika
診療所,15,0122847,医療法人社団　押木内科神経内科医院,新潟市江南区亀田本町４丁目３番４号,025-381-2052,医療法人社団　押木内科神経内科医院　理事長　永井　明彦,永井　明彦,内　神内　呼　リハ　放,,平元. 4. 1,ika
診療所,15,0122862,堀クリニック,新潟市江南区船戸山４－９－２０,025-382-3031,医療法人社団　堀クリニック　理事長　堀　亜洲,堀　亜洲,内　小　婦,,平元. 8. 1,ika
診療所,15,0122870,医療法人社団　片桐医院,新潟市江南区亀田水道町１－１－５１－２,025-381-3320,医療法人社団　片桐医院　理事長　片桐　敦子,片桐　敦子,内　小　放,,平4. 1. 13,ika
診療所,15,0122938,とがし医院,新潟市江南区亀田四ツ興野１丁目１番５号,025-381-7373,医療法人社団　準和会　理事長　富樫　孝文,富樫　孝文,耳い　頭頚部外科,,平6. 9. 1,ika
診療所,15,0122979,清野医院,新潟市江南区亀田四ツ興野５－４－１２,025-383-1333,清野　泰之,清野　泰之,内　放,,平10. 5. 1,ika
診療所,15,0122987,あんずクリニック,新潟市江南区亀田四ツ興野２丁目６番２７号,025-381-2121,医療法人社団　あんずクリニック　理事長　根本　万理子,根本　万理子,内　外　小　消　血液内科　循,,平10. 9. 1,ika
診療所,15,0122995,たなか整形外科,新潟市江南区横越中央２丁目１４番３１号,025-383-2200,田中　隆明,田中　隆明,整外　リウ　リハ,,平11. 4. 14,ika
診療所,15,0123001,ゆきよしクリニック,新潟市江南区稲葉１ー４ー３,025-382-3450,医療法人社団　らぽーる新潟　理事長　荻荘　則幸,荻荘　則幸,整外　リハ　内,,平11. 4. 1,ika
診療所,15,0123019,医療法人社団　さとう小児科医院,新潟市江南区横越中央２丁目１－１１,025-385-5200,医療法人社団　さとう小児科医院　理事長　佐藤　雅久,佐藤　雅久,小　アレ,,平11. 9. 1,ika
診療所,15,0123068,医療法人社団　こんの脳神経クリニック,新潟市江南区泉町１ー２ー３０,025-383-1355,医療法人社団　こんの脳神経クリニック　理事長　今野　公和,今野　公和,脳外　神内　リハ,,平13. 4. 1,ika
診療所,15,0123415,斉藤内科・消化器科医院,新潟市江南区城所１丁目７番１１号,025-383-3110,医療法人社団　斎藤内科・消化器科医院　理事長　斉藤　征史,斉藤　征史,内　消,,平17. 5. 1,ika
診療所,15,0123746,ささがわ小児科クリニック,新潟市江南区亀田四ツ興野２丁目５番１４号,025-383-5500,医療法人社団　ささがわ小児科クリニック　理事長　笹川　富士雄,笹川　富士雄,小　アレ,,平17. 10. 1,ika
診療所,15,0124108,横田内科医院,新潟市江南区袋津５丁目４番２５号,025-381-2729,医療法人社団　横田内科医院　理事長　横田　樹也,横田　樹也,内　呼,,平18. 6. 1,ika
診療所,15,0124447,向陽メディカルクリニック,新潟市江南区亀田向陽３丁目９番２５号,025-385-8686,医療法人社団　青池メディカルオフィス　理事長　青池　郁夫,青池　郁夫,透析,,平19. 5. 1,ika
診療所,15,0124520,新潟中央青果株式会社診療所,新潟市江南区茗荷谷７１１番地,025-257-6800,新潟中央青果株式会社　代表取締役　大澤　厚志,中野　正明,内,,平19. 5. 21,ika
診療所,15,0124611,かとう心療内科クリニック,新潟市江南区亀田向陽１丁目３番３５号,025-382-0810,加藤　佳彦,加藤　佳彦,精　心内　神　内　神内,,平19. 10. 1,ika
診療所,15,0124819,佐文診療所,新潟市江南区元町２丁目１番４１号,025-382-2171,株式会社　佐文工業所　代表取締役　佐藤　仁,村松　芳幸,内,,平20. 7. 1,ika
診療所,15,0125089,丸山診療所,新潟市江南区丸山４７２－１,025-278-5100,波田野　徹,波田野　徹,内　小,,平21. 6. 1,ika
診療所,15,0125451,こどもの森クリニック,新潟市江南区亀田向陽１－３－３９,025-382-0707,医療法人社団　こどもの森　理事長　鳥谷部　森,鳥谷部　森,小　アレ,,平22. 10. 1,ika
診療所,15,0125840,新津産科婦人科クリニック,新潟市江南区横越中央７丁目１番７号,025-384-4103,医療法人社団　晴和会　理事長　廣川　雅晴,大野　正文,一般　産　婦　麻　小,,平24. 5. 1,ika
診療所,15,0126467,医療法人社団　藍盛会　新潟南アイクリニック,新潟市江南区下早通柳田１－１－１イオンモール新潟南３階,025-383-5730,医療法人社団　藍盛会　理事長　宮川　達夫,小池　貴之,眼,,平28. 1. 1,ika
診療所,15,0126558,発達クリニック　ぱすてる,新潟市江南区曙町３丁目４番９号,025-288-7200,医療法人社団　こども輝き　理事長　東條　惠,東條　惠,児童精神科　小　リハ　神経小児科,,平28. 5. 1,ika
診療所,15,0126632,亀田眼科クリニック,新潟市江南区亀田四ツ興野３－２－２５,025-382-0611,山本　達郎,山本　達郎,眼　小児眼科,,平28. 9. 1,ika
診療所,15,0126764,ふじい眼科,新潟市江南区亀田向陽３丁目２番１９号,025-382-2151,医療法人社団　悠青　理事長　藤井　靖,藤井　靖,眼,,平29. 5. 1,ika
診療所,15,0126939,かめだ泌尿器科クリニック,新潟市江南区亀田向陽３丁目２番２９号,025-385-8500,医療法人社団新井医院　理事長　新井　啓,新井　啓,ひ,,平30. 5. 1,ika
診療所,15,0127234,医療法人社団広域白報会　かめだ在宅診療所,新潟市江南区諏訪１丁目２－７,025-250-6501,医療法人社団広域白報会　理事長　白　昌善,窪田　健児,内　皮　精,,令2. 4. 1,ika
診療所,15,0127564,椿田医院,新潟市江南区大渕１７６番地,025-276-2382,医療法人社団　誠信会　理事長　久保　隆雄,堤　敬一郎,内,,令4. 2. 1,ika
診療所,15,0127770,こうなんｆａｍｉｌｙクリニック,新潟市江南区亀田大月２－４－３８－１,025-250-6407,医療法人社団　眞結会　理事長　藤澤　正宏,藤澤　正宏,内　消化器内科　歯,,令4. 12. 15,ika
診療所,15,0127796,木村皮ふ科クリニック,新潟市江南区亀田向陽３丁目１５番１８号,025-382-0888,木村　浄土,木村　浄土,皮　アレ,,令5. 3. 7,ika
診療所,15,0127853,それで医院,新潟市江南区大渕１５４４－１５,090-1771-4352,石井　仁平,石井　仁平,内　外　小　整外,,令5. 10. 1,ika
診療所,15,0128158,西内科医院,新潟市江南区横越中央８丁目１－２１,025-385-4171,西　正大,西　正大,内,,令7. 4. 1,ika
診療所,15,0128265,栗田クリニック,新潟市江南区荻曽根４丁目１番７号,025-385-6512,医療法人社団　栗田クリニック　理事長　栗田　聡,栗田　聡,内　消化器内科,,令7. 9. 1,ika
診療所,15,0128273,吉田医院,新潟市江南区茜ヶ丘２番１号,025-385-3731,医療法人社団　眞結会　理事長　藤澤　正宏,吉田　眞佐人,消化器内科　内　外　リハ　肛門外科,,令7. 10. 1,ika
病院,15,0121807,新津信愛病院,新潟市秋葉区中村２７１番地,0250-22-2161,医療法人　青山信愛会　理事長　長谷川　まこと,長谷川　まこと,精神　内　精　心内,160,昭37. 4. 1,ika
診療所,15,0121823,伊藤産婦人科医院,新潟市秋葉区中沢町９番１３号,0250-22-6171,伊藤　久彰,伊藤　久彰,一般　産　婦　小　内,,昭47. 5. 1,ika
診療所,15,0121864,新潟県　新津保健所,新潟市秋葉区南町９番３３号,0250-22-5171,新潟県　新潟県知事　花角　英世,片桐　幹雄,内,,昭51. 11. 1,ika
診療所,15,0121872,佐藤医院　荻川診療所,新潟市秋葉区中野２－８－８,0250-22-1203,医療法人社団　佐藤医院　理事長　佐藤　允副,佐藤　允副,内　小,,昭61. 12. 1,ika
診療所,15,0121898,髙塚医院,新潟市秋葉区新津本町１丁目７番２２号,0250-22-0077,医療法人社団　髙塚医院　理事長　髙塚　務,髙塚　務,内　小　放,,平元. 4. 1,ika
診療所,15,0121930,吉村医院,新潟市秋葉区中野２丁目１９番１８号,0250-24-8558,医療法人社団　吉村医院　理事長　吉村　朗,吉村　朗,内　消化器内科,,平2. 4. 1,ika
診療所,15,0121948,小島耳鼻咽喉科医院,新潟市秋葉区新津本町１丁目３番１０号,0250-22-1047,医療法人社団　小島耳鼻咽喉科医院　理事長　小島　純也,小島　純也,耳い　アレ,,平3. 4. 1,ika
診療所,15,0121955,森川医院,新潟市秋葉区程島１９７７番地,0250-22-0410,医療法人社団　森川医院　理事長　森川　洋,森川　洋,内　婦　小,,平3. 8. 1,ika
診療所,15,0121989,加藤医院,新潟市秋葉区新津本町３－１４－１１,0250-22-0185,加藤　秀徳,加藤　秀徳,内　循,,平4. 10. 1,ika
診療所,15,0121997,医療法人社団　にいつ眼科,新潟市秋葉区新津本町３丁目１番１０号,0250-23-3888,医療法人社団　にいつ眼科　理事長　岡本　茂,岡本　茂,眼,,平5. 9. 1,ika
診療所,15,0122003,医療法人社団　五十嵐医院,新潟市秋葉区出戸１７７番地１,0250-22-2721,医療法人社団　五十嵐医院　理事長　五十嵐　謙一,五十嵐　謙一,内,,平6. 9. 1,ika
診療所,15,0122011,一般社団法人　新潟県労働衛生医学協会　附属新津成人病検診センター,新潟市秋葉区程島２００９番地,0250-22-1362,一般社団法人　新潟県労働衛生医学協会　会長　佐藤　幸示,小幡　八郎,内　婦,,平7. 5. 1,ika
診療所,15,0122029,小児科高野クリニック,新潟市秋葉区古田３丁目４番１５号,0250-23-3011,医療法人社団　小児科髙野クリニック　理事長　高野　健一郎,高野　健一郎,小,,平7. 9. 1,ika
診療所,15,0122052,ふせじま脳外科クリニック,新潟市秋葉区新津東町３丁目４－４８,0250-25-3130,伏島　徹,伏島　徹,脳外,,平9. 4. 1,ika
診療所,15,0122060,小出耳鼻咽喉科,新潟市秋葉区新町１丁目５番２５号,0250-22-0202,小出　千秋,小出　千秋,耳い,,平9. 4. 1,ika
診療所,15,0122078,坪田医院,新潟市秋葉区車場４丁目１１番６８号,0250-22-0555,医療法人社団　坪田医院　理事長　坪田　孝文,坪田　孝文,内　小　呼内　消化器内科　循環器内科,,平9. 10. 1,ika
病院,15,0122094,新津医療センター病院,新潟市秋葉区古田６１０番地,0250-24-5311,社会医療法人健進会　理事長　豊島　宗厚,豊島　宗厚,一般　内　外　整外　皮　脳内　リハ　放　麻　循環器内科　消化器内科　消化器外科　腫瘍内科　乳腺外科　糖尿病内科　肛門外科　呼内　腎臓内科　リウマチ科,174,平10. 4. 1,ika
診療所,15,0122110,ほしの医院,新潟市秋葉区北上新田８０４ー１,0250-22-6522,医療法人社団　ほしの医院　理事長　星野　重幸,星野　重幸,内　小　アレ　消　循　呼,,平11. 9. 1,ika
診療所,15,0122144,櫻クリニック,新潟市秋葉区新津本町３丁目８の５,0250-23-0225,鈴木　康弘,鈴木　康弘,内　小　呼　循　アレ,,平13. 9. 1,ika
診療所,15,0122185,医療法人社団　ほかり医院,新潟市秋葉区新津本町１丁目３番３９号,0250-21-1200,医療法人社団　ほかり医院　理事長　穗苅　豊,穗苅　豊,整外　リハ　リウ,,平15. 9. 1,ika
診療所,15,0123738,うさみ内科クリニック,新潟市秋葉区美幸町２丁目３番２０号,0250-24-8776,医療法人社団　うさみ内科クリニック　理事長　宇佐美　明男,宇佐美　明男,内,,平17. 10. 1,ika
診療所,15,0123795,田沢眼科医院,新潟市秋葉区山谷町３丁目１０番１５号,0250-21-1171,田沢　博,田沢　博,眼,,平17. 12. 1,ika
診療所,15,0124397,鈴木内科医院,新潟市秋葉区小須戸４０１番地２,0250-61-1155,医療法人社団　薫桜会　理事長　鈴木　東,丸山　正則,内　胃　小,,平19. 4. 1,ika
診療所,15,0124850,あおぞら新津整形外科,新潟市秋葉区程島１８７８－２,0250-21-2227,橋　達夫,廣橋　達夫,整外　リハ　リウ,,平20. 10. 1,ika
診療所,15,0124991,井上内科クリニック,新潟市秋葉区みそら野１丁目１３－８,0250-24-1222,井上　健彦,井上　健彦,内　小,,平21. 4. 1,ika
病院,15,0125865,下越病院,新潟市秋葉区東金沢１４５９番地１,0250-22-4711,社会医療法人　新潟勤労者医療協会　理事長　五十嵐　修,末武　修史,一般　内　呼内　神内　外　整外　リウ　小　皮　ひ　婦　リハ　麻　心外　循環器内科　消化器内科　糖尿病内科,261,平24. 5. 1,ika
診療所,15,0125881,ささえ愛よろずクリニック,新潟市秋葉区滝谷町４番２０号,0250-47-7285,医療法人社団　ささえ愛よろず　理事長　今村　達弥,今村　達弥,心内　内　精　リハ,,平24. 9. 1,ika
診療所,15,0126004,たかはし耳鼻咽喉科,新潟市秋葉区あおば通１丁目８番３号,0250-21-3387,髙橋　紳一郎,髙橋　紳一郎,耳い　アレ,,平25. 4. 8,ika
診療所,15,0126046,全天今井眼科医院,新潟市秋葉区新津本町４－１５－１,0250-22-0054,今井　晃,今井　晃,一般　眼,,平25. 3. 1,ika
診療所,15,0126582,ゆうき皮膚科,新潟市秋葉区古田２丁目７番３号,0250-24-5500,医療法人社団　ゆうき皮膚科　理事長　結城　直方,結城　直方,皮,,平28. 5. 1,ika
診療所,15,0127085,川野眼科,新潟市秋葉区新津東町２丁目４番２９号,0250-22-1010,医療法人　りんどう　理事長　川野　修司,川野　修司,眼,,令元. 5. 1,ika
診療所,15,0127119,小堺医院,新潟市秋葉区小須戸１０６番地３,0250-38-2665,医療法人社団　小堺医院　理事長　小堺　郁夫,小堺　郁夫,内　消化器内科　呼内　循環器内科　アレ,,令元. 7. 1,ika
診療所,15,0127168,かえつクリニック,新潟市秋葉区新津東町３丁目４番２８号,0250-22-5888,社会医療法人新潟勤労者医療協会　理事長　五十嵐　修,岡田　節朗,内　糖尿病内科　循環器内科　消化器内科　呼内,,令元. 9. 1,ika
診療所,15,0127283,あきはクリニック,新潟市秋葉区新津５１４９－１１,0250-47-8727,医療法人社団　五惠会　理事長　中村　茂樹,坪井　清孝,消化器内科　内　乳腺外科　肛門外科,,令2. 5. 1,ika
診療所,15,0127432,新津メンタルクリニック,新潟市秋葉区新津５１４９－１２,0250-47-3300,湯川　尊行,湯川　尊行,精　心内,,令3. 5. 1,ika
診療所,15,0127606,まふね内科クリニック,新潟市秋葉区朝日２１３番地１,0250-21-2555,良田　裕平,良田　裕平,内　消化器内科　内分泌内科　糖尿病内科,,令4. 4. 1,ika
診療所,15,0127697,アグリホームクリニック　にいがた,新潟市秋葉区新津本町１丁目２－３０,0250-47-3307,医療法人　ＡＧＲＩＥ　理事長　伊藤　俊一郎,若林　貴志,内　外　精,,令4. 7. 1,ika
診療所,15,0127739,どうやリハビリ整形外科,新潟市秋葉区新津５１４９－１５,0250-23-1154,銅冶　英雄,銅冶　英雄,整外　リウ　リハ,,令4. 9. 1,ika
診療所,15,0127820,わかつきクリニック,新潟市秋葉区古田３－４－１４,0250-23-3833,若月　俊二,若月　俊二,ひ　内　皮,,令5. 5. 1,ika
診療所,15,0127978,新潟レディースライフクリニック,新潟市秋葉区新津５１４９－１７,0250-23-1103,杉野　健太郎,杉野　健太郎,一般　産　婦,,令6. 4. 1,ika
診療所,15,0128091,しんこどもクリニック,新潟市秋葉区あおば通１丁目７番１号,0250-21-2515,医療法人社団　しんこどもクリニック　理事長　申　将守,申　将守,小　アレ,,令6. 11. 1,ika
診療所,15,0128232,あきは形成外科・美容クリニック,新潟市秋葉区美幸町１丁目５番１２号,0250-47-4851,萩原　昂,萩原　昂,形外　美外　美容皮膚科　皮,,令7. 11. 1,ika
診療所,15,0128307,新津こどもクリニック,新潟市秋葉区新津５１４９番地２４,0250-47-3936,泉田　亮平,泉田　亮平,小,,令8. 5. 1,ika
病院,15,0122243,新潟白根総合病院,新潟市南区上下諏訪木７７０番地１,025-372-2191,白根保健生活協同組合　理事長　小林　孝,大矢　実,一般　内　精　脳内　小　外　整外　皮　ひ　婦　眼　歯　リハ　循環器内科　消化器内科　呼吸器内科　呼吸器外科,179,昭48. 3. 10,ika
診療所,15,0122276,斎藤皮膚科,新潟市南区上下諏訪木６８５番地,025-372-3080,齋藤　昭雄,齋藤　昭雄,皮,,昭63. 4. 1,ika
診療所,15,0122284,耳鼻咽喉科　和田医院,新潟市南区白根魚町２番２１号,025-372-3806,医療法人社団　清和会　理事長　和田　倫之助,和田　倫之助,耳い,,平元. 4. 1,ika
診療所,15,0122300,医療法人社団　北條医院,新潟市南区白根３０６６,025-372-2240,医療法人社団　北篠医院　理事長　北條　和博,北條　和博,耳い,,平元. 4. 1,ika
診療所,15,0122326,安宅整形外科医院,新潟市南区親和町６－１８,025-373-1188,医療法人社団　安宅整形外科医院　理事長　安宅　厚,安宅　厚,整外,,平6. 4. 1,ika
診療所,15,0122342,医療法人社団　石崎医院,新潟市南区白根１３０６,025-372-3820,医療法人社団　石崎医院　理事長　石崎　悦郎,石崎　悦郎,外　整外　胃　こう　内,,平8. 11. 5,ika
診療所,15,0122375,中澤内科医院,新潟市南区高井東１丁目４６９番地,025-371-2002,中澤　朝生,中澤　朝生,内　呼　消　循　小,,平9. 11. 10,ika
診療所,15,0122391,水戸部クリニック,新潟市南区上下諏訪木７３１ー１,025-372-0755,水戸部　彰彦,水戸部　彰彦,内　消　小,,平12. 5. 8,ika
診療所,15,0122425,白根アイクリニック,新潟市南区親和町１０番２４号,025-371-5511,医療法人　ｖｉｖｉ　ｍｅｄｉｃｏ　理事長　大湊　絢,大湊　絢,眼,,平14. 4. 1,ika
病院,15,0122433,白根大通病院,新潟市南区大通黄金４－１４－２,025-362-0260,医療法人社団白美会　理事長　種子田　吉郎,佐藤　攻,一般　療養　外　内　神内　整外　リハ　疼痛緩和内科,249,平14. 4. 1,ika
診療所,15,0122441,おおや整形外科医院,新潟市南区能登２丁目１０－４,025-373-5333,大矢　淳史,大矢　淳史,整外　リハ,,平14. 7. 1,ika
病院,15,0123126,白根緑ケ丘病院,新潟市南区西白根４１番地,025-372-3105,医療法人社団　敬成会　理事長　佐野　英孝,佐野　英孝,精神　精　脳内,275,昭55. 3. 1,ika
診療所,15,0125238,渡辺医院,新潟市南区能登２－８－５,025-372-2568,渡辺　将隆,渡邉　将隆,内,,平22. 1. 1,ika
診療所,15,0125329,すずき醫院,新潟市南区戸頭１３７０番地１,025-373-0200,鈴木　康史,鈴木　康史,内,,平22. 4. 1,ika
診療所,15,0125626,杉山内科医院,新潟市南区清水２５０－２,025-375-3009,医療法人社団　杉山医院　理事長　杉山　幹也,杉山　幹也,内　消化器内科　内視鏡内科　糖尿病内科　胃腸・肝臓内科,,平23. 7. 1,ika
診療所,15,0125782,広川医院,新潟市南区西笠巻６６－２,025-373-3221,医療法人社団　広川医院　理事長　黒田　兼,黒田　兼,内,,平24. 1. 11,ika
診療所,15,0125873,ＫＯＹＡＮＡＧＩ真柄ＣＬＩＮＩＣ,新潟市南区鷲ノ木新田５７２４－１,025-377-2011,医療法人社団　小柳真柄医院　理事長　小栁　亮,小栁　亮,内　循環器内科　呼内,,平24. 8. 1,ika
診療所,15,0126012,医療法人社団　かさはらクリニック,新潟市南区親和町７番２０号,025-372-8899,医療法人社団　かさはらクリニック　理事長　笠原　多加幸,笠原　多加幸,小　皮　アレ,,平25. 5. 1,ika
診療所,15,0126830,はやみ整形外科クリニック,新潟市南区上下諏訪木９２２－２,025-378-5151,医療法人社団　ＨＯＣ　理事長　速水　正,速水　正,整外　リハ,,平29. 9. 1,ika
診療所,15,0126897,月潟内科クリニック,新潟市南区月潟６８８－３,025-201-8228,野　暁,野　暁,内　循環器内科,,平30. 5. 1,ika
診療所,15,0127093,みと小児科クリニック,新潟市南区大通二丁目６番４号,025-370-1055,医療法人社団　みと小児科クリニック　理事長　水戸　義昭,水戸　義昭,小　アレ,,令元. 6. 1,ika
診療所,15,0127150,関川医院,新潟市南区新飯田９７５番２,025-374-2002,関川　貞,関川　貞,内,,令元. 9. 5,ika
診療所,15,0128166,太白会　田邉医院,新潟市南区白根３０２０番地,025-372-2076,医療法人社団太白会　理事長　田邉　肇,田邉　肇,内　呼吸器内科　循環器内科　消化器内科　小,,令7. 4. 7,ika
病院,15,0112061,佐潟公園病院,新潟市西区赤塚５５８８番地,025-239-2135,医療法人　水明会　理事長　上村　隆,北村　秀明,精神　精　内　心内,240,昭40. 4. 1,ika
病院,15,0112715,新潟信愛病院,新潟市西区上新栄町１丁目１番１号,025-269-4101,医療法人　青山信愛会　理事長　長谷川　まこと,和知　学,精神　心内　精　内,430,昭44. 6. 1,ika
診療所,15,0116088,若杉内科医院,新潟市西区内野町１０５２,025-262-2062,若杉　洋,若杉　洋,内　消　循,,昭62. 6. 8,ika
診療所,15,0116435,土田医院,新潟市西区五十嵐中島３－２１－１１,025-262-2656,医療法人社団　土田医院　理事長　田口　洋子,田口　洋子,内　呼　アレ,,平元. 4. 1,ika
診療所,15,0116658,医療法人社団　中和内科医院,新潟市西区内野町６０２－１,025-262-0162,医療法人社団　中和内科医院　理事長　張　大全,張　大全,内　呼内　アレ　小,,平元. 4. 1,ika
診療所,15,0117003,坂井輪診療所,新潟市西区寺尾東３丁目８番３５号,025-269-6630,社会医療法人　新潟勤労者医療協会　理事長　五十嵐　修,安達　哲夫,内　消,,平元. 11. 8,ika
診療所,15,0117367,耳鼻咽喉科　相馬医院,新潟市西区五十嵐中島４丁目１番８号,025-262-0033,相馬　博志,相馬　博志,耳い,,平3. 4. 17,ika
診療所,15,0117433,西新潟整形外科,新潟市西区坂井砂山４丁目１４－３,025-268-0206,渡辺　政則,渡辺　政則,整外,,平3. 8. 5,ika
病院,15,0117755,聖園病院,新潟市西区青山７丁目９番１０号,025-267-0171,医療法人社団　仁和会　理事長　内山　政二,内山　政二,療養　内　整外　循環器内科　リハ　消化器内科,,平5. 4. 1,ika
診療所,15,0117953,こども医院はしもと,新潟市西区平島１丁目６－５,025-231-5588,橋本　謹也,橋本　謹也,小,,平5. 11. 20,ika
診療所,15,0118266,土谷内科医院,新潟市西区寺尾西２丁目８－２５,025-268-1010,土谷　厚,土谷　厚,内,,平6. 12. 28,ika
診療所,15,0118282,田沢内科医院,新潟市西区山崎１１４５番地,025-239-2041,医療法人社団　義友会　田沢内科医院　理事長　田澤　義人,田澤　義人,内　胃,,平7. 4. 1,ika
診療所,15,0118407,樋口内科消化器科医院,新潟市西区五十嵐二の町８２１８番２３,025-262-0200,樋口　庄市,樋口　庄市,内　消,,平7. 8. 25,ika
診療所,15,0118548,中山整形外科,新潟市西区小針６丁目３３番１７号,025-266-5413,医療法人社団　中山整形外科　中山　剛男,中山　剛男,整外　リハ　リウ,,平8. 4. 1,ika
診療所,15,0118555,名古屋小児科医院,新潟市西区小針７丁目１０－１３,025-231-1007,医療法人社団　なごや医院　理事長　名古屋　聡,名古屋　聡,小　アレ,,平8. 4. 1,ika
診療所,15,0118605,さかうえ眼科医院,新潟市西区坂井東２丁目１番３１号,025-230-5121,医療法人社団　さかうえ眼科医院　理事長　坂上　富士男,坂上　富士男,眼,,平8. 9. 1,ika
診療所,15,0118621,やぎもと小児科,新潟市西区中権寺２９４１,025-262-3100,医療法人社団　豊心会　理事長　柳本　利夫,柳本　利夫,小　アレ,,平8. 9. 1,ika
診療所,15,0118787,新大駅前皮フ科,新潟市西区坂井砂山４丁目１４番１３号,025-269-1210,医療法人社団　新大駅前皮フ科　理事長　清水　直也,清水　直也,皮　アレ,,平9. 4. 1,ika
診療所,15,0118795,医療法人社団　せき眼科医院,新潟市西区小針１丁目３０番１,025-232-1001,医療法人社団　せき眼科医院　理事長　関　利明,関　伶子,眼,,平9. 4. 1,ika
診療所,15,0118886,寺尾整形外科クリニック,新潟市西区寺尾東３丁目９番１０号,025-260-7272,医療法人　すずき会　理事長　鈴木　義隆,鈴木　義隆,整外　リウ　リハ,,平9. 9. 1,ika
診療所,15,0118969,しげはら内科クリニック,新潟市西区坂井東６丁目２９番２７号,025-264-1237,重原　秀樹,重原　秀樹,内　呼　消,,平9. 11. 19,ika
診療所,15,0120049,すなやまクリニック,新潟市西区坂井砂山３丁目８番２号,025-268-9001,医療法人社団　みよし会　理事長　松田　友香理,松田　浩紀,内　消　外　整外,,平10. 4. 14,ika
診療所,15,0120072,月岡内科医院,新潟市西区小針４丁目４番１号,025-234-1666,医療法人社団　月岡内科医院　理事長　月岡　一治,月岡　啓輔,内　アレ　呼,,平10. 4. 1,ika
診療所,15,0120080,医療法人社団　前田内科クリニック,新潟市西区坂井東２丁目２番２９号,025-268-1108,医療法人社団　前田内科クリニック　理事長　前田　裕伸,前田　裕伸,内　消,,平10. 4. 1,ika
診療所,15,0120130,かつうみ皮膚科医院,新潟市西区浦山３－３－４,025-232-6555,勝海　薫,勝海　薫,皮　アレ,,平10. 5. 11,ika
診療所,15,0120494,健やか医院,新潟市西区小新１１３０番地,025-232-5301,医療法人社団　健心会　理事長　蒲澤　崇,蒲澤　崇,内　皮,,平12. 4. 1,ika
診療所,15,0120510,新大駅前わたなべ眼科,新潟市西区坂井砂山４丁目１４番７号,025-264-1700,医療法人社団　新大駅前わたなべ眼科　理事長　渡邉　穣爾,渡辺　穣爾,眼,,平12. 4. 1,ika
診療所,15,0120551,しおかぜ医院,新潟市西区五十嵐東１ー１０ー６,025-264-7655,木村　征,木村　征,耳い　気食　アレ,,平12. 5. 1,ika
診療所,15,0120700,塚田内科医院,新潟市西区大野町３７０６番地甲,025-377-2100,塚田　徳昌,塚田　徳昌,内,,昭62. 10. 12,ika
病院,15,0120726,新潟脳外科病院,新潟市西区山田３０５７番地,025-231-5111,医療法人泰庸会　理事長　山下　宣行,小林　勉,一般　療養　脳外　脳内　放　内　麻　リハ,110,平2. 11. 1,ika
病院,15,0120734,社会福祉法人　恩賜財団　済生会新潟病院,新潟市西区寺地２８０－７,025-233-6161,社会福祉法人　恩賜財団済生会支部　新潟県済生会　支部長　吉田　俊明,本間　照,一般　内　精　脳内　呼内　小　外　整外　呼外　心外　皮　ひ　産婦　眼　耳い　リハ　放　麻　形外　病理　歯外　脳外　乳腺・内分泌外科　臨床検査科　血液内科　代謝・内分泌内科　腫瘍内科　消化器内科　消化器外科　循環器内科　救急科,410,平3. 7. 1,ika
診療所,15,0120759,藤田内科　消化器科医院,新潟市西区善久１０８番地２,025-379-1288,医療法人社団　隆仁会　理事長　藤田　一隆,藤田　一隆,内　消化器内科　小　形外,,平7. 4. 1,ika
診療所,15,0120775,木村整形外科医院,新潟市西区山田５０３－１,025-379-1154,木村　好行,木村　好行,整外　リハ,,平7. 10. 1,ika
診療所,15,0120783,一般社団法人　新潟県労働衛生医学協会　新潟健診スクエア,新潟市西区北場１１８５番地３,025-379-0550,一般社団法人　新潟県労働衛生医学協会　会長　佐藤　幸示,月岡　恵,内,,平10. 4. 1,ika
診療所,15,0120791,寺久保耳鼻咽喉科医院,新潟市西区山田５０３番地１,025-377-1187,医療法人社団　寺久保耳鼻咽喉科医院　理事長　寺久保　洋次,寺久保　洋次,耳い　アレ,,平10. 9. 1,ika
診療所,15,0120809,丸山整形外科・内科,新潟市西区板井２０４,025-377-4145,丸山　俊章,丸山　俊章,整外　内　放,,平11. 7. 21,ika
診療所,15,0120965,医療法人社団　さとう内科クリニック,新潟市西区鳥原６４１ー１７,025-370-7777,医療法人社団　さとう内科クリニック　理事長　佐藤　正之,佐藤　正之,消化器内科　小　呼内　循環器内科,,平13. 4. 1,ika
診療所,15,0121021,医療法人社団すずき産科婦人科クリニック,新潟市西区小針７丁目１７番１４号,025-266-2728,医療法人社団　すずき産科婦人科クリニック　理事長　鈴木　一成,鈴木　一成,一般　産　婦,,平13. 9. 1,ika
病院,15,0121179,黒埼病院,新潟市西区黒鳥２３３９番地１,025-370-7555,医療法人社団　晴和会　理事長　廣川　雅晴,佐藤　宏,療養　内,,平14. 8. 1,ika
診療所,15,0121310,真田内科医院,新潟市西区赤塚５０１０－１,025-239-0070,真田　雅好,真田　雅好,内,,平15. 3. 12,ika
診療所,15,0121393,丸山リハビリテーション診療所,新潟市西区小新１０８３番地１サン・ロイヤル新潟１Ｆ,025-233-1177,医療法人社団　康和会　理事長　大澤　治章,丸山　孝子,内　漢方内科　リハ,,平15. 5. 7,ika
診療所,15,0121401,ときめきハートクリニック,新潟市西区ときめき西１丁目１－１７,025-370-7810,宮島　武文,宮島　武文,内　循,,平15. 7. 1,ika
診療所,15,0121732,こどもクリニックかんとう,新潟市西区山田３９２,025-234-3322,関東　和成,関東　和成,小　アレ,,平16. 10. 22,ika
診療所,15,0123423,早川小児科クリニック,新潟市西区西小針台２丁目１－５,025-234-5650,早川　広史,早川　広史,小　アレ,,平17. 5. 2,ika
診療所,15,0123431,心療内科・神経科　高橋クリニック,新潟市西区五十嵐東１丁目１０番１９号,025-268-6060,高橋　邦明,高橋　邦明,心内　神　精　内,,平17. 5. 10,ika
診療所,15,0123449,医療法人社団　栗田脳外科内科医院,新潟市西区小新西３丁目１４番７号,025-232-8855,医療法人社団　栗田脳外科内科医院　理事長　栗田　勇,栗田　勇,脳外　内　外　リハ,,平17. 6. 1,ika
診療所,15,0123720,医療法人社団　築井医院,新潟市西区浦山一丁目３番３０号青山ハイツ１Ｆ,025-266-5353,医療法人社団　築井医院　理事長　築井　均,築井　均,内　小　放,,平17. 10. 1,ika
診療所,15,0123860,内野おがわ眼科クリニック,新潟市西区内野町５３番１０,025-264-5888,医療法人社団　小川眼科医院　理事長　小川　泉,小川　泉,眼,,平18. 4. 1,ika
診療所,15,0124058,皮膚科まるやまクリニック,新潟市西区小新南２－５－２０,025-201-3838,丸山　友裕,丸山　友裕,皮,,平18. 5. 1,ika
病院,15,0124074,社会福祉法人新潟市社会事業協会　信楽園病院,新潟市西区新通南３丁目３番１１号,025-260-8200,社会福祉法人新潟市社会事業協会　理事長　髙橋　秀松,田中　一,一般　内　呼内　外　整外　脳外　皮　眼　リハ　麻　病理　脳内　消化器外科　消化器内科　乳腺・内分泌外科　胸部・血管外科　腎臓内科　放射線診断科　臨床検査科　循環器内科　糖尿病・内分泌内科　感染症内科　血液内科,325,平18. 5. 1,ika
診療所,15,0124165,こばりファミリークリニック,新潟市西区小新大通２丁目１番２５号,025-234-5577,医療法人社団　こばりファミリークリニック　理事長　蒲沢　知子,蒲澤　千昌,内　呼　アレ　感染症内科　神内,,平18. 9. 1,ika
診療所,15,0124181,医療法人社団　ひらの内科医院,新潟市西区五十嵐三の町東２３番１１号,025-239-5222,医療法人社団　ひらの内科医院　理事長　平野　鉄雄,平野　鉄雄,内　神　小　精　心内,,平18. 9. 1,ika
診療所,15,0124264,社会福祉法人新潟市社会事業協会　信楽園病院附属有明診療所,新潟市西区西有明町１番５号,025-267-1251,社会福祉法人　新潟市社会事業協会　理事長　高橋　秀松,湯浅　保子,内　皮,,平19. 1. 1,ika
診療所,15,0124504,新通あけみ皮膚科医院,新潟市西区新通１０５２番地１３,025-211-0112,中村　明美,中村　明美,皮,,平19. 6. 19,ika
診療所,15,0124553,くろさき眼科,新潟市西区山田５９０－３,025-370-7577,阿部　達也,阿部　達也,眼,,平19. 8. 23,ika
診療所,15,0124843,ささがわ腎泌尿器科クリニック,新潟市西区坂井１０３０－１,025-268-7711,笹川　亨,笹川　亨,ひ　皮,,平20. 9. 1,ika
診療所,15,0125006,小新女性クリニック,新潟市西区小新南１丁目８番７号,025-230-6525,医療法人社団　ＫＪＣ　理事長　石井　美和子,石井　史郎,婦　麻,,平21. 4. 1,ika
診療所,15,0125071,ふたば皮膚科,新潟市西区寺尾東２丁目１４番４号,025-269-6661,医療法人社団　双葉会　理事長　会沢　敦子,会沢　敦子,皮　アレ,,平21. 5. 1,ika
診療所,15,0125154,まことクリニック,新潟市西区小針３丁目３１番２号,025-211-3939,医療法人社団　まことクリニック　理事長　高橋　誠,高橋　誠,精　心内,,平21. 9. 1,ika
病院,15,0125162,新潟県厚生農業協同組合連合会　新潟医療センター,新潟市西区小針３丁目２７番１１号,025-232-0111,新潟県厚生農業協同組合連合会　代表理事理事長　塚田　芳久,吉澤　弘久,一般　内　呼内　神内　皮　精　心内　外　心外　ひ　脳外　整外　形外　眼　耳い　産婦　リハ　放　麻　病理　循環器内科　消化器内科　消化器外科　内分泌・糖尿病内科　腎臓内科　乳腺外科　救急科,265,平21. 10. 1,ika
診療所,15,0125410,かない泌尿器科クリニック,新潟市西区鳥原２０６番地８,025-201-8002,金井　利雄,金井　利雄,ひ　内,,平22. 8. 10,ika
診療所,15,0125535,なかの脳神経内科クリニック,新潟市西区寺尾朝日通１６番３１号,025-234-3663,医療法人社団　瑞陽会　理事長　中野　亮一,中野　亮一,脳内　内,,平23. 4. 1,ika
診療所,15,0125543,医療法人　美郷会　こころはすクリニック,新潟市西区小針４丁目３９番２８号,025-234-3800,医療法人　美郷会　理事長　江部　和人,江部　和人,内,,平23. 4. 1,ika
診療所,15,0125659,大島内科医院,新潟市西区松海が丘１丁目１２番１２号,025-201-3333,医療法人　大島内科医院　理事長　大島　満,大島　満,内　循環器内科　消化器内科,,平23. 8. 1,ika
診療所,15,0125923,小柳内科医院,新潟市西区東青山１－８－５,025-231-7667,小柳　明久,小柳　明久,内　腎臓内科　リウ　アレ,,平24. 10. 1,ika
診療所,15,0125949,水戸医院,新潟市西区小針が丘２－３５,025-266-3851,水戸　將郎,水戸　將郎,内　消化器内科　循環器内科,,平25. 1. 29,ika
診療所,15,0126038,すがはら消化器内科クリニック,新潟市西区内野西が丘３丁目２４番２０号,025-264-2722,医療法人　すがはら消化器内科クリニック　理事長　菅原　聡,菅原　聡,消化器内科　内,,平25. 5. 1,ika
診療所,15,0126053,整形外科・眼科大川クリニック,新潟市西区西小針台２丁目１番３６号,025-234-5500,医療法人　整形外科・眼科大川クリニック　理事長　大川　豊,大川　豊,整外　リハ　眼,,平25. 5. 1,ika
診療所,15,0126319,さかい内科クリニック,新潟市西区小新５丁目８番３号,025-201-2011,堺　勝之,堺　勝之,内,,平26. 10. 10,ika
診療所,15,0126376,カメリア　クリニック,新潟市西区真砂２丁目２－５,025-311-5050,田中　幸絵,五十嵐　幸絵,小児心療内科　精　小,,平27. 7. 1,ika
診療所,15,0126392,ナーシングメディカルクリニック,新潟市西区青山１丁目７番２７号,025-234-7200,医療法人　ナーシングメディカルクリニック　理事長　坂爪　実,川村　和子,内,,平27. 9. 1,ika
診療所,15,0126590,医療法人社団　おぐま整形外科クリニック,新潟市西区小新５丁目８番９号,025-234-2014,医療法人社団　おぐま整形外科クリニック　理事長　小熊　雄二郎,小熊　雄二郎,整外　リハ,,平28. 6. 1,ika
診療所,15,0126673,たじま内科クリニック,新潟市西区山田３３９９－１,025-377-1213,田島　俊児,田島　俊児,呼内　内　アレ,,平29. 1. 1,ika
診療所,15,0126723,とがし内科クリニック,新潟市西区平島１丁目１７番地１０,025-231-7070,冨樫　忠之,冨樫　忠之,内　消化器内科,,平29. 4. 1,ika
診療所,15,0126731,耳鼻咽喉科やまざきクリニック,新潟市西区坂井９３２番地１１,025-378-3700,医療法人社団ＹＨＳ　理事長　山﨑　洋大,山﨑　洋大,耳い,,平29. 5. 1,ika
診療所,15,0126954,やまもと内科・消化器クリニック,新潟市西区新通南３丁目２番１号,025-201-7557,山本　幹,山本　幹,内　消化器内科,,平30. 10. 1,ika
診療所,15,0126962,橋本耳鼻科クリニック,新潟市西区平島１丁目１８番地２２,025-234-2277,医療法人社団　橋本耳鼻科クリニック　理事長　橋本　茂久,橋本　茂久,耳い　アレ,,平30. 10. 1,ika
診療所,15,0126970,青山内科・眼科クリニック,新潟市西区青山４丁目１番２８号,025-233-0099,医療法人社団　青山内科・眼科クリニック　理事長　小澤　拓也,小澤　拓也,内　眼　脳外　循環器内科,,平30. 10. 1,ika
診療所,15,0127036,医療法人社団映仁会　新潟青山アイクリニック,新潟市西区青山２－５－１イオン新潟青山店　２Ｆ,025-210-5525,医療法人社団映仁会　理事長　杉本　映一,川野　敏夫,眼,,平31. 4. 1,ika
診療所,15,0127044,米山クリニック　消化器内科・内科,新潟市西区小新南２丁目１番７９号,025-378-3344,米山　靖,米山　靖,消　内,,令元. 5. 1,ika
診療所,15,0127069,のむら耳鼻咽喉科,新潟市西区鳥原１８９番地３,025-377-7777,医療法人社団　仁康会　理事長　野村　智幸,野村　智幸,耳い　アレ,,令元. 5. 1,ika
診療所,15,0127291,クララクリニック,新潟市西区青山７丁目３番２０号３,025-232-4134,医療法人社団　クララクリニック　理事長　八木澤　久美子,八木澤　久美子,内,,令2. 5. 1,ika
診療所,15,0127317,大野耳鼻咽喉科医院,新潟市西区寺尾前通３丁目２番地９,025-267-5831,医療法人社団　大野耳鼻咽喉科医院　理事長　大野　雅昭,大野　雅昭,耳い　アレ,,令2. 5. 18,ika
診療所,15,0127325,はにゅうクリニック,新潟市西区五十嵐東１丁目１番１５号,025-201-6551,医療法人社団はにゅうクリニック　理事長　羽入　修,羽入　修,内　糖尿病内科　内分泌・代謝内科　眼,,令2. 6. 1,ika
診療所,15,0127341,長野医院　内科,新潟市西区五十嵐１の町６４４８,025-260-5921,長野　央希,長野　央希,内　血液内科　感染症内科,,令2. 7. 1,ika
診療所,15,0127408,ふじかわ皮ふ科クリニック,新潟市西区平島１丁目１８番地１,025-201-6088,藤川　大基,藤川　大基,皮　アレ,,令3. 3. 1,ika
診療所,15,0127440,西新潟なかむら眼科,新潟市西区寺尾朝日通１６番２７号,025-311-1430,医療法人社団　ＧＮＫ　理事長　長井　慎吾,中村　裕介,眼,,令3. 5. 1,ika
診療所,15,0127507,新潟糖尿病クリニック,新潟市西区山田４７８－９,025-370-1024,医療法人社団　ベルツリー　理事長　鈴木　克典,鈴木　克典,糖尿病・内分泌内科　内,,令3. 5. 1,ika
診療所,15,0127598,あさがおクリニック,新潟市西区坂井９５２－３,025-260-2222,丸山　佳重,丸山　佳重,内　呼内,,令4. 4. 1,ika
診療所,15,0127614,わたなべ内科・青山クリニック,新潟市西区青山一丁目２番２１号,025-232-5588,医療法人社団　わたなべ内科・青山クリニック　理事長　渡辺　卓也,渡辺　卓也,内　消化器内科　呼内　循環器内科　アレ,,令4. 4. 1,ika
診療所,15,0127671,西新潟健診プラザ,新潟市西区小新南２丁目１番６０号,025-231-1000,一般財団法人　新潟県けんこう財団　理事長　入澤　孝昌,高橋　益,内　婦,,令4. 7. 1,ika
診療所,15,0127705,西新潟ほんだ内科クリニック,新潟市西区小針西２丁目１２番１５号,025-378-1800,本田　博樹,本田　博樹,内　消化器内科,,令4. 7. 1,ika
診療所,15,0127754,くろさき心のクリニック,新潟市西区山田６４５－３,025-378-3696,信田　慶太,信田　慶太,心内　精,,令4. 11. 1,ika
診療所,15,0127762,内野整形外科クリニック,新潟市西区内野町５３番地５,025-378-6990,医療法人社団　内野整形外科クリニック　理事長　佐野　博繁,佐野　博繁,整外　リハ　リウ,,令4. 11. 1,ika
診療所,15,0127804,菜の花こどもクリニック,新潟市西区小針２丁目４１番７号,025-211-2160,小松原　孝夫,小松原　孝夫,小　アレ,,令5. 5. 1,ika
診療所,15,0127879,こばり坂クリニック,新潟市西区小針上山１０番３４号,025-378-2311,医療法人社団ｉｂｉｓ　理事長　野沢　有二,渡邉　聡,整外　リハ　内,,令5. 11. 1,ika
診療所,15,0127945,にじいろこどもクリニック,新潟市西区新通南３丁目２番８号,025-211-4802,大橋　伯,大橋　伯,小　脳神経小児科,,令6. 5. 1,ika
診療所,15,0127986,木村内科医院,新潟市西区坂井８６５－２,025-260-7770,木村　淳史,木村　淳史,内　消化器内科,,令6. 4. 1,ika
診療所,15,0128034,いしいこどもクリニック,新潟市西区真砂３丁目１１番６号２,025-374-6706,石井　孝規,石井　孝規,小　アレ,,令6. 10. 1,ika
診療所,15,0128042,まさご皮ふ科クリニック,新潟市西区真砂３丁目１１番７号１,025-378-1907,三井田　博,三井田　博,皮　アレ,,令6. 10. 1,ika
診療所,15,0128067,まさご内科クリニック,新潟市西区真砂３丁目１１番６号１,025-201-7213,医療法人社団　芳仁会　理事長　高橋　祥史,高橋　祥史,内　消化器内科　循環器内科,,令6. 10. 1,ika
診療所,15,0128125,青山みみ・はな・のどクリニック,新潟市西区青山五丁目１０番２５号,025-267-8733,鈴木　祐輔,鈴木　祐輔,耳い　アレ,,令7. 4. 1,ika
診療所,15,0128208,青山お肌のクリニック,新潟市西区東青山１丁目６番６,025-201-8545,田中　真百合,田中　真百合,皮　美容皮膚科,,令7. 10. 1,ika
診療所,15,0128257,みうらクリニック,新潟市西区坂井東四丁目３番２４号,025-378-8360,医療法人社団　三浦クリニック　理事長　三浦　理,三浦　理,内　呼吸器内科　腫瘍内科　循環器内科　精　心内,,令7. 11. 1,ika
診療所,15,0128323,医療法人社団惠洋会　ハートリー在宅クリニック新潟西,新潟市西区亀貝３３７１番ＫＡＭＥＧＡＩＢＡＳＥ,025-210-6272,医療法人社団惠洋会　　理事長　服部　達也,松木　淳,内,,令8. 2. 1,ika
診療所,15,0128406,おおるり脳外科クリニック,新潟市西区平島三丁目７番地１,025-378-5015,医療法人社団　おおるりクリニック　理事長　北澤　圭子,北澤　圭子,放　脳外　脳内　内,,令8. 7. 1,ika
診療所,15,0128414,五十川内科医院,新潟市西区寺尾東１丁目１８番地２４号,025-260-1151,医療法人社団　五十川内科医院　理事長　五十川　正人,五十川　正人,内　消化器内科,,令8. 6. 1,ika
病院,15,8910029,独立行政法人国立病院機構　西新潟中央病院,新潟市西区真砂１丁目１４番１号,025-265-3171,独立行政法人国立病院機構　理事長　新木　一弘,渡辺　健寛,一般　内　精　脳内　小　整外　脳外　呼外　リハ　放　麻　呼内　神経小児科　小児整形外科,380,昭35. 7. 1,ika
病院,15,0123118,一般社団法人　新潟県労働衛生医学協会　附属　岩室リハビリテーション病院,新潟市西蒲区岩室温泉７７２番地１,0256-82-4100,一般社団法人　新潟県労働衛生医学協会　会長　佐藤　幸示,矢澤　良光,療養　内　整外　リハ,,昭45. 7. 27,ika
診療所,15,0123167,苅部医院,新潟市西蒲区鱸１７３番地,0256-88-2057,医療法人社団　苅部医院　理事長　本間　智子,本間　智子,内　小　呼　アレ,,平元. 8. 1,ika
診療所,15,0123175,松﨑医院,新潟市西蒲区河間５４４番地,025-375-3013,医療法人社団　松仙会　理事長　松﨑　真和,松﨑　真和,内　循　皮　小,,平元. 10. 1,ika
診療所,15,0123191,岩室藤田医院,新潟市西蒲区岩室温泉６６７－２６,0256-82-2113,藤田　純二,藤田　純二,内,,平2. 5. 1,ika
病院,15,0123225,潟東けやき病院,新潟市西蒲区国見４１７番地,0256-86-3515,医療法人　博優会　理事長　國見　一人,國見　一人,療養　内　リハ,100,平9. 2. 1,ika
診療所,15,0123266,高橋整形外科クリニツク,新潟市西蒲区押付２５９ー１,0256-70-4020,高橋　純一,高橋　純一,整外　リハ,,平10. 10. 15,ika
診療所,15,0123282,五十嵐医院,新潟市西蒲区小吉１０７４番地１,025-375-5670,医療法人社団　五十嵐医院　理事長　五十嵐　俊三,五十嵐　俊三,内,,平11. 7. 1,ika
診療所,15,0123290,医療法人社団　遠藤医院,新潟市西蒲区旗屋６９７番地１,0256-88-2204,医療法人社団　遠藤医院　理事長　遠藤　雅裕,遠藤　雅裕,内　放,,平11. 9. 8,ika
診療所,15,0123308,医療法人社団　健和会　和田内科医院,新潟市西蒲区曽根１２番,0256-88-2134,医療法人社団　健和会　理事長　和田　研,和田　研,内,,平13. 5. 1,ika
病院,15,0123316,西蒲中央病院,新潟市西蒲区旗屋７３１番地,0256-88-5521,医療法人　美郷会　理事長　江部　和人,太田　宏信,一般　療養　内　呼内　アレ　外　整外　眼　リハ　脳内　消化器内科　循環器内科　脳外　ひ　漢方内科,118,平14. 4. 1,ika
診療所,15,0123514,医療法人社団　長沼医院,新潟市西蒲区巻甲２４８６,0256-72-2210,医療法人社団　長沼医院　理事長　長沼　甲太郎,長沼　甲太郎,内,,昭62. 12. 1,ika
診療所,15,0123522,西川内科医院,新潟市西蒲区巻甲２４１７－６,0256-72-6066,医療法人社団　西川内科医院　理事長　西川　元,西川　元,内,,昭63. 11. 1,ika
診療所,15,0123563,高木医院,新潟市西蒲区巻甲２６２２番地,0256-72-2208,医療法人社団　高木医院　理事長　高木　顯,高木　顯,内　小,,平7. 4. 1,ika
診療所,15,0123597,整形外科・皮膚科　しまがきクリニック,新潟市西蒲区巻甲４６４７番１,0256-73-1312,医療法人社団　斎和会　理事長　島垣　和花,島垣　和花,整外　皮　リハ　リウ,,平11. 9. 1,ika
診療所,15,0123605,こどもの医院おおば,新潟市西蒲区巻甲３２６０番１,0256-73-3415,大場　正巳,大場　正巳,小　アレ,,平11. 10. 25,ika
診療所,15,0123613,西蒲原地区休日夜間急患診療所,新潟市西蒲区巻甲４３６３番地,0256-72-5499,西蒲原福祉事務組合　管理者弥彦村長　本間　芳之,岡田　潔,内　小,,平12. 4. 1,ika
診療所,15,0123662,松村醫院,新潟市西蒲区巻甲３２７６番地１,0256-72-1151,松村　健一郎,松村　健一郎,内　外　脳外　皮　リハ,,平16. 10. 1,ika
診療所,15,0123670,もたにメディカルクリニック,新潟市西蒲区巻甲４２７９－５,0256-72-4141,藻谷　直樹,藻谷　直樹,婦　内　産,,平17. 3. 1,ika
診療所,15,0123779,金子内科医院,新潟市西蒲区巻甲１１７５番地１,0256-72-2300,医療法人社団　金子内科医院　金子　直裕,金子　直裕,内　呼　循　消　アレ,,平17. 10. 1,ika
診療所,15,0124017,大西医院　神経内科・内科,新潟市西蒲区巻甲１７８４－１,0256-70-0024,医療法人社団　サマリヤ会　理事長　大西　洋司,大西　洋司,神内　内,,平18. 4. 1,ika
診療所,15,0124199,荒川レディースクリニック,新潟市西蒲区巻甲４６７０番地,0256-72-2785,医療法人社団　荒川レディースクリニック　理事長　荒川　正人,荒川　正人,一般　産婦,,平18. 9. 1,ika
診療所,15,0124223,一般社団法人　新潟県労働衛生医学協会　附属岩室成人病検診センター,新潟市西蒲区橋本１４３番地１,0256-82-5001,一般社団法人　新潟県労働衛生医学協会　会長　佐藤　幸示,廣野　達彦,内,,平18. 10. 1,ika
診療所,15,0124363,さくらざわ眼科クリニック,新潟市西蒲区巻甲４０８５番地,0256-72-5000,医療法人社団　さくらざわ眼科クリニック　理事長　櫻澤　徹,櫻澤　徹,眼,,平19. 4. 1,ika
診療所,15,0124413,おおくら耳鼻科,新潟市西蒲区巻甲４６５０番地１,0256-73-1033,医療法人社団　大倉耳鼻咽喉科　理事長　大倉　隆弘,大倉　隆弘,耳い　アレ,,平19. 4. 1,ika
病院,15,0124835,医療法人社団白美会　新潟西蒲メディカルセンター病院,新潟市西蒲区巻甲４３６８,0256-72-3111,医療法人社団　白美会　理事長　種子田　吉郎,梨本　篤,一般　療養　内　外　脳外　リハ　皮,124,平20. 8. 1,ika
診療所,15,0124918,金子医院,新潟市西蒲区和納１丁目１０番１７号,0256-82-3012,金子　晋,金子　晋,内,,平21. 1. 1,ika
診療所,15,0125188,潟東クリニック,新潟市西蒲区三方１３８番地１,0256-86-1118,医療法人社団　潟東クリニック　理事長　福田　喜一,福田　喜一,内　外　消　乳腺外科　肛門外科,,平21. 10. 1,ika
診療所,15,0125378,笠原内科医院,新潟市西蒲区巻甲２４０８番地１,0256-72-8066,医療法人社団　笠原内科医院　理事長　笠原　紳,笠原　紳,内　小,,平22. 6. 1,ika
診療所,15,0125576,耳鼻咽喉科　渡辺医院,新潟市西蒲区巻甲２５１３番地,0256-72-8833,医療法人社団俊友会渡辺医院　理事長　渡邉　一道,渡邉　一道,耳い　アレ,,平23. 5. 1,ika
診療所,15,0126269,いわむろ透析クリニック,新潟市西蒲区橋本１０１３番地１,0256-82-0035,一般社団法人　新潟県労働衛生医学協会　会長　佐藤　幸示,上村　旭,人工透析内科,,平26. 8. 1,ika
診療所,15,0127267,渡辺内科医院,新潟市西蒲区鱸１３７番地１,0256-77-5102,渡邉　順,渡邉　順,内　消化器内科,,令2. 5. 1,ika
診療所,15,0127465,たかぎクリニック,新潟市西蒲区前田３３１－１,0256-73-7425,医療法人社団　高木医院　理事長　高木　顯,武田　薫子,内　消化器内科　小,,令3. 5. 1,ika
病院,15,0210758,長岡保養園,長岡市町田町字湯沢５７５番地,0258-32-4040,医療法人　至誠会　理事長　荒川　太郎,荒川　太郎,療養　精神　精　神内　内　リハ　放射線科,100,昭43. 2. 1,ika
病院,15,0210881,吉田病院,長岡市長町１丁目１６６８番地,0258-32-0490,医療法人　誠心会　理事長　吉田　英毅,吉田　英毅,一般　療養　内　消化器内科　循環器内科　外　大腸・肛門科　整外　リウ　リハ　ペインクリニック整形外科　麻　放　耳い,,昭45. 12. 1,ika
病院,15,0211145,新潟県立精神医療センター,長岡市寿２丁目４番１号,0258-24-3930,新潟県病院事業管理者　新潟県病院局長　金井　健一,細木　俊宏,精神　精　児童精神科　内,400,昭35. 7. 20,ika
病院,15,0211327,長岡療育園,長岡市深沢町字高寺２２７８番地８,0258-46-6611,社会福祉法人　長岡福祉協会　理事長　田宮　崇,沼田　修,一般　内　小,165,昭54. 5. 23,ika
診療所,15,0211442,福居皮フ科医院,長岡市殿町２丁目５番地１ロイヤル長岡３０１号,0258-36-1767,福居　憲和,福居　憲和,皮,,昭57. 6. 17,ika
病院,15,0211541,田宮病院,長岡市深沢町２３００,0258-46-3200,社会医療法人崇徳会　理事長　田宮　崇,丸山　直樹,精神　精　脳内　内　皮　婦　ひ　眼　耳い,385,昭59. 4. 1,ika
診療所,15,0211632,新潟県長岡保健所,長岡市沖田３丁目２７１１番地１,0258-33-4930,新潟県　新潟県知事　花角　英世,中山　均,内,,昭60. 4. 18,ika
診療所,15,0211723,田辺医院,長岡市稽古町甲１６６３番地甲,0258-33-7661,医療法人社団　雄志会　理事長　田辺　一彦,田辺　一彦,内　小　放　循,,昭61. 12. 1,ika
診療所,15,0211764,さいとう医院,長岡市緑町１丁目３８番地５６,0258-28-1158,医療法人社団　さいとう医院　理事長　齋藤　淳志,齋藤　淳志,内　循環器内科,,昭61. 12. 1,ika
診療所,15,0211848,渡辺医院,長岡市柏町１丁目４番２９号,0258-33-1200,医療法人社団　渡辺医院　理事長　渡邉　秀明,渡邉　秀明,内　外　脳外,,昭63. 10. 1,ika
診療所,15,0211889,加納耳鼻咽喉科医院,長岡市大山２丁目８番地４,0258-28-0303,医療法人社団　加納医院　理事長　加納　昭彦,加納　昭彦,耳い　アレ,,平元. 4. 1,ika
診療所,15,0211939,医療法人社団　伊藤医院　伊藤皮膚科クリニック,長岡市四郎丸４丁目６番１８号,0258-35-2001,医療法人社団　伊藤医院　理事長　伊藤　薫,伊藤　薫,皮,,平元. 4. 1,ika
診療所,15,0211962,自明堂眼科,長岡市殿町３丁目２番地８,0258-32-1217,医療法人社団　自明堂医院　理事長　笛田　孝明,笛田　孝明,眼,,平元. 4. 1,ika
診療所,15,0212010,青柳医院,長岡市四郎丸２丁目４番１２号,0258-32-3118,医療法人社団　青柳医院　理事長　青柳　徹,青柳　徹,内,,平元. 8. 1,ika
診療所,15,0212028,高橋内科医院,長岡市豊田町７番地１０,0258-36-5666,医療法人社団　高橋内科医院　理事長　高橋　暁,高橋　暁,内　消,,平元. 8. 1,ika
診療所,15,0212036,田中医院,長岡市中島７丁目１番３１号,0258-35-3377,医療法人社団　田中医院　理事長　田中　直行,田中　直行,内　外,,平元. 8. 1,ika
診療所,15,0212044,美園内科クリニック,長岡市美園２丁目４番１号,0258-35-0333,医療法人社団　美園内科クリニック　理事長　戸谷　真紀,戸谷　真紀,内　糖尿病内科　小,,平元. 8. 1,ika
診療所,15,0212101,高野医院,長岡市台町１丁目９番６,0258-32-0767,医療法人社団　高野医院　理事長　高野　勝,高野　勝,内,,平元. 10. 1,ika
診療所,15,0212127,太田こどもとアレルギークリニック,長岡市新町１丁目２－２９,0258-32-4884,医療法人社団　太田クリニック　理事長　太田　裕,太田　匡哉,小　アレ　内,,平2. 4. 1,ika
診療所,15,0212192,丸岡医院,長岡市宮内５丁目９番３号,0258-39-2422,丸岡　稔,丸岡　稔,婦　内　外,,平3. 7. 1,ika
病院,15,0212267,長岡西病院,長岡市三ツ郷屋町３７１番地１,0258-27-8500,社会医療法人崇徳会　理事長　田宮　崇,永井　恒雄,一般　療養　内　神内　心内　精　外　整外　リハ　皮　ひ　婦　眼　麻　放射線診断科,166,平4. 5. 1,ika
診療所,15,0212333,山井医院,長岡市今朝白２丁目８番８号,0258-32-5600,医療法人社団　山井医院　理事長　山井健介,山井　健介,内　消　外　リハ,,平5. 9. 1,ika
診療所,15,0212341,江部医院,長岡市千手３丁目１０番１２号,0258-32-0971,医療法人社団　江部医院　理事長　江部　佑輔,江部　佑輔,内　呼内,,平5. 9. 1,ika
診療所,15,0212366,三上医院,長岡市宮原３丁目１２番３０号,0258-32-7502,医療法人社団　三上医院　理事長　三上　理,三上　理,内,,平5. 10. 1,ika
診療所,15,0212465,長尾医院,長岡市福住３－６－２１,0258-32-3123,医療法人社団　長尾医院　理事長　長尾　政之助,長尾　政之助,内,,平6. 12. 12,ika
診療所,15,0212515,ながおか生協診療所,長岡市前田１丁目６－７,0258-39-7001,ながおか医療生活協同組合　理事長　羽賀　正人,羽賀　正人,内　消　外　ひ　リハ,,平7. 5. 1,ika
診療所,15,0212549,土田内科循環器科クリニック,長岡市今朝白３丁目１２番２９号,0258-39-8888,医療法人社団　土田内科循環器科クリニツク　理事長　土田　桂蔵,土田　桂蔵,内　呼内,,平7. 9. 1,ika
診療所,15,0212564,大貫内科医院,長岡市大島新町４丁目１２１番地１４,0258-29-3455,医療法人社団　大貫内科医院　理事長　大貫　啓三,西垣　佑紀,内　放,,平7. 9. 1,ika
診療所,15,0212580,阿部アイクリニック,長岡市新保１－２１－１,0258-33-3533,阿部　映一,阿部　映一,眼,,平8. 4. 1,ika
診療所,15,0212598,鈴木内科医院,長岡市千手１丁目８番６号,0258-35-6946,医療法人社団　鈴木内科医院　理事長　鈴木　信明,鈴木　信明,内,,平8. 4. 1,ika
診療所,15,0212671,一般社団法人　新潟県労働衛生医学協会　附属アクアーレ長岡健康増進センター,長岡市新陽２丁目５番地１　アクアーレ長岡２階,0258-47-5811,一般社団法人　新潟県労働衛生医学協会　会長　佐藤　幸示,入澤　敬夫,内　婦,,平9. 4. 22,ika
病院,15,0212697,悠遊健康村病院,長岡市大字日越３３７番地,0258-47-8500,社会医療法人　立川メディカルセンター　理事長　吉井　新平,立川　浩,一般　療養　内　呼内　脳外　神内　整外　形外　リハ　精　リウ　小　循環器内科,300,平9. 7. 1,ika
診療所,15,0212713,窪田医院,長岡市三和１－３－２７,0258-39-3193,窪田　久,窪田　久,内　胃,,平9. 8. 1,ika
病院,15,0212721,長岡赤十字病院,長岡市千秋２丁目２９７番地１,0258-28-3600,日本赤十字社　社長　清家　篤,藤田　信也,一般　一般（感染）　内　精　神内　小　外　整外　脳外　呼外　心外　小外　皮　ひ　産　婦　眼　耳い　リハ　放　麻　形外　循　リウ　病理　消化器内科　消化器外科　救急科,554,平9. 9. 1,ika
診療所,15,0212739,医療法人社団　幸町耳鼻咽喉科,長岡市幸町１丁目４番３号,0258-37-4111,医療法人社団　幸町耳鼻咽喉科　理事長　佐藤　浩史,佐藤　浩史,耳い　アレ,,平9. 9. 1,ika
診療所,15,0212796,横山皮膚科,長岡市今朝白１丁目１３番７号,0258-32-7511,医療法人社団　横山皮膚科　理事長　横山　令,横山　令,皮　美容皮膚科,,平11. 4. 1,ika
診療所,15,0212804,王見台診療所,長岡市王番田町字早稲田２９００番地,0258-28-8800,社会福祉法人　長岡福祉協会　理事長　田宮　崇,田中　薫,内　整外,,平11. 4. 1,ika
診療所,15,0212820,かわさき内科クリニック,長岡市川崎２丁目２４７７番地１,0258-34-1180,医療法人社団　かわさき内科クリニック　理事長　高野　吉行,高野　吉行,内　小,,平11. 5. 1,ika
診療所,15,0212846,医療法人社団　市川医院,長岡市山田２丁目４ー１３,0258-33-4619,医療法人社団　市川医院　理事長　市川　健太郎,市川　健太郎,内,,平11. 9. 1,ika
診療所,15,0212879,野々村医院,長岡市石内１丁目１番１号,0258-32-8733,医療法人社団　野々村医院　理事長　野々村　直文,野々村　直文,耳い　アレ,,平11. 11. 1,ika
診療所,15,0212945,医療法人社団　杉本医院,長岡市千手３丁目１番９号,0258-32-3018,医療法人社団　杉本医院　理事長　杉本　伸彦,杉本　伸彦,内　小　消化器内科,,平12. 4. 1,ika
診療所,15,0212986,わきや医院,長岡市関原南２丁目４１２２番地,0258-47-1122,医療法人社団　わきや医院　理事長　脇屋　義彦,脇屋　義彦,内　循,,平13. 5. 1,ika
診療所,15,0213000,医療法人社団　藤田皮膚科クリニック,長岡市幸町１丁目８－２５,0258-39-3434,医療法人社団　藤田皮膚科クリニック　理事長　藤田　繁,藤田　繁,皮,,平13. 9. 1,ika
診療所,15,0213034,片桐医院,長岡市上除町西２丁目５４番地,0258-46-2027,医療法人社団　片桐医院　理事長　片桐　紗妃子,鈴木　俊太郎,内　小　放,,平14. 4. 1,ika
診療所,15,0213059,加藤クリニック,長岡市川崎６丁目１２８９番地,0258-31-1148,医療法人社団　加藤クリニック　理事長　加藤　英雄,加藤　英雄,内　消　外　こう　リハ,,平14. 9. 1,ika
診療所,15,0213067,生協かんだ診療所,長岡市西新町２丁目３番２２号,0258-32-2887,ながおか医療生活協同組合　理事長　羽賀　正人,星野　智,内　消　循　ひ　リハ,,平15. 1. 1,ika
診療所,15,0213075,医療法人社団西脇耳鼻咽喉科医院,長岡市蓮潟４丁目２番２２号,0258-20-5115,医療法人社団　西脇耳鼻咽喉科医院　理事長　西脇　智弘,西脇　智弘,耳い　アレ　気食,,平15. 4. 1,ika
診療所,15,0213083,セントポーリアウイメンズクリニック,長岡市南七日町２番地８,0258-21-0800,医療法人社団　セントポーリアクリニック　理事長　星野　明生,星野　明生,産婦　女性内科,,平15. 4. 1,ika
診療所,15,0213091,髙木内科クリニック,長岡市緑町１丁目３７番地２,0258-21-3500,医療法人社団　髙木内科クリニック　理事長　高木　正人,高木　正人,内　糖尿病内科　小,,平15. 4. 1,ika
診療所,15,0213109,野村こどもクリニック,長岡市三和３丁目８番地１４,0258-39-3660,野村　裕治,野村　裕治,小　内　アレ,,平15. 10. 18,ika
診療所,15,0213117,おおじま心療クリニック,長岡市緑町１丁目甲１１７７－６９,0258-25-8707,医療法人社団　おおじま心療クリニック　理事長　大橋　正和,大橋　正和,心内　神　精,,平15. 10. 1,ika
診療所,15,0213257,さえき内科,長岡市中之島字三並５６９－６,0258-66-8500,医療法人社団　堀医院　理事長　佐伯　牧彦,佐伯　牧彦,内　循環器内科,,平16. 10. 1,ika
病院,15,0213273,三島病院,長岡市藤川１７１３番地の８,0258-42-2311,特定医療法人　楽山会　理事長　田中　弘,田中　弘,一般　精神　内　精　神内,271,昭56. 4. 1,ika
診療所,15,0213307,白山診療所,長岡市来迎寺２４２６番地,0258-92-3321,医療法人社団　白山診療所　理事長　今井　篤,今井　篤,内　小,,平6. 4. 1,ika
診療所,15,0213315,こしじ医院,長岡市浦６４１ー１,0258-41-0707,児玉　伸子,児玉　伸子,整外　リハ　内　外,,平11. 10. 1,ika
診療所,15,0213331,横田内科消化器科クリニック,長岡市小国町法坂９１０番地,0258-95-3141,医療法人社団　健誠会　理事長　横田　剛,横田　剛,内　消　眼,,平12. 4. 1,ika
診療所,15,0213349,おくがわ小児クリニック,長岡市古正寺１丁目２８３８番地,0258-28-3111,医療法人　おくがわ小児クリニック　理事長　奥川　敬祥,奥川　敬祥,小　アレ,,平17. 4. 1,ika
診療所,15,0213356,ほんだファミリークリニック,長岡市青葉台３丁目１６番地６,0258-46-6085,医療法人社団　ほんだファミリークリニック　理事長　本田　雅浩,本田　雅浩,内,,平17. 4. 1,ika
診療所,15,0213372,長岡市小国診療所,長岡市小国町楢沢８８番地,0258-95-2010,長岡市　長岡市長　磯田　達伸,福居　和人,内　整外,,平17. 4. 1,ika
診療所,15,0213380,長岡市山古志診療所,長岡市山古志竹沢甲２８３５,0258-59-3807,長岡市　長岡市長　磯田　達伸,石川　忍,内,,平17. 4. 1,ika
診療所,15,0213398,長岡市種苧原診療所,長岡市山古志種苧原２６７６－１,0258-59-3032,長岡市　長岡市長　磯田　達伸,佐藤　良司,内,,平17. 4. 1,ika
診療所,15,0213448,しなのハートクリニック,長岡市信濃２丁目６番１８号,0258-37-0521,石黒　淳司,石黒　淳司,循　内　心内　精,,平17. 8. 1,ika
病院,15,0213489,新潟県厚生農業協同組合連合会　長岡中央綜合病院,長岡市川崎町２０４１番地,0258-35-3700,新潟県厚生農業協同組合連合会　代表理事理事長　塚田　芳久,矢尻　洋一,一般　内　消化器内科　消化器外科　呼内　循環器内科　神内　小　外　整外　リウ　形外　脳外　呼外　心外　皮　ひ　産婦　眼　耳い　精　心内　放射線科　放射線治療科　臨床　リハ　麻　病理　救急科　歯外　腎臓内科　血液内科　腫瘍内科　脊椎脊髄外科　頭頸部外科,500,平17. 10. 1,ika
診療所,15,0213570,関内科医院,長岡市栄町３丁目３番１２号,0258-52-5828,医療法人社団　関内科医院　理事長　杉谷　鈴子,杉谷　鈴子,内　消化器内科,,平4. 4. 1,ika
診療所,15,0213612,荒井医院,長岡市栃尾表町１番４号,0258-52-2248,荒井　義彦,荒井　義彦,内　神内　小　放,,平12. 9. 1,ika
診療所,15,0213661,小林医院,長岡市与板町与板４４１番地,0258-72-2016,医療法人社団　小林医院　理事長　小林　徹,小林　徹,リハ　整外,,平5. 4. 1,ika
診療所,15,0213679,風間医院,長岡市与板町江西３丁目１番２０号,0258-72-2130,医療法人社団　風間医院　理事長　風間　治男,風間　治男,内　小,,平9. 5. 12,ika
診療所,15,0213687,木村医院,長岡市小島谷３３４３番地,0258-74-2172,医療法人社団　木村医院　理事長　木村　元朗,木村　元朗,内　胃,,平2. 4. 1,ika
診療所,15,0213711,コロニーにいがた白岩の里診療所,長岡市寺泊藪田６７８９番地４,0258-75-3131,新潟県　新潟県知事　花角　英世,関　耕治,内　精　皮,,昭46. 12. 1,ika
診療所,15,0213737,医療法人社団　石塚医院,長岡市寺泊片町７７５３番地,0258-75-2071,医療法人社団　石塚医院　理事長　石塚　康夫,石塚　康夫,内　呼,,平16. 4. 1,ika
診療所,15,0213745,長岡市国民健康保険寺泊診療所,長岡市寺泊敦ケ曽根６０５番地１,0256-97-2359,長岡市　長岡市長　磯田　達伸,山田　聡,内,,平18. 1. 1,ika
診療所,15,0213786,笹川眼科,長岡市大島本町５丁目１１３番,0258-28-5005,笹川　智幸,笹川　智幸,眼,,平18. 8. 16,ika
診療所,15,0213794,草間医院,長岡市表町４丁目１－３,0258-32-0289,草間　昭夫,草間　昭夫,内　消　外　こう,,平18. 8. 1,ika
診療所,15,0213810,メッツ整形外科クリニック,長岡市川崎二丁目２４７９番地１,0258-39-5517,医療法人社団　メッツ整形外科クリニック　理事長　長谷川　俊哉,長谷川　俊哉,整外　リハ　リウ,,平18. 10. 1,ika
診療所,15,0213828,栃尾眼科医院,長岡市滝の下町３番４０号,0258-53-0508,医療法人　信眼会　理事長　信田　和男,杦本　容子,眼,,平18. 12. 4,ika
診療所,15,0213836,長岡健康管理センター,長岡市千秋２丁目２２９番地１,0258-28-3666,一般財団法人　新潟県けんこう財団　理事長　入澤　孝昌,明石　明夫,内　婦,,平19. 4. 1,ika
診療所,15,0213844,岩塚診療所,長岡市飯塚２８００番地１,0258-41-3232,医療法人社団　優樹会　理事長　横森　哲太郎,横森　哲太郎,内　小　皮,,平19. 4. 1,ika
診療所,15,0213851,医療法人社団　横田内科・消化器科医院,長岡市浦９９１３番地１,0258-41-0660,医療法人社団　横田内科・消化器科医院　理事長　横田　隆司,横田　隆司,内　消　こう　小,,平19. 4. 1,ika
診療所,15,0213869,かわじ整形外科,長岡市美沢２丁目５５番地１,0258-36-6300,河路　洋一,河路　洋一,整外　リウ　リハ,,平19. 6. 1,ika
診療所,15,0213877,渡辺皮フ科医院,長岡市長町２丁目１番地２,0258-32-4967,医療法人社団　渡辺皮フ科医院　理事長　渡辺　修一,渡邉　修一,皮　形外,,平19. 6. 11,ika
診療所,15,0213893,医療法人信眼会　長岡眼科医院,長岡市今朝白１丁目７番１２号,0258-39-5577,医療法人　信眼会　理事長　信田　和男,安藤　伸朗,一般　眼,,平19. 11. 2,ika
診療所,15,0213927,上原医院,長岡市下沼新田甲９７,0256-98-2551,医療法人社団　麻布会　理事長　上原　兼宗,上原　兼宗,内　消,,平20. 4. 1,ika
診療所,15,0213935,ほり内科医院,長岡市上岩井６８１３番地,0258-41-2525,医療法人社団　ほり内科医院　理事長　堀　高史朗,堀　高史朗,内　アレ,,平20. 6. 1,ika
診療所,15,0213943,にしむら女性クリニック,長岡市新保６－８６,0258-24-2525,西村　紀夫,西村　紀夫,産婦　内,,平20. 8. 1,ika
診療所,15,0213976,新保内科医院,長岡市古正寺３丁目１２番地,0258-25-8282,医療法人社団　新俊会　理事長　新保　俊光,新保　俊光,内　小　呼　アレ,,平21. 4. 1,ika
診療所,15,0214016,医療法人社団セッテローザ　七條胃腸科内科医院,長岡市新保６丁目７７番地,0258-22-7177,医療法人社団セッテローザ　理事長　七條　公利,七條　公利,女性内科　和漢　婦　胃腸内科　内視鏡内科　乳腺内科　食道内科　消化器内科　アレ,,平22. 4. 1,ika
診療所,15,0214040,なかの眼科クリニック,長岡市浦６５１－４,0258-86-8673,中野　敦雄,中野　敦雄,眼,,平23. 5. 1,ika
診療所,15,0214057,メンタルクリニック長岡,長岡市学校町３丁目１１－４６,0258-84-7337,森田　善晴,森田　善晴,心内　精　内,,平23. 5. 10,ika
診療所,15,0214073,木村医院,長岡市関原町２－２４４,0258-46-2019,木村　慶太,木村　慶太,内,,平23. 10. 1,ika
診療所,15,0214081,みぞはた眼科,長岡市千秋２丁目２７８番地リバーサイド千秋２Ｆ,0258-21-3395,溝端　乃里夫,溝端　乃里夫,眼,,平24. 1. 14,ika
診療所,15,0214099,本皮ふ科,長岡市千歳１丁目３番４１,0258-39-4112,本　友高,本　友高,皮,,平24. 6. 1,ika
診療所,15,0214107,栃尾みみ・はな・のどクリニック,長岡市仲子町８－２７,0258-53-0033,髙野　由美子,髙野　由美子,耳い　アレ,,平24. 10. 1,ika
診療所,15,0214115,生協こどもクリニック,長岡市沢田１丁目１番２０,0258-33-7131,ながおか医療生活協同組合　理事長　羽賀　正人,井埜　晴義,小　内,,平24. 11. 1,ika
診療所,15,0214131,戸内整形外科クリニック,長岡市荻野１丁目７－３８,0258-27-9987,戸内　英雄,戸内　英雄,整外　リウ　リハ,,平25. 5. 1,ika
診療所,15,0214149,長岡皮フ科・形成外科医院,長岡市学校町１丁目９番２０号,0258-39-8186,医療法人社団　さくら形成クリニック　理事長　後藤　清,後藤　清,美外　形外　皮,,平26. 2. 19,ika
診療所,15,0214156,長岡休日・夜間急患診療所,長岡市幸町２丁目１番１号,0258-37-1199,一般社団法人　長岡市医師会　会長　荒井　義彦,荒井　義彦,内　小　外,,平26. 5. 13,ika
診療所,15,0214164,長岡市中越こども急患センター,長岡市幸町２丁目１番１号,0258-86-5099,長岡市　長岡市長　磯田　達伸,草間　昭夫,小,,平26. 5. 13,ika
診療所,15,0214172,長岡レディースクリニック,長岡市新保２－５－４３,0258-22-7780,医療法人社団　長岡レディースクリニック　理事長　七里　和良,七里　和良,産婦,,平26. 4. 1,ika
診療所,15,0214180,たかはし内科医院,長岡市栃尾本町６番１号,0258-51-5520,医療法人社団　たかはし内科医院　理事長　高橋　和久,高橋　和久,内　小　神内,,平26. 6. 1,ika
診療所,15,0214214,おのづかこどもクリニック,長岡市喜多町１１４７－３,0258-29-3715,小野塚　淳哉,小野塚　淳哉,小　アレ,,平27. 5. 1,ika
診療所,15,0214222,ながおか医療生活協同組合　あたごこどもクリニック,長岡市琴平１丁目２番１,0258-36-5810,ながおか医療生活協同組合　理事長　羽賀　正人,吉川　秀人,小　内,,平27. 7. 1,ika
診療所,15,0214230,喜多町むらやまクリニック,長岡市喜多町１１４４－１,0258-27-7720,村山　慎一郎,村山　慎一郎,ひ,,平27. 10. 1,ika
診療所,15,0214255,栃尾郷クリニック,長岡市金町２丁目５番２２号,0258-52-2181,新潟県厚生農業協同組合連合会　代表理事理事長　塚田　芳久,宮﨑　大輔,内,,平28. 8. 1,ika
病院,15,0214263,立川綜合病院,長岡市旭岡１丁目２４番地,0258-33-3111,社会医療法人　立川メディカルセンター　理事長　吉井　新平,岡部　正明,一般　内　呼内　神内　脳外　整外　形外　小　外　産婦　ひ　心外　呼外　眼　皮　耳い　精　麻　放射線科　放射線治療科　放射線診断科　リハ　消化器内科　消化器外科　循環器内科　病理　緩和ケア内科,431,平28. 11. 1,ika
診療所,15,0214271,すずき脳神経クリニック,長岡市喜多町３０４３,0258-89-7077,鈴木　健司,鈴木　健司,脳外　内　神内　リハ,,平29. 3. 1,ika
診療所,15,0214289,キャッツこどもクリニック,長岡市美沢３丁目４９３番地１,0258-33-1122,医療法人社団　太子会　理事長　磯部　賢諭,磯部　賢諭,小　精　皮,,平29. 5. 1,ika
診療所,15,0214297,ながおか心のクリニック,長岡市千歳１丁目３番４２号,0258-38-5001,医療法人社団　未来舎　理事長　中垣内　正和,中垣内　正和,心内　精　内,,平29. 5. 1,ika
診療所,15,0214305,髙須メンタルクリニック,長岡市大手通１丁目４番地３ドルミー駅前ビル７階,0258-37-3575,医療法人社団　髙須クリニック　理事長　髙須　庸平,髙須　庸平,心内　精　内,,平29. 5. 1,ika
診療所,15,0214339,長岡寺島眼科クリニック,長岡市寺島町７３０番地,0258-94-5163,医療法人　新光会　理事長　新保　光一郎,中村　美希,眼,,平30. 6. 1,ika
診療所,15,0214347,菜の花メンタルクリニック,長岡市高見町３０２０－２,070-1006-4443,清川　乃美,清川　乃美,心内　精　老年内科,,平30. 9. 1,ika
診療所,15,0214354,江陽高田医院,長岡市藤沢１丁目８番１７号,0258-28-1835,医療法人社団　互尊会　理事長　高田　琢磨,高田　琢磨,内　腎臓内科　糖尿病内科　歯　歯外　リハ,,平30. 10. 1,ika
診療所,15,0214362,ふくはら内科クリニック,長岡市美沢二丁目５７－８,0258-36-0077,福原　康夫,福原　康夫,内　消化器内科,,令元. 11. 1,ika
診療所,15,0214370,旭岡木口クリニック,長岡市旭岡２丁目２０７番地,0258-94-4951,医療法人社団　木口内科クリニック　理事長　木口　俊郎,木口　俊郎,内　呼内,,令元. 10. 16,ika
診療所,15,0214388,アイ内科クリニック,長岡市城内町一丁目６１１－１ＣｏＣｏＬｏ長岡２階,0258-33-8833,医療法人社団　悠安舎　理事長　殷　煕安,殷　煕安,内,,令元. 11. 1,ika
診療所,15,0214404,はしもと眼科クリニック,長岡市荻野１丁目７番１３号,0258-27-5015,橋本　薫,橋本　薫,眼,,令2. 4. 1,ika
診療所,15,0214412,おくむら耳鼻科クリニック,長岡市花園南１丁目６４番地,0258-89-6088,医療法人社団　おくむら耳鼻科クリニック　理事長　奥村　仁,奥村　仁,耳い　アレ,,令2. 5. 1,ika
診療所,15,0214420,黒条内科・消化器クリニック,長岡市下々条町２８３６番地１,0258-24-4976,医療法人　道志会　理事長　大関　康志,大関　康志,内　消化器内科,,令2. 5. 1,ika
診療所,15,0214438,あさひおか内科・内視鏡クリニック,長岡市旭岡１丁目２９－２,0258-84-7360,髙野　明人,髙野　明人,内　消化器内科　内視鏡内科,,令2. 6. 1,ika
診療所,15,0214446,エールホームクリニック,長岡市下柳１丁目１０番１３号,0258-86-8722,医療法人メディカルビットバレー　理事長　伊藤　朋之,藤本　篤,内　リウ　小　皮　アレ　腎臓内科　呼内,,令2. 10. 1,ika
診療所,15,0214453,みつまクリニック,長岡市表町４丁目１番地７,0258-34-1121,医療法人社団三間内科医院　理事長　三間　渉,三間　渉,内　循,,令2. 10. 1,ika
診療所,15,0214461,田村クリニック,長岡市新保１丁目２０番９号,0258-32-3280,医療法人社団　田村クリニック　理事長　田村　隆美,田村　隆美,ひ　皮　内,,令2. 10. 1,ika
診療所,15,0214487,医療法人社団　さの整形外科クリニック,長岡市左近３丁目６２－１,0258-31-2080,医療法人社団　さの整形外科クリニック　理事長　佐野　敦樹,佐野　敦樹,整外　リハ　リウ,,令3. 6. 1,ika
診療所,15,0214495,おやなぎアレルギークリニック,長岡市左近３－６１－２,0258-77-2070,小柳　貴人,小柳　貴人,アレ　小,,令4. 4. 15,ika
診療所,15,0214503,耳鼻咽喉科　斎藤医院,長岡市山田３丁目１番３号,0258-32-0834,齋藤　修,齋藤　修,耳い,,令4. 5. 1,ika
診療所,15,0214511,旭岡アイクリニック,長岡市旭岡２丁目２７０,0258-86-4713,栂野　哲哉,栂野　哲哉,眼,,令4. 6. 1,ika
診療所,15,0214529,やおえだ眼科,長岡市長町２丁目１６４９－１,0258-32-0833,医療法人社団　やおえだ眼科　理事長　八百枝　潔,八百枝　潔,眼,,令4. 10. 1,ika
診療所,15,0214537,こころのクリニック　ウィズ,長岡市台町２丁目１番１６号,0258-34-7502,社会医療法人崇徳会　理事長　田宮　崇,後藤　雅博,精　心内,,令4. 11. 3,ika
診療所,15,0214545,保川内科医院,長岡市摂田屋町７６３番地１,0258-89-8798,保川　亮太,保川　亮太,内　腎臓内科,,令5. 5. 1,ika
診療所,15,0214552,長岡こころの発達クリニック,長岡市旭岡１丁目２９番地３,0258-35-3556,医療法人社団　聴風歌　理事長　田村　立,田村　立,児童精神科　精　心内,,令5. 6. 1,ika
診療所,15,0214560,エールホームクリニック長岡,長岡市坂之上町２丁目３番地２０米百俵プレイス北館１階,0258-86-7223,医療法人メディカルビットバレー　理事長　伊藤　朋之,田村　真麻,内　皮　リウ　アレ　呼吸器内科　美容皮膚科,,令5. 10. 1,ika
診療所,15,0214578,すとく・おれんじクリニック,長岡市坂之上町二丁目３番地２０,0258-84-7995,社会医療法人崇徳会　理事長　田宮　崇,田宮　崇,脳内　精,,令5. 11. 1,ika
診療所,15,0214586,八幡産科婦人科医院,長岡市稲保南３丁目７６６－２７,0258-94-6257,八幡　哲郎,八幡　哲郎,一般　産　婦,,令6. 7. 1,ika
診療所,15,0214594,たくぼ整形外科クリニック,長岡市緑町１丁目１３２番地２,0258-28-8008,田窪　良太,田窪　良太,整外　リハ　リウ,,令6. 4. 21,ika
診療所,15,0214602,喜多町診療所,長岡市喜多町１０７０－１,0258-29-1230,医療法人社団喜多町診療所　理事長　鈴木　健介,鈴木　健介,内　人工透析内科,,令6. 5. 1,ika
診療所,15,0214610,アグリホームクリニック　ながおか,長岡市新組町２２１１番１５メゾンドハーモニー１階,0258-94-6178,医療法人ＡＧＲＩＥ　理事長　伊藤　俊一郎,水澤　桂,内　外　精,,令6. 12. 1,ika
診療所,15,0214636,あおばクリニック長岡院,長岡市城内町２丁目６番地１　高野不動産駅前ビル６階,0258-30-1970,医療法人社団あおばクリニック　理事長　丸本　桂三,大谷　信夫,眼　美容皮膚科,,令7. 7. 1,ika
診療所,15,0214644,きしクリニック,長岡市笹崎１－２－３,050-5527-4691,岸　翔平,岸　翔平,内　循環器内科,,令7. 11. 1,ika
診療所,15,0214651,ひぐち整形外科クリニック,長岡市川崎町７７９－１,0258-36-7688,樋口　賢太郎,樋口　賢太郎,整外　リハ　リウ,,令7. 10. 1,ika
診療所,15,0214669,曲新町小林眼科医院,長岡市曲新町６８７－３,0258-37-8230,小林　司,小林　司,眼,,令8. 4. 1,ika
診療所,15,0214677,吉田内科クリニック,長岡市曲新町５９２番５,0258-31-1010,医療法人社団　吉田医院　理事長　吉田　正弘,吉田　正弘,内　消化器内科,,令8. 4. 1,ika
診療所,15,0214685,じゅん脳外科・内科,長岡市泉二丁目４番１号,0258-39-8155,磯貝　将,磯貝　将,脳外　内　リハ,,令8. 6. 1,ika
診療所,15,5710786,医療法人社団　川口診療所,長岡市西川口１２４０番地１,0258-89-2104,医療法人社団　川口診療所　理事長　内田　和宏,内田　和宏,内　外　胃,,平19. 4. 1,ika
病院,15,0410523,社会医療法人嵐陽会　三之町病院,三条市本町５丁目２番３０号,0256-33-0581,社会医療法人　嵐陽会　理事長　森　宏,小澤　常徳,一般　内　脳内　外　脳外　整外　ひ　眼　耳い　放　リハ,210,昭51. 4. 1,ika
診療所,15,0410713,新潟県三条保健所,三条市興野１丁目１３番４５号,0256-36-2360,新潟県　新潟県知事　花角　英世,鈴木　幸雄,内,,昭59. 4. 17,ika
病院,15,0410739,済生会三条病院,三条市大野畑６番１８号,0256-33-1551,社会福祉法人　恩賜財団済生会支部　新潟県済生会　支部長　吉田　俊明,坂内　均,一般　内　呼内　循環器内科　消化器内科　腎臓内科　緩和ケア内科　小　乳腺外科　整外　皮　ひ　婦　眼　リハ　内分泌内科　外　放,120,昭59. 10. 1,ika
診療所,15,0410879,藤﨑医院,三条市西裏館一丁目８番８号,0256-32-1753,医療法人社団　藤﨑医院　理事長　藤﨑　俊之,藤﨑　俊之,耳い,,平元. 4. 1,ika
診療所,15,0410887,岩田眼科医院,三条市東裏館１－９－２１,0256-34-0129,医療法人社団　岩田眼科医院　理事長　岩田　光浩,岩田　光浩,眼,,平元. 4. 1,ika
診療所,15,0410945,医療法人社団　吉澤医院,三条市西大崎１丁目９番２８号,0256-38-3961,医療法人社団　吉澤医院　理事長　吉澤　園恵,吉澤　園恵,内　小,,平元. 8. 1,ika
診療所,15,0411018,津端内科医院,三条市南新保１番１６番,0256-33-0151,医療法人社団　津端内科医院　理事長　津端　俊介,津端　俊介,内,,平元. 10. 1,ika
診療所,15,0411042,榎本外科医院,三条市西四日町１－３－１１,0256-32-0148,医療法人社団　榎本外科医院　理事長　榎本　剛彦,榎本　剛彦,外　内　皮,,平2. 4. 1,ika
病院,15,0411067,三条東病院,三条市北入蔵２丁目１７番２７号,0256-38-1133,医療法人社団　橘光葉会　理事長　林　光輝,小林　昌之,療養　内　リハ　皮　消化器内科,,平2. 5. 1,ika
診療所,15,0411125,谷村脳神経外科クリニック,三条市興野一丁目１３番１４号,0256-35-6868,医療法人社団　五常会　谷村脳神経外科クリニック　理事長　谷村　聡,谷村　聡,一般　神内　脳外　リハ,,平4. 9. 1,ika
診療所,15,0411133,坂内小児科医院,三条市南新保１番３号,0256-35-6633,医療法人社団　坂内小児科医院　理事長　坂内　優子,坂内　優子,小,,平4. 9. 1,ika
診療所,15,0411141,医療法人社団　桑原小児科医院,三条市興野２丁目１０番８号,0256-32-0501,医療法人社団　桑原小児科医院　理事長　桑原　春樹,桑原　春樹,小,,平4. 9. 1,ika
診療所,15,0411174,馬場内科医院,三条市東裏館２丁目１６－１２,0256-35-3100,医療法人社団　馬場内科医院　理事長　馬場　靖幸,馬場　靖幸,内　消,,平6. 4. 1,ika
診療所,15,0411182,池田耳鼻科医院,三条市一ノ門１－１３－１５,0256-32-2796,医療法人社団　池田耳鼻科医院　理事長　池田　稔,池田　稔,耳い　アレ,,平6. 4. 1,ika
診療所,15,0411216,川瀬神経内科クリニック,三条市東本成寺２０番８号,0256-33-9070,医療法人社団　川瀬神経内科クリニック　理事長　川瀬　康裕,川瀨　裕士,神内　内,,平7. 9. 1,ika
診療所,15,0411232,いとうクリニック,三条市林町１丁目２０－２８,0256-32-5350,伊藤　高史,伊藤　高史,内　消,,平8. 4. 26,ika
診療所,15,0411273,水野内科クリニック,三条市月岡１丁目２３番４８号,0256-32-3582,医療法人社団　水野内科クリニック　理事長　水野　春芳,水野　春芳,内　循　小,,平10. 2. 1,ika
診療所,15,0411281,医療法人社団恵和会産科婦人科　茅原クリニック,三条市東本成寺１２－１４,0256-31-1103,医療法人社団恵和会産科婦人科　茅原クリニック　理事長　茅原　保,茅原　保,一般　産婦,,平10. 4. 1,ika
診療所,15,0411315,さいとう小児科,三条市石上２丁目１５番３５号,0256-31-1755,医療法人社団　さいとう小児科　理事長　齋藤　昌志,齋藤　昌志,小　アレ,,平11. 9. 1,ika
診療所,15,0411323,田中内科クリニック,三条市須頃２丁目１０１ー１,0256-32-8100,田中　吉明,田中　吉明,内　循　小,,平11. 11. 1,ika
診療所,15,0411331,どうや胃腸科,三条市興野１丁目６番４６号,0256-36-7411,銅冶　康之,銅冶　康之,胃　消,,平12. 5. 8,ika
診療所,15,0411349,榎本内科クリニック,三条市北新保１丁目１番２８号,0256-33-0235,榎本　博幸,榎本　博幸,胃　内,,平12. 7. 7,ika
病院,15,0411372,富永草野病院,三条市興野２丁目２番２５号,0256-36-8777,医療法人　積発堂　理事長　金谷　文則,澤上　公彦,一般　整外　内　リウ　形外　ひ　リハ　麻,100,平15. 5. 1,ika
診療所,15,0411380,富永草野クリニック,三条市興野２丁目１１番２８号,0256-32-0669,医療法人　積発堂　理事長　金谷　文則,廣川　陽一,整外　内　循　リウ　リハ　形外,,平15. 5. 1,ika
診療所,15,0411406,医療法人社団　雄愛会　レディスクリニック石黒,三条市荒町２丁目２５－３３,0256-33-0150,医療法人社団　雄愛会　理事長　石黒　竜也,石黒　竜也,一般　産婦　小,,平15. 9. 18,ika
診療所,15,0411430,医療法人社団桂杏会　石黒内科医院,三条市西裏館一丁目１０番４６号,0256-32-4970,医療法人社団　桂杏会　理事長　石黒　桂一郎,石黒　桂一郎,内,,平16. 4. 1,ika
診療所,15,0411448,三条眼科,三条市南四日町四丁目３番１０号,0256-36-0077,医療法人社団　慈眼会　理事長　吉澤　豊久,白鳥　敦,眼,,平16. 4. 9,ika
病院,15,0411497,かもしか病院,三条市南五百川８０番地,0256-41-3131,医療法人社団　しただ　理事長　北澤　幹男,北澤　幹男,療養　内　精,120,平17. 6. 1,ika
診療所,15,0411521,阿部内科・消化器科医院,三条市塚野目４－２０－３０,0256-39-1133,阿部　実,阿部　実,内　消,,平18. 4. 6,ika
診療所,15,0411539,たむら皮フ科クリニック,三条市東本成寺２１番３４号,0256-36-1231,医療法人社団　たむら皮フ科クリニック　理事長　田村　正和,田村　正和,皮,,平18. 4. 1,ika
診療所,15,0411547,なかじま医院,三条市大字新堀１３０５番地１,0256-45-7777,医療法人社団　なかじま医院　理事長　中嶋　俊明,中嶋　俊明,内　呼　胃　アレ　小,,平18. 4. 1,ika
診療所,15,0411562,内科・消化器科　わたなべ医院,三条市西本成寺１丁目３８番４５号,0256-36-7377,医療法人社団　内科・消化器科わたなべ医院　理事長　渡邉　俊明,渡邉　貴之,内　消　胃,,平19. 4. 1,ika
診療所,15,0411570,ふじみや耳鼻科クリニック,三条市興野１丁目３番９号,0256-36-1311,医療法人　ふじみや耳鼻科クリニック　理事長　藤宮　大,藤宮　大,耳い　アレ,,平19. 5. 1,ika
診療所,15,0411596,といし整形外科クリニック,三条市荒町２丁目１－４６,0256-32-1014,登石　聡,登石　聡,整外　リハ,,平19. 10. 10,ika
診療所,15,0411620,坪井内科医院,三条市本町３－６－１４,0256-33-1241,坪井　康紀,坪井　康紀,内,,平20. 5. 1,ika
病院,15,0411638,大島病院,三条市大島５１０３,0256-34-1551,社会医療法人　崇徳会　大島病院　理事長　田宮　崇,松本　晃明,精神　精　脳内,240,平20. 11. 1,ika
診療所,15,0411646,県央医師会応急診療所,三条市興野１丁目１３番６７号,0256-32-0909,一般社団法人　三条市医師会　会長　田中　吉明,田中　吉明,内　小　外　整外,,平21. 4. 1,ika
診療所,15,0411661,日戸医院,三条市島田１－１－１９,0256-33-1295,高木　美樹,高木　美樹,皮,,平22. 3. 13,ika
診療所,15,0411679,あまの整形外科,三条市南四日町４丁目７番５４号,0256-33-5556,医療法人社団　秀和会　理事長　天野　秀久,天野　秀久,整外,,平23. 4. 1,ika
診療所,15,0411687,篠田耳鼻咽喉科医院,三条市東本成寺２１番３８号,0256-33-5875,医療法人社団　篠田耳鼻咽喉科医院　理事長　篠田　秀夫,篠田　秀夫,耳い　アレ,,平23. 4. 1,ika
診療所,15,0411703,かおる心療内科,三条市新光町１番２９号,0256-32-8080,矢沢　薫,矢沢　薫,心内　精　内　神内,,平24. 3. 1,ika
診療所,15,0411729,東三条まもる眼科,三条市東三条１－１５－２３,0256-35-1020,宗村　守,宗村　守,眼,,平24. 5. 7,ika
診療所,15,0411745,さとう栄整形外科クリニック,三条市西本成寺１丁目３５番１０号,0256-33-2220,医療法人社団　さとう栄整形外科クリニック　理事長　佐藤　栄,佐藤　栄,整外,,平25. 5. 1,ika
診療所,15,0411752,三条こどもクリニック,三条市西本成寺２丁目４番２４号,0256-35-2020,医療法人　慈恩会　理事長　小林　武弘,小林　武弘,小　アレ,,平26. 5. 1,ika
診療所,15,0411778,むとう医院,三条市島田２丁目８番１２号,0256-34-6368,武藤　学,武藤　学,内　アレ　神内,,平27. 9. 30,ika
診療所,15,0411786,三条りゅうクリニック,三条市興野１－１４－３２,0256-33-9388,渡辺　竜助,渡辺　竜助,ひ　内,,平28. 4. 1,ika
診療所,15,0411794,中川内科医院,三条市東三条２丁目２番１８号,0256-33-1671,医療法人中川内科医院　理事長　中川　理,中川　理,内　糖尿病内科　内分泌内科,,平28. 10. 1,ika
診療所,15,0411802,やまぐち内科クリニック,三条市鶴田２丁目１番６－５号,0256-39-0111,医療法人社団　やまぐち内科クリニック　理事長　山口　修,山口　修,内　胃腸内科　アレ,,平30. 1. 5,ika
診療所,15,0411828,内科・呼吸器内科　山口医院,三条市東本成寺１２番１号,0256-46-8537,山口　美沙子,山口　美沙子,内　呼内,,令元. 6. 1,ika
診療所,15,0411844,塚野目診療所,三条市塚野目二丁目９番５４号,0256-34-6551,医療法人社団　塚野目診療所　理事長　河内　裕介,河内　裕介,一般　内,,令元. 10. 1,ika
診療所,15,0411851,たかおクリニック,三条市東裏館２丁目２１－３６（株）佐藤産業ビル３Ｆ,0256-47-1783,医療法人社団　みるら神経内科・心療内科　理事長　矢沢　隆夫,矢沢　隆夫,内　神内　心内　精,,令元. 11. 1,ika
診療所,15,0411877,三条しただ郷クリニック,三条市荻堀１１８２番地１,0256-46-8717,医療法人社団　陽心会　理事長　池上　敬一,池上　敬一,内　外,,令3. 9. 1,ika
診療所,15,0411919,燕三条すごろ脳脊髄クリニック,三条市上須頃１５２５,0256-47-4811,医療法人社団　樹央会　　理事長　佐藤　正樹,佐藤　大樹,脳外　内,,令6. 3. 1,ika
診療所,15,0411927,一般社団法人　新潟県労働衛生医学協会　県央健診スクエア,三条市上須頃４番地１,0256-46-8150,一般社団法人　新潟県労働衛生医学協会　会長　佐藤　幸示,佐藤　信昭,内　婦,,令6. 5. 1,ika
病院,15,0411935,社会福祉法人恩賜財団済生会　新潟県央基幹病院,三条市上須頃５００１番１,0256-47-4700,新潟県基幹病院事業　新潟県知事　花角　英世,岩淵　洋一,一般　一般（感染）　循環器内科　消化器内科　消化器外科　呼吸器・感染症内科　呼吸器外科　腎臓内科　血液内科　内分泌・代謝内科　脳内　精　小　外　乳腺外科　心外　脳外　整外　形外　ひ　皮　産婦　眼　耳鼻咽喉・頭頸部外科　放射線診断科　放射線治療科　救急科　麻　歯外　病理　リハ　内,400,令6. 3. 1,ika
診療所,15,0411943,いたみと女性の野田医院県央,三条市上須頃１５９７番地１,0256-36-5577,野田　宗慶,野田　宗慶,麻　内　婦,,令6. 5. 1,ika
診療所,15,0411950,燕三条すごろ眼科,三条市上須頃１５９７番地１メディカルプラザ２１　１階,0256-47-1703,吉野　秀昭,吉野　秀昭,眼,,令6. 6. 1,ika
診療所,15,0411968,こころのケア三条クリニック,三条市鶴田２－１－１０,0256-46-0911,嶋田　修一郎,嶋田　修一郎,精,,令6. 10. 1,ika
診療所,15,0411976,ムラヤマ皮フ科,三条市荒町２丁目１番２１号,0256-47-0097,村山　翔太郎,村山　翔太郎,皮　アレ,,令7. 2. 1,ika
診療所,15,0411984,けんおう皮フ科クリニック,三条市須頃３丁目１１８番,0256-64-7712,二瓶　達也,二瓶　達也,皮　形外,,令7. 7. 1,ika
診療所,15,0411992,としみ眼科医院,三条市嘉坪川１－１－１２,0256-33-2008,清河　慈,清河　慈,眼,,令7. 6. 1,ika
診療所,15,0412008,新潟三条ささき内科・消化器内科クリニック,三条市興野１丁目１８番１３号,0256-46-8488,医療法人社団Ｅｃｕｂｅ新潟三条ささき内科・消化器内科クリニック　理事長　佐々木　一之,佐々木　一之,内　消化器内科,,令8. 4. 1,ika
診療所,15,0412016,医療法人社団　おおたに整形外科クリニック,三条市一ノ門２丁目１番７号,0256-33-3115,医療法人社団　おおたに整形外科クリニック　理事長　大溪　一孝,大溪　一孝,整外　リハ　皮　外,,令8. 5. 1,ika
診療所,15,0510488,柏崎市国民健康保険北条診療所,柏崎市大字大広田９３番地,0257-25-3215,柏崎市　柏崎市長　櫻井　雅浩,樋口　真也,内　神内,,昭47. 1. 1,ika
診療所,15,0510629,新潟県柏崎保健所,柏崎市鏡町１１番９号,0257-22-4165,新潟県　新潟県知事　花角　英世,堀井　淳一,内,,昭50. 7. 30,ika
病院,15,0510777,医療法人（財団）公仁会　柏崎中央病院,柏崎市駅前２丁目１番２５号,0257-23-6254,医療法人（財団）公仁会　理事長　星山　行基,星山　行基,一般　内　整外　ひ　リハ　循　消　糖尿病内分泌内科,,昭58. 4. 1,ika
診療所,15,0510801,柏崎市刈羽郡医師会・柏崎メジカルセンター,柏崎市栄町１８番３号,0257-23-2111,一般社団法人　柏崎市刈羽郡医師会　会長　杉本　不二雄,杉本　不二雄,内,,昭59. 1. 1,ika
病院,15,0510819,柏崎厚生病院,柏崎市大字茨目字二ツ池２０７１番地１,0257-22-0111,社会医療法人　立川メディカルセンター　理事長　吉井　新平,松田　ひろし,一般　精神　精　内,240,昭60. 4. 1,ika
診療所,15,0510850,川田胃腸クリニック,柏崎市東本町１－１２－８,0257-22-2024,川田　良得,川田　良得,内　胃　外　こう,,昭61. 12. 20,ika
診療所,15,0510868,産科・婦人科　山田医院,柏崎市駅前２丁目１番２７号,0257-23-6070,医療法人社団　山田医院　理事長　山田　潔,山田　潔,産　婦　内,,昭62. 4. 1,ika
診療所,15,0511015,医療法人社団　五十川医院,柏崎市関町１２番５号,0257-24-3277,医療法人社団　五十川医院　理事長　五十川　修,五十川　修,内　消,,平元. 4. 1,ika
診療所,15,0511056,北村医院,柏崎市中央町４番１７,0257-22-3773,医療法人社団　北村医院　理事長　北村　哲也,北村　哲也,耳い　アレ　気食,,平元. 8. 1,ika
診療所,15,0511064,宮尾こどもファミリークリニック,柏崎市東本町一丁目４番２９号,0257-23-5768,医療法人社団　宮尾医院　理事長　田中　岳,田中　岳,小　新生児内科　内,,平元. 8. 1,ika
診療所,15,0511163,内山整形外科医院,柏崎市駅前１丁目４番３３号,0257-22-2001,医療法人社団　内山整形外科医院　理事長　内山　徹,内山　徹,整外,,平2. 8. 1,ika
診療所,15,0511189,医療法人社団　高木医院,柏崎市西本町２丁目８番１７号,0257-22-4388,医療法人社団　高木医院　理事長　高木　秋夫,高木　秋夫,内　心内　精,,平2. 10. 1,ika
病院,15,0511205,新潟県厚生農業協同組合連合会　柏崎総合医療センター,柏崎市北半田２丁目１１番３号,0257-23-2165,新潟県厚生農業協同組合連合会　代表理事理事長　塚田　芳久,相田　浩,一般　内　呼内　神内　外　整外　脳外　精　小　皮　ひ　産婦　眼　耳い　リハ　放　麻　循環器内科　消化器内科　血液内科　内分泌・糖尿病内科　腎臓内科,293,平3. 6. 7,ika
診療所,15,0511254,おぎた小児科医院,柏崎市西本町１の４の３４,0257-22-2457,荻田　安時,荻田　安時,小,,平5. 4. 1,ika
診療所,15,0511304,医療法人社団　村井こどもクリニック,柏崎市北半田２丁目１４番８号,0257-21-1717,医療法人社団　村井こどもクリニック　理事長　村井　力四郎,村井　力四郎,小,,平5. 4. 7,ika
診療所,15,0511320,医療法人社団　まるやま内科クリニック,柏崎市北半田１丁目１番４８号,0257-21-3666,医療法人社団　まるやま内科クリニック　理事長　丸山　正樹,丸山　正樹,内　消,,平7. 4. 1,ika
診療所,15,0511338,むなかた眼科医院,柏崎市東本町１丁目８番３６号,0257-22-2947,宗像　利幸,宗像　利幸,眼,,平7. 4. 3,ika
診療所,15,0511346,かさき眼科,柏崎市中央町３丁目３２,0257-21-2600,笠木　逸夫,笠木　逸夫,眼,,平7. 7. 9,ika
診療所,15,0511379,柏崎市国民健康保険野田診療所,柏崎市大字野田９２２番地６,0257-29-2005,柏崎市　柏崎市長　櫻井　雅浩,三浦　公一郎,内,,平8. 4. 1,ika
診療所,15,0511452,扇町皮膚科医院,柏崎市扇町３番８４号,0257-32-1241,医療法人社団　扇町皮膚科医院　理事長　小林　聰也,小林　聰也,皮,,平10. 9. 1,ika
診療所,15,0511544,横田整形外科医院,柏崎市穂波町２－８,0257-20-6110,医療法人社団　横田整形外科医院　理事長　横田　文彦,横田　文彦,整外　リハ　リウ,,平14. 4. 1,ika
診療所,15,0511551,こんどう医院,柏崎市東長浜町３－１５,0257-21-8087,医療法人社団　こんどう医院　理事長　近藤　勝彦,近藤　勝彦,耳い　アレ,,平14. 5. 1,ika
診療所,15,0511577,石井整形外科,柏崎市東長浜町３番１３号,0257-32-1300,医療法人社団　石井整形外科　理事長　石井　卓,石井　卓,整外　リハ　リウ,,平14. 9. 1,ika
診療所,15,0511585,駅前クリニック　前畑医院,柏崎市駅前２－２－３,0257-32-1700,医療法人社団　幸　洋　会　理事長　前畑　幸彦,前畑　幸彦,内　心内　アレ　リハ　精,,平15. 4. 1,ika
診療所,15,0511593,杉本医院,柏崎市田中２４番地１１号,0257-20-0770,医療法人社団　杉本医院　理事長　杉本　不二雄,杉本　不二雄,消化器内科　内　乳腺外科　肛門外科,,平15. 4. 1,ika
診療所,15,0511635,医療法人社団　中沢消化器科・内科医院,柏崎市北半田２丁目７番１８号北半田メディカルビル１Ｆ,0257-32-3650,医療法人社団　中沢消化器科・内科医院　理事長　中澤　俊郎,中澤　俊郎,内　消,,平16. 4. 1,ika
診療所,15,0511643,本田医院,柏崎市比角１－２－３,0257-21-2555,医療法人社団　本田医院　理事長　本田　茂,本田　茂,内,,平17. 4. 1,ika
診療所,15,0511692,前畑医院米山分院,柏崎市米山町１３１３番地１０,0257-26-2302,医療法人社団　幸洋会　理事長　前畑　幸彦,前畑　幸彦,内,,平17. 8. 1,ika
病院,15,0511700,関病院,柏崎市元城町１番４２号,0257-23-4314,医療法人　明生会　理事長　阿部　亮,阿部　亮,精神　精,100,平17. 10. 1,ika
診療所,15,0511718,医療法人　さとう内科クリニック,柏崎市三和町３－４３,0257-23-0908,医療法人　さとう内科クリニック　理事長　佐藤　高久,佐藤　高久,内　呼　アレ,,平17. 10. 1,ika
診療所,15,0511734,柏崎市谷根診療所,柏崎市大字谷根３２５６番地１,0257-26-2502,柏崎市　柏崎市長　櫻井　雅浩,三浦　公一郎,内,,平18. 1. 1,ika
診療所,15,0511742,高橋医院,柏崎市春日１丁目６番２３－５号,0257-22-0753,高橋　章,高橋　章,整外　リウ　リハ,,平18. 10. 2,ika
診療所,15,0511809,医療法人社団　のざわ内科医院,柏崎市中央町１１－３３,0257-32-2225,医療法人社団　のざわ内科医院　理事長　能澤　明宏,能澤　明宏,内　消化器内科,,平21. 12. 1,ika
診療所,15,0511817,医療法人社団　恩田クリニック,柏崎市東本町１丁目８－５４,0257-21-6788,医療法人社団　恩田クリニック　理事長　恩田　晃,恩田　晃,精　内　心内,,平22. 5. 10,ika
診療所,15,0511833,柏崎市国民健康保険高柳診療所,柏崎市高柳町岡野町１８４９番地１,0257-41-2025,柏崎市　柏崎市長　櫻井　雅浩,登坂　尚志,内,,平23. 4. 1,ika
診療所,15,0511841,医療法人社団　たむら脳外科クリニック,柏崎市柳田町７－３１,0257-32-2956,医療法人社団　たむら脳外科クリニック　理事長　田村　亨,田村　亨,脳外　内　外　リハ,,平23. 9. 1,ika
診療所,15,0511866,稲田医院,柏崎市春日一丁目６番２３－１０号,0257-32-0777,医療法人社団　稲田医院　理事長　稲田　勢介,稲田　勢介,内　消　アレ,,平25. 5. 1,ika
診療所,15,0511874,医療法人社団　木村内科循環器科医院,柏崎市松美１丁目１番３５号,0257-22-1220,医療法人社団　木村内科循環器科医院　理事長　木村　道夫,木村　道夫,内　循環器内科,,平25. 10. 1,ika
診療所,15,0511882,佐藤医院,柏崎市大字土合６６３番地１,0257-22-2837,医療法人社団　佐藤医院　理事長　佐藤　俊大,佐藤　俊大,内　放,,平25. 12. 25,ika
診療所,15,0511916,あらき眼科,柏崎市扇町１番７号,0257-32-8008,医療法人社団　柏友会　理事長　荒木　豊,荒木　豊,眼,,平28. 5. 1,ika
診療所,15,0511940,センター前ヒフ科,柏崎市茨目１丁目３番１７号,0257-41-6912,医療法人社団　徳新会　理事長　稲　晃市郎,稲　晃市郎,皮,,令3. 9. 1,ika
診療所,15,0511965,西山ふれあいクリニック,柏崎市西山町池浦字縄手下８７７番地,0257-47-3333,医療法人社団公寿会　理事長　小川　公啓,小川　公啓,内　アレ　心内,,令6. 4. 1,ika
診療所,15,0511973,つよしクリニック,柏崎市扇町１番１１号,0257-41-6011,津吉　秀樹,津吉　秀樹,整外　リハ,,令6. 5. 1,ika
診療所,15,0511981,樋口内科医院扇町,柏崎市扇町２番３号,0257-41-4192,医療法人社団　樋口内科医院扇町　理事長　口　真也,口　真也,内　脳内　心内,,令8. 5. 1,ika
病院,15,8910045,独立行政法人国立病院機構　新潟病院,柏崎市赤坂町３番５２号,0257-22-2126,独立行政法人国立病院機構　理事長　新木　一弘,佐藤　晶,一般　内　脳内　小　外　整外　リウ　放　リハ　脳外　精　心内　心臓血管外科,350,昭35. 7. 1,ika
診療所,15,0610627,新潟県新発田保健所,新発田市豊町３丁目３－２,0254-26-9165,新潟県　新潟県知事　花角　英世,武藤　謙介,内,,昭51. 11. 1,ika
病院,15,0610767,医療法人社団　有心会　有田病院,新発田市金谷１９７番地,0254-22-4009,医療法人社団　有心会　理事長　有田　要,有田　要,精神　精　心内　神　内　呼内,211,昭55. 4. 1,ika
診療所,15,0611021,富樫医院,新発田市中央町３丁目２番１１号,0254-22-3901,医療法人社団　富樫医院　理事長　富樫　辰郎,富樫　辰郎,整外　皮,,昭61. 12. 1,ika
診療所,15,0611039,田中医院,新発田市諏訪町３丁目４番６号,0254-22-3917,医療法人社団　田中医院　理事長　田中　隆,田中　隆,内　脳内,,昭61. 12. 1,ika
診療所,15,0611088,富田産科婦人科クリニック,新発田市諏訪町１丁目２番１５号,0254-22-1155,医療法人社団　富田産科婦人科医院　理事長　富田　雅俊,富田　雅俊,一般　婦　産　小,,昭61. 12. 1,ika
診療所,15,0611104,医療法人社団　駅前医院　いけだ耳鼻科　駅前医院,新発田市諏訪町１丁目３番５号,0254-23-2123,医療法人社団　駅前医院　理事長　池田　正直,池田　正直,一般　耳い　アレ,,昭61. 12. 1,ika
診療所,15,0611294,松沢医院,新発田市本町２丁目８－１３,0254-22-2880,医療法人社団　松城会　理事長　松澤　眞,松澤　眞,耳い　気食　アレ,,平元. 8. 1,ika
診療所,15,0611310,いしい眼科,新発田市諏訪町１丁目９番２８号新発田ニューホテルプラザビル１Ｆ,0254-24-5265,医療法人社団　いしい眼科　理事長　石井　八寿江,石井　八寿江,眼,,平元. 12. 1,ika
病院,15,0611328,竹内病院,新発田市中央町４丁目６番６号,0254-22-2612,医療法人社団　竹内会　理事長　竹内　幸美,竹内　幸美,一般　内　呼内　アレ　神内　心内　放　リハ,,平2. 2. 21,ika
診療所,15,0611344,山崎皮膚科医院,新発田市大手町１丁目１３番８号,0254-26-3533,山崎　龍彦,山崎　龍彦,皮　アレ,,平2. 4. 14,ika
診療所,15,0611369,医療法人社団　せき内科・消化器科医院　せき内科・消化器科医院,新発田市本町３丁目５番１５号,0254-26-1231,医療法人社団　せき内科・消化器科医院　理事長　釋　亮也,釋　亮也,内　消,,平3. 4. 1,ika
診療所,15,0611385,医療法人社団齋藤医院,新発田市豊町２丁目２番２３号,0254-24-1336,医療法人社団　齋藤医院　理事長　齋藤　洋,齋藤　洋,内　内分泌内科,,平3. 6. 1,ika
診療所,15,0611401,佐々木医院,新発田市中央町５丁目３番１８号,0254-22-4555,佐々木　亮,佐々木　亮,内　消　放,,平6. 2. 1,ika
病院,15,0611443,北越病院,新発田市緑町２丁目２０番１９号,0254-26-1010,医療法人社団　Ｍ＆Ｂコラボレーション　理事長　祖父江　展,細田　裕,一般　循環器内科　呼内　脳外　整外　リハ　消化器内科　内　外,,平8. 1. 1,ika
診療所,15,0611468,緑町内科・消化器科　やまだクリニック,新発田市緑町２丁目１６番９号,0254-26-7177,医療法人社団　緑町内科・消化器科　やまだクリニック　理事長　山田　尚志,山田　尚志,内　消,,平8. 4. 1,ika
診療所,15,0611476,木島整形外科,新発田市豊町４丁目１番４号,0254-26-7271,医療法人社団　木島医院　理事長　木島　秀人,木島　秀人,整外　リハ　リウ,,平8. 4. 1,ika
診療所,15,0611567,阿部医院,新発田市五十公野６８０４ー１,0254-21-2251,阿部　洋一,阿部　洋一,内　神内,,平10. 12. 1,ika
診療所,15,0611575,馬場医院,新発田市中央町３丁目１２番１２号,0254-22-2964,馬場　賢哉,馬場　賢哉,内,,平11. 4. 1,ika
診療所,15,0611609,なかだい整形外科医院,新発田市新栄町２丁目１１番６１号,0254-21-2255,医療法人社団　なかだい整形外科医院　理事長　中臺　寛,中臺　寛,整外　リハ,,平12. 4. 1,ika
診療所,15,0611666,医療法人社団慈光会　今井眼科医院,新発田市本町３丁目２ー１,0254-23-8838,医療法人社団慈光会　理事長　畑瀬　哲尚,畑瀬　哲尚,眼,,平13. 7. 16,ika
診療所,15,0611690,三浦内科医院,新発田市新栄町１丁目６番１７号,0254-23-7111,医療法人社団　三浦内科医院　理事長　三浦　義明,三浦　隆義,内　腎臓内科,,平14. 4. 1,ika
診療所,15,0611708,高橋クリニック,新発田市新富町１丁目１番２７号,0254-20-3210,医療法人社団　高橋クリニック　理事長　高橋　等,高橋　等,ひ,,平14. 9. 1,ika
診療所,15,0611716,中川内科医院,新発田市大手町２－１－８,0254-22-4658,中川　巖,中川　巖,内　循,,平15. 4. 1,ika
診療所,15,0611732,医療法人社団　小島医院,新発田市本田３４７０－５,0254-32-2558,医療法人社団　小島医院　理事長　小島　豊雄,小島　豊雄,内　小　放,,平5. 5. 1,ika
診療所,15,0611740,新発田皮フ科,新発田市新栄町２丁目１１番５６号,0254-22-1112,医療法人社団　新発田皮フ科　理事長　池滝　勝史,池滝　勝史,皮　アレ,,平15. 9. 1,ika
診療所,15,0611765,若桑クリニック,新発田市富塚町１－１５－９,0254-22-5700,若桑　正一,若桑　正一,内　外　胃　こう　皮　麻,,平15. 12. 18,ika
診療所,15,0611773,すずき医院,新発田市御幸町２－１２－１,0254-20-5055,医療法人社団　すずき医院　理事長　鈴木　拓次,鈴木　孝幸,心内　精,,平16. 4. 1,ika
病院,15,0611799,医療法人　愛広会　新発田リハビリテーション病院,新発田市荒町甲１６１１番地８,0254-21-0066,医療法人　愛広会　理事長　池田　弘,塩谷　雄二,一般　療養　内　循環器内科　リハ,180,平17. 3. 1,ika
診療所,15,0611815,須貝医院,新発田市藤塚浜１８８４,0254-41-2048,須貝　孝治,須貝　孝治,内,,平3. 8. 1,ika
診療所,15,0611823,花野内科医院,新発田市稲荷岡２２５２番地,0254-41-2138,花野　政晴,花野　政晴,内　消,,平5. 11. 1,ika
診療所,15,0611831,医療法人社団　笹川医院,新発田市下小中山３９２番地,0254-33-2427,医療法人社団　笹川医院　理事長　笹川　康夫,笹川　康夫,内　循　小,,平11. 4. 1,ika
診療所,15,0611898,小児科　桑島医院,新発田市大手町３－５－１９,0254-22-3075,桑島　宏彰,桑島　宏彰,小,,平18. 4. 1,ika
診療所,15,0611922,医療法人　安斎クリニック,新発田市東新町１丁目４番５号,0254-21-3141,医療法人　安斎クリニック　理事長　安斎　裕,安斎　裕,内　外　リハ,,平18. 5. 1,ika
診療所,15,0611930,大杉脳外科医院,新発田市新栄町１丁目２番２１号,0254-23-8211,医療法人社団　大杉脳外科医院　理事長　渡邉　徹,渡邉　徹,脳外　内　リハ,,平18. 5. 1,ika
診療所,15,0611989,医療法人　信眼会　信田眼科医院,新発田市舟入町１ー２ー３６,0254-20-5588,医療法人　信眼会　理事長　信田　和男,小川　武,眼,,平18. 10. 1,ika
病院,15,0612003,新潟県立新発田病院,新発田市本町１丁目２番８号,0254-22-3121,新潟県病院事業管理者　新潟県病院局長　金井　健一,田中　典生,一般　一般（感染）　精神　内　脳神経内科　乳腺外科　救急科　小　外　整外　産婦　眼　耳い　皮　ひ　精　放　脳外　麻　呼外　リハ　心外　病理　循環器内科　消化器外科　形外　リウ,474,平18. 11. 1,ika
診療所,15,0612011,すどう小児クリニック,新発田市豊町２丁目９番１号,0254-26-8881,医療法人　すどう小児クリニック　理事長　須藤　正二,須藤　正二,小　アレ,,平19. 4. 1,ika
診療所,15,0612029,たかはし脳外科皮フ科医院,新発田市住吉町２丁目３番１７号,0254-20-5577,医療法人社団　たかはし脳外科皮フ科医院　理事長　高橋　祥,高橋　祥,脳外　内　リハ　皮　アレ,,平19. 4. 1,ika
診療所,15,0612037,関耳鼻科クリニック,新発田市住吉町４－２０－２,0254-20-5225,医療法人社団　聡明会　理事長　関　聡,関　聡,耳い　アレ　気食,,平19. 4. 1,ika
診療所,15,0612045,平塚ファミリークリニック,新発田市真野原１７１９－４,0254-41-0011,平塚　雅英,平塚　雅英,内　外,,平19. 4. 1,ika
診療所,15,0612060,三日市内科クリニック,新発田市三日市６０５番地１,0254-23-7788,医療法人社団　三日市内科　理事長　佐々木　一圭,佐々木　一圭,内　消化器内科,,平21. 4. 1,ika
診療所,15,0612094,一般財団法人　下越総合健康開発センター,新発田市本町４丁目１６番８３号,0254-24-1145,一般財団法人　下越総合健康開発センター　代表理事　佐々木　亮,佐々木　亮,内,,平22. 5. 1,ika
診療所,15,0612110,けんちゃんクリニック,新発田市新富町２丁目６番１８号,0254-24-8111,医療法人　けんちゃんクリニック　理事長　中山　健司,中山　健司,内　外　呼内　循環器内科,,平22. 10. 1,ika
診療所,15,0612144,渡部整形外科,新発田市緑町３丁目３番２号,0254-28-6363,医療法人社団　渡部整形外科　理事長　渡部　憲一,渡部　憲一,整外　リハ　リウ,,平24. 10. 1,ika
診療所,15,0612151,西新発田クリニック,新発田市佐々木１７５番地,0254-27-3717,飯塚　正仁,飯塚　正仁,内　消化器内科　外,,平24. 10. 4,ika
診療所,15,0612169,原消化器内科医院,新発田市豊町４丁目５番１号,0254-26-8123,医療法人社団鶴嶺会　原消化器内科医院　理事長　原　秀範,原　秀範,内　消化器内科,,平25. 4. 1,ika
診療所,15,0612185,しばた心と体クリニック,新発田市住吉町４丁目８番２６号,0254-28-3200,医療法人　新心会　理事長　小河原　克人,小河原　克人,心内　精　内　消化器内科　内視鏡内科　漢方内科　漢方精神科,,平27. 10. 1,ika
診療所,15,0612193,みゆき町内科クリニック,新発田市御幸町４丁目６番２号,0254-28-7901,医療法人　若生会　理事長　若生　康一,若生　康一,内,,平28. 5. 1,ika
診療所,15,0612219,二王子温泉クリニック,新発田市虎丸４５２番地,0254-25-3535,医療法人社団Ｍ＆Ｂコラボレーション　理事長　祖父江　展,古賀　良生,整外　内　眼,,平28. 9. 1,ika
診療所,15,0612227,皮ふと子ども　ツインスマイルクリニック,新発田市諏訪町１丁目２番１１号イクネスしばたＭＩＮＴＯ館２Ｆ,0254-28-8777,徳力　篤,徳力　篤,皮　小　アレ,,平29. 9. 1,ika
診療所,15,0612243,富田耳鼻科クリニック,新発田市舟入町３丁目１１番１８号７,0254-20-1133,富田　雅彦,富田　雅彦,耳い　アレ,,令元. 5. 1,ika
診療所,15,0612250,城北クリニック,新発田市中曽根町１丁目３番２５号,0254-21-1171,医療法人社団　城北クリニック　理事長　樋口　健一,樋口　健一,内　消化器内科,,令元. 9. 1,ika
診療所,15,0612268,関塚医院,新発田市中田町２丁目１７番１５号,0254-26-1405,医療法人社団　関塚医院　理事長　関塚　直人,関塚　直人,一般　産　婦　産婦人科（生殖医療）,,令元. 10. 27,ika
診療所,15,0612276,新発田地区救急診療所,新発田市本町１丁目１６番１４号,0254-23-8350,下越福祉行政組合　管理者　新発田市長　二階堂　馨,中川　巖,内　小,,令2. 4. 1,ika
診療所,15,0612284,東谷医院,新発田市中央町４丁目１１番２２号,0254-24-5555,東谷　正来,東谷　正来,内　消化器内科,,令2. 8. 1,ika
診療所,15,0612292,西新発田整形外科クリニック,新発田市住吉町４丁目１６番１６号,0254-26-7070,松崎　浩徳,松崎　浩徳,整外　リハ　リウ,,令3. 12. 1,ika
診療所,15,0612300,片桐記念クリニック,新発田市住吉町四丁目３番９号,0254-24-5515,医療法人社団六泉会　理事長　大澤　一郎,鳥越　和雄,内　腎臓内科　循環器内科,,令4. 10. 1,ika
診療所,15,0612326,新発田ひらた内科クリニック,新発田市富塚町２丁目１番２８号,0254-22-1159,医療法人社団　明幸会　理事長　平田　明,平田　明,内　呼内　アレ,,令7. 9. 1,ika
診療所,15,0810110,医療法人坦誠会　根元整形外科医院,小千谷市城内２－１－５,0258-82-4530,医療法人　坦誠会　根元整形外科医院　理事長　根元　純一,根元　純一,整外,,昭46. 4. 1,ika
診療所,15,0810300,藤巻医院,小千谷市真人町甲５－１,0258-86-3006,医療法人社団　藤巻医院　理事長　藤巻　克久,藤巻　克久,内　外　婦,,平元. 10. 1,ika
診療所,15,0810367,池田内科医院,小千谷市城内２丁目６番５号,0258-82-6568,医療法人社団　池田内科医院　理事長　池田　敏明,池田　敏明,内　胃,,平5. 9. 27,ika
診療所,15,0810409,医療法人社団慶友会キタムラ　北村医院,小千谷市城内１丁目８番２３号,0258-82-7212,医療法人社団　慶友会キタムラ　理事長　北村　雄大,北村　雄大,内　循,,平9. 11. 1,ika
診療所,15,0810417,大矢医院,小千谷市大字稗生乙９３３番地７,0258-83-0111,医療法人社団　都城会　理事長　大矢　敏裕,大矢　敏裕,内　消　外　こう,,平10. 9. 1,ika
診療所,15,0810425,医療法人社団　中村内科消化器科医院,小千谷市本町２丁目２番２３号,0258-81-1730,医療法人社団　中村内科消化器科医院　理事長　中村　忠夫,中村　忠夫,内　消,,平11. 4. 1,ika
診療所,15,0810458,さわなか医院,小千谷市城内３丁目３番１３号,0258-81-0058,澤中　信行,澤中　信行,内　胃,,平12. 8. 4,ika
病院,15,0810466,小千谷さくら病院,小千谷市小粟田２７３２番地,0258-83-2680,社会福祉法人　長岡福祉協会　理事長　田宮　崇,山崎　元義,一般　療養　脳内　内　リハ,120,平13. 3. 1,ika
診療所,15,0810474,小林整形外科医院,小千谷市若葉３ー９７ー１,0258-83-1154,医療法人社団　慶祥会　理事長　小林　一,小林　一,整外　リハ　皮　内,,平13. 4. 1,ika
診療所,15,0810508,片貝医院,小千谷市片貝町５０３５番地１５,0258-81-2624,医療法人社団　紅鶴会　理事長　根本　忠,根本　忠,内　小　皮,,平15. 9. 1,ika
診療所,15,0810516,安藤眼科,小千谷市本町１丁目４番１７号,0258-83-1717,医療法人社団　安藤眼科　理事長　安藤　秀夫,安藤　秀夫,眼,,平16. 4. 1,ika
診療所,15,0810557,山下メンタルクリニック,小千谷市平沢１丁目５番２６号,0258-83-1771,医療法人社団　慧文会　理事長　山下　正廣,山下　正廣,精　心内　神,,平21. 6. 1,ika
診療所,15,0810573,山本医院,小千谷市大字桜町５１４７番地９,0258-81-7717,医療法人社団　山本医院　理事長　山本　潔,山本　潔,脳外　内　神内　リハ,,平26. 9. 1,ika
診療所,15,0810581,かつみ医院,小千谷市東栄１－６－６,0258-81-0011,医療法人社団真路会　理事長　勝見　明彦,勝見　明彦,精　内　心内,,平28. 9. 1,ika
病院,15,0810599,新潟県厚生農業協同組合連合会　小千谷総合病院,小千谷市大字平沢新田１１１番地,0258-81-1600,新潟県厚生農業協同組合連合会　代表理事理事長　塚田　芳久,柳　雅彦,一般　内　神内　小　外　産婦　耳い　眼　整外　皮　ひ　リハ　心内　麻　放　消化器内科　循,199,平29. 4. 1,ika
診療所,15,0810607,加藤耳鼻咽喉科クリニック,小千谷市平成１丁目２番７号,0258-86-8288,医療法人社団　加藤クリニック　理事長　加藤　英雄,加藤　雄介,耳い,,令5. 4. 1,ika
診療所,15,0810615,にたはらこどもクリニック,小千谷市桜町４９６２－１,0258-81-6811,仁田原　康利,仁田原　康利,小　皮,,令5. 4. 1,ika
診療所,15,0810623,ひがし小千谷耳鼻咽喉科,小千谷市旭町５－２,0258-94-6200,吉﨑　直人,吉﨑　直人,耳い,,令6. 4. 1,ika
病院,15,0910324,新潟県立加茂病院,加茂市青海町１丁目９番１号,0256-52-0701,新潟県病院事業管理者　新潟県病院局長　金井　健一,富所　隆,一般　療養　内　神内　緩和ケア内科　整外　皮　ひ　眼　耳い　リハ　心臓血管外科　循　婦　精　代謝内科・内分泌内科・腎臓内科・血液内科,,昭35. 7. 20,ika
診療所,15,0910548,ながば耳鼻咽喉科医院,加茂市番田８－１６,0256-53-0751,医療法人社団長徳会　理事長　長場　章,長場　章,耳い　アレ,,昭56. 6. 20,ika
診療所,15,0910571,中村医院,加茂市五番町３番２９号,0256-52-0095,医療法人社団　中村医院　理事長　中村　忠,中村　忠,内　外,,平元. 4. 1,ika
診療所,15,0910589,堀内医院,加茂市大字加茂新田８３５８番地,0256-52-0953,医療法人社団　加新会　堀内医院　理事長　堀内　貞,堀内　陽介,内　整外　皮　麻,,平元. 4. 1,ika
診療所,15,0910597,監物小児科医院,加茂市旭町７番１１号,0256-52-0800,医療法人社団　監物小児科医院　理事長　監物　靖,監物　靖,小　内,,平元. 4. 1,ika
診療所,15,0910605,鷲塚内科医院,加茂市穀町７番７号,0256-52-2054,医療法人社団　鷲塚内科医院　理事長　鷲塚　隆,鷲塚　隆,内　循,,平元. 4. 1,ika
診療所,15,0910670,みながわ整形外科,加茂市番田７番１１号,0256-53-3877,皆川　元,皆川　元,整外　リハ,,平4. 9. 1,ika
診療所,15,0910696,いからし小児科アレルギークリニック,加茂市幸町２丁目９番２３号,0256-53-2250,医療法人社団　いからし小児科アレルギークリニック　理事長　五十嵐　隆夫,五十嵐　隆夫,小　アレ,,平4. 9. 1,ika
診療所,15,0910738,医療法人社団　徳友医院,加茂市高須町一丁目６番１１号,0256-53-0167,医療法人社団　徳友医院　理事長　手塚　光彦,手塚　光彦,内　呼　皮　小,,平8. 4. 1,ika
診療所,15,0910753,松橋アイクリニック,加茂市千刈１丁目６－１８,0256-53-3777,松橋　綾子,松橋　綾子,眼,,平9. 4. 15,ika
診療所,15,0910779,医療法人社団　白美会　さくらクリニック,加茂市寿町９番１０号,0256-52-9511,医療法人社団　白美会　理事長　種子田　吉郎,永井　雅昭,療養　内　人工透析内科　リハ,,平13. 6. 1,ika
診療所,15,0910787,小池内科消化器科クリニック,加茂市仲町１番３７号,0256-53-3355,医療法人社団　小池医院　理事長　小池　雅彦,小池　雅彦,内　消,,平15. 4. 17,ika
診療所,15,0910795,吉田内科医院,加茂市柳町２丁目５番４号,0256-57-7511,吉田　英春,吉田　英春,内　消,,平15. 8. 4,ika
診療所,15,0910803,わたなべ医院,加茂市栄町２－５,0256-53-3850,渡部　忠男,渡部　忠男,ひ　皮　内,,平16. 11. 1,ika
診療所,15,0910845,にのみや内科クリニック,加茂市新栄町４番１号,0256-57-0770,二宮　悟,二宮　悟,糖尿病内科　内,,平29. 8. 1,ika
病院,15,1010181,新潟県立十日町病院,十日町市高田町三丁目南３２番地９,025-757-5566,新潟県病院事業管理者　新潟県病院局長　金井　健一,清﨑　浩一,一般　内　脳神経内科　外　整外　脳外　小　皮　ひ　産婦　眼　耳い　リハ　放　歯外　麻　消化器外科,250,昭35. 7. 20,ika
診療所,15,1010272,一般社団法人　新潟県労働衛生医学協会　附属十日町検診センター,十日町市春日１１３,025-752-6196,一般社団法人　新潟県労働衛生医学協会　会長　佐藤　幸示,室岡　寛,内　婦,,昭61. 9. 5,ika
診療所,15,1010280,医療法人社団　山口医院,十日町市下条３丁目５０９番地,025-755-2003,医療法人社団　山口医院　理事長　山口　孝太郎,山口　孝太郎,一般　内　小　消,,昭61. 12. 1,ika
診療所,15,1010298,山口医院,十日町市袋町中２０８番地,025-752-2174,医療法人社団　山口医院　理事長　山口　義文,山口　義文,内　小,,昭61. 12. 1,ika
診療所,15,1010330,医療法人社団　池田医院,十日町市本町西１丁目３１４番地１,025-752-2581,医療法人社団　池田医院　理事長　池田　透,池田　透,内　小,,平元. 8. 1,ika
診療所,15,1010363,医療法人社団　大坪医院,十日町市四日町１７４３－１０,025-757-6100,医療法人社団　大坪医院　理事長　大坪　隆男,大坪　隆男,内　小,,平4. 4. 1,ika
診療所,15,1010397,田中外科医院,十日町市田中町本通り２７２番地３,025-752-2403,田中　陽一,田中　陽一,内　外,,平8. 4. 1,ika
診療所,15,1010462,本町クリニック,十日町市本町３丁目３６２番地プラザコアビル,025-750-1160,医療法人社団　本町クリニック　理事長　高橋　修一,高橋　修一,内　外　皮,,平12. 4. 1,ika
診療所,15,1010470,たかき医院,十日町市馬場丙１５５０番地１,025-758-2361,医療法人社団　たかき医院　理事長　高木　成子,仲　栄美子,一般　産婦　小,,平12. 4. 1,ika
診療所,15,1010488,大渕内科クリニック,十日町市中条甲１０９６番地２,025-752-7155,医療法人社団　大渕内科クリニック　理事長　大渕　雄子,大渕　雄子,内　小,,平13. 10. 1,ika
診療所,15,1010496,せき整形外科,十日町市四日町１３１８番地２４,025-750-1155,関　眞人,関　眞人,整外　内　リハ　リウ　アレ,,平14. 2. 1,ika
診療所,15,1010512,庭野医院,十日町市寿町４丁目３番地５,025-752-2711,医療法人社団　庭野医院　理事長　庭野　行雄,庭野　行雄,小　内,,平15. 11. 10,ika
診療所,15,1010553,江口医院,十日町市山野田３７６ー４,025-768-4325,江口　孝,江口　孝,内　外　精　神　リハ,,平11. 4. 22,ika
診療所,15,1010561,医療法人社団　富田医院,十日町市上新井１１４５－２,025-761-0200,医療法人社団　富田医院　理事長　富田　浩,富田　浩,内　外　胃　皮　リハ,,平13. 5. 1,ika
診療所,15,1010629,十日町市国民健康保険松之山診療所,十日町市松之山１５９６番地１,025-596-2240,十日町市　十日町市長　関口　芳史,安積　隆,内　小,,平17. 4. 1,ika
診療所,15,1010637,あさだ皮フ科,十日町市稲荷町３丁目５番地９,025-757-4112,浅田　一幸,浅田　一幸,皮　アレ,,平17. 5. 16,ika
診療所,15,1010652,新潟県十日町保健所,十日町市高山８５７番地,025-757-2400,新潟県　新潟県知事　花角　英世,山崎　理,内,,平19. 6. 1,ika
診療所,15,1010678,おおふち眼科,十日町市稲荷町三丁目南７番地２５,025-761-7788,医療法人　おおふち眼科　理事長　大渕　信隆,大渕　信隆,眼,,平22. 10. 1,ika
診療所,15,1010686,新潟県厚生農業協同組合連合会小千谷総合病院十日町診療所,十日町市泉町２９番地,025-752-4401,新潟県厚生農業協同組合連合会　代表理事理事長　塚田　芳久,田沼　厚人,内,,平29. 4. 1,ika
診療所,15,1010694,社会福祉法人　清津福祉会　上村診療所,十日町市田中ロ４６８番地１,025-763-2111,社会福祉法人　清津福祉会　理事長　上村　宣人,上村　斉,内　外　整外　皮　耳い　婦,,平30. 4. 1,ika
診療所,15,1010702,メディカルフォレスト　十日町中央クリニック,十日町市稲荷町３丁目南１番９,025-761-7606,丸山　弦,丸山　弦,内　外　リハ,,平30. 10. 1,ika
診療所,15,1010728,十日町市休日一次救急診療センター,十日町市高田町３丁目南４４２番地,025-757-3411,十日町市役所　十日町市長　関口　芳史,上村　斉,内　小,,令2. 4. 1,ika
診療所,15,1010736,村岡整形外科クリニック,十日町市高田町３丁目西１０８－１,025-755-5111,村岡　治,村岡　治,整外　リハ,,令5. 11. 1,ika
診療所,15,1010744,新潟県厚生農業協同組合連合会　メンタルケア中条,十日町市中条己２９３５番地１９,025-757-3018,新潟県厚生農業協同組合連合会　代表理事理事長　塚田　芳久,飛永　雅信,精,,令5. 12. 1,ika
診療所,15,1010751,ほり内科クリニック,十日町市山本町１丁目８０１番地２,025-755-7030,堀　好寿,堀　好寿,内　呼内　小,,令6. 8. 1,ika
診療所,15,1010769,十日町市国民健康保険川西診療所,十日町市高原田２０１番地４,025-768-2034,十日町市長　関口　芳史,堀崎　孝松,内　循環器内科,,令7. 3. 27,ika
診療所,15,1010777,新潟県立まつだい診療センター,十日町市松代３５９２番地２,025-597-2100,新潟県病院事業管理者　新潟県病院局長　金井　健一,大関　明樹,内　精　整外,,令8. 4. 1,ika
診療所,15,1110288,霜鳥内科医院,見附市新町一丁目８番３号,0258-62-0579,霜鳥　克彦,霜鳥　克彦,内,,昭53. 10. 20,ika
診療所,15,1110403,医療法人社団仁弘会　星野医院,見附市本町４－２－３７,0258-62-0998,医療法人社団　仁弘会　理事長　星野　弘之,星野　弘之,内　小,,平元. 4. 1,ika
診療所,15,1110429,医療法人社団　杏仁堂医院,見附市本町１丁目２番５０号,0258-62-0123,医療法人社団　杏仁堂医院　理事長　小林　欣也,小林　欣也,内　循　小,,平元. 4. 1,ika
診療所,15,1110445,田崎医院,見附市本町２丁目９番２３号,0258-62-1122,医療法人社団　田崎医院　理事長　田崎　哲也,田崎　哲也,内　小,,平2. 4. 1,ika
診療所,15,1110460,内島医院,見附市今町１－１０－９,0258-66-2446,内島　弘,内島　弘,内,,平3. 1. 7,ika
病院,15,1110494,見附市立病院,見附市学校町２丁目１３番５０号,0258-62-2800,見附市　見附市長　稲田　亮,五十嵐　健太郎,一般　内　神内　外　整外　放　脳外　形外　小　皮,,平4. 7. 1,ika
診療所,15,1110510,医療法人社団　金井医院,見附市本町１丁目４番７号,0258-62-0116,医療法人社団　金井医院　理事長　金井　朋行,金井　朋行,内　胃　外　放,,平7. 4. 1,ika
診療所,15,1110544,医療法人社団康信会　星整形外科医院,見附市柳橋町字割前２７４番地６,0258-66-8808,医療法人社団　康信会　星整形外科医院　理事長　星　信一,星　信一,整外　外　リハ,,平10. 4. 1,ika
診療所,15,1110551,山谷クリニック,見附市本所１丁目１２ー１０,0258-61-1388,山谷　春喜,山谷　春喜,内　小　胃,,平10. 11. 5,ika
診療所,15,1110601,貝瀬皮膚科,見附市柳橋町２７４－２５,0258-66-8100,貝瀬　明,貝瀬　明,皮,,平14. 4. 1,ika
診療所,15,1110627,わたなべ皮フ科クリニック,見附市昭和町２－２１－２２,0258-62-7750,渡部　恭,渡部　恭,皮,,平14. 6. 29,ika
診療所,15,1110643,おがわ眼科クリニック,見附市柳橋町２６６－９,0258-61-5333,医療法人社団　おがわ眼科クリニック　理事長　小川　政男,小川　政男,眼,,平14. 9. 1,ika
診療所,15,1110650,林俊壱クリニック　内科・胃腸科,見附市柳橋町字割前２７４－２３,0258-66-3000,林　俊一,林　俊一,内　胃,,平16. 1. 24,ika
診療所,15,1110676,いぐち耳鼻咽喉科,見附市柳橋町２７４番地６,0258-61-2200,医療法人社団　いぐち耳鼻咽喉科　理事長　井口　正男,井口　正男,耳い　アレ,,平19. 4. 1,ika
診療所,15,1110692,水澤眼科,見附市学校町２丁目１３－７０,0258-63-0230,水澤　由香,水澤　由香,眼,,平22. 4. 1,ika
診療所,15,1110700,お元気でクリニック,見附市学校町２－１３－７６,0258-63-3800,医療法人社団　Ｗｈｏｌｅｎｅｓｓ　理事長　関原　芳夫,関原　芳夫,脳外　漢方内科　心内　精　老年内科,,平24. 6. 1,ika
診療所,15,1110726,石川医院,見附市今町６丁目３番４５号,0258-66-2140,医療法人社団　成美会　理事長　石川　直樹,石川　直樹,内,,平28. 8. 2,ika
診療所,15,1110734,見附メンタルクリニック,見附市新町３丁目８番８－１号,0258-86-4195,丸山　麻知子,丸山　麻知子,精　心内,,令5. 4. 1,ika
診療所,15,1110742,見附たなはしクリニック,見附市新町３丁目８番７－１号,0258-86-7227,棚橋　怜生,棚橋　怜生,内　糖尿病内科　内分泌内科,,令5. 4. 1,ika
診療所,15,1110767,みつけこどもクリニック,見附市新町３丁目８番５－１号,0258-84-7900,土谷　修一,土谷　修一,小　アレ,,令7. 2. 7,ika
診療所,15,1110775,たかはしこどもクリニック,見附市市野坪町３３７番地４,0258-86-6921,髙橋　貞佳,髙橋　貞佳,小,,令7. 7. 1,ika
診療所,15,1110783,見附ひかりクリニック,見附市新町２丁目５番８－１号,0258-94-6006,森田　真一,森田　真一,内　消化器内科　内視鏡内科,,令8. 7. 1,ika
病院,15,1210153,村上はまなす病院,村上市瀬波中町１２番１８号,0254-53-2890,医療法人　責善会　理事長　吉岡　加那子,須貝　拓朗,精神　精　神　内,220,昭37. 5. 20,ika
診療所,15,1210369,新潟県村上保健所,村上市肴町１０番１５号,0254-53-3151,新潟県　新潟県知事　花角　英世,園田　裕久,内,,昭53. 4. 27,ika
診療所,15,1210534,医療法人社団　本間医院,村上市安良町４番１３号,0254-53-3071,医療法人社団　本間医院　理事長　本間　祐子,本間　宙,外　胃　こう,,昭61. 12. 1,ika
診療所,15,1210617,安斎医院,村上市岩船上町１番１６号,0254-56-7415,医療法人社団　安斎医院　理事長　安斎　孝雄,安斎　孝雄,内　小,,平4. 4. 1,ika
診療所,15,1210674,おたべ医院,村上市石原４－７,0254-53-5885,小田邊　一紀,小田邊　一紀,内　循　神内　脳外　外,,平8. 9. 3,ika
診療所,15,1210682,羽鳥医院　瀬波診療所,村上市瀬波上町４番１６号,0254-52-3097,医療法人社団　羽鳥医院　理事長　羽鳥　知樹,羽鳥　知樹,内　消　皮,,平5. 10. 1,ika
病院,15,1210716,医療法人　新光会　村上記念病院,村上市松山２０４－１,0254-52-1229,医療法人　新光会　理事長　櫻井　信行,石井　雄士,療養　内　ひ　リハ　人工透析内科,,平4. 9. 1,ika
診療所,15,1210757,羽鳥医院,村上市松原町１丁目１０番１６号,0254-52-3097,医療法人社団　羽鳥医院　理事長　羽鳥　知樹,羽鳥　知樹,内　消　小　皮,,平9. 6. 1,ika
診療所,15,1210781,佐々木整形外科,村上市南町２丁目４番４８号,0254-50-1800,医療法人社団　佐々木整形外科　理事長　佐々木　太郎,佐々木　太郎,整外　リハ　リウ,,平11. 4. 1,ika
診療所,15,1210823,いが医院,村上市南町二丁目８番３０号,0254-50-7123,医療法人社団　いが医院　理事長　伊賀　芳朗,伊賀　芳朗,内　胃　外　こう,,平14. 4. 1,ika
診療所,15,1210849,瀬賀医院,村上市吉浦３０６０－８,0254-58-2220,瀬賀　弘行,瀬賀　弘行,内,,平17. 7. 29,ika
診療所,15,1210856,さくら内科クリニック,村上市仲間町２３３番地１,0254-53-1113,医療法人社団　三生会　理事長　佐藤　貞之,佐藤　貞之,内　胃,,平18. 7. 7,ika
診療所,15,1210914,青木医院,村上市府屋６０４番地,0254-77-2003,医療法人社団　青木医院　理事長　青木　芳則,青木　芳則,内,,平元. 4. 1,ika
診療所,15,1210930,澤田医院,村上市北新保６７８,0254-66-7811,医療法人社団　澤田医院　理事長　冨田　広,冨田　広,内　消　小　外,,平4. 9. 1,ika
病院,15,1210948,新潟県立坂町病院,村上市下鍜冶屋５８９番地,0254-62-3111,新潟県病院事業管理者　新潟県病院局長　金井　健一,牧野　邦比古,一般　内　消化器内科　小　外　整外　眼　耳い　皮　ひ　脳内　リハ,,平5. 4. 23,ika
病院,15,1210971,山北徳新会病院,村上市勝木１３４０ー１,0254-60-5555,医療法人　徳新会　理事長　豊田　國彦,栗野　浩,一般　内　外　整外　循　リハ　ひ　眼　皮　脳外　糖尿病内科,,平10. 2. 1,ika
診療所,15,1210997,荒川中央クリニック,村上市藤沢字前坪７番地１９,0254-50-5222,医療法人社団　永和会　理事長　佐藤　一宜,佐藤　一宜,整外　内　小　リハ　皮,,平13. 4. 16,ika
診療所,15,1211003,佐野医院,村上市坂町３２６２－７,0254-50-5170,医療法人社団　弘陽会　理事長　佐野　克弘,佐野　克弘,脳外　内　リハ　外　小,,平14. 9. 1,ika
診療所,15,1211037,村上市休日急患診療所,村上市若葉町１０番７号,0254-52-4666,村上市　村上市長　高橋　邦芳,佐々木　誠司,内　小,,平20. 4. 1,ika
診療所,15,1211060,佐藤医院,村上市猿沢２２２１,0254-60-2221,医療法人　佐藤医院　理事長　佐藤　和女,佐藤　和女,内　外　消　整外　小　皮　リハ,,平21. 1. 1,ika
診療所,15,1211086,医療法人社団　萌愛会　富樫眼科医院,村上市飯野１－１－２０,0254-53-0633,医療法人社団　萌愛会　富樫眼科医院　理事長　富樫　元,富樫　元,眼,,平21. 9. 28,ika
診療所,15,1211094,つなしま内科クリニック,村上市大場沢３７７０－２,,綱島　勝正,綱島　勝正,内,,平22. 5. 11,ika
診療所,15,1211102,医療法人社団　たかはし整形外科クリニック,村上市新町９番８２号,0254-50-7000,医療法人社団　たかはし整形外科クリニック　理事長　高橋　敦,高橋　敦,整外　リウ　リハ,,平22. 9. 1,ika
診療所,15,1211128,たなか皮ふ科クリニック,村上市新町９番９０号,0254-53-4112,田中　英一郎,田中　英一郎,皮　アレ,,平23. 4. 25,ika
診療所,15,1211136,学校法人　北都健勝学園　新潟リハビリテーションクリニック,村上市上の山２番１６号,0254-56-8233,学校法人　北都健勝学園　理事長　的場　巳知子,的場　巳知子,心内　精　リハ　内,,平23. 8. 1,ika
診療所,15,1211144,初野医院,村上市府屋２７９－５,0254-77-2106,初野　謙,初野　謙,内,,平24. 11. 1,ika
診療所,15,1211177,しぶや小児科医院,村上市新町６番８３号,0254-53-8787,医療法人社団　しぶや小児科医院　理事長　澁谷　義弘,澁谷　義弘,小　アレ,,平29. 9. 19,ika
診療所,15,1211185,むらかみ松岡眼科,村上市新町９－７４,0254-53-0052,松岡　尚気,松岡　尚気,眼,,令2. 9. 7,ika
病院,15,1211193,村上総合病院,村上市緑町五丁目８番１号,0254-53-2141,新潟県厚生農業協同組合連合会　代表理事理事長　塚田　芳久,杉谷　想一,一般　内　消化器内科　小　外　神内　脳外　産婦　耳い　眼　整外　皮　ひ　歯外　放　リハ　救急科　精　内視鏡内科　透析　循環器内科　呼吸器内科　内分泌・代謝内科,199,令2. 12. 1,ika
診療所,15,1211219,上田眼科,村上市下鍜冶屋６０３番地１,0254-62-0123,医療法人社団上田眼科　理事長　上田　潤,上田　潤,眼,,令4. 10. 1,ika
診療所,15,1211227,村上おかだクリニック,村上市大町３番２５号２,0254-75-6150,岡田　慎輔,岡田　慎輔,内　循環器内科,,令5. 5. 1,ika
診療所,15,1211235,肴町医科歯科医院,村上市田端町１６－７,0254-53-2781,医療法人　山北会　理事長　戸澤　和夫,戸澤　和夫,内　消化器内科　歯　歯外,,令6. 3. 1,ika
診療所,15,1211243,きむら内科クリニック,村上市飯野３丁目１６－５,0254-75-8500,木村　新平,木村　新平,循環器内科　消化器内科　内,,令6. 5. 1,ika
診療所,15,1211250,おばた耳鼻科,村上市新町６番５３号,0254-62-7830,医療法人社団　おばた耳鼻科　理事長　小幡　昌文,小幡　昌文,耳い　アレ,,令6. 11. 1,ika
診療所,15,1211268,鈴木医院,村上市有明９２９－１,0254-66-5307,野澤　悟,野澤　悟,内　小　リウ,,令8. 3. 1,ika
診療所,15,1310300,一般社団法人　新潟県労働衛生医学協会　附属燕検査センター,燕市東太田字杉名田６８５７番地,0256-63-5260,一般社団法人　新潟県労働衛生医学協会　会長　佐藤　幸示,原　正則,内,,昭59. 3. 1,ika
診療所,15,1310334,本間医院,燕市秋葉町４丁目１３番５３号,0256-63-3110,医療法人社団　本間医院　理事長　本間　信之,本間　信之,内　消化器内科,,昭62. 4. 1,ika
診療所,15,1310359,古川医院　分院,燕市宮町１番１０号,0256-63-2614,医療法人社団　古川医院　理事長　古川　伸夫,古川　伸夫,内,,昭63. 4. 1,ika
診療所,15,1310391,齋藤医院,燕市中央通一丁目１番３４号,0256-63-4006,医療法人社団　齋藤医院　理事長　齋藤　博之,齋藤　博之,内　呼　アレ　循,,平2. 8. 1,ika
診療所,15,1310425,丸山生春医院,燕市白山町１丁目３番２０号,0256-66-3051,佐藤　祐次,佐藤　祐次,内　麻,,平4. 4. 15,ika
診療所,15,1310441,医療法人社団　富樫医院,燕市秋葉町１丁目２番２３号,0256-63-5777,医療法人社団　富樫医院　理事長　富樫　俊二,富樫　俊二,内　腎臓内科　心療内科　精,,平5. 9. 1,ika
診療所,15,1310466,荒木内科医院,燕市東太田２８９１番地,0256-66-1181,医療法人社団　荒木内科医院　理事長　荒木　進,荒木　進,内　消,,平4. 5. 11,ika
診療所,15,1310474,小柳医院,燕市大曲２９９７番地,0256-66-1601,医療法人社団　小柳医院　理事長　小柳　隆介,小柳　隆介,一般　消　外　内,,平8. 4. 1,ika
診療所,15,1310482,安藤医院,燕市水道町４丁目３－４４,0256-66-1377,医療法人社団　安藤医院　理事長　安藤　徹,安藤　徹,ひ　内　小,,平8. 4. 1,ika
診療所,15,1310565,うえだクリニック,燕市井土巻二丁目６０番地,0256-66-5666,医療法人社団　フォア・ウィメン　理事長　上田　昌博,上田　昌博,産婦,,平13. 4. 1,ika
診療所,15,1310581,小児科こでらクリニック,燕市佐渡２４２番地１,0256-63-4159,医療法人社団小児科こでらクリニック　理事長　古寺　利彰,古寺　利彰,小　アレ,,平14. 9. 1,ika
診療所,15,1310607,青山医院,燕市杣木１４７０番地,0256-63-9151,医療法人社団　青山医院　理事長　青山　徹,青山　徹,整外　内　皮,,平15. 4. 1,ika
診療所,15,1310631,小澤医院,燕市秋葉町４－１１－４３,0256-61-1666,医療法人社団　小澤医院　理事長　小澤　光,小澤　光,内　外　消,,平16. 10. 1,ika
診療所,15,1310649,江口眼科医院,燕市白山町２丁目４－２３,0256-61-7766,江口　功一,江口　功一,眼,,平17. 4. 11,ika
診療所,15,1310664,水澤こどもクリニック,燕市東太田６８６４－１,0256-61-3456,水澤　一郎,水澤　一郎,小,,平17. 7. 7,ika
診療所,15,1310698,本間医院,燕市地蔵堂本町二丁目５番１号,0256-97-3133,医療法人社団　本間医院　理事長　片桐　幹夫,片桐　幹夫,外　整外　内　皮,,平元. 8. 1,ika
診療所,15,1310706,榊原医院,燕市五千石３２４７,0256-97-5111,榊原　清,榊原　清,外　内　胃　こう,,平12. 4. 13,ika
診療所,15,1310714,医療法人社団　佐藤内科小児科医院,燕市分水桜町二丁目４番２１号,0256-97-2355,医療法人社団　佐藤内科小児科医院　理事長　佐藤　直明,佐藤　直明,内　小,,平13. 7. 1,ika
診療所,15,1310730,佐藤眼科クリニック,燕市分水桜町二丁目５番２号,0256-97-3100,医療法人社団　佐藤眼科クリニック　理事長　佐藤　知明,佐藤　知明,眼,,平16. 10. 1,ika
診療所,15,1310748,一般社団法人　新潟県労働衛生医学協会　附属吉田検査センター,燕市吉田東栄町３６番２０号,0256-92-2336,一般社団法人　新潟県労働衛生医学協会　会長　佐藤　幸示,高澤　希子,内,,昭54. 5. 1,ika
病院,15,1310755,新潟県立吉田病院,燕市吉田大保町３２－１４,0256-92-5111,新潟県病院事業管理者　新潟県病院局長　金井　健一,中村　厚夫,一般　内　消化器内科　消化器外科　人工透析内科　外　乳腺外科　肛門外科　小　整外　皮　ひ　産婦　眼　耳い　リハ　放　精　麻,110,昭52. 4. 23,ika
診療所,15,1310813,坂井眼科医院,燕市吉田法花堂１６３５－１,0256-93-5200,坂井　豊明,坂井　豊明,眼,,平4. 8. 1,ika
診療所,15,1310847,中村医院,燕市吉田堤町７番３号,0256-93-2180,中村　宏志,中村　宏志,内　循環器内科　代謝内科,,平6. 11. 8,ika
診療所,15,1310854,富永草野医院,燕市富永２１６番地１,0256-93-1001,医療法人積発堂　理事長　金谷　文則,寺田　治男,整外　リハ　内,,平9. 8. 1,ika
診療所,15,1310862,たかだ小児科医院,燕市吉田３５０５番地１,0256-93-5107,医療法人社団　恒佳会　理事長　髙田　彰,髙田　彰,小,,平10. 4. 1,ika
診療所,15,1310870,ごとう内科消化器科クリニック,燕市吉田神田町９ー５,0256-93-1114,後藤　俊夫,後藤　俊夫,内　消,,平11. 4. 7,ika
診療所,15,1310888,にいじま耳鼻科医院,燕市吉田本所７４番地１,0256-92-1133,医療法人社団　にいじま耳鼻科医院　理事長　新島　元,新島　元,耳,,平11. 4. 1,ika
診療所,15,1310896,甲田内科クリニック,燕市吉田３７４８番地,0256-92-0001,医療法人社団　甲田内科クリニック　理事長　甲田　豊,甲田　豊,内　循,,平13. 4. 1,ika
診療所,15,1310912,後藤医院,燕市吉田浜首町１２－３３,0256-92-5124,医療法人社団　後藤医院　理事長　後藤　隆夫,後藤　隆夫,内　消　呼,,平17. 6. 22,ika
診療所,15,1310946,伊東こどもクリニック,燕市吉田大保町２３番１１号,0256-93-1515,伊東　道夫,伊東　道夫,小　アレ,,平18. 10. 2,ika
診療所,15,1310953,宮島循環器内科,燕市井土巻４丁目２７９番地,0256-61-6501,医療法人社団　宮島循環器内科　理事長　宮島　静一,宮島　静一,循　内,,平19. 4. 1,ika
診療所,15,1310979,國定内科医院,燕市大字杣木８１３,0256-61-7700,國定　薫,國定　薫,内,,平19. 9. 4,ika
診療所,15,1311001,のがみ眼科,燕市吉田東町３４７３－２,0256-77-5333,野神　麗子,野神　麗子,眼,,平20. 12. 20,ika
診療所,15,1311019,おばらクリニック,燕市地蔵堂本町２－６－６,0256-97-2360,小原　宏一,小原　宏一,内　小,,平21. 4. 1,ika
診療所,15,1311035,石田医院,燕市灰方７９０番地,0256-66-1110,医療法人社団　石田医院　理事長　石田　啓一郎,石田　啓一郎,内　呼内　小,,平24. 7. 1,ika
診療所,15,1311050,さいとう内科クリニック,燕市吉田法花堂１６９６－４,0256-91-0016,齊藤　琢磨,齊藤　琢磨,内　呼内　アレ,,平25. 8. 23,ika
診療所,15,1311068,医療法人社団　水澤内科医院,燕市仲町６番１３号,0256-66-5522,医療法人社団　水澤内科医院　理事長　水澤　彰郎,水澤　彰郎,内　呼内　小　アレ,,平25. 10. 1,ika
診療所,15,1311100,菊川脳神経内科クリニック,燕市杣木１４２８番地,0256-61-6000,医療法人社団　燕結会　理事長　菊川　公紀,菊川　公紀,内　脳内,,平28. 7. 1,ika
診療所,15,1311118,つばめ皮フ科,燕市吉田３４５３番１,0256-94-8866,久保田　葉子,久保田　葉子,皮,,平29. 4. 1,ika
診療所,15,1311134,湧井医院,燕市吉田堤町３－１６,0256-93-2220,湧井　智,湧井　智,内,,平30. 4. 1,ika
診療所,15,1311159,さかいファミリークリニック,燕市柳山７７７番地１,0256-61-7737,医療法人社団さかいファミリークリニック　理事長　坂井　勇仁,坂井　勇仁,内　リウ,,平30. 5. 1,ika
診療所,15,1311167,いわぶち整形外科クリニック,燕市吉田３４７８番地１,0256-92-1354,医療法人　泰幸　理事長　岩渕　幸子,岩渕　泰宏,整外　リハ,,令2. 1. 1,ika
診療所,15,1311183,岩﨑内科医院,燕市小高８２８,0256-61-3666,岩﨑　友洋,岩﨑　友洋,内　消化器内科,,令2. 4. 1,ika
診療所,15,1311209,えんどう内科クリニック,燕市杣木１８２３番地１,0256-63-2001,医療法人社団壽一会　理事長　遠藤　新作,遠藤　新作,内,,令2. 5. 1,ika
診療所,15,1311217,清野医院,燕市地蔵堂本町３丁目４番６号,0256-97-2433,医療法人社団　桜煌会　理事長　清野　智,清野　智,内　消化器内科,,令3. 6. 1,ika
診療所,15,1311233,からだこころ発達支援クリニック,燕市吉田神田町１９番８号,0256-78-7830,柳原　俊雄,柳原　俊雄,小　リハ　精,,令4. 5. 1,ika
診療所,15,1311241,えんどう整形外科クリニック,燕市杣木８１５番地１,0256-66-0009,医療法人社団　えんどう整形外科クリニック　理事長　遠藤　栄之助,遠藤　栄之助,整外　リハ,,令4. 5. 1,ika
診療所,15,1311258,たけうち内科クリニック,燕市南６丁目１１番１８号,0256-63-6912,医療法人社団　竹林会　たけうち内科クリニック　理事長　竹内　亮,竹内　亮,内　糖尿病内科　内分泌内科,,令6. 6. 1,ika
診療所,15,1311266,古川医院,燕市東太田７０１８番地１,0256-46-0855,医療法人社団　古川医院　理事長　古川　伸夫,古川　和郎,内　糖尿病内科　内分泌内科,,令6. 10. 1,ika
診療所,15,1311274,たかだ産婦人科医院,燕市吉田２７５０番地１,0256-78-7511,医療法人社団　恒佳会　理事長　髙田　彰,髙田　杏奈,産　婦　女性漢方内科,,令6. 12. 1,ika
診療所,15,1311282,ささき耳鼻科クリニック,燕市井土巻２丁目３４７,0256-64-8760,佐々木　崇暢,佐々木　崇暢,耳い　アレ,,令7. 5. 1,ika
診療所,15,1311290,たなか整形外科クリニック,燕市地蔵堂本町３丁目１番２２号,0256-77-5152,医療法人社団　桜煌会　理事長　清野　智,田中　裕貴,整外　リハ　リウ,,令8. 5. 1,ika
診療所,15,1311308,丹野神経内科クリニック,燕市吉田２７５８番地１,0256-92-1116,丹野　芳範,丹野　芳範,内　神内,,令8. 2. 1,ika
診療所,15,1510370,新潟県糸魚川保健所,糸魚川市南押上１丁目１５番１号,025-552-1783,新潟県　新潟県知事　花角　英世,鈴木　幸雄,内,,昭51. 11. 1,ika
診療所,15,1510446,安藤医院,糸魚川市寺町１丁目６－１５,025-552-8111,医療法人社団　安藤医院　理事長　安藤　隆夫,安藤　隆夫,内　消,,昭61. 12. 1,ika
診療所,15,1510495,原田医院,糸魚川市横町３丁目２－３,025-552-1233,医療法人社団　原田医院　理事長　原田　武,原田　武,内　消化器内科　小,,平2. 4. 1,ika
病院,15,1510545,厚生連　糸魚川総合病院,糸魚川市大字竹ヶ花４５７番地１,025-552-0280,新潟県厚生農業協同組合連合会　代表理事理事長　塚田　芳久,山岸　文範,一般　内　小　外　脳外　産婦　耳い　眼　整外　皮　ひ　麻　心外　呼外　放　リハ　循環器内科　消化器内科　消化器外科　救急科,199,平3. 12. 1,ika
病院,15,1510552,アグリよしだ病院,糸魚川市横町５丁目９番１２号,025-553-0711,医療法人社団　ＡＧＲＩＥ　ＣＲＯＳＳ　理事長　伊藤　俊一郎,藤松　利浩,一般　整外　リハ　心臓外科　内,,平5. 4. 1,ika
診療所,15,1510594,石田眼科糸魚川クリニック,糸魚川市横町５丁目６番５２号,025-552-9995,医療法人社団　喜修会　理事長　石田　誠夫,松木　佐代子,眼,,平8. 11. 1,ika
診療所,15,1510610,しまだ医院,糸魚川市大字西谷内５３番地５,025-555-2622,医療法人社団　長明会　理事長　島田　長樹,島田　長樹,内　眼,,平9. 4. 1,ika
診療所,15,1510636,ひまわり内科,糸魚川市東寺町１丁目４番６号,025-553-1030,医療法人社団　ひまわり内科　理事長　森田　英,森田　英,内　胃,,平11. 9. 1,ika
診療所,15,1510644,すずき医院,糸魚川市南押上３丁目４番３７号,025-553-1750,鈴木　修一郎,鈴木　修一郎,胃　外　内　こう　リハ,,平12. 9. 27,ika
診療所,15,1510651,梅田クリニック,糸魚川市一の宮１丁目１番３９号,025-550-6123,梅田　慶一,梅田　慶一,ひ　内　皮,,平13. 6. 11,ika
診療所,15,1510693,能生国民健康保険診療所,糸魚川市大字大沢４０１番地２,025-566-2712,糸魚川市　糸魚川市長　久保田　郁夫,鬼頭　知宏,内　外,,平17. 3. 19,ika
診療所,15,1510727,小滝診療所,糸魚川市大字小滝５２３１番地,025-556-2002,糸魚川市　糸魚川市長　久保田　郁夫,樋口　清博,内,,平17. 3. 19,ika
診療所,15,1510750,医療法人社団　山本医院,糸魚川市寺地２３２番地１,025-562-2456,医療法人社団　山本医院　理事長　山本　純夫,山本　習子,内　小,,昭62. 1. 1,ika
診療所,15,1510784,真部外科医院,糸魚川市大字能生６９０５番地,025-566-2028,医療法人社団　真部外科医院　理事長　真部　一彦,真部　一彦,内　外　胃,,平8. 4. 1,ika
診療所,15,1510818,なかむらこどもクリニック,糸魚川市横町２丁目３－６,025-552-1228,中村　恵,中村　恵,小,,平17. 5. 1,ika
診療所,15,1510826,医療法人　高田西城会　糸魚川診療所,糸魚川市南寺町１丁目１番６号,025-552-0768,医療法人　高田西城会　理事長　川室　優,金子　晃一,精　神,,平18. 4. 1,ika
診療所,15,1510875,さいとう内科クリニック,糸魚川市上刈４の８の５,025-553-1844,齊藤　隆生,齊藤　隆生,内,,平20. 12. 15,ika
診療所,15,1510883,ひめかわ美野クリニック,糸魚川市南寺町２丁目１０番３０号,025-552-9946,医療法人社団　ひめかわ　理事長　美野　善紀,美野　善紀,脳外　内　リハ,,平21. 3. 25,ika
診療所,15,1510891,瀬尾記念　谷ハートクリニック,糸魚川市大町２－６－８,025-555-7320,谷　昌尚,谷　昌尚,内　循環器内科,,平22. 11. 3,ika
診療所,15,1510958,根知診療所,糸魚川市大字和泉３５６番地,025-558-2488,糸魚川市　糸魚川市長　久保田　郁夫,樋口　清博,内,,平31. 4. 1,ika
診療所,15,1510966,アグリホームクリニック　いといがわ,糸魚川市本町１２番３１号,025-555-7776,医療法人　ＡＧＲＩＥ　理事長　伊藤　俊一郎,堀　宏之,内　外　精,,令元. 5. 1,ika
診療所,15,1510974,医療法人社団　恵祐会　糸魚川こどもクリニック,糸魚川市南押上１－１６－３,025-556-6255,医療法人社団　恵祐会　理事長　渡辺　祐紀,渡辺　祐紀,小,,令2. 5. 1,ika
診療所,15,1510982,わかば内科クリニック,糸魚川市大字平牛２１２４番地,025-555-7878,医療法人社団　わかば内科クリニック　理事長　野々目　和信,野々目　和信,内　消化器内科,,令4. 11. 1,ika
病院,15,1610212,厚生連　けいなん総合病院,妙高市田町２丁目４番７号,0255-72-3161,新潟県厚生農業協同組合連合会　代表理事理事長　塚田　芳久,平野　正明,一般　内　消化器内科　小　外　脳外　産婦　耳い　眼　整外　皮　ひ　リハ　内視鏡内科　人工透析内科,120,昭38. 1. 1,ika
診療所,15,1610394,愛クリニック,妙高市美守１丁目１２番９号,0255-72-4103,医療法人社団　愛クリニック　理事長　長房　麻美,長房　麻美,婦　産　小,,平4. 4. 1,ika
診療所,15,1610451,太田眼科,妙高市朝日町１丁目２番８号,0255-70-1234,太田　昭弘,太田　昭弘,眼,,平10. 10. 1,ika
診療所,15,1610493,揚石医院　内科小児科循環器科,妙高市石塚町１丁目１４ー８,0255-70-1155,医療法人社団　揚石医院　理事長　揚石　義夫,揚石　義夫,内　小　循,,平11. 9. 1,ika
診療所,15,1610535,はやつクリニック内科呼吸器科,妙高市朝日町１丁目１０番３号,0255-72-8233,早津　邦広,早津　邦広,内　呼,,平16. 9. 1,ika
病院,15,1610543,新潟県立妙高病院,妙高市大字田口１４７－１,0255-86-2003,新潟県病院事業管理者　新潟県病院局長　金井　健一,岸本　秀文,一般　内　脳神経内科　整外　小　皮　ひ　眼　耳い　リハ　精,,昭35. 7. 20,ika
診療所,15,1610584,妙高診療所,妙高市葎生５２４番地１,0255-82-2045,医療法人　妙高診療所　理事長　松岡　二郎,松岡　二郎,内　外　消化器内科　小　肛門外科,,平24. 10. 1,ika
診療所,15,1610592,さくらい整形外科医院,妙高市栗原２丁目３番５号,0255-73-8899,医療法人社団　双星会　理事長　高野　隆,櫻井　新樹,整外　リハ,,平29. 5. 1,ika
診療所,15,1610626,医療法人社団清華ファミリークリニック　塚田医院,妙高市柳井田町２丁目８番１６号,,医療法人社団清華ファミリークリニック　理事長　渡辺　裕美,渡辺　裕美,内　小,,令4. 1. 1,ika
診療所,15,1710376,医療法人社団六泉会　五泉六島クリニック,五泉市三本木２丁目８番１４号,0250-43-6233,医療法人社団　六泉会　五泉六島クリニック　理事長　大澤　一郎,木村　勝哉,内　小　放,,平3. 4. 1,ika
診療所,15,1710384,医療法人社団　渡辺内科,五泉市吉沢１丁目９番１９号,0250-43-6860,医療法人社団　渡辺内科　理事長　渡邉　裕,渡邉　裕,内　消化器内科　小,,平4. 4. 1,ika
診療所,15,1710392,医療法人社団　佐野眼科医院,五泉市南本町１－５－３,0250-43-7755,医療法人社団　佐野眼科医院　理事長　佐野　友紀,佐野　友紀,眼,,平4. 6. 1,ika
病院,15,1710418,五泉中央病院,五泉市太田４８９番地１,0250-47-8150,医療法人社団真仁会　理事長　佐藤　弥生,高橋　達,一般　療養　内　呼内　循環器内科　消化器内科　腎臓内科　内分泌内科　小　外　ひ　こう　脳外　整外　眼　リハ　放　麻　病理,131,平5. 5. 18,ika
診療所,15,1710442,五十嵐整形外科・歯科,五泉市南本町３丁目９４８番１,0250-43-3000,医療法人社団　五十嵐整形外科　理事長　五十嵐　昌則,五十嵐　昌則,整外　リハ　歯,,平6. 4. 1,ika
診療所,15,1710459,佐藤医院,五泉市本町３丁目２－３０,0250-43-2100,医療法人社団　佐藤医院　理事長　佐藤　泰,佐藤　泰,内　消　外,,平6. 5. 1,ika
診療所,15,1710467,篠川内科医院,五泉市本町６丁目２－３３,0250-42-2319,篠川　智,篠川　智,内　消　小　放,,平7. 3. 13,ika
診療所,15,1710483,たかうち医院,五泉市赤海２丁目６番２号,0250-43-6222,医療法人社団　たかうち医院　理事長　高内　則男,高内　則男,一般　産　婦　小　内,,平11. 4. 1,ika
診療所,15,1710509,やまむら整形外科医院,五泉市太田２丁目２番１４号,0250-41-0555,山村　倉一郎,山村　倉一郎,整外　リハ,,平12. 4. 1,ika
診療所,15,1710566,北五泉クリニック,五泉市三本木３０４２番２,0250-43-3880,医療法人社団　順祐会　理事長　田覺　健一,田覺　健一,内　小　消化器内科　リハ,,平17. 4. 18,ika
診療所,15,1710608,石曽根医院,五泉市石曽根７９９０番地,0250-58-6335,医療法人社団　石曽根医院　理事長　金子　洋,金子　洋,内,,昭61. 12. 1,ika
診療所,15,1710616,医療法人社団　梁取医院,五泉市村松乙６５５番地の１,0250-58-6809,医療法人社団　梁取医院　理事長　塚野　絵美子,塚野　絵美子,内　消,,平元. 4. 1,ika
診療所,15,1710624,金子医院,五泉市村松甲１７７２番地,0250-58-6073,医療法人社団　金子医院　理事長　金子　義伸,金子　義伸,内　循　小,,平元. 10. 1,ika
病院,15,1710632,南部郷厚生病院,五泉市愛宕甲２９２５番地２,0250-58-6111,さくら福祉保健事務組合　五泉市長　田邊　正幸,佐藤　隆之,一般　療養　腎臓内科　緩和ケア内科　神内　内　リハ,,平7. 7. 1,ika
診療所,15,1710699,たけだ内科クリニック,五泉市村松１２８８－１,0250-58-2113,医療法人　たけだ内科クリニック　理事長　武田　康男,武田　康男,内　小　消化器内科　内視鏡内科　循環器内科,,平21. 11. 1,ika
診療所,15,1710707,わたべこどもクリニック,五泉市太田９７５－１,0250-41-0811,医療法人わたべこどもクリニック　理事長　渡部　雄一,渡部　雄一,小　アレ,,平22. 6. 1,ika
診療所,15,1710715,医療法人社団大泉会　大日方医院,五泉市寺沢３丁目２番１号,0250-48-5151,医療法人社団大泉会　理事長　大日方　一夫,大日方　一夫,内　外　消化器内科　リハ　肛門外科,,平23. 10. 1,ika
診療所,15,1710723,中谷医院,五泉市太田２－６－３９,0250-47-7741,中谷　尚登,中谷　尚登,内　消化器内科　婦,,平25. 4. 1,ika
診療所,15,1710731,五泉市東蒲原郡医師会夜間診療所,五泉市本町１丁目５番１８号,0250-25-7878,一般社団法人　五泉市東蒲原郡医師会　会長　佐藤　泰,佐藤　泰,内　小,,平25. 11. 18,ika
診療所,15,1710749,ひろせ内科クリニック,五泉市東本町二丁目９番６号,0250-47-8890,廣瀬　慎太郎,廣瀬　慎太郎,内　リウ,,平26. 9. 1,ika
診療所,15,1710756,五泉皮ふ科,五泉市本町一丁目１０番３－３号,0250-42-4112,髙橋　明仁,髙橋　明仁,皮,,令元. 6. 1,ika
診療所,15,1710764,五泉キッズクリニック・五泉耳鼻科音声嚥下クリニック,五泉市東本町２丁目１０６番地３,0250-47-5226,医療法人社団　渡辺内科　理事長　渡邉　裕,馬場　洋徳,耳い　小　アレ　小児皮膚科　児童精神科,,令7. 4. 1,ika
病院,15,0310046,高田西城病院,上越市西城町２丁目８番３０号,025-523-2139,医療法人　高田西城会　理事長　川室　優,角　徳文,精神　内　精　心内　老年精神科,270,昭41. 10. 5,ika
病院,15,0310301,川室記念病院,上越市大字北新保７１番甲地,025-520-2021,医療法人　常心会　理事長　川室　優,川室　優,精神　内　精　神,171,昭40. 4. 1,ika
病院,15,0310319,知命堂病院,上越市西城町３丁目６番３１号,025-523-2161,医療法人　知命堂病院　理事長　森川　政嗣,森川　政嗣,一般　療養　内　循環器内科　外　ひ　脳内　整外,,昭40. 8. 1,ika
診療所,15,0311085,新潟県上越保健所,上越市春日山町３丁目８番３４号,025-524-6133,新潟県　新潟県知事　花角　英世,西脇　京子,内,,昭54. 8. 1,ika
診療所,15,0311184,上越休日・夜間診療所,上越市新光町１丁目８番１１号,025-522-3777,上越市　上越市長　小菅　淳一,畠山　牧男,内　小　外,,昭57. 4. 1,ika
診療所,15,0311325,吉岡耳鼻咽喉科医院,上越市幸町１３－１４,025-522-3387,吉岡　邦英,吉岡　邦英,耳い,,昭60. 4. 1,ika
診療所,15,0311333,渡辺内科医院,上越市幸町１４番９号,025-525-1170,医療法人社団　渡辺内科医院　理事長　渡辺　静一,渡辺　静一,内　ペインクリニック内科　麻　消化器内科　循環器内科,,昭61. 12. 1,ika
診療所,15,0311358,医療法人社団　古澤医院,上越市安江１丁目２－３３,025-544-3322,医療法人社団　古澤医院　理事長　古澤　英明,古澤　英明,内　神内　リハ,,昭62. 8. 1,ika
診療所,15,0311366,古川内科医院,上越市春日新田１丁目２２番１５号,025-544-2121,医療法人社団　古川内科医院　理事長　古川　真一,古川　真一,内　胃,,昭62. 8. 1,ika
診療所,15,0311432,医療法人社団　五十嵐医院,上越市青野２３９,025-520-2202,医療法人社団　五十嵐医院　理事長　五十嵐　広隆,五十嵐　広隆,内　小　リハ　消化器内科　内視鏡内科,,昭40. 12. 1,ika
診療所,15,0311440,中ノ俣診療所,上越市大字中ノ俣５２８番地１,025-541-2129,上越市　上越市長　小菅　淳一,高橋　慶一,内　小,,昭63. 12. 8,ika
診療所,15,0311465,山岸医院,上越市北城町１丁目６－３,025-522-2828,山岸　良男,山岸　良男,内　外,,平元. 4. 1,ika
診療所,15,0311507,笹川医院,上越市港町１丁目２７番１６号,025-543-2675,医療法人社団　笹川医院　理事長　荻野　和子,荻野　和子,内　小,,平元. 10. 1,ika
診療所,15,0311515,斉藤医院,上越市新保古新田５４８－１,025-523-8500,医療法人社団　斉藤医院　理事長　斉藤　元,斉藤　元,内　小　呼内　整外,,平元. 10. 1,ika
診療所,15,0311556,佐藤医院,上越市春日新田２丁目８番１０号,025-544-8877,佐藤　眞,佐藤　眞,消　大腸・肛門外科　乳腺外科,,平2. 8. 8,ika
診療所,15,0311564,さいとう眼科医院,上越市大町４丁目４番３号,025-525-7123,医療法人社団　さいとう眼科医院　理事長　齋藤　正浩,齋藤　正浩,眼,,平3. 4. 1,ika
診療所,15,0311622,塚田こども医院,上越市栄町２丁目２番２５号,025-544-7777,医療法人社団　塚田こども医院　理事長　塚田　次郎,塚田　次郎,小　アレ　漢方内科,,平4. 4. 1,ika
診療所,15,0311663,医療法人社団　平田医院,上越市中央１丁目２０番８号,025-543-3325,医療法人社団　平田医院　理事長　平田　秀登,平田　秀登,耳い,,平5. 9. 1,ika
診療所,15,0311697,上越地域総合健康管理センター,上越市春日野１丁目２番３３号,025-521-0521,一般社団法人　上越医師会　会長　高橋　慶一,長谷川　正樹,内,,平6. 4. 1,ika
診療所,15,0311713,こやなぎ第二医院,上越市大字戸野目３２４－１,025-525-4768,小柳　幸夫,小柳　幸夫,内　放,,平9. 10. 3,ika
診療所,15,0311747,横山医院,上越市南高田町４番３号,025-523-0115,横山　壮明,横山　壮明,内　小　皮,,平6. 12. 1,ika
診療所,15,0311762,安田耳鼻咽喉科医院,上越市大手町６番６号,025-526-5911,安田　誠夫,安田　誠夫,耳い,,平7. 5. 1,ika
診療所,15,0311788,畠山医院,上越市大和２丁目８番１１号,025-523-2300,医療法人社団　畠山医院　理事長　畠山　重秋,畠山　重秋,内　消,,平8. 9. 1,ika
病院,15,0311804,新潟県立中央病院,上越市新南町２０５番地,025-522-7711,新潟県病院事業管理者　新潟県病院局長　金井　健一,田部　浩行,一般　一般（感染）　内　精　外　小　整外　脳外　呼外　心外　小外　皮　ひ　産婦　眼　耳い　リハ　放　脳神経内科　麻　形外　消化器内科　循環器内科　病理　救急科,530,平9. 8. 1,ika
診療所,15,0311838,くろきクリニック,上越市東城町３丁目１０番３８号,025-526-0120,医療法人社団　くろきクリニック　理事長　黒木　美惠子,黒木　美惠子,脳外　リハ,,平9. 9. 1,ika
診療所,15,0311846,ニュータウンクリニック塚田医院,上越市春日野一丁目１４番１０号,025-526-8200,医療法人社団　春日野会　理事長　塚田　俊一,塚田　俊一,内　外　胃　こう　循,,平9. 9. 1,ika
診療所,15,0311853,めぐみ皮膚科,上越市春日野２丁目４番５５号,025-526-8935,医療法人社団　めぐみ皮膚科　理事長　中島　恵利華,中島　恵利華,皮,,平10. 4. 1,ika
診療所,15,0311861,医療法人社団　早津内科医院,上越市春日野１丁目５番１３号,025-526-2511,医療法人社団　早津内科医院　理事長　早津　正文,早津　正文,内　循　小,,平10. 4. 1,ika
診療所,15,0311887,小児科　はやしクリニック,上越市春日野１丁目１４番２２号,025-526-6200,医療法人社団　はやしクリニック　理事長　林　三樹夫,林　三樹夫,小　アレ,,平10. 4. 1,ika
診療所,15,0311895,藤林内科医院,上越市西城町３－１３－１６,025-523-5401,藤林　陽三,藤林　陽三,内　循　消,,平10. 3. 15,ika
診療所,15,0311986,吉岡内科クリニック,上越市高土町１丁目１０番３５号,025-526-2121,医療法人社団　ラファエル　理事長　吉岡　大志,吉岡　大志,内,,平11. 4. 1,ika
病院,15,0312034,上越地域医療センター病院,上越市南高田町６番９号,025-523-2131,上越市　上越市長　小菅　淳一,古賀　昭夫,一般　療養　内　外　肛門外科　整外　リハ　児童精神科　麻　婦　脳外　歯外,142,平12. 3. 1,ika
診療所,15,0312059,栗原医院,上越市大手町１番２２号,025-523-2319,栗原　淳,栗原　淳,内,,平12. 4. 1,ika
診療所,15,0312067,やちほ内科クリニック,上越市下荒浜８４８ー１,025-531-0024,佐藤　進一,佐藤　進一,内　胃　小,,平12. 4. 1,ika
診療所,15,0312083,神田耳鼻咽喉科,上越市東雲町２ー１１ー３４,025-531-3311,神田　憲一,神田　憲一,耳い,,平12. 4. 1,ika
診療所,15,0312117,大学前クリニック　笹川医院,上越市大学前２０３番地,025-526-3060,医療法人社団　笹川医院　理事長　笹川　眞人,笹川　眞人,ひ　内　皮,,平13. 4. 1,ika
診療所,15,0312133,駅南クリニック　富樫医院,上越市東雲町２丁目６ー２６,025-531-1577,医療法人社団　駅南クリニック富樫医院　理事長　富樫　満,富樫　満,内　消化器内科,,平13. 4. 1,ika
病院,15,0312190,三交病院,上越市大字塩屋３３７－１,025-543-2624,医療法人社団三交会　理事長　坂本　隆行,坂本　隆行,精神　精　神,144,平13. 10. 20,ika
診療所,15,0312208,城北レディースクリニック,上越市栄町５－１６,025-521-7700,医療法人社団　児育会　理事長　児玉　佳代子,丸橋　敏宏,一般　産婦　麻　小,,平14. 4. 1,ika
診療所,15,0312216,医療法人社団　大島クリニック,上越市鴨島１１００番地,025-522-2000,医療法人社団　大島クリニック　理事長　大島　隆史,大島　隆史,一般　産婦,,平14. 4. 1,ika
診療所,15,0312224,たかの整形外科クリニック,上越市木田新田２丁目３番７号,025-521-2255,医療法人社団　たかの整形外科クリニック　理事長　高野　祐,高野　祐,整外　リハ　形外　リウ,,平14. 4. 1,ika
診療所,15,0312232,心療内科クリニック　ふわの医院,上越市北城町３－５－８,025-522-0820,不破野　誠一,不破野　誠一,心内　神　精,,平14. 7. 1,ika
診療所,15,0312265,大野内科医院,上越市鴨島１０７３,025-521-2700,医療法人社団　大野内科医院　理事長　大野　耕一郎,大野　耕一郎,内　呼　アレ,,平14. 9. 1,ika
診療所,15,0312281,高井脳外科クリニック,上越市大豆２丁目９番１８号,025-543-6712,医療法人社団　東風　理事長　高井　信行,高井　信行,脳外　内　外　神内　リハ,,平14. 10. 1,ika
診療所,15,0312299,山﨑内科消化器科医院,上越市鴨島１丁目１番１１号,025-521-0303,山﨑　国男,山﨑　国男,内　消　リハ,,平14. 11. 1,ika
診療所,15,0312307,あすかクリニック　高木医院,上越市東雲町２丁目１の３１,025-545-6517,高木　隆治,高木　隆治,ひ　外　内　皮,,平15. 1. 1,ika
診療所,15,0312315,田中眼科,上越市春日山町３丁目１８番１１号,025-526-3500,田中　公夫,田中　公夫,眼,,平15. 4. 1,ika
診療所,15,0312349,植木医院,上越市本町１丁目４番８号,025-523-4381,医療法人社団　植木医院　理事長　植木　淳一,植木　淳一,内　消化器内科,,平15. 9. 1,ika
診療所,15,0312364,高橋医院,上越市大貫１丁目１５番２６号,025-523-3489,高橋　慶一,高橋　慶一,内,,平16. 4. 1,ika
診療所,15,0312372,服部外科医院,上越市本町１丁目５－３,025-523-3475,服部　伸,服部　伸,脳外　神内　整外　リハ,,平16. 2. 21,ika
診療所,15,0312380,上田レディースクリニック,上越市大豆１丁目１１番１１号,025-523-1103,医療法人社団　上田レディースクリニック　理事長　上田　宏之,上田　宏之,一般　産　婦　内,,平16. 4. 1,ika
診療所,15,0312398,ないとう内科クリニック,上越市昭和町２丁目１７－１２,025-526-7110,内藤　彰,内藤　彰,内　消,,平16. 5. 1,ika
診療所,15,0312406,耳鼻咽喉科　おきた医院,上越市大町４－４－１２,025-522-3711,沖田　渉,沖田　渉,耳い,,平16. 6. 3,ika
診療所,15,0312414,むらやまクリニック,上越市木田１丁目９１０－２,025-523-2244,村山　誠,村山　誠,耳い,,平16. 6. 1,ika
診療所,15,0312422,ふじわら耳鼻科,上越市春日野１－６－２９,025-523-1733,藤原　満,藤原　満,耳い　アレ,,平16. 6. 14,ika
診療所,15,0312448,浦川原診療所,上越市浦川原区有島７５番地,025-599-2510,医療法人社団　浦川原診療所　理事長　高橋　龍一,高橋　龍一,内,,平9. 4. 1,ika
診療所,15,0312463,保倉診療所,上越市大島区大平３６４４,025-594-3011,高橋　規一,高橋　規一,外　整外　内,,平13. 8. 1,ika
病院,15,0312505,新潟県立柿崎病院,上越市柿崎区柿崎６４１２－１,025-536-3131,新潟県病院事業管理者　新潟県病院局長　金井　健一,太田　求磨,一般　内　脳内　外　整外　脳外　皮　婦　眼　耳い　リハ,,昭35. 7. 20,ika
診療所,15,0312513,羽尾内科医院,上越市三和区下中６７７－１,025-532-4031,羽尾　政清,羽尾　政清,内,,昭59. 1. 20,ika
診療所,15,0312539,望月医院,上越市中郷区藤沢１０６４,0255-74-2451,医療法人社団　望月医院　理事長　望月　博史,望月　博史,内　呼　アレ,,昭61. 12. 1,ika
診療所,15,0312554,渡辺医院,上越市大潟区渋柿浜２７１－３,025-534-2307,渡邉　雅晴,渡邉　雅晴,内　小,,平2. 10. 1,ika
診療所,15,0312588,医療法人社団　小山医院,上越市大潟区四ツ屋浜６８６,0255-34-5100,医療法人社団　小山医院　理事長　小山　誠太,小山　誠太,内　外　消化器内科　リハ　消化器外科,,平5. 9. 1,ika
診療所,15,0312604,杉田医院,上越市大潟区潟町２５１番地,025-534-2026,医療法人社団　杉田医院　理事長　杉田　玄,杉田　玄,内,,平7. 4. 1,ika
診療所,15,0312620,保医院,上越市柿崎区柿崎１６９５番地１,025-536-2616,医療法人社団　保医院　理事長　平島　浩太郎,平島　浩太郎,外　胃　肛門外科　内　リハ,,平8. 9. 1,ika
診療所,15,0312653,高野内科循環器科クリニック,上越市頸城区上吉横江４３７番地７１,025-531-1031,医療法人社団　高野内科循環器科クリニック　理事長　髙野　俊樹,髙野　俊樹,内　循　呼,,平15. 10. 1,ika
診療所,15,0312661,医療法人社団　内山医院,上越市吉川区下町１１６１番地１,025-548-2400,医療法人社団　内山医院　理事長　内山　一晃,内山　一晃,内　小　消,,平16. 7. 1,ika
診療所,15,0312687,名立診療所ひらはら内科クリニック,上越市名立区名立大町１９６番地,025-537-2001,医療法人社団　ひらはら内科クリニック　理事長　平原　克己,平原　克己,内　小　アレ　呼　リウ　放,,平16. 10. 1,ika
診療所,15,0312695,安塚診療所,上越市安塚区安塚２５５５番地１,025-592-3330,上越市　上越市長　小菅　淳一,三宅　純,外　呼　内　整外,,平17. 1. 1,ika
診療所,15,0312703,上越市国民健康保険くろかわ診療所,上越市柿崎区芋島新田１８４番地,025-536-5302,上越市　上越市長　小菅　淳一,有我　直宏,一般　内　外　小　整外　麻,,平17. 1. 1,ika
診療所,15,0312711,上越市国民健康保険清里診療所,上越市清里区岡嶺新田７２番地,025-528-3313,上越市　上越市長　小菅　淳一,畠山　牧男,内　外　アレ　リウ,,平17. 1. 1,ika
診療所,15,0312737,上越市国民健康保険吉川診療所,上越市吉川区原之町１８１９番地１,025-548-2015,上越市　上越市長　小菅　淳一,伊藤　崇敏,内　ひ,,平17. 1. 1,ika
診療所,15,0312745,大島診療所,上越市大島区棚岡１５４０番地１,025-594-2323,上越市　上越市長　小菅　淳一,川渕　久司,内　外　小,,平17. 1. 1,ika
診療所,15,0312752,上越市国民健康保険牧診療所,上越市牧区柳島４３７番地,025-533-5045,上越市　上越市長　小菅　淳一,宮本　佳織,内,,平17. 1. 1,ika
診療所,15,0312786,みながわ皮ふ科,上越市大和２丁目１５番１８号,025-527-4744,医療法人社団　みながわ皮ふ科　理事長　皆川　正弘,皆川　正弘,皮,,平17. 5. 1,ika
診療所,15,0312794,おおしま眼科,上越市東雲町２丁目６番２２号,025-544-4644,医療法人社団　おおしま眼科　理事長　大島　晃,大島　晃,眼,,平17. 9. 1,ika
診療所,15,0312810,川端内科消化器科医院,上越市春日新田１丁目２０－１３,025-543-0008,川端　英博,川端　英博,内　消　リハ,,平17. 11. 1,ika
診療所,15,0312828,さいとう診療所,上越市板倉区針９４１番地,0255-78-5310,齋藤　浩史,齋藤　浩史,内　神内,,平18. 1. 1,ika
診療所,15,0312836,まなべ整形外科クリニック,上越市高土町２丁目１２番５号,025-527-2800,医療法人社団　まなべ整形外科クリニック　理事長　眞部　逹彦,眞部　逹彦,整外　リハ　リウ,,平18. 4. 1,ika
診療所,15,0312844,豊田医院,上越市石橋２－５－１,025-539-6625,豊田　宏,豊田　宏,整外　外　内　麻　リハ,,平18. 5. 1,ika
病院,15,0312851,新潟県厚生農業協同組合連合会　上越総合病院,上越市大道福田６１６番地,025-524-3000,新潟県厚生農業協同組合連合会　代表理事理事長　塚田　芳久,篭島　充,一般　内　消化器内科　呼内　腎臓糖尿病内科　循環器内科　神内　小　外　呼外　乳腺外科　脳外　産婦　耳い　眼　整外　形外　皮　ひ　放射線科　放射線治療科　リハ　麻　救急科　病理　心臓血管外科,313,平18. 4. 1,ika
診療所,15,0312869,はまだ皮ふ科,上越市木田新田２－２－７,025-527-2295,濱田　正明,濱田　正明,皮,,平18. 7. 1,ika
診療所,15,0312877,高田駅前クリニック　丸山内科医院,上越市仲町４丁目２番２３号,025-523-6585,丸山　資郎,丸山　資郎,内,,平18. 8. 1,ika
診療所,15,0312893,小児科すこやかアレルギークリニック,上越市大字藤野新田１３００,025-521-0700,田中　泰樹,田中　泰樹,小　アレ,,平19. 9. 1,ika
診療所,15,0312968,いがらし整形外科,上越市大貫４丁目６番８号,025-520-6006,五十嵐　靖雄,五十嵐　靖雄,整外　リハ,,平20. 8. 1,ika
診療所,15,0312976,すぎたに整形外科クリニック,上越市とよば７９番地,025-520-4154,医療法人社団　すぎたに整形外科クリニック　理事長　椙谷　博也,椙谷　博也,整外　リウ　リハ,,平21. 4. 1,ika
診療所,15,0312992,三折堂いがらし医院,上越市三和区錦２８８番地１,025-529-2288,医療法人　社団　三折堂　理事長　五十嵐　達紀,五十嵐　達紀,胃腸内科　リハ　整外　内　外　肛門外科,,平21. 5. 1,ika
診療所,15,0313024,きたしろクリニック内科さとう医院,上越市北城町４丁目６番８号,025-521-7311,医療法人社団　内科さとう医院　理事長　佐藤　健比呂,佐藤　健比呂,内　リウ,,平22. 10. 1,ika
診療所,15,0313032,石田眼科医院,上越市本町二丁目２番３１号,025-524-4342,医療法人社団　喜修会　理事長　石田　誠夫,石田　誠夫,一般　眼,,平22. 12. 24,ika
診療所,15,0313040,保倉の里診療所,上越市浦川原区顕聖寺７３０番地１,025-595-3123,社会福祉法人　くびき社会事業協会　理事長　高橋　規一,高橋　規一,整外　外　内,,平23. 2. 1,ika
診療所,15,0313057,ふもとクリニック,上越市中央１丁目２３番２６号,025-543-2103,医療法人　麓会　理事長　竹之内　民夫,竹之内　民夫,内　小　皮　ひ,,平23. 4. 1,ika
診療所,15,0313065,在宅緩和ケアクリニックきずな,上越市下門前１７４５番地,025-520-8336,医療法人社団　ひらはら内科クリニック　理事長　平原　克己,平原　克己,内　緩和ケア内科,,平23. 4. 25,ika
診療所,15,0313073,おひさま耳鼻咽喉科,上越市大字飯２５３８番地２,025-546-7114,医療法人社団　おひさま耳鼻咽喉科　理事長　五十嵐　良和,五十嵐　良和,耳い,,平23. 5. 1,ika
診療所,15,0313081,かわさき脳外科,上越市昭和町二丁目２９番３２号,025-521-2288,川﨑　浩一,川﨑　浩一,脳外　神内　リハ　外　内,,平23. 5. 12,ika
診療所,15,0313099,武内心療内科大潟クリニック,上越市大潟区犀潟７８９,025-534-5288,武内　盛,武内　盛,心内　精　内　神内,,平23. 8. 20,ika
診療所,15,0313115,中村皮ふ科クリニック,上越市北城町２丁目３番２４号,025-526-6614,医療法人社団　中村皮ふ科クリニック　理事長　中村　元一,中村　元一,皮　アレ　美外,,平24. 5. 1,ika
診療所,15,0313156,あおぞら皮ふ科クリニック,上越市大字飯２５１９番地,025-521-1112,医療法人社団　あおぞら皮ふ科クリニック　理事長　土屋　和夫,土屋　和夫,皮,,平25. 10. 1,ika
診療所,15,0313164,小林医院,上越市住吉町１－１２,025-543-3227,小林　千春,小林　千春,内　循環器内科　小　アレ,,平25. 10. 7,ika
診療所,15,0313180,かなざわ内科クリニック,上越市春日野１丁目１４番１１号,0255-21-0808,医療法人社団　かなざわ内科クリニック　理事長　金澤　責,金澤　責,内　消化器内科　放,,平26. 4. 1,ika
診療所,15,0313206,藤原医院,上越市西本町２丁目１番２１号,025-544-7020,医療法人社団　藤原医院　理事長　藤原　敬人,藤原　敬人,内　呼内　胃腸内科　消化器内科　循環器内科　アレ,,平26. 4. 1,ika
診療所,15,0313214,かみむら小児科,上越市下門前１８５７番地,025-512-5556,医療法人社団かみむら小児科　理事長　上村　孝則,上村　孝則,小　アレ,,平26. 9. 1,ika
診療所,15,0313248,医療法人社団　上越北陸アイクリニック,上越市大字今泉１３１０番地４,025-527-5040,医療法人社団　上越北陸アイクリニック　理事長　矢口　裕基,矢口　裕基,一般　眼,,平27. 5. 1,ika
診療所,15,0313255,医療法人高田西城会　こころのクリニック・上越妙高診療所,上越市大和二丁目４番７号,025-522-6611,医療法人　高田西城会　理事長　川室　優,吉岡　茂子,精　心内,,平27. 5. 1,ika
診療所,15,0313263,医療法人社団　羽尾医院,上越市稲田３丁目６番２０号,025-523-2606,医療法人社団　羽尾医院　理事長　羽尾　和久,羽尾　和久,内　循環器内科　小,,平27. 9. 24,ika
診療所,15,0313289,さくらの木心臓血管外科クリニック,上越市北城町４丁目４番２０号,025-527-2727,医療法人社団　慧生会　理事長　小栁　勝司,小栁　勝司,心外　内　外　循環器内科,,平28. 5. 1,ika
診療所,15,0313297,吉川眼科,上越市吉川区下町１１６２番１,025-520-5222,伴野　正明,伴野　正明,眼,,平28. 10. 1,ika
診療所,15,0313305,菅谷ウイメンズクリニック,上越市新光町３丁目６番１６号,025-546-7660,医療法人社団フロール　理事長　菅谷　進,菅谷　進,産婦人科（生殖医療）,,平28. 10. 1,ika
診療所,15,0313313,わか皮ふ科クリニック,上越市とよば４番地,025-525-4112,医療法人社団有美　理事長　石田　和加,石田　和加,皮　美容皮膚科,,平28. 10. 1,ika
診療所,15,0313347,上越市役所前やまもとクリニック,上越市木田１丁目３－３１,025-520-9130,医療法人社団やまもとクリニック　理事長　山本　智,山本　智,内　外　消化器内科　肛門外科,,平29. 9. 1,ika
診療所,15,0313354,長谷川医院,上越市国府４丁目３番１４号,025-531-2100,医療法人社団　長谷川医院　理事長　長谷川　登,長谷川　登,内　胃腸内科　小,,平29. 10. 1,ika
診療所,15,0313362,飯内科クリニック,上越市大字飯２５２１－１,025-521-1171,野崎　和也,野崎　和也,内　小　リウ　漢方内科,,平30. 10. 1,ika
診療所,15,0313370,たにし整形外科クリニック,上越市下門前２２７５番地,025-530-7171,医療法人　たにし整形外科クリニック　理事長　田西　信睦,田西　信睦,整外　リハ,,平30. 11. 1,ika
診療所,15,0313396,飯酒盃医院,上越市西本町４丁目４－１２,025-530-7858,飯酒盃　訓充,飯酒盃　訓充,内　血液内科,,令元. 7. 1,ika
診療所,15,0313404,みながわ内科・糖尿病クリニック,上越市上源入６４１番地１エスペランサ１Ｆ,025-520-5504,皆川　真一,皆川　真一,内　糖尿病内科　内分泌内科,,令元. 8. 1,ika
診療所,15,0313420,アグリホームクリニック　じょうえつ,上越市三和区宮崎新田１３１番地１,025-530-8885,医療法人　ＡＧＲＩＥ　理事長　伊藤　俊一郎,大村　淳一,内　外　精,,令2. 7. 1,ika
診療所,15,0313438,つちや耳鼻咽喉科,上越市下源入５８５番１,025-520-8883,医療法人社団　つちや耳鼻咽喉科　理事長　土屋　昭夫,土屋　昭夫,耳い　アレ,,令3. 5. 1,ika
診療所,15,0313446,上越インター前たけいクリニック,上越市上源入６３４－３,025-520-9919,医療法人社団　たけいクリニック　理事長　武井　伸一,武井　伸一,内　消化器内科　胃腸内科　肝臓内科　内視鏡内科,,令4. 5. 2,ika
診療所,15,0313453,上越妙高駅前みやざわクリニック,上越市大和５丁目２０番１６号,025-522-3831,医療法人社団　みやざわクリニック　理事長　宮澤　智徳,宮澤　智徳,内　外　肛門外科　乳腺外科,,令4. 11. 1,ika
診療所,15,0313461,稲田うえき整形外科クリニック,上越市稲田３丁目６番１０号,025-546-7676,植木　将人,植木　将人,整外　リハ　リウ,,令5. 8. 1,ika
診療所,15,0313479,山田クリニック,上越市頸城区舟津１９番地１,025-530-3116,医療法人社団　慈幸会山田クリニック　理事長　山田　雅之,山田　雅之,内　消化器内科　小　放,,令5. 8. 1,ika
診療所,15,0313495,おおしまメンタル・皮ふ科クリニック,上越市大学前５６－１,025-522-7373,大嶋　一彰,大嶋　一彰,心内　皮　精,,令8. 5. 1,ika
診療所,15,0313503,北信越クリニック,上越市大和５丁目２７番４号,025-520-8639,長谷川　直哉,長谷川　直哉,心内　精,,令8. 5. 1,ika
診療所,15,0313511,はれまちクリニック,上越市土橋２５９４番地,025-520-9080,医療法人社団長明会　理事長　島田　長樹,島田　長茂,内　皮　小,,令8. 7. 1,ika
診療所,15,0313529,じょうえつ形成外科クリニック,上越市大字富岡１９２０番地２,025-520-9280,医療法人社団　メディノア　理事長　矢澤　智博,矢澤　智博,形外　美外　美容皮膚科　皮,,令8. 6. 1,ika
病院,15,8910086,独立行政法人国立病院機構　さいがた医療センター,上越市大潟区犀潟４６８の１,025-534-3131,独立行政法人国立病院機構　理事長　新木　一弘,佐久間　寛之,一般　精神　内　精　脳内　小　整外　リハ　放　消化器内科,410,昭35. 7. 1,ika
病院,15,2110006,脳神経センター阿賀野病院,阿賀野市保田６３１７－１５,0250-68-3500,医療法人　潤生会　理事長　近藤　浩,近藤　浩,一般　療養　脳内　内　リハ,,昭53. 1. 1,ika
診療所,15,2110022,恩田整形外科医院,阿賀野市金田町９５－１,0250-62-0515,医療法人社団　恩田整形外科医院　理事長　恩田　直明,恩田　直明,一般　整外　リハ,,昭61. 12. 1,ika
診療所,15,2110063,医療法人社団　佐藤眼科医院,阿賀野市中央町２－１２－２８,0250-63-2660,医療法人社団　佐藤眼科医院　理事長　佐藤　健二,佐藤　健二,眼,,平9. 4. 1,ika
診療所,15,2110105,京ケ瀬診療所,阿賀野市曽郷１０１１番地１,0250-67-4356,医療法人社団　京ケ瀬診療所　理事長　島田　克己,島田　克己,内　消　呼,,平12. 11. 1,ika
診療所,15,2110154,安田診療所,阿賀野市保田１７５６－１,0250-68-2148,医療法人社団　安田診療所　理事長　齋藤　徹,斎藤　徹,内　呼　消　循,,平16. 4. 1,ika
病院,15,2110162,あがの市民病院,阿賀野市岡山町１３－２３,0250-62-2780,阿賀野市　阿賀野市長　加藤　博幸,藤森　勝也,一般　内　神内　小　外　整外　脳外　皮　産婦　眼　耳い　麻　放　リハ　ひ　心外　循環器内科,196,平16. 4. 1,ika
診療所,15,2110212,うちだ内科医院,阿賀野市市野山１９２－３,0250-61-2020,内田　守昭,内田　守昭,内　消化器内科　内視鏡内科,,平23. 4. 8,ika
診療所,15,2110238,うえき内科クリニック,阿賀野市岡山町４－６,0250-61-2200,医療法人社団　Ｒ＆Ｋ　理事長　植木　一弥,植木　一弥,内　糖尿病内科,,平23. 5. 1,ika
診療所,15,2110253,やまざき小児科,阿賀野市岡山町７番１２号,0250-62-8500,医療法人社団　山﨑医院　理事長　山﨑　恒,山﨑　恒,小　アレ,,平24. 9. 1,ika
診療所,15,2110261,本田脳神経外科クリニック,阿賀野市下条町１３番１２号,0250-63-1111,医療法人社団　本田脳神経外科クリニック　理事長　本田　吉穗,本田　吉穗,脳外　内　神内,,平27. 4. 1,ika
診療所,15,2110279,わだ耳鼻咽喉科クリニック,阿賀野市下条町１３－１１,0250-63-1212,医療法人社団　真和会　理事長　和田　匡史,和田　匡史,耳い　アレ,,平27. 9. 1,ika
診療所,15,2110287,田中皮膚科医院,阿賀野市市野山１９１番地３,0250-63-2222,医療法人　翠正会　理事長　田中　正明,田中　正明,皮　アレ,,平28. 4. 1,ika
診療所,15,2110295,ながい眼科クリニック,阿賀野市市野山１９１－１,0250-47-4475,医療法人　ＧＮＫ　理事長　長井　慎吾,長井　慎吾,眼,,平28. 4. 1,ika
診療所,15,2110303,永田医院,阿賀野市山崎３４０番地,0250-62-2412,永田　邦夫,永田　邦夫,内,,平29. 9. 1,ika
診療所,15,2110311,内科・循環器内科　かねこ医院,阿賀野市南安野町５番１５号,0250-47-3297,金子　順二,金子　順二,内　循環器内科,,令7. 9. 1,ika
診療所,15,2110329,あがのわたなべ内科・消化器内科,阿賀野市百津町３番４４号,0250-47-5585,渡　雄介,渡　雄介,内　消化器内科　肝臓内科　内視鏡内科,,令8. 5. 1,ika
診療所,15,2110337,ふじい整形外科,阿賀野市若葉町７－３,0250-63-0001,藤井　俊英,藤井　俊英,整外　リハ,,令8. 4. 1,ika
診療所,15,2210012,りようつ眼科医院,佐渡市両津夷３番地１夷本町ハギタビル１階,0259-23-5275,亀山　英之介,亀山　英之介,眼,,平7. 1. 6,ika
診療所,15,2210020,三國医院,佐渡市両津湊３４３番地４,0259-27-2489,医療法人社団　三國医院　理事長　三國　榮,三國　榮,内　胃,,平7. 4. 1,ika
診療所,15,2210129,浅島医院,佐渡市千種丙２１８－７,0259-63-2908,浅島　裕雄,浅島　裕雄,皮　ひ,,平元. 10. 1,ika
診療所,15,2210194,医療法人社団　近藤内科胃腸科,佐渡市東大通８７６番地,0259-57-3515,医療法人社団　近藤内科胃腸科　理事長　近藤　浩二,近藤　浩二,内　胃,,平10. 4. 1,ika
診療所,15,2210228,田内科医院,佐渡市中興１１１５番地の１,0259-63-6500,医療法人社団　田内科医院　理事長　田　正記,田　正記,内,,平12. 12. 1,ika
診療所,15,2210269,高千診療所,佐渡市北川内１０５１,0259-77-2022,徳永　慎吾,徳永　慎吾,内　小,,平13. 4. 2,ika
診療所,15,2210368,佐渡市赤泊診療所,佐渡市赤泊２２０６番地３,0259-87-2033,佐渡市　佐渡市長　渡辺　竜五,佐々木　良文,内,,平16. 3. 1,ika
診療所,15,2210376,佐渡市松ヶ崎診療所,佐渡市多田２６２番地１０,0259-67-2002,佐渡市　佐渡市長　渡辺　竜五,佐々木　良文,内,,平16. 3. 1,ika
診療所,15,2210384,さかた整形外科医院,佐渡市泉１３５０,0259-61-1555,阪田　重雄,阪田　重雄,整外　リハ,,平17. 3. 1,ika
診療所,15,2210392,医療法人社団　大崎医院,佐渡市畑野７５４番地,0259-66-2467,医療法人社団　大崎医院　理事長　大崎　直樹,大崎　直樹,内,,平17. 5. 1,ika
診療所,15,2210400,本田クリニック,佐渡市東大通１２３２－１,0259-52-0505,本田　康征,本田　康征,内　循,,平17. 10. 11,ika
診療所,15,2210418,汐彩クリニック,佐渡市窪田２０－１,0259-57-4031,森本　芳典,森本　芳典,心内　神　精,,平18. 5. 17,ika
診療所,15,2210434,新潟県佐渡保健所,佐渡市相川二町目浜町２０番地１,0259-74-3398,新潟県　新潟県知事　花角　英世,山崎　理,内,,平20. 7. 1,ika
診療所,15,2210442,一般社団法人　新潟県労働衛生医学協会　附属佐渡検査センター,佐渡市真野５３６番地,0259-55-3175,一般社団法人　新潟県労働衛生医学協会　会長　佐藤　幸示,筒井　光広,内　婦,,平21. 4. 1,ika
診療所,15,2210467,山井眼科クリニック,佐渡市石田９６番,0259-52-3105,山井　聡,山井　聡,眼,,平23. 4. 1,ika
診療所,15,2210475,巣立っ子診療所,佐渡市松ケ崎９１８－５,0259-67-2239,黛　正,黛　正,リハ　整外　小,,平23. 4. 1,ika
病院,15,2210483,新潟県厚生農業協同組合連合会　佐渡総合病院,佐渡市千種１６１番地,0259-63-3121,新潟県厚生農業協同組合連合会　代表理事理事長　塚田　芳久,佐藤　賢治,一般　精神　一般（感染）　内　精　神内　呼内　小　外　整外　脳外　皮　ひ　産婦　眼　耳い　放　心外　麻　形外　リハ　消化器内科　循環器内科　小児外科　呼外　放射線治療科,294,平23. 11. 1,ika
診療所,15,2210509,医療法人社団　たなか内科医院,佐渡市下新穂８３－２,0259-22-2056,医療法人社団　たなか内科医院　理事長　田中　泰樹,田中　泰樹,内,,平27. 5. 1,ika
診療所,15,2210517,岩田内科医院,佐渡市羽茂本郷５５６番地１,0259-88-2105,岩田　文英,岩田　文英,内,,平27. 12. 28,ika
診療所,15,2210525,まきやま内科クリニック,佐渡市長石１９２－５,0259-55-3110,医療法人社団　まきやま内科クリニック　理事長　真木山　八城,真木山　八城,内　循環器内科,,平30. 4. 1,ika
診療所,15,2210541,新潟県厚生農業協同組合連合会　南佐渡地域医療センター,佐渡市羽茂本郷２２番地,0259-88-3121,新潟県厚生農業協同組合連合会　代表理事理事長　塚田　芳久,生沼　武男,一般　内　精　神内　小　整外　耳い　皮　ひ　外,,令2. 4. 1,ika
診療所,15,2210558,佐渡市小木診療所,佐渡市小木町１９４９番地４,0259-81-4500,佐渡市　佐渡市長　渡辺　竜五,野沢　有二,整外　内,,令2. 5. 1,ika
診療所,15,2210566,佐渡市立相川診療所,佐渡市相川広間町７番地,0259-74-3121,佐渡市　佐渡市長　渡辺　竜五,福岡　淳一,療養　内　整外,,令4. 4. 1,ika
診療所,15,2210574,さど眼科,佐渡市千種１１３番地１３,0259-58-9095,医療法人社団ｅｙｅ－ｌａｎｄ　理事長　酒井　康弘,酒井　康弘,眼,,令4. 9. 1,ika
診療所,15,2210582,さどクリニック,佐渡市河原田諏訪町２０７－１,,菊池　史郎,菊池　史郎,内　消化器内科　外,,令5. 7. 1,ika
病院,15,2210590,佐渡市立両津病院,佐渡市梅津２３１４番地１,0259-23-5111,佐渡市　佐渡市長　渡辺　竜五,石塚　修,一般　一般　内　小　耳い　整外　外　婦　歯外　矯歯,60,令7. 5. 1,ika
診療所,15,2310036,魚沼保健所,魚沼市大塚新田字大塚１１６－３,025-792-1145,新潟県　新潟県知事　花角　英世,武藤　謙介,内,,昭55. 5. 10,ika
診療所,15,2310085,医療法人社団　廣川医院,魚沼市小出島１２０９番地７９,025-792-0015,医療法人社団　廣川医院　理事長　廣川　幸二郎,廣川　幸二郎,耳い,,平元. 4. 1,ika
診療所,15,2310101,庭山医院,魚沼市四日町１０１番地２,025-792-5511,医療法人社団　庭山医院　理事長　庭山　淳,庭山　淳,内,,平5. 4. 1,ika
診療所,15,2310119,宮医院,魚沼市井口新田４３９番地１,025-792-0602,医療法人社団　宮医院　理事長　宮　一路,宮　一路,内　小　アレ,,平6. 5. 16,ika
病院,15,2310127,ほんだ病院,魚沼市原虫野４３３番地３,025-792-9550,医療法人魚野会　理事長　本田　篤,北村　学,精神　内　精　神,100,平8. 2. 1,ika
診療所,15,2310135,かねもと外科内科医院,魚沼市井口新田９４５番地１,025-792-7678,医療法人社団　かねもと外科内科医院　理事長　金本　勝哉,金本　勝哉,内　外,,平10. 9. 1,ika
診療所,15,2310143,一般社団法人　新潟県労働衛生医学協会　附属小出検査センター,魚沼市小出島１２４０番１３,025-792-3365,一般社団法人　新潟県労働衛生医学協会　会長　佐藤　幸示,須藤　祐悦,内　婦,,平12. 1. 1,ika
診療所,15,2310150,医療法人社団緑と清流の医療研究会　星内科医院,魚沼市小出島字願成寺８１－１,025-793-3337,医療法人社団　緑と清流の医療研究会　理事長　星　隆洋,星　隆洋,内　消　精　心内,,平13. 5. 1,ika
診療所,15,2310168,たちばな皮ふ科クリニック,魚沼市古新田１７９ー１,025-793-3201,橘　敏明,橘　敏明,皮,,平13. 6. 1,ika
診療所,15,2310242,魚沼市国民健康保険守門診療所,魚沼市須原１２３７番地１,025-797-2062,魚沼市　魚沼市長　内田　幹夫,仲丸　司,内,,平16. 11. 1,ika
診療所,15,2310259,魚沼市国民健康保険入広瀬診療所,魚沼市大栃山６３５番地１,025-796-2320,魚沼市　魚沼市長　内田　幹夫,仲丸　司,内,,平16. 11. 1,ika
診療所,15,2310291,うおぬま眼科,魚沼市日渡新田字ヒワタリ８４番地１,025-793-7347,医療法人社団　オクルス　理事長　田中　隆之,田中　隆之,眼,,平25. 5. 15,ika
病院,15,2310317,国民健康保険魚沼市立小出病院,魚沼市日渡新田３４番地,025-792-2111,魚沼市　魚沼市長　内田　幹夫,鈴木　和夫,一般　療養　内　脳内　小　婦　整外　脳外　外　ひ　精　眼　リハ　皮　耳い,,平27. 6. 1,ika
診療所,15,2310333,医療法人社団　上村医院,魚沼市諏訪町１丁目１２番地,025-792-0143,医療法人社団　上村医院　理事長　上村　伯人,森田　慎一,内　糖尿病内科　消化器内科　内視鏡内科　小　ひ,,平28. 12. 1,ika
診療所,15,2310341,魚沼市国民健康保険堀之内医療センター,魚沼市堀之内４３１５番地,025-794-2450,魚沼市　魚沼市長　内田　幹夫,布施　克也,内　整外　リハ,,平29. 4. 1,ika
診療所,15,2310358,堀之内駅前　小玉医院,魚沼市堀之内３８７０番地１,025-798-2000,医療法人社団　小玉医院　理事長　小玉　誠,小玉　誠,内　循環器内科,,平29. 5. 1,ika
診療所,15,2310366,医療法人俊榮会　ふくじゅクリニック,魚沼市田尻１６４－２,025-799-2015,医療法人俊榮会　理事長　今中　正浩,河内　由布子,内　整外　リウ,,令4. 9. 1,ika
診療所,15,2310374,魚沼こどもクリニック,魚沼市井口新田３２１番地１,025-793-7708,板垣　成孝,板垣　成孝,小　アレ,,令5. 5. 1,ika
診療所,15,2310382,医療法人柏樹会　新潟　骨とスポーツのクリニック,魚沼市中原字大塚８０番１,025-795-6975,医療法人柏樹会　理事長　山中　力仁,山中　力仁,整外　リハ,,令6. 4. 1,ika
診療所,15,2410000,新潟県南魚沼保健所,南魚沼市六日町６２０番地２,025-772-2457,新潟県　新潟県知事　花角　英世,阿部　俊幸,内,,昭51. 11. 1,ika
病院,15,2410034,五日町病院,南魚沼市五日町２３７５,025-776-3113,医療法人　越南会　理事長　小川　杉子,小川　杉子,精神　精　心内　内,183,昭60. 4. 1,ika
病院,15,2410075,齋藤記念病院,南魚沼市欠之上４７８番地２,025-773-5111,医療法人　俊榮会　理事長　今中　正浩,福田　修,一般　療養　脳外　神内　胸外　乳腺外科　整外　リウ　消化器外科　肛門外科　リハ　内　外,,平元. 3. 1,ika
診療所,15,2410109,医療法人社団　藤島医院　藤島医院,南魚沼市六日町１８８１,025-772-2059,医療法人社団　藤島医院　理事長　藤島　浩,藤島　浩,一般　眼,,平2. 10. 1,ika
診療所,15,2410158,萌気園二日町診療所,南魚沼市二日町２１２番地１,025-778-0088,医療法人社団　萌気会　理事長　黒岩　巌志,田邊　繁世,内　小　整外　リウ　神内,,平11. 4. 1,ika
診療所,15,2410273,医療法人社団　あんべクリニック,南魚沼市塩沢１０５５－１６,025-782-5355,医療法人社団　あんべクリニック　理事長　安部　龍一,安部　龍一,消　外　内　リハ　麻,,平9. 9. 1,ika
診療所,15,2410307,南魚沼市立　中之島診療所,南魚沼市仙石１番地２５,025-782-0130,南魚沼市　南魚沼市長　林　茂男,冨永　衛,内　外　小　皮,,平17. 10. 1,ika
診療所,15,2410414,萌気園浦佐診療所,南魚沼市浦佐５３６３－１,025-777-5222,医療法人社団　萌気会　理事長　黒岩　巌志,黒岩　巌志,一般　内　小　整外　精　心内,,平25. 6. 1,ika
診療所,15,2410422,公益社団法人　地域医療振興協会　今泉記念館　ゆきあかり診療所,南魚沼市下一日市８５５番地,025-788-0760,公益社団法人　地域医療振興協会　理事長　藤来　靖士,佐々木　航,内　小　外　皮,,平25. 10. 1,ika
診療所,15,2410430,医療法人社団　やすかわ整形外科,南魚沼市六日町１０１－８,025-781-5320,医療法人社団　やすかわ整形外科　理事長　安川　敬一郎,安川　敬一郎,整外　リハ,,平25. 10. 1,ika
診療所,15,2410448,米倉医院,南魚沼市六日町１０１－８,025-778-1121,医療法人社団　研鑽会　理事長　米倉　研史,米倉　研史,内　小　消化器内科　皮　肝臓内科　内視鏡内科,,平25. 10. 1,ika
病院,15,2410463,新潟県地域医療推進機構魚沼基幹病院,南魚沼市浦佐４１３２番地,025-777-3200,新潟県基幹病院事業　新潟県知事　花角　英世,生越　章,一般　一般（感染）　精神　内　循環器内科　脳内　精　小　心外　呼外　脳外　整外　形外　ひ　皮　産婦　眼　耳い　リハ　麻　歯外　矯歯　リウ　病理　内分泌・代謝内科　血液内科　腎臓内科　呼吸器・感染症内科　消化器内科　消化器外科　乳腺・内分泌外科　救急科　放射線治療科　放射線診断科,404,平27. 6. 1,ika
病院,15,2410497,南魚沼市民病院,南魚沼市六日町２６４３番地１,025-788-1222,南魚沼市　南魚沼市長　林　茂男,外山　千也,一般　内　精　脳内　外　整外　小　婦　眼　皮　ひ　耳い　歯　小歯　リハ　呼内　放　歯外　リウ　麻　循環器内科　腎臓内科　消化器内科　消化器外科　肛門外科　心外　ペインクリニック内科　緩和ケア内科　血液内科,152,平27. 11. 1,ika
診療所,15,2410547,萌気園あやめ診療所,南魚沼市浦佐３３０番地７,025-780-4377,医療法人社団　萌気会　理事長　黒岩　巌志,柿原　敏夫,心内　小　精,,平30. 8. 1,ika
診療所,15,2410562,六日町こどもクリニック,南魚沼市余川３３６２番地１,025-775-7171,医療法人社団　六日町こどもクリニック　理事長　白井　崇準,白井　崇準,小　アレ　内,,令元. 5. 1,ika
診療所,15,2410604,ひとみレディースクリニック,南魚沼市余川３３６０－２,025-775-7918,佐藤　ひとみ,佐藤　ひとみ,産婦,,令4. 11. 1,ika
診療所,15,2410612,医療法人俊榮会　ほうじゅクリニック,南魚沼市塩沢２０７番地２,025-782-6688,医療法人俊榮会　理事長　今中　正浩,青木　聡,内　循環器内科,,令6. 1. 1,ika
診療所,15,2410620,南魚沼市民病院附属石打丸山スキー診療所,南魚沼市石打１７８２番地２,025-783-4532,南魚沼市　南魚沼市長　林　茂男,笠井　昭男,整外,,令6. 12. 1,ika
診療所,15,2410638,ゆきぐに大和診療所,南魚沼市浦佐４１１５番地,025-777-2111,南魚沼市　南魚沼市長　林　茂男,仲　公正,内　精　外　脳内　ペインクリニック内科　漢方内科　小　リハ　リウ　皮　整外　歯　小歯,,令6. 11. 1,ika
診療所,15,2410646,うらさ耳鼻科クリニック,南魚沼市浦佐１５３４－３,025-780-4800,医療法人社団　うらさ耳鼻科クリニック　理事長　相澤　直孝,相澤　直孝,耳い,,令6. 12. 1,ika
診療所,15,2410653,どんぐりこどもファミリークリニック,南魚沼市泉字大道下甲４０１番２,025-780-2204,井口　英幸,井口　英幸,小　内,,令7. 5. 1,ika
診療所,15,2510023,医療法人社団　時田医院,胎内市乙１１７７番地,0254-46-2216,医療法人社団　時田医院　理事長　時田　亮,時田　亮,内　小,,昭62. 8. 1,ika
診療所,15,2510049,相馬医院,胎内市築地１８５５,0254-45-2027,相馬　隆,相馬　隆,内　小,,平2. 1. 1,ika
病院,15,2510064,中条中央病院,胎内市西本町１２－１,0254-44-8800,医療法人社団　共生会　理事長　堀川　誠也,堀川　誠也,一般　内　小　外　整外　皮　眼　リハ,,平9. 2. 1,ika
診療所,15,2510072,医療法人社団　わたなべ医院,胎内市新栄町２丁目３７番,0254-43-5955,医療法人社団　わたなべ医院　理事長　渡邉　和夫,渡邉　和夫,内　胃　外,,平10. 9. 1,ika
診療所,15,2510080,鈴木医院,胎内市平木田１５０６番地,0254-46-2430,鈴木　雄,鈴木　雄,内　消,,平10. 10. 6,ika
診療所,15,2510106,橋本医院,胎内市東本町２１番５６号,0254-43-2338,医療法人社団　橋本医院　理事長　橋本　敏之,橋本　敏之,内　胃　小,,平14. 4. 1,ika
診療所,15,2510114,野々村眼科医院,胎内市西栄町５番２４号,0254-44-8400,医療法人社団　野々村眼科医院　理事長　野々村　正博,野々村　正博,一般　眼,,平14. 4. 1,ika
診療所,15,2510122,医療法人社団　ひらの整形外科医院,胎内市大川町１５番１１号,0254-39-1010,医療法人社団　ひらの整形外科医院　理事長　平野　明,平野　明,整外　リハ,,平16. 10. 1,ika
診療所,15,2510130,ちの泌尿器科・内科医院,胎内市東本町２２番１０－３号,0254-43-6334,千野　健志,千野　健志,ひ　内　小　皮,,平17. 2. 1,ika
病院,15,2510155,黒川病院,胎内市下館字大開１５２２番地,0254-47-2422,医療法人　白日会　理事長　吉岡　加那子,宮本　忍,精神　精　内　皮,263,平4. 12. 1,ika
診療所,15,2510189,はなの医院,胎内市築地１８５１,025-445-2008,花野　伸一,花野　伸一,内　胃　消,,平19. 12. 1,ika
診療所,15,2510205,小野耳鼻科医院,胎内市大川町１５番１０号,0254-44-3387,小野　茂樹,小野　茂樹,耳い,,平25. 4. 1,ika
診療所,15,2510221,中条駅前じゅん耳鼻科,胎内市表町６番１７－８号,0254-39-1155,医療法人社団　順風会　理事長　渡邊　順,渡邊　順,耳い　アレ,,平28. 9. 1,ika
診療所,15,2510239,中条地区休日診療所,胎内市西本町１１番１１号,0254-44-8621,下越福祉行政組合　管理者　新発田市長　二階堂　馨,渡邊　順,内　小,,令2. 4. 1,ika
診療所,15,2510247,丹呉医院,胎内市あかね町２６番２５号,0254-43-7100,医療法人社団　あかね会　理事長　丹呉　益夫,丹呉　益夫,内　呼内,,令6. 11. 1,ika
診療所,15,5011268,聖籠町国民健康保険診療所,北蒲原郡聖籠町大字諏訪山８２５番地,0254-27-1234,聖籠町　聖籠町長　西脇　道夫,丸山　貴広,内,,平6. 4. 1,ika
診療所,15,5011508,佐久間医院,北蒲原郡聖籠町諏訪山１６０５番地２,0254-27-3901,医療法人社団　明和会　理事長　佐久間　淳,佐久間　淳,内　小　皮,,平13. 9. 1,ika
病院,15,5011607,新潟手の外科研究所病院,北蒲原郡聖籠町諏訪山９９７番地,0254-27-0003,一般財団法人　新潟手の外科研究所　理事長　坪川　直人,幸田　久男,一般　整外,,平24. 7. 1,ika
病院,15,5011615,新潟聖籠病院,北蒲原郡聖籠町大字蓮野５９６８番２,025-256-1010,医療法人社団　葵会　理事長　新谷　幸義,土屋　嘉昭,一般　療養　内　外　整外　脳外　リハ　眼　腎臓内科（人工透析）,180,平28. 9. 1,ika
診療所,15,5211405,医療法人社団本間医院　弥彦診療所,西蒲原郡弥彦村大字弥彦１０４３－５９,0256-94-2052,医療法人社団　本間医院　理事長　本間　候,本間　候,内　外　放,,平元. 4. 1,ika
診療所,15,5211827,堤内科医院,西蒲原郡弥彦村大字矢作７３９５－１,0256-94-4402,医療法人社団　堤内科医院　理事長　堤　清次,堤　清次,内　循　小　皮,,平8. 4. 1,ika
診療所,15,5310322,田上診療所,南蒲原郡田上町大字田上丙１２２５番地,0256-57-5015,医療法人社団　田上診療所　理事長　七里　雅男,七里　雅男,内　精,,平6. 9. 1,ika
診療所,15,5310363,須田医院,南蒲原郡田上町大字羽生田丙１５１番地１４,0256-41-5025,医療法人社団　須田医院　理事長　須田　剛,須田　剛,脳外　内　リハ,,平13. 4. 1,ika
診療所,15,5310389,星野内科医院,南蒲原郡田上町大字川船河甲１３３０番地６,0256-41-4141,星野　清,星野　清,内　呼　アレ,,平14. 12. 2,ika
病院,15,5410130,新潟県立津川病院,東蒲原郡阿賀町津川２００番地,0254-92-3311,新潟県病院事業管理者　新潟県病院局長　金井　健一,原　勝人,一般　内　脳神経内科　心内　外　整外　脳外　小　皮　ひ　婦　眼　耳い　リハ　麻,,昭38. 7. 20,ika
診療所,15,5410320,渡辺医院,東蒲原郡阿賀町津川５００番地１,02549-4-1313,医療法人社団　竹　林　会　理事長　渡邊　武,渡邊　武,内　循　胃　呼　アレ,,平16. 4. 1,ika
診療所,15,5410346,阿賀町鹿瀬診療所,東蒲原郡阿賀町向鹿瀬１１５４番地,0254-92-2219,阿賀町　阿賀町長　神田　一秋,山崎　和秀,内　小　整外,,平17. 4. 1,ika
診療所,15,5410353,町営診療所みかわ,東蒲原郡阿賀町あが野南４３２４番地,0254-99-5155,阿賀町　阿賀町長　神田　一秋,宮尾　益人,内　小　精　心内,,平17. 4. 1,ika
診療所,15,5410395,阿賀町上川診療所,東蒲原郡阿賀町両郷甲２１５０番地,0254-95-2280,阿賀町　阿賀町長　神田　一秋,近藤　崇,内　整外　脳内,,平26. 7. 1,ika
診療所,15,5510574,佐藤医院,三島郡出雲崎町大字川西２８番地８,0258-78-2153,医療法人社団　佐藤医院　理事長　佐藤　毅,佐藤　毅,内　小　循環器内科,,平20. 5. 1,ika
診療所,15,5810503,角谷整形外科医院,南魚沼郡湯沢町大字神立字川久保２５１の７,025-785-5130,角谷　文祐,角谷　文祐,整外　リハ,,昭55. 12. 1,ika
病院,15,5811667,町立湯沢病院,南魚沼郡湯沢町大字湯沢２８７７－１,025-780-6543,湯沢町　湯沢町長　田村　正幸,井上　陽介,一般　内　小　外　整外　眼,,平14. 8. 21,ika
病院,15,5910071,町立津南病院,中魚沼郡津南町大字下船渡丁２６８２番地,025-765-3161,津南町　津南町長　桑原　悠,林　裕作,一般　療養　内　小　外　整外　ひ　産婦　眼　耳い　精,,昭38. 11. 1,ika
診療所,15,5910279,医療法人社団恭清会　石川医院,中魚沼郡津南町大字上郷宮野原８ー１,025-766-2061,医療法人社団　恭清会　理事長　石川　威,石川　威,内　小　心内,,平13. 4. 27,ika
診療所,15,5910287,医療法人社団恭清会　古藤医院,中魚沼郡津南町大字外丸丁２２４９,025-765-3001,医療法人社団　恭清会　理事長　石川　威,石川　威,内　小　心内,,平13. 4. 27,ika
診療所,15,6010285,刈羽診療所かりわ消化器内科クリニック,刈羽郡刈羽村刈羽３９６８番地,0257-45-3555,医療法人社団刈羽診療所　理事長　佐藤　明人,佐藤　明人,内　消化器内科,,令5. 7. 1,ika
診療所,15,6410402,関川村国民健康保険関川診療所,岩船郡関川村大字下関５１５－１,0254-64-1051,関川村長　加藤　弘,土田　雅史,内,,昭61. 4. 1,ika
診療所,15,6410451,佐藤内科、小児科医院,岩船郡関川村大字下関９１５番地,0254-64-1047,医療法人社団　佐藤内科　小児科医院　理事長　佐藤　靖,佐藤　靖,内　小,,昭61. 12. 1,ika
診療所,15,6410659,粟島へき地出張診療所,岩船郡粟島浦村字日ノ見山１５１３番地１１,0254-55-2538,粟島浦村　粟島浦村長　脇川　善行,小出　章,内,,平14. 4. 1,ika
歯科,15,0120734,社会福祉法人　恩賜財団　済生会新潟病院,新潟市西区寺地２８０－７,025-233-6161,社会福祉法人　恩賜財団済生会支部　新潟県済生会　支部長　吉田　俊明,本間　照,一般　内　精　脳内　呼内　小　外　整外　呼外　心外　皮　ひ　産婦　眼　耳い　リハ　放　麻　形外　病理　歯外　脳外　乳腺・内分泌外科　臨床検査科　血液内科　代謝・内分泌内科　腫瘍内科　消化器内科　消化器外科　循環器内科　救急科,410,平3. 7. 1,ika
病院,15,0131273,松浜病院,新潟市北区松浜町３３９６番地,025-259-3241,医療法人　青松会　松浜病院　理事長　佐藤　栄午,小熊　隆夫,歯,,昭33. 11. 12,shika
診療所,15,0134285,近藤歯科医院,新潟市北区松浜本町１丁目１２番１４号,025-259-7040,医療法人社団　近藤歯科医院　理事長　近藤　均,近藤　均,歯,,平元. 10. 1,shika
診療所,15,0135167,すみれ野歯科医院,新潟市北区すみれ野１丁目１３番１３号,025-259-5085,佐久間　陽子,佐久間　陽子,歯　歯外,,平8. 1. 10,shika
診療所,15,0135910,北村歯科医院,新潟市北区三軒屋町１５ー３１,025-259-2627,北村　信隆,北村　信隆,歯　歯外,,平13. 6. 21,shika
診療所,15,0137072,安達歯科医院,新潟市北区柳原４－１－１２,025-386-6400,安達　和夫,安達　和夫,歯　小歯　矯歯,,昭58. 5. 6,shika
診療所,15,0137098,ほんま歯科医院,新潟市北区早通北４丁目６－３１,025-386-1115,本間　彰一,本間　彰一,歯　小歯,,昭61. 4. 1,shika
診療所,15,0137106,曽我歯科医院,新潟市北区太田甲５６２９番地８,025-386-3260,医療法人社団　曽我歯科医院　理事長　曽我　晋太郎,曽我　晋太郎,歯,,昭61. 12. 1,shika
診療所,15,0137122,本間歯科医院,新潟市北区朝日町２丁目１番２号,025-386-1414,医療法人社団　本間歯科医院　理事長　本間　信策,本間　信策,歯,,平元. 4. 1,shika
診療所,15,0137155,常木歯科医院,新潟市北区白新町２丁目７－１３,025-387-2050,常木　哲哉,常木　哲哉,歯　小歯,,平4. 3. 25,shika
診療所,15,0137171,林歯科医院,新潟市北区嘉山６丁目６番地１号,025-388-2200,林　克彰,林　克彰,歯,,平5. 6. 1,shika
診療所,15,0137189,冨田歯科医院,新潟市北区白新町２－４－２１,025-387-2216,冨田　晃,冨田　晃,歯,,平5. 7. 1,shika
診療所,15,0137197,ひぐち歯科医院,新潟市北区葛塚９４－１,025-388-5336,樋口　克輔,樋口　克輔,歯　小歯,,平5. 10. 4,shika
診療所,15,0137213,やまだデンタルクリニック,新潟市北区東栄町１丁目１２－９,025-388-1111,山田　久弥,山田　久弥,歯　矯歯　小歯,,平7. 5. 1,shika
病院,15,0137221,厚生連　豊栄病院,新潟市北区石動１丁目１１番１号,025-386-2311,新潟県厚生農業協同組合連合会　代表理事理事長　塚田　芳久,関　慶一,歯,,平9. 9. 1,shika
診療所,15,0137239,グリーン歯科医院,新潟市北区石動１丁目２ー３７,025-387-0080,小林　みどり,小林　みどり,歯　矯歯　小歯,,平9. 11. 1,shika
診療所,15,0137247,もろ歯科クリニック,新潟市北区石動１ー２３ー４,025-388-1101,毛呂　友昭,毛呂　友昭,歯　小歯,,平11. 6. 1,shika
病院,15,0137254,新潟リハビリテーション病院,新潟市北区木崎７６１番地,025-388-2111,医療法人　愛広会　理事長　池田　弘,山本　智章,歯　歯外,,平13. 4. 1,shika
診療所,15,0137742,しげたに歯科医院,新潟市北区長戸呂４２７－２,025-388-3600,重谷　寧子,重谷　寧子,歯,,平17. 4. 1,shika
診療所,15,0137817,かとう歯科医院,新潟市北区須戸２丁目６番４０号,025-384-6855,加藤　幸生,加藤　幸生,歯　小歯　歯外,,平17. 9. 2,shika
診療所,15,0138534,萩原歯科医院,新潟市北区つくし野２丁目１－１,025-259-8101,萩原　弥,萩原　弥,歯,,平20. 4. 1,shika
診療所,15,0138799,ホリデンタルオフィス,新潟市北区白新町４－８－５,025-288-6273,堀　道則,堀　道則,歯,,平21. 8. 10,shika
診療所,15,0138914,くまくらデンタルオフィス,新潟市北区石動１丁目１５番５,025-384-7888,熊倉　史子,熊倉　史子,歯　小歯,,平22. 3. 2,shika
診療所,15,0139201,小林歯科医院,新潟市北区早通南１丁目５番１０号,025-386-3103,小林　新二郎,小林　新二郎,歯　小歯　矯歯　歯外,,平23. 5. 1,shika
診療所,15,0139672,月岡歯科医院,新潟市北区葛塚４７４５,025-282-7197,月岡　祐輔,月岡　祐輔,歯　歯外　小歯,,平26. 4. 1,shika
診療所,15,7130187,豊栄インター歯科,新潟市北区かぶとやま２－３－３,025-387-3835,原田　亮,原田　亮,歯　小歯　歯外　矯歯,,平28. 9. 23,shika
診療所,15,7130211,こうの歯科医院,新潟市北区木崎２７６１－３６,025-282-7959,河野　雅之,河野　雅之,歯　小歯　歯外,,平29. 4. 1,shika
診療所,15,7130351,松田歯科クリニック,新潟市北区島見町３７００－５,025-383-8607,医療法人社団　寛正会　理事長　松田　正史,松田　浩一郎,歯　歯外　小歯　矯歯,,平30. 4. 1,shika
診療所,15,7130500,有田歯科医院,新潟県新潟市北区太夫浜１６３９番地１,025-259-8686,有田　守,有田　守,歯,,平30. 12. 25,shika
診療所,15,7130526,おだ歯科医院,新潟市北区かぶとやま２丁目１－６２ベイシア新潟豊栄店テナント,025-282-5454,小田　陽平,小田　陽平,歯　歯外　小歯,,平31. 4. 1,shika
診療所,15,7131292,小飯塚歯科クリニック,新潟市北区嘉山５丁目６－８,025-212-2118,小飯塚　仁美,小飯塚　仁美,歯,,令5. 12. 1,shika
診療所,15,7131425,すずき歯科・矯正歯科クリニック,新潟市北区松浜６－１３－２７,025-258-3748,瀬下　博嗣,瀬下　博嗣,歯　小歯　矯歯　歯外,,令6. 5. 1,shika
診療所,15,0131935,中川歯科医院,新潟市東区中山７丁目２３番９号,025-274-6474,中川　賢治,中川　賢治,歯,,昭51. 10. 20,shika
診療所,15,0132131,宇賀村歯科医院,新潟市東区牡丹山３丁目１番１４号,025-271-0123,宇賀村　勇亮,宇賀村　勇亮,歯,,昭52. 10. 15,shika
診療所,15,0132438,伊東歯科医院,新潟市東区中山８丁目２７－１１,025-271-4970,伊東　宗明,伊東　宗明,歯,,昭54. 4. 2,shika
診療所,15,0133147,白田歯科医院,新潟市東区宝町１番３８号,025-271-1100,白田　敏晴,白田　敏晴,歯,,昭57. 7. 26,shika
診療所,15,0133329,平歯科医院,新潟市東区中興野５番５１号,025-275-5353,平　秀幸,平　秀幸,歯,,昭58. 10. 8,shika
診療所,15,0133758,小林歯科医院,新潟市東区秋葉通二丁目３７２２－１０５,025-274-4184,小林　潤,小林　潤,歯　矯歯　小歯　歯外,,昭62. 4. 10,shika
診療所,15,0133915,やまざき小児歯科,新潟市東区粟山２丁目１－２０,025-276-1181,山崎　博史,山崎　博史,歯　矯歯　小歯,,昭63. 6. 1,shika
診療所,15,0134079,服部歯科医院,新潟市東区東中野山１丁目２－１３,025-276-7330,服部　康雄,服部　康雄,歯　小歯,,平元. 4. 14,shika
診療所,15,0134152,山口歯科医院,新潟市東区豊１丁目１番２３号,025-275-3988,山口　明良,山口　明良,歯　小歯　歯外,,平元. 6. 5,shika
診療所,15,0134160,富樫歯科医院,新潟市東区牡丹山２丁目６－１,025-272-0101,富樫　正利,富樫　正利,歯　矯歯　小歯,,平元. 7. 1,shika
診療所,15,0134293,岡田歯科医院,新潟市東区下場本町１４－４,025-277-0236,医療法人社団　岡田歯科医院　理事長　岡田　泰幸,岡田　泰幸,歯　小歯,,平元. 10. 1,shika
診療所,15,0134368,小野歯科医院,新潟市東区東中野山３丁目１０－１５,025-277-5035,小野　滋,小野　滋,歯　矯歯　小歯,,平2. 4. 6,shika
診療所,15,0134376,みやの歯科医院,新潟市東区江南２丁目７番１７号,025-287-4180,宮野　正美,宮野　正美,歯,,平2. 4. 16,shika
診療所,15,0134467,小黒歯科医院,新潟市東区紫竹５－１９－１５ボ・ヌール・トワＶ１Ｆ,025-241-6480,小黒　友彦,小黒　友彦,歯　小歯,,平2. 11. 2,shika
診療所,15,0134673,とさか歯科医院,新潟市東区大形本町４丁目８番１６号,025-271-7500,医療法人社団　とさか歯科医院　理事長　登坂　邦彦,登坂　邦彦,歯　矯歯　小歯　歯外,,平4. 9. 1,shika
診療所,15,0134681,田代歯科クリニック,新潟市東区松和町８－２１,025-274-4182,田代　正孝,田代　正孝,歯　小歯　歯外,,平4. 9. 2,shika
診療所,15,0134764,小竹歯科医院,新潟市東区太平３丁目５－１０,025-266-5830,小竹　弘之,小竹　弘之,歯　小歯,,平5. 7. 21,shika
診療所,15,0134954,桑原歯科医院,新潟市東区下木戸２丁目１４－１０,025-270-5200,桑原　秀也,桑原　秀也,歯,,平6. 5. 2,shika
診療所,15,0135027,たけと歯科クリニック,新潟市東区寺山２丁目２－１０,025-270-6211,吉田　剛人,吉田　剛人,歯　小歯,,平6. 10. 3,shika
診療所,15,0135050,飯島歯科医院,新潟市東区牡丹山６－１０－７,025-270-7171,飯島　定雄,飯島　定雄,歯,,平7. 4. 3,shika
診療所,15,0135134,竹本歯科医院,新潟市東区逢谷内４丁目８番１３号,025-271-1177,医療法人社団　竹本歯科医院　理事長　竹本　毅,竹本　毅,歯　小歯,,平7. 9. 1,shika
診療所,15,0135407,仲又歯科,新潟市東区東中島２－２－３アスティオン東中島１Ｆ,025-257-2123,仲又　俊夫,仲又　俊夫,歯　小歯,,平9. 11. 25,shika
診療所,15,0135555,いしやま歯科医院,新潟市東区はなみずき２丁目６番２０号,025-272-7018,石山　泰士,石山　泰士,歯　小歯,,平10. 10. 28,shika
診療所,15,0135605,さいかわ歯科医院,新潟市東区新松崎２－５－７,025-279-5234,才川　典,才川　典,歯　小歯,,平11. 5. 12,shika
診療所,15,0135928,花みずき歯科医院,新潟市東区寺山３丁目３０ー２４,025-271-6665,山田　亜佐子,山田　亜佐子,歯　小歯,,平13. 8. 1,shika
診療所,15,0136009,浅見歯科医院,新潟市東区向陽２丁目１０－２,025-271-0250,駒形　功,駒形　功,歯　小歯,,平14. 4. 1,shika
診療所,15,0136108,みるく歯科クリニック,新潟市東区有楽１－７－１,025-272-2100,鈴木　利枝,鈴木　利枝,歯　小歯,,平14. 7. 1,shika
診療所,15,0136124,医療法人社団　ふなえ歯科医院,新潟市東区船江町２－１０－１,025-270-1888,医療法人社団　ふなえ歯科医院　理事長　桑原　密雄,桑原　密雄,歯,,平14. 9. 1,shika
診療所,15,0136132,オオヒラ歯科クリニック,新潟市東区太平一丁目３番地１０,025-272-6488,大平　育夫,大平　育夫,歯　小歯　矯歯,,平14. 12. 10,shika
診療所,15,0136157,はやつ歯科クリニック,新潟市東区もえぎ野２丁目５－１９,025-278-5288,早津　誠,早津　誠,歯　小歯　歯外,,平14. 12. 25,shika
診療所,15,0136199,あゆかわ歯科医院,新潟市東区山木戸４－７－７,025-250-8110,鮎川　幸雄,鮎川　幸雄,歯　小歯,,平15. 1. 10,shika
診療所,15,0136280,岡田歯科医院,新潟市東区北葉町１３－４,025-273-0240,岡田　朋子,岡田　朋子,歯　小歯,,平15. 7. 17,shika
診療所,15,0136314,ことぶき歯科,新潟市東区はなみずき１丁目１６－１０,025-271-8013,田中　勝,田中　勝,歯　小歯,,平15. 12. 1,shika
診療所,15,0136348,かねこ歯科クリニック,新潟市東区古湊町３－５０,025-272-9144,金子　恭士,金子　恭士,歯　歯外　小歯　矯歯,,平16. 3. 6,shika
診療所,15,0136355,あおば歯科医院,新潟市東区紫竹６丁目１８－４３,025-270-8118,熊谷　和美,熊谷　和美,歯　小歯　矯歯,,平16. 4. 1,shika
病院,15,0136389,新潟臨港病院,新潟市東区桃山町１丁目１１４番地３,025-274-5331,社会医療法人新潟臨港保健会　理事長　湊　泉,鈴木　裕,歯外,,平16. 4. 19,shika
診療所,15,0136520,佐藤歯科医院,新潟市東区東明一丁目８番地９号,025-286-1175,佐藤　昌尚,佐藤　昌尚,歯　小歯,,平17. 3. 1,shika
診療所,15,0138070,なかきど歯科,新潟市東区中木戸２１６番４,025-271-0222,小川　有,小川　有,歯,,平17. 11. 11,shika
診療所,15,0138161,ないとう歯科医院,新潟市東区物見山２丁目３５－１９,025-270-2218,内藤　義隆,内藤　義隆,歯　小歯　歯外,,平18. 1. 11,shika
診療所,15,0138237,りょう歯科クリニック,新潟市東区東中野山４－１５－３,,渡邊　亮,渡邊　亮,歯　小歯　歯外,,平18. 7. 1,shika
診療所,15,0138336,医療法人社団　富信会　とみい歯科医院,新潟市東区空港西２丁目２０番１８号,025-379-7737,医療法人社団　富信会　理事長　富井　信之,富井　信之,歯　歯外　小歯,,平19. 4. 1,shika
診療所,15,0138484,にわ歯科医院,新潟市東区中山２丁目１０－１５,025-271-2400,丹羽　博己,丹羽　博己,歯,,平20. 1. 1,shika
診療所,15,0138781,こうど歯科クリニック,新潟市東区河渡本町２２番５６号,025-272-4618,野沢　健太郎,野沢　健太郎,歯　矯歯　小歯　歯外,,平21. 8. 1,shika
診療所,15,0139110,おひさま歯科診療所,新潟市東区有楽３丁目５－５,025-270-4180,白倉　正基,白倉　正基,歯,,平22. 10. 1,shika
診療所,15,0139128,Ｗｈｉｔｅ　Ｂｅｒｒｙ　こうなん歯科,新潟市東区江南６丁目１番地３１,025-286-0119,医療法人　明和会　理事長　川北　雄高,川北　雄高,歯　矯歯　小歯　歯外,,平22. 10. 1,shika
診療所,15,0139136,いろかわ歯科医院,新潟市東区秋葉１丁目６番３４号,025-288-5266,色川　裕士,色川　裕士,歯　小歯,,平22. 10. 1,shika
診療所,15,0139235,ぼたんやまデンタルクリニック,新潟市東区上木戸４丁目１－９,025-290-7770,荒井　渉,荒井　渉,歯　小歯,,平23. 7. 1,shika
病院,15,0139250,新潟医療生活協同組合　木戸病院,新潟市東区竹尾４丁目１３番３号,025-273-2151,新潟医療生活協同組合　理事長　鈴木　克夫,佐藤　秀一,歯　小歯　歯外,,平23. 7. 1,shika
診療所,15,0139300,平原歯科　新潟東区役所内診療所,新潟市東区下木戸１－４－１新潟市東区役所内,025-279-2345,平原　泰樹,平原　泰樹,歯　小歯　歯外,,平24. 1. 5,shika
診療所,15,0139326,もえぎの歯科,新潟市東区もえぎ野３丁目１２番１０号,025-276-7776,川島　直志,川島　直志,歯　小歯,,平24. 3. 2,shika
診療所,15,0139409,杏歯科クリニック,新潟市東区東中島３丁目９番５４号,025-383-6485,川　直子,川　直子,歯　小歯　歯外,,平24. 8. 17,shika
診療所,15,0139466,医療法人社団豊医会　スマイル歯科おざき,新潟市東区中山６－３－３５ｅーメディカルプラザ３Ｆ,025-278-9311,医療法人社団豊医会　理事長　尾﨑　豊実,尾﨑　豊実,歯　小歯　歯外,,平25. 4. 1,shika
診療所,15,0139516,マリデンタルクリニック,新潟市東区東明５丁目１－１,025-286-5767,宮井　眞理,宮井　眞理,歯　小歯　矯歯,,平25. 6. 1,shika
診療所,15,0139649,かめかめ歯科医院,新潟市東区新石山４丁目５－５,025-278-5020,佐藤　斉,佐藤　斉,歯,,平26. 1. 1,shika
診療所,15,0139706,えびがせファミリー歯科,新潟市東区海老ケ瀬３００８番,025-385-6074,西村　雄介,西村　雄介,歯　小歯　歯外,,平26. 5. 1,shika
診療所,15,7130047,水野歯科医院,新潟市東区河渡２－３－２５,025-274-1805,水野　健太郎,水野　健太郎,歯　小歯,,平28. 2. 1,shika
診療所,15,7130062,かのまた歯科,新潟市東区中山８－１－１０,025-288-5569,鹿又　真一,鹿又　真一,歯,,平28. 5. 1,shika
診療所,15,7130088,まるデンタルクリニック,新潟市東区はなみずき２－１４－２０,025-271-1000,丸山　敬正,丸山　敬正,歯　小歯　歯外,,平28. 6. 1,shika
診療所,15,7130146,ひらのデンタルクリニック,新潟市東区長者町１５番２３号,025-270-8080,医療法人社団　ひらの内科医院　理事長　平野　鉄雄,平野　慎一朗,歯　小歯,,平28. 10. 1,shika
診療所,15,7130153,くまくら歯科・歯科口腔外科,新潟市東区逢谷内２丁目４－６,025-311-5107,熊倉　亮,熊倉　亮,歯　小歯　歯外　矯歯,,平28. 10. 1,shika
診療所,15,7130401,ほんま歯科・小児歯科クリニック,新潟市東区秋葉通２丁目１０６番地３８,025-250-6480,本間　裕章,本間　裕章,歯　矯歯　小歯,,平30. 6. 1,shika
診療所,15,7130419,くぼた歯科クリニック,新潟市東区物見山２丁目１３番１９号,025-271-6868,久保田　千華子,久保田　千華子,歯　小歯　歯外,,平30. 7. 1,shika
診療所,15,7130518,ふじみ歯科,新潟市東区河渡１－４－１５,025-271-7575,山垣　和子,山垣　和子,歯　歯外,,平31. 1. 28,shika
診療所,15,7130831,いしざき歯科,新潟市東区大形本町５丁目３－２０,025-275-5522,石﨑　裕子,石﨑　裕子,歯,,令2. 11. 1,shika
診療所,15,7130922,アイル歯科医院,新潟市東区空港西２丁目１６－２３,025-369-5376,昆　はるか,昆　はるか,歯　小歯,,令3. 7. 1,shika
診療所,15,7130971,アルファ歯科上木戸,新潟市東区上木戸四丁目７番１３号,025-274-1122,医療法人社団アルファエイト　理事長　村上　昌隆,村上　昌隆,歯　小歯　歯外,,令3. 10. 1,shika
診療所,15,7131003,たろ歯科医院,新潟市東区中野山７丁目１番２号,025-250-0388,千葉　太郎,千葉　太郎,歯　小歯,,令4. 2. 1,shika
診療所,15,7131128,竹山矯正歯科クリニック,新潟市東区中野山７丁目１－１８,025-367-2931,竹山　雅規,竹山　雅規,矯歯,,令4. 11. 1,shika
診療所,15,7131136,みずいろ歯科,新潟市東区太平４丁目３－１７,025-250-1333,堀水　慎,堀水　慎,歯　小歯,,令4. 12. 1,shika
診療所,15,7131144,佐藤歯科医院,新潟市東区粟山４丁目１番２１号,025-276-5455,佐藤　研人,佐藤　研人,歯　小歯,,令4. 11. 1,shika
診療所,15,7131227,あさひとう矯正＆こども歯科クリニック,新潟市東区藤見町２丁目４番１４号,025-279-4187,医療法人社団スーパースマイル新潟　理事長　朝日藤　寿一,朝日藤　寿一,矯歯　小歯　歯,,令5. 5. 1,shika
診療所,15,7131243,佐々木歯科医院,新潟市東区紫竹７丁目１２番１０号,025-275-5103,医療法人社団　佐々木歯科医院　理事長　佐々木　裕道,佐々木　裕道,歯　矯歯　小歯,,令5. 6. 1,shika
診療所,15,7131359,小出歯科クリニック,新潟市東区河渡新町２丁目４番６１号１,025-288-1876,小出　勝義,小出　勝義,歯　小歯　歯外　矯歯,,令6. 5. 1,shika
診療所,15,7131441,おおとりい歯科クリニック,新潟市東区若葉町１丁目２０－４１,025-256-8241,医療法人社団　おおとりい歯科クリニック　理事長　大鳥居　淳,大鳥居　淳,歯　小歯　歯外,,令6. 6. 1,shika
診療所,15,7131722,エムワイデンタルクリニック,新潟市東区大形本町３－１－２　イオン新潟東店２階,025-272-5566,馬　有加,馬　有加,歯　小歯　歯外,,令8. 2. 1,shika
診療所,15,7131730,タクトデンタルクリニック,新潟市東区中野山４－１１－２,025-212-2390,前川　知樹,前川　知樹,歯　小歯,,令8. 6. 1,shika
診療所,15,7131748,にへい茶の間歯科・矯正歯科クリニック,新潟市東区猿ケ馬場２丁目１３番２３号,025-384-8710,二瓶　伸也,二瓶　伸也,歯　小歯　矯歯　歯外,,令8. 5. 1,shika
診療所,15,7131755,医療法人社団ＩＤＣ　まつざきこどもファミリー歯科,新潟市東区新松崎二丁目１番１号,025-279-4618,医療法人社団ＩＤＣ　理事長　石川　福太郎,石川　鋭一,歯　小歯　口腔外科　矯歯,,令8. 7. 1,shika
診療所,15,0130861,星野歯科医院,新潟市中央区上大川前通９番町１２８１,025-222-5435,星野　敬,星野　敬,歯,,昭44. 4. 5,shika
病院,15,0131224,日本歯科大学新潟病院,新潟市中央区浜浦町１丁目８番地,025-267-1500,学校法人　日本歯科大学　理事長　中原　泉,戸谷　収二,一般　歯　矯歯　小歯　歯外　内　外　耳い,,昭47. 4. 19,ika
病院,15,0131323,新潟県はまぐみ小児療育センター,新潟市中央区水道町１丁目５９３２番地,025-266-0151,新潟県　新潟県知事　花角　英世,西山　健一,歯,,昭48. 6. 25,shika
診療所,15,0131497,諸見里歯科医院,新潟市中央区新和３丁目１６番１４号,025-284-2030,諸見里　聖一,諸見里　聖一,歯　小歯　矯歯,,昭49. 7. 1,shika
診療所,15,0131794,山宮歯科医院,新潟市中央区上所上２丁目４番３号,025-284-4773,山宮　強,山宮　強,歯,,昭51. 5. 6,shika
診療所,15,0132529,横山歯科医院,新潟市中央区下所島２丁目１１－５,025-284-5057,横山　和夫,横山　和夫,歯　矯歯　小歯,,昭54. 7. 1,shika
診療所,15,0132552,廣瀬歯科医院,新潟市中央区東湊町通り一の町２５８６番地,025-222-2396,廣瀬　秀,廣瀬　秀,歯,,昭54. 8. 1,shika
診療所,15,0132602,タケデンタルクリニック,新潟市中央区米山５－２－４,025-243-5777,海津　健樹,海津　健樹,歯,,昭54. 10. 1,shika
病院,15,0132701,とやの中央病院,新潟市中央区鳥屋野４５０番地３,025-284-5161,医療法人　仁成会　理事長　小林　義雄,小林　哲朗,歯　小歯,,昭55. 3. 1,shika
診療所,15,0132792,太田歯科医院,新潟市中央区関屋金衛町２－２７６－１グリーンハイツ１０３号,025-266-4065,太田　啓子,太田　啓子,歯,,昭55. 7. 1,shika
診療所,15,0133055,藤村歯科医院,新潟市中央区女池７丁目１１－８,025-285-6480,藤村　東五,藤村　東五,歯　矯歯　小歯,,昭57. 4. 2,shika
診療所,15,0133162,瀬歯科医院,新潟市中央区関屋昭和町２丁目１１０番地,025-266-4950,瀬　千里,瀬　千里,歯,,昭57. 7. 4,shika
診療所,15,0133402,石田歯科医院,新潟市中央区東堀通り六番町１０５０番地,025-222-9732,石田　重晴,石田　重晴,歯,,昭60. 1. 1,shika
診療所,15,0133501,長井歯科医院,新潟市中央区上所上３－１－３５,025-283-6861,長井　隆,長井　隆,歯,,昭60. 6. 18,shika
診療所,15,0133535,久代歯科医院,新潟市中央区姥ケ山６丁目１３－５,025-287-0085,久代　正明,久代　正明,歯,,昭60. 10. 4,shika
診療所,15,0133584,宮本歯科医院,新潟市中央区鐙西１丁目１０番１５号石黒ビル２Ｆ,025-243-3433,宮本　重雄,宮本　重雄,歯,,昭61. 3. 10,shika
病院,15,0133782,新潟県立がんセンター新潟病院,新潟市中央区川岸町２丁目１５番地３,025-266-5111,新潟県病院事業管理者　新潟県病院局長　金井　健一,田中　洋史,歯外,,昭62. 5. 1,shika
診療所,15,0133857,いくの歯科医院,新潟市中央区鐙西２丁目１８番１４号,025-245-0414,幾野　博,幾野　博,歯,,昭62. 11. 20,shika
診療所,15,0133865,千歳歯科クリニック,新潟市中央区新光町５番地１千歳ビルディング１階,025-284-5811,近藤　敏明,近藤　敏明,歯　小歯,,昭62. 11. 28,shika
病院,15,0133899,東新潟病院,新潟市中央区姥ケ山２７４番地１,025-286-8811,医療法人　健周会　理事長　片柳　憲雄,大谷　哲也,歯,,昭60. 4. 1,shika
診療所,15,0133923,八木歯科医院,新潟市中央区鐙一丁目１１番１７号,025-245-6341,八木　正直,八木　正直,歯　小歯,,昭63. 7. 8,shika
診療所,15,0134004,イワシタ歯科,新潟市中央区古町通５番町６０１番地吉原ミシン商会２階,025-228-2280,岩下　博美,岩下　博美,歯,,平元. 3. 6,shika
診療所,15,0134053,石橋歯科クリニック,新潟市中央区上所上１丁目５番１３号,025-284-1484,石橋　義明,石橋　義明,歯　矯歯　小歯　歯外,,平元. 4. 8,shika
診療所,15,0134137,医療法人社団こばやし歯科医院,新潟市中央区女池上山４丁目１８番９号,025-283-1515,医療法人社団　こばやし歯科医院　理事長　小林　茂麿,小林　茂麿,歯　小歯,,平元. 4. 1,shika
診療所,15,0134145,田中歯科医院,新潟市中央区関屋新町通１－３３,025-267-2313,田中　邦雄,田中　邦雄,歯,,平元. 5. 1,shika
診療所,15,0134251,医療法人社団水落会　水落歯科医院,新潟市中央区西堀通り３番町２５８－４４,025-222-7422,医療法人社団　水落会　水落　力,水落　力,歯,,平元. 10. 1,shika
診療所,15,0134343,みねお歯科医院,新潟市中央区網川原２丁目１０ー１０,025-285-7588,峯尾　総一,峯尾　総一,歯　小歯,,平2. 3. 31,shika
診療所,15,0134350,すみや歯科医院,新潟市中央区長潟３丁目７番２０号,025-287-5551,角屋　雅充,角屋　雅充,歯,,平2. 4. 4,shika
診療所,15,0134392,金子医科歯科医院,新潟市中央区長嶺町３番１８号,025-244-4541,医療法人社団　金子医科歯科医院　理事長　金子　隆弘,金子　康弘,歯,,平2. 5. 7,shika
診療所,15,0134491,荒井歯科医院,新潟市中央区上近江４丁目２番２０号　日生第２ビル１,025-285-8839,荒井　節男,荒井　節男,歯,,平3. 7. 29,shika
診療所,15,0134657,松波町歯科医院,新潟市中央区関屋松波町３丁目１９９番地,025-231-6480,久須美　幸一,久須美　幸一,歯　小歯,,平4. 8. 3,shika
診療所,15,0134731,高瀬歯科,新潟市中央区万代２丁目３番３４号,025-243-0900,医療法人社団　高瀬歯科　理事長　高瀬　和喜,高瀬　和喜,歯,,平5. 4. 1,shika
診療所,15,0134749,小野歯科クリニック,新潟市中央区万代１丁目４番３３号損保ジャパン新潟セントラルビル,025-241-0120,医療法人社団　小野歯科クリニック　理事長　小野　兼義,小野　兼義,歯　矯歯　小歯　歯外,,平5. 4. 1,shika
診療所,15,0134822,大藤歯科医院,新潟市中央区附船町１丁目４３８３番地,025-223-2700,大藤　泰人,大藤　泰人,歯,,平5. 12. 6,shika
診療所,15,0134871,かも歯科クリニック,新潟市中央区幸西１丁目５－２０メゾン八千代１Ｆ,025-244-5818,加茂　芳江,加茂　芳江,歯　小歯,,平6. 2. 1,shika
診療所,15,0134913,あきの歯科クリニック,新潟市中央区白山浦新町通７９番地１,025-265-1660,秋野　文宏,秋野　文宏,歯　小歯,,平6. 4. 8,shika
診療所,15,0134939,医療法人社団　長谷川歯科,新潟市中央区一番堀通町５９３８番地,025-233-7117,医療法人社団　長谷川歯科　理事長　長谷川　満男,長谷川　満男,歯　歯外　小歯,,平6. 4. 1,shika
診療所,15,0135035,坂井歯科医院,新潟市中央区天明町２－１７　藤屋ビル１Ｆ,025-244-9084,坂井　広也,坂井　広也,歯　歯外,,平6. 10. 11,shika
診療所,15,0135126,五十嵐歯科医院,新潟市中央区大島１３０－５０,025-284-8997,五十嵐　渉,五十嵐　渉,歯　小歯,,平7. 8. 1,shika
診療所,15,0135217,いかみ歯科クリニック,新潟市中央区関屋下川原町１－６７１,025-231-2572,井神　浩一,井神　浩一,歯,,平8. 6. 1,shika
病院,15,0135233,新潟中央病院,新潟市中央区新光町１番地１８,025-285-8811,社会医療法人　仁愛会　理事長　柴田　実,山崎　昭義,歯　歯外,,平8. 7. 1,shika
診療所,15,0135274,善隆歯科クリニック,新潟市中央区神道寺１－６－１２,025-241-5501,渡辺　善隆,渡辺　善隆,歯　小歯　矯歯,,平8. 12. 24,shika
診療所,15,0135316,ホワイト歯科クリニック,新潟市中央区白山浦２丁目６４６－３２,025-232-8052,長谷川　圭介,長谷川　圭介,歯,,平9. 4. 2,shika
診療所,15,0135415,新潟県庁内歯科診療所,新潟市中央区新光町４番地１,025-285-5511,笹川　武次郎,笹川　武次郎,歯　小歯,,平9. 12. 10,shika
診療所,15,0135456,てじま歯科医院,新潟市中央区万代１丁目２番１４号シルバー流通ビル５０１号室,025-241-3623,手島　秀之,手島　秀之,歯,,平10. 4. 27,shika
診療所,15,0135597,野村歯科医院,新潟市中央区米山６ー１ー１２,025-240-7800,野村　隆,野村　隆,歯　小歯,,平11. 4. 14,shika
診療所,15,0135647,岡崎歯科医院,新潟市中央区西堀前通４番町７３５,025-229-0013,岡崎　康宏,岡崎　康宏,歯　小歯,,平11. 11. 1,shika
診療所,15,0135944,間歯科医院,新潟市中央区南出来島１ー１５ー１０,025-281-1182,間　昭憲,間　昭憲,歯　小歯　矯歯,,平13. 9. 3,shika
診療所,15,0136025,村田歯科医院,新潟市中央区米山６丁目８番２１号,025-243-5156,村田　裕史,村田　裕史,歯　小歯　歯外,,平14. 4. 1,shika
診療所,15,0136140,じょうじ歯科クリニック,新潟市中央区堀之内南１－１５－１５とやのショッピングセンタ－内,025-244-0848,上路　敬一,上路　敬一,歯　小歯,,平14. 12. 30,shika
診療所,15,0136173,岡田歯科医院,新潟市中央区古町通１－５２３,025-222-3834,岡田　匠,岡田　匠,歯　小歯,,平15. 1. 1,shika
診療所,15,0136207,さくら歯科クリニック,新潟市中央区文京町７－１,025-231-1482,高山　真一,高山　真一,歯,,平15. 1. 8,shika
診療所,15,0136264,江口歯科医院,新潟市中央区西堀前通２番町７０９番地　白柳ビル２階,025-225-1313,江口　健,江口　健,歯,,平15. 9. 1,shika
診療所,15,0136322,アクア歯科クリニック,新潟市中央区文京町１－２３,025-234-4182,長谷川　雅之,長谷川　雅之,歯　小歯　歯外,,平15. 12. 1,shika
診療所,15,0136512,よしだ歯科医院,新潟市中央区新島町通り１の町１９７４番地,025-226-7733,吉田　恵美子,吉田　恵美子,歯　小歯,,平17. 2. 20,shika
診療所,15,0138062,堀歯科医院,新潟市中央区弁天橋通１丁目５番１号,025-286-4188,堀　久至,堀　久至,歯　小歯,,平17. 9. 1,shika
診療所,15,0138120,はせがわ矯正歯科クリニック,新潟市中央区花園１丁目１番１号新潟駅ＣｏＣｏＬｏ本館メディカルコートＡ,,長谷川　雅,長谷川　雅,矯歯,,平17. 12. 20,shika
診療所,15,0138195,田井デンタルクリニック,新潟市中央区美咲町１－３１－１５,025-280-1700,田井　秀明,田井　秀明,歯　小歯　歯外,,平18. 4. 3,shika
診療所,15,0138252,玉井歯科医院,新潟市中央区本町通９番町１３２５番地,025-222-3996,玉井　克典,玉井　克典,歯,,平18. 9. 1,shika
診療所,15,0138302,まつい歯科こども歯科クリニック,新潟市中央区山二ツ４丁目４番７号,025-287-8241,松井　大介,松井　大介,歯　小歯,,平18. 12. 4,shika
診療所,15,0138351,宮尾歯科クリニック,新潟市中央区上近江４丁目１２番２０号Ｄｅｋｋｙ４０１　１階,025-374-6480,宮尾　益佳,宮尾　益佳,歯　小歯,,平19. 4. 3,shika
診療所,15,0138385,アルモニ矯正歯科,新潟市中央区上近江４丁目１２番２０号ＤｅＫＫＹ４０１　１Ｆ,025-211-2200,小林　仁,小林　仁,矯歯,,平19. 7. 1,shika
診療所,15,0138393,井伊歯科医院,新潟市中央区鐙２丁目１４番２３号１,025-241-2405,井伊　寛和,井伊　寛和,歯　小歯,,平19. 8. 17,shika
病院,15,0138443,新潟市民病院,新潟市中央区鐘木４６３番地７,025-281-5151,新潟市　新潟市長　中原　八一,五十嵐　修一,歯外,,平19. 11. 1,shika
診療所,15,0138450,イシモト歯科医院,新潟市中央区東大通１－７－８アイ・エム第一ビル１Ｆ,025-244-4567,石本　良行,石本　良行,歯,,平19. 12. 3,shika
診療所,15,0138575,わかば歯科クリニック,新潟市中央区万代４丁目２番２３号オフィス万代１Ｆ,025-378-6874,齋藤　綾子,齋藤　綾子,歯　小歯,,平20. 6. 10,shika
診療所,15,0138583,清水歯科医院,新潟市中央区東堀前通り７番町１０７５,025-222-3924,清水　剛,清水　剛,歯　歯外　小歯,,平20. 7. 1,shika
診療所,15,0138591,おおむら歯科医院,新潟市中央区愛宕１丁目２番８号,025-281-0632,大村　伸介,大村　伸介,歯　歯外　小歯,,平20. 7. 22,shika
診療所,15,0138609,くりの木歯科,新潟市中央区沼垂東６丁目１番３０号,025-250-1718,多和田　泰之,多和田　泰之,歯　小歯,,平20. 9. 16,shika
診療所,15,0138633,オアシスデンタルクリニック,新潟市中央区東万代町１－５ドゥークスビル２Ａ,025-250-1539,医療法人社団　美山会　理事長　赤柴　聡,赤柴　聡,歯　小歯　歯外　矯歯,,平20. 10. 10,shika
診療所,15,0138682,三和歯科医院,新潟市中央区関屋本村町１－１０５,025-267-7797,米澤　雅裕,米澤　雅裕,歯,,平21. 1. 1,shika
診療所,15,0138708,新潟市口腔保健福祉センター,新潟市中央区紫竹山３丁目３番１１号,025-212-8020,新潟市長　中原　八一,佐藤　順子,歯　小歯　歯外,,平21. 4. 1,shika
診療所,15,0138740,いがらし歯科クリニック,新潟市中央区附船町１丁目４３４８番地１,025-201-9939,五十嵐　雅子,五十嵐　雅子,歯　小歯,,平21. 6. 5,shika
診療所,15,0138765,かなや歯科クリニック,新潟市中央区京王２丁目１－１０,,金谷　一彦,金谷　一彦,歯　歯外　小歯　矯歯,,平21. 7. 13,shika
診療所,15,0138815,植木歯科医院,新潟市中央区寄附町５０１６番地１,025-222-9531,植木　誠,植木　誠,歯,,平21. 7. 17,shika
診療所,15,0138849,かいづクリニックドンテール,新潟市中央区出来島１丁目５－４３,025-278-7157,貝津　徹,貝津　徹,歯　歯外　小歯　矯歯,,平21. 9. 1,shika
診療所,15,0138872,せきや歯科クリニック,新潟市中央区信濃町４－８,025-231-1377,笹川　和史,笹川　和史,歯　歯外,,平21. 11. 27,shika
診療所,15,0138948,岡田歯科医院,新潟市中央区南笹口１丁目１０番７号,025-243-0875,岡田　康孝,岡田　康孝,歯　小歯　歯外,,平22. 5. 16,shika
診療所,15,0138963,エクセレント歯科クリニック　新潟医院,新潟市中央区紫竹山１－２－５ＴＭビル２Ｆ．Ｂ,,佐藤　大志,佐藤　大志,歯　歯外,,平22. 6. 14,shika
診療所,15,0138971,本町みゆき歯科,新潟市中央区本町通６番町１１０８－１ぷらっと本町ビル１階,025-222-8148,佐藤　三幸,佐藤　三幸,歯　小歯　矯歯,,平22. 8. 1,shika
診療所,15,0138997,ｏｌｉｖｅ　ｄｅｎｔａｌ　ｈｏｕｓｅ,新潟市中央区神道寺１－１－２４,025-243-7761,医療法人　ｏｌｉｖｅ　ｄｅｎｔａｌ　ｈｏｕｓｅ　理事長　佐藤　孝弘,佐藤　孝弘,歯,,平22. 10. 1,shika
診療所,15,0139177,ハート歯科クリニック,新潟市中央区関屋金鉢山町７６マンションロビン１０４,025-378-0700,豊里　晃,豊里　晃,歯　小歯　歯外,,平23. 3. 1,shika
診療所,15,0139342,松川歯科医院,新潟市中央区営所通１－３１４,025-222-0159,松川　和洋,松川　和洋,歯　小歯　歯外,,平24. 4. 1,shika
診療所,15,0139425,佐藤歯科医院,新潟市中央区田中町５１７９,025-223-3073,佐藤　詠生,佐藤　詠生,歯,,平24. 11. 19,shika
診療所,15,0139474,医療法人社団　豊医会　スマイル歯科万代,新潟市中央区万代３－１－１メディアシップ３Ｆ,025-384-0800,医療法人社団　豊医会　理事長　尾﨑　豊実,尾﨑　康子,歯　小歯,,平25. 5. 1,shika
診療所,15,0139482,ほんま歯科クリニック,新潟市中央区笹口１－１－１プラーカメディカルスクエア,025-240-0422,本間　麻奈美,本間　麻奈美,歯　小歯　歯外,,平25. 5. 1,shika
診療所,15,0139540,ワイズ歯科クリニック,新潟市中央区女池西２－７－１６,025-285-7775,山田　慶,山田　慶,歯　小歯,,平25. 7. 8,shika
診療所,15,0139557,村田歯科医院,新潟市中央区本町通８番町１３５３番地,025-222-3515,村田　雅史,村田　雅史,歯　小歯,,平25. 6. 11,shika
診療所,15,0139615,堀田歯科医院,新潟市中央区笹口３丁目１１－７,025-288-6626,堀田　千明,堀田　千明,歯　小歯　歯外,,平25. 12. 9,shika
診療所,15,0139656,加藤歯科クリニック,新潟市中央区上大川前通５－６４－１コ－プシティ上大川前１０１号,025-224-8130,加藤　雅也,加藤　雅也,歯　小歯,,平26. 1. 1,shika
診療所,15,0139755,春ぞうデンタルクリニック,新潟市中央区姥ヶ山３丁目１２－１１,025-286-1180,赤柴　航,赤柴　航,歯　小歯,,平26. 6. 1,shika
診療所,15,0139771,ＲＳ歯科クリニック,新潟市中央区西湊町通３ノ町３３０６番地３,025-210-1004,塚野　英樹,塚野　英樹,歯,,平26. 7. 1,shika
診療所,15,0139821,のぞみ矯正・歯科クリニック,新潟市中央区上大川前通１番町１５４番地新潟白山公園ビル２階,025-227-3030,川原　のぞみ,川原　のぞみ,矯歯　歯　小歯,,平27. 2. 1,shika
診療所,15,0139862,ごとう歯科クリニック,新潟市中央区鳥屋野南３－１３－７,025-383-6874,後藤　正識,後藤　正識,歯　小歯　歯外,,平27. 4. 1,shika
診療所,15,0139870,あじま歯科クリニック,新潟市中央区女池上山４丁目２番４号,025-278-8201,安島　久雄,安島　久雄,歯　小歯　歯外,,平27. 4. 1,shika
診療所,15,0139888,齋藤正直歯科医院,新潟市中央区山二ツ３－３３－１８,025-288-6631,齋藤　正直,齋藤　正直,歯　歯外　小歯,,平27. 5. 1,shika
診療所,15,0139961,万代デンタルクリニック,新潟市中央区八千代２丁目４番２８号,025-288-1277,岡田　英之,岡田　英之,歯,,平27. 8. 1,shika
診療所,15,0139979,宇佐美歯科医院,新潟市中央区上大川前通８番町１２４９番地,025-222-4936,宇佐美　祐一,宇佐美　祐一,歯,,平27. 6. 28,shika
診療所,15,0139987,沼垂すずらん歯科,新潟市中央区沼垂東１－７－１２,025-244-6510,岡本　桂子,岡本　桂子,歯　小歯,,平27. 7. 1,shika
診療所,15,7130005,歯科・訪問やまもと歯科,新潟市中央区小張木２－１６－４１,025-369-4299,山本　真也,山本　真也,歯　小歯,,平27. 10. 1,shika
診療所,15,7130096,米山デンタルクリニック,新潟市中央区花園１－１－１ＪＲ新潟駅ＣｏＣｏＬｏ本館メディカルコートＢ,025-244-4618,医療法人社団　米山デンタルクリニック　理事長　米山　哲也,米山　哲也,歯,,平28. 5. 1,shika
診療所,15,7130195,花園歯科新潟駅前診療所,新潟市中央区花園１丁目２番２号コープシティ花園２階,025-246-8028,医療法人社団　花園歯科　理事長　包　隆穂,包　隆穂,歯　小歯　歯外,,平28. 10. 1,shika
診療所,15,7130203,笹出線歯科クリニック,新潟市中央区米山１０－８日生不動産米山ビル１階ＢＣ室,025-383-8119,阿部　祐三,阿部　祐三,歯　歯外　小歯,,平29. 3. 1,shika
診療所,15,7130237,かみやま親子歯科,新潟市中央区女池上山２丁目６－１３,025-285-0850,島田　路征,島田　路征,歯　小歯　矯歯,,平29. 5. 1,shika
診療所,15,7130278,つるい歯科クリニック,新潟市中央区紫竹１－５－３９,025-247-3818,敦井　智賀子,敦井　智賀子,歯　小歯　歯外,,平29. 7. 1,shika
診療所,15,7130294,渡辺歯科医院,新潟市中央区幸西三丁目２番１号,025-244-2366,渡辺　学,渡辺　学,歯,,平29. 9. 1,shika
診療所,15,7130310,ノエル　デンタルクリニック万代,新潟市中央区万代４－１－６新潟あおばビル２階,025-243-6480,山田　一穂,山田　一穂,歯　小歯　歯外,,平29. 10. 1,shika
診療所,15,7130328,まつみだい歯科診療所アネックス古町,新潟市中央区西堀通六番町８６６番地,025-226-2525,医療法人社団　明理会　理事長　木村　明義,金子　広美,歯　小歯　歯外　矯歯,,平29. 10. 1,shika
診療所,15,7130336,池主歯科医院,新潟市中央区信濃町５－２３,025-265-0010,池主　塁,池主　塁,歯　小歯　歯外,,平30. 1. 1,shika
診療所,15,7130385,西堀さとう歯科,新潟市中央区西堀通六番町８７７番地１　３Ｆ,025-201-7302,医療法人社団佐藤神経内科クリニック　理事長　佐藤　修三,佐藤　洋介,歯　歯外,,平30. 5. 1,shika
診療所,15,7130393,新潟駅前歯科クリニック,新潟市中央区弁天一丁目１番２２号東信新潟ビル４階,025-245-7773,医療法人社団　匠友会　理事長　寺尾　豊,寺尾　豊,歯　小歯　歯外,,平30. 5. 1,shika
診療所,15,7130443,デンタルオフィスｆｒｏｈ,新潟市中央区上所中１丁目２－１２ニチレオＺ－Ｂ,025-384-4420,金田　恒,金田　恒,歯,,平30. 10. 1,shika
診療所,15,7130468,ふくい矯正歯科医院,新潟市中央区女池上山２丁目１３番２３号,025-384-8729,福井　忠雄,福井　忠雄,矯歯,,平30. 12. 1,shika
診療所,15,7130476,新潟県歯科医師会附属歯科診療所,新潟市中央区堀之内南３丁目８番１３号,025-283-3030,一般社団法人　新潟県歯科医師会　会長　松﨑　正樹,渡辺　健造,歯,,平30. 12. 1,shika
診療所,15,7130492,大井歯科医院,新潟市中央区女池神明１丁目６番地１６,025-284-2721,大井　悌司,大井　悌司,歯,,平31. 1. 1,shika
診療所,15,7130534,はぎわら歯科クリニック,新潟市中央区出来島１丁目６番１号,025-281-0234,社会福祉法人　修愛会　理事長　武藤　斌,萩原　和夫,歯　歯外,,平31. 4. 1,shika
診療所,15,7130542,近藤歯科医院,新潟市中央区堀之内一番地,025-285-1497,近藤　道人,近藤　道人,歯　歯外　小歯,,令元. 5. 1,shika
診療所,15,7130559,あべ歯科クリニック,新潟市中央区上所３丁目１０番６５号マルシェコートＡ,025-281-6480,阿部　大輔,阿部　大輔,歯　小歯　歯外　矯歯,,令元. 5. 1,shika
診療所,15,7130617,永井歯科クリニック,新潟市中央区東万代町９番３８号ロイヤルパークスＥＲ万代１階,025-278-8838,永井　渉,永井　渉,歯　小歯　歯外,,令元. 9. 1,shika
診療所,15,7130625,ふかまち歯科矯正,新潟市中央区弁天１－４－２２グリンビル３Ｆ,025-243-3330,深町　博臣,深町　博臣,矯歯,,令元. 9. 1,shika
診療所,15,7130641,矯正歯科さくらぎクリニック,新潟市中央区神道寺１丁目５番２７号,025-243-0700,医療法人　矯正歯科さくらぎクリニック　理事長　長沼　一雄,長沼　一雄,矯歯,,令元. 10. 1,shika
診療所,15,7130674,医療法人社団　晃翔会　日野歯科クリニック,新潟市中央区寄居町３４２番地,025-228-1626,医療法人社団　晃翔会　理事長　日野　晃伸,日野　晃伸,歯　歯外,,令元. 11. 1,shika
診療所,15,7130690,中央歯科クリニック,新潟市中央区湖南４－１０,025-281-1711,医療法人社団　心愛会　理事長　白鳥　茂,金子　正幸,歯　小歯　矯歯,,令2. 1. 1,shika
診療所,15,7130708,勝見歯科医院,新潟市中央区白山浦１－４０５,025-265-1223,勝見　麻矢,勝見　麻矢,歯,,令2. 1. 1,shika
診療所,15,7130716,ふるまち歯科,新潟市中央区東堀前通２番町３６１番地メゾンドスカイ１階,025-201-7928,中村　輝保,中村　輝保,歯　小歯　歯外　矯歯,,令2. 4. 1,shika
診療所,15,7130765,浅井歯科医院,新潟市中央区大島４０番地１,025-282-5694,医療法人社団　浅井歯科医院　理事長　浅井　哲也,浅井　哲也,歯　小歯　矯歯　歯外,,令2. 6. 1,shika
診療所,15,7130773,女池歯科クリニック,新潟市中央区女池２丁目３番１７号,025-285-0033,医療法人社団　樹央会　理事長　佐藤　正樹,佐藤　正樹,歯　小歯　矯歯　歯外,,令2. 6. 1,shika
診療所,15,7130799,りんご歯科医院,新潟市中央区東大通２丁目２番地１８号タチバナビルディング１階１号室,025-255-6480,澤口　正俊,澤口　正俊,歯,,令2. 8. 3,shika
診療所,15,7130849,関塚歯科医院,新潟市中央区西堀前通６番町９０５第二西堀ビル４階,025-222-0344,佐藤　栄美,佐藤　栄美,歯　小歯　歯外　矯歯,,令2. 10. 30,shika
診療所,15,7130864,アサオ歯科医院,新潟市中央区上大川前通６番町１１９５－１,025-222-6480,麻生　秀貴,麻生　秀貴,歯,,令3. 2. 1,shika
診療所,15,7130898,巻口歯科医院,新潟市中央区礎町通四ノ町２１２６,025-223-4748,内山　郁子,内山　郁子,歯,,令3. 6. 4,shika
診療所,15,7130955,だい歯科訪問クリニック,新潟市中央区上所中３丁目１４番１３号上所メディカルセンター２階,025-256-8200,渡邉　大祐,渡邉　大祐,歯　小歯　歯外,,令3. 10. 1,shika
診療所,15,7130989,ｉ　歯科,新潟市中央区東大通２丁目２－９トーカン万代第二ビューハイツ　２０７号,025-385-6260,稲葉　稔,稲葉　稔,歯　歯外,,令4. 1. 1,shika
診療所,15,7131052,山崎歯科医院,新潟市中央区東中通一番町８６番地５３,025-223-5757,医療法人社団ＩＵＶＯ　理事長　山崎　貞治,山崎　貞治,歯　小歯　歯外,,令4. 5. 1,shika
診療所,15,7131151,ささくら矯正歯科クリニック,新潟市中央区学校町通２番町５９８番地３５,025-227-1414,医療法人社団整歯会　理事長　野田　千恵,野田　千恵,矯歯,,令4. 12. 12,shika
診療所,15,7131250,からさわ歯科医院,新潟市中央区笹口２丁目３－５メゾン・ド・ソレイユ１階,025-288-1281,唐澤　康太,唐澤　康太,歯　小歯　歯外,,令5. 8. 1,shika
診療所,15,7131268,歯科　ニイガタクリニック,新潟市中央区関屋昭和町２丁目１１２番,025-266-4956,医療法人社団　ニイガタクリニック　理事長　梅川　裕司,新垣　元基,歯　歯外　小歯,,令5. 8. 1,shika
診療所,15,7131276,松川歯科医院,新潟市中央区月町２０４８,025-224-5261,松川　義之,松川　義之,歯　小歯　歯外,,令5. 9. 7,shika
診療所,15,7131284,入船みなと歯科,新潟市中央区附船町１丁目４０９２番,025-378-1980,医療法人社団Ｄ＆Ｊ　理事長　平野　大輔,佐久間　駿,歯　小歯　歯外,,令5. 11. 1,shika
診療所,15,7131318,塩屋歯科,新潟市中央区上近江４丁目９番９号,025-283-8500,島田　奈々子,島田　奈々子,歯　小歯　歯外,,令5. 11. 20,shika
診療所,15,7131334,Ｋ’ｓ　ＷＨＩＴＥ　ＤＥＮＴＡＬ　ＣＬＩＮＩＣ,新潟市中央区上大川前通十一番町１８９９番地,025-222-8318,医療法人桜眞会　理事長　北村　眞知子,北村　眞知子,歯,,令6. 1. 1,shika
診療所,15,7131375,浅妻歯科医院,新潟市中央区万代１－２－３コープ野村万代２０１,025-241-0557,浅妻　真澄,浅妻　真澄,歯,,令6. 4. 1,shika
診療所,15,7131391,さつき野矯正歯科医院　音の森,新潟市中央区女池６丁目５番２３号,025-282-7317,医療法人社団　彩雲会　理事長　寺久保　瑞樹,寺久保　美紀子,歯　小歯　矯歯,,令6. 4. 1,shika
診療所,15,7131433,神田歯科医院,新潟市中央区関屋浜松町９８,025-265-1565,医療法人社団　神田歯科医院　理事長　神田　隆行,神田　隆行,歯,,令6. 5. 1,shika
診療所,15,7131458,清水たろう歯科,新潟市中央区長潟１２０１番地１,025-257-0888,医療法人社団清水たろう歯科　理事長　清水　太郎,清水　太郎,歯　小歯　歯外　矯歯,,令6. 6. 1,shika
診療所,15,7131474,筒井歯科クリニック,新潟市中央区白山浦二丁目６４６番地９７－２階,025-234-2200,医療法人社団　ＴＤＣ　理事長　筒井　武史,筒井　武史,歯,,令6. 7. 1,shika
診療所,15,7131490,ことのはデンタルクリニック,新潟市中央区女池４丁目１９－３,025-281-1080,藤田　雪野,藤田　雪野,歯　小歯,,令7. 2. 1,shika
診療所,15,7131516,新潟Ｉ’ｓ歯科・矯正歯科,新潟市中央区南笹口２－１－６,025-212-9007,医療法人社団　新心会　理事長　守尾　一起,松本　悠利,歯　小歯　矯歯　歯外,,令7. 2. 1,shika
診療所,15,7131532,ｉｒｏｄｏｒｉ　ＤＥＮＴＡＬ　ＨＯＵＳＥ,新潟市中央区女池３丁目２２番１０号,025-384-0671,医療法人社団　Ｌａｕｇｈ　Ｗｉｔｈ　　理事長　坪川　瑞樹,小林　鷹,歯　小歯　歯外,,令7. 6. 1,shika
診療所,15,7131540,みのりデンタルクリニック,新潟市中央区美の里１－１４,025-381-2211,風間　裕友樹,風間　裕友樹,歯　小歯　矯歯,,令7. 5. 1,shika
診療所,15,7131557,齋藤歯科医院,新潟市中央区本馬越１丁目１０番１６号,025-247-0551,齋藤　太郎,齋藤　太郎,歯　歯外,,令7. 3. 21,shika
診療所,15,7131565,こどもみらいクリニックデンタル,新潟市中央区弁天橋通３丁目８番６号,025-212-2127,三上　諭,三上　諭,歯　歯外　小歯　矯歯,,令7. 4. 14,shika
診療所,15,7131581,やまざきデンタルクリニック,新潟市中央区姥ケ山５丁目１４－２６,025-282-7748,山﨑　裕太,山﨑　裕太,歯　小歯　歯外　矯歯,,令7. 8. 5,shika
診療所,15,7131599,キタムラ歯科医院,新潟市中央区鳥屋野２－５－２１,025-283-6766,北村　雄樹,北村　雄樹,歯,,令7. 6. 1,shika
診療所,15,7131615,めぐりデンタルクリニック,新潟市中央区女池西２丁目６－１２,025-384-0175,医療法人ＳｍｉｌｅＭａｋｅ　理事長　武田　洋一,武田　洋一,歯　小歯,,令7. 7. 1,shika
診療所,15,7131656,新潟駅前歯科ルミナスクリニック,新潟市中央区東大通１丁目３番１号　ＩＮＰＥＸ新潟ビルディング１階,025-288-1546,医療法人社団幸晴会　　理事長　山崎　晴久,山崎　貴子,矯歯　歯,,令7. 12. 1,shika
診療所,15,7131664,三上歯科医院,新潟市中央区弁天橋通３丁目８番１３号,025-385-6535,三上　憲一郎,三上　憲一郎,歯,,令7. 11. 1,shika
診療所,15,7131672,すずの木歯科クリニック,新潟市中央区上近江２丁目２番２０号１,025-281-8211,医療法人社団　すずの木　理事長　鈴木　達也,鈴木　達也,歯　小歯　矯歯　歯外,,令8. 1. 1,shika
診療所,15,7131706,しまだ歯科こども歯科クリニック,新潟市中央区大島２０４番地１,025-250-7694,医療法人社団　しまだ歯科こども歯科クリニック　理事長　島田　正美,島田　正美,歯　小歯　歯外,,令8. 1. 1,shika
診療所,15,7131771,上所歯科耳鼻科,新潟市中央区近江１丁目２番３号,025-250-0610,医療法人社団　まるかみ　理事長　上田　潤,上田　潤,歯　小歯　矯歯　歯外　耳い　アレ,,令8. 5. 1,ika
病院,15,8930098,新潟大学医歯学総合病院,新潟市中央区旭町通一番町７５４番地,025-227-2463,国立大学法人新潟大学医歯学総合病院　国立大学法人新潟大学長　染矢　俊幸,菊地　利明,歯外　歯　小歯　矯歯,,平15. 10. 1,shika
診療所,15,0133154,そのき歯科医院,新潟市江南区曽野木１丁目７番１８号,025-285-7315,中島　幸羊,中島　幸羊,歯,,昭60. 8. 4,shika
診療所,15,0137338,深井歯科医院,新潟市江南区西町１－３－２１,025-382-6631,深井　治澄,深井　治澄,歯,,昭56. 11. 26,shika
診療所,15,0137353,三浦歯科医院,新潟市江南区横越中央２丁目１０番５号,025-385-4139,三浦　孝司,三浦　孝司,歯,,昭58. 10. 4,shika
診療所,15,0137361,中村歯科医院,新潟市江南区亀田中島３丁目２４４８－１３,025-382-7799,中村　隆,中村　隆,歯,,昭58. 11. 15,shika
診療所,15,0137395,上野山歯科医院,新潟市江南区曙町１丁目２番１号,025-381-6166,上野山　智久,上野山　智久,歯,,昭63. 10. 8,shika
診療所,15,0137403,枝並歯科クリニック,新潟市江南区亀田四ツ興野３丁目３番３４号,025-382-5553,医療法人社団　枝並歯科クリニック　理事長　枝並　幸男,枝並　幸男,歯,,平元. 8. 1,shika
診療所,15,0137411,田辺歯科医院,新潟市江南区袋津４－４－５,025-381-2354,田邊　慶直,田邊　慶直,歯　小歯,,平元. 10. 2,shika
診療所,15,0137437,西歯科医院,新潟市江南区横越中央８－２－１０,025-385-2155,西　克師,西　克師,歯　小歯,,平3. 5. 11,shika
診療所,15,0137445,矯正ループ歯科,新潟市江南区早苗１－３－１７,025-382-0200,吉田　孝洋,吉田　孝洋,歯　矯歯,,平7. 2. 10,shika
診療所,15,0137478,竹内歯科クリニック,新潟市江南区茜ケ丘７番１号,025-278-8416,竹内　祐一,竹内　祐一,歯,,平8. 11. 7,shika
診療所,15,0137510,フェイス歯科医院,新潟市江南区亀田緑町４－２－２１,025-381-1182,医療法人社団　誠実会　理事長　佐藤　英代,佐藤　英代,歯,,平10. 4. 1,shika
診療所,15,0137536,みゆき歯科医院,新潟市江南区亀田本町２－２－１４,025-381-2324,今泉　幸,今泉　幸,歯　小歯,,平16. 2. 1,shika
診療所,15,0137551,丸山歯科医院,新潟市江南区船戸山４－９－２１,025-381-2309,丸山　利彦,丸山　利彦,歯,,平17. 1. 1,shika
診療所,15,0138245,浅川歯科クリニック,新潟市江南区三條岡２丁目２番９号,025-383-1900,浅川　栄勉,浅川　栄勉,歯　矯歯　小歯,,平18. 8. 7,shika
診療所,15,0138625,アピタフレンドリー歯科,新潟市江南区鵜ノ子４丁目４６６番地アピタ新潟亀田店２Ｆ,025-381-8089,医療法人社団　美山会　理事長　赤柴　聡,今井　秀明,歯　小歯　歯外　矯歯,,平20. 9. 1,shika
診療所,15,0138716,倉嶋歯科クリニック,新潟市江南区大渕３４８５番地,025-277-0685,医療法人社団　慧真会　理事長　倉嶋　敏明,倉嶋　敏明,歯　小歯　歯外,,平21. 4. 1,shika
診療所,15,0138864,社会医療法人　愛仁会　ふれあい歯科クリニック,新潟市江南区早通６丁目７番３４号,025-383-0110,社会医療法人　愛仁会　理事長　渡邉　東,渡邉　覚,歯　小歯　歯外,,平21. 10. 20,shika
診療所,15,0139219,うぐいす歯科,新潟市江南区うぐいす１－６－３,025-278-3009,金子　敦郎,金子　敦郎,歯　小歯　歯外,,平23. 5. 16,shika
診療所,15,0139227,かめだデンタルクリニック,新潟市江南区東船場３丁目２番８号,025-383-5082,医療法人社団　雅会　理事長　宮　雅己,宮　雅己,歯　小歯　矯歯　歯外,,平23. 6. 14,shika
診療所,15,0139490,アポロ歯科クリニック,新潟市江南区下早通柳田１丁目１番１号イオンモール新潟南２階,025-211-3081,医療法人　ひまわり会　理事長　髙澤　英嗣,髙澤　英嗣,歯　小歯　歯外　矯歯,,平25. 5. 1,shika
診療所,15,0139623,医療法人社団　吉田歯科医院　よしだファミリー歯科,新潟市江南区天野２－１３－１１,025-280-7800,医療法人社団　吉田歯科医院　理事長　吉田　孝史,吉田　孝史,歯　小歯　歯外,,平25. 10. 28,shika
診療所,15,0139722,医療法人社団　良美会　いとう歯科クリニック,新潟市江南区天野１丁目１０番２７号,025-280-6484,医療法人社団　良美会　理事長　小野　友彰,小野　友彰,歯　小歯　矯歯,,平26. 4. 1,shika
診療所,15,0139839,えなみ歯科医院,新潟市江南区砂岡３－３－１４,025-382-4810,榎並　一仁,榎並　一仁,歯　小歯,,平27. 1. 1,shika
診療所,15,0139920,よこごし野村歯科クリニック,新潟市江南区横越中央５丁目２－１７,025-385-2611,野村　修一,野村　修一,歯　小歯　歯外,,平27. 6. 1,shika
診療所,15,7130021,枝並歯科医院,新潟市江南区亀田水道町１－１－５４,025-382-7202,前川　孝治,前川　孝治,歯　歯外　小歯　矯歯,,平27. 10. 1,shika
診療所,15,7130112,城山歯科,新潟市江南区城山１－２－７４,025-381-5050,小林　智宏,小林　智宏,歯,,平28. 7. 1,shika
診療所,15,7130583,五月町デンタルクリニック,新潟市江南区五月町２丁目１１番３８号,025-384-8884,坂井　登,坂井　登,歯　小歯　歯外,,令元. 6. 1,shika
診療所,15,7130930,ひなた歯科クリニック,新潟市江南区鵜ノ子４丁目３番３号,025-288-6513,日向　剛,日向　剛,歯　小歯　歯外,,令3. 8. 1,shika
診療所,15,7131029,うらら歯科,新潟市江南区亀田向陽１－３－３２,025-250-0187,齊藤　翔,齊藤　翔,歯　小歯　歯外,,令4. 3. 1,shika
診療所,15,7131169,シュウデンタルクリニック,新潟市江南区船戸山５丁目９番１４号,025-385-6626,大村　収,大村　収,歯　小歯　歯外,,令5. 2. 1,shika
診療所,15,7131201,しんじょう歯科医院,新潟市江南区丸山ノ内善之丞組３６２番地８,025-256-8177,新庄　洋崇,新庄　洋崇,歯　歯外　小歯,,令5. 4. 1,shika
診療所,15,7131219,あきやま歯科クリニック,新潟市江南区曽野木１丁目４－９,025-250-1765,秋山　信人,秋山　信人,歯　小歯　歯外,,令5. 5. 1,shika
診療所,15,7131417,本間歯科医院,新潟市江南区早通２－１－４４,025-382-0788,本間　健二,本間　健二,歯　小歯,,令6. 5. 1,shika
診療所,15,7131698,よしぞえ歯科クリニック,新潟市江南区元町１丁目３－２,025-381-8241,医療法人社団　よしぞえ歯科クリニック　理事長　吉副　茂夫,吉副　茂夫,歯　小歯　歯外　矯歯,,令8. 1. 1,shika
診療所,15,0136595,森山歯科医院,新潟市秋葉区朝日字山脇２２１－２,0250-24-6565,森山　豊,森山　豊,歯,,昭58. 11. 15,shika
診療所,15,0136611,高橋歯科医院,新潟市秋葉区新津東町１－１０－７,0250-25-1331,高橋　典男,高橋　典男,歯　小歯　矯歯　歯外,,昭60. 7. 15,shika
診療所,15,0136629,曽根歯科医院,新潟市秋葉区善道町１丁目６番４７号,0250-25-1188,曽根　清和,曽根　清和,歯　矯歯　小歯,,昭61. 5. 28,shika
診療所,15,0136637,渋谷歯科医院,新潟市秋葉区新栄町１６－６,0250-25-2627,渋谷　正隆,渋谷　正隆,歯　小歯,,昭61. 10. 1,shika
診療所,15,0136694,とがし歯科医院,新潟市秋葉区車場３丁目７番３５号,0250-23-2577,冨樫　久朋,冨樫　久朋,歯　小歯　歯外,,平2. 4. 1,shika
診療所,15,0136702,佐野歯科・矯正歯科医院,新潟市秋葉区北上２丁目１番５４号,0250-24-2828,医療法人社団　佐野歯科医院　理事長　関川　奈都貴,佐野　澄子,歯　矯歯　歯外　小歯,,昭58. 2. 1,shika
診療所,15,0136710,五十嵐歯科医院,新潟市秋葉区出戸１７６－２,0250-23-3559,五十嵐　勤,五十嵐　勤,歯,,平3. 10. 2,shika
診療所,15,0136728,齋藤歯科医院,新潟市秋葉区川口７７０番地の２,0250-23-2300,齋藤　善和,齋藤　善和,歯,,平3. 11. 19,shika
診療所,15,0136736,五十嵐歯科クリニック,新潟市秋葉区新津本町１－３－２３,0250-25-2000,五十嵐　明,五十嵐　明,歯,,平4. 8. 3,shika
診療所,15,0136744,さわだ歯科医院,新潟市秋葉区古田３丁目５番１７号,0250-22-1167,澤田　進一,澤田　進一,歯,,平6. 3. 1,shika
診療所,15,0136751,いの歯科医院,新潟市秋葉区秋葉３丁目４番１８号,0250-23-4123,猪野　潔,猪野　潔,歯　小歯,,平7. 9. 4,shika
診療所,15,0136769,こすぎ小児歯科,新潟市秋葉区荻島１－１５－１０,0250-24-8317,小杉　誠司,小杉　誠司,歯　矯歯　小歯,,平9. 4. 5,shika
病院,15,0136785,新津医療センター病院,新潟市秋葉区古田６１０番地,0250-24-5311,社会医療法人健進会　理事長　豊島　宗厚,豊島　宗厚,歯　歯外,,平10. 4. 1,shika
診療所,15,0136793,サン歯科クリニック,新潟市秋葉区新津本町４－１７－５８,0250-25-1133,浅見　浩之,浅見　浩之,歯　小歯　矯歯,,平10. 10. 6,shika
診療所,15,0136819,笹川矯正歯科,新潟市秋葉区川口６３８番地３,0250-21-7777,笹川　美也子,笹川　美也子,矯歯,,平12. 8. 8,shika
診療所,15,0136835,医療法人玄徳会　おぎかわ歯科,新潟市秋葉区田島８３３,0250-23-4880,医療法人玄徳会　理事長　細川　周平,土田　真史,歯　矯歯　小歯　歯外,,平15. 3. 1,shika
診療所,15,0136843,三村歯科医院,新潟市秋葉区新津本町３丁目３－３０,0250-22-0337,三村　博史,三村　博史,歯,,平15. 8. 1,shika
診療所,15,0136850,海津歯科医院,新潟市秋葉区新津本町３丁目１２番２７号,0250-22-0039,医療法人社団　海津歯科医院　理事長　海津　基生,海津　基生,歯　小歯,,平15. 9. 1,shika
診療所,15,0136868,田澤歯科医院,新潟市秋葉区新津本町二丁目４の９,0250-22-0289,田澤　興平,田澤　興平,歯　小歯,,平16. 4. 1,shika
診療所,15,0137312,渡辺歯科医院,新潟市秋葉区小須戸３４３０,0250-38-2059,渡辺　安規,渡辺　安規,歯,,昭52. 11. 10,shika
診療所,15,0137502,矢部歯科医院,新潟市秋葉区小須戸３７４１,0250-38-2141,舩久保　曜子,舩久保　曜子,歯,,平10. 2. 1,shika
診療所,15,0137569,森歯科医院,新潟市秋葉区矢代田１９６６－１,0250-38-5206,森　琢磨,森　琢磨,歯,,平17. 3. 1,shika
診療所,15,0138146,プレイス歯科クリニック,新潟市秋葉区程島２０４５－１,0250-21-1181,長谷川　圭太,長谷川　圭太,歯,,平17. 12. 24,shika
診療所,15,0138179,あおば歯科クリニック　倉田歯科醫院,新潟市秋葉区西古津１番４号,0250-24-6480,倉田　透,倉田　透,歯,,平18. 2. 1,shika
診療所,15,0138286,えんどう歯科医院,新潟市秋葉区あおば通１丁目７番１１号,0250-47-7900,遠藤　基広,遠藤　基広,歯　小歯,,平18. 10. 12,shika
診療所,15,0138567,たけいし歯科クリニック,新潟市秋葉区美善２丁目４－７,0250-47-3700,竹石　英之,竹石　英之,歯　小歯,,平20. 6. 4,shika
診療所,15,0138666,医療法人　徳真会　松村歯科新津診療所,新潟市秋葉区美幸町３丁目１番１２号２,0250-24-6688,医療法人徳真会　理事長　松村厚子,坂ノ上　隆晃,歯　矯歯　小歯　歯外,,平20. 12. 19,shika
診療所,15,0138724,まるやま歯科医院,新潟市秋葉区程島１８７６－１２,0250-24-0424,丸山　薫,丸山　薫,歯　小歯,,平21. 4. 22,shika
診療所,15,0139508,うめつ歯科医院,新潟市秋葉区古田１丁目６番４１号,0250-23-1580,医療法人　うめつ歯科医院　理事長　梅津　英裕,梅津　英裕,歯　小歯　矯歯,,平25. 5. 1,shika
診療所,15,0139524,かえつ歯科,新潟市秋葉区中沢町１番２５号,0250-25-5510,社会医療法人　新潟勤労者医療協会　理事長　五十嵐　修,駒形　雄気,歯　小歯　歯外,,平25. 6. 1,shika
診療所,15,0139581,澤田歯科医院,新潟市秋葉区新津本町２－７－３新津ロイヤルコープ１Ｆ,0250-22-3755,澤田　雅仁,澤田　雅仁,歯　小歯　歯外,,平25. 8. 19,shika
診療所,15,7130013,小林歯科医院,新潟市秋葉区新津本町２－１２－６,0250-47-4665,小林　徹也,小林　徹也,歯　小歯　矯歯　歯外,,平27. 10. 1,shika
診療所,15,7130591,竹内歯科医院,新潟市秋葉区小須戸字川原３８１９－１,0250-38-2401,竹内　亨,竹内　亨,歯,,令元. 6. 1,shika
診療所,15,7130633,あきは　そらいろ歯科,新潟市秋葉区金沢町２丁目８番１２号,0250-47-3933,小島　守晴,小島　守晴,歯　小歯　歯外　矯歯,,令元. 10. 1,shika
診療所,15,7130948,やまざき歯科医院,新潟市秋葉区新津東町３丁目４番３号,0250-25-3718,医療法人社団　幸晴会　理事長　山崎　晴久,山崎　晴久,歯　矯歯　小歯,,令3. 9. 1,shika
診療所,15,7131177,五三蔵井上歯科医院,新潟市秋葉区新津４５１３－２,0250-23-2411,井上　朝日,井上　朝日,歯　小歯　歯外,,令5. 1. 1,shika
診療所,15,7131193,がじゅまる歯科,新潟市秋葉区中野４丁目５－１２,0250-47-3821,菊地　さつき,菊地　さつき,歯　小歯　歯外,,令5. 3. 1,shika
診療所,15,7131383,さつき野歯科・矯正歯科医院,新潟市秋葉区さつき野２丁目１１番２０号,0250-47-6111,医療法人社団　彩雲会　理事長　寺久保　瑞樹,寺久保　瑞樹,歯　小歯　矯歯　歯外,,令6. 4. 1,shika
診療所,15,0136892,医療法人社団成仁会　竹内歯科診療所,新潟市南区助次右ヱ門組２３,025-373-2005,医療法人社団　成仁会　理事長　竹内　一紀,竹内　一紀,歯　矯歯　小歯　歯外,,昭54. 1. 1,shika
診療所,15,0136942,椎名歯科医院,新潟市南区臼井１３７８－２,025-373-3436,椎名　克行,椎名　克行,歯　歯外,,平元. 10. 2,shika
診療所,15,0136967,にへい歯科医院,新潟市南区白根ノ内七軒６３５番地,025-372-3939,医療法人社団　にへい歯科医院　理事長　二瓶　富美子,二瓶　富美子,歯　歯外,,平2. 4. 1,shika
診療所,15,0136975,医療法人恵和会　木暮歯科医院,新潟市南区白根３０９４番地,025-372-2555,医療法人社団　恵和会　木暮歯科　理事長　木暮　一雄,木暮　一雄,歯,,平2. 8. 1,shika
診療所,15,0136991,久保歯科医院,新潟市南区高井興野堀内１３４－１,025-362-2541,久保　修,久保　修,歯　小歯,,平7. 7. 10,shika
診療所,15,0137007,フォーラム歯科医院,新潟市南区能登２丁目１０番１２号,025-371-1122,佐藤　正治,佐藤　正治,歯　矯歯　小歯　歯外,,平8. 5. 1,shika
診療所,15,0137023,野内歯科医院,新潟市南区戸頭１３９９番５,025-373-0077,野内　昭宏,野内　昭宏,歯　小歯,,平9. 7. 16,shika
診療所,15,0137726,滝澤歯科医院,新潟市南区月潟字上屋敷２２９ー１,025-375-1180,滝澤　賢一,滝澤　賢一,歯,,平11. 10. 20,shika
診療所,15,0138807,あたか歯科医院,新潟市南区親和町　６－１８,025-371-1800,安宅　信博,安宅　信博,歯　小歯,,平21. 8. 11,shika
診療所,15,0139946,こせんだ歯科医院,新潟市南区能登５０７－４,025-372-1183,医療法人社団　こせんだ歯科医院　理事長　小千田　雅,小千田　雅,歯　小歯　矯歯　歯外,,平27. 5. 1,shika
診療所,15,7130039,大通り歯科,新潟市南区大通黄金３丁目１－１,025-362-6480,渡部　平馬,渡部　平馬,歯　小歯　矯歯　歯外,,平28. 1. 1,shika
診療所,15,7130120,医療法人社団　中真会　すわのき歯科クリニック,新潟市南区田中２５番地,025-372-0118,医療法人社団　中真会　理事長　田中　博子,田中　博子,歯　小歯　歯外　矯歯,,平28. 8. 8,shika
診療所,15,7130450,ダイセー歯科クリニック,新潟市南区上下諏訪木１２６番地１,025-373-3883,医療法人　大清仁歯会　理事長　竹内　正,鈴木　優美子,歯　小歯　矯歯　歯外,,平30. 9. 1,shika
診療所,15,7130609,しのはら歯科,新潟市南区鰺潟４４１－５,025-373-6232,篠原　隆介,篠原　隆介,歯　小歯　矯歯　歯外,,令元. 6. 10,shika
診療所,15,7131508,月潟歯科クリニック,新潟市南区月潟４５７番地１,025-375-2685,医療法人社団　月潟歯科クリニック　理事長　菅原　香,菅原　香,歯,,令6. 11. 1,shika
診療所,15,7131607,みずき歯科診療所,新潟市南区庄瀬７０３１番地,025-367-7262,医療法人社団　Ｌａｕｇｈ　Ｗｉｔｈ　理事長　坪川　瑞樹,坪川　瑞樹,歯　小歯　歯外,,令7. 6. 1,shika
診療所,15,7131714,ひろみ歯科・矯正歯科ファミリークリニック,新潟市南区大通黄金２－７－１,025-211-3040,村木　広美,村木　広美,歯　小歯　矯歯　歯外,,令8. 4. 1,shika
診療所,15,7131763,さくま歯科クリニック,新潟市南区庄瀬１０７３番地２,025-373-3487,医療法人社団　さくま歯科クリニック　理事長　佐久間　亮,佐久間　亮,歯　小歯　歯外　矯歯,,令8. 5. 1,shika
病院,15,0130895,新潟信愛病院,新潟市西区上新栄町１丁目１番１号,025-269-4101,医療法人　青山信愛会　理事長　長谷川　まこと,和知　学,歯,,昭44. 6. 1,shika
診療所,15,0132230,小林歯科医院,新潟市西区五十嵐３の町南４番７６号,025-262-0110,小林　良一,小林　良一,歯　矯歯　小歯,,昭53. 6. 20,shika
診療所,15,0132453,田辺歯科医院,新潟市西区坂井東６丁目１２－３３,025-260-3221,田辺　秀也,田辺　秀也,歯,,昭54. 4. 2,shika
診療所,15,0133410,小畑歯科医院,新潟市西区小針西１丁目３番７号,025-266-2905,小畑　研一,小畑　研一,歯,,昭60. 1. 1,shika
診療所,15,0133717,野田歯科医院,新潟市西区寺尾６番地３３号,025-260-6081,医療法人社団　野田歯科医院　理事長　野田　誠記,野田　誠記,歯,,昭61. 12. 1,shika
診療所,15,0133816,たざわ歯科医院,新潟市西区小針南２１番１号,025-233-0116,田澤　洋一,田澤　洋一,歯　小歯,,昭62. 6. 9,shika
診療所,15,0133832,藤巻歯科医院,新潟市西区小針１丁目２９－１１,025-231-3211,藤巻　哲,藤巻　哲,歯　小歯,,昭62. 9. 7,shika
診療所,15,0133881,あおき歯科医院,新潟市西区坂井砂山４丁目３番２８号,025-260-0033,青木　達男,青木　達男,歯,,昭63. 4. 21,shika
診療所,15,0134087,山岸歯科医院,新潟市西区五十嵐中島２丁目１番１０号,025-263-5278,山岸　茂,山岸　茂,歯,,平元. 4. 10,shika
診療所,15,0134244,根津歯科医院,新潟市西区寺尾東３丁目１番１２号,025-260-0400,医療法人社団　根津歯科医院　理事長　根津　雄一,根津　雄一,歯　小歯　歯外　矯歯,,平元. 10. 1,shika
診療所,15,0134566,やまむろ歯科医院,新潟市西区五十嵐一の町７２８３,025-268-1874,山室　潤,山室　潤,歯,,平3. 12. 12,shika
診療所,15,0134640,和田歯科医院,新潟市西区青山新町１番地３,025-265-0418,和田　隆史,和田　隆史,歯　小歯,,平4. 6. 15,shika
診療所,15,0134780,医療法人社団　川崎歯科医院,新潟市西区小針台１番４７号,025-266-7010,医療法人社団　川崎歯科医院　理事長　川崎　竜彦,川崎　竜彦,歯　小歯　矯歯　歯外,,平5. 9. 1,shika
診療所,15,0134798,神成歯科医院,新潟市西区内野町４６８番地,025-262-2171,医療法人社団　神成歯科医院　理事長　神成　康一,神成　康一,歯　小歯,,平5. 9. 1,shika
診療所,15,0134996,つちや歯科医院,新潟市西区真砂２丁目１３番２０号,025-267-7788,土屋　真規,土屋　真規,歯,,平6. 8. 17,shika
診療所,15,0135258,大村歯科医院,新潟市西区小針西２－１１－８,025-267-4754,大村　國明,大村　國明,歯,,平8. 8. 1,shika
診療所,15,0135266,横堀歯科医院,新潟市西区松美台２番４号,025-230-1022,横堀　正純,横堀　正純,歯　小歯　歯外,,平8. 11. 12,shika
診療所,15,0135324,松田歯科医院,新潟市西区小針７丁目５ー１３,025-234-1112,松田　拓己,松田　拓己,歯　小歯　歯外,,平9. 4. 5,shika
診療所,15,0135332,明倫短期大学附属歯科診療所,新潟市西区真砂３－１６－１０,025-232-6361,学校法人　明倫学園　理事長　渡邉　高志,田中　みか子,歯　矯歯　小歯　歯外,,平9. 4. 5,shika
診療所,15,0135357,池矯正歯科医院,新潟市西区寺尾東３丁目２－１９,025-264-1511,池　元太郎,池　元太郎,矯歯,,平9. 7. 10,shika
診療所,15,0135365,下川路歯科医院,新潟市西区みずき野２丁目１４番３３号,025-239-0007,下川路　知岳,下川路　知岳,歯　小歯,,平9. 7. 10,shika
診療所,15,0135381,雨田歯科医院,新潟市西区寺尾前通３丁目３番地４,025-233-2115,医療法人社団　雨田歯科医院　理事長　雨田　安弘,雨田　安弘,歯　小歯,,平9. 9. 1,shika
診療所,15,0135399,杉本歯科クリニック,新潟市西区小針１丁目４－１７,025-232-0885,杉本　浩志,杉本　浩志,歯,,平9. 10. 1,shika
診療所,15,0135431,黒川歯科医院,新潟市西区松海が丘２－４－９,025-267-3369,黒川　泉,黒川　泉,歯　矯歯　小歯,,平10. 3. 23,shika
診療所,15,0135480,松木歯科医院,新潟市西区坂井１０３３－１,025-260-8020,松木　裕,松木　裕,歯,,平10. 5. 15,shika
診療所,15,0135639,よしざわ歯科,新潟市西区赤塚４５９８ー１,025-239-2229,吉澤　健,吉澤　健,歯,,平11. 7. 2,shika
診療所,15,0135704,岩野歯科医院,新潟市西区大野町２９３２,025-377-5815,岩野　清史,岩野　清史,歯,,昭55. 1. 7,shika
診療所,15,0135712,浅妻歯科黒埼診療所,新潟市西区山田字西山田２６０２番地,025-379-2515,浅妻　康宏,浅妻　康宏,歯,,昭55. 9. 8,shika
診療所,15,0135761,佐久間歯科医院,新潟市西区鳥原２６４０－１,025-378-7788,佐久間　英治,佐久間　英治,歯　小歯,,昭62. 7. 16,shika
診療所,15,0135787,やかた歯科医院,新潟市西区寺地２０３１番地,025-233-1182,医療法人　社団　やかた歯科医院　理事長　屋形　秀樹,屋形　秀樹,歯　矯歯　小歯　歯外,,平元. 10. 1,shika
診療所,15,0135795,上野歯科医院,新潟市西区寺地字大仙坊５４４－６,025-230-1841,上野　源子,上野　源子,歯,,平3. 1. 10,shika
診療所,15,0135837,Ｋ・歯科クリニック,新潟市西区立仏５９ー１,025-370-1500,懸髙　仁志,懸髙　仁志,歯　小歯,,平12. 7. 25,shika
診療所,15,0135985,たかだ歯科医院,新潟市西区赤塚４３９０番地,025-264-3911,高田　真仁,高田　真仁,歯　小歯　歯外,,平14. 1. 4,shika
診療所,15,0136017,わたなべ歯科医院,新潟市西区坂井東３丁目１５－２２,025-260-5505,渡邊　正勝,渡邊　正勝,歯　小歯,,平14. 4. 15,shika
診療所,15,0136033,松本歯科クリニック,新潟市西区寺尾北１丁目５番１６号,025-264-1890,医療法人社団　松本歯科クリニック　理事長　谷口　裕臣,谷口　裕臣,歯,,平14. 4. 1,shika
診療所,15,0136074,健やか医院,新潟市西区小新１１３０番地,025-232-5301,医療法人社団　健心会　理事長　蒲澤　崇,蒲澤　崇,歯　矯歯　歯外　小歯,,平14. 4. 1,shika
診療所,15,0136116,あおやま歯科医院,新潟市西区浦山２丁目１－６６　サンシャイン青山２Ｆ,025-231-0882,木村　威,木村　威,歯　小歯　歯外,,平14. 8. 21,shika
診療所,15,0136231,医療法人徳真会　松村歯科新潟診療所,新潟市西区小新５丁目６番９号,025-201-1885,医療法人　徳　真　会　理事長　松村　厚子,山田　哲也,歯　小歯　矯歯　歯外,,平15. 4. 16,shika
診療所,15,0136363,ふじわら歯科クリニック,新潟市西区上新栄町６丁目１８－２０,025-264-7007,藤原　保彦,藤原　保彦,歯　小歯,,平16. 4. 6,shika
診療所,15,0136421,いからし歯科,新潟市西区五十嵐二の町８２５４,025-211-5260,五十嵐　源太郎,五十嵐　源太郎,歯　小歯,,平16. 8. 23,shika
診療所,15,0136496,プレール歯科,新潟市西区平島２－１２－１０,025-231-0660,大村　真由　（全　真由）,大村　真由,歯　小歯,,平16. 11. 1,shika
診療所,15,0137767,五十川歯科医院,新潟市西区新通南２丁目１１番１１号,025-260-8069,五十川　圭一,五十川　圭一,歯　小歯,,平17. 7. 11,shika
診療所,15,0138054,深井・加藤歯科医院,新潟市西区寺尾西３丁目１２番５号,025-260-8024,深井　浩一,深井　浩一,歯　歯外　小歯　矯歯,,平17. 10. 20,shika
病院,15,0138203,社会福祉法人新潟市社会事業協会　信楽園病院,新潟市西区新通南３丁目３番１１号,025-260-8200,社会福祉法人新潟市社会事業協会　理事長　髙橋　秀松,田中　一,歯外,,平18. 5. 1,shika
診療所,15,0138229,たて歯科医院,新潟市西区金巻７８５－１,,楯　泰昌,楯　泰昌,歯　小歯,,平18. 7. 19,shika
診療所,15,0138260,ひまわり歯科医院,新潟市西区小針４丁目３９番７号,025-211-8807,小木　一朗,小木　一朗,歯　小歯,,平18. 9. 27,shika
診療所,15,0138278,横山歯科医院,新潟市西区内野町８０９－１,025-262-2243,横山　智行,横山　智行,歯　矯歯　小歯,,平18. 10. 30,shika
診療所,15,0138294,みやざき歯科医院,新潟市西区寺尾朝日通１１－１,025-234-1881,宮崎　朗,宮崎　朗,歯　小歯,,平18. 11. 8,shika
診療所,15,0138344,レオ歯科クリニック,新潟市西区坂井東５丁目２５－２１,025-374-4374,田澤　貴弘,田澤　貴弘,歯　小歯　歯外　矯歯,,平19. 4. 5,shika
診療所,15,0138542,子田歯科医院,新潟市西区松美台４－６６,025-378-8591,子田　浩,子田　浩,歯　小歯,,平20. 4. 7,shika
診療所,15,0138617,いっせい歯科クリニック,新潟市西区青山４－７－１,025-231-8027,加藤　一誠,加藤　一誠,歯,,平20. 9. 9,shika
診療所,15,0138641,木村歯科クリニック,新潟市西区青山１丁目２３－１,025-250-1795,木村　哲也,木村　哲也,歯　歯外　小歯,,平20. 10. 15,shika
診療所,15,0138823,ときめきファミリー歯科・矯正歯科,新潟市西区ときめき西１丁目１－１９,025-377-1155,医療法人社団　楽健　理事長　小栗　由充,小栗　由充,歯　小歯　矯歯　歯外,,平21. 9. 1,shika
病院,15,0138856,新潟県厚生農業協同組合連合会　新潟医療センター,新潟市西区小針３丁目２７番１１号,025-232-0111,新潟県厚生農業協同組合連合会　代表理事理事長　塚田　芳久,吉澤　弘久,歯　小歯　歯外,,平21. 10. 1,shika
診療所,15,0138898,せいだデンタルクリニック,新潟市西区五十嵐東３丁目１３番５号,025-268-7748,清田　清華,清田　清華,歯　小歯　矯歯,,平22. 3. 25,shika
診療所,15,0139151,佐藤歯科クリニック,新潟市西区小針南台３番２８号,025-231-1361,医療法人　佐藤歯科クリニック　理事長　佐藤　秀樹,佐藤　秀夫,歯　小歯　歯外,,平22. 10. 12,shika
診療所,15,0139367,ばばこども歯科クリニック,新潟市西区平島１丁目３－２,025-201-3900,馬場　宏俊,馬場　宏俊,歯　小歯　矯歯,,平24. 4. 2,shika
診療所,15,0139375,医療法人ＳｕｎｎｙＳｍｉｌｅいのうえ歯科クリニック,新潟市西区新通西２丁目８番３号,025-261-6566,医療法人　Ｓｕｎｎｙ　Ｓｍｉｌｅ　理事長　井上　哲,井上　哲,歯　矯歯　歯外　小歯,,平24. 5. 1,shika
診療所,15,0139433,寺尾歯科医院,新潟市西区寺尾西３丁目４番３号,025-268-4312,寺尾　浩子,寺尾　浩子,歯　小歯　矯歯,,平24. 11. 24,shika
診療所,15,0139532,あらし歯科口腔外科クリニック,新潟市西区大学南２丁目２番１０号,025-263-1110,嵐山　貴徳,嵐山　貴徳,歯　歯外　小歯,,平25. 6. 4,shika
診療所,15,0139599,三村歯科医院,新潟市西区小針が丘２－５４,025-266-4768,三村　大輔,三村　大輔,歯,,平25. 9. 1,shika
診療所,15,0139698,医療法人社団　明理会　まつみだい歯科診療所,新潟市西区松美台５番９号,,医療法人社団　明理会　理事長　木村　明義,木村　理絵,歯　小歯　歯外　矯歯,,平26. 4. 1,shika
診療所,15,0139748,おおはし歯科医院,新潟市西区寺尾西２－２－３６,025-260-1023,渡邉　直子,渡邉　直子,小歯　矯歯　歯,,平26. 4. 1,shika
診療所,15,0139763,西原歯科クリニック,新潟市西区小針南台３－６,025-265-2323,西原　義之,西原　義之,歯　小歯　歯外　矯歯,,平26. 7. 1,shika
診療所,15,0139789,西原歯科医院,新潟市西区大野町２８７９番地,025-377-2220,西原　靖之,西原　靖之,歯,,平26. 7. 1,shika
診療所,15,0139797,相澤歯科医院,新潟市西区小新５丁目５番１２号,025-211-8051,相澤　悟,相澤　悟,歯　歯外,,平26. 10. 1,shika
診療所,15,0139854,きんじょう歯科こどもクリニック,新潟市西区五十嵐中島５丁目１７－４５,025-261-6480,金城　奈津子,金城　奈津子,小歯　歯,,平27. 3. 1,shika
診療所,15,0139896,伊藤歯科医院,新潟市西区寺尾西１－５－２０,025-268-3578,伊藤　史生,伊藤　史生,歯外　歯　小歯,,平27. 5. 1,shika
診療所,15,0139912,滝歯科医院,新潟市西区善久９７番地,025-379-0005,医療法人社団　結愛会　理事長　瀧　豊,瀧　慶介,歯　小歯　歯外,,平27. 4. 1,shika
診療所,15,7130252,ひらの歯科医院,新潟市西区坂井東３丁目２７番８号,025-211-8006,医療法人社団　Ｄ＆Ｊ　理事長　平野　大輔,平野　大輔,歯　小歯　歯外　矯歯,,平29. 5. 1,shika
診療所,15,7130286,坂井輪ライト歯科,新潟市西区寺尾前通２丁目１２－２,025-378-4182,本多　利人,本多　利人,歯　小歯　矯歯　歯外,,平29. 7. 1,shika
診療所,15,7130344,マルヤマデンタルクリニック,新潟市西区ときめき西３丁目６－１,025-378-8072,丸山　素代,丸山　素代,歯　小歯　歯外　矯歯,,平30. 3. 1,shika
診療所,15,7130369,いとう歯科診療室,新潟市西区内野西が丘３丁目１０－１５,025-263-1184,伊藤　陸,伊藤　陸,歯　小歯　歯外,,平30. 5. 1,shika
診療所,15,7130427,なかじま歯科クリニック,新潟市西区真砂１丁目１３番３６号,025-211-3215,中島　貴子,中島　貴子,歯　歯外,,平30. 9. 1,shika
診療所,15,7130567,おおぬき歯科クリニック,新潟市西区小新南２丁目１番７８号,025-211-3741,大貫　尚志,大貫　尚志,歯　歯外　小歯,,令元. 5. 1,shika
診療所,15,7130575,なかじま歯科医院,新潟市西区内野西が丘３丁目１３－１１,025-201-7548,中島　大,中島　大,歯　小歯　歯外　矯歯,,令元. 5. 1,shika
診療所,15,7130658,ＷｈｉｔｅＢｅｒｒｙわしざわ歯科,新潟市西区五十嵐一の町６７０５,025-263-5500,医療法人　明和会　理事長　川北　雄高,川北　小百合,歯　矯歯　歯外　小歯,,令元. 10. 1,shika
診療所,15,7130724,メイプル歯科クリニック,新潟市西区坂井７９１－２,025-201-8822,織田　利郎,織田　利郎,歯,,令2. 5. 1,shika
診療所,15,7130757,こやま歯科クリニック,新潟市西区五十嵐中島５丁目２１番５号,025-378-6008,小山　貴寬,小山　貴寬,歯　歯外　小歯,,令2. 6. 1,shika
診療所,15,7130807,かとう歯科,新潟市西区寺尾台２－５－１,025-233-3445,加藤　晃茂,加藤　晃茂,歯　矯歯　小歯,,令2. 10. 1,shika
診療所,15,7130815,ひろお矯正歯科クリニック,新潟市西区小新５丁目３番２７号,025-378-4872,黒木　大雄,黒木　大雄,矯歯,,令2. 10. 1,shika
診療所,15,7130823,新潟西歯科クリニック,新潟市西区新通２７５７－３,025-378-5302,医療法人社団Ｄ＆Ｊ　理事長　平野　大輔,平野　淳子,歯　小歯　歯外　矯歯,,令2. 11. 1,shika
診療所,15,7130872,村田歯科医院,新潟市西区青山５丁目９番３４号,025-267-6736,村田　容子,村田　容子,歯　小　歯外,,令3. 2. 28,shika
診療所,15,7130880,とうじょう歯科,新潟市西区青山７丁目２番９号,025-211-4078,東條　悠史,東條　悠史,歯　小歯　歯外,,令3. 6. 1,shika
診療所,15,7130914,きらめき歯科クリニック,新潟市西区青山２丁目５番１号イオン新潟青山２階,025-378-2411,桑野　雄一郎,桑野　雄一郎,歯　小歯　歯外,,令3. 7. 1,shika
診療所,15,7131037,新潟歯科・矯正歯科　ＨＩＤＥＮＴ,新潟市西区小針上山９番３４号５,025-267-2525,医療法人社団　明理会　理事長　木村　明義,大墨　竜也,歯　小歯　歯外　矯歯,,令4. 4. 1,shika
診療所,15,7131060,医療法人　ＭＡＫＩＮＧ　ＴＨＥ　ＲＯＡＤ　あゆみ歯科医院,新潟市西区小針５丁目８番地１５号,025-265-1466,医療法人　ＭＡＫＩＮＧ　ＴＨＥ　ＲＯＡＤ　理事長　中村　雅裕,中澤　孝明,歯,,令4. 5. 1,shika
診療所,15,7131078,医療法人社団ＩＤＣ　いしかわこどもファミリー歯科,新潟市西区坂井砂山２丁目１５番１７号,025-260-6400,医療法人社団ＩＤＣ　理事長　石川　福太郎,石川　福太郎,歯　小歯　矯歯　歯外,,令4. 6. 1,shika
診療所,15,7131300,桐生歯科医院,新潟市西区亀貝３１６３番地,025-260-3379,桐生　貴大,桐生　貴大,歯　小歯　歯外,,令5. 10. 25,shika
診療所,15,7131326,まなぶ歯科,新潟市西区槇尾１００,025-378-4608,渡部　学,渡部　学,歯　小歯,,令6. 2. 1,shika
診療所,15,7131342,にいがたこども歯科,新潟市西区小新南２丁目９番１３号,025-201-8588,鈴木　絢子,鈴木　絢子,小歯　歯　矯歯　歯外,,令6. 4. 1,shika
診療所,15,7131367,日和が丘デンタルクリニック,新潟市西区寺尾台１丁目１番地１６号,025-210-5586,笹川　敦大,笹川　敦大,歯　小歯　歯外,,令6. 6. 1,shika
診療所,15,7131482,東青山歯科医院,新潟市西区東青山１丁目５－１９青山ビル２Ｆ,025-233-0555,茂木　祥宏,茂木　祥宏,歯　小歯,,令6. 9. 1,shika
診療所,15,7131573,保苅歯科医院,新潟市西区寺尾上２丁目３番７０,025-260-1169,保苅　俊治,保苅　俊治,歯,,令7. 5. 1,shika
診療所,15,7131631,川上歯科医院,新潟市西区寺尾西５丁目８番６２号,025-269-5388,医療法人社団　ＮＡＳＫ　理事長　川上　尚彦,川上　尚彦,歯　矯歯　歯外　小歯,,令7. 7. 1,shika
診療所,15,7131680,杉山歯科医院,新潟市西区鳥原１５１－４,025-370-1631,伊藤　元貴,伊藤　元貴,歯　小歯　歯外,,令8. 1. 1,shika
診療所,15,7131789,川上歯科　ペリオ・インプラントオフィス,新潟市西区山田４１６－１　第２大鵬ビル１階,025-370-1192,医療法人社団ＮＡＳＫ　理事長　川上　尚彦,下枝　愛咲美,歯　矯歯　小歯　歯外,,令8. 5. 1,shika
病院,15,8930015,独立行政法人国立病院機構　西新潟中央病院,新潟市西区真砂１丁目１４番１号,025-265-3171,独立行政法人国立病院機構　理事長　新木　一弘,渡辺　健寛,歯,,昭35. 7. 1,shika
病院,15,0137601,一般社団法人　新潟県労働衛生医学協会　附属　岩室リハビリテーション病院,新潟市西蒲区岩室温泉７７２番地１,0256-82-4100,一般社団法人　新潟県労働衛生医学協会　会長　佐藤　幸示,矢澤　良光,歯,,昭45. 7. 27,shika
診療所,15,0137627,棚橋歯科医院,新潟市西蒲区曽根３５８,0256-88-6555,棚橋　良文,棚橋　良文,歯,,昭59. 1. 5,shika
診療所,15,0137643,本間歯科医院,新潟市西蒲区和納１５９７番１０号,0256-82-4615,医療法人　社団　昭正会　理事長　本間　正美,本間　正美,歯,,平元. 8. 1,shika
診療所,15,0137650,さとう歯科医院,新潟市西蒲区鱸１０３－３,0256-88-6565,佐藤　圭一,佐藤　圭一,歯　小歯,,平元. 11. 24,shika
病院,15,0137692,潟東けやき病院,新潟市西蒲区国見４１７番地,0256-86-3515,医療法人　博優会　理事長　國見　一人,國見　一人,歯,,平9. 2. 1,shika
診療所,15,0137700,若月歯科医院,新潟市西蒲区押付１－６３,0256-88-5599,若月　利義,若月　利義,歯,,平9. 8. 7,shika
診療所,15,0137718,ひらさわ歯科医院,新潟市西蒲区和納１４４３ー１,0256-82-1100,平澤　貴典,平澤　貴典,歯　小歯,,平10. 7. 1,shika
診療所,15,0137734,のざわ歯科クリニック,新潟市西蒲区小吉１０７６－１,025-375-8155,野沢　太郎,野沢　太郎,歯　小歯　歯外,,平16. 7. 20,shika
診療所,15,0137874,医療法人社団　高野歯科医院,新潟市西蒲区巻甲１４０４－１,0256-73-3339,医療法人社団　高野歯科医院　理事長　髙野　隆一,髙野　隆一,歯　矯歯　小歯　歯外,,平元. 4. 1,shika
診療所,15,0137890,松崎歯科医院,新潟市西蒲区馬堀６５７１番地,0256-73-3155,医療法人社団　松崎歯科医院　理事長　松崎　正樹,松崎　正樹,歯,,平3. 4. 1,shika
診療所,15,0137916,竹内歯科医院,新潟市西蒲区巻甲２５２９番地１１,0256-73-3434,医療法人社団　竹内歯科医院　理事長　竹内　玄太郎,竹内　玄太郎,歯　小歯　矯歯　歯外,,平4. 10. 1,shika
診療所,15,0137924,医療法人玄徳会　しらとり歯科,新潟市西蒲区巻甲４３８０番地４,0256-72-1771,医療法人玄徳会　理事長　細川　周平,小池　竜至,歯　矯歯　小歯　歯外,,平5. 10. 1,shika
診療所,15,0137940,袖山歯科医院,新潟市西蒲区巻甲２９２０番地,0256-76-2966,袖山　敬央,袖山　敬央,歯　小歯,,平8. 9. 11,shika
診療所,15,0137957,アサオ歯科医院,新潟市西蒲区巻甲２６６０ー１,0256-72-3017,麻生　隆大,麻生　隆大,歯,,平12. 2. 8,shika
診療所,15,0137965,西蒲原地区休日急患歯科診療所,新潟市西蒲区巻甲４３６３番地,0256-72-5499,西蒲原福祉事務組合　管理者弥彦村長　本間　芳之,荒井　節男,歯,,平12. 4. 1,shika
診療所,15,0137973,ゆう歯科医院,新潟市西蒲区巻甲４０８１ー５　新星ビル２Ｆ,0256-73-5101,白石　祐一,白石　祐一,歯　小歯,,平12. 4. 20,shika
診療所,15,0137981,医療法人社団　白石歯科医院,新潟市西蒲区巻甲２４２７番地６,0256-72-2086,医療法人社団　白石歯科医院　理事長　白石　晋哉,白石　晋哉,歯　小歯,,平12. 11. 1,shika
診療所,15,0137999,医療法人社団心愛会　白鳥歯科クリニック,新潟市西蒲区赤鏥４３７ー１,0256-70-1181,医療法人社団心愛会　白鳥歯科クリニック　理事長　白鳥　茂,白鳥　茂,歯　小歯　矯歯　歯外,,平13. 9. 1,shika
診療所,15,0138021,たはた歯科医院,新潟市西蒲区巻乙１５９４－１,0256-73-0648,田畑　伸人,田畑　伸人,歯　小歯　歯外　矯歯,,平14. 9. 25,shika
診療所,15,0138047,八木歯科クリニック,新潟市西蒲区巻甲３２３２－３,0256-72-1511,八木　一江,八木　一江,歯　小歯,,平17. 7. 11,shika
診療所,15,0138088,原歯科診療所,新潟市西蒲区福島１９６６,025-375-3538,原　健人,原　健人,歯　小歯,,平17. 11. 15,shika
診療所,15,0138732,きちろく歯科医院,新潟市西蒲区中之口５２３－１,025-375-2786,白野　学,白野　学,歯　小歯,,平21. 4. 13,shika
診療所,15,0139318,ながの歯科医院,新潟市西蒲区巻甲２６７９－１,,永野　恵子,永野　恵子,歯　小歯　歯外,,平24. 3. 1,shika
診療所,15,7130245,山添歯科医院山添矯正歯科,新潟市西蒲区巻甲２１２５,0256-72-2048,山添　清文,山添　清文,歯　小歯　矯歯　歯外,,平29. 4. 1,shika
診療所,15,7130740,ろはすデンタル,新潟市西蒲区巻甲４４７６－１,0256-72-7542,医療法人社団　ろはす　理事長　上原　達明,上原　達明,歯　小歯　矯歯　歯外　小児矯正歯科,,令2. 4. 1,shika
診療所,15,7131110,八百板歯科医院,新潟市西蒲区鱸１３８－１,0256-88-6543,八百板　隆徳,八百板　隆徳,歯　小歯,,令4. 10. 1,shika
診療所,15,7131235,キーデンタルクリニック新潟訪問専門医院,新潟市西蒲区巻甲２９０８－３,0256-77-8002,医療法人愛広会　理事長　池田　弘,小林　美登,歯,,令5. 5. 1,shika
病院,15,0230349,新潟県立精神医療センター,長岡市寿町２丁目４番１号,0258-24-3930,新潟県病院事業管理者　新潟県病院局長　金井　健一,細木　俊宏,歯,,昭50. 7. 20,shika
診療所,15,0230661,松井歯科医院,長岡市中島７丁目３番３６号,0258-36-5555,松井　進一,松井　進一,歯,,昭53. 4. 3,shika
病院,15,0230729,長岡保養園,長岡市町田町字湯沢５７５番地,0258-32-4040,医療法人　至誠会　理事長　荒川　太郎,荒川　太郎,歯,,昭55. 2. 1,shika
診療所,15,0230885,田村歯科医院,長岡市関原町１丁目１０６０－４,0258-46-2180,田村　哲郎,田村　哲郎,歯,,昭58. 9. 10,shika
診療所,15,0231016,阿部歯科医院,長岡市江陽１丁目２－２８,0258-29-1800,阿部　幸子,阿部　幸子,歯,,昭58. 12. 14,shika
病院,15,0231057,田宮病院,長岡市深沢町２３００,0258-46-3200,社会医療法人崇徳会　理事長　田宮　崇,丸山　直樹,歯,,昭59. 4. 1,shika
診療所,15,0231115,中川歯科医院,長岡市城内町２－５－２,0258-32-2041,中川　昭,中川　昭,歯,,昭60. 4. 1,shika
診療所,15,0231123,高橋小児歯科医院,長岡市大手通１－５－２タカノビル４Ｆ,0258-36-5622,高橋　喜一,高橋　喜一,歯　矯歯　小歯,,昭60. 4. 1,shika
診療所,15,0231198,神田歯科,長岡市神田町１丁目１－７,0258-33-0003,医療法人社団　青樹会　神田歯科　理事長　山本　貴和子,山本　貴和子,歯,,昭61. 12. 1,shika
診療所,15,0231214,沢矯正歯科医院,長岡市城内町２－６－１３,0258-36-5023,医療法人社団　沢矯正歯科医院　理事長　沢　秀一郎,沢　秀一郎,矯歯　歯,,昭61. 12. 1,shika
診療所,15,0231222,山田歯科医院,長岡市表町１丁目４－１,0258-32-2928,医療法人社団　山田歯科医院　理事長　山田　浩之,山田　浩之,歯　小歯,,昭61. 12. 1,shika
診療所,15,0231305,のざき歯科医院,長岡市下山５丁目８８－５,0258-27-1105,野崎　顕,野崎　顕,歯　小歯,,平元. 3. 17,shika
診療所,15,0231339,やまもと歯科医院,長岡市新保３丁目１－４８,0258-24-2045,山本　晃一,山本　晃一,歯　矯歯　小歯,,平元. 5. 6,shika
診療所,15,0231370,駒形歯科クリニック,長岡市川崎６丁目１３４９番地３,0258-32-8148,駒形　廉平,駒形　廉平,歯,,平元. 9. 1,shika
診療所,15,0231388,上野歯科医院,長岡市高見１丁目７－９,0258-24-1800,上野　隆,上野　隆,歯　小歯,,平元. 10. 14,shika
診療所,15,0231396,小海歯科医院,長岡市曲新町５４２－１番地,0258-33-8881,小海　潔,小海　潔,歯,,平元. 11. 8,shika
診療所,15,0231446,入江歯科医院,長岡市本町２－４－２４,0258-32-1522,医療法人社団　入江会　入江歯科医院　理事長　入江　修,入江　修,歯,,平2. 8. 1,shika
診療所,15,0231503,山下歯科医院,長岡市中沢４丁目３４２番地,0258-34-6480,医療法人社団　山下歯科医院　理事長　山下　智,山下　智,歯,,昭60. 10. 1,shika
診療所,15,0231537,中野歯科医院,長岡市大山２丁目３－１０、１１,0258-29-4199,中野　陽介,中野　陽介,歯　小歯,,平4. 8. 18,shika
診療所,15,0231552,丸山歯科クリニック,長岡市関原町３丁目乙１４番地,0258-47-2488,丸山　敦,丸山　敦,歯　小歯,,平5. 4. 12,shika
診療所,15,0231560,斉藤歯科医院,長岡市長町１－３－９,0258-32-3074,斉藤　正,斉藤　正,歯,,平5. 7. 1,shika
診療所,15,0231586,まつだ歯科医院,長岡市十日町字西野々１００９－２,0258-22-2877,松田　武之,松田　武之,歯,,平6. 3. 10,shika
診療所,15,0231594,横山歯科医院,長岡市摂田屋１丁目２－６３,0258-37-5833,横山　和義,横山　和義,歯　小歯,,平6. 4. 2,shika
診療所,15,0231610,三井田歯科医院,長岡市花園２丁目８－１５,0258-39-1181,三井田　浩,三井田　浩,歯　小歯,,平6. 5. 7,shika
診療所,15,0231628,吉原歯科クリニック,長岡市南七日町３０番地８,0258-47-3200,吉原　芳樹,吉原　芳樹,歯,,平6. 5. 1,shika
診療所,15,0231651,医療法人徳真会　松村歯科長岡診療所,長岡市古正寺町２９番地３,0258-28-4108,医療法人　徳真会　理事長　松村　厚子,毛利　充伸,歯　矯歯　小歯,,平7. 5. 22,shika
診療所,15,0231677,今井歯科医院,長岡市水道町４－２－２５,0258-36-4657,今井　英一,今井　英一,歯　小歯,,平8. 4. 15,shika
診療所,15,0231685,たかはし歯科医院,長岡市蓮潟１丁目１７－１２,0258-28-6480,高橋　秀彦,高橋　秀彦,歯,,平8. 4. 10,shika
診療所,15,0231693,しみず歯科医院,長岡市東蔵王２丁目６番１２号,0258-25-3003,清水　雄介,清水　雄介,歯　小歯　矯歯,,平8. 4. 6,shika
診療所,15,0231701,大野歯科医院,長岡市藤橋１丁目２８４－１,0258-46-8211,大野　篤,大野　篤,歯,,平8. 6. 18,shika
病院,15,0231727,長岡赤十字病院,長岡市千秋２丁目２９７番地１,0258-28-3600,日本赤十字社　社長　清家　篤,藤田　信也,歯　歯外,,平9. 9. 1,shika
診療所,15,0231776,鞍立歯科医院,長岡市本町２丁目３番地２,0258-32-1511,鞍立　曉則,鞍立　曉則,歯,,平10. 5. 22,shika
診療所,15,0231792,吉川歯科医院,長岡市川崎町７６５の１,0258-35-1184,吉川　祐市,吉川　祐市,歯　小歯,,平11. 4. 20,shika
診療所,15,0231818,神成歯科医院,長岡市中島６丁目１番４号,0258-37-0418,神成　庸二,神成　庸二,歯　歯外　小歯,,平11. 4. 8,shika
診療所,15,0231826,医療法人社団　小林歯科クリニック,長岡市今朝白２丁目８番５号,0258-34-6644,医療法人社団　小林歯科クリニック　理事長　小林　茂広,小林　茂広,歯　小歯,,平11. 4. 1,shika
診療所,15,0231834,青葉台歯科医院,長岡市青葉台１丁目甲１２０ー８,0258-46-7992,石上　晴海,石上　晴海,歯　小歯,,平11. 5. 12,shika
診療所,15,0231842,しぶや歯科医院,長岡市川崎町５８１番地４,0258-36-1820,医療法人社団　しぶや歯科医院　理事長　澁谷　佳伸,澁谷　佳伸,歯　小歯　矯歯　歯外,,平11. 9. 1,shika
診療所,15,0231859,ゆきの歯科医院,長岡市高畑町７６ー１,0258-31-2575,雪野　伸剛,雪野　伸剛,歯　小歯,,平12. 1. 24,shika
診療所,15,0231875,要町歯科,長岡市要町２丁目８番６号,0258-33-5700,医療法人社団　博心会　理事長　永井　博美,永井　博美,歯　小歯　歯外,,平12. 6. 1,shika
診療所,15,0231883,医療法人　厚徳会　まつむら第二歯科,長岡市東栄１丁目２番３３号,0258-31-7202,医療法人　厚徳会　理事長　辻　哲範,金山　元信,歯　小歯　矯歯　歯外,,平12. 9. 25,shika
診療所,15,0231891,なかじま歯科クリニック,長岡市西宮内２ー３３,0258-37-8200,中島　幹夫,中島　幹夫,歯　小歯,,平12. 11. 13,shika
診療所,15,0231925,ながおか歯科,長岡市柏町１丁目４番２２号,0258-33-8644,医療法人　徳進会　理事長　山崎　和彦,山崎　和彦,歯　矯歯　小歯,,平13. 3. 1,shika
診療所,15,0231933,ほりきり歯科医院,長岡市古正寺３丁目２５４番地,0258-20-5255,堀切　隆志,堀切　隆志,歯　小歯　矯歯,,平13. 3. 5,shika
診療所,15,0231958,そりまち歯科医院,長岡市宝１丁目２ー２１,0258-25-1210,反町　晋康,反町　晋康,歯　小歯,,平13. 7. 11,shika
診療所,15,0231966,さくら歯科,長岡市浦瀬町４７８ー２,0258-44-7080,能代谷　真理,能代谷　真理,歯　小歯,,平13. 8. 10,shika
診療所,15,0231974,医療法人社団　大竹矯正歯科医院,長岡市台町２丁目１番２６号,0258-32-2112,医療法人社団　大竹矯正歯科医院　理事長　大竹　正人,大竹　正人,歯　矯歯,,平13. 11. 4,shika
診療所,15,0231982,かさい歯科医院,長岡市三和３丁目８番地３,0258-31-5665,笠井　郁雄,笠井　郁雄,歯　小歯　歯外,,平14. 4. 15,shika
診療所,15,0231990,あけぼの歯科,長岡市曙１丁目３－２１,0258-39-5200,渡辺　泰典,渡辺　泰典,歯,,平14. 5. 1,shika
診療所,15,0232006,やまだ歯科医院,長岡市上除町字村中甲３５９１番５２,0258-21-0778,山田　潤造,山田　潤造,歯　小歯,,平14. 9. 1,shika
診療所,15,0232014,さいとう歯科,長岡市新組町字筒場２１９６－３,0258-25-2582,斎藤　了,斎藤　了,歯　小歯　歯外,,平15. 4. 22,shika
診療所,15,0232022,萱中歯科医院,長岡市関東町１番地９,0258-32-8500,萱中　智幸,萱中　智幸,歯,,平15. 5. 14,shika
診療所,15,0232030,すずき歯科医院,長岡市巻島２丁目５番地１,0258-22-5677,鈴木　英弘,鈴木　英弘,歯　小歯　歯外,,平15. 7. 23,shika
病院,15,0232048,長岡西病院,長岡市三ツ郷屋町３７１番地１,0258-27-8500,社会医療法人崇徳会　理事長　田宮　崇,永井　恒雄,歯,,平16. 4. 1,shika
診療所,15,0232063,みどり町歯科医院,長岡市緑町１丁目８６－３３,0258-22-5002,木倉　一樹,木倉　一樹,歯　小歯　歯外　矯歯,,平16. 5. 1,shika
診療所,15,0232097,中之島歯科診療所,長岡市中之島２２５－１,0258-66-6826,田代　智宏,田代　智宏,歯,,平9. 10. 1,shika
病院,15,0232121,三島病院,長岡市藤川１７１３番地の８,0258-42-2311,特定医療法人　楽山会　理事長　田中　弘,田中　弘,歯,,昭56. 4. 1,shika
診療所,15,0232147,永井歯科医院,長岡市来迎寺３８６２,0258-92-2171,医療法人社団　永仁会　理事長　永井　正紀,永井　正紀,歯　小歯　歯外　矯歯,,平6. 9. 1,shika
診療所,15,0232154,和田歯科医院,長岡市三島新保３０８２,0258-42-3511,和田　一彦,和田　一彦,歯,,平8. 4. 20,shika
診療所,15,0232162,すずらん歯科医院,長岡市来迎寺２３９４,0258-92-5518,宮　江利,宮　江利,歯　小歯,,平11. 5. 28,shika
診療所,15,0232212,北島歯科医院,長岡市宮内２－８－６,0258-33-2131,北島　匡,北島　匡,歯,,平17. 4. 1,shika
診療所,15,0232238,長岡市山古志歯科診療所,長岡市山古志竹沢甲２８３５,0258-59-2037,長岡市　長岡市長　磯田　達伸,星野　勝美,歯,,平17. 4. 1,shika
診療所,15,0232253,長岡市小国歯科診療所,長岡市小国町七日町２６０７番地６,0258-95-2222,長岡市　長岡市長　磯田　達伸,庭山　圭司,歯,,平17. 6. 1,shika
診療所,15,0232279,永井歯科医院,長岡市新町１丁目１－８,0258-33-2934,永井　恵子,永井　恵子,歯　矯歯　小歯,,平17. 6. 22,shika
診療所,15,0232287,しなのハートクリニック,長岡市信濃２丁目６番１８号,0258-37-0521,石黒　淳司,石黒　淳司,歯,,平17. 8. 1,shika
診療所,15,0232295,大塚歯科医院,長岡市坂之上町３丁目３番地１０,0258-32-4564,大塚　優,大塚　優,歯　矯歯,,平17. 9. 1,shika
病院,15,0232303,新潟県厚生農業協同組合連合会　長岡中央綜合病院,長岡市川崎町２０４１番地,0258-35-3700,新潟県厚生農業協同組合連合会　代表理事理事長　塚田　芳久,矢尻　洋一,歯外,,平17. 10. 1,shika
診療所,15,0232337,さかいデンタルクリニック,長岡市金町２丁目３番２７号,0258-52-5420,坂井　能逹,坂井　能達,歯,,昭63. 12. 5,shika
診療所,15,0232410,コロニーにいがた白岩の里　歯科診療所,長岡市寺泊藪田６７８９番地４,0258-75-3131,新潟県　新潟県知事　花角　英世,狩野　由紀,歯,,昭62. 6. 1,shika
診療所,15,0232428,桐原歯科医院,長岡市寺泊五分一２８６２番地１,0256-98-5577,医療法人社団　信和会　理事長　齋藤　信平,齋藤　幸雄,歯,,平元. 3. 1,shika
診療所,15,0232436,桑原歯科医院,長岡市寺泊白岩７２２０－３,0258-75-4881,桑原　直久,桑原　直久,歯,,平2. 1. 4,shika
診療所,15,0232444,歯科斎藤医院,長岡市寺泊北曽根２１６７－１,0256-98-6140,齋藤　直樹,齋藤　直樹,歯,,平3. 10. 1,shika
診療所,15,0232451,おぐろ歯科医院,長岡市寺泊吉３６４－８,0258-75-5588,小黒　一郎,小黒　一郎,歯,,平6. 6. 1,shika
診療所,15,0232493,山田歯科クリニック,長岡市土合５丁目８番２３号,0258-36-1777,医療法人社団　山田歯科クリニック　理事長　山田　正幸,山田　正幸,歯,,平18. 4. 1,shika
診療所,15,0232535,あおば歯科クリニック,長岡市希望が丘１－７－１,0258-21-3420,医療法人社団　あおば歯科クリニック　理事長　村松　瑞人,村松　瑞人,歯　小歯　矯歯　歯外,,平19. 4. 1,shika
診療所,15,0232592,丸山歯科医院,長岡市与板町与板甲一,0258-72-2418,丸山　博吉,丸山　博吉,歯,,平20. 3. 1,shika
診療所,15,0232600,ワキヤ歯科医院,長岡市城内町３丁目字観光院町甲８９３－３６丸山ビル３Ｆ,0258-35-5210,脇屋　礼慈,脇屋　礼慈,歯　小歯　歯外,,平20. 4. 1,shika
診療所,15,0232618,あかしば矯正歯科クリニック,長岡市大手通１－４－１ボワールビル３Ｆ,0258-35-3691,医療法人社団　スマイル　理事長　赤柴　豊英,赤柴　豊英,矯歯　歯,,平20. 4. 1,shika
診療所,15,0232634,長束歯科医院,長岡市大島本町４丁目１０６－１,0258-27-1016,橋本　りでや,橋本　りでや,歯,,平21. 4. 1,shika
診療所,15,0232642,関歯科医院,長岡市山田１－８－１０,0258-33-3598,関　晴夫,関　晴夫,歯,,平21. 5. 20,shika
診療所,15,0232675,かわうち歯科医院,長岡市脇野町２１３６,0258-42-2534,河内　隆樹,河内　隆樹,歯　小歯,,平21. 10. 18,shika
診療所,15,0232683,長岡デンタルオフィス,長岡市千秋２－２７８,0258-94-9774,小松　直美,小松　直美,歯　矯歯　小歯　歯外,,平22. 3. 21,shika
診療所,15,0232709,大平歯科医院,長岡市船江町３番地１１,0258-34-3223,高田　美由紀,高田　美由紀,歯,,平23. 12. 16,shika
診療所,15,0232725,田村歯科クリニック,長岡市泉１丁目２番１号,0258-39-4155,医療法人　光有会　田村歯科クリニック　理事長　田村　宏,田村　宏,歯　小歯,,平24. 5. 1,shika
診療所,15,0232741,たぐち歯科クリニック,長岡市美沢３丁目６３７番地,0258-77-2000,田口　裕哉,田口　裕哉,歯　小歯,,平24. 10. 1,shika
診療所,15,0232782,小坂井歯科医院,長岡市与板町江西３丁目１番１２号,0258-72-2223,小坂井　渉,小坂井　渉,歯,,平26. 1. 1,shika
診療所,15,0232790,あおやぎ歯科クリニック,長岡市今朝白１－４－１,0258-89-7871,青柳　誠司,青柳　誠司,歯　小歯,,平26. 5. 1,shika
診療所,15,0232808,かりや歯科医院,長岡市東神田１丁目３番２３号,0258-39-5977,刈屋　功,刈屋　功,歯　小歯　歯外,,平26. 4. 1,shika
診療所,15,0232816,一般社団法人　長岡歯科医師会　長岡休日急患歯科診療所,長岡市幸町２－１－１,0258-33-9644,一般社団法人　長岡歯科医師会　会長　笠井　郁雄,笠井　郁雄,歯,,平26. 5. 18,shika
診療所,15,0232824,いだ歯科医院,長岡市古正寺３－２０,0258-27-7700,依田　洋明,依田　洋明,歯,,平26. 10. 1,shika
診療所,15,0232832,堀井スマイル歯科,長岡市下柳２－５－３８,0258-86-8062,医療法人社団　仁優会　理事長　堀井　信哉,堀井　信哉,歯　小歯　歯外　矯歯,,平26. 10. 1,shika
診療所,15,0232857,ひまわり歯科,長岡市川崎２丁目２４７８番地１,0258-37-7778,医療法人社団　ひまわり歯科　理事長　北澤　敦,北澤　敦,歯　矯歯,,平27. 4. 1,shika
診療所,15,0232865,阿部歯科医院,長岡市本町１丁目３番地１,0258-32-1555,医療法人社団　阿部歯科医院　理事長　阿部　幸作,阿部　幸作,歯　歯外　小歯,,平27. 4. 1,shika
診療所,15,0232881,さつき歯科医院,長岡市川崎６丁目７８３９－１,0258-94-4012,小林　康子,小林　康子,歯　小歯,,平27. 12. 1,shika
診療所,15,0232899,とちお歯科クリニック,長岡市新栄町２丁目３番３５号,0258-53-0077,医療法人社団　とちお歯科クリニック　理事長　廣瀬　大希,廣瀬　大希,歯　小歯　歯外,,平28. 4. 1,shika
診療所,15,0232923,たなか歯科,長岡市錦１丁目５番５号,0258-35-5600,田中　慎一,田中　慎一,歯　小歯　歯外　矯歯,,平28. 7. 1,shika
診療所,15,0232949,中央歯科,長岡市新保６丁目２５０,0258-89-7778,佐藤　健治,佐藤　健治,歯,,平28. 9. 1,shika
病院,15,0232956,立川綜合病院,長岡市旭岡１丁目２４番地,0258-33-3111,社会医療法人　立川メディカルセンター　理事長　吉井　新平,岡部　正明,歯外,,平28. 11. 1,shika
診療所,15,0232972,近藤歯科医院,長岡市学校町３－１１－２,0258-35-3590,近藤　孝洋,近藤　孝洋,歯,,平29. 1. 1,shika
診療所,15,0232980,生協ながおかデンタルクリニック,長岡市沢田１－２－１,0258-37-8810,ながおか医療生活協同組合　理事長　羽賀　正人,後藤　基誉,歯　小歯　歯外　矯歯,,平29. 5. 1,shika
診療所,15,0232998,しんざわ矯正歯科クリニック,長岡市古正寺三丁目２８９番地,0258-86-8640,医療法人社団　しんざわ矯正歯科クリニック　理事長　新澤　牧子,新澤　牧子,歯　矯歯,,平29. 5. 1,shika
診療所,15,0233004,ヒッポ歯科クリニック,長岡市七日町字川原３７４アクロスプラザ長岡七日町内,0258-89-8451,野口　友美,野口　友美,歯　小歯,,平30. 4. 1,shika
診療所,15,0233012,越後さんとう歯科診療所,長岡市越路中沢２７４番地１,0258-92-5810,医療法人社団　越路会　理事長　佐藤　昭弘,佐藤　昭弘,歯,,平30. 8. 1,shika
診療所,15,0233020,佐藤歯科,長岡市東坂之上町１丁目４番地３スカイハイツ１０２,0258-34-4180,医療法人社団慈誠会　理事長　佐藤　友秀,佐藤　直久,歯　小歯,,平30. 9. 1,shika
診療所,15,0233046,古正寺ファミリー歯科,長岡市古正寺１丁目３０５８番地２,0258-29-6480,医療法人社団　古正寺ファミリー歯科　理事長　渡邊　一也,渡邊　一也,歯　小歯,,平30. 10. 1,shika
診療所,15,0233053,長岡おとな・こども歯科クリニック,長岡市表町２丁目２番２１号ながおか町口御門１階,0258-36-3280,医療法人社団　智明会　理事長　廣澤　利明,廣澤　利明,歯　小歯　歯外,,平30. 10. 1,shika
診療所,15,0233061,関　歯科医院,新潟県長岡市宮内１丁目１番４号,0258-33-7695,関　晋太郎,関　晋太郎,歯,,平31. 1. 1,shika
診療所,15,0233079,北ながおか歯科診療所,長岡市宝２丁目２－１６,0258-89-6693,医療法人越路会　理事長　佐藤　昭弘,鷲津　聡,歯,,平31. 3. 1,shika
診療所,15,0233111,河内歯科クリニック,長岡市日赤町１－４－１６,0258-32-2945,河内　崇,河内　崇,歯　歯外　小歯,,令2. 9. 1,shika
診療所,15,0233137,加藤歯科医院,長岡市来迎寺３９３１番地,0258-92-3355,加藤　和広,加藤　和広,歯,,令3. 5. 1,shika
診療所,15,0233145,佐藤歯科医院,長岡市長町１丁目１番地７,0258-32-0210,医療法人社団慈誠会　理事長　佐藤　友秀,佐藤　友秀,歯　小歯,,令3. 6. 1,shika
診療所,15,0233152,キューアンドエー歯科医院,長岡市旭岡２丁目２番地,0258-89-7791,内藤　俊幸,内藤　俊幸,歯　小歯　歯外　矯歯,,令4. 4. 1,shika
診療所,15,0233160,米山歯科医院,長岡市大島本町５－１１４－３,0258-27-2347,米山　知宏,米山　知宏,歯,,令4. 10. 1,shika
診療所,15,0233178,石原歯科医院,長岡市滝の下町８－４９,0258-52-2204,石原　紀彰,石原　紀彰,歯　小歯,,令5. 10. 1,shika
診療所,15,0233186,大島通り歯科,長岡市大島本町５丁目１１８－１８,0258-86-0500,医療法人社団　大島通り歯科　理事長　松澤　貴宏,松澤　貴宏,歯　小歯　歯外,,令5. 12. 1,shika
診療所,15,0233194,長岡Ｉ’ｓ歯科,長岡市城内町１－６１１－１ＣｏＣｏＬｏ長岡メディカルヘルシーモールＤ,0258-34-5656,医療法人社団　新心会　理事長　守尾　一起,佐藤　達也,歯　小歯　矯歯　歯外,,令6. 5. 1,shika
診療所,15,0233202,小坂井歯科クリニック,長岡市豊田町１１－４０,0258-37-1839,小坂井　巌,小坂井　巌,歯　小歯,,令6. 5. 1,shika
診療所,15,0233210,花園歯科,長岡市花園３－９－２７,0258-89-8899,源川　裕子,源川　裕子,歯　小歯,,令7. 10. 1,shika
診療所,15,0233228,堀歯科医院,長岡市神田町２丁目１－１９,0258-32-0377,堀　慧,堀　慧,歯,,令7. 8. 1,shika
診療所,15,0233236,医療法人みずほ　みずほ歯科口腔外科,長岡市中之島１９０９番地１５,0258-86-7785,医療法人みずほ　理事長　山田　裕士,山田　裕士,歯外　小歯　歯　矯歯,,令7. 12. 1,shika
診療所,15,0233244,えぐち歯科クリニック,長岡市中島５丁目１番１９号,0258-86-0118,医療法人社団尊生会　理事長　江口　洋輔,江口　洋輔,歯　歯外　小歯,,令8. 6. 1,shika
診療所,15,5730285,小見歯科医院,長岡市東川口字前島１９７９－６３,0258-89-4076,小見　司,小見　司,歯,,平4. 11. 11,shika
診療所,15,0430253,歯科榎本医院,三条市一ノ門２丁目８ー１５,0256-32-1522,榎本　弘昭,榎本　弘昭,歯,,昭43. 7. 31,shika
診療所,15,0430287,佐藤歯科医院,三条市旭町１－６－４,0256-34-6554,佐藤　隆年,佐藤　隆年,歯,,昭49. 1. 28,shika
診療所,15,0430378,東三条歯科,三条市東三条１－１８－９,0256-35-1240,石田　光錫,石田　光錫,歯　小歯,,昭53. 12. 12,shika
診療所,15,0430386,医療法人社団腔友会　佐藤歯科診療所,三条市本町４丁目２番２８号,0256-35-1247,医療法人社団腔友会　佐藤歯科診療所　理亊長　佐藤　寿祐,佐藤　寿祐,歯,,昭54. 4. 2,shika
診療所,15,0430501,一ノ木戸大渓歯科医院,三条市一ノ門２丁目４－４３,0256-35-7536,大渓　利夫,大渓　利夫,歯,,昭58. 11. 1,shika
病院,15,0430535,済生会三条病院,三条市大野畑６番１８号,0256-33-1551,社会福祉法人　恩賜財団済生会支部　新潟県済生会　支部長　吉田　俊明,坂内　均,歯　歯外,,昭59. 10. 1,shika
診療所,15,0430576,青柳歯科医院,三条市西四日町４丁目１４番１６号,0256-34-1901,青柳　房枝,青柳　房枝,歯,,昭60. 11. 9,shika
診療所,15,0430584,林町歯科医院,三条市林町２－１４－３,0256-32-6480,目黒　宣行,目黒　宣行,歯,,昭61. 5. 1,shika
診療所,15,0430592,後藤歯科医院,三条市南新保４番１８号,0256-32-3451,後藤　昭弘,後藤　昭弘,歯,,昭61. 5. 16,shika
病院,15,0430618,社会医療法人嵐陽会　三之町病院,三条市本町五丁目２番３０号,0256-33-0581,社会医療法人　嵐陽会　理事長　森　宏,小澤　常徳,歯　歯外,,昭60. 4. 1,shika
診療所,15,0430626,あいば歯科医院,三条市桜木町２６番５号,0256-34-8008,相場　剛,相場　剛,歯　歯外,,昭61. 7. 24,shika
診療所,15,0430733,桑原歯科医院,三条市本町３丁目２番２４号,0256-33-0336,医療法人社団　桑成会　桑原歯科医院　理事長　桑原　良昭,桑原　良昭,歯,,平元. 8. 1,shika
診療所,15,0430766,星野歯科医院,三条市西大崎１丁目２０番２２号,0256-38-7680,医療法人社団　星野歯科医院　理事長　星野　正宏,星野　正宏,歯,,平2. 4. 1,shika
診療所,15,0430774,羽生歯科医院,三条市塚野目４丁目１３番５号,0256-33-3551,医療法人社団　羽生歯科医院　理事長　羽生　好太,羽生　好太,歯　矯歯,,平2. 8. 1,shika
診療所,15,0430808,土田歯科・矯正歯科医院,三条市島田２－７－１,0256-32-1182,医療法人社団　土田歯科医院　理事長　土田　泰明,土田　泰明,歯　矯歯　小歯,,昭61. 12. 8,shika
診療所,15,0430816,嵐南歯科金子,三条市南四日町４丁目１１－４８,0256-34-1181,金子　昭彦,金子　昭彦,歯　小歯,,平4. 4. 2,shika
診療所,15,0430824,くまがい歯科医院,三条市林町２丁目２番５号,0256-35-4317,医療法人社団　くまがい歯科医院　理事長　熊谷　淳平,熊谷　淳平,歯　小歯　矯歯　歯外,,平4. 7. 1,shika
診療所,15,0430832,横山歯科医院,三条市島田２－６－２５,0256-33-7575,横山　茂,横山　茂,歯,,平4. 10. 5,shika
診療所,15,0430857,近藤歯科医院,三条市島田二丁目７番１８号,0256-34-3722,医療法人社団　近藤歯科医院　理事長　近藤　鉄也,近藤　鉄也,歯　矯歯　小歯,,平5. 9. 1,shika
診療所,15,0430881,やちだ歯科医院,三条市上保内乙２１６－２,0256-38-6480,谷地田　弘,谷地田　弘,歯　小歯,,平8. 5. 24,shika
診療所,15,0430915,小林歯科クリニック,三条市荒町２丁目２２番１７号,0256-32-8451,小林　敏栄,小林　敏栄,歯,,平8. 8. 1,shika
診療所,15,0430923,おかべ歯科医院,三条市月岡１丁目２６番５４号,0256-31-1711,岡部　清幸,岡部　清幸,歯,,平9. 5. 20,shika
診療所,15,0430972,本成寺歯科クリニック,三条市東本成寺４８８ー１,0256-33-7544,近藤　慎也,近藤　慎也,歯　小歯　歯外,,平10. 7. 1,shika
診療所,15,0430980,桐生歯科医院,三条市三竹２丁目４番３１ー３号,0256-31-2282,桐生　尚明,桐生　尚明,歯　小歯,,平10. 7. 28,shika
診療所,15,0430998,野島歯科医院,三条市元町１８番３号,0256-35-5839,野島　真介,野島　真介,歯,,平12. 12. 1,shika
診療所,15,0431004,ふるかわ歯科医院,三条市石上二丁目１４－１５,0256-36-7755,古川　達也,古川　達也,歯　歯外　小歯,,平14. 7. 15,shika
診療所,15,0431012,医療法人社団憲和会　北入蔵歯科ワタナベ,三条市北入蔵１丁目３番１６号,0256-31-5418,医療法人社団　憲和会　北入蔵歯科ワタナベ　理事長　渡辺　和宏,渡辺　和宏,歯　小歯　歯外,,平15. 9. 1,shika
診療所,15,0431020,あおぞら歯科クリニック,三条市大字新保２３２番１,0256-32-6667,遠藤　憲之,遠藤　憲之,歯　小歯,,平15. 10. 20,shika
診療所,15,0431038,はなみ矯正歯科,三条市上須頃５９７番地,0256-34-8282,花見　由香里,花見　重幸,矯歯,,平16. 4. 1,shika
診療所,15,0431061,小山歯科医院,三条市大字福島新田乙１３７２－１６,0256-45-5234,小山　良郎,小山　良郎,歯　小歯,,昭61. 6. 25,shika
診療所,15,0431087,大滝歯科医院,三条市荻堀７４２－１,0256-46-2072,大滝　和昭,大滝　和昭,歯,,平9. 1. 30,shika
診療所,15,0431111,しただ歯科,三条市大字荻堀字七ツ新田１２７５番地２,0256-41-2210,医療法人社団　しただ歯科　理事長　笹川　弘康,笹川　弘康,歯　小歯　歯外,,平18. 9. 1,shika
診療所,15,0431129,医療法人社団　駅南歯科小林,三条市西大崎１－５－５５,0256-32-3022,医療法人社団　駅南歯科小林　理事長　小林　弘,小林　弘,歯　小歯　矯歯　歯外,,平19. 5. 1,shika
診療所,15,0431152,ナオ歯科,三条市北入蔵一丁目一番一号,0256-46-0623,山邊　尚之,山邊　尚之,歯,,平22. 9. 1,shika
診療所,15,0431178,きずな歯科クリニック,三条市南四日町１丁目５番７－１号,0256-33-3455,大橋　桂,大橋　桂,歯　小歯　歯外,,平24. 9. 1,shika
診療所,15,0431186,じろう歯科診療所,三条市長野３３７番地,0256-46-0388,医療法人社団　しただ　理事長　北澤　幹男,奥山　次郎,歯　小歯,,平25. 3. 1,shika
診療所,15,0431210,新光歯科クリニック,三条市新光町１４－１,0256-64-8218,石田　光平,石田　光平,歯　小歯　歯外,,平29. 1. 1,shika
診療所,15,0431228,青葉デンタルクリニック,三条市西本成寺１丁目２４番２５号,0256-55-7875,小柳　しのぶ,小柳　しのぶ,歯　小歯　歯外,,平29. 1. 1,shika
診療所,15,0431236,日本歯科大学在宅ケア新潟クリニック,三条市須頃１丁目６５番地,0256-47-1210,学校法人　日本歯科大学　理事長　中原　泉,田中　彰,歯,,平30. 4. 1,shika
診療所,15,0431251,市川歯科医院,三条市東裏館２丁目１０－１１,0256-35-4057,市川　晋,市川　晋,歯,,平30. 11. 1,shika
診療所,15,0431269,旭町歯科クリニック,三条市旭町２－２－２６,0256-33-3341,医療法人社団　結愛会　理事長　瀧　豊,瀧　豊,歯　小歯　歯外,,令元. 7. 1,shika
診療所,15,0431277,こもれびの森歯科医院,三条市荒町２丁目２５番７０号,0256-47-1616,石村　里佳子,石村　里佳子,歯　小歯　矯歯,,令5. 5. 1,shika
診療所,15,0431285,田巻歯科医院,三条市元町２－２９,0256-33-1137,田巻　友一,田巻　友一,歯　歯外　小歯,,令6. 1. 1,shika
診療所,15,0431301,川崎歯科医院,三条市本町２－４－１,0256-35-3916,川嵜　隆憲,川嵜　隆憲,歯　小歯,,令6. 6. 1,shika
診療所,15,0431319,こころ歯科県央クリニック,三条市上須頃１５９７番地１メディカルプラザ２１　３階２号室,0256-47-4360,近藤　元,近藤　元,歯　矯歯　小歯　歯外,,令6. 10. 1,shika
診療所,15,0431327,ファミリー歯科診療所,三条市西裏館２丁目４番２１号,0256-32-3806,佐藤　勇資,佐藤　勇資,歯　矯歯,,令8. 2. 11,shika
診療所,15,0431335,愛育デンタルクリニック　矯正歯科・小児歯科,三条市西裏館１丁目６番１８号,0256-33-8088,医療法人社団　愛育会　理事長　大平　育代,大平　育代,歯　小歯　矯歯　歯外,,令8. 4. 1,shika
診療所,15,0530284,大塚歯科医院,柏崎市米山台４丁目１－７,0257-24-0968,大塚　誠之輔,大塚　誠之輔,歯,,昭54. 9. 1,shika
診療所,15,0530359,柏崎歯科休日急患診療所,柏崎市栄町１８番３号,0257-23-1463,柏崎市　柏崎市長　櫻井　雅浩,平田　伸明,歯,,昭58. 11. 1,shika
診療所,15,0530417,岡島歯科医院,柏崎市東本町２丁目７番５５号,0257-22-2854,岡嶋　元久,岡嶋　元久,歯,,昭59. 10. 1,shika
診療所,15,0530425,井比歯科医院,柏崎市小倉町７－８,0257-22-2955,井比　陽,井比　陽,歯,,昭60. 1. 1,shika
診療所,15,0530482,医療法人社団　いしかわ歯科,柏崎市東長浜町８番４５号,0257-22-1177,医療法人社団　いしかわ歯科　理事長　石川　繁,石川　繁,歯　小歯　矯歯,,昭61. 12. 1,shika
病院,15,0530508,柏崎厚生病院,柏崎市大字茨目字二ツ池２０７１番地１,0257-22-0111,社会医療法人　立川メディカルセンター　理事長　吉井　新平,松田　ひろし,歯,,昭63. 4. 1,shika
診療所,15,0530573,医療法人社団　阿部歯科医院,柏崎市日吉町１番２号,0257-24-5800,医療法人社団　阿部歯科医院　理事長　阿部　晴弘,阿部　晴弘,歯,,平元. 10. 1,shika
診療所,15,0530599,医療法人社団　高橋歯科医院,柏崎市中央町８番１３号,0257-23-7727,医療法人社団　高橋歯科医院　理事長　髙橋　悠,髙橋　悠,歯　矯歯,,平元. 10. 1,shika
診療所,15,0530615,登内歯科医院,柏崎市田中２３－７,0257-22-7766,登内　敏夫,登内　敏夫,歯　小歯,,平2. 4. 1,shika
診療所,15,0530623,まつなみ歯科,柏崎市松波１丁目１９番４３号,0257-24-4337,医療法人社団　高野会　理事長　高野　清,高野　清,歯　小歯　歯外,,平2. 4. 1,shika
診療所,15,0530649,雅堂歯科医院,柏崎市西本町２丁目７番４号,0257-23-8840,布施　眞也,布施　眞也,歯,,平3. 1. 1,shika
病院,15,0530656,新潟県厚生農業協同組合連合会　柏崎総合医療センター,柏崎市北半田２丁目１１番３号,0257-23-2165,新潟県厚生農業協同組合連合会　代表理事理事長　塚田　芳久,相田　浩,歯　歯外,,平3. 6. 7,shika
診療所,15,0530664,医療法人社団　新沢歯科医院,柏崎市穂波町二番二号,0257-22-4500,医療法人社団　新沢歯科医院　理事長　新澤　秀樹,新澤　秀樹,歯　矯歯　小歯　歯外,,昭60. 4. 1,shika
診療所,15,0530672,ばんば歯科クリニック,柏崎市松美１－１－３１,0257-23-0204,医療法人社団　ばんば歯科クリニック　理事長　萬羽　賀津雄,萬羽　賀津雄,歯,,平元. 4. 1,shika
診療所,15,0530680,平田歯科医院,柏崎市藤元町９番２号,0257-21-4151,平田　伸明,平田　伸明,歯　小歯,,平3. 12. 2,shika
診療所,15,0530730,山川歯科医院,柏崎市諏訪町５番２２号,0257-21-2131,山川　尚人,山川　尚人,歯,,平6. 3. 10,shika
診療所,15,0530748,ほほえみ歯科医院,柏崎市春日一丁目１番１０号,0257-23-8430,山口　憲司,山口　憲司,歯,,平6. 12. 9,shika
診療所,15,0530789,せきや歯科医院,柏崎市常盤台２２番１８号,0257-22-8885,関矢　一仁,関矢　一仁,歯　小歯,,平7. 7. 1,shika
診療所,15,0530805,ホワイト歯科,柏崎市半田２丁目６番１１号,0257-21-5038,土井　彰夫,土井　彰夫,歯,,平8. 11. 1,shika
診療所,15,0530813,山本歯科医院,柏崎市土合６５９,0257-20-0220,山本　大輔,山本　大輔,歯,,平10. 4. 11,shika
診療所,15,0530821,医療法人　厚徳会　まつむら歯科　柏崎診療所,柏崎市松美２丁目２番３８号,0257-20-0310,医療法人　厚徳会　理事長　辻　哲範,梅津　達,歯　小歯　矯歯　歯外,,平10. 7. 9,shika
診療所,15,0530839,医療法人社団祐志会　久代歯科医院,柏崎市藤元町１３番４号,0257-21-0978,医療法人社団　祐志会　久代歯科医院　理事長　久代　繁,久代　繁,歯　矯歯,,平16. 4. 1,shika
診療所,15,0530854,勝海歯科医院,柏崎市諏訪町１２番４号,0257-22-2316,勝海　昭,勝海　昭,歯,,平17. 3. 1,shika
診療所,15,0530862,ひまわり歯科医院,柏崎市西山町西山２０６－１１,0257-48-2152,鈴木　公子,鈴木　公子,歯,,昭61. 4. 1,shika
診療所,15,0530912,クオリス歯科医院,柏崎市安田２０６０－１,0257-21-3115,村山　剛,村山　剛,歯　歯外,,平18. 4. 6,shika
診療所,15,0530938,おだ歯科クリニック,柏崎市北半田二丁目５－１３,0257-41-4618,小田　太郎,小田　太郎,歯　小歯,,平19. 11. 13,shika
診療所,15,0530946,片桐ｅｃｏ歯科医院,柏崎市西本町２－３－２６,0257-22-3456,片桐　正隆,片桐　正隆,歯,,平21. 1. 5,shika
診療所,15,0530961,柏崎市国民健康保険高柳歯科診療所,柏崎市高柳町岡野町１８４９番地１,0257-41-2002,柏崎市　柏崎市長　櫻井　雅浩,高橋　明彦,歯,,平23. 4. 1,shika
診療所,15,0530979,ながおか歯科ユウ,柏崎市大字加納５８９８番地,0257-27-2230,小坂井　滋,小坂井　滋,歯　小歯　矯歯,,平25. 9. 1,shika
診療所,15,0531001,駅南歯科,柏崎市幸町２－４,0257-20-4618,山本　雅春,山本　雅春,歯　歯外　小歯,,平27. 7. 1,shika
診療所,15,0531027,犬井歯科クリニック,柏崎市岩上１０番３０号,0257-21-7650,医療法人社団　犬井歯科クリニック　理事長　犬井　正,犬井　正,歯　小歯　歯外　矯歯,,令2. 4. 1,shika
診療所,15,0531035,ながおか歯科ミュ,柏崎市西山町坂田５３６９－２,0257-48-2095,関　恵子,関　恵子,歯　小歯　矯歯,,令3. 1. 1,shika
診療所,15,0531043,安田歯科,柏崎市大字安田字野口１９２１番２,0257-22-0663,水嶌　一尊,水嶌　一尊,歯,,令3. 1. 1,shika
診療所,15,0531050,まえかわ歯科クリニック,柏崎市鏡町７番１２号,0257-24-4624,医療法人社団　前川歯科医院　理事長　前川　雄哉,前川　雄哉,歯　小歯　矯歯　歯外,,令3. 4. 20,shika
病院,15,8930049,独立行政法人国立病院機構　新潟病院,柏崎市赤坂町３番５２号,0257-22-2126,独立行政法人国立病院機構　理事長　新木　一弘,佐藤　晶,歯,,昭53. 7. 1,shika
診療所,15,0630308,スズキ歯科医院,新発田市緑町２丁目４－１２,0254-26-5506,鈴木　英彦,鈴木　英彦,歯,,昭56. 7. 15,shika
診療所,15,0630357,白勢歯科医院,新発田市諏訪町１－４－９,0254-23-2130,白勢　信男,白勢　信男,歯,,昭58. 4. 5,shika
診療所,15,0630399,田崎歯科医院,新発田市上館甲７０１,0254-24-6880,田崎　卓,田崎　卓,歯,,昭59. 7. 16,shika
診療所,15,0630423,有田歯科医院,新発田市大栄町３丁目３番１８号,0254-23-5411,有田　美智子,有田　美智子,歯,,昭63. 9. 17,shika
診療所,15,0630456,佐藤歯科医院,新発田市大手町２丁目５番２号,0254-22-2134,医療法人社団　佐藤歯科医院　理事長　佐藤　隆,佐藤　泰彦,歯,,昭61. 12. 1,shika
診療所,15,0630464,山崎歯科医院,新発田市大手町２－２－２,0254-24-2171,医療法人社団　山崎歯科医院　理事長　山崎　太亮,山崎　太亮,歯,,昭61. 12. 1,shika
診療所,15,0630555,山田歯科医院,新発田市中央町１丁目６番１９号,0254-24-8318,山田　一夫,山田　一夫,歯,,平元. 4. 14,shika
診療所,15,0630571,大平歯科医院,新発田市御幸町２丁目４番６号,0254-23-2117,医療法人社団　大平歯科医院　理事長　大平　弘司,大平　弘司,歯,,平元. 8. 1,shika
診療所,15,0630639,飯島歯科医院,新発田市下羽津字郷蔵浦２１１２－１,0254-25-3391,飯島　のぞみ,飯島　のぞみ,歯,,平3. 10. 1,shika
診療所,15,0630647,稲富歯科医院,新発田市城北町３丁目８番２号,0254-26-8008,稲富　道知,稲富　道知,歯　矯歯　小歯,,平4. 4. 8,shika
診療所,15,0630654,小宮歯科医院,新発田市住吉町４－２－２０,0254-24-5959,小宮　隆瑞,小宮　隆瑞,歯,,平4. 11. 2,shika
診療所,15,0630670,田上歯科医院,新発田市五十公野５０８３－３,0254-22-8148,田上　正幸,田上　正幸,歯　小歯,,平6. 3. 10,shika
診療所,15,0630688,石井歯科クリニック,新発田市豊町４丁目５－３,0254-26-6298,石井　史郎,石井　史郎,歯　小歯　矯歯　歯外,,平6. 9. 10,shika
診療所,15,0630696,長島歯科医院,新発田市中央町１丁目３番６号,0254-22-2282,長島　節志,長島　節志,歯　小歯,,平7. 4. 1,shika
診療所,15,0630704,石橋歯科医院,新発田市三日市４７３－３,0254-21-1484,石橋　国幸,石橋　国幸,歯　矯歯　小歯,,平7. 10. 16,shika
診療所,15,0630720,野田歯科医院,新発田市佐々木１６４番地,0254-28-8533,原田　恵子,原田　恵子,歯,,平8. 9. 5,shika
診療所,15,0630753,木戸歯科医院,新発田市舟入町２丁目５ー４,0254-23-8020,木戸　寿明,木戸　寿明,歯　小歯,,平11. 7. 21,shika
診療所,15,0630787,阿部矯正歯科医院,新発田市緑町２ー１６ー２３,0254-24-0508,阿部　裕子,阿部　裕子,矯歯,,平12. 9. 1,shika
診療所,15,0630795,貴船歯科クリニック,新発田市大手町５ー２ー１２,0254-26-5366,貴船　彩子,貴船　彩子,歯　小歯,,平13. 6. 5,shika
診療所,15,0630811,赤松歯科医院,新発田市月岡温泉５３２,0254-32-3166,赤松　俊嗣,赤松　俊嗣,歯,,昭59. 5. 1,shika
診療所,15,0630829,北村歯科医院,新発田市下飯塚８２,0254-23-5055,北村　伸,北村　伸,歯　小歯,,昭62. 5. 11,shika
診療所,15,0630837,村山歯科医院,新発田市大栄町７丁目１－８,0254-23-1019,医療法人社団　Ｍ・Ｄ・Ｃ　理事長　村山　良雄,村山　良雄,歯　矯歯　歯外　小歯,,平15. 9. 1,shika
診療所,15,0630894,佐藤歯科医院,新発田市下小中山１０２４番地１５０,0254-33-2903,佐藤　武寛,佐藤　武寛,歯,,昭60. 7. 3,shika
診療所,15,0630910,くまくら歯科医院,新発田市大栄町２－２－２０,0254-26-8148,医療法人社団　熊倉医院　理事長　熊倉　清志,熊倉　清志,歯,,平17. 11. 1,shika
診療所,15,0630936,星野歯科医院,新発田市住吉町４丁目１９番２号,0254-21-0960,星野　建介,星野　建介,歯　小歯　歯外,,平18. 4. 27,shika
診療所,15,0630944,ＨＡＲＡＤＡ　ＤＥＮＴＡＬ　ＣＬＩＮＩＣ,新発田市豊町２－６－２７,0254-23-2333,ＨＡＲＡＤＡ　ＤＥＮＴＡＬ　ＣＬＩＮＩＣ　理事長　原田　健一,原田　健一,歯　小歯　矯歯　歯外,,平18. 4. 1,shika
病院,15,0630969,新潟県立新発田病院,新発田市本町１丁目２番８号,0254-22-3121,新潟県病院事業管理者　新潟県病院局長　金井　健一,田中　典生,歯外,,平18. 11. 1,shika
診療所,15,0630985,山城歯科医院,新発田市西園町３丁目１番３３号,0254-23-6222,山城　秀樹,山城　秀樹,歯　小歯,,平21. 4. 1,shika
診療所,15,0630993,布村歯科医院,新発田市大栄町６丁目６－２１,0254-26-1579,布村　玲輔,布村　玲輔,歯　小歯,,平22. 8. 1,shika
診療所,15,0631033,西方歯科診療所,新発田市大栄町３丁目１番１６号,0254-23-6480,医療法人社団　西方歯科診療所　理事長　西方　淳,西方　淳,歯　歯外　小歯,,平23. 7. 20,shika
診療所,15,0631058,メディケア歯科クリニック,新発田市住吉町５丁目１１番５号イオンモール新発田１階,,医療法人社団　伸詠会　理事長　藤村　卓也,鈴木　理恵,歯　小歯　歯外　矯歯,,平26. 6. 1,shika
診療所,15,0631074,片桐歯科医院,新発田市中曽根町３丁目１３－４,0254-20-0648,片桐　正央,片桐　正央,歯,,平27. 4. 1,shika
診療所,15,0631082,西方歯科医院,新発田市大手町２－９－１０,0254-22-2755,西方　純一,西方　純一,歯,,平27. 2. 22,shika
診療所,15,0631090,ハート歯科クリニック,新発田市中曽根町１－３－１０,0254-21-7667,医療法人　新発田中曽根会　理事長　村上　心平,村上　心平,歯　歯外　小歯　矯歯,,平27. 4. 1,shika
診療所,15,0631108,河内歯科医院,新発田市稲荷岡２０６８,0254-41-2016,河内　康之,河内　康之,歯　小歯　歯外,,平27. 7. 1,shika
診療所,15,0631124,おぐま歯科医院,新発田市本町２丁目８－１７,0254-28-8834,小熊　崇泰,小熊　崇泰,歯　小歯　歯外　矯歯,,平28. 4. 20,shika
診療所,15,0631132,鈴木歯科医院,新発田市中央町４丁目１１－１５,0254-22-5505,鈴木　正晴,鈴木　正晴,歯　小歯　歯外　矯歯,,平28. 7. 1,shika
診療所,15,0631140,柳川歯科医院,新発田市新富町１－５－１０,0254-22-6655,医療法人社団　柳川歯科医院　理事長　柳川　俊明,柳川　俊明,歯　小歯　歯外,,平28. 9. 1,shika
診療所,15,0631165,うがむら歯科医院,新発田市緑町１－１３－２１－３,0254-22-2232,羽田　亮子,羽田　亮子,歯　小歯,,平30. 5. 16,shika
診療所,15,0631173,まるやま歯科医院,新発田市富塚町１－２４－１５,0254-28-9242,丸山　拓,丸山　拓,歯　小歯　歯外　矯歯,,令2. 2. 1,shika
診療所,15,0631181,休日救急歯科診療所,新発田市本町１丁目１６番１４号,0254-23-8350,下越福祉行政組合　管理者　新発田市長　二階堂　馨,山崎　太亮,歯,,令2. 4. 1,shika
診療所,15,0631199,遠藤歯科クリニック,新発田市荒町甲１４５６番地３,0254-24-0100,医療法人社団　遠藤歯科クリニック　理事長　遠藤　雄,遠藤　雄,歯　小歯　歯外　矯歯,,令2. 5. 1,shika
診療所,15,0631207,齋藤デンタルクリニック,新発田市東新町４－８－１８－７,0254-21-0031,医療法人社団　健優会　理事長　齋藤　健,齋藤　健,歯　小歯,,令2. 10. 1,shika
診療所,15,0631215,キフネ歯科医院,新発田市住吉町３丁目３番３０号,0254-23-5588,貴舩　亮英,貴舩　亮英,歯　小歯,,令3. 4. 1,shika
診療所,15,0631223,片山歯科医院,新発田市豊町２－１－２０,0254-22-1188,片山　直人,片山　直人,歯　小歯　矯歯,,令4. 1. 1,shika
診療所,15,0631231,いいじま歯科クリニック,新発田市新栄町二丁目２番３号,0254-23-0648,医療法人社団友和会　理事長　飯島　浩,飯島　浩,歯　小歯　歯外　矯歯,,令5. 4. 18,shika
診療所,15,0631249,豊島歯科医院,新発田市中央町１－１－２,0254-22-2169,豊島　紘一郎,豊島　紘一郎,歯　小歯　矯歯　歯外,,令5. 5. 10,shika
診療所,15,0631256,歯科小林クリニック,新発田市小舟町２丁目１番２１号,0254-24-0808,医療法人社団小舟会　　理事長　小林　千里,小林　千里,歯　小歯　歯外　矯歯,,令7. 12. 1,shika
診療所,15,0830197,佐藤歯科医院,小千谷市平成１丁目４番７号,0258-82-2352,佐藤　眞,佐藤　眞,歯,,昭60. 5. 1,shika
診療所,15,0830270,城内歯科医院,小千谷市城内１丁目１４－２,0258-82-2003,藤巻　秀敏,藤巻　秀敏,歯,,昭63. 10. 20,shika
診療所,15,0830312,野澤歯科医院,小千谷市栄町９番７号,0258-82-0468,野澤　健,野澤　健,歯,,平2. 6. 11,shika
診療所,15,0830320,星野歯科医院,小千谷市千谷川４丁目７４１－２,0258-83-2033,星野　薫,星野　薫,歯,,平4. 4. 6,shika
診療所,15,0830338,阿部歯科医院,小千谷市城内２丁目９番１１号,0258-83-4650,医療法人社団　阿部歯科医院　理事長　阿部　隆士,阿部　隆士,歯,,平9. 5. 1,shika
診療所,15,0830353,わかば歯科,小千谷市若葉２丁目１０１,0258-83-1010,山下　克弥,山下　克弥,歯,,平9. 12. 15,shika
診療所,15,0830361,平和歯科医院,小千谷市大字桜町４９８９番地２,0258-81-1050,陳　瑞彬,陳　瑞彬,歯　小歯　歯外,,平10. 4. 13,shika
診療所,15,0830379,安部歯科医院,小千谷市片貝町６５１３,0258-84-2052,安部　恒,安部　恒,歯　小歯,,平11. 1. 1,shika
診療所,15,0830403,なおえ歯科クリニック,小千谷市三仏生上林３４８９－２,0258-83-4848,医療法人社団　恵誠会　理事長　直江　昌利,直江　昌利,歯　矯歯　小歯　歯外,,平17. 3. 10,shika
診療所,15,0830429,医療法人社団　鈴木歯科医院,小千谷市片貝町５２４８番地,0258-84-2044,医療法人社団　鈴木歯科医院　理事長　鈴木　俊之,鈴木　俊之,歯,,平17. 8. 1,shika
診療所,15,0830486,木村歯科医院,小千谷市城内１丁目４番１８号,0258-77-9764,医療法人社団木村歯科医院　理事長　木村　勝年,木村　勝年,歯　歯外　矯歯　小歯,,令7. 12. 1,shika
診療所,15,0830494,村山歯科医院,小千谷市東栄１－１３－１２,0258-83-2808,村山　直子,村山　直子,歯　小歯　歯外,,令8. 7. 1,shika
診療所,15,0930252,ささおか歯科医院,加茂市寿町２０－１８,0256-52-2020,笹岡　栄作,笹岡　栄作,歯,,平6. 4. 11,shika
診療所,15,0930294,医療法人社団佐武会　武内歯科医院,加茂市旭町１０番１８号,0256-53-0648,医療法人社団　佐武会　理事長　武内　宏二郎,武内　宏二郎,歯　矯歯　歯外　小歯,,平10. 9. 1,shika
診療所,15,0930302,上条　渡辺歯科医院,加茂市上条４ー３６,0256-52-0151,渡邊　敏彦,渡邊　敏彦,歯　小歯,,平10. 8. 9,shika
診療所,15,0930336,あおやぎ歯科医院,加茂市下条甲５０３－１６,0256-53-5010,青柳　敏彦,青柳　敏彦,歯　小歯,,平13. 5. 1,shika
診療所,15,0930344,永井こども歯科医院,加茂市新栄町２番２号,0256-52-1182,医療法人社団　永井こども歯科医院　理事長　永井　正志,永井　正志,歯　小歯　矯歯,,平14. 7. 1,shika
診療所,15,0930385,すぎもと歯科,加茂市五番町４－６,0256-52-3100,杉本　優,杉本　優,歯,,平18. 12. 1,shika
診療所,15,0930393,米山歯科医院,加茂市旭町１３番２５号,0256-53-4184,医療法人社団　米山歯科医院　理事長　米山　博義,米山　博義,歯　小歯　矯歯　歯外,,平24. 10. 1,shika
診療所,15,0930401,医療法人社団　心愛会　ロイヤル歯科クリニック,加茂市駅前５－１８－２Ｆ,0256-57-1700,医療法人社団　心愛会　理事長　白鳥　茂,白鳥　美歩,歯　小歯　矯歯,,平25. 3. 21,shika
診療所,15,0930419,渡辺歯科医院,加茂市松坂町２－２４,0256-52-0645,野田　眞理子,野田　眞理子,歯　小歯,,令元. 10. 31,shika
診療所,15,0930427,皆川歯科医院,加茂市穀町６－１７,0256-52-0232,皆川　佳徳,皆川　佳徳,歯,,令2. 12. 17,shika
診療所,15,0930435,さくま歯科医院,加茂市幸町１－１２－１４,0256-47-5422,佐久間　慎,佐久間　慎,歯　小歯　歯外,,令7. 7. 1,shika
診療所,15,1030060,中町歯科医院,十日町市下条３丁目４８２番地,025-755-2019,中町　忠詩,中町　忠詩,歯,,昭48. 9. 11,shika
診療所,15,1030235,中央歯科医院,十日町市本町４丁目６２番地,025-752-2797,中林　弘,中林　弘,歯,,昭59. 4. 3,shika
診療所,15,1030243,西野歯科医院,十日町市駅通り２３８番地１,025-752-4346,西野　和之,西野　和之,歯　矯歯　小歯,,昭59. 6. 6,shika
診療所,15,1030318,鈴木歯科医院,十日町市錦町１丁目４８番１号,025-757-2263,鈴木　宏,鈴木　宏,歯　小歯,,昭62. 5. 25,shika
診療所,15,1030334,和歯科医院,十日町市卯１２３番地,025-752-5622,関口　和明,関口　和明,歯,,昭63. 10. 8,shika
診療所,15,1030342,田村歯科医院,十日町市昭和町３丁目２２番地,025-757-8920,医療法人社団　田村歯科医院　理事長　田村　隆英,田村　隆英,歯,,平元. 8. 1,shika
診療所,15,1030359,水沢歯科医院,十日町市馬場丙１５０７,025-758-3358,服部　純一,服部　純一,歯,,平3. 6. 1,shika
診療所,15,1030367,二瓶歯科医院,十日町市四日町１４６２番地,025-752-4888,二瓶　広之,二瓶　広之,歯,,平3. 8. 1,shika
診療所,15,1030375,ホープ歯科クリニック,十日町市寿町２－６－２５,025-752-0525,阿部　正彦,阿部　正彦,歯,,平7. 10. 2,shika
診療所,15,1030433,田中歯科医院,十日町市水口沢６６番地,025-768-4329,田中　溶一,田中　溶一,歯,,昭57. 10. 19,shika
診療所,15,1030490,ひまわり歯科クリニック,十日町市山崎己１４１５,,日笠　理絵,日笠　理絵,歯,,平18. 12. 13,shika
診療所,15,1030524,伊藤歯科クリニック,十日町市松之山１６０３番地２,025-596-2067,伊藤　淳一,伊藤　淳一,歯　小歯,,平22. 11. 1,shika
診療所,15,1030573,中林歯科医院,十日町市七軒町２５９番地７,025-757-2335,中林　靖,中林　靖,歯,,平28. 1. 1,shika
診療所,15,1030623,中条歯科クリニック,十日町市中条甲８２６－９,025-761-7205,医療法人雅美会　理事長　大久保　雅基,小野島　寛子,歯　小歯　矯歯,,令5. 11. 1,shika
診療所,15,1030631,つまり歯科,十日町市高山３丁目４９３－９,025-757-1777,医療法人雅美会　理事長　大久保　雅基,大久保　雅基,歯　歯外　小歯　矯歯,,令7. 10. 1,shika
診療所,15,1030649,蕪木歯科医院,十日町市本町３丁目２番地３,025-752-5380,川村　文子,川村　文子,歯,,令8. 1. 1,shika
診療所,15,1130068,山本歯科医院,見附市新町１丁目９ー３２,0258-62-0434,山本　俊子,山本　俊子,歯,,昭48. 2. 1,shika
診療所,15,1130118,坂田歯科医院,見附市新町２－１－４４,0258-62-0176,坂田　康一,坂田　康一,歯,,昭53. 9. 30,shika
診療所,15,1130241,小坂井歯科クリニック,見附市昭和町２－３－３,0258-63-4111,小坂井　隆,小坂井　隆,歯,,昭63. 9. 9,shika
診療所,15,1130274,金子歯科医院,見附市学校町２－１－５８,0258-62-2620,金子　伝一郎,金子　伝一郎,歯,,平元. 10. 2,shika
診療所,15,1130282,中央歯科水澤,見附市学校町２丁目６番３６号,0258-62-1626,医療法人社団　中央歯科水澤　理事長　水澤　正美,水澤　正美,歯,,平元. 10. 1,shika
診療所,15,1130290,末広歯科,見附市本町４丁目２番３７号,0258-63-4555,星野　弘志,星野　弘志,歯　小歯,,平元. 12. 1,shika
診療所,15,1130308,中島歯科医院,見附市元町２－１－１８,0258-62-0020,中島　郁夫,中島　郁夫,歯　小歯,,平2. 5. 2,shika
診療所,15,1130316,村上歯科医院,見附市南本町２丁目１６番７号,0258-63-3535,医療法人社団　村上歯科医院　理事長　村上　昇,村上　京子,歯,,平3. 4. 1,shika
診療所,15,1130324,はやかわ歯科医院,見附市今町４丁目１０－２１,0258-66-0369,早川　智道,早川　智道,歯　小歯,,平3. 5. 11,shika
診療所,15,1130332,関崎歯科医院,見附市今町５－１７－１８,0258-66-7600,関崎　和夫,関崎　和夫,歯　矯歯,,平3. 11. 1,shika
診療所,15,1130340,金安歯科医院,見附市今町５－４０－７,0258-66-7337,金安　儀則,金安　儀則,歯,,平4. 1. 6,shika
診療所,15,1130415,ひまわり歯科,見附市新町３丁目１１－２４,0258-63-1001,山田　貴行,山田　貴行,歯,,平9. 2. 12,shika
診療所,15,1130423,西澤歯科クリニック,見附市柳橋町２６６－１５,0258-66-8555,西澤　泰朋,西澤　泰朋,歯　小歯,,平10. 5. 23,shika
診療所,15,1130449,大原歯科医院,見附市坂井町１７０２,0258-61-2218,大原　睦,大原　睦,歯,,平13. 8. 1,shika
診療所,15,1130456,さくら歯科医院,見附市本町１－４－７,0258-62-6489,金井　朋隆,金井　朋隆,歯,,平17. 3. 1,shika
診療所,15,1130464,やまざき歯科医院,見附市本町２丁目２－７山崎ビル２Ｆ,0258-62-2346,山崎　勝之,山崎　勝之,歯　小歯,,平17. 11. 21,shika
診療所,15,1130480,山田歯科医院,見附市上新田町４２９－２５,0258-66-2116,医療法人社団　ニイガタクリニック　理事長　梅川　裕司,鶴巻　友美,歯　小歯　歯外　矯歯,,平22. 12. 12,shika
診療所,15,1130498,速水歯科医院,見附市昭和町２丁目９番７号,0258-63-5118,医療法人社団　速水歯科医院　理事長　速水　孝和,速水　孝和,歯　小歯　矯歯,,平28. 12. 1,shika
診療所,15,1130506,つるがや歯科クリニック,見附市本所１丁目９番４１号,0258-94-4120,鶴谷　和明,鶴谷　和明,歯　小歯,,平31. 4. 1,shika
診療所,15,1130514,エルク歯科,見附市葛巻町１６６５－１見附ショッピングセンターＭＩＳＣ－Ｋ棟　１０４号,0258-89-8848,佐藤　英明,佐藤　英明,歯　小歯　歯外,,令4. 1. 1,shika
病院,15,1230173,村上はまなす病院,村上市瀬波中町１２番１８号,0254-53-2890,医療法人　責善会　理事長　吉岡　加那子,須貝　拓朗,歯,,昭61. 5. 20,shika
診療所,15,1230264,緑町歯科クリニック,村上市緑町４丁目２番７３号,0254-53-6677,医療法人社団　佐久間歯科医院　理事長　佐久間　利則,佐久間　利則,歯　矯歯　小歯　歯外,,平4. 4. 1,shika
診療所,15,1230280,中野歯科医院,村上市飯野三丁目１０番１１号,0254-53-7500,医療法人社団　中野医院　理事長　中野　久士,中野　久士,歯　小歯,,平7. 5. 1,shika
診療所,15,1230314,新町歯科医院,村上市新町２－４６,0254-52-7752,佐藤　鶴英,佐藤　鶴英,歯,,平8. 10. 1,shika
診療所,15,1230330,丹田矯正歯科,村上市田端町１０－８　清水屋ビル２Ｆ,0254-50-1515,医療法人社団　丹田会　理事長　丹田　薫,丹田　薫,歯　矯歯　小歯,,平9. 7. 16,shika
診療所,15,1230348,佐久間歯科医院,村上市岩船上町４番３０号,0254-56-7700,医療法人社団　一真会　理事長　佐久間　秀治,佐久間　秀治,歯　小歯　歯外,,平9. 9. 1,shika
診療所,15,1230355,ふじかわ歯科,村上市仲間町５１８番地７０,0254-52-7740,藤川　圭次郎,藤川　圭次郎,歯,,平9. 10. 1,shika
診療所,15,1230397,医療法人社団　幸仁会　さとう歯科クリニック,村上市田端町８－１０,0254-53-8330,医療法人社団　幸仁会　理事長　佐藤　聡,佐藤　聡,歯,,平14. 11. 18,shika
診療所,15,1230421,いわふね歯科クリニック,村上市岩船上町１－１６,0254-56-7744,百瀬　学,百瀬　学,歯　小歯　歯外,,平16. 10. 1,shika
診療所,15,1230447,いいの歯科医院,村上市飯野２－５－６,0254-52-5756,佐藤　雅人,佐藤　雅人,歯,,平18. 5. 1,shika
診療所,15,1230496,藤原歯科診療所,村上市岩船駅前３０－８,0254-56-6393,藤原　喜栄門,藤原　喜栄門,歯　矯歯　小歯　歯外,,平2. 1. 4,shika
診療所,15,1230512,前川歯科クリニック,村上市羽ケ榎１８５－１,0254-62-2867,前川　隆志,前川　隆志,歯　矯歯　小歯,,平3. 11. 25,shika
病院,15,1230520,新潟県立坂町病院,村上市下鍜冶屋５８９番地,0254-62-3111,新潟県病院事業管理者　新潟県病院局長　金井　健一,牧野　邦比古,歯,,平5. 4. 23,shika
診療所,15,1230546,本図歯科医院,村上市府屋１７６－１４３,0254-77-2473,本図　悟,本図　悟,歯,,平7. 12. 6,shika
病院,15,1230561,山北徳新会病院,村上市勝木１３４０ー１,0254-60-5555,医療法人　徳新会　理事長　豊田　國彦,栗野　浩,歯　歯外,,平10. 8. 1,shika
診療所,15,1230579,加藤歯科クリニツク,村上市山口４６８番地１,0254-50-5115,加藤　英敏,加藤　英敏,歯　小歯,,平10. 9. 1,shika
診療所,15,1230587,あさひ歯科医院,村上市岩沢５５６４－１,0254-72-1313,小田　正美,小田　正美,歯,,平16. 1. 1,shika
診療所,15,1230637,鈴木歯科医院,村上市長政２５３番地,0254-62-3040,鈴木　英雄,鈴木　英雄,歯,,平18. 7. 18,shika
診療所,15,1230652,渡辺歯科医院,村上市羽黒町１１番１５号,0254-53-5099,渡邉　賢一,渡邉　賢一,歯,,平20. 8. 1,shika
診療所,15,1230660,佐藤医院,村上市猿沢２２２１,0254-60-2221,医療法人　佐藤医院　理事長　佐藤　和女,佐藤　和女,歯,,平21. 1. 1,shika
診療所,15,1230678,お城山歯科クリニック,村上市新町９－８６,0254-52-1111,医療法人社団　佐藤クリニック　理事長　佐藤　哲,佐藤　哲,歯　歯外　小歯,,平21. 6. 23,shika
診療所,15,1230686,まきの歯科医院,村上市新町１５－１５,0254-52-2880,牧野　和彦,牧野　和彦,歯　小歯,,平21. 4. 24,shika
診療所,15,1230702,エクセレント歯科クリニック　村上医院,村上市猿沢２５８６－１,0254-72-6642,佐藤　理江,佐藤　理江,歯　歯外　小歯　矯歯,,平22. 6. 1,shika
診療所,15,1230736,医療法人社団　さくらい歯科クリニック,村上市北新保字正樹院屋敷５７１番地５５,0254-60-1230,医療法人社団さくらい歯科クリニック　理事長　櫻井　正憲,櫻井　正憲,歯　小歯　矯歯,,平28. 10. 1,shika
診療所,15,1230744,高原歯科医院,村上市塩町１の１５,0254-52-2309,高原　繁,高原　繁,歯,,平30. 4. 24,shika
診療所,15,1230769,おおしま歯科医院,村上市上片町３－３０,0254-53-2417,大島　賢,大島　賢,歯,,令2. 1. 1,shika
診療所,15,1230819,あらかわ歯科クリニック,村上市坂町１５６９番地２,0254-62-1717,桐生　繁喜,桐生　繁喜,歯,,令7. 9. 1,shika
診療所,15,1330205,齋藤歯科医院,燕市秋葉町４丁目６－２７,0256-64-5210,医療法人社団　信和会　理事長　齋藤　信平,齋藤　信平,歯,,昭63. 10. 1,shika
診療所,15,1330213,七里歯科医院,燕市南一丁目１６番地１３号,0256-64-2004,七里　俊雄,七里　俊雄,歯,,平元. 4. 14,shika
診療所,15,1330239,さとう歯科クリニック,燕市井土巻５丁目３３番地,0256-62-4422,佐藤　俊弘,佐藤　俊弘,歯,,平元. 10. 9,shika
診療所,15,1330262,はすみ歯科医院,燕市道金字中曽根８６０－１,0256-62-4182,蓮實　記人,蓮實　記人,歯　矯歯　小歯,,平3. 5. 27,shika
診療所,15,1330270,篠原歯科医院,燕市中央通３丁目６番２０号,0256-66-3111,篠原　哲也,篠原　哲也,歯,,平4. 5. 6,shika
診療所,15,1330288,わたべ歯科クリニック,燕市東太田１２０４－２番地,0256-63-8148,渡部　正人,渡部　正人,歯　小歯,,平6. 7. 5,shika
診療所,15,1330296,筒井歯科医院,燕市本町二丁目３番１０号,0256-62-2593,筒井　裕,筒井　裕,歯,,平11. 1. 9,shika
診療所,15,1330304,奥山歯科医院,燕市杣木３１６７ー１,0256-61-2250,奥山　克史,奥山　克史,歯　矯歯,,平11. 3. 1,shika
診療所,15,1330312,美樹歯科クリニック,燕市水道町４ー４８４ー１,0256-66-4618,柳原　美樹,柳原　美樹,歯　小歯　矯歯,,平12. 7. 25,shika
診療所,15,1330320,江村歯科医院,燕市八王寺７０３,0256-61-5884,江村　兼太郎,江村　兼太郎,歯　小歯,,平13. 10. 11,shika
診療所,15,1330361,八子歯科医院,燕市五千石３６４９－１,0256-98-2520,八子　誠一郎,八子　誠一郎,歯　矯歯　小歯,,昭61. 4. 11,shika
診療所,15,1330379,佐藤歯科医院,燕市分水文京町２－１,0256-98-4181,佐藤　和之,佐藤　和之,歯,,平5. 8. 2,shika
診療所,15,1330387,医療法人社団　なかじま歯科医院,燕市分水学校町１丁目１番１９号,0256-97-1110,医療法人社団　なかじま歯科医院　理事長　中島　正晴,中島　正晴,歯　小歯　歯外,,平5. 9. 1,shika
診療所,15,1330395,穂苅歯科医院,燕市笈ヶ島字興野前１２２３－１,0256-98-6474,穂苅　雅人,穂苅　雅人,歯,,平7. 4. 20,shika
診療所,15,1330403,いとう歯科医院,燕市横田５１９－３,0256-66-5533,伊藤　直之,伊藤　直之,歯　小歯,,平8. 7. 10,shika
診療所,15,1330411,タグチ歯科医院,燕市新興野８番３３号,0256-91-3200,田口　智,田口　智,歯　小歯,,平10. 4. 13,shika
診療所,15,1330429,田邊歯科医院,燕市大川津１１２６－１０,0256-98-0300,田邊　一之,田邊　一之,歯　小歯　矯歯,,平14. 4. 2,shika
病院,15,1330445,新潟県立吉田病院,燕市吉田大保町３２－１４,0256-92-5111,新潟県病院事業管理者　新潟県病院局長　金井　健一,中村　厚夫,歯　歯外,,昭52. 4. 23,shika
診療所,15,1330494,さとう歯科クリニック,燕市吉田文京町２－１５,0256-93-3022,佐藤　浩之,佐藤　浩之,歯,,平元. 5. 22,shika
診療所,15,1330528,河田歯科医院,燕市吉田本所字本地９９－３,0256-93-4608,河田　良二,河田　良二,歯　小歯,,平4. 10. 16,shika
診療所,15,1330536,亀倉歯科医院,燕市吉田堤町１１番５号,0256-92-7393,医療法人社団　亀倉歯科医院　理事長　亀倉　陽一,亀倉　陽一,歯,,平5. 4. 1,shika
診療所,15,1330544,渡部歯科医院,燕市吉田２７８０－２,0256-93-6483,渡部　修也,渡部　修也,歯　小歯　矯歯,,平6. 7. 20,shika
診療所,15,1330551,よしだ歯科クリニック,燕市吉田浜首町２９ー１８,0256-93-5205,吉田　美奈子,吉田　美奈子,歯,,平11. 6. 1,shika
診療所,15,1330577,医療法人社団心愛会　歯のお医者さん　しらとり,燕市吉田３７３８－２,0256-91-1811,医療法人社団　心愛会　理事長　白鳥　茂,中川　由章,歯　小歯　矯歯,,平19. 4. 18,shika
診療所,15,1330585,井手口歯科クリニック,燕市東太田７０４７番地,0256-66-5788,井手口　孝,井手口　孝,歯　小歯,,平20. 7. 14,shika
診療所,15,1330593,デンタルクリニック　ツチヤ,燕市吉田字流間３７５１番地１,0256-93-1182,医療法人社団　デンタルクリニックツチヤ　理事長　土屋　信人,土屋　信人,歯　小歯　矯歯,,平21. 4. 1,shika
診療所,15,1330601,小司歯科医院,燕市吉田東栄町５１－１７,0256-92-2211,小司　利昭,小司　利昭,歯　歯外,,平25. 1. 10,shika
診療所,15,1330619,とさかデンタルクリニック,燕市井土巻２丁目２３７番地,0256-66-3748,登坂　祐介,登坂　祐介,歯　小歯　歯外,,平28. 7. 1,shika
診療所,15,1330627,高井歯科医院,燕市秋葉町三丁目７番２３号,0256-63-2492,高井　晃,高井　晃,歯,,平28. 5. 15,shika
診療所,15,1330635,東町歯科医院,燕市吉田東町３２５７－４,0256-92-7300,医療法人社団　結愛会　理事長　瀧　豊,小林　章人,歯　小歯　歯外,,平29. 7. 1,shika
診療所,15,1330643,親水公園前歯科,燕市吉田下中野３４０６,0256-78-8422,塙　健志,塙　健志,歯　小歯　矯歯　歯外,,平29. 10. 1,shika
診療所,15,1330676,県央ランドマーク歯科,燕市南７丁目１７番９－５号,0256-47-7031,安部　祐策,安部　祐策,歯　小歯,,平30. 11. 1,shika
診療所,15,1330684,石田歯科医院,燕市吉田日之出町２番１１号,0256-93-4194,医療法人社団　石田歯科医院　理事長　石田　健太,石田　健太,歯,,令3. 11. 1,shika
診療所,15,1330692,高桑歯科医院,燕市新町２番３７号,0256-64-2785,医療法人社団　高桑歯科医院　理事長　高桑　雅宣,高桑　雅宣,歯　小歯　矯歯,,令4. 5. 1,shika
診療所,15,1330700,いからし歯科医院,燕市東太田２９７１番地１,0256-64-2174,五十嵐　友樹,五十嵐　友樹,歯　歯外,,令5. 12. 1,shika
診療所,15,1330718,めぐみデンタルクリニック,燕市秋葉町１－８－１１,0256-62-2277,荒澤　恵,荒澤　恵,歯,,令6. 7. 1,shika
診療所,15,1330726,みや歯科医院,燕市地蔵堂本町３丁目６番１号,0256-97-2022,宮本　隆道,宮本　隆道,歯,,令7. 2. 1,shika
診療所,15,1330734,Ｂｏｏｋｍａｒｋ　Ｄｅｎｔａｌ　Ｃｌｉｎｉｃ,燕市吉田２７４８－１,090-5790-9596,坂詰　智美,坂詰　智美,歯　歯外　小歯　矯歯,,令7. 11. 1,shika
診療所,15,1530135,早川歯科医院,糸魚川市大字滝川原字森下７００－１,0255-55-3433,阿部　正,阿部　正,歯,,昭62. 10. 1,shika
診療所,15,1530143,新田歯科医院,糸魚川市南押上２丁目２－２０,0255-52-2131,新田　佐織,新田　佐織,歯,,昭62. 12. 1,shika
診療所,15,1530184,月岡歯科医院,糸魚川市新鉄１－３－３,0255-52-0204,月岡　克郎,月岡　克郎,歯,,平3. 4. 20,shika
病院,15,1530200,厚生連　糸魚川総合病院,糸魚川市大字竹ケ花４５７番地１,0255-52-0280,新潟県厚生農業協同組合連合会　代表理事理事長　塚田　芳久,山岸　文範,歯,,平3. 12. 1,shika
診療所,15,1530226,倉石歯科医院,糸魚川市東寺町２－２－６３,0255-50-6155,倉石正哉,倉石　正哉,歯　小歯,,平13. 10. 1,shika
診療所,15,1530234,インター歯科,糸魚川市横町５－５－２４,0255-52-2341,医療法人社団正仁会　インター歯科　理事長　竹内　利之,竹内　利之,歯　矯歯　小歯　歯外,,平13. 10. 1,shika
診療所,15,1530259,永野歯科・矯正歯科医院,糸魚川市本町１０番１号,0255-52-1259,医療法人社団愛永会　理事長　永野　正司,永野　正司,歯　矯歯,,平15. 9. 1,shika
診療所,15,1530275,森歯科医院,糸魚川市大字田海５３３３番地,0255-62-2154,森　道弘,森　道弘,歯　小歯　矯歯,,昭60. 10. 1,shika
診療所,15,1530283,渡辺歯科医院,糸魚川市大字須沢３４５９番地,0255-62-5525,渡辺　正,渡辺　正,歯,,平2. 5. 8,shika
診療所,15,1530291,藤浪歯科医院,糸魚川市大字青海４６０８－１,0255-62-5881,藤浪　孝憲,藤浪　孝憲,歯,,平4. 11. 9,shika
診療所,15,1530309,高鳥歯科医院,糸魚川市大字能生７００６番地,0255-66-2040,高鳥　健一,高鳥　健一,歯　小歯,,平5. 6. 1,shika
診療所,15,1530317,山岸歯科医院,糸魚川市大字能生２３１８－１,0255-66-4488,山岸　正幸,山岸　正幸,歯,,平6. 7. 20,shika
診療所,15,1530325,すがはら歯科医院,糸魚川市大字須沢２６３６,025-562-1182,菅原　陽明,菅原　陽明,歯　歯外　小歯　矯歯,,平20. 10. 1,shika
診療所,15,1530358,あべ歯科クリニック,糸魚川市新鉄２丁目１２番１４号,025-552-0214,阿部　泰志,阿部　泰志,歯　矯歯　歯外,,令元. 7. 1,shika
病院,15,1630075,厚生連　けいなん総合病院,妙高市田町２丁目４番７号,0255-72-3161,新潟県厚生農業協同組合連合会　代表理事理事長　塚田　芳久,平野　正明,歯外,,昭53. 1. 1,shika
診療所,15,1630133,ながの歯科医院,妙高市諏訪町２丁目６－３１,0255-72-7500,永野　和久,永野　和久,歯,,平4. 10. 2,shika
診療所,15,1630141,廣瀬歯科クリニック,妙高市田町１－５－１２,0255-73-8855,廣瀬　和人,廣瀬　和人,歯,,平6. 3. 21,shika
診療所,15,1630158,山口歯科医院,妙高市姫川原９２６番地４,0255-72-1260,山口　武之,山口　武之,歯　矯歯,,平9. 2. 1,shika
診療所,15,1630166,わくい歯科クリニック,妙高市柳井田町２丁目１２番１号,0255-72-7200,涌井　孝幸,涌井　孝幸,歯　矯歯　小歯　歯外,,平10. 10. 12,shika
診療所,15,1630174,うちやま歯科医院,妙高市栗原二丁目５番４号,0255-73-8340,内山　奈津子,内山　奈津子,歯,,平12. 9. 1,shika
診療所,15,1630190,横尾歯科医院,妙高市東雲町６－１４,0255-72-2630,横尾　宗一,横尾　宗一,歯,,平15. 5. 1,shika
診療所,15,1630216,小嶋歯科医院,妙高市関山２１２３の１,0255-82-2046,小嶋　祥功,小嶋　祥功,歯,,昭63. 4. 1,shika
診療所,15,1630232,池田歯科医院,妙高市中町４－１０,025-572-2153,池田　博康,池田　博康,歯　歯外　小歯　矯歯,,平20. 3. 28,shika
診療所,15,1630240,谷口歯科クリニック,妙高市白山町４－５－６,0255-73-8030,谷口　伸張,谷口　伸張,歯　小歯,,平22. 4. 1,shika
診療所,15,1630257,増村歯科医院,妙高市東雲町４－５,0255-72-2243,藤内　典子,藤内　典子,歯,,平22. 11. 10,shika
診療所,15,1630273,小嶋歯科医院,妙高市大字関川１０－１３,0255-86-2243,小嶋　基,小嶋　基,歯,,平25. 11. 1,shika
診療所,15,1730206,笹川歯科医院,五泉市泉町１丁目４－１２,0250-43-5109,笹川　真司,笹川　真司,歯,,昭61. 7. 1,shika
診療所,15,1730214,浅井歯科医院,五泉市駅前２丁目６番１２号,0250-43-0170,医療法人社団　浅井歯科医院　理事長　浅井　豊,浅井　豊,歯,,昭61. 12. 1,shika
診療所,15,1730230,長谷川歯科医院,五泉市伊勢の川４の１３,0250-43-5800,長谷川　寛,長谷川　寛,歯　小歯,,平元. 5. 8,shika
診療所,15,1730305,亀嶋歯科医院,五泉市本町２丁目３番３０号,0250-42-3042,北村　旬子,北村　旬子,歯,,平6. 3. 17,shika
診療所,15,1730313,河辺歯科医院,五泉市東本町２－８－４４,0250-42-2425,河辺　昌秀,河辺　昌秀,歯　歯外　小歯,,平9. 3. 1,shika
診療所,15,1730321,武田歯科クリニツク,五泉市木越１９９８番地１,0250-41-0313,武田　明義,武田　明義,歯　矯歯　小歯　歯外,,平10. 9. 1,shika
診療所,15,1730339,はらだ歯科医院,五泉市本町１ー９ー７,0250-42-0163,原田　学,原田　学,歯　小歯,,平11. 11. 15,shika
診療所,15,1730354,あおば歯科,五泉市赤海字下島８４１ー１,0250-58-9720,長谷川　敏樹,長谷川　敏樹,歯　小歯,,平12. 7. 13,shika
診療所,15,1730362,川上歯科,五泉市論瀬５９７５ー１４,090-2725-0858,医療法人社団　大翔会　理事長　村山　千江子,村山　千江子,歯　小歯,,平12. 11. 1,shika
診療所,15,1730370,小林歯科医院,五泉市東本町２丁目５ー４,0250-42-4362,小林　信之,小林　信之,歯　矯歯　小歯,,平13. 4. 1,shika
診療所,15,1730388,わたなべ歯科クリニック,五泉市南本町２丁目３－１２,0250-42-1366,渡邊　大,渡邊　大,歯　小歯,,平17. 4. 1,shika
診療所,15,1730404,佐藤歯科医院,五泉市村松乙６３３,0250-58-6251,佐藤　典,佐藤　典,歯,,昭57. 1. 1,shika
診療所,15,1730420,鈴木歯科医院,五泉市村松甲２５８３－１,0250-58-2822,鈴木　和久,鈴木　和久,歯　小歯　歯外,,昭61. 4. 7,shika
診療所,15,1730453,医療法人社団　いいはま歯科クリニック,五泉市村松甲２１９０番地１,0250-58-1182,医療法人社団いいはま歯科クリニック　理事長　飯濱　剛,飯濱　剛,歯　歯外　矯歯,,平13. 4. 1,shika
診療所,15,1730495,加藤歯科医院,五泉市旭町８番３３号,0250-43-0398,加藤　健介,加藤　健介,歯　小歯　歯外,,平26. 4. 2,shika
診療所,15,1730503,あこみ歯科クリニック,五泉市赤海２丁目１５６－４,0250-41-1631,石井　多恵子,石井　多恵子,歯　小歯,,平26. 7. 1,shika
診療所,15,1730529,大歯科医院,五泉市三本木３０３３番地,0250-47-5017,医療法人　大歯科医院　理事長　五十嵐　大,五十嵐　大,歯　歯外　小歯　矯歯,,平29. 11. 1,shika
診療所,15,1730552,金丸歯科医院,五泉市駅前２丁目７番５２号,0250-43-3870,医療法人社団　泉会　理事長　金丸　祥平,金丸　祥平,歯　歯外　小歯,,令4. 12. 1,shika
病院,15,0330180,高田西城病院,上越市西城町２丁目８番３０号,025-523-2139,医療法人　高田西城会　理事長　川室　優,川室　優,歯,,昭47. 10. 5,shika
診療所,15,0330677,中嶋歯科医院,上越市本町４丁目３番１８号,025-525-2148,中嶋　謙介,中嶋　謙介,歯,,昭60. 3. 13,shika
診療所,15,0330735,古舘歯科医院,上越市南城町１丁目９－１８,025-522-0066,古舘　厚,古舘　厚,歯,,昭61. 10. 1,shika
診療所,15,0330750,医療法人社団　佐藤歯科医院,上越市本町６丁目２番１号,025-523-8445,医療法人社団　佐藤歯科医院　理事長　竹中　高子,竹中　高子,歯,,昭61. 12. 1,shika
診療所,15,0330792,須藤歯科医院,上越市西本町４丁目６－１５,025-544-6281,須藤　亜希雄,須藤　亜希雄,歯　小歯,,昭62. 5. 11,shika
診療所,15,0330826,神岡歯科医院,上越市西城町三丁目１－１４,025-525-1817,神岡　真佐志,神岡　真佐志,歯　小歯,,昭63. 8. 6,shika
診療所,15,0330834,小林歯科医院,上越市中央１丁目１８－１１,025-543-3335,増井　弘美,増井　弘美,歯,,平元. 8. 1,shika
診療所,15,0330883,藤戸歯科,上越市春日新田１丁目１９－４,025-544-6161,藤戸　信之,藤戸　信之,歯,,平元. 10. 2,shika
診療所,15,0331022,三上歯科医院,上越市仲町２丁目３番１２号,025-522-5288,医療法人社団　三上歯科医院　理事長　三上　慶,三上　敦,歯,,平元. 10. 1,shika
診療所,15,0331055,小林歯科医院,上越市本町１丁目５番２号,025-526-1000,小林　由明,小林　由明,歯　小歯,,平3. 4. 23,shika
診療所,15,0331063,長谷川歯科医院,上越市大和１丁目７番６号,025-525-9074,長谷川　栄子,長谷川　栄子,歯,,平3. 4. 20,shika
診療所,15,0331071,つばめ歯科医院,上越市大豆２丁目４－１２,025-545-1262,小島　雅之,小島　雅之,歯,,平3. 9. 1,shika
診療所,15,0331097,さかもと歯科医院,上越市北城町１丁目６４７－２,025-526-4618,坂本　一朗,坂本　一朗,歯,,平3. 10. 1,shika
診療所,15,0331113,よしだ歯科医院,上越市栄町２丁目１番１９号,025-545-3755,吉田　隆,吉田　隆,歯,,平5. 4. 12,shika
診療所,15,0331154,大塚歯科医院,上越市鴨島１丁目２番７号,025-526-6220,大塚　龍夫,大塚　龍夫,歯,,平8. 5. 1,shika
診療所,15,0331162,戸野目歯科医院,上越市平成町１９番地,025-526-3877,青山　富雄,青山　富雄,歯　矯歯,,平8. 5. 1,shika
診療所,15,0331170,中村歯科医院,上越市中央１－２６－２３,025-543-2568,中村　明,中村　明,歯,,平8. 5. 2,shika
診療所,15,0331188,クラーク歯科医院,上越市春日野１丁目１４番１１号,025-522-5522,髙橋　秀雄,髙橋　秀雄,歯　矯歯　小歯　歯外,,平9. 7. 22,shika
病院,15,0331204,新潟県立中央病院,上越市新南町２０５番地,025-522-7711,新潟県病院事業管理者　新潟県病院局長　金井　健一,田部　浩行,歯外,,平9. 8. 1,shika
診療所,15,0331212,医療法人徳真会　松村歯科上越診療所,上越市春日野一丁目４番１７号,025-522-6001,医療法人　徳真会　理事長　松村　厚子,中嶋　宏樹,歯　小歯　矯歯,,平9. 8. 1,shika
診療所,15,0331220,さとう歯科クリニック,上越市南本町３－６－１０,025-521-4118,佐藤　正孝,佐藤　正孝,歯,,平10. 5. 9,shika
診療所,15,0331238,池田歯科医院,上越市大字飯７４４ー２,025-523-8341,池田　恵,池田　恵,歯　小歯,,平10. 9. 7,shika
診療所,15,0331246,ひまわり歯科医院,上越市福田７３９ー８,025-531-1030,杉澤　洋平,杉澤　洋平,歯,,平10. 11. 4,shika
診療所,15,0331253,赤川歯科クリニック,上越市高土町１ー４ー１６,025-525-6480,赤川　将,赤川　将,歯　矯歯　小歯,,平11. 9. 2,shika
診療所,15,0331279,医療法人社団　浜歯科医院,上越市昭和町２丁目１２番３号,025-523-0150,医療法人社団　浜歯科医院　理事長　濱　巧一,濱　巧一,歯　小歯　矯歯,,平11. 9. 1,shika
診療所,15,0331287,たいき歯科医院,上越市藤野新田１１８３,025-521-5525,山岸　公尚,山岸　公尚,歯　小歯,,平11. 12. 20,shika
診療所,15,0331303,相馬歯科医院,上越市大字黒井字仲町１８８７番地,025-539-5168,相馬　陽,相馬　陽,歯　小歯　歯外,,平13. 11. 6,shika
診療所,15,0331329,加藤歯科クリニック,上越市大字西田中２２７番地,025-521-0600,加藤　拓,加藤　拓,歯　小歯,,平15. 4. 28,shika
診療所,15,0331345,東雲くろだ歯科医院,上越市東雲町２丁目９番１７号,025-544-5850,黒田　陽,黒田　陽,歯　小歯　矯歯　歯外,,平15. 8. 20,shika
診療所,15,0331352,小林歯科クリニック,上越市大貫四丁目６－１４,025-522-8123,小林　龍彰,小林　龍彰,歯　歯外　小歯,,平15. 8. 5,shika
診療所,15,0331360,原矯正歯科,上越市大手町５－４５,025-526-5800,原　省司,原　省司,矯歯,,平15. 10. 1,shika
診療所,15,0331386,小菅歯科医院,上越市浦川原区有島１２,025-599-2354,小菅　浩,小菅　浩,歯,,昭54. 8. 1,shika
診療所,15,0331394,飯原歯科医院,上越市安塚区安塚９４２番地の２,025-592-2075,飯原　仁,飯原　仁,歯,,平13. 4. 1,shika
診療所,15,0331402,丸田歯科医院,上越市浦川原区顕聖寺２１９番地,025-599-2051,丸田　良和,丸田　良和,歯,,平13. 9. 1,shika
診療所,15,0331428,五十嵐歯科医院,上越市大潟区渋柿浜１６０番地,025-534-2735,五十嵐　晴敏,五十嵐　晴敏,歯,,昭38. 10. 11,shika
診療所,15,0331469,小山歯科医院,上越市大潟区潟町８５番地,025-534-2411,医療法人社団　小山歯科医院　理事長　小山　敏,小山　敏,歯,,平2. 4. 1,shika
診療所,15,0331493,くびき歯科医院,上越市頸城区百間町７２５番地,025-530-2700,五十嵐　文雄,五十嵐　文雄,歯　小歯　歯外,,平3. 5. 1,shika
診療所,15,0331501,佐藤歯科医院,上越市板倉区針４２０－２１,0255-78-3151,佐藤　哲也,佐藤　哲也,歯,,平3. 12. 2,shika
診療所,15,0331568,下黒川歯科医院,上越市柿崎区柳ケ崎字柳田１２１番１,025-535-2780,倉茂　章,倉茂　章,歯,,平13. 8. 20,shika
診療所,15,0331576,三和ファミリー歯科医院,上越市三和区川浦２２４６番地,025-532-4848,片海　ひな子,片海　ひな子,歯　小歯　矯歯,,平15. 8. 4,shika
診療所,15,0331600,清里歯科診療所,上越市清里区岡野町１６２３番地,025-528-4180,上越市　上越市長　小菅　淳一,片海　正明,歯,,平17. 1. 1,shika
診療所,15,0331618,上越市国民健康保険牧診療所,上越市牧区柳島４３７番地,025-533-5045,上越市　上越市長　小菅　淳一,宮本　佳織,歯,,平17. 1. 1,shika
診療所,15,0331626,大島村歯科診療所,上越市大島区岡３３８８－９,025-594-3930,古屋　一裕,古屋　一裕,歯,,平17. 1. 1,shika
診療所,15,0331634,羽尾歯科医院春日山,上越市春日山町３－１８－４１,025-527-4618,医療法人社団　羽尾歯科医院　理事長　羽尾　博嗣,羽尾　博嗣,歯　小歯　歯外　矯歯,,平17. 4. 25,shika
診療所,15,0331659,犀浜デンタルクリニック,上越市大潟区下小船津浜１１５３－４,,俵木　修,俵木　修,歯　小歯　歯外　矯歯,,平17. 8. 15,shika
診療所,15,0331675,安江たなか歯科医院,上越市安江２丁目５６１－６,025-544-4618,田中　紀裕,田中　紀裕,歯,,平17. 12. 8,shika
診療所,15,0331691,鈴木歯科医院,上越市五智１－１５－２５,025-543-8177,鈴木　功,鈴木　功,歯　矯歯　小歯　歯外,,平18. 3. 15,shika
病院,15,0331709,新潟県厚生農業協同組合連合会　上越総合病院,上越市大道福田６１６番地,025-524-3000,新潟県厚生農業協同組合連合会　代表理事理事長　塚田　芳久,篭島　充,歯外,,平18. 4. 1,shika
診療所,15,0331717,水野歯科クリニック,上越市本町５丁目３－２３,025-525-7087,水野　吉広,水野　吉広,歯　矯歯　歯外,,平18. 5. 1,shika
診療所,15,0331725,さくら歯科,上越市板倉区稲増１５１番６１,0255-78-5037,齋藤　修,齋藤　修,歯,,平19. 1. 1,shika
診療所,15,0331741,青山歯科医院,上越市春日野１－４－１０,025-523-5440,青山　隆一,青山　隆一,歯　小歯　歯外,,平19. 7. 9,shika
診療所,15,0331774,土肥歯科医院,上越市中央３－１５－５,025-543-2097,土肥　陽一,土肥　陽一,歯　小歯　矯歯,,平20. 4. 1,shika
診療所,15,0331790,医療法人社団　和久井歯科医院,上越市北本町２丁目３番３号,025-524-5266,医療法人社団　和久井歯科医院　理事長　和久井　千佳子,和久井　千佳子,歯　小歯,,平20. 10. 10,shika
診療所,15,0331808,かるがも歯科・矯正歯科,上越市木田新田２－１４８,025-525-6400,医療法人社団　かるがも歯科・矯正歯科　理事長　新部　洋史,新部　洋史,歯　矯歯　小歯,,平20. 11. 1,shika
診療所,15,0331816,医療法人　厚徳会　まつむら歯科　高田診療所,上越市北城町３丁目１番３０号,025-521-6780,医療法人　厚徳会　理事長　辻　哲範,辻　哲範,歯　矯歯　小歯　歯外,,平20. 12. 7,shika
診療所,15,0331824,三折堂いがらし歯科医院,上越市三和区錦２８９番地４,025-532-2595,医療法人社団　三折堂　理事長　五十嵐　達紀,五十嵐　みね子,歯,,平21. 5. 1,shika
診療所,15,0331832,名立歯科診療所,上越市名立区名立大町１９６,025-537-2051,医療法人社団　飯島歯科医院　理事長　飯島　正,飯島　正,歯,,平21. 9. 1,shika
診療所,15,0331840,いわふね歯科クリニック,上越市中田原１６０－４２,025-525-2340,岩舩　素子,岩舩　素子,歯　小歯,,平21. 10. 1,shika
診療所,15,0331857,田嶋歯科医院,上越市中通町８－２３,025-523-6398,田嶋　志織,田嶋　志織,歯,,平22. 1. 1,shika
診療所,15,0331865,しろデンタルクリニック,上越市大町４丁目３－３３,025-525-4618,西村　理絵,西村　理絵,歯　歯外　小歯,,平22. 12. 24,shika
診療所,15,0331873,畑歯科医院,上越市とよば１０７イル・クオーレとよば１階,025-526-8841,畑　秀一,畑　秀一,歯　小歯　歯外,,平23. 7. 18,shika
診療所,15,0331881,スマイル歯科クリニック,上越市東城町３丁目８番２５号,025-524-2518,笹原　純,笹原　純,歯　小歯,,平23. 10. 1,shika
診療所,15,0331915,中島歯科医院,上越市大潟区潟町６９６－４,025-534-2626,中島　かるら,中島　かるら,歯　小歯　矯歯,,平24. 4. 15,shika
診療所,15,0331949,きたしろ歯科診療所,上越市東本町５－２－５９,025-526-8118,医療法人社団　よつばの会　理事長　金谷　史夫,金谷　史夫,歯　小歯　矯歯,,平25. 9. 1,shika
診療所,15,0331956,水野歯科医院,上越市板倉区針１１６５－８,0255-78-2394,水野　巨樹,水野　巨樹,歯　小歯,,平25. 11. 12,shika
診療所,15,0331964,医療法人社団　木村歯科クリニック,上越市木田１－１－１１,025-524-4618,医療法人社団　木村歯科クリニック　理事長　木村　正子,木村　正子,歯　小歯　矯歯　歯外,,平26. 1. 1,shika
診療所,15,0331972,大山歯科医院,上越市大潟区犀潟８３５,,大山　賢司,大山　賢司,歯　小歯　歯外,,平26. 4. 21,shika
診療所,15,0331980,小出歯科医院,上越市柿崎区柿崎６１０８の１,025-536-2530,小出　光,小出　光,歯,,平26. 3. 1,shika
診療所,15,0331998,太田歯科医院,上越市大町４－３－３４,025-523-3263,太田　聡,太田　聡,歯,,平26. 11. 1,shika
診療所,15,0332004,万代歯科クリニック,上越市新光町２－２－５,025-522-1217,医療法人社団　万代歯科クリニック　理事長　萬羽　晴一,萬羽　晴一,歯,,平27. 4. 1,shika
診療所,15,0332012,平野歯科医院,上越市港町２－５－２,025-544-4848,平野　龍紀,平野　龍紀,歯　小歯　矯歯　歯外,,平27. 5. 9,shika
診療所,15,0332020,折笠歯科医院,上越市大学前３３,025-526-3008,医療法人社団　折笠歯科医院　理事長　折笠　紀晶,折笠　紀晶,歯,,平27. 10. 1,shika
診療所,15,0332038,医療法人社団　ハート歯科クリニック,上越市西城町１－４－３１,025-522-8010,医療法人社団　ハート歯科クリニック　理事長　三箇　満,三箇　満,歯　小歯　矯歯　歯外,,平28. 5. 1,shika
診療所,15,0332046,あおき歯科・矯正歯科クリニック,上越市下門前１８０５番地,025-520-4180,医療法人社団　親曜会　理事長　青木　義親,青木　義親,歯　小歯　矯歯　歯外,,平28. 5. 1,shika
診療所,15,0332053,南川歯科クリニック,上越市頸城区下吉２２８－２６,025-543-8011,佐野　瑞樹,佐野　瑞樹,歯　小歯,,平29. 3. 19,shika
診療所,15,0332061,八木歯科医院,上越市吉川区原之町２０３７－３,025-548-2114,八木　寿顕,八木　寿顕,歯,,平29. 4. 1,shika
診療所,15,0332079,おおしま歯科クリニック,上越市国府１丁目２４－１０,025-544-0118,大嶋　美惠,大嶋　美惠,歯　小歯　矯歯,,平30. 4. 13,shika
診療所,15,0332087,あおの歯科診療所,上越市青野２４３－１,025-520-8446,塚本　康巳,塚本　康巳,歯　小歯　歯外,,平30. 6. 1,shika
診療所,15,0332095,くすのき歯科クリニック,上越市大字下荒浜４２３番地１,025-543-3009,矢冨　政則,矢冨　政則,歯　小歯,,平30. 7. 28,shika
診療所,15,0332103,楡井歯科医院,上越市柿崎区柿崎６５５６,025-536-2620,医療法人社団　楡井歯科医院　理事長　楡井　喜一,楡井　喜一,歯　小歯　歯外,,令2. 6. 12,shika
診療所,15,0332111,わたなべ歯科,上越市土橋２７７１番地,025-520-8819,渡邉　充,渡邉　充,歯　小歯,,令3. 1. 1,shika
診療所,15,0332129,一般社団法人上越歯科医師会　上越休日歯科・障がい者歯科診療センター,上越市新光町１丁目８－１１,025-523-5775,一般社団法人　上越歯科医師会　会長　山岸　公尚,山岸　公尚,歯,,令2. 12. 6,shika
診療所,15,0332145,星野歯科医院,上越市柿崎区上下浜４９６番地,025-536-3116,医療法人社団　星野歯科医院　理事長　星野　壽幸,星野　壽幸,歯,,令4. 9. 1,shika
診療所,15,0332152,櫻井歯科医院,上越市大和１－１－４,025-526-9750,櫻井　佑,櫻井　佑,歯　小歯　歯外,,令5. 3. 1,shika
診療所,15,0332160,Ｄｅｎｔａｌ　ＮＥＳＴ　Ｒｅｇａｌｏ,上越市下門前２２５５,025-520-8255,田中　弘貴,田中　弘貴,歯　小歯　矯歯　歯外,,令5. 9. 1,shika
診療所,15,0332178,山崎歯科医院,上越市中郷区江口４４３－２,0255-74-2468,山﨑　昭宏,山﨑　昭宏,歯　小歯　歯外,,令5. 12. 8,shika
診療所,15,0332186,永井歯科医院,上越市南本町２丁目６番３４号,025-523-5040,永井　謙,永井　謙,歯,,令6. 5. 1,shika
診療所,15,0332194,デンタルオフィスＫ,上越市上源入６３４－４,025-530-7957,医療法人社団三上歯科医院　理事長　三上　慶,三上　慶,歯　歯外,,令6. 5. 1,shika
診療所,15,0332202,おおてまち歯科医院,上越市大手町３－２６,025-525-2584,笹原　華子,笹原　華子,歯　小歯,,令7. 10. 1,shika
診療所,15,0332210,五智歯科クリニック,上越市五智１丁目１３番１０号,025-544-1133,医療法人社団　五智歯科クリニック　理事長　丸田　隆司,丸田　隆司,歯　小歯　歯外,,令7. 8. 1,shika
診療所,15,0332228,かんど歯科・小児歯科クリニック,上越市富岡３１０６番地,025-522-8001,神戸　正人,神戸　正人,歯　小歯　矯歯,,令8. 2. 1,shika
病院,15,8930080,独立行政法人国立病院機構　さいがた医療センター,上越市大潟区犀潟４６８の１,025-534-3131,独立行政法人国立病院機構　理事長　新木　一弘,佐久間　寛之,歯,,昭53. 7. 1,shika
診療所,15,2130026,猪股歯科医院,阿賀野市岡山町１３－３７,0250-62-1222,猪股　文明,猪股　文明,歯　小歯　歯外,,昭58. 5. 6,shika
診療所,15,2130059,アイザワ歯科医院,阿賀野市北本町４番５号,0254-62-1224,相沢　雄司,相沢　雄司,歯,,昭61. 6. 25,shika
診療所,15,2130067,緑岡歯科医院,阿賀野市緑岡３－１,0250-67-2777,渡邉　他鶴,渡邉　他鶴,歯,,昭61. 11. 1,shika
診療所,15,2130083,よしだ歯科医院,阿賀野市山口町１丁目６－８,0250-62-0139,吉田　常男,吉田　常男,歯　小歯,,平元. 10. 26,shika
診療所,15,2130091,冨田歯科医院,阿賀野市中央町１丁目５－１,0250-62-2163,冨田　直志,冨田　直志,歯,,平5. 10. 1,shika
診療所,15,2130109,山浦歯科医院,阿賀野市寺社甲１６０－３,0250-68-5763,山浦　薫,山浦　薫,歯,,平5. 10. 1,shika
診療所,15,2130117,こばやし歯科医院,阿賀野市榎船渡１１１,0250-63-2626,小林　秀人,小林　秀人,歯　矯歯　小歯,,平6. 4. 11,shika
診療所,15,2130125,医療法人　厚徳会　まつむらデンタルクリニック,阿賀野市百津町９番３６号,0250-62-2151,医療法人　厚徳会　理事長　辻　哲範,川邊　万記翁,歯　矯歯　小歯　歯外,,平6. 4. 1,shika
診療所,15,2130133,にらさわ歯科医院,阿賀野市中央町２丁目１３－１４,0250-63-2888,韮澤　敏,韮澤　敏,歯,,平9. 6. 23,shika
診療所,15,2130166,さの歯科クリニック,阿賀野市保田１７６８－１,0250-68-1110,佐野　俊哉,佐野　俊哉,歯　小歯,,平10. 11. 20,shika
診療所,15,2130174,京ケ瀬歯科医院,阿賀野市姥ケ橋９９８番地１,0250-67-2611,田尻　博志,田尻　博志,歯,,平14. 1. 5,shika
診療所,15,2130190,阿部歯科医院,阿賀野市外城町１７－３２,0250-62-2148,阿部　高道,阿部　高道,歯,,平15. 10. 25,shika
病院,15,2130208,あがの市民病院,阿賀野市岡山町１３－２３,0250-62-2780,阿賀野市　阿賀野市長　加藤　博幸,藤森　勝也,歯外,,平16. 4. 1,shika
診療所,15,2130216,かねこ歯科医院,阿賀野市百津町４－２９,0250-63-9200,金子　進,金子　進,歯　小歯　矯歯　歯外,,平19. 7. 13,shika
診療所,15,2130224,斎藤歯科医院,阿賀野市中央町１丁目１１番２２号,0250-62-2023,斉藤　和俊,斉藤　和俊,歯,,平19. 8. 29,shika
診療所,15,2130240,たかはし歯科クリニック,阿賀野市中島町７－４,0250-25-7581,高橋　希,高橋　希,歯　小歯　歯外　矯歯,,平28. 5. 1,shika
診療所,15,2230057,嶋田歯科医院,佐渡市両津夷１９７－１,0259-23-5400,嶋田　正也,嶋田　正也,歯,,平10. 11. 1,shika
診療所,15,2230131,本田歯科医院,佐渡市真野新町４４４,0259-55-2159,本田　亘,本田　亘,歯,,昭59. 7. 1,shika
診療所,15,2230172,山岡歯科医院,佐渡市上長木３５８－２,0259-52-2361,山岡　秀樹,山岡　秀樹,歯　小歯,,平元. 9. 21,shika
診療所,15,2230180,ミドリ歯科医院,佐渡市河原田諏訪町８０－４新潟交通佐和田ビル２Ｆ,0259-52-3134,渡部　尚,渡部　尚,歯,,平2. 1. 26,shika
診療所,15,2230214,隅田歯科医院,佐渡市泉甲６６１－１,0259-63-3220,隅田　光弘,隅田　光弘,歯　小歯,,平10. 2. 7,shika
診療所,15,2230248,ふじい歯科,佐渡市小木町２１２０－２,0259-86-2717,藤井　賢一郎,藤井　賢一郎,歯　小歯　矯歯,,平12. 4. 3,shika
診療所,15,2230271,本間歯科医院,佐渡市河原田諏訪町１９６,0259-51-0555,本間　泰裕,本間　泰裕,歯　小歯　矯歯　歯外,,平15. 7. 11,shika
診療所,15,2230289,佐渡市赤泊診療所,佐渡市赤泊２２０６番地３,0259-87-3170,佐渡市　佐渡市長　渡辺　竜五,佐々木　良文,歯,,平16. 3. 1,shika
病院,15,2230362,新潟県厚生農業協同組合連合会　佐渡総合病院,佐渡市千種１６１番地,0259-63-3121,新潟県厚生農業協同組合連合会　代表理事理事長　塚田　芳久,佐藤　賢治,歯　歯外,,平23. 11. 1,shika
診療所,15,2230370,医療法人おけさ会　小木歯科クリニック,佐渡市小木町１９７４番地,0259-86-2898,医療法人おけさ会　理事長　近藤　拓,時田　君彦,歯　小歯,,平24. 12. 1,shika
診療所,15,2230388,酒井歯科医院,佐渡市羽茂本郷４０６－１,0259-88-2929,木下　昭博,木下　昭博,歯　小歯　歯外,,平25. 4. 1,shika
診療所,15,2230396,山中歯科医院,佐渡市河原田本町２５９,0259-52-2232,山中　彰久,山中　彰久,歯,,平26. 6. 1,shika
診療所,15,2230404,ほんま歯科医院,佐渡市両津湊２２６－３,0259-23-2873,本間　康平,本間　康平,歯　小歯,,平28. 10. 11,shika
診療所,15,2230412,まもる歯科,佐渡市相川羽田町５８番地,0259-74-2134,渡部　守,渡部　守,歯　小歯　矯歯,,平28. 12. 22,shika
診療所,15,2230438,いしもと歯科,佐渡市両津湊１７８,0259-23-2533,石本　裕子,石本　裕子,歯　小歯　歯外　矯歯,,令4. 6. 1,shika
診療所,15,2230446,佐和田歯科クリニック,佐渡市東大通１２８４番地,0259-57-2088,医療法人おけさ会　理事長　近藤　拓,近藤　拓,歯　矯歯　小歯　歯外,,令4. 11. 1,shika
診療所,15,2230461,はたの歯科医院,佐渡市畑野甲４４２－２,0259-66-3119,猪本　正人,猪本　正人,歯,,令8. 5. 1,shika
診療所,15,2230479,田中歯科医院,佐渡市両津湊２７９,0259-27-2416,田中　康貴,田中　康貴,歯,,令8. 5. 1,shika
診療所,15,2330014,黒岩歯科医院,魚沼市佐梨６４５－８,025-792-6175,黒岩　茂,黒岩　茂,歯,,昭52. 12. 13,shika
診療所,15,2330022,医療法人社団星歯科医院,魚沼市井口新田３１２－２,025-792-6655,医療法人社団　星歯科医院　理事長　星　隆夫,関　明仁,歯　矯歯　小歯,,昭61. 12. 1,shika
診療所,15,2330048,石上歯科医院,魚沼市堀之内４０１１－８,025-794-2201,医療法人社団　双也会　理事長　石上　也澄志,石上　也澄志,歯,,平元. 10. 1,shika
診療所,15,2330071,高木歯科クリニック,魚沼市稲荷町１丁目１２番地,025-792-9330,高木　勝也,高木　勝也,歯,,平4. 10. 1,shika
診療所,15,2330105,かみむら歯科医院,魚沼市井口新田１５７－１,025-793-1220,上村　正人,上村　正人,歯,,平9. 9. 11,shika
診療所,15,2330113,さとう歯科医院,魚沼市井口新田９４８ー６,025-793-2172,佐藤　公彦,佐藤　公彦,歯　小歯,,平12. 2. 1,shika
診療所,15,2330196,おがわ歯科クリニック,魚沼市小出島３２１番地１,025-792-7751,医療法人社団　おがわ歯科クリニック　理事長　小川　英幸,小川　英幸,歯　矯歯　小歯　歯外,,平18. 4. 1,shika
診療所,15,2330238,ゆのたに歯科,魚沼市井口新田５４７－１２,025-792-6373,磯貝　義人,磯貝　義人,歯,,平29. 4. 1,shika
診療所,15,2330253,星歯科医院,魚沼市四日町１９番地２,025-792-0066,医療法人　星仁会　理事長　星　嵩,星　嵩,歯　小歯　矯歯,,令4. 11. 17,shika
診療所,15,2330261,守門みまもり歯科,魚沼市須原１２３７－１守門健康センター内,025-793-7878,木多　伸彰,木多　伸彰,歯,,令6. 12. 1,shika
診療所,15,2430053,五日町病院附属歯科診療所,南魚沼市五日町２３２４番地,025-776-2790,医療法人　越南会　理事長　小川　杉子,星野　研,歯,,昭60. 12. 7,shika
診療所,15,2430087,中澤歯科医院,南魚沼市五日町５７５－３,025-776-2035,中澤　文憲,中澤　文憲,歯,,昭63. 11. 16,shika
診療所,15,2430095,中島歯科医院,南魚沼市六日町２７９２,025-772-8148,中島　雅之,中島　雅之,歯,,昭63. 11. 8,shika
診療所,15,2430111,小嶋歯科医院,南魚沼市六日町１２３番地１６,025-772-2149,医療法人社団　小嶋歯科医院　理事長　小嶋　誠,小嶋　誠,歯,,平元. 10. 1,shika
診療所,15,2430152,さわた歯科医院,南魚沼市浦佐１１３７ＵＳビル,025-777-4925,医療法人社団　恵誠会　理事長　直江　昌利,長野　龍嗣,歯　矯歯　小歯　歯外,,平11. 9. 1,shika
診療所,15,2430251,高橋デンタルクリニツク,南魚沼市早川２６０ー２,025-782-4710,高橋　俊男,高橋　俊男,歯,,平10. 12. 21,shika
診療所,15,2430269,齊藤歯科医院,南魚沼市塩沢１４０７番地,025-782-0107,齊藤　香織,齊藤　香織,歯　小歯　歯外,,平16. 1. 1,shika
診療所,15,2430301,ながおか歯科ピア,南魚沼市美佐島１８７３番地１,025-773-2040,大島　丈,大島　丈,歯　小歯　矯歯,,平25. 10. 1,shika
診療所,15,2430319,わがた歯科医院,南魚沼市六日町８９２番地４８,025-778-1515,医療法人社団　わがた歯科医院　理事長　我田　健,我田　健,歯　小歯　歯外,,平26. 10. 1,shika
診療所,15,2430343,はっとり歯科医院,南魚沼市一村尾１６２５－１,025-780-4130,医療法人社団ファイブラック　理事長　服部　幸男,服部　幸男,歯　小歯　歯外,,平28. 9. 1,shika
診療所,15,2430350,なかむら歯科クリニック,南魚沼市六日町７９０－１２カミムラビル　１階,025-788-0118,中村　貴文,中村　貴文,歯　小歯　歯外,,令3. 6. 1,shika
診療所,15,2430368,うおぬま矯正歯科クリニック,南魚沼市浦佐９１８－１,025-777-3770,西野　和臣,西野　和臣,矯歯,,令5. 11. 1,shika
診療所,15,2430384,グッドモーニングデンタル,南魚沼市六日町１８１８番地２　六日町第四ビル　１Ｆ,025-788-1943,河原田　壮史,河原田　壮史,歯,,令8. 4. 1,shika
診療所,15,2530035,斎藤歯科医院,胎内市住吉町１０番１２号,0254-43-3462,斉藤　栄喜,斉藤　栄喜,歯,,昭61. 5. 8,shika
診療所,15,2530050,佐藤歯科クリニック,胎内市本郷町５４６－５,0254-43-5188,佐藤　宜紀,佐藤　宜紀,歯　矯歯　小歯,,昭62. 4. 9,shika
診療所,15,2530084,村山歯科医院,胎内市東本町２１－１３,0254-39-1000,村山　文隆,村山　文隆,歯　矯歯　小歯,,平8. 1. 4,shika
診療所,15,2530092,丹呉歯科医院,胎内市本町２－２６,0254-43-2179,丹呉　寿宏,丹呉　寿宏,歯　矯歯　小歯,,平8. 6. 1,shika
病院,15,2530100,中条中央病院,胎内市西本町１２－１,0254-44-8800,医療法人社団　共生会　理事長　堀川　誠也,堀川　誠也,歯外,,平9. 2. 1,shika
診療所,15,2530118,舟山歯科医院,胎内市乙７１９－５,0254-46-2703,三浦　友介,三浦　友介,歯,,平9. 4. 1,shika
診療所,15,2530126,小林歯科医院,胎内市東本町２２番２７号,0254-39-1182,医療法人社団　小林歯科医院　理事長　小林　豊,小林　豊,歯　小歯　歯外,,平11. 4. 1,shika
病院,15,2530142,黒川病院,胎内市下館字大開１５２２,0254-47-2422,医療法人　白日会　理事長　吉岡　加那子,宮本　忍,歯,,平4. 12. 1,shika
診療所,15,2530167,黒川歯科診療所,胎内市黒川１４１０番地,0254-47-2356,胎内市　胎内市長　井畑　明彦,田邊　義浩,歯　小歯　矯歯,,平17. 9. 1,shika
診療所,15,2530175,新栄町歯科医院,胎内市新栄町２番５４号,0254-43-6480,医療法人社団　尽誠会　理事長　佐久間　利喜,佐久間　利喜,歯　小歯　矯歯　歯外,,平20. 4. 1,shika
診療所,15,2530183,ＮＯＺＡＷＡ　Ｄｅｎｔａｌ　Ｃｌｉｎｉｃ　野沢歯科医院,胎内市東本町１－４,0254-43-2141,野沢　一禎,野沢　一禎,歯　小歯　歯外,,平25. 6. 1,shika
診療所,15,2530191,有松歯科医院,胎内市大川町１４番４９号,0254-43-5385,医療法人社団　有松歯科医院　理事長　有松　香菜,有松　圭,歯　小歯　歯外,,平29. 10. 1,shika
診療所,15,2530209,鈴木歯科医院,胎内市本町１－１９,0254-43-2013,鈴木　次郎,鈴木　次郎,歯,,平30. 1. 18,shika
診療所,15,2530217,胎内ついじ歯科医院,胎内市築地２０２５－１,0254-20-8815,医療法人　愛広会　理事長　池田　弘,西村　安義,歯,,令5. 2. 1,shika
診療所,15,5030371,鈴木歯科医院,北蒲原郡聖籠町大字諏訪山１６４６－８,0254-27-3560,鈴木　和彦,鈴木　和彦,歯　小歯　歯外,,昭60. 6. 14,shika
診療所,15,5030827,さとう歯科医院,北蒲原郡聖籠町大字藤寄字浦潟１３６１ー２２,0254-27-5168,佐藤　格夫,佐藤　格夫,歯　矯歯　小歯　歯外,,平11. 4. 2,shika
診療所,15,5030918,みどり歯科,北蒲原郡聖籠町大字諏訪山１１１８－１,0254-27-8383,大浦　寿郎,大浦　寿郎,歯　小歯　歯外　矯歯,,平19. 11. 1,shika
診療所,15,5030934,にしかた歯科医院,北蒲原郡聖籠町大字大夫２１８０－６,0254-20-8548,西方　昭二,西方　昭二,歯,,平24. 6. 1,shika
診療所,15,5231201,大橋歯科医院,西蒲原郡弥彦村大字矢作字柿ノ浦７４３５,0256-94-5677,大橋　勝美,大橋　勝美,歯　歯外,,平9. 8. 22,shika
診療所,15,5231292,田村歯科医院,西蒲原郡弥彦村大字弥彦２５６６－３,0256-94-2561,髙野　尚子,髙野　尚子,歯,,平26. 10. 1,shika
診療所,15,5330151,川名歯科医院,南蒲原郡田上町大字川船河甲１０７３－１７,0256-53-4180,川名　豊,川名　豊,歯,,平9. 5. 8,shika
診療所,15,5330219,ひまわり歯科医院,南蒲原郡田上町大字田上丁２４０２番地４９,0256-57-6480,樋浦　健二,樋浦　健二,歯　小歯,,平14. 6. 1,shika
診療所,15,5330235,瀬髙歯科医院,南蒲原郡田上町大字田上丙２４９４－６,0256-57-5441,瀬髙　昌士,瀬髙　昌士,歯　小歯　歯外,,平20. 3. 27,shika
診療所,15,5330243,櫻木歯科医院,南蒲原郡田上町大字田上丙１２０９－８,0256-57-5097,本間　加奈,本間　加奈,歯　小歯　矯歯　歯外,,平31. 3. 11,shika
診療所,15,5330250,潤歯科,南蒲原郡田上町大字原ヶ崎新田２０１９－４,0256-46-8822,石田　潤,石田　潤,歯　小歯,,令2. 4. 1,shika
診療所,15,5430084,倉田歯科医院,東蒲原郡阿賀町津川３５４８,02549-2-3039,倉田　一良,倉田　一良,歯,,昭58. 11. 7,shika
診療所,15,5430126,岡村歯科医院,東蒲原郡阿賀町津川３３５７－１,02549-2-5225,岡村　雅弘,岡村　雅弘,歯　小歯,,昭63. 11. 12,shika
診療所,15,5430159,医療法人　厚徳会　まつむらデンタルクリニック津川診療所,東蒲原郡阿賀町津川６７４番地,02549-2-0150,医療法人　厚徳会　理事長　辻　哲範,大橋　雄高,歯　小歯　矯歯,,平6. 7. 5,shika
診療所,15,5430175,小野里歯科医院,東蒲原郡阿賀町津川大清水５７６－１,02549-2-0023,小野里　靖史,小野里　靖史,歯　小歯,,平8. 4. 1,shika
診療所,15,5430209,阿賀町鹿瀬歯科診療所,東蒲原郡阿賀町向鹿瀬１１５４番地,02549-2-3377,阿賀町　阿賀町長　神田　一秋,渡邊　賢一,歯　小歯　矯歯,,平17. 4. 1,shika
診療所,15,5430365,三川インターデンタルクリニック,東蒲原郡阿賀町あが野南４３２４－１４,0254-99-1600,山本　幸司,山本　幸司,歯　小歯,,平24. 8. 1,shika
診療所,15,5430373,上川歯科診療所,東蒲原郡阿賀町両郷甲２１５０,0254-95-2946,山本　幸司,山本　幸司,歯　小歯,,平24. 9. 1,shika
診療所,15,5430381,鈴木歯科医院,東蒲原郡阿賀町津川３５４０,0254-92-2226,鈴木　靖,鈴木　靖,歯,,平26. 12. 1,shika
診療所,15,5830325,腰越歯科医院,南魚沼郡湯沢町大字神立１９６－６,025-784-4511,腰越　厚子,腰越　厚子,歯,,昭59. 4. 3,shika
診療所,15,5830390,齋藤デンタルクリニック,南魚沼郡湯沢町中間沢２５１１－３シャルマン湯沢１Ｆ１０４号,025-784-4180,齋藤　貢,齋藤　貢,歯　小歯,,昭63. 1. 1,shika
病院,15,5830606,町立湯沢病院,南魚沼郡湯沢町大字湯沢２８７７－１,025-780-6543,湯沢町　湯沢町長　田村　正幸,井上　陽介,歯,,平14. 8. 21,shika
診療所,15,5930174,村山歯科医院,中魚沼郡津南町大字下船渡甲４５９２番地,025-765-4911,村山　正徳,村山　正徳,歯,,平7. 4. 5,shika
診療所,15,5930190,Ｎａｋａｊｉｍａ　Ｄｅｎｔａｌ　Ｓｔｕｄｉｏ,中魚沼郡津南町大字外丸丁１４８１の１,025-765-5676,中島　大和,中島　大和,歯,,平19. 5. 9,shika
診療所,15,5930208,津南デンタルクリニック,中魚沼郡津南町大字下船渡丁７９６２－１,025-765-3478,医療法人社団　津南デンタルクリニック　理事長　山田　陽子,山田　陽子,歯,,平20. 4. 1,shika
診療所,15,6030115,刈羽村歯科診療所,刈羽郡刈羽村大字刈羽７０５番地６,0257-45-3553,刈羽村　刈羽村長　品田　宏夫,西山　正吾,歯,,昭57. 10. 8,shika
診療所,15,6430208,医療法人徳真会　松村歯科関川診療所,岩船郡関川村大字下関字宮越１４１７の１,0254-64-1201,医療法人　徳真会　理事長　松村　厚子,髙松　麗子,歯　矯歯　小歯,,昭61. 12. 1,shika
診療所,15,6430497,関川ファミリー歯科　阿部医院,岩船郡関川村大字下関８９１－１,0254-75-5841,阿部　満,阿部　満,歯　歯外　小歯,,令5. 1. 1,shika
診療所,15,6430398,粟島へき地出張診療所,岩船郡粟島浦村字日ノ見山１５１３番地１１,0254-55-2111,粟島浦村　粟島浦村長　脇川　善行,小出　章,歯,,平14. 4. 1,shika
薬局,15,0142302,みどり薬局,新潟市北区松浜東町１丁目３番６号,025-258-7270,長谷川　享二,長谷川　享二,,,平7. 4. 24,yakkyoku
薬局,15,0143029,にいざき調剤薬局,新潟市北区新崎１－１７－１８,025-257-3400,株式会社　共栄堂　代表取締役　永田　浩史,山本　謙吾,,,平10. 6. 1,yakkyoku
薬局,15,0144936,ときわぎ薬局,新潟市北区石動２丁目２番地５,025-384-1584,有限会社　メディプ　代表取締役　佐藤　英明,佐藤　英明,,,平9. 9. 1,yakkyoku
薬局,15,0144951,おおた薬局,新潟市北区太田５６３３番地３,025-384-1583,株式会社　共栄堂　代表取締役　永田　浩史,斎藤　伸弥,,,平9. 10. 1,yakkyoku
薬局,15,0144969,しんえい調剤薬局,新潟市北区葛塚３４３２番地,025-388-5840,有限会社　オフィス・カズ　代表取締役　大杉　智恵子,大杉　智恵子,,,平9. 11. 1,yakkyoku
薬局,15,0144985,早通調剤薬局,新潟市北区早通北１丁目３番８号,025-384-1677,有限会社　テイーアール　代表取締役　庭山　敏幸,庭山　敏幸,,,平10. 11. 1,yakkyoku
薬局,15,0144993,たんぽぽ調剤薬局,新潟市北区嘉山２１９８番地７号,025-388-8180,有限会社　オフィス・カズ　代表取締役　大杉　智恵子,浜田　哲也,,,平10. 12. 1,yakkyoku
薬局,15,0145008,くずづか調剤薬局,新潟市北区嘉山字大口２２３０ー６,025-384-7055,株式会社本町調剤薬局　代表取締役　佐藤　一,藤井　昭博,,,平11. 4. 1,yakkyoku
薬局,15,0145024,アイン薬局　豊栄店,新潟市北区石動１丁目１６ー６,025-384-7100,株式会社アイン北陸　代表取締役　野澤　浩司,大澤　恵,,,平11. 4. 1,yakkyoku
薬局,15,0145040,しなの薬局　豊栄店,新潟市北区石動１丁目１６番地３,025-384-6161,株式会社エーアンドエム　代表取締役　平野　正之,後藤　雅至,,,平14. 10. 14,yakkyoku
薬局,15,0145057,はあとふる薬局,新潟市北区木崎字尾山前７７０番地８号,025-384-6111,愛宕商事株式会社　代表取締役　高橋　克郎,長谷川　哲久,,,平15. 2. 17,yakkyoku
薬局,15,0145503,ＡＬＰＨＡＳ薬局　木崎店,新潟市北区内島見２５１４番２,025-388-8001,株式会社　エヌ・エム・アイ　代表取締役　岡本　圭介,豊岡　主麻,,,平17. 4. 1,yakkyoku
薬局,15,0146600,アイン薬局　南浜店,新潟市北区島見町４５４１－２,025-255-3878,株式会社アイン北陸　代表取締役　野澤　浩司,田中　加緒里,,,平20. 11. 4,yakkyoku
薬局,15,0146659,とよさか薬局,新潟市北区石動１－１６－２０,025-384-1301,株式会社アイン北陸　代表取締役　野澤　浩司,阿部　直美,,,平21. 3. 16,yakkyoku
薬局,15,0147178,なのはな薬局,新潟市北区葛塚４３７４,025-388-7722,株式会社　アルテミシア　代表取締役　佐藤　江美,佐藤　江美,,,平23. 5. 9,yakkyoku
薬局,15,0147376,アイリス薬局,新潟市北区須戸６９５－４,025-386-1666,有限会社　新潟大手薬局　代表取締役　佐藤　計介,藤村　一司,,,平24. 2. 1,yakkyoku
薬局,15,0147442,アイン薬局　松浜店,新潟市北区太夫浜字山越１７２８－８,025-257-3233,株式会社アイン北陸　代表取締役　野澤　浩司,前澤　浩子,,,平24. 5. 1,yakkyoku
薬局,15,0147657,豊栄調剤薬局,新潟市北区白新町４丁目６番１５号,025-384-6230,株式会社ベル・ポスト　代表取締役　桐生　陽子,加藤　直佳,,,平25. 7. 1,yakkyoku
薬局,15,0147715,ココカラファイン薬局豊栄店,新潟市北区石動２丁目４－１,025-386-4734,株式会社ココカラファインヘルスケア　代表取締役　岡澤　隆弘,阿部　佑己,,,平25. 10. 1,yakkyoku
薬局,15,0147780,共創未来　くずつか薬局,新潟市北区石動１－１６－７,025-384-7065,株式会社ファーマみらい　代表取締役　岡山　善郎,八矢　舞,,,平25. 11. 1,yakkyoku
薬局,15,0147798,共創未来　豊栄中央薬局,新潟市北区石動１丁目１６番地５,025-387-8072,株式会社ファーマみらい　代表取締役　岡山　善郎,佐藤　啓二,,,平25. 11. 1,yakkyoku
薬局,15,0147806,共創未来　山のうえ薬局,新潟市北区松浜１－１－１１,025-278-2010,株式会社ファーマみらい　代表取締役　岡山　善郎,松永　朋美,,,平25. 11. 1,yakkyoku
薬局,15,0147814,共創未来　新潟北薬局,新潟市北区葛塚３１８８番地１,025-282-7555,株式会社ファーマみらい　代表取締役　岡山　善郎,松井　慶介,,,平25. 11. 1,yakkyoku
薬局,15,0148150,みつばち薬局,新潟市北区太田字法花鳥屋甲５６３２－３,025-290-7318,有限会社　佐和田商事　代表取締役　本間　篤,柄澤　雅彦,,,平26. 4. 1,yakkyoku
薬局,15,0148671,ボンド薬局まつはま,新潟市北区西名目所５５０９番１,025-258-5510,有限会社鶴屋いろは堂　代表取締役　長谷川　俊太郎,長谷川　礼子,,,平28. 3. 13,yakkyoku
薬局,15,0149158,健幸調剤薬局,新潟市北区嘉山２２６１－１,025-383-6745,株式会社Ｍ・エイド　代表取締役　幸田　明,渡邉　薫,,,平29. 9. 1,yakkyoku
薬局,15,0149190,ウエルシア薬局　新潟太夫浜店,新潟市北区太夫浜１６３９番地５,025-278-2078,ウエルシア薬局株式会社　代表取締役　田中　純一,清野　菜美,,,平30. 1. 1,yakkyoku
薬局,15,0149331,クスリのアオキ　松浜薬局,新潟市北区松浜東町２丁目３番１０号,025-383-6862,株式会社クスリのアオキ　代表取締役　青木　宏憲,上田　直樹,,,平30. 8. 1,yakkyoku
薬局,15,0149497,共栄堂薬局　松浜店,新潟市北区松浜本町４丁目１番５号,025-384-0652,株式会社　共栄堂　代表取締役　永田　浩史,渡邉　理恵,調剤,,平31. 3. 4,yakkyoku
薬局,15,7140309,本町調剤薬局豊栄店,新潟市北区嘉山２１９８－２,025-250-0256,株式会社本町調剤薬局　代表取締役　佐藤　一,増田　大輔,,,令3. 12. 10,yakkyoku
薬局,15,7140333,あい薬局新潟北店,新潟市北区濁川１６６－５,025-378-5111,クオール株式会社　代表取締役　柄澤　忍,櫻井　樹,,,令3. 11. 1,yakkyoku
薬局,15,7140671,ケンユウあかり薬局,新潟市北区石動１丁目１７－２,025-384-8539,株式会社ケンユウ　代表取締役　原　正,半田　麻美,,,令5. 5. 1,yakkyoku
薬局,15,7140937,しまみ調剤薬局,新潟市北区島見町３９２５番地１８,025-255-4800,株式会社ストレチア　代表取締役　山根　弘,小杉　琢磨,,,令6. 4. 1,yakkyoku
薬局,15,7141042,クスリのアオキ豊栄木崎薬局,新潟市北区木崎９０１番地２,025-212-9313,株式会社クスリのアオキ　代表取締役　青木　宏憲,茅原　愼祐,,,令6. 12. 1,yakkyoku
薬局,15,7141083,ファーマライズ薬局　かやま店,新潟市北区嘉山３丁目１１－９,025-388-3176,ｎｅｘｔ　ＰＨ株式会社　代表取締役　松浦　惠子,堀　伸一朗,,,令6. 12. 2,yakkyoku
薬局,15,7141158,前田薬局　豊栄店,新潟市北区白新町２－１３－３１,025-384-1100,有限会社あさひファーマシー　代表取締役　前田　正則,木村　宏之,,,令7. 3. 1,yakkyoku
薬局,15,7141349,クスリのアオキ豊栄太田薬局,新潟市北区太田甲５７６８番地１,025-288-6906,株式会社クスリのアオキ　代表取締役　青木　宏憲,金子　あずみ,,,令7. 11. 1,yakkyoku
薬局,15,0141890,さかえ調剤薬局,新潟市東区東中野山５丁目１－３５,025-277-6825,株式会社　共栄堂　代表取締役　永田　浩史,五十嵐　裕美子,,,平5. 4. 1,yakkyoku
薬局,15,0142336,アイン薬局　上木戸店,新潟市東区上木戸５丁目３－７,025-270-1170,株式会社アイン北陸　代表取締役　野澤　浩司,田村　実,,,平7. 6. 1,yakkyoku
薬局,15,0142393,あさひが丘調剤薬局,新潟市東区中野山６丁目１番１８号,025-277-9233,有限会社　エーエムファーマシー　代表取締役　綿屋　昭路,綿屋　直人,,,平7. 10. 1,yakkyoku
薬局,15,0142476,おおぞら調剤薬局,新潟市東区太平二丁目２２番地１,025-270-8888,有限会社　アップル　メディスン　代表取締役　小幡　聡,小幡　聡,,,平8. 7. 11,yakkyoku
薬局,15,0142641,晃調剤薬局,新潟市東区中木戸２８５－５,025-272-1877,有限会社　新光　取締役　江口　達也,駒形　佳代,,,平9. 5. 6,yakkyoku
薬局,15,0143128,はなみずき調剤薬局,新潟市東区はなみずき１丁目１４番２号,025-279-4161,有限会社　エム・スタッフ　代表取締役　名畑　茂昭,木村　明日美,,,平10. 10. 22,yakkyoku
薬局,15,0143672,おおがた調剤薬局,新潟市東区逢谷内４丁目２番１８号,025-279-0117,株式会社　共栄堂　代表取締役　永田　浩史,井上　愛子,,,平13. 1. 15,yakkyoku
薬局,15,0143730,たけのこ調剤薬局,新潟市東区竹尾２丁目１９番５号グリーンタウン竹尾１０１号,025-270-1223,有限会社　天瑞堂薬局　代表取締役　武居　利彰,小柳　勇市,,,平13. 9. 1,yakkyoku
薬局,15,0143870,日本調剤空港西薬局,新潟市東区空港西２丁目２０番２４号,025-250-9821,日本調剤株式会社　代表取締役社長　小城　和紀,吉井　有希,,,平14. 4. 21,yakkyoku
薬局,15,0143888,ハーブ調剤薬局,新潟市東区逢谷内３－１－２８,025-278-9820,株式会社　共栄堂　代表取締役　永田　浩史,武田　香,,,平14. 4. 1,yakkyoku
薬局,15,0143896,ゆうらく調剤薬局,新潟市東区有楽１丁目８－３,025-278-9252,有限会社　つかもと調剤薬局　代表取締役　塚本　利幸,塚本　敬,,,平14. 4. 15,yakkyoku
薬局,15,0143912,やすらぎ薬局,新潟市東区空港西２丁目２０番２０号,025-279-1912,株式会社　新潟ファーマシー　代表取締役　清水　忍,中澤　加奈,,,平14. 5. 1,yakkyoku
薬局,15,0143920,ハート調剤薬局,新潟市東区中島２丁目１番４７号,025-256-5810,有限会社　ハート調剤薬局　代表取締役　倉島　繁信,倉島　繁信,,,平14. 7. 1,yakkyoku
薬局,15,0144076,まつぞの調剤薬局,新潟市東区松園１丁目１番２１号,025-270-4193,有限会社　ケミスト　代表取締役　信田　努,岩田　幸子,,,平15. 9. 1,yakkyoku
薬局,15,0146113,空港西調剤薬局,新潟市東区空港西１丁目１９番１０号,025-374-6988,有限会社　佐和田商事　代表取締役　本間　篤,松本　恵美子,,,平19. 4. 1,yakkyoku
薬局,15,0146477,なかきど薬局,新潟市東区中木戸１９０－３,025-378-6320,株式会社　共栄堂　代表取締役　永田　浩史,小林　雅信,,,平20. 6. 1,yakkyoku
薬局,15,0146774,希望ヶ丘薬局,新潟市東区秋葉１丁目６－４１,025-279-0039,株式会社　共栄堂　代表取締役　永田　浩史,藤田　珠美,,,平21. 8. 24,yakkyoku
薬局,15,0146824,アイン薬局北葉店,新潟市東区北葉町３番１３号,025-256-7116,株式会社アイン北陸　代表取締役　野澤　浩司,小林　円子,,,平21. 10. 1,yakkyoku
薬局,15,0146949,クスリのアオキ逢谷内薬局,新潟市東区逢谷内３丁目５１５番１,025-279-2660,株式会社　クスリのアオキ　代表取締役　青木　宏憲,羽田　洋志,,,平22. 3. 1,yakkyoku
薬局,15,0147020,あわやま薬局,新潟市東区粟山３丁目８番１１号,025-256-5551,株式会社　共栄堂　代表取締役　永田　浩史,中野　真央,,,平22. 5. 1,yakkyoku
薬局,15,0147079,メイプル薬局　空港前店,新潟市東区太平３丁目２７９－１３－３,025-279-2888,株式会社　ベガ　代表取締役　高林　敦,高林　睦美,,,平22. 10. 1,yakkyoku
薬局,15,0147319,しなの薬局　石山店,新潟市東区猿ケ馬場２丁目１３番２５号,025-278-5011,株式会社エーアンドエム　代表取締役　平野　正之,鈴木　将宏,,,平23. 10. 1,yakkyoku
薬局,15,0147624,アップル調剤薬局,新潟市東区中山６丁目２０番１３号,025-282-7600,有限会社　アップル　メディスン　代表取締役　小幡　聡,山下　和哉,,,平25. 8. 1,yakkyoku
薬局,15,0147681,クスリのアオキ空港通り薬局,新潟市東区浜谷町２丁目１番１１号,025-256-6606,株式会社クスリのアオキ　代表取締役　青木　宏憲,武田　康志,,,平25. 11. 1,yakkyoku
薬局,15,0147723,ココカラファイン薬局中山店,新潟市東区中山６丁目３番１７号　イオンスタイル中山店内,025-272-5372,株式会社ココカラファインヘルスケア　代表取締役　岡澤　隆弘,板垣　詠子,,,平25. 10. 1,yakkyoku
薬局,15,0147772,ＡＬＰＨＡＳ薬局　海老ケ瀬店,新潟市東区海老ケ瀬３００９,025-250-4000,株式会社　エヌ・エム・アイ　代表取締役　岡本　圭介,坂井　敦,,,平25. 12. 1,yakkyoku
薬局,15,0147822,共創未来　臨港薬局,新潟市東区桃山町２－１２６－６,025-279-5536,株式会社ファーマみらい　代表取締役　岡山　善郎,古河原　健人,,,平25. 11. 1,yakkyoku
薬局,15,0147848,共創未来　木戸西薬局,新潟市東区竹尾４丁目１２番１２号,025-275-3322,株式会社ファーマみらい　代表取締役　岡山　善郎,高橋　雅人,,,平25. 11. 1,yakkyoku
薬局,15,0147855,共創未来　木戸南薬局,新潟市東区竹尾４丁目１４番３号,025-250-6120,株式会社ファーマみらい　代表取締役　岡山　善郎,五十嵐　悠亮,,,平25. 11. 1,yakkyoku
薬局,15,0148127,しなの薬局　中野山店,新潟市東区若葉町１丁目２０番６号,025-257-2400,株式会社エーアンドエム　代表取締役　平野　正之,新田　瑠璃子,,,平26. 1. 1,yakkyoku
薬局,15,0148341,石山調剤薬局,新潟市東区石山４丁目４－１２,025-276-8110,笹菊薬品株式会社　代表取締役　長澤　吉明,山岸　優香,,,平26. 9. 1,yakkyoku
薬局,15,0148366,ウエルシア薬局新潟秋葉通店,新潟市東区秋葉通３丁目１２番地２,025-278-9191,ウエルシア薬局株式会社　代表取締役　田中　純一,志田　貴史,,,平27. 1. 1,yakkyoku
薬局,15,0148424,ウエルシア薬局新潟上木戸店,新潟市東区上木戸１－１２－５,025-257-9955,ウエルシア薬局株式会社　代表取締役　田中　純一,岡田　尚真,,,平27. 6. 1,yakkyoku
薬局,15,0148473,まつざき薬局,新潟市東区新松崎１－７－８,025-378-5575,有限会社　新潟大手薬局　代表取締役　佐藤　計介,上條　美佳,,,平27. 9. 1,yakkyoku
薬局,15,0148705,谷内調剤薬局,新潟市東区逢谷内６－８－３３,025-279-4756,株式会社　共栄堂　代表取締役　永田　浩史,今井　一博,,,平28. 4. 1,yakkyoku
薬局,15,0148713,えちご石山薬局,新潟市東区石山３丁目１－３６,025-286-2821,有限会社　ケミスト　代表取締役　信田　努,辻　博之,,,平28. 4. 1,yakkyoku
薬局,15,0148812,カワチ薬局　松崎店,新潟市東区新松崎１－６－１７,025-279-5750,株式会社カワチ薬品　代表取締役　河内　伸二,氏田　士,,,平29. 1. 1,yakkyoku
薬局,15,0148911,花かいどう薬局,新潟市東区空港西１－１５－１５,025-274-1115,一般社団法人新潟メディカルプラン　代表理事　田邉　香織,秋野　智子,,,平29. 4. 1,yakkyoku
薬局,15,0149224,ひとみ薬局,新潟市東区豊２丁目６－４１,025-272-8881,小松原　悠司,小松原　悠司,,,平30. 2. 1,yakkyoku
薬局,15,0149737,ウエルシア薬局新潟東中野山店,新潟市東区東中野山１丁目２番９号,025-278-5035,ウエルシア薬局株式会社　代表取締役　田中　純一,吉村　弘明,,,令2. 1. 14,yakkyoku
薬局,15,0149794,石山中央薬局,新潟市東区中野山４－１４－７,025-288-1580,株式会社ユニスマイル　代表取締役　白　成澤,中村　桃子,,,令2. 1. 1,yakkyoku
薬局,15,0149802,市民調剤薬局　臨港店,新潟市東区臨港町２丁目２番地１,025-270-7070,株式会社ユニスマイル　代表取締役　白　成澤,水戸　滋規,,,令2. 1. 1,yakkyoku
薬局,15,0149844,ものみやま薬局,新潟市東区物見山４丁目７－１７,025-279-5018,株式会社スギライトファーマシー　代表取締役　杉山　智孝,杉山　智孝,,,令2. 4. 1,yakkyoku
薬局,15,0149851,クスリのアオキ中野山薬局,新潟市東区若葉町１丁目１９番３０号,025-278-8356,株式会社クスリのアオキ　代表取締役　青木　宏憲,寺野　浩史,,,令2. 4. 1,yakkyoku
薬局,15,0149992,こがね調剤薬局,新潟市東区小金町１－１７－３９,025-272-5151,有限会社新潟ステーション薬局　代表取締役　齊藤　弘美,齊藤　弘美,,,令2. 6. 1,yakkyoku
薬局,15,7140002,のぞみ調剤薬局,新潟市東区上木戸１丁目８番２５号,025-250-8282,株式会社　共栄堂　代表取締役　永田　浩史,井上　剛志,,,令2. 7. 6,yakkyoku
薬局,15,7140036,笹菊東明薬局,新潟市東区東明２－９－２９,025-278-7737,笹菊薬品株式会社　代表取締役　長澤　吉明,稲垣　知佳,,,令2. 9. 1,yakkyoku
薬局,15,7140051,本町調剤薬局　はなみずき店,新潟市東区はなみずき１－１６－３５,025-256-6720,株式会社本町調剤薬局　代表取締役　佐藤　一,阿部　義之,,,令2. 8. 1,yakkyoku
薬局,15,7140101,ウエルシア薬局新潟中山店,新潟市東区中山６丁目２１番２３号,025-279-3600,ウエルシア薬局株式会社　代表取締役　田中　純一,笠井　千優,,,令2. 12. 1,yakkyoku
薬局,15,7140150,ハル調剤薬局,新潟市東区長者町５－１９,025-383-6723,藤間　翼,藤間　翼,,,令3. 4. 1,yakkyoku
薬局,15,7140317,アイン薬局木戸病院店,新潟市東区竹尾４丁目１３－３,025-383-6928,株式会社アイン北陸　代表取締役　野澤　浩司,山本　香那子,,,令3. 12. 1,yakkyoku
薬局,15,7140416,アイン薬局　桃山店,新潟市東区桃山町１丁目１１４番地３,025-279-2220,株式会社アイン北陸　代表取締役　野澤　浩司,若杉　浩子,,,令4. 5. 9,yakkyoku
薬局,15,7140739,メッツ太平薬局,新潟市東区太平３丁目２７０番地４,025-270-8055,株式会社メディック太陽　代表取締役　上村　宏,新保　友梨,,,令5. 6. 1,yakkyoku
薬局,15,7140770,前田薬局　中野山店,新潟市東区猿ケ馬場１丁目１番１９号,025-276-8771,有限会社あさひファーマシー　代表取締役　前田　正則,石山　美佐子,,,令5. 9. 1,yakkyoku
薬局,15,7140804,牡丹山薬局,新潟市東区牡丹山１丁目５－１２－９,025-256-6377,Ｌｏａｄｓｔａｒ株式会社　代表取締役　石井　陽介,石井　陽介,,,令5. 11. 1,yakkyoku
薬局,15,7140853,しなの薬局　山木戸店,新潟市東区山木戸４丁目１番４５号,025-385-7602,株式会社　エーアンドエム　代表取締役　平野　正之,戸内　杏奈,,,令6. 5. 1,yakkyoku
薬局,15,7140895,山木戸調剤薬局,新潟市東区山木戸８丁目９－８,025-273-2105,株式会社ストレチア　代表取締役　山根　弘,平野　茉里絵,,,令6. 4. 1,yakkyoku
薬局,15,7140911,中山調剤薬局,新潟市東区中山６丁目１３－４５,025-271-2237,株式会社ストレチア　代表取締役　山根　弘,相川　資和,,,令6. 4. 1,yakkyoku
薬局,15,7141091,ファーマライズ薬局　粟山店,新潟市東区粟山３丁目１－８,025-277-7747,ｎｅｘｔ　ＰＨ株式会社　代表取締役　松浦　惠子,上野　香代子,,,令6. 12. 2,yakkyoku
薬局,15,7141356,しなの薬局　猿ケ馬場店,新潟市東区猿ケ馬場１丁目１番２２号,025-385-7093,株式会社エーアンドエム　代表取締役　平野　正之,笹川　茉莉,,,令7. 11. 1,yakkyoku
薬局,15,7141513,ＡＬＰＨＡＳ薬局　太平店,新潟市東区太平３丁目３０－１２,025-275-2150,株式会社エヌ・エム・アイ　代表取締役　岡本　圭介,寺尾　隆広,,,令8. 4. 6,yakkyoku
薬局,15,0141403,だるま薬局,新潟市中央区姥ケ山４－１－４,025-287-0700,小竹　英子,小竹　英子,,,昭59. 9. 1,yakkyoku
薬局,15,0141411,一般財団法人　協和会薬局,新潟市中央区医学町通二番町７２番地３,025-229-3933,一般財団法人　協和会　理事長　青木　聡,本間　文子,,,昭59. 9. 1,yakkyoku
薬局,15,0142070,有限会社　県庁前調剤薬局,新潟市中央区出来島１丁目６番１号,025-285-2919,有限会社県庁前調剤薬局　代表取締役　佐藤　一,大滝　恵子,,,平6. 4. 1,yakkyoku
薬局,15,0142633,かんどうじ調剤薬局,新潟市中央区神道寺１丁目５番４６号,025-247-7115,有限会社　グリーン薬局　取締役　小山　美代子,小山　美代子,,,平9. 4. 17,yakkyoku
薬局,15,0142831,ＡＬＰＨＡＳ薬局　米山店,新潟市中央区米山５丁目９番１０号,025-248-5530,株式会社　エヌ・エム・アイ　代表取締役　岡本　圭介,青木　大和,,,平9. 10. 1,yakkyoku
薬局,15,0142914,有限会社　誠和調剤薬局　万代店,新潟市中央区万代１丁目２ー１４シルバー流通ビル１階,025-240-5550,有限会社　誠和調剤薬局　代表取締役　佐藤　誠,柳本　文夫,,,平10. 1. 5,yakkyoku
薬局,15,0142930,できじま調剤薬局,新潟市中央区上近江４丁目１２番２０号,025-282-3737,有限会社　栄晃薬局　代表取締役　村松　通隆,村松　美晴,,,平10. 2. 1,yakkyoku
薬局,15,0143011,だんくろう調剤薬局,新潟市中央区関屋大川前１丁目１１番８号,025-234-0311,有限会社アルファ　代表取締役　斎田　雄一,斎田　雄一,,,平10. 6. 1,yakkyoku
薬局,15,0143060,新光調剤薬局,新潟市中央区新光町１ー６,025-282-0550,株式会社　共栄堂　代表取締役　永田　浩史,玉木　和彦,,,平10. 8. 1,yakkyoku
薬局,15,0143235,紫竹おおぞら調剤薬局,新潟市中央区紫竹１丁目１９番５号,025-240-8375,有限会社　アップルメディスン　代表取締役　小幡　聡,大原　美智子,,,平11. 7. 22,yakkyoku
薬局,15,0143268,沼垂調剤薬局,新潟市中央区沼垂東２丁目１ー１７,025-249-0500,有限会社　アスカ　代表取締役　内藤　稔,内藤　翼,,,平11. 9. 1,yakkyoku
薬局,15,0143334,よつば薬局上大川前店,新潟市中央区上大川前通５番町６３ー１,025-226-4880,有限会社　よつば薬局　代表取締役　永井　譲,天谷　ゆかり,,,平12. 3. 15,yakkyoku
薬局,15,0143433,有限会社　マギヤ薬局,新潟市中央区本町通８番町１３１１番地,025-222-8314,有限会社マギヤ薬局　代表取締役　遠藤　美香,太田　春美,,,平12. 9. 27,yakkyoku
薬局,15,0143615,ケンユウ学校町薬局,新潟市中央区学校町通２番町５９５番地２１,025-226-7755,株式会社ケンユウ　代表取締役　原　正,塩田　洋,,,平12. 12. 1,yakkyoku
薬局,15,0143656,ホーム調剤薬局,新潟市中央区川岸町２ー１３ー１,025-234-3910,株式会社　共栄堂　代表取締役　永田　浩史,西澤　涼子,,,平13. 1. 4,yakkyoku
薬局,15,0143839,つかもと調剤薬局,新潟市中央区女池６丁目５番３６号,025-281-3973,有限会社　つかもと調剤薬局　代表取締役　塚本　利幸,塚本　利幸,,,平14. 1. 4,yakkyoku
薬局,15,0143979,はづき調剤薬局　けやき通店,新潟市中央区米山１丁目１０－１５,025-290-6331,有限会社　アザス　代表取締役　石山　豊,熊倉　高志,,,平14. 11. 6,yakkyoku
薬局,15,0144019,ウエルシア薬局南笹口店,新潟市中央区南笹口２－３－５５,025-240-0037,ウエルシア薬局株式会社　代表取締役　田中　純一,松岡　哲郎,,,平15. 1. 1,yakkyoku
薬局,15,0144043,明石通調剤薬局,新潟市中央区蒲原町２番２４号,025-290-3525,株式会社本町調剤薬局　代表取締役　佐藤　一,傳刀　隼人,,,平15. 4. 1,yakkyoku
薬局,15,0144084,山二ツ調剤薬局,新潟市中央区山二ツ４丁目１９番２８号,025-257-1505,有限会社　佐和田商事　代表取締役　本間　篤,菅原　隆太,,,平15. 9. 16,yakkyoku
薬局,15,0144092,せきしん調剤薬局,新潟市中央区関新１－８－２３,025-201-1910,株式会社　共栄堂　代表取締役　永田　浩史,久我　彩乃,,,平15. 10. 1,yakkyoku
薬局,15,0144134,ＡＬＰＨＡＳ薬局　女池店,新潟市中央区女池４丁目１９番９号,025-281-3151,株式会社　エヌ・エム・アイ　代表取締役　岡本　圭介,金塚　洸希,,,平16. 4. 1,yakkyoku
薬局,15,0144258,オリーブ調剤薬局,新潟市中央区姥ケ山５丁目４番地１５,025-257-8350,有限会社メディカルイッセイ　代表取締役　中町　絵里,中町　絵里,,,平16. 7. 12,yakkyoku
薬局,15,0144357,スワン調剤薬局,新潟市中央区長潟８３４－３,025-257-8065,株式会社　共栄堂　代表取締役　永田　浩史,五十嵐　真紀,,,平16. 11. 1,yakkyoku
薬局,15,0145537,とやの調剤薬局,新潟市中央区鳥屋野１丁目２７－１４,025-283-2202,有限会社　グリーン薬局　取締役　小山　美代子,柴﨑　修,,,平17. 7. 1,yakkyoku
薬局,15,0145743,なぎさ調剤薬局,新潟市中央区出来島１丁目５－５３,025-281-2666,有限会社　メディカルサポート　代表取締役　幸田　明,和田　靖子,,,平17. 10. 26,yakkyoku
薬局,15,0145750,おおじま調剤薬局,新潟市中央区大島１７２－６５,025-290-0070,株式会社　共栄堂　代表取締役　永田　浩史,伊藤　麻弓,,,平17. 10. 1,yakkyoku
薬局,15,0145933,前田薬局　長潟店,新潟市中央区長潟２丁目３番３号,025-257-8081,有限会社　あさひファーマシー　代表取締役　前田　正則,桐生　義光,,,平18. 7. 1,yakkyoku
薬局,15,0146006,おおせき調剤薬局,新潟市中央区上所１－１－２４エヌビル１Ｆ,025-240-3535,大関　富美代,大関　富美代,,,平18. 9. 1,yakkyoku
薬局,15,0146014,株式会社本町調剤薬局せきや店,新潟市中央区有明大橋町６番１８号,025-232-0564,株式会社本町調剤薬局　代表取締役　佐藤　一,野口　貴之,,,平18. 10. 1,yakkyoku
薬局,15,0146121,ＡＬＰＨＡＳ薬局　笹口店,新潟市中央区南笹口１丁目４番１０号１,025-243-8554,株式会社　エヌ・エム・アイ　代表取締役　岡本　圭介,熊田　翔真,,,平19. 6. 4,yakkyoku
薬局,15,0146154,えきなん調剤薬局,新潟市中央区鐙西１－１２－１３,025-211-2660,株式会社　共栄堂　代表取締役　永田　浩史,槙坂　幸恵,,,平19. 6. 25,yakkyoku
薬局,15,0146188,さつき調剤薬局,新潟市中央区高志２－２０－２,025-287-5571,株式会社　共栄堂　代表取締役　永田　浩史,黒井　香織,,,平19. 7. 30,yakkyoku
薬局,15,0146196,サルビア調剤薬局,新潟市中央区南笹口１丁目１番３０号,025-211-3434,有限会社　和穂　代表取締役　野口　摂子,野口　摂子,,,平19. 10. 15,yakkyoku
薬局,15,0146238,しなの薬局　市民前店,新潟市中央区湖南１４－２１,025-280-0930,株式会社エーアンドエム　代表取締役　平野　正之,宮沢　憲太,,,平19. 10. 1,yakkyoku
薬局,15,0146253,ひがしぼり調剤薬局,新潟市中央区古町通１３番町２８０９番,025-211-3561,有限会社　ケミスト　代表取締役　信田　努,知野　康晴,,,平19. 11. 1,yakkyoku
薬局,15,0146295,アイン薬局　新潟市民前店,新潟市中央区湖南２４番地２,025-288-0345,株式会社アイン北陸　代表取締役　野澤　浩司,山口　辰也,,,平19. 11. 1,yakkyoku
薬局,15,0146303,つばさ調剤薬局,新潟市中央区上近江２－１－３１,025-211-7111,株式会社　共栄堂　代表取締役　永田　浩史,鈴木　貴博,,,平19. 11. 14,yakkyoku
薬局,15,0146311,かみところ調剤薬局,新潟市中央区新和１－３－１３,025-282-4500,株式会社　共栄堂　代表取締役　永田　浩史,藤巻　規子,,,平20. 1. 1,yakkyoku
薬局,15,0146410,プラーカファーマシー,新潟市中央区笹口１－１プラーカ１　２階,025-240-0425,株式会社　共栄堂　代表取締役　永田　浩史,森田　鉄也,,,平20. 4. 1,yakkyoku
薬局,15,0146469,フォレスト薬局,新潟市中央区鐙２丁目１４番３１号,025-240-3366,株式会社ワンダーメディカル　代表取締役　橋本　巧,橋本　巧,,,平20. 4. 1,yakkyoku
薬局,15,0146675,東中通薬局,新潟市中央区営所通１番町３１８番地,025-228-8474,株式会社　共栄堂　代表取締役　永田　浩史,吉田　雅人,,,平21. 4. 1,yakkyoku
薬局,15,0146931,はづき調剤薬局　新潟駅南口店,新潟市中央区米山１丁目２４番地新潟駅南センタービル１Ｆ,025-250-6361,有限会社　アザス　代表取締役　石山　豊,大竹　直人,,,平22. 3. 1,yakkyoku
薬局,15,0147004,紫竹山薬局,新潟市中央区紫竹山２丁目４番２９号,025-250-6540,株式会社　共栄堂　代表取締役　永田　浩史,松下　吉彦,,,平22. 4. 5,yakkyoku
薬局,15,0147046,しなの薬局　本町店,新潟市中央区本町通６番町１１０８番１ぷらっと本町ビル１階,025-222-0019,株式会社エーアンドエム　代表取締役　平野　正之,松本　正次,,,平22. 6. 1,yakkyoku
薬局,15,0147061,クスリのアオキ女池薬局,新潟市中央区女池南１丁目６番６号,025-280-1522,株式会社クスリのアオキ　代表取締役　青木　宏憲,児玉　瑛未,,,平22. 8. 9,yakkyoku
薬局,15,0147475,薬局マツモトキヨシ　近江店,新潟市中央区上近江３丁目５番３,025-280-0802,株式会社マツモトキヨシ甲信越販売　代表取締役　安藤　浩,河面　久美,,,平24. 7. 1,yakkyoku
薬局,15,0147640,ウエルシア薬局新潟横七番町店,新潟市中央区元下島町４６２５－１,025-226-7057,ウエルシア薬局株式会社　代表取締役　田中　純一,佐藤　拓哉,,,平25. 8. 1,yakkyoku
薬局,15,0147707,アイン薬局　小張木店,新潟市中央区小張木２丁目１０番９号,025-280-0848,株式会社アイン北陸　代表取締役　野澤　浩司,河内　超,,,平25. 11. 22,yakkyoku
薬局,15,0147863,共創未来　上所薬局,新潟市中央区上所上２－１３－７,025-285-5320,株式会社ファーマみらい　代表取締役　岡山　善郎,広沢　大輔,,,平25. 11. 1,yakkyoku
薬局,15,0147871,共創未来　とやの薬局,新潟市中央区鳥屋野字中沼４４９－１,025-282-3336,株式会社ファーマみらい　代表取締役　岡山　善郎,野崎　里絵,,,平25. 11. 1,yakkyoku
薬局,15,0147897,共創未来　笹口薬局,新潟市中央区笹口３－２２,025-374-0066,株式会社ファーマみらい　代表取締役　岡山　善郎,赤羽　将,,,平25. 11. 1,yakkyoku
薬局,15,0147913,共創未来　市民薬局,新潟市中央区湖南２７－１,025-284-1700,株式会社ファーマみらい　代表取締役　岡山　善郎,山寺　徹,,,平25. 11. 1,yakkyoku
薬局,15,0147921,共創未来　川岸町薬局,新潟市中央区川岸町２－１１－１４,025-378-8030,株式会社ファーマみらい　代表取締役　岡山　善郎,早川　博明,,,平25. 11. 1,yakkyoku
薬局,15,0147962,共創未来　湖南薬局,新潟市中央区湖南２７－２,025-281-2500,株式会社ファーマみらい　代表取締役　岡山　善郎,山口　綾,,,平25. 11. 1,yakkyoku
薬局,15,0148135,八千代調剤薬局,新潟市中央区関屋田町１丁目６－２,025-378-0783,株式会社やわらか　代表取締役　倉島　繁信,伊藤　大樹,,,平26. 2. 1,yakkyoku
薬局,15,0148168,しなの薬局　新大前店,新潟市中央区旭町通一番町７５４番地３,025-211-4793,株式会社エーアンドエム　代表取締役　平野　正之,清水　孝祐,,,平26. 4. 1,yakkyoku
薬局,15,0148176,アイン薬局　新大前店,新潟市中央区旭町通一番町７５４－３,025-211-4356,株式会社アイン北陸　代表取締役　野澤　浩司,関口　知行,,,平26. 4. 1,yakkyoku
薬局,15,0148226,しなの薬局　メディアシップ店,新潟市中央区万代３－１－１メディアシップ３Ｆ,025-247-3100,株式会社エーアンドエム　代表取締役　平野　正之,工藤　万葉,,,平26. 5. 1,yakkyoku
薬局,15,0148465,クスリのアオキ馬越薬局,新潟市中央区本馬越２丁目１１番１２号,025-240-6000,株式会社クスリのアオキ　代表取締役　青木　宏憲,田中　千瑛,,,平27. 9. 1,yakkyoku
薬局,15,0148648,しあわせ薬局,新潟市中央区幸町７－２３,025-278-3245,株式会社さいわいファーマシー　代表取締役　相川　勉,相川　勉,,,平28. 4. 1,yakkyoku
薬局,15,0148655,かみやま薬局,新潟市中央区女池上山５－９－１０,025-385-6511,株式会社　共栄堂　代表取締役　永田　浩史,瀬野　麻里絵,,,平28. 4. 1,yakkyoku
薬局,15,0148689,薬局　マツモトキヨシ新潟中央インター店,新潟市中央区湖南１４－１２,025-280-8180,株式会社　マツモトキヨシ甲信越販売　代表取締役　安藤　浩,竹澤　駿,,,平28. 5. 1,yakkyoku
薬局,15,0148739,曙調剤薬局,新潟市中央区本町通１３番町３１４９番地,025-225-6781,有限会社　曙調剤薬局　代表取締役　畠山　大佑,小松原　広子,,,平28. 5. 1,yakkyoku
薬局,15,0148788,株式会社本町調剤薬局本町店,新潟市中央区本町通７番町１１４６,025-224-6457,株式会社本町調剤薬局　代表取締役　佐藤　一,小松　昌史,,,平28. 9. 1,yakkyoku
薬局,15,0148846,リバーサイド薬局,新潟市中央区文京町２７番３０号,025-201-6430,イーアールエー株式会社　代表取締役　江良　直哉,江良　直哉,,,平29. 1. 1,yakkyoku
薬局,15,0148929,あしはら調剤薬局,新潟市中央区天神尾１丁目４－１１,025-248-5591,株式会社Ｍ・エイド　代表取締役　幸田　明,安達　純子,,,平29. 4. 1,yakkyoku
薬局,15,0148945,つけふね薬局,新潟市中央区附船町１－４４２０－３,025-227-1071,一般社団法人新潟メディカルプラン　代表理事　田邉　香織,山内　光希,,,平29. 4. 1,yakkyoku
薬局,15,0149117,ほんそん調剤薬局,新潟市中央区関屋本村町一丁目６６番地１,025-232-6417,株式会社Ｏｎ　Ｙｏｕｒ　Ｓｉｄｅ　代表取締役　関　真,本間　大輔,,,平29. 6. 1,yakkyoku
薬局,15,0149133,共栄堂薬局　ＮＥＸＴ店,新潟市中央区西堀通６－８６６ＮＥＸＴ２１　１階,025-201-7005,株式会社　共栄堂　代表取締役　永田　浩史,稻田　千里,,,平29. 8. 1,yakkyoku
薬局,15,0149141,クスリのアオキ　新潟大島薬局,新潟市中央区大島１１１番地３,025-250-6474,株式会社クスリのアオキ　代表取締役　青木　宏憲,村上　静香,,,平29. 9. 1,yakkyoku
薬局,15,0149182,調剤薬局ツルハドラッグ　新潟関屋店,新潟市中央区関屋浜松町７９－１,025-234-2268,株式会社ツルハ　代表取締役社長　八幡　政浩,川村　麗夏,,,平29. 12. 1,yakkyoku
薬局,15,0149208,ウエルシア薬局　新潟関新１丁目店,新潟市中央区関新１丁目２番４６号,025-201-1321,ウエルシア薬局株式会社　代表取締役　田中　純一,坂田　沙也香,,,平30. 1. 1,yakkyoku
薬局,15,0149216,しなの薬局　長潟中央店,新潟市中央区長潟１２０５番地４,025-257-8300,株式会社エーアンドエム　代表取締役　平野　正之,山寺　かよ子,,,平30. 1. 1,yakkyoku
薬局,15,0149257,ウエルシア薬局　新潟南出来島店,新潟市中央区南出来島２丁目５番２０号,025-282-1712,ウエルシア薬局株式会社　代表取締役　田中　純一,小粥　恵里花,,,平30. 4. 1,yakkyoku
薬局,15,0149273,前田薬局　米山店,新潟市中央区米山４丁目１３番５号,025-242-3888,有限会社あさひファーマシー　代表取締役　前田　正則,藤本　浩一郎,,,平30. 4. 1,yakkyoku
薬局,15,0149307,アイン薬局　医学町店,新潟市中央区旭町通一番町７５４－１６,025-226-7142,株式会社アイン北陸　代表取締役　野澤　浩司,新保　茜,,,平30. 4. 1,yakkyoku
薬局,15,0149356,千歳調剤薬局,新潟市中央区女池上山５丁目３番１０号,025-283-2033,株式会社エムシード　代表取締役　鈴木　雅基,富山　愛子,,,平30. 10. 1,yakkyoku
薬局,15,0149372,共栄堂薬局　とやの店,新潟市中央区鳥屋野２００７－１メディカルフォースビルディング１Ｆ・２Ｆ,025-385-6840,株式会社　共栄堂　代表取締役　永田　浩史,玉井　久美子,,,平30. 11. 1,yakkyoku
薬局,15,0149398,あやめ調剤薬局,新潟市中央区女池神明１丁目６番地１４,025-285-3050,株式会社　共栄堂　代表取締役　永田　浩史,知野　可奈実,,,平30. 11. 16,yakkyoku
薬局,15,0149513,メッツ西堀薬局,新潟市中央区西堀前通６番町８９９番地,025-227-6300,株式会社メディック太陽　代表取締役　上村　宏,大沼　恵,,,平31. 4. 1,yakkyoku
薬局,15,0149547,メッツ古町薬局,新潟市中央区西堀前通６番町９０９ＣＯ－Ｃ．Ｇビル１階,025-226-7600,株式会社メディック太陽　代表取締役　上村　宏,金井　寛幸,,,平31. 4. 1,yakkyoku
薬局,15,0149554,共創未来わかさ薬局,新潟市中央区笹口３丁目１６－１６大東ビル１階,025-385-6581,株式会社ファーマみらい　代表取締役　岡山　善郎,松井　布美子,,,平31. 4. 1,yakkyoku
薬局,15,0149562,しなの薬局　長潟店,新潟市中央区長潟１２０４番地５,025-257-1200,株式会社シナノ総合企画　代表取締役　武藤　雅己,藤田　圭輔,,,平31. 4. 1,yakkyoku
薬局,15,0149588,大手薬局　本町店,新潟市中央区本町通６番町１１０３番地,025-378-4169,有限会社　新潟大手薬局　代表取締役　佐藤　計介,佐藤　計介,,,平31. 4. 1,yakkyoku
薬局,15,0149604,調剤薬局ツルハドラッグ新潟女池店,新潟市中央区女池４丁目１８番１９号,025-282-1267,株式会社ツルハ　代表取締役社長　八幡　政浩,菊地　華奈,,,令元. 5. 1,yakkyoku
薬局,15,0149620,薬局マツモトキヨシ　女池店,新潟市中央区女池上山二丁目１番１５号,025-282-3560,株式会社マツモトキヨシ甲信越販売　代表取締役　安藤　浩,堀澤　諭史,,,令元. 7. 1,yakkyoku
薬局,15,0149638,はづき調剤薬局　万代店,新潟市中央区万代１丁目１番３２号プリオール万代２階,025-248-7011,株式会社　恵温堂　代表取締役　山川　一弘,加藤　信行,,,令元. 7. 1,yakkyoku
薬局,15,0149653,新潟ヘルスマート薬局,新潟市中央区川岸町２丁目８番地２,025-230-1285,株式会社ファルレ　代表取締役　福崎　真崇,桐生　奈央,,,令元. 6. 1,yakkyoku
薬局,15,0149695,メッツ上所薬局,新潟市中央区近江３丁目１番７号,025-250-7004,株式会社メディック太陽　代表取締役　上村　宏,小林　敬右,,,令元. 10. 1,yakkyoku
薬局,15,0149703,薬局アットマーク,新潟市中央区米山５丁目１１－２２,025-241-2111,株式会社アットマークファーマシー　代表取締役　荒居　英郎,荒居　英郎,,,令元. 11. 1,yakkyoku
薬局,15,0149711,ラポル薬局,新潟市中央区近江３丁目５番６号,025-282-5407,株式会社Ｒａｐｐｏｒｔ　代表取締役　井橋　正太郎,井橋　正太郎,,,令元. 11. 1,yakkyoku
薬局,15,0149729,めいけ調剤薬局,新潟市中央区女池６丁目４－６４,025-278-7470,株式会社アイメドテック　代表取締役　高野　茂,設樂　拓哉,,,令元. 12. 1,yakkyoku
薬局,15,0149745,ユニスマイル薬局　新潟市民病院前店,新潟市中央区湖南２４番地３,025-211-3701,株式会社ユニスマイル　代表取締役　白　成澤,安中　久美子,,,令2. 1. 1,yakkyoku
薬局,15,0149828,薬局マツモトキヨシ　本町通店,新潟市中央区本町通六番町１１３８番地,025-210-2080,株式会社マツモトキヨシ甲信越販売　代表取締役　安藤　浩,福田　治樹,,,令2. 2. 1,yakkyoku
薬局,15,0149836,しなの薬局　医学町店,新潟市中央区医学町通２番町１１ＳＨＩＮＡＮＯビル１階,025-225-2261,株式会社シナノ総合企画　代表取締役　武藤　雅己,小栁　拓,,,令2. 3. 1,yakkyoku
薬局,15,0149869,はくさん調剤薬局,新潟市中央区白山浦２丁目２３番地,025-211-8930,株式会社Ｍ＆ＭＳ　代表取締役　堀田　まゆみ,柳　輝子,,,令2. 4. 1,yakkyoku
薬局,15,0149950,とやの網川原薬局,新潟市中央区網川原２丁目１０番２９号,025-282-7655,株式会社ケンユウ　代表取締役　原　正,茅野　瑞貴,,,令2. 5. 1,yakkyoku
薬局,15,7140010,ユニスマイル薬局　女池上山店,新潟市中央区女池上山２－１４－２８,025-283-6668,株式会社ユニスマイル　代表取締役　白　成澤,池田　由子,,,令2. 7. 13,yakkyoku
薬局,15,7140028,レークサイド薬局,新潟市中央区紫竹山６丁目２番２６号,025-384-8130,イーアールエー株式会社　代表取締役　江良　直哉,町山　永吉,,,令2. 9. 1,yakkyoku
薬局,15,7140077,はあとふる薬局　古町ルフル店,新潟市中央区古町通７番町１０１０古町ルフル２階,025-378-2098,愛宕商事株式会社　代表取締役　高橋　克郎,小竹　達之,,,令2. 10. 1,yakkyoku
薬局,15,7140085,クスリのアオキ紫竹山薬局,新潟市中央区紫竹山３丁目３番２９号,025-384-8735,株式会社クスリのアオキ　代表取締役　青木　宏憲,上田　良美,,,令2. 11. 1,yakkyoku
薬局,15,7140119,ふるまち調剤薬局,新潟市中央区古町通１１番町１７０９－５,025-222-2055,八木　隆,八木　健太郎,,,令2. 12. 25,yakkyoku
薬局,15,7140127,ＡＬＰＨＡＳ薬局　南笹口店,新潟市中央区南笹口２丁目５番１６号,025-278-3331,株式会社　エヌ・エム・アイ　代表取締役　岡本　圭介,長谷川　圭,,,令3. 2. 1,yakkyoku
薬局,15,7140143,つき薬局,新潟市中央区上所三丁目１０番６５号マルシェコートＡ　２階,025-384-4563,株式会社ベル・ポスト　代表取締役　桐生　陽子,桐生　朋明,,,令3. 3. 1,yakkyoku
薬局,15,7140176,大手薬局　天神尾店,新潟市中央区天神尾１丁目１６番１０号,025-384-8645,有限会社　新潟大手薬局　代表取締役　佐藤　計介,池田　忠雄,,,令3. 5. 1,yakkyoku
薬局,15,7140200,万代調剤薬局　上所,新潟市中央区上所中３丁目１４－１３上所メディカルセンター１Ｆ,025-288-5835,株式会社メディカスタッフプロモーション　代表取締役　八尾坂　克也,吉田　歩,,,令3. 5. 1,yakkyoku
薬局,15,7140218,万代調剤薬局,新潟市中央区万代４丁目１－１Ｂ４ビル２Ｆ,025-246-7477,株式会社メディカスタッフプロモーション　代表取締役　八尾坂　克也,阿部　健一,,,令3. 6. 7,yakkyoku
薬局,15,7140242,有明大橋薬局,新潟市中央区有明大橋町３－３０,025-378-5039,笹菊薬品株式会社　代表取締役　長澤　吉明,牧　洋平,,,令3. 8. 12,yakkyoku
薬局,15,7140267,ウエルシア薬局新潟上所中店,新潟市中央区上所中１丁目１１番２３号,025-288-2055,ウエルシア薬局株式会社　代表取締役　田中　純一,齋藤　駿樹,,,令3. 11. 1,yakkyoku
薬局,15,7140275,ウエルシア薬局新潟新和店,新潟市中央区新和１－６６－１,025-282-2781,ウエルシア薬局株式会社　代表取締役　田中　純一,鷲津　陽子,,,令3. 11. 1,yakkyoku
薬局,15,7140341,クスリのアオキ川岸町薬局,新潟市中央区川岸町３丁目２１番地１,025-201-9080,株式会社クスリのアオキ　代表取締役　青木　宏憲,遠山　汐香,,,令4. 2. 1,yakkyoku
薬局,15,7140366,いずみ薬局　紫竹山店,新潟市中央区紫竹山１丁目７番３号,025-240-1777,株式会社たかとみ　代表取締役　阿部　尚美,五十嵐　郁乃,,,令4. 4. 1,yakkyoku
薬局,15,7140374,メッツ柳都薬局,新潟市中央区東湊町通一ノ町２５４５番地３,025-378-0634,株式会社メディック太陽　代表取締役　上村　宏,渋谷　悟史,,,令4. 4. 1,yakkyoku
薬局,15,7140382,ウエルシア薬局新潟弁天橋通店,新潟市中央区弁天橋通３丁目４番１３号,025-257-7051,ウエルシア薬局株式会社　代表取締役　田中　純一,赤阪　恵里香,,,令4. 5. 1,yakkyoku
薬局,15,7140390,みさき調剤薬局,新潟市中央区鳥屋野２丁目５－２４,025-250-0833,株式会社Ｍ・エイド　代表取締役　幸田　明,村松　晃太,,,令4. 5. 8,yakkyoku
薬局,15,7140408,笹菊万代薬局,新潟市中央区万代１－３－３０シルバーホテルビル２階,025-256-8500,笹菊薬品株式会社　代表取締役　長澤　吉明,下村　元,,,令4. 5. 1,yakkyoku
薬局,15,7140465,もみの木調剤薬局,新潟市中央区水島町３－２３八千代マンション１Ｆ,025-211-8707,有限会社ＰＲＩＭＥ　代表取締役　藤田　昇,藤田　昇,,,令4. 8. 30,yakkyoku
薬局,15,7140473,みずしま調剤薬局,新潟市中央区東大通２－３－２４サトウビル１Ｆ,025-290-5780,有限会社　和穂　代表取締役　野口　摂子,山崎　伸江,,,令4. 9. 1,yakkyoku
薬局,15,7140481,ココカラファイン薬局新潟駅前店,新潟市中央区東大通一丁目４番５号日生不動産新潟駅前ビル１Ｆ,025-241-7716,株式会社ココカラファインヘルスケア　代表取締役　岡澤　隆弘,佐藤　沙彩,,,令4. 11. 1,yakkyoku
薬局,15,7140549,ななかまど薬局,新潟市中央区西堀前通３番町７２６番地,025-211-8839,株式会社Ｍ・エイド　代表取締役　幸田　明,土橋　恵,,,令4. 12. 1,yakkyoku
薬局,15,7140572,ＡＬＰＨＡＳ薬局　天神尾店,新潟市中央区天神尾１丁目１１－８,025-384-4610,株式会社　エヌ・エム・アイ　代表取締役　岡本　圭介,寺尾　英明,,,令5. 1. 1,yakkyoku
薬局,15,7140598,薬局マツモトキヨシ　ＣｏＣｏＬｏ新潟店,新潟市中央区花園１丁目１番１号,025-250-1445,株式会社マツモトキヨシ甲信越販売　代表取締役　安藤　浩,小竹　かおり,,,令5. 3. 1,yakkyoku
薬局,15,7140622,ファイン調剤薬局,新潟市中央区浜浦町１丁目２４,025-232-3100,株式会社ジョイプランニング　代表取締役　新井　勝,矢端　和子,,,令5. 3. 1,yakkyoku
薬局,15,7140788,新潟天神尾薬局,新潟市中央区天神尾２丁目１１番１号,025-290-7467,株式会社ストレチア　代表取締役　山根　弘,山下　陽子,,,令5. 11. 1,yakkyoku
薬局,15,7140846,いずみ薬局　上所店,新潟市中央区上所中１丁目１２番１５号,025-281-2177,株式会社たかとみ　代表取締役　阿部　尚美,前澤　尚子,,,令6. 3. 1,yakkyoku
薬局,15,7141000,上近江薬局,新潟市中央区上近江４丁目７番２号,025-384-4962,株式会社ストレチア　代表取締役　山根　弘,板井　祐哉,,,令6. 11. 1,yakkyoku
薬局,15,7141018,浜浦町薬局,新潟市中央区浜浦町１丁目１８１－５,025-234-2182,株式会社ケンユウ　代表取締役　原　正,石崎　藍,,,令6. 9. 1,yakkyoku
薬局,15,7141026,ミヤサン薬局沼垂店,新潟市中央区沼垂西一丁目８番３号,025-243-4570,株式会社ミヤサンファーマシー　代表取締役　宮下　晃一,宮下　晃一,,,令6. 9. 1,yakkyoku
薬局,15,7141067,ほりのうち薬局,新潟市中央区堀之内南１丁目３２－１,025-282-7325,ファーマライズ株式会社　代表取締役　松浦　惠子,堀　温志,,,令6. 12. 1,yakkyoku
薬局,15,7141075,医学町調剤薬局,新潟市中央区医学町通２番町７４番地１,025-224-8080,株式会社　新潟ファーマシー　代表取締役　清水　忍,渡邊　桂,,,令6. 12. 1,yakkyoku
薬局,15,7141109,ファーマライズ薬局　学校町店,新潟市中央区学校町通三番町５３７－７,025-233-0557,ｎｅｘｔ　ＰＨ株式会社　代表取締役　松浦　惠子,坂井　喜久恵,,,令6. 12. 2,yakkyoku
薬局,15,7141117,ファーマライズ薬局　姥ケ山店,新潟市中央区姥ケ山５－１４－３３,025-257-1000,ｎｅｘｔ　ＰＨ株式会社　代表取締役　松浦　惠子,平井　悠晟,,,令6. 12. 2,yakkyoku
薬局,15,7141125,トリム薬局　姥ケ山店,新潟市中央区姥ケ山５－６－１８,025-256-8797,ｎｅｘｔ　ＰＨ株式会社　代表取締役　松浦　惠子,鈴木　善夫,,,令6. 12. 2,yakkyoku
薬局,15,7141166,しなの薬局　中央店,新潟市中央区上大川前通６－１１８２,025-226-6133,株式会社エーアンドエム　代表取締役　平野　正之,勝又　好子,,,令7. 1. 1,yakkyoku
薬局,15,7141174,しなの薬局　桜木店,新潟市中央区神道寺２丁目５番５号,025-242-3800,株式会社エーアンドエム　代表取締役　平野　正之,生田　裕輔,,,令7. 1. 1,yakkyoku
薬局,15,7141182,しもまち薬局,新潟市中央区田町１丁目３２３９番地１,025-226-7770,株式会社エーアンドエム　代表取締役　平野　正之,杉山　太一,,,令7. 1. 1,yakkyoku
薬局,15,7141190,しなの薬局　東万代店,新潟市中央区東万代町９番３８号ロイヤルパークスＥＲ万代１階,025-282-7800,株式会社エーアンドエム　代表取締役　平野　正之,櫻井　智尋,,,令7. 1. 1,yakkyoku
薬局,15,7141281,女池上山薬局,新潟市中央区女池上山２丁目８番２７号,025-280-1188,合同会社ペプタイド　代表社員　安達　博,織田　和子,,,令7. 5. 1,yakkyoku
薬局,15,7141307,みなみ調剤薬局　さいわい店,新潟市中央区幸西１－５－２０　メゾン八千代１階,025-290-2833,有限会社ディアカンパニー　代表取締役　石森　進一,廣　順平,,,令7. 6. 1,yakkyoku
薬局,15,7141331,万代調剤薬局　雪町,新潟市中央区雪町２０２２番地１,025-201-6067,株式会社メディカスタッフプロモーション　代表取締役　八尾坂　克也,宮下　和也,,,令7. 9. 1,yakkyoku
薬局,15,7141372,さやか薬局　万代店,新潟市中央区八千代２丁目２－１,025-241-7574,メディックス株式会社　代表取締役　西村　泰一,味戸　聖子,,,令7. 9. 1,yakkyoku
薬局,15,7141406,信濃町薬局,新潟市中央区信濃町１１番８号,025-378-3155,株式会社温心和堂　代表取締役　井村　健吾,井村　健吾,,,令7. 10. 1,yakkyoku
薬局,15,7141422,りんご薬局,新潟市中央区東大通２丁目１８４番地,025-278-8450,株式会社　恵温堂　代表取締役　山川　一弘,宮口　芙美子,,,令7. 12. 1,yakkyoku
薬局,15,7141463,西堀調剤薬局,新潟市中央区西堀通６番町８９１,025-222-5850,有限会社メディネット　代表取締役　山中　学,齋藤　信,,,令8. 2. 1,yakkyoku
薬局,15,0145198,有限会社　誠和調剤薬局　亀田店,新潟市江南区亀田緑町３丁目１－３０,025-382-0555,有限会社　誠和調剤薬局　代表取締役　佐藤　誠,大島　都,,,平8. 10. 1,yakkyoku
薬局,15,0145214,あがの調剤薬局,新潟市江南区横越中央２丁目１番９号,025-385-5204,株式会社　共栄堂　代表取締役　永田　浩史,松岡　徳子,,,平10. 1. 4,yakkyoku
薬局,15,0145222,けんこう調剤薬局,新潟市江南区亀田水道町１ー１ー４５,025-382-2138,有限会社　アスカ　代表取締役　内藤　稔,小野　将紀,,,平10. 1. 5,yakkyoku
薬局,15,0145248,あおぞら薬局,新潟市江南区泉町１ー１ー５,025-383-0051,越路商事株式会社　代表取締役　荻野　構一,小倉　ありさ,,,平10. 11. 2,yakkyoku
薬局,15,0145297,船戸山調剤薬局,新潟市江南区元町３丁目３番２８号,025-383-5351,笹菊薬品株式会社　代表取締役　長澤　吉明,田中　照美,,,平12. 8. 1,yakkyoku
薬局,15,0145313,梅の木調剤薬局,新潟市江南区亀田四ツ興野２丁目５番１３号,025-383-3333,有限会社　章草堂薬林　代表取締役　佐藤　一男,佐藤　学,,,平12. 10. 1,yakkyoku
薬局,15,0145339,ウエルシア薬局　亀田店,新潟市江南区亀田四ツ興野３－２－３３,025-383-5511,ウエルシア薬局株式会社　代表取締役　田中　純一,中山　隼大,,,平15. 5. 1,yakkyoku
薬局,15,0145990,ＡＬＰＨＡＳ薬局　向陽店,新潟市江南区亀田向陽１丁目３番３８号,025-382-8585,株式会社　エヌ・エム・アイ　代表取締役　岡本　圭介,太田　憲仁,,,平18. 9. 1,yakkyoku
薬局,15,0146451,あんず薬局,新潟市江南区亀田向陽３－２－２４,025-378-5512,株式会社　共栄堂　代表取締役　永田　浩史,五月女　洋子,,,平20. 4. 21,yakkyoku
薬局,15,0146832,そよかぜ薬局,新潟市江南区丸山４７３－８,025-276-1178,株式会社　共栄堂　代表取締役　永田　浩史,山口　久美子,,,平21. 10. 1,yakkyoku
薬局,15,0147343,袋津調剤薬局,新潟市江南区袋津５丁目１番３２号,025-381-2610,株式会社　エス・ケイファーマシー　代表取締役　亀山　豊惠,髙木　寛,,,平24. 1. 1,yakkyoku
薬局,15,0147558,おおぶち調剤薬局,新潟市江南区大淵字天神裏７２５－１,025-383-8885,株式会社　共栄堂　代表取締役　永田　浩史,圓山　匠,,,平24. 12. 1,yakkyoku
薬局,15,0147616,みずほ調剤薬局,新潟市江南区楚川甲１８０,025-278-8390,有限会社　メディカルサポート　代表取締役　幸田　明,相田　直美,,,平25. 6. 1,yakkyoku
薬局,15,0147988,共創未来　鐘木薬局,新潟市江南区鐘木６３６－８,025-288-0611,株式会社ファーマみらい　代表取締役　岡山　善郎,神田　園子,,,平25. 11. 1,yakkyoku
薬局,15,0148390,ウエルシア薬局新潟亀田駅前店,新潟市江南区旭２－１－７,025-383-0170,ウエルシア薬局株式会社　代表取締役　田中　純一,岩原　彩花,,,平27. 3. 1,yakkyoku
薬局,15,0148754,ファルマ亀田,新潟市江南区亀田向陽３－９－２１,025-385-8849,株式会社ファルレ　代表取締役　福崎　真崇,田村　郁子,,,平28. 7. 1,yakkyoku
薬局,15,0148861,かめだ調剤薬局,新潟市江南区西町３－１－４,025-381-0938,株式会社　共栄堂　代表取締役　永田　浩史,伊　由香里,,,平29. 2. 6,yakkyoku
薬局,15,0149752,ユニスマイル薬局　亀田向陽店,新潟市江南区亀田向陽１丁目３番５５号,025-382-1551,株式会社ユニスマイル　代表取締役　白　成澤,竹内　あゆみ,,,令2. 1. 1,yakkyoku
薬局,15,0149877,おん調剤薬局,新潟市江南区横越中央二丁目１４番地３２号,025-290-7835,テルペノイドファーマシー株式会社　代表取締役　田中　光生,田中　光生,,,令2. 5. 1,yakkyoku
薬局,15,0149885,セイコードー亀田薬局,新潟市江南区城所１－７－１２,025-383-3301,株式会社サンドラッグ　代表取締役　貞方　宏司,髙澤　なつき,,,令2. 4. 1,yakkyoku
薬局,15,7140192,ウエルシア薬局新潟横越店,新潟市江南区茜ケ丘２番１３号,025-383-2801,ウエルシア薬局株式会社　代表取締役　田中　純一,丸山　巧,,,令3. 5. 1,yakkyoku
薬局,15,7140358,調剤薬局ツルハドラッグ新潟亀田店,新潟市江南区稲葉１丁目１番５号,025-250-0755,株式会社ツルハ　代表取締役　八幡　政浩,木村　龍士,,,令4. 3. 1,yakkyoku
薬局,15,7140457,ケンユウきずな薬局,新潟市江南区荻曽根４丁目１番８号,025-250-0920,株式会社ケンユウ　代表取締役　原　正,清水　学,,,令4. 9. 1,yakkyoku
薬局,15,7140523,共栄堂薬局亀田大月店,新潟市江南区亀田大月２丁目４番３８号２,025-383-6762,株式会社　共栄堂　代表取締役　永田　浩史,阿部　裕大,,,令4. 12. 1,yakkyoku
薬局,15,7140689,パル調剤薬局,新潟市江南区亀田本町４－３－３,025-383-0502,株式会社　エス・ケイファーマシー　代表取締役　亀山　豊惠,林　孝則,,,令5. 5. 1,yakkyoku
薬局,15,7140986,クスリのアオキ船戸山薬局,新潟市江南区船戸山４丁目１０番１６号,025-212-9321,株式会社クスリのアオキ　代表取締役　青木　宏憲,三浦　祥宏,,,令6. 10. 1,yakkyoku
薬局,15,7140994,イオン薬局　新潟南店,新潟市江南区下早通柳田１丁目１番１号,025-383-1370,イオンリテール株式会社　代表取締役　古澤　康之,小泉　慶明,,,令6. 7. 28,yakkyoku
薬局,15,7141265,よこごし調剤薬局,新潟市江南区茜ケ丘２－３,025-385-3602,株式会社ＮＭＴ　代表取締役　上村　拓嗣,増子　洋太,,,令7. 3. 1,yakkyoku
薬局,15,7141380,りんどう調剤薬局,新潟市江南区早苗１丁目３番６号,025-384-8114,有限会社　章草堂薬林　代表取締役　佐藤　一男,佐藤　真喜子,,,令7. 9. 1,yakkyoku
薬局,15,0144381,株式会社　陽堂薬局,新潟市秋葉区新町１丁目１２－１５,0250-22-0939,株式会社　陽堂薬局　代表取締役　栃倉　充子,栃倉　充子,,,昭46. 4. 12,yakkyoku
薬局,15,0144423,株式会社　春日薬局,新潟市秋葉区新津本町三丁目９番１０号,0250-22-0638,株式会社　春日薬局　代表取締役　春日　健二,渡邉　隆,,,昭58. 4. 1,yakkyoku
薬局,15,0144431,新津薬局　おぎかわ店,新潟市秋葉区中野３丁目１１番２５号,0250-24-6322,有限会社　新津調剤薬局　代表取締役　坂爪　仁,坂爪　綾子,,,昭61. 8. 1,yakkyoku
薬局,15,0144563,出戸調剤薬局,新潟市秋葉区出戸１６４番地,0250-21-1277,有限会社　国東　代表取締役　宮本　剛二,宮本　剛二,,,平9. 9. 1,yakkyoku
薬局,15,0144647,フロンティア薬局新津店,新潟市秋葉区中村２７０番地２１,0250-24-6228,株式会社　フロンティア　代表取締役　重森　裕之,矢吹　正志,,,平14. 1. 1,yakkyoku
薬局,15,0144688,さくらんぼ薬局,新潟市秋葉区新津本町３丁目８－５,0250-21-0688,株式会社　アド・メディカル　代表取締役　今井　健太,坂井　慶一郎,,,平16. 4. 1,yakkyoku
薬局,15,0144696,みそら野薬局,新潟市秋葉区みそら野１丁目１３番地９,0250-21-2220,株式会社　共栄堂　代表取締役　永田　浩史,中村　友哉,,,平16. 4. 1,yakkyoku
薬局,15,0144704,エース調剤薬局,新潟市秋葉区あおば通１丁目７番１２号,0250-23-7009,有限会社　エースファーマシー　代表取締役　青柳　雅仁,青柳　雅仁,,,平16. 10. 1,yakkyoku
薬局,15,0145131,めぐみ薬局,新潟市秋葉区横川浜５４６－４,0250-38-5200,越路商事　株式会社　代表取締役　荻野　構一,荻野　綾子,,,平2. 12. 1,yakkyoku
薬局,15,0145305,こすど調剤薬局,新潟市秋葉区小須戸４０１ー２,0250-61-1900,株式会社　共栄堂　代表取締役　永田　浩史,羽鳥　賢人,,,平12. 9. 1,yakkyoku
薬局,15,0146493,中村薬局,新潟市秋葉区小須戸３３９９番地,0250-38-2313,中村　昭一,中村　昭一,,,平20. 7. 1,yakkyoku
薬局,15,0146576,共栄堂薬局　あきは店,新潟市秋葉区程島１８７６－１２,0250-47-3323,株式会社　共栄堂　代表取締役　永田　浩史,長橋　由季,,,平20. 10. 6,yakkyoku
薬局,15,0146972,ウエルシア薬局新潟さつき野店,新潟市秋葉区さつき野１丁目１番３６号,0250-21-7010,ウエルシア薬局株式会社　代表取締役　田中　純一,中沢　一禎,,,平22. 4. 1,yakkyoku
薬局,15,0147418,れもん薬局,新潟市秋葉区東金沢１６８３番地１,0250-21-3663,株式会社阿賀メディカル　代表取締役　佐藤　孟,石井　太士,,,平24. 4. 28,yakkyoku
薬局,15,0147517,フェニックス調剤薬局,新潟市秋葉区滝谷町４番２５号,0250-21-0804,株式会社　ファルマフェニックス　代表取締役　長井　知子,長井　知子,,,平24. 9. 1,yakkyoku
薬局,15,0147574,さくら調剤薬局,新潟市秋葉区古田２丁目７番１３号,0250-47-7851,株式会社エス・ケイファーマシー　代表取締役　亀山　豊惠,小林　聡,,,平25. 1. 1,yakkyoku
薬局,15,0147996,共創未来　新津薬局,新潟市秋葉区古田３－４－１６,0250-22-2778,株式会社ファーマみらい　代表取締役　岡山　善郎,麻生　祥恵,,,平25. 11. 1,yakkyoku
薬局,15,0148002,共創未来　けやき薬局,新潟市秋葉区新津本町１－３－４０,0250-21-1357,株式会社ファーマみらい　代表取締役　岡山　善郎,八木　聡子,,,平25. 11. 1,yakkyoku
薬局,15,0148010,共創未来　小須戸薬局,新潟市秋葉区小須戸１０７－３,0250-38-4077,株式会社ファーマみらい　代表取締役　岡山　善郎,昆　美幸,,,平25. 11. 1,yakkyoku
薬局,15,0148309,クスリのアオキさつき野薬局,新潟市秋葉区さつき野４丁目２０番１号,0250-25-6700,株式会社クスリのアオキ　代表取締役　青木　宏憲,石原　和樹,,,平26. 9. 1,yakkyoku
薬局,15,0148721,クスリのアオキ新津薬局,新潟市秋葉区新津４５２０番地３,0250-47-8290,株式会社クスリのアオキ　代表取締役　青木　宏憲,新保　沙織,,,平28. 6. 1,yakkyoku
薬局,15,0148796,共栄堂薬局,新潟市秋葉区新町１－６－６,0250-47-3027,株式会社共栄メディカルサポート　代表取締役　丸田　清美,林　泰弘,,,平28. 10. 1,yakkyoku
薬局,15,0148879,もみじ薬局,新潟市秋葉区程島１９７７番地８,0250-47-8705,株式会社ＹＭＴ　代表取締役　山﨑　哲宏,山﨑　哲宏,,,平29. 4. 1,yakkyoku
薬局,15,0148952,コスモ調剤薬局,新潟市秋葉区車場４－１１－６６,0250-23-4877,株式会社Ｍ・エイド　代表取締役　幸田　明,笹山　明子,,,平29. 4. 1,yakkyoku
薬局,15,0148986,みのり薬局,新潟市秋葉区東金沢１６８１－１,0250-23-1312,一般社団法人新潟メディカルプラン　代表理事　田邉　香織,大平　和雅,,,平29. 4. 1,yakkyoku
薬局,15,0149125,おぎかわ調剤薬局,新潟市秋葉区中野２丁目１９－１,0250-23-4193,株式会社　共栄堂　代表取締役　永田　浩史,渡部　龍,,,平29. 7. 18,yakkyoku
薬局,15,0149166,はづき調剤薬局　にいつ店,新潟市秋葉区新津東町２丁目４番２２号,0250-23-0022,有限会社アザス　代表取締役　石山　豊,上杉　知恵子,,,平29. 10. 1,yakkyoku
薬局,15,0149679,ひなた薬局,新潟市秋葉区新津東町３丁目４－８,0250-21-3155,一般社団法人新潟メディカルプラン　代表理事　田邉　香織,舘島　美智代,,,令元. 9. 1,yakkyoku
薬局,15,0149778,みゆき町薬局,新潟市秋葉区美幸町２丁目３番２１号,0250-21-4800,株式会社ユニスマイル　代表取締役　白　成澤,梅津　由香,,,令2. 1. 1,yakkyoku
薬局,15,0149893,セイコードーさつき野薬局,新潟市秋葉区北上新田７９５－６,0250-21-6060,株式会社サンドラッグ　代表取締役　貞方　宏司,小森　優太郎,,,令2. 4. 1,yakkyoku
薬局,15,0149927,藤井薬局,新潟市秋葉区小須戸３３９５番地,0250-38-2205,藤井　正人,藤井　春恵,,,令2. 4. 1,yakkyoku
薬局,15,7140069,ウエルシア薬局　新潟荻川店,新潟市秋葉区あおば通１丁目６－１７,0250-21-2130,ウエルシア薬局株式会社　代表取締役　田中　純一,明間　佳祐,,,令2. 10. 1,yakkyoku
薬局,15,7140234,わかば薬局,新潟市秋葉区新津本町２丁目４－３８,0250-23-2122,越路商事株式会社　代表取締役　荻野　構一,齋藤　有美,,,令3. 8. 8,yakkyoku
薬局,15,7140655,みなみ調剤薬局　古津店,新潟市秋葉区朝日２１０番１,0250-47-3148,有限会社　ディアカンパニー　代表取締役　石森　進一,山田　裕介,,,令5. 4. 1,yakkyoku
薬局,15,7140747,ドラッグトップス新津薬局,新潟市秋葉区程島１８６５－１,0250-21-0885,株式会社星光堂薬局　代表取締役　渡邉　崇,阿部　陽介,,,令5. 8. 1,yakkyoku
薬局,15,7140754,ウエルシア薬局新潟新津東町店,新潟市秋葉区新津東町３丁目８番２５号,0250-21-6101,ウエルシア薬局株式会社　代表取締役　田中　純一,真嶋　京,,,令5. 8. 1,yakkyoku
薬局,15,7140762,ウエルシア薬局新潟新津店,新潟市秋葉区新津４５０８番地,0250-47-3206,ウエルシア薬局株式会社　代表取締役　田中　純一,夏目　貴光,,,令5. 9. 1,yakkyoku
薬局,15,7140812,共栄堂薬局にいつ店,新潟市秋葉区新津５１４９－２２,0250-25-7855,株式会社　共栄堂　代表取締役　永田　浩史,黒澤　千明,,,令5. 11. 6,yakkyoku
薬局,15,7140820,下越いずみ薬局,新潟市秋葉区東金沢１６７７番地１,0250-24-1001,株式会社Ｒｕｈｍ　Ｈａｈｎ　代表取締役　川又　隆,青木　大地,,,令5. 12. 1,yakkyoku
薬局,15,7140945,ウエルシア薬局新潟小須戸店,新潟市秋葉区横川浜５２９番地,0250-47-5120,ウエルシア薬局株式会社　代表取締役　田中　純一,金田　明寿,,,令6. 8. 1,yakkyoku
薬局,15,7141398,本町調剤薬局　古田店,新潟市秋葉区古田６５４番４,0250-21-0330,株式会社本町調剤薬局　代表取締役　佐藤　一,大場　茂樹,,,令7. 9. 1,yakkyoku
薬局,15,7141547,みなみ調剤薬局　新津店,新潟市秋葉区新津本町１－７－２１,0250-21-4055,有限会社ディアカンパニー　代表取締役　石森　進一,松原　涼,,,令8. 6. 1,yakkyoku
薬局,15,0144837,白根ひかり調剤薬局,新潟市南区親和町１０番２３号,025-373-4505,有限会社　新光　取締役　江口　達也,髙橋　勝己,,,平12. 4. 21,yakkyoku
薬局,15,0144860,ネギシ薬局,新潟市南区高井東１丁目３番２７号,025-362-1911,有限会社　ネギシ薬局　代表取締役　結城　浩孝,結城　浩孝,,,平16. 4. 1,yakkyoku
薬局,15,0145792,全快堂薬局,新潟市南区能登１丁目１２番７号,025-372-2308,渡邉　誠,渡邉　誠,,,平18. 1. 31,yakkyoku
薬局,15,0145800,布川薬局,新潟市南区庄瀬１１１２番地４,025-372-2965,有限会社　布川メディカル　代表取締役　布川　千穂,布川　千穂,,,平18. 3. 1,yakkyoku
薬局,15,0146345,アサヒ調剤薬局中央通店,新潟市南区上下諏訪木６８９,025-373-6610,有限会社　ワークウェル　代表取締役　井上　勇人,杉山　早苗,,,平20. 2. 1,yakkyoku
薬局,15,0146592,アイン薬局　西白根店,新潟市南区西白根４０－７,025-371-5585,株式会社アイン北陸　代表取締役　野澤　浩司,山本　麻美,,,平20. 11. 1,yakkyoku
薬局,15,0146634,北新調剤薬局白根店,新潟市南区白根２７４８－３,025-201-8155,有限会社　北新　代表取締役　小浦方　洋一,小浦方　洋一,,,平21. 1. 1,yakkyoku
薬局,15,0146980,ＡＬＰＨＡＳ薬局　日の出店,新潟市南区戸頭１３７１－１,025-201-7277,株式会社　エヌ・エム・アイ　代表取締役　岡本　圭介,長谷川　洋,,,平22. 4. 1,yakkyoku
薬局,15,0147293,クローバー薬局,新潟市南区能登二丁目８－８,025-378-1232,有限会社　カルメ　取締役　吉村　和記,丸山　和哉,,,平23. 8. 1,yakkyoku
薬局,15,0147368,アサヒ調剤薬局西笠巻店,新潟市南区西笠巻字川原６６番地３,025-371-5556,株式会社　ワークウェルファーマシーズ　代表取締役　堀越　昭,浅妻　寿子,,,平24. 1. 1,yakkyoku
薬局,15,0147541,イオン薬局白根店,新潟市南区能登４０９－２,025-364-0401,イオンリテール株式会社　代表取締役　古澤　康之,堀井　崇充,,,平24. 10. 1,yakkyoku
薬局,15,0148028,共創未来　能登薬局,新潟市南区親和町７－１９,025-371-0537,株式会社ファーマみらい　代表取締役　岡山　善郎,槇口　美由紀,,,平25. 11. 1,yakkyoku
薬局,15,0148408,しろね薬局,新潟市南区上下諏訪木９２２番－１,025-211-4001,株式会社アイメドテック　代表取締役　高野　茂,星　陽介,,,平27. 5. 1,yakkyoku
薬局,15,0148556,ピーチ薬局,新潟市南区親和町６番２０号,025-371-1711,株式会社　ティーアンドケイ　代表取締役　塩津　強,塩津　強,,,平28. 1. 1,yakkyoku
薬局,15,0148564,しみず調剤薬局,新潟市南区清水２５０－８,025-375-5577,大協薬品株式会社　代表取締役　小林　正,遠藤　友美,,,平28. 1. 4,yakkyoku
薬局,15,0148622,アサヒ調剤薬局,新潟市南区上下諏訪木９４１番地６,025-373-4193,有限会社　ワークウェル　代表取締役　井上　勇人,横地　尚之,,,平28. 2. 1,yakkyoku
薬局,15,0149349,ウエルシア薬局　新潟白根店,新潟市南区能登４２５－１,025-372-8006,ウエルシア薬局株式会社　代表取締役　田中　純一,山田　憲一,,,平30. 10. 1,yakkyoku
薬局,15,0149455,トリム薬局　白根大通店,新潟市南区鷲ノ木新田字諏訪木島５７２３－３,025-370-6105,ファーマライズ株式会社　代表取締役　松浦　惠子,堀内　佐知子,調剤,,平31. 3. 1,yakkyoku
薬局,15,0149463,白根センター薬局,新潟市南区上下諏訪木字論地９２５番地１,025-372-5151,ファーマライズ株式会社　代表取締役　松浦　惠子,阿部　麻起子,調剤,,平31. 3. 1,yakkyoku
薬局,15,0149489,さくら薬局,新潟市南区白根１４７７－１,025-372-5160,ファーマライズ株式会社　代表取締役　松浦　惠子,原田　敏之,調剤,,平31. 3. 1,yakkyoku
薬局,15,0149687,笹菊にいだ薬局,新潟市南区新飯田９７５番６,025-378-0133,笹菊薬品株式会社　代表取締役　長澤　吉明,桐原　祐子,,,令元. 9. 1,yakkyoku
薬局,15,7140226,クスリのアオキ白根能登薬局,新潟市南区能登７５１番地１,025-378-1921,株式会社クスリのアオキ　代表取締役　青木　宏憲,大橋　静江,,,令3. 8. 1,yakkyoku
薬局,15,7140879,白根中央薬局,新潟市南区白根２４４３－２,025-201-8883,株式会社Ｒｕｈｍ　Ｈａｈｎ　代表取締役　川又　隆,猪股　邦彦,,,令6. 6. 1,yakkyoku
薬局,15,7141273,白根調剤薬局,新潟市南区白根３０２３番地,025-371-5151,大協薬品株式会社　代表取締役　小林　正,猪股　圭吾,,,令7. 4. 7,yakkyoku
薬局,15,7141471,万代調剤薬局　月潟,新潟市南区月潟６８６番地１,025-378-2424,株式会社メディカスタッフプロモーション　代表取締役　八尾坂　克也,金山　俊樹,,,令8. 2. 1,yakkyoku
薬局,15,0142054,有限会社　誠和調剤薬局,新潟市西区青山５丁目１０番２１号,025-267-8020,有限会社　誠和調剤薬局　代表取締役　佐藤　誠,小野　妙子,,,平6. 3. 1,yakkyoku
薬局,15,0142138,寺尾前調剤薬局,新潟市西区寺尾前通３丁目２－１９,025-231-1380,株式会社　共栄堂　代表取締役　永田　浩史,池田　佐和子,,,平6. 5. 1,yakkyoku
薬局,15,0142690,セイケン調剤薬局　赤塚店,新潟市西区山崎１１３８,025-239-3353,有限会社　セイケン　代表取締役　中野　悦孝,金内　明子,,,平9. 6. 2,yakkyoku
薬局,15,0142922,坂井東調剤薬局,新潟市西区坂井東６丁目２９番３２号,025-269-7330,山田薬品株式会社　代表取締役　櫻井　信幸,吉田　智彰,,,平10. 2. 16,yakkyoku
薬局,15,0143086,かがやき薬局,新潟市西区坂井砂山４ー１４ー１０,025-260-5299,有限会社　大町調剤薬局　代表取締役　西村　貴光,蛯谷　真美子,,,平10. 10. 1,yakkyoku
薬局,15,0143102,大学みなみ薬局,新潟市西区大学南１丁目７８０４ー１０,025-261-6128,斎藤　明子,斎藤　明子,,,平10. 10. 1,yakkyoku
薬局,15,0143144,坂井調剤薬局,新潟市西区坂井９５１番地,025-268-6613,笹菊薬品株式会社　代表取締役　長澤　吉明,池乘　由紀子,,,平10. 11. 2,yakkyoku
薬局,15,0143219,はづき調剤薬局,新潟市西区浦山３丁目３ー６,025-234-7001,有限会社　アザス　代表取締役　石山　豊,安倍　純子,,,平11. 4. 5,yakkyoku
薬局,15,0143359,ＡＬＰＨＡＳ薬局　五十嵐東店,新潟市西区五十嵐東１丁目１０番５号,025-260-8022,株式会社　エヌ・エム・アイ　代表取締役　岡本　圭介,櫻井　友里子,,,平12. 5. 1,yakkyoku
薬局,15,0143391,ありあけ調剤薬局,新潟市西区真砂１ー１３ー１７,025-234-0650,株式会社　共栄堂　代表取締役　永田　浩史,佐々木　直子,,,平12. 6. 1,yakkyoku
薬局,15,0143425,みなみ調剤薬局　小新西店,新潟市西区小新西３丁目１４番９号,025-234-3330,有限会社　アンク　代表取締役　石森　進一,鶴巻　息吹,,,平12. 9. 4,yakkyoku
薬局,15,0143540,株式会社　本町調剤薬局　黒埼店,新潟市西区鳥原６４３－７,025-370-6260,株式会社本町調剤薬局　代表取締役　佐藤　一,坂井　昂広,,,平12. 6. 1,yakkyoku
薬局,15,0143706,前田薬局,新潟市西区坂井東２丁目２－３７,025-264-4882,有限会社あさひファーマシー　代表取締役　前田　正則,藤澤　恭子,,,平13. 5. 1,yakkyoku
薬局,15,0143813,アイン薬局　ときめき店,新潟市西区ときめき西４丁目１３番２号,025-201-1230,株式会社アイン北陸　代表取締役　野澤　浩司,御小柴　優子,,,平13. 12. 1,yakkyoku
薬局,15,0143854,フロンティア薬局五十嵐店,新潟市西区五十嵐３の町東２２番３２号,025-239-5022,株式会社　フロンティア　代表取締役　重森　裕之,浦　英生,,,平14. 1. 1,yakkyoku
薬局,15,0144241,フロンティア薬局西新潟店,新潟市西区松海が丘２丁目２５番２９号,025-260-6841,株式会社　フロンティア　代表取締役　重森　裕之,赤塚　末十,,,平16. 7. 1,yakkyoku
薬局,15,0144324,ウエルシア薬局　新潟小新店,新潟市西区小新４－１０６－１,025-234-5211,ウエルシア薬局株式会社　代表取締役　田中　純一,大沼　由里子,,,平16. 10. 1,yakkyoku
薬局,15,0144332,やまだ薬局,新潟市西区山田３９３,025-232-2334,有限会社　エ　ビ　ス　代表取締役　渡辺　哲行,渡辺　哲行,,,平16. 10. 22,yakkyoku
薬局,15,0145461,しなの薬局　西小針店,新潟市西区西小針台２丁目１番３５号,025-231-3644,株式会社エーアンドエム　代表取締役　平野　正之,田中　瑞己,,,平17. 4. 8,yakkyoku
薬局,15,0145487,松海が丘薬局,新潟市西区松海が丘１丁目１３番２２号,025-234-4445,株式会社ケンユウ　代表取締役　原　正,田邊　裕一,,,平17. 4. 7,yakkyoku
薬局,15,0145776,にしむら薬局　浦山店,新潟市西区浦山１－３－３０青山ハイツ１Ｆ,025-233-2886,株式会社　新潟ファーマシー　代表取締役　清水　忍,高橋　彼奈子,,,平17. 11. 1,yakkyoku
薬局,15,0145842,ライフ薬局,新潟市西区新通南３－１－２６,025-239-4000,株式会社　共栄堂　代表取締役　永田　浩史,佐藤　里佳,,,平18. 4. 7,yakkyoku
薬局,15,0146147,ドラッグトップス新通薬局,新潟市西区新通１０５７,,株式会社星光堂薬局　代表取締役　渡邉　崇,髙橋　悠,,,平19. 6. 19,yakkyoku
薬局,15,0146246,かすみ調剤薬局,新潟市西区小針３－３１－３,025-211-3200,株式会社　共栄堂　代表取締役　永田　浩史,清水　智恵子,,,平19. 10. 10,yakkyoku
薬局,15,0146337,共栄堂薬局寺尾朝日通店,新潟市西区寺尾朝日通１６－２９,025-378-8771,株式会社　共栄堂　代表取締役　永田　浩史,池亀　美奈子,,,平20. 1. 15,yakkyoku
薬局,15,0146543,さかいむらかみ調剤薬局,新潟市西区坂井１０３０番５,025-260-8111,有限会社　エーエムファーマシー　代表取締役　綿屋　昭路,春日　忠洋,,,平20. 9. 1,yakkyoku
薬局,15,0146683,しなの薬局　寺尾東店,新潟市西区寺尾東２－１４－５,025-269-0390,株式会社エーアンドエム　代表取締役　平野　正之,本永　智識,,,平21. 4. 20,yakkyoku
薬局,15,0146873,クスリのアオキ青山薬局,新潟市西区青山１丁目２番３号,025-234-4131,株式会社　クスリのアオキ　代表取締役　青木　宏憲,近藤　みゆき,,,平21. 11. 9,yakkyoku
薬局,15,0147012,うちの西が丘薬局,新潟市西区内野西が丘３丁目２４番１９号,025-264-6060,株式会社　共栄堂　代表取締役　永田　浩史,古俣　由美子,,,平22. 4. 19,yakkyoku
薬局,15,0147103,はまなす薬局,新潟市西区内野町５３番地１２,025-263-4400,株式会社アイメドテック　代表取締役　高野　茂,平賀　義人,,,平22. 11. 1,yakkyoku
薬局,15,0147277,ウエルシア薬局新潟大学前店,新潟市西区坂井７４６－１,025-264-1120,ウエルシア薬局株式会社　代表取締役　田中　純一,白井　智也,,,平23. 7. 1,yakkyoku
薬局,15,0147301,こかげ調剤薬局,新潟市西区小新南２－５－２２,025-234-6060,株式会社　共栄堂　代表取締役　永田　浩史,丸山　翔太郎,,,平23. 9. 1,yakkyoku
薬局,15,0147434,ケンユウ青山薬局,新潟市西区青山１丁目２－１９,025-230-7700,株式会社ケンユウ　代表取締役　原　正,鈴木　佐和子,,,平24. 5. 1,yakkyoku
薬局,15,0147533,アイン薬局　青山店,新潟市西区青山４丁目１番２７号,025-234-4411,株式会社アイン北陸　代表取締役　野澤　浩司,古谷　庸子,,,平24. 10. 1,yakkyoku
薬局,15,0147590,イオン薬局新潟青山店,新潟市西区青山２－５－１,025-201-9112,イオンリテール株式会社　代表取締役　古澤　康之,堀内　正輝,,,平25. 4. 18,yakkyoku
薬局,15,0147608,あるも薬局　善久店,新潟市西区善久１０８－９,025-211-8830,株式会社　Ｂｌｏｏｍｉｎｇ　Ｓｏｕｌ　代表取締役　新沼　徹,清水　英勇,,,平25. 6. 1,yakkyoku
薬局,15,0147749,ココカラファイン薬局寺地店,新潟市西区寺地５０１番地,025-232-7157,株式会社ココカラファインヘルスケア　代表取締役　岡澤　隆弘,本多　加奈,,,平25. 10. 1,yakkyoku
薬局,15,0147756,ココカラファイン薬局新通店,新潟市西区新通南２丁目１８番２４号,025-239-4600,株式会社ココカラファインヘルスケア　代表取締役　岡澤　隆弘,髙橋　いつか,,,平25. 10. 1,yakkyoku
薬局,15,0147764,コダマ調剤薬局　山田店,新潟市西区山田４０８番地１,025-364-5477,株式会社ココカラファインヘルスケア　代表取締役　岡澤　隆弘,廣井　健太,,,平25. 10. 1,yakkyoku
薬局,15,0148051,共創未来　小針薬局,新潟市西区小針６－３３－１８,025-233-1635,株式会社ファーマみらい　代表取締役　岡山　善郎,加藤　文子,,,平25. 11. 1,yakkyoku
薬局,15,0148093,共創未来　寺地薬局,新潟市西区寺地４９８－２,025-234-1266,株式会社ファーマみらい　代表取締役　岡山　善郎,和氣　理永,,,平25. 11. 1,yakkyoku
薬局,15,0148119,共創未来　有明薬局,新潟市西区松美台３－１８,025-210-4664,株式会社ファーマみらい　代表取締役　岡山　善郎,佐藤　弘規,,,平25. 11. 1,yakkyoku
薬局,15,0148234,青山調剤薬局,新潟市西区青山７丁目３番２０号６,025-378-0862,株式会社アイメドテック　代表取締役　高野　茂,佐藤　忠行,,,平26. 5. 1,yakkyoku
薬局,15,0148242,えびす調剤薬局,新潟市西区小針１丁目３３－２３,025-230-6367,有限会社メディカルサポート　代表取締役　幸田　明,梨本　弓子,,,平26. 4. 1,yakkyoku
薬局,15,0148259,ファーマ・ステーション　レイク薬局,新潟市西区赤塚５６１４－３,025-239-1910,有限会社　新潟大手薬局　代表取締役　佐藤　計介,井上　和子,,,平26. 4. 1,yakkyoku
薬局,15,0148291,ウエルシア薬局新潟亀貝店,新潟市西区亀貝１２３４－１,025-211-0280,ウエルシア薬局株式会社　代表取締役　田中　純一,春山　初代,,,平26. 8. 1,yakkyoku
薬局,15,0148333,小新白鳥薬局,新潟市西区小新５丁目８番６６号,025-378-2005,株式会社　共栄堂　代表取締役　永田　浩史,倉田　歩,,,平26. 10. 1,yakkyoku
薬局,15,0148440,ありあけ調剤薬局まさご店,新潟市西区真砂１丁目２１番５２号１,025-201-3110,株式会社　共栄堂　代表取締役　永田　浩史,宮村　真美子,,,平27. 7. 1,yakkyoku
薬局,15,0148663,大手薬局黒埼店,新潟市西区鳥原成巻１９１－８,025-211-8072,有限会社大手薬局　代表取締役　佐藤　達夫,駒沢　睦美,,,平28. 4. 1,yakkyoku
薬局,15,0148804,ウエルシア薬局　新潟西内野店,新潟市西区内野西が丘３丁目２０番７号,025-264-6800,ウエルシア薬局株式会社　代表取締役　田中　純一,梅川　奈緒,,,平28. 12. 1,yakkyoku
薬局,15,0148853,大手薬局　平島店,新潟市西区平島１丁目１８－２３,025-201-8862,有限会社新潟大手薬局　代表取締役　佐藤　計介,山田　浩文,,,平29. 2. 1,yakkyoku
薬局,15,0148978,おおぼり薬局,新潟市西区寺尾東３－８－２,025-269-6771,一般社団法人新潟メディカルプラン　代表理事　田邉　香織,金谷　諭,,,平29. 4. 1,yakkyoku
薬局,15,0149174,ウエルシア薬局　青山店,新潟市西区東青山１－２５－２,025-234-5821,ウエルシア薬局株式会社　代表取締役　田中　純一,内藤　圭,,,平29. 11. 20,yakkyoku
薬局,15,0149323,クスリのアオキ　坂井砂山薬局,新潟市西区坂井砂山２丁目１９番１８号,025-211-2612,株式会社クスリのアオキ　代表取締役　青木　宏憲,山崎　純一朗,,,平30. 7. 1,yakkyoku
薬局,15,0149364,健康堂薬局　ときめき西店,新潟市西区ときめき西１丁目１－１９ときめき西１丁目駒沢医療ビル１Ｆ,025-378-0167,株式会社健康堂薬品　代表取締役　齊藤　英彰,渡邊　雅雪,,,平30. 11. 1,yakkyoku
薬局,15,0149414,アイン薬局　寺地店,新潟市西区寺地４５３番６号,025-233-5355,株式会社アイン北陸　代表取締役　野澤　浩司,伊藤　学,,,平30. 12. 1,yakkyoku
薬局,15,0149505,前田薬局　内野中央店,新潟市西区内野町６１２番地１,025-378-3425,有限会社あさひファーマシー　代表取締役　前田　正則,柴﨑　昌子,調剤,,平31. 4. 1,yakkyoku
薬局,15,0149596,メッツ小新薬局,新潟市西区小新南２丁目１番１０号イオン新潟西店,025-201-6009,株式会社メディック太陽　代表取締役　上村　宏,横山　麻美,,,令元. 5. 1,yakkyoku
薬局,15,0149760,ユニスマイル薬局　小針店,新潟市西区小針７－１０－１２,025-231-1080,株式会社ユニスマイル　代表取締役　白　成澤,松田　鮎希,,,令2. 1. 1,yakkyoku
薬局,15,0149810,ユニスマイル薬局　さかい店,新潟市西区坂井９３２－１１,025-264-7030,株式会社ユニスマイル　代表取締役　白　成澤,沖坂　裕也,,,令2. 1. 1,yakkyoku
薬局,15,7140044,クスリのアオキ小新薬局,新潟市西区小新西２丁目１９番３４号,025-211-8476,株式会社クスリのアオキ　代表取締役　青木　宏憲,佐藤　桃子,,,令2. 9. 1,yakkyoku
薬局,15,7140093,クスリのアオキ寺尾台薬局,新潟市西区寺尾台３丁目１番５号,025-201-8831,株式会社クスリのアオキ　代表取締役　青木　宏憲,須川　岳志,,,令2. 11. 1,yakkyoku
薬局,15,7140135,ウエルシア薬局新潟寺尾店,新潟市西区寺尾上６丁目１番６号,025-211-0818,ウエルシア薬局株式会社　代表取締役　田中　純一,濱田　怜奈,,,令3. 1. 28,yakkyoku
薬局,15,7140184,ベルサイド薬局,新潟市西区山田４７８番９,025-374-7650,イーアールエー株式会社　代表取締役　江良　直哉,木部　博文,,,令3. 5. 1,yakkyoku
薬局,15,7140283,新潟山田薬局,新潟市西区山田３３９９番地２,025-378-3180,株式会社ストレチア　代表取締役　山根　弘,佐藤　央記,,,令3. 11. 1,yakkyoku
薬局,15,7140291,ファーマライズ薬局　西新潟店,新潟市西区坂井砂山４丁目１４番２号,025-201-8781,ファーマライズ株式会社　代表取締役　松浦　惠子,結城　洋子,,,令3. 12. 1,yakkyoku
薬局,15,7140424,しなの薬局　西大通店,新潟市西区小針西２丁目１２番１６号,025-201-9412,株式会社エーアンドエム　代表取締役　平野　正之,瀧澤　淳,,,令4. 7. 1,yakkyoku
薬局,15,7140515,メッツ黒埼薬局,新潟市西区山田６４５－３,025-201-8601,株式会社メディック太陽　代表取締役　上村　宏,磯山　恒,,,令4. 11. 1,yakkyoku
薬局,15,7140564,青山中央薬局,新潟市西区東青山１丁目８番３,025-211-4580,合同会社ペプタイド　代表社員　安達　博,安達　博,,,令4. 12. 1,yakkyoku
薬局,15,7140614,アイン薬局　新潟信楽園前店,新潟市西区新通南３丁目３番地１１,025-268-8525,株式会社アイン北陸　代表取締役　野澤　浩司,齋藤　奈穂,,,令5. 3. 6,yakkyoku
薬局,15,7140648,なごみ調剤薬局,新潟市西区山田５０３－１,025-377-7555,株式会社ジョイプランニング　代表取締役　新井　勝,髙見　美佳,,,令5. 3. 1,yakkyoku
薬局,15,7140663,大手薬局　小針店,新潟市西区小針２丁目４１番１０号,025-201-9802,有限会社　新潟大手薬局　代表取締役　佐藤　計介,石塚　礼奈,,,令5. 5. 1,yakkyoku
薬局,15,7140697,さかいわ調剤薬局,新潟市西区寺尾東３－９－６,025-264-1855,株式会社　共栄堂　代表取締役　永田　浩史,中林　紀子,,,令5. 5. 8,yakkyoku
薬局,15,7140705,マロン薬局,新潟市西区小新大通２丁目１番２７号,025-234-7655,有限会社メディネット　代表取締役　山中　学,松井　健,,,令5. 5. 1,yakkyoku
薬局,15,7140721,万代調剤薬局　西店,新潟市西区五十嵐一の町６２８６番地９,025-379-5250,株式会社　メディカスタッフプロモーション　代表取締役　八尾坂　克也,新保　景子,,,令5. 6. 1,yakkyoku
薬局,15,7140796,こばり西大通薬局,新潟市西区小針上山１０－２８小針荒川ビル１階,025-378-4511,株式会社ファルレ　代表取締役　福崎　真崇,福崎　真崇,,,令5. 11. 13,yakkyoku
薬局,15,7140838,しなの薬局　小針店,新潟市西区小針４－４－１８,025-231-0775,株式会社エーアンドエム　代表取締役　平野　正之,江夏　照晋,,,令6. 1. 1,yakkyoku
薬局,15,7140887,フレンド薬局,新潟市西区中権寺２３８７－３,025-261-4355,株式会社ＮＭＴ　代表取締役　上村　拓嗣,山田　圭介,,,令6. 4. 1,yakkyoku
薬局,15,7140952,ドラッグトップス小針薬局,新潟市西区小針４－１４－７,025-230-1390,株式会社星光堂薬局　代表取締役　渡邉　崇,渡邉　隆広,,,令6. 9. 1,yakkyoku
薬局,15,7140960,ＡＬＰＨＡＳ薬局　真砂店,新潟市西区真砂３丁目１１番７号２,025-201-7560,株式会社エヌ・エム・アイ　代表取締役　岡本　圭介,井田　和祐,,,令6. 10. 1,yakkyoku
薬局,15,7141133,ファーマライズ薬局　新大駅前店,新潟市西区坂井砂山４丁目１６番２９号,025-269-1510,ｎｅｘｔ　ＰＨ株式会社　代表取締役　松浦　惠子,杵鞭　典子,,,令6. 12. 2,yakkyoku
薬局,15,7141141,ファーマライズ薬局　寺尾店,新潟市西区五十嵐東１丁目１番１６号,025-378-0781,ｎｅｘｔ　ＰＨ株式会社　代表取締役　松浦　惠子,中村　祥,,,令6. 12. 2,yakkyoku
薬局,15,7141208,しなの薬局　新通店,新潟市西区新通南３－２－１６,025-211-1112,株式会社エーアンドエム　代表取締役　平野　正之,片岡　啓,,,令7. 1. 1,yakkyoku
薬局,15,7141216,イオン薬局黒埼店,新潟市西区山田２０－１,025-379-1084,イオンリテール株式会社　代表取締役　古澤　康之,平塚　岳人,,,令7. 3. 1,yakkyoku
薬局,15,7141257,笹菊平島薬局,新潟市西区平島１－１７－１,025-233-8972,笹菊薬品株式会社　代表取締役　長澤　吉明,齋藤　大幸,,,令7. 2. 24,yakkyoku
薬局,15,7141315,ケンユウなつめ薬局,新潟市西区東青山１丁目６番地３,025-211-8852,株式会社ケンユウ　代表取締役　原　正,米田　浩資,,,令7. 10. 1,yakkyoku
薬局,15,7141448,あさひ薬局　小針店,新潟市西区小針３丁目２４－８,025-378-3330,株式会社　井上カンパニー　代表取締役　山中　学,森川　智幸,,,令8. 4. 1,yakkyoku
薬局,15,7141455,共栄堂薬局こばり店,新潟市西区小針３丁目３０番３号,025-211-3135,株式会社　共栄堂　　代表取締役　永田　浩史,渡邉　紘和,,,令8. 4. 1,yakkyoku
薬局,15,7141489,ＡＬＰＨＡＳ薬局　平島店,新潟市西区平島３丁目７番１４,025-378-8880,株式会社エヌ・エム・アイ　代表取締役　岡本　圭介,井　明香,,,令8. 5. 1,yakkyoku
薬局,15,7141497,イオン薬局新潟西店,新潟市西区小新南２－１－１０,025-232-2211,イオンリテール株式会社　代表取締役　古澤　康之,田中　英俊,,,令8. 3. 4,yakkyoku
薬局,15,7141505,ケンユウ陽だまり薬局,新潟市西区寺尾６－３７,025-374-7261,株式会社ケンユウ　　代表取締役　原　正,原　正,,,令8. 5. 1,yakkyoku
薬局,15,7141521,みなみ調剤薬局　坂井東店,新潟市西区坂井東４－３－２５,025-211-4923,有限会社　アンク　代表取締役　石森　進一,田中　将太,,,令8. 5. 1,yakkyoku
薬局,15,7141554,てらお薬局,新潟市西区寺尾東１丁目１８番２２号２,025-269-2152,株式会社エムシード　代表取締役　鈴木　雅基,長谷川　伸佳,,,令8. 6. 1,yakkyoku
薬局,15,0145602,株式会社　本町調剤薬局巻店,新潟市西蒲区巻字新道甲３２７６－５,0256-72-1153,株式会社本町調剤薬局　代表取締役　佐藤　一,本間　雅克,,,平6. 5. 1,yakkyoku
薬局,15,0145636,さんあい調剤薬局,新潟市西蒲区巻甲２５９８番地５,0256-72-1616,有限会社　サンアイ　代表取締役　今川　京子,伊藤　俊彦,,,平9. 11. 1,yakkyoku
薬局,15,0145651,有限会社　松花堂　マツヤ薬局,新潟市西蒲区巻甲２９２７－５,0256-72-2132,有限会社松花堂　マツヤ薬局　代表取締役　笛木　司,笛木　司,,,平10. 6. 1,yakkyoku
薬局,15,0145719,ライム調剤薬局,新潟市西蒲区巻甲４６５１－１,0256-73-6000,株式会社　共栄堂　代表取締役　永田　浩史,植木　洋子,,,平17. 4. 8,yakkyoku
薬局,15,0146717,しなの薬局　和納店,新潟市西蒲区和納１丁目９番６号,0256-82-1260,株式会社エーアンドエム　代表取締役　平野　正之,寺久保　修,,,平21. 6. 1,yakkyoku
薬局,15,0147160,巻駅前調剤薬局,新潟市西蒲区巻甲２５１７番地１,0256-78-7802,株式会社　薬林堂　代表取締役　林　静一,林　静一,,,平23. 5. 1,yakkyoku
薬局,15,0147491,はせがわ薬局,新潟市西蒲区巻甲２２４８番地２,0256-72-2212,長谷川　睦男,長谷川　睦男,,,平24. 8. 1,yakkyoku
薬局,15,0148358,白野薬局,新潟市西蒲区東小吉１１８－１,025-375-2121,白野　明,白野　明,,,平26. 11. 1,yakkyoku
薬局,15,0148572,河間調剤薬局,新潟市西蒲区河間５４６,025-375-1344,大協薬品株式会社　代表取締役　小林　正,渡邉　めぐみ,,,平28. 1. 4,yakkyoku
薬局,15,0148580,みさと調剤薬局,新潟市西蒲区押付２６０－１,0256-88-0535,大協薬品株式会社　代表取締役　小林　正,荒井　紫乃,,,平28. 1. 4,yakkyoku
薬局,15,0148598,小吉調剤薬局,新潟市西蒲区小吉１１４０－１,025-375-5671,大協薬品株式会社　代表取締役　小林　正,川瀬　晃子,,,平28. 1. 4,yakkyoku
薬局,15,0148895,ケンユウ西蒲薬局,新潟市西蒲区旗屋５０３番地２,0256-88-4193,株式会社ケンユウ　代表取締役　原　正,石田　正人,,,平29. 4. 1,yakkyoku
薬局,15,0149240,ふたば薬局,新潟市西蒲区巻甲２４６５番地１,0256-78-8961,株式会社エムシード　代表取締役　鈴木　雅基,児玉　文,,,平30. 4. 1,yakkyoku
薬局,15,0149406,ウエルシア薬局　巻店,新潟市西蒲区巻甲４７７７－１,0256-73-7303,ウエルシア薬局株式会社　代表取締役　田中　純一,洲脇　武身,,,平31. 1. 1,yakkyoku
薬局,15,0149448,トリム西蒲薬局,新潟市西蒲区巻甲４３６８番地１５,0256-73-6677,ファーマライズ株式会社　代表取締役　松浦　惠子,齋藤　希,調剤,,平31. 3. 1,yakkyoku
薬局,15,0149661,みなみ調剤薬局　曽根店,新潟市西蒲区曽根２３－１,0256-88-0017,有限会社　ディアカンパニー　代表取締役　石森　進一,矢尾板　智子,,,令元. 8. 1,yakkyoku
薬局,15,0149919,セイコードー潟東薬局,新潟市西蒲区熊谷字諏訪５４９,0256-70-5353,株式会社サンドラッグ　代表取締役　貞方　宏司,山﨑　真理,,,令2. 4. 1,yakkyoku
薬局,15,0149968,共栄堂薬局にしかわ店,新潟市西蒲区鱸１２５－２,0256-78-7791,株式会社　共栄堂　代表取締役　永田　浩史,平岡　詩織,,,令2. 5. 1,yakkyoku
薬局,15,7140168,たいほう調剤薬局,新潟市西蒲区前田字菱潟３３１番４,0256-78-8188,有限会社サンアイ　代表取締役　今川　京子,奥田　路子,,,令3. 5. 1,yakkyoku
薬局,15,7140440,クスリのアオキ曽根薬局,新潟市西蒲区曽根１４９３番地,0256-77-8320,株式会社クスリのアオキ　代表取締役　青木　宏憲,茅野　茂仁,,,令4. 9. 1,yakkyoku
薬局,15,7140580,さくら薬局　巻,新潟市西蒲区巻甲１７８４,0256-73-7211,株式会社　アイサ　代表取締役　光谷　良太,小川　ことみ,,,令5. 2. 1,yakkyoku
薬局,15,7140606,クスリのアオキ巻薬局,新潟市西蒲区赤鏥３７９番地１,0256-77-5390,株式会社クスリのアオキ　代表取締役　青木　宏憲,中村　順一,,,令5. 4. 1,yakkyoku
薬局,15,7140929,よつば薬局巻店,新潟市西蒲区巻甲３２６０－１,0256-73-5415,株式会社ストレチア　代表取締役　山根　弘,岡田　健,,,令6. 4. 1,yakkyoku
薬局,15,7141224,くにい調剤薬局,新潟市西蒲区巻甲４６４６－１０,0256-70-1092,株式会社Ｏｎ　Ｙｏｕｒ　Ｓｉｄｅ　代表取締役　関　真,佐藤　清美,,,令7. 3. 1,yakkyoku
薬局,15,7141232,すずらん調剤薬局,新潟市西蒲区巻甲４０８５－２,0256-73-7172,株式会社Ｏｎ　Ｙｏｕｒ　Ｓｉｄｅ　代表取締役　関　真,秋山　雅子,,,令7. 3. 1,yakkyoku
薬局,15,7141240,サンレモ調剤薬局,新潟市西蒲区巻甲１１７４番地１,0256-73-7800,株式会社Ｏｎ　Ｙｏｕｒ　Ｓｉｄｅ　代表取締役　関　真,丸山　篤史,,,令7. 3. 1,yakkyoku
薬局,15,7141414,巻調剤薬局,新潟市西蒲区巻甲２３９７－１,0256-72-7921,株式会社マーメイド　代表取締役　松山　喜範,廣井　満太,,,令7. 10. 1,yakkyoku
薬局,15,0240627,大山調剤薬局,長岡市大山２丁目８番１３,0258-28-1566,有限会社　ファーマシー　代表取締役　大杉　利夫,長澤　隆,,,昭61. 6. 1,yakkyoku
薬局,15,0240791,遠藤薬局,長岡市関原町２丁目１４５番地１,0258-46-2034,有限会社　エンドー企画　代表取締役　遠藤　志津子,遠藤　志津子,,,平元. 6. 1,yakkyoku
薬局,15,0240858,とよだ薬局,長岡市豊田町７番地６豊田ハイツ１階,0258-37-2522,有限会社　とよだ薬局　代表取締役　鈴木　隆郎,兎澤　大輝,,,平2. 12. 1,yakkyoku
薬局,15,0241005,ＡＬＰＨＡＳ薬局　新保店,長岡市川崎町字山崎７７９番３,0258-36-9192,株式会社　エヌ・エム・アイ　代表取締役　岡本　圭介,村山　資,,,平4. 4. 3,yakkyoku
薬局,15,0241013,わかば薬局,長岡市大島新町４丁目１２１－２４,0258-29-3477,株式会社　スギモトコーポレーション　代表取締役　杉本　俊夫,杉本　淳,,,平4. 6. 1,yakkyoku
薬局,15,0241104,ＡＬＰＨＡＳ薬局　堤町店,長岡市堤町１番２号,0258-29-5388,株式会社　エヌ・エム・アイ　代表取締役　岡本　圭介,渡辺　直,,,平5. 12. 17,yakkyoku
薬局,15,0241146,センザイ薬局,長岡市千歳２丁目５－３２,0258-37-5858,マルイメディカル　株式会社　代表取締役　渡辺　雅志,結城　悟,,,平6. 4. 1,yakkyoku
薬局,15,0241187,有限会社　ゆたか商事　柏薬局,長岡市柏町１丁目４番２７号,0258-33-2050,有限会社　ゆたか商事　代表取締役　権瓶　浩司,小西　彩子,,,平7. 2. 13,yakkyoku
薬局,15,0241229,ＡＬＰＨＡＳ薬局　美園店,長岡市新保１丁目１７－１１,0258-37-3566,株式会社　エヌ・エム・アイ　代表取締役　岡本　圭介,森山　裕美,,,平7. 8. 21,yakkyoku
薬局,15,0241245,わかば薬局今朝白店,長岡市今朝白３丁目１２－９,0258-37-7160,株式会社　スギモトコーポレーション　代表取締役　杉本　俊夫,小杉　純,,,平8. 5. 20,yakkyoku
薬局,15,0241310,さくら薬局,長岡市泉２丁目４番５号,0258-33-8280,有限会社　メディカルトライアングル　代表取締役　渡辺　雅志,福田　聡,,,平9. 4. 1,yakkyoku
薬局,15,0241344,ミツワ薬局,長岡市三和２丁目３番３号,0258-31-1682,ミドリ薬品　株式会社　代表取締役　野村　輝雄,解良　幸子,,,平9. 8. 1,yakkyoku
薬局,15,0241377,ＡＬＰＨＡＳ薬局　荻野店,長岡市荻野１丁目７番９号,0258-28-4477,株式会社　エヌ・エム・アイ　代表取締役　岡本　圭介,大矢　幸平,,,平10. 2. 1,yakkyoku
薬局,15,0241476,ＡＬＰＨＡＳ薬局　緑町店,長岡市緑町１丁目１２９番地２,0258-29-5335,株式会社　エヌ・エム・アイ　代表取締役　岡本　圭介,小林　雅子,,,平11. 5. 1,yakkyoku
薬局,15,0241500,大手薬局石内店,長岡市石内１丁目１番２８号,0258-39-6909,株式会社ビッグハンド薬品　代表取締役　佐藤　達夫,早川　貴裕,,,平11. 11. 1,yakkyoku
薬局,15,0241518,せきはら薬局,長岡市関原南２丁目４１２０番地,0258-47-2223,有限会社　プライム　代表取締役　渡辺　諒,野口　晃弘,,,平11. 12. 1,yakkyoku
薬局,15,0241526,信濃屋薬局川崎店,長岡市川崎６丁目１２８９,0258-31-1117,有限会社　信濃屋薬局　代表取締役　白井　文朗,阿部　勉,,,平12. 3. 10,yakkyoku
薬局,15,0241542,あおい調剤薬局,長岡市千手３丁目１０番１１号,0258-31-4555,株式会社　バンテージ　代表取締役　今井　健太,藤木　龍,,,平12. 7. 1,yakkyoku
薬局,15,0241559,荒木薬局,長岡市四郎丸４ー６ー２４,0258-32-3722,荒木　喜博,荒木　喜博,,,平12. 6. 15,yakkyoku
薬局,15,0241575,こうのす薬局,長岡市下々条町字鴻巣２８３５番１,0258-25-6049,マルイメディカル株式会社　代表取締役　渡辺　雅志,長谷川　啓一,,,平13. 1. 4,yakkyoku
薬局,15,0241583,はすがた薬局,長岡市蓮潟４丁目２番１６号,0258-20-5314,マルイメディカル株式会社　代表取締役　渡辺　雅志,宮尾　哲矢,,,平13. 4. 20,yakkyoku
薬局,15,0241617,西長岡調剤薬局,長岡市千秋２丁目２９７番地１２,0258-25-8680,株式会社　えちごメディカル　代表取締役　室橋　正朋,町田　順子,,,平13. 8. 1,yakkyoku
薬局,15,0241641,みどり薬局　けいこ町店,長岡市長町１丁目１６６４番地,0258-31-5101,有限会社　まこと商事　代表取締役　吉田　英幸,荒井　扇千子,,,平13. 10. 1,yakkyoku
薬局,15,0241690,みどり薬局,長岡市長町１丁目甲１６６８番地１,0258-36-6918,有限会社　まこと商事　代表取締役　吉田　英幸,木村　巧,,,平14. 4. 1,yakkyoku
薬局,15,0241864,大手薬局　新保店,長岡市新保６丁目８０番地,0258-25-3221,有限会社　大手薬局　代表取締役　佐藤　達夫,長谷川　久美,,,平16. 5. 1,yakkyoku
薬局,15,0241898,大手薬局　中之島店,長岡市中之島５６９－４,0258-66-0111,株式会社ビッグハンド薬品　代表取締役　佐藤　達夫,塩入　由布子,,,平16. 9. 1,yakkyoku
薬局,15,0241914,わかば薬局来迎寺店,長岡市浦字中の坪６４０番地１,0258-41-3322,株式会社　スギモトコーポレーション　代表取締役　杉本　俊夫,佐々木　庄市,,,平11. 10. 14,yakkyoku
薬局,15,0241930,エム・ケイ薬局　おぐに店,長岡市小国町楢沢７６番地７,0258-41-9115,有限会社　エム・ケイ・メディカル　代表取締役　吉村　和記,野沢　信幸,,,平12. 7. 1,yakkyoku
薬局,15,0241963,あさひ薬局浦店,長岡市浦字浦谷内９９１２－１,0258-92-5880,有限会社　メディネット　代表取締役　山中　学,石見　哲朗,,,平17. 5. 1,yakkyoku
薬局,15,0241971,えちごメディカル古正寺薬局,長岡市古正寺３丁目２番地,0258-22-4976,株式会社　えちごメディカル　代表取締役　室橋　正朋,山田　穣,,,平17. 10. 14,yakkyoku
薬局,15,0242060,みのり調剤薬局,長岡市栃尾表町１－３,0258-53-0800,株式会社　バンテージ　代表取締役　今井　健太,土田　香織,,,平15. 1. 4,yakkyoku
薬局,15,0242110,わかば大手通薬局,長岡市大手通１丁目４番地３　ドルミー駅前ビル６階,0258-37-5612,株式会社　スギモトコーポレーション　代表取締役　杉本　俊夫,土田　道子,,,平18. 5. 11,yakkyoku
薬局,15,0242128,クオーツ調剤薬局,長岡市大島本町５丁目１１３－２,0258-28-5002,株式会社　共栄堂　代表取締役　永田　浩史,住安　裕哉,,,平18. 8. 22,yakkyoku
薬局,15,0242185,ＡＬＰＨＡＳ薬局　福住店,長岡市福住３－６－１８,0258-37-5867,株式会社　エヌ・エム・アイ　代表取締役　岡本　圭介,平澤　美菜子,,,平19. 4. 1,yakkyoku
薬局,15,0242193,西長岡調剤薬局　千秋店,長岡市千秋２丁目２７８番地,0258-29-4976,株式会社　えちごメディカル　代表取締役　室橋　正朋,五十嵐　亜希子,,,平19. 4. 17,yakkyoku
薬局,15,0242201,ＡＬＰＨＡＳ薬局　美沢店,長岡市美沢２丁目５６－７,,株式会社　エヌ・エム・アイ　代表取締役　岡本　圭介,長谷川　未来,,,平19. 6. 1,yakkyoku
薬局,15,0242268,オレンジ調剤薬局,長岡市上岩井６８０９,0258-41-2231,株式会社　共栄堂　代表取締役　永田　浩史,星野　洋,,,平20. 6. 1,yakkyoku
薬局,15,0242276,イオン薬局長岡店,長岡市古正寺１丁目２４９番地１,0258-28-0910,イオンリテール株式会社　代表取締役　古澤　康之,田中　さや香,,,平20. 8. 21,yakkyoku
薬局,15,0242284,ドラッグトップス新保店,長岡市新保６丁目１０５番地,0258-25-6777,株式会社星光堂薬局　代表取締役　渡邉　崇,伊藤　和茂,,,平20. 8. 1,yakkyoku
薬局,15,0242300,悠久調剤薬局,長岡市殿町２丁目５－４ニューツチダビル１Ｆ,0258-34-2087,マルイメディカル株式会社　代表取締役　渡辺　雅志,長谷川　佐保子,,,平22. 1. 1,yakkyoku
薬局,15,0242359,ドラッグトップス古正寺薬局,長岡市古正寺町２０番地１,0258-29-5080,株式会社星光堂薬局　代表取締役　渡邉　崇,山田　滋,,,平23. 11. 1,yakkyoku
薬局,15,0242383,みなづき薬局,長岡市千歳１丁目３番４０号,0258-30-1166,株式会社　共栄堂　代表取締役　永田　浩史,平原　卓哉,,,平24. 6. 1,yakkyoku
薬局,15,0242391,大手薬局　栃尾店,長岡市仲子町８－２７,0258-52-2255,有限会社　大手薬局　代表取締役　佐藤　達夫,星　尚寛,,,平24. 9. 1,yakkyoku
薬局,15,0242409,クスリのアオキ大島薬局,長岡市大島本町３丁目１番地５７,0258-22-5366,株式会社　クスリのアオキ　代表取締役　青木　宏憲,原　章,,,平24. 10. 1,yakkyoku
薬局,15,0242425,大手薬局　中島店,長岡市中島７丁目１番３２号,0258-86-6551,株式会社大手ファーマシー　代表取締役　佐藤　達夫,倉重　恵理子,,,平25. 3. 1,yakkyoku
薬局,15,0242433,レモン薬局,長岡市信濃２丁目７番１号,0258-30-0750,株式会社　みおん　代表取締役　山川　一弘,川瀬　太郎,,,平25. 7. 1,yakkyoku
薬局,15,0242441,大手薬局　長岡店,長岡市今朝白１丁目７番４号,0258-34-7733,株式会社ビッグハンド薬品　代表取締役　佐藤　達夫,齋藤　久美子,,,平25. 7. 25,yakkyoku
薬局,15,0242458,クスリのアオキ美沢薬局,長岡市沖田一丁目１６番地,0258-30-1900,株式会社　クスリのアオキ　代表取締役　青木　宏憲,近江　峻,,,平25. 7. 1,yakkyoku
薬局,15,0242466,さくら薬局　長岡四郎丸店,長岡市四郎丸４丁目６番１９号,0258-33-0546,クラフト株式会社　代表取締役　新井　勝,山﨑　竜人,,,平25. 11. 1,yakkyoku
薬局,15,0242482,さくら薬局　長岡千手店,長岡市千手２丁目４番３号,0258-39-3051,クラフト株式会社　代表取締役　新井　勝,茨木　晴香,,,平25. 11. 1,yakkyoku
薬局,15,0242508,さくら薬局　長岡古正寺店,長岡市古正寺１丁目２８３９番地,0258-25-8775,クラフト株式会社　代表取締役　新井　勝,濱崎　一美,,,平25. 11. 1,yakkyoku
薬局,15,0242532,わかば薬局　長町店,長岡市長町二丁目字長町甲１６４９番８,0258-86-5161,株式会社スギモトコーポレーション　代表取締役　杉本　俊夫,坂井　修,,,平26. 6. 1,yakkyoku
薬局,15,0242540,長岡市薬剤師会会営薬局,長岡市幸町２－１－１さいわいプラザ内,0258-35-8982,一般社団法人　長岡市薬剤師会　会長　上村　宏,大野　美智代,,,平26. 5. 13,yakkyoku
薬局,15,0242557,あさひ薬局　小国店,長岡市小国町法坂９１０,0258-86-1881,有限会社メディネット　代表取締役　山中　学,笠井　容子,,,平26. 9. 1,yakkyoku
薬局,15,0242565,株式会社さとうドラッグストアー保険調剤部,長岡市千手３丁目１０－１５,0258-35-6611,株式会社さとうドラッグストアー　代表取締役　佐藤　裕子,佐藤　裕子,,,平26. 10. 1,yakkyoku
薬局,15,0242573,ＡＬＰＨＡＳ薬局　喜多町店,長岡市喜多町１１４６－１,0258-28-9500,株式会社　エヌ・エム・アイ　代表取締役　岡本　圭介,小池　崇,,,平27. 5. 1,yakkyoku
薬局,15,0242599,長岡市在宅医療支援センター薬局,長岡市千歳２丁目９番２９号,0258-34-8934,一般社団法人　長岡市薬剤師会　会長　上村　宏,佐藤　正志,,,平28. 7. 1,yakkyoku
薬局,15,0242607,あさひ薬局　栃尾店,長岡市金町２丁目５番２１号,0258-89-6001,有限会社メディネット　代表取締役　山中　学,室橋　真美,,,平28. 7. 1,yakkyoku
薬局,15,0242649,アイン薬局　長岡店,長岡市旭岡一丁目２８番地,0258-30-3733,株式会社アイン北陸　代表取締役　野澤　浩司,荻原　里花子,,,平28. 11. 1,yakkyoku
薬局,15,0242664,西長岡センター薬局,長岡市千秋２丁目２７４６－５,0258-89-5111,株式会社えちごメディカル　代表取締役　室橋　正朋,渡邊　凌平,,,平29. 3. 1,yakkyoku
薬局,15,0242672,みなみ調剤薬局　喜多町店,長岡市喜多町３０４１番地,0258-89-8359,有限会社ディアカンパニー　代表取締役　石森　進一,鷲津　佑樹,,,平29. 3. 1,yakkyoku
薬局,15,0242680,ＡＬＰＨＡＳ薬局　中沢店,長岡市美沢３丁目４９２番地２,0258-31-0031,株式会社　エヌ・エム・アイ　代表取締役　岡本　圭介,阿部　佑香,,,平29. 4. 1,yakkyoku
薬局,15,0242698,アイン薬局　長岡旭岡店,長岡市旭岡二丁目２７６番地,0258-31-8201,株式会社アイン北陸　代表取締役　野澤　浩司,皆川　雄大,,,平29. 4. 1,yakkyoku
薬局,15,0242706,みゆき薬局,長岡市前田１丁目６番５号,0258-35-1715,一般社団法人新潟メディカルプラン　代表理事　田邉　香織,伊藤　道子,,,平29. 4. 1,yakkyoku
薬局,15,0242714,いずみ薬局,長岡市西新町２丁目３番１８号,0258-38-6555,一般社団法人新潟メディカルプラン　代表理事　田邉　香織,関谷　弘子,,,平29. 4. 1,yakkyoku
薬局,15,0242722,みなみ薬局,長岡市沢田１丁目１番３号,0258-89-7765,一般社団法人新潟メディカルプラン　代表理事　田邉　香織,名地　繁樹,,,平29. 4. 1,yakkyoku
薬局,15,0242730,ことり薬局,長岡市琴平１丁目２番２号,0258-36-5101,一般社団法人新潟メディカルプラン　代表理事　田邉　香織,大矢　純平,,,平29. 4. 1,yakkyoku
薬局,15,0242748,ウエルシア薬局リップス旭岡店,長岡市旭岡一丁目８０番地,0258-30-5225,ウエルシア薬局株式会社　代表取締役　田中　純一,小越　亮太,,,平29. 5. 1,yakkyoku
薬局,15,0242755,大手薬局長町店,長岡市長町２丁目１番３号,0258-86-7233,株式会社ビッグハンド薬品　代表取締役　佐藤　達夫,大平　綾子,,,平29. 7. 1,yakkyoku
薬局,15,0242763,ウエルシア薬局長岡稲葉町店,長岡市稲保南３丁目７６６番地４,0258-22-7266,ウエルシア薬局株式会社　代表取締役　田中　純一,岸　貴道,,,平30. 2. 1,yakkyoku
薬局,15,0242771,大手薬局花園店,長岡市花園南１丁目６６番地,0258-89-7522,株式会社大手ファーマシー　代表取締役　佐藤　達夫,風間　美里,,,平30. 5. 1,yakkyoku
薬局,15,0242789,たまご薬局駅ビル店,長岡市城内町１－６１１－１駅ビル１Ｆ,0258-36-3784,有限会社タナハシ薬品　代表取締役　棚橋　豊,棚橋　純子,,,平30. 4. 21,yakkyoku
薬局,15,0242797,ウエルシア薬局長岡宮関店,長岡市宮関３－１－３,0258-25-8151,ウエルシア薬局株式会社　代表取締役　田中　純一,藤井　洋吉,,,平30. 10. 7,yakkyoku
薬局,15,0242813,しなの薬局　長岡赤十字病院前店,長岡市千秋２丁目２９７番地１,0258-22-5255,株式会社エーアンドエム　代表取締役　平野　正之,大島　裕由,,,平30. 11. 1,yakkyoku
薬局,15,0242839,メッツ川崎薬局,長岡市川崎２丁目２４７８－１,0258-30-1331,株式会社メディック太陽　代表取締役　上村　宏,今井　純子,,,平31. 4. 1,yakkyoku
薬局,15,0242847,メッツ長岡薬局,長岡市城内町１丁目６１１－１長岡駅北部２階,0258-39-1191,株式会社メディック太陽　代表取締役　上村　宏,小原　加奈,,,平31. 4. 1,yakkyoku
薬局,15,0242854,メッツ太陽薬局,長岡市旭岡１丁目２８番地,0258-31-1331,株式会社メディック太陽　代表取締役　上村　宏,佐藤　真紀,,,平31. 4. 1,yakkyoku
薬局,15,0242870,ウエルシア薬局長岡西津町店,長岡市西津町３８６９番地１,0258-22-5950,ウエルシア薬局株式会社　代表取締役　田中　純一,根田　和明,,,令元. 5. 1,yakkyoku
薬局,15,0242888,ウエルシア薬局長岡泉店,長岡市泉一丁目１０－１３,0258-38-6606,ウエルシア薬局株式会社　代表取締役　田中　純一,菊田　淳生,,,令元. 12. 1,yakkyoku
薬局,15,0242896,こしじ調剤薬局,長岡市飯塚字中之島２８３１,0258-41-3555,山口　素由,山口　素由,,,令2. 1. 1,yakkyoku
薬局,15,0242912,ＡＬＰＨＡＳ薬局　旭岡店,長岡市旭岡２丁目２０６番地,0258-86-5182,株式会社　エヌ・エム・アイ　代表取締役　岡本　圭介,澤中　智恵美,,,令2. 4. 1,yakkyoku
薬局,15,0242920,大手薬局緑町店,長岡市緑町１丁目甲１１７７－１５,0258-29-8548,有限会社大手薬局　代表取締役　佐藤　達夫,佐藤　和美,,,令2. 7. 1,yakkyoku
薬局,15,0242938,共栄堂薬局下柳店,長岡市下柳１丁目１１番１１号,0258-86-8970,株式会社　共栄堂　代表取締役　永田　浩史,鶴巻　光司,,,令2. 10. 1,yakkyoku
薬局,15,0242946,ＡＬＰＨＡＳ薬局　三和店,長岡市左近３丁目６２－２,0258-39-3287,株式会社　エヌ・エム・アイ　代表取締役　岡本　圭介,金内　正貴,,,令2. 10. 12,yakkyoku
薬局,15,0242953,信濃屋薬局　表町店,長岡市表町４丁目１番地８,0258-30-3187,有限会社信濃屋薬局　代表取締役　白井　文朗,藤巻　豊,,,令2. 10. 8,yakkyoku
薬局,15,0242961,ＡＬＰＨＡＳ薬局　新町店,長岡市新町１－２－２９,0258-33-2583,株式会社　エヌ・エム・アイ　代表取締役　岡本　圭介,渡辺　卓巳,,,令2. 11. 16,yakkyoku
薬局,15,0242979,クスリのアオキ長岡曙薬局,長岡市曙２丁目４番地２６,0258-89-8190,株式会社クスリのアオキ　代表取締役　青木　宏憲,長尾　昭子,,,令3. 2. 1,yakkyoku
薬局,15,0242987,ウエルシア薬局長岡関原店,長岡市上除町西２丁目７番地,0258-21-0555,ウエルシア薬局株式会社　代表取締役　田中　純一,中野　裕太,,,令3. 2. 1,yakkyoku
薬局,15,0242995,クスリのアオキ千歳薬局,長岡市千歳２丁目１番４３号,0258-94-5911,株式会社クスリのアオキ　代表取締役　青木　宏憲,前田　祥吾,,,令3. 6. 1,yakkyoku
薬局,15,0243001,表町調剤薬局,長岡市表町３丁目１番地７山三商事ビル１Ｆ,0258-86-5228,ミドリ薬品株式会社　代表取締役　野村　輝雄,渡辺　亜沙美,,,令4. 4. 1,yakkyoku
薬局,15,0243019,すみれ調剤薬局,長岡市山田２丁目３－１,0258-37-2356,有限会社けんこう調剤薬局　代表取締役　長谷川　美穂,長谷川　真紀,,,令4. 5. 1,yakkyoku
薬局,15,0243027,カワチ薬局　長岡七日町店,長岡市福山町３９５－１,0258-25-8070,株式会社カワチ薬品　代表取締役　河内　伸二,保坂　雄斗,,,令5. 1. 6,yakkyoku
薬局,15,0243035,ウエルシア薬局長岡古正寺店,長岡市古正寺３－１１０,0258-25-9518,ウエルシア薬局株式会社　代表取締役　田中　純一,小村　美沙,,,令5. 2. 24,yakkyoku
薬局,15,0243043,クスリのアオキ西千手薬局,長岡市西千手１丁目３番３号,0258-89-6512,株式会社クスリのアオキ　代表取締役　青木　宏憲,藤ノ木　弥,,,令5. 5. 1,yakkyoku
薬局,15,0243050,プライム薬局せったや店,長岡市摂田屋町７８７番地１,0258-94-5690,有限会社プライム　代表取締役　渡辺　諒,堀　裕一郎,,,令5. 5. 1,yakkyoku
薬局,15,0243068,大手薬局　今朝白店,長岡市今朝白１丁目１３－２８,0258-34-9505,有限会社大手薬局　代表取締役　佐藤　達夫,濱崎　真沙子,,,令5. 5. 1,yakkyoku
薬局,15,0243076,ウエルシア薬局長岡与板店,長岡市与板町与板乙２４３４番地１,0258-41-5005,ウエルシア薬局株式会社　代表取締役　田中　純一,中里　岳,,,令5. 8. 1,yakkyoku
薬局,15,0243084,共栄堂薬局ながおか店,長岡市坂之上町２丁目３番地２０米百俵プレイス北館１階,0258-89-6402,株式会社　共栄堂　代表取締役　永田　浩史,三重堀　健雄,,,令5. 10. 1,yakkyoku
薬局,15,0243092,ミドリ薬品喜多町調剤薬局,長岡市喜多町１０７３－１,0258-94-6122,ミドリ薬品株式会社　代表取締役　野村　輝雄,原　由美,,,令6. 4. 1,yakkyoku
薬局,15,0243100,あゆみ薬局,長岡市三和３丁目８番１３号,0258-31-0818,株式会社　バンテージ　代表取締役　今井　健太,佐藤　拓実,,,令6. 4. 1,yakkyoku
薬局,15,0243118,ながおか薬局,長岡市旭岡一丁目２８番地,0258-38-7650,株式会社ストレチア　代表取締役　山根　弘,遠藤　健治,,,令6. 4. 1,yakkyoku
薬局,15,0243126,しんさん薬局,長岡市南七日町３０－９,0258-47-3631,株式会社ストレチア　代表取締役　山根　弘,野尻　明張,,,令6. 4. 1,yakkyoku
薬局,15,0243134,長岡幸町薬局,長岡市幸町１－１－１９,0258-37-4830,株式会社ストレチア　代表取締役　山根　弘,谷口　絵里奈,,,令6. 4. 1,yakkyoku
薬局,15,0243142,けさじろ薬局,長岡市今朝白２－８－３８,0258-31-5777,株式会社ストレチア　代表取締役　山根　弘,和泉　茂,,,令6. 4. 1,yakkyoku
薬局,15,0243159,川口薬局,長岡市西川口１２４０－７,0258-89-4320,株式会社ストレチア　代表取締役　山根　弘,仙田　唯子,,,令6. 4. 1,yakkyoku
薬局,15,0243167,アイン薬局新潟蔵王店,長岡市寿２丁目５番１４号,0258-25-1801,株式会社アイン北陸　代表取締役　野澤　浩司,平木　隆道,,,令6. 5. 1,yakkyoku
薬局,15,0243183,ファーマライズ薬局　長岡店,長岡市曲新町６８７－４,0258-37-6880,ｎｅｘｔ　ＰＨ株式会社　代表取締役　松浦　惠子,室本　春香,,,令6. 12. 2,yakkyoku
薬局,15,0243191,しなの薬局　上条店,長岡市旭岡１丁目２９番地,0258-30-3350,株式会社エーアンドエム　代表取締役　平野　正之,安澤　泰永,,,令7. 1. 1,yakkyoku
薬局,15,0243209,たまご薬局幸町店,長岡市幸町１－１３－５,0258-30-3523,有限会社タナハシ薬品　代表取締役　棚橋　豊,棚橋　豊,,,令7. 7. 1,yakkyoku
薬局,15,0243217,大手薬局笹崎店,長岡市笹崎１丁目４番地３,0258-86-4312,株式会社ビッグハンド薬品　　代表取締役　佐藤　達夫,髙橋　智哉,,,令7. 11. 1,yakkyoku
薬局,15,0243225,大手薬局南部店,長岡市曲新町５９３番地３,0258-39-9693,株式会社ビッグハンド薬品　代表取締役　佐藤　達夫,太刀浦　凌,,,令8. 4. 1,yakkyoku
薬局,15,0440144,泉秋薬局,三条市横町２丁目８番４３号,0256-34-5998,鶴巻　千秋,鶴巻　千秋,,,昭48. 7. 10,yakkyoku
薬局,15,0440391,コウヤ調剤薬局,三条市興野２丁目１１番３０号,0256-32-8591,笹菊薬品株式会社　代表取締役　長澤　吉明,髙野　佐和子,,,平6. 7. 1,yakkyoku
薬局,15,0440417,ＡＬＰＨＡＳ薬局　林町店,三条市林町１丁目１９番２５号,0256-32-5421,株式会社　エヌ・エム・アイ　代表取締役　岡本　圭介,小関　友也,,,平8. 5. 1,yakkyoku
薬局,15,0440425,さくら調剤薬局,三条市島田２丁目８番１１号,0256-33-9344,株式会社　アド・メディカル　代表取締役　今井　健太,今井　義昭,,,平8. 5. 1,yakkyoku
薬局,15,0440532,薬局　すずらん,三条市一ノ門２丁目１番１３号,0256-31-4826,有限会社　ソレイユ　コーポレーション　代表取締役　横山　晴信,横山　晴信,,,平11. 6. 14,yakkyoku
薬局,15,0440557,あおば薬局,三条市西大崎１丁目１０番５号,0256-39-7510,株式会社　バンテージ　代表取締役　今井　健太,駒形　正明,,,平12. 3. 1,yakkyoku
薬局,15,0440565,けんおう調剤薬局,三条市興野二丁目１１番２９号,0256-36-6321,株式会社　共栄堂　代表取締役　永田　浩史,川崎　美菜子,,,平12. 4. 1,yakkyoku
薬局,15,0440615,有限会社　ひまわり薬局,三条市一ノ門２丁目１番３０号,0256-33-6531,有限会社　ひまわり薬局　代表取締役　青木　隆,青木　隆,,,平13. 1. 1,yakkyoku
薬局,15,0440623,ファーコス薬局　ひだまり,三条市本町５丁目３ー２５,0256-36-1811,株式会社ユニスマイル　代表取締役　白　成澤,鈴木　翔,,,平13. 6. 1,yakkyoku
薬局,15,0440631,ウエルシア新潟三条薬局,三条市西裏館２丁目１１ー１９,0256-36-0808,ウエルシア薬局株式会社　代表取締役　田中　純一,内山　智貴,,,平13. 8. 1,yakkyoku
薬局,15,0440649,エム・ケイ薬局よっかまち店,三条市西四日町１丁目３番１５号,0256-36-0370,有限会社エム・ケイ・メディカル　代表取締役　吉村　和記,佐藤　英樹,,,平14. 4. 1,yakkyoku
薬局,15,0440722,新光町調剤薬局,三条市新光町１番２７号,0256-36-7071,笹菊薬品株式会社　代表取締役　長澤　吉明,浅間　久代,,,平15. 10. 20,yakkyoku
薬局,15,0440730,ポラリス調剤薬局,三条市南四日町４丁目３番１１号,0256-36-6900,株式会社　共栄堂　代表取締役　永田　浩史,大森　聡子,,,平16. 4. 1,yakkyoku
薬局,15,0440755,ハロー調剤薬局,三条市興野一丁目１６番８号,0256-36-5975,清河　晴美,清河　晴美,,,平16. 11. 1,yakkyoku
薬局,15,0440789,荻堀調剤薬局,三条市荻堀１２８９－１７,0256-46-5162,笹菊薬品株式会社　代表取締役　長澤　吉明,久保　敦史,,,平4. 4. 1,yakkyoku
薬局,15,0440805,西本成寺調剤薬局,三条市西本成寺１－３８－４６,0256-36-5761,笹菊薬品株式会社　代表取締役　長澤　吉明,神　和俊,,,平17. 9. 28,yakkyoku
薬局,15,0440813,ＡＬＰＨＡＳ薬局　塚野目店,三条市鶴田２丁目１番７号,0256-39-2220,株式会社　エヌ・エム・アイ　代表取締役　岡本　圭介,小林　早由里,,,平17. 11. 1,yakkyoku
薬局,15,0440862,ミント調剤薬局,三条市南四日町４－７－７,0256-47-7111,株式会社　共栄堂　代表取締役　永田　浩史,中澤　真紀子,,,平19. 9. 12,yakkyoku
薬局,15,0440896,あらまち調剤薬局,三条市荒町２－１－４０,0256-47-7077,株式会社　共栄堂　代表取締役　永田　浩史,丸山　俊介,,,平19. 10. 10,yakkyoku
薬局,15,0440912,大手薬局本成寺店,三条市東本成寺２１－１４,0256-33-8611,株式会社ビッグハンド薬品　代表取締役　佐藤　達夫,桶谷　梨矩,,,平20. 4. 1,yakkyoku
薬局,15,0440920,エフ調剤薬局,三条市西本成寺１丁目３５番８－２号,0256-33-9010,株式会社　エフライズ　代表取締役　藤田　学,藤田　学,,,平20. 4. 1,yakkyoku
薬局,15,0440938,みなみ調剤薬局三条店,三条市本町２丁目８－１９,,有限会社　ディアカンパニー　代表取締役　石森　進一,野嶋　美惠子,,,平20. 5. 1,yakkyoku
薬局,15,0440995,クスリのアオキ興野薬局,三条市興野二丁目８番２２号,0256-36-7770,株式会社　クスリのアオキ　代表取締役　青木　宏憲,山口　涼,,,平23. 8. 15,yakkyoku
薬局,15,0441001,りんりん薬局,三条市東本成寺２１－３２,0256-33-8880,株式会社大手ファーマシー　代表取締役　佐藤　達夫,若林　順子,,,平24. 1. 1,yakkyoku
薬局,15,0441019,三条ひかり調剤薬局,三条市東三条１－１５－２９,0256-47-1163,有限会社　新光　取締役　江口　達也,石川　智子,,,平24. 5. 1,yakkyoku
薬局,15,0441027,にじいろ薬局,三条市西本成寺２丁目４番１１号,0256-31-3600,株式会社　共栄堂　代表取締役　永田　浩史,樋浦　仁美,,,平24. 5. 1,yakkyoku
薬局,15,0441035,共創未来　さかえ薬局,三条市新堀１３０５－５,0256-45-7488,株式会社ファーマみらい　代表取締役　岡山　善郎,荒木　学,,,平25. 11. 1,yakkyoku
薬局,15,0441043,ウエルシア薬局三条新保店,三条市新保三百刈１４７－１,0256-31-1611,ウエルシア薬局株式会社　代表取締役　田中　純一,北井　菜々子,,,平26. 7. 1,yakkyoku
薬局,15,0441050,クスリのアオキ西本成寺薬局,三条市西本成寺一丁目３４番１９号,0256-31-2100,株式会社クスリのアオキ　代表取締役　青木　宏憲,田中　春菜,,,平26. 10. 1,yakkyoku
薬局,15,0441084,ＡＬＰＨＡＳ薬局　三条興野店,三条市興野１丁目１４－３４,0256-31-2505,株式会社　エヌ・エム・アイ　代表取締役　岡本　圭介,坂井　英行,,,平28. 1. 1,yakkyoku
薬局,15,0441126,大手薬局三条月岡店,三条市月岡１丁目２３番４５号,0256-31-2236,株式会社大手ファーマシー　代表取締役　佐藤　達夫,松井　祐,,,平30. 8. 1,yakkyoku
薬局,15,0441142,ファーマライズ薬局三条店,三条市大野畑６－１８－５,0256-36-5378,ファーマライズ株式会社　代表取締役　松浦　惠子,岡野　隼弥,調剤,,平31. 3. 1,yakkyoku
薬局,15,0441159,メッツ嵐南薬局,三条市東本成寺２０番１８号,0256-33-8811,株式会社メディック太陽　代表取締役　上村　宏,長谷川　晃世,,,平31. 4. 1,yakkyoku
薬局,15,0441167,メッツ県央薬局,三条市須頃２丁目１０１番地２号,0256-31-3010,株式会社メディック太陽　代表取締役　上村　宏,中山　真緒,,,平31. 4. 1,yakkyoku
薬局,15,0441175,ツルマキ調剤薬局,三条市荻堀１１８１－１,0256-46-8918,中央調剤株式会社　代表取締役　鶴巻　剛之,鶴巻　由架里,,,令元. 6. 1,yakkyoku
薬局,15,0441183,メッツ薬局,三条市東本成寺１２番４１号,0256-31-2281,株式会社メディック太陽　代表取締役　上村　宏,長谷川　義浩,,,令元. 9. 1,yakkyoku
薬局,15,0441209,クスリのアオキ三条北薬局,三条市東裏館三丁目１番３号,0256-47-7731,株式会社クスリのアオキ　代表取締役　青木　宏憲,鈴木　真子,,,令2. 7. 1,yakkyoku
薬局,15,0441217,モトイ調剤薬局,三条市東裏館１丁目１１番１号,0256-33-5145,マゼンタ合同会社　代表社員　高畑　恵子,坂井　文恵,,,令2. 11. 1,yakkyoku
薬局,15,0441225,ウエルシア薬局三条東本成寺店,三条市東本成寺２１番２８号,0256-36-7600,ウエルシア薬局株式会社　代表取締役　田中　純一,車谷　舞,,,令3. 4. 1,yakkyoku
薬局,15,0441258,クスリのアオキ三条保内薬局,三条市下保内３１７番地１,0256-46-0393,株式会社クスリのアオキ　代表取締役　青木　宏憲,若記　美奈,,,令4. 7. 1,yakkyoku
薬局,15,0441266,一位三薬局,三条市南新保１番１４号,0256-46-0720,株式会社　メディレボ　代表取締役　今村　吉克,鏡淵　弘一,,,令5. 6. 1,yakkyoku
薬局,15,0441274,上須頃薬局,三条市上須頃１５２０－８,0256-47-4545,株式会社ストレチア　代表取締役　山根　弘,泉井　哲也,,,令6. 3. 1,yakkyoku
薬局,15,0441282,しなの薬局　県央基幹病院前店,三条市上須頃５００１番地５,0256-47-1621,株式会社エーアンドエム　代表取締役　平野　正之,宮川　達徳,,,令6. 3. 1,yakkyoku
薬局,15,0441290,アイン薬局燕三条店,三条市上須頃１１５６,0256-47-1065,株式会社アイン北陸　代表取締役　野澤　浩司,相田　悠樹,,,令6. 3. 1,yakkyoku
薬局,15,0441308,やぎはな薬局,三条市南五百川５３－１,0256-41-3612,株式会社ストレチア　代表取締役　山根　弘,小出　義和,,,令6. 4. 1,yakkyoku
薬局,15,0441316,アイン薬局三条大島店,三条市大島５１２６－１,0256-33-3110,株式会社アイン北陸　代表取締役　野澤　浩司,本間　大,,,令6. 5. 1,yakkyoku
薬局,15,0441324,笹菊つかのめ薬局,三条市塚野目二丁目１１番１号,0256-47-1104,笹菊薬品株式会社　代表取締役　長澤　吉明,永井　健一郎,,,令6. 10. 1,yakkyoku
薬局,15,0441332,わかば調剤薬局,三条市東裏館２丁目１６番１５号,0256-33-5364,株式会社　バンテージ　代表取締役　今井　健太,神田　啓資,,,令6. 8. 16,yakkyoku
薬局,15,0441340,みなみ調剤薬局　荒町店,三条市荒町２丁目１－２２,0256-46-8210,有限会社　ディアカンパニー　代表取締役　石森　進一,小武内　渉,,,令7. 2. 1,yakkyoku
薬局,15,0441357,しなの薬局　三条店,三条市大野畑６番１８－６号,0256-33-6230,株式会社エーアンドエム　代表取締役　平野　正之,濵田　侑紀,,,令7. 1. 1,yakkyoku
薬局,15,0441373,共栄堂薬局すごろ店,三条市須頃３－１１８,0256-64-7897,株式会社　共栄堂　　代表取締役　永田　浩史,古澤　洋子,,,令7. 7. 1,yakkyoku
薬局,15,0441381,アリア調剤薬局　こうや店,三条市興野一丁目４番１９号,0256-47-6296,株式会社Ａｒｉａ　Ｍｅｄｉｃａｌ　　代表取締役　大橋　良康,井上　隼人,,,令7. 11. 1,yakkyoku
薬局,15,0441399,イオン薬局三条須頃店,三条市上須頃５００９－４,0256-46-8321,イオンリテール株式会社　代表取締役　古澤　康之,折笠　文哉,,,令7. 11. 1,yakkyoku
薬局,15,0441407,えはら薬局　塚野目店,三条市塚野目４－１９－１７,0256-38-9400,株式会社えはら　代表取締役　荏原　健志,井上　隼人,,,令8. 2. 1,yakkyoku
薬局,15,0441415,ウラダテ調剤薬局,三条市西裏館１丁目９番４１号,0256-36-6798,中央調剤株式会社　代表取締役　鶴巻　剛之,井口　誉,,,令8. 2. 1,yakkyoku
薬局,15,0441423,もみじ薬局東三条店,三条市東三条２丁目３番４号,0256-47-1872,株式会社ＹＭＴ　代表取締役　山崎　哲宏,佐藤　雄一,,,令8. 5. 1,yakkyoku
薬局,15,0540364,ひまわり薬局,柏崎市北半田２丁目１４番１２号,0257-21-0770,株式会社　石川薬局　代表取締役　石川　耕大,広田　真人,,,平5. 4. 1,yakkyoku
薬局,15,0540430,わかくさ薬局,柏崎市北半田一丁目１番４１号,0257-32-0660,株式会社　石川薬局　代表取締役　石川　耕大,岡島　巧,,,平9. 4. 1,yakkyoku
薬局,15,0540448,大手薬局柏崎店,柏崎市扇町３番８２番,0257-22-6230,有限会社　大手薬局　代表取締役　佐藤　達夫,角川　佐奈江,,,平9. 6. 1,yakkyoku
薬局,15,0540455,石黒薬局,柏崎市東本町２丁目７番３６号,0257-22-3935,有限会社　石黒薬局　代表取締役　石黒　博雄,石黒　美枝子,,,平9. 9. 1,yakkyoku
薬局,15,0540489,一般社団法人　柏崎薬剤師会　会営薬局,柏崎市茨目１丁目５番２０号,0257-20-1645,一般社団法人　柏崎薬剤師会　会長　澤田　隆行,本間　久美,,,平10. 6. 1,yakkyoku
薬局,15,0540539,アイン薬局　柏崎店,柏崎市茨目１丁目４番４号,0257-20-6010,株式会社アイン北陸　代表取締役　野澤　浩司,梅津　里奈,,,平12. 4. 1,yakkyoku
薬局,15,0540588,ＡＬＰＨＡＳ薬局　東長浜店,柏崎市東長浜町３番１４号,0257-20-0170,株式会社　エヌ・エム・アイ　代表取締役　岡本　圭介,小林　奈緒,,,平13. 7. 1,yakkyoku
薬局,15,0540596,石黒薬局田中店,柏崎市田中２４－１２,0257-20-0510,有限会社　石黒薬局　代表取締役　石黒　博雄,石黒　博雄,,,平13. 10. 1,yakkyoku
薬局,15,0540604,エム・ケイ薬局かしわざき店,柏崎市寿町６番２７号,0257-20-1121,有限会社エム・ケイ・メディカル　代表取締役　吉村　和記,齋藤　悠也,,,平13. 12. 3,yakkyoku
薬局,15,0540653,石川薬局中央店,柏崎市中央町４－１１,0257-32-5531,株式会社　石川薬局　代表取締役　石川　耕大,品田　佳代,,,平16. 5. 1,yakkyoku
薬局,15,0540679,あさひ薬局,柏崎市新橋２番１２号,0257-28-5888,有限会社　メディネット　代表取締役　山中　学,山中　美佐,,,平16. 12. 1,yakkyoku
薬局,15,0540729,石川薬局松美店,柏崎市松美町１丁目１－３６,0257-20-6711,株式会社　石川薬局　代表取締役　石川　耕大,澤田　隆行,,,平18. 10. 10,yakkyoku
薬局,15,0540737,ＡＬＰＨＡＳ薬局　春日店,柏崎市春日１丁目６番２３－７号,0257-22-7111,株式会社　エヌ・エム・アイ　代表取締役　岡本　圭介,上田　雄大,,,平18. 10. 1,yakkyoku
薬局,15,0540844,クスリのアオキ松美薬局,柏崎市松美二丁目２番２７号,0257-28-7331,株式会社　クスリのアオキ　代表取締役　青木　宏憲,堀　裕貴也,,,平23. 9. 1,yakkyoku
薬局,15,0540851,共創未来　柏崎薬局,柏崎市北半田２丁目１３番８号,0257-20-7610,株式会社ファーマみらい　代表取締役　岡山　善郎,三井田　彩,,,平25. 11. 1,yakkyoku
薬局,15,0540869,共創未来　北半田薬局,柏崎市北半田２丁目７番２４号,0257-32-6008,株式会社ファーマみらい　代表取締役　岡山　善郎,永井　清美,,,平25. 11. 1,yakkyoku
薬局,15,0540877,共創未来　柳田町薬局,柏崎市柳田町７番３６号,0257-28-7227,株式会社ファーマみらい　代表取締役　岡山　善郎,熊倉　一真,,,平25. 11. 1,yakkyoku
薬局,15,0540885,シナダ調剤薬局,柏崎市大字土合６６４－３,0257-28-0788,有限会社品田薬局　代表取締役　上村　宏,石崎　達也,,,平25. 12. 21,yakkyoku
薬局,15,0540919,おうぎまち薬局,柏崎市扇町１番７８－７号,0257-28-1280,株式会社　共栄堂　代表取締役　永田　浩史,中野　真瑚,,,平27. 5. 1,yakkyoku
薬局,15,0540927,石川薬局,柏崎市東本町２丁目７番３７号,0257-24-2235,株式会社　石川薬局　代表取締役　石川　耕大,大橋　靖子,,,平27. 4. 1,yakkyoku
薬局,15,0540950,中央町薬局,柏崎市中央町１１－３１,0257-32-8588,株式会社しげた　代表取締役　石川　耕大,重田　たかを,,,平27. 12. 1,yakkyoku
薬局,15,0540968,クスリのアオキ柏崎中央薬局,柏崎市日吉町３番３７号,0257-20-1220,株式会社クスリのアオキ　代表取締役　青木　宏憲,丸山　和希,,,平29. 8. 1,yakkyoku
薬局,15,0540976,ひかりの調剤薬局,柏崎市三和町３－１０,0257-28-1771,株式会社　共栄堂　代表取締役　永田　浩史,岩崎　裕紀,,,平29. 12. 4,yakkyoku
薬局,15,0540984,共栄堂薬局　柏崎店,柏崎市茨目１丁目３番１８号,0257-47-7718,株式会社　共栄堂　代表取締役　永田　浩史,須貝　達,,,平30. 7. 1,yakkyoku
薬局,15,0540992,ウエルシア薬局柏崎錦町店,柏崎市錦町１－８,0257-28-6601,ウエルシア薬局株式会社　代表取締役　田中　純一,北原　正人,,,平30. 11. 1,yakkyoku
薬局,15,0541008,ほなみ薬局,柏崎市穂波町３番２８号,0257-20-6077,有限会社　ほなみ薬局　代表取締役　高岡　弘年,高岡　弘年,,,令元. 9. 16,yakkyoku
薬局,15,0541016,クスリのアオキ半田薬局,柏崎市半田二丁目６番２３号,0257-41-5362,株式会社クスリのアオキ　代表取締役　青木　宏憲,石坂　侑也,,,令2. 5. 1,yakkyoku
薬局,15,0541032,アップル薬局　柏崎店,柏崎市東本町１丁目１番２２号,0257-41-5436,有限会社　中央調剤薬局　代表取締役　小竹　成昭,浅沼　健一,,,令3. 11. 1,yakkyoku
薬局,15,0541040,クスリのアオキ穂波薬局,柏崎市穂波町１３番３７号,0257-35-8030,株式会社クスリのアオキ　代表取締役　青木　宏憲,田邊　瑳恵,,,令5. 4. 1,yakkyoku
薬局,15,0541057,柏崎扇町薬局,柏崎市扇町２番７３号,0257-35-7212,株式会社ストレチア　代表取締役　山根　弘,清水　萌花,,,令6. 5. 1,yakkyoku
薬局,15,0541065,アイン薬局　柏崎東本町店,柏崎市東本町１丁目１－２３－１,0257-47-7641,株式会社アイン北陸　代表取締役　野澤　浩司,長谷川　大悟,,,令6. 5. 1,yakkyoku
薬局,15,0541073,アイン薬局　柏崎西山店,柏崎市西山町礼拝字前田４３０番２,0257-31-0520,株式会社アイン北陸　代表取締役　野澤　浩司,細貝　恒太,,,令6. 5. 1,yakkyoku
薬局,15,0541081,アイン薬局柏崎駅前店,柏崎市駅前２丁目２番５０号,0257-20-7788,株式会社アイン北陸　代表取締役　野澤　浩司,星野　いぶき,,,令6. 5. 1,yakkyoku
薬局,15,0541099,エム・ケイ薬局　もとしろちょう店,柏崎市元城町１５５番地５,0257-35-9750,有限会社エム・ケイ・メディカル　代表取締役　吉村　和記,樋口　克昭,,,令7. 4. 1,yakkyoku
薬局,15,0640131,有限会社　湯浅薬局,新発田市大栄町７丁目１番４号,0254-22-2939,有限会社　湯浅薬局　代表取締役　湯浅　秀一,湯浅　秀一,,,昭53. 4. 1,yakkyoku
薬局,15,0640222,東新薬局,新発田市東新町２丁目１５３－３,0254-26-6701,株式会社　共栄堂　代表取締役　永田　浩史,栗原　敬子,,,平3. 4. 1,yakkyoku
薬局,15,0640297,ゆたか薬局,新発田市豊町２丁目６番１７号,0254-24-9314,有限会社　桂薬局　代表取締役　桂　重之,吉田　貴子,,,平8. 4. 1,yakkyoku
薬局,15,0640347,中央町調剤薬局,新発田市中央町３丁目９番６号,0254-23-8721,笹菊薬品株式会社　代表取締役　長澤　吉明,山田　真寿,,,平9. 8. 1,yakkyoku
薬局,15,0640396,有限会社　さとう薬局,新発田市大手町５丁目２番９号,0254-22-3373,有限会社　さとう薬局　代表取締役　佐藤　雅之,佐藤　雅之,,,平10. 3. 1,yakkyoku
薬局,15,0640412,しなの薬局　新発田店,新発田市新栄町２－１１－６０,0254-21-2520,株式会社エーアンドエム　代表取締役　平野　正之,諸橋　星名,,,平10. 10. 1,yakkyoku
薬局,15,0640446,かえで調剤薬局,新発田市中央町３丁目１２ー１１,0254-23-7228,有限会社　エス・アイ・テイー　代表取締役　早福　進,早福　悠紀子,,,平11. 5. 1,yakkyoku
薬局,15,0640503,あおい調剤薬局,新発田市新栄町２丁目１１番５２号,0254-22-1678,有限会社　あおい　代表取締役　滝沢　文弥,鈴木　博之,,,平13. 4. 23,yakkyoku
薬局,15,0640537,みなみ調剤薬局　大手町店,新発田市大手町２丁目１－９,0254-20-0426,有限会社　ディアカンパ二ー　代表取締役　石森　進一,伊藤　秀悟,,,平14. 11. 1,yakkyoku
薬局,15,0640545,新発田ひかり調剤薬局,新発田市舟入町１－２－３８,0254-23-7101,有限会社　新光　取締役　江口　達也,宮村　彩子,,,平15. 5. 22,yakkyoku
薬局,15,0640586,有限会社　桂薬局西新発田店,新発田市富塚町１－１５－５,0254-26-1193,有限会社　桂薬局　代表取締役　桂　重之,桂　重之,,,平17. 4. 15,yakkyoku
薬局,15,0640594,かなづか薬局,新発田市下小中山３９２番地１３,0254-39-6011,土屋　雅之,土屋　雅之,,,平8. 8. 1,yakkyoku
薬局,15,0640610,ようめい調剤薬局,新発田市新富町１丁目１番２８号,0254-20-3770,有限会社　ようめい　代表取締役　塚野　祥至,塚野　祥至,,,平17. 7. 1,yakkyoku
薬局,15,0640644,リリオ薬局,新発田市住吉町４丁目２０番２３号,0254-20-5770,株式会社　共栄堂　代表取締役　永田　浩史,佐藤　雅邦,,,平18. 4. 1,yakkyoku
薬局,15,0640651,佐久間薬局,新発田市西園町１丁目１－３,0254-22-3956,佐久間　明三,佐久間　武,,,平18. 5. 6,yakkyoku
薬局,15,0640685,アゲイシ薬局　緑町店,新発田市緑町３丁目３番３号,,有限会社　あげいし化粧品店　代表取締役　上石　義忠,上石　義忠,,,平18. 10. 1,yakkyoku
薬局,15,0640701,しばたセンター薬局,新発田市本町１－３－３,0254-21-0080,株式会社　共栄堂　代表取締役　永田　浩史,西村　京子,,,平18. 10. 13,yakkyoku
薬局,15,0640735,下越薬剤師会支援センター薬局,新発田市本町１丁目１４番８号,0254-26-8931,一般社団法人　下越薬剤師会　代表理事　桂　重之,平野　智美,,,平18. 11. 1,yakkyoku
薬局,15,0640768,まのはら薬局,新発田市真野原１７１９－２７,0254-41-0720,株式会社　共栄堂　代表取締役　永田　浩史,行田　秀和,,,平19. 6. 11,yakkyoku
薬局,15,0640776,イオン薬局新発田店,新発田市住吉町５丁目１１番５号,0254-21-7391,イオンリテール株式会社　代表取締役　古澤　康之,佐久間　芳樹,,,平20. 8. 21,yakkyoku
薬局,15,0640784,城北調剤薬局,新発田市中曽根町一丁目三番二十五号,0254-21-2600,有限会社　パム　代表取締役　小島　一雄,近藤　寛之,,,平21. 11. 1,yakkyoku
薬局,15,0640859,本間薬局,新発田市本町２丁目８－１５,0254-26-7676,株式会社　本高　代表取締役　本間　えりか,本間　えりか,,,平24. 10. 9,yakkyoku
薬局,15,0640867,ウエルシア薬局新発田本町店,新発田市本町３－２－６,0254-21-7663,ウエルシア薬局株式会社　代表取締役　田中　純一,坂口　貴裕,,,平24. 12. 1,yakkyoku
薬局,15,0640875,クスリのアオキ新発田豊町薬局,新発田市豊町４丁目９番５号,0254-21-0077,株式会社クスリのアオキ　代表取締役　青木　宏憲,櫻井　徹,,,平25. 4. 1,yakkyoku
薬局,15,0640883,共創未来　新富町薬局,新発田市新富町１－１－４,0254-22-8783,株式会社ファーマみらい　代表取締役　岡山　善郎,青木　裕子,,,平25. 11. 1,yakkyoku
薬局,15,0640891,共創未来　新栄薬局,新発田市新栄町１－２－２２,0254-21-1593,株式会社ファーマみらい　代表取締役　岡山　善郎,伊藤　静香,,,平25. 11. 1,yakkyoku
薬局,15,0640917,共創未来　おくやま薬局,新発田市新栄町１－６－１６,0254-21-2140,株式会社ファーマみらい　代表取締役　岡山　善郎,高橋　宏幸,,,平25. 11. 1,yakkyoku
薬局,15,0640925,共創未来　新発田薬局,新発田市本町１－１６－８,0254-28-6150,株式会社ファーマみらい　代表取締役　岡山　善郎,斉藤　大祥,,,平25. 11. 1,yakkyoku
薬局,15,0640933,共創未来　新発田中央薬局,新発田市本町１丁目１６番７号,0254-26-7766,株式会社ファーマみらい　代表取締役　岡山　善郎,相澤　美也子,,,平25. 11. 1,yakkyoku
薬局,15,0640941,共創未来　五十公野薬局,新発田市五十公野６８０４,0254-26-9055,株式会社ファーマみらい　代表取締役　岡山　善郎,中島　俊一,,,平25. 11. 1,yakkyoku
薬局,15,0640958,共創未来　三日市薬局,新発田市三日市６０５－４,0254-20-2366,株式会社ファーマみらい　代表取締役　岡山　善郎,横山　洋樹,,,平25. 11. 1,yakkyoku
薬局,15,0640974,アイン薬局　新発田住吉店,新発田市住吉町４丁目２－１９,0254-21-7020,株式会社アイン北陸　代表取締役　野澤　浩司,奥出　勝也,,,平26. 11. 1,yakkyoku
薬局,15,0641014,みなみ調剤薬局　御幸町店,新発田市御幸町４－６－２,0254-28-8427,有限会社　ディアカンパニー　代表取締役　石森　進一,永井　雄一郎,,,平28. 5. 1,yakkyoku
薬局,15,0641022,ＡＬＰＨＡＳ薬局　新発田駅前店,新発田市諏訪町１丁目２番１１号イクネスしばたＭＩＮＴＯ館１階,0254-28-7811,株式会社　エヌ・エム・アイ　代表取締役　岡本　圭介,本間　庸平,,,平28. 7. 15,yakkyoku
薬局,15,0641030,クスリのアオキ住吉薬局,新発田市住吉町５丁目４番９号,0254-28-7951,株式会社クスリのアオキ　代表取締役　青木　宏憲,齋藤　陽介,,,平30. 7. 1,yakkyoku
薬局,15,0641048,トリム薬局新発田店,新発田市本町１－１４－２,0254-21-3485,ファーマライズ株式会社　代表取締役　松浦　惠子,澤田　紀彰,調剤,,平31. 3. 1,yakkyoku
薬局,15,0641055,トリム薬局　新発田西店,新発田市佐々木１７５番地,0254-32-6550,ファーマライズ株式会社　代表取締役　松浦　惠子,氏田　祐子,調剤,,平31. 3. 1,yakkyoku
薬局,15,0641063,メッツ西新発田薬局,新発田市住吉町４丁目８番２５号,0254-28-7235,株式会社メディック太陽　代表取締役　上村　宏,石井　淳子,,,平31. 4. 1,yakkyoku
薬局,15,0641071,いずみ薬局　新発田店,新発田市舟入町３丁目１１番２０号,0254-20-2286,株式会社たかとみ　代表取締役　阿部　尚美,菅家　大輔,,,令元. 5. 1,yakkyoku
薬局,15,0641089,コダジマ薬局,新発田市御幸町２丁目４番６号,0254-24-5513,有限会社コダジマ薬局　代表取締役　古田島　将,古田島　将,,,令元. 7. 1,yakkyoku
薬局,15,0641105,ケンユウ金塚薬局,新発田市下小中山３９２－２０,0254-28-8852,株式会社ケンユウ　代表取締役　原　正,佐藤　淑恵,,,令2. 6. 1,yakkyoku
薬局,15,0641113,あかり調剤薬局,新発田市中央町四丁目１１番２３号２,0254-28-7661,株式会社Ａｋａｒｉ　代表取締役　阿部　正志,阿部　正志,,,令2. 7. 1,yakkyoku
薬局,15,0641121,クスリのアオキ富塚薬局,新発田市富塚町２丁目４番３１号,0254-28-8237,株式会社クスリのアオキ　代表取締役　青木　宏憲,渡辺　拓矢,,,令2. 11. 1,yakkyoku
薬局,15,0641162,あい薬局住吉町店,新発田市住吉町２－３－１６,0254-26-8511,クオール株式会社　代表取締役　柄澤　忍,伊藤　友樹,,,令3. 11. 1,yakkyoku
薬局,15,0641196,よつば薬局　新発田店,新発田市新富町２丁目６－１８,0254-21-0800,株式会社ストレチア　代表取締役　山根　弘,麻生　浩司,,,令6. 4. 1,yakkyoku
薬局,15,0641204,みどり町調剤薬局,新発田市緑町２－１６－９,0254-26-6183,株式会社ストレチア　代表取締役　山根　弘,根津　洋平,,,令6. 4. 1,yakkyoku
薬局,15,0641212,れんげ薬局,新発田市本町１－１４－５,0254-21-3922,株式会社　ミットグリュック　代表取締役　丸山　聡,丸山　聡,,,令6. 6. 1,yakkyoku
薬局,15,0641220,すわ調剤薬局,新発田市諏訪町１丁目３－６,0254-23-0701,ファーマライズ株式会社　代表取締役　松浦　惠子,渡邊　俊也,,,令6. 12. 1,yakkyoku
薬局,15,0641238,すわ調剤薬局　豊町店,新発田市豊町２丁目３－１２,0254-20-8200,ファーマライズ株式会社　代表取締役　松浦　惠子,山本　雄貴,,,令6. 12. 1,yakkyoku
薬局,15,0641246,ファーマライズ薬局　紫雲寺店,新発田市稲荷岡２２５２－２,0254-41-1100,ｎｅｘｔ　ＰＨ株式会社　代表取締役　松浦　惠子,石井　智也,,,令6. 12. 2,yakkyoku
薬局,15,0641253,ふたば薬局,新発田市豊町２丁目９番２８号,0254-22-9555,株式会社ワンダーメディカル　代表取締役　橋本　巧,吉岡　信,,,令7. 5. 1,yakkyoku
薬局,15,0641261,ドラッグトップス富塚町薬局,新発田市富塚町２丁目１番２８号２,0254-28-0038,株式会社星光堂薬局　代表取締役　渡邉　崇,小菅　健一郎,,,令7. 9. 1,yakkyoku
薬局,15,0641279,すがいやっきょく諏訪町店,新発田市諏訪町３－４－６,0254-28-8330,有限会社スガイ　代表取締役　須貝　裕介,若月　純恵,,,令7. 10. 1,yakkyoku
薬局,15,0840178,ＡＬＰＨＡＳ薬局　城内店,小千谷市城内２丁目６番５号,0258-83-4750,株式会社　エヌ・エム・アイ　代表取締役　岡本　圭介,横田　香,,,平5. 9. 27,yakkyoku
薬局,15,0840194,調剤薬局　ヴィータ,小千谷市城内２丁目１番５号,0258-83-5925,ミドリ薬品　株式会社　代表取締役　野村　輝雄,西野　綾子,,,平6. 11. 1,yakkyoku
薬局,15,0840244,ミドリ調剤薬局,小千谷市城内１丁目８番２４号,0258-83-4108,ミドリ薬品　株式会社　代表取締役　野村　輝雄,佐藤　宗明,,,平9. 11. 1,yakkyoku
薬局,15,0840285,魚沼調剤薬局,小千谷市城内３丁目３番１４号,0258-82-4550,有限会社　ティーピージィ　代表取締役　高野　勝彦,菊地　造,,,平12. 8. 1,yakkyoku
薬局,15,0840319,やますけ調剤薬局片貝店,小千谷市片貝町５２４４番地,0258-81-2900,有限会社　やますけ　代表取締役　山口　慎弥,山口　慎弥,,,平14. 3. 1,yakkyoku
薬局,15,0840327,やますけ調剤薬局　桜町店,小千谷市大字桜町４９６２－２,0258-81-6760,有限会社　やますけ　代表取締役　山口　慎弥,渡辺　佳美,,,平14. 4. 1,yakkyoku
薬局,15,0840343,ひまわり薬局,小千谷市城内４－１－５５,0258-83-3717,有限会社　ひまわり　代表取締役　郷　誠一,郷　誠一,,,平15. 3. 1,yakkyoku
薬局,15,0840376,エム・ケイ薬局　ひらさわ店,小千谷市平沢１丁目５番２７号,0258-81-7552,有限会社エム・ケイ・メディカル　代表取締役　吉村　和記,渡邊　ひろみ,,,平18. 4. 14,yakkyoku
薬局,15,0840400,小千谷のぞみ調剤薬局,小千谷市東栄一丁目６番７号,0258-94-4127,株式会社　テイキョウ　代表取締役　久保田　樹佳,小嶋　英春,,,平26. 8. 1,yakkyoku
薬局,15,0840418,日の出調剤薬局,小千谷市本町２－２－２１,0258-83-0250,有限会社　トモメディカル　代表取締役　栁原　泰志,引間　鉄夫,,,平28. 6. 1,yakkyoku
薬局,15,0840426,ウエルシア薬局小千谷若葉店,小千谷市若葉２丁目１番地,0258-81-0800,ウエルシア薬局株式会社　代表取締役　田中　純一,橋本　直人,,,令2. 9. 1,yakkyoku
薬局,15,0840442,あい薬局小千谷店,小千谷市大字桜町５１６３－３,0258-89-6010,クオール株式会社　代表取締役　柄澤　忍,黒田　和宏,,,令3. 11. 1,yakkyoku
薬局,15,0840475,ＡＬＰＨＡＳ薬局　小千谷店,小千谷市旭町５番３号,0258-81-6722,株式会社エヌ・エム・アイ　代表取締役　岡本　圭介,吉澤　多賀子,,,令6. 4. 1,yakkyoku
薬局,15,0840483,しなの薬局　小千谷店,小千谷市平成１丁目２番７号,0258-86-7521,株式会社エーアンドエム　代表取締役　平野　正之,木伏　和士,,,令6. 10. 1,yakkyoku
薬局,15,0840491,ファーマライズ薬局　小千谷店,小千谷市東栄２丁目４－５,0258-83-5036,ｎｅｘｔ　ＰＨ株式会社　代表取締役　松浦　惠子,青木　一秀,,,令6. 12. 2,yakkyoku
薬局,15,0940192,加茂調剤薬局,加茂市番田１１番３２号,0256-52-8338,株式会社メディウイル　代表取締役　長澤　貴明,外石　和恵,,,昭62. 11. 24,yakkyoku
薬局,15,0940226,穀町調剤薬局,加茂市穀町６番２１号,0256-53-2338,株式会社メディウイル　代表取締役　長澤　貴明,大塚　浩美,,,昭63. 6. 1,yakkyoku
薬局,15,0940234,諏訪ノ木調剤薬局,加茂市加茂新田８３６８番４,0256-53-3484,笹菊薬品株式会社　代表取締役　長澤　吉明,五十嵐　久登,,,平4. 1. 16,yakkyoku
薬局,15,0940291,長沢薬局,加茂市本町２番１８号,0256-52-1631,株式会社　長沢　代表取締役　中居　孝,中居　孝,,,平5. 6. 1,yakkyoku
薬局,15,0940317,石川調剤薬局,加茂市石川２丁目１－３７,0256-53-3811,笹菊薬品株式会社　代表取締役　長澤　吉明,五十嵐　丈二,,,平7. 2. 1,yakkyoku
薬局,15,0940341,ファーコス薬局　かもやま,加茂市高須町１丁目６番１４号,0256-53-3917,株式会社ユニスマイル　代表取締役　白　成澤,外山　由美,,,平11. 11. 1,yakkyoku
薬局,15,0940374,仲町調剤薬局,加茂市仲町１番３５号,0256-57-7121,笹菊薬品株式会社　代表取締役　長澤　吉明,桑原　伸枝,,,平15. 4. 17,yakkyoku
薬局,15,0940424,アイン薬局　加茂店,加茂市青海町１丁目８番２８号,0256-57-7212,株式会社アイン北陸　代表取締役　野澤　浩司,山森　ゆき,,,平16. 4. 1,yakkyoku
薬局,15,0940440,三浦薬局,加茂市五番町３－２８,0256-52-0214,有限会社　三浦薬局　代表取締役　三浦　伸一,三浦　玲香,,,平17. 7. 11,yakkyoku
薬局,15,0940499,共創未来　番田薬局,加茂市番田１４６７,0256-53-3834,株式会社ファーマみらい　代表取締役　岡山　善郎,浅野　祥久,,,平25. 11. 1,yakkyoku
薬局,15,0940507,共創未来　柳町薬局,加茂市柳町２－５－８,0256-57-7035,株式会社ファーマみらい　代表取締役　岡山　善郎,木川　忍,,,平25. 11. 1,yakkyoku
薬局,15,0940515,共創未来　加茂薬局,加茂市青海町２丁目１１番８号,0256-53-3855,株式会社ファーマみらい　代表取締役　岡山　善郎,大橋　浩人,,,平25. 11. 1,yakkyoku
薬局,15,0940523,小林薬局,加茂市本町３番１４号,0256-52-1106,有限会社　小林薬局　代表取締役　小林　正則,小林　正則,,,平27. 4. 1,yakkyoku
薬局,15,0940531,市役所前薬局,加茂市新栄町４－５,0256-52-1115,笹菊薬品株式会社　代表取締役　長澤　吉明,笠間　悟,,,平28. 10. 1,yakkyoku
薬局,15,0940549,千刈薬局,加茂市千刈１丁目５０番２１,0256-53-3321,ファーマライズ株式会社　代表取締役　松浦　惠子,長尾　響子,調剤,,平31. 3. 1,yakkyoku
薬局,15,0940556,笹菊あさひ薬局,加茂市旭町６－１４,0256-53-3857,笹菊薬品株式会社　代表取締役　長澤　吉明,茂野　仁美,,,令5. 10. 10,yakkyoku
薬局,15,1040034,株式会社　島田薬局,十日町市駅通り２４番地２,025-752-2120,株式会社　島田薬局　代表取締役　島田　泰信,島田　泰信,,,昭48. 12. 14,yakkyoku
薬局,15,1040182,プラザ調剤薬局,十日町市本町３丁目３６２番地４プラザコア１階,025-750-1151,有限会社　二葉　代表取締役　海瀬　弘典,中澤　武彦,,,平11. 4. 1,yakkyoku
薬局,15,1040216,エム・ケイ薬局　とおかまち店,十日町市春日町３丁目１８９番地,025-750-1223,有限会社エム・ケイ・メディカル　代表取締役　吉村　和記,岡村　貴浩,,,平12. 11. 15,yakkyoku
薬局,15,1040257,中条調剤薬局,十日町市中条己２９７７番地１,025-752-5993,有限会社　トーユーメディカル　代表取締役　粉川　正明,粉川　道明,,,平16. 6. 28,yakkyoku
薬局,15,1040281,松代調剤薬局,十日町市松代３６２０－１,025-597-2773,有限会社　アウル　代表取締役　海瀬　弘典,太田　明美,,,平15. 8. 1,yakkyoku
薬局,15,1040299,エム・ケイ薬局　まつだい店,十日町市松代３６４９－１,025-595-6255,有限会社エム・ケイ・メディカル　代表取締役　吉村　和記,樋口　隆夫,,,平15. 8. 4,yakkyoku
薬局,15,1040307,いなり調剤薬局,十日町市稲荷町３丁目５番地２,025-750-5710,有限会社　桂林　代表取締役　海瀬　弘典,依田　哲也,,,平17. 5. 16,yakkyoku
薬局,15,1040406,勝又薬局,十日町市昭和町２丁目７１－１,025-752-2254,勝又　泰宏,勝又　泰宏,,,平21. 12. 15,yakkyoku
薬局,15,1040448,日本調剤　十日町薬局,十日町市春日町２丁目１１１番地,025-750-7300,日本調剤株式会社　代表取締役社長　小城　和紀,鴨下　航輔,,,平28. 5. 1,yakkyoku
薬局,15,1040455,笹山調剤薬局,十日町市中条甲１０８３－２,025-750-1588,有限会社　トモメディカル　代表取締役　栁原　泰志,八木　崇志,,,平28. 6. 1,yakkyoku
薬局,15,1040463,もりの調剤薬局,十日町市馬場丙１５２１－１２,0257-50-2161,有限会社　トモメディカル　代表取締役　栁原　泰志,小海　卓也,,,平28. 6. 1,yakkyoku
薬局,15,1040489,四日町薬局,十日町市新座甲６２０番地５,025-755-5570,株式会社リノ　代表取締役　鎌田　直毅,鎌田　直毅,,,平28. 11. 7,yakkyoku
薬局,15,1040497,アイン薬局　十日町店,十日町市稲荷町３丁目南１－１８,025-755-5901,株式会社アイン北陸　代表取締役　野澤　浩司,高野　貴幸,,,平30. 10. 1,yakkyoku
薬局,15,1040505,ファーマライズ薬局　十日町店,十日町市春日町二丁目１０８番地,025-750-1245,ファーマライズ株式会社　代表取締役　松浦　惠子,吉川　和宏,調剤,,平31. 3. 1,yakkyoku
薬局,15,1040521,ウエルシア薬局十日町住吉店,十日町市高田町四丁目１５６－２,025-750-6131,ウエルシア薬局株式会社　代表取締役　田中　純一,若山　直樹,,,令2. 11. 1,yakkyoku
薬局,15,1040539,駅西調剤薬局,十日町市稲荷町三丁目南７番地２６,025-761-7020,有限会社　桂林　代表取締役　海瀬　弘典,藤木　拓也,,,令4. 8. 1,yakkyoku
薬局,15,1040547,ＡＬＰＨＡＳ薬局　十日町高田店,十日町市高田町３丁目西１０７,025-755-5433,株式会社エヌ・エム・アイ　代表取締役　岡本　圭介,五十嵐　亮健,,,令5. 11. 1,yakkyoku
薬局,15,1040554,西区薬局,十日町市本町西１－３０８－２,025-757-3146,株式会社ストレチア　代表取締役　山根　弘,田村　幸子,,,令6. 4. 1,yakkyoku
薬局,15,1040562,ウエルシア薬局十日町下川原町店,十日町市西本町三丁目２３５番地２,025-750-5051,ウエルシア薬局株式会社　代表取締役　田中　純一,口　翔吾,,,令6. 8. 1,yakkyoku
薬局,15,1040570,十日町調剤薬局,十日町市山本町１丁目８０１番地５,025-752-7160,有限会社桂林　代表取締役　海瀬　弘典,岡村　直哉,,,令6. 7. 17,yakkyoku
薬局,15,1040588,千手薬局,十日町市上新井１１４５－５,025-755-8301,有限会社　トモメディカル　代表取締役　栁原　泰志,小野塚　愛美,,,令8. 1. 1,yakkyoku
薬局,15,1040596,たかやま調剤薬局,十日町市春日町三丁目１１４番地,025-750-5072,株式会社保健堂　代表取締役　粉川　英明,粉川　向日葵,,,令8. 5. 1,yakkyoku
薬局,15,1040604,わかば薬局　袋町店,十日町市高田町１丁目２１２番地,025-750-1385,株式会社松之山薬局　代表取締役　萩原　浩一,萩原　浩一,,,令8. 6. 1,yakkyoku
薬局,15,1140164,株式会社　扇長薬局,見附市今町１丁目１４番３３号,0258-66-2274,株式会社　扇長薬局　代表取締役　佐藤　日髙,佐藤　日高,,,平3. 4. 6,yakkyoku
薬局,15,1140214,ＡＬＰＨＡＳ薬局　柳橋店,見附市柳橋町字割前２７４－６,0258-66-0826,株式会社　エヌ・エム・アイ　代表取締役　岡本　圭介,八幡　京子,,,平10. 4. 1,yakkyoku
薬局,15,1140230,大手薬局見附本町店,見附市本町１丁目２番４９号,0258-62-1854,有限会社　大手薬局　代表取締役　佐藤　達夫,奥村　朋子,,,平14. 4. 1,yakkyoku
薬局,15,1140255,有限会社　しんまち薬局,見附市新町１丁目８番１号,0258-61-3005,有限会社　しんまち薬局　代表取締役　丹　靖史,丹　靖史,,,平14. 10. 1,yakkyoku
薬局,15,1140297,大手薬局本所店,見附市本所１丁目１２－１２,0258-62-8177,有限会社　大手薬局　代表取締役　佐藤　達夫,佐野　洋輔,,,平19. 6. 1,yakkyoku
薬局,15,1140313,みつけ調剤薬局,見附市学校町２－２２５－１,0258-89-6691,株式会社　共栄堂　代表取締役　永田　浩史,清水　玄也,,,平20. 9. 1,yakkyoku
薬局,15,1140321,今町調剤薬局,見附市今町２丁目甲１３６番１,0258-61-2411,マルイメディカル株式会社　代表取締役　渡辺　雅志,稻月　太陽,,,平22. 1. 1,yakkyoku
薬局,15,1140339,さくら薬局　見附,見附市本町２丁目９番２２号,0258-89-7200,株式会社　アイサ　代表取締役　光谷　良太,関本　晴輝,,,平26. 5. 1,yakkyoku
薬局,15,1140347,大手薬局嵐南店,見附市昭和町２丁目２１番２１号,0258-62-1715,株式会社大手ファーマシー　代表取締役　佐藤　達夫,諸橋　友行,,,平29. 10. 1,yakkyoku
薬局,15,1140354,ウエルシア薬局見附上新田店,見附市上新田町８１９,0258-61-2655,ウエルシア薬局株式会社　代表取締役　田中　純一,桑原　記代子,,,平30. 2. 1,yakkyoku
薬局,15,1140362,クスリのアオキ見附薬局,見附市上新田町４６６番地３４,0258-89-7260,株式会社クスリのアオキ　代表取締役　青木　宏憲,久保　裕紀,,,令元. 7. 1,yakkyoku
薬局,15,1140370,本町調剤薬局,見附市本町４丁目３－９,0258-61-1221,株式会社　扇長薬局　代表取締役　佐藤　日髙,佐藤　菜穂子,,,令2. 1. 1,yakkyoku
薬局,15,1140396,クスリのアオキ本所薬局,見附市本所１丁目３番７号,0258-94-5850,株式会社クスリのアオキ　代表取締役　青木　宏憲,中橋　祐亮,,,令3. 4. 1,yakkyoku
薬局,15,1140404,ＡＬＰＨＡＳ薬局　見附新町店,見附市新町３丁目８番６－１号,0258-86-7197,株式会社　エヌ・エム・アイ　代表取締役　岡本　圭介,本田　一希,,,令5. 4. 1,yakkyoku
薬局,15,1140412,メッツ市野坪薬局,見附市市野坪町３３７番地５,0258-94-5211,株式会社メディック太陽　代表取締役　上村　宏,植木　淳一,,,令7. 7. 1,yakkyoku
薬局,15,1140420,共栄堂薬局みつけ新町店,見附市新町２丁目５番７－１号,0258-86-5197,株式会社　共栄堂　代表取締役　永田　浩史,鈴木　慎,,,令8. 7. 1,yakkyoku
薬局,15,1240188,十字堂薬局,村上市松原町１丁目１０番１５号,0254-53-8855,十字堂調剤　株式会社　代表取締役　菊池　駿介,難波　美奈子,,,平9. 6. 1,yakkyoku
薬局,15,1240261,まいづる調剤薬局,村上市南町二丁目８番３１号,0254-50-7050,有限会社　ケイアンドケイ　代表取締役　渡辺　一誠,宮崎　秀一,,,平12. 10. 16,yakkyoku
薬局,15,1240279,しんまち調剤薬局,村上市新町９番８０号,0254-50-7150,有限会社　ケイアンドケイ　代表取締役　渡辺　一誠,渡邊　知誠,,,平13. 4. 9,yakkyoku
薬局,15,1240303,大町キムラ薬局　駅前店,村上市田端町３－３８,0254-53-6530,有限会社　大町キムラ薬局　代表取締役　木村　なな子,木村　なな子,,,平18. 2. 20,yakkyoku
薬局,15,1240311,中安調剤薬局　国道店,村上市仲間町２２５－２,0254-50-1180,有限会社　中安薬局　代表取締役　中村　良平,中村　京子,,,平18. 7. 13,yakkyoku
薬局,15,1240360,かみはやし調剤薬局,村上市北新保６８０－７,0254-66-8888,株式会社　共栄堂　代表取締役　永田　浩史,真野　文恵,,,平9. 12. 1,yakkyoku
薬局,15,1240378,ドラッグさとう,村上市藤沢９１－５　アコス内,0254-62-2311,佐藤　丈康,佐藤　丈康,,,平10. 4. 1,yakkyoku
薬局,15,1240410,アイン薬局　坂町店,村上市下鍜冶屋字長面５７９番地１,0254-62-0606,株式会社アイン北陸　代表取締役　野澤　浩司,金田　怜史,,,平14. 7. 1,yakkyoku
薬局,15,1240477,ＡＬＰＨＡＳ薬局　坂町店,村上市坂町３２６２－１４,0254-62-0888,株式会社　エヌ・エム・アイ　代表取締役　岡本　圭介,宮尾　和樹,,,平23. 4. 1,yakkyoku
薬局,15,1240485,くすのき調剤薬局,村上市新町９番８８号,0254-62-7640,有限会社　ケイアンドケイ　代表取締役　渡邊　一誠,内山　剛,,,平23. 5. 2,yakkyoku
薬局,15,1240493,かんまち調剤薬局,村上市岩船上町１－１５,0254-62-7463,株式会社　共栄堂　代表取締役　永田　浩史,野沢　菜央,,,平24. 10. 1,yakkyoku
薬局,15,1240501,アイン薬局　瀬波店,村上市瀬波中町１２番２４号,0254-50-7065,株式会社アイン北陸　代表取締役　野澤　浩司,本間　康司,,,平25. 3. 1,yakkyoku
薬局,15,1240527,共創未来　大場沢薬局,村上市大場沢字三改新田３７７０番３,0254-62-7530,株式会社ファーマみらい　代表取締役　岡山　善郎,村山　雅和,,,平25. 11. 1,yakkyoku
薬局,15,1240550,むらかみ調剤薬局,村上市新町６番３号,0254-50-1234,有限会社　ケイアンドケイ　代表取締役　渡邊　一誠,渡邊　一誠,,,平29. 9. 19,yakkyoku
薬局,15,1240568,南町薬局,村上市南町二丁目４番５０号,0254-50-1711,有限会社ファエスリー　代表取締役　青山　育美,富樫　美幸,,,平30. 5. 1,yakkyoku
薬局,15,1240576,調剤薬局ツルハドラッグ村上荒川店,新潟県村上市下鍜冶屋６３９番地,0254-62-0068,株式会社ツルハ　代表取締役社長　八幡　政浩,金田　大輝,調剤,,平31. 2. 1,yakkyoku
薬局,15,1240584,あさひ調剤薬局,村上市猿沢２２８７,0254-75-5617,有限会社スガイ　代表取締役　須貝　裕介,赤塚　将来,,,令2. 7. 1,yakkyoku
薬局,15,1240592,ココカラファイン薬局村上西店,村上市緑町５丁目７番２６号,0254-53-8880,株式会社ココカラファインヘルスケア　代表取締役　岡澤　隆弘,針谷　真則,,,令2. 10. 1,yakkyoku
薬局,15,1240618,すがいやっきょく緑町店,村上市緑町２－１－１２,0254-62-7920,有限会社　スガイ　代表取締役　須貝　裕介,佐藤　栄一郎,,,令2. 12. 1,yakkyoku
薬局,15,1240626,共創未来　村上中央薬局,村上市村上３４９７番地３,0254-50-0300,株式会社ファーマみらい　代表取締役　岡山　善郎,建部　晶子,,,令2. 12. 1,yakkyoku
薬局,15,1240634,中安調剤薬局,村上市緑町５丁目５番３０号,0254-52-7058,有限会社　中安薬局　代表取締役　中村　良平,中村　紘之,,,令2. 12. 1,yakkyoku
薬局,15,1240659,アイン薬局　村上店,村上市緑町５丁目８－１－２,0254-50-0077,株式会社アイン北陸　代表取締役　野澤　浩司,川　周一,,,令3. 4. 5,yakkyoku
薬局,15,1240691,有限会社　坂町薬局,村上市藤沢７－１６,0254-62-2048,有限会社　坂町薬局　代表取締役　瀬水　貞彦,瀬水　貞彦,,,令4. 8. 1,yakkyoku
薬局,15,1240709,共栄堂薬局むらかみ店,村上市大町３番２６号２,0254-75-6185,株式会社　共栄堂　代表取締役　永田　浩史,渡辺　智絵,,,令5. 5. 1,yakkyoku
薬局,15,1240717,すがいやっきょく上海府店,村上市吉浦２９９８－１９,0254-58-2979,有限会社スガイ　代表取締役　須貝　裕介,佐藤　智恵,,,令5. 10. 10,yakkyoku
薬局,15,1240725,大町キムラ薬局いいの店,村上市飯野３丁目１６－１１,0254-62-7711,有限会社　大町キムラ薬局　代表取締役　木村　なな子,大島　幾子,,,令6. 5. 1,yakkyoku
薬局,15,1240733,しなの薬局　坂町店,村上市下鍜冶屋字長面５９２－１,0254-62-0637,株式会社エーアンドエム　代表取締役　平野　正之,富樫　佳奈子,,,令7. 1. 1,yakkyoku
薬局,15,1240741,エール薬局さんぽく店,村上市勝木１３４０－１,0254-62-7935,株式会社　はる　代表取締役　宅間　大祐,桐生　拓也,,,令7. 9. 1,yakkyoku
薬局,15,1240758,ラベンダー薬局,村上市有明９２９番５１,0254-60-1311,有限会社　ファエスリー　代表取締役　青山　育美,齋藤　達志,,,令8. 3. 2,yakkyoku
薬局,15,1340012,株式会社　日野庄商店,燕市仲町２番３４号,0256-62-2057,株式会社　日野庄商店　五十嵐　信介,五十嵐　信介,,,昭32. 10. 5,yakkyoku
薬局,15,1340053,星薬局,燕市杉名３６－１,0256-66-3515,星　直仁,星　直仁,,,平5. 12. 1,yakkyoku
薬局,15,1340152,ソマギ調剤薬局,燕市杣木１４７０番地２,0256-66-3830,笹菊薬品株式会社　代表取締役　長澤　吉明,加藤　美幸,,,平10. 11. 2,yakkyoku
薬局,15,1340160,たんぽぽ調剤薬局,燕市南４丁目２番１１号,0256-66-5337,有限会社　コジマ　代表取締役　山本　重子,小島　秀子,,,平11. 3. 1,yakkyoku
薬局,15,1340178,みなみ調剤薬局,燕市宮町２－３０,0256-61-7657,有限会社　デイアカンパニー　代表取締役　石森　進一,外石　紗耶香,,,平11. 12. 1,yakkyoku
薬局,15,1340236,こたか調剤薬局,燕市小高８３１－２,0256-63-4336,株式会社　共栄堂　代表取締役　永田　浩史,渡辺　麻美,,,平14. 9. 6,yakkyoku
薬局,15,1340285,大平薬局,燕市地蔵堂本町一丁目２番６号,0256-97-2012,株式会社　大平興三郎商店　代表取締役　大平　忠英,大平　忠英,,,昭32. 10. 5,yakkyoku
薬局,15,1340343,東町調剤薬局,燕市吉田３５０５番地１,0256-93-6312,笹菊薬品株式会社　代表取締役　長澤　吉明,鈴木　祐太,,,平8. 4. 1,yakkyoku
薬局,15,1340368,有限会社　誠和調剤薬局　吉田店,燕市吉田本所７４番１,0256-92-1155,有限会社　誠和調剤薬局　代表取締役　佐藤　誠,小出　寿美男,,,平9. 11. 4,yakkyoku
薬局,15,1340384,クローバー調剤薬局,燕市富永１００８,0256-94-0030,株式会社　共栄堂　代表取締役　永田　浩史,石黒　和彦,,,平12. 4. 1,yakkyoku
薬局,15,1340418,アイン薬局　吉田店,燕市吉田大保町２８－１１,0256-94-0077,株式会社アイン北陸　代表取締役　野澤　浩司,渡邉　秀哲,,,平14. 9. 1,yakkyoku
薬局,15,1340426,ファルマ吉田,燕市吉田３４７９－１,0256-94-7220,株式会社　成斗　代表取締役　橋本　巧,辻本　晃子,,,平17. 10. 1,yakkyoku
薬局,15,1340434,しなの薬局　吉田店,燕市吉田２７５７－３,0256-92-8882,株式会社エーアンドエム　代表取締役　平野　正之,近藤　優奈,,,平18. 7. 6,yakkyoku
薬局,15,1340442,ステップ薬局,燕市吉田大保町２３番１０号,0256-92-1717,株式会社　グロースファーマシー　代表取締役　長谷川　隆夫,長谷川　隆夫,,,平18. 10. 2,yakkyoku
薬局,15,1340459,はいがた調剤薬局,燕市三王渕１０５番地１,0256-66-5888,株式会社　サンクレール　代表取締役　清水　寛生,清水　寛生,,,平19. 6. 1,yakkyoku
薬局,15,1340467,わかば燕薬局,燕市杣木８１２番地,0256-47-7288,株式会社　スギモトコーポレーション　代表取締役　杉本　俊夫,鎌田　美智子,,,平19. 9. 1,yakkyoku
薬局,15,1340483,リーフ薬局,燕市杣木字枯木１８２４番４,0256-47-6700,株式会社　共栄堂　代表取締役　永田　浩史,脇川　竜也,,,平20. 5. 14,yakkyoku
薬局,15,1340608,ＡＬＰＨＡＳ薬局　吉田東店,燕市吉田法花堂１６９６－５,0256-94-8000,株式会社　エヌ・エム・アイ　代表取締役　岡本　圭介,瀧澤　和子,,,平25. 8. 1,yakkyoku
薬局,15,1340624,おひさま薬局,燕市五千石３２６８番地１,0256-78-7555,株式会社三恵　代表取締役　吉井　孝蔵,吉井　清貴,,,平25. 12. 1,yakkyoku
薬局,15,1340657,共創未来　吉田南薬局,燕市吉田大保町２８－１５,0256-78-8551,株式会社ファーマみらい　代表取締役　岡山　善郎,渡辺　佳代子,,,平25. 11. 1,yakkyoku
薬局,15,1340673,にしむら薬局　つばめ店,燕市柳山７７４番地１,0256-46-8069,株式会社新潟ファーマシー　代表取締役　清水　忍,藤井　洋子,,,平26. 9. 1,yakkyoku
薬局,15,1340681,ウエルシア薬局燕店,燕市井土巻２丁目６２－１,0256-61-6600,ウエルシア薬局株式会社　代表取締役　田中　純一,小林　俊喜,,,平27. 7. 1,yakkyoku
薬局,15,1340699,中央調剤薬局,燕市水道町４丁目３番４４号,0256-66-1418,大協薬品株式会社　代表取締役　小林　正,石田　洋己,,,平28. 1. 4,yakkyoku
薬局,15,1340715,燕三条調剤薬局,燕市井土巻４丁目２８０番,0256-66-5333,大協薬品株式会社　代表取締役　小林　正,堀　利行,,,平28. 1. 4,yakkyoku
薬局,15,1340723,あきば調剤薬局,燕市秋葉町１－２－２５,0256-47-1189,大協薬品株式会社　代表取締役　小林　正,勝山　寛之,,,平28. 1. 4,yakkyoku
薬局,15,1340731,あきつ調剤薬局,燕市秋葉町４丁目１０番１４号,0256-64-8770,有限会社メディカルサポート　代表取締役　幸田　明,高橋　正和,,,平28. 4. 1,yakkyoku
薬局,15,1340749,共栄堂薬局つばめ店,燕市吉田３４５４－１,0256-77-8916,株式会社　共栄堂　代表取締役　永田　浩史,川崎　早苗,,,平29. 4. 1,yakkyoku
薬局,15,1340756,小川薬局,燕市地蔵堂本町２－６－２３,0256-97-2047,安藤　久仁子,安藤　久仁子,,,平29. 4. 10,yakkyoku
薬局,15,1340780,大手薬局吉田店,燕市吉田堤町３番２０号,0256-78-7322,株式会社ビッグハンド薬品　代表取締役　佐藤　達夫,深海　大地,,,平30. 4. 1,yakkyoku
薬局,15,1340798,調剤薬局ツルハドラッグ燕吉田店,燕市吉田東栄町１２番１０号,0256-94-8268,株式会社ツルハ　代表取締役社長　八幡　政浩,山田　麟,,,平30. 5. 1,yakkyoku
薬局,15,1340806,ウエルシア薬局吉田店,燕市吉田３７１９－１,0256-91-1211,ウエルシア薬局株式会社　代表取締役　田中　純一,柄沢　明美,,,平30. 8. 11,yakkyoku
薬局,15,1340814,さくら薬局　燕吉田店,燕市吉田３７４９,0256-94-0130,クラフト株式会社　代表取締役　新井　勝,藤原　幸恵,調剤,,平31. 2. 1,yakkyoku
薬局,15,1340822,えはら薬局,燕市分水桜町３丁目２番４号,0256-77-8654,株式会社えはら　代表取締役　荏原　健志,渡邉　匠,調剤,,平31. 4. 1,yakkyoku
薬局,15,1340830,大手薬局神田町店,燕市吉田神田町８番２２号,0256-78-7431,有限会社大手薬局　代表取締役　佐藤　達夫,田沢　真美,調剤,,平31. 4. 1,yakkyoku
薬局,15,1340848,ＡＬＰＨＡＳ薬局　分水店,燕市地蔵堂本町三丁目４番１４号,0256-77-8750,株式会社　エヌ・エム・アイ　代表取締役　岡本　圭介,佐藤　大地,,,令2. 1. 1,yakkyoku
薬局,15,1340855,クスリのアオキ小高薬局,燕市小高１１６８番地,0256-64-8180,株式会社クスリのアオキ　代表取締役　青木　宏憲,土田　慧美,,,令2. 8. 1,yakkyoku
薬局,15,1340863,クスリのアオキつばめ白山町薬局,燕市白山町３丁目２２番９号,0256-64-7230,株式会社クスリのアオキ　代表取締役　青木　宏憲,村山　達志,,,令3. 8. 1,yakkyoku
薬局,15,1340889,クスリのアオキ吉田薬局,燕市吉田３５２３番地,0256-77-8972,株式会社クスリのアオキ　代表取締役　青木　宏憲,平田　光輝,,,令5. 5. 1,yakkyoku
薬局,15,1340897,みなみ調剤薬局コアラ店,燕市佐渡字浦田２４３－１,0256-63-4158,有限会社　ディアカンパニー　代表取締役　石森　進一,加藤　智世,,,令5. 9. 1,yakkyoku
薬局,15,1340913,さくら町調剤薬局,燕市分水桜町２－５－１１,0256-98-0111,株式会社ストレチア　代表取締役　山根　弘,星　茂樹,,,令6. 4. 1,yakkyoku
薬局,15,1340921,東おおた薬局,燕市東太田７０１７－１,0256-64-9811,株式会社ＮＭＴ　代表取締役　上村　拓嗣,佐藤　美香,,,令6. 10. 17,yakkyoku
薬局,15,1340939,ファーマライズ薬局　燕店,燕市杣木１４２７番,0256-46-0985,ｎｅｘｔ　ＰＨ株式会社　代表取締役　松浦　惠子,後藤　ルミ子,,,令6. 12. 2,yakkyoku
薬局,15,1340947,大手薬局県央店,燕市井土巻２丁目３４２番,0256-46-8706,有限会社大手薬局　　代表取締役　佐藤　達夫,阿部　光汰,,,令7. 5. 1,yakkyoku
薬局,15,1340954,共栄堂薬局つばめ南店,燕市南６丁目１１番２０号,0256-64-7481,株式会社　共栄堂　　代表取締役　永田　浩史,渡邉　鴻志,,,令7. 5. 1,yakkyoku
薬局,15,1340962,オレンジ調剤薬局,燕市白山町２丁目３６４２番地４,0256-61-7768,株式会社Ｏｎ　Ｙｏｕｒ　Ｓｉｄｅ　代表取締役　関　真,渡邊　雅雪,,,令7. 3. 1,yakkyoku
薬局,15,1340970,エース薬局パコ店,燕市分水新町１－６－５,0256-98-2070,株式会社えはら　代表取締役　荏原　健志,皆川　淑哉,,,令7. 4. 1,yakkyoku
薬局,15,1540140,ヒスイ調剤薬局,糸魚川市東寺町１丁目４番９号,025-552-8608,有限会社　ホウライ　代表取締役　小出　智子,清水　真由子,,,平10. 5. 1,yakkyoku
薬局,15,1540173,八川屋薬局　横町店,糸魚川市横町５丁目６－５４,025-550-1193,有限会社八川屋薬局　代表取締役　水上　聡,水上　聡,,,平11. 3. 1,yakkyoku
薬局,15,1540215,アイン薬局　竹ヶ花店,糸魚川市竹ケ花５２６番地１,025-550-4013,株式会社アイン北陸　代表取締役　野澤　浩司,仲谷　恵子,,,平12. 9. 1,yakkyoku
薬局,15,1540249,一の宮調剤薬局,糸魚川市一の宮１丁目１番４３号,025-550-6027,有限会社　一の宮調剤薬局　代表取締役　豊島　善,豊島　善,,,平13. 6. 1,yakkyoku
薬局,15,1540256,押上調剤薬局,糸魚川市南押上３丁目４番３７号,025-550-4933,有限会社　ティーピージィ　代表取締役　高野　勝彦,平野　智弘,,,平13. 8. 6,yakkyoku
薬局,15,1540314,のぞみ薬局,糸魚川市大字能生７１７２番地３,025-566-5395,有限会社　のぞみ薬局　代表取締役　長谷川　義郎,長谷川　陽子,,,平11. 3. 29,yakkyoku
薬局,15,1540322,あい竹ケ花調剤薬局,糸魚川市竹ケ花４８０－１,025-550-6807,有限会社　ティーピージィ　代表取締役　高野　勝彦,吉岡　京子,,,平17. 4. 1,yakkyoku
薬局,15,1540348,アイランド薬局　糸魚川店,糸魚川市南寺町一丁目１番８号,025-550-4189,アポクリート株式会社　代表取締役　都筑　朋英,竹田　奈々,,,平18. 6. 1,yakkyoku
薬局,15,1540363,青海薬局,糸魚川市大字寺地２３３,025-562-1621,有限会社　ホウライ　代表取締役　小出　智子,小出　直毅,,,平19. 12. 1,yakkyoku
薬局,15,1540397,あい横町調剤薬局,糸魚川市横町２－３－５,025-555-7600,有限会社　ティーピージィ　代表取締役　高野　勝彦,平野　友貴,,,平21. 4. 1,yakkyoku
薬局,15,1540462,共創未来　糸魚川薬局,糸魚川市竹ケ花５２７－１番地,0255-50-6620,株式会社ファーマみらい　代表取締役　岡山　善郎,平石　寛子,,,平25. 11. 1,yakkyoku
薬局,15,1540470,てらまち調剤薬局,糸魚川市寺町１丁目６－１２,025-553-2545,株式会社　エフティーエフ　代表取締役　石橋　広憲,石橋　広憲,,,平26. 3. 1,yakkyoku
薬局,15,1540488,くしはし薬局,糸魚川市田海５３９２,025-562-2520,有限会社　串橋　代表取締役　串橋　長司,串橋　学,,,平26. 9. 1,yakkyoku
薬局,15,1540496,クローバー薬局,糸魚川市大字平牛２１２４番地,025-555-7557,株式会社コラソン　代表取締役　清水　貴之,清水　貴之,,,平28. 10. 1,yakkyoku
薬局,15,1540512,うえかり薬局,糸魚川市上刈２丁目５－２５,025-556-6530,西村　淳一,佐藤　政勝,,,平29. 7. 1,yakkyoku
薬局,15,1540520,カワセミ薬局,糸魚川市南押上１丁目１６番３５号,025-555-7537,有限会社　ホウライ　代表取締役　小出　智子,木戸間　剛,,,平29. 11. 1,yakkyoku
薬局,15,1540538,ハヤカワ調剤薬局,糸魚川市大字西谷内７４番８,025-550-2557,有限会社　ホウライ　代表取締役　小出　智子,麻績　豊,,,令元. 5. 3,yakkyoku
薬局,15,1540546,うえかり薬局　駅前店,糸魚川市大町２丁目５－２３,025-555-7720,西村　淳一,與都　宏光,,,令4. 5. 1,yakkyoku
薬局,15,1540553,アイン薬局糸魚川南寺町店,糸魚川市南寺町２丁目１０－２９,025-556-9200,株式会社アイン北陸　代表取締役　野澤　浩司,峯村　博勝,,,令6. 5. 1,yakkyoku
薬局,15,1540561,クスリのアオキ厚田薬局,糸魚川市大字大和川１２６８番地３,025-555-7631,株式会社クスリのアオキ　代表取締役　青木　宏憲,川又　楓,,,令6. 7. 1,yakkyoku
薬局,15,1640189,自然堂つるや薬局新井店,妙高市朝日町１－２－１３,0255-72-0304,有限会社　つるや　代表取締役　増村　智,山田　映子,,,平10. 10. 1,yakkyoku
薬局,15,1640262,アライ調剤薬局,妙高市石塚町１丁目１４－２,0255-70-0987,有限会社　ホウライ　代表取締役　小出　智子,北村　聡美,,,平15. 11. 4,yakkyoku
薬局,15,1640304,吉沢薬局,妙高市大字関川６４３,0255-86-2130,有限会社　吉沢商店　代表取締役　吉澤　美千代,吉澤　美千代,,,平15. 9. 1,yakkyoku
薬局,15,1640320,有限会社アリエル　きたあらい薬局,妙高市柳井田町二丁目８－１７,0255-72-2958,有限会社アリエル　代表取締役　采女　幸司,采女　幸司,,,平18. 6. 1,yakkyoku
薬局,15,1640346,しなの薬局　関山店,妙高市大字関山１６６８番地１０,0255-82-3510,株式会社エーアンドエム　代表取締役　平野　正之,落合　瞭,,,平22. 4. 13,yakkyoku
薬局,15,1640379,ウエルシア薬局妙高栗原店,妙高市栗原２丁目５番１０号,0255-70-1310,ウエルシア薬局株式会社　代表取締役　田中　純一,遠藤　晃助,,,平25. 1. 1,yakkyoku
薬局,15,1640403,共創未来　妙高薬局,妙高市大字田口１４４,0255-70-2530,株式会社ファーマみらい　代表取締役　岡山　善郎,寺澤　正貴,,,平25. 11. 1,yakkyoku
薬局,15,1640452,トリム薬局　新井店,妙高市田町２丁目３番２１号,0255-72-4193,ファーマライズ株式会社　代表取締役　松浦　惠子,丸山　智也,調剤,,平31. 3. 1,yakkyoku
薬局,15,1640460,中央調剤薬局　栗原店,妙高市栗原２丁目３番３号,0255-70-5131,有限会社　中央調剤薬局　代表取締役　小竹成昭,小竹　成昭,,,平31. 4. 1,yakkyoku
薬局,15,1740161,阿賀薬剤センター　太田調剤薬局,五泉市太田字大向４４４番地１,0250-43-8433,株式会社　阿賀薬剤センター　代表取締役　坂東　正司,尾﨑　真紀,,,平5. 7. 1,yakkyoku
薬局,15,1740252,鈴木調剤薬局,五泉市太田２丁目９５２番地,0250-43-8451,有限会社　鈴木薬局　代表取締役　鈴木　隆司,海津　奈緒美,,,平12. 4. 12,yakkyoku
薬局,15,1740336,有限会社　八木薬局,五泉市村松乙６４３番地,0250-58-6259,有限会社　八木薬局　代表取締役　八木　正成,八木　洋子,,,昭60. 6. 25,yakkyoku
薬局,15,1740377,公園前調剤薬局,五泉市村松甲２６２７－５,0250-58-0155,株式会社ファルレ　代表取締役　福崎　真崇,須山　八重,,,平15. 11. 4,yakkyoku
薬局,15,1740385,みかん調剤薬局,五泉市三本木字早出３０４１番地２,0250-41-1050,株式会社　恵温堂　代表取締役　山川　一弘,由野　貴圭,,,平19. 7. 1,yakkyoku
薬局,15,1740401,あたご調剤薬局,五泉市村松１２８８番地８,0250-58-5999,株式会社ファルレ　代表取締役　福崎　真崇,高橋　由美子,,,平20. 1. 10,yakkyoku
薬局,15,1740419,やぎ調剤薬局,五泉市村松乙６２５－１,0250-47-6373,有限会社　八木薬局　代表取締役　八木　正成,八木　正成,,,平20. 5. 12,yakkyoku
薬局,15,1740443,斎藤薬局,五泉市村松甲１７７６,0250-58-6568,斎藤　淳一,斎藤　淳一,,,平21. 1. 1,yakkyoku
薬局,15,1740468,メイプル薬局　五泉本町店,五泉市本町３丁目２番３２号,0250-48-5888,株式会社　ベガ　代表取締役　高林　敦,高林　敦,,,平21. 7. 1,yakkyoku
薬局,15,1740484,いしぞね薬局,五泉市石曽根７９９１番地１,0250-58-8233,株式会社　それいゆファーマシー　代表取締役　土田　隆一,青木　伸江,,,平23. 3. 1,yakkyoku
薬局,15,1740526,共創未来　五泉薬局,五泉市南本町１－５－２,0250-43-7901,株式会社ファーマみらい　代表取締役　岡山　善郎,小林　竜之,,,平25. 11. 1,yakkyoku
薬局,15,1740534,共創未来　ぼたん薬局,五泉市太田２－６－４４,0250-25-7805,株式会社ファーマみらい　代表取締役　岡山　善郎,髙内　佳之,,,平25. 11. 1,yakkyoku
薬局,15,1740559,よつば調剤薬局,五泉市東本町２丁目９番３２号,0250-47-7030,株式会社クローバー　代表取締役　齋藤　正則,齋藤　正則,,,平26. 9. 16,yakkyoku
薬局,15,1740567,アサヒ調剤薬局五泉店,五泉市本町６丁目１番７号,0250-41-1114,株式会社　ワークウェルファーマシーズ　代表取締役　堀越　昭,堀越　昭,,,平26. 12. 1,yakkyoku
薬局,15,1740575,ウエルシア薬局五泉村松店,五泉市村松１２３４－４,,ウエルシア薬局株式会社　代表取締役　田中　純一,藤井　星也,,,平28. 1. 1,yakkyoku
薬局,15,1740591,みなみ調剤薬局　五泉店,五泉市本町一丁目１０番３－４号,0250-47-8063,有限会社　ディアカンパニー　代表取締役　石森　進一,村上　徹,,,令元. 6. 1,yakkyoku
薬局,15,1740617,ごせん薬局,五泉市太田４５９－３,0250-25-7622,株式会社ファルレ　代表取締役　福崎　真崇,布川　侑紀,,,令元. 12. 1,yakkyoku
薬局,15,1740666,あい薬局五泉店,五泉市南本町３－１－４７,0250-47-7422,クオール株式会社　代表取締役　柄澤　忍,相田　悟,,,令3. 11. 1,yakkyoku
薬局,15,1740674,すまいる薬局,五泉市太田９７６－１,0250-47-3800,株式会社　金子薬局　代表取締役　金子　祥大,金子　祥大,,,令6. 1. 1,yakkyoku
薬局,15,1740690,てらざわ調剤薬局,五泉市寺沢３－２－２,0250-41-1616,株式会社ストレチア　代表取締役　山根　弘,二階堂　雅一,,,令6. 4. 1,yakkyoku
薬局,15,1740708,コスモス調剤薬局,五泉市太田４６０－１,0250-47-3671,株式会社ストレチア　代表取締役　山根　弘,吉村　徹,,,令6. 4. 1,yakkyoku
薬局,15,1740716,ウエルシア薬局五泉三本木店,五泉市三本木３丁目３番４０号,0250-43-1215,ウエルシア薬局株式会社　代表取締役　田中　純一,佐藤　圭亮,,,令6. 7. 1,yakkyoku
薬局,15,1740724,クスリのアオキ三本木薬局,五泉市三本木字早出３０２６番地,0250-47-5320,株式会社クスリのアオキ　代表取締役　青木　宏憲,佐久間　沙奈江,,,令6. 12. 1,yakkyoku
薬局,15,1740732,ウエルシア薬局五泉店,五泉市東本町２－６－５,0250-41-0852,ウエルシア薬局株式会社　代表取締役　田中　純一,埴田　亜理沙,,,令6. 10. 1,yakkyoku
薬局,15,1740740,こみち薬局,五泉市東本町２丁目７番３号,0250-43-6177,株式会社ケミカルエイジ　代表取締役　森山　和也,森山　和也,,,令7. 4. 4,yakkyoku
薬局,15,1740757,青葉調剤薬局,五泉市村松甲１７７２－１９,0250-41-3088,株式会社それいゆファーマシー　代表取締役　土田　隆一,土田　隆一,,,令7. 6. 1,yakkyoku
薬局,15,0340484,大町調剤薬局,上越市大町４丁目４番４号,025-522-2537,有限会社　大町調剤薬局　代表取締役　西村　貴光,佐藤　玲王,,,平元. 8. 1,yakkyoku
薬局,15,0340567,有限会社　金谷雄三薬局,上越市中央１丁目２４－７,025-543-4101,有限会社　金谷雄三薬局　代表取締役　金谷　芳徳,金谷　芳徳,,,平3. 3. 25,yakkyoku
薬局,15,0340666,薬局　ドラッグゲンちゃん,上越市東城町３丁目１０番２号,025-526-4128,株式会社　みやした　代表取締役　宮下　憲章,猪又　郁子,,,平4. 10. 15,yakkyoku
薬局,15,0340690,吉岡薬局,上越市春日新田１丁目２２番３４号,025-545-1195,有限会社　吉岡薬品　代表取締役　小竹　成昭,太田　祐基,,,平6. 8. 8,yakkyoku
薬局,15,0340732,オタケ薬局,上越市大字新保古新田５５５,025-525-7707,有限会社　中央調剤薬局　代表取締役　小竹　成昭,西村　直泰,,,平6. 12. 1,yakkyoku
薬局,15,0340740,春日野調剤薬局,上越市春日野１丁目５番１４号,025-522-1107,有限会社　春日野　代表取締役　海瀬　弘典,上野　千明,,,平7. 5. 1,yakkyoku
薬局,15,0340757,グリーン薬局北城,上越市北城町１丁目６－３,025-526-1330,有限会社　グリーン薬局　代表取締役　長岡　高史,橋本　一正,,,平7. 9. 4,yakkyoku
薬局,15,0340831,有限会社　大山薬局,上越市本町１－４－１７,025-525-6615,有限会社　大山薬局　代表取締役　大山　有,大山　有,,,平9. 9. 1,yakkyoku
薬局,15,0340849,有限会社　たから薬局,上越市大手町１ー２２,025-522-1112,有限会社　たから薬局　代表取締役　酒井　多嘉子,酒井　多嘉子,,,平9. 9. 1,yakkyoku
薬局,15,0340864,中央調剤薬局　大町店,上越市大町３丁目３番２１号,025-521-4102,有限会社　中央調剤薬局　代表取締役　小竹　成昭,高橋　茂,,,平10. 4. 1,yakkyoku
薬局,15,0340880,中央調剤薬局　駅南店,上越市東雲町２－６－２４,025-531-2221,有限会社　中央調剤薬局　代表取締役　小竹　成昭,鈴木　祥之,,,平10. 5. 6,yakkyoku
薬局,15,0340898,コクブ薬局,上越市国府４丁目６ー１７,025-531-2127,有限会社　ホウライ　代表取締役　小出　智子,平岡　正勝,,,平10. 5. 1,yakkyoku
薬局,15,0340930,（有）たから薬局　大学前薬局,上越市大学前２０３番,025-521-4355,有限会社　たから薬局　代表取締役　酒井　多嘉子,岡　浩司,,,平10. 9. 21,yakkyoku
薬局,15,0341011,有限会社たから薬局　たかし薬局,上越市木田新田２丁目３番１３号,025-521-6517,有限会社　たから薬局　代表取締役　酒井　多嘉子,山田　玲,,,平12. 4. 1,yakkyoku
薬局,15,0341029,あおぞら薬局,上越市大字下荒浜字冥加場８４８番４,025-531-0028,有限会社　いけだ企画　代表取締役　池田　広美,池田　久夫,,,平12. 4. 1,yakkyoku
薬局,15,0341045,あおい調剤薬局,上越市北城町四丁目６番５号,025-521-7535,有限会社　くぼたファーマシー　代表取締役　窪田　謙一,桐山　和可子,,,平12. 9. 1,yakkyoku
薬局,15,0341052,アオノ調剤薬局,上越市大字青野字沢田２３９ー４,025-520-3770,有限会社　ホウライ　代表取締役　小出　智子,前田　元樹,,,平12. 10. 2,yakkyoku
薬局,15,0341060,タカダ南薬局,上越市上中田１０７１,025-522-8377,有限会社　中央調剤薬局　代表取締役　小竹　成昭,髙山　和久,,,平13. 4. 12,yakkyoku
薬局,15,0341078,あさひ薬局　春日新田店,上越市春日新田２丁目１０番３０号,025-539-5712,有限会社　あさひ薬局　代表取締役　吉田　剛,萬羽　弘幸,,,平13. 6. 1,yakkyoku
薬局,15,0341086,自然堂　つるや薬局春日山店,上越市大豆１ー９ー１,025-525-7997,有限会社　つるや　代表取締役　増村　智,増村　和恵,,,平13. 8. 1,yakkyoku
薬局,15,0341094,薬局・ゲンちゃん北城,上越市北城町４丁目４番１９号,025-523-5711,株式会社　みやした　代表取締役　宮下　憲章,重原　孝一,,,平13. 9. 4,yakkyoku
薬局,15,0341128,田中薬局,上越市中央１丁目６番４号　マルセンビル１Ｆ,025-543-3329,田中　露,田中　露,,,平14. 7. 1,yakkyoku
薬局,15,0341151,グリーン薬局　加賀,上越市大豆２丁目９番１７号,025-531-2511,有限会社　グリーン薬局　代表取締役　長岡　高史,志田　和浩,,,平14. 10. 1,yakkyoku
薬局,15,0341169,くるみ調剤薬局,上越市高土町２丁目１２番１６号,025-521-1220,株式会社　共栄堂　代表取締役　永田　浩史,大山　知子,,,平14. 10. 1,yakkyoku
薬局,15,0341177,やまと薬局,上越市大和２丁目１５番２０号,025-521-4672,有限会社　やまと薬局　代表取締役　小澤　光宏,山口　裕人,,,平14. 11. 1,yakkyoku
薬局,15,0341193,中央調剤薬局　中央店,上越市中央１－２３－５,025-543-8147,有限会社　中央調剤薬局　代表取締役　小竹　成昭,佐藤　ゆき,,,平15. 3. 7,yakkyoku
薬局,15,0341250,おおまち薬局　鴨島店,上越市鴨島３丁目６番６８号,025-521-3931,有限会社　大町調剤薬局　代表取締役　西村　貴光,村上　和優,,,平16. 5. 1,yakkyoku
薬局,15,0341342,ますや薬局,上越市板倉区針７９９番地,0255-78-2016,合資会社　増屋商店　代表社員　増村　千代,石倉　玲子,,,昭59. 6. 1,yakkyoku
薬局,15,0341359,有限会社　グリーン薬局,上越市柿崎区柿崎５６９８－５,025-536-6090,有限会社　グリーン薬局　代表取締役　長岡　高史,長岡　高史,,,平5. 7. 1,yakkyoku
薬局,15,0341409,さんわ薬局,上越市三和区下中６７９－２,025-529-2177,有限会社　さんわ薬局　代表取締役　勝山　ゆういち,勝山　ゆういち,,,平11. 2. 1,yakkyoku
薬局,15,0341433,有限会社　不二　よしかわ薬局,上越市吉川区下町１１６１番地３,025-548-2028,有限会社　不　二　代表取締役　倉茂　了,倉茂　了,,,平13. 4. 1,yakkyoku
薬局,15,0341458,あさひ薬局くびき店,上越市頸城区諏訪６６－１,025-530-4377,有限会社　あさひ薬局　代表取締役　吉田　剛,川上　拓真,,,平13. 5. 1,yakkyoku
薬局,15,0341466,エム・ケイ薬局　さいがた店,上越市大潟区犀潟６５８番地２,025-535-1833,有限会社エム・ケイ・メディカル　代表取締役　吉村　和記,竹ノ内　秀行,,,平14. 6. 3,yakkyoku
薬局,15,0341474,ミナミ調剤薬局,上越市名立区名立大町字家添１９６ー２,025-537-2585,有限会社　ホウライ　代表取締役　小出　智子,前田　京子,,,平11. 11. 1,yakkyoku
薬局,15,0341508,清里薬局,上越市清里区荒牧２０７－１,025-529-1641,有限会社　アウル　代表取締役　海瀬　弘典,瀧澤　智子,,,平17. 10. 1,yakkyoku
薬局,15,0341532,日本調剤高田薬局,上越市とよば５番地,025-521-7588,日本調剤株式会社　代表取締役社長　小城　和紀,古川　真輝,,,平18. 3. 1,yakkyoku
薬局,15,0341557,アイン薬局　高田店,上越市とよば２番地,025-521-0933,株式会社アイン北陸　代表取締役　野澤　浩司,田巻　真美,,,平18. 3. 1,yakkyoku
薬局,15,0341565,あおば薬局木田店,上越市木田新田２丁目２番２１号,025-521-7255,株式会社　フレッグ　代表取締役　長谷川　宏明,平野　愛理,,,平18. 7. 18,yakkyoku
薬局,15,0341581,エム・ケイ薬局かきざき店,上越市柿崎区柿崎６４１１－２,025-535-2766,有限会社エム・ケイ・メディカル　代表取締役　吉村　和記,髙橋　理恵,,,平18. 7. 3,yakkyoku
薬局,15,0341615,有限会社　さくら調剤薬局,上越市本町１丁目４番７号,025-521-4311,有限会社　さくら調剤薬局　代表取締役　塩練　剛,佐藤　学,,,平18. 12. 4,yakkyoku
薬局,15,0341649,望月薬局,上越市鴨島１０７２,025-523-0515,株式会社　メディカル＆ケア　代表取締役　望月　祐希,小林　純子,,,平19. 6. 1,yakkyoku
薬局,15,0341664,中央調剤薬局　藤野店,上越市藤野新田１３２５,025-522-6038,有限会社　中央調剤薬局　代表取締役　小竹　成昭,小竹　隆昭,,,平19. 9. 4,yakkyoku
薬局,15,0341698,中央調剤薬局　石橋店,上越市石橋２丁目５番２号,025-520-6607,有限会社　中央調剤薬局　代表取締役　小竹　成昭,小竹　寛昭,,,平20. 10. 1,yakkyoku
薬局,15,0341722,いわしや高土町薬局,上越市高土町１丁目９番１２号,025-526-7171,株式会社　本町薬局　代表取締役　町田　浩一郎,町田　浩一郎,,,平20. 12. 16,yakkyoku
薬局,15,0341730,世伸堂薬局,上越市大潟区渋柿浜３８２番地１,025-534-2953,株式会社世伸堂薬局　代表取締役　熊木　寛,小池　佑介,,,平21. 6. 1,yakkyoku
薬局,15,0341748,あすなろ調剤薬局,上越市大潟区潟町２４９,025-534-6201,株式会社世伸堂薬局　代表取締役　熊木　寛,川端　茂夫,,,平21. 6. 1,yakkyoku
薬局,15,0341763,クスリのアオキ鴨島薬局,上越市鴨島一丁目３番１２号,025-527-3161,株式会社　クスリのアオキ　代表取締役　青木　宏憲,廣瀬　康弥,,,平21. 8. 17,yakkyoku
薬局,15,0341789,ＡＬＰＨＡＳ薬局　西高田店,上越市大字飯１３７７－１,025-546-7866,株式会社　エヌ・エム・アイ　代表取締役　岡本　圭介,渡邊　紗由未,,,平21. 10. 1,yakkyoku
薬局,15,0341813,きたしろ薬局,上越市北城町２丁目３番１７号,025-512-1301,株式会社　一心堂　代表取締役　長澤　祥宜,長澤　祥宜,,,平22. 6. 2,yakkyoku
薬局,15,0341847,クスリのアオキ上越昭和町薬局,上越市昭和町二丁目２０番１０号,025-525-2180,株式会社　クスリのアオキ　代表取締役　青木　宏憲,水澤　達也,,,平22. 11. 8,yakkyoku
薬局,15,0341854,山崎薬局,上越市浦川原区飯室１９５５－１,025-599-2203,山崎　幸男,山崎　玲子,,,平22. 11. 1,yakkyoku
薬局,15,0341862,株式会社　本町薬局,上越市本町二丁目２番３号,025-524-7154,株式会社　本町薬局　代表取締役　町田　浩一郎,沼澤　一博,,,平22. 12. 24,yakkyoku
薬局,15,0341870,大山薬局　三交店,上越市新光町３－１１－１７,025-531-0464,有限会社　大山薬局　代表取締役　大山　有,大山　公子,,,平23. 2. 1,yakkyoku
薬局,15,0341888,みなと調剤薬局,上越市港町１丁目２７－３,025-520-8455,有限会社　ホウライ　代表取締役　小出　智子,一ノ瀬　信彦,,,平23. 3. 1,yakkyoku
薬局,15,0341896,クスリのアオキ五智薬局,上越市五智一丁目１２番６号,025-539-5055,株式会社　クスリのアオキ　代表取締役　青木　宏憲,畑中　翔,,,平23. 3. 1,yakkyoku
薬局,15,0341938,昭和町調剤薬局,上越市昭和町２丁目２９番３２号,025-521-1070,有限会社　アウル　代表取締役　海瀬　弘典,宮川　美樹,,,平23. 5. 2,yakkyoku
薬局,15,0341946,いわしや薬局,上越市本町三丁目２番２４号,025-524-4303,株式会社　いわしや薬局　代表取締役　町田　安彦,町田　豪斗,,,平23. 10. 1,yakkyoku
薬局,15,0341979,すみれ薬局木田店,上越市木田１丁目３－３２,025-520-9888,有限会社メディネット　代表取締役　山中　学,中山　翔太,,,平24. 4. 1,yakkyoku
薬局,15,0341987,いちご薬局下門前,上越市下門前１８４７番地,025-546-6170,有限会社　ホウライ　代表取締役　小出　智子,高橋　園枝,,,平24. 9. 3,yakkyoku
薬局,15,0341995,クスリのアオキ藤野新田薬局,上越市藤野新田１１６８番地,025-527-2250,株式会社　クスリのアオキ　代表取締役　青木　宏憲,朝比奈　夏輝,,,平24. 10. 1,yakkyoku
薬局,15,0342027,ウエルシア薬局　上越今泉店,上越市今泉１３１０番地２－１,025-521-6131,ウエルシア薬局株式会社　代表取締役　田中　純一,砂田　凱保,,,平25. 4. 1,yakkyoku
薬局,15,0342035,トモエ薬局　高田店,上越市とよば７８,025-522-8111,株式会社　トモエ　代表取締役　髙橋　恵,髙橋　俊明,,,平25. 4. 1,yakkyoku
薬局,15,0342043,トモエ薬局　春日野店,上越市春日野１丁目１４番９号,025-526-9001,株式会社　トモエ　代表取締役　髙橋　恵,髙橋　恵,,,平25. 4. 1,yakkyoku
薬局,15,0342050,おおまち薬局　二本木店,上越市中郷区藤沢字野林１０６６番地１,0255-78-7360,有限会社　大町調剤薬局　代表取締役　西村　貴光,増田　たか子,,,平25. 4. 1,yakkyoku
薬局,15,0342076,ウエルシア薬局上越大潟店,上越市大潟区下小船津浜１１６５－１６,025-535-5020,ウエルシア薬局株式会社　代表取締役　田中　純一,田澤　比呂,,,平25. 8. 1,yakkyoku
薬局,15,0342100,共創未来　はまなす薬局,上越市柿崎区柿崎６４１１－１,025-536-6683,株式会社ファーマみらい　代表取締役　岡山　善郎,柴又　良太,,,平25. 11. 1,yakkyoku
薬局,15,0342118,共創未来　とよば薬局,上越市とよば４番地,025-520-8560,株式会社ファーマみらい　代表取締役　岡山　善郎,塚田　香,,,平25. 11. 1,yakkyoku
薬局,15,0342159,アイン薬局　上越妙高駅前店,上越市大和２丁目４番７号,025-520-7068,株式会社アイン北陸　代表取締役　野澤　浩司,寺前　悠太,,,平27. 6. 1,yakkyoku
薬局,15,0342167,ウエルシア薬局上越本町店,上越市本町４－４－８,025-521-6177,ウエルシア薬局株式会社　代表取締役　田中　純一,古川　洋,,,平27. 7. 1,yakkyoku
薬局,15,0342175,大手薬局上越店,上越市稲田３丁目６番１７号,025-546-7552,株式会社大手ファーマシー　代表取締役　佐藤　達夫,山本　利江,,,平27. 9. 24,yakkyoku
薬局,15,0342209,わきの田薬局,上越市大和五丁目２０番１４号,025-530-7188,有限会社　ホウライ　代表取締役　小出　智子,保倉　典子,,,平28. 4. 22,yakkyoku
薬局,15,0342233,坂田薬局,上越市中郷区板橋５５５－１,0255-74-2025,株式会社さかた　代表取締役　坂田　紀一,坂田　季子,,,平28. 8. 1,yakkyoku
薬局,15,0342241,アイン薬局　サカエ店,上越市幸町１４番１０号,025-526-3488,株式会社アイン北陸　代表取締役　野澤　浩司,保科　貴典,,,平28. 8. 1,yakkyoku
薬局,15,0342258,すみよし調剤薬局,上越市住吉町６３番地,025-539-0085,中央調剤株式会社　代表取締役　鶴巻　剛之,大越　匠,,,平28. 10. 1,yakkyoku
薬局,15,0342266,ウエルシア薬局上越下門前店,上越市下門前１６５３,025-531-3350,ウエルシア薬局株式会社　代表取締役　田中　純一,髙橋　隼生,,,平29. 2. 1,yakkyoku
薬局,15,0342308,共栄堂薬局直江津店,上越市下門前２２７２番地,025-520-9343,株式会社　共栄堂　代表取締役　永田　浩史,藤井　佳史,,,平29. 5. 1,yakkyoku
薬局,15,0342316,あさひ薬局やまと店,上越市大和２丁目８番９号,025-523-2340,有限会社あさひ薬局　代表取締役　吉田　剛,丸山　渉,,,平29. 5. 3,yakkyoku
薬局,15,0342324,自然堂つるや薬局　西高田店,上越市大貫４－６－１１,025-520-8601,有限会社つるや　代表取締役　増村　智,増村　智,,,平29. 6. 5,yakkyoku
薬局,15,0342332,クスリのアオキ藤巻薬局,上越市藤巻５番８号,025-530-7371,株式会社クスリのアオキ　代表取締役　青木　宏憲,四栁　知紀,,,平29. 12. 1,yakkyoku
薬局,15,0342340,ゆう調剤薬局,上越市昭和町２丁目１７－１１,025-521-7876,株式会社ユウフアーマシー　代表取締役　磯貝　豊,磯貝　豊,,,平29. 12. 1,yakkyoku
薬局,15,0342357,げんき薬局,上越市東雲町１－６－１０,025-546-7677,株式会社ＭＴＯ　代表取締役　押山　貴光,吉村　敏樹,,,平30. 10. 1,yakkyoku
薬局,15,0342373,トリム薬局　春日新田店,上越市春日新田１丁目２０番３０号,025-531-0667,ファーマライズ株式会社　代表取締役　松浦　惠子,岩﨑　泰子,調剤,,平31. 3. 1,yakkyoku
薬局,15,0342381,メッツ有田薬局,上越市下源入５８５番地３号,0255-20-7912,株式会社　メディック太陽　代表取締役　上村　宏,樋口　敬子,調剤,,平31. 4. 1,yakkyoku
薬局,15,0342399,げんき薬局　安塚店,上越市安塚区安塚２５５７,025-594-7710,株式会社　ＭＴＯ　代表取締役　押山　貴光,押山　貴光,調剤,,平31. 4. 1,yakkyoku
薬局,15,0342407,共栄堂薬局　南高田町店,上越市南高田町４－２１,025-521-1330,株式会社　共栄堂　代表取締役　永田　浩史,佐藤　芳美,,,平31. 4. 1,yakkyoku
薬局,15,0342415,すみれ薬局下門前店,上越市上源入６４１－１,025-520-8063,有限会社メディネット　代表取締役　山中　学,渡邉　倫平,,,令元. 8. 1,yakkyoku
薬局,15,0342423,クスリのアオキ北城薬局,上越市北城町四丁目１８番１８号,025-530-7107,株式会社クスリのアオキ　代表取締役　青木　宏憲,南　達哉,,,令3. 8. 1,yakkyoku
薬局,15,0342431,クスリのアオキ上越大和薬局,上越市大和二丁目８番１８号,025-520-8071,株式会社クスリのアオキ　代表取締役　青木　宏憲,柴田　とも子,,,令3. 8. 1,yakkyoku
薬局,15,0342449,クオール薬局　直江津店,上越市西本町３丁目８－８直江津ショッピングセンター２Ｆ,025-530-7489,クオール株式会社　代表取締役　柄澤　忍,齋東　素子,,,令3. 8. 1,yakkyoku
薬局,15,0342472,上越下門前薬局,上越市上源入６３４－３,025-546-7716,株式会社ストレチア　代表取締役　山根　弘,森川　貴之,,,令3. 11. 1,yakkyoku
薬局,15,0342480,潟町薬局,上越市大潟区潟町３８９番地４,025-534-5515,株式会社ストレチア　代表取締役　山根　弘,稲村　俊則,,,令4. 4. 2,yakkyoku
薬局,15,0342498,イオン薬局上越店,上越市富岡３４５７,025-542-2175,イオンリテール株式会社　代表取締役　古澤　康之,瀬川　智子,,,令4. 10. 1,yakkyoku
薬局,15,0342514,ひかり薬局,上越市板倉区針９４０番地１アランパルク１Ｆ　Ｂ号,0255-81-4071,有限会社　くぼたファーマシー　代表取締役　窪田　謙一,窪田　謙一,,,令5. 2. 1,yakkyoku
薬局,15,0342522,クスリのアオキ浦川原薬局,上越市浦川原区六日町１６１番地３,025-594-7131,株式会社クスリのアオキ　代表取締役　青木　宏憲,来栖　恭,,,令5. 5. 1,yakkyoku
薬局,15,0342530,すみれ薬局富岡店,上越市富岡１８７９－１ビオレ１階,025-520-8380,有限会社メディネット　代表取締役　山中　学,岩田　清一,,,令5. 10. 1,yakkyoku
薬局,15,0342548,クスリのアオキ春日山町薬局,上越市春日山町三丁目１５番８号,025-520-7081,株式会社クスリのアオキ　代表取締役　青木　宏憲,山下　ゆきね,,,令5. 10. 1,yakkyoku
薬局,15,0342555,いなだ薬局,上越市稲田３丁目１２３－２,025-546-7018,有限会社　ホウライ　代表取締役　小出　智子,小野澤　美穂,,,令5. 12. 1,yakkyoku
薬局,15,0342563,にしき薬局,上越市三和区錦字向坪３２３－１,025-532-2303,株式会社ストレチア　代表取締役　山根　弘,小玉　健雄,,,令6. 4. 1,yakkyoku
薬局,15,0342571,かもじま薬局,上越市鴨島１－１－１０,025-521-7766,株式会社ストレチア　代表取締役　山根　弘,熊木　洋一,,,令6. 4. 1,yakkyoku
薬局,15,0342589,安江調剤薬局,上越市安江１丁目２－１９,025-545-4624,株式会社ストレチア　代表取締役　山根　弘,笠原　彩,,,令6. 4. 1,yakkyoku
薬局,15,0342597,ウエルシア薬局上越新光町店,上越市新光町一丁目５番３号,025-520-7693,ウエルシア薬局株式会社　代表取締役　田中　純一,石森　柊,,,令6. 7. 1,yakkyoku
薬局,15,0342605,コダマ調剤薬局,上越市子安新田２９－３,025-527-2288,株式会社アイン北陸　代表取締役　野澤　浩司,小幡　万里子,,,令6. 5. 1,yakkyoku
薬局,15,0342621,ほたる調剤薬局,上越市頸城区上吉字横江４３７－６８,025-539-2146,有限会社ホウライ　代表取締役　小出　智子,小林　理明,,,令6. 7. 1,yakkyoku
薬局,15,0342639,げんき薬局　浦川原店,上越市浦川原区有島６６,025-599-3907,株式会社ＭＴＯ　代表取締役　押山　貴光,本間　裕也,,,令7. 9. 1,yakkyoku
薬局,15,0342647,坂田薬局「オタテ」,上越市西本町３－２－５,025-543-5212,株式会社さかた　代表取締役　坂田　紀一,内木　隆行,,,令7. 12. 15,yakkyoku
薬局,15,0342654,上越妙高薬局,上越市大和五丁目２７番３号,025-521-1070,有限会社春日野　代表取締役　海瀬　弘典,川野　毅,,,令8. 5. 1,yakkyoku
薬局,15,0342662,オリーブ薬局,上越市土橋２５９５番地,025-530-7457,有限会社　ホウライ　代表取締役　小出　智子,田中　悠貴,,,令8. 7. 1,yakkyoku
薬局,15,2140023,京ケ瀬薬局,阿賀野市緑岡１４４の７,0250-67-4357,有限会社　京ケ瀬薬局　代表取締役　曽根　敏之,曽根　敏之,,,平2. 7. 1,yakkyoku
薬局,15,2140049,越中屋薬局ドラッグホクト,阿賀野市保田字中道３０９５,0250-68-5570,有限会社　くすりの越中屋　取締役　佐藤　滋,佐藤　滋,,,平6. 7. 1,yakkyoku
薬局,15,2140056,水吉調剤薬局,阿賀野市岡山町１－２７,0250-62-2035,有限会社　健康　代表取締役　水吉　秀一,水吉　秀一,,,平8. 2. 1,yakkyoku
薬局,15,2140072,岡山調剤薬局,阿賀野市岡山町４－４,0250-63-9510,株式会社本町調剤薬局　代表取締役　佐藤　一,塚野　淳子,,,平9. 11. 1,yakkyoku
薬局,15,2140080,笹神調剤薬局,阿賀野市山崎３４１,0250-61-2177,有限会社　ファーマケア　代表取締役　大脇　基良,大脇　基良,,,平10. 4. 1,yakkyoku
薬局,15,2140106,阿部薬局,阿賀野市中央町１－９－４,0250-62-2112,阿部　信夫,阿部　信夫,,,平10. 12. 11,yakkyoku
薬局,15,2140114,アンサー薬局　水原若葉町店,阿賀野市若葉町１４０１番地４号,0250-63-1700,有限会社　スマイル企画　代表取締役　青木　傑,青木　傑,,,平11. 10. 14,yakkyoku
薬局,15,2140155,せきぐち薬局,阿賀野市山口町二丁目５番１５号,0250-62-2006,関口　加代子,関口　加代子,,,平15. 3. 1,yakkyoku
薬局,15,2140205,どんぐり調剤薬局,阿賀野市岡山町１２５４－２６,0250-62-8228,有限会社　章草堂薬林　代表取締役　佐藤　一男,佐藤　一男,,,平15. 10. 1,yakkyoku
薬局,15,2140213,しなの薬局　あがの店,阿賀野市市野山１９１－３,0250-63-1280,株式会社エーアンドエム　代表取締役　平野　正之,廣川　基子,,,平18. 5. 22,yakkyoku
薬局,15,2140239,すいばら調剤薬局,阿賀野市下条町１３－１３,0250-61-2828,株式会社　共栄堂　代表取締役　永田　浩史,伊藤　薫,,,平19. 1. 25,yakkyoku
薬局,15,2140262,アイン薬局　阿賀野店,阿賀野市市野山１９２番地４,0250-62-8511,株式会社アイン北陸　代表取締役　野澤　浩司,羽田　早織,,,平23. 3. 28,yakkyoku
薬局,15,2140270,アイン薬局　水原店,阿賀野市緑町１６番２７号,0250-63-0505,株式会社アイン北陸　代表取締役　野澤　浩司,豊原　真紀,,,平27. 10. 1,yakkyoku
薬局,15,2140288,クスリのアオキ水原薬局,阿賀野市学校町１０番１７号,0250-47-8626,株式会社クスリのアオキ　代表取締役　青木　宏憲,小菅　真衣,,,平28. 9. 1,yakkyoku
薬局,15,2140304,本町調剤薬局水原店,阿賀野市中央町２丁目１２番１８号,0250-62-8327,株式会社本町調剤薬局　代表取締役　佐藤　一,川口　優樹,,,令3. 2. 1,yakkyoku
薬局,15,2140320,ウエルシア薬局新潟水原店,阿賀野市中島町１番１３号,0250-62-8817,ウエルシア薬局株式会社　代表取締役　田中　純一,若月　裕也,,,令5. 9. 4,yakkyoku
薬局,15,2140338,阿賀野薬局,阿賀野市南安野町５番１４号,0250-47-5036,株式会社ストレチア　　代表取締役　山根　弘,榎本　志津,,,令7. 9. 1,yakkyoku
薬局,15,2140346,しなの薬局　水原店,阿賀野市百津町３番４６号,0250-47-5881,株式会社エーアンドエム　代表取締役　平野　正之,山崎　玲奈,,,令8. 5. 1,yakkyoku
薬局,15,2140353,やすだ調剤薬局,阿賀野市保田１７５５－６,0250-61-4043,クラフト株式会社　代表取締役　新井　勝,渡邉　大輔,,,令8. 5. 1,yakkyoku
薬局,15,2240005,有限会社　斎藤　薬局,佐渡市両津夷２０９－１番地,0259-27-2154,有限会社　斎藤薬局　代表取締役　斎藤　浩二,齋藤　由喜子,,,昭32. 10. 5,yakkyoku
薬局,15,2240013,奥田薬局,佐渡市両津夷１７６,0259-27-2040,奥田　聰,奥田　聰,,,昭59. 7. 1,yakkyoku
薬局,15,2240021,有限会社　みなと調剤薬局,佐渡市両津湊３２７番地７,0259-24-1277,有限会社　みなと調剤薬局　代表取締役　齋藤　浩平,齋藤　浩平,,,平9. 9. 1,yakkyoku
薬局,15,2240088,有限会社　みうら薬局,佐渡市真野新町３２６番地２,0259-55-2101,有限会社　みうら薬局　代表取締役　三浦　章宏,三浦　章宏,,,平4. 11. 1,yakkyoku
薬局,15,2240153,グリーン薬局,佐渡市泉１３４８,0259-61-1189,株式会社　タカヤク　金子　正規,金子　正規,,,平17. 2. 14,yakkyoku
薬局,15,2240161,みなみ調剤薬局,佐渡市東大通１２３２－２,0259-52-8877,有限会社　ディアカンパニー　代表取締役　石森　進一,坂口　祐子,,,平17. 10. 1,yakkyoku
薬局,15,2240179,桐の花調剤薬局,佐渡市窪田１９－１,0259-57-1189,株式会社　タカヤク　代表取締役　金子　正規,松下　拓央,,,平18. 5. 1,yakkyoku
薬局,15,2240187,有限会社　佐渡薬品,佐渡市下新穂９４番地２,0259-22-2580,有限会社　佐渡薬品　代表取締役　光谷　正美,菊池　佳子,,,平19. 4. 2,yakkyoku
薬局,15,2240252,さくら薬局　千種,佐渡市千種丙２１８番地１,0259-67-7508,株式会社　アイサ　代表取締役　光谷　良太,若林　美奈子,,,平25. 7. 1,yakkyoku
薬局,15,2240278,ウエルシア薬局佐渡両津店,佐渡市加茂歌代字境４０８,0259-24-1300,ウエルシア薬局株式会社　代表取締役　田中　純一,高橋　孝雄,,,平27. 7. 1,yakkyoku
薬局,15,2240286,アクア薬局,佐渡市相川四十物町３３番地３,0259-58-7033,早水　眞理子,早水　眞理子,,,平27. 8. 1,yakkyoku
薬局,15,2240294,とき薬局,佐渡市羽茂本郷５５５－１,0259-67-7195,トキファーマ　株式会社　代表取締役　佐藤　秀二,佐藤　秀二,,,平28. 10. 1,yakkyoku
薬局,15,2240310,まの薬局,佐渡市長石３９６番地１９,0259-58-7211,株式会社ときファーマシー　代表取締役　髙野　知栄子,加藤　弘樹,,,平30. 4. 1,yakkyoku
薬局,15,2240328,さくら薬局赤泊,佐渡市赤泊６１,0259-58-8002,株式会社　アイサ　代表取締役　光谷　良太,山﨑　美津子,,,平30. 6. 1,yakkyoku
薬局,15,2240336,ウエルシア薬局佐渡羽茂店,佐渡市羽茂本郷４０５番地１,0259-81-3015,ウエルシア薬局株式会社　代表取締役　田中　純一,中川　広夢,,,令元. 6. 1,yakkyoku
薬局,15,2240344,共栄堂薬局さど店,佐渡市千種１１３－１４,0259-58-7188,株式会社　共栄堂　代表取締役　永田　浩史,後藤　頼介,,,令元. 7. 1,yakkyoku
薬局,15,2240351,とき薬局さわた,佐渡市長木８９４番地１,0259-57-1311,トキファーマ株式会社　代表取締役　佐藤　秀二,中川　正彦,,,令4. 4. 1,yakkyoku
薬局,15,2240369,小木調剤薬局,佐渡市小木町４０１－１３番地,0259-81-4130,株式会社テイキョウ　代表取締役　久保田　樹佳,金子　美佐子,,,令4. 4. 4,yakkyoku
薬局,15,2240377,さくら薬局　畑野,佐渡市畑野７６６－５,0259-81-1250,株式会社　アイサ　代表取締役　光谷　良太,武井　嘉利,,,令5. 4. 1,yakkyoku
薬局,15,2240385,さくら薬局　羽茂,佐渡市羽茂本郷２０番地,0259-88-1166,株式会社　アイサ　代表取締役　光谷　良太,福井　香里,,,令5. 4. 1,yakkyoku
薬局,15,2240393,ウエルシア薬局佐渡佐和田店,佐渡市泉１３１０,0259-61-1330,ウエルシア薬局株式会社　代表取締役　田中　純一,畑中　洋樹,,,令5. 9. 21,yakkyoku
薬局,15,2240401,アイン薬局佐渡店,佐渡市千種１４５－１,0259-67-7687,株式会社アイン北陸　代表取締役　野澤　浩司,渡邉　高広,,,令6. 4. 1,yakkyoku
薬局,15,2240419,共栄堂薬局かない店,佐渡市千種１４５－１佐渡調剤薬局ビル１階,0259-67-7683,株式会社　共栄堂　代表取締役　永田　浩史,新発田　真和,,,令6. 4. 1,yakkyoku
薬局,15,2240427,さくら薬局　両津,佐渡市梅津２３１４－１,0259-67-7771,株式会社　アイサ　代表取締役　光谷　良太,関　陽介,,,令7. 5. 1,yakkyoku
薬局,15,2340029,合資会社　タナカ薬局,魚沼市堀之内４０８７番地１,025-794-2118,合資会社　タナカ薬局　代表社員　田中　敏宣,田中　敏宣,,,昭57. 4. 1,yakkyoku
薬局,15,2340052,有限会社　藤岡薬局,魚沼市本町１丁目３５番地,025-792-0213,有限会社　藤岡薬局　代表取締役　藤岡　弘,藤岡　弘,,,平4. 4. 1,yakkyoku
薬局,15,2340060,道元調剤薬局,魚沼市田尻１６６番地１,025-799-4123,有限会社　幸輝　代表取締役　橘　宣良,茂市　一平,,,平5. 2. 1,yakkyoku
薬局,15,2340169,有限会社　ゆのたに薬局,魚沼市井口新田４３９番地１６,025-792-7820,有限会社　ゆのたに薬局　代表取締役　柿野　成,柿野　成,,,平16. 8. 1,yakkyoku
薬局,15,2340243,ＡＬＰＨＡＳ薬局　堀之内駅前店,魚沼市堀之内４０３６－２,025-798-2101,株式会社　エヌ・エム・アイ　代表取締役　岡本　圭介,宮島　陽平,,,平25. 10. 1,yakkyoku
薬局,15,2340268,共創未来　小出薬局,魚沼市小出島１２５２－１,025-792-6145,株式会社ファーマみらい　代表取締役　岡山　善郎,篠田　美生,,,平25. 11. 1,yakkyoku
薬局,15,2340284,ウエルシア薬局新潟小出店,魚沼市井口新田１００３－６,025-793-3650,ウエルシア薬局株式会社　代表取締役　田中　純一,武田　真実,,,平27. 2. 1,yakkyoku
薬局,15,2340334,いなほ調剤薬局,新潟県魚沼市四日町５０番地１,025-793-3310,株式会社　共栄堂　代表取締役　永田　浩史,南雲　李江,調剤,,平31. 1. 1,yakkyoku
薬局,15,2340342,いなほ調剤薬局東店,新潟県魚沼市四日町２１番地１,025-793-7230,株式会社　共栄堂　代表取締役　永田　浩史,滝沢　直美,調剤,,平31. 1. 1,yakkyoku
薬局,15,2340359,守門薬局,新潟県魚沼市須原９７６番地８,025-793-7120,株式会社　共栄堂　代表取締役　永田　浩史,小島　千津子,調剤,,平31. 1. 1,yakkyoku
薬局,15,2340375,共栄堂薬局うおぬま店,魚沼市原虫野４３３番７,025-793-7185,株式会社　共栄堂　代表取締役　永田　浩史,金子　小春,,,令3. 4. 1,yakkyoku
薬局,15,2340383,ウエルシア薬局新潟小出東店,魚沼市井口新田８４０－１,025-793-1070,ウエルシア薬局株式会社　代表取締役　田中　純一,大矢　英里香,,,令4. 6. 1,yakkyoku
薬局,15,2340391,あんず調剤薬局,魚沼市井口新田３２１番地６,025-793-2212,株式会社　共栄堂　代表取締役　永田　浩史,酒井　賢斗,,,令5. 5. 1,yakkyoku
薬局,15,2340409,エム・ケイ薬局　うおぬま店,魚沼市中原８０－２,025-793-7133,有限会社エム・ケイ・メディカル　代表取締役　吉村　和記,西川　昌国,,,令6. 4. 1,yakkyoku
薬局,15,2340417,東町調剤薬局,魚沼市小出島１２０９－３１,025-792-7416,株式会社ストレチア　代表取締役　山根　弘,渡邉　憲生,,,令6. 4. 1,yakkyoku
薬局,15,2340425,ファーマライズ薬局　諏訪町店,魚沼市諏訪町１丁目９,025-793-1455,ｎｅｘｔ　ＰＨ株式会社　代表取締役　松浦　惠子,星　容子,,,令6. 12. 2,yakkyoku
薬局,15,2440084,おおまち薬局大和店,南魚沼市浦佐４０６２－３,025-780-4193,有限会社　大町調剤薬局　代表取締役　西村　貴光,星　和正,,,平14. 4. 1,yakkyoku
薬局,15,2440100,ＡＬＰＨＡＳ薬局　六日町店,南魚沼市六日町１４０番地,025-770-2688,株式会社　エヌ・エム・アイ　代表取締役　岡本　圭介,佐藤　理沙,,,平14. 5. 1,yakkyoku
薬局,15,2440118,エム・ケイ薬局　むいかまち店,南魚沼市六日町２６３５－１,025-781-5115,有限会社エム・ケイ・メディカル　代表取締役　吉村　和記,髙野　英樹,,,平15. 6. 2,yakkyoku
薬局,15,2440175,株式会社　和光堂薬局,南魚沼市塩沢１４３９－１,025-782-0110,株式会社　和光堂薬局　代表取締役　林　正朗,林　正朗,,,昭60. 10. 20,yakkyoku
薬局,15,2440191,ホシの薬局,南魚沼市長崎４９１－３,025-778-2371,株式会社　ホシの薬局　代表取締役　星野　隆一,星野　隆一,,,平16. 11. 1,yakkyoku
薬局,15,2440233,わかば薬局,南魚沼市塩沢１０７４－８,025-782-4477,株式会社　ホシの薬局　代表取締役　星野　隆一,飯塚　雄一郎,,,平23. 1. 4,yakkyoku
薬局,15,2440258,アイン薬局　六日町店,南魚沼市六日町２６４６－５,025-781-5171,株式会社アイン北陸　代表取締役　野澤　浩司,上村　重剛,,,平24. 5. 1,yakkyoku
薬局,15,2440266,あるも薬局　六日町店,南魚沼市六日町１８８２－１,025-772-8876,株式会社Ｂｌｏｏｍｉｎｇ　Ｓｏｕｌ　代表取締役　新沼　徹,佐藤　淳志,,,平25. 4. 1,yakkyoku
薬局,15,2440282,ゆきあかり調剤薬局,南魚沼市下一日市８５５番地,025-778-3110,株式会社　南魚沼調剤薬局　代表取締役　川上　賢介,川上　賢介,,,平25. 10. 1,yakkyoku
薬局,15,2440308,共創未来　六日町薬局,南魚沼市六日町２６４８－１,025-773-2661,株式会社ファーマみらい　代表取締役　岡山　善郎,島田　果歩,,,平26. 7. 14,yakkyoku
薬局,15,2440324,共創未来　舞子薬局,南魚沼市仙石１－１７,025-788-0440,株式会社ファーマみらい　代表取締役　岡山　善郎,原　利規,,,平27. 4. 1,yakkyoku
薬局,15,2440332,共創未来　浦佐薬局,南魚沼市浦佐４０６９－３,025-775-7136,株式会社ファーマみらい　代表取締役　岡山　善郎,山田　光雄,,,平27. 6. 1,yakkyoku
薬局,15,2440357,ウエルシア薬局南魚沼浦佐店,南魚沼市浦佐４００１番地,025-780-4571,ウエルシア薬局株式会社　代表取締役　田中　純一,大谷　洸介,,,平28. 11. 1,yakkyoku
薬局,15,2440365,ＡＬＰＨＡＳ薬局　美佐島店,南魚沼市余川３３６１－３,025-775-7152,株式会社　エヌ・エム・アイ　代表取締役　岡本　圭介,髙橋　健太郎,,,平29. 10. 1,yakkyoku
薬局,15,2440415,六日町調剤薬局二日町店,新潟県南魚沼市二日町２１２番地８,025-778-0212,株式会社　共栄堂　代表取締役　永田　浩史,岡村　宏子,調剤,,平31. 1. 1,yakkyoku
薬局,15,2440423,なのはな調剤薬局,新潟県南魚沼市浦佐４１３５番地４,025-777-5601,株式会社　共栄堂　代表取締役　永田　浩史,速水　梓,調剤,,平31. 1. 1,yakkyoku
薬局,15,2440431,やまと調剤薬局,新潟県南魚沼市浦佐５２７８番地２４,025-780-4066,株式会社　共栄堂　代表取締役　永田　浩史,大平　美保子,調剤,,平31. 1. 1,yakkyoku
薬局,15,2440456,南魚沼センター薬局,南魚沼市六日町２６３４－４,025-781-5351,ファーマライズ株式会社　代表取締役　松浦　惠子,池本　拓夢,調剤,,平31. 3. 1,yakkyoku
薬局,15,2440464,さりら薬局,南魚沼市浦佐１５３４番地４,025-777-2680,株式会社新潟調剤センター　代表取締役　橘　宣良,橘　宣良,,,令3. 4. 1,yakkyoku
薬局,15,2440472,ウエルシア薬局南魚沼六日町店,南魚沼市川窪１００１番地１,025-781-5255,ウエルシア薬局株式会社　代表取締役　田中　純一,磯部　貴秀,,,令3. 4. 1,yakkyoku
薬局,15,2440480,共栄堂薬局南うおぬま店,南魚沼市泉字大道下甲４０１番６,025-788-1300,株式会社　共栄堂　　代表取締役　永田　浩史,山本　花月,,,令7. 5. 1,yakkyoku
薬局,15,2540024,壮快調剤薬局,胎内市平木田字岩山１５００番地２,0254-39-3911,株式会社壮良　代表取締役社長　齋藤　貞樹,斉藤　貞樹,,,平10. 10. 6,yakkyoku
薬局,15,2540073,株式会社　梅田調剤薬局,胎内市東本町２２番１０号,0254-44-0777,株式会社　梅田調剤薬局　代表取締役　大橋　裕,山上　裕子,,,平19. 1. 1,yakkyoku
薬局,15,2540081,アイン薬局黒川店,胎内市下館１４６９－２,0254-47-0022,株式会社アイン北陸　代表取締役　野澤　浩司,藤巻　康晴,,,平21. 10. 1,yakkyoku
薬局,15,2540099,西本町調剤薬局,胎内市西本町１２番２号,0254-44-0010,株式会社　共栄堂　代表取締役　永田　浩史,山﨑　知槻,,,平23. 2. 1,yakkyoku
薬局,15,2540115,桑野薬局,胎内市本町７－２５,0254-43-2010,桑野　文子,桑野　文子,,,平24. 1. 1,yakkyoku
薬局,15,2540131,ひいらぎ調剤薬局,胎内市大川町１５番１１号,0254-44-2200,株式会社　メディカスタッフプロモーション　代表取締役　八尾坂　克也,村野　聡,,,平25. 5. 1,yakkyoku
薬局,15,2540149,くしがた調剤薬局,胎内市表町６番１７－６,0254-28-8015,有限会社　ケイアンドケイ　代表取締役　渡邊　一誠,横山　龍,,,平25. 10. 2,yakkyoku
薬局,15,2540164,メッツ胎内薬局,胎内市あかね町２６－２７,0254-44-3630,株式会社メディック太陽　代表取締役　上村　宏,佐藤　宏一,,,平31. 4. 1,yakkyoku
薬局,15,2540180,クスリのアオキあかね薬局,胎内市あかね町２６番３９号,0254-28-9157,株式会社クスリのアオキ　代表取締役　青木　宏憲,中村　智一,,,令5. 5. 1,yakkyoku
薬局,15,2540198,中条調剤薬局,胎内市新栄町２－２６,0254-44-6527,株式会社ストレチア　代表取締役　山根　弘,相澤　宗一郎,,,令6. 4. 1,yakkyoku
薬局,15,2540206,ついじ調剤薬局,胎内市築地１８５３,0254-45-2928,ファーマライズ株式会社　代表取締役　松浦　惠子,髙澤　佳代,,,令6. 12. 1,yakkyoku
薬局,15,5040170,鈴木調剤薬局,北蒲原郡聖籠町諏訪山１６０５－１４,0254-27-6688,鈴木　利也,小日向　由衣,,,平6. 3. 7,yakkyoku
薬局,15,5040485,五十嵐薬品　諏訪山薬局,北蒲原郡聖籠町大字諏訪山７６３－２,0254-27-1109,五十嵐　健記,五十嵐　健記,,,平20. 3. 1,yakkyoku
薬局,15,5040501,はまなす薬局,北蒲原郡聖籠町大字諏訪山字聖籠山９３５番地３,0254-27-2600,株式会社ユニスマイル　代表取締役　白　成澤,長井　裕美,,,令2. 1. 1,yakkyoku
薬局,15,5240788,クスリのアオキ弥彦薬局,西蒲原郡弥彦村美山３６０番１号,0256-94-1500,株式会社クスリのアオキ　代表取締役　青木　宏憲,加茂　さゆり,,,平26. 10. 1,yakkyoku
薬局,15,5340117,羽生田調剤薬局,南蒲原郡田上町大字羽生田丙１５１番５,0256-41-5045,有限会社　金子薬品　代表取締役　金子　正一,金子　正一,,,平13. 7. 9,yakkyoku
薬局,15,5340125,みどり台調剤薬局,南蒲原郡田上町川船河甲１３３０－６,0256-41-0811,笹菊薬品株式会社　代表取締役　長澤　吉明,金照　智弓城,,,平14. 12. 2,yakkyoku
薬局,15,5340166,たがみ調剤薬局,南蒲原郡田上町田上丙１２２５－３,0256-57-5959,笹菊薬品株式会社　代表取締役　長澤　吉明,川崎　智也,,,平27. 11. 1,yakkyoku
薬局,15,5340174,ウエルシア薬局新潟田上店,南蒲原郡田上町大字羽生田１３４－１,0256-46-7250,ウエルシア薬局株式会社　代表取締役　田中　純一,佐藤　正基,,,平28. 11. 1,yakkyoku
薬局,15,5440065,つがわ調剤薬局,東蒲原郡阿賀町津川５５５番地６,0254-94-1189,有限会社　ユナイト　代表取締役　小池　哲也,矢島　知泰,,,平14. 8. 1,yakkyoku
薬局,15,5440081,かりん薬局,東蒲原郡阿賀町津川１９０－１,0254-92-3033,株式会社　共栄堂　代表取締役　永田　浩史,桑原　和泉,,,平18. 11. 1,yakkyoku
薬局,15,5840058,合資会社　金生堂薬局,南魚沼郡湯沢町湯沢３－３－１,025-784-2064,合資会社　金生堂薬局　代表社員　宮嶋　陽一郎,宮嶋　陽一郎,,,昭46. 6. 11,yakkyoku
薬局,15,5840397,中信薬局,南魚沼郡湯沢町大字湯沢２８７２番地－１,025-784-2140,合資会社　中信薬局　代表社員　髙橋　晃,高橋　桜子,,,平13. 10. 3,yakkyoku
薬局,15,5840512,トリム薬局　湯沢店,南魚沼郡湯沢町神立２５－６,025-785-2571,ファーマライズ株式会社　代表取締役　松浦　惠子,師岡　正朗,調剤,,平31. 3. 1,yakkyoku
薬局,15,5940072,保健堂薬局　宮野原店,中魚沼郡津南町大字上郷宮野原１３７ー３,025-766-2024,株式会社　保健堂　代表取締役　粉川　英明,粉川　正明,,,平11. 6. 1,yakkyoku
薬局,15,5940080,エム・ケイ薬局　つなん店,中魚沼郡津南町大字下船渡戊７２３－１,025-761-7715,有限会社エム・ケイ・メディカル　代表取締役　吉村　和記,志賀　友里恵,,,平30. 11. 1,yakkyoku
薬局,15,5940098,保健堂薬局,中魚沼郡津南町大字下船渡戊７２３－４,025-765-2255,株式会社　保健堂　代表取締役　粉川　英明,粉川　悦子,,,平30. 11. 1,yakkyoku
薬局,15,6040047,かりわ薬局,刈羽郡刈羽村刈羽３９６６番地,0257-41-5470,株式会社ストレチア　代表取締役　山根　弘,定塚　自由,,,令6. 4. 1,yakkyoku
薬局,15,6440106,せきかわ調剤薬局,岩船郡関川村大字下関８９６番地,0254-60-4555,有限会社　スガイ　代表取締役　須貝　裕介,藤井　次和,,,平12. 7. 1,yakkyoku
