med_type,pref_code,med_code,name,address,phone,opener,manager,depts,beds,designated_date,source
病院,43,0114303,ピネル記念病院,熊本市東区佐土原１－８－３３,096-368-3930,医療法人社団ピネル会　理事長　竹内　良輔,竹内　有輔,精神　精　神内,120,平4. 8. 31,kyushu/000491321.zip
病院,43,0114949,東病院,熊本市南区出仲間５－２－２,096-378-2222,医療法人東陽会　理事長　東　謙二,眞方　紳一郎,一般　療養　外　内　整外　リハ　消化器内科（内視鏡）　消化器外科　循環器内科　乳腺外科　内分泌外科　肛門外科　脳外　神内　漢方内科,,昭40. 11. 1,kyushu/000491321.zip
病院,43,0116274,くわみず病院,熊本市中央区神水１－１４－４１,096-381-2248,社会医療法人芳和会　理事長　積　豪英,池上　あずさ,一般　内　精　呼内　消化器内科　消化器外科　循環器内科　外　婦　アレ　放　リハ　人工透析内科　皮　漢方内科　リウ,,平16. 5. 17,kyushu/000491321.zip
病院,43,0116282,江南病院,熊本市中央区渡鹿５丁目１の３７,096-375-1112,一般財団法人杏仁会　理事長　伊津野　良治,瀬戸口　敬介,一般　療養　結核　内　整外　呼内　消化器内科　循環器内科　リハ　リウ　アレルギー科（呼吸器）　放射線診断科　脳内　麻　形外　糖尿病・内分泌内科,103,昭32. 9. 1,kyushu/000491321.zip
病院,43,0116308,熊本内科病院,熊本市中央区手取本町７－１,096-356-5500,一般財団法人杏仁会　理事長　伊津野　良治,河島　淳司,一般　内　神内　呼内　消化器内科　リハ　放　糖尿病・内分泌内科,,平12. 12. 18,kyushu/000491321.zip
病院,43,0116373,医療法人尚和会龍田病院,熊本市中央区黒髪６丁目１２番５１号,096-343-1463,医療法人尚和会　理事長　續　純一,下村　康正,精神　精　心内,250,昭32. 9. 1,kyushu/000491321.zip
病院,43,0116399,熊本第一病院,熊本市南区田迎町田井島２２４,096-370-7333,特定医療法人　萬生会　理事長　松野　文彦,松野　文彦,一般　一般　療養　療養　内　呼内　循　リハ　他,125,平14. 12. 1,kyushu/000491321.zip
病院,43,0116415,医療法人敬愛会城山病院,熊本市西区上代９－２－２０,096-329-7878,医療法人敬愛会　理事長　藤岡　俊宏,藤岡　俊宏,精神　精　内　心内　循環器内科　神内,198,平2. 9. 1,kyushu/000491321.zip
病院,43,0116431,杉村病院,熊本市中央区本荘３－７－１８,096-372-3322,医療法人杉村会　理事長　杉村　勇輔,松枝　康弘,一般　療養　内　呼内　循環器内科　消化器内科　消化器外科　外　整外　脳外　リハ　脳内　代謝内科　糖尿病代謝・内分泌内科　放,177,昭32. 9. 1,kyushu/000491321.zip
病院,43,0116464,桜が丘病院,熊本市西区池田３－４４－１,096-352-6264,医療法人富尾会　理事長　赤木　健利,大礒　宏昭,精神　精　内　麻,221,昭35. 10. 1,kyushu/000491321.zip
病院,43,0116621,医療法人日隈会　日隈病院,熊本市中央区萩原町９－３０,096-378-3836,医療法人日隈会　理事長　山本　藍,山本　藍,精神　精,180,昭36. 2. 1,kyushu/000491321.zip
病院,43,0116704,九州記念病院,熊本市中央区水前寺公園３－３８,096-383-2121,医療法人社団岡山会　理事長　岡山洋二,岡山　洋二,一般　療養　整外　循　消　呼内　放　形外　外　ひ　皮　神内　リウ　リハ　耳い　脳外　他,101,昭60. 4. 20,kyushu/000491321.zip
病院,43,0116795,医療法人　健生会　明生病院,熊本市北区大窪２丁目６番２０号,096-324-5211,医療法人健生会　理事長　水足　秀一郎,古賀　幹浩,精神　精　神,234,昭39. 1. 1,kyushu/000491321.zip
病院,43,0116860,小柳病院,熊本市東区山ノ神２－２－８,096-369-3811,医療法人康生会　理事長　田中　実和,鈴木　義史,精神　精,198,昭39. 10. 1,kyushu/000491321.zip
病院,43,0117041,弓削病院,熊本市北区弓削五丁目１２番２５号,096-338-3838,社会医療法人佐藤会　理事長　池田　英世,相澤　明憲,精神　精,160,昭40. 5. 16,kyushu/000491321.zip
病院,43,0117108,医療法人金澤会　青磁野リハビリテーション病院,熊本市西区島崎２－２２－１５,096-354-1731,医療法人　金澤会　理事長　　金澤　知徳,金澤　親良,一般　療養　内　循環器内科　整外　消化器内科　リハ　神内　呼内　代謝内科　脳神経外科,108,昭37. 9. 16,kyushu/000491321.zip
病院,43,0117181,南熊本病院,熊本市中央区南熊本３－７－２７,096-366-1268,医療法人熊南会　　理事長　細谷　和生,中川　真英,一般　内　整外　リハ　リウ　麻,,昭39. 9. 4,kyushu/000491321.zip
病院,43,0117272,医療法人池田会池田病院,熊本市北区打越町３６番４８号,096-345-1616,医療法人池田会　理事長　池田　尊文,池田　尊文,精神　精　神,199,昭59. 5. 1,kyushu/000491321.zip
病院,43,0117280,桜十字病院,熊本市南区御幸木部１ー１ー１,096-378-1111,医療法人桜十字　理事長　倉津　純一,倉津　純一,一般　療養　内科　糖尿病内科　小　脳神経外科　消化器内科　消化器外科　皮　整外　精　放　麻　呼内　リハ　小外　外　循環器内科　リウ　脳神経内科　ひ,630,昭47. 5. 1,kyushu/000491321.zip
病院,43,0117926,くまもと青明病院,熊本市中央区渡鹿５丁目１の３７,096-366-2291,一般財団法人　杏仁会　　理事長　伊津野　良治,宮川　雄介,精神　精　他,176,昭32. 9. 1,kyushu/000491321.zip
診療所,43,0117991,くわみず病院附属くすのきクリニック,熊本市北区龍田５－１－４１,096-339-0187,社会医療法人芳和会　理事長　積　豪英,東雲　芳朗,内　呼内　循環器内科　消化器内科　糖尿病内科　代謝内科　腎臓内科　内分泌内科　放,,昭51. 2. 2,kyushu/000491321.zip
診療所,43,0118031,戸島中央クリニック,熊本市東区戸島西１丁目２７－２６,096-367-6000,内田　明,内田　明,内　呼　胃　循　小　リハ,,昭63. 3. 16,kyushu/000491321.zip
病院,43,0118072,イエズスの聖心病院,熊本市西区上熊本２－１１－２４,096-352-7181,社会福祉法人　聖嬰会　理事長　中島　俊則,木村　哲也,一般　療養　緩和ケア内科　内　リハ,,平16. 4. 1,kyushu/000491321.zip
病院,43,0118080,水前寺とうや病院,熊本市中央区水前寺５－２－２２,096-384-2288,医療法人清和会　理事長　東野　裕司,今村　重洋,一般　療養　脳内　内　呼内　循環器内科　消化器内科　リハ,,昭51. 7. 1,kyushu/000491321.zip
診療所,43,0118205,福島循環器科内科医院,熊本市東区健軍１－１０－２,096-367-9655,福島　敬祐,福島　敬祐,内　胃　循　呼,,昭51. 12. 16,kyushu/000491321.zip
病院,43,0118338,くまもと在宅支援病院,熊本市東区三郎一丁目１２番２５号,096-383-5555,医療法人　桜十字　理事長　倉津　純一,三浦　正毅,一般　内　神内　リハ　他,,平16. 2. 24,kyushu/000491321.zip
病院,43,0118437,武蔵ケ丘病院,熊本市北区楠７－１５－１,096-339-1161,医療法人田中会　理事長　田中　英一,水流添　周,一般　療養　内　呼　消　循　外　整外　耳い　リハ　放　神内　心内　精,,昭52. 10. 17,kyushu/000491321.zip
病院,43,0118510,医療法人聖粒会慈恵病院,熊本市西区島崎６－１－２７,096-355-6131,医療法人聖粒会　理事長　蓮田　健,蓮田　健,一般　産婦　内視鏡婦人科　小,,昭53. 4. 1,kyushu/000491321.zip
病院,43,0118528,くまもと成城病院,熊本市北区室園町１０－１７,096-344-3311,医療法人山部会　理事長　山部　英則,増田　武信,一般　療養　内　リハ　循環器内科　消化器内科　呼内　神内　リウ　放　歯,,昭53. 4. 1,kyushu/000491321.zip
診療所,43,0118668,桑原産科婦人科医院,熊本市東区桜木２－２－６,096-365-4103,桑原　仁,桑原　仁,一般　産　婦,,昭54. 4. 16,kyushu/000491321.zip
診療所,43,0118676,蛇島肛門科外科,熊本市中央区出水１丁目６－１３,096-364-2002,桑原　知明,桑原　知明,一般　こう　外　ひ　リハ　消化器内科,,平2. 8. 17,kyushu/000491321.zip
病院,43,0118874,ニキハーティーホスピタル,熊本市東区月出４－６－１００,096-384-3111,医療法人仁木会　理事長　仁木　啓史,仁木　啓斗,精神　精　心内　脳内　内,199,昭55. 6. 1,kyushu/000491321.zip
病院,43,0119104,成尾整形外科病院,熊本市中央区岡田町１２－２４,096-371-1188,医療法人社団誠療会　理事長　成尾　政一郎,藤本　徹,一般　整外　内　外　リウ　リハ　麻,103,昭55. 12. 1,kyushu/000491321.zip
病院,43,0119260,医療法人出田会出田眼科病院,熊本市中央区西唐人町３９,096-325-5222,医療法人出田会　　理事長　出田　節子,出田　真二,一般　眼　麻,,昭56. 9. 1,kyushu/000491321.zip
病院,43,0119328,熊本市医師会熊本地域医療センター,熊本市中央区本荘５丁目１６－１０,096-363-3311,一般社団法人熊本市医師会　会長　園田　寛,杉田　裕樹,一般　内科　糖尿病代謝内科　外　小　放　麻　循環器内科　小外　消化器内科　消化器外科　呼内　病理診断科　皮　アレ,227,昭56. 11. 2,kyushu/000491321.zip
診療所,43,0119419,三隅医院,熊本市南区川尻４－７－３３,096-357-9446,三隅　一彦,三隅　一彦,内　消,,昭57. 2. 1,kyushu/000491321.zip
病院,43,0119468,熊本機能病院,熊本市北区山室６－８－１,096-345-8111,社会医療法人寿量会　理事長　米満　弘一郎,寺本　憲市郎,一般　整外　形外　リウ　脳神経外科　内　脳神経内科　リハ　循環器内科　麻　放　外科　消化器外科　皮　耳い　救急科　小児形成外科　血管外科,395,昭57. 4. 1,kyushu/000491321.zip
診療所,43,0119518,白石内科医院,熊本市中央区桜町２－２２,096-325-6630,白石　民夫,白石　民夫,内　呼　胃　循　皮,,昭57. 8. 16,kyushu/000491321.zip
病院,43,0119583,熊本博愛病院,熊本市北区楠６－６－６０,096-338-7117,医療法人社団上野会　　理事長　上野　博久,上野　博久,療養　内　リハ　放,,昭57. 11. 16,kyushu/000491321.zip
病院,43,0119625,御幸病院,熊本市南区御幸笛田６ー７ー４０,096-378-1166,医療法人博光会　理事長　富島　三貴,西上　和宏,一般　療養　内科　漢方内科　緩和ケア内科　消化器内科　呼内　循環器内科　リハ　整形リハビリテーション科　脳神経外科　外,,昭57. 12. 16,kyushu/000491321.zip
診療所,43,0119740,日隈眼科医院,熊本市中央区練兵町５６,096-352-3681,日隈　陸太郎,日隈　陸太郎,一般　眼,,昭58. 7. 1,kyushu/000491321.zip
診療所,43,0119799,田島内科クリニック,熊本市中央区南千反畑町１１－１,096-325-3888,田島　弘,田島　弘,内　消　他,,昭58. 12. 16,kyushu/000491321.zip
診療所,43,0119831,外間整形外科医院,熊本市西区上熊本２－１３－１２,096-352-7277,外間　祥介,外間　祥介,一般　整外　リハ,,昭59. 4. 2,kyushu/000491321.zip
病院,43,0119872,医療法人　朝日野会　朝日野総合病院,熊本市北区室園町１２－１０,096-344-3000,医療法人朝日野会　理事長　清水　安全,上山　秀嗣,一般　療養　内科　心療内科　腎臓内科　血液内科　呼内　消化器内科　循環器内科　心臓血管外科　脳内　外科　血管外科　消化器外科　乳腺外科　整形外科　形成外科　リウ　脳神経外科　肛門外科　小外　皮　ひ　人工透析内科　婦　眼　耳い　リハ　放　麻　歯　小歯　呼外　糖尿病・代謝内科　ペインクリニック内科　救急科,378,昭59. 6. 1,kyushu/000491321.zip
病院,43,0119922,福田病院,熊本市中央区新町２－２－６,096-322-2995,社会医療法人愛育会　理事長　福田　稠,河上　祥一,一般　産　婦　小　小外　麻　新生児内科　肛門外科　乳腺外科　精,176,昭60. 2. 1,kyushu/000491321.zip
診療所,43,0120003,前田内科医院,熊本市中央区上水前寺１－１－２６,096-381-2548,前田　毅,前田　毅,一般　内　呼　胃　リハ　放,,昭60. 6. 17,kyushu/000491321.zip
診療所,43,0120029,総合保健センター,熊本市東区東町４－１１－２,096-365-8800,公益財団法人熊本県総合保健センター　理事長　福田稠,加藤　貴彦,内　呼　消　循　外　婦　放,,昭60. 8. 16,kyushu/000491321.zip
診療所,43,0120110,上野整形外科医院,熊本市北区龍田弓削１ー９ー７０,096-338-4938,上野　敦弘,上野　敦弘,整外　リウ,,昭61. 4. 1,kyushu/000491321.zip
診療所,43,0120227,あまの皮ふ科,熊本市西区田崎１－３－８０,096-351-5090,医療法人天野会　理事長　天野　冨紀子,天野　冨紀子,一般　皮,,昭61. 8. 1,kyushu/000491321.zip
診療所,43,0120284,佐藤医院,熊本市西区上熊本３－２－１０,096-355-0200,佐藤　紀良,佐藤　紀良,内　循,,昭61. 11. 1,kyushu/000491321.zip
病院,43,0120417,整形外科井上病院,熊本市中央区本荘町６４４,096-364-5511,医療法人社団藤浪会　理事長　井上　誠一,井上　裕久,一般　療養　整外　内　リハ　リウ　麻,,昭62. 4. 1,kyushu/000491321.zip
診療所,43,0120466,おがた小児科,熊本市西区花園５－２４－８９,096-326-5411,緒方　利光,緒方　利光,一般　内　小　アレ　耳い,,昭62. 7. 16,kyushu/000491321.zip
診療所,43,0120482,古賀クリニック,熊本市中央区本山４丁目１－４３,096-324-1201,古賀　裕,古賀　裕,内　精　心内,,昭62. 9. 1,kyushu/000491321.zip
診療所,43,0120532,熊本眼科医院,熊本市中央区九品寺２丁目２－１,096-371-6133,医療法人仁和会　理事長　武藤　貴仁,武藤　貴仁,一般　眼　形外,,昭63. 1. 1,kyushu/000491321.zip
診療所,43,0120565,千場内科クリニック,熊本市北区清水新地１－５－３８,096-343-8988,千場　文江,千場　文江,内　呼　消　循,,昭63. 4. 16,kyushu/000491321.zip
診療所,43,0120581,あけぼのクリニック,熊本市南区白藤５－１－１,096-358-7211,医療法人社団松下会　　理事長　松下　和孝,松下　和徳,一般　内科　腎臓内科　呼内　消化器内科　整外　リウ　ひ　リハ　放　麻　人工透析内科　循環器内科,,平8. 12. 16,kyushu/000491321.zip
病院,43,0120607,悠愛病院,熊本市東区画図町下無田１１３９,096-378-3355,医療法人社団悠愛会　理事長　田代　壽美,田代　尊久,療養　内　リハ,,昭63. 6. 1,kyushu/000491321.zip
病院,43,0120656,比企病院,熊本市東区尾ノ上３－１－３４,096-381-5151,医療法人社団仁風会　理事長　比企　裕,比企　裕,療養　消　外　整外　放　リハ　リウ　眼　内　循　他,,昭63. 10. 1,kyushu/000491321.zip
診療所,43,0120722,桜間脳神経外科,熊本市中央区妙体寺町５－２,096-343-2511,医療法人博和会　理事長　櫻間　智孝,櫻間　智孝,一般　神内　循　脳外　放,,平元. 3. 1,kyushu/000491321.zip
病院,43,0120730,医療法人財団聖十字会　西日本病院,熊本市東区八反田３－２０－１,096-380-1111,医療法人財団聖十字会　理事長　末永　英慈,有馬　寿之,一般　療養　内　消　循　外　整外　ひ　眼　耳い　リハ　放　麻　呼内　歯　皮　神内　脳外　他,699,平元. 5. 1,kyushu/000491321.zip
診療所,43,0120748,砥上内科胃腸科医院,熊本市中央区黒髪６－２７－１,096-345-8211,砥上　幸一郎,砥上　幸一郎,内　胃　外　整外　皮　リハ　放,,平17. 7. 4,kyushu/000491321.zip
診療所,43,0120821,上熊本内科,熊本市西区上熊本１－３－４,096-325-1331,医療法人社団陽光会　理事長　山村　定光,山村　定光,一般　内　神内　消　循　小　リハ　放　呼　心内　整外　胃,,平元. 8. 1,kyushu/000491321.zip
診療所,43,0120839,熊本皮ふ科形成外科,熊本市中央区帯山３－３７－１５,096-382-0006,医療法人社団藤樹会　理事長　藤澤　明詔,藤澤　明彦,形外　皮　アレ,,平元. 8. 1,kyushu/000491321.zip
診療所,43,0120847,黄医院,熊本市中央区新町１－７－２６,096-354-6383,医療法人社団柴田会　理事長　菊池　信幸,菊池　信幸,皮　耳い,,平元. 8. 1,kyushu/000491321.zip
病院,43,0120862,桜十字くまなん病院,熊本市南区御幸笛田２－１５－６,096-378-0345,医療法人社団御幸会　理事長　宮田　高雄,宮田　高雄,一般　療養　内　循　消　リハ　他,119,平元. 8. 1,kyushu/000491321.zip
診療所,43,0120870,八木産婦人科医院,熊本市中央区水前寺１－１９－５,096-383-2311,医療法人社団志成会　理事長　水溜　絵津子,水溜　絵津子,一般　産婦　麻,,平元. 10. 1,kyushu/000491321.zip
診療所,43,0120896,石川整形外科リウマチ科,熊本市南区田井島２ー３ー４７,096-379-6800,石川　浩一郎,石川　浩一郎,一般　整外　リハ　リウ,,平元. 10. 2,kyushu/000491321.zip
診療所,43,0120912,たなか益田クリニック,熊本市西区上熊本２－１２－２８,096-352-0131,医療法人社団益昌会　理事長　益田　忠,田中　敬子,内　胃　循　アレ　外　整外　形外　心外　皮　リハ　リウ　美容皮ふ科,,平元. 11. 1,kyushu/000491321.zip
診療所,43,0120920,水上医院,熊本市中央区黒髪６－９－２０,096-343-2913,医療法人社団水上会　理事長　水上　宏俊,水上　宏俊,内　ひ,,平元. 11. 1,kyushu/000491321.zip
診療所,43,0120946,清田循環器科内科医院,熊本市東区沼山津３－６－３,096-365-3322,医療法人社団清田会　理事長　清田　敬,清田　敬,一般　内　胃　循,,平元. 12. 1,kyushu/000491321.zip
診療所,43,0120961,三井小児科医院,熊本市東区尾ノ上４－１１－２４８,096-369-4848,医療法人社団祐慈　理事長　三井　一賢,三井　一賢,内　小,,平2. 1. 1,kyushu/000491321.zip
診療所,43,0120995,緒方脳神経外科医院,熊本市西区池田１－１４－８２,096-353-5300,医療法人社団杏医会　理事長　緒方　武文,緒方　武幸,一般　療養　整外　脳外　リハ　麻　歯　小歯,,平2. 2. 1,kyushu/000491321.zip
診療所,43,0121001,しまさきバス通り総合内科クリニック,熊本市西区島崎２－８－２０,096-288-4149,医療法人社団　明邦会　理事長　田渕　博孝,田渕　博孝,内　他　小　心内,,平2. 2. 1,kyushu/000491321.zip
診療所,43,0121019,杉野クリニック,熊本市西区春日７－１９－７,096-352-8247,医療法人社団杉野会　理事長　杉野　茂人,杉野　茂人,小　内,,平2. 2. 1,kyushu/000491321.zip
診療所,43,0121100,とくべ内科クリニック,熊本市東区長嶺東８－１－４７,096-380-1030,医療法人社団徳部会　理事長　徳部　浩司,徳部　浩司,内,,平2. 5. 1,kyushu/000491321.zip
診療所,43,0121217,小山胃腸科内科クリニック,熊本市中央区水前寺公園２８番３９号,096-381-7273,医療法人保生堂　理事長　小山　浩徳,尾﨑　幹,胃腸内科　内　放　消化器内科,,平23. 2. 1,kyushu/000491321.zip
診療所,43,0121241,緒方消化器内科,熊本市中央区通町２３,096-353-2361,医療法人社団一陽会　理事長　緒方一朗,緒方　一朗,消　内　放,,平19. 5. 1,kyushu/000491321.zip
診療所,43,0121258,にのみやクリニック,熊本市中央区帯山２丁目１２－１０,096-381-8766,医療法人社団二宮会　理事長　二宮　敏郎,二宮　敏郎,一般　一般　小　内　アレ,7,平23. 8. 1,kyushu/000491321.zip
診療所,43,0121266,小沢医院,熊本市中央区南熊本４－３－２０,096-371-2231,医療法人社団イチイ会　理事長　小澤　清治,小澤　清治,内　消　循　外　放　麻,,平2. 10. 1,kyushu/000491321.zip
診療所,43,0121274,そのだ脳神経外科消化器内科,熊本市東区画図町所島１３５－１,096-379-3888,医療法人社団画図園友会　理事長　園田　寛,園田　寛,一般　脳外　内　消化器内科,,平2. 10. 1,kyushu/000491321.zip
診療所,43,0121282,いずみクリニック　胃腸科・内科,熊本市東区東本町３－１５,096-365-9000,泉　文治,泉　文治,胃　内　外　こう　リハ　小,,平19. 7. 18,kyushu/000491321.zip
診療所,43,0121316,冬田循環器科内科医院,熊本市東区長嶺東２－１－１０,096-389-0030,冬田　昌利,冬田　昌利,内　循　麻,,平2. 11. 16,kyushu/000491321.zip
病院,43,0121373,あきた病院,熊本市南区会富町１１２０,096-227-1611,医療法人むすびの森　理事長　西村　円香,鶴﨑　成幸,一般　一般　療養　療養　内　循環器内科　消化器内科　呼内　整外　リハ　皮　アレ　糖尿病・代謝内科,127,昭48. 7. 16,kyushu/000491321.zip
病院,43,0121472,菊南病院,熊本市北区鶴羽田３丁目１番５３号,096-344-1711,医療法人　室原会　理事長　室原　良治,室原　誉伶,一般　療養　内　呼内　消　循　神内　整外　リハ　放　他,,昭47. 8. 4,kyushu/000491321.zip
病院,43,0121480,寺尾病院,熊本市北区小糸山町７５９,096-272-0601,医療法人寺尾会　理事長　寺尾　幹,高松　徹,一般　内　外　整外　耳い　呼内　消化器内科　糖尿病内科　皮　小　リハ　放　脳神経外科,,昭41. 2. 1,kyushu/000491321.zip
診療所,43,0121530,北熊本井上産婦人科医院,熊本市北区鶴羽田１丁目１４番２７号,096-345-3911,医療法人社団育成会　理事長　井上　悟,井上　悟,一般　産　婦　内　小　麻,,平元. 12. 1,kyushu/000491321.zip
診療所,43,0121563,堀尾内科医院,熊本市西区河内町船津２９４５－１,096-276-1515,堀尾　直,堀尾　直,一般　内　循　呼　神内　アレ　消,,昭59. 11. 16,kyushu/000491321.zip
診療所,43,0121605,服部胃腸科,熊本市中央区新町２－１２－３５,096-325-2300,医療法人社団魁正会　　理事長　櫻井　宏一,櫻井　宏一,一般　内　消,,平7. 6. 16,kyushu/000491321.zip
診療所,43,0121621,八景水谷クリニック,熊本市北区八景水谷１－３１－１６,096-344-8811,医療法人社団大塚メディカル　理事長　大塚　文誉,大塚　文誉,一般　内　消　外　放　リハ　他,,平3. 4. 1,kyushu/000491321.zip
診療所,43,0121639,中嶋内科,熊本市北区硯川町１１３４,096-245-0005,医療法人社団博文会　理事長　中嶋　啓,中嶋　啓,一般　療養　内　呼内　アレ,,平3. 4. 1,kyushu/000491321.zip
診療所,43,0121647,川原胃腸科内科,熊本市中央区新町３－９－１０,096-352-0945,医療法人社団文仁会　　理事長　川原　文次,川原　文次,内　胃腸内科　こう門内科　呼内,,平3. 4. 1,kyushu/000491321.zip
診療所,43,0121654,健軍クリニック,熊本市東区新生２－２－２,096-367-6666,医療法人健軍クリニック　理事長　髙橋　渡,川上　茂生,一般　内　呼　循,,平3. 4. 1,kyushu/000491321.zip
診療所,43,0121670,福永耳鼻咽喉科医院,熊本市中央区新屋敷１－２１－７,096-371-2101,医療法人福永会　理事長　福永　博之,福永　博之,一般　耳い　気食　アレ,,平3. 4. 1,kyushu/000491321.zip
診療所,43,0121688,すえふじ医院,熊本市中央区出水１－５－３８,096-371-9912,医療法人社団藤榮会　理事長　末藤　久和,末藤　久和,小　循　内,,平3. 4. 1,kyushu/000491321.zip
診療所,43,0121738,林田クリニック,熊本市中央区萩原町３－２１,096-379-7755,医療法人社団林田クリニック　理事長　仲西　信乃,仲西　信乃,内　消化器内科　呼吸器内科　麻　ペインクリニック内科,,平3. 6. 1,kyushu/000491321.zip
診療所,43,0121746,橋口医院,熊本市中央区渡鹿５－１７－２６,096-364-2821,医療法人社団橋口医院　理事長　橋口　典明,橋口　典明,内　小　消化器内科,,平3. 7. 1,kyushu/000491321.zip
診療所,43,0121753,鶴田胃腸科内科医院,熊本市中央区坪井１－９－２６,096-343-2801,医療法人社団鶴田会　理事長　鶴田　昭,三井　貴博,一般　内　胃,,平3. 8. 1,kyushu/000491321.zip
診療所,43,0121803,石神クリニック,熊本市西区出町２－１５,096-322-6018,医療法人社団青葉会　理事長　石神　誥一,石神　誥一,一般　内　呼　胃　循　放,,平4. 1. 1,kyushu/000491321.zip
診療所,43,0121860,いんでレディースクリニック,熊本市東区新生２－３－６,096-367-2333,医療法人社団新生会　理事長　印出　秀二,印出　秀二,一般　産婦　内,,平4. 2. 1,kyushu/000491321.zip
診療所,43,0122058,福光内科循環器科,熊本市中央区新大江２－２３－２２,096-362-2228,福光　圭輔,福光　圭輔,内　循　リハ,,平4. 8. 3,kyushu/000491321.zip
病院,43,0122165,嶋田病院,熊本市中央区練兵町２４,096-324-3515,医療法人社団如水会　理事長　嶋田　英敬,池田　拡行,一般　一般　内　人工透析内科　腎臓内科　代謝内科　呼内　リハ,48,平15. 6. 16,kyushu/000491321.zip
診療所,43,0122215,立石内科,熊本市西区春日１丁目８番２３－１号,096-322-6565,医療法人社団愛徳会　理事長　立石　秀彦,立石　秀彦,内科　呼吸器内科　循環器内科　消化器内科,,平20. 7. 1,kyushu/000491321.zip
病院,43,0122223,川野病院,熊本市中央区大江６－２５－１,096-366-3275,医療法人社団杏風会　理事長　川野　尚,川野　尚,一般　泌尿器科　泌尿器科（男性不妊治療）　女性泌尿器科　リハ,,平5. 1. 1,kyushu/000491321.zip
診療所,43,0122256,戸山・横田医院,熊本市東区小峯２－５－３３,096-365-2222,医療法人社団東陵会　理事長　横田　美樹,横田　元,内　循環器内科　皮　外　リハ,,平5. 2. 1,kyushu/000491321.zip
診療所,43,0122264,ヤマサキ胃腸科クリニック,熊本市南区馬渡２－１２－２１,096-379-6151,医療法人社団謙心会　理事長　山﨑　明,山﨑　明,内視鏡内科　消化器内科　内,,平5. 2. 1,kyushu/000491321.zip
診療所,43,0122306,前田内科胃腸科小児科クリニック,熊本市北区清水本町４－３,096-343-4204,医療法人社団清翠会　理事長　前田　一郎,前田　一郎,内　胃　小,,平5. 4. 1,kyushu/000491321.zip
診療所,43,0122314,いちの耳鼻咽喉科クリニック,熊本市北区麻生田２－１４－１３,096-337-2992,医療法人社団市野会　理事長　市野　幸則,市野　幸則,耳い　気食,,平5. 4. 1,kyushu/000491321.zip
診療所,43,0122322,春日クリニック,熊本市西区春日３丁目２５番１号,096-351-7151,医療法人社団　清心会　理事長　清田　武俊,清田　武俊,内　小　リハ　麻,,平20. 12. 1,kyushu/000491321.zip
病院,43,0122355,自由が丘病院,熊本市北区龍田陳内１－３－１０,096-338-3111,医療法人社団自由が丘　理事長　平原　輝雄,平原　信雄,精神　精　心内,135,平5. 5. 1,kyushu/000491321.zip
診療所,43,0122389,赤坂クリニック,熊本市東区新外３－９－６７,096-367-6980,医療法人社団赤坂会　理事長　赤坂　朋紀,赤坂　朋紀,内　循環器内科　外　リハ,,平5. 7. 1,kyushu/000491321.zip
診療所,43,0122405,松本外科内科医院,熊本市中央区新市街１２－５,096-352-0338,医療法人社団松本外科医院　理事長　松本　孝嗣,松本　孝嗣,外　内　胃　整外,,平5. 8. 1,kyushu/000491321.zip
診療所,43,0122413,鳥谷医院,熊本市中央区九品寺５－７－１２,096-371-9660,医療法人鳥谷会　理事長　鳥谷　龍三,鳥谷　龍三,一般　耳い　気食,,平13. 11. 2,kyushu/000491321.zip
診療所,43,0122447,三の宮内科泌尿器科医院,熊本市北区龍田１ー１６ー１,096-338-3511,医療法人社団紀元会　　理事長　飯星　元博,飯星　元博,内　小　皮　ひ,,平5. 10. 1,kyushu/000491321.zip
診療所,43,0122454,仁誠会クリニック黒髪,熊本市中央区黒髪６－２９－３７,096-345-6533,医療法人社団仁誠会　理事長　田尻　哲也,太田　裕美子,一般　内科　腎臓内科　人工透析内科　皮,,平5. 10. 1,kyushu/000491321.zip
診療所,43,0122470,みとま神経内科クリニック,熊本市中央区新大江２－５－１２,096-372-3133,医療法人社団映和　理事長　三笘　宏,三笘　宏,内　精　神内　リハ,,平5. 11. 1,kyushu/000491321.zip
病院,43,0122496,鶴田病院,熊本市東区保田窪本町１０－１１２,096-382-0500,医療法人社団　鶴友会　理事長　鶴田　克家,鶴田　豊,一般　外科　内視鏡外科　内科　内視鏡内科　腎臓内科　消化器内科　消化器外科　循環器内科　整外　透析　呼内　放　リハ　神内　麻　歯外　緩和ケア内科,105,平5. 12. 1,kyushu/000491321.zip
診療所,43,0122546,井内科クリニック,熊本市中央区水前寺４丁目３０の２３,096-383-0291,医療法人社団清泉会　理事長　井　重博,井　建一朗,内　神内　消　リハ　放,,平6. 1. 1,kyushu/000491321.zip
病院,43,0122553,山口病院,熊本市西区田崎３丁目１－１７,096-356-0666,医療法人社団　芳仁会　理事長　山口　哲也,岩下　寛子,一般　療養　内科　消化器内科　循環器内科　呼内　外　整外　リハ　小,,平6. 1. 1,kyushu/000491321.zip
診療所,43,0122561,アラキ整形外科,熊本市西区春日３－１－２０,096-326-8000,医療法人社団光寿会　理事長　荒木　康博,荒木　康博,一般　整外　リハ　リウ,,平6. 2. 1,kyushu/000491321.zip
診療所,43,0122595,原口循環器科内科医院,熊本市東区保田窪２－１－４,096-383-3880,医療法人社団原口会　理事長　松尾　知子,松尾　知子,療養　循　内　他,,平6. 2. 1,kyushu/000491321.zip
診療所,43,0122603,白山あらき胃腸科肛門科内科,熊本市中央区菅原町７－１２,096-363-8880,荒木　啓介,荒木　啓介,消　胃　内　外　小　こう,,平6. 2. 16,kyushu/000491321.zip
診療所,43,0122645,岡耳鼻咽喉科医院,熊本市東区花立２－１６－２４,096-369-0717,医療法人社団香聖会　理事長　増田　香澄,増田　香澄,耳い,,平6. 5. 1,kyushu/000491321.zip
診療所,43,0122652,平山泌尿器科医院,熊本市北区八景水谷１－２４－３２,096-345-8588,医療法人社団英山会　理事長　平山　英雄,石松　隆志,一般　ひ　性感染症内科　腎臓内科　循環器内科,,平7. 3. 6,kyushu/000491321.zip
診療所,43,0122660,三宅クリニック,熊本市西区小島３－３９－３,096-329-5600,医療法人社団三宅クリニック　理事長　三宅　孝,三宅　孝,胃　内　外　整外,,平6. 5. 1,kyushu/000491321.zip
診療所,43,0122702,前野胃腸科クリニック,熊本市南区平成２－７－２１,096-370-1511,前野　正伸,前野　正伸,胃　外　こう　リハ　内,,平6. 5. 16,kyushu/000491321.zip
診療所,43,0122785,ゆのはら産婦人科医院,熊本市中央区南熊本５－９－３,096-372-1110,柚原　健男,柚原　健男,一般　産婦,,平6. 7. 27,kyushu/000491321.zip
病院,43,0122801,くまもと悠心病院,熊本市東区小山町１８０８－２,096-389-1882,医療法人明和会　理事長　宮内　大介,宮内　大介,精神　精,120,平18. 4. 1,kyushu/000491321.zip
病院,43,0122835,西村内科脳神経外科病院,熊本市中央区南熊本２－７－７,096-363-5111,医療法人社団知新会　理事長　西村　振一郎,濵武　諭,一般　内　脳外　循環器内科　消化器内科　呼内　放射線診断科,,平6. 10. 1,kyushu/000491321.zip
診療所,43,0122850,さとう胃腸内科クリニック,熊本市北区西梶尾町４５２ー３,096-245-0093,医療法人社団　秋康会　理事長　佐藤　信之,佐藤　信之,内　胃　小　放,,平13. 3. 17,kyushu/000491321.zip
病院,43,0122868,くまもと江津湖療育医療センター,熊本市東区画図町大字重富５７５,096-370-0501,社会福祉法人志友会　理事長　篠原　誠,木下　裕俊,一般　内　小,121,平6. 10. 1,kyushu/000491321.zip
診療所,43,0122892,あらき循環器内科,熊本市中央区西子飼町７－６,096-346-0570,荒木　春夫,荒木　春夫,内　循,,平6. 10. 16,kyushu/000491321.zip
診療所,43,0122967,村田外科・胃腸科・ひふ科医院,熊本市中央区本山１－５－１６,096-356-3232,医療法人村田会　理事長　村田　悦男,村田　悦男,一般　療養　胃　外　整外　皮　ひ　内　こう　リハ　放　他,,平7. 2. 1,kyushu/000491321.zip
診療所,43,0122983,桑原クリニック,熊本市中央区南熊本２－１１－２７,096-362-3511,医療法人邦真会　理事長　桑原　邦治,桑原　邦治,一般　他　透析　循　内,,平7. 2. 1,kyushu/000491321.zip
診療所,43,0122991,天神内科医院,熊本市中央区大江六丁目２２番２２号,096-366-2233,医療法人天神会　理事長　坂本　文比古,坂本　文比古,一般　内　呼内　神内　消化器内科　循環器内科　アレ　糖尿病内科　心内,,平7. 3. 1,kyushu/000491321.zip
診療所,43,0123015,西内科クリニック,熊本市中央区九品寺３－９－３,096-364-2636,医療法人社団西会　理事長　西　芳寛,西　芳寛,内　他,,平7. 4. 1,kyushu/000491321.zip
診療所,43,0123056,土井医院,熊本市南区銭塘町２０２９－５,096-223-0252,土井　理,土井　理,循　内　小,,平7. 6. 1,kyushu/000491321.zip
診療所,43,0123072,三浦内科クリニック,熊本市中央区中央街１－２７,096-323-0732,三浦　洋,三浦　洋,内,,平7. 6. 1,kyushu/000491321.zip
診療所,43,0123106,小貫医院,熊本市北区龍田５－１０－４３,096-338-8011,小貫　清美,小貫　清美,一般　内　小　耳い,,平7. 8. 1,kyushu/000491321.zip
診療所,43,0123163,あわい眼科医院,熊本市東区八反田１－９－２,096-383-2005,医療法人社団粟井会　理事長　粟井　嗣己,粟井　麻衣子,眼,,平7. 9. 1,kyushu/000491321.zip
診療所,43,0123189,整形外科　内科　糖尿病代謝内科　かみくまクリニック,熊本市西区上熊本３－１６－１８,096-351-1377,医療法人社団ラファエル会　理事長　鶴野　拓也,鶴野　拓也,内　外　整外　リハ　糖尿病代謝内科　消化器内科,,平7. 9. 1,kyushu/000491321.zip
病院,43,0123197,くまもと乳腺外科病院,熊本市中央区南熊本４丁目３－５,096-366-1155,医療法人社団世安会　理事長　村本　一浩,村本　一浩,一般　一般　乳腺外科　乳腺内科　がん化学療法内科　麻　病理診断科,41,平23. 1. 1,kyushu/000491321.zip
診療所,43,0123205,内科・熊本クリニック,熊本市東区沼山津４ー１ー１,096-367-4681,医療法人社団中下会　理事長　中下　尚登,中下　尚登,一般　内,,平13. 7. 16,kyushu/000491321.zip
診療所,43,0123262,きたの胃腸科内科クリニック,熊本市東区東本町１－４３,096-367-2525,医療法人きたの胃腸科内科クリニック　理事長　一瀬　由紀,一瀬　景輔,内　呼　胃　消　外　こう　リハ　麻,,平7. 12. 1,kyushu/000491321.zip
診療所,43,0123270,はせがわクリニック,熊本市西区春日７－１９－３８,096-322-7701,長谷川　芳彦,長谷川　芳彦,内　小,,平7. 12. 16,kyushu/000491321.zip
診療所,43,0123296,豊田消化器外科医院,熊本市東区江津１－３０－２０,096-371-4835,医療法人社団豊徳会　理事長　豊田　德明,豊田　徳明,内　胃　外　整外　脳外,,平8. 1. 1,kyushu/000491321.zip
診療所,43,0123304,土井内科クリニック,熊本市南区砂原町３４１,096-227-1818,医療法人社団心英　理事長　土井　賢,土井　賢,一般　糖尿病内科　内分泌内科　胃腸内科　小　皮,,平8. 1. 1,kyushu/000491321.zip
診療所,43,0123320,町野胃腸科外科,熊本市東区東野２－４－６,096-369-8071,町野　健輔,町野　健輔,一般　療養　内　胃　外　整外　こう,,平8. 1. 4,kyushu/000491321.zip
診療所,43,0123353,外科眼科　何医院,熊本市南区幸田２－７－３０,096-378-5171,医療法人社団英会　理事長　何俊介,何　俊介,外　眼　歯,,平8. 3. 1,kyushu/000491321.zip
診療所,43,0123361,田尻クリニック,熊本市中央区水前寺２丁目６番３号,096-385-5430,医療法人ゆうこう会　理事長　田尻　淳一,田尻　淳一,内,,平20. 11. 21,kyushu/000491321.zip
診療所,43,0123387,柴田内科・柴田整形外科,熊本市中央区内坪井町２－５,096-359-1231,医療法人堅誠会　理事長　柴田　直之,柴田　堅二,一般　内　呼　循　消　神内　整外　リハ,,平8. 4. 1,kyushu/000491321.zip
診療所,43,0123395,柏田内科クリニック,熊本市中央区坪井３丁目１－４４,096-343-2555,柏田　元文,柏田　元文,内　胃,,平23. 10. 1,kyushu/000491321.zip
診療所,43,0123437,わたなべ眼科クリニック,熊本市西区城山下代３－２－１,096-329-6011,医療法人恵翔会　理事長　渡邊　健,渡邊　健,眼,,平8. 5. 1,kyushu/000491321.zip
病院,43,0123478,帯山中央病院,熊本市中央区帯山４丁目５－１８,096-382-6111,医療法人祐基会　理事長　田邊　賀子,板井　典朗,療養　内科　漢方内科　消化器内科　呼内　リハ　放　整外　疼痛緩和外科　糖尿病内科,,平8. 6. 1,kyushu/000491321.zip
診療所,43,0123494,成田クリニック,熊本市東区江津１－１－１,096-363-7771,医療法人社団　恵水会　理事長　成田　礼,成田　礼,内　消化器内科　内視鏡内科　外　リハ,,平8. 6. 1,kyushu/000491321.zip
診療所,43,0123502,水前寺大腸肛門科医院,熊本市中央区水前寺３－５－１１,096-381-2241,医療法人社団水前寺大腸肛門科医院　理事長　住江　康之,住江　康之,一般　こう　消化器内科　消化器外科,,平8. 7. 1,kyushu/000491321.zip
診療所,43,0123510,かたおか整形外科・リウマチ科,熊本市西区城山下代３－１－６,096-329-2222,片岡　康文,片岡　康文,整外　リハ　リウ,,平8. 7. 16,kyushu/000491321.zip
診療所,43,0123528,広重クリニック,熊本市東区新外２丁目５番１５号,096-368-6110,医療法人広健会　理事長　重　滋夫,廣重　滋夫,内　呼内　耳い　アレ,,平8. 8. 1,kyushu/000491321.zip
診療所,43,0123544,武藤泌尿器科クリニック,熊本市東区東野２－２－１,096-365-0511,武藤　真二,武藤　真二,一般　内　皮　ひ,,平8. 8. 16,kyushu/000491321.zip
診療所,43,0123569,宮脇クリニック,熊本市中央区出水５－１１－２４,096-366-3181,医療法人湧志会　理事長　宮脇　正行,宮脇　正行,内　放　皮,,平8. 9. 1,kyushu/000491321.zip
診療所,43,0123650,ひがし眼科医院,熊本市南区出仲間１－５－２４,096-379-3737,医療法人　修真会　理事長　東　修一,東　眞千子,眼,,平15. 2. 10,kyushu/000491321.zip
病院,43,0123668,陣内病院,熊本市中央区九品寺６－２－３,096-363-0011,医療法人社団陣内会　理事長　陣内　秀昭,陣内　秀昭,一般　内　循　眼　消　神内　他,,平9. 1. 1,kyushu/000491321.zip
診療所,43,0123684,城間整形外科,熊本市西区出町４－４,096-311-2800,城間　公博,城間　公博,整外　リハ,,平9. 2. 1,kyushu/000491321.zip
診療所,43,0123775,稲葉内科医院,熊本市西区花園１－２０－６０,096-352-3427,医療法人社団美銀　理事長　稲葉哲郎,稲葉　哲郎,一般　内　神内　呼　胃　循　小　リハ　放,,平9. 4. 1,kyushu/000491321.zip
診療所,43,0123791,木下耳鼻咽喉科医院,熊本市北区清水亀井町１９－１４,096-344-1303,医療法人木下会　理事長　木下　澄仁,木下　澄仁,耳い,,平9. 4. 1,kyushu/000491321.zip
診療所,43,0123809,たかむら耳鼻咽喉科,熊本市東区保田窪５－１０－２６,096-382-8700,医療法人高村会　理事長　髙村　惇,髙村　惇,耳い　気食　アレ,,平9. 4. 1,kyushu/000491321.zip
診療所,43,0123924,かまた眼科クリニック,熊本市東区長嶺南２－４－１１,096-381-8632,医療法人かまた眼科クリニック　理事長　鎌田　龍二,鎌田　龍二,眼,,平9. 6. 1,kyushu/000491321.zip
診療所,43,0123965,三和クリニック,熊本市西区城山下代３－６－１,096-329-6777,医療法人三和会　理事長　後藤　真文,後藤　真文,内　呼　胃　小　消　アレ,,平9. 9. 1,kyushu/000491321.zip
診療所,43,0123973,井上整形外科クリニック,熊本市中央区琴平本町３番４３号,096-364-5510,医療法人社団藤浪会　理事長　井上　誠一,井上　誠一,整外　リハ　リウ　内,,平9. 10. 1,kyushu/000491321.zip
診療所,43,0124005,八王寺町クリニック,熊本市中央区八王寺町１６－７３,096-378-6880,医療法人社団林生会　理事長　林田公夫,林田　公夫,内　呼　循　小　アレ　リハ,,平10. 10. 1,kyushu/000491321.zip
診療所,43,0124021,木村胃腸科内科医院,熊本市南区八幡１１－７－１,096-357-5221,医療法人社団　憲鈴会　理事長　木村　泰司,木村　泰司,内　消化器内科,,平9. 10. 1,kyushu/000491321.zip
診療所,43,0124070,ぺえ小児科内科医院,熊本市南区八分字町８９－１,096-227-3163,医療法人社団星州会　理事長　裵　德也,裵　德也,小　内,,平9. 12. 1,kyushu/000491321.zip
診療所,43,0124088,てつクリニック,熊本市北区麻生田２－１４－２２,096-339-2200,医療法人社団　てつクリニック　理事長　最勝寺　哲志,最勝寺　哲志,内　呼　循　消　他,,平9. 12. 1,kyushu/000491321.zip
診療所,43,0124104,小堀胃腸科外科,熊本市中央区黒髪２－３２－３,096-344-1001,医療法人社団小堀胃腸科外科　理事長　小堀　恭裕,小堀　恭裕,一般　胃　外　整外　内　小外,,平10. 1. 1,kyushu/000491321.zip
診療所,43,0124120,城北胃腸科内科クリニック,熊本市北区高平３－１４－３５,096-341-5050,医療法人大光会　理事長　大門　秀光,川上　孝男,一般　胃　内　こう　消,,平10. 1. 16,kyushu/000491321.zip
診療所,43,0124153,原口胃腸科内科クリニック,熊本市南区田迎４－８－１２,096-370-2088,原口　修,原口　修,胃　内　こう,,平10. 2. 16,kyushu/000491321.zip
診療所,43,0124187,大宮整形外科医院,熊本市南区南高江７－９－５２,096-358-3166,医療法人社団大宮会　理事長　大宮　博史,大宮　博史,一般　整外　リハ　リウ,,平10. 3. 1,kyushu/000491321.zip
診療所,43,0124237,たかき消化器内科,熊本市東区花立２－６－８,096-331-3113,高木　功,高木　功,消　呼　循　神内　内　小,,平10. 4. 16,kyushu/000491321.zip
診療所,43,0124245,北野小児科医院,熊本市南区近見２－２－３０,096-352-8990,北野　昭人,北野　昭人,小,,平10. 4. 6,kyushu/000491321.zip
診療所,43,0124252,竹下外科整形外科医院,熊本市中央区大江５－４－２４,096-372-6411,医療法人竹下外科整形外科医院　理事長　竹下　一幸,竹下　一幸,整外　外　リハ　皮　他,,平10. 5. 1,kyushu/000491321.zip
診療所,43,0124260,はらぐちこどもクリニック,熊本市北区麻生田２－１－６,096-386-3211,医療法人社団　恵育会　理事長　原口　洋吾,原口　洋吾,小,,平10. 5. 1,kyushu/000491321.zip
診療所,43,0124286,こすみ皮膚科クリニック,熊本市中央区山崎町３１,096-325-0333,医療法人美澄会　理事長　小澄　法夫,小澄　法夫,皮,,平10. 5. 1,kyushu/000491321.zip
診療所,43,0124310,浜崎医院,熊本市中央区新町２－９－６,096-352-0556,濱﨑　信一郎,濱﨑　信一郎,内　循,,平10. 7. 1,kyushu/000491321.zip
診療所,43,0124336,医療法人社団　宮本会　宮本内科小児科医院,熊本市中央区細工町４－２１,096-325-7100,医療法人社団宮本会　理事長　宮本　康志,宮本　康志,一般　内　小,,平10. 7. 1,kyushu/000491321.zip
診療所,43,0124351,石原・伊牟田内科,熊本市中央区水前寺２丁目１９－８,096-383-3448,医療法人瑞恭会　理事長　石原　裕士,石原　裕章,一般　内　呼　消　循　小　放,,平10. 9. 1,kyushu/000491321.zip
診療所,43,0124377,なかむらファミリークリニック,熊本市北区武蔵ケ丘７丁目１－１,096-339-1711,医療法人社団　澄心会　理事長　中村憲史,中村　憲史,内　他　皮,,平10. 9. 1,kyushu/000491321.zip
診療所,43,0124385,よしむた総合診療所,熊本市東区小山６丁目１０番１５号,096-380-5442,医療法人社団日生会　理事長　吉無田　太郎,吉無田　太郎,内　消化器内科　アレ　呼内　糖尿病内科　整外,,平15. 1. 20,kyushu/000491321.zip
診療所,43,0124468,かねみつ胃腸科外科医院,熊本市西区新土河原２丁目３－４３,096-326-1500,医療法人社団かねみつ胃腸科外科医院　理事長　金光　徹二,金光　徹二,胃　外　リハ　内　整外,,平10. 11. 1,kyushu/000491321.zip
診療所,43,0124484,直海内科クリニック,熊本市中央区本山町７８,096-352-6631,直海　晶二郎,直海　晶二郎,内　循　消,,平10. 11. 1,kyushu/000491321.zip
診療所,43,0124518,下田内科クリニック,熊本市北区鶴羽田３丁目１４－２３,096-345-5015,医療法人社団下田会　理事長　下田　光一郎,下田　光一郎,一般　療養　内　呼　消　循　放　麻,,平10. 12. 1,kyushu/000491321.zip
診療所,43,0124575,きはら循環器科内科,熊本市中央区黒髪１丁目１－２５,096-343-0511,医療法人社団きはら　理事長　木原　和生,木原　和生,循　内,,平11. 3. 1,kyushu/000491321.zip
病院,43,0124617,本庄内科病院,熊本市東区新外３丁目９－１,096-368-2811,医療法人　弘生会　理事長　本庄　弘次,本庄　弘次,一般　内　呼内　循環器内科　神内　放　消化器内科,,平11. 4. 1,kyushu/000491321.zip
診療所,43,0124633,六反田内科・循環器科,熊本市南区島町４－１４－３０,096-358-6010,医療法人社団六花会　理事長　六反田　学,六反田　学,一般　内　循　消　リハ,,平11. 4. 1,kyushu/000491321.zip
診療所,43,0124641,本多内科医院,熊本市中央区帯山３丁目８－６１,096-381-2552,本多　恵,本多　恵,内　消　循　呼内　小　他,,平11. 4. 6,kyushu/000491321.zip
診療所,43,0124658,仁誠会クリニック新屋敷,熊本市中央区新屋敷１丁目１４－２,096-211-5151,医療法人社団仁誠会　理事長　田尻哲也,中山　裕史,一般　内科　腎臓内科　人工透析内科　糖尿病内科　循環器内科　皮,,平11. 5. 1,kyushu/000491321.zip
病院,43,0124674,窪田病院,熊本市東区長嶺東２－１１－９５,096-380-2038,医療法人居中会　理事長　小久保　正弘,崎谷　修,精神　精,100,平11. 5. 1,kyushu/000491321.zip
診療所,43,0124724,おがた小児科内科医院,熊本市北区飛田３－９－２０,096-344-8282,医療法人　おがた会　理事長　緒方　健一,緒方　健一,内　小　麻　アレ　リハ,,平11. 7. 1,kyushu/000491321.zip
診療所,43,0124732,田崎橋耳鼻咽喉科クリニック,熊本市西区田崎２－１－６６,096-354-1133,医療法人社団清裕会　理事長　杉野　真理子,杉野　赳浩,耳い　アレ　他,,平20. 1. 15,kyushu/000491321.zip
診療所,43,0124740,いなだ眼科,熊本市西区花園２－１－５８,096-311-2830,医療法人　稲田会　理事長　稲田　晃一朗,稲田　晃一朗,眼,,平11. 7. 1,kyushu/000491321.zip
診療所,43,0124765,うちの産婦人科,熊本市南区八幡５丁目１０番１２号,096-288-5566,医療法人　内野会　理事長　内野　貴久子,内野　貴久子,一般　婦　産,,平11. 7. 1,kyushu/000491321.zip
診療所,43,0124781,東部クリニック,熊本市東区秋津新町１－２８,096-369-3331,医療法人社団知新会　理事長　西村　振一郎,佛淵　信夫,内　脳外　放　循　消　呼,,平11. 9. 1,kyushu/000491321.zip
診療所,43,0124799,渡辺医院,熊本市東区画図町下無田１４６５－１,096-378-7330,渡邊　亨,渡邊　亨,一般　外　内　胃,,平11. 9. 1,kyushu/000491321.zip
診療所,43,0124831,秋津レークタウンクリニック,熊本市東区秋津町秋田３４４１－２０,096-368-6007,医療法人社団　熊本労安会　理事長　木村　孝文,山口　秀樹,内　神　小　リハ,,平11. 10. 1,kyushu/000491321.zip
診療所,43,0124849,川原整形外科,熊本市中央区新大江２－１９－１５,096-362-2400,川原　康二,川原　康二,整外　形外　リハ　リウ　内,,平11. 12. 1,kyushu/000491321.zip
診療所,43,0124856,みずもとこどもクリニック,熊本市西区上代４－１２－１０,096-325-1238,医療法人社団　仁愛会　理事長　水元　裕二,水元　裕二,小　アレ,,平11. 12. 1,kyushu/000491321.zip
診療所,43,0124864,田上内科クリニック,熊本市東区東本町１－１　田上ビル２階,096-214-1011,田上　典郎,田上　典郎,内　小　胃　呼　循,,平12. 1. 1,kyushu/000491321.zip
診療所,43,0124880,藤川医院,熊本市東区水源１－１８－２,096-368-2447,医療法人社団藤川医院　理事長　藤川　隆夫,藤川　久子,小　内,,平13. 12. 17,kyushu/000491321.zip
診療所,43,0124898,西村内科医院,熊本市東区花立１－４－１０,096-214-7001,医療法人社団　弘史会　理事長　西村　弘道,西村　弘道,一般　内　呼　消　アレ　小　循　リハ,,平12. 1. 16,kyushu/000491321.zip
診療所,43,0124914,村上クリニック,熊本市中央区迎町１－１－１３,096-354-1798,村上　俊朗,村上　俊朗,一般　内　消　アレ　小　皮　リハ,,平12. 1. 2,kyushu/000491321.zip
診療所,43,0124930,熊本市医師会ヘルスケアセンター,熊本市中央区本荘５－１５－１２,096-366-2711,一般社団法人熊本市医師会　会長　園田　寛,清原　英雄,一般　内,,平12. 2. 16,kyushu/000491321.zip
診療所,43,0124971,たけの胃腸科内科,熊本市南区野口２－１２－１,096-320-2555,藤岡　優一,藤岡　優一,胃　内　こう,,平12. 4. 1,kyushu/000491321.zip
診療所,43,0125002,村上耳鼻咽喉科医院,熊本市西区池田１－３２－６６,096-351-8733,医療法人社団　村上会　理事長　村上　公輝,村上　公輝,耳い　アレ　気食,,平12. 4. 1,kyushu/000491321.zip
診療所,43,0125028,力合クリニック,熊本市南区鳶町２－８－１１,096-358-7000,医療法人清伸会　理事長　堀尾　雄甲,堀尾　雄甲,一般　内　呼内　アレ　糖尿病内科　整外　リハ　リウ,,平12. 4. 1,kyushu/000491321.zip
病院,43,0125044,くまもと成仁病院,熊本市東区戸島２丁目３番１５号,096-380-7011,医療法人　成仁会　理事長　上原　昌哉,勇　聡,療養　一般　内科　内分泌内科　糖尿病内科　代謝内科　呼内　消化器内科　循環器内科　脳神経内科　リハビリテーション科　整形リハビリテーション科　放　歯　小歯　歯外　脳神経リハビリテーション科,143,平12. 4. 1,kyushu/000491321.zip
診療所,43,0125069,田島医院,熊本市西区田崎３－１－２５,096-352-2433,田島　和周,田島　和周,内　脳内,,平12. 3. 29,kyushu/000491321.zip
診療所,43,0125077,宇野耳鼻咽喉科・アレルギー科医院,熊本市東区秋津新町１－１,096-368-2628,医療法人　悠宇会　理事長　宇野　正志,宇野　正志,耳い　アレ,,平12. 4. 1,kyushu/000491321.zip
診療所,43,0125085,まえだクリニック,熊本市北区龍田８－１５－６４,096-338-1637,医療法人社団　なつみ会　理事長　前田　淳子,前田　淳子,内　呼　消　小,,平12. 4. 1,kyushu/000491321.zip
診療所,43,0125135,沢田内科医院,熊本市中央区帯山４－２１－２２,096-382-6401,医療法人社団メディカルアクセス　理事長　澤田　知宏,澤田　知宏,内　呼内　循　消　アレ　他,,平14. 5. 1,kyushu/000491321.zip
診療所,43,0125143,有明海リハビリテーションクリニック,熊本市南区奥古閑町４３７５ー３,096-223-2175,社会医療法人寿量会　理事長　米満　弘一郎,梶原　瑞恵,リハ　整外　リウ　脳神経内科,,平12. 6. 16,kyushu/000491321.zip
診療所,43,0125150,野津原内科医院,熊本市中央区黒髪６－１－２３,096-343-0720,医療法人杏友会　理事長　野津原　昭,野津原　昭,内　循　呼　胃　リハ　小　糖尿病内科,,平15. 5. 1,kyushu/000491321.zip
診療所,43,0125200,吉田耳鼻咽喉科クリニック,熊本市北区飛田３－９－２２,096-346-2888,医療法人誠香会　理事長　吉田　誠,吉田　誠,耳い　アレ,,平12. 7. 1,kyushu/000491321.zip
診療所,43,0125242,はません眼科,熊本市南区田井島１－２－１ゆめタウンはません２階,096-370-2600,医療法人　米澤会　理事長　犬丸　淳子,平田　克彦,眼,,平20. 3. 20,kyushu/000491321.zip
診療所,43,0125259,おくむら乳腺外科・内科クリニック,熊本市中央区八王寺町３６－４１,096-379-3111,医療法人社団　片瀬会　理事長　奥村　恭博,奥村　恭博,乳腺外科　内　小,,平12. 8. 1,kyushu/000491321.zip
診療所,43,0125325,小島内科小児科医院,熊本市中央区帯山５ー２５ー２７,096-381-9852,医療法人社団　こぶし小島会　理事長　小島　龍太郎,小島　龍太郎,一般　内　呼　胃　循　小　放,,平12. 10. 1,kyushu/000491321.zip
病院,43,0125341,北部病院,熊本市北区四方寄町１２８１ー３,096-245-1115,医療法人社団　原武会　理事長　渡邉　聖樹,渡邉　聖樹,療養　内科　漢方内科　女性内科　老年内科　外　胃　皮　リハ　眼　放　整外　麻　脳内,,平12. 10. 1,kyushu/000491321.zip
診療所,43,0125366,京塚クリニック,熊本市中央区帯山３ー３８ー１３,096-213-2511,青木　了,青木　了,内　整外　リハ　リウ,,平12. 11. 1,kyushu/000491321.zip
診療所,43,0125382,大弓クリニック,熊本市北区楡木２ー１１ー５６,096-339-3066,大弓　政雄,大弓　政雄,内　小　外　婦　放　アレ　循　胃　呼　神内　消,,平12. 11. 16,kyushu/000491321.zip
診療所,43,0125390,すどう・きたの医院,熊本市中央区新大江１ー５ー１３,096-364-3635,医療法人社団貞恕会　理事長　北野　伸浩,北野　伸浩,内　呼　胃　循　外　こう　リハ,,平12. 11. 27,kyushu/000491321.zip
診療所,43,0125408,中村こころのクリニック,熊本市南区田迎４ー９ー３６　ＫＳビル１０２号,096-334-3556,中村　能文,中村　能文,精　神　心内,,平12. 12. 1,kyushu/000491321.zip
診療所,43,0125440,上原胃腸科外科小児科クリニック,熊本市北区武蔵ケ丘１ー８ー２３,096-337-3884,医療法人社団　草生会　理事長　上原　範常,上原　範常,内　胃　小　外　こう,,平13. 1. 1,kyushu/000491321.zip
診療所,43,0125473,おがた胃腸科内科,熊本市南区平田１ー１３ー６,096-212-3933,緒方　宏行,緒方　宏行,内　胃　呼　循,,平13. 2. 16,kyushu/000491321.zip
診療所,43,0125481,室原内科・小児科,熊本市中央区国府１丁目１１番９号,096-364-3080,医療法人　室原会　理事長　室原良治,室原　良治,内　小　呼　循　消　放　他,,平13. 2. 1,kyushu/000491321.zip
診療所,43,0125507,田代産婦人科医院,熊本市中央区大江４ー５ー５,096-362-1414,田代　正道,田代　正道,一般　産婦,,平13. 2. 10,kyushu/000491321.zip
診療所,43,0125523,仁誠会クリニックながみね,熊本市東区戸島西２丁目３－１０,096-331-2211,医療法人社団　仁誠会　理事長　田尻哲也,田中　将博,一般　内　腎臓内科　人工透析内科　皮,,平13. 4. 1,kyushu/000491321.zip
診療所,43,0125564,森永上野胃・腸・肛門科,熊本市中央区坪井６ー２２ー１,096-346-0111,医療法人ウッドメッド会　理事長　森永　剛司,森永　剛司,一般　胃　こう　外　小外　内　小,,平13. 5. 1,kyushu/000491321.zip
診療所,43,0125572,西村クリニック,熊本市北区武蔵ケ丘９ー３ー１１,096-337-6600,医療法人二葉会　理事長　西村　八郎,西村　八郎,内　呼　胃　循,,平13. 5. 1,kyushu/000491321.zip
診療所,43,0125580,松原リウマチ科整形外科,熊本市東区月出５ー３ー１５,096-214-0551,医療法人社団星輝会　理事長　松原　三郎,松原　三郎,一般　リウ　整外　内　リハ,,平13. 5. 16,kyushu/000491321.zip
診療所,43,0125598,松野皮ふ科・形成外科,熊本市南区田迎２－１８－２０,096-370-4112,医療法人社団　松野皮ふ科・形成外科　理事長　松野美智雄,松野　美智雄,皮　形外,,平16. 5. 1,kyushu/000491321.zip
診療所,43,0125614,もりの木クリニック,熊本市東区長嶺南３ー８ー１１２,096-387-3212,医療法人社団杜の木会　理事長　石井　規夫,石井　規夫,内　消化器内科　循環器内科　糖尿病内科　心外,,平13. 6. 16,kyushu/000491321.zip
診療所,43,0125622,熊本放射線外科,熊本市中央区出水７ー９０－２,096-370-0712,医療法人社団人優会　理事長　内田　大地,内田　大地,脳外　放　外,,平13. 7. 1,kyushu/000491321.zip
診療所,43,0125655,ひらやまクリニック,熊本市北区武蔵ケ丘５ー２３ー７,096-337-8838,医療法人社団英山会　理事長　平山　英雄,甲斐　信幸,一般　ひ　性　内,,平13. 8. 1,kyushu/000491321.zip
診療所,43,0125689,柏木医院,熊本市中央区坪井２－８－１７,096-343-5108,柏木　孝史,柏木　孝史,内　小　循　胃,,平13. 9. 10,kyushu/000491321.zip
診療所,43,0125705,守屋医院,熊本市東区若葉３ー９ー２,096-214-0177,守屋　信英,守屋　信英,内　心内　神内　胃　脳外　リハ　麻,,平13. 9. 16,kyushu/000491321.zip
診療所,43,0125713,寒野整形外科医院,熊本市中央区出水１－７－３０,096-363-2100,寒野　龍弘,寒野　龍弘,整外　リハ　麻,,平13. 9. 15,kyushu/000491321.zip
診療所,43,0125754,はしもと整形外科,熊本市北区改寄町２３８０－５,096-272-0052,医療法人裕和会　理事長　橋本　憲蔵,橋本　憲蔵,療養　一般　整外　内　リハ　リウ　外,,平13. 12. 1,kyushu/000491321.zip
診療所,43,0125762,くまなんヒコクリニック,熊本市中央区萩原町１７－１７,096-370-2000,医療法人　邦洋会　理事長　前田　邦彦,前田　邦彦,皮　内　形外　他,,平16. 5. 1,kyushu/000491321.zip
病院,43,0125770,熊本泌尿器科病院,熊本市中央区新町４－７－２２,096-354-6781,医療法人野尻会　理事長　野尻　明弘,井　秀隆,一般　療養　泌尿器科　泌尿器科（人工透析）　皮　麻　男性性感染症外科　腎臓内科,,平14. 1. 1,kyushu/000491321.zip
診療所,43,0125796,レディースクリニックなかむら,熊本市東区長嶺南１－５－４８,096-213-1555,医療法人愛光会　理事長　中村　敏光,中村　敏光,一般　産婦,,平14. 1. 1,kyushu/000491321.zip
病院,43,0125804,田上心臓リハビリテーション病院,熊本市中央区南千反畑町１０－３,096-354-5885,医療法人社団大玄会　理事長　田上　貴一,田上　貴一,療養　内　消化器内科　循環器内科　呼内　心内　リハ　糖尿病内科,,平14. 1. 1,kyushu/000491321.zip
診療所,43,0125812,おかもとクリニック,熊本市東区月出２－４－１,096-386-5553,岡本　美保,岡本　美保,内　小　消　心外,,平14. 2. 1,kyushu/000491321.zip
診療所,43,0125846,アクアつかさクリニック,熊本市北区鶴羽田１丁目１４番１号,096-345-0680,藤本　英司,藤本　英司,内　循　呼　小　アレ,,平14. 4. 1,kyushu/000491321.zip
診療所,43,0125887,夢診療所,熊本市中央区萩原町２－８,096-214-8477,渡邊　興光,渡邊　興光,内　胃　小　放,,平14. 4. 1,kyushu/000491321.zip
診療所,43,0125937,ながみね田村整形外科,熊本市東区戸島西３－１－３９,096-331-3210,医療法人　優和会　理事長　田村　和弘,田村　和弘,整外　リハ　リウ,,平14. 5. 1,kyushu/000491321.zip
診療所,43,0125945,河本内科小児科クリニック,熊本市北区徳王１－７－１,096-323-6300,医療法人　清河会　理事長　河本　妙子,河本　妙子,内　小　循　呼　アレ,,平14. 5. 1,kyushu/000491321.zip
診療所,43,0125952,川口内科クリニック,熊本市東区湖東１－２－１９,096-214-0055,医療法人　祐湧会　理事長　川口　祐司,川口　祐司,内　呼　消　アレ　小,,平14. 5. 1,kyushu/000491321.zip
診療所,43,0125978,さかぐち小児科医院,熊本市東区戸島西３丁目１－３５,096-331-7772,医療法人　正実会　理事長　坂口　正実,坂口　正実,小,,平14. 5. 1,kyushu/000491321.zip
診療所,43,0125986,末次内科,熊本市西区上高橋２丁目１３－６,096-329-4755,医療法人　セントラルファイブ　理事長　末次理成,末次　晶子,一般　療養　内　神内　呼　消　循　小,,平14. 5. 1,kyushu/000491321.zip
診療所,43,0126000,佐伯内科クリニック,熊本市中央区神水１－３５－１５,096-349-8393,佐伯　敬,佐伯　敬,呼　循　小,,平14. 6. 16,kyushu/000491321.zip
診療所,43,0126034,河野整形外科医院,熊本市中央区世安１丁目２番３８号,096-362-2811,河野　淳亮,河野　淳亮,整外,,平14. 10. 1,kyushu/000491321.zip
診療所,43,0126042,ひぐち小児科・小児外科,熊本市東区花立５－９ー１６,096-331-0021,樋口　章浩,樋口　章浩,小　小外　内,,平14. 11. 1,kyushu/000491321.zip
病院,43,0126083,表参道　吉田病院,熊本市中央区北千反畑町２－５,096-343-6161,医療法人　起生会　理事長　吉田　元樹,吉田　俊彰,一般　一般　療養　療養　内　呼　胃　循　アレ　リハ　放　消　他　神内,84,平15. 2. 1,kyushu/000491321.zip
診療所,43,0126109,西部脳神経外科内科,熊本市西区上代７－２９－２０,096-329-6611,医療法人　順風会　理事長　池田　順一,池田　順一,一般　内　神内　脳外　リハ　放,,平15. 3. 1,kyushu/000491321.zip
診療所,43,0126125,なかがわ内科クリニック,熊本市中央区横手１－８－５,096-325-5050,中川　いづみ,中川　いづみ,内　消　呼,,平15. 4. 1,kyushu/000491321.zip
診療所,43,0126158,安政町メディカルクリニック,熊本市中央区安政町６－２８,096-356-0333,医療法人社団　フィリア会　理事長　木原　純一,江藤　信一,外　胃　麻　リハ　内　呼　アレ,,平15. 4. 1,kyushu/000491321.zip
診療所,43,0126174,さくら小児科,熊本市南区出仲間９－７－３０,096-379-6573,医療法人青垣会　理事長　久野　武,久野　武,小　神内　精,,平15. 5. 1,kyushu/000491321.zip
診療所,43,0126190,くまもと麻酔科クリニック,熊本市東区沼山津１－３－１　サンセール健軍東,096-360-0500,東　兼充,東　兼充,内　麻　リハ　循　心内　皮,,平15. 6. 1,kyushu/000491321.zip
病院,43,0126257,サキサカ病院,熊本市中央区新町２－１０－２７,096-326-0303,医療法人匂坂会　理事長　匂坂　正孝,匂坂　正孝,療養　外　形外　内　小　小外　ペインクリニック外科　麻　眼,,平15. 6. 1,kyushu/000491321.zip
診療所,43,0126356,髙田千年クリニック,熊本市中央区新町１－８－１７,096-351-3005,医療法人　千年会　理事長　髙田　千年,高田　千年,放　内　消化器内科　呼内,,平15. 8. 1,kyushu/000491321.zip
診療所,43,0126364,あかりＰＥＴ画像診断クリニック,熊本市中央区出水７－３６－２５,096-370-7111,医療法人天瑶会　理事長　坂本　史,坂本　史,放,,平15. 9. 1,kyushu/000491321.zip
診療所,43,0126406,北部脳神経外科・神経内科,熊本市北区楠野町１０６７－１,096-275-2468,医療法人社団　郁栄会　理事長　伊東山　洋一,伊東山　洋一,一般　脳外　脳内　内　外　放　リハ　糖尿病内科　循環器内科　麻,,平15. 10. 1,kyushu/000491321.zip
診療所,43,0126513,堤整形外科クリニック,熊本市中央区大江１－２０－２,096-361-1881,医療法人社団　大江会　理事長　堤　隆治,堤　隆治,整外　リハ　リウ　外　麻　内,,平16. 4. 1,kyushu/000491321.zip
診療所,43,0126539,寺原診療所,熊本市中央区壺川２－１０－５壺川ビル１階,096-323-4160,橋本　泰嘉,橋本　泰嘉,内　循　代謝内科,,平16. 5. 1,kyushu/000491321.zip
診療所,43,0126596,胃腸科・内科こうせいクリニック,熊本市南区白藤１－２１－９１,096-357-5511,医療法人　胃腸科・内科こうせいクリニック　理事長　土井　浩生,土井　浩生,内　胃　こう,,平16. 7. 1,kyushu/000491321.zip
診療所,43,0126604,ささおか整形外科リハビリテーションクリニック,熊本市南区田迎１－６－５,096-334-3111,医療法人　ささおか整形外科クリニック　理事長　笹岡博文,笹岡　博文,整外　リハ　リウ,,平16. 7. 1,kyushu/000491321.zip
診療所,43,0126612,松元整形・外科,熊本市北区飛田４－１０－１０,096-345-3993,医療法人　順徳会　理事長　松元公,松元　公,一般　外　内　胃　整外　皮　こう,,平16. 7. 1,kyushu/000491321.zip
診療所,43,0126620,水本整形外科・内科クリニック,熊本市中央区国府２－１７－３４,096-362-3311,医療法人社団　翔輝会　理事長　水本　圭彦,水本　圭彦,一般　内　循　整外　リハ,,平16. 9. 1,kyushu/000491321.zip
診療所,43,0126646,せんだメディカルクリニック,熊本市中央区島崎１丁目３２－１,096-356-8223,医療法人ＣＣＲ　理事長　千田　治道,千田　治道,整外　リハ　内　リウ,,平21. 4. 1,kyushu/000491321.zip
診療所,43,0126711,小山内科クリニック,熊本市中央区城東町４－７,096-322-5809,医療法人　アクティブエイジング研究所　理事長　小山　和作,小山　研一,内　循,,平16. 12. 1,kyushu/000491321.zip
診療所,43,0126737,県庁前クリニック,熊本市中央区水前寺６－２３－１５,096-385-7168,医療法人社団　県庁前クリニック　理事長　河津　隆一,河津　隆一,内　呼　胃　外　整外　小外　こう,,平16. 12. 1,kyushu/000491321.zip
診療所,43,0126752,川尻尾﨑内科,熊本市南区川尻５－１－６２,096-357-9115,医療法人社団　紘会　理事長　尾﨑　徹,尾﨑　徹,内　消化器内科　循環器内科　呼内　内視鏡内科　放,,平17. 1. 1,kyushu/000491321.zip
診療所,43,0126786,よやすクリニック,熊本市中央区世安３丁目１２－２,096-322-0353,中田　滋寛,中田　滋寛,心内　精　内,,平17. 4. 1,kyushu/000491321.zip
診療所,43,0126802,なかの耳鼻咽喉科アレルギー科クリニック,熊本市南区田迎４－９－４１,096-370-6000,医療法人幸会　理事長　中野　幸治,中野　幸治,アレ　耳い　気食,,平17. 4. 1,kyushu/000491321.zip
診療所,43,0126844,中村整形外科,熊本市西区池田二丁目５－２２,096-323-7770,医療法人　聖孝会　理事長　中村　孝文,中村　孝文,一般　整外　リハ,,平17. 5. 1,kyushu/000491321.zip
診療所,43,0126869,清水まんごくクリニック,熊本市北区清水万石４－１－５,096-341-1325,医療法人社団　清水まんごくクリニック　理事長　木村　忠司,木村　忠司,内　循　小　リハ,,平17. 7. 1,kyushu/000491321.zip
診療所,43,0126885,あだち内科胃腸科,熊本市北区龍田７－３６－４０,096-338-1888,医療法人社団　龍安　理事長　安達　善充,安達　善充,一般　内　胃　外　こう　リハ,,平17. 8. 1,kyushu/000491321.zip
診療所,43,0126919,浦本医院,熊本市西区春日２－１１－１６,096-352-2960,医療法人　龍生会　理事長　廣川　雅士,廣川　雅士,内　小,,平17. 8. 1,kyushu/000491321.zip
診療所,43,0126935,よもぎクリニック,熊本市北区四方寄町１４１１－９,096-275-6088,医療法人　松実会　理事長　松崎　志保,松崎　志保,内　精　心療内科,,平17. 9. 1,kyushu/000491321.zip
診療所,43,0126950,熊本ホームケアクリニック,熊本市中央区神水１－１９－２１セイケイビル１０１,096-387-2918,井田　栄一,井田　栄一,内,,平17. 11. 1,kyushu/000491321.zip
診療所,43,0126976,宮川眼科クリニック,熊本市北区清水新地６－２－７２,096-348-1860,宮川　真一,宮川　眞一,眼,,平17. 12. 1,kyushu/000491321.zip
診療所,43,0126984,みねとまクリニック,熊本市北区武蔵ヶ丘２－１－３０,096-337-3370,峯苫　智明,峯苫　智明,一般　内　消,,平17. 12. 1,kyushu/000491321.zip
診療所,43,0127008,吉井皮ふ科,熊本市東区健軍本町５２－３,096-331-5253,医療法人　吉井会　理事長　吉井　章,吉井　章,皮　アレ　他,,平17. 12. 1,kyushu/000491321.zip
診療所,43,0127024,田嶋外科内科医院,熊本市西区田崎２－２－４８,096-355-6900,医療法人　田嶋会　理事長　田嶋　哲,田嶋　哲,一般　外　内　整外　呼内　胃腸内科・外科　リハ,,平18. 1. 1,kyushu/000491321.zip
診療所,43,0127032,医療法人　竹下内科医院,熊本市中央区大江５－４－６,096-211-5171,医療法人　竹下内科医院　理事長　竹下　政一,竹下　政一,内　胃,,平18. 1. 1,kyushu/000491321.zip
診療所,43,0127057,清水新地中山クリニック,熊本市北区清水新地７－９－２２,096-386-3337,医療法人ヴィータ　理事長　中山　雄二朗,中山　雄二朗,内　循環器内科　呼内　消化器内科　外　麻,,平18. 2. 1,kyushu/000491321.zip
診療所,43,0127065,くろかみ心身クリニック,熊本市中央区黒髪１－３－１６,096-343-6682,医療法人　寺岡会　理事長　本島　昭洋,本島　昭洋,精　神　心内　内,,平18. 2. 1,kyushu/000491321.zip
診療所,43,0127073,岡﨑麻酔科クリニック,熊本市東区長嶺南５－１－１７,096-369-0616,岡﨑　止雄,岡﨑　止雄,麻　内,,平18. 3. 1,kyushu/000491321.zip
診療所,43,0127081,さくらクリニック,熊本市北区麻生田５－１３－８,096-337-3677,医療法人社団　さくら　理事長　前田　哲也,前田　哲也,内　小　循　呼　消　リハ　アレ,,平18. 3. 1,kyushu/000491321.zip
診療所,43,0127131,白藤耳鼻咽喉科クリニック,熊本市南区白藤１丁目２６－１５,096-320-0555,医療法人社団　ゆたか会　理事長　五十川修司,五十川　修司,耳い　アレ,,平18. 6. 1,kyushu/000491321.zip
診療所,43,0127149,ふじの医院,熊本市南区良町１丁目６番３６号,096-214-8990,医療法人社団ふじの医院　理事長　藤野　昇,藤野　昇,内　呼　消　外,,平18. 6. 1,kyushu/000491321.zip
診療所,43,0127156,医療法人　くだか眼科,熊本市西区池田１丁目１４番８０号,096-325-8200,医療法人　くだか眼科　理事長　久高宏徳,久高　宏徳,眼,,平18. 6. 1,kyushu/000491321.zip
診療所,43,0127164,平井皮膚科・アレルギー科,熊本市北区武蔵ヶ丘４－１０－２５,096-348-1877,医療法人社団　平井会　理事長　平井　俊二,平井　俊二,小　形外　皮　アレ,,平18. 6. 1,kyushu/000491321.zip
診療所,43,0127172,島崎井上クリニック,熊本市西区島崎４丁目１１－１９,096-322-8333,医療法人　博済会　理事長　井上　博之,井上　博之,内　消　小,,平18. 6. 1,kyushu/000491321.zip
診療所,43,0127180,牧内科循環器科医院,熊本市南区川尻１－１－１,096-357-9007,牧　明,牧　明,内　循　小,,平18. 12. 1,kyushu/000491321.zip
診療所,43,0127206,みわクリニック,熊本市中央区帯山５－８－２２,096-381-6666,医療法人社団秋月会　理事長　秋月　美和,秋月　美和,乳腺外科　外　内,,平18. 7. 1,kyushu/000491321.zip
診療所,43,0127230,影下皮膚科クリニック,熊本市東区西原１－２－６６,096-213-1777,影下　登志郎,影下　登志郎,皮　形外　アレ,,平18. 8. 1,kyushu/000491321.zip
診療所,43,0127263,足立・有馬小児科神経内科,熊本市東区長嶺東４－２－１,096-349-1717,足立　尚登,足立　尚登,小　内　脳内　神内　リハ,,平18. 10. 1,kyushu/000491321.zip
診療所,43,0127271,武藤眼科・大久保内科,熊本市中央区子飼本町１－１８,096-343-3510,医療法人宏保会　理事長　武藤宏一郎,武藤　宏一郎,眼　内,,平18. 10. 1,kyushu/000491321.zip
診療所,43,0127289,定永耳鼻咽喉科クリニック,熊本市東区京塚本町７－１７,096-386-2855,医療法人永明会　理事長　定永恭明,定永　恭明,耳い　アレ,,平18. 10. 1,kyushu/000491321.zip
診療所,43,0127305,宮津内科クリニック,熊本市中央区水前寺６－４５－３,096-223-7231,宮津　利加子,宮津　利加子,内　消　呼　リハ,,平18. 12. 1,kyushu/000491321.zip
診療所,43,0127339,神崎耳鼻咽喉科医院,熊本市中央区水前寺５－２８－２４,096-381-1773,医療法人社団一龍会　理事長　神﨑　祐一,神﨑　祐一,耳い　アレ,,平18. 12. 1,kyushu/000491321.zip
診療所,43,0127354,ほんだ耳鼻咽喉科医院,熊本市東区新南部３－１－５,096-213-1008,医療法人社団　明和会　理事長　本田　達也,本田　達也,耳い　アレ,,平19. 2. 1,kyushu/000491321.zip
診療所,43,0127362,きぬはら整形外科クリニック,熊本市中央区出水４－２６－１１,096-373-1377,医療法人社団絹原会　理事長　絹原　寛士,絹原　寛士,整外　リハ,,平19. 3. 1,kyushu/000491321.zip
診療所,43,0127388,ソフィアレディースクリニック水道町,熊本市中央区水道町９－５－１,096-322-2996,社会医療法人愛育会　理事長　福田　稠,岡村　佳則,一般　婦,,平19. 4. 1,kyushu/000491321.zip
診療所,43,0127396,小野・出来田内科医院,熊本市中央区横手１－２－１２１,096-355-7532,小野　俊一,小野　俊一,内　胃,,平19. 4. 1,kyushu/000491321.zip
診療所,43,0127420,なかくま眼科,熊本市東区三郎２－１５－８シュプリ－ムステ－ジ１Ｆ,096-277-6688,中熊　真一,中熊　真一,眼,,平19. 5. 1,kyushu/000491321.zip
診療所,43,0127438,メモリー・メンタルクリニックみつぐまち診療所,熊本市北区貢町１３５,096-323-6122,医療法人　医誠会　理事長　津野田　尚子,津野田　尚子,老年精神科　精神科　内　放射線診断科,,平19. 5. 1,kyushu/000491321.zip
診療所,43,0127446,さくらんぼこどもクリニック,熊本市中央区帯山１－２５－１,096-340-0415,医療法人社団　桜佳会　理事長　杉之原　佳子,杉之原　佳子,小　内　神内　脳外,,平19. 5. 1,kyushu/000491321.zip
診療所,43,0127453,山本皮膚科クリニック,熊本市東区戸島西３－２－４８,096-331-1010,医療法人社団　方丈会　理事長　山本　伸二,山本　伸二,皮　形外　アレ,,平19. 5. 1,kyushu/000491321.zip
診療所,43,0127479,内尾土井クリニック,熊本市中央区山崎町８－１１,096-352-3031,土井　俊德,土井　俊德,内　呼　消　循　神内,,平19. 5. 1,kyushu/000491321.zip
診療所,43,0127487,武田整形外科,熊本市南区田井島３－１５－２５,096-377-6501,武田　浩志,武田　浩志,整外　リハ,,平19. 6. 1,kyushu/000491321.zip
診療所,43,0127495,ウィメンズクリニック　グリーンヒル,熊本市東区戸島西３－１－１００,096-360-5511,医療法人グリーンヒル　理事長　西村宏祐,西村　宏祐,一般　産　内　小　乳腺内科,,平19. 6. 1,kyushu/000491321.zip
診療所,43,0127529,ＡＲＴ女性クリニック,熊本市東区神水本町２５－１８,096-360-3670,医療法人聖命愛会　理事長　小山伸夫,小山　伸夫,一般　一般　産婦　不妊治療婦人科,11,平19. 8. 1,kyushu/000491321.zip
診療所,43,0127537,米村眼科医院,熊本市中央区帯山２－４－２０,096-382-7190,医療法人米村会　理事長　米村　温夫,米村　隆温,一般　一般　眼,9,平19. 8. 1,kyushu/000491321.zip
診療所,43,0127545,桜木頭痛クリニック,熊本市東区桜木４－１７－１７,096-277-7070,医療法人　俊和会　理事長　福嶌　由尚,福嶌　由尚,内　神内　リハ,,平19. 9. 1,kyushu/000491321.zip
診療所,43,0127560,もとむら小児クリニック,熊本市東区新外４－６－８,096-365-7711,本村　栄章,本村　栄章,小　内,,平19. 9. 1,kyushu/000491321.zip
診療所,43,0127586,山本内科クリニック,熊本市東区健軍本町１１－６,096-331-5511,山本　太郎,山本　太郎,内　呼　アレ,,平19. 10. 1,kyushu/000491321.zip
診療所,43,0127628,たつだ整形外科,熊本市北区龍田１－１６－７,096-249-4777,医療法人　福山会　理事長　福山　紳,福山　紳,整外　リハ　リウ,,平19. 10. 1,kyushu/000491321.zip
病院,43,0127651,保田窪整形外科病院,熊本市東区保田窪５－７－２７,096-381-8711,医療法人保田窪会　理事長　河野　淑彦,河野　正通,一般　整外　麻　リウ　リハ　脳神経外科　内　血液内科,,平19. 10. 1,kyushu/000491321.zip
診療所,43,0127669,聖アンナレディスクリニック,熊本市中央区帯山４－２－８２,096-381-9670,医療法人平聖会　理事長　平井　伸幸,平井　伸幸,一般　一般　産婦　こう　内,5,平19. 12. 1,kyushu/000491321.zip
診療所,43,0127685,平成こどもクリニック,熊本市中央区平成２－１５－７,096-370-6337,医療法人碧蘿会　理事長　濱田　健二,濱田　健二,小　内,,平20. 1. 1,kyushu/000491321.zip
診療所,43,0127750,池沢小児科医院,熊本市西区野中１丁目１番１６号,096-354-6123,池澤　誠,池澤　誠,小,,平21. 10. 1,kyushu/000491321.zip
診療所,43,0127776,やまもと内科・心療内科,熊本市東区京塚本町１番８号,096-383-3831,山本　淑子,山本　淑子,内　心内　他,,平20. 5. 1,kyushu/000491321.zip
診療所,43,0127818,宇土泌尿器科内科クリニック,熊本市南区砂原町４７２－３,096-227-0788,宇土　巖,宇土　巖,ひ　内,,平20. 6. 1,kyushu/000491321.zip
病院,43,0127925,十善病院,熊本市中央区南熊本３丁目６－３４,096-372-2688,医療法人朝日野会　理事長　清水　安全,山﨑　洋二,一般　療養　内　呼内　消化器内科　循環器内科　外　リハ　整外　小　小外　小児リハビリテーション科　リウ　血液内科　脳内,138,平20. 12. 1,kyushu/000491321.zip
診療所,43,0127958,つきで整形外科,熊本市東区月出１丁目３－３,096-213-1666,宮薗　一樹,宮薗　一樹,整外　リハ　リウ,,平21. 2. 1,kyushu/000491321.zip
病院,43,0128006,伊東歯科口腔病院,熊本市中央区子飼本町４番１４号,096-343-0377,医療法人伊東会　理事長　伊東　隆三,伊東　隆三,一般　一般　麻　歯　矯歯　小歯　歯外,24,平21. 5. 1,kyushu/000491321.zip
診療所,43,0128022,えがみ小児科,熊本市北区楠８丁目１６－６３,096-339-0331,江上　公康,江上　公康,一般　小,,平21. 6. 1,kyushu/000491321.zip
診療所,43,0128055,水前寺公園クリニック,熊本市中央区水前寺公園４－２　夢参道ビル１階,096-385-3335,田中　智樹,田中　智樹,内　呼,,平21. 10. 1,kyushu/000491321.zip
診療所,43,0128097,新水前寺クリニック,熊本市中央区水前寺公園１番２４号　　キャッスル水前寺１０２号,096-285-3741,有馬　俊裕,有馬　俊裕,内科　漢方内科,,平21. 11. 1,kyushu/000491321.zip
診療所,43,0128113,虹クリニック,熊本市南区薄場３丁目１１番５１号,096-357-7500,丸山　正子,丸山　正子,内　呼　呼外　消　循,,平22. 1. 1,kyushu/000491321.zip
診療所,43,0128121,越山眼科医院,熊本市東区錦ケ丘３２－２５,096-368-2468,越山　靖夫,越山　靖夫,一般　眼,,平22. 1. 1,kyushu/000491321.zip
診療所,43,0128139,せぐち小児科クリニック,熊本市南区江越２丁目２４番３３号,096-334-1331,医療法人聖愛会　理事長　瀬口　聖史,瀬口　聖史,小　アレ,,平22. 1. 1,kyushu/000491321.zip
診療所,43,0128154,森川レディースクリニック,熊本市中央区水前寺６丁目３１番１号,096-381-4115,医療法人愛信会　理事長　永田　康志,永田　康志,一般　産婦,,平22. 3. 1,kyushu/000491321.zip
診療所,43,0128162,熊本かよこクリニック,熊本市中央区上通町１番地１７号　ソネットビル２Ｆ,096-324-2415,医療法人社団澄心会　理事長　中村　憲史,中村　佳代子,皮　美容皮膚科,,平22. 3. 1,kyushu/000491321.zip
病院,43,0128170,くまもと南部広域病院,熊本市南区城南町舞原無番地,0964-28-2555,医療法人　城南ヘルスケアグループ　理事長　馬場　秀夫,町田　二郎,精神　一般　内　呼内　消化器内科　精　脳内　外　整外　皮　リハ　循環器内科　ひ　腎臓内科,120,昭44. 11. 1,kyushu/000491321.zip
病院,43,0128188,小林病院,熊本市南区城南町隈庄５７４,0964-28-2025,医療法人小林会　理事長　小林　佳之,坂口　智則,療養　内　胃　循　外　整外　ひ,,昭42. 5. 1,kyushu/000491321.zip
病院,43,0128196,ひかりテラス病院,熊本市南区城南町今吉野１０２０,0964-28-6000,医療法人社団井上会　理事長　井上　佳子,井上　佳子,療養　一般　内　外　心内,,昭56. 1. 1,kyushu/000491321.zip
診療所,43,0128238,大隈内科整形外科医院,熊本市南区城南町千町２０５２－２,0964-28-6600,医療法人社団宏生会　理事長　大隈　隆之,大隈　隆之,一般　内　整外　リウ　リハ,,平2. 2. 1,kyushu/000491321.zip
診療所,43,0128253,宗像医院,熊本市南区城南町阿高３２５ー１,0964-28-3188,医療法人社団嵩山会　理事長　宗像　哲男,宗像　哲男,外　胃　内　整外　リハ,,平13. 4. 1,kyushu/000491321.zip
診療所,43,0128279,和漢堂　松田医院,熊本市南区城南町藤山３６０－２,0964-28-3331,医療法人社団　東医会　理事長　松田　史彦,松田　史彦,内　心内　呼内　消　アレ　リウ　小　麻　循　他,,平18. 5. 1,kyushu/000491321.zip
診療所,43,0128287,たまのい内科クリニック,熊本市南区城南町阿高１５７,0964-28-1555,医療法人　たまのい内科クリニック　理事長　玉野井　優水,玉野井　優水,内　呼　循　小　アレ,,平19. 9. 1,kyushu/000491321.zip
病院,43,0128295,向陽台病院,熊本市北区植木町鐙田１０２５,096-272-7211,医療法人横田会　理事長　横田　周三,比江島　誠人,精神　精　心内　他,198,昭40. 3. 1,kyushu/000491321.zip
診療所,43,0128345,榎本内科医院,熊本市北区植木町平野７７－１,096-273-0220,医療法人啓和会　理事長　榎本　耕治,榎本　耕治,循　内,,昭63. 6. 1,kyushu/000491321.zip
診療所,43,0128352,植木シルバークリニック,熊本市北区植木町岩野２４,096-273-1333,医療法人社団武山会　理事長　武原　重春,武原　重春,内　精　神内,,平2. 6. 1,kyushu/000491321.zip
病院,43,0128360,大塚病院,熊本市北区植木町豊田６０３,096-272-0159,医療法人社団元照会　理事長　大塚　孟男,大塚　英二,一般　内　胃　循　外　整外　こう　リハ　麻,,平2. 11. 1,kyushu/000491321.zip
診療所,43,0128378,師井医院,熊本市北区植木町植木５０４番地,096-272-0030,医療法人社団春陽堂　理事長　師井　裕記朗,師井　裕記朗,内　外　小　胃　こう　整外　リハ　形外,,平3. 3. 1,kyushu/000491321.zip
診療所,43,0128386,ふじた内科外科クリニック,熊本市北区植木町植木４４８番地,096-272-1527,医療法人社団藤田会　理事長　藤田　博,藤田　博,外　胃　内　整外,,平6. 2. 1,kyushu/000491321.zip
診療所,43,0128394,くまもと放射線科,熊本市北区植木町舞尾５８８－１,096-273-1111,医療法人社団東家会　理事長　東家　小晶,東家　小晶,放　内,,平6. 3. 1,kyushu/000491321.zip
診療所,43,0128402,森田整形外科医院,熊本市北区植木町一木５９６,096-273-1011,医療法人社団　直整会　理事長　森田　誠,森田　誠,一般　整外　リハ　リウ,,平6. 3. 1,kyushu/000491321.zip
診療所,43,0128410,中垣胃腸科医院,熊本市北区植木町植木８０,096-273-1555,医療法人社団鹿泉会　理事長　中垣　悟,中垣　悟,一般　内　胃　消　外　こう,,平7. 12. 1,kyushu/000491321.zip
診療所,43,0128436,清田産婦人科医院,熊本市北区植木町一木１７８－４,096-273-4111,医療法人社団豊育会　理事長　清田　宗利,清田　宗利,一般　産　婦,,平9. 4. 1,kyushu/000491321.zip
診療所,43,0128444,田原坂クリニック,熊本市北区植木町平原２１２,096-272-5487,医療法人社団東洋会　理事長　平田　貴文,平田　貴文,外　内　消　循,,平10. 11. 1,kyushu/000491321.zip
診療所,43,0128469,下村皮ふ科クリニック,熊本市北区植木町植木４６０番地,096-275-1170,医療法人　浩洋会　理事長　下村　洋,吉野　雄一郎,皮　形外,,平12. 4. 1,kyushu/000491321.zip
診療所,43,0128477,新生整形外科医院,熊本市北区植木町正清５８ー３,096-274-6253,医療法人　聖弘会　理事長　新生　憲聖,新生　憲聖,整外　内　小　リハ,,平12. 5. 1,kyushu/000491321.zip
診療所,43,0128485,桑原内科小児科医院,熊本市北区植木町岩野４５７－５,096-273-3330,医療法人社団四知会　理事長　桑原　哲郎,桑原　哲郎,内　呼　消　循　呼外　気食　放　小,,平13. 12. 1,kyushu/000491321.zip
診療所,43,0128493,よねむら眼科クリニック,熊本市北区植木町広住３９７－１,096-275-5211,医療法人祐杏会　理事長　米村　奈美,米村　奈美,眼,,平20. 2. 1,kyushu/000491321.zip
診療所,43,0128501,植木いまふじクリニック,熊本市北区植木町一木５９７,096-272-5100,医療法人かぜ　理事長　今藤　雅之,瀬下　博志,一般　ひ　内　麻　循,,平20. 2. 1,kyushu/000491321.zip
診療所,43,0128519,医療法人社団徳豊会　川口消化器内科,熊本市東区新南部２丁目７－５８,096-382-3100,医療法人社団徳豊会　理事長　川口　豊,川口　豊,内　消　神内　放　精,,平22. 3. 1,kyushu/000491321.zip
診療所,43,0128527,ひらやま整形外科クリニック,熊本市西区中原町骨居込６８８番地－１０,096-329-5000,医療法人Ｍ　ｄｕ　ｓｏｌｅｉｌ　理事長　平山　征吾,平山　征吾,整外　リハ　内　リウ,,平22. 3. 1,kyushu/000491321.zip
診療所,43,0128535,はっとり小児科・皮ふ科,熊本市中央区南熊本４丁目３－４０,096-371-3122,服部　愛子,服部　愛子,小　アレ　小児皮膚科　皮膚科　美容皮膚科,,平22. 4. 1,kyushu/000491321.zip
診療所,43,0128543,前田胃腸科・内科クリニック,熊本市東区長嶺南１丁目６－２６,096-386-8686,医療法人祐愛会　理事長　前田　祐成,前田　祐成,内　消,,平22. 4. 1,kyushu/000491321.zip
診療所,43,0128550,こころの元気クリニック,熊本市中央区水道町８番２　秀匠苑ビル５Ｆ,096-288-3146,山田　健二,山田　健二,心内　精,,平22. 5. 1,kyushu/000491321.zip
診療所,43,0128592,内田クリニック,熊本市中央区水前寺２丁目６－２０,096-285-5073,内田　隆,内田　隆,心内　精,,平22. 5. 1,kyushu/000491321.zip
診療所,43,0128618,熊本リウマチ内科,熊本市北区四方寄町１６０４－７,096-245-5617,坂田　研明,坂田　研明,内　リウ　アレ,,平22. 5. 1,kyushu/000491321.zip
診療所,43,0128642,にしむら形成外科クリニック,熊本市北区清水新地三丁目１番２３号,096-338-8000,医療法人社団ＮＰＲＳ　理事長　西村　祐紀,西村　祐紀,一般　形外　皮　内,,平22. 6. 1,kyushu/000491321.zip
診療所,43,0128667,前田内科医院,熊本市中央区白山２丁目１１－１６,096-364-3952,医療法人　前田会　理事長　前田　篤志,前田　篤志,内　小　呼　消　アレ,,平22. 6. 1,kyushu/000491321.zip
病院,43,0128691,熊本脳神経外科病院,熊本市中央区本荘６丁目１番２１号,096-372-3911,医療法人熊愛会　理事長　冬田　修平,冬田　修平,一般　脳外　放　リハ,,平22. 7. 1,kyushu/000491321.zip
診療所,43,0128774,健軍こどもクリニック,熊本市東区健軍本町１番５号,096-214-7112,医療法人社団　メディカル・プロ　理事長　久冨　雄一朗,久冨　雄一朗,小　アレ,,平22. 12. 1,kyushu/000491321.zip
診療所,43,0128782,とみあい内科クリニック,熊本市南区富合町新４２４－３,096-288-3133,浅尾　禎孝,浅尾　禎孝,内　呼　消,,平23. 1. 1,kyushu/000491321.zip
診療所,43,0128808,駒木小児科クリニック,熊本市中央区上水前寺２丁目４番２５号,096-383-8711,医療法人　ＹＣＴ　理事長　駒木　智,駒木　智,小　アレ,,平23. 1. 1,kyushu/000491321.zip
診療所,43,0128816,日赤通り谷﨑ＭＡクリニック,熊本市中央区帯山８丁目１－１１,096-374-7878,医療法人社団ヘルスアライアンス　理事長　谷﨑　俊哉,谷崎　俊哉,内　胃　小　アレ,,平23. 1. 1,kyushu/000491321.zip
診療所,43,0128824,出町おがたこどもクリニック,熊本市西区出町４番１０号,096-351-4970,医療法人　敬哲会　理事長　緒方　敬之,緒方　敬之,小　アレ,,平23. 1. 1,kyushu/000491321.zip
診療所,43,0128840,萬生会在宅療養支援診療所,熊本市北区清水亀井町１番２６,096-346-2511,特定医療法人萬生会　理事長　松野　文彦,富田　潤一,内　小,,平23. 3. 1,kyushu/000491321.zip
診療所,43,0128865,池上第二クリニック,熊本市中央区細工町２丁目６グランブルー五福,096-326-5566,池上　研,池上　研,精　心内,,平23. 4. 1,kyushu/000491321.zip
診療所,43,0128873,すみれ眼科クリニック,熊本市南区鳶町２丁目４番１号,096-320-2333,医療法人　すみれ眼科クリニック　理事長　中川　たか子,中川　たか子,眼,,平23. 4. 1,kyushu/000491321.zip
診療所,43,0128881,大林内科医院,熊本市中央区内坪井町１０－１３,096-352-0045,大林　武裕,大林　武裕,内　呼内,,平23. 4. 1,kyushu/000491321.zip
診療所,43,0128899,尾田胃腸内科・内科,熊本市中央区南熊本１丁目９番２５号　２Ｆ,096-375-0028,医療法人社団　賢清　理事長　尾田　恭,尾田　恭,内　胃　他,,平23. 4. 1,kyushu/000491321.zip
病院,43,0128915,平成とうや病院,熊本市南区出仲間８丁目２番１５号,096-379-0108,医療法人　清和会　理事長　東野　裕司,米村　憲輔,一般　一般　療養　療養　内　呼内　循環器内科　消化器内科　脳内　リハ,160,平23. 4. 1,kyushu/000491321.zip
診療所,43,0128964,和田医院,熊本市南区川口町２０１７－１,096-223-0019,医療法人　和田会　理事長　和田　敏,和田　敏,内　消　循　外　小,,平23. 6. 1,kyushu/000491321.zip
診療所,43,0128972,熊本心身医療クリニック,熊本市東区沼山津４丁目１番２０号,096-285-7721,医療法人　明薫会　理事長　泉　薫子,岡野　高明,精　心内,,平23. 7. 1,kyushu/000491321.zip
診療所,43,0129103,みはらライフケアクリニック,熊本市東区上南部２丁目１番７９号,096-237-7555,三原　修一,三原　修一,消　内,,平23. 11. 1,kyushu/000491321.zip
診療所,43,0129129,ひまわり在宅クリニック,熊本市南区江越２丁目１４番２６号,096-285-3251,医療法人ソレイユ　理事長　後藤　慶次,後藤　慶次,内　他,,平23. 12. 1,kyushu/000491321.zip
診療所,43,0129137,よしむらクリニック　内科・糖尿病内科,熊本市東区長嶺南４丁目１番３４号,096-282-8300,吉村　良平,吉村　良平,内　消　呼　循　他,,平24. 1. 1,kyushu/000491321.zip
診療所,43,0129160,長嶺そよかぜクリニック,熊本市東区月出６丁目５－１３０,096-285-4121,医療法人　若葉会　理事長　中村　直樹,中村　直樹,婦　内　小,,平24. 1. 1,kyushu/000491321.zip
診療所,43,0129178,つるはらクリニック,熊本市東区上南部２丁目４番２号,096-227-7100,医療法人ひまわり会　理事長　鶴原　由一,鶴原　由一,内　小　循,,平24. 1. 1,kyushu/000491321.zip
診療所,43,0129186,みすみ胃腸科外科,熊本市南区富合町杉島９２１番地１,096-358-1700,医療法人　三角会　理事長　三角　幹夫,三角　幹夫,胃　外　内,,平24. 1. 1,kyushu/000491321.zip
診療所,43,0129194,とくなが内科胃腸科外科クリニック,熊本市東区若葉一丁目３５番１１号,096-368-2896,医療法人　徳永会　理事長　徳永　竜馬,德永　竜馬,内　外　消化器内科　大腸・肛門外科,,平24. 1. 1,kyushu/000491321.zip
診療所,43,0129202,吉永クリニック,熊本市東区月出１丁目８－２６,096-383-3000,吉永　秀哉,吉永　秀哉,内　胃,,平24. 2. 1,kyushu/000491321.zip
診療所,43,0129210,おびやま在宅クリニック,熊本市中央区帯山４丁目４１－２４,096-297-7126,宮﨑　久義,宮﨑　久義,内　麻,,平24. 2. 1,kyushu/000491321.zip
病院,43,0310513,医療法人朝日野会　光生病院,人吉市下原田町字西門１１２５－２,0966-22-5207,医療法人朝日野会　理事長　清水　安全,赤池　浩一,精神　精　神　内,206,昭59. 7. 16,kyushu/000491321.zip
病院,43,0310521,万江病院,人吉市瓦屋町字典子１７１８－１,0966-22-2357,医療法人恵泉会　理事長　万江　真一郎,万江　真一郎,療養　内　呼内　消化器内科　循環器内科　リハ,,平20. 11. 1,kyushu/000491321.zip
病院,43,0310539,医療法人朝日野会　球磨病院,人吉市上青井町１７６,0966-22-3121,医療法人朝日野会　理事長　清水　安全,曺　光男,一般　療養　内　外　消化器外科　整外　小　小外　脳外　ひ　耳い　リハ　皮ひ　腎臓内科,168,平13. 3. 1,kyushu/000491321.zip
病院,43,0310547,人吉こころのホスピタル,人吉市下城本町１５０１,0966-22-4051,医療法人精翠会　理事長　吉田　敏知,村上　良慈,精神　精　神,187,昭32. 10. 1,kyushu/000491321.zip
病院,43,0310554,愛生記念病院,人吉市南泉田町８９,0966-22-6878,医療法人　愛生会　理事長　外山　博之,外山　貴之,一般　一般　内　消　呼　循　放　リハ,71,平15. 3. 24,kyushu/000491321.zip
診療所,43,0310612,岡医院,人吉市南町１９,0966-22-3371,岡　啓嗣郎,岡　啓嗣郎,一般　内　小,,昭49. 1. 1,kyushu/000491321.zip
診療所,43,0310802,あいこう皮ふ科クリニック,人吉市駒井田町１９５１,0966-22-8469,医療法人　愛　理事長　愛甲　碧,愛甲　文野,療養　内　皮　アレ　リハ,,平13. 6. 20,kyushu/000491321.zip
診療所,43,0310810,ひとよし内科,人吉市七地町２８番地１,0966-24-1211,医療法人社団健成会　理事長　立津　梨恵,立津　梨恵,一般　内　呼　胃　循　リハ　放,,平24. 3. 21,kyushu/000491321.zip
診療所,43,0310844,たけだ眼科クリニック,人吉市南泉田町３９,0966-23-3096,医療法人　聖泉会　理事長　竹田　憲司,竹田　憲司,一般　眼,,平14. 9. 17,kyushu/000491321.zip
診療所,43,0310869,掛井眼科医院,人吉市駒井田町１８９,0966-22-3383,執行　智子,執行　智子,眼,,平2. 1. 18,kyushu/000491321.zip
診療所,43,0310877,平井整形外科リハビリテーションクリニック,人吉市下城本町１４２２－１,0966-24-8213,医療法人平井整形外科リハビリテーションクリニック　理事長　平井　健,平井　奉博,一般　整外　リハ　リウ　内　麻,,平2. 2. 1,kyushu/000491321.zip
診療所,43,0310885,豊永耳鼻咽喉科医院,人吉市南泉田町１２０,0966-22-2031,医療法人豊泉会　理事長　友永　和宏,友永　和宏,一般　耳鼻咽喉科　小児耳鼻咽喉科　気食,,平2. 3. 1,kyushu/000491321.zip
病院,43,0310927,医療法人敬生会　外山胃腸病院,人吉市南泉田町１,0966-22-3221,医療法人敬生会　理事長　岐部　明廣,岐部　明廣,一般　療養　内　胃　外　整外　こう　リハ　形外,,平2. 10. 1,kyushu/000491321.zip
診療所,43,0311065,有島耳鼻咽喉科医院,人吉市西間上町園田２３８７－１,0966-24-2200,医療法人社団有島会　理事長　有島　誠一,有島　誠一,耳い　気食,,平7. 6. 1,kyushu/000491321.zip
診療所,43,0311073,医療法人みなみ眼科,人吉市下城本町１３９４－１,0966-22-6820,医療法人みなみ眼科　理事長　南　宣慶,南　宣慶,一般　眼,,平7. 6. 1,kyushu/000491321.zip
診療所,43,0311081,伊津野医院,人吉市鶴田町９－２,0966-22-3066,伊津野　清徳,伊津野　清徳,一般　内　消化器内科　胃腸内科,,平7. 6. 10,kyushu/000491321.zip
診療所,43,0311099,人吉皮膚科医院,人吉市西間上町２３８６－８,0966-22-6211,医療法人社団清峰会　理事長　山田　雅信,山田　雅信,皮　アレ,,平7. 9. 1,kyushu/000491321.zip
診療所,43,0311107,ふかみ耳鼻咽喉科,人吉市宝来町１６－１０,0966-24-1126,医療法人社団浩榮會　理事長　深水　浩三,深水　浩三,耳い　気食　アレ,,平7. 12. 1,kyushu/000491321.zip
診療所,43,0311115,浜田医院,人吉市瓦屋町１１２１－６,0966-22-3415,医療法人社団新晃会　理事長　濵田　朋久,濱田　朋久,一般　内　小　心内,,平9. 4. 1,kyushu/000491321.zip
診療所,43,0311149,たかはし小児科内科医院,人吉市相良町８－１,0966-24-2222,高橋　耕一,高橋　耕一,小　内,,平10. 11. 16,kyushu/000491321.zip
診療所,43,0311156,あいだ診療所,人吉市下漆田町字後平１５３８－４,0966-25-1651,医療法人社団新晃会　理事長　濱田　朋久,小澤　幹,内,,平10. 12. 1,kyushu/000491321.zip
診療所,43,0311164,しらおく内科クリニック,人吉市中青井町字萩原２９５－８,0966-25-1550,白奥　博文,白奥　博文,内　胃,,平11. 2. 1,kyushu/000491321.zip
病院,43,0311172,堤病院,人吉市下林町２３２,0966-22-0200,医療法人回生会　理事長　堤　悦朗,岩下　裕一,療養　内　リハ　他,,平12. 5. 25,kyushu/000491321.zip
診療所,43,0311180,堤病院附属九日町診療所,人吉市九日町１００,0966-22-2251,医療法人回生会　理事長　堤　悦朗,堤　脩,内　小　放　循　リハ,,平12. 6. 1,kyushu/000491321.zip
診療所,43,0311198,みのだ内科循環器科,人吉市西間上町２５６９ー２,0966-28-3111,蓑田　耕太郎,蓑田　耕太郎,内　循,,平12. 11. 1,kyushu/000491321.zip
診療所,43,0311206,吉村皮ふ科医院,人吉市鬼木町７４５ー１,0966-22-7555,医療法人社団　吉村会　理事長　吉村　浩二,吉村　浩二,形外　皮　アレ,,平13. 1. 1,kyushu/000491321.zip
診療所,43,0311214,仁誠会クリニック人吉,人吉市西間上町２５６３ー７,0966-24-5611,医療法人社団仁誠会　理事長　田尻　哲也,田尻　哲也,一般　人工透析内科　ひ,,平13. 4. 1,kyushu/000491321.zip
診療所,43,0311248,増田クリニック小児科,人吉市五日町４４,,医療法人　増田クリニック　理事長　増田隆二,増田　隆二,一般　一般　小　内,,平15. 1. 1,kyushu/000491321.zip
診療所,43,0311255,外山内科,人吉市二日町２２,0966-22-2003,医療法人　愛生会　理事長　外山　博之,外山　博之,内　呼内　消　循　放　小　リハ　他,,平15. 4. 1,kyushu/000491321.zip
診療所,43,0311289,願成寺ごんどう医院,人吉市願成寺町４４１－２,0966-22-4700,権頭　修,権頭　修,内　小,,平16. 7. 1,kyushu/000491321.zip
診療所,43,0311297,小林脳神経外科,人吉市宝来町１２８５－５,0966-24-8331,医療法人　暁清会　理事長　小林　清市,小林　清市,脳外　神内　内　循,,平17. 3. 1,kyushu/000491321.zip
診療所,43,0311305,田中医院,人吉市瓦屋町１４４０－１,0966-24-6127,田中　洋一,田中　洋一,内,,平18. 4. 15,kyushu/000491321.zip
診療所,43,0311321,とやまクリニック胃腸科肛門科,人吉市宝来町１２－９,0966-28-3375,医療法人社団　とやまクリニック　理事長　今給黎　宗,今給黎　宗,一般　胃　こう　内　外,,平19. 5. 1,kyushu/000491321.zip
診療所,43,0311339,光永医院,人吉市瓦屋町１８６０－７,0966-22-2366,医療法人　光永医院　理事長　光永　憲央,光永　憲央,一般　内　呼　消,,平22. 6. 1,kyushu/000491321.zip
病院,43,0311347,人吉リハビリテーション病院,人吉市下新町３５９番地,0966-24-6111,医療法人社団　同心会　理事長　山田貴子,櫻井　健一,療養　内　消化器内科　呼内　循　リハ　放　血液内科　脳内,,平24. 5. 1,kyushu/000491321.zip
診療所,43,0311362,三浦整形外科医院,人吉市七日町９０,0966-22-3401,三浦　広典,三浦　広典,整外　リウ　リハ,,平27. 3. 20,kyushu/000491321.zip
診療所,43,0311370,河野産婦人科医院,人吉市上薩摩瀬町１４０８番１,0966-24-3838,医療法人つばめ　理事長　河野　國武,河野　國武,一般　産婦,,平29. 10. 1,kyushu/000491321.zip
診療所,43,0311404,愛甲産婦人科医院,人吉市蟹作町１１０８番地８,0966-22-4020,医療法人和　理事長　愛甲　啓,愛甲　啓,一般　産婦,,令6. 2. 1,kyushu/000491321.zip
診療所,43,0311420,ひとよし　西村醫院,人吉市東間上町２８１１番地１,0966-32-8290,医療法人　有会　理事長　西村　卓祐,西村　卓祐,内　外　消化器内科　乳腺外科　麻,,令8. 2. 16,kyushu/000491321.zip
診療所,43,0410636,くるみクリニック,荒尾市荒尾８１３の１,0968-62-1273,医療法人くるみ会　理事長　塚本　千佳,塚本　千佳,内　外　疼痛緩和内科　がん内科　消化器内科,,昭41. 7. 1,kyushu/000491321.zip
病院,43,0410644,医療法人有働会　有働病院,荒尾市万田４７５の１,0968-62-1138,医療法人有働会　理事長　有働　雄一郎,緒方　明,精神　精　心内　児童精神科　老年精神科　神,268,昭2. 10. 1,kyushu/000491321.zip
病院,43,0410651,新生翠病院,荒尾市増永２６２０,0968-62-0525,医療法人杏林会　理事長　鴻江　勇和,鴻江　勇和,療養　一般　内　呼内　リハ　放　消化器内科　循環器内科　脳内,,昭32. 10. 1,kyushu/000491321.zip
病院,43,0410693,荒尾こころの郷病院,荒尾市荒尾１９９２,0968-62-0657,医療法人洗心会　理事長　熊本　孝司,石川　智久,精神　精　老年精神科　内　歯,272,昭43. 6. 1,kyushu/000491321.zip
病院,43,0410859,荒尾中央病院,荒尾市増永１５４４ー１,0968-64-1333,医療法人洗心会　理事長　熊本　孝司,松山　公士,療養　内　精　神内　消　循　リハ　放　皮　他,240,昭57. 4. 16,kyushu/000491321.zip
診療所,43,0410933,関整形外科,荒尾市荒尾１７２,0968-64-0237,医療法人社団昭和会　理事長　関　昭夫,関　昭夫,一般　療養　整外　形外　内　リハ,,昭63. 6. 1,kyushu/000491321.zip
診療所,43,0411014,荒尾クリニック,荒尾市荒尾６００－３,0968-63-1166,医療法人社団荒尾クリニック　理事長　山田　邦夫,山田　邦夫,一般　療養　内　胃　循　呼　リハ　放　麻　消　心内　アレ　リウ　他,,平2. 9. 1,kyushu/000491321.zip
診療所,43,0411022,藤枝医院,荒尾市蔵満１８８４－１,0968-68-3232,医療法人平成会　理事長　藤枝　敏雄,藤枝　敏雄,一般　内　糖尿病・代謝内科　呼吸器内科　循環器内科　消化器内科　胃腸内科　リハ,,平2. 9. 1,kyushu/000491321.zip
診療所,43,0411030,南整形外科医院,荒尾市荒尾４５４４－２５,0968-64-2302,医療法人九萬会　理事長　南　九萬,南　九萬,一般　整外　リウ　リハ　形外,,平3. 3. 1,kyushu/000491321.zip
診療所,43,0411055,石塚眼科医院,荒尾市荒尾上西田７８９－１５,0968-64-2780,石塚　千聡,石塚　千聡,眼,,平3. 9. 17,kyushu/000491321.zip
診療所,43,0411071,伊藤医院,荒尾市四ツ山町３丁目５－２,0968-62-0405,医療法人藤杏会　理事長　伊藤　隆康,伊藤　隆康,一般　療養　内　胃　小　外　皮　こう　放　リハ,,平6. 3. 1,kyushu/000491321.zip
診療所,43,0411089,本里内科,荒尾市宮内７２４－１,0968-64-0556,医療法人本里内科　理事長　本里　雄一,本里　雄一,内　小　呼　胃　循,,平6. 3. 1,kyushu/000491321.zip
診療所,43,0411113,荒尾駅前クリニック,荒尾市大正町１－２－３　高森ビル４Ｆ,0968-64-1895,医療法人社団藤ノ瀬会　理事長　藤瀬隆司,藤瀬　隆司,内　呼　消　循,,平7. 3. 1,kyushu/000491321.zip
診療所,43,0411170,牛島内科・消化器内科クリニック,荒尾市一部９０４－１,0968-64-2361,医療法人社団牛島会　理事長　牛島　知之,牛島　知之,内　消,,平9. 12. 1,kyushu/000491321.zip
診療所,43,0411196,ふれあいクリニック,荒尾市川登１７６１－２４,0968-68-6565,医療法人社団　荒尾クリニック　理事長　山田　邦夫,江口　裕之,療養　一般　内　循環器内科　消化器内科　リハ,,平10. 10. 1,kyushu/000491321.zip
診療所,43,0411204,田宮医院,荒尾市大島町３丁目４－４４,0968-62-0017,医療法人社団芳正会　理事長　田宮　一郎,田宮　一郎,内　小　消,,平10. 11. 1,kyushu/000491321.zip
診療所,43,0411261,緑ケ丘クリニック,荒尾市緑ケ丘２ー４ー３,0968-64-8007,医療法人　玉和会　理事長　阪口　岳,實吉　拓,腎臓内科　人工透析内科,,平13. 3. 1,kyushu/000491321.zip
診療所,43,0411279,あだち内科胃腸科クリニック,荒尾市本井手１５５８ー９５,0968-65-8500,足達　照之,足達　照之,内　胃,,平13. 5. 16,kyushu/000491321.zip
診療所,43,0411311,こどもクリニック友枝,荒尾市荒尾４１６０－２５６,0968-65-8181,医療法人童夢会　理事長　友枝　新一,友枝　新一,小　漢方小児科・心療小児科,,平14. 2. 1,kyushu/000491321.zip
診療所,43,0411329,産科婦人科まつおレディースクリニック,荒尾市荒尾４１６０－２５７,0968-66-3110,医療法人　州裕会　理事長　松尾　州裕,松尾　州裕,一般　産　婦,,平14. 6. 1,kyushu/000491321.zip
診療所,43,0411352,高橋医院,荒尾市野原１１５－１,0968-68-0035,医療法人　まつもと　理事長　松本　桂子,松本　桂子,内,,平15. 1. 1,kyushu/000491321.zip
診療所,43,0411378,江崎耳鼻咽喉科クリニック,荒尾市荒尾２０１８－１,0968-62-5533,医療法人　泰光会　理事長　江崎秀夫,江崎　秀夫,耳い　アレ,,平16. 1. 1,kyushu/000491321.zip
診療所,43,0411386,田宮泌尿器科クリニック,荒尾市荒尾字上川後田４１６０－２７１,0968-65-8330,医療法人恵真会　理事長　田宮　三郎,田宮　三郎,ひ,,平16. 4. 1,kyushu/000491321.zip
診療所,43,0411410,山田クリニック,荒尾市東屋形２－１４－９,0968-62-7722,医療法人　山田クリニック　理事長　山田　孝吉,山田　孝吉,一般　内　呼　消　胃　循　アレ　リウ　こう　放　リハ　糖尿病・代謝内科,,平17. 9. 1,kyushu/000491321.zip
診療所,43,0411428,西整形外科医院,荒尾市蔵満１８５９－１,0968-68-2511,医療法人　宏徳会　理事長　西　芳徳,西　芳徳,一般　整外　リハ　リウ,,平18. 1. 1,kyushu/000491321.zip
診療所,43,0411444,さかた耳鼻咽喉科クリニック,荒尾市緑ケ丘２－４－１,0968-69-3310,医療法人　志崇会　理事長　坂田　一成,坂田　一成,耳い,,平18. 6. 1,kyushu/000491321.zip
診療所,43,0411451,佐藤眼科・内科,荒尾市荒尾４１６０－２７０,0968-65-5900,医療法人　樹尚会　理事長　佐藤　巌一,佐藤　巌一,眼　内,,平18. 9. 1,kyushu/000491321.zip
診療所,43,0411469,荒尾脳神経外科医院,荒尾市川登１９２１,0968-65-6030,医療法人博美会　理事長　大久保　勝美,大久保　勝美,一般　脳外　リハ　内　神内　糖尿病・代謝内科,,平19. 2. 1,kyushu/000491321.zip
診療所,43,0411493,いしかわ産婦人科,荒尾市野原２５９－１,0968-68-5511,医療法人　賢勝会　理事長　石川　勝康,石川　勝康,一般　一般　産婦,9,平19. 9. 1,kyushu/000491321.zip
診療所,43,0411519,みどり皮ふ科クリニック,荒尾市荒尾４１６０番２７３,0968-65-5611,幸丸　正広,幸丸　正広,皮,,平20. 11. 1,kyushu/000491321.zip
診療所,43,0411550,吉田整形外科クリニック,荒尾市牛水６７０番地６,0968-62-6200,医療法人　吉水会　理事長　吉田　豪,吉田　豪,整外　内　リウ　リハ,,平23. 1. 1,kyushu/000491321.zip
診療所,43,0411568,くどう小児科クリニック,荒尾市東屋形４丁目２－１,0968-64-5511,医療法人　よつば会　理事長　工藤　弘志,工藤　弘志,小　アレ,,平25. 1. 1,kyushu/000491321.zip
診療所,43,0411576,西原クリニック,荒尾市西原町１丁目４番２４号,0968-62-0622,医療法人成風舎　理事長　中村　光成,中村　光成,一般　内　外　緩和ケア内科　緩和ケア外科　放　リハ,,平25. 5. 1,kyushu/000491321.zip
診療所,43,0411584,ふじさわクリニック,荒尾市四ッ山町三丁目６番３号,0968-64-2238,医療法人　栄和会　理事長　藤澤　和久,藤澤　和久,内　脳外　放,,平25. 9. 1,kyushu/000491321.zip
診療所,43,0411592,西良文医院,荒尾市川登２０５０番地８,0968-66-2321,医療法人　潮悠会　理事長　西　賢明,西　賢明,一般　内　消化器内科　麻　放,,平26. 1. 1,kyushu/000491321.zip
診療所,43,0411600,ひらやま医院,荒尾市増永２７３７－３,0968-62-0665,医療法人　ひらやま医院　理事長　平山　貴紳,平山　貴紳,内　放,,平27. 1. 1,kyushu/000491321.zip
診療所,43,0411618,四ツ山クリニック,荒尾市四ツ山町３－１－４,0968-62-0407,医療法人　藤杏会　理事長　伊藤隆康,山﨑　徹,外　内,,平27. 8. 1,kyushu/000491321.zip
診療所,43,0411626,山村皮膚科医院,荒尾市大島字角田１０１－６,0968-62-3515,医療法人社団山杏会　理事長　山村　文衛,山村　文衛,皮　形外,,令5. 8. 16,kyushu/000491321.zip
診療所,43,0411642,上杉整形外科,荒尾市荒尾７８９－４,0968-62-0885,医療法人社団　勇俊会　理事長　上杉　勇貴,上杉　勇貴,整外　リハ　リウ,,平30. 4. 1,kyushu/000491321.zip
診療所,43,0411667,ハビリス白千鳥クリニック,荒尾市蔵満１８５８番地１,0968-57-7209,医療法人鴻恩会　理事長　西　和宏,山﨑　裕子,一般　一般　リウマチ内科　脳内　リハ,18,令5. 9. 1,kyushu/000491321.zip
診療所,43,0411675,松山医院,荒尾市原万田４６２,0968-62-0418,医療法人松山会　理事長　松山　翔,松山　翔,一般　療養　内　循　小　放　外,,令7. 4. 1,kyushu/000491321.zip
病院,43,0510443,医療法人岡部病院,水俣市桜井町３の３の３,0966-63-3311,医療法人　岡部病院　理事長　岡部　明宏,岡部　明宏,一般　療養　外　整外　消化器外科　内　皮　ひ　肛門外科,,昭59. 5. 31,kyushu/000491321.zip
病院,43,0510542,海のみえるココロの病院,水俣市袋７０５－１４,0966-63-5196,医療法人正仁会みずほ病院　理事長　愛甲　碧,津留　哲也,精神　精　心内　神　内,180,昭40. 4. 1,kyushu/000491321.zip
病院,43,0510559,医療法人旭会水俣病院,水俣市浜４０５１,0966-63-3148,医療法人旭会　理事長　浮池　正春,浮池　正春,精神　精,200,昭43. 5. 1,kyushu/000491321.zip
病院,43,0510625,水俣協立病院,水俣市桜井町２－２－１２,0966-63-1704,社会医療法人芳和会　理事長　積　豪英,重岡　伸一,一般　内　呼内　循環器内科　神内　精　リハ　放,,昭53. 3. 1,kyushu/000491321.zip
病院,43,0510724,白梅病院,水俣市浜４０８９－１,0966-63-7575,医療法人啓愛会　理事長　眞鍋哲郎,眞鍋　哲郎,療養　内　リハ,,昭60. 2. 1,kyushu/000491321.zip
診療所,43,0510732,山田クリニック,水俣市旭町２－２－５,0966-63-5188,医療法人善哉会　理事長　池田晃章,池田　晃章,一般　療養　内　小　心内　呼　消　神内　循　リハ,,平元. 12. 1,kyushu/000491321.zip
診療所,43,0510773,深水医院,水俣市大園町１－４－５,0966-63-6390,医療法人深水医院　理事長　深水　良,深水　良,一般　内　消　循　小　外　麻,,平3. 9. 1,kyushu/000491321.zip
診療所,43,0510823,緒方眼科医院,水俣市栄町２ー１ー１６,0966-63-3881,医療法人仁治会　理事長　緒方　真治,緒方　真治,一般　眼,,平13. 5. 1,kyushu/000491321.zip
診療所,43,0510914,医療法人　寺崎会　てらさきクリニック,水俣市浜町１－２－３０,0966-63-1200,医療法人　寺崎会　理事長　寺崎　博,寺崎　博,一般　ひ,,平10. 4. 1,kyushu/000491321.zip
診療所,43,0510948,市川内科クリニック,水俣市南福寺３－１,0966-62-0707,医療法人社団　秀洋会　理事長　市川　洋一郎,市川　洋一郎,内　神内　呼内　消化器内科　小,,平11. 11. 1,kyushu/000491321.zip
診療所,43,0510963,尾田胃腸科,水俣市平町１ー１ー１,0966-63-3438,医療法人社団　学賢　理事長　尾田　仁,尾田　仁,一般　内　消　外　こう　循　麻,,平12. 11. 1,kyushu/000491321.zip
診療所,43,0510997,たなか耳鼻科・眼科クリニック,水俣市桜井町２丁目１－８,0966-62-8777,医療法人社団　継成会　理事長　田中　文顕,田中　文顕,耳い　アレ　眼,,平14. 4. 16,kyushu/000491321.zip
診療所,43,0511003,渕上クリニック,水俣市塩浜町２－４７,0966-63-6552,医療法人すえひろ会　理事長　渕上　徹郎,渕上　徹郎,整外　内　消化器内科　リウ　リハ,,平14. 5. 1,kyushu/000491321.zip
診療所,43,0511011,大石皮ふ科クリニック,水俣市天神町２－１－８,0966-68-9636,大石　空,大石　空,皮　アレ　形外,,平14. 10. 1,kyushu/000491321.zip
診療所,43,0511045,天神耳鼻咽喉科,水俣市天神町１－４－１０,0966-62-8733,幡手　宏匡,幡手　宏匡,耳い　アレ,,平17. 12. 1,kyushu/000491321.zip
診療所,43,0511052,佐藤クリニック,水俣市桜井町１－２－８,0966-69-3007,佐藤　宏,佐藤　宏,内　神内　心内,,平18. 4. 1,kyushu/000491321.zip
診療所,43,0511060,ＪＮＣ株式会社水俣製造所診療所,水俣市野口町１番１号,0966-63-2110,ＪＮＣ株式会社　代表取締役　浅野　進,坂本　不出夫,内,,平23. 4. 5,kyushu/000491321.zip
診療所,43,0511078,本田レディースクリニック,水俣市浜町３丁目６番２１号,0966-63-2019,医療法人　ブレス　理事長　本田　賀裕,本田　賀裕,一般　産婦,,平23. 7. 1,kyushu/000491321.zip
診療所,43,0511086,まなべクリニック,水俣市古賀町２－５－３６,0966-84-9080,医療法人　啓愛会　理事長　眞鍋　哲郎,眞鍋　一孝,内　ひ,,平26. 9. 1,kyushu/000491321.zip
診療所,43,0511094,水俣協立クリニック,水俣市桜井町２－２－１２,0966-63-6835,社会医療法人芳和会　理事長　積　豪英,高岡　滋,精　神内　内　リハ　心内,,令8. 3. 31,kyushu/000491321.zip
病院,43,1110573,医療法人　再生会　くまもと心療病院,宇土市松山町１９０１,0964-22-1081,医療法人再生会　理事長　荒木邦生,荒木　邦生,精神　精　神,272,昭36. 8. 1,kyushu/000491321.zip
診療所,43,1110730,かなもり地域ケアクリニック,宇土市築籠町１３９番４,0964-22-0017,医療法人社団金森会　理事長　金森　正周,齋田　和孝,一般　外　内　消化器内科　循環器内科　糖尿病・代謝内科　リハ,,令6. 6. 1,kyushu/000491321.zip
診療所,43,1110763,尾崎医院,宇土市本町１－８,0964-22-0241,医療法人社団尾崎医院　理事長　柏原　真理,柏原　真理,一般　内　呼　消　循　麻,,平元. 3. 1,kyushu/000491321.zip
診療所,43,1110771,もろが整形外科医院,宇土市旭町字前田１４４－１,0964-23-2341,医療法人社団もろが整形外科医院　理事長　諸家　正直,諸家　正直,整外　リハ　リウ,,平元. 4. 1,kyushu/000491321.zip
診療所,43,1110797,宇土中央クリニック,宇土市浦田町１３６－１,0964-22-1600,医療法人社団　三村・久木山会　理事長　久木山　厚子,久木山　厚子,一般　内　循　他,,平3. 7. 31,kyushu/000491321.zip
診療所,43,1110821,田山産科婦人科医院,宇土市入地町入地１６１－２,0964-22-5522,医療法人社団田山会　理事長　田山　親行,田山　親行,一般　産　婦,,平7. 3. 1,kyushu/000491321.zip
診療所,43,1110847,近藤クリニック,宇土市松山町４４００－２,0964-23-5558,近藤　浩幸,近藤　浩幸,内　胃　外　こう　気食　リハ　放　麻,,平7. 5. 16,kyushu/000491321.zip
診療所,43,1110854,みどりかわクリニック,宇土市野鶴町３４０－１番地,0964-22-1171,医療法人社団　小田会　理事長　小田哲也,小田　哲也,一般　内　小,,平23. 6. 1,kyushu/000491321.zip
診療所,43,1110862,皮ふ科耳鼻咽喉科　草場医院,宇土市松原町３５ー８,0964-23-5851,医療法人社団　草場会　理事長　草場辰哉,草場　辰哉,皮　耳い,,平8. 6. 1,kyushu/000491321.zip
診療所,43,1110888,むらかみ眼科クリニック,宇土市南段原町１１－６,0964-22-6600,医療法人湘悠会　理事長　村上　茂樹,村上　茂樹,眼　形外,,平10. 3. 1,kyushu/000491321.zip
診療所,43,1110896,福田医院,宇土市本町３丁目６４,0964-22-0002,福田　道広,福田　道広,一般　内　小,,平11. 3. 27,kyushu/000491321.zip
診療所,43,1110920,七川医院,宇土市浦田町１４０,0964-22-0555,七川　幸士郎,七川　幸士郎,内　外　胃,,平11. 9. 1,kyushu/000491321.zip
診療所,43,1110953,やまもと泌尿器科クリニック,宇土市南段原町７９－４,0964-58-1411,医療法人社団　やまもと泌尿器科クリニック　理事長　山本　敏廣,山本　敏廣,一般　一般　ひ　性,,平14. 12. 1,kyushu/000491321.zip
診療所,43,1110961,松田内科循環器科クリニック,宇土市三拾町１４４－２,0964-23-6555,松田　洋実,松田　洋実,内　循,,平15. 9. 1,kyushu/000491321.zip
診療所,43,1110987,吉野整形外科,宇土市高柳町２０６－６,0964-22-6000,医療法人社団　吉野会　理事長　吉野和孝,吉野　和孝,内　整外　リハ　心内　リウ,,平18. 6. 1,kyushu/000491321.zip
診療所,43,1111001,幡手耳鼻咽喉科クリニック,宇土市南段原町２６番１,0964-24-1187,幡手　厳諭,幡手　厳諭,耳い,,平20. 5. 1,kyushu/000491321.zip
診療所,43,1111019,高浜眼科医院,宇土市城之浦町６５,0964-22-0108,髙濱　由利子,髙濱　由利子,眼,,平23. 4. 1,kyushu/000491321.zip
診療所,43,1111027,上野小児科医院,宇土市城之浦町１９６,0964-22-0324,上野　晃,上野　晃,小,,平27. 1. 1,kyushu/000491321.zip
診療所,43,1111035,本多医院,宇土市浦田町３１３番地,0964-22-3692,医療法人まるほん　理事長　本多　靖洋,本多　靖洋,内　リウ　ひ　呼,,令元. 5. 1,kyushu/000491321.zip
診療所,43,1210027,中村医院,上天草市大矢野町上３９１－１,0964-56-0003,医療法人仁寿会　理事長　江頭　翔,江頭　翔,内　呼　循　消　皮　形外,,昭34. 4. 1,kyushu/000491321.zip
診療所,43,1210050,島田小児科医院,上天草市大矢野町登立１９１,0964-56-0005,医療法人社団松丸会　理事長　島田　康,島田　康,一般　内　小,,平2. 4. 1,kyushu/000491321.zip
診療所,43,1210084,毛利医院,上天草市大矢野町登立９１４５－４,0964-56-2111,医療法人社団明公会　理事長　毛利　公一郎,毛利　公一郎,一般　療養　内,,平5. 6. 1,kyushu/000491321.zip
診療所,43,1210092,吉田クリニック,上天草市大矢野町中８３０８ー１,0964-57-0246,吉田　理,吉田　理,内　胃　循　呼　神内　放,,平5. 8. 1,kyushu/000491321.zip
診療所,43,1210118,宮﨑外科胃腸科医院,上天草市大矢野町上１５１９,0964-56-0600,医療法人　宮崎会　理事長　宮﨑　正史,宮崎　正史,一般　療養　外　胃　リハ,,平12. 2. 1,kyushu/000491321.zip
診療所,43,1210126,大矢野クリニック,上天草市大矢野町上２３５３ー２,0964-59-2223,医療法人社団永寿会　理事長　永野淳二,宇野　博子,内　ひ,,平13. 5. 1,kyushu/000491321.zip
診療所,43,1210134,福本眼科,上天草市大矢野町上１２８３ー３,0964-56-0508,医療法人社団輝隆会　理事長　福本　勝也,福本　勝也,一般　眼,,平13. 7. 1,kyushu/000491321.zip
診療所,43,1210167,やまうち医院,上天草市松島町阿村５０７２－１２,0969-56-0899,医療法人社団　愛天会　理事長　山内　穣滋,山内　穣滋,一般　内　リハ　小　アレ,,平12. 1. 1,kyushu/000491321.zip
診療所,43,1210175,春田医院,上天草市松島町阿村８０８－６,0969-56-0052,医療法人社団　春田会　理事長　春田　淳,春田　淳,一般　外　内　小　整外　胃　循　リハ,,平12. 6. 1,kyushu/000491321.zip
診療所,43,1210183,村上医院,上天草市姫戸町姫浦２５２８－６,0969-58-3102,医療法人村上会　理事長　村上　眞人,村上眞人,一般　内　リハ,,平9. 8. 1,kyushu/000491321.zip
診療所,43,1210191,竹中医院,上天草市姫戸町二間戸２２７９－２,0969-58-2148,竹中　國昭,竹中　國昭,内　消,,平12. 1. 1,kyushu/000491321.zip
診療所,43,1210209,姫戸医院,上天草市姫戸町姫浦２５４４－６,0969-58-3583,医療法人社団　翔洋会　理事長　竹中　研治,竹中　研治,内　循,,平12. 4. 1,kyushu/000491321.zip
診療所,43,1210241,上天草内科呼吸器科クリニック,上天草市大矢野町登立９６１６番地８,0964-56-3100,医療法人　春優会　理事長　長　勇,長　勇,内　呼,,平28. 3. 1,kyushu/000491321.zip
診療所,43,1210258,上天草整形外科専門クリニック,上天草市大矢野町中字宮島１３１４番地１,0964-42-5300,医療法人龍神堂会　理事長　谷内　幹弘,谷内　幹弘,整外　リウ　リハ　内　外　小　放,,令6. 7. 1,kyushu/000491321.zip
病院,43,1310017,山鹿中央病院,山鹿市山鹿１０００,0968-43-6611,医療法人　春水会　理事長　原　暁生,原　暁生,一般　療養　内科　糖尿病内科　腎臓内科　血液内科　呼内　循環器内科　消化器内科　脳内　心内　皮　形外　リウ　アレ　放　リハ　脳神経外科　ひ　整外　内視鏡内科　内視鏡外科,,平11. 5. 1,kyushu/000491321.zip
病院,43,1310025,山鹿回生病院,山鹿市古閑１５００ー１,0968-44-2211,医療法人回生会　理事長　水足　秀一郎,植村　芳樹,精神　精　神　内　心内,235,平13. 8. 23,kyushu/000491321.zip
病院,43,1310041,保利病院,山鹿市古閑９８４,0968-43-1212,医療法人至誠会　理事長　保利　哲也,保利　哲也,一般　療養　内　消　胃　循　外　整外　形外　脳外　こう　放　リハ,,平19. 4. 1,kyushu/000491321.zip
診療所,43,1310066,星田内科医院,山鹿市熊入町１２３－３,0968-43-7100,星田　正勝,星田　正勝,内　呼　消　循　皮,,昭52. 4. 1,kyushu/000491321.zip
診療所,43,1310090,徳永内科小児科クリニック,山鹿市山鹿１４７８－２,0968-44-3111,医療法人山鹿慈恵会　理事長　徳永　雅實,德永　泰行,一般　療養　内　呼　消　循　小　皮,,昭63. 5. 1,kyushu/000491321.zip
診療所,43,1310132,大坂整形外科医院,山鹿市熊入町字戌亥原３１５,0968-43-2316,医療法人社団征栄会　理事長　大坂　征一,大坂　征一,一般　整外　リハ　リウ,,平元. 9. 1,kyushu/000491321.zip
診療所,43,1310140,後藤整形外科医院,山鹿市大字山鹿１３２６－１,0968-44-3245,医療法人社団清風会　理事長　後藤　正隆,後藤　正隆,一般　整外　リハ,,平2. 1. 1,kyushu/000491321.zip
診療所,43,1310157,うちだ内科・心臓リハビリクリニック,山鹿市大字山鹿３４３,0968-44-5800,医療法人社団博英会　理事長　内田　英雄,中山　智子,一般　内　循環器内科　心臓リハビリテーション科,,平2. 3. 1,kyushu/000491321.zip
診療所,43,1310165,東内科小児科医院,山鹿市方保田３１４５－６,0968-44-3444,医療法人社団　東昭会　理事長　東　沙羅,東　沙羅,内　小　胃　皮,,平18. 11. 1,kyushu/000491321.zip
病院,43,1310181,山鹿温泉リハビリテーション病院,山鹿市新町１２０４,0968-43-4151,医療法人社団木星会　理事長　田代　桂一,田代　桂一,療養　内　放　リハ　神内　他,101,平2. 11. 1,kyushu/000491321.zip
診療所,43,1310199,前原耳鼻咽喉科医院,山鹿市昭和町６０５,0968-44-2019,医療法人　祐恵会　前原耳鼻咽喉科医院　理事長　前原　龍彦,前原　龍彦,耳い,,平3. 8. 1,kyushu/000491321.zip
診療所,43,1310215,上塚外科胃腸科医院,山鹿市山鹿１０７２－１,0968-43-6655,医療法人社団恕心会　理事長　上塚　高弘,上塚　高弘,一般　外　胃　こう　内,,平8. 12. 1,kyushu/000491321.zip
診療所,43,1310223,坂本医院,山鹿市平山５４４２番地１,0968-44-2763,医療法人社団　坂本会　理事長　橋本　尚子,橋本　尚子,内　小,,平24. 8. 13,kyushu/000491321.zip
診療所,43,1310231,さがわ医院,山鹿市大字山鹿１４０８－４,0968-44-2540,佐川　博文,佐川　博文,胃　こう　内　外　リハ,,平11. 1. 4,kyushu/000491321.zip
診療所,43,1310249,大坪内科呼吸器科医院,山鹿市昭和町４０８,0968-44-7722,医療法人社団信栄会　理事長　大坪　重信,大坪　重信,一般　内　呼　消　循,,平11. 4. 1,kyushu/000491321.zip
診療所,43,1310264,松永整形外科リウマチ科,山鹿市方保田３１４２,0968-42-1611,医療法人松永会　理事長　松永　保英,松永　保英,整外　リウ　リハ　内　外,,平13. 12. 1,kyushu/000491321.zip
病院,43,1310298,三森循環器科・呼吸器科病院,山鹿市大橋通１２０４,0968-42-1234,医療法人社団　三森会　理事長　三森　史朗,三森　史朗,一般　一般　循　呼　糖尿病・代謝・内分泌内科　内　消　リハ　アレ,58,平15. 4. 1,kyushu/000491321.zip
診療所,43,1310314,小林医院,山鹿市鹿北町四丁１７０５,0968-32-3893,医療法人社団小林会　理事長　小林　隆昭,小林　隆昭,内　整外　麻,,平9. 7. 1,kyushu/000491321.zip
診療所,43,1310355,きくか松岡クリニック,山鹿市菊鹿町宮原８６－４,0968-48-2055,松岡　三正,松岡　三正,外　消　内　小　皮　ひ,,平12. 4. 5,kyushu/000491321.zip
診療所,43,1310363,平井藤岡医院,山鹿市鹿本町来民４９５－１,0968-46-2146,医療法人慈愛会　理事長　藤岡　節代,藤岡　節代,一般　内　循　小　呼内　他,,平2. 3. 1,kyushu/000491321.zip
診療所,43,1310371,冨田クリニック,山鹿市鹿本町津袋４４３,09684-6-2121,医療法人社団冨田会　理事長　冨田　憲朗,冨田　憲朗,内　胃　外　整外　こう　リハ,,平5. 1. 1,kyushu/000491321.zip
診療所,43,1310389,桑木内科,山鹿市鹿本町御宇田６５０,0968-46-2063,桑木　敏光,桑木　敏光,内　小,,平6. 2. 1,kyushu/000491321.zip
診療所,43,1310405,中川医院,山鹿市鹿本町御宇田４４６,0968-46-3106,医療法人社団　清松会　理事長　中川　隆一,中川　隆一,内　皮　消　小　循　呼　整外,,平11. 6. 1,kyushu/000491321.zip
診療所,43,1310421,武内医院,山鹿市鹿本町来民６９３,0968-46-2620,医療法人　春水会　理事長　原　暁生,水足　久美子,一般　療養　内　呼　消　循　外　形外　脳内　皮　リハ　リウ　アレ　ひ　小,,平14. 9. 29,kyushu/000491321.zip
診療所,43,1310439,はとの眼科クリニック,山鹿市鹿本町御宇田７２２ー１,0968-46-1700,医療法人　敬明会　理事長　鳩野　長文,鳩野　長文,眼,,平12. 9. 1,kyushu/000491321.zip
診療所,43,1310447,福田医院,山鹿市鹿央町岩原１４０２,0968-36-2161,福田　郁夫,福田　郁夫,内　産婦,,昭43. 1. 5,kyushu/000491321.zip
診療所,43,1310454,幸村医院,山鹿市鹿央町合里４１１,0968-36-2000,医療法人社団幸村医院　理事長　幸村　克典,幸村　克典,内　胃　小　外　こう,,平4. 5. 1,kyushu/000491321.zip
診療所,43,1310462,まえはら泌尿器科クリニック,山鹿市中伏鍋９７５－３,0968-43-8888,医療法人昭陽会　理事長　前原　遼,前原　遼,一般　内　ひ　他,,平19. 4. 1,kyushu/000491321.zip
診療所,43,1310470,大橋通クリニック,山鹿市大橋通７０３,0968-44-5161,医療法人菅村会　理事長　菅村　充晃,菅村　安洋,一般　胃　内　外　整外　リハ　こう,,平19. 5. 1,kyushu/000491321.zip
診療所,43,1310488,藤原クリニック,山鹿市南島３８７,0968-42-8887,藤原　一徳,藤原　一徳,整外　リウ　リハ　内　歯,,平20. 5. 1,kyushu/000491321.zip
診療所,43,1310512,吉里医院,山鹿市古閑１０７５－９,0968-43-2188,医療法人　尚徳会　理事長　吉里　和晃,吉里　和晃,内,,平27. 7. 21,kyushu/000491321.zip
診療所,43,1310546,井上産婦人科医院,山鹿市大橋通５０３の１,0968-44-6615,井上　弘一,井上　弘一,一般　産婦,,令2. 5. 19,kyushu/000491321.zip
診療所,43,1310561,佐藤泌尿器科クリニック,山鹿市新町２０４番地,0968-41-5357,医療法人悠遥会　理事長　佐藤　誠,佐藤　誠,ひ　内,,令7. 6. 1,kyushu/000491321.zip
診療所,43,1310579,中村眼科,山鹿市山鹿９９２番８,0968-43-3415,医療法人ＮＥＣ　理事長　中村　健一,中村　健一,眼,,令8. 5. 1,kyushu/000491321.zip
診療所,43,1410031,佐藤医院,宇城市三角町戸馳１６８０,0964-52-2748,佐藤　立行,佐藤　立行,内　麻,,昭60. 11. 1,kyushu/000491321.zip
診療所,43,1410056,三角クリニック,宇城市三角町三角浦１１５９－１２４,0964-52-3003,医療法人厚生会　理事長　渡辺　七郎,小森田　孝義,内　消　外　他,,平5. 10. 1,kyushu/000491321.zip
診療所,43,1410064,池田胃腸科内科,宇城市三角町波多１５９－１,0964-52-2610,池田　和隆,池田　和隆,内　胃　消　循　放,,平9. 8. 10,kyushu/000491321.zip
診療所,43,1410072,坂本内科医院,宇城市三角町中村１１８５－１,0964-54-1070,医療法人社団　坂本会　理事長　坂本　修一郎,坂本　修一郎,内,,平11. 3. 1,kyushu/000491321.zip
診療所,43,1410080,小篠内科医院,宇城市不知火町長崎１８３,0964-33-1206,医療法人社団小篠内科医院　理事長　小篠　揚一,小篠　揚一,一般　内　神内　呼　胃　循,,平3. 3. 1,kyushu/000491321.zip
診療所,43,1410106,きむら医院,宇城市不知火町御領７０８－１０,0964-32-0437,医療法人木村会　理事長　木村　茂,木村　茂,内　消　外,,平11. 2. 1,kyushu/000491321.zip
病院,43,1410163,松田病院,宇城市松橋町豊崎１９６２ー１,0964-32-0666,医療法人松生会　理事長　松田　順一,川﨑　俊一,精神　精　神　心内,180,平13. 9. 1,kyushu/000491321.zip
病院,43,1410197,宇城総合病院,宇城市松橋町久具６９１番地,0964-32-3111,社会医療法人黎明会　理事長　江上　寛,箕田　誠司,一般　一般（感染）　内科　呼吸器内科　糖尿病内科　腎臓内科　循環器内科　脳神経内科　外　呼外　心外　整外　リウ　リハ　放　麻　内分泌・代謝内科　人工透析内科　消化器外科,204,平24. 9. 29,kyushu/000491321.zip
診療所,43,1410205,中村医院,宇城市松橋町砂川１７２８,0964-32-0722,医療法人　中村会　理事長　中村　亮斉,中村　亮斉,内　循,,平27. 9. 28,kyushu/000491321.zip
診療所,43,1410213,坂崎皮ふ科,宇城市松橋町松橋８５２,0964-32-0166,医療法人社団坂崎会　理事長　坂崎　由朗,坂崎　由朗,皮　アレ,,平2. 4. 1,kyushu/000491321.zip
診療所,43,1410221,安武眼科医院,宇城市松橋町松橋５７０,0964-32-0733,医療法人安武眼科医院　理事長　安武　博樹,安武　博樹,眼,,平4. 6. 1,kyushu/000491321.zip
診療所,43,1410239,泉胃腸科外科医院,宇城市松橋町松橋１９４１,0964-33-2277,医療法人社団泉寿会　理事長　泉　正治,泉　大輔,一般　内　呼　胃　外　こう　リハ　整外,,平4. 9. 1,kyushu/000491321.zip
診療所,43,1410254,本田医院,宇城市松橋町南豊崎５８５,0964-32-0555,医療法人社団本田会　理事長　本田　晶子,本田　晶子,一般　内　小　耳い,,平5. 5. 1,kyushu/000491321.zip
診療所,43,1410262,清水整形外科医院,宇城市松橋町久具３２３－１,0964-32-2207,医療法人社団仁水会　理事長　清水　寬,清水　寛一,一般　整外　リハ,,平7. 3. 1,kyushu/000491321.zip
診療所,43,1410270,まつえクリニック,宇城市松橋町久具７００,0964-32-3911,医療法人社団顕勝会　理事長　松枝　和人,松枝　和人,一般　内　呼　消　胃　外　整外　呼外　小外　皮　ひ　こう　気食　リハ　循,,平9. 6. 1,kyushu/000491321.zip
診療所,43,1410304,まつばせレディースクリニック,宇城市松橋町松橋中原６８９－１,0964-34-0303,社会医療法人愛育会　理事長　福田　稠,田中　博明,一般　産　婦　小,,平11. 6. 1,kyushu/000491321.zip
診療所,43,1410320,医療法人　厚生会　うきクリニック,宇城市松橋町きらら一丁目７番地８,0964-32-6322,医療法人　厚生会　理事長　渡辺　七郎,渡辺　麻耶,一般　一般　ひ　内　腎臓内科　人工透析内科　消化器内科,8,平29. 6. 1,kyushu/000491321.zip
診療所,43,1410346,まつばせ児嶋クリニック,宇城市松橋町きらら２－５－４,0964-25-2522,医療法人社団　児嶋会　理事長　児嶋真治,児嶋　真治,呼内　アレ　脳内　消化器内科　循環器内科　小,,平16. 8. 1,kyushu/000491321.zip
診療所,43,1410387,江藤外科胃腸科医院,宇城市小川町河江７７－１,0964-43-4433,医療法人社団　江藤外科胃腸科医院　理事長　江藤　和美,江藤　和美,胃　外　内　整外　こう　リハ　麻,,平6. 3. 1,kyushu/000491321.zip
診療所,43,1410411,土屋医院,宇城市小川町江頭１２１,0964-43-0333,医療法人社団立世会　理事長　土屋　立昭,土屋　立昭,整外　内　リウ,,平13. 11. 1,kyushu/000491321.zip
診療所,43,1410429,廣岡クリニック皮膚科,宇城市小川町北新田６１－３,0964-43-6543,廣岡　実,廣岡　実,皮,,平14. 4. 1,kyushu/000491321.zip
診療所,43,1410437,狩場医院,宇城市豊野町糸石３８９７,0964-45-2017,医療法人社団豊栄会　理事長　狩場　岳夫,狩場　岳夫,一般　療養　内　小　外　ひ,,平6. 10. 1,kyushu/000491321.zip
診療所,43,1410445,みずたみ医院,宇城市松橋町竹崎１１１５ー３２,0964-32-3372,水民　和行,水民　和行,療養　内　外　こう　胃　リハ　放　消,,平13. 5. 1,kyushu/000491321.zip
診療所,43,1410452,勝目眼科医院,宇城市三角町三角浦３４８－６,0964-52-3688,医療法人　邦仁会　理事長　勝目　康裕,勝目　康裕,一般　眼,,平17. 5. 1,kyushu/000491321.zip
病院,43,1410478,あおば病院,宇城市松橋町萩尾２０３７－１,0964-32-7772,医療法人社団　明心会　理事長　三浦　大介,高橋　泰三,精神　療養　精　心内,145,平17. 11. 1,kyushu/000491321.zip
診療所,43,1410494,くどう日日医院,宇城市松橋町松橋９３６,0964-32-0010,工藤　秀雄,工藤　秀雄,内,,平20. 1. 1,kyushu/000491321.zip
診療所,43,1410502,うちの小児科小児外科,宇城市松橋町松橋１９４７－１,0964-32-0550,医療法人真愛会　理事長　内野信一郎,内野　信一郎,小　小外　内　アレ,,平20. 7. 1,kyushu/000491321.zip
診療所,43,1410528,たかはしクリニック,宇城市小川町川尻２７２－１,0964-43-0008,髙橋　利弘,髙橋　利弘,内　呼,,平21. 5. 1,kyushu/000491321.zip
診療所,43,1410536,松橋耳鼻咽喉科・内科クリニック,宇城市松橋町きらら２丁目２番１５号,0964-33-4133,医療法人社団松吉会　理事長　松吉　秀武,松吉　秀武,耳い　アレ　内科　糖尿病内科　内分泌内科　小　放,,平21. 5. 1,kyushu/000491321.zip
診療所,43,1410544,小川中央クリニック,宇城市小川町江頭３９３－１,0964-43-5363,鍬田　和久,鍬田　和久,内　消　循　呼内　外　病理　臨床　リハ　他,,平21. 9. 1,kyushu/000491321.zip
診療所,43,1410551,坂口医院,宇城市松橋町松橋４７３,0964-32-0445,坂口　二朗,坂口　二朗,内　胃　小,,平22. 3. 1,kyushu/000491321.zip
診療所,43,1410569,じょうどいクリニック,宇城市松橋町南豊崎字硴ノ江５９６－３,0964-53-9517,上土井　晋,上土井　晋,胃　内　外　小,,平22. 12. 1,kyushu/000491321.zip
診療所,43,1410577,ダイヤモンドシティクリニック,宇城市小川町河江１番地１,0964-34-6071,医療法人社団　仁友会　理事長　桑原　仁士,桑原　仁士,内　小　皮　形外　アレ,,平23. 6. 1,kyushu/000491321.zip
診療所,43,1410593,しまだこどもクリニック,宇城市松橋町きらら三丁目２番１９号,0964-34-3933,医療法人社団　松橋しまだ会　理事長　島田　豊,島田　豊,小　内　アレ,,平24. 6. 15,kyushu/000491321.zip
診療所,43,1410619,県南髙木クリニック,宇城市松橋町松橋８１５番地６,0964-34-0177,医療法人　ｏｎｅ　ｈａｐｐｉｎｅｓｓ　理事長　髙木　幸一,髙木　幸一,一般　こう　胃　消　外,,平30. 6. 1,kyushu/000491321.zip
病院,43,1410627,桜十字熊本宇城病院,宇城市小川町北新田５番,0964-43-1155,医療法人熊本桜十字　理事長　西　徹,斎藤　義樹,一般　療養　内科　循環器内科　糖尿病内科　老年内科　消化器内科　腎臓内科　人工透析内科　放　リハ　整外,100,令元. 8. 1,kyushu/000491321.zip
診療所,43,1410643,宇城総合クリニック,宇城市松橋町豊福５０５番地,0964-32-0335,社会医療法人黎明会　理事長　江上　寛,大町　秀樹,外　消化器外科　代謝内科　循環器内科　放　リハ,,令5. 4. 1,kyushu/000491321.zip
診療所,43,1410668,きらら眼科クリニック,宇城市松橋町きらら一丁目６番９,0964-32-1113,照屋　健一,照屋　健一,眼,,令6. 6. 1,kyushu/000491321.zip
診療所,43,1410676,前田整形外科,宇城市松橋町松橋１４４１番地１,0964-25-2250,医療法人前田整形外科　理事長　前田　芳郎,前田　芳郎,整外　リハ,,令7. 4. 1,kyushu/000491321.zip
診療所,43,1410684,篠﨑内科クリニック,宇城市松橋町曲野字南田２２７５番地１,0964-34-3077,医療法人　ＶＩＴＡ　ＥＴＥＲＮＡ　理事長　篠﨑　慶介,篠﨑　慶介,内　糖尿病内科　呼内　消化器内科,,令8. 1. 1,kyushu/000491321.zip
病院,43,1510012,高森会　阿蘇やまなみ病院,阿蘇市一の宮町宮地１１５の１,0967-22-0525,医療法人高森会　理事長　高森　薫生,高森　薫生,精神　精　神　内　外　心内　麻,270,平10. 10. 5,kyushu/000491321.zip
病院,43,1510020,医療法人社団大徳会　大阿蘇病院,阿蘇市一の宮町宮地５８３３,0967-22-2111,医療法人社団大徳会　理事長　内田　太郎,内田　太郎,療養　内　整外　リウ　胃　循　リハ,149,昭57. 4. 1,kyushu/000491321.zip
診療所,43,1510038,一の宮整形外科,阿蘇市一の宮町宮地１８０１－１,0967-22-3911,古閑　今朝輝,古閑　今朝輝,整外　リハ　麻,,平元. 12. 1,kyushu/000491321.zip
診療所,43,1510061,小野主生医院,阿蘇市内牧２２７－１２,0967-32-0039,小野　崇,小野　崇,一般　療養　内　呼内　消化器内科　循環器内科　小　眼,,昭60. 9. 1,kyushu/000491321.zip
病院,43,1510079,阿蘇温泉病院,阿蘇市内牧１１５３－１,0967-32-0881,医療法人社団坂梨会　理事長　坂梨　嘉壽惠,横山　芳樹,療養　一般　内　呼内　循環器内科　消化器内科　脳内　外　整外　アレ　小　皮　ひ　産婦　耳い　リハ　歯　麻　脳神経外科　糖尿病内科　代謝内科,180,昭60. 11. 1,kyushu/000491321.zip
診療所,43,1510087,問端医院,阿蘇市内牧１１５,0967-32-0102,医療法人社団問端会　理事長　問端　輔,問端　輔,一般　外　内　神内　呼内　消化器内科　循環器内科　アレ,,平2. 3. 1,kyushu/000491321.zip
診療所,43,1510103,市原胃腸科外科,阿蘇市黒川１４８４,0967-34-1211,医療法人社団　恒仁会　理事長　市原　敦史,市原　敦史,一般　療養　胃　消　外　放　こう　整外　内　他,,平6. 3. 1,kyushu/000491321.zip
診療所,43,1510129,医療法人社団澄幸会　脇胃腸科,阿蘇市内牧１０４９,0967-32-2500,医療法人社団澄幸会　理事長　脇　澄夫,脇　澄夫,胃　消　こう,,平8. 3. 1,kyushu/000491321.zip
診療所,43,1510137,阿蘇ハートクリニック,阿蘇市小里２４９－２,0967-24-6262,医療法人希心会　理事長　後藤　昌希,後藤　昌希,一般　内　循　リハ　心臓血管内科,,平14. 9. 1,kyushu/000491321.zip
診療所,43,1510152,眼科古嶋医院,阿蘇市黒川１５２２－１,0967-34-0008,医療法人　眼科古嶋医院　理事長　古嶋　尚,古嶋　尚,一般　眼,,平18. 2. 1,kyushu/000491321.zip
診療所,43,1510160,たくもと小児科クリニック,阿蘇市黒川１４９９－４,0967-34-2202,医療法人育栄会　理事長　宅本　哲也,宅本　哲也,小,,平19. 1. 1,kyushu/000491321.zip
診療所,43,1510178,松見内科クリニック,阿蘇市一の宮町宮地４７３５－６,0967-22-0260,松見　信太郎,松見　信太郎,内　呼　循　消　アレ　小,,平19. 9. 1,kyushu/000491321.zip
診療所,43,1510194,古閑医院,阿蘇市一の宮町宮地　字桐子１４４６－１,0967-22-3000,医療法人社団　宏元会　理事長　古閑　宏,古閑　宏,内　胃　小,,平26. 3. 22,kyushu/000491321.zip
診療所,43,1510202,栗林内科医院,阿蘇市一の宮町宮地３０８８－１,0967-24-1024,医療法人社団角和会　理事長　栗林　範臣,栗林　範臣,内　循環器内科　胃腸内科,,令4. 6. 1,kyushu/000491321.zip
病院,43,1610036,菊池有働病院,菊池市深川４３３,0968-25-3146,医療法人有働会　理事長　有働　雄一郎,城　隆一郎,精神　精　心内　内,183,昭36. 3. 1,kyushu/000491321.zip
病院,43,1610044,菊池中央病院,菊池市隈府４９４,0968-25-3141,医療法人信岡会　理事長　中川　義久,中川　義久,一般　療養　内　呼　消　循　小　外　整外　形外　脳外　皮　こう　リハ,102,昭43. 2. 1,kyushu/000491321.zip
病院,43,1610069,菊池郡市医師会立病院,菊池市大琳寺７５番地３,0968-25-2191,一般社団法人菊池郡市医師会　会長　美　光一,豊永　哲至,一般　一般（感染）　療養　内　循　消　透析　リハ　放　整外　他,,平24. 10. 1,kyushu/000491321.zip
診療所,43,1610093,斎藤産婦人科医院,菊池市片角２９４－２,0968-24-1177,斎藤　厚生,斎藤　厚生,一般　産　婦,,昭57. 4. 1,kyushu/000491321.zip
診療所,43,1610101,牧診療所,菊池市深川４００,0968-25-2317,医療法人　牧念人会　理事長　牧　可奈子,牧　可奈子,内　胃腸内科　精,,平元. 4. 1,kyushu/000491321.zip
診療所,43,1610135,みみ・はな・のど　こばクリニック,菊池市大琳寺２４１－１７,0968-24-2551,医療法人社団一ノ寿会　理事長　木庭　忠士,木庭　忠士,耳い　アレ,,平3. 3. 1,kyushu/000491321.zip
診療所,43,1610143,黒川産婦人科医院,菊池市隈府１０７５－２３,0968-25-1071,医療法人社団篤心会　理事長　黑川　慎一郎,黒川　篤一郎,一般　産　婦　ひ,,平4. 12. 1,kyushu/000491321.zip
診療所,43,1610150,米田産婦人科医院,菊池市隈府４９７－１,0968-25-2589,米田　義典,米田　義典,一般　産婦　麻,,平4. 12. 8,kyushu/000491321.zip
診療所,43,1610176,河野整形外科医院,菊池市北宮３４０－１,0968-24-5000,河野　邦治,河野　邦治,整外,,平8. 1. 1,kyushu/000491321.zip
診療所,43,1610184,菊池こどもクリニック,菊池市大琳寺２７６－３,0968-25-1164,医療法人社団菊池こどもクリニック　理事長　松金　郁郎,松金　郁郎,小,,平8. 9. 1,kyushu/000491321.zip
診療所,43,1610192,医療法人　菊池眼科,菊池市片角２５８－１,0968-25-5678,医療法人菊池眼科　理事長　井上　望,井上　望,眼,,平8. 11. 1,kyushu/000491321.zip
診療所,43,1610218,城間クリニック,菊池市隈府９５２,0968-25-2506,医療法人盛啓会　理事長　城間啓治,城間　啓治,整外　リハ,,平13. 4. 1,kyushu/000491321.zip
診療所,43,1610226,岩根クリニック,菊池市隈府１１０,0968-25-4230,岩根　英治,岩根　英治,消　胃　外,,平13. 5. 1,kyushu/000491321.zip
診療所,43,1610234,中野クリニック,菊池市大琳寺２７５－１,0968-25-5861,医療法人社団健誠会　理事長　黑川　佑佳,黑川　佑佳,一般　内科　腎臓内科　人工透析内科　ひ　美容皮膚科　循環器内科　糖尿病内科,,平14. 1. 1,kyushu/000491321.zip
診療所,43,1610267,宮本内科クリニック,菊池市隈府２７７－２,0968-25-2047,医療法人宮交会　理事長　宮本浩光,宮本　浩光,内　小　循,,平18. 9. 1,kyushu/000491321.zip
診療所,43,1610275,古田医院,菊池市七城町甲佐町２９６,0968-25-2280,医療法人社団喜生会　理事長　古田　陽一郎,古田　陽一郎,内　循,,平3. 9. 1,kyushu/000491321.zip
病院,43,1610317,岸病院,菊池市泗水町豊水３３８８－１,0968-38-2750,医療法人菊芳会　理事長　岸　　泰至,岸　泰至,療養　内　胃腸内科　外　整外　皮　ひ　こう　リハ　循環器内科　麻,,昭38. 7. 1,kyushu/000491321.zip
診療所,43,1610333,田中医院,菊池市泗水町吉富３１６９,0968-38-7070,医療法人社団秀薫会　理事長　田中　秀明,田中　秀明,内　胃　外,,平8. 9. 1,kyushu/000491321.zip
診療所,43,1610341,清原医院,菊池市泗水町福本７７５,0968-38-2106,医療法人社団清杏会　理事長　清原　由紀夫,清原　由紀夫,内　小,,平10. 1. 1,kyushu/000491321.zip
診療所,43,1610358,岸眼科,菊池市泗水町豊水３３８８－１,0968-38-0075,医療法人明厚会　理事長　岸　厚至,岸　厚至,眼,,平14. 1. 1,kyushu/000491321.zip
診療所,43,1610366,郷胃腸科内科クリニック,菊池市泗水町豊水３７３８－１,0968-38-2121,医療法人社団　佳翔会　理事長　郷　佳克,郷　佳克,一般　一般　一般　療養　内　胃　消　放　リハ,,平15. 8. 1,kyushu/000491321.zip
診療所,43,1610374,かつき皮膚科医院,菊池市大琳寺字東善寺２３５,0968-24-5500,医療法人颯悠会　嘉月　博,嘉月　博,皮,,平18. 5. 1,kyushu/000491321.zip
診療所,43,1610382,医療法人　西山医院,菊池市隈府字町１１５－４,0968-25-2561,医療法人　西山医院　理事長　西山安浩,西山　安浩,内　循　小　リハ,,平18. 6. 1,kyushu/000491321.zip
診療所,43,1610390,後藤整形外科医院,菊池市隈府字薮ノ内９２３,0968-25-2906,医療法人後藤会　理事長　後藤　昌史,西田　一輝,整外　リハ　リウ,,平19. 1. 1,kyushu/000491321.zip
診療所,43,1610416,赤星医院,菊池市隈府７１９,0968-25-2738,赤星　一信,赤星　一信,内　皮　呼,,平24. 2. 1,kyushu/000491321.zip
病院,43,1610432,川口病院,菊池市隈府８２３－１,0968-25-2230,医療法人川口会　理事長　多森　靖洋,多森　靖洋,一般　外　内　消　循　リウ　整外　皮　ひ　性　こう　リハ　放　麻,,平24. 7. 1,kyushu/000491321.zip
診療所,43,1610457,古荘医院,菊池市隈府１６２,0968-25-2046,渡邊　孝寛,渡邊　孝寛,内　小,,平25. 4. 1,kyushu/000491321.zip
診療所,43,1610465,まつもと耳鼻咽喉科医院,菊池市亘１１番地１,0968-23-6111,医療法人社団嘉資会　理事長　松本　裕孝,松本　裕孝,耳い,,平26. 1. 1,kyushu/000491321.zip
診療所,43,1610499,入佐内科医院,菊池市泗水町吉富３１８５番地４,0968-38-3824,入佐　孝三,入佐　孝三,内,,令元. 6. 1,kyushu/000491321.zip
診療所,43,1610507,たがみクリニック,菊池市西寺字北園１４００－１,0968-24-5353,医療法人弘代会　理事長　田上　弘文,田上　弘文,内　消化器内科　外　肛門外科　乳腺外科　呼内,,令2. 11. 1,kyushu/000491321.zip
診療所,43,1610515,古賀医院,菊池市泗水町吉富宝町１７２３,0968-38-2222,古賀　荒太郎,古賀　荒太郎,内　糖尿病内科　消化器内科　小,,令4. 7. 1,kyushu/000491321.zip
診療所,43,1610523,きくち宮本泌尿器科,菊池市隈府７７５,0968-24-8101,医療法人ウェルフロウ　理事長　宮本　健次,宮本　健次,ひ,,令6. 1. 1,kyushu/000491321.zip
病院,43,1710117,高田病院,八代市豊原下町４００１,0965-33-1191,医療法人尚仁会　理事長　荒木　順介,荒木　順介,精神　療養　内　精　神,236,昭32. 10. 1,kyushu/000491321.zip
病院,43,1710125,桜十字八代病院,八代市通町８番９号,0965-32-7158,医療法人熊本桜十字　理事長　西　徹,酒本　喜與志,一般　療養　内　外　整外　脳内　胃腸内科　リハ,,令2. 12. 1,kyushu/000491321.zip
病院,43,1710133,桜十字八代リハビリテーション病院,八代市本町２丁目４番３３号,0965-32-2777,医療法人熊本桜十字　理事長　西　徹,西　徹,一般　療養　内　外　整外　脳外　胃腸内科　リハ　循環器内科　ひ　リウ　漢方内科,140,令2. 5. 1,kyushu/000491321.zip
病院,43,1710166,八代更生病院,八代市古城町１７０５,0965-33-4205,医療法人山田会　理事長　宮本　憲司朗,阿部　恭久,精神　内　精　心内,249,昭40. 2. 1,kyushu/000491321.zip
病院,43,1710208,八代病院シーサイドこころケアステーション,八代市郡築一番町１７９,0965-37-0317,医療法人　カジオ会　理事長　梶尾　勇介,梶尾　勇介,精神　精　神,149,昭34. 11. 1,kyushu/000491321.zip
病院,43,1710257,八代敬仁病院,八代市海士江町２８１７,0965-34-7911,医療法人敬仁会　理事長　佐々木　康人,井本　信哉,療養　一般　内　呼内　消化器内科　循環器内科　リハ　放　整外,129,昭51. 3. 16,kyushu/000491321.zip
診療所,43,1710307,橋本医院,八代市植柳上町９３１,0965-32-4155,橋本　晏理,橋本　晏理,一般　内　小　外　産　婦,,昭57. 7. 1,kyushu/000491321.zip
診療所,43,1710331,磧本胃腸科外科医院,八代市松江町１６８－１,0965-33-0321,碩本　信男,碩本　信男,一般　胃　外　こう　内,,昭62. 8. 31,kyushu/000491321.zip
診療所,43,1710430,八代レディースクリニック,八代市大手町１－７－２２,0965-32-3405,医療法人社団八代愛育会　理事長　桑原　三郎,桑原　三郎,一般　産　婦　麻,,平3. 2. 1,kyushu/000491321.zip
診療所,43,1710448,ふくろ町クリニック,八代市袋町１－８,0965-32-1222,医療法人社団博友会　理事長　切通　伸介,切通　伸介,内　整外　リハ,,平3. 2. 1,kyushu/000491321.zip
診療所,43,1710463,久原外科胃腸科医院,八代市植柳上町６５２１,0965-35-1161,医療法人社団久原会　理事長　久原　浩史,久原　浩史,一般　療養　胃　外　整外　こう　放,,平3. 6. 1,kyushu/000491321.zip
診療所,43,1710471,和田小児科医院,八代市大手町２－５－２３,0965-32-2755,医療法人社団　恵和会　理事長　和田　淑郎,和田　淑郎,小　内,,平9. 11. 1,kyushu/000491321.zip
診療所,43,1710489,福田クリニック・産婦人科内科,八代市日奈久中西町４１８,0965-38-0068,医療法人社団杏泉会　理事長　福田　宰,福田　宰,内　産婦　呼内,,平3. 10. 1,kyushu/000491321.zip
診療所,43,1710497,田渕整形外科医院,八代市高下西町２２６８,0965-32-4897,医療法人社団田渕会　理事長　田渕　健太郎,田渕　健太郎,整外　リウ　リハ,,平3. 10. 1,kyushu/000491321.zip
診療所,43,1710505,田渕内科クリニック,八代市高下西町２２７１－１,0965-33-6727,田渕　昭典,田渕　昭典,内,,平3. 10. 1,kyushu/000491321.zip
診療所,43,1710513,八代中央クリニック,八代市永碇町１３６１,0965-32-8008,社会医療法人芳和会　理事長　積　豪英,大石　史弘,内　外,,平3. 11. 16,kyushu/000491321.zip
診療所,43,1710521,八代市医師会健診センター,八代市平山新町４４３８－５,0965-35-3003,一般社団法人八代市医師会　会長　西　文明,田渕　勝典,内,,平4. 4. 1,kyushu/000491321.zip
診療所,43,1710547,持永消化器内科内視鏡内科医院,八代市平山新町４４７２－３,0965-35-2772,医療法人社団みずほ会　理事長　持永　瑞恵,持永　崇惠,一般　消化器内科　内視鏡内科　内科　胃腸内科　放　大腸・肛門内科　リハ,,平4. 9. 1,kyushu/000491321.zip
診療所,43,1710562,久原内科消化器科クリニック,八代市植柳元町５５４０－１,0965-32-2218,医療法人社団久原内科消化器科クリニック　理事長　倉本　正文,倉本　正文,消化器内科　内　外　乳腺外科　肛門外科　整外,,平4. 9. 1,kyushu/000491321.zip
診療所,43,1710570,市村皮膚科医院,八代市黄金町２０－９,0965-32-3285,医療法人社団　市村会　理事長　市村　信一,市村　信一,皮膚科　小児皮膚科　アレ,,平4. 9. 1,kyushu/000491321.zip
診療所,43,1710588,あらき整形外科医院,八代市萩原町一丁目８番４０号,0965-32-2524,医療法人社団メディウス会　理事長　荒木　崇一,荒木　崇一,一般　整外　リウ　リハ　内　皮,,平30. 10. 29,kyushu/000491321.zip
病院,43,1710620,平成病院,八代市大村町７２０－１,0965-32-8171,医療法人社団　平成会　理事長　坂本　明子,新井　浩子,精神　療養　内　心内　放　精,141,平5. 7. 1,kyushu/000491321.zip
診療所,43,1710646,くわはら小児科,八代市植柳上町５６９０－１,0965-32-5000,医療法人社団くわはら小児科　理事長　桑原　庸浩,桑原　庸浩,小,,平6. 2. 1,kyushu/000491321.zip
診療所,43,1710653,相良中村クリニック,八代市大手町２－８－２０,0965-32-4862,医療法人社団　相良中村クリニック　理事長　中村　尚,中村　尚,皮,,平6. 7. 1,kyushu/000491321.zip
診療所,43,1710679,大手町腎・高血圧クリニック,八代市大手町１－７－１８,0965-32-2606,医療法人社団腎愛会　理事長　梅本　周朗,梅本　周朗,一般　内　透析　他,,平6. 12. 1,kyushu/000491321.zip
診療所,43,1710687,春野医院,八代市北の丸町３－３７,0965-35-6111,医療法人社団一真会　理事長　春野　尊,春野　尊,耳い　呼　アレ　気食,,平22. 5. 1,kyushu/000491321.zip
診療所,43,1710729,きはら眼科,八代市萩原町２－６－３２,0965-32-3946,木原　英二,木原　英二,一般　眼,,平9. 3. 1,kyushu/000491321.zip
診療所,43,1710745,ありの内科呼吸器科,八代市萩原町１－７－２８,0965-32-5941,有野　晃司,有野　晃司,内　呼　胃　循　小,,平9. 10. 1,kyushu/000491321.zip
診療所,43,1710760,小沢内科医院,八代市田中北町４－１２,0965-35-5382,小沢　隆昭,小沢　隆昭,内　麻,,平10. 4. 1,kyushu/000491321.zip
診療所,43,1710786,中村内科医院,八代市花園町１０－１,0965-33-8885,医療法人中村内科医院　理事長　中村　雅博,中村　雅博,内　呼　循　消,,平10. 6. 1,kyushu/000491321.zip
診療所,43,1710794,田中泌尿器科外科医院,八代市錦町８－５,0965-33-1100,医療法人社団田中泌尿器科外科医院　理事長　田中　秀樹,田中　秀樹,一般　ひ　外　腎臓内科,,平10. 7. 1,kyushu/000491321.zip
病院,43,1710810,八代市医師会立病院,八代市平山新町４４３８－３,0965-31-1700,一般社団法人　八代市医師会　会長　西　文明,森崎　哲朗,療養　内　神内　呼　循　リハ　小　外　整外,100,平11. 5. 1,kyushu/000491321.zip
診療所,43,1710836,医療法人社団　伊達整形外科医院,八代市日奈久塩北町４３０３,0965-38-3700,医療法人社団伊達整形外科医院　理事長　伊達　徹,伊達　徹,整外　リハ　リウ,,平12. 1. 1,kyushu/000491321.zip
診療所,43,1710851,たかの呼吸器科内科クリニック,八代市松崎町１４７,0965-32-2720,髙野　義久,髙野　義久,内　呼,,平12. 6. 1,kyushu/000491321.zip
診療所,43,1710869,大平小児科医院,八代市迎町１ー７ー２３,0965-31-7200,医療法人社団　大平小児科医院　理事長　大平　貴彦,大平　貴彦,小,,平12. 6. 1,kyushu/000491321.zip
診療所,43,1710877,久野内科医院,八代市本町１－７－４０,0965-32-3408,医療法人社団　久野会　理事長　久野　泰嗣,久野　泰嗣,内　呼　消　循,,平12. 10. 1,kyushu/000491321.zip
診療所,43,1710885,日置町クリニック,八代市日置町１５０,0965-31-5757,医療法人社団　浩杏会　理事長　井上　武明,井上　武明,一般　内,,平12. 12. 1,kyushu/000491321.zip
診療所,43,1710901,高野整形外科,八代市本町１ー８ー６,0965-32-2014,医療法人社団晴洋会　理事長　高野　晴夫,高野　晴夫,整外　リウ　リハ,,平13. 7. 16,kyushu/000491321.zip
診療所,43,1710919,福満内科医院,八代市松江町２８８,0965-35-0293,福満健一郎,福満　健一郎,内　循　胃　消,,平13. 11. 8,kyushu/000491321.zip
診療所,43,1710927,松岡内科クリニック,八代市通町７－１４,0965-33-2766,医療法人師天会　理事長　松岡　竜太郎,松岡　竜太郎,一般　内　他,,平13. 12. 1,kyushu/000491321.zip
診療所,43,1710943,堀内眼科医院,八代市塩屋町４－４,0965-32-4993,堀内　浩史,堀内　浩史,眼,,平15. 1. 1,kyushu/000491321.zip
診療所,43,1710950,岡村医院,八代市横手新町１４－４,0965-39-5665,岡村　健二,岡村　健二,一般　一般　外　内　胃　こう,,平15. 10. 1,kyushu/000491321.zip
診療所,43,1710968,うらべ・むらたクリニック,八代市横手本町２－１,0965-34-1872,医療法人　和康会　理事長　村田　和哉,占部　裕巳,一般　一般　ひ　腎臓内科　乳腺外科　内,2,平15. 10. 1,kyushu/000491321.zip
診療所,43,1710976,片岡レディスクリニック,八代市本町３－３－３５,0965-32-2344,医療法人　セント・ソフィア　理事長　片岡　明生,片岡　明生,一般　一般　産　婦,18,平15. 10. 1,kyushu/000491321.zip
診療所,43,1711008,太田こどもクリニック,八代市古閑浜町３２９５－８,0965-30-8380,太田　浩二,太田　浩二,小,,平17. 5. 1,kyushu/000491321.zip
診療所,43,1711016,上野耳鼻咽喉科医院,八代市本町２－３－４９,0965-34-1814,医療法人社団　博恵会　理事長　上野　博史,上野　博史,耳い　気食,,平17. 4. 1,kyushu/000491321.zip
診療所,43,1711024,うえの内科・胃腸内科,八代市本町二丁目２番９号,0965-33-1131,医療法人　上直会　理事長　上野　直嗣,上野　直嗣,内　胃腸内科,,平28. 12. 12,kyushu/000491321.zip
診療所,43,1711032,本町眼科,八代市建馬町３－１,0965-31-0611,医療法人　米澤会　理事長　犬丸　淳子,藤﨑　令子,眼,,平17. 6. 16,kyushu/000491321.zip
診療所,43,1711107,丸田医院,八代市千丁町吉王丸１５９８－３,0965-46-0027,丸田　彰二,丸田　彰二,内　胃,,平4. 8. 1,kyushu/000491321.zip
診療所,43,1711115,宮城循環器内科,八代市千丁町古閑出６１６,0965-46-0007,宮城　宏生,宮城　宏生,内　循　小,,平15. 5. 1,kyushu/000491321.zip
診療所,43,1711164,保田医院,八代市鏡町鏡２３,0965-52-0037,医療法人社団保真会　理事長　保田　周一,保田　紘一郎,内　胃　呼　小,,平元. 9. 1,kyushu/000491321.zip
診療所,43,1711172,福田外科・整形外科クリニック,八代市鏡町内田６９７番地１１,0965-52-0840,医療法人社団福田会　理事長　福田　浩子,福田　浩子,外　整外　リハ　内　皮　脳外,,平20. 8. 1,kyushu/000491321.zip
診療所,43,1711180,松本医院,八代市鏡町両出１５０３－１,0965-52-0330,医療法人社団司会　理事長　松本　展武,松本　展武,一般　療養　内　放　小,,平2. 4. 1,kyushu/000491321.zip
診療所,43,1711198,前田内科・循環器内科医院,八代市鏡町下有佐１７８,0965-52-1310,医療法人社団隆愛会　理事長　前田　洋典,前田　洋典,内　消　循　他,,平2. 6. 1,kyushu/000491321.zip
診療所,43,1711206,松村眼科医院,八代市鏡町鏡２１０,0965-52-0131,松村　明,松村　明,一般　眼,,平10. 1. 1,kyushu/000491321.zip
診療所,43,1711214,黒田耳鼻咽喉科医院,八代市鏡町下村１５１３－１,0965-52-8787,医療法人社団黒田耳鼻咽喉科医院　黒田　和宏,黒田　和宏,耳い,,令2. 9. 1,kyushu/000491321.zip
診療所,43,1711255,荒木皮ふ科医院,八代市鏡町鏡村１１０８－１,0965-52-8777,荒木　嘉浩,荒木　嘉浩,皮,,平15. 5. 1,kyushu/000491321.zip
診療所,43,1711263,尾田内科医院,八代市鏡町鏡村１１２５－１,0965-52-8011,医療法人社団　幸済会　理事長　尾田　幸太郎,尾田　幸太郎,一般　一般　内　胃　循　呼,19,平15. 7. 1,kyushu/000491321.zip
診療所,43,1711289,横田診療所,八代市泉町柿迫３１８８－２,0965-67-2010,横田　三郎,横田　三郎,内　外,,平14. 1. 1,kyushu/000491321.zip
診療所,43,1711305,荒木医院,八代市豊原下町３３２５－１,0965-32-3258,医療法人　こころ　理事長　荒木　幹太,荒木　幹太,心内　内　精,,平17. 9. 1,kyushu/000491321.zip
診療所,43,1711321,医療法人右田会　右田クリニック,八代市若草町２－１０,0965-35-8211,医療法人　右田会　理事長　右田　紀雄,右田　紀雄,一般　ひ　他,,平18. 3. 1,kyushu/000491321.zip
診療所,43,1711339,みやもと泌尿器科クリニック,八代市永碇町１２６３,0965-32-1600,医療法人社団純幸会　理事長　宮本純治,宮本　純治,ひ,,平18. 6. 1,kyushu/000491321.zip
診療所,43,1711354,泉内科医院,八代市海士江町３４９０－１,0965-35-6780,医療法人社団五常会　理事長　泉純治,泉　和寛,一般　内　呼　消　循　神内,,平18. 9. 1,kyushu/000491321.zip
診療所,43,1711362,よかと整形外科リウマチクリニック,八代市鏡町鏡村２１０－３,0965-46-8110,医療法人西圭壽会　理事長　西壽二,西　壽二,整外　リウ　リハ　内,,平18. 9. 1,kyushu/000491321.zip
診療所,43,1711370,鶴田胃腸科内科,八代市日置町３１４－４,0965-31-5000,医療法人博真会　理事長　鶴田　博三,鶴田　博三,一般　胃　内,,平18. 12. 1,kyushu/000491321.zip
診療所,43,1711388,高橋医院,八代市弥生町１２番地１,0965-31-1555,医療法人明朋会　理事長　高橋　繁實,高橋　繁實,内　小　循　呼　胃　神,,令3. 11. 1,kyushu/000491321.zip
診療所,43,1711396,やつしろ眼科,八代市永碇町１３０５,0965-35-5551,医療法人八代眼科　理事長　米澤　博文,田中　敬一朗,眼,,平19. 4. 1,kyushu/000491321.zip
診療所,43,1711404,浜田呼吸器科内科クリニック,八代市大村町１１１３－５,0965-31-7622,医療法人社団　博慈会　理事長　濱田隆博,濱田　隆博,内　呼　リウ　消　胃　循　アレ　放,,平19. 5. 1,kyushu/000491321.zip
診療所,43,1711412,後藤胃腸科肛門科クリニック,八代市迎町２－１５－１４,0965-33-2661,後藤　達哉,後藤　達哉,胃　こう　外　内,,平19. 6. 1,kyushu/000491321.zip
診療所,43,1711438,ふくとみクリニック,八代市花園町６－１,0965-33-2913,福冨　康宰,福冨　康宰,内　消,,平21. 3. 1,kyushu/000491321.zip
診療所,43,1711479,織田胃腸外科,八代市横手新町２号１７番地,0965-35-5300,医療法人社団　織田胃腸外科　理事長　織田　勉,織田　勉,胃　外　内,,平28. 1. 1,kyushu/000491321.zip
診療所,43,1711487,西医院,八代市郡築四番町４６,0965-37-0157,西　文明,西　文明,内　放,,平22. 12. 25,kyushu/000491321.zip
診療所,43,1711503,髙田胃腸内科・内科,八代市大村町３５０番地,0965-37-7200,医療法人社団　信会　理事長　髙田　信勝,髙田　信勝,消　内,,平23. 7. 1,kyushu/000491321.zip
診療所,43,1711511,長谷川整形外科医院,八代市海士江町２９１３番地,0965-35-3125,医療法人社団　真和会　理事長　長谷川　和治,長谷川　和治,整外,,平24. 1. 1,kyushu/000491321.zip
診療所,43,1711529,増田内科・胃腸内科,八代市永碇町字新地１２８３番３,0965-62-8100,医療法人社団　陽志会　理事長　増田　陽二,増田　陽二,内　他,,平24. 4. 1,kyushu/000491321.zip
診療所,43,1711537,放射線科・内科　まきたクリニック,八代市竹原町１４３９番地２,0965-45-9120,医療法人　まきた会　理事長　蒔田　修,蒔田　修,放　内　消化器内科,,平25. 3. 1,kyushu/000491321.zip
診療所,43,1711545,井上医院,八代市東陽町南１１２７－１,0965-65-2121,井上　克彦,井上　克彦,外　内　リウ,,平25. 4. 1,kyushu/000491321.zip
診療所,43,1711552,旭中央通りクリニック,八代市花園町１８－１,0965-34-1238,片岡　裕文,片岡　裕文,精　内　心内　糖尿病内科,,平25. 10. 1,kyushu/000491321.zip
診療所,43,1711578,せきがみ内科・糖尿病内科,八代市上日置町　字八坪４４４７－１,0965-33-0033,医療法人社団　泰照会　理事長　関上　泰二,関上　泰二,内　他,,平27. 7. 1,kyushu/000491321.zip
診療所,43,1711594,ひらきクリニック,八代市新地町６番２６号,0965-32-4990,医療法人社団　誠和会　理事長　今野　健一郎,山本　浩,一般　脳外　内　外　糖尿病内科　リハ,,平28. 5. 1,kyushu/000491321.zip
診療所,43,1711602,本田クリニック,八代市西松江城町５－３５,0965-32-3410,医療法人　正和会　理事長　本田　和,本田　和,内,,平29. 1. 1,kyushu/000491321.zip
診療所,43,1711610,八代ハートクリニック,八代市錦町１０番地１,0965-33-5353,医療法人明朋会　理事長　高橋　繁實,髙嶋　英夫,内　他　リハ　放,,平29. 3. 1,kyushu/000491321.zip
診療所,43,1711628,わたなべ内科クリニック,八代市永碇町１０７３－５,0965-37-8255,渡辺　栄一郎,渡辺　栄一郎,内　他,,平29. 5. 1,kyushu/000491321.zip
診療所,43,1711636,医療法人徳新会　鏡クリニック,八代市鏡町下有佐４４９番地,0965-52-5555,医療法人徳新会　理事長　豊田　國彦,井﨑　敏也,内,,平29. 6. 1,kyushu/000491321.zip
診療所,43,1711651,こだま小児科クリニック,八代市長田町３１８４－１,0965-35-3715,兒玉　志保,兒玉　志保,小,,平30. 5. 1,kyushu/000491321.zip
診療所,43,1711669,いでアレルギー・ぜんそくクリニック,八代市松江町４８５－１,0965-37-8211,出口　秀治,出口　秀治,アレ　呼内　他,,平30. 5. 1,kyushu/000491321.zip
診療所,43,1711685,もちながこどもクリニック,八代市田中西町一丁目１番５号,0965-39-3925,医療法人まさほ会　理事長　持永　將惠,持永　將惠,小　アレ,,令元. 10. 1,kyushu/000491321.zip
診療所,43,1711693,ごとう脳神経外科・痛みのクリニック,八代市松江城町６－３１　１階,0965-45-5255,後藤　真一,後藤　真一,脳外　麻　内,,令元. 11. 1,kyushu/000491321.zip
診療所,43,1711701,くはら循環器内科・くはら皮フ科,八代市古閑中町１２１０番地,0965-62-8877,医療法人康友会　理事長　久原　康史,久原　康史,循環器内科　内　皮　小児皮膚科,,令2. 4. 1,kyushu/000491321.zip
診療所,43,1711719,大塚内科クリニック,八代市日奈久東町２６３,0965-38-2138,医療法人杏叢会　理事長　大塚　隆興,大塚　隆興,内　呼内　循環器内科　胃腸内科　糖尿病内科　脂質代謝内科　アレ,,令2. 7. 1,kyushu/000491321.zip
診療所,43,1711735,峯苫医院,八代市渡町１７１７番地,0965-62-8721,医療法人社団　明佑会　理事長　峯苫貴明,峯苫　貴明,一般　療養　整外　外　リハ　内　胃腸内科　循環器内科　美容皮膚科,,令5. 1. 1,kyushu/000491321.zip
診療所,43,1711743,大平眼科医院,八代市通町５－２８,0965-32-2239,佐藤　さおり,佐藤　さおり,眼,,令5. 4. 1,kyushu/000491321.zip
診療所,43,1711750,保元内科クリニック,八代市永碇町１３２３番地３,0965-34-3141,医療法人師天会　理事長　松岡　竜太郎,保元　徳宏,内　透析,,令5. 7. 1,kyushu/000491321.zip
診療所,43,1711768,前田医院,八代市長田町２９５０,0965-32-3845,前田　晃平,前田　晃平,内　内視鏡内科　麻　消化器内科　胃腸内科,,令6. 9. 1,kyushu/000491321.zip
診療所,43,1711784,八代市立坂本診療所,八代市坂本町坂本４１６１番地１,0965-65-7801,八代市長　小野　泰輔,峯苫　ゆき子,内,,令8. 3. 1,kyushu/000491321.zip
病院,43,1810065,玉名病院,玉名市築地１４５２－３,0968-72-5155,医療法人信愛会　理事長　川原　延夫,川原　一洋,精神　精　他,157,昭37. 1. 1,kyushu/000491321.zip
病院,43,1810073,城ケ崎病院,玉名市伊倉北方２６５,0968-73-3375,医療法人信和会　理事長　蓮沢　浩明,中田　榮治,精神　精神神経科　心内,184,昭40. 3. 16,kyushu/000491321.zip
診療所,43,1810099,吉田医院,玉名市繁根木２２８,0968-73-5100,吉田　一成,吉田　一成,一般　療養　内　胃　外　整外　こう　リハ,,昭58. 12. 25,kyushu/000491321.zip
診療所,43,1810131,前田小児科医院,玉名市立願寺１３８,0968-74-1333,医療法人社団一心会前田小児科医院　理事長　前田　貴輝,前田　貴輝,小　アレ,,平元. 4. 1,kyushu/000491321.zip
診療所,43,1810149,菅海明堂医院,玉名市大浜町７３５,0968-76-0159,医療法人若宮会　理事長　菅　敬文,菅　敬文,眼,,平元. 4. 1,kyushu/000491321.zip
診療所,43,1810156,浦田医院,玉名市岩崎１０２３－３,0968-74-2412,医療法人如春会　理事長　浦田　誓夫,浦田　誓夫,一般　内　血液内科　小,,平元. 4. 1,kyushu/000491321.zip
診療所,43,1810164,山本眼科,玉名市亀甲１１５－５,0968-72-2207,医療法人直親会　理事長　山本　親広,山本　親広,一般　眼,,平元. 4. 1,kyushu/000491321.zip
診療所,43,1810180,永田皮膚科医院,玉名市中１０２７－６,0968-74-1566,医療法人三精会　理事長　永田　貴久,永田　貴久,皮　形外　アレ,,平9. 6. 1,kyushu/000491321.zip
診療所,43,1810198,大礒耳鼻咽喉科医院,玉名市亀甲１７０,0968-73-4133,医療法人　恵生会　理事長　大礒　正剛,大礒　正剛,耳い　アレ　気食,,平16. 12. 20,kyushu/000491321.zip
診療所,43,1810206,玉名第一クリニック,玉名市築地７９－１,0968-72-4165,医療法人玉和会　理事長　阪口　岳,成瀬　正浩,内　他,,平2. 3. 1,kyushu/000491321.zip
診療所,43,1810214,平山整形外科医院,玉名市立願寺１３６－３,0968-72-4000,医療法人社団清明会　理事長　平山　雄大,平山　雄大,整外　リウ　リハ,,平2. 9. 1,kyushu/000491321.zip
病院,43,1810222,医療法人　悠紀会病院,玉名市上小田１０６３,0968-74-1131,医療法人悠紀会　理事長　反後　敏夫,古森　顕一,療養　内　リハ　循環器内科　脳内,139,平3. 6. 1,kyushu/000491321.zip
診療所,43,1810248,本里内科医院,玉名市大倉１５７４－４,0968-72-2352,本里　秀俊,本里　秀俊,一般　内　胃　小,,平3. 7. 16,kyushu/000491321.zip
診療所,43,1810289,おおかど胃腸科クリニック,玉名市六田３８－６,0968-72-5611,医療法人大光会　理事長　大門　秀光,大門　秀光,一般　内　胃　消　こう,,平5. 10. 1,kyushu/000491321.zip
診療所,43,1810297,河野クリニック,玉名市繁根木１３１－１　司ビル２Ｆ,0968-72-2345,医療法人秀和会　理事長　河野　秀親,河野　秀親,内　胃　外　こう,,平6. 3. 1,kyushu/000491321.zip
診療所,43,1810305,福島眼科医院,玉名市高瀬５０８,0968-72-3016,医療法人福島眼科医院　理事長　福島　亘希,福島　亘希,一般　眼,,平6. 4. 1,kyushu/000491321.zip
診療所,43,1810313,大林循環器科・内科医院,玉名市築地２５－２,0968-72-3866,医療法人弘真会　理事長　大林　純,大林　純,内　呼　胃　消　循　小,,平6. 9. 1,kyushu/000491321.zip
診療所,43,1810321,ひらしま小児科医院,玉名市岩崎６番地１,0968-73-5530,医療法人平心会　理事長　平島　要,平島　要,小,,令6. 6. 1,kyushu/000491321.zip
診療所,43,1810339,Ａｎｄ坂本女性クリニック,玉名市高瀬３８,0968-74-2045,医療法人坂本会　理事長　坂本卓史,坂本　宜隆,一般　産婦,,平7. 7. 1,kyushu/000491321.zip
診療所,43,1810347,玉名泌尿器科クリニック,玉名市岩崎４６８－１,0968-74-3272,医療法人社団　育史会　理事長　伊藤　徳浩,伊藤　徳浩,ひ　内,,平16. 8. 1,kyushu/000491321.zip
診療所,43,1810354,まつおクリニック,玉名市山田高岡原２０１６－１,0968-73-2800,医療法人社団あすなろ会　理事長　松尾　修一,松尾　修一,一般　胃　外　こう　リハ　麻,,平9. 12. 1,kyushu/000491321.zip
診療所,43,1810370,河野医院,玉名市高瀬３４９,0968-73-3734,医療法人社団　済和会　理事長　佐々木　浩,佐々木　浩,内　胃腸内科,,平14. 1. 1,kyushu/000491321.zip
診療所,43,1810388,木下皮ふ科クリニック,玉名市築地１９５－３,0968-76-8788,医療法人社団　京桃会　理事長　木下　忠嗣,木下　忠嗣,皮　形外,,平15. 7. 1,kyushu/000491321.zip
診療所,43,1810396,岡本外科医院,玉名市亀甲２４８－１,0968-74-2277,医療法人　誠真会　理事長　岡本　真哉,岡本　真哉,一般　療養　外　胃,,平16. 8. 9,kyushu/000491321.zip
診療所,43,1810412,大野内科クリニック,玉名市伊倉南方９８７番５,0968-72-3405,医療法人有世会　理事長　大野　靖一,大野　靖一,内　他,,平29. 9. 1,kyushu/000491321.zip
診療所,43,1810446,由富医院,玉名市中１８４１－２,0968-74-1600,医療法人　玉章会　理事長　大場　久美代,大場　久美代,眼,,平16. 9. 1,kyushu/000491321.zip
診療所,43,1810495,本田医院,玉名市岱明町大野下７９５－２－１,0968-57-0012,本田　剛,本田　剛,一般　内,,平元. 4. 1,kyushu/000491321.zip
診療所,43,1810503,古庄胃腸科・内科医院,玉名市岱明町大野下１５１２－１,0968-57-0013,医療法人大精会　理事長　古庄　精一,古庄　精一,一般　胃　内　消　こう,,平元. 4. 1,kyushu/000491321.zip
診療所,43,1810511,坂田内科医院,玉名市岱明町高道１１９６ー１,0968-66-8600,坂田　哲宣,坂田　哲宣,内　呼　消　小,,平13. 9. 1,kyushu/000491321.zip
診療所,43,1810529,吉村循環器科内科医院,玉名市横島町横島３８９４番地１,0968-84-2765,医療法人　吉村医院　理事長　吉村　春雄,吉村　春雄,内　呼　消　リハ　放　循,,平6. 3. 1,kyushu/000491321.zip
診療所,43,1810537,安田内科医院,玉名市横島町横島３３８７,0968-84-3131,医療法人安田会　理事長　安田孝直,安田　紀之,内　呼　消　循　アレ,,平9. 1. 1,kyushu/000491321.zip
診療所,43,1810552,しまかわ医院,玉名市横島町横島４３０１－１,0968-84-3722,医療法人　明光会　理事長　佐藤　明子,佐藤　明子,内科　代謝内科　循環器内科　リハ,,平10. 8. 1,kyushu/000491321.zip
診療所,43,1810586,中野医院,玉名市天水町部田見字下管牟田８１２－２,0968-82-3970,中野　一彦,中野　一彦,内　循,,平4. 3. 16,kyushu/000491321.zip
診療所,43,1810602,小田整形外科医院,玉名市天水町小天７１９８,0968-82-4488,医療法人社団　幸義会　理事長　小田光義,小田　光義,一般　整外　リハ　リウ,,平11. 7. 1,kyushu/000491321.zip
診療所,43,1810610,鶴上整形外科リウマチ科,玉名市亀甲２３８,0968-72-2007,医療法人鶴整会　理事長　鶴上浩,鶴上　浩,整外　リハ　リウ,,平18. 4. 1,kyushu/000491321.zip
診療所,43,1810636,ひがし成人・循環器内科クリニック,玉名市岩崎６６５－１－１,0968-71-0600,医療法人隆望会　理事長　東　隆行,東　隆行,内　循　他,,平24. 1. 10,kyushu/000491321.zip
診療所,43,1810644,酒井医院,玉名市松木１３番地２,0968-71-0777,医療法人　優愛会　理事長　酒井　浩一,酒井　浩一,内　外　胃　こう　麻　リハ,,平24. 5. 1,kyushu/000491321.zip
診療所,43,1810651,大塚医院,玉名市天水町小天６９８６－１,0968-82-2005,大塚　良一,大塚　良一,一般　内　放　脳外　胃　循　呼　リハ,,平25. 4. 1,kyushu/000491321.zip
診療所,43,1810677,福本内科医院,玉名市岱明町鍋８３４,0968-57-2811,医療法人福寿会　理事長　福本　哲久,福本　哲久,内　循　他,,平26. 6. 1,kyushu/000491321.zip
診療所,43,1810693,鹿井内科,玉名市高瀬２３３－１,0968-72-2275,鹿井　太朗,鹿井　太朗,内,,平29. 4. 1,kyushu/000491321.zip
診療所,43,1810701,黒田クリニック　内科・代謝内科,玉名市寺田４３１－１,0968-73-6688,黒田　英作,黒田　英作,内　他,,平29. 5. 1,kyushu/000491321.zip
診療所,43,1810719,やざわ整形外科クリニック,玉名市松木２７番１,0968-72-3000,医療法人弥高　理事長　矢澤　克典,矢澤　克典,整外　リハ,,平30. 3. 1,kyushu/000491321.zip
診療所,43,1810727,おやまだ耳鼻咽喉科クリニック,玉名市築地３３３番１,0968-71-0808,医療法人社団青空会　　理事長　小山田　幸夫,小山田　幸夫,耳い　小児耳鼻咽喉科　アレ,,令元. 12. 1,kyushu/000491321.zip
診療所,43,1810735,たまきな診療所,玉名市玉名字西原２１９４,0968-73-3337,社会福祉法人玉医会　理事長　佐々木　浩,浦田　章子,内,,令3. 3. 1,kyushu/000491321.zip
診療所,43,1810750,泌尿器科内科むらかみクリニック,玉名市繁根木４０番地２,0968-57-8615,医療法人熊本上翔会　理事長　村上　滋孝,村上　滋孝,ひ　内,,令4. 7. 1,kyushu/000491321.zip
診療所,43,1810768,もみの木こどもクリニック,玉名市築地５番１,0968-72-0033,医療法人くるる　理事長　塵岡　健,塵岡　健,小　アレ,,令4. 10. 3,kyushu/000491321.zip
診療所,43,1810776,玉名脳神経外科医院,玉名市岩崎字灰島１１－１,0968-75-1511,医療法人悠紀会　理事長　反後　敏夫,山口　俊朗,脳外　外　整外　内,,令5. 8. 1,kyushu/000491321.zip
診療所,43,1910030,大森医院,合志市竹迫１９８３－２,096-248-0003,大森　邦弘,大森　邦弘,内　麻,,平13. 9. 25,kyushu/000491321.zip
診療所,43,1910048,医療法人社団高島会　たかしまこどもクリニック,合志市幾久富１８６６－５１３,096-248-5800,医療法人社団高島会　理事長　高島　悟,高島　悟,内　小,,平2. 9. 1,kyushu/000491321.zip
診療所,43,1910055,温耳鼻咽喉科医院,合志市幾久富１９０９－５４７,096-248-6188,医療法人社団開成会　理事長　温　永明,温　永明,耳い,,平6. 2. 1,kyushu/000491321.zip
診療所,43,1910063,平瀬内科医院,合志市幾久富１９０９－２２７,096-248-5227,医療法人平瀬会　理事長　平瀬　努,平瀬　優三,一般　療養　内,,平7. 6. 1,kyushu/000491321.zip
診療所,43,1910071,緒方整形外科医院,合志市幾久富字１７５８－６９０,096-248-8181,緒方　正光,緒方　正光,一般　整外　リハ　リウ,,平7. 7. 16,kyushu/000491321.zip
診療所,43,1910089,山岡胃腸科内科,合志市幾久富１７５８－１４５,096-248-9001,医療法人社団山秀会　理事長　山岡　俊明,山岡　俊明,内　胃　消,,平9. 9. 2,kyushu/000491321.zip
診療所,43,1910097,友田皮ふ科医院,合志市幾久富１９０９－９６４,096-248-6211,医療法人社団　ともだ会　理事長　友田　哲郎,友田　哲郎,皮,,平12. 4. 1,kyushu/000491321.zip
診療所,43,1910105,医療法人社団栄康会　ひかりケ丘眼科・内科医院,合志市幾久富１９０９－１３７９,096-348-6305,医療法人社団栄康会　理事長　西村　栄彦,奥田　聡哉,一般　眼　内,,平13. 10. 16,kyushu/000491321.zip
診療所,43,1910113,播磨医院,合志市幾久富下沖野１８６６－３４３,096-348-3511,医療法人　セイト会　播磨医院　理事長　播磨　暁美,播磨　暁美,眼　形外　整外　外　内　小外　こう　消　循　呼　美外　皮,,平14. 12. 1,kyushu/000491321.zip
診療所,43,1910139,池田クリニック,合志市幾久富１８６６－１３３２,096-248-8600,医療法人　榮邦会　理事長　池田　稔,池田　稔,ひ　婦,,平15. 8. 1,kyushu/000491321.zip
診療所,43,1910147,むさし眼科クリニック,合志市幾久富１９０９－５４５,096-248-6390,医療法人　本田会　理事長　本田　薫,本田　薫,眼,,平15. 12. 1,kyushu/000491321.zip
病院,43,1910170,中山記念病院,合志市須屋７０２,096-343-2617,医療法人中山会　理事長　信岡　幸彦,信岡　幸彦,精神　精　内,167,昭40. 1. 1,kyushu/000491321.zip
病院,43,1910196,合志第一病院,合志市御代志８１２－２,096-242-2745,特定医療法人萬生会　理事長　松野　文彦,堀川　健太郎,一般　療養　内　神内　皮　リハ　リウ　血液・腫瘍内科　緩和ケア内科　消化器内科　循環器内科,,昭52. 12. 16,kyushu/000491321.zip
診療所,43,1910204,森本整形外科医院,合志市御代志１６６５－１６６,096-242-2231,森本　敬三,森本　敬三,整外　形外　リハ　リウ,,昭60. 2. 1,kyushu/000491321.zip
診療所,43,1910238,庄嶋医院,合志市合生字辻久保４０９５－１,096-242-3388,医療法人社団庄嶋会　理事長　庄嶋　健,庄嶋　賢弘,一般　循　内　胃　こう　外科　血管外科,,平7. 4. 1,kyushu/000491321.zip
診療所,43,1910246,あおい在宅診療所,合志市須屋６７２－７,096-342-8888,医療法人菁莪斎　理事長　梨本　佑子,梨本　佑子,内　血液内科　疼痛緩和内科,,平7. 12. 1,kyushu/000491321.zip
診療所,43,1910279,柴田整形外科,合志市須屋１９７９－３,096-346-5500,医療法人柴田会　理事長　柴田　堅一郎,柴田　堅一郎,整外　リハ　内,,平15. 8. 1,kyushu/000491321.zip
診療所,43,1910295,いけざわこどもクリニック,合志市野々島２４６１,096-242-6633,医療法人いけざわこどもクリニック　理事長　池澤　滋,池澤　滋,小　アレ,,平21. 7. 15,kyushu/000491321.zip
診療所,43,1910303,副島耳鼻咽喉科クリニック,合志市須屋２５２６－１,096-249-1777,医療法人　副島会　理事長　副島　邦彦,副島　邦彦,耳い　アレ,,平17. 8. 1,kyushu/000491321.zip
診療所,43,1910329,みやがわ内科・糖尿病内科,合志市栄２４９７－１０,096-248-2155,医療法人五岳会　理事長　宮川　克俊,宮川　克俊,一般　一般　内科　糖尿病内科　代謝内科　脂質代謝内科　内分泌内科　循環器内科,,平18. 12. 1,kyushu/000491321.zip
診療所,43,1910345,まつもとこどもクリニック,合志市須屋２６４番地４,096-338-8960,医療法人童心会　理事長　松本眞一,松本　眞一,小　アレ　精,,平21. 12. 1,kyushu/000491321.zip
診療所,43,1910352,ナカシマセブンクリニック,合志市須屋１４１５番地５,096-288-0777,中嶋　淳滋,中嶋　淳滋,内　呼　消　胃　アレ　ひ,,平22. 11. 1,kyushu/000491321.zip
診療所,43,1910386,かたやま内科・漢方クリニック,合志市御代志２０３７－３,096-273-6960,片山　功夫,片山　功夫,内　漢方内科　糖尿病内科,,平25. 5. 1,kyushu/000491321.zip
診療所,43,1910394,ちとせ循環器内科,合志市幾久富１９０９番地５６９,096-273-7227,医療法人仁志会　理事長　千年　忠祐,千年　忠祐,内　循環器内科　リハ,,平25. 11. 1,kyushu/000491321.zip
診療所,43,1910402,平山内科クリニック,合志市御代志４６８－１,096-273-6104,平山　正剛,平山　正剛,内　呼内　アレ　小,,平26. 1. 1,kyushu/000491321.zip
診療所,43,1910444,三隅内科医院,合志市豊岡２０００－５９６,096-248-6161,三隅　修平,三隅　修平,内　糖尿病代謝内科　内分泌内科,,平28. 3. 1,kyushu/000491321.zip
診療所,43,1910469,Ｌｅｅこどもクリニック,合志市豊岡２０００－３３,096-215-5980,医療法人Ｌｅｅこどもクリニック　理事長　李　光鐘,李　光鐘,小　小外,,平29. 7. 1,kyushu/000491321.zip
診療所,43,1910477,合志渡邉内科クリニック,合志市竹迫字桜山２２９１番地,096-285-9720,医療法人社団　清流会　理事長　渡邉　義之,渡邉　裕文,内　脳内　老年内科　消化器内科,,平31. 2. 1,kyushu/000491321.zip
診療所,43,1910527,穂っぷ　こども在宅＆心身クリニック,合志市合生３９６５－２,096-247-6528,ＮＰＯ法人ＮＥＸＴＥＰ　理事　島津　智之,島津　智之,一般　一般　小,7,令4. 6. 1,kyushu/000491321.zip
診療所,43,1910535,くまもと免疫統合医療クリニック,合志市竹迫２２４９番地２,096-277-1205,医療法人全健会　理事長　赤木　純児,赤木　純児,腫瘍内科　胃腸内科　外　乳腺内科　婦　内　循環器内科　心外,,令4. 9. 1,kyushu/000491321.zip
診療所,43,1910550,ほしのマロニエこころのクリニック,合志市須屋７０６番２号ラポール柴田Ⅱ　１階１０３号,096-201-5270,医療法人一穂会　理事長　小林　幹穂,小林　幹穂,精,,令6. 11. 1,kyushu/000491321.zip
診療所,43,1910568,岩本整形外科,合志市豊岡２０００番地２４７４,096-223-8899,医療法人　岩本整形外科　理事長　岩本　克也,岩本　克也,整外　リハ　リウ,,令7. 4. 1,kyushu/000491321.zip
診療所,43,1910576,弓削クリニック・合志,合志市竹迫２２８７－１,096-277-5277,社会医療法人佐藤会　理事長　池田　英世,岡田　修治,心内　精,,令7. 10. 1,kyushu/000491321.zip
診療所,43,1910584,みずの内科・血圧心臓クリニック,合志市豊岡２０００番１０７,096-248-3355,医療法人　心晴会　理事長　水野　雄二,水野　雄二,循環器内科　内,,令8. 1. 1,kyushu/000491321.zip
病院,43,2010020,酒井病院,天草市本町下河内９６４,0969-22-4181,医療法人啓正会　理事長　酒井　保之,酒井　透,精神　精　児童精神科　老年精神科,140,昭32. 10. 1,kyushu/000491321.zip
病院,43,2010038,天草病院,天草市佐伊津町５７８９,0969-23-6111,医療法人　天草病院　福光　弘明,藤本　佳澄,精神　内　精　皮,437,昭53. 10. 1,kyushu/000491321.zip
病院,43,2010103,天草第一病院,天草市今釜新町３４１３－６,0969-24-3777,医療法人社団永寿会　理事長　永野　淳二,永野　博人,一般　療養　内　呼内　循環器内科　消化器内科　脳神経内科　人工透析内科　外科　消化器外科　呼外　整外　脳神経外科　ひ　リハ　人工透析血管外科　大腸・肛門外科　胃腸内科　腎臓内科　形外,,昭59. 5. 1,kyushu/000491321.zip
診療所,43,2010129,開内科医院,天草市下浦町２０９０－１,0969-23-0561,医療法人社団開会　理事長　開　美和,開　美和,一般　内,,昭63. 1. 1,kyushu/000491321.zip
診療所,43,2010137,産科婦人科本原クリニック,天草市古川町１０－２５,0969-24-1175,医療法人本原会　理事長　本原　研一,本原　研一,一般　産　婦,,平元. 4. 1,kyushu/000491321.zip
病院,43,2010145,一般社団法人天草郡市医師会立　天草地域医療センター,天草市亀場町食場８５４－１,0969-24-4111,一般社団法人天草郡市医師会　会長　東　一成,吉仲　一郎,一般　内　外科　消化器外科　循環器内科　整外　脳外　放　麻　小　ひ　リハ　消化器内科　神内　代謝内科　呼内　リウ,210,平4. 4. 1,kyushu/000491321.zip
診療所,43,2010178,おくむら皮ふ科,天草市南新町４－１３,0969-22-1488,奥村　之啓,奥村　之啓,皮,,平16. 5. 31,kyushu/000491321.zip
診療所,43,2010186,さかいクリニック,天草市港町１６－１１,0969-22-4133,医療法人社団苓仁会　理事長　酒井　丈典,酒井　丈典,一般　内　外　リハ,,平7. 3. 1,kyushu/000491321.zip
診療所,43,2010194,毛利内科,天草市本町下河内８４３－１,0969-22-3468,医療法人社団聖心会　理事長　毛利　康一郎,毛利　康一郎,内　消,,平7. 5. 1,kyushu/000491321.zip
診療所,43,2010210,稲村医院,天草市本渡町本渡８４８－６,0969-23-8168,稲村　芳美,稲村　芳美,内　精　神内,,平7. 10. 1,kyushu/000491321.zip
診療所,43,2010236,葦原医院,天草市今釜町８番１３号,0969-23-4988,医療法人　葦原会　理事長　葦原　浩,葦原　浩,内　他,,平24. 5. 28,kyushu/000491321.zip
診療所,43,2010244,おおどうクリニック,天草市亀場町亀川１７３１－１,0969-22-5156,医療法人社団　文心会　理事長　大堂　孝文,大堂　孝文,循　内,,平10. 6. 1,kyushu/000491321.zip
診療所,43,2010269,うらた眼科,天草市亀場町亀川１１０,0969-22-1431,医療法人社団　浦田会　理事長　浦田　謙二,浦田　謙二,眼,,平11. 11. 1,kyushu/000491321.zip
診療所,43,2010277,永芳医院,天草市栄町１２番３１号,0969-23-1166,医療法人社団　永芳会　理事長　永芳　実,永芳　実,一般　一般　内　小　ひ　精　神,18,平22. 8. 16,kyushu/000491321.zip
病院,43,2010293,ニュー天草病院,天草市太田町２－１,0969-22-3191,医療法人永輝会　理事長　永芳　亜紀,速形　俊昭,療養　療養　内　リハ　他,132,平13. 11. 1,kyushu/000491321.zip
診療所,43,2010319,天草ふれあいクリニック,天草市丸尾町１６－３４,0969-24-1400,社会医療法人芳和会　理事長　積　豪英,田嶋　剛,内　精,,平14. 4. 1,kyushu/000491321.zip
診療所,43,2010327,一般社団法人天草郡市医師会立　天草地域健診センター,天草市亀場町食場１１８１－１,0969-24-4166,一般社団法人天草郡市医師会　会長　東　一成,髙田　登,外　循環器内科　放,,平14. 11. 1,kyushu/000491321.zip
診療所,43,2010335,かわはら眼科クリニック,天草市八幡町７－２６,0969-25-1515,川原　幸雄,川原　幸雄,眼,,平14. 12. 1,kyushu/000491321.zip
診療所,43,2010343,福本医院,天草市楠浦町２５９,0969-23-3533,医療法人社団　福寿会　福本医院　理事長　福本　健太郎,福本　健太郎,一般　内,,平15. 1. 1,kyushu/000491321.zip
診療所,43,2010376,やました医院,天草市北原町２－１,0969-27-0131,医療法人誠啓会　理事長　山下　誠司,山下　誠司,循　内,,平15. 5. 1,kyushu/000491321.zip
診療所,43,2010384,大塚泌尿器科クリニック,天草市東浜町１４－１５,0969-22-2325,医療法人社団　大塚会　理事長　大塚　芳明,大塚　芳明,一般　一般　ひ　麻,17,平16. 10. 1,kyushu/000491321.zip
診療所,43,2010392,とりや耳鼻科,天草市南新町７－１５　パサージュみなみ２Ｆ,0969-22-6655,鳥谷　尚史,鳥谷　尚史,耳い　アレ,,平17. 1. 1,kyushu/000491321.zip
診療所,43,2010400,木山・中村クリニック,天草市小松原町１６－１３,0969-23-4412,医療法人　萌悠会　理事長　木山　茂,木山　茂,内　循　他,,平17. 1. 1,kyushu/000491321.zip
診療所,43,2010426,荘田医院,天草市南町１－２７,0969-22-2497,医療法人　ひじり　理事長　荘田　恭聖,荘田　恭聖,内　呼,,平17. 8. 1,kyushu/000491321.zip
診療所,43,2010475,小松医院,天草市牛深町１４９８番地２７,0969-72-6111,医療法人社団　創生会　理事長　小松　博泰,小松　博泰,一般　療養　内　循　消　呼内　リハ,,平29. 7. 1,kyushu/000491321.zip
診療所,43,2010483,松本内科・眼科,天草市久玉町５７１６－６,09697-2-2833,医療法人社団孔和会　理事長　松本　朋樹,松本　朋樹,一般　療養　内　循　眼　リハ　神内,,平4. 4. 1,kyushu/000491321.zip
病院,43,2010491,うしぶか心愛病院,天草市二浦町亀浦３１９８,09697-2-9553,医療法人　木下会　理事長　今野　健一郎,木下　裕章,精神　精,120,平8. 7. 1,kyushu/000491321.zip
病院,43,2010517,医療法人社団　福本会　福本病院,天草市牛深町１５２２－４６,0969-73-3131,医療法人社団　福本会　理事長　福本　純子,大曲　和博,療養　療養　内　循　胃　眼　整外　リハ　神内　リウ,35,平12. 10. 1,kyushu/000491321.zip
診療所,43,2010525,石松ファミリークリニック,天草市久玉町１４１１ー１３３,09697-4-0370,医療法人社団泰心会　理事長　石松　憲明,石松　憲明,一般　療養　内　循　リハ　整外,,平12. 12. 16,kyushu/000491321.zip
診療所,43,2010558,うしぶか皮膚科・形成外科クリニック,天草市牛深町１４９８－２５,0969-74-1122,医療法人社団　栗﨑会　理事長　栗﨑道紀,栗﨑　道紀,皮　形外　アレ,,平16. 7. 1,kyushu/000491321.zip
診療所,43,2010582,島子ごとう医院,天草市有明町大島子１９９０－１,0969-52-0111,医療法人　汀会　理事長　後藤　知由,後藤　知由,一般　一般　内　胃　外　麻　消化器内科,,平14. 9. 1,kyushu/000491321.zip
病院,43,2010590,天草厚生病院,天草市有明町小島子１３６０,0969-25-6111,医療法人社団　平成会　理事長　新谷　陽一郎,草野　秀一,療養　療養　内　循　放　リハ,180,平15. 2. 1,kyushu/000491321.zip
診療所,43,2010608,大岩クリニック,天草市御所浦町御所浦３１００－６,0969-67-3888,医療法人社団　千寿会　理事長　兒玉　弘悟,兒玉　弘悟,一般　一般　内　小　リハ　外,19,平15. 4. 1,kyushu/000491321.zip
診療所,43,2010616,くらたけ小松医院,天草市倉岳町宮田１１３３－６,0969-64-3737,医療法人小松会　理事長　小松　良治,小松　太陽,一般　内　呼内　小　整外,,平3. 7. 1,kyushu/000491321.zip
診療所,43,2010632,本原内科小児科医院,天草市栖本町湯船原７３５－１,0969-66-2010,医療法人聖藍会　理事長　本原　邦彦,本原　邦彦,一般　療養　内　小,,平3. 10. 1,kyushu/000491321.zip
病院,43,2010665,天草セントラル病院,天草市五和町御領９０９３,0969-32-2111,医療法人一陽会　理事長　新谷　陽一郎,古池　一吉,療養　内　呼　消　循　リハ　放,302,昭58. 8. 1,kyushu/000491321.zip
診療所,43,2010673,市丸医院,天草市五和町城河原３丁目４５７,0969-34-0036,医療法人市寿会　理事長　市丸　壽彦,市丸　壽彦,内　胃,,平10. 7. 1,kyushu/000491321.zip
診療所,43,2010699,楽洋クリニック,天草市五和町二江４４８８－５,0969-33-2020,渡邉　一夫,渡邉　一夫,内　皮　ひ,,平17. 10. 1,kyushu/000491321.zip
診療所,43,2010731,生田医院,天草市河浦町宮野河内４７－５,09697-8-0331,生田　翔,生田　翔,内　消化器内科　小　リハ,,昭62. 4. 1,kyushu/000491321.zip
診療所,43,2010749,野田医院,天草市河浦町河浦４７７８ー３,09697-6-0067,医療法人社団野田会　理事長　野田賢之介,野田　賢之介,一般　内　神,,平13. 6. 18,kyushu/000491321.zip
診療所,43,2010764,松本医院,天草市河浦町河浦３１１０ー１２,09697-6-0039,医療法人松本会　理事長　松本裕三郎,松本　裕三郎,一般　内　小,,平13. 4. 1,kyushu/000491321.zip
診療所,43,2010780,医療法人寛栄会　こくまい耳鼻咽喉科・アレルギー科クリニック,天草市中村町５－２５,0969-22-8733,医療法人　寛栄会　理事長　國米　秀幸,國米　秀幸,耳い　アレ,,平25. 10. 1,kyushu/000491321.zip
診療所,43,2010798,本渡クリニック,天草市亀場町亀川２５４,0969-33-8800,德永　愼介,徳永　愼介,形外　皮,,令5. 8. 3,kyushu/000491321.zip
診療所,43,2010822,佐藤クリニック,天草市牛深町３４６０－１０２,0969-73-3155,佐藤　哲紀,佐藤　哲紀,整外　外　内,,平22. 1. 1,kyushu/000491321.zip
診療所,43,2010848,中村こども・内科クリニック,天草市五和町二江１４７７－５７,0969-33-0144,医療法人　扶桑会　理事長　中村　英一,中村　英一,一般　一般　内　小,19,平22. 12. 1,kyushu/000491321.zip
診療所,43,2010855,十万山クリニック,天草市本渡町広瀬５－２１,0969-24-7700,医療法人　扶桑会　理事長　中村　英一,中村　弓美,内　小,,平22. 12. 1,kyushu/000491321.zip
診療所,43,2010897,中山内科・循環器内科クリニック,天草市太田町８－８,0969-25-1711,医療法人　正恵会　理事長　中山　雅文,中山　雅文,循環器内科　内,,平26. 11. 1,kyushu/000491321.zip
診療所,43,2010913,やの眼科,天草市亀場町食場後山下７４０,0969-24-7310,医療法人　尚仁会　理事長　矢野　豪,矢野　豪,眼,,平27. 12. 1,kyushu/000491321.zip
診療所,43,2010939,わせだ直子レディースクリニック,天草市港町１６－３１,0969-24-8711,早稲田　直子,早稲田　直子,産婦,,平28. 10. 1,kyushu/000491321.zip
診療所,43,2010954,長野内科小児科医院,天草市五和町御領６４５４番地,0969-32-2323,医療法人　光總会　理事長　長野　章子,長野　章子,一般　療養　内　小,,平29. 1. 1,kyushu/000491321.zip
診療所,43,2010988,三宅皮ふ科クリニック,天草市八幡町７－１８,0969-66-9331,医療法人　三宅皮ふ科クリニック　理事長　三宅　大我,三宅　大我,皮,,平30. 4. 1,kyushu/000491321.zip
診療所,43,2011010,天草総合内科・内視鏡クリニック,天草市亀場町亀川１６８０番地,0969-22-1155,医療法人孝隆会　理事長　岡部　家孝,岡部　家孝,内　消化器内科　内視鏡内科,,令3. 8. 1,kyushu/000491321.zip
診療所,43,2011036,在宅とつながるクリニック天草,天草市宮地岳町１７３４番地２,0969-28-0515,医療法人社団かえる会　理事長　倉本　剛史,倉本　剛史,内　心内,,令5. 6. 1,kyushu/000491321.zip
診療所,43,2011044,あまくさ乳腺クリニック,天草市八幡町１６番２０号,0969-23-1100,稲尾　瞳子,稲尾　瞳子,乳腺外科　内,,令5. 10. 1,kyushu/000491321.zip
診療所,43,2011051,まえかわ整形外科,天草市東町７番４３号,0969-32-5225,医療法人まえかわ整形外科　理事長　前川　剛士,前川　剛士,整外　リハ,,令5. 10. 1,kyushu/000491321.zip
診療所,43,2011069,天草まつもとクリニック,天草市南新町７－１,0969-24-5100,医療法人社団　孔和会　理事長　松本　朋樹,松本　衣里,内科　緩和ケア内科　糖尿病内科　眼,,令7. 9. 1,kyushu/000491321.zip
診療所,43,2011077,天草ナーシングホーム診療所,天草市本渡町広瀬１３４７番地,0969-24-7200,社会福祉法人　清志会　理事長　前田　剛,前田　たかね,内,,令7. 12. 1,kyushu/000491321.zip
診療所,43,2011085,あまくさ生活習慣病クリニック,天草市亀場町亀川１２３番地９,0969-33-7755,守田　雄太郎,守田　雄太郎,糖尿病内科　代謝内科　内分泌内科,,令8. 4. 1,kyushu/000491321.zip
病院,43,2311220,くまもと温石病院,下益城郡美里町中小路８３５,0964-46-3000,医療法人愛生会　理事長　村井　映,村井　映,療養　一般　内　循環器内科　呼内　消化器内科　整外　リハ,,昭57. 12. 1,kyushu/000491321.zip
診療所,43,2311535,石井クリニック,下益城郡美里町萱野１４２０,0964-46-3990,石井　純,石井　純,内　胃　外　小外　皮ひ　こう　リハ　放　麻,,平8. 7. 1,kyushu/000491321.zip
病院,43,2311774,間部病院,下益城郡美里町永富３２８,0964-47-0032,医療法人　美里みどり会　理事長　間部　訓章,間部　訓章,一般　内　外　耳い　婦　小　皮　整外　リハ　呼内　人工透析内科,,平19. 4. 1,kyushu/000491321.zip
診療所,43,2311816,美里リハビリテーションクリニック,下益城郡美里町洞岳１３０８番地,0964-48-0211,社会医療法人　黎明会　理事長　江上　寛,竹田　晴生,内　呼内　リハ　循環器内科　整外　歯　糖尿病内科,,平31. 4. 1,kyushu/000491321.zip
病院,43,2410873,有明成仁病院,玉名郡長洲町宮野２７７５,0968-78-1133,医療法人社団聖和会　理事長　細谷　和生,本多　敬和,療養　内　循　消　整外　リハ　小　リウ　神内　脳外　歯,,昭55. 12. 16,kyushu/000491321.zip
診療所,43,2411053,田尻医院,玉名郡南関町関町１２１８－１,0968-53-0016,医療法人社団　田尻会　理事長　田尻　守拡,田尻　守拡,内　呼内　皮,,平5. 10. 1,kyushu/000491321.zip
診療所,43,2411061,さかき診療所,玉名郡南関町上長田６３８－１,0968-53-1125,社会医療法人　親仁会　理事長　田中　清貴,塩塚　真二,内　外　整外　小　リハ　精,,平6. 1. 1,kyushu/000491321.zip
診療所,43,2411087,田宮二郎内科,玉名郡長洲町長洲２９３２－３,0968-78-2150,医療法人和幸会　理事長　田宮　二郎,田宮　二郎,内　呼　胃　小,,平7. 9. 1,kyushu/000491321.zip
診療所,43,2411111,ながすクリニック,玉名郡長洲町大字長洲１３５４,0968-78-0527,医療法人池満会　理事長　久留須　裕司,久留須　裕司,療養　内　外,,平9. 6. 1,kyushu/000491321.zip
診療所,43,2411194,森の里クリニック,玉名郡和水町大田黒６９９,0968-34-2800,医療法人社団　直心会　理事長　岡本　莉佳,西垣　莉奈,内,,平11. 7. 1,kyushu/000491321.zip
診療所,43,2411210,西山クリニック,玉名郡長洲町清源寺２７９４－１,0968-78-7811,医療法人　慧仁会　理事長　西山　敬一郎,西山　敬一郎,内　胃　呼　アレ　リハ,,平12. 6. 1,kyushu/000491321.zip
診療所,43,2411228,安成医院,玉名郡玉東町木葉７５５ー６,0968-85-2047,医療法人木生会　理事長　安成　英文,安成　英文,内　外　小　胃　心内,,平13. 8. 1,kyushu/000491321.zip
診療所,43,2411251,田辺クリニック,玉名郡南関町上坂下３４８０,0968-53-8211,平山　雅章,平山　雅章,内　呼　循　消,,平16. 4. 1,kyushu/000491321.zip
診療所,43,2411269,多田隈内科医院,玉名郡長洲町宮野１８７－１,0968-78-3011,中島　奈津子,中島　奈津子,一般　内　小　消　胃　循,,平16. 6. 10,kyushu/000491321.zip
診療所,43,2411301,いまおかクリニック,玉名郡長洲町宮野１４６８番地１,0968-78-3410,医療法人社団　立春栄会　理事長　今岡　秀俊,今岡　秀俊,胃　外　内　消,,平22. 12. 1,kyushu/000491321.zip
診療所,43,2411319,和水クリニック,玉名郡和水町原口７２９－１,0968-86-6001,毛利　友彦,毛利　友彦,内,,令2. 7. 1,kyushu/000491321.zip
病院,43,2611140,熊本リハビリテーション病院,菊池郡菊陽町曲手７６０,096-232-3111,社会医療法人令和会　理事長　坂口　満,桑原　公倫,一般　内　循環器内科　消化器内科　代謝内科　血管外科　整外　形外　脳神経外科　リウ　リハ　麻　放　呼内　歯　歯外　ひ　脳神経内科　心臓血管外科,225,昭49. 5. 1,kyushu/000491321.zip
病院,43,2611199,菊陽病院,菊池郡菊陽町大字原水５５８７,096-232-3171,社会医療法人芳和会　理事長　積　豪英,橋本　和子,精神　内　精　神　放　歯,308,昭51. 11. 1,kyushu/000491321.zip
病院,43,2611272,菊陽台病院,菊池郡菊陽町久保田２９８４,096-232-1191,医療法人社団熊本清仁会　理事長　田中　洋平,田中　洋平,一般　療養　整外　放　リハ　内　呼内　代謝内科　消化器内科　循環器内科　老年内科,,昭55. 6. 1,kyushu/000491321.zip
診療所,43,2611348,竹長小児科内科医院,菊池郡菊陽町杉並台２丁目１２番１５号,096-232-1110,竹長　幸男,竹長　幸男,内　小,,昭58. 5. 16,kyushu/000491321.zip
病院,43,2611496,熊本セントラル病院,菊池郡菊陽町大字原水２９２１番地,096-340-5001,社会医療法人潤心会　理事長　南野　隆一,井上　雅文,一般　内　呼内　循環器内科　消化器内科　血液内科　代謝内科　腎臓内科　脳内　外　心外　整外　脳外　形外　精　皮　ひ　耳い　リハ　放　麻　救急科　病理診断科,246,令2. 10. 3,kyushu/000491321.zip
診療所,43,2611595,矢野医院,菊池郡菊陽町大字原水１６１１,096-232-3861,矢野　克比古,矢野　克比古,内　消　外　リハ　放,,平元. 10. 16,kyushu/000491321.zip
診療所,43,2611660,ちが産婦人科医院,菊池郡菊陽町大字原水字中尾上２９５１－１,096-232-9131,医療法人社団博慈会　理事長　値賀　正章,値賀　正彦,一般　産　婦　麻,,平2. 10. 1,kyushu/000491321.zip
診療所,43,2611694,樽美外科整形外科医院,菊池郡大津町大津１１７７,096-293-2100,樽美　光一,樽美　光一,一般　胃　外　整外　皮　リハ,,平3. 9. 1,kyushu/000491321.zip
診療所,43,2611728,山縣内科医院,菊池郡大津町大字大津２０５７,096-293-4430,医療法人社団山縣会　理事長　中村　正,中村　正,内,,平3. 10. 1,kyushu/000491321.zip
病院,43,2611736,阿梨花病院大津,菊池郡大津町室２６１－９,096-293-5000,医療法人社団　坂梨会　理事長　坂梨　嘉壽惠,岩下　浩蔵,一般　療養　内　呼内　外　整外　リハ　放　消化器内科　人工透析内科,,平3. 12. 1,kyushu/000491321.zip
診療所,43,2611777,ふくだ医院,菊池郡大津町大津１２１０番５,096-293-2771,医療法人福田会　理事長　福田洋典,福田　洋典,一般　内　耳い　アレ　ひ,,平21. 12. 1,kyushu/000491321.zip
診療所,43,2611843,仁誠会クリニック大津,菊池郡菊陽町原水字塘下２９７３,096-232-9595,医療法人社団　仁誠会　理事長　田尻哲也,田尻　さえ子,一般　内科　腎臓内科　人工透析内科　皮,,平6. 1. 1,kyushu/000491321.zip
診療所,43,2611884,武蔵しもむら医院,菊池郡菊陽町武蔵ヶ丘二丁目十番七号,096-339-7561,下村　正彦,下村　正彦,内　小　アレ,,平7. 3. 16,kyushu/000491321.zip
診療所,43,2611918,菊陽中部クリニック,菊池郡菊陽町津久礼８６８－５,096-232-1566,医療法人星乃会　理事長　星乃　光有,星乃　光有,内　リウ　他,,平7. 4. 1,kyushu/000491321.zip
診療所,43,2611991,宮本内科医院,菊池郡大津町大字室５３９－１０,096-293-1700,医療法人社団聖和会　理事長　田宮　芳孝,田宮　芳孝,一般　内　循　胃　放　糖尿病・代謝内科　腎臓内科　人工透析内科　精,,平8. 3. 1,kyushu/000491321.zip
診療所,43,2612072,竹田津医院,菊池郡大津町室１５６,096-293-2521,医療法人社団樹　理事長　大町　美樹,大町　美樹,内　小,,平9. 3. 1,kyushu/000491321.zip
診療所,43,2612114,ふじおか内科,菊池郡菊陽町大字久保田字下原２７３３－３,096-232-7550,医療法人社団藤岡会　理事長　藤岡　宏嘉,藤岡　宏嘉,内　消　循　リハ　小,,平10. 1. 1,kyushu/000491321.zip
診療所,43,2612155,菊陽あきたクリニック,菊池郡菊陽町大字原水１１５６－１３,096-232-8333,医療法人社団　博心会　理事長　飽田　和博,飽田　和博,内　呼内　消化器内科　外,,平10. 6. 16,kyushu/000491321.zip
診療所,43,2612171,しもむら整形外科医院,菊池郡菊陽町津久礼石坂２２３２－１,096-232-5836,下村　義文,下村　義文,整外　リハ,,平11. 2. 1,kyushu/000491321.zip
診療所,43,2612221,松岡耳鼻咽喉科医院,菊池郡菊陽町津久礼２４２２番地１５,096-232-5011,医療法人社団　松陽会　理事長　松岡　浩明,松岡　浩明,耳い　アレ,,平12. 4. 1,kyushu/000491321.zip
診療所,43,2612312,菊陽レディースクリニック,菊池郡菊陽町新山２－８－２３,096-213-5656,社会医療法人愛育会　理事長　福田　稠,島田　清,一般　一般　産婦　小,19,平14. 9. 1,kyushu/000491321.zip
病院,43,2612338,東熊本第二病院,菊池郡菊陽町辛川１９２３－１,096-232-3939,医療法人　永田会　理事長　永田　壮一,馬場　太果志,療養　療養　一般　一般　内　消化器内科　循環器内科　リハ　放　呼内　皮　整外　消化器外科,111,平14. 12. 1,kyushu/000491321.zip
診療所,43,2612353,医療法人　仁童会　なみかわ小児科,菊池郡大津町室９５９,096-293-1163,医療法人　仁童会　なみかわ小児科　理事長　並河　紳,並河　紳,小,,平14. 12. 1,kyushu/000491321.zip
診療所,43,2612387,たしろクリニック,菊池郡大津町大津１２１２－２７,096-340-3220,田代　和弘,田代　和弘,内　胃　消　こう　リハ　アレ,,平15. 6. 1,kyushu/000491321.zip
診療所,43,2612403,河野内科クリニック,菊池郡菊陽町津久礼下沖野３０１１－４,096-233-1717,河野　正一郎,河野　正一郎,呼　アレ　循　内　消　神内　小,,平15. 7. 1,kyushu/000491321.zip
診療所,43,2612502,いしはら皮ふ科クリニック,菊池郡大津町室２１５－８,096-293-3003,石原　秀治,石原　秀治,皮　形外　アレ,,平16. 5. 1,kyushu/000491321.zip
診療所,43,2612544,大津中村整形外科,菊池郡大津町室５３２－１,096-293-8888,医療法人社団岩倉会　理事長　石井　一誠,石井　一誠,一般　整外　リハ　内,,平17. 4. 1,kyushu/000491321.zip
診療所,43,2612585,えうら耳鼻咽喉科クリニック,菊池郡大津町室２１０－６,096-340-3387,医療法人　正佑会　理事長　江浦　正郎,江浦　正郎,耳い　アレ,,平17. 9. 1,kyushu/000491321.zip
診療所,43,2612601,よしもと小児科,菊池郡菊陽町原水１１５６－２,096-233-2520,医療法人社団　吉本会　理事長　吉本　寿美,吉本　寿美,小　アレ,,平17. 12. 1,kyushu/000491321.zip
診療所,43,2612619,たぶち内科循環器科,菊池郡菊陽町光の森３－１７－３,096-233-3588,田渕　利文,田渕　利文,内　心内　神内　呼　循　小　皮　放　アレ,,平18. 4. 1,kyushu/000491321.zip
診療所,43,2612635,しばた内科クリニック,菊池郡大津町室５５,096-293-2050,柴田　昌一朗,柴田　昌一朗,内　呼　消　アレ,,平18. 9. 19,kyushu/000491321.zip
診療所,43,2612643,堀田眼科,菊池郡菊陽町久保田２８０２－１,096-292-3455,医療法人堀田眼科　理事長　堀田明弘,堀田　明弘,眼,,平19. 2. 1,kyushu/000491321.zip
診療所,43,2612650,本多内科胃腸科医院,菊池郡菊陽町馬場楠４２７,096-232-2021,医療法人社団慶仁会　理事長　本多　慶臣,本多　慶臣,内　消,,平19. 3. 1,kyushu/000491321.zip
診療所,43,2612668,かとう整形外科　光の森,菊池郡菊陽町光の森３丁目１７番地４,096-349-2255,医療法人　椎の葉会　理事長　加藤悌二,加藤　悌二,整外　リウ　リハ,,平19. 7. 1,kyushu/000491321.zip
診療所,43,2612676,いはら形成外科クリニック,菊池郡菊陽町光の森７丁目１４－７,096-340-2560,猪原　英二,猪原　英二,形外,,平19. 11. 1,kyushu/000491321.zip
診療所,43,2612692,あらいクリニック,菊池郡大津町錦野３９４,096-293-2358,荒井　光広,荒井　光広,内　外　こう　消　呼　リハ,,平21. 1. 1,kyushu/000491321.zip
診療所,43,2612700,仁誠会クリニック光の森,菊池郡菊陽町光の森３丁目１－１,096-285-3466,医療法人社団　仁誠会　理事長　田尻哲也,江田　幸政,腎臓内科　人工透析内科　内　皮,,平21. 6. 1,kyushu/000491321.zip
診療所,43,2612718,つくれクリニック,菊池郡菊陽町大字津久礼２５２８番地５,096-285-3335,医療法人社団峯和会　理事長　林義智,林　義智,内　小　循　呼　消　リハ,,平22. 2. 1,kyushu/000491321.zip
診療所,43,2612742,さくら眼科クリニック,菊池郡菊陽町光の森７丁目３３番地１,096-340-2325,医療法人拓雄会　理事長　劉　美智,木村　守一,眼,,平24. 2. 1,kyushu/000491321.zip
診療所,43,2612759,ちとせ眼科,菊池郡菊陽町光の森７丁目３番地７,096-243-1100,医療法人　至誠会　理事長　千年　宣忠,千年　宣忠,眼,,平24. 1. 1,kyushu/000491321.zip
診療所,43,2612775,大津じんないクリニック,菊池郡大津町陣内１１６７番地５,096-294-5403,医療法人　田中会　理事長　田中　英一,田中　素美,内　心内　整外　リハ,,平24. 5. 1,kyushu/000491321.zip
診療所,43,2612783,岩上眼科,菊池郡大津町大津１２１２番地２９,096-293-2053,医療法人社団　静澄会　理事長　岩上　英一,岩上　英一,眼,,平24. 5. 1,kyushu/000491321.zip
診療所,43,2612791,のざわ医院,菊池郡大津町引水５７８－２,096-293-8000,野澤　文昭,野澤　文昭,内　消　胃　外,,平27. 8. 1,kyushu/000491321.zip
診療所,43,2612809,光の森メンタルクリニック,菊池郡菊陽町光の森７丁目４１ー４,096-232-8102,医療法人梟会　理事長　宮谷　高史,宮谷　高史,精　心内　睡眠障害内科,,平25. 5. 1,kyushu/000491321.zip
診療所,43,2612825,なかふさ心療内科・光の森,菊池郡菊陽町光の森７－２５－５達裕グリーンズエリア光の森１Ｆ１０３,096-288-6802,中房　憲司,中房　憲司,心内　精,,平26. 11. 1,kyushu/000491321.zip
診療所,43,2612833,光進会クリニック,菊池郡大津町室　三郎松１７２４－１,096-294-8888,医療法人社団　光進会　理事長　古賀　寛久,古賀　寛久,内科　糖尿病内科　内分泌内科（甲状腺）,,平27. 5. 1,kyushu/000491321.zip
診療所,43,2612841,はなぶさクリニック,菊池郡大津町大字引水１９６番地１９,096-282-8555,髙尾　英介,髙尾　英介,内　呼吸器内科・循環器内科・糖尿病内科・脂質代謝内科　アレ,,令元. 10. 1,kyushu/000491321.zip
診療所,43,2612882,大津なかしま眼科,菊池郡大津町引水７００－１,096-293-3383,中島　圭一,中島　圭一,眼,,令3. 6. 1,kyushu/000491321.zip
診療所,43,2612916,そうま眼科,菊池郡菊陽町原水２９０６番地５,096-340-5520,医療法人智実会　　理事長　相馬　実穂,相馬　実穂,眼,,令3. 12. 1,kyushu/000491321.zip
診療所,43,2612924,さかぐち消化器・内科クリニック,菊池郡菊陽町津久礼２４１７－２,096-292-3800,坂口　将文,坂口　将文,消化器内科　内,,令4. 7. 1,kyushu/000491321.zip
診療所,43,2612940,アトピアクリニック,菊池郡菊陽町津久礼２４２２番地４サンリーカリーノ２階,096-349-2766,医療法人アトピア　理事長　稲葉　葉一,稲葉　葉一,皮　アレ,,令5. 1. 1,kyushu/000491321.zip
診療所,43,2612957,岡本内科・呼吸器内科クリニック,菊池郡大津町大字室２１３番地９,096-293-6000,医療法人岡本内科・呼吸器内科クリニック　理事長　岡本　知久,岡本　知久,内　呼内　脳内,,令5. 4. 1,kyushu/000491321.zip
診療所,43,2612965,うえの整形外科クリニック,菊池郡菊陽町大字原水２３,096-288-6177,上野　智規,上野　智規,整外　リハ　リウ,,令5. 6. 1,kyushu/000491321.zip
診療所,43,2612973,くろかわクリニック,菊池郡菊陽町大字原水２９１２番地１,096-288-6185,医療法人社団篤心会　理事長　黑川　慎一郎,黑川　慎一郎,ひ　腎臓内科　美容皮膚科　婦,,令5. 8. 1,kyushu/000491321.zip
診療所,43,2612981,ハル内科皮フ科クリニック,菊池郡菊陽町津久礼２３７７番地１,096-232-8383,医療法人花悠会　理事長　春本　篤巨,春本　篤巨,内　糖尿病内科　腎臓内科　内分泌内科　皮　小,,令5. 10. 1,kyushu/000491321.zip
診療所,43,2612999,大津なかしま皮膚科・美容皮膚科,菊池郡大津町引水７２９－１,096-294-7770,中島　聡子,中島　聡子,皮　美容皮膚科　小児皮膚科　アレ　形外,,令6. 5. 1,kyushu/000491321.zip
診療所,43,2613005,永田眼科,菊池郡菊陽町津久礼２４３４番地,096-285-1117,医療法人智仁勇　理事長　永田　智,永田　智,眼,,令6. 4. 1,kyushu/000491321.zip
診療所,43,2613013,光の森こどもクリニック,菊池郡菊陽町光の森５－２０－１０,096-377-8005,橘　秀和,橘　秀和,小,,令6. 10. 1,kyushu/000491321.zip
診療所,43,2613021,ゆめクリニック,菊池郡大津町大津中井迫２４１１－７,096-234-9999,市橋　政和,市橋　政和,心内　内　精　脳内,,令7. 4. 1,kyushu/000491321.zip
診療所,43,2613039,たかひろ整形外科,菊池郡菊陽町大字津久礼１６５－１２,096-237-8118,伊東　孝浩,伊東　孝浩,整外　リハ　リウ,,令7. 5. 1,kyushu/000491321.zip
診療所,43,2613054,なかがわ整形,菊池郡菊陽町花立３丁目１４番１０号,096-386-3188,医療法人　フォーチュン　理事長　中川　弘彰,中川　弘彰,整外　形外　リハ　美容皮膚科,,令7. 11. 4,kyushu/000491321.zip
診療所,43,2613062,きくよう泌尿器科・内科,菊池郡菊陽町原水１１６６番地１,096-233-1000,医療法人カイノス　理事長　矢野　大輔,矢野　大輔,ひ　内,,令8. 6. 1,kyushu/000491321.zip
病院,43,2711114,阿蘇立野病院,阿蘇郡南阿蘇村大字立野１８５－１,09676-8-0111,医療法人社団順幸会　理事長　上村　晋一,片山　幸広,一般　療養　内科　代謝内科　消化器内科　消化器外科　循環器内科　人工透析内科　外　整外　心外　ひ　リハ　放,,平元. 4. 1,kyushu/000491321.zip
診療所,43,2711189,藤本医院,阿蘇郡南阿蘇村大字中松２８３６,09676-7-0020,藤本　康子,藤本　康子,内　小,,平2. 5. 1,kyushu/000491321.zip
診療所,43,2711239,良見内科医院,阿蘇郡高森町大字高森１６１３番地５,0967-62-0646,医療法人社団良見内科医院　理事長　吉見　賢宣,吉見　賢宣,内,,令4. 10. 1,kyushu/000491321.zip
診療所,43,2711312,上村医院,阿蘇郡南阿蘇村大字下野４０１－５,0967-35-0336,医療法人社団　順幸会　理事長　上村　晋一,市原　知文,一般　療養　内　外　胃　整外　循環器内科,,平9. 5. 1,kyushu/000491321.zip
診療所,43,2711320,渡邉内科,阿蘇郡南阿蘇村大字河陰４６６７,09676-7-1777,医療法人社団清流会　理事長　渡邉　義之,渡邉　久倫,内　神内　呼　消　循　放,,平11. 2. 1,kyushu/000491321.zip
診療所,43,2711346,蓮田クリニック,阿蘇郡南小国町赤馬場１９５６－１７,0967-42-0125,医療法人社団　昭仁会　理事長　辻　龍也,辻　龍也,内　外　リハ,,平11. 8. 1,kyushu/000491321.zip
診療所,43,2711403,おぐに整形外科,阿蘇郡小国町宮原１７７１－１－１,0967-46-2121,梅田　修二,梅田　修二,整外　内　リウ　リハ,,平14. 7. 1,kyushu/000491321.zip
診療所,43,2711544,渡邉総合内科クリニック,阿蘇郡高森町大字高森２０２２番地３,0967-65-2201,医療法人社団清流会　理事長　渡邉　義之,渡邉　義之,内　神内　呼　消　胃　循　リウ,,平25. 2. 1,kyushu/000491321.zip
診療所,43,2711551,寺﨑内科胃腸科クリニック,阿蘇郡南阿蘇村大字白川２１１０－１,0967-62-0378,医療法人　阿蘇久仁会　理事長　寺﨑　久泰,寺﨑　久泰,内　消　胃,,平26. 9. 1,kyushu/000491321.zip
診療所,43,2711585,俵山クリニック,阿蘇郡西原村小森２８２２－３,096-292-2250,医療法人賢裕光生会　理事長　今村　治男,今村　治男,内　消化器内科,,令4. 6. 1,kyushu/000491321.zip
診療所,43,2711593,いしだクリニック,阿蘇郡西原村大字小森３２０９－２,096-279-2500,石田　隼一,石田　隼一,内　消化器内科,,令5. 4. 1,kyushu/000491321.zip
診療所,43,2711601,ハッピー眼科,阿蘇郡南阿蘇村大字河陰３９８９番地１,0967-65-8022,医療法人社団彩健会　理事長　仲西　麻由子,仲西　麻由子,眼,,令7. 4. 1,kyushu/000491321.zip
診療所,43,2810056,高橋医院,上益城郡甲佐町大字早川１４４３,096-234-0970,高橋　公明,高橋　公明,内,,昭32. 10. 1,kyushu/000491321.zip
病院,43,2810684,医療法人　荒瀬会　荒瀬病院,上益城郡甲佐町緑町３３１,096-234-1161,医療法人　荒瀬会　理事長　荒瀬　一巳,荒瀬　一巳,療養　内　外　整外　リハ　他,,昭32. 10. 1,kyushu/000491321.zip
病院,43,2810692,矢部広域病院,上益城郡山都町下馬尾２０４,0967-72-1121,医療法人杏章会　理事長　坂本　達彦,坂本　達彦,一般　療養　内　循　他　外　こう　整外　麻,,昭32. 10. 1,kyushu/000491321.zip
病院,43,2810718,谷田病院,上益城郡甲佐町岩下１２３,096-234-1248,医療法人谷田会　理事長　谷田　理一郎,谷田　理一郎,一般　療養　内　小　他　呼内　リハ,,昭37. 4. 1,kyushu/000491321.zip
病院,43,2810734,益城病院,上益城郡益城町馬水１２３番地,096-286-3611,社会医療法人ましき会　理事長　松永　哲夫,渡邊　信夫,精神　精　心内　小児科（児童思春期）　歯,198,令元. 5. 1,kyushu/000491321.zip
病院,43,2810809,リハビリテーションセンター熊本回生会病院,上益城郡嘉島町鯰１８８０,096-237-1133,医療法人回生会　理事長　大橋　浩太郎,鬼木　泰成,一般　療養　内　循環器内科　脳内　外　整外　脳外　リウ　リハ　放　歯　歯外　麻,110,昭52. 4. 1,kyushu/000491321.zip
病院,43,2811005,東熊本病院,上益城郡益城町惣領字木神１５２２－１,096-286-2525,医療法人永田会　理事長　永田　壮一,永田　壮一,一般　内　小　皮　放　リハ　消化器内科　循環器内科,,昭58. 8. 1,kyushu/000491321.zip
病院,43,2811013,さくら病院,上益城郡益城町広崎１４４５－１５,096-286-8111,医療法人社団広崎会　理事長　川冨　正治,大村　春孝,療養　内　呼内　循環器内科　消化器内科　リハ　放　人工透析内科　代謝内科　腎臓内科　感染症内科,164,昭59. 4. 1,kyushu/000491321.zip
診療所,43,2811039,藤岡医院,上益城郡御船町御船１０６１,096-282-0405,医療法人社団藤岡会　理事長　藤岡　靖也,藤岡　靖也,一般　内　小　消　リハ,,平元. 4. 1,kyushu/000491321.zip
診療所,43,2811047,嘉島クリニック,上益城郡嘉島町鯰２６３９,096-237-1732,医療法人社団如水会　理事長　嶋田　英敬,石松　秀,内　人工透析内科,,平元. 11. 1,kyushu/000491321.zip
診療所,43,2811070,山地外科胃腸科医院,上益城郡嘉島町上島２４９１,0962-37-0003,医療法人社団五代会　理事長　山地　陽一,山地　陽一,外　胃　内　循,,平3. 7. 1,kyushu/000491321.zip
病院,43,2811096,瀬戸病院,上益城郡山都町北中島２８０６,0967-75-0111,医療法人幸翔会　理事長　瀬戸　浩司,瀬戸　浩司,療養　内　ひ　リハ　眼,,平3. 11. 1,kyushu/000491321.zip
診療所,43,2811112,古閑整形外科胃腸科医院,上益城郡御船町上野１５３６,096-284-2010,医療法人社団古閑整形外科胃腸科医院　理事長　古閑　文徳,古閑　文徳,内　小　外　整外　婦,,平4. 1. 1,kyushu/000491321.zip
病院,43,2811138,医療法人宮本会　益城中央病院,上益城郡益城町大字宮園７２２－１,096-286-3151,医療法人宮本会　理事長　宮本　哲明,宮本　哲明,療養　内　小　人工透析内科　呼　消　胃　循　放,,平4. 12. 1,kyushu/000491321.zip
診療所,43,2811153,たかぞえ　内科　循環器内科クリニック,上益城郡御船町御船９４８,096-282-0070,医療法人　啓成会　理事長　髙添　啓二,髙添　啓二,一般　内　循　呼内　小　リハ　他,,平5. 1. 1,kyushu/000491321.zip
診療所,43,2811187,ふくだ整形外科,上益城郡益城町馬水８０５,096-286-7391,医療法人社団福田会　理事長　福田　朋博,福田　朋博,一般　整外　リハ　リウ,,平5. 7. 1,kyushu/000491321.zip
診療所,43,2811195,野田医院,上益城郡山都町浜町２６７,0967-72-0307,医療法人社団　皆晴会　理事長　野田　秀喜,野田　秀喜,一般　内　小　消,,平5. 10. 1,kyushu/000491321.zip
病院,43,2811203,希望ケ丘病院,上益城郡御船町豊秋１５４０,096-282-1045,医療法人社団松本会　理事長　松本　武士,松本　武士,精神　心内　精　神内　小　他,162,平6. 1. 1,kyushu/000491321.zip
診療所,43,2811245,みふね眼科,上益城郡御船町辺田見馬場４１０－１,096-282-3711,医療法人社団　あおば　理事長　上野　重文,上野　重文,眼科　小児眼科,,平7. 3. 1,kyushu/000491321.zip
診療所,43,2811260,小糸整形外科,上益城郡御船町木倉１１８２番地,096-282-0050,医療法人社団　博倫会　理事長　小糸　博文,小糸　博文,一般　整外　リハ　リウ,,平24. 9. 1,kyushu/000491321.zip
診療所,43,2811278,益城整形外科,上益城郡益城町安永８０５－４,096-286-1818,医療法人益城整形外科　理事長　山本　正昭,山本　正昭,整外　リハ,,平9. 3. 1,kyushu/000491321.zip
病院,43,2811286,西村病院,上益城郡嘉島町北甘木２０８３番地,096-237-1551,医療法人社団　栄康会　理事長　西村　栄彦,西村　栄彦,療養　内　胃　リハ　神内,,平30. 5. 1,kyushu/000491321.zip
診療所,43,2811302,砥川クリニック,上益城郡益城町砥川１７２６,096-286-5770,壬生　保博,壬生　保博,外　内　胃　こう　リハ　麻,,平10. 11. 16,kyushu/000491321.zip
診療所,43,2811310,髙本脳神経外科医院,上益城郡益城町惣領１３１６,096-289-0088,医療法人　赤髭会　理事長　髙本　憲治,高本　憲治,一般　内　神内　脳外,,平11. 12. 1,kyushu/000491321.zip
診療所,43,2811393,大久保耳鼻咽喉科医院,上益城郡御船町辺田見４１０ー１,096-282-3900,医療法人社団安貴会　理事長　大久保　安博,大久保　安博,耳い　気食　アレ,,平13. 6. 1,kyushu/000491321.zip
診療所,43,2811401,おがた整形外科,上益城郡益城町福富８０２－２,096-289-3301,医療法人福富会　理事長　緒方　博司,緒方　博司,整外　リウ　リハ　内　麻　形外　ペインクリニック内科　ペインクリニック外科,,平13. 12. 1,kyushu/000491321.zip
診療所,43,2811419,たなか内科眼科,上益城郡嘉島町鯰１８９８－３,096-235-7235,医療法人団みどり会　理事長　田中　英明,田中　英明,内　呼　アレ　眼,,平14. 1. 16,kyushu/000491321.zip
診療所,43,2811484,さかた耳鼻咽喉科,上益城郡嘉島町鯰１８３４－１,096-237-4133,医療法人社団　坂田会　理事長　坂田　淳一,坂田　淳一,耳い　気食　アレ,,平16. 4. 1,kyushu/000491321.zip
診療所,43,2811492,髙田整形外科クリニック,上益城郡山都町城平８４２,0967-72-1007,医療法人　髙田会　理事長　髙田　憲志,髙田　興志,整外　リウ　リハ,,平16. 4. 1,kyushu/000491321.zip
診療所,43,2811500,ましきクリニック,上益城郡益城町惣領１５１７番地１,096-287-8733,医療法人秀康会　理事長　桂　文裕,桂　文裕,耳い　アレ　小,,令6. 3. 25,kyushu/000491321.zip
診療所,43,2811542,しばた眼科,上益城郡嘉島町上島長池２２３２イオンモール熊本１Ｆ,096-235-2246,柴田　大史,柴田　大史,眼,,平18. 2. 1,kyushu/000491321.zip
診療所,43,2811567,からしま小児科,上益城郡嘉島町上島９６１,096-235-6333,辛嶋　眞如,辛嶋　眞如,小,,平19. 4. 1,kyushu/000491321.zip
診療所,43,2811575,香田整形外科・内科,上益城郡嘉島町北甘木２０１８,096-237-2811,医療法人香和会　理事長　香田　英俊,香田　英俊,一般　整外　リウ　リハ　麻　内　小,,平19. 5. 1,kyushu/000491321.zip
診療所,43,2811583,小屋迫医院,上益城郡甲佐町岩下９６－１,096-234-0165,医療法人社団　秀誠会　理事長　小屋迫　誠,小屋迫　誠,内　小,,平19. 9. 1,kyushu/000491321.zip
診療所,43,2811591,のぐち皮ふ科,上益城郡嘉島町上島９６４－１,096-237-4112,医療法人博麗会　理事長　野口　博光,久保　正英,皮　形外,,令3. 12. 1,kyushu/000491321.zip
診療所,43,2811609,はがこどもクリニック,上益城郡益城町大字宮園４０８－１,096-289-7020,芳賀　雄作,芳賀　雄作,小　アレ　歯,,平24. 7. 1,kyushu/000491321.zip
診療所,43,2811617,田上皮ふ科クリニック,上益城郡御船町大字辺田見字目抜３４－１,096-281-1112,田上　俊英,田上　俊英,皮　形外　アレ,,平25. 5. 1,kyushu/000491321.zip
診療所,43,2811625,大串内科,上益城郡嘉島町大字鯰２７７８番地,096-234-7873,大串　和久,大串　和久,内　小,,平25. 10. 1,kyushu/000491321.zip
診療所,43,2811633,益城なかぞのクリニック,上益城郡益城町宮園７３２－９,096-286-1700,医療法人社団　みらい　理事長　中園　光一,中園　光一,内　消化器内科　呼内　循環器内科,,平26. 6. 1,kyushu/000491321.zip
診療所,43,2811641,かいがクリニック,上益城郡益城町木山３５８－１,096-286-2023,海賀　千弘,海賀　千弘,内　小　循,,平26. 10. 1,kyushu/000491321.zip
診療所,43,2811666,ひろやすクリニック,上益城郡益城町惣領１５３０番地,096-286-3636,社会医療法人ましき会　理事長　松永　哲夫,永田　美与,内　消化器内科　循環器内科　呼内　糖尿病内科,,令元. 5. 13,kyushu/000491321.zip
診療所,43,2811674,榊田泌尿器科外科医院,上益城郡御船町御船９０３,096-282-6363,榊田　裕士,榊田　裕士,一般　ひ　外　内,,平29. 3. 22,kyushu/000491321.zip
診療所,43,2811682,ましき在宅診療所,上益城郡益城町宮園６９４－６,096-288-6530,藤本　哲広,藤本　哲広,内,,平30. 10. 1,kyushu/000491321.zip
診療所,43,2811690,清水眼科,上益城郡益城町惣領１４２９番地５,096-289-0288,医療法人宮嶋会　理事長　宮嶋　聖也,清水　勉,眼,,平30. 12. 1,kyushu/000491321.zip
診療所,43,2811716,牟田内科医院,上益城郡御船町御船９３５番地,096-282-0216,医療法人社団泰泉会　理事長　牟田　龍史,牟田　龍史,内　消化器内科,,令元. 12. 16,kyushu/000491321.zip
診療所,43,2811732,上益城郡検査センター,上益城郡嘉島町大字上島５３１,070-3891-9525,一般社団法人上益城郡医師会　会長　谷田　理一郎,山地　陽一,内　小,,令2. 11. 22,kyushu/000491321.zip
診療所,43,2811740,のざき消化器ＩＢＤクリニック,上益城郡益城町広崎１５７２番地１,096-285-3373,野﨑　良一,野﨑　良一,消化器内科　内　内視鏡内科　肛門内科　胃腸内科,,令3. 9. 1,kyushu/000491321.zip
診療所,43,2811757,甲佐眼科クリニック,上益城郡甲佐町大字岩下６８番地１３,096-235-5600,医療法人武藤会　理事長　武藤　知之,武藤　知之,眼,,令4. 1. 1,kyushu/000491321.zip
診療所,43,2811765,市原産婦人科医院,上益城郡益城町惣領１４８７,096-286-7568,市原　憲雄,市原　憲雄,一般　産婦,,令4. 1. 1,kyushu/000491321.zip
診療所,43,2811781,整形外科桜木クリニック,上益城郡益城町大字広崎１０３７番地１,096-286-3969,医療法人陽桜会　小田切　陽樹,小田切　陽樹,整外　リハ,,令6. 3. 1,kyushu/000491321.zip
診療所,43,2811799,あおい皮ふ科,上益城郡益城町広崎字花立１０３８－１,096-288-6028,工藤　淳,工藤　淳,皮　アレ　形外,,令6. 4. 1,kyushu/000491321.zip
診療所,43,2811807,伴クリニック,上益城郡山都町浜町１６７－１,0967-72-0029,医療法人潤幸会　理事長　永本　展英,永本　展英,内　外　リハ,,令6. 3. 30,kyushu/000491321.zip
診療所,43,2811815,かずゆき目のクリニック,上益城郡嘉島町北甘木２２５７番地１,096-235-7777,川畑　和幸,川畑　和幸,眼,,令6. 7. 1,kyushu/000491321.zip
診療所,43,2811831,たばた内科・心臓クリニック,上益城郡嘉島町上島２６６６番地,096-237-2666,田畑　範明,田畑　範明,内　循環器内科,,令7. 8. 1,kyushu/000491321.zip
診療所,43,2811849,佐々木メンタルクリニック,上益城郡嘉島町北甘木２２５７番８,096-237-2711,佐々木　博之,佐々木　博之,精,,令7. 10. 1,kyushu/000491321.zip
診療所,43,2811856,嘉島さいとう内科クリニック,上益城郡嘉島町上島２２９９－１,096-235-7773,医療法人有考会　理事長　齊藤　宏和,齊藤　宏和,内　胃腸内科　消化器内科　内視鏡内科　循環器内科,,令8. 1. 1,kyushu/000491321.zip
診療所,43,2910922,上村整形外科医院,八代郡氷川町大野８８３,0965-62-3377,上村　光治,上村　光治,内　整外　リハ,,平5. 1. 18,kyushu/000491321.zip
病院,43,2911011,八代北部地域医療センター,八代郡氷川町今字西作１５１－１,0965-53-5111,一般社団法人八代郡市医師会　会長　峯苫　貴明,吉田　光宏,一般　療養　外　内　呼　神内　消　循　こう　小外　小　リハ　整外　婦　リウ,,平12. 4. 1,kyushu/000491321.zip
診療所,43,2911094,ひかわ医院,八代郡氷川町島地４１９－３,0965-62-8139,岡本　健宏,岡本　健宏,内　循環器内科　小,,平24. 5. 1,kyushu/000491321.zip
診療所,43,2911102,和田内科医院,八代郡氷川町鹿島７６９番地１,0965-52-1860,医療法人社団　秀和会　理事長　栗林　秀臣,栗林　秀臣,内　呼　胃　循,,平25. 1. 1,kyushu/000491321.zip
診療所,43,2911128,緒方内科医院,八代郡氷川町宮原６９４－１,0965-62-2013,緒方　智博,緒方　智博,内,,令7. 4. 1,kyushu/000491321.zip
病院,43,3010359,くまもと芦北療育医療センター,葦北郡芦北町大字芦北２８１３,0966-82-2431,社会福祉法人志友会　理事長　篠原　誠,木村　昭彦,一般　内　小　歯,205,昭43. 2. 1,kyushu/000491321.zip
診療所,43,3010540,篠原医院,葦北郡芦北町佐敷３７０－１,0966-82-2046,医療法人新清会　理事長　篠原　新一,篠原　新一,一般　療養　内　小　皮　リハ,,平元. 8. 1,kyushu/000491321.zip
診療所,43,3010557,芦北整形外科医院,葦北郡芦北町芦北２６１０－８,0966-82-5510,医療法人芦北整形外科医院　理事長　岡部　正人,岡部　正人,一般　療養　整外　外　内　消　麻　リハ,,平2. 6. 1,kyushu/000491321.zip
診療所,43,3010565,芦北クリニック,葦北郡芦北町湯浦字生田４１７－１,0966-86-1200,医療法人康生会　理事長　溝部　道生,溝部　典生,内　呼　消　循,,平4. 4. 1,kyushu/000491321.zip
診療所,43,3010573,松本医院,葦北郡芦北町花岡１６６６－４,0966-82-2019,医療法人三松會　理事長　松本　潮,松本　潮,一般　療養　内　消,,平9. 4. 1,kyushu/000491321.zip
診療所,43,3010581,六車医院,葦北郡津奈木町大字岩城６,0966-78-2012,医療法人社団　津南会　理事長　六車　資博,六車　資博,内,,平11. 3. 1,kyushu/000491321.zip
病院,43,3010623,医療法人社団弘翔会　井上病院,葦北郡芦北町佐敷２８０ー１,0966-82-5865,医療法人社団弘翔会　理事長　井上　崇弘,井上　崇弘,療養　小　内　胃,,平13. 4. 1,kyushu/000491321.zip
診療所,43,3010631,医療法人社団弘翔会　井上医院,葦北郡芦北町佐敷１６７,0966-82-2503,医療法人社団弘翔会　理事長　井上　崇弘,等　泰之,一般　外　内　小　胃　脳神経外科,,平13. 4. 1,kyushu/000491321.zip
診療所,43,3010649,七浦てらさきクリニック,葦北郡芦北町芦北２０９０,0966-82-5666,医療法人　寺崎会　理事長　寺崎　博,佐生　幸一,ひ　内,,平16. 7. 1,kyushu/000491321.zip
診療所,43,3010664,くまもと中医クリニック,葦北郡芦北町芦北２３３１－２,0966-82-2148,社会福祉法人　志友会　理事長　篠原　誠,姫野　和家子,内,,平17. 9. 1,kyushu/000491321.zip
診療所,43,3010680,宮島医院,葦北郡芦北町佐敷３４８番地１,0966-82-2254,医療法人伸和会　理事長　宮島　伸治,宮島　伸治,一般　一般　療養　療養　内　消　リハ,17,平22. 12. 1,kyushu/000491321.zip
病院,43,3010698,溝部病院,葦北郡芦北町湯浦４０３－１,0966-86-2770,医療法人康生会　理事長　溝部　道生,溝部　道生,療養　内　循,,平20. 2. 1,kyushu/000491321.zip
診療所,43,3010706,竹本医院,葦北郡芦北町湯浦２１８番地３,0966-86-0075,森　健一郎,森　健一郎,一般　療養　内　神内　消化器内科,,平22. 7. 1,kyushu/000491321.zip
診療所,43,3010748,百崎内科医院,葦北郡芦北町大字田浦８０６,0966-87-1777,百崎　志伸,百崎　志伸,一般　内　小,,平26. 10. 1,kyushu/000491321.zip
診療所,43,3010763,芦北とりかい眼科,葦北郡芦北町芦北大迫尻２４１３番地１,0966-82-5881,医療法人　フェニックス　理事長　鳥飼　慶,鳥飼　慶,眼,,平28. 4. 1,kyushu/000491321.zip
診療所,43,3110753,権頭医院,球磨郡相良村四浦東２８１５,0966-36-0008,權頭　博,權頭　博,内　小　外,,昭63. 7. 1,kyushu/000491321.zip
診療所,43,3110779,そのだ医院,球磨郡湯前町９５３－１,0966-43-2063,医療法人八紘会　理事長　園田　篤子,坂田　敬,内　外　整外,,平5. 9. 1,kyushu/000491321.zip
診療所,43,3110803,社団三枝会　犬童内科胃腸科医院,球磨郡あさぎり町上北１６９－２,0966-45-1125,医療法人社団三枝会　理事長　犬童　裕成,犬童　裕成,内　胃,,平2. 4. 1,kyushu/000491321.zip
病院,43,3110837,東病院,球磨郡あさぎり町岡原北９４６,0966-45-5711,医療法人誠心会　理事長　東　敏寛,東　敏寛,療養　内　呼　胃　消　小　リハ　放　リウ,,平4. 12. 1,kyushu/000491321.zip
診療所,43,3110845,宮原医院,球磨郡多良木町大字多良木２６０,0966-42-2082,医療法人社団健正会　理事長　山村　正統,山村　正統,一般　整外　内　リハ　リウ,,平6. 2. 1,kyushu/000491321.zip
診療所,43,3110860,高田内科医院,球磨郡錦町一武１５７６,0966-38-3677,高田　大起,高田　大起,内　胃　小,,平7. 11. 1,kyushu/000491321.zip
診療所,43,3110936,やまむら小児科・内科,球磨郡あさぎり町免田東１４９７－６４,0966-45-0005,山村　純一,山村　純一,小　内,,平10. 5. 16,kyushu/000491321.zip
診療所,43,3110951,増田耳鼻咽喉科クリニック,球磨郡あさぎり町免田東１４４０－１１,0966-45-8001,増田　敦彦,増田　敦彦,耳い　内,,平11. 8. 16,kyushu/000491321.zip
診療所,43,3110969,仁田畑クリニック,球磨郡多良木町多良木８９５－６,0966-42-1123,医療法人社団　仁田畑クリニック　理事長　仁田畑　和,仁田畑　和,一般　胃　こう　外　内　整外　皮　小　麻,,平11. 10. 1,kyushu/000491321.zip
診療所,43,3111009,こんどう整形外科医院,球磨郡あさぎり町免田東２７９１,0966-45-6555,医療法人藤風会こんどう整形外科　理事長　近藤　浩之,近藤　浩之,整外　内　リハ　形外　放　リウ,,平13. 11. 1,kyushu/000491321.zip
診療所,43,3111025,小川整形外科医院,球磨郡錦町西９４９－１,0966-38-3455,医療法人　小川会　理事長　小川　勇,小川　勇,整外　リウ　リハ,,平14. 12. 1,kyushu/000491321.zip
診療所,43,3111041,ほづみ皮膚科医院,球磨郡錦町西桑木原１０６５－３,0966-26-5300,穂積　秀樹,穂積　秀樹,皮　形外　アレ,,平15. 8. 1,kyushu/000491321.zip
診療所,43,3111058,渡辺医院,球磨郡多良木町多良木２６５－１,0966-42-2541,渡邉　英明,渡邉　英明,外　内　胃,,平16. 1. 1,kyushu/000491321.zip
診療所,43,3111066,犬童耳鼻咽喉科,球磨郡多良木町多良木２８３４,0966-43-0777,医療法人　犬童会　理事長　犬童　直哉,犬童　直哉,耳い　気食,,平17. 1. 1,kyushu/000491321.zip
診療所,43,3111074,岩井クリニック,球磨郡あさぎり町深田東４４５－１,0966-49-2181,医療法人　弘顯会　理事長　岩井　顯,岩井　顯,内　外　胃　こう,,平17. 9. 1,kyushu/000491321.zip
診療所,43,3111090,酒瀬川内科,球磨郡錦町西１４－８,0966-38-0050,医療法人みずほ会　理事長　酒瀬川　裕,酒瀬川　裕,内　循環器内科　呼内　小,,平20. 11. 1,kyushu/000491321.zip
診療所,43,3111108,医療法人仙寿会緒方医院,球磨郡相良村川辺１７６４番地,0966-35-0131,医療法人仙寿会　理事長　緒方　創造,緒方　創造,一般　内　消　胃,,平22. 1. 1,kyushu/000491321.zip
診療所,43,3111116,脳神経外科　小林クリニック,球磨郡錦町西３６０４番地１０６,0966-38-5670,医療法人　佳朋会　理事長　小林清吉,小林　清吉,脳外　神内　リハ　内,,平22. 10. 1,kyushu/000491321.zip
診療所,43,3111132,古城クリニック,球磨郡水上村大字岩野字石原２６７５番地１,0966-44-0321,医療法人社団　同心会　理事長　山田　貴子,山田　貴子,内　呼　消,,平26. 2. 12,kyushu/000491321.zip
診療所,43,3111157,たかの眼科,球磨郡あさぎり町上北１９３－１,0966-47-2550,医療法人たかの眼科　理事長　髙野　晃臣,高野　晃臣,眼　内,,平30. 3. 1,kyushu/000491321.zip
診療所,43,3111165,上球磨クリニック,球磨郡多良木町大字多良木２９０５番地１,0966-42-5868,医療法人　一公会　理事長　谷川　廣一,谷川　廣一,内　消化器内科,,平31. 1. 1,kyushu/000491321.zip
診療所,43,3111173,はやしクリニック,球磨郡多良木町黒肥地１５９６番地１,0966-42-2132,林　哲也,林　哲也,内　小,,令7. 8. 1,kyushu/000491321.zip
診療所,43,3111181,イーハトーブ在宅診療所,球磨郡錦町西字岩浪１６１３－１サンヒルズ京の峰Ｃ号室,090-3200-1812,渡邉　龍太郎,渡邉　龍太郎,内　外,,令8. 1. 1,kyushu/000491321.zip
診療所,43,3111199,球磨村診療所,球磨郡球磨村大字一勝地甲７７－１７,0966-32-0377,球磨村　球磨村長　大岩　禎一,橋口　治,内　小　外　消　皮　ひ　胃,,令8. 4. 1,kyushu/000491321.zip
病院,43,3211361,天草郡市医師会立苓北医師会病院,天草郡苓北町富岡３６００の３,0969-35-1133,一般社団法人天草郡市医師会　会長　東　一成,一丸　孝之,一般　療養　内　外　整外　眼　リハ　循環器内科,,昭41. 5. 16,kyushu/000491321.zip
病院,43,3211411,重症心身障害児施設はまゆう療育園,天草郡苓北町志岐１２１５番地,0969-35-1258,社会福祉法人慈永会　理事長　永野　忠相,多久　肇一,一般　療養　小　内　精,110,令2. 6. 1,kyushu/000491321.zip
病院,43,3211809,天草慈恵病院,天草郡苓北町上津深江２７８－１０,0969-37-1111,社会医療法人　稲穂会　理事長　永野　忠相,永野　忠相,一般　療養　内　呼内　消化器内科　循環器内科　精　小　外　整外　リハ　ひ　耳い　眼　血液内科　代謝内科　神内　皮,,平元. 2. 1,kyushu/000491321.zip
診療所,43,3212245,猪口医院,天草郡苓北町坂瀬川７４８,0969-37-0001,猪口　成美,猪口　成美,内　小,,平12. 3. 19,kyushu/000491321.zip
診療所,43,3212401,苓北クリニック,天草郡苓北町富岡３２７３番地２,0969-35-1119,医療法人一陽会　理事長　新谷　陽一郎,西　圭一,内　外　整外　心内　リハ,,令7. 4. 1,kyushu/000491321.zip
診療所,43,7110023,熊本市こころの健康センター,熊本市中央区大江５丁目１番１号　３Ｆ,096-366-1171,熊本市長　大西　一史,下原　宣彦,精　内　児童精神科,,平24. 5. 1,kyushu/000491321.zip
診療所,43,7110031,くまもと令和クリニック,熊本市中央区新市街７番１７号,096-354-0055,医療法人　田中会　理事長　田中　英一,田中　英一,一般　耳い,,平24. 4. 1,kyushu/000491321.zip
診療所,43,7110056,かみくまもと耳鼻咽喉科,熊本市中央区段山本町６番１号,096-288-3387,医療法人　セレステ　理事長　緒方　憲久,緒方　憲久,耳い　アレ,,平24. 5. 1,kyushu/000491321.zip
診療所,43,7110064,佐藤皮膚科医院,熊本市中央区南熊本５丁目７番３,096-371-3933,後藤　和重,後藤　和重,皮,,平24. 7. 1,kyushu/000491321.zip
診療所,43,7110098,さくら通りクリニック,熊本市中央区萩原町１７番２４号,096-274-3725,医療法人　あさかぜ会　理事長　久木留　大介,久木留　大介,糖尿病内科　脂質代謝内科,,平25. 1. 1,kyushu/000491321.zip
診療所,43,7110106,さめしま整形外科医院,熊本市中央区妙体寺町３番１号,096-345-3645,医療法人　マルベリック　理事長　鮫島　伸宏,鮫島　伸宏,整外　麻　リウ　リハ,,平25. 1. 1,kyushu/000491321.zip
診療所,43,7110122,新屋敷在宅クリニック,熊本市中央区新屋敷２丁目１３－１２コート新屋敷３０２号,096-373-6680,花輪　健郎,花輪　健郎,内　整外　心内　精,,平25. 3. 1,kyushu/000491321.zip
病院,43,7110130,熊本託麻台リハビリテーション病院,熊本市中央区帯山８丁目２－１,096-381-5111,医療法人堀尾会　理事長　平田　好文,小原　健志,一般　脳外　リハ　脳内　整外　内　消　循　小　他,142,平25. 5. 1,kyushu/000491321.zip
診療所,43,7110148,上村内科クリニック,熊本市中央区上京塚町４番１号,096-382-3888,医療法人　継匠会　理事長　上村　克哉,石塚　俊紀,一般　療養　内　胃腸内科　消化器内科　循環器内科　透析内科　放　糖尿病内科　腎臓内科　リハ,,平28. 5. 1,kyushu/000491321.zip
診療所,43,7110155,中川クリニック,熊本市中央区安政町３番４号,096-356-6636,医療法人社団理志会　理事長　中川　徳郎,中川　徳郎,整外　リハ　外　内　胃,,平25. 6. 1,kyushu/000491321.zip
診療所,43,7110189,なかむら漢方内科,熊本市中央区新屋敷３丁目９－２２,096-211-5511,中村　雅生,中村　雅生,内　他,,平25. 11. 1,kyushu/000491321.zip
診療所,43,7110221,花畑クリニック,熊本市中央区花畑町１－５,096-324-2861,医療法人社団　緑水会　理事長　前田　将臣,前田　将臣,内　外　胃腸内科　消化器外科　呼内　放　乳腺・内分泌内科,,平26. 1. 1,kyushu/000491321.zip
診療所,43,7110247,熊本県厚生連診療所,熊本市中央区南千反畑町２番３号,096-328-1055,熊本県厚生農業協同組合連合会　代表理事会長　宮本　隆幸,粟津　雄一郎,内,,平28. 9. 1,kyushu/000491321.zip
診療所,43,7110254,新町いえむらクリニック,熊本市中央区新町１ー７ー１５,096-353-5656,医療法人　家村会　理事長　家村　昭日朗,家村　昭日朗,内　消　小,,平26. 6. 1,kyushu/000491321.zip
診療所,43,7110262,よしむら産婦人科皮ふ科クリニック,熊本市中央区子飼本町６－２０,096-345-8300,吉村　寿博,吉村　寿博,一般　産婦　皮　内,,平26. 7. 1,kyushu/000491321.zip
診療所,43,7110312,整形外科　金井クリニック,熊本市中央区古城町１－６,096-227-7750,医療法人　薫緑会　理事長　金井　隆幸,金井　隆幸,整外　リハ,,平27. 1. 1,kyushu/000491321.zip
診療所,43,7110353,山崎内科,熊本市中央区渡鹿１丁目１８番８８号,096-371-5301,医療法人やまさき　理事長　山﨑　雅史,山﨑　雅史,内　消化器内科,,平27. 12. 1,kyushu/000491321.zip
診療所,43,7110361,フォーシーズンズレディースクリニック,熊本市中央区城東町４番７号グランガーデン熊本ビル２階,096-278-7870,医療法人　ＦＳＬＣ　理事長　田畑　愛,田畑　愛,婦,,平28. 1. 1,kyushu/000491321.zip
診療所,43,7110379,宇土内科胃腸科医院,熊本市中央区国府１丁目１９－５,096-364-7175,医療法人　俊恵会　理事長　宇土　翔,宇土　翔,消化器内科　内,,平30. 10. 1,kyushu/000491321.zip
診療所,43,7110395,藤崎宮前クリニック,熊本市中央区北千反畑町１－１東ビル１Ｆ,096-341-0017,井形　るり子,井形　るり子,精　心内,,平28. 11. 1,kyushu/000491321.zip
診療所,43,7110403,熊本血管外科クリニック,熊本市中央区上通町１番１ＮＫ第１ビル３Ｆ,096-288-3851,医療法人　熊本血管外科クリニック　理事長　宇藤　純一,宇藤　純一,他,,平29. 1. 1,kyushu/000491321.zip
診療所,43,7110429,水前寺耳鼻咽喉科クリニック,熊本市中央区新大江三丁目１２番２０号,096-381-3387,医療法人宇野会　理事長　宇野研吾,宇野　研吾,耳い　アレ,,平29. 2. 19,kyushu/000491321.zip
診療所,43,7110437,大和クリニック,熊本市中央区九品寺１丁目１４－１７,096-364-5221,医療法人　大和　理事長　山本　浩一朗,山本　浩一朗,内　他,,平29. 5. 1,kyushu/000491321.zip
病院,43,7110445,くまもと森都総合病院,熊本市中央区大江３丁目２－６５,096-364-6000,医療法人　創起会　理事長　藤山　重俊,鈴島　仁,一般　内　呼内　循　透析　リハ　和漢　外　整外　放　皮　産婦　眼　麻　臨床　病理　歯外　他,199,平29. 4. 1,kyushu/000491321.zip
病院,43,7110460,大腸肛門病センター高野病院,熊本市中央区大江３丁目２番５５号,096-320-6500,社会医療法人社団高野会　理事長　髙野　正太,辻　順行,一般　肛門内科　肛門外科　内　消化器内科　消化器外科　外　大腸・肛門リハビリテーション科　心内　ひ　麻　緩和ケア内科,166,平29. 8. 1,kyushu/000491321.zip
診療所,43,7110478,まつもと在宅クリニック,熊本市中央区神水本町１３－１,096-237-7108,医療法人　フロネシス　理事長　松本　武敏,松本　武敏,内　呼内　リハ　他,,平29. 10. 1,kyushu/000491321.zip
診療所,43,7110486,くまもと在宅クリニック,熊本市中央区水前寺６丁目４８番３３号,096-381-1100,阿部　真也,阿部　真也,内　外　他,,平29. 11. 1,kyushu/000491321.zip
診療所,43,7110502,外科内科池田医院,熊本市中央区八王寺町１２－３１,096-378-2231,池田　敬二郎,池田　敬二郎,一般　外　内　整外　消　他　こう　リハ,,平30. 2. 25,kyushu/000491321.zip
診療所,43,7110510,明午橋内科クリニック,熊本市中央区南千反畑町１５番４０号,096-353-5500,医療法人　明午橋会　理事長　森下　祐子,森下　祐子,内　消化器内科　放,,平30. 4. 1,kyushu/000491321.zip
診療所,43,7110528,新町メンタルクリニック,熊本市中央区新町１丁目７番１７号,096-288-1581,医療法人富尾会　理事長　赤木　健利,中原　敏博,心内　精,,平30. 8. 1,kyushu/000491321.zip
診療所,43,7110536,山田眼科,熊本市中央区世安三丁目２番１８号,096-288-1656,医療法人　ヘルスクレスト　理事長　山田　和博,山田　和博,眼,,平30. 8. 1,kyushu/000491321.zip
診療所,43,7110544,上通りメンタルクリニック,熊本市中央区草葉町２－３１山田クリニックビル３階,096-211-0632,德山　祥音,德山　祥音,精　心内,,令6. 8. 11,kyushu/000491321.zip
診療所,43,7110569,しまだ内科クリニック,熊本市中央区黒髪５丁目２番５号,096-341-1360,島田　達也,島田　達也,内　代謝内科・消化器内科・循環器内科　呼内　アレ,,平31. 1. 1,kyushu/000491321.zip
診療所,43,7110577,きさぬきクリニック,熊本市中央区本荘町７２０－３,096-288-5703,医療法人社団トータルメディカルケア　理事長　木佐貫　浩一,木佐貫　浩一,糖尿病内科・代謝内科　内,,平31. 1. 1,kyushu/000491321.zip
診療所,43,7110593,はくざんクリニック,熊本市中央区菅原町１－２８,096-364-6060,吉田　純子,吉田　純子,内　胃腸内科・消化器内科,,平31. 4. 1,kyushu/000491321.zip
診療所,43,7110601,くまがい眼科,熊本市中央区水前寺公園５番３８号,096-383-0555,医療法人社団　サクシード　理事長　熊谷　直樹,熊谷　直樹,眼,,平31. 4. 1,kyushu/000491321.zip
診療所,43,7110619,さかぐち女性のクリニック,熊本市中央区帯山３－１５－１０,096-382-3600,坂口　勲,坂口　勲,産婦　内,,平31. 4. 16,kyushu/000491321.zip
診療所,43,7110627,はっとり心療クリニック,熊本市中央区水前寺一丁目２１番３０号メイフェア水前寺２０１号,096-382-1324,医療法人湧水　理事長　服部　陵子,渡邉　亜紀,精神科・児童精神科,,令元. 5. 1,kyushu/000491321.zip
診療所,43,7110635,通町眼科医院,熊本市中央区上通町１番２６号ａｕｎｅＫＵＭＡＭＯＴＯ　２階,096-274-1113,医療法人財団ＭＳＴ会　理事長　玉岡　容子,久持　彩子,眼,,令5. 12. 1,kyushu/000491321.zip
診療所,43,7110643,熊谷耳鼻咽喉科医院,熊本市中央区南坪井町４番１９号,096-352-1521,熊谷　譲,熊谷　譲,耳い　気食,,令元. 5. 23,kyushu/000491321.zip
診療所,43,7110692,九品寺心身クリニック,熊本市中央区九品寺１丁目２－２３ＭＣビル５階,096-366-8600,平村　英寿,平村　英寿,精　心内,,令2. 3. 1,kyushu/000491321.zip
病院,43,7110718,熊本整形外科病院,熊本市中央区新屋敷１丁目１７番１号,096-366-3666,社会医療法人令和会　理事長　坂口　満,平川　敬,一般　整外　リハ　リウ　内　放　循環器内科　麻　形外　呼内　血管外科,204,令2. 5. 1,kyushu/000491321.zip
診療所,43,7110726,唐木クリニック,熊本市中央区琴平本町３番５４－２号,096-366-1187,医療法人まり会　理事長　唐木　將行,唐木　將行,耳い　アレ,,令2. 6. 1,kyushu/000491321.zip
診療所,43,7110742,眼科こがクリニック,熊本市中央区八王寺町４０番５号,096-377-1701,医療法人優心会　理事長　古賀　貴久,古賀　貴久,眼,,令2. 8. 1,kyushu/000491321.zip
診療所,43,7110759,水前寺皮フ科医院,熊本市中央区水前寺５丁目１５番８号,096-382-4551,医療法人東遠堂　理事長　井上　雄二,井上　雄二,皮　形外　アレ　性感染症内科　腫瘍皮膚科,,令3. 1. 1,kyushu/000491321.zip
診療所,43,7110767,くまもと内科クリニック,熊本市中央区渡鹿３－３－２０,096-342-4388,山本　竜太,山本　竜太,内　糖尿病内科,,令3. 4. 1,kyushu/000491321.zip
診療所,43,7110775,水前寺こころのクリニック,熊本市中央区水前寺２丁目１９番３号,096-285-1580,医療法人富尾会　理事長　赤木　健利,村尾　憲優,精　心内,,令3. 4. 1,kyushu/000491321.zip
診療所,43,7110783,京町台クリニック,熊本市中央区京町二丁目８番４５号,096-202-7705,医療法人社団榮愛会　理事長　島貫　栄弥,島貫　栄弥,内,,令3. 4. 1,kyushu/000491321.zip
診療所,43,7110791,きたがわ内科のりこ皮ふ科クリニック,熊本市中央区坪井１丁目３－４６,096-343-1200,医療法人社団健友会　理事長　北川　祐介,北川　祐介,内　呼内　消化器内科　皮　リハ　美容皮膚科,,令3. 3. 21,kyushu/000491321.zip
診療所,43,7110809,あけぼの第２クリニック,熊本市中央区本山１丁目６番１９号,096-353-2510,医療法人社団松下会　理事長　松下　和孝,松下　和孝,内　ひ　循環器内科　腎臓内科　人工透析内科,,令3. 4. 1,kyushu/000491321.zip
診療所,43,7110817,サクラマチ眼科,熊本市中央区桜町３番１０号ＳＡＫＵＲＡ　ＭＡＣＨＩ　Ｋｕｍａｍｏｔｏ３階,096-288-5572,医療法人ひまわり会　理事長　伊藤　正吾,沢井　建互,眼,,令3. 5. 1,kyushu/000491321.zip
診療所,43,7110825,水前寺ライフクリニック,熊本市中央区水前寺公園１５番３７号ＩＤＥＯビル　３階,096-387-5505,松尾　智彦,松尾　智彦,精　心内,,令3. 6. 1,kyushu/000491321.zip
診療所,43,7110833,みらい小児科クリニック,熊本市中央区新大江一丁目１２番１６号,096-361-3939,医療法人こどものみらい　理事長　武藤　未来,武藤　未来,小　アレ,,令3. 6. 1,kyushu/000491321.zip
診療所,43,7110841,水前寺胃腸科外科,熊本市中央区水前寺３－３－２８,096-384-1930,稲田　正之,稲田　正之,消化器内科　内　外　ひ,,令3. 8. 1,kyushu/000491321.zip
診療所,43,7110882,まわたり眼科形成外科クリニック,熊本市中央区水道町８－２秀匠苑ビル３階,096-273-7571,医療法人社団匠新会　理事長　馬渡　祐記,馬渡　祐記,眼　形外,,令4. 1. 1,kyushu/000491321.zip
診療所,43,7110890,熊本ファミリーメンタルクリニック,熊本市中央区辛島町６番２号ペアレントビル６０２,096-323-5511,医療法人緑陰　理事長　安川　節子,安川　節子,精　心内,,令4. 1. 1,kyushu/000491321.zip
診療所,43,7110924,江津湖クリニック,熊本市中央区上京塚町２番２０号はらの７県庁東ビル１０１号,096-213-2333,武井　宣之,武井　宣之,精　心内,,令4. 4. 1,kyushu/000491321.zip
診療所,43,7110932,すえまつ内科・外科・胃腸内科,熊本市中央区八王寺町２７番１１号,096-379-4600,医療法人社団昭成会　理事長　末松　哲,末松　哲,外　胃　内　消　内視鏡内科　腫瘍内科　糖尿病内科　脂質代謝内科　老年内科　乳腺外科,,令4. 3. 26,kyushu/000491321.zip
診療所,43,7110940,亀川ひかるクリニック,熊本市中央区新大江２丁目１８番２３号,096-288-2614,医療法人ＺＡＩＴＡＣＫ　理事長　亀川　寛大,亀川　寛大,内　消化器内科,,令5. 3. 1,kyushu/000491321.zip
診療所,43,7110957,メディメッセ桜十字クリニック,熊本市中央区平成３丁目２３番３０号サンリブシティくまなん３階,096-378-1182,医療法人桜十字　理事長　倉津　純一,光山　勝慶,内　循環器内科　消化器内科,,令4. 9. 1,kyushu/000491321.zip
診療所,43,7110965,くまもとブレストクリニック,熊本市中央区城東町４番７号グランガーデン熊本２Ｆ,096-312-2566,山本　睦子,山本　睦子,乳腺外科,,令5. 4. 1,kyushu/000491321.zip
診療所,43,7110981,村上循環器内科,熊本市中央区本山四丁目１番１５号,096-353-6201,医療法人イマカルム　理事長　村上　義敬,村上　義敬,内　循環器内科　呼吸器内科　消化器内科　漢方内科,,令5. 4. 1,kyushu/000491321.zip
診療所,43,7110999,あおぞらクリニック,熊本市中央区京町１丁目１１－７－２京町スクエアＡ　２Ｆ,096-327-9700,医療法人社団ＮＹＣ　吉田　信一,吉田　信一,内,,令5. 5. 1,kyushu/000491321.zip
診療所,43,7111013,あおばクリニック熊本院,熊本市中央区上通町１－２２大進プラザビル３階,096-352-0701,医療法人社団あおばクリニック　理事長　丸本　桂三,仲間　祥子,眼,,令5. 7. 1,kyushu/000491321.zip
診療所,43,7111039,佐田クリニック,熊本市中央区渡鹿４丁目１０－７,096-372-5577,佐田　公範,佐田　公範,内　糖尿病内科　代謝・内分泌内科　漢方内科,,令6. 1. 1,kyushu/000491321.zip
診療所,43,7111047,まえはらクリニック,熊本市中央区出水４丁目２５番２８号,096-373-1221,医療法人優幸会　理事長　前原　優一,前原　優一,腎臓内科　内　歯　小歯,,令6. 1. 1,kyushu/000491321.zip
診療所,43,7111054,大江眼科,熊本市中央区新大江１丁目２－１０,096-285-8715,芳賀　彰,芳賀　彰,眼,,令6. 4. 1,kyushu/000491321.zip
診療所,43,7111070,牧野皮膚科医院,熊本市中央区水前寺一丁目１７番１７号,096-340-8002,牧野　貴充,牧野　貴充,皮　アレ　形外　美容皮膚科　美外,,令6. 4. 1,kyushu/000491321.zip
診療所,43,7111088,上水前寺つつみ整形外科,熊本市中央区上水前寺２丁目２－８,096-383-0223,医療法人堤友会　理事長　堤　康次郎,堤　康次郎,整外　リハ,,令6. 4. 1,kyushu/000491321.zip
診療所,43,7111096,くまもと睡眠メディカルクリニック,熊本市中央区安政町１番２６号３階,096-273-6121,医療法人社団紡潤会　理事長　三木　理,曽原　純,内　耳い　精　心内,,令6. 7. 1,kyushu/000491321.zip
診療所,43,7111104,みんなの熊本クリニック,熊本市中央区八王寺町１３－７０－１,096-237-6838,医療法人徳志会　理事長　大田　和枝,鈴木　博,内　緩和ケア科,,令6. 10. 1,kyushu/000491321.zip
診療所,43,7111112,熊本こころやすらぎクリニック,熊本市中央区安政町５番４号カリーノ５ビル地下１階,096-325-7500,一般社団法人日本先進医療学会　代表理事　田沼　欣樹,大德　朋亮,精　心内,,令7. 9. 1,kyushu/000491321.zip
診療所,43,7111120,行德眼科,熊本市中央区内坪井町２番２号,096-352-0269,医療法人行德　理事長　行德　雄二,行德　雄二,眼,,令7. 6. 1,kyushu/000491321.zip
診療所,43,7111138,小島眼科,熊本市中央区妙体寺町５番地４,096-344-8858,医療法人点　理事長　小島　祐二郎,小島　祐二郎,眼,,令7. 6. 16,kyushu/000491321.zip
診療所,43,7111146,もりもりクリニック,熊本市中央区帯山７丁目４番４７号,096-243-1545,森永　貴理,森永　貴理,内　小,,令7. 10. 1,kyushu/000491321.zip
診療所,43,7111153,駕町夜間診療所,熊本市中央区安政町５－１５　３階,096-374-7020,医療法人社団藤川医院　理事長　藤川　隆夫,藤川　和晃,内,,令7. 10. 1,kyushu/000491321.zip
診療所,43,7111161,くまの森クリニック,熊本市中央区草葉町２－３１山田クリニックビル２階,096-352-5994,山田　武,山田　武,内科　呼吸器内科,,令7. 8. 1,kyushu/000491321.zip
診療所,43,7111179,こくぶ内科・胃腸内科,熊本市中央区国府本町８番５号,096-375-7100,医療法人　こくぶ内科・胃腸内科　理事長　田中　朋史,田中　朋史,胃腸内科　内視鏡内科　内科　漢方内科,,令7. 8. 1,kyushu/000491321.zip
診療所,43,7111187,双葉クリニック,熊本市中央区八王寺町４４番地６ハイネスⅠ　１０２,096-377-8781,一般社団法人黄仁会　代表理事　小浦　貴大,原田　幹彦,内　精　皮,,令7. 9. 1,kyushu/000491321.zip
診療所,43,7111195,くろさわメンタルクリニック,熊本市中央区上通町５－２０上通セントラルハイツ２０２号,096-227-7878,黒澤　正志,黒澤　正志,精　心内,,令8. 1. 1,kyushu/000491321.zip
診療所,43,7111203,あさがおクリニック熊本院,熊本市中央区本荘１丁目１－１－１くすのきテラス１Ｆ,096-342-8787,一般社団法人誠創会　代表理事　牧　賢郎,佐々木　海人,内,,令8. 2. 1,kyushu/000491321.zip
診療所,43,7111211,下通眼科,熊本市中央区下通１丁目５番１３号オケマツビル２Ｆ,096-342-6816,医療法人社団岳大会　理事長　鈴木　智博,諸見里　安史,眼,,令7. 12. 1,kyushu/000491321.zip
診療所,43,7111237,水前寺在宅クリニック,熊本市中央区水前寺３丁目１２－１７,096-381-5000,医療法人社団イエヒト　理事長　紀　武志,紀　武志,内,,令8. 1. 1,kyushu/000491321.zip
診療所,43,7111252,荒木眼科　熊本下通り院,熊本市中央区安政町１－２３金井ビル３階,096-326-1173,医療法人荒木眼科　理事長　荒木　理子,小栁　賀子,眼,,令8. 5. 1,kyushu/000491321.zip
診療所,43,7111260,ともしびクリニック熊本院,熊本市中央区手取本町４－１７ＴＥＴＯＲＩＨＯＮＣＨＯ　ＳＡＭＵＲＡＩ　ＢＬＤ．６Ｆ－Ａ,096-342-8211,杉本　遼太,杉本　遼太,精　心内　内,,令8. 7. 1,kyushu/000491321.zip
診療所,43,7210013,岡﨑クリニック,熊本市東区下南部３丁目３番１４号,096-385-0055,医療法人　岡﨑会　理事長　岡﨑　伸治,岡﨑　伸治,内　外　呼内　消化器内科　アレ,,平24. 4. 1,kyushu/000491321.zip
診療所,43,7210021,熊本東耳鼻咽喉科クリニック,熊本市東区月出五丁目４番８号,096-367-8688,医療法人社団　明正会　理事長　隈元　友紀子,隈元　友紀子,耳い　アレ　他,,平24. 5. 7,kyushu/000491321.zip
診療所,43,7210039,ふくもと整形外科,熊本市東区花立一丁目１３番１５号,096-285-5500,医療法人　福本会　理事長　福本　巧,福本　巧,整外　リウ　リハ　麻,,平24. 7. 1,kyushu/000491321.zip
診療所,43,7210047,山田内科医院,熊本市東区保田窪本町１６番３５号,096-382-2700,医療法人　清流　理事長　山田　裕章,山田　裕章,内　消　循　呼　アレ,,平24. 9. 1,kyushu/000491321.zip
診療所,43,7210054,國武整形外科皮膚科クリニック,熊本市東区若葉１丁目３７－１５,096-369-7224,医療法人社団國満会　理事長　國武　克彦,國武　克彦,整外　リハ,,平24. 10. 1,kyushu/000491321.zip
診療所,43,7210062,江津耳鼻咽喉科・アレルギー科クリニック,熊本市東区江津４丁目５番１号,096-370-8770,医療法人悠輝会　理事長　佐生　秀幸,佐生　秀幸,耳い　アレ,,平25. 1. 1,kyushu/000491321.zip
診療所,43,7210104,芹川消化器内科クリニック,熊本市東区栄町４番１８号,096-368-3926,医療法人　芹川消化器内科クリニック　理事長　芹川　習,芹川　習,内　小　消,,平25. 5. 1,kyushu/000491321.zip
診療所,43,7210112,きらクリニック,熊本市東区小山町２４９３番地　特別養護老人ホーム　　白川の里,096-380-6696,医療法人　白川会　理事長　吉良　朋広,吉良　光子,内　放,,平25. 8. 1,kyushu/000491321.zip
診療所,43,7210120,ながみね耳鼻咽喉科クリニック,熊本市東区長嶺南７丁目９番１０号,096-388-8787,医療法人　小畑会　理事長　小畑　敦,小畑　敦,耳い,,平25. 9. 1,kyushu/000491321.zip
診療所,43,7210138,にしだ整形外科,熊本市東区下江津３丁目１５番５号,096-370-3310,医療法人西田会　理事長　西田　公明,西田　公明,整外　リハ　リウ,,平26. 1. 1,kyushu/000491321.zip
診療所,43,7210153,とだか内科クリニック,熊本市東区下江津２丁目１３－５,096-379-7500,医療法人　ウェルネスサポートシステム　理事長戸高　幹夫,戸高　幹夫,内科　糖尿病内科　循環器内科　代謝内科,,平26. 5. 1,kyushu/000491321.zip
診療所,43,7210179,みやざきこどもクリニック,熊本市東区東町４－６－３０,096-368-0390,医療法人マーチ・ブラウン　理事長　宮﨑　亨,宮﨑　亨,小,,平26. 6. 1,kyushu/000491321.zip
診療所,43,7210187,わかばクリニック,熊本市東区若葉２丁目１３番１６号,096-285-6014,医療法人わかば会　理事長　片山　貴文,片山　貴文,内　消化器内科,,令5. 7. 1,kyushu/000491321.zip
診療所,43,7210195,メンタルクリニック保田窪,熊本市　東区保田窪５－１０－２３,096-213-6945,医療法人　横田会　理事長　横田周三,横田　周三,精神科・児童精神科　心内,,平26. 9. 1,kyushu/000491321.zip
診療所,43,7210211,グレースメディカルクリニック,熊本市東区佐土原１－１６－３６,096-360-9013,伊藤　信久,伊藤　信久,内　小　循環器内科　糖尿病脂質代謝内科　精,,平26. 11. 1,kyushu/000491321.zip
診療所,43,7210229,みやじま眼科,熊本市東区水源２丁目３－３,096-331-8228,医療法人　宮嶋会　理事長　宮嶋　聖也,宮嶋　聖也,眼,,平26. 10. 1,kyushu/000491321.zip
診療所,43,7210260,東熊クリニック,熊本市東区戸島西３丁目７－１５,096-365-0033,医療法人社団青嶺会　理事長　谷口　秀人,村上　明利,一般　内　消化器内科　リハ　精,,平27. 2. 1,kyushu/000491321.zip
診療所,43,7210278,えず総合診療所,熊本市東区画図町重富５１０－１,096-214-8787,医療法人社団大樹会　理事長　木村　浩,木村　浩,一般　脳神経外科　ひ　消化器内科　呼内　放　内　リハ　歯,,平27. 3. 1,kyushu/000491321.zip
診療所,43,7210294,たぐち整形外科クリニック,熊本市東区山ノ神２丁目１４番９１号,096-331-4976,医療法人　結喜会　理事長　田口　学,田口　学,整外　リハ　リウ,,平27. 12. 1,kyushu/000491321.zip
診療所,43,7210302,みうら小児科クリニック,熊本市東区下江津７丁目７－２０,096-379-0055,医療法人社団　児裕会　理事長　三浦　広夢,三浦　裕一,小　アレ,,平28. 4. 1,kyushu/000491321.zip
診療所,43,7210310,山口胃腸科,熊本市東区三郎１丁目１４番２３号,096-349-8336,医療法人社団　山口会　理事長　山口　明男,山口　明男,他　内,,平28. 4. 1,kyushu/000491321.zip
診療所,43,7210328,庄野循環器科内科医院,熊本市東区健軍４丁目５－４,096-331-3777,庄野　信,庄野　信,他　内,,平28. 4. 1,kyushu/000491321.zip
診療所,43,7210336,健軍桜木眼科,熊本市東区桜木１丁目１番２０号,096-365-2200,医療法人よつば会　理事長　岩尾　圭一郎,田原　仁,眼,,平29. 5. 1,kyushu/000491321.zip
診療所,43,7210385,杉耳鼻咽喉科医院,熊本市東区月出１丁目５－１２,096-383-3087,杉　宣宏,杉　宣宏,耳い　アレ,,平29. 2. 1,kyushu/000491321.zip
診療所,43,7210450,虹の里クリニック,熊本市東区榎町３番１号,096-285-7707,医療法人　虹の里会　理事長　荒武　祐介,荒武　祐介,内　循環器内科　消化器内科　外,,平29. 11. 1,kyushu/000491321.zip
診療所,43,7210468,いちぐちクリニック,熊本市東区錦ケ丘３３番１号,096-331-3770,医療法人　サムアップ　理事長　一口　修,一口　修,胃腸内科　内　外　呼吸器外科,,平29. 12. 1,kyushu/000491321.zip
診療所,43,7210476,平山ハートクリニック,熊本市東区佐土原３丁目１１番１０１号,096-367-8080,医療法人社団心楽会　理事長　平山　統一,平山　統一,心外　循環器内科　内　呼内,,平30. 4. 1,kyushu/000491321.zip
診療所,43,7210492,医療法人腎生会　中央仁クリニック,熊本市東区下江津３丁目７番１５,096-334-6655,医療法人　腎生会　理事長　福井　博義,松岡　潔,内　他　透析,,平30. 4. 30,kyushu/000491321.zip
診療所,43,7210518,あおぞら在宅クリニック,熊本市東区長嶺東４丁目５－６５,096-388-2200,松村　純也,松村　純也,内　麻　ペインクリニック内科・緩和ケア内科,,平31. 4. 1,kyushu/000491321.zip
診療所,43,7210526,むらかみ内科クリニック,熊本市東区山ノ神２丁目２番３２号,096-331-2551,医療法人社団　トータルケア　理事長　村上　和憲,村上　和憲,内　循環器内科　心内　漢方内科,,平31. 4. 1,kyushu/000491321.zip
診療所,43,7210534,健軍熊本泌尿器科,熊本市東区健軍３丁目５０番１号,096-331-7477,医療法人ウェルビーイング　理事長　髙橋　渡,髙橋　渡,泌尿器科　性感染症外科　女性泌尿器科　小児泌尿器科　泌尿器科（男性不妊治療）,,令元. 5. 1,kyushu/000491321.zip
診療所,43,7210542,なかむら皮ふ科形成外科,熊本市東区長嶺南５丁目１番３号,096-234-6100,医療法人あつまる会　理事長　中村　徳志,中村　徳志,皮膚科　小児皮膚科　形外　アレ,,令元. 5. 1,kyushu/000491321.zip
診療所,43,7210559,いのまた眼科,熊本市東区下江津４丁目１番２１号,096-273-8823,医療法人優愛会　理事長　猪俣　泰也,猪俣　泰也,眼,,令元. 6. 1,kyushu/000491321.zip
診療所,43,7210567,花立クリニック,熊本市東区花立５－１－３６,096-365-7855,後藤　秀生,後藤　秀生,内科　糖尿病内科　代謝・内分泌内科,,令元. 9. 1,kyushu/000491321.zip
診療所,43,7210575,ソラクリニック,熊本市東区佐土原２－７－１,096-273-9050,医療法人社団静心会　理事長　小山　一静,小山　一静,精　心内　内,,令元. 10. 1,kyushu/000491321.zip
診療所,43,7210583,おおつか整形外科,熊本市東区御領二丁目１９番１５号,096-388-1577,医療法人みほう　理事長　大塚　豊,大塚　豊,整外　リハ　リウ　内,,令2. 1. 1,kyushu/000491321.zip
診療所,43,7210591,たしま整形外科クリニック,熊本市東区渡鹿８丁目１１－３６,096-366-5500,田島　徹,田島　徹,整外　リハ　麻,,令2. 4. 1,kyushu/000491321.zip
診療所,43,7210609,やまのかみ眼科,熊本市東区山ノ神２丁目１４番５５号,096-214-6100,医療法人やまのかみ　理事長　原　竜平,原　竜平,眼,,令2. 6. 1,kyushu/000491321.zip
診療所,43,7210617,中村内科医院,熊本市東区健軍４丁目３番１６号,096-367-0701,医療法人中村会　理事長　中村　享道,中村　朋文,腎臓内科　内　人工透析内科,,令2. 7. 1,kyushu/000491321.zip
診療所,43,7210633,吉田せきつい整形外科・松原第２クリニック,熊本市東区尾ノ上１丁目１４番２６号,096-273-9030,医療法人社団星輝会　理事長　松原　三郎,吉田　正一,整外　リハ　リウ　内,,令2. 8. 1,kyushu/000491321.zip
診療所,43,7210641,いちょうの森クリニック,熊本市東区画図町大字重富４５５,096-201-8700,深見　賢作,深見　賢作,胃腸内科　耳い　外　肛門外科　アレ,,令3. 1. 1,kyushu/000491321.zip
診療所,43,7210666,田中内科クリニック,熊本市東区戸島西３丁目２番３５号,096-388-1122,医療法人ＥＫＳ　理事長　田中　英一郎,田中　英一郎,内　呼内　消化器内科,,令3. 10. 1,kyushu/000491321.zip
診療所,43,7210690,坂本内科循環器科医院,熊本市東区江津２丁目２６－２０,096-366-2580,医療法人坂本内科循環器科医院　理事長　坂本　憲治,坂本　憲治,内　循環器内科　糖尿病内科　皮,,令4. 5. 1,kyushu/000491321.zip
診療所,43,7210708,とくずみ皮ふ科クリニック,熊本市東区月出１丁目８－２７,096-383-5777,德澄　亜紀,德澄　亜紀,皮　形外　アレ,,令4. 7. 1,kyushu/000491321.zip
診療所,43,7210716,長嶺北クリニック,熊本市東区月出７丁目１番１２号エレガンス月出１階,096-387-0803,医療法人久和会　理事長　北　英二郎,北　英二郎,精　心内,,令4. 10. 1,kyushu/000491321.zip
診療所,43,7210732,さどわらクリニック　耳鼻咽喉科・アレルギー科,熊本市東区佐土原２丁目６－１２,096-368-1515,山西　貴大,山西　貴大,耳い　アレ,,令5. 3. 1,kyushu/000491321.zip
診療所,43,7210757,いとう整形外科,熊本市東区長嶺南３丁目３－１,096-382-1122,医療法人篤行会　理事長　伊藤　仁,伊藤　仁,整外　リハ　リウ,,令5. 4. 1,kyushu/000491321.zip
診療所,43,7210765,魚返クリニック,熊本市東区三郎二丁目１番１７号,096-381-0805,医療法人社団誠寛会　理事長　魚返　英寛,魚返　英寛,一般　胃腸内科　外,,令5. 10. 1,kyushu/000491321.zip
診療所,43,7210773,まるお皮ふ科アレルギー科,熊本市東区栄町３番１号,096-237-7592,丸尾　圭志,丸尾　圭志,皮　アレ　形外,,令6. 3. 1,kyushu/000491321.zip
診療所,43,7210781,りんどうクリニック,熊本市東区花立５丁目１２－１花立ファミリーハウス１０２,096-295-0186,小田　晶,小田　晶,内,,令6. 4. 1,kyushu/000491321.zip
診療所,43,7210799,けんぐん整形外科,熊本市東区新生２丁目４－２,096-368-3259,山部　聡一郎,山部　聡一郎,整外,,令6. 4. 1,kyushu/000491321.zip
診療所,43,7210807,おみね田中クリニック,熊本市東区小峯２丁目２番１５６号,096-331-0303,医療法人秀峰会　理事長　田中　秀紀,田中　秀紀,内　消化器内科,,令6. 4. 1,kyushu/000491321.zip
診療所,43,7210815,ながみね総合クリニック,熊本市東区長嶺西１－６－９５－１Ｆ,096-340-8617,医療法人武秀会　理事長　村田　翔紀,村田　翔紀,内　小　消化器内科　循環器内科　アレ　糖尿病内分泌内科　呼内,,令6. 6. 1,kyushu/000491321.zip
診療所,43,7210823,よしだこどもクリニック,熊本市東区佐土原三丁目１１番７０号,096-360-1100,吉田　史則,吉田　史則,小,,令7. 1. 1,kyushu/000491321.zip
診療所,43,7210831,熊本おとなとこどものこころクリニック,熊本市東区長嶺南１丁目２－１５ヘンリーハイツＧ,090-1876-5135,猪山　陽介,猪山　陽介,心内　精　内,,令7. 3. 1,kyushu/000491321.zip
診療所,43,7210849,江津湖総合診療クリニック,熊本市東区神水本町２６－２４,096-285-8404,医療法人真岳会　理事長　種子田　岳史,種子田　岳史,内　外　整外　精,,令7. 1. 1,kyushu/000491321.zip
診療所,43,7210856,みうら脳神経クリニック,熊本市東区佐土原３丁目１１番７７号,096-331-3300,医療法人定正会　理事長　三浦　正智,三浦　正智,脳神経内科　脳神経外科　内,,令7. 4. 1,kyushu/000491321.zip
診療所,43,7210864,とろく内科,熊本市東区渡鹿８丁目１１番３３号,096-363-3700,本田　秀和,本田　秀和,消化器内科　内視鏡内科　内科　糖尿病内科,,令7. 8. 1,kyushu/000491321.zip
診療所,43,7210872,聚楽内科クリニック,熊本市東区西原１－１１－３１　Ｂ棟１Ｆ,096-387-2277,医療法人社団誠寛会　理事長　魚返　英寛,武本　重毅,内,,令7. 6. 1,kyushu/000491321.zip
診療所,43,7210880,伊井レディースクリニック,熊本市東区長嶺南５丁目３－２４,096-237-9922,伊井　小百合,伊井　小百合,産　婦,,令7. 8. 1,kyushu/000491321.zip
診療所,43,7210898,上村第二透析ステーション,熊本市東区長嶺南１丁目２番１０号,096-284-3655,医療法人継匠会　理事長　上村　克哉,上村　克哉,内科　腎臓内科　人工透析内科　消化器内科　放,,令8. 4. 1,kyushu/000491321.zip
診療所,43,7210914,在宅支援クリニックはるか,熊本市東区花立五丁目６番９３号クオーレ進成Ａ棟,096-283-9120,一般社団法人紀桜会　代表理事　林田　大紀,岩本　雅典,内,,令8. 5. 1,kyushu/000491321.zip
診療所,43,7310029,花園内科クリニック,熊本市西区花園５丁目１３番２１号,096-325-0800,医療法人　花志会　理事長　木村　義博,木村　義博,内　循,,平24. 5. 1,kyushu/000491321.zip
診療所,43,7310045,たさき眼科クリニック,熊本市西区田崎１丁目３－７６,096-245-7766,医療法人　たさき眼科クリニック　理事長　池間　宏介,池間　宏介,眼,,平25. 9. 1,kyushu/000491321.zip
診療所,43,7310052,イオンタウン田崎総合診療クリニック,熊本市西区田崎町　下寄３８０イオンタウン田崎２Ｆ,096-353-2200,医療法人　インジェックス　理事長　城本　和明,城本　和明,内　消　呼　循　リハ　他,,平27. 5. 1,kyushu/000491321.zip
診療所,43,7310078,くどう皮ふ科医院,熊本市西区上熊本３－２２－２１,096-324-7011,医療法人藤風会　理事長　工藤　英郎,工藤　英郎,皮　アレ　形外,,平27. 6. 1,kyushu/000491321.zip
診療所,43,7310102,城山耳鼻咽喉科,熊本市西区城山大塘１丁目２４－１９,096-329-0888,青山　猛,青山　猛,耳い　アレ　他,,平28. 9. 1,kyushu/000491321.zip
診療所,43,7310128,蓮台寺クリニック,熊本市西区蓮台寺３丁目４番３号,096-355-2810,医療法人　奎星会　理事長　横山　利美,横山　利美,内　消化器内科　ひ　放　呼内,,平29. 10. 1,kyushu/000491321.zip
診療所,43,7310136,みやはらレディースクリニック,熊本市西区春日７丁目２１番１５号,096-325-1107,宮原　陽,宮原　陽,産婦,,平30. 2. 1,kyushu/000491321.zip
病院,43,7310144,上代成城病院,熊本市西区上代２丁目２番２５号,096-356-1515,医療法人　山部会　理事長　山部　英則,杉之原　賢治,一般　療養　内科　代謝内科　緩和ケア内科　循環器内科　消化器内科　呼内　脳神経内科　リウ　リハ　放,,平30. 2. 1,kyushu/000491321.zip
診療所,43,7310151,熊本駅前木もれびの森心療内科精神科,熊本市西区春日２丁目１－２４グッドライフ熊本駅前２階,096-354-8720,木村　武実,木村　武実,心内　精,,平30. 8. 1,kyushu/000491321.zip
診療所,43,7310169,熊本田崎クリニック,熊本市西区田崎２丁目５－３０,096-211-0011,医療法人　平成会　理事長　西岡　宏晃,西岡　宏晃,一般　整外　リハ　リウ　内　糖尿病内科,,平30. 7. 1,kyushu/000491321.zip
診療所,43,7310177,永知医院,熊本市西区春日１丁目６番５号,096-353-5087,医療法人社団　永廣会　理事長　永廣　雄一,永廣　雄一,皮　内　心内　精　性,,平30. 11. 1,kyushu/000491321.zip
診療所,43,7310185,城山皮膚科・泌尿器科クリニック,熊本市西区城山下代３丁目１番３号,096-329-6677,医療法人社団一の樹会　理事長　中山　一郎,中山　一郎,皮　ひ,,令元. 9. 1,kyushu/000491321.zip
診療所,43,7310193,出町内科,熊本市西区出町５－３８,096-322-7752,右山　洋平,右山　洋平,内　呼内　糖尿病内科　循環器内科,,令2. 6. 1,kyushu/000491321.zip
診療所,43,7310219,くまもと森都心クリニック,熊本市西区春日１丁目１４－３くまもと森都心Ｃ－１,096-277-1381,石井　雅子,石井　雅子,内　ひ,,令3. 10. 1,kyushu/000491321.zip
診療所,43,7310227,西くまもと在宅支援クリニック,熊本市西区城山下代２丁目７－７下長ビル１０３・１０４号室,096-329-8818,医療法人社団御幸会　理事長　宮田　高雄,池田　俊,内,,令5. 8. 1,kyushu/000491321.zip
診療所,43,7310235,すえなが婦人科・産科クリニック,熊本市西区二本木２丁目８－１３,096-352-7280,医療法人末永会　理事長　末永　義人,末永　義人,婦　産,,令4. 2. 1,kyushu/000491321.zip
診療所,43,7310243,熊本駅前２分かずよ皮膚科・美容皮膚科クリニック,熊本市西区春日３丁目２６番４７号ＪＲ熊本春日南ビル３Ｆ,096-247-6512,北　和代,北　和代,皮,,令4. 4. 1,kyushu/000491321.zip
診療所,43,7310250,たむらふみお　おなかと内科のクリニック,熊本市西区春日７丁目２８番１０号,096-312-3500,田村　文雄,田村　文雄,内　消化器内科　内視鏡内科　腫瘍内科,,令4. 10. 1,kyushu/000491321.zip
診療所,43,7310268,熊本みなとクリニック　内科・内視鏡内科,熊本市西区上代４丁目１３番２９号,096-288-0971,岩﨑　智仁,岩﨑　智仁,消化器内科　内視鏡内科　内,,令5. 10. 1,kyushu/000491321.zip
診療所,43,7310276,佐藤眼科　熊本,熊本市西区春日３丁目２４番地１号ＪＲ熊本春日北ビル１階,096-326-2500,医療法人樹尚会　理事長　佐藤　巌一,佐藤　智樹,眼,,令6. 5. 1,kyushu/000491321.zip
診療所,43,7310284,熊本そけいヘルニア・整形外科クリニック,熊本市西区田崎一丁目３番７９号,096-326-2002,医療法人社団誠療会　理事長　成尾　政一郎,菊竹　高志,外　整外　リハ　内,,令7. 4. 1,kyushu/000491321.zip
診療所,43,7310292,みどりアイクリニック,熊本市西区春日３－１５－２６アミュプラザ熊本５Ｆ,096-374-6666,諸藤　雄一,諸藤　雄一,眼,,令7. 7. 1,kyushu/000491321.zip
診療所,43,7310300,山下内科医院,熊本市西区二本木２丁目５番２４号ＳＴＩＬＯ二本木１階,096-321-7600,医療法人大和　理事長　山本　浩一朗,山下　昌洋,内,,令7. 8. 1,kyushu/000491321.zip
診療所,43,7410019,夕診クリニック,熊本市南区野田２丁目９－１,096-357-8888,宮嵜　俊幸,宮嵜　俊幸,内　小　放　他,,平25. 4. 2,kyushu/000491321.zip
病院,43,7410027,医療法人　憲和会　南部中央病院,熊本市南区南高江６丁目２番２４号,096-357-3322,医療法人　憲和会　理事長　坂本　憲史,坂本　憲史,一般　整外　リハ　リウ　内　麻,,平24. 8. 1,kyushu/000491321.zip
診療所,43,7410050,前田産婦人科医院,熊本市南区出仲間７丁目２番３２号,096-378-8010,医療法人　フェリチタ　理事長　前田　隆宏,前田　隆宏,一般　産婦,,平25. 4. 1,kyushu/000491321.zip
診療所,43,7410076,國武整形外科医院,熊本市南区近見６丁目１－３１,096-323-9290,國武　由紀夫,國武　由紀夫,整外　リハ,,平25. 6. 1,kyushu/000491321.zip
病院,43,7410084,にしくまもと病院,熊本市南区富合町古閑１０１２番地,096-358-1118,医療法人　相生会　理事長　浦江　明憲,山口　浩司,一般　療養　整外　内科　糖尿病・代謝内科　脳神経外科　脳内　呼内　循環器内科　消化器内科　外　皮　リハ　麻　ひ　小,,平25. 9. 1,kyushu/000491321.zip
病院,43,7410100,森病院,熊本市南区近見１－１６－１６,096-354-0177,医療法人　森和会　理事長　森　健太,森　健太,精神　精,193,平26. 5. 1,kyushu/000491321.zip
診療所,43,7410118,良町ふくしまクリニック,熊本市南区良町４－１－８０,096-288-6829,医療法人社団　純生会　理事長　福島　純,福島　純,一般　一般　内,5,平26. 11. 1,kyushu/000491321.zip
診療所,43,7410126,しみず整形外科内科クリニック,熊本市南区出仲間６ー１１ー１,096-378-1822,医療法人　しみず会　理事長　清水　泰宏,清水　泰宏,一般　整外　内　リウ　リハ　麻,,平27. 1. 1,kyushu/000491321.zip
診療所,43,7410134,桜十字クリニック,熊本市南区御幸笛田７－１１－８５,096-383-7772,医療法人桜十字　理事長　倉津　純一,岡田　純一,内,,平27. 7. 1,kyushu/000491321.zip
診療所,43,7410159,ひかり眼科クリニック,熊本市南区南高江７丁目７－３０,096-358-1511,医療法人拓雄会　理事長　劉　美智,北村　昌弥,眼,,平27. 10. 1,kyushu/000491321.zip
診療所,43,7410167,甲斐整形外科,熊本市南区平成２丁目３番２７号,096-285-6751,医療法人　かい　理事長　甲斐　功一,甲斐　功一,整外　リウ　リハ　内,,平27. 10. 1,kyushu/000491321.zip
診療所,43,7410183,楢原医院,熊本市南区近見２丁目１４－１,096-354-5768,楢原　智子,楢原　智子,内,,平28. 6. 1,kyushu/000491321.zip
診療所,43,7410191,下田クリニック,熊本市南区城南町さんさん１丁目６番地２号,0964-28-2001,医療法人　花桜会　理事長　手塚　壯太郎,手塚　壯太郎,内　胃　循　外　形外　美外　小　麻　他,,平29. 4. 1,kyushu/000491321.zip
診療所,43,7410225,いしはら皮膚外科クリニック,熊本市南区近見２丁目１７－３７,096-325-1112,医療法人社団徳照会　理事長　石原　剛,石原　剛,形外　アレ,,平30. 6. 1,kyushu/000491321.zip
診療所,43,7410241,瀬口医院　ささ小児科,熊本市南区白藤二丁目２番３８号１階,096-357-9475,黒澤　茶茶,黒澤　茶茶,小,,平30. 10. 1,kyushu/000491321.zip
診療所,43,7410258,しおや内科・内視鏡クリニック,熊本市南区江越二丁目１０－１０,096-377-5408,塩屋　公孝,塩屋　公孝,内　消　他,,平31. 1. 1,kyushu/000491321.zip
診療所,43,7410274,熊本バースクリニック,熊本市南区八幡５丁目１０－２３,096-320-2334,医療法人マザーズ　理事長　黒田　くみ子,黒田　くみ子,一般　産婦,,令2. 6. 1,kyushu/000491321.zip
診療所,43,7410282,あいこう泌尿器科・内科クリニック,熊本市南区良町１丁目２２番５号,096-334-2700,医療法人あいこう会　理事長　愛甲　巌,愛甲　巌,ひ　内　皮　アレ　性感染症内科,,令3. 1. 1,kyushu/000491321.zip
診療所,43,7410290,田迎眼科クリニック,熊本市南区出仲間８丁目１－１０,096-285-5859,医療法人なかむら会　理事長　中村　行宏,中村　行宏,眼,,令3. 4. 1,kyushu/000491321.zip
診療所,43,7410308,くまもと南耳鼻咽喉科クリニック,熊本市南区城南町隈庄９４３番地１,0964-25-3387,医療法人社団松吉会　理事長　松吉　秀武,山田　卓生,耳い　アレ,,令4. 1. 1,kyushu/000491321.zip
診療所,43,7410324,いでた平成眼科クリニック,熊本市南区馬渡１丁目１４－２５,096-377-1148,医療法人レチナ　理事長　出田　隆一,出田　隆一,眼,,令4. 6. 1,kyushu/000491321.zip
診療所,43,7410332,永田耳鼻咽喉科医院,熊本市南区近見２－４－５１,096-325-3387,医療法人雅美会　理事長　永田　雅英,永田　良三郎,耳い,,令4. 6. 6,kyushu/000491321.zip
診療所,43,7410340,あらきメンタルクリニック,熊本市南区日吉２丁目７－５５,096-320-1700,荒木　幹生,荒木　幹生,精　心内　内,,令4. 9. 1,kyushu/000491321.zip
診療所,43,7410357,しもむらクリニック,熊本市南区島町四丁目４番１号,096-358-8666,医療法人社団修和会　　理事長　下村　修,下村　修,放射線診断科　内,,令5. 1. 1,kyushu/000491321.zip
診療所,43,7410365,よりクリニック,熊本市南区御幸西２丁目３ー７５,096-379-5560,賴藤　暁,賴藤　暁,精　心療内科　内　糖尿病内科　美容皮膚科,,令5. 4. 1,kyushu/000491321.zip
診療所,43,7410373,みらいえクリニック,熊本市南区田迎５丁目１－５,096-334-3001,医療法人徳裕会　理事長　嶋津　裕太郎,嶋津　裕太郎,内,,令5. 6. 1,kyushu/000491321.zip
診療所,43,7410381,大山皮膚科医院,熊本市南区近見１丁目４番１５号,096-326-3355,医療法人社団可愛山会　理事長　大山　勝郎,大山　文悟,皮　小　アレ　内　形外　美外　性感染症皮膚科,,令6. 1. 1,kyushu/000491321.zip
診療所,43,7410399,たかしお内科ハートクリニック,熊本市南区良町４丁目４－１１,096-370-5555,髙潮　征爾,髙潮　征爾,内　循環器内科　心臓リハビリテーション科,,令6. 6. 1,kyushu/000491321.zip
診療所,43,7410407,さんさん眼科クリニック,熊本市南区城南町さんさん１丁目１１番地１１号,0964-28-5560,榮木　大輔,榮木　大輔,眼,,令7. 5. 1,kyushu/000491321.zip
診療所,43,7410415,田迎耳鼻咽喉科,熊本市南区出仲間８丁目１－１１,096-283-6811,小川　晋太郎,小川　晋太郎,耳い,,令7. 9. 1,kyushu/000491321.zip
診療所,43,7410423,佐々木脳神経外科,熊本市南区荒尾１丁目１６番６号,096-358-7814,医療法人　浩徳会　理事長　佐々木　浩治,佐々木　浩治,脳外　神内,,令8. 6. 1,kyushu/000491321.zip
診療所,43,7510040,北部眼科・小児眼科,熊本市北区四方寄町１２８１－１,096-245-1156,医療法人社団　原武会　理事長　渡邉　聖樹,渡邉　亜希,眼　他,,平25. 3. 1,kyushu/000491321.zip
診療所,43,7510057,よねざわ眼科,熊本市北区兎谷１丁目２－１８,096-343-0880,医療法人　米澤会　理事長　犬丸　淳子,犬丸　淳子,眼,,平25. 5. 1,kyushu/000491321.zip
診療所,43,7510065,宮本外科・消化器内科,熊本市北区八景水谷２丁目６番２６号,096-345-7588,医療法人　メディカルフォレスト　理事長　宮本　大典,宮本　大典,外　消,,平25. 8. 1,kyushu/000491321.zip
診療所,43,7510073,清藤クリニック,熊本市北区武蔵ケ丘４丁目１０－１４,096-223-5373,医療法人　清藤クリニック　理事長　清藤　千景,清藤　千景,内　呼内　小　緩和ケア内科,,令8. 6. 1,kyushu/000491321.zip
診療所,43,7510081,たけむら耳鼻咽喉科クリニック,熊本市北区楠８丁目８番８号,096-338-4133,医療法人　竹村会　理事長　竹村　考史,竹村　考史,耳い　アレ　他,,平27. 5. 1,kyushu/000491321.zip
診療所,43,7510107,むさしヶ丘クリニック,熊本市北区楠６丁目６－５５村上ビル２階,096-277-1790,髙橋　教朗,髙橋　教朗,心内　精,,平28. 4. 1,kyushu/000491321.zip
診療所,43,7510115,宮崎眼科医院,熊本市北区植木町植木４９８番地,096-272-1027,医療法人隆誠会　理事長　宮崎隆一,宮崎　隆一,眼,,平28. 11. 1,kyushu/000491321.zip
診療所,43,7510131,あさはら整形外科,熊本市北区室園町１０－１３,096-345-8500,医療法人　資正会　理事長　浅原　洋資,浅原　洋資,整外　リハ　リウ　内,,平30. 1. 1,kyushu/000491321.zip
診療所,43,7510164,髙橋レディースクリニック,熊本市北区清水新地６丁目２番６４号,096-348-7575,髙橋　俊一,髙橋　俊一,産婦　ひ　女性内科・肛門内科,,令元. 10. 1,kyushu/000491321.zip
診療所,43,7510172,あそうだ整形外科クリニック,熊本市北区麻生田３丁目１１番１９号,096-337-6611,医療法人せいすい会　理事長　浦田　節雄,浦田　節雄,整外　リウ　リハ,,令元. 12. 1,kyushu/000491321.zip
診療所,43,7510206,八景水谷昭和館診療所,熊本市北区山室４丁目９番３０号,096-343-0006,光岡　明夫,光岡　明夫,内,,令2. 4. 17,kyushu/000491321.zip
診療所,43,7510214,高木クリニック　内科・消化器内科,熊本市北区清水岩倉１丁目１－１１,096-344-3111,高木　研一,高木　研一,内科・消化器内科,,令2. 3. 21,kyushu/000491321.zip
診療所,43,7510222,むさし内科クリニック,熊本市北区楠６丁目１番１号,096-201-3700,宮本　久督,宮本　久督,内　胃腸内科　糖尿病内科　放射線診断科,,令2. 6. 1,kyushu/000491321.zip
診療所,43,7510230,みのだ耳鼻咽喉科クリニック／Ｋｕｍａｍｏｔｏ　Ｅａｒ　Ｉｎｓｔｉｔｕｔｅ,熊本市北区龍田７丁目６番１号,096-288-2108,蓑田　涼生,蓑田　涼生,耳い　小児耳鼻咽喉科　アレ,,令2. 9. 1,kyushu/000491321.zip
診療所,43,7510255,笠岡眼科,熊本市北区武蔵ケ丘四丁目１７番１７号,096-348-1700,医療法人笠岡会　理事長　笠岡　政孝,笠岡　政孝,眼,,令2. 10. 1,kyushu/000491321.zip
診療所,43,7510263,くすのき心の診療所,熊本市北区楠６丁目１－７－２０１号,096-202-2202,中村　民生,中村　民生,心内　精,,令3. 4. 1,kyushu/000491321.zip
診療所,43,7510271,いちもり内科・糖尿病内科クリニック,熊本市北区植木町植木５３４番地,096-272-3333,医療法人一森会　理事長　一森　伸二,一森　伸二,内科・糖尿病内科・代謝内科・内分泌内科　脂質代謝内科,,令3. 10. 1,kyushu/000491321.zip
診療所,43,7510289,なごみクリニック,熊本市北区清水新地６丁目６番１２号,096-321-6544,森　智寿,森　智寿,精　心内　内,,令3. 11. 1,kyushu/000491321.zip
診療所,43,7510297,いとう内科クリニック,熊本市北区龍田陳内２丁目４番,096-321-6411,伊藤　清治,伊藤　清治,内　消化器内科　腎臓内科　呼吸器内科　循環器内科,,令4. 7. 1,kyushu/000491321.zip
診療所,43,7510313,よもぎ・すえよし整形外科　運動器リハビリテーションクリニック,熊本市北区四方寄町１６３２番１,096-288-0200,末吉　貴直,末吉　貴直,整外　リハ,,令6. 7. 1,kyushu/000491321.zip
診療所,43,7510347,北くまもと在宅支援クリニック,熊本市北区高平２丁目２４－１３,096-288-2370,医療法人桜十字　理事長　倉津　純一,菅村　公一,内　循環器内科　緩和ケア内科,,令7. 6. 1,kyushu/000491321.zip
診療所,43,7510354,長野皮膚科・形成外科医院,熊本市北区清水亀井町２６－２７,096-345-2511,長野　晴香,長野　晴香,皮　形外　アレ,,令8. 4. 1,kyushu/000491321.zip
診療所,43,7510362,ほんだ皮ふ科クリニック,熊本市北区清水新地６丁目８番５号,096-339-3121,医療法人本多会　本多　教稔,本多　教稔,皮　アレ　形外,,令8. 6. 1,kyushu/000491321.zip
病院,43,8110477,独立行政法人国立病院機構熊本再春医療センター,合志市須屋２６５９,096-242-1000,独立行政法人国立病院機構　理事長　新木　一弘,緒方　宏臣,一般　一般（感染）　内科　脳内　呼内　消化器内科　循環器内科　リウ　小　外　整外　リハ　放　麻　病理診断科　代謝内科　腫瘍内科　感染症内科　呼外　消化器外科,433,昭32. 7. 1,kyushu/000491321.zip
病院,43,8110485,独立行政法人国立病院機構熊本南病院,宇城市松橋町豊福２３３８,0964-32-0826,独立行政法人国立病院機構　理事長　新木　一弘,花岡　伸佳,一般　結核　内科　血液内科　糖尿病内科　代謝・内分泌内科　脳内　呼内　消化器内科　消化器外科　循環器内科　外　リウ　リハ　肝臓・胆のう・膵臓外科　感染症内科　放　麻　緩和ケア内科,150,昭59. 7. 1,kyushu/000491321.zip
病院,43,8110501,独立行政法人国立病院機構熊本医療センター,熊本市中央区二の丸１の５,096-353-6501,独立行政法人国立病院機構　理事長　新木　一弘,日高　道弘,一般　精神　内科　腎臓内科　血液内科　腫瘍内科　呼内　消化器内科　循環器内科　神内　外科　頭頸部外科　呼外　心臓血管外科　脳神経外科　小外　整外　形外　精　リウ　小　皮　ひ　産婦　眼　耳い　リハ　放射線科　放射線治療科　病理診断科　麻　歯　歯外　糖尿病・内分泌内科　感染症内科　救急科,500,昭59. 7. 1,kyushu/000491321.zip
病院,43,8111269,熊本大学病院,熊本市中央区本荘１－１－１,096-344-2111,国立大学法人熊本大学　学長　小川　久雄,平井　俊範,一般　精神　内　リウ　呼内　消　精　脳内　循　小　呼外　整外　脳外　心外　小外　皮　形外　ひ　産婦　眼　耳い　放　麻　救命　リハ　病理　歯外　他,795,昭32. 7. 1,kyushu/000491321.zip
病院,43,8112143,独立行政法人国立病院機構菊池病院,合志市福原２０８,096-248-2111,独立行政法人国立病院機構　理事長　新木　一弘,山下　建昭,一般　精神　内　心内　精　神　小　リハ,239,昭52. 4. 1,kyushu/000491321.zip
病院,43,8112291,国立療養所菊池恵楓園,合志市栄３７９６,096-248-1131,厚生労働省,境　恵祐,一般　内　精　外　整外　眼　皮　耳い　歯,395,平5. 10. 1,kyushu/000491321.zip
病院,43,8210046,国民健康保険和水町立病院,玉名郡和水町江田４０４０,0968-86-3105,和水町長　石原　佳幸,大島　茂樹,一般　療養　内　小　外　整外　脳外　リハ　放,,昭53. 7. 1,kyushu/000491321.zip
病院,43,8210053,山都町包括医療センターそよう病院,上益城郡山都町滝上４７６番地２,0967-83-1122,山都町　山都町長　坂本　靖也,山下　太郎,一般　内　外　循環器内科　消化器外科　呼内　整外　小外　小　眼　リハ　精　心内　脳内　歯　歯外,,平24. 11. 12,kyushu/000491321.zip
病院,43,8210061,国民健康保険天草市立河浦病院,天草市河浦町白木河内２２３－１１,09697-6-1151,天草市長　馬場　昭治,中川　和浩,一般　療養　内　外　整外　リハ,,平6. 4. 1,kyushu/000491321.zip
病院,43,8210079,熊本赤十字病院,熊本市東区長嶺南２－１－１,096-384-2111,日本赤十字社　社長　清家　篤,奥本　克己,一般　内科　腎臓内科　糖尿病内科　血液・腫瘍内科　リウ　脳神経内科　呼内　消化器内科　循環器内科　小児科　小児外科　外科　乳腺内分泌外科　呼外　整外　脳神経外科　心臓血管外科　形外　皮　ひ　産婦　眼　耳い　リハ　放射線科　放射線治療科　麻　歯科　歯科口腔外科　救急科　病理診断科　精神腫瘍科,490,昭62. 5. 1,kyushu/000491321.zip
病院,43,8210095,山鹿市民医療センター,山鹿市大字山鹿５１１,0968-44-2185,山鹿市長　早田　順一,別府　透,一般　一般（感染）　内　呼内　循　消　外　産婦　整外　リハ　放　小　ひ　麻　耳い　眼　他,201,昭53. 7. 1,kyushu/000491321.zip
病院,43,8210327,熊本市立熊本市民病院,熊本市東区東町４丁目１－６０,096-365-1711,熊本市長　大西　一史,相良　孝昭,一般　一般（感染）　呼内　脳内　精　婦　整外　脳外　皮　ひ　眼　耳い　歯外　小　産　放　麻　病理診断科　消化器内科　循環器内科　血液・腫瘍内科　腎臓内科　代謝内科　感染症内科　消化器外科　乳腺・内分泌外科　呼吸器外科　新生児内科　小児循環器内科　小児心臓外科　小児外科　救急科　リハビリテーション科,388,令元. 10. 1,kyushu/000491321.zip
診療所,43,8210368,熊本県宇城保健所,宇城市松橋町久具４００－１,0964-32-1147,熊本県知事　木村　敬,南野　淳吏,内　小　精,,昭32. 7. 1,kyushu/000491321.zip
診療所,43,8210376,熊本県有明保健所,玉名市岩崎１００４－１,0968-72-2184,熊本県知事　木村　敬,林田　由美,内,,昭52. 12. 1,kyushu/000491321.zip
診療所,43,8210384,熊本県山鹿保健所,山鹿市山鹿１０２６－３,0968-44-4121,熊本県知事　木村　敬,林田　由美,内,,令3. 5. 31,kyushu/000491321.zip
診療所,43,8210400,熊本県阿蘇保健所,阿蘇市一の宮町宮地２４０２,0967-24-9030,熊本県知事　木村　敬,劔　陽子,内　小,,平29. 3. 18,kyushu/000491321.zip
診療所,43,8210418,熊本県八代保健所,八代市西片町１６６０,0965-32-6121,熊本県知事　木村　敬,服部　希世子,内,,平8. 9. 16,kyushu/000491321.zip
診療所,43,8210426,熊本県水俣保健所,水俣市八幡町３丁目２番７号,0966-63-4104,熊本県知事　木村　敬,服部　希世子,内,,昭32. 7. 1,kyushu/000491321.zip
診療所,43,8210442,熊本県天草保健所,天草市今釜新町３５３０,0969-23-0172,熊本県知事　木村　敬,小宮　智,内,,昭32. 7. 1,kyushu/000491321.zip
病院,43,8210533,荒尾市立　有明医療センター,荒尾市荒尾２６００番地,0968-63-1115,荒尾市長　浅田　敏彦,大嶋　壽海,一般　内科　血液内科　糖尿病・内分泌内科　腎臓内科　外　産婦　小　整外　循環器内科　リハ　麻　呼内　皮　ひ　脳外　眼　脳内　消化器内科　形外　救急科　病理診断科　放射線治療科　精　緩和ケア内科　画像診断・治療科　総合診療科　耳い　老年内科　歯外,274,昭32. 7. 1,kyushu/000491321.zip
病院,43,8210558,阿蘇医療センター,阿蘇市黒川１２６６,0967-34-0311,阿蘇市　阿蘇市長　松嶋　和子,甲斐　豊,一般　一般（感染）　内　整外　小　皮　リハ　循環器内科　脳神経外科　脳神経内科　消化器外科　消化器内科　乳腺・内分泌外科　リウマチ膠原病内科　放　歯外　耳い　代謝内科　血液内科　腫瘍内科　腎臓内科　呼内　婦　ひ　神経精神科　心臓血管外科,124,平26. 8. 4,kyushu/000491321.zip
診療所,43,8210707,国保水俣市立総合医療センター附属久木野診療所,水俣市大字久木野８３３－１,0966-69-0200,水俣市長　髙岡　利治,坂本　不出夫,内　外,,昭32. 7. 1,kyushu/000491321.zip
病院,43,8210723,熊本中央病院,熊本市南区田井島　１ー５ー１,096-370-3111,国家公務員共済組合連合会,那須　二郎,一般　脳神経内科　内科　緩和ケア内科　腫瘍内科　腎臓内科　呼内　消化器内科　循環器内科　小　外　整外　皮　ひ　眼　麻　心臓血管外科　精　放　形外　脳神経外科　病理診断科　呼外　乳腺・内分泌外科　糖尿病・内分泌・代謝内科,361,平9. 1. 12,kyushu/000491321.zip
病院,43,8210749,小国公立病院,阿蘇郡小国町宮原１７４３,0967-46-3111,小国郷公立病院組合　組合長　渡邉　誠次,堀江　英親,一般　内　胃　循　小　外　整外　皮　こう　産婦　眼　耳い　ひ　精　麻,,昭32. 7. 1,kyushu/000491321.zip
病院,43,8210947,独立行政法人労働者健康安全機構　熊本労災病院,八代市竹原町１６７０,0965-33-4151,独立行政法人労働者健康安全機構　理事長　大西　洋英,松岡　雅雄,一般　内科　糖尿病・代謝内科　呼内　消化器内科　脳神経内科　精　循環器内科　小　外科　消化器外科　乳腺外科　心臓血管外科　呼外　小外　整外　形外　脳神経外科　皮　ひ　産婦　眼　耳い　リハ　放　麻　病理診断科　歯外,410,昭62. 7. 1,kyushu/000491321.zip
病院,43,8210962,熊本県こども総合療育センター,宇城市松橋町豊福２９００,0964-32-1143,熊本県知事　木村　敬,池邉　顕嗣朗,一般　小　整外　ひ　リハ　精,,平16. 6. 1,kyushu/000491321.zip
病院,43,8210988,国保　水俣市立総合医療センター,水俣市天神町１－２－１,0966-63-2101,水俣市長　髙岡　利治,阿部　道雄,一般　一般（感染）　感染　呼内　循環器内科　小　外　整外　産婦　皮　ひ　眼　耳い　消化器内科　放　脳外　脳内　リハ　麻　歯外　代謝内科　腎臓内科　心臓血管外科,293,昭32. 7. 1,kyushu/000491321.zip
病院,43,8211358,独立行政法人地域医療機能推進機構　熊本総合病院,八代市通町１０番１０号,0965-32-7111,独立行政法人地域医療機能推進機構　理事長　山本　修一,島田　信也,一般　一般（感染）　内科　腫瘍内科　感染症内科　アレルギー疾患内科　呼内　循環器内科　消化器内科　消化器外科　胃腸内科　脳内　人工透析内科　外科　乳腺外科　肛門外科　腫瘍外科　肝臓外科　呼外　心外　整外　リハ　脳外　耳い　皮　ひ　産婦　眼　放射線科　放射線治療科　病理　アレ　麻　血液内科　内視鏡内科　腎臓内科　糖尿病内科　内分泌内科　代謝内科　脂質代謝内科　膵臓外科　胆のう外科　食道外科　胃外科　大腸外科　内視鏡外科　疼痛緩和外科　頭頸部外科,400,平25. 2. 11,kyushu/000491321.zip
病院,43,8211366,独立行政法人地域医療機能推進機構　人吉医療センター,人吉市老神町３５,0966-22-2191,独立行政法人地域医療機能推進機構　理事長　山本　修一,薬師寺　俊剛,一般　一般（感染）　内科　糖尿病・代謝・内分泌内科　血液内科　呼内　消化器内科　消化器外科　循環器内科　小　外科　呼吸器外科　血管外科　乳腺外科　整外　脳外　脳内　皮　ひ　産婦　眼　耳い　放　リハ　麻　歯外　救急科　病理　形外　腫瘍内科　放射線治療科,252,昭33. 10. 1,kyushu/000491321.zip
病院,43,8211374,独立行政法人地域医療機能推進機構　天草中央総合病院,天草市東町１０１,0969-22-0011,独立行政法人地域医療機能推進機構　理事長　山本　修一,芳賀　克夫,一般　結核　一般（感染）　内　外　整外　脳外　産婦　皮　歯　耳い　小　放　歯外　リハ　他　麻,153,昭33. 10. 1,kyushu/000491321.zip
診療所,43,8211416,古屋敷診療所,球磨郡水上村江代１６５８－１,0966-46-1016,水上村長　中嶽　弘継,宮野　遼太朗,内　外,,平元. 5. 1,kyushu/000491321.zip
診療所,43,8211457,国民健康保険天草市立御所浦診療所,天草市御所浦町御所浦２０８１番地１３,0969-67-2007,天草市長　馬場　昭治,古賀　義規,内　整外　眼　精　歯,,令4. 1. 1,kyushu/000491321.zip
病院,43,8211564,天草市立栖本病院,天草市栖本町馬場２５６０－１４,0969-66-2165,天草市長　馬場　昭治,水流添　覚,一般　結核　内科　糖尿病内科　呼内　整外　リハ,,平3. 12. 1,kyushu/000491321.zip
病院,43,8211689,上天草市立上天草総合病院,上天草市龍ヶ岳町高戸１４１９－１９,0969-62-1122,上天草市長　堀江　隆臣,三角　郁夫,一般　療養　内　精　呼内　消化器内科　循環器内科　アレ　小　外　整外　ひ　肛門外科　産婦　眼　耳い　リハ　放　麻　皮　神内　代謝内科　消化器外科　腎臓内科,125,昭39. 8. 1,kyushu/000491321.zip
診療所,43,8211705,槻木診療所,球磨郡多良木町大字槻木字本園７０２番地１３,0966-44-1002,多良木町長　石井　淳一,藤本　千里,内　外,,平31. 4. 1,kyushu/000491321.zip
病院,43,8211770,国民健康保険天草市立新和病院,天草市新和町小宮地７６３－３,0969-46-2003,天草市長　馬場　昭治,遠竹　弘久,一般　内　循環器内科　消化器内科　整外　リハ,,平9. 11. 1,kyushu/000491321.zip
診療所,43,8211812,緑川へき地診療所,上益城郡山都町緑川２０１５,0967-82-3170,山都町長　坂本　靖也,竹本　隆博,内　外,,平27. 4. 1,kyushu/000491321.zip
診療所,43,8211879,熊本県菊池保健所,菊池市隈府１２７２－１０,0968-25-4155,熊本県知事　木村　敬,稲田　知久,内,,昭32. 7. 1,kyushu/000491321.zip
病院,43,8211911,済生会熊本病院,熊本市南区近見５－３－１,096-351-8000,社会福祉法人恩賜財団済生会支部熊本県済生会　支部長　副島秀久,中尾　浩一,一般　内科　腎臓内科　腫瘍内科　糖尿病内科　外　消化器内科　消化器外科　整外　呼内　呼外　ひ　心臓血管外科　循環器内科　脳神経外科　脳神経内科　放　麻　救急科　病理診断科　眼　婦　リハ,400,平7. 4. 1,kyushu/000491321.zip
診療所,43,8211929,熊本県人吉保健所,人吉市西間下町８６－１,0966-22-3107,熊本県知事　木村　敬,木村　聡子,内,,平30. 10. 29,kyushu/000491321.zip
診療所,43,8211945,国民健康保険天草市立御所浦北診療所,天草市御所浦町横浦７５０－１３,0969-67-2162,天草市長　馬場　昭治,古賀　義規,内　精,,昭47. 1. 17,kyushu/000491321.zip
診療所,43,8211952,上天草市立湯島へき地診療所,上天草市大矢野町湯島６５５,0964-56-4161,上天草市長　堀江　隆臣,松岡　隼平,内　小　外　整外　精,,昭47. 2. 1,kyushu/000491321.zip
診療所,43,8211978,熊本県精神保健福祉センター,熊本市東区月出３丁目１－１２０,096-386-1255,熊本県知事　蒲島　郁夫,池田　洋一郎,精　神,,平23. 1. 1,kyushu/000491321.zip
病院,43,8211994,水俣市立明水園,水俣市浜４０７６,0966-63-1108,社会福祉法人水俣市社会福祉事業団　理事長　髙岡　利治,安田　國士,一般　内,,昭47. 12. 16,kyushu/000491321.zip
診療所,43,8212018,井無田へき地診療所,上益城郡山都町井無田１２９４－３,0967-82-2881,山都町長　坂本　靖也,奥村　祐生,内　外　精　心内,,昭48. 7. 2,kyushu/000491321.zip
診療所,43,8212026,熊本県御船保健所,上益城郡御船町辺田見３９６－１,096-282-0016,熊本県知事　木村　敬,小山　宏美,内　精　小　産婦,,令元. 12. 1,kyushu/000491321.zip
診療所,43,8212059,地方職員共済組合　熊本診療所,熊本市中央区水前寺６－１８－１,096-383-1111,地方職員共済組合熊本県支部　支部長　蒲島郁夫,中川　洋一,内,,昭50. 2. 1,kyushu/000491321.zip
診療所,43,8212067,公立菊池養生園診療所,菊池市泗水町吉富２１９３番地１,0968-38-2820,菊池養生園保健組合　組合長　江頭　実,前川　愛,内　腎臓内科　循　消　放　精　心内,,昭50. 4. 1,kyushu/000491321.zip
病院,43,8212083,天草市立牛深市民病院,天草市牛深町３０５０,09697-3-4171,天草市　天草市長　馬場　昭治,松崎　法成,一般　療養　内　外　整外　小　産婦　耳い　眼　リハ　人工透析内科　救急科　麻　循環器内科,,平14. 3. 25,kyushu/000491321.zip
病院,43,8212117,熊本県立こころの医療センター,熊本市南区富合町平原３９１,096-357-2151,熊本県知事,西　良知,結核　精神　精　神内　内　呼内,190,昭50. 11. 1,kyushu/000491321.zip
診療所,43,8212166,北部へき地診療所,上益城郡山都町東竹原２８５－１,0967-85-0204,山都町長　坂本　靖也,岡田　雄二朗,内　外　精　心内,,昭53. 4. 1,kyushu/000491321.zip
診療所,43,8212208,八代市立下岳診療所,八代市泉町下岳１５６２－１,0965-67-3405,八代市長　小野　泰輔,横田　三郎,内　外,,昭55. 9. 1,kyushu/000491321.zip
診療所,43,8212232,教良木診療所,上天草市松島町教良木２９４８－１,09695-7-0037,上天草市長　堀江　隆臣,井上　大暉,内　小　外　整外　循,,昭56. 10. 16,kyushu/000491321.zip
診療所,43,8212240,八代市立椎原診療所,八代市泉町椎原３－１６,0965-67-5151,八代市長　小野　泰輔,田中　真一郎,内　小　外　整外,,昭57. 7. 1,kyushu/000491321.zip
診療所,43,8212265,五木村診療所,球磨郡五木村甲下手２６７２－１１,0966-37-2008,五木村長　木下　丈二,中原　大智,内　外,,平14. 4. 1,kyushu/000491321.zip
病院,43,8212273,球磨郡公立多良木病院,球磨郡多良木町大字多良木４２１０,0966-42-2560,球磨郡公立多良木病院企業団　企業長　髙森　啓史,髙森　啓史,一般　内　外　整外　循　産婦　脳外　耳い　小　眼　皮　リハ　消　歯　ひ　呼　心外　麻,178,昭59. 10. 1,kyushu/000491321.zip
診療所,43,8212281,熊本市立熊本市民病院附属芳野診療所,熊本市西区河内町野出１４１０,096-277-2007,熊本市長　大西　一史,板井　香織,内　小　外,,平3. 2. 1,kyushu/000491321.zip
診療所,43,8212307,阿蘇医療センター波野診療所,阿蘇市波野大字波野２７０３,0967-24-2203,阿蘇市長　松嶋　和子,森脇　健次,内　外　整外,,平7. 4. 1,kyushu/000491321.zip
診療所,43,8212315,産山村診療所,阿蘇郡産山村山鹿４８９番地５,0967-25-2011,産山村長　井　雄一郎,井　清司,内　外　小　ひ　精,,平7. 4. 1,kyushu/000491321.zip
診療所,43,8212323,日本赤十字社熊本健康管理センター,熊本市東区長嶺南２－１－１,096-384-3100,日本赤十字社　社長　清家　篤,吉田　稔,一般　内　婦　放,,平10. 4. 1,kyushu/000491321.zip
病院,43,8212331,済生会みすみ病院,宇城市三角町波多７７５－１,0964-53-1611,社会福祉法人恩賜財団　済生会支部熊本県済生会　支部長　副島　秀久,吉岡　正一,一般　内科　腎臓内科　糖尿病内科　外科　心臓血管外科　循環器内科　消化器内科　脳神経外科　脳神経内科　整外　ひ　麻　リハ　呼内　呼外　放,112,平15. 3. 1,kyushu/000491321.zip
病院,43,8212349,熊本市立植木病院,熊本市北区植木町岩野２８５－２９,096-273-2111,熊本市長　大西　一史,三角　郁夫,一般　療養　内　外　整外　循環器内科　脳神経外科　放　リハ,,平22. 3. 23,kyushu/000491321.zip
病院,43,8212356,くまもと県北病院,玉名市玉名５５０番地,0968-73-5000,地方独立行政法人くまもと県北病院　理事長　山下　康行,田宮　貞宏,一般　内科　血液内科　感染症内科　腫瘍内科　呼内　脳内　循環器内科　糖尿病・内分泌内科　腎臓内科　消化器内科　小　外科　消化器外科　乳腺外科　呼外　ひ　整外　脳外　皮　眼　耳い　歯外　婦　麻　放　病理診断科　アレ　膠原病・リウマチ科　リハ　救急科　緩和ケア内科　精,402,令3. 3. 1,kyushu/000491321.zip
診療所,43,8212380,独立行政法人地域医療機能推進機構　熊本総合病院附属クリニック,八代市妙見町１４５番地,0965-33-3620,独立行政法人地域医療機能推進機構　理事長　山本　修一,松尾　彰宣,内　外　整外　胃腸内科　消化器内科　循環器内科　呼内,,平31. 4. 1,kyushu/000491321.zip
診療所,43,8212406,おぐにサテライト診療所,阿蘇郡小国町宮原４２５番１２,0967-32-8010,小国郷公立病院組合　組合長　渡邉　誠次,国武　聖也,内,,令5. 7. 1,kyushu/000491321.zip
診療所,43,0132822,坂本歯科医院,熊本市中央区九品寺１丁目７番２１号,096-366-1358,坂本　憲昭,坂本　憲昭,歯,,昭48. 4. 2,kyushu/000491321.zip
診療所,43,0132855,岡田歯科医院,熊本市中央区本荘５丁目１０－２８,096-363-4871,岡田　知久,岡田　知久,歯,,昭48. 5. 16,kyushu/000491321.zip
診療所,43,0132947,千場歯科医院,熊本市中央区安政町４－１９,096-352-0686,千場　正昭,千場　正昭,歯,,昭49. 4. 1,kyushu/000491321.zip
診療所,43,0133101,藤波歯科医院,熊本市中央区大江５－９－４,096-364-9025,藤波　剛,藤波　剛,歯,,昭50. 3. 17,kyushu/000491321.zip
診療所,43,0133119,合澤歯科医院,熊本市東区尾ノ上４ー１１ー３３,096-365-3021,合澤　康生,合澤　康生,歯,,平2. 8. 16,kyushu/000491321.zip
診療所,43,0133143,一般社団法人熊本県歯科医師会口腔保健センター,熊本市中央区坪井２－３－６,096-343-4382,一般社団法人熊本県歯科医師会　会長　牛島　隆,椿　誠,歯,,昭50. 6. 2,kyushu/000491321.zip
診療所,43,0133200,宇都宮歯科医院,熊本市東区保田窪本町１６－３３,096-382-3419,宇都宮　啓一,宇都宮　啓一,歯,,平17. 8. 1,kyushu/000491321.zip
診療所,43,0133291,分山歯科医院,熊本市中央区本山４－４－５,096-326-2113,分山　和男,分山　和男,歯,,昭51. 8. 2,kyushu/000491321.zip
診療所,43,0133382,ごとう歯科医院,熊本市北区龍田４－３０－３８,096-338-2511,後藤　俊一,後藤　俊一,歯,,昭52. 7. 1,kyushu/000491321.zip
診療所,43,0133416,田島歯科診療所,熊本市北区龍田９－６－３５,096-338-5523,田島　貞子,田島　貞子,歯,,昭52. 8. 1,kyushu/000491321.zip
診療所,43,0133549,山村歯科医院,熊本市東区御領１－８－３５,096-389-1717,山村　定信,山村　定信,歯,,昭56. 11. 2,kyushu/000491321.zip
診療所,43,0133655,岡本歯科医院,熊本市中央区神水２丁目１６－５,096-384-4182,岡本　寛,岡本　寛,歯　小歯,,昭53. 12. 1,kyushu/000491321.zip
診療所,43,0133770,永野歯科医院,熊本市北区清水本町３３－２３,096-344-5224,永野　秀雄,永野　秀雄,歯,,平10. 9. 7,kyushu/000491321.zip
診療所,43,0133929,久保田歯科医院,熊本市南区八幡１１－８－１,096-357-2421,久保田　晴一,久保田　晴一,歯,,昭55. 8. 1,kyushu/000491321.zip
診療所,43,0134034,にしな歯科,熊本市中央区世安３丁目１番２２号,096-354-4101,西銘　達生,西銘　達生,歯　小歯,,昭56. 6. 16,kyushu/000491321.zip
診療所,43,0134042,中川歯科医院,熊本市中央区魚屋町１丁目２６,096-322-4365,中川　順一,中川　順一,歯,,昭56. 6. 20,kyushu/000491321.zip
診療所,43,0134141,沢木歯科医院,熊本市東区東野１－９－８,096-367-1311,澤木　孝明,澤木　孝明,歯　矯歯　小歯　歯外,,昭57. 4. 1,kyushu/000491321.zip
診療所,43,0134174,下山歯科医院,熊本市南区出仲間８－１－１３,096-378-1339,下山　純生,下山　純生,歯　小歯,,昭57. 7. 16,kyushu/000491321.zip
診療所,43,0134455,上原歯科医院,熊本市中央区出水３－４－７,096-362-7150,上原　凡由,上原　凡由,歯　小歯,,平17. 3. 1,kyushu/000491321.zip
診療所,43,0134513,西口歯科医院,熊本市東区保田窪３－１７－１０,096-385-5740,西口　和弘,西口　和弘,歯　矯歯　小歯　歯外,,平11. 11. 1,kyushu/000491321.zip
病院,43,0134737,朝日野総合病院,熊本市北区室園町１２－１０,096-344-3000,医療法人朝日野会　理事長　清水　安全,上山　秀嗣,歯　小歯,,昭61. 8. 11,kyushu/000491321.zip
診療所,43,0134745,中山歯科クリニック,熊本市中央区九品寺２－１－２４　熊本九品寺ビル２Ｆ,096-363-8686,中山　正純,中山　正純,歯　小歯,,昭61. 9. 1,kyushu/000491321.zip
診療所,43,0134760,東歯科医院,熊本市中央区北千反畑町１－１,096-343-3357,東　克章,東　克章,歯,,昭61. 10. 29,kyushu/000491321.zip
診療所,43,0134786,眞方歯科医院,熊本市北区龍田弓削１－１４－７３,096-339-8688,眞方　貴生,眞方　貴生,歯,,昭61. 12. 1,kyushu/000491321.zip
病院,43,0134828,くまもと成城病院,熊本市北区室園町１０－１７,096-344-3311,医療法人山部会　理事長　山部英則,増田　武信,歯,,昭62. 4. 1,kyushu/000491321.zip
診療所,43,0134950,古川歯科医院,熊本市西区田崎町字下寄４７４－２　大同ビル２０３号,096-322-9334,古川　猛士,古川　猛士,歯,,昭63. 4. 1,kyushu/000491321.zip
診療所,43,0134976,おにつか歯科医院,熊本市西区横手３－１１－２０,096-326-4618,鬼塚　啓史,鬼塚　啓史,歯,,昭63. 4. 16,kyushu/000491321.zip
診療所,43,0134984,フクダ歯科,熊本市東区湖東１－１２－１９,096-367-1182,福田　忠彰,福田　忠彰,歯　矯歯　小歯,,昭63. 4. 16,kyushu/000491321.zip
診療所,43,0135007,冨永歯科医院,熊本市中央区神水１－２－７,096-385-6480,冨永　祐司,冨永　祐司,歯　小歯　歯外　矯歯,,昭63. 6. 1,kyushu/000491321.zip
診療所,43,0135064,渡辺歯科医院,熊本市東区若葉１－３６－１８,096-365-0300,渡辺　猛士,渡辺　猛士,歯　矯歯　小歯,,昭64. 1. 1,kyushu/000491321.zip
診療所,43,0135106,立花歯科医院,熊本市東区新外４丁目７－３,096-365-8118,立花　泰裕,立花　泰裕,歯　小歯,,平21. 4. 1,kyushu/000491321.zip
診療所,43,0135114,寺本歯科医院,熊本市東区戸島西１丁目１６番１５号,096-365-1182,寺本　豊徳,寺本　豊徳,歯　小歯　矯歯,,平元. 4. 17,kyushu/000491321.zip
診療所,43,0135148,栃原歯科医院,熊本市中央区下通１丁目１０－２８　栃原ビル５Ｆ,096-352-3315,栃原　秀紀,栃原　秀紀,歯,,平6. 1. 1,kyushu/000491321.zip
診療所,43,0135155,木村歯科医院,熊本市西区花園５－３０－１５,096-359-7227,木村　洋,木村　洋,歯　矯歯　小歯,,平元. 7. 1,kyushu/000491321.zip
診療所,43,0135189,菊川歯科,熊本市北区楠４－３－１８,096-337-0088,菊川　明彦,菊川　明彦,歯,,平元. 8. 1,kyushu/000491321.zip
診療所,43,0135205,大村歯科医院,熊本市北区清水亀井町２２－１４,096-344-1238,大村　芳昭,大村　芳昭,歯　小歯,,平元. 9. 16,kyushu/000491321.zip
診療所,43,0135247,添島歯科医院,熊本市中央区桜町１－２８－２０５桜町センタービル２Ｆ,096-354-5087,医療法人社団至福会　理事長　添島　義樹,添島　義樹,歯　矯歯　小歯　歯外,,平元. 11. 1,kyushu/000491321.zip
診療所,43,0135270,永田歯科クリニック,熊本市中央区帯山４－５７－５,096-385-1182,医療法人　永田歯科クリニック　理事長　永田　省蔵,永田　省蔵,歯,,平17. 12. 1,kyushu/000491321.zip
診療所,43,0135304,コスモ歯科クリニック,熊本市中央区水前寺１－１－２６,096-383-8887,中西　久和,中西　久和,歯　小歯　矯歯,,平元. 12. 16,kyushu/000491321.zip
診療所,43,0135312,堤歯科医院,熊本市中央区坪井３－９－１７,096-344-6067,医療法人社団みぎわ会　理事長　河野　宏和,河野　宏和,歯　矯歯　小歯　歯外,,平2. 1. 1,kyushu/000491321.zip
診療所,43,0135387,西濱歯科医院,熊本市中央区水前寺公園８－１,096-381-8241,西濱　亮介,西濱　亮介,歯　小歯,,平2. 4. 16,kyushu/000491321.zip
診療所,43,0135411,元島歯科クリニック,熊本市東区尾ノ上１丁目７番２０号,096-365-1110,医療法人社団　幸歯会　理事長　元島　道信,元島　道信,歯　矯歯　小歯,,平23. 3. 1,kyushu/000491321.zip
診療所,43,0135437,ちかみ歯科クリニック,熊本市南区近見８－１－１,096-359-8001,丸田　兼堂,丸田　兼堂,歯　小歯,,平2. 8. 1,kyushu/000491321.zip
診療所,43,0135478,堀川歯科診療所,熊本市東区三郎１－１０－２３,096-381-5346,医療法人社団堀川歯科診療所　理事長　堀川　正,堀川　正,歯,,平2. 10. 1,kyushu/000491321.zip
診療所,43,0135486,木村歯科クリニック,熊本市中央区水前寺１－５－４　下村ビル２Ｆ,096-385-1551,医療法人社団木村歯科クリニック　理事長　木村　浩幸,木村　浩幸,歯,,平5. 8. 16,kyushu/000491321.zip
診療所,43,0135494,添島歯科クリニック,熊本市東区京塚本町７－７,096-381-4118,医療法人社団平和会　理事長　添島正和,添島　正和,歯　矯歯　小歯　歯外,,平7. 3. 16,kyushu/000491321.zip
診療所,43,0135502,原田歯科医院,熊本市中央区渡鹿７丁目１１番３８号,096-371-6400,原田　教二,原田　教二,歯,,平24. 2. 14,kyushu/000491321.zip
診療所,43,0135544,戸島渡辺歯科医院,熊本市東区戸島一丁目８－１５,096-380-0001,医療法人社団渡辺会　理事長　渡邉　康,山田　芙美,歯　小歯,,平3. 1. 1,kyushu/000491321.zip
診療所,43,0135601,かやの歯科医院,熊本市南区砂原町５７０－３,096-227-2800,萱野　至仁,萱野　至仁,歯　小歯,,平2. 10. 16,kyushu/000491321.zip
診療所,43,0135684,ひろた歯科医院,熊本市西区河内町大字船津２１１１－４,096-276-1080,廣田　達也,廣田　達也,歯,,平2. 10. 1,kyushu/000491321.zip
診療所,43,0135692,東野歯科医院,熊本市東区東野１－１５－１８,096-368-8929,宮本　浩幸,宮本　浩幸,歯　小歯,,平3. 2. 1,kyushu/000491321.zip
診療所,43,0135700,西野歯科医院,熊本市中央区子飼本町６－２６,096-343-5952,医療法人社団西野会　理事長　西野　隆一,西野　隆一,歯　小歯　歯外,,平3. 3. 1,kyushu/000491321.zip
診療所,43,0135718,大塚歯科医院,熊本市西区田崎３－１－１８,096-353-3614,医療法人社団大塚会　理事長　大塚　志郎,大塚　志郎,歯　矯歯　小歯　歯外,,平3. 3. 1,kyushu/000491321.zip
診療所,43,0135726,めんで歯科クリニック,熊本市中央区水前寺公園１６－３６,096-386-1555,免出　智英,免出　智英,歯　小歯　歯外,,平17. 6. 1,kyushu/000491321.zip
診療所,43,0135783,徳丸歯科医院,熊本市南区鳶町２－８－１,096-358-6480,徳丸　恵介,徳丸　恵介,歯　矯歯　小歯,,平3. 7. 17,kyushu/000491321.zip
診療所,43,0135825,ヒロデンタルクリニック,熊本市中央区新市街６－６　いけおビル２階,096-325-8177,森　浩人,森　浩人,歯　矯歯　小歯,,平22. 12. 1,kyushu/000491321.zip
診療所,43,0135932,清村歯科医院,熊本市中央区九品寺６－１－１０,096-371-6555,清村　正弥,清村　正弥,歯　矯歯　小歯,,平3. 12. 6,kyushu/000491321.zip
診療所,43,0135940,大川歯科医院,熊本市中央区帯山１－１７－１４,096-382-2224,医療法人社団幸洋会　理事長　大川　智弘,大川　智弘,歯　小歯,,平3. 12. 1,kyushu/000491321.zip
診療所,43,0135965,井芹歯科医院,熊本市東区秋津町秋田３４４５－３,096-368-0101,井芹　明洋,井芹　明洋,歯　小歯,,平3. 12. 24,kyushu/000491321.zip
診療所,43,0135981,平成歯科クリニック,熊本市南区江越１－２－１,096-379-6480,医療法人社団晧歯会　理事長　木村　誠也,木村　誠也,歯　小歯,,平4. 1. 1,kyushu/000491321.zip
診療所,43,0136005,分山矯正歯科クリニック,熊本市中央区花畑町１－７　ＭＹ熊本ビル２Ｆ,096-354-0413,医療法人社団分山矯正歯科　理事長　分山　英次,分山　英次,矯歯,,平4. 3. 2,kyushu/000491321.zip
診療所,43,0136039,たんご歯科医院,熊本市西区春日７－１９－１７,096-322-6300,反後　雅博,反後　雅博,歯　小歯,,平4. 7. 1,kyushu/000491321.zip
診療所,43,0136088,わかば矯正歯科クリニック,熊本市中央区安政町２ー２６　川崎歯科ビル２階,096-324-3958,山本　資晴,山本　資晴,矯歯,,平13. 7. 1,kyushu/000491321.zip
診療所,43,0136096,松岡歯科クリニック,熊本市中央区島崎１－９－２２,096-359-5743,松岡　弘毅,松岡　弘毅,歯　矯歯　小歯,,平4. 11. 2,kyushu/000491321.zip
診療所,43,0136104,むこうだ歯科医院,熊本市東区新生２－９－２,096-369-1010,向田　英二,向田　英二,歯　矯歯　小歯,,平4. 11. 17,kyushu/000491321.zip
診療所,43,0136112,ウエノ歯科,熊本市中央区大江４－８－１０,096-364-8877,上野　聡之,上野　聡之,歯　小歯,,平13. 12. 1,kyushu/000491321.zip
診療所,43,0136161,中根歯科医院,熊本市中央区京町１丁目２番３０号,096-353-3041,医療法人社団中根会　理事長　中根　研,中根　研,歯　小歯　歯外,,平5. 5. 1,kyushu/000491321.zip
診療所,43,0136179,梶原歯科医院,熊本市東区戸島３－４－２６,096-388-2224,梶原　武彦,梶原　武彦,歯,,平17. 7. 1,kyushu/000491321.zip
診療所,43,0136187,井口歯科医院,熊本市東区若葉３－１７－７,096-360-0111,井口　泰治,井口　泰治,歯　矯歯　小歯,,平5. 6. 1,kyushu/000491321.zip
診療所,43,0136245,尾上歯科医院,熊本市南区八分字町３１１７－１,096-227-2534,医療法人社団宏真会　理事長尾上宏,尾上　宏,歯　小歯,,平5. 10. 1,kyushu/000491321.zip
診療所,43,0136252,楠歯科クリニック,熊本市北区楠２－１３－４０,096-338-5389,吉田　順一,吉田　順一,歯,,平19. 12. 1,kyushu/000491321.zip
診療所,43,0136278,浜坂歯科医院,熊本市中央区水道町８－４,096-354-2133,高松　尚史,高松　尚史,歯,,平6. 1. 1,kyushu/000491321.zip
診療所,43,0136286,せい歯科医院,熊本市北区麻生田３－３－６０麻生田郵便局ビル２Ｆ　Ｂ号室,096-337-5641,瀬井　知己,瀬井　知己,歯　小歯,,平6. 1. 16,kyushu/000491321.zip
診療所,43,0136310,中原歯科クリニック,熊本市中央区本荘６－４－４,096-364-6480,医療法人社団あゆみ会　理事長　中原　孝,中原　孝,歯　矯歯　小歯　歯外,,平6. 4. 1,kyushu/000491321.zip
診療所,43,0136336,古賀歯科医院,熊本市中央区出水１－７－５２,096-364-8351,医療法人古賀歯科医院　理事長　古賀　明,古賀　明,歯,,平6. 5. 1,kyushu/000491321.zip
診療所,43,0136344,斉藤歯科医院,熊本市中央区中央街４－２４,096-352-7779,医療法人社団斉藤歯科医院　理事長　齋藤　朗,齋藤　朗,歯,,平6. 6. 1,kyushu/000491321.zip
診療所,43,0136351,ホワイト歯科　健軍,熊本市東区若葉１－１,096-365-4066,医療法人社団ホワイト歯科　理事長　中西　久人,中西　久人,歯　矯歯　小歯　歯外,,平6. 6. 1,kyushu/000491321.zip
診療所,43,0136393,渡辺歯科クリニック,熊本市東区花立３－３－２６,096-367-4333,渡邊　洋,渡邊　洋,歯,,平6. 8. 1,kyushu/000491321.zip
診療所,43,0136419,むらた歯科医院,熊本市北区飛田３－１１－１０,096-346-3366,村田　尚之,村田　尚之,歯,,平6. 10. 16,kyushu/000491321.zip
診療所,43,0136427,牛島歯科医院,熊本市東区健軍４－１４－１０,096-367-8000,牛島　隆,牛島　隆,歯　矯歯　小歯,,平6. 11. 16,kyushu/000491321.zip
診療所,43,0136435,永松歯科医院,熊本市北区鹿子木町７５－１,096-245-3445,医療法人社団健志会　理事長　永松　聖隆,永松　聖隆,歯　小歯　矯歯,,平6. 12. 1,kyushu/000491321.zip
診療所,43,0136443,ミネ歯科クリニック,熊本市中央区水前寺１－４－１　　　ＪＲ水前寺駅１Ｆ　フレスタ水前寺,096-387-6480,峯　俊一郎,峯　俊一郎,歯　小歯,,平15. 3. 1,kyushu/000491321.zip
診療所,43,0136450,ささはら歯科医院,熊本市南区奥古閑町５９４－２,096-223-2148,篠原　威雄,篠原　威雄,歯　小歯,,平7. 2. 16,kyushu/000491321.zip
診療所,43,0136476,医療法人　角岡歯科医院,熊本市南区馬渡２－１７－１,096-379-6474,医療法人角岡歯科医院　理事長　角岡　宏亮,角岡　秀昭,歯,,平7. 4. 3,kyushu/000491321.zip
診療所,43,0136492,河野歯科医院,熊本市南区川尻６丁目７番１０号,096-357-9256,医療法人社団河野歯科医院　理事長　河野　克明,河野　克明,歯　小歯,,平7. 5. 1,kyushu/000491321.zip
診療所,43,0136500,山口歯科医院,熊本市東区桜木１－１２－３０,096-360-2239,山口　一彦,山口　一彦,歯　小歯,,平7. 5. 1,kyushu/000491321.zip
診療所,43,0136518,立本歯科医院,熊本市西区島崎４－１－３３,096-325-1613,立本　尚史,立本　尚史,歯　小歯,,平7. 5. 16,kyushu/000491321.zip
診療所,43,0136534,山脇歯科医院,熊本市西区中原町上白地６０３－２,096-329-7930,医療法人優祉会　理事長　山脇　和弘,山脇　和弘,歯,,平7. 6. 1,kyushu/000491321.zip
診療所,43,0136542,岩本歯科医院,熊本市南区十禅寺２ー３ー４０,096-323-1182,岩本　雅生,岩本　雅生,歯　小歯,,平7. 6. 1,kyushu/000491321.zip
診療所,43,0136559,ＴＭデンタルクリニック,熊本市東区西原１丁目２２－５２光多ビル１Ｆ,096-387-1557,丸山　毅,丸山　毅,歯　矯歯,,平18. 2. 1,kyushu/000491321.zip
診療所,43,0136567,鳥取歯科医院,熊本市北区鶴羽田三丁目１３番５号,096-345-3939,医療法人社団鳥取会　理事長　鳥取孝治,鳥取　孝治,歯,,平7. 9. 1,kyushu/000491321.zip
診療所,43,0136609,かとう歯科医院,熊本市東区榎町２－１１,096-360-3718,加藤　久雄,加藤　久雄,歯　矯歯　小歯,,平7. 12. 1,kyushu/000491321.zip
診療所,43,0136625,出口歯科医院,熊本市中央区神水１－６－３　野田ビル３階,096-381-8247,出口　浩志郎,出口　浩志郎,歯　矯歯　小歯,,平8. 4. 1,kyushu/000491321.zip
診療所,43,0136674,谷脇歯科医院,熊本市中央区九品寺３－１７－２３,096-372-0500,谷脇　信二,谷脇　信二,歯　小歯,,平18. 1. 1,kyushu/000491321.zip
診療所,43,0136682,やまさき歯科医院,熊本市中央区南熊本４－７－１９,096-366-5036,医療法人徳祐会　理事長　小島　耕作,小島　耕作,歯　小歯　歯外　矯歯,,平8. 5. 1,kyushu/000491321.zip
診療所,43,0136724,かなもと歯科医院,熊本市中央区新大江２－９－１,096-366-5503,金本　良久,金本　良久,歯　小歯,,平8. 6. 1,kyushu/000491321.zip
診療所,43,0136757,新屋敷津田歯科医院,熊本市中央区新屋敷１－２１－１０,096-371-8010,医療法人社団小堀会　理事長　津田勝久,津田　勝久,歯,,平8. 7. 16,kyushu/000491321.zip
診療所,43,0136765,川口歯科医院,熊本市東区長嶺南１－２－１８,096-383-8118,川口　孝,川口　孝,歯　小歯　矯歯,,平20. 9. 1,kyushu/000491321.zip
診療所,43,0136773,ありよし歯科医院,熊本市中央区帯山７－１７－４５,096-383-0011,医療法人社団正伸会　理事長　有吉　洋,有吉　洋,歯　矯歯　小歯,,平8. 8. 1,kyushu/000491321.zip
診療所,43,0136799,やまべ矯正歯科クリニック,熊本市中央区上通町４－１８　第３井上ビル３Ｆ,096-351-2308,医療法人やまべ矯正歯科クリニック　理事長　山部　耕一郎,山部　耕一郎,矯歯,,平8. 9. 1,kyushu/000491321.zip
診療所,43,0136823,よしざき歯科医院,熊本市中央区大江２－１５－２　玉城ビル１Ｆ,096-371-0535,吉崎　久次,吉崎　久次,歯　小歯,,平8. 10. 16,kyushu/000491321.zip
診療所,43,0136831,うちだ歯科医院,熊本市西区春日４－８－６　クリスタルパレス春日１階,096-355-4618,内田　雅巳,内田　雅巳,歯,,平8. 11. 16,kyushu/000491321.zip
診療所,43,0136872,鳥谷歯科医院,熊本市中央区九品寺５－７－１２,096-371-2118,鳥谷　明広,鳥谷　明広,歯,,平8. 12. 16,kyushu/000491321.zip
診療所,43,0136922,小野歯科医院,熊本市東区御領４－３－１６,096-389-8885,小野　秀樹,小野秀樹,歯　小歯　矯歯,,平9. 6. 16,kyushu/000491321.zip
診療所,43,0136930,かなもと歯科医院,熊本市南区白藤４－３－１５,096-358-7108,金本　和久,金本　和久,歯　小歯　歯外,,平9. 7. 16,kyushu/000491321.zip
診療所,43,0136997,ムサシ歯科クリニック,熊本市北区武蔵ヶ丘４－１６－２６,096-338-5959,医療法人社団ハートフル会　理事長　緒方　弘和,緒方　弘和,歯　小歯　矯歯　歯外,,平9. 11. 1,kyushu/000491321.zip
診療所,43,0137003,新地ハロー歯科診療所,熊本市北区清水新地六丁目６番７号,096-337-3686,医療法人社団　友志会　理事長　長　也寸志,熊谷　智絵,歯　小歯　矯歯,,平9. 11. 1,kyushu/000491321.zip
診療所,43,0137029,城南歯科医院,熊本市南区近見７－１２－３９,096-351-4986,宮本　格尚,宮本　格尚,歯　小歯　矯歯,,平10. 1. 1,kyushu/000491321.zip
診療所,43,0137037,にしきがおか歯科医院,熊本市東区錦ケ丘１３－２１,096-331-3041,渡辺　雅彦,渡辺　雅彦,歯,,平10. 2. 1,kyushu/000491321.zip
診療所,43,0137102,小楠歯科医院,熊本市東区沼山津４－１－２２,096-360-0826,宇治　保義,宇治　保義,歯　矯歯　歯外,,平10. 5. 1,kyushu/000491321.zip
診療所,43,0137128,片山歯科クリニック,熊本市東区沼山津３－３－８,096-367-4588,片山　満裕,片山　満裕,一般　小歯　矯歯,,平10. 5. 1,kyushu/000491321.zip
診療所,43,0137144,クレア歯科医院,熊本市東区長嶺東３－１－２５,096-388-1908,医療法人社団　鏡会　理事長　吉田　毅,吉田　毅,歯　小歯　矯歯,,平10. 6. 1,kyushu/000491321.zip
診療所,43,0137151,中原デンタルクリニック,熊本市中央区本荘６－４－３,096-364-6480,医療法人社団あゆみ会　理事長　中原　孝,中原　亜由美,歯　矯歯　小歯　歯外,,平10. 7. 1,kyushu/000491321.zip
診療所,43,0137169,いのうえデンタルクリニック,熊本市東区新南部４丁目１－２０,096-387-8552,井上　公敏,井上　公敏,歯　小歯,,平10. 8. 1,kyushu/000491321.zip
診療所,43,0137185,飯田歯科医院,熊本市東区長嶺東１丁目１－２５,096-213-3003,飯田　誠治,飯田　誠治,歯　矯歯　小歯,,平10. 10. 16,kyushu/000491321.zip
診療所,43,0137201,まちのはいしゃさん,熊本市南区島町４ー４ー２６,096-320-4311,長　忍,長　忍,歯　矯歯　小歯,,平13. 4. 1,kyushu/000491321.zip
診療所,43,0137219,松田歯科クリニック,熊本市南区南高江７丁目９－２,096-211-7168,松田　惠,松田　惠,歯　小歯,,平11. 2. 1,kyushu/000491321.zip
診療所,43,0137227,サクラデンタルクリニック,熊本市中央区桜町１－２０　西嶋三井ビル９０１号,096-351-2280,医療法人デンタル・アート　理事長　犬童　寛治,犬童　優子,歯　矯歯,,平11. 3. 1,kyushu/000491321.zip
診療所,43,0137235,谷口歯科医院,熊本市北区清水本町３０－２,096-346-0801,医療法人社団　谷口会　理事長　谷口守昭,吉田　光宏,歯　小歯　歯外,,平11. 3. 1,kyushu/000491321.zip
診療所,43,0137268,熊本パール総合歯科・矯正歯科・こども歯科クリニック健軍院,熊本市東区健軍３－２４－２２,096-369-5350,医療法人社団エステティックライン　理事長　前田　明浩,合原　智,歯　矯歯　小歯　歯外,,平14. 3. 12,kyushu/000491321.zip
診療所,43,0137318,いけしま歯科医院,熊本市東区山ノ神２－１３－２９,096-214-0555,池嶋　由希,池嶋　由希,歯　矯歯　小歯,,平11. 11. 1,kyushu/000491321.zip
診療所,43,0137326,井野歯科クリニック,熊本市中央区出水６－２０－１,096-214-8418,井野　健,井野　健,歯　小歯,,平12. 1. 16,kyushu/000491321.zip
診療所,43,0137334,碩台歯科診療所,熊本市中央区南千反畑町１０－５,096-211-9540,有働　秀一,有働　秀一,歯,,平12. 3. 1,kyushu/000491321.zip
診療所,43,0137342,にしもり歯科医院,熊本市中央区渡鹿２－１０－５,096-375-0700,西守　努,西守　努,歯　小歯,,平12. 3. 16,kyushu/000491321.zip
診療所,43,0137359,歯科ホワイトピアノ,熊本市北区麻生田２－４－２０,096-338-1802,医療法人社団　谷口会　理事長　谷口　守昭,出下　雅也,歯　小歯　歯外　矯歯,,平19. 5. 18,kyushu/000491321.zip
病院,43,0137375,くまもと成仁病院,熊本市東区戸島２丁目３番１５号,096-380-7011,医療法人　成仁会　理事長　上原　昌哉,上原　昌哉,歯　小歯　歯外,,平12. 4. 16,kyushu/000491321.zip
診療所,43,0137391,前田歯科・矯正歯科,熊本市中央区帯山９－４－６,096-382-8822,医療法人富士会　理事長　前田　英俊,前田　英俊,歯　矯歯　小歯,,平12. 7. 1,kyushu/000491321.zip
診療所,43,0137482,ひまわり歯科,熊本市北区武蔵ヶ丘１－１４－１０,096-337-7727,伊藤　道子,伊藤　道子,歯　小歯　歯外　矯歯,,平22. 9. 13,kyushu/000491321.zip
診療所,43,0137508,川﨑歯科医院,熊本市中央区安政町２ー２６,096-352-8008,川嵜　俊明,川嵜　俊明,歯,,平13. 2. 5,kyushu/000491321.zip
診療所,43,0137516,上通高木歯科医院,熊本市中央区上通町７ー２　いづみビル２Ｆ,096-354-9418,高木　雅子,高木　雅子,歯　矯歯　小歯　歯外,,平13. 2. 16,kyushu/000491321.zip
診療所,43,0137532,うちこが歯科医院,熊本市西区島崎２ー１５ー２２　宮崎ビル２Ｆ,096-354-7292,内古閑　昌代,内古閑　昌代,歯　矯歯　小歯　歯外,,平13. 4. 1,kyushu/000491321.zip
診療所,43,0137557,井手歯科医院,熊本市東区花立５ー１２ー３５,096-368-4566,井手　裕二,井手　裕二,歯　小歯　矯歯　歯外,,平13. 6. 1,kyushu/000491321.zip
診療所,43,0137565,おおつか歯科医院,熊本市北区麻生田２ー１ー１,096-215-8070,大塚　昭彦,大塚　昭彦,歯　矯歯　小歯　歯外,,平13. 6. 1,kyushu/000491321.zip
診療所,43,0137573,長嶺まえだ歯科クリニック,熊本市東区戸島西３－１－３７,096-331-6480,前田　邦治,前田　邦治,歯　小歯　矯歯,,平13. 7. 1,kyushu/000491321.zip
診療所,43,0137581,橋本歯科,熊本市北区麻生田５－１７－２３,096-337-7789,橋本　堅,橋本　堅,一般　小歯　歯外,,平13. 7. 16,kyushu/000491321.zip
診療所,43,0137607,さいき歯科クリニック,熊本市南区合志１－３－１９,096-358-8183,齊木　智章,齊木　智章,歯　歯外,,平19. 4. 1,kyushu/000491321.zip
診療所,43,0137615,おにき矯正歯科クリニック,熊本市南区御幸笛田１－９－３８,096-334-8211,鬼木　泰久,鬼木　泰久,矯歯,,平13. 10. 16,kyushu/000491321.zip
診療所,43,0137664,ながた歯科医院,熊本市中央区鍛冶屋町１９,096-352-4508,宮田　正孝,宮田　正孝,歯,,平14. 4. 1,kyushu/000491321.zip
診療所,43,0137706,さいとう歯科医院,熊本市中央区国府３－２１－８３,096-211-5353,齊藤　忠継,齊藤　忠継,歯　小歯,,平14. 6. 16,kyushu/000491321.zip
診療所,43,0137730,ニシ歯科クリニック,熊本市中央区坪井２－２－１８,096-343-6571,西　正浩,西　正浩,歯　矯歯　小歯　歯外,,平14. 8. 1,kyushu/000491321.zip
診療所,43,0137755,こじま歯科医院,熊本市北区武蔵ケ丘５－１３－１５,096-337-3640,医療法人社団　博文会　理事長　小島　博文,小島　博文,歯　矯歯　小歯,,平14. 11. 1,kyushu/000491321.zip
診療所,43,0137763,浮池歯科医院,熊本市南区幸田１－７－２０,096-379-3288,医療法人　博晶会　理事長　浮池　昌史,浮池　昌史,歯　矯歯　小歯　歯外,,平14. 12. 1,kyushu/000491321.zip
診療所,43,0137797,竹下歯科医院,熊本市北区四方寄町１４５８－５,096-245-1491,医療法人　青竹会　竹下歯科医院　理事長　竹下　憲治,竹下　憲治,歯　小歯　矯歯　歯外,,平15. 3. 1,kyushu/000491321.zip
診療所,43,0137813,としのり歯科,熊本市北区龍田１－３－４,096-337-0844,田中　俊憲,田中　俊憲,歯　歯外　小歯,,平15. 4. 1,kyushu/000491321.zip
診療所,43,0137896,くろき歯科医院,熊本市北区山室２－１７－２３,096-346-1818,医療法人幸和会　くろき歯科医院　理事長　黒木幸一郎,黒木　幸一郎,歯　小歯,,平15. 8. 1,kyushu/000491321.zip
診療所,43,0137938,松永歯科医院,熊本市中央区水前寺１－１８－２０,096-386-0648,医療法人社団　博慈会　理事長　松永久,松永　久,歯　小歯　矯歯　歯外,,平16. 10. 1,kyushu/000491321.zip
診療所,43,0137946,たかはし歯科クリニック,熊本市東区下江津２丁目５－８４,096-214-8644,髙橋　禎,髙橋　禎,歯　小歯,,平15. 12. 1,kyushu/000491321.zip
診療所,43,0137961,イーグル歯科クリニック,熊本市東区東町３－２－１８－１Ｆ,096-367-1196,武笠　憲,武笠　憲,歯　小歯　矯歯,,平16. 4. 1,kyushu/000491321.zip
診療所,43,0137987,一瀬歯科医院,熊本市中央区九品寺３－１５－５,096-364-0044,医療法人社団　一瀬歯科医院　理事長　一瀬英輔,一瀬　英輔,歯　小歯　歯外,,平16. 4. 1,kyushu/000491321.zip
診療所,43,0138001,きょうごく矯正歯科・小児歯科クリニック,熊本市南区出仲間１－３－１－１０６,096-334-6050,医療法人　きょうごく矯正歯科・小児歯科クリニック　理事長　京極和彦,京極　和彦,矯歯　小歯,,平16. 7. 1,kyushu/000491321.zip
診療所,43,0138019,秋山歯科クリニック,熊本市中央区下通１－７－２７－２Ｆ,096-352-5454,秋山　清,秋山　清,歯,,平16. 9. 1,kyushu/000491321.zip
診療所,43,0138027,こが歯科クリニック,熊本市中央区黒髪３－６－１７,096-343-4618,古賀　愼太郎,古賀　愼太郎,歯　矯歯　小歯　歯外,,平16. 9. 1,kyushu/000491321.zip
診療所,43,0138035,八反田歯科クリニック,熊本市東区八反田２－１２－５,096-388-8066,佐々木　努,佐々木　努,歯　小歯　歯外,,平16. 10. 1,kyushu/000491321.zip
診療所,43,0138118,にいむら歯科,熊本市東区東本町１－１１０,096-365-6510,医療法人　コスメティック　デンティストリー　理事長　新村健三,新村　健三,歯　小歯　歯外,,平17. 2. 1,kyushu/000491321.zip
診療所,43,0138142,帯山西歯科医院,熊本市中央区帯山１－３４－４４,096-387-1182,川井　哲雄,川井　哲雄,歯　小歯　歯外,,平17. 4. 1,kyushu/000491321.zip
診療所,43,0138167,せき歯科クリニック,熊本市東区桜木　３－２２－１９,096-360-0310,関　喜英,関　喜英,歯　矯歯　小歯　歯外,,平17. 5. 1,kyushu/000491321.zip
診療所,43,0138175,五島歯科医院,熊本市中央区練兵町８８－８,096-356-4850,五島　嘉人,五島　嘉人,歯　小歯　歯外,,平17. 6. 1,kyushu/000491321.zip
診療所,43,0138183,ゆみこ歯科クリニック,熊本市西区小島４－４－１６,096-319-4181,医療法人社団優和会　理事長　町田　宗一郎,町田　由美子,歯　矯歯　小歯　歯外,,平17. 6. 1,kyushu/000491321.zip
診療所,43,0138191,エクセル歯科医院,熊本市南区田迎３－２－１,096-379-1717,医療法人萌生会　理事長　田村　知丈,田村　知丈,歯　小歯　歯外　矯歯,,平17. 6. 1,kyushu/000491321.zip
診療所,43,0138209,つづき歯科医院,熊本市中央区出水１－１－１０プレジデント水前寺１Ｆ,096-364-6645,續　天彦,續　天彦,歯　小歯　歯外　矯歯,,平17. 9. 1,kyushu/000491321.zip
診療所,43,0138217,歯科医院オレンジ,熊本市西区城山下代３－１－３,096-329-6633,医療法人　敬　理事長　満田　貴子,満田　貴子,歯　矯歯　小歯　歯外,,平17. 9. 1,kyushu/000491321.zip
診療所,43,0138225,本田デンタルケア,熊本市東区東京塚町１－２１,096-383-8020,本田　康生,本田　康生,歯　小歯　歯外,,平17. 10. 1,kyushu/000491321.zip
診療所,43,0138233,椿歯科クリニック,熊本市中央区水前寺３－１５－２０,096-381-6561,椿　誠,椿　誠,歯　小歯,,平17. 10. 1,kyushu/000491321.zip
診療所,43,0138241,ホワイト歯科　戸島,熊本市東区戸島西１－２９－６,096-331-9900,医療法人社団　ホワイト歯科　理事長　中西　久人,藤田　智大,歯　矯歯　小歯　歯外,,平18. 3. 1,kyushu/000491321.zip
診療所,43,0138266,田中歯科医院,熊本市東区沼山津３－１０－４３,096-367-5909,田中　利明,田中　利明,歯　小歯,,平18. 4. 1,kyushu/000491321.zip
診療所,43,0138274,まちだ歯科クリニック,熊本市西区野中２－１３－１３,096-212-4800,医療法人社団　優和会　理事長　町田　宗一郎,町田　宗一郎,歯　矯歯　小歯　歯外,,平18. 4. 1,kyushu/000491321.zip
診療所,43,0138290,関歯科医院,熊本市西区二本木３－３－２９,096-353-0212,医療法人社団皐月会　理事長　関　光輝,関　光輝,歯　矯歯　小歯　歯外,,平18. 4. 1,kyushu/000491321.zip
診療所,43,0138308,島田歯科・矯正クリニック,熊本市東区渡鹿８－１４－５６,096-375-5018,島田　博之,島田　博之,歯　矯歯　小歯,,平18. 5. 1,kyushu/000491321.zip
診療所,43,0138316,城山椿歯科クリニック,熊本市西区上代４－１１－１０,096-312-5711,椿　賢,椿　賢,歯　小歯,,平18. 6. 1,kyushu/000491321.zip
診療所,43,0138324,なかがわ歯科,熊本市西区二本木５－２－１,096-312-2255,中川信之,中川　信之,歯　矯歯　小歯　歯外,,平18. 6. 1,kyushu/000491321.zip
診療所,43,0138365,栗原歯科医院,熊本市中央区新町４－４－１,096-353-6067,栗原　健一,栗原　健一,歯　歯外,,平18. 10. 1,kyushu/000491321.zip
診療所,43,0138373,平田歯科,熊本市東区佐土原１－１－３,096-365-8201,医療法人徳志会　理事長　平田　勝徳,平田　勝徳,歯　矯歯　小歯,,平18. 11. 1,kyushu/000491321.zip
診療所,43,0138464,坂梨歯科医院,熊本市中央区新屋敷２－１７－１９,096-366-1811,坂梨　秀光,坂梨　秀光,歯,,平19. 4. 1,kyushu/000491321.zip
診療所,43,0138472,翼ハロー歯科・内科診療所,熊本市東区画図町重富５２９－１,096-243-0182,医療法人社団　友志会　長　也寸志,長　也寸志,歯　内,,平19. 8. 1,kyushu/000491321.zip
診療所,43,0138506,かっぱ歯科,熊本市北区鹿子木町花ノ木１６２－２,096-245-4000,甲斐　仁士,甲斐　仁士,歯　小歯　歯外,,平19. 6. 1,kyushu/000491321.zip
診療所,43,0138514,井上歯科医院,熊本市北区鶴羽田町１０４４－３,096-345-1045,井上　泰子,井上　泰子,歯,,平19. 6. 15,kyushu/000491321.zip
診療所,43,0138522,シンデンタルクリニック水前寺,熊本市中央区水前寺６－１０－３０,096-374-6688,土島　晋,土島　晋,歯　小歯　歯外,,平19. 7. 1,kyushu/000491321.zip
診療所,43,0138530,杉野歯科医院,熊本市北区八景水谷１－３１－１７,096-344-5010,杉野　泰彦,杉野　泰彦,歯,,平19. 8. 1,kyushu/000491321.zip
診療所,43,0138548,暁こども歯科クリニック,熊本市東区長嶺東５－３０－１３,096-274-1155,片岡　暁華,片岡　暁華,小歯,,平19. 9. 1,kyushu/000491321.zip
診療所,43,0138555,浜坂歯科医院,熊本市中央区大江３－１－４３,096-372-3311,濱坂　上,濱坂　上,歯　小歯　歯外,,平19. 9. 1,kyushu/000491321.zip
診療所,43,0138563,クリスタルデンタルクリニック,熊本市中央区萩原町１７－２１　ＳＴビル１Ｆ,096-377-5755,山下　由真,山下　由真,歯　小歯,,平19. 10. 1,kyushu/000491321.zip
診療所,43,0138589,ほりかわ歯科医院,熊本市中央区水前寺公園２－３７,096-383-1827,堀川　修一,堀川　修一,歯,,平19. 11. 1,kyushu/000491321.zip
診療所,43,0138605,リコデンタルクリニック,熊本市中央区水前寺５－２８－３,096-387-0010,神﨑　理子,神﨑　理子,歯　小歯　歯外,,平20. 4. 1,kyushu/000491321.zip
診療所,43,0138639,ピース歯科クリニック神水,熊本市中央区神水２丁目２－３,096-237-8241,北村　陽介,北村　陽介,歯　小歯　歯外　矯歯,,平20. 5. 1,kyushu/000491321.zip
診療所,43,0138662,片山歯科医院,熊本市西区島崎２－１１－１５,096-356-6955,片山　晃紀,片山　晃紀,歯　歯外,,平20. 5. 1,kyushu/000491321.zip
診療所,43,0138704,サンフラワーデンタルクリニック,熊本市中央区上通町７－８　メイフラワービル２Ｆ,096-223-8241,岡村　俊之,岡村　俊之,歯　小歯　矯歯　歯外,,平20. 10. 1,kyushu/000491321.zip
診療所,43,0138720,ひらのデンタルクリニック,熊本市南区富合町新４１７－５,096-357-4658,平野　裕士,平野　裕士,歯　矯歯　小歯　歯外,,平5. 9. 16,kyushu/000491321.zip
診療所,43,0138753,吉井歯科医院,熊本市中央区城東町５－５９,096-353-6240,吉井　裕二,吉井　裕二,歯　小歯　歯外,,平21. 1. 1,kyushu/000491321.zip
診療所,43,0138787,慶歯科医院,熊本市西区城山大塘１－９－２５,096-329-3920,医療法人怜生会　理事長　村上　慶,村上　慶,歯　歯外　小歯　矯歯,,平21. 4. 1,kyushu/000491321.zip
病院,43,0138803,伊東歯科口腔病院,熊本市中央区子飼本町４番１４号,096-343-0377,医療法人伊東会　理事長　伊東　隆三,伊東　隆三,一般　一般　歯　矯歯　小歯　歯外　麻,24,平21. 5. 1,kyushu/000491321.zip
診療所,43,0138811,光琳寺通り歯科,熊本市中央区下通１丁目１１－８　甲斐ビル３階,096-312-4618,甲斐　文人,甲斐　文人,歯　小歯,,平21. 5. 1,kyushu/000491321.zip
診療所,43,0138829,矢毛石歯科医院,熊本市中央区水前寺３丁目３６番３号ブリューヘンビル１０１号,096-288-9229,矢毛石　悟,矢毛石　悟,歯　小歯,,平21. 6. 1,kyushu/000491321.zip
診療所,43,0138837,髙﨑歯科医院,熊本市東区健軍２丁目１３－１５　高崎ビル２Ｆ,096-368-3341,髙﨑　真由美,髙﨑　真由美,歯　小歯,,平21. 7. 1,kyushu/000491321.zip
診療所,43,0138860,オリオンデンタルクリニック,熊本市中央区九品寺５－８－７　２Ｆ,096-288-2256,髙橋　伸児,髙橋　伸児,歯　矯歯　小歯　歯外,,平21. 10. 1,kyushu/000491321.zip
診療所,43,0138944,ピュアデンタルクリニック新大江歯科診療所,熊本市中央区新大江２丁目１１－９,096-373-8020,医療法人　菅鉢会　理事長　菅鉢　孝治,菅鉢　孝治,歯　矯歯　小歯　歯外,,平22. 1. 1,kyushu/000491321.zip
診療所,43,0138951,石浦歯科クリニック,熊本市南区南高江１－１９－３０,096-357-9569,石浦　益盛,石浦　益盛,歯　矯歯　小歯,,平22. 2. 1,kyushu/000491321.zip
診療所,43,0138985,河野歯科医院,熊本市南区城南町坂野２６５,0964-28-6658,医療法人社団　河野歯科医院　理事長　河野　生司,河野　生司,歯　矯歯　小歯　歯外,,平5. 11. 1,kyushu/000491321.zip
診療所,43,0139108,かわせ歯科クリニック,熊本市南区城南町阿高２６０,0964-28-7021,川瀬　博美,川瀬　博美,歯　小歯,,平13. 10. 9,kyushu/000491321.zip
診療所,43,0139124,にしやま歯科クリニック,熊本市南区城南町宮地５３０－３,0964-26-2277,西山　英二,西山　英二,歯　小歯,,平18. 6. 1,kyushu/000491321.zip
診療所,43,0139132,うえだ歯科医院,熊本市南区城南町隈庄８０６－１,0964-28-4848,上田　孝夫,上田　孝夫,歯　小歯,,平18. 10. 1,kyushu/000491321.zip
診療所,43,0139157,工藤歯科医院,熊本市北区植木町舞尾６８２,096-272-2474,工藤　隆弘,工藤　隆弘,歯,,昭56. 5. 1,kyushu/000491321.zip
診療所,43,0139173,中嶋歯科医院,熊本市北区植木町舞尾６３２－５,096-273-1182,中嶋　隆志,中嶋　隆志,歯,,昭60. 3. 16,kyushu/000491321.zip
診療所,43,0139207,そえだ歯科医院,熊本市北区植木町豊田字前田１４１９ー１,096-273-4417,添田　誠也,添田　誠也,歯　矯歯　小歯,,平6. 2. 1,kyushu/000491321.zip
診療所,43,0139223,清水歯科クリニック,熊本市北区植木町広住４６９－８,096-273-5805,清水　幹広,清水　幹広,歯　矯歯　小歯,,平8. 12. 1,kyushu/000491321.zip
診療所,43,0139249,よつばデンタルクリニック,熊本市北区植木町植木１５７－９,096-273-1117,白石　久,白石　久,歯　小歯,,平18. 9. 1,kyushu/000491321.zip
診療所,43,0139272,いりさ歯科医院,熊本市北区八景水谷１丁目２４番２４号,096-223-7360,医療法人　至誠会　理事長　入佐　弘介,入佐　弘介,歯　小歯　歯外,,平22. 3. 1,kyushu/000491321.zip
診療所,43,0139280,あさひ歯科クリニック,熊本市北区植木町舞尾６２０　ウエッキー２Ｆ,096-273-4106,辻丸　宗徳,辻丸　宗徳,歯　小歯　矯歯,,平21. 5. 1,kyushu/000491321.zip
診療所,43,0139306,津野田歯科医院,熊本市中央区水前寺６丁目４１－２２,096-382-5927,津野田　稔,津野田　稔,歯　小歯　歯外,,平22. 5. 1,kyushu/000491321.zip
診療所,43,0139314,ホワイト歯科西廻りバイパス,熊本市西区上代１丁目２１番２号,096-288-2841,医療法人社団　ホワイト歯科　理事長　中西　久人,德永　一宏,歯　矯歯　小歯　歯外,,平22. 6. 1,kyushu/000491321.zip
診療所,43,0139355,うとデンタルクリニック,熊本市中央区段山本町３－７,096-326-7222,宇都　和寿,宇都　和寿,歯　矯歯　小歯　歯外,,平23. 2. 1,kyushu/000491321.zip
診療所,43,0139363,中嶋安田歯科医院,熊本市北区高平３丁目１１ー５８,096-223-5071,中嶋　充生,中嶋　充生,歯　小歯　歯外,,平23. 4. 1,kyushu/000491321.zip
診療所,43,0139371,アイ歯科・矯正歯科クリニック,熊本市中央区帯山１－４４－１,096-383-7070,太田　文隆,太田　文隆,歯　矯歯　小歯　歯外,,平23. 4. 1,kyushu/000491321.zip
診療所,43,0139397,ふくだ歯科クリニック,熊本市南区富合町南田尻９９９,096-223-5118,福田　勇人,福田　勇人,歯　歯外　小歯,,平23. 5. 1,kyushu/000491321.zip
診療所,43,0139413,さくらのもり歯科医院,熊本市東区小山２丁目１３－４５,096-388-0880,成瀬　公彦,成瀬　公彦,歯　小歯　歯外　矯歯,,平23. 7. 1,kyushu/000491321.zip
診療所,43,0139421,河端歯科　Ｎｏｒｉ‐Ｄｅｎｔａｌ　ｏｆｆｉｃｅ,熊本市東区尾ノ上２丁目２７番７号,096-365-6811,医療法人社団　河端会　理事長　河端　憲司,河端　憲彦,歯,,平23. 7. 1,kyushu/000491321.zip
診療所,43,0139447,歯ならびの歯医者さん,熊本市北区山室５丁目６－７,096-245-7224,泉　朝望,泉　朝望,矯歯,,平23. 10. 1,kyushu/000491321.zip
診療所,43,0139462,おかざき歯科クリニック,熊本市南区城南町東阿高２１番２,0964-28-7773,岡﨑　信也,岡﨑　信也,歯　小歯　歯外　矯歯,,平23. 12. 1,kyushu/000491321.zip
診療所,43,0139496,かたやまデンタルクリニック,熊本市南区良町４－７－４０,096-334-3800,片山　泰紀,片山　泰紀,歯　矯歯　小歯　歯外,,平24. 2. 1,kyushu/000491321.zip
診療所,43,0139504,森都心歯科クリニック,熊本市西区春日１丁目１４番３号,096-356-8118,堀尾　愼一郎,堀尾　愼一郎,歯　歯外,,平24. 3. 1,kyushu/000491321.zip
診療所,43,0330277,松本歯科医院,人吉市五日町７５,0966-22-2928,松本　晉一,松本　晉一,歯　小歯　矯歯,,令3. 9. 24,kyushu/000491321.zip
診療所,43,0330285,与田歯科医院,人吉市願成寺町字杉園４０４－４,0966-24-6482,與田　桂三,與田　桂三,歯　矯歯　小歯,,平7. 11. 16,kyushu/000491321.zip
診療所,43,0330335,今藤歯科医院,人吉市北泉田町２３４,0966-23-2330,医療法人社団今藤会　理事長　今藤　ひとみ,今藤　ひとみ,歯,,平元. 8. 1,kyushu/000491321.zip
診療所,43,0330343,御手洗歯科医院,人吉市南町８－１３,0966-22-2210,御手洗　肇,御手洗　肇,歯　小歯,,平元. 11. 16,kyushu/000491321.zip
診療所,43,0330350,清水歯科クリニック,人吉市願成寺町１３０６,0966-24-8182,清水　雅英,清水　雅英,歯　矯歯　小歯,,平2. 6. 11,kyushu/000491321.zip
診療所,43,0330376,愛甲歯科クリニック,人吉市七日町９４－５,0966-24-0061,愛甲　徹,愛甲　徹,歯,,平2. 10. 16,kyushu/000491321.zip
診療所,43,0330384,医療法人熊埜御堂歯科医院,人吉市上青井町１４０－３６,0966-22-3958,医療法人熊埜御堂歯科医院　理事長　熊埜御堂　渉,熊埜御堂　渉,歯,,平3. 3. 1,kyushu/000491321.zip
診療所,43,0330418,湯本歯科医院,人吉市宝来町１５－３,0966-24-8899,湯本　光一郎,湯本　光一郎,歯　小歯,,平4. 4. 1,kyushu/000491321.zip
診療所,43,0330442,相良歯科医院,人吉市下原田町無田原１３５５－２,0966-22-7722,相良　吉正,相良　吉正,歯　小歯,,平6. 9. 16,kyushu/000491321.zip
診療所,43,0330459,花田歯科医院,人吉市駒井田町２４５,0966-22-2470,花田　雅弘,花田　雅弘,歯,,平7. 4. 1,kyushu/000491321.zip
診療所,43,0330491,瀬戸歯科医院,人吉市上青井町１８５－８,0966-22-4078,瀬戸　弘,瀬戸　弘,歯,,平12. 1. 1,kyushu/000491321.zip
診療所,43,0330517,瓦屋町歯科,人吉市瓦屋町１１１８－１,0966-25-1800,医療法人是真会　理事長　瀬戸　雄行,瀬戸　雄行,歯　小歯　矯歯,,平14. 3. 16,kyushu/000491321.zip
診療所,43,0330558,菊竹歯科,人吉市田町１０,0966-22-2448,菊竹　茂人,菊竹　茂人,歯,,平17. 7. 1,kyushu/000491321.zip
診療所,43,0330566,小林脳神経外科,人吉市宝来町１２８５－５,0966-24-2727,医療法人　暁清会　理事長　小林　清市,小林　暁史,歯　矯歯　小歯　歯外,,平17. 9. 1,kyushu/000491321.zip
診療所,43,0330574,たなかファミリー歯科,人吉市南泉田町９５－２,0966-23-6871,田中　勝久,田中　勝久,歯　小歯　歯外,,平24. 10. 1,kyushu/000491321.zip
診療所,43,0330608,内山クリニック,人吉市九日町六番地,0966-22-2069,医療法人社団内山会　理事長　内山　順誠,内山　順誠,歯　小歯　歯外　矯歯,,令4. 4. 1,kyushu/000491321.zip
診療所,43,0330616,新名歯科医院,人吉市城本町５２６－１７,0966-22-4027,新名　正明,新名　正明,歯　歯外　小歯,,平29. 4. 1,kyushu/000491321.zip
診療所,43,0330624,いりえ歯科医院,人吉市西間下町１６６－９,0966-22-2798,入江　昭仁,入江　昭仁,歯,,平29. 12. 1,kyushu/000491321.zip
診療所,43,0330632,斉藤歯科クリニック,人吉市下城本町１３８３－１,0966-22-3110,医療法人　健口会　理事長　齋藤　健三,齋藤　健三,歯　小歯　矯歯,,平30. 2. 1,kyushu/000491321.zip
診療所,43,0330657,球磨川歯科医院,人吉市下原田町字荒毛字無田ノ原１４３３番地１－２,0966-32-8801,宮原　光春,宮原　光春,歯　矯歯,,令2. 10. 19,kyushu/000491321.zip
診療所,43,0330665,医療法人　春陽会　佐々木人吉駅歯科,人吉市中青井町３０９番地５　２階,0966-22-3003,医療法人春陽会　理事長　佐々木　立命,佐々木　立命,歯外　矯歯,,令4. 10. 1,kyushu/000491321.zip
診療所,43,0330681,中原歯科医院,人吉市下薩摩瀬町字西町８４９－１１,0966-24-7828,中原　弘樹,中原　弘樹,歯,,令6. 5. 1,kyushu/000491321.zip
診療所,43,0330699,那須＆べいか歯科クリニック,人吉市灰久保町１９－２,0966-22-5048,米　智代,米　智代,歯　小歯,,令8. 3. 23,kyushu/000491321.zip
診療所,43,0430218,北野歯科医院,荒尾市野原４７－３,0968-68-0190,北野　正民,北野　正民,歯,,平12. 3. 6,kyushu/000491321.zip
診療所,43,0430283,薪歯科医院,荒尾市大島町３－５－２７,0968-62-0100,薪　富士雄,薪　富士雄,歯,,昭55. 7. 1,kyushu/000491321.zip
診療所,43,0430325,田中歯科医院,荒尾市川登１７９１,0968-66-0473,田中　正,田中　正,歯　小歯　矯歯,,昭59. 5. 1,kyushu/000491321.zip
診療所,43,0430358,山本歯科医院,荒尾市宮内折口５１５,09686-3-0202,山本　宏,山本　宏,歯,,昭61. 7. 16,kyushu/000491321.zip
診療所,43,0430374,田畑歯科医院,荒尾市水野縄手３００,0968-68-5333,田畑　祐亮,田畑　祐亮,歯,,昭63. 6. 16,kyushu/000491321.zip
診療所,43,0430416,坂田歯科医院,荒尾市荒尾２０００,0968-62-2000,医療法人輝成会　理事長　坂田輝之,坂田　輝之,歯　矯歯　小歯　歯外,,平元. 12. 1,kyushu/000491321.zip
診療所,43,0430473,ふじもと歯科医院,荒尾市野原八ツ谷１２７７－１,0968-68-3755,藤本　博,藤本　博,歯　小歯,,平4. 7. 1,kyushu/000491321.zip
診療所,43,0430564,ふかうら歯科医院,荒尾市緑ケ丘５丁目３－１,0968-69-3718,深浦　武志,深浦　武志,歯　矯歯　小歯　歯外,,平10. 10. 16,kyushu/000491321.zip
診療所,43,0430572,ばば歯科クリニック,荒尾市荒尾字南足尺４５４４－４６,0968-63-3600,馬場　一英,馬場　一英,歯　小歯　矯歯,,平11. 10. 1,kyushu/000491321.zip
診療所,43,0430580,ふみ歯科医院,荒尾市増永９３９,0968-69-0234,田中　文丸,田中　文丸,歯　小歯　歯外,,平12. 6. 16,kyushu/000491321.zip
診療所,43,0430598,白井デンタルクリニック,荒尾市西原町３－８－１,0968-62-9277,白井　徹郎,白井　徹郎,歯　矯歯　小歯,,平16. 4. 1,kyushu/000491321.zip
診療所,43,0430606,ひきた歯科クリニック,荒尾市荒尾４１６０ー２７２,0968-69-3888,疋田　貴之,疋田　貴之,歯　矯歯　小歯,,平13. 8. 1,kyushu/000491321.zip
診療所,43,0430622,まえじま歯科医院,荒尾市増永２７４１－１１,0968-68-6489,医療法人　幸和会　理事長　前嶋　和幸,前嶋　和幸,歯　矯歯　小歯　歯外,,平17. 1. 1,kyushu/000491321.zip
病院,43,0430655,荒尾こころの郷病院,荒尾市荒尾１９９２,0968-62-0657,医療法人　洗心会　理事長　熊本　孝司,石川　智久,歯,,平19. 9. 1,kyushu/000491321.zip
診療所,43,0430663,蔵本歯科医院,荒尾市大正町１丁目２番２４号,0968-62-0772,蔵本　茂禎,蔵本　茂禎,歯,,平20. 4. 1,kyushu/000491321.zip
診療所,43,0430689,ややま歯科クリニック,荒尾市東屋形４丁目１番地１,0968-64-3155,医療法人　誠和会　理事長　弥山　和誠,弥山　和誠,歯　小歯　矯歯　歯外,,平25. 4. 1,kyushu/000491321.zip
診療所,43,0430697,芳郎歯科クリニック,荒尾市原万田６１６－４,0968-62-2700,　芳郎,　芳郎,歯　小歯　歯外,,平26. 8. 1,kyushu/000491321.zip
診療所,43,0430705,圭介歯科,荒尾市万田字宮ノ後９２１－５,0968-62-1822,医療法人栄樹会　理事長　中村　圭介,中村　圭介,歯　小歯　矯歯　歯外,,平27. 6. 1,kyushu/000491321.zip
診療所,43,0430713,おがた歯科医院,荒尾市桜山町２丁目１１番２１号,0968-68-5558,医療法人修二会　理事長　中山　修二,中山　修二,歯　小歯　矯歯,,平30. 1. 1,kyushu/000491321.zip
診療所,43,0430721,ふるやしき歯科,荒尾市増永１８６４－５,0968-69-1181,医療法人令成会　理事長　古屋敷　努,古屋敷　努,歯　小歯　矯歯　歯外,,令元. 10. 1,kyushu/000491321.zip
診療所,43,0430739,ふくしま歯科クリニック,荒尾市大島町３丁目３番１１号,0968-62-1472,福嶋　亮二,福嶋　亮二,歯　小歯　歯外,,令4. 4. 1,kyushu/000491321.zip
診療所,43,0530181,浮池歯科医院,水俣市幸町３－５,0966-63-8813,浮池　高史,浮池　高史,歯,,昭58. 4. 1,kyushu/000491321.zip
診療所,43,0530215,みのだ歯科医院,水俣市桜井町３－４－２２,0966-63-7135,蓑田　亮,蓑田　亮,歯,,昭62. 2. 16,kyushu/000491321.zip
診療所,43,0530231,天神歯科医院,水俣市天神町２－４－１１,0966-63-2190,伊藤　道之,伊藤　道之,歯,,平7. 6. 1,kyushu/000491321.zip
診療所,43,0530249,深水歯科医院,水俣市浜町２丁目６８番１号,0966-63-3100,医療法人深水歯科医院　理事長　深水　達,深水　達,歯,,令元. 5. 1,kyushu/000491321.zip
診療所,43,0530330,百間歯科医院,水俣市港町１－３－２１,0966-62-3155,医療法人大輝会　理事長　渡辺　大助,齋藤　雅幸,歯　小歯,,平8. 9. 1,kyushu/000491321.zip
診療所,43,0530363,ながた歯科医院,水俣市浜町２－１－１８,0966-63-2671,医療法人ながた歯科医院　理事長　永田　英樹,永田　英樹,歯　矯歯　小歯,,平18. 10. 1,kyushu/000491321.zip
診療所,43,0530371,ひかり歯科クリニック,水俣市大黒町２－３－１２,0966-62-4144,医療法人アサップ　理事長　飯干光男,飯干　光男,歯　小歯　歯外　矯歯,,平18. 10. 2,kyushu/000491321.zip
診療所,43,0530389,伊藤歯科医院,水俣市大黒町一丁目２番３号,0966-62-2804,医療法人伊福会　理事長　伊藤　俊一,伊藤　俊一,歯　矯歯　小歯　歯外,,令元. 6. 1,kyushu/000491321.zip
診療所,43,1130205,中村歯科医院,宇土市旭町１４６,0964-23-3721,中村　進,中村　進,歯　矯歯　小歯,,昭57. 5. 17,kyushu/000491321.zip
診療所,43,1130254,浦田歯科医院,宇土市門内町２１－６,0964-23-0711,浦田　健二,浦田　健二,歯,,昭62. 8. 1,kyushu/000491321.zip
診療所,43,1130338,平冨歯科,宇土市網津町２０４７－３,0964-25-0918,平冨　欽哉,平冨　欽哉,歯　小歯,,平16. 10. 19,kyushu/000491321.zip
診療所,43,1130379,松本歯科医院,宇土市本町５－２,0964-22-0275,松本　文隆,松本　文隆,歯,,平6. 8. 1,kyushu/000491321.zip
診療所,43,1130411,八木歯科医院,宇土市高柳町２７－１,0964-22-4182,医療法人社団博祐会　理事長　八木　義博,八木　義博,歯　矯歯　小歯,,平9. 12. 1,kyushu/000491321.zip
診療所,43,1130486,おうだ歯科医院,宇土市下網田町字栗林２１０４－８,0964-27-1230,宇野　哲也,宇野　哲也,歯　小歯　矯歯　歯外,,平19. 12. 1,kyushu/000491321.zip
診療所,43,1130494,久保田歯科医院,宇土市南段原町３１番地１,0964-23-2830,医療法人久保田歯科　理事長　久保田　知也,久保田　知也,歯　矯歯　小歯,,平20. 11. 1,kyushu/000491321.zip
診療所,43,1130502,熊本パール総合歯科・矯正歯科・こども歯科クリニック宇土院,宇土市高柳町字島ノ内番２０番９号,0964-53-9898,医療法人社団　エステティックライン　理事長　前田　明浩,江崎　影信,歯　矯歯　小歯　歯外,,平21. 11. 1,kyushu/000491321.zip
診療所,43,1130510,近藤歯科　矯正歯科,宇土市善道寺町綾織９５　宇土シティーモール外部　Ａ棟,0964-53-9038,近藤　俊輔,近藤　俊輔,歯　矯歯　小歯　歯外,,平24. 6. 1,kyushu/000491321.zip
診療所,43,1130528,すぎもと歯科,宇土市岩古曽町１１９６－３,0964-22-5432,医療法人　永裕会　理事長　高橋裕輔,村田　和子,歯,,平27. 4. 1,kyushu/000491321.zip
診療所,43,1130536,森一歯科・矯正歯科医院,宇土市城之浦町１０８番１１,0964-22-0441,医療法人森一会　理事長　松岡　明子,松岡　明子,歯　矯歯　小歯,,令元. 10. 1,kyushu/000491321.zip
診療所,43,1130544,森歯科医院,宇土市古保里町４４３,0964-23-5155,森　晃宏,森　晃宏,歯,,令7. 8. 1,kyushu/000491321.zip
診療所,43,1230039,いさみ歯科医院,上天草市大矢野町中７７９－１,0964-56-1377,医療法人社団いさみ歯科医院　理事長　勇　励,勇　励,歯,,平2. 6. 1,kyushu/000491321.zip
診療所,43,1230047,医療法人モクセイ会としなが歯科・矯正歯科,上天草市大矢野町上１５０９－６,0964-56-3113,医療法人　モクセイ会　理事長　壽永　旭博,壽永　旭博,歯　矯歯　小歯　歯外,,平4. 6. 1,kyushu/000491321.zip
診療所,43,1230062,あまくさ歯科医院,上天草市大矢野町上２３１６－３,0964-57-4530,直志　一世,直志　一世,歯　小歯,,平14. 4. 1,kyushu/000491321.zip
診療所,43,1230112,竹中歯科医院,上天草市姫戸町二間戸２２７９－１,0969-58-3188,竹中　誠也,竹中　誠也,歯,,平元. 8. 16,kyushu/000491321.zip
診療所,43,1230120,道脇歯科医院,上天草市龍ヶ岳町樋島４０９－４,0969-62-1610,道脇　宏治,道脇　宏治,歯,,平2. 7. 16,kyushu/000491321.zip
診療所,43,1230146,松原歯科医院,上天草市松島町合津３１８７－２,0969-56-1212,松原　崇士,松原　崇士,歯,,平20. 3. 1,kyushu/000491321.zip
診療所,43,1230161,長山歯科医院,上天草市大矢野町登立８８５３,0964-56-0201,中嶋　千帆,中嶋　千帆,歯,,平26. 12. 17,kyushu/000491321.zip
診療所,43,1330029,原賀歯科医院,山鹿市山鹿１番　温泉プラザ２Ｆ,0968-44-7823,原賀　滋久,原賀　滋久,歯　小歯,,昭53. 6. 16,kyushu/000491321.zip
診療所,43,1330052,内藤歯科医院,山鹿市古閑１００４,0968-44-3100,内藤　幸二,内藤　幸二,歯,,昭64. 1. 1,kyushu/000491321.zip
診療所,43,1330078,森歯科小児歯科医院,山鹿市中央通７０８,0968-43-7812,医療法人社団天昌会　理事長　森　智昌,森　智昌,歯　矯歯　小歯　歯外,,平2. 2. 1,kyushu/000491321.zip
診療所,43,1330086,宮坂歯科診療所,山鹿市山鹿３３２,0968-43-2340,医療法人景人会　理事長　宮坂　圭太,宮坂　圭太,歯　小歯,,平2. 9. 1,kyushu/000491321.zip
診療所,43,1330094,小嶋歯科医院,山鹿市中８２５,0968-43-1234,医療法人小嶋会　理事長　山本　朋子,山本　朋子,歯,,平6. 12. 1,kyushu/000491321.zip
診療所,43,1330110,河原歯科医院,山鹿市鹿校通り２－２－４　ランバービル１Ｆ,0968-43-8148,医療法人社団河原歯科医院　理事長　河原　正明,河原　正明,歯　矯歯,,平8. 12. 1,kyushu/000491321.zip
診療所,43,1330136,あかほし歯科,山鹿市大字方保田２８１５－１,0968-44-8022,赤星　一郎,赤星　一郎,歯,,平10. 5. 1,kyushu/000491321.zip
診療所,43,1330144,のがみ歯科医院,山鹿市南島１１４３－４,0968-43-4848,医療法人社団のがみ歯科医院　理事長　野上　研二,野上　研二,歯　小歯　矯歯　歯外,,平11. 4. 1,kyushu/000491321.zip
診療所,43,1330193,木下歯科医院,山鹿市菊鹿町下内田５９８－１,0968-48-2180,木下　友晴,木下　友晴,歯,,平14. 5. 1,kyushu/000491321.zip
診療所,43,1330235,たけいち歯科医院,山鹿市鹿本町高橋１２７０－３,0968-46-5526,武市　功雄,武市　功雄,歯　小歯,,平6. 4. 1,kyushu/000491321.zip
診療所,43,1330284,田中歯科医院,山鹿市山鹿１５０４－１,0968-43-2597,医療法人　田中会　理事長　田中　仁,鮫田　慎也,歯　小歯　歯外,,平17. 9. 1,kyushu/000491321.zip
診療所,43,1330300,はしもと歯科クリニック,山鹿市方保田３４９７－５,0968-41-3266,橋本　英樹,橋本　英樹,歯　小歯　歯外　矯歯,,平19. 6. 1,kyushu/000491321.zip
診療所,43,1330318,小林歯科医院,山鹿市鹿北町四丁１６３２番地１,0968-32-3838,医療法人社団小林会　理事長　小林隆昭,小林　聡,歯　小歯　歯外,,平20. 10. 1,kyushu/000491321.zip
診療所,43,1330367,大川内歯科,山鹿市菊鹿町下内田６２７－３,0968-48-3718,大川内　雅哉,大川内　雅哉,歯　小歯　歯外　矯歯,,平26. 10. 1,kyushu/000491321.zip
診療所,43,1330391,豊デンタルクリニック,山鹿市蒲生１５５３－１,0968-41-6482,大木　秀一,大木　秀一,歯,,平27. 11. 1,kyushu/000491321.zip
診療所,43,1330417,ふじもと歯科医院,山鹿市鹿央町合里６７２－１,0968-36-4618,医療法人グリーンクローバー　理事長　藤本　敦仁,藤本　敦仁,歯　小歯　矯歯　歯外,,平29. 1. 1,kyushu/000491321.zip
診療所,43,1330425,大坂総合歯科,山鹿市熊入町２６３番１号,0968-42-8241,医療法人桜豊会　理事長　大坂　栄樹,大坂　栄樹,歯　小歯　矯歯　歯外,,令元. 5. 1,kyushu/000491321.zip
診療所,43,1330433,はら歯科医院,山鹿市新町４０４番－６,0968-48-1118,医療法人敬信会　理事長　原　信太郎,原　信太郎,歯　矯歯　小歯,,令元. 6. 1,kyushu/000491321.zip
診療所,43,1330441,平井歯科医院,山鹿市鹿本町来民６９８番地５,0968-46-2353,医療法人功貴会　理事長　平井　淳也,平井　淳也,歯　小歯,,令4. 3. 2,kyushu/000491321.zip
診療所,43,1330458,神山歯科医院,山鹿市山鹿字永田８２７番地２,0968-43-6699,医療法人神鷹会　理事長　神山　久志,神山　敬,歯　小歯　矯歯　歯外,,令8. 6. 24,kyushu/000491321.zip
診療所,43,1330466,こうずま歯科医院,山鹿市大橋通１００５番地,0968-43-2802,医療法人髙水間会　理事長　髙水間　奨,髙水間　奨,歯　小歯,,令6. 11. 1,kyushu/000491321.zip
診療所,43,1430043,なかの歯科医院,宇城市三角町三角浦首入１１６０－１３０,0964-53-0660,中野　貴夫,中野　貴夫,歯,,平16. 4. 1,kyushu/000491321.zip
診療所,43,1430050,杉村歯科,宇城市不知火町高良２２５９,0964-32-5010,杉村　勇,杉村　勇,歯　小歯,,平11. 6. 14,kyushu/000491321.zip
診療所,43,1430118,大久保歯科クリニック,宇城市松橋町豊福心吉１５９４－４,0964-33-5226,大久保　和之,大久保　和之,歯　小歯,,昭60. 7. 1,kyushu/000491321.zip
診療所,43,1430126,河合歯科医院,宇城市松橋町南豊崎４８４－１,0964-33-5353,河合　隆一,河合　隆一,歯,,昭61. 7. 16,kyushu/000491321.zip
診療所,43,1430142,ながはま歯科,宇城市松橋町曲野１３１－１,0964-32-3458,長濱　宗一郎,長濱　宗一郎,歯,,平4. 7. 1,kyushu/000491321.zip
診療所,43,1430159,徳治会歯科医院宇城,宇城市松橋町浦川内２９５－１,0964-32-5801,医療法人社団徳治会　理事長　吉永　修,永井　孝信,歯,,令8. 5. 16,kyushu/000491321.zip
診療所,43,1430167,緒方歯科医院,宇城市松橋町松橋９８０,0964-32-0127,緒方　博之,緒方　博之,歯,,平8. 9. 24,kyushu/000491321.zip
診療所,43,1430175,丸田歯科医院,宇城市松橋町久具２０５１ー２,0964-33-6400,丸田　兼文,丸田兼文,歯　小歯,,平9. 8. 1,kyushu/000491321.zip
診療所,43,1430191,右山歯科クリニック,宇城市松橋町曲野２５－５,0964-32-0313,右山　裕則,右山　裕則,歯　歯外　小歯,,平15. 5. 1,kyushu/000491321.zip
診療所,43,1430209,かねこ歯科クリニック,宇城市松橋町きらら２丁目３－２,0964-25-2518,兼子　賢之,兼子　賢之,歯　小歯,,平15. 5. 1,kyushu/000491321.zip
診療所,43,1430233,山崎歯科医院,宇城市小川町南新田字江口４３８－２,0964-43-4333,医療法人社団山﨑歯科医院　理事長　山﨑　英宇,山﨑　英宇,歯,,平元. 12. 1,kyushu/000491321.zip
診療所,43,1430241,前崎歯科医院,宇城市小川町江頭２４３,0964-43-1655,前崎　正,前崎　正,歯,,平3. 6. 1,kyushu/000491321.zip
診療所,43,1430266,ひがしだ歯科医院,宇城市小川町北新田字西大平４７９－７,0964-34-6111,東田　英典,東田　英典,歯　小歯,,平9. 2. 1,kyushu/000491321.zip
診療所,43,1430274,ハニー歯科,宇城市小川町河江７－１,0964-43-2020,田染　直子,田染　直子,一般　小歯,,平10. 5. 16,kyushu/000491321.zip
診療所,43,1430282,もとまつ歯科クリニック,宇城市豊野町巣林１２０４－２,0964-45-3310,本松　哲太郎,本松　哲太郎,歯　矯歯　小歯　歯外,,平12. 5. 1,kyushu/000491321.zip
診療所,43,1430290,とよだ歯科医院,宇城市豊野町山崎２６５－１,0964-45-3344,豊田　経学,豊田　経学,歯　小歯　歯外,,平13. 11. 1,kyushu/000491321.zip
診療所,43,1430316,立山歯科医院,宇城市三角町波多２２８－１,0964-52-2133,立山　徹也,立山　徹也,歯　矯歯　小歯　歯外,,平18. 6. 3,kyushu/000491321.zip
診療所,43,1430340,不知火歯科医院,宇城市不知火町永尾７８６－２,0964-42-3406,渋田　美喜男,渋田　美喜男,歯　小歯,,平22. 3. 1,kyushu/000491321.zip
診療所,43,1430365,きららデンタルクリニック,宇城市松橋町きらら１丁目１０－７,0964-31-0099,原田　雅史,原田　雅史,歯　小歯　矯歯　歯外,,平24. 5. 1,kyushu/000491321.zip
診療所,43,1430373,みすみ歯科クリニック,宇城市三角町中村字五反田１１６３番地３,0964-34-2001,医療法人美洋会　理事長　古田　洋介,古田　洋介,歯　小歯　歯外　矯歯,,平25. 1. 1,kyushu/000491321.zip
診療所,43,1430381,みよし歯科医院,宇城市松橋町松橋１１７７－１ホワイトベース１階,0964-32-1778,三好　優輝,三好　優輝,歯　小歯　矯歯　歯外,,令6. 5. 1,kyushu/000491321.zip
診療所,43,1430415,西山歯科医院,宇城市小川町江頭１２０,0964-43-2151,西山　正之,西山　正之,歯,,平29. 10. 1,kyushu/000491321.zip
診療所,43,1430423,どひ歯科クリニック,宇城市松橋町曲野３１６１－１,0964-33-2020,土肥　信介,土肥　信介,歯　小歯　歯外　矯歯,,令元. 9. 1,kyushu/000491321.zip
診療所,43,1430431,鎌田歯科クリニック,宇城市小川町江頭２２９－２,0964-27-5880,医療法人泰誠会　理事長　鎌田　政彦,鎌田　政彦,歯　矯歯　歯外　小歯,,令3. 10. 1,kyushu/000491321.zip
診療所,43,1430449,真田歯科医院,宇城市小川町小川６９－１,0964-43-2431,真田　大樹,真田　大樹,歯　歯外　小歯　矯歯,,令8. 1. 1,kyushu/000491321.zip
診療所,43,1430456,河野歯科医院,宇城市松橋町松橋５７４,0964-32-0123,河野　宏明,河野　宏明,歯,,令8. 4. 1,kyushu/000491321.zip
診療所,43,1530032,佐藤歯科クリニック,阿蘇市一の宮町宮地２１２－１,0967-22-5131,医療法人社団　エスエス会　理事長　佐藤　俊一郎,佐藤　俊一郎,歯　矯歯　小歯　歯外,,平9. 9. 1,kyushu/000491321.zip
病院,43,1530065,阿蘇温泉病院,阿蘇市内牧１１５３－１,0967-32-0881,医療法人社団坂梨会　理事長　坂梨　嘉壽惠,横山　芳樹,歯,,昭60. 11. 1,kyushu/000491321.zip
診療所,43,1530073,市原歯科クリニック,阿蘇市三久保５４１－５,0967-32-3828,医療法人市原会　理事長　市原　誓志,市原　誓志,歯,,平元. 8. 1,kyushu/000491321.zip
診療所,43,1530081,武藤歯科医院,阿蘇市内牧１０４９－１１,0967-32-0027,武藤　健史,武藤　健史,歯,,平2. 1. 16,kyushu/000491321.zip
診療所,43,1530107,安光歯科医院,阿蘇市黒川１５６３ー１,0967-34-0603,医療法人芳生会　理事長　安光　千昭,安光　千昭,歯,,平13. 4. 1,kyushu/000491321.zip
診療所,43,1530115,そのだ歯科医院,阿蘇市内牧１０７６－１３,0967-32-1418,園田　隆弘,園田　隆弘,歯　矯歯　小歯　歯外,,平14. 10. 1,kyushu/000491321.zip
診療所,43,1530131,宇治歯科医院,阿蘇市一の宮町宮地２４０５－４,0967-22-0214,宇治　信博,宇治　信博,歯　矯歯　小歯　歯科口腔外科,,平20. 1. 1,kyushu/000491321.zip
診療所,43,1530149,たかもり歯科医院,阿蘇市一の宮町宮地１９６３番地５,0967-22-5588,医療法人社団健優会　理事長　橋本　大悟,橋本　大悟,歯　小歯,,平20. 6. 1,kyushu/000491321.zip
診療所,43,1530156,阿蘇きずな歯科医院,阿蘇市一の宮町宮地３４７２番地１,0967-22-4677,医療法人社団きずな会　理事長　我那覇　生純,上鶴　卓也,歯,,令3. 4. 1,kyushu/000491321.zip
診療所,43,1530164,脇デンタルクリニック,阿蘇市内牧西中無田１６７１－１６,0967-32-3111,医療法人社団澄幸会　理事長　脇　澄夫,脇　勇士郎,歯　小歯　矯歯　歯外,,令4. 5. 1,kyushu/000491321.zip
診療所,43,1630014,中川歯科医院,菊池市隈府２３０,0968-25-2334,中川　博公,中川　博公,歯　矯歯　小歯　歯外,,昭32. 10. 1,kyushu/000491321.zip
診療所,43,1630063,荒木歯科医院,菊池市隈府８８２－２,0968-25-1478,医療法人社団杏林会　理事長　荒木　公一,荒木　靖,歯,,平6. 8. 1,kyushu/000491321.zip
診療所,43,1630089,林秀樹歯科医院,菊池市隈府８４０－５,0968-25-4500,林　秀樹,林　秀樹,歯　矯歯　小歯,,平8. 5. 16,kyushu/000491321.zip
診療所,43,1630105,きくち総合歯科医院,菊池市隈府４３４番地,0968-25-2678,医療法人社団鏡会　理事長　吉田　毅,金子　義高,歯　小歯　矯歯,,令4. 7. 1,kyushu/000491321.zip
診療所,43,1630170,橋本歯科医院,菊池市泗水町福本１８０,0968-38-6018,橋本　陽壽,橋本　陽壽,歯　小歯,,平5. 3. 16,kyushu/000491321.zip
診療所,43,1630188,たかはし歯科医院,菊池市泗水町吉富２２７９－５,0968-38-5199,医療法人永裕会　理事長　高橋　裕輔,高橋　裕補,歯　小歯,,平9. 6. 1,kyushu/000491321.zip
診療所,43,1630196,もとだ歯科医院,菊池市泗水町吉富２５１７,0968-38-6373,医療法人　孔仁会　理事長　許田淵仁,許田　淵仁,歯　矯歯　小歯　歯外,,平10. 12. 1,kyushu/000491321.zip
診療所,43,1630220,つつみ歯科医院,菊池市大琳寺２０３－１,0968-41-3434,塘　英亮,塘　英亮,歯　小歯,,平19. 6. 1,kyushu/000491321.zip
診療所,43,1630238,中山歯科医院,菊池市泗水町豊水３５１４,0968-38-2401,医療法人歯魂会　理事長　中山　精文,中山　精文,歯　矯歯　小歯　歯外,,平19. 10. 1,kyushu/000491321.zip
診療所,43,1630287,高木歯科クリニック,菊池市隈府１３２９－１,0968-25-1963,医療法人社団公元会　理事長　髙木　公康,髙木　公康,歯　小歯　矯歯　歯外,,平25. 4. 1,kyushu/000491321.zip
診療所,43,1630295,もみじ歯科医院,菊池市西寺１６５７－１,0968-23-6800,医療法人　壮仁会　理事長　城　敦哉,城　敦哉,歯　歯外　小歯,,平27. 6. 1,kyushu/000491321.zip
診療所,43,1630303,ほまれ歯科クリニック,菊池市七城町砂田１５０１－２,0968-41-8841,医療法人グリーンクローバー　理事長　藤本　敦仁,坂梨　誉理子,歯　小歯　歯外　矯歯,,平29. 3. 1,kyushu/000491321.zip
診療所,43,1630311,原賀歯科医院,菊池市大琳寺２７４－３,0968-25-0202,今泉　真理子,今泉　真理子,歯　小歯,,平29. 3. 8,kyushu/000491321.zip
診療所,43,1630329,ペエ歯科クリニック,菊池市泗水町豊水３２０５番地,0968-38-0202,医療法人　Ｆ＆Ａ　Ｓｍｉｌｅ　理事長　裵　福泰,裵　福泰,歯　小歯　歯外　矯歯,,令7. 9. 24,kyushu/000491321.zip
診療所,43,1630337,そのき歯科医院,菊池市隈府字北原６３２番地９,0968-24-7008,医療法人かがやき　理事長　園木　誠,園木　誠,歯　小歯　矯歯,,令2. 12. 1,kyushu/000491321.zip
診療所,43,1630345,工藤歯科医院,菊池市隈府５６５,0968-25-4657,医療法人健幸会　理事長　工藤　謙太郎,工藤　謙太郎,歯,,令4. 10. 1,kyushu/000491321.zip
診療所,43,1630352,ケーアイ総合歯科クリニック,菊池市泗水町吉富３２２９－１,0968-38-1180,石川　卓,石川　卓,歯　歯外　矯歯　小歯,,令7. 6. 1,kyushu/000491321.zip
診療所,43,1630360,林歯科医院,菊池市隈府１０８,0968-24-4182,林　英佑,林　英佑,歯,,令7. 7. 6,kyushu/000491321.zip
診療所,43,1730137,野田歯科医院,八代市毘舎丸町５－４８,0965-35-1358,野田　和夫,野田　和夫,歯　小歯　歯外,,昭56. 2. 1,kyushu/000491321.zip
診療所,43,1730210,守永歯科医院,八代市迎町２丁目１５－２５,0965-33-4180,守永　純一,守永　純一,歯,,昭62. 7. 1,kyushu/000491321.zip
診療所,43,1730228,谷川歯科医院,八代市本町１－１－４８,0965-32-7500,医療法人社団谷川歯科医院　理事長　谷川　京子,谷川　京子,歯,,平元. 12. 1,kyushu/000491321.zip
診療所,43,1730236,増田歯科医院,八代市本町１－１０－３６,0965-32-3264,医療法人社団増田歯科医院　理事長　増田　了,増田　了,歯,,平2. 3. 1,kyushu/000491321.zip
診療所,43,1730244,井手尾歯科医院,八代市大手町２－５－１１,0965-32-3663,井手尾　寛志,井手尾　寛志,歯,,平2. 6. 1,kyushu/000491321.zip
診療所,43,1730269,坂井歯科医院,八代市通町６－１７,0965-32-6280,医療法人社団坂井会　理事長　坂井　宏光,坂井　宏光,歯,,平3. 6. 1,kyushu/000491321.zip
診療所,43,1730277,みのだ歯科医院,八代市田中北町８３,0965-35-7700,蓑田　雄二,蓑田　雄二,歯　小歯,,平4. 5. 16,kyushu/000491321.zip
診療所,43,1730285,竹田歯科医院,八代市松江城町４－４０,0965-31-0550,竹田　博文,竹田　博文,歯　小歯　矯歯　歯外,,令2. 3. 16,kyushu/000491321.zip
診療所,43,1730301,山口透歯科医院,八代市郡築３番町１２－１１,0965-37-2010,山口　透,山口　透,歯,,平5. 4. 16,kyushu/000491321.zip
診療所,43,1730319,わかみや歯科クリニック,八代市古閑中町１３８４－１,0965-31-0333,宮本　奉和,宮本　奉和,歯,,平5. 6. 1,kyushu/000491321.zip
診療所,43,1730327,横手歯科クリニック,八代市横手町１６６８－１,0965-32-9395,医療法人社団　横手歯科クリニック　理事長　吉積　博子,吉積　博子,歯　矯歯　小歯,,平16. 7. 26,kyushu/000491321.zip
診療所,43,1730335,古城歯科矯正歯科医院,八代市古城町３０２６－２,0965-34-3344,医療法人社団古城歯科矯正歯科医院　理事長　吉積宗宏,吉積　宗宏,歯　矯歯　小歯,,平6. 4. 1,kyushu/000491321.zip
診療所,43,1730350,緑ヶ丘歯科医院,八代市新開町３－１－４６,0965-31-8800,医療法人社団わかば歯科　理事長杉本雄二,杉本　雄二,歯　矯歯　小歯,,平6. 6. 1,kyushu/000491321.zip
診療所,43,1730384,徳治会歯科医院八代,八代市豊原中町字南原２３６０番１,0965-35-1881,医療法人社団徳治会　理事長　吉永　修,松下　哲也,歯,,令2. 8. 20,kyushu/000491321.zip
診療所,43,1730392,鶴田歯科医院,八代市海士江町２５９１－６,0965-33-8148,鶴田　善久,鶴田　善久,歯　矯歯　小歯,,平8. 4. 1,kyushu/000491321.zip
診療所,43,1730418,たかた歯科医院,八代市高下西町２１８４－５,0965-34-6054,高田　博樹,高田　博樹,歯　小歯,,平8. 4. 16,kyushu/000491321.zip
診療所,43,1730434,渡辺歯科医院,八代市上野町１９６５－２,0965-35-0011,医療法人大輝会　理事長　渡邊　大助,渡邊　大助,歯　小歯,,平13. 10. 1,kyushu/000491321.zip
診療所,43,1730442,きはら歯科医院,八代市萩原町２－１１－４５,0965-33-8920,木原　良材,木原　良材,歯　小歯,,平9. 7. 1,kyushu/000491321.zip
診療所,43,1730459,八代歯科医師会　口腔保健センター,八代市上野町字折口３５９１－１４,0965-31-8020,一般社団法人　八代歯科医師会　会長　鶴田　善久,鶴田　善久,歯,,平10. 7. 16,kyushu/000491321.zip
診療所,43,1730475,犬童矯正歯科クリニック,八代市出町５－９,0965-32-3571,医療法人デンタル・アート　理事長　犬童　寛治,犬童　寛治,矯歯,,平11. 2. 1,kyushu/000491321.zip
診療所,43,1730483,岩崎歯科医院,八代市本町２ー３ー２,0965-34-1848,岩崎　晃司,岩崎　晃司,歯,,平13. 1. 1,kyushu/000491321.zip
診療所,43,1730509,北里歯科医院,八代市迎町２丁目６－５,0965-32-5517,北里　雄二,北里　雄二,歯,,平14. 4. 1,kyushu/000491321.zip
診療所,43,1730517,みやい歯科医院,八代市植柳元町６４０６,0965-39-3033,宮井　祐,宮井　祐,歯　歯外　小歯　矯歯,,平14. 7. 1,kyushu/000491321.zip
診療所,43,1730525,井上歯科クリニック,八代市松江町４４０－２,0965-39-7335,医療法人社団井上歯科クリニック　理事長　井上　裕邦,井上　裕邦,歯　矯歯　小歯　歯外,,平15. 5. 1,kyushu/000491321.zip
診療所,43,1730533,みやざき歯科こども歯科,八代市北の丸町１－１２,0965-33-9812,宮﨑　修一,宮﨑　修一,歯,,平15. 7. 10,kyushu/000491321.zip
診療所,43,1730541,高野歯科クリニック,八代市本町１丁目７－３６,0965-34-3336,高野　明夫,高野　明夫,歯　矯歯　小歯　歯外,,平20. 9. 16,kyushu/000491321.zip
診療所,43,1730582,上野歯科医院,八代市千丁町古閑出２４４１－８,0965-46-1000,上野　亮一,上野　亮一,歯,,昭58. 3. 16,kyushu/000491321.zip
診療所,43,1730608,水上歯科医院,八代市鏡町鏡村５４８－１,0965-52-6666,水上　正太,水上　正太,歯,,昭57. 8. 2,kyushu/000491321.zip
診療所,43,1730616,やまデンタルクリニック,八代市鏡町鏡村１１０７－１,0965-52-0421,医療法人中津留会　理事長　山口　貴久,山口　貴久,歯,,昭59. 4. 15,kyushu/000491321.zip
診療所,43,1730624,岡田歯科医院,八代市鏡町鏡４７１,0965-52-8484,岡田　長久,岡田　長久,歯,,平3. 8. 1,kyushu/000491321.zip
診療所,43,1730632,鏡歯科医院,八代市鏡町両出１２５５－５,0965-52-5110,医療法人社団鏡会　理事長　吉田　毅,渡邉　幸俊,歯　矯歯　小歯,,平8. 3. 1,kyushu/000491321.zip
診療所,43,1730657,溝口歯科医院,八代市鏡町内田進来４７２－３,0965-52-8880,溝口　貴志,溝口　貴志,歯　小歯　歯外,,平15. 7. 1,kyushu/000491321.zip
診療所,43,1730699,こだま歯科クリニック,八代市竹原町字土器１６１１,0965-34-4618,小寺　美穂,小寺　美穂,歯　小歯　歯外,,平19. 4. 1,kyushu/000491321.zip
診療所,43,1730707,ｎｉｎａ　Ｄｅｎｔａｌ　Ｃｌｉｎｉｃ,八代市田中東町１６－１０,0965-34-2113,医療法人　ｋｕｌａｋａｌａ会　理事長　川村順子,川村　匡史,歯　矯歯　小歯　歯外,,平19. 6. 1,kyushu/000491321.zip
診療所,43,1730715,いまさき歯科クリニック,八代市古閑中町字冬築２４３８番地１,0965-33-6537,今﨑　佳昭,今﨑　佳昭,歯　矯歯　小歯　歯外,,令7. 2. 26,kyushu/000491321.zip
診療所,43,1730723,つばめ歯科クリニック,八代市建馬町３－１　ゆめタウン八代２４２,0965-39-4182,医療法人オリオン会　理事長　吉村　正則,田川　あい,歯　小歯　矯歯　歯外,,平20. 2. 1,kyushu/000491321.zip
診療所,43,1730756,あきの歯科クリニック,八代市松江町菰池５２４－１,0965-80-5111,秋野　眞悟,秋野　眞悟,歯　小歯,,平22. 6. 1,kyushu/000491321.zip
診療所,43,1730764,さくら歯科医院,八代市上片町字髙取１５６１番１,0965-45-9808,医療法人社団　鏡会　理事長　吉田　毅,渡邊　曉顯,歯　矯歯　小歯,,平22. 7. 1,kyushu/000491321.zip
診療所,43,1730780,萩原歯科,八代市萩原町１丁目６－３５,0965-32-4488,松川　馨,松川　馨,歯　小歯　矯歯,,平23. 7. 1,kyushu/000491321.zip
診療所,43,1730806,ふくだデンタルクリニック,八代市鏡町内田６９７番地１１,0965-62-8241,福田　俊博,福田　俊博,歯　小歯,,平24. 4. 1,kyushu/000491321.zip
診療所,43,1730814,犬塚歯科医院,八代市大村町５４７の２,0965-32-5002,熊埜御堂　誠,熊埜御堂　誠,歯,,平26. 2. 1,kyushu/000491321.zip
診療所,43,1730822,本町ごとう歯科,八代市本町４丁目５－２４,0965-62-8108,後藤　千恵,後藤　千恵,歯,,平26. 4. 1,kyushu/000491321.zip
診療所,43,1730830,やまだ歯科医院,八代市鏡町内田２７０番地１,0965-52-0244,医療法人　聖会　理事長　山田　貴之,山田　貴之,歯　小歯　歯外,,平26. 3. 1,kyushu/000491321.zip
診療所,43,1730848,川上歯科医院,八代市萩原町２丁目２－２１,0965-32-2237,川上　立祐,川上　立祐,歯　小歯,,平26. 11. 1,kyushu/000491321.zip
診療所,43,1730855,Ａｙａ　Ｄｅｎｔａｌ　Ｈｏｕｓｅ,八代市長田町２９０２－１,0965-65-8801,西坂　文,西坂　文,歯　小歯　矯歯　歯外,,平27. 1. 1,kyushu/000491321.zip
診療所,43,1730871,原田歯科医院,八代市永碇町９４４番地,0965-34-4487,林田　真紀子,林田　真紀子,歯,,平28. 4. 1,kyushu/000491321.zip
診療所,43,1730889,港町ひさがい歯科,八代市港町５,0965-37-2575,久貝　喜太郎,久貝　喜太郎,歯　歯外　小歯　矯歯,,平29. 7. 1,kyushu/000491321.zip
診療所,43,1730897,医療法人社団飛翔会　八代デンタルクリニック,八代市沖町六番割３９８７－３イオン八代店１階,0965-43-4182,医療法人社団飛翔会　理事長　中村　英生,黒岩　正典,歯　小歯　歯外,,平29. 11. 1,kyushu/000491321.zip
診療所,43,1730913,中村歯科医院,八代市西松江城町１０－３,0965-32-5001,中村　徹生,中村　徹生,歯,,平30. 11. 1,kyushu/000491321.zip
診療所,43,1730939,上田歯科医院,八代市本町２丁目３－３１,0965-32-3205,医療法人上田会　理事長　上田　忠,上田　浩一朗,歯　歯外,,令2. 1. 1,kyushu/000491321.zip
診療所,43,1730947,多田歯科クリニック,八代市若草町５－１,0965-33-5330,多田　節子,多田　節子,歯,,令3. 3. 5,kyushu/000491321.zip
診療所,43,1730954,ヒルズ歯科クリニック,八代市西片町２０００番９,0965-45-9488,医療法人大希会　理事長　阿川　健太郎,阿川　健太郎,歯　歯外　小歯　矯歯,,令3. 6. 1,kyushu/000491321.zip
診療所,43,1730970,かえで歯科,八代市古閑中町１２０６番２,0965-37-8863,医療法人ＫＤ　理事長　中津　由博,中津　由博,歯　矯歯　小歯,,令4. 12. 1,kyushu/000491321.zip
診療所,43,1730988,みやもと歯科医院,八代市旭中央通１９番地５,0965-32-3034,医療法人宮本会　理事長　宮本　名留彦,宮本　名留彦,歯,,令5. 6. 1,kyushu/000491321.zip
診療所,43,1730996,医療法人アイディアルグロース　やまだ歯科・こども歯科・矯正歯科クリニック　八代院,八代市日置町１６０番地３,0965-37-6664,医療法人アイディアルグロース　理事長　山田　清彦,山田　清彦,歯　小歯　矯歯　歯外,,令6. 8. 1,kyushu/000491321.zip
診療所,43,1731002,くまもと歯科クリニック,八代市通町８番３０号田方ビル１階,0965-37-6056,医療法人初友会　理事長　田方　初美,中村　紀裕,歯,,令7. 1. 1,kyushu/000491321.zip
診療所,43,1731010,中川歯科医院,八代市横手新町７－１,0965-35-2557,中川　純泰,中川　純泰,歯　歯外,,令7. 10. 1,kyushu/000491321.zip
診療所,43,1731028,おとなこども歯科ｅｇａｏ,八代市西松江城町２－９東京画廊ＧＴマンション　１０２,0965-34-3403,本田　健一朗,本田　健一朗,歯　小歯　歯外,,令8. 1. 1,kyushu/000491321.zip
診療所,43,1731036,湯野歯科口腔外科クリニック,八代市大村町９５０番１,0965-65-6126,湯野　晃,湯野　晃,歯外　歯,,令8. 3. 1,kyushu/000491321.zip
診療所,43,1731044,木屋歯科クリニック,八代市古閑上町１７０番地８,0965-32-5398,医療法人弘栄会　理事長　木屋　節弘,木屋　節弘,歯　小歯　矯歯　歯外,,令8. 3. 1,kyushu/000491321.zip
診療所,43,1830036,森本歯科診療所,玉名市中１５９９,0968-73-8604,森本　博仁,森本　博仁,歯,,昭52. 7. 1,kyushu/000491321.zip
診療所,43,1830069,犬束歯科医院,玉名市繁根木７５,0968-74-1148,犬束　美尚,犬束　美尚,歯,,昭58. 1. 2,kyushu/000491321.zip
診療所,43,1830077,増田歯科医院,玉名市滑石５５２,0968-76-2421,増田　憲敏,増田　憲敏,歯　小歯　矯歯,,昭62. 4. 16,kyushu/000491321.zip
診療所,43,1830085,冨永歯科医院,玉名市築地字修理田１３６－４,09687-2-3850,冨永　浩義,冨永　浩義,歯,,昭62. 6. 16,kyushu/000491321.zip
診療所,43,1830093,いなもり歯科クリニック,玉名市立願寺１５１－１,0968-73-8241,医療法人社団清徳会　理事長　稲森　正人,稲森　正人,歯,,平元. 12. 1,kyushu/000491321.zip
診療所,43,1830101,工藤歯科医院,玉名市岩崎４６６－１,0968-73-5965,医療法人社団工藤会　理事長　工藤　紘喜,工藤　紘喜,歯,,平2. 4. 1,kyushu/000491321.zip
診療所,43,1830119,もり歯科医院,玉名市中６４－４,0968-74-1203,医療法人隆歯会　理事長森隆文,森　隆文,歯　小歯,,平6. 9. 1,kyushu/000491321.zip
診療所,43,1830127,冨永歯科医院,玉名市高瀬２８８,0968-74-0118,富永　英俊,富永　英俊,歯,,平8. 4. 1,kyushu/000491321.zip
診療所,43,1830143,にしむら歯科医院,玉名市大浜町字上屋敷５４３－２,0968-76-2816,西村　真悟,西村　真悟,歯　小歯,,平6. 1. 1,kyushu/000491321.zip
診療所,43,1830150,さかい歯科医院,玉名市築地字芝浦４８７－３,0968-73-8283,境　俊之,境　俊之,歯　矯歯　小歯,,平6. 5. 16,kyushu/000491321.zip
診療所,43,1830176,城井歯科医院,玉名市亀甲１４０－５,0968-72-2669,医療法人青陽会　理事長　城井　かおり,城井　かおり,歯,,平6. 7. 1,kyushu/000491321.zip
診療所,43,1830184,医療法人坂口会　坂口おとなこども歯科,玉名市中１８９８－５,0968-73-7157,医療法人坂口会　理事長　坂口　賢,坂口　賢,歯　小歯　矯歯　歯外,,令6. 3. 1,kyushu/000491321.zip
病院,43,1830218,医療法人　悠紀会病院,玉名市上小田１０６３,0968-74-1131,医療法人　悠紀会　理事長　反後　敏夫,古森　顕一,歯,,平14. 8. 1,kyushu/000491321.zip
診療所,43,1830242,さくら歯科医院,玉名市岱明町西照寺２００－１,0968-57-3181,規工川　浩,規工川　浩,歯　小歯　矯歯,,平5. 11. 1,kyushu/000491321.zip
診療所,43,1830259,坂口歯科医院,玉名市岱明町大野下１０８６,0968-57-0411,医療法人正浩会　理事長　坂口　浩史,坂口　浩史,歯,,平6. 5. 1,kyushu/000491321.zip
診療所,43,1830267,高道歯科医院,玉名市岱明町高道字七丈原１２２５－１,0968-57-3717,神本　一彦,神本　一彦,歯　小歯,,平11. 11. 1,kyushu/000491321.zip
診療所,43,1830283,増田歯科医院,玉名市横島町横島３３３１,0968-84-2033,増田　憲元,増田　憲元,歯,,昭57. 1. 6,kyushu/000491321.zip
診療所,43,1830291,横島歯科クリニック,玉名市横島町横島字仮田３４７７－３,0968-84-4100,薪　郁子,薪　郁子,歯,,平元. 6. 16,kyushu/000491321.zip
診療所,43,1830309,北田歯科医院,玉名市天水町小天３８４７,0968-82-2169,北田　賢次郎,北田　賢次郎,歯,,昭32. 10. 1,kyushu/000491321.zip
診療所,43,1830333,ながひろ歯科クリニック,玉名市天水町小天７２７５－１,0968-82-5177,永廣　有伸,永廣　有伸,歯　小歯　歯外,,平18. 11. 1,kyushu/000491321.zip
診療所,43,1830341,たなか歯科クリニック,玉名市六田１２－５,0968-72-4125,田中　康,田中　康,歯,,平19. 1. 1,kyushu/000491321.zip
診療所,43,1830358,あさの歯科医院,玉名市山田２２０３－１,0968-71-1133,医療法人なごみ会　理事長　淺野　司,淺野　司,歯　矯歯　小歯　歯外,,平19. 2. 1,kyushu/000491321.zip
診療所,43,1830374,山本歯科医院,玉名市山田２０１０－１,0968-71-0333,山本　浩喜,山本　浩喜,歯,,平20. 6. 1,kyushu/000491321.zip
診療所,43,1830390,かい歯科（Ｋａｉ　Ｄｅｎｔａｌ）,玉名市玉名１２３７－４,0968-73-3334,甲斐　美和,甲斐　美和,歯　矯歯　小歯　歯外,,平22. 6. 1,kyushu/000491321.zip
診療所,43,1830408,アップル歯科クリニック,玉名市築地８２２番地１,0968-74-2266,医療法人　古賀歯科医院　理事長　古賀　明,古賀　裕,歯　矯歯　小歯　歯外,,平22. 5. 1,kyushu/000491321.zip
診療所,43,1830416,ほのかデンタルクリニック,玉名市立願寺１３９２－５,0968-57-9173,盛　孝徳,盛　孝徳,歯　矯歯　小歯,,平23. 1. 1,kyushu/000491321.zip
診療所,43,1830424,桐野歯科医院,玉名市伊倉南方１００３－１,0968-72-3404,桐野　美孝,桐野　美孝,歯　小歯　歯外,,平23. 7. 1,kyushu/000491321.zip
診療所,43,1830432,くにさき歯科,玉名市立願寺３２４－１,0968-72-5677,國﨑　貴裕,國﨑　貴裕,歯　小歯,,平24. 5. 1,kyushu/000491321.zip
診療所,43,1830465,むらかみ歯科クリニック,玉名市岱明町野口２２５５,0968-57-5050,医療法人社団燦上会　理事長　村上　綾菜,竹末　浩二,歯　小歯,,令3. 4. 1,kyushu/000491321.zip
診療所,43,1830473,まつばら歯科口腔外科こども歯科,玉名市六田２９－４,0968-82-8645,医療法人碧生会　理事長　松原　良太,松原　麗,歯　小歯　歯外　矯歯,,令3. 12. 1,kyushu/000491321.zip
診療所,43,1830481,山瀬歯科医院,玉名市高瀬６７４,0968-72-5153,山瀬　秀能,山瀬　秀能,歯,,令4. 3. 1,kyushu/000491321.zip
診療所,43,1830499,わかばデンタルクリニック,玉名市寺田２０番４,0968-76-6677,医療法人こもれび　理事長　月精　秀和,月精　秀和,歯　小歯,,令4. 10. 1,kyushu/000491321.zip
診療所,43,1830507,ありあけ歯科クリニック,玉名市天水町部田見２７２１－１,0968-88-0775,西村　宗一郎,西村　宗一郎,歯　小歯　歯外　矯歯,,令5. 6. 1,kyushu/000491321.zip
診療所,43,1930059,伊藤歯科医院,合志市幾久富字建山１９０９番１１９３,096-248-5688,伊藤　明彦,伊藤　明彦,歯　矯歯　小歯　歯外,,平21. 5. 1,kyushu/000491321.zip
診療所,43,1930067,城歯科医院,合志市竹迫１８７１－１,096-248-6464,城　直秀,城　直秀,歯,,平元. 7. 17,kyushu/000491321.zip
診療所,43,1930083,すずかけ台歯科医院,合志市豊岡２５２７－３３７,096-248-8601,髙木　孝祥,髙木　孝祥,歯,,平8. 4. 1,kyushu/000491321.zip
診療所,43,1930091,わたなべ歯科医院,合志市幾久富字上沖野１６５６－６１８,096-215-5701,渡邊　敬之,渡邊　敬之,歯　小歯　矯歯,,平14. 7. 1,kyushu/000491321.zip
診療所,43,1930109,永野歯科医院,合志市須屋字峠１８４０－１３,096-343-0701,永野　芳雄,永野　芳雄,歯,,昭55. 1. 8,kyushu/000491321.zip
診療所,43,1930117,原田歯科医院,合志市御代志１６６１－２０９,096-242-3285,原田　秀一郎,原田　秀一郎,歯,,昭58. 7. 1,kyushu/000491321.zip
診療所,43,1930141,今村歯科医院,合志市須屋７１０－１,096-345-2264,医療法人社団　今村会　理事長　今村友信,今村　友信,歯　小歯　歯外,,平15. 11. 1,kyushu/000491321.zip
診療所,43,1930166,あくね歯科医院,合志市御代志８３６ー１８,096-242-6480,阿久根　秀典,阿久根秀典,歯,,平9. 8. 1,kyushu/000491321.zip
診療所,43,1930174,徳治会歯科医院合志,合志市野々島八反畑４７８７－１８,096-242-1891,医療法人　徳治会　理事長　吉永　修,松本　恵理佳,歯,,平27. 8. 17,kyushu/000491321.zip
診療所,43,1930182,ちぢいわ歯科クリニック,合志市須屋みずき台３６７３,096-242-4681,千々岩　俊之,千々岩　俊之,歯　矯歯　小歯　歯外,,平12. 10. 1,kyushu/000491321.zip
診療所,43,1930190,たなか歯科医院,合志市幾久富１９０９－６１８,096-248-3620,医療法人社団　秀香会　理事長　田中　弥信,田中　弥信,歯　矯歯　小歯　歯外,,平18. 1. 1,kyushu/000491321.zip
診療所,43,1930208,はるの歯科クリニック,合志市須屋２６２－５,096-338-8100,春野　雅俊,春野　雅俊,歯　小歯,,平20. 5. 1,kyushu/000491321.zip
診療所,43,1930232,サトウデンタルクリニック,合志市豊岡字須屋久保２０００－２１６２,096-248-7155,佐藤　弘法,佐藤　弘法,歯　小歯,,平22. 1. 1,kyushu/000491321.zip
診療所,43,1930273,たけうち歯科医院,合志市須屋字三ツ石１２８６－１,096-342-5285,竹内　清嗣,竹内　清嗣,歯　矯歯　小歯　歯外,,平26. 4. 1,kyushu/000491321.zip
診療所,43,1930281,菊南ハーモニー歯科クリニック,合志市須屋１９２２－４,096-341-1182,医療法人如月会　理事長　郷原　賢次郎,郷原　賢次郎,歯　小歯　歯外,,平30. 4. 1,kyushu/000491321.zip
診療所,43,1930307,いさかり歯科口腔クリニック,合志市豊岡字町上２５０５－９,096-247-1771,飯盛　美豊,飯盛　美豊,歯　小歯　歯外　矯歯,,平31. 2. 1,kyushu/000491321.zip
診療所,43,1930315,合志アンビー歯科矯正歯科,合志市竹迫２２９０－１,096-247-3300,医療法人合志アンビー歯科矯正歯科　理事長　村山　真,村山　真,歯　小歯　矯歯　歯外,,令2. 4. 1,kyushu/000491321.zip
診療所,43,1930323,いろどり歯科こども歯科クリニック,合志市野々島５４９０番地４,096-288-2942,秋山　太郎,秋山　太郎,歯　小歯　矯歯　歯外,,令3. 7. 1,kyushu/000491321.zip
診療所,43,1930331,みなみかわ歯科クリニック,合志市須屋２５３３番５,096-242-1182,医療法人寛志会　理事長　南川　剛寛,南川　剛寛,歯　小歯　矯歯　歯外,,令3. 10. 1,kyushu/000491321.zip
診療所,43,1930349,みよし歯科クリニック,合志市御代志１６７２－１,096-242-1515,医療法人みよし歯科クリニック　理事長　那須　正義,那須　正義,歯　矯歯　小歯　歯外,,令4. 1. 1,kyushu/000491321.zip
診療所,43,1930356,ながた歯科,合志市豊岡２０１２番地７４,096-321-6787,永田　文明,永田　文明,歯　小歯,,令4. 5. 1,kyushu/000491321.zip
診療所,43,1930364,三隅歯科医院,合志市幾久富１９０９－１８４,096-248-1101,三隅　寛,三隅　寛,歯　歯外　小歯,,令5. 4. 1,kyushu/000491321.zip
診療所,43,1930372,まつだ歯科クリニック,合志市須屋２９７２－１,096-242-3535,松田　智也,松田　智也,歯　小歯　矯歯　歯外,,令5. 6. 1,kyushu/000491321.zip
診療所,43,1930380,楓の森歯科クリニック,合志市豊岡２０００番２８４４,096-321-6480,白濱　義将,白濱　義将,歯　小歯　矯歯　歯外,,令6. 4. 1,kyushu/000491321.zip
診療所,43,1930398,合志かたやまこども歯科,合志市須屋３１０１－３,096-327-8081,片山　創,片山　創,歯　小歯　歯外　矯歯,,令6. 4. 1,kyushu/000491321.zip
診療所,43,2030016,蓑田歯科医院,天草市太田町２１－９,0969-24-1010,蓑田　哲哉,蓑田　哲哉,歯,,昭51. 1. 16,kyushu/000491321.zip
診療所,43,2030040,伊東歯科医院,天草市南新町１３－２,0969-23-1551,伊東　宏,伊東　宏,歯,,昭61. 5. 16,kyushu/000491321.zip
診療所,43,2030065,小田歯科医院,天草市本渡町２５７０－２４,0969-23-7733,小田　哲也,小田　哲也,歯　小歯,,昭62. 7. 16,kyushu/000491321.zip
診療所,43,2030073,みなみ歯科医院,天草市南新町３－１９,0969-22-5511,松田　教裕,松田　教裕,歯,,昭63. 6. 16,kyushu/000491321.zip
診療所,43,2030081,中村歯科医院,天草市南新町７番地の８,0969-23-5252,医療法人スマイルライン　理事長　奈良﨑　典子,中村　典子,歯　小歯　歯外　矯歯,,平3. 3. 1,kyushu/000491321.zip
診療所,43,2030099,布井歯科,天草市亀場町亀川１７３２－１７,0969-22-3300,医療法人社団布井歯科　理事長　布井　隆行,布井　真紀,歯　矯歯　小歯,,平3. 3. 16,kyushu/000491321.zip
診療所,43,2030107,槌本歯科医院,天草市中央新町３－３,0969-23-5582,槌本　亮二郎,槌本　亮二郎,歯,,平3. 4. 1,kyushu/000491321.zip
診療所,43,2030131,中嶋歯科医院,天草市東浜町１３－１６,0969-24-3231,医療法人社団敬仁会　理事長　中嶋　敬介,中嶋　敬介,歯　小歯　矯歯,,平5. 4. 1,kyushu/000491321.zip
診療所,43,2030149,ファミリー歯科,天草市東浜町１０－１　三貴ビル２Ｆ,0969-22-2300,医療法人社団潮来会　理事長　長野圭子,長野　圭子,歯　小歯,,平5. 10. 1,kyushu/000491321.zip
診療所,43,2030156,松田歯科医院,天草市栄町１０－３５,0969-22-2432,医療法人社団記栄会　理事長　松田　光正,松田　光正,歯,,平6. 11. 1,kyushu/000491321.zip
診療所,43,2030164,新田歯科医院,天草市亀場町亀川１４６－１０,0969-23-4182,新田　昭洋,新田　昭洋,歯　矯歯　小歯　歯外,,平7. 10. 1,kyushu/000491321.zip
診療所,43,2030180,広瀬みのだ歯科,天草市八幡町４番１０号,0969-24-2060,蓑田　太司,蓑田　太司,歯　矯歯　小歯,,平11. 12. 16,kyushu/000491321.zip
診療所,43,2030198,青木歯科医院,天草市大浜町３４８－５,0969-24-5222,青木　憲誠,青木　憲誠,歯　歯外　小歯,,平14. 4. 1,kyushu/000491321.zip
診療所,43,2030255,うらた歯科医院,天草市牛深町２５０２ー２,09697-2-2146,浦田　琢二,浦田　琢二,歯,,平5. 5. 16,kyushu/000491321.zip
診療所,43,2030339,松本歯科医院,天草市栖本町馬場２５６０－５,0969-66-3000,松本　信久,松本　信久,歯,,平5. 4. 1,kyushu/000491321.zip
診療所,43,2030347,岡田歯科医院,天草市新和町小宮地５３４－３,0969-46-3705,岡田　理介,岡田　理介,歯,,昭62. 7. 16,kyushu/000491321.zip
診療所,43,2030354,田﨑歯科医院,天草市五和町御領６４８７,0969-32-0347,田崎　日出夫,田崎　日出夫,歯　小歯　矯歯,,昭45. 11. 16,kyushu/000491321.zip
診療所,43,2030362,山本歯科医院,天草市五和町二江４７２９,0969-33-0336,医療法人社団　康治会　理事長　山本　康弘,山本　康弘,歯　歯外　小歯,,平4. 9. 1,kyushu/000491321.zip
診療所,43,2030370,森口歯科医院,天草市天草町高浜北第９７５－１,0969-42-0821,森口　茂樹,森口　茂樹,歯,,昭62. 5. 16,kyushu/000491321.zip
診療所,43,2030388,内崎歯科医院,天草市河浦町河浦４８２２－１,09697-6-1553,内崎　祐一,内崎　祐一,歯,,平5. 6. 1,kyushu/000491321.zip
診療所,43,2030396,生田歯科医院,天草市河浦町白木河内　２２０－１,0969-77-0039,医療法人社団南生会　生田歯科医院　理事長　生田図南,生田　図南,歯,,平17. 4. 1,kyushu/000491321.zip
診療所,43,2030412,いるか歯科医院,天草市牛深町鬼塚２０３９－１２,0969-72-6055,光永　昭宏,光永　昭宏,歯　小歯　矯歯,,平19. 2. 1,kyushu/000491321.zip
診療所,43,2030420,アップル歯科クリニック,天草市本渡町本戸馬場９９１－３,0969-27-0118,小林　裕介,小林　裕介,歯　小歯,,平19. 7. 1,kyushu/000491321.zip
診療所,43,2030487,スマイル歯科矯正歯科クリニック,天草市大浜町９－２９,0969-24-4534,医療法人　青木会　理事長　青木　潤也,青木　潤也,歯　矯歯　小歯　歯外,,平24. 6. 1,kyushu/000491321.zip
診療所,43,2030495,つばさ歯科クリニック,天草市川原町２２番７号,0969-66-9889,林　英臣,林　英臣,歯　矯歯　小歯,,平25. 10. 1,kyushu/000491321.zip
診療所,43,2030503,Ａｙａ小児・矯正歯科クリニック,天草市本渡町広瀬字下友１７６－２８,0969-66-9170,佐々木　文,佐々木　文,歯　矯歯　小歯,,平26. 7. 1,kyushu/000491321.zip
診療所,43,2030511,オーラルケアサポートさくら,天草市有明町大島子３０４４－１,0969-25-6377,医療法人　天草祐歯会　理事長　富久　清孝,富久　清孝,歯　歯外,,平27. 4. 1,kyushu/000491321.zip
診療所,43,2030552,小島歯科医院,天草市牛深町字大池田１５４５番地２,0969-78-8065,医療法人　俊英会　理事長　松尾　幸信,松尾　幸信,歯,,平29. 9. 1,kyushu/000491321.zip
診療所,43,2030560,じん歯科クリニック,天草市中村町２－１８,0969-27-5200,神　浩介,神　浩介,歯　小歯,,平30. 5. 1,kyushu/000491321.zip
診療所,43,2030594,せどデンタルオフィス,天草市志柿町６６８５番２,0969-66-9096,医療法人せど会　理事長　中村　直寿,中村　直寿,歯　歯外　小歯　矯歯,,令3. 6. 1,kyushu/000491321.zip
診療所,43,2030602,はまさき歯科医院,天草市有明町大浦１５６５,0969-54-0401,濱﨑　研吾,濱﨑　研吾,歯,,令4. 4. 1,kyushu/000491321.zip
診療所,43,2030610,にしきど歯科医院,天草市東浜町１９番４－１号,0969-33-9760,医療法人　にしきど歯科医院　理事長　錦戸　浩,錦戸　浩,歯　小歯　歯外,,令8. 1. 1,kyushu/000491321.zip
診療所,43,2330655,渡辺歯科医院,下益城郡美里町萱野２６－１,0964-46-2627,医療法人社団渡辺歯科医院　理事長　渡辺　賢治,渡辺　賢治,歯,,平2. 11. 1,kyushu/000491321.zip
診療所,43,2330721,宮崎歯科医院,下益城郡美里町永富５１４,0964-47-0300,宮崎　幸一,宮崎　幸一,歯,,平4. 9. 1,kyushu/000491321.zip
診療所,43,2331000,南部歯科医院,下益城郡美里町三和３８２－１,0964-47-2110,谷口　正純,谷口　正純,歯　小歯　矯歯,,平17. 2. 1,kyushu/000491321.zip
診療所,43,2331018,カワカミ歯科診療所,下益城郡美里町中小路８３５くまもと温石病院１階,0964-46-4488,川上　剛司,川上　剛司,歯　小歯　歯外,,平29. 9. 1,kyushu/000491321.zip
診療所,43,2430349,三串歯科医院,玉名郡和水町西吉地３４２５－１,0968-34-3066,加藤　輝子,加藤　輝子,歯　小歯,,平11. 4. 1,kyushu/000491321.zip
診療所,43,2430364,田尻歯科医院,玉名郡南関町関町１２１５－１,0968-53-2145,田尻　光子,田尻　光子,歯,,昭57. 8. 16,kyushu/000491321.zip
診療所,43,2430406,大林歯科診療所,玉名郡南関町大字上坂下１８－２,0968-53-8111,医療法人社団大恵会　理事長　大林　裕明,大林　裕明,歯　小歯　矯歯　歯外,,昭59. 4. 1,kyushu/000491321.zip
診療所,43,2430414,春野歯科医院,玉名郡玉東町木葉６５９－３,0968-85-2013,春野　惟一,春野　惟一,歯,,昭60. 8. 1,kyushu/000491321.zip
診療所,43,2430463,安田歯科医院,玉名郡玉東町稲佐１５０－１,0968-85-3344,安田　光則,安田　光則,歯,,昭63. 11. 16,kyushu/000491321.zip
診療所,43,2430497,たかさき歯科医院,玉名郡長洲町長洲４４２－４,0968-78-4181,医療法人コスモス会　理事長　高崎　稔,高崎　稔,歯　歯外　小歯,,平元. 12. 1,kyushu/000491321.zip
診療所,43,2430505,なかむら歯科医院,玉名郡長洲町大字腹赤１１－４,0968-78-1040,医療法人社団慎思会　理事長　中村　浩一,中村　浩一,歯　矯歯　小歯　歯外,,平2. 5. 1,kyushu/000491321.zip
診療所,43,2430513,原歯科クリニック,玉名郡南関町関下１５５０－２,0968-53-1177,原　祥子,原　祥子,歯　小歯,,平4. 5. 16,kyushu/000491321.zip
診療所,43,2430547,前田歯科医院,玉名郡長洲町大字長洲１３７９－１,0968-78-0100,前田　秀一,前田　秀一,歯　矯歯　小歯,,平6. 10. 16,kyushu/000491321.zip
診療所,43,2430562,加藤歯科医院,玉名郡長洲町清源寺字塘添３２７２－８,0968-78-7181,加藤　恭裕,加藤　恭裕,歯　小歯　歯外,,平11. 10. 1,kyushu/000491321.zip
診療所,43,2430570,六栄歯科診療所,玉名郡長洲町宮野２７５－１,0968-78-7044,鳴尾　英一,鳴尾　英一,歯,,平11. 11. 1,kyushu/000491321.zip
診療所,43,2430653,川野歯科医院,玉名郡南関町小原松ヶ下８８３－１,0968-53-0234,川野　靖幸,川野　靖幸,歯　小歯　矯歯,,平18. 6. 1,kyushu/000491321.zip
診療所,43,2430661,長洲山内歯科診療所,玉名郡長洲町長洲２６４３－１,0968-78-6681,山内　哲朗,山内　哲朗,歯　矯歯　小歯　歯外,,平20. 4. 1,kyushu/000491321.zip
診療所,43,2430679,歯科処神崎,玉名郡和水町津田字下津留１５６３－７,0968-34-6606,神崎　昌二,神崎　昌二,歯　小歯　矯歯　歯外　内　外　リハ,,平21. 2. 1,kyushu/000491321.zip
診療所,43,2430687,ふくち歯科医院,玉名郡南関町上坂下３５５９－２,0968-53-8005,福地　正貴,福地　正貴,歯　矯歯　小歯　歯外,,平22. 12. 14,kyushu/000491321.zip
診療所,43,2430695,ふくだデンタルクリニック,玉名郡和水町江田１４９番地５,0968-86-2052,福田　聖一,福田　聖一,歯,,平24. 2. 1,kyushu/000491321.zip
診療所,43,2630351,片山歯科医院,菊池郡大津町大津１４８５－１,096-293-0864,片山　幸博,片山　幸博,歯,,昭57. 11. 1,kyushu/000491321.zip
診療所,43,2630450,山口歯科医院,菊池郡菊陽町津久礼１７３番地１８,096-232-4456,山口　治利,山口　治利,歯　矯歯　小歯,,昭60. 12. 16,kyushu/000491321.zip
診療所,43,2630484,なかがわ歯科医院,菊池郡菊陽町津久礼石坂２３２３－１,096-232-4755,中川　徹,中川　徹,歯　小歯　歯外,,平14. 10. 1,kyushu/000491321.zip
診療所,43,2630542,矢島歯科医院,菊池郡大津町大字室１２１,096-293-1030,矢島　裕子,矢島　裕子,歯,,昭63. 7. 16,kyushu/000491321.zip
診療所,43,2630633,石川歯科・矯正歯科医院,菊池郡菊陽町大字原水字向原９５８－１,096-232-5818,石川　博文,石川　博文,歯　小歯　矯歯　歯外,,平3. 6. 4,kyushu/000491321.zip
診療所,43,2630641,よねむら歯科医院,菊池郡菊陽町武蔵ヶ丘北３丁目３番１９号,096-337-3377,米村　優一郎,米村　優一郎,歯　小歯,,平3. 11. 1,kyushu/000491321.zip
診療所,43,2630716,南歯科医院,菊池郡菊陽町津久礼１６２－１１,096-232-7541,南　信之,南　信之,歯　小歯,,平6. 2. 16,kyushu/000491321.zip
診療所,43,2630724,絵輝歯科,菊池郡菊陽町大字原水１１５６番地１２,096-232-5488,奈須　守哉,奈須　守哉,歯　小歯,,平6. 4. 16,kyushu/000491321.zip
診療所,43,2630765,北川歯科医院,菊池郡菊陽町津久礼２１６３－１,096-232-4418,北川　隆之,北川　隆之,歯　小歯,,平7. 4. 16,kyushu/000491321.zip
病院,43,2630864,菊陽病院,菊池郡菊陽町大字原水５５８７,096-232-3171,社会医療法人　芳和会　理事長　積　豪英,橋本　和子,歯,,平12. 10. 1,kyushu/000491321.zip
診療所,43,2630880,髙田歯科クリニック,菊池郡菊陽町向陽台２－１７,096-337-7139,高田　周二,高田　周二,歯　矯歯　小歯,,平12. 11. 16,kyushu/000491321.zip
診療所,43,2630930,健光歯科,菊池郡菊陽町光の森７－３１－５,096-233-1096,医療法人あさひ会　理事長　平田　貴裕,平田　貴裕,歯　小歯　矯歯　歯外,,平16. 6. 1,kyushu/000491321.zip
診療所,43,2630948,こんどう歯科医院,菊池郡大津町陣内１１５４－４,096-213-4415,医療法人社団　健優会　理事長　橋本　大悟,富松　健,歯　小歯,,平15. 3. 1,kyushu/000491321.zip
診療所,43,2630955,光の森歯科クリニック,菊池郡菊陽町光の森２－２９－６,096-340-2611,藤田　秀也,藤田　秀也,歯　矯歯,,平15. 7. 1,kyushu/000491321.zip
診療所,43,2630963,ハート歯科クリニック,菊池郡大津町引水１１３－９,096-294-6777,明受　清一,明受　清一,歯　小歯,,平15. 8. 1,kyushu/000491321.zip
診療所,43,2631003,スマイルライン歯科クリニック,菊池郡菊陽町光の森７－３３－１,096-233-1182,医療法人社団　鏡会　理事長　吉田毅,野口　和宏,歯　小歯　矯歯,,平16. 6. 1,kyushu/000491321.zip
病院,43,2631011,熊本リハビリテーション病院,菊池郡菊陽町曲手７６０,096-232-3111,社会医療法人令和会　理事長　坂口　満,川上　宏治,歯　歯外,,平17. 6. 1,kyushu/000491321.zip
診療所,43,2631045,さかい歯科クリニック,菊池郡菊陽町光の森２－３－９,096-284-8433,境　忠彦,境　忠彦,歯　小歯,,平18. 10. 1,kyushu/000491321.zip
診療所,43,2631060,いちかわ歯科クリニック,菊池郡菊陽町新山１丁目２－２０,096-232-8088,市川　康裕,市川　康裕,歯　小歯,,平19. 11. 1,kyushu/000491321.zip
診療所,43,2631078,たかやまデンタルクリニック,菊池郡大津町室字新田４００番地１,096-294-8020,髙山　久美,髙山　久美,歯　小歯,,平20. 6. 1,kyushu/000491321.zip
診療所,43,2631110,ひろ歯科クリニック,菊池郡菊陽町大字久保田２８０３－１,096-285-3456,樋口　博一,樋口　博一,歯　小歯　歯外,,平21. 5. 1,kyushu/000491321.zip
診療所,43,2631136,いとう歯科クリニック,菊池郡菊陽町大字津久礼２４２２番地１３,096-285-5882,伊藤　守,伊藤　守,歯　矯歯　小歯　歯外,,平23. 11. 1,kyushu/000491321.zip
診療所,43,2631144,Ｆ・デンタルクリニック,菊池郡菊陽町光の森７－７－８,096-233-5118,医療法人　恵富会　理事長　畦元　文人,畦元　文人,歯　小歯　歯外　矯歯,,平24. 12. 1,kyushu/000491321.zip
診療所,43,2631151,みさきの歯科医院,菊池郡大津町美咲野３－１－１,096-285-4182,前澤　浩,前澤　浩,歯　小歯　矯歯,,平25. 5. 1,kyushu/000491321.zip
診療所,43,2631185,たけした歯科,菊池郡菊陽町武蔵ヶ丘北１－１０－３９,096-339-7708,竹下　修二,竹下　修二,歯　小歯,,平26. 9. 1,kyushu/000491321.zip
診療所,43,2631219,クローバー歯科・こども歯科,菊池郡大津町室９８２番地２,096-294-6480,医療法人よつば会　理事長　髙田　宗秀,髙田　宗秀,歯　小歯　矯歯,,平28. 10. 1,kyushu/000491321.zip
診療所,43,2631227,にじの森歯科クリニック,菊池郡菊陽町武蔵ヶ丘北二丁目１５番８号４,096-339-8118,医療法人ＭＡＲＵＴＡ　ＤＥＮＴＡＬ　ＯＦＦＩＣＥ　理事長　丸田　忠勝,丸田　忠勝,歯　小歯　歯外　矯歯,,平29. 6. 1,kyushu/000491321.zip
診療所,43,2631243,ひかり矯正歯科,菊池郡菊陽町光の森四丁目３４８０番地３,096-285-6133,医療法人ひかり矯正歯科　理事長　平良　幸治,平良　幸治,矯歯,,令元. 6. 1,kyushu/000491321.zip
診療所,43,2631268,わたなべ歯科,菊池郡大津町大字室字東迫尻７０１番地１ラルーチェ１Ｆ,096-293-2325,医療法人仁昇会　理事長　渡邉　祐康,渡邉　祐康,歯　小歯　矯歯,,令2. 8. 1,kyushu/000491321.zip
診療所,43,2631284,ハハ歯科医院,菊池郡大津町新古屋敷２８４－１２,,西山　洋三,西山　洋三,歯　小歯　矯歯,,令2. 12. 1,kyushu/000491321.zip
診療所,43,2631292,菊陽うえき歯科クリニック,菊池郡菊陽町津久礼２６９９－５,096-285-8476,医療法人Ｍ＆Ｓ　理事長　植木　修平,植木　修平,歯　歯外　小歯　矯歯,,令3. 1. 1,kyushu/000491321.zip
診療所,43,2631300,りの歯科矯正歯科,菊池郡菊陽町津久礼２９５０－１４,096-233-3378,医療法人ｌｉｎｏ－ｓｍｉｌｅ　理事長　徳永　衣吏子,徳永　衣吏子,歯　矯歯　小歯　歯外,,令4. 9. 1,kyushu/000491321.zip
診療所,43,2631318,熊本フェリス総合歯科クリニック,菊池郡菊陽町大字津久礼字廣街道２４２０－１１,096-340-2100,医療法人社団栗﨑会　理事長　栗﨑　道紀,木村　太郎,歯　小歯　矯歯　歯外,,令4. 11. 1,kyushu/000491321.zip
診療所,43,2631326,野田歯科口腔クリニック,菊池郡大津町美咲野一丁目２２番２２号,096-292-0123,医療法人樹香会　理事長　野田　一樹,野田　一樹,歯　歯外　小歯　矯歯,,令4. 11. 1,kyushu/000491321.zip
診療所,43,2631334,永田歯科口腔外科クリニック,菊池郡大津町室５３９番地１２,096-293-0588,永田　将士,永田　将士,歯　矯歯　小歯　歯外,,令5. 4. 1,kyushu/000491321.zip
診療所,43,2631342,Ｙ’ｓ歯科,菊池郡大津町大字室字門出２１０番地５,096-294-8118,医療法人Ｙ’ｓ歯科　理事長　吉浦　浩史,吉浦　浩史,歯　小歯　矯歯　歯外,,令6. 5. 1,kyushu/000491321.zip
診療所,43,2730284,児玉歯科医院,阿蘇郡小国町宮原１７０１,0967-46-2183,児玉　睦雄,児玉　睦雄,歯,,昭56. 1. 1,kyushu/000491321.zip
診療所,43,2730409,桑田歯科医院,阿蘇郡西原村小森３２６９－３,096-279-3266,桑田　和明,桑田　和明,歯　小歯　矯歯　歯外,,昭63. 7. 16,kyushu/000491321.zip
診療所,43,2730474,田上歯科医院,阿蘇郡南阿蘇村大字吉田１４４２－１,09676-2-9177,医療法人社団田上会　理事長　田上　大輔,田上　大輔,歯,,平5. 8. 1,kyushu/000491321.zip
診療所,43,2730631,とらたに歯科,阿蘇郡小国町宮原１７７４－１,0967-46-4801,乕谷　真,乕谷　真,歯　矯歯　小歯,,平14. 8. 1,kyushu/000491321.zip
診療所,43,2730680,赤尾歯科クリニック,阿蘇郡西原村小森３５９８－１,096-340-4040,赤尾　浩彦,赤尾　浩彦,歯　小歯　歯外,,平15. 4. 1,kyushu/000491321.zip
診療所,43,2730698,あい歯科クリニック,阿蘇郡南阿蘇村下野１５８－４８,0967-35-6100,隈井　隆弘,隈井　隆弘,歯　小歯　歯外,,平15. 4. 1,kyushu/000491321.zip
診療所,43,2730722,みもり歯科医院,阿蘇郡高森町高森１９７３－３,0967-62-2005,三森康弘,三森　康弘,歯　矯歯　小歯　歯外,,平18. 9. 1,kyushu/000491321.zip
診療所,43,2730771,片山歯科医院,阿蘇郡高森町大字高森字上原１９４３－１,0967-62-1971,片山　建一,片山　建一,歯　小歯　矯歯　歯外,,平30. 9. 1,kyushu/000491321.zip
診療所,43,2730789,きよら歯科医院,阿蘇郡南小国町赤馬場１４４番地の１,0967-25-6111,医療法人社団健優会　理事長　橋本　大悟,多田　真一郎,歯　小歯　矯歯　歯外,,平31. 4. 1,kyushu/000491321.zip
診療所,43,2730797,ピュアデンタルクリニック南阿蘇歯科診療所,阿蘇郡南阿蘇村大字河陰３７９０番地１,0967-63-4618,医療法人菅鉢会　理事長　菅鉢　孝治,飽田　美和子,歯　矯歯　小歯　歯外,,令6. 8. 1,kyushu/000491321.zip
病院,43,2830431,リハビリテーションセンター熊本回生会病院,上益城郡嘉島町鯰１８８０,096-237-1133,医療法人回生会　理事長　大橋　浩太郎,鬼木　泰成,歯　歯外,,昭58. 4. 1,kyushu/000491321.zip
診療所,43,2830480,清村歯科医院,上益城郡甲佐町横田大町鶴２２４－１,096-234-3773,清村　龍朗,清村　龍朗,歯,,昭60. 7. 16,kyushu/000491321.zip
診療所,43,2830498,入江歯科医院,上益城郡御船町辺田見３６６－１,096-282-3188,入江　英仁,入江　英仁,歯,,昭62. 4. 1,kyushu/000491321.zip
診療所,43,2830514,玉置歯科医院,上益城郡嘉島町鯰字高八２７１５－１,096-237-2370,玉置　孝信,玉置　孝信,歯　矯歯　歯外,,昭62. 10. 16,kyushu/000491321.zip
診療所,43,2830548,野田歯科医院,上益城郡山都町浜町５７番の１,0967-72-0593,医療法人社団野田歯科医院　理事長　野田　和宏,野田　和宏,歯　歯外　小歯,,平25. 12. 1,kyushu/000491321.zip
診療所,43,2830589,江藤歯科医院,上益城郡御船町大字御船１０２９番地１,096-282-6001,医療法人社団江藤会　理事長　江藤　寛文,江藤　崇文,歯　小歯　歯外　矯歯,,令2. 8. 1,kyushu/000491321.zip
診療所,43,2830647,いわた歯科医院,上益城郡益城町惣領１４８５－２,096-286-1417,岩田　浩志,岩田　浩志,歯,,令3. 12. 20,kyushu/000491321.zip
診療所,43,2830654,ひがし歯科医院,上益城郡嘉島町下六嘉１８７８－３,096-367-0112,医療法人ひがし歯科医院　理事長　東　正也,東　正也,歯　小歯　歯外　矯歯,,平6. 2. 1,kyushu/000491321.zip
診療所,43,2830712,浜町歯科医院,上益城郡山都町浜町１０４,0967-72-0022,医療法人社団萌歯会　理事長　岩本　知之,岩本　知之,歯　小歯　矯歯,,平8. 12. 1,kyushu/000491321.zip
診療所,43,2830720,さとう歯科クリニック,上益城郡甲佐町大字大町字古川４１５－７,096-235-1118,佐藤　昭彦,佐藤　昭彦,歯　小歯　矯歯,,平10. 1. 16,kyushu/000491321.zip
診療所,43,2830779,共愛歯科医院,上益城郡益城町安永７２２－４,096-286-2277,医療法人共愛会　理事長　三村　彰吾,三村　彰吾,歯　小歯　矯歯,,平12. 1. 1,kyushu/000491321.zip
診療所,43,2830928,せいわ歯科クリニック,上益城郡山都町大平１８５,0967-82-3456,石井　洋一,石井　洋一,歯　小歯,,平18. 10. 1,kyushu/000491321.zip
診療所,43,2830944,豊田歯科医院,上益城郡山都町城原１５９－６－３,0967-72-0371,豊田　彩,豊田　彩,歯,,平19. 12. 22,kyushu/000491321.zip
診療所,43,2830977,内野玲歯科,熊本都市計画事業益城中央被災市街地復興土地区画整理事業仮換地４８街区７,096-243-8241,内野　玲,内野　玲,歯　小歯,,令6. 12. 19,kyushu/000491321.zip
診療所,43,2830985,若葉歯科医院,上益城郡御船町辺田見４４４－８,096-282-2265,金子　康稔,金子　康稔,歯　小歯,,平21. 4. 1,kyushu/000491321.zip
診療所,43,2831033,りんご歯科なるせ,上益城郡甲佐町大字岩下字東園６５番１,096-234-0012,医療法人コスメティックデンティストリー　理事長　新村　健三,志方　圭介,歯　小歯,,平23. 12. 1,kyushu/000491321.zip
診療所,43,2831082,みやもと歯科,上益城郡益城町寺迫１０１２－１,096-287-8811,宮本　徳郎,宮本　徳郎,歯　小歯,,平26. 1. 1,kyushu/000491321.zip
診療所,43,2831090,うえだＦＡＭＩＬＹ歯科,上益城郡御船町木倉１３６９－２,096-281-1182,医療法人　ＳＭＩＬＥ　ＦＡＭＩＬＹ　理事長　植田　貴史,植田　貴史,歯　小歯　歯外,,平26. 10. 1,kyushu/000491321.zip
診療所,43,2831116,どうのうえ歯科クリニック,上益城郡山都町浜町１８６－５,0967-72-2222,医療法人　教栄会　理事長　堂上　哲矢,堂上　哲矢,歯　小歯,,平26. 12. 1,kyushu/000491321.zip
診療所,43,2831132,やけいし歯科,上益城郡益城町福富７０４,096-286-7588,矢毛石　康男,矢毛石　康男,歯　矯歯　小歯　歯外,,平27. 11. 1,kyushu/000491321.zip
診療所,43,2831140,寺﨑歯科クリニック,上益城郡益城町大字惣領字北横大道１６７３番１,096-289-8020,医療法人恵生会　理事長　寺﨑　恵多朗,寺﨑　恵多朗,歯　歯外　小歯　矯歯,,平30. 5. 1,kyushu/000491321.zip
診療所,43,2831157,かんべ歯科クリニック,上益城郡御船町御船９３７－２,096-282-0036,神戸　浩,神戸　浩,歯　小歯　矯歯　歯外,,平29. 9. 1,kyushu/000491321.zip
診療所,43,2831165,おおた歯科クリニック,上益城郡御船町大字木倉１６６番地１,096-202-5860,医療法人優歯会　理事長　太田　宜彦,太田　宜彦,歯　小歯　歯外,,令6. 12. 1,kyushu/000491321.zip
診療所,43,2831173,ＪＵＮ歯科クリニック,上益城郡益城町宮園７６４－１０,096-286-1188,二渡　淳,二渡　淳,歯　小歯　歯外　矯歯,,令4. 11. 1,kyushu/000491321.zip
診療所,43,2831181,ありむら歯科医院,上益城郡嘉島町鯰１８３６番地２,096-235-4618,医療法人誠心会ありむら歯科医院　理事長　有村　嘉人,有村　嘉人,歯　小歯　歯外　矯歯,,令6. 1. 1,kyushu/000491321.zip
診療所,43,2831199,イッコウ歯科医院　予防・矯正オフィス,上益城郡嘉島町大字上島２１８７番地１１,096-234-7215,医療法人顕美会　理事長　三隅　一公,三隅　一公,歯　小歯　歯外,,令6. 2. 1,kyushu/000491321.zip
診療所,43,2831207,クドウ歯科医院,上益城郡嘉島町大字鯰字皆根１８０８番地２,096-237-2801,医療法人虹明会　理事長　工藤　智明,工藤　智明,歯　小歯　矯歯　歯外,,令8. 4. 1,kyushu/000491321.zip
診療所,43,2930447,中村歯科医院,八代郡氷川町鹿島１２３３,0965-52-6401,中村　公靖,中村　公靖,歯,,平11. 2. 16,kyushu/000491321.zip
診療所,43,2930538,まつがえ歯科医院,八代郡氷川町宮原７９５－１,0965-62-2032,松枝　勝興,松枝　勝興,歯　小歯,,平25. 3. 30,kyushu/000491321.zip
診療所,43,2930579,医療法人　敬愛会　宇城八代歯科医院,八代郡氷川町宮原６６７－１,0965-62-3388,医療法人　敬愛会　理事長　中出　敬明,中出　敬明,歯,,平31. 1. 1,kyushu/000491321.zip
診療所,43,2930587,竜北歯科クリニック,八代郡氷川町鹿野３２２－５,0965-37-7770,内藤　久美子,内藤　久美子,歯　小歯,,令6. 6. 1,kyushu/000491321.zip
診療所,43,2930595,いちもり歯科クリニック,八代郡氷川町網道２８７番地８,0965-52-8020,医療法人繁康会　理事長　一森　康男,一森　康男,歯　小歯　矯歯　歯外,,令7. 7. 1,kyushu/000491321.zip
診療所,43,3030247,野村歯科医院,葦北郡芦北町小田浦１３４８－５,0966-87-0040,野村　健一郎,野村　健一郎,歯　小歯,,平4. 1. 1,kyushu/000491321.zip
病院,43,3030262,くまもと芦北療育医療センター,葦北郡芦北町大字芦北２８１３,0966-82-2431,社会福祉法人志友会　理事長　篠原　誠,木村　昭彦,歯,,平3. 7. 1,kyushu/000491321.zip
診療所,43,3030304,あいりす歯科医院,葦北郡芦北町道川内６－９,0966-69-4182,鬼塚　友文,鬼塚　友文,歯　矯歯　小歯,,平15. 5. 1,kyushu/000491321.zip
診療所,43,3030320,井上歯科医院,葦北郡芦北町花岡１８４６－８,0966-82-3566,井上　真樹,井上　真樹,歯　小歯,,平16. 1. 1,kyushu/000491321.zip
診療所,43,3030361,鶴野歯科医院,葦北郡津奈木町岩城５２３番地１,0966-78-2530,鶴野　剛士,鶴野　剛士,歯　小歯　歯外,,令7. 5. 7,kyushu/000491321.zip
診療所,43,3030379,さしき宮島歯科医院,葦北郡芦北町花岡１６６０－５,0966-82-2418,若江　映晃,若江　映晃,歯　矯歯,,平29. 3. 1,kyushu/000491321.zip
診療所,43,3030387,藤崎歯科医院,葦北郡芦北町田浦６４６－１,0966-87-1515,藤崎　航太,藤崎　航太,歯　歯外　小歯　矯歯,,令元. 8. 1,kyushu/000491321.zip
診療所,43,3030395,あしきた歯科医院,葦北郡芦北町芦北２３８６－１,0966-61-3001,若井　篤,若井　篤,歯　小歯　矯歯,,令5. 2. 1,kyushu/000491321.zip
診療所,43,3130302,高野歯科医院,球磨郡錦町一武２１１１,0966-38-2540,高野　秀司,高野　秀司,歯,,昭54. 12. 1,kyushu/000491321.zip
診療所,43,3130344,秋山歯科医院,球磨郡多良木町多良木２８３９－１,0966-42-6511,秋山　雅治,秋山　雅治,歯,,昭60. 11. 16,kyushu/000491321.zip
診療所,43,3130377,秋山歯科クリニック,球磨郡あさぎり町免田東１９８２－４１,0966-45-4550,秋山　喬,秋山　喬,歯,,平元. 3. 1,kyushu/000491321.zip
診療所,43,3130427,水上歯科医院,球磨郡水上村岩野２６６６ー１,0966-44-0766,梁　瑞峰,梁　瑞峰,歯　小歯　矯歯,,平9. 3. 18,kyushu/000491321.zip
診療所,43,3130484,やまさき歯科医院,球磨郡湯前町中里２８４８－２,0966-43-2486,山崎　浩次郎,山崎　浩次郎,歯　矯歯　小歯,,平21. 10. 13,kyushu/000491321.zip
診療所,43,3130492,にしき歯科医院,球磨郡錦町西８０９,0966-38-3886,医療法人社団萠友会　　理事長　稲留　裕士,稲留　裕士,歯　矯歯　小歯,,平6. 2. 1,kyushu/000491321.zip
診療所,43,3130526,坂梨歯科医院,球磨郡あさぎり町免田東１８０６－１,0966-45-2111,医療法人同仁会　理事長　塚本　卓也,塚本　卓也,歯,,平7. 2. 6,kyushu/000491321.zip
診療所,43,3130534,山村歯科医院,球磨郡あさぎり町免田東３９０－１,0966-45-5952,山村　礼二,山村　礼二,歯　小歯,,平7. 2. 16,kyushu/000491321.zip
診療所,43,3130583,くろにた歯科医院,球磨郡多良木町多良木１５５３ー６,0966-42-1020,医療法人侑仁会　理事長　黒仁田　典之,黒仁田　典之,歯　矯歯　小歯　歯外,,平13. 5. 1,kyushu/000491321.zip
診療所,43,3130609,なかくま歯科医院,球磨郡あさぎり町免田西２２７３－５,0966-45-5701,医療法人社団　大雅会　理事長　佐潟芳文,佐　芳文,歯　矯歯　小歯,,平15. 3. 1,kyushu/000491321.zip
診療所,43,3130674,さくら歯科医院,球磨郡錦町西３２８７－３２,0966-38-3718,西岡　慎一,西岡　慎一,歯　小歯　歯外,,平22. 11. 1,kyushu/000491321.zip
診療所,43,3130690,あさぎり歯科クリニック,球磨郡あさぎり町上北１２７４－２,0966-45-1313,梶山　茂樹,梶山　茂樹,歯　小歯,,令元. 10. 1,kyushu/000491321.zip
診療所,43,3130716,むかえ歯科医院,球磨郡湯前町１２３７番地４,0966-43-3131,医療法人　恵福会　理事長　向江　富士夫,向江　富士夫,歯　矯歯　小歯　歯外,,平28. 3. 1,kyushu/000491321.zip
診療所,43,3130724,おおた歯科こども歯科クリニック,球磨郡多良木町大字多良木字下迫田９３８番地３,0966-42-1122,医療法人稚遥会　理事長　太田　良紀,太田　良紀,歯　歯外　小歯　矯歯,,令元. 5. 1,kyushu/000491321.zip
診療所,43,3230565,あらき歯科医院,天草郡苓北町志岐１１７,0969-35-2460,荒木　浩一,荒木　浩一,歯,,昭63. 10. 17,kyushu/000491321.zip
診療所,43,3230730,青砥歯科医院,天草郡苓北町志岐１２９,0969-35-0117,青砥　圭吾,青砥　圭吾,歯　矯歯　歯外,,平19. 1. 1,kyushu/000491321.zip
診療所,43,7130019,ゆう歯科クリニック,熊本市中央区琴平本町１２－９,096-362-1120,松田　佑介,松田　佑介,歯　小歯　歯外,,平24. 5. 1,kyushu/000491321.zip
診療所,43,7130043,坂口歯科医院,熊本市中央区国府１丁目１番１号オーシャンズビル２号室,096-371-8888,医療法人　弘倫会　理事長　坂口　倫章,坂口　倫章,歯　小歯　歯外,,平25. 4. 1,kyushu/000491321.zip
診療所,43,7130068,おひさま歯科クリニック,熊本市中央区帯山４丁目３－１８,096-213-8020,澤幡　佳孝,澤幡　佳孝,歯　小歯　歯外,,平25. 3. 1,kyushu/000491321.zip
診療所,43,7130076,木庭歯科医院,熊本市中央区大江５丁目１４－１３,096-364-6436,木庭　浩高,木庭　浩高,歯　小歯,,平25. 4. 1,kyushu/000491321.zip
診療所,43,7130084,新屋敷山下歯科・矯正歯科,熊本市中央区新屋敷３丁目９番４号　５階,096-373-6480,医療法人社団相禮会　理事長　山下　剛史,山下　剛史,歯　矯歯　小歯,,平25. 6. 1,kyushu/000491321.zip
診療所,43,7130092,フロンティア歯科医院,熊本市中央区島崎１－２９－１５,096-326-8844,戸髙　祥二,戸髙　祥二,歯　小歯　歯外,,平25. 7. 1,kyushu/000491321.zip
診療所,43,7130100,駕町ひろなか歯科,熊本市中央区安政町２－３４－２Ｆ,096-325-8844,弘中　一郎,弘中　一郎,歯　小歯,,平25. 12. 1,kyushu/000491321.zip
診療所,43,7130118,大嶋歯科医院,熊本市中央区坪井２－５－９,096-343-7007,大嶋　寛之,大嶋　寛之,歯　小歯,,平26. 4. 1,kyushu/000491321.zip
診療所,43,7130126,ひかる歯科ちえこども歯科,熊本市中央区国府２－１７－４１,096-364-1180,甲斐田　光,甲斐田　光,歯　小歯　矯歯,,平26. 5. 1,kyushu/000491321.zip
診療所,43,7130134,東部熊本歯科,熊本市中央区帯山２－１２－２４,096-382-4180,二宮　康郎,二宮　康郎,歯　小歯　歯外　矯歯,,平26. 4. 1,kyushu/000491321.zip
診療所,43,7130142,上通り緒方歯科医院,熊本市中央区上通町４－１８　井上ビル４階,096-355-3513,緒方　優一,緒方　優一,歯　歯外,,平26. 4. 1,kyushu/000491321.zip
診療所,43,7130159,大江歯科医院,熊本市中央区大江１丁目２０－２０,096-362-7332,岡本　亮子,岡本　亮子,歯　小歯,,平26. 9. 1,kyushu/000491321.zip
診療所,43,7130167,工藤歯科医院,熊本市中央区薬園町６－２１,096-344-0615,工藤　孝昭,工藤　孝昭,歯　小歯,,平27. 9. 1,kyushu/000491321.zip
診療所,43,7130175,林歯科医院,熊本市中央区呉服町３－３７,096-352-2778,林　昭宏,林　昭宏,歯　歯外　小歯　矯歯,,平28. 11. 1,kyushu/000491321.zip
診療所,43,7130191,渡辺歯科医院,熊本市中央区帯山４丁目２番８１号,096-381-9072,渡邊　一弘,渡邊　一弘,歯,,平28. 6. 1,kyushu/000491321.zip
診療所,43,7130217,タニモトマサノリ歯科・矯正歯科,熊本市中央区帯山４丁目２９－１,096-381-0508,谷元　栄仁,谷元　栄仁,歯　小歯　歯外　矯歯,,平28. 12. 1,kyushu/000491321.zip
診療所,43,7130225,牧野歯科医院,熊本市中央区水道町４－２７,096-352-5774,牧野　玄幸,牧野　玄幸,歯　矯歯　歯外　小歯,,平29. 3. 1,kyushu/000491321.zip
診療所,43,7130258,シャワー通り　すがわら歯科医院,熊本市中央区下通２－５－１９,096-352-7413,八木　俊晃,八木　俊晃,歯　小歯,,平29. 10. 1,kyushu/000491321.zip
診療所,43,7130266,奥村歯科医院,熊本市中央区上林町１番１９号,096-353-5448,奥村　浩文,奥村　浩文,歯　小歯　歯外　矯歯,,平30. 1. 1,kyushu/000491321.zip
診療所,43,7130274,緒方歯科クリニック,熊本市中央区水道町５－２１コスギ水道町ビル１０１号,096-324-3315,緒方　克哉,緒方　克哉,歯　歯外　矯歯,,平30. 3. 1,kyushu/000491321.zip
診療所,43,7130282,熊本パール総合歯科・矯正歯科・こども歯科クリニック中央院,熊本市中央区大江３丁目６－１０,096-277-1824,医療法人社団エステティックライン　理事長　前田　明浩,平原　信也,歯　矯歯　小歯　歯外,,令7. 11. 10,kyushu/000491321.zip
診療所,43,7130290,フォーユー歯科クリニック,熊本市中央区本荘２丁目１－１７,096-288-3761,福崎　佑,福崎　佑,歯　小歯　矯歯　歯外,,平30. 9. 1,kyushu/000491321.zip
診療所,43,7130308,京町歯科クリニック,熊本市中央区京町本丁１０－１３,096-312-6480,中村　修一郎,中村　修一郎,歯　小歯,,平30. 12. 1,kyushu/000491321.zip
診療所,43,7130316,はさま歯科クリニック,熊本市中央区本荘２丁目３－２７ライズ熊大病院前１Ｆ,096-288-1818,狭間　謙一郎,狭間　謙一郎,歯　小歯　矯歯　歯外,,平31. 4. 1,kyushu/000491321.zip
診療所,43,7130324,竹中歯科クリニック,熊本市中央区大江３－２－６８,096-245-7102,竹中　誠一郎,竹中　誠一郎,歯　歯外　小歯,,平31. 4. 1,kyushu/000491321.zip
診療所,43,7130332,上田歯科医院,熊本市中央区練兵町１５,096-352-1652,上田　康弘,上田　康弘,歯　小歯　矯歯　歯外,,平31. 2. 24,kyushu/000491321.zip
診療所,43,7130340,下石歯科医院京町診療所,熊本市中央区京町２丁目７番４３号,096-325-4182,医療法人社団　みかさ会　理事長　下石　衛,池田　竜矢,歯　小歯　歯外　矯歯,,平31. 4. 1,kyushu/000491321.zip
診療所,43,7130357,まや歯科クリニック,熊本市中央区南熊本３丁目１－３　１階,096-211-5123,橋口　真耶,橋口　真耶,歯　小歯　矯歯　歯外,,令元. 5. 1,kyushu/000491321.zip
診療所,43,7130373,熊本パール総合歯科・矯正歯科・こども歯科クリニックＳＡＫＵＲＡ　ＭＡＣＨＩ　Ｋｕｍａｍｏｔｏ,熊本市中央区桜町３番１０号ＳＡＫＵＲＡ　ＭＡＣＨＩ　Ｋｕｍａｍｏｔｏ２１６区画,096-245-6552,医療法人社団エステティックライン　理事長　前田　明浩,前田　耕陽,歯　歯外　小歯　矯歯,,令元. 9. 1,kyushu/000491321.zip
診療所,43,7130381,ステラデンタルクリニック,熊本市中央区神水１－２５－１１北窪ビル１Ｆ,096-386-8008,岡本　昌裕,岡本　昌裕,歯　小歯　歯外　矯歯,,令元. 11. 1,kyushu/000491321.zip
診療所,43,7130399,三笘歯科医院,熊本市中央区京町本丁１０－２４,096-324-7287,三笘　貴司,三笘　貴司,歯,,令2. 1. 1,kyushu/000491321.zip
診療所,43,7130415,こうの矯正歯科クリニック,熊本市中央区上通町２－３０ニューキクチビル２Ｆ　３－４号,096-274-5444,医療法人クレール　理事長　河野　賢二,河野　賢二,矯歯　歯,,令2. 6. 1,kyushu/000491321.zip
診療所,43,7130423,医療法人　健歯会　子飼歯科医院,熊本市中央区西子飼町４番１７号,096-344-9149,医療法人健歯会　理事長　緒方　孝則,緒方　孝則,歯　歯外,,令2. 6. 1,kyushu/000491321.zip
診療所,43,7130431,岡本右近歯科医院,熊本市中央区新屋敷３丁目１６－１８,096-363-8210,岡本　勝,岡本　勝,歯　歯外　矯歯,,令3. 2. 1,kyushu/000491321.zip
診療所,43,7130449,すこやか歯科クリニック,熊本市中央区本山１丁目６番１９号（１階）,096-353-6000,医療法人社団松下会　理事長　松下　和孝,山田　崇弘,歯　小歯　矯歯　歯外,,令3. 3. 1,kyushu/000491321.zip
診療所,43,7130456,並木坂歯科ひだか,熊本市中央区南坪井町６－７グランフェリーチェ並木坂１Ｆ,096-211-1813,日高　功司郎,日高　功司郎,歯　小歯　歯外　矯歯,,令3. 4. 1,kyushu/000491321.zip
診療所,43,7130464,橋元歯科,熊本市中央区帯山三丁目１９番９号,096-340-1511,医療法人昂進会　理事長　橋元　義人,橋元　義人,歯　小歯　矯歯,,令3. 4. 1,kyushu/000491321.zip
診療所,43,7130480,手取本町おがたデンタルオフィス,熊本市中央区手取本町８－３テトリアくまもと３Ｆ,096-352-3366,緒方　裕士,緒方　裕士,歯,,令3. 5. 12,kyushu/000491321.zip
診療所,43,7130498,ノゾミ歯科医院,熊本市中央区本荘４丁目７－２１ＴＨＥ　ＳＥＣＯＮＤ　代継橋　１階　１号室,096-211-4744,医療法人永裕会　理事長　高橋　裕補,藤本　真紀,歯　小歯,,令3. 6. 1,kyushu/000491321.zip
診療所,43,7130522,みやつ歯科口腔クリニック,熊本市中央区国府２丁目６番７５号,096-321-6450,医療法人宮津会　理事長　宮津　竜也,宮津　竜也,歯　歯外　小歯　矯歯,,令4. 1. 1,kyushu/000491321.zip
診療所,43,7130530,並木坂デンタルクリニック,熊本市中央区南坪井町５－１９－２Ｆ,096-323-5555,添島　賢一,添島　賢一,歯　歯外　小歯　矯歯,,令4. 4. 1,kyushu/000491321.zip
診療所,43,7130555,井川歯科医院,熊本市中央区平成３丁目２３－３０サンリブシティくまなんライフ館１Ｆ,096-370-6991,井川　剛健,井川　剛健,歯　小歯　矯歯,,令4. 4. 1,kyushu/000491321.zip
診療所,43,7130563,医療法人ＯＭＩ　臣歯科診療所,熊本市中央区大江４－１９－２０,096-223-5001,医療法人ＯＭＩ　理事長　平島　将臣,平島　将臣,歯　歯外　小歯　矯歯,,令4. 10. 1,kyushu/000491321.zip
診療所,43,7130571,いずみ歯科,熊本市中央区帯山５丁目３４番４８号,096-340-1234,伊豆味　亮太,伊豆味　亮太,歯　小歯　歯外　矯歯,,令5. 5. 1,kyushu/000491321.zip
診療所,43,7130589,西川歯科医院,熊本市中央区出水４丁目２５番２５号,096-371-5672,西川　文,西川　文,歯　小歯　歯外,,令5. 8. 1,kyushu/000491321.zip
診療所,43,7130605,みゆきデンタルクリニック,熊本市中央区手取本町４－１７ＴＥＴＯＲＩＨＯＮＣＨＯ　ＳＡＭＵＲＡＩ　ＢＬＤ．５Ｆ－Ａ,096-312-0118,一原　みゆき,一原　みゆき,歯　矯歯　小歯,,令6. 1. 1,kyushu/000491321.zip
診療所,43,7130621,できた矯正歯科,熊本市中央区白山２丁目３番１２号,096-245-6480,出来田　雅人,出来田　雅人,歯　矯歯,,令6. 4. 1,kyushu/000491321.zip
診療所,43,7130639,ななかわ歯科医院,熊本市中央区国府３丁目２８番２６号,096-361-1911,医療法人桜豊会　理事長　大坂　栄樹,栃原　宏治,歯　小歯　歯外　矯歯,,令6. 4. 1,kyushu/000491321.zip
診療所,43,7130647,山根歯科医院,熊本市中央区細工町３－３２１階,096-351-7739,山根　靖司,山根　靖司,歯　小歯　矯歯　歯科口腔外科,,令7. 4. 1,kyushu/000491321.zip
診療所,43,7130654,佐藤歯科クリニック,熊本市中央区上通町７－１０上通パレス草人木２Ｆ,096-288-4184,医療法人遼麗会　理事長　佐藤　邦彦,佐藤　邦彦,歯　小歯　歯外,,令6. 6. 1,kyushu/000491321.zip
診療所,43,7130662,わたなべ　Ｄｅｎｔａｌ　Ｃｌｉｎｉｃ,熊本市中央区黒髪２丁目１９－７－１Ｆ,096-341-0001,渡邉　裕文,渡邉　裕文,歯　小歯　歯外,,令6. 8. 1,kyushu/000491321.zip
診療所,43,7130670,緒方歯科医院,熊本市中央区保田窪１丁目９番５２号リバーサイド２－１０１号,050-1809-5481,医療法人緒方会　理事長　岩﨑　亮也,三輪　俊太,歯,,令6. 8. 1,kyushu/000491321.zip
診療所,43,7130688,しんまち歯科クリニック,熊本市中央区新町２丁目４番１８長野ビル１階,096-274-2558,廣田　雄軌,廣田　雄軌,歯　歯外　小歯　矯歯,,令7. 1. 1,kyushu/000491321.zip
診療所,43,7130696,エンジェル歯科矯正歯科,熊本市中央区手取本町２番１３号ステップ１ビル２階Ｅ号室,096-324-0070,医療法人社団　小堀会　理事長　津田　勝久,津田　寿子,歯　矯歯　小歯,,令7. 4. 1,kyushu/000491321.zip
診療所,43,7130704,すまいる歯科クリニック,熊本市中央区帯山３丁目７－３３,096-381-3888,医療法人Ｓｍｉｌｅ　Ａｇａｉｎ　理事長　匠原　健,匠原　健,歯　小歯　矯歯　歯外,,令7. 5. 1,kyushu/000491321.zip
診療所,43,7130712,熊本上通矯正歯科クリニック,熊本市中央区上通町７番２号モアーズビル上通２階,096-319-5037,一般社団法人ＤＤデンタルクリニック　代表理事　木塚　慎哉,村上　政敏,歯　矯歯　小歯,,令7. 11. 1,kyushu/000491321.zip
診療所,43,7130720,熊本中央ともこ歯科,熊本市中央区辛島町６４　１・２階,096-243-6480,大場　智子,大場　智子,歯　歯外　小歯　矯歯,,令7. 11. 1,kyushu/000491321.zip
診療所,43,7230017,小島デンタルクリニック,熊本市東区水源１－６－５,096-284-1640,小島　諒,小島　諒,歯　小歯,,平24. 5. 1,kyushu/000491321.zip
診療所,43,7230041,中川歯科,熊本市東区長嶺東７－１１－７,096-388-1234,中川　圭二,中川　圭二,歯　小歯　歯外,,平24. 11. 1,kyushu/000491321.zip
診療所,43,7230082,福井歯科医院,熊本市東区健軍本町２９番８号,096-285-3555,医療法人　心優会　理事長　福井　偉功人,福井　偉功人,歯　小歯,,平25. 9. 1,kyushu/000491321.zip
診療所,43,7230108,ゆうだい歯科医院,熊本市東区花立５丁目９－２５　１Ｆ,096-369-4618,田中　雄大,田中　雄大,歯　小歯　歯外,,平26. 4. 1,kyushu/000491321.zip
診療所,43,7230124,とよだ歯科医院,熊本市東区花立３－８－３,096-368-8078,豊田　正仰,豊田　正仰,歯　歯外　小歯,,平26. 5. 1,kyushu/000491321.zip
診療所,43,7230157,松原歯科医院,熊本市東区長嶺南４－１１－１１４,096-381-8148,荒木　明日香,荒木　明日香,歯　小歯,,平26. 9. 16,kyushu/000491321.zip
診療所,43,7230173,くろいわ歯科医院,熊本市東区佐土原２－７－７０,096-234-6302,黒岩　寛士,黒岩　寛士,歯　小歯,,平27. 4. 1,kyushu/000491321.zip
診療所,43,7230199,新外レッツ歯科,熊本市東区新外２丁目２－１８,096-360-3900,医療法人　レッツ会　理事長　山口　英司,山口　英司,歯　小歯　歯外,,平27. 9. 1,kyushu/000491321.zip
診療所,43,7230207,いつき歯科医院,熊本市東区花立２丁目６－１,096-331-2525,髙岡　秀樹,髙岡　秀樹,歯　小歯　歯外,,平28. 5. 1,kyushu/000491321.zip
診療所,43,7230215,ふじおか歯科,熊本市東区戸島西１丁目５－８,096-214-1185,藤岡　洋記,藤岡　洋記,歯　小歯　歯外　矯歯,,平28. 7. 1,kyushu/000491321.zip
診療所,43,7230231,東町グラン歯科,熊本市東区東町２丁目１－２,096-285-5032,医療法人グラン会　理事長　本田　壮一郎,本田　壮一郎,歯　小歯　歯外,,平28. 10. 1,kyushu/000491321.zip
診療所,43,7230249,Ｕデンタルオフィス,熊本市東区月出一丁目７番２０号,096-385-2607,医療法人朋優会　理事長　有働　拡史,有働　拡史,歯　小歯　歯外　矯歯,,令4. 3. 1,kyushu/000491321.zip
診療所,43,7230256,荒瀬歯科医院,熊本市東区上南部２丁目２番２号ゆめタウンサンピアン３Ｆ,096-349-7342,医療法人ひかり会　理事長　荒瀬　陽一,荒瀬　陽一,歯　歯外　小歯　矯歯,,平29. 4. 1,kyushu/000491321.zip
診療所,43,7230264,ヒコデンタルクリニック,熊本市東区下江津７－７－１,096-370-1181,医療法人社団　セイラ会　理事長　坂元　彦太郎,坂元　彦太郎,歯　矯歯　小歯　歯外,,平29. 10. 1,kyushu/000491321.zip
診療所,43,7230272,あじかわ歯科医院,熊本市東区東野１丁目１－８,096-360-5555,鯵川　正和,鯵川　正和,歯　小歯　矯歯,,平29. 12. 22,kyushu/000491321.zip
診療所,43,7230280,ミレー歯科クリニック,熊本市東区長嶺西１－５－１,096-213-0957,医療法人　貴怜会　理事長　緒方　美怜,緒方　美怜,歯　小歯　矯歯　歯外,,平30. 3. 1,kyushu/000491321.zip
診療所,43,7230298,よつば歯科口腔クリニック,熊本市東区石原一丁目１番１０５号,096-389-4285,医療法人佳佑会　理事長　井口　佳大,井口　佳大,歯　小歯　歯外　矯歯,,平30. 4. 1,kyushu/000491321.zip
診療所,43,7230322,なないろデンタルクリニック,熊本市東区月出２丁目１－３９オークヒル本田１Ｆ,096-381-4618,秋吉　愛花,秋吉　愛花,歯　小歯　歯外　矯歯,,平30. 10. 1,kyushu/000491321.zip
診療所,43,7230330,三隅歯科クリニック,熊本市東区長嶺南４丁目１１－１４３,096-374-6480,医療法人　健優会　理事長　三隅　賢祐,三隅　賢祐,歯　小歯　矯歯　歯外,,平31. 1. 1,kyushu/000491321.zip
診療所,43,7230348,ひじい歯科医院,熊本市東区戸島西１丁目２７－２１,096-369-2244,医療法人　ひじい歯科医院　理事長　肘井　啓一郎,肘井　啓一郎,歯　矯歯　小歯,,平31. 1. 1,kyushu/000491321.zip
診療所,43,7230371,ルプレ歯科クリニック,熊本市東区東京塚町１７－７７,096-237-8022,医療法人グラン会　理事長　本田　壮一郎,大迫　拓也,歯　歯外　小歯　矯歯,,令2. 4. 1,kyushu/000491321.zip
診療所,43,7230389,さくら歯科,熊本市東区桜木４丁目１０－２０,096-360-7111,松原　千恵,松原　千恵,歯　小歯,,令2. 7. 1,kyushu/000491321.zip
診療所,43,7230397,影下デンタルクリニック,熊本市東区保田窪４－１３－９,096-383-6480,影下　裕晃,影下　裕晃,歯　小歯　歯外　矯歯,,令3. 4. 1,kyushu/000491321.zip
診療所,43,7230405,くらた歯科クリニック,熊本市東区小山７丁目４番４６号,096-285-6480,医療法人社団Ｋｕ　Ｓｍｉｌｅ　理事長　藏田　和史,藏田　和史,歯　小歯　矯歯　歯外,,令3. 5. 1,kyushu/000491321.zip
診療所,43,7230413,長嶺南ファミリー歯科,熊本市東区長嶺南８－１－３,096-234-7648,医療法人長嶺南ファミリー歯科　理事長　井形　龍,井形　龍,歯　矯歯　小歯　歯外,,令3. 6. 1,kyushu/000491321.zip
診療所,43,7230421,栁本歯科医院,熊本市東区花立５丁目７－４６,096-368-3110,栁本　泰孝,栁本　泰孝,歯　歯外　矯歯,,令3. 11. 1,kyushu/000491321.zip
診療所,43,7230439,くきた歯科クリニック,熊本市東区湖東２丁目４１－６,096-360-8020,医療法人くきた歯科クリニック　理事長　久木田　大,久木田　大,歯　小歯　矯歯,,令4. 1. 1,kyushu/000491321.zip
診療所,43,7230447,尾ノ上歯科クリニック,熊本市東区尾ノ上２－５－１２,096-385-2425,清川　亮平,清川　亮平,歯　小歯　歯外,,令4. 4. 1,kyushu/000491321.zip
診療所,43,7230454,さくらぎ歯科クリニック,熊本市東区錦ケ丘５番２５号,096-365-1666,医療法人ライティス　理事長　中村　謙,中村　謙,歯　歯外,,令4. 7. 1,kyushu/000491321.zip
診療所,43,7230462,熊本東たけぐち矯正歯科,熊本市東区小峯２丁目７－３０,096-288-6652,竹口　敦士,竹口　敦士,矯歯,,令4. 8. 1,kyushu/000491321.zip
診療所,43,7230496,徳永歯科医院,熊本市東区健軍１－４－１１,096-365-1971,徳永　仁一郎,徳永　仁一郎,歯　矯歯,,令5. 12. 1,kyushu/000491321.zip
診療所,43,7230512,Ｐｏｎｏ　Ｄｅｎｔａｌ　Ｃｌｉｎｉｃ,熊本市東区小峯２丁目６－４８,096-367-5455,安田　伸行,安田　伸行,歯　小歯　歯外　矯歯,,令6. 2. 1,kyushu/000491321.zip
診療所,43,7230520,ケン歯科クリニック,熊本市東区西原２丁目１３－３,096-382-2000,小栁　研二,小栁　研二,歯　矯歯　小歯　歯外,,令6. 5. 1,kyushu/000491321.zip
診療所,43,7230538,しまむら歯科口腔クリニック,熊本市東区画図町大字重富３４８番地３,096-377-1182,島村　怜,島村　怜,歯　歯外　小歯　矯歯,,令6. 4. 1,kyushu/000491321.zip
診療所,43,7230546,すけひろ歯科・ｋｉｄｓデンタルクリニック,熊本市東区長嶺南１丁目６番５号,096-237-6479,医療法人ＭＳＡ　理事長　助廣　都祈,助廣　都祈,歯　小歯　歯外　矯歯,,令7. 2. 1,kyushu/000491321.zip
診療所,43,7230553,うえの歯科医院,熊本市東区健軍本町５２－３,096-365-5786,医療法人ゆうしん会　理事長　上野　啓之,上野　啓之,歯　小歯　歯外　矯歯,,令7. 2. 1,kyushu/000491321.zip
診療所,43,7230561,あらた歯科,熊本市東区小峯２丁目２－１３４,096-360-0777,医療法人新会　理事長　田中　秀幸,田中　秀幸,歯　小歯　歯外,,令7. 10. 1,kyushu/000491321.zip
診療所,43,7230579,増村歯科医院,熊本市東区長嶺南４丁目６－１２,096-387-7722,医療法人　敬天会　理事長　増村　信一,増村　信一,歯　小歯　歯外　矯歯,,令8. 1. 1,kyushu/000491321.zip
診療所,43,7230587,歯科　わたなべ,熊本市東区御領１丁目７－４０,096-283-5250,渡邊　裕平,渡邊　裕平,歯　歯外　矯歯　小歯,,令8. 5. 1,kyushu/000491321.zip
診療所,43,7230595,なかい歯科・口腔外科クリニック,熊本市東区花立２－３－５,096-234-9777,中井　大史,中井　大史,歯　歯外　小歯,,令8. 7. 1,kyushu/000491321.zip
診療所,43,7330015,もりの歯科クリニック,熊本市西区池田二丁目１番８２号,096-352-8241,医療法人　森の暁会　理事長　森野　茂,森野　茂,歯,,平24. 4. 1,kyushu/000491321.zip
診療所,43,7330023,細川歯科,熊本市西区春日１丁目１４－２　，２０２号,096-356-5050,細川　孔,細川　孔,歯　矯歯,,平24. 5. 7,kyushu/000491321.zip
診療所,43,7330049,杉野歯科医院,熊本市西区春日２丁目１３番３号,096-322-8052,杉野　東生,杉野　東生,歯　小歯,,平26. 1. 1,kyushu/000491321.zip
診療所,43,7330072,林田歯科医院,熊本市西区上熊本２丁目１０－２２,096-352-9607,林田　裕一,林田　裕一,歯,,平27. 11. 8,kyushu/000491321.zip
診療所,43,7330080,熊本駅前矯正歯科クリニック,熊本市西区春日５丁目２－１,096-342-4148,医療法人　熊本駅前矯正歯科クリニック　理事長　上村　裕希,上村　裕希,歯　矯歯,,平30. 9. 15,kyushu/000491321.zip
診療所,43,7330098,ワタナベ歯科医院,熊本市西区蓮台寺五丁目３番４５号,096-326-0118,医療法人　朗心会　理事長　渡邉　悟朗,渡邉　悟朗,歯　小歯　歯外,,平29. 1. 1,kyushu/000491321.zip
診療所,43,7330106,はった歯科小児歯科クリニック,熊本市西区上熊本２丁目１８－１,096-342-4699,八田　知之,八田　知之,歯　小歯　歯外,,平29. 3. 1,kyushu/000491321.zip
診療所,43,7330114,まつだ矯正歯科,熊本市西区田崎町３８０イオンタウン田崎２階,096-323-3030,松田　充博,松田　充博,矯歯,,平30. 1. 1,kyushu/000491321.zip
診療所,43,7330130,斉藤歯科医院,熊本市西区田崎２丁目４番１６号,096-352-5300,青山　雅子,青山　雅子,歯　小歯,,平30. 12. 1,kyushu/000491321.zip
診療所,43,7330155,前田歯科医院,熊本市西区春日６丁目５－２３,096-352-3663,鈴木　憲久,鈴木　憲久,歯　歯外,,令元. 9. 10,kyushu/000491321.zip
診療所,43,7330189,もりした歯科,熊本市西区河内町船津１９６１－１１,096-276-1933,森下　達夫,森下　達夫,歯　小歯　歯外,,令3. 1. 1,kyushu/000491321.zip
診療所,43,7330197,熊本パール総合歯科・矯正歯科クリニックＡＭＵＰＬＡＺＡ熊本院,熊本市西区春日３丁目１５番２６号アミュプラザくまもと５階　５３１区画,096-288-5491,医療法人社団エステティックライン　理事長　前田　明浩,岡　美紀,歯　矯歯　小歯　歯外,,令3. 4. 1,kyushu/000491321.zip
診療所,43,7330205,稲葉歯科医院,熊本市西区花園１－２０－５３,096-324-1279,早見　太善,早見　太善,歯　小歯　歯外,,令5. 3. 1,kyushu/000491321.zip
診療所,43,7330213,Ｒ’ｓ　ｄｅｎｔａｌ　ｃｌｉｎｉｃ,熊本市西区春日３丁目２４番１号ＪＲ熊本春日北ビル,096-247-6291,医療法人社団清徳会　理事長　稲森　正人,安田　梨沙,歯　矯歯　小歯　歯外,,令5. 4. 1,kyushu/000491321.zip
診療所,43,7330221,新中須歯科医院,熊本市西区横手３－１－２２,096-355-5822,新中須　剛,新中須　剛,歯　小歯　歯外,,令5. 5. 1,kyushu/000491321.zip
診療所,43,7330239,フラワー歯科こども歯科クリニック,熊本市西区春日７丁目２１－３,096-211-8787,池松　恵実,池松　恵実,歯　小歯　矯歯　歯外,,令5. 7. 1,kyushu/000491321.zip
診療所,43,7330262,上熊本駅わが輩通り歯科クリニック,熊本市西区上熊本三丁目７番１号,096-201-5679,一般社団法人歯科維新会　代表理事　吉村　要,吉村　要,歯　矯歯　小歯　歯外,,令6. 7. 1,kyushu/000491321.zip
診療所,43,7330270,グッドスマイル歯科クリニック,熊本市西区春日二丁目１番２４号２階,096-374-6505,医療法人歯援会　理事長　秋吉　信隆,秋吉　信隆,歯　歯外,,令7. 9. 1,kyushu/000491321.zip
診療所,43,7330288,谷川歯科医院,熊本市西区蓮台寺４－１０－９７,096-325-5651,谷川　淳一,谷川　淳一,歯　矯歯　小歯　歯外,,令8. 3. 1,kyushu/000491321.zip
診療所,43,7430013,けやき通り歯科・矯正歯科,熊本市南区田迎２丁目１８－１２,096-379-6945,医療法人　熊本幸良会　理事長　西村　幸郎,西村　幸郎,歯　矯歯　小歯,,平24. 9. 1,kyushu/000491321.zip
診療所,43,7430021,くつな歯科クリニック,熊本市南区城南町今吉野９８９番地,0964-28-5021,忽那　博雅,忽那　博雅,歯,,平24. 11. 1,kyushu/000491321.zip
診療所,43,7430062,伊藤歯科医院,熊本市南区近見１丁目１３番５号,096-325-6565,医療法人社団心和会　理事長　伊藤　和之,伊藤　和之,歯,,平25. 4. 8,kyushu/000491321.zip
診療所,43,7430112,赤城歯科医院,熊本市南区並建町５３４,096-227-2337,赤城　忠臣,赤城　忠臣,歯　小歯　歯外,,平27. 9. 1,kyushu/000491321.zip
診療所,43,7430138,医療法人伊東会　いとう歯科医院,熊本市南区田井島一丁目２番１号ゆめタウンはません３Ｆ,096-370-5510,医療法人伊東会　理事長　伊東　隆三,伊東　泰藏,歯　矯歯　小歯　歯外,,平29. 4. 30,kyushu/000491321.zip
診療所,43,7430146,せきかつひろ歯科口腔クリニック,熊本市南区江越１丁目１５－１１,096-377-1188,医療法人勝俐会　理事長　関　勝宏,関　勝宏,歯　歯外　小歯　矯歯,,令4. 11. 1,kyushu/000491321.zip
診療所,43,7430179,ややまち歯科クリニック,熊本市南区良町２丁目８－５,096-282-8887,河野　孝則,河野　孝則,歯　小歯　歯外,,平30. 5. 1,kyushu/000491321.zip
診療所,43,7430187,クララ歯科,熊本市南区日吉２丁目１番７号,096-358-9559,医療法人クララ歯科　理事長　西村　清幸,西村　清幸,歯　小歯　歯外　矯歯,,平30. 4. 1,kyushu/000491321.zip
診療所,43,7430203,あらせ歯科・矯正歯科,熊本市南区田井島２－３－３６,096-370-3020,荒瀨　慎太郎,荒瀨　慎太郎,歯　小歯　歯外　矯歯,,平30. 7. 1,kyushu/000491321.zip
診療所,43,7430211,瀬口医院　はな小児歯科,熊本市南区白藤二丁目２番３８号２階,096-327-9741,原田　華,原田　華,小歯,,平30. 10. 1,kyushu/000491321.zip
診療所,43,7430237,加勢川橋歯科医院,熊本市南区川尻６丁目５番７号,096-211-7572,医療法人　みぎわ信愛会　理事長　野田　みぎわ,坂田　純基,歯　歯外　小歯,,平31. 4. 1,kyushu/000491321.zip
診療所,43,7430245,てらしま歯科医院,熊本市南区田迎６丁目２番６号,096-378-9361,医療法人　ふたば会　理事長　寺島　貴史,寺島　貴史,歯　歯外　小歯,,平31. 4. 1,kyushu/000491321.zip
診療所,43,7430252,たかお歯科口腔機能クリニック,熊本市南区城南町さんさん１丁目５－２,0964-25-3100,高尾　真暢,高尾　真暢,歯　歯外　小歯　矯歯,,令元. 6. 1,kyushu/000491321.zip
診療所,43,7430260,名和歯科医院,熊本市南区野口２丁目１０番１７号,096-342-6661,医療法人名成会　理事長　名和　佳宣,名和　佳宣,歯　小歯　歯外　矯歯,,令元. 7. 1,kyushu/000491321.zip
診療所,43,7430278,真意デンタルクリニック,熊本市南区十禅寺２丁目８番４５号,096-277-1854,井上　真意,井上　真意,歯　小歯　歯外　矯歯,,令2. 1. 29,kyushu/000491321.zip
診療所,43,7430294,医療法人アイディアルグロース　やまだ歯科・こども歯科・矯正歯科クリニック　熊本院,熊本市南区野口３丁目１９番８号,096-288-1288,医療法人アイディアルグロース　理事長　山田　清彦,山田　かなえ,歯　小歯　矯歯　歯外,,令2. 5. 1,kyushu/000491321.zip
診療所,43,7430302,クリア総合歯科クリニック,熊本市南区御幸西２丁目３番６５号,096-334-8020,医療法人社団ＣＬＥＡＲ　ＳＭＩＬＥ　理事長　松本　幸大,松本　幸大,歯　歯外　小歯　矯歯,,令2. 12. 30,kyushu/000491321.zip
診療所,43,7430310,出口歯科こども歯科クリニック,熊本市南区田井島２－２－３６,096-379-3633,出口　亮平,出口　亮平,歯　小歯　矯歯,,令3. 7. 1,kyushu/000491321.zip
診療所,43,7430328,みやざき歯科クリニック,熊本市南区白藤３丁目２－１００,096-288-4700,医療法人季々会　理事長　宮崎　康弘,宮崎　康弘,歯　矯歯　小歯,,令4. 2. 1,kyushu/000491321.zip
診療所,43,7430336,北歯科医院,熊本市南区江越２丁目２０－２８,096-326-4182,北　夕貴子,北　夕貴子,歯　小歯,,令4. 3. 3,kyushu/000491321.zip
診療所,43,7430351,ブライトデンタルクリニック,熊本市南区川尻４丁目２－１６,096-357-9037,豊田　真弘,豊田　真弘,歯　小歯　矯歯　歯外,,令4. 5. 1,kyushu/000491321.zip
診療所,43,7430369,しもむら歯科,熊本市南区荒尾１丁目８－６８,096-245-6597,医療法人カエル　理事長　下村　佑,下村　佑,歯　小歯　矯歯　歯外,,令5. 1. 1,kyushu/000491321.zip
診療所,43,7430377,熊本きずな歯科医院,熊本市南区砂原町字堂ノ後４７０番地３,096-276-6545,医療法人社団きずな会　理事長　我那覇　生純,我那覇　生純,歯,,令5. 3. 1,kyushu/000491321.zip
診療所,43,7430385,ふなつデンタルクリニック,熊本市南区荒尾１丁目１５－２２,096-357-3717,舩津　雅彦,舩津　雅彦,歯　小歯　矯歯,,令5. 5. 1,kyushu/000491321.zip
診療所,43,7430393,やまだ歯科,熊本市南区出仲間７－１－３６,096-370-4618,医療法人敬互会　理事長　山田　宗敬,山田　宗敬,歯　小歯　矯歯,,令5. 6. 1,kyushu/000491321.zip
診療所,43,7430401,にじいろ歯科スマイルクリニック,熊本市南区島町四丁目１番６０号,096-228-7112,井手　崇博,井手　崇博,歯　小歯　矯歯　歯外,,令6. 1. 1,kyushu/000491321.zip
診療所,43,7430419,西くまもと歯科医院,熊本市南区近見２丁目１－６,096-288-4520,牧　正啓,牧　正啓,歯　歯外,,令6. 4. 1,kyushu/000491321.zip
診療所,43,7430435,川口歯科診療所,熊本市南区南高江２丁目１３－３５,096-320-0123,川口　翔,川口　翔,歯　歯外　小歯,,令6. 11. 1,kyushu/000491321.zip
診療所,43,7430450,本田歯科医院,熊本市南区城南町隈庄５５３ー１,0964-28-2153,医療法人　栄治会　本田　信子,本田　信子,歯　小歯,,令8. 4. 1,kyushu/000491321.zip
診療所,43,7530010,小佐井歯科医院,熊本市北区植木町植木３７５番地,096-272-0154,境　大助,境　大助,歯　小歯　矯歯　歯外,,平25. 3. 1,kyushu/000491321.zip
診療所,43,7530036,渡辺歯科医院,熊本市北区楠８－９－８,096-338-2345,医療法人社団渡辺会　理事長　渡邉　康,渡邉　康,歯　小歯　矯歯,,平26. 11. 1,kyushu/000491321.zip
診療所,43,7530051,いろは歯科クリニック,熊本市北区大窪２－２－２０,096-245-6580,中川　真樹,中川　真樹,歯　小歯　矯歯,,平27. 4. 1,kyushu/000491321.zip
診療所,43,7530069,くすのき子供歯科,熊本市北区龍田８丁目９－８５,096-386-3111,医療法人　楠会　理事長　逢坂　洋輔,逢坂　洋輔,小歯　歯　矯歯,,平27. 9. 1,kyushu/000491321.zip
診療所,43,7530077,正清歯科医院,熊本市北区高平３丁目１３－２６,096-345-1310,正清　義朗,正清　義朗,歯　小歯　歯外,,平28. 1. 1,kyushu/000491321.zip
診療所,43,7530085,ともみっこ歯科,熊本市北区清水新地３丁目５番５４号,096-273-7961,川野　智美,川野　智美,歯　歯外　小歯　矯歯,,平28. 4. 1,kyushu/000491321.zip
診療所,43,7530101,植木町歯科クリニック,熊本市北区植木町鐙田１４６７－１,096-272-1511,西山　挙規,西山　挙規,歯　歯外　小歯,,平29. 4. 1,kyushu/000491321.zip
診療所,43,7530119,友枝総合歯科矯正歯科,熊本市北区武蔵ケ丘５丁目１番１６号,096-339-4593,医療法人　友枝会　理事長　友枝　圭,友枝　圭,歯　歯外　小歯　矯歯,,平29. 6. 1,kyushu/000491321.zip
診療所,43,7530127,いさみ歯科きららクリニック,熊本市北区植木町岩野２６６－５,096-272-2118,医療法人　勇飛会　理事長　勇　雅大,勇　雅大,歯　小歯　矯歯　歯外,,平30. 1. 1,kyushu/000491321.zip
診療所,43,7530135,えがしら歯科クリニック,熊本市北区武蔵ケ丘４丁目１０番１６号,096-338-9631,江頭　優,江頭　優,歯　小歯,,平31. 1. 1,kyushu/000491321.zip
診療所,43,7530143,たつたぐち歯科クリニック,熊本市北区黒髪７丁目１０１番地３,096-342-5465,田中　仁,田中　仁,歯　小歯　矯歯,,令元. 11. 1,kyushu/000491321.zip
診療所,43,7530150,新地デンタルクリニック,熊本市北区清水新地１－５－３６,096-344-5422,前野　光洋,前野　光洋,歯　小歯　歯外　矯歯,,令2. 1. 1,kyushu/000491321.zip
診療所,43,7530168,牧歯科医院,熊本市北区植木町植木５１３番地,096-272-0003,牧　潤一,牧　潤一,歯　小歯　歯外,,令2. 1. 1,kyushu/000491321.zip
診療所,43,7530176,プラスデンタルクリニック,熊本市北区四方寄町１６５７－６－１Ｆ,096-201-3365,宇野　孝裕,宇野　孝裕,歯　小歯,,令2. 4. 1,kyushu/000491321.zip
診療所,43,7530192,たなか歯科医院,熊本市北区龍田８丁目２０－６１,096-338-0011,田中　文英,田中　文英,歯　小歯　矯歯　歯外,,令2. 11. 1,kyushu/000491321.zip
診療所,43,7530200,しんたに歯科クリニック,熊本市北区飛田４丁目４－１１０,096-288-3143,新谷　泰之,新谷　泰之,歯　小歯,,令2. 12. 1,kyushu/000491321.zip
診療所,43,7530218,いのくち歯科クリニック,熊本市北区楠２丁目１－４８,096-200-7225,井口　秀雄,井口　秀雄,歯　小歯　歯外　矯歯,,令3. 5. 1,kyushu/000491321.zip
診療所,43,7530226,うさぎだに歯科口腔クリニック,熊本市北区兎谷一丁目３－１６－３,096-342-6339,甲斐　悠太,甲斐　悠太,歯　小歯　歯外　矯歯,,令3. 8. 1,kyushu/000491321.zip
診療所,43,7530234,みずの歯科医院,熊本市北区麻生田３丁目１５－１,096-285-1325,水野　利彦,水野　利彦,歯　小歯　歯外　矯歯,,令3. 10. 1,kyushu/000491321.zip
診療所,43,7530242,くるみ訪問歯科クリニック,熊本市北区鶴羽田三丁目１番５０号,096-345-8686,医療法人おがた会　理事長　緒方　健一,村田　英俊,歯,,令4. 2. 1,kyushu/000491321.zip
診療所,43,7530259,河上歯科医院,熊本市北区植木町植木５２６番地,096-272-0143,中山　越賀,中山　越賀,歯　歯外　小歯　矯歯,,令4. 2. 1,kyushu/000491321.zip
診療所,43,7530267,やけいし歯科,熊本市北区龍田１－１５－８,096-338-7018,医療法人翔陽会　理事長　矢毛石　玲,矢毛石　玲,歯　小歯　歯外,,令5. 10. 1,kyushu/000491321.zip
診療所,43,7530283,ひとのわハロー歯科・内科診療所,熊本市北区龍田陳内１丁目１番２号,096-274-4011,医療法人雄昌会　理事長　北川　亮,井尾　治雄,歯　内　緩和ケア内科　外,,令7. 1. 1,kyushu/000491321.zip
診療所,43,7530291,西田歯科医院,熊本市北区清水新地６丁目７番１４号,096-338-8324,西田　健吾,西田　健吾,歯,,令7. 4. 1,kyushu/000491321.zip
診療所,43,7530309,北熊本おはな歯科・矯正歯科クリニック,熊本市北区打越町４０－５１,096-345-1087,鬼塚　研志,鬼塚　研志,歯　矯歯　小歯,,令7. 7. 1,kyushu/000491321.zip
診療所,43,7530317,たじり歯科クリニック,熊本市北区池田３－１－５０,096-288-1720,医療法人社団　侑桜会　理事長　田尻　征久,田尻　征久,歯　小歯　歯外　矯歯,,令8. 5. 1,kyushu/000491321.zip
病院,43,8130083,独立行政法人国立病院機構熊本医療センター,熊本市中央区二の丸１－５,096-353-6501,独立行政法人国立病院機構　理事長　新木　一弘,日高　道弘,歯,,昭50. 7. 1,kyushu/000491321.zip
歯科,43,8130133,熊本大学病院,熊本市中央区本荘１－１－１,096-344-2111,国立大学法人熊本大学　学長　小川　久雄,平井　俊範,一般　歯外,,昭61. 11. 1,kyushu/000491321.zip
病院,43,8130265,独立行政法人国立病院機構菊池病院,合志市福原２０８,096-248-2111,独立行政法人国立病院機構　理事長　新木　一弘,山下　建昭,歯,,昭52. 4. 1,kyushu/000491321.zip
病院,43,8131362,国立療養所菊池恵楓園,合志市栄３７９６,096-248-1131,厚生労働省,境　恵祐,歯,,平5. 10. 1,kyushu/000491321.zip
病院,43,8230149,上天草市立上天草総合病院,上天草市龍ヶ岳町高戸１４１９ー１９,0969-62-1122,上天草市長　堀江　隆臣,三角　郁夫,歯　歯外,,平3. 7. 1,kyushu/000491321.zip
病院,43,8230198,熊本赤十字病院,熊本市東区長嶺南２－１－１,096-384-2111,日本赤十字社　社長　清家　篤,奥本　克己,歯　歯外,,昭50. 5. 1,kyushu/000491321.zip
病院,43,8230230,独立行政法人地域医療機能推進機構　人吉医療センター,人吉市老神町３５,0966-22-2191,独立行政法人地域医療機能推進機構　理事長　山本　修一,薬師寺　俊剛,歯外,,昭33. 10. 1,kyushu/000491321.zip
診療所,43,8230271,八代市立泉歯科診療所,八代市泉町柿迫３１８８－２,0965-67-3511,八代市長　小野　泰輔,松枝　勝興,歯,,平13. 11. 27,kyushu/000491321.zip
病院,43,8230321,球磨郡公立多良木病院,球磨郡多良木町多良木４２１０,0966-42-2560,球磨郡公立多良木病院企業団　企業長　髙森　啓史,髙森　啓史,歯,,昭59. 10. 1,kyushu/000491321.zip
病院,43,8230362,熊本県こども総合療育センター,宇城市松橋町豊福２９００,0964-32-1143,熊本県知事　木村　敬,池邉　顕嗣朗,歯,,平6. 7. 1,kyushu/000491321.zip
診療所,43,8230370,阿蘇医療センター波野診療所,阿蘇市波野大字波野２７０３,0967-24-2203,阿蘇市長　松嶋　和子,森脇　健次,歯,,平7. 6. 1,kyushu/000491321.zip
診療所,43,8230388,五木村診療所,球磨郡五木村甲下手２６７２－１１,0966-37-2008,五木村長　木下　丈二,中原　大智,歯　歯外,,平14. 4. 1,kyushu/000491321.zip
病院,43,8230396,独立行政法人地域医療機能推進機構　天草中央総合病院,天草市東町１０１,0969-22-0011,独立行政法人地域医療機能推進機構　理事長　山本　修一,芳賀　克夫,歯　歯外,,平8. 2. 20,kyushu/000491321.zip
病院,43,8230412,国保水俣市立総合医療センター,水俣市天神町１－２－１,0966-63-2101,水俣市長　髙岡　利治,阿部　道雄,歯外,,平14. 11. 1,kyushu/000491321.zip
診療所,43,8230420,上天草市立湯島へき地診療所,上天草市大矢野町湯島６５５－５,0964-56-4161,上天草市長　堀江　隆臣,松岡　隼平,歯,,平15. 3. 1,kyushu/000491321.zip
薬局,43,0142126,ミカサ薬局,熊本市中央区下通１－６－１３,096-352-7517,（有）三笠薬品商会　代表取締役　難波　佳子,日永田　義治,,,昭50. 6. 16,kyushu/000491321.zip
薬局,43,0142571,保険調剤薬局　同仁堂　上通店,熊本市中央区上通町２－７,096-322-7121,株式会社同仁堂　代表取締役　上野　景昭,中村　慎也,,,昭54. 4. 2,kyushu/000491321.zip
薬局,43,0142696,有限会社ベラドンナ開明堂薬局,熊本市中央区九品寺２－１－２４,096-363-1423,有限会社ベラドンナ　代表取締役　渡　宗太郎,渡邊　宗太郎,,,昭54. 11. 16,kyushu/000491321.zip
薬局,43,0142837,有限会社細工町薬局,熊本市中央区細工町４－１２－１２,096-326-0533,有限会社細工町薬局　取締役　米村　和広,林田　豊子,,,昭55. 10. 1,kyushu/000491321.zip
薬局,43,0142985,有限会社　赤星薬局,熊本市東区花立３丁目１５番２４号,096-369-0422,有限会社赤星薬局　取締役　赤星　誠,牛江　雅美,,,平22. 10. 1,kyushu/000491321.zip
薬局,43,0143074,有限会社船場調剤薬局,熊本市中央区新町２－１０－３９,096-324-7522,（有）船場調剤薬局　代表取締役　梅林　大幹,梅林　真由美,,,昭58. 5. 16,kyushu/000491321.zip
薬局,43,0143116,三恵薬局　浜線店,熊本市南区田迎町田井島２２３－３,096-334-8878,有限会社　峰正商事　代表取締役　坂本　一馬,原田　義文,,,平14. 12. 1,kyushu/000491321.zip
薬局,43,0143165,有限会社好生堂薬局,熊本市中央区新町３－３－２,096-353-0500,有限会社好生堂薬局　代表取締役　梅林　大幹,梅林　大幹,,,昭59. 6. 16,kyushu/000491321.zip
薬局,43,0143439,薬局フェミネックス,熊本市中央区水前寺１丁目１７番２３号,096-237-7274,有限会社　フェミネックス　代表取締役　福山　由里香,藤壺　清美,,,平23. 8. 16,kyushu/000491321.zip
薬局,43,0143496,京塚薬局,熊本市中央区帯山３丁目４０－５５,096-384-0801,有限会社京塚薬局　代表取締役　永田　朋大,永田　朋大,,,平22. 2. 1,kyushu/000491321.zip
薬局,43,0143538,有限会社カイホウ薬局,熊本市東区錦ケ丘３２－２１,096-369-1777,有限会社カイホウ薬局　代表取締役　倉岡　佳園,倉岡　佳園,,,昭63. 10. 1,kyushu/000491321.zip
薬局,43,0143546,株式会社長寿堂薬局,熊本市中央区大江６－２３－２,096-366-1666,株式会社長寿堂薬局　代表取締役　岩見　秋治,鍋島　恵,,,昭63. 10. 1,kyushu/000491321.zip
薬局,43,0143603,有限会社　日吉薬局,熊本市南区日吉２－７－５４,096-357-2234,有限会社日吉薬局　代表取締役　橋本　欣也,河野　光希,,,平2. 4. 2,kyushu/000491321.zip
薬局,43,0143611,タカエ薬局,熊本市東区新外３－９－６５,096-368-3999,有限会社タカエ　代表取締役　戸田　隆之,宮本　なおみ,,,平2. 5. 16,kyushu/000491321.zip
薬局,43,0143785,くまもと中央薬局,熊本市中央区本荘５－１６－１,096-363-7696,一般社団法人熊本市薬剤師会　会長　丸目　新一,有田　光,,,平3. 12. 1,kyushu/000491321.zip
薬局,43,0143801,いちかど薬局新外店,熊本市東区新外２－６－４０,096-367-8540,有限会社いちかど　代表取締役　前田　栄紀,髙木　真由美,,,平4. 3. 16,kyushu/000491321.zip
薬局,43,0143827,秋津薬局,熊本市東区花立２－１６－１４,096-369-4138,有限会社日吉薬局　代表取締役　橋本　欣也,作本　真知子,,,平4. 4. 1,kyushu/000491321.zip
薬局,43,0143868,田崎調剤薬局,熊本市西区田崎１－５－５７,096-353-3042,有限会社中九州みどり　代表取締役　赤星　顕正,赤星　顕正,,,平4. 6. 1,kyushu/000491321.zip
薬局,43,0143926,有限会社県庁通薬局,熊本市中央区水前寺公園２８番３８号,096-385-5510,有限会社県庁通薬局　代表取締役　平野　公明,中居　昭仁,,,平23. 2. 1,kyushu/000491321.zip
薬局,43,0143942,有限会社なかよし薬局,熊本市南区八分字町８９番２,096-227-2233,有限会社なかよし薬局　代表取締役　瀬沼　明子,寺元　優志,,,平4. 9. 16,kyushu/000491321.zip
薬局,43,0144015,こひつじ薬局,熊本市中央区南熊本４丁目３番３９号,096-371-8759,株式会社くすりのハーモニー　代表取締役　豊留　裕司,小池　尋之,,,平22. 3. 15,kyushu/000491321.zip
薬局,43,0144031,緒方健康堂薬局,熊本市西区出町５－４０,096-356-6030,有限会社ケンコウ堂メデカル　代表取締役　丸目　新一,丸目　栄子,,,平22. 7. 5,kyushu/000491321.zip
薬局,43,0144098,有限会社　中村漢方,熊本市中央区帯山１－１９－９,096-384-7262,有限会社中村漢方　代表取締役　中村　邦裕,中村　邦裕,,,平5. 6. 16,kyushu/000491321.zip
薬局,43,0144106,シモカワ萩原調剤薬局,熊本市中央区萩原町３－１５,096-370-2173,株式会社下川薬局　代表取締役　下川　泰,下川　祥子,,,平5. 6. 16,kyushu/000491321.zip
薬局,43,0144130,ごふく薬局,熊本市中央区呉服町１－３０,096-322-8844,有限会社呉服薬局　代表取締役　藤山　真木,藤山　真木,,,平5. 8. 16,kyushu/000491321.zip
薬局,43,0144163,有限会社河原町薬局,熊本市中央区通町９番地３,096-355-0391,有限会社河原町薬局　代表取締役　萩原　美穂,萩原　美穂,,,平20. 4. 28,kyushu/000491321.zip
薬局,43,0144197,参道薬局,熊本市中央区北千反畑町２－１８,096-344-8899,有限会社フォーレスト・フィールド　代表取締役　野村　直史,松波　裕子,,,平5. 11. 1,kyushu/000491321.zip
薬局,43,0144288,有限会社　ファミリー調剤薬局,熊本市中央区国府１－１１－７,096-366-8175,有限会社　ファミリー調剤薬局　代表取締役　植原　俊夫,植原　俊夫,,,平6. 5. 1,kyushu/000491321.zip
薬局,43,0144338,有限会社　松林堂薬局　北部店,熊本市北区西梶尾町４５１－１,096-245-4571,有限会社松林堂　代表取締役　松﨑　圭史,立山　翔平,,,平6. 11. 16,kyushu/000491321.zip
薬局,43,0144403,有限会社　ハッピー薬局,熊本市東区長嶺南２－４－３,096-385-6411,有限会社ハッピー薬局　代表取締役　星野　秀子,林　美新,,,平9. 1. 1,kyushu/000491321.zip
薬局,43,0144452,シンセイ薬局,熊本市西区城山下代３－２－３,096-329-6004,有限会社シンセイ薬局　代表取締役　岩本　勝幸,金水　章悟,,,平6. 10. 1,kyushu/000491321.zip
薬局,43,0144460,大和調剤薬局,熊本市中央区九品寺６－１－２５,096-366-3702,有限会社サザンメディカル　代表取締役　渡邊　哲也,渡邊　幸代,,,平6. 10. 16,kyushu/000491321.zip
薬局,43,0144478,黒髪薬局,熊本市中央区黒髪１－８－４８,096-343-7178,清藤　克代,清藤　克代,,,平6. 11. 1,kyushu/000491321.zip
薬局,43,0144510,シモカワ江津調剤薬局,熊本市東区江津１－１－５,096-363-2524,株式会社下川薬局　代表取締役　下川　泰,村上　愛実,,,平6. 12. 16,kyushu/000491321.zip
薬局,43,0144569,Ｋパーク薬局,熊本市南区田迎２－１８－１８,096-378-2401,有限会社　ペーハー・ネットワーク　代表取締役　富永　孝治,逆瀬川　剛,,,平16. 5. 1,kyushu/000491321.zip
薬局,43,0144577,かねこ調剤薬局,熊本市北区小糸山町７６１－１,096-273-3552,有限会社かねこ調剤薬局　代表取締役　金子　豊蔵,古閑　紳,,,平7. 7. 1,kyushu/000491321.zip
薬局,43,0144643,有限会社　みなみ調剤薬局,熊本市西区田崎３－６０２－９,096-351-5112,有限会社みなみ調剤薬局　取締役　河原　文子,河原　文子,,,平8. 4. 1,kyushu/000491321.zip
薬局,43,0144684,ほたくぼ薬局,熊本市東区保田窪本町１０番１０７号,096-387-5553,有限会社アネスト　代表取締役　仲谷　繁紀,仲谷　繁紀,,,平24. 3. 1,kyushu/000491321.zip
薬局,43,0144700,薬局プラム,熊本市西区池田１－１４－８３,096-325-3392,有限会社しらうめ　取締役　末永　利憲,久保　理恵子,,,平13. 11. 1,kyushu/000491321.zip
薬局,43,0144759,川尻調剤薬局,熊本市南区川尻５－１－５９,096-358-7123,有限会社　日吉薬局　代表取締役　橋本欣也,前田　祐志,,,平9. 2. 1,kyushu/000491321.zip
薬局,43,0144809,はなぞの調剤薬局,熊本市西区花園２－１－６１,096-324-8338,有限会社太田企画　代表取締役　平野　公明,原田　淑子,,,平9. 4. 1,kyushu/000491321.zip
薬局,43,0144825,有限会社　すずらん堂薬局,熊本市西区城山下代３－１－５,096-329-2855,有限会社すずらん堂薬局　取締役　藤山　稔洋,藤山　稔洋,,,平9. 5. 16,kyushu/000491321.zip
薬局,43,0144981,そうごう薬局会富店,熊本市南区会富町１１２７－２,096-228-1081,総合メディカル株式会社　代表取締役　多田　荘一郎,横手　祐哉,,,平9. 11. 1,kyushu/000491321.zip
薬局,43,0145004,坂梨薬局,熊本市西区上熊本３－２－４,096-352-4877,有限会社　坂梨薬局　代表取締役　坂梨　孝男,坂梨　孝男,,,平9. 11. 1,kyushu/000491321.zip
薬局,43,0145046,ライフ薬局清水店,熊本市北区高平３－３６－２４,096-341-5013,株式会社　創健　代表取締役　塩満　由紀夫,隈部　潤一,,,平10. 1. 16,kyushu/000491321.zip
薬局,43,0145061,有限会社菊陽薬局,熊本市東区鹿帰瀬町３０１－１,096-388-1258,有限会社　菊陽薬局　代表取締役　青木　勝哉,青木　勝哉,,,平10. 3. 1,kyushu/000491321.zip
薬局,43,0145079,ケンコウ堂薬局上熊本店,熊本市西区上熊本３ー１６ー１７,096-359-1230,有限会社ケンコウ堂メディカル　代表取締役　丸目　新一,丸目　新一,,,平10. 3. 16,kyushu/000491321.zip
薬局,43,0145095,八景水谷薬局,熊本市北区八景水谷２－６－４１,096-344-7497,有限会社　コム　代表取締役　野口　武史,野口　武史,,,平10. 4. 1,kyushu/000491321.zip
薬局,43,0145145,グリーン薬局神水店,熊本市中央区神水１－３３－１１,096-382-0256,有限会社　メディックス　代表取締役　今井　政文,坂本　和洋,,,平10. 5. 16,kyushu/000491321.zip
薬局,43,0145186,のぞみ薬局,熊本市中央区新町４丁目４－２４,096-319-1661,有限会社　ティーアール　代表取締役　松本　拓也,松本　拓也,,,平10. 9. 1,kyushu/000491321.zip
薬局,43,0145285,（有）三進堂薬局,熊本市北区飛田３丁目９－２１,096-215-0001,有限会社　三進堂薬局　代表取締役　藤井　泰元,佐藤　直哉,,,平10. 12. 16,kyushu/000491321.zip
薬局,43,0145368,国立前薬局,熊本市中央区古城町２－１６,096-211-1112,株式会社ミユキメディカル　代表取締役　松吉　順子,江口　大也,,,平11. 6. 1,kyushu/000491321.zip
薬局,43,0145418,アリス薬局,熊本市東区新外３丁目１番１００号,096-214-1200,有限会社テイクス　代表取締役　竹本晋,渡邉　かおる,,,平21. 11. 24,kyushu/000491321.zip
薬局,43,0145459,そうごう薬局みゆき店,熊本市南区御幸笛田６丁目８－３,096-334-0611,総合メディカル株式会社　代表取締役　多田　荘一郎,森　秀和,,,平12. 2. 1,kyushu/000491321.zip
薬局,43,0145525,松の実薬局,熊本市西区上代４－１２－１１,096-351-0385,有限会社　松の実薬局　代表取締役　松野　孝信,松野　孝信,,,平12. 5. 22,kyushu/000491321.zip
薬局,43,0145541,保険調剤　みらい薬局,熊本市中央区水前寺４ー３０ー２８,096-213-6800,有限会社　ミッテル　取締役　篠原　節,長井　陽典,,,平12. 7. 1,kyushu/000491321.zip
薬局,43,0145558,すこやか堂薬局,熊本市中央区大江１ー２１ー１５,096-362-8688,有限会社西口晴秀堂　代表取締役　西口　賢太朗,有馬　靖子,,,平12. 9. 1,kyushu/000491321.zip
薬局,43,0145624,Ｄ・ＭＬ京塚中央薬局,熊本市中央区帯山３丁目３８番１５号アメニティハイツ京塚１０２,096-213-1012,株式会社　ディ・エムエル　代表取締役　城戸　元吾,渡辺　俊文,,,平23. 6. 20,kyushu/000491321.zip
薬局,43,0145632,シモカワ大江調剤薬局,熊本市中央区大江５－５－１,096-364-6911,株式会社下川薬局　代表取締役　下川　泰,有馬　沙矢加,,,平12. 11. 1,kyushu/000491321.zip
薬局,43,0145640,鶴羽田薬局,熊本市北区鶴羽田３丁目１－５２,096-345-2653,ユタカ商事有限会社　代表取締役　橋本　欣也,桑原　清海,,,平12. 12. 1,kyushu/000491321.zip
薬局,43,0145673,くじら薬局,熊本市南区奥古閑町手永開４３９５ー５,096-228-4100,株式会社ファーマダイワ　代表取締役　岡山善郎,木村　一成,,,平13. 5. 1,kyushu/000491321.zip
薬局,43,0145681,（有）健軍校前薬局,熊本市東区健軍４ー５ー３,096-214-1611,有限会社健軍校前薬局　代表取締役　久保田　康裕,久保田　康裕,,,平13. 5. 16,kyushu/000491321.zip
薬局,43,0145715,ながみねオレンジ薬局,熊本市東区長嶺東８ー１ー４７ー１０６,096-292-7370,有限会社ながみねオレンジ薬局　代表取締役　野津原　美和,髙木　直哉,,,平13. 7. 1,kyushu/000491321.zip
薬局,43,0145780,シモカワ薬局下通店,熊本市中央区安政町１－２７,096-323-0323,株式会社下川薬局　代表取締役　下川　泰,満永　隆洋,,,平15. 7. 1,kyushu/000491321.zip
薬局,43,0145806,ハート調剤薬局,熊本市東区三郎１－１４－２１,096-383-8880,有限会社エム・エム・ドラッグ　代表取締役　前田　栄紀,前田　栄紀,,,平14. 1. 16,kyushu/000491321.zip
薬局,43,0145848,ユニスマイル薬局　大江店,熊本市中央区大江１－３１－１７天翔ビル,096-211-4560,株式会社ユニスマイル　代表取締役　白　成澤,上野　茉莉,,,平23. 6. 1,kyushu/000491321.zip
薬局,43,0145855,ユニスマイル薬局　本荘いちご店,熊本市中央区本荘町６４５,096-375-1222,株式会社ユニスマイル　代表取締役　白　成澤,細谷　博幸,,,平14. 4. 1,kyushu/000491321.zip
薬局,43,0145871,クローバー調剤薬局,熊本市南区白藤１丁目２６－１２,096-358-7799,有限会社　エム・エム・ドラッグ　代表取締役　前田　栄紀,前田　美穂,,,平14. 4. 16,kyushu/000491321.zip
薬局,43,0145970,白藤ごふく薬局,熊本市南区白藤５－８７６－６,096-320-5881,有限会社　呉服薬局　代表取締役　藤山　真木,池上　由佳,,,平14. 10. 1,kyushu/000491321.zip
薬局,43,0145988,曽我薬局,熊本市西区出町１－２,096-353-0863,有限会社　曽我薬局　代表取締役　曽我　敬,奥田　佳奈子,,,平16. 3. 29,kyushu/000491321.zip
薬局,43,0145996,そが薬局　出町店,熊本市西区出町２－１４,096-212-3337,有限会社　曽我薬局　代表取締役　曽我　敬,曽我　敬,,,平14. 10. 1,kyushu/000491321.zip
薬局,43,0146002,そうごう薬局　島崎店,熊本市西区島崎２－７－２４,096-323-1531,総合メディカル株式会社　代表取締役　多田　荘一郎,小林　直樹,,,平14. 12. 1,kyushu/000491321.zip
薬局,43,0146010,りぼん薬局,熊本市南区出仲間１－５－２３,096-370-3909,有限会社　とみなが　代表取締役　富永　孝治,塚原　みゆき,,,平15. 1. 1,kyushu/000491321.zip
薬局,43,0146028,うさぎ薬局,熊本市西区中原町骨居込６８８－１３,096-319-4002,株式会社七草堂　代表取締役　内村　真一朗,田内　秀暁,,,平15. 1. 6,kyushu/000491321.zip
薬局,43,0146036,ことう薬局,熊本市東区湖東１－２－２０,096-214-7500,株式会社　天草調剤薬局　代表取締役　川口敏郎,矢野　晶之,,,平15. 1. 1,kyushu/000491321.zip
薬局,43,0146119,くろかみオレンジ薬局,熊本市中央区黒髪６－１－３２,096-344-2314,有限会社　くろかみオレンジ薬局　取締役　勝目　康裕,東野　美咲,,,平15. 5. 1,kyushu/000491321.zip
薬局,43,0146127,五丁目むさし薬局,熊本市北区武蔵ケ丘５－１３－１０,096-215-2220,有限会社　光の森中央薬品　代表取締役　久米　正剛,久米　正剛,,,平15. 5. 1,kyushu/000491321.zip
薬局,43,0146135,調剤薬局ケンコー堂新大江店,熊本市中央区新大江２－２－３,096-375-8200,有限会社カネマル　代表取締役　金丸　郁夫,金丸　郁夫,,,平15. 5. 1,kyushu/000491321.zip
薬局,43,0146168,こうざん調剤薬局,熊本市中央区本山町７９,096-325-9705,有限会社ミッテル　代表取締役　篠原　節,篠原　節,,,平15. 8. 1,kyushu/000491321.zip
薬局,43,0146184,とみなが薬局,熊本市南区田迎４－９－４７,096-370-8802,有限会社　とみなが　代表取締役　富永孝治,田添　光二,,,平15. 10. 1,kyushu/000491321.zip
薬局,43,0146226,有限会社　城山薬局,熊本市西区上代７－２９－１７,096-319-4649,有限会社　城山薬局　代表取締役　上水　和奈,角田　和音,,,平15. 11. 1,kyushu/000491321.zip
薬局,43,0146234,おざき薬局,熊本市東区健軍３－５０－２２　ブリューゼ曙１Ｆ,096-331-2045,有限会社　おざき薬局　代表取締役　尾崎　剛二,尾崎　剛二,,,平15. 11. 1,kyushu/000491321.zip
薬局,43,0146283,えず調剤薬局,熊本市東区江津２－２７－３２,096-373-1688,有限会社　九品寺調剤薬局　代表取締役　山田　まゆ子,服部　美規,,,平16. 9. 1,kyushu/000491321.zip
薬局,43,0146325,シモカワオークス通り調剤薬局,熊本市中央区城東町４－７グランガーデン熊本ビル１階,096-351-0212,株式会社下川薬局　代表取締役　下川　泰,桑嶋　亮輔,,,平16. 12. 1,kyushu/000491321.zip
薬局,43,0146358,高橋薬局,熊本市中央区白山１－１－２,096-364-3050,合資会社　高橋薬局　無限責任社員　高橋　良治,米田　喜美子,,,平16. 12. 1,kyushu/000491321.zip
薬局,43,0146416,グリーン薬局　長嶺店,熊本市東区戸島西３－２－５０,096-331-1225,有限会社　メディックス　代表取締役　今井　政文,平原　藍子,,,平17. 4. 1,kyushu/000491321.zip
薬局,43,0146457,出町薬局,熊本市西区出町４－２０,096-324-7288,有限会社　薬師　代表取締役　石橋　卓也,石橋　卓也,,,平17. 6. 1,kyushu/000491321.zip
薬局,43,0146481,セガミ薬局　江津店,熊本市南区田井島１－１１－６,096-214-8712,株式会社ココカラファインヘルスケア　代表取締役　岡澤　隆弘,岸本　将裕,,,平17. 11. 1,kyushu/000491321.zip
薬局,43,0146499,イルカ調剤薬局,熊本市北区武蔵ヶ丘２－１－３２,096-215-8141,中野　賢誠,中野　賢誠,,,平17. 12. 1,kyushu/000491321.zip
薬局,43,0146515,三恵薬局　新地店,熊本市北区清水新地７丁目９－２３,096-288-2378,有限会社峰正商事　代表取締役　坂本　一馬,藤井　洋一郎,,,平21. 8. 1,kyushu/000491321.zip
薬局,43,0146523,三気堂薬局　清水店,熊本市北区清水亀井町２６－３３,096-344-3088,有限会社　ＭＥＴ　代表取締役　池田　一之,大形　陵子,,,平18. 3. 1,kyushu/000491321.zip
薬局,43,0146531,薬局セントラルファーマシー長嶺,熊本市東区長嶺南２－８－８３,096-381-2240,株式会社　ハートフェルト　代表取締役　稲葉　一郎,林田　大輝,,,平18. 4. 1,kyushu/000491321.zip
薬局,43,0146564,つつじ薬局,熊本市北区龍田７－３６－１８,096-215-8089,有限会社得能薬局　代表取締役　得能　美由,得能　美由,,,平18. 6. 1,kyushu/000491321.zip
薬局,43,0146572,託麻中央薬局,熊本市東区西原１丁目２－６７,096-386-5550,有限会社　内牧中央薬局　代表取締役　稲葉一郎,川上　あかね,,,平18. 7. 1,kyushu/000491321.zip
薬局,43,0146598,けやき通り薬局,熊本市南区江越２－２４－３７,096-370-4193,有限会社マツヤファーマシー　代表取締役　西上昌宏,水川　歩,,,平18. 9. 1,kyushu/000491321.zip
薬局,43,0146614,せぴあ調剤薬局,熊本市東区新生２－３－８,096-360-1439,株式会社　アステイクメディカル　代表取締役　竹本晋,竹本　晋,,,平18. 9. 1,kyushu/000491321.zip
薬局,43,0146655,なないろ薬局田迎店,熊本市南区田迎１丁目６－３,096-334-3305,ＯＣＭ株式会社　代表取締役　福留　伸幸,松田　陽子,,,平18. 12. 1,kyushu/000491321.zip
薬局,43,0146671,太陽堂薬局日赤前店,熊本市東区月出７－１－６－１０２,096-384-1001,株式会社太陽堂薬局　代表取締役　古閑　進,齊藤　絢香,,,平19. 2. 1,kyushu/000491321.zip
薬局,43,0146721,みかん薬局,熊本市中央区新屋敷１－２１－６,096-363-1216,株式会社くすりのハーモニー　代表取締役　豊留　裕司,日隈　万理,,,平19. 6. 1,kyushu/000491321.zip
薬局,43,0146762,桜木薬局,熊本市東区桜木４－１７－１６,096-335-8508,有限会社　ノムラ　代表取締役　野村直史,藤山　千昌,,,平19. 8. 1,kyushu/000491321.zip
薬局,43,0146804,そうごう薬局　上南部店,熊本市東区上南部２－４－１,096-349-7501,総合メディカル株式会社　代表取締役　多田　荘一郎,山口　真史,,,平19. 10. 1,kyushu/000491321.zip
薬局,43,0146820,あさがお薬局　画図店,熊本市東区画図町所島無田口１１２－２,096-334-7773,ザイタック九州株式会社　代表取締役　遠藤　利恵,遠藤　利恵,,,平19. 10. 1,kyushu/000491321.zip
薬局,43,0146838,そうごう薬局　北帯山店,熊本市中央区帯山４－１８－２０,096-213-2281,総合メディカル株式会社　代表取締役　多田　荘一郎,草野　郁恵,,,平19. 11. 1,kyushu/000491321.zip
薬局,43,0146846,有限会社　ナナ薬局　田崎店,熊本市西区田崎２－１－６７,096-312-1177,有限会社　ナナ薬局　代表取締役　宇良田　かつ子,宇良田　滋,,,平19. 11. 1,kyushu/000491321.zip
薬局,43,0146853,グリーン薬局　下南部店,熊本市東区下南部３－３－１３,096-385-3788,有限会社　メディックス　代表取締役　今井政文,芹川　優,,,平19. 11. 1,kyushu/000491321.zip
薬局,43,0146861,新南部ごふく薬局,熊本市東区新南部２－７－６０,096-382-3200,有限会社エングロー　代表取締役　神山悟朗,松坂　大輔,,,平19. 11. 1,kyushu/000491321.zip
薬局,43,0146879,はるかぜ薬局,熊本市東区榎町２－１３,096-223-9788,株式会社春風ファーマシー　代表取締役　菊地　裕子,内田　憲之,,,平20. 3. 1,kyushu/000491321.zip
薬局,43,0146887,堀川薬局,熊本市北区八景水谷１－２４－１０,096-344-8702,吉弘　宏治,吉弘　宏治,,,平20. 3. 1,kyushu/000491321.zip
薬局,43,0146911,平成さくら薬局,熊本市中央区萩原町１７－２５,096-201-2118,株式会社祐心　代表取締役　坂本　祐治,坂本　祐治,,,平20. 5. 1,kyushu/000491321.zip
薬局,43,0146937,さくらんぼ薬局,熊本市中央区妙体寺町２－５－１０１,096-341-0230,有限会社ミッテル　代表取締役　篠原節,河原　雄二,,,平20. 7. 1,kyushu/000491321.zip
薬局,43,0146960,ドラッグイレブン薬局　薬園店,熊本市中央区薬園町４番５号,096-345-5110,株式会社ドラッグイレブン　代表取締役　半澤　剛,氏原　浩一朗,,,平20. 9. 16,kyushu/000491321.zip
薬局,43,0146986,富合中央薬局,熊本市南区富合町平原４０２,096-358-8110,有限会社　ジュネスイトウ　代表取締役　前田　裕助,田中　大貴,,,平15. 4. 1,kyushu/000491321.zip
薬局,43,0147018,小幡調剤薬局,熊本市中央区子飼本町１－２１,096-344-9571,株式会社ファーマダイワ　代表取締役　岡山　善郎,中　雄太,,,平20. 11. 1,kyushu/000491321.zip
薬局,43,0147026,南熊本調剤薬局,熊本市中央区南熊本４－３－２０,096-372-2221,株式会社ファーマダイワ　代表取締役　岡山　善郎,中山　信之介,,,平20. 11. 1,kyushu/000491321.zip
薬局,43,0147034,しらゆり薬局,熊本市西区春日１－１１－１８,096-354-0890,株式会社ファーマダイワ　代表取締役　岡山　善郎,長峰　智子,,,平20. 11. 1,kyushu/000491321.zip
薬局,43,0147042,すずらん薬局,熊本市中央区坪井１－９－２８,096-345-4775,株式会社ファーマダイワ　代表取締役　岡山　善郎,本村　奈津子,,,平20. 11. 1,kyushu/000491321.zip
薬局,43,0147059,アイリス薬局,熊本市西区池田１－３２－２,096-211-0020,株式会社ファーマダイワ　代表取締役　岡山　善郎,吉住　聖名子,,,平20. 11. 1,kyushu/000491321.zip
薬局,43,0147125,ハーブ調剤薬局,熊本市西区池田２丁目５番２４号,096-288-1155,株式会社ａｔ　ｅａｓｅ　代表取締役　田中　房子,上野　尚子,,,平21. 4. 1,kyushu/000491321.zip
薬局,43,0147133,なないろ薬局　島崎店,熊本市中央区島崎１丁目３２－８,096-342-7716,ＯＣＭ株式会社　代表取締役　福留　伸幸,窪　隆介,,,平21. 4. 1,kyushu/000491321.zip
薬局,43,0147190,メリー薬局,熊本市中央区八王寺町１１－５２,096-285-3298,株式会社オルセー　代表取締役　富永孝治,三渕　博史,,,平21. 11. 1,kyushu/000491321.zip
薬局,43,0147208,健軍本町薬局,熊本市東区健軍本町１１番８号　第３和光ビル１Ｆ,096-202-2000,株式会社ファーマン　代表取締役　伊東雄一,伊東　雄一,,,平21. 11. 1,kyushu/000491321.zip
薬局,43,0147224,とみお薬局,熊本市西区池田３丁目３７－１４,096-288-2307,株式会社ファーマダイワ　代表取締役　岡山善郎,二瓶　雅也,,,平21. 11. 1,kyushu/000491321.zip
薬局,43,0147232,朝日ごふく薬局,熊本市中央区呉服町１丁目４６番地,096-322-2388,有限会社呉服薬局　代表取締役　藤山　真木,清田　佑佳,,,平22. 1. 1,kyushu/000491321.zip
薬局,43,0147265,有限会社城南ドラッグストア　城南調剤薬局,熊本市南区城南町隈庄５７５,0964-28-5435,（有）城南ドラッグストア　代表取締役　平山　久,藤本　康博,,,昭59. 10. 16,kyushu/000491321.zip
薬局,43,0147273,ノムラ薬局,熊本市南区城南町阿高３２６－１,0964-28-7160,有限会社ノムラ　代表取締役　野村　直史,松甫　真紀子,,,平5. 7. 1,kyushu/000491321.zip
薬局,43,0147372,すみれ調剤薬局,熊本市北区植木町一木１７３－３,096-275-1147,（有）ファーウエル　代表取締役　河本　達や,白水　貴子,,,平9. 5. 1,kyushu/000491321.zip
薬局,43,0147398,みのり調剤薬局,熊本市北区植木町豊田６０２－４,096-272-5011,有限会社　東雲薬局　代表取締役　神田　そ乃,中村　優希,,,平14. 9. 1,kyushu/000491321.zip
薬局,43,0147430,うえき町薬局,熊本市北区植木町岩野９３９－４,096-215-3236,鹿本菊池地区薬局事業協同組合　理事長　江上　祥一,原　陽子,,,平14. 12. 1,kyushu/000491321.zip
薬局,43,0147448,植木病院前薬局,熊本市北区植木町広住５０３－３,096-275-1811,有限会社　日吉薬局　代表取締役　橋本欣也,本田　和美,,,平15. 10. 1,kyushu/000491321.zip
薬局,43,0147471,植木あおぞら薬局,熊本市北区植木町植木５０６番地,096-284-5888,翔佑会株式会社　代表取締役　高橋　操子,高橋　治行,,,平20. 4. 1,kyushu/000491321.zip
薬局,43,0147489,そうごう薬局　田原坂店,熊本市北区植木町平原２１０－１,096-273-5781,総合メディカル株式会社　代表取締役　多田　荘一郎,山下　貴大,,,平21. 12. 1,kyushu/000491321.zip
薬局,43,0147596,うさぎ薬局　帯山店,熊本市中央区帯山４丁目３５１－３５,096-285-6267,株式会社七草堂　代表取締役　内村　真一朗,小林　達也,,,平22. 9. 1,kyushu/000491321.zip
薬局,43,0147604,あいあい薬局,熊本市中央区帯山１丁目２４－２５,096-285-6111,株式会社ＫＲＨコーポレーション　代表取締役　藤川克久,藤川　弘恵,,,平22. 9. 1,kyushu/000491321.zip
薬局,43,0147612,なないろ薬局長嶺店,熊本市東区長嶺南３丁目８－１００,096-387-7716,ＯＣＭ株式会社　代表取締役　福留　伸幸,緒方　渉,,,平22. 9. 1,kyushu/000491321.zip
薬局,43,0147620,花園ファルマシア,熊本市西区花園５丁目８－１２,096-288-5907,株式会社グリーンノット　代表取締役　出田くみ子,木村　吉裕,,,平22. 10. 1,kyushu/000491321.zip
薬局,43,0147638,えづハート薬局,熊本市東区江津４丁目５番１１号,096-285-6421,有限会社植木中央調剤薬局　代表取締役　菅鉢　順子,加島　晋平,,,平22. 10. 1,kyushu/000491321.zip
薬局,43,0147653,桜山薬局,熊本市中央区黒髪１丁目３－１３,096-288-5598,キヤマアポテイク株式会社　代表取締役　木山　為彦,前田　翔馬,,,平22. 12. 1,kyushu/000491321.zip
薬局,43,0147661,ハート薬局南熊本店,熊本市中央区南熊本４丁目３－１３,096-371-0222,有限会社　ハート薬局　代表取締役　木山　雄一,荒木　祥子,,,平23. 9. 9,kyushu/000491321.zip
薬局,43,0147679,そうごう薬局　富合店,熊本市南区富合町新４２４番地４,096-358-8001,総合メディカル株式会社　代表取締役　多田　荘一郎,坂口　美和,,,平23. 1. 1,kyushu/000491321.zip
薬局,43,0147687,そうごう薬局　熊本中央店,熊本市中央区本荘６丁目１－２５,096-371-7101,総合メディカル株式会社　代表取締役　多田　荘一郎,上野　愛,,,平23. 2. 1,kyushu/000491321.zip
薬局,43,0147695,上熊本中央薬局,熊本市中央区段山本町６番５号,096-288-0185,株式会社　ミユキメディカル　代表取締役　松吉　順子,渡邊　真穂,,,平23. 3. 1,kyushu/000491321.zip
薬局,43,0147703,さつき薬局レークタウン店,熊本市東区秋津町秋田３４４１－３１,096-365-3601,株式会社さつき薬局　代表取締役　中川　秀次,長谷川　耕次,,,平23. 4. 1,kyushu/000491321.zip
薬局,43,0147729,いずみ調剤薬局　近見店,熊本市南区近見２丁目１８－１,096-223-5577,株式会社イズミファーマシー　代表取締役　金澤真也,金澤　真也,,,平23. 5. 1,kyushu/000491321.zip
薬局,43,0147737,ゆうかり調剤薬局,熊本市中央区新町２丁目４番７４,096-288-1371,有限会社　筑水調剤薬局　代表取締役　髙井　達朗,立山　美奈,,,平23. 5. 1,kyushu/000491321.zip
薬局,43,0147752,太陽堂薬局　小楠公園前店,熊本市東区沼山津４丁目１番２１号,096-369-5578,株式会社　太陽堂薬局　代表取締役　古閑　進,森　真理子,,,平23. 7. 1,kyushu/000491321.zip
薬局,43,0147778,寮前薬局,熊本市東区栄町１－１５,096-368-2400,西名　由賀里,西名　由賀里,,,平23. 7. 1,kyushu/000491321.zip
薬局,43,0147802,ながみね薬局,熊本市東区長嶺南７丁目９－１３,096-237-7331,株式会社　フィッシュファーマシー　代表取締役　益山　広美,中川　健太郎,,,平23. 9. 1,kyushu/000491321.zip
薬局,43,0147828,ペンギン薬局,熊本市東区上南部２丁目１番７８号,096-237-7930,株式会社ティーエスエス　代表取締役　佐藤　武史,堀内　威志,,,平23. 11. 1,kyushu/000491321.zip
薬局,43,0147844,グリーン薬局　月出店,熊本市東区月出１丁目８番３４号,096-382-3667,有限会社メディックス　代表取締役　今井　政文,古川　貴美子,,,平23. 11. 1,kyushu/000491321.zip
薬局,43,0147869,中央病院前調剤薬局,熊本市南区田井島１丁目１１番１３号,096-237-7524,株式会社下川薬局　代表取締役　下川　泰,大窪　祥雄,,,平24. 1. 1,kyushu/000491321.zip
薬局,43,0340209,駒井田調剤薬局,人吉市駒井田町１０７９－３,0966-22-2147,有限会社まえだ　代表取締役　前田　隆,前田　亜紀子,,,昭60. 9. 17,kyushu/000491321.zip
薬局,43,0340324,有限会社ミユキ薬局　インター店,人吉市鬼木町７４５－４,0966-22-7472,有限会社ミユキ薬局　代表取締役　中川　耕作,中川　耕作,,,平4. 9. 1,kyushu/000491321.zip
薬局,43,0340449,ひまわり薬局,人吉市宝来町１２８４－３,0966-22-1023,株式会社アテナ　代表取締役　齊藤　裕毅,山下　まき子,,,平9. 4. 1,kyushu/000491321.zip
薬局,43,0340456,有限会社みずき薬局,人吉市鶴田町１１－２,0966-24-6971,有限会社みずき薬局　代表取締役　西村裕二,西村　裕二,,,平9. 4. 1,kyushu/000491321.zip
薬局,43,0340472,にのまち薬局,人吉市二日町５０,0966-23-6933,有限会社海星薬局　代表取締役　片山　顕輔,大野　敏恵,,,平9. 11. 10,kyushu/000491321.zip
薬局,43,0340480,まえだ薬局,人吉市鍛冶屋町６３－６６,0966-23-2987,有限会社まえだ　代表取締役　前田　隆,前田　隆,,,平9. 12. 1,kyushu/000491321.zip
薬局,43,0340498,五日町薬局,人吉市五日町４５,0966-23-6228,有限会社　ケー・エムメディカルサービス　代表取締役　片山久美子,片山　久美子,,,平10. 4. 1,kyushu/000491321.zip
薬局,43,0340514,たんぽぽ薬局,人吉市相良町７－２７,0966-23-6170,株式会社アテナ　代表取締役　齊藤　裕毅,齊藤　夏海,,,平11. 10. 1,kyushu/000491321.zip
薬局,43,0340548,（有）くすりのエスエス堂薬局　城本店,人吉市下城本町１４３５－２,0966-22-0337,有限会社くすりのエスエス堂　代表取締役　松村　寛信,小野　一樹,,,令3. 4. 27,kyushu/000491321.zip
薬局,43,0340605,あけぼの薬局,人吉市下新町３６２ー４,0966-22-1180,有限会社　アン　代表取締役　小林　智,正垣　幸夫,,,平13. 8. 1,kyushu/000491321.zip
薬局,43,0340613,清風はなみずき薬局,人吉市九日町９２,0966-28-3739,株式会社　ユネット　代表取締役　吉川　正男,相良　圭亮,,,令4. 4. 1,kyushu/000491321.zip
薬局,43,0340639,ぎんなん薬局,人吉市宝来町１０－６,0966-28-3335,有限会社　プラスエンゼル　代表取締役　溝口博美,田中　千栄美,,,平15. 10. 1,kyushu/000491321.zip
薬局,43,0340654,有限会社　くすりのエスエス堂薬局瓦屋店,人吉市瓦屋町１８６６－２８,0966-22-6550,有限会社くすりのエスエス堂　代表取締役　松村　寛信,中原　正裕,,,平16. 9. 1,kyushu/000491321.zip
薬局,43,0340696,宝来調剤薬局,人吉市宝来町８０－３,0966-22-6884,株式会社アテナ　代表取締役　齊藤　裕毅,中村　正浩,,,平18. 11. 1,kyushu/000491321.zip
薬局,43,0340704,翠薬局,人吉市蓑野町字立野６３０－１１,0966-28-3961,株式会社アテナ　代表取締役　齊藤　裕毅,白水　誉憲,,,平18. 11. 1,kyushu/000491321.zip
薬局,43,0340712,あおい調剤薬局,人吉市上青井町１８０番地２３,0966-32-7677,有限会社ＪＡＭ　代表取締役　高階昌弘,高階　昌弘,,,平20. 7. 1,kyushu/000491321.zip
薬局,43,0340753,ココ薬局,人吉市南泉田町７５ー５,0966-22-7995,有限会社ココ薬局　代表取締役　中川暢子,山口　総司,,,平20. 8. 1,kyushu/000491321.zip
薬局,43,0340795,人吉けんこう堂薬局,人吉市瓦屋町１１２１番地４,0966-22-1020,有限会社メディカル茜　代表取締役　西田　秀俊,西田　郁子,,,平24. 4. 1,kyushu/000491321.zip
薬局,43,0340829,クスノキ薬局　御薬園店,人吉市七地町２０－５,0966-32-9183,株式会社　ＣＩＳファーマシィ　代表取締役　吉本　二三浩,村田　圭介,,,平26. 9. 1,kyushu/000491321.zip
薬局,43,0340837,うさぎ薬局　人吉店,人吉市鍛冶屋町６５番地,0966-32-9621,株式会社七草堂　代表取締役　内村　真一朗,工藤　孝明,,,平26. 9. 1,kyushu/000491321.zip
薬局,43,0340852,きりん薬局　西間店,人吉市西間上町今宮２５８２,0966-24-6336,有限会社　ケイピーエス・ネットワーク　代表取締役　小林　智,西山　ひかる,,,平29. 12. 1,kyushu/000491321.zip
薬局,43,0340894,ひご薬局　下林店,人吉市下林町２３１番地２,0966-24-1400,総合メディカル株式会社　代表取締役　多田　荘一郎,高村　勇輝,,,令2. 4. 1,kyushu/000491321.zip
薬局,43,0340969,あいあい薬局　人吉店,人吉市蟹作町１１０８－４,0966-35-6315,株式会社ＴｉｅＭＵ　代表取締役　鈴木　基弘,鈴木　崇司,,,令6. 5. 1,kyushu/000491321.zip
薬局,43,0340977,クスノキ薬局あいだ店,人吉市東間上町２８７８番３,0966-32-8775,株式会社ＣＩＳファーマシィ　代表取締役　吉本　二三浩,園田　涼也,,,令7. 5. 1,kyushu/000491321.zip
薬局,43,0340985,高階誠心堂薬局西間店,人吉市西間上町２３８７－８,0966-22-7880,株式会社ファルマウニオン　代表取締役　山本　雄一郎,遠藤　卓弥,,,令7. 1. 1,kyushu/000491321.zip
薬局,43,0340993,高階誠心堂薬局,人吉市上青井町１８０－３,0966-22-4633,株式会社ファルマウニオン　代表取締役　山本　雄一郎,高階　豊晴,,,令7. 1. 1,kyushu/000491321.zip
薬局,43,0341009,高階誠心堂薬局いずみだ店,人吉市南泉田町７０－９,0966-24-8370,株式会社ファルマウニオン　代表取締役　山本　雄一郎,山本　哲士,,,令7. 1. 1,kyushu/000491321.zip
薬局,43,0341017,高階誠心堂薬局かわらや店,人吉市瓦屋町１４６３,0966-24-5171,株式会社ファルマウニオン　代表取締役　山本　雄一郎,岡崎　圭祐,,,令7. 1. 1,kyushu/000491321.zip
薬局,43,0341025,さくら調剤薬局　九日町店,人吉市九日町１０２番１,0966-22-2162,クラフト株式会社　代表取締役　新井　勝,田中　義成,,,令8. 5. 1,kyushu/000491321.zip
薬局,43,0341033,さくら調剤薬局　瓦屋店,人吉市瓦屋町１７２０－６,0966-22-1677,クラフト株式会社　代表取締役　新井　勝,堀田　憲一,,,令8. 5. 1,kyushu/000491321.zip
薬局,43,0341041,さくら調剤薬局　人吉店,人吉市土手町３７番地,0966-24-7851,クラフト株式会社　代表取締役　新井　勝,齋藤　健,,,令8. 5. 1,kyushu/000491321.zip
薬局,43,0341058,さくら調剤薬局　医療センター前店,人吉市老神町２７番地１,0966-32-9657,クラフト株式会社　代表取締役　新井　勝,西村　律雄,,,令8. 5. 1,kyushu/000491321.zip
薬局,43,0341066,さくら調剤薬局　西間店,人吉市西間上町字今宮２５７４－２,0966-22-8850,クラフト株式会社　代表取締役　新井　勝,木戸　麻菜美,,,令8. 5. 1,kyushu/000491321.zip
薬局,43,0440256,あけぼの薬局,荒尾市荒尾２６６６－１,0968-63-2123,（有）あけぼの薬局　代表取締役　瀨戸　可奈子,甲山　勝規,,,平6. 5. 16,kyushu/000491321.zip
薬局,43,0440272,有限会社爽快堂調剤薬局,荒尾市荒尾字合路２０１８－５,0968-64-3344,有限会社爽快堂薬局　代表取締役　福田良一,北原　弘二,,,平7. 6. 16,kyushu/000491321.zip
薬局,43,0440298,そうごう薬局四ツ山店,荒尾市四ツ山町３ー２ー２９,0968-69-1131,総合メディカル株式会社　代表取締役　多田　荘一郎,小山　武裕,,,平9. 5. 1,kyushu/000491321.zip
薬局,43,0440322,たんぽぽ薬局,荒尾市宮内５７０－３,0968-69-1425,有限会社せいうんメディックス　取締役　中西　浩一朗,吉村　清美,,,平11. 2. 1,kyushu/000491321.zip
薬局,43,0440348,なのはな薬局,荒尾市一部９０５－８,0968-69-0012,有限会社せいうんメディックス　取締役　中西　浩一朗,中西　浩一朗,,,平11. 8. 1,kyushu/000491321.zip
薬局,43,0440363,山の手調剤薬局,荒尾市川登１８６８ー１０,0968-66-3664,有限会社　田中　代表取締役　田中　篤史,田中　佐知子,,,平12. 8. 1,kyushu/000491321.zip
薬局,43,0440371,夢が丘薬局,荒尾市本井手字五路ケ辻１５５８ー９６,0968-65-8900,有限会社　田中　代表取締役　田中　篤史,田中　篤史,,,平13. 3. 1,kyushu/000491321.zip
薬局,43,0440389,そうごう薬局荒尾店,荒尾市荒尾８１３ー３,0968-63-7751,総合メディカル株式会社　代表取締役　多田　荘一郎,林　咲良,,,平13. 9. 1,kyushu/000491321.zip
薬局,43,0440413,（有）アイ調剤薬局大谷店,荒尾市荒尾４５４４－５２,0968-69-1750,有限会社アイ調剤薬局　代表取締役　石井　聡子,弘中　真澄,,,平14. 3. 16,kyushu/000491321.zip
薬局,43,0440421,有限会社　調剤薬局ケンコー堂　シティモール前店,荒尾市荒尾字上川後田４１６０－２６７,0968-66-0090,有限会社　調剤薬局ケンコー堂　代表取締役　大園　憲一,水谷　知朗,,,平14. 8. 1,kyushu/000491321.zip
薬局,43,0440439,瀬戸薬局　山浦店,荒尾市増永字山浦２５５７－１,0968-69-0700,有限会社　瀬戸薬局　代表取締役　瀬戸和俊,谷本　智美,,,令7. 6. 1,kyushu/000491321.zip
薬局,43,0440462,有限会社　あさひ調剤薬局,荒尾市大島１００－２,0968-63-3546,有限会社　あさひ調剤薬局　取締役　大村　純子,大村　望,,,平18. 1. 1,kyushu/000491321.zip
薬局,43,0440488,西原町すこやか調剤薬局,荒尾市西原町１丁目５－１,0968-85-8000,有限会社おくすりの本舗　代表取締役　山田　耕太郎,黒木　進,,,平24. 9. 24,kyushu/000491321.zip
薬局,43,0440496,あらお桜山調剤薬局,荒尾市蔵満１８９０－５,0968-68-7462,有限会社おくすりの本舗　代表取締役　山田　耕太郎,三小田　哲也,,,平22. 3. 1,kyushu/000491321.zip
薬局,43,0440504,溝上薬局ひがしやかた店,荒尾市東屋形四丁目２番３２,0968-57-9234,株式会社　ミズ　代表取締役　溝上　泰興,龍　美穂,,,平22. 11. 1,kyushu/000491321.zip
薬局,43,0440512,ハッピー薬局荒尾店,荒尾市荒尾４１６０番地２５５,0968-57-9382,株式会社ハッピー薬局　代表取締役　星野　秀子,松本　佳彦,,,平26. 2. 1,kyushu/000491321.zip
薬局,43,0440520,瀬戸薬局　四ツ山店,荒尾市四ツ山町３－６－１,0968-57-8761,有限会社　瀬戸薬局　代表取締役　瀬戸和俊,瀨戸　俊輔,,,平26. 5. 1,kyushu/000491321.zip
薬局,43,0440538,四ッ山はるかぜ薬局,荒尾市四ツ山町３－１－２,0968-57-8837,有限会社　おくすりの本舗　代表取締役　山田　耕太郎,山田　敬一,,,平27. 9. 1,kyushu/000491321.zip
薬局,43,0440546,ひかり薬局　荒尾店,荒尾市荒尾７９３,0968-62-2011,Ｕ．アソシエート株式会社　代表取締役　久野　真也,工藤　孝紀,,,平29. 1. 1,kyushu/000491321.zip
薬局,43,0440561,あらおシティ薬局,荒尾市緑ケ丘２－４－４,0968-66-0025,株式会社　ケイエスファーマ　代表取締役　前田　裕助,前田　裕助,調剤,,平31. 4. 1,kyushu/000491321.zip
薬局,43,0440579,スカイメディカル荒尾薬局,荒尾市荒尾４１６０－２７０,0968-57-7660,株式会社スカイメディカルファーマ　代表取締役　三井所　大地,賴經　知斉,,,令4. 3. 1,kyushu/000491321.zip
薬局,43,0440587,みらい薬局,荒尾市川登字新屋敷１９０７番８１,0968-79-7557,株式会社野相薬局　代表取締役　野相　隆史,山口　侑記,,,令5. 7. 1,kyushu/000491321.zip
薬局,43,0440595,共生薬局　荒尾店,荒尾市万田３６１－１,0968-79-7716,アルファルマ株式会社　　代表取締役　佐藤　拓司,猿渡　真実,,,令7. 5. 12,kyushu/000491321.zip
薬局,43,0440603,大信薬局　荒尾店,荒尾市荒尾１９９７番地,0968-64-5966,株式会社グリット　代表取締役　吉村　企右,折本　祥梧,,,令6. 10. 1,kyushu/000491321.zip
薬局,43,0540014,合資会社下田薬局,水俣市桜井町１丁目５－６,0966-63-2417,合資会社下田薬局　代表社員　下田　禎彦,下田　仁美,,,昭32. 10. 1,kyushu/000491321.zip
薬局,43,0540071,有限会社　谷川薬局,水俣市浜町２丁目４－２１,0966-63-7535,有限会社　谷川薬局　代表取締役　谷川　昌弘,谷川　昌弘,,,令元. 5. 1,kyushu/000491321.zip
薬局,43,0540139,吉富薬局,水俣市陣内１－４－８,0966-62-0948,南九産業株式会社　代表取締役　吉富博樹,吉富　博樹,,,平15. 9. 1,kyushu/000491321.zip
薬局,43,0540220,みなまた駅前薬局,水俣市桜井町１丁目１－５,0966-68-2155,株式会社　ミユキメディカル　代表取締役　松吉　順子,吉里　隆文,,,平14. 4. 16,kyushu/000491321.zip
薬局,43,0540238,日本調剤水俣薬局,水俣市天神町１－３－２,0966-68-2193,日本調剤株式会社　代表取締役社長　小城　和紀,池水　文香,,,平14. 5. 1,kyushu/000491321.zip
薬局,43,0540246,日本調剤　天神町薬局,水俣市天神町１－８－５,0966-68-2393,日本調剤株式会社　代表取締役社長　小城　和紀,佐藤　大樹,,,平14. 7. 1,kyushu/000491321.zip
薬局,43,0540253,有限会社　やまだ薬局,水俣市天神町２－２３－２,0966-68-9436,有限会社　やまだ薬局　代表取締役　松本　尚己,松本　尚己,,,平14. 10. 1,kyushu/000491321.zip
薬局,43,0540261,有限会社　南福寺調剤薬局,水俣市南福寺１７１,0966-68-9788,有限会社　南福寺調剤薬局　代表取締役　田中　晶子,井上　龍美,,,平15. 4. 1,kyushu/000491321.zip
薬局,43,0540287,みつば調剤薬局,水俣市旭町２－２－１,0966-69-3010,有限会社　愛誠堂　代表取締役　永里真弓,荒木　美波,,,平15. 11. 1,kyushu/000491321.zip
薬局,43,0540303,なのはな調剤薬局,水俣市塩浜町３１－１,0966-63-5627,有限会社メディカルクリア　取締役　西田重幸,谷川　康介,,,平19. 3. 1,kyushu/000491321.zip
薬局,43,0540311,ポピー薬局,水俣市浜町１－２－３０　浜町ビル１Ｆ,0966-62-6771,有限会社　メル物産　代表取締役　野口揚介,坂本　侑太朗,,,平22. 9. 1,kyushu/000491321.zip
薬局,43,0540337,さくら薬局,水俣市桜井町２－２－１９,0966-63-7100,一般社団法人健康共同ファルマ　理事長　西山　真純,石嶺　希一,,,平28. 4. 1,kyushu/000491321.zip
薬局,43,0540345,ゆうあい薬局,水俣市古賀町二丁目５番３７号,0966-84-9061,株式会社ユビキタスファーマシー　代表取締役　城山　将一,城山　将一,,,平29. 4. 1,kyushu/000491321.zip
薬局,43,0540352,平和薬局センター店,水俣市天神町一丁目３番１１号,0966-62-0230,一般社団法人　水俣芦北薬剤師会　代表理事　野口　揚介,七田　彰子,,,平29. 7. 1,kyushu/000491321.zip
薬局,43,0540360,平和薬局古賀町店,水俣市古賀町二丁目３番２８号,0966-62-2272,一般社団法人　水俣芦北薬剤師会　代表理事　野口　揚介,下田　哲郎,,,平29. 7. 1,kyushu/000491321.zip
薬局,43,0540378,おれんじ薬局,水俣市天神町１丁目４６,0966-63-9388,株式会社Ｎｉｓｓｉ　代表取締役　西浦　翔,西浦　翔,,,令元. 7. 1,kyushu/000491321.zip
薬局,43,0540386,うさぎ薬局水俣店,水俣市天神町１丁目３－１４,0966-68-2356,株式会社七草堂　代表取締役　内村　真一朗,中村　友美,,,令5. 9. 1,kyushu/000491321.zip
薬局,43,0540402,さんさん薬局　水俣袋店,水俣市袋字遠見６８９－６,0966-83-6580,株式会社ＴｉｅＭＵ　代表取締役　鈴木　基弘,石井　郁也,,,令8. 1. 1,kyushu/000491321.zip
薬局,43,0540410,あじさい薬局,水俣市桜井町３丁目２－１,0966-62-1172,クラフト株式会社　代表取締役　新井　勝,高橋　美鈴,,,令8. 5. 1,kyushu/000491321.zip
薬局,43,1140194,宇土駅前薬局,宇土市松原町３５－１３,0964-23-3953,有限会社大渡薬局　代表取締役　橋本　欣也,仁田脇　清司,,,平7. 3. 1,kyushu/000491321.zip
薬局,43,1140202,有限会社カワグチ薬局,宇土市松山町４３９７－３,0964-22-3415,有限会社カワグチ薬局　代表取締役　川口拓郎,川口　拓郎,,,平7. 5. 16,kyushu/000491321.zip
薬局,43,1140277,つばき薬局,宇土市野鶴町３４１－２,0964-58-4111,有限会社　網田薬局　代表取締役　田口敏幸,田口　敏幸,,,平23. 6. 1,kyushu/000491321.zip
薬局,43,1140319,宇土まつやま調剤薬局,宇土市松山町１９２１－３,0964-26-1030,株式会社宇土まつやま調剤薬局　代表取締役　塚原健太郎,塚原　健太郎,,,平20. 9. 1,kyushu/000491321.zip
薬局,43,1140327,ひまわり薬局　宇土店,宇土市本町１丁目５番地１,0964-22-3600,株式会社ファーマダイワ　代表取締役　岡山　善郎,大久保　尚徳,,,平28. 5. 1,kyushu/000491321.zip
薬局,43,1140343,さくら薬局宇土店,宇土市高柳町２２７番地９,0964-22-6117,株式会社さくら　代表取締役　上野　勇,上野　勇,,,令元. 9. 1,kyushu/000491321.zip
薬局,43,1140350,スエヒロ薬局,宇土市南段原町６－３,0964-23-2988,ヨネザワネット株式会社　代表取締役　米澤　房朝,佐伯　英康,,,令2. 6. 1,kyushu/000491321.zip
薬局,43,1140376,ココカラファイン薬局　宇土本町店,宇土市築籠町１３９－５,0964-22-5810,株式会社ココカラファインヘルスケア　代表取締役　岡澤　隆弘,中村　真理,,,令6. 6. 1,kyushu/000491321.zip
薬局,43,1140384,福永調剤薬局三丁目店,宇土市本町３丁目１８,0964-24-5040,株式会社ココカラファインヘルスケア　代表取締役　岡澤　隆弘,末安　亮一,,,令3. 4. 1,kyushu/000491321.zip
薬局,43,1140392,たんぽぽ薬局宇土市役所前店,宇土市浦田町８５,0964-27-5396,株式会社ココカラファインヘルスケア　代表取締役　岡澤　隆弘,中隈　里美,,,令3. 4. 1,kyushu/000491321.zip
薬局,43,1240044,はまゆう薬局,上天草市大矢野町上１５０７－２,0964-56-0906,有限会社嶽本薬局　代表取締役　嶽本博国,嶽本　国,,,平9. 4. 1,kyushu/000491321.zip
薬局,43,1240051,登立調剤薬局,上天草市大矢野町登立９６１６－１５,0964-56-2990,有限会社　パートナー　代表取締役　佐伯　順一,佐伯　順一,,,平26. 10. 1,kyushu/000491321.zip
薬局,43,1240069,くらしの薬局中店,上天草市大矢野町中８２９２－７,0964-57-0929,（株）メディカルインテリジェンス　代表取締役　本田　晃洋,本田　卓輝,,,平10. 4. 1,kyushu/000491321.zip
薬局,43,1240077,オイシ薬局,上天草市大矢野町登立９１４５－３,0964-56-4477,尾石　富人,尾石　富人,,,平10. 7. 1,kyushu/000491321.zip
薬局,43,1240119,くらしの薬局　阿村店,上天草市松島町阿村８０４－６,0969-56-3293,株式会社　メディカルインテリジェンス　本田　晃洋,松本　洋輔,,,平12. 5. 1,kyushu/000491321.zip
薬局,43,1240127,コジマ薬局,上天草市松島町阿村５０７２－１４,0969-28-3825,有限会社　コジマ薬局　代表取締役　兒島　正樹,児島　正樹,,,平15. 10. 1,kyushu/000491321.zip
薬局,43,1240143,くらしの薬局,上天草市姫戸町姫浦２５２８－３,0969-58-2013,株式会社　メディカルインテリジェンス　代表取締役　本田　晃洋,本田　晃洋,調剤,,平31. 4. 12,kyushu/000491321.zip
薬局,43,1240150,有限会社カミシマ薬局,上天草市龍ヶ岳町高戸１４２７,0969-62-1180,有限会社カミシマ薬局　代表取締役　岩本　浩,岩本　浩,,,平9. 3. 16,kyushu/000491321.zip
薬局,43,1240226,あすなろ薬局,上天草市龍ケ岳町高戸２０９５－５２,0969-62-1429,株式会社Ｅ－メディスン　代表取締役　榎田　陽介,榎田　陽介,,,令4. 4. 1,kyushu/000491321.zip
薬局,43,1240234,ネクスト薬局,上天草市大矢野町中１１８８－１,0964-53-9576,株式会社Ｅ－メディスン　代表取締役　榎田陽介,廣本　直見,,,令6. 2. 1,kyushu/000491321.zip
薬局,43,1240259,カミタニ薬局,上天草市大矢野町上３９７－２,0964-56-3720,株式会社とみた薬局　代表取締役　國本　俊彦,中尾　直恵,,,令7. 4. 1,kyushu/000491321.zip
薬局,43,1340067,有限会社江上薬局　グリーン・ファーマシー,山鹿市山鹿１８４２－１８,0968-43-2326,有限会社江上薬局　代表取締役　江上　祥一,江上　直樹,,,平4. 7. 1,kyushu/000491321.zip
薬局,43,1340075,城北中央薬局,山鹿市山鹿４９９－３番地,0968-43-4394,鹿本菊池地区薬局事業協同組合　理事長　江上祥一,髙木　雅直,,,平22. 5. 1,kyushu/000491321.zip
薬局,43,1340083,有限会社エース・薬局,山鹿市古閑１０００－１,0968-43-6540,有限会社エース・薬局　代表取締役　村田　昭寛,村田　昭寛,,,平19. 3. 1,kyushu/000491321.zip
薬局,43,1340091,まつ薬局,山鹿市山鹿１番地,0968-43-1871,有限会社まつ薬局　代表取締役　松熊令満子,松熊　令満子,,,平21. 12. 12,kyushu/000491321.zip
薬局,43,1340109,山鹿いちご薬局,山鹿市大橋通６０８番地,0968-42-8570,株式会社ＶＥＮＵＳ　代表取締役　時川　圭介,橋本　博昭,,,平30. 7. 1,kyushu/000491321.zip
薬局,43,1340141,江上薬局大橋通,山鹿市大橋通７０４－１,0968-32-1120,有限会社　江上薬局　代表取締役　江上　祥一,江上　祥一,,,平15. 5. 1,kyushu/000491321.zip
薬局,43,1340208,鹿校通薬局,山鹿市鹿校通三丁目２番４５－２号,0968-41-5078,株式会社Ｋ’Ｓファーマシー　代表取締役　桑波田　勝巳,桑波田　勝巳,,,平27. 11. 1,kyushu/000491321.zip
薬局,43,1340224,ハニー薬局,山鹿市熊入町３１５,0968-41-5821,吉野　勝哉,吉野　勝哉,,,平26. 1. 1,kyushu/000491321.zip
薬局,43,1340240,かおうまち薬局,山鹿市鹿央町合里４１１－２,0968-42-0001,ヤマトファルマ有限会社　取締役　渡邊信直,渡邊　信直,,,平26. 10. 1,kyushu/000491321.zip
薬局,43,1340257,きらきら薬局,山鹿市中９７４,0968-41-6190,株式会社　キラキラファーマ　代表取締役　大森　今日子,大森　今日子,,,平27. 3. 1,kyushu/000491321.zip
薬局,43,1340265,きりん薬局松坂店,山鹿市山鹿１０８７番地３,0968-43-8778,株式会社クロスファーマ　代表取締役　吉村　直幸,吉村　直幸,,,平28. 7. 1,kyushu/000491321.zip
薬局,43,1340299,海浜総合薬局　山鹿店,山鹿市新町２０５番地２,0968-41-9113,株式会社　ＳＫＹ　ＣＲＥＡＴＥ　代表取締役　榎田　泰介,松本　浩和,,,平30. 5. 1,kyushu/000491321.zip
薬局,43,1340307,えいせい堂薬局,山鹿市山鹿３４３番地４,0968-41-5663,Ｇｒｏｗ　Ｕｐ株式会社　代表取締役　塩塚　雄基,塩塚　雄基,,,令2. 4. 1,kyushu/000491321.zip
薬局,43,1340315,みうた薬局,山鹿市鹿本町御宇田６６３番地２,0968-46-3231,御宇田メディカル株式会社　代表取締役　北浦　徹也,北浦　徹也,,,令2. 5. 1,kyushu/000491321.zip
薬局,43,1340323,ゆらぎ薬局,山鹿市山鹿１７００－１,0968-43-3162,合同会社エリミノ　代表社員　狩野　壮太郎,狩野　壮太郎,,,令5. 4. 1,kyushu/000491321.zip
薬局,43,1340331,クオール薬局山鹿店,山鹿市山鹿１４７９,0968-32-0089,クオール株式会社　代表取締役　柄澤　忍,坂口　陽香,,,令6. 4. 1,kyushu/000491321.zip
薬局,43,1440040,有限会社オレンジ薬局,宇城市不知火町御領７０８－１５,0964-33-6717,有限会社　オレンジ薬局　代表取締役　石井　梨英子,園田　史子,,,平10. 3. 16,kyushu/000491321.zip
薬局,43,1440065,株式会社高浜薬局,宇城市松橋町曲野１９－３,0964-32-0074,株式会社高浜薬局　代表取締役　髙濱　智枝,髙濱　智枝,,,昭32. 10. 1,kyushu/000491321.zip
薬局,43,1440099,マリノ薬局,宇城市松橋町久具６８７番地２,0964-33-6888,有限会社プチマリノ　取締役　三角　知子,三角　知子,,,平24. 10. 1,kyushu/000491321.zip
薬局,43,1440115,みやび薬局,宇城市松橋町久具字新開３２４ー２,0964-32-4350,ユタカ商事有限会社　代表取締役　橋本　欣也,岩﨑　亜希子,,,平10. 11. 16,kyushu/000491321.zip
薬局,43,1440123,良寛堂薬局,宇城市松橋町松橋１９４－１,0964-32-0398,有限会社松橋調剤センター　代表取締役　髙濱　寛,髙濱　寛,,,平11. 10. 16,kyushu/000491321.zip
薬局,43,1440131,宇城薬局,宇城市松橋町両仲間７２４,0964-46-1233,有限会社下益城調剤支援センター　代表取締役　鶴田　和也,緒方　俊樹,,,平12. 3. 1,kyushu/000491321.zip
薬局,43,1440149,熊本南前薬局,宇城市松橋町豊福権現前２０７０,0964-25-2110,有限会社　熊本南前薬局　代表取締役　鶴田　和也,田代　信介,,,平13. 3. 16,kyushu/000491321.zip
薬局,43,1440172,有限会社福田薬局,宇城市小川町小川８７,0964-43-0055,有限会社福田薬局　代表取締役　福田　和子,福田　和子,,,昭32. 10. 1,kyushu/000491321.zip
薬局,43,1440198,オガワ薬局,宇城市小川町河江１－１,0964-34-6640,株式会社　美生堂　代表取締役　古井　祐二,古井　祐二,,,平9. 11. 1,kyushu/000491321.zip
薬局,43,1440206,江南薬局,宇城市小川町北新田６１－４,0964-34-6400,有限会社　江南薬局　取締役　岡澤　英毅,吉田　須磨子,,,平15. 3. 1,kyushu/000491321.zip
薬局,43,1440214,とよの薬局,宇城市豊野町糸石３８９６,0964-45-2614,ユタカ商事有限会社　代表取締役　橋本　欣也,松本　真明,,,平6. 10. 1,kyushu/000491321.zip
薬局,43,1440222,ウイング薬局,宇城市松橋町きらら１丁目６番８号,0964-25-2660,有限会社呉服薬局　代表取締役　藤山　真木,末永　尚輝,,,平25. 9. 17,kyushu/000491321.zip
薬局,43,1440248,三気堂薬局　松橋店,宇城市松橋町松橋１９４７－３,0964-32-8380,有限会社ＭＥＴ　代表取締役　池田　一之,水野　舞有,,,平21. 2. 1,kyushu/000491321.zip
薬局,43,1440255,まつばせ薬局,宇城市松橋町萩尾２０５１番地８,0964-53-9111,株式会社萩尾ハニーファーマシー　代表取締役　吉本亮治,吉本　亮治,,,平21. 4. 1,kyushu/000491321.zip
薬局,43,1440263,すまいる薬局,宇城市小川町川尻２７４－６,0964-43-5622,株式会社ロードファーマシー　代表取締役　星野　駿介,星野　久子,,,平21. 5. 1,kyushu/000491321.zip
薬局,43,1440289,松橋クローバー薬局,宇城市松橋町豊福権現前２０６４－３,0964-53-9949,有限会社不知火薬局　代表取締役　坂本　憲昭,坂本　憲昭,,,平21. 12. 1,kyushu/000491321.zip
薬局,43,1440305,ヒカリ調剤薬局,宇城市三角町三角浦１１５９番地１２５,0964-53-2526,有限会社　明和　代表取締役　何川　彰悟,何川　彰悟,,,平23. 7. 1,kyushu/000491321.zip
薬局,43,1440347,きらら調剤薬局,宇城市松橋町きらら３丁目２番２０号,0964-27-5511,株式会社ミカーレ　代表取締役　末吉　真,末吉　真,,,平25. 1. 1,kyushu/000491321.zip
薬局,43,1440354,ミノリ調剤薬局,宇城市小川町新田出字二番２７４,0964-27-5448,有限会社　明和　代表取締役　何川彰悟,飽田　圭介,,,平26. 10. 1,kyushu/000491321.zip
薬局,43,1440362,新生堂薬局　松橋店,宇城市松橋町松橋字園田８２０－１,0964-33-5790,株式会社新生堂薬局　代表取締役　水田　怜,萱田　滉太,,,平30. 6. 1,kyushu/000491321.zip
薬局,43,1440370,新生堂薬局　松橋曲野店,宇城市松橋町曲野２１１８番地１,0964-27-5528,株式会社新生堂薬局　代表取締役　水田　怜,渕田　昌宏,,,令元. 10. 1,kyushu/000491321.zip
薬局,43,1440388,かえで薬局,宇城市松橋町曲野字南田２２７５－６,0964-27-5828,江上　慶太,江上　慶太,,,令2. 9. 1,kyushu/000491321.zip
薬局,43,1440396,道の駅調剤薬局,宇城市松橋町久具７５８番地４,0964-53-9188,有限会社カワグチ薬局　代表取締役　川口　拓郎,川口　泰平,,,令3. 4. 1,kyushu/000491321.zip
薬局,43,1440404,たんぽぽ薬局,宇城市松橋町松橋４９０番２,0964-53-9565,株式会社ココカラファインヘルスケア　代表取締役　岡澤　隆弘,山本　祥,,,令3. 4. 1,kyushu/000491321.zip
薬局,43,1440412,とよかわ薬局,宇城市松橋町南豊崎５９３番地４,0964-33-6530,株式会社まるそうヘルスケア　代表取締役　桑島　武文,桑島　武文,,,令3. 10. 1,kyushu/000491321.zip
薬局,43,1440420,松橋中央薬局,宇城市松橋町きらら２丁目２番１３号,0964-27-7337,株式会社城南メディカル　代表取締役　今給黎　充昭,牟田　圭介,,,令7. 2. 23,kyushu/000491321.zip
薬局,43,1440446,さくら調剤薬局　松橋店,宇城市松橋町きらら２丁目４番７号,0964-46-1472,クラフト株式会社　代表取締役　新井　勝,品川　拓也,,,令8. 5. 1,kyushu/000491321.zip
薬局,43,1540047,一の宮薬局,阿蘇市一の宮町宮地５８３３－５,0967-23-1122,株式会社エルピーダ　代表取締役　志賀義致,山本　卓哉,,,平11. 4. 1,kyushu/000491321.zip
薬局,43,1540062,岩下調剤薬局,阿蘇市内牧１０４８－１,0967-32-5623,有限会社岩下薬局　代表取締役　岩下　はぎの,山口　茂男,,,平8. 8. 1,kyushu/000491321.zip
薬局,43,1540070,阿蘇りんどう薬局,阿蘇市内牧１１６０－９,0967-23-6161,株式会社ファーマダイワ　代表取締役　岡山　善郎,川瀧　正容,,,平10. 4. 1,kyushu/000491321.zip
薬局,43,1540112,有限会社　内牧中央薬局,阿蘇市内牧　１６１－８,0967-32-5670,有限会社　内牧中央薬局　代表取締役　稲葉　一郎,岩下　知磨,,,平12. 10. 1,kyushu/000491321.zip
薬局,43,1540120,野の花薬局,阿蘇市小里２５０－４,0967-24-6700,有限会社野の花薬局　代表取締役　羽山　悦子,羽山　悦子,,,平13. 10. 1,kyushu/000491321.zip
薬局,43,1540138,阿蘇中央薬局,阿蘇市黒川１２４９,0967-34-0948,有限会社　内牧中央薬局　代表取締役　稲葉一郎,長谷川　浩三,,,平26. 8. 6,kyushu/000491321.zip
薬局,43,1540146,アスリード薬局,阿蘇市黒川１４９９－９,0967-34-2755,株式会社　アスリード　代表取締役　橋本　欣也,湯上　龍平,,,平17. 7. 1,kyushu/000491321.zip
薬局,43,1540161,へきすい薬局,阿蘇市黒川１４８２－４,0967-23-4666,株式会社　テラマツ調剤　代表取締役　吉岡　利昌,吉岡　利昌,,,平26. 5. 1,kyushu/000491321.zip
薬局,43,1540179,アスリード阿蘇医療センター前薬局,阿蘇市黒川１４８８－１,0967-34-2014,株式会社　アスリード　代表取締役　橋本　欣也,吉成　亮,,,平26. 8. 1,kyushu/000491321.zip
薬局,43,1540203,有限会社　松林堂薬局　一の宮店,阿蘇市一の宮町宮地１７９３－１,0967-22-3033,有限会社松林堂　代表取締役　松﨑　圭史,庄篭　優佑,,,令6. 4. 1,kyushu/000491321.zip
薬局,43,1540211,内牧かみまち薬局,阿蘇市内牧１０６番地１,0967-32-5800,株式会社ハートフェルト　代表取締役　稲葉　一郎,西銘　美南子,,,令7. 3. 1,kyushu/000491321.zip
薬局,43,1540229,音香薬局,阿蘇市小里１９９－１,0967-32-1200,株式会社ＡＣＯＲ　ＭＥＤＩＣ　代表取締役　坂梨　友紀,満留　尚宏,,,令8. 2. 1,kyushu/000491321.zip
薬局,43,1640052,有限会社　深川調剤薬局,菊池市深川４１１－７,0968-25-5466,有限会社深川調剤薬局　代表取締役　油布　朋久,森田　健嗣,,,平6. 4. 1,kyushu/000491321.zip
薬局,43,1640060,そうごう薬局菊池店,菊池市隈府南古町４７２－５,0968-23-1321,総合メディカル株式会社　代表取締役　多田　荘一郎,副島　尚美,,,平10. 5. 1,kyushu/000491321.zip
薬局,43,1640078,フラワー薬局,菊池市隈府８１５－１,0968-23-1330,有限会社　みやもと薬局　代表取締役　宮本龍彦,宮本　龍彦,,,平10. 9. 16,kyushu/000491321.zip
薬局,43,1640086,有限会社愛薬局,菊池市大琳寺２４１－１８,0968-24-2619,有限会社愛薬局　代表取締役　碇野　孝之,碇野　孝之,,,平14. 2. 1,kyushu/000491321.zip
薬局,43,1640094,きくち薬局,菊池市大琳寺７５－４,0968-23-6350,鹿本菊池地区薬局事業協同組合　理事長　江上　祥一,相良　英範,,,平24. 10. 1,kyushu/000491321.zip
薬局,43,1640102,アトム薬局,菊池市大琳寺２７５－５,0968-26-5888,有限会社　泰斗　代表取締役　宮野鼻泰弘,東　昌臣,,,平16. 8. 1,kyushu/000491321.zip
薬局,43,1640110,有限会社　七城中央薬局,菊池市七城町甲佐町２９８－２,0968-25-5673,有限会社　七城中央薬局　代表取締役　稲葉　一郎,辻　敏和,,,平10. 8. 1,kyushu/000491321.zip
薬局,43,1640128,泗水中央薬局,菊池市泗水町豊水３４９２,0968-38-6820,有限会社泗水中央薬局　代表取締役　稲葉　一郎,塚本　賢児,,,平26. 2. 1,kyushu/000491321.zip
薬局,43,1640144,西本真生堂薬局　泗水店,菊池市泗水町豊水３３７０－３,0968-38-7031,株式会社西本真生堂　代表取締役　西本　光宏,西本　幸史,,,令2. 1. 1,kyushu/000491321.zip
薬局,43,1640151,高江バス停前薬局,菊池市泗水町豊水３７２７－１,0968-38-0701,有限会社　泗水中央薬局　代表取締役　稲葉　一郎,濱田　由子,,,平14. 10. 1,kyushu/000491321.zip
薬局,43,1640177,栄町薬局,菊池市隈府７８０－１３,0968-23-0086,有限会社　岡山薬局　代表取締役　岡山　佳史朗,菊川　恒司,,,平24. 3. 12,kyushu/000491321.zip
薬局,43,1640185,きくちハート薬局,菊池市亘字堀木１１番６,0968-23-6100,有限会社武蔵野台薬局　代表取締役　菅鉢　順子,山部　和久,,,平21. 1. 1,kyushu/000491321.zip
薬局,43,1640201,熊本調剤薬局　菊池店,菊池市大琳寺４４番地１,0968-41-5167,キヤマアポテイク株式会社　代表取締役　木山　為彦,林田　紘明,,,平24. 10. 1,kyushu/000491321.zip
薬局,43,1640219,溝上薬局　隈府店,菊池市隈府字藪ノ内９２３－１,0968-41-5506,株式会社ミズ　代表取締役　溝上　泰興,田原　光義,,,平25. 7. 1,kyushu/000491321.zip
薬局,43,1640227,うさぎの谷薬局泗水店,菊池市泗水町吉富３１６９－９,0968-38-7088,株式会社　うさぎの谷メディカル　代表取締役　都　亮一,都　亮一,,,平26. 10. 1,kyushu/000491321.zip
薬局,43,1640235,きくちドライブスルー薬局,菊池市西寺１３９２－１,0968-25-2223,有限会社深川調剤薬局　代表取締役　油布　朋久,油布　朋久,,,平30. 1. 1,kyushu/000491321.zip
薬局,43,1640243,菊池中通り薬局,菊池市隈府１１５番地６,0968-23-7501,有限会社　泗水中央薬局　代表取締役　稲葉　一郎,秋山　豪,,,令5. 10. 1,kyushu/000491321.zip
薬局,43,1640250,みつばち薬局,菊池市隈府９５２番地１,0968-41-8550,株式会社ｆｏｕｒｌｅａｆｃｌｏｖｅｒ　代表取締役　平田　充,平田　充,,,令元. 7. 1,kyushu/000491321.zip
薬局,43,1640268,泗水よしとみ薬局,菊池市泗水町吉富１８５９番地,0968-38-1770,有限会社泗水中央薬局　代表取締役　稲葉　一郎,田島　賢次朗,,,令4. 6. 1,kyushu/000491321.zip
薬局,43,1740019,株式会社山中栄一薬局,八代市本町２丁目３－１３,0965-33-2179,（株）山中栄一薬局　代表取締役　山中　倫二,山中　倫二,,,昭32. 10. 1,kyushu/000491321.zip
薬局,43,1740027,真明堂薬局,八代市通町７－２２,0965-32-3747,有限会社真明堂　取締役　飯田　忠昭,飯田　千鶴子,,,昭32. 10. 1,kyushu/000491321.zip
薬局,43,1740100,有限会社大倖堂薬局,八代市通町６－２３,0965-33-5520,有限会社大倖堂薬局　代表取締役　冨田順子,澤田　一昭,,,昭57. 8. 16,kyushu/000491321.zip
薬局,43,1740134,有限会社しんち調剤薬局,八代市新地町９－１１－６,0965-34-2014,有限会社しんち調剤薬局　代表取締役　宮川　真吾,平田　清彦,,,平5. 10. 1,kyushu/000491321.zip
薬局,43,1740225,中村調剤薬局,八代市松江町１６６,0965-35-4007,有限会社中村薬局　代表取締役　中村　尚人,中村　尚人,,,平7. 3. 16,kyushu/000491321.zip
薬局,43,1740233,とみた薬局高下店,八代市高下西町字寺川２２７１－３,0965-33-2654,有限会社大倖堂薬局　代表取締役　冨田順子,髙岡　一美,,,平8. 5. 1,kyushu/000491321.zip
薬局,43,1740258,植柳薬局,八代市植柳上町鳥井前６５２６ー２,0965-31-7100,（有）エヌケイグループ　代表取締役　竹内一剛,竹内　一剛,,,平9. 8. 1,kyushu/000491321.zip
薬局,43,1740282,元町薬局,八代市植柳元町字船江５５３９－６,0965-33-2842,有限会社　エヌケイグループ　代表取締役　竹内　一剛,竹内　真子,,,平10. 4. 1,kyushu/000491321.zip
薬局,43,1740290,有限会社　旭薬局,八代市萩原町一丁目８番３７号,0965-43-7622,有限会社旭薬局　代表取締役　荒木　圭子,葉玉　隆仁,,,平30. 10. 21,kyushu/000491321.zip
薬局,43,1740316,有限会社ひおき調剤薬局,八代市日置町３１２－１,0965-43-7770,有限会社ひおき調剤薬局　代表取締役　田中　晶子,森　茂信,,,平10. 7. 16,kyushu/000491321.zip
薬局,43,1740324,にしき町調剤薬局,八代市錦町９－６,0965-32-6519,有限会社エム　取締役　益田安弘,大坪　正史,,,平11. 3. 1,kyushu/000491321.zip
薬局,43,1740340,本町調剤薬局,八代市本町１－７－６５,0965-34-2714,株式会社クマモトメディカル　代表取締役　毛利　和子,恒吉　敏文,,,平11. 11. 16,kyushu/000491321.zip
薬局,43,1740381,修徳調剤薬局,八代市塩屋町４－４６,0965-30-7765,有限会社プロドラッグ修徳調剤薬局　代表　安部修一,木村　光太朗,,,平12. 12. 1,kyushu/000491321.zip
薬局,43,1740415,労災病院前調剤薬局,八代市竹原町１６５８－１,0965-30-8808,株式会社下川薬局　代表取締役　下川　泰,本村　裕晃,,,平13. 12. 1,kyushu/000491321.zip
薬局,43,1740431,ひまわり薬局,八代市植柳上町５７１１－２,0965-31-5172,有限会社植柳調剤薬局　取締役　齊藤　日早子,檀野　大輔,,,平14. 2. 1,kyushu/000491321.zip
薬局,43,1740449,総合病院前調剤薬局,八代市通町１０番４７号,0965-30-8705,株式会社下川薬局　代表取締役　下川　泰,松尾　和幸,,,平29. 9. 1,kyushu/000491321.zip
薬局,43,1740456,日本調剤八代薬局,八代市本町２丁目３－２１,0965-39-4321,日本調剤株式会社　代表取締役社長　小城　和紀,嶋田　利恵,,,令2. 5. 1,kyushu/000491321.zip
薬局,43,1740480,はすわ薬局,八代市大村町１１１３－４,0965-30-0167,有限会社　レメット　代表取締役　西尾　裕子,西尾　裕子,,,平14. 10. 1,kyushu/000491321.zip
薬局,43,1740498,有限会社　らん調剤薬局,八代市横手新町１４－３－２,0965-39-3009,有限会社　らん調剤薬局　代表取締役　中川博史,松本　秀一,,,平15. 10. 1,kyushu/000491321.zip
薬局,43,1740514,イオン薬局八代店,八代市沖町六番割３９８７－３,0965-39-3518,イオン九州株式会社　代表取締役　中川　伊正,明野　雄太,,,平16. 12. 1,kyushu/000491321.zip
薬局,43,1740548,きむら調剤薬局,八代市千丁町吉王丸１５９７ー１,0965-46-6800,有限会社エムアンドケイ　代表取締役　木村増男,木村　増男,,,平13. 6. 1,kyushu/000491321.zip
薬局,43,1740555,有限会社　新光調剤薬局,八代市鏡町下有佐４５－６,0965-52-3469,有限会社新光調剤薬局　代表取締役　綛田　佐和子,綛田　佐和子,,,昭54. 6. 1,kyushu/000491321.zip
薬局,43,1740597,鏡調剤薬局,八代市鏡町鏡村９１０,0965-52-5750,有限会社ヤマダ　代表取締役　髙橋　巧実,佐藤　宏樹,,,平8. 4. 16,kyushu/000491321.zip
薬局,43,1740621,有限会社　つばき調剤薬局,八代市鏡町鏡村１１１２－２,0965-52-7805,有限会社　つばき調剤薬局　取締役　中川博史,中川　博史,,,平16. 10. 1,kyushu/000491321.zip
薬局,43,1740647,はなぞの調剤薬局,八代市花園町５－８,0965-65-8038,有限会社わかくさ薬局　代表取締役　田中　晶子,坂田　真人,,,平20. 1. 1,kyushu/000491321.zip
薬局,43,1740654,エリア調剤薬局旭中央通店,八代市旭中央通１８－４,0965-65-5252,有限会社プロドラッグ　代表取締役　安部　修一,山下　貴史,,,平20. 4. 1,kyushu/000491321.zip
薬局,43,1740662,りぼん薬局,八代市東陽町南杉之本１１２６番４,0965-36-3070,有限会社すみれ調剤薬局　代表取締役　田中　晶子,松下　和也,,,平20. 9. 1,kyushu/000491321.zip
薬局,43,1740688,トマト薬局,八代市北の丸町３番３２号,0965-31-5885,株式会社いわしや窪田　代表取締役　藤芳　純子,藤芳　純子,,,平21. 1. 1,kyushu/000491321.zip
薬局,43,1740696,八代みどり薬局,八代市永碇町１３１５－１,0965-35-3425,株式会社八代みどり調剤　代表取締役　柴原浩一,松田　レン,,,平21. 1. 1,kyushu/000491321.zip
薬局,43,1740704,ゆうば薬局,八代市花園町７番地１６,0965-65-5559,株式会社クローバー　代表取締役　村本昇,坂野　高志,,,平21. 3. 1,kyushu/000491321.zip
薬局,43,1740720,大村調剤薬局,八代市大村町７２０－３,0965-35-7397,株式会社クマモトメディカル　代表取締役　毛利　和子,曻地　高雅,,,平29. 8. 28,kyushu/000491321.zip
薬局,43,1740738,ふるしろ調剤薬局,八代市古城町１７０８－２,0965-30-0066,株式会社クマモトメディカル　代表取締役　毛利　和子,山中　暢人,,,平22. 4. 1,kyushu/000491321.zip
薬局,43,1740746,大手町薬局,八代市大手町２丁目１０－１３,0965-32-3731,株式会社クマモトメディカル　代表取締役　毛利　和子,廣野　浩次郎,,,平22. 4. 1,kyushu/000491321.zip
薬局,43,1740761,こがね町調剤薬局,八代市黄金町２１番２,0965-45-9027,有限会社　わかくさ薬局　代表取締役　田中　晶子,川村　徹,,,平22. 5. 1,kyushu/000491321.zip
薬局,43,1740787,ダン調剤薬局,八代市古閑上町字聖神１３番１,0965-45-9727,株式会社ＤＡＮファーマシー　代表取締役　松下明紘,松下　明紘,,,平22. 12. 1,kyushu/000491321.zip
薬局,43,1740803,ひなぐ薬局,八代市日奈久中西町字西町新１２番地１,0965-38-1200,ヤマトファルマ有限会社　取締役　渡邊　信直,渡邊　里久子,,,平23. 7. 1,kyushu/000491321.zip
薬局,43,1740829,永碇みどり薬局,八代市永碇町１２８３－２,0965-62-8190,株式会社八代みどり調剤　代表取締役　柴原　浩一,宗方　健二,,,平24. 4. 1,kyushu/000491321.zip
薬局,43,1740837,そうごう薬局八代竹原店,八代市竹原町１６５８番２,0965-39-5401,総合メディカル株式会社　代表取締役　多田　荘一郎,縣　寛昌,,,平24. 10. 1,kyushu/000491321.zip
薬局,43,1740852,タケシタ調剤薬局八代店,八代市本町１丁目８－３６,0965-45-9519,株式会社タケシタ調剤薬局　代表取締役　竹下　俊,飛鷹　菜穂,,,平25. 2. 1,kyushu/000491321.zip
薬局,43,1740860,日本調剤通町薬局,八代市通町８－２７,0965-39-7880,日本調剤株式会社　代表取締役社長　小城　和紀,原田　紘之介,,,平25. 2. 1,kyushu/000491321.zip
薬局,43,1740886,エリア調剤薬局西松江城店,八代市西松江城町４－２７,0965-62-8029,有限会社　プロドラッグ　代表取締役　安部修一,上角　泰葉,,,平27. 2. 1,kyushu/000491321.zip
薬局,43,1740894,パンダ調剤薬局,八代市大手町２－７８－１,0965-45-5130,有限会社　メイク　代表取締役　西島　和也,西島　和也,,,平27. 7. 1,kyushu/000491321.zip
薬局,43,1740910,新八代駅前薬局,八代市上日置町４４４７－１１,0965-33-0111,株式会社　とみた薬局　代表取締役　國本　俊彦,宮原　洋,,,平27. 7. 1,kyushu/000491321.zip
薬局,43,1740928,ぐんちく調剤薬局,八代市郡築一番町２０８－２,0965-37-2155,有限会社東洋メディカル　代表取締役　牛島　克賢,牛島　克賢,,,平27. 7. 1,kyushu/000491321.zip
薬局,43,1740936,ヱビス薬局千丁店,八代市千丁町古閑出６１６－３,0965-62-8448,有限会社　コムス　代表取締役　松﨑　圭史,磧本　聡,,,平27. 10. 1,kyushu/000491321.zip
薬局,43,1740951,まつした調剤薬局,八代市横手新町２号２０番地,0965-45-9292,株式会社　松下コーポレーション　代表取締役　松下　浩太,松下　浩太,,,平27. 12. 1,kyushu/000491321.zip
薬局,43,1740969,こやま薬局,八代市本町一丁目１０号２７番,0965-45-9399,株式会社スモールファーマシー　代表取締役　小山　知夏,小山　知夏,,,平28. 5. 1,kyushu/000491321.zip
薬局,43,1740977,新生堂薬局　平山新町店,八代市平山新町４４７７－３,0965-31-7755,株式会社新生堂薬局　代表取締役　水田　怜,守永　綾佳,,,平28. 7. 1,kyushu/000491321.zip
薬局,43,1740985,クスノキ薬局　にしき町店,八代市錦町１３－１,0965-37-8560,株式会社ＣＩＳファーマシィ　代表取締役　吉本　二三浩,平川　富崇,,,平29. 3. 1,kyushu/000491321.zip
薬局,43,1740993,ダン永碇薬局,八代市永碇町１０７３－１,0965-37-8383,株式会社　ＤＡＮファーマシー　代表取締役　松下　明紘,畑野　知希,,,平29. 5. 1,kyushu/000491321.zip
薬局,43,1741009,いつき薬局,八代市田中西町１－３－５,0965-30-8000,合同会社　樹　代表社員　髙岡　正樹,髙岡　正樹,,,平30. 5. 1,kyushu/000491321.zip
薬局,43,1741025,三気堂薬局　八代店,八代市松江町字新開４８４－５,0965-37-8613,有限会社ＭＥＴ　代表取締役　池田　一之,濵田　ありさ,,,平30. 5. 1,kyushu/000491321.zip
薬局,43,1741033,エリア調剤薬局　日置店,八代市日置町１５０番地２,0965-62-9211,有限会社　プロドラッグ　代表取締役　安部　修一,桑水流　淳,,,平30. 6. 1,kyushu/000491321.zip
薬局,43,1741041,こがなか調剤薬局,八代市古閑中町１２０９－２,0965-45-5525,有限会社　わかくさ薬局　代表取締役　田中　晶子,福島　ゆかり,,,平30. 6. 1,kyushu/000491321.zip
薬局,43,1741058,妙見薬局,八代市妙見町１３５,0965-45-9308,有限会社　むつみ企画　代表取締役　田中　晶子,谷岡　亜矢,調剤,,平31. 3. 1,kyushu/000491321.zip
薬局,43,1741074,楓の木調剤薬局,八代市本町１丁目１－１高橋ビル１Ｆ,0965-30-9012,株式会社ファーストファーマシー　代表取締役　荒木　誠一,荒木　誠一,,,令2. 7. 1,kyushu/000491321.zip
薬局,43,1741082,まつした鏡薬局,八代市鏡町下村１５１３－１,0965-45-9936,株式会社松下コーポレーション　代表取締役　松下　浩太,田　拓哉,,,令2. 9. 1,kyushu/000491321.zip
薬局,43,1741090,ヱビス薬局本町店,八代市本町２丁目４号６３番,0965-37-8288,有限会社コムス　代表取締役　松﨑　圭史,福原　慶寿,,,令2. 12. 1,kyushu/000491321.zip
薬局,43,1741108,エリア調剤薬局　清流店,八代市渡町１７１７番地２,0965-45-5441,有限会社プロドラッグ　代表取締役　安部　修一,安部　修一,,,令3. 4. 1,kyushu/000491321.zip
薬局,43,1741116,ふくろ町調剤薬局,八代市袋町１番４１号,0965-35-0810,株式会社クマモトメディカル　代表取締役　毛利　和子,木幡　誠,,,令3. 5. 1,kyushu/000491321.zip
薬局,43,1741124,アロハ薬局　新八代店,八代市長田町３１８４－２,0965-37-8368,アロハライフ株式会社　代表取締役　馬場　裕成,馬場　裕成,,,令3. 7. 1,kyushu/000491321.zip
薬局,43,1741140,八代はぎわら薬局,八代市萩原町二丁目１１－２,0965-35-2852,株式会社ハートフェルト　代表取締役　稲葉　一郎,大橋　裕樹,,,令3. 12. 1,kyushu/000491321.zip
薬局,43,1741157,ながたまち調剤薬局,八代市長田町３０６５－１,0965-37-8209,有限会社むつみ薬局　代表取締役　田中　晶子,関戸　久,,,令4. 10. 1,kyushu/000491321.zip
薬局,43,1741207,堤薬局,八代市鏡町鏡５３番地,0965-52-0424,株式会社とみた薬局　代表取締役　國本　俊彦,森下　孔一朗,,,令7. 4. 1,kyushu/000491321.zip
薬局,43,1741215,まつした大手町薬局,八代市大手町一丁目８番１０号,0965-65-6800,株式会社松下コーポレーション　代表取締役　松下　浩太,松下　知亜紀,,,令7. 12. 1,kyushu/000491321.zip
薬局,43,1741223,たんぽぽ薬局,八代市迎町１丁目１６号７番地,0965-31-6466,有限会社　植柳調剤薬局　代表取締役　齊藤　日早子,江浦　俊男,,,令8. 4. 1,kyushu/000491321.zip
薬局,43,1741231,さくら調剤薬局　八代本町店,八代市本町１丁目８－８,0965-45-9330,クラフト株式会社　代表取締役　新井　勝,長谷川　雄一,,,令8. 5. 1,kyushu/000491321.zip
薬局,43,1741249,さくら調剤薬局　竹原店,八代市竹原町１４３９－９,0965-37-8835,クラフト株式会社　代表取締役　新井　勝,福岡　航希,,,令8. 5. 1,kyushu/000491321.zip
薬局,43,1741256,さくら調剤薬局　臨港店,八代市大村町字溝口３４４－１,0965-39-8767,クラフト株式会社　代表取締役　新井　勝,今田　吉宣,,,令8. 5. 1,kyushu/000491321.zip
薬局,43,1840041,有限会社　吉﨑調剤薬局,玉名市高瀬５０６－１,0968-72-2616,有限会社　吉﨑調剤薬局　代表取締役　吉﨑　嘉朗,永原　知代,,,平10. 9. 15,kyushu/000491321.zip
薬局,43,1840082,有限会社ハッピー薬局,玉名市滑石２５４０－１,0968-76-2828,有限会社ハッピー薬局　代表取締役　星野　秀子,星野　秀子,,,平5. 8. 1,kyushu/000491321.zip
薬局,43,1840132,ライフ薬局,玉名市六田３７－１,0968-74-5211,株式会社創健　代表取締役　塩満　由紀夫,松川　雅哉,,,平8. 8. 1,kyushu/000491321.zip
薬局,43,1840140,そうごう薬局玉名店,玉名市寺田４３０ー４,0968-71-2171,総合メディカル株式会社　代表取締役　多田　荘一郎,湯本　大輔,,,平12. 7. 1,kyushu/000491321.zip
薬局,43,1840165,スカイメディカル玉名薬局,玉名市築地大坪１９６－１,0968-72-0108,株式会社スカイメディカルホールディングス　代表取締役　三井所嘉彦,小嶋　慶太,,,平15. 7. 1,kyushu/000491321.zip
薬局,43,1840173,そうごう薬局立願寺店,玉名市山田高岡原２０１９－１,0968-72-0081,総合メディカル株式会社　代表取締役　多田　荘一郎,武藤　拓也,,,平15. 10. 1,kyushu/000491321.zip
薬局,43,1840181,つばめ薬局,玉名市岩崎１２－１,0968-75-1331,有限会社　つばめ薬局　代表取締役　久保田めぐみ,久保田　忍,,,平16. 6. 1,kyushu/000491321.zip
薬局,43,1840199,有限会社　調剤薬局ケンコー堂立願寺店,玉名市岩崎９０２－２,0968-76-8383,有限会社　調剤薬局ケンコー堂　代表取締役　大園憲一,大園　寿枝,,,平16. 8. 1,kyushu/000491321.zip
薬局,43,1840215,（有）ハッピー薬局　岱明店,玉名市岱明町大野下字丸内１５１３－６,0968-57-5008,有限会社　ハッピー薬局　代表取締役　星野　秀子,星野　輝彦,,,平10. 8. 16,kyushu/000491321.zip
薬局,43,1840223,ヨシザキ薬品　横島店,玉名市横島町横島１７０７－１,0968-84-3730,吉﨑薬品有限会社　取締役　吉﨑　嘉朗,中島　純子,,,平7. 8. 16,kyushu/000491321.zip
薬局,43,1840264,有限会社吉永薬局　ハート薬局,玉名市築地字平町１０－７,0968-85-7373,有限会社吉永薬局　代表取締役　吉永　隆憲,吉永　隆之,,,平20. 1. 1,kyushu/000491321.zip
薬局,43,1840272,オレンジ薬局　おあま店,玉名市天水町小天６９８７の１,0968-71-5171,有限会社オレンジ薬局　代表取締役　髙田　良子,髙田　良子,,,平20. 8. 1,kyushu/000491321.zip
薬局,43,1840280,しょうぶ薬局,玉名市岩崎６５８－１,0968-72-5550,株式会社ファーマダイワ　代表取締役　岡山　善郎,泉　勇司,,,平24. 1. 1,kyushu/000491321.zip
薬局,43,1840306,そうごう薬局　玉名亀甲店,玉名市亀甲２５１番４,0968-76-6181,総合メディカル株式会社　代表取締役　多田　荘一郎,池松　貴志,,,平25. 3. 1,kyushu/000491321.zip
薬局,43,1840314,たまな駅前薬局,玉名市中１０２７－９,0968-57-8686,株式会社メビウス　代表取締役　木﨑　宏,幸惠　功祐,,,平25. 4. 1,kyushu/000491321.zip
薬局,43,1840322,新生堂薬局　くまもと県北病院前店,玉名市玉名４２９番１,0968-72-3161,株式会社新生堂薬局　代表取締役　水田　怜,糸山　早紀,,,令3. 3. 1,kyushu/000491321.zip
薬局,43,1840330,新生堂薬局　玉名はねぎ店,玉名市繁根木１４－１,0968-74-3191,株式会社新生堂薬局　代表取締役　水田　怜,上野　優花,,,平25. 8. 1,kyushu/000491321.zip
薬局,43,1840348,かめのこ調剤薬局,玉名市亀甲２４１－１,0968-74-3139,マロンファーマ株式会社　代表取締役　髙谷　典宏,髙谷　典宏,,,平25. 9. 24,kyushu/000491321.zip
薬局,43,1840355,ＤＩ薬局玉名店,玉名市立願寺１３７－１,0968-72-2110,リスペクト株式会社　代表取締役　牧嶋　信一,牧嶋　信一,,,平26. 8. 1,kyushu/000491321.zip
薬局,43,1840363,双葉薬局,玉名市立願寺１９０番地５,0968-74-5120,ネオソルタ株式会社　代表取締役　塩田　智茂,塩田　智茂,,,平29. 10. 1,kyushu/000491321.zip
薬局,43,1840371,そうごう薬局　高瀬店,玉名市高瀬３２３－２,0968-57-7181,総合メディカル株式会社　代表取締役　多田　荘一郎,高橋　朗,,,平26. 12. 1,kyushu/000491321.zip
薬局,43,1840389,いちご薬局玉名店,玉名市松木２４－３,0968-72-1515,株式会社　熊本幸生　代表取締役　中村　嘉孝,田　和彦,,,平28. 4. 1,kyushu/000491321.zip
薬局,43,1840405,ハッピー薬局　高道店,玉名市岱明町高道１１９５,0968-82-8806,有限会社ハッピー薬局　代表取締役　星野　秀子,星野　祐子,,,平29. 12. 1,kyushu/000491321.zip
薬局,43,1840413,ハッピー薬局　松木店,玉名市松木１３番地３,0968-57-8835,有限会社　ハッピー薬局　代表取締役　星野　秀子,中尾　美希,,,平30. 11. 1,kyushu/000491321.zip
薬局,43,1840421,あかり薬局,玉名市大浜町６３０,0968-82-8431,合同会社　あかり薬局　代表社員　吉﨑　嘉朗,吉﨑　嘉朗,,,平30. 11. 1,kyushu/000491321.zip
薬局,43,1840447,れいわ薬局　築地店,玉名市築地３３５番地,0968-72-0055,リスペクト株式会社　代表取締役　牧嶋　信一,牧嶋　佐知子,,,令元. 12. 1,kyushu/000491321.zip
薬局,43,1840462,いくら調剤薬局,玉名市伊倉北方２７８－４,0968-72-8777,株式会社シーバイハート　代表取締役　椛島　博子,椛島　博子,,,令2. 8. 1,kyushu/000491321.zip
薬局,43,1840470,アイン薬局　くまもと県北病院店,玉名市玉名８４２番地,0968-79-7275,株式会社アインファーマシーズ　代表取締役　淡路　英広,國﨑　涼太郎,,,令3. 3. 1,kyushu/000491321.zip
薬局,43,1840488,海浜総合薬局　築地店,玉名市築地６番地,0968-82-8338,株式会社ＳＫＹ　ＣＲＥＡＴＥ　代表取締役　榎田　泰介,椎屋　久生,,,令3. 4. 1,kyushu/000491321.zip
薬局,43,1840504,やまと薬局,玉名市中１８３６番地６,0968-57-8866,株式会社Ｗｉｓｄｏｍ　代表取締役　中山　大和,開　健太郎,,,令3. 8. 1,kyushu/000491321.zip
薬局,43,1840512,つばめ薬局高瀬,玉名市高瀬２３２－３,0968-79-8020,有限会社つばめ薬局　代表取締役　久保田　めぐみ,森田　佐矢香,,,令6. 10. 1,kyushu/000491321.zip
薬局,43,1840520,ひかり調剤薬局,玉名市亀甲１１５－８,0968-73-7074,株式会社ファルマウニオン　代表取締役　山本　雄一郎,河津　誠太郎,,,令7. 1. 1,kyushu/000491321.zip
薬局,43,1840538,たいめい薬局,玉名市岱明町鍋８２７－１,0968-57-7740,株式会社ストレチア　代表取締役　山根　弘,陣内　駿佑,,,令7. 10. 1,kyushu/000491321.zip
薬局,43,1940015,武蔵野台薬局,合志市幾久富建山１９０９－１４８０,096-248-6160,有限会社武蔵野台薬局　代表取締役　菅鉢　順子,武市　和政,,,平元. 3. 1,kyushu/000491321.zip
薬局,43,1940031,いちご薬局,合志市幾久富１８６６－１３３７,096-248-7915,有限会社　いちご薬局代表取締役　森山　憲治,森山　憲治,,,平5. 10. 1,kyushu/000491321.zip
薬局,43,1940056,すずらん薬局,合志市竹迫１９９１,096-249-2833,有限会社　メディ・ケアー　代表取締役　若松　英一,菅尾　雄貴,,,平14. 5. 16,kyushu/000491321.zip
薬局,43,1940106,三恵薬局　合志店,合志市御代志８１７－４,096-242-4168,有限会社　峰正商事　代表取締役　坂本　一馬,永田　絵美,,,平30. 2. 19,kyushu/000491321.zip
薬局,43,1940114,大塚薬局,合志市須屋二本松２７８４－２,096-242-0226,有限会社大塚薬品　代表取締役　大塚　俊朗,大塚　智仁,,,平2. 5. 1,kyushu/000491321.zip
薬局,43,1940130,大塚調剤薬局,合志市須屋字栗山２５２６－５,096-249-1201,有限会社　大塚薬品　代表取締役　大塚　俊朗,大塚　俊朗,,,平11. 11. 1,kyushu/000491321.zip
薬局,43,1940155,有限会社みよし薬局,合志市野々島字駄飼場２４４９番２,096-249-1330,有限会社みよし薬局　代表取締役　上田幸人,上田　恭平,,,平21. 7. 17,kyushu/000491321.zip
薬局,43,1940171,すや調剤薬局,合志市須屋字窪２６２－３２,096-338-8001,株式会社　タカヒロメディカル　代表取締役　阿部隆文,髙井　雅代,,,平19. 10. 1,kyushu/000491321.zip
薬局,43,1940197,ひなぎく薬局,合志市幾久富１７５８－１５０,096-249-2727,株式会社ファーマダイワ　代表取締役　岡山　善郎,下原　修治,,,平20. 11. 1,kyushu/000491321.zip
薬局,43,1940205,しずく薬局,合志市幾久富１８６６－３５６,096-348-6530,合同会社しずく企画　代表社員　渡邉　幸弘,本田　絹,,,平22. 4. 1,kyushu/000491321.zip
薬局,43,1940213,そうごう薬局　合志店,合志市須屋字中ノ平１４１５番地６,096-341-5015,総合メディカル株式会社　代表取締役　多田　荘一郎,小池　学,,,平22. 11. 1,kyushu/000491321.zip
薬局,43,1940221,西本真生堂薬局　合志店,合志市幾久富１７５８－８０２,096-247-6717,株式会社西本真生堂　代表取締役　西本　光宏,西本　成美,,,平24. 4. 1,kyushu/000491321.zip
薬局,43,1940239,シモカワ合志調剤薬局,合志市幾久富１９０９番１７２０,096-277-1601,株式会社下川薬局　代表取締役　下川　泰,大浦　美加,,,平25. 1. 1,kyushu/000491321.zip
薬局,43,1940247,すこやか堂薬局　みよし店,合志市御代志２０３７－５,096-273-6665,有限会社西口晴秀堂　代表取締役　西口　賢太朗,西口　直子,,,平25. 5. 1,kyushu/000491321.zip
薬局,43,1940262,西本真生堂薬局　御代志店,合志市御代志字高良木４６８－３,096-342-4024,株式会社西本真生堂　代表取締役　西本　光宏,江上　和哉,,,平26. 1. 1,kyushu/000491321.zip
薬局,43,1940270,ふくはら薬局,合志市福原中通１４３０－２,096-342-5678,有限会社　泰斗　代表取締役　宮野鼻　泰弘,宮﨑　浩行,,,平26. 5. 1,kyushu/000491321.zip
薬局,43,1940288,ひまわり薬局　西合志店,合志市須屋２６６５－１０,096-249-1400,株式会社ファーマダイワ　代表取締役　岡山　善郎,谷口　尊子,,,令3. 11. 1,kyushu/000491321.zip
薬局,43,1940296,菊南薬局,合志市須屋７０８－６,096-346-1132,株式会社なの花九州　代表取締役　永冨　将寛,竹本　純子,,,平26. 7. 1,kyushu/000491321.zip
薬局,43,1940304,新生堂薬局　すずかけ台店,合志市豊岡拾三町２０００－２４７７,096-215-5011,株式会社　新生堂薬局　代表取締役　水田　怜,濵田　知津子,,,平27. 3. 1,kyushu/000491321.zip
薬局,43,1940320,サン・こうし薬局,合志市須屋２７８９－３０,096-242-3333,株式会社サン・メディカル　代表取締役　田河　吉治,脇田　良彬,,,平31. 1. 1,kyushu/000491321.zip
薬局,43,1940353,アンビー中央薬局,合志市竹迫２２９２,096-247-2510,株式会社下川薬局　代表取締役　下川　泰,森田　啓一郎,,,令2. 1. 1,kyushu/000491321.zip
薬局,43,1940361,グリーン薬局豊岡店,合志市豊岡字須屋久保２０００番４１３,096-247-6515,有限会社メディックス　代表取締役　今井　政文,村上　大樹,,,令4. 4. 1,kyushu/000491321.zip
薬局,43,1940379,フレンド薬局　合志店,合志市幾久富１９０９－２２１,096-201-7722,株式会社新星薬局　代表取締役　富永　紘平,富永　紘平,,,令5. 3. 1,kyushu/000491321.zip
薬局,43,1940387,やまと薬局　光の森店,合志市幾久富１９０９－１３８７,096-247-3325,株式会社Ｗｉｓｄｏｍ　代表取締役　中山　大和,平賀　歩,,,令5. 7. 1,kyushu/000491321.zip
薬局,43,1940403,ウエルシアプラス薬局永江団地店,合志市幾久富１８６６－１３９５,096-223-7983,イオンウエルシア九州株式会社　代表取締役　内田　守,熊野　諒太,,,令7. 1. 1,kyushu/000491321.zip
薬局,43,1940411,アップル薬局　飛田バイパス店,合志市須屋７０６－２ラポール柴田Ⅱ１０２号,096-201-5530,株式会社ファルマウニオン　代表取締役　山本　雄一郎,澤　佐夜佳,,,令7. 1. 1,kyushu/000491321.zip
薬局,43,1940429,あいおい薬局,合志市合生３８２８番３,096-242-0011,株式会社ファーマダイワ　代表取締役　岡山　善郎,井本　丈士,,,令7. 7. 1,kyushu/000491321.zip
薬局,43,2040039,有限会社江崎薬局,天草市太田町６－１,0969-22-4301,有限会社江崎薬局　代表取締役　合田　道博,合田　道博,,,昭53. 6. 16,kyushu/000491321.zip
薬局,43,2040054,有限会社ゆう薬局,天草市本渡町本戸馬場２１２５－４,0969-24-2278,有限会社ゆう薬局　代表取締役　田中裕治,田中　裕治,,,昭61. 9. 1,kyushu/000491321.zip
薬局,43,2040062,東町調剤薬局,天草市東町８５番地,0969-24-3731,株式会社天草調剤薬局　代表取締役　川口　敏郎,紫藤　泰嗣,,,平25. 8. 12,kyushu/000491321.zip
薬局,43,2040096,有限会社　栄町薬局,天草市栄町１２－１５,0969-23-8660,有限会社栄町薬局　代表取締役　玉田　尚,藤川　倫利,,,平6. 8. 1,kyushu/000491321.zip
薬局,43,2040138,港町調剤薬局,天草市港町１６－１１,0969-24-1161,有限会社　翔優　　代表取締役　木場　貴俊,木場　貴俊,,,平10. 3. 1,kyushu/000491321.zip
薬局,43,2040146,株式会社木山薬局北部店,天草市八幡町１番１号,0969-24-2366,株式会社木山薬局　代表取締役　木山為彦,加藤　芹奈,,,平10. 12. 1,kyushu/000491321.zip
薬局,43,2040153,ひまわり薬局,天草市本町下河内８７５－４,0969-24-3317,有限会社　ひまわり薬局　代表取締役　札本　暢子,札本　暢子,,,平11. 10. 1,kyushu/000491321.zip
薬局,43,2040161,わかば薬局,天草市北原町１番１１号,0969-27-6336,有限会社　興福堂　代表取締役　金子初美,金子　正信,,,平16. 4. 1,kyushu/000491321.zip
薬局,43,2040179,有限会社　ハート薬局,天草市今釜新町　３４１３－１,0969-27-7500,有限会社　ハート薬局　代表取締役　木山　雄一,西村　由紀,,,平12. 10. 1,kyushu/000491321.zip
薬局,43,2040187,ほっと薬局,天草市東町１０７ー２,0969-27-5155,有限会社ほっと薬局　取締役　河野　芳一,蒲池　豪憲,,,平13. 6. 1,kyushu/000491321.zip
薬局,43,2040203,デイ薬局,天草市亀場町食場８５２－３,0969-27-5480,株式会社　天草調剤薬局　代表取締役　川口敏郎,横山　健悟,,,平16. 4. 1,kyushu/000491321.zip
薬局,43,2040211,センター薬局,天草市南新町７－１５,0969-22-6566,有限会社　ＮＡＤＡセンター薬局　取締役　伊達　誠子,伊達　瞭,,,平17. 1. 1,kyushu/000491321.zip
薬局,43,2040229,きたおか薬局,天草市東浜町１２－１,0969-32-5111,北岡　敏克,北岡　敏克,,,平17. 8. 1,kyushu/000491321.zip
薬局,43,2040245,エザキ三方堂薬局,天草市志柿町中ノ浦５６７６－２,0969-32-5254,有限会社　江崎薬局　代表取締役　合田　道博,合田　考司,,,平17. 9. 1,kyushu/000491321.zip
薬局,43,2040252,すばる薬局,天草市大浜町３－３５,0969-27-7005,有限会社　すばる薬局　代表取締役　中村　敏彦,中村　敏彦,,,平18. 1. 1,kyushu/000491321.zip
薬局,43,2040302,久玉薬局,天草市久玉町１４１１ー１８８,09697-8-8018,有限会社木山ファーマシー　代表取締役　木山為彦,真﨑　泰徳,,,平13. 5. 1,kyushu/000491321.zip
薬局,43,2040310,あい薬局,天草市牛深町３０５２－２,09697-4-7211,有限会社サンワ　代表取締役　不二原　弘枝,岩﨑　和広,,,平14. 3. 16,kyushu/000491321.zip
薬局,43,2040344,ハート薬局牛深店,天草市牛深町１４９８－３８,0969-78-8155,有限会社　ハート薬局　代表取締役　木山雄一,釣谷　武司,,,平29. 7. 1,kyushu/000491321.zip
薬局,43,2040351,うしぶか調剤薬局,天草市久玉町５７１６－１７,0969-73-4902,有限会社　同仁　代表取締役　宇良田　心,宇良田　心,,,平17. 9. 1,kyushu/000491321.zip
薬局,43,2040385,しらす薬局,天草市栖本町馬場２５７２－４０,0969-54-5055,有限会社　松崎商店　取締役　江浦　俊文,鳥居　正和,,,平15. 4. 1,kyushu/000491321.zip
薬局,43,2040393,シンワ薬局,天草市新和町小宮地渡ノ浦７６３－１０,0969-46-2855,株式会社　天草調剤薬局　代表取締役　川口　敏郎,平井　美和,,,平9. 11. 1,kyushu/000491321.zip
薬局,43,2040427,河浦薬局,天草市河浦町白木河内２２７－７,0969-75-3011,有限会社　木山ファーマシー　代表取締役　木山為彦,梅川　敏徳,,,平17. 4. 1,kyushu/000491321.zip
薬局,43,2040443,御所浦薬局,天草市御所浦町御所浦２０８１番地１３,0969-67-1775,有限会社木山ファーマシー　代表取締役　木山　為彦,宮之脇　俊英,,,令4. 5. 1,kyushu/000491321.zip
薬局,43,2040450,くすうら薬局,天草市楠浦町２７８－１,0969-24-7273,有限会社　翔優　代表取締役　木場貴俊,髙尾　彰,,,平18. 11. 1,kyushu/000491321.zip
薬局,43,2040468,イルカ薬局,天草市五和町二江１４７７－７３,0969-37-5060,株式会社ＡＱＵＡ　代表取締役　生田誠,生田　誠,,,平18. 11. 1,kyushu/000491321.zip
薬局,43,2040484,あまくさ薬局,天草市本渡町広瀬字大矢崎５－１２３,0969-33-6001,株式会社ＡＱＵＡ　代表取締役　生田誠,立山　史江,,,平18. 12. 1,kyushu/000491321.zip
薬局,43,2040500,アーチ薬局,天草市五和町城河原３－４０１,0969-28-6116,株式会社　ロクイチ　代表取締役　野崎　務一,野崎　務一,,,平19. 4. 1,kyushu/000491321.zip
薬局,43,2040559,しろはと薬局,天草市太田町７番６,0969-33-8864,有限会社江崎薬局　代表取締役　合田道博,合田　雅博,,,平21. 4. 1,kyushu/000491321.zip
薬局,43,2040609,オリーブ薬局,天草市今釜町７－３２,0969-66-9909,有限会社ハート薬局　代表取締役　木山　雄一,濱田　涼地,,,平24. 5. 1,kyushu/000491321.zip
薬局,43,2040617,ふれんず薬局,天草市五和町二江４４８８－２４,0969-33-2888,株式会社ふれんず薬局　代表取締役　内　雄治,田中　玲詩,,,平24. 10. 1,kyushu/000491321.zip
薬局,43,2040625,アクア薬局,天草市中村町３７,0969-66-9930,有限会社船の尾薬局　代表取締役　南平　礼,南平　礼,,,平25. 9. 1,kyushu/000491321.zip
薬局,43,2040633,ファイン薬局,天草市大浜町８番８号,0969-66-9951,株式会社アビィロード　代表取締役　今里　裕,今里　裕,,,平25. 9. 1,kyushu/000491321.zip
薬局,43,2040641,しもうら薬局,天草市下浦町字尾戸２００３番１,0969-66-9888,有限会社　松﨑商店　取締役　江浦　俊文,江浦　俊文,,,平25. 10. 1,kyushu/000491321.zip
薬局,43,2040666,あおぞら薬局,天草市栄町１１番１０号,0969-24-3355,株式会社　ケミスト　代表取締役　江隈　洋,江隈　洋,,,平28. 1. 1,kyushu/000491321.zip
薬局,43,2040674,ココ薬局,天草市八幡町７６－１,0969-32-5777,株式会社　ココアーク　代表取締役　川口　拓也,川口　拓也,,,平28. 4. 1,kyushu/000491321.zip
薬局,43,2040682,亀川薬局,天草市亀場町亀川１６８１番地１,0969-22-3340,株式会社亀川薬局　代表取締役　宮口　良,宮口　良,,,平30. 1. 1,kyushu/000491321.zip
薬局,43,2040690,はやし薬局,天草市城下町６番１９号,0969-24-8761,株式会社アポセカリーＨＡＹＡＳＨＩ　代表取締役　林　良樹,林　良樹,,,令元. 10. 1,kyushu/000491321.zip
薬局,43,2040708,海浜総合薬局　東町店,天草市東町７－４５,0969-22-5000,株式会社ＳＫＹ　ＣＲＥＡＴＥ　代表取締役　榎田　泰介,一世　昂太,,,令4. 1. 1,kyushu/000491321.zip
薬局,43,2040716,マリーン薬局,天草市牛深町１５５１－６９,0969-74-0317,株式会社　モアナ　代表取締役　田中　佐代子,田中　佐代子,,,令4. 4. 1,kyushu/000491321.zip
薬局,43,2040724,さいつ薬局,天草市佐伊津町５８４２－４３,0969-33-9188,株式会社かなうま　代表取締役　青柳　浩太郎,青柳　浩太郎,,,令5. 3. 1,kyushu/000491321.zip
薬局,43,2040732,南新町薬局,天草市南新町４番地１３,0969-22-2435,株式会社ジョイプランニング　代表取締役　新井　勝,木下　清登,,,令5. 3. 1,kyushu/000491321.zip
薬局,43,2040740,ありあけ薬局,天草市有明町大島子１９４９－３,0969-52-0020,株式会社められうか　代表取締役　浜崎　丈子,浜崎　智史,,,令6. 7. 1,kyushu/000491321.zip
薬局,43,2040765,エーピー薬局,天草市亀場町亀川１６９３番地２,0969-23-1170,株式会社とみた薬局　代表取締役　國本　俊彦,半田　真紀子,,,令7. 4. 1,kyushu/000491321.zip
薬局,43,2040773,スモト薬局,天草市栖本町湯船原７６８－２０,0969-66-3611,株式会社とみた薬局　代表取締役　國本　俊彦,立山　和弘,,,令7. 4. 1,kyushu/000491321.zip
薬局,43,2040781,ほんど北薬局,天草市八幡町７－２５,0969-27-5655,株式会社とみた薬局　代表取締役　國本　俊彦,吉田　大和,,,令7. 4. 1,kyushu/000491321.zip
薬局,43,2040799,サニー牛深薬局,天草市久玉町５７０４番地５,0969-78-8111,株式会社サニープレイス　代表取締役　河野　芳一,武内　剛,,,令7. 6. 1,kyushu/000491321.zip
薬局,43,2040807,木山薬局　南新町店,天草市南新町７番地１９,0969-33-7555,有限会社木山ファーマシー　代表取締役　木山　為彦,押田　真依,,,令7. 9. 1,kyushu/000491321.zip
薬局,43,2040815,あおい薬局,天草市亀場町亀川１２３－６６,0969-24-8783,タカネクト株式会社　代表取締役　山下　貴大,山下　貴大,,,令8. 4. 1,kyushu/000491321.zip
薬局,43,2340348,長生堂薬局,下益城郡美里町永富３６２,0964-47-2758,平成商事有限会社　代表取締役　鳥井　貴史,鳥井　貴史,,,平7. 10. 16,kyushu/000491321.zip
薬局,43,2340355,かやの薬局,下益城郡美里町萱野１４１９－１,0964-46-3588,有限会社　かやの　代表取締役　山下　隆雄,山下　摩里子,,,平8. 6. 16,kyushu/000491321.zip
薬局,43,2340546,みさと薬局,下益城郡美里町馬場７５８－１,0964-46-3030,有限会社　サカモト　代表取締役　鶴田　和也,坂本　倫美,,,平19. 10. 1,kyushu/000491321.zip
薬局,43,2440221,松林堂薬局,玉名郡南関町上長田字穴の口６６４－１,0968-53-1151,有限会社不知火メディクス　代表取締役　猿渡　圭一郎,城　美智子,,,令7. 6. 1,kyushu/000491321.zip
薬局,43,2440239,菊水堂薬局,玉名郡和水町江田４１４４,0968-86-2971,菊水堂薬局有限会社　取締役　原田正隆,園村　昌弘,,,平7. 1. 1,kyushu/000491321.zip
薬局,43,2440262,ヤマムラ薬局,玉名郡長洲町高浜１４８３－１,0968-78-0020,有限会社ヤマムラ薬局　代表取締役　山村正人,山村　正人,,,平19. 12. 20,kyushu/000491321.zip
薬局,43,2440288,長洲金魚薬局,玉名郡長洲町清源寺山下２７９３－１,0968-63-9385,有限会社　おくすりの本舗　取締役　山田　耕太郎,隈部　郁代子,,,平14. 10. 1,kyushu/000491321.zip
薬局,43,2440304,有限会社　なごみ薬局,玉名郡南関町上坂下井手３４７８－４,0968-69-7532,有限会社　なごみ薬局　代表取締役　板鞍健児,板鞍　健児,,,平16. 9. 1,kyushu/000491321.zip
薬局,43,2440312,有限会社　あおぞら薬局,玉名郡長洲町宮野１４６３－３,0968-65-7588,有限会社　あおぞら薬局　代表取締役　竹尾　信雄,竹尾　信雄,,,平17. 7. 1,kyushu/000491321.zip
薬局,43,2440320,長洲まりん薬局,玉名郡長洲町長洲２７１５－１,0968-78-8868,翔佑会株式会社　代表取締役　高橋操子,船越　利幸,,,平22. 6. 1,kyushu/000491321.zip
薬局,43,2440338,そうごう薬局有明長洲店,玉名郡長洲町宮野２７７５番地１,0968-78-0711,総合メディカル株式会社　代表取締役　多田　荘一郎,池田　和也,,,平22. 7. 1,kyushu/000491321.zip
薬局,43,2440346,地域の薬局,玉名郡玉東町木葉７５５番７,0968-85-6500,株式会社　Ｂｅｔｔｅｒ　Ｔｏｍｏｒｒｏｗ　Ｐｈａｒｍａｃｙ　代表取締役　渡邉　啓太,渡邉　啓太,,,平30. 11. 1,kyushu/000491321.zip
薬局,43,2440353,新生堂薬局　南関店,玉名郡南関町関町１２８４,0968-79-7667,株式会社新生堂薬局　代表取締役　水田　怜,山口　信幸,,,令5. 8. 1,kyushu/000491321.zip
薬局,43,2640382,有限会社大津岩下薬局,菊池郡大津町大津１１７６－３,096-294-1737,有限会社大津岩下薬局　取締役　岩下　知生,岩下　知生,,,平7. 3. 16,kyushu/000491321.zip
薬局,43,2640531,わたなべ薬局,菊池郡菊陽町津久礼２３７６－３,096-232-5673,有限会社　わたなべ薬局　代表取締役　渡邉　元規,渡邉　元規,,,平11. 11. 1,kyushu/000491321.zip
薬局,43,2640564,菊陽調剤薬局,菊池郡菊陽町大字津久礼２４２２番地１４,096-232-4426,有限会社　ソラリス　取締役　木村　雅一,木村　雅一,,,平12. 4. 1,kyushu/000491321.zip
薬局,43,2640572,あおぞら薬局,菊池郡大津町室２６１－１０,096-294-3088,有限会社すみれ調剤薬局　代表取締役　田中　晶子,北御門　大,,,平13. 5. 16,kyushu/000491321.zip
薬局,43,2640663,温新堂薬局菊陽店,菊池郡菊陽町原水１１５６－１６,096-233-1071,株式会社アルファ・ブレイン　代表取締役　西田　泰弘,西田　裕,,,令元. 5. 1,kyushu/000491321.zip
薬局,43,2640689,オレンジ薬局,菊池郡大津町室２１５－２２,096-349-3636,株式会社　メビウス　代表取締役　木﨑　宏,福田　有里子,,,平16. 5. 1,kyushu/000491321.zip
薬局,43,2640739,はやし調剤薬局,菊池郡菊陽町久保田２８０２－５,096-233-2554,林　泰男,林　泰男,,,平17. 10. 1,kyushu/000491321.zip
薬局,43,2640747,あきよし調剤薬局　むさし店,菊池郡菊陽町光の森３－１８－８,096-340-2223,有限会社　あきよし調剤薬局　代表取締役　秋吉　俊裕,笹原　美佳,,,平18. 4. 1,kyushu/000491321.zip
薬局,43,2640754,あざりあ薬局,菊池郡大津町室２１０－７,096-285-3050,株式会社　すずらん薬局　代表取締役　奥村英樹,奥村　英樹,,,平18. 7. 1,kyushu/000491321.zip
薬局,43,2640788,新生堂薬局　大津店,菊池郡大津町大津字門出１２１１－１,096-294-6363,株式会社　新生堂薬局　代表取締役　水田　怜,石口　和暉,,,平19. 11. 1,kyushu/000491321.zip
薬局,43,2640796,光の森７丁目薬局,菊池郡菊陽町光の森７丁目４１番地１８,096-340-2777,株式会社ファーマダイワ　代表取締役　岡山　善郎,古本　敏也,,,平20. 4. 1,kyushu/000491321.zip
薬局,43,2640804,つぼみ調剤薬局,菊池郡菊陽町光の森３丁目１７－７,096-201-8660,合同会社ケイ・メディサポート　代表社員　小田久美子,小田　久美子,,,平20. 6. 1,kyushu/000491321.zip
薬局,43,2640812,よつば調剤薬局,菊池郡菊陽町久保田字中原２９８７番２,096-285-3364,株式会社ＩＦオリーブ　代表取締役　岩下一彦,岩下　剛大,,,平21. 12. 1,kyushu/000491321.zip
薬局,43,2640853,大津ごふく薬局,菊池郡大津町室９２５－５,096-294-0600,有限会社　呉服薬局　代表取締役　藤山　真木,川野　千種,,,平26. 7. 1,kyushu/000491321.zip
薬局,43,2640879,ハロー薬局,菊池郡大津町室２２６－１,096-293-8665,株式会社　ファーマダイワ　代表取締役　岡山　善郎,榎元　洋平,,,平27. 2. 1,kyushu/000491321.zip
薬局,43,2640887,熊本調剤薬局　光の森店,菊池郡菊陽町光の森７丁目２５－５グリーンズエリア光の森１階,096-284-1503,キヤマアポテイク株式会社　代表取締役　木山　為彦,副島　寿充,,,平30. 1. 1,kyushu/000491321.zip
薬局,43,2640895,おおづ調剤薬局,菊池郡大津町大津字門出１２０７－７,096-288-6610,株式会社　タカヒロメディカル　代表取締役　阿部隆文,樺島　淳,,,平27. 6. 1,kyushu/000491321.zip
薬局,43,2640911,熊本調剤薬局　津久礼店,菊池郡菊陽町津久礼８６９－２,096-234-6761,キヤマアポテイク　株式会社　代表取締役　木山為彦,伊佐治　孝則,,,平27. 7. 1,kyushu/000491321.zip
薬局,43,2640929,みさきの薬局,菊池郡大津町引水５７８－８,096-237-7452,有限会社　ソラリス　代表取締役　木村雅一,濵　正智,,,平27. 8. 1,kyushu/000491321.zip
薬局,43,2640945,たんぽぽ薬局,菊池郡菊陽町原水字下中野５５８７－４,096-340-2121,一般社団法人健康共同ファルマ　理事長　西山　真純,岸部　文,,,平28. 4. 1,kyushu/000491321.zip
薬局,43,2640960,光の森ごふく薬局,菊池郡菊陽町光の森３丁目３－７,096-288-6526,株式会社　コーレア　代表取締役　落合　敬史,落合　敬史,,,平30. 7. 1,kyushu/000491321.zip
薬局,43,2640986,熊本調剤薬局　熊リハ店,菊池郡菊陽町曲手７６０,096-284-1088,キヤマアポテイク株式会社　代表取締役　木山　為彦,藤江　祐多,調剤,,平31. 3. 1,kyushu/000491321.zip
薬局,43,2640994,むろ薬局,菊池郡大津町室２１３番地１０,096-294-7200,株式会社メディカルパートナーズ　代表取締役　竹田　正,吉川　昌宏,,,令2. 6. 1,kyushu/000491321.zip
薬局,43,2641000,株式会社大賀薬局　菊陽店,菊池郡菊陽町大字原水２９１０番地１,096-233-9077,株式会社大賀薬局　代表取締役　大賀　崇浩,細川　百合子,,,令3. 1. 1,kyushu/000491321.zip
薬局,43,2641018,おおづまち薬局,菊池郡大津町引水７３１－３,096-237-6692,株式会社衛　代表取締役　柄沢　章夫,松井　勇樹,,,令3. 5. 1,kyushu/000491321.zip
薬局,43,2641026,なないろ薬局　菊陽店,菊池郡菊陽町津久礼２４１７－３,096-292-3700,ＯＣＭ株式会社　代表取締役　福留　伸幸,德永　昂平,,,令4. 7. 1,kyushu/000491321.zip
薬局,43,2641034,カロータ薬局,菊池郡菊陽町津久礼２４２２番地４カリーノ菊陽２階,096-233-1551,株式会社笑実メディカル　代表取締役　木原　亜希子,木原　亜希子,,,令4. 10. 1,kyushu/000491321.zip
薬局,43,2641042,新生堂薬局　光の森店,菊池郡菊陽町光の森３丁目１２－５,096-285-7643,株式会社新生堂薬局　代表取締役　水田　怜,中島　沙理衣,,,令5. 10. 1,kyushu/000491321.zip
薬局,43,2641075,株式会社大賀薬局　菊陽２号店,菊池郡菊陽町大字原水２９０９－３,096-292-6221,株式会社大賀薬局　代表取締役　大賀　崇浩,大塚　あゆみ,,,令6. 5. 1,kyushu/000491321.zip
薬局,43,2641083,アル薬局　光の森店,菊池郡菊陽町光の森５丁目２０－１１,096-234-6877,株式会社メディバリー　代表取締役　平野　弘喜,平野　弘,,,令6. 10. 1,kyushu/000491321.zip
薬局,43,2641091,アップル調剤薬局大津店,菊池郡大津町室５３９－１１,096-294-0120,株式会社ファルマウニオン　代表取締役　山本　雄一郎,野﨑　清輝,,,令7. 1. 1,kyushu/000491321.zip
薬局,43,2641109,やまもと薬局　菊陽店,菊池郡菊陽町津久礼１６５－７,096-237-8151,株式会社やまもと薬局　代表取締役　山本　翔,山本　翔,,,令7. 5. 1,kyushu/000491321.zip
薬局,43,2641117,ほおじろ薬局,菊池郡大津町大字大津２４１１－７ありえす美咲野１号,096-283-6161,合同会社ゆうあいファーマ　代表社員　鈴木田　恵一,鈴木田　恵一,,,令7. 4. 1,kyushu/000491321.zip
薬局,43,2641125,熊本調剤薬局　大津店,菊池郡大津町室５１－１,096-283-5008,キヤマアポテイク株式会社　代表取締役　木山為彦,久永　加奈子,,,令7. 7. 1,kyushu/000491321.zip
薬局,43,2641133,有限会社　松林堂薬局　大津店,菊池郡大津町室１０７－４,096-294-2558,有限会社　松林堂　代表取締役　松﨑　圭史,橋口　久輝,,,令8. 1. 1,kyushu/000491321.zip
薬局,43,2641141,さくら調剤薬局　菊陽店,菊池郡菊陽町大字津久礼３００９番地３,096-233-0881,クラフト株式会社　代表取締役　新井　勝,仁田畑　裕紀,,,令8. 5. 1,kyushu/000491321.zip
薬局,43,2641158,さくら調剤薬局　菊陽東店,菊池郡菊陽町大字馬場楠字屋敷４２７番７,096-213-5210,クラフト株式会社　代表取締役　新井　勝,　佳津江,,,令8. 5. 1,kyushu/000491321.zip
薬局,43,2740208,中村薬局,阿蘇郡高森町大字高森１２９２番地,0967-62-0142,中村　稔,中村　智子,,,平23. 10. 1,kyushu/000491321.zip
薬局,43,2740307,小国調剤薬局,阿蘇郡小国町宮原１７３５－９,0967-46-5736,有限会社阿蘇中央調剤薬局　代表取締役　岡本　茂洋,出口　生成,,,平7. 3. 16,kyushu/000491321.zip
薬局,43,2740364,南阿蘇調剤薬局,阿蘇郡高森町高森１６１２－１,0967-62-3636,有限会社南阿蘇調剤薬局　代表取締役　中村稔,泉　有加,,,平19. 11. 1,kyushu/000491321.zip
薬局,43,2740406,桐原薬局　本店,阿蘇郡高森町高森１６５１－３,09676-2-0078,有限会社　桐原薬局　代表取締役　桐原　市博,桐原　市博,,,平11. 6. 16,kyushu/000491321.zip
薬局,43,2740513,ユニスマイル薬局　小国店,阿蘇郡小国町宮原１７４８－５,0967-46-6320,株式会社ユニスマイル　代表取締役　白　成澤,堺　翼,,,平14. 4. 1,kyushu/000491321.zip
薬局,43,2740554,白川水源薬局,阿蘇郡南阿蘇村大字白川２１１１－１,0967-62-0711,株式会社ハートフェルト　代表取締役　稲葉　一郎,佐々木　雄一,,,平19. 2. 1,kyushu/000491321.zip
薬局,43,2740562,こもり薬局,阿蘇郡西原村小森２８２２－４,096-279-1270,株式会社メディライフプラス　代表取締役　杉村　暢祐,梅野　雅道,,,平29. 10. 30,kyushu/000491321.zip
薬局,43,2740570,ツツミ薬局,阿蘇郡高森町大字高森１９９０－１,0967-62-0258,堤　峰子,堤　峰子,,,平24. 1. 16,kyushu/000491321.zip
薬局,43,2740604,高森わたなべ薬局,阿蘇郡高森町大字高森２０２２－１,0967-62-1888,ヤマトファルマ有限会社　取締役　渡邊　信直,北村　法子,,,平25. 1. 1,kyushu/000491321.zip
薬局,43,2740612,きよらのさと薬局,阿蘇郡南小国町大字赤馬場１９６３－５,0967-42-0284,有限会社阿蘇中央調剤薬局　代表取締役　岡本　茂洋,佐藤　大樹,,,平25. 6. 1,kyushu/000491321.zip
薬局,43,2740620,ファミリー薬局,阿蘇郡南阿蘇村中松２８５０－３,0967-67-1845,有限会社　ナカムラファーマシー　代表取締役　中村智子,樫　智廣,,,平26. 12. 1,kyushu/000491321.zip
薬局,43,2740638,下野中央薬局,阿蘇郡南阿蘇村大字下野４０１－３,0967-35-0116,株式会社ハートフェルト　代表取締役　稲葉　一郎,齊藤　宗敏,,,平28. 7. 1,kyushu/000491321.zip
薬局,43,2740679,陽だまり薬局,阿蘇郡南阿蘇村大字立野１８７－２,0967-68-0411,株式会社ハートフェルト　代表取締役　稲葉　一郎,市川　直哉,,,令2. 11. 1,kyushu/000491321.zip
薬局,43,2740687,くぎの薬局,阿蘇郡南阿蘇村河陰４６６８,0967-67-3300,ヤマトファルマ有限会社　代表取締役　渡邊　信直,橋本　知典,,,平30. 4. 1,kyushu/000491321.zip
薬局,43,2740695,おぐに薬局,阿蘇郡小国町宮原１７７１－１,0967-48-5388,有限会社阿蘇中央調剤薬局　代表取締役　岡本　茂洋,下村　光一,,,令元. 5. 1,kyushu/000491321.zip
薬局,43,2740703,海浜総合薬局　西原店,阿蘇郡西原村小森３２０９－３,096-279-1300,株式会社ＳＫＹ　ＣＲＥＡＴＥ　代表取締役　榎田　泰介,宮﨑　美世,,,令5. 4. 1,kyushu/000491321.zip
薬局,43,2840198,コーセイ薬局,上益城郡甲佐町大字岩下１２３番地３,096-234-1491,有限会社　コーセイ商事　代表取締役　塚原　和博,清田　麻起子,,,平11. 10. 1,kyushu/000491321.zip
薬局,43,2840248,みすみや薬局,上益城郡御船町御船１０７４,096-282-1183,有限会社みすみや薬局　代表取締役　杉本　史生,杉本　史生,,,昭62. 10. 1,kyushu/000491321.zip
薬局,43,2840263,有限会社御船薬局,上益城郡御船町辺田見４１０－１－２,096-282-7630,有限会社御船薬局　代表取締役　橋本　欣也,吉原　一秀,,,平3. 9. 2,kyushu/000491321.zip
薬局,43,2840289,三恵薬局甲佐店,上益城郡甲佐町緑町字中野３２９－２,096-234-3678,有限会社　峰正商事　代表取締役　坂本　一馬,山崎　智仁,,,平5. 5. 1,kyushu/000491321.zip
薬局,43,2840297,さつき薬局　御船店,上益城郡御船町御船９３５番地１,096-282-0898,株式会社さつき薬局　代表取締役　中川　秀次,平塚　雅章,,,平23. 12. 1,kyushu/000491321.zip
薬局,43,2840339,甲佐薬局,上益城郡甲佐町岩下８７,096-234-3876,有限会社フイール　代表取締役　木下圭子,木下　圭子,,,平9. 6. 2,kyushu/000491321.zip
薬局,43,2840362,有限会社　カワグチ薬局　御船店,上益城郡御船町木倉１１８４－６,096-282-4181,有限会社カワグチ薬局　代表取締役　川口　拓郎,木原　昌俊,,,平24. 9. 1,kyushu/000491321.zip
薬局,43,2840370,いいの薬局,上益城郡益城町砥川１７２０,096-287-4181,有限会社いいの薬局　代表取締役　井島由裕,井島　由裕,,,平10. 11. 16,kyushu/000491321.zip
薬局,43,2840404,あきよし調剤薬局,上益城郡益城町惣領１３１７番１,096-289-0051,有限会社あきよし調剤薬局　取締役　秋吉　俊裕,秋吉　智子,,,令6. 9. 24,kyushu/000491321.zip
薬局,43,2840420,なまず調剤薬局,上益城郡嘉島町鯰１８９８－５,096-235-2177,有限会社九品寺調剤薬局　代表取締役　山田　まゆ子,吉川　雄治,,,平14. 1. 16,kyushu/000491321.zip
薬局,43,2840438,めーぷる薬局,上益城郡益城町惣領字木神１５１７番地６,096-289-2098,有限会社メープル　代表取締役　宮村　裕子,鵜木　杏子,,,令6. 3. 25,kyushu/000491321.zip
薬局,43,2840446,タカサキ薬局益城店,上益城郡益城町宮園７３２－１,096-289-0418,株式会社タカサキ　代表取締役　髙崎政弘,髙木　洋子,,,平15. 6. 1,kyushu/000491321.zip
薬局,43,2840479,かしま調剤薬局,上益城郡嘉島町鯰１８５５番地１,096-235-4193,有限会社　マツヤファーマシー　代表取締役　西上　昌宏,西上　昌宏,,,平30. 1. 1,kyushu/000491321.zip
薬局,43,2840503,蘇陽調剤薬局,上益城郡山都町滝上４６４ー２,0967-83-1206,有限会社蘇陽調剤薬局　代表取締役　髙田　真一,岩下　史,,,平24. 11. 12,kyushu/000491321.zip
薬局,43,2840511,まこと薬局,上益城郡山都町菅尾１５４－１,0967-83-1211,有限会社まこと薬局　代表取締役　木山　誠,木山　誠,,,平8. 8. 16,kyushu/000491321.zip
薬局,43,2840537,イオン薬局熊本店,上益城郡嘉島町上島長池２２３２,096-235-6311,イオン九州株式会社　代表取締役　中川　伊正,占部　匠,,,平17. 12. 1,kyushu/000491321.zip
薬局,43,2840560,リズム薬局,上益城郡御船町大字豊秋１５５８番３,096-202-5227,株式会社　ファーマン　代表取締役　伊東　雄一,伊東　さやか,,,平23. 8. 1,kyushu/000491321.zip
薬局,43,2840578,ましき町薬局,上益城郡益城町大字宮園４０８－２（４４街区２画地）,096-284-1581,株式会社ミユキメディカル　代表取締役　松吉　順子,廣田　直子,,,令6. 1. 29,kyushu/000491321.zip
薬局,43,2840594,山都もみじ薬局,上益城郡山都町北中島字狐平２８０６番１,0967-73-3666,株式会社見行　代表取締役　渡邊　行直,渡邊　行直,,,平30. 7. 1,kyushu/000491321.zip
薬局,43,2840602,新生堂薬局　御船店,上益城郡御船町大字辺田見３４－１,096-281-0020,株式会社新生堂薬局　代表取締役　水田　怜,吉川　あや,,,平25. 5. 1,kyushu/000491321.zip
薬局,43,2840651,そよ風薬局嘉島店,上益城郡嘉島町上島２４９６ー１,096-237-4605,株式会社　ファーマダイワ　代表取締役　岡山善郎,木村　誠作,,,平26. 5. 1,kyushu/000491321.zip
薬局,43,2840669,ひばり薬局,上益城郡嘉島町鯰１８７３－５,096-288-6950,株式会社　ファーマダイワ　代表取締役　岡山善郎,本山　好美,,,平27. 6. 1,kyushu/000491321.zip
薬局,43,2840677,新生堂薬局　益城木山店,上益城郡益城町大字木山字居屋敷３４１－８,096-287-1560,株式会社　新生堂薬局　代表取締役　水田　怜,二宮　容子,,,令7. 9. 22,kyushu/000491321.zip
薬局,43,2840685,坂梨薬局,上益城郡山都町浜町１７０－１,0967-72-1232,有限会社坂梨薬局　代表取締役　坂梨　光,坂梨　光,,,令7. 1. 25,kyushu/000491321.zip
薬局,43,2840693,チューリップ薬局,上益城郡益城町広崎１０３８－９,096-288-6264,株式会社ファーマダイワ　代表取締役　岡山　善郎,石橋　拓朗,,,平28. 9. 1,kyushu/000491321.zip
薬局,43,2840701,御船中央薬局,上益城郡御船町御船１０７１－２,096-282-2105,ＫＴＭ株式会社　代表取締役　寺岡　一英,増田　貴子,,,平28. 11. 1,kyushu/000491321.zip
薬局,43,2840719,新生堂薬局　益城惣領店,上益城郡益城町惣領１５３９－３,096-287-8701,株式会社新生堂薬局　代表取締役　水田　怜,土屋　菜月,,,平29. 7. 1,kyushu/000491321.zip
薬局,43,2840750,有限会社　松林堂薬局　益城店,上益城郡益城町大字安永５７０－４,096-286-9543,有限会社松林堂　代表取締役　松﨑　圭史,濱邊　由美子,,,令6. 4. 1,kyushu/000491321.zip
薬局,43,2840768,水の里調剤薬局,上益城郡山都町城平８４５－１,0967-72-9002,株式会社　水の里調剤薬局　代表取締役　迫　信太郎,迫　仁美,調剤,,平31. 2. 1,kyushu/000491321.zip
薬局,43,2840784,共生薬局　嘉島店,上益城郡嘉島町大字上島字西塘添２２９７番１,096-234-8410,アルファルマ株式会社　代表取締役　佐藤　拓司,伊達　淳,,,令2. 3. 1,kyushu/000491321.zip
薬局,43,2840792,コストコホールセール熊本御船倉庫店薬局,上益城郡御船町大字小坂字宮田６８９－１,096-281-7707,コストコホールセールジャパン株式会社　代表取締役　ケリー・ライアン・ハント,飛田　直樹,,,令3. 4. 1,kyushu/000491321.zip
薬局,43,2840800,オオルリ薬局,上益城郡山都町浜町２１７番地３,0967-72-0035,彩美調剤株式会社　代表取締役　迫　仁美,大石　惠介,,,令3. 7. 1,kyushu/000491321.zip
薬局,43,2840818,シモカワ広崎調剤薬局,上益城郡益城町広崎１５７２－２,096-288-7505,株式会社下川薬局　代表取締役　下川　泰,佐々木　彩,,,令3. 9. 1,kyushu/000491321.zip
薬局,43,2840826,みどり薬局,上益城郡嘉島町上島９６４番地２,096-284-1906,株式会社ファーマダイワ　代表取締役　岡山　善郎,新　温司,,,令3. 12. 1,kyushu/000491321.zip
薬局,43,2840834,西本真生堂薬局みふね店,上益城郡御船町御船９４８－４,096-202-5557,株式会社西本真生堂　代表取締役　西本　光宏,石井　豊,,,令4. 6. 1,kyushu/000491321.zip
薬局,43,2840842,かんな薬局,上益城郡益城町馬水８０５番地２,096-288-9182,ＭＫファーマシー株式会社　代表取締役　前田　憲治,村上　英樹,,,令4. 8. 1,kyushu/000491321.zip
薬局,43,2840859,やまと薬局　嘉島店,上益城郡嘉島町北甘木２０９４番１,096-285-3558,株式会社Ｗｉｓｄｏｍ　代表取締役　中山　大和,立山　和子,,,令5. 7. 1,kyushu/000491321.zip
薬局,43,2840867,ゆうすい調剤薬局,上益城郡嘉島町北甘木２２５７番地７,096-237-3337,株式会社エニードア　代表取締役　松野　龍也,錦戸　優,,,令6. 7. 1,kyushu/000491321.zip
薬局,43,2840875,嘉島むすび薬局,上益城郡嘉島町大字上島２６６７番１,096-237-0200,株式会社ファーマダイワ　代表取締役　岡山　善郎,平山　秀幸,,,令7. 8. 1,kyushu/000491321.zip
薬局,43,2840883,はままち薬局,上益城郡山都町浜町２０２番地３,0967-73-0705,株式会社九州メディカルサポート　代表取締役　磧本　将雄,上野　智恵,,,令7. 4. 1,kyushu/000491321.zip
薬局,43,2840891,こすもす薬局御船店,上益城郡御船町御船９０２－２,096-282-4244,株式会社共生ファーマシー　代表取締役　藤木　一行,堀内　貴史,,,令8. 1. 1,kyushu/000491321.zip
薬局,43,2940386,東洋調剤薬局氷川店,八代郡氷川町鹿島７７６－３,0965-52-5200,古川メディカル株式会社　代表取締役　古川　伸二,古川　伸二,,,平25. 4. 1,kyushu/000491321.zip
薬局,43,2940394,八代薬剤師会センター薬局,八代郡氷川町今字西作１５０番２,0965-62-8762,一般社団法人八代薬剤師会　代表理事　村本　昇,清水　悠也,,,平28. 2. 1,kyushu/000491321.zip
薬局,43,2940410,アロハ薬局　氷川店,八代郡氷川町宮原６９０番１,0965-65-8677,アロハライフ株式会社　代表取締役　馬場　裕成,島田　果奈,,,令7. 9. 1,kyushu/000491321.zip
薬局,43,3040079,合資会社文化堂薬局,芦北郡芦北町湯浦２２７－２,0966-86-0013,合資会社文化堂薬局　代表者　徳田　健児,徳田　健児,,,平2. 2. 1,kyushu/000491321.zip
薬局,43,3040103,有限会社　なんこう薬局,芦北郡芦北町芦北２５９３,0966-82-2780,有限会社なんこう薬局　代表取締役　田中　晶子,井上　信寿,,,平8. 12. 1,kyushu/000491321.zip
薬局,43,3040111,有限会社　さしき薬局,芦北郡芦北町佐敷１７５－１,0966-61-3071,有限会社さしき薬局　代表取締役　田中　晶子,髙村　帝吉,,,平10. 7. 16,kyushu/000491321.zip
薬局,43,3040145,なんこう薬局南店,葦北郡芦北町芦北２４１５,0966-61-3813,有限会社なんこう薬局　代表取締役　田中　晶子,山本　泰介,,,平12. 11. 1,kyushu/000491321.zip
薬局,43,3040160,はなおか調剤薬局,葦北郡芦北町佐敷３４８番地３,0966-68-3550,株式会社Ｃａｍｐｈｏｒ　代表取締役　楠原　健司,楠原　健司,,,平22. 12. 1,kyushu/000491321.zip
薬局,43,3040178,イクタ調剤薬局,葦北郡芦北町湯浦２９５－１,0966-86-2752,株式会社クマモトメディカル　代表取締役　毛利　和子,今村　元則,,,平22. 4. 1,kyushu/000491321.zip
薬局,43,3040186,三宝調剤薬局,葦北郡芦北町田浦町１１９５－１０,0966-87-2833,株式会社クマモトメディカル　代表取締役　毛利　和子,大橋　正寿,,,平22. 4. 1,kyushu/000491321.zip
薬局,43,3040194,株式会社ゆのうら調剤薬局,葦北郡芦北町湯浦２３２番地７,0966-86-1580,株式会社ゆのうら調剤薬局　代表取締役　鶴田　浩二,鶴田　浩二,,,平24. 4. 1,kyushu/000491321.zip
薬局,43,3040228,くまさん薬局,葦北郡芦北町大字芦北２０９２－１,0966-82-5501,株式会社ＮＯＧＵＣＨＩ　代表取締役　竹本　俊昭,竹本　俊昭,,,令4. 2. 1,kyushu/000491321.zip
薬局,43,3140077,合資会社山口薬局,球磨郡多良木町大字多良木６５０,0966-42-2123,合資会社山口薬局　代表社員　師井　祐子,師井　祐子,,,昭50. 3. 1,kyushu/000491321.zip
薬局,43,3140127,清風薬局,球磨郡多良木町大字多良木４２４９,0966-42-2931,株式会社ユネット　代表取締役　吉川　正男,福永　雅史,,,平2. 5. 1,kyushu/000491321.zip
薬局,43,3140143,清風薬局免田店,球磨郡あさぎり町上北１６７,0966-45-5517,株式会社ユネット　代表取締役　吉川　正男,園田　恵菜,,,平20. 4. 7,kyushu/000491321.zip
薬局,43,3140150,犬童薬局,球磨郡湯前町９５２－８,0966-43-3903,有限会社犬童薬局　代表取締役　犬童　理文,犬童　理文,,,平5. 8. 1,kyushu/000491321.zip
薬局,43,3140267,おかざき薬局,球磨郡あさぎり町深田東４４５－２,0966-49-2905,有限会社　おかざき薬局　代表取締役　福永　円香,岡崎　清,,,平10. 5. 1,kyushu/000491321.zip
薬局,43,3140291,ひご薬局　多良木店,球磨郡多良木町字下迫田９６５－１,0966-49-1011,トライアド熊本有限会社　代表取締役　大河内正彦,大河内　正彦,,,平11. 2. 1,kyushu/000491321.zip
薬局,43,3140325,清風薬局サンロード免田店,球磨郡あさぎり町免田東１２５３－１,0966-49-9600,株式会社ユネット　代表取締役　吉川　正男,田中　浩崇,,,平11. 8. 16,kyushu/000491321.zip
薬局,43,3140333,清風薬局　サンロード湯前店,球磨郡湯前町２２１４,0966-49-3335,株式会社ユネット　代表取締役　吉川　正男,筑紫　聡,,,平11. 9. 1,kyushu/000491321.zip
薬局,43,3140341,きりん薬局原田店,球磨郡多良木町大字多良木２８９９番地,0966-42-6900,有限会社ケイピーエス・ネットワーク　代表取締役　小林　智,原口　沙織,,,平13. 6. 16,kyushu/000491321.zip
薬局,43,3140366,たらぎ調剤薬局,球磨郡多良木町多良木２９０５－４,0966-43-0221,有限会社たらぎ調剤薬局　代表取締役　佐藤奈央子,佐藤　卓也,,,平13. 7. 1,kyushu/000491321.zip
薬局,43,3140382,ユニスマイル薬局　多良木いちご店,球磨郡多良木町多良木４２４７ー１,0966-42-6888,株式会社ユニスマイル　代表取締役　白　成澤,向江　大樹,,,平14. 4. 1,kyushu/000491321.zip
薬局,43,3140390,（有）くすりのエスエス堂　きりん本町薬局,球磨郡あさぎり町免田東１４９７,0966-45-6330,有限会社くすりのエスエス堂　代表取締役　松村　寛信,荒平　雄二,,,平15. 2. 1,kyushu/000491321.zip
薬局,43,3140440,百太郎薬局,球磨郡錦町西百太郎３６０４－１０５,0966-28-8123,有限会社　くすりのエスエス堂　代表取締役　松村　寛信,松村　寛信,,,平19. 6. 1,kyushu/000491321.zip
薬局,43,3140457,合資会社山口薬局・ピーチ店,球磨郡多良木町多良木字上ノ原２５９－１０,0966-42-7712,合資会社山口薬局　代表社員　師井　祐子,本山　清行,,,平21. 2. 1,kyushu/000491321.zip
薬局,43,3140465,くま薬局,球磨郡相良村川辺１８０６番地,0966-35-1300,有限会社コスモメディカル　代表取締役　境　泰良,柳井　誠二郎,,,平22. 5. 1,kyushu/000491321.zip
薬局,43,3140473,きりん薬局　岡原店,球磨郡あさぎり町岡原北９６０番地２,0966-45-1280,有限会社　ケイピーエス・ネットワーク　代表取締役　小林　智,小林　智,,,平25. 12. 1,kyushu/000491321.zip
薬局,43,3140481,クスノキ薬局　桜の里店,球磨郡水上村岩野２６７５－４,0966-47-8123,株式会社ＣＩＳファーマシィ　代表取締役　吉本　二三浩,髙橋　学,,,平26. 4. 1,kyushu/000491321.zip
薬局,43,3140515,つばめ薬局,球磨郡錦町西３６０４－３,0966-25-2500,イントロン株式会社　代表取締役　増子　治樹,大野　泰寛,,,平29. 7. 1,kyushu/000491321.zip
薬局,43,3140523,くるみ薬局,球磨郡あさぎり町上北１８１,0966-49-9630,有限会社　さしき薬局　代表取締役　田中　晶子,橋本　通,,,平30. 1. 1,kyushu/000491321.zip
薬局,43,3140531,きりん薬局　免田店,球磨郡あさぎり町免田東２７９３番３,0966-49-9120,有限会社ケイピーエス・ネットワーク　代表取締役　小林　智,三田　陽介,,,令3. 8. 1,kyushu/000491321.zip
薬局,43,3140556,くろひじ薬局,球磨郡多良木町大字黒肥地１６１３番地６,0966-35-6663,合資会社山口薬局　代表社員　師井　祐子,安田　浩美,,,令6. 2. 1,kyushu/000491321.zip
薬局,43,3140564,高階誠心堂錦調剤薬局,球磨郡錦町一武２１１１,0966-38-4940,株式会社ファルマウニオン　代表取締役　山本　雄一郎,永尾　大輔,,,令7. 1. 1,kyushu/000491321.zip
薬局,43,3140572,高階誠心堂薬局たらぎ店,球磨郡多良木町多良木２６６,0966-42-1117,株式会社ファルマウニオン　代表取締役　山本　雄一郎,寺原　雄大,,,令7. 1. 1,kyushu/000491321.zip
薬局,43,3240216,株式会社　苓北薬局,天草郡苓北町富岡３２８１,0969-35-1215,株式会社　苓北薬局　代表取締役　池田　貴子,池田　貴子,,,平26. 2. 12,kyushu/000491321.zip
薬局,43,3240323,有限会社あべ薬局,天草郡苓北町上津深江２７９－４,0969-37-0457,有限会社あべ薬局　代表取締役　阿部　賢一,阿部　賢一,,,令4. 9. 1,kyushu/000491321.zip
薬局,43,3240364,株式会社　サイカイ薬局,天草郡苓北町富岡３５９７－１７,0969-35-2616,株式会社サイカイ薬局　代表取締役　池田貴子,齋藤　昇,,,平6. 9. 1,kyushu/000491321.zip
薬局,43,7140016,株式会社アガペ・エコ薬局,熊本市中央区本山一丁目６番９号　白木ビル１Ｆ,096-319-3505,株式会社アガペ　代表取締役　藤木　一行,若林　尚志,,,平24. 4. 1,kyushu/000491321.zip
薬局,43,7140032,はくざん調剤薬局,熊本市中央区岡田町１３番２２号,096-288-0150,株式会社　タカヒロメディカル　代表取締役　阿部　隆文,伊藤　巳和,,,平24. 9. 1,kyushu/000491321.zip
薬局,43,7140057,カワノ薬局,熊本市中央区南熊本４－３－８,096-364-0762,河野　千惠,河野　千惠,,,平25. 4. 1,kyushu/000491321.zip
薬局,43,7140073,さつき薬局　水道町店,熊本市中央区水道町８－２,096-319-5120,株式会社さつき薬局　代表取締役　中川　秀次,加藤　公代,,,平26. 12. 1,kyushu/000491321.zip
薬局,43,7140081,くまもと西部薬局,熊本市中央区古城町１－２,096-325-3210,一般社団法人熊本市薬剤師会　会長　丸目　新一,吉崎　光一,,,平25. 1. 1,kyushu/000491321.zip
薬局,43,7140099,本山ごふく薬局,熊本市中央区本山４－８－３８,096-326-9133,有限会社呉服薬局　代表取締役　藤山　真木,鈴木　奨,,,平25. 3. 1,kyushu/000491321.zip
薬局,43,7140107,株式会社大賀薬局　帯山店,熊本市中央区帯山８丁目２番５号,096-384-5531,株式会社大賀薬局　代表取締役　大賀　崇浩,宮下　江梨子,,,平25. 4. 1,kyushu/000491321.zip
薬局,43,7140115,シモカワ黒髪調剤薬局,熊本市中央区黒髪６丁目１３－３０,096-288-5757,株式会社下川薬局　代表取締役　下川　泰,周田　芙充子,,,平25. 4. 1,kyushu/000491321.zip
薬局,43,7140123,ふじさき調剤薬局,熊本市中央区北千反畑町２－３,096-288-2208,株式会社　タカヒロメディカル　代表取締役　阿部　隆文,薮　由美,,,平25. 5. 1,kyushu/000491321.zip
薬局,43,7140172,花園ファルマシア琴平通り店,熊本市中央区本荘町７２０－１,096-273-6471,株式会社グリーンノット　代表取締役　出田　くみ子,黒木　恒典,,,平25. 11. 1,kyushu/000491321.zip
薬局,43,7140206,ＤＩ薬局水前寺店,熊本市中央区出水１－４－３９,096-366-1771,株式会社ネイバーズ　代表取締役　松田　秀一,武末　稜亮,,,平26. 1. 1,kyushu/000491321.zip
薬局,43,7140214,大学堂薬局　藤崎宮前支店,熊本市中央区南千反畑町１１番５号,096-342-5260,大森合資会社　代表社員　大森　一彦,大森　一彦,,,平26. 3. 1,kyushu/000491321.zip
薬局,43,7140263,つぼい調剤薬局,熊本市中央区坪井２－６－２０,096-227-6171,株式会社　Ｋファーマ　代表取締役　来海孝広,岡﨑　琢磨,,,平26. 10. 1,kyushu/000491321.zip
薬局,43,7140271,みんなの薬局,熊本市中央区黒髪２－３１－２７,096-342-6681,株式会社　ＫＭＫ　代表取締役　内田幸一,小堀　仁大,,,平26. 12. 1,kyushu/000491321.zip
薬局,43,7140289,水前寺公園薬局,熊本市中央区水前寺公園５－３８Ｌａｔｔｉｃｅ水前寺公園１Ｆ,096-237-6823,株式会社　フィッシュファーマシー　代表取締役　益山広美,石井　博美,,,平27. 3. 1,kyushu/000491321.zip
薬局,43,7140297,シモカワ熊大前調剤薬局,熊本市中央区九品寺１－１８－１５,096-371-3488,株式会社下川薬局　代表取締役　下川泰,松永　絹恵,,,平27. 8. 1,kyushu/000491321.zip
薬局,43,7140313,シモカワ薬局さくらまち店,熊本市中央区桜町３番１０号サクラマチ　クマモト　Ｂ１,096-245-6661,株式会社下川薬局　代表取締役　下川　泰,杉本　真一郎,,,令元. 9. 13,kyushu/000491321.zip
薬局,43,7140354,シモカワ渡鹿調剤薬局,熊本市中央区渡鹿１丁目１７番１９号,096-288-5288,株式会社　下川薬局　代表取締役　下川　泰,坂本　裕香,,,平27. 12. 1,kyushu/000491321.zip
薬局,43,7140362,有限会社　すこやか薬局,熊本市中央区世安３丁目１２番１号,096-324-7010,有限会社すこやか薬局　代表取締役　山口　駿介,山口　駿介,,,平28. 1. 1,kyushu/000491321.zip
薬局,43,7140370,花みずき薬局,熊本市中央区新町１丁目８番２１号,096-312-3535,株式会社ファーマダイワ　代表取締役　岡山　善郎,立石　愛彦,,,平29. 12. 1,kyushu/000491321.zip
薬局,43,7140396,高橋薬局　エルア,熊本市中央区白山２丁目１１－２２,096-373-6000,合資会社　高橋薬局　代表社員　高橋　良治,高橋　良治,,,平28. 4. 1,kyushu/000491321.zip
薬局,43,7140412,ひまわり薬局,熊本市中央区神水１－２０－７,096-387-2101,一般社団法人健康共同ファルマ　理事長　西山　真純,中村　貴鈴,,,平28. 4. 1,kyushu/000491321.zip
薬局,43,7140438,広田薬局,熊本市中央区出水４丁目３５番１８号,096-363-6767,有限会社広田薬局　代表取締役　廣田　誠介,廣田　誠介,,,平28. 4. 25,kyushu/000491321.zip
薬局,43,7140446,高橋薬局　エコル,熊本市中央区水前寺公園３－４－１Ｆ,096-385-3331,合資会社高橋薬局　代表社員　高橋　良治,高橋　加代子,,,平28. 7. 1,kyushu/000491321.zip
薬局,43,7140479,大学堂薬局　本店,熊本市中央区水道町１番２７号,096-352-0301,大森合資会社　代表社員　大森　一彦,大森　慶二,,,令2. 6. 1,kyushu/000491321.zip
薬局,43,7140487,花園ファルマシア新市街店,熊本市中央区新市街１２－３,096-321-6781,株式会社グリーンノット　代表取締役　出田　くみ子,山下　博之,,,平29. 1. 1,kyushu/000491321.zip
薬局,43,7140495,カモミール薬局,熊本市中央区室園町１０－１,096-245-6822,株式会社　エムアンドエムカンパニー　代表取締役　牧　洋一,林田　尚子,,,平29. 2. 1,kyushu/000491321.zip
薬局,43,7140503,ミドリ薬局　水前寺店,熊本市中央区新大江３丁目１２－１５,096-273-9139,株式会社　エフエム　代表取締役　百﨑　栄一,安田　小都美,,,平29. 2. 16,kyushu/000491321.zip
薬局,43,7140511,レモン薬局,熊本市中央区九品寺１丁目１４番１８号,096-285-9339,有限会社　ベクトル　代表取締役　松尾　麻祐子,松尾　麻祐子,,,平29. 4. 1,kyushu/000491321.zip
薬局,43,7140529,アガペ熊本中央薬局,熊本市中央区練兵町４３,096-312-2711,株式会社　アガペ　代表取締役　藤木　一行,中野　紗綾香,,,平29. 4. 1,kyushu/000491321.zip
薬局,43,7140537,タケシタ調剤薬局熊本店,熊本市中央区大江三丁目２－６０,096-342-4361,株式会社タケシタ調剤薬局　代表取締役　竹下　俊,今泉　文子,,,平29. 4. 1,kyushu/000491321.zip
薬局,43,7140552,新屋敷調剤薬局,熊本市中央区新屋敷１丁目１７－１２,096-371-3377,オアシスファーマ株式会社　代表取締役　鬼﨑　巧,鬼﨑　巧,,,令元. 12. 1,kyushu/000491321.zip
薬局,43,7140560,有限会社九品寺調剤薬局,熊本市中央区九品寺５丁目７番１２号,096-371-5113,有限会社九品寺調剤薬局　代表取締役　山田　まゆ子,奥田　信也,,,平29. 11. 6,kyushu/000491321.zip
薬局,43,7140578,ふじさん薬局,熊本市中央区国府２丁目１７－３５,096-342-4936,株式会社　ふじさん薬局　代表取締役　藤原　裕久,藤原　裕久,,,平30. 1. 1,kyushu/000491321.zip
薬局,43,7140586,県庁前アース薬局,熊本市中央区神水２丁目１７－２５,096-237-6883,株式会社　キャッスルメディカル　代表取締役　大河原　慎一,大河原　季充代,,,平30. 2. 1,kyushu/000491321.zip
薬局,43,7140594,こもれび薬局　熊高正門前,熊本市中央区新大江一丁目１２－１７,096-363-8989,合同会社ＳＳＧメディカル　代表社員　馬場　建輔,馬場　建輔,,,平30. 4. 1,kyushu/000491321.zip
薬局,43,7140610,水前寺ごふく薬局,熊本市中央区水前寺２丁目６－１,096-213-1020,有限会社呉服薬局　代表取締役　藤山　真木,丸山　理恵子,,,平30. 4. 1,kyushu/000491321.zip
薬局,43,7140636,さくらざか薬局　九品寺店,熊本市中央区九品寺１丁目１６－６－２０１セニック九品寺２Ｆ,096-288-5173,株式会社いわしや窪田　代表取締役　藤芳　純子,三原　昭子,,,平30. 7. 1,kyushu/000491321.zip
薬局,43,7140644,クオール薬局　熊本中央店,熊本市中央区渡鹿５－１－２６,096-375-1189,クオール株式会社　代表取締役　柄澤　忍,岩切　朋子,,,平30. 10. 1,kyushu/000491321.zip
薬局,43,7140651,マーガレット薬局,熊本市中央区琴平本町３－５５,096-288-3470,株式会社　ニアユー　代表取締役　富永　孝治,溝口　文子,,,平31. 1. 1,kyushu/000491321.zip
薬局,43,7140677,はやぶさ薬局　八王寺店,熊本市中央区八王寺町２６番１９号,096-373-2555,株式会社　絆　代表取締役　太田　勉,太田　勉,調剤,,平31. 4. 1,kyushu/000491321.zip
薬局,43,7140685,新生堂薬局　国府店,熊本市中央区国府本町８番５号,096-277-1797,株式会社新生堂薬局　代表取締役　水田　怜,三道　妃麿,,,令元. 10. 1,kyushu/000491321.zip
薬局,43,7140701,好和堂薬局,熊本市中央区辛島町５番１７号,096-352-3333,合田　貞代,合田　優一朗,,,令元. 12. 1,kyushu/000491321.zip
薬局,43,7140719,けんこう調剤薬局,熊本市中央区南熊本１丁目９－２５ＭＲＲくまもと２Ｆ,096-361-2020,株式会社クレセントファーマシー　代表取締役　尾藤　直,尾藤　直,,,令2. 1. 1,kyushu/000491321.zip
薬局,43,7140727,太陽堂薬局　九品寺交差店,熊本市中央区九品寺１丁目２番２３号ＭＣビル３階,096-245-6733,株式会社太陽堂薬局　代表取締役　古閑　進,栩谷　桂子,,,令2. 3. 1,kyushu/000491321.zip
薬局,43,7140735,つぼみ薬局,熊本市中央区坪井６丁目２２番６号,096-221-6683,有限会社オフィス８１　代表取締役　尾脇　まり子,古閑　順子,,,令2. 4. 1,kyushu/000491321.zip
薬局,43,7140743,新屋敷ごふく薬局,熊本市中央区新屋敷１丁目１４－２０,096-327-8308,有限会社エングロー　代表取締役　神山　悟朗,溝辺　竜大,,,令2. 4. 1,kyushu/000491321.zip
薬局,43,7140750,一般財団法人　恵和会　保険薬局,熊本市中央区本荘１丁目１－１くすのきテラス棟１Ｆ,096-366-8510,一般財団法人恵和会　代表理事　柳瀬　寿,柿原　健一,,,令6. 12. 1,kyushu/000491321.zip
薬局,43,7140768,タカヒロ薬局　水前寺店,熊本市中央区水前寺二丁目１９番１０号,096-288-7038,株式会社タカヒロメディカル　代表取締役　阿部　隆文,綾部　みのり,,,令2. 7. 1,kyushu/000491321.zip
薬局,43,7140776,山崎町調剤薬局,熊本市中央区山崎町３１,096-328-5041,株式会社ＮＹＫ　代表取締役　平金　雄二,小澄　一夫,,,令2. 8. 1,kyushu/000491321.zip
薬局,43,7140784,水前寺本町薬局,熊本市中央区水前寺２丁目２０－３２,096-234-8693,株式会社フィッシュファーマシー　代表取締役　益山　広美,谷口　万里,,,令2. 9. 1,kyushu/000491321.zip
薬局,43,7140792,みんなの薬局　南熊本店,熊本市中央区南熊本２丁目９番４号,096-288-4337,株式会社ＫＭＫ　代表取締役　内田　幸一,谷山　美紗子,,,令2. 11. 1,kyushu/000491321.zip
薬局,43,7140800,ファーマダイワ水前寺薬局,熊本市中央区水前寺２丁目１７－１２,096-213-1700,株式会社ファーマダイワ　代表取締役　岡山　善郎,金水　政樹,,,令2. 12. 1,kyushu/000491321.zip
薬局,43,7140818,丸十薬局,熊本市中央区南熊本３－７－２５,096-372-6232,株式会社熊本幸生　代表取締役　中村　嘉孝,石炭　兼征,,,令3. 2. 1,kyushu/000491321.zip
薬局,43,7140826,太陽堂薬局　水前寺公園店,熊本市中央区水前寺公園１５番３７号ＩＤＥＯビル２階,096-383-0777,株式会社太陽堂薬局　代表取締役　古閑　進,岡本　健太,,,令3. 6. 1,kyushu/000491321.zip
薬局,43,7140842,上水前寺薬局,熊本市中央区上水前寺２丁目２－３,096-285-5761,有限会社阿蘇中央調剤薬局　代表取締役　岡本　茂洋,民本　愛,,,令4. 3. 1,kyushu/000491321.zip
薬局,43,7140859,太陽堂薬局　県庁東店,熊本市中央区上京塚町２番１７号,096-385-3000,株式会社太陽堂薬局　代表取締役　古閑　進,古閑　進,,,令4. 4. 1,kyushu/000491321.zip
薬局,43,7140875,グリーン薬局　黒髪店,熊本市中央区黒髪５－２－６,096-321-6440,株式会社ミルキーマリーンホールディングス　代表取締役　松山　喜範,山内　洋子,,,令4. 4. 1,kyushu/000491321.zip
薬局,43,7140891,うさぎ薬局　女子大通店,熊本市中央区帯山３丁目１５－１１,096-237-6971,株式会社七草堂　代表取締役　内村　真一朗,河野　由美,,,令4. 5. 1,kyushu/000491321.zip
薬局,43,7140917,なないろ薬局　水前寺店,熊本市中央区水前寺５丁目１５－６,096-213-7716,ＯＣＭ株式会社　代表取締役　福留　伸幸,石原　大知,,,令4. 8. 1,kyushu/000491321.zip
薬局,43,7140925,いろは薬局,熊本市中央区八王寺町３６番４３号,096-237-6202,株式会社あすは　代表取締役　川口　敬,永田　有,,,令4. 8. 1,kyushu/000491321.zip
薬局,43,7140933,こくぶ薬局,熊本市中央区国府１丁目２１番２３号,096-288-2131,株式会社トレニア　代表取締役　宇土　悠,宇土　悠,,,令4. 11. 1,kyushu/000491321.zip
薬局,43,7140941,おびやま調剤薬局,熊本市中央区帯山２－１２－１３,096-377-8850,株式会社三栄メディカル　代表取締役　井野　勝夕貴,井野　勝夕貴,,,令5. 7. 1,kyushu/000491321.zip
薬局,43,7140958,りんご薬局　明午橋店,熊本市中央区南千反畑町１４－２７,096-323-5522,南日本薬品株式会社　代表取締役　吉田　將司,山下　香織,,,令5. 7. 1,kyushu/000491321.zip
薬局,43,7140974,ふれあい通り出水調剤薬局,熊本市中央区出水４丁目２５番３０号,096-371-5558,株式会社Ｌｉｅｂ　代表取締役　田中　健太郎,田中　健太郎,,,令5. 11. 1,kyushu/000491321.zip
薬局,43,7140982,パンダ調剤薬局,熊本市中央区水前寺４丁目５２－５１,096-384-2910,有限会社ココ薬局　代表取締役　中川暢子,山口　莉奈,,,令5. 11. 1,kyushu/000491321.zip
薬局,43,7141014,すいれん薬局,熊本市中央区水前寺公園４番３４号,096-382-2300,株式会社ファーマダイワ　代表取締役　岡山　善郎,柴田　奈千世,,,令6. 7. 1,kyushu/000491321.zip
薬局,43,7141022,共生薬局　子飼町店,熊本市中央区西子飼町６－７,096-343-8000,アルファルマ株式会社　代表取締役　佐藤　拓司,有賀　香緒里,,,令6. 10. 1,kyushu/000491321.zip
薬局,43,7141030,有限会社　十字堂調剤薬局,熊本市中央区新町二丁目１２番３３号１階,096-359-1460,有限会社十字堂調剤薬局　代表取締役　佐藤　弘希,荒平　光利,,,令6. 9. 1,kyushu/000491321.zip
薬局,43,7141048,アイン薬局　熊大店,熊本市中央区本荘一丁目１番１－１号くすのきテラス１階,096-372-5717,株式会社アインファーマシーズ　代表取締役　淡路　英広,大園　博文,,,令6. 12. 1,kyushu/000491321.zip
薬局,43,7141055,アップル薬局とろく店,熊本市中央区渡鹿４丁目１８番１号サンタジマビル１０１,096-363-5036,株式会社ファルマウニオン　代表取締役　山本　雄一郎,奈良　久美,,,令7. 1. 1,kyushu/000491321.zip
薬局,43,7141063,八王寺団地アップル薬局,熊本市中央区八王寺町１６－７０,096-214-3145,株式会社ファルマウニオン　代表取締役　山本　雄一郎,中野　航士朗,,,令7. 1. 1,kyushu/000491321.zip
薬局,43,7141071,はくざん中央薬局,熊本市中央区菅原町１－１,096-372-7032,株式会社ファルマウニオン　代表取締役　山本　雄一郎,林田　直樹,,,令7. 1. 1,kyushu/000491321.zip
薬局,43,7141089,ミユキ薬局　大江店,熊本市中央区大江六丁目２５番２０号,096-277-1177,株式会社ミユキメディカル　代表取締役　松吉　順子,熊丸　武弘,,,令7. 7. 1,kyushu/000491321.zip
薬局,43,7141097,ひのくに薬局　新町店,熊本市中央区新町２丁目１３－１７,096-276-8088,株式会社火乃國薬品　代表取締役　中村　繁良,西本　裕美子,,,令7. 9. 1,kyushu/000491321.zip
薬局,43,7141105,薬局　オリーブファーマシー,熊本市中央区帯山７丁目４番５４号,096-243-3239,株式会社あすは　代表取締役　川口　敬,釘本　聖也,,,令7. 10. 1,kyushu/000491321.zip
薬局,43,7141113,くるむ薬局　熊本下通店,熊本市中央区安政町５番４号カリーノ５ビル１階,096-355-3700,株式会社クルムメディカル　代表取締役　小野　照宗,桐野　真由美,,,令7. 10. 1,kyushu/000491321.zip
薬局,43,7141121,共生薬局　新町店,熊本市中央区新町三丁目９－７,096-247-9963,アルファルマ株式会社　代表取締役　佐藤　拓司,佐藤　拓司,,,令8. 5. 1,kyushu/000491321.zip
薬局,43,7141139,フレンド薬局　京町台店,熊本市中央区京町２－１４－１５－１,096-288-5008,株式会社　新星薬局　代表取締役　富永　紘平,島田　剛志,,,令8. 4. 1,kyushu/000491321.zip
薬局,43,7141147,さくら調剤薬局　本山店,熊本市中央区本山４丁目１－１３セラコート本山１Ｆ,096-312-5507,クラフト株式会社　代表取締役　新井　勝,土井　佑介,,,令8. 5. 1,kyushu/000491321.zip
薬局,43,7141154,さくら調剤薬局　坪井店,熊本市中央区坪井１丁目２－２４,096-344-3830,クラフト株式会社　代表取締役　新井　勝,磯﨑　孝也,,,令8. 5. 1,kyushu/000491321.zip
薬局,43,7141162,かごまち薬局,熊本市中央区安政町５－１５熊本第一ファームビル１Ｆ,096-247-6705,株式会社Ｗｉｓｄｏｍ　代表取締役　中山　大和,髙濵　真里子,,,令8. 5. 1,kyushu/000491321.zip
薬局,43,7240014,株式会社アガペ　保田窪薬局,熊本市東区保田窪五丁目１０番３１号,096-387-1010,株式会社アガペ　代表取締役　藤木　一行,松本　千種,,,平24. 4. 1,kyushu/000491321.zip
薬局,43,7240022,あすは薬局,熊本市東区月出五丁目４番５号,096-282-8568,株式会社あすは　代表取締役　川口　敬,吉良　翔志,,,平24. 5. 1,kyushu/000491321.zip
薬局,43,7240030,株式会社アガペ熊本薬局,熊本市東区湖東２丁目２－２８,096-214-6667,株式会社　アガペ　代表取締役　藤木　一行,清田　華乃子,,,平24. 10. 1,kyushu/000491321.zip
薬局,43,7240048,（有）オガタ薬局,熊本市東区若葉１丁目３７－１１,096-367-3389,有限会社オガタ薬局　代表取締役　尾形　知宣,浦山　真太郎,,,平24. 10. 1,kyushu/000491321.zip
薬局,43,7240063,月出薬局,熊本市東区月出２丁目４番７７号,096-385-7227,有限会社赤星薬局　取締役　赤星　誠,赤星　真由実,,,平25. 6. 1,kyushu/000491321.zip
薬局,43,7240071,ながみね東薬局,熊本市東区長嶺東２丁目１１番９４号,096-389-3210,株式会社　ＭＹＵ　代表取締役　田畑　直樹,桑原　彰宏,,,平26. 2. 1,kyushu/000491321.zip
薬局,43,7240105,麦わら薬局,熊本市東区小山町１８１５－１,096-388-6211,株式会社　恵実香　代表取締役　豊留　裕司,緒方　沙織,,,平26. 9. 1,kyushu/000491321.zip
薬局,43,7240121,なないろ薬局　山ノ神店,熊本市東区山ノ神２－１４－９０,096-214-7716,ＯＣＭ株式会社　代表取締役　福留　伸幸,田村　彰宏,,,平26. 10. 1,kyushu/000491321.zip
薬局,43,7240147,新生堂薬局　佐土原店,熊本市東区佐土原３丁目１１－９９,096-214-6111,株式会社新生堂薬局　代表取締役　水田　怜,中村　洋,,,令6. 3. 22,kyushu/000491321.zip
薬局,43,7240154,長嶺ごふく薬局,熊本市東区長嶺南６－２５－３,096-288-6013,有限会社　エングロー　代表取締役　神山悟朗,神山　悟朗,,,平27. 2. 1,kyushu/000491321.zip
薬局,43,7240162,せいら調剤薬局,熊本市東区下江津２丁目１３－１,096-285-4640,株式会社　九品寺ファーマ　代表取締役　山下　隆雄,竹内　綾子,,,平27. 5. 7,kyushu/000491321.zip
薬局,43,7240188,熊本調剤薬局　セイラ店,熊本市東区下江津７丁目７番２２号,096-234-7070,キヤマアポテイク株式会社　代表取締役　木山　為彦,白川　聖一,,,平28. 4. 1,kyushu/000491321.zip
薬局,43,7240196,すいげん調剤薬局,熊本市東区水源２丁目３－１３,096-285-6150,株式会社　エニードア　代表取締役　松野　龍也,林　優佳,,,平28. 4. 1,kyushu/000491321.zip
薬局,43,7240212,凌雲堂薬局,熊本市東区山ノ神二丁目２－３１,096-285-8648,有限会社凌雲堂　取締役　杉田　ゆき,若杉　衣子,,,平28. 9. 1,kyushu/000491321.zip
薬局,43,7240220,わかば薬局,熊本市東区秋津新町１－４１,096-367-7798,上山　洋一,上山　理香,,,平28. 9. 1,kyushu/000491321.zip
薬局,43,7240238,けんぐん薬局,熊本市東区若葉二丁目８番６号,096-214-7763,株式会社ファーマダイワ　代表取締役　岡山　善郎,森田　博樹,,,令5. 7. 1,kyushu/000491321.zip
薬局,43,7240253,ミユキ薬局月出店,熊本市東区月出１丁目５番１２号,096-273-8910,株式会社ミユキメディカル　代表取締役　松吉　順子,柳田　達也,,,平29. 2. 1,kyushu/000491321.zip
薬局,43,7240261,フレンド薬局,熊本市東区桜木１丁目１番１４号,096-368-8000,株式会社フレンド薬局　代表取締役　富永　紘平,田平　祐二,,,平29. 5. 1,kyushu/000491321.zip
薬局,43,7240279,グリーンローズ薬局,熊本市東区小山６丁目１４４６番６,096-389-0597,グリーンローズ株式会社　代表取締役　寺岡　一英,左座　祥代,,,平29. 6. 1,kyushu/000491321.zip
薬局,43,7240287,なないろ薬局　御領店,熊本市東区御領２丁目１９－９,096-388-7716,ＯＣＭ株式会社　代表取締役　福留　伸幸,木野　正康,,,平29. 7. 1,kyushu/000491321.zip
薬局,43,7240303,熊本調剤薬局　江津店,熊本市東区下江津４丁目１番２３号,096-237-6788,キヤマアポテイク株式会社　代表取締役　木山　為彦,白川　聖一,,,平29. 11. 1,kyushu/000491321.zip
薬局,43,7240329,小峯ごふく薬局,熊本市東区長嶺南５－１－１,096-368-2201,有限会社　エングロー　代表取締役　神山　悟朗,浦川　利江,,,平29. 12. 1,kyushu/000491321.zip
薬局,43,7240337,さどわら薬局,熊本市東区佐土原２丁目５番１１５号,096-285-8155,有限会社ノムラ　代表取締役　野村　直史,末永　あゆみ,,,令6. 4. 1,kyushu/000491321.zip
薬局,43,7240345,グリーン薬局戸島店,熊本市東区戸島西三丁目２番３７号,096-331-8033,有限会社メディックス　代表取締役　今井　政文,松本　美穂,,,平30. 12. 1,kyushu/000491321.zip
薬局,43,7240352,大信薬局　錦ヶ丘店,熊本市東区健軍本町１番６号,096-273-8399,株式会社ディー・シー・トレーディング　代表取締役　吉村　企右,葉石　倫彦,調剤,,平31. 4. 1,kyushu/000491321.zip
薬局,43,7240360,タケシタ調剤薬局　市民病院前店,熊本市東区東町４丁目３－４０,096-273-8888,株式会社タケシタ調剤薬局　代表取締役　竹下　俊,鵜口　暁弘,,,令元. 8. 1,kyushu/000491321.zip
薬局,43,7240386,日本調剤熊本薬局,熊本市東区東町４丁目１番６９号,096-331-7881,日本調剤株式会社　代表取締役社長　小城　和紀,東　泰之,,,令元. 10. 1,kyushu/000491321.zip
薬局,43,7240402,よつば調剤薬局戸島店,熊本市東区戸島西三丁目７番１４号,096-234-8656,株式会社ＩＦオリーブ　代表取締役　岩下　一彦,鳥羽瀬　徳之,,,令2. 1. 1,kyushu/000491321.zip
薬局,43,7240410,在宅えいよう薬局,熊本市東区榎町３－５２,096-237-6515,株式会社Ｎｕｔｒａｉｓｅ　代表取締役　中西　祐介,中西　祐介,,,令2. 2. 1,kyushu/000491321.zip
薬局,43,7240428,新外薬局,熊本市東区新外４丁目６－１０,096-365-3341,株式会社ハートフェルト　代表取締役　稲葉　一郎,秋吉　一英,,,令2. 1. 1,kyushu/000491321.zip
薬局,43,7240444,新生堂薬局　尾ノ上店,熊本市東区尾ノ上２丁目３－２８,096-284-1605,株式会社新生堂薬局　代表取締役　水田　怜,中嶋　あずさ,,,令2. 4. 1,kyushu/000491321.zip
薬局,43,7240451,タカヒロ薬局　尾ノ上店,熊本市東区尾ノ上一丁目１４番２５号,096-288-9267,株式会社タカヒロメディカル　代表取締役　阿部　隆文,宮本　恵太郎,,,令2. 8. 1,kyushu/000491321.zip
薬局,43,7240469,共生薬局　花立店,熊本市東区花立２－６－１１,096-365-2985,アルファルマ株式会社　代表取締役　佐藤　拓司,荒木　真奈美,,,令2. 8. 1,kyushu/000491321.zip
薬局,43,7240477,ミユキ薬局　日赤前店,熊本市東区長嶺南２丁目２－４１,096-285-3170,株式会社ミユキメディカル　代表取締役　松吉　順子,四郎園　巧,,,令2. 11. 1,kyushu/000491321.zip
薬局,43,7240485,ミユキ薬局　画図店,熊本市東区画図町大字重富４７４番地１,096-285-8729,株式会社ミユキメディカル　代表取締役　松吉　順子,柄澤　康治,,,令3. 1. 1,kyushu/000491321.zip
薬局,43,7240501,りんご薬局,熊本市東区八反田３－２０－１,096-201-7708,南日本薬品株式会社　代表取締役　吉田　將司,日髙　正嗣,,,令3. 10. 1,kyushu/000491321.zip
薬局,43,7240519,ねむの木薬局,熊本市東区長嶺南三丁目３番９号,096-237-6611,株式会社メビウス　代表取締役　木﨑　宏,荒巻　文,,,令3. 10. 1,kyushu/000491321.zip
薬局,43,7240527,江津湖調剤薬局,熊本市東区湖東３丁目３－１,096-234-8551,株式会社クオリティプランニング　代表取締役　長尾　由紀子,前﨑　大貴,,,令4. 3. 1,kyushu/000491321.zip
薬局,43,7240535,グリーン薬局　小峯店,熊本市東区小峯２－２－１５４,096-331-7088,株式会社ミルキーマリーンホールディングス　代表取締役　松山　喜範,持原　厚志,,,令4. 4. 1,kyushu/000491321.zip
薬局,43,7240543,すこやか堂薬局　江津店,熊本市東区下江津３丁目１５－２２,096-334-2533,有限会社西口晴秀堂　代表取締役　西口賢太朗,奥山　純,,,令4. 11. 1,kyushu/000491321.zip
薬局,43,7240550,保険調剤薬局　アシスト,熊本市東区長嶺西１－６－９５ル・メヨール１－Ｄ号,096-385-0206,株式会社熊本幸生　代表取締役　中村　嘉孝,阿部　亮太,,,令5. 1. 1,kyushu/000491321.zip
薬局,43,7240568,さどわらみのり薬局,熊本市東区佐土原２丁目６番１５号,096-365-1122,有限会社おくすりの本舗　　代表取締役　山田　耕太郎,江藤　誠二,,,令5. 3. 1,kyushu/000491321.zip
薬局,43,7240576,りんご薬局　東海大前店,熊本市東区渡鹿８－１１－３５,096-288-5059,南日本薬品株式会社　代表取締役　吉田　將司,木下　和弘,,,令6. 10. 15,kyushu/000491321.zip
薬局,43,7240584,グリーン薬局佐土原店,熊本市東区佐土原三丁目１１番４０号,096-288-6127,有限会社メディックス　代表取締役　今井　政文,吉冨　裕子,,,令5. 4. 1,kyushu/000491321.zip
薬局,43,7240592,ドラッグイレブン薬局　月出店,熊本市東区月出１丁目５番１７号,096-213-6716,株式会社ドラッグイレブン　代表取締役　半澤　剛,和田　茉莉恵,,,令5. 10. 1,kyushu/000491321.zip
薬局,43,7240600,新生堂薬局　熊本東在宅サポートセンター,熊本市東区佐土原３丁目１１－９８,096-237-6007,株式会社新生堂薬局　代表取締役　水田怜,池田　隆志,,,令5. 12. 1,kyushu/000491321.zip
薬局,43,7240642,あおば薬局,熊本市東区若葉３丁目１２番１０－１号,096-377-8862,フランティ株式会社　代表取締役　堀田　大志,柴田　勇人,,,令6. 4. 1,kyushu/000491321.zip
薬局,43,7240659,はちみつ薬局,熊本市東区戸島西三丁目１番３６号,096-285-8301,合同会社ＫＵＳＵ　代表社員　梅木　浩文,梅木　浩文,,,令6. 5. 1,kyushu/000491321.zip
薬局,43,7240667,くるみ薬局,熊本市東区長嶺南１丁目１－１ｅ－ｓｍｉｌｅ長嶺１０２,096-243-1020,株式会社Ｓｎｏｗ＆Ｍｏｏｎ　代表取締役　原　敦子,原　敦子,,,令6. 12. 1,kyushu/000491321.zip
薬局,43,7240683,日本調剤　健軍薬局,熊本市東区健軍本町２４－１０,096-283-3240,日本調剤株式会社　代表取締役社長　小城　和紀,上野　将志,,,令6. 11. 1,kyushu/000491321.zip
薬局,43,7240691,ルピナス薬局　えず店,熊本市東区画図町重富５０９－１０,096-243-1780,株式会社ＫＡＮＯＮ　代表取締役　生嶋　將人,佐々木　純子,,,令7. 1. 1,kyushu/000491321.zip
薬局,43,7240709,ゆうすい薬局,熊本市東区佐土原３丁目１１番６０号,096-360-3600,株式会社熊粋　代表取締役　園山　裕哉,園山　裕哉,,,令7. 1. 1,kyushu/000491321.zip
薬局,43,7240717,きらり薬局　江越店,熊本市南区江越１丁目８－２２,096-283-3300,ＨＹＵＧＡ　ＰＲＩＭＡＲＹ　ＣＡＲＥ株式会社　代表取締役　黒木　哲史,草野　裕貴,,,令6. 12. 1,kyushu/000491321.zip
薬局,43,7240725,熊本調剤薬局　花立店,熊本市東区花立５丁目９－２７,096-283-6088,キヤマアポテイク株式会社　代表取締役　木山　為彦,藏原　奈保,,,令7. 2. 1,kyushu/000491321.zip
薬局,43,7240733,みんなの薬局　保田窪店,熊本市東区保田窪５丁目７－２３,096-383-7777,株式会社ＫＭＫ　代表取締役　内田　幸一,前畑　佑亮,,,令7. 4. 1,kyushu/000491321.zip
薬局,43,7240741,うさぎ薬局新南部店,熊本市東区新南部三丁目７番１６０号,096-381-0809,株式会社七草堂　代表取締役　内村　真一朗,内村　真一朗,,,令8. 2. 1,kyushu/000491321.zip
薬局,43,7240758,うさぎ薬局花立店,熊本市東区花立５丁目１－３６－２Ｆ－Ａ,096-288-9277,株式会社七草堂　代表取締役　内村　真一朗,上杉　眞由美,,,令8. 2. 1,kyushu/000491321.zip
薬局,43,7240766,めめめ薬局,熊本市東区下江津４丁目１－１６,096-237-8645,西　紘太朗,西　紘太朗,,,令8. 5. 1,kyushu/000491321.zip
薬局,43,7240774,共生薬局　沼山津店,熊本市東区沼山津三丁目１－２８,096-284-8670,アルファルマ株式会社　代表取締役　佐藤　拓司,森井　美咲,,,令8. 5. 1,kyushu/000491321.zip
薬局,43,7240782,ぱーく調剤薬局,熊本市東区東町４丁目６－３５,096-365-7279,有限会社ノムラ　代表取締役　野村　直史,芝田　哲夫,,,令8. 5. 1,kyushu/000491321.zip
薬局,43,7240790,さくら調剤薬局　月出店,熊本市東区月出六丁目５－１２６,096-288-9692,クラフト株式会社　代表取締役　新井　勝,江頭　将司,,,令8. 5. 1,kyushu/000491321.zip
薬局,43,7240808,さくら調剤薬局　小峯店,熊本市東区小峯２丁目１－７,096-331-1661,クラフト株式会社　代表取締役　新井　勝,篠田　浩,,,令8. 5. 1,kyushu/000491321.zip
薬局,43,7240816,さくら調剤薬局　保田窪店,熊本市東区保田窪本町１３－１,096-285-1384,クラフト株式会社　代表取締役　新井　勝,箕田　詠莉子,,,令8. 5. 1,kyushu/000491321.zip
薬局,43,7340046,さにい薬局　上熊本店,熊本市西区上熊本２丁目１３－１１,096-354-3800,サニーファーマシー株式会社　代表取締役　板東　久訓,野田　浩一,,,平26. 3. 1,kyushu/000491321.zip
薬局,43,7340053,かがやき薬局,熊本市西区新土河原２－３－４６,096-342-5012,有限会社　ミッテル　代表取締役　篠原　節,峰　一昭,,,平26. 5. 1,kyushu/000491321.zip
薬局,43,7340061,うさぎ薬局島崎店,熊本市西区島崎５丁目４番３１号,096-288-4853,株式会社七草堂　代表取締役　内村　真一朗,北岡　宏章,,,平26. 9. 1,kyushu/000491321.zip
薬局,43,7340079,三気堂薬局　イオンタウン田崎店,熊本市西区田崎町　下寄３８０,096-245-6538,有限会社ＭＥＴ　代表取締役　池田　一之,小山　有記,,,平27. 5. 1,kyushu/000491321.zip
薬局,43,7340087,ミユキ薬局　上熊本店,熊本市西区上熊本３－２２－１,096-276-6681,株式会社　ミユキメディカル　代表取締役　松吉順子,濵﨑　昭行,,,平27. 6. 1,kyushu/000491321.zip
薬局,43,7340095,株式会社　聖心堂薬局,熊本市西区二本木１丁目２－２８,096-325-8168,株式会社聖心堂　代表取締役　神﨑　慎典,神﨑　るり子,,,平28. 6. 1,kyushu/000491321.zip
薬局,43,7340103,有限会社　松林堂薬局　田崎店,熊本市西区春日７丁目２１－８,096-326-0301,有限会社松林堂　代表取締役　松﨑　圭史,山田　嘉貴,,,平28. 6. 24,kyushu/000491321.zip
薬局,43,7340111,新生堂薬局　島崎店,熊本市西区島崎２丁目２２番２９号,096-322-9911,株式会社新生堂薬局　代表取締役　水田　怜,松川　綾美,,,平28. 7. 1,kyushu/000491321.zip
薬局,43,7340129,ぱる薬局　田崎店,熊本市西区田崎２丁目５－３４,096-342-5082,株式会社　真英　代表取締役　小宮　英樹,小宮　英樹,,,平30. 2. 1,kyushu/000491321.zip
薬局,43,7340137,たさき薬局,熊本市西区春日７－２１－１６,096-245-7966,株式会社　メビウス　代表取締役　木﨑　宏,清島　みどり,,,平30. 2. 1,kyushu/000491321.zip
薬局,43,7340145,アロハ薬局　春日店,熊本市西区春日７丁目１６－７,096-212-5508,アロハライフ株式会社　代表取締役　馬場　裕成,尾　雄作,,,令元. 7. 1,kyushu/000491321.zip
薬局,43,7340152,さくら薬局小島店,熊本市西区小島３丁目３９－５,096-329-5172,株式会社さくら　代表取締役　上野　勇,中本　誠,,,令元. 12. 1,kyushu/000491321.zip
薬局,43,7340160,大学堂薬局　熊本駅前支店,熊本市西区春日２丁目１番２４号グッドライフ熊本駅前２階,096-288-5168,大森合資会社　代表社員　大森　一彦,矢野　美保,,,令2. 5. 1,kyushu/000491321.zip
薬局,43,7340186,田崎ごふく薬局,熊本市西区田崎一丁目３番８８号,096-223-5989,有限会社呉服薬局　代表取締役　藤山　真木,大嶋　健太,,,令3. 11. 1,kyushu/000491321.zip
薬局,43,7340194,熊本調剤薬局　城山店,熊本市西区城山大塘１丁目２４番２０号,096-288-4533,キヤマアポテイク株式会社　代表取締役　木山　為彦,森﨑　雄亮,,,令4. 3. 1,kyushu/000491321.zip
薬局,43,7340202,ルピナス薬局,熊本市西区蓮台寺２丁目６－７,096-312-0917,株式会社ＫＡＮＯＮ　代表取締役　生嶋　將人,生嶋　將人,,,令4. 5. 1,kyushu/000491321.zip
薬局,43,7340210,新生堂薬局　田崎店,熊本市西区春日７丁目２８番１０号,096-276-6230,株式会社新生堂薬局　代表取締役　水田　怜,村上　誠郎,,,令4. 10. 1,kyushu/000491321.zip
薬局,43,7340228,有限会社　松林堂薬局　花園店,熊本市西区花園１丁目２０－６３,096-312-3232,有限会社松林堂　代表取締役　松﨑　圭史,橋口　久輝,,,令4. 10. 1,kyushu/000491321.zip
薬局,43,7340251,グリーン薬局　春日店,熊本市西区春日７丁目１９－６,096-328-3566,株式会社グラーティア　代表取締役　岡田　良,岡田　良,,,令6. 5. 1,kyushu/000491321.zip
薬局,43,7340269,共生薬局　田崎本町店,熊本市西区田崎本町３－２０,096-324-7882,アルファルマ株式会社　代表取締役　佐藤　拓司,林　千秋,,,令7. 7. 1,kyushu/000491321.zip
薬局,43,7340277,ジロー薬局,熊本市西区上代４丁目１３番２８号,096-288-0783,株式会社ジロー　代表取締役　前田　二郎,前田　二郎,,,令7. 11. 1,kyushu/000491321.zip
薬局,43,7340285,しらつぼ薬局,熊本市西区田崎１丁目３番７６号,096-212-5005,合同会社くやまメディカル　代表社員　岩﨑　力,岩﨑　力,,,令8. 2. 22,kyushu/000491321.zip
薬局,43,7340293,さくら調剤薬局　上熊本店,熊本市西区上熊本２丁目１２－２５,096-211-1322,クラフト株式会社　代表取締役　新井　勝,谷　直樹,,,令8. 5. 1,kyushu/000491321.zip
薬局,43,7440036,熊本調剤薬局　平成店,熊本市南区平成２丁目３番２８号,096-237-7811,キヤマアポテイク株式会社　代表取締役　木山　為彦,中村　有紀,,,平25. 6. 1,kyushu/000491321.zip
薬局,43,7440044,薬局　昊,熊本市南区薄場３丁目１１番４７号,096-277-1418,有限会社坂本調剤薬局　代表取締役　木村　哲,木村　舞,,,平25. 9. 1,kyushu/000491321.zip
薬局,43,7440051,共生薬局,熊本市南区御幸笛田二丁目１５番４３号,096-288-9710,アルファルマ株式会社　代表取締役　佐藤　拓司,佐藤　拓司,,,平26. 2. 1,kyushu/000491321.zip
薬局,43,7440085,草木堂薬局,熊本市南区近見８－１－１２,096-359-0666,太田　倫子,太田　倫子,,,平26. 7. 1,kyushu/000491321.zip
薬局,43,7440093,大信薬局平田店,熊本市南区平田１－１２－３,096-325-2622,株式会社　大信薬局　代表取締役　吉村企右,福田　隆二,,,平26. 10. 1,kyushu/000491321.zip
薬局,43,7440101,アクア調剤薬局,熊本市南区野口２－１２－１１,096-342-6898,有限会社　ソラリス　代表取締役　木村　雅一,西山　昌吾,,,平26. 11. 1,kyushu/000491321.zip
薬局,43,7440127,アイン薬局　熊本中央病院店,熊本市南区田井島１丁目５番５０号,096-370-8566,株式会社アインファーマシーズ　代表取締役　淡路　英広,金本　祥太,,,令4. 9. 1,kyushu/000491321.zip
薬局,43,7440135,アイン薬局　富合店,熊本市南区富合町古閑９５９－１,096-320-1215,株式会社アインファーマシーズ　代表取締役　淡路　英広,荒木　千鈴,,,平27. 11. 1,kyushu/000491321.zip
薬局,43,7440168,日本調剤熊本南薬局,熊本市南区御幸木部１－２－３８,096-378-1551,日本調剤株式会社　代表取締役社長　小城　和紀,荒木　葉子,,,平30. 8. 1,kyushu/000491321.zip
薬局,43,7440176,なないろ薬局　江越店,熊本市南区江越２丁目１０－１３,096-377-7716,ＯＣＭ株式会社　代表取締役　福留　伸幸,工藤　百華,,,平31. 1. 1,kyushu/000491321.zip
薬局,43,7440184,新生堂薬局　田井島店,熊本市南区田井島二丁目３番４３号,096-285-8655,株式会社　新生堂薬局　代表取締役　水田　怜,田中　優美,調剤,,平31. 4. 1,kyushu/000491321.zip
薬局,43,7440200,草津屋薬局,熊本市南区川尻１丁目３－１３,096-357-9311,浦山　真頼,浦山　真頼,,,令元. 11. 1,kyushu/000491321.zip
薬局,43,7440218,アイン薬局　熊本城南店,熊本市南区城南町今吉野丸山２８２－１,0964-46-6780,株式会社アインファーマシーズ　代表取締役　淡路　英広,中山　敬太,,,令元. 11. 1,kyushu/000491321.zip
薬局,43,7440226,共生薬局　城南店,熊本市南区城南町千町２１１２,0964-28-8289,アルファルマ株式会社　代表取締役　佐藤　拓司,椋木　隆行,,,令2. 8. 1,kyushu/000491321.zip
薬局,43,7440234,田迎薬局,熊本市南区出仲間８丁目１－１０,096-237-9497,株式会社ＫＲＨコーポレーション　代表取締役　藤川　克久,藤川　克久,,,令2. 10. 1,kyushu/000491321.zip
薬局,43,7440242,共生薬局　南高江店,熊本市南区南高江７丁目７番５４号,096-358-1787,アルファルマ株式会社　代表取締役　佐藤　拓司,坂元　里帆,,,令3. 3. 1,kyushu/000491321.zip
薬局,43,7440259,福永調剤薬局　城南店,熊本市南区城南町阿高１４７－７,096-428-1221,株式会社ココカラファインヘルスケア　　代表取締役　岡澤　隆弘,仲松　慎矢,,,令3. 4. 1,kyushu/000491321.zip
薬局,43,7440267,三恵薬局　田迎店,熊本市南区馬渡２丁目１２－１８,096-378-5578,有限会社峰正商事　代表取締役　坂本　一馬,齊藤　由美,,,令3. 9. 24,kyushu/000491321.zip
薬局,43,7440275,とみあい薬局,熊本市南区富合町田尻２９４番地１,096-358-7001,株式会社ＭＧ調剤　森田　満,森田　満,,,令3. 10. 1,kyushu/000491321.zip
薬局,43,7440291,ゆめいろ薬局,熊本市南区近見２丁目４－５５,096-342-5023,雅ＦａｍｉｌｙＰｈａｒｍａｃｙ株式会社　代表取締役　永田　雅太郎,永田　雅太郎,,,令4. 6. 1,kyushu/000491321.zip
薬局,43,7440309,城南中央薬局,熊本市南区城南町隈庄９４３番地７,0964-27-4807,株式会社城南メディカル　代表取締役　今給黎　充昭,今給黎　充昭,,,令4. 6. 1,kyushu/000491321.zip
薬局,43,7440317,海浜総合薬局　御幸店,熊本市南区御幸西２丁目３番７７号,096-377-5600,株式会社ＳＫＹ　ＣＲＥＡＴＥ　代表取締役　榎田　泰介,長谷川　喬史,,,令5. 4. 1,kyushu/000491321.zip
薬局,43,7440325,ウエルシアプラス薬局　熊本島町店,熊本市南区島町３丁目１１番４８号,096-288-4718,イオンウエルシア九州株式会社　代表取締役　内田　守,迫田　雄介,,,令5. 8. 1,kyushu/000491321.zip
薬局,43,7440358,ミユキ薬局　出仲間店,熊本市南区出仲間５丁目２番１６号,096-285-8533,株式会社ミユキメディカル　代表取締役　松吉　順子,村本　真紀子,,,令6. 4. 1,kyushu/000491321.zip
薬局,43,7440366,ややまち薬局,熊本市南区良町４丁目４－３７,096-370-5200,株式会社ファーマダイワ　代表取締役　岡山　善郎,大平　健生,,,令6. 6. 1,kyushu/000491321.zip
薬局,43,7440374,共生薬局　島町店,熊本市南区島町四丁目１４－３６,096-288-1507,アルファルマ株式会社　代表取締役　佐藤　拓司,森　智春,,,令6. 6. 1,kyushu/000491321.zip
薬局,43,7440382,近見調剤薬局,熊本市南区近見１丁目４－１０－１０１,096-274-5381,株式会社ＬＩＮＫ　代表取締役　緒方　徹,緒方　徹,,,令6. 10. 1,kyushu/000491321.zip
薬局,43,7440390,フレンド薬局　城南店,熊本市南区城南町さんさん１丁目１１番３７,0964-27-8660,株式会社共栄　代表取締役　仮屋　彰人,御舩　紫保,,,令7. 5. 1,kyushu/000491321.zip
薬局,43,7440408,共生薬局　鳶町店,熊本市南区鳶町２丁目８－６,096-211-7080,アルファルマ株式会社　代表取締役　佐藤　拓司,西山　綾香,,,令7. 5. 1,kyushu/000491321.zip
薬局,43,7440416,三気堂薬局　川尻店,熊本市南区八幡１１丁目７番３２号,096-358-8117,株式会社ＡＲＵＫＵ　代表取締役　水野　龍清,水野　龍清,,,令7. 4. 1,kyushu/000491321.zip
薬局,43,7440424,平成ごふく薬局,熊本市南区馬渡１丁目１４－２５,096-334-0145,有限会社呉服薬局　代表取締役　藤山　真木,森永　由美,,,令7. 5. 1,kyushu/000491321.zip
薬局,43,7440432,ステップ薬局,熊本市南区出仲間８丁目１番１０－１号,096-243-1888,有限会社あきよし調剤薬局　取締役　秋吉　俊裕,米村　晶子,,,令7. 9. 1,kyushu/000491321.zip
薬局,43,7440440,よこの薬局,熊本市南区良町１丁目６－３５,096-284-7121,株式会社ニアユー　代表取締役　富永　孝治,向井　大貴,,,令7. 12. 1,kyushu/000491321.zip
薬局,43,7440457,出仲間薬局,熊本市南区出仲間８丁目２－１８　１Ｆ,096-243-6560,株式会社フィッシュファーマシー　代表取締役　益山　広美,藤川　薫,,,令7. 12. 1,kyushu/000491321.zip
薬局,43,7440465,さくら調剤薬局　城南店,熊本市南区城南町藤山字南火ノ宮３６１番６,0964-28-0131,クラフト株式会社　代表取締役　新井　勝,今村　真樹,,,令8. 5. 1,kyushu/000491321.zip
薬局,43,7440473,さくら調剤薬局　浜線店,熊本市南区良町１丁目２２番１７号,096-334-3086,クラフト株式会社　代表取締役　新井　勝,吉田　晋太郎,,,令8. 5. 1,kyushu/000491321.zip
薬局,43,7440481,有限会社保険調剤ひばり薬局,熊本市南区荒尾１丁目１５番４１号,096-358-7751,有限会社保険調剤ひばり薬局　取締役　米村　和広,福留　一平,,,令8. 6. 1,kyushu/000491321.zip
薬局,43,7540017,有限会社調剤薬局ケンコー堂植木店,熊本市北区植木町舞尾５４２－２,096-272-3882,有限会社調剤薬局ケンコー堂　代表取締役　大園　憲一,飯田　健一朗,,,平24. 4. 1,kyushu/000491321.zip
薬局,43,7540025,あんず薬局,熊本市北区山室五丁目６番５号,096-247-6961,株式会社ファーマダイワ　代表取締役　岡山　善郎,井本　直美,,,平24. 5. 1,kyushu/000491321.zip
薬局,43,7540033,弓削薬局,熊本市北区弓削５丁目１２番３０号,096-348-7110,株式会社ファーマダイワ　代表取締役　岡山　善郎,角田　将一,,,平24. 10. 1,kyushu/000491321.zip
薬局,43,7540041,つくし薬局,熊本市北区楠８丁目８－５,096-277-1895,株式会社ファーマダイワ　代表取締役　岡山　善郎,井上　恵美子,,,平25. 3. 1,kyushu/000491321.zip
薬局,43,7540074,三気堂薬局　八景水谷店,熊本市北区清水亀井町１９－１０,096-288-0242,有限会社ＭＥＴ　代表取締役　池田　一之,爲國　佑治,,,平26. 4. 1,kyushu/000491321.zip
薬局,43,7540082,ほたる薬局,熊本市北区鶴羽田１丁目１４－５,096-341-1811,株式会社なの花九州　代表取締役　永冨　将寛,上村　絵美子,,,平26. 7. 1,kyushu/000491321.zip
薬局,43,7540090,むさしが丘薬局,熊本市北区武蔵ケ丘４－１０－１１,096-339-7817,株式会社　メビウス　代表取締役　木﨑　宏,堤　裕介,,,平27. 4. 6,kyushu/000491321.zip
薬局,43,7540116,三気堂薬局　龍田店,熊本市北区龍田８丁目１５－６８,096-339-2900,有限会社ＭＥＴ　代表取締役　池田　一之,爲國　理恵子,,,平27. 9. 7,kyushu/000491321.zip
薬局,43,7540124,レインボー薬局,熊本市北区山室６丁目５３２－４,096-341-1818,株式会社ファーマダイワ　代表取締役　岡山　善郎,矢野　脩一朗,,,平28. 2. 1,kyushu/000491321.zip
薬局,43,7540132,うえき薬局,熊本市北区植木町植木４６３番地,096-275-1234,株式会社メビウス　代表取締役　木﨑　宏,伊藤　優子,,,平28. 10. 3,kyushu/000491321.zip
薬局,43,7540140,くすの木薬局,熊本市北区龍田５－１－４３,096-337-5600,一般社団法人健康共同ファルマ　理事長　西山　真純,江藤　忍,,,平28. 4. 1,kyushu/000491321.zip
薬局,43,7540157,むさし塚駅前薬局,熊本市北区武蔵ケ丘１－８－２１,096-337-9337,株式会社アガペ　代表取締役　藤木　一行,河野　ツサ子,,,平28. 8. 1,kyushu/000491321.zip
薬局,43,7540165,むさし薬局,熊本市北区楠７丁目１５番１９号,096-215-8155,株式会社ファーマダイワ　代表取締役　岡山　善郎,鳥越　一寿,,,平29. 2. 1,kyushu/000491321.zip
薬局,43,7540173,三気堂薬局　津浦店,熊本市北区津浦町１３－４５,096-319-5951,有限会社ＭＥＴ　代表取締役　池田　一之,池田　可奈,,,平29. 8. 1,kyushu/000491321.zip
薬局,43,7540181,まりも薬局,熊本市北区楠６丁目６－５５村上ビル１階,096-321-6906,株式会社　夢想　代表取締役　豊留　裕司,中尾　杏輔,,,平29. 10. 1,kyushu/000491321.zip
薬局,43,7540199,スマイル薬局,熊本市北区植木町鐙田１０２９－３,096-275-5107,株式会社　ファーマダイワ　代表取締役　岡山　善郎,山下　優作,,,平30. 1. 1,kyushu/000491321.zip
薬局,43,7540207,麻生田調剤薬局,熊本市北区麻生田三丁目１１番１０号,096-338-1717,有限会社フクモト　代表取締役　福本　幹生,福本　幹生,,,令2. 1. 1,kyushu/000491321.zip
薬局,43,7540215,ミント薬局,熊本市北区八景水谷４丁目２番１６号,096-227-6566,有限会社光の森中央薬品　代表取締役　久米　正剛,古賀　優,,,令2. 2. 1,kyushu/000491321.zip
薬局,43,7540223,植木交番前薬局,熊本市北区植木町植木５３４番地,096-223-8333,株式会社フィッシュファーマシー　代表取締役　益山　広美,山本　秀麗,,,令2. 4. 1,kyushu/000491321.zip
薬局,43,7540231,りんどう薬局,熊本市北区植木町岩野４５４－３,096-273-2091,有限会社りんどう薬局　代表取締役　田渕　惠子,田渕　惠子,,,令2. 5. 1,kyushu/000491321.zip
薬局,43,7540256,ミユキ薬局　龍田店,熊本市北区龍田７丁目６番２号,096-245-6130,株式会社ミユキメディカル　代表取締役　松吉　順子,大橋　佳奈子,,,令2. 9. 1,kyushu/000491321.zip
薬局,43,7540264,しみず調剤薬局,熊本市北区清水新地２丁目１６－２８,096-288-4050,有限会社コム　代表取締役　野口　武史,野口　由佳,,,令3. 6. 1,kyushu/000491321.zip
薬局,43,7540272,よもぎ薬局,熊本市北区四方寄町１２８６－３,096-245-4720,株式会社はやし薬局　代表取締役　林　賢一郎,林　賢一郎,,,令3. 10. 1,kyushu/000491321.zip
薬局,43,7540280,植木きさらぎ薬局,熊本市北区植木町広住４１９番地１０９,096-273-3316,株式会社ハートフェルト　代表取締役　稲葉　一郎,古閑　洋恵,,,令3. 12. 1,kyushu/000491321.zip
薬局,43,7540298,ウエルシア薬局　熊本麻生田店,熊本市北区麻生田二丁目４番１０号,096-215-2252,ウエルシア薬局株式会社　代表取締役　田中　純一,大渕　隆一郎,,,令4. 5. 1,kyushu/000491321.zip
薬局,43,7540306,共生薬局　硯川店,熊本市北区硯川町１１３１,096-275-2101,アルファルマ株式会社　代表取締役　佐藤　拓司,上野　康司,,,令4. 4. 1,kyushu/000491321.zip
薬局,43,7540314,共生薬局　在宅調剤センター南店,熊本市南区御幸笛田６丁目７－１,096-237-6326,アルファルマ株式会社　代表取締役　佐藤　拓司,田中　誉之,,,令4. 5. 1,kyushu/000491321.zip
薬局,43,7540322,しんち薬局,熊本市北区清水新地６－８－２２,096-215-8233,株式会社メビウス　代表取締役　木﨑　宏,古川　雅晴,,,令5. 4. 1,kyushu/000491321.zip
薬局,43,7540371,ドラッグセイムス熊本龍田薬局,熊本市北区龍田九丁目４番３９号,096-228-7215,株式会社九州セイムス　代表取締役　浅井　家康,新井　大登,,,令6. 3. 1,kyushu/000491321.zip
薬局,43,7540389,有限会社　松林堂薬局　龍田店,熊本市北区龍田１丁目１６－６,096-348-8350,有限会社松林堂　代表取締役　松﨑　圭史,井手　裕希子,,,令6. 4. 1,kyushu/000491321.zip
薬局,43,7540397,三気堂薬局　飛田店,熊本市北区飛田４丁目１０－７,096-274-1115,有限会社ＭＥＴ　代表取締役　池田　一之,池田　一之,,,令6. 12. 1,kyushu/000491321.zip
薬局,43,7540405,アップル薬局くすのき店,熊本市北区楠６丁目１番５号,096-201-7300,株式会社ファルマウニオン　代表取締役　山本　雄一郎,本田　雄大,,,令7. 1. 1,kyushu/000491321.zip
薬局,43,7540413,清水本町調剤薬局,熊本市北区清水本町６番１号,096-344-1760,株式会社ファルマウニオン　代表取締役　山本　雄一郎,曽我　公孝,,,令7. 1. 1,kyushu/000491321.zip
薬局,43,7540421,薬局　よもぎ・ファーマシー,熊本市北区四方寄町１６５７－２,096-247-8811,株式会社サン・メディカル　代表取締役　田河　吉治,大森　俊明,,,令7. 2. 1,kyushu/000491321.zip
薬局,43,7540439,りんご薬局　清水店,熊本市北区清水岩倉２丁目１－５,096-344-2260,南日本薬品株式会社　代表取締役　吉田　將司,土田　寛子,,,令7. 3. 1,kyushu/000491321.zip
薬局,43,7540447,あまね薬局,熊本市北区武蔵ケ丘９－３－７,096-321-9330,株式会社　あまね薬局　代表取締役　小山　言,小山　言,,,令8. 5. 1,kyushu/000491321.zip
薬局,43,7540454,ドラッグセイムス麻生田薬局,熊本市北区麻生田２－１４－１７,096-274-3780,株式会社九州セイムス　代表取締役　浅井　家康,新井　大登,,,令8. 6. 1,kyushu/000491321.zip
薬局,43,7540462,さくら調剤薬局　武蔵ケ丘店,熊本市北区武蔵ケ丘７丁目１－４,096-348-4688,クラフト株式会社　代表取締役　新井　勝,前田　悠生,,,令8. 5. 1,kyushu/000491321.zip
薬局,43,7540470,さくら調剤薬局　植木店,熊本市北区改寄町字西久保２３５６－１,096-272-1915,クラフト株式会社　代表取締役　新井　勝,太田　靖子,,,令8. 5. 1,kyushu/000491321.zip
薬局,43,7540488,さくら調剤薬局　北部店,熊本市北区楠野町１０６８－３,096-215-9331,クラフト株式会社　代表取締役　新井　勝,吉田　奈央子,,,令8. 5. 1,kyushu/000491321.zip
薬局,43,7540496,さくら調剤薬局　楠店,熊本市北区楠７丁目１－６５,096-337-6676,クラフト株式会社　代表取締役　新井　勝,渡邉　とし子,,,令8. 5. 1,kyushu/000491321.zip
