med_type,pref_code,med_code,name,address,phone,opener,manager,depts,beds,designated_date,source
診療所,30,0104374,伊藤内科,〒640－8145和歌山市岡山丁３２番地,073-423-1141,伊藤周平,伊藤周平,内　他　小,,昭44.11.1,298_2026.7_kikanzentai_wakayama_ika.pdf
診療所,30,0106023,岡本内科,〒641－0007和歌山市小雑賀浜脇１５８番地,,岡本晃,岡本晃,内,,昭55.9.1,298_2026.7_kikanzentai_wakayama_ika.pdf
診療所,30,0106155,山路小児科,〒640－8055和歌山市九家ノ丁１７番地,073-428-0506,山路和彦,山路和彦,小　内,,昭56.2.1,298_2026.7_kikanzentai_wakayama_ika.pdf
診療所,30,0106353,井関循環器科内科,〒641－0014和歌山市毛見１７３－４,073-444-8111,井関冨美子,井関冨美子,内　呼　消　循,4,昭56.12.1,298_2026.7_kikanzentai_wakayama_ika.pdf
診療所,30,0106601,川崎医院,〒641－0012和歌山市紀三井寺１０９９,073-444-1005,川崎行彦,川崎行彦,内　小　放,,昭58.5.1,298_2026.7_kikanzentai_wakayama_ika.pdf
診療所,30,0106759,辻岡医院,〒649－6271和歌山市満屋８８－１,073-477-1868,辻岡悦二,辻岡悦二,内　胃　循　小　放,,昭59.6.1,298_2026.7_kikanzentai_wakayama_ika.pdf
診療所,30,0106932,楠本健夫耳鼻咽喉科,〒640－8141和歌山市五番丁３,073-422-1802,楠本健夫,楠本健夫,耳い,,昭60.10.1,298_2026.7_kikanzentai_wakayama_ika.pdf
診療所,30,0107039,江本内科,〒640－8134和歌山市芦辺丁１０,073-425-4096,江本正直,江本正直,内,,昭61.7.1,298_2026.7_kikanzentai_wakayama_ika.pdf
診療所,30,0107450,宮野眼科,〒640－8294和歌山市北中間町２８,073-436-5950,宮野恭子,宮野恭子,眼,,平元.4.1,298_2026.7_kikanzentai_wakayama_ika.pdf
診療所,30,0107492,かわばた産婦人科,〒640－8432和歌山市土入字江田２５－１,073-453-0600,川端寛,川端寛,婦　産　小,8,平元.6.1,298_2026.7_kikanzentai_wakayama_ika.pdf
診療所,30,0107559,小池クリニック,〒640－8323和歌山市太田二丁目１３番２５号ヒロメディカルセンター,073-474-0033,小池廣昭,小池廣昭,内　糖尿病内　代　謝内　胃腸内,,平元.9.1,298_2026.7_kikanzentai_wakayama_ika.pdf
診療所,30,0107583,吉田皮膚科,〒640－8482和歌山市六十谷２２２－２６,073-461-9515,吉田春美,吉田春美,皮,,平元.12.1,298_2026.7_kikanzentai_wakayama_ika.pdf
診療所,30,0107625,土井脳神経外科クリ,〒640－8482和歌山市六十谷３５－１,073-461-2777,土井英史,土井英史,脳外　内　神内　リハ,,平2.2.1,298_2026.7_kikanzentai_wakayama_ika.pdf
診療所,30,0107674,多田内科,〒640－8137和歌山市吹上二丁目２－３２東洋ビル１階３号室,073-431-6525,多田正己,多田正己,内　糖内,,平2.6.1,298_2026.7_kikanzentai_wakayama_ika.pdf
診療所,30,0107773,ひらいし小児科,〒640－8323和歌山市太田二丁目１３－２５ヒロメディカルセンター１Ｆ,073-474-0609,平石英三,平石英三,小,,平3.5.1,298_2026.7_kikanzentai_wakayama_ika.pdf
診療所,30,0107781,土井内科胃腸科,〒640－8316和歌山市有家２４９の１６,073-474-8885,土井芳夫,土井芳夫,内　胃,,平3.5.1,298_2026.7_kikanzentai_wakayama_ika.pdf
診療所,30,0107815,菖蒲医院,〒640－8481和歌山市直川１９０５－１,073-461-8911,菖蒲隆治,菖蒲隆治,内　外　整外　こ　う　リハ,,平3.7.1,298_2026.7_kikanzentai_wakayama_ika.pdf
診療所,30,0107880,北山健医院,〒640－0112和歌山市西庄１８７－５,073-454-6234,北山健,北山健,内　外　整外　放　呼内,,平3.12.1,298_2026.7_kikanzentai_wakayama_ika.pdf
診療所,30,0108011,さかぐち医院,〒640－8039和歌山市宇治袋町１３番地,073-427-0072,坂口輝夫,坂口輝夫,内　呼　胃　循,,平4.10.1,298_2026.7_kikanzentai_wakayama_ika.pdf
診療所,30,0108052,坂田内科,〒641－0003和歌山市坂田池ノ内４５３番地,073-474-7119,坂田晃彦,坂田晃彦,内　呼　胃　循　リハ　放,,平5.3.1,298_2026.7_kikanzentai_wakayama_ika.pdf
診療所,30,0108078,太田皮フ科,〒640－8432和歌山市土入２０の８,073-454-1112,太田孝,太田孝,皮,,平5.5.1,298_2026.7_kikanzentai_wakayama_ika.pdf
診療所,30,0108102,さかつじ内科,〒640－8150和歌山市十三番丁６２番地,073-433-0880,坂辻喜久一,坂辻喜久一,内　消　胃　循　呼　アレ　放,,平5.5.1,298_2026.7_kikanzentai_wakayama_ika.pdf
診療所,30,0108243,榎原内科医院,〒640－8434和歌山市榎原２７２－２７,073-454-2662,岩橋徳明,岩橋徳明,内　呼　放,,平6.7.1,298_2026.7_kikanzentai_wakayama_ika.pdf
診療所,30,0108250,秋田クリニック,〒641－0035和歌山市関戸４丁目３－１０,073-445-2700,秋田信行,秋田信行,他　呼内　外　リ　ハ,,平6.7.1,298_2026.7_kikanzentai_wakayama_ika.pdf
診療所,30,0108284,田村眼科,〒640－8341和歌山市黒田１２０番地アソートクロダ３Ｆ,073-471-5305,田村学,田村学,眼,,平6.8.1,298_2026.7_kikanzentai_wakayama_ika.pdf
診療所,30,0108300,榎本耳鼻咽喉科,〒641－0034和歌山市新高町３－１０,073-445-8787,榎本多津子,榎本多津子,耳い　アレ,,平6.8.1,298_2026.7_kikanzentai_wakayama_ika.pdf
診療所,30,0108508,いわはしクリニック,〒641－0051和歌山市西高松２丁目１３ー２３,073-446-1884,岩橋俊幸,岩橋俊幸,整外　眼　リハ　放　外　内,,平7.10.1,298_2026.7_kikanzentai_wakayama_ika.pdf
診療所,30,0108581,虎谷医院,〒641－0052和歌山市東高松２丁目９番２０号,073-423-2157,虎谷佳幸,虎谷佳幸,内,,平8.1.1,298_2026.7_kikanzentai_wakayama_ika.pdf
診療所,30,0108599,なかい眼科,〒640－8314和歌山市神前１４６ー１メゾンローズ１階,073-474-0377,中井敦子,中井敦子,眼,,平8.3.1,298_2026.7_kikanzentai_wakayama_ika.pdf
診療所,30,0108615,にしたに内科,〒640－8481和歌山市直川９６０ー３,073-462-4131,西谷博,西谷博,内　呼内　循内　消内　腎内　糖内　皮,,平8.4.1,298_2026.7_kikanzentai_wakayama_ika.pdf
診療所,30,0108656,野村内科医院,〒640－8392和歌山市中之島６８８－１,073-433-6533,野村康晴,野村康晴,内　他,,平8.9.1,298_2026.7_kikanzentai_wakayama_ika.pdf
診療所,30,0108664,宮本眼科クリニック,〒640－8150和歌山市十三番丁２８－２,073-432-9580,宮本嘉久,宮本嘉久,眼,,平8.9.1,298_2026.7_kikanzentai_wakayama_ika.pdf
診療所,30,0108672,中村クリニック,〒640－8312和歌山市森小手穂７２０－５,073-472-7700,中村昌丈,中村昌丈,他　内　外　皮　小,,平8.10.1,298_2026.7_kikanzentai_wakayama_ika.pdf
診療所,30,0108763,武田医院,〒640－8441和歌山市栄谷１９９－１,073-455-4500,武田博之,武田博之,内　他　皮,,平9.4.1,298_2026.7_kikanzentai_wakayama_ika.pdf
診療所,30,0108797,田メンタルクリニ,〒641－0013和歌山市内原９１５グリーンフル北野,073-448-2300,吉田義昭,吉田義昭,精　心内,,平9.6.1,298_2026.7_kikanzentai_wakayama_ika.pdf
診療所,30,0108839,中居内科,〒649－6326和歌山市和佐中２３１－１,073-477-6870,中居靖治,中居靖治,内　胃,,平9.7.1,298_2026.7_kikanzentai_wakayama_ika.pdf
診療所,30,0108847,米田医院,〒649－6314和歌山市島２３４－６,073-461-7807,米田泰幸,米田泰幸,内　呼　消　循　リハ　アレ,,平9.7.1,298_2026.7_kikanzentai_wakayama_ika.pdf
診療所,30,0108862,たかたクリニック,〒640－8453和歌山市木ノ本１１９－５,073-455-5550,高田敏夫,高田敏夫,内　整外　リハ　麻,,平9.10.1,298_2026.7_kikanzentai_wakayama_ika.pdf
診療所,30,0108912,ファミリークリニッ,〒640－0112和歌山市西庄８６２－５,073-456-3741,新家澄子,新家澄子,内　呼　消　循　放,,平9.11.1,298_2026.7_kikanzentai_wakayama_ika.pdf
診療所,30,0108953,しま内科胃腸科クリ,〒640－8432和歌山市土入１６８－５２,073-455-6600,島基,島基,内　精　胃　心内　リハ,,平10.1.1,298_2026.7_kikanzentai_wakayama_ika.pdf
診療所,30,0108979,坂部クリニック,〒649－6305和歌山市谷１８,073-461-1030,坂部朝彦,坂部朝彦,内　小,,平10.3.1,298_2026.7_kikanzentai_wakayama_ika.pdf
病院,30,0110108,医療法人浜病院,〒640－8137和歌山市吹上２丁目４－７,073-436-2141,医療法人浜病院理事長須佐忠史,柏木秀夫,内　外　糖内　消　療養病床　内　内視鏡内　放　リハ,115,昭35.8.1,298_2026.7_kikanzentai_wakayama_ika.pdf
病院,30,0110116,医療法人橋本病院,〒641－0041和歌山市堀止南ノ丁４番３１号,073-426-3388,医療法人橋本病院理事長橋本忠通,橋本忠通,療養病床　消外　肛外　外（　内視鏡）　整外　リハ　内　消内　循内　糖内　心内　精　放　麻　ひ　皮　呼内　血内,118,昭35.8.1,298_2026.7_kikanzentai_wakayama_ika.pdf
診療所,30,0110140,スガイ化学工業株式,〒641－0043和歌山市宇須４－４－６,073-422-1171,スガイ化学工業株式会社代表取締役社長野間修,北田可奈子,内　皮,,昭35.8.1,298_2026.7_kikanzentai_wakayama_ika.pdf
病院,30,0110165,医療法人宮本病院,〒641－0054和歌山市塩屋３－６－１,073-444-0576,医療法人宮本病院理事長宮本典亮,寺田尚子,精　心内,271,昭35.8.1,298_2026.7_kikanzentai_wakayama_ika.pdf
病院,30,0110231,医療法人曙会和歌,〒641－0054和歌山市塩屋６－２－７０,073-444-1600,医療法人曙会理事長遠藤仁,遠藤仁,療養病床　内　脳内　外　整　外　小　ひ　眼　リハ　循内　消内　血液内　乳外　血管外　皮　美容　皮膚科,162,昭34.4.1,298_2026.7_kikanzentai_wakayama_ika.pdf
病院,30,0110256,医療法人田村病院,〒649－6261和歌山市小倉６４５,073-477-1268,医療法人田村病院理事長木下定子,木下定子,精　脳内,174,昭36.4.25,298_2026.7_kikanzentai_wakayama_ika.pdf
病院,30,0110272,愛徳医療福祉センタ,〒641－0044和歌山市今福３丁目５番４１号,073-425-2391,社会福祉法人愛徳園理事長原嘉子,下薗英史,整外　リハ　小　児童精神科　内　ひ,60,昭36.7.1,298_2026.7_kikanzentai_wakayama_ika.pdf
病院,30,0110413,琴の浦リハビリテー,〒641－0014和歌山市毛見字馬瀬１４５１番地,073-444-3141,社会福祉法人琴の浦リハビリテーションセンター理事長園部秀樹,園部秀樹,整外　ひ　リハ　麻　リウ　脳内　脳外,108,昭41.11.14,298_2026.7_kikanzentai_wakayama_ika.pdf
病院,30,0110454,瀬藤病院,〒640－8145和歌山市岡山丁７１番地,073-424-3181,医療法人弘仁会理事長中井謙之,瀬藤弘行,内　循内、消内　放　リハ,20,昭43.5.1,298_2026.7_kikanzentai_wakayama_ika.pdf
診療所,30,0110462,スガイ化学工業株式,〒640－8404和歌山市湊１２８０番地,073-423-6341,スガイ化学工業株式会社代表取締役社長野間修,北田可奈子,内　皮,,昭44.7.1,298_2026.7_kikanzentai_wakayama_ika.pdf
病院,30,0110496,医療法人藤民病院,〒641－0054和歌山市塩屋３－６－２,073-445-9881,医療法人藤民病院理事長宮本典亮,向井龍一郎,内　精　消内　リ　ハ　整外　外,93,昭48.6.1,298_2026.7_kikanzentai_wakayama_ika.pdf
病院,30,0110579,医療法人福慈会福,〒641－0021和歌山市和歌浦東３丁目５番３１号,073-445-3101,医療法人福慈会理事長福昭人,福昭人,消外　外　内　放　麻　消内　代謝　内　内分泌内　循　内　肛外　リハ　精　心内,54,昭51.10.1,298_2026.7_kikanzentai_wakayama_ika.pdf
病院,30,0110587,医療法人裕紫会中,〒640－8303和歌山市鳴神１２３－１,073-471-3111,医療法人裕紫会理事長中谷さつき,曲里浩人,内　外　整外　消　内　循内　内視鏡　内　脳内　呼内　ひ　放　リハ　糖　尿病・代謝内科,195,昭52.10.1,298_2026.7_kikanzentai_wakayama_ika.pdf
病院,30,0110611,角谷整形外科病院,〒640－8343和歌山市吉田３３７番地,073-433-1161,社会医療法人スミヤ理事長角谷正文,吉田宗人,整外　内　循　形　外　リハ　放　麻　リウ,60,昭54.1.1,298_2026.7_kikanzentai_wakayama_ika.pdf
病院,30,0110637,和歌山生協病院,〒640－8390和歌山市有本１４３－１,073-471-7711,和歌山中央医療生活協同組合理事長古田光明,畑伸弘,内　外　小　呼内　神内　アレ　リ　ウ　整外　リハ　放　麻　消内、循　内、糖内、大腸・　肛門、消外、腎内　（透析）　皮,156,昭55.11.1,298_2026.7_kikanzentai_wakayama_ika.pdf
診療所,30,0110652,みどりが丘ホーム診,〒649－6326和歌山市和佐中２１３の１,073-477-4374,社会福祉法人みどり会理事長古梅弘,古梅弘,外　内　リハ,,昭56.12.1,298_2026.7_kikanzentai_wakayama_ika.pdf
病院,30,0110660,稲田病院,〒641－0004和歌山市和田１１７５番地,073-472-1135,医療法人稲祥会理事長稲田雅宏,稲田雅宏,内　消化器内科　眼　リハ,72,昭57.1.1,298_2026.7_kikanzentai_wakayama_ika.pdf
診療所,30,0110678,ナカムラメディカル,〒640－8005和歌山市元寺町南ノ丁５０,073-433-3305,医療法人紀成会ナカムラメディカルクリニック理事長中村成,中村成,内　呼　消胃　胃　消　循　リハ　放　リウ,,昭57.2.1,298_2026.7_kikanzentai_wakayama_ika.pdf
病院,30,0110769,医療法人青松会河,〒640－8413和歌山市島橋東ノ丁１番１１号,073-455-1015,医療法人青松会理事長田村渉,田村渉,内　脳内　外　皮　放　リハ　小　消化器内科、循環　器内科、神経小児　科　呼内　整外,99,昭58.4.1,298_2026.7_kikanzentai_wakayama_ika.pdf
診療所,30,0110777,松風苑診療所,〒640－8483和歌山市園部１６６８－１,073-455-3676,社会福祉法人紀伊松風苑理事長横山申彦,横山申彦,内　外,,昭58.9.1,298_2026.7_kikanzentai_wakayama_ika.pdf
診療所,30,0110785,社会福祉法人山口,〒649－6318和歌山市藤田２５の１,073-461-5757,社会福祉法人山口葵会理事長坂部朝彦,坂部朝彦,内,,昭58.10.1,298_2026.7_kikanzentai_wakayama_ika.pdf
病院,30,0110793,医療法人良友会西,〒640－8432和歌山市土入１７６番地,073-452-1233,医療法人良友会理事長中谷剛,山本康久,内　整外　リハ　放　呼内　腎内　消内　循内　糖内　リウマチ・膠原　病内科　透析　皮　脳内　ひ,120,昭58.10.1,298_2026.7_kikanzentai_wakayama_ika.pdf
診療所,30,0110827,河西診療所,〒640－8442和歌山市平井字渡り上６６番地の１,073-451-6177,和歌山中央医療生活協同組合理事長古田光明,木津俊一,内　小,,昭59.5.1,298_2026.7_kikanzentai_wakayama_ika.pdf
病院,30,0110868,医療法人愛晋会中,〒640－8461和歌山市船所３０番地の１,073-451-0222,医療法人愛晋会理事長中江聡,中江聡,内　外　整外　消　内　胃内　内視内　糖内　循内　乳　内　消外　内視外　放　呼内　脳外　リハ　麻　脳内　ひ,192,昭60.1.1,298_2026.7_kikanzentai_wakayama_ika.pdf
診療所,30,0110892,本州化学工業診療所,〒641－0007和歌山市小雑賀２丁目５番１１５号,073-422-8171,本州化学工業株式会社和歌山工場常務執行役員工場長中口徹,小池正人,内　皮,,昭61.1.1,298_2026.7_kikanzentai_wakayama_ika.pdf
病院,30,0110926,医療法人旭会和歌,〒641－0021和歌山市和歌浦東３丁目２番３８号,073-444-0861,医療法人旭会和歌浦病院理事長篠田元子,篠田晋,精　心内,172,昭62.6.1,298_2026.7_kikanzentai_wakayama_ika.pdf
診療所,30,0110934,医療法人青木整形,〒641－0015和歌山市布引７６３番地の８,073-446-2110,医療法人青木整形外科理事長青木克,青木克,整外　リハ　放　療養病床　麻　リウ,11,昭62.7.1,298_2026.7_kikanzentai_wakayama_ika.pdf
診療所,30,0110967,医療法人殿最会みな,〒640－8342和歌山市友田町４丁目１８,073-432-2666,医療法人殿最会みながクリニック理事長池田健太郎,池田健太郎,内　循環器内科　呼内　糖尿病内科,,昭63.1.1,298_2026.7_kikanzentai_wakayama_ika.pdf
診療所,30,0110983,医療法人甃友会や,〒640－8322和歌山市秋月５７０番地,073-474-1370,医療法人甃友会理事長中井大貴,山本悟,内　ひ　小,,昭63.2.1,298_2026.7_kikanzentai_wakayama_ika.pdf
病院,30,0111049,半羽胃腸病院,〒641－0041和歌山市堀止南ノ丁４番１１号,073-436-3933,医療法人療明会理事長半羽慶行,半羽慶行,内　消内　肛門外　療養病床　腎内　外　精　皮　ひ　リハ　放,51,平元.3.1,298_2026.7_kikanzentai_wakayama_ika.pdf
診療所,30,0111056,医療法人森医院,〒649－6339和歌山市弘西７９３,073-461-0005,医療法人森医院理事長森喜久夫,森喜久夫,内　呼　消　循　小　放,,平元.4.1,298_2026.7_kikanzentai_wakayama_ika.pdf
診療所,30,0111114,今福診療所,〒641－0044和歌山市今福２丁目１番１６号,073-425-2775,紀の国医療生活協同組合理事長田中良示,田中良示,内　小　放,10,平元.6.1,298_2026.7_kikanzentai_wakayama_ika.pdf
診療所,30,0111122,医療法人一穂会武,〒640－8303和歌山市鳴神１００５,073-473-5000,医療法人一穂会武用整形外科理事長武用瀧彦,武用瀧彦,整外　リハ　放　リウ,,平元.6.1,298_2026.7_kikanzentai_wakayama_ika.pdf
診療所,30,0111130,森内科小児科,〒640－8319和歌山市手平４丁目２番２１号,073-422-6588,医療法人森内科小児科理事長森惠子,森惠子,内　小,,平元.7.1,298_2026.7_kikanzentai_wakayama_ika.pdf
診療所,30,0111148,生協芦原診療所,〒640－8124和歌山市雄松町２丁目５５,073-423-4349,和歌山中央医療生活協同組合理事長古田光明,山本純嗣,外　内,,平元.7.1,298_2026.7_kikanzentai_wakayama_ika.pdf
診療所,30,0111213,医療法人圭泉会三,〒641－0034和歌山市新高町９番１０号,073-444-6311,医療法人圭泉会理事長三谷英夫,三谷英夫,整外　内　外　皮　リハ　放　リウ　アレ,,平2.1.1,298_2026.7_kikanzentai_wakayama_ika.pdf
診療所,30,0111254,医療法人弘愛会黒,〒640－8435和歌山市古屋６４番地,073-451-7458,医療法人弘愛会理事長黒田留未,黒田卓也,内　小　放　呼内　消化器内科、循　環器内科、胃腸内　科,3,平2.4.1,298_2026.7_kikanzentai_wakayama_ika.pdf
病院,30,0111288,向井病院,〒649－6331和歌山市北野２８３番地,073-461-1156,医療法人明成会理事長山野雅弘,貴志鈴江,内　脳外　精　心　内　リハ　放,70,平2.5.1,298_2026.7_kikanzentai_wakayama_ika.pdf
診療所,30,0111296,北山クリニック,〒640－8444和歌山市次郎丸７８番地の３,073-454-2700,医療法人北医会理事長北山匡彦,北山匡彦,他　内　呼内　放,,平2.6.1,298_2026.7_kikanzentai_wakayama_ika.pdf
診療所,30,0111379,耳鼻咽喉科池田クリ,〒640－8343和歌山市吉田５８８,073-431-5963,医療法人耳鼻咽喉科池田クリニック理事長池田哲也,池田哲也,耳い　アレ,,平3.7.1,298_2026.7_kikanzentai_wakayama_ika.pdf
診療所,30,0111429,医療法人マイクリニ,〒640－8033和歌山市本町６丁目５５番地,073-422-0102,医療法人マイクリニック理事長三谷育子,三谷育子,小　新生児小児科　産婦,,平4.2.1,298_2026.7_kikanzentai_wakayama_ika.pdf
診療所,30,0111445,医療法人小西眼科,〒640－8482和歌山市六十谷２２２番地の３９,073-461-7701,医療法人小西眼科理事長小西則子,小西則子,眼,,平4.8.1,298_2026.7_kikanzentai_wakayama_ika.pdf
診療所,30,0111452,宮本医院,〒641－0051和歌山市西高松１丁目５番３６号,073-422-6065,医療法人潤生会理事長宮本克之,宮本克之,内　小　リハ　胃,,平5.2.1,298_2026.7_kikanzentai_wakayama_ika.pdf
診療所,30,0111502,星野クリニック,〒640－8342和歌山市友田町５丁目３２番地,073-422-0007,医療法人明星会理事長星野好則,星野好則,消化器内　消化器　外　循環器内　腎　臓内　内　呼内　神内　外　リハ　放　整外　糖尿病　内　血液内　乳腺　外　肛門外　精　心内,14,平5.7.1,298_2026.7_kikanzentai_wakayama_ika.pdf
診療所,30,0111510,綿貫整形外科,〒649－6331和歌山市北野２８１,073-462-6200,医療法人昭陽会理事長綿貫匡則,綿貫匡則,整外　リハ　放　麻,19,平5.8.1,298_2026.7_kikanzentai_wakayama_ika.pdf
診療所,30,0111577,アンシアナトー診療,〒640－8422和歌山市松江東１丁目７番２５号,073-454-8900,社会福祉法人河西福祉会理事長松尾直章,赤木佳菜子,内,,平6.6.1,298_2026.7_kikanzentai_wakayama_ika.pdf
診療所,30,0111585,山口整形外科,〒640－8472和歌山市大谷４０５の１,073-452-3121,医療法人慈生会山口整形外科理事長山口節生,山口耕史,整外　リハ　放,,平6.8.1,298_2026.7_kikanzentai_wakayama_ika.pdf
診療所,30,0111601,医療法人上西内科,〒640－8243和歌山市徒町２８番地,073-422-2965,医療法人上西内科理事長上西豊基,上西豊基,内　呼　アレ　消　小,,平7.1.1,298_2026.7_kikanzentai_wakayama_ika.pdf
診療所,30,0111627,医療法人恒生会菱,〒640－8263和歌山市茶屋ノ丁１番地３,073-423-8201,医療法人恒生会理事長菱川泰,菱川泰,整外　内,,平7.2.1,298_2026.7_kikanzentai_wakayama_ika.pdf
診療所,30,0111635,医療法人真正会龍,〒641－0008和歌山市北中島１丁目５番１号,073-436-0001,医療法人真正会理事長龍神正導,保田賢展,整外　リハ　外,,平7.3.1,298_2026.7_kikanzentai_wakayama_ika.pdf
診療所,30,0111643,西庄園診療所,〒640－0112和歌山市西庄１１３３番地の２,073-452-8856,社会福祉法人真愛会理事長黒田旬子,黒田真由,内　神内　消内,,平7.5.1,298_2026.7_kikanzentai_wakayama_ika.pdf
診療所,30,0111650,医療法人山本内科・,〒641－0013和歌山市内原９３７－２８,073-447-2203,医療法人山本内科・消化器科理事長生駒貴子,生駒貴子,内　消内　循内　呼内　放,,平7.7.1,298_2026.7_kikanzentai_wakayama_ika.pdf
診療所,30,0111692,和歌山市夜間・休日,〒640－8137,073-425-8181,和歌山市和歌,永井尚子,内　小　耳い　歯,,平7.10.1,299_2026.7_kikanzentai_wakayama_sikaheisetu.pdf
診療所,30,0131696,応急診療センター,和歌山市吹上５丁目２番１５号,,山市長尾花正啓,,,,移動,299_2026.7_kikanzentai_wakayama_sikaheisetu.pdf
診療所,30,0111718,紀伊クリニック,〒649－6332和歌山市宇田森２７５番地の１０,073-461-7161,医療法人明成会理事長山野雅弘,山野雅弘,内　外　整外　リ　ハ　放,19,平7.12.1,298_2026.7_kikanzentai_wakayama_ika.pdf
診療所,30,0111742,医療法人塩﨑医院,〒640－8482和歌山市六十谷３６３番地の３,073-461-8004,医療法人塩﨑医院理事長塩﨑憲,塩﨑憲,内　外　放　麻　消内、肛門外、肛　門内,4,平8.2.1,298_2026.7_kikanzentai_wakayama_ika.pdf
診療所,30,0111767,岩本脳神経外科,〒640－8314和歌山市神前３９５番地の２,073-474-3357,医療法人宗眞会理事長岩本宗久,岩本宗久,脳外　神内　リハ　放,,平8.2.1,298_2026.7_kikanzentai_wakayama_ika.pdf
診療所,30,0111783,喜多クリニック和歌,〒640－8269和歌山市小松原通１丁目１番１１号大岩ビル３階,073-425-2235,医療法人巨周会理事長山本正敏,山本正敏,内　放　消内,,平8.2.1,298_2026.7_kikanzentai_wakayama_ika.pdf
診療所,30,0111791,岩橋内科,〒641－0008和歌山市北中島１丁目７番１２号,073-427-1030,医療法人岩橋内科理事長岩橋司,岩橋司,胃　循　内,,平8.2.1,298_2026.7_kikanzentai_wakayama_ika.pdf
病院,30,0111817,須佐病院,〒640－8324和歌山市吹屋町４丁目３０番地,073-427-1111,医療法人須佐病院理事長須佐忠史,須佐忠史,整外　外　内　消　内　麻　放　リハ　脳外,60,平8.2.1,298_2026.7_kikanzentai_wakayama_ika.pdf
診療所,30,0111833,医療法人伊奈胃腸科,〒640－8033和歌山市本町２丁目４２番地,073-428-1717,医療法人伊奈胃腸科理事長植村隆一郎,植村隆一郎,内　胃　外　こう　放,,平8.4.1,298_2026.7_kikanzentai_wakayama_ika.pdf
診療所,30,0111858,一般財団法人ＮＳメ,〒640－8404,073-454-4115,一般財団法人Ｎ,高橋千都,内　消内　循内,,平8.10.1,299_2026.7_kikanzentai_wakayama_sikaheisetu.pdf
診療所,30,0131852,ディカル・ヘルスケ,和歌山市湊１８５０,,Ｓメディカル・ヘルスケアサービス理事長鳥井孝一,,外　婦　歯　歯外　糖内　精,,新規,299_2026.7_kikanzentai_wakayama_sikaheisetu.pdf
診療所,30,0111866,社会福祉法人わか,〒641－0061和歌山市田野１７５,073-445-0808,社会福祉法人わかうら会理事長土山憲一郎,土山泰子,循内　内,,平8.11.1,298_2026.7_kikanzentai_wakayama_ika.pdf
診療所,30,0111874,横山内科,〒641－0043和歌山市宇須１丁目５－１５,073-422-1741,医療法人横山クリニック理事長横山申彦,横山申彦,内　他　胃　呼　循　小　リハ　放　リウ　アレ,,平9.1.1,298_2026.7_kikanzentai_wakayama_ika.pdf
診療所,30,0111882,医療法人栄会貴志内,〒640－8441和歌山市栄谷７４５,073-455-1120,医療法人栄会貴志内科理事長貴志徹雄,貴志徹雄,内　呼　胃　循　リハ,,平9.1.1,298_2026.7_kikanzentai_wakayama_ika.pdf
診療所,30,0111932,上林神経内科クリニ,〒641－0015和歌山市布引６５２－６,073-447-3111,医療法人清稟会理事長上林雄史郎,上林雄史郎,神内　内　リハ,,平9.8.1,298_2026.7_kikanzentai_wakayama_ika.pdf
病院,30,0111940,高山病院,〒641－0007和歌山市小雑賀３丁目１－１１,073-426-2151,医療法人高山病院理事長前沢浩司,前沢浩司,内　腎臓内科、消　化器内科、糖尿病　内科、代謝・内分　泌内科　透析　内　視鏡内科　外　消　化器外科、肛門外　科　整外　皮　リ　ハ　放　麻,50,平9.9.1,298_2026.7_kikanzentai_wakayama_ika.pdf
診療所,30,0111957,和田胃腸科医院,〒640－8323和歌山市太田一丁目４番２１号,073-473-5252,医療法人紀の国会理事長和田雅杳,和田雅杳,胃　内,,平9.9.1,298_2026.7_kikanzentai_wakayama_ika.pdf
診療所,30,0111965,北島橋クリニック,〒640－8403和歌山市北島５５８－１,073-457-2626,医療法人淳誠会理事長上田淳一,上田淳一,内　呼　胃　循　外　こう　リハ,,平10.2.1,298_2026.7_kikanzentai_wakayama_ika.pdf
診療所,30,0111973,クリニック三木,〒640－8462和歌山市粟２５０－３,073-453-2080,医療法人三光会理事長三木保史,三木保史,整外　外　内　リ　ハ　放,,平10.2.1,298_2026.7_kikanzentai_wakayama_ika.pdf
診療所,30,0112039,寒川内科医院,〒640－0345和歌山市桑山１６４－３,073-479-3633,医療法人寒川内科医院理事長寒川明宣,寒川明宣,内　循環器内科　皮,,平10.9.1,298_2026.7_kikanzentai_wakayama_ika.pdf
病院,30,0112054,誠佑記念病院,〒649－6335和歌山市西田井３９１,073-462-6211,医療法人誠佑記念病院理事長上野雄二,友渕佳明,循環器内科　内　外　整外　消　血　管外科　脳外,80,平10.11.1,298_2026.7_kikanzentai_wakayama_ika.pdf
診療所,30,0112062,一般社団法人和歌山,〒640－8319和歌山市手平２丁目１－２和歌山ビッグ愛４Ｆ,073-435-5199,一般社団法人和歌山市医師会会長野村康晴,高木伴幸,内　循内　消内　放　外　神内　皮　耳い　眼　婦,,平10.12.1,298_2026.7_kikanzentai_wakayama_ika.pdf
診療所,30,0112070,竹の里園診療所,〒640－0305和歌山市明王寺３－１,073-466-2233,社会福祉法人浩和会理事長上野包代,林靖二,内,,平11.2.1,298_2026.7_kikanzentai_wakayama_ika.pdf
診療所,30,0112088,寺下整形外科・内科,〒640－8105和歌山市三木町南ノ丁３５,073-435-5552,医療法人優進会理事長寺下浩彰,寺下浩彰,整外　内　外　リ　ハ　放　リウ　脳　外,,平11.2.1,298_2026.7_kikanzentai_wakayama_ika.pdf
診療所,30,0112138,はまだ産婦人科,〒649－6314和歌山市島２３０ー２,073-462-0341,医療法人オリーブ会理事長濱田寛子,濱田寛子,産婦　小,9,平11.8.1,298_2026.7_kikanzentai_wakayama_ika.pdf
診療所,30,0112146,医療法人裕紫会,〒640－8303和歌山市鳴神１２９－５,073-476-5381,医療法人裕紫会理事長中谷さつき,北端有紀子,内,19,平11.10.1,298_2026.7_kikanzentai_wakayama_ika.pdf
診療所,30,0112153,下間クリニック,〒640－8464和歌山市市小路４０２,073-455-1718,医療法人裕真会理事長下間仲裕,下間仲裕,内　他　外　小,,平12.2.1,298_2026.7_kikanzentai_wakayama_ika.pdf
病院,30,0112229,上山病院,〒641－0013和歌山市内原９９８,073-446-1200,医療法人弘智会理事長上山健弘,上山健弘,療養病床　内　呼内　他　外　呼外　整外　リ　ハ　小外　皮　放　麻,56,平12.7.1,298_2026.7_kikanzentai_wakayama_ika.pdf
診療所,30,0112252,村上内科,〒641－0033和歌山市松ケ丘１－８－１３,073-446-3070,医療法人村上内科理事長村上整,村上整,内　呼　胃　循,,平13.2.1,298_2026.7_kikanzentai_wakayama_ika.pdf
診療所,30,0112278,なんぶ胃腸科内科,〒640－8482和歌山市六十谷１０２２－１,073-461-3511,医療法人友文会理事長南部文彦,南部文彦,消化器内科　循環　器内科　呼吸器内　科,,平13.2.1,298_2026.7_kikanzentai_wakayama_ika.pdf
診療所,30,0112286,きたクリニック,〒641－0008和歌山市北中島１－５－１クリニックビルりゅうじん３Ｆ,073-436-0733,医療法人裕明会理事長北裕次,北裕次,内　外,,平13.3.1,298_2026.7_kikanzentai_wakayama_ika.pdf
診療所,30,0112468,ももたにクリニック,〒640－8331和歌山市美園町５丁目６番７,073-433-7115,医療法人三隆会理事長百溪由利子,松本幸男,精　心内　内,,平13.5.1,298_2026.7_kikanzentai_wakayama_ika.pdf
診療所,30,0112484,夏見整形外科,〒640－8434和歌山市榎原７３番地の２,073-456-6500,医療法人生和会理事長夏見和完,夏見和完,整外　外　リハ　リウ,,平13.8.1,298_2026.7_kikanzentai_wakayama_ika.pdf
診療所,30,0112492,二澤医院,〒649－6314和歌山市島２６番地の８１,073-461-0697,医療法人光仁会理事長井邊美香,井邊美香,内　小　放　皮,,平13.8.1,298_2026.7_kikanzentai_wakayama_ika.pdf
診療所,30,0112518,くろだ耳鼻咽喉科,〒640－8341和歌山市黒田２５４番地の３,073-473-3396,医療法人立心会理事長黒田正人,黒田正人,耳い　アレ,,平14.4.1,298_2026.7_kikanzentai_wakayama_ika.pdf
診療所,30,0112526,こうざき産婦人科,〒641－0041和歌山市堀止南ノ丁３番７号,073-436-4550,医療法人アイ・ウィル理事長神前禎宏,神前禎宏,産婦　小,3,平14.9.1,298_2026.7_kikanzentai_wakayama_ika.pdf
診療所,30,0112534,田中内科医院,〒641－0056和歌山市秋葉町７番２８号,073-447-0222,医療法人慈秀会理事長田中聖慈,田中聖慈,内　神内　呼　消　循　ひ　放　内　分泌,,平14.10.1,298_2026.7_kikanzentai_wakayama_ika.pdf
診療所,30,0112575,和歌山生協病院附属,〒640－8390和歌山市有本１４１－１,073-471-8171,和歌山中央医療生活協同組合理事長古田光明,小西教之,内　外　小　呼内　神内　消内　循　内　糖内　大腸・　肛門　消外　腎内　（透析）　アレ　リウ　整外　リハ　放　皮　麻,,平15.4.1,298_2026.7_kikanzentai_wakayama_ika.pdf
診療所,30,0112583,山東整形外科肛門科,〒641－0004和歌山市和田１２０２番地の５,073-471-5800,医療法人サン理事長山東茂樹,山東秀樹,整外　こう　リハ　リウ,,平15.3.1,298_2026.7_kikanzentai_wakayama_ika.pdf
診療所,30,0112591,オレンジクリニック,〒640－8431和歌山市向字大西１５１－４,073-457-1133,医療法人オレンジクリニック理事長木村貴昭,木村貴昭,耳い　アレ,,平15.7.1,298_2026.7_kikanzentai_wakayama_ika.pdf
診療所,30,0112617,医療法人粉川レデ,〒640－8482和歌山市六十谷３６６－４,073-461-0349,医療法人粉川レディスクリニック理事長粉川信義,粉川信義,産　婦,,平15.7.1,298_2026.7_kikanzentai_wakayama_ika.pdf
病院,30,0112641,済生会和歌山病院,〒640－8158和歌山市十二番丁４５,073-424-5185,社会福祉法人恩賜財団済生会支部和歌山県済生会支部長伊藤秀一,川上守,内　消内　糖尿病　・代謝内　循内　血管外科　外　整　外　脳外　皮　眼　耳い　リハ　放　麻　ひ　透析,200,平15.10.12,298_2026.7_kikanzentai_wakayama_ika.pdf
診療所,30,0112658,クリニック宮本,〒640－8472和歌山市大谷１０６－１,073-454-1500,医療法人クリニック宮本理事長宮本憲治,宮本憲治,ひ　内,,平16.1.1,298_2026.7_kikanzentai_wakayama_ika.pdf
診療所,30,0112666,こばやし小児科,〒640－8393和歌山市畑屋敷端ノ丁３７,073-402-0322,医療法人きりん理事長小林昌和,小林昌和,小　内　アレ,,平16.2.1,298_2026.7_kikanzentai_wakayama_ika.pdf
診療所,30,0112674,新谷医院,〒640－8125和歌山市島崎町７丁目１４番地,073-422-6629,医療法人平静会理事長新谷潤二,新谷潤二,内　小,,平16.3.1,298_2026.7_kikanzentai_wakayama_ika.pdf
診療所,30,0112682,医療法人以心会,〒641－0052和歌山市東高松３丁目４－２５,073-445-7331,医療法人以心会理事長濱田亨,北田宗弘,内　糖尿病内科　腎内　内分泌代謝　内科　脳内　脳外　リハ,19,平16.4.1,298_2026.7_kikanzentai_wakayama_ika.pdf
診療所,30,0112690,かわしま眼科クリニ,〒640－8412和歌山市狐島３７０－１,073-480-4114,医療法人威伸会理事長河島義治,河島義治,眼,,平16.5.1,298_2026.7_kikanzentai_wakayama_ika.pdf
診療所,30,0112708,医療法人あさかク,〒649－6264和歌山市新庄４６６－１,073-477-5155,医療法人あさかクリニック理事長木下迪雄,木下迪雄,内　小　精,,平16.6.18,298_2026.7_kikanzentai_wakayama_ika.pdf
診療所,30,0112732,道浦クリニック,〒640－8315和歌山市津秦１１３－５,073-472-7377,医療法人準心会理事長道浦準,道浦準,内　胃　外　こう　放,,平17.2.1,298_2026.7_kikanzentai_wakayama_ika.pdf
診療所,30,0112757,和歌山県障害児者サ,〒641－0014和歌山市毛見琴ノ浦１４３７番地の２１８,073-445-5311,和歌山県和歌山県知事宮﨑泉,小野善郎,児童精神科　精,,平17.5.1,298_2026.7_kikanzentai_wakayama_ika.pdf
診療所,30,0112773,和歌山南放射線科ク,〒641－0012和歌山市紀三井寺８７０番地２,073-447-3300,医療法人昭陽会理事長綿貫匡則,金桶吉起,放　内　脳内,,平17.11.1,298_2026.7_kikanzentai_wakayama_ika.pdf
診療所,30,0112799,丸山整形外科,〒640－8213和歌山市舟大工町１２,073-422-1727,医療法人仁泉会理事長丸山節夫,丸山征爾,整外　リハ　放　リウ,,平18.7.1,298_2026.7_kikanzentai_wakayama_ika.pdf
診療所,30,0112807,愛川眼科,〒641－0041和歌山市堀止南ノ丁４番３号,073-436-4425,医療法人愛川会理事長石田毅,石田毅,眼,,平18.8.21,298_2026.7_kikanzentai_wakayama_ika.pdf
病院,30,0112815,角谷リハビリテーシ,〒640－8344和歌山市納定字前筋１０－１,073-475-1230,社会医療法人スミヤ理事長角谷正文,有田幹雄,内　循内　整外　リハ　放　脳外,60,平18.10.10,298_2026.7_kikanzentai_wakayama_ika.pdf
診療所,30,0112823,宇治田循環器科内科,〒640－8434和歌山市榎原２０４番地の８,073-455-6699,医療法人卓麻会理事長伊藤聡,松野正平,内　呼内　放　リ　ハ　循環器内科、　腎臓内科、消化器　内科,19,平18.12.25,298_2026.7_kikanzentai_wakayama_ika.pdf
診療所,30,0112831,きのしたクリニック,〒649－6324和歌山市祢宜９７０番地の１,073-465-3777,医療法人泰伸会理事長木下泰伸,木下泰伸,脳外　内　神内　循　小　外　整外　リハ　放,19,平19.2.1,298_2026.7_kikanzentai_wakayama_ika.pdf
診療所,30,0112849,医療法人新生会,〒641－0035和歌山市関戸１丁目６番４４号,073-444-4060,医療法人新生会理事長岩橋栄,岩橋栄,産　婦　産婦,11,平19.2.5,298_2026.7_kikanzentai_wakayama_ika.pdf
診療所,30,0112856,前田外科,〒640－8483和歌山市園部９６９番地の２,073-461-0002,医療法人桜の会理事長前田義政,前田義政,内　消内　糖尿内　皮　肛門外,19,平19.3.1,298_2026.7_kikanzentai_wakayama_ika.pdf
診療所,30,0112864,髙田整形外科内科ク,〒640－0112和歌山市西庄３３８番地の５７,073-453-7733,医療法人紀央会理事長髙田俊行,髙田俊行,整外　外　内　リ　ハ,,平19.3.1,298_2026.7_kikanzentai_wakayama_ika.pdf
診療所,30,0112872,堀止西クリニック,〒641－0045和歌山市堀止西１丁目１番１２号,073-402-6878,医療法人松柏会理事長中嶋正和,中嶋正和,ひ,,平19.3.1,298_2026.7_kikanzentai_wakayama_ika.pdf
診療所,30,0112880,吹上クリニック,〒640－8137和歌山市吹上２丁目５－２８,073-423-2700,医療法人吹上クリニック理事長中井啓之,中井啓之,内　小　外　整外　胃腸内　肛門外　リハ,,平19.3.1,298_2026.7_kikanzentai_wakayama_ika.pdf
診療所,30,0112898,長谷川内科医院,〒640－8441和歌山市栄谷２番地の３,073-457-2339,医療法人長谷川内科医院理事長長谷川智己,長谷川智己,内　呼　胃　循　リハ　放,,平19.4.1,298_2026.7_kikanzentai_wakayama_ika.pdf
診療所,30,0112906,紀泉ＫＤクリニック,〒640－8471和歌山市善明寺３５８番地１,073-454-5515,医療法人博文会理事長児玉敏宏,大谷晴久,内　腎内　循内　消内　内視鏡内　透析　リハ,19,平19.6.1,298_2026.7_kikanzentai_wakayama_ika.pdf
診療所,30,0112914,眼科松本クリニック,〒640－8264和歌山市湊桶屋町１１番地,073-427-1500,医療法人英悠会理事長松本英樹,松本英樹,眼　形外　美外　美容皮,5,平19.6.1,298_2026.7_kikanzentai_wakayama_ika.pdf
診療所,30,0112922,楊消化器クリニック,〒640－8269和歌山市小松原通５丁目２０番地,073-427-2155,医療法人六然会理事長楊忠和,楊忠和,内　消　循　外　こう,,平19.7.1,298_2026.7_kikanzentai_wakayama_ika.pdf
病院,30,0112930,古梅記念病院,〒640－8325和歌山市新生町５番３７号,073-431-0351,医療法人了生会理事長古梅弘,中敏夫,整外　外　内　脳　外　リハ　乳腺外　形外,110,平19.7.14,298_2026.7_kikanzentai_wakayama_ika.pdf
診療所,30,0112948,医療法人雅会みやび,〒640－8402和歌山市野崎１３３－１,073-480-1233,医療法人雅会理事長雅裕,雅裕,内　消内　循内　ペインクリニック　内　呼内　リハ　麻,,平19.8.1,298_2026.7_kikanzentai_wakayama_ika.pdf
診療所,30,0112955,木下胃腸科内科医院,〒640－8323和歌山市太田５５４番地の５,073-471-6470,医療法人木下会理事長木下豊,木下豊,内　呼　胃　循　放,,平19.8.1,298_2026.7_kikanzentai_wakayama_ika.pdf
病院,30,0112963,今村病院,〒640－8272和歌山市砂山南２丁目４番２１号,073-425-3271,医療法人友和会理事長今村和弘,今村和弘,脳外　外　内　リ　ハ　放,52,平19.9.1,298_2026.7_kikanzentai_wakayama_ika.pdf
診療所,30,0112971,だけクリニック耳鼻,〒640－8333和歌山市蔵小路１５番地１,073-402-4351,医療法人きさらぎ会理事長嶽良博,嶽良博,耳い　アレ,,平20.2.17,298_2026.7_kikanzentai_wakayama_ika.pdf
診療所,30,0112989,池田耳鼻いんこう科,〒641－0055和歌山市和歌川町９番３９号,073-446-1487,医療法人昌輝会理事長池田浩己,池田浩己,耳い　アレ,,平20.8.19,298_2026.7_kikanzentai_wakayama_ika.pdf
病院,30,0113011,独立行政法人労働者,〒640－8505和歌山県和歌山市木ノ本９３番１,073-451-3181,独立行政法人労働者健康安全機構理事長大西洋英,南條輝志男,地域支援　内　血液内科、循　環器内科、消化器　内科、肝臓内科　脳内　呼内　呼吸　器・乳腺外科　脳　外　外　整外　麻　小　ひ　皮　産　婦　眼　放　リハ　病理　救命　耳　鼻咽喉科・頭頸部　外科,303,平21.1.11,298_2026.7_kikanzentai_wakayama_ika.pdf
診療所,30,0113029,医療法人靖徳会花,〒649－6339和歌山市弘西７７４番地の１０,073-461-8189,医療法人靖徳会理事長花野靖久,花野靖久,内　呼　循　胃　放,,平21.2.1,298_2026.7_kikanzentai_wakayama_ika.pdf
診療所,30,0113045,渡辺内科,〒640－8404和歌山市湊３２１８番地,073-425-0323,医療法人渡辺内科理事長渡邊茂樹,渡邊茂樹,内　呼,,平21.6.1,298_2026.7_kikanzentai_wakayama_ika.pdf
診療所,30,0113060,元寺町スキンクリニ,〒640－8024和歌山市元寺町１丁目３２元寺町ビル４Ｆ,073-428-8686,医療法人東穂会理事長幸島究,幸島究,美容皮膚科　美外　形外,,平21.12.1,298_2026.7_kikanzentai_wakayama_ika.pdf
診療所,30,0113078,医療法人医聖会さ,〒640－8331和歌山市美園町五丁目１２番地１水了軒ビル２階,073-421-5811,医療法人医聖会理事長福地祐子,永井達也,眼,,平21.11.1,298_2026.7_kikanzentai_wakayama_ika.pdf
診療所,30,0113086,串上内科消化器科,〒649－6312和歌山市川辺１３３番地の１,073-464-3050,医療法人健仁会理事長串上元彦,串上元彦,内　消内　循内　胃腸内　呼内　小　アレ,,平22.1.1,298_2026.7_kikanzentai_wakayama_ika.pdf
診療所,30,0113094,廣井皮膚科,〒640－8324和歌山市吹屋町４丁目３４番地,073-425-6506,医療法人廣井皮膚泌尿器科理事長廣井彰久,廣井彰久,皮,,平22.4.1,298_2026.7_kikanzentai_wakayama_ika.pdf
診療所,30,0113110,一般社団法人たか,〒641－0015和歌山市布引８６５番地の６アベニュー名草１階,073-419-3193,一般社団法人たかみクリニック代表理事髙見信彦,髙見信彦,内　ひ,,平22.10.5,298_2026.7_kikanzentai_wakayama_ika.pdf
診療所,30,0113128,九鬼耳鼻咽喉科,〒640－8315和歌山市津秦３番地の２６,073-473-8733,医療法人清医会理事長九鬼佐代子,九鬼佐代子,耳い,,平22.12.1,298_2026.7_kikanzentai_wakayama_ika.pdf
診療所,30,0113136,はぜはら整形外科ク,〒640－8304和歌山市松島２００－４,073-475-0055,医療法人由久会理事長櫨原由雄,櫨原由雄,整外　麻　リハ,,平23.2.1,298_2026.7_kikanzentai_wakayama_ika.pdf
診療所,30,0113144,じょうはたクリニッ,〒640－8314和歌山市神前３２２－６,073-475-8050,医療法人清療会理事長上畑清文,上畑清文,胃腸内　肛門外　内　外,,平23.3.3,298_2026.7_kikanzentai_wakayama_ika.pdf
診療所,30,0113151,岡田内科消化器クリ,〒641－0056和歌山市秋葉町２番１９号,073-445-5770,医療法人峰清会理事長岡田和久,岡田和久,内　胃腸内,,平23.5.10,298_2026.7_kikanzentai_wakayama_ika.pdf
診療所,30,0113185,ゆうゆうクリニック,〒640－8401和歌山市福島字小路口２６９番８,073-457-1130,医療法人弘仁会理事長中井謙之,瀨藤容子,他　内,,平24.10.1,298_2026.7_kikanzentai_wakayama_ika.pdf
診療所,30,0113201,医療法人松本診療,〒640－8329和歌山市田中町二丁目８０番,073-425-6510,医療法人松本診療所理事長松本直起,松本直起,精　内,,平24.12.1,298_2026.7_kikanzentai_wakayama_ika.pdf
病院,30,0113227,堀口記念病院,〒640－8222和歌山市湊本町三丁目４番地１,073-435-0113,医療法人やすだ理事長保田昇平,上野雅巳,整外　呼内　循内　消内　消外　救　急科　内　外　リ　ハ　麻　脳外,150,平25.2.1,298_2026.7_kikanzentai_wakayama_ika.pdf
診療所,30,0113235,石本胃腸肛門クリニ,〒640－8329和歌山市田中町三丁目１番地,073-422-6524,医療法人英邦会理事長石本邦夫,石本邦夫,内　外　胃腸内　胃腸外　循内　肛　門内　肛門外　呼　内　放　リハ,,平25.4.1,298_2026.7_kikanzentai_wakayama_ika.pdf
診療所,30,0113243,月山ベビィクリニッ,〒640－8322和歌山市秋月４８３番地,073-475-2500,医療法人三日月会理事長月山啓,月山聖子,小　新生児内,,平25.5.8,298_2026.7_kikanzentai_wakayama_ika.pdf
診療所,30,0113250,花山ママクリニック,〒640－8322和歌山市秋月４８３番地,073-474-1001,医療法人智恩会理事長釣谷充弘,釣谷充弘,産婦　小,19,平25.5.1,298_2026.7_kikanzentai_wakayama_ika.pdf
診療所,30,0113268,クリニックジョイ耳,〒640－8463和歌山市楠見中１６９－１ワッセナー２１－１０１号,073-480-1717,医療法人ＭａｙＷｉｎｄ理事長與田順一,與田順一,耳い　アレ,,平25.5.1,298_2026.7_kikanzentai_wakayama_ika.pdf
診療所,30,0113276,浜之宮メンタルクリ,〒641－0013和歌山市内原９４８番地,073-448-2331,医療法人浜之宮理事長神保勝俊,神保勝俊,精　心内,,平25.6.1,298_2026.7_kikanzentai_wakayama_ika.pdf
診療所,30,0113284,木下耳鼻いんこう科,〒641－0007和歌山市小雑賀７２８番地の１,073-402-3387,医療法人純和会理事長木下和也,木下和也,耳い,,平25.10.1,298_2026.7_kikanzentai_wakayama_ika.pdf
診療所,30,0113292,山中眼科,〒640－8212和歌山市杉の馬場一丁目４１－１,073-431-3904,医療法人山中眼科理事長山中守,山中守,眼,,平25.11.1,298_2026.7_kikanzentai_wakayama_ika.pdf
診療所,30,0113300,さとう内科,〒640－8323和歌山市太田６６７番地６,073-475-0111,医療法人有紀会理事長佐藤晋一,佐藤晋一,内　糖内　代謝内　内分泌内・循環　器内・消化器内　甲状腺内　消外・　乳腺外　外　婦　脳外　放　心外　呼内　呼外,,平26.7.1,298_2026.7_kikanzentai_wakayama_ika.pdf
診療所,30,0113318,しおたに循環器内科,〒641－0011和歌山市三葛６７７番１,073-446-3333,医療法人推恩会理事長塩谷雅彦,塩谷雅彦,循内　内　呼内　アレ,,平26.10.1,298_2026.7_kikanzentai_wakayama_ika.pdf
診療所,30,0113326,鈴木眼科,〒640－8331和歌山市美園町三丁目３４番地けやきＯＮＥ２０３,073-499-5528,医療法人鈴木眼科理事長鈴木美都子,鈴木美都子,眼,,平26.10.1,298_2026.7_kikanzentai_wakayama_ika.pdf
診療所,30,0113334,いまえクリニック,〒640－8391和歌山市加納２０１番地８,073-412-1126,医療法人信友会理事長今栄信治,今栄信治,脳外　内　外　放　リハ,,平27.4.1,298_2026.7_kikanzentai_wakayama_ika.pdf
診療所,30,0113342,医療法人光愛心,〒649－6311和歌山市里８６番地１,073-462-8881,医療法人光愛心理事長松山明彦,松山明彦,整外　リハ　リウ,,平27.5.1,298_2026.7_kikanzentai_wakayama_ika.pdf
診療所,30,0113359,医療法人誠人会,〒640－8454和歌山市ふじと台６番地エスタシオンふじと台駅前ビル東棟４階Ｅ４０１号,073-499-8801,医療法人誠人会理事長與田紘一郎,與田紘一郎,内　糖内　内分泌　内　消内　小　呼　内　整外,,平27.6.1,298_2026.7_kikanzentai_wakayama_ika.pdf
診療所,30,0113367,耳鼻咽喉科はやしク,〒640－8301和歌山市岩橋９９２番地１,073-474-3321,医療法人耳鼻咽喉科はやしクリニック理事長林正樹,林正樹,耳い　アレ,,平27.9.1,298_2026.7_kikanzentai_wakayama_ika.pdf
診療所,30,0113375,綿貫第二クリニック,〒649－6331和歌山市北野字川原田２８５番地,073-462-6202,医療法人杏樹会理事長綿貫知世,綿貫知世,麻　内　整外,14,平27.11.1,298_2026.7_kikanzentai_wakayama_ika.pdf
診療所,30,0113383,うらがみ内科クリニ,〒640－8391和歌山市加納２９７－１,073-475-4970,医療法人一世会理事長浦神一浩,浦神一浩,内　消内　糖尿内　循内　呼内　リハ,,平27.12.1,298_2026.7_kikanzentai_wakayama_ika.pdf
診療所,30,0113391,井上整形外科・内科,〒640－8228和歌山市小人町南ノ丁２０番地,073-433-2500,医療法人井上理事長須佐忠史,井上和久,整外　内　リハ　外　脳外　消内,,平28.2.1,298_2026.7_kikanzentai_wakayama_ika.pdf
診療所,30,0113417,十一番丁てらしたク,〒640－8159和歌山市十一番丁１８,073-425-1123,学校法人響和会理事長寺下俊雄,寺下俊雄,脳外　整外　外　内　循内　リハ　放,,平28.6.18,298_2026.7_kikanzentai_wakayama_ika.pdf
診療所,30,0113433,稲田クリニック,〒641－0004和歌山市和田４６１番地,073-475-3131,医療法人稲祥会理事長稲田雅宏,稲田収俊,産　婦　小,19,平28.10.1,298_2026.7_kikanzentai_wakayama_ika.pdf
診療所,30,0113441,おくむらクリニック,〒640－8158和歌山市十二番丁９番地リヴァージュ十二番丁ビル２階,073-435-0510,医療法人蒼会理事長奥村匡敏,奥村匡敏,精　老年内　小児　心療内　睡眠障害　科,,平28.9.1,298_2026.7_kikanzentai_wakayama_ika.pdf
診療所,30,0113458,医療法人鶴寿会,〒640－0103和歌山市加太９３９番地１０,073-459-2277,医療法人鶴寿会理事長酒井重雄,酒井重雄,内　糖内　代謝内　内分泌内　消内　循内　漢方内　呼内,,平29.1.1,298_2026.7_kikanzentai_wakayama_ika.pdf
診療所,30,0113466,多屋クリニック,〒640－8322和歌山市秋月２４番地しんあいクリニックセンター３Ｂ,073-471-2481,医療法人慈弘会理事長多屋光康,多屋光康,内　外　リハ,,平29.4.1,298_2026.7_kikanzentai_wakayama_ika.pdf
診療所,30,0113474,医療法人桜照会さ,〒641－0011和歌山市三葛２７９番地５,073-448-3366,医療法人桜照会理事長櫻井照久,櫻井照久,外　他,,平29.8.1,298_2026.7_kikanzentai_wakayama_ika.pdf
診療所,30,0113482,うつのみやレディー,〒640－8331和歌山市美園町５丁目４番２０,073-423-1987,医療法人智洋会理事長宇都宮智子,宇都宮智子,産婦　産　婦　内　ひ,,平29.11.1,298_2026.7_kikanzentai_wakayama_ika.pdf
診療所,30,0113490,みうら循環器内科,〒640－8403和歌山市北島４５３コンプラベルデⅡ１ＦＡ－１号室,073-480-6100,医療法人みうら循環器内科理事長三浦彰,三浦彰,他　内,,平30.4.1,298_2026.7_kikanzentai_wakayama_ika.pdf
診療所,30,0113508,月山チャイルドケア,〒640－8322和歌山市秋月４８２－１,073-476-2300,医療法人三日月会理事長月山啓,月山啓,小　小外　内,12,平30.6.1,298_2026.7_kikanzentai_wakayama_ika.pdf
診療所,30,0113516,いしぐちクリニック,〒640－8403和歌山市北島４５３番地の１コンプラベルデ１階,073-452-7000,医療法人祐真会理事長石口正,石口正,内　他　小　リハ　呼内　放,,平30.9.1,298_2026.7_kikanzentai_wakayama_ika.pdf
診療所,30,0113524,あきさきクリニック,〒641－0002和歌山市新中島１２５－１,073-475-4165,医療法人葵明会理事長明嵜太一,明嵜太一,内　他,,平30.10.1,298_2026.7_kikanzentai_wakayama_ika.pdf
診療所,30,0113532,ありいクリニック,〒640－8434和歌山県和歌山市榎原８４－１,073-457-9500,医療法人ありいクリニック理事長有井研司,有井研司,内　消化器内科,,平31.1.1,298_2026.7_kikanzentai_wakayama_ika.pdf
診療所,30,0113557,仲河眼科医院,〒640－8341和歌山市黒田１３８番地１,073-471-1223,医療法人仲河理事長仲河正博,仲河正博,眼,,令元.12.3,298_2026.7_kikanzentai_wakayama_ika.pdf
診療所,30,0113573,たいようファミリー,〒641－0002和歌山市新中島１２５番地１,073-476-5171,医療法人たいようファミリークリニック理事長古宮圭,古宮圭,小,,令2.3.1,298_2026.7_kikanzentai_wakayama_ika.pdf
病院,30,0113581,医療法人博文会児,〒640－8342和歌山市友田町４丁目１３０番地,073-436-6557,医療法人博文会理事長児玉敏宏,児玉直也,内　腎内　循内　消内　内視鏡内　透析　リウ　膠原　病リウマチ内　整　外　リハ,44,令2.5.3,298_2026.7_kikanzentai_wakayama_ika.pdf
診療所,30,0113607,大日山荘診療所,〒640－0304和歌山市平尾２番地１,073-478-3437,社会福祉法人寿敬会理事長中谷剛,中村秀機,内　外,,令3.6.1,298_2026.7_kikanzentai_wakayama_ika.pdf
診療所,30,0113615,谷ヒフ科,〒641－0021和歌山市和歌浦東２丁目９番４５号,073-446-1550,医療法人奈津美会理事長谷奈津美,谷奈津美,皮膚科　アレルギ　ー科,,令3.8.23,298_2026.7_kikanzentai_wakayama_ika.pdf
診療所,30,0113623,医療法人しらい眼,〒640－8454和歌山市ふじと台２３番地イオンモール和歌山地下１階,073-452-1113,医療法人しらい眼科理事長白井威人,白井威人,眼,,令4.3.1,298_2026.7_kikanzentai_wakayama_ika.pdf
診療所,30,0113631,医療法人さんさん,〒640－8481和歌山市直川５６９番地１,073-464-3387,医療法人さんさんクリニック理事長戸川彰久,戸川彰久,耳い　小,,令4.11.1,298_2026.7_kikanzentai_wakayama_ika.pdf
診療所,30,0113649,まえだ内科クリニッ,〒640－8391和歌山市加納１２２番１２,073-474-0080,医療法人輝和会理事長前田浩輝,前田浩輝,内　消内　放,,令5.2.1,298_2026.7_kikanzentai_wakayama_ika.pdf
診療所,30,0113656,宗教法人木本八幡宮,〒640－8453和歌山市木ノ本１１５３,073-488-2778,木本八幡宮代表役員山本眞弘,山本眞弘,精　心内,,令5.5.1,298_2026.7_kikanzentai_wakayama_ika.pdf
診療所,30,0113664,サンクリニック,〒640－8392和歌山市中之島１７１６番地,073-402-7750,医療法人在寛会理事長八幡孝平,八幡孝平,内　外　整外　麻,,令5.5.1,298_2026.7_kikanzentai_wakayama_ika.pdf
診療所,30,0113672,ホームケアクリニッ,〒640－8035和歌山市万町７番地サピリア石倉ビル３階,073-463-0658,医療法人城北の杜理事長石田興一郎,石田興一郎,内　疼痛緩和内科,,令6.4.1,298_2026.7_kikanzentai_wakayama_ika.pdf
病院,30,0113680,医療法人匡慈会伏,〒640－8381和歌山市畑屋敷東ノ丁１番地,073-433-4488,医療法人匡慈会理事長中谷匡登,中谷匡登,整外　内　ひ　リ　ハ　皮　美容皮膚　科　血液内科　脳　外　循内　リウ　放,67,令6.3.23,298_2026.7_kikanzentai_wakayama_ika.pdf
診療所,30,0113698,やなせ整形外科,〒640－8444和歌山市次郎丸１６７番地２,073-456-2600,医療法人優真会理事長簗瀬能三,簗瀬能三,整外　リハ,,令6.9.1,298_2026.7_kikanzentai_wakayama_ika.pdf
診療所,30,0113706,土井整形クリニック,〒641－0007和歌山市小雑賀１５８,073-426-0555,医療法人カイナ理事長土井順博,土井順博,整外　リハ　リウ,,令6.9.1,298_2026.7_kikanzentai_wakayama_ika.pdf
診療所,30,0113714,生馬医院,〒640－8343和歌山市吉田４３６番地,073-422-1458,医療法人生馬医院理事長小山博史,小山博史,児童精神科　小　アレ　内　呼内　心内　循環器内科　消化器内科,,令6.10.1,298_2026.7_kikanzentai_wakayama_ika.pdf
診療所,30,0113722,得津医院,〒640－8372和歌山市新大工町７,073-432-1092,医療法人敬得会理事長得津敬之,得津敬之,内　消化器内科　循環器内科　外　呼内,,令6.11.1,298_2026.7_kikanzentai_wakayama_ika.pdf
診療所,30,0113730,本町クリニック,〒640－8033和歌山市本町六丁目１番地,073-422-6010,医療法人マイクリニック理事長三谷育子,楠本浩貴,ひ　内,,令7.5.1,298_2026.7_kikanzentai_wakayama_ika.pdf
診療所,30,0113748,うちクリニック,〒640－8341和歌山市黒田２丁目１番地１８号第２ひらたパークハイツ１階１０６号室,073-494-3316,医療法人白青会理事長石黒謙一郎,薮内俊宜,内,,令7.6.1,298_2026.7_kikanzentai_wakayama_ika.pdf
診療所,30,0113755,向陽脳とせぼね・,〒640－8315和歌山市津秦４０,073-474-2000,医療法人西村会理事長西村泰彦,西村泰彦,脳外　循環器内科　内　整外　リハ,19,令7.4.1,298_2026.7_kikanzentai_wakayama_ika.pdf
診療所,30,0113763,ＫＡＹＣＬＩＮＩ,〒641－0007和歌山市小雑賀三丁目３番１４号,073-488-2246,医療法人ＫＡＹＣＬＩＮＩＣ理事長小林彩,小林彩,婦　産　内　外　肛門外科,,令7.4.1,298_2026.7_kikanzentai_wakayama_ika.pdf
診療所,30,0113771,みんなのこどもアレ,〒640－8342和歌山市友田町四丁目１３０番地Ａタワークリニックモール２階,073-435-5537,医療法人みんなのこどもアレルギークリニック理事長井庭憲人,井庭憲人,小児科　アレルギ　ー科,,令7.4.1,298_2026.7_kikanzentai_wakayama_ika.pdf
病院,30,0113789,医療法人杏林会嶋病,〒640－8392和歌山市中之島８７４番３,073-431-3900,医療法人杏林会理事長久保謙二,久保謙二,脳外　循環器内科　胃腸内科　内　外　精　人工透析　内科　リハ,57,令7.5.1,298_2026.7_kikanzentai_wakayama_ika.pdf
診療所,30,0113797,なかた消化器・内科,〒640－8314和歌山市神前１４４－１２,073-418-7077,医療法人なかた消化器・内科クリニック理事長中田博也,中田博也,内　消化器内科,,令7.5.1,298_2026.7_kikanzentai_wakayama_ika.pdf
診療所,30,0113805,米満内科,〒640－8341和歌山市黒田１０９番地の１,073-471-2555,医療法人賛政会理事長米満賛,米満賛,内　消化器内科　循環器内科　心内　アレ　放　呼内,,令7.9.1,298_2026.7_kikanzentai_wakayama_ika.pdf
診療所,30,0113813,医療法人社団優青会,〒649－6316和歌山市上野５１８番地１ラ・プラージュＫＩＮＯＳＨＩＴＡⅡ１０１号室,073-499-8878,医療法人社団優青会理事長野城聡志,宮崎光史,内　精　皮,,令7.12.1,298_2026.7_kikanzentai_wakayama_ika.pdf
診療所,30,0113821,和歌山健診クリニ,〒640－8156和歌山市七番丁２６－１,073-494-5550,社会医療法人黎明会理事長北出貴嗣,木下貴裕,内　整外　リハ　婦　美容皮膚科,,令8.1.1,298_2026.7_kikanzentai_wakayama_ika.pdf
診療所,30,0113839,多屋クリニック広瀬,〒640－8113和歌山市広瀬通丁２丁目３,073-425-6161,医療法人慈弘会理事長多屋光康,多屋光康,内,,令7.10.1,298_2026.7_kikanzentai_wakayama_ika.pdf
診療所,30,0113847,たにやまクリニック,〒649－6322和歌山市和佐関戸２４４番地４,073-477-7060,医療法人ポラリス理事長谷山晶三,谷山晶三,内　ペインクリニ　ック内科,,令8.4.1,298_2026.7_kikanzentai_wakayama_ika.pdf
病院,30,0113854,宇都宮病院,〒640－8303和歌山市鳴神５０３－１,073-471-1111,医療法人久仁会理事長宇都宮宗久,宇都宮宗久,内　消化器・内視　鏡内科　ペインク　リニック内科　麻　肛門外科　胃腸　内科　呼内　循環　器内科　放　皮　老人内科　整外　形外　美容皮膚科,80,令8.6.1,298_2026.7_kikanzentai_wakayama_ika.pdf
診療所,30,0150054,淀澤医院,〒640－8402和歌山市野崎１８－１,073-457-2393,淀澤進,淀澤進,内　呼　消　循　リハ　放,,平10.6.1,298_2026.7_kikanzentai_wakayama_ika.pdf
診療所,30,0150146,大谷医院,〒641－0012和歌山市紀三井寺１００６,073-444-5690,大谷英世,大谷英世,内　循　小　リハ,,平10.10.1,298_2026.7_kikanzentai_wakayama_ika.pdf
診療所,30,0150211,岡本医院,〒640－8483和歌山市園部５９６－１５６,073-455-6468,岡本邦彦,岡本邦彦,内　小,,平11.4.1,298_2026.7_kikanzentai_wakayama_ika.pdf
診療所,30,0150237,まつもとクリニック,〒640－8304和歌山市松島３４７ー５,073-476-0801,松本司,松本司,内　胃　小　放,,平11.5.1,298_2026.7_kikanzentai_wakayama_ika.pdf
診療所,30,0150245,クリニックもり,〒649－6335和歌山市西田井２１６ー１,073-464-3060,森紀香,森紀香,内　消内　小　リ　ハ,,平11.5.1,298_2026.7_kikanzentai_wakayama_ika.pdf
診療所,30,0150286,つの小児科,〒641－0035和歌山市関戸１丁目４ー１０,073-448-3234,津野博,津野博,小　アレ,,平11.7.1,298_2026.7_kikanzentai_wakayama_ika.pdf
診療所,30,0150302,神人クリニックなぐ,〒641－0015和歌山市布引９１４ー１５,073-448-0408,神人崇,神人崇,耳い　アレ,,平11.9.1,298_2026.7_kikanzentai_wakayama_ika.pdf
診療所,30,0150328,坂井医院,〒640－8341和歌山市黒田一丁目４番８号,073-476-1451,坂井学,坂井学,整外　リハ　内,,平11.10.1,298_2026.7_kikanzentai_wakayama_ika.pdf
診療所,30,0150369,宮﨑泌尿器科内科ク,〒640－8425和歌山市松江北６丁目２番２２号,073-457-0870,宮﨑善久,宮﨑善久,ひ　内,,平11.11.1,298_2026.7_kikanzentai_wakayama_ika.pdf
診療所,30,0150476,三木内科,〒640－8463和歌山市楠見中１６９ー１ワッセナー２１,073-454-8115,三木茂裕,三木茂裕,内　呼　循,,平12.7.1,298_2026.7_kikanzentai_wakayama_ika.pdf
診療所,30,0150492,ひまわりこどもクリ,〒640－8453和歌山市木ノ本３０９ー３,073-480-2515,上中保博,上中保博,小,,平12.10.12,298_2026.7_kikanzentai_wakayama_ika.pdf
診療所,30,0150518,こやま小児科,〒640－8028和歌山市匠町２９番地小山ビル３階,073-431-1158,小山佳紀,小山佳紀,小　精,,平12.11.1,298_2026.7_kikanzentai_wakayama_ika.pdf
診療所,30,0150526,こやま皮膚科,〒640－8028和歌山市匠町２９番地小山ビル２階,073-431-1155,小山晶子,小山晶子,皮　アレ,,平12.11.1,298_2026.7_kikanzentai_wakayama_ika.pdf
診療所,30,0150567,加藤整形外科,〒649－6275和歌山市吐前２８３,073-465-4120,加藤健,加藤健,整外　リハ　リウ,,平13.4.1,298_2026.7_kikanzentai_wakayama_ika.pdf
診療所,30,0150625,中山レディースクリ,〒640－8203和歌山市東蔵前丁４番地ファーストビル２階,073-402-3741,中山崇,中山崇,産婦,,平13.9.12,298_2026.7_kikanzentai_wakayama_ika.pdf
診療所,30,0150633,森内科クリニック,〒640－8390和歌山市有本２２６－１２番地,073-402-3281,森寿美,森寿美,内　アレ,,平13.10.5,298_2026.7_kikanzentai_wakayama_ika.pdf
診療所,30,0150641,竹内内科胃腸科,〒641－0036和歌山市西浜９７３－１２,073-441-5501,竹内伸之,竹内伸之,内　呼　胃　循　リハ　アレ,,平13.10.1,298_2026.7_kikanzentai_wakayama_ika.pdf
診療所,30,0150716,瀬川皮膚科泌尿器科,〒640－8343和歌山市吉田３４７,073-423-2111,瀨川良浩,瀨川良浩,皮　ひ　性,7,平14.4.1,298_2026.7_kikanzentai_wakayama_ika.pdf
診療所,30,0150740,平井診療所,〒640－8432和歌山市土入２９１－８６,073-480-5262,平井久也,平井久也,内　消　外　整外　リハ,,平14.8.1,298_2026.7_kikanzentai_wakayama_ika.pdf
診療所,30,0150765,秋月レディースクリ,〒640－8328和歌山市木広町５丁目４－４,073-423-9888,秋月秀章,秋月秀章,婦　内,,平15.1.14,298_2026.7_kikanzentai_wakayama_ika.pdf
診療所,30,0150773,宮本内科,〒641－0012和歌山市紀三井寺１－５３,073-414-1300,宮本久夫,宮本久夫,内　呼　消　循,,平15.4.16,298_2026.7_kikanzentai_wakayama_ika.pdf
診療所,30,0150799,こむく整形外科,〒640－8412和歌山市狐島３７３－１,073-451-5855,小椋廣次,小椋廣次,整外　リハ　外,,平15.5.6,298_2026.7_kikanzentai_wakayama_ika.pdf
診療所,30,0150815,太田内科医院,〒640－8065和歌山市山吹丁３４,073-422-3953,太田安英,太田安英,内　消,,平15.7.18,298_2026.7_kikanzentai_wakayama_ika.pdf
診療所,30,0150823,木広町クリニック,〒640－8328和歌山市木広町５丁目１－１２木広町クリニックビル１階,073-433-5566,山西敏之,山西敏之,内　リハ,,平15.10.1,298_2026.7_kikanzentai_wakayama_ika.pdf
診療所,30,0150831,きみこ・クリニック,〒640－8341和歌山市黒田一丁目１番１０号クリニックビル上林２階,073-474-2111,浦希未子,浦希未子,内　胃　消　外　こう,,平15.10.4,298_2026.7_kikanzentai_wakayama_ika.pdf
診療所,30,0150849,ＭＩＺ麻川クリニッ,〒641－0014和歌山市毛見１１０３－１,073-447-0729,麻川順子,麻川順子,内　呼　循　心内　リウ　アレ　精,,平16.1.26,298_2026.7_kikanzentai_wakayama_ika.pdf
診療所,30,0150872,眼科田中クリニッ,〒640－8331和歌山市美園町５－１－８山榮ビル３階,073-427-3010,田中憲児,田中憲児,眼,,平16.4.1,298_2026.7_kikanzentai_wakayama_ika.pdf
診療所,30,0150880,楽クリニック,〒640－8287和歌山市築港３丁目２１－２,073-433-5000,藤田定則,藤田定則,血管外　肛門外　内視鏡内　外,3,平16.5.1,298_2026.7_kikanzentai_wakayama_ika.pdf
診療所,30,0151029,しおじやすひさクリ,〒640－8425和歌山市松江北７－６－６,073-455-1600,塩路泰久,塩路泰久,胃　内　消,,平16.10.5,298_2026.7_kikanzentai_wakayama_ika.pdf
診療所,30,0151037,みつばクリニック,〒640－8268和歌山市広道３８,073-422-2122,野口保蔵,野口保蔵,内　呼　循　外　心外　リハ　放,,平16.11.1,298_2026.7_kikanzentai_wakayama_ika.pdf
診療所,30,0151045,にしばた形成外科ク,〒641－0042和歌山市新堀東２－１－１５,073-425-6223,西端和哉,西端和哉,形外　外　皮　耳　い,,平16.12.1,298_2026.7_kikanzentai_wakayama_ika.pdf
診療所,30,0151052,みなかた内科,〒640－8425和歌山市松江北５丁目５番９号,073-480-5556,南方宏朗,南方宏朗,内　呼　消　循　小　放,,平17.2.3,298_2026.7_kikanzentai_wakayama_ika.pdf
診療所,30,0151060,多美クリニック,〒640－8323和歌山市太田一丁目１３番１０号太田ビル３階,073-475-0010,太田多美,太田多美,内　神内,,平17.3.3,298_2026.7_kikanzentai_wakayama_ika.pdf
診療所,30,0151078,しばもり耳鼻咽喉科,〒649－6313和歌山市楠本７２－１２３,073-464-1133,柴森良之,柴森良之,耳い　アレ,,平17.4.1,298_2026.7_kikanzentai_wakayama_ika.pdf
診療所,30,0151102,西川内科クリニック,〒640－8341和歌山市黒田一丁目２番４号寺本興産ビル１Ｆ,073-471-0002,西川猛,西川猛,内　消　循　リハ,,平17.6.2,298_2026.7_kikanzentai_wakayama_ika.pdf
診療所,30,0151110,みずこしこどもクリ,〒649－6339和歌山市弘西７９０－１,073-462-2121,薗部真里,薗部真里,小,,平17.6.9,298_2026.7_kikanzentai_wakayama_ika.pdf
診療所,30,0151128,しおや整形外科・リ,〒641－0054和歌山市塩屋５丁目１－１５,073-414-4088,谷智弘,谷智弘,整外　リハ,,平17.6.1,298_2026.7_kikanzentai_wakayama_ika.pdf
診療所,30,0151144,さわ内科医院,〒640－8326和歌山市新留丁３２,073-422-2365,澤久,澤久,内　呼　胃　循　放,,平17.10.11,298_2026.7_kikanzentai_wakayama_ika.pdf
診療所,30,0151185,黒田内科医院,〒640－8481和歌山市直川西端１－８,073-464-1600,黒田了文,黒田了文,内　他　呼内　小,,平18.2.1,298_2026.7_kikanzentai_wakayama_ika.pdf
診療所,30,0151193,秋岡皮ふ科クリニッ,〒640－8155和歌山市九番丁４－１ラウムズ和歌山九番丁１階,073-422-5566,秋岡嘉美,秋岡嘉美,皮,,平18.4.18,298_2026.7_kikanzentai_wakayama_ika.pdf
診療所,30,0151219,楠見台耳鼻咽喉科,〒640－8472和歌山市大谷４２０－１,073-456-3341,山本高士,山本高士,耳い,,平18.6.20,298_2026.7_kikanzentai_wakayama_ika.pdf
診療所,30,0151235,アイリス眼科クリニ,〒641－0013和歌山市内原８１２－７,073-445-5555,荒井眞由,荒井眞由,眼,,平18.7.1,298_2026.7_kikanzentai_wakayama_ika.pdf
診療所,30,0151243,西本クリニック,〒640－8156和歌山市七番丁１６ワイチビル２Ｆ,073-428-1220,西本真司,西本真司,麻　内　呼　神,,平18.7.3,298_2026.7_kikanzentai_wakayama_ika.pdf
診療所,30,0151268,髙橋眼科クリニック,〒640－8472和歌山市大谷２２１－６,073-480-3777,髙橋宏明,髙橋宏明,眼,,平18.9.1,298_2026.7_kikanzentai_wakayama_ika.pdf
診療所,30,0151276,有田内科,〒640－8159和歌山市十一番丁５１,073-433-7899,有田啓子,有田啓子,内　呼　胃　循　心内　アレ,,平18.10.1,298_2026.7_kikanzentai_wakayama_ika.pdf
診療所,30,0151292,なかお眼科医院,〒649－6331和歌山市北野５１７－４,073-464-0066,中尾俊也,中尾俊也,眼,,平18.10.7,298_2026.7_kikanzentai_wakayama_ika.pdf
診療所,30,0151326,和中内科・循環器科,〒641－0024和歌山市和歌浦西１－７－１,073-444-0880,和中佳生,和中佳生,内　呼　循　放,,平19.1.1,298_2026.7_kikanzentai_wakayama_ika.pdf
診療所,30,0151334,松尾クリニック,〒640－0323和歌山市小瀬田１０９－２,073-479-5055,松尾直彦,松尾直彦,内　神内　小　外　整外　皮　ひ　眼　耳い　気食　リハ　リウ　アレ　放,,平19.1.1,298_2026.7_kikanzentai_wakayama_ika.pdf
診療所,30,0151367,ねごろクリニック,〒640－8392和歌山市中之島２３４５,073-435-0411,根來佳則,根來佳則,内　皮　放　心内　アレ　漢方内,,平19.3.8,298_2026.7_kikanzentai_wakayama_ika.pdf
診療所,30,0151375,メンタルクリニック,〒640－8331和歌山市美園町５丁目６１番地ステーションビルＭＩＯ５階,073-427-0008,大家尚文,大家尚文,精　心内　内,,平19.4.3,298_2026.7_kikanzentai_wakayama_ika.pdf
診療所,30,0151383,たまい内科,〒641－0012和歌山市紀三井寺１４５４,073-446-0021,玉井昌紀,玉井昌紀,内　アレ　呼内　糖尿病内　消内　内分泌・代謝内　循内,,平19.4.12,298_2026.7_kikanzentai_wakayama_ika.pdf
診療所,30,0151391,小倉内科,〒640－0351和歌山市吉礼６１－８,073-478-1912,小倉良則,小倉良則,内　糖尿病・代謝　内,,平19.5.7,298_2026.7_kikanzentai_wakayama_ika.pdf
診療所,30,0151409,金澤内科クリニック,〒640－8033和歌山市本町６丁目２６,073-418-1171,金澤利彦,金澤利彦,内　消,,平19.9.10,298_2026.7_kikanzentai_wakayama_ika.pdf
診療所,30,0151425,こばやし内科クリニ,〒640－8453和歌山市木ノ本５５２－１,073-453-3100,小林正人,小林正人,内　呼　消　循,,平19.9.14,298_2026.7_kikanzentai_wakayama_ika.pdf
診療所,30,0151433,嶋倉クリニック,〒641－0045和歌山市堀止西１丁目３－５,073-423-3800,木村芳毅,木村芳毅,内　放,,平19.9.10,298_2026.7_kikanzentai_wakayama_ika.pdf
診療所,30,0151441,まつもと眼科,〒649－6323和歌山市井ノ口１２３－３,073-477-7500,松本浩子,松本浩子,眼,,平19.10.1,298_2026.7_kikanzentai_wakayama_ika.pdf
診療所,30,0151458,きのくに漢方クリニ,〒640－8269和歌山市小松原通１丁目１－３５サンビル４階,073-426-1156,田中一,田中一,内　アレ　小　消　外,,平20.1.4,298_2026.7_kikanzentai_wakayama_ika.pdf
診療所,30,0151466,奥本医院,〒640－8401和歌山市福島５６１,073-455-0709,奥本哲生,奥本哲生,内　消　循　小,,平20.1.7,298_2026.7_kikanzentai_wakayama_ika.pdf
診療所,30,0151482,松田眼科医院,〒641－0052和歌山市東高松３丁目１番１９号,073-446-2019,遠藤佳子,遠藤佳子,眼,,平20.4.1,298_2026.7_kikanzentai_wakayama_ika.pdf
診療所,30,0151490,阪井循環器内科医院,〒640－8152和歌山市十番丁１２十番丁ビル１Ｆ,073-422-0534,阪井康仁,阪井康仁,心臓血管内　内　糖尿病・代謝内　呼内,,平20.6.6,298_2026.7_kikanzentai_wakayama_ika.pdf
診療所,30,0151540,はんだ内科クリニッ,〒640－8435和歌山市古屋５７－２,073-460-7961,半田暁司,半田暁司,内　消　循,,平20.12.1,298_2026.7_kikanzentai_wakayama_ika.pdf
診療所,30,0151557,北村泌尿器科・内科,〒640－8319和歌山市手平５丁目１－１５マエダビル１Ｆ,073-423-2330,北村愼治,北村愼治,ひ　内,,平20.12.10,298_2026.7_kikanzentai_wakayama_ika.pdf
診療所,30,0151565,松本医院,〒640－8403和歌山市北島１００－２,073-455-1966,松本隆文,松本隆文,内　リウ　リハ,,平21.1.1,298_2026.7_kikanzentai_wakayama_ika.pdf
診療所,30,0151607,中西クリニック,〒640－8331和歌山市美園町５丁目７－４テンビル２Ｆ,073-402-3336,中西章人,中西章人,外　整外　内　皮　アレ　こう　リ　ハ,,平21.4.1,298_2026.7_kikanzentai_wakayama_ika.pdf
診療所,30,0151615,上中クリニック,〒640－8301和歌山市岩橋１５８３－１,073-475-5030,上中博之,上中博之,内　外　消（内科　外科）　肛門外　内視鏡（内科　外科）,,平21.7.1,298_2026.7_kikanzentai_wakayama_ika.pdf
診療所,30,0151631,西川内科診療所,〒640－8028和歌山市匠町２９小山ビル１階,073-431-0526,西川寬紀,西川寬紀,内　放　消,,平21.7.15,298_2026.7_kikanzentai_wakayama_ika.pdf
診療所,30,0151664,岡内科・胃腸科クリ,〒640－0301和歌山市木枕４１－１,073-497-5800,岡久渡,岡久渡,消内　循内　呼　内　糖尿病・代謝　内,,平21.10.5,298_2026.7_kikanzentai_wakayama_ika.pdf
診療所,30,0151698,みなかたクリニック,〒641－0055和歌山市和歌川町１０－３９,073-445-1147,南方常夫,南方常夫,内　循　呼　消　アレ　小,,平21.11.1,298_2026.7_kikanzentai_wakayama_ika.pdf
診療所,30,0151722,佐谷医院,〒640－0103和歌山市加太１１７５番地の１１,073-459-0563,佐谷修,佐谷修,内　循,,平22.1.1,298_2026.7_kikanzentai_wakayama_ika.pdf
診療所,30,0151748,メンタルクリニック,〒640－8203和歌山市東蔵前丁４ファ－ストビル３階,073-427-2331,岩井雅之,岩井雅之,心内　精,,平22.2.22,298_2026.7_kikanzentai_wakayama_ika.pdf
診療所,30,0151755,上出皮フ科クリニッ,〒641－0051和歌山市西高松１丁目５－５０,073-402-2200,上出康二,上出康二,皮　美容皮,,平22.5.10,298_2026.7_kikanzentai_wakayama_ika.pdf
診療所,30,0151821,かさの医院,〒640－8314和歌山市神前３７２－１,073-471-1197,笠野有里,笠野有里,産婦　内,,平23.4.1,298_2026.7_kikanzentai_wakayama_ika.pdf
診療所,30,0151839,おだ眼科クリニック,〒640－8425和歌山市松江北７丁目１０－３４,073-480-5455,小田盛司,小田盛司,眼,,平23.5.1,298_2026.7_kikanzentai_wakayama_ika.pdf
診療所,30,0151847,さくら内科クリニッ,〒640－8341和歌山市黒田１８－６,073-494-7071,石原靖士,石原靖士,内　呼内　循内　消内　アレ,,平23.6.1,298_2026.7_kikanzentai_wakayama_ika.pdf
診療所,30,0151854,なおや内科クリニッ,〒640－8331和歌山市美園町３丁目３４番地けやきＯＮＥ２０１,073-427-0012,山本尚哉,山本尚哉,内　他,,平23.8.1,298_2026.7_kikanzentai_wakayama_ika.pdf
診療所,30,0151870,和クリニック,〒640－8324和歌山市吹屋町四丁目１２－２,073-422-3678,村井和,村井和,内,,平23.11.1,298_2026.7_kikanzentai_wakayama_ika.pdf
診療所,30,0151896,いわはし小児科,〒640－8301和歌山市岩橋１０４８－２,073-499-6889,岩橋誠司,岩橋誠司,小,,平24.2.8,298_2026.7_kikanzentai_wakayama_ika.pdf
診療所,30,0151904,ほしの整形外科,〒640－8471和歌山市善明寺３０２番地１,073-456-0117,星野潤,星野潤,整外　リハ　リウ,,平24.2.1,298_2026.7_kikanzentai_wakayama_ika.pdf
診療所,30,0151912,しもがいとメンタル,〒640－8341和歌山市黒田一丁目２－４寺本興産ビル３階,073-474-2288,下垣内潤,下垣内潤,心内　精,,平24.4.2,298_2026.7_kikanzentai_wakayama_ika.pdf
診療所,30,0151920,けやきメンタルクリ,〒640－8331和歌山市美園町三丁目３４番地けやきＯＮＥ２階２０２,073-431-5560,津河大路,津河大路,心内　精,,平24.5.1,298_2026.7_kikanzentai_wakayama_ika.pdf
診療所,30,0151953,田村耳鼻咽喉科,〒640－8454和歌山市ふじと台６番地Ｅｓｔａｃｉｏｎふじと台駅前ビル東棟４階Ｅ４０６,073-499-7633,田村真司,田村真司,耳い　アレ,,平24.9.1,298_2026.7_kikanzentai_wakayama_ika.pdf
診療所,30,0151979,橘医院,〒640－8341和歌山市黒田１１７,073-471-3940,橘順子,橘順子,内,,平24.10.8,298_2026.7_kikanzentai_wakayama_ika.pdf
診療所,30,0152019,せせらぎクリニック,〒640－8435和歌山市古屋１５３番地７,073-499-7712,久岡崇宏,久岡崇宏,心臓血管内　内　外　小　皮,,平25.5.7,298_2026.7_kikanzentai_wakayama_ika.pdf
診療所,30,0152035,森女性クリニック,〒640－8323和歌山市太田一丁目１０－１３,073-488-7027,森久仁子,森久仁子,産婦　婦,,平25.5.13,298_2026.7_kikanzentai_wakayama_ika.pdf
診療所,30,0152068,おかもと眼科,〒640－8392和歌山市中之島３０７－１,073-474-7010,岡本好夫,岡本好夫,眼,,平25.6.1,298_2026.7_kikanzentai_wakayama_ika.pdf
診療所,30,0152076,葵町クリニック,〒640－8273和歌山市葵町二丁目３３番地,073-432-7876,金田典子,金田典子,産婦　小　内　乳　腺内,,平25.5.1,298_2026.7_kikanzentai_wakayama_ika.pdf
診療所,30,0152084,ひうらクリニック,〒640－8342和歌山市友田町５丁目４３山植ビル２階,073-433-7556,日裏勝,日裏勝,ひ　内,,平25.6.1,298_2026.7_kikanzentai_wakayama_ika.pdf
診療所,30,0152092,藤田眼科,〒641－0007和歌山市小雑賀７１０,073-488-4070,藤田識人,藤田識人,眼,,平25.7.1,298_2026.7_kikanzentai_wakayama_ika.pdf
診療所,30,0152118,岡本皮フ科,〒641－0007和歌山市小雑賀浜脇１５８岡本クリニックビル２階,073-427-5505,岡本勝行,岡本勝行,皮,,平25.10.1,298_2026.7_kikanzentai_wakayama_ika.pdf
診療所,30,0152134,本多内科クリニック,〒640－8235和歌山市東長町六丁目３３番地,073-425-3661,本多俊裕,本多俊裕,内　消内　アレ,,平25.12.1,298_2026.7_kikanzentai_wakayama_ika.pdf
診療所,30,0152142,かわくぼ皮ふ科クリ,〒640－8104和歌山市南休賀町１１番地,073-488-4318,川久保洋,川久保洋,皮,,平26.3.4,298_2026.7_kikanzentai_wakayama_ika.pdf
診療所,30,0152159,あおたハートクリニ,〒640－8142和歌山市三番丁５４三番丁タワー１階１０１号室,073-427-0324,青田正樹,青田正樹,循内　心外,,平26.3.3,298_2026.7_kikanzentai_wakayama_ika.pdf
診療所,30,0152183,耳鼻咽喉科・頭頸部,〒640－8413和歌山市島橋東ノ丁１－８,073-488-5383,関口正太郎,関口正太郎,耳い　頭頸部外,,平26.4.21,298_2026.7_kikanzentai_wakayama_ika.pdf
診療所,30,0152191,堀止こころのクリニ,〒641－0042和歌山市新堀東一丁目２－４９,073-425-1818,新井廣龍,新井廣龍,心内　精,,平26.5.1,298_2026.7_kikanzentai_wakayama_ika.pdf
診療所,30,0152209,たけい耳鼻咽喉科,〒640－8453和歌山市木ノ本２６１－２１,073-451-3341,竹井慎,竹井慎,耳い　アレ　頭頸　部外,,平26.5.1,298_2026.7_kikanzentai_wakayama_ika.pdf
診療所,30,0152225,美園町眼科医院,〒640－8331和歌山市美園町五丁目６１番地先無番地和歌山ミオ４階,073-488-6172,甲谷芳朗,甲谷芳朗,眼,,平26.9.1,298_2026.7_kikanzentai_wakayama_ika.pdf
診療所,30,0152233,しんどうなおこクリ,〒640－8322和歌山市秋月２７５－１,073-472-0333,進藤直子,進藤直子,糖内　消内　内,,平26.12.2,298_2026.7_kikanzentai_wakayama_ika.pdf
診療所,30,0152241,メンタルクリニック,〒640－8137和歌山市吹上二丁目５－４０Ｄビル１Ｆ－南館,073-488-6670,鈴木英次,鈴木英次,心内　精,,平27.5.1,298_2026.7_kikanzentai_wakayama_ika.pdf
診療所,30,0152258,中山内科,〒640－8152和歌山市十番丁６１,073-433-8355,中山恒夫,中山恒夫,内　消内　循内　呼内　放,,平27.4.13,298_2026.7_kikanzentai_wakayama_ika.pdf
診療所,30,0152274,いらなみのりこメン,〒640－8329和歌山市田中町三丁目４番地,073-423-3662,伊良波範子,伊良波範子,心内　精,,平27.8.1,298_2026.7_kikanzentai_wakayama_ika.pdf
診療所,30,0152282,増井内科,〒640－8444和歌山市次郎丸６９－１,073-453-7677,増井由毅,増井由毅,内　呼内　心内　小　糖内　消内　漢方内　循内,,平27.10.1,298_2026.7_kikanzentai_wakayama_ika.pdf
診療所,30,0152308,林正泌尿器科クリニ,〒640－8269和歌山市小松原通四丁目３０番地小松原丸岩ビル１階１０１号,073-435-5028,林正,林正,ひ　形外,,平28.4.1,298_2026.7_kikanzentai_wakayama_ika.pdf
診療所,30,0152316,まきのクリニック,〒640－0332和歌山市冬野１７６１－１０,073-479-3567,牧野博行,牧野博行,内　消内　循内　呼内　アレ,,平28.4.1,298_2026.7_kikanzentai_wakayama_ika.pdf
診療所,30,0152324,太田医院,〒640－8323和歌山市太田１丁目１３－１０太田ビル２Ｆ,073-473-0010,太田有紀,太田有紀,内　消内　循内　放,,平28.4.1,298_2026.7_kikanzentai_wakayama_ika.pdf
診療所,30,0152332,風土記の丘診療所,〒640－8301和歌山市岩橋１２７１－１,073-473-6070,綛田真也,綛田真也,内　消内　老年内　臨床,,平28.5.1,298_2026.7_kikanzentai_wakayama_ika.pdf
診療所,30,0152357,山口医院,〒641－0014和歌山市毛見２９５－２１,073-444-3872,山口守道,山口守道,内　小　糖内,,平28.11.1,298_2026.7_kikanzentai_wakayama_ika.pdf
診療所,30,0152373,にしかわ眼科クリニ,〒640－8435和歌山市古屋１１２－１,073-454-0117,西川爲久,西川爲久,眼,,平29.1.1,298_2026.7_kikanzentai_wakayama_ika.pdf
診療所,30,0152381,クリニック,〒640－8482和歌山市六十谷７４８－１０４,073-464-2350,毅,毅,内　消内　循内　肛門外　皮　外,,平29.5.1,298_2026.7_kikanzentai_wakayama_ika.pdf
診療所,30,0152399,たぶせ在宅クリニッ,〒640－8264和歌山市湊桶屋町１０Ｍ＆Ｍビル２階Ａ号室,073-424-0207,田伏弘行,田伏弘行,内,,平29.6.1,298_2026.7_kikanzentai_wakayama_ika.pdf
診療所,30,0152407,竹原外科内科医院,〒641－0036和歌山市西浜１００４－１,073-445-0011,竹原理恵,竹原理恵,内　外　脳外　整　外　神内　呼内　循内　消内,,平29.5.1,298_2026.7_kikanzentai_wakayama_ika.pdf
診療所,30,0152415,中谷医科歯科クリニ,〒640－8151,073-422-2462,中谷宗幹,中谷宗幹,内　歯　小歯　矯,,平29.7.1,299_2026.7_kikanzentai_wakayama_sikaheisetu.pdf
診療所,30,0132413,ック,和歌山市屋形町１丁目２６番地,,,,歯　歯外,,新規,299_2026.7_kikanzentai_wakayama_sikaheisetu.pdf
診療所,30,0152456,三谷医院,〒641－0021和歌山市和歌浦東３丁目５－５３,073-499-7013,三谷尚史,三谷尚史,内,,平30.1.11,298_2026.7_kikanzentai_wakayama_ika.pdf
診療所,30,0152464,山本眼科医院,〒640－8319和歌山市手平１丁目５番２９号,073-423-7905,山本昇伯,山本昇伯,眼,,平30.1.1,298_2026.7_kikanzentai_wakayama_ika.pdf
診療所,30,0152480,有井医院,〒640－8404和歌山市湊２丁目７番８号,073-455-3411,岩垣幾美,岩垣幾美,内　小　放,,平30.4.1,298_2026.7_kikanzentai_wakayama_ika.pdf
診療所,30,0152498,有本クリニック,〒640－8323和歌山市太田３８－１４,073-475-3900,有本潤司,有本潤司,内　呼内　皮　外,,平30.5.1,298_2026.7_kikanzentai_wakayama_ika.pdf
診療所,30,0152506,中西内科呼吸器内科,〒641－0054和歌山市塩屋５丁目１２２－１,073-445-2255,中西宏公,中西宏公,内　呼内　アレ,,平30.5.7,298_2026.7_kikanzentai_wakayama_ika.pdf
診療所,30,0152514,なかむら皮膚科,〒640－8481和歌山市直川３７５番地１,073-488-1691,中村智之,中村智之,皮,,平30.9.1,298_2026.7_kikanzentai_wakayama_ika.pdf
診療所,30,0152548,やましたレディース,〒640－8007和歌山市元寺町西ノ丁９,073-426-8111,山下和哉,山下和哉,産　婦　内,,平31.1.9,298_2026.7_kikanzentai_wakayama_ika.pdf
診療所,30,0152555,おやこの診療所,〒640－8341和歌山県和歌山市黒田１丁目１－１０クリニックビル上林４Ｆ,073-488-7960,尾﨑優,尾﨑優,児童精神科　精,,平31.2.1,298_2026.7_kikanzentai_wakayama_ika.pdf
診療所,30,0152563,しぶたこどもクリニ,〒640－8403和歌山市北島４５３コンプラベルデⅡ,073-456-6900,澁田京子,澁田京子,小,,令元.5.1,298_2026.7_kikanzentai_wakayama_ika.pdf
診療所,30,0152571,島循環器・内科,〒640－8136和歌山市堀止東１－２－７,073-427-0006,島樹,島樹,内　循内,,令元.5.1,298_2026.7_kikanzentai_wakayama_ika.pdf
診療所,30,0152597,よこい耳鼻咽喉科,〒640－0332和歌山市冬野１４６６－８,073-488-8741,横井慶,横井慶,耳い　アレ,,令元.11.11,298_2026.7_kikanzentai_wakayama_ika.pdf
診療所,30,0152613,松本内科クリニック,〒641－0051和歌山市西高松一丁目８番１０号,0734-88-3542,松本啓希,松本啓希,内　循環器内　糖　尿病内,,令2.4.1,298_2026.7_kikanzentai_wakayama_ika.pdf
診療所,30,0152639,和歌山ブレストクリ,〒640－8203和歌山市東蔵前丁３９キーノ和歌山３階,073-425-3200,芳林浩史,芳林浩史,乳腺外科,,令2.5.1,298_2026.7_kikanzentai_wakayama_ika.pdf
診療所,30,0152647,よろずまちクリニッ,〒640－8035和歌山市万町７番地サピリア石倉２Ｆ,073-427-0556,早田聡宏,早田聡宏,心療内科　精神科,,令2.5.1,298_2026.7_kikanzentai_wakayama_ika.pdf
診療所,30,0152654,舩橋クリニック,〒640－8301和歌山市岩橋３１６,073-472-2666,舩橋亮輔,舩橋亮輔,心臓血管外科　内　科　放射線科　リ　ハビリテーション　科,,令2.5.21,298_2026.7_kikanzentai_wakayama_ika.pdf
診療所,30,0152662,ありた内科・循環器,〒640－8411和歌山市梶取１番地２６,073-488-3277,有田祐,有田祐,内科　循環器内科,,令2.9.1,298_2026.7_kikanzentai_wakayama_ika.pdf
診療所,30,0152670,内科・生活習慣病,〒640－8203和歌山市東蔵前丁３９キーノ和歌山３階,073-494-3355,向阪彰,向阪彰,内科　内分泌内科　糖尿病内科,,令2.10.1,298_2026.7_kikanzentai_wakayama_ika.pdf
診療所,30,0152688,みやもと眼科医院,〒641－0012和歌山市紀三井寺６７０－１,073-446-3336,宮本香,宮本香,眼,,令3.1.5,298_2026.7_kikanzentai_wakayama_ika.pdf
診療所,30,0152696,トータルケアまき,〒640－8328和歌山市木広町５丁目１－５,073-488-7036,篠﨑真紀,篠﨑真紀,内,,令3.2.1,298_2026.7_kikanzentai_wakayama_ika.pdf
診療所,30,0152712,大河内医院,〒641－0006和歌山市中島４２９－１,073-473-5800,大河内啓史,大河内啓史,内　循環器内科　消化器内科,,令3.4.1,298_2026.7_kikanzentai_wakayama_ika.pdf
診療所,30,0152720,坂本内科,〒641－0044和歌山市今福４－２－２０,073-425-2588,坂本直哉,坂本直哉,内科　消化器内科　放射線科,,令3.5.1,298_2026.7_kikanzentai_wakayama_ika.pdf
診療所,30,0152738,みきた皮ふ科,〒640－8322和歌山市秋月２７５番１,073-471-4112,三木田直哉,三木田直哉,皮,,令3.7.1,298_2026.7_kikanzentai_wakayama_ika.pdf
診療所,30,0152753,恵みクリニック,〒641－0003和歌山市坂田６４１－２,073-499-4169,西田宗弘,西田宗弘,内科・呼吸器内科　外科・乳腺外科,,令3.10.1,298_2026.7_kikanzentai_wakayama_ika.pdf
診療所,30,0152761,和歌山駅前たまき乳,〒640－8342和歌山市友田町四丁目１３０番地Ａタワー２０６号,073-488-8610,玉置剛司,玉置剛司,乳外　外　内,,令3.10.1,298_2026.7_kikanzentai_wakayama_ika.pdf
診療所,30,0152779,斎藤耳鼻咽喉科,〒640－8435和歌山市古屋９５－１,073-451-3366,齋藤啓,齋藤啓,耳鼻咽喉科,,令3.10.1,298_2026.7_kikanzentai_wakayama_ika.pdf
診療所,30,0152787,ほんだ内科クリニッ,〒640－8401和歌山市福島８８－５,073-488-9151,本多宣晴,本多宣晴,内科　呼吸器内科　アレルギー科　老年内科　漢方内　科,,令3.11.1,298_2026.7_kikanzentai_wakayama_ika.pdf
診療所,30,0152803,ふじ戸台レディース,〒640－8454和歌山市ふじと台６番地ふじと台ステーションビルエスタシオン東棟４階４０７号,073-451-6058,尾谷功,尾谷功,婦　産　小　内,,令4.2.3,298_2026.7_kikanzentai_wakayama_ika.pdf
診療所,30,0152829,わかやま友田町クリ,〒640－8342和歌山市友田町四丁目１３０番地Ａｔｏｗｅｒ２階２０７－２号室,073-488-8632,辻富基美,辻富基美,精神科　心療内科　神経内科,,令4.5.1,298_2026.7_kikanzentai_wakayama_ika.pdf
診療所,30,0152837,みゆき内科クリニッ,〒640－0112和歌山市西庄５５９－２１,073-457-2277,宮幸,宮幸,内　糖尿病内科　内分泌内科　消化　器内科,,令4.6.1,298_2026.7_kikanzentai_wakayama_ika.pdf
診療所,30,0152845,まえだクリニック,〒641－0036和歌山市西浜７８１－２,073-435-5157,前田恒宏,前田恒宏,内　消化器内科　外,,令4.9.1,298_2026.7_kikanzentai_wakayama_ika.pdf
診療所,30,0152852,ようこクリニック,〒640－8392和歌山市中之島７６３番地,073-488-2356,松尾陽子,松尾陽子,内　消化器内科　内視鏡内科,,令4.10.1,298_2026.7_kikanzentai_wakayama_ika.pdf
診療所,30,0152886,宮整形外科クリニッ,〒640－8322和歌山市秋月４７４－１,073-474-3811,井口智揮,井口智揮,整外　リハ,,令5.5.1,298_2026.7_kikanzentai_wakayama_ika.pdf
診療所,30,0152894,のうがわ内科・血液,〒640－8216和歌山市元博労町２０,073-423-2211,直川匡晴,直川匡晴,内　血液内科,,令5.7.1,298_2026.7_kikanzentai_wakayama_ika.pdf
診療所,30,0152910,松谷内科,〒640－8471和歌山市善明寺７５５－８１,073-451-1700,松谷紀彦,松谷紀彦,内　糖尿病内科　内分泌内科　消化　器内科　呼吸器内　科　循環器内科,,令5.7.1,298_2026.7_kikanzentai_wakayama_ika.pdf
診療所,30,0152928,おのクリニック,〒640－8323和歌山市太田１－１４－１１オオトヨビル２階,073-476-5515,小野善郎,小野善郎,児童・思春期精神　科　心内　精,,令5.9.1,298_2026.7_kikanzentai_wakayama_ika.pdf
診療所,30,0152936,こいけ内科糖尿病内,〒641－0044和歌山市今福２丁目１－５３,073-422-1729,小池諒,小池諒,内　糖尿病内科　消化器内科,,令5.8.1,298_2026.7_kikanzentai_wakayama_ika.pdf
診療所,30,0152944,公園前もり眼科,〒640－8152和歌山市十番丁１２十番丁ビル３Ｆ,073-435-3345,森周子,森周子,眼,,令5.10.1,298_2026.7_kikanzentai_wakayama_ika.pdf
診療所,30,0152951,なないろこどもクリ,〒640－8137和歌山市吹上２丁目４－４６ニチホス医療ビル２階,073-425-7716,原茂登,原茂登,小,,令6.1.1,298_2026.7_kikanzentai_wakayama_ika.pdf
診療所,30,0152969,せたクリニック,〒640－8301和歌山市岩橋８７０－２,073-499-5569,瀬田剛史,瀬田剛史,内　消内、内視鏡　内、肝臓内　放,,令6.4.1,298_2026.7_kikanzentai_wakayama_ika.pdf
診療所,30,0152985,津田小児科,〒640－8482和歌山市六十谷３７４－１,073-462-1015,津田祐子,津田祐子,小　児童精神科　小児神経内科,,令6.9.9,298_2026.7_kikanzentai_wakayama_ika.pdf
診療所,30,0152993,和歌山市駅あかまつ,〒640－8203和歌山市東蔵前丁３９キーノ３階,073-423-7666,赤松拓司,赤松拓司,消化器内科　肝臓　内科　内視鏡内科,,令6.10.1,298_2026.7_kikanzentai_wakayama_ika.pdf
診療所,30,0153009,つばめ在宅クリニッ,〒640－8341和歌山市黒田２６１－２ＨＩＲＡＴＡＮＯＲＴＨ１０１号,073-494-3105,神﨑和紀,神﨑和紀,脳内　内,,令7.2.1,298_2026.7_kikanzentai_wakayama_ika.pdf
診療所,30,0153017,日の出クリニック,〒640－8435和歌山市古屋９５の１２階Ｂ,073-494-3335,渡邉高士,渡邉高士,内　消化器内科　外　小外　肛門外　科,,令7.5.1,298_2026.7_kikanzentai_wakayama_ika.pdf
診療所,30,0153025,やまだクリニック,〒640－8392和歌山市中之島８４５－１６,073-494-6060,山田祐也,山田祐也,ひ　内,,令7.7.1,298_2026.7_kikanzentai_wakayama_ika.pdf
診療所,30,0153033,みそのメンタルクリ,〒640－8331和歌山市美園町５丁目３－１雑村ビル６階,073-488-5355,三宅康裕,三宅康裕,精　心内,,令7.7.1,298_2026.7_kikanzentai_wakayama_ika.pdf
診療所,30,0153041,うららか内科クリニ,〒641－0045和歌山市堀止西１丁目２－９,073-494-5133,浦木進丞,浦木進丞,内　糖尿病内科　内分泌・代謝内科,,令7.9.1,298_2026.7_kikanzentai_wakayama_ika.pdf
診療所,30,0153058,吉村眼科医院,〒640－8106和歌山市三木町中ノ丁１７ＬＥＴＯプラザ３－Ａ,073-432-0314,吉村利規,吉村利規,眼,,令7.6.1,298_2026.7_kikanzentai_wakayama_ika.pdf
診療所,30,0153066,ほんだ整形外科,〒640－8423和歌山市松江中２丁目５番７１号,073-456-1122,本田高幹,本田高幹,整外　リハ,,令7.12.1,298_2026.7_kikanzentai_wakayama_ika.pdf
診療所,30,0153074,きただクリニック,〒640－8133和歌山市谷町９番地５,073-488-3075,北田雅彦,北田雅彦,内　循環器内科,,令7.11.1,298_2026.7_kikanzentai_wakayama_ika.pdf
診療所,30,0153082,よつば内科・痛みの,〒640－8315和歌山市津秦１２０－７,073-499-6180,林裕之,林裕之,内　ペインクリニ　ック内科,,令8.1.1,298_2026.7_kikanzentai_wakayama_ika.pdf
診療所,30,0153090,むらかみメンタルク,〒640－8342和歌山市友田町５丁目５０ミナカタビル３階,073-423-5563,村上真,村上真,精　心内,,令8.3.1,298_2026.7_kikanzentai_wakayama_ika.pdf
診療所,30,0153108,嶋内科医院,〒641－0015和歌山市布引６０７－１,073-447-0047,嶋福太郎,嶋福太郎,内　糖尿病内科　呼　循環器内科　消化器内科,,令8.1.1,298_2026.7_kikanzentai_wakayama_ika.pdf
診療所,30,0153116,なかね整形外科＆肩,〒641－0012和歌山市紀三井寺８４０－１０,073-488-7880,中根康博,中根康博,整外　リハ　内,,令8.5.18,298_2026.7_kikanzentai_wakayama_ika.pdf
診療所,30,0153124,和歌山駅前つじもと,〒640－8341和歌山市黒田１０５番１,073-476-5676,辻本直貴,辻本直貴,内　呼内　アレ,,令8.5.1,298_2026.7_kikanzentai_wakayama_ika.pdf
診療所,30,1000290,平林医院,〒648－0065橋本市古佐田１－５－１３,0736-32-0338,平林国男,平林国男,ひ　外　内,,昭49.1.1,298_2026.7_kikanzentai_wakayama_ika.pdf
診療所,30,1000464,藤堂診療所,〒648－0054橋本市城山台２－１２－６,0736-37-3303,藤堂泰三,藤堂泰三,内　外　皮　リハ,,昭62.4.1,298_2026.7_kikanzentai_wakayama_ika.pdf
診療所,30,1000480,豊澤医院,〒648－0064橋本市橋本２－４－１４,0736-32-0127,豊澤浩,豊澤浩,内　小　眼,,昭63.8.1,298_2026.7_kikanzentai_wakayama_ika.pdf
診療所,30,1000548,きみが丘クリニック,〒648－0092橋本市紀見ケ丘三丁目２－４,0736-36-1403,康龍男,康龍男,内　胃　小　アレ　皮,,平4.4.1,298_2026.7_kikanzentai_wakayama_ika.pdf
診療所,30,1000597,ひぶせ耳鼻咽喉科,〒648－0094橋本市三石台１－３－１フォレストはしもと２Ｆ,0736-37-1133,火伏宏美,火伏宏美,耳い,,平10.4.1,298_2026.7_kikanzentai_wakayama_ika.pdf
診療所,30,1000613,おおはぎ内科,〒648－0094橋本市三石台三丁目２３－６,0736-38-2570,大萩晋也,大萩晋也,内　呼　胃　小　リハ,,平10.10.1,298_2026.7_kikanzentai_wakayama_ika.pdf
診療所,30,1000621,おおはぎ眼科,〒648－0094橋本市三石台３丁目２３－７,0736-38-2575,大萩康子,大萩康子,眼,,平10.10.1,298_2026.7_kikanzentai_wakayama_ika.pdf
診療所,30,1000639,ナサコ内科,〒648－0099橋本市光陽台１丁目５－１,0736-38-2115,名迫由美子,名迫由美子,内　リハ,,平11.4.1,298_2026.7_kikanzentai_wakayama_ika.pdf
診療所,30,1000647,吉川こどもクリニッ,〒648－0054橋本市城山台２丁目４５－３,0736-38-2170,吉川明男,吉川明男,小,,平11.4.1,298_2026.7_kikanzentai_wakayama_ika.pdf
診療所,30,1000704,田倉皮膚科クリニッ,〒648－0099橋本市光陽台１丁目５－２２,0736-36-1500,田倉学,田倉学,皮　内,,平16.10.1,298_2026.7_kikanzentai_wakayama_ika.pdf
診療所,30,1000712,松園胃腸科・内科,〒648－0072橋本市東家４丁目１２－６大野ビル,0736-39-3933,松園泰彦,松園泰彦,胃　消　内　放,,平16.10.1,298_2026.7_kikanzentai_wakayama_ika.pdf
診療所,30,1000738,みなみ胃腸肛門科・,〒648－0053橋本市しらさぎ台２－１２,0736-38-3737,南浩二,南浩二,胃　こう　外　内　皮　放,,平17.5.9,298_2026.7_kikanzentai_wakayama_ika.pdf
診療所,30,1000803,栗山クリニック,〒649－7204橋本市高野口町小田６５３－２,0736-43-0310,栗山司,栗山司,外　内　胃　脳外　放　整外　循,3,昭50.3.1,298_2026.7_kikanzentai_wakayama_ika.pdf
診療所,30,1000837,阪上医院,〒649－7203橋本市高野口町名古曽１０３８番地２,0736-42-0300,阪上良行,阪上良行,内　呼　消　循　放,,平5.9.1,298_2026.7_kikanzentai_wakayama_ika.pdf
診療所,30,1000845,ハギノ眼科クリニッ,〒649－7203橋本市高野口町名古曽７００ー３,0736-44-2120,萩野雅洋,萩野雅洋,眼,,平11.6.1,298_2026.7_kikanzentai_wakayama_ika.pdf
診療所,30,1000860,玉井医院,〒649－7205橋本市高野口町名倉６４１番地,0736-42-2638,玉井敏弘,玉井敏弘,内　呼　消　循　小　放,,平13.3.7,298_2026.7_kikanzentai_wakayama_ika.pdf
診療所,30,1000878,虎谷内科小児科医院,〒649－7206橋本市高野口町向島１７７,0736-42-2802,虎谷彰久,虎谷彰久,内　胃　循　小　放,,平13.11.6,298_2026.7_kikanzentai_wakayama_ika.pdf
診療所,30,1000886,植阪クリニック,〒649－7202橋本市高野口町伏原１４４－２,0736-43-0100,植阪和修,植阪和修,内　胃　外　こう,,平18.5.11,298_2026.7_kikanzentai_wakayama_ika.pdf
診療所,30,1001025,たきわき皮フ科クリ,〒649－7202橋本市高野口町伏原１８８－１,0736-42-0210,瀧脇弘嗣,瀧脇弘嗣,皮,,平19.4.3,298_2026.7_kikanzentai_wakayama_ika.pdf
診療所,30,1001041,狩谷産婦人科,〒649－7206橋本市高野口町向島１８３－１,0736-42-2459,狩谷功,狩谷功,婦　内,,平19.11.1,298_2026.7_kikanzentai_wakayama_ika.pdf
診療所,30,1001066,松岡医院,〒649－7205橋本市高野口町名倉１８６－１,0736-42-2117,松浦良光,松浦良光,整外　内　外,,平20.11.4,298_2026.7_kikanzentai_wakayama_ika.pdf
診療所,30,1001090,伊藤クリニック,〒649－7202橋本市高野口町伏原１０１１番地,0736-43-1133,伊藤洋,伊藤洋,消外　循内　消内　肛外　糖内　外　内　呼内　整外　脳外　ひ　リハ　放,,平27.5.1,298_2026.7_kikanzentai_wakayama_ika.pdf
診療所,30,1001108,しらさぎ台クリニッ,〒648－0053橋本市しらさぎ台１２－１３,0736-26-4151,山内一真,山内一真,耳い　アレ,,平27.10.21,298_2026.7_kikanzentai_wakayama_ika.pdf
診療所,30,1001132,いわくらクリニック,〒648－0094橋本市三石台１丁目３－１１フォレストＢ棟１階１０２号,0736-26-8646,岩倉伸次,岩倉伸次,内　他　こう,,平30.8.18,298_2026.7_kikanzentai_wakayama_ika.pdf
診療所,30,1001165,稲垣泌尿器科医院,〒648－0072橋本市東家１丁目２－２２,0736-33-1011,稲垣武,稲垣武,ひ　皮　外　内,,令5.4.1,298_2026.7_kikanzentai_wakayama_ika.pdf
診療所,30,1010075,リハビリ橋本診療所,〒648－0091橋本市柱本２２,0736-37-5800,社会福祉法人ゆたか会理事長田倉妙子,尾島乃里子,内　外　整外,,昭58.5.1,298_2026.7_kikanzentai_wakayama_ika.pdf
診療所,30,1010091,医療法人晃和会紀,〒648－0073橋本市市脇３丁目６－９,0736-33-0782,医療法人晃和会理事長深見光樹,懸髙昭夫,透析　腎臓内,,昭60.11.1,298_2026.7_kikanzentai_wakayama_ika.pdf
診療所,30,1010109,医療法人岡田整形,〒648－0073橋本市市脇１丁目４５－２,0736-32-8080,医療法人岡田整形外科理事長岡田正道,岡田正道,療養病床　整外　リハ　放,19,昭62.7.1,298_2026.7_kikanzentai_wakayama_ika.pdf
診療所,30,1010125,小林医院,〒648－0086橋本市神野々３８５番地の２,0736-32-0846,医療法人青藍会理事長小林豊和,小林豊和,内　小　放　循,,平4.3.1,298_2026.7_kikanzentai_wakayama_ika.pdf
病院,30,1010141,社会医療法人博寿,〒648－0072,0736-32-8899,社会医療法人,中岡良介,,84,平5.4.1,299_2026.7_kikanzentai_wakayama_sikaheisetu.pdf
診療所,30,1030145,会山本病院,橋本市東家６丁目７番２６号,,博寿会理事長中岡良介,,内　呼　消　循　眼　リハ　放　整　外　脳外　歯　小　歯　矯歯　腫瘍内,,,299_2026.7_kikanzentai_wakayama_sikaheisetu.pdf
診療所,30,1010174,医療法人南労会み,〒648－0085橋本市岸上２２－１,0736-34-2811,医療法人南労会理事長佐藤雅司,額田敏秀,内　精　皮,,平8.12.1,298_2026.7_kikanzentai_wakayama_ika.pdf
診療所,30,1010182,小林診療所,〒648－0043橋本市学文路７０５,0736-32-0469,医療法人せせらぎ会理事長田中英治,田中英治,内,,平9.4.1,298_2026.7_kikanzentai_wakayama_ika.pdf
診療所,30,1010208,光誠会診療所,〒648－0017橋本市隅田町中島１０５８－５６,0736-37-3000,社会福祉法人光誠会理事長堀畑佳久,南義彦,内　外　整外　皮　ひ,,平9.4.1,298_2026.7_kikanzentai_wakayama_ika.pdf
病院,30,1010265,医療法人南労会紀,〒648－0085橋本市岸上１８－１,0736-33-5000,医療法人南労会理事長佐藤雅司,池田直也,療養病床　内　外　整外　脳　外　皮　神内　ひ　放　リハ　麻　消内　循内　糖尿　病・代謝内　内視　鏡内　呼内　精　透析　消外　乳外　疼痛緩和内　緩　和ケア内科,299,平15.7.1,298_2026.7_kikanzentai_wakayama_ika.pdf
診療所,30,1010273,田中診療所,〒648－0013橋本市隅田町中下１,0736-32-1103,医療法人わかば会理事長田中耕治,田中耕治,内,,平16.1.1,298_2026.7_kikanzentai_wakayama_ika.pdf
診療所,30,1010307,林耳鼻咽喉科,〒648－0073橋本市市脇１丁目１番２号,0736-33-2955,医療法人佑々会理事長林泰弘,林泰弘,耳い　アレ,,平17.12.1,298_2026.7_kikanzentai_wakayama_ika.pdf
診療所,30,1010356,本クリニック,〒649－7207橋本市高野口町大野２３５－１,0736-42-2528,医療法人本クリニック理事長本俊和,本俊和,内　小　整外　循　内・消内,,平9.8.1,298_2026.7_kikanzentai_wakayama_ika.pdf
診療所,30,1010364,森下クリニック,〒649－7206橋本市高野口町向島４２－１３,0736-44-1666,医療法人森下会理事長森下昌亮,森下昌亮,循内　内　呼内　放　消内　リハ,,平16.7.1,298_2026.7_kikanzentai_wakayama_ika.pdf
診療所,30,1010372,医療法人河原整形,〒649－7203橋本市高野口町名古曽２８３番地の１,0736-42-5757,医療法人河原整形外科理事長河原史郎,河原史郎,整外　リハ,,平18.1.1,298_2026.7_kikanzentai_wakayama_ika.pdf
診療所,30,1010398,南クリニック胃腸・,〒648－0073橋本市市脇４丁目７番６号,0736-34-0171,医療法人ミナミ理事長南光昭,南光昭,内　胃　外　皮　こう　リハ　放,,平19.3.1,298_2026.7_kikanzentai_wakayama_ika.pdf
診療所,30,1010406,こころの郷クリニッ,〒649－7203橋本市高野口町名古曽９１８番地の１,0736-42-5858,医療法人郷の会理事長田中敬造,中野光造,精　心内,,平19.6.4,298_2026.7_kikanzentai_wakayama_ika.pdf
診療所,30,1010414,谷内クリニック,〒648－0072橋本市東家４丁目２番４号,0736-39-3339,医療法人谷内クリニック理事長谷内まゆみ,谷内まゆみ,内　呼　消　循　小　リハ　アレ,,平19.8.1,298_2026.7_kikanzentai_wakayama_ika.pdf
診療所,30,1010422,梅本診療所,〒648－0015橋本市隅田町河瀬３５２,0736-33-0477,医療法人博周会理事長梅本博昭,梅本博昭,療養病床　内　消　外　整外,10,平20.1.1,298_2026.7_kikanzentai_wakayama_ika.pdf
診療所,30,1010455,医療法人南労会紀,〒648－0085,0736-34-1255,医療法人南労会,佐藤雅司,内　呼内　脳内,,平20.10.1,299_2026.7_kikanzentai_wakayama_sikaheisetu.pdf
診療所,30,1030459,和クリニック,橋本市岸上２３番地の１,,理事長佐藤雅司,,外　整外　脳外　皮　ひ　循内　消　内　形外　精　乳外　消外　膵臓　胆嚢外　疼痛緩和　内　リハ　歯,,移動,299_2026.7_kikanzentai_wakayama_sikaheisetu.pdf
診療所,30,1010471,医療法人涼悠会ト,〒648－0073橋本市市脇五丁目４番２３号,0736-32-9358,医療法人涼悠会理事長留守良太,留守良太,眼　形外,,平22.8.1,298_2026.7_kikanzentai_wakayama_ika.pdf
診療所,30,1010489,伊都地方休日急患診,〒648－0072橋本市東家一丁目３番１号,0736-33-1903,橋本周辺広域市町村圏組合管理者平木哲朗,谷内まゆみ,内　外　小,,平25.3.1,298_2026.7_kikanzentai_wakayama_ika.pdf
診療所,30,1010497,岡本クリニック,〒648－0041橋本市清水５１２－７,0736-39-0039,医療法人仁清会理事長岡本一仁,岡本一仁,麻　内,,平25.7.9,298_2026.7_kikanzentai_wakayama_ika.pdf
診療所,30,1010505,奥野クリニック,〒648－0096橋本市御幸辻１４８番の１,0736-34-0010,医療法人橋本孝佑会理事長奥野孝,奥野孝,脳外　外　内　神　内　放　整外　リ　ハ,,平27.4.1,298_2026.7_kikanzentai_wakayama_ika.pdf
診療所,30,1010521,横田整形外科,〒648－0054橋本市城山台二丁目４５番地の１４,0736-36-3006,医療法人緑横会理事長横田英史,横田英史,整外　リハ,,平28.1.1,298_2026.7_kikanzentai_wakayama_ika.pdf
診療所,30,1010539,なかいクリニック,〒648－0086橋本市神野々３８２番地,0736-33-1638,医療法人康紀会理事長中井康人,中井康人,精　心内　神　内,,平28.10.1,298_2026.7_kikanzentai_wakayama_ika.pdf
診療所,30,1010547,めがね先生の上田こ,〒648－0052橋本市紀見字椿原５９１－６,0736-26-8266,医療法人あそら会理事長上田悟史,上田悟史,小,,令2.10.1,298_2026.7_kikanzentai_wakayama_ika.pdf
診療所,30,1010554,さくら苑診療所,〒649－7207橋本市高野口町大野１８４４－１３３,0736-44-1189,社会福祉法人博寿会理事長山本博晟,山本博晟,内科　神経科,,令3.8.1,298_2026.7_kikanzentai_wakayama_ika.pdf
診療所,30,1010562,医療法人心月会つ,〒648－0065和歌山県橋本市古佐田１丁目５－５,0736-32-1133,医療法人心月会理事長月山雅之,月山純子,眼科,,令3.12.1,298_2026.7_kikanzentai_wakayama_ika.pdf
診療所,30,1010570,奥村マタニティクリ,〒648－0072橋本市東家４丁目１８番１３号,0736-32-0072,医療法人久和会理事長奥村嘉英,奥村嘉英,産婦　小　精,18,令6.11.1,298_2026.7_kikanzentai_wakayama_ika.pdf
診療所,30,1010588,奥村レディースクリ,〒648－0072橋本市東家４丁目１７番１３号,0736-32-0072,医療法人久和会理事長奥村嘉英,向林学,婦,,令7.1.1,298_2026.7_kikanzentai_wakayama_ika.pdf
診療所,30,1010596,いこまレディースク,〒648－0072橋本市東家１－２－２５サンライズビル１Ｆ,0736-39-8080,医療法人美生会理事長生駒久男,生駒久男,産婦　内　心内　美容皮膚科,,令8.4.1,298_2026.7_kikanzentai_wakayama_ika.pdf
診療所,30,1100561,谷田クリニック,〒640－1141海草郡紀美野町小畑６６８－１,073-489-6800,谷田徹,谷田徹,内　呼　消　循　アレ　小,,平14.10.1,298_2026.7_kikanzentai_wakayama_ika.pdf
診療所,30,1100587,みぞばたクリニック,〒640－1131海草郡紀美野町動木９９－１,073-489-6100,溝端馬,溝端馬,内　胃　外　こう　放　アレ,,平18.8.1,298_2026.7_kikanzentai_wakayama_ika.pdf
診療所,30,1100595,岩橋医院きみのフ,〒640－1121海草郡紀美野町下佐々２６８,073-489-2150,岩橋和裕,岩橋和裕,内　循内　緩和ケ　ア内　産婦　小　アレ,,平22.1.1,298_2026.7_kikanzentai_wakayama_ika.pdf
病院,30,1110081,国保野上厚生総合病,〒640－1141海草郡紀美野町小畑１９８,073-489-2178,国民健康保険野上厚生病院組合管理者小川裕康,栁岡公彦,療養病床　内　神内　外　整　外　脳外　精　ひ　婦　眼　耳い　リハ　呼内　消内　消外　循内　肛　門外　皮,199,昭35.8.1,298_2026.7_kikanzentai_wakayama_ika.pdf
診療所,30,1110248,紀美野町国民健康保,〒640－1363海草郡紀美野町田６３番地,073-498-0002,紀美野町紀美野町長小川裕康,多田明良,内,,平18.1.1,298_2026.7_kikanzentai_wakayama_ika.pdf
診療所,30,1110255,紀美野町国民健康保,〒640－1473海草郡紀美野町毛原宮２５４番地５,073-499-0300,紀美野町紀美野町長小川裕康,多田明良,内,,平18.1.1,298_2026.7_kikanzentai_wakayama_ika.pdf
診療所,30,1110263,紀美野町国民健康保,〒640－1205海草郡紀美野町真国宮３２番地２,073-497-0002,紀美野町紀美野町長小川裕康,西村安司,内,,平18.1.1,298_2026.7_kikanzentai_wakayama_ika.pdf
診療所,30,1110271,紀美野町国民健康保,〒640－1353海草郡紀美野町円明寺２２１番地２,073-497-0241,紀美野町紀美野町長小川裕康,西村安司,内,,平18.1.1,298_2026.7_kikanzentai_wakayama_ika.pdf
診療所,30,1110289,にしもと内科クリニ,〒640－1103海草郡紀美野町吉野４６番２,073-489-8338,医療法人紀西会理事長西本武司,西本武司,内　呼内　小　ア　レ　消内　循内,,平26.3.1,298_2026.7_kikanzentai_wakayama_ika.pdf
診療所,30,1110297,いつきのくに診療所,〒640－1131海草郡紀美野町動木１４７８番地１,073-497-6677,ＮＰＯ法人まごころ医療のある暮らし創り理事長今田真穂,西田拓司,内　小　精　心内,,令7.12.1,298_2026.7_kikanzentai_wakayama_ika.pdf
診療所,30,1300708,阪中外科,〒649－7113伊都郡かつらぎ町妙寺２１－１,0736-22-7018,阪中孝三,阪中孝三,外　内　整外,19,昭62.4.1,298_2026.7_kikanzentai_wakayama_ika.pdf
診療所,30,1300849,黒岩クリニック,〒649－7113伊都郡かつらぎ町妙寺９９８,0736-23-2112,黒岩丈清,黒岩丈清,内　呼　胃　循　リハ　放,,平10.9.1,298_2026.7_kikanzentai_wakayama_ika.pdf
診療所,30,1301003,たかの耳鼻咽喉科,〒649－7161伊都郡かつらぎ町笠田東２２５－５,0736-23-1133,高野郁晴,高野郁晴,耳い　アレ,,平14.2.1,298_2026.7_kikanzentai_wakayama_ika.pdf
診療所,30,1301037,花谷医院,〒648－0211伊都郡高野町高野山４１７,0736-56-3213,花谷誠也,花谷誠也,内,,平16.4.1,298_2026.7_kikanzentai_wakayama_ika.pdf
診療所,30,1301045,馬場眼科,〒649－7174伊都郡かつらぎ町佐野字古川１００８－１,0736-22-2000,馬場幸男,馬場幸男,眼,,平16.5.1,298_2026.7_kikanzentai_wakayama_ika.pdf
診療所,30,1301052,上田神経科クリニッ,〒649－7161伊都郡かつらぎ町笠田東１７１,0736-22-1000,上田英樹,上田英樹,精　神　心内,,平17.7.1,298_2026.7_kikanzentai_wakayama_ika.pdf
診療所,30,1301060,木秀クリニック,〒649－7121伊都郡かつらぎ町丁ノ町２５３０番地１１,0736-22-8883,横手秀行,横手秀行,内　脳外　整外　神内,,平25.5.1,298_2026.7_kikanzentai_wakayama_ika.pdf
診療所,30,1301078,上田消化器・内科ク,〒649－7161伊都郡かつらぎ町笠田東１７１,0736-23-2001,上田和樹,上田和樹,消内　内,,平25.5.13,298_2026.7_kikanzentai_wakayama_ika.pdf
診療所,30,1301086,にじいろ内科クリニ,〒649－7173伊都郡かつらぎ町大谷８９３－９,0736-23-2416,岡本美保,岡本美保,内　老年内科　小,,令4.10.1,298_2026.7_kikanzentai_wakayama_ika.pdf
診療所,30,1310210,米田小児科医院,〒649－7113伊都郡かつらぎ町妙寺４３７の１３,0736-22-3065,医療法人幸生会理事長米田勝紀,米田勝紀,小　アレ　内,,平元.10.1,298_2026.7_kikanzentai_wakayama_ika.pdf
診療所,30,1310228,前田医院,〒649－7161伊都郡かつらぎ町笠田東７２７,0736-22-1070,医療法人九曜會理事長井上隆太,井上隆太,ひ　内,,平元.10.1,298_2026.7_kikanzentai_wakayama_ika.pdf
診療所,30,1310236,北林医院,〒649－7161伊都郡かつらぎ町笠田東６４８ー５,0736-22-1130,医療法人仁人会理事長北林佳憲,北林佳憲,整外　外,,平元.11.1,298_2026.7_kikanzentai_wakayama_ika.pdf
診療所,30,1310269,医療法人萩会萩原,〒648－0101伊都郡九度山町九度山１１６８番地の２,0736-54-3309,医療法人萩会理事長萩原正史,萩原正史,内　小　放,,平3.7.1,298_2026.7_kikanzentai_wakayama_ika.pdf
診療所,30,1310293,富貴診療所,〒648－0401伊都郡高野町西富貴４６,0736-53-2013,高野町高野町長平野嘉也,田中瑛一朗,内　眼　整外,,平6.4.1,298_2026.7_kikanzentai_wakayama_ika.pdf
診療所,30,1310319,横手クリニック,〒648－0101伊都郡九度山町九度山８００,0736-54-3111,医療法人英裕会理事長横手英義,横手英義,脳外　内　外　循　環器内科　消化器　内科　呼内　整外　リハ　脳内,,平9.1.1,298_2026.7_kikanzentai_wakayama_ika.pdf
診療所,30,1310343,保脇整形外科医院,〒648－0101伊都郡九度山町九度山５６７番地の１,0736-54-2017,医療法人淳雄会理事長保脇淳之,保脇淳之,整外　リハ　リウ,,平13.3.1,298_2026.7_kikanzentai_wakayama_ika.pdf
診療所,30,1310368,医療法人永野医院,〒649－7161伊都郡かつらぎ町笠田東９７－１,0736-23-2311,医療法人永野医院理事長永野公一,永野公一,内　胃　循,,平15.2.1,298_2026.7_kikanzentai_wakayama_ika.pdf
病院,30,1310400,紀の郷病院,〒648－0101伊都郡九度山町九度山１１３番地の６,0736-54-2288,医療法人郷の会理事長田中敬造,中島豪紀,精　内　神内,112,平18.10.1,298_2026.7_kikanzentai_wakayama_ika.pdf
診療所,30,1400763,中井内科医院,〒642－0011海南市黒江１の２８４,073-482-7779,中井義勝,中井義勝,内,,昭61.1.1,298_2026.7_kikanzentai_wakayama_ika.pdf
診療所,30,1400862,桐皮膚科医院,〒642－0002海南市日方１５１２番地の６,073-482-7623,桐都志夫,桐都志夫,皮,,平2.5.1,298_2026.7_kikanzentai_wakayama_ika.pdf
診療所,30,1401043,橋本胃腸科,〒642－0002海南市日方４３１,073-483-7877,橋本雅夫,橋本雅夫,胃　内　外　放　こう,,平6.1.1,298_2026.7_kikanzentai_wakayama_ika.pdf
診療所,30,1401118,藤木医院,〒642－0032海南市名高５３９ー１２,073-482-2165,藤木嘉明,藤木嘉明,耳い,,平13.6.12,298_2026.7_kikanzentai_wakayama_ika.pdf
診療所,30,1401126,しこねクリニック,〒642－0022海南市大野中４５２－１５,073-482-1351,重根俊彦,重根俊彦,内　小　産　婦,,平14.1.4,298_2026.7_kikanzentai_wakayama_ika.pdf
診療所,30,1401134,魚谷メンタルクリニ,〒642－0032海南市名高５３１－１タムラビル４階,073-484-2260,魚谷幸司,魚谷幸司,精　神　神内　心　内,,平16.2.2,298_2026.7_kikanzentai_wakayama_ika.pdf
診療所,30,1401142,あらい耳鼻咽喉科,〒642－0032海南市名高５５５－３田中ビル２階,073-484-2433,新井宏紀,新井宏紀,耳い,,平16.3.3,298_2026.7_kikanzentai_wakayama_ika.pdf
診療所,30,1401175,西岡医院,〒649－0144海南市下津町橘本９７２－５,073-494-0238,西岡昭規,西岡昭規,内　循　小,,平2.4.1,298_2026.7_kikanzentai_wakayama_ika.pdf
診療所,30,1401183,石川医院,〒649－0122海南市下津町黒田１０６番地,073-492-2200,石川隆弥,石川隆弥,内　胃　小　皮,,平4.4.1,298_2026.7_kikanzentai_wakayama_ika.pdf
診療所,30,1401191,西本内科外科医院,〒649－0122海南市下津町黒田８４,073-492-2241,安村知加,安村知加,内　外　整外　小,,平5.4.1,298_2026.7_kikanzentai_wakayama_ika.pdf
診療所,30,1401225,山本医院,〒649－0121海南市下津町丸田１４７ー３,073-492-2219,三宅真理子,三宅真理子,内　小　整外　婦　リハ,,平13.8.1,298_2026.7_kikanzentai_wakayama_ika.pdf
診療所,30,1401233,角田医院,〒649－0164海南市下津町上１８９,073-492-0278,角田昌也,角田昌也,小　内,,平17.4.1,298_2026.7_kikanzentai_wakayama_ika.pdf
診療所,30,1401241,山西内科,〒642－0034海南市藤白１６６－９,073-483-2200,山西徹治,山西徹治,内　呼　胃　循　放,,平17.5.7,298_2026.7_kikanzentai_wakayama_ika.pdf
診療所,30,1401308,しおたにクリニック,〒640－0441海南市七山３５０,073-486-0010,塩谷敏和,塩谷敏和,内　呼　消　循　放,,平19.4.3,298_2026.7_kikanzentai_wakayama_ika.pdf
診療所,30,1401340,細部医院,〒649－0133海南市下津町下２７９番地,073-492-2164,細部雅代,細部雅代,内　小,,平21.2.1,298_2026.7_kikanzentai_wakayama_ika.pdf
診療所,30,1401399,しんがきクリニック,〒642－0032和歌山県海南市名高５３５番地の５,073-483-5252,新垣直樹,新垣直樹,内　消化器内科　肝臓内科,,平31.1.1,298_2026.7_kikanzentai_wakayama_ika.pdf
診療所,30,1401407,なかじま耳鼻咽喉科,〒642－0001海南市船尾２１５番地３,073-488-3337,中嶋宏児,中嶋宏児,耳い　アレ,,令元.10.1,298_2026.7_kikanzentai_wakayama_ika.pdf
診療所,30,1401423,ぶくぶくたつのこク,〒642－0018海南市重根東１丁目１５－１１,073-498-5000,吉田龍法,吉田龍法,小　アレ,,令7.12.1,298_2026.7_kikanzentai_wakayama_ika.pdf
病院,30,1410051,医療法人琴仁会石,〒642－0001海南市船尾３６５番地,073-482-5063,医療法人琴仁会理事長石本淳也,石本淳也,内　呼内　消化器　内科　循環器内科　外　整外　皮　ひ　肛門外科　リ　ハ　放　透析,53,昭54.4.1,298_2026.7_kikanzentai_wakayama_ika.pdf
診療所,30,1410085,医療法人天竹会竹,〒642－0023海南市重根１１－１,073-487-4171,医療法人天竹会理事長竹中庸之,竹中庸之,整外　内　外　リ　ハ　リウ,,昭59.4.1,298_2026.7_kikanzentai_wakayama_ika.pdf
診療所,30,1410101,整形外科,〒642－0031海南市築地１番地の５０,073-483-1234,医療法人同仁会理事長寛,寛,整外　形外　脳外　リハ　放,,昭59.11.1,298_2026.7_kikanzentai_wakayama_ika.pdf
病院,30,1410135,恵友病院,〒642－0001海南市船尾中浜２６４番地の２,073-483-1033,医療法人恵友会理事長川嶋寛昭,上田耕臣,内　呼内　他　外　脳外　ひ　リハ　麻,50,昭62.8.1,298_2026.7_kikanzentai_wakayama_ika.pdf
診療所,30,1410143,秀輝整形外科,〒642－0032海南市名高１７８番地の１,073-483-3131,医療法人秀輝整形外科理事長秀一郎,秀一郎,整外　リハ　放,19,昭63.1.1,298_2026.7_kikanzentai_wakayama_ika.pdf
診療所,30,1410150,おくクリニック,〒642－0032海南市名高２４３番地,073-483-5421,医療法人喜生会理事長奥喜全,奥喜全,胃腸内　肛門外　内　外,,昭64.1.1,298_2026.7_kikanzentai_wakayama_ika.pdf
診療所,30,1410200,木村医院,〒640－1175海南市沖野々２６０番地,073-487-3100,医療法人のぞみ会理事長木村正光,木村正光,内　呼　胃　循　小　放,,平5.8.1,298_2026.7_kikanzentai_wakayama_ika.pdf
診療所,30,1410218,金川眼科,〒642－0032海南市名高７６番地の１６,073-483-0148,医療法人金川眼科理事長金川龍一,金川龍一,眼,,平6.7.1,298_2026.7_kikanzentai_wakayama_ika.pdf
診療所,30,1410226,上野山眼科,〒642－0032海南市名高５３１番地の３タムラビル３Ｆ,073-483-3941,医療法人アイサイト理事長上野山典子,上野山典子,眼,,平7.1.1,298_2026.7_kikanzentai_wakayama_ika.pdf
診療所,30,1410234,一般財団法人ＮＳメ,〒642－0001,073-482-5123,一般財団法人Ｎ,麥谷耕一,内　歯外　歯,,平8.10.1,299_2026.7_kikanzentai_wakayama_sikaheisetu.pdf
診療所,30,1430238,ディカル・ヘルスケ,海南市船尾２６０－１００,,Ｓメディカル・ヘルスケアサービス理事長鳥井孝一,,,,新規,299_2026.7_kikanzentai_wakayama_sikaheisetu.pdf
病院,30,1410242,笠松病院,〒642－0001海南市船尾１９６,073-482-3153,医療法人喜望会理事長笠松聡,笠松聡,内　外　胃腸内,45,平11.3.1,298_2026.7_kikanzentai_wakayama_ika.pdf
診療所,30,1410259,医療法人山友会,〒642－0015海南市且来６３２－１,073-482-0189,医療法人山友会理事長山本雅規,山本雅規,内　他　小　皮　放,,平12.3.1,298_2026.7_kikanzentai_wakayama_ika.pdf
診療所,30,1410267,たきもと内科クリニ,〒642－0024海南市阪井１７９９－１,073-485-2322,医療法人拓久会理事長瀧本拓哉,瀧本拓哉,内　胃　消　循　小　リハ　アレ,,平13.2.1,298_2026.7_kikanzentai_wakayama_ika.pdf
診療所,30,1410283,医療法人さくら会,〒642－0032海南市名高１４０－１,073-484-5001,医療法人さくら会理事長西願誠二,西願誠二,内　精　神内　呼　消　循　小　リ　ハ　放　心内,,平14.8.1,298_2026.7_kikanzentai_wakayama_ika.pdf
診療所,30,1410291,吉川内科循環器科,〒642－0028海南市幡川１８５－１,073-484-2525,医療法人吉川内科循環器科理事長吉川博之,吉川博之,循内　内,,平17.2.1,298_2026.7_kikanzentai_wakayama_ika.pdf
診療所,30,1410317,医療法人恵友会下,〒649－0141海南市下津町小南１２６－１,073-492-5131,医療法人恵友会理事長川嶋寛昭,川嶋寛昭,内　呼　消　循　外　リハ　放　麻　ひ,,平2.4.1,298_2026.7_kikanzentai_wakayama_ika.pdf
診療所,30,1410333,医療法人久生会,〒642－0032海南市名高５０６－４,073-482-4346,医療法人久生会理事長山本尚夫,山本尚夫,内　呼　消　循　放,,平18.11.1,298_2026.7_kikanzentai_wakayama_ika.pdf
診療所,30,1410341,さいとうクリニック,〒642－0018海南市重根東一丁目７番地８,073-485-3387,医療法人さいとうクリニック理事長齊藤匡人,齊藤匡人,耳い,,平23.3.1,298_2026.7_kikanzentai_wakayama_ika.pdf
診療所,30,1410358,ふじた眼科,〒640－1175海南市沖野々２５９番地,073-487-0066,医療法人のぞみ会理事長木村正光,藤田恭子,眼,,平23.6.20,298_2026.7_kikanzentai_wakayama_ika.pdf
診療所,30,1410374,さいかクリニック,〒649－0123海南市下津町丁９７番地１,073-494-1111,医療法人栄明会理事長雜賀明宏,雜賀明宏,内　小　呼内　胃　腸内　循環器内,,平25.10.1,298_2026.7_kikanzentai_wakayama_ika.pdf
診療所,30,1410382,かわむら医院,〒649－0101海南市下津町下津７８５番地２,073-492-0132,医療法人三徳会理事長川村貴秀,川村貴秀,内　循内　腎内　小,,平27.4.1,298_2026.7_kikanzentai_wakayama_ika.pdf
診療所,30,1410390,たなか眼科,〒642－0002海南市日方１２９０－６６,073-460-1110,医療法人青蓮会理事長田中剛,田中剛,眼,,平28.9.1,298_2026.7_kikanzentai_wakayama_ika.pdf
診療所,30,1410408,くらはしクリニック,〒642－0011海南市黒江５４３,073-483-4013,医療法人くらはしクリニック理事長倉橋利徳,倉橋利徳,内　他,,平29.9.1,298_2026.7_kikanzentai_wakayama_ika.pdf
病院,30,1410416,医療法人晃和会谷,〒642－0002海南市日方３２７－１１,073-482-2500,医療法人晃和会理事長深見光樹,岡本幸春,内　整外　腎臓内　血液内　胃腸内　循環器内　糖尿　病内　リハ　放　透析　心外,43,平30.5.14,298_2026.7_kikanzentai_wakayama_ika.pdf
診療所,30,1410424,いぬい内科呼吸器内,〒642－0032海南市名高５３９番地１８岩﨑ビル１階,073-483-4030,医療法人宏和会理事長乾宏行,乾宏行,内　呼吸器内科,,令3.2.1,298_2026.7_kikanzentai_wakayama_ika.pdf
診療所,30,1410440,みき眼科,〒642－0001海南市船尾１９３－４,073-482-0234,医療法人愛光会理事長三木敏耶,三木敏耶,眼,,令6.1.1,298_2026.7_kikanzentai_wakayama_ika.pdf
診療所,30,1500281,生馬医院,〒649－0434有田市宮原町新町４０,0737-88-7058,生馬千明,生馬千明,内　小　消内,,昭55.4.1,298_2026.7_kikanzentai_wakayama_ika.pdf
診療所,30,1500315,おおち眼科,〒649－0316有田市宮崎町明見２７－１,0737-82-1506,應地正章,應地正章,眼,,昭63.7.1,298_2026.7_kikanzentai_wakayama_ika.pdf
診療所,30,1500349,江川内科,〒649－0311有田市辻堂４９３番地,0737-83-2853,江川正一,江川正一,内,,平4.4.1,298_2026.7_kikanzentai_wakayama_ika.pdf
診療所,30,1500380,川嶋内科,〒649－0304有田市箕島字船面８８２－１,0737-82-0616,川嶋愛巳,川嶋愛巳,内　胃　放,,平7.7.1,298_2026.7_kikanzentai_wakayama_ika.pdf
診療所,30,1500398,楠本内科医院,〒649－0304有田市箕島９３０－５,0737-82-4428,栗山茂司,栗山茂司,内　小,,平9.1.1,298_2026.7_kikanzentai_wakayama_ika.pdf
診療所,30,1500406,中村内科医院,〒649－0304有田市箕島６５３－５,0737-83-2255,中村吉伸,中村吉伸,内　小　放,,平9.7.1,298_2026.7_kikanzentai_wakayama_ika.pdf
診療所,30,1500430,石井内科,〒649－0316有田市宮崎町１９－３,0737-85-3331,石井俊宏,石井俊宏,内　胃　放,,平13.5.1,298_2026.7_kikanzentai_wakayama_ika.pdf
診療所,30,1500448,なかもと整形外科,〒649－0317有田市古江見字西坪１８０－１－１,0737-85-0060,中元耕一郎,中元耕一郎,整外　リハ,,平14.8.2,298_2026.7_kikanzentai_wakayama_ika.pdf
診療所,30,1500463,山根内科,〒649－0305有田市港町２３１－２３,0737-82-5128,山根広志,山根広志,内　呼　消　循　放,,平15.10.18,298_2026.7_kikanzentai_wakayama_ika.pdf
診療所,30,1500489,あまの内科クリニッ,〒649－0316有田市宮崎町字箕川１２０番地１,0737-85-0101,天野善生,天野善生,内　消　放,,平19.5.1,298_2026.7_kikanzentai_wakayama_ika.pdf
診療所,30,1500497,萬谷医院,〒649－0316有田市宮崎町２３７番地,0737-83-2411,萬谷美彦,萬谷美彦,内　神内　呼　消　循　小　皮,,平19.10.2,298_2026.7_kikanzentai_wakayama_ika.pdf
診療所,30,1500513,山下内科胃腸科,〒649－0307有田市初島町里２１６３,0737-82-1551,山下理一郎,山下理一郎,内　胃　放　理学　診療　糖内,,平26.5.1,298_2026.7_kikanzentai_wakayama_ika.pdf
診療所,30,1500521,皮フ科・アレルギー,〒649－0422有田市糸我町西５５９－１,0737-22-3223,吉益隆,吉益隆,皮　アレ,,令元.9.1,298_2026.7_kikanzentai_wakayama_ika.pdf
診療所,30,1500539,垣本内科医院,〒649－0435有田市宮原町滝川原５１２－３,0737-88-6660,垣本哲宏,垣本哲宏,内　小　胃腸内　循内　糖内,,令2.1.1,298_2026.7_kikanzentai_wakayama_ika.pdf
診療所,30,1510124,山下眼科クリニック,〒649－0303有田市新堂４６－３,0737-83-2957,医療法人希和会理事長山下隆之,山下隆之,眼,,平8.9.1,298_2026.7_kikanzentai_wakayama_ika.pdf
診療所,30,1510132,利光こども医院,〒649－0314有田市野４３３－７,0737-83-6336,医療法人紀潮会理事長利光貞次郎,利光貞次郎,小　他,,平9.1.1,298_2026.7_kikanzentai_wakayama_ika.pdf
診療所,30,1510157,栗原整形外科,〒649－0307有田市初島町里１７０２番地,0737-82-5645,医療法人くりはら会理事長栗原良次,栗原良次,整外　リハ　内　放,,平12.5.1,298_2026.7_kikanzentai_wakayama_ika.pdf
診療所,30,1510165,髙垣医院,〒649－0422有田市糸我町西８８番地４,0737-88-2244,医療法人髙志会理事長髙垣元秀,髙垣元秀,内　呼　消　外　放　麻,,平12.7.1,298_2026.7_kikanzentai_wakayama_ika.pdf
診療所,30,1510173,九鬼クリニック耳鼻,〒649－0303有田市新堂字弁天５６－１,0737-85-1187,医療法人清医会理事長九鬼佐代子,九鬼清典,耳い,,平17.3.5,298_2026.7_kikanzentai_wakayama_ika.pdf
診療所,30,1510181,医療法人共立ハー,〒649－0316有田市宮崎町８７－１,0737-85-3250,医療法人共立ハートクリニック理事長福田和也,福田和也,内　循,,平19.1.1,298_2026.7_kikanzentai_wakayama_ika.pdf
診療所,30,1510199,土屋クリニック,〒649－0433有田市宮原町須谷５３６－１,0737-88-2221,医療法人大和会理事長土屋等,土屋等,内　糖尿病内科　消化器内科　内視　鏡内科　放　人工　透析,19,平19.11.1,298_2026.7_kikanzentai_wakayama_ika.pdf
診療所,30,1510207,宮井クリニック,〒649－0433有田市宮原町須谷５３３－１,0737-22-3333,医療法人大和会理事長土屋等,宮井將博,ひ　外,,平26.7.1,298_2026.7_kikanzentai_wakayama_ika.pdf
病院,30,1510215,桜ヶ丘病院,〒649－0304有田市箕島９０４番地,0737-83-0078,医療法人千徳会理事長成川暢彦,成川暢彦,内　透析　呼内　消内　循内　脳内　皮　婦　眼　ひ　脳外　リハ　放　腎内　糖内　脂　代内,99,平27.6.28,298_2026.7_kikanzentai_wakayama_ika.pdf
診療所,30,1510223,医療法人社団マザー,〒649－0421有田市糸我町中番４０８－３,0737-23-7035,医療法人社団マザー・キー理事長杉本雅樹,平野開士,産　婦,12,令6.4.1,298_2026.7_kikanzentai_wakayama_ika.pdf
診療所,30,1600818,森下整形外科,〒643－0065有田郡広川町東中６４番１,0737-64-0366,森下常一,森下常一,整外　リハ,,平3.11.1,298_2026.7_kikanzentai_wakayama_ika.pdf
診療所,30,1600842,ごとうクリニック,〒643－0004有田郡湯浅町湯浅３１６３番地,0737-64-0101,後藤融平,後藤融平,外　循　呼　内　リハ,,平5.11.1,298_2026.7_kikanzentai_wakayama_ika.pdf
診療所,30,1600891,野田医院,〒643－0811有田郡有田川町庄５７４番地,0737-52-7578,野田倫代,野田倫代,内　循,,平7.5.1,298_2026.7_kikanzentai_wakayama_ika.pdf
診療所,30,1601006,平山内科皮膚泌尿科,〒643－0004有田郡湯浅町湯浅４５９,0737-63-1103,平山純二,平山純二,内　皮　ひ　アレ　糖内、消内,,平7.7.1,298_2026.7_kikanzentai_wakayama_ika.pdf
診療所,30,1601022,笠松医院,〒643－0366有田郡有田川町粟生５４７,0737-22-0304,笠松達司,笠松達司,内　放,,平9.4.1,298_2026.7_kikanzentai_wakayama_ika.pdf
診療所,30,1601063,横矢クリニック,〒643－0071有田郡広川町広１５１８,0737-65-2333,横矢行弘,横矢行弘,内　呼　胃　循　リハ　放,,平11.5.1,298_2026.7_kikanzentai_wakayama_ika.pdf
診療所,30,1601071,なかむら内科クリニ,〒643－0521有田郡有田川町清水３７９－２,0737-25-9030,中村嘉典,中村嘉典,内　小,,平12.9.27,298_2026.7_kikanzentai_wakayama_ika.pdf
診療所,30,1601089,なかむら内科クリニ,〒643－0542有田郡有田川町二川３６９ー３,0737-23-0460,中村嘉典,中村嘉典,内　小,,平12.9.27,298_2026.7_kikanzentai_wakayama_ika.pdf
診療所,30,1601097,芝﨑眼科,〒643－0004有田郡湯浅町湯浅１６３３－１,0737-65-3400,芝崎喜久男,芝﨑喜久男,眼,,平14.5.1,298_2026.7_kikanzentai_wakayama_ika.pdf
診療所,30,1601113,小野田クリニック,〒643－0004有田郡湯浅町湯浅１９１７－１,0737-65-1616,小野田幸男,小野田幸男,内　整外　脳外　リハ　麻,,平15.10.1,298_2026.7_kikanzentai_wakayama_ika.pdf
診療所,30,1601121,澳内科医院,〒643－0004有田郡湯浅町湯浅１０５４－１,0737-62-3649,澳親人,澳親人,内　小　放,,平16.4.1,298_2026.7_kikanzentai_wakayama_ika.pdf
診療所,30,1601147,ゆあさクリニック,〒643－0021有田郡有田川町下津野１２８８－１,0737-52-8880,湯浅研司,湯浅研司,内　呼　消　放,,平18.6.2,298_2026.7_kikanzentai_wakayama_ika.pdf
診療所,30,1601154,児島医院,〒643－0004有田郡湯浅町湯浅６８６,0737-62-2066,児島謙作,児島謙作,内　小　消内　胃　腸内,,平21.7.1,298_2026.7_kikanzentai_wakayama_ika.pdf
診療所,30,1601162,松谷医院,〒643－0601有田郡有田川町押手６７２番地,0737-26-0011,松谷良清,松谷良清,内　循内,,平22.3.27,298_2026.7_kikanzentai_wakayama_ika.pdf
診療所,30,1601170,松谷医院板尾出張所,〒643－0603有田郡有田川町板尾１３１番地,0737-26-0311,松谷良清,松谷良清,内　循内,,平22.3.27,298_2026.7_kikanzentai_wakayama_ika.pdf
診療所,30,1601204,くすばやし医院,〒643－0152有田郡有田川町金屋２５６番１,0737-32-2336,楠林秀紀,楠林秀紀,内　婦,,平23.9.1,298_2026.7_kikanzentai_wakayama_ika.pdf
診療所,30,1601212,坊岡医院,〒643－0801有田郡有田川町徳田４０６－１,0737-52-3054,坊岡進一,坊岡進一,内　循内,,平26.8.1,298_2026.7_kikanzentai_wakayama_ika.pdf
診療所,30,1601220,ちさこ赤ちゃんこど,〒643－0021有田郡有田川町下津野５５０,0737-52-5411,平松知佐子,平松知佐子,小　婦　内,,平28.6.1,298_2026.7_kikanzentai_wakayama_ika.pdf
診療所,30,1601238,大林クリニック,〒643－0032有田郡有田川町天満５６８－２,0737-23-8205,大林正樹,大林正樹,内科　呼吸器内科,,令2.10.1,298_2026.7_kikanzentai_wakayama_ika.pdf
診療所,30,1601246,あや内科消化器クリ,〒643－0025有田郡有田川町土生５１－１,0737-23-7850,坂井文,坂井文,内　消化器内科,,令4.10.1,298_2026.7_kikanzentai_wakayama_ika.pdf
診療所,30,1601253,アルファクリニック,〒643－0004有田郡湯浅町大字湯浅１０６３番地４,0737-63-3366,湯川進,湯川進,内　小,,令4.10.1,298_2026.7_kikanzentai_wakayama_ika.pdf
病院,30,1610148,医療法人たちばな会,〒643－0034有田郡有田川町小島２７８の１,0737-52-6188,医療法人たちばな会理事長西岡平,西岡亮平,内　外　整外　脳　外　形外　麻　皮　リウ　アレ　放　リハ　消外　大　腸外　ペインクリ　ニック外　こう,120,昭58.3.1,298_2026.7_kikanzentai_wakayama_ika.pdf
診療所,30,1610163,有田地方休日急患診,〒643－0034有田郡有田川町小島３５２,0737-52-4882,有田周辺広域圏事務組合管理者玉木久登,松谷良清,内　小,,昭59.11.1,298_2026.7_kikanzentai_wakayama_ika.pdf
病院,30,1610197,済生会有田病院,〒643－0007有田郡湯浅町吉川５２－６,0737-63-5561,社会福祉法人恩賜財団済生会支部和歌山県済生会支部長伊藤秀一,藤克也,内　外　消　整外　眼　耳い　リハ　循　皮　ひ　脳　外　放　心外　形　外　乳腺外　呼外,149,平元.11.1,298_2026.7_kikanzentai_wakayama_ika.pdf
病院,30,1610239,有田南病院,〒643－0034有田郡有田川町小島１５番地,0737-52-3730,医療法人明美会理事長南良暢,南良暢,療養病床　内　皮　眼　ひ　他　放　リハ　リ　ウ,71,平2.7.1,298_2026.7_kikanzentai_wakayama_ika.pdf
診療所,30,1610247,はしもとクリニック,〒643－0004有田郡湯浅町湯浅１７４９番地の３,0737-62-2226,医療法人明誠会理事長橋本忠明,橋本忠幸,内　外　胃　こう　放　リハ　乳外,,平5.7.1,298_2026.7_kikanzentai_wakayama_ika.pdf
診療所,30,1610270,寿楽園診療所,〒643－0142有田郡有田川町小川９９２,0737-32-3221,社会福祉法人一恵会理事長中西聡,上西禎一,内,,平8.10.1,298_2026.7_kikanzentai_wakayama_ika.pdf
診療所,30,1610296,亀井クリニック,〒643－0023有田郡有田川町熊井４３９－１,0737-52-8181,医療法人亀寿会理事長亀井義文,亀井義文,脳外　外　整外　皮　内　アレ　リ　ハ,,平10.2.1,298_2026.7_kikanzentai_wakayama_ika.pdf
診療所,30,1610320,外江眼科クリニック,〒643－0021有田郡有田川町下津野１０３７ー７,0737-53-2611,医療法人テック理事長外江理,外江理,眼,,平11.8.1,298_2026.7_kikanzentai_wakayama_ika.pdf
診療所,30,1610338,森田内科クリニック,〒643－0811有田郡有田川町庄６２１ー１,0737-53-2666,医療法人優心理事長瀧真子,森田一,内　胃　リハ　放,,平11.10.1,298_2026.7_kikanzentai_wakayama_ika.pdf
診療所,30,1610353,奥診療所,〒643－0022有田郡有田川町奥２２２番地の１,0737-53-2251,社会福祉法人昭仁会双苑理事長武内万昌,宮本久夫,内,,平13.8.1,298_2026.7_kikanzentai_wakayama_ika.pdf
診療所,30,1610361,宮本クリニック,〒643－0801有田郡有田川町徳田９７－６,0737-52-6777,医療法人宮本クリニック理事長宮本和紀,宮本和紀,脳外　外　内　整　外　リハ　放,,平15.4.1,298_2026.7_kikanzentai_wakayama_ika.pdf
診療所,30,1610379,みのりクリニック,〒643－0166有田郡有田川町吉原９０８番地,0737-32-2512,医療法人みのり会理事長森野統,森野統,内　外　小　放,,平18.4.1,298_2026.7_kikanzentai_wakayama_ika.pdf
診療所,30,1610387,赤ちゃんからの平山,〒643－0032有田郡有田川町天満３０５番地４,0737-52-8666,医療法人平山こどもクリニック理事長平山健二,平山健二,小　小児アレ,,平19.3.1,298_2026.7_kikanzentai_wakayama_ika.pdf
診療所,30,1610411,藤内メンタルクリニ,〒643－0034有田郡有田川町小島３１３番地２,0737-52-7771,医療法人藤内メンタルクリニック理事長藤内真一,藤内真一,精　心内,,平26.3.1,298_2026.7_kikanzentai_wakayama_ika.pdf
診療所,30,1610429,医療法人かなやクリ,〒643－0152有田郡有田川町金屋９０番１,0737-32-5552,医療法人かなやクリニック理事長堂西宏紀,堂西宏紀,胃腸内科　内　外　肛門外科,,令元.6.1,298_2026.7_kikanzentai_wakayama_ika.pdf
診療所,30,1610437,オレンジクリニック,〒643－0166有田郡有田川町吉原５２２番地,0737-32-4665,医療法人健康長寿会理事長大浅貴朗,谷川尚,内　リハ　放,,令3.2.1,298_2026.7_kikanzentai_wakayama_ika.pdf
診療所,30,1610445,しまクリニック,〒643－0032有田郡有田川町天満２４８－１,0737-52-7881,医療法人しまクリニック理事長島和生,島和生,産婦　小　内　肛　門外科,,令4.6.1,298_2026.7_kikanzentai_wakayama_ika.pdf
診療所,30,1610452,ありだがわ眼科医院,〒643－0032有田郡有田川町大字天満３４２番地１,0737-23-8008,医療法人仁愛会理事長佐藤昌昭,後岡克典,眼,,令6.5.1,298_2026.7_kikanzentai_wakayama_ika.pdf
診療所,30,1610460,耳鼻咽喉科ごとう医,〒643－0004有田郡湯浅町湯浅１２８－２,0737-63-3838,医療法人駿明会理事長後藤浩伸,後藤浩伸,耳い　アレ,,令6.4.1,298_2026.7_kikanzentai_wakayama_ika.pdf
診療所,30,1610478,にしおかクリニック,〒643－0034有田郡有田川町大字小島２９１番地の９,0737-22-3805,医療法人たちばな会理事長西岡平,俊明,内　消化器内科,,令7.5.1,298_2026.7_kikanzentai_wakayama_ika.pdf
診療所,30,1700030,梅田内科医院,〒649－6403紀の川市南勢田１７５,0736-77-7790,梅田欣嗣,梅田欣嗣,内　呼内　胃　小　放　循内,,平4.4.1,298_2026.7_kikanzentai_wakayama_ika.pdf
診療所,30,1700048,いちごクリニック,〒649－6417紀の川市西大井２１０ー１,0736-77-0150,藤原寿美,藤原寿美,小　内　アレ　耳　い,,平11.9.1,298_2026.7_kikanzentai_wakayama_ika.pdf
診療所,30,1700063,上田内科クリニック,〒649－6428紀の川市東国分４３１－１,0736-77-6690,上田晃子,上田晃子,内　呼　消　循　小　リハ　放　ア　レ,,平14.10.1,298_2026.7_kikanzentai_wakayama_ika.pdf
診療所,30,1700071,正木クリニック,〒649－6414紀の川市打田１４１５－４,0736-77-7585,正木和人,正木和人,胃腸内　肛門外　内　外,,平16.5.10,298_2026.7_kikanzentai_wakayama_ika.pdf
診療所,30,1700089,宮井内科,〒649－6416紀の川市上野１３－１０,0736-78-1510,宮井利彦,宮井利彦,内,,平16.8.3,298_2026.7_kikanzentai_wakayama_ika.pdf
診療所,30,1700154,林内科,〒649－6,0736-73-2441,503紀の川市長田中３９４－３林恒司,林恒司,内　他　小　放,,昭63.6.1,298_2026.7_kikanzentai_wakayama_ika.pdf
診療所,30,1700162,高木内科,〒649－6531紀の川市粉河４１８番地２,0736-73-8008,高木洋,高木洋,内　呼　消　循　小　気食　心内　放,,平4.8.1,298_2026.7_kikanzentai_wakayama_ika.pdf
診療所,30,1700170,近藤医院,〒649－6531紀の川市粉河１７３１,0736-73-2059,近藤和,近藤和,産婦　外　内,5,平12.2.20,298_2026.7_kikanzentai_wakayama_ika.pdf
診療所,30,1700188,中田内科・胃腸科,〒649－6511紀の川市猪垣５５ー３,0736-74-2255,中田秀則,中田秀則,内　消化器内科　胃,,平12.4.1,298_2026.7_kikanzentai_wakayama_ika.pdf
診療所,30,1700196,はしづめ眼科,〒649－6531紀の川市粉河２１４８－１,0736-73-8788,橋爪奈津子,橋爪奈津子,眼,,平15.8.4,298_2026.7_kikanzentai_wakayama_ika.pdf
診療所,30,1700220,澤田泌尿器科・内科,〒649－6604紀の川市西野山４８０－５,0736-75-5939,澤田佳久,澤田佳久,ひ　内,,平7.5.1,298_2026.7_kikanzentai_wakayama_ika.pdf
診療所,30,1700238,佐藤クリニック,〒649－6623紀の川市藤崎３６３－２,0736-75-9229,佐藤裕美子,佐藤裕美子,内　消　循,,平10.9.1,298_2026.7_kikanzentai_wakayama_ika.pdf
診療所,30,1700279,西岡内科胃腸科,〒649－6111紀の川市桃山町最上８４－５,0736-66-2223,西岡正好,西岡正好,内　呼　循　小　リハ　放　胃,,昭61.9.1,298_2026.7_kikanzentai_wakayama_ika.pdf
診療所,30,1700295,前尾クリニック,〒649－6124紀の川市桃山町市場３４１－１,0736-66-2325,前尾吉信,前尾吉信,内　胃　循　外　こう　放,,平8.9.1,298_2026.7_kikanzentai_wakayama_ika.pdf
診療所,30,1700303,津田クリニック,〒649－6123紀の川市桃山町神田１５６,0736-66-3111,津田政直,津田政直,内　呼　消　循　小　放,,平8.10.1,298_2026.7_kikanzentai_wakayama_ika.pdf
診療所,30,1700311,阪上診療所,〒640－0415紀,0736-64-2251,の川市貴志川町長原４７１阪上明,阪上明,内,,昭40.8.1,298_2026.7_kikanzentai_wakayama_ika.pdf
診療所,30,1700337,久保外科,〒640－0413紀の川市貴志川町神戸２１２－２,0736-64-5788,久保光伸,久保光伸,外　内　整外　脳　外,,昭54.2.1,298_2026.7_kikanzentai_wakayama_ika.pdf
診療所,30,1700345,竹内医院,〒640－0413紀の川市貴志川町神戸１００５－５,0736-64-5888,竹内聰,竹内聰,内　小　外,,昭54.4.1,298_2026.7_kikanzentai_wakayama_ika.pdf
診療所,30,1700378,高尾内科医院,〒640－0401紀の川市貴志川町丸栖５－４,0736-64-8700,高尾敏彦,高尾敏彦,内　呼　胃　循　リハ　放,,平4.4.1,298_2026.7_kikanzentai_wakayama_ika.pdf
診療所,30,1700394,まつもと内科,〒640－0416紀,0736-65-3111,の川市貴志川町長山２４４松本英作,松本英作,内　呼　消　循,,平20.4.1,298_2026.7_kikanzentai_wakayama_ika.pdf
診療所,30,1700410,かつらぎ循環器内科,〒649－6531紀の川市粉河１２－１１,0736-74-3434,葛城充明,葛城充明,循　内,,平21.10.1,298_2026.7_kikanzentai_wakayama_ika.pdf
診療所,30,1700428,のだ小児科,〒649－6406紀の川市北大井１９８－７,0736-78-1230,野田英作,野田英作,小,,平23.4.1,298_2026.7_kikanzentai_wakayama_ika.pdf
診療所,30,1700436,どばしクリニック,〒649－6402紀の川市北勢田２２８番１,0736-77-7700,橋一仁,橋一仁,他　呼内　外　麻,,平24.10.1,298_2026.7_kikanzentai_wakayama_ika.pdf
診療所,30,1700444,さかい耳鼻咽喉科ク,〒640－0424紀の川市貴志川町井ノ口１５７６－１,0736-67-7233,酒井章博,酒井章博,耳い　小児耳い　アレ　リハ,,平25.3.1,298_2026.7_kikanzentai_wakayama_ika.pdf
診療所,30,1700451,耳鼻咽喉科ゆうク,〒649－6425紀の川市中井阪２０５－３,0736-77-1511,安井紀代,安井紀代,耳い,,平28.8.7,298_2026.7_kikanzentai_wakayama_ika.pdf
診療所,30,1700477,きむら皮膚科,〒649－6422紀の川市花野４９６番７,0736-78-1211,木村文子,木村文子,皮　アレ,,令4.9.1,298_2026.7_kikanzentai_wakayama_ika.pdf
診療所,30,1700485,坂口内科・外科・往,〒640－0413紀の川市貴志川町神戸４５２－１,0736-64-7801,坂口雅彦,坂口雅彦,内　外　整外　皮　ひ　リウ　リハ,,令6.1.1,298_2026.7_kikanzentai_wakayama_ika.pdf
病院,30,1710013,公立那賀病院,〒649－6414紀の川市打田１２８２,0736-77-2019,公立那賀病院経営事務組合管理者岸本健,古田浩人,一般（感染）　内　外　小　整外　産婦　眼　耳い　皮　脳外　放　呼外　リハ　ひ　麻　リウ　呼内　脳内　精　病理　循内、乳外、臨床　腫瘍、腎内、血液　内、臨床検　胸外　救命,304,昭35.8.1,298_2026.7_kikanzentai_wakayama_ika.pdf
診療所,30,1710039,坂中内科,〒649－6422紀の川市花野９１番地４,0736-77-5733,医療法人鳳凰会理事長坂中昭典,坂中昭典,内　消　循　小,17,平7.7.1,298_2026.7_kikanzentai_wakayama_ika.pdf
診療所,30,1710047,医療法人泉谷眼科,〒649－6416紀の川市上野１４－１,0736-77-1010,医療法人泉谷眼科理事長泉谷昌利,泉谷昌利,眼,,平9.8.1,298_2026.7_kikanzentai_wakayama_ika.pdf
診療所,30,1710054,医療法人かしい小児,〒649－6414紀の川市打田１４１７－４,0736-77-3399,医療法人かしい小児科理事長柏井健作,柏井健作,小,,平10.4.1,298_2026.7_kikanzentai_wakayama_ika.pdf
診療所,30,1710062,山口胃腸科,〒649－6417紀の川市西大井１４８－９,0736-77-7308,医療法人山口胃腸科理事長山口敏朗,山口敏朗,胃　外　内　こう,,平10.8.1,298_2026.7_kikanzentai_wakayama_ika.pdf
診療所,30,1710070,奥クリニック,〒649－6412紀の川市黒土２６３－１,0736-77-7800,医療法人篤眞会理事長奥久德,伊藤康夫,内　呼内　胃腸内　科、消化器内科、　循環器内科　放　リハ,19,平10.8.1,298_2026.7_kikanzentai_wakayama_ika.pdf
診療所,30,1710088,医療法人西浦内科ク,〒649－6417紀の川市西大井１１７－６,0736-77-3048,医療法人西浦内科クリニック理事長西浦正芳,西浦正芳,内　呼　消　リハ,,平12.7.25,298_2026.7_kikanzentai_wakayama_ika.pdf
診療所,30,1710096,医療法人英正会長雄,〒649－6426紀の川市下井阪４４７－１,0736-77-5700,医療法人英正会理事長長雄好昭,長雄好昭,整外　リハ,,平14.10.1,298_2026.7_kikanzentai_wakayama_ika.pdf
診療所,30,1710120,医療法人慈愛会勝,〒649－6531紀の川市粉河１９１６,0736-73-2101,医療法人慈愛会理事長勝田仁康,勝田将裕,内　外　こう　放　リハ　麻　消外　、消内、乳外,,平元.11.1,298_2026.7_kikanzentai_wakayama_ika.pdf
病院,30,1710138,稲穂会病院,〒649－6531紀の川市粉河７５６－３,0736-74-2100,医療法人稲穂会理事長稻田昭,稻田昭,外　内　整外　脳　外　胃　こう　リ　ハ　放,24,平17.4.1,298_2026.7_kikanzentai_wakayama_ika.pdf
病院,30,1710146,名手病院,〒649－6631紀の川市名手市場２９４－１,0736-75-5252,医療法人共栄会理事長池田宜史,池田宜史,療養病床　内　整外　眼　リ　ハ　脳外　皮　ひ　放　内視内　循　内　透析,104,昭56.10.1,298_2026.7_kikanzentai_wakayama_ika.pdf
診療所,30,1710153,阪口クリニック,〒649－6631紀の川市名手市場６３,0736-75-2020,医療法人大進会理事長阪口大和,阪口大和,内　呼　消　循　外　整外　リハ　麻,,平11.3.1,298_2026.7_kikanzentai_wakayama_ika.pdf
診療所,30,1710187,岡整形外科,〒649－6124紀の川市桃山町市場３８３－１,0736-66-2130,医療法人岡整形外科理事長岡正孝,岡正孝,整外　リハ　内　リウ　放,,平10.5.1,298_2026.7_kikanzentai_wakayama_ika.pdf
診療所,30,1710195,井畑内科医院,〒640－0415紀,0736-64-6022,の川市貴志川町長原４３６番地１医療法人健豊会理事長井畑裕三子,井畑裕三子,内　消内　循内　放,,平元.10.1,298_2026.7_kikanzentai_wakayama_ika.pdf
診療所,30,1710203,浅江胃腸科,〒640－0416紀,0736-64-8050,の川市貴志川町長山２７７－２１４医療法人瑞仁会理事長浅江正純,浅江正純,胃　内　外　放,,平9.1.1,298_2026.7_kikanzentai_wakayama_ika.pdf
診療所,30,1710229,北山眼科クリニック,〒640－0401紀の川市貴志川町丸栖６４９－１,0736-64-9565,医療法人俊知会理事長北山早知子,北山早知子,眼,,平13.3.1,298_2026.7_kikanzentai_wakayama_ika.pdf
診療所,30,1710245,たね耳鼻咽喉科,〒640－0416紀,0736-64-9548,の川市貴志川町長山１８０－２医療法人癒翔会理事長太根洋史,太根洋史,耳い,,平14.2.1,298_2026.7_kikanzentai_wakayama_ika.pdf
診療所,30,1710252,神戸坂口クリニック,〒640－0413紀の川市貴志川町神戸６４４番地,0736-64-1105,医療法人神戸坂口クリニック理事長坂口雅宏,坂口雅宏,胃　内　外　こう　リハ　放,,平14.3.1,298_2026.7_kikanzentai_wakayama_ika.pdf
病院,30,1710294,貴志川リハビリテー,〒640－0401紀の川市貴志川町丸栖１４２３－３,0736-64-0061,社会医療法人三車会理事長殿尾守弘,西村和彦,整外　脳外　リハ　救急　循内　外　内　麻　放,168,平18.1.1,298_2026.7_kikanzentai_wakayama_ika.pdf
診療所,30,1710302,循環器内科するたク,〒649－6416紀の川市上野７８番地の１,0736-78-3771,医療法人紫英会理事長駿田英俊,駿田英俊,循　内,,平19.2.1,298_2026.7_kikanzentai_wakayama_ika.pdf
診療所,30,1710310,うえおく皮ふ科,〒640－0415紀,0736-65-1112,の川市貴志川町長原４３５番地の１医療法人健豊会理事長井畑裕三子,上奥敏司,皮　形外,,平22.4.1,298_2026.7_kikanzentai_wakayama_ika.pdf
診療所,30,1710336,こんにちはクリニッ,〒649－6122紀の川市桃山町元７８５番地１,0736-66-2100,医療法人こんにちは理事長上住麻由,上住麻由,内,,平24.8.1,298_2026.7_kikanzentai_wakayama_ika.pdf
診療所,30,1710344,在宅総合ケアセンタ,〒649－6123紀の川市桃山町神田３７８,0736-66-9003,社会医療法人三車会理事長殿尾守弘,豊田敬生,内　整外　リハ,,平27.9.1,298_2026.7_kikanzentai_wakayama_ika.pdf
診療所,30,1710351,医療法人礼仁会西,〒640－0416紀,0736-64-9100,の川市貴志川町長山３０－１医療法人礼仁会理事長西田仁丸,西田仁丸,整外　リハ　放,,平29.4.1,298_2026.7_kikanzentai_wakayama_ika.pdf
診療所,30,1710369,たま整形外科,〒640－0424紀の川市貴志川町井ノ口９７４－４,0736-65-2700,社会医療法人三車会理事長殿尾守弘,直川裕樹,整外　放　リハ　脳外,,平30.4.1,298_2026.7_kikanzentai_wakayama_ika.pdf
診療所,30,1710385,髙陽園診療所,〒649－6405紀の川市東大井１１－３,0736-78-2202,社会福祉法人髙陽会理事長髙木洋,髙木洋,内,,平31.4.1,298_2026.7_kikanzentai_wakayama_ika.pdf
診療所,30,1710393,こかわリハビリクリ,〒649－6531紀の川市粉河４５１－９,0736-67-7818,社会医療法人三車会理事長殿尾守弘,平野三好,整外　脳外　リハ,,令3.2.1,298_2026.7_kikanzentai_wakayama_ika.pdf
診療所,30,1710401,那賀休日急患診療所,〒649－6405紀の川市東大井３６６番地１,0736-77-6410,那賀休日急患診療所経営事務組合管理者岸本健,正木和人,内　外　小,,令3.9.5,298_2026.7_kikanzentai_wakayama_ika.pdf
診療所,30,1710419,ももの里診療所,〒649－6111紀の川市桃山町最上１２５４－１,0736-66-3741,社会福祉法人涉久会理事長上住道宣,水口豊,内,,令7.7.1,298_2026.7_kikanzentai_wakayama_ika.pdf
診療所,30,1710427,紀の川市国民健康保,〒649－6573紀の川市中鞆渕１６３４番地１,0736-79-0009,紀の川市長岸本健,中井一彦,内,,令8.1.1,298_2026.7_kikanzentai_wakayama_ika.pdf
診療所,30,1800145,稲田皮膚科,〒649－6231岩出市川尻２３０－７,0736-63-5663,稲田修平,稲田修平,皮,,平5.5.1,298_2026.7_kikanzentai_wakayama_ika.pdf
診療所,30,1800152,根来こどもクリニッ,〒649－6257岩出市相谷３４－５番地,0736-61-3000,根來博之,根來博之,小,,平6.7.1,298_2026.7_kikanzentai_wakayama_ika.pdf
診療所,30,1800178,かきはら胃腸科内科,〒649－6204岩出市今中１０５－２,0736-61-2600,柿原美千秋,柿原美千秋,胃腸内　消内　肛　門外　内　外　心　内,,平7.4.1,298_2026.7_kikanzentai_wakayama_ika.pdf
診療所,30,1800186,木下こどもクリニッ,〒649－6243岩出市金屋２９７,0736-61-1288,木下智弘,木下智弘,小,,平7.9.1,298_2026.7_kikanzentai_wakayama_ika.pdf
診療所,30,1800210,みたに整形外科,〒649－6216岩出市野上野４３１－２,0736-69-2284,三谷高史,三谷高史,整外　リハ　リウ　内　外　皮　ア　レ,,平10.9.1,298_2026.7_kikanzentai_wakayama_ika.pdf
診療所,30,1800236,おく耳鼻咽喉科,〒649－6205岩出市森２７７ー１,0736-69-1733,奥雅哉,奥雅哉,耳い　気食　アレ,,平12.6.1,298_2026.7_kikanzentai_wakayama_ika.pdf
診療所,30,1800319,伊藤内科,〒649－6235岩出市西野１９０－１,0736-69-2121,伊藤博,伊藤博,内　他　小　放,,平18.5.1,298_2026.7_kikanzentai_wakayama_ika.pdf
診療所,30,1800327,原眼科クリニック,〒649－6216岩出市野上野８３－８,0736-61-0100,原哲哉,原哲哉,眼,,平18.12.4,298_2026.7_kikanzentai_wakayama_ika.pdf
診療所,30,1800350,ましまメンタルクリ,〒649－6231岩出市川尻２６－２,0736-67-7750,馬島將行,馬島將行,精　心内,,平22.5.1,298_2026.7_kikanzentai_wakayama_ika.pdf
診療所,30,1800368,しまだ内科クリニッ,〒649－6227岩出市清水４７０,0736-62-0707,島田博,島田博,内　リウ　アレ　放,,平24.9.1,298_2026.7_kikanzentai_wakayama_ika.pdf
診療所,30,1800376,こうぐち内科クリニ,〒649－6248岩出市湯窪５１番,0736-61-5252,孝口雅宣,孝口雅宣,内　消内　糖内　放　呼　アレ　心　内,,平26.11.1,298_2026.7_kikanzentai_wakayama_ika.pdf
診療所,30,1800392,ますだクリニック,〒649－6257岩出市相谷４８２－３,0736-79-3200,桝田周佳,桝田周佳,ひ　内　他,,平29.12.2,298_2026.7_kikanzentai_wakayama_ika.pdf
診療所,30,1800400,おおたに眼科,〒649－6215岩出市中迫２６４－１,0736-67-7012,大谷篤史,大谷篤史,眼,,平30.7.2,298_2026.7_kikanzentai_wakayama_ika.pdf
診療所,30,1800426,ふるさと内科クリニ,〒649－6255岩出市西安上６２－１,0736-62-2525,佐藤竜輔,佐藤竜輔,内　循環器内科　呼内　老年内科、　糖尿病内科　アレ　小,,令元.5.15,298_2026.7_kikanzentai_wakayama_ika.pdf
診療所,30,1800434,ひらまつクリニック,〒649－6223岩出市高塚５３番４,0736-69-0022,平松政高,平松政高,内　呼内　アレ,,令元.5.13,298_2026.7_kikanzentai_wakayama_ika.pdf
診療所,30,1800442,レディースクリニッ,〒649－6248岩出市中黒１－３,0736-67-7336,帽子英二,帽子英二,婦　産婦,,令2.2.1,298_2026.7_kikanzentai_wakayama_ika.pdf
診療所,30,1800467,岩出こころの診療所,〒649－6228和歌山県岩出市大町１６０番１０,0736-67-8222,眞城耕志,城耕志,心内　精　老年精　神科,,令4.2.1,298_2026.7_kikanzentai_wakayama_ika.pdf
診療所,30,1800475,にしざわ泌尿器科ク,〒649－6248和歌山県岩出市中黒２４３－２,0736-67-7478,西澤哲,西澤哲,泌尿器科　外科,,令4.5.1,298_2026.7_kikanzentai_wakayama_ika.pdf
診療所,30,1800483,泉谷皮フ科,〒649－6202岩出市根来１６－１,0736-62-2852,藤田美幸,藤田美幸,皮　美容皮膚科,,令5.4.1,298_2026.7_kikanzentai_wakayama_ika.pdf
診療所,30,1800491,あいあい耳鼻咽喉科,〒649－6215岩出市中迫１４７フォレストモール岩出,0736-67-7881,宮前吉宏,宮前吉宏,耳い　アレ　頭頸　部外科,,令5.10.1,298_2026.7_kikanzentai_wakayama_ika.pdf
診療所,30,1800509,やまいり内科クリニ,〒649－6222岩出市岡田２３５－１,0736-66-8370,山入和志,山入和志,内　呼内,,令7.11.1,298_2026.7_kikanzentai_wakayama_ika.pdf
病院,30,1810011,社会福祉法人和歌山,〒649－6215,0736-62-4121,社会福祉法人和,鈴木啓之,,136,昭45.3.1,299_2026.7_kikanzentai_wakayama_sikaheisetu.pdf
診療所,30,1830015,つくし会つくし医療,岩出市中迫６６５,,歌山つくし会理事長谷本美佐子,,内　小　リハ　児　童精神科、小児循　環器科　歯,,,299_2026.7_kikanzentai_wakayama_sikaheisetu.pdf
病院,30,1810029,紀の川病院,〒649－6246岩出市吉田４７－１,0736-62-4325,医療法人宮本会理事長宮本典亮,宮本起世子,精　心内　神　内,199,昭45.7.1,298_2026.7_kikanzentai_wakayama_ika.pdf
診療所,30,1810045,紀の川クリニック,〒649－6213岩出市西国分５０１番地,0736-62-0717,医療法人博文会理事長児玉敏宏,角門真二,内　リハ　腎内、　消内、内視鏡内、　循内、人工透析内,19,昭60.7.1,298_2026.7_kikanzentai_wakayama_ika.pdf
診療所,30,1810060,医療法人彌栄会や,〒649－6215岩出市中迫１３９,0736-62-7777,医療法人彌栄会理事長黒山哲彌,坂頭節哉,整外　外　内　リ　ハ　放　糖尿病内　内分泌・代謝内　科　消内,19,平4.2.1,298_2026.7_kikanzentai_wakayama_ika.pdf
病院,30,1810086,富田病院,〒649－6253岩出市紀泉台２,0736-62-1522,医療法人富田会理事長冨田崇文,冨田崇文,内　他　呼内　リ　ハ　放　神内,103,平6.1.1,298_2026.7_kikanzentai_wakayama_ika.pdf
診療所,30,1810094,胃腸肛門科家田医院,〒649－6248岩出市中黒５０７番地の１,0736-61-1212,医療法人紀泉会理事長家田淳司,家田勝幸,内　外　消内　肛　門外　放,,平7.1.1,298_2026.7_kikanzentai_wakayama_ika.pdf
診療所,30,1810102,岩田医院,〒649－6214岩出市水栖５０３番地の５,0736-62-6705,医療法人岩田医院理事長岩田光司,岩田光司,循内　内,,平8.4.1,298_2026.7_kikanzentai_wakayama_ika.pdf
診療所,30,1810110,医療法人甃友会安,〒649－6213岩出市西国分６８８－１,0736-63-1688,医療法人甃友会理事長中井大貴,安川修,ひ　内,,平8.5.1,298_2026.7_kikanzentai_wakayama_ika.pdf
診療所,30,1810136,医療法人明紀会宇,〒649－6235岩出市西野１８６－１０,0736-62-2101,医療法人明紀会宇野内科理事長宇野英明,宇野英明,内　呼　消　循　放,,平8.10.1,298_2026.7_kikanzentai_wakayama_ika.pdf
診療所,30,1810144,おおみや診療所,〒649－6226岩出市宮５０－１,0736-61-6151,和歌山中央医療生活協同組合理事長古田光明,奥村明春,内　小　外,,平10.2.1,298_2026.7_kikanzentai_wakayama_ika.pdf
診療所,30,1810169,林循環器内科クリニ,〒649－6227岩出市清水４３８,0736-62-3056,医療法人光風会理事長林仁志,林仁志,内　心臓内　消内　糖内　アレ　呼　内,,平11.1.1,298_2026.7_kikanzentai_wakayama_ika.pdf
診療所,30,1810185,こだま小児科,〒649－6219岩出市北大池１２４ー５,0736-69-2366,医療法人明雅会理事長児玉和彦,児玉和彦,小　アレ,,平12.2.1,298_2026.7_kikanzentai_wakayama_ika.pdf
診療所,30,1810193,はしもと整形外科,〒649－6231岩出市川尻５３－１,0736-69-1117,医療法人光明会理事長橋本吉弘,橋本吉弘,整外　リハ　リウ,,平16.9.1,298_2026.7_kikanzentai_wakayama_ika.pdf
診療所,30,1810201,きしもと耳鼻咽喉科,〒649－6215岩出市中迫２８１番地の６,0736-63-3381,医療法人ききょう会理事長岸本和也,岸本和也,耳い　アレ,,平17.7.1,298_2026.7_kikanzentai_wakayama_ika.pdf
診療所,30,1810219,ふじはら整形外科ク,〒649－6204岩出市今中１５１番地の３,0736-67-3622,医療法人樹会理事長藤原茂樹,藤原茂樹,整外　リハ　放　リウ,,平19.2.1,298_2026.7_kikanzentai_wakayama_ika.pdf
診療所,30,1810227,上岩出内科・消化器,〒649－6216岩出市野上野６６－１,0736-69-5500,医療法人悠和会理事長小林透,小林透,内　消内（内視鏡　）　肝内,,平19.2.1,298_2026.7_kikanzentai_wakayama_ika.pdf
診療所,30,1810235,かわぐちクリニック,〒649－6215岩出市中迫２７５－９,0736-67-2334,医療法人富司会理事長川口富司,川口富司,内　胃　外　こう,,平19.7.1,298_2026.7_kikanzentai_wakayama_ika.pdf
診療所,30,1810243,よしだクリニック,〒649－6246岩出市吉田４１３番地１,0736-69-5404,医療法人友夏会理事長吉田夏彦,吉田夏彦,内　神内　整外　脳外　リハ,,平19.7.1,298_2026.7_kikanzentai_wakayama_ika.pdf
診療所,30,1810250,塚本内科クリニック,〒649－6256岩出市金池３９２番地１,0736-67-3377,医療法人塚本内科クリニック理事長塚本和也,塚本和也,内　呼　消　リハ　アレ,,平19.9.1,298_2026.7_kikanzentai_wakayama_ika.pdf
病院,30,1810268,殿田胃腸肛門病院,〒649－6226岩出市宮１１７－７,0736-62-9111,医療法人殿田会理事長殿田崇晴,笠野泰生,消内　消外　内視　鏡内　肛外　放　内　外　リハ,53,平23.4.1,298_2026.7_kikanzentai_wakayama_ika.pdf
診療所,30,1810276,いちご耳鼻咽喉科藤,〒649－6246岩出市吉田３１９番地の１０,0736-63-0701,医療法人いちご啓寿会理事長藤原啓次,藤原啓次,耳い　小,,平27.4.1,298_2026.7_kikanzentai_wakayama_ika.pdf
診療所,30,1810284,ナカイマ整形外科ク,〒649－6256岩出市金池３８９－１,0736-62-5558,医療法人琉憲会理事長仲井間憲彦,仲井間憲彦,整外　リハ　皮　内　小,,平29.3.1,298_2026.7_kikanzentai_wakayama_ika.pdf
診療所,30,1810292,はた乳腺クリニック,〒649－6231岩出市川尻２３０番地の１,0736-63-1177,医療法人裕和会理事長畑和仁,畑和仁,他　内　外,,平29.11.15,298_2026.7_kikanzentai_wakayama_ika.pdf
診療所,30,1810300,医療法人涼悠会ト,〒649－6248岩出市中黒１番地の３,0736-67-7208,医療法人涼悠会理事長留守良太,宮本武,眼　形外　美外,,令元.7.1,298_2026.7_kikanzentai_wakayama_ika.pdf
診療所,30,1810318,皆楽園診療所,〒649－6213岩出市西国分６６８,0736-67-6061,社会福祉法人皆楽園理事長榎本茂樹,榎本茂樹,内　消内,,令2.7.15,298_2026.7_kikanzentai_wakayama_ika.pdf
診療所,30,1810326,星の森消化器内科,〒649－6215岩出市中迫字塚本１４５他フォレストモール岩出Ⅰ棟,0736-67-8062,医療法人明星会理事長星野好則,浦井俊二,内　消化器内科　放,,令5.7.1,298_2026.7_kikanzentai_wakayama_ika.pdf
診療所,30,1810334,医療法人豊田内科,〒649－6202岩出市根来９１４番地１,0736-63-0297,医療法人豊田内科理事長豐田和之,豐田和之,内　小　消内　肝　内　糖内,,令6.12.26,298_2026.7_kikanzentai_wakayama_ika.pdf
診療所,30,1810342,なかふさ診療所,〒649－6215岩出市中迫５５３番地１,0736-69-0777,医療法人三明会理事長田中賢,田中賢,脳外　脳内　外　形外　放　リハ,,令7.8.1,298_2026.7_kikanzentai_wakayama_ika.pdf
診療所,30,1810359,かわしま医院,〒649－6223岩出市高塚１８８－１スーパーエバグリーンプラス岩出高塚店２Ｆ,0736-69-1007,医療法人創生理事長河島明,河島明,糖内　消内　内,,令8.6.1,298_2026.7_kikanzentai_wakayama_ika.pdf
診療所,30,2000471,塩路内科・胃腸科,〒649－1342御坊市藤田町吉田天神６２１番地,0738-24-0666,塩路信人,塩路信人,内　胃　循　呼　小　放,,平元.10.1,298_2026.7_kikanzentai_wakayama_ika.pdf
診療所,30,2000497,えのもと眼科,〒644－0002御坊市薗９５,0738-24-0880,榎本善収,榎本善収,眼,,平2.4.1,298_2026.7_kikanzentai_wakayama_ika.pdf
診療所,30,2000505,日高マタニティクリ,〒644－0002御坊市薗１２３番地１８,0738-24-1103,岡田雄一,岡田雄一,産　婦,,平2.5.1,298_2026.7_kikanzentai_wakayama_ika.pdf
診療所,30,2000604,中島医院,〒644－0012御坊市湯川町小松原３８０－１１,0738-22-0168,中島彰一,中島彰一,内　他　小　神内　放　心内,,平8.12.1,298_2026.7_kikanzentai_wakayama_ika.pdf
診療所,30,2000612,山羽胃腸科内科,〒644－0002御坊市薗６５２－２,0738-22-1968,山羽義貴,山羽義貴,他　内,,平9.4.1,298_2026.7_kikanzentai_wakayama_ika.pdf
診療所,30,2000646,中井こどもクリニッ,〒644－0002御坊市薗４１４－１５,0738-32-3030,中井寛明,中井寛明,小,,平11.4.1,298_2026.7_kikanzentai_wakayama_ika.pdf
診療所,30,2000679,天津眼科医院,〒644－0002御坊市薗６１ー３,0738-24-0120,天津寿,天津寿,眼,,平12.6.1,298_2026.7_kikanzentai_wakayama_ika.pdf
診療所,30,2000687,田中クリニック,〒644－0002御坊市薗２７１,0738-22-8800,田中宏昭,田中宏昭,内　小　リハ,,平16.7.1,298_2026.7_kikanzentai_wakayama_ika.pdf
診療所,30,2000695,天津医院,〒644－0002御坊市薗３０８－７,0738-22-5351,天津隆,天津隆,内　婦　産,10,平17.10.1,298_2026.7_kikanzentai_wakayama_ika.pdf
診療所,30,2000703,西本医院,〒644－0003御坊市島１７４－１３,0738-22-0456,西本研志,西本研志,内　他　アレ　小　放　呼内,,平18.4.1,298_2026.7_kikanzentai_wakayama_ika.pdf
診療所,30,2000711,小池内科,〒644－0011御坊市湯川町財部５１６－３,0738-24-2255,小池良満,小池良満,内　呼　消　循,,平19.9.1,298_2026.7_kikanzentai_wakayama_ika.pdf
診療所,30,2000729,むらがき心療内科皮,〒644－0003御坊市島６４６－１,0738-20-1167,村垣雅代,村垣雅代,精　心内　内　皮,,平22.2.1,298_2026.7_kikanzentai_wakayama_ika.pdf
診療所,30,2000737,松下内科,〒644－0003御坊市島１１４の６,0738-22-2090,松下起子,松下起子,内　循内　呼内　小,,平22.1.1,298_2026.7_kikanzentai_wakayama_ika.pdf
診療所,30,2000745,しめざき眼科クリニ,〒644－0012御坊市湯川町小松原５３１－２,0738-32-7800,〆﨑充生,〆﨑充生,眼,,平22.8.4,298_2026.7_kikanzentai_wakayama_ika.pdf
診療所,30,2000752,御坊なかむらクリニ,〒644－0011御坊市湯川町財部７１５,0738-52-8020,中村成宏,中村成宏,内　外　老年心療　内　美容皮　精,,平23.4.1,298_2026.7_kikanzentai_wakayama_ika.pdf
診療所,30,2000760,井本内科,〒644－0003御坊市島２３２－８,0738-22-2228,井本和也,井本和也,内　他　呼内,,平23.7.19,298_2026.7_kikanzentai_wakayama_ika.pdf
診療所,30,2000794,井上眼科,〒644－0011御坊市湯川町財部８５２,0738-52-7201,井上晃宏,井上晃宏,眼,,令6.8.1,298_2026.7_kikanzentai_wakayama_ika.pdf
病院,30,2010025,北出病院,〒644－0011御坊市湯川町財部７２８－４,0738-22-2188,社会医療法人黎明会理事長北出貴嗣,重里政信,消外　消内　循内　糖内　腎内（人　透）　胸外　呼外　呼内　整外　脳　外　リウ　麻　小　リハ　内　外　形外　放　ひ　歯　歯外　小歯　矯　歯　乳外　肛外　血管外　小児アレ　リウマチ・膠原　病内,182,昭47.6.23,299_2026.7_kikanzentai_wakayama_sikaheisetu.pdf
病院,30,2010033,整形外科北裏病院,〒644－0012御坊市湯川町小松原４５４,0738-22-3352,医療法人整形外科北裏病院理事長北裏卓也,北裏卓也,整外　リハ　麻　内,100,昭48.1.1,298_2026.7_kikanzentai_wakayama_ika.pdf
診療所,30,2010041,博愛診療所,〒644－0023御坊市名田町野島１－９,0738-29-3182,社会福祉法人博愛会理事長小林隆弘,西本研志,内　小　整外　歯　歯外,,昭61.10.1,299_2026.7_kikanzentai_wakayama_sikaheisetu.pdf
診療所,30,2010066,医療法人裕紫会中,〒649－1342御坊市藤田町吉田大河原３２４番地の１,0738-22-8777,医療法人裕紫会理事長中谷さつき,阪越信雄,内　整外　リウ,,昭62.12.1,298_2026.7_kikanzentai_wakayama_ika.pdf
病院,30,2010090,ひだか病院,〒644－0002御坊市薗１１６番地の２,0738-22-1111,御坊市外五ケ町病院経営事務組合管理者三浦源吾,西森敬司,一般（感染）　内　外　小　産婦　眼　耳い　皮　ひ　放　精　整外　脳外　麻　循内　歯外　リハ　形　外　救命,355,平元.7.1,299_2026.7_kikanzentai_wakayama_sikaheisetu.pdf
診療所,30,2010116,もりばた医院,〒644－0025御坊市塩屋町北塩屋１０８７,0738-23-0111,医療法人森畠医院理事長森畠康策,森畠康策,消内　胃腸内（内　視鏡）　漢方内　ペイン内　内　小　麻　放　リハ,,平7.1.1,298_2026.7_kikanzentai_wakayama_ika.pdf
診療所,30,2010124,いえなが小児科,〒644－0011御坊市湯川町財部９３７－５,0738-23-3101,医療法人信陽会理事長家永信彦,家永信彦,小,,平9.1.1,298_2026.7_kikanzentai_wakayama_ika.pdf
診療所,30,2010132,深谷外科医院,〒644－0011御坊市湯川町財部６７０－１,0738-23-1881,医療法人深谷外科医院理事長深谷修平,深谷修平,外　整外　内　リ　ハ,,平9.6.1,298_2026.7_kikanzentai_wakayama_ika.pdf
診療所,30,2010140,池田内科クリニック,〒644－0002御坊市薗３８１－６,0738-24-0800,医療法人アイエムシー理事長松谷泰好,松谷泰好,内　呼　消　循　小　リハ　心内　皮,,平10.2.1,298_2026.7_kikanzentai_wakayama_ika.pdf
診療所,30,2010157,医療法人すこやか会,〒644－0023御坊市名田町野島１－７,0738-29-2951,医療法人すこやか会理事長大谷和正,大谷和正,内　小　リハ　神　内　心内　精,,平10.5.1,298_2026.7_kikanzentai_wakayama_ika.pdf
診療所,30,2010165,上田内科循環器科,〒649－1342御坊市藤田町吉田８５１－９,0738-24-1555,医療法人康栄会理事長上田栄藏,上田栄藏,内　呼　消　循　小　リハ　放,,平16.1.1,298_2026.7_kikanzentai_wakayama_ika.pdf
診療所,30,2010173,おくだこどもクリニ,〒644－0012御坊市湯川町小松原字九原坪５５１番４,0738-32-3333,医療法人奥田医院理事長奥田修司,奥田修司,小,,平17.9.1,298_2026.7_kikanzentai_wakayama_ika.pdf
診療所,30,2010181,髙辻内科胃腸科,〒644－0002御坊市薗４８９番地５,0738-24-0102,医療法人髙辻内科胃腸科理事長髙辻幹雄,髙辻幹雄,内　胃　小　リハ　放,,平19.2.1,298_2026.7_kikanzentai_wakayama_ika.pdf
診療所,30,2010199,Ｔーｃｕｂｅメデ,〒644－0011御坊市湯川町財部６４６番地の１１,0738-22-6428,医療法人丸山診療所理事長丸山晋右,丸山晋右,内　循環器内科、　糖尿病内科、消化　器内科　心内　ア　レ　小　皮　呼内,,平24.9.1,298_2026.7_kikanzentai_wakayama_ika.pdf
診療所,30,2010207,医療法人ｋｉｎｏｅ,〒644－0012御坊市湯川町小松原６１５番地１,0738-24-2222,医療法人ｋｉｎｏｅ理事長川端良樹,川端良樹,内　外　消外（内　視鏡）、循内（透　析）　放　病理　ひ,18,平30.2.1,298_2026.7_kikanzentai_wakayama_ika.pdf
診療所,30,2010215,矢田耳鼻咽喉科,〒644－0011御坊市湯川町財部２４４－５,0738-52-5069,医療法人純樹会理事長矢田和弥,矢田和弥,耳い,,平30.6.1,298_2026.7_kikanzentai_wakayama_ika.pdf
診療所,30,2010223,ながおクリニック,〒644－0012御坊市湯川町小松原５３１番地１,0738-32-0011,医療法人長尾会理事長長尾知昭,長尾知昭,内科　糖尿病内科　外科,,令5.9.1,298_2026.7_kikanzentai_wakayama_ika.pdf
診療所,30,2100602,竹内医院,〒649－1111日高郡由良町里２７４番地の１,0738-65-0075,竹内伸也,竹内伸也,内　小,,昭61.1.1,298_2026.7_kikanzentai_wakayama_ika.pdf
診療所,30,2100701,川口医院,〒649－1534日高郡印南町印南３１４０－１～３１４１,0738-42-0030,川口精司,川口精司,内　胃　循,,平7.3.1,298_2026.7_kikanzentai_wakayama_ika.pdf
診療所,30,2100735,龍神医院,〒644－0043日高郡美浜町吉原２６４,0738-22-6686,龍神弘幸,龍神弘幸,内　循　小,,平8.4.1,298_2026.7_kikanzentai_wakayama_ika.pdf
診療所,30,2100750,谷本内科小児科,〒649－1324日高郡日高川町土生１６０－４,0738-24-2040,谷本聡,谷本聡,内　胃　小,,平9.4.1,298_2026.7_kikanzentai_wakayama_ika.pdf
診療所,30,2100768,島整形外科,〒649－1324日高郡日高川町土生１６０－４,0738-22-0770,島欽也,島欽也,整外　リハ,,平9.4.1,298_2026.7_kikanzentai_wakayama_ika.pdf
診療所,30,2100818,玉置循環器科,〒644－0044日高郡美浜町和田１１３８ー１９８,0738-22-3322,玉置俊明,玉置俊明,他　内,,平12.8.1,298_2026.7_kikanzentai_wakayama_ika.pdf
診療所,30,2100826,森上医院,〒645－0006日高郡みなべ町北道１８２番地,0739-72-2021,市川みやぎ,市川みやぎ,内　小,,平19.6.18,298_2026.7_kikanzentai_wakayama_ika.pdf
診療所,30,2100859,とめきクリニック,〒649－1323日高郡日高川町小熊２４７５－１,0738-22-3232,留置辰治,留置辰治,内　消内,,平23.2.25,298_2026.7_kikanzentai_wakayama_ika.pdf
診療所,30,2100875,本多内科,〒645－0002日高郡みなべ町芝５０３,0739-72-2656,本多康之,本多康之,内　小,,平23.6.1,298_2026.7_kikanzentai_wakayama_ika.pdf
診療所,30,2100883,村外科,〒645－0001日高郡みなべ町東吉田２８２,0739-72-2522,辻村仁志,辻村仁志,内　外　整外　消　化器内科・消化器　外科・肛門外科　放　リハ,19,平24.3.1,298_2026.7_kikanzentai_wakayama_ika.pdf
診療所,30,2100941,おくむら在宅クリニ,〒649－1332日高郡日高川町千津川６１１６－１ヒルズタウンかわべ,0738-52-1700,奥村晃平,奥村晃平,内　糖尿病内科　外　救命　緩和ケ　ア内科,,令6.12.1,298_2026.7_kikanzentai_wakayama_ika.pdf
診療所,30,2110171,古田医院,〒649－1211日高郡日高町荊木５６０,0738-63-2625,医療法人古田医院理事長古田浩樹,古田浩樹,内　循　小,,平元.5.1,298_2026.7_kikanzentai_wakayama_ika.pdf
診療所,30,2110189,大原内科,〒644－0044日高郡美浜町和田１１３８番地１０４,0738-23-3300,医療法人大原内科理事長大原せつ,大原茂樹,内　小　循　糖内,,平元.5.1,298_2026.7_kikanzentai_wakayama_ika.pdf
診療所,30,2110205,浜口医院,〒645－0002日高郡みなべ町芝６６９,0739-72-5286,医療法人浜口医院理事長口卓也,口卓也,整外　外　内,,平元.11.1,298_2026.7_kikanzentai_wakayama_ika.pdf
診療所,30,2110262,橋本整形外科,〒644－0041日高郡美浜町田井４００－１,0738-22-0036,医療法人はしもと理事長橋本修身,橋本修身,療養病床　整外　神内　形外　リハ,19,平8.7.1,298_2026.7_kikanzentai_wakayama_ika.pdf
診療所,30,2110288,森本医院,〒644－0041日高郡美浜町田井３１３－１,0738-24-3333,医療法人平成会理事長森本善文,森本善文,内　他　呼内　小　心内,,平9.1.1,298_2026.7_kikanzentai_wakayama_ika.pdf
診療所,30,2110296,ひがし内科クリニッ,〒645－0021日高郡みなべ町東本庄５８９－１,0739-74-3269,医療法人ひがし内科クリニック理事長東冬彦,東冬彦,内　循　リハ　放,,平9.1.1,298_2026.7_kikanzentai_wakayama_ika.pdf
診療所,30,2110304,医療法人村上クリ,〒644－1122日高郡日高川町高津尾３８,0738-54-0787,医療法人村上クリニック理事長村上浩一,村上浩一,内　小　外　胃　放,,平9.9.1,298_2026.7_kikanzentai_wakayama_ika.pdf
診療所,30,2110312,笹野クリニック,〒649－1522日高郡印南町古井５２１,0738-45-0880,医療法人笹野クリニック理事長笹野雄助,笹野雄助,内　整外　皮　麻　アレ　漢内　心　内,,平10.8.1,298_2026.7_kikanzentai_wakayama_ika.pdf
診療所,30,2110320,小溝クリニック,〒649－1527日高郡印南町島田１１６３－１１,0738-43-8000,医療法人小溝クリニック理事長小溝芳美,小溝芳美,内　胃　小　外　皮　こう　リハ　放　麻,,平10.8.1,298_2026.7_kikanzentai_wakayama_ika.pdf
診療所,30,2110353,玉置クリニック,〒649－1111日高郡由良町里３４９ー１,0738-65-1511,医療法人玉置クリニック理事長玉置陽司,玉置陽司,内　胃　小　外　リハ　放　アレ,,平12.9.1,298_2026.7_kikanzentai_wakayama_ika.pdf
診療所,30,2110379,博愛診療所ゆら,〒649－1121日高郡由良町吹井字吹城９１０番地の１,0738-35-2520,社会福祉法人博愛会理事長小林隆弘,田中宏昭,内　小,,平14.12.1,298_2026.7_kikanzentai_wakayama_ika.pdf
診療所,30,2110387,高城診療所,〒645－0204日高郡みなべ町広野２番地２,0739-75-2005,みなべ町みなべ町長山本秀平,大嶋有一,内　小　外,,平16.10.1,298_2026.7_kikanzentai_wakayama_ika.pdf
診療所,30,2110395,博愛診療所みちしお,〒649－1232日高郡日高町阿尾６４６,0738-64-8050,社会福祉法人博愛会理事長小林隆弘,井本和也,内　呼　消　循　放,,平16.12.1,298_2026.7_kikanzentai_wakayama_ika.pdf
診療所,30,2110403,日高川町国民健康保,〒644－1201日高郡日高川町川原河２６４,0738-56-0396,日高川町日高川町長久留米啓史,平林直樹,内　小　外,,平17.5.1,298_2026.7_kikanzentai_wakayama_ika.pdf
診療所,30,2110411,日高川町国民健康保,〒644－1221日高郡日高川町大字寒川２９３番地２,0738-58-0012,日高川町日高川町長久留米啓史,新谷茂樹,内　小,,平17.5.1,298_2026.7_kikanzentai_wakayama_ika.pdf
診療所,30,2110429,日高川町国民健康保,〒644－1214日高郡日高川町上初湯川８３,0738-56-0539,日高川町日高川町長久留米啓史,新谷茂樹,内　小,,平17.5.1,298_2026.7_kikanzentai_wakayama_ika.pdf
診療所,30,2110437,日高川町国民健康保,〒644－1231日高郡日高川町初湯川１５８７,0738-57-0411,日高川町日高川町長久留米啓史,新谷茂樹,内　小,,平17.5.1,298_2026.7_kikanzentai_wakayama_ika.pdf
診療所,30,2110445,医療法人たちばな会,〒649－1534日高郡印南町大字印南２２７５－１６,0738-20-9009,医療法人たちばな会理事長西岡平,西岡修平,整外　外　内,,令2.5.11,298_2026.7_kikanzentai_wakayama_ika.pdf
診療所,30,2110452,楠山整形外科,〒649－1211日高郡日高町荊木８,0738-63-3615,医療法人楠山整形外科理事長楠山一男,楠山一樹,整形外科　リハビ　リテーション科,,令3.5.6,298_2026.7_kikanzentai_wakayama_ika.pdf
診療所,30,2110460,クリニック川辺,〒649－1324日高郡日高川町土生１２０５－１,0738-52-5260,社会医療法人黎明会理事長北出貴嗣,河島昭隆,内　外,,令8.4.1,298_2026.7_kikanzentai_wakayama_ika.pdf
診療所,30,2200600,滝浪眼科医院,〒646－0032田辺市下屋敷町１３,0739-22-0167,瀧浪壽郎,瀧浪壽郎,眼,,昭49.10.1,298_2026.7_kikanzentai_wakayama_ika.pdf
診療所,30,2201079,柏井内科クリニック,〒646－0038田辺市末広町６ー２０,0739-26-4150,柏井利彦,柏井利彦,内,,平7.2.1,298_2026.7_kikanzentai_wakayama_ika.pdf
診療所,30,2201137,堅田内科循環器科,〒646－0005田辺市秋津町１０２－１,0739-26-6082,堅田豊,堅田豊,内　循,,平10.1.1,298_2026.7_kikanzentai_wakayama_ika.pdf
診療所,30,2201178,榎本整形外科,〒646－0029田辺市東陽１７番１５号,0739-23-7170,榎本晃芳,榎本晃芳,整外　外　リハ　リウ,,平13.4.1,298_2026.7_kikanzentai_wakayama_ika.pdf
診療所,30,2201194,榎本医院,〒646－0014田辺市新万３４番４９号,0739-24-1423,榎本淑子,榎本淑子,内　循　神内　心　内　外　婦　精　整外　消　呼　小　リハ,1,平13.7.1,298_2026.7_kikanzentai_wakayama_ika.pdf
診療所,30,2201228,櫻根皮フ科,〒646－0025田辺市神子浜１－２１－２３,0739-26-2255,櫻根義久,櫻根義久,皮,,平14.8.2,298_2026.7_kikanzentai_wakayama_ika.pdf
診療所,30,2201236,おかもと内科クリニ,〒646－0038田辺市末広町９－８,0739-22-1929,岡本訓久,岡本訓久,内　他　放,,平15.11.1,298_2026.7_kikanzentai_wakayama_ika.pdf
診療所,30,2201269,野の花診療所,〒646－0215田辺市中三栖１８１７,0739-34-0555,木下真樹子,木下真樹子,内,,平17.1.5,298_2026.7_kikanzentai_wakayama_ika.pdf
診療所,30,2201293,近野診療所,〒646－1402田辺市中辺路町近露１１５１－１,0739-65-0007,石関光朗,石関光朗,内　消　小,,平14.4.1,298_2026.7_kikanzentai_wakayama_ika.pdf
診療所,30,2201319,ほんぐうクリニック,〒647－1731田辺市本宮町本宮１４７－３,0735-42-8880,谷河浩二,谷河浩二,内　循　小,,平17.7.1,298_2026.7_kikanzentai_wakayama_ika.pdf
診療所,30,2201335,中西内科胃腸科医院,〒646－0032田辺市下屋敷町１４－２,0739-25-2500,中西善夫,中西善夫,内　他　アレ　リ　ハ　小　皮　放,,平18.2.1,298_2026.7_kikanzentai_wakayama_ika.pdf
診療所,30,2201426,湊．小川クリニック,〒646－0031田辺市湊２４－３７榎本ビル１Ｆ,0739-33-7481,小川正明,小川正明,精,,平23.8.1,298_2026.7_kikanzentai_wakayama_ika.pdf
診療所,30,2201442,赤ちゃんとこどもの,〒646－0015田辺市たきない町３２－６,0739-33-7819,番浩,番浩,小,,平24.6.1,298_2026.7_kikanzentai_wakayama_ika.pdf
診療所,30,2201475,たなべクリニック,〒646－0061田辺市上の山一丁目１４番３８号,0739-34-3100,佐藤壽浩,佐藤壽浩,透析　腎内　内,,平27.8.1,298_2026.7_kikanzentai_wakayama_ika.pdf
診療所,30,2201483,ふじたクリニック,〒646－0005田辺市秋津町１５８－４,0739-34-3034,藤田繁雄,藤田繁雄,肛門外　消内　内　外,,平27.12.1,298_2026.7_kikanzentai_wakayama_ika.pdf
診療所,30,2201491,神島心療内科,〒646－0015田辺市たきない町１番８号,0739-24-3036,坂口守男,坂口守男,心内　精,,平29.5.9,298_2026.7_kikanzentai_wakayama_ika.pdf
診療所,30,2201509,よしい眼科,〒646－0061田辺市上の山一丁目１４番３４号,0739-33-7080,井稔章,井稔章,眼,,平30.1.11,298_2026.7_kikanzentai_wakayama_ika.pdf
診療所,30,2201517,平畑医院,〒646－0028田辺市高雄１－５－２,0739-24-8770,平畑忍,平畑忍,外　内　消,,令元.6.1,298_2026.7_kikanzentai_wakayama_ika.pdf
診療所,30,2201525,坂田整形外科,〒646－0061田辺市上の山１丁目１３番２２号,0739-24-2223,坂田仁郎,坂田仁郎,整外　リハ　内,,令元.8.1,298_2026.7_kikanzentai_wakayama_ika.pdf
診療所,30,2201533,あきづクリニック,〒646－0005田辺市秋津町１８９－１６,0739-34-3090,小口健,小口健,内　脳内　リハ,,令元.12.1,298_2026.7_kikanzentai_wakayama_ika.pdf
診療所,30,2201541,土井皮フ科,〒646－0003田辺市中万呂３２－１,0739-23-5588,土井直孝,土井直孝,皮,,令4.3.1,298_2026.7_kikanzentai_wakayama_ika.pdf
診療所,30,2201558,あしかわ在宅クリニ,〒646－0011田辺市新庄町３０７６－６,080-2034-4019,足川財啓,足川財啓,内　外　救命,,令5.11.1,298_2026.7_kikanzentai_wakayama_ika.pdf
診療所,30,2201566,七彩メディカルクリ,〒646－0051田辺市稲成町３０６３－１,050-5359-4976,髙橋理程,髙橋理程,内　美容皮膚科　精,,令7.3.1,298_2026.7_kikanzentai_wakayama_ika.pdf
診療所,30,2201582,うちしばレディース,〒646－0022田辺市東山２丁目２７－２６,0739-25-0929,内芝舞実,内芝舞実,産婦,,令8.5.1,298_2026.7_kikanzentai_wakayama_ika.pdf
診療所,30,2210187,長嶋医院,〒646－0058田辺市目良３２番３２号,0739-24-3220,医療法人長嶋医院理事長長嶋二郎,長嶋二郎,胃　内　外,19,昭62.7.1,298_2026.7_kikanzentai_wakayama_ika.pdf
病院,30,2210203,医療法人洗心会玉,〒646－0036田辺市上屋敷二丁目５番１号,0739-22-6028,医療法人洗心会理事長玉置英人,玉置英人,内　外　整外　脳　外　消,66,昭63.7.1,298_2026.7_kikanzentai_wakayama_ika.pdf
診療所,30,2210245,晒医院,〒646－0029田辺市東陽２７番６号,0739-22-0169,医療法人廣仁会理事長井上千津子,井上千津子,皮,,平元.8.1,298_2026.7_kikanzentai_wakayama_ika.pdf
診療所,30,2210328,なす医院,〒646－0028田辺市高雄三丁目１３番１号,0739-25-0025,医療法人那須医院理事長那須英紀,那須英紀,内　消　呼,,平3.7.1,298_2026.7_kikanzentai_wakayama_ika.pdf
診療所,30,2210336,坂口耳鼻咽喉科医院,〒646－0021田辺市あけぼの４６番１２号,0739-22-8741,医療法人秋桜会理事長坂口幸作,坂口幸作,耳い　アレ,,平4.2.1,298_2026.7_kikanzentai_wakayama_ika.pdf
診療所,30,2210344,辻内科医院,〒646－0003田辺市中万呂１３３番地の１１,0739-25-3377,医療法人仁成会理事長聡一郎,聡一郎,内　リウマチ・膠　原病内科,,平4.3.1,298_2026.7_kikanzentai_wakayama_ika.pdf
診療所,30,2210419,うえはら小児科,〒646－0027田辺市朝日ケ丘１６－３２,0739-26-6000,医療法人こうま会理事長上原俊宏,上原俊宏,小,,平6.1.1,298_2026.7_kikanzentai_wakayama_ika.pdf
診療所,30,2210427,外科内科医院,〒646－0036田辺市上屋敷三丁目１１－１４,0739-22-0534,医療法人外科内科医院理事長啓次郎,興,外　内,19,平6.1.1,298_2026.7_kikanzentai_wakayama_ika.pdf
診療所,30,2210435,竹村医院,〒646－0022田辺市東山１丁目３番８号,0739-26-6700,医療法人竹村医院理事長竹村英一,竹村英一,内　呼内,,平7.2.1,298_2026.7_kikanzentai_wakayama_ika.pdf
診療所,30,2210443,田辺広域休日急患診,〒646－0028,0739-26-4909,田辺周辺広域市,番浩,内　小　歯,,平7.4.1,299_2026.7_kikanzentai_wakayama_sikaheisetu.pdf
診療所,30,2230447,療所,田辺市高雄一丁目２３番１号,,町村圏組合管理者真砂充敏,,,,,299_2026.7_kikanzentai_wakayama_sikaheisetu.pdf
診療所,30,2210468,神島クリニック,〒646－0015田辺市たきない町６－１１,0739-26-5400,医療法人玄竜会理事長池永直樹,池永直樹,内　消化器内科　外　産婦,,平7.7.1,298_2026.7_kikanzentai_wakayama_ika.pdf
診療所,30,2210492,山本眼科,〒646－0028田辺市高雄一丁目１２番２５号,0739-22-0881,医療法人山本眼科理事長山本良,山本良,眼,,平10.2.1,298_2026.7_kikanzentai_wakayama_ika.pdf
診療所,30,2210500,線崎泌尿器科医院,〒646－0023田辺市文里１丁目２０－２５,0739-26-5000,医療法人愛心会理事長線崎博哉,線崎博哉,ひ,,平10.2.1,298_2026.7_kikanzentai_wakayama_ika.pdf
診療所,30,2210534,西川医院,〒646－0028田辺市高雄一丁目２２番２０号,0739-22-1483,医療法人西川医院理事長西川哲司,西川哲司,内　循,,平14.1.28,298_2026.7_kikanzentai_wakayama_ika.pdf
診療所,30,2210542,杉本胃腸科外科,〒646－0003田辺市中万呂６２番地の６,0739-26-1133,医療法人杉本胃腸科外科理事長杉本惠洋,杉本惠洋,内　胃　外　こう　リハ　放,,平14.2.1,298_2026.7_kikanzentai_wakayama_ika.pdf
診療所,30,2210567,医療法人大嶋内科,〒645－0301田辺市龍神村福井１２４７番地,0739-77-0029,医療法人大嶋内科医院理事長大嶋研三,大嶋研三,内　外,,平7.11.1,298_2026.7_kikanzentai_wakayama_ika.pdf
診療所,30,2210575,鮎川診療所,〒646－1101田辺市鮎川５８３番地の３,0739-48-0031,公益財団法人白浜医療福祉財団理事長松尾晃次,松中秀之,内　整外,,平14.10.1,298_2026.7_kikanzentai_wakayama_ika.pdf
診療所,30,2210617,田辺市龍神中央診療,〒645－0415田辺市龍神村西３４０番地の１,0739-78-0009,田辺市田辺市長真砂充敏,寒川具昭,内,,平17.5.1,298_2026.7_kikanzentai_wakayama_ika.pdf
診療所,30,2210625,田辺市龍神湯ノ又診,〒645－0524田辺市龍神村湯ノ又５４４,0739-79-0372,田辺市田辺市長真砂充敏,萩原慎,内,,平17.5.1,298_2026.7_kikanzentai_wakayama_ika.pdf
診療所,30,2210633,田辺市大塔富里診療,〒646－1213田辺市下川下９３０,0739-63-0002,田辺市田辺市長真砂充敏,柳川卓弥,内　小　外,,平17.5.1,298_2026.7_kikanzentai_wakayama_ika.pdf
診療所,30,2210641,田辺市大塔三川診療,〒646－1338田辺市合川６７８－３,0739-62-0008,田辺市田辺市長真砂充敏,柳川卓弥,内　小　外,,平17.5.1,298_2026.7_kikanzentai_wakayama_ika.pdf
診療所,30,2210658,田辺市本宮さくら診,〒647－1731田辺市本宮町本宮９２１番地の２,0735-42-8101,田辺市田辺市長真砂充敏,山下成人,内　整外　リハ　リウ,,平17.5.1,298_2026.7_kikanzentai_wakayama_ika.pdf
診療所,30,2210708,田辺市国民健康保険,〒646－0057田辺市中芳養１８０８－１,0739-22-3828,田辺市田辺市長真砂充敏,玉置信彦,内,,平17.5.1,298_2026.7_kikanzentai_wakayama_ika.pdf
診療所,30,2210716,田辺市国民健康保険,〒646－0102田辺市秋津川６８８番地の１,0739-36-0008,田辺市田辺市長真砂充敏,藤本特三,内,,平17.5.1,298_2026.7_kikanzentai_wakayama_ika.pdf
診療所,30,2210724,田辺市国民健康保険,〒646－,0739-34-0123,0213田辺市長野１１４６－２田辺市田辺市長真砂充敏,山西康仁,内,,平17.5.1,298_2026.7_kikanzentai_wakayama_ika.pdf
診療所,30,2210740,真寿苑クリニック,〒646－0012田辺市神島台４番１号,0739-81-2212,社会福祉法人真寿会理事長森貴信,森貴信,内　循　療養病床,19,平19.3.1,298_2026.7_kikanzentai_wakayama_ika.pdf
診療所,30,2210765,榎本産婦人科,〒646－0031田辺市湊８－２６,0739-22-0019,医療法人榎本産婦人科理事長榎本修,榎本修,産婦,,平19.4.1,298_2026.7_kikanzentai_wakayama_ika.pdf
診療所,30,2210781,串医院,〒646－0035田辺市中屋敷町６８－１,0739-22-5017,医療法人博信会理事長串誓二,串誓二,内　循,,平20.2.25,298_2026.7_kikanzentai_wakayama_ika.pdf
診療所,30,2210799,たかの耳鼻咽喉科・,〒646－0015田辺市たきない町２０番１０号,0739-23-3341,医療法人千藍会理事長高野哲弘,高野哲弘,耳い　アレ,,平20.9.1,298_2026.7_kikanzentai_wakayama_ika.pdf
診療所,30,2210815,小幡医院,〒646－0031田辺市湊４６－１７,0739-22-0054,医療法人淳心会理事長小幡有史,小幡有史,形外　美容皮,,平23.3.22,298_2026.7_kikanzentai_wakayama_ika.pdf
診療所,30,2210823,乾耳鼻咽喉科医院,〒646－0036田辺市上屋敷一丁目９－５,0739-22-4488,医療法人芳晃会理事長乾晃造,乾晃造,耳い　アレ,,平27.9.1,298_2026.7_kikanzentai_wakayama_ika.pdf
診療所,30,2210831,えのもと内科クリニ,〒646－0015田辺市たきない町２番１号,0739-81-1532,医療法人顯秀会理事長榎本宗浩,榎本宗浩,内　呼内　消内　アレ,,平27.10.1,298_2026.7_kikanzentai_wakayama_ika.pdf
診療所,30,2210849,池田整形外科,〒646－0062田辺市明洋一丁目１９番１９号,0739-26-3199,医療法人池田整形外科理事長池田芳樹,池田芳樹,整外　リハ,,平28.10.1,298_2026.7_kikanzentai_wakayama_ika.pdf
診療所,30,2210856,まろクリニック,〒646－0004田辺市下万呂３９３番地５,0739-81-1200,医療法人桜菜会理事長大浦真紀,大浦真紀,腎内　透析　脳外,,平28.11.1,298_2026.7_kikanzentai_wakayama_ika.pdf
診療所,30,2210864,医療法人うえだ内,〒646－0014田辺市新万２８－２７,0739-23-2700,医療法人うえだ内科外科クリニック理事長上田正直,上田正直,内　外　胃腸内　整外,,平29.2.1,298_2026.7_kikanzentai_wakayama_ika.pdf
診療所,30,2210872,医療法人伸阿会長,〒646－0216田辺市下三栖岩屋谷１４８３番地の１５,0739-81-1133,医療法人伸阿会理事長長嶋雄一,長嶋雄一,消内　内,,平29.3.1,298_2026.7_kikanzentai_wakayama_ika.pdf
診療所,30,2210898,山西内科胃腸科眼科,〒646－0031田辺市湊１番７号,0739-22-1161,医療法人山西内科胃腸科眼科医院理事長山西康仁,山西康仁,内　消　糖内　眼,,平29.8.1,298_2026.7_kikanzentai_wakayama_ika.pdf
診療所,30,2210914,南たなべ眼科医院,〒646－0015田辺市たきない町１９番１６号,0739-23-3730,医療法人仁愛会理事長佐藤昌昭,安東秀員,眼,,平30.7.2,298_2026.7_kikanzentai_wakayama_ika.pdf
診療所,30,2210922,ふくはらこどもクリ,〒646－0027田辺市朝日ヶ丘１３番２４号,0739-33-7711,医療法人ふくはらこどもクリニック理事長福原仁雄,福原仁雄,小　アレ,,平30.7.1,298_2026.7_kikanzentai_wakayama_ika.pdf
診療所,30,2210930,まちだ内科クリニッ,〒646－0216田辺市下三栖１２５７番４,0739-33-8282,医療法人公和会理事長町田和生,町田和生,内　他　呼内,,平30.11.1,298_2026.7_kikanzentai_wakayama_ika.pdf
診療所,30,2210948,医療法人玉置医院,〒646－0063田辺市芳養松原一丁目１２番１号,0739-22-2372,医療法人玉置医院理事長玉置信彦,玉置真也,内　呼内,,令2.1.1,298_2026.7_kikanzentai_wakayama_ika.pdf
診療所,30,2210955,納田整形外科,〒646－0021田辺市あけぼの４６番１４号,0739-24-3515,医療法人納田整形外科理事長納田和博,納田務,整外,,令2.7.1,298_2026.7_kikanzentai_wakayama_ika.pdf
診療所,30,2210963,田辺市国民健康保険,〒646－0101田辺市上芳養３１６５番地,0739-37-0141,田辺市田辺市長真砂充敏,奥本泰士,内,,令3.6.1,298_2026.7_kikanzentai_wakayama_ika.pdf
診療所,30,2210971,月森泌尿器科クリニ,〒646－0062田辺市明洋二丁目２１番５号,0739-24-0007,医療法人月森泌尿器科クリニック理事長月森翔平,月森翔平,ひ　内　外,,令4.6.1,298_2026.7_kikanzentai_wakayama_ika.pdf
診療所,30,2210989,田辺市中辺路第１診,〒646－1421田辺市中辺路町栗栖川２８番地の２,0739-64-1800,田辺市田辺市長真砂充敏,山本竜隆,内,,令6.2.1,298_2026.7_kikanzentai_wakayama_ika.pdf
病院,30,2210997,医療法人研医会田,〒646－0026田辺市宝来町２４－１,0739-24-5333,医療法人研医会田辺中央病院理事長前田章,谷口良樹,内　外　消化器外　科　肛門外科　皮　脳外　整外　リ　ハ,139,令7.9.14,298_2026.7_kikanzentai_wakayama_ika.pdf
診療所,30,2300715,味八木胃腸科外科,〒647－0044新宮市神倉４丁目６番４０号,0735-21-5610,味八木保雄,味八木保雄,胃　外　こう,17,昭56.12.1,298_2026.7_kikanzentai_wakayama_ika.pdf
診療所,30,2300723,木下外科医院,〒647－0052新宮市橋本一丁目３番５号,0735-23-1122,木下眞人,木下眞人,外　内　胃　こう,,昭57.5.1,298_2026.7_kikanzentai_wakayama_ika.pdf
診療所,30,2300848,山口整形外科,〒647－0072新宮市蜂伏３番２７号,0735-31-8052,山口道夫,山口道夫,整外　リハ　放　リウ,,平6.5.1,298_2026.7_kikanzentai_wakayama_ika.pdf
診療所,30,2301010,谷地内科医院,〒647－0081新宮市新宮字馬町５５４番地－１大橋通りＴビル１Ｆ,0735-23-3088,谷地雅宏,谷地雅宏,内　呼　消　循,,平19.6.1,298_2026.7_kikanzentai_wakayama_ika.pdf
診療所,30,2301036,いずみウィメンズク,〒647－0033新宮市清水元１丁目６－３３,0735-21-0311,泉貴文,泉貴文,産　婦,10,平21.11.1,298_2026.7_kikanzentai_wakayama_ika.pdf
診療所,30,2301044,すずきこどもクリニ,〒647－0042新宮市下田２丁目３－２,0735-28-0111,鈴木幹啓,鈴木幹啓,小　アレ,,平22.5.1,298_2026.7_kikanzentai_wakayama_ika.pdf
診療所,30,2301077,真砂小児科,〒647－0010新宮市丹鶴二丁目４番１３号,0735-29-7313,眞砂州宏,眞砂州宏,小,,平23.10.1,298_2026.7_kikanzentai_wakayama_ika.pdf
診療所,30,2301093,矢島医院,〒647－0007新宮市別当屋敷町６－８,0735-22-2337,杉谷さおり,杉谷さおり,産婦,,平27.3.1,298_2026.7_kikanzentai_wakayama_ika.pdf
診療所,30,2301101,新谷クリニック,〒647－0052新宮市橋本二丁目５－５４,0735-23-2226,新谷寧世,新谷寧世,ひ　外,,平27.4.1,298_2026.7_kikanzentai_wakayama_ika.pdf
診療所,30,2301119,橋本クリニック,〒647－0016新宮市谷王子町２番地４,0735-29-7329,橋本眞侍,橋本眞侍,内　外,,平27.7.1,298_2026.7_kikanzentai_wakayama_ika.pdf
診療所,30,2301127,いのき眼科クリニッ,〒647－0041新宮市野田８番４９号,0735-22-8349,居軒賢二,居軒賢二,眼,,平28.4.1,298_2026.7_kikanzentai_wakayama_ika.pdf
診療所,30,2301135,かじの内科クリニッ,〒647－0081新宮市新宮字広角２６２１番地,0735-38-8010,梶野裕之,梶野裕之,内　消化器内科　呼内,,令元.5.7,298_2026.7_kikanzentai_wakayama_ika.pdf
診療所,30,2301143,くろしお耳鼻咽喉科,〒647－0061新宮市三輪崎１９５６－１０,0735-22-3387,速水康介,速水康介,耳い,,令元.5.7,298_2026.7_kikanzentai_wakayama_ika.pdf
診療所,30,2301150,浜野皮フ科,〒647－0045新宮市井の沢１番２８号,0735-22-0878,小出真紀,小出真紀,皮,,令2.7.1,298_2026.7_kikanzentai_wakayama_ika.pdf
病院,30,2310003,一般財団法人新宮,〒647－0018新宮市仲之町二丁目１番地の１５,0735-22-5137,一般財団法人新宮病院理事長西垣泰尊,森裕史,内　リハ　整外　療養病床,84,昭35.8.1,298_2026.7_kikanzentai_wakayama_ika.pdf
病院,30,2310060,医療法人両茂会岩,〒647－0061新宮市三輪崎１３８４,0735-31-7153,医療法人両茂会理事長竹井孝文,井谷隆典,精,157,昭54.4.1,298_2026.7_kikanzentai_wakayama_ika.pdf
診療所,30,2310128,医療法人米良医院,〒647－0021新宮市池田三丁目２番１号,0735-22-2710,医療法人米良医院理事長米良孝志,米良孝志,内　消,,平元.5.1,298_2026.7_kikanzentai_wakayama_ika.pdf
診療所,30,2310144,医療法人米良外科,〒647－0012新宮市伊佐田町２丁目１番地の２,0735-21-7878,医療法人米良外科整形外科クリニック理事長米良博光,米良博光,整外　外　内　胃　こう　リハ,,平元.5.1,298_2026.7_kikanzentai_wakayama_ika.pdf
診療所,30,2310177,湊口医院,〒647－0061新宮市三輪崎二丁目１３番５１号,0735-31-6660,医療法人湊口医院理事長湊口孝美,湊口孝美,内　小　リハ　放,,平2.4.1,298_2026.7_kikanzentai_wakayama_ika.pdf
診療所,30,2310243,湊口内科クリニック,〒647－0042新宮市下田１丁目１－１３,0735-21-3710,医療法人史紀会理事長湊口博之,湊口博之,内　循,,平10.8.1,298_2026.7_kikanzentai_wakayama_ika.pdf
診療所,30,2310284,さとう眼科,〒647－0045新宮市井の沢１２－６,0735-28-0310,医療法人仁愛会理事長佐藤昌昭,佐藤昌昭,眼,,平16.2.1,298_2026.7_kikanzentai_wakayama_ika.pdf
診療所,30,2310334,新宮市国保直営熊野,〒647－1201新宮市熊野川町上長井４３５番地,0735-44-0314,新宮市新宮市長上田勝之,中尾光,内,,平17.10.1,298_2026.7_kikanzentai_wakayama_ika.pdf
診療所,30,2310367,新宮市国民健康保険,〒647－1231新宮市熊野川町玉置口１５０番地,0735-44-0398,新宮市新宮市長上田勝之,中尾光,内,,平18.4.1,298_2026.7_kikanzentai_wakayama_ika.pdf
診療所,30,2310375,くさち耳鼻咽喉科医,〒647－0045新宮市井の沢３番５号,0735-21-1187,医療法人くさち耳鼻科理事長草地孝樹,草地孝樹,耳い,,平18.8.10,298_2026.7_kikanzentai_wakayama_ika.pdf
診療所,30,2310383,玉置整形外科医院,〒647－0043新宮市緑ケ丘２丁目３番１１号,0735-22-6172,医療法人玉置整形外科医院理事長玉置公一,玉置公一,整外　リハ　放,19,平19.3.1,298_2026.7_kikanzentai_wakayama_ika.pdf
診療所,30,2310391,医療法人淳風会,〒647－0043新宮市緑ケ丘２丁目１番２０号,0735-21-2110,医療法人淳風会熊野路クリニック理事長越村邦夫,越村邦夫,透析　糖尿病代謝　内　神内,,平20.6.2,298_2026.7_kikanzentai_wakayama_ika.pdf
診療所,30,2310425,医療法人笹屋内科,〒647－0043新宮市緑ケ丘３丁目１番１号,0735-21-2917,医療法人笹屋内科外科理事長笹屋高大,笹屋高大,内　外,,平21.6.1,298_2026.7_kikanzentai_wakayama_ika.pdf
診療所,30,2310441,新宮市国民健康保険,〒647－1211新宮市熊野川町日足３２２番地,0735-44-0314,新宮市新宮市長上田勝之,中尾光,内,,平23.11.28,298_2026.7_kikanzentai_wakayama_ika.pdf
診療所,30,2310458,ましょうクリニック,〒647－0071新宮市佐野１０８５－１４,0735-29-7800,医療法人間生会理事長間生孝,間生ゆり,透析　腎内　循内,,平26.4.1,298_2026.7_kikanzentai_wakayama_ika.pdf
診療所,30,2310474,みね内科クリニック,〒647－0043新宮市緑ケ丘二丁目２番５５号,0735-22-5551,医療法人佑理会理事長峯規雄,峯規雄,内　消化器内科,,令2.5.1,298_2026.7_kikanzentai_wakayama_ika.pdf
診療所,30,2310482,土山医院,〒647－0021新宮市池田３－２－１５,0735-21-6175,奥平尚子,奥平尚子,皮,,令7.1.1,298_2026.7_kikanzentai_wakayama_ika.pdf
診療所,30,2400663,吉田診療所,〒649－2105西牟婁郡上富田町朝来６１６,0739-47-0463,吉田哲夫,吉田哲夫,内,,昭44.10.10,298_2026.7_kikanzentai_wakayama_ika.pdf
診療所,30,2401224,吉田医院,〒649－2105西牟婁郡上富田町朝来２２１ー２,0739-47-0063,北本育子,北本育子,小　内,,平11.4.1,298_2026.7_kikanzentai_wakayama_ika.pdf
診療所,30,2401257,白浜メンタルクリニ,〒649－2211西牟婁郡白浜町１０８１－６,0739-42-5585,吉原隆司,吉原隆司,精　心内　内,,平17.3.1,298_2026.7_kikanzentai_wakayama_ika.pdf
診療所,30,2401265,真貴診療所,〒649－2201西牟婁郡白浜町堅田字細野２７９２－１,0739-43-0003,砂盛誠,砂盛誠,内　呼　循　外,,平19.12.1,298_2026.7_kikanzentai_wakayama_ika.pdf
診療所,30,2401273,中北クリニック,〒649－2105西牟婁郡上富田町朝来９５－１,0739-83-3600,中北和夫,中北和夫,脳外　内,,平22.3.15,298_2026.7_kikanzentai_wakayama_ika.pdf
診療所,30,2401315,なかたに医院,〒649－2105西牟婁郡上富田町朝来７８２番地１,0739-47-0070,中谷佳弘,中谷佳弘,内　外　他,,平30.5.8,298_2026.7_kikanzentai_wakayama_ika.pdf
診療所,30,2401323,いわぐろハートクリ,〒649－2105西牟婁郡上富田町朝来５５６－１７,0739-33-2315,岩畔哲也,岩畔哲也,内　循内,,令5.12.1,298_2026.7_kikanzentai_wakayama_ika.pdf
病院,30,2410274,南紀医療福祉センタ,〒649－2102,0739-47-2175,社会福祉法人,柳川敏彦,,64,昭40.12.1,299_2026.7_kikanzentai_wakayama_sikaheisetu.pdf
診療所,30,2430278,ー,西牟婁郡上富田町岩田１７７６－１,,和歌山県福祉事業団理事長松本一美,,内　精　小　整外　歯,,,299_2026.7_kikanzentai_wakayama_sikaheisetu.pdf
診療所,30,2410407,あゆみ診療所,〒649－2102西牟婁郡上富田町岩田２４５７番地の１,0739-47-3551,社会福祉法人和歌山県福祉事業団理事長松本一美,松尾清次,内,2,昭55.9.1,298_2026.7_kikanzentai_wakayama_ika.pdf
診療所,30,2410415,佐本診療所,〒649－3162西牟婁郡すさみ町佐本追川２２８番地,0739-57-0012,すさみ町すさみ町長岩田勉,山本修司,内　外,,昭56.12.1,298_2026.7_kikanzentai_wakayama_ika.pdf
診療所,30,2410449,はまゆう園診療所,〒649－2621西牟婁郡すさみ町周参見２３６２－１番地,0739-55-3484,社会福祉法人すさみ福祉会理事長岡崎容子,丸笹雄一郎,内,,昭60.12.1,298_2026.7_kikanzentai_wakayama_ika.pdf
診療所,30,2410480,中井・丸岡医院,〒649－2105西牟婁郡上富田町朝来１３３８番地の３,0739-47-0150,医療法人陽旦会理事長丸岡慎平,丸岡慎平,内　外　整外　リ　ウ,,平元.11.1,298_2026.7_kikanzentai_wakayama_ika.pdf
診療所,30,2410530,大鎌診療所,〒649－3151西牟婁郡すさみ町大鎌２３７番地,0739-57-0031,すさみ町すさみ町長岩田勉,山本修司,内　外,,平3.12.1,298_2026.7_kikanzentai_wakayama_ika.pdf
病院,30,2410589,白浜はまゆう病院,〒649－2211西牟婁郡白浜町１４４７,0739-43-6200,公益財団法人白浜医療福祉財団理事長松尾晃次,木村泰典,内　外　整外　リ　ウ　小　脳内　リ　ハ　婦　ひ　皮　眼　耳い　脳外　呼　循　消　アレ　麻　心内　乳腺　外,210,平6.2.1,298_2026.7_kikanzentai_wakayama_ika.pdf
診療所,30,2410696,西富田クリニック,〒649－2334西牟婁郡白浜町才野１,0739-45-3600,公益財団法人白浜医療福祉財団理事長松尾晃次,岡宏保,内　整外,,平10.7.1,298_2026.7_kikanzentai_wakayama_ika.pdf
診療所,30,2410746,國正医院,〒649－3142西牟婁郡すさみ町江住９４１－１０,0739-58-0048,医療法人茜会理事長國正紀彦,國正紀彦,内　外,,平12.3.1,298_2026.7_kikanzentai_wakayama_ika.pdf
診療所,30,2410761,クリニック大古,〒649－2521西牟婁郡白浜町大古１１番地２,0739-87-2400,医療法人紀祥会理事長森山悦裕,森山悦裕,内,,平13.4.1,298_2026.7_kikanzentai_wakayama_ika.pdf
診療所,30,2410803,上富田クリニック,〒649－2105西牟婁郡上富田町朝来１４０７－１,0739-47-1100,医療法人健佑会理事長中村善也,木村桂三,内　循内　眼　外　乳外　脳外　整　外,,平14.4.1,298_2026.7_kikanzentai_wakayama_ika.pdf
病院,30,2410829,医療法人宝山会白,〒649－2211西牟婁郡白浜町小ヶ浦３２２０－９,0739-82-1200,医療法人宝山会理事長小南香惠子,荒谷優一,療養病床　内　リハ　放　麻,42,平16.5.1,298_2026.7_kikanzentai_wakayama_ika.pdf
診療所,30,2410852,白浜町国民健康保険,〒649－2511西牟婁郡白浜町日置２０６－１,0739-52-2002,白浜町白浜町長大江康弘,船曳秀,内,,平18.3.1,298_2026.7_kikanzentai_wakayama_ika.pdf
診療所,30,2410878,白浜町国民健康保険,〒649－2532西牟婁郡白浜町安居３番地,0739-53-0001,白浜町白浜町長大江康弘,松本潤,内,,平18.3.1,298_2026.7_kikanzentai_wakayama_ika.pdf
診療所,30,2410894,愛の園診療所,〒649－2103西牟婁郡上富田町生馬３１６番地の５６,0739-47-1234,社会福祉法人三養福祉会理事長菅幹夫,水本博章,内,,平19.4.1,298_2026.7_kikanzentai_wakayama_ika.pdf
診療所,30,2411017,白浜町国民健康保険,〒646－0301西牟婁郡白浜町市鹿野１１０３番地,0739-54-0037,白浜町白浜町長大江康弘,竹井陽,内,,平20.4.1,298_2026.7_kikanzentai_wakayama_ika.pdf
診療所,30,2411041,クリニックわろうだ,〒649－2106西牟婁郡上富田町南紀の台５４番１０号,0739-33-7555,医療法人社団ほっとステーション理事長山田秀世,山田秀世,精　心内,,平27.4.1,298_2026.7_kikanzentai_wakayama_ika.pdf
診療所,30,2411058,医療法人線崎外科,〒649－2102西牟婁郡上富田町岩田１９０３－３,0739-47-3333,医療法人線崎外科胃腸科クリニック理事長線崎智孝,線崎智孝,内　外　他,,平30.4.1,298_2026.7_kikanzentai_wakayama_ika.pdf
診療所,30,2411066,三谷医院,〒649－2211西牟婁郡白浜町１３９６番地５,0739-42-3606,医療法人健仁会理事長三谷健一郎,三谷健一郎,内　胃　外　消,,令2.6.1,298_2026.7_kikanzentai_wakayama_ika.pdf
診療所,30,2411074,南紀の台クリニック,〒649－2106西牟婁郡上富田町南紀の台７２番３号,0739-33-7640,医療法人卓麻会理事長伊藤聡,小川洋司,内　透析　腎内,,令3.9.6,298_2026.7_kikanzentai_wakayama_ika.pdf
診療所,30,2411082,白浜町椿診療所,〒649－2326西牟婁郡白浜町椿１９１番地の１,0739-43-5555,白浜町白浜町長大江康弘,森山悦裕,内,,令5.4.1,298_2026.7_kikanzentai_wakayama_ika.pdf
病院,30,2411090,国保すさみ病院,〒649－2621西牟婁郡すさみ町周参見２９１６,0739-55-2065,すさみ町すさみ町長岩田勉,山本修司,内　外　リハ,25,令5.11.1,298_2026.7_kikanzentai_wakayama_ika.pdf
診療所,30,2500827,清水内科クリニック,〒649－5142東牟婁郡那智勝浦町下里８００－２,0735-58-8051,清水寛,清水寛,内　胃　放,,平14.5.25,298_2026.7_kikanzentai_wakayama_ika.pdf
診療所,30,2500835,坂野医院,〒649－5171東牟婁郡太地町太地３０５５,0735-59-2063,坂野智洋,坂野智洋,内　消化器内科　循環器内科　外　肛門外科　リハ,19,平14.7.1,298_2026.7_kikanzentai_wakayama_ika.pdf
診療所,30,2500843,弓場皮膚科,〒649－5331東牟婁郡那智勝浦町天満１６０７－２,0735-52-0208,弓場彰,弓場彰,皮,,平15.4.1,298_2026.7_kikanzentai_wakayama_ika.pdf
診療所,30,2500850,宮本医院,〒649－5331東牟婁郡那智勝浦町天満２８３,0735-52-0010,宮本岳,宮本岳,内　消　小,,平15.5.8,298_2026.7_kikanzentai_wakayama_ika.pdf
診療所,30,2500876,榎本クリニック,〒649－4122東牟婁郡串本町西向１２２－３,0735-72-3530,榎本憲,榎本憲,内　胃　消　皮　リハ,,平15.6.2,298_2026.7_kikanzentai_wakayama_ika.pdf
診療所,30,2500892,鎌田医院,〒649－3502東牟婁郡串本町潮岬３１４３番地,0735-62-2526,鎌田俊彦,鎌田俊彦,内　放,,昭61.5.1,298_2026.7_kikanzentai_wakayama_ika.pdf
診療所,30,2501007,鎌田医院田並診療所,〒649－3515東牟婁郡串本町田並１１３４番地,0735-66-0413,鎌田俊彦,鎌田俊彦,内,,昭61.7.1,298_2026.7_kikanzentai_wakayama_ika.pdf
診療所,30,2501049,髙橋ファミリークリ,〒649－5331東牟婁郡那智勝浦町天満８００,0735-29-7385,髙橋賢,髙橋賢,内　呼内　内分泌　内,,平28.12.1,298_2026.7_kikanzentai_wakayama_ika.pdf
診療所,30,2501064,くまのこころのクリ,〒649－5331東牟婁郡那智勝浦町天満８４８－１,0735-52-1556,西山等,西山等,心内　精,,平30.8.1,298_2026.7_kikanzentai_wakayama_ika.pdf
診療所,30,2501106,うえどのクリニック,〒649－3503東牟婁郡串本町串本４０－４４,0735-65-2167,上殿泰成,上殿泰成,内　外　整外,,令8.2.1,298_2026.7_kikanzentai_wakayama_ika.pdf
診療所,30,2510057,古座川町国民健康保,〒649－4562東牟婁郡古座川町下露３７６,0735-77-0232,古座川町古座川町長大屋一成,福井智也,内　整外　神内,,昭56.8.1,298_2026.7_kikanzentai_wakayama_ika.pdf
診療所,30,2510149,那智勝浦町色川診療,〒649－5300東牟婁郡那智勝浦町大字色川１３８７の１,0735-56-0105,那智勝浦町那智勝浦町長堀順一郎,山田裕規,内,,昭38.7.1,298_2026.7_kikanzentai_wakayama_ika.pdf
診療所,30,2510248,古座川町三尾川へき,〒649－4455東牟婁郡古座川町三尾川９４４番地,0735-75-0018,古座川町古座川町長大屋一成,福井智也,内　整外,,昭57.7.1,298_2026.7_kikanzentai_wakayama_ika.pdf
病院,30,2510271,医療法人日進会日,〒649－5332東牟婁郡那智勝浦町朝日１丁目２２１番地の１,0735-52-6511,医療法人日進会理事長田口博一,田口博一,内,82,昭58.10.1,298_2026.7_kikanzentai_wakayama_ika.pdf
診療所,30,2510370,国保北山村診療所,〒647－1603東牟婁郡北山村大沼３１２,0735-49-2114,北山村北山村長泉清久,野田幸治,内,4,平7.6.1,298_2026.7_kikanzentai_wakayama_ika.pdf
診療所,30,2510388,中山医院,〒649－5312東牟婁郡那智勝浦町宇久井５５７－１３,0735-54-1181,医療法人耕仁会理事長中山耕二,中山耕二,内　呼　小,,平8.8.1,298_2026.7_kikanzentai_wakayama_ika.pdf
診療所,30,2510446,たかせ会記念診療所,〒649－4224東牟婁郡古座川町高瀬３５３,0735-72-3355,社会福祉法人高瀬会理事長切士桂,浦仁志,内　外　呼内　ア　レ　総合内科　精,,平16.4.1,298_2026.7_kikanzentai_wakayama_ika.pdf
病院,30,2510453,医療法人芳純会,〒649－3502東牟婁郡串本町潮岬４１７,0735-62-0888,医療法人芳純会理事長東芳史,東芳史,精　心内　内,178,昭50.1.1,298_2026.7_kikanzentai_wakayama_ika.pdf
診療所,30,2510479,串本リハビリテーシ,〒649－3503東牟婁郡串本町串本２５９－６,0735-62-3600,医療法人健佑会理事長中村善也,大松寛,眼,,昭58.4.1,298_2026.7_kikanzentai_wakayama_ika.pdf
診療所,30,2510487,社会福祉法人串本福,〒649－3512東牟婁郡串本町二色１６０番地,0735-62-5165,社会福祉法人串本福祉会理事長和田利文,内和司,内　精　心内,,昭62.8.1,298_2026.7_kikanzentai_wakayama_ika.pdf
診療所,30,2510495,覚前医院,〒649－3523東牟婁郡串本町和深８３８番地,0735-67-0077,医療法人覚前医院理事長覚前哲,覚前哲,内　循,,平2.8.1,298_2026.7_kikanzentai_wakayama_ika.pdf
診療所,30,2510503,医療法人杉医院,〒649－3503東牟婁郡串本町串本１９２９番地,0735-62-0153,医療法人杉医院理事長杉明,杉明,精　心内　内　神　内,,平3.7.1,298_2026.7_kikanzentai_wakayama_ika.pdf
診療所,30,2510511,覚前医院田並診療所,〒649－3515東牟婁郡串本町田並９４２番地,,医療法人覚前医院理事長覚前哲,覚前哲,内　循,,平6.4.1,298_2026.7_kikanzentai_wakayama_ika.pdf
診療所,30,2510529,けんゆうクリニック,〒649－3503東牟婁郡串本町串本１７９０,0735-62-5080,医療法人健佑会理事長中村善也,中村善也,内　消化器内科外　科　皮　乳腺外科　脳外　整外　放,,平11.11.1,298_2026.7_kikanzentai_wakayama_ika.pdf
診療所,30,2510586,クリニックルピナ,〒649－5312東牟婁郡那智勝浦町宇久井７１４－３,0735-54-2323,医療法人北斗大洋会理事長尾崎宜洋,尾崎宜洋,心内　神内　精　内,,平19.6.21,298_2026.7_kikanzentai_wakayama_ika.pdf
診療所,30,2510594,古座川町小川へき地,〒649－4216東牟婁郡古座川町小川７７４番地１,0735-79-0104,古座川町古座川町長大屋一成,岡地英紀,内,,平22.10.1,298_2026.7_kikanzentai_wakayama_ika.pdf
診療所,30,2510628,やもとクリニック,〒649－4114東牟婁郡串本町上野山１９１番地,0735-72-3388,医療法人彩の会理事長矢本秀樹,矢本秀樹,内　外　他　放,,平24.11.1,298_2026.7_kikanzentai_wakayama_ika.pdf
診療所,30,2510636,古座川町国民健康保,〒649－4223東牟婁郡古座川町川口２５４番地１,0735-67-7113,古座川町古座川町長大屋一成,岡地英紀,内　小,,平27.4.1,298_2026.7_kikanzentai_wakayama_ika.pdf
診療所,30,2510644,医療法人木下医院,〒649－5332東牟婁郡那智勝浦町朝日１丁目６０番地,0735-52-2035,医療法人木下医院理事長木下欣也,木下雄一,内　胃　外,19,平29.9.1,298_2026.7_kikanzentai_wakayama_ika.pdf
診療所,30,2510651,こしみちクリニック,〒649－3511東牟婁郡串本町鬮野川１３５６番地４,0735-67-7785,医療法人こしみち理事長越道慎一郎,越道慎一郎,脳外　内　リハ　整外,,令元.10.1,298_2026.7_kikanzentai_wakayama_ika.pdf
診療所,30,2510669,宇宙と大地のクリニ,〒649－5171東牟婁郡太地町太地１４２９番地,0735-29-1086,一般社団法人シュワン代表理事要智子・許田秀樹,野島未穂,内　心内,,令7.10.1,298_2026.7_kikanzentai_wakayama_ika.pdf
診療所,30,2510677,串本有田クリニック,〒649－3514東牟婁郡串本町有田４９９－１,0735-66-1021,医療法人健佑会理事長中村善也,飽浦淳介,眼,,令7.11.1,298_2026.7_kikanzentai_wakayama_ika.pdf
病院,30,8010060,有田市立病院,〒649－0316有田市宮崎町６番地,0737-82-2151,有田市有田市長玉木久登,加藤正哉,一般（感染）　内　小　外　ひ　産婦　眼　耳い　皮　整外　循内　脳外　救命,145,昭35.8.1,298_2026.7_kikanzentai_wakayama_ika.pdf
病院,30,8010078,和歌山県立こころの,〒643－0811有田郡有田川町庄３１,0737-52-3221,和歌山県和歌山県知事宮﨑泉,森田佳寬,精　内,300,昭35.8.1,298_2026.7_kikanzentai_wakayama_ika.pdf
病院,30,8010193,那智勝浦町立温泉病,〒649－5331東牟婁郡那智勝浦町天満１１８５番地４,0735-52-1055,那智勝浦町那智勝浦町長堀順一郎,中紀文,内　整外　リハ　小　眼　他,120,平30.4.1,298_2026.7_kikanzentai_wakayama_ika.pdf
病院,30,8010300,新宮市立医療センタ,〒647－0072,0735-31-3333,新宮市新宮市,北野陽二,,281,平17.10.1,299_2026.7_kikanzentai_wakayama_sikaheisetu.pdf
診療所,30,8030304,ー,新宮市蜂伏１８番７号,,長上田勝之,,一般（感染）　内　外　小　産婦　眼　耳い　麻　リハ　脳外　整外　ひ　形外　放　皮　歯外　脳内　腎内、循内、呼吸　器外科・心臓血管　外科　消化器内科,4,組織変更,299_2026.7_kikanzentai_wakayama_sikaheisetu.pdf
病院,30,8010367,海南医療センター,〒642－0002海南市日方１５２２番地１,073-482-4521,海南市海南市長神出政巳,前北隆雄,内科（腎、循、消　、肝、血、糖、リ　、膠原、内視）　外科（消化器、乳　腺、肛門、内視鏡　）　整外　小　ひ　婦　眼　耳い　皮　麻　リハ　放　病理　臨床　脳　外　呼内,146,平25.3.1,298_2026.7_kikanzentai_wakayama_ika.pdf
病院,30,8010383,橋本市民病院,〒648－0005橋本市小峰台二丁目８番地の１,0736-37-1200,橋本市橋本市長平木哲朗,古川健一,内　循内　消内　代謝内　腫瘍内　血液内　小　外　整外　脳外　皮　ひ　産婦　耳い　眼　歯外　リハ　放　麻　呼外　呼　内　心外　病理　乳外　救命　リウ　マチ・膠原病,300,平18.3.1,299_2026.7_kikanzentai_wakayama_sikaheisetu.pdf
病院,30,8010391,和歌山県立医科大学,〒649－7113伊都郡かつらぎ町妙寺２１９,0736-22-0066,公立大学法人和歌山県立医科大学理事長中尾直之,岡田由香,一般（感染）　内　脳内　循内　小　外　整外　脳　外　眼　リハ　麻　皮　リウマチ・　膠原病科　耳い　頭頸部外科,84,平18.4.1,298_2026.7_kikanzentai_wakayama_ika.pdf
診療所,30,8010417,高野町立高野山総合,〒648－0211伊都郡高野町高野山６３１番地,0736-56-2911,高野町高野町長平野嘉也,田中瑛一朗,内　外　眼　小,2,平24.4.1,298_2026.7_kikanzentai_wakayama_ika.pdf
病院,30,8010607,くしもと町立病院,〒649－3510東牟婁郡串本町サンゴ台６９１番地７,0735-62-7111,串本町串本町長田嶋勝正,阪本繁,内　外　整形リハ　ビリテーション科　婦　小　眼　耳　い　ひ,110,平23.11.1,298_2026.7_kikanzentai_wakayama_ika.pdf
診療所,30,8012785,和歌山県立医科大学,〒641－0012,073-447-2300,公立大学法人,西村好晴,特定機能,,平18.4.1,299_2026.7_kikanzentai_wakayama_sikaheisetu.pdf
病院,30,8032789,附属病院,和歌山市紀三井寺８１１番地１,,和歌山県立医科大学理事長中尾直之,,糖・内分泌・代内　消内　呼内・腫　瘍内　循内　神精　脳内　小　心外　脳外　整外　形　外　ひ　眼　皮　歯外　放　リハ　麻　病理　呼外・　乳外　消・内分泌　・小外　産・婦　血内　腎内（人　透）　リウ・膠原　病内科　耳い・頭　頸部外　救命,800,組織変更,299_2026.7_kikanzentai_wakayama_sikaheisetu.pdf
診療所,30,8013056,和歌山県立医科大学,〒640－8033和歌山市本町二丁目１番地フォルテワジマビル５Ｆ,073-488-1930,公立大学法人和歌山県立医科大学理事長中尾直之,坂野元彦,糖尿病内　循内　漢方内　老年内　リウ　リハ　内　脳内　心外,,平21.8.1,298_2026.7_kikanzentai_wakayama_ika.pdf
病院,30,8210124,日本赤十字社和歌,〒640－8269,073-422-4171,日本赤十字社,山下幸孝,地域支援,692,昭35.8.1,299_2026.7_kikanzentai_wakayama_sikaheisetu.pdf
診療所,30,8230128,山医療センター,和歌山市小松原通４丁目２０番地,,社長清家篤,,一般（感染）　循内　消内　糖尿　病・内分泌　漢方　内　小外　眼　耳　い　産婦　小　ひ　皮　整外　歯外　呼内　脳外　麻　リハ　脳内　精　形外　呼外　心　内　リウ　心外　病理　救命　血液　内　腎内　感染症　内　緩和ケア内　腫瘍内　乳外　消　外　頭頸部外　放　射線治療　放射線　診断,8,,299_2026.7_kikanzentai_wakayama_sikaheisetu.pdf
病院,30,8210173,紀南こころの医療セ,〒646－0015田辺市たきない町２５－１,0739-22-2080,公立紀南病院組合管理者真砂充敏,糸川秀彰,精　神,198,昭59.5.1,298_2026.7_kikanzentai_wakayama_ika.pdf
病院,30,8210595,紀南病院,〒646－8588田辺市新庄町４６番地７０,0739-22-5000,公立紀南病院組合管理者真砂充敏,榊雅之,一般（感染）　内　呼　消　循　小　外　整外　脳　外　呼外　心外　小外　皮　ひ　産　婦　眼　耳い　リ　ハ　放　麻　形外　脳内　病理　歯　外　腎臓内科　血　液内科,356,平17.5.1,299_2026.7_kikanzentai_wakayama_sikaheisetu.pdf
病院,30,8310007,独立行政法人国立病,〒644－0044,0738-22-3256,独立行政法人,南方良章,,245,昭35.7.1,299_2026.7_kikanzentai_wakayama_sikaheisetu.pdf
診療所,30,8330001,院機構和歌山病院,日高郡美浜町和田１１３８,,国立病院機構理事長新木一弘,,内　脳内　呼内　小　外　呼外　リ　ハ　放　歯　心外　循内　皮,15,,299_2026.7_kikanzentai_wakayama_sikaheisetu.pdf
病院,30,8410377,独立行政法人国立病,〒646－0015,0739-26-7050,独立行政法人国,橋爪俊和,地域支援,316,平4.7.1,299_2026.7_kikanzentai_wakayama_sikaheisetu.pdf
診療所,30,8430371,院機構南和歌山医療,田辺市たきない町２７－１,,立病院機構理事長新木一弘,,内　精　呼　消　循　小　外　整外　脳外　皮　ひ　産婦　眼　耳い　リハ　放　麻　歯　外　呼外　形外　病理　救命　胸部　・心臓血管外　乳　腺外　腫瘍内,,,299_2026.7_kikanzentai_wakayama_sikaheisetu.pdf
歯科,30,0101657,永井歯科医院,〒641－0045和歌山市堀止西１丁目２番２号,073-436-3424,永井康雅,永井康雅,歯,,昭45.10.1,300_2026.7_kikanzentai_wakayama_sika.pdf
歯科,30,0101814,東海歯科医院,〒640－8392和歌山市中之島２０４８,073-433-2758,東海寛,東海寛,歯,,昭47.6.1,300_2026.7_kikanzentai_wakayama_sika.pdf
歯科,30,0101988,谷口歯科医院,〒640－8159和歌山市十一番丁８－１京橋ビル３階１部,073-431-5859,谷口博昭,谷口博昭,歯,,昭50.1.1,300_2026.7_kikanzentai_wakayama_sika.pdf
歯科,30,0102010,松谷歯科医院,〒640－8343和歌山市吉田３２３番地メゾンドール和歌山３０１号,073-431-9870,松谷哲博,松谷哲博,歯,,昭50.7.1,300_2026.7_kikanzentai_wakayama_sika.pdf
歯科,30,0102150,伊東歯科医院,〒641－0034和歌山市新高町５番１４号,073-444-6666,伊東正八,伊東正八,歯,,昭52.7.1,300_2026.7_kikanzentai_wakayama_sika.pdf
歯科,30,0102168,伊東歯科医院,〒641－0051和歌山市西高松２丁目５番９号,073-444-0813,伊東久雄,伊東久雄,歯,,昭52.7.1,300_2026.7_kikanzentai_wakayama_sika.pdf
歯科,30,0102218,中西歯科医院,〒640－8323和歌山市太田一丁目１番２９号,073-473-0876,中西英晶,中西英晶,歯,,昭53.5.1,300_2026.7_kikanzentai_wakayama_sika.pdf
歯科,30,0102275,谷歯科クリニック,〒641－0051和歌山市西高松１－３－７,073-436-3585,谷和子,谷和子,歯,,昭53.9.1,300_2026.7_kikanzentai_wakayama_sika.pdf
歯科,30,0102291,小林歯科医院,〒640－8435和歌山市古屋４１９,073-453-4182,小林茂樹,小林茂樹,歯　小歯,,昭53.12.1,300_2026.7_kikanzentai_wakayama_sika.pdf
歯科,30,0102457,園部歯科,〒640－8483和歌山市園部１４５８,073-462-1182,木村清次,木村清次,歯,,昭54.11.1,300_2026.7_kikanzentai_wakayama_sika.pdf
歯科,30,0102465,向林歯科医院,〒641－0034和歌山市新高町４番１０号,073-444-8848,向林元,向林元,歯,,昭54.12.1,300_2026.7_kikanzentai_wakayama_sika.pdf
歯科,30,0102523,貴志歯科医院,〒640－8482和歌山市六十谷２２０－４,073-462-2500,貴志広信,貴志広信,歯,,昭55.4.1,300_2026.7_kikanzentai_wakayama_sika.pdf
歯科,30,0102564,山下歯科医院,〒641－0011和歌山市三葛１０２－１,073-445-8148,山下栄三,山下栄三,歯,,昭55.8.1,300_2026.7_kikanzentai_wakayama_sika.pdf
歯科,30,0102572,澤本歯科医院,〒640－8412和歌山市狐島３０８－２,073-453-6688,澤本正巳,澤本正巳,歯,,昭55.9.1,300_2026.7_kikanzentai_wakayama_sika.pdf
歯科,30,0102598,たけうち歯科医院,〒641－0008和歌山市北中島１丁目３３番地,073-426-1919,竹内大策,竹内大策,歯,,昭55.10.1,300_2026.7_kikanzentai_wakayama_sika.pdf
歯科,30,0102630,平歯科医院,〒640－8113和歌山市広瀬通丁三丁目４０番地,073-422-3012,平平治,平平治,歯,,昭55.12.1,300_2026.7_kikanzentai_wakayama_sika.pdf
歯科,30,0102648,楠山歯科医院,〒640－8151和歌山市屋形町５丁目１８,073-423-4020,楠山彰一,楠山彰一,歯,,昭56.1.1,300_2026.7_kikanzentai_wakayama_sika.pdf
歯科,30,0102689,南出歯科医院,〒640－0343和歌山市江南２３１番地の５,073-479-2166,南出仁司,南出仁司,歯,,昭56.5.1,300_2026.7_kikanzentai_wakayama_sika.pdf
歯科,30,0102697,谷口歯科医院,〒640－0351和歌山市吉礼６４－５番地,073-478-1919,谷口雅彦,谷口雅彦,歯,,昭56.5.1,300_2026.7_kikanzentai_wakayama_sika.pdf
歯科,30,0102770,宮本歯科,〒640－8317和歌山市北出島４６,073-472-6400,宮本清,宮本清,歯,,昭57.4.1,300_2026.7_kikanzentai_wakayama_sika.pdf
歯科,30,0102804,南海歯科医院,〒640－8323和歌山市太田１１５－４,073-473-6123,高誠,高誠,歯　歯外　小歯,,昭57.5.1,300_2026.7_kikanzentai_wakayama_sika.pdf
歯科,30,0102861,白川歯科医院,〒649－6313和歌山市楠本１番地,073-461-6841,白川博通,白川博通,歯,,昭57.10.1,300_2026.7_kikanzentai_wakayama_sika.pdf
歯科,30,0102945,中本歯科医院,〒640－8342和歌山市友田町４丁目９６番地,073-423-2155,中本信和,中本信和,歯,,昭58.12.1,300_2026.7_kikanzentai_wakayama_sika.pdf
歯科,30,0102986,岡歯科医院,〒649－6321和歌山市布施屋１１１－１,073-477-3076,岡欣也,岡欣也,歯,,昭59.4.1,300_2026.7_kikanzentai_wakayama_sika.pdf
歯科,30,0103000,さわもと歯科医院,〒640－8402和歌山市野崎２３１,073-453-3366,澤本和俊,澤本和俊,歯,,昭59.5.1,300_2026.7_kikanzentai_wakayama_sika.pdf
歯科,30,0103018,山下歯科診療所,〒641－0021和歌山市和歌浦東２丁目１－６６,073-447-3323,山下功,山下功,歯　小歯,,昭59.6.1,300_2026.7_kikanzentai_wakayama_sika.pdf
歯科,30,0103026,豊田歯科医院,〒641－0036和歌山市西浜８９１－１３,073-447-3232,豊田博茂,豊田博茂,歯　矯歯　小歯,,昭59.6.1,300_2026.7_kikanzentai_wakayama_sika.pdf
歯科,30,0103042,内藤歯科,〒640－8203和歌山市東蔵前丁４番地市駅前ファーストビル３Ｆ,073-428-1200,内藤一成,内藤一成,歯,,昭59.6.1,300_2026.7_kikanzentai_wakayama_sika.pdf
歯科,30,0103059,神田歯科医院,〒640－8273和歌山市葵町４番２６号,073-425-4182,神田順司,神田順司,歯　小歯,,昭59.7.1,300_2026.7_kikanzentai_wakayama_sika.pdf
歯科,30,0103075,紀三井寺歯科,〒641－0012和歌山市紀三井寺７４９番地３,073-445-4000,中西正幸,中西正幸,歯,,昭59.11.1,300_2026.7_kikanzentai_wakayama_sika.pdf
歯科,30,0103091,上野山歯科,〒640－8314和歌山市神前３７－６５,073-472-7707,上野山明史,上野山明史,歯,,昭59.12.1,300_2026.7_kikanzentai_wakayama_sika.pdf
歯科,30,0103109,松本歯科医院,〒640－8305和歌山市栗栖１１０４－１,073-473-6202,松本晴仁,松本晴仁,歯　矯歯　小歯,,昭60.1.1,300_2026.7_kikanzentai_wakayama_sika.pdf
歯科,30,0103117,岩井歯科,〒640－8483和歌山市園部９６６－３,073-462-4664,岩井正人,岩井正人,歯　矯歯　小歯,,昭60.2.1,300_2026.7_kikanzentai_wakayama_sika.pdf
歯科,30,0103158,広井歯科医院,〒640－8443和歌山市延時１４７－１３グランドビル２Ｆ,073-455-2875,廣井哲夫,廣井哲夫,歯,,昭60.5.1,300_2026.7_kikanzentai_wakayama_sika.pdf
歯科,30,0103232,佐武歯科医院,〒641－0013和歌山市内原字下浜９３７－２５,073-445-2111,佐武茂孝,佐武茂孝,歯　小歯,,昭60.11.1,300_2026.7_kikanzentai_wakayama_sika.pdf
歯科,30,0103299,藤原歯科医院,〒640－8017和歌山市北新戎ノ丁２５蒼苑ビル２Ｆ,073-432-4618,藤原修志,藤原修志,歯,,昭61.4.1,300_2026.7_kikanzentai_wakayama_sika.pdf
歯科,30,0103307,アリマ歯科医院,〒641－0051和歌山市西高松２丁目１５－７,073-445-2888,有馬久豊,有馬久豊,歯,,昭61.4.1,300_2026.7_kikanzentai_wakayama_sika.pdf
歯科,30,0103315,和中歯科,〒641－0024和歌山市和歌浦西１丁目７－１,073-444-8811,和中美喜夫,和中美喜夫,歯,,昭61.5.1,300_2026.7_kikanzentai_wakayama_sika.pdf
歯科,30,0103364,山崎歯科医院,〒640－8483和歌山市園部１５８１－２３,073-461-0017,山崎直,山崎直,歯,,昭61.8.1,300_2026.7_kikanzentai_wakayama_sika.pdf
歯科,30,0103380,玉置歯科医院,〒640－8241和歌山市雑賀屋町東ノ丁２１,073-422-3866,玉置敬一,玉置敬一,歯　小歯　矯歯　歯外,,昭61.8.1,300_2026.7_kikanzentai_wakayama_sika.pdf
歯科,30,0103422,小谷歯科医院,〒649－6332和歌山市宇田森１８－４,073-462-2334,小谷雅生,小谷雅生,歯,,昭62.4.1,300_2026.7_kikanzentai_wakayama_sika.pdf
歯科,30,0103448,福田歯科医院,〒641－0021和歌山市和歌浦東２丁目７－１６,073-445-6480,福田成次,福田成次,歯　小歯,,昭62.5.1,300_2026.7_kikanzentai_wakayama_sika.pdf
歯科,30,0103547,マルヤマ歯科,〒640－8287和歌山市築港一丁目１６の３,073-433-0648,丸山博史,丸山博史,歯,,昭64.1.1,300_2026.7_kikanzentai_wakayama_sika.pdf
歯科,30,0103554,つえむら歯科,〒640－8412和歌山市狐島字長畑３８２－５,073-453-5654,杖村賢一,杖村賢一,歯,,昭64.1.1,300_2026.7_kikanzentai_wakayama_sika.pdf
歯科,30,0103588,青島歯科,〒640－8341和歌山市黒田２５３メゾン葵,073-474-4884,青島潔,青島潔,歯,,平元.5.1,300_2026.7_kikanzentai_wakayama_sika.pdf
歯科,30,0103620,明楽歯科医院,〒649－6272和歌山市大垣内６９０－７,073-477-2661,明楽修身,明楽修身,歯　矯歯　小歯,,平元.9.1,300_2026.7_kikanzentai_wakayama_sika.pdf
歯科,30,0103646,滝本歯科医院,〒641－0014和歌山市毛見６０,073-444-2001,瀧本平和,瀧本平和,歯,,平元.9.1,300_2026.7_kikanzentai_wakayama_sika.pdf
歯科,30,0103703,山西歯科医院,〒640－8463和歌山市楠見中字大堀３３－６,073-454-2345,山西敏晃,山西敏晃,歯　小歯,,平2.4.1,300_2026.7_kikanzentai_wakayama_sika.pdf
歯科,30,0103729,田井歯科医院,〒640－0353和歌山市馬場６５－４,073-479-3301,田井弘文,田井弘文,歯,,平2.5.1,300_2026.7_kikanzentai_wakayama_sika.pdf
歯科,30,0103745,神人歯科医院,〒640－8392和歌山市中之島２２８２,073-431-8755,神人勲,神人勲,歯,,平2.6.1,300_2026.7_kikanzentai_wakayama_sika.pdf
歯科,30,0103794,やの歯科,〒640－8392和歌山市中之島２９４－１,073-474-8878,矢野和巳,矢野和巳,歯　矯歯,,平3.3.1,300_2026.7_kikanzentai_wakayama_sika.pdf
歯科,30,0103802,谷口歯科医院,〒649－6331和歌山市北野４４２,073-461-0400,谷口典生,谷口典生,歯　小歯,,平3.3.1,300_2026.7_kikanzentai_wakayama_sika.pdf
歯科,30,0103810,岩尾歯科,〒640－8483和歌山市園部８８８－７,073-462-0418,岩尾徹,岩尾徹,歯　矯歯　小歯,,平3.3.1,300_2026.7_kikanzentai_wakayama_sika.pdf
歯科,30,0103885,酒井歯科,〒640－8317和歌山市北出島１４８番地,073-475-0303,酒井達司,酒井達司,歯　小歯,,平3.11.1,300_2026.7_kikanzentai_wakayama_sika.pdf
歯科,30,0103893,川崎歯科,〒640－8035和歌山市万町４,073-428-1002,川﨑博史,川﨑博史,歯,,平3.12.1,300_2026.7_kikanzentai_wakayama_sika.pdf
歯科,30,0103968,長谷川歯科医院,〒640－8344和歌山市納定３８,073-474-9604,長谷川新,長谷川新,歯　小歯,,平4.5.1,300_2026.7_kikanzentai_wakayama_sika.pdf
歯科,30,0104024,りく歯科医院,〒640－8323和歌山市太田３－９－１９メゾン・ド・ルー１Ｆ,073-474-3718,陸龍雄,陸龍雄,歯　小歯　矯歯,,平5.3.1,300_2026.7_kikanzentai_wakayama_sika.pdf
歯科,30,0104032,湯川歯科医院,〒640－0112和歌山市西庄２５９－７,073-454-6066,湯川昇昭,湯川昇昭,歯,,平5.5.1,300_2026.7_kikanzentai_wakayama_sika.pdf
歯科,30,0104040,つつみ歯科医院,〒640－8433和歌山市中野３１－１和歌山パームシティ３０２号,073-456-2222,堤康隆,堤康隆,歯　小歯,,平5.12.1,300_2026.7_kikanzentai_wakayama_sika.pdf
歯科,30,0104057,井関歯科医院,〒640－8329和歌山市田中町４丁目１１８,073-422-3588,井関繁,井関繁,歯,,平6.1.1,300_2026.7_kikanzentai_wakayama_sika.pdf
歯科,30,0104081,岡本歯科医院,〒640－8403和歌山市北島３８－１４,073-452-5935,岡本義隆,岡本義隆,歯,,平6.5.1,300_2026.7_kikanzentai_wakayama_sika.pdf
歯科,30,0104123,戸村歯科医院,〒640－8265和歌山市小松原５－２－２６,073-426-2888,戸村善明,戸村善明,歯,,平6.10.1,300_2026.7_kikanzentai_wakayama_sika.pdf
歯科,30,0104149,歯科やまにし,〒641－0054和歌山市塩屋４丁目５－２２,073-445-8254,山西浩平,山西浩平,歯　小歯,,平6.12.1,300_2026.7_kikanzentai_wakayama_sika.pdf
歯科,30,0104156,にしじま歯科,〒640－8434和歌山市榎原２７２－２３,073-454-8148,西島典幸,西島典幸,歯　小歯　歯外,,平7.2.1,300_2026.7_kikanzentai_wakayama_sika.pdf
歯科,30,0104164,研司歯科クリニック,〒640－8323和歌山市太田６５－１１,073-471-0114,宮本研司,宮本研司,歯　小歯,,平7.2.1,300_2026.7_kikanzentai_wakayama_sika.pdf
歯科,30,0104172,熱田歯科室,〒640－8159和歌山市十一番丁４４,073-432-8444,熱田善久,熱田善久,歯,,平7.3.1,300_2026.7_kikanzentai_wakayama_sika.pdf
歯科,30,0104180,森本歯科医院,〒640－0103和歌山市加太１１９４番地,073-459-1843,森本秀,森本秀,歯,,平7.4.1,300_2026.7_kikanzentai_wakayama_sika.pdf
歯科,30,0104198,公園前中山歯科,〒640－8154和歌山市六番丁４３ハピネス六番丁ビル３階,073-427-6234,中山浩之,中山浩之,歯,,平7.6.1,300_2026.7_kikanzentai_wakayama_sika.pdf
歯科,30,0104206,もりおか歯科,〒641－0005和歌山市田尻１２４－５,073-475-1477,森岡康人,森岡康人,歯　小歯,,平7.7.1,300_2026.7_kikanzentai_wakayama_sika.pdf
歯科,30,0104214,岩端歯科医院,〒641－0007和歌山市小雑賀６９６番地の５,073-427-1125,岩端秀幸,岩端秀幸,歯,,平7.10.1,300_2026.7_kikanzentai_wakayama_sika.pdf
歯科,30,0104230,いずみ歯科,〒640－8303和歌山市鳴神１０５番地,073-474-9110,小泉太郎,小泉太郎,歯　小歯　歯外,,平7.11.1,300_2026.7_kikanzentai_wakayama_sika.pdf
歯科,30,0104248,四ケ郷土橋Ｋ歯科医,〒640－8391和歌山市加納３３５－４３,073-472-7306,土橋啓一,土橋啓一,歯　矯歯　小歯,,平8.4.1,300_2026.7_kikanzentai_wakayama_sika.pdf
歯科,30,0104255,つちはし歯科,〒640－8463和歌山市楠見中２０１－７,073-456-1177,土橋学,土橋学,歯　矯歯,,平8.5.1,300_2026.7_kikanzentai_wakayama_sika.pdf
歯科,30,0104289,ヒロデンタルクリニ,〒640－8404和歌山市湊４丁目９－２９,073-451-9943,花本文博,花本文博,歯,,平9.4.1,300_2026.7_kikanzentai_wakayama_sika.pdf
歯科,30,0104297,さのデンタルクリニ,〒640－8142和歌山市三番丁２,073-433-0790,佐野善啓,佐野善啓,歯　矯歯　小歯　歯外,,平9.6.1,300_2026.7_kikanzentai_wakayama_sika.pdf
歯科,30,0104305,中之島デンタルクリ,〒640－8392和歌山市中之島１４８７,073-433-1118,神木茂樹,神木茂樹,歯　歯外,,平9.6.1,300_2026.7_kikanzentai_wakayama_sika.pdf
歯科,30,0104347,大平歯科医院,〒640－8150和歌山市十三番丁４,073-433-3710,大平洋和,大平洋和,歯,,平10.4.1,300_2026.7_kikanzentai_wakayama_sika.pdf
歯科,30,0104354,原田歯科医院,〒640－8392和歌山市中之島２３３７,073-428-6788,原田昌和,原田昌和,歯　歯外,,平10.4.1,300_2026.7_kikanzentai_wakayama_sika.pdf
歯科,30,0104362,太田矯正歯科クリニ,〒640－8033和歌山市本町２丁目２７松屋ビル３Ｆ,073-426-1182,太田安彦,太田安彦,矯歯,,平10.7.1,300_2026.7_kikanzentai_wakayama_sika.pdf
歯科,30,0104370,橋本歯科医院,〒649－6314和歌山市島２３３－３,073-464-2566,橋本正人,橋本正人,歯　矯歯　小歯,,平10.10.1,300_2026.7_kikanzentai_wakayama_sika.pdf
歯科,30,0104388,みやお歯科医院,〒649－6331和歌山市北野１５４－５,073-462-6644,宮尾治樹,宮尾治樹,歯　矯歯　小歯,,平10.10.1,300_2026.7_kikanzentai_wakayama_sika.pdf
歯科,30,0104438,井関歯科医院,〒640－8374和歌山市数寄屋丁１６,073-431-9693,井關慶,井關慶,歯,,平11.6.1,300_2026.7_kikanzentai_wakayama_sika.pdf
歯科,30,0104495,松本歯科診療所,〒641－0008和歌山市北中島１ー５ー１クリニックビルりゅうじん２Ｆ,073-421-6480,松本啓希,松本啓希,歯　小歯　歯外,,平12.4.1,300_2026.7_kikanzentai_wakayama_sika.pdf
歯科,30,0104503,スマイル歯科,〒640－8286和歌山市湊御殿２－３－３７,073-421-8750,井上守之,井上守之,歯　小歯,,平12.5.1,300_2026.7_kikanzentai_wakayama_sika.pdf
歯科,30,0104529,元寺町いわはし歯科,〒640－8024和歌山市元寺町５丁目５３,073-423-0960,岩橋正典,岩橋正典,歯　小歯　歯外　矯歯,,平12.5.1,300_2026.7_kikanzentai_wakayama_sika.pdf
歯科,30,0104537,竹内歯科クリニック,〒640－8157和歌山市八番丁一番地,073-423-5060,竹内義和,竹内義和,歯　小歯　歯外,,平12.9.1,300_2026.7_kikanzentai_wakayama_sika.pdf
歯科,30,0104545,前岡歯科医院,〒640－8390和歌山市有本２３２番地の８,073-431-4453,前岡正人,前岡正人,歯,,平12.10.1,300_2026.7_kikanzentai_wakayama_sika.pdf
歯科,30,0104552,ふくにし歯科医院,〒641－0036和歌山市西浜１００２－１６,073-448-5900,福西計,福西計,歯　矯歯　小歯,,平12.11.1,300_2026.7_kikanzentai_wakayama_sika.pdf
歯科,30,0104560,グリーン歯科,〒640－0112和歌山市西庄８６ー５,073-480-4428,山西章仁,山西章仁,歯　矯歯　小歯,,平13.4.1,300_2026.7_kikanzentai_wakayama_sika.pdf
歯科,30,0104578,おおまゑ歯科,〒640－8331和歌山市美園町５丁目１１ー１５,073-426-1374,大前忠起,大前忠起,歯　小歯,,平13.4.1,300_2026.7_kikanzentai_wakayama_sika.pdf
歯科,30,0104586,髙塚歯科医院,〒640－8262和歌山市湊通丁北３丁目７番地,073-436-4182,髙塚努,髙塚努,歯,,平14.1.7,300_2026.7_kikanzentai_wakayama_sika.pdf
歯科,30,0104594,藤井歯科医院,〒641－0006和歌山市中島２８８－２,073-422-0277,藤井健三,藤井健三,歯　矯歯　小歯,,平14.4.1,300_2026.7_kikanzentai_wakayama_sika.pdf
歯科,30,0104602,はやし歯科医院,〒640－8331和歌山市美園町４丁目６９－８林ビル１、２Ｆ,073-424-6000,林宏徳,林宏徳,歯　小歯　歯外,,平14.10.4,300_2026.7_kikanzentai_wakayama_sika.pdf
歯科,30,0104636,梅本歯科医院,〒640－8136和歌山市堀止東１－２－２９,073-426-0118,梅本教正,梅本教正,歯　矯歯　小歯,,平15.5.1,300_2026.7_kikanzentai_wakayama_sika.pdf
歯科,30,0104651,藤野歯科医院,〒649－6321和歌山市布施屋５９０－１,073-477-0100,藤野順三,藤野順三,歯　小歯,,平16.4.5,300_2026.7_kikanzentai_wakayama_sika.pdf
歯科,30,0104669,やまにし矯正歯科,〒641－0052和歌山市東高松２丁目１－２３,073-423-4618,山西敦子,山西敦子,矯歯,,平16.4.1,300_2026.7_kikanzentai_wakayama_sika.pdf
歯科,30,0104685,水島歯科医院,〒640－8151和歌山市屋形町３－４３,073-422-0504,水島恒尚,水島恒尚,歯　矯歯　小歯,,平16.6.1,300_2026.7_kikanzentai_wakayama_sika.pdf
歯科,30,0104701,むろたに歯科,〒640－8341和歌山市黒田１７３－３,073-414-8866,室谷佳宏,室谷佳宏,歯　小歯,,平16.10.1,300_2026.7_kikanzentai_wakayama_sika.pdf
歯科,30,0104727,戸村矯正歯科クリニ,〒640－8211和歌山市西布経丁１丁目１,073-424-1148,戸村博臣,戸村博臣,矯歯,,平17.3.22,300_2026.7_kikanzentai_wakayama_sika.pdf
歯科,30,0104735,神野歯科医院,〒640－8392和歌山市中之島字上嶋３５６番２０,073-472-0128,神野洋吏,神野洋吏,歯　矯歯　小歯　歯外,,平17.8.16,300_2026.7_kikanzentai_wakayama_sika.pdf
歯科,30,0104743,シカゴ歯科クリニッ,〒640－8391和歌山市加納２０２－１,073-475-8881,金臣吾,金臣吾,歯　小歯　歯外,,平17.11.1,300_2026.7_kikanzentai_wakayama_sika.pdf
歯科,30,0104750,秋月歯科医院,〒640－8314和歌山市神前５３４－１,073-471-1441,秋月志朗,秋月志朗,歯　小歯,,平17.10.27,300_2026.7_kikanzentai_wakayama_sika.pdf
歯科,30,0104768,太田歯科医院,〒640－8336和歌山市柳丁４８番地,073-424-2627,太田泰寬,太田泰寬,歯,,平18.5.1,300_2026.7_kikanzentai_wakayama_sika.pdf
歯科,30,0104776,なかにし歯科医院,〒649－6339和歌山市弘西１２６２－３,073-462-4824,中西康裕,中西康裕,歯　小歯　歯外,,平18.5.6,300_2026.7_kikanzentai_wakayama_sika.pdf
歯科,30,0104792,上西歯科医院,〒640－8251和歌山市南中間町８１,073-422-6466,上西研二,上西研二,歯　歯外,,平18.12.20,300_2026.7_kikanzentai_wakayama_sika.pdf
歯科,30,0104800,西村歯科医院,〒641－0051和歌山市西高松１丁目１３－１４,073-433-8484,西村雅夫,西村雅夫,歯,,平19.5.1,300_2026.7_kikanzentai_wakayama_sika.pdf
歯科,30,0104818,岩橋歯科医院,〒640－8327和歌山市橋向丁３９,073-422-4549,岩橋慎也,岩橋慎也,歯　矯歯　小歯,,平19.7.2,300_2026.7_kikanzentai_wakayama_sika.pdf
歯科,30,0104826,千代歯科,〒640－8425和歌山市松江北４－７－２０,073-451-6666,中谷千代,中谷千代,歯　小歯,,平19.10.1,300_2026.7_kikanzentai_wakayama_sika.pdf
歯科,30,0104842,にし歯科クリニック,〒640－8431和歌山市向６－９,073-452-2424,西洋希,西洋希,歯　小歯,,平20.11.1,300_2026.7_kikanzentai_wakayama_sika.pdf
歯科,30,0104859,たけ歯科クリニック,〒640－8341和歌山市黒田１－４－２松浦ビル１Ｆ,073-473-8470,竹北耕史,竹北耕史,歯　矯歯　小歯　歯外,,平21.2.2,300_2026.7_kikanzentai_wakayama_sika.pdf
歯科,30,0104867,藤田歯科医院,〒640－8425和歌山市松江北二丁目２０－１５,073-455-2089,藤田智宏,藤田智宏,歯　小歯　歯外,,平21.1.1,300_2026.7_kikanzentai_wakayama_sika.pdf
歯科,30,0104875,田中ハタ歯科,〒641－0041和歌山市堀止南ノ丁２－３３,073-422-5483,田中久,田中久,歯,,平21.1.1,300_2026.7_kikanzentai_wakayama_sika.pdf
歯科,30,0104883,まえだ歯科,〒640－8027和歌山市米屋町１０,073-431-5712,前田拓哉,前田拓哉,歯　矯歯　小歯　歯外,,平21.4.1,300_2026.7_kikanzentai_wakayama_sika.pdf
歯科,30,0104925,おぐり歯科クリニッ,〒649－6311和歌山市里９３－１,073-461-8211,小栗正義,小栗正義,歯　矯歯　小歯　歯外,,平21.7.1,300_2026.7_kikanzentai_wakayama_sika.pdf
歯科,30,0104933,くすの木デンタルク,〒640－8125和歌山市島崎町５丁目３２－７,073-432-8011,谷口省悟,谷口省悟,歯　小歯　矯歯,,平21.11.18,300_2026.7_kikanzentai_wakayama_sika.pdf
歯科,30,0104941,佐々木デンタルクリ,〒649－6323和歌山市井ノ口３２５,073-477-3888,佐々木慶裕,佐々木慶裕,歯　小歯　矯歯　歯外,,平22.4.1,300_2026.7_kikanzentai_wakayama_sika.pdf
歯科,30,0104958,髙田歯科医院,〒640－8033和歌山市本町５丁目２３番地,073-428-2730,德田佳子,德田佳子,歯　歯外　小歯　矯歯,,平22.4.1,300_2026.7_kikanzentai_wakayama_sika.pdf
歯科,30,0104966,紀和歯科医院,〒641－0021和歌山市和歌浦東３丁目１番２１号,073-441-7018,市川博彰,市川博彰,歯　小歯　歯外,,平22.6.2,300_2026.7_kikanzentai_wakayama_sika.pdf
歯科,30,0104974,中野歯科医院,〒641－0045和歌山市堀止西１丁目９－１８,073-422-7932,堤昌男,堤昌男,歯,,平22.6.26,300_2026.7_kikanzentai_wakayama_sika.pdf
歯科,30,0104982,小西歯科クリニック,〒640－8235和歌山市東長町７丁目１２番地,073-425-6480,小西良彦,小西良彦,歯,,平22.7.18,300_2026.7_kikanzentai_wakayama_sika.pdf
歯科,30,0105005,大河内歯科医院,〒640－8216和歌山市元博労町２２,073-422-4702,大河内喜美子,大河内美子,歯,,平22.9.1,300_2026.7_kikanzentai_wakayama_sika.pdf
歯科,30,0105039,武田歯科医院,〒640－0112和歌山市西庄７７９－１,073-453-4141,武田実佳,武田実佳,歯,,平23.7.4,300_2026.7_kikanzentai_wakayama_sika.pdf
歯科,30,0105062,津守歯科クリニック,〒640－8432和歌山市土入２１－２１,073-454-7300,津守伸明,津守伸明,歯　小歯,,平24.2.1,300_2026.7_kikanzentai_wakayama_sika.pdf
歯科,30,0105070,笠原歯科医院,〒649－6264和歌山市新庄字大道端４９０番地,073-477-2222,笠原隆太郎,笠原隆太郎,歯,,平24.4.1,300_2026.7_kikanzentai_wakayama_sika.pdf
歯科,30,0105088,たかだ歯科クリニッ,〒640－8323和歌山市太田二丁目２番１７号ＨＩＲＡＴＡＳＯＵＴＨ１Ｆ,073-472-4876,髙田英一郎,髙田英一郎,歯　小歯,,平24.5.1,300_2026.7_kikanzentai_wakayama_sika.pdf
歯科,30,0105104,宇佐美歯科,〒640－8411和歌山市梶取２４４－１２,073-499-7299,宇佐美敦司,宇佐美敦司,歯　小歯　歯外,,平24.11.1,300_2026.7_kikanzentai_wakayama_sika.pdf
歯科,30,0105112,けやき歯科クリニッ,〒640－8156和歌山市七番丁２６－１ダイワロイネット２Ｆ,073-433-8020,谷直平,谷直平,歯　小歯,,平24.12.12,300_2026.7_kikanzentai_wakayama_sika.pdf
歯科,30,0105138,おがみ歯科クリニッ,〒640－8322和歌山市秋月４６８番地の８,073-471-3818,小上高輝,小上高輝,歯　小歯,,平25.3.1,300_2026.7_kikanzentai_wakayama_sika.pdf
歯科,30,0105153,藤田歯科医院,〒640－8152和歌山市十番丁１０１,073-432-1549,藤田勝宏,藤田勝宏,歯　矯歯　小歯,,平25.6.1,300_2026.7_kikanzentai_wakayama_sika.pdf
歯科,30,0105161,尾谷歯科クリニック,〒640－8401和歌山市福島６７９－５,073-453-8153,尾谷智,尾谷智,歯　小歯,,平25.6.1,300_2026.7_kikanzentai_wakayama_sika.pdf
歯科,30,0105179,藤田歯科,〒641－0007和歌山市小雑賀７１０,073-422-0919,藤田豊大,藤田豊大,歯　小歯　矯歯,,平25.7.3,300_2026.7_kikanzentai_wakayama_sika.pdf
歯科,30,0105187,かたおか歯科クリニ,〒640－8341和歌山市黒田１００－６,073-475-1803,片岡邦浩,片岡邦浩,歯,,平25.11.1,300_2026.7_kikanzentai_wakayama_sika.pdf
歯科,30,0105195,三木町歯科・内科,〒640－8151和歌山市屋形町三丁目１１番１アリスト和歌山城１０１,073-402-0011,阿河明子,阿河明子,歯　小歯　歯外　内　呼内　循内　消内　糖内,,平26.1.6,301_2026.7_kikanzentai_wakayama_ikaheisetu.pdf
歯科,30,0105203,中原歯科医院,〒640－0112和歌山市西庄３８７－１,073-494-6480,中原一彰,中原一彰,歯　小歯,,平26.2.1,300_2026.7_kikanzentai_wakayama_sika.pdf
歯科,30,0105211,高田歯科医院,〒640－8395和歌山市畑屋敷中ノ丁２８,073-431-4786,高田積,高田積,歯　矯歯　小歯　歯外,,平26.2.1,300_2026.7_kikanzentai_wakayama_sika.pdf
歯科,30,0105245,﨑山歯科医院,〒640－8371和歌山市新八百屋丁９,073-431-5083,﨑山宜英,﨑山宜英,歯　小歯　歯外,,平26.5.1,300_2026.7_kikanzentai_wakayama_sika.pdf
歯科,30,0105252,宮本歯科クリニック,〒640－8159和歌山市十一番丁３７,073-433-1417,宮本政幸,宮本政幸,歯,,平26.7.1,300_2026.7_kikanzentai_wakayama_sika.pdf
歯科,30,0105278,炭井歯科,〒641－0013和歌山市内原８１８－１６,073-447-2062,炭井俊人,炭井俊人,歯　小歯　歯外,,平27.5.29,300_2026.7_kikanzentai_wakayama_sika.pdf
歯科,30,0105286,石原歯科クリニック,〒640－8442和歌山市平井１２６－１,073-456-1234,石原健司,石原健司,歯　小歯,,平27.6.1,300_2026.7_kikanzentai_wakayama_sika.pdf
歯科,30,0105294,秋葉山デンタルオフ,〒641－0056和歌山市秋葉町３－２,073-445-1171,中元芳郎,中元芳郎,歯　矯歯,,平27.7.1,300_2026.7_kikanzentai_wakayama_sika.pdf
歯科,30,0105302,オレンジ歯科,〒640－8341和歌山市黒田１４３,073-475-8217,堀内貴洋,堀内貴洋,歯　矯歯　小歯　歯外,,平27.7.1,300_2026.7_kikanzentai_wakayama_sika.pdf
歯科,30,0105310,野村歯科医院,〒640－8227和歌山市西汀丁４４,073-431-2722,野村太作,野村太作,歯　小歯　矯歯　歯外,,平27.10.1,300_2026.7_kikanzentai_wakayama_sika.pdf
歯科,30,0105328,わだ歯科クリニック,〒641－0006和歌山市中島５７６番１,073-488-8039,和田隆史,和田隆史,歯　小歯,,平27.12.1,300_2026.7_kikanzentai_wakayama_sika.pdf
歯科,30,0105336,木下歯科医院,〒641－0051和歌山市西高松一丁目５番４７号,073-423-2170,木下敏寿,木下敏寿,歯　小歯,,平28.2.1,300_2026.7_kikanzentai_wakayama_sika.pdf
歯科,30,0105344,やぶた歯科クリニッ,〒640－8312和歌山市森小手穂６８２－１４,073-463-6618,薮田達雄,薮田達雄,歯　歯外　小歯,,平28.6.1,300_2026.7_kikanzentai_wakayama_sika.pdf
歯科,30,0105351,和歌山こまつ歯科,〒641－0002和歌山市新中島６７－１,073-488-8637,小松誉和,小松誉和,歯　歯外　小歯　矯歯,,平28.7.1,300_2026.7_kikanzentai_wakayama_sika.pdf
歯科,30,0105369,カワシマ歯科クリニ,〒640－8481和歌山市直川１－４,073-460-7085,河島規雄,河島規雄,歯　小歯　歯外,,平28.9.23,300_2026.7_kikanzentai_wakayama_sika.pdf
歯科,30,0105377,こじまデンタルクリ,〒640－8377和歌山市新堺丁２,073-433-7775,小嶋允郎,小嶋允郎,歯　小歯　矯歯,,平29.3.1,300_2026.7_kikanzentai_wakayama_sika.pdf
歯科,30,0105385,園部きらり歯科,〒640－8483和歌山市園部８６５－１,073-461-8114,河本岳樹,河本岳樹,歯　小歯　他　矯　歯,,平29.5.1,300_2026.7_kikanzentai_wakayama_sika.pdf
歯科,30,0105419,山本歯科医院,〒640－8435和歌山市古屋８６－３,073-453-4816,山本悠祐,山本悠祐,歯,,平30.1.1,300_2026.7_kikanzentai_wakayama_sika.pdf
歯科,30,0105427,おおみち歯科クリニ,〒640－8481和歌山市直川６１３－１７,073-488-8271,大道功仁夫,大道功仁夫,歯　小歯　歯外,,平30.5.1,300_2026.7_kikanzentai_wakayama_sika.pdf
歯科,30,0105435,ねごろ歯科口腔外科,〒641－0003和歌山市坂田４２２－２,073-463-5215,根来健二,根来健二,歯　歯外　小歯,,平30.7.2,300_2026.7_kikanzentai_wakayama_sika.pdf
歯科,30,0105443,ごう歯科クリニック,〒641－0004和歌山市和田１６０－３,073-479-1125,郷与志彦,郷与志彦,歯　歯外,,平30.8.18,300_2026.7_kikanzentai_wakayama_sika.pdf
歯科,30,0105450,川﨑歯科クリニック,〒640－8325和歌山市新生町２７８－３,073-431-5510,川﨑理,川﨑理,歯　歯外　小歯,,平30.10.1,300_2026.7_kikanzentai_wakayama_sika.pdf
歯科,30,0105468,山中歯科こども歯科,〒640－8464和歌山市市小路９１－６,073-452-6111,山中敦生,山中敦生,歯　小歯　歯外　矯歯,,平31.1.4,300_2026.7_kikanzentai_wakayama_sika.pdf
歯科,30,0105492,きつねじま歯科内科,〒640－8412和歌山市狐島６１５番地１６６,073-499-6600,城勝彦,城勝彦,歯,,平31.4.11,300_2026.7_kikanzentai_wakayama_sika.pdf
歯科,30,0105500,むくだい歯科医院,〒640－8314和歌山市神前３８３－２１,073-473-5550,椋代正洋,椋代正洋,歯　小歯　矯歯,,令元.5.1,300_2026.7_kikanzentai_wakayama_sika.pdf
歯科,30,0105518,木下歯科クリニック,〒641－0031和歌山市西小二里２丁目４番８７フェリキタス西浜１０１号,073-488-7943,木下和哉,木下和哉,歯　小歯,,令元.10.1,300_2026.7_kikanzentai_wakayama_sika.pdf
歯科,30,0105526,みなみで歯科クリニ,〒640－8255和歌山市舟津町３丁目１６－３,073-488-4618,南出英俊,南出英俊,歯　小歯,,令元.11.12,300_2026.7_kikanzentai_wakayama_sika.pdf
歯科,30,0105534,もり歯科クリニック,〒640－8453和歌山市木ノ本５５５－７,073-455-7020,森邦雄,森邦雄,歯　小歯　歯外,,令2.2.3,300_2026.7_kikanzentai_wakayama_sika.pdf
歯科,30,0105542,Ｍ’ｓＤｅｎｔａ,〒640－8297和歌山市西河岸町９９,073-432-6656,佐武正朗,佐武正朗,歯　矯歯　小歯　歯外,,令2.4.1,300_2026.7_kikanzentai_wakayama_sika.pdf
歯科,30,0105583,ゆあさ歯科クリニッ,〒640－8135和歌山市鷹匠町２丁目６０,073-488-4879,湯浅由崇,湯浅由崇,歯　歯外　小歯,,令3.4.1,300_2026.7_kikanzentai_wakayama_sika.pdf
歯科,30,0105609,沼田歯科医院,〒641－0013和歌山市内原９９６番地１,073-445-0418,沼田吾,沼田吾,歯,,令3.7.1,300_2026.7_kikanzentai_wakayama_sika.pdf
歯科,30,0105625,みなかた歯科クリニ,〒640－8411和歌山市梶取２３９－１,073-456-3222,南方悠佑,南方悠佑,歯科　小児歯科　歯科口腔外科　矯　正歯科,,令4.5.1,300_2026.7_kikanzentai_wakayama_sika.pdf
歯科,30,0105633,やまもと歯科,〒640－0364和歌山市口須佐１番１,073-488-9831,山本総司,山本総司,歯　小歯　歯外,,令4.9.1,300_2026.7_kikanzentai_wakayama_sika.pdf
歯科,30,0105641,フクロウのもりこど,〒641－0051和歌山市西高松２丁目７－８,073-460-0014,佐伯克彦,佐伯克彦,小歯　歯,,令5.2.1,300_2026.7_kikanzentai_wakayama_sika.pdf
歯科,30,0105658,小島ホワイト歯科ク,〒640－8441和歌山市栄谷４４７－１,073-460-5805,小島精造,小島精造,歯　小歯,,令5.7.1,300_2026.7_kikanzentai_wakayama_sika.pdf
歯科,30,0105674,藤田歯科,〒640－8403和歌山市北島４３３－１８,073-454-8008,藤田忠生,藤田忠生,歯　矯歯　小歯,,令6.2.1,300_2026.7_kikanzentai_wakayama_sika.pdf
歯科,30,0105682,和歌浦歯科クリニッ,〒641－0021和歌山市和歌浦東２ー９ー５４,073-488-3917,髙橋崇子,髙橋崇子,歯　歯外　矯歯　小歯,,令6.8.1,300_2026.7_kikanzentai_wakayama_sika.pdf
歯科,30,0105690,つちはし歯科・口腔,〒640－8341和歌山市黒田１０９－３,073-472-7755,土橋宏輝,土橋宏輝,歯　歯外　小歯,,令7.4.1,300_2026.7_kikanzentai_wakayama_sika.pdf
歯科,30,0105708,角野歯科医院,〒640－8067和歌山市一筋目７番地,073-431-4182,角野公紀,角野公紀,歯,,令7.11.1,300_2026.7_kikanzentai_wakayama_sika.pdf
歯科,30,0105716,京橋デンタルクリニ,〒640－8159和歌山市十一番丁１１番地,073-422-4618,川村勇太,川村勇太,歯　歯外　小歯　矯歯,,令8.4.1,300_2026.7_kikanzentai_wakayama_sika.pdf
歯科,30,0105724,あゆみＤｅｎｔａ,〒640－8294和歌山市北中間町８番地,073-494-4618,佐々木恭平,佐々木恭平,歯　小歯　歯外,,令8.3.1,300_2026.7_kikanzentai_wakayama_sika.pdf
歯科,30,0110062,貴志歯科医院,〒640－8451和歌山市中１５８,073-453-6480,医療法人貴志歯科医院理事長貴志武司,貴志武司,歯,,平2.7.1,300_2026.7_kikanzentai_wakayama_sika.pdf
歯科,30,0110070,医療法人野上歯科,〒640－0112和歌山市西庄３１１－１２,073-452-0118,医療法人野上歯科医院理事長野上成樹,野上成樹,歯　矯歯　小歯　歯外,,平2.12.1,300_2026.7_kikanzentai_wakayama_sika.pdf
歯科,30,0110088,医療法人孝紀会中,〒640－8024和歌山市元寺町２丁目２１番地前田ビル２階,073-432-7100,医療法人孝紀会理事長中西孝紀,中西孝紀,歯,,平5.2.1,300_2026.7_kikanzentai_wakayama_sika.pdf
歯科,30,0110112,川崎歯科医院,〒641－0052和歌山市東高松３丁目２番７号,073-445-5566,医療法人川崎歯科医院理事長川崎洋,川崎洋,歯,,平7.1.1,300_2026.7_kikanzentai_wakayama_sika.pdf
歯科,30,0110153,医療法人金尾好章,〒640－8343和歌山市吉田５３７,073-432-0500,医療法人金尾好章歯科医院理事長金尾好章,金尾好章,歯　矯歯　小歯　歯外,,平9.1.1,300_2026.7_kikanzentai_wakayama_sika.pdf
歯科,30,0110179,やました歯科医院,〒641－0002和歌山市新中島８０－９,073-472-1900,医療法人やました歯科医院理事長山下仁志,山下仁志,歯　小歯,,平9.9.1,300_2026.7_kikanzentai_wakayama_sika.pdf
歯科,30,0110187,医療法人仲河歯科,〒640－8301和歌山市岩橋２３６－３,073-473-5212,医療法人仲河歯科医院理事長仲河義仁,仲河義仁,歯　小歯,,平10.6.1,300_2026.7_kikanzentai_wakayama_sika.pdf
歯科,30,0110203,和歌山県障害児（者,〒640－8319和歌山市手平２－１－２,073-435-5190,一般社団法人和歌山県歯科医師会会長片岡邦浩,青島潔,歯,,平10.12.1,300_2026.7_kikanzentai_wakayama_sika.pdf
歯科,30,0110211,仲河歯科医院,〒649－6303和歌山市平岡２１７－１,073-462-4182,医療法人良和会理事長仲河寛治,仲河良祐,歯　小歯,,平11.3.1,300_2026.7_kikanzentai_wakayama_sika.pdf
歯科,30,0110260,医療法人雅会小畑,〒640－8425和歌山市松江北７丁目５番地１,073-455-7977,医療法人雅会小畑歯科医院理事長小畑雅彦,小畑雅彦,歯　矯歯　小歯　歯外,,平15.1.6,300_2026.7_kikanzentai_wakayama_sika.pdf
歯科,30,0110278,ほんだ歯科,〒640－8331和歌山市美園町５丁目６１ＪＲ和歌山駅ビル４階,073-425-7446,医療法人ほんだ歯科理事長本多正直,本多正直,歯　小歯　歯外,,平15.8.1,300_2026.7_kikanzentai_wakayama_sika.pdf
歯科,30,0110286,湯川歯科医院,〒640－8392和歌山市中之島６７８－１,073-433-5300,医療法人さくら歯科医院理事長湯川直彦,湯川直彦,歯　小歯,,平16.7.1,300_2026.7_kikanzentai_wakayama_sika.pdf
歯科,30,0110310,医療法人うらら会,〒640－0112和歌山市西庄字妙見４０９番１,073-454-2332,医療法人うらら会理事長中村亮介,中村亮介,歯　小歯　歯外,,平22.10.1,300_2026.7_kikanzentai_wakayama_sika.pdf
歯科,30,0110328,松平ハタ医科歯科ク,〒640－8135,073-427-8275,医療法人祥淳会,松平淳,歯　歯外　小歯,,平24.12.1,301_2026.7_kikanzentai_wakayama_ikaheisetu.pdf
歯科,30,0130320,リニック,和歌山市鷹匠町一丁目６０番地,,理事長松平淳,,矯歯　内　呼内　アレ　循内,,組織変更,301_2026.7_kikanzentai_wakayama_ikaheisetu.pdf
歯科,30,0110336,岩橋歯科医院,〒640－8106和歌山市三木町中ノ丁１,073-423-2588,医療法人秀恵会理事長岩橋秀記,岩橋秀記,歯,,平25.10.1,300_2026.7_kikanzentai_wakayama_sika.pdf
歯科,30,0110351,医療法人たんぽぽ会,〒649－6311和歌山市里２７番１－３,073-464-0051,医療法人たんぽぽ会理事長大嶋俊一,安井篤司,歯　小歯　歯外　矯歯,,平26.4.1,300_2026.7_kikanzentai_wakayama_sika.pdf
歯科,30,0110369,吉田歯科医院,〒640－8463和歌山市楠見中４７－１５,073-453-1515,医療法人スマイルぷらす理事長吉田浩幸,吉田浩幸,歯　小歯,,平27.6.1,300_2026.7_kikanzentai_wakayama_sika.pdf
歯科,30,0110377,医療法人かわさき,〒640－8454和歌山市ふじと台６番地エスタシオン４０３,073-488-5489,医療法人かわさきデンタルクリニック理事長川崎豪彦,川崎豪彦,歯　小歯　歯外,,平29.4.1,300_2026.7_kikanzentai_wakayama_sika.pdf
歯科,30,0110385,こうざき西歯科クリ,〒640－8314和歌山市神前１０５－１,073-475-6480,医療法人こうざき西歯科クリニック理事長西陽輔,西陽輔,歯　歯外　小歯　矯歯,,平30.3.1,300_2026.7_kikanzentai_wakayama_sika.pdf
歯科,30,0110393,医療法人あなはら,〒641－0015和歌山市布引５３０番地２,073-448-5580,医療法人あなはら歯科クリニック理事長穴原伸晃,穴原伸晃,歯　小歯　矯歯　歯外,,令2.4.1,300_2026.7_kikanzentai_wakayama_sika.pdf
歯科,30,0110401,医療法人ベルウェル,〒640－8442和歌山市平井字西前島１０８番地７,073-456-0007,医療法人ベルウェル理事長岡勇輝,岡勇輝,歯　小歯　矯歯　歯外,,令2.10.1,300_2026.7_kikanzentai_wakayama_sika.pdf
歯科,30,0110419,岡歯科医院,〒640－8319和歌山市手平５丁目１－１７,073-436-5377,医療法人さくら会理事長岡敬志,岡敬志,歯　小歯　矯歯,,令3.1.1,300_2026.7_kikanzentai_wakayama_sika.pdf
歯科,30,0110435,医療法人千尋会,〒640－8303和歌山市鳴神７５５－１,073-473-6340,医療法人千尋会理事長前田順昭,前田尚人,歯　小歯　矯歯　歯外,,令5.1.1,300_2026.7_kikanzentai_wakayama_sika.pdf
歯科,30,0110443,こたに歯科,〒640－8319和歌山市手平１丁目７番３１号,073-423-0769,医療法人紀真会理事長小谷隆久,小谷隆久,小歯　歯　矯歯　歯外,,令5.2.1,300_2026.7_kikanzentai_wakayama_sika.pdf
歯科,30,0110450,井口矯正歯科,〒640－8331和歌山市美園町５－１－２新橘ビル２Ｆ,073-425-7182,医療法人善和会理事長井口善隆,井口善隆,矯歯　歯,,令5.2.1,300_2026.7_kikanzentai_wakayama_sika.pdf
歯科,30,0110468,医療法人慶栄会き,〒640－8453和歌山市木ノ本３１０番地１,073-457-1000,医療法人慶栄会理事長木本栄司,木本栄司,歯外　小歯　矯歯　歯,,令5.3.1,300_2026.7_kikanzentai_wakayama_sika.pdf
歯科,30,0110476,とくつファミリー歯,〒640－8345和歌山市新在家１６３－９,073-472-1322,医療法人愛元会理事長得津悟,得津悟,歯　小歯　歯外,,令5.10.1,300_2026.7_kikanzentai_wakayama_sika.pdf
歯科,30,0110484,医療法人有真会や,〒640－0112和歌山市西庄２３５番地１４,073-454-6480,医療法人有真会理事長髙﨑真一,伊藤整,歯　小歯　矯歯　歯外,,令5.12.1,300_2026.7_kikanzentai_wakayama_sika.pdf
歯科,30,0110492,沖殿歯科医院,〒640－8220和歌山市下町１８,073-432-4669,医療法人天響会理事長沖殿正知,沖殿正知,歯　小歯　歯外,,令8.5.1,300_2026.7_kikanzentai_wakayama_sika.pdf
歯科,30,0110500,医療法人ウェルネス,〒640－8401和歌山市福島５８１番地１,073-455-9874,医療法人ウェルネス小畑歯科医院理事長小畑文也,小畑文也,歯　矯歯　小歯　歯外,,令8.6.1,300_2026.7_kikanzentai_wakayama_sika.pdf
歯科,30,1000262,多田歯科医院,〒648－0065橋本市古佐田１－６－１０,0736-32-0362,多田克己,多田克己,歯,,昭55.1.1,300_2026.7_kikanzentai_wakayama_sika.pdf
歯科,30,1000270,海堀歯科医院,〒648－0065橋本市古佐田２－３－８,0736-32-3790,海堀昭彦,海堀昭彦,歯,,昭55.8.1,300_2026.7_kikanzentai_wakayama_sika.pdf
歯科,30,1000395,つちだ歯科医院,〒648－0018橋本市隅田町垂井５５ー２,0736-32-2331,土田雅久,土田雅久,歯　小歯　歯外　矯歯,,平7.9.1,300_2026.7_kikanzentai_wakayama_sika.pdf
歯科,30,1000403,加藤歯科医院,〒648－0094橋本市三石台１丁目３－１１,0736-37-5785,加藤大太郎,加藤大太郎,歯　小歯,,平8.11.1,300_2026.7_kikanzentai_wakayama_sika.pdf
歯科,30,1000429,ほりはた歯科医院,〒648－0073橋本市市脇１丁目１－２４,0736-32-0011,堀畑幸則,堀畑幸則,歯　矯歯　小歯,,平9.4.1,300_2026.7_kikanzentai_wakayama_sika.pdf
歯科,30,1000437,森田歯科医院,〒648－0071橋本市小原田６８,0736-39-2202,森田滋子,森田滋子,歯,,平9.7.1,300_2026.7_kikanzentai_wakayama_sika.pdf
歯科,30,1000486,落合デンタルオフィ,〒648－0015橋本市隅田町河瀬７８９－１,0736-39-1166,落合茂弘,落合茂弘,歯　矯歯　小歯　歯外,,平15.2.14,300_2026.7_kikanzentai_wakayama_sika.pdf
歯科,30,1000494,下田歯科クリニック,〒648－0041橋本市清水１５９－６,0736-33-2557,下田隆志,下田隆志,歯　小歯　歯外,,平17.9.26,300_2026.7_kikanzentai_wakayama_sika.pdf
歯科,30,1000502,こじま歯科医院,〒648－0065橋本市古佐田１丁目１０００番地,0736-32-1373,小嶋一史,小嶋一史,歯,,平17.11.1,300_2026.7_kikanzentai_wakayama_sika.pdf
歯科,30,1000536,辻歯科医院,〒649－7203橋本市高野口町名古曽１２,0736-43-2481,辻正信,辻正信,歯,,昭54.7.1,300_2026.7_kikanzentai_wakayama_sika.pdf
歯科,30,1000569,喜多歯科医院,〒649－7203橋本市高野口町名古曽８０４－２,0736-42-0451,喜多義郎,喜多義郎,歯,,昭60.4.1,300_2026.7_kikanzentai_wakayama_sika.pdf
歯科,30,1000577,石川歯科医院,〒649－7202橋本市高野口町伏原１７４－１,0736-43-2843,石川哲也,石川哲也,歯,,平10.4.1,300_2026.7_kikanzentai_wakayama_sika.pdf
歯科,30,1000593,後藤歯科,〒648－0073橋本市市脇４丁目３－２７,0736-32-0547,後藤彰基,後藤彰基,歯　小歯　歯外　矯歯,,平19.1.1,300_2026.7_kikanzentai_wakayama_sika.pdf
歯科,30,1000619,隅田歯科医院,〒648－0018橋本市隅田町垂井７３番地の１,0736-32-0845,隅田素能子,隅田素能子,歯,,平19.5.1,300_2026.7_kikanzentai_wakayama_sika.pdf
歯科,30,1000627,ひまわり歯科医院,〒648－0005橋本市小峰台２丁目１２－４９,0736-34-8241,花岡政文,花岡政文,歯　小歯,,平20.4.21,300_2026.7_kikanzentai_wakayama_sika.pdf
歯科,30,1000635,いわかみ歯科医院,〒648－0016橋本市隅田町下兵庫６２６－３,0736-32-6640,岩上訓男,岩上訓男,歯　矯歯　小歯　歯外,,平20.5.12,300_2026.7_kikanzentai_wakayama_sika.pdf
歯科,30,1000650,おかだ歯科クリニッ,〒648－0073橋本市市脇１丁目４６－３,0736-39-7171,岡田隆秀,岡田隆秀,歯　小歯　歯外,,平22.6.1,300_2026.7_kikanzentai_wakayama_sika.pdf
歯科,30,1000676,はたの歯科クリニッ,〒648－0043橋本市学文路２２１,0736-26-7266,畑野修一,畑野修一,歯　小歯,,平22.9.29,300_2026.7_kikanzentai_wakayama_sika.pdf
歯科,30,1000692,川歯科医院,〒649－7203橋本市高野口町名古曽１０１９,0736-42-2464,川武志,川武志,歯,,平23.7.1,300_2026.7_kikanzentai_wakayama_sika.pdf
歯科,30,1000700,本歯科クリニック,〒649－7207橋本市高野口町大野２３５－１,0736-42-0556,辻本和弥,辻本和弥,歯　小歯　歯外,,平24.5.10,300_2026.7_kikanzentai_wakayama_sika.pdf
歯科,30,1000718,とよざわ歯科クリニ,〒648－0064橋本市橋本二丁目１５０８番地,0736-33-1800,豊澤悟,豊澤悟,歯,,平25.9.10,300_2026.7_kikanzentai_wakayama_sika.pdf
歯科,30,1000726,岩上歯科,〒648－0096橋本市御幸辻３０６－３,0736-33-1597,岩上正嗣,岩上正嗣,歯　小歯　矯歯,,平26.1.1,300_2026.7_kikanzentai_wakayama_sika.pdf
歯科,30,1000742,守内歯科医院,〒649－7205橋本市高野口町名倉６,0736-42-2214,守内一誠,守内一誠,歯　小歯　歯外,,平28.5.1,300_2026.7_kikanzentai_wakayama_sika.pdf
歯科,30,1000767,村上歯科医院,〒648－0072橋本市東家四丁目１４番８号,0736-32-0230,村上浩孝,村上浩孝,歯　歯外　矯歯　小歯,,平29.5.25,300_2026.7_kikanzentai_wakayama_sika.pdf
歯科,30,1000783,堀切歯科診療所,〒648－0096橋本市御幸辻２５１－２,0736-33-2310,堀切優,堀切優,歯,,令2.5.1,300_2026.7_kikanzentai_wakayama_sika.pdf
歯科,30,1000817,海堀歯科医院,〒648－0043橋本市学文路４１８,0736-32-0466,海堀雅義,海堀雅義,歯,,令6.2.1,300_2026.7_kikanzentai_wakayama_sika.pdf
歯科,30,1000825,さくら山本歯科,〒649－7207橋本市高野口町大野１８４４－１３３,0736-25-5418,山本晋平,山本晋平,歯　小歯　矯歯,,令8.5.1,300_2026.7_kikanzentai_wakayama_sika.pdf
歯科,30,1010022,伊都地方休日急患歯,〒648－0072橋本市東家一丁目３番１号,0736-33-1905,橋本周辺広域市町村圏組合管理者平木哲朗,内田憲二,歯,,平25.3.1,300_2026.7_kikanzentai_wakayama_sika.pdf
歯科,30,1010030,おかもと歯科クリニ,〒648－0005橋本市小峰台一丁目３３番地の１０,0736-20-1470,医療法人輝乃会理事長岡本光裕,岡本光裕,歯科　歯科口腔外　科　小児歯科　矯　正歯科,,令2.9.1,300_2026.7_kikanzentai_wakayama_sika.pdf
歯科,30,1010048,医療法人良桜会小,〒648－0085橋本市岸上５６３－１,0736-33-0866,医療法人良桜会理事長小柳良久,小柳良久,歯　矯歯,,令5.10.1,300_2026.7_kikanzentai_wakayama_sika.pdf
歯科,30,1010055,森歯科医院,〒648－0093橋本市慶賀野２８０－１森ビル１Ｆ,0736-37-4618,医療法人森歯科医院理事長森隆浩,森隆浩,歯,,令7.4.1,300_2026.7_kikanzentai_wakayama_sika.pdf
歯科,30,1100252,河野歯科,〒640－1244海草郡紀美野町福田１３６ー６,073-495-3288,河野孝,河野孝,歯,,昭56.4.1,300_2026.7_kikanzentai_wakayama_sika.pdf
歯科,30,1100260,西田歯科医院,〒640－1121海草郡紀美野町下佐々１０３５－４,073-489-5350,西田正佳,西田正佳,歯,,昭56.5.1,300_2026.7_kikanzentai_wakayama_sika.pdf
歯科,30,1300365,楠井歯科医院,〒649－7161伊都郡かつらぎ町笠田東４５７,0736-22-1011,楠井貴介,楠井貴介,歯,,昭56.8.1,300_2026.7_kikanzentai_wakayama_sika.pdf
歯科,30,1300399,木村歯科医院,〒649－7122伊都郡かつらぎ町新田５３－２,0736-22-3137,木村幸弘,木村幸弘,歯,,昭59.4.1,300_2026.7_kikanzentai_wakayama_sika.pdf
歯科,30,1300423,わしみね歯科医院,〒648－0263伊都郡高野町花坂３２４,0736-56-3570,鷲峰賢昭,鷲峰賢昭,歯,,昭63.11.1,300_2026.7_kikanzentai_wakayama_sika.pdf
歯科,30,1300456,中平歯科医院,〒649－7161伊都郡かつらぎ町笠田東７１番地の５,0736-22-0311,中平良基,中平良基,歯,,平2.4.1,300_2026.7_kikanzentai_wakayama_sika.pdf
歯科,30,1300498,ゆあさ歯科医院,〒649－7161伊都郡かつらぎ町笠田東９８－８,0736-23-2047,湯浅祥司,湯浅祥司,歯　歯外,,平8.11.1,300_2026.7_kikanzentai_wakayama_sika.pdf
歯科,30,1300514,米阪歯科医院,〒648－0211伊都郡高野町高野山７６９,0736-56-2165,米阪良久,米阪良久,歯,,平11.4.1,300_2026.7_kikanzentai_wakayama_sika.pdf
歯科,30,1300522,うちた歯科,〒649－7161伊都郡かつらぎ町笠田東１９６ー１,0736-22-8881,内田憲二,内田憲二,歯　矯歯　小歯,,平13.4.1,300_2026.7_kikanzentai_wakayama_sika.pdf
歯科,30,1300530,松岡歯科医院,〒648－0211伊都郡高野町高野山７９５レジデンス松岡,0736-56-4182,織畠耕爾,織畠耕爾,歯,,平15.11.1,300_2026.7_kikanzentai_wakayama_sika.pdf
歯科,30,1300548,恩地歯科医院,〒649－7173伊都郡かつらぎ町大谷１４６,0736-22-0774,恩地良幸,恩地良幸,歯,,平21.1.9,300_2026.7_kikanzentai_wakayama_sika.pdf
歯科,30,1300563,たえなか歯科クリニ,〒649－7113伊都郡かつらぎ町妙寺畑ノ脇１５１－１,0736-22-4618,妙中泰之,妙中泰之,歯　歯外,,平24.6.11,300_2026.7_kikanzentai_wakayama_sika.pdf
歯科,30,1300571,阪中歯科,〒649－7113伊都郡かつらぎ町妙寺２７－１,0736-22-5522,阪中孝之,阪中孝之,歯　小歯　歯外,,平27.4.1,300_2026.7_kikanzentai_wakayama_sika.pdf
歯科,30,1300589,田村歯科クリニック,〒649－7161伊都郡かつらぎ町笠田東１０３－６,0736-22-1671,田村修志,田村修志,歯　小歯　矯歯　歯外,,平28.4.1,300_2026.7_kikanzentai_wakayama_sika.pdf
歯科,30,1300613,あじさい歯科,〒649－7113伊都郡かつらぎ町妙寺４３９番９２,0736-22-1002,名木田宏,名木田宏,歯,,令5.9.17,300_2026.7_kikanzentai_wakayama_sika.pdf
歯科,30,1310000,医療法人歯優会中,〒649－7113伊都郡かつらぎ町妙寺４６８番地,0736-22-0248,医療法人歯優会理事長中島優,中島優,歯　矯歯　小歯,,平6.8.1,300_2026.7_kikanzentai_wakayama_sika.pdf
歯科,30,1400256,平田歯科医院,〒642－0011海南市黒江７２２,073-482-0533,平田隆則,平田隆則,歯,,昭48.5.1,300_2026.7_kikanzentai_wakayama_sika.pdf
歯科,30,1400314,林歯科医院,〒640－1175海南市沖野々３４９,073-487-0058,林泰弘,林泰弘,歯,,昭53.12.1,300_2026.7_kikanzentai_wakayama_sika.pdf
歯科,30,1400355,寺本歯科,〒642－0023海南市重根１１６９－２,073-487-1500,寺本修久,寺本修久,歯　矯歯　小歯,,昭57.9.1,300_2026.7_kikanzentai_wakayama_sika.pdf
歯科,30,1400363,山崎歯科医院,〒642－0001海南市船尾２４１番地,073-482-0978,山崎一夫,山崎一夫,歯　矯歯　小歯,,昭58.5.1,300_2026.7_kikanzentai_wakayama_sika.pdf
歯科,30,1400389,片山歯科医院,〒642－0002海南市日方１５２１番地の８サンエービル２Ｆ,073-482-3538,片山修,片山修,歯,,昭59.3.1,300_2026.7_kikanzentai_wakayama_sika.pdf
歯科,30,1400405,ホワイト歯科,〒642－0032海南市名高２６９－７,073-483-5571,藤本周平,藤本周平,歯　小歯,,昭59.5.1,300_2026.7_kikanzentai_wakayama_sika.pdf
歯科,30,1400439,石山歯科医院,〒640－1171海南市野上中１５６,073-487-4455,石山富造,石山富造,歯　矯歯　小歯　歯外,,昭61.5.1,300_2026.7_kikanzentai_wakayama_sika.pdf
歯科,30,1400447,井内歯科医院,〒640－1175海南市沖野々３３４－６,073-487-4181,井内洋,井内洋,歯,,昭61.8.1,300_2026.7_kikanzentai_wakayama_sika.pdf
歯科,30,1400462,山本歯科医院,〒642－0001海南市船尾１２２,073-482-8088,山本一仁,山本一仁,歯　歯外　矯歯　小歯,,昭63.5.1,300_2026.7_kikanzentai_wakayama_sika.pdf
歯科,30,1400470,中山歯科医院,〒642－0011海南市黒江１２６０,073-482-7255,中山典生,中山典生,歯　矯歯　小歯,,昭63.11.1,300_2026.7_kikanzentai_wakayama_sika.pdf
歯科,30,1400488,児島歯科医院,〒642－0001海南市船尾１９４,073-482-0608,児島茂,児島茂,歯,,平元.3.1,300_2026.7_kikanzentai_wakayama_sika.pdf
歯科,30,1400496,中山たく歯科医院,〒642－0022海南市大野中６０２－４,073-482-1373,中山琢,中山琢,歯　小歯,,平4.10.1,300_2026.7_kikanzentai_wakayama_sika.pdf
歯科,30,1400512,田井歯科医院,〒642－0002海南市日方１０１１番地,073-482-1593,田井伸和,田井伸和,歯,,平5.7.1,300_2026.7_kikanzentai_wakayama_sika.pdf
歯科,30,1400520,山田歯科,〒642－0001海南市船尾１８６番地の５６,073-482-0093,山田博明,山田博明,歯,,平5.7.1,300_2026.7_kikanzentai_wakayama_sika.pdf
歯科,30,1400538,まとう歯科医院,〒642－0023海南市重根４４２－１,073-487-5614,間藤哲司,間藤哲司,歯　矯歯　小歯,,平8.4.1,300_2026.7_kikanzentai_wakayama_sika.pdf
歯科,30,1400546,今西歯科医院,〒640－1172海南市溝ノ口３２３,073-487-0408,今村庸子,今村庸子,歯,,平8.8.1,300_2026.7_kikanzentai_wakayama_sika.pdf
歯科,30,1400561,玉置歯科医院,〒642－0002海南市日方１５１９ー２,073-483-4040,玉置尚徳,玉置尚徳,歯,,平12.1.1,300_2026.7_kikanzentai_wakayama_sika.pdf
歯科,30,1400595,池田歯科診療所,〒649－0143海南市下津町小松原４－４,073-492-2160,池田桃子,池田桃子,歯,,昭58.1.1,300_2026.7_kikanzentai_wakayama_sika.pdf
歯科,30,1400603,荻野歯科医院,〒649－0133海南市下津町下２７０－１,073-492-2024,荻野悦志,荻野悦志,歯,,昭63.3.1,300_2026.7_kikanzentai_wakayama_sika.pdf
歯科,30,1400611,沼田歯科医院,〒649－0122海南市下津町黒田５５－５,073-492-5000,沼田惠次,沼田惠次,歯,,平元.11.1,300_2026.7_kikanzentai_wakayama_sika.pdf
歯科,30,1400629,岡歯科医院,〒649－0101海南市下津町下津３０６６－２,073-492-0259,岡健司,岡健司,歯,,平2.11.1,300_2026.7_kikanzentai_wakayama_sika.pdf
歯科,30,1400645,ひらた歯科クリニッ,〒642－0031海南市築地１－８０－１－６２,073-482-1182,平田量哉,平田量哉,歯　小歯　歯外,,平20.8.18,300_2026.7_kikanzentai_wakayama_sika.pdf
歯科,30,1400652,ふじやま歯科クリニ,〒640－1171海南市野上中３７１－１,073-487-3337,藤山憲生,藤山憲生,歯　小歯,,平22.2.1,300_2026.7_kikanzentai_wakayama_sika.pdf
歯科,30,1400686,今村歯科医院,〒642－0002海南市日方１２５－１,073-482-0250,今村速斗,今村速斗,歯,,平28.5.6,300_2026.7_kikanzentai_wakayama_sika.pdf
歯科,30,1400694,岡田歯科・矯正歯科,〒642－0002海南市日方１５００番地の２２,073-482-2392,岡田広章,岡田広章,歯　矯歯　歯外　小歯,,平30.7.1,300_2026.7_kikanzentai_wakayama_sika.pdf
歯科,30,1400702,タブチ歯科クリニッ,〒642－0002海南市日方１２７２－５３,073-483-5544,田渕雄基,田渕雄基,歯　小歯　歯外　矯歯,,令元.11.1,300_2026.7_kikanzentai_wakayama_sika.pdf
歯科,30,1400710,あっそ歯科クリニッ,〒642－0013海南市多田字塚本１３４－２,073-483-3031,山田貢司,山田貢司,歯　小歯,,令元.12.1,300_2026.7_kikanzentai_wakayama_sika.pdf
歯科,30,1400728,しもつ歯科クリニッ,〒649－0123海南市下津町丁９２－６,073-499-8320,岡有希子,岡有希子,歯　小歯,,令3.4.1,300_2026.7_kikanzentai_wakayama_sika.pdf
歯科,30,1410008,医療法人清真会海,〒642－0032海南市名高１４５,073-483-8241,医療法人清真会理事長樋口真弘,安武明,歯,,平17.10.1,300_2026.7_kikanzentai_wakayama_sika.pdf
歯科,30,1410016,田岡歯科医院,〒642－0002海南市日方１２９０番地１６,073-482-0313,医療法人優河会理事長田岡郁敏,田岡郁敏,歯　小歯　矯歯,,令8.4.1,300_2026.7_kikanzentai_wakayama_sika.pdf
歯科,30,1500170,九鬼歯科医院,〒649－0434有田市宮原町新町９８－２,0737-88-6965,九鬼修平,九鬼修平,歯,,昭56.4.1,300_2026.7_kikanzentai_wakayama_sika.pdf
歯科,30,1500188,嶋田歯科医院,〒649－0311有田市辻堂字大芝７０９の２,0737-83-6173,嶋田崇,嶋田崇,歯,,昭56.11.1,300_2026.7_kikanzentai_wakayama_sika.pdf
歯科,30,1500204,大中歯科医院,〒649－0307有田市初島町里２１０７の１,0737-83-2553,大中重俊,大中重俊,歯　矯歯　小歯,,昭57.6.1,300_2026.7_kikanzentai_wakayama_sika.pdf
歯科,30,1500246,富山歯科医院,〒649－0317有田市古江見南原４０４－２,0737-82-1888,富山博文,富山博文,歯,,昭63.3.1,300_2026.7_kikanzentai_wakayama_sika.pdf
歯科,30,1500253,宮井歯科医院,〒649－0434有田市宮原町新町字新町４９－１・５０,0737-88-8071,宮井強,宮井強,歯,,平3.12.1,300_2026.7_kikanzentai_wakayama_sika.pdf
歯科,30,1500261,もりもと歯科医院,〒649－0304有田市箕島南広瀬６２－４,0737-83-5377,森本秀,森本秀,歯,,平5.7.1,300_2026.7_kikanzentai_wakayama_sika.pdf
歯科,30,1500279,大浦歯科医院,〒649－0304有田市箕島５７－４,0737-83-4368,大浦正,大浦正,歯　矯歯,,平6.2.1,300_2026.7_kikanzentai_wakayama_sika.pdf
歯科,30,1500287,サンタ歯科,〒649－0317有田市古江見１５２,0737-82-0326,梅本産太,梅本産太,歯　歯外,,平6.9.1,300_2026.7_kikanzentai_wakayama_sika.pdf
歯科,30,1500295,大谷歯科医院,〒649－0434有田市宮原町新町５,0737-88-7064,大谷真理子,大谷真理子,歯,,平6.9.1,300_2026.7_kikanzentai_wakayama_sika.pdf
歯科,30,1500311,石垣歯科医院,〒649－0305有田市港町６３ー２,0737-82-4618,石垣博之,石垣博之,歯,,平7.9.1,300_2026.7_kikanzentai_wakayama_sika.pdf
歯科,30,1500345,西島歯科医院,〒649－0306有田市初島町浜１０４７－２,0737-83-4618,西島真人,西島真人,歯,,平14.3.1,300_2026.7_kikanzentai_wakayama_sika.pdf
歯科,30,1500352,成川歯科医院,〒649－0304有田市箕島８７７,0737-83-1468,成川雅史,成川雅史,歯,,平14.7.1,300_2026.7_kikanzentai_wakayama_sika.pdf
歯科,30,1500360,ありだ歯科クリニッ,〒649－0316有田市宮崎町４７１番２,0737-22-3918,大崎公資,大崎公資,歯　小歯　矯歯,,平29.5.9,300_2026.7_kikanzentai_wakayama_sika.pdf
歯科,30,1510005,医療法人川島歯科,〒649－0311有田市辻堂８００番地２,0737-85-2717,医療法人川島歯科クリニック理事長川島稔弘,川島稔弘,歯　矯歯　歯外,,平17.7.1,300_2026.7_kikanzentai_wakayama_sika.pdf
歯科,30,1600202,前田歯科医院,〒643－0152有田郡有田川町金屋６３４,0737-32-2118,前田佳英,前田佳英,歯　小歯,,昭51.3.1,300_2026.7_kikanzentai_wakayama_sika.pdf
歯科,30,1600301,吉田歯科,〒643－0855有田郡有田川町上中島５１３,0737-52-3400,吉田安正,吉田安正,歯,,昭60.11.1,300_2026.7_kikanzentai_wakayama_sika.pdf
歯科,30,1600319,稲垣歯科医院,〒643－0521有田郡有田川町清水３５２－１,0737-25-0040,稲垣友彦,稲垣友彦,歯,,昭61.4.1,300_2026.7_kikanzentai_wakayama_sika.pdf
歯科,30,1600343,太田歯科医院,〒643－0021有田郡有田川町下津野１２８９－１,0737-52-3291,太田善雄,太田善雄,歯　小歯,,昭62.6.1,300_2026.7_kikanzentai_wakayama_sika.pdf
歯科,30,1600376,湯田歯科医院,〒643－0032有田郡有田川町天満２８－１９,0737-52-4182,湯田武一,湯田武一,歯,,昭63.8.1,300_2026.7_kikanzentai_wakayama_sika.pdf
歯科,30,1600384,濱口歯科医院,〒643－0071有田郡広川町広６７２－１,0737-62-4650,濱口充代,濱口充代,歯,,昭63.10.1,300_2026.7_kikanzentai_wakayama_sika.pdf
歯科,30,1600392,上田歯科,〒643－0004有田郡湯浅町湯浅２８３２－３,0737-63-1235,上田亨,上田亨,歯　小歯,,昭63.11.1,300_2026.7_kikanzentai_wakayama_sika.pdf
歯科,30,1600400,滝川歯科医院,〒643－0032有田郡有田川町天満５２２－４,0737-52-6838,瀧川英輝,瀧川英輝,歯　小歯,,平元.11.1,300_2026.7_kikanzentai_wakayama_sika.pdf
歯科,30,1600418,大谷歯科,〒643－0004有田郡湯浅町湯浅１２９１－１９,0737-63-5727,大谷富夫,大谷富夫,歯,,平元.12.1,300_2026.7_kikanzentai_wakayama_sika.pdf
歯科,30,1600434,さかい歯科,〒643－0004有田郡湯浅町湯浅９６２番地,0737-64-1714,酒井靖彦,酒井靖彦,歯　小歯,,平5.5.1,300_2026.7_kikanzentai_wakayama_sika.pdf
歯科,30,1600459,いながきデンタルク,〒643－0521有田郡有田川町清水３５２ー１,0737-25-1044,稲垣孝江,稲垣孝江,歯　小歯,,平11.6.1,300_2026.7_kikanzentai_wakayama_sika.pdf
歯科,30,1600475,あさかわ歯科医院,〒643－0032有田郡有田川町天満２２１－９,0737-52-8148,浅川保樹,浅川保樹,歯　小歯,,平14.6.3,300_2026.7_kikanzentai_wakayama_sika.pdf
歯科,30,1600491,東歯科医院,〒643－0811有田郡有田川町庄１１－３,0737-52-6566,東輝男,東輝男,歯　小歯,,平16.5.1,300_2026.7_kikanzentai_wakayama_sika.pdf
歯科,30,1600517,上西歯科医院,〒643－0521有田郡有田川町清水２９７－１,0737-25-0031,上西恭,上西恭,歯　矯歯　小歯　歯外,,平18.8.1,300_2026.7_kikanzentai_wakayama_sika.pdf
歯科,30,1600525,上西歯科粟生分院,〒643－0366有田郡有田川町粟生４６３－７,0737-22-0620,上西恭,上西恭,歯　矯歯　小歯　歯外,,平18.8.1,300_2026.7_kikanzentai_wakayama_sika.pdf
歯科,30,1600533,大橋歯科・矯正歯科,〒643－0004有田郡湯浅町湯浅１２６７,0737-63-6480,大橋一範,大橋一範,歯　矯歯　小歯,,平26.8.1,300_2026.7_kikanzentai_wakayama_sika.pdf
歯科,30,1600558,上野山歯科・こども,〒643－0024有田郡有田川町水尻６９９－５,0737-22-4618,上野山喬文,上野山喬文,歯科　小児歯科　矯正歯科　歯科口　腔外科,,令3.5.1,300_2026.7_kikanzentai_wakayama_sika.pdf
歯科,30,1600574,やまだ歯科クリニッ,〒643－0004有田郡湯浅町湯浅２１６６－１１,0737-63-6222,山田学,山田学,歯　小歯,,令6.5.1,300_2026.7_kikanzentai_wakayama_sika.pdf
歯科,30,1610003,下出歯科診療所,〒643－0071有田郡広川町広２９２番地の１,0737-63-6482,医療法人わかしお会理事長下出輝,下出輝,歯　矯歯　小歯,,平5.3.1,300_2026.7_kikanzentai_wakayama_sika.pdf
歯科,30,1610011,ウエダ歯科,〒643－0801有田郡有田川町徳田５６３－６,0737-52-6995,医療法人愛有会理事長上田益稔,上田益稔,歯　矯歯　小歯　歯外,,平16.8.1,300_2026.7_kikanzentai_wakayama_sika.pdf
歯科,30,1610029,医療法人若葉会な,〒643－0004有田郡湯浅町湯浅１４５６－８,0737-63-4182,医療法人若葉会ながたに歯科理事長長谷晋作,長谷晋作,歯　矯歯　小歯,,平18.4.1,300_2026.7_kikanzentai_wakayama_sika.pdf
歯科,30,1610037,ささの歯科おとなこ,〒643－0021有田郡有田川町下津野１１０６－３,0737-53-1182,医療法人誠友会理事長笹野晋平,笹野晋平,歯　歯外　小歯　矯歯,,令6.9.1,300_2026.7_kikanzentai_wakayama_sika.pdf
歯科,30,1610045,なかにし歯科医院,〒643－0021有田郡有田川町下津野８５４－１,0737-52-3230,医療法人おおぞら会理事長中西隆,中西隆,歯　小歯　歯外　矯歯,,令8.4.1,300_2026.7_kikanzentai_wakayama_sika.pdf
歯科,30,1700051,加山歯科医院,〒649－6417紀の川市西大井９３－２,0736-77-5655,加山勝敏,加山勝敏,歯,,昭58.11.1,300_2026.7_kikanzentai_wakayama_sika.pdf
歯科,30,1700077,中西歯科医院,〒649－6414紀の川市打田１６９ー２,0736-78-2233,中西卓司,中西卓司,歯　小歯,,平11.5.1,300_2026.7_kikanzentai_wakayama_sika.pdf
歯科,30,1700085,あい歯科医院,〒649－6426紀の川市下井阪４５５グリンビュー八王子１０３,0736-77-6204,山下義幸,山下義幸,歯,,平16.12.1,300_2026.7_kikanzentai_wakayama_sika.pdf
歯科,30,1700101,川口デンタルクリニ,〒649－6531紀の川市粉河１９１８,0736-73-6471,川口裕久,川口裕久,歯,,昭53.10.1,300_2026.7_kikanzentai_wakayama_sika.pdf
歯科,30,1700119,神野歯科,〒649－6531紀の川市粉河１７２４,0736-73-2309,神野晃嘉,神野晃嘉,歯,,平13.1.1,300_2026.7_kikanzentai_wakayama_sika.pdf
歯科,30,1700143,安村歯科医院,〒649－6631紀の川市名手市場１６１－２,0736-75-2202,安村純一,安村純一,歯,,昭54.11.1,300_2026.7_kikanzentai_wakayama_sika.pdf
歯科,30,1700200,中西歯科医院,〒640－0416紀,0736-64-7234,の川市貴志川町長山２７７番地１７６中西秀文,中西秀文,歯,,昭61.8.1,300_2026.7_kikanzentai_wakayama_sika.pdf
歯科,30,1700226,﨑山歯科医院,〒640－0401紀の川市貴志川町丸栖３４－７,0736-64-8727,﨑山晴生,﨑山晴生,歯,,平4.5.1,300_2026.7_kikanzentai_wakayama_sika.pdf
歯科,30,1700234,はぎはら歯科,〒640－0415紀,0736-64-8850,の川市貴志川町長原１０２萩原和彦,萩原和彦,歯,,平5.1.1,300_2026.7_kikanzentai_wakayama_sika.pdf
歯科,30,1700242,田原歯科,〒640－0411紀の川市貴志川町前田８６－７,0736-64-1080,田原準郎,田原準郎,歯,,平7.3.1,300_2026.7_kikanzentai_wakayama_sika.pdf
歯科,30,1700259,吉村歯科医院,〒640－0415紀,0736-64-8111,の川市貴志川町長原２４８－８吉村義孝,吉村義孝,歯　小歯,,平7.5.1,300_2026.7_kikanzentai_wakayama_sika.pdf
歯科,30,1700267,岡本歯科医院,〒649－6631紀の川市名手市場１２５,0736-75-2047,岡本圭司,岡本圭司,歯　小歯,,平18.7.4,300_2026.7_kikanzentai_wakayama_sika.pdf
歯科,30,1700275,北村歯科医院,〒640－0421紀の川市貴志川町北８１０,0736-64-2194,山本武,山本武,歯,,平18.11.1,300_2026.7_kikanzentai_wakayama_sika.pdf
歯科,30,1700291,松本歯科医院,〒649－6112紀の川市桃山町調月１６１,0736-66-0206,今福光世,今福光世,歯,,平22.6.20,300_2026.7_kikanzentai_wakayama_sika.pdf
歯科,30,1700309,藤田歯科医院,〒649－6434紀の川市中三谷１７－２０,0736-77-6060,藤田源吾,藤田源吾,歯　小歯,,平22.11.7,300_2026.7_kikanzentai_wakayama_sika.pdf
歯科,30,1700341,磯野歯科医院,〒649－6631紀の川市名手市場８２－１５,0736-75-2063,磯野卓司,磯野卓司,歯,,平30.7.1,300_2026.7_kikanzentai_wakayama_sika.pdf
歯科,30,1700374,辻本歯科医院,〒649－6414紀の川市打田１４７８－１,0736-77-4068,本紗代子,本紗代子,歯　歯外,,令6.1.1,300_2026.7_kikanzentai_wakayama_sika.pdf
歯科,30,1700382,清瀧歯科医院,〒649－6422紀の川市花野１１７,0736-77-6161,清瀧優也,清瀧優也,歯　小歯,,令6.1.1,300_2026.7_kikanzentai_wakayama_sika.pdf
歯科,30,1700390,紀の川こもれび歯科,〒649－6426紀の川市下井阪４６６－１,0736-67-8127,岡本健二朗,岡本健二朗,歯　歯外　小歯　矯歯,,令6.3.1,300_2026.7_kikanzentai_wakayama_sika.pdf
歯科,30,1700408,さくら歯科,〒649－6111紀の川市桃山町最上１５３－１,0736-67-7974,大庵さくら,大庵さくら,歯　小歯　歯外　矯歯,,令6.6.1,300_2026.7_kikanzentai_wakayama_sika.pdf
歯科,30,1710019,岡本歯科医院,〒649－6531紀の川市粉河３８９の７,0736-73-4970,医療法人朋歯会理事長岡本吉司,岡本吉司,歯,,平元.10.1,300_2026.7_kikanzentai_wakayama_sika.pdf
歯科,30,1710035,医療法人山中歯科,〒640－0413紀の川市貴志川町神戸７８４番地,0736-64-2379,医療法人山中歯科医院理事長山中茂史,山中茂史,歯,,平8.1.1,300_2026.7_kikanzentai_wakayama_sika.pdf
歯科,30,1710043,オリーブ歯科,〒649－6531紀の川市粉河８３７番地２,0736-73-6369,医療法人ＯＬＩＶＥ理事長川口真一,川口真一,歯　矯歯　小歯,,平30.9.1,300_2026.7_kikanzentai_wakayama_sika.pdf
歯科,30,1710050,きのかわ歯科クリニ,〒649－6418和歌山県紀の川市久留壁２１－２,0736-67-8241,医療法人三笠会理事長加山智規,加山智規,歯　小歯　矯歯　歯外,,令7.3.1,300_2026.7_kikanzentai_wakayama_sika.pdf
歯科,30,1800034,水崎歯科医院,〒649－6226岩出市宮６７番地の４,0736-62-9898,水崎功一,水崎功一,歯,,昭56.7.1,300_2026.7_kikanzentai_wakayama_sika.pdf
歯科,30,1800059,滝川歯科,〒649－6205岩出市森２７３,0736-63-0655,瀧川亮三,瀧川亮三,歯,,昭57.12.1,300_2026.7_kikanzentai_wakayama_sika.pdf
歯科,30,1800067,林歯科医院,〒649－6256岩出市金池４０１番地８号,0736-62-6012,林範昭,林範昭,歯,,昭59.8.1,300_2026.7_kikanzentai_wakayama_sika.pdf
歯科,30,1800083,岩崎歯科,〒649－6231岩出市川尻５６－３,0736-62-9888,岩﨑哲也,岩﨑哲也,歯,,昭60.5.1,300_2026.7_kikanzentai_wakayama_sika.pdf
歯科,30,1800125,えのき歯科,〒649－6213岩出市西国分５２９－４,0736-63-3763,榎将秀,榎将秀,歯　小歯　矯歯,,平9.1.1,300_2026.7_kikanzentai_wakayama_sika.pdf
歯科,30,1800141,もりもと歯科,〒649－6217岩出市山田４ー７,0736-69-2688,森本修司,森本修司,歯　小歯,,平11.5.1,300_2026.7_kikanzentai_wakayama_sika.pdf
歯科,30,1800158,みやもと歯科医院,〒649－6231岩出市川尻２２９ー３リベルテ順１Ｆ,0736-69-3993,宮本浩二,宮本浩二,歯　小歯,,平11.11.1,300_2026.7_kikanzentai_wakayama_sika.pdf
歯科,30,1800265,ＭａｓｕｄａＤｅ,〒649－6255和歌山県岩出市西安上９４－１,0736-67-8805,増田敬介,増田敬介,歯　小歯　歯外,,平31.2.1,300_2026.7_kikanzentai_wakayama_sika.pdf
歯科,30,1800273,岩出根来デンタルオ,〒649－6248岩出市中黒２６６－１,0736-68-9024,山﨑悠馬,山﨑悠馬,歯　矯歯　歯外　小歯,,令6.3.1,300_2026.7_kikanzentai_wakayama_sika.pdf
歯科,30,1800281,やま歯科診療所,〒649－6258岩出市山５９４－２,0736-61-4118,戸田秀樹,戸田秀樹,歯　小歯,,令6.4.1,300_2026.7_kikanzentai_wakayama_sika.pdf
歯科,30,1800299,たかぎ歯科医院,〒649－6214岩出市水栖１１－１０,0736-63-0416,髙木貴博,髙木貴博,歯　歯外　小歯,,令7.11.1,300_2026.7_kikanzentai_wakayama_sika.pdf
歯科,30,1810025,西歯科医院,〒649－6244岩出市畑毛２７４番地９,0736-63-5553,医療法人西歯科医院理事長西尚志,西尚志,歯　小歯　歯外,,平13.5.2,300_2026.7_kikanzentai_wakayama_sika.pdf
歯科,30,1810033,井関歯科医院,〒649－6227岩出市清水３２６番地の４,0736-62-2223,医療法人井関歯科医院理事長村澤ゆかり,村澤ゆかり,歯,,平17.4.1,300_2026.7_kikanzentai_wakayama_sika.pdf
歯科,30,1810058,医療法人越智会お,〒649－6245岩出市中島６０１－４,0736-61-7322,医療法人越智会理事長越智章夫,越智章夫,歯　小歯,,平28.1.1,300_2026.7_kikanzentai_wakayama_sika.pdf
歯科,30,1810066,ｏｋａｄｅｎｔａ,〒649－6216岩出市野上野字沼ノ上２４２番地１１,0736-63-6480,医療法人志学会理事長岡正信,岡正信,歯　小歯,,平28.4.1,300_2026.7_kikanzentai_wakayama_sika.pdf
歯科,30,1810074,ふじはら矯正歯科・,〒649－6248岩出市中黒５３４番地の８,0736-60-4812,医療法人有慎会理事長藤原有理,藤原有理,小歯　矯歯　歯,,平29.3.1,300_2026.7_kikanzentai_wakayama_sika.pdf
歯科,30,1810082,医療法人吉田歯科,〒649－6202岩出市根来１６０番地の１,0736-69-1182,医療法人吉田歯科クリニック理事長吉田恒,吉田恒,歯　小歯,,平29.7.1,300_2026.7_kikanzentai_wakayama_sika.pdf
歯科,30,1810090,はたなか歯科クリニ,〒649－6227岩出市清水３５４－１,0736-69-5511,医療法人昭栄会理事長畑中昭彦,畑中昭彦,歯　歯外　矯歯　小歯,,平31.3.1,300_2026.7_kikanzentai_wakayama_sika.pdf
歯科,30,1810108,中嶋歯科医院,〒649－6223岩出市高塚２２５番地の１,073-663-1020,医療法人俊知会理事長北山早知子,北山理恵子,歯,,令5.9.1,300_2026.7_kikanzentai_wakayama_sika.pdf
歯科,30,1810116,青木歯科医院,〒649－6246岩出市吉田２５７番地１,0736-61-0889,一般社団法人日本かみ合わせ医療センター青木歯科医院代表理事青木隆典,青木隆典,歯　矯歯　小歯　歯外,,令6.3.1,300_2026.7_kikanzentai_wakayama_sika.pdf
歯科,30,2000204,宮本歯科医院,〒644－0001御坊市御坊２５４,0738-22-2432,宮本起,宮本起,歯,,昭42.7.1,300_2026.7_kikanzentai_wakayama_sika.pdf
歯科,30,2000295,五木田歯科医院,〒644－0003御坊市島１６７－２,0738-22-0502,五木田高和,五木田高和,歯,,昭58.6.1,300_2026.7_kikanzentai_wakayama_sika.pdf
歯科,30,2000378,藤田歯科診療所,〒644－0011御坊市湯川町財部８３５－４,0738-24-3948,藤田知則,藤田知則,歯　矯歯　小歯,,平6.5.1,300_2026.7_kikanzentai_wakayama_sika.pdf
歯科,30,2000386,よしだ歯科クリニッ,〒649－1342御坊市藤田町吉田９４９－６,0738-23-4567,吉田勉,吉田勉,歯　小歯,,平10.5.1,300_2026.7_kikanzentai_wakayama_sika.pdf
歯科,30,2000394,薗歯科クリニック,〒644－0011御坊市湯川町財部９３１番５,0738-22-9077,薗洋志,薗洋志,歯　矯歯　小歯　歯外,,平17.8.1,300_2026.7_kikanzentai_wakayama_sika.pdf
歯科,30,2000402,ふぁみりあ歯科,〒649－1341御坊市藤田町藤井２１９７,0738-23-3118,小池博,小池博,歯,,平22.6.17,300_2026.7_kikanzentai_wakayama_sika.pdf
歯科,30,2000410,西馬歯科診療所,〒644－0012御坊市湯川町小松原３７４－４,0738-22-8201,西馬伸幸,西馬伸幸,歯,,平24.4.1,300_2026.7_kikanzentai_wakayama_sika.pdf
歯科,30,2000436,シバデンタルクリニ,〒644－0012御坊市湯川町小松原２４８－１０,0738-32-7050,芝浩之,芝浩之,歯　小歯　歯外,,平26.10.1,300_2026.7_kikanzentai_wakayama_sika.pdf
歯科,30,2000444,たにもと歯科クリニ,〒644－0002御坊市薗２６６－１５,0738-52-7385,谷本幸司,谷本幸司,歯　小歯　歯外,,令2.12.1,300_2026.7_kikanzentai_wakayama_sika.pdf
歯科,30,2010013,野尻歯科,〒644－0002御坊市薗字松原田３５０番地の４,0738-22-2013,医療法人野尻歯科理事長野尻逸郎,野尻逸郎,歯,,昭60.6.1,300_2026.7_kikanzentai_wakayama_sika.pdf
歯科,30,2010021,くりもと歯科医院,〒644－0011御坊市湯川町財部６４１－２４,0738-23-5735,医療法人新星会理事長栗本武俊,栗本武俊,歯　矯歯　小歯,,平16.1.1,300_2026.7_kikanzentai_wakayama_sika.pdf
歯科,30,2010039,木村歯科医院,〒644－0002御坊市薗５０８,0738-23-5111,医療法人木村歯科医院理事長木村稔,木村稔,歯,,平17.1.1,300_2026.7_kikanzentai_wakayama_sika.pdf
歯科,30,2010047,医療法人松洋会御,〒644－0012御坊市湯川町小松原５３３番地４,0738-23-3590,医療法人松洋会理事長安野谷正美,安野谷正美,歯,,平30.11.1,300_2026.7_kikanzentai_wakayama_sika.pdf
歯科,30,2100343,小池歯科診療所,〒649－1527日高郡印南町島田９８９,0738-43-0026,小池二朗,小池二朗,歯,,昭54.1.1,300_2026.7_kikanzentai_wakayama_sika.pdf
歯科,30,2100376,上野山歯科医院,〒649－1213日高郡日高町高家７６８－５,0738-63-3622,上野山恭弘,上野山恭弘,歯,,昭58.8.1,300_2026.7_kikanzentai_wakayama_sika.pdf
歯科,30,2100418,柏木歯科医院,〒649－1323日高郡日高川町小熊２５１２－４,0738-23-5428,柏木健生,柏木健生,歯,,昭60.5.1,300_2026.7_kikanzentai_wakayama_sika.pdf
歯科,30,2100426,田井歯科医院,〒649－1104日高郡由良町江ノ駒３８８－１,0738-65-2098,田井良典,田井良典,歯,,昭61.1.1,300_2026.7_kikanzentai_wakayama_sika.pdf
歯科,30,2100442,岩崎歯科クリニック,〒645－0002日高郡みなべ町芝４４１－９,0739-72-4371,岩崎泰人,岩崎泰人,歯,,昭62.4.1,300_2026.7_kikanzentai_wakayama_sika.pdf
歯科,30,2100459,堅田歯科医院,〒645－0002日高郡みなべ町芝５０６－５,0739-72-3001,堅田尚生,堅田尚生,歯　小歯,,平元.5.1,300_2026.7_kikanzentai_wakayama_sika.pdf
歯科,30,2100467,ひらさ歯科医院,〒649－1111日高郡由良町里４０７－２,0738-65-1171,平林佐俊,平林佐俊,歯　矯歯　小歯,,平元.5.1,300_2026.7_kikanzentai_wakayama_sika.pdf
歯科,30,2100475,ヒロセ歯科医院,〒645－0011日高郡みなべ町気佐藤３９５－６,0739-72-5858,倫章,倫章,歯,,平4.5.1,300_2026.7_kikanzentai_wakayama_sika.pdf
歯科,30,2100483,南歯科医院,〒645－0002日高郡みなべ町芝４４６,0739-72-2379,南良尚,南良尚,歯,,平4.12.1,300_2026.7_kikanzentai_wakayama_sika.pdf
歯科,30,2100517,岡本歯科医院,〒649－1213日高郡日高町高家６４２－３,0738-63-3883,岡本誠,岡本誠,矯歯　歯　小歯,,平6.5.1,300_2026.7_kikanzentai_wakayama_sika.pdf
歯科,30,2100533,平林歯科医院,〒649－1111日高郡由良町里２２２－１,0738-65-1439,平林正樹,平林正樹,歯,,平8.12.1,300_2026.7_kikanzentai_wakayama_sika.pdf
歯科,30,2100574,ひだか歯科,〒649－1212日高郡日高町小中４９３－１,0738-63-1188,冨田祐治,冨田祐治,歯,,平19.4.3,300_2026.7_kikanzentai_wakayama_sika.pdf
歯科,30,2100582,五木田美浜町歯科医,〒644－0043日高郡美浜町吉原８９０番地,0738-24-0221,五木田恒明,五木田恒明,歯,,平20.10.1,300_2026.7_kikanzentai_wakayama_sika.pdf
歯科,30,2100608,なかの歯科医院,〒649－1534日高郡印南町印南２２７２－１,0738-42-0132,中野真行,中野真行,歯　小歯,,平23.4.1,300_2026.7_kikanzentai_wakayama_sika.pdf
歯科,30,2200408,眞砂歯科医院,〒646－0025田辺市神子浜１丁目２２－１７,0739-24-8257,眞砂哲三,眞砂哲三,歯,,昭51.4.1,300_2026.7_kikanzentai_wakayama_sika.pdf
歯科,30,2200531,谷本歯科クリニック,〒646－0031田辺市湊１４番１３号,0739-22-6480,谷本篤治,谷本篤治,歯,,昭57.3.1,300_2026.7_kikanzentai_wakayama_sika.pdf
歯科,30,2200622,山路矯正歯科クリニ,〒646－0032田辺市下屋敷町３０－１Ｔ．Ｋ．Ｃ．ビル２Ｆ,0739-23-1187,山路守,山路守,矯歯,,昭62.2.1,300_2026.7_kikanzentai_wakayama_sika.pdf
歯科,30,2200648,田辺歯科,〒646－0033田辺市新屋敷町６２－２,0739-26-1151,坂本守孝,坂本守孝,歯,,昭63.5.1,300_2026.7_kikanzentai_wakayama_sika.pdf
歯科,30,2200655,岩上歯科医院,〒646－0021田辺市あけぼの４４－１７,0739-25-2418,岩上好伸,岩上好伸,歯　矯歯　小歯　歯外,,昭63.9.1,300_2026.7_kikanzentai_wakayama_sika.pdf
歯科,30,2200705,西出歯科医院,〒646－0027田辺市朝日ケ丘１６－１２,0739-26-0881,西出元,西出元,歯　矯歯　小歯,,平3.5.1,300_2026.7_kikanzentai_wakayama_sika.pdf
歯科,30,2200739,なにわ歯科医院,〒646－0005田辺市秋津町西八丁１７９の３,0739-24-3150,浪花慎二,浪花慎二,歯,,平5.8.1,300_2026.7_kikanzentai_wakayama_sika.pdf
歯科,30,2200747,住吉歯科医院,〒646－0012田辺市神島台１３－１５,0739-25-6090,住吉増彦,住吉増彦,歯,,平6.8.1,300_2026.7_kikanzentai_wakayama_sika.pdf
歯科,30,2200754,山本歯科医院,〒646－0002田辺市上万呂２４０,0739-24-4182,山本尚,山本尚,歯,,平8.7.1,300_2026.7_kikanzentai_wakayama_sika.pdf
歯科,30,2200762,おか歯科医院,〒646－0003田辺市中万呂９１－１,0739-26-5566,岡泰大,岡泰大,歯　小歯,,平8.11.1,300_2026.7_kikanzentai_wakayama_sika.pdf
歯科,30,2200796,真砂歯科診療所,〒646－0031田辺市湊３１－５,0739-22-4102,真砂,真砂,歯　小歯,,平11.6.1,300_2026.7_kikanzentai_wakayama_sika.pdf
歯科,30,2200804,ひまわり歯科,〒646－0028田辺市高雄三丁目１１番５号,0739-26-0418,坂本佳之,坂本佳之,歯,,平14.3.12,300_2026.7_kikanzentai_wakayama_sika.pdf
歯科,30,2200812,龍神村歯科診療所,〒645－0416田辺市龍神村安井２７４,0739-78-0867,真砂,真砂,歯　小歯,,昭61.12.1,300_2026.7_kikanzentai_wakayama_sika.pdf
歯科,30,2200820,田中歯科医院,〒646－1421田辺市中辺路町栗栖川１４２－５,0739-64-0040,田中淳司,田中淳司,歯　小歯,,平16.4.1,300_2026.7_kikanzentai_wakayama_sika.pdf
歯科,30,2200853,玉置歯科医院,〒647－1743田辺市本宮町伏拝９６７－６,0735-43-0664,玉置泰弘,玉置泰弘,歯,,昭57.6.1,300_2026.7_kikanzentai_wakayama_sika.pdf
歯科,30,2200879,保富歯科医院,〒646－1101田辺市鮎川５８３－５,0739-48-0253,保富昭人,保富昭人,歯　小歯,,平19.1.5,300_2026.7_kikanzentai_wakayama_sika.pdf
歯科,30,2200887,まさご歯科口腔外科,〒646－0042田辺市南新町２１５,0739-22-0829,眞砂洋,眞砂洋,歯　小歯　歯外,,平19.4.3,300_2026.7_kikanzentai_wakayama_sika.pdf
歯科,30,2200895,榎阪歯科医院,〒645－0411田辺市龍神村宮代６５５－１,0739-78-2252,榎阪敏,榎阪敏,歯,,平20.3.1,300_2026.7_kikanzentai_wakayama_sika.pdf
歯科,30,2201018,巴歯科医院,〒646－0033田辺市新屋敷町３５－９,0739-22-9273,巴秀司,巴秀司,歯,,平21.1.5,300_2026.7_kikanzentai_wakayama_sika.pdf
歯科,30,2201026,ほとみ歯科,〒646－0001田辺市上秋津２０５６－３,0739-35-1140,保富洋人,保富洋人,歯　小歯,,平24.6.6,300_2026.7_kikanzentai_wakayama_sika.pdf
歯科,30,2201034,坂本歯科医院,〒646－0035田辺市中屋敷町２４－１１,0739-24-8888,坂本一彦,坂本一彦,歯　歯外,,平26.1.1,300_2026.7_kikanzentai_wakayama_sika.pdf
歯科,30,2201042,にしの歯科クリニッ,〒646－0051田辺市稲成町字新江原３２４６番地,0739-34-2626,西野耕治,西野耕治,歯　小歯　歯外,,平27.4.13,300_2026.7_kikanzentai_wakayama_sika.pdf
歯科,30,2201059,すがわ歯科,〒646－0005田辺市秋津町７４２,0739-20-8700,須川将典,須川将典,歯　小歯　歯外,,平29.4.1,300_2026.7_kikanzentai_wakayama_sika.pdf
歯科,30,2201067,竹原歯科医院,〒646－0022田辺市東山１－１８－１０,0739-25-4851,竹原庸介,竹原庸介,歯　小歯　歯外　矯歯,,令3.10.2,300_2026.7_kikanzentai_wakayama_sika.pdf
歯科,30,2201091,あけぼの歯科,〒646－0021田辺市あけぼの２１－７あけぼのビル１０８号室,0739-34-5118,荒木健一,荒木健一,歯,,令7.3.1,300_2026.7_kikanzentai_wakayama_sika.pdf
歯科,30,2210019,初山歯科医院,〒646－0014田辺市新万２０番６号,0739-24-0767,医療法人昌平会理事長初山昌平,初山昌平,歯,,平元.11.1,300_2026.7_kikanzentai_wakayama_sika.pdf
歯科,30,2210027,丸山歯科医院,〒646－0036田辺市上屋敷三丁目１２番６号,0739-23-0505,医療法人丸山歯科医院理事長丸山力,丸山力,歯,,平4.6.1,300_2026.7_kikanzentai_wakayama_sika.pdf
歯科,30,2210043,堀歯科クリニック,〒646－0022田辺市東山１丁目４番３号,0739-26-6336,医療法人堀歯科クリニック理事長堀保雄,堀保雄,歯　小歯,,平6.1.1,300_2026.7_kikanzentai_wakayama_sika.pdf
歯科,30,2210076,稲成歯科医院,〒646－0051田辺市稲成町２８５６ー３,0739-26-3841,医療法人悠真会理事長平憲二郎,平憲二郎,歯　小歯,,平8.3.1,300_2026.7_kikanzentai_wakayama_sika.pdf
歯科,30,2210084,村歯科医院,〒646－0028田辺市高雄１丁目５番３８号,0739-22-8038,医療法人村歯科医院理事長村元晴,村元晴,歯　小歯　矯歯,,平10.8.1,300_2026.7_kikanzentai_wakayama_sika.pdf
歯科,30,2210100,榎本デンタルクリニ,〒646－0005田辺市秋津町２１５－８,0739-24-8148,医療法人旭葉会理事長榎本容二,榎本容二,歯,,平11.2.1,300_2026.7_kikanzentai_wakayama_sika.pdf
歯科,30,2210126,わだ歯科クリニック,〒646－0023田辺市文里２丁目３２－３,0739-81-1188,医療法人豊生会理事長和田茂生,和田茂生,歯　小歯,,平19.3.1,300_2026.7_kikanzentai_wakayama_sika.pdf
歯科,30,2210142,ＳｍｉｌｅＤｅｎ,〒647－1703田辺市本宮町請川２５５番地の３,0735-42-0123,医療法人ＳｍｉｌｅＤｅｎｔａｌＣａｒｅ理事長小渕匡清,小渕聡美,歯,,平23.2.1,300_2026.7_kikanzentai_wakayama_sika.pdf
歯科,30,2210175,ゆかり歯科,〒646－0038田辺市末広町１３－１０,0739-25-4618,医療法人ゆかり歯科理事長石倉友香里,石倉友香里,歯　小歯,,平29.8.1,300_2026.7_kikanzentai_wakayama_sika.pdf
歯科,30,2210183,たなか歯科クリニッ,〒646－0015田辺市たきない町２１－３３,0739-25-0648,医療法人たなか歯科クリニック理事長田中友也,田中友也,歯　矯歯　小歯　歯外,,令6.4.1,300_2026.7_kikanzentai_wakayama_sika.pdf
歯科,30,2300521,宮本歯科,〒647－0071新宮市佐野１丁目５－２８,0735-31-5888,宮本尚武,宮本尚武,歯,,昭58.1.1,300_2026.7_kikanzentai_wakayama_sika.pdf
歯科,30,2300547,浜口歯科医院,〒647－0034新宮市丸山４５９６－４,0735-22-9335,濵口俊英,濵口俊英,歯,,昭60.4.1,300_2026.7_kikanzentai_wakayama_sika.pdf
歯科,30,2300554,川島歯科医院,〒647－0044新宮市神倉３丁目１－３７号,0735-23-0080,川島厚子,川島厚子,歯　小歯,,昭60.4.1,300_2026.7_kikanzentai_wakayama_sika.pdf
歯科,30,2300570,小林歯科室,〒647－0042新宮市下田１丁目４番地７号,0735-21-0418,小林勝,小林勝,歯,,昭62.3.1,300_2026.7_kikanzentai_wakayama_sika.pdf
歯科,30,2300588,向井歯科医院,〒647－0061新宮市三輪崎三丁目７番地１号,0735-31-6424,向井弘幸,向井弘幸,歯,,昭62.11.1,300_2026.7_kikanzentai_wakayama_sika.pdf
歯科,30,2300596,岡本歯科,〒647－0043新宮市緑ケ丘１－８－１６,0735-21-4182,岡本寛彦,岡本寛彦,歯,,平元.10.1,300_2026.7_kikanzentai_wakayama_sika.pdf
歯科,30,2300620,すがわ歯科医院,〒647－0031新宮市田鶴原町一丁目２番２２,0735-22-6487,須川慶一,須川慶一,歯,,平2.11.1,300_2026.7_kikanzentai_wakayama_sika.pdf
歯科,30,2300679,飯田歯科医院,〒647－0061新宮市三輪崎１１２９－３,0735-31-8241,飯田勝典,飯田勝典,歯,,平6.3.1,300_2026.7_kikanzentai_wakayama_sika.pdf
歯科,30,2300687,山本歯科医院,〒647－0061新宮市三輪崎３丁目２番４号,0735-31-7423,山本高久,山本高久,歯,,平6.3.1,300_2026.7_kikanzentai_wakayama_sika.pdf
歯科,30,2300703,亀屋ビル歯科,〒647－0016新宮市谷王子町４５６－１亀屋ビル２Ｆ,0735-28-2525,渡上和紀,渡上和紀,歯　小歯　矯歯,,平11.2.1,300_2026.7_kikanzentai_wakayama_sika.pdf
歯科,30,2300711,ウエムラ歯科クリニ,〒647－0081新宮市新宮３９０ー１すみだビル３階,0735-21-6430,上村洋司,上村洋司,歯　小歯,,平11.5.1,300_2026.7_kikanzentai_wakayama_sika.pdf
歯科,30,2300729,しんぐう歯科,〒647－0015新宮市千穂２－３－１７,0735-22-2959,佐野栄一,佐野栄一,歯,,平14.4.1,300_2026.7_kikanzentai_wakayama_sika.pdf
歯科,30,2300737,さかぐち歯科医院,〒647－0061新宮市三輪崎１２３６－６,0735-31-2081,阪口光央,阪口光央,歯,,平15.6.2,300_2026.7_kikanzentai_wakayama_sika.pdf
歯科,30,2300752,大川歯科医院,〒647－0023新宮市蓬莱２－２－７,0735-22-2307,大川浄,大川浄,歯,,平18.7.1,300_2026.7_kikanzentai_wakayama_sika.pdf
歯科,30,2300760,谷地歯科クリニック,〒647－0081新宮市新宮字馬町５５４番１大橋通りＴビル２Ｆ,0735-28-1818,谷地功次,谷地功次,歯,,平19.6.11,300_2026.7_kikanzentai_wakayama_sika.pdf
歯科,30,2300786,ささや歯科医院,〒647－0052新宮市橋本２－１－６,0735-22-6710,笹屋通子,笹屋通子,歯,,平19.9.1,300_2026.7_kikanzentai_wakayama_sika.pdf
歯科,30,2300794,東歯科医院,〒647－0021新宮市池田３丁目１番１６号,0735-21-1218,東淳司,東淳司,歯　矯歯,,平22.9.1,300_2026.7_kikanzentai_wakayama_sika.pdf
歯科,30,2300810,味八木歯科医院,〒647－0044新宮市神倉４丁目６－４０,0735-29-7728,味八木祐一,味八木祐一,歯,,平28.6.1,300_2026.7_kikanzentai_wakayama_sika.pdf
歯科,30,2300828,西嶋歯科クリニック,〒647－0015新宮市千穂１丁目１番４８号,0735-29-7720,西嶋一路,西嶋一路,歯,,平29.1.16,300_2026.7_kikanzentai_wakayama_sika.pdf
歯科,30,2300836,新宮デンタルクリニ,〒647－0071新宮市佐野３丁目１１－１９スーパーセンターオークワ南紀店,0735-29-4618,塚田祐三,塚田祐三,歯　小歯　矯歯,,令6.11.1,300_2026.7_kikanzentai_wakayama_sika.pdf
歯科,30,2310017,新宮デンタルクリニ,〒647－0052新宮市橋本２丁目３９７１－１イオン新宮店,0735-28-0551,医療法人ＣｕｒｅｔｏＣａｒｅ理事長塚田祐三,塚田祐三,歯　小歯　矯歯,,平23.4.1,300_2026.7_kikanzentai_wakayama_sika.pdf
歯科,30,2310025,新宮小渕歯科・矯正,〒647－0044新宮市神倉四丁目６番４６号,0735-23-9811,医療法人ＳｍｉｌｅＤｅｎｔａｌＣａｒｅ理事長小渕匡清,小渕匡清,歯　矯歯　小歯　歯外,,平24.7.1,300_2026.7_kikanzentai_wakayama_sika.pdf
歯科,30,2400495,堅田歯科医院,〒649－2201西牟婁郡白浜町堅田２０５１－１,0739-43-0811,堅田眞弘,堅田眞弘,歯　小歯,,昭57.8.1,300_2026.7_kikanzentai_wakayama_sika.pdf
歯科,30,2400511,愛須歯科医院,〒649－2511西牟婁郡白浜町日置２０５８－９,0739-52-3811,愛須誠司,愛須誠司,歯,,昭58.11.1,300_2026.7_kikanzentai_wakayama_sika.pdf
歯科,30,2400552,大江歯科,〒649－2105西牟婁郡上富田町朝来１３６４－８,0739-47-4530,大江雅文,大江雅文,歯,,平元.9.1,300_2026.7_kikanzentai_wakayama_sika.pdf
歯科,30,2400586,南歯科医院,〒649－2105西牟婁郡上富田町朝来字坊垣内１３７－５,0739-47-3343,南晶夫,南晶夫,歯　小歯,,平3.8.1,300_2026.7_kikanzentai_wakayama_sika.pdf
歯科,30,2400628,小田歯科医院,〒649－2211西牟婁郡白浜町１３５３－２,0739-42-3339,小田善造,小田善造,歯,,平9.7.1,300_2026.7_kikanzentai_wakayama_sika.pdf
歯科,30,2400636,和田歯科医院,〒649－2105西牟婁郡上富田町朝来１３４８ー１,0739-47-0028,和田貴美代,和田貴美代,歯　矯歯　小歯,,平11.9.7,300_2026.7_kikanzentai_wakayama_sika.pdf
歯科,30,2400644,武田歯科診療所,〒649－2102西牟婁郡上富田町岩田１６４８,0739-47-2007,武田寿子,武田寿子,歯,,平13.6.25,300_2026.7_kikanzentai_wakayama_sika.pdf
歯科,30,2400677,中井歯科医院,〒649－2105西牟婁郡上富田町朝来下内代１１０４,0739-47-1444,中井聖,中井聖,歯,,平16.1.1,300_2026.7_kikanzentai_wakayama_sika.pdf
歯科,30,2400685,いとう歯科医院,〒649－2211西牟婁郡白浜町１４２０－３,0739-82-1850,伊藤建治,伊藤建治,歯　矯歯　小歯　歯外,,平16.3.1,300_2026.7_kikanzentai_wakayama_sika.pdf
歯科,30,2400727,尾﨑歯科医院,〒649－2621西牟婁郡すさみ町周参見４０２６－８,0739-55-2357,尾﨑勝彦,尾﨑勝彦,歯,,平22.1.1,300_2026.7_kikanzentai_wakayama_sika.pdf
歯科,30,2400750,愛須デンタルクリニ,〒649－2105西牟婁郡上富田町朝来字沖之芝７９８－３,0739-47-3103,愛須貴之,愛須貴之,歯　小歯,,令2.7.22,300_2026.7_kikanzentai_wakayama_sika.pdf
歯科,30,2400768,上野歯科医院,〒649－2201西牟婁郡白浜町堅田２０１９－５,0739-43-1027,上野紘佑,上野紘佑,歯,,令2.12.1,300_2026.7_kikanzentai_wakayama_sika.pdf
歯科,30,2410015,伊谷歯科医院,〒649－2334西牟婁郡白浜町才野３８０－１,0739-45-1110,医療法人伊谷歯科医院理事長伊谷康弘,伊谷康弘,歯　小歯,,平4.6.1,300_2026.7_kikanzentai_wakayama_sika.pdf
歯科,30,2410031,医療法人しおりヒ,〒649－2105西牟婁郡上富田町朝来２５８５番地,0739-83-2518,医療法人しおり理事長米澤智子,米澤智子,歯　矯歯　小歯,,令元.9.3,300_2026.7_kikanzentai_wakayama_sika.pdf
歯科,30,2500336,さとう歯科,〒649－5335東牟婁郡那智勝浦町築地四丁目４番８号,0735-52-5667,佐藤純造,佐藤純造,歯,,昭56.10.1,300_2026.7_kikanzentai_wakayama_sika.pdf
歯科,30,2500377,森岡歯科医院,〒649－5312東牟婁郡那智勝浦町宇久井１０７５番地,0735-54-0615,森岡一朗,森岡一朗,歯,,昭59.11.1,300_2026.7_kikanzentai_wakayama_sika.pdf
歯科,30,2500393,もみの木歯科医院,〒649－5331東牟婁郡那智勝浦町天満刑部庄１７３０－４３,0735-52-3311,本野久,本野久,歯　小歯,,平元.4.1,300_2026.7_kikanzentai_wakayama_sika.pdf
歯科,30,2500435,松葉歯科医院,〒649－5331東牟婁郡那智勝浦町天満一丁目４４,0735-52-1040,松葉拓哉,松葉拓哉,歯,,平2.9.1,300_2026.7_kikanzentai_wakayama_sika.pdf
歯科,30,2500484,玉置歯科医院,〒649－5332東牟婁郡那智勝浦町朝日４丁目８６,0735-52-6623,玉置太一,玉置太一,歯,,平4.7.1,300_2026.7_kikanzentai_wakayama_sika.pdf
歯科,30,2500518,奥根歯科医院,〒649－4104東牟婁郡古座川町高池６３－４,0735-72-1418,奥根啓靖,奥根啓靖,歯,,平6.4.1,300_2026.7_kikanzentai_wakayama_sika.pdf
歯科,30,2500526,岩井歯科医院,〒649－4116東牟婁郡串本町中湊４５１,0735-72-0623,岩井優味,岩井優味,歯,,平6.9.1,300_2026.7_kikanzentai_wakayama_sika.pdf
歯科,30,2500542,浦川歯科医院,〒649－5331東牟婁郡那智勝浦町天満４４４－２,0735-52-1020,浦川博司,浦川博司,歯　小歯,,平9.12.1,300_2026.7_kikanzentai_wakayama_sika.pdf
歯科,30,2500567,和中歯科医院,〒649－5332東牟婁郡那智勝浦町朝日３－１７６,0735-52-0426,和中由里,和中由里,歯,,平10.7.1,300_2026.7_kikanzentai_wakayama_sika.pdf
歯科,30,2500625,小森歯科医院,〒649－3503東牟婁郡串本町串本１７３５－１５,0735-62-0707,小森明広,小森明広,歯　小歯,,平7.4.1,300_2026.7_kikanzentai_wakayama_sika.pdf
歯科,30,2500641,和田歯科医院,〒649－5332東牟婁郡那智勝浦町朝日２丁目３－３,0735-52-1678,和田直人,和田直人,歯,,平17.12.28,300_2026.7_kikanzentai_wakayama_sika.pdf
歯科,30,2500682,太地歯科,〒649－5171東牟婁郡太地町太地３２８０,0735-59-6480,宮本旬以,宮本旬以,歯　小歯,,平23.4.1,300_2026.7_kikanzentai_wakayama_sika.pdf
歯科,30,2500708,サンゴ台デンタルセ,〒649－3510東牟婁郡串本町サンゴ台１０６０番地２５２,0735-67-7835,岩谷和大,岩谷和大,小歯　歯,,平25.7.3,300_2026.7_kikanzentai_wakayama_sika.pdf
歯科,30,2500724,きし歯科,〒649－5333東牟婁郡那智勝浦町北浜１の８,0735-52-0432,岸裕之,岸裕之,歯　小歯,,令3.6.1,300_2026.7_kikanzentai_wakayama_sika.pdf
歯科,30,2500732,日高歯科医院,〒649－4122東牟婁郡串本町西向１９４－１,0735-72-0358,日高治,日高治,歯,,令5.7.1,300_2026.7_kikanzentai_wakayama_sika.pdf
歯科,30,2500740,ちあき歯科,〒649－5335東牟婁郡那智勝浦町天満１丁目３３番,0735-52-3939,山門千晃,山門千晃,歯　小歯　矯歯,,令6.7.1,300_2026.7_kikanzentai_wakayama_sika.pdf
歯科,30,2500757,間所歯科医院,〒649－5142東牟婁郡那智勝浦町大字下里２９０３－２,0735-58-1335,間所克矢,間所克矢,歯,,令8.2.1,300_2026.7_kikanzentai_wakayama_sika.pdf
歯科,30,2510012,医療法人真供会,〒649－5171東牟婁郡太地町太地４２０３－９,0735-59-3331,医療法人真供会和穂歯科医院理事長原条和穂,及川邦彦,歯,,平15.7.1,300_2026.7_kikanzentai_wakayama_sika.pdf
