med_type,pref_code,med_code,name,address,phone,opener,manager,depts,beds,designated_date,source
病院,25,0100015,独立行政法人地域医,〒520－0846,077-537-3101,独立行政法人地,中川義久,,273,昭32.7.1,274_2026.7_kikanzentai_shiga_sikaheisetu.pdf
病院,25,0130018,療機能推進機構滋,大津市富士見台１６番１号,,域医療機能推進機構理事長山本修一,,内　呼内　循環器　内科　消化器内科　血液内科　糖尿　病内科　腎臓内科　神内　外　呼外　心外　乳腺外科　整外　脳外　形　外　精　小　皮　ひ　産婦　眼　耳　い　リハ　放　救　命　歯　歯外　麻　緩和ケア内科,37,更新,274_2026.7_kikanzentai_shiga_sikaheisetu.pdf
病院,25,0100155,大津赤十字病院,〒520－,077-522-4131,0046大津市長等一丁目１番３５号日本赤十字社社長清家篤,小川修,地域支援　内科、糖尿・内分　泌内科、血液内科　リウ　精　脳内　呼内　消化器内　科　循環器内科　腎臓内科　小児科　、新生児内科　外　科、消化器外科、　乳腺外科　肝臓外　科、膵臓外科、胆　のう外科　整外　形外　脳外　呼外　心外　小外　皮　ひ　産婦　眼　耳鼻咽喉科、頭頚　部外科　救命　緩　和ケア内科　病理　リハ　放　麻　歯外,602,昭32.9.1,274_2026.7_kikanzentai_shiga_sikaheisetu.pdf
診療所,25,0101195,医療法人石場診療,〒520－0805大津市石場９番６号,077-522-7776,医療法人石場診療所理事長尾辻りさ,尾辻りさ,内　外　皮　肛門　内科、腎臓内科,,昭36.3.20,273_2026.7_kikanzentai_shiga_ika.pdf
病院,25,0101526,医療法人明和会琵,〒520－0113大津市坂本一丁目８番５号,077-578-2023,医療法人明和会理事長石田展弥,石田展弥,精　内,271,昭39.9.1,273_2026.7_kikanzentai_shiga_ika.pdf
診療所,25,0102292,滋賀県職員診療所,〒520－0044大津市京町四丁目１番１号,,地方職員共済組合滋賀県支部支部長三日月大造,北岸尚,内,,昭49.10.19,273_2026.7_kikanzentai_shiga_ika.pdf
病院,25,0102599,医療法人華頂会琵,〒520－2144大津市大萱七丁目７番２号,077-545-9191,医療法人華頂会理事長加藤英材,有村哲朗,療養病床　内　呼内　循環器　内科　消化器内科　糖尿病内科　腎　臓内科　透析　神　内　外　消化器外　科　整外　脳外　皮　ひ　リハ　放,150,昭53.1.13,273_2026.7_kikanzentai_shiga_ika.pdf
診療所,25,0102615,為我井医院,〒520－0224大津市向陽町１番５号,077-573-1138,為我井道子,為我井道子,内　小　外,,昭53.5.10,273_2026.7_kikanzentai_shiga_ika.pdf
診療所,25,0102797,田中診療所,〒520－0105大津市下坂本六丁目１２番２４号,077-578-0126,田中善八,田中善八,内　アレ　リウ,,昭56.1.1,273_2026.7_kikanzentai_shiga_ika.pdf
診療所,25,0103050,村田内科小児科クリ,〒520－0802大津市馬場二丁目６番２０号,077-526-3557,村田安雄,村田安雄,内　小　消　循,,昭58.12.1,273_2026.7_kikanzentai_shiga_ika.pdf
診療所,25,0103167,山元医院眼科皮膚科,〒520－0241大津市今堅田二丁目２６番２０号,077-572-1166,山元力雄,山元力雄,眼　皮,,昭60.4.22,273_2026.7_kikanzentai_shiga_ika.pdf
診療所,25,0103324,におの浜クリニック,〒520－0801大津市におの浜二丁目２番６号,077-523-3757,村田思良,村田思良,精　心内　内,,昭62.6.1,273_2026.7_kikanzentai_shiga_ika.pdf
診療所,25,0103357,かとう医院,〒520－2145大津市大将軍三丁目８番１６号,077-544-1011,加藤孝和,加藤孝和,内　循,,昭62.9.7,273_2026.7_kikanzentai_shiga_ika.pdf
病院,25,0103431,医療法人社団瀬田,〒520－2142大津市玉野浦４番２１号,077-543-1441,医療法人社団瀬田川病院理事長青木泰亮,青木浄亮,精　神内　内,276,昭63.8.1,273_2026.7_kikanzentai_shiga_ika.pdf
診療所,25,0103506,大津市国民健康保険,〒520－0475大津市葛川坊村町２３７番地３３,077-599-2003,大津市大津市長佐藤健司,藤田義嗣,内　整外,,昭63.12.15,273_2026.7_kikanzentai_shiga_ika.pdf
診療所,25,0103522,金田医院,〒520－0865大津市南郷一丁目７番１号,077-534-1134,金田吉正,金田吉正,内　外　胃　小　皮,,昭63.12.1,273_2026.7_kikanzentai_shiga_ika.pdf
診療所,25,0103571,坂本民主診療所,〒520－0113大津市坂本六丁目２５番３０号,077-579-7121,医療法人滋賀勤労者保健会理事長今村浩,今村浩,内　小　整外　放,,平元.4.3,273_2026.7_kikanzentai_shiga_ika.pdf
診療所,25,0103589,医療法人社団ローズ,〒520－0222大津市花園町１番１号,077-573-5388,医療法人社団ローズ診療所理事長青地一,青地一,外　内　胃　整外,,平元.4.1,273_2026.7_kikanzentai_shiga_ika.pdf
病院,25,0103605,医療法人弘英会琵,〒520－0232,077-573-4321,医療法人弘英,小椋英司,,147,平元.6.1,274_2026.7_kikanzentai_shiga_sikaheisetu.pdf
病院,25,0133608,琶湖大橋病院,大津市真野五丁目１番２９号,,会理事長小椋英司,,療養病床　内　外　消化器内　科　循環器内科　呼内　糖尿病内科　、腎臓内科　透析　脳内　老年内科　整外　脳外　呼　外　心外　ひ　皮　眼　肛門外科　放　リハ　麻　歯　小歯　歯外,52,更新,274_2026.7_kikanzentai_shiga_sikaheisetu.pdf
診療所,25,0103639,饗庭医院,〒520－0102大津市苗鹿二丁目３４番１５号,077-578-1231,饗庭昭彦,饗庭昭彦,内　消化器内科,,平元.7.1,273_2026.7_kikanzentai_shiga_ika.pdf
診療所,25,0103670,医療法人明和会び,〒520－0232大津市真野一丁目１２番２３号,077-573-4800,医療法人明和会理事長石田展弥,相宗守,精　内,,平元.11.1,273_2026.7_kikanzentai_shiga_ika.pdf
診療所,25,0103704,医療法人社団瀬田ク,〒520－2153大津市一里山三丁目１番５号,077-545-3945,医療法人社団瀬田クリニック理事長西尾利二,西尾利二,内,,平2.1.1,273_2026.7_kikanzentai_shiga_ika.pdf
診療所,25,0103712,医療法人社団エルシ,〒520－0112大津市日吉台四丁目１５番１号,077-579-3833,医療法人社団エルシーエー理事長河村準奎,河村柾仁,内　消化器内科　療養病床　リハ,,平2.1.1,273_2026.7_kikanzentai_shiga_ika.pdf
診療所,25,0103746,よしだクリニック,〒520－0242大津市本堅田三丁目１８番３号,077-573-2111,吉田隆行,吉田隆行,外　内　胃　整外,,平2.3.1,273_2026.7_kikanzentai_shiga_ika.pdf
診療所,25,0103803,仰木の里クリニック,〒520－0246大津市仰木の里一丁目１４番７号,077-573-2330,村田敏彦,村田敏彦,消　放　内,,平2.8.6,273_2026.7_kikanzentai_shiga_ika.pdf
診療所,25,0103837,医療法人社団加藤,〒520－2132大津市神領二丁目３９番３号,077-545-8810,医療法人社団加藤内科胃腸科理事長工藤菜穂,工藤菜穂,内　胃,,平3.2.2,273_2026.7_kikanzentai_shiga_ika.pdf
診療所,25,0103993,桂医院,〒520－2144大津市大萱三丁目１５番２１号,077-545-2217,桂忠彦,桂忠彦,小,,平4.2.1,273_2026.7_kikanzentai_shiga_ika.pdf
診療所,25,0104025,岡本医院,〒520－0242大津市本堅田一丁目１８番２１号,077-573-2838,医療法人岡本医院理事長岡本芳郎,岡本芳郎,内　小,,平4.4.1,273_2026.7_kikanzentai_shiga_ika.pdf
病院,25,0104058,医療法人藤樹会滋,〒520－0006大津市滋賀里一丁目１８番４１号,077-522-5426,医療法人藤樹会理事長栗本藤基,栗本藤基,精　神　心内　内,255,平4.5.1,273_2026.7_kikanzentai_shiga_ika.pdf
診療所,25,0104066,医療法人大高医院,〒520－0806大津市打出浜６番７号,077-524-3393,医療法人大高医院理事長大髙剛,大髙剛,内,,平4.6.1,273_2026.7_kikanzentai_shiga_ika.pdf
診療所,25,0104108,医療法人社団さい,〒520－2153大津市一里山三丁目１９番４号,077-545-7711,医療法人社団さいき整形外科齋木俊男,齋木俊男,整外　リハ,,平4.11.1,273_2026.7_kikanzentai_shiga_ika.pdf
診療所,25,0104116,湖南クリニック,〒520－2144大津市大萱一丁目１９番２５号,077-545-8530,医療法人湖南クリニック理事長楢林理一郎,楢林理一郎,精　心内,,平4.11.1,273_2026.7_kikanzentai_shiga_ika.pdf
診療所,25,0104132,駒井眼科院,〒520－0832大津市粟津町１７番９号,077-537-1855,駒井潔,駒井潔,眼,,平5.2.1,273_2026.7_kikanzentai_shiga_ika.pdf
診療所,25,0104173,林クリニック,〒520－0831大津市松原町１７番１０号,077-537-6235,林英治,林英治,内　循,,平5.4.1,273_2026.7_kikanzentai_shiga_ika.pdf
診療所,25,0104207,医療法人鶴岡眼科医,〒520－2141大津市大江二丁目１２番３８号,077-544-1075,医療法人鶴岡眼科医院理事長鶴岡聡一郎,鶴岡聡一郎,眼,8,平5.6.1,273_2026.7_kikanzentai_shiga_ika.pdf
診療所,25,0104223,桜谷診療所,〒520－2264大津市大石東四丁目３番１号,077-546-7826,小豆澤澄夫,小豆澤澄夫,内　眼　小,,平5.10.1,273_2026.7_kikanzentai_shiga_ika.pdf
診療所,25,0104264,横田眼科,〒520－0836大津市杉浦町２４番５号,077-537-0520,横田章夫,横田章夫,眼,,平6.5.1,273_2026.7_kikanzentai_shiga_ika.pdf
診療所,25,0104272,山口医院,〒520－2141大津市大江三丁目３番２０号,077-545-2207,山口貴司,山口貴司,内　胃,,平6.5.1,273_2026.7_kikanzentai_shiga_ika.pdf
診療所,25,0104298,医療法人社団木下,〒520－0016大津市比叡平三丁目５３番１２号,077-529-0550,医療法人社団木下内科理事長木下和之,木下和之,内,,平6.9.1,273_2026.7_kikanzentai_shiga_ika.pdf
診療所,25,0104306,龍谷大学瀬田診療所,〒520－2123大津市瀬田大江町横谷１番５号,077-543-7781,学校法人龍谷大学理事長入澤崇,池内央子,内　精,,平6.10.1,273_2026.7_kikanzentai_shiga_ika.pdf
診療所,25,0104330,山田内科,〒520－0113大津市坂本七丁目６番１１号,077-578-5880,医療法人社団山田内科理事長山田哲博,山田哲博,内　循　呼,,平7.2.1,273_2026.7_kikanzentai_shiga_ika.pdf
診療所,25,0104348,竹内医院,〒520－0063大津市横木一丁目８番１０号,077-522-4319,清河滋子,清河滋子,小　内,,平7.3.1,273_2026.7_kikanzentai_shiga_ika.pdf
診療所,25,0104363,はやし眼科医院,〒520－0241大津市今堅田二丁目１４番３号,077-574-4321,林孝宏,林孝宏,眼,,平7.3.10,273_2026.7_kikanzentai_shiga_ika.pdf
診療所,25,0104371,医療法人吉田医院,〒520－0043大津市中央一丁目２番９号,077-522-1567,医療法人吉田医院理事長吉田滋,吉田滋,内　内分泌内科　糖尿病内科,,平7.5.1,273_2026.7_kikanzentai_shiga_ika.pdf
診療所,25,0104421,医療法人社団岡島内,〒520－2141大津市大江四丁目１９番１２号,077-545-8600,医療法人社団岡島内科胃腸科医院理事長岡島達也,岡島達也,内　消,,平7.9.1,273_2026.7_kikanzentai_shiga_ika.pdf
診療所,25,0104447,おの医院,〒520－2101大津市青山三丁目１３番１１号,077-549-2334,小野恭一,小野恭一,小　内,,平7.9.1,273_2026.7_kikanzentai_shiga_ika.pdf
診療所,25,0104454,浜本内科医院,〒520－0844大津市国分一丁目９番２３号,077-534-6043,医療法人浜本内科理事長浜本徹,浜本徹,内　循環器内科,,平7.11.1,273_2026.7_kikanzentai_shiga_ika.pdf
診療所,25,0104470,大西医院,〒520－0043大津市中央三丁目１番１６号,077-522-2967,大西和彦,大西和彦,内　循,,平8.4.1,273_2026.7_kikanzentai_shiga_ika.pdf
診療所,25,0104504,医療法人社団山中,〒520－2276大津市里三丁目６番２２号,077-546-0031,医療法人社団山中医院理事長山中俊彦,山中俊彦,内　循環器内科,,平8.5.1,273_2026.7_kikanzentai_shiga_ika.pdf
病院,25,0104512,医療法人堅田病院,〒520－0242大津市本堅田三丁目３３番２４号,077-572-1281,医療法人堅田病院理事長大塚貞人,国貞隆信,療養病床　内　胃　循　放　リハ,45,平8.6.1,273_2026.7_kikanzentai_shiga_ika.pdf
病院,25,0104546,医療法人幸生会琵,〒520－0834大津市御殿浜２２番３３号,077-526-2131,医療法人幸生会理事長坂口昇,坂口昇,リハ　内　整外　療養病床　消化器内科　脳内,171,平8.10.1,273_2026.7_kikanzentai_shiga_ika.pdf
診療所,25,0104553,医療法人稲富眼科,〒520－0044大津市京町一丁目３番２３号,077-524-3250,医療法人稲富眼科理事長稲冨直子,鈴木裕子,眼,,平8.10.1,273_2026.7_kikanzentai_shiga_ika.pdf
診療所,25,0104561,山岡医院,〒520－0113大津市坂本六丁目２７番２１号,077-578-0145,山岡一衛,山岡一衛,内　精　神,,平9.1.26,273_2026.7_kikanzentai_shiga_ika.pdf
診療所,25,0104736,医療法人輝生会小,〒520－2144大津市大萱一丁目１７番３５号,077-543-3600,医療法人輝生会理事長小西平,小西平,内　循環器内科　皮　ひ　外,,平10.5.1,273_2026.7_kikanzentai_shiga_ika.pdf
診療所,25,0104819,谷医院,〒520－0822大津市秋葉台６番３９号,077-526-8448,谷常保,谷常保,内　小,,平10.12.14,273_2026.7_kikanzentai_shiga_ika.pdf
診療所,25,0104843,田中クリニック,〒520－0106大津市唐崎三丁目３番２７号,077-577-3060,田中善之,田中善之,外　内　整外,,平11.3.1,273_2026.7_kikanzentai_shiga_ika.pdf
診療所,25,0104850,浜大津まつだ医院,〒520－0047大津市浜大津三丁目１０番３号ハイツ浜大津１階,077-525-0086,松田親兒,松田親兒,精　神　心内　内,,平11.3.1,273_2026.7_kikanzentai_shiga_ika.pdf
診療所,25,0104942,医療法人北村医院,〒520－0865大津市南郷五丁目１２番１４号,077-537-0051,医療法人北村医院理事長檀倫子,檀倫子,内　小　糖尿病内　科,,平11.6.1,273_2026.7_kikanzentai_shiga_ika.pdf
診療所,25,0104967,さいとう整形外科医,〒520－0244大津市衣川一丁目１８番８号,077-573-9966,齋藤哲文,齋藤哲文,整外　リハ　リウ,,平11.7.2,273_2026.7_kikanzentai_shiga_ika.pdf
診療所,25,0104975,医療法人社団博真会,〒520－2153大津市一里山一丁目２番１３号,077-543-1490,医療法人社団博真会瀬田耳鼻咽喉科理事長西田佐知,西田佐知,耳い　内　糖尿病　内科,,平11.8.1,273_2026.7_kikanzentai_shiga_ika.pdf
診療所,25,0104983,しみず小児科内科医,〒520－0812大津市木下町９番２９号,077-510-0841,清水芳隆,清水芳隆,小　内　アレ,,平11.9.2,273_2026.7_kikanzentai_shiga_ika.pdf
診療所,25,0104991,医療法人竹林ウィ,〒520－2144大津市大萱１丁目１番１号,077-547-3557,医療法人竹林ウィメンズクリニック理事長竹林浩一,鈴木幸之助,産　婦,18,平11.9.1,273_2026.7_kikanzentai_shiga_ika.pdf
診療所,25,0105006,はえうち診療所,〒520－2153大津市一里山四丁目２５番２１号,077-543-3861,生内一夫,生内一夫,外　歯　内　胃　こう,4,平11.10.1,274_2026.7_kikanzentai_shiga_sikaheisetu.pdf
診療所,25,0105014,曽田医院,〒520－0026大津市桜野町二丁目１３番９号,077-525-8652,曽田宏明,曽田宏明,外　内　消化器内　科,,平11.11.1,273_2026.7_kikanzentai_shiga_ika.pdf
診療所,25,0105071,医療法人大美会大,〒520－0832大津市粟津町４番７号石山駅前近江鉄道ビル３階,077-531-2101,医療法人大美会理事長大西勝,大西勝,外　形外　皮,,平12.4.1,273_2026.7_kikanzentai_shiga_ika.pdf
診療所,25,0105089,医療法人さんらく,〒520－0863大津市千町二丁目１５番２２号,077-533-3133,医療法人さんらく会理事長遠藤徹,遠藤徹,整外　リハ　眼　内,,平12.4.1,273_2026.7_kikanzentai_shiga_ika.pdf
診療所,25,0105097,医療法人緑陽会,〒520－0063大津市横木二丁目１３番５号,077-521-7515,医療法人緑陽会理事長芦田義尚,芦田義尚,胃　内　こう　外　リハ　麻,,平12.4.1,273_2026.7_kikanzentai_shiga_ika.pdf
診療所,25,0105147,小児科藤井医院,〒520－0248大津市仰木の里東一丁目１６番２号,077-571-2455,藤井靖子,藤井靖子,小,,平12.7.22,273_2026.7_kikanzentai_shiga_ika.pdf
診療所,25,0105154,永井医院,〒520－0861大津市石山寺三丁目７番１５号,077-537-1375,永井宗人,永井宗人,内　胃,,平12.7.1,273_2026.7_kikanzentai_shiga_ika.pdf
診療所,25,0105162,ふじかわ耳鼻咽喉科,〒520－0104大津市比叡辻二丁目１１番１７号,077-578-8733,藤川憲夫,藤川憲夫,耳い　アレ,,平12.9.1,273_2026.7_kikanzentai_shiga_ika.pdf
診療所,25,0105170,医療法人緑生会,〒520－2263大津市大石中一丁目６番６号,077-546-1122,医療法人緑生会理事長中山厚彦,中山厚彦,内　循環器内科　整外　リハ　皮,,平12.10.1,273_2026.7_kikanzentai_shiga_ika.pdf
診療所,25,0105188,医療法人社団水谷,〒520－2144大津市大萱三丁目６番３３号,077-547-2789,医療法人社団水谷医院理事長水谷幸之祐,水谷幸之祐,外　整外　消　こ　う　内,,平12.10.1,273_2026.7_kikanzentai_shiga_ika.pdf
診療所,25,0105196,医療法人啓優会,〒520－0861大津市石山寺三丁目１５番３８号,077-534-3920,医療法人啓優会理事長田中和成,田中和成,耳い　気食,,平12.10.1,273_2026.7_kikanzentai_shiga_ika.pdf
診療所,25,0105204,髙岡医院,〒520－0814大津市本丸町５番４７号,077-522-5429,髙岡篤,髙岡篤,内　循　小,,平12.10.1,273_2026.7_kikanzentai_shiga_ika.pdf
診療所,25,0105279,バイオメンタルクリ,〒520－0832大津市粟津町２番４９号オプト石山ビル３階,077-531-0187,石黒淳,石黒淳,心内　精　神　神　内,,平13.5.1,273_2026.7_kikanzentai_shiga_ika.pdf
診療所,25,0105329,医療法人野口医院,〒520－0855大津市栄町２０番１２号,077-533-5533,医療法人野口医院理事長野口明,野口明,内　外　こう,,平13.10.1,273_2026.7_kikanzentai_shiga_ika.pdf
診療所,25,0105337,医療法人社団あし,〒520－0105大津市下阪本六丁目２１番５号,077-578-2886,医療法人社団あしはら整形外科理事長葦原滋,葦原滋,整外　リウ　リハ,,平13.10.1,273_2026.7_kikanzentai_shiga_ika.pdf
診療所,25,0105345,医療法人厚生会石,〒520－0832大津市粟津町４番７号石山駅前近江鉄道ビル１階,077-537-6595,医療法人厚生会理事長福田智一,恵美仁,眼,,平13.10.1,273_2026.7_kikanzentai_shiga_ika.pdf
診療所,25,0105360,医療法人誠仁会吉,〒520－2276大津市里五丁目２番１４号,077-546-5225,医療法人誠仁会吉徳医院理事長吉徳克仁,吉徳克仁,内　リハ,,平14.4.1,273_2026.7_kikanzentai_shiga_ika.pdf
診療所,25,0105428,あらい整形外科,〒520－0025大津市皇子が丘二丁目１０番２５－１０８号,077-521-9015,荒井義之,荒井義之,整外　リハ　リウ,,平14.5.20,273_2026.7_kikanzentai_shiga_ika.pdf
診療所,25,0105451,医療法人よしかわ,〒520－0862大津市平津一丁目６番２２号,077-537-6700,医療法人よしかわ医院理事長吉川哲也,吉川哲也,内　消　小　外　皮,,平14.10.1,273_2026.7_kikanzentai_shiga_ika.pdf
診療所,25,0105477,医療法人輝生産婦,〒520－0105大津市下阪本六丁目２９番１９号,077-578-3388,医療法人輝生産婦人科内科小児科医院理事長大田一博,大田一博,産婦　内　小,15,平14.12.1,273_2026.7_kikanzentai_shiga_ika.pdf
診療所,25,0105485,重永医院,〒520－0043大津市中央二丁目３番１６号,077-525-2255,重永博,重永博,外　内,,平15.4.1,273_2026.7_kikanzentai_shiga_ika.pdf
診療所,25,0105543,ののむら眼科,〒520－2145大津市大将軍一丁目１３番１２号,077-543-5439,野々村章栄,野々村章栄,眼,,平16.2.7,273_2026.7_kikanzentai_shiga_ika.pdf
診療所,25,0105568,たか耳鼻咽喉科医院,〒520－2145大津市大将軍一丁目２７番１号,077-547-2021,川西正高,川西正高,耳い　アレ,,平16.4.21,273_2026.7_kikanzentai_shiga_ika.pdf
診療所,25,0105600,森岡こどもクリニッ,〒520－0002大津市際川四丁目１４番２８号,077-578-8855,森岡久泰,森岡久泰,小,,平16.5.17,273_2026.7_kikanzentai_shiga_ika.pdf
診療所,25,0105618,医療法人高樹会,〒520－0107大津市雄琴北二丁目２番３１号,077-577-3001,医療法人高樹会理事長高山昌奎,高山昌奎,脳外　整外　リハ,,平16.5.1,273_2026.7_kikanzentai_shiga_ika.pdf
診療所,25,0105634,桐山皮ふ科,〒520－0232大津市真野一丁目１番６２号江若交通ビル１階,077-574-3080,桐山貴至,桐山貴至,皮,,平16.7.2,273_2026.7_kikanzentai_shiga_ika.pdf
診療所,25,0105659,松島産婦人科医院,〒520－0027大津市錦織三丁目６番２２号,077-525-0025,医療法人若葉会理事長松島由生子,松島由生子,産婦,7,平16.7.1,273_2026.7_kikanzentai_shiga_ika.pdf
診療所,25,0105667,米村小児科,〒520－0855大津市栄町４番３号昴ビル２階,077-531-0555,米村俊哉,米村俊哉,小,,平16.9.13,273_2026.7_kikanzentai_shiga_ika.pdf
診療所,25,0105675,瀬田医院,〒520－2132大津市神領一丁目９番２０号,077-545-2575,西村馨,西村馨,内　消　皮,,平16.9.1,273_2026.7_kikanzentai_shiga_ika.pdf
診療所,25,0105683,坂部医院,〒520－0801大津市におの浜三丁目５番１５号大津アクアエール１階,077-525-8171,坂部秀明,坂部秀明,内　消,,平16.10.22,273_2026.7_kikanzentai_shiga_ika.pdf
診療所,25,0105691,医療法人緑泉会小,〒520－0241大津市今堅田二丁目２６番１５号,077-571-0575,医療法人緑泉会理事長小泉武,小泉武,内　消,,平16.10.1,273_2026.7_kikanzentai_shiga_ika.pdf
診療所,25,0105725,医療法人前田クリ,〒520－0803大津市竜が丘３番９号,077-523-5888,医療法人前田クリニック理事長前田俊英,前田俊英,整外　内　リハ,,平17.4.1,273_2026.7_kikanzentai_shiga_ika.pdf
診療所,25,0105733,医療法人玉川医院,〒520－2141大津市大江五丁目３３番５号,077-548-3431,医療法人玉川医院理事長玉川正明,玉川正明,外　消　内　リハ,,平17.4.1,273_2026.7_kikanzentai_shiga_ika.pdf
診療所,25,0105766,泉内科循環器科医院,〒520－0004大津市見世二丁目６番１３号,077-525-3308,泉雅文,泉雅文,内　循,,平17.5.9,273_2026.7_kikanzentai_shiga_ika.pdf
診療所,25,0105774,医療法人社団平田,〒520－0025大津市皇子が丘二丁目１０番２５号,077-523-7073,医療法人社団平田眼科理事長平田博文,平田博文,眼,,平17.5.1,273_2026.7_kikanzentai_shiga_ika.pdf
診療所,25,0105782,医療法人社団こん,〒520－0025大津市皇子が丘三丁目１番１４号,077-527-9292,医療法人社団こんどう小児科理事長近藤恭子,近藤恭子,小　アレ,,平17.5.1,273_2026.7_kikanzentai_shiga_ika.pdf
診療所,25,0105816,大道医院,〒520－2145大津市大将軍一丁目１５番７号,077-547-3650,大道信之,大道信之,内　循環器内科　呼内　小,,平17.6.7,273_2026.7_kikanzentai_shiga_ika.pdf
診療所,25,0105840,医療法人よこえ皮,〒520－0025大津市皇子が丘二丁目１０番２５号１０７号,077-523-0020,医療法人よこえ皮フ・泌尿器科理事長横江昌明,横江昌明,皮　ひ,,平17.10.1,273_2026.7_kikanzentai_shiga_ika.pdf
診療所,25,0105857,医療法人スワン会,〒520－0105大津市下阪本六丁目２２番６号,077-578-3022,医療法人スワン会大澤小児科医院理事長木原美奈子,木原美奈子,小　内,,平17.10.1,273_2026.7_kikanzentai_shiga_ika.pdf
診療所,25,0105873,きづみのるクリニッ,〒520－0047大津市浜大津一丁目２番２５号,077-527-5151,医療法人湊心会理事長川會順,川會順,内　循環器内科,,平17.11.1,273_2026.7_kikanzentai_shiga_ika.pdf
診療所,25,0105881,医療法人桂川レディ,〒520－0834大津市御殿浜２１番８号,077-511-4135,医療法人桂川レディースクリニック理事長桂川浩,桂川浩,産　婦　麻,17,平17.11.1,273_2026.7_kikanzentai_shiga_ika.pdf
診療所,25,0105907,和邇診療所,〒520－0526大津市和邇中１９０番地１,077-594-0029,岡村清,岡村清,内　ひ,,昭61.8.1,273_2026.7_kikanzentai_shiga_ika.pdf
診療所,25,0105915,医療法人社団理庵,〒520－0514大津市木戸１４０番地,077-592-0002,医療法人社団理庵理事長北沢明人,北沢明人,内　糖尿病内科　老年内科,,平2.5.1,273_2026.7_kikanzentai_shiga_ika.pdf
診療所,25,0105949,諸賀整形外科医院,〒520－0522大津市和邇中浜３３４番地１,077-594-5353,諸賀巳喜夫,諸賀巳喜夫,整外　リハ,,平6.3.1,273_2026.7_kikanzentai_shiga_ika.pdf
診療所,25,0105956,医療法人金谷クリ,〒520－0532大津市湖青一丁目１番地３１,077-594-5001,医療法人金谷クリニック理事長荒木克夫,荒木克夫,消化器内科　内　胃腸内科　循,,平6.3.1,273_2026.7_kikanzentai_shiga_ika.pdf
診療所,25,0105964,医療法人湖青会青,〒520－0528大津市和邇高城２６０番地１,077-594-0110,医療法人湖青会理事長井上徹也,井上徹也,外　内　循環器内　科　皮　こう　放　リハ,,平9.4.1,273_2026.7_kikanzentai_shiga_ika.pdf
診療所,25,0105972,東医院,〒520－0502大津市南小松１５９４番地１７０,077-596-1771,東陽一,東陽一,リハ　整外　内,,平10.4.1,273_2026.7_kikanzentai_shiga_ika.pdf
診療所,25,0105980,ふくた診療所,〒520－0515大津市八屋戸９７１番地５,077-592-8003,福田章典,福田章典,内　消,,平10.4.27,273_2026.7_kikanzentai_shiga_ika.pdf
病院,25,0106004,大津赤十字志賀病院,〒520－0580大津市和邇中２９８番地,077-594-8777,日本赤十字社社長清家篤,河南智晴,療養病床　内　消　循　小　外　整外　産婦　リハ　ひ,143,平14.7.1,273_2026.7_kikanzentai_shiga_ika.pdf
診療所,25,0106053,医療法人ひろせ耳,〒520－0801大津市におの浜二丁目２番５号大津スカイハイツ１０６号,077-523-7667,医療法人ひろせ耳鼻咽喉科医院理事長瀬知子,廣瀬章子,耳い　アレ,,平18.4.1,273_2026.7_kikanzentai_shiga_ika.pdf
診療所,25,0106061,医療法人銀杏会ま,〒520－0107大津市雄琴北一丁目６番１４号,077-577-3210,医療法人銀杏会まつだ内科胃腸科理事長松田博,松田博,内　胃,,平18.4.1,273_2026.7_kikanzentai_shiga_ika.pdf
診療所,25,0106111,医療法人小澤耳鼻,〒520－0027大津市錦織二丁目２番２４号,077-523-1617,医療法人小澤耳鼻咽喉科理事長小澤博史,小澤博史,耳い,,平18.7.1,273_2026.7_kikanzentai_shiga_ika.pdf
診療所,25,0106129,まつだ医院,〒520－2144大津市大萱二丁目４番２０号,077-543-3000,医療法人明光会まつだ医院理事長松田明,松田明,胃　内　外　小　リハ,,平18.8.1,273_2026.7_kikanzentai_shiga_ika.pdf
診療所,25,0106137,森寺眼科医院,〒520－0043大津市中央三丁目５番３２号,077-522-2359,森寺威之,森寺威之,眼,,平18.9.1,273_2026.7_kikanzentai_shiga_ika.pdf
診療所,25,0106145,田井中内科医院,〒520－0832大津市粟津町３番２号ＪＲ石山駅ＮＫビル４階,077-534-8825,田井中憲三,田井中憲三,内　胃　放,,平18.10.1,273_2026.7_kikanzentai_shiga_ika.pdf
病院,25,0106152,医療法人良善会ひ,〒520－0002大津市際川三丁目３５番１号,077-522-5411,医療法人良善会理事長柳橋健,土井隆一郎,内　老年内科　消　療養病床　化器内科　リハ,170,平18.12.1,273_2026.7_kikanzentai_shiga_ika.pdf
診療所,25,0106160,ハッピーねもとクリ,〒520－0057大津市御幸町１番２７号レスペクテ１階,077-524-8899,根本正,根本正,内　外　呼　アレ,,平19.1.4,273_2026.7_kikanzentai_shiga_ika.pdf
診療所,25,0106186,こうなみクリニック,〒520－0104大津市比叡辻二丁目７番１０号,077-579-8211,医療法人比良寿会理事長神波照夫,神波照夫,ひ　皮　外,,平19.4.1,273_2026.7_kikanzentai_shiga_ika.pdf
診療所,25,0106194,増田耳鼻咽喉科医院,〒520－0043大津市中央二丁目４番１４号,077-524-3387,医療法人信耳会理事長増田信弘,釆野舞侑,耳い,,平19.4.1,273_2026.7_kikanzentai_shiga_ika.pdf
診療所,25,0106210,せと肛門胃腸クリニ,〒520－0525大津市小野３７５番地１,077-594-8533,医療法人さくら会理事長瀬戸宗一郎,瀬戸宗一郎,胃　内　外　こう,,平19.4.1,273_2026.7_kikanzentai_shiga_ika.pdf
診療所,25,0106236,伊藤医院,〒520－0027大津市錦織三丁目１６番２３号,077-521-1388,伊藤雅夫,伊藤雅夫,外　内　こう　整　外,,平19.6.1,273_2026.7_kikanzentai_shiga_ika.pdf
診療所,25,0106251,医療法人西山医院,〒520－0025大津市皇子が丘二丁目２番１２号,077-523-2078,医療法人西山医院理事長西山順博,西山順博,内　消化器内科　胃腸内科　循環器　内科,,平19.8.1,273_2026.7_kikanzentai_shiga_ika.pdf
診療所,25,0106269,みずき皮フ科クリニ,〒520－0051大津市梅林一丁目８番５号,077-511-2305,医療法人みずき皮フ科クリニック理事長榎堀みき子,榎堀みき子,形外　皮,,平19.7.6,273_2026.7_kikanzentai_shiga_ika.pdf
診療所,25,0106277,いのうえ内科クリニ,〒520－0026大津市桜野町二丁目４番７号パデシオン西大津１階,077-510-2810,井上文彦,井上文彦,内　消,,平19.10.2,273_2026.7_kikanzentai_shiga_ika.pdf
診療所,25,0106285,医療法人池ノ上医,〒520－0532大津市湖青一丁目７番１号,077-594-3970,医療法人池ノ上医院理事長池ノ上晃一,池ノ上晃一,内　循環器内科,,平19.8.30,273_2026.7_kikanzentai_shiga_ika.pdf
診療所,25,0106335,おおむら内科クリニ,〒520－2141大津市大江三丁目２５番１７号,077-544-5515,大村具子,大村具子,内　循環器内科　整外,,平20.6.2,273_2026.7_kikanzentai_shiga_ika.pdf
診療所,25,0106368,福島耳鼻咽喉科,〒520－0814大津市本丸町４番３１号,077-521-0177,福島英行,福島英行,耳い,,平20.8.6,273_2026.7_kikanzentai_shiga_ika.pdf
診療所,25,0106376,こうの眼科,〒520－0105大津市下阪本六丁目３７番４号,077-535-1285,河野景一,河野景一,眼,,平20.8.1,273_2026.7_kikanzentai_shiga_ika.pdf
診療所,25,0106418,あすとこクリニック,〒520－0047大津市浜大津４丁目１番１号明日都浜大津３階,077-526-8161,渡部玉蘭,渡部玉蘭,小　アレ,,平20.11.1,273_2026.7_kikanzentai_shiga_ika.pdf
診療所,25,0106426,みやこ皮フ科,〒520－0106大津市唐崎３丁目１８番１０号,077-535-4726,古屋敷美野子,古屋敷美野子,皮　美容皮膚科,,平20.11.5,273_2026.7_kikanzentai_shiga_ika.pdf
診療所,25,0106434,糖尿病クリニック堅,〒520－0242大津市本堅田五丁目２０番１０号アルプラザ堅田３階,077-514-8390,藤田俊樹,藤田俊樹,糖尿病内科　脂質　代謝内科,,平21.2.1,273_2026.7_kikanzentai_shiga_ika.pdf
診療所,25,0106459,医療法人藤井医院,〒520－0802大津市馬場一丁目６番１９号,077-526-1671,医療法人藤井医院理事長藤井恒夫,藤井恒夫,内　呼吸器内科　小,,平21.2.2,273_2026.7_kikanzentai_shiga_ika.pdf
診療所,25,0106475,由良クリニック,〒520－0047大津市浜大津二丁目１番２９号,077-510-1023,医療法人碧藍会理事長由良茂人,由良茂人,整外　リウ　リハ　眼,,平21.4.1,273_2026.7_kikanzentai_shiga_ika.pdf
診療所,25,0106483,いのうえ眼科,〒520－0813大津市丸の内町１１番５号,077-526-7770,井上美奈香,井上美奈香,眼,,平21.5.12,273_2026.7_kikanzentai_shiga_ika.pdf
診療所,25,0106509,ときめき坂メンタル,〒520－0802大津市馬場一丁目３番６号,077-528-1556,柴原証基,柴原証基,精　心内,,平21.7.1,273_2026.7_kikanzentai_shiga_ika.pdf
診療所,25,0106517,瀬古内科クリニック,〒520－0802大津市馬場三丁目２番２５号,077-510-5755,医療法人瀬古内科クリニック理事長瀬古修二,瀬古修二,内　消化器内科,,平21.7.1,273_2026.7_kikanzentai_shiga_ika.pdf
診療所,25,0106525,竹村皮フ科クリニッ,〒520－0027大津市錦織二丁目３番３３号,077-526-7085,竹村典子,竹村典子,皮,,平21.10.10,273_2026.7_kikanzentai_shiga_ika.pdf
診療所,25,0106533,湖都クリニック内科,〒520－0025大津市皇子が丘二丁目９番１３号ワイズアクト１階（Ｔ１０１）,077-510-7335,山元章示,山元章示,内　循環器内科,,平21.10.10,273_2026.7_kikanzentai_shiga_ika.pdf
診療所,25,0106558,西大津耳鼻咽喉科,〒520－0025大津市皇子が丘二丁目１０番２５号１０４ファーストタワー大津ＭＡＲＹ１Ｆ,077-510-5454,医療法人信耳会理事長増田信弘,増田信弘,耳い,,平22.1.1,273_2026.7_kikanzentai_shiga_ika.pdf
診療所,25,0106566,せきい眼科,〒520－0862大津市平津一丁目１２番１１号,077-537-0809,関井英一郎,関井英一郎,眼,,平22.3.6,273_2026.7_kikanzentai_shiga_ika.pdf
診療所,25,0106582,おかじまクリニック,〒520－0241大津市今堅田二丁目６番１,077-571-2166,岡島誠一郎,岡島誠一郎,整外　リハ　リウ,,平22.8.1,273_2026.7_kikanzentai_shiga_ika.pdf
診療所,25,0106590,西村整形外科医院,〒520－0814大津市本丸町３番５号,077-522-9737,西村尚記,西村尚記,整外　リハ,,平22.9.1,273_2026.7_kikanzentai_shiga_ika.pdf
診療所,25,0106608,田中ファミリークリ,〒520－0242大津市本堅田四丁目６番２２号,077-573-7070,田中努,田中努,内　小　ひ,,平22.10.1,273_2026.7_kikanzentai_shiga_ika.pdf
診療所,25,0106616,滝本医院,〒520－0105大津市下阪本一丁目２０番１１号,077-578-5550,滝本行延,滝本行延,内　消化器内科,,平22.10.5,273_2026.7_kikanzentai_shiga_ika.pdf
診療所,25,0106632,石山医院,〒520－0832大津市粟津町１７番３６号,077-537-2079,竹岡玲,竹岡玲,内　循環器内科　皮　外,,平22.9.1,273_2026.7_kikanzentai_shiga_ika.pdf
診療所,25,0106657,医療法人レイクサイ,〒520－2141大津市大江一丁目３番２０号,077-544-2995,医療法人レイクサイドクリニック理事長大森聖一,大森聖一,内　小　消化器内　科　リハ,,平22.10.1,273_2026.7_kikanzentai_shiga_ika.pdf
診療所,25,0106665,小児科伊吹医院,〒520－0001大津市蓮池町７番３号,077-524-6026,伊吹将吾,伊吹将吾,小　アレ,,平23.1.1,273_2026.7_kikanzentai_shiga_ika.pdf
診療所,25,0106673,医療法人祐森クリ,〒520－0522大津市和邇中浜４６０番地の１,077-594-5611,医療法人祐森クリニック理事長祐森泰郎,祐森泰郎,内　アレ　消化器　内科　漢方内科　リハ　眼,,平23.1.1,273_2026.7_kikanzentai_shiga_ika.pdf
診療所,25,0106681,やすい総合内科クリ,〒520－0113大津市坂本三丁目３２番２２号,077-578-8800,安井達,安井達,内　循環器内科　消化器内科　糖尿　病内科,,平23.4.1,273_2026.7_kikanzentai_shiga_ika.pdf
診療所,25,0106699,原田医院,〒520－0832大津市粟津町１７番２１号,077-537-1881,原田英彦,原田英彦,呼内　内　小,,平23.5.1,273_2026.7_kikanzentai_shiga_ika.pdf
診療所,25,0106731,小児科おくだ医院,〒520－0813大津市丸の内町９番３５号,077-510-0620,奥田晃朗,奥田晃朗,小　内　アレ,,平23.8.1,273_2026.7_kikanzentai_shiga_ika.pdf
診療所,25,0106764,医療法人本郷クリ,〒520－0025大津市皇子が丘二丁目１０番２７号西大津ＩＳビル４Ｆ,077-511-0259,医療法人本郷クリニック理事長本郷吉洋,本郷吉洋,ひ　内,,平23.10.1,273_2026.7_kikanzentai_shiga_ika.pdf
診療所,25,0106780,わたなべ湖西クリニ,〒520－0105大津市下阪本六丁目３８番１１号,077-577-1577,医療法人わたなべ湖西クリニック理事長渡邊裕,渡邊裕,内　循環器内科,,平24.3.5,273_2026.7_kikanzentai_shiga_ika.pdf
診療所,25,0106822,桂田医院,〒520－,077-522-2298,0046大津市長等三丁目１番３３号桂田哲,桂田哲,内　消化器内科,,平24.6.1,273_2026.7_kikanzentai_shiga_ika.pdf
診療所,25,0106830,医療法人恵和会,〒520－0241大津市今堅田二丁目１６番１１号,077-573-4456,医療法人恵和会理事長林道友,林道友,内　消化器内科　循環器内科,,平24.7.1,273_2026.7_kikanzentai_shiga_ika.pdf
診療所,25,0106848,おうみのくにクリニ,〒520－2144大津市大萱一丁目１８番３４号中川ビル４Ｆ,077-544-3980,木村新,木村新,精　心内,,平24.9.1,273_2026.7_kikanzentai_shiga_ika.pdf
診療所,25,0106889,小松診療所,〒520－0501大津市北小松４１７番地,077-596-0024,上川龍彦,上川龍彦,内　外,,平24.12.1,273_2026.7_kikanzentai_shiga_ika.pdf
診療所,25,0106939,せいらんクリニック,〒520－0831大津市松原町１４番７号,077-574-7700,医療法人社団湖光会理事長濵辺方子,髙橋基,整外　リハ　リウ,,平25.9.1,273_2026.7_kikanzentai_shiga_ika.pdf
診療所,25,0106947,竹下整形外科,〒520－0837大津市中庄１丁目１４－１０－２,077-572-9978,竹下秀之,竹下秀之,整外　リウ　リハ,,平25.11.1,273_2026.7_kikanzentai_shiga_ika.pdf
診療所,25,0106954,医療法人せせらぎ会,〒520－0242大津市本堅田六丁目３６番１号,077-574-3751,医療法人せせらぎ会理事長浮田徹也,浮田徹也,産　婦　麻,19,平25.11.1,273_2026.7_kikanzentai_shiga_ika.pdf
診療所,25,0106962,瀬田三愛小児科,〒520－2144大津市大萱一丁目１５番１９号松田ビル,077-545-5312,医療法人蔦初会理事長林宗夫,林宗夫,小　アレ　小児循　環器科,,平25.10.1,273_2026.7_kikanzentai_shiga_ika.pdf
診療所,25,0106988,宮川医院,〒520－0851大津市唐橋町１８番２５号,077-537-2016,宮川佐智子,宮川佐智子,内　小,,平25.11.1,273_2026.7_kikanzentai_shiga_ika.pdf
診療所,25,0106996,しばやま耳鼻咽喉科,〒520－0055大津市春日町２番１号ＣＯＣＯＬＡＳ大津２０２,077-510-1201,柴山将之,柴山将之,耳い,,平25.12.1,273_2026.7_kikanzentai_shiga_ika.pdf
診療所,25,0107002,たきもとクリニック,〒520－0055大津市春日町２番１号ＣＯＣＯＬＡＳ大津２０４,077-510-1015,滝本善仁,滝本善仁,内　循環器内科,,平25.12.1,273_2026.7_kikanzentai_shiga_ika.pdf
診療所,25,0107028,わかばやし皮ふ科ク,〒520－0851大津市唐橋町２２番７号,077-537-8800,若林浩子,若林浩子,皮　アレ,,平26.4.1,273_2026.7_kikanzentai_shiga_ika.pdf
診療所,25,0107036,医療法人三水会波,〒520－0006大津市滋賀里一丁目８番２８号,077-521-4747,医療法人三水会波田内科医院理事長栗本晃二,栗本晃二,循環器内科　内　アレ,,平26.4.1,273_2026.7_kikanzentai_shiga_ika.pdf
診療所,25,0107044,医療法人やまもと,〒520－0801大津市におの浜二丁目２－５大津スカイハイツ１Ｆ１０８号,077-526-8970,医療法人やまもとファミリークリニック理事長山本貴子,山本貴子,内　循環器内科　小,,平26.4.1,273_2026.7_kikanzentai_shiga_ika.pdf
診療所,25,0107051,奥村医院,〒520－0834大津市御殿浜２０番２６号,077-537-5357,奥村裕之,奥村裕之,内　神内,,平26.7.1,273_2026.7_kikanzentai_shiga_ika.pdf
診療所,25,0107093,森井眼科医院,〒520－0043大津市中央一丁目６番１８号,077-522-2153,医療法人社団新緑会理事長森井勇介,森井勇介,眼,4,平26.10.1,273_2026.7_kikanzentai_shiga_ika.pdf
診療所,25,0107119,医療法人湖秀会藤,〒520－2279大津市黒津二丁目２番３号,077-536-3522,医療法人湖秀会理事長藤岡秀行,藤岡秀行,内　循環器内科,,平26.11.1,273_2026.7_kikanzentai_shiga_ika.pdf
診療所,25,0107135,医療法人博悠会かわ,〒520－0854大津市鳥居川町４番２５号,077-537-0643,医療法人博悠会理事長川村恒博,川村恒博,糖尿病内科　内　リハ,,平27.4.1,273_2026.7_kikanzentai_shiga_ika.pdf
診療所,25,0107143,医療法人赫照会,〒520－0861大津市石山寺三丁目１５番１０号,077-537-5537,医療法人赫照会理事長平田和人,平田和人,内　循環器内科,,平27.4.1,273_2026.7_kikanzentai_shiga_ika.pdf
診療所,25,0107150,医療法人美崎ファミ,〒520－0841大津市美崎町２番２２号,077-531-2088,医療法人美崎ファミリークリニック理事長口博一,口博一,内　循環器内科　糖尿病内科,,平27.5.1,273_2026.7_kikanzentai_shiga_ika.pdf
診療所,25,0107168,医療法人社団循環器,〒520－0024大津市松山町１０番３３号,077-514-8530,医療法人社団循環器内科冨岡クリニック理事長冨岡宣良,冨岡宣良,循環器内科　内,,平27.5.1,273_2026.7_kikanzentai_shiga_ika.pdf
診療所,25,0107200,藤井皮フ科クリニッ,〒520－2145大津市大将軍１－９－１１,077-548-4112,藤井紀和,藤井紀和,皮　形外　アレ,,平28.2.1,273_2026.7_kikanzentai_shiga_ika.pdf
診療所,25,0107218,医療法人社団あかつ,〒520－0105大津市下阪本２丁目２０番５７号,077-572-8088,医療法人社団あかつき会理事長武田克彦,武田克彦,内　整外　皮,,平28.2.1,273_2026.7_kikanzentai_shiga_ika.pdf
診療所,25,0107259,しろやま赤ちゃんこ,〒520－0242大津市本堅田６丁目３５－２８,077-574-2300,城山照貴,城山照貴,小　新生児内科,,平28.5.1,273_2026.7_kikanzentai_shiga_ika.pdf
診療所,25,0107291,医療法人いながきハ,〒520－0001大津市蓮池町１４番２４号,077-526-8000,医療法人いながきハートクリニック理事長稲垣宏一,稲垣宏一,内　循環器内科,,平28.10.1,273_2026.7_kikanzentai_shiga_ika.pdf
診療所,25,0107309,医療法人楽育会山本,〒520－0001大津市蓮池町１４番２３号,077-572-6546,医療法人楽育会理事長山本国浩,山本国浩,整外　リハ,,平28.10.1,273_2026.7_kikanzentai_shiga_ika.pdf
診療所,25,0107325,駒井クリニック,〒520－2141大津市大江３丁目５－２０,077-545-3067,駒井慎次郎,駒井慎次郎,形外　皮　外,,平29.1.1,273_2026.7_kikanzentai_shiga_ika.pdf
診療所,25,0107333,医療法人央友会光,〒520－0047大津市浜大津二丁目２番２号,077-522-7526,医療法人央友会理事長光吉出,光吉出,小　内,,平29.1.18,273_2026.7_kikanzentai_shiga_ika.pdf
診療所,25,0107366,医療法人北村クリ,〒520－2134大津市瀬田五丁目２２－２１,077-543-1469,医療法人北村クリニック理事長北村博之,北村博之,整外　外　リハ　内　乳腺外科,,平29.4.1,273_2026.7_kikanzentai_shiga_ika.pdf
病院,25,0107374,市立大津市民病院,〒520－0804大津市本宮二丁目９番９号,077-522-4607,地方独立行政法人市立大津市民病院理事長河内明宏,日野明彦,地域支援　一般（感染）　内　他　呼内　呼　外　心内　精　小　外　整外　脳外　心外　リハ　産　婦　眼　耳い　ひ　皮　歯　矯歯　歯外　放　麻　形　外　病理,377,平29.4.1,274_2026.7_kikanzentai_shiga_sikaheisetu.pdf
診療所,25,0107408,本堅田クリニック,〒520－0242大津市本堅田４丁目４－２１,077-571-0250,医療法人社団五心会理事長鈴木究,鈴木究,内,,平29.9.1,273_2026.7_kikanzentai_shiga_ika.pdf
診療所,25,0107416,ばんば耳鼻咽喉科医,〒520－0004大津市見世二丁目１９番５０号,077-526-8741,医療法人ばんば耳鼻咽喉科医院理事長馬場均,馬場均,耳い,,平29.10.1,273_2026.7_kikanzentai_shiga_ika.pdf
診療所,25,0107424,医療法人道器さく,〒520－0832大津市粟津町２番６５号第２久下ビル１Ｆ,077-511-9119,医療法人道器理事長櫻井健世,櫻井健世,脳内　内　精,,平29.10.1,273_2026.7_kikanzentai_shiga_ika.pdf
診療所,25,0107440,大津宮ほそだクリニ,〒520－0027大津市錦織二丁目８番４０号,077-522-1222,細田光洋,細田光洋,内　ひ,,平30.1.1,273_2026.7_kikanzentai_shiga_ika.pdf
診療所,25,0107457,レイクこどもクリニ,〒520－2145大津市大将軍三丁目２４番７号,077-548-3001,医療法人グリーンスウォード理事長山上和良,野村明孝,小　アレ　小児血　液科,,平30.2.1,273_2026.7_kikanzentai_shiga_ika.pdf
診療所,25,0107499,いしやまクリニック,〒520－0832大津市粟津町３番２号ＪＲ石山駅ＮＫビル４０２号,077-537-2558,鈴木朋久,鈴木朋久,心内　精,,平30.4.1,273_2026.7_kikanzentai_shiga_ika.pdf
診療所,25,0107523,医療法人誠尽会,〒520－0246大津市仰木の里七丁目１番９号,077-536-5530,医療法人誠尽会理事長本多和彦,本多和彦,内　消化器内科,,平30.7.1,273_2026.7_kikanzentai_shiga_ika.pdf
診療所,25,0107564,坂本医院,〒520－0105大津市下阪本六丁目２２－１０,077-536-5260,医療法人比叡会理事長佐伯善文,佐伯善文,外　内　胃腸内科,,平30.10.1,273_2026.7_kikanzentai_shiga_ika.pdf
診療所,25,0107580,メンタルクリニック,〒520－0832大津市粟津町７－２１－２０２,077-531-2800,秋田巌,秋田巌,心内　精,,平31.4.1,273_2026.7_kikanzentai_shiga_ika.pdf
診療所,25,0107598,まつざき内科クリニ,〒520－2143大津市萱野浦１１－１６,077-544-0080,松﨑茂,松﨑茂,内　脳内,,令元.5.1,273_2026.7_kikanzentai_shiga_ika.pdf
診療所,25,0107606,医療法人藤花会ふ,〒520－0854大津市鳥居川町４番２０号石山唐橋クリニックモール１Ｆ,077-548-7152,医療法人藤花会理事長藤岡靖忠,藤岡靖忠,内　循環器内科　外　血管外科,,令元.5.1,273_2026.7_kikanzentai_shiga_ika.pdf
診療所,25,0107614,医療法人木下レディ,〒520－0806大津市打出浜１０－３７,077-526-1451,医療法人木下レディースクリニック理事長木下孝一,岩下寿子,婦　産,,令元.5.1,273_2026.7_kikanzentai_shiga_ika.pdf
診療所,25,0107622,つつみ眼科,〒520－0806大津市打出浜７番１０号,077-525-0223,医療法人つつみ眼科理事長堤元信,堤元信,眼,,令元.5.1,273_2026.7_kikanzentai_shiga_ika.pdf
診療所,25,0107630,医療法人滋賀勤労者,〒520－0817大津市昭和町２－１７,077-524-8114,医療法人滋賀勤労者保健会理事長今村浩,東昌子,内　小,,令元.6.1,273_2026.7_kikanzentai_shiga_ika.pdf
診療所,25,0107655,湖山クリニック,〒520－0862大津市平津一丁目１８番１５号,077-537-5881,医療法人社団湖光会理事長濵辺方子,濵辺方子,内　消化器内科　呼内　循環器内科　糖尿病・代謝内　科、内分泌内科,,令元.9.1,273_2026.7_kikanzentai_shiga_ika.pdf
診療所,25,0107663,ひの眼科クリニック,〒520－0242大津市本堅田五丁目９番１４号,077-511-9555,医療法人泰山会理事長野泰一,野泰一,眼,,令元.11.1,273_2026.7_kikanzentai_shiga_ika.pdf
診療所,25,0107671,くろづ外科医院,〒520－2279大津市黒津二丁目１５番２２号,077-546-6658,医療法人くろづ外科医院理事長遠藤郁,遠藤郁,外　内　整外,,令元.11.1,273_2026.7_kikanzentai_shiga_ika.pdf
診療所,25,0107689,大津京なかた眼科,〒520－0021大津市二本松１番１号,077-574-7400,仲田勇夫,仲田勇夫,眼,,令元.12.1,273_2026.7_kikanzentai_shiga_ika.pdf
診療所,25,0107697,瀬田しもぞの眼科,〒520－2145大津市大将軍三丁目２４番６号,077-545-8000,医療法人グリーンスウォード理事長山上和良,下園正剛,眼,,令2.2.1,273_2026.7_kikanzentai_shiga_ika.pdf
診療所,25,0107713,医療法人あそうクリ,〒520－0044大津市京町二丁目１－２４,077-510-6580,医療法人あそうクリニック理事長麻生伸一,麻生伸一,整外　リハ　外　内　リウ,,令2.5.1,273_2026.7_kikanzentai_shiga_ika.pdf
診療所,25,0107721,たいら内科・消化器,〒520－2152大津市月輪三丁目３３番１号月輪メディカルモール１階,077-548-6371,平良薫,平良薫,内　消化器内科,,令2.6.1,273_2026.7_kikanzentai_shiga_ika.pdf
診療所,25,0107739,医療法人たかお泌尿,〒520－0854大津市鳥居川町４番２０号石山唐橋クリニックモール２階,077-526-7670,医療法人たかお泌尿器科クリニック理事長高尾典恭,高尾典恭,ひ　皮　外,,令2.5.1,273_2026.7_kikanzentai_shiga_ika.pdf
診療所,25,0107747,医療法人たかこレ,〒520－0832大津市粟津町３番２号ＪＲ石山駅ＮＫビル３０３号室,077-534-4031,医療法人たかこレディスクリニック理事長横井崇子,横井崇子,婦　産,,令2.5.1,273_2026.7_kikanzentai_shiga_ika.pdf
診療所,25,0107762,湖西形成外科,〒520－0242大津市本堅田６丁目２０－２５,077-574-1233,山本暢,山本暢,形外　皮　美容皮　膚科,,令2.8.1,273_2026.7_kikanzentai_shiga_ika.pdf
診療所,25,0107770,大津やまもと内科ク,〒520－0867大津市大平二丁目１番３号,077-531-0200,山本和雄,山本和雄,内　消化器内科　内視鏡内科,,令2.9.1,273_2026.7_kikanzentai_shiga_ika.pdf
診療所,25,0107788,リプロダクション浮,〒520－0232大津市真野一丁目４５番８号,077-572-7624,医療法人せせらぎ会理事長浮田徹也,浮田祐司,産婦人科（生殖医　療）　内,,令2.10.1,273_2026.7_kikanzentai_shiga_ika.pdf
診療所,25,0107796,医療法人弘英会北,〒520－0101大津市雄琴六丁目１１番８号,077-579-1011,医療法人弘英会理事長小椋英司,池田俊子,内　循環器内科　整外　眼,,令2.11.1,273_2026.7_kikanzentai_shiga_ika.pdf
診療所,25,0107804,瀬田西クリニック,〒520－2134大津市瀬田三丁目３７番９号,077-545-5255,医療法人社団加音理事長加藤泰規,加藤泰規,内　外　リハ,19,令2.11.1,273_2026.7_kikanzentai_shiga_ika.pdf
病院,25,0107812,打出病院,〒520－0806大津市打出浜１０番４１号,077-521-0005,医療法人社団尚青会理事長金偉雄,金偉雄,療養病床　内　外　整外　ひ　こう　リハ,45,令2.11.1,273_2026.7_kikanzentai_shiga_ika.pdf
診療所,25,0107820,医療法人淳山会西,〒520－0861大津市石山寺三丁目２２－７,077-534-8889,医療法人淳山会理事長西淳,西淳,小,,令3.1.1,273_2026.7_kikanzentai_shiga_ika.pdf
診療所,25,0107846,中井医院,〒520－0524大津市和邇今宿５７２－４,077-594-0010,中井利紀,中井利紀,内　老年内科　ア　レ,,令3.4.1,273_2026.7_kikanzentai_shiga_ika.pdf
診療所,25,0107861,におのはまキッズク,〒520－0801大津市におの浜３丁目５番１３号クリニックステーション大津におの浜１階,077-548-7830,森田高史,森田高史,小,,令3.5.1,273_2026.7_kikanzentai_shiga_ika.pdf
診療所,25,0107879,医療法人つかだ内科,〒520－0802大津市馬場三丁目１３番２６号,077-522-8177,医療法人つかだ内科クリニック理事長塚田克之,塚田克之,内　脳内　循環器　内科　老年内科,,令3.5.1,273_2026.7_kikanzentai_shiga_ika.pdf
診療所,25,0107903,粟津診療所,〒520－0833大津市晴嵐一丁目１９－２６,077-537-0501,木村隆,木村隆,内　心内　アレ,,令3.7.1,273_2026.7_kikanzentai_shiga_ika.pdf
診療所,25,0107911,まつうら総合内科ク,〒520－0802大津市馬場２丁目９－１ＩＢＯＴＳＵ１０２,077-548-7205,松浦清人,松浦清人,内　老年内科,,令3.8.1,273_2026.7_kikanzentai_shiga_ika.pdf
診療所,25,0107929,ゆたかクリニック,〒520－0044大津市京町３丁目１－３逢坂ビル３階,077-548-8975,大西豊史,大西豊史,児童精神科,,令3.11.1,273_2026.7_kikanzentai_shiga_ika.pdf
診療所,25,0107937,伊豆蔵医院,〒520－0855大津市栄町４－１,077-534-4030,伊豆藏尚夫,伊豆藏尚夫,耳い　皮　アレ,,令3.12.1,273_2026.7_kikanzentai_shiga_ika.pdf
診療所,25,0107945,おおつき内科クリニ,〒520－0021大津市二本松１－１ブランチ大津京２階,077-526-8800,大槻克一,大槻克一,内　循環器内科　糖尿病内科,,令4.1.1,273_2026.7_kikanzentai_shiga_ika.pdf
診療所,25,0107952,ＡＺＵＳＡＳＫＩ,〒520－0801大津市におの浜２丁目２番５号大津スカイハイツ１１２号室,077-522-2525,小原あずさ,小原あずさ,皮　美容皮膚科,,令4.4.1,273_2026.7_kikanzentai_shiga_ika.pdf
診療所,25,0107960,髙槻医院,〒520－0807大津市松本二丁目４－３７,077-522-3991,髙槻信夫,髙槻信夫,内　糖尿病内科　小,,令4.4.1,273_2026.7_kikanzentai_shiga_ika.pdf
診療所,25,0107986,あかい家のこどもク,〒520－2141大津市大江７丁目６番４６号,077-572-5800,医療法人杏華会理事長浅井大介,浅井大介,小,,令4.4.1,273_2026.7_kikanzentai_shiga_ika.pdf
診療所,25,0107994,瀬田やました眼科,〒520－2141大津市大江７丁目６番４５号,077-574-7207,医療法人智景会理事長山下智弘,山下智弘,眼,,令4.4.1,273_2026.7_kikanzentai_shiga_ika.pdf
診療所,25,0108000,ほんだ皮フ科クリニ,〒520－2141大津市大江二丁目３４番１６号,077-548-3388,医療法人めぐみ会理事長本田真一朗,本田真一朗,皮　アレ,,令4.5.1,273_2026.7_kikanzentai_shiga_ika.pdf
診療所,25,0108018,にしだ内科・消化器,〒520－0802大津市馬場２丁目１２番６１号ＺＥＺＥヒルズ２階,077-510-0800,西田吉宏,西田吉宏,内　消化器内科,,令4.8.1,273_2026.7_kikanzentai_shiga_ika.pdf
診療所,25,0108026,にしやまスマイルク,〒520－0834大津市御殿浜２３番１１号,077-548-6663,西山敬三,西山敬三,内　循環器内科　消化器内科,,令4.8.1,273_2026.7_kikanzentai_shiga_ika.pdf
診療所,25,0108034,瀬田駅前ハートクリ,〒520－2144大津市大萱１丁目９－３ファミーユＳＥＴＡ１階,077-544-2222,道家智博,道家智博,循環器内科　呼内　和漢　内　小,,令4.10.1,273_2026.7_kikanzentai_shiga_ika.pdf
病院,25,0108083,山田整形外科病院,〒520－0242大津市本堅田五丁目２２番２７号,077-573-0058,医療法人山田整形外科病院理事長山田忠尚,冨士居和之,整外　外　内　リ　ハ　麻　ペインク　リニック整形外科　リウ,40,令4.11.1,273_2026.7_kikanzentai_shiga_ika.pdf
診療所,25,0108091,医療法人オクムラフ,〒520－0831大津市松原町１４番１９号,077-548-6210,医療法人オクムラフォレストールクリニック理事長奥村嘉章,奥村嘉章,内　消化器肝臓内　科　内視鏡内科　循環器呼吸器内科,,令4.11.1,273_2026.7_kikanzentai_shiga_ika.pdf
診療所,25,0108117,医療法人碧滄会,〒520－0044大津市京町一丁目３番３３号,077-522-3940,医療法人碧滄会理事長上田創平,上田創平,産婦　外　内,,令5.4.1,273_2026.7_kikanzentai_shiga_ika.pdf
診療所,25,0108125,医療法人和生会ひ,〒520－2141大津市大江二丁目３４番１６号大江メディカルビル２Ｆ,077-526-6022,医療法人和生会理事長東山智明,東山智明,眼　小児眼科,,令5.4.1,273_2026.7_kikanzentai_shiga_ika.pdf
診療所,25,0108133,なかじまクリニック,〒520－0818大津市西の庄５番２５号アメニティ膳所２０３号,077-521-0701,医療法人明育会理事長中島聡,中島聡,心内　精,,令5.4.1,273_2026.7_kikanzentai_shiga_ika.pdf
診療所,25,0108166,大津総合内科内視鏡,〒520－0837大津市中庄一丁目１４番１０－１号中ノ庄クリニックモール１階,077-526-7914,医療法人ＯｎｅＭｏｒｅＳｈｉｐ理事長吉村彰伸,盧彰伸（吉村,内　内視鏡内科　消化器内科　糖尿　病内科　循環器内　科　精　小　和漢,,令5.6.1,273_2026.7_kikanzentai_shiga_ika.pdf
診療所,25,0108182,医療法人心寿岩,〒520－0047大津市浜大津３丁目２番３４号,077-524-1828,医療法人心寿理事長岩波寿子,岩波寿子,整外,,令5.6.1,273_2026.7_kikanzentai_shiga_ika.pdf
診療所,25,0108216,清水耳鼻咽喉科,〒520－2141大津市大江３丁目２４－１５,077-547-3387,清水志乃,清水志乃,耳い　アレ,,令5.8.1,273_2026.7_kikanzentai_shiga_ika.pdf
診療所,25,0108224,みどりの森こどもク,〒520－2141大津市大江７丁目６番６号,077-548-7154,医療法人杏華会理事長浅井大介,安田紀恵,小,,令5.8.1,273_2026.7_kikanzentai_shiga_ika.pdf
診療所,25,0108240,ぜぜこころのクリニ,〒520－0802大津市馬場２丁目９－１ＩＢＯＴＳＵ２階,077-548-8650,松長正成,松長正成,心内　精,,令5.12.1,273_2026.7_kikanzentai_shiga_ika.pdf
診療所,25,0108257,伏木医院,〒520－0004大津市見世二丁目１２番１２号,077-522-5118,医療法人さんおう会理事長口出将司,口出将司,内　外　脳外　消　化器内科,,令5.11.1,273_2026.7_kikanzentai_shiga_ika.pdf
診療所,25,0108273,松が丘内科診療所,〒520－2102大津市松が丘七丁目１６番２０号,077-549-8110,医療法人近江笑生会理事長加藤卓司,加藤卓司,内,,令5.12.1,273_2026.7_kikanzentai_shiga_ika.pdf
診療所,25,0108299,棚橋整形外科,〒520－2144大津市大萱１丁目２０－１２,077-545-8020,棚橋一博,棚橋一博,整外　外　リハ,,令6.1.25,273_2026.7_kikanzentai_shiga_ika.pdf
診療所,25,0108323,あさかぜ内科クリニ,〒520－0241大津市今堅田２丁目２６番５号,077-574-7705,大塚正樹,大塚正樹,内　消化器内科　リウ,,令6.5.1,273_2026.7_kikanzentai_shiga_ika.pdf
診療所,25,0108331,医療法人湖明会た,〒520－0232大津市真野一丁目３番４５号,077-572-3982,医療法人湖明会理事長髙橋秀明,髙橋秀明,循環器内科　内,,令6.3.1,273_2026.7_kikanzentai_shiga_ika.pdf
診療所,25,0108349,いしやま駅前こども,〒520－0832大津市粟津町３番２号３０２,077-572-5666,立花佳代,立花佳代,小,,令6.6.1,273_2026.7_kikanzentai_shiga_ika.pdf
診療所,25,0108356,医療法人共忠会か,〒520－2145大津市大将軍一丁目１７番７号,077-572-8650,医療法人共忠会理事長川村恭司,川村恭司,整外　リハ　内　循環器内科　呼内,,令6.4.1,273_2026.7_kikanzentai_shiga_ika.pdf
診療所,25,0108364,たまたにこどもクリ,〒520－0816大津市相模町４番３号ドラッグユタカ膳所店１階,077-522-8181,医療法人実ＴМＣ理事長玉谷実智夫,中嶋敏宏,小　アレ,,令6.6.1,273_2026.7_kikanzentai_shiga_ika.pdf
診療所,25,0108372,川会内科医院,〒520－2153大津市一里山二丁目２２番３号,077-545-6789,川會弘美,川會弘美,内　消化器内科,,令6.4.1,273_2026.7_kikanzentai_shiga_ika.pdf
診療所,25,0108380,大津心療内科クリニ,〒520－0055大津市春日町５－１７Ｙ’ｓＢＬＤ１０２号室,077-525-3188,上田幹人,上田幹人,精　心内,,令6.7.8,273_2026.7_kikanzentai_shiga_ika.pdf
診療所,25,0108398,こどものこころクリ,〒520－0043大津市中央４丁目５－３３まるなかビル２Ｆ,077-526-6301,日指沢子,日指沢子,小児心療内科　児　童精神科,,令6.10.1,273_2026.7_kikanzentai_shiga_ika.pdf
診療所,25,0108406,医療法人社団日髙,〒520－0006大津市滋賀里四丁目１９番１６号,077-525-4356,医療法人社団日髙内科胃腸科理事長日髙健太郎,日髙健太郎,内　消化器内科,,令6.8.1,273_2026.7_kikanzentai_shiga_ika.pdf
診療所,25,0108414,なかじま内科・整形,〒520－,077-536-5181,0046大津市長等二丁目１０番１号ＴＲＪメディカルビルディング３Ｆ医療法人なかじま内科・整形スポーツクリニック理事長中島年和,中島年和,内　消化器内科　整外　リハ,,令6.10.1,273_2026.7_kikanzentai_shiga_ika.pdf
診療所,25,0108422,ながやま整形外科,〒520－0801大津市におの浜三丁目５番１３号クリニックステーション大津におの浜２階,077-548-6841,医療法人宗喜会理事長永山宗一郎,永山宗一郎,整外　リハ,,令6.11.1,273_2026.7_kikanzentai_shiga_ika.pdf
診療所,25,0108430,パンダクリニック,〒520－0812大津市木下町９番２３号２階,077-525-5119,医療法人社団元一会理事長幡手隆雄,德力俊治,内　形外　精,,令7.3.1,273_2026.7_kikanzentai_shiga_ika.pdf
診療所,25,0108448,堅田いけざき整形外,〒520－0242大津市本堅田六丁目３番４７号,077-526-6705,池﨑龍仁,池﨑龍仁,整外　リウ　リハ,,令7.5.1,273_2026.7_kikanzentai_shiga_ika.pdf
診療所,25,0108455,医療法人尚友会は,〒520－0814大津市本丸町６番３０号,077-548-6883,医療法人尚友会理事長速水雅尚,速水拓真,皮　アレ,,令7.5.1,273_2026.7_kikanzentai_shiga_ika.pdf
診療所,25,0108463,ピースホームケアク,〒520－2132大津市神領三丁目１１番７号,077-548-6345,医療法人平和の森理事長平本秀二,平本秀二,内　腫瘍内科　緩　和ケア内科　脳内,,令7.4.1,273_2026.7_kikanzentai_shiga_ika.pdf
診療所,25,0108489,滋賀大津そけいヘル,〒520－0802大津市馬場２丁目１２－６１ＺＥＺＥ・ヒルズ４Ｆ,077-536-5865,医療法人ＢＥＮＥＶＯ理事長安川大貴,安川大貴,外　消化器外科　麻,,令7.4.1,273_2026.7_kikanzentai_shiga_ika.pdf
診療所,25,0108497,いしはらファミリー,〒520－0004大津市見世一丁目２１番４０号,077-572-5805,医療法人ＺＥＮＫＩＧＥＮ理事長石原仁毅,石原仁毅,内　腎臓内科　透　析,,令7.4.1,273_2026.7_kikanzentai_shiga_ika.pdf
診療所,25,0108505,あわいの医院,〒520－0044大津市京町３丁目２－１７磯野ビル２階,077-527-3322,村上純一,村上純一,心内　精,,令7.10.1,273_2026.7_kikanzentai_shiga_ika.pdf
診療所,25,0108513,医療法人和宏会す,〒520－0532大津市湖青１丁目１番地２０,077-594-2505,医療法人和宏会理事長樋口敏宏,杉田洋,耳い　アレ,,令7.7.1,273_2026.7_kikanzentai_shiga_ika.pdf
診療所,25,0108521,医療法人和宏会大,〒520－0033大津市大門通１１－１１洛和大津ビル１階,077-526-8239,医療法人和宏会理事長樋口敏宏,髙橋滋,内　小,,令7.7.1,273_2026.7_kikanzentai_shiga_ika.pdf
診療所,25,0108539,医療法人竹林ウィ,〒520－2144大津市大萱一丁目３番６号,077-548-7533,医療法人竹林ウィメンズクリニック理事長竹林浩一,竹林浩一,産婦人科（生殖医　療）,,令8.2.1,273_2026.7_kikanzentai_shiga_ika.pdf
診療所,25,0108547,大津京ファミリー整,〒520－0024大津市松山町１－２４,077-574-7718,医療法人くじらメディカル理事長共田義秀,共田義秀,整外　リウ　リハ,,令7.11.1,273_2026.7_kikanzentai_shiga_ika.pdf
診療所,25,0108554,医療法人樹音会ぜ,〒520－0802大津市馬場二丁目９番１号ＩＢＯＴＳＵ２０１,077-521-7100,医療法人樹音会理事長藤村大樹,藤村大樹,皮　形外　美容皮　膚科　美外,,令7.12.1,273_2026.7_kikanzentai_shiga_ika.pdf
診療所,25,0108562,うみのこファミリー,〒520－0002大津市際川三丁目１９－１３,077-514-7312,益野由香,益野由香,皮　小児皮膚科,,令8.4.1,273_2026.7_kikanzentai_shiga_ika.pdf
診療所,25,0108570,かたおか皮ふ科クリ,〒520－0047大津市浜大津３丁目８番２２号,077-511-9195,片岡照貴,片岡照貴,皮　アレ　小児皮　膚科,,令8.6.1,273_2026.7_kikanzentai_shiga_ika.pdf
診療所,25,0108596,さかい内科クリニッ,〒520－0242大津市本堅田六丁目８番３６号,077-536-5810,医療法人蒼和会理事長酒井滋企,酒井滋企,消,,令8.5.1,273_2026.7_kikanzentai_shiga_ika.pdf
診療所,25,0108604,医療法人みかみクリ,〒520－2145大津市大将軍一丁目２番１４号,077-526-7190,医療法人みかみクリニック理事長三上貴生,三上貴生,内　消,,令8.5.1,273_2026.7_kikanzentai_shiga_ika.pdf
診療所,25,0108612,皇子山こどもクリニ,〒520－0025大津市皇子が丘二丁目１０－２５－１０５,077-511-0677,納谷真由美,納谷真由美,小,,令8.5.1,273_2026.7_kikanzentai_shiga_ika.pdf
診療所,25,0108620,貴田耳鼻咽喉科,〒520－0242大津市本堅田５丁目２１番６号,077-573-7322,医療法人貴秀会理事長貴田紘太,貴田紘太,耳い　アレ,,令8.5.1,273_2026.7_kikanzentai_shiga_ika.pdf
診療所,25,0200013,滋賀県彦根保健所,〒522－0039彦根市和田町４１番地,0749-22-1770,滋賀県滋賀県知事三日月大造,平野雅穏,内,,昭32.7.1,273_2026.7_kikanzentai_shiga_ika.pdf
診療所,25,0201102,白石外科,〒521－1123彦根市肥田町９１５番地３３,0749-43-5651,白石制,白石制,外　胃　内　整外　こう,,昭51.12.1,273_2026.7_kikanzentai_shiga_ika.pdf
診療所,25,0201300,きたむらクリニック,〒522－,0749-22-9617,0052彦根市長曽根南町４４８番地２５北村有三,北村有三,内　婦,,昭59.9.17,273_2026.7_kikanzentai_shiga_ika.pdf
診療所,25,0201516,ふじせき医院,〒522－0201彦根市高宮町２０３７番地,0749-23-2233,藤關義樹,藤關義樹,小,,平3.12.2,273_2026.7_kikanzentai_shiga_ika.pdf
診療所,25,0201557,医療法人さかたク,〒529－1156彦根市清崎町２８８番地３７,0749-28-3737,医療法人坂田整形外科理事長坂田勝朗,坂田勝朗,整外　リハ　リウ,,平4.6.1,273_2026.7_kikanzentai_shiga_ika.pdf
診療所,25,0201581,高原アイクリニック,〒522－,0749-27-1956,0052彦根市長曽根南町４４３番地高原嘉一,高原嘉一,眼,,平4.11.1,273_2026.7_kikanzentai_shiga_ika.pdf
診療所,25,0201607,馬場医院,〒522－0201彦根市高宮町３０２０番地,0749-28-3360,馬場裕司,馬場裕司,内　消化器内科,,平6.4.22,273_2026.7_kikanzentai_shiga_ika.pdf
診療所,25,0201623,医療法人社団安澤内,〒522－0201彦根市高宮町２２９０番地,0749-22-0954,医療法人社団安澤内科診療所理事長永濵隆,永濵隆,内,,平6.9.1,273_2026.7_kikanzentai_shiga_ika.pdf
診療所,25,0201631,江竜皮ふ科,〒522－0086彦根市後三条町５９３番地９,0749-23-7815,医療法人江竜皮ふ科理事長江竜喜史,江竜喜史,皮,,平6.9.1,273_2026.7_kikanzentai_shiga_ika.pdf
診療所,25,0201656,医療法人友仁会山,〒522－0083彦根市河原三丁目１番２０号,0749-22-1888,医療法人友仁会理事長西川真理恵,松村幸次郎,外　整外　内　消　化器内科　肛門外　科　リハ　放,,平7.4.1,273_2026.7_kikanzentai_shiga_ika.pdf
診療所,25,0201664,伊藤整形外科,〒522－0054彦根市西今町１０４１番地１８,0749-23-7787,医療法人社団伊藤整形外科理事長伊藤晃嗣,伊藤晃嗣,整外　リハ　リウ　内,,平7.5.1,273_2026.7_kikanzentai_shiga_ika.pdf
診療所,25,0201698,医療法人社団松本,〒522－0047彦根市日夏町３６６２番地,0749-28-0633,医療法人社団松本医院理事長松本博美,松本博美,眼　内　小,,平8.5.1,273_2026.7_kikanzentai_shiga_ika.pdf
診療所,25,0201706,小森医院,〒522－0073彦根市旭町２番１８号,0749-22-2714,医療法人社団小森医院理事長小森明彦,小森明彦,内　胃　小,,平8.7.1,273_2026.7_kikanzentai_shiga_ika.pdf
診療所,25,0201714,医療法人社団くるみ,〒521－1114彦根市彦富町９０５番地３,0749-43-6600,医療法人社団くるみ会理事長田口久夫,田口久夫,内　小,,平8.7.1,273_2026.7_kikanzentai_shiga_ika.pdf
病院,25,0201722,医療法人友仁会友,〒522－0044彦根市竹ケ鼻町８０番地,0749-23-1800,医療法人友仁会理事長西川真理恵,高橋雅士,療養病床　内　外　消化器内　科　消化器外科　整外　放　循環器　内科　リハ　脳外　ひ,157,平9.1.1,273_2026.7_kikanzentai_shiga_ika.pdf
診療所,25,0201821,医療法人中西医院,〒522－0087彦根市芹橋二丁目９番１４号,0749-22-1152,医療法人中西医院理事長中西正喜,中西正喜,内　小　消,,平10.11.1,273_2026.7_kikanzentai_shiga_ika.pdf
診療所,25,0201854,医療法人青葉会,〒522－0063彦根市中央町３番７３号,0749-22-6216,医療法人青葉会理事長廣瀬雅哉,廣瀬雅哉,産　婦,19,平11.4.1,273_2026.7_kikanzentai_shiga_ika.pdf
診療所,25,0201870,医療法人蒼明会橋,〒522－0054彦根市西今町５８番地６北栄ビル１階,0749-21-2602,医療法人蒼明会理事長橋添元胤,橋添元胤,眼,,平11.10.1,273_2026.7_kikanzentai_shiga_ika.pdf
診療所,25,0201896,医療法人優心会中,〒522－0201彦根市高宮町１７９３番地の３,0749-26-5088,医療法人優心会中橋整形外科クリニック理事長中橋謙次,中橋謙次,整外　リハ　リウ,,平11.11.1,273_2026.7_kikanzentai_shiga_ika.pdf
診療所,25,0201920,医療法人ひろた皮,〒522－0054彦根市西今町１４２番地１５,0749-21-1112,医療法人ひろた皮ふ科医院理事長廣田雄介,廣田雄介,皮,,平12.4.1,273_2026.7_kikanzentai_shiga_ika.pdf
診療所,25,0201953,医療法人おくの内,〒522－0064彦根市本町一丁目４番２８号,0749-21-3355,医療法人おくの内科理事長奥野資夫,奥野資夫,内　消化器内科　呼内,,平12.6.1,273_2026.7_kikanzentai_shiga_ika.pdf
診療所,25,0201961,医療法人遙山会南,〒522－0054彦根市西今町１３８番地,0749-24-7808,医療法人遙山会理事長上ノ山一寛,上ノ山一寛,精　神　心内　内,,平12.11.1,273_2026.7_kikanzentai_shiga_ika.pdf
診療所,25,0202001,足立レディースクリ,〒522－0075彦根市佐和町５番４１号,0749-22-2155,足立憲彦,足立憲彦,婦　産,,平13.9.1,273_2026.7_kikanzentai_shiga_ika.pdf
診療所,25,0202019,医療法人高山内科,〒522－0047彦根市日夏町２６８０番地３５,0749-28-7007,医療法人高山内科循環器科理事長高山幸男,高山幸男,内　循　呼,,平13.10.1,273_2026.7_kikanzentai_shiga_ika.pdf
診療所,25,0202035,徳田医院,〒521－1104彦根市出路町２１８番地１,0749-43-7001,医療法人徳田医院理事長徳田康孝,徳田康孝,内　小　放,,平14.5.1,273_2026.7_kikanzentai_shiga_ika.pdf
病院,25,0202043,彦根市立病院,〒522－8539彦根市八坂町１８８２番地,0749-22-6050,彦根市彦根市長田島一成,金子隆昭,一般（感染）　内、消内、血内、　糖尿病代謝内科、　循内　呼内　脳内　心内　腫瘍内科　、緩和ケア内科　小　外、乳外、消　外　呼外　整外　産婦　ひ　脳外　眼　耳い　皮　形　外　麻　放　歯外　リハ　病理,419,平14.7.1,274_2026.7_kikanzentai_shiga_sikaheisetu.pdf
診療所,25,0202068,はやし婦人クリニッ,〒522－0044彦根市竹ケ鼻町６５８,0749-26-0528,林清士,林清士,婦　産　内,,平15.4.10,273_2026.7_kikanzentai_shiga_ika.pdf
診療所,25,0202092,岡田医院,〒522－0084彦根市橋向町４４番地,0749-22-1505,三浦裕司,三浦裕司,内　小　循,,平16.4.1,273_2026.7_kikanzentai_shiga_ika.pdf
診療所,25,0202167,高村外科,〒522－0063彦根市中央町３番１０号,0749-22-0650,高村利彦,高村利彦,整外　内　外　皮　ひ　リハ　こう,,平17.6.17,273_2026.7_kikanzentai_shiga_ika.pdf
診療所,25,0202175,しらいし耳鼻咽喉科,〒521－1112彦根市金沢町５８６番地４,0749-43-6500,白石浩,白石浩,耳い,,平17.10.20,273_2026.7_kikanzentai_shiga_ika.pdf
診療所,25,0202209,西川医院,〒522－0004彦根市鳥居本町１７３２番地,0749-22-3887,西川俊介,西川俊介,内,,平18.7.1,273_2026.7_kikanzentai_shiga_ika.pdf
診療所,25,0202241,医療法人若樹会橋,〒521－1143彦根市上西川町３８４番地,0749-43-2207,医療法人若樹会理事長橋本進一,橋本進一,内　呼　循　アレ,,平19.4.1,273_2026.7_kikanzentai_shiga_ika.pdf
診療所,25,0202258,田中クリニック,〒522－0056彦根市開出今町１５１６番地１８,0749-27-1611,医療法人田中クリニック理事長田中俊郎,田中俊郎,内　胃　こう　外　リハ,,平19.4.1,273_2026.7_kikanzentai_shiga_ika.pdf
診療所,25,0202266,松木診療所,〒522－0041彦根市平田町６７８番地１０,0749-22-5185,松木明,松木明,内　小　在宅診療　科,,平19.4.1,273_2026.7_kikanzentai_shiga_ika.pdf
診療所,25,0202274,しみずクリニック,〒522－0063彦根市中央町３番５５号,0749-21-3525,医療法人しみずクリニック理事長清水尚一,清水尚一,内　消,,平19.4.1,273_2026.7_kikanzentai_shiga_ika.pdf
診療所,25,0202324,おおはし内科循環器,〒522－0086彦根市後三条町６４９番地,0749-30-3800,大橋直弘,大橋直弘,内　循環器内科,,平19.10.19,273_2026.7_kikanzentai_shiga_ika.pdf
病院,25,0202357,彦根中央病院,〒522－0054彦根市西今町４２１番地,0749-23-1211,医療法人恭昭会理事長布目雅稔,布目雅稔,療養病床　内　消化器内科　小　外　整外　脳　外　形外　眼　放　こう　リハ　婦　リウ　麻　耳い　ひ　神内,282,平20.4.1,273_2026.7_kikanzentai_shiga_ika.pdf
診療所,25,0202373,曽我医院,〒529－1156彦根市清崎町８７８番地,0749-28-2925,曽我俊世,曽我俊世,内　小,,平20.5.1,273_2026.7_kikanzentai_shiga_ika.pdf
診療所,25,0202381,たなか小児科,〒522－0223彦根市川瀬馬場町１０８２番地７,0749-28-8801,田中和彦,田中和彦,小,,平20.7.1,273_2026.7_kikanzentai_shiga_ika.pdf
診療所,25,0202423,医療法人青葉会,〒522－0057彦根市八坂町２８８８番地１,0749-29-9025,医療法人青葉会理事長廣瀬雅哉,中島彰,産　婦,19,平20.11.1,273_2026.7_kikanzentai_shiga_ika.pdf
診療所,25,0202449,目加田眼科,〒522－0086彦根市後三条町４９５番５,0749-27-5151,目加田篤,目加田篤,眼,,平21.5.8,273_2026.7_kikanzentai_shiga_ika.pdf
診療所,25,0202456,医療法人辰巳医院,〒522－0038彦根市西沼波町２６９番地１８,0749-22-1180,医療法人辰巳医院理事長辰巳裕之,辰巳裕之,内　小,,平21.4.1,273_2026.7_kikanzentai_shiga_ika.pdf
診療所,25,0202472,ふせクリニック,〒522－0029彦根市地蔵町１９０番地８,0749-46-3711,医療法人ふせクリニック理事長布施建治,布施建治,内　消化器内科　小,,平21.10.1,273_2026.7_kikanzentai_shiga_ika.pdf
診療所,25,0202480,おがわ耳鼻咽喉科ク,〒522－0010彦根市駅東町１５－１近江鉄道ビル１Ｆ,0749-22-8799,小川富美雄,小川富美雄,耳鼻咽喉科頭頸部　外科　アレ,,平22.9.1,273_2026.7_kikanzentai_shiga_ika.pdf
診療所,25,0202506,すみよしクリニック,〒522－0043彦根市小泉町１０６番地１１０３号,0749-30-1835,医療法人湖葉会理事長住吉健一,住吉健一,内　消　小,,平22.10.1,273_2026.7_kikanzentai_shiga_ika.pdf
診療所,25,0202514,医療法人池田クリ,〒522－0074彦根市大東町９番１６号上野ビル本館２階,0749-24-3555,医療法人池田クリニック理事長池田嘉宏,髙瀬仁志,内　精　神,,平23.2.1,273_2026.7_kikanzentai_shiga_ika.pdf
診療所,25,0202522,医療法人社団成仁会,〒529－1155彦根市賀田山町１４０５番地３,0749-28-1323,医療法人社団成仁会理事長安食元,安食元,内　消化器内科　循環器内科　呼吸　器内科　小,,平23.4.1,273_2026.7_kikanzentai_shiga_ika.pdf
診療所,25,0202530,田宮こども診療所,〒522－0002彦根市松原町３６１４番地,0749-22-2780,田宮寛,田宮寛,小,,平23.9.1,273_2026.7_kikanzentai_shiga_ika.pdf
診療所,25,0202563,医療法人源道会,〒522－0027彦根市東沼波町１０１３番地１,0749-30-0055,医療法人源道会理事長杉本春夫,杉本春夫,整外　リウ　リハ　内,,平24.4.1,273_2026.7_kikanzentai_shiga_ika.pdf
診療所,25,0202571,わかもり皮ふ科クリ,〒522－0002彦根市松原町１８９２番,0749-21-1212,若森健,若森健,皮,,平24.7.1,273_2026.7_kikanzentai_shiga_ika.pdf
診療所,25,0202605,横野医院,〒522－0053彦根市大藪町２０３５番４,0749-24-1515,横野智信,横野智信,内　消化器内科　小,,平25.11.1,273_2026.7_kikanzentai_shiga_ika.pdf
診療所,25,0202621,藤野こどもクリニッ,〒522－0042彦根市戸賀町３６番６,0749-47-5311,医療法人藤野こどもクリニック理事長藤野英俊,藤野英俊,小　循環器内科,,平26.1.1,273_2026.7_kikanzentai_shiga_ika.pdf
診療所,25,0202639,彦根休日急病診療所,〒522－0057彦根市八坂町１９００番地４くすのきセンター１階,0749-22-1119,彦根市彦根市長田島一成,裕,内　小,,平26.2.1,273_2026.7_kikanzentai_shiga_ika.pdf
診療所,25,0202647,菜の花心療クリニッ,〒522－0074彦根市大東町２番２９目加田ビル１階,0749-27-7087,椋田稔朗,椋田稔朗,心内　精　糖尿病　内科、内分泌内科,,平26.4.1,273_2026.7_kikanzentai_shiga_ika.pdf
診療所,25,0202670,わだ医院,〒521－1124彦根市野良田町３３０－３１,0749-47-6850,和田直人,和田直人,内　循環器内科　老年内科,,平27.1.1,273_2026.7_kikanzentai_shiga_ika.pdf
診療所,25,0202688,医療法人井関診療,〒522－0074彦根市大東町１４番１５号上野第Ⅴビル２階,0749-26-0761,医療法人井関診療所理事長岩崎博之,岩崎博之,眼,,平27.3.23,273_2026.7_kikanzentai_shiga_ika.pdf
診療所,25,0202704,堤医院,〒522－0023彦根市原町８５０番地１７９,0749-24-0533,堤正昭,堤正昭,内　小　放,,平27.4.1,273_2026.7_kikanzentai_shiga_ika.pdf
診療所,25,0202712,ひらたクリニック,〒522－0041彦根市平田町４４８－１,0749-21-4611,医療法人社団五心会理事長鈴木究,稲富五十雄,内,,平27.8.1,273_2026.7_kikanzentai_shiga_ika.pdf
診療所,25,0202720,ヒフ科クリニック山,〒522－0047彦根市日夏町２８７８－１,0749-25-4116,山本昌充,山本昌充,皮,,平27.10.1,273_2026.7_kikanzentai_shiga_ika.pdf
診療所,25,0202738,かみやキッズクリニ,〒522－0033彦根市芹川町字塚町４７２－１６,0749-23-2255,神谷博,神谷博,小,,平28.4.1,273_2026.7_kikanzentai_shiga_ika.pdf
診療所,25,0202746,いけだ内科医院,〒522－0055彦根市野瀬町１８－８,0749-21-6060,池田智之,池田智之,内　循環器内科,,平30.11.1,273_2026.7_kikanzentai_shiga_ika.pdf
診療所,25,0202761,つじ泌尿器科クリニ,〒522－0054彦根市西今町１１３１番地２３,0749-23-7714,医療法人楓仁会理事長裕,裕,ひ　内　皮,,平31.4.1,273_2026.7_kikanzentai_shiga_ika.pdf
診療所,25,0202787,いけだ耳鼻咽喉科,〒522－0054彦根市西今町９４８－５,0749-27-3317,医療法人あおぞう会理事長池田享史,池田享史,耳い　アレ,,令3.12.1,273_2026.7_kikanzentai_shiga_ika.pdf
診療所,25,0202795,医療法人仁永会ふく,〒522－,0749-33-1604,0052彦根市長曽根南町４４６番地医療法人仁永会理事長福永真未,福永真未,皮　小児皮膚科　形外　アレ,,令4.11.1,273_2026.7_kikanzentai_shiga_ika.pdf
診療所,25,0202803,みやざわ内科クリニ,〒522－0074彦根市大東町４５８番,0749-49-3157,宮澤豪,宮澤豪,内　循環器内科,,令5.5.1,273_2026.7_kikanzentai_shiga_ika.pdf
診療所,25,0202811,なかつか内科医院,〒522－0223彦根市川瀬馬場町１０７９番地１,0749-29-0981,医療法人玄一会理事長中塚貴之,中塚貴之,内　循環器内科　呼内　膠原病内科,,令5.7.1,273_2026.7_kikanzentai_shiga_ika.pdf
診療所,25,0202837,たけうち整形外科,〒522－0063彦根市中央町３－５６,0749-21-2201,武内章彦,武内章彦,整外　リウ　リハ　骨軟部腫瘍科,,令6.1.1,273_2026.7_kikanzentai_shiga_ika.pdf
診療所,25,0202852,かわせ駅前内科・呼,〒522－0222彦根市南川瀬町１４８０－５２,0749-49-2262,伊部邦宏,伊部邦宏,内　呼内,,令7.4.1,273_2026.7_kikanzentai_shiga_ika.pdf
診療所,25,0202878,アザレアクリニック,〒522－0047彦根市日夏町７３０番地１２,0749-47-5020,医療法人明医会理事長末永明彦,鈴木明彦,内　皮　精,,令7.4.1,273_2026.7_kikanzentai_shiga_ika.pdf
診療所,25,0202886,医療法人厚生会城,〒522－0073彦根市旭町９－３１,0749-23-4097,医療法人厚生会理事長福田智一,長松俊次,眼,,令7.9.24,273_2026.7_kikanzentai_shiga_ika.pdf
診療所,25,0202894,ふるさと診療所,〒522－0056彦根市開出今町１３５１－３,0749-21-3200,社会福祉法人近江ふるさと会理事長大久保貴,中木高夫,内,,令8.4.1,273_2026.7_kikanzentai_shiga_ika.pdf
診療所,25,0202910,堤整形外科内科彦,〒522－0007彦根市古沢町２５５番地１,0749-46-4555,医療法人堤整形外科理事長堤聖吾,古屋佑樹,整外　リハ　リウ　内　循,,令8.5.1,273_2026.7_kikanzentai_shiga_ika.pdf
診療所,25,0202928,山下医院,〒522－,0749-24-5290,0067彦根市長曽根町５－２５－１山下智子,山下智子,内　小,,令8.4.1,273_2026.7_kikanzentai_shiga_ika.pdf
診療所,25,0202936,ひまわり眼科,〒522－0044彦根市竹ヶ鼻町４３番地２ビバシティ彦根専門店街１階,0749-26-7852,野上公子,野上公子,眼,,令8.6.1,273_2026.7_kikanzentai_shiga_ika.pdf
診療所,25,0202944,総合在宅医療クリニ,〒522－0064彦根市本町二丁目２－１１,0749-47-3660,医療法人かがやき理事長市橋亮一,奥野雄大,内,,令8.6.1,273_2026.7_kikanzentai_shiga_ika.pdf
診療所,25,0202951,公益財団法人豊郷病,〒522－0074彦根市大東町９―１６上野ビル本館２Ｆ,0749-21-0840,公益財団法人豊郷病院代表理事川上賢三,成田実,精　心内,,令8.4.1,273_2026.7_kikanzentai_shiga_ika.pdf
診療所,25,0300011,滋賀県長浜保健所,〒526－0033長浜市平方町１１５２番地２,0749-65-6660,滋賀県滋賀県知事三日月大造,嶋村清志,内,,昭32.7.1,273_2026.7_kikanzentai_shiga_ika.pdf
病院,25,0300102,長浜赤十字病院,〒526－0053長浜市宮前町１４番７号,0749-63-2111,日本赤十字社社長清家篤,楠井隆,地域支援　一般（感染）　内　消化器内科　循環器内科　糖尿　病・内分泌内科　神内　血液内科　呼内　内視鏡内科　肝臓内科　小　精　救命　外　乳　腺外科、血管外科　、内視鏡外科　肛　門外科　呼外　整　外　脳外　形外　皮　ひ　産婦　眼　耳鼻いんこう・　頭頸部外科　リハ　放　病理　麻　歯外,486,昭32.9.1,274_2026.7_kikanzentai_shiga_sikaheisetu.pdf
診療所,25,0300771,中西医院,〒526－0037長浜市高田町５番３７号,0749-63-1812,中西康雄,中西康雄,内　小,,昭61.5.28,273_2026.7_kikanzentai_shiga_ika.pdf
診療所,25,0300862,医療法人厚生会三,〒526－0031長浜市八幡東町９番１号,0749-65-1117,医療法人厚生会理事長福田智一,鈴木拓也,眼,,昭63.11.1,273_2026.7_kikanzentai_shiga_ika.pdf
診療所,25,0300896,東野医院,〒526－0828長浜市加田町１８３９番地,0749-65-3380,東野健,東野健,内　小　リハ　胃,,平元.8.18,273_2026.7_kikanzentai_shiga_ika.pdf
診療所,25,0300920,医療法人橋場レディ,〒526－0032長浜市南高田町５番８号,0749-63-5555,医療法人橋場レディスクリニック理事長橋場研治,橋場研治,産　婦　小,15,平2.1.1,273_2026.7_kikanzentai_shiga_ika.pdf
診療所,25,0300938,医療法人下坂クリニ,〒526－0044長浜市下坂中町１７７番地６,0749-62-0080,医療法人下坂クリニック理事長西村正孝,西村正孝,内　小,,平2.1.1,273_2026.7_kikanzentai_shiga_ika.pdf
診療所,25,0300961,白川眼科クリニック,〒526－0831長浜市宮司町１１０５番地３ブラムＡ１階,0749-64-1007,白川弘泰,白川弘泰,眼,,平3.12.1,273_2026.7_kikanzentai_shiga_ika.pdf
診療所,25,0300979,医療法人紫水会近藤,〒526－0059長浜市元浜町３０番２６号,0749-64-2110,医療法人紫水会近藤クリニック理事長近藤邦彦,近藤邦彦,内　リハ,,平5.6.1,273_2026.7_kikanzentai_shiga_ika.pdf
診療所,25,0301019,医療法人社団クリ,〒526－0021長浜市八幡中山町８０４番地４,0749-65-2125,医療法人社団クリニック・ムライ理事長村居晴洋,村居晴洋,内　消化器内科　肝臓内科,,平7.5.1,273_2026.7_kikanzentai_shiga_ika.pdf
診療所,25,0301076,澤田耳鼻咽喉科,〒526－0061長浜市祇園町１３０番地５,0749-65-3387,澤田泉,澤田泉,耳い,,平8.11.1,273_2026.7_kikanzentai_shiga_ika.pdf
診療所,25,0301084,岩本整形外科,〒526－0043長浜市大戌亥町７３８番地４,0749-64-1866,医療法人岩本整形外科理事長岩本貴志,岩本貴志,整外　リハ　麻　リウ　ペインクリ　ニック整形外科、　緩和ケア内科,,平8.12.1,273_2026.7_kikanzentai_shiga_ika.pdf
診療所,25,0301118,岡崎医院,〒526－0802長浜市東上坂町１０１０番地１,0749-65-0019,医療法人岡崎医院理事長中村郁恵,中村郁恵,内　小,,平10.11.1,273_2026.7_kikanzentai_shiga_ika.pdf
診療所,25,0301134,アップルクリニック,〒526－0058長浜市南呉服町９番２号,0749-68-0355,速水正博,速水正博,心内　精,,平11.9.6,273_2026.7_kikanzentai_shiga_ika.pdf
診療所,25,0301159,医療法人メディカル,〒526－0054長浜市大宮町５番２４号,0749-62-0875,医療法人メディカルアート理事長澤田賢三,澤田賢三,内　小,,平12.5.1,273_2026.7_kikanzentai_shiga_ika.pdf
診療所,25,0301175,華房クリニック,〒526－0058長浜市南呉服町１１番２１号,0749-62-1547,華房順子,華房順子,内　小,,平13.1.1,273_2026.7_kikanzentai_shiga_ika.pdf
診療所,25,0301191,医療法人つつみク,〒526－0015長浜市神照町４８０番地２,0749-63-0223,医療法人つつみクリニック理事長堤学,堤学,心内　内　精,,平13.10.1,273_2026.7_kikanzentai_shiga_ika.pdf
診療所,25,0301217,くもん医院,〒526－0042長浜市勝町２０番地,0749-68-1116,公文正仁,公文正仁,呼　内　アレ,,平13.12.10,273_2026.7_kikanzentai_shiga_ika.pdf
診療所,25,0301225,布施クリニック,〒526－0062長浜市列見町４５番地４,0749-65-3811,医療法人布施クリニック理事長布施隆治,布施隆治,脳外　整外　内　リハ,,平14.4.1,273_2026.7_kikanzentai_shiga_ika.pdf
診療所,25,0301282,森上内科循環器科ク,〒526－0817長浜市七条町１０２３番地１,0749-64-4846,医療法人森上内科循環器科クリニック理事長森上直樹,森上直樹,内　循環器内科,,平17.4.1,273_2026.7_kikanzentai_shiga_ika.pdf
診療所,25,0301316,こだまクリニック,〒526－0244長浜市内保町１０３３番地,0749-74-2011,医療法人浩成会理事長児玉浩志,児玉浩志,内　循環器内科　小,,平10.5.1,273_2026.7_kikanzentai_shiga_ika.pdf
診療所,25,0301332,嶋田ファミリークリ,〒526－0244長浜市内保町７３７番地５,0749-74-8110,嶋田義孝,嶋田義孝,内　胃　呼　小,,平17.4.15,273_2026.7_kikanzentai_shiga_ika.pdf
診療所,25,0301340,医療法人橋本医院,〒526－0111長浜市川道町６１１番地,0749-72-3668,医療法人橋本医院理事長橋本修,橋本登紀子,内　神内　小　消　化器内科,,平8.11.1,273_2026.7_kikanzentai_shiga_ika.pdf
診療所,25,0301365,医療法人東川クリ,〒526－0135長浜市弓削町３４２番地,0749-72-8633,医療法人東川クリニック理事長東川昌仁,東川昌仁,内　小　循　呼,,平16.10.1,273_2026.7_kikanzentai_shiga_ika.pdf
病院,25,0301373,市立長浜病院,〒526－0043長浜市大戌亥町３１３番地,0749-68-2300,長浜市長浜市長浅見宣義,髙折恭一,療養病床　内　形外　心外　麻　皮　眼　神内　脳外　リハ　小　整外　外　ひ　耳い　放　産婦　歯　歯外　呼内　循環器内科　消化　器内科　呼外　病　理,541,平18.2.13,274_2026.7_kikanzentai_shiga_sikaheisetu.pdf
診療所,25,0301381,浅井診療所,〒526－0215長浜市当目町８４番地７,0749-74-1209,長浜市長浜市長浅見宣義,柏﨑元皓,内　小,,平18.2.13,273_2026.7_kikanzentai_shiga_ika.pdf
診療所,25,0301407,医療法人おくだ医,〒526－0033長浜市平方町１１８５番地９,0749-65-5775,医療法人おくだ医院理事長奥田哲也,奥田哲也,内,,平18.4.1,273_2026.7_kikanzentai_shiga_ika.pdf
診療所,25,0301431,医療法人順清会小,〒526－0001長浜市国友町３３１番地,0749-65-6060,医療法人順清会理事長坂元直行,坂元直行,内　循　小,,平19.4.1,273_2026.7_kikanzentai_shiga_ika.pdf
診療所,25,0301456,のざと内科,〒526－0033長浜市平方町３６８番地５,0749-62-5550,野里佳孝,野里佳孝,内,,平19.10.1,273_2026.7_kikanzentai_shiga_ika.pdf
診療所,25,0301464,佐野クリニック,〒526－0017長浜市相撲町１４７５番地１４,0749-65-5800,佐野嘉郎,佐野嘉郎,内　リハ,,平19.10.1,273_2026.7_kikanzentai_shiga_ika.pdf
診療所,25,0301472,医療法人愛帆会よ,〒526－0847長浜市山階町４５５番地３,0749-65-2490,医療法人愛帆会理事長吉田芳信,吉田芳信,形外　整外　皮,,平20.4.1,273_2026.7_kikanzentai_shiga_ika.pdf
診療所,25,0301506,出口皮フ科,〒526－0845長浜市小堀町８０番地１,0749-64-4187,出口英樹,出口英樹,皮,,平20.10.1,273_2026.7_kikanzentai_shiga_ika.pdf
診療所,25,0301514,尾崎眼科,〒526－0034長浜市弥高町１７５番１,0749-53-1256,尾崎志郎,尾崎志郎,眼,,平21.5.25,273_2026.7_kikanzentai_shiga_ika.pdf
診療所,25,0301530,医療法人社団江村,〒529－0354長浜市湖北町山本１１７８番地,0749-79-0007,医療法人社団江村医院理事長江村芳文,江村芳文,内　小,,平8.11.1,273_2026.7_kikanzentai_shiga_ika.pdf
診療所,25,0301548,湖北グリーブクリニ,〒529－0102長浜市月ケ瀬町５２５番地,0749-73-3917,社会福祉法人滋賀県障害児協会理事長角野文彦,植松潤治,内　小　リハ,,平9.4.1,273_2026.7_kikanzentai_shiga_ika.pdf
診療所,25,0301555,安達クリニック,〒529－0341長浜市湖北町速水２４１番地１,0749-78-0005,医療法人安達会理事長安達貴子,安達貴子,内　小,,平11.11.15,273_2026.7_kikanzentai_shiga_ika.pdf
診療所,25,0301563,医療法人みやこみ,〒529－0341長浜市湖北町速水２７７８番地,0749-78-1884,医療法人みやこ理事長佐武晃幸,佐武晃幸,外　整外　形外　内　リハ,,平14.8.1,273_2026.7_kikanzentai_shiga_ika.pdf
診療所,25,0301571,医療法人さざなみ,〒529－0112長浜市宮部町３０２９番地１,0749-73-8111,医療法人さざなみ整形外科理事長牛山敏夫,牛山敏夫,整外　リウ　リハ,,平18.4.1,273_2026.7_kikanzentai_shiga_ika.pdf
診療所,25,0301597,虎姫診療所,〒529－0142長浜市田町６１番地,0749-73-2062,田光前,田光前,内　小,,平21.8.1,273_2026.7_kikanzentai_shiga_ika.pdf
診療所,25,0301613,医療法人安井医院,〒529－0241長浜市高月町高月２０１番地,0749-85-3110,医療法人安井医院理事長安井一清,安井一清,内　小　呼　リハ,,平2.10.1,273_2026.7_kikanzentai_shiga_ika.pdf
診療所,25,0301621,岩根医院,〒529－0425長浜市木之本町木之本１１１２番地,0749-82-2045,岩根学,岩根学,内　小,,平3.4.1,273_2026.7_kikanzentai_shiga_ika.pdf
診療所,25,0301639,医療法人社団雨森,〒529－0222長浜市高月町雨森３７２番地,0749-85-3106,医療法人社団雨森医院理事長雨森正洋,雨森正洋,内　小,,平4.5.1,273_2026.7_kikanzentai_shiga_ika.pdf
診療所,25,0301647,医療法人社団布施,〒529－0241長浜市高月町高月５９３番地４,0749-85-5600,医療法人社団布施内科医院理事長布施好信,布施好信,内　小　胃　糖尿　病内科,,平4.12.1,273_2026.7_kikanzentai_shiga_ika.pdf
診療所,25,0301654,上松医院,〒529－0203長浜市高月町磯野５３７番地,0749-85-3189,上松貞彦,上松貞彦,内　小,,平5.2.13,273_2026.7_kikanzentai_shiga_ika.pdf
診療所,25,0301670,前川医院,〒529－0425長浜市木之本町木之本１３２４番地,0749-82-2038,前川憲昭,前川憲昭,外　内　皮,,平15.12.12,273_2026.7_kikanzentai_shiga_ika.pdf
病院,25,0301688,長浜市立湖北病院,〒529－0426長浜市木之本町黒田１２２１番地,0749-82-3315,長浜市長浜市長浅見宣義,納谷佳男,内　精　神内　呼　内　消化器内科　循環器内科　小　外　整外　皮　ひ　婦　眼　耳い　リハ　放　麻　歯　外,130,平22.1.1,274_2026.7_kikanzentai_shiga_sikaheisetu.pdf
診療所,25,0301696,長浜市立湖北病院金,〒529－0401長浜市木之本町金居原１２３４番地,0749-82-3315,長浜市長浜市長浅見宣義,久田祥雄,内,,平22.1.1,273_2026.7_kikanzentai_shiga_ika.pdf
診療所,25,0301704,長浜市立湖北病院中,〒529－0531長浜市余呉町中河内８６番地１,0749-82-3315,長浜市長浜市長浅見宣義,松村裕,内,,平22.1.1,273_2026.7_kikanzentai_shiga_ika.pdf
診療所,25,0301712,長浜市立湖北病院杉,〒529－0402長浜市木之本町杉野２８１０番地３,0749-82-3315,長浜市長浜市長浅見宣義,久田祥雄,内,,平22.1.1,273_2026.7_kikanzentai_shiga_ika.pdf
診療所,25,0301720,中之郷診療所,〒529－0515長浜市余呉町中之郷２４３４番地,0749-86-8105,長浜市長浜市長浅見宣義,松村裕,内　小,,平22.1.1,273_2026.7_kikanzentai_shiga_ika.pdf
診療所,25,0301738,中之郷診療所上丹生,〒529－0512長浜市余呉町上丹生２４８３番地,0749-86-8105,長浜市長浜市長浅見宣義,琴浦良彦,内,,平22.1.1,273_2026.7_kikanzentai_shiga_ika.pdf
診療所,25,0301746,中之郷診療所今市出,〒529－0535長浜市余呉町今市５４６番地２,0749-86-8105,長浜市長浜市長浅見宣義,琴浦良彦,内,,平22.1.1,273_2026.7_kikanzentai_shiga_ika.pdf
診療所,25,0301779,菅浦出張診療所,〒529－0726長浜市西浅井町菅浦２１８番地,0749-89-0012,長浜市長浜市長浅見宣義,上田祐樹,内　小　外,,平22.1.1,273_2026.7_kikanzentai_shiga_ika.pdf
診療所,25,0301811,長浜米原休日急患診,〒526－0831長浜市宮司町１１８１番地２,0749-65-1525,長浜市長浜市長浅見宣義,森上直樹,内　小,,平24.4.1,273_2026.7_kikanzentai_shiga_ika.pdf
診療所,25,0301829,医療法人幸心会た,〒529－0425長浜市木之本町木之本２０１２番地,0749-82-6800,医療法人幸心会理事長瀧畑幸功,瀧畑幸功,眼,,平24.4.1,273_2026.7_kikanzentai_shiga_ika.pdf
病院,25,0301837,セフィロト病院,〒526－0045長浜市寺田町２５７番地,0749-62-1652,社会福祉法人青祥会理事長畑下嘉之,松岡俊樹,精　老年精神科　内,176,平24.4.1,273_2026.7_kikanzentai_shiga_ika.pdf
診療所,25,0301845,よねざわ皮膚科クリ,〒526－0021長浜市八幡中山町３１８番３５,0749-53-2980,米澤理雄,米澤理雄,皮,,平24.6.1,273_2026.7_kikanzentai_shiga_ika.pdf
診療所,25,0301852,医療法人弘鳳会お,〒526－0847長浜市山階町４５１番地,0749-65-2377,医療法人弘鳳会理事長小栗章弘,小栗章弘,眼　アレ,,平25.3.7,273_2026.7_kikanzentai_shiga_ika.pdf
診療所,25,0301860,医療法人柊英会佐,〒526－0845長浜市小堀町８０番地１,0749-53-1701,医療法人柊英会理事長佐々木慶英,佐々木慶英,内　放,,平25.10.1,273_2026.7_kikanzentai_shiga_ika.pdf
診療所,25,0301886,西川医院,〒526－0059長浜市元浜町２８番３１号,0749-62-4412,西川貴士,西川貴士,内　胃腸内科,,平26.4.11,273_2026.7_kikanzentai_shiga_ika.pdf
診療所,25,0301894,イワセ整形外科,〒526－0034長浜市弥高町２２６番地,0749-65-2211,岩瀬丈明,岩瀬丈明,整外　リウ　リハ,,平26.7.1,273_2026.7_kikanzentai_shiga_ika.pdf
診療所,25,0301902,浅井東診療所,〒526－0203長浜市野瀬町８２８番地,0749-76-8111,長浜市長浅見宣義,松井善典,内　小　皮,,平26.10.1,273_2026.7_kikanzentai_shiga_ika.pdf
診療所,25,0301910,医療法人堤整形外,〒526－0021長浜市八幡中山町３９３番１,0749-62-1414,医療法人堤整形外科理事長堤聖吾,堤聖吾,整外　リハ　リウ　循環器内科　内,,平27.4.1,273_2026.7_kikanzentai_shiga_ika.pdf
診療所,25,0301936,荻野医院,〒529－0425長浜市木之本町木之本２０１２番地,0749-82-5177,医療法人荻野医院理事長荻野賢二,荻野賢二,内　呼　消,,平27.5.1,273_2026.7_kikanzentai_shiga_ika.pdf
診療所,25,0301951,医療法人千手会中川,〒526－0103長浜市曽根町１２２５番地,0749-72-8077,医療法人千手会理事長中川雅登,中川雅登,内　循　呼　小　リハ,,平28.5.1,273_2026.7_kikanzentai_shiga_ika.pdf
診療所,25,0301977,医療法人まちのほ,〒526－0033長浜市平方町３２１番地３,0749-68-3213,医療法人まちのほけんしつ理事長中川真哉,中川真哉,小　アレ,,平29.10.1,273_2026.7_kikanzentai_shiga_ika.pdf
診療所,25,0301985,つかクリニック,〒526－0034長浜市弥高町５６番地,0749-53-3410,塚晴俊,塚晴俊,ひ　内,,平30.4.1,273_2026.7_kikanzentai_shiga_ika.pdf
診療所,25,0301993,医療法人みふみ会,〒526－0058長浜市南呉服町１０番２２号,0749-63-5500,医療法人みふみ会理事長梅基光良,梅基光良,眼,,平30.3.1,273_2026.7_kikanzentai_shiga_ika.pdf
診療所,25,0302009,風の街こどもクリニ,〒526－0021長浜市八幡中山町３６１番地,0749-68-2100,医療法人豊山会理事長山根達也,山根達也,小,,平30.4.1,273_2026.7_kikanzentai_shiga_ika.pdf
診療所,25,0302017,びわこ学園長浜診,〒526－0845長浜市小堀町１２２番１,0749-53-2771,社会福祉法人びわこ学園理事長口分田政夫,山﨑正策,小　内,,平30.4.1,273_2026.7_kikanzentai_shiga_ika.pdf
診療所,25,0302025,にしあざい診療所,〒529－0721長浜市西浅井町大浦２５９０番地,0749-89-0012,長浜市長浜市長浅見宣義,上田祐樹,内　外　小,,平31.4.1,273_2026.7_kikanzentai_shiga_ika.pdf
診療所,25,0302033,塩津出張診療所,〒529－0701長浜市西浅井町塩津浜１７９５番地,0749-88-0341,長浜市長浜市長浅見宣義,木村佳弘,内　外　小,,平31.4.1,273_2026.7_kikanzentai_shiga_ika.pdf
診療所,25,0302041,はまたに内科・循環,〒526－0831長浜市宮司町１０８５番地１,0749-53-3017,濵谷朋和,濵谷朋和,内　循環器内科,,令2.11.1,273_2026.7_kikanzentai_shiga_ika.pdf
診療所,25,0302066,リウマチ科みやもと,〒526－0034長浜市弥高町２６９,0749-53-3887,宮本茂輝,宮本茂輝,リウ　内,,令4.4.1,273_2026.7_kikanzentai_shiga_ika.pdf
診療所,25,0302074,太田医院,〒529－0113長浜市大井町１８５番地,0749-73-2032,太田賛,太田賛,内　消化器内科,,令4.8.1,273_2026.7_kikanzentai_shiga_ika.pdf
診療所,25,0302082,ばんば内科・消化器,〒526－0037長浜市高田町１１番３３号,0749-53-3600,馬場弘道,馬場弘道,内　消化器内科　内視鏡内科　肝臓　内科,,令5.5.1,273_2026.7_kikanzentai_shiga_ika.pdf
診療所,25,0302108,きとうクリニック,〒526－0831長浜市宮司町１２００番地コープながはま２階,0749-65-5100,医療法人社団きとうクリニック理事長木藤克之,木藤克之,内　血液内科,,令6.4.1,273_2026.7_kikanzentai_shiga_ika.pdf
診療所,25,0302116,さわだ眼科,〒526－0053長浜市宮前町１０－７,0749-59-3988,澤田智子,澤田智子,眼,,令6.9.1,273_2026.7_kikanzentai_shiga_ika.pdf
診療所,25,0302124,みよし呼吸器クリニ,〒526－0025長浜市分木町２番１６号,0749-53-3077,三由僚,三由僚,呼内　アレ　内,,令6.9.1,273_2026.7_kikanzentai_shiga_ika.pdf
診療所,25,0302132,北びわこ耳鼻咽喉科,〒526－0021長浜市八幡中山町３０５－６－１０１,0749-57-6063,新井宏幸,新井宏幸,耳い　アレ,,令6.12.1,273_2026.7_kikanzentai_shiga_ika.pdf
診療所,25,0302140,ながはま在宅クリニ,〒526－0031長浜市八幡東町２６６－１,0749-57-6781,田辺浩喜,田辺浩喜,内,,令7.4.1,273_2026.7_kikanzentai_shiga_ika.pdf
病院,25,0400076,公益財団法人青樹会,〒523－0891近江八幡市鷹飼町７４４番地,0748-33-7101,公益財団法人青樹会理事長大島正義,濱名優,精　神　循　心内　内　消,350,昭32.9.1,273_2026.7_kikanzentai_shiga_ika.pdf
診療所,25,0400647,小西医院,〒523－0891近江八幡市鷹飼町１５１３番地,0748-33-3322,小西眞,小西眞,内　外　胃　小　放,,昭59.10.23,273_2026.7_kikanzentai_shiga_ika.pdf
診療所,25,0400704,山本医院,〒523－0871近江八幡市新町３丁目６,0748-32-3311,山本克與,山本克與,内　小　消　循,,昭63.7.28,273_2026.7_kikanzentai_shiga_ika.pdf
診療所,25,0400779,たに整形外科,〒523－0894近江八幡市中村町６５４番地,0748-33-1610,医療法人社団顕仁会理事長谷仁孝,谷仁孝,整外　リウ　リハ,,平2.9.1,273_2026.7_kikanzentai_shiga_ika.pdf
診療所,25,0400795,太田産婦人科医院,〒523－0898近江八幡市鷹飼町南三丁目３番５号,0748-38-0341,太田道隆,太田道隆,産　婦　内,,平3.8.1,273_2026.7_kikanzentai_shiga_ika.pdf
診療所,25,0400829,医療法人社団まつ,〒523－0893近江八幡市桜宮町２１１番地３,0748-33-2703,医療法人社団まつだクリニック理事長松田孝一,松田孝一,外　整外　内　胃　こう　皮　麻　リハ,,平4.6.1,273_2026.7_kikanzentai_shiga_ika.pdf
診療所,25,0400845,宮下医院,〒523－0813近江八幡市西本郷町８１番地１,0748-37-5114,医療法人社団淡湖史会理事長宮下篤史,宮下篤史,外　内　こう　胃　リハ　麻　整外,,平5.6.1,273_2026.7_kikanzentai_shiga_ika.pdf
診療所,25,0400886,田原整形外科,〒523－0032近江八幡市白鳥町４８番地２,0748-33-1780,田原武雄,田原武雄,リハ　整外　リウ,,平6.5.9,273_2026.7_kikanzentai_shiga_ika.pdf
診療所,25,0400944,イチロー内科クリニ,〒523－0898近江八幡市鷹飼町南三丁目１番１６号,0748-37-8500,医療法人清心会理事長中江一郎,中江一郎,内　呼内　循環器　内科,,平8.4.1,273_2026.7_kikanzentai_shiga_ika.pdf
診療所,25,0400977,医療法人宮腰内科,〒523－0032近江八幡市白鳥町２６番地１,0748-32-0028,医療法人宮腰内科医院理事長宮腰大輔,宮腰大輔,内　消化器内科,,平9.5.1,273_2026.7_kikanzentai_shiga_ika.pdf
診療所,25,0401025,医療法人社団こだ,〒523－0891近江八幡市鷹飼町１５２９番地１,0748-33-8777,医療法人社団こだま耳鼻咽喉科医院理事長児玉章,児玉章,耳い,,平12.10.2,273_2026.7_kikanzentai_shiga_ika.pdf
診療所,25,0401058,まつざわクリニック,〒523－0082近江八幡市土田町２６８番地３,0748-32-4508,松澤正典,松澤正典,内　消化器内科　循環器内科　アレ,,平14.4.26,273_2026.7_kikanzentai_shiga_ika.pdf
診療所,25,0401074,福田眼科,〒523－0891近江八幡市鷹飼町５２７番地１ジョイフルコート大塚１階,0748-31-2539,医療法人厚生会理事長福田智一,橋本秀人,眼,,平14.5.1,273_2026.7_kikanzentai_shiga_ika.pdf
診療所,25,0401132,医療法人社団おか,〒523－0856近江八幡市音羽町２４番地,0748-31-2525,医療法人社団おかもと眼科理事長岡本庄之助,岡本庄之助,眼,,平16.6.1,273_2026.7_kikanzentai_shiga_ika.pdf
診療所,25,0401165,にしはら耳鼻咽喉科,〒523－0898近江八幡市鷹飼町南三丁目５番８号ＯＨプラザ１番館１階,0748-37-8714,医療法人社団医善会理事長韓相善,韓相善,耳い　気食　アレ,,平17.11.1,273_2026.7_kikanzentai_shiga_ika.pdf
診療所,25,0401181,関川医院,〒523－0891近江八幡市鷹飼町南三丁目１番１４号,0748-37-6191,関川利幸,関川利幸,内　呼,,平18.5.8,273_2026.7_kikanzentai_shiga_ika.pdf
診療所,25,0401199,医療法人社団柴田,〒523－0896近江八幡市鷹飼町北一丁目８番地６,0748-31-3637,医療法人社団柴田医院理事長柴田辰己,柴田辰己,消　内,,平18.5.1,273_2026.7_kikanzentai_shiga_ika.pdf
診療所,25,0401223,医療法人まえざわク,〒523－0886近江八幡市西末町１８番地１,0748-31-3601,医療法人まえざわクリニック理事長前澤卓也,前澤卓也,内　ひ,,平19.10.1,273_2026.7_kikanzentai_shiga_ika.pdf
診療所,25,0401231,しげもり内科・消化,〒523－0033近江八幡市日吉野町６７５番地,0748-33-1203,医療法人エスフォレスト理事長茂森賢太,茂森賢太,内　消化器内科,,平19.10.1,273_2026.7_kikanzentai_shiga_ika.pdf
診療所,25,0401256,うえだウィメンズク,〒523－0031近江八幡市堀上町１９３番１,0748-32-3517,上田博久,上田博久,産　婦,16,平21.5.1,273_2026.7_kikanzentai_shiga_ika.pdf
診療所,25,0401306,医療法人広田整形外,〒521－1311近江八幡市安土町下豊浦５２４７番地,0748-46-2162,医療法人広田整形外科理事長田茂永,田茂永,整外,,平13.11.1,273_2026.7_kikanzentai_shiga_ika.pdf
診療所,25,0401314,医療法人水原医院,〒521－1343近江八幡市安土町小中２１８番地,0748-46-6611,医療法人水原医院理事長水原寿夫,水原寿夫,内　循　小　外,,平15.5.1,273_2026.7_kikanzentai_shiga_ika.pdf
病院,25,0401322,近江八幡市立総合医,〒523－0082近江八幡市土田町１３７９番地,0748-33-3151,近江八幡市近江八幡市長徳永久志,本郷文弥,地域支援　一般（感染）　内　循環器内科　消化器内科、消化　器外科　脳内　外　整外　脳外　小　小外　産婦　皮　ひ　眼　耳鼻咽　喉科・頭頸部外科　リハ　心外　放　麻　病理　形外　腎臓内科　代謝　・内分泌内科　血　液内科　救命,407,平22.3.21,273_2026.7_kikanzentai_shiga_ika.pdf
診療所,25,0401330,近江八幡市立沖島診,〒523－0801近江八幡市沖島町２６８番地１,0748-33-9779,近江八幡市近江八幡市長徳永久志,頼住一,内　小,,平22.3.21,273_2026.7_kikanzentai_shiga_ika.pdf
診療所,25,0401348,ともこどもクリニッ,〒523－0891近江八幡市鷹飼町４５０番地６,0748-33-5565,医療法人ともこどもクリニック理事長太田智和,太田智和,小　アレ　内,,平22.8.1,273_2026.7_kikanzentai_shiga_ika.pdf
診療所,25,0401363,医療法人社団堀江医,〒523－0058近江八幡市加茂町３６６０番５,0748-34-8131,医療法人社団堀江医院理事長堀江元,堀江元,内　小　循　アレ　放,,平24.1.1,273_2026.7_kikanzentai_shiga_ika.pdf
診療所,25,0401405,医療法人竹園医院,〒521－1351近江八幡市安土町常楽寺５９０番地,0748-46-2450,医療法人竹園医院理事長竹園康秀,竹園康秀,内　消化器内科　糖尿病内科,,平25.7.1,273_2026.7_kikanzentai_shiga_ika.pdf
診療所,25,0401421,医療法人育誠会,〒523－0892近江八幡市出町３０９番地,0748-33-7601,医療法人育誠会理事長西川達朗,西川達朗,小　アレ,,平25.10.1,273_2026.7_kikanzentai_shiga_ika.pdf
診療所,25,0401439,杉原医院,〒521－1332近江八幡市安土町東老蘇１１７０番地３,0748-43-1786,杉原玄久,杉原玄久,内　小　麻,,平26.1.1,273_2026.7_kikanzentai_shiga_ika.pdf
診療所,25,0401462,東近江行政組合近,〒523－0892近江八幡市出町３８１番,0748-33-9311,東近江行政組合管理者小椋正清,水原寿夫,内　小　外,,平26.4.1,273_2026.7_kikanzentai_shiga_ika.pdf
診療所,25,0401470,おさだファミリーク,〒523－08,0748-36-8880,11近江八幡市長田町１２６８番１医療法人敬絆会理事長松尾隆志,佐藤有美,内　リハ　神内　整外,,平26.7.1,273_2026.7_kikanzentai_shiga_ika.pdf
診療所,25,0401488,医療法人きしだ皮,〒523－0058近江八幡市加茂町３６６０番１,0748-31-0220,医療法人きしだ皮ふ科クリニック理事長岸田昌之,岸田昌之,皮,,平26.10.1,273_2026.7_kikanzentai_shiga_ika.pdf
診療所,25,0401496,まつおファミリーク,〒523－0891近江八幡市鷹飼町１４８５番地６Ｏ・Ｈビル近江八幡,0748-32-3255,医療法人敬絆会理事長松尾隆志,松尾隆志,内　外　肛門外科　ペインクリニッ　ク内科　皮　整外　心内,12,平26.10.1,273_2026.7_kikanzentai_shiga_ika.pdf
診療所,25,0401504,よりずみ医院,〒523－0056近江八幡市古川町１１９２－７７,0748-33-7533,頼住一,頼住一,内,,平27.9.1,273_2026.7_kikanzentai_shiga_ika.pdf
診療所,25,0401512,医療法人川端医院,〒523－0818近江八幡市西本郷町東６番地７,0748-38-0153,医療法人川端医院理事長川端悠暉,中村高秋,内　糖尿病・内分　泌代謝内科,,平27.10.1,273_2026.7_kikanzentai_shiga_ika.pdf
診療所,25,0401538,おうみリウマチ膠原,〒523－0894近江八幡市中村町２０番地２５,0748-31-1888,川端大介,川端大介,内　リウ　アレ,,平28.6.1,273_2026.7_kikanzentai_shiga_ika.pdf
診療所,25,0401546,医療法人健央会ほり,〒523－0898近江八幡市鷹飼町南３丁目２番４,0748-37-5757,医療法人健央会理事長堀尾和弘,堀尾和弘,眼,,平28.10.1,273_2026.7_kikanzentai_shiga_ika.pdf
診療所,25,0401561,医療法人よしずみ内,〒523－0041近江八幡市中小森町１２９－１,0748-31-0777,医療法人よしずみ内科クリニック理事長吉栖正巳,吉栖正巳,内　消化器内科　循環器内科　アレ　ルギー科,,平29.4.1,273_2026.7_kikanzentai_shiga_ika.pdf
診療所,25,0401579,白鳥内科,〒523－0891近江八幡市鷹飼町４５０－５,0748-43-1178,田原美喜,田原美喜,神内　内,,平30.4.2,273_2026.7_kikanzentai_shiga_ika.pdf
診療所,25,0401603,中村医院,〒523－0043近江八幡市池田本町９２７－４,0748-33-8480,松井甚弥,松井甚弥,内　整外　放　外,,平30.11.28,273_2026.7_kikanzentai_shiga_ika.pdf
診療所,25,0401637,医療法人宗結会む,〒523－0041近江八幡市中小森町３３９－１,0748-31-1187,医療法人宗結会理事長村上賢太郎,村上賢太郎,耳い　アレ,,令元.10.1,273_2026.7_kikanzentai_shiga_ika.pdf
診療所,25,0401645,村上眼科,〒523－0893近江八幡市桜宮町２９９－３,0748-36-7585,村上怜,村上怜,眼,,令2.1.1,273_2026.7_kikanzentai_shiga_ika.pdf
診療所,25,0401652,はしぐち整形外科ク,〒523－0821近江八幡市多賀町４６０番地,0748-31-1184,橋口淳一,橋口淳一,整外　リハ,,令2.11.1,273_2026.7_kikanzentai_shiga_ika.pdf
診療所,25,0401660,医療法人大郷会耳鼻,〒523－0032近江八幡市白鳥町４８番地７,0748-36-3341,医療法人大郷会理事長坂口博史,坂口博史,耳い,,令3.4.1,273_2026.7_kikanzentai_shiga_ika.pdf
病院,25,0401694,公益財団法人近江兄,〒523－0805近江八幡市円山町９２７－１,0748-32-5211,公益財団法人近江兄弟社代表理事三ツ浪健一,五月女隆男,療養病床　内　消化器内科　循環器内科　外　呼内　呼吸器外科　整外　リハ　神　内　脳外　糖尿病　内科　内分泌内科　ひ　心臓血管外　科,168,令4.11.1,273_2026.7_kikanzentai_shiga_ika.pdf
診療所,25,0401710,東近江しのはら駅前,〒523－0045近江八幡市安養寺町８７１番１,0748-36-2847,医療法人あなうさぎ理事長堀川健志,堀川健志,心内　精　老年精　神科,,令5.10.1,273_2026.7_kikanzentai_shiga_ika.pdf
診療所,25,0401728,ファストメンタルク,〒523－0891近江八幡市鷹飼町１４８５－８,0748-32-7211,一般社団法人仁秀グループ代表理事山根秀夫,山根秀夫,心内　精　美容皮　膚科,,令5.10.1,273_2026.7_kikanzentai_shiga_ika.pdf
診療所,25,0401736,淡海せぼねクリニッ,〒523－0892近江八幡市出町２３３番地２,0748-29-3339,一般社団法人スピナレピオス代表理事倉石慶太,倉石慶太,脳外　リハ　整外,,令6.1.1,273_2026.7_kikanzentai_shiga_ika.pdf
診療所,25,0401751,近江八幡市立武佐診,〒523－0011近江八幡市友定町３０５番地,0748-37-0331,近江八幡市近江八幡市長徳永久志,白山武司,内,,令6.10.1,273_2026.7_kikanzentai_shiga_ika.pdf
診療所,25,0401769,ますだホームクリニ,〒523－0892近江八幡市出町８０２－１,0748-43-1639,増田大輔,増田大輔,内　循環器内科　心内,,令6.11.1,273_2026.7_kikanzentai_shiga_ika.pdf
診療所,25,0401777,医療法人赤松在宅診,〒523－0891近江八幡市鷹飼町５４７－２きよし堂ビル２Ｆ,0748-31-1155,医療法人赤松在宅診療クリニック理事長赤松園子,赤松園子,内　血液内科　和　漢,,令7.12.1,273_2026.7_kikanzentai_shiga_ika.pdf
診療所,25,0401785,医療法人なごみと,〒523－0037近江八幡市東町１８７番地３,0748-29-3760,医療法人なごみ理事長問山大輔,問山大輔,ひ　内,,令8.4.1,273_2026.7_kikanzentai_shiga_ika.pdf
診療所,25,0500479,滋賀県東近江保健所,〒527－0023東近江市八日市緑町８－２２,0748-22-1253,滋賀県知事三日月大造,小林靖英,内,,昭55.8.1,273_2026.7_kikanzentai_shiga_ika.pdf
病院,25,0500503,東近江敬愛病院,〒527－0025東近江市八日市東本町８番１６号,0748-22-2222,医療法人敬愛会理事長間嶋孝,間嶋淳,療養病床　内　循環器内科　消化器内科、消化　器外科　糖尿病・　代謝内科　皮　放　麻　外　乳腺外　科　肛門外科　整　外　脳外　リハ　透析　脳内　心外,154,昭57.4.1,273_2026.7_kikanzentai_shiga_ika.pdf
診療所,25,0500545,医療法人社団宮路,〒527－0014東近江市西中野町３番１６号,0748-22-0055,医療法人社団宮路医院理事長落合直也,落合直也,内　小,,平4.5.1,273_2026.7_kikanzentai_shiga_ika.pdf
診療所,25,0500578,医療法人社団広島外,〒527－0021東近江市八日市東浜町１番２７号,0748-22-1311,医療法人社団広島外科・整形外科医院理事長西賀隆夫,西賀隆夫,整外　外　内　皮　ひ　リハ,,平5.7.1,273_2026.7_kikanzentai_shiga_ika.pdf
診療所,25,0500610,医療法人社団明光会,〒527－0023東近江市八日市緑町１番７号,0748-24-2121,医療法人社団明光会理事長南毅,南毅,眼,,平7.9.1,273_2026.7_kikanzentai_shiga_ika.pdf
診療所,25,0500651,島田医院,〒527－0028東近江市八日市金屋二丁目１番７号,0748-22-0140,島田徹,島田徹,内　小　循,,平9.9.1,273_2026.7_kikanzentai_shiga_ika.pdf
診療所,25,0500669,医療法人笠原レデ,〒527－0091東近江市小脇町２４０１番地６,0748-22-2101,医療法人笠原レディースクリニック理事長笠原一彦,笠原一彦,産　婦,17,平9.9.1,273_2026.7_kikanzentai_shiga_ika.pdf
診療所,25,0500677,奥田医院,〒527－0012東近江市八日市本町５番９号,0748-22-0219,奥田雄二,奥田雄二,内　婦　漢方内科,,平10.4.20,273_2026.7_kikanzentai_shiga_ika.pdf
診療所,25,0500685,澤井医院,〒527－0023東近江市八日市緑町４番１０号,0748-25-1201,澤井孝之,澤井孝之,小児皮膚科　小,,平10.8.1,273_2026.7_kikanzentai_shiga_ika.pdf
診療所,25,0500693,医療法人社団幸信会,〒527－0039東近江市青葉町１番４６号,0748-22-5000,医療法人社団幸信会理事長山口信一郎,徳満拓明,内　循　呼　消　放　脳内　脳外　糖尿病内科　内分　泌内科,,平11.12.1,273_2026.7_kikanzentai_shiga_ika.pdf
病院,25,0500701,医療法人社団幸信会,〒527－0039東近江市青葉町１番３６号,0748-20-1110,医療法人社団幸信会理事長山口信一郎,山口信一郎,内　リハ　療養病床,98,平12.7.1,273_2026.7_kikanzentai_shiga_ika.pdf
診療所,25,0500750,おざき内科医院,〒527－0091東近江市小脇町２４０１－８,0748-23-1911,医療法人おざき内科医院理事長尾﨑芳樹,尾﨑芳樹,内　消　循,,平15.5.1,273_2026.7_kikanzentai_shiga_ika.pdf
診療所,25,0500768,在田医院,〒527－0085東近江市下羽田町字乙畔５１番３,0748-25-5080,医療法人在田医院理事長在田耕生,在田耕生,内　循　呼,,平15.5.1,273_2026.7_kikanzentai_shiga_ika.pdf
診療所,25,0500776,緑町診療所,〒527－0023東近江市八日市緑町２０－１２,0748-23-6276,李樹碩,李樹碩,内　産　小,1,平15.6.1,273_2026.7_kikanzentai_shiga_ika.pdf
診療所,25,0500818,古道医院,〒529－1404東近江市宮荘町６８１番地２,0748-48-6233,古道武夫,古道武夫,内　循　小,,平10.5.18,273_2026.7_kikanzentai_shiga_ika.pdf
診療所,25,0500834,医療法人社団小串,〒529－1431東近江市五個荘山本町８３番地,0748-48-2053,医療法人社団小串医院理事長小串真司,小串真司,内　小　放,,平12.10.1,273_2026.7_kikanzentai_shiga_ika.pdf
病院,25,0500842,医療法人医誠会神,〒529－1445東近江市五個荘清水鼻町９５番地,0748-48-5555,医療法人医誠会理事長谷幸治,有秀男,療養病床　内　外　整外　皮　ひ　耳い　リハ　透析,400,平15.3.1,273_2026.7_kikanzentai_shiga_ika.pdf
病院,25,0500859,医療法人恒仁会近,〒527－0145,0749-46-1125,医療法人恒仁,小山威夫,,169,平10.4.1,274_2026.7_kikanzentai_shiga_sikaheisetu.pdf
病院,25,0530852,江温泉病院,東近江市北坂町９６６番地,,会理事長小山威夫,,療養病床　内　精　皮　リハ　歯,56,開設者変,274_2026.7_kikanzentai_shiga_sikaheisetu.pdf
診療所,25,0500867,医療法人竹中医院,〒527－0121東近江市小池町５３１番地２,0749-45-1100,医療法人竹中医院理事長竹中克彦,竹中克彦,内　胃腸内科　小,,平10.10.1,273_2026.7_kikanzentai_shiga_ika.pdf
病院,25,0500875,医療法人社団昴会,〒527－0134東近江市平松町２番地１,0749-45-5000,医療法人社団昴会理事長相馬俊臣,馬渕博,循環器内科　内　小　外　脳外　整　外　眼　皮　耳い　ひ　放　救命　形外　心外　呼内　リハ　麻　脳内,129,平12.10.10,273_2026.7_kikanzentai_shiga_ika.pdf
診療所,25,0500883,東近江市永源寺診療,〒527－0231東近江市山上町１３５２番地,0748-27-1160,東近江市東近江市長小椋正清,花戸貴司,内　整外　小,,平17.2.11,273_2026.7_kikanzentai_shiga_ika.pdf
診療所,25,0500917,東近江市あいとう診,〒527－0162東近江市妹町２９番地,0749-46-8030,東近江市東近江市長小椋正清,横田哲朗,内　小　整外,,平17.2.11,273_2026.7_kikanzentai_shiga_ika.pdf
診療所,25,0500933,鳥越医院,〒527－0022東近江市八日市上之町４番１号,0748-22-2482,鳥越公彰,鳥越公彰,内　小　アレ　リ　ウ,,平17.10.5,273_2026.7_kikanzentai_shiga_ika.pdf
診療所,25,0501014,おだわら医院,〒521－1223東近江市猪子町４３０番地,0748-42-0346,小田原健一,小田原健一,内　小　循,,平13.1.1,273_2026.7_kikanzentai_shiga_ika.pdf
診療所,25,0501022,金岡医院,〒521－1222東近江市佐野町２８２番地７,0748-42-7333,医療法人金岡医院理事長金岡彦治,金岡彦治,内　消　循　小　リハ,,平13.5.1,273_2026.7_kikanzentai_shiga_ika.pdf
診療所,25,0501055,東近江市鋳物師診療,〒529－1522東近江市鋳物師町７０８番地,0748-55-0406,東近江市東近江市長小椋正清,花澤一芳,外,,平18.1.1,273_2026.7_kikanzentai_shiga_ika.pdf
病院,25,0501071,東近江市立能登川,〒521－1223東近江市猪子町１９１番地,0748-42-1333,東近江市東近江市長小椋正清,竹内孝幸,内　消化器内科　循環器内科　呼内　ひ　外　整外　小　眼　皮　耳い　リハ　脳内　脳　外　形外　放　眼　形成眼窩外科　麻　心外,102,平18.1.1,273_2026.7_kikanzentai_shiga_ika.pdf
診療所,25,0501089,つたむね眼科,〒521－1222東近江市佐野町２８２番地５,0748-42-5318,蔦宗直人,蔦宗直人,眼,,平18.4.1,273_2026.7_kikanzentai_shiga_ika.pdf
診療所,25,0501105,こすぎクリニック,〒527－0174東近江市大萩町４６番地,0749-46-8000,小杉厚,小杉厚,内　外　皮　リハ,,平18.5.1,273_2026.7_kikanzentai_shiga_ika.pdf
診療所,25,0501113,つちだ内科医院,〒527－0023東近江市八日市緑町３番６号,0748-20-0808,医療法人三方会理事長土田隆太郎,土田隆太郎,内　循環器内科　呼内,,平18.5.1,273_2026.7_kikanzentai_shiga_ika.pdf
診療所,25,0501121,むらた皮ふ科クリニ,〒527－0012東近江市八日市本町３番４号森善ビル２階,0748-25-5270,医療法人むらた皮ふ科クリニック理事長村田雄峰,村田雄峰,皮　アレ,,平18.8.1,273_2026.7_kikanzentai_shiga_ika.pdf
診療所,25,0501139,医療法人社団山崎,〒521－1225東近江市山路町２９０７番地,0748-42-1135,医療法人社団山崎クリニック理事長山崎吉範,山崎吉範,人工透析内科　産　婦　内,,平18.12.23,273_2026.7_kikanzentai_shiga_ika.pdf
診療所,25,0501147,えがわ整形外科,〒527－0023東近江市八日市緑町６番１０号,0748-24-0303,医療法人三方会理事長土田隆太郎,江川雅章,整外　リハ,,平19.4.3,273_2026.7_kikanzentai_shiga_ika.pdf
診療所,25,0501154,吉川整形外科クリニ,〒521－1222東近江市佐野町１９５番地１,0748-43-6120,医療法人吉川整形外科クリニック理事長川玄逸,川玄逸,整外　リウ　リハ,,平19.4.1,273_2026.7_kikanzentai_shiga_ika.pdf
診療所,25,0501162,東近江市永源寺東部,〒527－0207東近江市蓼畑町５１０番地,,東近江市東近江市長小椋正清,花戸貴司,内　小,,平19.7.1,273_2026.7_kikanzentai_shiga_ika.pdf
診療所,25,0501188,いがわ耳鼻咽喉科,〒521－1222東近江市佐野町３９７番地１東陽オアシス能登川２階Ｆ,0748-42-4487,井川秀樹,井川秀樹,耳い　アレ,,平19.11.1,273_2026.7_kikanzentai_shiga_ika.pdf
診療所,25,0501196,明愛眼科,〒527－0012東近江市八日市本町３番４号,0748-24-9100,赤峰敬信,赤峰敬信,眼,,平19.10.1,273_2026.7_kikanzentai_shiga_ika.pdf
診療所,25,0501204,大林内科循環器科,〒521－1222東近江市佐野町３９７番地１東陽オアシス能登川１階Ｂ,0748-42-5051,大林靖典,大林靖典,内　循　呼,,平19.11.1,273_2026.7_kikanzentai_shiga_ika.pdf
診療所,25,0501238,出目医院,〒527－0013東近江市東中野町１番１２号,0748-22-2072,出目明,出目明,整外　リハ　内,,平21.1.1,273_2026.7_kikanzentai_shiga_ika.pdf
診療所,25,0501246,医療法人社団双秀,〒527－0011東近江市八日市浜野町４８７番１,0748-25-0065,医療法人社団双秀会理事長小山公男,小山公男,眼,,平21.8.1,273_2026.7_kikanzentai_shiga_ika.pdf
診療所,25,0501279,そのだ耳鼻咽喉科,〒527－0023東近江市八日市緑町３番２号,0748-24-3387,医療法人緑園会理事長園田聡,園田聡,耳い,,平24.5.1,273_2026.7_kikanzentai_shiga_ika.pdf
診療所,25,0501303,東近江市蒲生医療セ,〒529－1572東近江市桜川西町３４０番地,0748-55-1175,東近江市東近江市長小椋正清,諏訪裕文,内　脳内　小　整　外　ひ　乳腺外科　皮　放　放射線　治療科　リハ,19,平25.4.1,273_2026.7_kikanzentai_shiga_ika.pdf
診療所,25,0501311,水谷整形外科医院,〒521－1221東近江市垣見町１５９８番地１,0748-26-2811,医療法人瑞晴會理事長水谷昭陽,水谷昭陽,整外　リハ　リウ　形外　美外,,平25.4.1,273_2026.7_kikanzentai_shiga_ika.pdf
診療所,25,0501329,東近江行政組合東,〒527－0045東近江市中小路町４８３番４,0748-23-5020,東近江行政組合管理者小椋正清,山田衆,内　小,,平25.9.1,273_2026.7_kikanzentai_shiga_ika.pdf
診療所,25,0501345,松尾医院,〒521－1205東近江市躰光寺町６０４番地,0748-42-6035,医療法人湖峰会理事長髙木幸浩,髙木幸浩,内　小　消化器内　科　肛門外科　外　皮,,平26.4.1,273_2026.7_kikanzentai_shiga_ika.pdf
診療所,25,0501352,医療法人社団こやま,〒527－0073東近江市蛇溝町１８０番地,0748-36-3934,医療法人社団こやま整形外科医院理事長小山喜也,小山喜也,整外　リウ　リハ,,平26.5.1,273_2026.7_kikanzentai_shiga_ika.pdf
診療所,25,0501360,東近江市長峰診療所,〒529－1551東近江市宮川町２４４番地９２１,0748-55-1175,東近江市東近江市長小椋正清,岡田裕作,内　小,,平26.11.12,273_2026.7_kikanzentai_shiga_ika.pdf
診療所,25,0501394,たなか小児科,〒527－0023東近江市八日市緑町５番２７号,0748-43-0920,田中正幸,田中正幸,小,,平28.9.1,273_2026.7_kikanzentai_shiga_ika.pdf
診療所,25,0501410,医療法人布引内科ク,〒527－0072東近江市布引台１丁目９８０,0748-20-1255,医療法人布引内科クリニック理事長山田衆,山田衆,内　糖尿病内科　内分泌内科　腎臓　内科　透析,,平29.4.1,273_2026.7_kikanzentai_shiga_ika.pdf
診療所,25,0501428,さつき診療所,〒529－1532東近江市市子松井町１９１番地４,0748-55-3355,医療法人さつき診療所理事長田中俊成,田中俊成,内　小　循環器内　科,,平29.5.1,273_2026.7_kikanzentai_shiga_ika.pdf
診療所,25,0501436,やましたクリニック,〒527－0033東近江市東沖野２丁目１－３３,0748-20-1515,山下寛人,山下寛人,内　ひ　放,,平30.6.1,273_2026.7_kikanzentai_shiga_ika.pdf
診療所,25,0501444,あおき皮フ科,〒521－1235東近江市伊庭町２３６番地,0748-36-3670,医療法人湖楓会理事長青木良憲,青木良憲,皮,,平30.11.1,273_2026.7_kikanzentai_shiga_ika.pdf
診療所,25,0501451,医療法人レイメイク,〒527－0033東近江市東沖野４丁目１６－１８,0748-20-2220,医療法人レイメイクリニック理事長富田晴久,富田晴久,内　外　消化器内　科　整外　肛門外　科　リハ,,平31.4.1,273_2026.7_kikanzentai_shiga_ika.pdf
診療所,25,0501469,高畑医院,〒529－1501東近江市石塔町２３６番地の１,0748-55-3511,髙畑正文,髙畑正文,内　小,,令3.1.1,273_2026.7_kikanzentai_shiga_ika.pdf
診療所,25,0501477,中村医院,〒527－0046東近江市妙法寺町８８０－１,0748-22-8588,中村喜久子,中村喜久子,内　小　循環器内　科　消化器内科　呼内　放,,令3.3.24,273_2026.7_kikanzentai_shiga_ika.pdf
診療所,25,0501485,ＢーＣＬＩＮＩＣ,〒521－1221東近江市垣見町８００－５２階,0748-42-2550,一般社団法人ＢＯＮ’ｓ代表理事本庄孝江,本庄孝江,皮　美容内科,,令3.6.1,273_2026.7_kikanzentai_shiga_ika.pdf
診療所,25,0501493,中沢医院,〒527－0073東近江市蛇溝町１２０,0748-22-0240,中澤優子,中澤優子,内　小　循環器内　科,,令4.1.1,273_2026.7_kikanzentai_shiga_ika.pdf
診療所,25,0501501,おかもとキッズクリ,〒521－1224東近江市林町６１６番地,0748-36-1222,医療法人ＯＫＣ理事長岡本暢彦,岡本暢彦,小,,令4.11.1,273_2026.7_kikanzentai_shiga_ika.pdf
診療所,25,0501519,やまぐち内科クリニ,〒529－1444東近江市五個荘石塚町２４－７,0748-43-2300,医療法人やまぐち内科クリニック理事長山口大介,山口大介,内　呼内,,令5.5.1,273_2026.7_kikanzentai_shiga_ika.pdf
診療所,25,0501527,おくのこどもクリニ,〒527－0034東近江市沖野四丁目２番３８－１号,0748-36-1724,奥野計寿人,奥野計寿人,小,,令5.10.1,273_2026.7_kikanzentai_shiga_ika.pdf
診療所,25,0501535,うらべ在宅クリニッ,〒527－0135東近江市横溝町３０５番地１,0749-45-0001,浦部博志,浦部博志,内　脳内　リハ,,令6.4.1,273_2026.7_kikanzentai_shiga_ika.pdf
診療所,25,0501543,もりた内科・消化器,〒527－0022東近江市八日市上之町９番２号,0748-34-2001,森田康大,森田康大,内　消化器内科　内視鏡内科　肝臓　内科,,令6.9.1,273_2026.7_kikanzentai_shiga_ika.pdf
診療所,25,0501550,たく内科クリニック,〒521－1221東近江市垣見町６８２,0748-42-0125,山口琢,山口琢,内　小　消化器内　科,,令7.12.1,273_2026.7_kikanzentai_shiga_ika.pdf
診療所,25,0501568,なのはな皮ふ科クリ,〒527－0037東近江市東今崎町１番６号,0748-34-3456,川菜穂,川菜穂,皮　美容皮膚科,,令8.4.1,273_2026.7_kikanzentai_shiga_ika.pdf
診療所,25,0600766,岡本医院,〒525－0057草津市桜ケ丘五丁目３番１０号,077-565-3757,岡本法仲,岡本法仲,内　消化器内科,,昭59.11.1,273_2026.7_kikanzentai_shiga_ika.pdf
診療所,25,0600774,耳鼻咽喉科岸本医院,〒525－0027草津市野村三丁目１７番１９号,077-563-1577,岸本正生,岸本正生,耳い　アレ,,昭60.1.1,273_2026.7_kikanzentai_shiga_ika.pdf
診療所,25,0600816,はしたに眼科,〒525－0032草津市大路一丁目１１番３０号,077-563-4800,医療法人厚生会理事長福田智一,橋谷忠憲,眼,,昭63.3.1,273_2026.7_kikanzentai_shiga_ika.pdf
診療所,25,0600832,岡診療所,〒525－0027草津市野村六丁目１４番１４号,077-562-8011,岡敦子,岡敦子,内　小　外,,昭63.12.1,273_2026.7_kikanzentai_shiga_ika.pdf
診療所,25,0600873,滋賀県草津保健所,〒525－8525草津市草津三丁目１４番７５号,077-562-3526,滋賀県滋賀県知事三日月大造,嶋村清志,内,,平2.1.1,273_2026.7_kikanzentai_shiga_ika.pdf
診療所,25,0600956,びわこ学園医療福祉,〒525－0072,077-566-0701,社会福祉法人び,種子島章男,,,平3.6.1,274_2026.7_kikanzentai_shiga_sikaheisetu.pdf
病院,25,0630959,センター草津,草津市笠山八丁目３番１１３号,,わこ学園理事長口分田政夫,,小　内　リハ　神　歯　精　整外　眼　皮　耳,126,更新,274_2026.7_kikanzentai_shiga_sikaheisetu.pdf
診療所,25,0600964,水口クリニック,〒525－0027草津市野村一丁目１番１０号,077-566-0601,一般社団法人水口病院理事長青木建亮,青木浩亮,神　精　心内,,平3.9.1,273_2026.7_kikanzentai_shiga_ika.pdf
病院,25,0601012,滋賀県立精神医療セ,〒525－0072草津市笠山八丁目４番２５号,077-567-5001,滋賀県滋賀県知事三日月大造,増井晃,精　心内　内　神　内,100,平4.9.1,273_2026.7_kikanzentai_shiga_ika.pdf
診療所,25,0601087,医療法人社団せき川,〒525－0027草津市野村四丁目９番１０号,077-564-3111,医療法人社団せき川クリニック理事長関川浩嘉,関川浩嘉,外　内　整外　皮,,平5.6.1,273_2026.7_kikanzentai_shiga_ika.pdf
診療所,25,0601111,立命館診療所分室,〒525－0058草津市野路東一丁目１番１号,077-561-2635,学校法人立命館理事長森島朋三,中川克,内　精,,平6.4.1,273_2026.7_kikanzentai_shiga_ika.pdf
診療所,25,0601137,中野クリニック,〒525－0032草津市大路一丁目１５番４３号,077-567-9137,中野悦次,中野悦次,ひ　内,,平7.4.17,273_2026.7_kikanzentai_shiga_ika.pdf
診療所,25,0601160,医療法人九谷医院,〒525－0032草津市大路一丁目１８番３１号,077-562-2270,医療法人九谷医院理事長佐伯満男,佐伯満男,内　循環器内科　消化器内科　脳内　呼内　アレ　耳　い,,平7.10.1,273_2026.7_kikanzentai_shiga_ika.pdf
診療所,25,0601236,橋本内科医院,〒525－0022草津市川原町３０２番地５,077-564-1566,橋本賢治,橋本賢治,内　循,,平8.12.2,273_2026.7_kikanzentai_shiga_ika.pdf
診療所,25,0601244,入江産婦人科,〒525－0032草津市大路二丁目３番１１号ハイレス２１,077-563-5223,入江賢治,入江賢治,産婦　美容皮膚科,,平9.1.3,273_2026.7_kikanzentai_shiga_ika.pdf
診療所,25,0601277,医療法人社団いず,〒525－0033草津市東草津二丁目２番５３号,077-565-2347,医療法人社団いずみ医院理事長泉邦洋,泉邦洋,外　整外　内　消　化器内科　皮,,平9.6.1,273_2026.7_kikanzentai_shiga_ika.pdf
診療所,25,0601319,白波瀬小児科,〒525－0027草津市野村八丁目９番３７号,077-561-0880,白波瀬亙,白波瀬亙,小,,平10.4.1,273_2026.7_kikanzentai_shiga_ika.pdf
病院,25,0601343,南草津野村病院,〒525－0059草津市野路一丁目６番５号,077-561-3788,医療法人真心会理事長野村哲哉,秋山稔,産婦　小　内　麻,25,平10.6.1,273_2026.7_kikanzentai_shiga_ika.pdf
診療所,25,0601426,くぼた眼科,〒525－0059草津市野路一丁目７番２１号リベリー南草津２階,077-561-0789,久保田真吾,久保田真吾,眼,,平11.2.15,273_2026.7_kikanzentai_shiga_ika.pdf
診療所,25,0601434,医療法人板谷耳鼻,〒525－0037草津市西大路町８番２８号１０１,077-561-0618,医療法人板谷耳鼻咽喉科理事長板谷隆義,板谷隆義,耳い,,平11.4.1,273_2026.7_kikanzentai_shiga_ika.pdf
診療所,25,0601491,富田クリニック,〒525－0025草津市西渋川一丁目３番２２号,077-566-0303,医療法人社団富田クリニック理事長富田一聖,富田耕彬,内　消　循　腎臓　内科,,平11.12.1,273_2026.7_kikanzentai_shiga_ika.pdf
診療所,25,0601533,医療法人宮本クリニ,〒525－0028草津市上笠四丁目６番６号,077-564-0878,医療法人宮本クリニック理事長宮本彩子,宮本彩子,小　内　アレ　リ　ハ　皮,,平12.4.1,273_2026.7_kikanzentai_shiga_ika.pdf
診療所,25,0601541,医療法人社団あなむ,〒525－0012草津市穴村町３１１番地,077-568-0006,医療法人社団あなむら診療所理事長駒井厚彦,駒井厚彦,内　小　消化器内　科,,平12.5.1,273_2026.7_kikanzentai_shiga_ika.pdf
診療所,25,0601558,南草津野村整形外,〒525－0059草津市野路一丁目６番２７号,077-561-3777,医療法人真心会理事長野村哲哉,橘真一,整外　リハ,,平12.6.5,273_2026.7_kikanzentai_shiga_ika.pdf
診療所,25,0601566,たにむらこどもクリ,〒525－0027草津市野村六丁目１番３号コンフォーレＴ１,077-561-0607,医療法人湖幸会たにむらこどもクリニック理事長谷村剛,谷村剛,小,,平12.10.1,273_2026.7_kikanzentai_shiga_ika.pdf
診療所,25,0601624,南草津坂本診療所,〒525－0059草津市野路一丁目１２番４１号,077-566-1002,坂本暢典,坂本暢典,精　神　心内,,平13.10.1,273_2026.7_kikanzentai_shiga_ika.pdf
診療所,25,0601640,あさい内科,〒525－0066草津市矢橋町１０４番地１,077-566-1739,浅井清,浅井清,内　消,,平14.4.15,273_2026.7_kikanzentai_shiga_ika.pdf
診療所,25,0601657,しづ井上内科,〒525－0041草津市青地町４８１番地３,077-567-8502,医療法人桃蘭会理事長井上佐知子,井上佐知子,内　消　循　呼,,平14.4.1,273_2026.7_kikanzentai_shiga_ika.pdf
診療所,25,0601731,若草診療所,〒525－0045草津市若草五丁目１３番１号,077-564-2091,医療法人社団湖光会理事長濵辺方子,奥田薫,内　消化器内科　循環器内科　呼内　糖尿病内科、代　謝内科、内分泌内　科　整外　リハ,,平15.10.1,273_2026.7_kikanzentai_shiga_ika.pdf
診療所,25,0601756,松本胃腸科クリニッ,〒525－0052草津市西矢倉三丁目６番１２－１１号,077-566-7525,松本啓一,松本啓一,内　胃,,平15.10.16,273_2026.7_kikanzentai_shiga_ika.pdf
診療所,25,0601780,薬師川眼科,〒525－0045草津市若草五丁目１３番１号,077-566-8341,薬師川浩,薬師川浩,眼,,平16.4.21,273_2026.7_kikanzentai_shiga_ika.pdf
診療所,25,0601806,なかじま医院,〒525－0047草津市追分三丁目１－１４,077-566-8118,中嶋康彦,中嶋康彦,循　外　内　眼,,平16.5.11,273_2026.7_kikanzentai_shiga_ika.pdf
診療所,25,0601814,医療法人上原眼科,〒525－0025草津市西渋川一丁目２番２２号,077-564-1100,医療法人上原眼科理事長上原稔朗,上原稔朗,眼,,平16.7.1,273_2026.7_kikanzentai_shiga_ika.pdf
診療所,25,0601848,にし内科クリニック,〒525－0029草津市下笠町７６番地５,077-568-8150,西高弘,西高弘,内　循,,平16.11.5,273_2026.7_kikanzentai_shiga_ika.pdf
診療所,25,0601855,おうみクリニック,〒525－0067草津市新浜町８５番１９,077-569-5525,坂井伸好,坂井伸好,内　小　整外　脳　外,,平16.12.1,273_2026.7_kikanzentai_shiga_ika.pdf
診療所,25,0601897,医療法人加藤乳腺,〒525－0037草津市西大路町８番１２号,077-566-7808,医療法人加藤乳腺クリニック理事長加藤誠,井るり子,外　形外　消　こ　う　麻　乳腺外科,12,平17.5.1,273_2026.7_kikanzentai_shiga_ika.pdf
診療所,25,0601913,医療法人佐竹クリ,〒525－0037草津市西大路町８番２８号１０２号,077-569-3678,医療法人佐竹クリニック理事長佐竹弘,佐竹弘,内　胃,,平17.10.1,273_2026.7_kikanzentai_shiga_ika.pdf
診療所,25,0601947,尾松医院,〒525－0027草津市野村六丁目１番１８号コンフォーレＴ２,077-567-7793,医療法人尾松医院理事長尾松操,尾松操,ひ　皮　アレ,,平18.3.1,273_2026.7_kikanzentai_shiga_ika.pdf
病院,25,0601954,医療法人芙蓉会南,〒525－0059草津市野路五丁目２番３９号,077-562-0724,医療法人芙蓉会理事長遠藤衛,程原佳子,療養病床　内　消化器内科　循環器内科　整外　糖尿病内科　リ　ハ　神内　血液内　科　ひ,137,平18.4.1,273_2026.7_kikanzentai_shiga_ika.pdf
病院,25,0601962,医療法人徳洲会近,〒525－0054,077-567-3610,医療法人徳洲会,梶原正章,,155,平18.4.1,274_2026.7_kikanzentai_shiga_sikaheisetu.pdf
病院,25,0631999,江草津徳洲会病院,草津市東矢倉三丁目３４番５２号,,理事長東上震一,,療養病床　内　神内　循環器　内科　呼内　消化　器内科　小　外科　、消化器外科　整　外　脳外　心外　皮　ひ　産婦　耳　い　眼　リハ　放　麻　乳腺外科　救命　透析　歯外,44,開設者変,274_2026.7_kikanzentai_shiga_sikaheisetu.pdf
病院,25,0601970,社会医療法人誠光,〒525－8585,077-563-8866,社会医療法人,森谷季吉,,420,平18.4.1,274_2026.7_kikanzentai_shiga_sikaheisetu.pdf
診療所,25,0631973,会淡海医療センタ,草津市矢橋町１６６０番地,,誠光会理事長鈴木孝世,,内　呼内　循環器　療養病床　内科　消化器内科　、消化器外科　血　液内科、糖尿病内　科、内分泌内科、　腎臓内科　脳内　心内　内視鏡内科　、膠原病内科、緩　和ケア内科　外　呼外　心外　乳腺　外科、頭頸部外科　、甲状腺外科　小　外　整外　脳外　形外　小　皮　ひ　産婦　眼　耳い　リハ　放射線科　、放射線診断科、　放射線治療科　病　理　臨床　救命　歯　歯外　麻　精,,所在地変,274_2026.7_kikanzentai_shiga_sikaheisetu.pdf
診療所,25,0601996,医療法人産科婦人科,〒525－0066草津市矢橋町２３３番地３,077-564-3101,医療法人産科婦人科ハピネスバースクリニック理事長横江保彦,横江保彦,産　婦,12,平18.10.1,273_2026.7_kikanzentai_shiga_ika.pdf
診療所,25,0602002,なかの医院,〒525－0023草津市平井一丁目１５番２６号,077-566-5123,中野克哉,中野克哉,消化器内科　内　内視鏡内科　リハ,,平18.12.1,273_2026.7_kikanzentai_shiga_ika.pdf
診療所,25,0602036,あらい眼科,〒525－0032草津市大路二丁目１番２７号伽羅ガーデンスクエア１階,077-567-0660,新井眞理,新井眞理,眼,,平19.3.12,273_2026.7_kikanzentai_shiga_ika.pdf
診療所,25,0602069,草津ハートセンター,〒525－0014草津市駒井沢町４０７番地１,077-568-5333,医療法人ハートセンター理事長許永勝,辻貴史,循　内,19,平19.4.1,273_2026.7_kikanzentai_shiga_ika.pdf
診療所,25,0602077,すぎうら皮ふ科医院,〒525－0021草津市川原二丁目１５番１０号,077-569-5702,医療法人すぎうら皮ふ科医院理事長杉浦久嗣,杉浦久嗣,皮　アレ,,平19.4.1,273_2026.7_kikanzentai_shiga_ika.pdf
診療所,25,0602085,医療法人社団加藤,〒525－0059草津市野路一丁目６番５サンコート南草津１０３号,077-567-6234,医療法人社団加藤内科医院理事長加藤洋一,加藤洋一,内　消,,平19.5.1,273_2026.7_kikanzentai_shiga_ika.pdf
診療所,25,0602127,あさの内科クリニッ,〒525－0048草津市追分南一丁目１番１４えんビル１Ｆ,077-565-2133,浅野信行,浅野信行,内　消化器内科,,平20.12.5,273_2026.7_kikanzentai_shiga_ika.pdf
診療所,25,0602143,第二富田クリニック,〒525－0014草津市駒井沢町３９５番の１,077-535-9056,医療法人社団富田クリニック理事長富田一聖,富田一聖,内,18,平21.4.1,273_2026.7_kikanzentai_shiga_ika.pdf
診療所,25,0602168,草津レディースクリ,〒525－0026草津市渋川一丁目２番２６－２０７号,077-566-7575,医療法人真心会理事長野村哲哉,森敏恵,産婦,,平21.9.1,273_2026.7_kikanzentai_shiga_ika.pdf
診療所,25,0602176,のぞみクリニック,〒525－0036草津市草津町１９７３番地,077-562-1170,大久保拓,大久保拓,心内　内　アレ　精　神内,,平21.10.1,273_2026.7_kikanzentai_shiga_ika.pdf
診療所,25,0602184,内田内科循環器内科,〒525－0026草津市渋川一丁目２番２６号ザ・草津タワー２階,077-516-0200,内田和則,内田和則,内　循環器内科,,平21.9.1,273_2026.7_kikanzentai_shiga_ika.pdf
診療所,25,0602200,さとうこどもクリニ,〒525－0066草津市矢橋町１２０３－１,077-566-3105,佐藤恒,佐藤恒,小,,平22.1.1,273_2026.7_kikanzentai_shiga_ika.pdf
診療所,25,0602259,はしもと赤ちゃんキ,〒525－0050草津市南草津三丁目１番９号,077-558-7088,医療法人成育会理事長橋本和廣,橋本和廣,小　小児神経科　新生児内科,,平23.4.1,273_2026.7_kikanzentai_shiga_ika.pdf
診療所,25,0602275,わかくさ耳鼻咽喉科,〒525－0045草津市若草五丁目１３－１,077-532-7071,永田智也,永田智也,耳い　アレ,,平23.9.1,273_2026.7_kikanzentai_shiga_ika.pdf
診療所,25,0602283,やまもとクリニック,〒525－0023草津市平井二丁目１番１号,077-516-2225,医療法人医心会理事長山本拓実,山本拓実,消化器内科　内　外　リハ,,平23.10.1,273_2026.7_kikanzentai_shiga_ika.pdf
診療所,25,0602309,こまいざわ整形外科,〒525－0014草津市駒井沢町３９７番１,077-598-1118,猿橋康雄,猿橋康雄,整外　リハ　リウ,,平24.5.1,273_2026.7_kikanzentai_shiga_ika.pdf
診療所,25,0602317,北山田診療所,〒525－0061草津市北山田町２４５番地１,077-566-2560,医療法人道心会理事長渡部典子,渡部典子,内　小　循　消,,平24.9.1,273_2026.7_kikanzentai_shiga_ika.pdf
診療所,25,0602325,医療法人南草津けや,〒525－0050草津市南草津一丁目１番８－２階Ｃ号室,077-565-7708,医療法人南草津けやきクリニック理事長宮川正治,宮川正治,精　老年精神科,,平24.10.1,273_2026.7_kikanzentai_shiga_ika.pdf
診療所,25,0602358,津田皮フ科,〒525－0032草津市大路一丁目１５番２１号,077-562-7203,医療法人津田皮フ科理事長津田道夫,津田道夫,皮　形外,,平25.5.1,273_2026.7_kikanzentai_shiga_ika.pdf
診療所,25,0602366,清水産婦人科,〒525－0027草津市野村三丁目１８番５号,077-562-4332,医療法人双葉会清水産婦人科理事長清水良彦,清水良彦,産婦,19,平25.9.1,273_2026.7_kikanzentai_shiga_ika.pdf
診療所,25,0602382,医療法人奉仁会い,〒525－0027草津市野村六丁目１１番４号コンフォーレＴ３,077-516-7288,医療法人奉仁会理事長石田洋一,石田洋一,眼,,平25.10.1,273_2026.7_kikanzentai_shiga_ika.pdf
診療所,25,0602390,伊藤内科クリニック,〒525－0037草津市西大路町４番３２－１０６号１,077-563-3550,伊藤誠,伊藤誠,内　循環器内科　呼内,,平26.4.1,273_2026.7_kikanzentai_shiga_ika.pdf
診療所,25,0602432,医療法人社団ラナン,〒525－0037草津市西大路町４番３２号,077-569-5509,医療法人社団ラナンキュラス会理事長河原末子,河原麗,皮　形外　美容皮　膚科　美外,,平27.1.1,273_2026.7_kikanzentai_shiga_ika.pdf
診療所,25,0602440,せの耳鼻咽喉科,〒525－0023草津市平井１丁目１９－６,077-563-8741,瀬野悟史,瀬野悟史,耳い　アレ,,平27.3.1,273_2026.7_kikanzentai_shiga_ika.pdf
診療所,25,0602457,由良クリニック眼科,〒525－0067草津市新浜町３００番地,077-567-7400,医療法人碧藍会理事長由良茂人,由良安紀子,眼,,平27.7.1,273_2026.7_kikanzentai_shiga_ika.pdf
診療所,25,0602465,ふじさわ小児クリニ,〒525－0032草津市大路二丁目９番４号,077-561-5222,藤澤大輔,藤澤大輔,小　新生児内科,,平27.10.1,273_2026.7_kikanzentai_shiga_ika.pdf
診療所,25,0602507,加地眼科,〒525－0055草津市野路町字片原６９４番地６,077-565-3388,医療法人加地クリニック理事長加地まり,加地まり,眼,,平28.4.1,273_2026.7_kikanzentai_shiga_ika.pdf
診療所,25,0602515,かんだクリニック,〒525－0055草津市野路町６８６,077-561-4112,神田則和,神田則和,形外　皮　美容皮　膚科,,平28.6.1,273_2026.7_kikanzentai_shiga_ika.pdf
診療所,25,0602523,医療法人スマイル,〒525－0059草津市野路八丁目２２番１３号,077-564-5555,医療法人スマイル理事長吉﨑健,吉﨑健,内　小　循環器内　科　糖尿病内分泌　内科,,平28.10.1,273_2026.7_kikanzentai_shiga_ika.pdf
診療所,25,0602549,医療法人瑞明会滋,〒525－0050草津市南草津一丁目３番１,077-516-4111,医療法人瑞明会理事長花田巨志,岡田一平,耳い　内　精　神,,平29.8.1,273_2026.7_kikanzentai_shiga_ika.pdf
診療所,25,0602556,なごみ皮フ科クリニ,〒525－0050草津市南草津二丁目７番２２の２,077-569-5186,金井和美,金井和美,皮　小児皮膚科　アレ,,平30.1.1,273_2026.7_kikanzentai_shiga_ika.pdf
診療所,25,0602572,みみ・はな・いびき,〒525－0050草津市南草津２丁目７－２２,077-596-3344,駒田一朗,駒田一朗,耳い,,平30.2.1,273_2026.7_kikanzentai_shiga_ika.pdf
診療所,25,0602580,草津病理アカデミー,〒525－0057草津市桜ケ丘４－７－１０,077-565-1247,天野殖,天野殖,病理,,平30.3.1,273_2026.7_kikanzentai_shiga_ika.pdf
診療所,25,0602598,ささきクリニック,〒525－0037草津市西大路５－２ジュネス・コート１Ｆ,077-565-6610,佐々木康成,佐々木康成,小外　小　外,,平30.4.1,273_2026.7_kikanzentai_shiga_ika.pdf
診療所,25,0602606,せきがわ内科クリニ,〒525－0028草津市上笠２－１７－６アーバス草津１Ｆ,077-561-5588,関川修司,関川修司,内　消化器内科,,平30.12.1,273_2026.7_kikanzentai_shiga_ika.pdf
診療所,25,0602614,草津こころのクリニ,〒525－0032草津市大路１－１２－１星空館３階,077-598-6501,木村静,木村静,心内　精,,平31.2.1,273_2026.7_kikanzentai_shiga_ika.pdf
診療所,25,0602622,竹岡診療所,〒525－0050草津市南草津２丁目４－１０ベーネ南草津１Ｆ,077-567-5211,竹岡秀実,竹岡秀実,内　皮,,平31.2.1,273_2026.7_kikanzentai_shiga_ika.pdf
診療所,25,0602630,医療法人にじいろ,〒525－0050草津市南草津二丁目４番地３,077-561-3288,医療法人にじいろ会理事長小熊哲也,小熊哲也,内　呼内　アレ　小,,平31.4.1,273_2026.7_kikanzentai_shiga_ika.pdf
診療所,25,0602655,医療法人ひつじクリ,〒525－0037草津市西大路町４－３２エストピアプラザ２階,077-565-2625,医療法人ひつじクリニック理事長田中和秀,田中和秀,精　心内,,令元.7.1,273_2026.7_kikanzentai_shiga_ika.pdf
診療所,25,0602663,医療法人みらいと,〒525－0047草津市追分一丁目４番２５－１号,077-516-1018,医療法人みらい理事長問山健太郎,問山健太郎,小　小児循環器内　科　アレ,,令元.10.1,273_2026.7_kikanzentai_shiga_ika.pdf
診療所,25,0602671,みつだ内科クリニッ,〒525－0059草津市野路４丁目４番１号,077-516-4386,光田憲彦,光田憲彦,内　消化器内科　小,,令2.3.1,273_2026.7_kikanzentai_shiga_ika.pdf
診療所,25,0602689,おかだ内科クリニッ,〒525－0071草津市南笠東４丁目５－３０,077-567-8111,岡田貴司,岡田貴司,内　糖尿病内科　循環器内科,,令2.5.1,273_2026.7_kikanzentai_shiga_ika.pdf
診療所,25,0602739,久徳医院,〒525－0034草津市草津２丁目４－１７,077-567-5577,山本敏夫,山本敏夫,内　循環器内科　呼内　消化器内科　リハ,,令2.9.1,273_2026.7_kikanzentai_shiga_ika.pdf
病院,25,0602747,社会医療法人誠光会,〒525－8585,077-516-2121,社会医療法人誠,平野正満,,100,令2.10.1,274_2026.7_kikanzentai_shiga_sikaheisetu.pdf
病院,25,0631981,淡海ふれあい病院,草津市矢橋町１６２９番５,,光会理事長鈴木孝世,,療養病床　内　外　脳外　歯　耳い　腎臓内科,99,新規,274_2026.7_kikanzentai_shiga_sikaheisetu.pdf
診療所,25,0602754,医療法人野会南,〒525－0059草津市野路１丁目１３番５号南草津アクシスビル３階,077-585-9788,医療法人＿野会理事長＿野真理子,宇田さと子,婦　産婦,,令2.11.1,273_2026.7_kikanzentai_shiga_ika.pdf
診療所,25,0602762,医療法人健尚会こ,〒525－0026草津市渋川一丁目２番２６号ザ・草津タワー２０２号,077-566-6003,医療法人健尚会理事長小林昌明,小林昌明,整外　リハ　リウ,,令3.4.1,273_2026.7_kikanzentai_shiga_ika.pdf
診療所,25,0602770,眞下草津医院,〒525－0027草津市野村三丁目１６番２０－２号,077-565-0880,医療法人眞下草津医院理事長下郷司,下郷司,内　胃腸内科　外　肛門外科　循環　器内科　整外,,令3.12.1,273_2026.7_kikanzentai_shiga_ika.pdf
診療所,25,0602788,滋賀もりブレストク,〒525－0059草津市野路一丁目１３番３６号,077-561-0700,森毅,森毅,乳腺外科,,令4.2.1,273_2026.7_kikanzentai_shiga_ika.pdf
診療所,25,0602796,医療法人みらい南,〒525－0059草津市野路１丁目６－５サンコート南草津１Ｆ,077-561-3800,医療法人みらい理事長問山健太郎,髙田亜希子,小,,令4.4.1,273_2026.7_kikanzentai_shiga_ika.pdf
診療所,25,0602812,医療法人かがやき会,〒525－0048草津市追分南４－６－２３,077-548-6655,医療法人かがやき会理事長宗村純平,宗村純平,小　内,,令4.5.1,273_2026.7_kikanzentai_shiga_ika.pdf
診療所,25,0602838,医療法人シーエルリ,〒525－0050草津市南草津三丁目４番３－３,077-567-8101,医療法人シーエルリンク理事長金井俊平,金井俊平,内　消化器内科　外　肛門外科,,令4.10.1,273_2026.7_kikanzentai_shiga_ika.pdf
診療所,25,0602846,医療法人山田整形,〒525－0050草津市南草津三丁目４番３－１,077-598-5935,医療法人山田整形外科クリニック理事長山田学,山田学,整外　リハ,,令4.10.1,273_2026.7_kikanzentai_shiga_ika.pdf
診療所,25,0602879,とみた腎泌尿器科ク,〒525－0050草津市南草津二丁目１－３０,077-561-0161,富田圭司,富田圭司,ひ　内,,令5.5.1,273_2026.7_kikanzentai_shiga_ika.pdf
診療所,25,0602895,メープル・クリニッ,〒525－0059草津市野路一丁目１４番３８－２０４号,077-561-3877,医療法人加楓理事長佐藤啓二,寺西聡司,精　心内　神内,,令5.4.1,273_2026.7_kikanzentai_shiga_ika.pdf
診療所,25,0602911,医療法人希会きぼ,〒525－0068草津市南草津プリムタウン４丁目８番地２－１階,077-598-6554,医療法人希会理事長寺本道雄,寺本道雄,内　精,,令5.6.1,273_2026.7_kikanzentai_shiga_ika.pdf
診療所,25,0602929,医療法人いうら皮ふ,〒525－0048草津市追分南１丁目１－１４,077-574-8570,医療法人いうら皮ふ科クリニック理事長井浦香世,井浦香世,皮　アレ,,令5.5.1,273_2026.7_kikanzentai_shiga_ika.pdf
診療所,25,0602937,井上医院,〒525－0034草津市草津４丁目５－２３,077-562-0001,医療法人井上医院理事長井上裕司,井上裕司,皮　内　アレ　ひ,,令5.6.1,273_2026.7_kikanzentai_shiga_ika.pdf
診療所,25,0602945,おおにし耳鼻咽喉科,〒525－0066草津市矢橋町１０２番地８２階,077-599-1087,医療法人宗結会理事長村上賢太郎,大西俊範,耳い　アレ,,令5.9.1,273_2026.7_kikanzentai_shiga_ika.pdf
診療所,25,0602952,おかもと内科・糖尿,〒525－0021草津市川原２丁目１６－３９,077-514-8351,岡本拓也,岡本拓也,内　糖尿病内科,,令5.10.1,273_2026.7_kikanzentai_shiga_ika.pdf
診療所,25,0602960,南草津ひだまりハー,〒525－0050草津市南草津３丁目４番７,077-599-1430,医療法人シーエルリンク理事長金井俊平,八木典章,内　循環器内科　心臓リハビリテー　ション科,,令5.12.1,273_2026.7_kikanzentai_shiga_ika.pdf
診療所,25,0602986,いわさ眼科,〒525－0025草津市西渋川１－３－１８,077-599-3530,岩佐真紀,岩佐真紀,眼,,令6.6.1,273_2026.7_kikanzentai_shiga_ika.pdf
診療所,25,0602994,まごころファミリー,〒525－0025草津市西渋川一丁目２１番１４号１階,077-598-5360,医療法人長光会理事長永野明範,永野明範,内　小,,令6.9.1,273_2026.7_kikanzentai_shiga_ika.pdf
診療所,25,0603000,マティスメンタルク,〒525－0032草津市大路２丁目１－２７,077-566-7271,奥田浩士,奥田浩士,精　心内,,令6.11.1,273_2026.7_kikanzentai_shiga_ika.pdf
診療所,25,0603018,南草津皮フ科,〒525－0055草津市野路町６５２－３,077-599-1451,医療法人Ａ．Ｉ．Ｒ理事長楠葉展大,楠葉展大,皮　美容皮膚科,,令6.11.1,273_2026.7_kikanzentai_shiga_ika.pdf
診療所,25,0603026,医療法人社団廣瀨会,〒525－0059草津市野路一丁目９番地１７ＶＥＮＺＡＩＴＥＮＢＬＤＧ，ＭＩＮＡＭＩＫＵＳＡＴＳＵ４階,050-8883-0191,医療法人社団瀨会理事長瀨真也,廣瀨昇吾,美容皮膚科　皮　形外　整外,,令7.2.1,273_2026.7_kikanzentai_shiga_ika.pdf
診療所,25,0603034,南草津米倉眼科,〒525－0059草津市野路一丁目４番１６号ＭＮＫ－３ビル３０１号,077-569-1288,医療法人久敬会理事長米倉義雄,宮尾章彦,眼,,令7.1.1,273_2026.7_kikanzentai_shiga_ika.pdf
診療所,25,0603059,はやし脳神経外科ク,〒525－0066草津市矢橋町１０２－８,077-599-1162,医療法人かのん理事長林晃佑,林晃佑,脳外,,令7.4.1,273_2026.7_kikanzentai_shiga_ika.pdf
診療所,25,0603067,南草津おなかと胃・,〒525－0050草津市南草津２丁目３番１１,077-558-6778,医療法人シーエルリンク理事長金井俊平,大井雅之,内　消化器内科　内視鏡内科　肝臓　内科,,令7.12.1,273_2026.7_kikanzentai_shiga_ika.pdf
診療所,25,0603075,みなくさメンタルク,〒525－0059草津市野路２－１６－５,090-9249-2870,柴田俊,柴田俊,精　心内　内,,令7.8.1,273_2026.7_kikanzentai_shiga_ika.pdf
診療所,25,0603083,みやはら整形外科,〒525－0048草津市追分南２－１２－２,077-518-6001,宮原健一郎,宮原健一郎,整外　リウ　リハ,,令7.11.1,273_2026.7_kikanzentai_shiga_ika.pdf
診療所,25,0603091,医療法人霜星会滋,〒525－0059草津市野路一丁目１３番５号南草津アクシスビル４階,077-516-6722,医療法人霜星会理事長内田里香子,佐々木浩子,美容皮膚科　美外　皮,,令8.1.1,273_2026.7_kikanzentai_shiga_ika.pdf
診療所,25,0603109,いりかわ耳鼻咽喉科,〒525－0050草津市南草津五丁目４番地１４,077-516-1112,医療法人いりかわ耳鼻咽喉科理事長入川直矢,入川直矢,耳い,,令7.11.1,273_2026.7_kikanzentai_shiga_ika.pdf
診療所,25,0603117,医療法人四つ葉会,〒525－0026草津市渋川一丁目１番５０号近鉄百貨店草津店５階,077-558-5022,医療法人四つ葉会理事長髙橋猛,曽根田寛幸,形外　皮　美容皮　膚科　美外,,令8.2.1,273_2026.7_kikanzentai_shiga_ika.pdf
診療所,25,0603125,医療法人碧河会草,〒525－0036草津市草津町１８９９番地,077-598-0591,医療法人碧河会理事長河原真大,河原真大,内　血液・アレル　ギー科　循環器内　科　呼内　消化器　内科　糖尿病内科,,令7.12.1,273_2026.7_kikanzentai_shiga_ika.pdf
診療所,25,0603133,医療法人真樹会滋,〒525－0065草津市橋岡町４２番地１スリーワン南草津１階,077-518-7414,医療法人真樹会理事長松原弘明,松原弘明,内　循環器内科,,令8.1.1,273_2026.7_kikanzentai_shiga_ika.pdf
診療所,25,0603141,おひさま眼科,〒525－0025草津市西渋川一丁目２３－３０アル・プラザ草津２階,077-518-8081,医療法人愛光会理事長中川秀樹,田寺正樹,眼科,,令8.3.1,273_2026.7_kikanzentai_shiga_ika.pdf
診療所,25,0603158,ひの医院,〒525－0027草津市野村八丁目９番１号,077-567-1671,日野拓耶,日野拓耶,内　整外　リウ　リハ,,令8.1.1,273_2026.7_kikanzentai_shiga_ika.pdf
診療所,25,0603166,きいろのたねこど,〒525－0059草津市野路１丁目７－２１リベリー南草津２０５号,077-558-6575,医療法人杏華会理事長浅井大介,吉田路子,児童精神科,,令8.5.1,273_2026.7_kikanzentai_shiga_ika.pdf
診療所,25,0603174,ねこのて婦人科クリ,〒525－0025草津市西渋川一丁目２１番１４号エルミナＭＣビル２階,077-514-7522,田中雅子,田中雅子,婦,,令8.6.1,273_2026.7_kikanzentai_shiga_ika.pdf
診療所,25,0603182,神吉医院,〒525－0032草津市大路二丁目１０ー７,077-514-9012,永田啓明,永田啓明,内　外　肛門外科　循,,令8.4.1,273_2026.7_kikanzentai_shiga_ika.pdf
診療所,25,0603190,医療法人おがわ耳鼻,〒525－0047草津市追分一丁目４番２５－２,077-516-8733,医療法人おがわ耳鼻咽喉科医院理事長小河孝夫,小河孝夫,耳い　アレ,,令8.4.1,273_2026.7_kikanzentai_shiga_ika.pdf
診療所,25,0700376,浜中医院,〒524－0043守山市二町町４１番地１,077-583-3330,濱中暁男,濱中暁男,内　消化器内科　外　ひ　こう　整　外　リハ,,昭56.4.1,273_2026.7_kikanzentai_shiga_ika.pdf
病院,25,0700392,社会福祉法人恩賜財,〒524－0022守山市守山四丁目１４番１号,077-582-5151,守山市市長森中高史,野々村和男,療養病床　内　呼内　循環器　内科　消化器内科　糖尿病内科　腎　臓内科　小　外　整外　皮　ひ　脳　外　眼　リハ　放　麻　神内,199,昭57.4.1,273_2026.7_kikanzentai_shiga_ika.pdf
診療所,25,0700491,医療法人こうざき耳,〒524－0021守山市吉身二丁目６番５１号,077-582-1334,医療法人こうざき耳鼻咽喉科理事長神前英明,神前英明,耳い　アレ　頭頚　部外科　小児耳鼻　咽喉科,,昭63.8.1,273_2026.7_kikanzentai_shiga_ika.pdf
診療所,25,0700533,ふくはら内科クリニ,〒524－0041守山市勝部一丁目１６番２７号,077-582-6789,福原武久,福原武久,循環器内科　内　呼　消,,平3.5.13,273_2026.7_kikanzentai_shiga_ika.pdf
診療所,25,0700608,医療法人山本内科,〒524－0046守山市今宿一丁目４番８号,077-583-6677,医療法人山本内科理事長山本卓,山本卓,内　循環器内科　消化器内科,,平4.9.1,273_2026.7_kikanzentai_shiga_ika.pdf
診療所,25,0700616,医療法人社団中西,〒524－0021守山市吉身三丁目１４番２１号,077-582-5030,医療法人社団中西整形外科理事長中西譲,夫りか,整外　リハ　形外,,平6.3.1,273_2026.7_kikanzentai_shiga_ika.pdf
診療所,25,0700640,医療法人社団岸本,〒524－0022守山市守山一丁目１０番８号,077-582-2139,医療法人社団岸本眼科医院理事長岸本眞人,岸本眞人,眼,,平7.2.1,273_2026.7_kikanzentai_shiga_ika.pdf
診療所,25,0700657,まつかわ小児科,〒524－0102守山市水保町北川１２６８番地２０,077-585-4153,松川誠司,松川誠司,小　内,,平7.4.14,273_2026.7_kikanzentai_shiga_ika.pdf
診療所,25,0700699,山本内科婦人科クリ,〒524－0037守山市梅田町１番２５号,077-581-1777,山本英豊,山本英豊,婦　内　アレ　外　心内,,平8.7.10,273_2026.7_kikanzentai_shiga_ika.pdf
診療所,25,0700715,医療法人守山内科,〒524－0033守山市浮気町３００番１５号グランドメゾン守山１－１０１,077-582-3070,医療法人守山内科クリニック理事長久永智子,久永智子,内　糖尿病内科　循環器内科　神内,,平8.9.1,273_2026.7_kikanzentai_shiga_ika.pdf
診療所,25,0700756,医療法人社団寺内,〒524－0022守山市守山六丁目１番６３号,077-582-2315,医療法人社団寺内整形外科理事長寺内正樹,寺内正樹,整外　リハ,,平9.6.1,273_2026.7_kikanzentai_shiga_ika.pdf
診療所,25,0700772,坂井クリニック,〒524－0044守山市古高町３８３番地,077-581-0565,坂井千秋,坂井千秋,内　消化器内科　産婦,,平9.10.1,273_2026.7_kikanzentai_shiga_ika.pdf
診療所,25,0700780,内科・胃腸科井上,〒524－0021守山市吉身三丁目１４番４６号,077-581-1233,井上久行,井上久行,内　胃,,平9.10.1,273_2026.7_kikanzentai_shiga_ika.pdf
診療所,25,0700814,医療法人社団きど,〒524－0012守山市播磨田町３０６７番地,077-583-8187,医療法人社団きどわき医院理事長木戸脇智志,木戸脇智志,小　耳い　アレ　内,,平10.5.1,273_2026.7_kikanzentai_shiga_ika.pdf
診療所,25,0700822,ふくだ医院,〒524－0065守山市山賀町字灰塚１０１８番地,077-585-6650,福田正悟,福田正悟,呼　アレ　循　内,,平10.6.19,273_2026.7_kikanzentai_shiga_ika.pdf
診療所,25,0700830,ひろたに医院,〒524－0054守山市大林町２１４番地５,077-581-3636,廣谷秀一,廣谷秀一,内　消化器内科　小,,平10.7.21,273_2026.7_kikanzentai_shiga_ika.pdf
診療所,25,0700871,医療法人久敬会米,〒524－0041守山市勝部一丁目１番２１号５０１,077-583-2134,医療法人久敬会理事長米倉義雄,米倉義雄,眼,,平11.4.1,273_2026.7_kikanzentai_shiga_ika.pdf
診療所,25,0700897,峯森内科医院,〒524－0104守山市木浜町１６７０番地１,077-584-2386,峯森清春,峯森清春,内　消　皮,,平11.6.7,273_2026.7_kikanzentai_shiga_ika.pdf
診療所,25,0700913,医療法人北野耳鼻,〒524－0022守山市守山五丁目１４６番７号,077-583-8711,医療法人北野耳鼻科理事長北野学,北野学,耳い,,平11.10.1,273_2026.7_kikanzentai_shiga_ika.pdf
診療所,25,0700962,医療法人かさはら医,〒524－0012守山市播磨田町１４５６番地１,077-514-0003,医療法人かさはら医院理事長笠原崇,笠原崇,外　整外　内　リ　ハ,,平13.4.1,273_2026.7_kikanzentai_shiga_ika.pdf
診療所,25,0700996,うちだクリニック,〒524－0022守山市守山五丁目８番７号,077-514-3633,内田康和,内田康和,内　循　小,,平13.12.10,273_2026.7_kikanzentai_shiga_ika.pdf
診療所,25,0701010,医療法人小西醫院,〒524－0103守山市洲本町１２５６番地６,077-584-2666,医療法人小西醫院理事長小西常起,小西常起,脳外　外　内　小　脳内　リハ,,平14.4.1,273_2026.7_kikanzentai_shiga_ika.pdf
診療所,25,0701077,柴田クリニック,〒524－0012守山市播磨田町３０１６番地７,077-582-6207,柴田修行,柴田修行,内　外　神内　脳　外　リハ,,平17.4.11,273_2026.7_kikanzentai_shiga_ika.pdf
病院,25,0701101,滋賀県立総合病院,〒524－8524守山市守山五丁目４番３０号,077-582-5031,滋賀県滋賀県知事三日月大造,中村敬哉,血液内科、腫瘍内　科、糖尿病・内分　泌内科　老年内科　、免疫内科　脳内　循環器内科　消　化器内科　呼内　総合内科　外　整　外　脳外　呼外　心外　乳腺外科　形外　ひ　産婦　眼　耳い　皮　麻　放射線診断科、　放射線治療科　緩　和ケア科　リハ　歯外　病理　腎臓　内科　精　救命　小,588,平17.6.1,274_2026.7_kikanzentai_shiga_sikaheisetu.pdf
診療所,25,0701127,医療法人社団山岡,〒524－0041守山市勝部一丁目１７番２８号,077-583-1122,医療法人社団山岡整形外科医院理事長山岡弘明,山岡弘明,整外　リハ　リウ　ペインクリニッ　ク内科　外,,平18.4.1,273_2026.7_kikanzentai_shiga_ika.pdf
診療所,25,0701143,医療法人やまもと,〒524－0045守山市金森町９５９番地,077-581-2375,医療法人やまもと小児科理事長山本尚,山本尚,小　内　アレ,,平18.4.1,273_2026.7_kikanzentai_shiga_ika.pdf
診療所,25,0701168,藤井内科,〒524－0004守山市笠原町１２３８番地,077-582-2322,藤井義正,藤井義正,内　循　小　心内,,平18.9.1,273_2026.7_kikanzentai_shiga_ika.pdf
診療所,25,0701192,久保婦人科,〒524－0002守山市小島町１０８２番地,077-583-8778,久保淑子,久保淑子,婦,,平19.1.30,273_2026.7_kikanzentai_shiga_ika.pdf
診療所,25,0701226,かいつぶり診療所,〒524－0022守山市守山町１６８番地１,077-514-1715,社会福祉法人滋賀県障害児協会理事長角野文彦,植松潤治,リハ　小　内,,平19.5.1,273_2026.7_kikanzentai_shiga_ika.pdf
診療所,25,0701234,大橋内科医院,〒524－0014守山市石田町２７５番地３,077-585-5666,医療法人大橋内科医院理事長大橋謙次,大橋謙次,内　糖尿病内科　消化器内科,,平19.4.1,273_2026.7_kikanzentai_shiga_ika.pdf
診療所,25,0701259,守山じんがみ眼科,〒524－0012守山市播磨田町４４７番地４,077-581-3494,医療法人博慈会理事長陣上陽子,陣上陽子,眼,,平19.10.1,273_2026.7_kikanzentai_shiga_ika.pdf
診療所,25,0701275,医療法人さくら会,〒524－0022守山市守山３丁目１０番１３号,077-582-6577,医療法人さくら会守山さくら内科クリニック理事長尾柳知佐子,尾柳知佐子,内　神内,,平20.10.1,273_2026.7_kikanzentai_shiga_ika.pdf
診療所,25,0701283,守山こころのクリニ,〒524－0041守山市勝部一丁目１番２１－２０２号,077-514-2262,医療法人碧水会理事長明神徹郎,明神徹郎,心内　精,,平21.4.1,273_2026.7_kikanzentai_shiga_ika.pdf
診療所,25,0701291,医療法人拓真会つ,〒524－0037守山市梅田町１５番７号,077-581-3387,医療法人拓真会理事長塚本哲也,塚本哲也,耳い　アレ,,平21.9.1,273_2026.7_kikanzentai_shiga_ika.pdf
診療所,25,0701309,津田内科医院,〒524－0042守山市焔魔堂町１５番地,077-582-3094,津田透,津田透,内　呼,,平21.11.1,273_2026.7_kikanzentai_shiga_ika.pdf
診療所,25,0701325,前川医院,〒524－0102守山市水保町１２７８,077-598-6288,前川直子,前川直子,内　呼内,,平22.6.1,273_2026.7_kikanzentai_shiga_ika.pdf
診療所,25,0701333,すずきクリニック,〒524－0033守山市浮気町１０５番地３,077-582-0222,鈴木雅之,鈴木雅之,内　胃腸内科　外　リハ　肛門外科　疼痛緩和内科,,平22.10.1,273_2026.7_kikanzentai_shiga_ika.pdf
診療所,25,0701358,はたスポーツ整形ク,〒524－0013守山市下之郷一丁目１５番８号,077-516-8600,医療法人はたスポーツ整形クリニック理事長畑正樹,畑正樹,整外　リハ,,平24.5.7,273_2026.7_kikanzentai_shiga_ika.pdf
診療所,25,0701366,なかにし皮フ科クリ,〒524－0041守山市勝部６丁目３番３４号,077-583-4112,中西元,中西元,皮,,平25.10.1,273_2026.7_kikanzentai_shiga_ika.pdf
診療所,25,0701374,大橋医院,〒524－0014守山市石田町２３４番地,077-585-0014,森田益次,森田益次,内,,平27.4.1,273_2026.7_kikanzentai_shiga_ika.pdf
診療所,25,0701408,西藤小児科こどもの,〒524－0022守山市守山一丁目１２番１２号,077-582-3110,医療法人藤城会理事長西藤成雄,西藤成雄,小　アレ,,平28.9.1,273_2026.7_kikanzentai_shiga_ika.pdf
診療所,25,0701416,小森眼科クリニック,〒524－0045守山市金森町６００－１,077-581-1313,小森秀樹,小森秀樹,眼,,平28.12.1,273_2026.7_kikanzentai_shiga_ika.pdf
診療所,25,0701424,医療法人德林クリニ,〒524－0022守山市守山六丁目８－３,077-514-3811,医療法人德林クリニック理事長德林昌樹,德林昌樹,内　消化器内科,,平28.12.1,273_2026.7_kikanzentai_shiga_ika.pdf
診療所,25,0701432,はっとり皮フ科クリ,〒524－0041守山市勝部３丁目１５番３１－３号,077-599-0900,服部ゆかり,服部ゆかり,皮,,平29.4.1,273_2026.7_kikanzentai_shiga_ika.pdf
診療所,25,0701440,ヤザマ内科医院,〒524－0052守山市大門町５６－１,077-582-8627,矢間博貴,矢間博貴,内　消化器内科　小,,平29.6.1,273_2026.7_kikanzentai_shiga_ika.pdf
診療所,25,0701457,医療法人叡智会つ,〒524－0042守山市焔魔堂町１１５－１,077-581-1187,医療法人叡智会理事長堤俊之,堤俊之,耳い,,平29.10.1,273_2026.7_kikanzentai_shiga_ika.pdf
診療所,25,0701473,医院,〒524－0214守山市立田町１７７２－２,077-585-6030,雅衛,雅衛,内　外　こう　皮,,平30.7.1,273_2026.7_kikanzentai_shiga_ika.pdf
診療所,25,0701515,医療法人せんぎく腎,〒524－0045守山市金森町５９８－１,077-596-5070,医療法人せんぎく腎泌尿器科クリニック理事長千菊敦士,千菊敦士,内　ひ,2,令2.4.1,273_2026.7_kikanzentai_shiga_ika.pdf
診療所,25,0701523,医療法人くまだキッ,〒524－0045守山市金森町４５４番４,077-598-5754,医療法人くまだキッズ・ファミリークリニック理事長熊田知浩,熊田知浩,小　内,,令2.11.1,273_2026.7_kikanzentai_shiga_ika.pdf
診療所,25,0701531,荒堀整形外科,〒524－0052守山市大門町１５６番,077-582-8885,荒掘資弥,荒堀資弥,整外　リハ　外,,令3.1.1,273_2026.7_kikanzentai_shiga_ika.pdf
診療所,25,0701549,銀座通りクリニック,〒524－0022守山市守山１丁目５番１０号守山銀座ビル東棟２階,077-599-3914,医療法人さくら会守山さくら内科クリニック理事長尾柳知佐子,尾柳大樹,内　呼内　呼外,,令3.4.1,273_2026.7_kikanzentai_shiga_ika.pdf
診療所,25,0701556,守山銀座スキンクリ,〒524－0022守山市守山１－５－１０守山銀座ビル東館２Ｆ２０３,077-598-6798,内藤文之,内藤文之,形外　皮,,令3.5.1,273_2026.7_kikanzentai_shiga_ika.pdf
診療所,25,0701564,医療法人藤本クリ,〒524－0037守山市梅田町２－１－２０４,077-582-6032,医療法人藤本クリニック理事長井上和洋,井上和洋,精　心内　神内　内,,令3.8.1,273_2026.7_kikanzentai_shiga_ika.pdf
診療所,25,0701572,医療法人いがらしク,〒524－0022守山市守山６－１０－３４,077-514-1130,医療法人いがらしクリニック理事長五十嵐知之,五十嵐知之,呼内　内　外,,令3.10.1,273_2026.7_kikanzentai_shiga_ika.pdf
診療所,25,0701598,やまぐち内科医院,〒524－0012守山市播磨田町１３０４番地２,077-581-1634,山口通雅,山口通雅,内　循環器内科　糖尿病内科　腎臓　内科,,令4.4.1,273_2026.7_kikanzentai_shiga_ika.pdf
診療所,25,0701606,かわさきクリニック,〒524－0041守山市勝部１丁目１番２１号小島ビル３０２,077-514-3666,医療法人かわさきクリニック理事長河﨑千尋,河﨑千尋,内　消化器内科　外　肛門外科,,令4.10.1,273_2026.7_kikanzentai_shiga_ika.pdf
診療所,25,0701614,さとう内科クリニッ,〒524－0046守山市今宿四丁目５番１７号,077-599-1861,佐藤大介,佐藤大介,糖尿病内科　甲状　腺内科　内分泌内　科,,令5.5.1,273_2026.7_kikanzentai_shiga_ika.pdf
診療所,25,0701630,医療法人社団日翔会,〒524－0046守山市今宿２丁目１３番２４号,077-598-1648,医療法人社団日翔会理事長渡辺克哉,内橋基樹,内　循環器内科,,令5.11.1,273_2026.7_kikanzentai_shiga_ika.pdf
診療所,25,0701648,あゆみスキンクリニ,〒524－0022守山市守山３丁目７番１１号,077-518-7576,堀口亜有未,堀口亜有未,皮　美容皮膚科,,令6.10.1,273_2026.7_kikanzentai_shiga_ika.pdf
診療所,25,0701655,医療法人翠蓮会と,〒524－0045守山市金森町６０３番地１,077-582-8341,医療法人翠蓮会理事長栂野弘毅,栂野弘毅,整外　リハ,,令6.11.1,273_2026.7_kikanzentai_shiga_ika.pdf
診療所,25,0701663,医療法人かわひと内,〒524－0041守山市勝部３丁目１５番３１－２号,077-582-0929,医療法人かわひと内科クリニック理事長川人浩之,川人浩之,内　循環器内科　心臓リハビリテー　ション科,,令6.11.1,273_2026.7_kikanzentai_shiga_ika.pdf
診療所,25,0701671,ブルーレイク消化器,〒524－0045守山市金森町６０５－１,077-516-8900,長谷川大,長谷川大,内　消化器内科　内視鏡内科,,令7.2.1,273_2026.7_kikanzentai_shiga_ika.pdf
診療所,25,0701689,ひかり眼科,〒524－0101守山市今浜町２６２０－５ピエリ守山２階,077-558-5560,医療法人ひとみ会理事長菊地泰弘,吉岡明里,眼,,令7.8.1,273_2026.7_kikanzentai_shiga_ika.pdf
診療所,25,0701697,なかじま小児科アレ,〒524－0041守山市勝部五丁目６番３４号,077-518-8778,医療法人グリーンスウォード理事長山上和良,中島亮,小　アレ,,令7.10.1,273_2026.7_kikanzentai_shiga_ika.pdf
診療所,25,0701705,守山駅前よねくら内,〒524－0037守山市梅田町６番２号,077-514-8205,米倉伸彦,米倉伸彦,内　消化器内科　内視鏡内科　肝臓　内科　肛門内科,,令7.12.1,273_2026.7_kikanzentai_shiga_ika.pdf
診療所,25,0701713,ぱんだキッズファミ,〒524－0037守山市梅田町６番２号,077-514-8190,底田辰之,底田辰之,小　内　アレ,,令7.12.1,273_2026.7_kikanzentai_shiga_ika.pdf
診療所,25,0701721,おうみ在宅クリニッ,〒524－0043守山市二町町１９５番地４,077-536-5171,医療法人青蘭会理事長鎌田泰之,鎌田泰之,外　内,,令7.11.1,273_2026.7_kikanzentai_shiga_ika.pdf
病院,25,1200194,社会福祉法人恩賜財,〒520－3046,077-552-1221,社会福祉法人恩,三木恒治,,387,昭37.4.1,274_2026.7_kikanzentai_shiga_sikaheisetu.pdf
診療所,25,1230197,団済生会滋賀県病,栗東市大橋二丁目４番１号,,賜財団済生会支部滋賀県済生会支部長堺井拡,,一般（感染）　内　心内　脳内　精　呼内　消化器　内科　腫瘍内科　循環器内科　腎臓　内科、血液内科、　肝臓内科、膵臓内　科　糖尿病内分泌　内科、緩和ケア内　科　小　外科、消　化器外科、乳腺外　科　整外　形外　脳外　呼外　心外　皮膚科、美容皮　膚科　ひ　産科・　婦人科　眼　耳い　リハ　放　麻　病理　救命　歯,6,更新,274_2026.7_kikanzentai_shiga_sikaheisetu.pdf
診療所,25,1200269,一般財団法人競馬共,〒520－3005,077-558-0039,一般財団法人,藤田豊久,内　外　整外　リ,,昭44.12.1,274_2026.7_kikanzentai_shiga_sikaheisetu.pdf
診療所,25,1230262,助会栗東診療所,栗東市御園１０２８番地,,競馬共助会会長吉﨑一郎,,ウ　リハ　歯,,更新,274_2026.7_kikanzentai_shiga_sikaheisetu.pdf
診療所,25,1200293,梅井外科・皮フ科ク,〒520－3015栗東市安養寺一丁目２番２５号,077-553-6101,梅井孫好,梅井孫好,外　胃　整外　こ　う　皮　麻,1,昭51.11.25,273_2026.7_kikanzentai_shiga_ika.pdf
診療所,25,1200434,樋上循環器科・内科,〒520－3031栗東市綣５丁目１番３４号,077-552-6617,樋上雅一,樋上雅一,循　内,,平元.11.1,273_2026.7_kikanzentai_shiga_ika.pdf
診療所,25,1200459,任医院,〒520－3014栗東市川辺６１５番地,077-552-5500,任書煌,任書煌,内　消　麻　小,,平3.5.27,273_2026.7_kikanzentai_shiga_ika.pdf
診療所,25,1200475,医療法人社団うつ,〒520－3036栗東市十里１３６番地２,077-552-1888,医療法人社団うつのみや医院理事長宇都宮琢史,宇都宮琢史,小,,平4.5.1,273_2026.7_kikanzentai_shiga_ika.pdf
診療所,25,1200558,こびらい生協診療所,〒520－3034栗東市小平井三丁目２番２５号,077-553-9696,しが健康医療生活協同組合理事長金城明,西澤寛貴,内　小　整外　リ　ウ,,平8.4.22,273_2026.7_kikanzentai_shiga_ika.pdf
診療所,25,1200582,清水整形外科医院,〒520－3026栗東市下鈎１６３０番地,077-554-2839,清水勉,清水勉,整外　リウ　リハ,,平8.7.10,273_2026.7_kikanzentai_shiga_ika.pdf
診療所,25,1200608,かのうクリニック,〒520－3031栗東市綣三丁目１０番２２号グレーシィ栗東ビステージ２階,077-554-2960,加納邦夫,加納邦夫,精　心内,,平8.8.8,273_2026.7_kikanzentai_shiga_ika.pdf
診療所,25,1200616,医療法人社団真下胃,〒520－3035栗東市霊仙寺一丁目１番５２号,077-553-1041,医療法人社団真下胃腸科医院理事長大槻鉄郎,大槻鉄郎,内　胃　外　整外　こう　リハ,,平8.9.1,273_2026.7_kikanzentai_shiga_ika.pdf
診療所,25,1200657,立石医院,〒520－3037栗東市北中小路２番６号,077-552-7267,立石博之,立石博之,消　内,,平9.2.1,273_2026.7_kikanzentai_shiga_ika.pdf
診療所,25,1200673,おがき耳鼻咽喉科,〒520－3024栗東市小柿七丁目５番１０号,077-552-8711,医療法人おがき耳鼻咽喉科理事長中西佳寿子,中西佳寿子,耳い,,平9.9.1,273_2026.7_kikanzentai_shiga_ika.pdf
診療所,25,1200756,金沢整形外科クリニ,〒520－3016栗東市小野８８１番地,077-553-0007,医療法人金沢整形外科クリニック山本亨,山本亨,整外　リハ,,平12.4.1,273_2026.7_kikanzentai_shiga_ika.pdf
診療所,25,1200772,はなだ婦人クリニッ,〒520－3031栗東市綣三丁目１０番２２号,077-551-2175,花田芳郎,花田芳郎,産婦　内,,平12.7.7,273_2026.7_kikanzentai_shiga_ika.pdf
診療所,25,1200780,医療法人社団渡辺産,〒520－3027栗東市野尻４３５番地,077-551-1331,医療法人社団渡辺産婦人科理事長渡恒久,渡恒久,産婦,15,平12.10.1,273_2026.7_kikanzentai_shiga_ika.pdf
診療所,25,1200798,まるやま医院,〒520－3027栗東市野尻５９０番地あかつきビル１階,077-554-8881,丸山啓介,丸山啓介,内　胃　外　こう,,平13.8.1,273_2026.7_kikanzentai_shiga_ika.pdf
診療所,25,1200806,ふじもと医院,〒520－3035栗東市霊仙寺一丁目２番１９号ＥＳＰＯ栗東２０４,077-554-2528,医療法人社団ふじもと医院理事長藤本浩,藤本浩,内　皮　ひ　アレ,,平14.5.1,273_2026.7_kikanzentai_shiga_ika.pdf
診療所,25,1200814,医療法人秀明会増,〒520－3035栗東市霊仙寺一丁目２番１９号エスポ栗東１０１号,077-551-5085,医療法人秀明会増田眼科理事長増田明俊,増田明俊,眼,,平14.6.1,273_2026.7_kikanzentai_shiga_ika.pdf
診療所,25,1200921,まがらクリニック,〒520－3036栗東市十里８３番地３,077-551-1500,麻柄達夫,麻柄達夫,循　内　外　放　心外,,平18.9.15,273_2026.7_kikanzentai_shiga_ika.pdf
診療所,25,1200939,あらき内科クリニッ,〒520－3015栗東市安養寺一丁目１番２０号ラフィーネ栗東安養寺１０１号,077-553-4447,新木真一,新木真一,内,,平19.2.1,273_2026.7_kikanzentai_shiga_ika.pdf
診療所,25,1200947,医療法人明照会栗,〒520－3047栗東市手原三丁目１１番２号,077-553-3123,医療法人明照会理事長遠藤繁,遠藤繁,内　循　呼,,平19.4.1,273_2026.7_kikanzentai_shiga_ika.pdf
診療所,25,1200954,栗東なす耳鼻咽喉科,〒520－3026栗東市下鈎８６４番地１,077-554-8714,那須準子,那須準子,耳い　アレ,,平19.6.28,273_2026.7_kikanzentai_shiga_ika.pdf
診療所,25,1200962,だんの皮フ科クリニ,〒520－3031栗東市綣一丁目１０番１号,077-551-1706,段野貴一郎,段野貴一郎,皮,,平20.1.5,273_2026.7_kikanzentai_shiga_ika.pdf
診療所,25,1200988,きづきクリニック,〒520－3012栗東市岡１９５番地１,077-553-8051,田野百合,田野百合,内　外　消　麻,,平20.10.1,273_2026.7_kikanzentai_shiga_ika.pdf
診療所,25,1201002,医療法人社団三愛,〒520－3024栗東市小柿六丁目１０番２号,077-553-6656,医療法人社団三愛小児科診療所理事長福井徹哉,福井徹哉,小　アレ,,平21.8.1,273_2026.7_kikanzentai_shiga_ika.pdf
診療所,25,1201028,パームこどもクリニ,〒520－3027栗東市野尻４４０番地,077-551-2110,医療法人パームこどもクリニック理事長宇野正章,宇野正章,小　アレ　精　心　内,,平23.11.1,273_2026.7_kikanzentai_shiga_ika.pdf
診療所,25,1201036,ちばレディースクリ,〒520－3024栗東市小柿五丁目１３番２号,077-551-5383,医療法人ちばレディースクリニック理事長千葉隆史,千葉隆史,産婦　内,,平24.7.17,273_2026.7_kikanzentai_shiga_ika.pdf
診療所,25,1201044,びわこ皮フ科,〒520－3024栗東市小柿十丁目１６番１４号,077-554-4165,医療法人白兎会理事長田澤隆広,田澤隆広,皮,,平25.5.1,273_2026.7_kikanzentai_shiga_ika.pdf
診療所,25,1201051,医療法人ごとう医院,〒520－3005栗東市御園１８２９番地１,077-559-2782,医療法人ごとう医院理事長後藤秀夫,後藤秀夫,内　消化器内科　循環器内科　アレ,,平25.10.1,273_2026.7_kikanzentai_shiga_ika.pdf
診療所,25,1201069,くさか眼科,〒520－3031栗東市綣２丁目４番５号ウイングプラザ１Ｆ,077-584-4412,日下利和,日下利和,眼,,平26.6.1,273_2026.7_kikanzentai_shiga_ika.pdf
診療所,25,1201077,湖南広域休日急病診,〒520－3046栗東市大橋二丁目７番３号,077-551-1599,湖南広域行政組合管理者橋川渉,新木真一,内　小,,平26.4.13,273_2026.7_kikanzentai_shiga_ika.pdf
診療所,25,1201085,栗東よしおか小児科,〒520－3031栗東市綣三丁目５番１７号,077-596-3700,医療法人ふたば理事長吉岡誠一郎,吉岡誠一郎,小　小児神経内科,,平27.4.1,273_2026.7_kikanzentai_shiga_ika.pdf
診療所,25,1201093,ＫＫＣウエルネス栗,〒520－3016栗東市小野５０１－１,077-551-0500,一般財団法人近畿健康管理センター理事長木村隆,一瀬子,内,,平27.8.1,273_2026.7_kikanzentai_shiga_ika.pdf
診療所,25,1201101,にしかわ整形外科ク,〒520－3031栗東市綣２丁目４番５号ウイングプラザ１階,077-551-2451,西川淳一,西川淳一,整外　リハ　リウ　形外,,平29.2.1,273_2026.7_kikanzentai_shiga_ika.pdf
診療所,25,1201119,栗東えりこ内科クリ,〒520－3005栗東市御園８４６－１,077-576-5551,増田江利子,増田江利子,内　消化器内科　皮,,平29.4.1,273_2026.7_kikanzentai_shiga_ika.pdf
診療所,25,1201127,ありかた耳鼻咽喉科,〒520－3015栗東市安養寺三丁目１１－９,077-596-3302,有方雅彦,有方雅彦,耳い　アレ,,平29.6.1,273_2026.7_kikanzentai_shiga_ika.pdf
診療所,25,1201135,医療法人片岡クリ,〒520－3015栗東市安養寺８丁目１番３３号ナカザワメディカルビル２階,077-554-7415,医療法人片岡クリニック理事長片岡晃,片岡晃,ひ　皮　アレ,,平29.10.1,273_2026.7_kikanzentai_shiga_ika.pdf
診療所,25,1201150,さとこ内科クリニッ,〒520－3025栗東市中沢二丁目５番５４号,077-554-7070,戸成智子,戸成智子,内　循環器内科,,令2.9.1,273_2026.7_kikanzentai_shiga_ika.pdf
診療所,25,1201176,医療法人ひえだク,〒520－3045栗東市高野５６２番地８,077-551-5388,医療法人ひえだクリニック理事長稗田弘一,稗田弘一,内　小,,令3.4.6,273_2026.7_kikanzentai_shiga_ika.pdf
診療所,25,1201192,医療法人緑青会栗,〒520－3032栗東市苅原２３３,077-554-5550,医療法人緑青会理事長畑和憲,畑和憲,内　消化器内科,,令5.4.1,273_2026.7_kikanzentai_shiga_ika.pdf
診療所,25,1201200,となり眼科,〒520－3015栗東市安養寺一丁目９番８号,077-598-6324,戸成匡宏,戸成匡宏,眼,,令5.5.1,273_2026.7_kikanzentai_shiga_ika.pdf
診療所,25,1201218,かとう皮フ科クリニ,〒520－3015栗東市安養寺１丁目５番１４号,077-558-5776,加藤威,加藤威,皮　アレ　美容皮　膚科,,令5.5.1,273_2026.7_kikanzentai_shiga_ika.pdf
診療所,25,1201226,草津栗東みらい内科,〒520－3024栗東市小柿７丁目９－１１滋賀中央ビル２階,077-551-5060,梅谷俊介,梅谷俊介,内　呼内,,令5.6.1,273_2026.7_kikanzentai_shiga_ika.pdf
診療所,25,1201234,たにがわクリニック,〒520－3013栗東市目川１４０３番,077-599-5797,谷川敬,谷川敬,糖尿病内科　腎臓　内科　内科　小児　科,,令5.7.1,273_2026.7_kikanzentai_shiga_ika.pdf
診療所,25,1201242,湖南サポートクリニ,〒520－3015栗東市安養寺一丁目１３番３７号Ｋビル１階Ｂ号室,077-599-0465,医療法人慈仁会理事長一杉尚子,一杉尚子,内　麻　ペインク　リニック内科,,令5.10.1,273_2026.7_kikanzentai_shiga_ika.pdf
診療所,25,1201259,こんぜ在宅クリニッ,〒520－3015栗東市安養寺７丁目１－１８エステートビル２階Ａ号室,077-596-5562,原文祐,原文祐,外　救命,,令6.2.1,273_2026.7_kikanzentai_shiga_ika.pdf
診療所,25,1201275,草津たにもと脳神経,〒520－3024栗東市小柿七丁目１番３号,077-551-5515,谷本匡浩,谷本匡浩,脳外　脳内　内,,令6.5.1,273_2026.7_kikanzentai_shiga_ika.pdf
診療所,25,1201283,あんようじこどもク,〒520－3015栗東市安養寺１丁目９－９,077-596-3168,今村俊彦,今村俊彦,小　思春期内科,,令6.5.1,273_2026.7_kikanzentai_shiga_ika.pdf
診療所,25,1201291,もりた内科クリニッ,〒520－3037栗東市北中小路字老ノ木３４４番１,077-516-4155,森田幸弘,森田幸弘,内　消化器内科　内視鏡内科　乳腺　外科,,令6.10.1,273_2026.7_kikanzentai_shiga_ika.pdf
診療所,25,1201309,医療法人栗東内科,〒520－3016栗東市小野１７８番地,077-552-7211,医療法人栗東内科・内視鏡クリニック理事長中浦雅文,中浦雅文,内　消化器内科　循環器内科　放,,令7.4.1,273_2026.7_kikanzentai_shiga_ika.pdf
診療所,25,1201317,医療法人あおあお在,〒520－3025栗東市中沢２丁目１１番１０号メゾン中沢１階,077-599-3070,医療法人あおあお在宅クリニック理事長後藤裕文,後藤裕文,内,,令7.6.1,273_2026.7_kikanzentai_shiga_ika.pdf
診療所,25,1201325,てはらハートクリニ,〒520－3047栗東市手原五丁目６番１２号,077-558-8100,医療法人ハートセンター理事長許永勝,許永勝,循環器内科　内　小,,令7.11.1,273_2026.7_kikanzentai_shiga_ika.pdf
診療所,25,1201333,医療法人あずＢａｂ,〒520－3035栗東市霊仙寺三丁目２番３０号,077-551-3131,医療法人あずＢａｂｙ＆Ｋｉｄｓクリニック理事長小豆澤敬幸,小豆澤敬幸,小　アレ,,令8.4.1,273_2026.7_kikanzentai_shiga_ika.pdf
診療所,25,1300630,伊藤整形外科,〒520－2343野洲市大畑１４番１２号,077-586-1085,伊藤哲,伊藤哲,整外　リウ　リハ,,昭56.2.5,273_2026.7_kikanzentai_shiga_ika.pdf
診療所,25,1300689,医療法人森野内科,〒520－2361野洲市北野一丁目１９番３３号,077-587-3636,医療法人森野内科医院理事長富永真澄,富永真澄,内　糖尿病内科　循　胃,,昭63.3.1,273_2026.7_kikanzentai_shiga_ika.pdf
診療所,25,1300697,医療法人ほりで医,〒520－2353野洲市久野部１番１５号,077-587-1601,医療法人ほりで医院理事長堀出直樹,堀出直樹,内　外　小,,昭63.8.1,273_2026.7_kikanzentai_shiga_ika.pdf
診療所,25,1300754,南医院,〒520－2413野洲市吉地１４１２番地,077-589-5061,南喜幸,南喜幸,内　小　循　皮　消,,平4.10.5,273_2026.7_kikanzentai_shiga_ika.pdf
診療所,25,1300770,医療法人本田医院,〒520－2324野洲市近江富士二丁目５番２号,077-588-3500,医療法人本田医院理事長本田亘,本田亘,内　小　放,,平5.6.1,273_2026.7_kikanzentai_shiga_ika.pdf
診療所,25,1300796,北村眼科,〒520－2341野洲市行畑一丁目１２番６号,077-588-4340,北村善彦,北村善彦,眼　内,,平7.4.1,273_2026.7_kikanzentai_shiga_ika.pdf
診療所,25,1300804,医療法人社団すぎ,〒520－2331野洲市小篠原１９７４番地１,077-586-1218,医療法人社団すぎやま内科理事長石田和也,杉山健二,内　消化器内科　循環器内科　小,,平8.5.1,273_2026.7_kikanzentai_shiga_ika.pdf
診療所,25,1300838,医療法人社団たち,〒520－2353野洲市久野部１９８番地１,077-588-0141,医療法人社団たちいり小児科医院理事長立入利晴,立入利晴,小　内,,平10.5.1,273_2026.7_kikanzentai_shiga_ika.pdf
診療所,25,1300853,吉田クリニック,〒520－2362野洲市市三宅２７３２番地,077-588-5080,吉田慎太郎,吉田慎太郎,内　循環器内科,,平11.10.1,273_2026.7_kikanzentai_shiga_ika.pdf
病院,25,1300879,湖南病院,〒520－2433野洲市八夫２０７７番地,077-589-5155,医療法人周行会理事長木田孝太郎,柴崎守和,精　心内,116,平12.3.1,273_2026.7_kikanzentai_shiga_ika.pdf
診療所,25,1300887,澤田医院,〒520－2351野洲市冨波甲１０８７番地１,077-588-5855,澤田正史,澤田正史,内　小　リハ,,平12.5.8,273_2026.7_kikanzentai_shiga_ika.pdf
診療所,25,1300895,かねこ整形外科,〒520－2353野洲市久野部１９１番地１、１９２番地４,077-588-6060,金子裕一郎,金子裕一郎,整外　リウ　リハ,,平12.7.25,273_2026.7_kikanzentai_shiga_ika.pdf
診療所,25,1300911,山田クリニック,〒520－2362野洲市市三宅２７２５番地,077-518-0355,山田紀彦,山田紀彦,内　胃　こう　外　皮,,平13.4.14,273_2026.7_kikanzentai_shiga_ika.pdf
診療所,25,1300929,なかにし耳鼻咽喉科,〒520－2331野洲市小篠原１０３３番地１,077-586-3341,中西豊,中西豊,耳い　アレ,,平13.4.1,273_2026.7_kikanzentai_shiga_ika.pdf
診療所,25,1300937,医療法人吉川医院,〒524－0201野洲市吉川９２８番地,077-589-3901,医療法人吉川医院理事長吉川明,吉川明,外　内　乳腺外科　こう　整外　皮,,平13.10.1,273_2026.7_kikanzentai_shiga_ika.pdf
病院,25,1300978,びわこ学園医療福祉,〒520－2321野洲市北桜９７８番地２,077-587-1144,社会福祉法人びわこ学園理事長口分田政夫,高野知行,小　内　リハ　精　療養病床　整外,143,平16.3.1,273_2026.7_kikanzentai_shiga_ika.pdf
診療所,25,1300986,やすホームケアクリ,〒520－2331野洲市小篠原９５８番地３,077-586-2457,医療法人こまくさ会理事長木田直也,木田直也,内　小　リハ,,平16.4.1,273_2026.7_kikanzentai_shiga_ika.pdf
診療所,25,1300994,医療法人藤井医院,〒520－2362野洲市市三宅２４８０番地,077-586-5848,医療法人藤井医院理事長藤井一壽,藤井一壽,外　整外　内　皮,,平16.4.1,273_2026.7_kikanzentai_shiga_ika.pdf
診療所,25,1301018,やすだ眼科,〒520－2361野洲市北野一丁目１番８号,077-586-3020,安田美代子,安田美代子,眼,,平17.4.1,273_2026.7_kikanzentai_shiga_ika.pdf
診療所,25,1301026,ちかもち内科医院,〒520－2331野洲市小篠原２２０８番地１,077-518-0511,近持信男,近持信男,内　消　皮,,平17.6.7,273_2026.7_kikanzentai_shiga_ika.pdf
診療所,25,1301034,医療法人山地内科,〒520－2323野洲市三上２７９番地１,077-586-8708,医療法人山地内科理事長山地尚,山地尚,内　呼内　循環器　内科,,平18.4.1,273_2026.7_kikanzentai_shiga_ika.pdf
診療所,25,1301042,医療法人桜井皮ふ,〒520－2353野洲市久野部１９２番地１,077-518-0606,医療法人桜井皮ふ科医院理事長桜井健晴,桜井健晴,皮　アレ,,平18.4.1,273_2026.7_kikanzentai_shiga_ika.pdf
診療所,25,1301067,野村内科医院,〒520－2331野洲市小篠原２１７７番地,077-587-0066,医療法人社団医真会理事長野村哲,野村哲,内　糖尿病内科（　代謝内科）,,平19.8.1,273_2026.7_kikanzentai_shiga_ika.pdf
診療所,25,1301075,希望が丘クリニック,〒520－2362野洲市市三宅２３５４番地,077-586-4103,木村俊雄,木村俊雄,産婦　小,19,平20.5.1,273_2026.7_kikanzentai_shiga_ika.pdf
診療所,25,1301083,髙田クリニック,〒520－2341野洲市行畑７３６番地,077-535-1528,髙田宏和,髙田宏和,内　外　皮,,平20.9.1,273_2026.7_kikanzentai_shiga_ika.pdf
診療所,25,1301091,甲原医院,〒520－2331野洲市小篠原２０５７番地１,077-587-0070,甲原一郎,甲原一郎,内　循環器内科　消化器内科,,平20.12.1,273_2026.7_kikanzentai_shiga_ika.pdf
診療所,25,1301125,医療法人白井医院,〒520－2304野洲市永原１８３３番地１,077-587-0125,医療法人白井医院理事長白井博志,白井博志,内　放,,平22.5.1,273_2026.7_kikanzentai_shiga_ika.pdf
診療所,25,1301133,医療法人翔誠会,〒520－2304野洲市永原１８３３番地４,077-588-0084,医療法人翔誠会理事長大橋誠治,大橋誠治,腎臓内科　透析,,平25.10.1,273_2026.7_kikanzentai_shiga_ika.pdf
診療所,25,1301158,医療法人遠田整形,〒520－2362野洲市市三宅字足ノ堂２３３９番地１,077-518-0220,医療法人遠田整形外科理事長関元卓磨,関元卓磨,整外　リウ　リハ,,平26.4.1,273_2026.7_kikanzentai_shiga_ika.pdf
診療所,25,1301174,たけだ眼科,〒520－2351野洲市冨波甲１０８６番地５,077-518-0222,医療法人グリーンスウォード理事長山上和良,武田晴信,眼,,平28.2.1,273_2026.7_kikanzentai_shiga_ika.pdf
診療所,25,1301208,おかもと耳鼻咽喉科,〒520－2362野洲市市三宅２３３９－４番地,077-518-0880,医療法人おかもと耳鼻咽喉科クリニック理事長岡本康太郎,岡本康太郎,耳い,,平30.4.1,273_2026.7_kikanzentai_shiga_ika.pdf
診療所,25,1301216,医療法人くれよん,〒520－2331野洲市小篠原８６９番地１,077-596-3751,医療法人くれよん理事長上田達哉,上田達哉,小,,平30.10.1,273_2026.7_kikanzentai_shiga_ika.pdf
病院,25,1301232,市立野洲病院,〒520－2331野洲市小篠原１０９４番地,077-587-1332,野洲市野洲市長櫻本直樹,前川聡,内　呼　消　循　小　外　整外　脳　内　脳外　皮　ひ　こう　産婦　眼　リハ　放　麻　糖尿病内科,199,令元.7.1,273_2026.7_kikanzentai_shiga_ika.pdf
診療所,25,1301240,田中医院,〒520－2434野洲市比江８１６,077-589-2113,田中久貴,田中久貴,内　腎臓内科,,令元.8.1,273_2026.7_kikanzentai_shiga_ika.pdf
診療所,25,1301257,医療法人藤寿会え,〒520－2413野洲市吉地１１９３番１,077-575-8808,医療法人藤寿会理事長衞藤信之,衞藤信之,内　小　消化器内　科,,令元.10.1,273_2026.7_kikanzentai_shiga_ika.pdf
診療所,25,1301265,医療法人拓翔会岸本,〒520－2361野洲市北野一丁目１５番３５号,077-586-1822,医療法人拓翔会理事長岸本拓磨,岸本拓磨,内,,令2.4.1,273_2026.7_kikanzentai_shiga_ika.pdf
診療所,25,1301273,かつじクリニック,〒520－2362野洲市市三宅２３７３,077-514-8611,岡田勝治,岡田勝治,内　消化器内科　病理,,令4.8.1,273_2026.7_kikanzentai_shiga_ika.pdf
診療所,25,1301281,医療法人にしむら,〒520－2304野洲市永原１８３４番地１,077-518-0055,医療法人にしむら整形外科クリニック理事長西村一郎,西村一郎,整外　リウ　リハ,,令4.11.1,273_2026.7_kikanzentai_shiga_ika.pdf
診療所,25,1301299,平田レディースクリ,〒520－2323野洲市三上１９３７－１４,077-598-6573,平田貴美子,平田貴美子,婦　産婦,,令5.5.1,273_2026.7_kikanzentai_shiga_ika.pdf
診療所,25,1301307,整形外科にしがわら,〒520－2423野洲市西河原２３６３番地,077-584-5248,下村隆敏,下村隆敏,整外　リハ　脳外,,令5.6.1,273_2026.7_kikanzentai_shiga_ika.pdf
診療所,25,1301315,おきなか泌尿器科ク,〒520－2341野洲市行畑６７２番１,077-518-6101,沖中勇輝,沖中勇輝,ひ　内　外,,令7.5.1,273_2026.7_kikanzentai_shiga_ika.pdf
診療所,25,1400240,滋賀県甲賀保健所,〒528－8511甲賀市水口町水口６２００番地,0748-63-6111,滋賀県滋賀県知事三日月大造,松原峰生,内,,昭32.7.1,273_2026.7_kikanzentai_shiga_ika.pdf
病院,25,1400257,一般社団法人水口,〒528－0031甲賀市水口町本町二丁目２番４３号,0748-62-1212,一般社団法人水口病院理事長青木建亮,青木治亮,精　心内　内　老　年精神科,407,昭32.10.1,273_2026.7_kikanzentai_shiga_ika.pdf
診療所,25,1401214,医療法人岩谷医院,〒528－0024甲賀市水口町中邸２番１０号,0748-62-0053,医療法人岩谷医院理事長岩谷晴子,仲川孝彦,内　糖尿病内分泌　内科　腎臓内科　循環器内科,,昭63.3.1,273_2026.7_kikanzentai_shiga_ika.pdf
診療所,25,1401305,医療法人川端医院,〒528－0234甲賀市土山町徳原４５１番地,0748-67-0018,医療法人川端医院理事長川端真紀夫,川端真紀夫,内　小　美容皮膚　科,,平2.1.1,273_2026.7_kikanzentai_shiga_ika.pdf
診療所,25,1401321,中西医院,〒528－0211甲賀市土山町北土山１４３３番地２,0748-66-0712,中西二,中西二,内　小,,平2.3.6,273_2026.7_kikanzentai_shiga_ika.pdf
診療所,25,1401339,医療法人社団布留ク,〒520－3301甲賀市甲南町寺庄１０９８番地,0748-86-3135,医療法人社団布留クリニック理事長布留守敏,布留守敏,内　リウ　整外　リハ　消　外　皮　放,,平2.9.1,273_2026.7_kikanzentai_shiga_ika.pdf
診療所,25,1401412,医療法人社団太田,〒528－0042甲賀市水口町虫生野中央８１番地２,0748-63-3553,医療法人社団太田医院理事長太田志朗,太田志朗,小　内　アレ,,平3.10.1,273_2026.7_kikanzentai_shiga_ika.pdf
診療所,25,1401420,古西医院,〒520－3436甲賀市甲賀町拝坂８３３番地１４１,0748-88-5575,古西博明,古西博明,内　小,,平4.1.1,273_2026.7_kikanzentai_shiga_ika.pdf
診療所,25,1401537,医療法人親愛レディ,〒528－0041甲賀市水口町虫生野１０９８番地１,0748-63-3321,医療法人親愛レディースクリニック理事長吉治修市,吉治修市,産婦,,平7.11.1,273_2026.7_kikanzentai_shiga_ika.pdf
診療所,25,1401545,今村医院,〒520－3322甲賀市甲南町深川２２０１番地,0748-86-2119,医療法人メディカル甲賀理事長今村陽一,今村陽一,内　消化器内科　心内　小　精,,平9.6.1,273_2026.7_kikanzentai_shiga_ika.pdf
病院,25,1401628,医療法人社団仁生会,〒520－3321甲賀市甲南町葛木９５８番地,0748-86-3131,医療法人社団仁生会理事長古倉みのり,神谷純広,療養病床　内　消化器内科、　消化器外科　呼内　循環器内科　脳　内　糖尿病・代謝　内科　腎臓内科、　血液内科　外　呼　外　乳腺外科　肛　門外科　整外　形　外　脳外　放　麻　皮　婦　ひ　リ　ウ,199,平11.8.1,273_2026.7_kikanzentai_shiga_ika.pdf
診療所,25,1401651,医療法人寺井医院,〒520－3332甲賀市甲南町希望ケ丘本町六丁目８５７番８１号,0748-86-1112,医療法人寺井医院理事長寺井繁勝,寺井繁勝,内　小　呼内,,平12.4.1,273_2026.7_kikanzentai_shiga_ika.pdf
診療所,25,1401727,医療法人社団村上,〒528－0041甲賀市水口町虫生野１０９５番地４,0748-63-7751,医療法人社団村上整形外科クリニック理事長村上元庸,村上元庸,整外　外　リウ　リハ,,平13.4.1,273_2026.7_kikanzentai_shiga_ika.pdf
診療所,25,1401735,医療法人社団平川,〒528－0036甲賀市水口町東名坂１８４番地２,0748-63-6373,医療法人社団平川クリニック理事長平川一典,平川一典,外　内　消化器内　科　整外,,平13.5.1,273_2026.7_kikanzentai_shiga_ika.pdf
診療所,25,1401750,あん医院,〒528－0042甲賀市水口町虫生野中央１１９番地１,0748-65-6884,安田昌徳,安田昌徳,ひ　皮,,平14.4.1,273_2026.7_kikanzentai_shiga_ika.pdf
診療所,25,1401776,医療法人高志会,〒520－3307甲賀市甲南町野尻７７番地１,0748-86-8205,医療法人高志会竹内整形外科理事長竹内賢治,竹内賢治,整外　リウ　リハ,,平14.5.1,273_2026.7_kikanzentai_shiga_ika.pdf
診療所,25,1401800,しがらきクリニック,〒529－185,0748-82-7833,1甲賀市信楽町長野６１９－１松野修一,松野修一,内　外　循　消,,平15.4.1,273_2026.7_kikanzentai_shiga_ika.pdf
診療所,25,1401826,かなじ耳鼻咽喉科,〒528－0005甲賀市水口町水口字樫の実５９９３番地１,0748-63-8733,金地明星,金地明星,耳い　アレ,,平15.7.1,273_2026.7_kikanzentai_shiga_ika.pdf
病院,25,1401925,甲賀市立信楽中央,〒529－185,0748-82-0249,1甲賀市信楽町長野４７３番地甲賀市甲賀市長岩永裕貴,北川貢嗣,総合診療科　内　精　心内　リハ　耳い　外,40,平16.10.1,273_2026.7_kikanzentai_shiga_ika.pdf
診療所,25,1401958,甲賀市立信楽中央病,〒529－1814甲賀市信楽町田代６１９番地,0748-82-0249,甲賀市甲賀市長岩永裕貴,今枝加奈子,内　外　小,,平16.10.1,273_2026.7_kikanzentai_shiga_ika.pdf
診療所,25,1401966,水口眼科医院,〒528－0032甲賀市水口町八坂３番６５号,0748-62-0840,塩澤正樹,塩澤正樹,眼,,平16.11.1,273_2026.7_kikanzentai_shiga_ika.pdf
診療所,25,1401974,医療法人社団ゆずり,〒528－0012甲賀市水口町暁２番３号,0748-65-0121,医療法人社団ゆずりは会理事長田中直人,田中直人,小,,平16.11.1,273_2026.7_kikanzentai_shiga_ika.pdf
診療所,25,1401982,医療法人尚友会速,〒528－0058甲賀市水口町北泉１丁目１２８番地,0748-65-3211,医療法人尚友会理事長速水雅尚,速水雅尚,内　外　脳外　リ　ハ,,平17.4.1,273_2026.7_kikanzentai_shiga_ika.pdf
診療所,25,1402022,医療法人深井クリ,〒528－0064甲賀市水口町伴中山３８０２番地,0748-65-4100,医療法人深井クリニック理事長深井大輔,深井大輔,内　循　呼　小　皮　リハ,,平17.10.1,273_2026.7_kikanzentai_shiga_ika.pdf
診療所,25,1402030,佐藤眼科,〒528－0035甲賀市水口町名坂７８１番地１,0748-63-5234,佐藤友哉,佐藤友哉,眼,,平19.5.1,273_2026.7_kikanzentai_shiga_ika.pdf
診療所,25,1402048,うだ医院,〒528－0211甲賀市土山町北土山１６８４番地１,0748-66-1050,医療法人うだ医院理事長宇田勝弘,宇田勝弘,内　小　消　放,,平19.10.1,273_2026.7_kikanzentai_shiga_ika.pdf
診療所,25,1402055,かりゆしクリニック,〒528－0235甲賀市土山町大野４０１番地,0748-67-0155,東理,東理,内　皮　小　心内　精,,平19.12.1,273_2026.7_kikanzentai_shiga_ika.pdf
診療所,25,1402063,甲賀市立みなくち診,〒528－0049甲賀市水口町貴生川２９３番地１,0748-62-3346,甲賀市甲賀市長岩永裕貴,中島恭二,内　外　こう　療養病床,,平20.4.1,273_2026.7_kikanzentai_shiga_ika.pdf
診療所,25,1402089,つばさクリニック,〒528－0033甲賀市水口町綾野３－３３,0748-63-7766,鶴山幸喜,鶴山幸喜,内　循環期内科　小,,平22.11.1,273_2026.7_kikanzentai_shiga_ika.pdf
診療所,25,1402121,医療法人みのり会,〒528－0005甲賀市水口町水口５９９２番地１,0748-65-3737,医療法人みのり会理事長濱田浩明,濱田浩明,産　婦,9,平23.11.1,273_2026.7_kikanzentai_shiga_ika.pdf
診療所,25,1402162,田代外科・整形外科,〒528－0056甲賀市水口町泉１２７２番地,0748-62-0635,医療法人社団田代外科・整形外科医院理事長田代広尚,田代広尚,整外　外　リハ　放,,平25.12.1,273_2026.7_kikanzentai_shiga_ika.pdf
診療所,25,1402204,医療法人ますだ内科,〒520－3432甲賀市甲賀町滝２２３１番地１,0748-88-2277,医療法人ますだ内科医院理事長増田清博,増田清博,内,,平27.10.1,273_2026.7_kikanzentai_shiga_ika.pdf
診療所,25,1402212,すずきスキンクリニ,〒528－0029甲賀市水口町南林口４９番地,0748-65-2220,医療法人グリーンスウォード理事長山上和良,江秉綸（鈴木,形外　皮　アレ,,平28.4.1,273_2026.7_kikanzentai_shiga_ika.pdf
診療所,25,1402220,和田耳鼻咽喉科医院,〒528－0017甲賀市水口町京町６番１１号,0748-64-1133,和田義正,和田義正,耳い,,平28.8.3,273_2026.7_kikanzentai_shiga_ika.pdf
診療所,25,1402238,むらき眼科,〒529－185,0748-78-0077,1甲賀市信楽町長野１３６３－１村木早苗,村木早苗,眼,,平29.5.1,273_2026.7_kikanzentai_shiga_ika.pdf
診療所,25,1402246,みなくちこどもクリ,〒528－0029甲賀市水口町南林口４７番地２,0748-63-2100,医療法人グリーンスウォード理事長山上和良,太田武志,小,,平29.6.1,273_2026.7_kikanzentai_shiga_ika.pdf
診療所,25,1402253,やまもと内科・外科,〒528－0042甲賀市水口町虫生野中央１１１番地,0748-62-9559,医療法人やまもと内科・外科クリニック理事長山元俊行,山元俊行,内　外　糖尿病内　科、内分泌内科　消化器内科　肛門　外科　リハ,,平29.10.1,273_2026.7_kikanzentai_shiga_ika.pdf
病院,25,1402261,公立甲賀病院,〒528－0074甲賀市水口町松尾１２５６番地,0748-62-0234,地方独立行政法人公立甲賀病院理事長辻川知之,辻川知之,一般（感染）　内科、腎臓内科、　血液内科　脳内　循環器内科　糖尿　病・内分泌内科、　緩和ケア内科　消　化器内科　呼内　外科、消化器外科　、肛門外科、乳腺　外科　呼外　心外　小　整外　リウ　麻　脳外　ひ　眼　産婦　耳い　皮　形外　放射線　科、放射線診断科　、放射線治療科　リハ　病理　歯　矯歯　歯外　・心療内科　救命,413,平31.4.1,274_2026.7_kikanzentai_shiga_sikaheisetu.pdf
診療所,25,1402287,ハートクリニックこ,〒520－3307甲賀市甲南町野尻４１１番地,0748-86-0011,医療法人勁草会理事長相馬彰,相馬彰,内　循環器内科　心外,19,令2.10.1,273_2026.7_kikanzentai_shiga_ika.pdf
診療所,25,1402295,木村医院,〒528－0041甲賀市水口町虫生野１０１５番９,0748-62-2143,医療法人木村医院理事長木村一博,木村一博,内　循環器内科　胃腸内科,,令4.10.1,273_2026.7_kikanzentai_shiga_ika.pdf
診療所,25,1402303,さいとう医院内科,〒528－0015甲賀市水口町松栄３番２６号,0748-65-2002,医療法人景聖健理事長斉藤康晴,斉藤康晴,内　消化器内科,,令4.11.1,273_2026.7_kikanzentai_shiga_ika.pdf
診療所,25,1402329,たかやま内科クリニ,〒528－0005甲賀市水口町水口５５４６－４,0748-69-6366,髙山智行,髙山智行,内　循環器内科　呼内　糖尿病内科,,令7.1.1,273_2026.7_kikanzentai_shiga_ika.pdf
診療所,25,1402337,医療法人圭裕会田,〒528－0007甲賀市水口町新城４３３番地１,0748-65-2121,医療法人圭裕会理事長田代圭太郎,田代圭太郎,内　消化器内科　外　整外　リハ,,令7.6.1,273_2026.7_kikanzentai_shiga_ika.pdf
診療所,25,1402345,耳鼻咽喉科やまもと,〒520－3308甲賀市甲南町野田字塚本４７５－６,0748-76-0387,山本聡,山本聡,耳い　小児耳鼻咽　喉科,,令7.11.1,273_2026.7_kikanzentai_shiga_ika.pdf
診療所,25,1402352,甲賀市立信楽中央病,〒529－1841甲賀市信楽町上朝宮４６７番地,0748-82-0249,甲賀市甲賀市長岩永裕貴,今枝加奈子,内　外,,令7.10.1,273_2026.7_kikanzentai_shiga_ika.pdf
診療所,25,1402360,医療法人浅田クリニ,〒528－0036甲賀市水口町東名坂２２６番地１,0748-69-7755,医療法人浅田クリニック理事長淺田佳邦,淺田佳邦,呼内　内　耳い　アレ　リハ,,令7.11.1,273_2026.7_kikanzentai_shiga_ika.pdf
診療所,25,1402378,甲賀市立信楽中央病,〒529－1841甲賀市信楽町多羅尾１９１８番地２,0748-82-0249,甲賀市甲賀市長岩永裕貴,西田早矢,内　外,,令8.4.1,273_2026.7_kikanzentai_shiga_ika.pdf
診療所,25,1402386,あいこうか眼科,〒528－0005甲賀市水口町水口６０４０－１,0748-69-7710,医療法人ＩＣ理事長藤川正人,藤川正人,眼,,令8.4.1,273_2026.7_kikanzentai_shiga_ika.pdf
病院,25,1500577,医療法人社団昴会,〒529－1642,0748-53-1201,医療法人社団,仲成幸,,110,昭60.4.8,274_2026.7_kikanzentai_shiga_sikaheisetu.pdf
病院,25,1530570,日野記念病院,蒲生郡日野町上野田２００番地１,,昴会理事長相馬俊臣,,療養病床　内　呼内　循環器　内科　消化器内科　外　消化器外科　乳腺外科　整外　小　婦　眼　皮　ひ　耳い　脳外　形外　放　麻　美外　リハ　病理　歯　歯外　救命,40,更新,274_2026.7_kikanzentai_shiga_sikaheisetu.pdf
診療所,25,1500593,医療法人社団朝日,〒529－1603蒲生郡日野町大窪１０１０番地１,0748-52-0057,医療法人社団朝日医院理事長朝日新,朝日新,内　放　小　皮,,平4.11.1,273_2026.7_kikanzentai_shiga_ika.pdf
診療所,25,1500619,岡診療所,〒529－1602蒲生郡日野町河原一丁目１０番地,0748-53-1155,岡藤太郎,岡藤太郎,外　内　小　整外　こう　皮　麻,,平6.5.1,273_2026.7_kikanzentai_shiga_ika.pdf
診療所,25,1500650,弓削メディカルクリ,〒520－2501蒲生郡竜王町弓削１８２５番地,0748-57-1141,医療法人滋賀家庭医療学センター理事長雨森正記,雨森正記,内　小,,平11.10.1,273_2026.7_kikanzentai_shiga_ika.pdf
診療所,25,1500726,あいさか小児科,〒529－1601蒲生郡日野町松尾二丁目８８番地７,0748-53-8139,医療法人あいさか小児科理事長相坂明,相坂明,小　内　アレ,,平18.4.1,273_2026.7_kikanzentai_shiga_ika.pdf
診療所,25,1500742,鎌掛診療所,〒529－1631蒲生郡日野町鎌掛２２９２番地,0748-52-0615,松村昭彦,松村昭彦,内　小,,平20.2.1,273_2026.7_kikanzentai_shiga_ika.pdf
診療所,25,1500767,しもいけメディカル,〒529－1601蒲生郡日野町松尾五丁目５９番地３,0748-53-2324,医療法人しもいけメディカルクリニック理事長下池仁志,下池仁志,内　循環器内科　呼内　リウ　小,,平22.10.1,273_2026.7_kikanzentai_shiga_ika.pdf
診療所,25,1500775,よこた眼科クリニッ,〒529－1601蒲生郡日野町大字松尾１１８９番地,0748-52-1341,医療法人扶佐会理事長横田順子,横田順子,眼,,平22.10.1,273_2026.7_kikanzentai_shiga_ika.pdf
診療所,25,1500783,石塚内科クリニック,〒520－2552蒲生郡竜王町小口１６５８番地１,0748-58-0025,石塚泉,石塚泉,内　消化器内科　皮,,平24.2.1,273_2026.7_kikanzentai_shiga_ika.pdf
診療所,25,1500809,医療法人どひ整形,〒529－1601蒲生郡日野町松尾３丁目１番１号,0748-52-8880,医療法人どひ整形外科クリニック理事長土肥潤二,土肥潤二,整外　外　内　皮　リウ　リハ,,平26.6.1,273_2026.7_kikanzentai_shiga_ika.pdf
診療所,25,1500817,医療法人かりもと整,〒520－2552蒲生郡竜王町大字小口１６５８番地１,0748-28-1100,医療法人かりもと整形外科クリニック理事長仮元幹雄,仮元幹雄,整外　リウ　リハ　ペインクリニッ　ク外科,,平27.10.1,273_2026.7_kikanzentai_shiga_ika.pdf
診療所,25,1500825,あえんぼクリニック,〒520－2531蒲生郡竜王町大字山之上５５７２番地,0748-57-0610,竜王町竜王町長西田秀治,雨森正記,内　小,,令3.10.1,273_2026.7_kikanzentai_shiga_ika.pdf
診療所,25,1500833,どらごんクリニック,〒520－2561蒲生郡竜王町大字須惠８１４番地９３,0748-58-2932,医療法人滋賀家庭医療学センター理事長雨森正記,大竹要生,内　小,,令5.4.1,273_2026.7_kikanzentai_shiga_ika.pdf
診療所,25,1500841,河村医院,〒529－1644蒲生郡日野町内池３７３,0748-52-0072,河村英生,河村英生,内　小,,令7.4.1,273_2026.7_kikanzentai_shiga_ika.pdf
診療所,25,1700433,野口小児科,〒529－1315愛知郡愛荘町沓掛３８８番地,0749-42-3050,野口周三,野口周三,小　内,,昭50.1.1,273_2026.7_kikanzentai_shiga_ika.pdf
診療所,25,1700524,上林医院,〒529－1235愛知郡愛荘町目加田８８２番地,0749-37-2003,上林俊明,上林俊明,内　小,,平6.10.1,273_2026.7_kikanzentai_shiga_ika.pdf
診療所,25,1700532,医療法人矢部医院,〒529－1331愛知郡愛荘町愛知川１３３２番地１,0749-42-2167,医療法人矢部医院理事長矢部隆宏,矢部隆宏,内　循　呼　消　小,,平7.4.1,273_2026.7_kikanzentai_shiga_ika.pdf
診療所,25,1700623,医療法人北村医院,〒529－1206愛知郡愛荘町蚊野１７３２番地,0749-37-2008,医療法人北村医院理事長小澤哲史,小澤哲史,内　小,,平13.5.1,273_2026.7_kikanzentai_shiga_ika.pdf
診療所,25,1700649,医療法人成宮クリ,〒529－1313愛知郡愛荘町市９１７番地の７,0749-42-2620,医療法人成宮クリニック理事長成宮尚男,成宮尚男,内　外　小　産婦　整外　リハ,,平15.1.1,273_2026.7_kikanzentai_shiga_ika.pdf
診療所,25,1700656,石川医院,〒529－1206愛知郡愛荘町蚊野１８８２番地,0749-37-2007,医療法人原尤会理事長石川愿,石川愿,内　小　婦,,平19.4.1,273_2026.7_kikanzentai_shiga_ika.pdf
診療所,25,1700672,世一クリニック,〒529－1314愛知郡愛荘町中宿字通町３１番地３,0749-42-7506,医療法人佑友会理事長世一友子,世一友子,精　心内　神内　内,,平25.4.1,273_2026.7_kikanzentai_shiga_ika.pdf
診療所,25,1700680,中川クリニック,〒529－1315愛知郡愛荘町沓掛３８２,0749-42-2225,医療法人中川クリニック理事長中川築,中川築,内　循環器内科　小　皮,,平30.5.1,273_2026.7_kikanzentai_shiga_ika.pdf
病院,25,1800019,公益財団法人豊郷,〒529－1168,0749-35-3001,公益財団法人,難波江正浩,,171,昭32.9.1,274_2026.7_kikanzentai_shiga_sikaheisetu.pdf
病院,25,1830012,病院,犬上郡豊郷町八目１２番地,,豊郷病院代表理事川上賢三,,療養病床　内　呼外　呼内　外　整外　耳い　婦　眼　精　歯　放　リハ　脳外　ひ　皮　循環器内　科　小　心内　消　化器内科　歯外　脳内　消化器外科　麻,142,更新,274_2026.7_kikanzentai_shiga_sikaheisetu.pdf
診療所,25,1800233,大医院川相診療所,〒522－0324犬上郡多賀町川相字前原２５４番地,0749-47-1856,大常男,大常男,内　脳外　外,,平4.4.1,273_2026.7_kikanzentai_shiga_ika.pdf
診療所,25,1800258,重森医院,〒529－1161犬上郡豊郷町四十九院８６７番地,0749-35-2068,重森恒雄,重森恒雄,内　消,,平9.5.1,273_2026.7_kikanzentai_shiga_ika.pdf
診療所,25,1800274,医療法人社団健友会,〒522－0242犬上郡甲良町尼子２０１９番地１,0749-38-2482,医療法人社団健友会若松医院理事長若松宏和,若松宏和,内　胃　小,,平15.7.1,273_2026.7_kikanzentai_shiga_ika.pdf
診療所,25,1800282,小菅医院多賀診療,〒522－0341犬上郡多賀町多賀１３２８番地,0749-48-1650,小菅眞由美,小菅眞由美,小　内,,平16.4.1,273_2026.7_kikanzentai_shiga_ika.pdf
診療所,25,1800324,宮尾医院,〒522－0244犬上郡甲良町在士６０３番地,0749-38-4357,宮尾智子,宮尾智子,内　小　外,,平18.3.8,273_2026.7_kikanzentai_shiga_ika.pdf
診療所,25,1800332,医療法人たけは内,〒529－1174犬上郡豊郷町下枝２３番地２,0749-35-8015,医療法人たけは内科医院理事長竹葉智至,竹葉智至,内　胃　消,,平19.4.1,273_2026.7_kikanzentai_shiga_ika.pdf
診療所,25,1800340,おした整形外科医院,〒529－1174犬上郡豊郷町下枝２３番地１,0749-35-0017,医療法人おした整形外科医院理事長尾下佳史,尾下佳史,整外　リウ　リハ,,平19.4.1,273_2026.7_kikanzentai_shiga_ika.pdf
診療所,25,2200755,滋賀県高島保健所,〒520－1621高島市今津町今津４４８番地４５,0740-22-2525,滋賀県知事三日月大造,時田美和子,内,,昭54.3.1,273_2026.7_kikanzentai_shiga_ika.pdf
診療所,25,2200862,澤村医院,〒520－1216高島市安曇川町中央四丁目１番地３,0740-32-3525,澤村松彦,澤村松彦,内,,平元.5.6,273_2026.7_kikanzentai_shiga_ika.pdf
診療所,25,2200896,澤村クリニック,〒520－1501高島市新旭町旭一丁目７番１号,0740-25-5082,澤村五茂,澤村五茂,内,,平3.6.1,273_2026.7_kikanzentai_shiga_ika.pdf
診療所,25,2200946,医療法人前川クリ,〒520－1632高島市今津町桜町一丁目７番地３,0740-22-2881,医療法人前川クリニック理事長前川源司,前川源司,内　皮　小　消　呼,,昭62.7.1,273_2026.7_kikanzentai_shiga_ika.pdf
診療所,25,2200987,医療法人湖西クリ,〒520－1533高島市新旭町安井川１２１８番地１,0740-25-2539,医療法人湖西クリニック理事長納冨隆,納冨隆,整外　内　外　リ　ハ　放,,平6.3.1,273_2026.7_kikanzentai_shiga_ika.pdf
診療所,25,2200995,医療法人ながおか,〒520－1621高島市今津町今津１４８７番地,0740-22-2030,医療法人ながおか医院理事長長岡伊織,長岡伊織,内　循環器内科,,平6.6.1,273_2026.7_kikanzentai_shiga_ika.pdf
病院,25,2201043,医療法人マキノ病,〒520－1822高島市マキノ町新保１０９７番地,0740-27-0099,医療法人マキノ病院理事長森田豊,西村彰一,療養病床　内　外　小　整外　皮　神内　リウ　こう　放　リハ　ひ,120,平9.5.1,273_2026.7_kikanzentai_shiga_ika.pdf
診療所,25,2201050,医療法人かおり会,〒520－1501高島市新旭町旭１０６９番地２,0740-25-4123,医療法人かおり会理事長本多朋仁,本多馨子,内　外　小　皮　リハ,,平11.1.1,273_2026.7_kikanzentai_shiga_ika.pdf
診療所,25,2201076,はれやま眼科,〒520－1214高島市安曇川町末広三丁目２番２号,0740-32-8060,晴山正志,晴山正志,眼,,平11.4.8,273_2026.7_kikanzentai_shiga_ika.pdf
診療所,25,2201084,医療法人中西眼科医,〒520－1821高島市マキノ町沢１６１番地９７,0740-27-2470,医療法人中西眼科医院マキノ診療所理事長中西紀典,中西紀典,眼,,平12.1.6,273_2026.7_kikanzentai_shiga_ika.pdf
診療所,25,2201092,医療法人土田医院,〒520－1214高島市安曇川町末広三丁目２２番地１,0740-32-3317,医療法人土田医院理事長土田博夫,土田博夫,内　耳い　気食　アレ　小　外,,平12.4.1,273_2026.7_kikanzentai_shiga_ika.pdf
病院,25,2201100,一般財団法人近江愛,〒520－1605高島市今津町南新保８７番地１,0740-22-2238,一般財団法人近江愛隣園理事長岸本郁男,岸本郁男,療養病床　内　整外　リウ　リハ　循環器内科　消化器内科　ひ　放　透析　腎臓　内科　皮　呼内　脳内　脳外,80,平12.12.1,273_2026.7_kikanzentai_shiga_ika.pdf
診療所,25,2201118,おかだ小児科医院,〒520－1631高島市今津町名小路一丁目１番６号,0740-22-8071,岡田清春,岡田清春,小　小児アレルギ　ー科　小児皮膚科,,平13.4.20,273_2026.7_kikanzentai_shiga_ika.pdf
診療所,25,2201126,医療法人かおり会,〒520－1512高島市新旭町太田８８８番地の１,0740-25-6591,医療法人かおり会理事長本多朋仁,戸田直歩,内　外　リハ,,平13.11.1,273_2026.7_kikanzentai_shiga_ika.pdf
診療所,25,2201134,マキノ駅前診療所,〒520－1813高島市マキノ町高木浜一丁目２２番１５号,0740-28-8088,木俣智,木俣智,内,,平13.12.4,273_2026.7_kikanzentai_shiga_ika.pdf
病院,25,2201183,高島市民病院,〒520－1121高島市勝野１６６７番地,0740-36-0220,高島市高島市長今城克啓,武田佳久,一般（感染）　内　精　神　循　小　外　整外　脳　外　皮　ひ　産婦　眼　耳い　リハ　放　歯　歯外　麻　心外,210,平17.1.1,274_2026.7_kikanzentai_shiga_sikaheisetu.pdf
診療所,25,2201191,高島市民病院平良出,〒520－1432高島市朽木平良１００番地１,,高島市高島市長今城克啓,伊東正文,内,,平17.1.1,273_2026.7_kikanzentai_shiga_ika.pdf
診療所,25,2201258,東医院,〒520－1221高島市安曇川町青柳９１５番地,0740-32-1331,東正久,東正久,内　整外　麻　リ　ハ,,平18.1.1,273_2026.7_kikanzentai_shiga_ika.pdf
診療所,25,2201266,まつもと整形外科,〒520－1501高島市新旭町旭８７０番地２０,0740-25-8201,松本道明,松本道明,整外　リウ　リハ,,平18.3.1,273_2026.7_kikanzentai_shiga_ika.pdf
診療所,25,2201274,医療法人片岡クリ,〒520－1522高島市新旭町新庄９８９番地４,0740-25-6373,医療法人片岡クリニック理事長片岡謙,片岡謙,内　循　小,,平18.3.1,273_2026.7_kikanzentai_shiga_ika.pdf
診療所,25,2201282,医療法人のぞみ会,〒520－1605高島市今津町南新保５１４番地１,0740-22-5311,医療法人のぞみ会理事長藤井恒夫,藤井恒夫,外　整外　内　リ　ハ,,平18.4.1,273_2026.7_kikanzentai_shiga_ika.pdf
診療所,25,2201316,医療法人社団山内,〒520－1532高島市新旭町熊野本一丁目１番地１５,0740-25-7888,医療法人社団山内耳鼻いんこう科理事長山内一浩,山内一浩,耳い　アレ,,平18.8.1,273_2026.7_kikanzentai_shiga_ika.pdf
診療所,25,2201324,医療法人林田医院,〒520－1216高島市安曇川町中央二丁目２番１号,0740-32-1600,医療法人林田医院理事長林田英資,林田英資,ひ　皮,,平19.4.1,273_2026.7_kikanzentai_shiga_ika.pdf
診療所,25,2201332,医療法人氷室内科,〒520－1214高島市安曇川町末広二丁目１２番地,0740-32-2112,医療法人氷室内科医院理事長氷室実,氷室実,内,,平19.4.1,273_2026.7_kikanzentai_shiga_ika.pdf
診療所,25,2201365,あいりんクリニック,〒520－1622高島市今津町中沼一丁目５番地６,0740-22-1711,医療法人あいりんクリニック理事長前田昌彦,前田昌彦,内　小,,平22.4.1,273_2026.7_kikanzentai_shiga_ika.pdf
診療所,25,2201373,医療法人小林クリニ,〒520－1532高島市新旭町熊野本一丁目１番地１,0740-25-8107,医療法人小林クリニック理事長小林喜代江,,内　循環器内科、　循環器外科　外　リハ,,平22.10.1,273_2026.7_kikanzentai_shiga_ika.pdf
診療所,25,2201381,たるもと整形外科,〒520－1621高島市今津町今津４５２－５,0740-22-0022,樽本龍,樽本龍,整外　リハ,,平23.5.1,273_2026.7_kikanzentai_shiga_ika.pdf
診療所,25,2201399,医療法人社団四葉会,〒520－1501,0740-25-5050,医療法人社団四,松田俊哉,内　循環器内科,,平23.9.1,274_2026.7_kikanzentai_shiga_sikaheisetu.pdf
診療所,25,2231392,まつだ内科歯科ク,高島市新旭町旭６９６番地,,葉会理事長松田俊哉,,リハ　歯　小歯,,新規,274_2026.7_kikanzentai_shiga_sikaheisetu.pdf
診療所,25,2201415,やすはら眼科クリニ,〒520－1532高島市新旭町熊野本一丁目６番８号,0740-20-2011,安原徹,安原徹,眼,,平25.5.1,273_2026.7_kikanzentai_shiga_ika.pdf
診療所,25,2201423,高島市民病院朽木診,〒520－1401高島市朽木市場７０１番地,0740-38-2071,高島市高島市長今城克啓,花戸開,内　小　外,,平26.5.1,273_2026.7_kikanzentai_shiga_ika.pdf
診療所,25,2201449,中坊医院,〒520－1812高島市マキノ町西浜１１５７－６９,0740-20-1687,中坊俊雅,中坊俊雅,内,,平31.3.1,273_2026.7_kikanzentai_shiga_ika.pdf
診療所,25,2201456,小泉クリニック,〒520－1212高島市安曇川町西万木１２６４－１,0740-32-6101,小泉聡,小泉聡,内　消化器内科　糖尿病内科,,令元.5.1,273_2026.7_kikanzentai_shiga_ika.pdf
診療所,25,2201464,みやもと整形外科ク,〒520－1216高島市安曇川町中央３丁目２番地２２,0740-28-7520,宮本雅友,宮本雅友,整外,,令元.6.1,273_2026.7_kikanzentai_shiga_ika.pdf
診療所,25,2201472,角川クリニック,〒520－1648高島市今津町角川１１６１番地４,0740-24-8001,社会福祉法人大阪自彊館理事長川端均,石川浩介,精　内,,令元.9.1,273_2026.7_kikanzentai_shiga_ika.pdf
診療所,25,2201498,医療法人景湖ピュ,〒520－1604高島市今津町浜分６７番地１２８,0740-24-7000,医療法人景湖理事長岸本景子,岸本景子,内　循環器内科　呼内　美容皮膚科,,令4.10.1,273_2026.7_kikanzentai_shiga_ika.pdf
診療所,25,2201506,うえの内科・消化器,〒520－1532高島市新旭町熊野本一丁目１番１,0740-25-0714,上野哲,上野哲,内　消化器内科　内視鏡内科,,令5.5.1,273_2026.7_kikanzentai_shiga_ika.pdf
診療所,25,2201514,みやもとこども診療,〒520－1214高島市安曇川町末広１丁目１４,0740-33-7320,宮本昌子,宮本昌子,小,,令6.9.1,273_2026.7_kikanzentai_shiga_ika.pdf
診療所,25,2201530,高島市民病院針畑診,〒520－1442高島市朽木生杉５８８,,高島市高島市長今城克啓,伊東正文,内,,令7.1.1,273_2026.7_kikanzentai_shiga_ika.pdf
診療所,25,2201548,医療法人近江今津駅,〒520－1631高島市今津町名小路二丁目７番２号,0740-22-0026,医療法人近江今津駅前メンタルクリニック理事長中川市三郎,中川市三郎,精　心内　美容皮　膚科,,令7.12.1,273_2026.7_kikanzentai_shiga_ika.pdf
診療所,25,2201555,やまにしクリニック,〒520－1121高島市勝野６３８番地,0740-36-0015,山西博司,山西博司,内　消化器内科　外　リハ,,令8.2.1,273_2026.7_kikanzentai_shiga_ika.pdf
診療所,25,2201563,ささきクリニック,〒520－1233高島市安曇川町南船木６８０番地２,0740-34-0345,佐々木靖之,佐々木靖之,内科　循　糖尿病　内科　小,,令8.4.1,273_2026.7_kikanzentai_shiga_ika.pdf
診療所,25,2300027,滋賀県立近江学園医,〒520－3111湖南市東寺四丁目１番１号,0748-77-2811,滋賀県滋賀県知事三日月大造,野村康之,内　小　精,,昭46.10.1,273_2026.7_kikanzentai_shiga_ika.pdf
診療所,25,2300100,医療法人社団寿久,〒520－3223湖南市夏見６３４番地２,0748-71-2212,医療法人社団寿久理事長佐々木一夫,佐々木一夫,皮　アレ　美容皮　フ科,,平10.10.1,273_2026.7_kikanzentai_shiga_ika.pdf
病院,25,2300118,医療法人社団阿星会,〒520－3223湖南市夏見１１６８番地,0748-72-2881,医療法人社団阿星会理事長田中成浩,田中成浩,整外　内　リハ　療養病床　麻　リウ　放　ペ　インクリニック内　科　脳外,100,平11.8.1,273_2026.7_kikanzentai_shiga_ika.pdf
診療所,25,2300159,ほしやま内科医院,〒520－3248湖南市菩提寺西１－９－２３－１０１,0748-74-8618,星山俊潤,星山俊潤,内　循環器内科　呼内　アレ　小,,平14.4.1,273_2026.7_kikanzentai_shiga_ika.pdf
診療所,25,2300175,野村産婦人科,〒520－3233湖南市柑子袋６１１番地,0748-72-6633,医療法人真心会理事長野村哲哉,野村哲哉,産　婦　小,19,平15.11.1,273_2026.7_kikanzentai_shiga_ika.pdf
病院,25,2300183,医療法人社団美松会,〒520－3242湖南市菩提寺１０４番地１３,0748-74-8577,医療法人社団美松会理事長生田大二,松村一弘,療養病床　内　呼内　循環器　内科　消化器内科　内分泌内科　外　呼外　消化器外　科　乳腺外科　整　外　脳外　ひ　眼　耳い　リハ　放　腎臓内科,149,平16.4.1,273_2026.7_kikanzentai_shiga_ika.pdf
診療所,25,2300191,深野内科医院,〒520－3235湖南市平松北二丁目５３番,0748-72-9595,深野美也,深野美也,内　消,,平16.10.1,273_2026.7_kikanzentai_shiga_ika.pdf
診療所,25,2300225,湖南市国民健康保険,〒520－3223湖南市夏見１５０６番地１,0748-72-0015,湖南市湖南市長松浦加代子,松村昭彦,内　循　小,,平16.10.1,273_2026.7_kikanzentai_shiga_ika.pdf
診療所,25,2300241,湖南市国民健康保険,〒520－3252湖南市岩根１１５６番地２,0748-72-0039,湖南市湖南市長松浦加代子,山手崇志,内　小,,平16.10.1,273_2026.7_kikanzentai_shiga_ika.pdf
診療所,25,2300258,佐野医院,〒520－3106湖南市石部中央四丁目１－５７,0748-77-8280,佐野晴夫,佐野晴夫,外　内　消　こう　リハ,,平18.4.1,273_2026.7_kikanzentai_shiga_ika.pdf
診療所,25,2300266,湖南市立石部診療所,〒520－3101湖南市石部東五丁目３番１号,0748-77-4100,湖南市湖南市長松浦加代子,茂森昌人,内　皮　眼　小,,平18.4.1,273_2026.7_kikanzentai_shiga_ika.pdf
診療所,25,2300274,湖南市立水戸診療所,〒520－3202湖南市西峰町１番地１,0748-75-0180,湖南市湖南市長松浦加代子,杉山祐介,内　小,,平18.4.1,273_2026.7_kikanzentai_shiga_ika.pdf
診療所,25,2300282,医療法人荒川クリ,〒520－3214湖南市梅影町３番１４号,0748-75-1477,医療法人荒川クリニック理事長渋谷和之,渋谷和之,腎臓内科　透析　内,,平19.4.1,273_2026.7_kikanzentai_shiga_ika.pdf
診療所,25,2300308,阿星山診療所,〒520－3234湖南市中央五丁目１６８番地甲西中央ビル１０１号,0748-72-7634,本谷研司,本谷研司,精　神　心内,,平20.2.1,273_2026.7_kikanzentai_shiga_ika.pdf
診療所,25,2300324,あらまき内科クリニ,〒520－3247湖南市菩提寺東３－６－２２,0748-60-1306,荒牧陽,荒牧陽,内　循環器内科　糖尿病・代謝内科,,平24.9.1,273_2026.7_kikanzentai_shiga_ika.pdf
診療所,25,2300332,しが健康医療生活協,〒520－3231湖南市針３３７番１,0748-71-3222,しが健康医療生活協同組合理事長金城明,佐々木隆史,内　小　外,,平25.4.1,273_2026.7_kikanzentai_shiga_ika.pdf
診療所,25,2300340,医療法人社団美松,〒520－3234湖南市中央二丁目１２５番地,0748-71-3150,医療法人社団美松会理事長生田大二,環愼二,内　循環器内科,,平26.10.1,273_2026.7_kikanzentai_shiga_ika.pdf
診療所,25,2300357,なごみ内科クリニッ,〒520－3252湖南市岩根４５８０,0748-69-6753,田﨑和仁,田﨑和仁,内　消化器内科,,平26.12.4,273_2026.7_kikanzentai_shiga_ika.pdf
診療所,25,2300365,医療法人社団美松,〒520－3221湖南市三雲５５６－２,0748-71-3220,医療法人社団美松会理事長生田大二,奥西秀樹,内,,平27.9.1,273_2026.7_kikanzentai_shiga_ika.pdf
診療所,25,2300373,いしい眼科,〒520－3106湖南市石部中央六丁目１番３号,0748-76-3221,石井正宏,石井正宏,眼,,平27.9.1,273_2026.7_kikanzentai_shiga_ika.pdf
診療所,25,2300399,医療法人小川診療所,〒520－3107湖南市石部東２丁目５－３８,0748-77-8082,医療法人小川診療所理事長小川勉,小川勉,内、循内、消内　糖尿病内科　透析　外,,平30.4.2,273_2026.7_kikanzentai_shiga_ika.pdf
診療所,25,2300407,医療法人社団美松会,〒520－3201湖南市下田１５１６番地１,0748-75-8688,医療法人社団美松会理事長生田大二,生田新一郎,内　外,,平31.1.1,273_2026.7_kikanzentai_shiga_ika.pdf
診療所,25,2300415,医療法人和晃会ふじ,〒520－3233湖南市柑子袋５９０番地１,0748-72-8777,医療法人和晃会ふじた医院理事長藤田資文,藤田資文,整外　耳い　リハ　リウ　内　放,,令2.4.1,273_2026.7_kikanzentai_shiga_ika.pdf
診療所,25,2300423,こうせい眼科,〒520－3214湖南市梅影町３番地２０号,0748-75-4833,山中行人,山中行人,眼,,令3.6.28,273_2026.7_kikanzentai_shiga_ika.pdf
診療所,25,2300431,湖南整形外科こやま,〒520－3106湖南市石部中央４丁目８番４７号,0748-78-0501,古山健蔵,古山健蔵,整外　リハ,,令5.5.1,273_2026.7_kikanzentai_shiga_ika.pdf
診療所,25,2300449,医療法人社団のむら,〒520－3106湖南市石部中央一丁目３－２６,0748-77-8228,医療法人社団のむら小児科理事長野村康之,野村康之,小,,令5.5.1,273_2026.7_kikanzentai_shiga_ika.pdf
診療所,25,2300456,平松耳鼻咽喉科,〒520－3235湖南市平松北３丁目７３,0748-76-1987,山本大喜,山本大喜,耳い,,令7.11.1,273_2026.7_kikanzentai_shiga_ika.pdf
診療所,25,2400124,北村内科循環器科医,〒521－0016米原市下多良１丁目７番地,0749-52-0172,北村隆,北村隆,内　循　皮,,平8.11.1,273_2026.7_kikanzentai_shiga_ika.pdf
診療所,25,2400207,米原診療所,〒521－0023米原市三吉５８１番地,0749-54-5311,米原市米原市長角田航也,佐藤顕治,内　小　外　眼,,平17.2.14,273_2026.7_kikanzentai_shiga_ika.pdf
診療所,25,2400264,地域包括ケアセンタ,〒521－0314米原市春照５８番地１,0749-58-1222,米原市米原市長角田航也,畑野秀樹,内　小　循　消　リハ　皮　整外,,平18.4.25,273_2026.7_kikanzentai_shiga_ika.pdf
診療所,25,2400272,伊藤内科医院,〒521－0003米原市入江１６７３番地,0749-52-3534,伊藤誠紀,伊藤誠紀,内　消,,平18.7.1,273_2026.7_kikanzentai_shiga_ika.pdf
診療所,25,2400280,医療法人田内科,〒521－0062米原市宇賀野８８番地２０,0749-52-6855,医療法人田内科クリニック理事長田道明,田道明,内　循　呼　消　小,,平19.4.1,273_2026.7_kikanzentai_shiga_ika.pdf
診療所,25,2400298,医療法人緑泉会水,〒521－,0749-55-2133,0242米原市長岡６００番地医療法人緑泉会理事長水野敏彦,水野敏彦,内　外,,平19.4.1,273_2026.7_kikanzentai_shiga_ika.pdf
診療所,25,2400306,医療法人緑泉会水,〒521－0301米原市甲津原４９７番地,0749-55-2133,医療法人緑泉会理事長水野敏彦,水野敏彦,内　外,,平19.4.1,273_2026.7_kikanzentai_shiga_ika.pdf
診療所,25,2400314,医療法人かしはら,〒521－0202米原市柏原２１００番地,0749-57-0855,医療法人かしはら診療所理事長久保田伊和男,久保田伊和男,内　循,,平19.4.1,273_2026.7_kikanzentai_shiga_ika.pdf
診療所,25,2400322,医療法人悠悠会い,〒521－0004,0749-52-1100,医療法人悠悠,直木正雄,内　歯　リハ,,平19.4.3,274_2026.7_kikanzentai_shiga_sikaheisetu.pdf
診療所,25,2430325,そクリニック,米原市磯１７２９番地１,,会理事長直木正雄,,,,所在地変,274_2026.7_kikanzentai_shiga_sikaheisetu.pdf
診療所,25,2400330,おおはらクリニック,〒521－0225米原市市場４１１番地,0749-55-1009,医療法人おおはらクリニック理事長塚本隆弘,塚本隆弘,内　小　消,,平19.4.1,273_2026.7_kikanzentai_shiga_ika.pdf
診療所,25,2400355,かがい医院,〒521－0073米原市箕浦３７２番地,0749-52-9333,医療法人社団かがい医院理事長加賀井和幸,加賀井和幸,内　小　リハ　放　神内,,平22.4.1,273_2026.7_kikanzentai_shiga_ika.pdf
診療所,25,2400371,近江診療所,〒521－0083米原市新庄７７番１,0749-54-2127,米原市米原市長角田航也,中村泰之,内　小　外　消化　器内科　リハ　眼,,平27.10.1,273_2026.7_kikanzentai_shiga_ika.pdf
診療所,25,2400397,塚田医院,〒521－0072米原市顔戸４３３番地１,0749-52-0041,医療法人福光会塚田医院理事長塚田良彦,塚田良彦,内　消化器内科　小,,平30.10.1,273_2026.7_kikanzentai_shiga_ika.pdf
診療所,25,2400405,山東診療所,〒521－0218米原市志賀谷１９０７番地,0749-55-8700,米原市米原市長角田航也,臼井恒仁,内　小,,令3.7.1,273_2026.7_kikanzentai_shiga_ika.pdf
診療所,25,2400439,吉槻診療所,〒521－0304米原市吉槻６５６番地,0749-59-0419,米原市米原市長角田航也,弘田義人,内　小,,令4.7.1,273_2026.7_kikanzentai_shiga_ika.pdf
診療所,25,2400447,三浦医院,〒521－0225米原市市場３５９,0749-55-1025,三浦尚文,三浦尚文,内,,令6.8.13,273_2026.7_kikanzentai_shiga_ika.pdf
診療所,25,2400454,ジェイズクリニック,〒521－0013米原市梅ケ原１４１２,0749-57-6321,要石就斗,要石就斗,皮　内　産婦,,令7.5.1,273_2026.7_kikanzentai_shiga_ika.pdf
診療所,25,2400462,神野クリニックｆ,〒521－0062米原市宇賀野字荒田町２０７－３,0749-57-6680,神野佳樹,神野佳樹,産婦,,令8.6.1,273_2026.7_kikanzentai_shiga_ika.pdf
病院,25,9900019,独立行政法人国立病,〒527－8505,0748-22-3030,独立行政法人国,谷眞至,,304,昭32.7.1,274_2026.7_kikanzentai_shiga_sikaheisetu.pdf
診療所,25,9930012,院機構東近江総合,東近江市五智町２５５番地,,立病院機構理事長新木一弘,,総合内科　糖尿病　・内分泌内科　血　液内科　脳内　呼　内　消化器内科　循環器内科　精　小　外　整外　脳　外　呼外　心外　形外　皮　ひ　産　婦　眼　耳鼻咽喉　科・頭頸部外科　リハ　放　病理　救命　歯外　麻,16,更新,274_2026.7_kikanzentai_shiga_sikaheisetu.pdf
病院,25,9900209,独立行政法人国立病,〒529－1803,0748-83-0101,独立行政法人国,真田充,,180,昭32.7.1,274_2026.7_kikanzentai_shiga_sikaheisetu.pdf
診療所,25,9930202,院機構紫香楽病院,甲賀市信楽町牧９９７番地,,立病院機構理事長新木一弘,,内　脳内　呼内　循環器内科　小　外　整外　リウ　リハ　歯,,更新,274_2026.7_kikanzentai_shiga_sikaheisetu.pdf
病院,25,9902650,滋賀医科大学医学部,〒520－2192,077-548-2111,国立大学法人,野﨑和彦,特定機能,569,昭61.8.1,274_2026.7_kikanzentai_shiga_sikaheisetu.pdf
病院,25,9932653,附属病院,大津市瀬田月輪町,,滋賀医科大学学長遠山育夫,,糖尿病内分泌内科　腎臓内科　精　脳内　呼内　消化　器内科、消化器外　科　血液内科　循　環器内科　小　外　整外　脳外　呼　外　心外　皮　ひ　産婦　眼　耳鼻　いんこう科・頭頸　部外科　リハ　放　病理　麻　歯外　腫瘍内科　救命　形外　臨床,34,更新,274_2026.7_kikanzentai_shiga_sikaheisetu.pdf
歯科,25,0100581,松崎歯科医院,〒520－0026大津市桜野町一丁目９番１９号,077-524-0523,松崎逸郎,松崎逸郎,歯,,昭44.11.1,275_2026.7_kikanzentai_shiga_sika.pdf
歯科,25,0100748,ひとみ歯科医院,〒520－0817大津市昭和町９番１６号,077-525-4307,人見晃司,人見晃司,歯　小歯,,昭51.4.8,275_2026.7_kikanzentai_shiga_sika.pdf
歯科,25,0100755,村田歯科医院,〒520－0802大津市馬場二丁目６番１９号,077-522-2457,村田稔,村田稔,歯,,昭51.4.1,275_2026.7_kikanzentai_shiga_sika.pdf
歯科,25,0100946,ローズ山本歯科,〒520－0224大津市向陽町１４番２５号,077-573-4684,山本哲典,山本哲典,歯　矯歯　小歯,,昭55.2.1,275_2026.7_kikanzentai_shiga_sika.pdf
歯科,25,0101084,速水歯科医院,〒520－0106大津市唐崎三丁目４番１５号,077-578-3125,速水弘,速水弘,歯　小歯　歯外,,昭57.12.1,275_2026.7_kikanzentai_shiga_sika.pdf
歯科,25,0101092,速水第２歯科,〒520－0005大津市高砂町５番１５号,077-526-4844,速水裕,速水裕,歯　小歯,,昭57.12.1,275_2026.7_kikanzentai_shiga_sika.pdf
歯科,25,0101118,藤井歯科医院,〒520－0232大津市真野五丁目３１番１５号,077-573-4554,藤井忠,藤井忠,歯,,昭58.3.14,275_2026.7_kikanzentai_shiga_sika.pdf
歯科,25,0101126,奈村歯科医院,〒520－0863大津市千町一丁目２５番２５号,077-533-1861,奈村和記,奈村和記,歯,,昭58.4.6,275_2026.7_kikanzentai_shiga_sika.pdf
歯科,25,0101159,城山第二歯科,〒520－0112大津市日吉台二丁目１９番１３号,077-579-6033,城山弘之,城山弘之,歯,,昭59.4.2,275_2026.7_kikanzentai_shiga_sika.pdf
歯科,25,0101167,吉川歯科医院,〒520－2144大津市大萱一丁目１８番２号瀬田大昭ビル２階,077-543-1818,吉川雅樹,吉川雅樹,歯,,昭59.4.16,275_2026.7_kikanzentai_shiga_sika.pdf
歯科,25,0101191,泰間デンタルクリニ,〒520－0802大津市馬場二丁目６番９号,077-525-8044,泰間恒明,泰間恒明,歯　矯歯　小歯,,昭59.9.11,275_2026.7_kikanzentai_shiga_sika.pdf
歯科,25,0101217,小上歯科医院,〒520－0011大津市南志賀二丁目１番２５号,077-526-3737,小上敬嗣,小上敬嗣,歯,,昭60.6.8,275_2026.7_kikanzentai_shiga_sika.pdf
歯科,25,0101233,高山歯科医院,〒520－2279大津市黒津二丁目１７番４５号,077-546-1717,高山徹誠,高山徹誠,歯,,昭61.3.25,275_2026.7_kikanzentai_shiga_sika.pdf
歯科,25,0101241,稲田歯科医院,〒520－2144大津市大萱三丁目１６番９号,077-543-3746,稲田行正,稲田行正,歯　小歯,,昭61.10.1,275_2026.7_kikanzentai_shiga_sika.pdf
歯科,25,0101308,田中歯科医院,〒520－0814大津市本丸町１番２２号,077-523-1990,田中繁行,田中繁行,歯,,昭62.9.1,275_2026.7_kikanzentai_shiga_sika.pdf
歯科,25,0101332,三上歯科医院,〒520－0105大津市下阪本四丁目２番１０号,077-579-6688,三上正彦,三上正彦,歯,,昭63.6.1,275_2026.7_kikanzentai_shiga_sika.pdf
歯科,25,0101340,久木歯科医院,〒520－0033大津市大門通３番１７号,077-522-6500,久木美津子,久木美津子,歯,,昭63.7.1,275_2026.7_kikanzentai_shiga_sika.pdf
歯科,25,0101381,増田歯科医院,〒520－2276大津市里六丁目１９番１４号,077-546-5929,増田幸俊,増田幸俊,歯　矯歯,,昭63.11.1,275_2026.7_kikanzentai_shiga_sika.pdf
歯科,25,0101407,竹内歯科医院,〒520－0225大津市清風町１２番３２号,077-572-4488,竹内弘明,竹内弘明,歯　矯歯　小歯　歯外,,平2.5.8,275_2026.7_kikanzentai_shiga_sika.pdf
歯科,25,0101472,多田歯科医院,〒520－0837大津市中庄二丁目２０番１２号,077-522-3909,多田純夫,多田純夫,歯,,平3.1.1,275_2026.7_kikanzentai_shiga_sika.pdf
歯科,25,0101522,医療法人石田歯科,〒520－0043大津市中央一丁目７番３３号,077-525-0001,医療法人石田歯科医院理事長石田益世,石田益世,歯,,平3.11.1,275_2026.7_kikanzentai_shiga_sika.pdf
歯科,25,0101589,歯科佐々木医院,〒520－0113大津市坂本三丁目１７番６６号,077-578-7775,佐々木功,佐々木功,歯,,平5.4.20,275_2026.7_kikanzentai_shiga_sika.pdf
歯科,25,0101639,成田矯正歯科医院,〒520－2144大津市大萱一丁目９番８号２階,077-544-3701,成田益生,成田益生,矯歯,,平5.12.1,275_2026.7_kikanzentai_shiga_sika.pdf
歯科,25,0101647,医療法人緑和会瀬,〒520－2144大津市大萱一丁目１６番１号アパホテルびわ湖瀬田駅前２階,077-543-3337,医療法人緑和会理事長古市嘉秀,大庭史也,小歯　歯　矯歯　歯外,,平6.3.1,275_2026.7_kikanzentai_shiga_sika.pdf
歯科,25,0101670,中川歯科医院,〒520－2143大津市萱野浦２番１号メルシー瀬田２階,077-548-9099,中川賢一,中川賢一,歯　小歯　矯歯,,平6.6.10,275_2026.7_kikanzentai_shiga_sika.pdf
歯科,25,0101704,曽根歯科医院,〒520－2134大津市瀬田五丁目３５番１０号,077-545-8148,曽根久統,曽根久統,歯,,平7.4.17,275_2026.7_kikanzentai_shiga_sika.pdf
歯科,25,0101712,北川歯科医院,〒520－0806大津市打出浜１０番６号,077-527-5428,北川薫,北川薫,矯歯　歯,,平7.5.8,275_2026.7_kikanzentai_shiga_sika.pdf
歯科,25,0101720,オージ歯科医院,〒520－0025大津市皇子が丘二丁目７番１６号ウエストビレッジ１階,077-521-6668,平井康祐,平井康祐,歯,,平7.6.1,275_2026.7_kikanzentai_shiga_sika.pdf
歯科,25,0101753,葛川歯科診療所,〒520－0472大津市葛川貫井町１３４番地２,077-599-2677,梶原裕史,梶原裕史,歯,,平7.9.16,275_2026.7_kikanzentai_shiga_sika.pdf
歯科,25,0101787,おかだ歯科医院,〒520－0854大津市鳥居川町４番１５号,077-537-0117,岡田俊彦,岡田俊彦,小歯　歯　矯歯,,平7.11.7,275_2026.7_kikanzentai_shiga_sika.pdf
歯科,25,0101803,田上歯科,〒520－2275大津市枝四丁目１番３４号,077-546-8888,古田紡,古田紡,歯　小歯　矯歯,,平8.5.1,275_2026.7_kikanzentai_shiga_sika.pdf
歯科,25,0101837,一里山歯科クリニッ,〒520－2153大津市一里山二丁目８番１２号,077-544-1318,西田幸光,西田幸光,小歯　歯,,平8.7.13,275_2026.7_kikanzentai_shiga_sika.pdf
歯科,25,0101860,市川歯科医院,〒520－2153大津市一里山一丁目９番４号,077-545-7723,医療法人社団市川歯科医院理事長市川重敏,樫原祐市,歯　小歯　歯外,,平8.9.1,275_2026.7_kikanzentai_shiga_sika.pdf
歯科,25,0101910,岡田歯科医院,〒520－0248大津市仰木の里東五丁目１０番１号,077-574-1888,岡田清隆,岡田清隆,歯,,平9.7.25,275_2026.7_kikanzentai_shiga_sika.pdf
歯科,25,0101928,医療法人セント・パ,〒520－0047大津市浜大津二丁目１番１１号,077-521-6660,医療法人セント・パウロ理事長光吉平,光吉平,歯　矯歯　小歯,,平9.7.1,275_2026.7_kikanzentai_shiga_sika.pdf
歯科,25,0101951,医療法人セント・パ,〒520－0113大津市坂本七丁目３２番１６号,077-579-7778,医療法人セント・パウロ理事長光吉平,中村玲伊子,歯　小歯　矯歯,,平9.9.1,275_2026.7_kikanzentai_shiga_sika.pdf
歯科,25,0101993,藤下歯科医院,〒520－0044大津市京町三丁目４番１２号アーバン２１・２階,077-525-6464,藤下淑,藤下淑,歯　小歯　歯外,,平10.7.1,275_2026.7_kikanzentai_shiga_sika.pdf
歯科,25,0102017,けやき歯科医院,〒520－0248大津市仰木の里東五丁目２番１４号,077-574-5558,鹿野倫弥,鹿野倫弥,歯,,平10.8.1,275_2026.7_kikanzentai_shiga_sika.pdf
歯科,25,0102025,藤居歯科診療所,〒520－,077-521-0679,0046大津市長等一丁目２番３８号藤居明範,藤居明範,小歯　歯,,平10.8.8,275_2026.7_kikanzentai_shiga_sika.pdf
歯科,25,0102033,医療法人伊東歯科,〒520－0006大津市滋賀里四丁目１８番５号,077-522-5638,医療法人伊東歯科医院理事長伊東邦彦,伊東邦彦,歯　小歯　歯外　矯歯,,平10.11.1,275_2026.7_kikanzentai_shiga_sika.pdf
歯科,25,0102041,石山歯科医院,〒520－0832大津市粟津町１３番１８号平野ビル１Ｆ,077-534-5363,藤田憲寿,藤田憲寿,歯　小歯,,平10.12.5,275_2026.7_kikanzentai_shiga_sika.pdf
歯科,25,0102074,医療法人白櫻会小,〒520－2264大津市大石東四丁目５番６号,077-546-5157,医療法人白櫻会小金沢歯科診療所理事長小金澤一美,小金澤一美,歯　小歯　歯外,,平12.1.1,275_2026.7_kikanzentai_shiga_sika.pdf
歯科,25,0102082,みどりの丘歯科クリ,〒520－2101大津市青山六丁目６番１６号,077-549-1267,田中多佳子,田中多佳子,歯　小歯,,平12.8.22,275_2026.7_kikanzentai_shiga_sika.pdf
歯科,25,0102090,池本小児歯科医院,〒520－0241大津市今堅田二丁目２３番２２号,077-574-4111,池本博之,池本博之,小歯　歯,,平13.2.1,275_2026.7_kikanzentai_shiga_sika.pdf
歯科,25,0102140,もりかわ歯科医院,〒520－2144大津市大萱二丁目８番１１号リバーサイド本郷１階,077-545-5080,盛川清,盛川清,歯　小歯,,平14.4.10,275_2026.7_kikanzentai_shiga_sika.pdf
歯科,25,0102165,西村歯科,〒520－0853大津市螢谷１番３５号,077-534-7101,西村明洋,西村明洋,歯　歯外　小歯,,平14.6.1,275_2026.7_kikanzentai_shiga_sika.pdf
歯科,25,0102199,ファミーユ福田歯科,〒520－2145大津市大将軍三丁目１９番１号,077-547-3630,福田浩之,福田浩之,歯　小歯,,平15.4.1,275_2026.7_kikanzentai_shiga_sika.pdf
歯科,25,0102207,しらゆり歯科クリニ,〒520－0802大津市馬場一丁目７－１２ときめきビル３Ｆ,077-525-7280,山元浩美,山元浩美,歯　小歯,,平15.5.6,275_2026.7_kikanzentai_shiga_sika.pdf
歯科,25,0102215,堀内歯科医院,〒520－0003大津市あかね町１３番５号,077-511-5155,堀内信,堀内信,歯　小歯　矯歯,,平15.6.1,275_2026.7_kikanzentai_shiga_sika.pdf
歯科,25,0102223,目片歯科医院,〒520－0052大津市朝日が丘一丁目１２番１号,077-511-3905,目片秀樹,目片秀樹,歯　歯外　矯歯,,平15.8.6,275_2026.7_kikanzentai_shiga_sika.pdf
歯科,25,0102231,まるやま歯科クリニ,〒520－2153大津市一里山一丁目３番６号,077-547-3560,丸山茂男,丸山茂男,歯　小歯　歯外,,平15.9.1,275_2026.7_kikanzentai_shiga_sika.pdf
歯科,25,0102264,馬杉歯科医院,〒520－0832大津市粟津町１７番２３号,077-537-1110,馬杉学,馬杉学,歯　小歯　歯外,,平16.3.1,275_2026.7_kikanzentai_shiga_sika.pdf
歯科,25,0102272,医療法人中橋歯科,〒520－2144大津市大萱一丁目１３番２０号,077-543-0800,医療法人中橋歯科医院理事長中橋佑介,中橋佑介,歯　小歯　矯歯,,平16.4.1,275_2026.7_kikanzentai_shiga_sika.pdf
歯科,25,0102280,尾松歯科医院,〒520－0043大津市中央三丁目６番１号,077-522-3210,尾松素樹,尾松素樹,歯　矯歯,,平16.9.1,275_2026.7_kikanzentai_shiga_sika.pdf
歯科,25,0102306,はまおおつ歯科,〒520－0043大津市中央二丁目２番１７号,077-527-3800,小林匠,小林匠,歯　歯外,,平17.4.1,275_2026.7_kikanzentai_shiga_sika.pdf
歯科,25,0102314,えいこう歯科医院,〒520－0242大津市本堅田三丁目１２番３８号グランラヴィーヌ１階Ａ号室,077-573-0085,北村英耕,北村英耕,歯,,平17.10.3,275_2026.7_kikanzentai_shiga_sika.pdf
歯科,25,0102322,ほりい矯正歯科クリ,〒520－0832大津市粟津町４番７号,077-533-3741,医療法人相和会理事長堀井和宏,堀井和宏,矯歯,,平17.11.1,275_2026.7_kikanzentai_shiga_sika.pdf
歯科,25,0102363,須磨歯科医院,〒520－0523大津市和邇南浜１６９番地６,077-594-5664,須磨文子,須磨文子,歯　小歯,,平7.5.1,275_2026.7_kikanzentai_shiga_sika.pdf
歯科,25,0102371,医療法人社団斉藤歯,〒520－0522大津市和邇中浜４７８番地６,077-594-3783,医療法人社団斉藤歯科医院理事長斉藤茂樹,斉藤茂樹,歯　小歯,,平8.9.1,275_2026.7_kikanzentai_shiga_sika.pdf
歯科,25,0102389,吉田歯科医院,〒520－0532大津市湖青一丁目１番１０号,077-592-3277,吉田智一,吉田智一,歯,,平12.8.4,275_2026.7_kikanzentai_shiga_sika.pdf
歯科,25,0102397,よしかわ歯科医院,〒520－0523大津市和邇南浜１８５－３,077-594-1418,吉川聡一郎,吉川聡一郎,歯,,平15.8.1,275_2026.7_kikanzentai_shiga_sika.pdf
歯科,25,0102405,谷川歯科クリニック,〒520－0502大津市南小松１１５１番地５,077-596-1066,（谷川一騎）韓永剛,韓永剛,歯　小歯　歯外,,平17.10.1,275_2026.7_kikanzentai_shiga_sika.pdf
歯科,25,0102447,木下歯科医院,〒520－0831大津市松原町１５番１９号,077-537-2005,木下哲,木下哲,歯,,平19.1.1,275_2026.7_kikanzentai_shiga_sika.pdf
歯科,25,0102462,うえだ歯科医院,〒520－0241大津市今堅田二丁目７番１２号,077-573-1181,上田佐永子,上田佐永子,歯　小歯,,平19.3.19,275_2026.7_kikanzentai_shiga_sika.pdf
歯科,25,0102488,尾松歯科石山診療所,〒520－0861大津市石山寺三丁目１１番３７号,077-534-1269,尾松純,尾松純,歯,,平20.2.4,275_2026.7_kikanzentai_shiga_sika.pdf
歯科,25,0102512,たかやま歯科医院,〒520－0802大津市馬場三丁目１３番３１号,077-524-8241,高山義宣,高山義宣,歯　小歯　歯外,,平20.12.1,275_2026.7_kikanzentai_shiga_sika.pdf
歯科,25,0102561,戸﨑歯科医院,〒520－0529大津市和邇春日三丁目８５７番地１６,077-594-6480,戸﨑秀樹,戸﨑秀樹,歯　小歯　歯外,,平21.7.1,275_2026.7_kikanzentai_shiga_sika.pdf
歯科,25,0102595,秋田歯科クリニック,〒520－0831大津市松原町９－１－１０１,077-534-5348,秋田康充,秋田康充,歯　小歯,,平22.5.1,275_2026.7_kikanzentai_shiga_sika.pdf
歯科,25,0102645,そら歯科クリニック,〒520－0012大津市鏡が浜５－１,077-510-7212,橋場恒治,橋場恒治,歯　小歯　歯外,,平23.4.1,275_2026.7_kikanzentai_shiga_sika.pdf
歯科,25,0102660,夕照歯科,〒520－2141大津市大江一丁目１１番９号,077-544-0035,医療法人社団英真会理事長加藤真由,加藤真由,歯　小歯　矯歯,,平23.5.1,275_2026.7_kikanzentai_shiga_sika.pdf
歯科,25,0102686,しま歯科クリニック,〒520－2144大津市大萱一丁目１５－３４畑中ビル１Ｆ,077-511-9566,島将人,島将人,歯　歯外　小歯,,平23.11.1,275_2026.7_kikanzentai_shiga_sika.pdf
歯科,25,0102710,植西第二歯科,〒520－0106大津市唐崎二丁目１番１３号,077-578-3130,植西俊夫,植西俊夫,歯,,平24.7.1,275_2026.7_kikanzentai_shiga_sika.pdf
歯科,25,0102728,高山歯科医院,〒520－0025大津市皇子が丘二丁目１０番２５号１０３,077-511-5533,医療法人優歯会理事長高山真一,高山真一,歯　小歯　歯外,,平24.10.1,275_2026.7_kikanzentai_shiga_sika.pdf
歯科,25,0102744,松井歯科医院,〒520－0113大津市坂本四丁目１４番８号,077-578-0012,松井泰成,松井泰成,歯　小歯,,平25.7.1,275_2026.7_kikanzentai_shiga_sika.pdf
歯科,25,0102751,古藤歯科医院,〒520－0831大津市松原町１３番３７号,077-537-0560,古藤美帆,古藤美帆,歯,,平25.10.1,275_2026.7_kikanzentai_shiga_sika.pdf
歯科,25,0102801,オレンジ倶楽部歯科,〒520－0835大津市別保二丁目８番３３号,077-534-1001,医療法人白櫻会小金沢歯科診療所理事長小金澤一美,西川直宏,歯　小歯　歯外,,平26.6.1,275_2026.7_kikanzentai_shiga_sika.pdf
歯科,25,0102819,はなよし歯科・矯正,〒520－0044大津市京町３丁目４番３２第１４森田ビル１階,077-521-8744,泰間康平,泰間康平,歯　矯歯　小歯,,平26.7.1,275_2026.7_kikanzentai_shiga_sika.pdf
歯科,25,0102827,毛利歯科医院,〒520－0813大津市丸の内町９番３０号ＫＩＮＰＡ１０２号,077-524-5270,毛利豪一,毛利豪一,歯　小歯　歯外　矯歯,,平26.9.1,275_2026.7_kikanzentai_shiga_sika.pdf
歯科,25,0102850,南郷デンタルクリニ,〒520－0865大津市南郷五丁目１２－１０－１０１,077-533-5155,國松拓司,國松拓司,歯　歯外　小歯　矯歯,,平27.1.1,275_2026.7_kikanzentai_shiga_sika.pdf
歯科,25,0102868,こころ歯科クリニッ,〒520－2132大津市神領三丁目１２－７－１０６号,077-548-6020,鈴木康弘,鈴木康弘,歯　小歯　歯外,,平27.4.1,275_2026.7_kikanzentai_shiga_sika.pdf
歯科,25,0102876,佐田歯科医院,〒520－0522大津市和邇中浜３３６番地の３,077-594-3803,佐田昌久,佐田昌久,歯　小歯,,平27.7.1,275_2026.7_kikanzentai_shiga_sika.pdf
歯科,25,0102884,医療法人輝翔会ぜ,〒520－0802大津市馬場二丁目６番１５号Ｔ＆Ｔ第３ビル２号１階,077-510-1919,医療法人輝翔会理事長森岡千尋,松村正啓,歯　矯歯　小歯　歯外,,平27.9.1,275_2026.7_kikanzentai_shiga_sika.pdf
歯科,25,0102918,中村歯科医院,〒520－0514大津市木戸１１６番地１２,077-592-0006,中村文彦,中村文彦,歯　小歯,,平28.4.1,275_2026.7_kikanzentai_shiga_sika.pdf
歯科,25,0102926,尾松第二歯科,〒520－0232大津市真野１丁目３－３４,077-573-6487,尾松青爾,尾松青爾,歯,,平28.7.1,275_2026.7_kikanzentai_shiga_sika.pdf
歯科,25,0102934,医療法人将和会佐,〒520－0532大津市湖青一丁目３番地９,077-576-2096,医療法人将和会理事長佐野将史,佐野将史,歯　小歯　歯外,,平28.10.1,275_2026.7_kikanzentai_shiga_sika.pdf
歯科,25,0102959,パールデンタルクリ,〒520－0862大津市平津１－３－８,077-548-6090,西川祐一朗,西川祐一朗,歯,,平29.4.1,275_2026.7_kikanzentai_shiga_sika.pdf
歯科,25,0102967,さくら歯科医院,〒520－0867大津市大平二丁目４番１５号,077-533-4688,中安眞理子,中安眞理子,歯　小歯,,平29.2.13,275_2026.7_kikanzentai_shiga_sika.pdf
歯科,25,0102975,植西歯科医院,〒520－,077-522-3117,0046大津市長等２－３－１４植西宏純,植西宏純,歯,,平29.6.1,275_2026.7_kikanzentai_shiga_sika.pdf
歯科,25,0102983,医療法人八木歯科,〒520－2132大津市神領一丁目１２－１５,077-545-8855,医療法人八木歯科理事長八木正樹,八木正樹,歯　小歯　歯外,,平29.10.1,275_2026.7_kikanzentai_shiga_sika.pdf
歯科,25,0102991,おおさと歯科クリニ,〒520－0834大津市御殿浜１３－３９,077-533-5418,大里秀樹,大里秀樹,歯　小歯,,平30.3.1,275_2026.7_kikanzentai_shiga_sika.pdf
歯科,25,0103007,古川歯科医院,〒520－0025大津市皇子が丘２丁目７－３２ロイヤルレジェンド西大津１階,077-548-8241,古川正幸,古川正幸,歯　歯外　小歯,,平30.5.1,275_2026.7_kikanzentai_shiga_sika.pdf
歯科,25,0103023,奥村歯科,〒520－2153大津市一里山１－２－４,077-545-2335,奥村佳子,奥村佳子,歯,,平30.7.1,275_2026.7_kikanzentai_shiga_sika.pdf
歯科,25,0103031,医療法人やまだ歯科,〒520－0107大津市雄琴北二丁目２番３号,077-577-3222,医療法人やまだ歯科医院理事長山田悟史,山田悟史,歯　小歯,,平30.6.1,275_2026.7_kikanzentai_shiga_sika.pdf
歯科,25,0103049,かやはら歯科クリニ,〒520－2144大津市大萱７丁目１２番３３号一階１０１,077-548-8114,萱原直樹,萱原直樹,歯　小歯　矯歯　歯外,,平30.7.1,275_2026.7_kikanzentai_shiga_sika.pdf
歯科,25,0103056,医療法人大津京おお,〒520－0025大津市皇子が丘三丁目４番３１号,077-521-1500,医療法人大津京おおくぼ歯科医院理事長大久保康則,大久保康則,歯　小歯　歯外,,平30.10.1,275_2026.7_kikanzentai_shiga_sika.pdf
歯科,25,0103064,医療法人はしもと,〒520－0242大津市本堅田４丁目１８－３８レークサイド佐倉マンション１０１号,077-574-5551,医療法人はしもと歯科医院理事長橋本高生,橋本高生,歯　小歯　矯歯　歯外,,平31.1.1,275_2026.7_kikanzentai_shiga_sika.pdf
歯科,25,0103072,くわの歯科,〒520－0246大津市仰木の里４丁目１－８,077-572-6625,桑野夏州久,桑野夏州久,歯　小歯　矯歯　歯外,,平31.3.1,275_2026.7_kikanzentai_shiga_sika.pdf
歯科,25,0103080,医療法人志明会あ,〒520－0037大津市御陵町６番１６号,077-526-8688,医療法人志明会理事長蘆田博明,蘆田博明,歯　歯外　小歯,,令元.5.1,275_2026.7_kikanzentai_shiga_sika.pdf
歯科,25,0103098,ますぎ歯科クリニッ,〒520－0836大津市杉浦町１番５号,077-537-3320,医療法人明弘会理事長馬杉明克,馬杉明克,歯　小歯　矯歯,,令元.5.1,275_2026.7_kikanzentai_shiga_sika.pdf
歯科,25,0103106,ほしやま歯科医院,〒520－0802大津市馬場一丁目８－５,077-572-6935,星山高角,星山高角,歯　小歯　矯歯　歯外,,令元.7.1,275_2026.7_kikanzentai_shiga_sika.pdf
歯科,25,0103148,東野歯科医院,〒520－0101大津市雄琴６丁目１２－１０,077-579-4799,東野洋一朗,東野洋一朗,歯　小歯　歯外,,令2.4.1,275_2026.7_kikanzentai_shiga_sika.pdf
歯科,25,0103155,つきのわ歯科医院,〒520－2152大津市月輪三丁目３３番１号月輪メディカルモール２階,077-547-1100,喜瀨信一郎,喜瀨信一郎,歯　小歯　矯歯　歯外,,令2.7.1,275_2026.7_kikanzentai_shiga_sika.pdf
歯科,25,0103163,うめおか歯科医院,〒520－0002大津市際川４丁目１３－２３,077-572-5255,梅岡秀臣,梅岡秀臣,歯　小歯　矯歯　歯外,,令2.8.1,275_2026.7_kikanzentai_shiga_sika.pdf
歯科,25,0103171,おくやま歯科クリニ,〒520－2152大津市月輪三丁目１１番２３号,077-548-7017,奥山義和,奥山義和,歯　小歯,,令2.9.1,275_2026.7_kikanzentai_shiga_sika.pdf
歯科,25,0103189,医療法人まおか歯,〒520－0105大津市下阪本６丁目４１－５,077-578-8115,医療法人まおか歯科クリニック理事長眞岡和也,眞岡和也,歯　小歯,,令2.10.1,275_2026.7_kikanzentai_shiga_sika.pdf
歯科,25,0103205,さわむら歯科クリニ,〒520－2141大津市大江五丁目３２番２０号,077-548-8217,澤村昌嗣,澤村昌嗣,歯　小歯　歯外,,令3.3.1,275_2026.7_kikanzentai_shiga_sika.pdf
歯科,25,0103221,雄琴歯科医院,〒520－0107大津市雄琴北一丁目３番２７号,077-579-5555,松井智裕,松井智裕,歯　小歯,,令3.5.1,275_2026.7_kikanzentai_shiga_sika.pdf
歯科,25,0103239,医療法人輝翔会西,〒520－0025大津市皇子が丘二丁目３－１６,077-526-2696,医療法人輝翔会理事長森岡千尋,森岡千尋,歯　小歯　矯歯　歯外,,令3.5.1,275_2026.7_kikanzentai_shiga_sika.pdf
歯科,25,0103254,奥村歯科診療所,〒520－0242大津市本堅田三丁目４－７,077-572-0062,奥村久,奥村久,歯　小歯　歯外,,令3.7.5,275_2026.7_kikanzentai_shiga_sika.pdf
歯科,25,0103262,野玉歯科医院,〒520－0851大津市唐橋町６番８号,077-534-2240,医療法人野玉歯科医院理事長野玉智弘,野玉智弘,歯,,令3.11.1,275_2026.7_kikanzentai_shiga_sika.pdf
歯科,25,0103270,大津テラス古藤歯科,〒520－0806大津市打出浜１４番３０号Ｏｈ！Ｍｅ大津テラス４階,077-525-4148,医療法人香和会理事長古藤俊介,古藤俊介,歯　矯歯　小歯,,令3.11.1,275_2026.7_kikanzentai_shiga_sika.pdf
歯科,25,0103288,おおつデンタルクリ,〒520－0801大津市におの浜３丁目１番７号,077-510-0036,医療法人新有杏会理事長石原俊美,石原俊美,歯　矯歯,,令4.4.1,275_2026.7_kikanzentai_shiga_sika.pdf
歯科,25,0103296,医療法人Ｒ＆Ｓ大,〒520－0101大津市雄琴二丁目３番３７号,077-578-4618,医療法人Ｒ＆Ｓ理事長田中義大,田中義大,歯　小歯　矯歯　歯外,,令4.4.1,275_2026.7_kikanzentai_shiga_sika.pdf
歯科,25,0103304,くにもと歯科医院,〒520－0241大津市今堅田２丁目１８－８,077-571-2097,国本智史,国本智史,歯　矯歯　小歯,,令4.4.1,275_2026.7_kikanzentai_shiga_sika.pdf
歯科,25,0103312,健歯科口腔外科クリ,〒520－0832大津市粟津町３番２号ＪＲ石山駅ＮＫビル４０３,077-572-5531,足立健,足立健,歯外,,令4.5.1,275_2026.7_kikanzentai_shiga_sika.pdf
歯科,25,0103320,びわ湖大津デンタル,〒520－,077-572-9124,0046大津市長等２丁目１－２１田中興産ビル１Ｆ堀内尚,堀内尚,歯　小歯　矯歯　歯外,,令4.4.1,275_2026.7_kikanzentai_shiga_sika.pdf
歯科,25,0103346,大津京しらはせ歯科,〒520－0014大津市柳川２丁目９－６,077-524-8888,白波瀬崇平,白波瀬崇平,歯　小歯,,令4.10.1,275_2026.7_kikanzentai_shiga_sika.pdf
歯科,25,0103353,大津むらた歯科・矯,〒520－0055大津市春日町２番１号ＣＯＣＯＬＡＳ大津２０５号,077-526-7030,医療法人むらた歯科クリニック理事長村田辰夫,村田辰夫,歯　小歯　矯歯,,令4.11.1,275_2026.7_kikanzentai_shiga_sika.pdf
歯科,25,0103361,小川歯科医院,〒520－0831大津市松原町９－１０,077-537-1441,小川智彦,小川智彦,歯　小歯　歯外,,令4.11.1,275_2026.7_kikanzentai_shiga_sika.pdf
歯科,25,0103379,瀬田唐橋たなか歯科,〒520－2134大津市瀬田一丁目３２番１６号,077-548-6480,医療法人誠幸舎理事長田中宗亮,田中宗亮,歯　小歯　矯歯　歯外,,令5.4.1,275_2026.7_kikanzentai_shiga_sika.pdf
歯科,25,0103387,やまもと歯科小児歯,〒520－2153大津市一里山７丁目１番１号フォレオ大津一里山地下１階,077-514-8714,山元貴弘,山元貴弘,歯　歯外　小歯,,令5.5.1,275_2026.7_kikanzentai_shiga_sika.pdf
歯科,25,0103395,ＭＡＲＣＨ歯科・矯,〒520－0242大津市本堅田６丁目２７番８号,077-599-4874,澤田卓弥,澤田卓弥,歯　歯外　小歯　矯歯,,令5.7.1,275_2026.7_kikanzentai_shiga_sika.pdf
歯科,25,0103403,藤田歯科医院,〒520－,077-522-0768,0046大津市長等２丁目１０番２６号四ノ宮倫子,四ノ宮倫子,歯,,令5.8.1,275_2026.7_kikanzentai_shiga_sika.pdf
歯科,25,0103411,ワラワラデンタルク,〒520－0242大津市本堅田六丁目２番１号,077-571-6116,医療法人わらい理事長中村麦,中村麦,歯　小歯　矯歯　歯外,,令5.11.1,275_2026.7_kikanzentai_shiga_sika.pdf
歯科,25,0103429,ろこファミリー歯科,〒520－0837大津市中庄一丁目６番１５号,077-576-0474,医療法人ろこファミリー歯科理事長島津寛子,島津寛子,歯　小歯　矯歯　歯外,,令5.11.1,275_2026.7_kikanzentai_shiga_sika.pdf
歯科,25,0103437,医療法人田村歯科医,〒520－0806大津市打出浜４番８号,077-524-8811,医療法人田村歯科医院理事長田村正治,田村正治,歯,,令5.11.1,275_2026.7_kikanzentai_shiga_sika.pdf
歯科,25,0103445,かながわ歯科医院,〒520－2153大津市一里山５丁目３６番７号,077-544-2737,医療法人社団菉山会理事長神奈川勝,金勝（神奈川,歯　小歯　歯外,,令5.11.11,275_2026.7_kikanzentai_shiga_sika.pdf
歯科,25,0103452,唐橋ハピネス歯科,〒520－0851大津市唐橋町１５番２４号,077-537-0495,辻宗弘,辻宗弘,歯　小歯　歯外,,令6.1.1,275_2026.7_kikanzentai_shiga_sika.pdf
歯科,25,0103460,学園通り藤田歯科,〒520－2153大津市一里山二丁目１５番２０号,077-572-6844,藤田也,藤田也,歯　歯外,,令6.3.1,275_2026.7_kikanzentai_shiga_sika.pdf
歯科,25,0103478,ブランチ大津京デン,〒520－0021大津市二本松１番１号ブランチ大津京,077-510-0123,医療法人ＫＳＫ理事長仲間勇太,仲間勇太,歯　小歯　矯歯　歯外,,令6.4.1,275_2026.7_kikanzentai_shiga_sika.pdf
歯科,25,0103486,ますだ歯科クリニッ,〒520－0047大津市浜大津１丁目２－９,077-511-9467,増田裕斗,増田裕斗,歯　歯外　矯歯　小歯,,令6.7.1,275_2026.7_kikanzentai_shiga_sika.pdf
歯科,25,0103494,ときめき坂歯科・,〒520－0802大津市馬場２丁目１０－２３,077-536-6616,峰祥靖,峰祥靖,歯　矯歯,,令7.3.1,275_2026.7_kikanzentai_shiga_sika.pdf
歯科,25,0103502,宮谷歯科医院,〒520－0105大津市下阪本６丁目１６－１,077-526-6828,宮谷史太郎,宮谷史太郎,歯　歯外　小歯,,令7.5.1,275_2026.7_kikanzentai_shiga_sika.pdf
歯科,25,0103510,大津京たにぐち歯科,〒520－0024大津市松山町６－２５,077-572-8101,谷口太郎,谷口太郎,歯　歯外　小歯,,令7.5.1,275_2026.7_kikanzentai_shiga_sika.pdf
歯科,25,0103528,注文の多い歯医者,〒520－0063大津市横木２丁目２４－１４,077-526-7277,高康浩,高康浩（カン,歯,,令7.3.20,275_2026.7_kikanzentai_shiga_sika.pdf
歯科,25,0103536,吉島歯科医院,〒520－0532大津市湖青二丁目５－１,077-594-3434,吉島有佑,吉島有佑,歯　歯外　小歯,,令7.5.1,275_2026.7_kikanzentai_shiga_sika.pdf
歯科,25,0103551,富士見台優デンタ,〒520－0842大津市園山２丁目１５－２０,077-534-7777,土田優,土田優,歯　歯外　小歯,,令7.7.1,275_2026.7_kikanzentai_shiga_sika.pdf
歯科,25,0103569,あおやま歯科クリニ,〒520－2141大津市大江二丁目１７－１８,077-572-8804,青山直人,青山直人,歯　歯外　小歯,,令8.3.1,275_2026.7_kikanzentai_shiga_sika.pdf
歯科,25,0103577,うかい歯科矯正歯,〒520－0232大津市真野１－１－６２江若交通ビル４Ｆ,077-574-2418,医療法人博天堂理事長鵜飼友広,鵜飼友広,歯　小歯　矯歯,,令8.1.1,275_2026.7_kikanzentai_shiga_sika.pdf
歯科,25,0103585,やまだ歯科口腔外科,〒520－2143大津市萱野浦２４－１１レイクサイドガーデン２Ｆ,077-574-7933,山田聡,山田聡,歯　歯外　小歯,,令8.4.1,275_2026.7_kikanzentai_shiga_sika.pdf
歯科,25,0103593,ＫＤｅｎｔａｌ,〒520－0864大津市赤尾町１３－５５,077-533-1613,古藤順一,古藤順一,歯　歯外　小歯,,令8.1.5,275_2026.7_kikanzentai_shiga_sika.pdf
歯科,25,0200662,川尻歯科医院,〒522－0081彦根市京町二丁目３番３５号,0749-24-4700,川尻哲央,川尻哲央,歯,,昭57.8.16,275_2026.7_kikanzentai_shiga_sika.pdf
歯科,25,0200746,井本歯科医院,〒522－0023彦根市原町５０４番地３５,0749-22-7757,井本達也,井本達也,歯,,昭62.3.9,275_2026.7_kikanzentai_shiga_sika.pdf
歯科,25,0200787,吉田歯科医院,〒522－0033彦根市芹川町布浦１４６３番地１１,0749-24-2700,吉田勝彦,吉田勝彦,歯,,昭63.4.8,275_2026.7_kikanzentai_shiga_sika.pdf
歯科,25,0200803,野村歯科医院,〒522－0023彦根市原町１８０番地２８,0749-26-5183,野村信人,野村信人,歯　歯外　小歯,,平元.4.4,275_2026.7_kikanzentai_shiga_sika.pdf
歯科,25,0200811,あかい歯科,〒522－0042彦根市戸賀町１４３番地４,0749-22-4903,赤井隆,赤井隆,歯,,平元.12.1,275_2026.7_kikanzentai_shiga_sika.pdf
歯科,25,0200837,杉本歯科医院,〒522－0232彦根市蓮台寺町５０番５０号,0749-28-2604,杉本克実,杉本克実,歯,,平2.4.10,275_2026.7_kikanzentai_shiga_sika.pdf
歯科,25,0200845,医療法人社団野田,〒522－0075彦根市佐和町４番１号,0749-23-6288,医療法人社団野田歯科理事長野田直樹,野田直樹,歯　小歯,,平3.5.1,275_2026.7_kikanzentai_shiga_sika.pdf
歯科,25,0200878,田井中歯科医院,〒522－0083彦根市河原一丁目４番２２号,0749-24-6480,田井中聡,田井中聡,歯,,平5.3.8,275_2026.7_kikanzentai_shiga_sika.pdf
歯科,25,0200894,堀口歯科医院,〒522－0047彦根市日夏町２６８０番地４７,0749-28-4182,堀口徹,堀口徹,歯,,平5.7.14,275_2026.7_kikanzentai_shiga_sika.pdf
歯科,25,0200928,文村歯科医院,〒529－1156彦根市清崎町５００番地５１,0749-25-3241,文村俊治,文村俊治,歯,,平6.8.1,275_2026.7_kikanzentai_shiga_sika.pdf
歯科,25,0200936,わたなべ歯科医院,〒522－0004彦根市鳥居本町４９０番地１カメリアビル１階,0749-24-6417,渡部範生,渡部範生,小歯　歯,,平6.10.5,275_2026.7_kikanzentai_shiga_sika.pdf
歯科,25,0200951,長寿歯科医院,〒522－0041彦根市平田町４２２番地１３,0749-26-1993,連偉智,連偉智,小歯　矯歯　歯,,平7.7.1,275_2026.7_kikanzentai_shiga_sika.pdf
歯科,25,0200969,たなか歯科クリニツ,〒522－0054彦根市西今町字赤池１１３１番地１５,0749-27-3355,田中肇,田中肇,小歯　歯,,平7.7.3,275_2026.7_kikanzentai_shiga_sika.pdf
歯科,25,0200977,中川歯科医院,〒522－0081彦根市京町二丁目８番２０号,0749-27-3188,中川光司,中川光司,歯　小歯　歯外,,平7.7.1,275_2026.7_kikanzentai_shiga_sika.pdf
歯科,25,0200993,青木歯科医院,〒521－1113彦根市稲部町６８番地,0749-43-6718,医療法人佳秀会理事長青木秀一,青木秀一,歯　小歯,,平8.6.1,275_2026.7_kikanzentai_shiga_sika.pdf
歯科,25,0201017,三希子歯科,〒522－0054彦根市西今町２１番１号,0749-26-5069,長谷川三希子,長谷川三希子,歯　小歯,,平8.12.17,275_2026.7_kikanzentai_shiga_sika.pdf
歯科,25,0201025,曽我歯科医院,〒522－0086彦根市後三条町２６０番地３,0749-22-0973,曽我宏世,曽我宏世,歯,,平8.12.17,275_2026.7_kikanzentai_shiga_sika.pdf
歯科,25,0201066,慶祐会むとう歯科医,〒522－0054彦根市西今町３６３番地５,0749-21-0008,武藤幸夫,武藤幸夫,歯　歯外　小歯,,平11.6.1,275_2026.7_kikanzentai_shiga_sika.pdf
歯科,25,0201074,きむら歯科クリニッ,〒522－0086彦根市後三条町５２８番地８,0749-23-2220,木村三右衞,木村三右衛,歯　小歯,,平11.8.2,275_2026.7_kikanzentai_shiga_sika.pdf
歯科,25,0201116,朝比奈歯科医院,〒522－0086彦根市後三条町４１番地,0749-23-6480,朝比奈壯郎,朝比奈壯郎,歯,,平12.9.20,275_2026.7_kikanzentai_shiga_sika.pdf
歯科,25,0201132,太田歯科医院,〒522－0081彦根市京町三丁目４番１５号,0749-22-0328,太田英史,太田英史,歯　小歯,,平14.1.1,275_2026.7_kikanzentai_shiga_sika.pdf
歯科,25,0201157,安澤歯科診療所,〒522－0041彦根市平田町５８－５,0749-23-3318,安澤琢也,安澤琢也,歯,,平14.11.1,275_2026.7_kikanzentai_shiga_sika.pdf
歯科,25,0201181,白石歯科,〒521－1124彦根市野良田町３２５番地５,0749-43-2017,白石剛,白石剛,歯　小歯,,平15.10.1,275_2026.7_kikanzentai_shiga_sika.pdf
歯科,25,0201207,ミント歯科,〒522－0025彦根市野田山町９３８番地１,0749-23-3010,上垣宣央,上垣宣央,歯　矯歯　小歯,,平17.6.1,275_2026.7_kikanzentai_shiga_sika.pdf
歯科,25,0201223,医療法人ヒコネ矯,〒522－0074彦根市大東町１０番１２号ＣＲＯＳＳビル１階,0749-21-3351,医療法人ヒコネ矯正歯科理事長中山英幸,中山英幸,歯　矯歯,,平18.4.1,275_2026.7_kikanzentai_shiga_sika.pdf
歯科,25,0201256,安澤歯科小泉診療所,〒522－0043彦根市小泉町１０６番地９,0749-22-6191,安澤吉亮,安澤吉亮,歯　小歯,,平19.4.1,275_2026.7_kikanzentai_shiga_sika.pdf
歯科,25,0201264,かわせ大村歯科医院,〒522－0222彦根市南川瀬町１５０１番地２０,0749-28-9080,大村仁利,大村仁利,歯　小歯　歯外,,平19.6.1,275_2026.7_kikanzentai_shiga_sika.pdf
歯科,25,0201280,太陽歯科医院,〒522－0041彦根市平田町６７８番地１２,0749-24-8241,中川陽一郎,中川陽一郎,歯　小歯,,平20.1.1,275_2026.7_kikanzentai_shiga_sika.pdf
歯科,25,0201298,つつみ歯科,〒522－0023彦根市原町８５０番地１７５,0749-24-2363,堤正彦,堤正彦,歯　歯外　小歯,,平20.5.2,275_2026.7_kikanzentai_shiga_sika.pdf
歯科,25,0201306,イシカワ歯科,〒522－0043彦根市小泉町１０６番地１ウィルライフ南彦根１０１号,0749-26-6999,石川央,石川央,歯　矯歯,,平20.9.1,275_2026.7_kikanzentai_shiga_sika.pdf
歯科,25,0201330,こば歯科・矯正歯科,〒522－0086彦根市後三条町４９４番２,0749-26-6050,小林哲也,小林哲也,歯　矯歯　小歯,,平21.4.1,275_2026.7_kikanzentai_shiga_sika.pdf
歯科,25,0201363,いけだ歯科高宮診療,〒522－0201彦根市高宮町７０２番地５,0749-27-1717,池田昌弘,池田昌弘,歯　歯外　矯歯　小歯,,平21.7.1,275_2026.7_kikanzentai_shiga_sika.pdf
歯科,25,0201371,歯科白石医院,〒522－0037彦根市岡町５番５号,0749-23-3084,北尾芳,北尾芳,歯,,平21.10.1,275_2026.7_kikanzentai_shiga_sika.pdf
歯科,25,0201405,医療法人きたがわ,〒522－0201彦根市高宮町１４１８－１ウェルスＭｏｒｉ１Ｆ,0749-21-6480,医療法人きたがわ矯正歯科理事長北河秀規,北河秀規,矯歯　歯,,平23.10.1,275_2026.7_kikanzentai_shiga_sika.pdf
歯科,25,0201439,しがや歯科医院,〒522－0047彦根市日夏町３８００番地１,0749-28-8755,志萱昭紀,志萱昭紀,歯　小歯,,平25.11.1,275_2026.7_kikanzentai_shiga_sika.pdf
歯科,25,0201447,医療法人有真会ア,〒522－0007彦根市古沢町２５５番地の１,0749-47-6481,医療法人有真会理事長髙﨑真一,右近一晃,歯　小歯,,平25.11.1,275_2026.7_kikanzentai_shiga_sika.pdf
歯科,25,0201462,サタケ歯科,〒522－0201彦根市高宮町１５５５－１フェーザントビル１Ｆ,0749-23-0907,佐竹善久,佐竹善久,歯　小歯,,平26.6.1,275_2026.7_kikanzentai_shiga_sika.pdf
歯科,25,0201470,あかい矯正歯科,〒522－0053彦根市大藪町２１６０,0749-30-9933,赤井妙子,赤井妙子,矯歯,,平28.4.1,275_2026.7_kikanzentai_shiga_sika.pdf
歯科,25,0201488,北村歯科医院,〒522－0068彦根市城町２－１５－７,0749-22-0622,北村和也,北村和也,歯　小歯　歯外,,平28.4.1,275_2026.7_kikanzentai_shiga_sika.pdf
歯科,25,0201496,医療法人社団ちひろ,〒521－1105彦根市田原町３６５番地１,0749-43-2400,医療法人社団ちひろ会理事長瀧居博史,瀧居博史,歯　矯歯　小歯　歯外,,平28.4.1,275_2026.7_kikanzentai_shiga_sika.pdf
歯科,25,0201504,やまだファミリー歯,〒522－0055彦根市野瀬町５８－２,0749-20-4393,医療法人やまだファミリー歯科理事長山田賢,山田賢,小歯　歯　矯歯,,平29.4.1,275_2026.7_kikanzentai_shiga_sika.pdf
歯科,25,0201512,ふみむらデンタルク,〒522－0222彦根市南川瀬町１６４３番地１シャイニング壱番館,0749-28-1182,文村行宏,文村行宏,歯　小歯　歯外,,平31.4.1,275_2026.7_kikanzentai_shiga_sika.pdf
歯科,25,0201520,医療法人結音会中,〒522－0071彦根市元町３番１２号,0749-23-3907,医療法人結音会理事長中島千尋,中島千尋,歯　小歯,,平31.4.1,275_2026.7_kikanzentai_shiga_sika.pdf
歯科,25,0201538,エムデンタルオ,〒522－0002彦根市松原町１４３５－１１１,0749-21-5212,丹羽誠,丹羽誠,歯　小歯　歯外,,令元.9.1,275_2026.7_kikanzentai_shiga_sika.pdf
歯科,25,0201561,たかとり歯科医院,〒521－1124彦根市野良田町４３６番地１,0749-43-6073,医療法人たかとり歯科医院理事長鷹取司,鷹取司,歯　小歯,,令3.7.1,275_2026.7_kikanzentai_shiga_sika.pdf
歯科,25,0201579,医療法人優信会き,〒522－0041彦根市平田町１３７番地８,0749-24-1050,医療法人優信会理事長北村佳也,北村佳也,歯　歯外　小歯　矯歯,,令4.10.1,275_2026.7_kikanzentai_shiga_sika.pdf
歯科,25,0300017,岡野歯科医院,〒526－0059長浜市元浜町７番３０号,0749-62-0083,岡野徳一郎,岡野徳一郎,歯,,昭32.9.1,275_2026.7_kikanzentai_shiga_sika.pdf
歯科,25,0300272,武田歯科,〒526－0056長浜市朝日町８番２５号,0749-62-0504,武田博,武田博,歯,,昭51.11.9,275_2026.7_kikanzentai_shiga_sika.pdf
歯科,25,0300348,高橋歯科医院,〒526－0033長浜市平方町細筏５７７番地,0749-62-8010,高橋義弘,高橋義弘,歯,,昭58.11.1,275_2026.7_kikanzentai_shiga_sika.pdf
歯科,25,0300355,松岡歯科医院,〒526－0015長浜市神照町７１９番地１８,0749-63-3344,松岡清,松岡清,歯,,昭60.3.20,275_2026.7_kikanzentai_shiga_sika.pdf
歯科,25,0300413,つじ歯科医院,〒526－0058長浜市南呉服町２番１１号,0749-65-2233,辻裕文,辻裕文,歯,,昭63.12.1,275_2026.7_kikanzentai_shiga_sika.pdf
歯科,25,0300421,樋口歯科,〒526－0817長浜市七条町７６９番地,0749-65-3361,樋口昌弘,樋口昌弘,歯,,平元.6.13,275_2026.7_kikanzentai_shiga_sika.pdf
歯科,25,0300447,医療法人社団中村,〒526－0015長浜市神照町３４番７号,0749-62-4618,医療法人社団中村歯科理事長中村忠,中村忠,歯　小歯,,平元.10.1,275_2026.7_kikanzentai_shiga_sika.pdf
歯科,25,0300454,廣部歯科医院,〒526－0841長浜市新栄町６４０番地４,0749-63-1266,廣部浩,廣部浩,歯,,平元.12.16,275_2026.7_kikanzentai_shiga_sika.pdf
歯科,25,0300462,森島歯科医院,〒526－0037長浜市高田町６番３号,0749-62-0610,森島繁,森島繁,歯,,平7.3.18,275_2026.7_kikanzentai_shiga_sika.pdf
歯科,25,0300488,中瀬歯科医院,〒526－0021長浜市八幡中山町１２９７番地１,0749-65-0010,中瀬一輝,中瀬一輝,小歯　歯,,平8.9.2,275_2026.7_kikanzentai_shiga_sika.pdf
歯科,25,0300496,伊吹歯科クリニック,〒526－0001長浜市国友町３２０番地８,0749-65-2650,伊吹千夏,伊吹千夏,歯,,平9.5.20,275_2026.7_kikanzentai_shiga_sika.pdf
歯科,25,0300504,笹口歯科医院,〒526－0034長浜市弥高町１００番地,0749-68-2711,笹口博彰,笹口博彰,歯　小歯,,平9.10.1,275_2026.7_kikanzentai_shiga_sika.pdf
歯科,25,0300538,松山歯科医院,〒526－0025長浜市分木町６番５５号,0749-62-2294,松山進,松山進,歯,,平11.1.1,275_2026.7_kikanzentai_shiga_sika.pdf
歯科,25,0300546,草野歯科,〒526－0015長浜市神照町６６８番地,0749-68-0068,草野浩一,草野浩一,歯,,平11.3.1,275_2026.7_kikanzentai_shiga_sika.pdf
歯科,25,0300553,しみず歯科医院,〒526－0014長浜市口分田町７９０番地１,0749-63-7722,清水哲之,清水哲之,歯,,平12.11.1,275_2026.7_kikanzentai_shiga_sika.pdf
歯科,25,0300561,かが井歯科,〒526－0061長浜市祇園町７０４－２,0749-68-0767,加賀井清,加賀井清,歯　小歯,,平14.11.12,275_2026.7_kikanzentai_shiga_sika.pdf
歯科,25,0300587,ほんだ歯科クリニッ,〒526－0042長浜市勝町８３２番地,0749-62-0021,本田英貴,本田英貴,歯　小歯　矯歯,,平17.1.4,275_2026.7_kikanzentai_shiga_sika.pdf
歯科,25,0300603,オリーブ歯科,〒526－0031長浜市八幡東町６２９番地３,0749-68-0390,川瀬仁史,川瀬仁史,歯　小歯,,平17.12.1,275_2026.7_kikanzentai_shiga_sika.pdf
歯科,25,0300645,川瀬歯科医院,〒526－0131長浜市富田町４８７番地１,0749-72-4108,川瀬英嗣,川瀬英嗣,歯,,平3.7.1,275_2026.7_kikanzentai_shiga_sika.pdf
歯科,25,0300652,牧歯科医院,〒526－0111長浜市川道町１８６７番地,0749-72-5120,橋本牧子,橋本牧子,歯　小歯,,平14.8.1,275_2026.7_kikanzentai_shiga_sika.pdf
歯科,25,0300660,本康歯科クリニック,〒526－0103長浜市曽根町７６７番地,0749-72-5222,本康盛昭,本康盛昭,歯　小歯　矯歯,,平17.4.1,275_2026.7_kikanzentai_shiga_sika.pdf
歯科,25,0300702,いのくち歯科,〒526－0053長浜市宮前町６番２７号,0749-62-2506,井口裕嗣,井口裕嗣,歯,,平20.6.1,275_2026.7_kikanzentai_shiga_sika.pdf
歯科,25,0300736,たかしな歯科クリニ,〒526－0021長浜市八幡中山町３８９,0749-64-6480,佐藤雅一,佐藤雅一,歯　矯歯　小歯,,平21.12.1,275_2026.7_kikanzentai_shiga_sika.pdf
歯科,25,0300744,饗場歯科医院,〒529－0111長浜市三川町１１３８番地,0749-73-2126,饗場研策,饗場研策,歯,,平元.6.8,275_2026.7_kikanzentai_shiga_sika.pdf
歯科,25,0300751,やす歯科医院,〒529－0341長浜市湖北町速水２７５２号,0749-78-8050,野洌秀樹,野洌秀樹,歯　小歯,,平10.11.3,275_2026.7_kikanzentai_shiga_sika.pdf
歯科,25,0300793,中村歯科,〒529－0241長浜市高月町高月５９２番地４,0749-85-4858,中村義則,中村義則,歯　矯歯　小歯,,昭56.5.11,275_2026.7_kikanzentai_shiga_sika.pdf
歯科,25,0300801,医療法人安井歯科,〒529－0231長浜市高月町森本１０８番地,0749-85-3133,医療法人安井歯科理事長安井久人,安井久人,歯　矯歯　小歯　歯外,,平2.10.1,275_2026.7_kikanzentai_shiga_sika.pdf
歯科,25,0300819,医療法人清悠会横,〒529－0425長浜市木之本町木之本１７１０番地１,0749-82-3553,医療法人清悠会理事長横井宏隆,横井宏隆,歯,,平3.4.1,275_2026.7_kikanzentai_shiga_sika.pdf
歯科,25,0300850,中之郷歯科診療所,〒529－0515長浜市余呉町中之郷２４３４番地,0749-86-8120,長浜市長浜市長浅見宣義,林浩志,歯,,平22.1.1,275_2026.7_kikanzentai_shiga_sika.pdf
歯科,25,0300868,西川歯科医院,〒526－0056長浜市朝日町４番２０号,0749-62-0828,西川雅士,西川雅士,歯　小歯,,平22.2.1,275_2026.7_kikanzentai_shiga_sika.pdf
歯科,25,0300876,ノア歯科クリニック,〒526－0847長浜市山階町２７１番地１イオン長浜店１階,0749-64-5211,柳本雄史,柳本雄史,歯　小歯,,平22.3.1,275_2026.7_kikanzentai_shiga_sika.pdf
歯科,25,0300892,あおば横井歯科医院,〒529－0701長浜市西浅井町塩津浜１４５８,0749-88-8010,横井秀典,横井秀典,歯　小歯　歯外,,平25.5.1,275_2026.7_kikanzentai_shiga_sika.pdf
歯科,25,0300918,西連寺歯科クリニッ,〒529－0343長浜市湖北町小倉１８３,0749-50-6792,西連寺央康,西連寺央康,歯　小歯,,平25.5.1,275_2026.7_kikanzentai_shiga_sika.pdf
歯科,25,0300942,加納町さわ歯科,〒526－0804長浜市加納町堂田９１８,0749-65-5454,澤秀樹,澤秀樹,歯,,平30.7.1,275_2026.7_kikanzentai_shiga_sika.pdf
歯科,25,0300959,成田歯科医院,〒526－0031長浜市八幡東町９－１,0749-65-1188,医療法人益歯会成田歯科医院理事長成田益理,成田益理,歯,,平30.12.1,275_2026.7_kikanzentai_shiga_sika.pdf
歯科,25,0300967,ながはま矯正歯科,〒526－0042長浜市勝町深町４５５番,0749-56-2365,藤原敦,藤原敦,矯歯,,令元.6.1,275_2026.7_kikanzentai_shiga_sika.pdf
歯科,25,0300975,大音歯科医院,〒529－0425長浜市木之本町木之本１０８８,0749-82-2230,大音篤之,大音篤之,歯,,令元.11.1,275_2026.7_kikanzentai_shiga_sika.pdf
歯科,25,0300983,おおもと歯科医院,〒526－0831長浜市宮司町１０２８－５,0749-68-0831,大本政徳,大本政徳,歯　小歯　矯歯　歯外,,令3.9.2,275_2026.7_kikanzentai_shiga_sika.pdf
歯科,25,0300991,泉歯科医院,〒526－0033長浜市平方町７２９,0749-50-1565,泉英之,泉英之,歯,,令3.10.1,275_2026.7_kikanzentai_shiga_sika.pdf
歯科,25,0301007,浅井しろやま歯科,〒526－0244長浜市内保町２４７９,0749-74-3222,医療法人浅井しろやま歯科理事長城山翔馬,城山翔馬,歯,,令4.6.1,275_2026.7_kikanzentai_shiga_sika.pdf
歯科,25,0301015,長浜なかたに歯科,〒526－0831長浜市宮司町１２００番地コープながはま店２階,0749-62-8241,中谷暢佑,中谷暢佑,歯　小歯　歯外,,令4.7.1,275_2026.7_kikanzentai_shiga_sika.pdf
歯科,25,0301023,ユキデンタルクリニ,〒526－0244長浜市内保町２７１２－１,0749-74-8241,髙橋幸寛,髙橋幸寛,歯　小歯　歯外　矯歯,,令5.3.1,275_2026.7_kikanzentai_shiga_sika.pdf
歯科,25,0301031,医療法人ユナイテッ,〒526－0063長浜市末広町２４０番地６ワイエフビル１７１階,0749-53-0200,医療法人ユナイテッド理事長山口正義,長尾壽和,歯　矯歯　小歯,,令8.7.1,275_2026.7_kikanzentai_shiga_sika.pdf
歯科,25,0400346,北村歯科医院,〒523－0862近江八幡市仲屋町中１９番地,0748-32-2513,北村公史郎,北村公史郎,歯,,昭60.4.1,275_2026.7_kikanzentai_shiga_sika.pdf
歯科,25,0400403,富永歯科医院,〒523－0016近江八幡市千僧供町５９１番地１,0748-37-7002,富永章一,富永章一,歯,,平元.12.1,275_2026.7_kikanzentai_shiga_sika.pdf
歯科,25,0400460,岡田歯科医院,〒523－0058近江八幡市加茂町３６２４番地２,0748-32-2102,岡田勝美,岡田勝美,歯　小歯　矯歯　歯外,,平4.1.22,275_2026.7_kikanzentai_shiga_sika.pdf
歯科,25,0400486,磯部歯科医院,〒523－0891近江八幡市鷹飼町７１１番地１,0748-37-7272,磯部祥久,磯部祥久,歯,,平4.8.1,275_2026.7_kikanzentai_shiga_sika.pdf
歯科,25,0400502,氏家歯科医院,〒523－0893近江八幡市桜宮町２１０番地１４,0748-36-8738,氏家達也,氏家達也,歯,,平5.11.15,275_2026.7_kikanzentai_shiga_sika.pdf
歯科,25,0400536,医療法人中村歯科,〒523－0056近江八幡市古川町川向１１７３番地５０,0748-33-9176,医療法人中村歯科医院理事長中村寧治,中村寧治,歯,,平7.11.1,275_2026.7_kikanzentai_shiga_sika.pdf
歯科,25,0400585,医療法人伊東歯科,〒523－0896近江八幡市鷹飼町北三丁目７番６号,0748-34-6091,医療法人伊東歯科クリニック理事長伊東伸晃,伊東伸晃,歯　小歯　矯歯,,平11.4.1,275_2026.7_kikanzentai_shiga_sika.pdf
歯科,25,0400593,あさひ歯科クリニッ,〒523－0898近江八幡市鷹飼町南３丁目５番８号ＯＨプラザ１階,0748-37-5554,内濵啓次,内濵啓次,歯　小歯　歯外,,平11.5.1,275_2026.7_kikanzentai_shiga_sika.pdf
歯科,25,0400668,おおまえ矯正歯科,〒523－0892近江八幡市出町９１７番地２,0748-32-0233,大前博昭,大前博昭,矯歯　歯　小歯　歯外,,平14.7.15,275_2026.7_kikanzentai_shiga_sika.pdf
歯科,25,0400684,寺尾歯科医院,〒523－0062近江八幡市丸の内町４－４８,0748-32-2868,寺尾寿高,寺尾寿高,歯　小歯,,平15.6.2,275_2026.7_kikanzentai_shiga_sika.pdf
歯科,25,0400700,くらがき歯科医院,〒523－0031近江八幡市堀上町３４５番地１５,0748-31-3538,倉垣武彦,倉垣武彦,歯　小歯,,平16.7.1,275_2026.7_kikanzentai_shiga_sika.pdf
歯科,25,0400726,出町歯科クリニック,〒523－0892近江八幡市出町６７６番１,0748-36-6223,加古宗慶,加古宗慶,歯,,平22.1.1,275_2026.7_kikanzentai_shiga_sika.pdf
歯科,25,0400742,マナベ歯科医院,〒521－1334近江八幡市安土町西老蘇５８番地１６,0748-46-6480,真部滋記,真部滋記,歯　小歯　矯歯,,平5.8.17,275_2026.7_kikanzentai_shiga_sika.pdf
歯科,25,0400759,安土デンタルクリニ,〒521－1341近江八幡市安土町上豊浦１３６７番地,0748-46-4797,久保活身,久保活身,歯　矯歯,,平8.8.1,275_2026.7_kikanzentai_shiga_sika.pdf
歯科,25,0400767,医療法人宿院歯科,〒521－1311近江八幡市安土町下豊浦９２２１番地２,0748-46-5682,医療法人宿院歯科医院理事長宿院安男,宿院安男,歯　矯歯　小歯,,平13.11.1,275_2026.7_kikanzentai_shiga_sika.pdf
歯科,25,0400783,矢野歯科クリニック,〒523－0891近江八幡市鷹飼町１７９番地,0748-37-8117,矢野正,矢野正,歯　歯外,,平22.4.1,275_2026.7_kikanzentai_shiga_sika.pdf
歯科,25,0400809,フジ歯科クリニック,〒523－0032近江八幡市白鳥町８,0748-33-2824,藤關陽平,藤關陽平,歯　小歯　矯歯,,平23.7.1,275_2026.7_kikanzentai_shiga_sika.pdf
歯科,25,0400817,あかい歯科医院,〒523－0043近江八幡市池田本町１１０１－８,0748-32-2223,赤井紀之,赤井紀之,歯　小歯　矯歯　歯外,,平23.9.1,275_2026.7_kikanzentai_shiga_sika.pdf
歯科,25,0400833,藤関歯科医院,〒521－1341近江八幡市安土町上豊浦１２１３番地１,0748-46-4567,藤関源平,藤関源平,歯,,平24.3.1,275_2026.7_kikanzentai_shiga_sika.pdf
歯科,25,0400841,医療法人湖翔会,〒523－0898近江八幡市鷹飼町南一丁目４番７,0748-37-8822,医療法人湖翔会ふるかわ歯科クリニック理事長古川和仁,古川和仁,歯　小歯,,平24.10.1,275_2026.7_kikanzentai_shiga_sika.pdf
歯科,25,0400874,せんだ歯科クリニッ,〒521－1311近江八幡市安土町下豊浦２８３３番１,0748-46-2701,医療法人千慶会理事長千田弘之,千田弘之,歯　小歯　歯外,,平28.10.1,275_2026.7_kikanzentai_shiga_sika.pdf
歯科,25,0400890,江田歯科医院,〒523－0041近江八幡市中小森町字江元１３９４－１,0748-31-4618,江田慶太郎,江田慶太郎,歯　歯外　小歯　矯歯,,平30.10.1,275_2026.7_kikanzentai_shiga_sika.pdf
歯科,25,0400908,サンロード黒岩歯科,〒523－0891近江八幡市鷹飼町１５２１番地,0748-31-2711,医療法人社団サンロード黒岩歯科理事長黒岩敏彦,黒岩敏彦,歯　小歯　矯歯　歯外,,平30.10.1,275_2026.7_kikanzentai_shiga_sika.pdf
歯科,25,0400924,クラウド歯科・矯正,〒523－0894近江八幡市中村町２１番地１２,0748-33-1100,医療法人ＣＬＯＵＤ理事長三宅将太,三宅将太,歯　小歯　歯外　矯歯,,令2.10.1,275_2026.7_kikanzentai_shiga_sika.pdf
歯科,25,0400932,コーラル歯科クリニ,〒523－0816近江八幡市西庄町２０１８－２,0748-36-1121,能勢浩彰,能勢浩彰,歯　小歯　矯歯　歯外,,令3.10.5,275_2026.7_kikanzentai_shiga_sika.pdf
歯科,25,0400940,医療法人社団オウル,〒523－0891近江八幡市鷹飼町５７７,0748-31-3677,医療法人社団オウル理事長山田倫義,山田倫義,歯　歯外　小歯,,令5.4.1,275_2026.7_kikanzentai_shiga_sika.pdf
歯科,25,0400957,さかた歯科クリニッ,〒523－0015近江八幡市上田町１３４８－１,0748-34-0170,坂田健介,坂田健介,歯　歯外,,令7.1.1,275_2026.7_kikanzentai_shiga_sika.pdf
歯科,25,0400965,髙田歯科医院,〒523－0061近江八幡市江頭町４２１,0748-32-8846,髙田真帆,髙田真帆,歯,,令8.2.5,275_2026.7_kikanzentai_shiga_sika.pdf
歯科,25,0500277,住井歯科医院,〒527－0033東近江市東沖野三丁目１番２５号,0748-22-1290,住井正勝,住井正勝,歯　小歯,,昭59.2.1,275_2026.7_kikanzentai_shiga_sika.pdf
歯科,25,0500327,にしざわ歯科医院,〒527－0032東近江市春日町２番２６号,0748-25-2438,西澤孝浩,西澤孝浩,歯　小歯,,平3.5.7,275_2026.7_kikanzentai_shiga_sika.pdf
歯科,25,0500350,医療法人健歯会住,〒527－0017東近江市昭和町１番１８号,0748-22-4567,医療法人健歯会理事長住井裕,瀬戸俊男,歯,,平4.1.1,275_2026.7_kikanzentai_shiga_sika.pdf
歯科,25,0500392,いだはいしゃ,〒527－0011東近江市八日市浜野町５０３番地・５０５番地１,0748-22-3636,井田直子,井田直子,歯　小歯　矯歯,,平6.10.3,275_2026.7_kikanzentai_shiga_sika.pdf
歯科,25,0500459,みなみ歯科,〒527－0028東近江市八日市金屋二丁目６番３号,0748-22-0225,南貴洋,南貴洋,歯　小歯　矯歯,,平12.4.1,275_2026.7_kikanzentai_shiga_sika.pdf
歯科,25,0500483,松緑町歯科,〒527－0023東近江市八日市緑町１番３号,0748-23-5374,松吉正登,松吉正登,歯　小歯,,平12.6.1,275_2026.7_kikanzentai_shiga_sika.pdf
歯科,25,0500574,おおにし歯科クリニ,〒527－0013東近江市東中野町１０番１４号,0748-22-5665,大西啓之,大西啓之,歯　小歯,,平15.12.15,275_2026.7_kikanzentai_shiga_sika.pdf
歯科,25,0500616,織田歯科医院,〒527－0231東近江市山上町３６９６番地,0748-27-0029,織田幸裕,織田幸裕,歯　小歯　歯外,,平15.8.23,275_2026.7_kikanzentai_shiga_sika.pdf
歯科,25,0500632,やまだ歯科,〒529－1441東近江市五個荘川並町５３番地５,0748-48-5757,山田康博,山田康博,歯,,平元.3.1,275_2026.7_kikanzentai_shiga_sika.pdf
歯科,25,0500640,宮澤歯科医院,〒529－1422東近江市五個荘小幡町６６４番地,0748-48-5145,宮澤英二,宮澤英二,歯,,平元.4.14,275_2026.7_kikanzentai_shiga_sika.pdf
歯科,25,0500657,市田歯科医院,〒529－1444東近江市五個荘石塚町１６番１号,0748-48-6480,市田一弘,市田一弘,歯　小歯,,平6.1.10,275_2026.7_kikanzentai_shiga_sika.pdf
歯科,25,0500665,医療法人社団川副,〒527－0162東近江市妹町５０３番地,0749-46-0461,医療法人社団川副歯科医院理事長川副洋次,川副洋次,歯,,平5.3.1,275_2026.7_kikanzentai_shiga_sika.pdf
歯科,25,0500673,村山歯科医院,〒527－0104東近江市読合堂町５９６番地,0749-45-3123,村山匡央,村山匡央,歯,,昭57.4.3,275_2026.7_kikanzentai_shiga_sika.pdf
歯科,25,0500699,加藤歯科医院,〒527－0135東近江市横溝町８７４番地,0749-45-0115,小嶋容子,小嶋容子,歯,,平16.5.1,275_2026.7_kikanzentai_shiga_sika.pdf
歯科,25,0500715,村上歯科医院,〒527－0011東近江市八日市浜野町４番１号,0748-22-0355,村上隆弘,村上隆弘,歯,,平17.6.27,275_2026.7_kikanzentai_shiga_sika.pdf
歯科,25,0500731,竜歯科医院,〒529－1537東近江市市子殿町１３３８番地,0748-55-4100,医療法人社団竜歯科医院理事長竜嘉哲,竜嘉哲,歯,,平6.2.1,275_2026.7_kikanzentai_shiga_sika.pdf
歯科,25,0500749,岡田歯科医院,〒529－1531東近江市市子川原町９９８番地,0748-55-2228,岡田宗一郎,岡田宗一郎,歯　小歯,,平8.1.3,275_2026.7_kikanzentai_shiga_sika.pdf
歯科,25,0500756,桜川歯科医院,〒529－1572東近江市桜川西町１２９番地４,0748-55-4861,吉村圭浩,吉村圭浩,歯　小歯　歯外,,平12.4.1,275_2026.7_kikanzentai_shiga_sika.pdf
歯科,25,0500806,はしもと歯科医院,〒521－1225東近江市山路町５９１番地４,0748-42-6171,橋本享,橋本享,歯,,平3.10.1,275_2026.7_kikanzentai_shiga_sika.pdf
歯科,25,0500814,医療法人社団旭ケ丘,〒521－1213東近江市神郷町９３９番地３９,0748-42-1117,医療法人社団旭ケ丘歯科クリニック理事長中村勇人,中村勇人,歯　矯歯　小歯,,平6.9.1,275_2026.7_kikanzentai_shiga_sika.pdf
歯科,25,0500822,伊藤歯科医院,〒521－1231東近江市能登川町５１番地１,0748-42-5858,伊藤文昭,伊藤文昭,小歯　歯,,平9.5.6,275_2026.7_kikanzentai_shiga_sika.pdf
歯科,25,0500830,佐々木歯科医院,〒521－1222東近江市佐野町４８４－６１,0748-42-6874,佐々木真啓,佐々木真啓,歯　小歯　矯歯　歯外,,平15.6.3,275_2026.7_kikanzentai_shiga_sika.pdf
歯科,25,0500855,小川歯科医院,〒521－1221東近江市垣見町７１９番地,0748-42-2130,小川勝弘,小川勝弘,歯　矯歯　小歯,,平19.1.1,275_2026.7_kikanzentai_shiga_sika.pdf
歯科,25,0500863,おがわ東歯科,〒521－1222東近江市佐野町４０３番地７,0748-42-8191,小川益弘,小川益弘,歯　小歯　矯歯,,平19.2.1,275_2026.7_kikanzentai_shiga_sika.pdf
歯科,25,0500913,井田歯科医院,〒527－0045東近江市中小路町４８２番地６,0748-22-5610,井田勝康,井田勝康,歯,,平21.5.11,275_2026.7_kikanzentai_shiga_sika.pdf
歯科,25,0500921,井田歯科診療所,〒527－0028東近江市八日市金屋一丁目３番１１号,0748-23-4588,井田勝康,井田勝康,歯,,平21.5.11,275_2026.7_kikanzentai_shiga_sika.pdf
歯科,25,0500947,井田歯科本院,〒527－0029東近江市八日市町１０番２１号,0748-23-0157,井田孝夫,井田孝夫,歯　小歯,,平21.12.1,275_2026.7_kikanzentai_shiga_sika.pdf
歯科,25,0501002,のとがわ中央歯科,〒521－1224東近江市林町６７９番地,0748-42-2105,川南壮平,川南壮平,歯,,平27.6.1,275_2026.7_kikanzentai_shiga_sika.pdf
歯科,25,0501028,村上歯科クリニック,〒527－0021東近江市八日市東浜町２－２２,0748-43-2330,村上拓也,村上拓也,歯　小歯　歯外,,平28.6.1,275_2026.7_kikanzentai_shiga_sika.pdf
歯科,25,0501044,井田歯科東診療所,〒527－0025東近江市八日市東本町９－２,0748-23-5222,槇野英美子,槇野英美子,歯　小歯,,平28.6.1,275_2026.7_kikanzentai_shiga_sika.pdf
歯科,25,0501069,川南歯科医院,〒521－1203東近江市川南町１０９０,0748-42-0419,川南雄作,川南雄作,歯　小歯　矯歯,,平29.2.1,275_2026.7_kikanzentai_shiga_sika.pdf
歯科,25,0501077,東近江だいき歯科・,〒527－0033東近江市東沖野４丁目２ー５,0748-20-1182,医療法人社団ディライトデンタルケア理事長加藤泰二,隆博,歯　小歯　矯歯,,平29.5.1,275_2026.7_kikanzentai_shiga_sika.pdf
歯科,25,0501093,阿部Ｄ歯科医院,〒521－1212東近江市種町１７１０－４,0748-36-3022,阿部直樹,阿部直樹,歯　歯外,,平29.8.1,275_2026.7_kikanzentai_shiga_sika.pdf
歯科,25,0501101,きむら歯科醫院,〒527－0021東近江市八日市東浜町２番２８号,0748-22-0234,医療法人Ｋ・Ｄ・Ｔ理事長杉江千尋,杉江千尋,歯　小歯　矯歯　歯外,,平30.1.1,275_2026.7_kikanzentai_shiga_sika.pdf
歯科,25,0501119,ひめの歯科クリニッ,〒527－0002東近江市建部上中町６０６番地,0748-36-2518,姫野慎市,姫野慎市,歯　小歯　矯歯　歯外,,平30.5.1,275_2026.7_kikanzentai_shiga_sika.pdf
歯科,25,0501135,医療法人有知会加,〒529－1421東近江市五個荘竜田町３３０番地,0748-48-2625,医療法人有知会理事長加藤順子,加藤順子,歯,,令元.12.1,275_2026.7_kikanzentai_shiga_sika.pdf
歯科,25,0501143,藤居歯科医院,〒521－1224東近江市林町９－２,0748-42-0240,藤居剛志,藤居剛志,歯,,令2.2.1,275_2026.7_kikanzentai_shiga_sika.pdf
歯科,25,0501150,医療法人にとべ歯,〒521－1221東近江市垣見町代浄権１５９６番地,0748-42-9536,医療法人にとべ歯科クリニック理事長二藤部敦,二藤部敦,歯　小歯,,令2.4.1,275_2026.7_kikanzentai_shiga_sika.pdf
歯科,25,0501168,つうざき歯科,〒527－0031東近江市幸町１－６８,0748-43-1764,通﨑嘉彦,通﨑嘉彦,歯　小歯,,令3.4.1,275_2026.7_kikanzentai_shiga_sika.pdf
歯科,25,0501192,クオレ歯科クリニッ,〒521－1222東近江市佐野町６００番地３,0748-42-3386,医療法人ＬＩＮＫ理事長髙橋克哉,髙橋克哉,歯　小歯　矯歯,,令3.4.1,275_2026.7_kikanzentai_shiga_sika.pdf
歯科,25,0501226,Ｂｅｓｍｉｌｅ歯,〒527－0011東近江市八日市浜野町２－２２,0748-34-1080,井田旭洋,井田旭洋,歯　小歯　歯外　矯歯,,令6.10.1,275_2026.7_kikanzentai_shiga_sika.pdf
歯科,25,0501234,医療法人大樹会東,〒527－0015東近江市中野町９９２番地１,0748-20-0886,医療法人大樹会理事長春次賢太朗,藤岡延介,歯　矯歯　小歯　歯外,,令6.10.1,275_2026.7_kikanzentai_shiga_sika.pdf
歯科,25,0501242,久保デンタルクリニ,〒527－0051東近江市林田町１２９２番地,0748-34-1717,久保貴幹,久保貴幹,歯　小歯　歯外,,令7.2.1,275_2026.7_kikanzentai_shiga_sika.pdf
歯科,25,0501259,医療法人Ｋ・Ｄ・Ｔ,〒527－0056東近江市御園町５１３,0748-40-0706,医療法人Ｋ・Ｄ・Ｔ理事長杉江千尋,中川智裕,歯　矯歯　小歯　歯外,,令7.9.1,275_2026.7_kikanzentai_shiga_sika.pdf
歯科,25,0600085,岡崎歯科医院,〒525－0032草津市大路二丁目３番６号,077-562-1020,岡崎正,岡崎正,歯,,昭41.4.1,275_2026.7_kikanzentai_shiga_sika.pdf
歯科,25,0600184,山元歯科医院,〒525－0051草津市木川町中野１１１８番地４０,077-564-2894,山元善弘,山元善弘,歯,,昭51.2.1,275_2026.7_kikanzentai_shiga_sika.pdf
歯科,25,0600200,後藤歯科医院,〒525－0034草津市草津一丁目５番２４号,077-564-2678,後藤智学,後藤智学,歯,,昭52.9.1,275_2026.7_kikanzentai_shiga_sika.pdf
歯科,25,0600291,有馬歯科クリニック,〒525－0034草津市草津一丁目１０番１６号,077-565-1516,有馬健雄,有馬健雄,歯,,昭59.4.15,275_2026.7_kikanzentai_shiga_sika.pdf
歯科,25,0600432,草津たかはし歯科医,〒525－0036草津市草津町１５２７番地１ベルエール草津１階,077-564-9180,高橋桂二,高橋桂二,歯　小歯,,平2.10.10,275_2026.7_kikanzentai_shiga_sika.pdf
歯科,25,0600465,医療法人きのせ歯,〒525－0054草津市東矢倉二丁目８番５号,077-564-2721,医療法人きのせ歯科医院理事長黄瀬勉,黄瀬勉,歯,,平4.4.1,275_2026.7_kikanzentai_shiga_sika.pdf
歯科,25,0600499,久徳歯科,〒525－0034草津市草津二丁目４番１７号,077-567-5566,山本勲,山本勲,小歯　歯,,平5.11.1,275_2026.7_kikanzentai_shiga_sika.pdf
歯科,25,0600523,梅影歯科医院,〒525－0027草津市野村七丁目１７番２０号,077-564-3388,梅影泰光,梅影泰光,歯,,平6.2.1,275_2026.7_kikanzentai_shiga_sika.pdf
歯科,25,0600572,村井歯科医院,〒525－0059草津市野路一丁目７番２１－２０８号,077-561-7337,村井三徳,村井三徳,歯,,平9.4.7,275_2026.7_kikanzentai_shiga_sika.pdf
歯科,25,0600580,高田歯科,〒525－0059草津市野路一丁目１４番３８号,077-561-4388,高田浩一,高田浩一,歯　小歯,,平9.6.4,275_2026.7_kikanzentai_shiga_sika.pdf
歯科,25,0600614,一般社団法人滋賀県,〒525－0072草津市笠山七丁目４番４３号,077-564-6692,一般社団法人滋賀県歯科医師会会長中村彰彦,白井悠貴,歯,,平10.4.1,275_2026.7_kikanzentai_shiga_sika.pdf
歯科,25,0600671,芝田歯科クリニック,〒525－0066草津市矢橋町１１６８番地５,077-569-2022,芝田寿,芝田寿,歯,,平11.11.1,275_2026.7_kikanzentai_shiga_sika.pdf
歯科,25,0600713,草津中央歯科クリニ,〒525－0028草津市上笠二丁目３２番３号,077-565-8038,石田朋敬,石田朋敬,歯　小歯　矯歯,,平13.8.20,275_2026.7_kikanzentai_shiga_sika.pdf
歯科,25,0600721,戸﨑歯科,〒525－0037草津市西大路町６番９号,077-566-8086,戸﨑宏樹,戸﨑宏樹,歯　歯外　小歯,,平14.3.1,275_2026.7_kikanzentai_shiga_sika.pdf
歯科,25,0600739,医療法人社団真和会,〒525－0059草津市野路一丁目１３番３６号,077-569-5505,医療法人社団真和会理事長飛田起秀,飛田起秀,歯　小歯,,平14.4.1,275_2026.7_kikanzentai_shiga_sika.pdf
歯科,25,0600747,こやま歯科医院,〒525－0048草津市追分南８丁目３番４号,077-564-5877,小山道男,小山道男,歯,,平14.5.9,275_2026.7_kikanzentai_shiga_sika.pdf
歯科,25,0600762,伊庭歯科医院,〒525－0067草津市新浜町４３０番地,077-563-7919,伊庭徹也,伊庭徹也,歯　歯外　小歯,,平15.4.7,275_2026.7_kikanzentai_shiga_sika.pdf
歯科,25,0600788,こばやし歯科,〒525－0066草津市矢橋町中林１５１８－６,077-561-0011,小林友也,小林友也,歯　小歯,,平15.6.6,275_2026.7_kikanzentai_shiga_sika.pdf
歯科,25,0600796,つかだ歯科医院,〒525－0032草津市大路一丁目１２番１号星空館４階,077-567-9682,束田寿夫,束田寿夫,歯,,平15.12.8,275_2026.7_kikanzentai_shiga_sika.pdf
歯科,25,0600804,しもがさベリー歯科,〒525－0029草津市下笠町７５番７,077-568-3819,長谷川秀男,長谷川秀男,歯　小歯　歯外,,平16.1.9,275_2026.7_kikanzentai_shiga_sika.pdf
歯科,25,0600812,医療法人丸山歯科,〒525－0037草津市西大路町７番７－４号,077-561-8217,医療法人丸山歯科医院理事長丸山芳樹,丸山芳樹,歯　小歯,,平16.4.1,275_2026.7_kikanzentai_shiga_sika.pdf
歯科,25,0600820,アキデンタルクリニ,〒525－0054草津市東矢倉二丁目３５番２５号,077-569-5055,金朝煥（金海朝煥）,金朝煥（金海,歯　小歯,,平16.12.7,275_2026.7_kikanzentai_shiga_sika.pdf
歯科,25,0600853,みやけ歯科,〒525－0053草津市矢倉一丁目３番５７号,077-561-6788,三宅冬比古,三宅冬比古,歯　小歯　歯外,,平17.5.16,275_2026.7_kikanzentai_shiga_sika.pdf
歯科,25,0600861,十禅歯科クリニック,〒525－0058草津市野路東５－２５－２４,077-563-9908,堤厚人,堤厚人,歯　小歯　矯歯,,平18.2.1,275_2026.7_kikanzentai_shiga_sika.pdf
歯科,25,0600945,医療法人むらお矯,〒525－0037草津市西大路町８番１１号,077-564-9564,医療法人むらお矯正歯科クリニック理事長村防睦樹,村防睦樹,矯歯　歯,,平19.4.1,275_2026.7_kikanzentai_shiga_sika.pdf
歯科,25,0600978,山本歯科クリニック,〒525－0027草津市野村八丁目８番１４号,077-576-1836,山本博一,山本博一,歯,,平20.4.1,275_2026.7_kikanzentai_shiga_sika.pdf
歯科,25,0601059,多喜歯科診療所,〒525－0048草津市追分南５丁目１０番４号,077-566-4012,多喜豊和,多喜豊和,歯　矯歯　小歯,,平21.6.1,275_2026.7_kikanzentai_shiga_sika.pdf
歯科,25,0601091,草津駅前デンタルク,〒525－0032草津市大路一丁目７番１－１１１号,077-567-0700,寺村俊,寺村俊,歯,,平21.9.1,275_2026.7_kikanzentai_shiga_sika.pdf
歯科,25,0601109,にしだ歯科医院,〒525－0050草津市南草津二丁目４番地５－１０２号レジェ南草津,077-562-8377,西田和広,西田和広,歯　小歯,,平21.12.1,275_2026.7_kikanzentai_shiga_sika.pdf
歯科,25,0601125,ふせファミリー歯科,〒525－0006草津市志那中町８番地６,077-568-2266,布施吉彦,布施吉彦,歯　小歯　矯歯,,平22.6.1,275_2026.7_kikanzentai_shiga_sika.pdf
歯科,25,0601141,Ｅデンタルクリニッ,〒525－0023草津市平井２－８－１０ＴＭ草津ビル１－Ａ,077-569-4733,遠藤哲司,遠藤哲司,歯,,平23.7.1,275_2026.7_kikanzentai_shiga_sika.pdf
歯科,25,0601158,純歯科医院,〒525－0032草津市大路一丁目１－１,077-598-6491,山本純,山本純,歯　小歯,,平23.9.1,275_2026.7_kikanzentai_shiga_sika.pdf
歯科,25,0601166,ひとみ小町歯科,〒525－0028草津市上笠四丁目３－３０,077-516-4180,岡田ひとみ,岡田ひとみ,歯,,平23.10.1,275_2026.7_kikanzentai_shiga_sika.pdf
歯科,25,0601190,医療法人社団武琉会,〒525－0032草津市大路二丁目１番７号プレサンスロジェ草津１０１号,077-566-3462,医療法人社団武琉会理事長奥田浩平,奥田浩平,歯　小歯　矯歯　歯外,,平24.10.1,275_2026.7_kikanzentai_shiga_sika.pdf
歯科,25,0601208,草津ほんじょう歯科,〒525－0067草津市新浜町３００番地イオンモール草津１３２,077-518-7800,医療法人社団碧森会理事長本城かづは,本城賢一,歯　歯外　小歯,,平24.11.1,275_2026.7_kikanzentai_shiga_sika.pdf
歯科,25,0601216,医療法人聖歯会マ,〒525－0045草津市若草五丁目８番地２０,077-567-1150,医療法人聖歯会理事長上野京,上野裕子,歯　矯歯　小歯　歯外,,平25.4.1,275_2026.7_kikanzentai_shiga_sika.pdf
歯科,25,0601224,かず歯科クリニック,〒525－0025草津市西渋川一丁目１７番２０号フォースビル１Ｆ,077-584-4618,大野和夫,大野和夫,歯　小歯　矯歯　歯外,,平25.5.1,275_2026.7_kikanzentai_shiga_sika.pdf
歯科,25,0601232,医療法人社団翔龍会,〒525－0027草津市野村一丁目２０番２８号,077-569-0030,医療法人社団翔龍会理事長石井真一郎,石井真一郎,歯　矯歯　小歯　歯外,,平25.10.2,275_2026.7_kikanzentai_shiga_sika.pdf
歯科,25,0601273,医療法人清明会あ,〒525－0021草津市川原一丁目８番１０号,077-564-8011,医療法人清明会理事長鮎川幸一郎,鮎川幸一郎,歯　小歯　矯歯,,平26.11.1,275_2026.7_kikanzentai_shiga_sika.pdf
歯科,25,0601281,医療法人耕悠会草,〒525－0026草津市渋川１丁目２－２６ザ・草津タワー２階,077-569-4880,医療法人耕悠会理事長入江真之,入江真之,歯　小歯　歯外,,平27.10.1,275_2026.7_kikanzentai_shiga_sika.pdf
歯科,25,0601307,大上歯科医院,〒525－0033草津市東草津三丁目５番２７号,077-563-4678,大上啓輔,大上啓輔,歯,,平28.3.1,275_2026.7_kikanzentai_shiga_sika.pdf
歯科,25,0601323,医療法人かがやき歯,〒525－0048草津市追分南二丁目１番９号,077-509-9313,医療法人かがやき歯科クリニック理事長浅野博,浅野博,歯　小歯　歯外　矯歯,,平28.7.1,275_2026.7_kikanzentai_shiga_sika.pdf
歯科,25,0601331,医療法人あきひこ,〒525－0041草津市青地町６９２番地８,077-569-5695,医療法人あきひこ理事長秋吉美智彦,秋吉美智彦,歯　小歯　矯歯　歯外,,平30.4.1,275_2026.7_kikanzentai_shiga_sika.pdf
歯科,25,0601349,さくら歯科,〒525－0041草津市青地町７４３－１０１,077-561-0118,兼高伸行,兼高伸行,歯　小歯　歯外　矯歯,,平30.9.5,275_2026.7_kikanzentai_shiga_sika.pdf
歯科,25,0601356,南草津だいき歯科・,〒525－0055草津市野路町片原６８７番１,077-569-1182,医療法人社団ディライトデンタルケア理事長加藤泰二,加藤泰二,歯　矯歯　小歯,,平31.4.7,275_2026.7_kikanzentai_shiga_sika.pdf
歯科,25,0601364,にのみや歯科,〒525－0021草津市川原２丁目１６－１,077-563-5757,二宮誠司,二宮誠司,歯　歯外　小歯,,平31.4.1,275_2026.7_kikanzentai_shiga_sika.pdf
歯科,25,0601372,淡海デンタルクリニ,〒525－0027草津市野村２丁目２－１ソネット草津１０２,077-598-1810,堀良彦,堀良彦,歯　小歯　歯外　矯歯,,令元.7.1,275_2026.7_kikanzentai_shiga_sika.pdf
歯科,25,0601380,ひこ矯正歯科,〒525－0026草津市渋川１－４－２９プティフィールココ１Ｆ,077-567-0770,彦根敦,彦根敦,矯歯,,令2.5.1,275_2026.7_kikanzentai_shiga_sika.pdf
歯科,25,0601398,医療法人社団オリ,〒525－0048草津市追分南三丁目２６番１１号,077-599-1145,医療法人社団オリハラ歯科クリニック理事長折原雅洋,折原雅洋,歯　小歯　矯歯　歯外,,令2.4.1,275_2026.7_kikanzentai_shiga_sika.pdf
歯科,25,0601414,医療法人いしはら歯,〒525－0047草津市追分１丁目４番２５－３号,077-565-2822,医療法人いしはら歯科クリニック理事長石原靖久,石原靖久,歯　小歯,,令2.5.1,275_2026.7_kikanzentai_shiga_sika.pdf
歯科,25,0601422,あまつ歯科医院,〒525－0048草津市追分南二丁目１－５－１Ｇ,077-564-5925,天津和典,天津和典,歯　小歯,,令2.6.1,275_2026.7_kikanzentai_shiga_sika.pdf
歯科,25,0601430,いしかわ矯正歯科,〒525－0048草津市追分南６丁目２０番地９,077-561-8055,医療法人寧静会理事長石川敬一,石川敬一,歯　矯歯,,令2.11.1,275_2026.7_kikanzentai_shiga_sika.pdf
歯科,25,0601448,みなみ草津ファミリ,〒525－0055草津市野路町６９４番地１,077-569-5870,医療法人悠翔会理事長長尾大輔,長尾大輔,歯　小歯　矯歯　歯外,,令3.1.1,275_2026.7_kikanzentai_shiga_sika.pdf
歯科,25,0601455,堀井歯科医院,〒525－0063草津市南山田町７６０－３,077-562-0725,堀井真哉,堀井真哉,歯　小歯　歯外,,令3.5.1,275_2026.7_kikanzentai_shiga_sika.pdf
歯科,25,0601463,医療法人社団ＨＵＮ,〒525－0050草津市南草津三丁目５番地４,077-561-4000,医療法人社団ＨＵＮＤＲＥＤ理事長山口靖彦,山口靖彦,歯　矯歯　小歯,,令3.11.1,275_2026.7_kikanzentai_shiga_sika.pdf
歯科,25,0601489,南草津こども・お,〒525－0059草津市野路１丁目１３－５南草津アクシスビル２Ｆ,077-596-5868,壺中隆行,壺中隆行,歯　小歯　矯歯　歯外,,令4.10.1,275_2026.7_kikanzentai_shiga_sika.pdf
歯科,25,0601497,南草津ミライエ歯科,〒525－0050草津市南草津２丁目２番１ブランズシティ南草津１Ｆ,077-599-6200,越沼静,越沼静,歯　小歯　歯外　矯歯,,令5.5.1,275_2026.7_kikanzentai_shiga_sika.pdf
歯科,25,0601505,こなん歯科クリニッ,〒525－0036草津市草津町糠田１５１１,077-567-8470,下通裕,下通裕,歯　小歯　矯歯,,令6.4.1,275_2026.7_kikanzentai_shiga_sika.pdf
歯科,25,0601513,医療法人社団ナオデ,〒525－0050草津市南草津二丁目３番地６プリエールソシア１０２号室,077-566-8885,医療法人社団ナオデンタルオフィス竹村歯科理事長竹村尚記,竹村尚記,歯　小歯　歯外,,令6.4.1,275_2026.7_kikanzentai_shiga_sika.pdf
歯科,25,0601521,林歯科医院,〒525－0032草津市大路１丁目１５－６,077-562-0365,林尚志,林尚志,歯,,令7.3.1,275_2026.7_kikanzentai_shiga_sika.pdf
歯科,25,0601539,ＫＡＮＡＹＡＭＡ,〒525－0025草津市西渋川１－２１－１４エルミナＭＣビル２Ｆ,077-518-8214,金山佳弘,金容史,歯　小歯　矯歯　歯外,,令7.5.1,275_2026.7_kikanzentai_shiga_sika.pdf
歯科,25,0601547,ＳｏｎｏＤｅｎｔ,〒525－0034草津市草津２丁目１５－２４,077-516-4660,医療法人ＳＤＣ会理事長越後園子,越後園子,歯　小歯　矯歯　歯外,,令7.5.1,275_2026.7_kikanzentai_shiga_sika.pdf
歯科,25,0601554,草津六花矯正歯科・,〒525－0032草津市大路１丁目１４番１号伽羅コート草津壱番館地下１階,077-514-9322,橋本秀美,橋本秀美,矯歯　歯　小歯　歯外,,令7.8.1,275_2026.7_kikanzentai_shiga_sika.pdf
歯科,25,0601562,草津スマイルアライ,〒525－0037草津市西大路町１番２７号ホテルボストンプラザ草津１階,077-518-6553,医療法人新有杏会理事長石原俊美,石原勝利,歯　矯歯,,令7.11.1,275_2026.7_kikanzentai_shiga_sika.pdf
歯科,25,0601570,プリムタウン大人こ,〒525－0068草津市南草津プリムタウン２丁目１４－６,077-558-5575,石田祥之助,石田祥之助,歯　小歯　歯外　矯歯,,令8.2.1,275_2026.7_kikanzentai_shiga_sika.pdf
歯科,25,0700067,津曲歯科,〒524－0021守山市吉身二丁目６番４４号,077-583-3101,津曲雅美,津曲雅美,歯　矯歯　小歯　歯外,,昭53.7.10,275_2026.7_kikanzentai_shiga_sika.pdf
歯科,25,0700133,横山歯科医院,〒524－0002守山市小島町９３５番地１０６,077-583-8738,横山章,横山章,歯,,昭58.11.1,275_2026.7_kikanzentai_shiga_sika.pdf
歯科,25,0700141,ごとう歯科こども,〒524－0102守山市水保町２２２１番地５,077-585-4332,後藤諦,後藤諦,歯　小歯,,昭58.12.1,275_2026.7_kikanzentai_shiga_sika.pdf
歯科,25,0700224,東條歯科医院,〒524－0036守山市伊勢町４５１番地１３２,077-582-7164,東條博充,東絛博充,歯　矯歯　小歯　歯外,,昭63.12.1,275_2026.7_kikanzentai_shiga_sika.pdf
歯科,25,0700257,柴田歯科医院,〒524－0012守山市播磨田町１２７５番地１,077-583-8217,柴田稔,柴田稔,歯　小歯　歯外,,平元.9.1,275_2026.7_kikanzentai_shiga_sika.pdf
歯科,25,0700323,佐藤歯科医院,〒524－0022守山市守山二丁目５番９号,077-583-2075,佐藤誠,佐藤誠,歯　小歯,,平5.7.1,275_2026.7_kikanzentai_shiga_sika.pdf
歯科,25,0700331,大橋歯科クリニック,〒524－0012守山市播磨田町６８３番地１,077-581-0084,大橋哲,大橋哲,小歯　歯　矯歯,,平6.4.25,275_2026.7_kikanzentai_shiga_sika.pdf
歯科,25,0700349,髙橋歯科医院,〒524－0046守山市今宿一丁目２番１５号,077-582-2053,中川昭子,中川昭子,歯,,平6.12.12,275_2026.7_kikanzentai_shiga_sika.pdf
歯科,25,0700364,ひがき歯科医院,〒524－0044守山市古高町３８０番地,077-583-8188,檜垣学,檜垣学,小歯　歯,,平7.4.17,275_2026.7_kikanzentai_shiga_sika.pdf
歯科,25,0700422,なかの歯科医院,〒524－0041守山市勝部三丁目１０番３９号ファミール守山１階,077-514-3323,中野勝弘,中野勝弘,歯　小歯　歯外　矯歯,,平13.6.1,275_2026.7_kikanzentai_shiga_sika.pdf
歯科,25,0700455,うえむら歯科医院,〒524－0013守山市下之郷一丁目１１番５号,077-582-7434,上村康雄,上村康雄,歯　小歯,,平14.3.1,275_2026.7_kikanzentai_shiga_sika.pdf
歯科,25,0700471,坪田歯科医院,〒524－0102守山市水保町字北川１１３６－３１,077-585-7776,坪田博行,坪田博行,歯　矯歯　小歯,,平14.10.1,275_2026.7_kikanzentai_shiga_sika.pdf
歯科,25,0700489,守山駅前岡村歯科診,〒524－0037守山市梅田町４番３１号,077-583-8008,医療法人金亀会理事長岡村貞一,岡村貞一,歯　小歯　矯歯　歯外,,平15.1.1,275_2026.7_kikanzentai_shiga_sika.pdf
歯科,25,0700505,くすの木歯科,〒524－0022守山市守山五丁目８番１１号２,077-514-3399,医療法人社団ゆうき会理事長岡山圭一,岡山圭一,歯　小歯　矯歯　歯外,,平16.6.1,275_2026.7_kikanzentai_shiga_sika.pdf
歯科,25,0700513,モリタ歯科医院,〒524－0021守山市吉身三丁目１番１２号－１,077-582-1212,森田潤,森田潤,歯　小歯　矯歯,,平18.10.1,275_2026.7_kikanzentai_shiga_sika.pdf
歯科,25,0700539,ハル歯科医院,〒524－0045守山市金森町字赤塚９９２,077-514-1500,春日井仁丸,春日井仁丸,歯　小歯,,平23.12.1,275_2026.7_kikanzentai_shiga_sika.pdf
歯科,25,0700554,たむら歯科クリニッ,〒524－0037守山市梅田町１０番１２０２号,077-581-1055,田村浩一,田村浩一,歯　小歯,,平24.7.2,275_2026.7_kikanzentai_shiga_sika.pdf
歯科,25,0700570,医療法人せの歯科医,〒524－0012守山市播磨田町３９１番地２,077-581-3707,医療法人せの歯科医院理事長瀬野富夫,瀬野富夫,歯　小歯　矯歯,,平25.3.4,275_2026.7_kikanzentai_shiga_sika.pdf
歯科,25,0700588,おおたに歯科医院,〒524－0021守山市吉身４－３－１６－４,077-514-4040,大谷令,大谷令,歯　歯外,,平27.3.1,275_2026.7_kikanzentai_shiga_sika.pdf
歯科,25,0700612,二町中西歯科医院,〒524－0043守山市二町町２１６－３,077-514-0020,佐々木裕,佐々木裕,歯　小歯,,平29.6.1,275_2026.7_kikanzentai_shiga_sika.pdf
歯科,25,0700620,医療法人社団すもと,〒524－0103守山市洲本町１２５７,077-584-3611,医療法人社団すもと岡本歯科理事長岡本篤,岡本篤,歯　小歯,,平29.10.1,275_2026.7_kikanzentai_shiga_sika.pdf
歯科,25,0700638,中西歯科医院,〒524－0022守山市守山五丁目１－３８,077-583-5444,中西功,中西功,歯　小歯,,平29.12.1,275_2026.7_kikanzentai_shiga_sika.pdf
歯科,25,0700653,明愛デンタルクリニ,〒524－0012守山市播磨田町１３１０－８,077-581-2353,大森浩之,大森浩之,歯　小歯,,平31.2.1,275_2026.7_kikanzentai_shiga_sika.pdf
歯科,25,0700661,いろどりファミリー,〒524－0013守山市下之郷２丁目１－２,077-516-7716,寺西武史,寺西武史,歯　小歯　矯歯,,平31.3.1,275_2026.7_kikanzentai_shiga_sika.pdf
歯科,25,0700679,ほんじょう歯科Ｐ,〒524－0101守山市今浜町２６２０－５ピエリ守山２Ｆ,077-584-4182,本城かづは,本城かづは,歯　小歯　歯外　矯歯,,令元.7.1,275_2026.7_kikanzentai_shiga_sika.pdf
歯科,25,0700687,医療法人おおた歯,〒524－0044守山市古高町８１番地５,077-596-5630,医療法人おおた歯科こども歯科理事長太田貴司,太田貴司,歯　小歯,,令2.4.1,275_2026.7_kikanzentai_shiga_sika.pdf
歯科,25,0700695,医療法人在伊＿会ア,〒524－0041守山市勝部４丁目１０８８番１０１号,077-598-6480,医療法人在伊＿会理事長伊東義雅,伊東義雅,歯　小歯　歯外　矯歯,,令2.11.1,275_2026.7_kikanzentai_shiga_sika.pdf
歯科,25,0700703,守山おとなこども歯,〒524－0013守山市下之郷１丁目８番８号,077-581-1182,隠岐知達,隠岐知達,歯　小歯　歯外　矯歯,,令3.5.1,275_2026.7_kikanzentai_shiga_sika.pdf
歯科,25,0700711,医療法人永生会守,〒524－0033守山市浮気町３４６－２０,077-581-1818,医療法人永生会理事長原川仁,原川仁,歯　小歯　歯外　矯歯,,令3.9.1,275_2026.7_kikanzentai_shiga_sika.pdf
歯科,25,0700737,まおか矯正歯科,〒524－0041守山市勝部３丁目１０－８－１０１,077-583-1187,眞岡謙介,眞岡謙介,矯歯,,令5.6.1,275_2026.7_kikanzentai_shiga_sika.pdf
歯科,25,0700745,あさい歯科,〒524－0102守山市水保町１２１４－３,077-598-5554,朝井啓太,朝井啓太,歯　小歯　矯歯　歯外,,令5.6.1,275_2026.7_kikanzentai_shiga_sika.pdf
歯科,25,0700752,中西訪問歯科,〒524－0021守山市吉身３丁目４－２２プチフルール千１０８号室,077-507-7803,門田紀,門田紀,歯,,令6.4.1,275_2026.7_kikanzentai_shiga_sika.pdf
歯科,25,0700760,ふたば歯科医院,〒524－0045守山市金森町仁願寺３０９－１,077-558-6363,竜章浩,竜章浩,歯　小歯　矯歯,,令7.1.1,275_2026.7_kikanzentai_shiga_sika.pdf
歯科,25,0700778,西川歯科医院,〒524－0033守山市浮気町３００－１５グランドメゾン守山ＮＯ．２－１０７,077-583-2348,西川純平,西川純平,歯　小歯　歯外,,令6.9.1,275_2026.7_kikanzentai_shiga_sika.pdf
歯科,25,0700786,医療法人おくむら歯,〒524－0102守山市水保町１２５５番地８,077-585-7575,医療法人おくむら歯科理事長奥村喜与子,奥村喜与子,歯　小歯,,令6.11.1,275_2026.7_kikanzentai_shiga_sika.pdf
歯科,25,0700794,もりきた歯科・矯正,〒524－0016守山市荒見町２４５－３,077-585-1100,岩間大介,岩間大介,歯　歯外　矯歯,,令7.4.1,275_2026.7_kikanzentai_shiga_sika.pdf
歯科,25,0700802,医療法人いろは会,〒524－0052守山市大門町１１１番地１,077-598-1684,医療法人いろは会理事長入江裕介,入江裕介,歯　矯歯　歯外　小歯,,令7.12.1,275_2026.7_kikanzentai_shiga_sika.pdf
歯科,25,1200125,堀歯科医院,〒520－3025栗東市中沢２丁目１０－３４,077-552-3694,堀紀彦,堀紀彦,歯,,昭52.9.1,275_2026.7_kikanzentai_shiga_sika.pdf
歯科,25,1200174,畠山歯科医院,〒520－3033栗東市笠川６１番地１,077-552-5353,畠山博文,畠山博文,歯,,平元.5.18,275_2026.7_kikanzentai_shiga_sika.pdf
歯科,25,1200216,田園歯科医院,〒520－3021栗東市蜂屋９６６番地４,077-552-9360,林幹典,林幹典,歯,,平3.7.1,275_2026.7_kikanzentai_shiga_sika.pdf
歯科,25,1200257,大槻歯科医院,〒520－3035栗東市霊仙寺一丁目１番５２号,077-553-0809,大槻芳夫,大槻芳夫,歯　小歯,,平4.11.14,275_2026.7_kikanzentai_shiga_sika.pdf
歯科,25,1200281,岩田歯科医院,〒520－3047栗東市手原五丁目７番１０号,077-552-7060,岩田盛満,岩田盛満,歯,,平6.11.18,275_2026.7_kikanzentai_shiga_sika.pdf
歯科,25,1200299,医療法人緑和会栗,〒520－3031栗東市綣四丁目１２番１６号アクア・リンピア２階,077-551-0880,医療法人緑和会理事長古市嘉秀,小垣智義,歯　小歯　矯歯　歯外,,平7.1.1,275_2026.7_kikanzentai_shiga_sika.pdf
歯科,25,1200307,クボタ歯科医院,〒520－3031栗東市綣三丁目９番１８号,077-554-1701,窪田吉雄,窪田吉雄,歯　小歯,,平7.6.15,275_2026.7_kikanzentai_shiga_sika.pdf
歯科,25,1200315,医療法人緑和会草,〒520－3024栗東市小柿五丁目１０－１１－２－１ＫＯＮＡＮファーストＢＬＤ２階,077-554-2283,医療法人緑和会理事長古市嘉秀,北雅貴,小歯　歯　矯歯　歯外,,平7.8.7,275_2026.7_kikanzentai_shiga_sika.pdf
歯科,25,1200331,中川歯科医院,〒520－3014栗東市川辺５３－１,077-554-3151,中川功,中川功,歯　小歯,,平9.8.1,275_2026.7_kikanzentai_shiga_sika.pdf
歯科,25,1200356,矢澤歯科医院,〒520－3031栗東市綣二丁目２番３４号,077-554-4754,矢澤紀和,矢澤紀和,歯　小歯,,平11.5.9,275_2026.7_kikanzentai_shiga_sika.pdf
歯科,25,1200372,田中歯科医院,〒520－3042栗東市辻６５８番地,077-552-8415,田中重文,田中重文,歯　矯歯　小歯,,平12.1.1,275_2026.7_kikanzentai_shiga_sika.pdf
歯科,25,1200406,おざき歯科医院,〒520－3024栗東市小柿十丁目５番地５,077-551-5513,尾﨑健太郎,尾﨑健太郎,歯　小歯,,平14.12.4,275_2026.7_kikanzentai_shiga_sika.pdf
歯科,25,1200414,みきや歯科,〒520－3026栗東市下鈎６７６－５１Ｆ,077-551-4388,星合幹也,星合幹也,歯　小歯　矯歯,,平15.4.1,275_2026.7_kikanzentai_shiga_sika.pdf
歯科,25,1200430,医療法人矯英会,〒520－3031栗東市綣三丁目２番３リーデンススクエア栗東１階１０１,077-554-5565,医療法人矯英会理事長片上勝秋,片上勝秋,矯歯,,平21.7.1,275_2026.7_kikanzentai_shiga_sika.pdf
歯科,25,1200448,おおはしファミリー,〒520－3034栗東市小平井一丁目１６－１４,077-552-5850,大橋清誠,大橋清誠,歯　小歯,,平26.3.1,275_2026.7_kikanzentai_shiga_sika.pdf
歯科,25,1200455,医療法人高森歯科,〒520－3015栗東市安養寺一丁目１２番３０号,077-554-0933,医療法人高森歯科理事長高森泰彦,高森泰彦,歯　矯歯　小歯,,平27.1.1,275_2026.7_kikanzentai_shiga_sika.pdf
歯科,25,1200489,芦田歯科医院,〒520－3005栗東市御園１８２５,077-558-1615,芦田克仁,芦田克仁,歯　小歯,,平28.12.8,275_2026.7_kikanzentai_shiga_sika.pdf
歯科,25,1200497,にほ歯科医院,〒520－3013栗東市目川１４９１,077-551-2303,梏原秀幸,梏原秀幸,歯　小歯　歯外,,平29.4.1,275_2026.7_kikanzentai_shiga_sika.pdf
歯科,25,1200505,浅田歯科医院,〒520－3013栗東市目川１０５７番,077-553-6082,園山亘,園山亘,歯　小歯　歯外,,平30.5.1,275_2026.7_kikanzentai_shiga_sika.pdf
歯科,25,1200513,医療法人永生会栗,〒520－3031栗東市綣２丁目５－１２,077-554-8148,医療法人永生会理事長原川仁,大橋政博,歯　小歯　歯外,,平30.9.1,275_2026.7_kikanzentai_shiga_sika.pdf
歯科,25,1200539,栗東歯科クリニック,〒520－3042栗東市辻４５７番地,077-554-1118,医療法人徳報会理事長金城達郎,金城達郎,歯　小歯　矯歯　歯外,,令2.10.1,275_2026.7_kikanzentai_shiga_sika.pdf
歯科,25,1200547,医療法人社団まごこ,〒520－3047栗東市手原２丁目２番８号,077-598-0412,医療法人社団まごころ会理事長鵜飼周太郎,鵜飼周太郎,歯　歯外　矯歯　小歯,,令3.10.1,275_2026.7_kikanzentai_shiga_sika.pdf
歯科,25,1200554,栗東山田歯科,〒520－3015栗東市安養寺一丁目３番２２号,077-552-1756,山田隆平,山田隆平,歯　小歯　歯外　矯歯,,令4.6.1,275_2026.7_kikanzentai_shiga_sika.pdf
歯科,25,1300305,かねだ歯科矯正歯科,〒520－2331野洲市小篠原１９７７－５アスフォート野洲１Ｆ,077-586-1234,金（金田）成煥,金（金田）成,歯　小歯　矯歯　歯外,,昭59.10.5,275_2026.7_kikanzentai_shiga_sika.pdf
歯科,25,1300313,樋上歯科医院,〒520－2361野洲市北野一丁目１３番９号,077-586-0555,樋上一郎,樋上一郎,歯,,昭60.8.20,275_2026.7_kikanzentai_shiga_sika.pdf
歯科,25,1300370,はしもと歯科医院,〒520－2333野洲市栄３４番１５１０２号,077-586-4563,橋本昌治,橋本昌治,歯　小歯,,平4.12.7,275_2026.7_kikanzentai_shiga_sika.pdf
歯科,25,1300388,医療法人社団いちい,〒520－2351野洲市冨波甲１１５８番地５,077-587-3611,医療法人社団いちい歯科・こども矯正歯科理事長一井彰人,一井彰人,歯　矯歯　小歯　歯外,,平5.6.1,275_2026.7_kikanzentai_shiga_sika.pdf
歯科,25,1300412,宇田歯科医院,〒520－2362野洲市市三宅２４４９番地,077-586-5229,宇田正人,宇田正人,歯,,平6.10.3,275_2026.7_kikanzentai_shiga_sika.pdf
歯科,25,1300438,岡本歯科医院,〒520－2331野洲市小篠原１０９９番地２レジデンス野崎２階,077-586-7788,岡本武司,岡本武司,小歯　歯,,平9.6.4,275_2026.7_kikanzentai_shiga_sika.pdf
歯科,25,1300446,諸頭歯科医院,〒520－2423野洲市西河原５８番地１,077-589-2141,諸頭智彦,諸頭智彦,歯　小歯　矯歯　歯外,,平9.9.4,275_2026.7_kikanzentai_shiga_sika.pdf
歯科,25,1300453,ふるや歯科医院,〒520－2352野洲市冨波乙８１２番地１太陽ハイツ冨波１階,077-586-6778,古屋洋二郎,古屋洋二郎,歯　小歯,,平11.12.14,275_2026.7_kikanzentai_shiga_sika.pdf
歯科,25,1300479,きた歯科医院,〒520－2331野洲市小篠原２２１５番地,077-588-5885,喜多誠一,喜多誠一,歯　小歯,,平12.6.1,275_2026.7_kikanzentai_shiga_sika.pdf
歯科,25,1300487,医療法人緑和会野,〒520－2333野洲市栄６番２号ポレールさかえ２階,077-518-0420,医療法人緑和会理事長古市嘉秀,石橋智貴,歯　小歯　矯歯　歯外,,平13.4.1,275_2026.7_kikanzentai_shiga_sika.pdf
歯科,25,1300495,上田歯科クリニック,〒520－2331野洲市小篠原１２６４番地,077-588-2442,上田周,上田周,歯　小歯　矯歯,,平16.4.1,275_2026.7_kikanzentai_shiga_sika.pdf
歯科,25,1300503,桂歯科医院,〒520－2341野洲市行畑一丁目１１番３号,077-587-0367,桂基博,桂基博,歯　矯歯　小歯,,平16.10.1,275_2026.7_kikanzentai_shiga_sika.pdf
歯科,25,1300529,はしもとファミリー,〒520－2423野洲市西河原２丁目２３７７番地２,077-589-5880,橋本健,橋本健,歯　小歯,,平20.9.30,275_2026.7_kikanzentai_shiga_sika.pdf
歯科,25,1300545,きたはら歯科医院,〒520－2301野洲市小南１２４０－２,077-596-3249,北原進,北原進,歯　矯歯　歯外,,平27.1.1,275_2026.7_kikanzentai_shiga_sika.pdf
歯科,25,1300578,医療法人社団小林,〒520－2331野洲市小篠原１１４７－８,077-587-3001,医療法人社団小林歯科医院理事長小林三男,小林加枝,歯　小歯,,令元.8.1,275_2026.7_kikanzentai_shiga_sika.pdf
歯科,25,1300586,みらいデンタルクリ,〒520－2302野洲市高木１９４番地の２,077-588-1001,北野直樹,北野直樹,歯　小歯,,令2.6.1,275_2026.7_kikanzentai_shiga_sika.pdf
歯科,25,1300594,坂本歯科医院,〒520－2341野洲市行畑７９０番地,077-588-0507,医療法人ＮＥＸＵＳ理事長坂本耕造,坂本耕造,歯　歯外　小歯,,令4.5.1,275_2026.7_kikanzentai_shiga_sika.pdf
歯科,25,1300602,医療法人トリプルウ,〒520－2353野洲市久野部１９４番地１,077-586-6480,医療法人トリプルウィン理事長上原正典,上原正典,歯　矯歯　小歯　歯外,,令5.4.1,275_2026.7_kikanzentai_shiga_sika.pdf
歯科,25,1400444,安井歯科医院,〒520－3414甲賀市甲賀町大久保１４５番地,0748-88-5522,安井滋一,安井滋一,歯,,昭55.1.7,275_2026.7_kikanzentai_shiga_sika.pdf
歯科,25,1400592,安井歯科医院水口診,〒528－0057甲賀市水口町北脇４３０番地,0748-62-7650,安井星光,安井星光,歯　矯歯　小歯,,昭61.3.25,275_2026.7_kikanzentai_shiga_sika.pdf
歯科,25,1400600,大矢歯科医院,〒529－185,0748-82-0713,1甲賀市信楽町長野１２２１番地６大矢克英,大矢克英,歯,,昭61.7.1,275_2026.7_kikanzentai_shiga_sika.pdf
歯科,25,1400618,桑名歯科クリニック,〒528－0232甲賀市土山町前野１３８番地１７,0748-67-1135,桑名直樹,桑名直樹,歯　小歯,,昭61.12.22,275_2026.7_kikanzentai_shiga_sika.pdf
歯科,25,1400642,木村歯科クリニック,〒528－0028甲賀市水口町城東４番８号,0748-63-0118,木村和弥,木村和弥,歯,,昭62.8.10,275_2026.7_kikanzentai_shiga_sika.pdf
歯科,25,1400667,第２馬場歯科医院,〒528－0042甲賀市水口町虫生野中央１１５番地,0748-62-4864,馬場尚,馬場尚,歯,,昭62.12.1,275_2026.7_kikanzentai_shiga_sika.pdf
歯科,25,1400774,医療法人社団馬場,〒528－0049甲賀市水口町貴生川５６１番地１,0748-62-2307,医療法人社団馬場歯科医院理事長馬場洋,馬場洋,歯,,平元.9.1,275_2026.7_kikanzentai_shiga_sika.pdf
歯科,25,1400873,大野歯科,〒528－0235甲賀市土山町大野２４８８番地１,0748-67-1330,猪井能久,猪井能久,歯,,平3.10.1,275_2026.7_kikanzentai_shiga_sika.pdf
歯科,25,1400899,ニシカワ歯科,〒520－3435甲賀市甲賀町相模２２５番地１ヴィラ甲賀１０１号,0748-88-5255,西川徹,西川徹,歯　矯歯　小歯　歯外,,平4.8.1,275_2026.7_kikanzentai_shiga_sika.pdf
歯科,25,1400915,富山歯科医院,〒528－0036甲賀市水口町東名坂７８番地,0748-63-5300,冨山佳寿人,冨山佳寿人,歯,,平4.10.1,275_2026.7_kikanzentai_shiga_sika.pdf
歯科,25,1401020,もとき歯科クリニッ,〒520－3333甲賀市甲南町希望ケ丘三丁目２７番９号,0748-86-2190,中永大喜,中永大喜,歯,,平10.2.1,275_2026.7_kikanzentai_shiga_sika.pdf
歯科,25,1401046,ひまわり歯科クリニ,〒528－0211甲賀市土山町北土山１４９１番地２,0748-66-1822,中林雅子,中林雅子,小歯　歯,,平10.4.1,275_2026.7_kikanzentai_shiga_sika.pdf
歯科,25,1401103,飯田歯科医院,〒529－185,0748-82-8148,1甲賀市信楽町長野４５４番地６飯田修一,飯田修一,歯　小歯　歯外,,平11.10.23,275_2026.7_kikanzentai_shiga_sika.pdf
歯科,25,1401129,もんや歯科クリニッ,〒528－0036甲賀市水口町東名坂２７６番地１階,0748-65-3006,門矢芳則,門矢芳則,歯　小歯　歯外,,平11.12.8,275_2026.7_kikanzentai_shiga_sika.pdf
歯科,25,1401137,谷歯科医院,〒528－0073甲賀市水口町古城が丘６１０番地２６９,0748-63-3377,谷仁史,谷仁史,歯　小歯,,平11.12.3,275_2026.7_kikanzentai_shiga_sika.pdf
歯科,25,1401160,さくら歯科,〒528－0037甲賀市水口町本綾野５６６番地１アルプラザ水口２階２２３号,0748-65-4617,濵田英輝,濵田英輝,歯　小歯　矯歯,,平12.12.4,275_2026.7_kikanzentai_shiga_sika.pdf
歯科,25,1401178,樹歯科医院,〒528－0041甲賀市水口町虫生野１１６７番地１,0748-63-8281,北條更,北條更,歯　小歯,,平12.12.1,275_2026.7_kikanzentai_shiga_sika.pdf
歯科,25,1401202,いずみ歯科医院,〒528－0058甲賀市水口町北泉一丁目４９番地,0748-65-3363,山田二郎,山田二郎,歯　小歯,,平13.7.1,275_2026.7_kikanzentai_shiga_sika.pdf
歯科,25,1401269,冨田歯科医院,〒520－3313甲賀市甲南町新治１４８０番地２,0748-86-1533,冨田耕治,冨田耕治,歯　小歯,,平17.11.1,275_2026.7_kikanzentai_shiga_sika.pdf
歯科,25,1401277,みね歯科・矯正歯科,〒528－0020甲賀市水口町的場９７番地,0748-63-2242,峰香代子,峰香代子,歯　矯歯,,平19.4.1,275_2026.7_kikanzentai_shiga_sika.pdf
歯科,25,1401285,堀歯科医院,〒528－0031甲賀市水口町本町一丁目４番３４号,0748-62-0155,塩見仁志,塩見仁志,歯,,平19.5.1,275_2026.7_kikanzentai_shiga_sika.pdf
歯科,25,1401293,医療法人湖蒼会さ,〒528－0029甲賀市水口町南林口７番地１,0748-63-7676,医療法人湖蒼会さねふじ水口歯科診療所理事長實藤信之,實藤信之,歯　小歯　歯外,,平19.11.1,275_2026.7_kikanzentai_shiga_sika.pdf
歯科,25,1401301,アップルデンタルク,〒528－0056甲賀市水口町泉１４０５ベイシア甲賀店内,0748-69-7441,薩摩篤,薩摩篤,歯　小歯　歯外　矯歯,,平21.10.1,275_2026.7_kikanzentai_shiga_sika.pdf
歯科,25,1401327,西田歯科医院,〒520－3431甲賀市甲賀町大原中１０７２番地９,0748-88-4334,西田武仁,西田武仁,歯　小歯,,平23.9.6,275_2026.7_kikanzentai_shiga_sika.pdf
歯科,25,1401350,竹村歯科医院,〒520－3301甲賀市甲南町寺庄９５２番地,0748-86-2145,竹村有史,竹村有史,歯,,平27.4.1,275_2026.7_kikanzentai_shiga_sika.pdf
歯科,25,1401368,粲歯科,〒520－3426甲賀市甲賀町田堵野９３２－３,0748-88-8033,眞岡知史,眞岡知史,歯　歯外　矯歯　小歯,,平28.8.1,275_2026.7_kikanzentai_shiga_sika.pdf
歯科,25,1401376,えくぼ歯科,〒520－3421甲賀市甲賀町上野１２０２,0748-88-6480,久保一登,久保一登,歯　小歯,,平28.11.1,275_2026.7_kikanzentai_shiga_sika.pdf
歯科,25,1401384,ＫＥＮＧＯＤＥＮ,〒528－0041甲賀市水口町虫生野１０１５－７,0748-62-2222,木村健吾,木村健吾,歯,,平28.12.1,275_2026.7_kikanzentai_shiga_sika.pdf
歯科,25,1401392,医療法人泰心会,〒528－0064甲賀市水口町伴中山２５４５番,0748-62-2022,医療法人泰心会理事長西田尚武,西田尚武,歯　小歯　歯外,,令元.11.1,275_2026.7_kikanzentai_shiga_sika.pdf
歯科,25,1401418,甲賀ラブしがデンタ,〒528－0011甲賀市水口町高塚１番３６－１号,0748-76-3376,西川真登,西川真登,歯　矯歯,,令4.8.1,275_2026.7_kikanzentai_shiga_sika.pdf
歯科,25,1401426,ＭＡＴＳＵＤＡＤ,〒528－0005甲賀市水口町水口５９９６ー１,0748-63-0632,松田裕也,松田裕也,歯　小歯　歯外,,令5.3.16,275_2026.7_kikanzentai_shiga_sika.pdf
歯科,25,1401434,村木歯科医院,〒529－185,0748-82-2755,1甲賀市信楽町長野６３２村木智則,村木智則,歯　歯外　小歯,,令5.7.1,275_2026.7_kikanzentai_shiga_sika.pdf
歯科,25,1401442,いまむら歯科,〒520－3322甲賀市甲南町深川１４３０－５,0748-86-6386,今村智宏,今村智宏,歯,,令5.7.21,275_2026.7_kikanzentai_shiga_sika.pdf
歯科,25,1401459,眞岡歯科医院,〒520－3301甲賀市甲南町寺庄１０８１番地,0748-86-2010,医療法人眞岡歯科医院理事長眞岡淳之,岡淳之,歯　小歯,,令5.11.1,275_2026.7_kikanzentai_shiga_sika.pdf
歯科,25,1401467,木村歯科医院,〒520－3308甲賀市甲南町野田４７５番,0748-86-6755,木村清貴,木村清貴,歯,,令7.10.1,275_2026.7_kikanzentai_shiga_sika.pdf
歯科,25,1500227,竜王町国民健康保険,〒520－2524蒲生郡竜王町綾戸２３９番地１,0748-57-1133,竜王町町長西田秀治,小島宏司,歯,,昭52.4.25,275_2026.7_kikanzentai_shiga_sika.pdf
歯科,25,1500250,輪田歯科医院,〒529－1601蒲生郡日野町松尾１４８１番地,0748-53-0610,輪田茂樹,輪田茂樹,歯,,昭59.6.1,275_2026.7_kikanzentai_shiga_sika.pdf
歯科,25,1500292,門坂歯科医院,〒529－1603蒲生郡日野町大窪２０３番地,0748-53-0118,門坂和昭,門坂和昭,歯,,平元.11.1,275_2026.7_kikanzentai_shiga_sika.pdf
歯科,25,1500300,加納歯科医院,〒520－2564蒲生郡竜王町山面３５番１５８,0748-58-2567,加納彰,加納彰,歯　歯外,,平3.4.1,275_2026.7_kikanzentai_shiga_sika.pdf
歯科,25,1500417,神山歯科医院,〒529－1644蒲生郡日野町内池３４９番地５,0748-53-0546,神山典明,神山典明,歯,,平6.4.1,275_2026.7_kikanzentai_shiga_sika.pdf
歯科,25,1500508,もうり歯科,〒529－1641蒲生郡日野町日田１０５番地１アイエスプラザ１階,0748-53-2048,毛利典子,毛利典子,小歯　歯,,平15.9.1,275_2026.7_kikanzentai_shiga_sika.pdf
歯科,25,1500524,金谷歯科医院,〒520－2531蒲生郡竜王町山之上４５９９番地,0748-57-8287,金谷恵大朗,金谷恵大朗,歯　小歯　矯歯,,平17.5.27,275_2026.7_kikanzentai_shiga_sika.pdf
歯科,25,1500532,平田歯科医院,〒520－2531蒲生郡竜王町山之上３４５６番地,0748-57-0600,平田功,平田功,歯　小歯　歯外　矯歯,,平17.5.6,275_2026.7_kikanzentai_shiga_sika.pdf
歯科,25,1500573,なかがわ歯科,〒529－1601蒲生郡日野町松尾９４３－２,0748-26-2668,中川義一,中川義一,歯　小歯　矯歯,,平23.7.1,275_2026.7_kikanzentai_shiga_sika.pdf
歯科,25,1500599,住井歯科・矯正歯科,〒529－1602蒲生郡日野町河原一丁目７番地,0748-52-3434,医療法人ノブレス・オブリージュ理事長住井浩剛,住井浩剛,歯　小歯　矯歯,,令2.10.1,275_2026.7_kikanzentai_shiga_sika.pdf
歯科,25,1500607,医療法人孔永会コ,〒520－2552蒲生郡竜王町小口１６５８－１,0748-26-5588,医療法人孔永会理事長矢田孔太朗,矢田孔太朗,歯　歯外　小歯,,令2.11.1,275_2026.7_kikanzentai_shiga_sika.pdf
歯科,25,1500615,堀歯科医院,〒529－1601蒲生郡日野町松尾二丁目２５番地,0748-53-3520,医療法人堀歯科医院理事長堀宏之,堀宏之,歯,,令5.10.1,275_2026.7_kikanzentai_shiga_sika.pdf
歯科,25,1700280,中村歯科医院,〒529－1313愛知郡愛荘町市８１８番地,0749-42-5851,中村公久,中村公久,歯　矯歯　歯外　小歯,,平4.8.1,275_2026.7_kikanzentai_shiga_sika.pdf
歯科,25,1700306,宮川歯科医院,〒529－1315愛知郡愛荘町沓掛７９９番地,0749-42-6848,宮川忠之,宮川忠之,歯　小歯,,平4.11.2,275_2026.7_kikanzentai_shiga_sika.pdf
歯科,25,1700355,曽我歯科,〒529－1313愛知郡愛荘町市７１５番地１,0749-42-5807,曽我幸史,曽我幸史,歯,,平9.5.6,275_2026.7_kikanzentai_shiga_sika.pdf
歯科,25,1700371,医療法人金亀会秦,〒529－1234愛知郡愛荘町安孫子１３４６番地,0749-37-4488,医療法人金亀会理事長岡村貞一,田中佳子,歯　小歯　矯歯　歯外,,平15.1.1,275_2026.7_kikanzentai_shiga_sika.pdf
歯科,25,1700389,塚本歯科医院,〒529－1321愛知郡愛荘町豊満１２９２番地３,0749-42-5712,塚本智,塚本智,歯　小歯,,平16.1.1,275_2026.7_kikanzentai_shiga_sika.pdf
歯科,25,1700413,ふれあい歯科医院,〒529－130,0749-49-5757,3愛知郡愛荘町長野２０４３番地７武久典子,武久典子,歯　小歯,,平20.2.1,275_2026.7_kikanzentai_shiga_sika.pdf
歯科,25,1700439,北村歯科医院,〒529－1206愛知郡愛荘町蚊野１８６５番地,0749-37-2378,北村圭司,北村圭司,歯,,平30.2.1,275_2026.7_kikanzentai_shiga_sika.pdf
歯科,25,1800114,若松歯科医院,〒522－0242犬上郡甲良町尼子２０２１番地５,0749-38-4500,若松健治,若松健治,歯　小歯,,平11.4.2,275_2026.7_kikanzentai_shiga_sika.pdf
歯科,25,1800155,藤本歯科医院,〒522－0341犬上郡多賀町多賀１３２８番地,0749-48-1871,藤本直也,藤本直也,歯　小歯,,平22.11.1,275_2026.7_kikanzentai_shiga_sika.pdf
歯科,25,1800163,山口歯科医院,〒522－0341犬上郡多賀町多賀１６１４－２１,0749-48-0123,山口正尚,山口正尚,歯　小歯　歯外,,平31.3.1,275_2026.7_kikanzentai_shiga_sika.pdf
歯科,25,1800171,おおはし歯科クリニ,〒529－1175犬上郡豊郷町沢３５９,0749-47-5320,大橋誠,大橋誠,歯,,令5.6.1,275_2026.7_kikanzentai_shiga_sika.pdf
歯科,25,1800197,医療法人社団ミ,〒529－1169犬上郡豊郷町大字石畑字山道５４０番地５グリーンハウス豊郷別館Ⅱ１０１号室・１０２号室,090-9989-8148,医療法人社団ミヤタ歯科理事長宮田圭輔,京谷将義,歯　小歯,,令8.5.1,275_2026.7_kikanzentai_shiga_sika.pdf
歯科,25,2200330,横木歯科医院,〒520－1212高島市安曇川町西万木７９３番地,0740-32-0350,横木薫,横木薫,歯　矯歯,,昭54.4.1,275_2026.7_kikanzentai_shiga_sika.pdf
歯科,25,2200355,堀井歯科医院,〒520－1623高島市今津町住吉二丁目１２番８号,0740-22-3886,堀井長幸,堀井長幸,歯,,昭55.5.1,275_2026.7_kikanzentai_shiga_sika.pdf
歯科,25,2200488,歯科山本医院,〒520－1212高島市安曇川町西万木６４１番地１３,0740-32-0323,山本修,山本修,歯　小歯,,平6.7.1,275_2026.7_kikanzentai_shiga_sika.pdf
歯科,25,2200496,金田歯科医院,〒520－1111高島市鴨２９０８番地,0740-36-2277,金田常和,金田常和,小歯　歯,,平6.11.4,275_2026.7_kikanzentai_shiga_sika.pdf
歯科,25,2200512,おおやま歯科クリニ,〒520－1214高島市安曇川町末広３丁目８番地,0740-32-8088,大山恒徳,大山恒徳,歯　小歯　歯外,,平10.4.11,275_2026.7_kikanzentai_shiga_sika.pdf
歯科,25,2200546,うえはら歯科,〒520－1501高島市新旭町旭一丁目９番４号,0740-25-8241,上原茂弘,上原茂弘,歯　矯歯　小歯,,平13.6.1,275_2026.7_kikanzentai_shiga_sika.pdf
歯科,25,2200553,藤本歯科医院,〒520－1621高島市今津町今津１６１４番地,0740-22-2369,藤本篤,藤本篤,歯,,平13.11.13,275_2026.7_kikanzentai_shiga_sika.pdf
歯科,25,2200561,たつなみ歯科医院,〒520－1605高島市今津町南新保１６５番地,0740-24-7057,龍波礼知,龍波礼知,歯,,平14.1.7,275_2026.7_kikanzentai_shiga_sika.pdf
歯科,25,2200579,あだち歯科クリニッ,〒520－1212高島市安曇川町西万木８１１番地,0740-32-6480,足立剛,足立剛,歯　矯歯　小歯,,平14.4.15,275_2026.7_kikanzentai_shiga_sika.pdf
歯科,25,2200603,藤本歯科医院,〒520－1522高島市新旭町新庄６２５番地１,0740-25-2232,藤本洋子,藤本洋子,歯　小歯　矯歯,,平20.1.1,275_2026.7_kikanzentai_shiga_sika.pdf
歯科,25,2200611,原田歯科医院,〒520－1632高島市今津町桜町一丁目６番１号,0740-22-2016,原田直一,原田直一,歯,,平20.1.1,275_2026.7_kikanzentai_shiga_sika.pdf
歯科,25,2200637,林歯科医院,〒520－1833高島市マキノ町蛭口１３６２,0740-27-1533,撰能理子,撰能理子,歯　小歯　矯歯,,平28.11.1,275_2026.7_kikanzentai_shiga_sika.pdf
歯科,25,2200645,桜井歯科医院,〒520－1813高島市マキノ町高木浜１－３－５,0740-20-4345,櫻井敬丈,櫻井敬丈,歯　小歯　歯外,,令3.7.1,275_2026.7_kikanzentai_shiga_sika.pdf
歯科,25,2200652,野上歯科医院,〒520－1501高島市新旭町旭二丁目２番地４,0740-25-7500,医療法人野上歯科医院理事長野上昌義,野上昌義,歯　小歯,,令4.12.1,275_2026.7_kikanzentai_shiga_sika.pdf
歯科,25,2200660,医療法人前川歯科医,〒520－1611高島市今津町弘川２５３,0740-22-5250,医療法人前川歯科医院理事長前川幹男,前川幹男,歯　小歯　矯歯　歯外,,令5.1.1,275_2026.7_kikanzentai_shiga_sika.pdf
歯科,25,2200678,安原歯科医院,〒520－1217高島市安曇川町田中４５－３,0740-32-0081,安原善樹,安原善樹,歯　小歯　歯外,,令4.12.21,275_2026.7_kikanzentai_shiga_sika.pdf
歯科,25,2200686,弘部歯科クリニック,〒520－1622高島市今津町中沼一丁目３番９号,0740-22-3800,弘部智,弘部智,歯,,令6.5.1,275_2026.7_kikanzentai_shiga_sika.pdf
歯科,25,2200694,なかの歯科,〒520－1214高島市安曇川町末広四丁目４０番地１,0740-32-3377,医療法人なかの歯科理事長中野公,中野公,歯　小歯　歯外,,令7.4.1,275_2026.7_kikanzentai_shiga_sika.pdf
歯科,25,2200702,たむら歯科・こども,〒520－1214高島市安曇川町末広三丁目３－１,0740-28-7570,田村光正,田村光正,歯　矯歯　小歯　歯外,,令7.10.1,275_2026.7_kikanzentai_shiga_sika.pdf
歯科,25,2300015,内貴歯科医院,〒520－3106湖南市石部中央三丁目１番４５号,0748-77-2350,内貴清,内貴清,歯,,昭43.2.23,275_2026.7_kikanzentai_shiga_sika.pdf
歯科,25,2300031,みねの歯科医院,〒520－3108湖南市石部南七丁目１番７号,0748-77-4722,峯野雅晴,峯野雅晴,歯　小歯,,平3.4.1,275_2026.7_kikanzentai_shiga_sika.pdf
歯科,25,2300049,佐藤歯科医院,〒520－3107湖南市石部東一丁目３番６号－１０１号室,0748-77-4839,佐藤博志,佐藤博志,歯　小歯,,平10.3.1,275_2026.7_kikanzentai_shiga_sika.pdf
歯科,25,2300056,医療法人愛全会,〒520－3101湖南市石部中央四丁目６番４１号,0748-77-6886,医療法人愛全会理事長西川淳雄,西川淳雄,歯　矯歯　小歯,,平10.10.9,275_2026.7_kikanzentai_shiga_sika.pdf
歯科,25,2300106,室谷歯科医院,〒520－3252湖南市岩根３６３番地１５,0748-75-3688,室谷篤男,室谷篤男,歯,,昭63.5.1,275_2026.7_kikanzentai_shiga_sika.pdf
歯科,25,2300122,医療法人坂本歯科,〒520－3214湖南市梅影町３番１６号,0748-75-2888,医療法人坂本歯科理事長坂本直幸,坂本直幸,歯　矯歯　歯外,,平2.10.1,275_2026.7_kikanzentai_shiga_sika.pdf
歯科,25,2300130,中森デンタルオフィ,〒520－3234湖南市中央一丁目２４番１号,0748-72-4618,中森啓介,中森啓介,歯,,平3.7.26,275_2026.7_kikanzentai_shiga_sika.pdf
歯科,25,2300148,菩提寺歯科診療所,〒520－3242湖南市菩提寺１００９番地４,0748-74-2572,林明輝,林明輝,歯　矯歯　小歯,,平7.4.1,275_2026.7_kikanzentai_shiga_sika.pdf
歯科,25,2300163,甲西中央歯科,〒520－3234湖南市中央五丁目６６番２号奴ビル２階,0748-72-8875,城後康秀,城後康秀,歯,,平8.10.1,275_2026.7_kikanzentai_shiga_sika.pdf
歯科,25,2300197,医療法人清風会,〒520－3248湖南市菩提寺西２丁目１４番地１号,0748-74-3718,医療法人清風会理事長小野智顕,小野智顕,歯　小歯　矯歯,,平14.5.1,275_2026.7_kikanzentai_shiga_sika.pdf
歯科,25,2300205,夏見歯科医院,〒520－3223湖南市夏見字一本木１１７１－４,0748-72-8846,中森由美,中森由美,歯　小歯,,平15.4.18,275_2026.7_kikanzentai_shiga_sika.pdf
歯科,25,2300239,芦田歯科医院,〒520－3221湖南市三雲４４５番地,0748-72-0020,芦田健史,芦田健史,歯,,平22.12.1,275_2026.7_kikanzentai_shiga_sika.pdf
歯科,25,2300254,医療法人創成会滋,〒520－3248湖南市菩提寺西３丁目１１－２９,0748-74-1584,医療法人創成会理事長山本敦之,古山裕太,歯　小歯　矯歯,,平24.4.1,275_2026.7_kikanzentai_shiga_sika.pdf
歯科,25,2300288,フレンド歯科,〒520－3248湖南市菩提寺西一丁目２－３,0748-74-1130,川井彰玲,川井彰玲,歯　小歯　歯外　矯歯,,平27.5.1,275_2026.7_kikanzentai_shiga_sika.pdf
歯科,25,2300296,ＳｉＫｉデンタル,〒520－3252湖南市岩根字徳行４５８０イオンタウン湖南内,0748-76-1182,中村式音,中村式音,歯　矯歯,,平30.12.1,275_2026.7_kikanzentai_shiga_sika.pdf
歯科,25,2300304,医療法人貴志会,〒520－3107湖南市石部東三丁目８番８号,0748-77-2555,医療法人貴志会理事長内貴寛敬,内貴寛敬,歯　小歯　歯外,,令元.11.1,275_2026.7_kikanzentai_shiga_sika.pdf
歯科,25,2300312,いしだ歯科,〒520－3107湖南市石部東２丁目５－５８,0748-77-8018,石田康,石田康,歯　小歯　歯外,,令2.1.1,275_2026.7_kikanzentai_shiga_sika.pdf
歯科,25,2300338,甲西歯科医院,〒520－3254湖南市岩根中央一丁目２６番地,0748-72-8610,木下禎樹,木下禎樹,歯　小歯　矯歯,,令6.10.1,275_2026.7_kikanzentai_shiga_sika.pdf
歯科,25,2400013,医療法人宏樹会下,〒521－,0749-55-0045,0242米原市長岡１５９９番地３医療法人宏樹会理事長下村卓也,下村卓也,歯,,平3.11.1,275_2026.7_kikanzentai_shiga_sika.pdf
歯科,25,2400054,村松歯科クリニック,〒521－0233米原市野一色３６７番地２１,0749-55-3877,村松英輔,村松英輔,歯　小歯,,平15.5.2,275_2026.7_kikanzentai_shiga_sika.pdf
歯科,25,2400062,瀧上歯科医院,〒521－0235米原市小田１０４８番地,0749-55-4182,瀧上啓志,瀧上啓志,歯　小歯　歯外,,平16.6.1,275_2026.7_kikanzentai_shiga_sika.pdf
歯科,25,2400138,医療法人ながおか,〒521－,0749-55-0571,0242米原市長岡１１９２番地１医療法人ながおか歯科クリニック理事長古川理絵,古川理絵,歯,,平17.4.1,275_2026.7_kikanzentai_shiga_sika.pdf
歯科,25,2400153,角田歯科医院,〒521－0012米原市米原５４６番地,0749-52-0238,角田円,角田円,歯　小歯,,平17.9.1,275_2026.7_kikanzentai_shiga_sika.pdf
歯科,25,2400161,近江スミダ歯科医院,〒521－0062米原市宇賀野２６７番地１,0749-52-4181,角田和芳,角田和芳,歯　小歯,,昭61.1.16,275_2026.7_kikanzentai_shiga_sika.pdf
歯科,25,2400179,山根歯科医院,〒521－0072米原市顔戸１３８０番地２,0749-52-5811,山根史考,山根史考,歯,,平5.4.15,275_2026.7_kikanzentai_shiga_sika.pdf
歯科,25,2400187,こばやし歯科,〒521－0072米原市顔戸６８１番地１,0749-52-6655,小林永策,小林永策,歯　小歯,,平13.3.1,275_2026.7_kikanzentai_shiga_sika.pdf
歯科,25,2400195,きたむら歯科,〒521－0072米原市顔戸６１５番地４,0749-52-6666,北村鉄也,北村鉄也,歯　小歯,,平16.5.1,275_2026.7_kikanzentai_shiga_sika.pdf
歯科,25,2400203,伊藤デンタルクリニ,〒521－0014米原市梅ヶ原栄４７,0749-52-4102,伊藤宗寛,伊藤宗寛,歯　小歯,,平22.7.1,275_2026.7_kikanzentai_shiga_sika.pdf
歯科,25,2400211,にのみや歯科医院,〒521－0314米原市春照１９１１－１,0749-58-0245,二宮昭,二宮昭,歯　小歯,,平28.8.1,275_2026.7_kikanzentai_shiga_sika.pdf
歯科,25,2400229,松原歯科医院,〒521－0016米原市下多良一丁目１５－２,0749-52-4555,松原徹,松原徹,歯　歯外　小歯,,平28.9.1,275_2026.7_kikanzentai_shiga_sika.pdf
歯科,25,2400237,みやび歯科展峰宋Ａ,〒521－0035米原市醒ヶ井６６３－１,0749-54-0105,岡戸雅彦,岡戸雅彦,歯,,平30.11.1,275_2026.7_kikanzentai_shiga_sika.pdf
薬局,25,0100803,株式会社友愛西大,〒520－0025大津市皇子ケ丘二丁目９番２２号ひまわりビル内,077-526-3848,株式会社友愛代表取締役隠岐英之,堀口礼子,調剤　薬局,,昭56.11.1,277_2026.7_kikanzentai_shiga_yakkyoku.pdf
薬局,25,0101215,スズキ調剤薬局,〒520－2144大津市大萱一丁目１６番１号,077-543-3331,スズキ薬局株式会社代表取締役鈴木寛和,北村香奈,調剤　薬局,,平5.6.1,277_2026.7_kikanzentai_shiga_yakkyoku.pdf
薬局,25,0101280,株式会社友愛浜大,〒520－0047大津市浜大津三丁目７番１７号,077-521-4588,株式会社友愛代表取締役隠岐英之,岡野豊子,調剤　薬局,,平6.5.1,277_2026.7_kikanzentai_shiga_yakkyoku.pdf
薬局,25,0101520,みつはま薬局,〒520－0105大津市下阪本六丁目２１番７号,077-578-6965,有限会社メディテック代表取締役大西延明,靏山達也,調剤　薬局,,平9.4.1,277_2026.7_kikanzentai_shiga_yakkyoku.pdf
薬局,25,0101629,じげん薬局大江店,〒520－2141大津市大江四丁目１９番１４号,077-548-2842,有限会社じげん代表取締役八木惠聽,米川京香,調剤　薬局,,平10.10.1,277_2026.7_kikanzentai_shiga_yakkyoku.pdf
薬局,25,0101736,わたなべ調剤薬局,〒520－2153大津市一里山一丁目２番１４号,077-547-2930,株式会社クロスメディック代表取締役渡辺茂,枩田敬弘,調剤　薬局,,平12.1.1,277_2026.7_kikanzentai_shiga_yakkyoku.pdf
薬局,25,0101744,スズキ調剤薬局南,〒520－0863大津市千町二丁目１５番３０号,077-537-8666,スズキ薬局株式会社代表取締役鈴木寛和,甲斐崇衛,調剤　薬局,,平12.3.1,277_2026.7_kikanzentai_shiga_yakkyoku.pdf
薬局,25,0101751,もも薬局膳所公園,〒520－0813大津市丸の内町９番３０号,077-510-0301,有限会社もも薬局代表取締役岡本雅子,千葉玲子,調剤　薬局,,平12.4.1,277_2026.7_kikanzentai_shiga_yakkyoku.pdf
薬局,25,0101769,大津ますだ薬局,〒520－0104大津市比叡辻二丁目１１番１８号,077-579-2436,有限会社メディテック代表取締役大西延明,古本貴人,調剤　薬局,,平12.4.1,277_2026.7_kikanzentai_shiga_yakkyoku.pdf
薬局,25,0101819,ドルフィン調剤薬局,〒520－0832大津市粟津町２番４９号オプト石山１階西室,077-531-0617,吉野彰人,吉野彰人,調剤　薬局,,平13.6.1,277_2026.7_kikanzentai_shiga_yakkyoku.pdf
薬局,25,0101827,株式会社友愛北大,〒520－0241大津市今堅田二丁目２３番１９号,077-571-1200,株式会社友愛代表取締役隠岐英之,三上志保,調剤　薬局,,平13.6.1,277_2026.7_kikanzentai_shiga_yakkyoku.pdf
薬局,25,0101876,キリン薬局,〒520－0045大津市札の辻３番１０号,077-511-4190,株式会社タイセイメディカルサービス代表取締役大西寬之,大里博美,調剤　薬局,,平14.2.1,277_2026.7_kikanzentai_shiga_yakkyoku.pdf
薬局,25,0101892,スズキ調剤薬局に,〒520－0801大津市におの浜二丁目２番５号１０９,077-511-4222,スズキ薬局株式会社代表取締役鈴木寛和,山本亮二,調剤　薬局,,平14.2.1,277_2026.7_kikanzentai_shiga_yakkyoku.pdf
薬局,25,0101942,本宮調剤薬局,〒520－0804大津市本宮二丁目９番２７号,077-511-5577,本宮調剤薬局株式会社代表取締役増田豊,小坂公美,調剤　薬局,,平14.4.1,277_2026.7_kikanzentai_shiga_yakkyoku.pdf
薬局,25,0101983,株式会社友愛マリ,〒520－0025大津市皇子が丘二丁目１０番２５号１１０,077-511-5741,株式会社友愛代表取締役隠岐英之,中野泰治,調剤　薬局,,平14.5.1,277_2026.7_kikanzentai_shiga_yakkyoku.pdf
薬局,25,0101991,秋葉台薬局,〒520－0822大津市秋葉台六丁目３８番１０１号,077-524-5080,有限会社ハイメディカル代表取締役尾崎博司,井尾由香,調剤　薬局,,平14.5.1,277_2026.7_kikanzentai_shiga_yakkyoku.pdf
薬局,25,0102007,フロンティア薬局,〒520－0804大津市本宮二丁目９番２６号,077-511-5730,株式会社フロンティア代表取締役重森裕之,髙井佳江,調剤　薬局,,平14.5.20,277_2026.7_kikanzentai_shiga_yakkyoku.pdf
薬局,25,0102056,スズキ調剤薬局西,〒520－0025大津市皇子が丘二丁目１０番２５－１０２号,077-511-0015,スズキ薬局株式会社代表取締役鈴木寛和,江澤絵里子,調剤　薬局,,平14.10.1,277_2026.7_kikanzentai_shiga_yakkyoku.pdf
薬局,25,0102098,ティエス調剤薬局く,〒520－2279大津市黒津二丁目１６－２３,077-546-7923,株式会社ティエスプラン代表取締役山本一哉,北村麗子,調剤　薬局,,平14.11.1,277_2026.7_kikanzentai_shiga_yakkyoku.pdf
薬局,25,0102122,勝馬薬局大津店,〒520－0106大津市唐崎三丁目３－１７唐崎トライアングルビル１階,077-578-5111,勝馬和子,勝馬和子,調剤　薬局,,平15.6.2,277_2026.7_kikanzentai_shiga_yakkyoku.pdf
薬局,25,0102189,サンタ薬局田上店,〒520－2276大津市里三丁目７番１０号,077-546-1882,有限会社サンタメディカル代表取締役横田葉一,和田英樹,調剤　薬局,,平16.4.1,277_2026.7_kikanzentai_shiga_yakkyoku.pdf
薬局,25,0102197,サンタ薬局南郷店,〒520－0865大津市南郷五丁目１３番１８号,077-533-6880,有限会社サンタメディカル代表取締役横田葉一,柿木正幸,調剤　薬局,,平16.4.1,277_2026.7_kikanzentai_shiga_yakkyoku.pdf
薬局,25,0102205,サンタ薬局瀬田店,〒520－2134大津市瀬田五丁目２３番１７号,077-545-7052,有限会社サンタメディカル代表取締役横田葉一,田中利佳,調剤　薬局,,平16.4.1,277_2026.7_kikanzentai_shiga_yakkyoku.pdf
薬局,25,0102239,つくし薬局大江店,〒520－2141大津市大江三丁目２４番１４号,077-547-3383,有限会社つくし薬局代表取締役木下博之,河野美岐,調剤　薬局,,平16.5.1,277_2026.7_kikanzentai_shiga_yakkyoku.pdf
薬局,25,0102254,まの薬局,〒520－0232大津市真野一丁目１番６２号江若交通ビル１階,077-571-0765,有限会社メディテック代表取締役大西延明,北川貴子,調剤　薬局,,平16.6.1,277_2026.7_kikanzentai_shiga_yakkyoku.pdf
薬局,25,0102270,瀬田調剤薬局,〒520－2153大津市一里山三丁目１番１号,077-544-5500,有限会社エース調剤代表取締役高橋忠雄,高橋忠雄,調剤　薬局,,平17.3.1,277_2026.7_kikanzentai_shiga_yakkyoku.pdf
薬局,25,0102338,株式会社友愛見世,〒520－0004大津市見世二丁目２番２２号,077-525-2359,株式会社友愛代表取締役隠岐英之,杉江陽子,調剤　薬局,,平17.10.2,277_2026.7_kikanzentai_shiga_yakkyoku.pdf
薬局,25,0102361,株式会社ルックドイ,〒520－0522大津市和邇中浜４４４番地１,077-594-5566,株式会社ルックドイ薬局代表取締役戸井一郎,中田洋子,調剤　薬局,,平7.2.1,277_2026.7_kikanzentai_shiga_yakkyoku.pdf
薬局,25,0102395,とまと薬局和迩店,〒520－0529大津市和邇春日ニ丁目８６８番地３５,077-594-8839,株式会社クリアメディカル代表取締役田中秀幸,由肥春香,調剤　薬局,,平14.7.1,277_2026.7_kikanzentai_shiga_yakkyoku.pdf
薬局,25,0102460,すこやか薬局・浜大,〒520－,077-510-0201,0046大津市長等二丁目１０番２１号株式会社近畿予防医学研究所代表取締役広田周一,浦ひふみ,調剤　薬局,,平18.11.1,277_2026.7_kikanzentai_shiga_yakkyoku.pdf
薬局,25,0102502,たんぽぽ薬局大津,〒520－0846大津市富士見台１４番２１号,077-537-7301,たんぽぽ薬局株式会社代表取締役松野英子,横江沙緒里,調剤　薬局,,平19.1.1,277_2026.7_kikanzentai_shiga_yakkyoku.pdf
薬局,25,0102528,ふれあい薬局・富士,〒520－0846大津市富士見台１４番１６号,077-531-1880,株式会社近畿予防医学研究所代表取締役広田周一,杉岡拓朗,調剤　薬局,,平19.2.1,277_2026.7_kikanzentai_shiga_yakkyoku.pdf
薬局,25,0102544,株式会社おくやま,〒520－2145大津市大将軍一丁目１３番７号,077-545-6035,株式会社おくやま薬局代表取締役奥山義男,奥山由美子,調剤　薬局,,平19.7.1,277_2026.7_kikanzentai_shiga_yakkyoku.pdf
薬局,25,0102551,じげん薬局浜大津,〒520－0047大津市浜大津二丁目１番２３号,077-527-0780,有限会社じげん代表取締役八木惠聽,桜井弘美,調剤　薬局,,平19.8.1,277_2026.7_kikanzentai_shiga_yakkyoku.pdf
薬局,25,0102650,ユタカ薬局西大津,〒520－0024大津市松山町９番１５号,077-524-1141,株式会社ユタカファーマシー代表取締役錦織征紀,川端佳奈,調剤　薬局,,平20.8.1,277_2026.7_kikanzentai_shiga_yakkyoku.pdf
薬局,25,0102668,すみれ薬局,〒520－0006大津市滋賀里一丁目８番２９号,077-521-6103,株式会社メディカルルーツ代表取締役日紫喜貴広,日紫喜貴広,調剤　薬局,,平20.8.1,277_2026.7_kikanzentai_shiga_yakkyoku.pdf
薬局,25,0102692,スギ薬局衣川店,〒520－0244大津市衣川一丁目３７番２号,077-571-0468,株式会社スギ薬局代表取締役杉浦伸哉,中田良平,調剤　薬局,,平20.9.1,277_2026.7_kikanzentai_shiga_yakkyoku.pdf
薬局,25,0102700,スギ薬局瀬田店,〒520－2144大津市大萱一丁目７番１７号,077-548-3901,株式会社スギ薬局代表取締役杉浦伸哉,松本光平,調剤　薬局,,平20.9.1,277_2026.7_kikanzentai_shiga_yakkyoku.pdf
薬局,25,0102726,スギ薬局堅田店,〒520－0241大津市今堅田二丁目１２番２号,077-571-1099,株式会社スギ薬局代表取締役杉浦伸哉,武谷瑠璃,調剤　薬局,,平20.9.1,277_2026.7_kikanzentai_shiga_yakkyoku.pdf
薬局,25,0102742,ヤマグチ薬局明日,〒520－8530大津市浜大津４丁目１番１号明日都浜大津,077-510-7550,株式会社ヤマグチ薬局代表取締役山口重雄,北村美鶴,調剤　薬局,,平20.11.1,277_2026.7_kikanzentai_shiga_yakkyoku.pdf
薬局,25,0102775,山本薬局,〒520－0113大津市坂本三丁目３２番２９号,077-579-3299,株式会社山玉代表取締役山本和也,山本和也,調剤　薬局,,平21.3.1,277_2026.7_kikanzentai_shiga_yakkyoku.pdf
薬局,25,0102791,ファルコ薬局神領,〒520－2132大津市神領二丁目４０番２１号,077-545-3120,株式会社ファルコファーマシーズ代表取締役阿部治,奥野智惠,調剤　薬局,,平21.3.21,277_2026.7_kikanzentai_shiga_yakkyoku.pdf
薬局,25,0102809,ファルコ薬局あい,〒520－0865大津市南郷一丁目６番１０号,077-533-3638,株式会社ファルコファーマシーズ代表取締役阿部治,藤原智,調剤　薬局,,平21.3.21,277_2026.7_kikanzentai_shiga_yakkyoku.pdf
薬局,25,0102817,なの花薬局仰木の,〒520－0246大津市仰木の里七丁目１番１３号,077-536-5508,株式会社なの花西日本代表取締役宇野光裕,山代初美,調剤　薬局,,平21.5.1,277_2026.7_kikanzentai_shiga_yakkyoku.pdf
薬局,25,0102825,株式会社友愛神宮,〒520－0026大津市桜野町一丁目１６番１２号,077-526-8655,株式会社友愛代表取締役隠岐英之,福尾清美,調剤　薬局,,平21.6.1,277_2026.7_kikanzentai_shiga_yakkyoku.pdf
薬局,25,0102841,びわこ薬局,〒520－0002大津市際川三丁目１番１号,077-522-0105,金ヒョウイチ,崔明實,調剤　薬局,,平21.7.1,277_2026.7_kikanzentai_shiga_yakkyoku.pdf
薬局,25,0102858,ハート調剤薬局石,〒520－0862大津市平津一丁目３０番１８号,077-531-0746,株式会社ハートファーマシー代表取締役嶋博之,嶋博樹,調剤　薬局,,平21.6.1,277_2026.7_kikanzentai_shiga_yakkyoku.pdf
薬局,25,0102866,はぴねす調剤薬局,〒520－0057大津市御幸町１番２８,077-524-6161,株式会社ケイ・エム・シー代表取締役松山喜範,大平博,調剤　薬局,,平21.9.1,277_2026.7_kikanzentai_shiga_yakkyoku.pdf
薬局,25,0102882,ヤマヤ薬局,〒520－0242大津市本堅田二丁目８番１５号,077-573-6578,山本麻早見,山本幹也,調剤　薬局,,平22.2.1,277_2026.7_kikanzentai_shiga_yakkyoku.pdf
薬局,25,0102890,オリーブ薬局,〒520－0027大津市錦織三丁目１６番２０号,077-522-5005,有限会社メディテック代表取締役大西延明,安孫子眞紀,調剤　薬局,,平22.4.1,277_2026.7_kikanzentai_shiga_yakkyoku.pdf
薬局,25,0102916,ピュア調剤薬局,〒520－0027大津市錦織三丁目１０番２５号ミノベマンション１Ｆ,077-525-7713,株式会社マーメイド代表取締役吾郷雅昭,早川久代,調剤　薬局,,平22.6.1,277_2026.7_kikanzentai_shiga_yakkyoku.pdf
薬局,25,0102932,ファースト調剤薬局,〒520－0242大津市本堅田四丁目６番２１号,077-571-0707,株式会社ファースト代表取締役下島貴博,橋井勝,調剤　薬局,,平22.10.1,277_2026.7_kikanzentai_shiga_yakkyoku.pdf
薬局,25,0102940,スギ薬局大津富士,〒520－0846大津市富士見台３番１号,077-531-0180,株式会社スギ薬局代表取締役杉浦伸哉,桒野芽,調剤　薬局,,平23.3.1,277_2026.7_kikanzentai_shiga_yakkyoku.pdf
薬局,25,0102965,さかのいち調剤薬局,〒520－0113大津市坂本三丁目３２番２１号,077-579-8521,株式会社マーメイド代表取締役吾郷雅昭,木村圭輔,調剤　薬局,,平23.4.1,277_2026.7_kikanzentai_shiga_yakkyoku.pdf
薬局,25,0102981,ファルコ薬局瀬田,〒520－2132大津市神領一丁目９－１８,077-572-6516,株式会社ファルコファーマシーズ代表取締役阿部治,山田千明,調剤　薬局,,平23.8.1,277_2026.7_kikanzentai_shiga_yakkyoku.pdf
薬局,25,0102999,れもん薬局,〒520－0113大津市坂本六丁目３０番３７号,077-536-5482,有限会社メディテック代表取締役大西延明,小野匡子,調剤　薬局,,平23.9.1,277_2026.7_kikanzentai_shiga_yakkyoku.pdf
薬局,25,0103005,ツタ薬局大津京町,〒520－0044大津市京町一丁目２番２３号奥村ビル１階,077-510-2011,株式会社サン・アイビー代表取締役別役末治,別役奈穂子,調剤　薬局,,平23.9.1,277_2026.7_kikanzentai_shiga_yakkyoku.pdf
薬局,25,0103039,スギ薬局大津京駅,〒520－0025大津市皇子が丘二丁目８番５号,077-510-7377,株式会社スギ薬局代表取締役杉浦伸哉,滝岡由美,調剤　薬局,,平24.4.1,277_2026.7_kikanzentai_shiga_yakkyoku.pdf
薬局,25,0103054,福徳寿薬局,〒520－2152大津市月輪一丁目３番８号アルプラザ瀬田１階,077-545-7302,有限会社シンエイ代表取締役辻佳克,辻佳克,調剤　薬局,,平24.7.17,277_2026.7_kikanzentai_shiga_yakkyoku.pdf
薬局,25,0103062,ふるさと薬局,〒520－2276大津市里五丁目２番１１号,077-536-3410,株式会社アモス代表取締役神尾太資,芝原隆之,調剤　薬局,,平24.8.1,277_2026.7_kikanzentai_shiga_yakkyoku.pdf
薬局,25,0103070,ふるさと薬局石山,〒520－0832大津市粟津町４番７号石山駅前近江鉄道ビル１階,077-531-2236,株式会社アモス代表取締役神尾太資,栗山奈保子,調剤　薬局,,平24.8.1,277_2026.7_kikanzentai_shiga_yakkyoku.pdf
薬局,25,0103112,すばる薬局,〒520－0814大津市本丸町３番８－１号,077-510-7505,吉川泰樹,吉川泰樹,調剤　薬局,,平25.2.12,277_2026.7_kikanzentai_shiga_yakkyoku.pdf
薬局,25,0103120,うさぎ調剤薬局,〒520－0832大津市粟津町１７番２１－２号,077-537-8884,株式会社うさぎメディケア代表取締役丹波卯子,澤井智江,調剤　薬局,,平25.4.1,277_2026.7_kikanzentai_shiga_yakkyoku.pdf
薬局,25,0103138,うさぎ調剤薬局浜,〒520－0047大津市浜大津三丁目２番１号,077-521-7775,株式会社うさぎメディケア代表取締役丹波卯子,難波雄,調剤　薬局,,平25.5.1,277_2026.7_kikanzentai_shiga_yakkyoku.pdf
薬局,25,0103146,サンドラッグ大津美,〒520－0841大津市美崎町２番２５号,077-531-2238,株式会社サンドラッグ代表取締役貞方宏司,熱海学,調剤　薬局,,平25.5.1,277_2026.7_kikanzentai_shiga_yakkyoku.pdf
薬局,25,0103153,スギ薬局堅田東店,〒520－0241大津市今堅田二丁目２３番１７号,077-571-1080,株式会社スギ薬局代表取締役杉浦伸哉,青田凌馬,調剤　薬局,,平25.5.1,277_2026.7_kikanzentai_shiga_yakkyoku.pdf
薬局,25,0103161,ジップドラッグ唐崎,〒520－0004大津市見世二丁目１９番５５号,077-510-0655,株式会社ココカラファインヘルスケア代表取締役岡澤隆弘,塚本尋子,調剤　薬局,,平25.4.1,277_2026.7_kikanzentai_shiga_yakkyoku.pdf
薬局,25,0103179,福尾薬局,〒520－,077-524-3305,0046大津市長等三丁目３番２０号端山庄子,端山庄子,調剤　薬局,,平25.8.1,277_2026.7_kikanzentai_shiga_yakkyoku.pdf
薬局,25,0103187,ハーモニー薬局・石,〒520－0831大津市松原町１４番１６号レゾナンスビル１階,077-574-7555,株式会社ハーモニー・レゾナンス代表取締役籏瀨昌生,松村美保,調剤　薬局,,平25.8.1,277_2026.7_kikanzentai_shiga_yakkyoku.pdf
薬局,25,0103203,なの花薬局中ノ庄,〒520－0837大津市中庄一丁目１４番１０号－３,077-526-8805,株式会社なの花西日本代表取締役宇野光裕,澤久子,調剤　薬局,,平25.10.1,277_2026.7_kikanzentai_shiga_yakkyoku.pdf
薬局,25,0103211,漢方舎アルカ薬局,〒520－0242大津市本堅田６丁目３５番２６号,077-573-1288,株式会社アルカ代表取締役中島康伸,泉祐輔,調剤　薬局,,平25.11.1,277_2026.7_kikanzentai_shiga_yakkyoku.pdf
薬局,25,0103229,共創未来大津真野,〒520－0232大津市真野五丁目１番３０号,077-572-1251,株式会社ファーマみらい代表取締役岡山善郎,瀬川恵,調剤　薬局,,平25.11.1,277_2026.7_kikanzentai_shiga_yakkyoku.pdf
薬局,25,0103245,クロス調剤薬局,〒520－0055大津市春日町２番１号ＣＯＣＯＬＡＳ大津１０３号,077-526-8232,株式会社クロスメディック代表取締役渡辺茂,中井順一,調剤　薬局,,平25.12.2,277_2026.7_kikanzentai_shiga_yakkyoku.pdf
薬局,25,0103286,ウエルシア薬局大,〒520－0103大津市木の岡町５１番１号,077-577-3371,ウエルシア薬局株式会社代表取締役田中純一,木根啓多,調剤　薬局,,平26.9.1,277_2026.7_kikanzentai_shiga_yakkyoku.pdf
薬局,25,0103294,ショコラ調剤薬局,〒520－0004大津市見世二丁目１９番２２号コーポイーボス１０１号,077-574-7795,株式会社マーメイド代表取締役吾郷雅昭,植田龍太郎,調剤　薬局,,平26.12.1,277_2026.7_kikanzentai_shiga_yakkyoku.pdf
薬局,25,0103302,アイガー薬局,〒520－0834大津市御殿浜２２－２０,077-548-6693,伊東かおる,伊東かおる,調剤　薬局,,平27.1.1,277_2026.7_kikanzentai_shiga_yakkyoku.pdf
薬局,25,0103310,スギ薬局石山店,〒520－0855大津市栄町６番２５号,077-526-5998,株式会社スギ薬局代表取締役杉浦伸哉,中村由佳,調剤　薬局,,平27.4.1,277_2026.7_kikanzentai_shiga_yakkyoku.pdf
薬局,25,0103328,ユタカ薬局大津市民,〒520－0803大津市竜が丘１番３号,077-510-0622,株式会社ユタカファーマシー代表取締役錦織征紀,光,調剤　薬局,,平27.8.1,277_2026.7_kikanzentai_shiga_yakkyoku.pdf
薬局,25,0103336,ユタカ薬局ひえい辻,〒520－0105大津市下阪本六丁目１６番１６号,077-577-5005,株式会社ユタカファーマシー代表取締役錦織征紀,岡田智香,調剤　薬局,,平27.9.1,277_2026.7_kikanzentai_shiga_yakkyoku.pdf
薬局,25,0103344,キノシタ薬局,〒520－0832大津市粟津町１７－１１鶴屋ビル１Ｆ,077-534-8830,キノシタ薬局株式会社代表取締役今井陽子,柿谷奈津子,調剤　薬局,,平27.9.1,277_2026.7_kikanzentai_shiga_yakkyoku.pdf
薬局,25,0103351,にじいろ薬局,〒520－2145大津市大将軍１丁目９－１２,077-547-2520,株式会社おくやま薬局代表取締役奥山義男,冨永健介,調剤　薬局,,平27.11.1,277_2026.7_kikanzentai_shiga_yakkyoku.pdf
薬局,25,0103369,琵琶湖サニー薬局,〒520－0854大津市鳥居川町４番１８号,077-531-0664,メグコーポレート株式会社代表取締役松山恵美子,越川法子,調剤　薬局,,平28.3.1,277_2026.7_kikanzentai_shiga_yakkyoku.pdf
薬局,25,0103377,なの花薬局わに店,〒520－0528大津市和邇高城２６７－１,077-594-2411,株式会社なの花西日本代表取締役宇野光裕,水谷奈津子,調剤　薬局,,平28.4.1,277_2026.7_kikanzentai_shiga_yakkyoku.pdf
薬局,25,0103385,なの花薬局堅田店,〒520－0241大津市今堅田二丁目１４－１ＡＳレジデンス大津堅田１Ｆ,077-573-4011,株式会社なの花西日本代表取締役宇野光裕,横井川三鈴,調剤　薬局,,平28.4.1,277_2026.7_kikanzentai_shiga_yakkyoku.pdf
薬局,25,0103393,なの花薬局大津坂,〒520－0113大津市坂本一丁目２５－５,077-578-5311,株式会社なの花西日本代表取締役宇野光裕,菜嶋知里,調剤　薬局,,平28.4.1,277_2026.7_kikanzentai_shiga_yakkyoku.pdf
薬局,25,0103419,ウエルシア薬局大,〒520－0242大津市本堅田５－９－１２,077-571-0805,ウエルシア薬局株式会社代表取締役田中純一,河村萌美,調剤　薬局,,平28.9.1,277_2026.7_kikanzentai_shiga_yakkyoku.pdf
薬局,25,0103427,アイセイ薬局唐崎,〒520－0001大津市蓮池町１４－２５,077-526-8166,株式会社アイセイ薬局代表取締役藤井江美,久保貴子,調剤　薬局,,平28.10.1,277_2026.7_kikanzentai_shiga_yakkyoku.pdf
薬局,25,0103443,ユタカ薬局瀬田,〒520－2141大津市大江二丁目３４－１４,077-547-1051,株式会社ユタカファーマシー代表取締役錦織征紀,後藤絵里子,調剤　薬局,,平29.4.1,277_2026.7_kikanzentai_shiga_yakkyoku.pdf
薬局,25,0103468,おの薬局,〒520－0532大津市湖青一丁目１－１４,077-594-8050,株式会社ラパスファルマシア代表取締役太田春樹,太田春樹,調剤　薬局,,平29.9.1,277_2026.7_kikanzentai_shiga_yakkyoku.pdf
薬局,25,0103484,ファミリー薬局,〒520－0861大津市石山寺三丁目２２－１０,077-533-2775,株式会社グットメディカル代表取締役梶田慈道,川嶋延子,調剤　薬局,,平29.9.1,277_2026.7_kikanzentai_shiga_yakkyoku.pdf
薬局,25,0103500,エスケー薬局,〒520－0043大津市中央一丁目１－７,077-527-5670,株式会社エスケーエヌファーマシー代表取締役中野純人,中野純人,調剤　薬局,,平30.4.1,277_2026.7_kikanzentai_shiga_yakkyoku.pdf
薬局,25,0103518,もくれん薬局,〒520－0832大津市粟津町２－６５,077-534-1540,株式会社マーメイド代表取締役吾郷雅昭,井高巧,調剤　薬局,,平30.4.1,277_2026.7_kikanzentai_shiga_yakkyoku.pdf
薬局,25,0103526,スギ薬局瀬田東店,〒520－2152大津市月輪二丁目１－８,077-572-7752,株式会社スギ薬局代表取締役杉浦伸哉,青木未奈,調剤　薬局,,平30.5.1,277_2026.7_kikanzentai_shiga_yakkyoku.pdf
薬局,25,0103534,アイセイ薬局瀬田,〒520－2145大津市大将軍一丁目１７－７,077-548-3015,株式会社アイセイ薬局代表取締役藤井江美,井上万夕,調剤　薬局,,平30.5.1,277_2026.7_kikanzentai_shiga_yakkyoku.pdf
薬局,25,0103542,アイセイ薬局瀬田,〒520－2141大津市大江七丁目６－４７,077-548-3055,株式会社アイセイ薬局代表取締役藤井江美,田中慶子,調剤　薬局,,平30.5.1,277_2026.7_kikanzentai_shiga_yakkyoku.pdf
薬局,25,0103559,膳所ゆう薬局,〒520－0802大津市馬場三丁目２－２８,077-510-5650,株式会社京都南調剤薬局代表取締役神林純二,上西佑弥,調剤　薬局,,平30.4.1,277_2026.7_kikanzentai_shiga_yakkyoku.pdf
薬局,25,0103567,アイリス薬局,〒520－0106大津市唐崎三丁目１－１０,077-577-3362,株式会社ファーマエッジ代表取締役井出口敬亮,井出口敬亮,調剤　薬局,,平30.5.1,277_2026.7_kikanzentai_shiga_yakkyoku.pdf
薬局,25,0103575,かのん薬局,〒520－,077-526-5822,0046大津市長等一丁目４－１株式会社レークケア代表取締役西村雄一,森本俊,調剤　薬局,,平30.9.1,277_2026.7_kikanzentai_shiga_yakkyoku.pdf
薬局,25,0103583,松が丘プラス薬局,〒520－2102大津市松が丘七丁目１６－２３,077-576-5888,有限会社プラス薬局代表取締役大迫芳孝,森田奈美,調剤　薬局,,平30.10.1,277_2026.7_kikanzentai_shiga_yakkyoku.pdf
薬局,25,0103591,クオール薬局膳所駅,〒520－0802大津市馬場二丁目７－５,077-524-1740,クオール株式会社代表取締役柄澤忍,我藤智枝,調剤　薬局,,平30.10.1,277_2026.7_kikanzentai_shiga_yakkyoku.pdf
薬局,25,0103617,アイン薬局大津石山,〒520－0832大津市粟津町３－２ＪＲ石山駅ＮＫビル３０１号,077-537-7227,株式会社アインファーマシーズ代表取締役淡路英広,米倉朱美,調剤　薬局,,平30.11.1,277_2026.7_kikanzentai_shiga_yakkyoku.pdf
薬局,25,0103633,ウエルシア薬局大,〒520－0862大津市平津一丁目６－１７,077-531-2730,ウエルシア薬局株式会社代表取締役田中純一,山本千佳代,調剤　薬局,,平31.3.1,277_2026.7_kikanzentai_shiga_yakkyoku.pdf
薬局,25,0103641,クスリのアオキ際川,〒520－0002大津市際川四丁目１０－３１,077-572-6168,株式会社クスリのアオキ代表取締役青木宏憲,小杉一真,調剤　薬局,,平31.4.1,277_2026.7_kikanzentai_shiga_yakkyoku.pdf
薬局,25,0103658,まごころ薬局,〒520－0026大津市桜野町二丁目１３－３,077-510-1123,株式会社まごころ代表取締役八田泰寛,中村友紀,調剤　薬局,,令元.5.1,277_2026.7_kikanzentai_shiga_yakkyoku.pdf
薬局,25,0103666,ぱんだ薬局瀬田店,〒520－2145大津市大将軍三丁目２４－８,077-536-5038,ベネディカル株式会社代表取締役吉田将之,坂本芳庸,調剤　薬局,,令元.7.1,277_2026.7_kikanzentai_shiga_yakkyoku.pdf
薬局,25,0103674,クスリのアオキ堅田,〒520－0242大津市本堅田六丁目２５－１,077-536-5520,株式会社クスリのアオキ代表取締役青木宏憲,平田翔也,調剤　薬局,,令元.8.1,277_2026.7_kikanzentai_shiga_yakkyoku.pdf
薬局,25,0103682,スギ薬局神領店,〒520－2132大津市神領二丁目３２－１,077-547-3830,株式会社スギ薬局代表取締役杉浦伸哉,青山聡,調剤　薬局,,令元.9.5,277_2026.7_kikanzentai_shiga_yakkyoku.pdf
薬局,25,0103716,クスリのアオキ大津,〒520－0014大津市柳川二丁目５－１,077-526-7982,株式会社クスリのアオキ代表取締役青木宏憲,小西茉緒,調剤　薬局,,令2.3.1,277_2026.7_kikanzentai_shiga_yakkyoku.pdf
薬局,25,0103724,ファミリー薬局寺津,〒520－0861大津市石山寺三丁目１５－４５,077-531-3210,株式会社グットメディカル代表取締役梶田慈道,三橋佑介,調剤　薬局,,令2.2.1,277_2026.7_kikanzentai_shiga_yakkyoku.pdf
薬局,25,0103732,クスリのアオキ比叡,〒520－0104大津市比叡辻二丁目８－５,077-548-8836,株式会社クスリのアオキ代表取締役青木宏憲,田中紀行,調剤　薬局,,令2.5.1,277_2026.7_kikanzentai_shiga_yakkyoku.pdf
薬局,25,0103740,スギ薬局大津中央,〒520－0806大津市打出浜１３－２７,077-526-5923,株式会社スギ薬局代表取締役杉浦伸哉,島優,調剤　薬局,,令2.6.1,277_2026.7_kikanzentai_shiga_yakkyoku.pdf
薬局,25,0103757,ユタカ薬局大津月,〒520－2152大津市月輪三丁目２１－１,077-547-2270,株式会社ユタカファーマシー代表取締役錦織征紀,佐治由実,調剤　薬局,,令2.6.1,277_2026.7_kikanzentai_shiga_yakkyoku.pdf
薬局,25,0103765,こころ薬局,〒520－0241大津市今堅田二丁目１６－１,077-572-9764,株式会社サンクファーマ代表取締役中川景行,川崎直美,調剤　薬局,,令2.8.3,277_2026.7_kikanzentai_shiga_yakkyoku.pdf
薬局,25,0103773,調剤薬局ツルハドラ,〒520－0867大津市大平二丁目１－５,077-531-0268,株式会社ツルハ代表取締役社長八幡政浩,佐々木豊,調剤　薬局,,令2.8.1,277_2026.7_kikanzentai_shiga_yakkyoku.pdf
薬局,25,0103781,スギ薬局南郷店,〒520－0865大津市南郷一丁目５－１,077-572-9701,株式会社スギ薬局代表取締役杉浦伸哉,安井陽香,調剤　薬局,,令2.10.1,277_2026.7_kikanzentai_shiga_yakkyoku.pdf
薬局,25,0103799,あかつき薬局,〒520－0846大津市富士見台１４－１９,077-533-1422,株式会社アカツキファーマ代表取締役田村暁,田村暁,調剤　薬局,,令2.10.1,277_2026.7_kikanzentai_shiga_yakkyoku.pdf
薬局,25,0103807,クスリのアオキ唐崎,〒520－0004大津市見世一丁目１８－１,077-572-6673,株式会社クスリのアオキ代表取締役青木宏憲,小西祐輔,調剤　薬局,,令3.2.1,277_2026.7_kikanzentai_shiga_yakkyoku.pdf
薬局,25,0103831,ユタカ薬局真野,〒520－0232大津市真野六丁目７－２,077-571-6220,株式会社ユタカファーマシー代表取締役錦織征紀,木下浩一,調剤　薬局,,令3.7.1,277_2026.7_kikanzentai_shiga_yakkyoku.pdf
薬局,25,0103849,そうごう薬局膳所,〒520－0802大津市馬場二丁目９－１ＩＢＯＴＳＵ１階,077-510-0531,総合メディカル株式会社代表取締役多田荘一郎,村瀬満政,調剤　薬局,,令3.8.1,277_2026.7_kikanzentai_shiga_yakkyoku.pdf
薬局,25,0103856,株式会社友愛オキ,〒520－0043大津市中央１丁目６番２５号,077-522-2783,株式会社友愛代表取締役隠岐英之,隠岐弥生,調剤　薬局,,令3.9.1,277_2026.7_kikanzentai_shiga_yakkyoku.pdf
薬局,25,0103864,スギ薬局御殿浜店,〒520－0834大津市御殿浜２３－１０,077-526-7482,株式会社スギ薬局代表取締役杉浦伸哉,神崎海史,調剤　薬局,,令3.10.1,277_2026.7_kikanzentai_shiga_yakkyoku.pdf
薬局,25,0103872,大津京こと薬局,〒520－0021大津市二本松１－１ブランチ大津京２階,077-548-7312,株式会社レークファーマシー代表取締役西村雄一,宮﨑恵未,調剤　薬局,,令4.1.1,277_2026.7_kikanzentai_shiga_yakkyoku.pdf
薬局,25,0103880,スギ薬局おごと温,〒520－0248大津市仰木の里東一丁目１－８,077-572-8582,株式会社スギ薬局代表取締役杉浦伸哉,瀬津李奈,調剤　薬局,,令4.3.1,277_2026.7_kikanzentai_shiga_yakkyoku.pdf
薬局,25,0103914,キリン堂薬局皇子,〒520－0033大津市大門通１６－４７,077-510-0180,株式会社キリン堂代表取締役寺西豊彦,鮎川立希,調剤　薬局,,令4.8.1,277_2026.7_kikanzentai_shiga_yakkyoku.pdf
薬局,25,0103930,ニシムラ薬局,〒520－0844大津市国分一丁目９番２５号,077-531-1071,株式会社ニシムラ・ウェル・ビーイング代表取締役村秀明,村秀明,調剤　薬局,,令4.8.23,277_2026.7_kikanzentai_shiga_yakkyoku.pdf
薬局,25,0103963,ポプラ薬局,〒520－0043大津市中央三丁目５－９,077-527-9166,有限会社メディテック代表取締役大西延明,小南晴洋,調剤　薬局,,令5.4.1,277_2026.7_kikanzentai_shiga_yakkyoku.pdf
薬局,25,0103971,スギ薬局在宅調剤,〒520－0241大津市今堅田ニ丁目１３－２５,077-572-6065,株式会社スギ薬局代表取締役杉浦伸哉,端山真弓,調剤　薬局,,令5.7.1,277_2026.7_kikanzentai_shiga_yakkyoku.pdf
薬局,25,0103989,Ｖ・ｄｒｕｇ大将,〒520－2145大津市大将軍一丁目２－１５,077-548-8753,中部薬品株式会社代表取締役佐口弥,堀口大介,調剤　薬局,,令5.7.1,277_2026.7_kikanzentai_shiga_yakkyoku.pdf
薬局,25,0103997,かすが調剤薬局,〒520－0526大津市和邇中３１６－１,077-594-5652,株式会社コペン代表取締役鈴木隆之,菅道俊,調剤　薬局,,令5.10.1,277_2026.7_kikanzentai_shiga_yakkyoku.pdf
薬局,25,0104003,駅前すみれ薬局,〒520－0242大津市本堅田五丁目２３－８,077-574-1752,株式会社コペン代表取締役鈴木隆之,中尾香名,調剤　薬局,,令5.10.1,277_2026.7_kikanzentai_shiga_yakkyoku.pdf
薬局,25,0104029,かたた薬局,〒520－0241大津市今堅田二丁目２６－１８,077-573-6852,株式会社コペン代表取締役鈴木隆之,宮嶋千玲,調剤　薬局,,令5.10.1,277_2026.7_kikanzentai_shiga_yakkyoku.pdf
薬局,25,0104037,比良薬局,〒520－0242大津市本堅田一丁目１８－１７,077-572-3252,株式会社コペン代表取締役鈴木隆之,山田誠,調剤　薬局,,令5.10.1,277_2026.7_kikanzentai_shiga_yakkyoku.pdf
薬局,25,0104045,河野薬局,〒520－0242大津市本堅田五丁目２０－１０アルプラザ堅田店１Ｆ,077-573-3252,株式会社コペン代表取締役鈴木隆之,関口隆司,調剤　薬局,,令5.10.1,277_2026.7_kikanzentai_shiga_yakkyoku.pdf
薬局,25,0104052,リブラ薬局一里山,〒520－2153大津市一里山三丁目７－８,077-547-2232,株式会社フィールドファーマシー代表取締役岩下正志,須藤寛子,調剤　薬局,,令5.12.1,277_2026.7_kikanzentai_shiga_yakkyoku.pdf
薬局,25,0104060,ユタカ薬局瀬田西,〒520－2134大津市瀬田二丁目９－３４,077-526-7764,株式会社ユタカファーマシー代表取締役錦織征紀,神谷晶子,調剤　薬局,,令6.3.1,277_2026.7_kikanzentai_shiga_yakkyoku.pdf
薬局,25,0104078,きいろ薬局,〒520－0232大津市真野一丁目３－４８,077-572-9226,株式会社サンクファーマ代表取締役中川景行,田朋子,調剤　薬局,,令6.3.1,277_2026.7_kikanzentai_shiga_yakkyoku.pdf
薬局,25,0104086,かえる薬局大津京店,〒520－0024大津市松山町１－２４,077-548-7281,濵口義大,藤田康二,調剤　薬局,,令6.4.1,277_2026.7_kikanzentai_shiga_yakkyoku.pdf
薬局,25,0104094,エン薬局堅田店,〒520－0242大津市本堅田六丁目８－３７,077-548-6070,株式会社アクシスト代表取締役梅川利幸,植田龍太郎,調剤　薬局,,令6.5.1,277_2026.7_kikanzentai_shiga_yakkyoku.pdf
薬局,25,0104102,ユタカ薬局膳所,〒520－0816大津市相模町４－３,077-511-9423,株式会社ユタカファーマシー代表取締役錦織征紀,古川潤也,調剤　薬局,,令6.6.1,277_2026.7_kikanzentai_shiga_yakkyoku.pdf
薬局,25,0104110,エン薬局唐崎店,〒520－0006大津市滋賀里四丁目１９－１７,077-526-6201,株式会社アクシスト代表取締役梅川利幸,樋本佳吾,調剤　薬局,,令6.7.1,277_2026.7_kikanzentai_shiga_yakkyoku.pdf
薬局,25,0104128,なの花薬局平和堂わ,〒520－0522大津市和邇中浜４３２平和堂和邇店１階,077-548-7130,株式会社なの花西日本代表取締役宇野光裕,井川愛,調剤　薬局,,令6.8.1,277_2026.7_kikanzentai_shiga_yakkyoku.pdf
薬局,25,0104136,アピス薬局大津店,〒520－0045大津市札の辻４－６,077-511-4074,株式会社ウィーズ代表取締役田達也,宮脇志保,調剤　薬局,,令6.6.1,277_2026.7_kikanzentai_shiga_yakkyoku.pdf
薬局,25,0104144,はな薬局,〒520－2141大津市大江三丁目５－２５,077-545-5611,株式会社ウィーズ代表取締役田達也,河端奈美,調剤　薬局,,令6.6.1,277_2026.7_kikanzentai_shiga_yakkyoku.pdf
薬局,25,0104151,メロディ薬局,〒520－2144大津市大萱一丁目１６－２３,077-543-0262,株式会社ウィーズ代表取締役田達也,堀井香菜,調剤　薬局,,令6.6.1,277_2026.7_kikanzentai_shiga_yakkyoku.pdf
薬局,25,0104169,リペアス調剤薬局浜,〒520－,077-510-1234,0046大津市長等二丁目１０－１ＴＲＪメディカルビルディング１Ｆ株式会社みらいファーマシー代表取締役広田周一,辻本昌太,調剤　薬局,,令6.10.1,277_2026.7_kikanzentai_shiga_yakkyoku.pdf
薬局,25,0104185,カナール調剤薬局唐,〒520－0106大津市唐崎二丁目１１－３,077-572-6627,カナール株式会社代表取締役中島玄行,中島多恵,調剤　薬局,,令6.8.1,277_2026.7_kikanzentai_shiga_yakkyoku.pdf
薬局,25,0104193,ココレ薬局坂本店,〒520－0112大津市日吉台四丁目１５－１,077-526-6557,有限会社ヤマト薬局代表取締役藤本貴也,山口豊子,調剤　薬局,,令7.2.1,277_2026.7_kikanzentai_shiga_yakkyoku.pdf
薬局,25,0104201,ファーマライズ薬局,〒520－0107大津市雄琴北二丁目２－１０フレンドマート雄琴駅前店内,077-571-1238,ｎｅｘｔＰＨ株式会社代表取締役松浦惠子,岡村宏征,調剤　薬局,,令6.12.2,277_2026.7_kikanzentai_shiga_yakkyoku.pdf
薬局,25,0104219,ファーマライズ薬局,〒520－0063大津市横木二丁目１３－１洛東ビル１Ｆ,077-525-7139,ｎｅｘｔＰＨ株式会社代表取締役松浦惠子,山川宏子,調剤　薬局,,令6.12.2,277_2026.7_kikanzentai_shiga_yakkyoku.pdf
薬局,25,0104227,サンドラッグ石山駅,〒520－0832大津市粟津町６－５,077-526-6290,株式会社サンドラッグ代表取締役貞方宏司,町田まりえ,調剤　薬局,,令7.5.1,277_2026.7_kikanzentai_shiga_yakkyoku.pdf
薬局,25,0104235,アイセイ薬局大津,〒520－0801大津市におの浜三丁目５－１３クリニックステーション大津におの浜１階,077-510-0600,株式会社アイセイ薬局代表取締役藤井江美,髙尾愛華,調剤　薬局,,令7.4.1,277_2026.7_kikanzentai_shiga_yakkyoku.pdf
薬局,25,0104243,おおいし調剤薬局,〒520－2263大津市大石中一丁目６９－３,077-536-3001,株式会社ストレチア代表取締役山根弘,大山友子,調剤　薬局,,令7.4.1,277_2026.7_kikanzentai_shiga_yakkyoku.pdf
薬局,25,0104250,フロンティア薬局堅,〒520－0242大津市本堅田五丁目２１－１０,077-573-5565,株式会社フロンティア代表取締役重森裕之,児玉歩奈美,調剤　薬局,,令7.8.1,277_2026.7_kikanzentai_shiga_yakkyoku.pdf
薬局,25,0104268,ユタカ薬局大津唐崎,〒520－0106大津市唐崎一丁目２１－５,077-526-6977,株式会社ユタカファーマシー代表取締役錦織征紀,亀田里紗子,調剤　薬局,,令7.9.1,277_2026.7_kikanzentai_shiga_yakkyoku.pdf
薬局,25,0104276,ファーマライズ薬局,〒520－0026大津市桜野町二丁目４－７パデシオン西大津１階,077-518-7125,ｎｅｘｔＰＨ株式会社代表取締役松浦惠子,北村徳子,調剤　薬局,,令7.9.1,277_2026.7_kikanzentai_shiga_yakkyoku.pdf
薬局,25,0104284,ユタカ薬局瀬田川,〒520－2134大津市瀬田一丁目３１－１,077-526-6572,株式会社ユタカファーマシー代表取締役浅井家康,瀬野智美,調剤　薬局,,令8.5.1,277_2026.7_kikanzentai_shiga_yakkyoku.pdf
薬局,25,0104300,クスリのアオキ大津,〒520－2144大津市大萱六丁目南川崎２９９２,077-536-6242,株式会社クスリのアオキ代表取締役青木宏憲,井上樹,調剤　薬局,,令8.7.1,277_2026.7_kikanzentai_shiga_yakkyoku.pdf
薬局,25,0104318,クスリのアオキ大津,〒520－0232大津市真野二丁目２９－１,,株式会社クスリのアオキ代表取締役青木宏憲,大島考晴,調剤　薬局,,令8.7.1,277_2026.7_kikanzentai_shiga_yakkyoku.pdf
薬局,25,0104326,タケシタ調剤薬局,〒520－0045大津市札の辻３－１２,077-511-2511,タケシタファーマシー株式会社代表取締役竹下俊,岡本清華,調剤　薬局,,令8.6.1,277_2026.7_kikanzentai_shiga_yakkyoku.pdf
薬局,25,0200017,有限会社丁子屋薬,〒522－0088彦根市銀座町４番１８号,0749-22-2702,有限会社丁子屋薬局代表取締役近藤嘉男,近藤嘉男,調剤　薬局,,昭32.10.1,277_2026.7_kikanzentai_shiga_yakkyoku.pdf
薬局,25,0200322,吉坂薬局,〒522－0064彦根市本町二丁目２番４号,0749-22-1032,吉坂忠男,吉坂忠男,調剤　薬局,,昭61.5.1,277_2026.7_kikanzentai_shiga_yakkyoku.pdf
薬局,25,0200397,有川薬局,〒522－0004彦根市鳥居本町４２５番地,0749-22-2203,有川智子,有川智子,調剤　薬局,,平4.9.1,277_2026.7_kikanzentai_shiga_yakkyoku.pdf
薬局,25,0200421,ぷるす調剤薬局,〒522－0054彦根市西今町４１９番地１,0749-23-9211,有限会社勇樹企画代表取締役宇野直希,藤谷亮平,調剤　薬局,,平5.6.1,277_2026.7_kikanzentai_shiga_yakkyoku.pdf
薬局,25,0200462,大丸屋薬局,〒522－0201彦根市高宮町１８９０番地,0749-22-0148,中村宏,中村宏,調剤　薬局,,平5.11.1,277_2026.7_kikanzentai_shiga_yakkyoku.pdf
薬局,25,0200520,すみれ調剤薬局,〒522－0023彦根市原町８５０番地２６６,0749-24-9519,株式会社原町薬局代表取締役射手矢愼一,西田久敏,調剤　薬局,,平9.4.1,277_2026.7_kikanzentai_shiga_yakkyoku.pdf
薬局,25,0200546,キリン堂薬局南彦,〒522－0054彦根市西今町４３５番地１,0749-21-3098,株式会社キリン堂代表取締役寺西豊彦,阿知波香月,調剤　薬局,,平9.8.1,277_2026.7_kikanzentai_shiga_yakkyoku.pdf
薬局,25,0200579,のぞみ調剤薬局,〒522－0087彦根市芹橋二丁目９番１１号,0749-26-1345,有限会社シナプス代表取締役西村健児,古野芳行,調剤　薬局,,平10.6.1,277_2026.7_kikanzentai_shiga_yakkyoku.pdf
薬局,25,0200611,河瀬調剤薬局,〒529－1156彦根市清崎町２９２番地１,0749-25-2771,有限会社シナプス代表取締役西村健児,酒井たかね,調剤　薬局,,平12.1.1,277_2026.7_kikanzentai_shiga_yakkyoku.pdf
薬局,25,0200637,ひまわり調剤薬局,〒522－0064彦根市本町一丁目４番２３号,0749-21-6116,有限会社ひまわり調剤薬局代表取締役堀口宅也,堀口宅也,調剤　薬局,,平12.7.1,277_2026.7_kikanzentai_shiga_yakkyoku.pdf
薬局,25,0200702,めぐみ薬局日夏店,〒522－0047彦根市日夏町３６６１番地５,0749-28-2610,有限会社シナプス代表取締役西村健児,山田清美,調剤　薬局,,平13.12.1,277_2026.7_kikanzentai_shiga_yakkyoku.pdf
薬局,25,0200736,花しょうぶ調剤薬局,〒522－0083彦根市河原二丁目２番７号,0749-27-2006,山根克明,上田正人,調剤　薬局,,平14.1.1,277_2026.7_kikanzentai_shiga_yakkyoku.pdf
薬局,25,0200777,彦根かいえ薬局,〒522－0056彦根市開出今町１５２４番地４,0749-30-3161,株式会社彦薬代表取締役射手矢愼一,伊勢川梨奈,調剤　薬局,,平14.6.1,277_2026.7_kikanzentai_shiga_yakkyoku.pdf
薬局,25,0200843,わかば薬局,〒522－0047彦根市日夏町１８７５番地２８,0749-28-7837,豊田和男,豊田亜里紗,調剤　薬局,,平15.9.1,277_2026.7_kikanzentai_shiga_yakkyoku.pdf
薬局,25,0200850,疋田調剤薬局,〒521－1123彦根市肥田町９８１番地２,0749-43-5484,株式会社疋田薬房代表取締役疋田州宏,疋田州宏,調剤　薬局,,平16.4.1,277_2026.7_kikanzentai_shiga_yakkyoku.pdf
薬局,25,0200942,いなえ澁谷薬局,〒521－1143彦根市上西川町３８５番地３,0749-43-7250,株式会社薬膳企画代表取締役筑摩仁志,筑摩仁志,調剤　薬局,,平19.3.1,277_2026.7_kikanzentai_shiga_yakkyoku.pdf
薬局,25,0200967,わたなべ調剤薬局,〒522－0029彦根市地蔵町１９０番地７,0749-21-4320,株式会社クロスメディック代表取締役渡辺茂,東郷敦子,調剤　薬局,,平19.10.2,277_2026.7_kikanzentai_shiga_yakkyoku.pdf
薬局,25,0200975,せり薬局,〒522－0086彦根市後三条町６４５番地,0749-21-4327,株式会社原町薬局代表取締役射手矢愼一,射手矢雄一,調剤　薬局,,平19.10.1,277_2026.7_kikanzentai_shiga_yakkyoku.pdf
薬局,25,0200983,リリー薬局,〒522－0043彦根市小泉町１０６番地１ウイルライフ南彦根１０５号,0749-24-8860,池田弥三郎,池田富美子,調剤　薬局,,平19.10.1,277_2026.7_kikanzentai_shiga_yakkyoku.pdf
薬局,25,0200991,野の花薬局,〒522－,0749-27-0860,0067彦根市長曽根町５番２６号５号本郷眞澄,本郷眞澄,調剤　薬局,,平19.11.1,277_2026.7_kikanzentai_shiga_yakkyoku.pdf
薬局,25,0201007,調剤薬局明治,〒522－0084彦根市橋向町４３番地,0749-24-7236,林邦彦,林洋平,調剤　薬局,,平20.2.1,277_2026.7_kikanzentai_shiga_yakkyoku.pdf
薬局,25,0201031,スギ薬局南彦根店,〒522－0043彦根市小泉町１０６番地１０,0749-30-1670,株式会社スギ薬局代表取締役杉浦伸哉,崎出千尋,調剤　薬局,,平20.9.1,277_2026.7_kikanzentai_shiga_yakkyoku.pdf
薬局,25,0201049,スギ薬局彦根西今,〒522－0054彦根市西今町９５２番地３,0749-21-3520,株式会社スギ薬局代表取締役杉浦伸哉,松山敬祐,調剤　薬局,,平20.9.1,277_2026.7_kikanzentai_shiga_yakkyoku.pdf
薬局,25,0201064,後三条ハッピー薬局,〒522－0086彦根市後三条町４９５番３１階,0749-24-3650,株式会社岡建産取締役岡謙二,北澤嗣久,調剤　薬局,,平21.6.1,277_2026.7_kikanzentai_shiga_yakkyoku.pdf
薬局,25,0201072,ヤマグチ薬局彦根,〒522－0055彦根市野瀬町２４番１号,0749-21-0757,株式会社ヤマグチ薬局代表取締役山口重雄,吉田隆裕,調剤　薬局,,平21.6.1,277_2026.7_kikanzentai_shiga_yakkyoku.pdf
薬局,25,0201106,ユタカ薬局彦根南,〒522－0055彦根市野瀬町字新海１５４番地１,0749-21-3390,株式会社ユタカファーマシー代表取締役錦織征紀,三宅航平,調剤　薬局,,平22.4.1,277_2026.7_kikanzentai_shiga_yakkyoku.pdf
薬局,25,0201122,ふれあい薬局・彦根,〒522－0010彦根市駅東町１５番１近江鉄道ビル,0749-21-3366,株式会社近畿予防医学研究所代表取締役広田周一,眞方智美,調剤　薬局,,平22.9.1,277_2026.7_kikanzentai_shiga_yakkyoku.pdf
薬局,25,0201130,さん調剤薬局,〒522－0042彦根市戸賀町字上野入３８番地４,0749-47-5329,三吉隆治,三吉隆治,調剤　薬局,,平22.9.1,277_2026.7_kikanzentai_shiga_yakkyoku.pdf
薬局,25,0201148,たかみや薬局,〒522－0201彦根市高宮町２９４１番１８,0749-47-5432,株式会社ノースメディック代表取締役北野賢,北野賢,調剤　薬局,,平22.11.1,277_2026.7_kikanzentai_shiga_yakkyoku.pdf
薬局,25,0201189,スギ薬局河瀬店,〒522－0223彦根市川瀬馬場町１０８０番地１,0749-28-7511,株式会社スギ薬局代表取締役杉浦伸哉,南方悠輔,調剤　薬局,,平25.1.1,277_2026.7_kikanzentai_shiga_yakkyoku.pdf
薬局,25,0201205,きずな薬局,〒522－0053彦根市大藪町２０３５番地６,0749-47-6951,株式会社キズナファーマシー代表取締役若林一喜,若林一喜,調剤　薬局,,平25.10.1,277_2026.7_kikanzentai_shiga_yakkyoku.pdf
薬局,25,0201213,彦根ハッピー薬局,〒522－0074彦根市大東町２番３０ＳＡＮＧＯビル１階,0749-49-2440,株式会社岡建産代表取締役岡謙二,丸本健司,調剤　薬局,,平26.4.1,277_2026.7_kikanzentai_shiga_yakkyoku.pdf
薬局,25,0201221,ユタカ調剤薬局日夏,〒522－0047彦根市日夏町３６９６番,0749-28-9302,株式会社ユタカファーマシー代表取締役錦織征紀,田中悟司,調剤　薬局,,平26.3.25,277_2026.7_kikanzentai_shiga_yakkyoku.pdf
薬局,25,0201247,のぞみ薬局東沼波,〒522－0027彦根市東沼波町１０１８,0749-47-6656,有限会社シナプス代表取締役西村健児,木村智子,調剤　薬局,,平26.10.1,277_2026.7_kikanzentai_shiga_yakkyoku.pdf
薬局,25,0201254,スギ薬局稲枝店,〒521－1124彦根市野良田町３１１番地,0749-43-8025,株式会社スギ薬局代表取締役杉浦伸哉,栗山典子,調剤　薬局,,平27.1.1,277_2026.7_kikanzentai_shiga_yakkyoku.pdf
薬局,25,0201262,さくら薬局彦根川,〒522－0223彦根市川瀬馬場町１０８２－４,0749-28-2566,クラフト株式会社代表取締役新井勝,西川輝樹,調剤　薬局,,平27.5.1,277_2026.7_kikanzentai_shiga_yakkyoku.pdf
薬局,25,0201270,そうごう薬局彦根,〒522－0047彦根市日夏町２８８１－１,0749-30-9811,総合メディカル株式会社代表取締役多田荘一郎,太田日南子,調剤　薬局,,平27.10.1,277_2026.7_kikanzentai_shiga_yakkyoku.pdf
薬局,25,0201288,ツタ薬局彦根店,〒522－0033彦根市芹川町４７２－１７,0749-47-6402,カワテイノベーション株式会社代表取締役川嶋徹也,川嶋徹也,調剤　薬局,,平28.4.1,277_2026.7_kikanzentai_shiga_yakkyoku.pdf
薬局,25,0201296,すずらん薬局,〒522－0054彦根市西今町１３８番地１１,0749-26-5277,株式会社近畿予防医学研究所代表取締役広田周一,木野竜也,調剤　薬局,,平28.4.1,277_2026.7_kikanzentai_shiga_yakkyoku.pdf
薬局,25,0201320,クスリのアオキ西今,〒522－0054彦根市西今町３１４番地１,0749-47-6575,株式会社クスリのアオキ代表取締役青木宏憲,桑原孝貴,調剤　薬局,,平28.7.1,277_2026.7_kikanzentai_shiga_yakkyoku.pdf
薬局,25,0201338,ヤクゴ薬局彦根店,〒522－0054彦根市西今町１１３１－１７,0749-27-0895,株式会社ファルマスター代表取締役石田さき子,遠藤真也,調剤　薬局,,平28.10.1,277_2026.7_kikanzentai_shiga_yakkyoku.pdf
薬局,25,0201379,キリン堂薬局彦根,〒522－0056彦根市開出今町１７３３－５－１１０,0749-27-6166,株式会社キリン堂代表取締役寺西豊彦,松尾裕一,調剤　薬局,,平29.3.1,277_2026.7_kikanzentai_shiga_yakkyoku.pdf
薬局,25,0201395,スギ薬局彦根中央,〒522－0039彦根市和田町４７－２,0749-49-2012,株式会社スギ薬局代表取締役杉浦伸哉,尾崎恵理夏,調剤　薬局,,平29.11.1,277_2026.7_kikanzentai_shiga_yakkyoku.pdf
薬局,25,0201411,クオール薬局彦根店,〒522－0056彦根市開出今町１７３３－５－１０１,0749-23-8021,クオール株式会社代表取締役柄澤忍,前川友貴,調剤　薬局,,平30.10.1,277_2026.7_kikanzentai_shiga_yakkyoku.pdf
薬局,25,0201429,クスリのアオキ彦根,〒522－0074彦根市大東町７－３０,0749-47-3215,株式会社クスリのアオキ代表取締役青木宏憲,髙山奏絵,調剤　薬局,,平31.4.1,277_2026.7_kikanzentai_shiga_yakkyoku.pdf
薬局,25,0201437,スマイルひこね薬局,〒522－0002彦根市松原町３６１４,0749-47-6670,株式会社ファルマリンク代表取締役根本聡,佐野靖江,調剤　薬局,,平31.3.3,277_2026.7_kikanzentai_shiga_yakkyoku.pdf
薬局,25,0201452,トマト調剤薬局,〒522－0074彦根市大東町１４－４,0749-27-9855,田中克幸,田中かよ子,調剤　薬局,,令2.5.7,277_2026.7_kikanzentai_shiga_yakkyoku.pdf
薬局,25,0201478,ユタカ薬局彦根高,〒522－0201彦根市高宮町１５５８,0749-22-1875,株式会社ユタカファーマシー代表取締役錦織征紀,丹羽雅俊,調剤　薬局,,令3.2.1,277_2026.7_kikanzentai_shiga_yakkyoku.pdf
薬局,25,0201502,松原調剤薬局,〒522－0002彦根市松原町１８９２－２－２,0749-26-8777,株式会社オリザ代表取締役大江義彦,馬場美奈,調剤　薬局,,令4.2.1,277_2026.7_kikanzentai_shiga_yakkyoku.pdf
薬局,25,0201510,さつき調剤薬局,〒522－0201彦根市高宮町１７９３ー１,0749-26-5155,橋本孝之,橋本孝之,調剤　薬局,,令5.4.1,277_2026.7_kikanzentai_shiga_yakkyoku.pdf
薬局,25,0201528,キリン堂薬局彦根,〒522－0086彦根市後三条町６３１,0749-21-3252,株式会社キリン堂代表取締役寺西豊彦,石田博彦,調剤　薬局,,令5.12.1,277_2026.7_kikanzentai_shiga_yakkyoku.pdf
薬局,25,0201536,春日薬局賀田山店,〒529－1155彦根市賀田山町１４１０－４,0749-49-3740,株式会社Ｐｓ代表取締役橋本智子,野妃美,調剤　薬局,,令5.12.1,277_2026.7_kikanzentai_shiga_yakkyoku.pdf
薬局,25,0201544,アピス薬局稲枝店,〒521－1104彦根市出路町３５１－１,0749-47-8073,株式会社ウィーズ代表取締役田達也,岩田隆文,調剤　薬局,,令6.6.1,277_2026.7_kikanzentai_shiga_yakkyoku.pdf
薬局,25,0201551,アピス薬局沼波店,〒522－0038彦根市西沼波町２６９－２３,0749-21-3935,株式会社ウィーズ代表取締役田達也,野口直之,調剤　薬局,,令6.6.1,277_2026.7_kikanzentai_shiga_yakkyoku.pdf
薬局,25,0201569,アピス薬局彦根店,〒522－0063彦根市中央町３－５５,0749-21-2552,株式会社ウィーズ代表取締役田達也,川茉緒,調剤　薬局,,令6.6.1,277_2026.7_kikanzentai_shiga_yakkyoku.pdf
薬局,25,0201585,つづく薬局,〒522－0222彦根市南川瀬町１４８０－３７,0749-47-3735,有限会社クローバー薬局取締役饗庭明仁,隅田尚志,調剤　薬局,,令7.4.1,277_2026.7_kikanzentai_shiga_yakkyoku.pdf
薬局,25,0201593,阪神調剤薬局南彦,〒522－0054彦根市西今町２１－１,0749-22-6673,株式会社スギ薬局代表取締役杉浦伸哉,増崎詞子,調剤　薬局,,令7.3.1,277_2026.7_kikanzentai_shiga_yakkyoku.pdf
薬局,25,0201619,ともちか薬局,〒522－0063彦根市中央町１－１８,0749-46-4177,株式会社ＴＺＯＬｉｎｋ代表取締役友近祐真,友近祐真,調剤　薬局,,令8.3.1,277_2026.7_kikanzentai_shiga_yakkyoku.pdf
薬局,25,0201627,阪神調剤薬局彦根,〒522－0056彦根市開出今町１７１６－６,0749-30-0818,株式会社スギ薬局代表取締役杉浦伸哉,福井雄一,調剤　薬局,,令8.1.1,277_2026.7_kikanzentai_shiga_yakkyoku.pdf
薬局,25,0201635,彦根調剤薬局,〒522－0007彦根市古沢町２５５－１イオンタウン彦根１階,0749-30-9776,株式会社セレネファーマシー代表取締役松山朋生,幡野史,調剤　薬局,,令8.5.1,277_2026.7_kikanzentai_shiga_yakkyoku.pdf
薬局,25,0201643,のぞみ薬局旭町店,〒522－0073彦根市旭町５－２,0749-47-3365,有限会社シナプス代表取締役西村健児,吉田翔平,調剤　薬局,,令8.5.1,277_2026.7_kikanzentai_shiga_yakkyoku.pdf
薬局,25,0300254,スマイル薬局,〒526－0831長浜市宮司町１０９６番地１２,0749-62-3922,有限会社スマイルメディカル代表取締役桑山修一,,調剤　薬局,,平6.10.1,277_2026.7_kikanzentai_shiga_yakkyoku.pdf
薬局,25,0300296,長生堂薬局,〒526－0024長浜市三ツ矢元町４番２８号,0749-62-1172,有限会社長生堂取締役山内雅夫,山内雅夫,調剤　薬局,,平11.1.1,277_2026.7_kikanzentai_shiga_yakkyoku.pdf
薬局,25,0300338,ふれあい薬局・八幡,〒526－0021長浜市八幡中山町８０２番地,0749-68-5333,株式会社近畿予防医学研究所代表取締役広田周一,庄信明,調剤　薬局,,平12.10.2,277_2026.7_kikanzentai_shiga_yakkyoku.pdf
薬局,25,0300346,ふれあい薬局・大戌,〒526－0043長浜市大戌亥町７３８番地７,0749-68-4570,株式会社近畿予防医学研究所代表取締役広田周一,谷口貴美代,調剤　薬局,,平13.5.1,277_2026.7_kikanzentai_shiga_yakkyoku.pdf
薬局,25,0300361,タケシタ薬局六荘店,〒526－0042長浜市勝町２１番地１,0749-64-5486,有限会社くすりのタケシタ代表取締役竹下裕基,竹下英里,調剤　薬局,,平13.12.1,277_2026.7_kikanzentai_shiga_yakkyoku.pdf
薬局,25,0300403,スマイル平方薬局,〒526－0033長浜市平方町１１８８番地,0749-64-3922,有限会社スマイルメディカル代表取締役桑山修一,戸田真史,調剤　薬局,,平17.8.1,277_2026.7_kikanzentai_shiga_yakkyoku.pdf
薬局,25,0300528,たんぽぽ薬局長浜,〒526－0043長浜市大戌亥町２５５番地,0749-62-2831,たんぽぽ薬局株式会社代表取締役松野英子,野村誠人,調剤　薬局,,平20.5.1,277_2026.7_kikanzentai_shiga_yakkyoku.pdf
薬局,25,0300585,ユタカ薬局長浜八,〒526－0021長浜市八幡中山町字上居屋町５０３番,0749-64-5005,株式会社ユタカファーマシー代表取締役錦織征紀,竹内雅史,調剤　薬局,,平20.6.1,277_2026.7_kikanzentai_shiga_yakkyoku.pdf
薬局,25,0300593,ワカモリ薬局,〒526－0845長浜市小堀町８０番４,0749-63-5515,有限会社ワカモリ薬局代表取締役若森文夫,若森文夫,調剤　薬局,,平20.8.4,277_2026.7_kikanzentai_shiga_yakkyoku.pdf
薬局,25,0300627,スギ薬局長浜イン,〒526－0014長浜市口分田町４６６番地,0749-68-1045,株式会社スギ薬局代表取締役杉浦伸哉,嶽下直人,調剤　薬局,,平20.9.1,277_2026.7_kikanzentai_shiga_yakkyoku.pdf
薬局,25,0300643,ヤマグチ薬局列見,〒526－0062長浜市列見町４０番７,0749-65-0000,株式会社ヤマグチ薬局代表取締役山口重雄,松田直子,調剤　薬局,,平21.6.1,277_2026.7_kikanzentai_shiga_yakkyoku.pdf
薬局,25,0300718,くるみ調剤薬局,〒529－0142長浜市田町６２番地１,0749-73-4513,株式会社ケアネット代表取締役久留島文治,久留島文治,調剤　薬局,,平18.7.1,277_2026.7_kikanzentai_shiga_yakkyoku.pdf
薬局,25,0300726,ふれあい薬局・とら,〒529－0113長浜市大井町１８６番２,0749-73-8011,株式会社近畿予防医学研究所代表取締役広田周一,堀部純一,調剤　薬局,,平21.4.1,277_2026.7_kikanzentai_shiga_yakkyoku.pdf
薬局,25,0300759,たんぽぽ薬局木之,〒529－0426長浜市木之本町黒田１０９０番地１,0749-82-8231,たんぽぽ薬局株式会社代表取締役松野英子,山田しおり,調剤　薬局,,平20.3.1,277_2026.7_kikanzentai_shiga_yakkyoku.pdf
薬局,25,0300767,ユタカ薬局木之本,〒529－0426長浜市木之本町黒田１０７５番地１,0749-82-8207,株式会社ユタカファーマシー代表取締役錦織征紀,熊谷浩太,調剤　薬局,,平20.5.1,277_2026.7_kikanzentai_shiga_yakkyoku.pdf
薬局,25,0300783,スギ薬局滋賀高月,〒529－0261長浜市高月町東物部１２４番地１,0749-85-8133,株式会社スギ薬局代表取締役杉浦伸哉,広瀬由幸,調剤　薬局,,平20.9.1,277_2026.7_kikanzentai_shiga_yakkyoku.pdf
薬局,25,0300833,つばさ薬局,〒529－0425長浜市木之本町木之本２０１５生活館内,0749-82-3511,株式会社ドリームファーマシーズ代表取締役澤村尚,澤村尚,調剤　薬局,,平22.3.1,277_2026.7_kikanzentai_shiga_yakkyoku.pdf
薬局,25,0300841,さくら薬局長浜宮,〒526－0053長浜市宮前町６番１７号,0749-68-1055,クラフト株式会社代表取締役新井勝,加藤優香,調剤　薬局,,平22.4.1,277_2026.7_kikanzentai_shiga_yakkyoku.pdf
薬局,25,0300858,さくら薬局長浜下,〒526－0044長浜市下坂中町２２７番地４,0749-63-0377,クラフト株式会社代表取締役新井勝,田中禎子,調剤　薬局,,平22.4.1,277_2026.7_kikanzentai_shiga_yakkyoku.pdf
薬局,25,0300866,そよかぜ薬局,〒529－0112長浜市宮部町３０２９番地２,0749-73-8177,クラフト株式会社代表取締役新井勝,上野貴道,調剤　薬局,,平22.4.1,277_2026.7_kikanzentai_shiga_yakkyoku.pdf
薬局,25,0300874,さくら薬局長浜川,〒526－0111長浜市川道町５１３番地５,0749-72-8282,クラフト株式会社代表取締役新井勝,西川弓,調剤　薬局,,平22.4.1,277_2026.7_kikanzentai_shiga_yakkyoku.pdf
薬局,25,0300882,さくら薬局長浜元,〒526－0059長浜市元浜町３１番１５号,0749-68-2290,クラフト株式会社代表取締役新井勝,青木克昌,調剤　薬局,,平22.4.1,277_2026.7_kikanzentai_shiga_yakkyoku.pdf
薬局,25,0300890,いるか薬局寺田店,〒526－0045長浜市寺田町字甲敷２４７番１,0749-68-2525,株式会社ムーンファーマシーズ代表取締役木村昌義,木村勇人,調剤　薬局,,平22.9.1,277_2026.7_kikanzentai_shiga_yakkyoku.pdf
薬局,25,0300916,イオン薬局長浜店,〒526－0847長浜市山階町２７１－１イオン長浜店１階,0749-68-5550,イオンリテール株式会社代表取締役古澤康之,朝倉幹資,調剤　薬局,,平23.5.1,277_2026.7_kikanzentai_shiga_yakkyoku.pdf
薬局,25,0300924,どんぐり薬局,〒526－0021長浜市八幡中山町３１８番地４１,0749-65-2911,株式会社チェックポイント代表取締役大森徹也,近藤彩,調剤　薬局,,平24.5.1,277_2026.7_kikanzentai_shiga_yakkyoku.pdf
薬局,25,0300940,ふれあい薬局・こほ,〒529－0341長浜市湖北町速水２４６番３,0749-78-8122,株式会社近畿予防医学研究所代表取締役広田周一,奈知正,調剤　薬局,,平25.12.1,277_2026.7_kikanzentai_shiga_yakkyoku.pdf
薬局,25,0300957,スギ薬局長浜店,〒526－0025長浜市分木町４番２９号,0749-53-3910,株式会社スギ薬局代表取締役杉浦伸哉,澤慎一郎,調剤　薬局,,平26.1.1,277_2026.7_kikanzentai_shiga_yakkyoku.pdf
薬局,25,0300973,すこやか薬局・長浜,〒526－0034長浜市弥高町１８０,0749-64-5522,株式会社近畿予防医学研究所代表取締役広田周一,宮﨑佳之,調剤　薬局,,平26.7.1,277_2026.7_kikanzentai_shiga_yakkyoku.pdf
薬局,25,0300999,そうごう薬局長浜,〒529－0354長浜市湖北町山本１２０２番,0749-79-0451,総合メディカル株式会社代表取締役多田荘一郎,太田圭祐,調剤　薬局,,平27.2.1,277_2026.7_kikanzentai_shiga_yakkyoku.pdf
薬局,25,0301013,長生堂薬局速水店,〒529－0341長浜市湖北町速水２８１６番地,0749-78-8060,株式会社ログアップ取締役上野暢之,上野暢之,調剤　薬局,,平27.4.1,277_2026.7_kikanzentai_shiga_yakkyoku.pdf
薬局,25,0301021,クスリのアオキ宮司,〒526－0831長浜市宮司町６７７番地,0749-53-3698,株式会社クスリのアオキ代表取締役青木宏憲,山内尚子,調剤　薬局,,平27.6.1,277_2026.7_kikanzentai_shiga_yakkyoku.pdf
薬局,25,0301054,ユタカ薬局長浜,〒526－0033長浜市平方町３７５番４,0749-68-3260,株式会社ユタカファーマシー代表取締役錦織征紀,橋本真一,調剤　薬局,,平28.7.1,277_2026.7_kikanzentai_shiga_yakkyoku.pdf
薬局,25,0301096,エン薬局長浜風の,〒526－0021長浜市八幡中山町３６１風の街キャンスシティ２内,0749-53-4105,株式会社アクシスト代表取締役梅川利幸,梅川利幸,調剤　薬局,,平29.6.1,277_2026.7_kikanzentai_shiga_yakkyoku.pdf
薬局,25,0301138,イズミヤ調剤薬局,〒526－0031長浜市八幡東町９－１,0749-65-1022,株式会社いずみや商店代表取締役吉原健吾,野紘一,調剤　薬局,,平30.7.1,277_2026.7_kikanzentai_shiga_yakkyoku.pdf
薬局,25,0301146,ほたるの薬局上坂,〒526－0802長浜市東上坂町１０１０－２,0749-50-4803,株式会社ウィルウェスト代表取締役西井伸善,中村勝宏,調剤　薬局,,平30.8.1,277_2026.7_kikanzentai_shiga_yakkyoku.pdf
薬局,25,0301161,アイン薬局木之本,〒529－0426長浜市木之本町黒田１０８６－５,0749-82-8052,株式会社アインファーマシーズ代表取締役淡路英広,若松孝幸,調剤　薬局,,平30.11.1,277_2026.7_kikanzentai_shiga_yakkyoku.pdf
薬局,25,0301179,ふれあい長浜調剤薬,〒526－0052長浜市神前町９－３５,0749-64-1689,株式会社近畿予防医学研究所代表取締役広田周一,川地小百合,調剤　薬局,,平30.12.1,277_2026.7_kikanzentai_shiga_yakkyoku.pdf
薬局,25,0301187,にしあざい調剤薬局,〒529－0721長浜市西浅井町大浦２５９０,0749-89-0522,有限会社グッドライフ代表取締役澤村隆之,澤村隆之,調剤　薬局,,平31.3.1,277_2026.7_kikanzentai_shiga_yakkyoku.pdf
薬局,25,0301195,スギ薬局木之本店,〒529－0425長浜市木之本町木之本１５８６－４,0749-82-8015,株式会社スギ薬局代表取締役杉浦伸哉,島田敏弥,調剤　薬局,,平31.1.31,277_2026.7_kikanzentai_shiga_yakkyoku.pdf
薬局,25,0301203,そうごう薬局高月,〒529－0241長浜市高月町高月２９１,0749-53-2401,総合メディカル株式会社代表取締役多田荘一郎,有本梨紗,調剤　薬局,,令元.5.1,277_2026.7_kikanzentai_shiga_yakkyoku.pdf
薬局,25,0301229,ファーマライズ薬局,〒526－0817長浜市七条町１０２６－４,0749-68-3022,ファーマライズ株式会社代表取締役松浦惠子,木田忠照,調剤　薬局,,令元.6.1,277_2026.7_kikanzentai_shiga_yakkyoku.pdf
薬局,25,0301237,ファーマライズ薬局,〒526－0059長浜市元浜町２９－５,0749-64-5003,ファーマライズ株式会社代表取締役松浦惠子,小谷佳子,調剤　薬局,,令元.6.1,277_2026.7_kikanzentai_shiga_yakkyoku.pdf
薬局,25,0301278,キリン堂調剤薬局,〒526－0043長浜市大戌亥町２５４－１,0749-68-2450,株式会社キリン堂代表取締役寺西豊彦,大橋優子,調剤　薬局,,令2.4.13,277_2026.7_kikanzentai_shiga_yakkyoku.pdf
薬局,25,0301286,ヤマグチ薬局内保,〒526－0244長浜市内保町７４０－５,0749-74-8651,株式会社ヤマグチ薬局代表取締役山口重雄,田村匡,調剤　薬局,,令2.6.1,277_2026.7_kikanzentai_shiga_yakkyoku.pdf
薬局,25,0301294,クスリのアオキ平方,〒526－0033長浜市平方町３２８,0749-53-2562,株式会社クスリのアオキ代表取締役青木宏憲,東中貴乃加,調剤　薬局,,令2.7.1,277_2026.7_kikanzentai_shiga_yakkyoku.pdf
薬局,25,0301302,ふれあい薬局・みや,〒526－0831長浜市宮司町１０８６－３,0749-80-0661,株式会社近畿予防医学研究所代表取締役広田周一,岡﨑康弘,調剤　薬局,,令2.11.1,277_2026.7_kikanzentai_shiga_yakkyoku.pdf
薬局,25,0301310,ほたるの薬局,〒526－0203長浜市野瀬町８３４－１,0749-56-1195,株式会社ウィルウェスト代表取締役西井伸善,中村和代,調剤　薬局,,令3.1.1,277_2026.7_kikanzentai_shiga_yakkyoku.pdf
薬局,25,0301328,スギ薬局高田店,〒526－0037長浜市高田町１１－３３,0749-68-0008,株式会社スギ薬局代表取締役杉浦伸哉,宮本晃樹,調剤　薬局,,令3.5.16,277_2026.7_kikanzentai_shiga_yakkyoku.pdf
薬局,25,0301336,クスリのアオキ神照,〒526－0015長浜市神照町９３１,0749-53-3805,株式会社クスリのアオキ代表取締役青木宏憲,小山哲将,調剤　薬局,,令3.7.1,277_2026.7_kikanzentai_shiga_yakkyoku.pdf
薬局,25,0301344,はごろも薬局,〒529－0515長浜市余呉町中之郷１１５８,0749-56-0455,合同会社ＮＡＵ代表社員株式会社ウィルウェスト,小倉味穂,調剤　薬局,,令3.8.1,277_2026.7_kikanzentai_shiga_yakkyoku.pdf
薬局,25,0301351,コスモス調剤薬局,〒526－0021長浜市八幡中山町３０５－４,0749-64-8185,株式会社コスモス薬品代表取締役横山英昭,山下優太,調剤　薬局,,令4.2.1,277_2026.7_kikanzentai_shiga_yakkyoku.pdf
薬局,25,0301369,ユタカ薬局長浜宮司,〒526－0831長浜市宮司町１２００,0749-64-6051,株式会社ユタカファーマシー代表取締役錦織征紀,沖島龍之介,調剤　薬局,,令4.4.1,277_2026.7_kikanzentai_shiga_yakkyoku.pdf
薬局,25,0301377,クスリのアオキ浅井,〒526－0244長浜市内保町２７０９－１,0749-53-2230,株式会社クスリのアオキ代表取締役青木宏憲,井町綾音,調剤　薬局,,令4.8.1,277_2026.7_kikanzentai_shiga_yakkyoku.pdf
薬局,25,0301385,スギ薬局在宅調剤,〒526－0037長浜市高田町１１－３３,0749-53-4056,株式会社スギ薬局代表取締役杉浦伸哉,池田美海,調剤　薬局,,令4.8.1,277_2026.7_kikanzentai_shiga_yakkyoku.pdf
薬局,25,0301393,クスリのアオキ虎姫,〒529－0141長浜市五村２０９－１,0749-53-3666,株式会社クスリのアオキ代表取締役青木宏憲,乾清弘,調剤　薬局,,令4.9.1,277_2026.7_kikanzentai_shiga_yakkyoku.pdf
薬局,25,0301401,スギ薬局長浜南店,〒526－0042長浜市勝町１０５,0749-64-4765,株式会社スギ薬局代表取締役杉浦伸哉,野﨑悠太,調剤　薬局,,令5.4.20,277_2026.7_kikanzentai_shiga_yakkyoku.pdf
薬局,25,0301419,ユタカ薬局浅井,〒526－0242長浜市三田町１７４４－１,0749-57-6190,株式会社ユタカファーマシー代表取締役錦織征紀,川合晃二,調剤　薬局,,令5.8.1,277_2026.7_kikanzentai_shiga_yakkyoku.pdf
薬局,25,0301427,ユタカ薬局長浜祇園,〒526－0061長浜市祇園町２１,0749-53-2495,株式会社ユタカファーマシー代表取締役錦織征紀,越智博久,調剤　薬局,,令5.9.1,277_2026.7_kikanzentai_shiga_yakkyoku.pdf
薬局,25,0301435,どんぐり薬局中山店,〒526－0025長浜市分木町２－１７,0749-50-2448,株式会社チェックポイント代表取締役大森徹也,小椋祐二,調剤　薬局,,令6.9.1,277_2026.7_kikanzentai_shiga_yakkyoku.pdf
薬局,25,0301443,ユタカ薬局高月,〒529－0241長浜市高月町高月９１０－１,0749-53-2164,株式会社ユタカファーマシー代表取締役錦織征紀,青野充樹,調剤　薬局,,令6.10.1,277_2026.7_kikanzentai_shiga_yakkyoku.pdf
薬局,25,0301450,長浜調剤薬局,〒526－0021長浜市八幡中山町３９４,0749-53-2661,株式会社セレネファーマシー代表取締役松山朋生,今井雄,調剤　薬局,,令6.9.1,277_2026.7_kikanzentai_shiga_yakkyoku.pdf
薬局,25,0301468,ニカ薬局長浜店,〒526－0021長浜市八幡中山町３０５－６－１０２,0749-57-6265,株式会社ニカスト代表取締役藤原豊樹,藤原豊樹,調剤　薬局,,令6.12.1,277_2026.7_kikanzentai_shiga_yakkyoku.pdf
薬局,25,0301476,クオール薬局長浜高,〒529－0233長浜市高月町渡岸寺１５３－７,0749-85-6589,クオール株式会社代表取締役柄澤忍,秦みづほ,調剤　薬局,,令6.12.1,277_2026.7_kikanzentai_shiga_yakkyoku.pdf
薬局,25,0301484,阪神調剤薬局長浜,〒526－0052長浜市神前町９－３７,0749-68-1785,株式会社スギ薬局代表取締役杉浦伸哉,坂東尚彦,調剤　薬局,,令7.3.1,277_2026.7_kikanzentai_shiga_yakkyoku.pdf
薬局,25,0301492,ケアリア調剤薬局,〒526－0043長浜市大戌亥町２８８－５,0749-68-3585,株式会社ケアリアプラス代表取締役佐藤良輔,佐藤良輔,調剤　薬局,,令7.3.1,277_2026.7_kikanzentai_shiga_yakkyoku.pdf
薬局,25,0301500,ほたるの薬局南郷,〒526－0215長浜市当目町８４－７,0749-50-2290,株式会社ウィルウェスト代表取締役西井伸善,竹内康佑,調剤　薬局,,令8.6.1,277_2026.7_kikanzentai_shiga_yakkyoku.pdf
薬局,25,0400260,（株）シガヤクヒン,〒523－0063近江八幡市十王町３４６番地３,0748-36-8002,株式会社シガヤクヒン代表取締役川端茂幹,川端茂幹,調剤　薬局,,昭61.9.1,277_2026.7_kikanzentai_shiga_yakkyoku.pdf
薬局,25,0400377,薬局ケンコーファー,〒523－0864近江八幡市為心町元１５番地,0748-32-3033,有限会社ケンコー代表取締役小山純一,小山久子,調剤　薬局,,平8.5.1,277_2026.7_kikanzentai_shiga_yakkyoku.pdf
薬局,25,0400385,ツメ薬局,〒523－0046近江八幡市上野町２０番１号,0748-34-6211,ツメ薬品株式会社代表取締役爪志通子,爪昌代,調剤　薬局,,平8.5.1,277_2026.7_kikanzentai_shiga_yakkyoku.pdf
薬局,25,0400393,みやもと薬局,〒523－0004近江八幡市西生来町１４２４番地,0748-38-8211,宮本和美,宮本和美,調剤　薬局,,平10.3.1,277_2026.7_kikanzentai_shiga_yakkyoku.pdf
薬局,25,0400427,八幡ますだ薬局,〒523－0891近江八幡市鷹飼町南三丁目３番４号,0748-38-0517,有限会社メディテック代表取締役大西延明,小林恭子,調剤　薬局,,平10.10.1,277_2026.7_kikanzentai_shiga_yakkyoku.pdf
薬局,25,0400435,ひまわり薬局近江,〒523－0813近江八幡市西本郷町東６番６号,0748-38-1590,有限会社ひまわり薬局代表取締役大原整,松井智佳子,調剤　薬局,,平12.10.1,277_2026.7_kikanzentai_shiga_yakkyoku.pdf
薬局,25,0400450,マイン薬局,〒523－0082近江八幡市土田町２６８番地４,0748-32-8486,有限会社マイン薬局代表取締役大沢信裕,大沢信裕,調剤　薬局,,平14.8.1,277_2026.7_kikanzentai_shiga_yakkyoku.pdf
薬局,25,0400625,じゅうおう薬局,〒523－0063近江八幡市十王町８２番地４,0748-34-2117,株式会社ファーマネット代表取締役梅影淳史,梅影淳史,調剤　薬局,,平18.12.1,277_2026.7_kikanzentai_shiga_yakkyoku.pdf
薬局,25,0400633,いづつ薬局篠原店,〒523－0056近江八幡市古川町１１９２番地７９,0748-31-1801,有限会社いづつ薬局代表取締役磯矢毅,大西摩耶,調剤　薬局,,平19.11.1,277_2026.7_kikanzentai_shiga_yakkyoku.pdf
薬局,25,0400641,フジイ薬局,〒523－0016近江八幡市千僧供町２６３番地４,0748-37-1661,フジイ薬局株式会社代表取締役藤居剛,藤居剛,調剤　薬局,,平19.10.10,277_2026.7_kikanzentai_shiga_yakkyoku.pdf
薬局,25,0400682,ユタカ調剤薬局安土,〒521－1311近江八幡市安土町下豊浦４７０５番地１,0748-46-8066,株式会社ユタカファーマシー代表取締役錦織征紀,村瀬真実,調剤　薬局,,平10.6.1,277_2026.7_kikanzentai_shiga_yakkyoku.pdf
薬局,25,0400724,いちえ薬局,〒521－1351近江八幡市安土町常楽寺６０番地,0748-46-3939,株式会社ケイファーマ代表取締役加納裕介,宮本洋介,調剤　薬局,,平22.4.1,277_2026.7_kikanzentai_shiga_yakkyoku.pdf
薬局,25,0400757,いずみ薬局,〒523－0891近江八幡市鷹飼町４５０番地の１２,0748-32-3522,株式会社いずみ薬局代表取締役田中忠信,山下航平,調剤　薬局,,平22.7.12,277_2026.7_kikanzentai_shiga_yakkyoku.pdf
薬局,25,0400765,ユタカ薬局近江八幡,〒523－0893近江八幡市桜宮町２００ー９,0748-31-2721,株式会社ユタカファーマシー代表取締役錦織征紀,岩嵜真由,調剤　薬局,,平22.12.1,277_2026.7_kikanzentai_shiga_yakkyoku.pdf
薬局,25,0400781,かも調剤薬局,〒523－0058近江八幡市加茂町３６６０番地６,0748-36-7827,株式会社メイプル代表取締役永井智宏,東俊之,調剤　薬局,,平24.1.1,277_2026.7_kikanzentai_shiga_yakkyoku.pdf
薬局,25,0400807,スギ薬局近江八幡,〒523－0894近江八幡市中村町４９番地１３,0748-31-1151,株式会社スギ薬局代表取締役杉浦伸哉,中井夏那子,調剤　薬局,,平24.12.1,277_2026.7_kikanzentai_shiga_yakkyoku.pdf
薬局,25,0400815,さくらみや薬局,〒523－0893近江八幡市桜宮町２９９番地１,0748-32-6638,プラスファーマ株式会社代表取締役白井敬士,白井敬士,調剤　薬局,,平25.1.1,277_2026.7_kikanzentai_shiga_yakkyoku.pdf
薬局,25,0400823,老蘇薬局,〒521－1332近江八幡市安土町東老蘇１１７１－４,0748-46-2519,有限会社シナプス代表取締役西村健児,藤井信一,調剤　薬局,,平25.6.1,277_2026.7_kikanzentai_shiga_yakkyoku.pdf
薬局,25,0400880,さつき薬局,〒523－0041近江八幡市中小森町２７０番２２号,0748-31-3700,有限会社おおつぐ薬局代表取締役大継力,植田純,調剤　薬局,,平28.4.1,277_2026.7_kikanzentai_shiga_yakkyoku.pdf
薬局,25,0400898,なの花薬局近江八,〒523－0893近江八幡市桜宮町２１１－５,0748-31-1711,株式会社なの花西日本代表取締役宇野光裕,礒田健太,調剤　薬局,,平28.4.1,277_2026.7_kikanzentai_shiga_yakkyoku.pdf
薬局,25,0400922,ヤクゴ薬局ぶーめら,〒523－0892近江八幡市出町３０８－１,0748-31-3465,株式会社ファルマスター代表取締役石田さき子,神原裕美,調剤　薬局,,平28.10.1,277_2026.7_kikanzentai_shiga_yakkyoku.pdf
薬局,25,0400930,アイセイ薬局近江,〒523－0033近江八幡市日吉野町６７３,0748-31-3311,株式会社アイセイ薬局代表取締役藤井江美,田中涼,調剤　薬局,,平28.10.1,277_2026.7_kikanzentai_shiga_yakkyoku.pdf
薬局,25,0400948,ウエルシア薬局近,〒523－0037近江八幡市東町１８７番地－１,0748-38-5032,ウエルシア薬局株式会社代表取締役田中純一,加賀爪彩乃,調剤　薬局,,平28.12.1,277_2026.7_kikanzentai_shiga_yakkyoku.pdf
薬局,25,0400955,いちえ薬局中小森,〒523－0041近江八幡市中小森町３３９－１,0748-43-1104,株式会社ケイリザルト代表取締役加納裕介,山本有宣,調剤　薬局,,平30.5.1,277_2026.7_kikanzentai_shiga_yakkyoku.pdf
薬局,25,0400963,スギ薬局近江八幡,〒523－0828近江八幡市宮内町１８７,0748-29-3992,株式会社スギ薬局代表取締役杉浦伸哉,片野悠莉亜,調剤　薬局,,平30.7.1,277_2026.7_kikanzentai_shiga_yakkyoku.pdf
薬局,25,0400971,クスリのアオキ出町,〒523－0892近江八幡市出町１８０,0748-36-2931,株式会社クスリのアオキ代表取締役青木宏憲,仲岸哲也,調剤　薬局,,令元.7.1,277_2026.7_kikanzentai_shiga_yakkyoku.pdf
薬局,25,0400989,フラワー薬局近江八,〒523－0891近江八幡市鷹飼町７４３－５,0748-31-1193,株式会社メディカル一光代表取締役遠山邦彦,加藤由美子,調剤　薬局,,令元.9.1,277_2026.7_kikanzentai_shiga_yakkyoku.pdf
薬局,25,0400997,キリン堂薬局近江,〒523－0082近江八幡市土田町２９６－１コンフォート・レジデンス１階,0748-36-5955,株式会社キリン堂代表取締役寺西豊彦,松田しずく,調剤　薬局,,令元.9.1,277_2026.7_kikanzentai_shiga_yakkyoku.pdf
薬局,25,0401003,ウエルシア薬局近,〒523－0821近江八幡市多賀町４６０,0748-31-2760,ウエルシア薬局株式会社代表取締役田中純一,北村優花,調剤　薬局,,令2.3.1,277_2026.7_kikanzentai_shiga_yakkyoku.pdf
薬局,25,0401011,ゆうなみ薬局,〒523－0856近江八幡市音羽町２４－１,0748-31-2238,株式会社ＳＦＧファーマシー代表取締役金澤重幸,金澤重幸,調剤　薬局,,令3.1.1,277_2026.7_kikanzentai_shiga_yakkyoku.pdf
薬局,25,0401029,ウエルシア薬局近,〒523－0891近江八幡市鷹飼町４５５－１,0748-31-4321,ウエルシア薬局株式会社代表取締役田中純一,水野俊輝,調剤　薬局,,令3.4.1,277_2026.7_kikanzentai_shiga_yakkyoku.pdf
薬局,25,0401037,ヤクゴ薬局近江八幡,〒523－0813近江八幡市西本郷町７８番地４,0748-38-4660,株式会社ファルマスター代表取締役石田さき子,上阪直美,調剤　薬局,,令3.8.1,277_2026.7_kikanzentai_shiga_yakkyoku.pdf
薬局,25,0401052,スギ薬局近江八幡,〒523－0898近江八幡市鷹飼町南三丁目１番地１１,0748-38-8410,株式会社スギ薬局代表取締役杉浦伸哉,佐竹淳,調剤　薬局,,令3.10.14,277_2026.7_kikanzentai_shiga_yakkyoku.pdf
薬局,25,0401060,かえる薬局篠原駅,〒523－0045近江八幡市安養寺町８７４－１,0748-31-2717,濵口義大,濵口義大,調剤　薬局,,令4.4.1,277_2026.7_kikanzentai_shiga_yakkyoku.pdf
薬局,25,0401086,クスリのアオキ安土,〒521－1311近江八幡市安土町下豊浦８７１３－１,0748-36-3781,株式会社クスリのアオキ代表取締役青木宏憲,福田将之,調剤　薬局,,令4.6.1,277_2026.7_kikanzentai_shiga_yakkyoku.pdf
薬局,25,0401094,近江八幡ゆう薬局,〒523－0891近江八幡市鷹飼町５４７－２きよし堂ビル１階,0748-33-5840,株式会社京都南調剤薬局代表取締役神林純二,木下里佳,調剤　薬局,,令4.6.1,277_2026.7_kikanzentai_shiga_yakkyoku.pdf
薬局,25,0401102,ヤクゴ薬局まるやま,〒523－0805近江八幡市円山町字岩崎９２７－７,0748-36-2591,株式会社ファルマスター代表取締役石田さき子,谷玲子,調剤　薬局,,令4.11.1,277_2026.7_kikanzentai_shiga_yakkyoku.pdf
薬局,25,0401110,ピーチ薬局,〒523－0892近江八幡市出町４１７－１,0748-33-3881,シマタニ株式会社代表取締役田中貴子,小泉徳恒,調剤　薬局,,令5.8.1,277_2026.7_kikanzentai_shiga_yakkyoku.pdf
薬局,25,0401128,スギ薬局近江八幡,〒523－0031近江八幡市堀上町１２７－１,0748-31-3685,株式会社スギ薬局代表取締役杉浦伸哉,安達篤志,調剤　薬局,,令5.11.23,277_2026.7_kikanzentai_shiga_yakkyoku.pdf
薬局,25,0401136,いづつ薬局,〒523－0898近江八幡市鷹飼町南三丁目４－３,0748-37-7476,有限会社いづつ薬局代表取締役磯矢毅,三崎洋文,調剤　薬局,,令6.4.1,277_2026.7_kikanzentai_shiga_yakkyoku.pdf
薬局,25,0401144,キリン堂薬局近江,〒523－0896近江八幡市鷹飼町北一丁目８－３,0748-31-3270,株式会社キリン堂代表取締役寺西豊彦,田村晴香,調剤　薬局,,令6.5.7,277_2026.7_kikanzentai_shiga_yakkyoku.pdf
薬局,25,0401169,あづち薬局,〒521－1351近江八幡市安土町常楽寺４１６,0748-46-8700,株式会社ストレチア代表取締役山根弘,山本ゆかり,調剤　薬局,,令7.4.1,277_2026.7_kikanzentai_shiga_yakkyoku.pdf
薬局,25,0401177,イオン薬局近江八幡,〒523－0898近江八幡市鷹飼町南三丁目７イオン近江八幡店２階,0748-41-0003,イオンリテール株式会社代表取締役古澤康之,平田絵梨果,調剤　薬局,,令7.9.1,277_2026.7_kikanzentai_shiga_yakkyoku.pdf
薬局,25,0401185,みやもと薬局長田町,〒523－08,0748-32-6066,11近江八幡市長田町１２６８－３株式会社みやもと薬局代表取締役宮本晃洋,宮本喜美代,調剤　薬局,,令7.12.1,277_2026.7_kikanzentai_shiga_yakkyoku.pdf
薬局,25,0401193,やすらぎ薬局近江,〒523－0891近江八幡市鷹飼町１５０４－１,0748-31-2167,株式会社アルファメディックス代表取締役小貫真佑,加島弘之,調剤　薬局,,令8.2.1,277_2026.7_kikanzentai_shiga_yakkyoku.pdf
薬局,25,0401201,キリン堂薬局近江,〒523－0082近江八幡市土田町１３９６－１,0748-32-1120,株式会社キリン堂代表取締役寺西豊彦,奥野華帆,調剤　薬局,,令8.3.1,277_2026.7_kikanzentai_shiga_yakkyoku.pdf
薬局,25,0500093,カギヤ薬局,〒527－0012東近江市八日市本町１３番９号,0748-23-1313,株式会社鎰屋薬局代表取締役小島繁郎,小島聡子,調剤　薬局,,昭41.10.1,277_2026.7_kikanzentai_shiga_yakkyoku.pdf
薬局,25,0500192,アイ薬局,〒527－0033東近江市東沖野三丁目８番７３号,0748-23-9985,岩谷康男,岩谷里美,調剤　薬局,,平8.5.1,277_2026.7_kikanzentai_shiga_yakkyoku.pdf
薬局,25,0500267,ふれあい薬局・八日,〒527－0039東近江市青葉町１番４５号,0748-20-0811,株式会社近畿予防医学研究所代表取締役広田周一,植田勇太,調剤　薬局,,平14.1.4,277_2026.7_kikanzentai_shiga_yakkyoku.pdf
薬局,25,0500275,わたなべ調剤薬局,〒527－0012東近江市八日市本町２番７号かわとらビル１Ｆ,0748-24-9008,株式会社クロスメディック代表取締役渡辺茂,城裕人,調剤　薬局,,平14.10.1,277_2026.7_kikanzentai_shiga_yakkyoku.pdf
薬局,25,0500291,有限会社丸山薬局,〒527－0231東近江市山上町９２３番地２,0748-27-0111,有限会社丸山薬局代表取締役大石和美,大石和美,調剤　薬局,,平15.6.1,277_2026.7_kikanzentai_shiga_yakkyoku.pdf
薬局,25,0500366,カギヤ薬局愛東,〒527－0162東近江市妹町１７１番地１,0749-46-0100,有限会社コジマ代表取締役小島繁郎,小島繁郎,調剤　薬局,,平17.10.1,277_2026.7_kikanzentai_shiga_yakkyoku.pdf
薬局,25,0500374,ファルコ薬局湖東,〒527－0134東近江市平松町１１０６番地１,0749-47-2250,株式会社ファルコファーマシーズ代表取締役阿部治,髙田裕基,調剤　薬局,,平17.12.1,277_2026.7_kikanzentai_shiga_yakkyoku.pdf
薬局,25,0500424,有限会社能登川薬局,〒521－1221東近江市垣見町７８６番地,0748-42-0015,有限会社能登川薬局片山回天堂代表取締役片山貴晴,片山貴晴,調剤　薬局,,昭32.10.1,277_2026.7_kikanzentai_shiga_yakkyoku.pdf
薬局,25,0500432,本庄治良堂薬局,〒521－1221東近江市垣見町８００番地５,0748-42-0055,株式会社本庄治良堂代表取締役本庄康孝,本庄明子,調剤　薬局,,昭50.1.1,277_2026.7_kikanzentai_shiga_yakkyoku.pdf
薬局,25,0500457,つじく薬局,〒521－1205東近江市躰光寺町６１０番地４,0748-42-0667,辻九薬品販売株式会社代表取締役宮地秀和,宮地秀和,調剤　薬局,,平15.12.1,277_2026.7_kikanzentai_shiga_yakkyoku.pdf
薬局,25,0500499,スズキ調剤薬局能,〒521－1222東近江市佐野町３９７番地１,0748-42-0920,スズキ薬局株式会社代表取締役鈴木寛和,西嶋紀晃,調剤　薬局,,平19.10.1,277_2026.7_kikanzentai_shiga_yakkyoku.pdf
薬局,25,0500515,ハーモニー薬局・能,〒521－1221東近江市垣見町１５９８番地２,0748-36-2630,株式会社ハーモニー・ウェルネス代表取締役籏瀨昌生,川畑智恵子,調剤　薬局,,平20.5.2,277_2026.7_kikanzentai_shiga_yakkyoku.pdf
薬局,25,0500531,さくら薬局東近江,〒521－1222東近江市佐野町１９６番地,0748-42-8090,クラフト株式会社代表取締役新井勝,山本笑加,調剤　薬局,,平22.4.1,277_2026.7_kikanzentai_shiga_yakkyoku.pdf
薬局,25,0500549,金太郎薬局東近江,〒527－0121東近江市小池町５３１番地１,0749-45-0582,株式会社ケイング代表取締役川野義光,葛本篤俊,調剤　薬局,,平22.5.1,277_2026.7_kikanzentai_shiga_yakkyoku.pdf
薬局,25,0500556,さわだ薬局八日市,〒527－0022東近江市八日市上之町４番２８号,0748-22-0802,株式会社スリーエムコーポレーション代表取締役中坪利裕,松浦典子,調剤　薬局,,平23.4.1,277_2026.7_kikanzentai_shiga_yakkyoku.pdf
薬局,25,0500614,ウエルシア薬局東,〒527－0015東近江市中野町２６９,0748-20-3181,ウエルシア薬局株式会社代表取締役田中純一,小堀由郁子,調剤　薬局,,平26.8.1,277_2026.7_kikanzentai_shiga_yakkyoku.pdf
薬局,25,0500622,ユタカ薬局八日市,〒527－0013東近江市東中野町３１４,0748-20-2805,株式会社ユタカファーマシー代表取締役錦織征紀,吉川正樹,調剤　薬局,,平26.10.1,277_2026.7_kikanzentai_shiga_yakkyoku.pdf
薬局,25,0500663,スマート調剤薬局,〒527－0174東近江市大萩町４６番地,0749-46-8058,株式会社仁徳代表取締役上野克彦,上野克彦,調剤　薬局,,平27.9.1,277_2026.7_kikanzentai_shiga_yakkyoku.pdf
薬局,25,0500689,いろは調剤薬局,〒527－0072東近江市布引台一丁目９８０番２２,0748-20-1680,株式会社マーレ薬品代表取締役吾郷雅昭,上村昂平,調剤　薬局,,平28.7.1,277_2026.7_kikanzentai_shiga_yakkyoku.pdf
薬局,25,0500697,つばさ薬局緑町店,〒527－0023東近江市八日市緑町５－２６,0748-20-2880,有限会社ムラセ薬局取締役小林英樹,藤田直希,調剤　薬局,,平28.9.1,277_2026.7_kikanzentai_shiga_yakkyoku.pdf
薬局,25,0500713,スギ薬局八日市店,〒527－0025東近江市八日市東本町６番４８号,0748-43-2244,株式会社スギ薬局代表取締役杉浦伸哉,林綾佳,調剤　薬局,,平28.11.1,277_2026.7_kikanzentai_shiga_yakkyoku.pdf
薬局,25,0500721,ヤクゴ薬局平田店,〒527－0085東近江市下羽田町３０－１,0748-25-2310,株式会社ファルマスター代表取締役石田さき子,谷幸恵,調剤　薬局,,平28.10.1,277_2026.7_kikanzentai_shiga_yakkyoku.pdf
薬局,25,0500739,ヤクゴ薬局能登川店,〒521－1223東近江市猪子町１３１－３,0748-43-6895,株式会社ファルマスター代表取締役石田さき子,黒田智子,調剤　薬局,,平28.10.1,277_2026.7_kikanzentai_shiga_yakkyoku.pdf
薬局,25,0500762,クスリのアオキ東近,〒527－0031東近江市幸町１－８,0748-20-2370,株式会社クスリのアオキ代表取締役青木宏憲,清水黎,調剤　薬局,,平30.1.1,277_2026.7_kikanzentai_shiga_yakkyoku.pdf
薬局,25,0500796,クオール薬局桜川店,〒529－1572東近江市桜川西町３４０－３７９,0748-45-2121,クオール株式会社代表取締役柄澤忍,芝内ひなた,調剤　薬局,,平30.10.1,277_2026.7_kikanzentai_shiga_yakkyoku.pdf
薬局,25,0500804,ユタカ薬局能登川,〒521－1224東近江市林町２３６,0748-42-8284,株式会社ユタカファーマシー代表取締役錦織征紀,越後亨哉,調剤　薬局,,平31.3.1,277_2026.7_kikanzentai_shiga_yakkyoku.pdf
薬局,25,0500812,調剤薬局マリーン五,〒529－1444東近江市五個荘石塚町２４,0748-48-8125,株式会社マーレ薬品代表取締役吾郷雅昭,花房尚幸,調剤　薬局,,令元.6.1,277_2026.7_kikanzentai_shiga_yakkyoku.pdf
薬局,25,0500820,スギ薬局能登川店,〒521－1221東近江市垣見町９７１,0748-43-0024,株式会社スギ薬局代表取締役杉浦伸哉,永井美穂子,調剤　薬局,,令元.7.1,277_2026.7_kikanzentai_shiga_yakkyoku.pdf
薬局,25,0500838,フラワー薬局湖東店,〒527－0134東近江市平松町３０－１,0749-45-4193,株式会社メディカル一光代表取締役遠山邦彦,畑隆彦,調剤　薬局,,令元.9.1,277_2026.7_kikanzentai_shiga_yakkyoku.pdf
薬局,25,0500853,Ｖ・ｄｒｕｇ東近,〒527－0045東近江市中小路町６３７－３,0748-43-1221,中部薬品株式会社代表取締役佐口弥,岸村瑞季,調剤　薬局,,令2.5.1,277_2026.7_kikanzentai_shiga_yakkyoku.pdf
薬局,25,0500861,すずらん薬局蒲生店,〒529－1572東近江市桜川西町８７８,0748-55-8230,株式会社マーレ薬品代表取締役吾郷雅昭,尾上久美子,調剤　薬局,,令2.5.1,277_2026.7_kikanzentai_shiga_yakkyoku.pdf
薬局,25,0500879,ウエルシア薬局東,〒527－0034東近江市沖野四丁目１－７,0748-20-2655,ウエルシア薬局株式会社代表取締役田中純一,山本蒼真,調剤　薬局,,令2.9.1,277_2026.7_kikanzentai_shiga_yakkyoku.pdf
薬局,25,0500895,ふれあいさふ谷薬,〒529－1551東近江市宮川町２４４－９０８,0748-55-4182,株式会社近畿予防医学研究所代表取締役広田周一,中野三千恵,調剤　薬局,,令3.9.1,277_2026.7_kikanzentai_shiga_yakkyoku.pdf
薬局,25,0500911,Ｖ・ｄｒｕｇ東近,〒529－1532東近江市市子松井町１９１－３,0748-43-1145,中部薬品株式会社代表取締役佐口弥,鈴木由美子,調剤　薬局,,令4.4.1,277_2026.7_kikanzentai_shiga_yakkyoku.pdf
薬局,25,0500929,ファースト薬局八,〒527－0073東近江市蛇溝町１２０－３,0748-43-2190,有限会社メディネット理事長瀧川政邦,山塚裕美,調剤　薬局,,令4.11.1,277_2026.7_kikanzentai_shiga_yakkyoku.pdf
薬局,25,0500937,いちえ薬局八日市緑,〒527－0023東近江市八日市緑町２８－１,0748-43-0994,株式会社ケイファーマ代表取締役加納裕介,宮林裕基,調剤　薬局,,令5.2.1,277_2026.7_kikanzentai_shiga_yakkyoku.pdf
薬局,25,0500945,ウエルシア薬局東,〒529－1537東近江市市子殿町２４０－２,0748-36-2337,ウエルシア薬局株式会社代表取締役田中純一,小野勇次,調剤　薬局,,令5.11.1,277_2026.7_kikanzentai_shiga_yakkyoku.pdf
薬局,25,0500952,スギ薬局八日市南,〒527－0013東近江市東中野町４－２３,0748-43-0092,株式会社スギ薬局代表取締役杉浦伸哉,前川貴洋,調剤　薬局,,令5.12.21,277_2026.7_kikanzentai_shiga_yakkyoku.pdf
薬局,25,0500960,コストコホールセー,〒527－0045東近江市中小路町２０１－１,0748-20-2251,コストコホールセールジャパン株式会社代表取締役ケリー・ライアン・ハント,竹村早織,調剤　薬局,,令6.8.1,277_2026.7_kikanzentai_shiga_yakkyoku.pdf
薬局,25,0500978,八日市ゆう薬局,〒527－0022東近江市八日市上之町９－２－２,0748-34-0705,株式会社京都南調剤薬局代表取締役神林純二,矢谷彬雄,調剤　薬局,,令6.9.1,277_2026.7_kikanzentai_shiga_yakkyoku.pdf
薬局,25,0500986,クスリのアオキ湖東,〒527－0113東近江市池庄町２１３１,0749-47-6650,株式会社クスリのアオキ代表取締役青木宏憲,中川直紀,調剤　薬局,,令6.12.1,277_2026.7_kikanzentai_shiga_yakkyoku.pdf
薬局,25,0500994,ファーマライズ薬局,〒527－0033東近江市東沖野二丁目２－１,0748-22-0555,ｎｅｘｔＰＨ株式会社代表取締役松浦惠子,大槻文雄,調剤　薬局,,令6.12.2,277_2026.7_kikanzentai_shiga_yakkyoku.pdf
薬局,25,0501000,ファーマライズ薬局,〒527－0025東近江市八日市東本町３－１０,0748-24-0200,ｎｅｘｔＰＨ株式会社代表取締役松浦惠子,髙沢マリコ,調剤　薬局,,令6.12.2,277_2026.7_kikanzentai_shiga_yakkyoku.pdf
薬局,25,0501018,ファーマライズ薬局,〒527－0023東近江市八日市緑町２－８,0748-22-0008,ｎｅｘｔＰＨ株式会社代表取締役松浦惠子,松林義恵,調剤　薬局,,令6.12.2,277_2026.7_kikanzentai_shiga_yakkyoku.pdf
薬局,25,0501026,ファーマライズ薬局,〒527－0023東近江市八日市緑町３－１,0748-24-1616,ｎｅｘｔＰＨ株式会社代表取締役松浦惠子,河居誠,調剤　薬局,,令6.12.2,277_2026.7_kikanzentai_shiga_yakkyoku.pdf
薬局,25,0501034,ファーマライズ薬局,〒527－0015東近江市中野町８００－１,0748-23-0008,ｎｅｘｔＰＨ株式会社代表取締役松浦惠子,岡本玄,調剤　薬局,,令6.12.2,277_2026.7_kikanzentai_shiga_yakkyoku.pdf
薬局,25,0501042,ファーマライズ薬局,〒527－0033東近江市東沖野四丁目１６－１７,0748-23-0800,ｎｅｘｔＰＨ株式会社代表取締役松浦惠子,片山雄貴,調剤　薬局,,令6.12.2,277_2026.7_kikanzentai_shiga_yakkyoku.pdf
薬局,25,0501059,ウエルシア薬局東,〒521－1222東近江市佐野町６６５－１,0748-34-2108,ウエルシア薬局株式会社代表取締役田中純一,重春海,調剤　薬局,,令7.4.1,277_2026.7_kikanzentai_shiga_yakkyoku.pdf
薬局,25,0501067,阪神調剤薬局東近,〒527－0045東近江市中小路町４９４－４,0748-23-1750,株式会社スギ薬局代表取締役杉浦伸哉,児玉剛志,調剤　薬局,,令7.3.1,277_2026.7_kikanzentai_shiga_yakkyoku.pdf
薬局,25,0501075,わかば薬局神崎店,〒529－1445東近江市五個荘清水鼻町１２６－１,0748-48-8612,シップヘルスケアファーマシー株式会社代表取締役市谷文吾,田村佑輔,調剤　薬局,,令7.4.1,277_2026.7_kikanzentai_shiga_yakkyoku.pdf
薬局,25,0501083,ユタカ薬局能登川佐,〒521－1222東近江市佐野町１９８－１,0748-29-3145,株式会社ユタカファーマシー代表取締役錦織征紀,岸本悦臣,調剤　薬局,,令8.1.1,277_2026.7_kikanzentai_shiga_yakkyoku.pdf
薬局,25,0501091,Ｖ・ｄｒｕｇ東近,〒527－0037東近江市東今崎町１－７,0748-34-1215,中部薬品株式会社代表取締役佐口弥,福井秀美,調剤　薬局,,令8.4.1,277_2026.7_kikanzentai_shiga_yakkyoku.pdf
薬局,25,0600307,滋賀県薬剤師会会営,〒525－0072草津市笠山七丁目４番５２号,077-567-2435,一般社団法人滋賀県薬剤師会会長木村昌義,十亀裕子,調剤　薬局,,平4.6.1,277_2026.7_kikanzentai_shiga_yakkyoku.pdf
薬局,25,0600422,ティエス調剤薬局南,〒525－0059草津市野路一丁目６番５号,077-561-7425,株式会社ティエスプラン代表取締役山本一哉,上谷善彦,調剤　薬局,,平9.4.1,277_2026.7_kikanzentai_shiga_yakkyoku.pdf
薬局,25,0600448,ティエス調剤薬局野,〒525－0059草津市野路五丁目４番１号,077-567-1050,株式会社ティエスプラン代表取締役山本一哉,矢田理恵,調剤　薬局,,平9.9.1,277_2026.7_kikanzentai_shiga_yakkyoku.pdf
薬局,25,0600455,ティエス調剤薬局野,〒525－0027草津市野村八丁目９番３８号,077-566-2313,株式会社ティエスプラン代表取締役山本一哉,中地郁浩,調剤　薬局,,平10.1.1,277_2026.7_kikanzentai_shiga_yakkyoku.pdf
薬局,25,0600562,もも薬局穴村店,〒525－0012草津市穴村町３１４番地１,077-568-8525,有限会社もも薬局代表取締役岡本雅子,髙田昌子,調剤　薬局,,平12.5.1,277_2026.7_kikanzentai_shiga_yakkyoku.pdf
薬局,25,0600570,ドリーム薬局南草津,〒525－0059草津市野路一丁目６番５号,077-569-5630,有限会社未来代表取締役山本一哉,木山智子,調剤　薬局,,平12.9.1,277_2026.7_kikanzentai_shiga_yakkyoku.pdf
薬局,25,0600620,パスカル薬局,〒525－0032草津市大路一丁目１１番１６号,077-562-9354,株式会社パスカルシステム代表取締役横井正之,横井正之,調剤　薬局,,平14.9.1,277_2026.7_kikanzentai_shiga_yakkyoku.pdf
薬局,25,0600679,プラス薬局,〒525－0045草津市若草五丁目１３番３号,077-561-0988,有限会社プラス薬局代表取締役大迫芳孝,藤将勝,調剤　薬局,,平16.1.5,277_2026.7_kikanzentai_shiga_yakkyoku.pdf
薬局,25,0600695,調剤薬局しづ,〒525－0041草津市青地町４９６番地３,077-566-7509,株式会社愛知メディックス代表取締役松山喜範,田中康範,調剤　薬局,,平16.7.1,277_2026.7_kikanzentai_shiga_yakkyoku.pdf
薬局,25,0600711,あおぞら調剤薬局,〒525－0028草津市上笠三丁目２７番２１号,077-561-1090,有限会社青空取締役京山毅彦,京山裕子,調剤　薬局,,平16.12.1,277_2026.7_kikanzentai_shiga_yakkyoku.pdf
薬局,25,0600729,あおぞら調剤薬局大,〒525－0032草津市大路一丁目１５番４３号１階,077-569-5336,有限会社青空取締役京山毅彦,京山毅彦,調剤　薬局,,平17.2.1,277_2026.7_kikanzentai_shiga_yakkyoku.pdf
薬局,25,0600745,ムラセ薬局南草津店,〒525－0059草津市野路一丁目１４番４７号,077-563-4300,有限会社ムラセ薬局取締役小林英樹,楠田レイ子,調剤　薬局,,平18.2.13,277_2026.7_kikanzentai_shiga_yakkyoku.pdf
薬局,25,0600836,ハーモニー薬局・か,〒525－0048草津市追分南二丁目１１番７号,077-561-5155,有限会社ジャパン・クリエティブ籏昌生,達摩朋子,調剤　薬局,,平20.12.1,277_2026.7_kikanzentai_shiga_yakkyoku.pdf
薬局,25,0600851,スズキ調剤薬局南,〒525－0050草津市南草津一丁目１番地８,077-565-4220,スズキ薬局株式会社代表取締役鈴木寛和,木下剛,調剤　薬局,,平21.5.1,277_2026.7_kikanzentai_shiga_yakkyoku.pdf
薬局,25,0600877,ティエス調剤薬局,〒525－0026草津市渋川一丁目２番２６号ザ・草津タワー２階,077-561-2509,株式会社ティエスプラン代表取締役山本一哉,丸野真由美,調剤　薬局,,平21.9.1,277_2026.7_kikanzentai_shiga_yakkyoku.pdf
薬局,25,0600885,南草津プラス薬局,〒525－0050草津市南草津三丁目１番１４号,077-569-2508,有限会社プラス薬局代表取締役大迫芳孝,木村早織,調剤　薬局,,平21.12.1,277_2026.7_kikanzentai_shiga_yakkyoku.pdf
薬局,25,0600919,ユタカ薬局西草津,〒525－0028草津市上笠二丁目３３番１２号,077-561-4080,株式会社ユタカファーマシー代表取締役錦織征紀,宮川真由香,調剤　薬局,,平22.5.1,277_2026.7_kikanzentai_shiga_yakkyoku.pdf
薬局,25,0600950,イオン薬局草津店,〒525－0067草津市新浜町３００番地,077-565-0913,イオンリテール株式会社代表取締役古澤康之,中島秀平,調剤　薬局,,平23.3.1,277_2026.7_kikanzentai_shiga_yakkyoku.pdf
薬局,25,0600968,さわだ薬局,〒525－0013草津市新堂町四山田４９－５,077-568-3910,株式会社スリーエムコーポレーション代表取締役中坪利裕,畠山ゆかり,調剤　薬局,,平23.4.1,277_2026.7_kikanzentai_shiga_yakkyoku.pdf
薬局,25,0601008,追分口プラス薬局,〒525－0047草津市追分３－１－７,077-535-5991,有限会社プラス薬局代表取締役大迫芳孝,杉本佳奈映,調剤　薬局,,平23.12.1,277_2026.7_kikanzentai_shiga_yakkyoku.pdf
薬局,25,0601016,ハト薬局,〒525－0066草津市矢橋町６０１番地６,077-599-1808,小川薫貴,小川薫貴,調剤　薬局,,平24.10.1,277_2026.7_kikanzentai_shiga_yakkyoku.pdf
薬局,25,0601032,ひだまり薬局,〒525－0066草津市矢橋町１０４番地３,077-584-5711,山本慶佑,山本慶佑,調剤　薬局,,平25.2.1,277_2026.7_kikanzentai_shiga_yakkyoku.pdf
薬局,25,0601040,こまいざわ薬局,〒525－0014草津市駒井沢町４０５番地２,077-584-4081,株式会社スリーエムコーポレーション代表取締役中坪利裕,樋口千壽子,調剤　薬局,,平25.6.1,277_2026.7_kikanzentai_shiga_yakkyoku.pdf
薬局,25,0601057,ティエス調剤薬局,〒525－0066草津市矢橋町１５６５番１,077-566-7707,株式会社ティエスプラン代表取締役山本一哉,野村太嗣,調剤　薬局,,平25.8.1,277_2026.7_kikanzentai_shiga_yakkyoku.pdf
薬局,25,0601073,つくし薬局玉川店,〒525－0059草津市野路八丁目２２番２９号,077-532-8559,有限会社つくし薬局代表取締役木下博之,佐々木有紀,調剤　薬局,,平25.11.1,277_2026.7_kikanzentai_shiga_yakkyoku.pdf
薬局,25,0601081,吉井薬局南草津店,〒525－0059草津市野路１丁目７番２１号リベリー南草津２階,077-567-2006,吉井勉,吉井勉,調剤　薬局,,平26.3.1,277_2026.7_kikanzentai_shiga_yakkyoku.pdf
薬局,25,0601099,ハーモニー薬局・草,〒525－0037草津市西大路町４番３２号,077-563-7301,有限会社ジャパン・クリエティブ代表取締役籏昌生,八木美和,調剤　薬局,,平26.4.1,277_2026.7_kikanzentai_shiga_yakkyoku.pdf
薬局,25,0601115,おはな薬局,〒525－0023草津市平井一丁目１８番４号,077-567-0870,井真弥,井真弥,調剤　薬局,,平27.3.1,277_2026.7_kikanzentai_shiga_yakkyoku.pdf
薬局,25,0601131,日本調剤草津薬局,〒525－0037草津市西大路町７－７,077-562-4539,日本調剤株式会社代表取締役小城和紀,中野貴透,調剤　薬局,,平27.12.1,277_2026.7_kikanzentai_shiga_yakkyoku.pdf
薬局,25,0601149,中山メディカル薬局,〒525－0047草津市追分一丁目４番２５－１号,077-561-3828,株式会社愛知メディックス代表取締役松山喜範,古澤祥浩,調剤　薬局,,平28.4.1,277_2026.7_kikanzentai_shiga_yakkyoku.pdf
薬局,25,0601156,なの花薬局草津野,〒525－0027草津市野村６丁目１－３コンフォーレＴ１１Ｆ,077-566-5011,株式会社なの花西日本代表取締役宇野光裕,渡辺暉生,調剤　薬局,,平28.4.1,277_2026.7_kikanzentai_shiga_yakkyoku.pdf
薬局,25,0601164,うさぎ調剤薬局南,〒525－0050草津市南草津２丁目４－３,077-561-5152,株式会社うさぎメディケア代表取締役丹波卯子,服部静香,調剤　薬局,,平28.5.1,277_2026.7_kikanzentai_shiga_yakkyoku.pdf
薬局,25,0601172,スギ薬局草津店,〒525－0036草津市草津町１５２０番地１,077-566-6915,株式会社スギ薬局代表取締役杉浦伸哉,甲斐亜加里,調剤　薬局,,平28.4.21,277_2026.7_kikanzentai_shiga_yakkyoku.pdf
薬局,25,0601214,フロンティア薬局滋,〒525－0072草津市笠山七丁目６－５３,077-516-7776,株式会社フロンティア代表取締役重森裕之,与那嶺梨香,調剤　薬局,,平29.10.1,277_2026.7_kikanzentai_shiga_yakkyoku.pdf
薬局,25,0601222,日本調剤滋賀医大,〒525－0072草津市笠山七丁目６－５３,077-598-6250,日本調剤株式会社代表取締役小城和紀,美濃部雅士,調剤　薬局,,平29.10.1,277_2026.7_kikanzentai_shiga_yakkyoku.pdf
薬局,25,0601230,アイセイ薬局南草,〒525－0050草津市南草津二丁目７－２２,077-567-6121,株式会社アイセイ薬局代表取締役藤井江美,宮谷茉莉,調剤　薬局,,平30.1.9,277_2026.7_kikanzentai_shiga_yakkyoku.pdf
薬局,25,0601263,スギ薬局草津大路,〒525－0032草津市大路三丁目５－８,077-584-5890,株式会社スギ薬局代表取締役杉浦伸哉,田畑涼香,調剤　薬局,,令元.5.1,277_2026.7_kikanzentai_shiga_yakkyoku.pdf
薬局,25,0601271,ハーモニー薬局・追,〒525－0048草津市追分南四丁目６－２４,077-596-3680,株式会社ハーモニー・レゾナンス代表取締役籏昌生,炭梨恵,調剤　薬局,,令元.7.1,277_2026.7_kikanzentai_shiga_yakkyoku.pdf
薬局,25,0601289,マリーンピア薬局,〒525－0037草津市西大路町４－３２クサツウエストロイヤルタワー２－７区画,077-599-3335,株式会社マーメイド代表取締役吾郷雅昭,上出哲朗,調剤　薬局,,令元.7.1,277_2026.7_kikanzentai_shiga_yakkyoku.pdf
薬局,25,0601297,ウエルシア薬局草,〒525－0059草津市野路四丁目４－１,077-569-5022,ウエルシア薬局株式会社代表取締役田中純一,大石紗也,調剤　薬局,,令2.2.1,277_2026.7_kikanzentai_shiga_yakkyoku.pdf
薬局,25,0601321,みやもと薬局草津店,〒525－0023草津市平井一丁目１５－３１,077-584-5849,株式会社みやもと薬局代表取締役宮本晃洋,宮本晃洋,調剤　薬局,,令2.9.1,277_2026.7_kikanzentai_shiga_yakkyoku.pdf
薬局,25,0601339,エリー薬局南草津,〒525－0050草津市南草津五丁目６－１,077-584-4620,合同会社エリーファ社長磯部恵理子,磯部恵理子,調剤　薬局,,令2.9.1,277_2026.7_kikanzentai_shiga_yakkyoku.pdf
薬局,25,0601354,スギ薬局エイスク,〒525－0025草津市西渋川一丁目２３－３エイスクエアＳＡＲＡ東館１階,077-598-0913,株式会社スギ薬局代表取締役杉浦伸哉,大槻満枝,調剤　薬局,,令3.3.1,277_2026.7_kikanzentai_shiga_yakkyoku.pdf
薬局,25,0601362,健幸薬局南草津ＬＡ,〒525－0059草津市野路一丁目１３－５１階,077-561-1881,株式会社健幸ＬＡＢＯ代表取締役三宅拓哉,本朋代,調剤　薬局,,令3.3.1,277_2026.7_kikanzentai_shiga_yakkyoku.pdf
薬局,25,0601370,みのり薬局野村店,〒525－0027草津市野村三丁目１６番２０－１号,077-599-6222,株式会社ＭＹＮＳ代表取締役市谷文吾,林孝積,調剤　薬局,,令3.11.1,277_2026.7_kikanzentai_shiga_yakkyoku.pdf
薬局,25,0601388,ユタカ薬局南草津,〒525－0055草津市野路町６８９－３,077-569-5777,株式会社ユタカファーマシー代表取締役錦織征紀,末孝治,調剤　薬局,,令4.5.1,277_2026.7_kikanzentai_shiga_yakkyoku.pdf
薬局,25,0601396,スズキ調剤薬局野,〒525－0055草津市野路町６５２－３,077-516-4558,スズキ薬局株式会社代表取締役鈴木寛和,竹林真衣,調剤　薬局,,令4.6.1,277_2026.7_kikanzentai_shiga_yakkyoku.pdf
薬局,25,0601404,キリン堂薬局草津,〒525－0048草津市追分南六丁目１－６,077-561-1020,株式会社キリン堂代表取締役寺西豊彦,廣瀬泰之,調剤　薬局,,令4.7.1,277_2026.7_kikanzentai_shiga_yakkyoku.pdf
薬局,25,0601412,ウエルシア薬局滋,〒525－0036草津市草津町１８９９,077-561-0133,ウエルシア薬局株式会社代表取締役田中純一,宮井涼子,調剤　薬局,,令4.12.1,277_2026.7_kikanzentai_shiga_yakkyoku.pdf
薬局,25,0601420,高寿薬局,〒525－0067草津市新浜町８５－１９,077-598-1019,プラスファーマ株式会社代表取締役白井敬士,安井佳代子,調剤　薬局,,令5.3.1,277_2026.7_kikanzentai_shiga_yakkyoku.pdf
薬局,25,0601438,レモン薬局矢橋店,〒525－0066草津市矢橋町１０２－８,077-596-3797,株式会社ネクサス代表取締役大朏俊,浅田翔太,調剤　薬局,,令5.5.1,277_2026.7_kikanzentai_shiga_yakkyoku.pdf
薬局,25,0601453,いちえ薬局草津店,〒525－0034草津市草津三丁目４－１４,077-596-3768,アールコネクト株式会社代表取締役加納裕介,田中諒,調剤　薬局,,令5.8.1,277_2026.7_kikanzentai_shiga_yakkyoku.pdf
薬局,25,0601461,アイ薬局,〒525－0032草津市大路二丁目１－２７伽羅ガーデンスクエア１０３,077-566-6535,株式会社マーレ薬品代表取締役吾郷雅昭,佐々木裕,調剤　薬局,,令5.9.1,277_2026.7_kikanzentai_shiga_yakkyoku.pdf
薬局,25,0601479,さくら薬局草津店,〒525－0021草津市川原ニ丁目１６－４１,077-574-8939,株式会社Ｄｉｘ代表取締役大石卓,島田明典,調剤　薬局,,令5.10.1,277_2026.7_kikanzentai_shiga_yakkyoku.pdf
薬局,25,0601495,クスリのアオキ草津,〒525－0001草津市下物町５１－１,077-584-4660,株式会社クスリのアオキ代表取締役青木宏憲,大槻貴史,調剤　薬局,,令5.12.1,277_2026.7_kikanzentai_shiga_yakkyoku.pdf
薬局,25,0601503,リブラ薬局,〒525－0032草津市大路一丁目６－１６,077-562-9277,株式会社フィールドファーマシー代表取締役岩下正志,中島英一,調剤　薬局,,令5.12.1,277_2026.7_kikanzentai_shiga_yakkyoku.pdf
薬局,25,0601511,リブラ薬局大路店,〒525－0032草津市大路二丁目１０－８,077-562-8558,株式会社フィールドファーマシー代表取締役岩下正志,一川怜史,調剤　薬局,,令5.12.1,277_2026.7_kikanzentai_shiga_yakkyoku.pdf
薬局,25,0601529,たんぽぽ薬局草津,〒525－0054草津市東矢倉三丁目３３－３４,077-599-3101,たんぽぽ薬局株式会社代表取締役松野英子,田有志,調剤　薬局,,令6.3.1,277_2026.7_kikanzentai_shiga_yakkyoku.pdf
薬局,25,0601537,ふれあいハート薬局,〒525－0061草津市北山田町２４７－１,077-561-4070,株式会社ミルキーマリーンホールディングス代表取締役松山喜範,加藤真司,調剤　薬局,,令6.5.1,277_2026.7_kikanzentai_shiga_yakkyoku.pdf
薬局,25,0601545,すまいる薬局草津,〒525－0025草津市西渋川一丁目２１－１４エルミナＭＣビル１階,077-584-5606,株式会社ＬＩＮＫＴＨ代表取締役林政徳,小助川直樹,調剤　薬局,,令6.9.1,277_2026.7_kikanzentai_shiga_yakkyoku.pdf
薬局,25,0601552,あすなろ薬局,〒525－0029草津市下笠町７６－６,077-568-3767,株式会社いずみ薬局代表取締役田中忠信,野村優,調剤　薬局,,令6.11.1,277_2026.7_kikanzentai_shiga_yakkyoku.pdf
薬局,25,0601560,阪神調剤薬局草津,〒525－0066草津市矢橋町１６２９－１５,077-567-2080,株式会社スギ薬局代表取締役杉浦伸哉,中山恵子,調剤　薬局,,令7.3.1,277_2026.7_kikanzentai_shiga_yakkyoku.pdf
薬局,25,0601578,みどり薬局草津店,〒525－0066草津市矢橋町１６１３－１,077-562-3148,シップヘルスケアファーマシー株式会社代表取締役市谷文吾,田中茜,調剤　薬局,,令7.4.1,277_2026.7_kikanzentai_shiga_yakkyoku.pdf
薬局,25,0601586,アイセイ薬局南草,〒525－0050草津市南草津三丁目４－３－２,077-516-1302,株式会社アイセイ薬局代表取締役藤井江美,廣瀬賢一,調剤　薬局,,令7.4.1,277_2026.7_kikanzentai_shiga_yakkyoku.pdf
薬局,25,0601594,アイセイハート薬局,〒525－0050草津市南草津三丁目４－４,077-562-5300,株式会社アイセイ薬局代表取締役藤井江美,関岡由夏,調剤　薬局,,令7.4.1,277_2026.7_kikanzentai_shiga_yakkyoku.pdf
薬局,25,0700123,誠心堂薬局,〒524－0036守山市伊勢町４５１番地１３４,077-583-2720,清水稔,清水継代,調剤　薬局,,昭62.4.6,277_2026.7_kikanzentai_shiga_yakkyoku.pdf
薬局,25,0700164,ティエス調剤薬局守,〒524－0033守山市浮気町３００番地１５グランドメゾン１０２号,077-581-1085,株式会社ティエスプラン代表取締役山本一哉,下村武子,調剤　薬局,,平5.12.1,277_2026.7_kikanzentai_shiga_yakkyoku.pdf
薬局,25,0700263,ふれあい薬局,〒524－0022守山市守山四丁目１３番２号,077-581-2550,株式会社近畿予防医学研究所代表取締役広田周一,中村昌子,調剤　薬局,,平10.5.1,277_2026.7_kikanzentai_shiga_yakkyoku.pdf
薬局,25,0700370,小島薬局,〒524－0041守山市勝部一丁目１番２１－１０２号,077-583-0616,有限会社こじま代表取締役中野佐和子,木村雅子,調剤　薬局,,平14.11.1,277_2026.7_kikanzentai_shiga_yakkyoku.pdf
薬局,25,0700404,すこやか薬局,〒524－0022守山市守山五丁目６番５３号,077-514-0507,株式会社近畿予防医学研究所代表取締役広田周一,松本広美,調剤　薬局,,平15.9.1,277_2026.7_kikanzentai_shiga_yakkyoku.pdf
薬局,25,0700412,たんぽぽ薬局守山店,〒524－0022守山市守山五丁目５番２７号,077-514-0401,たんぽぽ薬局株式会社代表取締役松野英子,宮重梨紗,調剤　薬局,,平15.10.1,277_2026.7_kikanzentai_shiga_yakkyoku.pdf
薬局,25,0700479,ユタカ調剤薬局守,〒524－0045守山市金森町赤塚９６３番地,077-582-3005,株式会社ユタカファーマシー代表取締役錦織征紀,岡井慎二,調剤　薬局,,平18.4.3,277_2026.7_kikanzentai_shiga_yakkyoku.pdf
薬局,25,0700487,ハーモニー薬局,〒524－0021守山市吉身三丁目１７番２９号,077-581-3951,株式会社ハーモニー・ウェルネス代表取締役籏昌生,森篤子,調剤　薬局,,平18.12.1,277_2026.7_kikanzentai_shiga_yakkyoku.pdf
薬局,25,0700503,サン調剤薬局,〒524－0021守山市吉身二丁目６番２３号,077-514-0337,株式会社サン調剤薬局代表取締役西川誠,大竹陽子,調剤　薬局,,平19.8.1,277_2026.7_kikanzentai_shiga_yakkyoku.pdf
薬局,25,0700511,スギ薬局守山店,〒524－0021守山市吉見三丁目１４番３０号,077-514-1911,株式会社スギ薬局代表取締役杉浦伸哉,藤井健治,調剤　薬局,,平20.9.1,277_2026.7_kikanzentai_shiga_yakkyoku.pdf
薬局,25,0700552,アイランド薬局守,〒524－0022守山市守山三丁目１０番１１号,077-582-0006,アポクリート株式会社代表取締役都筑朋英,安藤貴志,調剤　薬局,,平22.2.1,277_2026.7_kikanzentai_shiga_yakkyoku.pdf
薬局,25,0700560,ハーモニー薬局・守,〒524－0014守山市石田町２７５番地７,077-518-7077,株式会社ウッドゲート代表取締役木戸一博,木戸昂希,調剤　薬局,,平23.10.1,277_2026.7_kikanzentai_shiga_yakkyoku.pdf
薬局,25,0700578,尾﨑薬局,〒524－0214守山市立田町１７７２番３,077-584-3141,有限会社ハイメディカル代表取締役尾﨑博司,中野美幸,調剤　薬局,,平24.5.1,277_2026.7_kikanzentai_shiga_yakkyoku.pdf
薬局,25,0700594,みのり薬局大門店,〒524－0052守山市大門町３４番８,077-599-3997,株式会社ＭＹＮＳ代表取締役市谷文吾,西山啓介,調剤　薬局,,平25.1.1,277_2026.7_kikanzentai_shiga_yakkyoku.pdf
薬局,25,0700602,おひさま薬局都賀,〒524－0041守山市勝部六丁目３－３３,077-584-5601,株式会社サン調剤薬局代表取締役西川誠,西川真美子,調剤　薬局,,平25.9.1,277_2026.7_kikanzentai_shiga_yakkyoku.pdf
薬局,25,0700610,琵琶湖おおはし薬局,〒524－0102守山市水保町１２６８番２１,077-585-0991,株式会社愛知メディックス代表取締役松山喜範,佐藤駿,調剤　薬局,,平25.11.1,277_2026.7_kikanzentai_shiga_yakkyoku.pdf
薬局,25,0700628,ウエルシア薬局滋賀,〒524－0022守山市守山６－１０－３７,077-514-0622,ウエルシア薬局株式会社代表取締役田中純一,甲谷大輝,調剤　薬局,,平27.9.1,277_2026.7_kikanzentai_shiga_yakkyoku.pdf
薬局,25,0700636,もりのこ調剤薬局,〒524－0021守山市吉身一丁目５－１４,077-596-5401,株式会社愛知メディックス代表取締役松山喜範,鴨狩亜樹,調剤　薬局,,平27.10.1,277_2026.7_kikanzentai_shiga_yakkyoku.pdf
薬局,25,0700644,サン調剤薬局えん,〒524－0042守山市焔魔堂町１１５－１,077-596-5536,株式会社サン調剤薬局代表取締役西川誠,井晶,調剤　薬局,,平28.5.1,277_2026.7_kikanzentai_shiga_yakkyoku.pdf
薬局,25,0700651,ふれあい薬局・コー,〒524－0041守山市勝部３丁目１５番３１－１号,077-514-2007,株式会社近畿予防医学研究所代表取締役広田周一,髙見太郎,調剤　薬局,,平28.6.1,277_2026.7_kikanzentai_shiga_yakkyoku.pdf
薬局,25,0700669,ヤクゴ薬局守山店,〒524－0103守山市洲本町１２５６－７,077-584-3001,株式会社ファルマスター代表取締役石田さき子,山本涼子,調剤　薬局,,平28.10.1,277_2026.7_kikanzentai_shiga_yakkyoku.pdf
薬局,25,0700677,はなちゃん薬局,〒524－0013守山市下之郷三丁目１－４１－１,077-581-2080,株式会社はなちゃん薬局代表取締役山岡玄馬,奥村嘉悠希,調剤　薬局,,平29.3.1,277_2026.7_kikanzentai_shiga_yakkyoku.pdf
薬局,25,0700685,もりやま薬局,〒524－0033守山市浮気町２１６－１,077-582-8821,株式会社スリーエムコーポレーション代表取締役中坪利裕,清原俊美,調剤　薬局,,平29.5.1,277_2026.7_kikanzentai_shiga_yakkyoku.pdf
薬局,25,0700693,ふれあい薬局・金森,〒524－0045守山市金森町５９８－２,077-581-2188,株式会社近畿予防医学研究所代表取締役広田周一,脇本真弓,調剤　薬局,,平30.5.7,277_2026.7_kikanzentai_shiga_yakkyoku.pdf
薬局,25,0700701,ますだ薬局守山店,〒524－0022守山市守山五丁目８－１３,077-581-8179,有限会社メディテック代表取締役大西延明,間下高秀,調剤　薬局,,平30.8.6,277_2026.7_kikanzentai_shiga_yakkyoku.pdf
薬局,25,0700719,スギ薬局守山東店,〒524－0041守山市勝部五丁目７－１８,077-574-8911,株式会社スギ薬局代表取締役杉浦伸哉,間宮涼太,調剤　薬局,,平30.11.1,277_2026.7_kikanzentai_shiga_yakkyoku.pdf
薬局,25,0700727,はなちゃん薬局２,〒524－0045守山市金森町４５２－７,077-582-4131,株式会社はなちゃん薬局代表取締役山岡玄馬,山岡玄馬,調剤　薬局,,令元.6.1,277_2026.7_kikanzentai_shiga_yakkyoku.pdf
薬局,25,0700735,クスリのアオキ川田,〒524－0001守山市川田町７５７－１,077-585-9535,株式会社クスリのアオキ代表取締役青木宏憲,谷村友美子,調剤　薬局,,令3.4.1,277_2026.7_kikanzentai_shiga_yakkyoku.pdf
薬局,25,0700743,アイランド薬局守,〒524－0022守山市守山一丁目５－１０－１０３,077-599-1989,アポクリート株式会社代表取締役都筑朋英,加藤純,調剤　薬局,,令3.4.1,277_2026.7_kikanzentai_shiga_yakkyoku.pdf
薬局,25,0700750,守山ゆう薬局,〒524－0045守山市金森町６０３－５,077-599-3864,株式会社京都南調剤薬局代表取締役神林純二,木下景子,調剤　薬局,,令3.10.1,277_2026.7_kikanzentai_shiga_yakkyoku.pdf
薬局,25,0700768,キリン堂薬局守山,〒524－0037守山市梅田町１１－１９,077-514-3550,株式会社キリン堂代表取締役寺西豊彦,竹村友里,調剤　薬局,,令4.2.1,277_2026.7_kikanzentai_shiga_yakkyoku.pdf
薬局,25,0700776,ウエルシア薬局守,〒524－0046守山市今宿四丁目５－１０,077-514-1663,ウエルシア薬局株式会社代表取締役田中純一,森元彩華,調剤　薬局,,令4.5.1,277_2026.7_kikanzentai_shiga_yakkyoku.pdf
薬局,25,0700784,はりまだゆう薬局,〒524－0012守山市播磨田町３０６０,077-582-1100,株式会社京都南調剤薬局代表取締役神林純二,米田潤子,調剤　薬局,,令5.4.1,277_2026.7_kikanzentai_shiga_yakkyoku.pdf
薬局,25,0700792,キリン堂薬局守山,〒524－0012守山市播磨田町３０６３,077-514-0081,株式会社キリン堂代表取締役寺西豊彦,中井康博,調剤　薬局,,令6.1.1,277_2026.7_kikanzentai_shiga_yakkyoku.pdf
薬局,25,0700800,あけとみ薬局,〒524－0104守山市木浜町１６７０－３,077-584-2981,株式会社あけとみ代表取締役澤田幹仁,澤田幹仁,調剤　薬局,,令6.5.1,277_2026.7_kikanzentai_shiga_yakkyoku.pdf
薬局,25,0700826,ハーモニー薬局はり,〒524－0012守山市播磨田町１４５６－１－１,077-583-3500,株式会社ウッドゲート代表取締役木戸一博,村田毅,調剤　薬局,,令6.11.1,277_2026.7_kikanzentai_shiga_yakkyoku.pdf
薬局,25,0700834,ユタカ薬局守山,〒524－0044守山市古高町３８４,077-514-7285,株式会社ユタカファーマシー代表取締役錦織征紀,佐生健宏,調剤　薬局,,令7.5.1,277_2026.7_kikanzentai_shiga_yakkyoku.pdf
薬局,25,0700842,すまいる調剤薬局,〒524－0012守山市播磨田町１３０７－９,077-514-2571,株式会社ウィーズ代表取締役田達也,那須正徳,調剤　薬局,,令7.9.1,277_2026.7_kikanzentai_shiga_yakkyoku.pdf
薬局,25,0700859,なの花薬局フレンド,〒524－0037守山市梅田町６－２,077-516-8028,株式会社なの花西日本代表取締役宇野光裕,浮氣良太,調剤　薬局,,令7.12.1,277_2026.7_kikanzentai_shiga_yakkyoku.pdf
薬局,25,0700867,大野養真堂薬局大林,〒524－0054守山市大林町２１４－１,077-581-2677,株式会社サンポーウェルズ代表取締役川村典康,渡辺詩織,調剤　薬局,,令7.11.1,277_2026.7_kikanzentai_shiga_yakkyoku.pdf
薬局,25,0700875,ラブリー薬局,〒524－0037守山市梅田町１５－８,077-598-1107,株式会社ＲｉＴＡ代表取締役中島玲子,鈴木恵,調剤　薬局,,令7.11.1,277_2026.7_kikanzentai_shiga_yakkyoku.pdf
薬局,25,1200164,スマイル薬局,〒520－3024栗東市小柿六丁目１－４１－１－１,077-552-6923,有限会社スマイル代表取締役横山亮一,米田明弘,調剤　薬局,,平6.10.1,277_2026.7_kikanzentai_shiga_yakkyoku.pdf
薬局,25,1200206,スズキ調剤薬局大宝,〒520－3035栗東市霊仙寺一丁目２番１９号ＥＳＰＯ栗東１Ｆ,077-551-0919,スズキ薬局株式会社代表取締役鈴木寛和,山本香名子,調剤　薬局,,平10.4.1,277_2026.7_kikanzentai_shiga_yakkyoku.pdf
薬局,25,1200248,オードリー薬局,〒520－3016栗東市小野８８１番地３,077-552-8850,嶋林正治,嶋林正治,調剤　薬局,,平13.7.1,277_2026.7_kikanzentai_shiga_yakkyoku.pdf
薬局,25,1200305,スズキ薬局栗東店,〒520－3015栗東市安養寺一丁目１番２０号１０２号,077-553-8122,スズキ薬局株式会社代表取締役鈴木寛和,吉田順一,調剤　薬局,,平18.5.1,277_2026.7_kikanzentai_shiga_yakkyoku.pdf
薬局,25,1200339,やよい調剤薬局,〒520－3024栗東市小柿十丁目１６番１１号,077-532-1539,木村弥生,木村弥生,調剤　薬局,,平20.4.14,277_2026.7_kikanzentai_shiga_yakkyoku.pdf
薬局,25,1200354,みのり薬局,〒520－3027栗東市野尻４４０番地４,077-554-7644,株式会社ＭＹＮＳ代表取締役市谷文吾,大江綜麻,調剤　薬局,,平21.5.1,277_2026.7_kikanzentai_shiga_yakkyoku.pdf
薬局,25,1200438,日本調剤栗東薬局,〒520－3046栗東市大橋二丁目６番１８号,077-554-9150,日本調剤株式会社代表取締役小城和紀,井之上智美,調剤　薬局,,平24.9.1,277_2026.7_kikanzentai_shiga_yakkyoku.pdf
薬局,25,1200495,クスリのアオキ目川,〒520－3013栗東市目川１４３３番,077-574-8461,株式会社クスリのアオキ代表取締役青木宏憲,島田達也,調剤　薬局,,平26.8.1,277_2026.7_kikanzentai_shiga_yakkyoku.pdf
薬局,25,1200503,クスリのアオキ霊仙,〒520－3035栗東市霊仙寺一丁目４番６号,077-516-4515,株式会社クスリのアオキ代表取締役青木宏憲,三井田隆貴,調剤　薬局,,平26.9.1,277_2026.7_kikanzentai_shiga_yakkyoku.pdf
薬局,25,1200511,ウエルシア薬局栗,〒520－3047栗東市手原１丁目９－１７,077-554-9588,ウエルシア薬局株式会社代表取締役田中純一,谷口雄規,調剤　薬局,,平26.9.1,277_2026.7_kikanzentai_shiga_yakkyoku.pdf
薬局,25,1200545,調剤薬局ツルハドラ,〒520－3015栗東市安養寺８丁目２番２２号,077-551-6270,株式会社ツルハ代表取締役社長八幡政浩,伊東麻衣,調剤　薬局,,平27.8.1,277_2026.7_kikanzentai_shiga_yakkyoku.pdf
薬局,25,1200560,なの花薬局栗東大,〒520－3035栗東市霊仙寺１丁目１－５３,077-553-5211,株式会社なの花西日本代表取締役宇野光裕,岸野高志,調剤　薬局,,平28.4.1,277_2026.7_kikanzentai_shiga_yakkyoku.pdf
薬局,25,1200586,スズキ調剤薬局栗,〒520－3031栗東市綣二丁目４－５ウイングプラザ１Ｆ,077-516-4222,スズキ薬局株式会社代表取締役鈴木寛和,稲増満子,調剤　薬局,,平29.2.1,277_2026.7_kikanzentai_shiga_yakkyoku.pdf
薬局,25,1200594,栗東シンザン像前調,〒520－3005栗東市御園８４６－１,077-596-5490,株式会社ＬＥＶＥＬーＫ代表取締役久米史洋,松原彩,調剤　薬局,,平29.4.1,277_2026.7_kikanzentai_shiga_yakkyoku.pdf
薬局,25,1200602,どんぐり薬局安養寺,〒520－3015栗東市安養寺三丁目１１－１１,077-576-5267,株式会社チェックポイント代表取締役大森徹也,石田紘基,調剤　薬局,,平29.6.1,277_2026.7_kikanzentai_shiga_yakkyoku.pdf
薬局,25,1200628,ふれあい薬局・栗東,〒520－3046栗東市大橋二丁目７－４,077-554-8755,株式会社近畿予防医学研究所代表取締役広田周一,中山昌代,調剤　薬局,,平30.1.1,277_2026.7_kikanzentai_shiga_yakkyoku.pdf
薬局,25,1200644,クオール薬局こびら,〒520－3034栗東市小平井三丁目２－２４,077-554-8501,クオール株式会社代表取締役柄澤忍,深野木美佳,調剤　薬局,,平30.10.1,277_2026.7_kikanzentai_shiga_yakkyoku.pdf
薬局,25,1200651,スギ薬局栗東ひが,〒520－3041栗東市出庭５２３－１,077-574-8901,株式会社スギ薬局代表取締役杉浦伸哉,竹田舞,調剤　薬局,,平31.2.1,277_2026.7_kikanzentai_shiga_yakkyoku.pdf
薬局,25,1200669,つなぐ薬局栗東店,〒520－3047栗東市手原五丁目６－１４,077-552-8968,有限会社協同プラン取締役西村美奈,北川毅,調剤　薬局,,令元.11.1,277_2026.7_kikanzentai_shiga_yakkyoku.pdf
薬局,25,1200677,ドリーム薬局手原,〒520－3047栗東市手原三丁目１１－４,077-551-3510,有限会社協同プラン取締役西村美奈,玉山卓己,調剤　薬局,,令2.2.1,277_2026.7_kikanzentai_shiga_yakkyoku.pdf
薬局,25,1200693,にこ薬局,〒520－3031栗東市綣三丁目１０－２２－１Ｆ－２Ａ,077-554-8925,株式会社メディカルハブジャパン代表取締役小田垣啓史,小田垣啓史,調剤　薬局,,令2.3.1,277_2026.7_kikanzentai_shiga_yakkyoku.pdf
薬局,25,1200701,凡凡薬局御園店,〒520－3005栗東市御園１８２９－２,077-559-2121,株式会社メディカル一光代表取締役遠山邦彦,西川聖子,調剤　薬局,,令2.3.1,277_2026.7_kikanzentai_shiga_yakkyoku.pdf
薬局,25,1200719,マロン薬局,〒520－3031栗東市綣一丁目１０－１２,077-516-7900,シマタニ株式会社代表取締役田中貴子,梶本晃司,調剤　薬局,,令2.4.1,277_2026.7_kikanzentai_shiga_yakkyoku.pdf
薬局,25,1200727,金太郎薬局栗東店,〒520－3027栗東市野尻５９０,077-551-2966,株式会社メタルファーマシー代表取締役川野義光,本荘郁子,調剤　薬局,,令2.6.1,277_2026.7_kikanzentai_shiga_yakkyoku.pdf
薬局,25,1200735,つばさ薬局中沢店,〒520－3025栗東市中沢二丁目５－５３,077-599-1068,有限会社ムラセ薬局取締役小林英樹,池原英子,調剤　薬局,,令2.8.1,277_2026.7_kikanzentai_shiga_yakkyoku.pdf
薬局,25,1200743,ユタカ薬局栗東野,〒520－3027栗東市野尻５８０,077-554-7009,株式会社ユタカファーマシー代表取締役錦織征紀,一京子,調剤　薬局,,令2.10.1,277_2026.7_kikanzentai_shiga_yakkyoku.pdf
薬局,25,1200750,りあん薬局,〒520－3045栗東市高野５６２－７プロスペリテⅡ１階,077-596-5270,株式会社レークケア代表取締役西村雄一,石合奈津子,調剤　薬局,,令3.4.1,277_2026.7_kikanzentai_shiga_yakkyoku.pdf
薬局,25,1200776,はなちゃん薬局３,〒520－3031栗東市綣三丁目５－９,077-552-6993,株式会社はなちゃん薬局代表取締役山岡玄馬,山川祐一郎,調剤　薬局,,令3.5.1,277_2026.7_kikanzentai_shiga_yakkyoku.pdf
薬局,25,1200800,おひさま薬局目川,〒520－3013栗東市目川１４０２,077-599-0395,株式会社サン調剤薬局代表取締役西川誠,大林竜士,調剤　薬局,,令5.6.1,277_2026.7_kikanzentai_shiga_yakkyoku.pdf
薬局,25,1200818,ユタカ薬局栗東小柿,〒520－3024栗東市小柿六丁目４－２８,077-596-3625,株式会社ユタカファーマシー代表取締役錦織征紀,坂井侑香,調剤　薬局,,令5.8.1,277_2026.7_kikanzentai_shiga_yakkyoku.pdf
薬局,25,1200826,ユタカ薬局栗東安養,〒520－3015栗東市安養寺三丁目１－３９,077-574-8608,株式会社ユタカファーマシー代表取締役錦織征紀,亀井良充,調剤　薬局,,令5.9.1,277_2026.7_kikanzentai_shiga_yakkyoku.pdf
薬局,25,1200834,リペアス調剤薬局,〒520－3024栗東市小柿七丁目１－２,077-551-3377,株式会社みらいファーマシー代表取締役広田周一,久保井寛,調剤　薬局,,令6.4.1,277_2026.7_kikanzentai_shiga_yakkyoku.pdf
薬局,25,1200842,キリン堂薬局栗東,〒520－3035栗東市霊仙寺三丁目２－２９,077-551-3007,株式会社キリン堂代表取締役寺西豊彦,保積慧美,調剤　薬局,,令6.4.1,277_2026.7_kikanzentai_shiga_yakkyoku.pdf
薬局,25,1200859,はな薬局栗東店,〒520－3012栗東市岡１９５－４,077-553-3055,株式会社ウィーズ代表取締役田達也,鈴木武史,調剤　薬局,,令6.6.1,277_2026.7_kikanzentai_shiga_yakkyoku.pdf
薬局,25,1200867,ふれあい薬局・大宝,〒520－3037栗東市北中小路３４４－３,077-500-0010,株式会社近畿予防医学研究所代表取締役広田周一,久野真喜子,調剤　薬局,,令6.10.1,277_2026.7_kikanzentai_shiga_yakkyoku.pdf
薬局,25,1200875,阪神調剤薬局栗東,〒520－3046栗東市大橋二丁目５－３６,077-554-8766,株式会社スギ薬局代表取締役杉浦伸哉,田千尋,調剤　薬局,,令7.3.1,277_2026.7_kikanzentai_shiga_yakkyoku.pdf
薬局,25,1200883,アイセイハート薬局,〒520－3015栗東市安養寺一丁目９－１０,077-553-2312,株式会社アイセイ薬局代表取締役藤井江美,是川聖乃,調剤　薬局,,令7.4.1,277_2026.7_kikanzentai_shiga_yakkyoku.pdf
薬局,25,1200891,アイセイハート薬局,〒520－3024栗東市小柿七丁目９－１１クリニックステーション草津１階,077-552-2301,株式会社アイセイ薬局代表取締役藤井江美,伊藤和浩,調剤　薬局,,令7.4.1,277_2026.7_kikanzentai_shiga_yakkyoku.pdf
薬局,25,1200917,ファーマライズ薬局,〒520－3031栗東市綣三丁目５－２,077-554-8390,ｎｅｘｔＰＨ株式会社代表取締役松浦惠子,篠原真江,調剤　薬局,,令7.9.1,277_2026.7_kikanzentai_shiga_yakkyoku.pdf
薬局,25,1300030,株式会社永寿薬局,〒520－2331野洲市小篠原２２１５番地,077-587-0151,株式会社永寿薬局代表取締役山本康平,山本康平,調剤　薬局,,昭32.9.1,277_2026.7_kikanzentai_shiga_yakkyoku.pdf
薬局,25,1300154,アルファー薬局,〒520－2331野洲市小篠原１１１１番地１,077-587-3805,株式会社アルファー薬品代表取締役西村清子,西村清子,調剤　薬局,,平6.9.1,277_2026.7_kikanzentai_shiga_yakkyoku.pdf
薬局,25,1300188,油定薬局,〒520－2304野洲市永原５１７番地,077-587-0245,株式会社アブラサダ代表取締役梅村定宏,梅村純子,調剤　薬局,,平6.10.1,277_2026.7_kikanzentai_shiga_yakkyoku.pdf
薬局,25,1300238,スマイル薬局野洲店,〒520－2362野洲市市三宅２７３２番地,077-586-0527,有限会社スマイル代表取締役横山亮一,青田利恵,調剤　薬局,,平11.10.1,277_2026.7_kikanzentai_shiga_yakkyoku.pdf
薬局,25,1300261,ササ薬局野洲店,〒520－2331野洲市小篠原１２６６番地,077-518-0865,有限会社ササ薬局取締役佐々康裕,田中志保,調剤　薬局,,平13.3.1,277_2026.7_kikanzentai_shiga_yakkyoku.pdf
薬局,25,1300303,ハーモニー薬局・野,〒520－2351野洲市冨波甲１０８７番地３,077-586-6807,株式会社ハーモニー・ウェルネス代表取締役籏昌生,井上里和,調剤　薬局,,平19.7.1,277_2026.7_kikanzentai_shiga_yakkyoku.pdf
薬局,25,1300329,ほとめき薬局,〒520－2323野洲市三上２７７番地１,077-518-0676,有限会社イツモ代表取締役山岡久泰,黒宮大輔,調剤　薬局,,平20.7.1,277_2026.7_kikanzentai_shiga_yakkyoku.pdf
薬局,25,1300378,パンプキン調剤薬局,〒520－2413野洲市吉地一丁目１１９３番２,077-589-6701,株式会社ケイ・エム・シー代表取締役松山喜範,加藤裕章,調剤　薬局,,平21.11.1,277_2026.7_kikanzentai_shiga_yakkyoku.pdf
薬局,25,1300436,オレンジ薬局,〒520－2362野洲市市三宅２３３９番３,077-598-5577,株式会社オレンジメディカル代表取締役角谷廣幸,角谷廣幸,調剤　薬局,,平23.9.1,277_2026.7_kikanzentai_shiga_yakkyoku.pdf
薬局,25,1300444,スギ薬局野洲店,〒520－2331野洲市小篠原１９８０番地５,077-518-1051,株式会社スギ薬局代表取締役杉浦伸哉,堀高之,調剤　薬局,,平25.2.1,277_2026.7_kikanzentai_shiga_yakkyoku.pdf
薬局,25,1300451,ウエルシア薬局野洲,〒520－2331野洲市小篠原１６１１－１,077-518-0501,ウエルシア薬局株式会社代表取締役田中純一,木下満裕,調剤　薬局,,平26.9.1,277_2026.7_kikanzentai_shiga_yakkyoku.pdf
薬局,25,1300469,ポニー薬局,〒520－2331野洲市小篠原１９５７番地２,077-598-6801,株式会社なみかコーポレーション代表取締役飯田健一,飯田健一,調剤　薬局,,平28.4.1,277_2026.7_kikanzentai_shiga_yakkyoku.pdf
薬局,25,1300477,どれみ薬局,〒520－2331野洲市小篠原８６９－８,077-576-7707,有限会社メディネット代表取締役瀧川政邦,吉田恵子,調剤　薬局,,平29.6.1,277_2026.7_kikanzentai_shiga_yakkyoku.pdf
薬局,25,1300485,りぼん薬局野洲店,〒520－2331野洲市小篠原２０５５,077-586-3501,株式会社サンポーウェルズ代表取締役川村典康,川村典康,調剤　薬局,,平30.1.1,277_2026.7_kikanzentai_shiga_yakkyoku.pdf
薬局,25,1300493,とまと薬局行畑店,〒520－2341野洲市行畑７２８,077-598-1226,株式会社アルテア代表取締役松永章宏,松永章宏,調剤　薬局,,平30.2.1,277_2026.7_kikanzentai_shiga_yakkyoku.pdf
薬局,25,1300501,つばさ薬局野洲店,〒520－2353野洲市久野部１９４－３,077-518-0111,有限会社ムラセ薬局取締役小林英樹,菱田美織,調剤　薬局,,平31.1.1,277_2026.7_kikanzentai_shiga_yakkyoku.pdf
薬局,25,1300519,ぎおう薬局,〒520－2304野洲市永原１８３４－４,077-586-9050,株式会社三和メディカル代表取締役三宅拓哉,寺岡正樹,調剤　薬局,,令元.5.1,277_2026.7_kikanzentai_shiga_yakkyoku.pdf
薬局,25,1300535,クスリのアオキ野洲,〒520－2331野洲市小篠原１２６９－２,077-574-8972,株式会社クスリのアオキ代表取締役青木宏憲,藤中梨香子,調剤　薬局,,令3.7.1,277_2026.7_kikanzentai_shiga_yakkyoku.pdf
薬局,25,1300543,ウエルシア薬局野,〒520－2362野洲市市三宅２３７５,077-588-5033,ウエルシア薬局株式会社代表取締役田中純一,和田彩,調剤　薬局,,令4.2.1,277_2026.7_kikanzentai_shiga_yakkyoku.pdf
薬局,25,1300550,カルム薬局,〒520－2353野洲市久野部１９８－１,077-599-5845,株式会社カルムファーマシー代表取締役西村和真,西村和真,調剤　薬局,,令4.10.1,277_2026.7_kikanzentai_shiga_yakkyoku.pdf
薬局,25,1300568,サンドラッグ野洲薬,〒520－2331野洲市小篠原１０００アルプラザ野洲店１階,077-584-5263,株式会社サンドラッグ代表取締役貞方宏司,熱海愛穂,調剤　薬局,,令4.10.1,277_2026.7_kikanzentai_shiga_yakkyoku.pdf
薬局,25,1300576,ユタカ薬局野洲,〒520－2352野洲市冨波乙８２８,077-526-6232,株式会社ユタカファーマシー代表取締役錦織征紀,外池克成,調剤　薬局,,令6.8.1,277_2026.7_kikanzentai_shiga_yakkyoku.pdf
薬局,25,1300584,アピス薬局野洲店,〒520－2433野洲市八夫２０７７－２,077-589-1107,株式会社ウィーズ代表取締役田達也,大川裕紀,調剤　薬局,,令6.6.1,277_2026.7_kikanzentai_shiga_yakkyoku.pdf
薬局,25,1300600,ハーモニー薬局・行,〒520－2341野洲市行畑６７２－２,077-558-6811,株式会社ハーモニー・ウェルネス代表取締役籏昌生,籏昌生,調剤　薬局,,令7.5.1,277_2026.7_kikanzentai_shiga_yakkyoku.pdf
薬局,25,1300618,マミー薬局,〒520－2331野洲市小篠原１１０９－４,077-586-5470,株式会社ストレチア代表取締役山根弘,森野朋美,調剤　薬局,,令7.4.1,277_2026.7_kikanzentai_shiga_yakkyoku.pdf
薬局,25,1300626,みつば薬局,〒520－2331野洲市小篠原９５８－３４,077-586-5252,株式会社レークケア代表取締役西村雄一,馬場信輔,調剤　薬局,,令7.9.1,277_2026.7_kikanzentai_shiga_yakkyoku.pdf
薬局,25,1400426,有限会社ひまわり,〒528－0042甲賀市水口町虫生野中央８０番地２,0748-63-3295,有限会社ひまわり薬局代表取締役大原整,山田文香,調剤　薬局,,平4.6.1,277_2026.7_kikanzentai_shiga_yakkyoku.pdf
薬局,25,1400509,有限会社城山薬局,〒529－185,0748-82-0159,1甲賀市信楽町長野６２３番地３有限会社オクタ代表取締役石藏正啓,上口隆司,調剤　薬局,,平7.3.1,277_2026.7_kikanzentai_shiga_yakkyoku.pdf
薬局,25,1400756,ひまわり薬局虫生,〒528－0041甲賀市水口町虫生野１１００番地１,0748-63-7481,有限会社ひまわり薬局代表取締役大原整,松本大樹,調剤　薬局,,平12.1.1,277_2026.7_kikanzentai_shiga_yakkyoku.pdf
薬局,25,1400814,有限会社こうなん薬,〒520－3321甲賀市甲南町葛木１０２５－１,0748-86-8881,有限会社こうなん薬局代表取締役磯矢しのぶ,磯矢しのぶ,調剤　薬局,,平14.9.2,277_2026.7_kikanzentai_shiga_yakkyoku.pdf
薬局,25,1400830,ひまわり薬局水口,〒528－0025甲賀市水口町西林口４４０番,0748-63-6781,有限会社ひまわり薬局代表取締役大原整,福井郁子,調剤　薬局,,平14.12.1,277_2026.7_kikanzentai_shiga_yakkyoku.pdf
薬局,25,1400848,さいとう調剤薬局,〒528－0005甲賀市水口町水口５５４６番地３,0748-65-5327,有限会社さいとう調剤薬局代表取締役齋藤嘉功,北澤登喜子,調剤　薬局,,平15.4.1,277_2026.7_kikanzentai_shiga_yakkyoku.pdf
薬局,25,1400863,ユタカ調剤薬局水口,〒528－0012甲賀市水口町暁字柳所５１３３番地,0748-65-4450,株式会社ユタカファーマシー代表取締役錦織征紀,林晃央,調剤　薬局,,平15.4.1,277_2026.7_kikanzentai_shiga_yakkyoku.pdf
薬局,25,1400889,ひまわり薬局城南,〒528－0005甲賀市水口町水口字樫の実５９６２番地,0748-65-4775,有限会社ひまわり薬局代表取締役大原整,藤岡謙吾,調剤　薬局,,平15.7.1,277_2026.7_kikanzentai_shiga_yakkyoku.pdf
薬局,25,1400996,やくさ薬局,〒520－3332甲賀市甲南町希望ケ丘本町六丁目８５７番地７８,0748-76-0900,株式会社やくさ薬局代表取締役濱尾ますみ,濱尾ますみ,調剤　薬局,,平21.8.1,277_2026.7_kikanzentai_shiga_yakkyoku.pdf
薬局,25,1401085,日本調剤水口薬局,〒528－0074甲賀市水口町松尾１２５２番３,0748-65-0131,日本調剤株式会社代表取締役小城和紀,川口ともね,調剤　薬局,,平25.4.1,277_2026.7_kikanzentai_shiga_yakkyoku.pdf
薬局,25,1401119,甲賀薬局甲南店,〒520－3307甲賀市甲南町野尻４９９番地１,0748-86-5151,株式会社レークケア代表取締役西村雄一,岡﨑充宏,調剤　薬局,,平25.7.16,277_2026.7_kikanzentai_shiga_yakkyoku.pdf
薬局,25,1401127,スギ薬局水口松尾,〒528－0074甲賀市水口町松尾８２９－１,0748-69-6996,株式会社スギ薬局代表取締役杉浦伸哉,前田美月,調剤　薬局,,平25.10.1,277_2026.7_kikanzentai_shiga_yakkyoku.pdf
薬局,25,1401143,ウエルシア薬局甲賀,〒528－0049甲賀市水口町貴生川二丁目６２,0748-65-5900,ウエルシア薬局株式会社代表取締役田中純一,井翔太,調剤　薬局,,平26.9.1,277_2026.7_kikanzentai_shiga_yakkyoku.pdf
薬局,25,1401150,名坂調剤薬局,〒528－0036甲賀市水口町東名坂２４６－１,0748-69-7572,株式会社ＹＨファーマ代表取締役山塚博行,山塚博行,調剤　薬局,,平26.11.1,277_2026.7_kikanzentai_shiga_yakkyoku.pdf
薬局,25,1401168,甲賀みえる薬局,〒520－3432甲賀市甲賀町滝２２３５－１,0748-88-7002,株式会社レークケア代表取締役西村雄一,芥川直樹,調剤　薬局,,平27.4.1,277_2026.7_kikanzentai_shiga_yakkyoku.pdf
薬局,25,1401176,ひまわり薬局東名,〒528－0036甲賀市水口町東名坂１８９－１番地,0748-63-3701,有限会社ひまわり薬局代表取締役大原整,宮﨑香織,調剤　薬局,,平27.8.14,277_2026.7_kikanzentai_shiga_yakkyoku.pdf
薬局,25,1401184,ひまわり薬局南林,〒528－0029甲賀市水口町南林口４７,0748-62-7001,有限会社ひまわり薬局代表取締役大原整,平田貴子,調剤　薬局,,平28.4.1,277_2026.7_kikanzentai_shiga_yakkyoku.pdf
薬局,25,1401267,クスリのアオキ水口,〒528－0005甲賀市水口町水口６０２０－１,0748-69-5422,株式会社クスリのアオキ代表取締役青木宏憲,小田原拓海,調剤　薬局,,平29.10.1,277_2026.7_kikanzentai_shiga_yakkyoku.pdf
薬局,25,1401283,しがらき薬局,〒529－185,0748-82-2011,1甲賀市信楽町長野４７５－１有限会社向陽取締役吉川徹,,調剤　薬局,,平30.6.1,277_2026.7_kikanzentai_shiga_yakkyoku.pdf
薬局,25,1401291,そらな薬局,〒520－3301甲賀市甲南町寺庄１０９８,0748-76-3730,株式会社レークケア代表取締役西村雄一,中野貴之,調剤　薬局,,平30.7.1,277_2026.7_kikanzentai_shiga_yakkyoku.pdf
薬局,25,1401317,クオール薬局名坂店,〒528－0035甲賀市水口町名坂９０,0748-63-0345,クオール株式会社代表取締役柄澤忍,鈴木彩音,調剤　薬局,,平30.10.1,277_2026.7_kikanzentai_shiga_yakkyoku.pdf
薬局,25,1401325,クオール薬局貴生川,〒528－0041甲賀市水口町虫生野９９６－３０,0748-63-8828,クオール株式会社代表取締役柄澤忍,柳田晴香,調剤　薬局,,平30.10.1,277_2026.7_kikanzentai_shiga_yakkyoku.pdf
薬局,25,1401333,クオール薬局泉店,〒528－0058甲賀市水口町北泉一丁目１２７,0748-63-7575,クオール株式会社代表取締役柄澤忍,河村拓実,調剤　薬局,,平30.10.1,277_2026.7_kikanzentai_shiga_yakkyoku.pdf
薬局,25,1401341,クオール薬局伴谷店,〒528－0064甲賀市水口町伴中山３８１３－３,0748-65-4822,クオール株式会社代表取締役柄澤忍,柳川晃一,調剤　薬局,,平30.10.1,277_2026.7_kikanzentai_shiga_yakkyoku.pdf
薬局,25,1401358,クオール薬局水口店,〒528－0074甲賀市水口町松尾７４４－１２６,0748-65-0500,クオール株式会社代表取締役柄澤忍,渡邉真樹,調剤　薬局,,平30.10.1,277_2026.7_kikanzentai_shiga_yakkyoku.pdf
薬局,25,1401382,フラワー薬局信楽店,〒529－185,0748-76-4193,1甲賀市信楽町長野４７９－１３株式会社メディカル一光代表取締役遠山邦彦,西岡,調剤　薬局,,令元.9.1,277_2026.7_kikanzentai_shiga_yakkyoku.pdf
薬局,25,1401390,甲賀れいめい薬局,〒528－0056甲賀市水口町泉１３００－４,0748-69-7017,株式会社レークケア代表取締役西村雄一,岡野英三,調剤　薬局,,令2.9.1,277_2026.7_kikanzentai_shiga_yakkyoku.pdf
薬局,25,1401416,ユニスマイル薬局,〒528－0031甲賀市水口町本町二丁目２－４０（１Ｆ）,0748-63-3677,株式会社ユニスマイル代表取締役白成澤,塩澤忍,調剤　薬局,,令4.4.1,277_2026.7_kikanzentai_shiga_yakkyoku.pdf
薬局,25,1401424,ユニスマイル薬局,〒528－0033甲賀市水口町綾野３－３１,0748-63-6200,株式会社ユニスマイル代表取締役白成澤,皆川恵理,調剤　薬局,,令4.4.1,277_2026.7_kikanzentai_shiga_yakkyoku.pdf
薬局,25,1401432,ユニスマイル薬局,〒528－0211甲賀市土山町北土山１６７８,0748-66-0187,株式会社ユニスマイル代表取締役白成澤,吉川尚吾,調剤　薬局,,令4.4.1,277_2026.7_kikanzentai_shiga_yakkyoku.pdf
薬局,25,1401440,せせらぎ調剤薬局,〒528－0017甲賀市水口町京町６－１２,0748-65-5377,合同会社ハチワレファーマシー代表社員佳祐,佳祐,調剤　薬局,,令4.7.1,277_2026.7_kikanzentai_shiga_yakkyoku.pdf
薬局,25,1401457,このはな薬局,〒528－0234甲賀市土山町徳原４５６番地,0748-67-1788,株式会社サーノシマモト代表取締役島本光久,原口久義,調剤　薬局,,令4.11.4,277_2026.7_kikanzentai_shiga_yakkyoku.pdf
薬局,25,1401465,ユタカ薬局水口的場,〒528－0020甲賀市水口町的場１０６,0748-69-6851,株式会社ユタカファーマシー代表取締役錦織征紀,臼井直也,調剤　薬局,,令5.1.1,277_2026.7_kikanzentai_shiga_yakkyoku.pdf
薬局,25,1401481,サカイ薬局,〒528－0041甲賀市水口町虫生野１０３１,0748-63-3263,酒井孝征,酒井孝征,調剤　薬局,,令6.1.1,277_2026.7_kikanzentai_shiga_yakkyoku.pdf
薬局,25,1401499,けんしん薬局,〒528－0015甲賀市水口町松栄３－２４,0748-60-2189,株式会社メディカルウイングス代表取締役水谷岳史,三宅章広,調剤　薬局,,令6.4.1,277_2026.7_kikanzentai_shiga_yakkyoku.pdf
薬局,25,1401507,レークケア薬局,〒520－3322甲賀市甲南町深川２１７６,0748-76-3951,株式会社レークケア代表取締役西村雄一,安井千佳,調剤　薬局,,令7.1.1,277_2026.7_kikanzentai_shiga_yakkyoku.pdf
薬局,25,1401515,あいこうか薬局,〒528－0074甲賀市水口町松尾８３０－２,0748-65-6636,株式会社ウィーズ代表取締役田達也,西村静歩,調剤　薬局,,令6.11.1,277_2026.7_kikanzentai_shiga_yakkyoku.pdf
薬局,25,1401523,ユタカ薬局甲南,〒520－3313甲賀市甲南町新治２０２７,0748-69-5261,株式会社ユタカファーマシー代表取締役錦織征紀,大和恵将,調剤　薬局,,令7.2.1,277_2026.7_kikanzentai_shiga_yakkyoku.pdf
薬局,25,1401531,Ｉ＆Ｈ滋賀甲南薬局,〒520－3321甲賀市甲南町葛木１００４－１,0748-86-8280,株式会社スギ薬局代表取締役杉浦伸哉,前川翔太,調剤　薬局,,令7.3.1,277_2026.7_kikanzentai_shiga_yakkyoku.pdf
薬局,25,1401549,みんなの薬局,〒528－0007甲賀市水口町新城４３２－１,0748-63-7566,株式会社よりそう代表取締役松井和哉,松井和哉,調剤　薬局,,令7.6.1,277_2026.7_kikanzentai_shiga_yakkyoku.pdf
薬局,25,1401556,さつき薬局野田店,〒520－3308甲賀市甲南町野田４５１,0748-69-5700,株式会社豊盟代表取締役村田和子,渡辺敏貴,調剤　薬局,,令8.1.1,277_2026.7_kikanzentai_shiga_yakkyoku.pdf
薬局,25,1500175,ファースト薬局,〒520－2501蒲生郡竜王町弓削１８２５番地２,0748-57-8100,有限会社メディネット代表取締役瀧川政邦,口井創太,調剤　薬局,,平13.3.1,277_2026.7_kikanzentai_shiga_yakkyoku.pdf
薬局,25,1500266,きしむら調剤薬局,〒529－1601蒲生郡日野町松尾二丁目８８番地３,0748-52-8150,有限会社きしむら調剤薬局代表取締役岸村一夫,岸村一夫,調剤　薬局,,平18.6.1,277_2026.7_kikanzentai_shiga_yakkyoku.pdf
薬局,25,1500282,ユタカ薬局日野,〒529－1601蒲生郡日野町大字松尾字畑ヶ田９４８番１０,0748-52-8890,株式会社ユタカファーマシー代表取締役錦織征紀,濵田竜誠,調剤　薬局,,平22.6.1,277_2026.7_kikanzentai_shiga_yakkyoku.pdf
薬局,25,1500290,ユタカ薬局竜王,〒520－2552蒲生郡竜王町大字小口１６６４番地１,0748-58-5356,株式会社ユタカファーマシー代表取締役錦織征紀,森川侑紀,調剤　薬局,,平24.2.1,277_2026.7_kikanzentai_shiga_yakkyoku.pdf
薬局,25,1500332,ひまわり薬局わた,〒529－1601蒲生郡日野町松尾３丁目１番８号,0748-52-5661,有限会社ひまわり薬局代表取締役大原整,岩本浩幸,調剤　薬局,,平26.6.1,277_2026.7_kikanzentai_shiga_yakkyoku.pdf
薬局,25,1500340,ヤクゴ薬局日野店,〒529－1601蒲生郡日野町松尾９８８－４,0748-53-1895,株式会社ファルマスター代表取締役石田さき子,黄瀬智史,調剤　薬局,,平28.10.1,277_2026.7_kikanzentai_shiga_yakkyoku.pdf
薬局,25,1500357,ヤクゴ薬局日野おお,〒529－1603蒲生郡日野町大窪１０１２－４,0748-53-1133,株式会社ファルマスター代表取締役石田さき子,山田玄,調剤　薬局,,平28.10.1,277_2026.7_kikanzentai_shiga_yakkyoku.pdf
薬局,25,1500365,フラワー薬局日野店,〒529－1601蒲生郡日野町松尾五丁目５８－１,0748-52-9331,株式会社メディカル一光代表取締役遠山邦彦,小澤基哉,調剤　薬局,,令元.9.1,277_2026.7_kikanzentai_shiga_yakkyoku.pdf
薬局,25,1500373,やまのうえ薬局,〒520－2531蒲生郡竜王町山之上５５７２,0748-26-8282,有限会社メディネット代表取締役瀧川政邦,瀧川詩織,調剤　薬局,,令3.10.1,277_2026.7_kikanzentai_shiga_yakkyoku.pdf
薬局,25,1500381,クスリのアオキ日野,〒529－1601蒲生郡日野町松尾一丁目１８,0748-43-0572,株式会社クスリのアオキ代表取締役青木宏憲,木下彩冬,調剤　薬局,,令5.6.1,277_2026.7_kikanzentai_shiga_yakkyoku.pdf
薬局,25,1500399,りゅうおう薬局,〒520－2561蒲生郡竜王町須惠８１４－９８,0748-43-2254,株式会社ワイファーマ代表取締役山岡康弘,山岡康弘,調剤　薬局,,令5.7.1,277_2026.7_kikanzentai_shiga_yakkyoku.pdf
薬局,25,1500407,ひのき薬局,〒529－1644蒲生郡日野町内池３７１,0748-26-6204,株式会社ＨＡＰ代表取締役満田久和,満田久和,調剤　薬局,,令7.11.5,277_2026.7_kikanzentai_shiga_yakkyoku.pdf
薬局,25,1700205,のぞみ薬局愛知川店,〒529－1315愛知郡愛荘町沓掛３８６番地５,0749-42-2340,有限会社シナプス代表取締役西村健児,津田智子,調剤　薬局,,平17.4.1,277_2026.7_kikanzentai_shiga_yakkyoku.pdf
薬局,25,1700247,森野成蹊堂薬局,〒529－130,0749-42-2102,3愛知郡愛荘町長野１９５９番地森野尚子,森野尚子,調剤　薬局,,平22.12.1,277_2026.7_kikanzentai_shiga_yakkyoku.pdf
薬局,25,1700262,ツタ薬局愛荘店,〒529－1313愛知郡愛荘町市９１６番地４,0749-49-5285,株式会社サン・アイビー代表取締役別役末治,上林安喜,調剤　薬局,,平23.9.1,277_2026.7_kikanzentai_shiga_yakkyoku.pdf
薬局,25,1700288,ファーマライズ薬局,〒529－1331愛知郡愛荘町愛知川１５３５－４,0749-42-8558,ｎｅｘｔＰＨ株式会社代表取締役松浦惠子,北川理沙,調剤　薬局,,令6.12.2,277_2026.7_kikanzentai_shiga_yakkyoku.pdf
薬局,25,1800070,山口大学堂薬局,〒522－0341犬上郡多賀町多賀６４４番地,0749-48-0327,山口幸子,山口幸子,調剤　薬局,,平7.9.1,277_2026.7_kikanzentai_shiga_yakkyoku.pdf
薬局,25,1800120,ふれあい回天堂薬局,〒529－1169犬上郡豊郷町石畑２０４番地５,0749-35-5480,株式会社近畿予防医学研究所代表取締役広田周一,黒川陽介,調剤　薬局,,平26.4.1,277_2026.7_kikanzentai_shiga_yakkyoku.pdf
薬局,25,1800138,ヤクゴ薬局豊郷店,〒529－1168犬上郡豊郷町八目１９－２,0749-35-5188,株式会社ファルマスター代表取締役石田さき子,水野環,調剤　薬局,,平28.10.1,277_2026.7_kikanzentai_shiga_yakkyoku.pdf
薬局,25,1800146,ヤクゴ薬局南豊郷店,〒529－1174犬上郡豊郷町下枝２３－７,0749-35-3281,株式会社ファルマスター代表取締役石田さき子,肥田晴香,調剤　薬局,,平28.10.1,277_2026.7_kikanzentai_shiga_yakkyoku.pdf
薬局,25,1800153,ヤクゴ薬局豊郷フラ,〒529－1169犬上郡豊郷町石畑２１３－３,0749-35-5511,株式会社ファルマスター代表取締役石田さき子,神原怜史,調剤　薬局,,平28.10.1,277_2026.7_kikanzentai_shiga_yakkyoku.pdf
薬局,25,1800161,いちえ薬局甲良店,〒522－0242犬上郡甲良町尼子２００８－１,0749-20-0040,株式会社ケイファーマ代表取締役加納裕介,中川太陽,調剤　薬局,,令7.11.1,277_2026.7_kikanzentai_shiga_yakkyoku.pdf
薬局,25,2200262,株式会社ルックドイ,〒520－1214高島市安曇川町末広三丁目１８番地,0740-32-2848,株式会社ルックドイ薬局代表取締役戸井一郎,種村麻三子,調剤　薬局,,平9.10.1,277_2026.7_kikanzentai_shiga_yakkyoku.pdf
薬局,25,2200312,ひかり薬局,〒520－1501高島市新旭町旭１０６７番地２,0740-25-5546,有限会社ウイズ・ピース代表取締役藤原栄子,藤原栄子,調剤　薬局,,平12.8.1,277_2026.7_kikanzentai_shiga_yakkyoku.pdf
薬局,25,2200320,たんぽぽ薬局高島店,〒520－1121高島市勝野２２４０番１,0740-36-8131,たんぽぽ薬局株式会社代表取締役松野英子,岡尾弘美,調剤　薬局,,平12.10.1,277_2026.7_kikanzentai_shiga_yakkyoku.pdf
薬局,25,2200395,ケーエーシー薬局,〒520－1605高島市今津町南新保１６５番地,0740-22-8848,有限会社ケーエーシー代表取締役足利義将,上村るり子,調剤　薬局,,平13.5.1,277_2026.7_kikanzentai_shiga_yakkyoku.pdf
薬局,25,2200429,有限会社今井薬局,〒520－1631高島市今津町名小路一丁目３番７号,0740-22-4193,有限会社今井薬局代表取締役今井克彦,今井克彦,調剤　薬局,,平14.7.1,277_2026.7_kikanzentai_shiga_yakkyoku.pdf
薬局,25,2200452,つくし薬局新旭店,〒520－1532高島市新旭町熊野本一丁目１－１６,0740-25-8384,有限会社つくし薬局代表取締役木下博之,木下直也,調剤　薬局,,平15.3.1,277_2026.7_kikanzentai_shiga_yakkyoku.pdf
薬局,25,2200478,株式会社戸井薬局,〒520－1622高島市今津町中沼二丁目１番２号,0740-22-5004,株式会社戸井薬局代表取締役戸井真也,戸井真也,調剤　薬局,,平16.8.1,277_2026.7_kikanzentai_shiga_yakkyoku.pdf
薬局,25,2200494,ふれあい薬局・今津,〒520－1621高島市今津町今津１５０４番地４,0740-24-7177,株式会社近畿予防医学研究所代表取締役広田周一,内田励子,調剤　薬局,,平18.4.1,277_2026.7_kikanzentai_shiga_yakkyoku.pdf
薬局,25,2200528,フタバ薬局新旭店,〒520－1501高島市新旭町旭１０３０番地３,0740-25-8270,株式会社フタバ代表取締役石瀬和香子,髙山紗綾,調剤　薬局,,平19.3.1,277_2026.7_kikanzentai_shiga_yakkyoku.pdf
薬局,25,2200551,りんご薬局,〒520－1632高島市今津町桜町一丁目７番地９,0740-22-0411,株式会社りんご代表取締役林真吾,林真吾,調剤　薬局,,平23.1.1,277_2026.7_kikanzentai_shiga_yakkyoku.pdf
薬局,25,2200569,たかひげ調剤薬局,〒520－1501高島市新旭町旭７１１－１,0740-25-0720,株式会社マーレ薬品代表取締役吾郷雅昭,横木仁美,調剤　薬局,,平23.9.1,277_2026.7_kikanzentai_shiga_yakkyoku.pdf
薬局,25,2200577,千寿堂薬局,〒520－1214高島市安曇川町末広三丁目２３番２,0740-32-8040,有限会社コスモメディカル代表取締役金澤久枝,吉田大介,調剤　薬局,,平24.1.1,277_2026.7_kikanzentai_shiga_yakkyoku.pdf
薬局,25,2200585,たんぽぽ薬局新高,〒520－1121高島市勝野字杉原２２５４番地２８,0740-36-8211,たんぽぽ薬局株式会社代表取締役松野英子,下垣あかり,調剤　薬局,,平24.4.1,277_2026.7_kikanzentai_shiga_yakkyoku.pdf
薬局,25,2200593,琵琶湖さざなみ薬局,〒520－1121高島市勝野１９９番７,0740-36-0099,株式会社愛知メディックス代表取締役松山喜範,武田潤,調剤　薬局,,平24.6.1,277_2026.7_kikanzentai_shiga_yakkyoku.pdf
薬局,25,2200601,めぐみ薬局新旭店,〒520－1532高島市新旭町熊野本一丁目６－１１,0740-33-7255,株式会社恵代表取締役吉野豪宏,吉野豪宏,調剤　薬局,,平25.4.1,277_2026.7_kikanzentai_shiga_yakkyoku.pdf
薬局,25,2200619,共創未来高島薬局,〒520－1823高島市マキノ町中庄４７３番地９１,0740-27-8112,株式会社ファーマみらい代表取締役岡山善郎,向井努,調剤　薬局,,平25.11.1,277_2026.7_kikanzentai_shiga_yakkyoku.pdf
薬局,25,2200635,ユタカ薬局安曇川,〒520－1212高島市安曇川町西万木４２９,0740-32-6021,株式会社ユタカファーマシー代表取締役錦織征紀,岡田慎也,調剤　薬局,,平29.11.1,277_2026.7_kikanzentai_shiga_yakkyoku.pdf
薬局,25,2200643,ウエルシア薬局高,〒520－1501滋賀県高島市新旭町旭６１０－１,0740-25-0860,ウエルシア薬局株式会社代表取締役田中純一,小川雅史,調剤　薬局,,平31.2.1,277_2026.7_kikanzentai_shiga_yakkyoku.pdf
薬局,25,2200650,ドリーム薬局安曇,〒520－1212高島市安曇川町西万木１２６４－３,0740-32-8066,有限会社未来代表取締役山本一哉,有田英人,調剤　薬局,,平31.4.1,277_2026.7_kikanzentai_shiga_yakkyoku.pdf
薬局,25,2200668,ふれあい薬局・高島,〒520－1121高島市勝野２２４６－４,0740-36-8151,株式会社近畿予防医学研究所代表取締役広田周一,吉永礼子,調剤　薬局,,令元.5.1,277_2026.7_kikanzentai_shiga_yakkyoku.pdf
薬局,25,2200692,みつばち調剤薬局,〒520－1216高島市安曇川町中央二丁目３－１４,0740-32-3799,株式会社スリーエム代表取締役山本晃一,垣本修吾,調剤　薬局,,令3.2.1,277_2026.7_kikanzentai_shiga_yakkyoku.pdf
薬局,25,2200718,調剤薬局マリーンマ,〒520－1823高島市マキノ町中庄４７３－１３１,0740-20-2525,株式会社アテナファーマシー代表取締役松山瑞季,田村秀明,調剤　薬局,,令6.2.1,277_2026.7_kikanzentai_shiga_yakkyoku.pdf
薬局,25,2200726,戸井薬局,〒520－1533高島市新旭町安井川１２５２－１,0740-25-2004,株式会社ルックドイ薬局代表取締役戸井一郎,戸井一郎,調剤　薬局,,令8.1.21,277_2026.7_kikanzentai_shiga_yakkyoku.pdf
薬局,25,2200734,とうじゅ薬局,〒520－1216高島市安曇川町中央三丁目１番２７,0740-25-5117,株式会社メディカルシーズン代表取締役山川邦之,山川邦之,調剤　薬局,,令8.6.1,277_2026.7_kikanzentai_shiga_yakkyoku.pdf
薬局,25,2300039,有限会社福澤薬局,〒520－3107湖南市石部東二丁目５番３７号,0748-77-3055,有限会社福澤薬局代表取締役福澤圭子,石田克史,調剤　薬局,,平14.10.1,277_2026.7_kikanzentai_shiga_yakkyoku.pdf
薬局,25,2300054,ササ薬局,〒520－3248湖南市菩提寺西三丁目７－６,0748-74-0249,有限会社ササ薬局取締役佐々康裕,佐々治子,調剤　薬局,,平11.1.1,277_2026.7_kikanzentai_shiga_yakkyoku.pdf
薬局,25,2300088,さいとう調剤薬局菩,〒520－3248湖南市菩提寺西１丁目９－２３－１０２,0748-74-9163,有限会社さいとう調剤薬局代表取締役齋藤嘉功,松岡茂,調剤　薬局,,平15.4.1,277_2026.7_kikanzentai_shiga_yakkyoku.pdf
薬局,25,2300104,ティエス調剤薬局,〒520－3253湖南市正福寺１３１６番地１,0748-71-4440,株式会社ティエスプラン代表取締役山本一哉,古川芳典,調剤　薬局,,平16.3.1,277_2026.7_kikanzentai_shiga_yakkyoku.pdf
薬局,25,2300138,おおつぐ薬局平松,〒520－3235湖南市平松北二丁目６０番地,0748-72-8221,有限会社おおつぐ薬局代表取締役大継力,大継真由美,調剤　薬局,,平17.6.1,277_2026.7_kikanzentai_shiga_yakkyoku.pdf
薬局,25,2300146,さいとう調剤薬局,〒520－3107湖南市石部東５丁目３－３,0748-77-8121,有限会社さいとう調剤薬局代表取締役齋藤嘉功,佐野純子,調剤　薬局,,平20.6.1,277_2026.7_kikanzentai_shiga_yakkyoku.pdf
薬局,25,2300153,有限会社福澤薬局,〒520－3235湖南市平松北三丁目７０番,0748-72-1070,有限会社福澤薬局代表取締役福澤圭子,保井雅美,調剤　薬局,,平20.12.1,277_2026.7_kikanzentai_shiga_yakkyoku.pdf
薬局,25,2300195,ティエス調剤薬局,〒520－3234湖南市中央２丁目１１９－５,0748-69-6530,株式会社ティエスプラン代表取締役山本一哉,林正人,調剤　薬局,,平26.8.1,277_2026.7_kikanzentai_shiga_yakkyoku.pdf
薬局,25,2300229,ティエス調剤薬局,〒520－3221湖南市三雲３９８番１,0748-69-6321,株式会社ティエスプラン代表取締役山本一哉,大橋香織,調剤　薬局,,平28.5.1,277_2026.7_kikanzentai_shiga_yakkyoku.pdf
薬局,25,2300237,下田薬局,〒520－3201湖南市下田１５２８番地,0748-75-8155,株式会社裕愛ファーマシーズ代表取締役江藤良輔,江藤良輔,調剤　薬局,,平28.7.1,277_2026.7_kikanzentai_shiga_yakkyoku.pdf
薬局,25,2300245,クスリのアオキ石部,〒520－3107湖南市石部東六丁目４番１０号,0748-69-5331,株式会社クスリのアオキ代表取締役青木宏憲,小島慶,調剤　薬局,,平28.10.1,277_2026.7_kikanzentai_shiga_yakkyoku.pdf
薬局,25,2300252,いしべ調剤薬局,〒520－3106湖南市石部中央四丁目１番５８号,0748-77-8088,株式会社マーレ薬品代表取締役吾郷雅昭,河部博文,調剤　薬局,,平28.11.1,277_2026.7_kikanzentai_shiga_yakkyoku.pdf
薬局,25,2300302,コナン薬局,〒520－3223湖南市夏見６３４－２,0748-71-2038,シマタニ株式会社代表取締役田中貴子,廣田翔一,調剤　薬局,,平29.11.1,277_2026.7_kikanzentai_shiga_yakkyoku.pdf
薬局,25,2300310,クオール薬局梅影店,〒520－3214湖南市梅影町３－１５,0748-75-4711,クオール株式会社代表取締役柄澤忍,愛甲斎,調剤　薬局,,平30.10.1,277_2026.7_kikanzentai_shiga_yakkyoku.pdf
薬局,25,2300328,クオール薬局柑子袋,〒520－3233湖南市柑子袋６０８－４,0748-71-2590,クオール株式会社代表取締役柄澤忍,藤田温子,調剤　薬局,,平30.10.1,277_2026.7_kikanzentai_shiga_yakkyoku.pdf
薬局,25,2300336,クオール薬局甲西店,〒520－3231湖南市針２５２－１,0748-71-3110,クオール株式会社代表取締役柄澤忍,西出京祐,調剤　薬局,,平30.10.1,277_2026.7_kikanzentai_shiga_yakkyoku.pdf
薬局,25,2300351,フタツカ薬局湖南,〒520－3247湖南市菩提寺東三丁目６－２０,0748-76-4520,株式会社ココカラファインヘルスケア代表取締役岡澤隆弘,宗宮純子,調剤　薬局,,令4.4.1,277_2026.7_kikanzentai_shiga_yakkyoku.pdf
薬局,25,2300369,みらい薬局石部,〒520－3106湖南市石部中央一丁目３－２４,0748-77-8229,みらいソリューション株式会社代表取締役橋川源,橋川源,調剤　薬局,,令4.6.1,277_2026.7_kikanzentai_shiga_yakkyoku.pdf
薬局,25,2300377,調剤薬局ツルハドラ,〒520－3252湖南市岩根４５８０イオンタウン湖南１階,0748-71-4071,株式会社ツルハ代表取締役社長八幡政浩,田中祥太,調剤　薬局,,令6.2.1,277_2026.7_kikanzentai_shiga_yakkyoku.pdf
薬局,25,2300385,ユタカ調剤薬局甲西,〒520－3234湖南市中央一丁目４０－１,0748-71-2085,株式会社ユタカファーマシー代表取締役錦織征紀,岡部謙二,調剤　薬局,,令7.4.3,277_2026.7_kikanzentai_shiga_yakkyoku.pdf
薬局,25,2300393,ユタカ薬局甲西,〒520－3254湖南市岩根中央三丁目７,0748-69-6356,株式会社ユタカファーマシー代表取締役錦織征紀,星野昌志,調剤　薬局,,令7.10.1,277_2026.7_kikanzentai_shiga_yakkyoku.pdf
薬局,25,2400086,ヤマグチ薬局米原,〒521－0003米原市入江１６７３番地２,0749-52-8855,株式会社ヤマグチ薬局代表取締役山口重雄,柿原満憲,調剤　薬局,,平19.3.1,277_2026.7_kikanzentai_shiga_yakkyoku.pdf
薬局,25,2400110,ユタカ調剤薬局近江,〒521－0073米原市箕浦３６６番３,0749-52-6797,株式会社ユタカファーマシー代表取締役錦織征紀,細見真矢,調剤　薬局,,平24.8.28,277_2026.7_kikanzentai_shiga_yakkyoku.pdf
薬局,25,2400128,スギ薬局近江店,〒521－0073米原市箕浦３６１番地３,0749-53-2288,株式会社スギ薬局代表取締役杉浦伸哉,畠中駿一,調剤　薬局,,平25.12.1,277_2026.7_kikanzentai_shiga_yakkyoku.pdf
薬局,25,2400136,くぼ薬局,〒521－0314米原市春照１３０番３,0749-58-8000,合同会社伊吹メディカルサプライ代表社員久保健次,久保健次,調剤　薬局,,平26.4.1,277_2026.7_kikanzentai_shiga_yakkyoku.pdf
薬局,25,2400144,みよし調剤薬局,〒521－0023米原市三吉５５６,0749-54-8000,セグエ株式会社代表取締役馬場亮平,馬場亮平,調剤　薬局,,平26.11.1,277_2026.7_kikanzentai_shiga_yakkyoku.pdf
薬局,25,2400151,近江ローズ薬局,〒521－0072米原市顔戸４３０番４,0749-52-8300,株式会社ミルキーマリーンホールディングス代表取締役松山喜範,三原陽,調剤　薬局,,平27.7.1,277_2026.7_kikanzentai_shiga_yakkyoku.pdf
薬局,25,2400169,どんぐり薬局近江店,〒521－0083米原市新庄字上口７７番地２,0749-51-1736,株式会社チェックポイント代表取締役大森徹也,大森徹也,調剤　薬局,,平27.10.1,277_2026.7_kikanzentai_shiga_yakkyoku.pdf
薬局,25,2400177,タケシタ薬局,〒521－0016米原市下多良一丁目５９,0749-52-0003,有限会社くすりのタケシタ代表取締役竹下裕基,竹下裕基,調剤　薬局,,平30.1.9,277_2026.7_kikanzentai_shiga_yakkyoku.pdf
薬局,25,2400185,ユタカ薬局３６５,〒521－0236米原市間田５０６－２,0749-53-3707,株式会社ユタカファーマシー代表取締役錦織征紀,小林そら,調剤　薬局,,令5.8.1,277_2026.7_kikanzentai_shiga_yakkyoku.pdf
薬局,25,2400193,うぃんぐ薬局,〒521－0234米原市井之口１８１,0749-57-6571,株式会社Ｐｒｏ代表取締役上川畑由治,上川畑昂祐,調剤　薬局,,令5.8.1,277_2026.7_kikanzentai_shiga_yakkyoku.pdf
薬局,25,2400201,ユタカ薬局米原下多,〒521－0016米原市下多良二丁目５６,0749-53-2106,株式会社ユタカファーマシー代表取締役錦織征紀,鎌田涼平,調剤　薬局,,令7.1.1,277_2026.7_kikanzentai_shiga_yakkyoku.pdf
薬局,25,2400219,春日薬局米原店,〒521－0013米原市梅ケ原１４１３－１,0749-53-4503,株式会社Ｐｓ代表取締役橋本智子,笹野稔,調剤　薬局,,令7.4.1,277_2026.7_kikanzentai_shiga_yakkyoku.pdf
