med_type,pref_code,med_code,name,address,phone,opener,manager,depts,beds,designated_date,source
病院,44,0110219,大分下郡病院,大分市大字下郡１４１０番地,097-569-1021,医療法人同仁会　理事長　長松　大子,児島　克博,精神　精　心内　内　神,384,昭35. 10. 1,kyushu/000491322.zip
病院,44,0110698,佐藤病院,大分市桜ケ丘７番６７号,097-543-6332,医療法人明和会　理事長　宇都宮　和則,萩原　聡,精神　精　心内　内,366,昭35. 10. 1,kyushu/000491322.zip
病院,44,0111043,今村病院,大分市大手町３丁目２番２９号,097-532-5181,医療法人芝蘭会　理事長　今村　純忠,今村　純忠,一般　整外　循環器内科　外　内　リハ,,昭37. 4. 1,kyushu/000491322.zip
病院,44,0111050,城東病院,大分市牧２丁目１６－１６,097-558-7828,医療法人愛敬会　理事長　山田　滋,山田　滋,精神　精,104,昭37. 7. 1,kyushu/000491322.zip
病院,44,0111258,タキオ保養院,大分市大字片島１３５５番地,097-569-0870,医療法人愛恵会　理事長　原尻　紀久子,河村　幸佐,精神　精　心内,170,昭37. 9. 1,kyushu/000491322.zip
診療所,44,0111464,住友化学株式会社大分工場　健康推進センター,大分市大字鶴崎２２００番地,097-523-1112,住友化学株式会社大分工場　工場長　瀧　敏晃,園田　祥子,内　皮　救急科,,昭34. 8. 1,kyushu/000491322.zip
病院,44,0112710,医療法人社団親和会　衛藤病院,大分市大字上判田３４３３番地,097-597-0093,医療法人社団親和会　理事長　衛藤　龍,衛藤　龍,精神　精神科　内　老年精神科,232,昭43. 9. 1,kyushu/000491322.zip
病院,44,0112728,オアシス第二病院,大分市東鶴崎２丁目３番３０号,097-527-2500,医療法人善昭会　理事長　日野　洋,髙畑　克徳,一般　脳神経内科　内　精　リハ,108,昭43. 9. 1,kyushu/000491322.zip
診療所,44,0113320,日本製鉄株式会社　九州製鉄所　大分診療所,大分市大字西ノ洲１番地,097-553-2045,日本製鉄株式会社　九州製鉄所　副所長　栗田　泰司,油布　文枝,内　外　精,,昭47. 3. 1,kyushu/000491322.zip
病院,44,0114369,明野中央病院,大分市明野東２丁目７番３３号,097-558-3211,医療法人社団唱和会　理事長　中村　英次郎,中村　英次郎,一般　内　整外　リウ　形外　リハ　麻　放　ペインクリニック内科　呼,,昭53. 11. 1,kyushu/000491322.zip
診療所,44,0114534,正内科医院,大分市賀来北３丁目１番３号,097-549-2559,正　直温,正　直温,一般　内　消　循,,昭54. 11. 1,kyushu/000491322.zip
病院,44,0114765,大分泌尿器科病院,大分市長浜町２丁目１番３２号,097-532-3177,医療法人圭成会　理事長　松浦　愼太郎,永松　弘孝,一般　ひ　消化器内科　消化器外科　肛門外科　麻　整外,,昭56. 5. 1,kyushu/000491322.zip
病院,44,0114815,リバーサイド病院,大分市大字宮崎６番地の３,097-568-7991,医療法人社団青樹会　理事長　荒木　康夫,兼久　雅之,精神　内　精　心内,234,昭56. 7. 1,kyushu/000491322.zip
診療所,44,0114831,たねだ内科,大分市豊饒二丁目３番２３号,097-545-1122,種子田　秀樹,種子田　秀樹,内　胃　循　放　形外　美外　皮　美容皮膚科,,昭56. 10. 1,kyushu/000491322.zip
病院,44,0114864,大分健生病院,大分市古ケ鶴１丁目１－１５,097-558-5140,大分県医療生活協同組合　理事長　楢原　真由美,酒井　誠,一般　内　神内　呼　消　循　小　外　整外　リハ　放　皮　病理診断科,130,昭57. 1. 1,kyushu/000491322.zip
診療所,44,0115127,医療法人社団愛育会　曽根崎産婦人科医院,大分市二又町一丁目２番７号,097-543-3939,医療法人社団愛育会　理事長　衛藤　眞理,衛藤　眞理,一般　産　婦　小,,昭59. 2. 1,kyushu/000491322.zip
病院,44,0115150,緑ケ丘保養園,大分市大字丹生１７４７,097-593-3366,医療法人社団淵野会　理事長　渕野　勝弘,渕野　泰弘,精神　精神科　老年精神科　心内　内,270,昭59. 5. 1,kyushu/000491322.zip
診療所,44,0115226,大南クリニック,大分市大字中判田１８６４,097-597-6633,阿南　敏郎,阿南　敏郎,内　胃　循　小　外　こう　リハ　麻,,昭60. 4. 1,kyushu/000491322.zip
診療所,44,0115309,河野内科,大分市東津留２－１０－１８,097-552-1213,河野　道昌,河野　道昌,内,,昭61. 3. 1,kyushu/000491322.zip
病院,44,0115317,医療法人社団三杏会　仁医会病院,大分市古国府六丁目２番４７号,097-544-7171,医療法人社団三杏会　理事長　猿渡　研一,猿渡　研一,一般　内　消化器内科　呼内　糖尿病内科　腎臓内科　人工透析内科　循環器内科　放　リハ　ひ,,昭61. 4. 1,kyushu/000491322.zip
病院,44,0115457,大分共立病院,大分市明磧町１丁目２番９号,097-543-1177,医療法人岡仁会　理事長　岡　真一郎,岡　真一郎,一般　内　外　消化器内科　循環器内科　ひ,,昭62. 5. 1,kyushu/000491322.zip
診療所,44,0115465,大分内科腎クリニック,大分市顕徳町３丁目１番５号,097-535-1565,医療法人社団顕腎会大分内科クリニック　理事長　松山　誠,松山　誠,内科　糖尿病内科　腎臓内科　人工透析内科,,昭62. 5. 1,kyushu/000491322.zip
病院,44,0115531,医療法人社団親和会　えとう内科病院,大分市大字中判田１４２８番地の１,097-597-6150,医療法人社団親和会　理事長　衛藤　龍,松永　研一,一般　内　精　心内　消化器内科　循環器内科　呼内　リハ　リウ,,昭62. 11. 1,kyushu/000491322.zip
病院,44,0115564,大分県勤労者医療生活協同組合　大分協和病院,大分市大字宮崎９５３番地の１,097-568-2333,大分県勤労者医療生活協同組合　理事長　石本　健二,油布　慶子,一般　内　呼内　リハ　心内　循環器内科　放　腎臓内科　脳内,,昭62. 11. 1,kyushu/000491322.zip
病院,44,0115606,医療法人八宏会　有田胃腸病院,大分市牧１丁目２番６号,097-556-1772,医療法人八宏会　理事長　松山　幸弘,松山　幸弘,一般　消　こう　放　外　内　リハ　皮,,昭63. 1. 1,kyushu/000491322.zip
診療所,44,0115614,内科阿部医院,大分市中春日町１６番１３号,097-538-1633,医療法人社団信成会内科阿部医院　理事長　阿部　克成,阿部　克成,内　消化器内科　循環器内科　糖尿病内科　腎臓内科　内分泌内科,,昭63. 1. 1,kyushu/000491322.zip
病院,44,0115622,永冨脳神経外科病院,大分市西大道２丁目１番２０号,097-545-1717,医療法人健裕会　理事長　永冨　裕文,湧川　佳幸,一般　脳神経外科　脳神経内科　放　リハ　呼吸器内科　消化器内科　脳血管内科　神経眼科,153,昭63. 2. 1,kyushu/000491322.zip
病院,44,0115788,大分岡病院,大分市西鶴崎３丁目７番１１号,097-522-3131,社会医療法人敬和会　理事長　岡　敬二,亀井　誠治,一般　内　循環器内科　消化器内科　外　腫瘍内科　血液内科　糖尿病内分泌内科　呼内　消化器外科　心外　整外　神内　リハ　こう　麻　形外　脳外　皮　放　歯　歯外　矯歯　病理　ひ　救急科,203,平元. 2. 1,kyushu/000491322.zip
診療所,44,0115812,大分あべハートクリニック　内科・循環器科・リハビリテーション科,大分市萩原３丁目２２番２８号,097-552-1567,医療法人恵伸会　理事長　阿部　裕一,阿部　裕一,一般　内　循　リハ,,平元. 2. 1,kyushu/000491322.zip
診療所,44,0116034,えもと内科クリニック,大分市府内町２丁目５番３７号,097-532-3395,医療法人江本内科医院　理事長　江本　浩幸,江本　浩幸,内　呼　消　循,,平元. 9. 1,kyushu/000491322.zip
診療所,44,0116059,安達産婦人科,大分市大字宮崎９３７番地の４,097-569-1123,医療法人創生会　理事長　安達　正武,安達　正武,一般　産婦,,平元. 9. 1,kyushu/000491322.zip
診療所,44,0116075,博愛診療所,大分市大字野田８１８番地,097-549-0858,医療法人謙誠会　理事長　釘宮　毅,長尾　紳一郎,一般　精　神内　内,,平元. 9. 1,kyushu/000491322.zip
診療所,44,0116083,三好医院,大分市大字森町５３４番地の１０,097-522-1010,医療法人泰山会　理事長　三好　敦生,三好　淳子,一般　内　消　循　外　こう　リハ,,平元. 9. 1,kyushu/000491322.zip
病院,44,0116133,仲宗根病院,大分市大字小野鶴１３５３番地,097-541-1040,医療法人とよみ会　理事長　仲宗根　玄治,松下　裕貴,精神　精　心内　老年精神科,142,平元. 11. 1,kyushu/000491322.zip
診療所,44,0116141,かなや小児科,大分市下郡東１丁目４番８号,097-568-5522,医療法人かなや小児科　理事長　金谷　能明,金谷　能明,小,,平元. 11. 1,kyushu/000491322.zip
診療所,44,0116158,福田内科医院,大分市坂ノ市西２丁目１番５号,097-593-3355,医療法人福田内科医院　理事長　藤木　美和,藤木　美和,内　糖尿病内科　呼　消　循,,平元. 11. 1,kyushu/000491322.zip
診療所,44,0116166,阿部眼科医院,大分市王子南町２－３４,097-533-0026,医療法人文謙会　理事長　阿部　文英,阿部　文英,一般　眼,,平元. 11. 1,kyushu/000491322.zip
診療所,44,0116182,嶋田循環器科内科,大分市大在中央１丁目１０番１７号,097-592-0525,医療法人博寿会　理事長　嶋田　博文,嶋田　博文,一般　循　内,,平元. 12. 1,kyushu/000491322.zip
診療所,44,0116224,玄同内科医院,大分市大字横瀬４９３番地の１,097-541-6663,医療法人靖和会　理事長　仲間　薫,玄同　淑子,一般　内　呼　胃　循,,平2. 2. 1,kyushu/000491322.zip
診療所,44,0116232,織部内科クリニック,大分市大手町２丁目１番１５号,097-536-1525,医療法人織部内科クリニック　理事長　織部　和宏,織部　和宏,内　消　循　放,,平2. 2. 1,kyushu/000491322.zip
診療所,44,0116265,国東循環器クリニック,大分市大字上宗方４１７番地の６,097-541-4886,医療法人明昇会　理事長　大石　健司,大石　健司,一般　療養　内　糖尿病内科　人工透析内科　腎臓内科　循環器内科,,平2. 6. 1,kyushu/000491322.zip
診療所,44,0116273,牧野皮膚科形成外科内科医院,大分市明野東２丁目３２番２７号,097-558-6588,医療法人純医会　理事長　牧野　太郎,牧野　信江,皮　美容皮膚科　形外　美外　内　消化器内科　小　麻,,平2. 6. 1,kyushu/000491322.zip
診療所,44,0116281,藤沢小児科・アレルギー科,大分市大字森５４１番地,097-522-3705,医療法人信友会　理事長　藤沢　信裕,藤沢　信裕,小　アレ,,平2. 6. 1,kyushu/000491322.zip
診療所,44,0116315,佐藤耳鼻咽喉科,大分市田中町三丁目１１番６号,097-544-6111,医療法人佐藤耳鼻咽喉科　理事長　佐藤　意生,佐藤　意生,一般　耳い　気食,,平2. 7. 1,kyushu/000491322.zip
診療所,44,0116331,健眼会　野田眼科,大分市東春日町７番１６号,097-537-2026,医療法人健眼会野田眼科　理事長　野田　和宏,野田　和宏,一般　眼,,平2. 7. 1,kyushu/000491322.zip
診療所,44,0116380,近藤整形外科,大分市寺崎町１丁目１番６号,097-558-2181,医療法人近藤整形外科　理事長　近藤　桂史,近藤　桂史,一般　整外　リハ,,平2. 9. 1,kyushu/000491322.zip
診療所,44,0116398,医療法人松栄会　松坂さとう消化器内科,大分市大道町１丁目２番１号,097-545-8020,医療法人松栄会　理事長　佐藤　俊三,佐藤　俊三,一般　消化器内科　内,,平2. 9. 1,kyushu/000491322.zip
診療所,44,0116455,佐々木医院,大分市荷揚町２番１５号,097-536-0026,医療法人佐々木医院　理事長　山下　佳子,山下　佳子,一般　耳い　リハ　整外,,平2. 12. 1,kyushu/000491322.zip
診療所,44,0116463,辛島内科・消化器内科,大分市賀来新川二丁目１番１５号,097-549-3333,医療法人信愛会　理事長　辛島　和夫,辛島　卓,一般　内　消化器内科　呼内　リハ,,平3. 1. 1,kyushu/000491322.zip
病院,44,0116489,大分整形外科病院,大分市岩田町１丁目１番４１号,097-552-5151,医療法人一信会　理事長　木田　吉城,井口　洋平,一般　整外　リハ　麻　リウ,,平3. 1. 1,kyushu/000491322.zip
病院,44,0116521,織部病院,大分市田中町一丁目８番６２号,097-544-2377,医療法人凱風会　理事長　織部　哲也,中村　直子,一般　内　呼内　消化器内科　循環器内科　放,,平3. 5. 1,kyushu/000491322.zip
診療所,44,0116547,濱田皮膚科医院,大分市南鶴崎２丁目５番１１号,097-521-4144,医療法人尚宏会　理事長　濱田　尚宏,濱田　尚宏,皮,,平3. 11. 1,kyushu/000491322.zip
診療所,44,0116570,福光医院,大分市大字下郡１８５４番地の１,097-568-0070,医療法人福光医院　理事長　福光　賞真,福光　賞真,一般　内　精　外　心内　整外　胃腸内科　肛門外科,,平3. 11. 1,kyushu/000491322.zip
診療所,44,0116620,大分労働衛生管理センター　附属大分産業衛生診療所,大分市高城南町１１－７,097-552-7788,一般財団法人西日本産業衛生会　代表理事　野田　誠吾,前田　徹,内,,平4. 2. 17,kyushu/000491322.zip
病院,44,0116638,大分丘の上病院,大分市大字竹中１４０３番地,097-597-3660,医療法人善慈会　理事長　帆秋　善生,帆秋　善生,精神　精　神内　心内　内,140,平4. 4. 1,kyushu/000491322.zip
診療所,44,0116646,弓崎耳鼻咽喉科・気管食道科,大分市生石３丁目１番２９号,097-532-2224,医療法人星水会　理事長　弓崎　明輝,弓崎　明輝,耳い　気食,,平4. 4. 1,kyushu/000491322.zip
診療所,44,0116661,梶本医院,大分市ふじが丘南一丁目１６番１０号,097-568-3366,医療法人展寿会　理事長　梶本　展明,梶本　展明,一般　循　内　胃　呼,,平4. 4. 1,kyushu/000491322.zip
診療所,44,0116687,織部消化器科,大分市大字森３８６番地,097-523-0033,医療法人織部消化器科　理事長　織部　孝史,織部　孝史,一般　内　消　外,,平4. 4. 1,kyushu/000491322.zip
診療所,44,0116828,宮本耳鼻咽喉科医院,大分市大道町４丁目５－３０Ｍビル２Ｆ,097-546-3387,医療法人健耳会　理事長　宮本　和雄,宮本　和雄,耳い,,平4. 9. 14,kyushu/000491322.zip
診療所,44,0116844,ひがし内科医院,大分市大字上宗方５２４番地の１,097-541-0189,医療法人春風会　理事長　東　喬太,東　喬太,内　消化器内科　循環器内科　内分泌内科　糖尿病・代謝内科　呼内,,平5. 3. 1,kyushu/000491322.zip
診療所,44,0116851,すずかけ岡本クリニック,大分市千代町２丁目３番４５号,097-532-3312,医療法人新寿会　理事長　岡本　健二郎,岡本　健二郎,一般　内　糖尿病内科,,平5. 3. 1,kyushu/000491322.zip
診療所,44,0116893,長峰内科・胃腸内科クリニック,大分市大道町４－５－２７－２Ｆ,097-543-1411,長峰　健二,長峰　健二,内　胃腸内科　呼内　循環器内科,,平5. 4. 1,kyushu/000491322.zip
診療所,44,0116950,おおつかクリニック,大分市住吉町１丁目２番１６号,097-535-1122,医療法人進修会　理事長　大塚　玄二郎,中田　京子,一般　皮　内　外　形外　リハ,,平5. 11. 1,kyushu/000491322.zip
診療所,44,0116968,仙波整形外科,大分市二又町一丁目３番２７号,097-543-0606,医療法人南山会　理事長　仙波　圭,仙波　圭,一般　整外　リハ　リウ,,平5. 11. 1,kyushu/000491322.zip
診療所,44,0116976,ハートクリニック,大分市光吉台二丁目１６番８号,097-568-5446,医療法人優心会　理事長　小野　隆宏,小野　隆宏,一般　内　循環器内科　緩和ケア内科,,平5. 11. 1,kyushu/000491322.zip
診療所,44,0116984,吉田胃腸科・外科・肛門科,大分市大字城原１７６９番地の９,097-593-3511,医療法人正宏会　理事長　吉田　正樹,吉田　正樹,一般　消　外　こう　内,,平5. 11. 1,kyushu/000491322.zip
診療所,44,0117008,蔭山眼科,大分市南鶴崎２丁目２番２４号,097-522-1671,医療法人蔭山眼科　理事長　蔭山　誠,蔭山　誠,一般　眼,,平5. 11. 1,kyushu/000491322.zip
診療所,44,0117081,麻生整形外科クリニック,大分市新春日町２丁目３番１３号,097-546-8080,医療法人一淑会　理事長　麻生　邦一,麻生　邦一,整外　形外　リハ,,平6. 6. 1,kyushu/000491322.zip
診療所,44,0117156,大分県こころとからだの相談支援センター,大分市大字玉沢字平石９０８番地,097-541-6290,大分県知事　佐藤　樹一郎,児玉　亜由実,精　神,,平6. 11. 1,kyushu/000491322.zip
診療所,44,0117297,松田クリニック,大分市大字下徳丸字東上鶴１１４番地の１,097-523-0088,松田　勇人,松田　勇人,内　糖尿病内科　腎臓内科　脳神経内科　呼　循　胃　小　皮　アレ　リウ,,平7. 4. 1,kyushu/000491322.zip
診療所,44,0117347,ソフィアクリニック,大分市牧３丁目１５０番地,097-556-0040,医療法人雄山会　理事長　井上　幾雄,井上　幾雄,一般　産　婦　小,,平7. 6. 1,kyushu/000491322.zip
診療所,44,0117362,吉村耳鼻咽喉科,大分市大字森町５６５番地の１,097-527-3080,医療法人弘聖会　理事長　吉村　弘之,吉村　弘之,耳い,,平7. 6. 1,kyushu/000491322.zip
診療所,44,0117404,医療法人松寿堂西の台医院,大分市大字三芳１９５５番地,097-543-5600,医療法人松寿堂西の台医院　理事長　石井　裕美子,石井　裕美子,内　消　循　小　リハ,,平7. 7. 1,kyushu/000491322.zip
診療所,44,0117420,佐藤クリニック,大分市金池町２丁目８番１８号,097-535-0480,医療法人佐藤クリニック　理事長　佐藤　公則,佐藤　公則,一般　耳い,,平7. 8. 1,kyushu/000491322.zip
診療所,44,0117453,明野耳鼻咽喉科医院,大分市明野東２丁目３３－１４,097-553-3365,医療法人明野耳鼻咽喉科医院　理事長　鈴木　正志,鈴木　正志,耳い,,平7. 12. 1,kyushu/000491322.zip
病院,44,0117487,小深田消化器病院,大分市賀来南１丁目１５番３１号,097-549-4114,医療法人社団盛友会　理事長　小深田　盛一,小深田　盛一,一般　胃　外　内　循環器内科　こう　リハ,,平8. 2. 1,kyushu/000491322.zip
診療所,44,0117529,竹下粧子クリニック,大分市中島西１丁目１番２４号中島ビル２０２,097-533-2874,竹下　粧子,竹下　粧子,精　心内　内,,平8. 4. 1,kyushu/000491322.zip
診療所,44,0117560,アンジェリッククリニック浦田,大分市花津留２丁目１０番２号,097-558-2020,医療法人啓生会　理事長　浦田　憲一郎,浦田　憲一郎,一般　産婦,,平8. 7. 1,kyushu/000491322.zip
診療所,44,0117578,さとうファミリークリニック,大分市下郡北一丁目４番１４号,097-554-3000,佐藤　洋介,佐藤　洋介,小　神内　内,,平8. 7. 1,kyushu/000491322.zip
診療所,44,0117719,医療法人三栄会三宅胃腸科内科クリニック,大分市久原中央二丁目２番２２号,097-592-0771,医療法人三栄会　理事長　三宅　勝,三宅　勝,内　外　消化器内科　循環器内科　呼内　小　アレ　胃,,平9. 3. 24,kyushu/000491322.zip
診療所,44,0117735,山下循環器科内科,大分市大字下判田２３４９番地の１,097-597-1110,医療法人山下循環器科内科　理事長　山下　賢治,大家　辰彦,内　消　循　リハ,,平9. 4. 1,kyushu/000491322.zip
診療所,44,0117768,三楽会濱田クリニック,大分市府内町１丁目６番３８号,097-538-3233,医療法人三楽会濱田クリニック　理事長　濱田　映,濱田　映,肛門外科　胃腸科内科　麻　心内,,平9. 5. 1,kyushu/000491322.zip
診療所,44,0117917,天心堂へつぎ診療所,大分市大字中戸次５１８５番地の２,097-597-5551,社会医療法人財団天心堂　理事長　河村　忠雄,河村　忠雄,内,,平9. 9. 14,kyushu/000491322.zip
病院,44,0117925,社会医療法人財団天心堂へつぎ病院,大分市大字中戸次字二本木５９５６番地,0570-034577,社会医療法人財団天心堂　理事長　河村　忠雄,梅木　健二,一般　内　呼内　循環器内科　腎臓内科　糖尿病・内分泌内科　消化器内科　外　腹部外科　麻　整外　脳外　ひ　眼　形外　小　放　リハ　耳い　アレ　リウ　神内　皮　大腸肛門外科　血管外科　血液内科　精　緩和ケア内科,188,平9. 9. 14,kyushu/000491322.zip
診療所,44,0117933,堀内科,大分市三佐一丁目７番８号,097-524-0282,堀　髙志,堀　髙志,内,,平9. 10. 1,kyushu/000491322.zip
診療所,44,0117966,高城こうのクリニック,大分市城東町１１番３０号,097-553-1374,医療法人高城こうのクリニック　理事長　河野　一造,河野　一造,内　麻　ペインクリニック内科　循　整外　リハ,,平9. 11. 1,kyushu/000491322.zip
病院,44,0118006,渕野病院,大分市坂ノ市中央５丁目１番２１号,097-592-2181,医療法人社団淵野会　理事長　渕野　勝弘,渕野　由佳,精神　精　心内,187,平10. 2. 15,kyushu/000491322.zip
診療所,44,0118022,辛島内科クリニック,大分市千代町２丁目１－１,097-532-3053,辛島　賢士,辛島　賢士,一般　内　呼　消　循　小　放　外　こう,,平10. 4. 1,kyushu/000491322.zip
診療所,44,0118063,河野泌尿器科医院,大分市賀来北三丁目４番１２号,097-586-0121,医療法人河野泌尿器科医院　理事長　河野　信一,河野　信一,一般　ひ　皮　内　性感染症内科,,平10. 6. 1,kyushu/000491322.zip
病院,44,0118097,大川産婦人科病院,大分市末広町２丁目４番１６号,097-536-3511,医療法人大川産婦人科病院　理事長　大川　彦宏,森田　哲夫,一般　産婦　小　麻,,平10. 7. 1,kyushu/000491322.zip
診療所,44,0118105,織部泌尿器科,大分市大字森字嶋ノ下５５０番地の１,097-523-3330,医療法人延寿会　理事長　織部　智哉,織部　智哉,一般　ひ,,平10. 7. 1,kyushu/000491322.zip
診療所,44,0118113,大分皮膚科,大分市高砂町２番５０号オアシスひろば２１　３階,097-535-2544,山本　貴弘,山本　貴弘,皮　美容皮膚科,,平10. 9. 1,kyushu/000491322.zip
診療所,44,0118121,心葉消化器外科,大分市下郡中央３丁目１０番１４号,097-567-8577,医療法人心葉消化器外科　理事長　池本　博行,池本　博行,一般　消　外　内,,平10. 11. 1,kyushu/000491322.zip
診療所,44,0118154,田中耳鼻咽喉科クリニック,大分市牧３丁目１１番１０号,097-556-7229,医療法人田中耳鼻科　理事長　田中　鴻一郎,田中　俊一郎,耳い　アレ,,平10. 11. 1,kyushu/000491322.zip
診療所,44,0118170,大在こどもクリニック,大分市横田１丁目１３番１７号,097-593-3303,医療法人大在こどもクリニック　理事長　澤口　博人,澤口　博人,小,,平10. 11. 1,kyushu/000491322.zip
診療所,44,0118212,岸眼科,大分市大在中央１丁目４番１０号,097-524-3777,医療法人孟和会　理事長　岸　尚文,岸　尚文,眼,,平11. 1. 1,kyushu/000491322.zip
診療所,44,0118253,敷戸耳鼻咽喉科医院,大分市大字寒田８８３－１,097-567-5034,向山　五朗,向山　五朗,耳い　気食　アレ,,平11. 4. 1,kyushu/000491322.zip
診療所,44,0118261,堀永産婦人科医院,大分市府内町２丁目５番１３号,097-532-5289,医療法人堀永産婦人科医院　理事長　堀永　宏史,堀永　宏史,一般　産婦,,平11. 3. 18,kyushu/000491322.zip
診療所,44,0118279,公益財団法人　大分県地域保健支援センター診療所,大分市大字駄原２８９２番地の１,097-532-2167,公益財団法人大分県地域保健支援センター　理事長　河野　幸治,後藤　朗,内　呼　循　婦,,平11. 4. 1,kyushu/000491322.zip
診療所,44,0118303,松岡メディカルクリニック,大分市大字松岡１８２４番地の１,097-524-6777,医療法人松悠会　理事長　小代　恭子,馴松　義啓,一般　内　呼内　消化器内科　循環器内科　腎臓内科　整外　リウ　リハ　外,,平11. 4. 1,kyushu/000491322.zip
診療所,44,0118311,たかだ耳鼻咽喉科クリニック,大分市大字田尻４２０番地の２,097-586-1187,医療法人社団順耳会　理事長　高田　勝強,高田　順子,耳い　小,,平11. 5. 1,kyushu/000491322.zip
診療所,44,0118402,富士見が丘さくらクリニック,大分市富士見が丘東五丁目１０番１２号,097-586-1141,医療法人逸生会　理事長　則行　英樹,則行　英樹,内,,平11. 7. 1,kyushu/000491322.zip
診療所,44,0118444,米満内科医院,大分市明野南１丁目２７－１０,097-551-1170,医療法人敬正会　理事長　米満　春美,米満　春美,一般　内　呼　循　消,,平11. 8. 1,kyushu/000491322.zip
診療所,44,0118469,大在耳鼻科内科医院,大分市汐見２丁目１番１号,097-524-3808,田中　隆博,田中　隆博,耳い　気食　アレ　内,,平11. 11. 1,kyushu/000491322.zip
診療所,44,0118501,貞永産婦人科医院,大分市生石２丁目１番１８号,097-532-6327,医療法人一明会　理事長　貞永　明美,貞永　明美,一般　産婦,,平11. 11. 1,kyushu/000491322.zip
診療所,44,0118527,細川内科クリニック,大分市千代町一丁目２番３５号,097-532-1113,医療法人あすか会　理事長　細川　隆文,細川　隆文,内　小　アレ　血液内科,,平11. 11. 1,kyushu/000491322.zip
診療所,44,0118543,よしどめ内科・神経内科クリニック,大分市新春日町１丁目１番２９号,097-540-7171,医療法人よしどめ内科・神経内科クリニック　理事長　吉留　宏明,吉留　宏明,神内　内　リハ,,平11. 11. 1,kyushu/000491322.zip
診療所,44,0118550,宮本クリニック,大分市高松東２丁目７番７号,097-558-5373,医療法人宮本クリニック　理事長　宮本　光郎,宮本　光郎,一般　麻　呼　外　循　内　リハ,,平11. 11. 1,kyushu/000491322.zip
診療所,44,0118618,わさだかかりつけ医院泌尿器科クリニック,大分市大字口戸５９番地,097-586-1212,医療法人優路　理事長　緒方　俊一,緒方　俊一,一般　ひ　皮,,平12. 1. 1,kyushu/000491322.zip
診療所,44,0118626,つるさきクリニック,大分市南鶴崎２丁目６番５号,097-527-2152,医療法人鶴友会　理事長　古賀　徹,古賀　徹,内　循　婦,,平12. 2. 1,kyushu/000491322.zip
病院,44,0118659,だいかく病院,大分市下郡山の手２番１８号,097-569-8860,医療法人秀明会　理事長　大角　崇史,安藤　博彰,一般　内　循環器内科　呼内　消化器内科　外　整外　脳外　麻　皮　ひ　精　リハ,,平12. 3. 1,kyushu/000491322.zip
診療所,44,0118675,府内耳鼻咽喉科,大分市府内町２丁目３番３０号,097-534-3388,医療法人友耳会　理事長　植山　茂宏,植山　茂宏,耳い　アレ　形外　気食　内,,平12. 5. 1,kyushu/000491322.zip
診療所,44,0118683,森内科医院,大分市下郡北３丁目２３番２５号,097-569-1014,医療法人仁友会　理事長　森　哲,森　哲,内　消　循　呼　放,,平12. 5. 1,kyushu/000491322.zip
診療所,44,0118733,伊東レディースクリニック,大分市大字森６６０番地の１,097-523-3232,医療法人孝萌会　理事長　市田　宏司,市田　宏司,一般　産婦,,平12. 6. 1,kyushu/000491322.zip
診療所,44,0118774,ふじさお内科クリニック,大分市長浜町１丁目４番３号,097-532-2996,藤竿　章次,藤竿　章次,内　循　呼　消　アレ　リウ　小　心内,,平12. 9. 1,kyushu/000491322.zip
診療所,44,0118782,内科小野医院,大分市上野町１３番４８号,097-513-7355,小野　和俊,小野　和俊,内,,平12. 9. 1,kyushu/000491322.zip
診療所,44,0118790,井野辺府内クリニック,大分市府内町１丁目３番２３号,097-533-0255,医療法人畏敬会　理事長　井野邉　純一,井野　義人,一般　内　循環器内科　消化器内科　呼内　神内　リハ,,平12. 9. 1,kyushu/000491322.zip
病院,44,0118816,井野辺病院,大分市大字中尾字平２５５番地,097-586-5522,医療法人畏敬会　理事長　井野邉　純一,石松　俊之,一般　療養　内　循環器内科　消化器内科　脳神経内科　呼内　整外　内分泌・糖尿病内科　脳神経外科　リハ,,平12. 9. 1,kyushu/000491322.zip
病院,44,0118832,医療法人ライフサポート　明和記念病院,大分市明野北１丁目２番１７号,097-573-1000,医療法人ライフサポート　理事長　伊藤　龍太郎,深見　徹二朗,療養　内　リハ,120,平12. 10. 29,kyushu/000491322.zip
診療所,44,0118857,みうら皮ふ科クリニック,大分市大字玉沢字垣添７０７番地の１,097-588-8585,医療法人社団芳樹会　理事長　三浦　芳子,三浦　芳子,皮　形外,,平12. 11. 1,kyushu/000491322.zip
診療所,44,0118873,竹内皮ふ科,大分市田中町二丁目７番２４号,097-545-0571,医療法人竹内皮ふ科　理事長　竹内　善治,竹内　善治,皮,,平12. 11. 1,kyushu/000491322.zip
診療所,44,0118915,津田皮膚科クリニック,大分市明野南１丁目２７番２号,097-553-4493,医療法人津田皮膚科クリニック　理事長　津田　眞五,津田　眞五,皮,,平12. 11. 1,kyushu/000491322.zip
診療所,44,0118923,しみず小児科,大分市下郡中央２丁目１番１号,097-503-8366,医療法人しみず小児科　理事長　清水　隆史,清水　隆史,小,,平12. 11. 1,kyushu/000491322.zip
診療所,44,0118949,栗林医院,大分市久原中央一丁目７番１２号,097-592-1055,医療法人栗林医院　理事長　栗林　多世子,栗林　景晶,内　呼　消　循,,平12. 11. 1,kyushu/000491322.zip
診療所,44,0118956,大塚内科リウマチ科クリニック,大分市大字玉沢７０３番地の１,097-541-3217,医療法人千年樹　理事長　大塚　栄治,大塚　栄治,内　リウ,,平12. 12. 1,kyushu/000491322.zip
診療所,44,0118964,わだこどもクリニック,大分市大字玉沢７０４番地の１,097-586-1010,和田　雅臣,和田　雅臣,小,,平12. 12. 1,kyushu/000491322.zip
診療所,44,0118980,あけのメディカルクリニック,大分市大字横尾４４５１番地の５,097-556-1188,医療法人久友会　理事長　石田　重信,石田　重信,内　精　神経精神科　呼内,,平13. 2. 1,kyushu/000491322.zip
診療所,44,0118998,さかき眼科,大分市大字玉沢７０８番地の１,097-588-8666,医療法人顕友会　理事長　榊　保堅,榊　保堅,一般　眼,,平13. 2. 1,kyushu/000491322.zip
診療所,44,0119103,古国府クリニック,大分市古国府五丁目１番３３号,097-573-6601,伊東　良伯,伊東　良伯,心内　精　糖尿病内科　代謝内科　内分泌内科,,平13. 4. 1,kyushu/000491322.zip
診療所,44,0119145,山内循環器クリニック,大分市大道町４丁目５番３０号,097-573-6699,医療法人山内循環器クリニック　理事長　山内　秀人,山内　秀人,循　心外　呼　内,,平13. 6. 1,kyushu/000491322.zip
診療所,44,0119178,坂ノ市こどもクリニック,大分市坂ノ市西１丁目７番８号,097-593-2202,医療法人大在こどもクリニック　理事長　澤口　博人,澤口　佳乃子,小,,平13. 7. 1,kyushu/000491322.zip
診療所,44,0119194,岩永こどもクリニック,大分市賀来南２丁目１１番５号,097-548-7211,岩永　知久,岩永　知久,小,,平13. 9. 1,kyushu/000491322.zip
診療所,44,0119202,龍の和胃腸科クリニック,大分市府内町１丁目４番２４号,097-537-4200,首藤　龍介,首藤　龍介,内　胃,,平13. 10. 1,kyushu/000491322.zip
診療所,44,0119210,お元気でクリニック　これいし,大分市田中町二丁目１７番１号,097-513-8218,医療法人ラピス　理事長　是石　誠一,是石　誠一,内　リハ　アレ,,平13. 11. 1,kyushu/000491322.zip
病院,44,0119228,大分ゆふみ病院,大分市金谷迫３１３番地の１,097-548-7272,医療法人明和会　理事長　宇都宮　和則,一万田　正彦,一般　緩和ケア内科　疼痛緩和内科　内,,平13. 11. 1,kyushu/000491322.zip
診療所,44,0119236,たけうち小児科,大分市大字田尻字中山４１９番地２,097-542-7370,医療法人たけうち小児科　理事長　竹内　山水,竹内　山水,小　アレ,,平13. 11. 1,kyushu/000491322.zip
診療所,44,0119244,安部クリニック,大分市三ケ田町三丁目３番２８号,097-545-3838,医療法人安部クリニック　理事長　安部　陽一,安部　陽一,循環器内科　内　アレ　小,,平13. 12. 1,kyushu/000491322.zip
診療所,44,0119251,佐藤内科循環器科医院,大分市大道町３丁目４－１,097-543-7318,佐藤　博,佐藤　博,内　循,,平14. 1. 1,kyushu/000491322.zip
診療所,44,0119277,こば健康クリニック,大分市明野南１丁目２３６４番１,097-504-3711,木場　文男,木場　文男,胃　外　内　こう,,平14. 4. 1,kyushu/000491322.zip
診療所,44,0119293,くぼた高江クリニック,大分市高江南３丁目１－１,097-554-3230,久保田　利博,久保田　利博,消　内　小　リハ,,平14. 6. 1,kyushu/000491322.zip
病院,44,0119319,大分こども病院,大分市大字片島８３番地の７,097-567-0050,社会医療法人藤本育成会　理事長　岸本　智子,岸本　智子,一般　小　小外　皮　アレ,,平14. 6. 1,kyushu/000491322.zip
診療所,44,0119350,見塩医院,大分市坂ノ市中央３丁目５番８号,097-592-1058,見塩　六生,見塩　六生,麻　内　ペインクリニック内科,,平14. 6. 1,kyushu/000491322.zip
診療所,44,0119368,三好内科循環器科医院,大分市大字丹川字水ヶ本３７２番地の１,097-593-0024,医療法人去定会　理事長　平川　東望子,平川　泰平,一般　循　内　眼,,平14. 6. 1,kyushu/000491322.zip
診療所,44,0119376,藤垣クリニック,大分市大字羽田１９４番地の３,097-554-7200,医療法人藤垣クリニック　理事長　藤垣　徹,藤垣　徹,麻　内,,平14. 6. 1,kyushu/000491322.zip
診療所,44,0119392,循環器・内科　平田医院,大分市王子中町９番３７号,097-536-3322,医療法人平田医院　理事長　平田　雅敬,平田　雅敬,循環器内科　内,,平14. 7. 1,kyushu/000491322.zip
診療所,44,0119459,大分こども療育センター,大分市大字片島字長三郎２９９６番地１,097-557-0121,社会福祉法人藤本愛育会　理事長　藤本　保,久冨　真由美,小　歯　児童精神科,,平14. 10. 1,kyushu/000491322.zip
診療所,44,0119475,長浜内科クリニック,大分市長浜町１丁目９番１５号Ｍ＆Ｍ長浜２０３号,097-513-5767,医療法人社団柏方会　理事長　秦　一敏,新垣　智,内　循　消,,平14. 10. 1,kyushu/000491322.zip
診療所,44,0119483,吉村内科循環器科クリニック,大分市大字常行字仲間ノ久保２６６番地１,097-527-4390,医療法人敬愛会　理事長　吉村　彰,吉村　彰,内　循　呼　小,,平14. 11. 1,kyushu/000491322.zip
診療所,44,0119541,城南クリニック,大分市城南東二丁目２番１号,097-547-0811,医療法人ナーサティア　理事長　濵田　舞美,濵田　優美,内　消化器内科　呼吸器内科　循環器内科　リハ　小　アレ　歯科（訪問）,,平14. 11. 1,kyushu/000491322.zip
診療所,44,0119558,かやしま内科,大分市古ケ鶴２丁目１番１号,097-552-0770,医療法人正徹会　理事長　萱島　定子,中丸　和彦,一般　内　呼　消　循,,平14. 11. 1,kyushu/000491322.zip
診療所,44,0119582,春日皮膚科クリニック,大分市南春日町５番２１号,097-543-6622,園田　忠重,園田　忠重,皮,,平15. 2. 1,kyushu/000491322.zip
診療所,44,0119616,東九州泌尿器科,大分市大字横尾４４５１－２２,097-553-4539,医療法人多聞会　理事長　原岡　正志,原岡　正志,一般　ひ　内　こう,,平15. 4. 1,kyushu/000491322.zip
診療所,44,0119632,深川内科クリニック,大分市中央町二丁目１番１７号（ブンゴヤ本社ビル３０１号）,097-532-8980,医療法人ストレスケア若草　理事長　深川　光司,深川　光司,内　心内,,平15. 5. 1,kyushu/000491322.zip
診療所,44,0119640,皮膚科市川医院,大分市中央町３－６－３４植木ビル２Ｆ,097-533-0908,市川　弘城,市川　弘城,皮,,平15. 4. 1,kyushu/000491322.zip
診療所,44,0119657,伊藤内科医院,大分市大石町４丁目１組の２,097-543-1100,伊藤　彰,伊藤　彰,内　小　感染症内科,,平15. 4. 13,kyushu/000491322.zip
病院,44,0119673,博愛病院,大分市大字野田１１１１番地,097-586-0888,医療法人謙誠会　理事長　釘宮　毅,釘宮　毅,精神　精　神内　心療内科　内　児童精神科　老年精神科,,平15. 5. 1,kyushu/000491322.zip
診療所,44,0119681,ふるしょう医院,大分市古国府四丁目１番６号,097-573-5566,古庄　康志,古庄　康志,胃　内　外　小外　こう,,平15. 6. 1,kyushu/000491322.zip
診療所,44,0119715,つざき循環器・麻酔科クリニック,大分市大字猪野１１０１－６,097-527-7711,医療法人英世会　理事長　津﨑　建,津﨑　建,内　麻　循　呼　神　リハ　救急科,,平15. 6. 1,kyushu/000491322.zip
診療所,44,0119749,わかやま・こどもクリニック,大分市明野北一丁目七番十号,097-556-1556,医療法人愛幸会　理事長　若山　幸一,若山　幸一,小,,平15. 8. 1,kyushu/000491322.zip
診療所,44,0119756,そのだ内科・外科クリニック,大分市大道町３丁目３番１,097-573-5885,園田　哲司,園田　哲司,消　内　外　麻　リハ,,平15. 10. 1,kyushu/000491322.zip
診療所,44,0119780,国東整形外科医院,大分市大字上宗方５５９番地の３,097-541-7708,医療法人顕寿会　理事長　國東　芳顕,國東　芳顕,一般　整外　リウ　リハ,,平15. 11. 1,kyushu/000491322.zip
診療所,44,0119806,南原クリニック,大分市新春日町２丁目４番３号,097-573-6622,医療法人南原クリニック　理事長　南原　繁,南原　繁,消　内　外　こう,,平15. 11. 1,kyushu/000491322.zip
診療所,44,0119863,橋本形成外科,大分市府内町２丁目３番２４号,097-538-0214,医療法人橋本形成外科　理事長　橋本　二朗,橋本　二朗,形外　美外,,平16. 3. 15,kyushu/000491322.zip
診療所,44,0119889,渡辺内科医院,大分市生石２丁目１番５号,097-535-1884,医療法人渡辺内科　理事長　渡辺　金治,久下　聖子,一般　療養　内　呼　循　消,,平16. 4. 1,kyushu/000491322.zip
診療所,44,0119897,きたまち消化器・肛門外科,大分市明野北１丁目７番１号,097-553-1313,医療法人健心会　理事長　難波　雄一郎,難波　雄一郎,消　肛門外科　内,,平16. 4. 1,kyushu/000491322.zip
診療所,44,0119921,岡本皮ふ科クリニック,大分市大在中央２丁目６番３号,097-528-9245,医療法人岡本皮ふ科クリニック　理事長　岡本　壽男,岡本　壽男,皮,,平16. 5. 1,kyushu/000491322.zip
診療所,44,0119939,内林皮フ科医院,大分市城崎町１丁目５番２６号,097-534-2668,内林　義知,内林　義知,皮,,平16. 7. 1,kyushu/000491322.zip
診療所,44,0119954,ひらた医院,大分市大字田尻字小柳４７８番地,097-548-7616,医療法人健愛会　理事長　平田　孝浩,平田　孝浩,胃　こう　内　外,,平16. 7. 1,kyushu/000491322.zip
診療所,44,0119962,市ケ谷整形外科,大分市古国府六丁目３番５号,097-546-2188,医療法人東雲会　理事長　市ヶ谷　憲,市ヶ谷　憲,一般　整外　リハ　リウ　麻,,平16. 7. 1,kyushu/000491322.zip
診療所,44,0119988,谷村胃腸科・小児科医院,大分市竹下１丁目９番２２号,097-524-3533,医療法人秀恵会　理事長　谷村　秀行,谷村　秀行,胃　小　アレ　内　外　こう,,平16. 7. 1,kyushu/000491322.zip
診療所,44,0120002,おかだ眼科,大分市今津留３丁目６０番,097-551-8101,医療法人祥和会　理事長　岡田　和久,岡田　和久,一般　眼,,平16. 9. 1,kyushu/000491322.zip
診療所,44,0120119,のつはる診療所,大分市大字野津原９０６番地の１,097-588-1311,社会医療法人三愛会　理事長　三島　康典,阿南　勝宏,一般　外　内　整外　循環器内科　リハ,,平14. 1. 1,kyushu/000491322.zip
診療所,44,0120127,医療法人仁真会真央クリニック,大分市大字小池原字宮ノ下１１６７番地１,097-553-1818,医療法人仁真会真央クリニック　理事長　佐藤　眞一,佐藤　眞一,内　整外　脳外　リハ　精,,平16. 12. 1,kyushu/000491322.zip
診療所,44,0120150,たまい小児科,大分市大字毛井３１０番地１,097-524-6656,医療法人たまい小児科　理事長　玉井　友治,玉井　友治,小　アレ,,平16. 12. 1,kyushu/000491322.zip
診療所,44,0120168,堀耳鼻咽喉科クリニック,大分市大字羽田１１２番地１,097-504-7703,医療法人堀耳鼻咽喉科クリニック　理事長　堀　文彦,堀　文彦,一般　耳い,,平16. 12. 1,kyushu/000491322.zip
病院,44,0120184,塚川第一病院,大分市東春日町５番２５号,097-532-0234,医療法人博光会　理事長　塚川　博志,塚川　博志,一般　療養　一般内科　精　呼内　循環器内科　消化器内科　糖尿病内科　腎臓内科　人工透析内科　心内　整外　リハ,,平17. 1. 10,kyushu/000491322.zip
診療所,44,0120192,にのみや内科,大分市中央町２丁目１－１１,097-534-1164,二宮　浩司,二宮　浩司,一般　療養　内　呼　胃　循,,平17. 1. 1,kyushu/000491322.zip
診療所,44,0120275,やない内科クリニック,大分市大字市３番地の５,097-588-8555,医療法人　やない内科クリニック　理事長　柳井　荘緑,柳井　荘緑,内　神内　循　呼,,平17. 4. 1,kyushu/000491322.zip
診療所,44,0120309,藤島クリニック,大分市深河内二丁目２番１２号,097-573-5777,医療法人宣佳会　理事長　藤島　宣彦,藤島　宣彦,外　内　リハ,,平17. 5. 1,kyushu/000491322.zip
診療所,44,0120325,うえお乳腺外科,大分市二又町一丁目３番５号,097-514-0025,医療法人うえお乳腺外科　理事長　上尾　裕昭,甲斐　裕一郎,一般　外,,平17. 7. 1,kyushu/000491322.zip
診療所,44,0120341,安武クリニック,大分市今津留１丁目３番１４号,097-558-3800,医療法人安武医院　理事長　安武　千恵,安武　千恵,整外　産婦　リハ,,平17. 6. 1,kyushu/000491322.zip
診療所,44,0120382,駒田皮ふ科クリニック,大分市大字森町２４７ー１,097-503-6612,駒田　信二,駒田　信二,皮,,平17. 10. 1,kyushu/000491322.zip
診療所,44,0120424,小串整形外科,大分市牧１丁目２番１４号,097-552-1870,医療法人　隆美会　理事長　小串　東子,小串　東子,整外　リハ,,平17. 11. 1,kyushu/000491322.zip
病院,44,0120440,社会医療法人　関愛会　佐賀関病院,大分市大字佐賀関７５０番地の８８,097-575-1172,社会医療法人関愛会　理事長　増永　義則,大屋　譲,一般　内　循　消　小　整外　外　こう　眼　耳い　リハ　歯,,平17. 12. 17,kyushu/000491322.zip
診療所,44,0120457,平岡外科医院,大分市大字宮崎字延命１３８９番１,097-568-1088,医療法人平岡外科医院　理事長　平岡　善憲,平岡　善憲,外　内　胃　整外　こう　リハ,,平17. 12. 1,kyushu/000491322.zip
診療所,44,0120465,大分みぞぐち眼科,大分市中央町２丁目３番１９号,097-513-5930,医療法人敬光会　理事長　溝口　鈴彦,溝口　鈴彦,眼　麻,,平17. 12. 1,kyushu/000491322.zip
診療所,44,0120499,庄の原クリニック,大分市大字荏隈字庄ノ原１７９０番地１,097-573-6645,社会福祉法人温寿会　理事長　井上　修二,井上　修二,内　糖尿病内科　循環器内科　呼内,,平18. 4. 1,kyushu/000491322.zip
診療所,44,0120531,朋友クリニック,大分市大字下宗方字櫛引２５８番地,097-586-1377,医療法人大分朋友会　理事長　藤本　祥治,角　匡幸,一般　内　外　大腸肛門外科　整外　胃腸内科　リハ　精,,平18. 5. 1,kyushu/000491322.zip
病院,44,0120556,大分リハビリテーション病院,大分市大字志村字谷ヶ迫７６５番地,097-503-5000,社会医療法人敬和会　理事長　岡　敬二,小埜　崇,療養　リハビリテーション科　整形リハビリテーション科　脳神経リハビリテーション科　内,120,平18. 4. 1,kyushu/000491322.zip
診療所,44,0120580,ふじしま整形外科,大分市大字中判田１５番地の９５,097-548-8118,医療法人　ふじしま整形外科　理事長　藤島　英典,藤島　英典,整外　麻　リウ　リハ,,平18. 5. 1,kyushu/000491322.zip
診療所,44,0120598,ぶんどう耳鼻咽喉科クリニック,大分市賀来北２丁目３番５号,097-549-5587,医療法人ぶんどう耳鼻咽喉科クリニック　理事長　分藤　準一,分藤　準一,耳い　アレ,,平18. 5. 1,kyushu/000491322.zip
病院,44,0120622,大分三愛メディカルセンター,大分市大字市１２１３番地,097-541-1311,社会医療法人三愛会　理事長　三島　康典,中山　尚登,一般　外　呼外　心外　整外　消化器外科　大腸・肛門外科　リハ　形外　脳外　神内　内　循　消化器内科　糖尿病・内分泌内科　呼内　リウ　泌尿器科（人工透析）　放　麻　救急科　総合診療科　病理,190,平18. 6. 1,kyushu/000491322.zip
診療所,44,0120655,大川産婦人科・高砂,大分市高砂町１番５号,097-532-1135,医療法人大川産婦人科病院　理事長　大川　彦宏,有村　賢一郎,一般　産婦,,平18. 10. 1,kyushu/000491322.zip
診療所,44,0120671,池永小児科,大分市中央町３－３－３,097-533-2929,池永　昌昭,池永　昌昭,小,,平18. 12. 1,kyushu/000491322.zip
診療所,44,0120705,伊東Ｋクリニック,大分市大字三芳クス神２１８８番地の１,097-546-0660,医療法人伊東Ｋクリニック　理事長　伊東　啓,伊東　啓,内　放　呼　胃,,平18. 11. 1,kyushu/000491322.zip
診療所,44,0120721,おおの皮ふ科・小児外科,大分市賀来北３丁目１番１１号,097-535-8805,大野　まさき,大野　まさき,皮　小外,,平19. 1. 1,kyushu/000491322.zip
診療所,44,0120754,井上循環器科内科クリニック,大分市高松２丁目４番２５号,097-558-6200,医療法人　井上循環器科内科クリニック　理事長　井上　健,井上　健,循　内　リハ,,平19. 1. 1,kyushu/000491322.zip
診療所,44,0120762,大川小児科・高砂,大分市高砂町１番５号,097-537-1177,医療法人大川産婦人科病院　理事長　大川　彦宏,藤田　桂子,小,,平19. 4. 1,kyushu/000491322.zip
診療所,44,0120770,どんぐりの杜クリニック,大分市大字津守８２８番地の３,097-567-2737,医療法人光心会　理事長　武居　光雄,安心院　朗,内　循環器内科　胃腸内科　呼内,,平19. 4. 1,kyushu/000491322.zip
診療所,44,0120804,大分療育クリニック,大分市大字国分字六重原５６７番地の３,097-586-5252,社会福祉法人別府発達医療センター　理事長　福永　拙,清田　晃生,リハ　精　児童精神科　小　歯　歯外,,平19. 4. 1,kyushu/000491322.zip
診療所,44,0120846,得丸内科・消化器内科,大分市牧３－１３－１,097-552-1558,得丸　佳秀,得丸　佳秀,内　消化器内科　循環器内科　呼内,,平19. 5. 1,kyushu/000491322.zip
診療所,44,0120853,宇野内科医院,大分市萩原１丁目１７番４号,097-552-2600,医療法人雄飛会　理事長　宇野　成明,宇野　成明,内　胃　循　呼,,平19. 5. 1,kyushu/000491322.zip
診療所,44,0120879,わかくさ診療所,大分市大字野田２７１番地,097-549-0119,松本　哲郎,松本　哲郎,内　呼　アレ,,平19. 5. 1,kyushu/000491322.zip
診療所,44,0120887,大在呼吸器アレルギークリニック,大分市大在中央１丁目１２番５号,097-592-5666,医療法人大在呼吸器アレルギークリニック　理事長　北川　和生,北川　和生,内　呼　アレ,,平19. 5. 1,kyushu/000491322.zip
診療所,44,0120895,かさぎ泌尿器科医院,大分市大字中戸次４８４０番地３,097-586-7117,医療法人　凛彩会　理事長　笠木　康弘,笠木　康弘,一般　一般　ひ　皮,19,平19. 5. 1,kyushu/000491322.zip
診療所,44,0120911,松山医院大分腎臓内科,大分市大字田尻４５７番地の１,097-541-1151,医療法人誠医会　理事長　松山　和弘,松山　和弘,一般　内　腎臓内科　人工透析内科　リハ,,平19. 5. 7,kyushu/000491322.zip
診療所,44,0120945,みやむらレディースクリニック,大分市大字田尻４２７番地２,097-586-1551,医療法人　悠育会　理事長　宮村　研二,宮村　研二,一般　産　婦,,平19. 6. 1,kyushu/000491322.zip
診療所,44,0120952,あい整形外科,大分市賀来北２丁目１０番１８号,097-549-3330,医療法人　晴愛会　理事長　堀井　愛,堀井　愛,一般　整外　リハ,,平19. 6. 1,kyushu/000491322.zip
診療所,44,0120978,おの英伸クリニック,大分市王子南町８番２３（Ｍ＆Ｍ王子南１０２）,097-513-5519,医療法人　英和会　理事長　小野　英伸,小野　英伸,内　消　こう,,平19. 6. 1,kyushu/000491322.zip
診療所,44,0120986,アリナガ美容外科・歯科,大分市中央町２丁目８－１０ヴィアレ・テッツォビル２Ｆ,097-538-1911,医療法人　光永会　理事長　在永　光行,在永　光行,美外　形外　外　皮　麻　歯,,平19. 6. 1,kyushu/000491322.zip
診療所,44,0121000,菜の花クリニック,大分市大字佐賀関２２６６番地,097-575-3260,医療法人　善昭会　理事長　日野　洋,住吉　明子,内　眼　呼内　消内　循内,,平19. 7. 1,kyushu/000491322.zip
診療所,44,0121026,社会医療法人　関愛会　こうざきクリニック,大分市大字本神崎２５１番地の８,097-576-1782,社会医療法人関愛会　理事長　増永　義則,甲原　芳範,内,,平19. 7. 3,kyushu/000491322.zip
診療所,44,0121042,形成外科　白山クリニック,大分市府内町１丁目２－１第２トレンドビル６Ｆ,097-533-8930,早川　宏司,早川　宏司,形外　美外　皮,,平19. 10. 1,kyushu/000491322.zip
診療所,44,0121059,大場整形外科,大分市明野北一丁目２２２６番１,097-556-1311,医療法人大場整形外科　理事長　大場　俊二,大場　俊二,一般　整外　リハ,,平19. 9. 1,kyushu/000491322.zip
診療所,44,0121075,おおいた健康管理センター,大分市古国府六丁目１番３０号,097-547-1111,医療法人社団三杏会　理事長　猿渡　研一,成田　直子,内,,平20. 4. 1,kyushu/000491322.zip
診療所,44,0121083,戸次あべクリニック,大分市大字下戸次１５２８－５,097-535-8053,安部　康治,安部　康治,内　呼　アレ,,平20. 4. 1,kyushu/000491322.zip
病院,44,0121091,大分市医師会立アルメイダ病院,大分市大字宮崎１５０９－２,097-569-3121,一般社団法人大分市医師会　会長　植山　茂宏,白鳥　敏夫,一般　内　内分泌内科　血液内科　循環器内科　消化器内科　呼内　放　外　腎臓内科　腫瘍内科　緩和ケア内科　血管外科　消化器外科　脳外　呼外　整外　形外　皮　ひ　産　婦　小児科　新生児内科　麻　リハ　精　眼　耳い　心外　救急科　病理診断科,389,平20. 3. 1,kyushu/000491322.zip
診療所,44,0121109,めのクリニック,大分市明野高尾三丁目１番地の１,097-551-3220,医療法人　米壽会　理事長　米野　利江,米野　壽昭,内　外,,平20. 5. 1,kyushu/000491322.zip
診療所,44,0121125,くわたに内科,大分市大字本神崎６９０番地１,097-576-0016,医療法人　圭幸会　理事長　谷　圭二,谷　圭二,内　漢方内科,,平20. 5. 26,kyushu/000491322.zip
病院,44,0121158,オアシス第一病院,大分市東鶴崎３丁目３番１９号,097-527-2211,医療法人善昭会　理事長　日野　洋,久保　毅,一般　内　脳外　脳内　循環器内科　消化器内科　呼内　リハ　麻,,平20. 7. 1,kyushu/000491322.zip
診療所,44,0121166,おさこ内科・外科クリニック,大分市田中町三丁目１５番１５号,097-543-6633,医療法人おさこ内科・外科クリニック　理事長　尾迫　俊克,尾迫　俊克,内　外,,平20. 8. 1,kyushu/000491322.zip
診療所,44,0121182,みみはなクリニック,大分市大字口戸６２番地７,097-588-8799,緒方　菜穂子,緖方　菜穂子,耳い　アレ,,平20. 12. 1,kyushu/000491322.zip
診療所,44,0121208,わだ内科医院,大分市中央町２丁目９番１５号,097-536-5442,医療法人誠和会　理事長　和田　誠,和田　誠,内　呼内　消化器内科　循環器内科　放　アレ,,平20. 11. 1,kyushu/000491322.zip
診療所,44,0121224,上野醫院,大分市田中町三丁目２番１４号,097-543-3231,上野　秀晃,上野　秀晃,一般　整外　外　ペインクリニック外科　リハ　内　消化器内科,,平21. 2. 1,kyushu/000491322.zip
診療所,44,0121232,こころの先生クリニック,大分市大在中央１－１２－４　メゾン芦刈２Ｆ,097-594-5561,三好　修,三好　修,心内　精　内,,平21. 3. 1,kyushu/000491322.zip
診療所,44,0121240,はら小児科,大分市中戸次４８４０－２３,097-586-7200,原　健太郎,原　健太郎,小,,平21. 4. 1,kyushu/000491322.zip
診療所,44,0121281,大塚眼科医院,大分市田中町三丁目１２番６９号,097-544-4422,医療法人　大塚眼科医院　理事長　大塚　慎一,大塚　慎一,一般　眼,,平21. 5. 3,kyushu/000491322.zip
診療所,44,0121331,木村医院,大分市東春日町３番２２号,097-536-3460,木村　祐一,木村　祐一,一般　外　内　消化器内科　肛門外科　リハ,,平21. 7. 1,kyushu/000491322.zip
診療所,44,0121356,髙木眼科,大分市賀来西一丁目１３番２４号,097-548-7105,髙木　康宏,髙木　康宏,眼,,平21. 11. 1,kyushu/000491322.zip
診療所,44,0121364,一番ヶ瀬内科医院,大分市大道町６丁目９組,097-543-5555,一番ヶ瀬　義彦,一番ヶ瀬　義彦,一般　内　胃腸内科　アレ　リウ　リハ,,平21. 10. 13,kyushu/000491322.zip
診療所,44,0121372,三好眼科内科医院,大分市大字馬場２６６,097-576-0011,医療法人順和会　理事長　三好　和,三好　和,眼　内,,平21. 12. 1,kyushu/000491322.zip
診療所,44,0121380,平川循環器内科クリニック,大分市二又町３丁目３番１３号,097-574-5282,平川　洋二,平川　洋二,循環器内科　内,,平22. 3. 1,kyushu/000491322.zip
診療所,44,0121414,垣迫胃腸クリニック,大分市金池南２丁目３番３号,097-574-5111,医療法人　大健会　理事長　垣迫　健二,垣迫　健二,消化器内科　内視鏡外科　肛門内科　内　外,,平22. 3. 1,kyushu/000491322.zip
診療所,44,0121422,星生クリニック,大分市東大道１－８－１５ｃａｓａ　ｖｅｒｄｅ駅南２Ｆ,097-547-0704,医療法人星生クリニック　理事長　原尻　愼一郎,原尻　愼一郎,心内　神内　精　内,,平22. 4. 1,kyushu/000491322.zip
診療所,44,0121430,やまおか在宅クリニック,大分市東大道三丁目６２番地５,097-545-8008,医療法人カーサミア　理事長　山岡　憲夫,山岡　憲夫,内　緩和ケア外科,,平22. 5. 1,kyushu/000491322.zip
診療所,44,0121448,山田整形外科クリニック,大分市下郡中央１丁目５番２０号,097-567-1118,医療法人健山会　理事長　山田　秀大,山田　秀大,整外　リウ　リハ,,平22. 5. 1,kyushu/000491322.zip
診療所,44,0121455,ひらた呼吸器内科クリニック,大分市日岡３丁目１番－７,097-558-0888,医療法人道治会　理事長　平田　範夫,平田　範夫,呼内　アレ　内,,平22. 6. 1,kyushu/000491322.zip
診療所,44,0121497,河村クリニック,大分市金池町二丁目１２番８号,097-548-5570,医療法人河村クリニック　理事長　河村　郁男,河村　郁男,心内　精,,平22. 9. 4,kyushu/000491322.zip
診療所,44,0121505,中央町こころのクリニック,大分市中央町４丁目２番１６号　サンリラ中央２Ｆ,097-547-9457,櫻井　政人,櫻井　政人,心内　精,,平22. 11. 1,kyushu/000491322.zip
診療所,44,0121513,首藤耳鼻咽喉科,大分市大字津守字伏子８７番地６,097-567-8714,医療法人純洋会　理事長　首藤　純,首藤　純,耳い　アレ　小児耳鼻咽喉科　気食,,平23. 1. 1,kyushu/000491322.zip
診療所,44,0121521,ペインクリニック内科　いけべ医院,大分市羽屋三丁目４番８号,097-545-1011,医療法人緩和会　理事長　池邉　晴美,池邉　晴美,ペインクリニック内科　内　呼内　循環器内科　リハ　麻,,平23. 3. 1,kyushu/000491322.zip
診療所,44,0121554,内科津田かおるクリニック,大分市大字横尾字高尾４１３１番地１,097-524-3433,医療法人内科津田かおるクリニック　理事長　津田　薫,津田　薫,内,,平23. 6. 1,kyushu/000491322.zip
診療所,44,0121570,さかまき内科医院,大分市大在浜２丁目７番１号,097-592-6166,医療法人九徳会　理事長　酒巻　宏行,酒巻　宏行,内,,平23. 6. 1,kyushu/000491322.zip
診療所,44,0121596,セント・ルカ産婦人科,大分市東大道１丁目４番５号,097-547-1234,医療法人セント・ルカ　理事長　宇津宮　隆史,宇津宮　隆史,一般　産婦　麻,,平23. 7. 1,kyushu/000491322.zip
診療所,44,0121620,調枝眼科,大分市大字鴛野３６４－１（敷戸台入口）,097-529-5115,調枝　聡治,調枝　聡治,眼,,平23. 11. 1,kyushu/000491322.zip
診療所,44,0121646,吉川医院,大分市中島中央１丁目６０５３番地１,097-532-2770,医療法人社団一来会　理事長　佐藤　俊介,佐藤　俊介,内　消化器内科,,平23. 12. 1,kyushu/000491322.zip
診療所,44,0121653,たなか眼科,大分市羽屋一丁目５番１８号,097-544-3311,医療法人　慶和会　理事長　田中　拓司,田中　拓司,眼,,平23. 12. 1,kyushu/000491322.zip
診療所,44,0121679,高橋内科クリニック,大分市王子北町４番１２号,097-574-8747,髙橋　みどり,髙橋　みどり,内　循環器内科,,平24. 2. 1,kyushu/000491322.zip
診療所,44,0121703,山口内科胃腸クリニック,大分市小池原１１１３－１,097-556-0063,山口　公雄,山口　公雄,内　胃腸内科　外　肛門外科,,平24. 1. 1,kyushu/000491322.zip
診療所,44,0121711,おおいた健診センター,大分市大字宮崎１４１５番地,097-569-2211,公益財団法人大分県地域成人病検診協会　理事長　植山　茂宏,髙山　博樹,小,,平24. 4. 1,kyushu/000491322.zip
診療所,44,0121745,はさまクリニック,大分市東津留２丁目３番２０号,097-554-2173,医療法人はさまクリニック　理事長　挾間　直己,挾間　直己,精　内　漢方内科　心内,,平24. 5. 1,kyushu/000491322.zip
診療所,44,0121760,おおが耳鼻咽喉科クリニック,大分市庄境２番１０号,097-521-0012,医療法人　栄神会　理事長　太神　尚士,太神　尚士,耳い,,平24. 6. 2,kyushu/000491322.zip
診療所,44,0121794,おかむら眼科,大分市公園通り西２丁目１番パークプレイス大分３階,097-578-6213,岡村　勉,岡村　勉,眼,,平24. 9. 1,kyushu/000491322.zip
病院,44,0121802,医療法人　いつわ会　藤島病院,大分市敷戸台一丁目１番３３号,097-568-2211,医療法人　いつわ会　理事長　藤島　捷年,藤島　捷年,一般　内　外　糖尿病内科　脂質代謝内科　大腸外科　内視鏡外科　消化器外科　循環器内科　皮　肛門外科　胃外科,,平24. 8. 1,kyushu/000491322.zip
診療所,44,0121836,田村医院田村皮膚科クリニック,大分市中央町１丁目１番１６号,097-532-1684,医療法人田村医院田村皮膚科クリニック　理事長　田村　隆弘,田村　隆弘,皮　ひ,,平24. 10. 7,kyushu/000491322.zip
診療所,44,0121844,えとう眼科,大分市明野北１丁目２２２６番１１,097-547-8080,医療法人一燈会　理事長　衞藤　崇彦,衞藤　崇彦,眼,,平24. 12. 1,kyushu/000491322.zip
診療所,44,0121851,ハートドアクリニック,大分市大字神崎字見内４０４番２１,097-574-7318,医療法人ハートドアクリニック　理事長　繁野　正幸,繁野　正幸,心内　精,,平25. 1. 1,kyushu/000491322.zip
診療所,44,0121919,あんどう小児科,大分市明野東２丁目７番１号,097-558-8570,医療法人　あんどう小児科　理事長　安藤　昭和,安藤　昭和,小,,平25. 6. 1,kyushu/000491322.zip
診療所,44,0121927,鹿子嶋医院,大分市碩田町３丁目１番４号,097-532-5024,医療法人　俊洋会　理事長　鹿子嶋　俊平,鹿子嶋　俊平,内　老年内科　消化器内科　外,,平25. 6. 1,kyushu/000491322.zip
診療所,44,0121943,大道整形外科,大分市西大道２丁目３番１号コスモビル２・３Ｆ,097-543-7676,医療法人　一隆会　理事長　平　博文,平　博文,整外　リハ　リウ,,平25. 7. 1,kyushu/000491322.zip
診療所,44,0121976,社会医療法人関愛会　王子クリニック,大分市王子町１番１１号,097-536-6633,社会医療法人関愛会　理事長　増永　義則,織田　奈穂美,内　心内　消化器内科,,平25. 12. 1,kyushu/000491322.zip
診療所,44,0121984,神矢内科胃腸クリニック,大分市賀来西１丁目４番１号,097-549-7878,医療法人　真莉会　理事長　神矢　丈児,神矢　丈児,内　外　消化器内科　肛門外科,,平25. 12. 1,kyushu/000491322.zip
診療所,44,0122016,星野泌尿器科医院,大分市今津留３丁目２番１号,097-552-0006,医療法人　星野泌尿器科医院　理事長　星野　鉄二,星野　鉄二,ひ,,平26. 1. 1,kyushu/000491322.zip
診療所,44,0122040,うちのう整形外科,大分市王子南町５９８番１,097-545-0007,医療法人　春風　理事長　内納　正一,内納　正一,一般　整外　リハ　麻　内　脊椎外科　小児整形外科,,平26. 6. 1,kyushu/000491322.zip
診療所,44,0122057,明野循環器内科クリニック,大分市明野東二丁目３３番１１号,097-576-7111,医療法人　優和会　理事長　安部　雄征,安部　雄征,内　循環器内科,,平26. 6. 1,kyushu/000491322.zip
診療所,44,0122065,阿南循環器内科クリニック,大分市大字森５８２番地の１,097-521-1110,医療法人　豊心会　理事長　阿南　太,阿南　太,循環器内科　糖尿病内科　内,,平26. 6. 1,kyushu/000491322.zip
診療所,44,0122073,しぶや皮ふ科・形成外科,大分市羽屋新町二丁目１番４０号,097-547-1241,医療法人　博悠会　理事長　澁谷　博美,澁谷　博美,形外　皮,,平26. 6. 1,kyushu/000491322.zip
診療所,44,0122081,山形クリニック,大分市萩原一丁目１９番３５号,097-556-2456,医療法人　英知会　理事長　山形　英司,山形　英司,呼内　アレ　内,,平26. 7. 1,kyushu/000491322.zip
診療所,44,0122099,明和整形外科醫院,大分市大字毛井字寺の前２７９－３,097-547-8841,医療法人　龍生会　理事長　松本　佳之,松本　佳之,整外　リハ,,平26. 7. 1,kyushu/000491322.zip
診療所,44,0122107,椎迫泌尿器科クリニック,大分市大字三芳１０５５番地の２,097-573-5686,医療法人　椎迫泌尿器科　理事長　岩下　光一,岩下　光一,一般　ひ　人工透析内科,,平26. 7. 1,kyushu/000491322.zip
診療所,44,0122123,すえなが耳鼻咽喉科,大分市日吉町１８番１０号,097-594-3387,医療法人　すえなが耳鼻咽喉科　理事長　末永　智,末永　智,耳い,,平26. 8. 1,kyushu/000491322.zip
診療所,44,0122149,在宅支援クリニック　すばる,大分市大字小池原字池ノ内１０２１番地,050-3529-7572,社会医療法人　敬和会　理事長　岡　敬二,岡　敬二,内,,平26. 10. 1,kyushu/000491322.zip
診療所,44,0122156,あけの胃腸内科乳腺クリニック,大分市大字小池原１５３４番地の１,097-576-7748,医療法人　綺山会　理事長　大久保　卓次,明石　雄一,内　外　内視鏡内科　内視鏡外科　乳腺外科　消化器内科　消化器外科　胃腸内科　肛門外科,,平27. 2. 1,kyushu/000491322.zip
診療所,44,0122172,大久保内科外科（内視鏡）クリニック,大分市大字市１２８２番地,097-594-0566,医療法人　綺山会　理事長　大久保　卓次,大久保　雅彦,内　外　乳腺外科　リハ,,平27. 1. 1,kyushu/000491322.zip
診療所,44,0122214,平井眼科,大分市要町１番１４号アミュプラザおおいた４Ｆ,097-576-8108,平井　宏二,平井　宏二,眼,,平27. 4. 1,kyushu/000491322.zip
診療所,44,0122222,若林脳神経外科クリニック,大分市坂ノ市中央３丁目１３番２９号,097-511-1556,若林　礼浩,若林　礼浩,脳外　神内,,平27. 5. 1,kyushu/000491322.zip
診療所,44,0122230,尾渡眼科医院,大分市千代町３－１－３,097-536-5530,難波　美和子,難波　美和子,眼,,平27. 4. 1,kyushu/000491322.zip
病院,44,0122248,帆秋病院,大分市大字大分４７７２番地２,097-543-2366,医療法人　至誠会　理事長　帆秋　伸彦,帆秋　伸彦,精神　精　内　心内　歯,446,平27. 4. 1,kyushu/000491322.zip
病院,44,0122255,大分循環器病院,大分市大字三芳３２０番３,097-544-5552,医療法人輝心会　理事長　秋満　忠郁,秋満　忠郁,一般　循環器内科　内科　消化器内科　糖尿病内科　代謝内科　腎臓内科　人工透析内科　整外　心臓血管外科　リハ　リウ　麻,,平27. 5. 7,kyushu/000491322.zip
診療所,44,0122263,山下クリニック,大分市府内町１－５－１　ＣＯＳＭＯⅡ　３階,097-514-5153,山下　徳次郎,山下　徳次郎,麻　内,,平27. 5. 18,kyushu/000491322.zip
診療所,44,0122289,あべたかこ内科循環器クリニック,大分市大字生石１４５－５４,097-513-3800,医療法人　ＡＴＣ　理事長　安部　隆子,安部　隆子,内　循環器内科,,平27. 9. 1,kyushu/000491322.zip
診療所,44,0122305,工藤クリニック,大分市要町９番２１号,097-546-9100,医療法人黎明会　理事長　工藤　修己,工藤　修己,整外　リウ　リハ　美容皮膚科,,平27. 12. 1,kyushu/000491322.zip
診療所,44,0122313,猿渡整形外科スポーツリハクリニック,大分市竹下２丁目１２６番地,097-593-0008,医療法人　源算会　理事長　猿渡　知行,猿渡　知行,整外　リハ　リウ,,平27. 12. 1,kyushu/000491322.zip
診療所,44,0122321,吉良内科循環器クリニック,大分市角子原８７０,097-522-3000,医療法人　優春会　理事長　吉良　哲也,吉良　哲也,内　循環器内科　代謝内科,,平28. 1. 1,kyushu/000491322.zip
病院,44,0122339,永冨記念病院,大分市大字玉沢字四月田７８番地,097-548-7733,医療法人　永冨　理事長　永冨　整彦,永冨　整彦,一般　整外　リハ　内,,平28. 2. 1,kyushu/000491322.zip
診療所,44,0122370,うちのう整形外科　錦町,大分市錦町２丁目１３番１４号,097-538-0202,医療法人　春風　理事長　内納　正一,矢坂　治彦,一般　整外　リハ　内　脊椎外科　小児整形外科,,平28. 7. 1,kyushu/000491322.zip
診療所,44,0122388,舞鶴内科クリニック,大分市西浜３－８,097-503-1533,足立　圭一,足立　圭一,内　呼内　消化器内科　循環器内科,,平28. 7. 1,kyushu/000491322.zip
診療所,44,0122396,かわのこどもクリニック,大分市田中町二丁目６番６号,097-545-0039,医療法人　朋百会　理事長　川野　達也,川野　達也,小,,平28. 6. 1,kyushu/000491322.zip
診療所,44,0122404,ほうふ耳鼻咽喉科,大分市羽屋一丁目５番２０号,097-546-8741,医療法人　豊英会　理事長　螻川内　英臣,螻川内　英臣,耳い　気食　アレ,,平28. 7. 1,kyushu/000491322.zip
診療所,44,0122412,ほしの整形外科クリニック,大分市今津留３丁目２番３号,097-551-1173,医療法人健手会　理事長　星野　秀士,星野　秀士,整外　リハ,,平28. 7. 1,kyushu/000491322.zip
病院,44,0122420,社会医療法人関愛会　坂ノ市病院,大分市坂ノ市中央１丁目２６９番,097-574-7722,社会医療法人　関愛会　理事長　増永　義則,管　聡,一般　内　小　消化器内科　リハ,,平28. 8. 1,kyushu/000491322.zip
診療所,44,0122438,いちみや皮フ科クリニック,大分市六坊北町４４７０番地１,097-576-9127,医療法人　徳成会　理事長　一宮　一成,一宮　弘子,皮　美容皮膚科,,平28. 10. 1,kyushu/000491322.zip
診療所,44,0122453,へつぎ在宅クリニックＡＳＯ,大分市大字中戸次字寺ノ内５１１１番１,097-597-7700,社会医療法人財団天心堂　理事長　河村　忠雄,麻生　哲郎,内,,平28. 10. 1,kyushu/000491322.zip
診療所,44,0122487,わさだハートクリニック,大分市上宗方南一丁目３番７号,097-542-5000,医療法人ＷＨＣ　理事長　重松　作治,重松　作治,内　循環器内科　糖尿病内科,,平29. 1. 1,kyushu/000491322.zip
診療所,44,0122503,森山消化器内科クリニック,大分市大字宮崎９３３番地２,097-578-7888,医療法人ＭＳＣ　理事長　森山　初男,森山　初男,内　外　消化器内科　肛門外科,,平28. 12. 1,kyushu/000491322.zip
診療所,44,0122529,明治河野医院,大分市横尾３９３７－８,097-520-2777,河野　洋三,河野　洋三,呼内　内　呼外　外,,平28. 12. 28,kyushu/000491322.zip
診療所,44,0122552,サトウ皮膚科医院,大分市金池南１丁目１－２２イエステーション大分駅南２階,097-545-8848,佐藤　研士,佐藤　研士,皮,,平29. 3. 1,kyushu/000491322.zip
診療所,44,0122560,たばるクリニック,大分市大字田原９３６番地１の１,097-541-2345,社会医療法人三愛会　理事長　三島　康典,白坂　千秋,一般　外　内　消化器外科　リハ　整外,,平29. 4. 1,kyushu/000491322.zip
診療所,44,0122578,山田クリニック,大分市府内町２丁目３番３０号　ヴィーナスビル５階,097-533-2228,医療法人　健和会　理事長　山田　健児,山田　健児,精　心内,,平29. 5. 1,kyushu/000491322.zip
診療所,44,0122586,かみぞのキッズクリニック,大分市大道町４－５－２７　第５ブンゴヤビル２Ｆ,097-529-8833,神薗　愼太郎,神薗　愼太郎,小,,平29. 6. 1,kyushu/000491322.zip
診療所,44,0122594,石田消化器ＩＢＤクリニック,大分市東大道１丁目３番１号アクロスプラザ大分駅南２階,097-529-5777,石田　哲也,石田　哲也,内　胃腸内科　循環器内科　心臓内科　内視鏡内科　糖尿病内科　代謝内科　内分泌内科　腎臓内科　脂質代謝内科　呼内,,平29. 7. 1,kyushu/000491322.zip
診療所,44,0122602,村上眼科,大分市大道町二丁目７番４号,097-574-6311,医療法人光生会　理事長　村上　智貴,村上　智貴,眼,,平29. 7. 1,kyushu/000491322.zip
診療所,44,0122610,かきさこ小児科,大分市要町１３２番地,097-545-1000,医療法人　かきさこ小児科　理事長　垣迫　三夫,垣迫　三夫,小　内,,平30. 1. 1,kyushu/000491322.zip
診療所,44,0122636,大分駅南クリニック,大分市東大道２丁目３番４５号,097-529-7141,穐吉　條太郎,穐吉　條太郎,心内　神内　精,,平30. 4. 1,kyushu/000491322.zip
診療所,44,0122644,社会医療法人関愛会　よつばファミリークリニック,大分市大字横尾１８５９番地,097-520-8686,社会医療法人関愛会　理事長　増永　義則,藤谷　直明,内　小,,平30. 4. 1,kyushu/000491322.zip
診療所,44,0122651,大分春日内科循環器・エコークリニック,大分市田室町６番１１号,097-578-7200,医療法人　ＩＣＣ　理事長　伊藤　健一郎,一瀬　正志,内　循環器内科,,平30. 4. 1,kyushu/000491322.zip
診療所,44,0122669,東浜循環器科・内科クリニック,大分市東浜１丁目９番１８号,097-558-5454,藤内　竜夫,藤内　竜夫,循環器内科　内,,平30. 4. 1,kyushu/000491322.zip
診療所,44,0122685,生活習慣病・脳内科あべクリニック,大分市大字森４０２番５,097-578-6311,安部　芳武,安部　芳武,内　脳内　皮　アレ,,平30. 6. 1,kyushu/000491322.zip
診療所,44,0122693,あんどう糖尿病内科クリニック,大分市高松一丁目４番４号,097-551-0814,医療法人　英光会　理事長　藤島　理恵,藤島　理恵,一般　内　糖尿病内科　内分泌内科　循環器内科　女性内科,,平30. 5. 1,kyushu/000491322.zip
診療所,44,0122701,さゆりレディースクリニック,大分市明野北４丁目１番１号山本ビル３Ｆ,097-535-7322,医療法人　あろは会　理事長　関　小百合,関　小百合,産婦　内,,平30. 6. 1,kyushu/000491322.zip
診療所,44,0122719,永井循環器内科．生活習慣病．心臓クリニック,大分市羽田２１７番地,097-504-7855,医療法人　諒文の眞記念会　理事長　永井　淳子,永井　淳子,内　循環器内科　呼内　代謝内科,,平30. 6. 1,kyushu/000491322.zip
診療所,44,0122727,やまだこどもクリニック,大分市六坊北町６番７３－２号,097-578-8277,医療法人　やまだこどもクリニック　理事長　山田　博,山田　博,小,,平30. 6. 1,kyushu/000491322.zip
診療所,44,0122743,大分内分泌糖尿病内科クリニック,大分市要町９－１９,097-574-7070,医療法人而今　理事長　伹馬　大介,伹馬　大介,糖尿病内科　内分泌内科　甲状腺内科　内　代謝内科　循環器内科,,平31. 1. 1,kyushu/000491322.zip
診療所,44,0122750,永田瀧田眼科医院,大分市中央町２－２－１７,097-537-0808,瀧田　忠介,瀧田　忠介,眼,,平31. 2. 1,kyushu/000491322.zip
診療所,44,0122768,三愛呼吸器クリニック,大分市大字田尻字中山４１９番地の１,097-541-2588,社会医療法人三愛会　理事長　三島　康典,萩本　直樹,呼内　内　リハ,,平31. 3. 1,kyushu/000491322.zip
診療所,44,0122784,ななせクリニック,大分市上宗方３９０番地の１　アイアルプレース,097-540-7536,医療法人ＮＯＣ　理事長　安部　志朗,安部　志朗,整外　リウ　リハ,,令元. 5. 1,kyushu/000491322.zip
診療所,44,0122800,医療法人賢鶯会　西村内科クリニック,大分市明野北４丁目１番１号,097-552-5777,医療法人賢鶯会　理事長　西村　大介,西村　大介,内科　呼内　消化器内科　循環器内科,,令元. 6. 1,kyushu/000491322.zip
診療所,44,0122818,きたじま内科・胃腸内科,大分市六坊北町４４７１－４,097-546-7373,医療法人きたじま内科・胃腸内科　理事長　喜多嶋　和晃,喜多嶋　和晃,内科　胃腸内科　消化器内科　内視鏡内科,,令元. 6. 1,kyushu/000491322.zip
診療所,44,0122842,日野医院,大分市大字宮崎８３２－４,097-568-5621,日野　成子,日野　成子,一般　内　胃　呼,,令元. 9. 1,kyushu/000491322.zip
診療所,44,0122859,あべ胃腸病内視鏡クリニック,大分市大字片島３９６番地の１,097-578-6898,医療法人ウェルビーイング　理事長　阿部　壽德,阿部　壽德,一般　一般　内　消化器内科,19,令元. 10. 1,kyushu/000491322.zip
病院,44,0122875,医療法人慈善会　膳所病院,大分市金池町１丁目９番３８号,097-534-0035,医療法人慈善会　理事長　膳所　憲二,膳所　憲二,一般　外　胃腸科　肛門外科　ひ　糖尿病内科　内視鏡外科　内　整外　消化器外科　リハ,,令元. 10. 7,kyushu/000491322.zip
診療所,44,0122925,みゆきクリニック,大分市大字城原１７６９番５,097-578-7852,医療法人優生会　理事長　佐藤　美由紀,佐藤　美由紀,整形外科　小児整形外科　リハ　リウ,,令2. 4. 1,kyushu/000491322.zip
診療所,44,0122941,おおいたメディカルクリニック,大分市上田町三丁目１番５６号,097-543-5001,医療法人圭成会　理事長　松浦　愼太郎,井上　俊治,一般　一般　内　呼内　アレ,19,令2. 4. 1,kyushu/000491322.zip
診療所,44,0122958,馬場クリニック,大分市府内町１丁目６番３５号,097-532-2567,医療法人緑心会　理事長　馬場　政宏,馬場　政宏,精　心内　内　神内,,令2. 6. 1,kyushu/000491322.zip
診療所,44,0122966,立花漢方内科小児科,大分市西鶴崎２丁目２番４号　リンクベースツルサキ２０１号,097-578-7078,立花　秀俊,立花　秀俊,漢方内科　小　内,,令2. 7. 1,kyushu/000491322.zip
診療所,44,0122974,みやざき内科リウマチクリニック,大分市牧１丁目３番１５号,097-558-5600,医療法人柊優会　理事長　宮﨑　吉孝,宮﨑　吉孝,内　リウ,,令2. 7. 1,kyushu/000491322.zip
診療所,44,0122990,ふじみ整形外科クリニック,大分市富士見が丘西１丁目３番２６号,097-541-2231,医療法人　圭成会　理事長　松浦　愼太郎,下田　順一,整外　リウ　リハ,,令2. 10. 1,kyushu/000491322.zip
診療所,44,0123048,森山耳鼻咽喉科,大分市金池南２丁目１１番１８号,097-589-8233,森山　正臣,森山　正臣,耳い,,令3. 1. 1,kyushu/000491322.zip
診療所,44,0123071,田村山下眼科,大分市大字森５９０番地の１,097-524-1177,医療法人啓弘会　理事長　山下　啓行,山下　啓行,一般　眼,,令3. 1. 1,kyushu/000491322.zip
診療所,44,0123097,いまき眼科,大分市大字羽田２２４番地の１,097-504-7070,医療法人ＩＧ　理事長　今木　裕幸,今木　裕幸,眼,,令3. 1. 1,kyushu/000491322.zip
診療所,44,0123105,おかもと整形外科,大分市六坊北町６番７３－３,097-574-5555,岡本　雄策,岡本　雄策,整外　リハ,,令3. 2. 1,kyushu/000491322.zip
診療所,44,0123113,おおば脳神経外科・頭痛クリニック,大分市要町８番１６号,097-578-8333,医療法人オブライジ　理事長　大場　寛,大場　寛,脳外,,令3. 2. 1,kyushu/000491322.zip
診療所,44,0123139,府内大橋こどもクリニック,大分市畑中２丁目６－６０,097-585-5033,山口　智之,山口　智之,小　アレ　児童精神科,,令3. 4. 1,kyushu/000491322.zip
診療所,44,0123147,松本内科循環器科クリニック,大分市下郡北３丁目２１番２５号,097-554-3200,医療法人　圭成会　理事長　松浦　愼太郎,松本　悠輝,内　循環器内科　消化器内科　呼内　人工透析内科　アレ　心内　腎臓内科,,令3. 4. 1,kyushu/000491322.zip
診療所,44,0123154,しまだ皮ふ科クリニック,大分市大字田尻４２５番地１,097-542-1211,島田　浩光,島田　浩光,皮,,令3. 5. 1,kyushu/000491322.zip
診療所,44,0123170,神﨑循環器クリニック,大分市府内町３丁目７番３６号,097-538-2550,医療法人社団神崎循環器クリニック　理事長　神﨑　維康,神﨑　維康,循環器内科　内,,令3. 5. 1,kyushu/000491322.zip
診療所,44,0123188,たかはし泌尿器科,大分市大字寒田１０５４番地の１,097-569-8039,医療法人たかはし泌尿器科　理事長　髙橋　真一,髙橋　真一,一般　ひ　内　人工透析内科　消化器内科　皮　リハ,,令3. 6. 1,kyushu/000491322.zip
診療所,44,0123196,すみ循環器内科クリニック,大分市下郡南一丁目３番７号,097-504-7700,医療法人　和紘会　理事長　隅　邦,隅　邦,循環器内科　内　呼内　糖尿病内科,,令3. 8. 24,kyushu/000491322.zip
診療所,44,0123204,いわさき耳鼻咽喉科,大分市花津留１丁目８番１号,097-574-6375,岩崎　太郎,岩崎　太郎,耳い　小児耳鼻咽喉科,,令3. 11. 1,kyushu/000491322.zip
診療所,44,0123238,あきこ皮フ科クリニック,大分市東大道１丁目３番１号　アクロスプラザ大分駅南２階,097-554-4111,医療法人ＡＳＣ　　理事長　日野　亜希子,伊藤　亜希子,皮膚科　美容皮膚科,,令3. 12. 1,kyushu/000491322.zip
診療所,44,0123246,かみだ脳神経クリニック,大分市大字鴛野１０２８番地１,097-567-1177,医療法人かみだ脳神経クリニック　理事長　上田　徹,上田　徹,脳外　神内　リハ,,令3. 12. 1,kyushu/000491322.zip
病院,44,0123253,河野脳神経外科病院,大分市大字森町字花ノ木通５１１－１,097-521-2000,医療法人久真会　理事長　河野　義久,河野　義久,一般　脳外　リハ,,令3. 12. 1,kyushu/000491322.zip
診療所,44,0123261,いしい産婦人科醫院,大分市下郡北三丁目４３４番地２,097-569-7770,医療法人アトリエ　理事長　石井　照和,石井　照和,一般　産婦,,令3. 12. 17,kyushu/000491322.zip
診療所,44,0123279,しみず在宅内科クリニック,大分市大字猪野８２２番地の１,097-521-3222,医療法人弘和会　　理事長　清水　英和,清水　英和,内　呼内,,令4. 1. 1,kyushu/000491322.zip
診療所,44,0123287,いいそらヒフ科クリニック,大分市東大道１－８－１５カサベルデ駅南２階,097-547-8673,医療法人ＧＯＯＤ　ＳＫＹ　理事長　佐藤　俊宏,佐藤　俊宏,皮,,令4. 1. 4,kyushu/000491322.zip
診療所,44,0123311,府内ハートフルクリニック,大分市府内町１丁目１番２０号　ＴＯＹビル２階,097-535-1155,吉良　さおり,吉良　さおり,心内　精,,令4. 4. 1,kyushu/000491322.zip
診療所,44,0123352,いざなみ診療所,大分市大字宮崎１３８５番地１　コーポ長岡２０２,097-535-8022,一般社団法人鳳山会　代表理事　山本　壮一郎,山本　壮一郎,内　外,,令4. 4. 1,kyushu/000491322.zip
診療所,44,0123386,すみれレディースクリニック,大分市中央町１－３－１２大一マートビル２Ｆ,097-578-9599,松山　聖,松山　聖,婦　内,,令4. 4. 1,kyushu/000491322.zip
診療所,44,0123402,にしお呼吸器内科・アレルギークリニック,大分市大字駄原２８８１番地８２,097-529-7722,西尾　末広,西尾　末広,内　呼吸器内科　アレ,,令4. 10. 1,kyushu/000491322.zip
診療所,44,0123428,はまさきクリニック,大分市東大道２丁目３番１６号,097-546-1230,濵﨑　一,濵﨑　一,リウ　内　婦,,令4. 12. 1,kyushu/000491322.zip
診療所,44,0123444,わだ内科・胃と腸クリニック,大分市津守１７６番１号,097-567-5005,医療法人和田医院　理事長　和田　哲哉,和田　哲哉,外　内　整外　消化器内科　リハ,,令5. 1. 1,kyushu/000491322.zip
診療所,44,0123469,つる皮ふ科医院,大分市中島西１丁目１番２４号中島ビル１Ｆ,097-536-2261,井上　寛子,井上　寛子,皮,,令5. 1. 1,kyushu/000491322.zip
診療所,44,0123477,そらみクリニック,大分市王ノ瀬２丁目１番２９号,097-560-2270,日髙　朝喜,日髙　朝喜,内　心内　呼内,,令5. 3. 1,kyushu/000491322.zip
診療所,44,0123485,久保田アネックスクリニック,大分市千歳１７７０番地５（有料老人ホーム陽だまりの丘４階）,097-503-2100,医療法人オムニス　理事長　久保田　義健,久保田　義健,内　外,,令5. 4. 1,kyushu/000491322.zip
診療所,44,0123501,ひの眼科・皮フ科,大分市高松１丁目１番１号,097-578-6301,医療法人ＡＳＣ　理事長　日野　亜希子,日野　翔太,眼　皮　美容皮膚科,,令5. 6. 1,kyushu/000491322.zip
診療所,44,0123527,ごとう内科・脳神経内科,大分市中央町２－５－３セントポルタビル２階,097-533-0066,後藤　恵,後藤　恵,内　脳神経内科　リハ,,令5. 10. 1,kyushu/000491322.zip
診療所,44,0123535,おかさんクリニック,大分市南鶴崎二丁目７番３４号,097-527-7733,一般社団法人斉治社　代表理事　岡　治道,岡　治道,ペインクリニック・整形外科　麻,,令6. 1. 1,kyushu/000491322.zip
診療所,44,0123543,かんたん在宅クリニック,大分市尼が瀬３丁目９９番１,097-578-6461,医療法人　如月会　理事長　秋月　真一郎,秋月　真一郎,内　精,,令6. 1. 1,kyushu/000491322.zip
病院,44,0123550,大分中村病院,大分市舞鶴町一丁目４番１号,097-536-5050,社会医療法人恵愛会　理事長　中村　太郎,七森　和久,一般　整外　脊椎外科　手外科　外　脳外　内　呼内　循環器内科　消化器内科　糖尿病内科　腎臓内科　腫瘍外科　緩和ケア内科　形外　ひ　リハビリテーション科　骨盤底リハビリテーション科　肛門外科　リウ　心外　婦　放　麻　皮,260,令6. 1. 1,kyushu/000491322.zip
診療所,44,0123568,大分メンタルクリニック,大分市中央町２丁目７番２２号ピアッツァ・ドゥオーモ２Ｆ（２０２号）,097-538-7155,医療法人社団青樹会　理事長　荒木　康夫,荒木　康夫,精　心内,,令6. 4. 1,kyushu/000491322.zip
診療所,44,0123576,ほんだ肝臓・胃腸内科クリニック,大分市森町５０１－１,097-578-7488,医療法人緑生会　理事長　本田　浩一,本田　浩一,内　肝臓内科　胃腸内科　内視鏡内科,,令6. 3. 1,kyushu/000491322.zip
診療所,44,0123584,ヒカリノ診療所,大分市大字寒田９４４番地３　芝崎ビル１階１０１号,097-504-7755,医療法人輝彩　理事長　平山　匡史,平山　匡史,内,,令6. 3. 1,kyushu/000491322.zip
診療所,44,0123592,石和こどもクリニック,大分市羽屋一丁目５番７号,097-573-6655,石和　翔,石和　翔,小,,令6. 4. 1,kyushu/000491322.zip
診療所,44,0123600,大分府内レディースクリニック,大分市府内町２丁目３番３０号,097-535-1060,医療法人宥和会　理事長　嶺　真一郎,嶺　真一郎,一般　婦　内,,令6. 5. 1,kyushu/000491322.zip
診療所,44,0123618,丸井整形外科医院,大分市東鶴崎一丁目６番２３号,097-522-2245,医療法人　俊進会　理事長　丸井　研吾,丸井　研吾,整外　リハ　リウ,,令6. 5. 1,kyushu/000491322.zip
診療所,44,0123626,銀座美容クリニック　大分院,大分市金池町２丁目１番１９号大分駅前ビル５Ｆ,097-578-9906,医療法人　ｔｗｉｎｋｌｅ　理事長　古川　祐太朗,古川　祐太朗,内　循環器内科　形外　美容皮膚科　美外　皮,,令6. 4. 30,kyushu/000491322.zip
診療所,44,0123634,伊東ホスピスケアクリニック,大分市顕徳町２丁目２－１７,097-547-9005,伊東　威,伊東　威,緩和ケア内科　外,,令6. 9. 1,kyushu/000491322.zip
診療所,44,0123659,おおつか内科クリニック,大分市大字横田７５番地１,097-574-6020,大塚　雄一郎,大塚　雄一郎,消化器内科　内視鏡内科　内,,令6. 10. 1,kyushu/000491322.zip
診療所,44,0123667,そまだ胃腸内科クリニック,大分市王子中町４－１,097-576-8751,杣田　真一,杣田　真一,消化器内科　内,,令6. 11. 1,kyushu/000491322.zip
診療所,44,0123675,ひらかわ産婦人科医院,大分市横塚２丁目４番５号,097-592-1000,医療法人　去定会　理事長　平川　東望子,平川　東望子,一般　産　婦,15,令6. 9. 1,kyushu/000491322.zip
病院,44,0123683,諏訪の杜病院,大分市大字鴛野１１８番地の１,097-502-1277,医療法人光心会　理事長　武居　光雄,武居　光雄,一般　内　外　循環器内科　リハ　整外　腎臓内科　人工透析内科　ひ　放　血液内科　消化器内科　呼内　脳外　神内　形外　皮　肝臓内科　心外　アレ　心内　精,100,令6. 10. 1,kyushu/000491322.zip
診療所,44,0123691,あそう在宅クリニック,大分市大字中戸次５９２７－３　サンレークビル２Ｆ,097-597-6123,医療法人　支生会　理事長　麻生　哲郎,麻生　哲郎,内,,令7. 1. 1,kyushu/000491322.zip
診療所,44,0123709,ひらかわ美容診療所,大分市横塚２丁目１８１番地,097-574-7901,医療法人去定会　理事長　平川　東望子,内田　美央,美容皮膚科　美容内科,,令7. 4. 1,kyushu/000491322.zip
診療所,44,0123717,いしかわ皮ふ科・形成外科　下郡院,大分市大字下郡３０５５番地の８,097-594-5551,医療法人石川会　理事長　石川　正,石川　正,皮　形外　美容皮ふ科,,令7. 4. 21,kyushu/000491322.zip
診療所,44,0123725,緒方クリニック,大分市賀来北１丁目１８番５号,097-586-5666,医療法人緒方クリニック　理事長　緒方　良治,緒方　良治,麻　循　呼,,令7. 2. 1,kyushu/000491322.zip
診療所,44,0123733,社会医療法人関愛会直耕団吉野診療所,大分市大字奥３１番地,097-595-0011,社会医療法人関愛会　理事長　増永　義則,西村　卓三,内　リハ,,令7. 2. 1,kyushu/000491322.zip
診療所,44,0123741,医療法人　せきぐち赤ちゃんこどもクリニック,大分市高松１丁目１番２号,097-589-8150,医療法人せきぐち赤ちゃんこどもクリニック　理事長　関口　和人,関口　和人,小　アレ　新生児内科,,令7. 3. 1,kyushu/000491322.zip
診療所,44,0123758,にしだ漢方内科・レディースクリニック,大分市金池南１丁目９－１９,097-546-6636,西田　欣広,西田　欣広,内　和漢　産婦　女性内科　性感染症内科　心内,,令7. 6. 2,kyushu/000491322.zip
診療所,44,0123766,うるる女性クリニック,大分市庄境４番１０号,097-529-8177,岡田　さおり,岡田　さおり,婦,,令7. 6. 1,kyushu/000491322.zip
診療所,44,0123774,大分整形金池診療所リハランド,大分市金池町３丁目１番７７号,097-536-1381,医療法人一信会　理事長　木田　吉城,木田　吉城,一般　整外　リハ　麻,,令7. 4. 1,kyushu/000491322.zip
診療所,44,0123782,大嶋医院,大分市竹中２６６６番地,097-597-0015,社会医療法人帰巖会　理事長　首藤　治,松尾　則義,一般　内　胃腸内科　神内　外　整外　リハ　麻,,令7. 4. 1,kyushu/000491322.zip
診療所,44,0123790,かつた内科・内視鏡クリニック,大分市大字毛井２４５番地１,097-524-6888,医療法人碩翠会　理事長　勝田　猛,勝田　猛,内　消化器内科,,令7. 5. 1,kyushu/000491322.zip
診療所,44,0123808,なかがわ柳通りクリニック,大分市高松２丁目６番１０号,097-504-0055,医療法人中川会　理事長　中川　健士,中川　健士,内　心内　小　精　美容内科　美容皮膚科,,令7. 6. 1,kyushu/000491322.zip
診療所,44,0123816,桜レディースクリニック大分駅前,大分市中央町２丁目１番１７号ブンゴヤ薬局本社ビル４Ｆ,097-529-8660,医療法人　新明会　理事長　室　康治,軸丸　三枝子,産婦,,令7. 9. 1,kyushu/000491322.zip
病院,44,0123824,大分記念病院,大分市羽屋二丁目５番１０号,097-543-5005,医療法人大分記念病院　理事長　末友　仁,向井　豊,一般　療養　内　循環器内科　血管外科　消化器内科　血液内科　糖尿病内科　代謝内科　人工透析内科　呼内　リウ　リハ　整外,,令7. 7. 1,kyushu/000491322.zip
診療所,44,0123832,駅南リンパ浮腫クリニック,大分市東大道２丁目３番４５号,097-529-6366,社会医療法人財団　天心堂　理事長　河村　忠雄,唐原　和秀,内,,令7. 10. 1,kyushu/000491322.zip
診療所,44,0123840,松亀クリニック,大分市南春日町２番３０号　コーポ大塚Ⅰ,097-589-8306,一般社団法人黄仁会　代表理事　小浦　貴大,藤倉　義久,内　精　皮,,令7. 8. 1,kyushu/000491322.zip
診療所,44,0123857,ぺんぎんメンタルクリニック,大分市仲西町１－６－１２,097-576-9377,白坂　沙依,白坂　沙依,精　心内　内　小,,令7. 8. 1,kyushu/000491322.zip
診療所,44,0123865,おおいたペインクリニック,大分市大字玉沢６９６番地の４,097-594-5500,山本　俊介,山本　俊介,ペインクリニック内科　ペインクリニック外科　麻,,令7. 11. 1,kyushu/000491322.zip
診療所,44,0123873,Ｌｅｔ‘ｓ　クリニック！大分,大分市明野東一丁目２３４５番地あけのアクロスタウン弐番街２階,097-529-5715,医療法人　大分桜十字　理事長　秋篠　宏介,秋篠　宏介,内　形外　リハ,,令7. 11. 1,kyushu/000491322.zip
診療所,44,0123881,わきさかクリニック　循環器内科・内科,大分市森町西１丁目１－２,097-594-8160,脇坂　収,脇坂　収,内　循環器内科,,令7. 12. 1,kyushu/000491322.zip
診療所,44,0123899,みかん皮ふ科,大分市萩原１丁目１９－３５,097-594-1255,阿部　亜希子,阿部　亜希子,皮,,令8. 3. 1,kyushu/000491322.zip
診療所,44,0123915,ルナレディースクリニック,大分市大字毛井２７９番地１,097-529-8033,医療法人アトリエ　理事長　石井　照和,井上　尚実,婦,,令8. 4. 1,kyushu/000491322.zip
病院,44,0123949,むねむら大腸肛門病院,大分市古国府六丁目３番１０号,097-547-1115,医療法人社団　宗村会　理事長　宗村　忠信,宗村　忠信,一般　肛門外科　肛門内科　胃腸外科　胃腸内科　消化器外科　消化器内科　外　内　麻　大腸内視鏡内科　胃腸内視鏡内科,,令8. 2. 2,kyushu/000491322.zip
診療所,44,0123956,やまだ内科・内視鏡クリニック,大分市日吉町１７番３７号,097-529-6656,山田　訓也,山田　訓也,内　消化器内科　内視鏡内科　肛門内科,,令8. 6. 1,kyushu/000491322.zip
診療所,44,0123964,大分東耳鼻咽喉科,大分市大字猪野１０７６番地,097-574-6433,医療法人　ｅｎ　理事長　森山　宗仁,森山　宗仁,耳い　アレ　小児耳鼻咽喉科　頭頸部外科,,令8. 4. 1,kyushu/000491322.zip
病院,44,0123972,社会医療法人関愛会　大東よつば病院,大分市大字横尾南番出１１７－１,097-520-3555,社会医療法人関愛会　理事長　増永　義則,立川　洋一,一般　一般　内　循環器内科　呼内　リハ　血液内科,60,令8. 4. 1,kyushu/000491322.zip
診療所,44,0123980,前島リウマチ内科クリニック,大分市大字三芳２０４９番地１,097-513-7123,医療法人　向有会　理事長　前島　圭佑,前島　圭佑,内　リウ,,令8. 5. 2,kyushu/000491322.zip
病院,44,0210084,国家公務員共済組合連合会新別府病院,別府市鶴見二丁目８番３０号,0977-22-0391,国家公務員共済組合連合会　理事長　松元　崇,三股　浩光,一般　内　内分泌・代謝内科　肝臓内科　消化器内科　脳神経内科　呼内　消化器外科　循環器内科　外　呼外　整外　脳外　ひ　肛門外科　リハ　放　心外　麻　眼　リウ　救急科　腎臓内科　婦　病理,263,昭35. 9. 1,kyushu/000491322.zip
病院,44,0210654,中村病院,別府市秋葉町８番２４号,0977-23-3121,医療法人恵愛会　理事長　中村　英助,中村　英助,一般　療養　整外　外　ひ　内　消化器内科　糖尿病内科　血液内科　消化器外科　呼内　循環器内科　肛門外科　皮　形外　リハ　麻,108,昭35. 10. 1,kyushu/000491322.zip
病院,44,0211256,大分県厚生連鶴見病院,別府市緑丘町１２番１号,0977-23-7111,大分県厚生農業協同組合連合会　代表理事理事長　垣迫　秀明,加賀　明彦,一般　一般（感染）　内　呼内　循環器内科　消化器内科　血液内科　腫瘍内科　肝臓内科　糖尿病・代謝内科　人工透析内科　腎臓内科　腎臓外科　消化器外科　肝臓・胆のう・膵臓外科　血管外科　内視鏡外科　緩和ケア外科　乳腺外科　小　外　呼外　肛門外科　整外　脳外　形外　ひ　眼　麻　リハ　放射線診断科　放射線治療科　病理診断科　救急科　神内,230,昭36. 8. 1,kyushu/000491322.zip
病院,44,0211306,別府中央病院,別府市北的ケ浜町５番１９号,0977-24-0001,医療法人博愛会（社団）　理事長　内田　一郎,田村　洋一,一般　療養　内　糖尿病・内分泌代謝内科　腎臓内科（人工透析）　外　脳外　整外　肛門外科　リハ　循環器内科　呼内　消化器内科（内視鏡）　眼　形外,,昭37. 1. 1,kyushu/000491322.zip
病院,44,0211470,別府温泉病院,別府市大字野田２２―１,0977-67-1131,医療法人社団洗心会　理事長　菊池　宏,菊池　宏,一般　整外　リハ　内　循環器内科,,昭39. 2. 1,kyushu/000491322.zip
病院,44,0211496,向井病院,別府市堀田町２０番１３号,0977-23-0241,医療法人慈愛会　理事長　向井　正樹,向井　正樹,精神　精　内　心内　整外,188,昭38. 10. 18,kyushu/000491322.zip
病院,44,0212098,黒木記念病院,別府市照波園町１４番２８号,0977-67-1211,医療法人社団春日会　理事長　黒木　健伍,深田　健治,一般　療養　整外　リウ　リハ　内　消化器内科　循環器内科　呼内　外　麻　放　皮　神内　精　脳外,114,昭44. 8. 1,kyushu/000491322.zip
病院,44,0212296,別府発達医療センター,別府市荘園町６６番４４号,0977-22-4185,社会福祉法人別府発達医療センター　理事長　福永　拙,福永　拙,一般　整外　小　リハ　麻　内　耳い　精　児童精神科　歯,120,昭47. 6. 1,kyushu/000491322.zip
病院,44,0212403,農協共済別府リハビリテーションセンター,別府市大字鶴見字中山田１０２６番１０,0977-67-1711,社会福祉法人　農協共済別府リハビリテーションセンター　理事長　髙田　政志,青野　只明,療養　リハ,116,昭48. 4. 1,kyushu/000491322.zip
病院,44,0213047,山本病院,別府市光町１４番３号,0977-22-0131,医療法人山本記念会　理事長　山本　隆正,山本　隆正,精神　精　睡眠障害・心療内科　内,234,昭56. 7. 1,kyushu/000491322.zip
診療所,44,0213328,古城循環器クリニック,別府市石垣東６丁目３番２４号,0977-25-3811,医療法人社団正央会　理事長　古城　正人,古城　顕央,一般　循　内,,昭63. 1. 1,kyushu/000491322.zip
病院,44,0213351,鶴見台病院,別府市荘園町６６番２７号,0977-22-0336,医療法人哲世会　理事長　山本　正史,山本　正史,精神　精　心内　内,157,昭63. 7. 1,kyushu/000491322.zip
診療所,44,0213369,村上脳神経内科クリニック,別府市山の手町１４番３０号,0977-26-1717,医療法人社団村上神経内科クリニック　理事長　村上　俊一,久保　郁子,一般　脳内　内　リハ,,昭63. 7. 1,kyushu/000491322.zip
病院,44,0213419,別府湾腎泌尿器病院,別府市北石垣深町８５１番地,0977-66-4111,医療法人別府玄々堂　理事長　花岡　雅秀,佐藤　文憲,一般　ひ　内　循環器内科　糖尿病内科　婦　麻　リハ　放,,平元. 6. 1,kyushu/000491322.zip
診療所,44,0213443,吉武内科医院,別府市扇山五丁目２番１０号,0977-21-5755,医療法人基尚会　理事長　吉武　基之,吉武　基之,内　循,,平元. 9. 1,kyushu/000491322.zip
診療所,44,0213450,武井医院,別府市幸町１１番２０号,0977-24-3411,医療法人武井医院　理事長　武井　雅典,武井　雅典,一般　内　外,,平元. 9. 1,kyushu/000491322.zip
診療所,44,0213476,垣迫内科医院,別府市松原町６番１２号,0977-23-8131,垣迫　真一,垣迫　真一,内　漢方内科　神内,,平元. 8. 25,kyushu/000491322.zip
診療所,44,0213484,北崎医院,別府市青山町７ー６５,,医療法人北崎医院　理事長　北﨑　恭一郎,北﨑　恭一郎,一般　療養　内　消,,平元. 11. 1,kyushu/000491322.zip
診療所,44,0213492,安倍内科医院,別府市大字鶴見９３６番地の１,,医療法人安倍内科医院　理事長　安倍　哲,安倍　哲,一般　内　糖尿病内科　循環器内科,,平元. 11. 1,kyushu/000491322.zip
病院,44,0213526,内田病院,別府市末広町３番１号,0977-21-1341,医療法人博慈会　理事長　内田　明宏,内田　明宏,一般　療養　内　消化器内科　循環器内科　内視鏡内科　糖尿病内科　血液内科　呼内　整外　外　リハ　皮　アレ　放射線診断科　麻,,平元. 12. 1,kyushu/000491322.zip
診療所,44,0213534,局医院,別府市南荘園町２９番５４号,,局　敏郎,局　敏郎,内,,平2. 2. 1,kyushu/000491322.zip
診療所,44,0213542,河野小児科医院,別府市石垣西７丁目８番１０号,0977-22-4429,河野　幸治,河野　幸治,小,,平2. 7. 27,kyushu/000491322.zip
診療所,44,0213559,医療法人三和会　馬場医院,別府市南立石公園町２９番２号,0977-23-2833,医療法人三和会馬場医院　理事長　馬場　欽也,馬場　欽也,一般　外　内,,平3. 1. 1,kyushu/000491322.zip
診療所,44,0213617,横井内科クリニック,別府市鶴見園町１番１号,0977-26-6111,横井　忠滋,横井　忠滋,内　呼　循,,平4. 9. 1,kyushu/000491322.zip
診療所,44,0213625,松井小児科医院,別府市大畑町３番３７号,0977-24-1911,医療法人松井小児科医院　理事長　松井　祐治,松井　祐治,小　内　アレ,,平4. 10. 1,kyushu/000491322.zip
診療所,44,0213658,うちくら内科,別府市大字鶴見２６４６番地の１,0977-21-5750,医療法人正仁会　理事長　内倉　正史,内倉　正史,一般　内　胃腸内科　循環器内科　消化器内科　呼内,,平5. 4. 1,kyushu/000491322.zip
病院,44,0213708,畑病院,別府市中島町１４番２２号,0977-21-1371,医療法人社団仁泉会　理事長　畑　洋一,畑　洋一,一般　内　循環器内科　呼内　消化器内科　リウ　整外　心内　リハ　眼,,平5. 11. 1,kyushu/000491322.zip
診療所,44,0213724,牧野リウマチ整形外科クリニック,別府市船小路町２番３６号,,医療法人紀泉会　理事長　牧野　晋哉,牧野　晋哉,整外　リハ　リウ,,平6. 5. 1,kyushu/000491322.zip
診療所,44,0213799,宮崎クリニック,別府市亀川東町２７番３７号,0977-66-0022,医療法人社団宮崎クリニック　理事長　宮崎　弘,宮崎　弘,呼　外　循,,平7. 6. 1,kyushu/000491322.zip
診療所,44,0213807,岡嶋医院,別府市元町１６番９号,0977-22-0774,大薮　久憲,大薮　久憲,一般　内　胃　外　こう　リハ,,平7. 7. 11,kyushu/000491322.zip
診療所,44,0213849,鳴海クリニック,別府市楠町１４番８号,0977-23-5841,医療法人社団鳴海クリニック　理事長　鳴海　賢二,鳴海　賢二,消化器内科　内　外　皮,,平8. 12. 1,kyushu/000491322.zip
診療所,44,0213872,吉賀循環器内科,別府市大字鉄輪１６３番地,0977-66-0115,吉賀　攝,吉賀　攝,一般　内　呼　循,,平9. 5. 1,kyushu/000491322.zip
診療所,44,0213989,渡部内科循環器科クリニック,別府市末広町６番３１号,0977-23-5800,医療法人社団純優会　理事長　渡部　純郎,渡部　純郎,循　内,,平10. 7. 1,kyushu/000491322.zip
診療所,44,0214003,松本小児科医院,別府市北浜２丁目５番５号,0977-23-5215,医療法人松本小児科医院　理事長　松本　重孝,松本　重孝,一般　小　内,,平10. 12. 1,kyushu/000491322.zip
診療所,44,0214037,亀川精神保健クリニック,別府市亀川浜田町３組,0977-27-7500,柳田　尚穂,柳田　尚穂,精,,平11. 4. 1,kyushu/000491322.zip
診療所,44,0214052,金子内科医院,別府市石垣東１丁目７番２７号,0977-25-5755,医療法人啓辰会　理事長　金子　啓二,金子　啓二,一般　内,,平11. 4. 1,kyushu/000491322.zip
診療所,44,0214078,にしむら皮ふ科医院別府診療所,別府市石垣東八丁目５番２１号,0977-24-5800,医療法人にしむら皮ふ科医院　理事長　西村　正幸,浦田　保志,皮,,平11. 6. 1,kyushu/000491322.zip
診療所,44,0214086,あべ消化器・内科クリニック,別府市新別府町３１番１５号,0977-27-5055,安部　康二,安部　康二,内　消,,平11. 7. 1,kyushu/000491322.zip
診療所,44,0214094,青山整形外科クリニック,別府市山の手町１６番１４号,,医療法人青山整形外科クリニック　理事長　内田　六郎,内田　六郎,一般　整外　リハ　内　外,,平11. 6. 1,kyushu/000491322.zip
診療所,44,0214151,さとう皮膚科,別府市田の湯町１５－４,0977-23-3033,佐藤　博一,佐藤　博一,皮,,平12. 4. 1,kyushu/000491322.zip
診療所,44,0214169,木下医院,別府市上田の湯町１番７号,0977-24-1849,木下　晴之,木下　晴之,一般　内　外　ひ　こう　眼　胃,,平12. 3. 6,kyushu/000491322.zip
病院,44,0214177,石垣病院,別府市実相寺町２６番１１号,0977-66-7557,医療法人顕秀会　理事長　山本　記顯,松川　秀,一般　呼内　呼外　消化器内科　外　消化器外科　内視鏡外科　循環器内科　アレ　麻　心外　リハ,,平12. 4. 1,kyushu/000491322.zip
診療所,44,0214185,福田内科医院,別府市石垣東３丁目４番１２号,0977-25-2250,医療法人福田会　理事長　福田　仁,福田　仁,一般　内　糖尿病内科　肝臓内科　消化器内科　胃腸内科,,平12. 12. 1,kyushu/000491322.zip
病院,44,0214201,児玉病院,別府市亀川四の湯町５番１９号,0977-67-1611,医療法人聡明会　理事長　川本　洋,衛藤　宏,一般　療養　内　循環器内科　呼内　消化器内科　心内　リウ　リハ　腎臓内科,,平13. 1. 1,kyushu/000491322.zip
診療所,44,0214235,堀循環器科内科クリニック,別府市亀川浜田町２番６３号アルウィン・コート亀川１Ｆ,0977-27-6786,堀　秀史,堀　秀史,内　循環器内科　呼内,,平13. 6. 1,kyushu/000491322.zip
診療所,44,0214250,原嶋内科医院,別府市荘園町６６番４２号,0977-23-5261,原嶋　文治,原嶋　文治,一般　内　呼内　アレ　リハ,,平13. 10. 1,kyushu/000491322.zip
診療所,44,0214292,諌山整形外科医院,別府市南荘園町４５番１０号,0977-23-1380,医療法人哲仁会　理事長　諌山　哲郎,諌山　哲郎,整外　リハ　リウ,,平13. 12. 1,kyushu/000491322.zip
診療所,44,0214300,北浜眼科クリニック,別府市北浜１丁目１３－１１,0977-22-5560,大藪　由布子,大藪　由布子,眼,,平14. 4. 1,kyushu/000491322.zip
診療所,44,0214318,飛田内科外科クリニック,別府市扇山一丁目１７番５号,0977-27-2000,飛田　公博,飛田　公博,内　外　胃　麻,,平14. 5. 1,kyushu/000491322.zip
診療所,44,0214334,医療法人清瞳会　岡田眼科医院,別府市楠町１番３２号,0977-25-1010,医療法人清瞳会　理事長　岡田　豊和,岡田　豊和,一般　眼,,平14. 5. 1,kyushu/000491322.zip
診療所,44,0214342,みなみメンタルクリニック,別府市鶴見三丁目１７番４５号,0977-22-0373,南　裕二,南　裕二,心内　精　神,,平14. 10. 1,kyushu/000491322.zip
診療所,44,0214359,渡医院,別府市光町４番１１号,0977-23-0564,医療法人渡医院　理事長　渡　千之,渡　千之,内　呼　循　消,,平14. 11. 1,kyushu/000491322.zip
病院,44,0214367,清瀬病院,別府市野口中町４番８号,0977-25-1555,医療法人清栄会　理事長　清瀬　善一郎,白石　憲男,一般　外　内　循環器内科　人工透析内科　消化器内科　糖尿病内科　腎臓内科,,平14. 11. 1,kyushu/000491322.zip
診療所,44,0214383,矢田こどもクリニック,別府市石垣東４丁目５番４号,0977-22-9557,医療法人社団ふたば会　理事長　矢田　公裕,矢田　公裕,小　アレ　精神科（児童）　小児循環器内科,,平15. 5. 1,kyushu/000491322.zip
診療所,44,0214391,かめがわ耳鼻咽喉科,別府市亀川四の湯町９番１号,0977-27-8733,医療法人聡明会　理事長　川本　洋,川本　洋,耳い,,平15. 7. 1,kyushu/000491322.zip
診療所,44,0214409,ヒロセ内科医院,別府市駅前本町５番２３号,0977-21-3030,医療法人メディ・キューブ　理事長　平川　真帆,平川　真帆,一般　療養　内　呼　消　循　リウ,,平15. 6. 1,kyushu/000491322.zip
診療所,44,0214417,佐藤整形外科医院,別府市中央町８番２０号,0977-25-0022,佐藤　倫一郎,佐藤　倫一郎,一般　整外　リハ,,平15. 6. 1,kyushu/000491322.zip
病院,44,0214474,朝見病院,別府市朝見１丁目２３番２８号,0977-22-0036,医療法人寺岡会　理事長　寺岡　佳子,高司　久,精神　精　心内　内,,平16. 6. 1,kyushu/000491322.zip
診療所,44,0214482,こだま脳神経外科クリニック,別府市石垣東８－２－３５,0977-22-0272,児玉　晋一,児玉　晋一,脳外　神内,,平16. 7. 1,kyushu/000491322.zip
診療所,44,0214532,あおい産婦人科,別府市石垣東八丁目２番３１号,0977-25-0888,医療法人　あおい産婦人科　理事長　本多　和夫,本多　和夫,一般　産　婦,,平18. 1. 1,kyushu/000491322.zip
診療所,44,0214581,千馬内科医院,別府市楠町２番１７号,0977-21-0715,医療法人千馬内科医院　理事長　小松　賢市,小松　賢市,一般　療養　内　消　循　放　呼,,平18. 12. 1,kyushu/000491322.zip
診療所,44,0214607,別府駅前クリニック,別府市北浜１丁目３番１２号３階,0977-25-3030,医療法人メディ・キューブ　理事長　平川　真帆,平川　雅和,内　外　放　麻　消化器内科　呼内　美容皮膚科,,平19. 4. 1,kyushu/000491322.zip
診療所,44,0214631,おおさわクリニック,別府市富士見町１番７号,0977-27-0030,医療法人文浩会　理事長　大澤　直文,大澤　直文,内　外　胃　リハ　こう,,平19. 5. 1,kyushu/000491322.zip
診療所,44,0214649,くらた医院,別府市堀田町２１番５２号,0977-27-3227,医療法人別府ガーデンヒルクリニック　理事長　倉田　荘太郎,倉田　荘太郎,美外　形外　皮膚科　美容皮膚科,,平19. 7. 1,kyushu/000491322.zip
診療所,44,0214664,藤吉乳腺クリニック,別府市東荘園４丁目１０―４,0977-75-6029,藤吉　健児,藤吉　健児,乳腺外科　外,,平20. 5. 1,kyushu/000491322.zip
診療所,44,0214680,耳鼻咽喉科しげみ医院,別府市東荘園二丁目１３番３２号,0977-27-3387,重見　英男,重見　英男,耳い　アレ,,平21. 1. 9,kyushu/000491322.zip
診療所,44,0214698,アロハ　クリニック,別府市鶴見三丁目２５番２１号クレイン２１　１０１号,0977-26-2366,古田　栄一,古田　栄一,内　皮　アレ,,平21. 6. 1,kyushu/000491322.zip
診療所,44,0214706,しまざき耳鼻咽喉科,別府市大畑町６番３８号,0977-75-8733,嶋﨑　敏樹,嶋﨑　敏樹,耳い　アレ,,平21. 6. 1,kyushu/000491322.zip
診療所,44,0214714,右田眼科,別府市石垣西七丁目８番１９号,0977-21-9111,医療法人　杏水会　理事長　右田　雅義,右田　雅義,一般　眼,,平21. 5. 1,kyushu/000491322.zip
診療所,44,0214730,別府市医師会地域保健センター,別府市西野口町１５－３３,0977-23-2277,一般社団法人別府市医師会　会長　岡田　豊和,國東　信隆,小　内　婦　放,,平22. 12. 1,kyushu/000491322.zip
診療所,44,0214748,さかい内科医院,別府市大畑町２４番１２号,,医療法人さかい内科医院　理事長　境　隆暢,境　隆暢,一般　療養　内　胃腸内科　消化器内科　糖尿病内科　放,,平23. 1. 1,kyushu/000491322.zip
病院,44,0214755,医療法人百善会　村橋病院,別府市千代町２番５号,0977-23-3231,医療法人財団百善会　理事長　村橋　弘喜,村橋　弘喜,一般　療養　内　消化器内科　呼内　リウ　神内　リハ　アレ,,平23. 4. 1,kyushu/000491322.zip
診療所,44,0214789,末宗内科医院,別府市上田の湯町１３番３号,0977-22-1824,末宗　康宏,末宗　康宏,内　消化器内科　呼内,,平24. 3. 2,kyushu/000491322.zip
診療所,44,0214797,たなか乳腺・外科・内科クリニック,別府市中央町８－３０,,田中　文明,田中　文明,一般　乳腺外科　外　内,,平24. 4. 1,kyushu/000491322.zip
診療所,44,0214813,ミヨシ医院,別府市石垣西２丁目３番３０号,0977-25-2727,医療法人　怜知会　理事長　小川　武彦,身　隆雄,内　リウ　アレ　皮　ひ,,平25. 5. 1,kyushu/000491322.zip
診療所,44,0214821,しん整形外科リハビリテーション＆スポーツクリニック,別府市東荘園二丁目１３番１４号,0977-23-4976,医療法人　彩翔会　理事長　秦　祥彦,秦　祥彦,整外　リハ,,平25. 5. 1,kyushu/000491322.zip
病院,44,0214839,野口病院,別府市青山町７番５２号,0977-21-2151,医療法人　野口記念会（財団）　理事長　野口　靖志,野口　仁志,一般　内　外　耳い　放　麻　病理,116,平25. 5. 1,kyushu/000491322.zip
診療所,44,0214847,中村たかクリニック,別府市新港町１－３０,0977-26-2220,医療法人　結の里　理事長　中村　恭世,中村　恭世,内　女性内科　胃腸内科　乳腺外科,,平25. 7. 1,kyushu/000491322.zip
診療所,44,0214854,かめがわ皮膚科,別府市亀川四の湯町５番１７号,0977-67-4871,医療法人　聡明会　理事長　川本　洋,文　明徳,皮,,平25. 11. 1,kyushu/000491322.zip
診療所,44,0214862,平井整形外科医院,別府市田の湯町９－１６,0977-24-1511,平井　良昌,平井　良昌,整外　リウ　リハ,,平25. 9. 30,kyushu/000491322.zip
診療所,44,0214896,明石Ｍクリニック,別府市御幸９組,0977-76-5270,明石　光伸,明石　光伸,内,,平26. 10. 1,kyushu/000491322.zip
診療所,44,0214912,たにぐち糖尿病内科クリニック,別府市東荘園一丁目６番２号リバーサイドハイツ荘園１Ｆ,0977-21-7373,医療法人　たにぐち糖尿病内科クリニック　理事長　谷口　晋,谷口　晋,糖尿病内科　内,,平26. 12. 1,kyushu/000491322.zip
診療所,44,0214920,なごみ診療所,別府市山の手町９番３９号,0977-22-1580,医療法人　心和会　理事長　向井　史孝,向井　史孝,内　呼内,,平26. 12. 1,kyushu/000491322.zip
診療所,44,0214938,おおいし皮フ科クリニック,別府市石垣東３丁目１番３４号,0977-76-5688,大石　正樹,大石　正樹,皮　美容皮膚科,,平27. 4. 1,kyushu/000491322.zip
診療所,44,0214961,久保田クリニック,別府市石垣東十丁目４番１７号,0977-25-6363,医療法人　オムニス　理事長　久保田　義健,久保田　義健,一般　内　胃腸内科　循環器内科　外　肛門外科　リハ　心外,,平27. 8. 1,kyushu/000491322.zip
診療所,44,0214987,久保おなか・おしりクリニック,別府市石垣東３丁目５番１５号,0977-23-2211,久保　宣博,久保　宣博,消化器外科　消化器内科　内　外　胃腸外科　胃腸内科　肛門外科　肛門内科,,平27. 11. 1,kyushu/000491322.zip
診療所,44,0214995,安部第一医院,別府市上野口町３番４０号,0977-23-3345,医療法人　安部第一医院　理事長　安部　明夫,安部　明夫,一般　内　神内　循環器内科　精,,平27. 12. 7,kyushu/000491322.zip
診療所,44,0215000,衛藤小児科医院,別府市荘園町３５番２号,0977-85-7881,衛藤　元寿,衛藤　元寿,小　心臓小児科,,平28. 3. 1,kyushu/000491322.zip
診療所,44,0215026,釘宮整形外科リハビリクリニック,別府市鶴見一丁目２４番８６号,0977-27-8838,医療法人　真成会　理事長　釘宮　基泰,釘宮　基泰,整外　リハ,,平28. 6. 1,kyushu/000491322.zip
病院,44,0215059,医療法人財団親幸会　浜脇記念病院,別府市浜脇１丁目６－２１,0977-22-2228,医療法人財団親幸会　理事長　田代　幹雄,田代　幹雄,療養　内　循環器内科　皮　リハ,,平28. 9. 1,kyushu/000491322.zip
診療所,44,0215067,つねとみ内科胃腸科クリニック,別府市大字北石垣１０３６番地７,0977-67-3600,医療法人つねとみクリニック　理事長　常富　亘人,常富　亘人,内　胃腸内科,,平28. 12. 1,kyushu/000491322.zip
診療所,44,0215075,古城小児科医院,別府市上人仲町４－２２,0977-67-5566,古城　昌展,古城　昌展,小,,平29. 1. 1,kyushu/000491322.zip
診療所,44,0215125,しもやま内科・循環器内科クリニック,別府市南荘園町４９番３２号,0977-24-0101,下山　信夫,下山　信夫,内　循環器内科　糖尿病内科　心臓血管内科,,平30. 7. 1,kyushu/000491322.zip
診療所,44,0215133,新森内科クリニック,別府市石垣東五丁目１番２５号,0977-25-5261,医療法人新森内科・歯科クリニック　理事長　新森　英長,新森　徳長,内　胃腸内科　循環器内科　呼内　腎臓内科,,平30. 6. 1,kyushu/000491322.zip
診療所,44,0215141,甲斐医院,別府市野口元町８番１０号,0977-22-0986,甲斐　雅成,甲斐　雅成,呼内　内,,平30. 11. 1,kyushu/000491322.zip
診療所,44,0215174,大分先端画像診断センター,別府市大字北石垣８１１番地の５,0977-66-4116,医療法人ＯＤＩＣ　理事長　友成　健一朗,友成　健一朗,放　内　神内,,平30. 12. 1,kyushu/000491322.zip
診療所,44,0215182,医療法人餅ヶ浜医院,別府市餅ヶ浜町５番３９号,0977-23-5365,医療法人餅ヶ浜医院　理事長　工藤　亮,工藤　亮,内　外　胃腸内科　リハ,,平31. 1. 1,kyushu/000491322.zip
診療所,44,0215190,児玉耳鼻咽喉科クリニック,別府市北浜２丁目４－９,0977-25-8152,医療法人児玉耳鼻咽喉科クリニック　理事長　児玉　公彦,児玉　悟,一般　耳い　気食　アレ　麻,,平31. 4. 1,kyushu/000491322.zip
診療所,44,0215208,高橋内科医院,別府市朝見１丁目２－１７,0977-21-3151,高橋　欽哉,高橋　欽哉,精神科　老年精神科　心内　内,,令2. 2. 17,kyushu/000491322.zip
診療所,44,0215216,いとう循環器・麻酔科クリニック,別府市石垣西７丁目２１４７－１,0977-24-1002,医療法人いとう会　理事長　伊東　浩司,伊東　浩司,ペインクリニック内科　麻　呼　循環器内科　内　外　リハ,,令2. 5. 1,kyushu/000491322.zip
診療所,44,0215232,別府駅ゆのまち内科・胃と腸クリニック,別府市駅前町１２－１３,0977-76-8500,岩尾　俊昭,岩尾　俊昭,内　消化器内科　内視鏡内科,,令2. 12. 1,kyushu/000491322.zip
診療所,44,0215240,中山レディースクリニック,別府市石垣西４丁目１１１０番,0977-73-8800,中山　裕晶,中山　裕晶,婦,,令3. 5. 31,kyushu/000491322.zip
診療所,44,0215265,皮フ科　河野クリニック,別府市荘園町４１番８号,0977-85-8687,河野　秀郎,河野　秀郎,皮　美容皮膚科,,令3. 8. 2,kyushu/000491322.zip
診療所,44,0215273,高木眼科医院,別府市駅前町５番５号,0977-23-1230,髙木　真由,髙木　真由,眼,,令5. 1. 1,kyushu/000491322.zip
診療所,44,0215281,石川胃腸科医院,別府市東荘園五丁目９番１号,0977-21-5959,石川　健二,石川　健二,一般　内　外　胃腸内科　胃腸外科　肛門内科　肛門外科,,令4. 12. 28,kyushu/000491322.zip
診療所,44,0215299,べっぷ在宅・訪問クリニック,別府市荘園町４７番２７－３号　セスナビル,0977-76-5901,医療法人　大晴会　理事長　小手川　直史,加藤　明彦,内,,令5. 7. 1,kyushu/000491322.zip
診療所,44,0215307,荘園内科クリニック,別府市東荘園四丁目１１番１０号,0977-27-3800,医療法人優泉会　理事長　小畑　雅寛,小畑　雅寛,内　消化器内科,,令6. 2. 1,kyushu/000491322.zip
診療所,44,0215315,みなとクリニック,別府市東荘園二丁目１５１８番地の６,0977-22-2270,医療法人祥成会　理事長　谷脇　祥徳,谷脇　祥徳,眼,,令6. 7. 16,kyushu/000491322.zip
診療所,44,0215323,別府トキハクリニック,別府市北浜２丁目９番１号,0977-75-8878,福永　周司,福永　周司,内　外　心外　循環器内科,,令7. 1. 1,kyushu/000491322.zip
病院,44,0310207,村上記念病院,中津市諸町１７９９番地,0979-23-3333,医療法人杏林会　理事長　菊池　仁志,中山　吉福,一般　療養　内　循環器内科　消化器内科　老年内科　腎臓内科　人工透析内科　呼内　脳内　リハ　病理,,昭35. 10. 1,kyushu/000491322.zip
診療所,44,0311551,清松内科医院,中津市島田本町５番地,0979-22-0450,清松　敬司,清松　敬司,内,,昭60. 12. 1,kyushu/000491322.zip
診療所,44,0311635,髙椋クリニック,中津市大字上宮永２９９番地の３,0979-22-5470,医療法人健清会　理事長　髙椋　清,小野　弘,一般　療養　内　外　リハ,,平元. 6. 1,kyushu/000491322.zip
病院,44,0311643,中津胃腸病院,中津市大字永添５１０番地,0979-24-1632,医療法人社団中津胃腸病院　理事長　深野　昌宏,藍澤　哲也,一般　外　消化器外科　消化器内科　内　疼痛緩和内科　肛門外科　リハ　麻　形外,112,平元. 6. 1,kyushu/000491322.zip
病院,44,0311700,向心会　大貞病院,中津市大字中原８番地,0979-32-4512,医療法人向心会大貞病院　理事長　向笠　浩貴,向笠　浩貴,精神　精,136,平元. 11. 1,kyushu/000491322.zip
診療所,44,0311718,里見医院,中津市中央町１丁目８番３６号,,医療法人英然会　理事長　里見　隆彦,里見　隆彦,一般　療養　内　小　胃　呼　循　リハ,,平元. 11. 1,kyushu/000491322.zip
診療所,44,0311734,今石レディスクリニック,中津市片端町１３６３番地,0979-25-2222,医療法人宏仁会　理事長　今石　清久,今石　清久,一般　産婦　内,,平2. 2. 1,kyushu/000491322.zip
診療所,44,0311759,小路内科医院,中津市大字上宮永７４番地,0979-22-2360,医療法人高徳純眞会　理事長　小路　眞護,小路　眞護,一般　内　消　循　放　精,,平2. 9. 1,kyushu/000491322.zip
診療所,44,0311817,中津皮膚科,中津市中央町１丁目９番３６号,,医療法人澄心会　理事長　宮野　径彰,宮野　径彰,皮　アレ,,平3. 11. 1,kyushu/000491322.zip
病院,44,0311825,酒井病院,中津市中央町１丁目１番４３号,0979-22-0192,医療法人慈仁会　理事長　酒井　啓一郎,吉田　盛治,一般　外　胃　ひ　内　整外　形外　麻,,平3. 11. 1,kyushu/000491322.zip
病院,44,0311833,医療法人三光会　松永循環器病院,中津市中央町１丁目３番５４号,0979-24-6060,医療法人三光会　理事長　松永　光史,松永　直子,一般　循環器内科　呼内　リハ　内,,平3. 11. 1,kyushu/000491322.zip
診療所,44,0311940,寺町クリニック,中津市寺町９８８番地の３,0979-24-7671,医療法人真浄会　理事長　太田　喜久子,太田　喜久子,精　心内,,平6. 4. 1,kyushu/000491322.zip
診療所,44,0311973,宮田内科医院,中津市牛神４３２番地,0979-22-3375,医療法人宮田内科医院　理事長　荻原　健,荻原　健,内　消　循　呼,,平7. 1. 1,kyushu/000491322.zip
診療所,44,0311981,末医院,中津市沖代町１丁目７番１号,0979-23-6577,末　朋耒,末　朋耒,内　消　リウ　アレ,,平7. 4. 1,kyushu/000491322.zip
診療所,44,0312013,医療法人さがら小児科,中津市沖代町２丁目１番６０号,0979-22-6200,医療法人さがら小児科　理事長　相良　優佳,合志　光史,小,,平7. 6. 1,kyushu/000491322.zip
診療所,44,0312021,医療法人社団内尾整形外科医院,中津市大字上宮永３３１番地の２,0979-24-6878,医療法人社団内尾整形外科医院　理事長　吉田　龍弘,吉田　龍弘,一般　整外　リハ　リウ,,平7. 6. 1,kyushu/000491322.zip
診療所,44,0312039,ふるかわメディカルクリニック,中津市豊田町６番地の４,,医療法人聖信会　理事長　古川　信房,古川　信房,内　消　胃　放　精,,平8. 1. 1,kyushu/000491322.zip
診療所,44,0312062,賀来内科循環器科医院,中津市大字湯屋２７３－４,0979-26-0432,賀来　徹,賀来　徹,内　循　消,,平9. 4. 1,kyushu/000491322.zip
診療所,44,0312088,田中医院,中津市大字植野１０７番地の１,0979-32-8567,田中　雄治,田中　雄治,内　呼,,平9. 12. 1,kyushu/000491322.zip
診療所,44,0312104,久持クリニック,中津市大字上宮永字友ノ町１３番地の４,0979-22-0524,医療法人　Ｍパートナー　理事長　久持　子,久持　子,小　内　リハ　精,,平10. 10. 1,kyushu/000491322.zip
診療所,44,0312112,サクラクリニック,中津市万田６５５番,0979-26-1666,小林　義春,小林　義春,精　心内,,平11. 5. 1,kyushu/000491322.zip
病院,44,0312153,中津市立中津市民病院,中津市大字下池永１７３番地,0979-22-2480,中津市長　奧塚　正典,折田　博之,一般　内　心内　神内　消化器内科　循環器内科　糖尿病・内分泌内科　血液内科　肝臓内科　腎臓内科　呼内　小　外　消化器外科　乳腺外科　内視鏡外科　肛門外科　呼外　脳外　心外　小外　ひ　放　麻　産婦　耳い　整外　歯外　リハ　病理診断科　救急科　臨床腫瘍科,250,平12. 7. 1,kyushu/000491322.zip
診療所,44,0312161,木戸耳鼻咽喉科クリニック,中津市大字永添３７５番地の１,0979-22-2745,医療法人恵仁会　理事長　木戸　利成,木戸　利成,耳い,,平12. 12. 1,kyushu/000491322.zip
診療所,44,0312187,西耳鼻咽喉科医院,中津市大字上宮永１１１４番地の１,0979-22-7353,医療法人西耳鼻咽喉科医院　理事長　西　博子,西　博子,耳い,,平13. 1. 1,kyushu/000491322.zip
診療所,44,0312211,髙野医院,中津市大字島田８０７番地の１,0979-22-1837,医療法人にしむら皮ふ科医院　理事長　西村　正幸,西村　美香,皮,,平13. 9. 1,kyushu/000491322.zip
診療所,44,0312229,前田内科医院,中津市大字田尻１０７５番地,0979-32-5805,医療法人三省　理事長　前田　省三,前田　省三,内　呼　消　循,,平14. 1. 1,kyushu/000491322.zip
病院,44,0312237,梶原病院,中津市中殿町３丁目２９番地の８,0979-22-2535,医療法人梶原病院　理事長　梶原　諭,梶原　真奈美,一般　療養　内　外　胃　整外　人工透析内科,,平14. 1. 1,kyushu/000491322.zip
診療所,44,0312278,中尾循環器科内科クリニック,中津市大字加来２２８３－５１１,0979-27-6878,医療法人　中尾循環器科内科クリニック　理事長　近藤　克洋,近藤　克洋,内　循　呼　消,,平15. 6. 1,kyushu/000491322.zip
診療所,44,0312310,三保診療所,中津市大字大悟法７９０番地の２,0979-26-5550,黒川　有三,黒川　有三,麻　リハ　内,,平16. 8. 16,kyushu/000491322.zip
診療所,44,0312336,中津市国民健康保険津民診療所,中津市耶馬溪町大字大野９５０番地２,0979-54-2035,中津市長　奧塚　正典,酒見　久哲,内　小　外,,平17. 3. 1,kyushu/000491322.zip
病院,44,0312393,つくし園,中津市三光森山８２３番地２,0979-43-6181,社会福祉法人直心会　理事長　梶原　諭,原田　知典,一般　小　内　整外　リハ　精　児童精神科　心内,,昭58. 7. 1,kyushu/000491322.zip
診療所,44,0312401,農業協同組合立下郷診療所,中津市耶馬溪町大字樋山路字１５－５,0979-56-2361,下郷農業協同組合　代表理事組合長　玉麻　農夫男,酒見　久哲,一般　内　循　小　外,,昭64. 1. 1,kyushu/000491322.zip
診療所,44,0312419,水谷クリニック,中津市山国町守実８０番地の１,0979-62-2336,医療法人光和会　理事長　水谷　和毅,水谷　和毅,外　内　消化器内科　小　漢方内科,,平5. 11. 1,kyushu/000491322.zip
診療所,44,0312435,熊谷循環器科内科医院,中津市山国町守実３２２番地,0979-62-2126,医療法人松寿堂　理事長　熊谷　英一郎,熊谷　英一郎,内　循環器内科　小,,平9. 6. 1,kyushu/000491322.zip
診療所,44,0312443,医療法人誠雅会　松元整形外科医院,中津市三光土田１２４３番地の４,0979-26-8020,医療法人誠雅会　理事長　松元　雅彦,松元　雅彦,一般　整外　内　リハ,,平9. 6. 1,kyushu/000491322.zip
診療所,44,0312450,まつざきクリニック,中津市三光臼木１２１８番地,0979-43-5784,医療法人まつざきクリニック　理事長　松﨑　秀樹,松﨑　秀樹,一般　脳外　内　麻　リハ　精　神　睡眠障害内科,,平10. 1. 1,kyushu/000491322.zip
診療所,44,0312468,守谷医院,中津市本耶馬渓町樋田９０番地３,0979-52-2201,医療法人守谷医院　理事長　大西　節夫,大西　節夫,内,,平10. 5. 1,kyushu/000491322.zip
診療所,44,0312476,平田診療所,中津市耶馬溪町大字平田１５１８番地の１,0979-54-2114,医療法人平田診療所　理事長　久保園　五十鈴,久保園　五十鈴,内　循　小　外　リハ,,平16. 2. 1,kyushu/000491322.zip
診療所,44,0312484,中津市国民健康保険山移診療所,中津市耶馬溪町大字山移３８１３番地１,0979-55-2068,中津市長　奧塚　正典,内藤　英一郎,内　小,,平17. 3. 1,kyushu/000491322.zip
診療所,44,0312518,大堀脳神経クリニック,中津市豊田町３番地の１１,,医療法人弘仁会　理事長　森本　一弥,盛満　人之,脳外　外　内,,平18. 5. 1,kyushu/000491322.zip
病院,44,0312526,中津脳神経外科病院,中津市大字福島１０５５番地,0979-32-2555,医療法人弘仁会　理事長　森本　一弥,森本　一弥,一般　脳外　リハ,,平18. 5. 1,kyushu/000491322.zip
診療所,44,0312542,中津市国民健康保険槻木診療所,中津市山国町槻木１０７５番地,0979-64-2024,中津市長　奧塚　正典,川口　博行,内　循環器内科　小,,平19. 4. 1,kyushu/000491322.zip
診療所,44,0312575,南整形外科クリニック,中津市殿町２丁目１４３１番地の１,0979-22-0241,医療法人天真堂　理事長　南　達也,南　達也,整外　リハ,,平19. 6. 1,kyushu/000491322.zip
診療所,44,0312583,和田胃腸科内科クリニック,中津市牛神町１丁目１４番地４,0979-23-6565,医療法人和田胃腸科内科クリニック　理事長　和田　孝次,和田　孝次,胃　内　外　こう　リハ,,平19. 7. 1,kyushu/000491322.zip
診療所,44,0312609,けいだクリニック,中津市中央町１丁目７３８番地１,0979-24-5222,医療法人けいだクリニック　理事長　慶田　祐一,慶田　祐一,内　胃　外,,平21. 12. 1,kyushu/000491322.zip
診療所,44,0312633,のまさ小児科,中津市蛎瀬６００－１,0979-64-6871,本田　貴予,本田　貴予,小,,平23. 7. 1,kyushu/000491322.zip
病院,44,0312641,中津第一病院,中津市大字宮夫２５２番地２,0979-23-1123,医療法人中津第一病院　理事長　久下　亨,山中　邦稔,一般　療養　内　糖尿病内科　腎臓内科（人工透析）　消化器内科（内視鏡）　消化器外科　ひ　リハ　麻　形外,126,平24. 1. 1,kyushu/000491322.zip
診療所,44,0312658,かわしまクリニック,中津市大字宮夫１１番地１,0979-24-9855,社会医療法人玄真堂　理事長　川嶌　眞人,永芳　郁文,整外　リハ　リウ,,平24. 1. 10,kyushu/000491322.zip
病院,44,0312682,川嶌整形外科病院,中津市大字宮夫１７番地,0979-24-0464,社会医療法人玄真堂　理事長　川嶌　眞人,川嶌　眞之,一般　整外　リハ　リウ　麻　放　脳外　内科（総合診療内科）　循環器内科,143,平25. 11. 23,kyushu/000491322.zip
診療所,44,0312708,中津市立小児救急センター,中津市大字下池永１７３番地,0979-26-0020,中津市長　奥塚　正典,福島　直喜,小,,平29. 4. 1,kyushu/000491322.zip
診療所,44,0312716,あだち眼科,中津市中殿町３丁目１３番１,0979-26-0188,医療法人ＡＯＣ　理事長　足立　徹,足立　徹,眼,,平29. 6. 1,kyushu/000491322.zip
診療所,44,0312724,藤吉産婦人科,中津市大字上宮永２７０－１,0979-24-1103,藤吉　直樹,藤吉　直樹,一般　産　婦,,平29. 7. 1,kyushu/000491322.zip
診療所,44,0312732,ＡＮＳ皮膚科クリニック,中津市大字金手平ツ丸１０番１３,0979-22-1241,佐藤　典子,佐藤　典子,皮　美容皮膚科　アレ,,平30. 2. 1,kyushu/000491322.zip
診療所,44,0312781,医療法人　惺光会　冨士本眼科　中津院,中津市島田本町４８番,0979-85-3737,医療法人惺光会　理事長　冨士本　一志,川内　彰,眼,,令元. 11. 1,kyushu/000491322.zip
診療所,44,0312807,進耳鼻いんこう科クリニック,中津市古魚町１６８０番地,0979-22-0200,医療法人進耳鼻いんこう科クリニック　理事長　進　武一郎,進　武一郎,耳い,,令3. 1. 1,kyushu/000491322.zip
診療所,44,0312815,おおたにクリニック,中津市沖代町２丁目１１９番２,0979-85-1182,医療法人　将靖会　理事長　大谷　将之,大谷　将之,ひ　内　小,,令3. 4. 1,kyushu/000491322.zip
診療所,44,0312823,秋本こどもクリニック,中津市大字大貞字辛無３７１番５２,0979-27-6000,医療法人ＡＫＣ　　理事長　秋本　竜矢,秋本　竜矢,小　アレ,,令3. 10. 1,kyushu/000491322.zip
診療所,44,0312849,高崎皮フ科,中津市大字下池永１０２番地の１２,0979-64-7317,医療法人　高崎皮フ科　理事長　高崎　修旨,高崎　修旨,皮　形外,,令5. 2. 1,kyushu/000491322.zip
診療所,44,0312856,久持ファミリークリニック,中津市栄町２０９１番地,0979-22-3351,医療法人　Ｍパートナー　理事長　久持　子,久持　顕子,内　漢方内科　小,,令5. 4. 1,kyushu/000491322.zip
診療所,44,0312864,山上内科医院,中津市大貞２５２－１,0979-64-8910,医療法人順橙会　理事長　山上　伸一郎,山上　伸一郎,内　循環器内科　呼吸器内科　消化器内科,,令6. 10. 16,kyushu/000491322.zip
診療所,44,0312872,わたなべ整形外科クリニック,中津市大字加来字加来原２２８３番地２０１,0979-33-8333,渡邊　裕介,渡邊　裕介,整外　リハ,,令7. 6. 1,kyushu/000491322.zip
診療所,44,0312880,医療法人　中津眼科,中津市大字上宮永６７番地１,0979-22-7888,医療法人　中津眼科　理事長　浅井　英男,浅井　英男,一般　眼,,令7. 12. 26,kyushu/000491322.zip
診療所,44,0312898,いとうこどもアレルギークリニック,中津市中殿町４丁目１番地１,0979-33-7705,伊藤　創太郎,伊藤　創太郎,小,,令8. 6. 1,kyushu/000491322.zip
病院,44,0410882,医療法人鶴陽会岩尾病院,日田市淡窓二丁目４番２９号,0973-22-6161,医療法人鶴陽会　理事長　岩尾　忠,岩尾　忠,一般　内　糖尿病内科　消化器内科（内視鏡）　肝臓内科　呼内　循環器内科,,昭46. 5. 1,kyushu/000491322.zip
病院,44,0410916,日田中央病院,日田市淡窓二丁目５番１７号,0973-23-3181,医療法人咸宜会　理事長　渡邉　俊治,祇園　智信,一般　内　外　乳腺外科　血管外科　呼　消　胃　整外　リハ　こう　循　小外,,昭47. 12. 1,kyushu/000491322.zip
病院,44,0410924,医療法人至誠会　城谷病院,日田市元町１６番２２号,0973-23-6115,医療法人至誠会　理事長　城谷　徹郎,城谷　徹郎,療養　消　外　こう　糖尿病内科　循環器内科,,昭48. 1. 1,kyushu/000491322.zip
診療所,44,0410940,上野耳鼻咽喉科医院,日田市本町１０－２８,,上野　聖二,上野　聖二,一般　耳い　気食,,昭50. 3. 1,kyushu/000491322.zip
病院,44,0410965,医療法人豊堂　岩尾整形外科病院,日田市大字十二町字岸高５９５の１,0973-22-7131,医療法人豊堂　理事長　野入　英世,荘　念仁,一般　整外　リウ　リハ　麻　内,,昭46. 5. 1,kyushu/000491322.zip
病院,44,0411229,医療法人社団淡窓会　大分友愛病院,日田市大字上野１番地の１,0973-23-5151,医療法人社団淡窓会　理事長　内野　順治,福原　総一郎,精神　精　内,189,昭59. 5. 1,kyushu/000491322.zip
診療所,44,0411278,功能整形外科医院,日田市本町１２－２２,0973-24-7771,功能　重雄,功能　重雄,一般　整外,,昭61. 1. 1,kyushu/000491322.zip
病院,44,0411450,五反田病院,日田市大字竹田３９５番地の１,0973-23-8386,医療法人利光会　理事長　五反田　清和,五反田　清和,一般　療養　胃腸外科　胃腸内科　内　外　大腸外科　整外　リハ　消化器内科　肛門外科　小外　麻,,平元. 3. 1,kyushu/000491322.zip
病院,44,0411476,奥村日田病院,日田市田島町５００番地,0973-22-6166,医療法人社団宗仁会　理事長　和佐野　公二郎,和佐野　研二郎,精神　精　心内,132,平元. 9. 1,kyushu/000491322.zip
病院,44,0411500,大分県済生会日田病院,日田市大字三和６４３番地の７,0973-24-1100,社会福祉法人恩賜財団済生会支部大分県済生会　支部長　林田　良三,大坪　仁,一般　一般（感染）　内　心臓血管内科　消化器内科　血液内科　呼吸器内科　糖尿病・代謝内科　消化器外科　腎臓内科（人工透析）　脳内　外　呼外　整外　脳外　形外　小　皮　婦　リハ　放　麻　歯外　乳腺外科　頸部外科　血管外科　救急科,199,平2. 10. 1,kyushu/000491322.zip
診療所,44,0411542,大分県済生会日田病院無医地区巡回診療所,日田市大字三和６４３番地の７,0973-24-1100,社会福祉法人恩賜財団済生会支部大分県済生会　支部長　林田　良三,尾﨑　邦博,内　外,,平3. 4. 1,kyushu/000491322.zip
診療所,44,0411559,田中眼科医院,日田市三本松１丁目１０番１８号,,医療法人田中眼科医院　理事長　田中　俊郎,田中　俊郎,眼,,平3. 5. 1,kyushu/000491322.zip
病院,44,0411591,医療法人社団知心会　一ノ宮脳神経外科病院,日田市竹田新町２－４８,0973-24-6270,医療法人社団知心会　理事長　一ノ宮　知典,丸岩　光,一般　脳外　外　放射線診断科　麻　リハ　脊椎・脊髄外科,,平5. 3. 1,kyushu/000491322.zip
診療所,44,0411617,下飛田小児科,日田市中央１丁目７－１,,下飛田　毅,下飛田　毅,小,,平5. 10. 1,kyushu/000491322.zip
診療所,44,0411633,中川泌尿器科,日田市上野町泉６０１－１,0973-24-5255,医療法人中川泌尿器科　理事長　吉井　愼一,吉井　愼一,ひ,,平7. 1. 1,kyushu/000491322.zip
病院,44,0411658,医療法人秋芳会　秋病院,日田市豆田町５番２０号,0973-23-0808,医療法人秋芳会　理事長　秋　貴文,秋　貴文,療養　内科　糖尿病内科　胃腸内科　循環器内科　外　リハ　整外,,平7. 5. 1,kyushu/000491322.zip
診療所,44,0411666,新関内科医院,日田市田島２丁目４番９号,,医療法人新関内科医院　理事長　新関　寛,新関　修,一般　内　胃,,平8. 6. 1,kyushu/000491322.zip
診療所,44,0411674,医療法人讃井会西村眼科医院,日田市上城内町１番１１号,0973-23-7177,医療法人讃井会西村眼科医院　理事長　西村　太吾,西村　太吾,眼,,平8. 6. 1,kyushu/000491322.zip
病院,44,0411682,医療法人百花会　上野公園病院,日田市大字高瀬字篠原２２２６番地の１,0973-22-7723,医療法人百花会　理事長　長野　浩志,長野　浩志,精神　精　神内　心内,198,平9. 1. 1,kyushu/000491322.zip
病院,44,0411724,桂林病院,日田市城町１丁目２番６１号,0973-22-1231,医療法人　鶴林会　理事長　齊藤　さとみ,矢野　雅也,療養　一般内科　心臓血管内科　リハ,,平10. 1. 1,kyushu/000491322.zip
診療所,44,0411781,松浦クリニック,日田市中央一丁目５－４,0973-24-4155,松浦　達雄,松浦　達雄,内　呼　アレ,,平11. 4. 1,kyushu/000491322.zip
診療所,44,0411799,原整形外科医院,日田市上城内町２番１４号,0973-24-5578,医療法人原整形外科医院　理事長　原　絋,原　紘一,一般　整外　リウ　リハ,,平11. 5. 1,kyushu/000491322.zip
診療所,44,0411823,麻生小児科医院,日田市淡窓２丁目１番２５号,0973-24-2323,医療法人社団麻生会　理事長　麻生　宏,麻生　宏,小,,平12. 1. 1,kyushu/000491322.zip
診療所,44,0411849,聖陵花月クリニック,日田市大字三和９３１番地の６,0973-27-5050,医療法人聖陵会　理事長　山田　和典,井原　亮,一般　内　循　消　呼,,平12. 11. 1,kyushu/000491322.zip
診療所,44,0411856,医療法人恒心会　膳所医院,日田市本町８番３２号,0973-22-3292,医療法人恒心会　理事長　膳所　和彦,膳所　和彦,内　循　心外,,平12. 12. 1,kyushu/000491322.zip
診療所,44,0411864,江浦耳鼻咽喉科クリニック,日田市天神町７９－１,0973-27-6611,医療法人江浦耳鼻咽喉科クリニック　理事長　江浦　陽一,江浦　陽一,耳い　気食,,平13. 12. 1,kyushu/000491322.zip
病院,44,0411872,医療法人悠然会　大河原病院,日田市隈２丁目３－１１,0973-22-3131,医療法人悠然会　理事長　大河原　建也,大河原　建也,療養　外　胃　内　循,,平13. 12. 1,kyushu/000491322.zip
病院,44,0411898,医療法人秋水堂　若宮病院,日田市南元町６番４１号,0973-22-7171,医療法人秋水堂　理事長　石井　聡大,石井　聡大,療養　整外　循環器内科　手外科　呼内　外　内　リハ　皮　形外　神内　麻,,平14. 7. 1,kyushu/000491322.zip
診療所,44,0411955,日田市立上津江診療所,日田市上津江町川原３９３３番地,0973-54-3001,日田市長　椋野　美智子,山崎　世紀,一般　外　内,,平17. 3. 22,kyushu/000491322.zip
診療所,44,0411963,奥平医院,日田市中津江村栃野２９７０番地の８,0973-54-3021,奥平　卓巳,奥平　卓巳,内　小　循,,平12. 1. 1,kyushu/000491322.zip
診療所,44,0411989,医療法人寿隆々会　渡辺医院,日田市大山町西大山３４４７番地の４,0973-52-2017,医療法人寿隆々会　理事長　渡邊　隆,渡邊　隆太郎,一般　内　小,,平12. 1. 1,kyushu/000491322.zip
診療所,44,0411997,医療法人寿隆々会　渡辺医院前津江出張診療所,日田市前津江町大野２１７７番地の１,0973-52-2017,医療法人寿隆々会　理事長　渡邊　隆,渡邊　隆,内　小,,平12. 1. 1,kyushu/000491322.zip
診療所,44,0412037,みよしクリニック,日田市三芳小渕町１２１番地,0973-24-1515,三好　端,三好　端,一般　産婦　内,,平17. 5. 1,kyushu/000491322.zip
病院,44,0412045,医療法人愛幸会　原病院,日田市三本松二丁目６番１６号,0973-22-7151,医療法人愛幸会　原病院　理事長　原　雅雄,小須賀　健一,一般　療養　胃　外　循,,平18. 1. 1,kyushu/000491322.zip
診療所,44,0412052,医療法人　宮原レディ―スクリニック,日田市大字十二町２５８番地１,0973-24-3584,医療法人　宮原レディ―スクリニック　理事長　宮原　英二,宮原　英二,一般　産　婦　小,,平18. 1. 1,kyushu/000491322.zip
診療所,44,0412060,池田医院,日田市丸の内町８－１２,0973-22-3432,池田　公明,池田　公明,皮　内,,平18. 6. 1,kyushu/000491322.zip
診療所,44,0412086,医療法人上舟会　上野眼科医院,日田市本町１０番１１号,0973-22-2024,医療法人上舟会　理事長　上野　賢一,上野　一郎,一般　眼,,平19. 5. 1,kyushu/000491322.zip
診療所,44,0412094,医療法人蒼龍会　日野内科,日田市大字三和３９番地１,0973-23-6009,医療法人　蒼龍会　理事長　日野　英忠,日野　英忠,内　脳内　（循環器内科）,,平19. 7. 1,kyushu/000491322.zip
診療所,44,0412144,堀田クリニック,日田市大字十二町４７４番地１,0973-22-2662,医療法人善信会　理事長　堀田　美幸,堀田　美幸,外　内　胃　こう,,平20. 11. 1,kyushu/000491322.zip
診療所,44,0412151,和田皮膚科医院,日田市淡窓２丁目１番３号,0973-22-3909,和田　崇,和田　崇,皮,,平20. 12. 29,kyushu/000491322.zip
診療所,44,0412169,こじかこどもクリニック,日田市渡里１０３９番地６,0973-28-8771,医療法人こども会　理事長　出良　弘,出良　弘,小,,平21. 12. 1,kyushu/000491322.zip
病院,44,0412177,日田リハビリテーション病院,日田市大字西有田９,0973-23-8889,医療法人　石田記念会　理事長　石田　漂太,石田　漂太,療養　整外　リハ　リウ,,平23. 2. 1,kyushu/000491322.zip
診療所,44,0412185,いけべ耳鼻咽喉科医院,日田市淡窓１丁目２－５２－２,0973-28-8733,医療法人いけべ耳鼻咽喉科医院　理事長　池邉　英司,池邉　英司,耳い　アレ,,平23. 8. 1,kyushu/000491322.zip
診療所,44,0412193,亀山皮膚科医院,日田市中央２－６－４１,0973-24-0369,医療法人萬寿会　理事長　亀山　明,田中　宏明,皮,,平25. 2. 1,kyushu/000491322.zip
診療所,44,0412201,井上内科,日田市田島本町９－１,0973-22-4700,井上　寛,井上　寛,内　循　呼　胃,,平25. 9. 1,kyushu/000491322.zip
診療所,44,0412219,福田医院,日田市清岸寺町１１５０－１,0973-22-1648,医療法人　福田医院　理事長　福田　雅之,福田　雅之,内　外　呼　消,,平26. 2. 1,kyushu/000491322.zip
診療所,44,0412227,隈診療所,日田市隈１丁目２－３１,0973-22-0033,医療法人　敷島　理事長　宮﨑　秀人,宮﨑　秀人,内　循,,平27. 1. 1,kyushu/000491322.zip
診療所,44,0412250,井上鶴川堂,日田市大鶴本町８４１－１,0973-28-2202,医療法人　井上鶴川堂　理事長　井上　一郎,井上　一郎,内　外　消　呼,,平27. 6. 1,kyushu/000491322.zip
診療所,44,0412268,福田内科クリニック,日田市大字高瀬１２２８番地１,0973-25-5188,福田　由紀子,福田　由紀子,内　循環器内科,,平28. 1. 1,kyushu/000491322.zip
診療所,44,0412276,児玉医院,日田市三本松２丁目７番４号,0973-24-6572,医療法人　児玉医院　理事長　児玉　紀洋,児玉　紀洋,内　呼内　循環器内科　消化器内科,,平28. 7. 19,kyushu/000491322.zip
診療所,44,0412284,メンタルクリニック日田駅前,日田市中央１丁目１－２４－２０１,0973-22-8117,葉山　清昭,葉山　清昭,精　心内,,平30. 7. 1,kyushu/000491322.zip
診療所,44,0412300,日田市立東渓診療所,日田市天瀬町合田１９８６番地２,0973-57-2500,日田市長　椋野　美智子,安部　さやか,内,,令3. 8. 16,kyushu/000491322.zip
病院,44,0412318,聖陵岩里病院,日田市大字庄手２４２番地,0973-22-1600,特定医療法人　聖陵会　理事長　山田　和典,家永　淳,一般　消化器内科　消化器外科　外　内　循環器内科　呼内　糖尿病・代謝内科　リウ　神内　脊髄脊椎外科　救急科,,令4. 11. 1,kyushu/000491322.zip
診療所,44,0412326,日田石井町クリニック,日田市大字石井５８０番地１,0973-23-8123,医療法人日田石井町クリニック　理事長　荻野　英夫,荻野　英夫,内　呼,,令5. 3. 1,kyushu/000491322.zip
診療所,44,0412334,日田ごうばる耳鼻科・アレルギー科,日田市大字十二町３３６番地－１,097-328-6565,合原　良亮,合原　良亮,耳い　アレ　小児耳鼻科,,令6. 9. 6,kyushu/000491322.zip
診療所,44,0412342,寺尾こころクリニック,日田市元町１９番２４号ＡＰＥＸビル６Ｆ,0973-28-6177,医療法人眞心会　理事長　寺尾　大,寺尾　大,精　心内,,令7. 5. 1,kyushu/000491322.zip
診療所,44,0412359,石井産婦人科,日田市豆田町５－１６,0973-23-4153,医療法人秋水堂　理事長　石井　聡大,石井　博基,一般　一般　婦,19,令8. 2. 1,kyushu/000491322.zip
病院,44,0510426,おおいた県南ホスピタル,佐伯市東町２７番１２号,0972-22-1461,社会医療法人敬和会　理事長　岡　敬二,豊岡　真乗,精神　心内　精　老年精神科,180,昭35. 11. 1,kyushu/000491322.zip
病院,44,0510855,社会医療法人　長門莫記念会　長門記念病院,佐伯市鶴岡町一丁目１１番５９号,0972-24-3000,社会医療法人　長門莫記念会　理事長　長門　仁,山口　豊,一般　療養　内　脳内　呼　消　循　整外　皮　ひ　こう　眼　耳い　リハ　放　リウ　アレ　脳外　麻　精　形外,264,昭45. 2. 1,kyushu/000491322.zip
診療所,44,0511234,田中眼科医院,佐伯市城下西町３番２３号,0972-23-4574,田中　清,田中　清,眼,,昭57. 5. 17,kyushu/000491322.zip
診療所,44,0511291,大分県勤労者医療生活協同組合佐伯診療所,佐伯市中の島１丁目１４番２１号,0972-23-2212,大分県勤労者医療生活協同組合　理事長　石本　健二,久米　行則,内　呼　リハ　心内,,昭61. 2. 17,kyushu/000491322.zip
診療所,44,0511333,城東医院,佐伯市中村東町８－１２,0972-22-0140,野村　和雄,野村　和雄,内,,昭62. 12. 1,kyushu/000491322.zip
診療所,44,0511366,石川眼科医院,佐伯市駅前２丁目９番２２号,,石川　康,石川　康,眼,,昭63. 11. 1,kyushu/000491322.zip
診療所,44,0511374,中浦循環器クリニック,佐伯市向島２丁目２１番１３号,0972-23-2238,医療法人中浦循環器クリニック　理事長　中浦　宏幸,中浦　宏幸,一般　循　内,,平元. 2. 1,kyushu/000491322.zip
病院,44,0511416,佐伯中央病院,佐伯市常盤東町６番３０号,0972-22-8846,社会医療法人小寺会　理事長　小寺　愛子,小寺　元,一般　療養　内　循環器内科　消化器内科　糖尿病内科　緩和ケア内科　呼内　リハ　形外　整外　神内　心内　麻　脳外　皮　眼　精,107,平元. 6. 1,kyushu/000491322.zip
診療所,44,0511457,東内科医院,佐伯市中村東町６番１１号,,医療法人東内科医院　理事長　東　晋也,東　晋也,一般　内　呼　消　循　放,,平元. 11. 1,kyushu/000491322.zip
診療所,44,0511465,みずぬまクリニック,佐伯市駅前２丁目４番９号,,医療法人みずぬまクリニック　理事長　水沼　真理子,水沼　真理子,内　救急科,,平2. 2. 1,kyushu/000491322.zip
診療所,44,0511499,上尾皮膚科,佐伯市大手町３丁目３番３８号,,医療法人上尾皮膚科　理事長　上尾　大輔,上尾　大輔,皮,,平3. 5. 1,kyushu/000491322.zip
診療所,44,0511507,秋山医院,佐伯市向島２丁目１９番２１号,0972-23-3177,医療法人穐山会　秋山医院　理事長　秋山　義明,秋山　義明,内　胃,,平4. 4. 1,kyushu/000491322.zip
病院,44,0511549,曽根病院,佐伯市長島町２丁目１８番２４号,0972-23-8877,医療法人明石会　理事長　曽根　勝,曽根　勝,一般　整外　脳外　内　リハ　外　胃腸内科　肛門外科　循環器内科,,平5. 3. 1,kyushu/000491322.zip
診療所,44,0511580,鶴岡クリニック,佐伯市大字鶴望２７３８番地１,0972-22-5199,医療法人鶴岡クリニック　理事長　森崎　重規,森崎　重規,歯　歯外,,平7. 3. 28,kyushu/000491322.zip
診療所,44,0511598,木下整形外科,佐伯市新女島二丁目６８７３－２,0972-23-8781,木下　賢三,木下　賢三,整外　リハ,,平8. 3. 1,kyushu/000491322.zip
診療所,44,0511606,塩月内科小児科医院,佐伯市女島一丁目７２３８番地１,0972-20-0070,医療法人雄生会　理事長　塩月　一英,塩月　一英,一般　内　小,,平8. 6. 1,kyushu/000491322.zip
診療所,44,0511648,池田医院,佐伯市大字上岡字木戸ノ瀬１２５８番地１,0972-25-1177,医療法人ひまわり会　理事長　池田　直道,池田　直道,内　外　胃　こう　麻　小　リハ,,平11. 5. 1,kyushu/000491322.zip
診療所,44,0511671,島村耳鼻咽喉科,佐伯市中の島１丁目２番２９号,0972-20-3387,医療法人島村耳鼻咽喉科　理事長　島村　康一郎,島村　康一郎,耳い　気食　アレ,,平12. 5. 1,kyushu/000491322.zip
診療所,44,0511697,志村内科・胃腸科,佐伯市中の島３丁目２番２号,0972-25-1211,医療法人志村内科・胃腸科　理事長　志村　剛,志村　剛,内　胃,,平13. 5. 1,kyushu/000491322.zip
診療所,44,0511705,医療法人　桑畑小児科医院,佐伯市中村東町１０ー５,0972-22-1965,医療法人桑畑小児科医院　理事長　桑畑　眞人,桑畑　眞人,小,,平13. 6. 1,kyushu/000491322.zip
診療所,44,0511713,やつか眼科医院,佐伯市船頭町１５７－５,0972-22-0055,医療法人鶴翔会　理事長　八塚　秀人,八塚　洋之,一般　眼,,平14. 4. 1,kyushu/000491322.zip
診療所,44,0511739,片岡医院,佐伯市長谷７７２８－１,0972-24-1139,片岡　一郎,片岡　一郎,内,,平14. 9. 1,kyushu/000491322.zip
診療所,44,0511770,杉谷診療所,佐伯市西谷町５番２４号,0972-22-4800,井上　雅公,井上　雅公,内　呼　消　循,,平16. 3. 1,kyushu/000491322.zip
診療所,44,0511788,佐伯眼科,佐伯市常盤西町１８６８番１,0972-25-1500,医療法人佐伯眼科　理事長　岸　尚文,岸　大地,眼,,平16. 4. 1,kyushu/000491322.zip
診療所,44,0511796,田渕内科,佐伯市中村東町２番２２号,0972-22-1203,医療法人緑桜会　理事長　田渕　絵美,田渕　絵美,内　呼　胃　放,,平16. 7. 1,kyushu/000491322.zip
診療所,44,0511861,ミタライクリニック,佐伯市蒲江大字蒲江浦２４９４番地１,0972-42-0735,御手洗　俊三,御手洗　俊三,一般　内　婦　小,,昭61. 2. 1,kyushu/000491322.zip
診療所,44,0511887,佐伯市国民健康保険丹賀診療所,佐伯市鶴見大字丹賀浦１２９番地１,0972-34-8334,佐伯市長　冨髙　国子,佐藤　裕隆,内,,平17. 3. 3,kyushu/000491322.zip
診療所,44,0511937,岡本医院,佐伯市蒲江大字蒲江浦２１５３,,医療法人応験堂　理事長　岡本　鎮彌,岡本　鎮彌,一般　内,,平7. 12. 1,kyushu/000491322.zip
診療所,44,0511945,近藤医院,佐伯市弥生大字江良１０５２番地の３,0972-46-0038,医療法人養春堂　理事長　近藤　宣如,近藤　宣如,内　リハ,,平9. 1. 1,kyushu/000491322.zip
病院,44,0511952,御手洗病院,佐伯市蒲江大字蒲江浦２２１５番地９,0972-42-0003,医療法人明倫会　理事長　御手洗　義信,御手洗　義信,一般　内　消化器内科　外　呼内　整外　リハ　小外,,平9. 10. 2,kyushu/000491322.zip
診療所,44,0511960,佐伯市国民健康保険鶴見診療所,佐伯市鶴見大字沖松浦２０番地,0972-33-1161,佐伯市長　冨髙　国子,木村　頼雄,内　外　整外,,平17. 3. 3,kyushu/000491322.zip
診療所,44,0511978,佐伯市国民健康保険大島診療所,佐伯市鶴見大字大島７１７番地５,0972-34-8056,佐伯市長　冨髙　国子,佐藤　裕隆,内,,平17. 3. 3,kyushu/000491322.zip
診療所,44,0512026,佐伯市国民健康保険大入島診療所,佐伯市大字久保浦１０５９－１９,0972-24-2363,佐伯市長　冨髙　国子,大地　哲史,内　外,,平17. 3. 3,kyushu/000491322.zip
診療所,44,0512059,からしま医院,佐伯市弥生大字上小倉１２１５,0972-46-0312,医療法人　からしま医院　理事長　辛島　誠一郎,辛島　誠一郎,一般　外　内　整外　呼　胃　こう,,平18. 1. 1,kyushu/000491322.zip
診療所,44,0512067,ひなた女性クリニック,佐伯市西谷町１番２７号,0972-20-3322,医療法人光和会　理事長　谷口　久枝,谷口　久枝,婦,,平18. 1. 1,kyushu/000491322.zip
診療所,44,0512083,やつか整形外科,佐伯市大手町３丁目４番３号,0972-25-0117,医療法人　明匠会　理事長　八塚　知二,八塚　知二,整外　リウ　リハ,,平18. 8. 1,kyushu/000491322.zip
診療所,44,0512125,つつみ泌尿器科医院,佐伯市城下西町１番１２号,0972-20-3232,堤　智昭,堤　智昭,ひ,,平21. 3. 1,kyushu/000491322.zip
診療所,44,0512133,社会医療法人　長門莫記念会　直川クリニック,佐伯市直川大字上直見５６２－１,0972-58-3100,社会医療法人　長門莫記念会　理事長　長門　仁,安井　隆人,内　消　循,,平21. 3. 1,kyushu/000491322.zip
診療所,44,0512141,彦陽クリニック,佐伯市大字戸穴３６２番地１,0972-27-5088,社会医療法人小寺会　理事長　小寺　愛子,木村　賴雄,内　整外　外,,平21. 10. 1,kyushu/000491322.zip
診療所,44,0512158,産科婦人科すがのウィメンズクリニック,佐伯市鶴岡西町２丁目１１３番地,0972-23-3131,医療法人輝星会　理事長　管野　輝勝,管野　輝勝,一般　産婦,,平22. 5. 1,kyushu/000491322.zip
診療所,44,0512166,田邉内科クリニック,佐伯市長島町２丁目１３３番地２,0972-20-3344,医療法人イーグル　理事長　田邉　馨,田邉　馨,内,,平22. 5. 1,kyushu/000491322.zip
診療所,44,0512174,こうへいクリニック,佐伯市大字池田字四畝田１９８０番地,0972-20-3337,医療法人　栞奈輝会　理事長　宮﨑　幸彦,宮﨑　幸彦,内　リハ　呼内　血液内科,,平22. 12. 1,kyushu/000491322.zip
病院,44,0512190,西田病院,佐伯市鶴岡西町２丁目２６６番地,0972-22-0180,医療法人慈恵会　理事長　西田　尚史,増田　満,一般　療養　内　婦　小　呼内　循環器内科　消化器内科　リウ　腎臓内科　脳外　外　消化器外科　肛門外科　整外　皮　ひ　眼　麻　リハ　人工透析内科　放　糖尿病内科　内分泌内科　総合内科　総合診療科　脳神経内科　心外,144,平24. 4. 1,kyushu/000491322.zip
診療所,44,0512208,伊藤循環器内科クリニック,佐伯市長島町４丁目１番７号,0972-25-1700,医療法人　ＩＣＣ　理事長　伊藤　健一郎,伊藤　健一郎,循　内,,平24. 11. 2,kyushu/000491322.zip
診療所,44,0512216,社会医療法人　長門莫記念会　長門在宅リハビリテーションクリニック,佐伯市鶴岡町１丁目６番３号,0972-24-1001,社会医療法人　長門莫記念会　理事長　長門　仁,入江　崇,内　呼内　消化器内科　リハ　精　小,,平26. 4. 1,kyushu/000491322.zip
診療所,44,0512224,佐伯市国民健康保険因尾診療所,佐伯市本匠大字堂ノ間２９５番地１,0972-57-6556,佐伯市長　冨髙　国子,松永　宗倫,内,,平27. 4. 1,kyushu/000491322.zip
診療所,44,0512232,クリニック佐伯の太陽,佐伯市駅前１丁目１番１１号,0972-20-4088,社会医療法人小寺会　理事長　小寺　愛子,大地　哲史,内　整外　外,,平27. 7. 1,kyushu/000491322.zip
診療所,44,0512257,在宅支援クリニック　えがお,佐伯市大字池田２２６０－１,0972-24-2020,山内　勇人,山内　勇人,内　心内　精,,令2. 2. 1,kyushu/000491322.zip
病院,44,0512265,独立行政法人地域医療機能推進機構　南海医療センター,佐伯市常盤西町７番８号,0972-22-0547,独立行政法人地域医療機能推進機構　理事長　山本　修一,武内　裕,一般　一般（感染）　内　外　整外　脳外　耳い　心外　皮　ひ　放　循環器内科　麻　形外　リハ　救急科　乳腺外科　消化器内科　消化器外科　血液内科　腎臓内科　呼内　内分泌代謝科,195,令2. 1. 1,kyushu/000491322.zip
診療所,44,0512273,すどクリニック,佐伯市長島町１丁目４番１６号,0972-28-7711,医療法人聖祐会　理事長　簀戸　聖子,簀戸　聖子,内　消化器内科　内視鏡内科,,令3. 12. 1,kyushu/000491322.zip
診療所,44,0512281,神宮医院,佐伯市宇目大字小野市２８８４番地３,0972-54-3014,医療法人新徳寺　理事長　神宮　章男,神宮　章男,内　外,,令5. 1. 4,kyushu/000491322.zip
診療所,44,0610861,浜田消化器科内科医院,臼杵市大字福良４５２番地,,浜田　義之,浜田　義之,消　内,,昭60. 8. 26,kyushu/000491322.zip
診療所,44,0610945,奥津医院,臼杵市大字臼杵５２１番地,,奥津　明,奥津　明,皮　内,,平2. 1. 1,kyushu/000491322.zip
診療所,44,0610952,植田内科クリニック,臼杵市大字臼杵２の１０７番地の７１６,,医療法人孔徳会　理事長　植田　聡,植田　聡,内　循環器内科　糖尿病内科　内分泌内科　腎臓内科,,平2. 2. 1,kyushu/000491322.zip
診療所,44,0610978,藤整形外科,臼杵市大字市浜１２２６番地４,,藤　憲三郎,藤　憲三郎,一般　整外,,平3. 6. 1,kyushu/000491322.zip
診療所,44,0611067,児玉循環器科・内科医院,臼杵市大字市浜８６６番地の４,,医療法人児玉循環器科・内科医院　理事長　児玉　泰幸,児玉　泰幸,内　循,,平6. 5. 1,kyushu/000491322.zip
診療所,44,0611075,聖心会臼杵循環器内科,臼杵市大字稲田字三石畝町７５９番地の１,0972-63-5711,医療法人聖心会臼杵循環器内科　理事長　丸尾　匡宏,丸尾　匡宏,循　内,,平7. 2. 1,kyushu/000491322.zip
病院,44,0611083,臼杵市医師会立コスモス病院,臼杵市大字戸室字長谷１１３１番１,0972-62-5599,一般社団法人　臼杵市医師会　会長　奥津　明,鈴木　浩輔,一般　一般（感染）　内　神内　呼内　循環器内科　リウ　外　整外　脳外　リハ　放　麻　皮　血液内科　消化器内科　消化器外科　糖尿病・内分泌内科　救急・総合診療科,169,平7. 1. 17,kyushu/000491322.zip
病院,44,0611133,白川病院,臼杵市大字末広字柳谷９３８番地の３,0972-63-7830,医療法人末広　理事長　白川　典参,白川　暁彦,精神　療養　内　消化器内科　リハ　精　老年精神科　心内　呼内,120,平7. 7. 1,kyushu/000491322.zip
診療所,44,0611166,渡辺内科クリニック,臼杵市大字臼杵字祇園洲２０番地の１１,0972-63-8990,医療法人来蘇会　理事長　渡邉　乾,渡邉　乾,内　循環器内科　消化器内科,,平9. 6. 1,kyushu/000491322.zip
診療所,44,0611174,吉田医院,臼杵市大字掻懐１４６８番地の１,0972-65-3342,医療法人武史会　理事長　吉田　史郎,吉田　史郎,内　リハ　リウ,,平10. 5. 1,kyushu/000491322.zip
診療所,44,0611182,藤野循環器科内科医院,臼杵市大字二王座３４番地,0972-62-3055,医療法人藤野循環器科内科医院　理事長　藤野　孝雄,藤野　孝雄,内　循,,平10. 5. 1,kyushu/000491322.zip
診療所,44,0611190,循環器リハビリクリニック,臼杵市大字大野字友田大道西３番４,0972-64-0909,医療法人聖心会臼杵循環器内科　理事長　丸尾　匡宏,丸尾　啓一郎,循環器内科　内　リハ,,平10. 8. 1,kyushu/000491322.zip
診療所,44,0611216,篠田耳鼻咽喉科医院,臼杵市大字臼杵１０９番地の１,0972-63-2727,医療法人篠田耳鼻咽喉科医院　理事長　篠田　三徳,篠田　三徳,耳い　アレ,,平11. 11. 1,kyushu/000491322.zip
診療所,44,0611224,前尾眼科,臼杵市大字市浜大平木１２４２－３,0972-64-7300,前尾　直子,前尾　直子,眼,,平14. 7. 1,kyushu/000491322.zip
病院,44,0611257,医療療育センター恵の聖母の家,臼杵市野津町大字都原字下丸尾３６０１－２,0974-32-7770,社会福祉法人聖母の騎士会　理事長　富永　ミツ子,拜郷　敦彦,一般　小　内,,昭58. 11. 1,kyushu/000491322.zip
診療所,44,0611265,岩田医院,臼杵市野津町大字野津市１５６番地,0974-32-2017,医療法人社団栄仁会　理事長　岩田　由加,岩田　卓,一般　内　胃　循　小　外　皮　呼　リハ　整外,,平2. 6. 1,kyushu/000491322.zip
診療所,44,0611299,岩田リハビリクリニック,臼杵市野津町大字亀甲７５２番地,,医療法人社団栄仁会　理事長　岩田　由加,岩田　由加,一般　内　呼　小　リハ　外,,平17. 4. 1,kyushu/000491322.zip
診療所,44,0611307,さくら産婦人科医院,臼杵市大字野田２７８番地,0972-63-4103,医療法人新明会　理事長　室　康治,室　康治,一般　産　婦　小,,平18. 6. 1,kyushu/000491322.zip
診療所,44,0611323,うすき皮ふ科内科クリニック,臼杵市大字市浜字堂尻１１３６番地,0972-63-8211,行平　恵子,行平　恵子,皮　内　アレ,,平19. 4. 1,kyushu/000491322.zip
診療所,44,0611349,うすきメディカルクリニック,臼杵市大字臼杵字洲崎７２番地３２,0972-63-3666,医療法人柊会　理事長　久下　浩,久下　浩,一般　内　消化器内科　腎臓内科（人工透析）　外　消化器外科　整外　リハ　麻,,平20. 3. 24,kyushu/000491322.zip
診療所,44,0611356,臼杵内科リハビリテーション医院,臼杵市大字市浜６９４番地の１,0972-62-3136,医療法人仁愛会　理事長　柿田　徳彦,柿田　徳彦,内　循環器内科　消化器内科　老年内科　腎臓内科　リハ,,平22. 1. 1,kyushu/000491322.zip
診療所,44,0611380,聖心会臼杵循環器内科巡回診療所,臼杵市大字佐志生２０４５番地１,0972-68-3127,医療法人聖心会臼杵循環器内科　理事長　丸尾　匡宏,丸尾　匡宏,内　循,,平25. 4. 1,kyushu/000491322.zip
診療所,44,0611398,臼杵わかばクリニック,臼杵市大字江無田字樋ノ内３２３番１,0972-62-3838,医療法人　想心会　理事長　安江　和彦,安江　和彦,内　外　消化器内科（内視鏡）　ペインクリニック・整形外科,,平25. 6. 1,kyushu/000491322.zip
診療所,44,0611430,うすき眼科,臼杵市市浜６６９－１,0972-62-2455,野田　佳宏,野田　佳宏,一般　眼,,平29. 9. 1,kyushu/000491322.zip
病院,44,0611448,臼杵病院,臼杵市大字江無田１１５４番地１,0972-83-8100,社会医療法人　帰巖会　理事長　首藤　治,原田　勝久,一般　療養　内　消化器内科　内視鏡内科　循環器内科　人工透析内科　外　消化器外科　大腸・肛門外科　整外　リハ　精　歯　脳外　血管外科　腎臓内科　呼内,,平29. 10. 1,kyushu/000491322.zip
診療所,44,0611463,とうぼ小児科医院,臼杵市大字臼杵２の１０７番地の５１５,0972-63-5811,医療法人とうぼ小児科医院　理事長　東保　裕の介,東保　大海,小,,令元. 12. 1,kyushu/000491322.zip
診療所,44,0611471,元村眼科,臼杵市洲崎７２番地７５号,0972-62-2826,元村　憲文,元村　憲文,眼,,令3. 1. 1,kyushu/000491322.zip
診療所,44,0611489,三好医院,臼杵市大字海添５８番地の５,0972-63-7585,福田　敦夫,福田　敦夫,内　循環器内科　ひ,,令6. 1. 1,kyushu/000491322.zip
診療所,44,0611505,社会医療法人　関愛会　野津第一内科医院,臼杵市野津町大字野津市５１０番地,0974-32-3355,社会医療法人　関愛会　理事長　増永　義則,和田　将裕,一般　内　神内　呼　胃　循,,令7. 9. 1,kyushu/000491322.zip
診療所,44,0611513,ゆうき皮ふ科クリニック,臼杵市大字市浜７４３番地９,0972-83-5000,医療法人　ゆうき皮ふ科クリニック　理事長　奥津　悠輝,奥津　悠輝,皮,,令8. 1. 1,kyushu/000491322.zip
診療所,44,0710612,金田医院,津久見市高洲町１９－１０,0972-82-2881,金田　雅俊,金田　雅俊,内　呼　胃　循　小,,昭62. 2. 16,kyushu/000491322.zip
病院,44,0710620,津久見市医師会立津久見中央病院,津久見市大字千怒６０１１番地,0972-82-1123,一般社団法人津久見市医師会　会長　金田　雅俊,石川　浩一,一般　内　呼　胃　消　循　小　外　整外　こう　耳い　気食　リハ　放　皮　精　心内　ひ,120,平元. 8. 1,kyushu/000491322.zip
診療所,44,0710703,小宅医院,津久見市港町１０－２４,0972-82-2015,小宅　和俊,小宅　和俊,内　小　リハ,,平5. 4. 20,kyushu/000491322.zip
診療所,44,0710745,大石医院,津久見市上宮本町２２番１４号,0972-82-2014,医療法人椿会　理事長　大石　省一郎,大石　省一郎,一般　内　小　リウ,,平9. 5. 1,kyushu/000491322.zip
診療所,44,0710752,深江医院,津久見市宮本町９番１９号,,深江　俊三,深江　俊三,内　消　呼　循,,平9. 7. 1,kyushu/000491322.zip
診療所,44,0710786,小田クリニック,津久見市港町９番３号,0972-82-0280,医療法人小田クリニック　理事長　小田　泰生,小田　泰生,整外　内　循　小　精　心内,,平11. 11. 1,kyushu/000491322.zip
診療所,44,0710802,つくみクリニック,津久見市宮本町２番２３号,0972-85-0055,医療法人永楓会　理事長　永松　德和,永松　德和,外　内　胃　整外,,平15. 5. 1,kyushu/000491322.zip
診療所,44,0710828,津久見市保戸島診療所,津久見市大字保戸島８８０番地の１,0972-87-2320,津久見市長　石川　正史,竹下　泰,内,,平18. 4. 1,kyushu/000491322.zip
診療所,44,0710836,後藤医院,津久見市中央町３０ー２３,,後藤　三晴,後藤　三晴,整外　外　内　リハ,,平18. 5. 1,kyushu/000491322.zip
診療所,44,0710851,津久見中央病院へき地巡回診療所,津久見市大字千怒６０１１番地,0972-82-1123,一般社団法人津久見市医師会　会長　金田　雅俊,石川　浩一,内,,平18. 12. 1,kyushu/000491322.zip
診療所,44,0710877,池邉整形外科,津久見市大字津久見浦字福３８２５番地７２,0972-82-3588,医療法人　池邉整形外科　理事長　池邉　修二,池邉　修二,一般　整外　リウ　リハ,,平19. 7. 1,kyushu/000491322.zip
診療所,44,0710885,姫野胃腸科クリニック,津久見市大字千怒字新地６０４５番地５,0972-85-0369,医療法人　医誠会　理事長　姫野　秀一,姫野　秀一,胃　こう　内　外,,平19. 7. 1,kyushu/000491322.zip
診療所,44,0710919,秋岡医院,津久見市徳浦本町７番３号,0972-82-2617,医療法人一貫軒　理事長　秋岡　貫一郎,秋岡　健一郎,内　糖尿病内科　胃　呼　循　小　麻,,平20. 6. 1,kyushu/000491322.zip
診療所,44,0710927,小手川内科クリニック,津久見市大字網代字西の下９５－１９,0972-84-9221,医療法人　大誓会　理事長　小手川　雅彦,小手川　雅彦,内　循　呼,,平26. 8. 1,kyushu/000491322.zip
診療所,44,0710935,加納医院,津久見市中央町３番１４号,0972-82-3753,加納　俊祐,加納　俊祐,眼,,令3. 10. 1,kyushu/000491322.zip
病院,44,0810412,竹田医師会病院,竹田市大字拝田原４４８番地,0974-63-3241,一般社団法人竹田市医師会　会長　竹下　昌一,原　政英,一般　療養　内　外　整外　小　呼　循　麻　胃　放　リハ　大腸・肛門外科　ひ,,昭43. 6. 1,kyushu/000491322.zip
病院,44,0810586,加藤病院,竹田市大字竹田１８５５,0974-63-2338,医療法人雄仁会　理事長　加藤　一郎,加藤　一郎,精神　心内　精　内　循環器内科,212,昭63. 1. 1,kyushu/000491322.zip
診療所,44,0810594,秦医院,竹田市大字竹田７５５番地,,医療法人社団柏方会　理事長　秦　一敏,秦　一敏,一般　内　呼　胃　循,,平2. 9. 1,kyushu/000491322.zip
診療所,44,0810602,道全内科,竹田市大字玉来６２３番地の７,,医療法人道全内科　理事長　竹下　昌一,竹下　昌一,一般　内　呼内　循環器内科　消化器内科　腎臓内科　血液内科　糖尿病内科,,平3. 5. 1,kyushu/000491322.zip
診療所,44,0810610,加藤内科医院,竹田市大字竹田２０７８番地の２,,加藤　宏明,加藤　宏明,内　消　リハ,,平3. 7. 1,kyushu/000491322.zip
診療所,44,0810628,大分県医療生活協同組合竹田診療所,竹田市大字会々３３１３－１,0974-62-4014,大分県医療生活協同組合　理事長　楢原　真由美,亀井　たけし,内　胃　循　小　リハ,,平4. 4. 1,kyushu/000491322.zip
診療所,44,0810636,古島眼科,竹田市大字竹田町４８０番地,0974-63-2407,医療法人古島眼科　理事長　古嶋　正俊,古嶋　正俊,一般　眼,,平7. 1. 1,kyushu/000491322.zip
診療所,44,0810644,竹田クリニック,竹田市大字会々字七里１６３６－１０,0974-64-9000,医療法人大分記念病院　理事長　末友　仁,松岡　一江,療養　内　人工透析内科,,平10. 7. 1,kyushu/000491322.zip
診療所,44,0810685,みはらクリニック,竹田市大字会々１２５７番地,0974-62-3850,医療法人健伸会　理事長　三原　徹之,三原　徹之,糖尿病内科　内　整外　麻　アレ　リハ,,平14. 10. 1,kyushu/000491322.zip
病院,44,0810719,大久保病院,竹田市久住町大字栢木６０２６番地２,0974-64-7777,社会医療法人社団　大久保病院　理事長　大久保　彰子,津村　弘,一般　内　循環器内科　消化器内科　膠原病内科　神内　呼内　整外　外　呼外　乳腺外科　消化器外科（胃腸・肛門）　リハ　ひ　婦　脳外　内分泌・糖尿病内科,,平2. 3. 1,kyushu/000491322.zip
診療所,44,0810727,伊藤医院,竹田市直入町大字長湯７９８５番地５,0974-75-2222,医療法人孝寿会　理事長　伊藤　恭,伊藤　恭,一般　内　呼　消　循　リハ,,平5. 11. 1,kyushu/000491322.zip
診療所,44,0810735,久住加藤医院,竹田市久住町大字久住６２６８番地,0974-76-0008,医療法人　豊和会　理事長　加藤　一朗,久保田　公仁孝,内　循　リハ　歯,,平17. 11. 1,kyushu/000491322.zip
診療所,44,0810743,安西皮膚科,竹田市大字会々２３１０－１,0974-63-3232,安西　三郎,安西　三郎,皮,,平18. 6. 1,kyushu/000491322.zip
診療所,44,0810768,志賀内科,竹田市大字竹田１８８８番地１,,医療法人　信尚会　理事長　志賀　耕二,志賀　洋,一般　内　呼　消化器（胃腸）科　循,,平19. 6. 1,kyushu/000491322.zip
診療所,44,0810800,くどう循環器科・内科,竹田市玉来８６７番地,0974-63-2304,工藤　博司,工藤　博司,循　内　糖尿病内科　呼内　外　皮,,平25. 4. 1,kyushu/000491322.zip
診療所,44,0810818,柚須医院,竹田市大字竹田１８１０番地１,0974-63-2016,柚須　慎,柚須　慎,内　小,,平25. 10. 3,kyushu/000491322.zip
診療所,44,0810834,こころの郷クリニック,竹田市大字飛田川１６１８番地２３,0974-63-3336,社会福祉法人　雄仁会　理事長　加藤　一郎,山上　健,精　内,,平27. 7. 1,kyushu/000491322.zip
診療所,44,0810842,須小耳鼻咽喉科,竹田市大字竹田町５１８－４,0974-63-3387,須小　毅,須小　毅,耳い,,平28. 4. 1,kyushu/000491322.zip
診療所,44,0810859,深堀内科医院,竹田市大字菅生１１５７番地２,0974-70-5112,深堀　宏治,深堀　宏治,内,,平28. 6. 1,kyushu/000491322.zip
診療所,44,0810867,竹田市立こども診療所,竹田市大字玉来２番地６,0974-63-3838,竹田市長　土居　昌弘,髙野　智幸,小,,平31. 4. 1,kyushu/000491322.zip
診療所,44,0810875,竹田市医師会立　竹田医師会病院　荻町診療所,竹田市荻町馬場４３１,0974-68-2005,一般社団法人　竹田市医師会　会長　竹下　昌一,佐藤　栄伸,内,,令6. 6. 1,kyushu/000491322.zip
診療所,44,0910394,安部内科,豊後高田市玉津４１５,0978-22-2109,安部　思,安部　思,内,,昭49. 1. 1,kyushu/000491322.zip
診療所,44,0910477,佐藤医院,豊後高田市浜町６７２番地,0978-22-2353,佐藤　春生,佐藤　春生,耳い,,平2. 9. 10,kyushu/000491322.zip
病院,44,0910485,高田中央病院,豊後高田市新地１１７６番地１,0978-22-3745,社会医療法人新生会　理事長　瀧上　茂,瀧上　茂,一般　内　消化器内科　血液内科　肝臓内科　糖尿病内科　腎臓内科　リウマチ膠原病内科　消化器外科　呼内　循環器内科　神内　整外　リハ　外　大腸・肛門外科　胃腸外科　ひ　眼　皮　小　放　乳腺外科　心療内科　形外　婦,138,平3. 5. 1,kyushu/000491322.zip
診療所,44,0910519,せぐち内科,豊後高田市玉津１３１６番地１,0978-23-0066,医療法人社団せぐち内科　理事長　瀬口　正志,瀬口　正志,内,,平8. 10. 1,kyushu/000491322.zip
診療所,44,0910543,原田医院,豊後高田市中真玉２１３３番地,0978-53-4047,医療法人　真萌会　原田医院　理事長　原田　和典,原田　和典,内　呼　消　循　胃,,平15. 7. 1,kyushu/000491322.zip
診療所,44,0910550,サンクリニック,豊後高田市見目３９１５番地１,0978-54-2700,社会医療法人新生会　理事長　瀧上　茂,宮内　和誠,内　皮　眼　整外,,平16. 11. 1,kyushu/000491322.zip
診療所,44,0910576,くれさき循環器クリニック,豊後高田市呉崎１５９２,0978-23-1143,三浦　徹也,三浦　徹也,内　循環器内科　外,,平19. 11. 1,kyushu/000491322.zip
病院,44,0910584,千嶋病院,豊後高田市呉崎７３８番地１,0978-22-3185,医療法人積善会　理事長　千嶋　達夫,千嶋　達夫,精神　精　心内　老年精神科,196,平19. 12. 1,kyushu/000491322.zip
病院,44,0910592,玄々堂高田病院,豊後高田市界３７８番地２,0978-22-1134,医療法人玄々堂　理事長　花岡　雅秀,原田　博文,一般　整外　内　リハ　人工透析科　循環器内科　腎臓内科,,平25. 3. 1,kyushu/000491322.zip
診療所,44,0910634,みずのえ呼吸器内科クリニック,豊後高田市界字荒田３７９番地９,0978-23-1159,医療法人　みずのえ呼吸器内科クリニック　理事長　水之江　俊治,水之江　俊治,呼内　内　アレ,,平28. 6. 1,kyushu/000491322.zip
診療所,44,0910659,ながまつ内科・小児科クリニック,豊後高田市玉津１１０番地１,0978-22-0022,医療法人ながまつ内科・小児科クリニック　理事長　永松　秀康,永松　秀康,内科　老年内科　漢方内科　内視鏡内科　消化器内科　小　皮,,令元. 7. 1,kyushu/000491322.zip
診療所,44,0910667,おしうみファミリークリニック,豊後高田市玉津３５７番地,0978-24-1103,医療法人　Ｆｅｌｉｘ　Ｖｉｔａ　理事長　鴛海　太郎,鴛海　太郎,内　外　小　婦　漢方内科　老年内科,,令5. 4. 1,kyushu/000491322.zip
病院,44,1010210,杵築中央病院,杵築市大字杵築１２０番地,0978-62-3080,医療法人恵友会　理事長　安東　孝文,安東　孝文,一般　内　外　消　アレ　ひ　リハ　循　呼　放　人工透析内科　神内　整外　乳腺外科　糖尿病内科,,昭38. 5. 1,kyushu/000491322.zip
診療所,44,1010392,伊藤小児科循環器科医院,杵築市大字杵築６６５番地,0978-62-6311,医療法人伊藤小児科循環器科医院　理事長　伊藤　晋一,伊藤　晋一,小　内　循,,平2. 2. 1,kyushu/000491322.zip
診療所,44,1010442,田原医院,杵築市大字八坂２７３０－２,0978-62-2525,田原　亨,田原　亨,内,,平6. 4. 1,kyushu/000491322.zip
診療所,44,1010459,衛藤外科,杵築市大字大内字塩浜７６９５番１,0978-63-6977,医療法人大生会　理事長　衛藤　大明,衛藤　大明,一般　外　整外　リハ　胃　呼　こう,,平7. 2. 1,kyushu/000491322.zip
診療所,44,1010483,菅原内科杵築,杵築市大字南杵築字大手内１９４７番３,0978-63-5588,医療法人功尚会　理事長　菅原　尚美,菅原　尚美,内　呼　消　循　放,,平9. 11. 1,kyushu/000491322.zip
病院,44,1010541,清和病院,杵築市大字船部２１６７番地の２０,0978-63-5560,医療法人オレンジ会　理事長　江﨑　祥太,小玉　壽輝,精神　精　心内　内,126,平12. 5. 1,kyushu/000491322.zip
診療所,44,1010558,岩下クリニック,杵築市杵築６６５番地６５５,0978-66-4055,医療法人アドナイ　理事長　岩下　幸雄,岩下　幸雄,外　消　内　リハ,,平13. 6. 1,kyushu/000491322.zip
診療所,44,1010566,杵築泌尿器科クリニック,杵築市大字大内字塩浜４５２６番地３,0978-63-3900,医療法人杵築泌尿器科クリニック　理事長　福永　良和,福永　良和,ひ　内,,平13. 11. 1,kyushu/000491322.zip
診療所,44,1010574,渡辺内科医院,杵築市大字杵築６９１番地１,0978-62-2104,医療法人渡辺内科医院　理事長　大野　繁樹,大野　繁樹,内　消化器内科,,平13. 11. 1,kyushu/000491322.zip
診療所,44,1010608,くりやまレディースクリニック,杵築市大字杵築字木田８６１番地１２,0978-66-1177,栗山　和文,栗山　和文,一般　産婦　小,,平17. 7. 1,kyushu/000491322.zip
病院,44,1010632,杵築市立山香病院,杵築市山香町大字野原１６１２番地１,0977-75-1234,杵築市長　永松　悟,小野　隆司,一般　内　小　外　整外　胃　皮　ひ　眼　耳い　リハ　放　循環器内科,138,平17. 10. 1,kyushu/000491322.zip
診療所,44,1010657,友岡医院,杵築市山香町大字立石１２５４－２,,友岡　操,友岡　操,内　外　小,,昭55. 12. 1,kyushu/000491322.zip
診療所,44,1010665,佐藤医院,杵築市山香町大字内河野字三反田２７６１番地１,0977-75-0217,医療法人恵慈会　理事長　佐藤　素生,佐藤　素生,内　小　麻　呼　循　外,,平7. 12. 1,kyushu/000491322.zip
診療所,44,1010715,いちみや医院,杵築市大字杵築６６５番地７８７,0978-62-1233,医療法人　徳成会　理事長　一宮　一成,一宮　一成,耳い　アレ,,平19. 6. 1,kyushu/000491322.zip
診療所,44,1010756,くまもとココロクリニック,杵築市大字杵築字北浜６６５番地４３２,0978-68-8650,熊本　庄二郎,熊本　庄二郎,心内　精神科　老年精神科,,平26. 10. 1,kyushu/000491322.zip
診療所,44,1010764,きつき眼科,杵築市大字杵築６６５番地１５０,0978-63-3020,医療法人恵英会きつき眼科　理事長　河野　高伸,河野　高伸,一般　眼,,平27. 1. 1,kyushu/000491322.zip
診療所,44,1010780,伊藤皮膚科,杵築市大字南杵築３－１,0978-62-2073,医療法人伊藤皮膚科　理事長　伊藤　宏士,伊藤　宏士,皮,,令元. 7. 1,kyushu/000491322.zip
診療所,44,1010806,しおはま診療所,杵築市大字大内字塩浜７７０３番地の４,0978-66-1220,医療法人恵友会　理事長　安東　孝文,中城　正夫,内　外　呼内　循環器内科,,令2. 11. 1,kyushu/000491322.zip
病院,44,1110440,佐藤第一病院,宇佐市大字法鏡寺７７番地の１,0978-32-2110,医療法人明徳会　理事長　佐藤　仁一,中原　成浩,一般　療養　内　循環器内科　消化器内科　糖尿病・代謝内科　内分泌内科　膠原病内科　消化器外科　乳腺外科　肛門外科　脳外　放射線診断科　リハ　リウ　整外　神内　麻　呼内,,昭45. 7. 1,kyushu/000491322.zip
病院,44,1110465,医療法人興仁会　桑尾病院,宇佐市大字四日市１１８番地,0978-32-1331,医療法人財団興仁会　理事長　桑尾　定明,桑尾　定明,療養　外　内　耳い,,昭41. 4. 1,kyushu/000491322.zip
病院,44,1110531,宇佐病院,宇佐市大字南宇佐１６５５番地,0978-37-0485,医療法人起愛会　理事長　新竹　将太,西口　昭弘,精神　精　内　心内,248,昭48. 3. 2,kyushu/000491322.zip
病院,44,1110705,宇佐高田医師会病院,宇佐市大字南宇佐６３５番地,0978-37-2300,一般社団法人　宇佐市医師会　会長　時枝　正史,柏木　孝仁,一般　一般（感染）　内　循環器内科　消化器内科　呼内　外　消化器外科　血液内科　腎臓内科　乳腺外科　麻　リハ　放,110,昭56. 4. 1,kyushu/000491322.zip
診療所,44,1110739,上田医院,宇佐市大字上田４８９番地,0978-32-0405,上田　征八郎,上田　征八郎,内　胃　循　外　リハ,,昭58. 2. 5,kyushu/000491322.zip
診療所,44,1110747,宇佐高田医師会病院無医地区巡回診療所,宇佐市大字南宇佐６３５番地,0978-37-2300,一般社団法人宇佐市医師会　会長　時枝　正史,柏木　孝仁,内　外　リハ,,昭60. 3. 1,kyushu/000491322.zip
診療所,44,1110804,桐田眼科医院,宇佐市大字四日市２６２５番地,0978-32-0016,医療法人桐田眼科医院　理事長　桐田　光彬,桐田　光彬,一般　眼,,平元. 6. 1,kyushu/000491322.zip
診療所,44,1110812,くまのみどう小児科,宇佐市大字四日市１０番地の１,0978-32-1500,医療法人くまのみどう小児科　理事長　熊埜御堂　義昭,熊埜御堂　義昭,小,,平元. 6. 1,kyushu/000491322.zip
診療所,44,1110853,宮原医院,宇佐市大字四日市１４８６の６,0978-33-2750,医療法人宮原医院　理事長　宮原　哲郎,宮原　哲郎,内　胃　外　こう,,平2. 12. 1,kyushu/000491322.zip
病院,44,1110887,小野内科病院,宇佐市大字南敷田７０５－１,0978-33-2180,医療法人弘陽会　理事長　小野　忠弘,小野　弘樹,一般　療養　内　循環器内科　呼内　神内　消化器内科　アレ　リハ,,平4. 10. 1,kyushu/000491322.zip
病院,44,1110978,医療法人信和会　和田病院,宇佐市大字出光１６５番地の１,0978-37-2500,医療法人信和会　理事長　和田　陽子,和田　純治,一般　療養　内　外　消化器内科　循環器内科　肛門外科　消化器外科　整外　呼内　ひ　リハ　脳外　皮　リウマチ・膠原病内科,,平7. 8. 1,kyushu/000491322.zip
診療所,44,1110986,渡辺医院,宇佐市大字四日市１２２２番地の１,,医療法人芙岳会　理事長　帆足　茂久,帆足　茂久,一般　呼内　消化器内科　循環器内科,,平7. 12. 1,kyushu/000491322.zip
診療所,44,1110994,宇佐リハビリ診療所,宇佐市大字山本１６５８番地,0978-33-5527,医療法人立清会　理事長　轟木　峻,立野　泰,一般　内　整外　リウ　リハ,,平8. 3. 1,kyushu/000491322.zip
診療所,44,1111018,医療法人藤心会　黒田整形外科,宇佐市大字上田１５１０番地,0978-37-2255,医療法人藤心会黒田整形外科　理事長　黒田　利秀,黒田　利秀,一般　内　外　整外　リハ,,平8. 5. 1,kyushu/000491322.zip
診療所,44,1111034,にしむら皮ふ科医院,宇佐市大字葛原７８０番地の１,0978-33-5800,医療法人にしむら皮ふ科医院　理事長　西村　正幸,西村　正幸,皮,,平10. 1. 1,kyushu/000491322.zip
病院,44,1111042,宇佐中央内科病院,宇佐市大字江須賀４０４６番地１,0978-38-5200,医療法人徳和会　理事長　徳光　克己,徳光　陽一郎,一般　胃腸内科　内視鏡内科　神内　呼内　循環器内科　漢方内科　肝臓内科　糖尿病内科　腫瘍内科　緩和ケア内科,,平10. 3. 1,kyushu/000491322.zip
診療所,44,1111067,玄々堂泌尿器科,宇佐市大字四日市字瓦塚１９番地の１,0978-34-0120,医療法人玄々堂　理事長　花岡　雅秀,田﨑　義久,一般　泌尿器科（人工透析）,,平11. 11. 1,kyushu/000491322.zip
診療所,44,1111083,クリニックオアシス,宇佐市大字和気４７７番地の１,0978-37-3700,医療法人宇水会　理事長　石田　浩一郎,石田　浩一郎,一般　内　放　リハ,,平12. 2. 1,kyushu/000491322.zip
診療所,44,1111091,くぼたクリニック,宇佐市大字上田８１番地の１,0978-34-0030,医療法人賛天会　理事長　窪田　正典,窪田　正典,内　外　ひ,,平12. 11. 1,kyushu/000491322.zip
診療所,44,1111109,玄々堂整形外科,宇佐市大字石田字瓦塚３３番地の２,0978-33-2700,医療法人玄々堂　理事長　花岡　雅秀,永嶋　寛,一般　整外　リハ,,平12. 12. 1,kyushu/000491322.zip
診療所,44,1111133,植山循環器科内科クリニック,宇佐市大字四日市７６番地,0978-32-0838,植山　敬久,植山　敬久,一般　内　循,,平14. 11. 1,kyushu/000491322.zip
診療所,44,1111141,いしだ内科,宇佐市大字長洲字塚前２２４１番地,0978-38-6262,石田　修二,石田　修二,一般　内　循　消　呼,,平14. 12. 1,kyushu/000491322.zip
診療所,44,1111166,はたで眼科,宇佐市法鏡寺２０５番地,0978-32-0004,医療法人昭仁会　理事長　幡手　昭男,幡手　昭男,眼,,平16. 5. 1,kyushu/000491322.zip
診療所,44,1111208,安心院中央医院,宇佐市安心院町下毛２１０９番地の５,0978-44-1110,医療法人葵会　理事長　田　雋一,田　雋一,一般　内　胃　循　外　整外　こう　リハ,,平4. 10. 1,kyushu/000491322.zip
診療所,44,1111216,古荘医院,宇佐市安心院町下毛２０６４－１１,0978-44-0015,医療法人古荘医院　理事長　古荘　陽三,古荘　陽三,内　循　小,,平4. 10. 1,kyushu/000491322.zip
診療所,44,1111224,医療法人九州千雅　安心院整形外科医院,宇佐市安心院町木裳字西光寺４１３番１,0978-44-2311,医療法人九州千雅　理事長　田中　英隆,高田　勝強,整外　内,,平12. 9. 1,kyushu/000491322.zip
診療所,44,1111240,いしばしの里クリニック,宇佐市院内町櫛野１６７番の１,0978-42-6071,医療法人悠久会　理事長　堀川　美智子,和田　瑞隆,内,,平14. 6. 1,kyushu/000491322.zip
診療所,44,1111265,院内中央医院,宇佐市院内町大副字下原４８３番１,0978-42-5251,医療法人安土会　理事長　安倍　縁,安倍　縁,内　外,,平16. 12. 1,kyushu/000491322.zip
診療所,44,1111281,内科　原澤医院,宇佐市下高家１１２４番地の１,0978-32-3222,原澤　一郎,原澤　一郎,内　循環器内科　消化器内科　神内　ペインクリニック内科　麻,,平18. 1. 1,kyushu/000491322.zip
診療所,44,1111323,村上医院,宇佐市安心院町木裳２３７番地,0978-44-0558,医療法人　翔陽会　理事長　村上　直彦,村上　直彦,内　小　消　整外　リハ　皮,,平19. 6. 1,kyushu/000491322.zip
診療所,44,1111331,レディースクリニック松本醫院,宇佐市貴船町１丁目３２番地,0978-38-7171,松本　英雄,松本　英雄,婦　内,,平22. 12. 1,kyushu/000491322.zip
診療所,44,1111349,宇佐レディースクリニック,宇佐市大字法鏡寺３３６番地の１,0978-33-3700,医療法人社団真和会　理事長　森本　和秀,森本　和秀,一般　産婦　麻,,平25. 6. 1,kyushu/000491322.zip
診療所,44,1111356,吉田耳鼻咽喉科,宇佐市大字上田字寺ノ前１７０番１２号,0978-25-4187,吉田　周平,吉田　周平,耳い,,平26. 4. 1,kyushu/000491322.zip
診療所,44,1111364,時枝内科医院,宇佐市大字葛原７７７番地の１,0978-32-3200,医療法人　時枝内科医院　理事長　時枝　正史,時枝　正史,一般　内　消化器内科　循環器内科　漢方内科,,平26. 4. 1,kyushu/000491322.zip
診療所,44,1111372,医療法人賀来内科医院,宇佐市大字北宇佐字前田１６２１番地の１,0978-37-1114,医療法人　賀来内科医院　理事長　賀来　寛雄,賀来　寛雄,一般　内,,平26. 9. 29,kyushu/000491322.zip
診療所,44,1111414,佐藤レディースクリニック,宇佐市大字上田１０６０番地の２,0978-32-3300,医療法人　大神会　理事長　大神　正幸,大神　正幸,一般　産婦,,平29. 1. 1,kyushu/000491322.zip
診療所,44,1111422,安心院クリニック,宇佐市安心院町下毛２０１５番,0978-44-1133,益田　治雄,益田　治雄,内　外　胃腸内科　肛門外科　整外　リハ,,平29. 5. 1,kyushu/000491322.zip
診療所,44,1111448,轟木整形外科,宇佐市大字南宇佐７６６,0978-37-2322,轟木　将也,轟木　将也,整外　リハ,,令2. 4. 1,kyushu/000491322.zip
診療所,44,1111455,宇佐メディカルクリニック,宇佐市大字辛島２９８番地の２,0978-33-3733,社会福祉法人宇水会　理事長　石田　敦子,石田　健朗,内　消化器内科　肝臓内科　消化器内視鏡内科,,令3. 4. 1,kyushu/000491322.zip
診療所,44,1111463,社会医療法人新生会　宇佐胃腸内科医院,宇佐市大字江須賀４０９２番地１,0978-38-1618,社会医療法人新生会　理事長　瀧上　茂,吉岩　あおい,内　消化器内科　外　消化器外科　肛門外科　皮,,令3. 4. 1,kyushu/000491322.zip
診療所,44,1111471,宗像医院,宇佐市大字下時枝５４９,0978-32-0281,宗像　光輝,宗像　光輝,一般　内　外　呼内　消化器内科　循環器内科　腎臓内科（人工透析）,,令5. 4. 21,kyushu/000491322.zip
診療所,44,1111489,佐藤とよかわクリニック,宇佐市大字中原３４７番地,0978-32-2100,医療法人明徳会　理事長　佐藤　仁一,田畑　正久,小　内　心内　精　耳い,,令6. 8. 1,kyushu/000491322.zip
診療所,44,1210067,豊後大野市民病院　無医地区巡回診療所,豊後大野市緒方町馬場２７６番地,0974-42-3121,豊後大野市長　川野　文敏,甲斐　成一郎,内　外,,平17. 3. 31,kyushu/000491322.zip
診療所,44,1210109,医療法人　宇野医院,豊後大野市犬飼町犬飼８０－２,097-578-1117,医療法人宇野医院　理事長　宇野　暢晃,宇野　暢晃,内　外　胃腸科,,平元. 6. 1,kyushu/000491322.zip
診療所,44,1210125,麻生眼科,豊後大野市三重町市場８７０－５,0974-22-0021,麻生　明子,麻生　明子,眼,,平元. 7. 1,kyushu/000491322.zip
診療所,44,1210141,土生医院,豊後大野市三重町市場５９８番地１,0974-22-0444,医療法人土生医院　理事長　土生　洋一,土生　洋一,一般　内　消　外　こう　麻,,平2. 7. 1,kyushu/000491322.zip
診療所,44,1210174,にこにこ内科クリニック,豊後大野市三重町小坂４１６９－１,0974-22-7776,医療法人ニコニコ診療所　理事長　辛島　篤吉,大森　史,内　外,,平4. 10. 1,kyushu/000491322.zip
病院,44,1210182,福島病院,豊後大野市三重町市場２３１,0974-22-3321,医療法人新生会　理事長　福島　隆生,福島　幹生,一般　内　呼内　消化器内科　循環器内科　腫瘍内科　糖尿病内科　腎臓内科　人工透析内科　外,,平4. 11. 1,kyushu/000491322.zip
診療所,44,1210190,後藤耳鼻咽喉科医院,豊後大野市三重町市場９８７－６,,医療法人後藤耳鼻咽喉科医院　理事長　後藤　治典,後藤　治典,耳い,,平5. 3. 1,kyushu/000491322.zip
診療所,44,1210273,佐藤産婦人科医院,豊後大野市三重町秋葉字杉の元１２４８番地,0974-22-4103,医療法人新明会　理事長　室　康治,佐藤　充弘,一般　産　婦　小,,平14. 11. 1,kyushu/000491322.zip
診療所,44,1210281,児玉医院,豊後大野市大野町田中２７０の１番地,0974-34-2215,医療法人祐愛会　理事長　児玉　一成,児玉　一成,内　外　胃,,平15. 11. 1,kyushu/000491322.zip
病院,44,1210299,豊後大野市民病院,豊後大野市緒方町馬場２７６番地,0974-42-3121,豊後大野市長　川野　文敏,甲斐　成一郎,一般　一般（感染）　療養　内　腫瘍内科（化学療法）　内分泌・代謝内科　血液内科　循環器内科　消化器内科　消化器外科　呼内　神内　外　整外　脳外　麻　小　皮　婦　眼　耳い　リハ　放　泌尿器科（人工透析）　腎臓内科,160,平17. 3. 31,kyushu/000491322.zip
診療所,44,1210307,多田整形外科クリニック,豊後大野市三重町赤嶺字深田１５７０番地,0974-22-8717,医療法人悠哲会　理事長　多田　勝弘,多田　勝弘,整外　リハ　リウ,,平16. 9. 1,kyushu/000491322.zip
診療所,44,1210323,いぬかい児玉医院,豊後大野市犬飼町田原字津留１１０５－１－１,097-578-5015,児玉　礼二,児玉　礼二,内　消　循　呼　リハ　小,,平17. 5. 1,kyushu/000491322.zip
診療所,44,1210331,広瀬医院,豊後大野市千歳町新殿７８１番地１,0974-37-2022,医療法人ＣＴＣ　理事長　廣瀬　輝雄,廣瀬　輝雄,内　小,,平17. 12. 1,kyushu/000491322.zip
診療所,44,1210364,天心堂おおの診療所,豊後大野市大野町田中２番９,0974-34-3331,社会医療法人財団天心堂　理事長　河村　忠雄,衛藤　大典,内　外　小　整外,,平18. 4. 1,kyushu/000491322.zip
診療所,44,1210398,おぐり胃腸・肛門科,豊後大野市三重町赤嶺１１６４番地１１,0974-22-6222,医療法人恒心会　理事長　小栗　多加味,小栗　多加味,一般　胃　こう　内　外,,平19. 5. 1,kyushu/000491322.zip
診療所,44,1210406,ごとう消化器科・内科クリニック,豊後大野市三重町大字赤嶺１６７０番地,0974-24-0070,医療法人ごとう消化器科・内科クリニック　理事長　後藤　孝之,後藤　孝之,一般　内　消　呼　循,,平19. 6. 1,kyushu/000491322.zip
診療所,44,1210422,いしかわ皮ふ科・形成外科,豊後大野市三重町市場１２７３番地１,0974-24-0120,医療法人石川会　理事長　石川　正,石川　正,皮　形外　美容皮ふ科,,平20. 6. 1,kyushu/000491322.zip
診療所,44,1210448,ふじしま内科,豊後大野市三重町市場１２７番地,0974-22-0114,医療法人社団宣和会　理事長　藤島　公典,藤島　英里子,一般　内　糖尿病内科　呼内　消化器内科　循環器内科　小　リハ,,平22. 4. 1,kyushu/000491322.zip
診療所,44,1210455,社会医療法人関愛会　三重東クリニック,豊後大野市三重町小坂字柳井瀬４１０９番地の６１,0974-22-6333,社会医療法人関愛会　理事長　増永　義則,宇都宮　健志,内　小,,平22. 9. 1,kyushu/000491322.zip
病院,44,1210505,帰巖会　みえ病院,豊後大野市三重町赤嶺１２５０番地１,0974-22-2222,社会医療法人　帰巖会　理事長　首藤　治,小栁　雅孔,一般　内　消化器内科　肝臓・消化器内科　循環器内科　消化器外科　内視鏡内科　糖尿病内科　腎臓内科　人工透析内科　呼内　外　大腸・肛門外科　心臓血管外科　整外　リウ　脳外　ひ　皮　神内　麻　リハ　放　精　歯　歯外　救急科,110,平23. 4. 1,kyushu/000491322.zip
診療所,44,1210513,みやわき小児科,豊後大野市三重町赤嶺８６１番地,0974-24-0230,医療法人　みやわき小児科　理事長　宮脇　貴史,宮脇　貴史,小　内　アレ,,平23. 5. 1,kyushu/000491322.zip
診療所,44,1210539,あさじ町クリニック,豊後大野市朝地町朝地９０６番地７,0974-64-1234,社会医療法人　帰巖会　理事長　首藤　治,平山　純一,外　内,,平29. 12. 1,kyushu/000491322.zip
診療所,44,1210554,岡本医院　おかもと糖尿病・内分泌クリニック,豊後大野市犬飼町犬飼１１,097-578-0210,岡本　将英,岡本　将英,糖尿病科　内分泌科　内,,平30. 6. 20,kyushu/000491322.zip
診療所,44,1210562,麻生医院,豊後大野市緒方町下自在１６８－１,0974-42-2023,医療法人真心会　理事長　麻生　真佐,麻生　真佐,内　呼　アレ,,令元. 7. 1,kyushu/000491322.zip
診療所,44,1210570,社会医療法人帰巖会みえ病院　清川巡回診療所,豊後大野市清川町砂田１８７７－３,0974-35-3561,社会医療法人　帰巖会　理事長　首藤　治,小栁　雅孔,内,,令6. 4. 1,kyushu/000491322.zip
病院,44,1310016,独立行政法人地域医療機能推進機構　湯布院病院,由布市湯布院町川南２５２番地,0977-84-3171,独立行政法人　地域医療機能推進機構　理事長　山本　修一,針　秀太,一般　療養　内　循環器内科　整外　リハ　神内　心内　消化器内科　眼　放　脳外　糖尿病内科　睡眠障害内科,147,昭37. 11. 1,kyushu/000491322.zip
病院,44,1310040,日野病院,由布市湯布院町川南２８０番地,0977-84-2181,医療法人福寿会　理事長　日野　修一郎,日野　修一郎,一般　内　循環器内科　消化器内科　老年内科　小　外　肛門外科　整外　産婦　耳い　リハ　アレ　呼内,,昭47. 1. 1,kyushu/000491322.zip
診療所,44,1310073,川崎内科,由布市挾間町古野２６３番地１,097-583-5211,医療法人大分厚生会　理事長　川﨑　紀則,川﨑　紀則,一般　内　消　循　呼　神内　リハ　放,,平7. 1. 1,kyushu/000491322.zip
診療所,44,1310081,南由布クリニック,由布市湯布院町川北１１１２番地４４,0977-85-5245,医療法人　大晴会　理事長　小手川　直史,鳥居　旬,内　小　リハ,,平9. 6. 1,kyushu/000491322.zip
診療所,44,1310099,ごとう医院,由布市挾間町向原３５０,097-540-7800,医療法人相生会　理事長　後藤　正幸,後藤　正幸,一般　内　外　消　呼　整外　小,,平9. 11. 1,kyushu/000491322.zip
診療所,44,1310107,秋吉医院,由布市湯布院町下湯平９０－２,0977-86-2241,秋吉　達次郎,秋吉　達次郎,内　小　消,,平10. 1. 31,kyushu/000491322.zip
診療所,44,1310115,佐藤医院,由布市庄内町大龍２１６４番地１,097-582-3131,医療法人照臨会　理事長　佐　愼二郎,佐　愼二郎,一般　内　消　循　小　リハ,,平10. 5. 1,kyushu/000491322.zip
診療所,44,1310131,新こどもクリニック,由布市挾間町北方５３番,097-583-8277,新　博行,新　博行,小　アレ,,平14. 9. 1,kyushu/000491322.zip
診療所,44,1310156,さとう消化器・大腸肛門クリニック,由布市挾間町北方１９番地１,097-583-8050,医療法人健葉会　理事長　佐藤　浩一,佐藤　浩一,一般　内　消　外　こう,,平16. 1. 1,kyushu/000491322.zip
診療所,44,1310164,宮崎医院,由布市庄内町大龍２３５７番地１,097-582-0345,医療法人宮崎医院　理事長　宮﨑　美樹,宮﨑　美樹,一般　内　整外　小,,平16. 7. 12,kyushu/000491322.zip
診療所,44,1310172,何松内科循環器科,由布市挾間町北方７５７番地３,097-583-1131,医療法人何松内科循環器科　理事長　何松　啓志,何松　啓志,一般　内　呼　消　循　外,,平16. 12. 1,kyushu/000491322.zip
診療所,44,1310206,森本整形外科クリニック,由布市挾間町挾間２６７番地,097-586-3700,医療法人森本整形外科　理事長　森本　哲也,森本　哲也,整外　リハ,,平19. 5. 1,kyushu/000491322.zip
診療所,44,1310214,おざきホームケアクリニック,由布市庄内町庄内原８２８番地１,097-582-0013,医療法人　人昭会　理事長　尾﨑　任昭,尾﨑　任昭,循　内　呼　消　整外,,平19. 5. 1,kyushu/000491322.zip
診療所,44,1310222,ひろたクリニック,由布市挾間町大字北方字下角５３番地　ゆめタウンはさまクリニックビル２階Ｂ区画,097-583-5777,田　清司,田　清司,内　血液内科　心内　精,,平21. 5. 1,kyushu/000491322.zip
診療所,44,1310248,立川眼科,由布市挾間町挾間２７６番地２,097-586-3719,医療法人　立川眼科　理事長　立川　貴寿,立川　貴寿,眼,,平26. 6. 1,kyushu/000491322.zip
診療所,44,1310263,Ｍｅｄｉｃａｌ　Ｅｍｐｏｗｅｒｍｅｎｔ　Ｓｔａｔｉｏｎ　陣屋の里,由布市挾間町鬼瀬９７１－６,097-583-2020,医療法人三ケ田慈愛会　理事長　三ケ田　智弘,三ケ田　智弘,児童精神科　精神科　小,,令2. 4. 1,kyushu/000491322.zip
診療所,44,1310289,ゆずの木クリニック,由布市湯布院町川上２７１３－２,0977-85-4625,医療法人　ゆずの木会　理事長　桑野　愼一郎,桑野　愼一郎,内,,令4. 5. 1,kyushu/000491322.zip
診療所,44,1310297,一般社団法人湯布院金鱗湖クリニック,由布市湯布院町川上２５１８－１,0977-75-9082,一般社団法人湯布院金鱗湖クリニック　代表理事　岩里　桂太郎,岩里　桂太郎,美容皮膚科　形外　皮　美容内科,,令7. 5. 1,kyushu/000491322.zip
診療所,44,1310305,岩男医院,由布市湯布院町川上３０５９番地１,0977-84-3101,医療法人慈愛会　理事長　岩男　裕二郎,岩男　裕二郎,一般　内　呼吸器内科　外　整外　リハ　消化器内科　透析,,令7. 6. 1,kyushu/000491322.zip
病院,44,1410022,国見病院,国東市国見町伊美１９６８番地,0978-82-1251,医療法人二豊会　理事長　鹿田　康紀,鹿田　康紀,療養　内　循　外　皮　呼外　呼内　消化器内科　リハ,,昭51. 9. 1,kyushu/000491322.zip
診療所,44,1410048,堀田医院,国東市国見町伊美２６４１番地１,,医療法人堀田医院　理事長　堀田　正一,堀田　正一,一般　内　消　循　リウ　リハ　放,,平2. 2. 1,kyushu/000491322.zip
診療所,44,1410063,福永胃腸科外科医院,国東市国東町鶴川１０６番地,,医療法人福永胃腸科外科医院　福永　淳治,福永　淳治,胃　外　整外　こう　麻　リハ,,平3. 11. 1,kyushu/000491322.zip
診療所,44,1410089,末綱クリニック,国東市国東町田深字中町６６５番４,0978-72-0433,医療法人鶴玲会　理事長　末綱　純一,末綱　純一,内　消　内視鏡科　循　呼　リハ　心内　放　アレ,,平6. 12. 1,kyushu/000491322.zip
診療所,44,1410097,むさし整形外科医院,国東市武蔵町古市１４８番地,,医療法人昂陽会　理事長　多治見　新造,多治見　新造,整外　リハ　麻,,平8. 6. 1,kyushu/000491322.zip
診療所,44,1410105,定村内科医院,国東市安岐町塩屋１１４番地１,0978-67-2127,医療法人健悠会　理事長　定村　智章,衛藤　薫,一般　内　消　循,,平9. 1. 1,kyushu/000491322.zip
病院,44,1410113,国東市民病院,国東市安岐町下原１４５６番地,0978-67-1211,国東市長　松井　督治,野邊　靖基,一般　一般（感染）　療養　内　神内　外　整外　消化器内科　消化器外科　呼内　産婦　小　歯外　耳い　精　リハ　皮　ひ　脳外　肛門外科　麻　放　循環器内科,149,平18. 3. 31,kyushu/000491322.zip
診療所,44,1410121,国東市民病院移動診療所,国東市安岐町下原１４５６番地,0978-67-1211,国東市長　松井　督治,野邊　靖基,内　外,,平18. 3. 31,kyushu/000491322.zip
診療所,44,1410147,牛嶋内科クリニック,国東市武蔵町古市８９,0978-69-0889,牛嶋　二郎,牛嶋　量一,内　胃　呼,,平11. 3. 8,kyushu/000491322.zip
病院,44,1410170,あおぞら病院,国東市国東町小原２６５０番地,0978-72-0455,医療法人メディケアアライアンス　理事長　廣瀬　善弘,廣瀬　善弘,一般　循　内　整外　放　リハ　耳い　透析　血液内科　腎臓内科　脳内,,平15. 9. 1,kyushu/000491322.zip
診療所,44,1410188,あさひクリニック,国東市国東町綱井４３２－７,0978-72-0365,医療法人浩陽会　理事長　二宮　浩一,二宮　浩一,一般　内　消　小　外　リハ,,平16. 7. 1,kyushu/000491322.zip
診療所,44,1410212,はるかぜ醫院,国東市国見町大熊毛字花開１８２番地,0978-89-9414,医療法人ほとけの里　理事長　坪井　由紀,坪井　由紀,内　リハ　循　消　心内　糖尿病・内分泌代謝内科　緩和ケア　皮,,平11. 8. 1,kyushu/000491322.zip
診療所,44,1410238,朝倉内科医院,国東市安岐町中園４００番地,0978-67-2012,医療法人　朝倉会　理事長　朝倉　康景,朝倉　康景,内　消　胃　呼　循,,平19. 5. 1,kyushu/000491322.zip
診療所,44,1410246,富来Ｋ．クリニック,国東市国東町富来浦１７８８番１,0978-73-3010,医療法人　順心会　理事長　桾本　定秀,桾本　定秀,内　外　小　循　皮　消　形外　整外　こう　リハ,,平19. 6. 1,kyushu/000491322.zip
診療所,44,1410279,国東中央クリニック,国東市国東町北江３２４５番地４,0978-73-2200,医療法人輝生会　理事長　進　輝政,進　輝政,一般　内　循　消　呼　心内　リハ　小,,平20. 11. 21,kyushu/000491322.zip
診療所,44,1410295,メープル尽クリニック,国東市安岐町下原３８１番１,0978-67-2800,医療法人薫楓会　理事長　菅　淳一,菅　淳一,内　消　心外　人工透析内科　腎臓内科,,平24. 1. 1,kyushu/000491322.zip
診療所,44,1410303,たてわき眼科,国東市武蔵町糸原２５１７番地,0978-69-0111,医療法人真和会　理事長　帶刀　真也,帶刀　真也,眼,,平24. 1. 1,kyushu/000491322.zip
診療所,44,2110852,姫島村国民健康保険診療所,東国東郡姫島村１５６０番地の１,0978-87-3221,姫島村長　大海　靖治,三浦　源太,一般　内　外　小　眼　歯,,昭57. 6. 29,kyushu/000491322.zip
診療所,44,2210314,大石内科医院,速見郡日出町２９１９,0977-72-2121,大石　定信,大石　定信,内　循　呼　胃,,昭52. 3. 1,kyushu/000491322.zip
診療所,44,2210397,酒井医院,速見郡日出町豊岡字石田７５５番地３,0977-72-2624,酒井　敏夫,酒井　敏夫,内　小　呼　消　循　放　理学診断科,,昭61. 1. 1,kyushu/000491322.zip
診療所,44,2210421,医療法人　すがこどもクリニック,速見郡日出町大字豊岡６１００番地２５１,,医療法人　すがこどもクリニック　理事長　菅　尚浩,菅　尚浩,小　内,,平3. 11. 1,kyushu/000491322.zip
診療所,44,2210488,吉岡内科医院,速見郡日出町大字川崎字内野５２４０番５,0977-73-2787,吉岡　和則,吉岡　和則,内　消　リハ　リウ,,平7. 10. 1,kyushu/000491322.zip
診療所,44,2210546,岡田内科クリニック,速見郡日出町３９０２番地２,0977-28-0101,医療法人岡田内科クリニック　理事長　岡田　久司,岡田　久司,内　呼内　消化器内科　循環器内科,,平11. 5. 1,kyushu/000491322.zip
診療所,44,2210561,松本整形外科クリニック,速見郡日出町３８７０－３,0977-73-2775,松本　直之,松本　直之,整外　リウ　リハ,,平12. 4. 1,kyushu/000491322.zip
病院,44,2210595,日出児玉病院,速見郡日出町大字川崎８３７番地の１,0977-72-2724,特定医療法人瑞木会　理事長　兒玉　孝仁,兒玉　孝仁,一般　内　循環器内科　消化器内科　消化器外科　呼内　アレ　外　整外　リハ,,平14. 8. 8,kyushu/000491322.zip
診療所,44,2210603,さくら医院,速見郡日出町３８３９番地７,0977-28-0777,医療法人さくら医院　理事長　大畑　政代,大畑　政代,皮,,平14. 11. 1,kyushu/000491322.zip
診療所,44,2210611,川崎診療所,速見郡日出町大字川崎５０７番地の３,0977-28-1611,特定医療法人瑞木会　理事長　児玉　敦幹,山田　滋彦,内,,平15. 4. 1,kyushu/000491322.zip
診療所,44,2210645,こうまつ循環器科内科クリニック,速見郡日出町３８５２番６,0977-73-0077,医療法人泰晋会　理事長　幸松　晃正,幸松　晃正,一般　循環器内科　内　腎臓内科　人工透析内科,,平16. 1. 1,kyushu/000491322.zip
診療所,44,2210652,金田耳鼻咽喉科医院,速見郡日出町３８３４番地９,0977-28-0810,医療法人金田耳鼻咽喉科医院　理事長　金田　規嗣,金田　規嗣,耳い,,平16. 1. 1,kyushu/000491322.zip
診療所,44,2210660,てしまこどもの杜クリニック,速見郡日出町３９０２番地３,0977-28-0870,医療法人てしまこどもの杜クリニック　理事長　手島　正裕,手島　正裕,小　アレ　呼　内,,平17. 6. 1,kyushu/000491322.zip
診療所,44,2210694,日出中央医院,速見郡日出町３４７０－８,0977-72-2534,佐登　宣仁,佐登　宣仁,内　麻,,平18. 2. 1,kyushu/000491322.zip
病院,44,2210736,鈴木病院,速見郡日出町３９０４番６,0977-73-2131,医療法人久寿会　理事長　鈴木　貫史,鈴木　貫史,一般　消　こう　外　内　呼　循　ひ　放　リハ　整外,,平19. 12. 1,kyushu/000491322.zip
病院,44,2210751,サンライズ酒井病院,速見郡日出町３１５６番地１,0977-72-2266,医療法人平成会　理事長　酒井　祐一,酒井　晃治,一般　療養　整外　内　消化器内科　呼内　循環器内科　糖尿病内科　脳外　外　リハ　リウ　婦　麻,,平20. 7. 22,kyushu/000491322.zip
診療所,44,2210769,江本眼科,速見郡日出町３２７８番地１,0977-28-1700,医療法人江本眼科　理事長　江本　一郎,江本　一郎,眼,,令7. 6. 1,kyushu/000491322.zip
診療所,44,2210777,八重眼科医院,速見郡日出町大字川崎字角力田３番地の１,0977-73-1221,久保田　敏昭,久保田　敏昭,一般　眼,,令8. 3. 17,kyushu/000491322.zip
病院,44,2810543,小中病院,玖珠郡玖珠町大字塚脇１２３番地,0973-72-2167,医療法人純和会　理事長　小中　敏生,小中　敏生,一般　内　外　胃腸内科　小　整外　リハ,,昭45. 9. 1,kyushu/000491322.zip
診療所,44,2810717,矢原医院,玖珠郡九重町大字右田１０２８の１１番地,0973-77-6121,医療法人豊山会　理事長　栗林　良子,矢原　澄郎,一般　内　胃　外　消化器外科　乳腺外科　整外　小　ひ　皮,,平元. 9. 1,kyushu/000491322.zip
診療所,44,2810741,友成医院,玖珠郡九重町大字町田５５７番地の１,0973-78-8811,医療法人英和会　理事長　友成　一英,友成　一英,内　外　胃　小　皮　こう,,平2. 12. 1,kyushu/000491322.zip
病院,44,2810808,医療法人啓燈会　玖珠記念病院,玖珠郡玖珠町大字塚脇６３３番地の２,0973-72-1127,医療法人啓燈会　理事長　河田　俊一郎,河田　俊一郎,一般　内　外　消化器内科　消化器外科　リウ　リハ,,平7. 2. 1,kyushu/000491322.zip
診療所,44,2810816,麻生消化器科内科,玖珠郡玖珠町大字山田２２８９－１,0973-72-7100,麻生　隆良,麻生　隆良,内　消　小,,平7. 4. 1,kyushu/000491322.zip
診療所,44,2810824,長内科小児科胃腸科医院,玖珠郡玖珠町帆足２３２－８,0973-72-2143,医療法人長内科小児科胃腸科医院　理事長　長　益悦,長　益悦,一般　療養　内　胃　小,,平7. 7. 1,kyushu/000491322.zip
診療所,44,2810865,小野眼科医院,玖珠郡玖珠町大字塚脇１７１番地の３,0973-72-7120,医療法人慶佑会　理事長　小野　正幸,小野　ひろみ,眼,,平11. 5. 1,kyushu/000491322.zip
診療所,44,2810873,北山田クリニック,玖珠郡玖珠町大字戸畑１６６７番地の１,0973-73-2030,医療法人慶佑会　理事長　小野　正幸,小野　正幸,外　内,,平11. 10. 1,kyushu/000491322.zip
診療所,44,2810881,友成医院,玖珠郡玖珠町大字塚脇１２８番地の２,0973-72-0330,医療法人友光会　理事長　友成　正路,友成　正路,一般　産婦　小　内　麻　脳外　リハ,,平11. 11. 1,kyushu/000491322.zip
診療所,44,2810899,飯田高原診療所,玖珠郡九重町大字田野１２７１番地,0973-79-2138,九重町長　日野　康志,野瀬　善明,内　小　外,,平13. 2. 1,kyushu/000491322.zip
診療所,44,2810931,玖珠耳鼻咽喉科医院,玖珠郡玖珠町大字帆足２２２－４,0973-72-2851,玖珠九重行政事務組合　管理者　宿利　政和,上野　哲子,耳い,,平19. 4. 1,kyushu/000491322.zip
診療所,44,2810949,武田医院,玖珠郡玖珠町大字森９５５番地,0973-72-0170,医療法人三島会　理事長　武田　大威,武田　大威,内　小,,平19. 5. 1,kyushu/000491322.zip
診療所,44,2810956,荒木医院,玖珠郡玖珠町大字森９８５番地の４,0973-72-2466,荒木　秀彦,荒木　秀彦,内　小,,平22. 7. 1,kyushu/000491322.zip
診療所,44,2810964,日出生診療所,玖珠郡玖珠町大字日出生２０４４－１,0973-72-2466,荒木　秀彦,荒木　秀彦,内　小,,平23. 11. 1,kyushu/000491322.zip
診療所,44,2810980,井上医院,玖珠郡九重町大字恵良５９２,0973-76-2711,医療法人　井上医院　理事長　井上　徹,井上　徹,内　外,,平24. 1. 1,kyushu/000491322.zip
診療所,44,2811012,三池循環器内科クリニック,玖珠郡玖珠町大字塚脇４６１番地の７,0973-72-6101,医療法人　善心会　理事長　三池　太朗,三池　太朗,内　循環器内科,,平26. 7. 1,kyushu/000491322.zip
診療所,44,2811020,渓和ファミリークリニック,玖珠郡九重町大字町田字瀧ノ尻９１０番地の１,0973-78-8088,医療法人　豊山会　理事長　栗林　良子,栗林　良子,内,,令6. 11. 1,kyushu/000491322.zip
病院,44,2811038,協心橋病院,玖珠郡玖珠町大字帆足３５７番地１,0973-72-2135,医療法人玖寿会　理事長　山下　太郎,山下　太郎,一般　療養　内　整外　リハ,,令7. 5. 1,kyushu/000491322.zip
病院,44,8010023,独立行政法人国立病院機構　別府医療センター,別府市大字内竃１４７３番地,0977-67-1111,独立行政法人国立病院機構　理事長　新木　一弘,末永　康夫,一般　精神　内　呼内　循環器内科　消化器内科　脳神経内科　腎臓内科　糖尿病・内分泌内科　血液内科　乳腺外科　血管外科　消化器外科　食道外科　心臓外科　呼外　整外　脳神経外科　形外　精　リウ　小　皮膚科・皮膚腫瘍科　ひ　産婦　眼　耳い　リハ　放　病理診断科　臨床検査科　麻　歯　歯外　救急科,423,昭29. 12. 1,kyushu/000491322.zip
病院,44,8110054,独立行政法人国立病院機構　西別府病院,別府市荘園町７３番８号,0977-24-1221,独立行政法人国立病院機構　理事長　新木　一弘,末延　聡一,一般　結核　内　神内　呼　小　外　整外　放　歯　皮　婦　リハ　脳神経外科　循　精神科（小児）,294,昭35. 7. 1,kyushu/000491322.zip
病院,44,8111631,独立行政法人国立病院機構　大分医療センター,大分市横田２丁目１１－４５,097-593-1111,独立行政法人国立病院機構　理事長　新木　一弘,椛島　章,一般　外　糖尿病・代謝・内分泌内科　膠原病内科　呼内　神内　血液内科　消化器内科　循環器内科　腎臓内科　整外　呼外　消化器外科　乳腺外科　心外　ひ　婦　リハ　放　麻　病理診断科　精　皮,273,昭35. 7. 1,kyushu/000491322.zip
病院,44,8210672,大分大学医学部附属病院,由布市挾間町医大ケ丘１丁目１番地,097-549-4411,国立大学法人　大分大学長　北野　正剛,井原　健二,一般　精神　内　消化器内科　循環器内科　腫瘍内科　内分泌・糖尿病内科　血液内科　リウマチ科・内科　呼吸器・感染症内科　脳神経内科　精神科　児童精神科　小　神経小児科　消化器外科　呼外　病理診断科　乳腺外科　脳神経外科　心臓血管外科　小外　整形外科・リウマチ科　リハ　皮　形外　腎臓外科・泌尿器科　腎臓内科　眼　耳鼻咽喉科・頭頸部外科　産婦　放　麻　アレ　歯外　救急科,588,昭56. 10. 1,kyushu/000491322.zip
病院,44,8211373,九州大学病院別府病院,別府市荘園町３０番１０号,0977-27-1600,国立大学法人　九州大学　総長　石橋　達朗,三森　功士,一般　内　外　整外　放　麻　リハ　婦,120,昭36. 10. 29,kyushu/000491322.zip
病院,44,8310043,大分赤十字病院,大分市千代町３丁目２番３７号,097-532-6181,日本赤十字社　社長　清家　篤,福澤　謙吾,一般　内分泌・糖尿病内科　呼内　消化器内科　肝臓・胆のう・膵臓内科　循環器内科　リウ　腎臓内科　脳神経内科　外　消化器外科　呼外　乳腺外科　整外　脳神経外科　形外　皮　腎・泌尿器外科　産婦　眼　耳い　リハ　麻　放　病理診断科　救急科　歯　歯外　口腔腫瘍外科　心臓血管外科,340,昭35. 8. 1,kyushu/000491322.zip
病院,44,8310100,大分県立病院,大分市豊饒二丁目８番１号,097-546-7111,大分県知事　佐藤　樹一郎,宇都宮　徹,一般　一般（感染）　精神　内分泌・代謝内科　血液内科　精　脳神経内科　呼内　呼吸器腫瘍内科　食道・胃腸・小腸・大腸内科　肝臓・胆のう・膵臓内科　腎臓内科　リウ　循環器内科　小児科　新生児内科　消化器外科　乳腺外科　整外　形外　脳神経外科　呼外　心臓血管外科　小外　皮　ひ　産　婦　眼　耳い　リハ　放　病理診断科　臨床検査科　救急科　麻　歯外,521,平4. 8. 18,kyushu/000491322.zip
診療所,44,0131443,大谷歯科医院,大分市田中町三丁目１番６４号,097-544-3925,大谷　芳憲,大谷　芳憲,歯,,昭45. 12. 1,kyushu/000491322.zip
診療所,44,0131799,敷戸沢宮歯科医院,大分市敷戸西町１－１０,097-569-0211,沢宮　昌孝,沢宮　昌孝,歯,,昭48. 10. 1,kyushu/000491322.zip
診療所,44,0131872,歯科首藤医院,大分市大道町１－６－２５,097-543-4894,首藤　博延,首藤　博延,歯　小歯,,昭49. 3. 22,kyushu/000491322.zip
診療所,44,0132144,オータニ歯科,大分市府内町２－３－２９相馬ビル２Ｆ,097-532-6120,大谷　政俊,大谷　政俊,歯　小歯,,昭50. 11. 1,kyushu/000491322.zip
診療所,44,0132169,神﨑歯科医院,大分市西春日町１－１６サンフレンドビル２Ｆ,097-532-9323,神﨑　康司,神﨑　康司,歯,,昭50. 12. 1,kyushu/000491322.zip
診療所,44,0132201,あべ歯科インプラントクリニック,大分市中央町１－３－２４,097-532-8451,阿部　成善,阿部　成善,歯,,昭51. 4. 1,kyushu/000491322.zip
診療所,44,0132508,工藤歯科医院,大分市大字上宗方字上宮田４１２－１,097-542-0037,工藤　倍弘,工藤　倍弘,歯,,昭53. 7. 1,kyushu/000491322.zip
診療所,44,0132805,堀歯科医院,大分市東津留２－１７－２０,097-551-3515,堀　孝良,堀　孝良,歯,,昭55. 7. 1,kyushu/000491322.zip
診療所,44,0133076,佐藤歯科,大分市大字片島字川原田１１０６－３,097-568-7200,佐藤　晴宣,佐藤　晴宣,歯,,昭58. 2. 1,kyushu/000491322.zip
診療所,44,0133217,ハルヤマ歯科,大分市大字木上３２０番地,097-542-1110,春山　良之,春山　良之,歯　小歯,,昭59. 1. 1,kyushu/000491322.zip
診療所,44,0133332,馬場歯科医院,大分市西鶴崎１－１０－６,097-522-3033,馬場　秀樹,馬場　秀樹,歯　小歯,,昭60. 1. 1,kyushu/000491322.zip
診療所,44,0133381,賀来歯科医院,大分市大字光吉３６７－３ＨＩＨ２番館１Ｆ,097-568-0360,賀来　進,賀来　進,歯,,昭60. 10. 1,kyushu/000491322.zip
診療所,44,0133407,生野歯科医院,大分市南鶴崎２－３－２,097-521-3578,生野　信也,生野　信也,歯,,昭61. 1. 1,kyushu/000491322.zip
診療所,44,0133423,小野歯科医院,大分市大字毛井字原ノ下４５０－１,097-520-3388,小野　利行,小野　利行,歯,,昭61. 3. 1,kyushu/000491322.zip
診療所,44,0133548,緑が丘歯科医院,大分市緑が丘４丁目３－７,097-541-6211,吉村　正彦,吉村　正彦,歯,,昭62. 4. 1,kyushu/000491322.zip
診療所,44,0133589,木津歯科医院,大分市大字荏隈字年ノ神３１８－３,097-546-6316,木津　鉄之助,木津　鉄之助,歯,,昭62. 6. 1,kyushu/000491322.zip
診療所,44,0133621,田口歯科医院,大分市高崎１丁目１７番１号,097-546-3388,田口　杏典,田口　杏典,歯,,昭62. 11. 1,kyushu/000491322.zip
診療所,44,0133662,そのだ歯科医院,大分市中央町４－２－２９,097-532-4759,園田　清志,園田　清志,歯　小歯　歯外,,昭63. 2. 1,kyushu/000491322.zip
診療所,44,0133670,さとう歯科医院,大分市牧１－１８１,097-553-0388,佐藤　康司,佐藤　康司,歯,,昭63. 4. 1,kyushu/000491322.zip
診療所,44,0133688,大内歯科医院,大分市山津町２－３－２３　ハイネス佐藤１Ｆ,097-553-0230,大内　啓義,大内　啓義,歯　小歯,,昭63. 4. 1,kyushu/000491322.zip
診療所,44,0133696,歯科菅原健二医院,大分市大字津留字六本松１９０９－１,097-568-3630,菅原　健二,菅原　健二,歯　小歯,,昭63. 4. 1,kyushu/000491322.zip
診療所,44,0133704,たにがわ歯科,大分市賀来北２丁目９番３号,097-549-1212,谷川　参聖,谷川　参聖,歯,,昭63. 4. 1,kyushu/000491322.zip
診療所,44,0133852,木村歯科医院,大分市二又町３丁目１番６号,097-545-1580,木村　哲也,木村　哲也,歯,,平元. 3. 1,kyushu/000491322.zip
診療所,44,0133886,四季デンタルクリニック,大分市上宗方南１丁目２番２２号,097-541-0270,大塚　仁,大塚　仁,歯　小歯　歯外,,平元. 5. 1,kyushu/000491322.zip
診療所,44,0133928,荒金歯科診療所,大分市金池町４－７－７,097-532-4397,荒金　伸次,荒金　伸次,歯,,平元. 6. 1,kyushu/000491322.zip
診療所,44,0133936,川上歯科医院,大分市上田町二丁目１番７号,097-546-4688,医療法人川上歯科医院　理事長　川上　和久,川上　和久,歯　小歯　歯外,,平元. 7. 1,kyushu/000491322.zip
診療所,44,0133951,中村歯科医院,大分市坂ノ市中央一丁目７番３２号,097-592-2646,医療法人中村歯科医院　理事長　中村　周三,中村　周三,歯,,平元. 7. 1,kyushu/000491322.zip
診療所,44,0134025,イワオ歯科医院,大分市志手１組の２,097-543-8800,医療法人イワオ歯科医院　理事長　岩尾　秀実,岩尾　秀実,歯　小歯,,平元. 9. 1,kyushu/000491322.zip
診療所,44,0134033,敷戸グリーン歯科,大分市敷戸台二丁目１番１０号,097-567-2000,山原　幹正,山原　幹正,歯　歯外,,平元. 10. 1,kyushu/000491322.zip
診療所,44,0134058,多賀歯科医院,大分市大手町１丁目３番１２号,097-532-4049,河野　俊夫,河野　俊夫,歯,,平2. 1. 1,kyushu/000491322.zip
診療所,44,0134066,重光歯科医院,大分市大字鴛野１０８９－１,097-568-9000,重光　和夫,重光　和夫,歯,,平2. 2. 1,kyushu/000491322.zip
診療所,44,0134082,秋好歯科医院,大分市日岡１－３－２１,097-556-8583,秋好　宏隆,秋好　宏隆,歯　矯歯　小歯,,平2. 2. 1,kyushu/000491322.zip
診療所,44,0134116,富士見歯科クリニック,大分市大字横瀬４８０番地の２,097-541-4111,医療法人富士見歯科クリニック　理事長　柴崎　明彦,柴崎　明彦,歯　小歯,,平2. 3. 1,kyushu/000491322.zip
診療所,44,0134124,右田歯科医院,大分市永興一丁目１６番１７号,097-543-8888,右田　英利,右田　英利,歯　小歯,,平2. 4. 1,kyushu/000491322.zip
診療所,44,0134132,なかじま歯科医院,大分市森町花の木通５０１－３,097-523-0284,中島　史郎,中島　史郎,歯　小歯,,平2. 4. 1,kyushu/000491322.zip
診療所,44,0134173,内尾歯科医院,大分市都町２－６－２５,097-532-6471,内尾　豊明,内尾　豊明,歯　小歯,,平2. 6. 16,kyushu/000491322.zip
診療所,44,0134215,医療法人　伊藤歯科医院,大分市大字荏隈７５４番地３,097-549-3554,医療法人伊藤歯科医院　理事長　伊藤　栄治,伊藤　栄治,歯,,平2. 9. 1,kyushu/000491322.zip
診療所,44,0134322,ハロー歯科医院,大分市上田町三丁目３番４－１１２号,097-546-3600,幸野　哲也,幸野　哲也,歯　小歯,,平4. 6. 1,kyushu/000491322.zip
診療所,44,0134355,医療法人　中山歯科医院,大分市中島中央１丁目２番４４号,097-533-1156,医療法人中山歯科医院　理事長　坂口　愛子,中山　隆雄,歯,,平4. 10. 1,kyushu/000491322.zip
診療所,44,0134363,くまい歯科医院,大分市久原南一丁目１番１１号,097-593-1118,隈井　昇,隈井　昇,歯　小歯,,平4. 10. 1,kyushu/000491322.zip
診療所,44,0134389,大在中央歯科,大分市大在中央１丁目１２番１１号,097-593-4535,椋本　幸雄,椋本　幸雄,歯,,平5. 3. 1,kyushu/000491322.zip
診療所,44,0134421,高城やまだ歯科,大分市高城南町１１－５,097-552-7682,山田　道男,山田　道男,歯　小歯,,平5. 7. 1,kyushu/000491322.zip
診療所,44,0134454,たかはし歯科医院,大分市長谷町２－１,097-569-0050,高橋　伸彰,高橋　伸彰,歯,,平5. 11. 1,kyushu/000491322.zip
診療所,44,0134488,医療法人德丸歯科医院,大分市大字寒田池添１０３６番地の１,097-569-0021,医療法人德丸歯科医院　理事長　德丸　哲也,德丸　哲也,歯　矯歯　小歯,,平6. 6. 1,kyushu/000491322.zip
診療所,44,0134512,つるさき歯科医院,大分市中鶴崎１－２－５,097-521-1250,野田　道博,野田　道博,歯,,平6. 8. 1,kyushu/000491322.zip
診療所,44,0134561,ホワイト矯正歯科医院,大分市大字宮崎字五反田８３５－２橋本ビル３Ｆ,097-567-7733,瑞木　裕史,瑞木　裕史,矯歯,,平7. 5. 1,kyushu/000491322.zip
診療所,44,0134645,堀内歯科,大分市高城西町１６－１１,097-551-2515,堀内　紀男,堀内　紀男,歯,,平7. 11. 1,kyushu/000491322.zip
診療所,44,0134694,加藤歯科医院,大分市大字横尾字二目川３９３２,097-520-0112,加藤　裕之,加藤　裕之,歯　小歯,,平8. 3. 1,kyushu/000491322.zip
診療所,44,0134744,あやべ歯科医院,大分市下郡北２丁目１０番２１号,097-554-3030,綾部　夏樹,綾部　夏樹,歯,,平9. 1. 1,kyushu/000491322.zip
診療所,44,0134751,はしもと歯科医院,大分市坂ノ市西１丁目１番３号,097-592-6800,橋本　貴紀,橋本　貴紀,歯　矯歯,,平9. 1. 1,kyushu/000491322.zip
診療所,44,0134785,マツモト歯科クリニック,大分市南春日町８番３号,097-546-3545,松本　恭宜,松本　恭宜,歯　小歯,,平9. 4. 1,kyushu/000491322.zip
診療所,44,0134793,医療法人　城崎山本歯科,大分市城崎町２丁目１番７号,097-537-1141,医療法人　城崎山本歯科　理事長　山本　舜治,山本　舜治,歯,,平9. 6. 1,kyushu/000491322.zip
診療所,44,0134819,矯正歯科スマイルクリニック,大分市金池町２丁目１番１９号大分駅前ビル６Ｆ,097-532-3100,医療法人微笑会　理事長　曽根崎　壽,曽根崎　壽,歯　矯歯,,平9. 7. 1,kyushu/000491322.zip
診療所,44,0134827,フラワー歯科医院,大分市大字三芳６４８番地１４エントラーダ椎迫１０１,097-545-9999,角　栄二,角　栄二,歯　小歯　矯歯,,平9. 7. 1,kyushu/000491322.zip
診療所,44,0134843,やなる歯科医院,大分市大字中戸次５９３９,097-597-3880,医療法人やなる歯科医院　理事長　矢鳴　耕太郎,矢鳴　耕太郎,歯　小歯　矯歯　歯外,,平9. 11. 1,kyushu/000491322.zip
診療所,44,0134868,おかはら歯科医院,大分市三佐６丁目１０－２７,097-522-3370,岡原　圭三,岡原　圭三,歯　小歯　歯外,,平9. 11. 1,kyushu/000491322.zip
診療所,44,0134926,村上歯科医院,大分市大字森町２４３－７,097-522-4433,医療法人村上歯科医院　理事長　村上　春好,村上　春好,歯,,平10. 5. 1,kyushu/000491322.zip
診療所,44,0134934,判田歯科クリニック,大分市大字中判田字尾坪１８６５番,097-597-7373,及川　博文,及川　博文,歯　小歯,,平10. 6. 1,kyushu/000491322.zip
診療所,44,0134959,麻生歯科,大分市東野台一丁目二番三,097-548-7072,麻生　昌克,麻生　昌克,歯,,平10. 7. 1,kyushu/000491322.zip
診療所,44,0134967,毛利歯科医院,大分市府内町１丁目５番４４号,097-532-4505,毛利　郁生,毛利　郁生,歯,,平10. 8. 11,kyushu/000491322.zip
診療所,44,0134975,まつもと歯科医院,大分市新栄町１２－２０,097-552-8211,松本　晃治,松本　晃治,歯　小歯　矯歯,,平10. 10. 1,kyushu/000491322.zip
診療所,44,0134983,加藤歯科医院,大分市坂ノ市南１丁目８－１０,097-592-1165,加藤　敏之,加藤　敏之,歯,,平10. 11. 1,kyushu/000491322.zip
診療所,44,0134991,カワムラ歯科医院,大分市賀来北３丁目３－１,097-540-7300,河村　哲夫,河村　哲夫,歯　歯外　小歯,,平10. 12. 1,kyushu/000491322.zip
診療所,44,0135055,いちぎ歯科,大分市大字政所字村田２２１９番地の３,097-592-6108,菅　寛美,菅　寛美,歯,,平12. 1. 1,kyushu/000491322.zip
診療所,44,0135063,守谷歯科医院,大分市上田町一丁目１番１６号,097-544-4035,守谷　直史,守谷　直史,歯,,平12. 1. 1,kyushu/000491322.zip
診療所,44,0135113,なりやす歯科医院,大分市大字市５６１番地の５,097-541-5141,成安　聖司,成安　聖司,歯,,平12. 5. 1,kyushu/000491322.zip
診療所,44,0135121,花みずき歯科クリニック,大分市古国府五丁目１番４０号,097-544-1151,矢野　洋哉,矢野　洋哉,歯　小歯,,平12. 7. 1,kyushu/000491322.zip
診療所,44,0135147,ホワイトロードデンタルクリニック,大分市大字玉沢字垣添７０１番地の１,097-588-8500,甲斐　裕之,甲斐　裕之,歯　歯外　小歯,,平12. 11. 1,kyushu/000491322.zip
診療所,44,0135204,アルプス歯科医院,大分市大字中戸次１４４８番地,097-548-8115,医療法人社団真正会　理事長　向井　道夫,向井　道夫,歯,,平13. 11. 1,kyushu/000491322.zip
診療所,44,0135279,きふね小児歯科,大分市明野東５丁目２番１２号,097-503-1186,木舩　敏郎,木舩　敏郎,小歯　歯,,平14. 9. 1,kyushu/000491322.zip
診療所,44,0135303,むくもと歯科医院,大分市大字中判田１７３４番地の８,097-597-0168,医療法人むくもと歯科医院　理事長　椋本　道夫,椋本　道夫,歯,,平14. 11. 1,kyushu/000491322.zip
診療所,44,0135329,まさき歯科医院,大分市下郡中央３丁目１１番１８号,097-568-6480,松本　雅企,松本　雅企,歯　小歯　矯歯,,平15. 2. 1,kyushu/000491322.zip
診療所,44,0135345,明野古沢歯科,大分市明野東１－１－１　明野アクロス内,097-558-6164,古澤　研,古澤　研,歯,,平15. 2. 1,kyushu/000491322.zip
診療所,44,0135360,つつみ歯科医院,大分市賀来新川二丁目２番１１号,097-549-6480,堤　将治,堤　将治,歯　小歯,,平15. 6. 1,kyushu/000491322.zip
診療所,44,0135378,加來デンタルオフィス,大分市府内町１丁目６番１０号,097-532-4618,加來　慶久,加來　慶久,歯　矯歯　小歯　歯外,,平15. 7. 1,kyushu/000491322.zip
診療所,44,0135444,さとう歯科クリニック,大分市坂ノ市中央四丁目９番６号,097-593-0810,佐藤　秀治,佐藤　秀治,歯　小歯　歯外,,平16. 4. 1,kyushu/000491322.zip
診療所,44,0135469,高江にこにこ歯科クリニック,大分市高江南三丁目１番地の２,097-554-3318,医療法人春和会　理事長　二ノ宮　浩生,二ノ宮　浩生,歯　小歯,,平16. 5. 1,kyushu/000491322.zip
診療所,44,0135477,けんせい歯科クリニック,大分市古ケ鶴１丁目４番２３号,097-555-9805,大分県医療生活協同組合　理事長　楢原　真由美,碓井　芳枝,歯　小歯,,平16. 7. 1,kyushu/000491322.zip
診療所,44,0135485,わかばデンタルクリニック,大分市大在浜１丁目７番３８号,097-592-6480,坂元　宜文,坂元　宜文,歯　小歯,,平16. 7. 1,kyushu/000491322.zip
診療所,44,0135501,まいづる歯科医院,大分市中津留２丁目４－１２,097-556-1510,川野　桂吾,川野　桂吾,歯　矯歯　小歯,,平16. 8. 27,kyushu/000491322.zip
診療所,44,0135550,木本歯科診療所,大分市大字佐賀関２０１１,097-574-0356,木本　幸一,木本　幸一,歯,,昭56. 1. 1,kyushu/000491322.zip
診療所,44,0135576,馬場歯科医院神崎診療所,大分市大字本神崎６１５番地,097-524-8686,医療法人社団馬場歯科医院　理事長　馬場　博史,馬場　博史,歯　矯歯　小歯　歯外,,平16. 7. 1,kyushu/000491322.zip
診療所,44,0135592,柴田歯科医院,大分市大字野津原１７５４－１,097-588-0058,柴田　浩,柴田　浩,歯,,昭63. 8. 1,kyushu/000491322.zip
診療所,44,0135600,医療法人　森澤歯科医院,大分市中央町３丁目１番２号,097-537-3111,医療法人森澤歯科医院　理事長　森澤　宣生,森澤　宣生,歯,,平16. 12. 15,kyushu/000491322.zip
診療所,44,0135634,三浦歯科医院,大分市にじが丘１丁目２０番地の１２,097-545-7893,三浦　洋史,三浦　洋史,歯　小歯,,平17. 1. 1,kyushu/000491322.zip
診療所,44,0135667,安東歯科医院,大分市明野南１丁目２７番２５号,097-553-1211,医療法人秀和会　理事長　安東　俊介,安東　俊介,歯　小歯　矯歯　歯外,,平18. 1. 1,kyushu/000491322.zip
診療所,44,0135683,吉田歯科医院,大分市城原１７６９－８,097-593-0225,吉田　憲史,吉田　憲史,歯　歯外,,平18. 4. 1,kyushu/000491322.zip
診療所,44,0135717,阿部歯科医院,大分市都町１丁目３番２２号大分都町ビル１階,097-532-4847,阿部　眞也,阿部　眞也,歯,,平18. 5. 1,kyushu/000491322.zip
診療所,44,0135725,川原歯科医院,大分市高松一丁目３番６号,097-556-0505,医療法人　恵成会　理事長　森谷　智基実,森谷　智基実,歯　小歯　歯外　矯歯,,平18. 6. 1,kyushu/000491322.zip
診療所,44,0135733,中川歯科医院,大分市大字市字池田１０５７,097-542-5005,中川　文敬,中川　文敬,歯　小歯　歯外,,平18. 8. 1,kyushu/000491322.zip
診療所,44,0135741,いちご歯科クリニック,大分市久原中央３－２－３０,097-592-2323,山下　洋基,山下　洋基,歯　小歯,,平18. 8. 1,kyushu/000491322.zip
診療所,44,0135766,よしだ歯科医院,大分市大字皆春字後田２９２－１,097-523-3450,吉田　正義,吉田　正義,歯　小歯,,平18. 10. 1,kyushu/000491322.zip
診療所,44,0135774,数野歯科・小児歯科,大分市高砂町４番１号,097-536-5331,医療法人数野歯科・小児歯科　理事長　數野　英文,數野　英文,歯　小歯　矯歯,,平18. 12. 1,kyushu/000491322.zip
診療所,44,0135782,スマイルラインデンタルクリニック,大分市横塚２丁目１４番３５号,097-592-8844,医療法人スマイルライン　理事長　荻本　多津生,荻本　多津生,歯　小歯　矯歯　歯外,,平18. 12. 1,kyushu/000491322.zip
診療所,44,0135790,春日浦オータニデンタルオフィス,大分市王子北町５－９フレスポ春日浦２Ｆ,097-537-4182,大谷　俊輔,大谷　俊輔,歯　小歯　矯歯　歯外,,平19. 4. 1,kyushu/000491322.zip
診療所,44,0135808,南大分フレッシュ歯科,大分市田中町２丁目４－３,097-545-1359,黒川　義行,黒川　義行,歯　小歯,,平19. 4. 1,kyushu/000491322.zip
診療所,44,0135840,ビューティースマイル髙橋歯科医院,大分市東浜２－６－７,097-558-1324,髙橋　政人,髙橋　政人,歯　矯歯　小歯,,平19. 3. 24,kyushu/000491322.zip
診療所,44,0135857,森いとう歯科医院,大分市大字森３７７番地の１,097-523-0416,医療法人常和会　理事長　伊東　常樹,伊東　常樹,歯　矯歯　歯外　小歯,,平19. 5. 1,kyushu/000491322.zip
診療所,44,0135865,船橋歯科医院,大分市大字横尾字堤４２６６番３,097-524-6811,医療法人　慶生会　理事長　船橋　賢市,船橋　賢市,歯　小歯　矯歯,,平19. 7. 1,kyushu/000491322.zip
診療所,44,0135899,高橋歯科医院,大分市都町三丁目１番１９号,097-532-9560,医療法人社団Ｔ・Ｄ・Ｃ　理事長　南部　里恵子,南部　里恵子,歯　矯歯　小歯,,平19. 11. 1,kyushu/000491322.zip
診療所,44,0135923,小野歯科医院,大分市大手町３丁目３－７,097-532-7786,小野　聡,小野　聡,歯,,平20. 1. 1,kyushu/000491322.zip
診療所,44,0135949,サンライト歯科,大分市中津留１丁目１１番１４号,097-553-1486,後藤　浩世,後藤　浩世,歯　小歯,,平20. 3. 15,kyushu/000491322.zip
診療所,44,0135956,麻生歯科大分駅南クリニック,大分市金池南１丁目９番１１号,097-594-8100,麻生　直,麻生　直,歯　小歯　歯外　矯歯,,平20. 4. 1,kyushu/000491322.zip
診療所,44,0135980,南大分さとう歯科,大分市三ケ田町三丁目１番１号,097-544-8310,佐藤　孝明,佐藤　孝明,歯　小歯　矯歯　歯外,,平20. 11. 1,kyushu/000491322.zip
診療所,44,0135998,タカサゴデンタルオフィス,大分市高砂町１－５　大川産婦人科　小児科　高砂ビル７Ｆ,097-594-5004,近藤　剛史,近藤　剛史,歯　小歯　矯歯　歯外,,平21. 3. 1,kyushu/000491322.zip
診療所,44,0136004,らいおん歯科,大分市金池南２丁目３－５　らいおんビル２０１,097-547-7110,白石　明,白石　明,小歯　歯　矯歯　歯外,,平21. 3. 1,kyushu/000491322.zip
診療所,44,0136046,高橋歯科医院,大分市明野東２丁目７番５号,097-551-6538,医療法人社団　高橋歯科医院　理事長　髙橋　英樹,髙橋　英樹,歯　歯外　小歯,,平21. 11. 1,kyushu/000491322.zip
診療所,44,0136087,みつよしデンタルクリニック,大分市光吉新町３－１,097-567-7044,西川　明宏,西川　明宏,歯　小歯　歯外,,平22. 4. 1,kyushu/000491322.zip
診療所,44,0136111,ダイヤモンド歯科クリニック,大分市大字中戸次字長新地４７８１番地,097-547-8751,医療法人　育栄会　理事長　木本　哲也,鹿野　雄一郎,歯,,平22. 8. 1,kyushu/000491322.zip
診療所,44,0136178,きむら歯科クリニック,大分市大字迫字迫谷５３番１,097-574-7464,木村　英樹,木村　英樹,歯　小歯,,平23. 3. 1,kyushu/000491322.zip
診療所,44,0136202,ねぎ歯科クリニック,大分市畑中一丁目２番５１号,097-546-8241,根木　慎太郎,根木　慎太郎,歯　歯外,,平23. 6. 1,kyushu/000491322.zip
診療所,44,0136210,ライフ歯科クリニック,大分市大字松岡４７１３－１,097-520-0030,医療法人清美会　理事長　足立　佳則,足立　佳則,歯　小歯　歯外　矯歯,,平23. 6. 1,kyushu/000491322.zip
診療所,44,0136228,はっぴぃ―歯科・小児歯科,大分市大字皆春１５７１－１ぱせお２Ｆ,097-521-4182,三宮　一仁,三宮　一仁,歯　小歯　歯外,,平23. 10. 1,kyushu/000491322.zip
診療所,44,0136236,たいよう歯科,大分市牧３丁目１１－１６,097-552-3322,嶋本　二三八,嶋本　二三八,歯,,平23. 10. 1,kyushu/000491322.zip
診療所,44,0136251,大谷歯科・こども歯科,大分市田室町６番３号,097-594-0648,医療法人大谷歯科・こども歯科　理事長　大谷　周平,大谷　周平,歯　小歯,,平23. 12. 1,kyushu/000491322.zip
診療所,44,0136277,大分駅南口歯科,大分市金池南１丁目１－５ＪＲおおいたシティ第２駐車場２階,097-594-0202,久下　綾香,久下　綾香,歯　小歯　矯歯　歯外,,平24. 3. 1,kyushu/000491322.zip
診療所,44,0136285,さとう歯科医院,大分市大字南２－１,097-522-3015,佐藤　俊二,佐藤　俊二,歯　小歯　矯歯,,平24. 4. 1,kyushu/000491322.zip
診療所,44,0136301,すぎもと歯科こども歯科,大分市庄境１０４,097-521-3434,杉本　俊介,杉本　俊介,歯　小歯　歯外,,平24. 5. 1,kyushu/000491322.zip
診療所,44,0136335,丘の上の歯医者さん,大分市公園通り西２丁目１番パークプレイス大分３Ｆ,097-520-7829,医療法人丘の上の歯医者さん　理事長　冨谷　美由喜,冨谷　美由喜,歯　小歯,,平24. 12. 1,kyushu/000491322.zip
診療所,44,0136343,医療法人　小幡歯科,大分市末広町１－５－１５,097-537-1233,医療法人　小幡歯科　理事長　小幡　宣子,小幡　剛佑,歯,,平25. 1. 1,kyushu/000491322.zip
診療所,44,0136368,ななせ歯科クリニック,大分市大字市沼口５９７－３,097-574-5418,池松　義真,池松　義真,歯　歯外　小歯　矯歯,,平25. 4. 1,kyushu/000491322.zip
診療所,44,0136376,野上デンタルクリニック,大分市生石２丁目３－１２,097-532-5068,野上　雅生,野上　雅生,歯　小歯　矯歯,,平25. 5. 1,kyushu/000491322.zip
診療所,44,0136384,かみやま歯科,大分市大字森１２２９－１４,097-520-4028,上山　輝樹,上山　輝樹,歯　小歯　矯歯　歯外,,平25. 4. 15,kyushu/000491322.zip
診療所,44,0136392,平林歯科医院,大分市畑中一丁目４番９号,097-544-3100,平林　圭介,平林　圭介,歯　歯外,,平25. 5. 10,kyushu/000491322.zip
診療所,44,0136418,西郷歯科医院,大分市中戸次４５６０－２へつぎショッピングプラザ２Ｆ,097-597-5533,香江　紀明,香江　紀明,歯,,平25. 6. 1,kyushu/000491322.zip
診療所,44,0136434,辛島コーイチ歯科,大分市府内町２丁目５－８,097-532-2753,辛島　光一,辛島　光一,歯　矯歯,,平25. 8. 8,kyushu/000491322.zip
診療所,44,0136467,萩原かわの歯科,大分市新栄町２－１０,097-558-7884,河野　益広,河野　益広,歯　小歯　矯歯,,平26. 4. 1,kyushu/000491322.zip
診療所,44,0136475,オーラルケア・プラザ　ハート歯科クリニック,大分市大在北１丁目２０２番,097-528-8810,医療法人　璃心会　理事長　原田　政義,原田　政義,歯　歯外　小歯　矯歯,,平26. 6. 1,kyushu/000491322.zip
診療所,44,0136491,いまむら歯科クリニック,大分市花園二丁目１番４４号,097-543-4618,今村　純崇,今村　純崇,歯　小歯　歯外,,平26. 10. 1,kyushu/000491322.zip
診療所,44,0136525,かず歯科,大分市中央町３丁目２－１,097-532-6662,馬場　一彰,馬場　一彰,歯,,平26. 10. 1,kyushu/000491322.zip
診療所,44,0136533,ひまわり歯科,大分市田尻１８８－１,097-541-4655,医療法人ひまわり歯科　理事長　檀上　隆昭,檀上　隆昭,歯　小歯,,平26. 12. 1,kyushu/000491322.zip
診療所,44,0136541,ふくだ歯科クリニック,大分市大字森５８２番地１,097-574-4182,医療法人　香福会　理事長　福田　竜一,福田　竜一,歯　歯外　小歯,,平26. 12. 1,kyushu/000491322.zip
診療所,44,0136558,きし歯科ファミリークリニック,大分市賀来西一丁目１２番３号リンツガーデンウォーク内,097-574-5500,医療法人　きし歯科ファミリークリニック　理事長　岸　岳宏,岸　岳宏,歯　小歯　矯歯,,平27. 1. 1,kyushu/000491322.zip
診療所,44,0136590,おおしま歯科クリニック,大分市碩田町２丁目２番２７号　碩田ハイツ１Ｆ,097-532-6480,大嶋　一洋,大嶋　一洋,歯　小歯　歯外,,平27. 6. 1,kyushu/000491322.zip
診療所,44,0136608,二宮歯科,大分市大字寒田字ダイ１０５８番地１８,097-574-8148,医療法人二宮歯科　理事長　二宮　信一,二宮　信一,歯　小歯　歯外,,平27. 6. 1,kyushu/000491322.zip
診療所,44,0136616,ナチュラルデンタルクリニック,大分市高城本町５番１３,097-574-4701,医療法人庸誠舎　理事長　佐藤　誠宏,佐藤　誠宏,歯,,平27. 7. 1,kyushu/000491322.zip
診療所,44,0136624,大手町デンタルクリニック,大分市大手町１－３－１５,097-507-9533,坂元　幹彦,坂元　幹彦,歯　歯外,,平27. 9. 1,kyushu/000491322.zip
診療所,44,0136632,土屋デンタルクリニック　大分オフィス,大分市金池南一丁目１１番３０号,097-578-8214,医療法人　歯芸会　理事長　土屋　嘉都彦,土屋　嘉都彦,歯　歯外　矯歯　小歯,,平27. 12. 1,kyushu/000491322.zip
診療所,44,0136657,さわみや歯科医院,大分市大字中戸次字市４３３９番地６,097-574-6801,医療法人　雄浩会　理事長　澤宮　雄一郎,澤宮　雄一郎,歯　小歯　歯外,,平28. 1. 1,kyushu/000491322.zip
診療所,44,0136665,山本歯科医院,大分市中島東２丁目３－３８,097-532-1761,山本　昌家,山本　昌家,歯,,平28. 1. 1,kyushu/000491322.zip
診療所,44,0136699,明野デンタルクリニック,大分市明野北２丁目４－３４,097-553-0588,板井　賢悟,板井　賢悟,歯　小歯　矯歯　歯外,,平28. 6. 1,kyushu/000491322.zip
診療所,44,0136707,うちだ歯科,大分市顕徳町２丁目５番２１号,097-532-6138,医療法人輝衛会　理事長　内田　隆博,内田　雅則,歯　小歯　矯歯　歯外,,平28. 6. 1,kyushu/000491322.zip
診療所,44,0136731,ファミリー歯科クリニック,大分市古ケ鶴２－３－２３,097-551-4110,河野　陽介,河野　陽介,歯　小歯　歯外,,平28. 12. 1,kyushu/000491322.zip
診療所,44,0136749,だん歯科クリニック,大分市大字生石１４５－４４,097-533-0418,医療法人　晴結会　理事長　野田　壇,野田　壇,歯　小歯　歯外　矯歯,,平28. 12. 1,kyushu/000491322.zip
診療所,44,0136756,大分きずなハロー歯科診療所,大分市中島中央三丁目２番１９号,097-529-8020,医療法人社団長吉会　理事長　内野　辰宏,内野　辰宏,歯　小歯　歯外,,平28. 12. 1,kyushu/000491322.zip
診療所,44,0136764,まとう歯科クリニック,大分市新川町１丁目１１５１―１,097-533-0101,医療法人　美音会　理事長　間藤　隆紀,間藤　隆紀,歯　小歯　歯外,,平29. 1. 1,kyushu/000491322.zip
診療所,44,0136772,とも歯科クリニック,大分市明野北一丁目２２２６番１０,097-552-5515,医療法人壮優会　理事長　河野　智一,河野　智一,歯　小歯　矯歯,,平29. 3. 1,kyushu/000491322.zip
診療所,44,0136806,せぐち歯科医院,大分市南春日町９番８号,097-545-6111,医療法人　凌雲会　理事長　瀬口　清文,瀬口　清文,歯　矯歯　小歯,,平29. 7. 1,kyushu/000491322.zip
診療所,44,0136814,あべ歯科クリニック,大分市大字光吉８９０番地の１,097-504-7955,医療法人ＡＵＮ　理事長　安倍　憲一,安倍　千鶴,歯　小歯,,平29. 7. 1,kyushu/000491322.zip
診療所,44,0136848,医療法人社団デンタルユニオン　大分ユニオン歯科,大分市大字神崎字前田９９５番地５,097-578-8348,医療法人社団デンタルユニオン　理事長　向笠　雅夫,向笠　雅夫,歯,,平29. 10. 1,kyushu/000491322.zip
診療所,44,0136863,福﨑歯科,大分市三川下三丁目６番１５号,097-551-1022,医療法人福﨑歯科　理事長　福﨑　達夫,福﨑　達夫,歯　小歯,,平30. 1. 19,kyushu/000491322.zip
診療所,44,0136871,大分駅前歯科,大分市要町５番５号１０１,097-545-8801,後藤　雅,後藤　雅,歯　歯外,,平30. 2. 1,kyushu/000491322.zip
診療所,44,0136889,大分県口腔保健センター,大分市王子新町６番１号,097-547-8833,一般社団法人　大分県歯科医師会　会長　木村　哲也,甲斐　順子,歯　小歯　歯外,,平30. 3. 26,kyushu/000491322.zip
診療所,44,0136897,立花歯科医院,大分市金池町２丁目１－３　レインボービル４階,097-532-8090,立花　元,立花　元,歯,,平30. 4. 20,kyushu/000491322.zip
診療所,44,0136913,麻生歯科,大分市大字勢家１０６６番地２,097-532-8623,医療法人　麻生歯科　理事長　麻生　篤,麻生　篤,歯　歯外,,平30. 5. 1,kyushu/000491322.zip
診療所,44,0136939,大分矯正歯科,大分市末広町１－１－３２末広ビル６Ｆ,097-576-7182,医療法人大洋会　理事長　内海　大,内海　大,矯歯　歯,,平30. 6. 1,kyushu/000491322.zip
診療所,44,0136947,かさき歯科,大分市東鶴崎２－１－２,097-576-8205,加﨑　浩一郎,加﨑　浩一郎,小歯　歯,,平30. 7. 1,kyushu/000491322.zip
診療所,44,0136962,たけお歯科クリニック,大分市大字木上鉾手２０５９番,097-542-1184,医療法人ハッピースマイル　理事長　武生　智,武生　智,歯,,平30. 12. 1,kyushu/000491322.zip
診療所,44,0136970,クローバー歯科,大分市明野北２丁目１５番６号,097-503-1230,医療法人若葉会　理事長　成松　太一郎,成松　太一郎,歯,,平31. 1. 1,kyushu/000491322.zip
診療所,44,0136988,田中歯科クリニック,大分市王子西町１１－２２,097-534-6480,田中　千明,田中　千明,歯,,平31. 3. 1,kyushu/000491322.zip
診療所,44,0136996,永井歯科医院,大分市大字上宗方１２４１番地の２,097-541-3340,永井　悠介,永井　悠介,歯,,平31. 4. 1,kyushu/000491322.zip
診療所,44,0137002,ワハハ総合デンタル大分駅北クリニック,大分市府内町１丁目６番３８号　２階,097-574-8361,医療法人　翔優会　理事長　吉留　英俊,髙濱　達生,歯　矯歯　小歯　歯外,,令元. 5. 1,kyushu/000491322.zip
診療所,44,0137028,くどう歯科医院,大分市大字松岡５１６７番地の１,097-520-4477,医療法人信明会　理事長　工藤　信哉,工藤　信哉,一般　歯,,令元. 5. 7,kyushu/000491322.zip
診療所,44,0137036,はしもと歯科医院,大分市大字田尻１９６番地１,097-588-8333,医療法人正悠会　理事長　橋本　謙二,橋本　謙二,歯,,令元. 6. 1,kyushu/000491322.zip
診療所,44,0137044,にじいろ歯科クリニック,大分市田尻６０６番地１,097-529-7338,医療法人虹色会　理事長　板井　健,板井　健,歯　小歯　歯外　矯歯,,令元. 6. 1,kyushu/000491322.zip
診療所,44,0137051,三ヶ田町三浦歯科,大分市三ヶ田町一丁目３番１号,097-545-1400,國廣　聡,國廣　聡,歯　小歯,,令元. 7. 1,kyushu/000491322.zip
診療所,44,0137085,さくら歯科クリニック,大分市大字荏隈字中洲１２８４番２,097-549-2418,医療法人さくら歯科クリニック　理事長　岡部　達哉,岡部　達哉,歯　小歯　歯外,,令2. 1. 1,kyushu/000491322.zip
診療所,44,0137127,みらいデンタルクリニック,大分市大字皆春字西ノ浦１５７１番の１,097-522-7411,一般社団法人　悠愛　代表理事　村山　和宏,篠原　義憲,歯,,令2. 8. 1,kyushu/000491322.zip
診療所,44,0137143,さくらの森デンタルケアクリニック,大分市大字玉沢字深町９６５番１,097-560-4540,森田　香桜里,森田　香桜里,歯　小歯,,令2. 8. 1,kyushu/000491322.zip
診療所,44,0137150,こころデンタルクリニック,大分市仲西町２丁目４－２８　ＹＵＫＯビル２階,097-556-8833,一般社団法人悠愛　代表理事　村山　和宏,藤原　理恵,歯,,令2. 12. 1,kyushu/000491322.zip
診療所,44,0137168,福原総合デンタルクリニック,大分市岩田町三丁目６－１１,097-556-4618,医療法人福原総合デンタルクリニック　理事長　福原　彰,福原　彰,歯　矯歯　小歯,,令3. 1. 1,kyushu/000491322.zip
診療所,44,0137184,そのぎ歯科クリニック,大分市花江川１番１号,097-527-7770,園木　伸弥,園木　伸弥,歯　小歯　歯外,,令3. 4. 1,kyushu/000491322.zip
診療所,44,0137200,オレンジ歯科,大分市六坊北町６番７３－４号,097-547-9074,医療法人ライフストリーム　理事長　佐藤　紳一郎,佐藤　紳一郎,歯,,令3. 4. 14,kyushu/000491322.zip
診療所,44,0137218,ありさ歯科クリニック,大分市賀来南２丁目１番２５号,097-578-8882,医療法人　ＳＥＲＥＮＤＩＰＩＴＹ　理事長　髙橋　亜理沙,髙橋　亜理沙,歯　小歯　歯外,,令3. 5. 1,kyushu/000491322.zip
診療所,44,0137226,弓崎歯科,大分市王子町８５番地,097-589-5088,医療法人　星水会　理事長　弓崎　明輝,弓崎　昂,歯　小歯　歯外,,令3. 6. 1,kyushu/000491322.zip
診療所,44,0137234,つばさデンタルクリニック,大分市上田町３丁目２番１５号グランモールきたじま２階,097-578-7256,一般社団法人　悠愛　代表理事　村山　和宏,德本　裕一,歯,,令3. 6. 1,kyushu/000491322.zip
診療所,44,0137242,みどり歯科おとなこどもクリニック,大分市大字常行１２９番地１,097-511-2299,医療法人　森の時計　理事長　吉岡　俊一,吉岡　俊一,歯　小歯　歯外　矯歯,,令3. 6. 1,kyushu/000491322.zip
診療所,44,0137267,平岡歯科,大分市二又町一丁目２番１２号,097-543-8161,平岡　隆,平岡　隆,歯　小歯　歯外　矯歯,,令4. 1. 1,kyushu/000491322.zip
診療所,44,0137275,吉川歯科医院,大分市羽田字千鳥１１３２－８,097-574-5135,医療法人社団咸宜会　理事長　吉川　宜近,吉川　宜近,歯　歯外　小歯,,令4. 1. 1,kyushu/000491322.zip
診療所,44,0137283,うえのまち歯科,大分市上野町１番６号プリメーラコート神志那１０１,097-574-5613,澤田　幸作,澤田　幸作,歯　小歯　歯外,,令4. 4. 1,kyushu/000491322.zip
診療所,44,0137317,ふじわら歯科富士見が丘,大分市富士見が丘東五丁目１０番１号,097-541-5560,医療法人花のある暮らし　理事長　藤原　理恵,藤原　理恵,歯　矯歯　小歯,,令4. 7. 1,kyushu/000491322.zip
診療所,44,0137325,甲斐歯科医院,大分市城崎町一丁目５番６号　甲斐歯科ビル２階,097-536-3267,医療法人ネクスタ　理事長　甲斐　大嘉,甲斐　大嘉,歯　矯歯　小歯　歯外,,令4. 7. 1,kyushu/000491322.zip
診療所,44,0137333,おおつる歯科,大分市賀来北２－１０－３４,097-549-5500,宮﨑　大輔,宮﨑　大輔,歯　小歯　矯歯,,令4. 9. 1,kyushu/000491322.zip
診療所,44,0137341,くわばら歯科,大分市下郡南１丁目７番７号,097-589-8551,桑原　真治,桑原　真治,一般歯科　小歯　口腔外科,,令5. 2. 1,kyushu/000491322.zip
診療所,44,0137358,ひかりの森クリニック,大分市萩原四丁目９番１号,097-574-7630,一般社団法人悠愛　代表理事　村山　和宏,小林　亨,歯,,令5. 1. 1,kyushu/000491322.zip
診療所,44,0137366,かなだ歯科医院,大分市角子原９０７,097-585-5730,金田　研郎,金田　研郎,歯　小歯　歯外,,令5. 8. 1,kyushu/000491322.zip
診療所,44,0137374,ふたば歯科クリニック,大分市大字城原字蓮池２４０３番地の２,097-547-8800,医療法人晴結会　理事長　野田　壇,土田　雄太,歯　小歯　歯外　矯歯,,令5. 12. 1,kyushu/000491322.zip
診療所,44,0137382,センチュリーデンタルオフィス,大分市大字玉沢８３６番地,097-588-8461,医療法人光風会　理事長　迫田　竜二,迫田　竜二,歯　小歯　矯歯,,令5. 11. 1,kyushu/000491322.zip
診療所,44,0137390,ひろ歯科クリニック,大分市下郡北三丁目２６番７号,097-504-8822,医療法人高翔　理事長　三重野　寛之,三重野　寛之,一般歯科　小歯　歯外,,令6. 1. 1,kyushu/000491322.zip
診療所,44,0137408,みのり歯科クリニック,大分市大字上宗方１０８４番地,097-574-8597,医療法人みのり歯科クリニック　理事長　安井　正晃,安井　正晃,歯,,令6. 1. 1,kyushu/000491322.zip
診療所,44,0137416,羽屋　ながお歯科,大分市羽屋二丁目１３４番地１,097-547-1818,医療法人　律慶会　理事長　長尾　拓郎,長尾　拓郎,歯　小歯　口腔外科,,令6. 7. 1,kyushu/000491322.zip
診療所,44,0137424,ゆいのこころ　デンタルクリニック,大分市金池町１丁目９番４４号,097-574-5004,松岡　俊樹,松岡　俊樹,歯　小歯,,令6. 10. 7,kyushu/000491322.zip
診療所,44,0137432,ひねもすデンタルクリニック,大分市新川西１丁目１番１号,097-589-8616,野口　貴雄,野口　貴雄,歯　口腔外科　小歯　矯歯,,令7. 2. 1,kyushu/000491322.zip
診療所,44,0137440,くまがいデンタルクリニック,大分市坂ノ市南２－１０－１,097-529-8010,熊谷　大樹,熊谷　大樹,歯　小歯　矯歯,,令7. 7. 1,kyushu/000491322.zip
診療所,44,0137457,あけのゆうあいデンタルクリニック,大分市小池原１５３９－６さかえビル１階,097-594-2022,一般社団法人悠愛　代表理事　村山　和宏,中村　恵利子,歯,,令7. 6. 1,kyushu/000491322.zip
診療所,44,0137465,ひたか歯科医院,大分市西大道１－１－７４－１,097-594-1882,日髙　直哉,日髙　直哉,歯　歯外　矯歯　小歯,,令7. 7. 1,kyushu/000491322.zip
診療所,44,0137473,ＳＨＵＮ　ＤＥＮＴＡＬ　ＣＬＩＮＩＣ,大分市下郡北１－４－１４,097-529-6180,佐藤　俊介,佐藤　俊介,歯　小歯　歯外　矯歯,,令7. 8. 1,kyushu/000491322.zip
診療所,44,0137481,まつばらデンタルクリニック,大分市大字三芳字宮畑１８６２番地１,097-579-6401,医療法人まつばらデンタルクリニック　理事長　松原　祐介,松原　祐介,歯　小歯　矯歯,,令7. 6. 1,kyushu/000491322.zip
診療所,44,0137499,猪野歯科クリニック,大分市猪野１２４１－５,097-523-5551,医療法人　猪野歯科クリニック　理事長　斎藤　洋志,斎藤　洋志,歯　小歯,,令7. 7. 1,kyushu/000491322.zip
診療所,44,0137507,おの歯科医院,大分市府内町一丁目１番１２号,097-534-8435,医療法人おの歯科医院　理事長　小野　晴彦,小野　晴彦,歯　矯歯　小歯　歯科口腔外科,,令7. 7. 22,kyushu/000491322.zip
診療所,44,0137515,くさつ歯科,大分市萩原１－１９－３５松栄ビル２Ｆ,097-558-0555,草津　丈晴,草津　丈晴,歯　小歯　歯外,,令7. 8. 1,kyushu/000491322.zip
診療所,44,0137523,谷川デンタルクリニック,大分市大道町四丁目２番３２号,097-547-7164,医療法人凛音会　理事長　谷川　雄一,谷川　雄一,歯　歯外,,令8. 1. 1,kyushu/000491322.zip
診療所,44,0137531,千寿の杜デンタルクリニック,大分市明野東２丁目３３－１７,097-594-1188,篠田　茉央,篠田　茉央,歯　歯外,,令8. 6. 1,kyushu/000491322.zip
診療所,44,0137549,医療法人なないろ　なないろ歯科,大分市中戸次５１１１－９,097-548-8241,医療法人なないろ　理事長　安藤　寿英,東　一彦,歯,,令8. 4. 21,kyushu/000491322.zip
診療所,44,0137556,しんろう歯科医院,大分市片島８番４号,097-569-9136,医療法人しんろう歯科医院　理事長　阿部　伸朗,阿部　伸朗,歯,,令8. 6. 1,kyushu/000491322.zip
診療所,44,0231417,ツルミ山村歯科医院,別府市馬場１－８,0977-25-5050,山村　徳章,山村　徳章,歯　小歯,,昭60. 7. 1,kyushu/000491322.zip
診療所,44,0231557,扇山矢田歯科医院,別府市扇山四丁目５番３号,0977-26-1230,矢田　信裕,矢田　信裕,歯,,平元. 2. 21,kyushu/000491322.zip
診療所,44,0231581,西林歯科医院,別府市石垣西８丁目１－５１　リベラ９０　２Ｆ,0977-24-8011,西林　雄二,西林　雄二,歯　小歯　歯外,,平2. 6. 1,kyushu/000491322.zip
診療所,44,0231615,医療法人　谷口歯科医院,別府市北浜１丁目２番２５号,0977-23-0864,医療法人谷口歯科医院　理事長　谷口　之規,谷口　之規,歯　小歯　矯歯,,平2. 9. 1,kyushu/000491322.zip
診療所,44,0231623,医療法人　イトセ歯科医院,別府市大字南立石１８９１番地の２２０,0977-25-0501,医療法人イトセ歯科医院　理事長　茂山　裕之,茂山　裕之,歯,,平2. 12. 1,kyushu/000491322.zip
診療所,44,0231664,医療法人尚歯会　矢田歯科医院,別府市北浜１丁目１１番９号,0977-24-1876,医療法人尚歯会　理事長　矢田　晏祥,矢田　晏祥,歯,,平3. 1. 1,kyushu/000491322.zip
診療所,44,0231672,石垣鶴田歯科医院,別府市石垣西８丁目５番８号,0977-25-4182,鶴田　靖,鶴田　靖,歯　小歯　歯外,,平3. 2. 1,kyushu/000491322.zip
診療所,44,0231730,しんぐう歯科医院,別府市荘園３－２,0977-25-3033,神宮　康男,神宮　康男,歯　小歯,,平4. 7. 1,kyushu/000491322.zip
診療所,44,0231805,医療法人秋本歯科医院,別府市大字鉄輪６８１番地,0977-66-8171,医療法人秋本歯科医院　理事長　秋本　直柔,秋本　直柔,歯,,平6. 4. 1,kyushu/000491322.zip
診療所,44,0231813,ふじた歯科医院,別府市扇山一丁目１７番５５号,0977-26-0648,藤田　浩,藤田　浩,歯　矯歯　小歯,,平6. 7. 1,kyushu/000491322.zip
診療所,44,0231821,医療法人　椛田歯科医院,別府市亀川浜田町４番１０号,0977-66-6464,医療法人　椛田歯科医院　理事長　椛田　健治,椛田　健治,歯　小歯,,平7. 2. 1,kyushu/000491322.zip
診療所,44,0231847,清岡デンタルクリニック,別府市平田町６－２３,0977-67-8241,清岡　弘文,清岡　弘文,歯　小歯　歯外,,平7. 7. 1,kyushu/000491322.zip
診療所,44,0231912,医療法人　ルミエール歯科,別府市鶴見四丁目２４番３３号,0977-24-8811,医療法人ルミエール歯科　理事長　藤井　茂仁,藤井　茂仁,歯　矯歯　小歯　歯外,,平11. 2. 1,kyushu/000491322.zip
診療所,44,0231920,医療法人社団興裕会　イルカデンタル,別府市扇山１－４,0977-23-3934,医療法人社団興裕会　理事長　青木　弘興,青木　弘興,歯　小歯　歯外,,平12. 2. 1,kyushu/000491322.zip
診療所,44,0231938,えびたに歯科医院,別府市餅ケ浜３－２５－２Ｆ,0977-26-4618,蛯谷　文一,蛯谷　文一,歯　小歯,,平12. 3. 1,kyushu/000491322.zip
診療所,44,0231953,伊東歯科医院,別府市亀川東町１９９６の１,0977-66-8241,医療法人伊東歯科医院　理事長　伊東　毅,伊東　毅,歯　小歯,,平13. 5. 1,kyushu/000491322.zip
診療所,44,0231979,関の江歯科医院,別府市大字内竃字北新田２４ー２,0977-78-2171,内梨　幹郎,内梨　幹郎,歯　小歯,,平13. 7. 1,kyushu/000491322.zip
診療所,44,0231995,上人豊田歯科,別府市上人仲町７００番地の１,0977-66-4731,医療法人上人豊田歯科　理事長　豊田　隆雄,豊田　隆雄,歯,,平13. 12. 1,kyushu/000491322.zip
診療所,44,0232068,高橋歯科医院,別府市石垣西一丁目２８０,0977-26-1456,医療法人高橋歯科医院　理事長　高橋　徳隆,高橋　徳隆,歯　歯外,,平17. 11. 1,kyushu/000491322.zip
診療所,44,0232100,荘園豊田歯科,別府市鶴見１丁目５－８,0977-22-1611,豊田　純一朗,豊田　純一朗,歯　小歯,,平18. 9. 1,kyushu/000491322.zip
診療所,44,0232126,ぞう歯科クリニック,別府市北中７組の１,0977-67-8214,伊東　祐仁,伊東　祐仁,歯,,平19. 3. 1,kyushu/000491322.zip
診療所,44,0232142,兼子矯正歯科クリニック,別府市田の湯町１０番２９　丸子ビル２Ｆ,0977-23-8757,医療法人　兼子矯正歯科　理事長　兼子　宏一,兼子　宏一,歯　矯歯,,平19. 7. 1,kyushu/000491322.zip
診療所,44,0232167,鉄輪歯科クリニック,別府市大字鉄輪１２９番地の１,0977-66-1365,医療法人皓歯会　理事長　久保　巧,久保　周次郎,歯　小歯　歯外　矯歯,,平20. 1. 25,kyushu/000491322.zip
診療所,44,0232183,医療法人日本良和会　姫山歯科診療所,別府市亀川中央町２９番１０号,0977-67-1900,医療法人日本良和会　理事長　相良　明宏,相良　明宏,歯　矯歯　小歯　歯外,,平20. 5. 1,kyushu/000491322.zip
診療所,44,0232191,ガーデン歯科クリニック,別府市大字南立石字中津留２１７１番地７２,0977-22-4618,医療法人喜武会　理事長　高橋　喜巳,高橋　喜巳,歯　小歯　矯歯　歯外,,平20. 11. 1,kyushu/000491322.zip
診療所,44,0232217,マスダ歯科医院,別府市上田の湯町１７－２４,0977-25-8050,桝田　敏敬,桝田　敏敬,歯,,平22. 4. 1,kyushu/000491322.zip
診療所,44,0232225,新港イトセ歯科,別府市新港町５番１号,0977-21-4477,医療法人誠心会　理事長　糸瀬　勝成,糸瀬　勝成,歯　歯外　矯歯,,平22. 5. 1,kyushu/000491322.zip
診療所,44,0232233,安部徹歯科医院ＣＴインプラントオフィス,別府市荘園町４７番２７号,0977-75-9321,安部　徹,安部　徹,歯　歯外　矯歯　小歯,,平22. 6. 1,kyushu/000491322.zip
診療所,44,0232258,別府口腔保健センター,別府市西野口町１５番３３号別府市保健センター１Ｆ,0977-21-5657,一般社団法人　別府市歯科医師会　会長　藤田　浩,平島　惣一,歯,,平22. 12. 1,kyushu/000491322.zip
診療所,44,0232290,北浜さとう歯科クリニック,別府市北浜二丁目７番１８号,0977-25-5577,医療法人　さとう歯科クリニック　理事長　佐藤　裕向,佐藤　裕向,歯　歯外　小歯,,平24. 6. 1,kyushu/000491322.zip
診療所,44,0232324,友岡歯科医院,別府市田の湯町９－１２,0977-21-4725,医療法人社団恒和会　友岡歯科医院　理事長　友岡　浩志,友岡　浩志,歯　矯歯　小歯　歯外,,平25. 4. 13,kyushu/000491322.zip
診療所,44,0232332,髙橋あきお歯科,別府市田の湯町１２－２５アリュールアクセレ１Ｆ,0977-51-4832,髙橋　陽夫,髙橋　陽夫,歯,,平25. 8. 1,kyushu/000491322.zip
診療所,44,0232340,歯科馬場医院,別府市楠町１－２７,0977-24-6464,城下　功,城下　功,歯,,平27. 4. 1,kyushu/000491322.zip
診療所,44,0232357,セイノ歯科医院,別府市野口元町３－３８,0977-23-3581,医療法人　元生会　理事長　生野　太一郎,生野　太一郎,歯　歯外　小歯,,平28. 1. 1,kyushu/000491322.zip
診療所,44,0232365,ウエダ歯科,別府市大畑町２４番１３号,0977-21-8855,医療法人　ウエダ歯科　理事長　上田　源,上田　源,歯,,平29. 1. 1,kyushu/000491322.zip
診療所,44,0232373,セント歯科,別府市上田の湯町１２番３３号,0977-25-8020,医療法人セント会　理事長　首藤　謙一,首藤　謙一,歯　小歯,,平29. 1. 1,kyushu/000491322.zip
診療所,44,0232415,はまわきマハロ歯科,別府市浜脇２丁目２－６,0977-26-3337,杉原　大,杉原　大,歯　歯外　小歯,,平30. 1. 1,kyushu/000491322.zip
診療所,44,0232423,イイダ歯科,別府市上人仲町１－４,0977-66-2828,飯田　哲也,飯田　哲也,歯　歯外　小歯,,平30. 4. 1,kyushu/000491322.zip
診療所,44,0232431,新森歯科クリニック,別府市石垣東五丁目１番２５号,0977-76-8088,医療法人新森内科・歯科クリニック　理事長　新森　英長,新森　英長,歯　歯外　小歯,,平30. 6. 1,kyushu/000491322.zip
診療所,44,0232449,歯科医院　丸尾崎,別府市西野口町１５－３６,0977-76-8786,医療法人丸尾歯科医院　理事長　尾崎　由衛,尾崎　洋美,歯　小歯　歯外,,平31. 4. 18,kyushu/000491322.zip
診療所,44,0232456,加賀谷歯科医院,別府市千代町１１５－１,0977-26-0333,加賀谷　亮太,加賀谷　亮太,歯　歯外　小歯,,平31. 4. 1,kyushu/000491322.zip
診療所,44,0232464,まつもと歯科医院,別府市幸町１４００番地１１,0977-25-1118,医療法人報徳会　理事長　松本　英治,松本　英治,歯　小歯　矯歯,,令元. 6. 1,kyushu/000491322.zip
診療所,44,0232480,歯科アサノ医院,別府市鶴見二丁目３番１７号,0977-25-5449,淺野　信二,淺野　信二,歯,,令元. 7. 9,kyushu/000491322.zip
診療所,44,0232506,酒本歯科医院,別府市青山町３１０９番の２,0977-85-8461,医療法人貞祥会　理事長　酒本　慎,酒本　慎,歯　小歯　歯外,,令2. 5. 1,kyushu/000491322.zip
診療所,44,0232514,しゅんたろう歯科クリニック,別府市新港町２番８２号,0977-23-7820,医療法人Ｈ．Ｅ．Ｆしゅんたろう歯科クリニック　理事長　谷口　俊太郎,谷口　俊太郎,歯,,令3. 6. 1,kyushu/000491322.zip
診療所,44,0232522,Ｂ＆Ａ矯正歯科クリニック,別府市大字南立石字中津留２１７１番地２１,0977-26-3321,藤井　昭仁,藤井　昭仁,矯歯　歯,,令4. 3. 1,kyushu/000491322.zip
診療所,44,0232530,医療法人北極会　しろくま歯科矯正歯科,別府市餅ケ浜町９番３９号,0977-22-4690,医療法人北極会　理事長　井野　章,井野　章,歯　矯歯　小歯　歯外,,令4. 6. 25,kyushu/000491322.zip
診療所,44,0232548,医療法人社団活生会　安寿歯科大分院,別府市大字北石垣９１５番地の２,0977-76-8331,医療法人社団活生会　理事長　宮原　宣高,泰永　久美子,歯　歯外,,令5. 1. 1,kyushu/000491322.zip
診療所,44,0232555,つみき歯科,別府市駅前町１２－１１住乃江ビル２Ｆ,0977-23-3471,手島　理絵,手島　理絵,一般歯科　小歯　口腔外科,,令5. 1. 1,kyushu/000491322.zip
診療所,44,0232571,別府さほ歯科クリニック,別府市石垣西六丁目１番５０号,0977-75-8215,医療法人　涼歯会　理事長　佐保　敦志,佐保　敦志,歯　小歯　歯外　矯歯,,令5. 10. 1,kyushu/000491322.zip
診療所,44,0232589,ひなた歯科医院,別府市石垣西３丁目６－２４－９７７番地ビューアフリカⅡＣ,0977-75-6479,山田　裕也,山田　裕也,歯　小歯,,令7. 9. 1,kyushu/000491322.zip
診療所,44,0330557,鳥谷デンタルクリニック,中津市沖代町一丁目３番１７号,0979-24-8886,鳥谷　裕,鳥谷　裕,歯,,昭53. 4. 1,kyushu/000491322.zip
診療所,44,0330573,渕野歯科医院,中津市沖代町２丁目１番５５号,0979-25-1325,渕野　智弘,渕野　智弘,歯,,昭56. 1. 1,kyushu/000491322.zip
診療所,44,0330680,福成歯科医院,中津市万田宮の下４９９－６,0979-22-8211,福成　文隆,福成　文隆,歯　矯歯　小歯　歯外,,昭59. 12. 1,kyushu/000491322.zip
診療所,44,0330748,池部歯科,中津市下池永８１２,0979-22-0031,池部　紘仁,池部　紘仁,歯　小歯　矯歯　歯外,,昭62. 9. 1,kyushu/000491322.zip
診療所,44,0330755,前田歯科,中津市江三竹町１９５４番地の２,0979-22-1780,前田　聡,前田　聡,歯,,昭63. 3. 1,kyushu/000491322.zip
診療所,44,0330854,川永歯科,中津市沖代町１丁目１番７７号,0979-22-5406,川永　克已,川永　克已,歯,,平5. 11. 1,kyushu/000491322.zip
診療所,44,0330888,アイ歯科医院,中津市犬丸２４２１－１サンビレッジ如水１Ｆ,0979-32-8846,金田　浩二,金田　浩二,一般　歯　小歯,,平8. 4. 1,kyushu/000491322.zip
診療所,44,0330896,はらおか歯科医院,中津市大字永添１３０番地の１,0979-23-8241,原岡　知徳,原岡　知徳,歯　小歯,,平9. 2. 1,kyushu/000491322.zip
診療所,44,0330920,くにお歯科医院,中津市中殿町３丁目１５番地の６,0979-26-1018,前田　国生,前田　国生,歯　小歯,,平9. 7. 1,kyushu/000491322.zip
診療所,44,0330979,岡崎歯科医院,中津市大字是則字元林１３１０ー１６,0979-32-6730,岡崎　淳,岡崎　淳,歯,,平13. 1. 1,kyushu/000491322.zip
診療所,44,0330995,なかにし歯科医院,中津市上宮永２丁目１２－３,0979-22-2121,中西　真,中西　真,歯,,平13. 12. 1,kyushu/000491322.zip
診療所,44,0331019,いわみず歯科クリニック,中津市大字相原３３８８の３,0979-24-4118,岩水　亨,岩水　亨,歯　小歯　矯歯　歯外,,平14. 10. 1,kyushu/000491322.zip
診療所,44,0331050,篠島歯科医院,中津市山国町守実１６０番８,,篠島　茂治,篠島　茂治,歯,,昭60. 6. 17,kyushu/000491322.zip
診療所,44,0331100,おざ歯科医院,中津市中殿町３－２４－９,0979-26-1401,塚田　知徳,塚田　知徳,歯,,平18. 6. 1,kyushu/000491322.zip
診療所,44,0331118,のぞみ歯科三光,中津市三光佐知１０３２イオンモール三光１Ｆ,0979-43-6630,医療法人博真会　理事長　木村　真紀子,豊田　健太,歯　小歯　矯歯　歯外,,平19. 3. 1,kyushu/000491322.zip
診療所,44,0331126,加来歯科,中津市三ノ丁１２７８番地の３,0979-22-0708,医療法人加来歯科　理事長　加来　敏男,加来　敏男,歯　矯歯　小歯　歯外,,平19. 8. 1,kyushu/000491322.zip
診療所,44,0331134,福原歯科医院,中津市耶馬溪町柿坂４７９の２,0979-54-3748,福原　隆文,福原　隆文,歯,,平20. 4. 10,kyushu/000491322.zip
診療所,44,0331142,ゆうだ歯科クリニック,中津市大字大悟法６０８－２,0979-31-0039,夕田　進祐,夕田　進祐,歯　小歯　歯外,,平20. 11. 1,kyushu/000491322.zip
診療所,44,0331159,アルブ・ハート,中津市大字大塚字西中野２９１番７,0979-53-8211,中村　敏文,中村　敏文,歯　小歯　歯外,,平20. 11. 1,kyushu/000491322.zip
診療所,44,0331167,小泉歯科口腔外科,中津市大新田４３８－６,0979-53-9774,小泉　堅,小泉　堅,歯　歯外,,平22. 6. 1,kyushu/000491322.zip
診療所,44,0331175,小林歯科クリニック,中津市是則８５０－５,0979-53-9789,小林　利美,小林　利美,歯,,平23. 3. 1,kyushu/000491322.zip
診療所,44,0331183,和田歯科医院,中津市島田７８６の１,,和田　孝介,和田　孝介,歯　歯外　小歯　矯歯,,平24. 4. 1,kyushu/000491322.zip
診療所,44,0331191,友松歯科医院,中津市豊田町１丁目８０６－１,0979-22-1273,御手洗　栄子,御手洗　栄子,歯　矯歯　小歯　歯外,,平24. 6. 1,kyushu/000491322.zip
診療所,44,0331217,医療法人　角野歯科医院,中津市豊田町１４－３５,0979-22-0675,医療法人　角野歯科医院　理事長　角野　太一,角野　太一,歯,,平26. 5. 1,kyushu/000491322.zip
診療所,44,0331225,カムカム歯科クリニック,中津市中央町一丁目１０６番の５,0979-24-3870,山守　宏志,山守　宏志,歯　小歯　歯外　矯歯,,平26. 10. 1,kyushu/000491322.zip
診療所,44,0331233,Ｏｒａｌ　Ｍｅｄｉｃｉｎｅ　Ｃｌｉｎｉｃ,中津市下池永１０９番地４,0979-64-8746,前田　隆洋,前田　隆洋,歯外,,平27. 4. 1,kyushu/000491322.zip
診療所,44,0331241,Ｗａｓｈ歯科医院,中津市中央町１丁目７番２４号,0979-25-1140,医療法人　Ｗａｓｈ歯科医院　理事長　和田　信,和田　信,歯　矯歯　小歯　歯外,,平27. 12. 1,kyushu/000491322.zip
診療所,44,0331266,からしま歯科,中津市大字島田４２７番地４,0979-22-0278,医療法人　からしま歯科　理事長　辛嶋　哲,辛嶋　哲,歯　矯歯　小歯　歯外,,平28. 6. 1,kyushu/000491322.zip
診療所,44,0331282,荒尾歯科医院,中津市丸山町９５－１,0979-22-0163,荒尾　宣昭,荒尾　宣昭,歯　矯歯　小歯　歯外,,平29. 1. 1,kyushu/000491322.zip
診療所,44,0331290,森田歯科クリニック,中津市永添上ノ原２７６５－１０７,0979-23-0240,森田　了,森田　了,歯　小歯　矯歯　歯外,,平30. 1. 1,kyushu/000491322.zip
診療所,44,0331308,ながの歯科医院,中津市大字上池永１２８０番地８,0979-24-4618,医療法人　ながの歯科医院　理事長　長野　敏朗,長野　敏朗,歯　小歯　矯歯,,平30. 1. 1,kyushu/000491322.zip
診療所,44,0331316,大堀たけし歯科医院,中津市蛭子町二丁目３３番,0979-24-5573,医療法人　健明会　理事長　大堀　剛資,大堀　剛資,歯　小歯,,平30. 6. 1,kyushu/000491322.zip
診療所,44,0331324,木下歯科医院,中津市大字下宮永７６番地１３,0979-24-3865,木下　直昌,木下　直昌,歯,,令元. 6. 9,kyushu/000491322.zip
診療所,44,0331332,真辺歯科医院,中津市大字大悟法５２９番地,0979-32-7227,真辺　昌之,真辺　昌之,歯　小歯　矯歯　歯外,,令5. 10. 1,kyushu/000491322.zip
診療所,44,0331340,広沢歯科医院,中津市大貞３７１－３６２,0979-32-2390,廣沢　恵介,廣沢　恵介,歯,,令7. 4. 1,kyushu/000491322.zip
診療所,44,0331357,すこやか歯科,中津市蛭子町３丁目９９番地ゆめタウン中津３階,0979-53-6871,梅林　雅史,梅林　雅史,歯　小歯　矯歯　歯外,,令8. 1. 1,kyushu/000491322.zip
診療所,44,0430498,中村歯科医院,日田市下井手町４０,0973-23-2228,中村　健司,中村　健司,歯　小歯,,昭59. 8. 1,kyushu/000491322.zip
診療所,44,0430506,村山歯科医院,日田市本町７－２４,,村山　康英,村山　康英,歯,,昭60. 9. 1,kyushu/000491322.zip
診療所,44,0430621,石松朗歯科医院,日田市丸山町１丁目４番３４号,0973-24-3718,石松　朗,石松　朗,歯　小歯　矯歯,,平元. 8. 1,kyushu/000491322.zip
診療所,44,0430639,はたの歯科医院,日田市豆田町７番３２号,,波多野　次郎,波多野　次郎,歯,,平元. 12. 1,kyushu/000491322.zip
診療所,44,0430670,おおくら歯科医院,日田市本町１０－１８,0973-22-0222,大倉　秀一郎,大倉　秀一郎,歯　小歯　矯歯,,平3. 12. 1,kyushu/000491322.zip
診療所,44,0430696,アップル歯科医院,日田市大字庄手字当ノ木４０８－１,0973-24-7710,後藤　俊雄,後藤　俊雄,歯　小歯,,平4. 7. 1,kyushu/000491322.zip
診療所,44,0430704,医療法人あすか会　伊藤歯科医院,日田市玉川町４３－１,0973-24-5700,医療法人あすか会伊藤歯科医院　理事長　伊藤　明彦,伊藤　明彦,歯　小歯　矯歯　歯外,,平4. 10. 1,kyushu/000491322.zip
診療所,44,0430712,内川歯科医院,日田市元町２１－１,0973-22-0320,内川　尚也,内川　尚也,歯　小歯,,平5. 8. 1,kyushu/000491322.zip
診療所,44,0430738,武内歯科医院,日田市元町１９－２５,0973-22-3034,医療法人健慈会　理事長　武内　洋一郎,武内　洋一郎,歯,,平7. 1. 1,kyushu/000491322.zip
診療所,44,0430753,せさき歯科,日田市中央１丁目４－６,0973-23-6481,世佐木　悟,世佐木　悟,歯　矯歯　小歯,,平7. 1. 1,kyushu/000491322.zip
診療所,44,0430795,もちまつ歯科医院,日田市大字三和６６３－１,0973-22-8071,用松　忠信,用松　忠信,歯　矯歯　小歯,,平8. 5. 1,kyushu/000491322.zip
診療所,44,0430803,樋口歯科クリニック,日田市南元町１９－２１,0973-22-8881,樋口　努,樋口　努,歯,,平8. 10. 1,kyushu/000491322.zip
診療所,44,0430845,内藤デンタルクリニック,日田市三芳小渕町１０７９－１,0973-24-2730,内藤　直樹,内藤　直樹,歯,,平9. 4. 1,kyushu/000491322.zip
診療所,44,0431025,北山歯科医院,日田市大山町西大山３８３６ー６,0973-52-3553,北山　俊一,北山　俊一,歯,,平12. 9. 1,kyushu/000491322.zip
診療所,44,0431033,荒木歯科医院,日田市大山町西大山８９４番地の３,0973-52-2022,荒木　久英,荒木　久英,歯　小歯,,平16. 11. 28,kyushu/000491322.zip
診療所,44,0431041,アペックス歯科,日田市元町１９－２４,0973-22-0075,尾﨑　重紀,尾﨑　重紀,歯,,平18. 1. 1,kyushu/000491322.zip
診療所,44,0431058,石松歯科医院,日田市淡窓町２－２－２８,0973-22-3032,白土　麻里,白土　麻里,歯　小歯,,平19. 4. 1,kyushu/000491322.zip
診療所,44,0431066,またけ歯科クリニック,日田市新治町４７６－１,0973-28-7688,真武　拓也,真武　拓也,歯　小歯,,平20. 2. 1,kyushu/000491322.zip
診療所,44,0431074,井上歯科医院,日田市三本松１丁目１４－１１,,二見　正人,二見　正人,歯　歯外　小歯,,平19. 12. 19,kyushu/000491322.zip
診療所,44,0431116,髙木歯科医院,日田市三本松２丁目１－１１第一光ビル１Ｆ,0973-22-2317,髙木　信一,髙木　信一,歯　矯歯,,平23. 5. 1,kyushu/000491322.zip
診療所,44,0431124,合原歯科医院,日田市田島本町１０－２１,0973-22-5305,合原　誠治,合原　誠治,歯,,平26. 1. 1,kyushu/000491322.zip
診療所,44,0431157,おの歯科クリニック,日田市大字三和９８８番地１,0973-22-6118,医療法人社団　義生会　理事長　小野　寛義,小野　寛義,歯　小歯　矯歯　歯外,,平30. 1. 1,kyushu/000491322.zip
診療所,44,0431173,ごとう歯科医院,日田市東町３－１２,0973-22-0002,後藤　嘉之,後藤　嘉之,歯,,令3. 1. 1,kyushu/000491322.zip
診療所,44,0431181,桑野歯科医院,日田市隈２丁目１番３号,0973-22-2556,医療法人亀山会　理事長　野　浩一郎,野　浩一郎,歯,,令5. 4. 1,kyushu/000491322.zip
診療所,44,0431199,よしまさ歯科,日田市田島一丁目７番１４号,0973-23-8148,医療法人よしまさ歯科　理事長　石井　義将,石井　義将,歯　小歯,,令5. 8. 1,kyushu/000491322.zip
診療所,44,0431207,髙田歯科醫院　日田矯正歯科,日田市三本松１丁目８番２８号,0973-28-7019,医療法人Ｏｒｉｏｎ　理事長　髙田　晃太郞,髙田　晃太郞,歯　小歯　歯外　矯歯,,令7. 4. 1,kyushu/000491322.zip
診療所,44,0530388,永谷歯科医院,佐伯市内町５番１１号,0972-23-5131,永谷　源雄,永谷　源雄,歯,,昭53. 4. 1,kyushu/000491322.zip
診療所,44,0530404,隈歯科医院,佐伯市長島町３丁目１８－１２,0972-24-1515,隈　順一郎,隈　順一郎,歯,,昭56. 4. 1,kyushu/000491322.zip
診療所,44,0530461,丸山歯科医院,佐伯市向島１丁目１１番３１号,0972-22-0832,丸山　和明,丸山　和明,歯,,昭64. 1. 1,kyushu/000491322.zip
診療所,44,0530487,土屋デンタルクリニック,佐伯市春日町２番１号,,医療法人　歯芸会　理事長　土屋　嘉都彦,諌山　浩之,歯　矯歯,,平2. 2. 1,kyushu/000491322.zip
診療所,44,0530495,利光歯科医院,佐伯市中の島１丁目８番１２号,0972-22-8811,利光　史規,利光　史規,歯,,平2. 8. 1,kyushu/000491322.zip
診療所,44,0530503,麻生歯科医院,佐伯市駅前１丁目４番８号,0972-20-0808,麻生　隆太,麻生　隆太,歯,,平7. 4. 1,kyushu/000491322.zip
診療所,44,0530511,古田歯科医院,佐伯市城下東町１－１,0972-22-1409,古田　賀郎,古田　賀郎,歯,,平9. 2. 25,kyushu/000491322.zip
診療所,44,0530586,つるおか歯科医院,佐伯市鶴岡町３－１０－１７,0972-23-7330,渡邊　晋二,渡邊　晋二,歯,,平15. 4. 1,kyushu/000491322.zip
診療所,44,0530602,タケオ歯科医院,佐伯市蒲江大字蒲江浦３３７８－１,0972-42-1770,武生　仁,武生　仁,歯,,昭56. 12. 1,kyushu/000491322.zip
診療所,44,0530610,戸高歯科医院,佐伯市蒲江大字畑野浦３８９－５,0972-45-0841,戸髙　勝之,戸髙　勝之,歯　小歯　矯歯　歯外,,昭61. 4. 1,kyushu/000491322.zip
診療所,44,0530651,東歯科医院,佐伯市蒲江大字蒲江浦２２１５の８,0972-42-0067,東　竜太郎,東　竜太郎,歯,,平14. 6. 9,kyushu/000491322.zip
診療所,44,0530677,やよい歯科医院,佐伯市弥生大字井崎１５４２－３,0972-25-3825,須呂　剛士,須呂　剛士,歯　小歯,,平16. 4. 1,kyushu/000491322.zip
診療所,44,0530685,中川歯科クリニック,佐伯市大字長谷字戸間７７２６番地１,0972-25-0066,医療法人　歯正会　理事長　中川　正洋,中川　正洋,歯　小歯　矯歯,,平17. 6. 1,kyushu/000491322.zip
診療所,44,0530693,長田歯科クリニック,佐伯市中村東町６－１４,0972-22-1095,長田　嘉文,長田　嘉文,歯,,平18. 1. 1,kyushu/000491322.zip
診療所,44,0530701,あなん歯科医院,佐伯市直川大字上直見字向船場３９３０番地,0972-58-3504,阿南　惠三,阿南　惠三,歯,,平19. 3. 1,kyushu/000491322.zip
診療所,44,0530719,きよなが歯科クリニック,佐伯市鶴岡町１丁目１１番５９号,0972-20-0702,清永　正二郎,清永　正二郎,歯　小歯,,平19. 5. 1,kyushu/000491322.zip
診療所,44,0530727,上浦歯科クリニック,佐伯市上浦大字津井浦１４００番地６号,0972-32-2320,鰐石　摂,鰐石　摂,歯　歯外　小歯,,平19. 6. 1,kyushu/000491322.zip
診療所,44,0530743,ひかわ歯科医院,佐伯市大字池田２０５３番地１,0972-28-7200,肥川　啓子,肥川　啓子,歯,,平20. 5. 1,kyushu/000491322.zip
診療所,44,0530768,川野歯科医院,佐伯市春日町８－１２,0972-22-2105,川野　直子,川野　直子,歯,,平22. 1. 1,kyushu/000491322.zip
診療所,44,0530784,はやし歯科医院,佐伯市池船町２１－１４,0972-20-5518,医療法人　和敬会　理事長　林　満弘,林　満弘,歯,,平23. 12. 1,kyushu/000491322.zip
診療所,44,0530800,吉田歯科医院,佐伯市城下西町２－６０,0972-22-0354,吉田　一,吉田　一,歯　矯歯　小歯　歯外,,平25. 1. 1,kyushu/000491322.zip
診療所,44,0530818,ファミリー歯科・こども歯科,佐伯市中の島２丁目１９番３０号,0972-20-0648,医療法人　雅紀会　理事長　萩本　雅彦,萩本　雅彦,歯　小歯,,平26. 5. 1,kyushu/000491322.zip
診療所,44,0530826,矢野歯科医院,佐伯市宇目大字小野市２８０８－８,0972-54-3217,矢野　剛,矢野　剛,歯,,平27. 9. 1,kyushu/000491322.zip
診療所,44,0530842,わきた歯科医院,佐伯市船頭町３番１号,0972-23-8241,医療法人衡歯会　理事長　𦚰田　晴彦,𦚰田　晴彦,歯,,令元. 7. 1,kyushu/000491322.zip
診療所,44,0530859,入江歯科,佐伯市大字木立字亀の甲６４８５番地２,0972-29-5388,入江　一彦,入江　一彦,歯,,令元. 9. 1,kyushu/000491322.zip
診療所,44,0530867,つちや歯科医院,佐伯市長島町２丁目２番１０号,0972-22-0020,医療法人つちや歯科医院　理事長　土屋　衛,土屋　衛,歯,,令2. 1. 1,kyushu/000491322.zip
診療所,44,0530875,牧歯科医院,佐伯市中村南町５番６号,0972-23-3325,野々下　志寿子,野々下　志寿子,歯　小歯,,令4. 1. 1,kyushu/000491322.zip
診療所,44,0530883,コスモタウン歯科,佐伯市鶴岡西町１丁目２２８番地,0972-28-7885,栁川　功匡,栁川　功匡,歯,,令5. 4. 1,kyushu/000491322.zip
診療所,44,0630329,鳥越歯科医院,臼杵市大字市浜６９２－１,0972-63-3118,鳥越　耕二,鳥越　耕二,歯,,昭58. 8. 1,kyushu/000491322.zip
診療所,44,0630337,かねまつ歯科医院,臼杵市大字市浜７７０－８,0972-63-3138,金田　明治,金田　明治,歯,,昭58. 10. 1,kyushu/000491322.zip
診療所,44,0630402,こながわ歯科医院,臼杵市大字臼杵字浜２－１０７－７５７,0972-63-2121,小名川　良輔,小名川　良輔,歯　矯歯　小歯,,平2. 6. 1,kyushu/000491322.zip
診療所,44,0630428,佐藤歯科医院,臼杵市新町２組,0972-62-2755,佐藤　真一,佐藤　真一,歯,,平5. 3. 1,kyushu/000491322.zip
診療所,44,0630436,杉山歯科医院,臼杵市野津町大字野津市２５９の２,0974-32-2167,杉山　正之,杉山　正之,歯,,昭54. 3. 26,kyushu/000491322.zip
診療所,44,0630444,芦刈歯科クリニック,臼杵市野津町大字野津市４６４,0974-32-7700,芦刈　晴彦,芦刈　晴彦,歯　矯歯　小歯,,平13. 4. 2,kyushu/000491322.zip
診療所,44,0630451,岩田歯科クリニック,臼杵市野津町大字野津市２７１番地,0974-32-7220,医療法人社団栄仁会　理事長　岩田　由加,岩田　昇,歯　小歯,,平19. 6. 1,kyushu/000491322.zip
診療所,44,0630469,いとう歯科こども歯科,臼杵市大字市浜字馬渡１１６８番地,0972-63-4182,伊東　理夫,伊東　理夫,歯　小歯,,平20. 8. 1,kyushu/000491322.zip
診療所,44,0630485,藤澤歯科医院,臼杵市平清水４組,0972-63-7181,藤澤　昭彦,藤澤　昭彦,歯　歯外　矯歯,,平27. 1. 1,kyushu/000491322.zip
診療所,44,0630501,陽だまり歯科医院,臼杵市野津町大字野津市北町９７番地の２,0974-32-7864,赤嶺　陽子,赤嶺　陽子,歯,,平28. 7. 1,kyushu/000491322.zip
診療所,44,0630519,りん歯科医院,臼杵市江無田２６６－５,0972-83-8260,金田　亮子,金田　亮子,歯　小歯　歯外,,平28. 11. 1,kyushu/000491322.zip
診療所,44,0630527,陶山歯科医院,臼杵市唐人町６７７－１,0972-63-6655,陶山　直昭,陶山　直昭,歯,,平29. 1. 1,kyushu/000491322.zip
診療所,44,0630550,安藤歯科医院,臼杵市平清水１３組,0972-63-6152,安藤　淳一,安藤　淳一,歯,,平30. 4. 1,kyushu/000491322.zip
診療所,44,0630568,深江歯科医院,臼杵市大字江無田３８４番地６,0972-62-2112,医療法人深江歯科医院　理事長　深江　順吾,深江　順吾,歯　小歯　歯外　矯歯,,平30. 5. 1,kyushu/000491322.zip
診療所,44,0630576,臼杵矢田歯科医院,臼杵市臼杵２－１０７－７２０,0972-63-1168,医療法人Ｓｍｉｌｅ　理事長　矢田　泰崇,矢田　泰崇,歯　歯外　矯歯　小歯,,令6. 7. 1,kyushu/000491322.zip
診療所,44,0730111,近藤歯科医院,津久見市宮本町１９番１４号,0972-82-2430,近藤　俊彦,近藤　俊彦,歯　矯歯　小歯　歯外,,昭41. 7. 1,kyushu/000491322.zip
診療所,44,0730152,川野歯科医院,津久見市中央町２３の３,0972-82-5354,川野　尊生,川野　尊生,歯,,昭46. 3. 15,kyushu/000491322.zip
診療所,44,0730178,上杉歯科医院,津久見市中央町１９－１０,0972-82-8420,山﨑　由美子,山﨑　由美子,歯,,昭53. 4. 1,kyushu/000491322.zip
診療所,44,0730194,近藤中央歯科,津久見市中央町８－３１,0972-82-8148,近藤　榮二,近藤　榮二,歯　歯外　矯歯　小歯,,昭54. 3. 6,kyushu/000491322.zip
診療所,44,0730202,増村歯科医院,津久見市井無田２－１４,0972-82-9288,増村　隆夫,増村　隆夫,歯　矯歯,,昭56. 11. 1,kyushu/000491322.zip
診療所,44,0730251,医療法人辰人会　立川和人歯科医院,津久見市宮本町６番１１号,0972-82-8668,医療法人辰人会　理事長　立川　和人,立川　和人,歯,,平9. 12. 1,kyushu/000491322.zip
診療所,44,0730269,ふかえ歯科医院,津久見市中田町１－４,0972-82-1002,深江　秀治,深江　秀治,歯　矯歯　小歯　歯外,,平10. 7. 1,kyushu/000491322.zip
診療所,44,0730277,秋岡デンタルクリニック,津久見市大字千怒６０４５番地の３,0972-82-8228,秋岡　文吾,秋岡　文吾,歯,,平10. 11. 5,kyushu/000491322.zip
診療所,44,0730293,加納歯科医院,津久見市中央町４番７号,0972-83-5756,加納　学,加納　学,歯　小歯,,平26. 4. 1,kyushu/000491322.zip
診療所,44,0730301,つかもと歯科医院,津久見市中央町７６０番の５３号の３,0972-85-1182,塚本　林功,塚本　林功,歯　小歯　歯外　矯歯,,平26. 8. 10,kyushu/000491322.zip
診療所,44,0830200,まつもと歯科クリニック,竹田市玉来７３３－１１,0974-62-2400,松本　考史,松本　考史,歯,,平5. 10. 1,kyushu/000491322.zip
診療所,44,0830226,ふじさわ歯科医院,竹田市大字竹田１８１８－１,0974-64-1118,藤澤　清一,藤澤　清一,歯　小歯,,平14. 8. 1,kyushu/000491322.zip
診療所,44,0830234,竹下歯科医院,竹田市大字竹田１８７７番地１,0974-62-2662,竹下　尚之,竹下　尚之,歯　小歯　歯外,,平15. 3. 1,kyushu/000491322.zip
診療所,44,0830259,竹田市荻歯科診療所,竹田市荻町馬場４５８番地１,0974-68-3263,元木　啓後,元木　啓後,歯,,平9. 9. 1,kyushu/000491322.zip
診療所,44,0830267,長湯ごとう歯科,竹田市直入町大字長湯８２１６番地１,0974-75-3001,後藤　博文,後藤　博文,歯,,平10. 2. 1,kyushu/000491322.zip
診療所,44,0830275,歯科筑紫医院,竹田市久住６０６５－１,0974-76-0024,筑紫　寿七生,筑紫　寿七生,歯　小歯　歯外,,平19. 8. 1,kyushu/000491322.zip
診療所,44,0930240,松江歯科医院,豊後高田市玉津２８１番地１１,0978-22-3123,松江　裕史,松江　裕史,歯　小歯,,平元. 5. 1,kyushu/000491322.zip
診療所,44,0930257,吉久歯科医院,豊後高田市御玉２３８－１,0978-22-3372,吉久　智仁,吉久　智仁,歯　小歯　矯歯,,平元. 7. 1,kyushu/000491322.zip
診療所,44,0930273,京極歯科医院,豊後高田市高田２８３３番地２１,0978-24-3232,京極　順二,京極　順二,歯　歯外,,平5. 4. 1,kyushu/000491322.zip
診療所,44,0930281,椛田歯科医院,豊後高田市新町９７８番地,0978-22-2508,椛田　家光,椛田　家光,歯,,平10. 8. 3,kyushu/000491322.zip
診療所,44,0930331,水之江歯科医院,豊後高田市本町４８２,0978-24-2628,水之江　愼一,水之江　愼一,歯,,平16. 10. 26,kyushu/000491322.zip
診療所,44,0930364,すみれ歯科,豊後高田市中真玉字浜古屋敷２１８４－１３,0978-53-5101,医療法人富松歯科医院　理事長　富松　準一,河野　明彦,歯　小歯　矯歯　歯外,,平17. 8. 1,kyushu/000491322.zip
診療所,44,0930372,安部歯科医院,豊後高田市高田１９７７－３,0978-24-0606,安部　経夫,安部　経夫,歯,,平18. 1. 4,kyushu/000491322.zip
診療所,44,0930380,龍口歯科クリニック,豊後高田市玉津１３２４番地１,0978-24-0780,龍口　正,龍口　正,歯　小歯　矯歯　歯外,,平23. 6. 20,kyushu/000491322.zip
診療所,44,0930414,うえき歯科クリニック,豊後高田市高田８３２番地,0978-22-2166,医療法人　Ｐｌａｎｔｒｅｅ　理事長　植木　雄一,植木　茂,歯　歯外　小歯,,平27. 6. 1,kyushu/000491322.zip
診療所,44,0930430,うえきデンタルクリニック,豊後高田市新町２０１８番地２,0978-22-1158,医療法人　Ｐｌａｎｔｒｅｅ　理事長　植木　雄一,植木　雄一,歯　歯外　小歯,,平30. 9. 5,kyushu/000491322.zip
診療所,44,0930448,まつなり歯科医院,豊後高田市香々地３９４９番地,0978-54-2051,医療法人　まつなり歯科医院　理事長　松成　康男,松成　康男,歯　小歯　歯外,,令4. 5. 1,kyushu/000491322.zip
診療所,44,1030255,有永歯科医院,杵築市大字杵築１２４番地,0978-63-2165,有永　博,有永　博,歯,,昭58. 6. 1,kyushu/000491322.zip
診療所,44,1030289,歯科原田医院,杵築市大字南杵築２８９,0978-62-2460,原田　裕教,原田　裕教,歯　小歯　歯外,,平6. 4. 1,kyushu/000491322.zip
診療所,44,1030297,久保歯科医院,杵築市大字奈多字志口３４９６－１０,0978-63-8241,久保　友成,久保　友成,歯　矯歯　小歯,,平6. 8. 1,kyushu/000491322.zip
診療所,44,1030313,田川歯科医院,杵築市大字杵築１２１７ー１,0978-62-2061,田川　尚之,田川　尚之,歯　小歯,,平13. 2. 21,kyushu/000491322.zip
診療所,44,1030347,勝野歯科医院,杵築市山香町大字内河野字椿ケ瀬２７６７の２,0977-75-1566,勝野　征夫,勝野　征夫,歯,,平元. 5. 1,kyushu/000491322.zip
診療所,44,1030370,宮本歯科医院,杵築市大字杵築６６５番地５６９,0978-63-3033,医療法人　ピュアハート　理事長　宮本　耕一,宮本　耕一,歯　小歯　歯外　矯歯,,平19. 6. 1,kyushu/000491322.zip
診療所,44,1030412,なんば歯科医院,杵築市大字杵築６６５番地２６２,0978-63-4182,医療法人なんば歯科医院　理事長　難波　亮二,難波　亮二,歯　歯外　小歯　矯歯,,令5. 7. 1,kyushu/000491322.zip
診療所,44,1030420,長野歯科口腔外科,杵築市山香町内河野２７３０－１,0977-75-0680,長野　公喜,長野　公喜,歯　小歯　歯外,,令6. 7. 1,kyushu/000491322.zip
診療所,44,1130287,中島デンタルクリニック,宇佐市大字上高家１３７８－１,0978-33-2161,中島　三直,中島　三直,歯,,昭58. 9. 1,kyushu/000491322.zip
診療所,44,1130329,金子歯科医院,宇佐市大字四日市三反田２８７２－６,0978-33-2866,金子　政則,金子　政則,歯,,昭59. 6. 1,kyushu/000491322.zip
診療所,44,1130337,石川歯科医院,宇佐市大字南宇佐２４２９－７,0978-37-1711,石川　広典,石川　広典,歯,,昭60. 5. 1,kyushu/000491322.zip
診療所,44,1130345,長浦歯科医院,宇佐市大字岩崎３７３－１,0978-37-0666,長浦　潮,長浦　潮,歯,,昭60. 5. 1,kyushu/000491322.zip
診療所,44,1130352,蜷木歯科医院,宇佐市大字岩崎御勝田１２４３－４,0978-37-1923,蜷木　康直,蜷木　康直,歯　小歯,,昭61. 4. 1,kyushu/000491322.zip
診療所,44,1130378,相良歯科医院,宇佐市住吉町２丁目２８番３,0978-38-4141,相良　好徳,相良　好徳,歯　小歯,,昭63. 4. 1,kyushu/000491322.zip
診療所,44,1130402,佐藤歯科医院,宇佐市大字法鏡寺字前田２６７の１,0978-33-3434,佐藤　靖臣,佐藤　靖臣,歯　小歯,,平元. 5. 1,kyushu/000491322.zip
診療所,44,1130410,たえん歯科,宇佐市大字下時枝字坊藤５６８番１,0978-33-4433,田椽　泰史,田椽　泰史,歯　矯歯　小歯,,平2. 7. 1,kyushu/000491322.zip
診療所,44,1130436,田中歯科医院,宇佐市大字長洲６８８,0978-38-0141,田中　一秀,田中　一秀,歯　矯歯　小歯,,平5. 4. 1,kyushu/000491322.zip
診療所,44,1130444,そのき歯科医院,宇佐市大字原字津房７６６－１,0978-33-2277,園木　幹人,園木　幹人,歯,,平5. 6. 1,kyushu/000491322.zip
診療所,44,1130477,うしろだ歯科医院,宇佐市大字南敷田７２６－１,0978-34-6480,後田　利彦,後田　利彦,歯,,平14. 4. 1,kyushu/000491322.zip
診療所,44,1130485,なの花歯科,宇佐市大字辛島字白木１９２－１,0978-32-8145,石川　広秀,石川　広秀,歯,,平15. 8. 1,kyushu/000491322.zip
診療所,44,1130493,いわお歯科,宇佐市大字別府字下居ヤシキ６１－２,0978-32-6300,岩男　祥宏,岩男　祥宏,歯,,平16. 7. 1,kyushu/000491322.zip
診療所,44,1130535,谷歯科医院,宇佐市院内町大副４９８－２,0978-42-6411,谷　英巳,谷　英巳,歯,,平14. 11. 1,kyushu/000491322.zip
診療所,44,1130543,歯科久恒医院,宇佐市安心院町下毛２１４５番地,0978-44-2211,久恒　敦司,久恒　敦司,歯,,平16. 1. 1,kyushu/000491322.zip
診療所,44,1130550,糸口歯科診療所,宇佐市大字猿渡１０３０番１,0978-33-2516,社会福祉法人　大分県社会福祉事業団　理事長　銅城　義則,佐藤　なるみ,歯,,平17. 3. 31,kyushu/000491322.zip
診療所,44,1130634,宇佐矯正歯科クリニック,宇佐市大字辛島字屋敷１６７番地,0978-33-3748,医療法人宇佐矯正歯科クリニック　理事長　松成　篤,松成　篤,歯　矯歯,,平24. 12. 1,kyushu/000491322.zip
診療所,44,1130642,医療法人　喜隆会　石部ファミリー歯科医院,宇佐市大字江須賀４０５５－４,0978-34-8014,医療法人　喜隆会　理事長　石部　幸二,石部　幸二,歯　小歯　歯外,,平25. 12. 9,kyushu/000491322.zip
診療所,44,1130667,たきがみ歯科クリニック,宇佐市辛島２０３番地,0978-25-6480,瀧上　洋平,瀧上　洋平,歯　歯外　小歯,,平27. 3. 1,kyushu/000491322.zip
診療所,44,1130675,安心院わたなべ歯科,宇佐市安心院町木裳３８０番地２,0978-44-1106,医療法人　安心院わたなべ歯科　理事長　井東　透大,井東　透大,歯　小歯　歯外　矯歯,,平27. 7. 1,kyushu/000491322.zip
診療所,44,1130683,森吉歯科医院,宇佐市大字上田９５１番地,0978-33-3175,森吉　大輔,森吉　大輔,歯　小歯　歯外,,平30. 4. 1,kyushu/000491322.zip
診療所,44,1130691,ウェルデンタルクリニック,宇佐市上田１５８－１,0978-25-6466,植木　宏之,植木　宏之,歯　小歯　矯歯　歯外,,令4. 1. 11,kyushu/000491322.zip
診療所,44,1130709,中島歯科医院,宇佐市大字四日市１２６６－２,0978-32-0025,中島　知範,中島　知範,歯,,令6. 5. 1,kyushu/000491322.zip
診療所,44,1230053,第一歯科大塚,豊後大野市三重町市場８１２－２,0974-22-6377,大塚　盛夫,大塚　盛夫,歯,,昭57. 6. 1,kyushu/000491322.zip
診療所,44,1230079,杉山歯科医院,豊後大野市犬飼町田原字立野２１０番地１,097-578-0101,杉山　英俊,杉山　英俊,歯,,昭61. 12. 1,kyushu/000491322.zip
診療所,44,1230095,医療法人　久保歯科医院,豊後大野市大野町田中１６６番地２,,医療法人久保歯科医院　理事長　久保　博英,久保　博英,歯,,平元. 12. 1,kyushu/000491322.zip
診療所,44,1230137,朝地町アルファ歯科医院,豊後大野市朝地町坪泉５６５－９,0974-72-1032,麻生　智義,麻生　智義,歯,,平8. 11. 1,kyushu/000491322.zip
診療所,44,1230160,橋本歯科医院,豊後大野市緒方町馬場２１０番地,0974-42-2515,橋本　憲文,橋本　憲文,歯,,平15. 1. 5,kyushu/000491322.zip
診療所,44,1230178,みどり歯科クリニック,豊後大野市緒方町下自在１６８－１,0974-42-3031,衞　美登里,衞　美登里,歯　小歯,,平16. 9. 1,kyushu/000491322.zip
診療所,44,1230228,フレンド歯科,豊後大野市三重町赤嶺２０５６番地,0974-22-8828,医療法人ハートニング・ヘルスケア　理事長　立園　隆右,立園　隆右,一般　歯　歯外　小歯,,平25. 1. 1,kyushu/000491322.zip
診療所,44,1230236,市場のはいしゃさん,豊後大野市三重町市場１３９６番地１,0974-22-1455,木付　暁子,木付　暁子,歯　歯外,,平25. 6. 1,kyushu/000491322.zip
診療所,44,1230244,つばさ歯科,豊後大野市三重町市場４２６－１,0974-22-6262,荒金　慶子,荒金　慶子,歯　小歯　歯外,,平26. 5. 1,kyushu/000491322.zip
診療所,44,1230269,むとう歯科医院,豊後大野市犬飼町犬飼１８番地１,097-578-1800,医療法人　むとう歯科医院　理事長　武藤　秀典,武藤　晃典,歯　小歯　歯外,,平27. 12. 1,kyushu/000491322.zip
診療所,44,1230285,羽田歯科医院,豊後大野市三重町赤嶺字塚田２９７１番６,0974-22-0317,清國　祐紀,清國　祐紀,歯　小歯,,平28. 8. 16,kyushu/000491322.zip
診療所,44,1230293,ごとう歯科・口腔外科クリニック,豊後大野市三重町赤嶺１６８０番地,0974-22-1118,後藤　秀之,後藤　秀之,歯　小歯　歯外,,令3. 3. 1,kyushu/000491322.zip
診療所,44,1230301,矢野歯科クリニック,豊後大野市三重町赤嶺１０９２番地２５,0974-22-8811,医療法人ＥＭＨ　理事長　矢野　英次,矢野　英次,歯　小歯　歯外,,令4. 1. 1,kyushu/000491322.zip
診療所,44,1230319,熊瀬歯科医院,豊後大野市三重町市場５６０番地１,0974-22-0327,熊瀨　名保子,熊瀨　名保子,歯,,令6. 1. 10,kyushu/000491322.zip
診療所,44,1330044,小野歯科医院,由布市庄内町大龍２３４６－１,097-582-2200,小野　智之,小野　智之,歯　矯歯　歯外　小歯,,平3. 12. 1,kyushu/000491322.zip
診療所,44,1330051,フォレスト・デンタル・クリニック,由布市湯布院町川上１１８１－１４,0977-85-4747,松本　進一,松本　進一,歯,,平6. 1. 1,kyushu/000491322.zip
診療所,44,1330077,かわかみ歯科,由布市挾間町北方１３ー１,097-586-3418,川上　昌也,川上　昌也,歯　小歯,,平12. 7. 1,kyushu/000491322.zip
診療所,44,1330093,ヒロ歯科クリニック,由布市庄内町柿原３０５番地２　花菱ハイツ１階,097-582-2222,河野　真寛,河野　真寛,歯　矯歯　小歯,,平13. 12. 1,kyushu/000491322.zip
診療所,44,1330101,野上歯科クリニック,由布市湯布院町川南２７３－１,0977-85-4676,野上　浩志,野上　浩志,歯,,平15. 12. 22,kyushu/000491322.zip
診療所,44,1330119,医療法人　田代歯科医院,由布市湯布院町川上２９３５番地４,0977-85-3322,医療法人　田代歯科医院　理事長　田代　教二,田代　教二,歯　小歯,,平16. 11. 1,kyushu/000491322.zip
診療所,44,1330127,吉村歯科クリニック,由布市挾間町古野２０４－５,097-586-3081,吉村　俊幸,吉村　俊幸,歯　小歯,,平17. 7. 1,kyushu/000491322.zip
診療所,44,1330135,木本歯科クリニック,由布市挾間町挾間４５６番地１,097-583-3385,医療法人育栄会　理事長　木本　哲也,木本　哲也,歯,,平19. 5. 1,kyushu/000491322.zip
診療所,44,1330143,歯科吉村医院,由布市湯布院町川南３３５番地,0977-84-2077,吉村　研治,吉村　研治,歯　小歯,,平21. 1. 1,kyushu/000491322.zip
診療所,44,1330168,小原歯科医院,由布市挾間町挾間３５６番地１,097-583-3877,医療法人　小原歯科医院　理事長　小原　正寛,小原　正嗣,歯　小歯　歯外,,令3. 12. 1,kyushu/000491322.zip
診療所,44,1430075,川野歯科医院,国東市武蔵町古市字見の城１０９番地,0978-68-1574,川野　亨,川野　亨,歯,,昭52. 7. 21,kyushu/000491322.zip
診療所,44,1430083,アキモト歯科医院,国東市安岐町西本田中前８８３－３,0978-67-2677,秋本　愼一,秋本　愼一,歯,,昭63. 11. 1,kyushu/000491322.zip
診療所,44,1430109,福永歯科医院,国東市国東町鶴川１０６,0978-72-2838,福永　功,福永　功,歯,,平5. 6. 1,kyushu/000491322.zip
診療所,44,1430117,医療法人なかよし歯科医院,国東市武蔵町古市１１３９番地１,0978-68-0118,医療法人なかよし歯科医院　理事長　藤原　亮,藤原　亮,歯　小歯,,平6. 7. 1,kyushu/000491322.zip
診療所,44,1430125,医療法人　さいとう歯科医院,国東市安岐町塩屋２９０番地６,0978-67-2980,医療法人さいとう歯科医院　理事長　齋藤　純,齋藤　純,歯　小歯,,平10. 5. 15,kyushu/000491322.zip
診療所,44,1430133,矢野歯科医院,国東市安岐町瀬戸田６６９,0978-67-0499,矢野　優,矢野　優,歯　小歯,,平12. 1. 1,kyushu/000491322.zip
診療所,44,1430158,岐部歯科医院,国東市国見町伊美２５８４－３,0978-82-0078,岐部　靖弘,岐部　靖弘,歯　小歯　歯外,,平17. 6. 1,kyushu/000491322.zip
診療所,44,1430182,ふじがき歯科医院,国東市国見町伊美２７５２番地３,0978-82-1011,医療法人ふじがき歯科医院　理事長　藤垣　雅士,藤垣　雅士,歯　小歯　歯外,,平19. 5. 1,kyushu/000491322.zip
診療所,44,1430216,栗林歯科医院,国東市国東町鶴川３９８番地１,0978-72-0038,医療法人社団栗林歯科医院　理事長　栗林　研治,栗林　大介,歯　小歯　矯歯,,平30. 10. 1,kyushu/000491322.zip
診療所,44,1430224,清末歯科医院,国東市国東町富来浦１４４４番地,0978-74-0102,清末　崇裕,清末　崇裕,歯,,令5. 5. 1,kyushu/000491322.zip
診療所,44,2230193,脇歯科医院,速見郡日出町１６６１－１８,,脇　博泰,脇　博泰,歯,,昭56. 5. 1,kyushu/000491322.zip
診療所,44,2230219,溝部歯科医院,速見郡日出町３４８０番地の７,0977-72-6488,溝部　秀憲,溝部　秀憲,歯　小歯,,昭63. 6. 1,kyushu/000491322.zip
診療所,44,2230284,第二谷口歯科医院,速見郡日出町大字豊岡３８５番地の１,0977-72-9330,医療法人第二谷口歯科医院　理事長　谷口　寛,谷口　寛,歯　小歯,,平10. 7. 1,kyushu/000491322.zip
診療所,44,2230292,大原歯科医院,速見郡日出町３１１５番地の１８,0977-72-1616,大原　啓,大原　啓,歯,,平12. 1. 18,kyushu/000491322.zip
診療所,44,2230367,河野歯科医院,速見郡日出町川崎８０７－１１,,河野　俊貴,河野　俊貴,歯　小歯,,平17. 10. 11,kyushu/000491322.zip
診療所,44,2230375,ＡＬＰＳ　ＳＵＮＲＩＳＥ　ＣＬＩＮＩＣ,速見郡日出町字北横町２９９０番地の３他,0977-72-2557,医療法人社団真正会　理事長　向井　道夫,向井　大二,歯,,平19. 2. 1,kyushu/000491322.zip
診療所,44,2230391,医療法人山下歯科医院,速見郡日出町３１８４番地,0977-28-0058,医療法人山下歯科医院　理事長　山下　浩平,山下　浩平,歯　小歯　歯外　矯歯,,平23. 7. 1,kyushu/000491322.zip
診療所,44,2230409,フォレスト歯科口腔外科クリニック,速見郡日出町鰐沢３６４１番６,0977-51-5651,一宮　久之,一宮　久之,歯　小歯　矯歯　歯外,,平27. 10. 1,kyushu/000491322.zip
診療所,44,2830232,たしろ歯科医院,玖珠郡玖珠町大字塚脇字箱割１８１－４,0973-72-3838,田代　潤,田代　潤,歯,,昭56. 12. 1,kyushu/000491322.zip
診療所,44,2830265,井上第二歯科医院,玖珠郡玖珠町塚脇長野野中７３４の２,0973-72-5983,井上　正務,井上　正務,歯,,昭59. 7. 1,kyushu/000491322.zip
診療所,44,2830273,麻生歯科医院,玖珠郡九重町大字右田３３５９,0973-76-2310,麻生　弘,麻生　弘,歯　小歯,,昭61. 7. 1,kyushu/000491322.zip
診療所,44,2830281,玉井歯科医院,玖珠郡九重町大字恵良５４０番地,0973-76-2018,玉井　建治,玉井　建治,歯,,昭61. 12. 1,kyushu/000491322.zip
診療所,44,2830356,是永歯科医院,玖珠郡玖珠町大字帆足２３３－１８,0973-72-1020,是永　悟,是永　悟,歯,,平5. 6. 1,kyushu/000491322.zip
診療所,44,2830364,相良歯科医院,玖珠郡玖珠町塚脇３４８－１,0973-72-0214,相良　泰介,相良　泰介,歯,,平6. 1. 1,kyushu/000491322.zip
診療所,44,2830372,長尾歯科,玖珠郡玖珠町大字帆足２７９番地,0973-72-7122,長尾　博通,長尾　博通,歯,,平9. 7. 1,kyushu/000491322.zip
診療所,44,2830380,秋吉歯科医院,玖珠郡玖珠町大字帆足２３２の７,0973-72-4549,秋吉　栄太郎,秋吉　栄太郎,歯,,平12. 3. 16,kyushu/000491322.zip
診療所,44,2830406,倉成歯科医院,玖珠郡玖珠町森３８－２,0973-72-0450,倉成　一宏,倉成　一宏,歯,,平24. 8. 1,kyushu/000491322.zip
診療所,44,2830414,吉武歯科医院,玖珠郡玖珠町大字帆足２４１－２,0973-72-0615,吉武　孝拡,吉武　孝拡,歯,,平26. 4. 1,kyushu/000491322.zip
診療所,44,2830430,井上歯科医院,玖珠郡九重町大字右田７３７の３,0973-77-6851,井上　明也,井上　明也,歯,,令4. 5. 1,kyushu/000491322.zip
薬局,44,0140640,株式会社内田薬局,大分市中央町１丁目２番２２号,097-532-3006,株式会社内田薬局　代表取締役　内田　伊久夫,内田　伊久夫,,,昭44. 1. 1,kyushu/000491322.zip
薬局,44,0141929,ブンゴヤ薬局大道店,大分市大道町４丁目５－２７,097-545-3232,有限会社ブンゴヤエンタープライズ　代表取締役　荘司　晃寿,川島　麻美,,,昭55. 10. 1,kyushu/000491322.zip
薬局,44,0142596,三栄薬局,大分市中島西１丁目５番地,097-536-3818,有限会社三栄　代表取締役　三松　成子,栗野　雅光,,,昭60. 6. 1,kyushu/000491322.zip
薬局,44,0142679,東洋漢方中央薬局,大分市畑中７９１－４,097-545-6320,有限会社中央薬局　代表取締役　河野　敬三,河野　敬三,,,昭60. 11. 1,kyushu/000491322.zip
薬局,44,0142778,有限会社森調剤薬局,大分市二又町一丁目３番３０号,097-545-7661,有限会社森調剤薬局　代表取締役　森　徳子,山村　令子,,,昭61. 9. 1,kyushu/000491322.zip
薬局,44,0142794,有限会社春日薬局,大分市王子北町１－５,097-537-1181,有限会社春日薬局　代表取締役　竹尾　希志子,竹尾　希志子,,,昭62. 1. 14,kyushu/000491322.zip
薬局,44,0142851,岡部薬局明治店,大分市大字猪野１３９２の１,097-522-1737,有限会社岡部薬局　代表取締役　岡部　潤,岡部　恵子,,,昭62. 6. 1,kyushu/000491322.zip
薬局,44,0143040,くすりのケンミン　あけのアクロス薬局,大分市明野東１丁目１番１号明野センターアクロス地下１階,097-552-1181,株式会社ケンミン　代表取締役社長　大津　龍次,佐藤　隆子,,,昭63. 11. 1,kyushu/000491322.zip
薬局,44,0143081,コスモ調剤薬局,大分市牧３丁目１７２－４,097-551-2031,有限会社コスモ　代表取締役　甲斐　一史,甲斐　一史,,,平元. 5. 1,kyushu/000491322.zip
薬局,44,0143107,大安薬局,大分市南鶴崎２丁目３番２２号,097-527-4411,有限会社大安薬局　代表取締役　平川　弓恵,平川　弓恵,,,平元. 6. 1,kyushu/000491322.zip
薬局,44,0143123,杉原薬局生石店,大分市生石３丁目１番２９号,097-538-1711,有限会社杉原薬局　代表取締役　村山　孝,堤　美枝子,,,平元. 7. 1,kyushu/000491322.zip
薬局,44,0143149,株式会社国立前調剤薬局,大分市横田２丁目１３番１号,097-593-3120,株式会社国立前調剤薬局　代表取締役　杉原　正剛,清原　克太,,,平元. 8. 9,kyushu/000491322.zip
薬局,44,0143339,きむら薬局上野丘店,大分市上野丘１丁目１２－１８,097-545-9305,有限会社きむら薬局　取締役　児玉　淳,大嶋　佳子,,,平4. 9. 1,kyushu/000491322.zip
薬局,44,0143388,大分市薬剤師会会営東野台薬局,大分市東野台２丁目１番地,097-549-4106,公益社団法人大分市薬剤師会　会長　阿部　みどり,荻本　恭子,,,平5. 7. 1,kyushu/000491322.zip
薬局,44,0143412,敷戸薬局,大分市敷戸西町１－１２－１０５号,097-569-1937,利満　富美子,利満　富美子,,,平5. 11. 1,kyushu/000491322.zip
薬局,44,0143420,鶴崎調剤薬局,大分市南鶴崎２丁目１番１８号,097-521-5831,有限会社鶴崎調剤薬局　代表取締役　淵野　延子,淵野　延子,,,平5. 11. 1,kyushu/000491322.zip
薬局,44,0143446,有限会社ひらた薬局,大分市高城新町１３番１３号,097-558-6532,有限会社ひらた薬局　代表取締役　平田　光,平田　光,,,平6. 5. 1,kyushu/000491322.zip
薬局,44,0143560,ひなぎく薬局,大分市中戸次５１８６の２,097-597-5600,株式会社そうりん　代表取締役　藤井　陽生,小野　寧大,,,平6. 10. 1,kyushu/000491322.zip
薬局,44,0143669,みさと薬局森町店,大分市大字森町字栗板通５６５番地の３,097-523-3994,株式会社社みさと薬局　代表取締役　副　啓子,堤　喜代明,,,平7. 6. 1,kyushu/000491322.zip
薬局,44,0143693,有限会社安東調剤薬局賀来店,大分市賀来南一丁目１５番２９号,097-549-2433,有限会社安東調剤薬局　代表取締役　安東　周志,菊池　千春,,,平7. 6. 1,kyushu/000491322.zip
薬局,44,0143735,有限会社工藤調剤薬局第三,大分市三ケ田町三丁目３番３０号,097-544-2931,有限会社工藤調剤薬局　代表取締役　工藤　一代,児玉　成美,,,平7. 9. 1,kyushu/000491322.zip
薬局,44,0143875,有限会社なか薬局宮崎店,大分市大字宮崎１３９２の１,097-568-6908,有限会社なか薬局　代表取締役　中芝　高彦,秦野　祐一,,,平8. 12. 1,kyushu/000491322.zip
薬局,44,0143925,ブンゴヤ薬局　森町店,大分市大字森５８８－７,097-523-6000,株式会社ブンゴヤ薬局　代表取締役　荘司　晃寿,木本　久美子,,,平9. 3. 1,kyushu/000491322.zip
薬局,44,0143958,さくら薬局,大分市大字中判田字尾坪１９０６番地,097-597-1993,有限会社さくら薬局　代表取締役　幸　徹,野　吉満,,,平9. 4. 1,kyushu/000491322.zip
薬局,44,0143974,にじが丘調剤薬局,大分市大字三芳１９１１－４,097-544-4695,有限会社シオテ薬品　取締役　塩手　恵美,塩手　恵美,,,平9. 4. 1,kyushu/000491322.zip
薬局,44,0144006,（有）マツダ府内薬局,大分市畑中三丁目２番５８号,097-543-7800,有限会社マツダ府内薬局　取締役　矢野　祐子,矢野　祐子,,,平9. 5. 1,kyushu/000491322.zip
薬局,44,0144071,（株）臼杵薬局　花津留店,大分市花津留２－５－５,097-551-5027,株式会社臼杵薬局　代表取締役　臼杵　伸一郎,臼杵　伸一郎,,,平9. 7. 1,kyushu/000491322.zip
薬局,44,0144121,水之江薬局,大分市長浜町２丁目８－６,097-532-3003,有限会社水之江薬局　取締役　水之江　泰子,水之江　泰子,,,平10. 1. 1,kyushu/000491322.zip
薬局,44,0144196,輔仁薬局,大分市千代町２丁目１番８号,097-537-0026,株式会社輔仁薬局　代表取締役　副　守尋,小野　万里,,,平10. 6. 1,kyushu/000491322.zip
薬局,44,0144220,有限会社得丸長生堂薬局,大分市大道町２丁目８－９,097-543-7587,有限会社得丸長生堂調剤薬局　代表取締役　得丸　義晃,石井　恵子,,,平10. 8. 1,kyushu/000491322.zip
薬局,44,0144246,有限会社太陽調剤薬局中判田店,大分市大字中判田字栗矢田１４３４番２,097-597-6334,有限会社太陽調剤薬局　代表取締役　松尾　啓晃,安部　加代子,,,平10. 8. 1,kyushu/000491322.zip
薬局,44,0144303,ゆう調剤薬局猪野店,大分市大字猪野字西原１１０１－７,097-522-0665,株式会社ソメヤ　代表取締役　染矢　将吾,端谷　宏貴,,,平10. 11. 1,kyushu/000491322.zip
薬局,44,0144311,（有）得丸長生堂調剤薬局,大分市大道町３丁目３－６６,097-546-3529,有限会社得丸長生堂調剤薬局　代表取締役　得丸　義晃,得丸　義晃,,,平11. 1. 1,kyushu/000491322.zip
薬局,44,0144386,おおてまち調剤薬局,大分市大手町３丁目６番３号,097-573-8005,有限会社シオテ薬品　取締役　塩手　恵美,塩手　佳穂,,,平11. 4. 1,kyushu/000491322.zip
薬局,44,0144394,ブンゴヤ薬局松岡店,大分市松岡５１８９－４,097-524-6370,株式会社ブンゴヤ薬局　代表取締役　荘司　晃寿,三村　翔太郎,,,平11. 4. 1,kyushu/000491322.zip
薬局,44,0144428,阿部薬局,大分市南津留１１ー１６,097-556-9954,阿部　友子,阿部　友子,,,平11. 5. 1,kyushu/000491322.zip
薬局,44,0144444,ファーマシーヒロマツ南大分店,大分市豊饒二丁目４番５１号,097-573-6700,廣松　伸一,廣松　伸一,,,平11. 7. 1,kyushu/000491322.zip
薬局,44,0144485,りんどう薬局,大分市明磧町一丁目１０番３９号,097-573-5210,株式会社そうりん　代表取締役　藤井　陽生,室原　健太郎,,,平11. 9. 1,kyushu/000491322.zip
薬局,44,0144543,ブンゴヤ薬局田中店,大分市田中町三丁目１２番８２号,097-543-8980,有限会社ブンゴヤエンタープライズ　代表取締役　荘司　晃寿,大槻　輝昭,,,平12. 4. 1,kyushu/000491322.zip
薬局,44,0144618,こがづる調剤薬局,大分市古ケ鶴１丁目２番２５号,097-553-2882,株式会社こがづる調剤薬局　代表取締役　副　啓子,小笠原　美紀,,,平12. 7. 1,kyushu/000491322.zip
薬局,44,0144634,輔仁薬局　日赤前店,大分市千代町３丁目２ー４７,097-513-3936,株式会社輔仁薬局　代表取締役　副　守尋,甲斐　雄貴,,,平12. 8. 1,kyushu/000491322.zip
薬局,44,0144659,有限会社みどり調剤薬局　くすりのキャプテンキッズ下郡店,大分市下郡２３３１番地の１,097-554-3745,有限会社みどり調剤薬局　代表取締役　阿部　みどり,佐藤　崇,,,平12. 9. 1,kyushu/000491322.zip
薬局,44,0144683,かもめ薬局,大分市下郡山の手１番３０号,097-554-3720,有限会社ナオヤ　代表取締役　多森　繁美,多森　直樹,,,平12. 11. 1,kyushu/000491322.zip
薬局,44,0144717,有限会社安東調剤薬局　玉沢店,大分市大字玉沢７０５番地,097-541-6678,有限会社安東調剤薬局　代表取締役　安東　周志,安東　清子,,,平12. 12. 1,kyushu/000491322.zip
薬局,44,0144758,タンポポ薬局,大分市ふじが丘南一丁目１５番１５号,097-568-5552,有限会社タンポポ薬局　代表取締役　藤澤　玄子,藤澤　玄子,,,平13. 2. 1,kyushu/000491322.zip
薬局,44,0144766,のぞみ薬局,大分市大字竹中１３８７番地の１１,097-586-7778,有限会社のぞみ　代表取締役　岡部　潤,園田　賢司,,,平13. 3. 1,kyushu/000491322.zip
薬局,44,0144782,なか薬局　ふるごう店,大分市古国府五丁目１番３２号,097-554-5933,有限会社なか薬局　代表取締役　中芝　高彦,木塚　征悟,,,平13. 4. 1,kyushu/000491322.zip
薬局,44,0144816,まい調剤薬局,大分市大在中央２丁目１６８番,097-592-5915,有限会社舞　代表取締役　原口　舞,原口　舞,,,平13. 5. 1,kyushu/000491322.zip
薬局,44,0144832,（有）工藤調剤薬局　坂ノ市店,大分市坂ノ市西一丁目７番７号,097-528-9688,有限会社工藤調剤薬局　代表取締役　工藤　一代,高山　明美,,,平13. 7. 1,kyushu/000491322.zip
薬局,44,0144857,ほじん薬局　賀来店,大分市賀来南２丁目１１番３号,097-586-6363,株式会社輔仁薬局　代表取締役　副　守尋,安部　朗,,,平13. 8. 1,kyushu/000491322.zip
薬局,44,0144949,ファン薬局　古国府店,大分市古国府四丁目１番７号,097-573-5100,株式会社ファンメディカル　代表取締役　脇田　稔夫,後藤　清美,,,平14. 5. 1,kyushu/000491322.zip
薬局,44,0144972,Ｏ．Ｐ．Ａ薬局,大分市豊饒二丁目１０番９号,097-544-0234,公益社団法人大分県薬剤師会　会長　中芝　高彦,都甲　大介,,,平14. 6. 1,kyushu/000491322.zip
薬局,44,0145003,ほじん薬局　大在店,大分市竹下１丁目２４５番,097-525-9290,株式会社輔仁薬局　代表取締役　副　守尋,太田　奈津紀,,,平14. 9. 1,kyushu/000491322.zip
薬局,44,0145052,（株）ブンゴヤ薬局本店,大分市中央町２丁目１番１７号,097-532-2985,株式会社ブンゴヤ薬局　代表取締役　荘司　晃寿,平田　智久,,,平15. 4. 1,kyushu/000491322.zip
薬局,44,0145060,有限会社安東調剤薬局　野田店,大分市大字野田字原７９０の５,097-549-5851,有限会社安東調剤薬局　代表取締役　安東　周志,淵野　貴弘,,,平15. 4. 1,kyushu/000491322.zip
薬局,44,0145086,杉原薬局,大分市坂ノ市中央三丁目５番１２号,097-528-9351,有限会社坂ノ市杉原調剤薬局　代表取締役　杉原　正剛,佐藤　力哉,,,平15. 6. 1,kyushu/000491322.zip
薬局,44,0145094,ゆう調剤薬局　まつおか店,大分市大字毛井寺の前２５６番の５,097-528-7552,株式会社ソメヤ　代表取締役　染矢　将吾,吉見　明子,,,平15. 7. 1,kyushu/000491322.zip
薬局,44,0145136,健康堂調剤薬局,大分市顕徳町３丁目１－２,097-537-2632,有限会社健康堂薬局　代表取締役　三塚　秀市,三塚　操,,,平16. 2. 1,kyushu/000491322.zip
薬局,44,0145151,輔仁薬局賀来北店,大分市賀来北２丁目３６１６番,097-548-7266,株式会社輔仁薬局　代表取締役　副　守尋,永瀬　亮,,,平16. 2. 1,kyushu/000491322.zip
薬局,44,0145185,はたの薬局　賀来店,大分市大字中尾２５０－６,097-586-5959,有限会社はたの恒至堂　代表取締役　秦野　恵美,上野　希美,,,平16. 8. 1,kyushu/000491322.zip
薬局,44,0145201,輔仁薬局津留店,大分市今津留３丁目４－５９,097-554-2481,株式会社輔仁薬局　代表取締役　副　守尋,照屋　清美,,,平16. 9. 1,kyushu/000491322.zip
薬局,44,0145250,輔仁薬局佐賀関店,大分市大字佐賀関２２６７－１,097-524-4410,株式会社輔仁薬局　代表取締役　副　守尋,西村　真実,,,平10. 9. 1,kyushu/000491322.zip
薬局,44,0145318,岩田町調剤薬局,大分市岩田町１丁目１番３７号,097-556-0160,有限会社サン・メディカル・サービス　取締役　篠原　一郎,芝田　愼次郎,,,平17. 4. 1,kyushu/000491322.zip
薬局,44,0145342,有限会社みどり調剤薬局くすりのキャプテンキッズ南店,大分市下郡中央１丁目５番１９号,097-524-5388,有限会社みどり調剤薬局　代表取締役　阿部　みどり,塩地　桂子,,,平17. 6. 1,kyushu/000491322.zip
薬局,44,0145359,有限会社はや調剤薬局,大分市南太平寺三丁目８番２３号,097-545-1903,有限会社はや調剤薬局　代表取締役　大隈　景子,太田　亮,,,平17. 6. 1,kyushu/000491322.zip
薬局,44,0145367,杉原薬局野津原店,大分市大字野津原字中牟田９１０－１,097-588-5100,有限会社杉原薬局　代表取締役　村山　孝,杉原　崇,,,平17. 8. 1,kyushu/000491322.zip
薬局,44,0145375,ファン薬局　大在店,大分市大在浜２丁目７番２,097-528-9276,株式会社ファンメディカル　代表取締役　脇田　稔夫,工藤　香織,,,平17. 9. 1,kyushu/000491322.zip
薬局,44,0145391,白寿堂薬局,大分市大字上宗方５６０－１２,097-542-1746,株式会社　バイタル　代表取締役　田中　武,濵田　美幸,,,平17. 10. 1,kyushu/000491322.zip
薬局,44,0145409,はまゆう薬局,大分市大字佐賀関７７７－７,097-575-1112,株式会社そうりん　代表取締役　藤井　陽生,酒井　大智,,,平17. 12. 1,kyushu/000491322.zip
薬局,44,0145425,輔仁薬局森町店,大分市森町４４１－１,097-521-2270,株式会社輔仁薬局　代表取締役　副　守尋,白井　ヨシ子,,,平18. 1. 1,kyushu/000491322.zip
薬局,44,0145433,ブンゴヤ薬局駅南店,大分市東大道１丁目８－１５,097-547-2010,有限会社ブンゴヤエンタープライズ　代表取締役　荘司　晃寿,幸　和浩,,,平18. 2. 1,kyushu/000491322.zip
薬局,44,0145441,輔仁薬局明野店,大分市明野東２丁目７番１０号,097-503-1515,株式会社輔仁薬局　代表取締役　副　守尋,川村　朱里,,,平18. 4. 1,kyushu/000491322.zip
薬局,44,0145458,有限会社なか薬局,大分市光吉新町１丁目１番１号,097-568-7744,有限会社なか薬局　代表取締役　中芝　高彦,木村　紀佐,,,平18. 4. 1,kyushu/000491322.zip
薬局,44,0145466,杉原薬局　わさだ店,大分市大字市１２１４番地,097-586-1117,有限会社杉原薬局　代表取締役　村山　孝,鎌田　俊文,,,平18. 5. 1,kyushu/000491322.zip
薬局,44,0145474,はたの薬局,大分市新春日町１丁目１１６６－２マメゾン春日１Ｆ,097-544-3195,株式会社ケンミン　代表取締役社長　大津　龍次,渡　博子,,,平18. 6. 1,kyushu/000491322.zip
薬局,44,0145508,ほじん薬局,大分市大字津守３番地２,097-567-3008,株式会社輔仁薬局　代表取締役　副　守尋,竹野　泰晴,,,平19. 1. 1,kyushu/000491322.zip
薬局,44,0145532,有限会社みどり調剤薬局　くすりのキャプテンキッズ豊府店,大分市羽屋一丁目５番２２号,097-540-7210,有限会社みどり調剤薬局　代表取締役　阿部　みどり,阿部　みどり,,,平19. 5. 1,kyushu/000491322.zip
薬局,44,0145540,株式会社臼杵薬局,大分市大字津守８８番地１６,097-569-1135,株式会社臼杵薬局　代表取締役　臼杵　伸一郎,臼杵　昭子,,,平19. 5. 1,kyushu/000491322.zip
薬局,44,0145581,府内薬局,大分市府内町１丁目１番２０号,097-532-3297,株式会社ケンミン　代表取締役社長　大津　龍次,藤田　朋代,,,平19. 10. 1,kyushu/000491322.zip
薬局,44,0145599,けやき通り薬局,大分市古ケ鶴一丁目２番１８号,097-552-8315,株式会社こがづる調剤薬局　代表取締役　副　啓子,栗林　恭兵,,,平19. 11. 1,kyushu/000491322.zip
薬局,44,0145623,大分市薬剤師会会営パウロ薬局,大分市大字宮崎字古園１３２１－１　フェニックス　クラ　１階,097-594-5840,公益社団法人大分市薬剤師会　会長　阿部　みどり,岡部　安洋,,,平20. 3. 1,kyushu/000491322.zip
薬局,44,0145649,サンドラッグ稙田薬局,大分市大字田尻４４１－１,097-586-1910,株式会社サンドラッグ　代表取締役　貞方　宏司,小林　嶺介,,,平20. 4. 1,kyushu/000491322.zip
薬局,44,0145680,城南薬局,大分市永興二丁目８番７４号,097-545-0508,有限会社工藤調剤薬局　代表取締役　工藤　一代,前田　まさみ,,,平20. 8. 1,kyushu/000491322.zip
薬局,44,0145714,アトム薬局,大分市金池町２丁目４番２０号,097-537-7211,有限会社アトム薬局　代表取締役　古長　正明,熊倉　貴子,,,平20. 12. 1,kyushu/000491322.zip
薬局,44,0145730,健康の森調剤薬局　わさだ店,大分市市１２７９番地,097-586-1108,有限会社杉原薬局　代表取締役　村山　孝,山下　王史,,,平20. 12. 1,kyushu/000491322.zip
薬局,44,0145763,ファン薬局　戸次店,大分市大字中戸次字中津留上４８４０－２４,097-597-0072,株式会社ファンメディカル　代表取締役　脇田　稔夫,身深　晃一,,,平21. 4. 20,kyushu/000491322.zip
薬局,44,0145771,こはく薬局,大分市賀来新川二丁目１番１０号大分キャセイホテル１Ｆ,097-547-7571,有限会社インサイト　代表取締役　増田　淳一,野島　彩乃,,,平21. 5. 1,kyushu/000491322.zip
薬局,44,0145789,こいけばる調剤薬局,大分市大字小池原１５３４番地,097-558-3762,有限会社黒川薬局　取締役　黒川　歌子,岸本　和義,,,平21. 5. 1,kyushu/000491322.zip
薬局,44,0145797,はたの薬局　府内店,大分市府内町１－５－１　１０６号,097-532-1252,有限会社はたの恒至堂　代表取締役　秦野　恵美,古島　明子,,,平21. 6. 1,kyushu/000491322.zip
薬局,44,0145813,そうごう薬局大分東店,大分市高松東２丁目７番地７,097-551-4681,総合メディカル株式会社　代表取締役　多田　荘一郎,堀内　有徳,,,平21. 9. 1,kyushu/000491322.zip
薬局,44,0145847,ブンゴヤ薬局コスモ店,大分市西大道２丁目３番１号,097-544-8940,株式会社ブンゴヤ薬局　代表取締役　荘司　晃寿,岩井　ひろ子,,,平22. 1. 1,kyushu/000491322.zip
薬局,44,0145854,ブンゴヤ薬局横瀬店,大分市田原字後３０番地１,097-542-7272,有限会社ブンゴヤエンタープライズ　代表取締役　荘司　晃寿,城井　尚人,,,平22. 1. 17,kyushu/000491322.zip
薬局,44,0145888,おれんじ薬局,大分市金池南２丁目３番８号,097-547-8802,株式会社おれんじ薬局　代表取締役　松尾　成真,松尾　成真,,,平22. 4. 1,kyushu/000491322.zip
薬局,44,0145896,ファン薬局　日岡店,大分市日岡２丁目７－２６,097-574-5324,株式会社ファンメディカル　代表取締役　脇田　稔夫,荒巻　千智,,,平22. 6. 1,kyushu/000491322.zip
薬局,44,0145912,森町薬局,大分市大字森町２４３番地の１,097-523-4517,株式会社丸恵　代表取締役　松尾　照代,角田　直也,,,平22. 6. 1,kyushu/000491322.zip
薬局,44,0145920,第一調剤薬局　森店,大分市大字森５８２－１,097-521-5553,株式会社ＩＴメディカル　代表取締役　今田屋　耕一郎,田村　智也,,,平22. 7. 1,kyushu/000491322.zip
薬局,44,0145979,あすなろ薬局,大分市下郡南５丁目３０７番地,097-547-8553,有限会社あすなろ薬局　代表取締役　友永　伊知郎,友永　伊知郎,,,平22. 12. 1,kyushu/000491322.zip
薬局,44,0146001,ファン薬局　羽屋店,大分市古国府五丁目１番４１号,097-573-6602,株式会社ファンメディカル　代表取締役　脇田　稔夫,長澤　正明,,,平23. 3. 1,kyushu/000491322.zip
薬局,44,0146019,ファン薬局　高砂店,大分市高砂町１番５号高砂ビル６階Ａ号,097-533-0164,株式会社ファンメディカル　代表取締役　脇田　稔夫,賀来　麻未,,,平23. 3. 1,kyushu/000491322.zip
薬局,44,0146035,クロカワ薬局,大分市萩原１丁目１９番３６号,097-556-1689,有限会社黒川薬局　取締役　黒川　歌子,須﨑　知英,,,平23. 5. 1,kyushu/000491322.zip
薬局,44,0146050,有限会社あかみね調剤薬局,大分市田中町二丁目１７番５９号,097-543-8981,有限会社あかみね調剤薬局　代表取締役　赤嶺　佳子,赤嶺　裕之,,,平23. 7. 1,kyushu/000491322.zip
薬局,44,0146100,ファーマシー安東,大分市南春日町１２－７,097-599-3010,安東　正憲,安東　洋子,,,平23. 12. 1,kyushu/000491322.zip
薬局,44,0146159,ケヤキ調剤薬局,大分市東津留２丁目１０７－１,097-552-6201,有限会社　ケヤキ薬局　代表取締役　岩田　貴司,中野　悠平,,,平24. 5. 1,kyushu/000491322.zip
薬局,44,0146167,株式会社大賀薬局　大分医大前店,大分市東野台２丁目１番地２,097-548-7333,株式会社　大賀薬局　代表取締役　大賀　崇浩,長谷川　貴則,,,平24. 6. 1,kyushu/000491322.zip
薬局,44,0146191,第一調剤薬局　賀来店,大分市賀来西一丁目４番３号,097-549-0005,株式会社ＩＴメディカル　代表取締役　今田屋　耕一郎,加藤　ひとみ,,,平24. 8. 1,kyushu/000491322.zip
薬局,44,0146209,西田薬局,大分市生石２丁目１－３,097-537-2318,株式会社西田薬局　代表取締役　西田　政輝,西田　絵麻,,,平24. 10. 1,kyushu/000491322.zip
薬局,44,0146225,さとう調剤薬局　春日店,大分市東春日町５番３号スカイメゾンクローバー８０－１Ｆ,097-538-5601,有限会社　さとう調剤薬局　代表取締役　佐藤　英隆,上野　一郎,,,平25. 4. 1,kyushu/000491322.zip
薬局,44,0146233,まごころ調剤薬局　古国府店,大分市古国府六丁目３番３号,097-578-6096,株式会社まごころ調剤薬局　代表取締役　副　守尋,青木　智子,,,平25. 4. 1,kyushu/000491322.zip
薬局,44,0146241,下川薬局光吉店,大分市大字宮崎９３８番１,097-578-7570,株式会社下川薬局　代表取締役　下川　要二,西田　知巳,,,平25. 8. 1,kyushu/000491322.zip
薬局,44,0146258,まごころ調剤薬局　森町店,大分市森町５１８－１,097-503-7155,株式会社まごころ調剤薬局　代表取締役　副　守尋,白江　真,,,平25. 9. 17,kyushu/000491322.zip
薬局,44,0146274,坂ノ市たんぽぽ薬局,大分市坂ノ市中央１丁目２６７番地,097-524-3556,株式会社そうりん　代表取締役　藤井　陽生,仲道　伴騎,,,平25. 12. 1,kyushu/000491322.zip
薬局,44,0146282,ユウセイ薬局,大分市下郡北３丁目２１番２２号,097-567-6931,株式会社ユウセイ薬局　代表取締役　後藤　祐樹,若松　富士美,,,平26. 1. 1,kyushu/000491322.zip
薬局,44,0146308,株式会社大賀薬局　王子店,大分市王子南町６０１番１１,097-573-6077,株式会社大賀薬局　代表取締役　大賀　崇浩,橋本　あすか,,,平26. 6. 1,kyushu/000491322.zip
薬局,44,0146316,ほほえみ調剤薬局,大分市大字野田２７２－５,097-574-8823,株式会社ほほえみ　代表取締役　若杉　敬大,若杉　敬大,,,平26. 7. 1,kyushu/000491322.zip
薬局,44,0146324,やま薬局賀来店,大分市賀来北３丁目１番５号,097-578-8686,株式会社ＹＡＭＡＳＡＫＩ　代表取締役　山﨑　由晴,山﨑　順子,,,平26. 8. 1,kyushu/000491322.zip
薬局,44,0146332,輔仁薬局牧店,大分市牧１丁目１番２４号,097-553-5260,株式会社輔仁薬局　代表取締役　副　守尋,德重　伸子,,,平27. 1. 1,kyushu/000491322.zip
薬局,44,0146357,Ｍｏｏｎ調剤薬局　田中町店,大分市田中町二丁目３番１２号,097-578-8228,株式会社Ｍｏｏｎ　代表取締役　阿南　朋和,内田　圭祐,,,平27. 4. 1,kyushu/000491322.zip
薬局,44,0146365,有限会社安東調剤薬局　今津留店,大分市今津留２丁目１番１号　１０１,097-556-1767,有限会社安東調剤薬局　代表取締役　安東　周志,小内　さおり,,,平27. 4. 1,kyushu/000491322.zip
薬局,44,0146399,みさと薬局太平町店,大分市太平町４組,097-578-8525,株式会社みさと薬局　代表取締役　副　啓子,手島　美南子,,,平27. 5. 7,kyushu/000491322.zip
薬局,44,0146415,Ｍｏｏｎ調剤薬局西大分店,大分市大字生石字下ノ田１４５番５５,097-513-3388,株式会社Ｍｏｏｎ　代表取締役　阿南　朋和,阿南　朋和,,,平27. 9. 1,kyushu/000491322.zip
薬局,44,0146423,ゆう調剤薬局稙田店,大分市大字市大坪３－７,097-541-3363,株式会社ソメヤ　代表取締役　染矢　将吾,中村　仁美,,,平27. 9. 1,kyushu/000491322.zip
薬局,44,0146431,きたじま調剤薬局寒田店,大分市寒田１０１６番地の２,097-547-7955,有限会社きたじま調剤薬局　代表取締役　北島　幸生,田中　章,,,平27. 10. 1,kyushu/000491322.zip
薬局,44,0146449,ドラッグイレブン薬局大分駅南店,大分市要町９番２０号,097-513-8511,株式会社ドラッグイレブン　代表取締役　半澤　剛,中島　琢也,,,平27. 12. 7,kyushu/000491322.zip
薬局,44,0146456,ファン薬局上野店,大分市六坊北町４４７１－１,097-578-9548,株式会社ファンメディカル　代表取締役　脇田　稔夫,　愛里,,,平28. 4. 1,kyushu/000491322.zip
薬局,44,0146472,アクア薬局,大分市府内町２丁目１番２２号,097-574-8138,株式会社はちよん　代表取締役　橋本　朗洋,朝野　翔太,,,平28. 9. 1,kyushu/000491322.zip
薬局,44,0146480,そうごう薬局アクロスプラザ大分駅南店,大分市東大道１丁目３番１号アクロスプラザ大分駅南２階,097-535-7231,総合メディカル株式会社　代表取締役　多田　荘一郎,上利　聡明,,,平28. 11. 1,kyushu/000491322.zip
薬局,44,0146514,株式会社大賀薬局　のつはる店,大分市大字野津原字小深町８８０番,097-588-1660,株式会社大賀薬局　代表取締役　大賀　崇浩,髙瀨　裕揮,,,平29. 1. 1,kyushu/000491322.zip
薬局,44,0146548,かりん薬局,大分市大字宮崎９５３番地１,097-574-5452,有限会社直方メディカルサービス　代表取締役　水口　洋輝,栃原　充,,,平29. 4. 1,kyushu/000491322.zip
薬局,44,0146597,きたじま薬局　千代町店,大分市千代町１丁目２－７,097-578-6227,有限会社　きたじま調剤薬局　代表取締役　北島　幸生,栗野　麻里,,,平29. 8. 1,kyushu/000491322.zip
薬局,44,0146605,くすりのケンミン　トキハ薬局,大分市府内町２丁目１番４号,097-529-7531,株式会社　ケンミン　代表取締役社長　大津　龍次,仁田脇　千賀,,,平29. 8. 1,kyushu/000491322.zip
薬局,44,0146613,タケシタ調剤薬局　大分店,大分市横田２丁目１２－６,097-529-5155,株式会社タケシタ調剤薬局　代表取締役　竹下　俊,小縣　栄佐,,,平29. 9. 1,kyushu/000491322.zip
薬局,44,0146639,きたじま薬局　下郡店,大分市下郡北３丁目２２－４１,097-567-4248,有限会社　きたじま調剤薬局　代表取締役　北島　幸生,北島　幸生,,,平29. 11. 1,kyushu/000491322.zip
薬局,44,0146647,はなぶさ調剤薬局,大分市中央町２－２－２６,097-537-0739,有限会社　はたの恒至堂　代表取締役　秦野　恵美,渡　啓,,,平29. 12. 18,kyushu/000491322.zip
薬局,44,0146662,株式会社大賀薬局　光吉店,大分市田尻９３番１,097-542-6084,株式会社大賀薬局　代表取締役　大賀　崇浩,森尾　莉帆,,,平30. 4. 1,kyushu/000491322.zip
薬局,44,0146670,ファン薬局　春日店,大分市田室町２０６番８,097-576-7328,株式会社ファンメディカル　代表取締役　田　稔夫,廣瀬　知佐子,,,平30. 4. 1,kyushu/000491322.zip
薬局,44,0146688,河野調剤薬局　明野店,大分市大字横尾４４５１－２６,097-578-8399,有限会社　河野調剤　代表取締役　河野　哲治,西村　秋恵,,,平30. 4. 1,kyushu/000491322.zip
薬局,44,0146696,おおみち薬局,大分市東大道２丁目３－４５ガーデンパーク２１　１Ｆ,097-514-0001,エム・ジェイＰｈａｒｍａ株式会社　代表取締役　児玉　淳,植木　敏明,,,平30. 4. 1,kyushu/000491322.zip
薬局,44,0146704,すずらん薬局,大分市横尾大原１９３０－１,097-535-8207,株式会社そうりん　代表取締役　藤井　陽生,阿部　信,,,平30. 4. 2,kyushu/000491322.zip
薬局,44,0146712,ファン薬局下郡店,大分市羽田字小山２２０番地１,097-574-8995,株式会社ファンメディカル　代表取締役　田　稔夫,山﨑　愛美,,,平30. 5. 1,kyushu/000491322.zip
薬局,44,0146738,ファン薬局牧店,大分市牧１丁目１２５番５,097-574-8152,株式会社ファンメディカル　代表取締役　田　稔夫,北川　智子,,,平30. 6. 1,kyushu/000491322.zip
薬局,44,0146746,はたの薬局森店,大分市大字森４０２－１０,097-576-7190,有限会社はたの恒至堂　代表取締役　秦野　恵美,門松　綾乃,,,平30. 6. 1,kyushu/000491322.zip
薬局,44,0146753,ケヤキ調剤薬局明治店,大分市大字横尾字大久保３９３８－１１,097-520-8600,有限会社ケヤキ薬局　代表取締役　岩田　貴司,上原　広己,,,平30. 10. 1,kyushu/000491322.zip
薬局,44,0146761,ＡＰＧ薬局,大分市大字上宗方５２１番地の４,097-585-5210,有限会社安東調剤薬局　代表取締役　安東　周志,二宮　健,,,平30. 12. 1,kyushu/000491322.zip
薬局,44,0146779,調剤薬局やくじゅ草,大分市上宗方字大坪５３１番地２,097-588-8900,有限会社薬樹　代表取締役　池邉　秀敏,池邉　秀敏,,,平31. 3. 1,kyushu/000491322.zip
薬局,44,0146795,ヨシムラ薬局大分元町店,大分市大字大分４７７２－２,097-574-8912,有限会社別府よしむら　代表取締役　大隈　亮典,藤井　一憲,,,令元. 5. 1,kyushu/000491322.zip
薬局,44,0146803,安東調剤薬局宗方店,大分市大字上宗方字宮田３８４番３,097-576-7533,有限会社安東調剤薬局　代表取締役　安東　周志,安達　薫,,,令元. 5. 1,kyushu/000491322.zip
薬局,44,0146837,くすりのケンミン　シバ薬局,大分市東春日町８番４号,097-534-4689,株式会社ケンミン　代表取締役社長　大津　龍次,川村　正包,,,令元. 5. 1,kyushu/000491322.zip
薬局,44,0146845,ひいろ調剤薬局宗方店,大分市上宗方南一丁目３番５号,097-542-2001,株式会社ひいろ　代表取締役　後藤　隆宏,荒巻　惇,,,令元. 6. 1,kyushu/000491322.zip
薬局,44,0146852,やま薬局金池店,大分市金池町１丁目１１－１６ラトゥール金池１０１,097-537-0055,株式会社ＹＡＭＡＳＡＫＩ　代表取締役　山﨑　由晴,山﨑　由太郎,,,令元. 10. 1,kyushu/000491322.zip
薬局,44,0146878,おひさま薬局,大分市東浜２丁目１－５,097-507-9565,有限会社中島調剤薬局　代表取締役　難波　洋子,難波　洋子,,,令2. 2. 1,kyushu/000491322.zip
薬局,44,0146886,ゆう調剤薬局ななせ店,大分市田尻４２３－２,097-588-8344,株式会社ソメヤ　代表取締役　染矢　将吾,横山　滉平,,,令2. 1. 1,kyushu/000491322.zip
薬局,44,0146936,ふくら薬局,大分市錦町一丁目１番１号,097-574-6958,株式会社イマー　代表取締役　伊東　健太郎,伊東　佳子,,,令2. 4. 1,kyushu/000491322.zip
薬局,44,0146951,東わさだ調剤薬局,大分市大字田尻４５７番５,097-542-8155,株式会社サンドラッグ　代表取締役　貞方　宏司,松岡　克典,,,令2. 4. 1,kyushu/000491322.zip
薬局,44,0146985,アイン薬局　大分羽屋店,大分市二又町三丁目３番１３号,097-574-4666,株式会社アインファーマシーズ　代表取締役　淡路　英広,矢野　憲司,,,令2. 10. 1,kyushu/000491322.zip
薬局,44,0146993,第一調剤薬局柳通り店,大分市高松２丁目６番３,097-552-5553,株式会社ＩＴメディカル　代表取締役　今田屋　耕一郎,三好　崇之,,,令2. 11. 1,kyushu/000491322.zip
薬局,44,0147009,ファン薬局金池店,大分市金池南２丁目２９１３番２,097-574-8691,株式会社ファンメディカル　代表取締役　脇田　稔夫,菊永　宗太,,,令3. 1. 1,kyushu/000491322.zip
薬局,44,0147017,アフェット薬局,大分市横田１丁目１３番１６号,097-592-5351,有限会社アフェット　取締役　野中　牧,野中　牧,,,令3. 1. 9,kyushu/000491322.zip
薬局,44,0147033,五番街薬局,大分市府内町３丁目７番３５号大分プラネットビル１Ｆ,097-547-9334,有限会社　メディカ　代表取締役　奥野　芳昭,奥野　加奈子,,,令3. 5. 1,kyushu/000491322.zip
薬局,44,0147058,正栄薬局,大分市大字寒田１０４８番地の４,097-594-2761,株式会社正栄薬局　代表取締役　伊藤　惠一,伊藤　惠一,,,令3. 6. 1,kyushu/000491322.zip
薬局,44,0147066,ウエルシア薬局大分セントポルタ中央町店,大分市中央町一丁目３番２号,097-513-0091,ウエルシア薬局株式会社　　代表取締役　田中　純一,西村　嘉泰,,,令3. 9. 1,kyushu/000491322.zip
薬局,44,0147074,ひいろ調剤薬局下郡店,大分市大字下郡１８３８番地の１エクセル野田Ⅰ１０１,097-574-6657,株式会社ひいろ　代表取締役　後藤　隆宏,武　洋志,,,令3. 9. 1,kyushu/000491322.zip
薬局,44,0147082,わかば薬局,大分市花津留１丁目８番２号,097-574-7066,株式会社はちよん　代表取締役　橋本　朗洋,牧　孔美乃,,,令3. 11. 1,kyushu/000491322.zip
薬局,44,0147090,まごころ薬局すみれ南店,大分市大字森町２４５－９４,097-576-8606,株式会社まごころ調剤薬局　代表取締役　副　守尋,田中　亜希子,,,令3. 11. 1,kyushu/000491322.zip
薬局,44,0147108,王子中町薬局,大分市王子中町９番３９号,097-538-0500,株式会社ビジョンアンドワーク　代表取締役　幸　徹,野　魁人,,,令4. 2. 1,kyushu/000491322.zip
薬局,44,0147116,ファン薬局森町店,大分市大字森町５０１番地１,097-576-7521,株式会社ファンメディカル　代表取締役　脇田　稔夫,甲斐　恵美,,,令4. 4. 1,kyushu/000491322.zip
薬局,44,0147124,コスモス調剤薬局森町バイパス店,大分市森町５２６－１,097-524-1711,株式会社コスモス薬品　代表取締役　横山　英昭,永田　竜斗,,,令4. 5. 1,kyushu/000491322.zip
薬局,44,0147132,河野調剤薬局宮崎店,大分市大字宮崎４１６番地西日本土木大分本社ビル３階,097-589-8303,有限会社　河野調剤　取締役　河野　哲治,甲斐　崇明,,,令4. 5. 1,kyushu/000491322.zip
薬局,44,0147165,ファン薬局　駄原店,大分市大字駄原２８８１－４４９,097-576-7122,株式会社ファンメディカル　代表取締役　脇田　稔夫,亀井　加奈子,,,令4. 10. 1,kyushu/000491322.zip
薬局,44,0147173,ドラッグセイムス大分花津留薬局,大分市花津留一丁目９番３号,097-574-6978,株式会社九州セイムス　代表取締役　浅井　家康,伊藤　篤志,,,令4. 11. 1,kyushu/000491322.zip
薬局,44,0147199,ケンミン調剤薬局東大道店,大分市東大道２－３－１７,097-513-8850,株式会社ケンミン　代表取締役社長　大津　龍次,松尾　敦子,,,令4. 12. 1,kyushu/000491322.zip
薬局,44,0147207,コグマ鶴崎薬局,大分市西鶴崎３丁目２－７,097-503-6710,合同会社ノウレッジ　代表社員　大隈　景子,大隈　景子,,,令4. 12. 1,kyushu/000491322.zip
薬局,44,0147215,（有）つもり調剤薬局,大分市大字津守１７７番１,097-557-0077,有限会社つもり調剤薬局　取締役　吉川　正男,清水　精一,,,令5. 1. 1,kyushu/000491322.zip
薬局,44,0147223,ワタナベ薬局富士見が丘店,大分市富士見が丘西１丁目３番２３号,097-547-8311,株式会社ワタナベ　代表取締役　渡辺　幹雄,世良　裕孝,,,令5. 2. 1,kyushu/000491322.zip
薬局,44,0147231,みんと薬局,大分市明野北１丁目７番２５号,097-556-9748,株式会社はちよん　代表取締役　橋本　朗洋,萩　大恭,,,令5. 5. 1,kyushu/000491322.zip
薬局,44,0147249,ファン薬局　高城店,大分市高松一丁目１番２の２,097-529-8420,株式会社ファンメディカル　代表取締役　脇田　稔夫,内田　江里,,,令5. 6. 1,kyushu/000491322.zip
薬局,44,0147256,ドラッグセイムス大分羽屋薬局,大分市上田町三丁目２番１号,097-574-6526,株式会社　九州セイムス　代表取締役　浅井　家康,稲澤　孝泰,,,令5. 7. 1,kyushu/000491322.zip
薬局,44,0147264,ひいろ調剤薬局高城店,大分市高松１丁目４－４,097-578-6512,株式会社ひいろ　代表取締役　後藤　隆宏,戸髙　順一,,,令5. 9. 1,kyushu/000491322.zip
薬局,44,0147272,ドラッグセイムス大分岩田薬局,大分市大字津留１９１１－１,097-574-5802,株式会社　九州セイムス　代表取締役　浅井　家康,三藤　瑠莉,,,令5. 10. 1,kyushu/000491322.zip
薬局,44,0147280,わかば調剤薬局,大分市城東町１８１番,097-503-1333,有限会社　藤本調剤薬局　取締役　吉川　正男,長谷尾　十代美,,,令5. 9. 1,kyushu/000491322.zip
薬局,44,0147298,ウエルシア薬局大分上宗方店,大分市上宗方１２５６番地,097-542-8132,ウエルシア薬局株式会社　代表取締役　田中　純一,砂　志太,,,令6. 1. 1,kyushu/000491322.zip
薬局,44,0147306,ワタナベ薬局まいづる店,大分市舞鶴町１丁目４番１９号,097-538-8200,株式会社ワタナベ　代表取締役　渡辺　幹雄,新保　明子,,,令6. 1. 1,kyushu/000491322.zip
薬局,44,0147314,ドラッグイレブン薬局畑中店,大分市畑中３丁目２番２号,097-535-8911,株式会社　ドラッグイレブン　代表取締役　半澤　剛,髙山　恭平,,,令6. 3. 1,kyushu/000491322.zip
薬局,44,0147322,ブンゴヤ薬局竹町店,大分市中央町２丁目８番１２号,097-538-3839,株式会社ブンゴヤ薬局　代表取締役社長　荘司　晃寿,川邉　恵子,,,令6. 2. 15,kyushu/000491322.zip
薬局,44,0147330,れんげ薬局大分羽屋店,大分市羽屋１丁目４－１,097-573-5400,ＭＡＣホールディングス株式会社　代表取締役　寺田　有太郎,松木　操子,,,令6. 4. 1,kyushu/000491322.zip
薬局,44,0147348,ファン薬局六坊店,大分市六坊北町４４７１－３,097-529-7035,株式会社ファンメディカル　代表取締役　脇田　稔夫,賀来　祐美,,,令6. 7. 1,kyushu/000491322.zip
薬局,44,0147355,ふくら薬局猪野店,大分市大字猪野１０７６番地,097-547-8373,株式会社イマー　代表取締役　伊東　健太郎,成尾　真一,,,令6. 9. 1,kyushu/000491322.zip
薬局,44,0147363,三軒町薬局,大分市東鶴崎三丁目３番２０号,097-529-7654,株式会社オーシャンブルー　代表取締役　日野　大地,山本　亮,,,令6. 9. 1,kyushu/000491322.zip
薬局,44,0147371,輔仁薬局おしの店,大分市大字鴛野１１１番３,097-547-7160,株式会社輔仁薬局　代表取締役　副　守尋,桑原　昌代,,,令6. 10. 1,kyushu/000491322.zip
薬局,44,0147389,ファン薬局角子原店,大分市大字横田字山下７５番３,097-574-4793,株式会社ファンメディカル　代表取締役　脇田　稔夫,山上　徹,,,令6. 10. 1,kyushu/000491322.zip
薬局,44,0147397,おれんじ薬局　府内店,大分市府内町１－４－２８,097-547-7843,株式会社おれんじ薬局　代表取締役　松尾　成真,小野　隆志,,,令6. 12. 1,kyushu/000491322.zip
薬局,44,0147421,九州調剤薬局南大分店,大分市田中町二丁目１７番３号,097-573-5167,株式会社アインファーマシーズ　代表取締役　淡路　英広,中嶋　瞬,,,令6. 11. 1,kyushu/000491322.zip
薬局,44,0147439,アイン薬局大在駅前店,大分市大在中央一丁目１２番３号,097-593-3300,株式会社アインファーマシーズ　代表取締役　淡路　英広,片岡　伸幸,,,令6. 11. 1,kyushu/000491322.zip
薬局,44,0147454,九州調剤薬局小池原店,大分市小池原１１１３番地１の２,097-503-0503,株式会社アインファーマシーズ　代表取締役　淡路　英広,鮫島　一正,,,令6. 11. 1,kyushu/000491322.zip
薬局,44,0147470,アイン薬局大在志村店,大分市庄境１２５－１,097-523-2110,株式会社アインファーマシーズ　代表取締役　淡路　英広,白井　宏之,,,令6. 11. 1,kyushu/000491322.zip
薬局,44,0147488,アイン薬局高城店,大分市高松二丁目４番２１号,097-552-3026,株式会社アインファーマシーズ　代表取締役　淡路　英広,吉村　まどか,,,令6. 11. 1,kyushu/000491322.zip
薬局,44,0147496,アイン薬局森店,大分市森３９０－５,097-523-3923,株式会社アインファーマシーズ　代表取締役　淡路　英広,山口　浩史,,,令6. 11. 1,kyushu/000491322.zip
薬局,44,0147504,アイン薬局明野店,大分市明野東二丁目３３番１５号,097-551-3993,株式会社アインファーマシーズ　代表取締役　淡路　英広,岡部　明子,,,令6. 11. 1,kyushu/000491322.zip
薬局,44,0147512,ファン薬局王子店,大分市王子中町４０番地,097-529-7590,株式会社ファンメディカル　代表取締役　脇田　稔夫,倉橋　直美,,,令6. 12. 1,kyushu/000491322.zip
薬局,44,0147520,コグマ薬局,大分市横塚２丁目１８１番,097-535-7800,合同会社ノウレッジ　代表社員　大隈　景子,河野　宏美,,,令7. 2. 1,kyushu/000491322.zip
薬局,44,0147538,ａｎ調剤薬局,大分市府内町２丁目３番３０号ヴィーナスビル１Ｆ,097-534-8931,株式会社ファルマウニオン　代表取締役　山本　雄一郎,奈須　裕樹,,,令7. 1. 1,kyushu/000491322.zip
薬局,44,0147553,スマイル薬局中央町店,大分市中央町３丁目１－２５,097-574-7775,株式会社ファルマウニオン　代表取締役　山本　雄一郎,後藤　徹,,,令7. 1. 1,kyushu/000491322.zip
薬局,44,0147561,あそう調剤薬局下郡店,大分市大字下郡３０５５番地の４２,097-529-7904,有限会社パルマコン　代表取締役　麻生　広志,麻生　真知子,,,令7. 5. 1,kyushu/000491322.zip
薬局,44,0147579,永冨調剤薬局　田中店,大分市田中町一丁目２番１２号,097-554-5300,株式会社　なの花九州　代表取締役　永冨　将寛,齊藤　多香,,,令7. 4. 1,kyushu/000491322.zip
薬局,44,0147587,永冨調剤薬局　明野店,大分市新明治一丁目４番３号,097-524-6816,株式会社　なの花九州　代表取締役　永冨　将寛,堤　雄一,,,令7. 4. 1,kyushu/000491322.zip
薬局,44,0147595,永冨調剤薬局　本店,大分市下郡北一丁目４番４５号,097-554-3838,株式会社　なの花九州　代表取締役　永冨　将寛,柿崎　碧,,,令7. 4. 1,kyushu/000491322.zip
薬局,44,0147603,永冨調剤薬局　下郡店,大分市下郡東一丁目４番５号,097-567-1661,株式会社なの花九州　代表取締役　永冨　将寛,亀山　航,,,令7. 4. 1,kyushu/000491322.zip
薬局,44,0147629,永冨調剤薬局　竹中店,大分市竹中２７０１－７,097-597-5385,株式会社なの花九州　代表取締役　永冨　将寛,岡田　はるみ,,,令7. 4. 1,kyushu/000491322.zip
薬局,44,0147637,永冨調剤薬局　富士見が丘店,大分市富士見が丘東四丁目１３番１２号,097-586-1300,株式会社なの花九州　代表取締役　永冨　将寛,野　圭将,,,令7. 4. 1,kyushu/000491322.zip
薬局,44,0147645,永冨調剤薬局　判田店,大分市下判田２３４９番５,097-586-7130,株式会社なの花九州　代表取締役　永冨　将寛,後藤　結実子,,,令7. 4. 1,kyushu/000491322.zip
薬局,44,0147652,永冨調剤薬局　春日店,大分市中春日町１５－１５,097-540-5145,株式会社なの花九州　代表取締役　永冨　将寛,岡田　美佐子,,,令7. 4. 1,kyushu/000491322.zip
薬局,44,0147660,永冨調剤薬局　米良店,大分市大字羽田１９４番地の３,097-554-7373,株式会社なの花九州　代表取締役　永冨　将寛,船津　優輝,,,令7. 4. 1,kyushu/000491322.zip
薬局,44,0147678,永冨調剤薬局　大在店,大分市汐見二丁目１番４号,097-524-3832,株式会社なの花九州　代表取締役　永冨　将寛,黒木　美都,,,令7. 4. 1,kyushu/000491322.zip
薬局,44,0147686,永冨調剤薬局　府内店,大分市府内町二丁目３－３０,097-540-6636,株式会社なの花九州　代表取締役　永冨　将寛,中村　有加里,,,令7. 4. 1,kyushu/000491322.zip
薬局,44,0147694,永冨調剤薬局　だのはる店,大分市新春日町二丁目３－１２,097-513-8223,株式会社なの花九州　代表取締役　永冨　将寛,利光　沙織,,,令7. 4. 1,kyushu/000491322.zip
薬局,44,0147702,永冨調剤薬局　敷戸団地店,大分市大字鴛野３６２－８,097-574-7200,株式会社なの花九州　代表取締役　永冨　将寛,高添　倫子,,,令7. 4. 1,kyushu/000491322.zip
薬局,44,0147710,第一調剤薬局鶴崎店,大分市南鶴崎二丁目４番２２号,097-523-4037,株式会社ＴＥＡＭ　代表取締役　今田屋　耕一郎,蒲原　裕典,,,令7. 6. 1,kyushu/000491322.zip
薬局,44,0147728,ドラッグイレブン薬局大分長浜店,大分市長浜町一丁目５番８号,097-594-4811,株式会社ドラッグイレブン　代表取締役　半澤　剛,秋野　和輝,,,令7. 7. 10,kyushu/000491322.zip
薬局,44,0147736,アイン薬局古国府店,大分市羽屋２丁目５－１０,097-545-5522,株式会社アインファーマシーズ　代表取締役　淡路　英広,福富　功也,,,令7. 7. 1,kyushu/000491322.zip
薬局,44,0147744,さくら薬局車木店,大分市賀来北２丁目１０番２３号,097-535-8820,有限会社さくら薬局　代表取締役　幸　徹,河野　芳宏,,,令7. 7. 1,kyushu/000491322.zip
薬局,44,0147751,Ｌｉｅｎ調剤薬局,大分市長浜町１丁目９番１１号皐月マンション第７大分１０１号,097-578-9361,株式会社ほのぼのぷらん　代表取締役　古庄　恭二,岡本　トモ子,,,令7. 5. 1,kyushu/000491322.zip
薬局,44,0147769,ドラッグセイムス大分横田薬局,大分市横田二丁目１番３号,097-529-5781,株式会社九州セイムス　代表取締役　浅井　家康,市川　和良,,,令7. 8. 4,kyushu/000491322.zip
薬局,44,0147777,ふくら薬局　金池店,大分市金池町３丁目１－７８エールビル２　１階,097-529-5460,株式会社イマー　代表取締役　伊東　健太郎,松屋　芽衣,,,令7. 10. 1,kyushu/000491322.zip
薬局,44,0147785,ひなた薬局,大分市明野北一丁目２２２６番１８,097-560-2426,株式会社はちよん　代表取締役　橋本　朗洋,木之下　紘規,,,令7. 6. 28,kyushu/000491322.zip
薬局,44,0147793,くどう薬局下郡店,大分市大字下郡字六十ト１５３６番５,097-568-2788,有限会社工藤調剤薬局　代表取締役　工藤　一代,板井　建治,,,令7. 11. 1,kyushu/000491322.zip
薬局,44,0147801,つのこばる薬局,大分市大字角子原８７０番地,097-547-8707,株式会社エヌエムエス企画　代表取締役　永冨　茂,大神　研二,,,令7. 8. 1,kyushu/000491322.zip
薬局,44,0147819,かたしまチアフル薬局,大分市片島３９６－７,097-547-8781,株式会社エヌエムエス企画　代表取締役　永冨　茂,西尾　祐司,,,令7. 8. 1,kyushu/000491322.zip
薬局,44,0147827,しきどチアフル薬局,大分市大字鴛野１０２８番１,097-567-1070,株式会社エヌエムエス企画　代表取締役　永冨　茂,舞島　亜由美,,,令7. 8. 1,kyushu/000491322.zip
薬局,44,0147835,コスモス調剤薬局森町店,大分市森町西１丁目１－１,097-527-7778,株式会社コスモス薬品　代表取締役　横山　英昭,宮田　博史,,,令7. 11. 1,kyushu/000491322.zip
薬局,44,0147843,マーガレット調剤薬局,大分市大字横尾４１３２－１,097-524-3922,株式会社ウィーズ　代表取締役　田　達也,友永　淳子,,,令7. 9. 1,kyushu/000491322.zip
薬局,44,0147850,なでしこ調剤薬局,大分市大字小池原１１７０番地２,097-504-3911,株式会社ウィーズ　代表取締役　田　達也,釘宮　浩司,,,令7. 9. 1,kyushu/000491322.zip
薬局,44,0147868,しらき薬局,大分市大字神崎字見内４０４番地６０,097-574-7561,株式会社ストレチア　代表取締役　山根　弘,福士　玄,,,令7. 10. 1,kyushu/000491322.zip
薬局,44,0147876,ふくら薬局萩原店,大分市萩原３丁目２１番１０号シャルル純１０２号室,097-529-5977,株式会社イマー　代表取締役　伊東　健太郎,德丸　尚人,,,令8. 3. 1,kyushu/000491322.zip
薬局,44,0147884,ファン薬局花園店,大分市古国府６丁目１１９０－１,097-529-5744,株式会社ファンメディカル　代表取締役　田　稔夫,三代　奈都湖,,,令8. 2. 1,kyushu/000491322.zip
薬局,44,0147892,優心調剤薬局西浜店,大分市西浜３番９号,097-594-7270,ショービ株式会社　代表取締役　亀井　進太郎,亀井　進太郎,,,令7. 12. 21,kyushu/000491322.zip
薬局,44,0147918,さとかん薬局明野店,大分市明野北１丁目７ー１,097-551-2900,有限会社佐藤幹薬局　代表取締役　黒木　慎也,小谷　直輔,,,令8. 2. 1,kyushu/000491322.zip
薬局,44,0147926,そうりん薬局横尾店,大分市大字横尾１１７番地１８,097-594-3311,株式会社そうりん　代表取締役　藤井　陽生,坂元　雄介,,,令8. 4. 1,kyushu/000491322.zip
薬局,44,0147934,ファン薬局椎迫店,大分市大字三芳２０５６番地３,097-529-5653,株式会社ファンメディカル　代表取締役　田　稔夫,髙橋　翔子,,,令8. 5. 1,kyushu/000491322.zip
薬局,44,0147942,アイン薬局明野北店,大分市明野北４丁目１ー１,097-552-2160,株式会社アインファーマシーズ　代表取締役　淡路　英広,工藤　俊子,,,令8. 3. 1,kyushu/000491322.zip
薬局,44,0147959,コスモス調剤薬局,大分市西鶴崎３丁目３番６号,097-503-5858,株式会社ウィーズ　代表取締役　田　達也,中村　宏美,,,令8. 4. 1,kyushu/000491322.zip
薬局,44,0147967,カトレア調剤薬局,大分市常行２６５－１,097-503-7750,株式会社ウィーズ　代表取締役　田　達也,大坪　亮太,,,令8. 4. 1,kyushu/000491322.zip
薬局,44,0147975,金池薬局,大分市金池町２－９－１０,097-533-2247,株式会社ウィーズ　代表取締役　田　達也,高木　嘉和,,,令8. 4. 1,kyushu/000491322.zip
薬局,44,0147983,サンサン通り薬局,大分市府内町１－６－１１,097-574-7829,株式会社ウィーズ　代表取締役　田　達也,藤野　茜,,,令8. 4. 1,kyushu/000491322.zip
薬局,44,0147991,いこいの森薬局,大分市金池南１－１－２２,097-585-5588,株式会社ウィーズ　代表取締役　田　達也,賀　剛司,,,令8. 4. 1,kyushu/000491322.zip
薬局,44,0148007,さくら調剤薬局,大分市大字田尻４７７番地,097-547-8255,株式会社ウィーズ　代表取締役　田　達也,重見　幸伸,,,令8. 4. 1,kyushu/000491322.zip
薬局,44,0148015,さとかん薬局日赤前店,大分市千代町１丁目２－２０,097-573-9101,有限会社佐藤幹薬局　代表取締役　黒木　慎也,小川　実希,,,令8. 6. 1,kyushu/000491322.zip
薬局,44,0148023,あき調剤薬局,大分市日吉町１７番１号,097-551-2102,株式会社薬苑あき　代表取締役　藤原　敬代,藤原　裕子,,,令8. 5. 24,kyushu/000491322.zip
薬局,44,0240614,株式会社木下薬局,別府市亀川中央町３－１２,0977-66-1478,株式会社木下薬局　代表取締役　木下　千惠子,木下　周一,,,昭44. 5. 1,kyushu/000491322.zip
薬局,44,0241158,日伸薬局,別府市青山町９番５３号,0977-22-1477,山田　紀代美,山田　紀代美,,,昭55. 8. 1,kyushu/000491322.zip
薬局,44,0241307,新港町薬局,別府市新港町１番２９号,0977-24-2041,有限会社フジイ　代表者　藤井　照久,藤井　照久,,,昭58. 6. 12,kyushu/000491322.zip
薬局,44,0241323,（有）古戦場薬局,別府市南荘園町４９番３０号,0977-25-7719,有限会社古戦場薬局　代表取締役　友成　朗,友成　朗,,,昭59. 5. 1,kyushu/000491322.zip
薬局,44,0241349,薬剤師会調剤薬局,別府市大字野田３番地の６,0977-67-7906,一般社団法人別府市薬剤師会　会長　友成　朗,竹野　沙織,,,昭59. 12. 1,kyushu/000491322.zip
薬局,44,0241398,有限会社　春木薬局,別府市春木町８番１５号,0977-21-1193,有限会社春木薬局　代表取締役　藤原　万里,藤原　万里,,,昭62. 7. 1,kyushu/000491322.zip
薬局,44,0241505,ファーマシー野口元町,別府市野口元町３番３３号,0977-21-1444,有限会社ファーマシー　代表取締役　坂石　眞,坂石　由美,,,平2. 8. 1,kyushu/000491322.zip
薬局,44,0241570,やまもと薬局,別府市上人南町１６組,,山本　一八,山本　一八,,,平6. 8. 1,kyushu/000491322.zip
薬局,44,0241695,有限会社ひびき調剤薬局,別府市石垣東８丁目５番２３号,0977-73-8907,有限会社ひびき調剤薬局　代表取締役　名倉　万壽夫,川山　久美子,,,平11. 6. 1,kyushu/000491322.zip
薬局,44,0241778,なの花薬局,別府市大字鶴見字荒巻２６１５ー１,0977-23-3477,有限会社タンポポ薬局　代表取締役　藤澤　玄子,山田　誠,,,平12. 11. 1,kyushu/000491322.zip
薬局,44,0241802,太陽調剤薬局,別府市北的ケ浜町３番１９号,0977-26-7370,有限会社太陽調剤薬局　代表取締役　松尾　啓晃,吉渡　幸子,,,平13. 2. 1,kyushu/000491322.zip
薬局,44,0241810,後藤薬局　亀川店,別府市亀川浜田町２ー６２　ベルメゾン亀川１Ｆ,0977-27-8500,有限会社後藤薬局　取締役　後藤　祐樹,百﨑　しおり,,,平13. 4. 1,kyushu/000491322.zip
薬局,44,0241851,ふれあい調剤薬局,別府市楠町１番２４号,0977-26-7666,有限会社ユニティー　取締役　山﨑　恭嗣,山﨑　恭嗣,,,平14. 2. 1,kyushu/000491322.zip
薬局,44,0241877,輔仁薬局　新別府前店,別府市鶴見一丁目１７番１１号クレベール凌雲台１Ｆ,0977-78-8778,株式会社輔仁薬局　代表取締役　副　守尋,糸永　由美,,,平14. 5. 1,kyushu/000491322.zip
薬局,44,0241893,太陽調剤薬局　鶴見店,別府市鶴見町３組,0977-26-5255,有限会社太陽調剤薬局　代表取締役　松尾　啓晃,木屋　智裕,,,平14. 8. 1,kyushu/000491322.zip
薬局,44,0241927,有限会社キムラ薬局　亀川店,別府市亀川四の湯９番３９号,0977-27-6970,有限会社キムラ薬局　代表取締役　木村　登久美,中島　輝久,,,平14. 12. 1,kyushu/000491322.zip
薬局,44,0241935,そうごう薬局　別府流川店,別府市中島町１４番２４号,0977-22-7621,総合メディカル株式会社　代表取締役　多田　荘一郎,相川　友里,,,平15. 4. 1,kyushu/000491322.zip
薬局,44,0241943,和田薬局,別府市北浜２丁目４の４,0977-23-2056,古賀　溥子,古賀　溥子,,,平15. 11. 4,kyushu/000491322.zip
薬局,44,0241976,ファーマシーさかいし,別府市石垣東８丁目２－３４,0977-73-9711,有限会社ファーマシー　代表取締役　坂石　眞,賀来　テラス,,,平16. 7. 1,kyushu/000491322.zip
薬局,44,0241984,有限会社キムラ薬局,別府市緑丘町１１番４号,0977-21-3507,有限会社キムラ薬局　代表取締役　木村　登久美,中島　美紀,,,平17. 5. 1,kyushu/000491322.zip
薬局,44,0242008,そうごう薬局　別府秋葉店,別府市秋葉町８番３０号,0977-22-3901,総合メディカル株式会社　代表取締役　多田　荘一郎,脇山　友敦,,,平18. 3. 1,kyushu/000491322.zip
薬局,44,0242065,有限会社日の丸薬局,別府市西野口町１３番１１号,0977-23-1042,有限会社日の丸薬局　代表取締役　山添　秀樹,山添　秀樹,,,平19. 11. 1,kyushu/000491322.zip
薬局,44,0242073,スマイル薬局荘園店,別府市鶴見野口４５１４番２３０,0977-75-6880,有限会社ＹＨＹ　代表取締役　山本　宏美,木部　雅代,,,平20. 1. 1,kyushu/000491322.zip
薬局,44,0242099,スワロー薬局　照波園店,別府市照波園町２２０５－５,0977-66-5595,株式会社キッセイ　代表取締役社長　高橋　勉,塚本　恵可,,,平20. 10. 1,kyushu/000491322.zip
薬局,44,0242107,にっこり調剤薬局,別府市東荘園二丁目１３番２９号,0977-75-7252,佐登　光,佐登　光,,,平20. 12. 1,kyushu/000491322.zip
薬局,44,0242149,ヨシムラ薬局　鶴見病院前店,別府市石垣西６丁目６－１６,0977-25-0070,有限会社別府よしむら　代表取締役　大隈　亮典,荒金　裕敏,,,平22. 9. 1,kyushu/000491322.zip
薬局,44,0242156,日本調剤鶴見薬局,別府市緑丘町１０番１号,0977-73-5531,日本調剤株式会社　代表取締役社長　小城　和紀,牧　沙紀,,,平22. 10. 1,kyushu/000491322.zip
薬局,44,0242198,有限会社ふくだ薬局,別府市千代町２番６号,0977-73-6030,有限会社ふくだ薬局　取締役　福田　和子,福田　和子,,,平23. 4. 1,kyushu/000491322.zip
薬局,44,0242222,ゆう調剤薬局　別府店,別府市大畑町３番３４号,0977-76-5311,株式会社　ソメヤ　代表取締役　染矢　将吾,山村　亜寿香,,,平24. 9. 1,kyushu/000491322.zip
薬局,44,0242230,セスナ薬局千代町店,別府市千代町８２番１,0977-76-5665,株式会社セスナ　代表取締役　野上　洋,野上　洋,,,平24. 9. 1,kyushu/000491322.zip
薬局,44,0242248,ファーマシー船小路,別府市船小路町２－３３,0977-85-8514,有限会社ファーマシー　代表取締役　坂石　眞,坂石　眞,,,平24. 10. 1,kyushu/000491322.zip
薬局,44,0242289,よしむら薬局,別府市元町７－１,0977-22-3715,有限会社　別府よしむら　代表取締役　大隈　亮典,大隈　吉輝,,,平25. 3. 1,kyushu/000491322.zip
薬局,44,0242297,みうら薬局,別府市山の手新町４番２０号,0977-21-7686,株式会社　みうら薬局　代表取締役　三浦　重喜,三浦　重喜,,,平25. 9. 1,kyushu/000491322.zip
薬局,44,0242305,Ｂ―スポーツ薬局,別府市山の手町１６番１５号,0977-26-6779,株式会社　みうら薬局　代表取締役　三浦　重喜,飯田　卓,,,平25. 9. 1,kyushu/000491322.zip
薬局,44,0242313,ヨシムラ薬局　中部店,別府市石垣西３丁目３－４５,0977-84-7155,有限会社　別府よしむら　代表取締役　大隈　亮典,濵田　遥,,,平25. 10. 1,kyushu/000491322.zip
薬局,44,0242321,さとう調剤薬局　亀川店,別府市亀川四の湯町８－３３,0977-76-9900,有限会社　さとう調剤薬局　代表取締役　佐藤　英隆,末松　恭一,,,平26. 2. 1,kyushu/000491322.zip
薬局,44,0242354,やまなみ薬局,別府市実相寺町２６番３号,0977-76-5157,株式会社　ケンリバー　代表取締役　河野　健志,河野　健志,,,平26. 4. 1,kyushu/000491322.zip
薬局,44,0242362,こもれび薬局,別府市石垣東３丁目５番２３号,0977-76-5546,株式会社こがづる調剤薬局　代表取締役　副　啓子,小笠原　眞理,,,平26. 11. 1,kyushu/000491322.zip
薬局,44,0242370,あゆみ調剤薬局　扇山店,別府市扇山三丁目１番３２号,0977-85-8603,株式会社　エスケイエス　代表取締役　小島　洋司,原　由弥子,,,平27. 1. 1,kyushu/000491322.zip
薬局,44,0242388,タカサキ薬局別府店,別府市石垣東３丁目１番３５号,0977-76-9100,株式会社エム・ティ・プラニング　代表取締役　髙崎　政弘,陶山　勇一郎,,,平27. 4. 1,kyushu/000491322.zip
薬局,44,0242412,あき調剤薬局　別府店,別府市石垣東３丁目５番１５号,0977-76-5122,株式会社薬苑棗　代表取締役　藤原　俊夫,平澤　さと美,,,平27. 11. 1,kyushu/000491322.zip
薬局,44,0242420,後藤薬局荘園店,別府市東荘園町一丁目６番７号,0977-23-0992,有限会社後藤薬局　取締役　後藤　祐樹,後藤　順子,,,平28. 2. 1,kyushu/000491322.zip
薬局,44,0242438,ファン薬局　新別府病院前,別府市鶴見一丁目１２番３号,0977-84-7983,株式会社ファンメディカル　代表取締役　脇田　稔夫,武石　郁子,,,平28. 5. 1,kyushu/000491322.zip
薬局,44,0242446,りんご薬局,別府市荘園町３３番１８号,0977-75-8634,紗流株式会社　代表取締役　清原　紗世,名倉　紗世,,,平28. 6. 1,kyushu/000491322.zip
薬局,44,0242453,有限会社キムラ薬局　トキハ別府店,別府市北浜２丁目９番１号,0977-21-3633,有限会社キムラ薬局　代表取締役　木村　登久美,兼田　恵美子,,,平28. 7. 1,kyushu/000491322.zip
薬局,44,0242461,後藤薬局　楠町店,別府市楠町１４－８,0977-76-8370,有限会社後藤薬局　取締役　後藤　祐樹,後藤　隆,,,平29. 4. 1,kyushu/000491322.zip
薬局,44,0242487,ワタナベ薬局上人店,別府市北石垣深町８５０－３,0977-75-6626,株式会社ワタナベ　代表取締役　渡辺　幹雄,小野寺　理恵,,,平30. 2. 1,kyushu/000491322.zip
薬局,44,0242503,中央薬局,別府市駅前町２－２９,0977-21-3776,有限会社大信興産　代表取締役　堀　哲朗,堀　祥子,,,平31. 3. 1,kyushu/000491322.zip
薬局,44,0242511,ドラッグセイムス別府流川通薬局,別府市中島町２４１５－１,0977-75-7055,株式会社九州セイムス　代表取締役　浅井　家康,吉田　典永,,,令2. 10. 1,kyushu/000491322.zip
薬局,44,0242529,アイン薬局　別府鶴見店,別府市緑丘町７番２８号,0977-75-8626,株式会社アインファーマシーズ　代表取締役　淡路　英広,森定　裕貴,,,令2. 10. 1,kyushu/000491322.zip
薬局,44,0242537,アイン薬局　中須賀本町店,別府市大字北石垣１０３６－５－２号,0977-27-6771,株式会社アインファーマシーズ　代表取締役　淡路　英広,津川　宗星,,,令2. 10. 1,kyushu/000491322.zip
薬局,44,0242545,アイン薬局　別府駅前店,別府市田の湯町２００４番の６,0977-73-8155,株式会社アインファーマシーズ　代表取締役　淡路　英広,吉村　晃,,,令2. 10. 1,kyushu/000491322.zip
薬局,44,0242552,河野調剤薬局鉄輪店,別府市北鉄輪６組,0977-85-7703,有限会社河野調剤　代表取締役　河野　哲治,河野　慶吾,,,令2. 11. 1,kyushu/000491322.zip
薬局,44,0242560,ファン薬局　別府駅店,別府市駅前町１２－１３,0977-85-8120,株式会社ファンメディカル　代表取締役　脇田　稔夫,森田　芳治,,,令2. 12. 1,kyushu/000491322.zip
薬局,44,0242578,第一調剤薬局　大畑町店,別府市大畑町６番３９号,0977-76-6333,株式会社ＴＥＡＭ　代表取締役　今田屋　耕一郎,松末　拳大,,,令2. 11. 24,kyushu/000491322.zip
薬局,44,0242586,太陽調剤薬局　荘園店,別府市荘園町３組－１,0977-84-7345,有限会社　太陽調剤薬局　代表取締役　松尾　啓晃,田中　里美,,,令3. 7. 1,kyushu/000491322.zip
薬局,44,0242602,第一調剤薬局　荘園町店,別府市荘園町６６番４０号,0977-24-6573,株式会社ＴＥＡＭ　代表取締役　今田屋　耕一郎,伊藤　英明,,,令4. 4. 1,kyushu/000491322.zip
薬局,44,0242610,ドラッグセイムス別府観光港薬局,別府市船小路町１－３０,0977-75-8762,株式会社九州セイムス　代表取締役　浅井　家康,武尾　昌史,,,令4. 7. 1,kyushu/000491322.zip
薬局,44,0242628,日本調剤　秋葉町薬局,別府市秋葉町８番２５号,0977-75-6620,日本調剤株式会社　代表取締役社長　小城　和紀,岩本　将希,,,令4. 8. 1,kyushu/000491322.zip
薬局,44,0242636,東洋漢方中央薬局,別府市楠町８番６号,0977-25-2653,河野　正博,河野　正博,,,令4. 8. 1,kyushu/000491322.zip
薬局,44,0242644,ひだまり薬局,別府市富士見町１番６号,0977-84-7909,株式会社アイエスファーマ　代表取締役　伊藤　勇太,伊藤　勇太,,,令5. 5. 1,kyushu/000491322.zip
薬局,44,0242651,グリーン薬局,別府市鶴見三丁目８番５８号,0977-85-7990,株式会社　びー・まい・ふれんど　代表取締役　山本　泰弘,山本　泰弘,,,令6. 4. 1,kyushu/000491322.zip
薬局,44,0242669,ロイヤルグリーン薬局,別府市山の手町３２６７番地２,0977-73-8002,株式会社　ロイヤル薬局　代表取締役　衛藤　将昭,衛藤　将昭,,,令6. 4. 1,kyushu/000491322.zip
薬局,44,0242693,たていし薬局本店,別府市鶴見６組１,0977-22-0686,有限会社たていし薬局　代表取締役　渕　顕一朗,渕　顕一朗,,,令6. 12. 1,kyushu/000491322.zip
薬局,44,0242701,ａｎ調剤薬局　やまなみ店,別府市堀田町２０番２号,0977-75-8931,株式会社ファルマウニオン　代表取締役　山本　雄一郎,倉田　いつか,,,令7. 1. 1,kyushu/000491322.zip
薬局,44,0242719,永冨調剤薬局　別府秋葉通り店,別府市末広町１－２３工藤ビル１Ｆ,0977-27-5400,株式会社なの花九州　代表取締役　永冨　将寛,小坂井　皓啓,,,令7. 4. 1,kyushu/000491322.zip
薬局,44,0242727,くろーばー薬局,別府市北浜２－５－８,0977-23-1419,株式会社ウィーズ　代表取締役　田　達也,本藤　雅大,,,令7. 7. 1,kyushu/000491322.zip
薬局,44,0242735,くらうん薬局,別府市中央町６番２２号,0977-26-2872,有限会社くらうん薬局　代表取締役　後藤　絵美,渡辺　文生,,,令7. 9. 1,kyushu/000491322.zip
薬局,44,0242743,株式会社アルファ薬局,別府市石垣西七丁目８番３号,0977-24-2643,株式会社アルファ薬局　代表取締役　矢野　彰史,矢野　彰史,,,令8. 1. 1,kyushu/000491322.zip
薬局,44,0340794,株式会社グローバル薬局,中津市中央町９４１番地の４,0979-24-7030,株式会社グローバル薬局　代表取締役社長　酒井　浩一,岡　寛子,,,平11. 2. 1,kyushu/000491322.zip
薬局,44,0340802,薬局　オリーブⅡ,中津市上宮永１１１２－３,0979-26-1411,有限会社オリーブ薬局　代表取締役　河北　誠,金澤　健二,,,平11. 4. 1,kyushu/000491322.zip
薬局,44,0340828,有限会社やまと薬局,中津市大字上宮永３００番地－１１,0979-26-1516,有限会社やまと薬局　代表取締役　大和　裕武,大和　治美,,,平11. 7. 1,kyushu/000491322.zip
薬局,44,0340836,ワタナベ薬局中津店,中津市大字島田字林崎４６２番の１,0979-22-6400,株式会社ワタナベ　代表取締役　渡辺　幹雄,木野　繁美,,,平11. 11. 1,kyushu/000491322.zip
薬局,44,0340851,あさひ薬局有限会社,中津市中央町１丁目１７０番地の３,0979-27-1310,あさひ薬局有限会社　取締役　首藤　正一,小林　ちひろ,,,平12. 2. 1,kyushu/000491322.zip
薬局,44,0340869,沖代薬局,中津市大字永添３７５番４,0979-27-0291,有限会社臼杵薬局　代表取締役　川口　純市,川口　智子,,,平12. 11. 1,kyushu/000491322.zip
薬局,44,0340877,大貞薬局,中津市大字加来２２８３ー５１３,0979-27-6755,有限会社臼杵薬局　代表取締役　川口　純市,安田　恵美子,,,平13. 4. 1,kyushu/000491322.zip
薬局,44,0340935,ワタナベ薬局上宮永店,中津市大字上宮永字友ノ町９番５,0979-26-0030,株式会社ワタナベ　代表取締役　渡辺　幹雄,松本　康弘,,,平15. 8. 1,kyushu/000491322.zip
薬局,44,0340950,有限会社　臼杵薬局　豊田町支店,中津市豊田町１丁目７３８,0979-23-7275,有限会社臼杵薬局　代表取締役　川口　純市,西郡　敦,,,平16. 3. 1,kyushu/000491322.zip
薬局,44,0340976,ワタナベ薬局殿町店,中津市殿町１４２２番２,0979-26-0772,株式会社ワタナベ　代表取締役　渡辺　幹雄,福田　哲子,,,平16. 4. 1,kyushu/000491322.zip
薬局,44,0341024,そうごう薬局　中津店,中津市大字永添５１２番地の２,0979-23-7351,総合メディカル株式会社　代表取締役　多田　荘一郎,山室　雄輝,,,平17. 9. 1,kyushu/000491322.zip
薬局,44,0341032,さつき薬局,中津市大字下池永字古附１７１－２,0979-85-0833,株式会社そうりん　代表取締役　藤井　陽生,長野　安宗,,,平18. 10. 1,kyushu/000491322.zip
薬局,44,0341057,ひまわり調剤薬局,中津市中央町１丁目９番３５号,0979-26-1616,株式会社博愛中井調剤薬局　代表取締役　安部　律夫,橋本　晶子,,,平19. 3. 1,kyushu/000491322.zip
薬局,44,0341107,すみれ調剤薬局,中津市豊田町６－４,0979-53-8887,有限会社メディネット　代表取締役　西畑　修司,村上　秀康,,,平21. 2. 1,kyushu/000491322.zip
薬局,44,0341115,イルカ薬局中津店,中津市大字蛎瀬字塩浜６００－１,0979-64-6508,株式会社エム・ネット　取締役　泉　裕治,岩岡　和也,,,平23. 7. 1,kyushu/000491322.zip
薬局,44,0341131,ワタナベ薬局市民病院前店,中津市大字下池永１０６番地１１,0979-64-6600,株式会社ワタナベ　代表取締役　渡辺　幹雄,本波　颯,,,平24. 11. 1,kyushu/000491322.zip
薬局,44,0341156,オリーブ薬局,中津市湯屋２７３－３,0979-26-0410,有限会社オリーブ薬局　代表取締役　河北　誠,河北　竜太郎,,,平26. 1. 1,kyushu/000491322.zip
薬局,44,0341180,ワタナベ薬局ミント中津店,中津市中殿町３－１２,0979-62-9300,株式会社ワタナベ　代表取締役　渡辺　幹雄,船越　陽子,,,平29. 6. 1,kyushu/000491322.zip
薬局,44,0341198,森久桂花堂薬局,中津市殿町１４３２－４,0979-85-0258,合資会社森久桂花堂　代表社員　森久　成人,森久　成人,,,平29. 9. 19,kyushu/000491322.zip
薬局,44,0341206,藤本調剤薬局　金手店,中津市大字金手１０番９,0979-53-9273,有限会社藤本調剤薬局　取締役　吉川　正男,安長　朋子,,,平30. 2. 1,kyushu/000491322.zip
薬局,44,0341214,藤本調剤薬局　沖代店,中津市沖代町２丁目１１９番２,0979-64-8955,有限会社　藤本調剤薬局　取締役　吉川　正男,岩本　紋嘉,,,平30. 12. 1,kyushu/000491322.zip
薬局,44,0341222,一丁目薬局,中津市中央町１－７３８－１,0979-24-8810,クオール株式会社　代表取締役　柄澤　忍,野口　誉真,,,平31. 1. 1,kyushu/000491322.zip
薬局,44,0341230,ワタナベ薬局豊田町店,中津市豊田町３－２０,0979-85-1888,株式会社ワタナベ　代表取締役　渡辺　幹雄,上山　順子,,,令元. 9. 1,kyushu/000491322.zip
薬局,44,0341255,藤本調剤薬局　本町店,中津市島田本町５５,0979-64-7151,有限会社藤本調剤薬局　取締役　吉川　正男,川原　利雄,,,令元. 11. 1,kyushu/000491322.zip
薬局,44,0341271,つじた薬局山国店,中津市山国町守実１４の３,0979-62-2025,辻田　和生,辻田　眞由美,,,令3. 1. 1,kyushu/000491322.zip
薬局,44,0341289,つじた薬局耶馬溪店,中津市耶馬溪町大字樋山路１５ー１７,0979-56-2348,辻田　和生,辻田　和生,,,令3. 4. 1,kyushu/000491322.zip
薬局,44,0341297,ワタナベ薬局豊陽店,中津市大字上宮永１３０番２,0979-85-3408,株式会社ワタナベ　代表取締役　渡辺　幹雄,小林　文香,,,令3. 9. 1,kyushu/000491322.zip
薬局,44,0341305,藤本調剤薬局　大貞店,中津市大貞２５０－１,0979-53-9633,有限会社藤本調剤薬局　取締役　吉川　正男,本　美貴,,,令4. 5. 1,kyushu/000491322.zip
薬局,44,0341313,ひいろ調剤薬局　大貞店,中津市大字大貞３７１－５２,0979-62-9421,株式会社ひいろ　代表取締役　後藤　隆宏,田中　秀門,,,令4. 11. 1,kyushu/000491322.zip
薬局,44,0341321,ふるた薬局中央町店,中津市中央町２－５０１－３,0979-24-5810,株式会社ウィーズ　代表取締役　田　達也,吉村　秀彦,,,令6. 10. 1,kyushu/000491322.zip
薬局,44,0341339,ふるた薬局植野店,中津市植野１０７－５,0979-32-3518,株式会社ウィーズ　代表取締役　田　達也,安元　勇三,,,令6. 10. 1,kyushu/000491322.zip
薬局,44,0341347,ふるた薬局　宮夫店,中津市宮夫１２－６,0979-22-0640,株式会社ウィーズ　代表取締役　田　達也,田村　亮太,,,令6. 10. 1,kyushu/000491322.zip
薬局,44,0341354,ふるた薬局　丸山店,中津市丸山町５０－１,0979-64-7373,株式会社ウィーズ　代表取締役　田　達也,福原　未来,,,令6. 10. 1,kyushu/000491322.zip
薬局,44,0341362,トヨミ薬局　宮夫店,中津市宮夫４－１,0979-22-8060,株式会社ウィーズ　代表取締役　田　達也,加藤　淳則,,,令6. 11. 1,kyushu/000491322.zip
薬局,44,0341370,ワタナベ薬局　福島店,中津市福島１０５６番地２,0979-27-6705,株式会社ワタナベ　代表取締役　渡辺　幹雄,油布　香,,,令6. 12. 1,kyushu/000491322.zip
薬局,44,0341388,調剤薬局　石だたみ,中津市寺町９８９番地２,0979-22-1398,株式会社ファルマウニオン　代表取締役　山本　雄一郎,升田　陽子,,,令7. 1. 1,kyushu/000491322.zip
薬局,44,0341396,ワタナベ薬局大貞店,中津市加来２２８３番５０,0979-33-7115,株式会社ワタナベ　代表取締役　渡辺　幹雄,江藤　ゆう子,,,令7. 6. 1,kyushu/000491322.zip
薬局,44,0341404,ワタナベ薬局　福沢通店,中津市古魚町１６６１－１,0979-85-1155,株式会社ワタナベ　代表取締役　渡辺　幹雄,島藤　亮平,,,令7. 8. 4,kyushu/000491322.zip
薬局,44,0440123,合資会社岩里薬局,日田市亀山町２－２４,,合資会社岩里薬局　代表社員　岩里　研一,岩里　征宙,,,昭35. 9. 1,kyushu/000491322.zip
薬局,44,0440628,有限会社松浦薬局,日田市元町１６－３,0973-22-2863,有限会社松浦薬局　代表取締役　松浦　典子,松浦　博子,,,昭57. 6. 28,kyushu/000491322.zip
薬局,44,0440701,（有）きたご調剤薬局　中央店,日田市中央２丁目６番４０号,0973-24-6301,有限会社きたご調剤薬局　代表取締役　北郷　太門,尾上　祐茉,,,平元. 3. 1,kyushu/000491322.zip
薬局,44,0440727,株式会社喜久屋薬局三本松店,日田市三本松１丁目１１－９,0973-24-7551,株式会社喜久屋薬局　代表取締役　権藤　慎一郎,高波　徹哉,,,平元. 8. 1,kyushu/000491322.zip
薬局,44,0440826,（有）淡窓調剤薬局上城内店,日田市上城内町１番１２号,0973-23-7246,有限会社淡窓調剤薬局　代表取締役　野相　隆史,野相　悠,,,平7. 4. 1,kyushu/000491322.zip
薬局,44,0440842,（有）きたご調剤薬局みずほ支店,日田市本町７番５号,0973-24-7328,有限会社きたご調剤薬局　代表取締役　北郷　太門,松岡　良子,,,平8. 3. 1,kyushu/000491322.zip
薬局,44,0440891,株式会社伊東薬局上野店,日田市上野町５９８－３,0973-26-3021,株式会社伊東薬局　代表取締役　伊東　昭彦,伊東　昭彦,,,平10. 7. 1,kyushu/000491322.zip
薬局,44,0440925,株式会社喜久屋薬局田島店,日田市田島２丁目４ー６,0973-27-6031,株式会社喜久屋薬局　代表取締役　権藤　慎一郎,池村　博一,,,平10. 11. 1,kyushu/000491322.zip
薬局,44,0441006,楼蘭花月薬局,日田市大字三和９２９ー２,0973-27-5077,有限会社日田ヘルス＆メディカルシステム　代表取締役　小　一行,小　眞理子,,,平12. 11. 1,kyushu/000491322.zip
薬局,44,0441022,株式会社喜久屋薬局玉川店,日田市大字十二町５９８ー１,0973-27-5400,株式会社喜久屋薬局　代表取締役　権藤　慎一郎,髙波　裕子,,,平12. 12. 1,kyushu/000491322.zip
薬局,44,0441055,有限会社きたご調剤薬局　ときわ店,日田市中央１丁目７－９,0973-22-2775,有限会社きたご調剤薬局　代表取締役　北郷　太門,北郷　多映子,,,平15. 5. 1,kyushu/000491322.zip
薬局,44,0441089,株式会社喜久屋薬局津江店,日田市中津江村大字栃野２９７０－１２,0973-54-4012,株式会社喜久屋薬局　代表取締役　権藤　慎一郎,酒見　智栄,,,平10. 4. 1,kyushu/000491322.zip
薬局,44,0441097,（有）きたご調剤薬局たしま店,日田市田島４９８－１２番地,0973-26-0708,有限会社きたご調剤薬局　代表取締役　北郷　太門,田﨑　祐太,,,平17. 4. 1,kyushu/000491322.zip
薬局,44,0441121,（有）淡窓調剤薬局,日田市淡窓一丁目２番５２の１号,0973-22-8941,有限会社淡窓調剤薬局　代表取締役　野相　隆史,齊藤　孝,,,平19. 12. 1,kyushu/000491322.zip
薬局,44,0441170,株式会社伊東薬局　日ノ出町店,日田市大字渡里２２番地の１,0973-23-5910,株式会社伊東薬局　代表取締役　伊東　昭彦,川　那美,,,平20. 8. 1,kyushu/000491322.zip
薬局,44,0441188,株式会社喜久屋薬局大山店,日田市大山町西大山９０５－１,0973-52-3124,株式会社喜久屋薬局　代表取締役　権藤　慎一郎,渡邊　祐次郎,,,平22. 9. 1,kyushu/000491322.zip
薬局,44,0441204,あやめ薬局,日田市大字三和６５９番地３,0973-28-5547,有限会社　日田薬剤師会　会営薬局　代表取締役　小　一行,平田　大輔,,,平23. 4. 1,kyushu/000491322.zip
薬局,44,0441212,やまと薬局,日田市隈２丁目２－７,0973-28-5785,株式会社淡水　代表取締役　財津　広樹,安部　祐希,,,平23. 7. 1,kyushu/000491322.zip
薬局,44,0441220,そうごう薬局日田豆田町店,日田市豆田町５番２４号,0973-25-5611,総合メディカル株式会社　代表取締役　多田　荘一郎,津下　裕季穂,,,平24. 2. 1,kyushu/000491322.zip
薬局,44,0441238,株式会社喜久屋薬局つきくま店,日田市大字渡里１１５１－７,0973-25-5025,株式会社喜久屋薬局　代表取締役　権藤　慎一郎,野村　紀子,,,平26. 9. 1,kyushu/000491322.zip
薬局,44,0441246,オリーブ薬局,日田市大字渡里１０３９番地１,0973-27-5006,株式会社　祥　代表取締役　中牟田　紳司,中牟田　紳司,,,平26. 12. 1,kyushu/000491322.zip
薬局,44,0441287,わかみや薬局,日田市南元町２５９－２,0973-28-6280,株式会社隆成堂　代表取締役　古閑　雄作,中野　雄介,,,平29. 1. 16,kyushu/000491322.zip
薬局,44,0441295,日田調剤薬局三本松,日田市三本松一丁目４－２８,0973-24-6208,有限会社　三ツ丸薬品　代表取締役　小庄　修明,大久保　征雄,,,平29. 7. 1,kyushu/000491322.zip
薬局,44,0441303,あふれる薬局,日田市大字竹田３９５－４,0973-28-5733,有限会社みついき薬局　代表取締役　三井所　尊正,三井所　尊正,,,平29. 8. 1,kyushu/000491322.zip
薬局,44,0441311,有限会社　朝倉薬局　天神店,日田市大字三和７３－５,0973-24-6660,有限会社朝倉薬局　代表取締役　朝倉　裕輔,朝倉　裕輔,,,平29. 9. 19,kyushu/000491322.zip
薬局,44,0441345,三栄薬局咸宜店,日田市淡窓２丁目４番３４号,0973-27-5105,有限会社三栄　代表取締役　三松　成子,八谷　雄輔,,,平30. 12. 10,kyushu/000491322.zip
薬局,44,0441352,日本調剤日田薬局,日田市大字三和６６３－６,0973-25-5316,日本調剤株式会社　代表取締役社長　小城　和紀,三浦　雄一,,,令元. 7. 1,kyushu/000491322.zip
薬局,44,0441360,大信薬局日田駅前店,日田市元町１９－２４ＡＰＥＸビル２Ｆ,0973-28-6366,株式会社ディー・シー・トレーディング　代表取締役　吉村　企右,杠　寿弥,,,令元. 9. 1,kyushu/000491322.zip
薬局,44,0441378,（有）きたご調剤薬局いしい店,日田市大字石井５９２－１４,0973-27-6213,有限会社きたご調剤薬局　代表取締役　北郷　太門,大塚　隆史,,,令2. 9. 7,kyushu/000491322.zip
薬局,44,0441394,楼蘭薬局,日田市大字庄手字堀ノ上２５７番の１,0973-22-1100,有限会社日田ヘルスアンドメディカルシステム　代表取締役　小　一行,小　一行,,,令4. 11. 1,kyushu/000491322.zip
薬局,44,0441402,岩里薬局三隈店,日田市大字庄手字堀ノ上２４５番３、２４５番４,0973-22-1700,合資会社岩里薬局　代表社員　岩里　研一,松岡　真美代,,,令4. 11. 1,kyushu/000491322.zip
薬局,44,0441410,下川薬局　十二町店,日田市大字十二町３３６番地１,0973-28-5030,株式会社下川薬局　代表取締役　下川　要二,下川　滉介,,,令6. 9. 1,kyushu/000491322.zip
薬局,44,0441428,朝倉薬局　三本松店,日田市三本松一丁目２４２－９,0973-26-0323,株式会社　ニック　代表取締役　吉川　正男,辻　陽子,,,令7. 5. 1,kyushu/000491322.zip
薬局,44,0441436,朝倉薬局　上城内店,日田市上城内３９７－７,0973-24-6423,株式会社　ニック　代表取締役　吉川　正男,仲島　優一郎,,,令7. 5. 1,kyushu/000491322.zip
薬局,44,0441444,朝倉薬局　三和店,日田市大字三和字郡町３９－８,0973-22-5868,株式会社　ニック　代表取締役　吉川　正男,石井　研次,,,令7. 5. 1,kyushu/000491322.zip
薬局,44,0540286,（有）宮明薬局,佐伯市大手町３丁目４番２号,0972-22-0668,有限会社宮明薬局　代表取締役　宮明　洋一郎,宮明　洋一郎,,,昭57. 10. 1,kyushu/000491322.zip
薬局,44,0540542,有限会社中村調剤薬局,佐伯市中村東町９番３６号,0972-23-3780,有限会社　中村調剤薬局　代表取締役　田中　仁一,田中　健一郎,,,平9. 5. 1,kyushu/000491322.zip
薬局,44,0540591,南佐調剤薬局中央店,佐伯市向島２丁目１９－１４,0972-24-2125,有限会社南佐調剤薬局　代表取締役　御手洗　彰信,御手洗　里菜,,,平9. 8. 1,kyushu/000491322.zip
薬局,44,0540617,女島調剤薬局,佐伯市大字女島６８７３番地の１,0972-22-0009,株式会社下川薬局　代表取締役　下川　要二,赤嶺　貴子,,,平10. 11. 1,kyushu/000491322.zip
薬局,44,0540641,有限会社上岡調剤薬局,佐伯市上岡木戸ノ瀬１２５８－４,0972-20-3388,有限会社上岡調剤薬局　代表取締役　脇田　佳幸,脇田　佳幸,,,平11. 4. 1,kyushu/000491322.zip
薬局,44,0540658,中の島調剤薬局,佐伯市中の島１丁目２番２８号,0972-22-0551,株式会社　下川薬局　代表取締役　下川　要二,下川　要二,,,平11. 7. 1,kyushu/000491322.zip
薬局,44,0540666,夢見堂薬局　西谷店,佐伯市西谷町２番１７号,0972-20-5050,（有）夢見堂薬局　代表取締役　大津留　多加代,大津留　多加代,,,平11. 11. 1,kyushu/000491322.zip
薬局,44,0540690,東中の島調剤薬局,佐伯市中の島３丁目２番１号,0972-20-3311,株式会社下川薬局　代表取締役　下川　要二,安部　憲廣,,,平12. 6. 1,kyushu/000491322.zip
薬局,44,0540757,しもかわ調剤薬局,佐伯市鶴岡町１丁目１０番２２号,0972-25-1800,株式会社下川薬局　代表取締役　下川　要二,肥川　智武,,,平13. 7. 1,kyushu/000491322.zip
薬局,44,0540765,ほじん薬局　佐伯店,佐伯市女島一丁目７２７２番１,0972-20-3131,株式会社輔仁薬局　代表取締役　副　守尋,元谷　豊冶,,,平13. 11. 1,kyushu/000491322.zip
薬局,44,0540773,タカサキ薬局　佐伯店,佐伯市大字長谷７７２８番地の１,0972-22-8556,株式会社エム・ティ・プラニング　代表取締役　髙崎　政弘,髙司　弘子,,,平14. 9. 1,kyushu/000491322.zip
薬局,44,0540815,輔仁薬局　弥生店,佐伯市弥生大字江良１０５８番１,0972-25-3822,株式会社輔仁薬局　代表取締役　副　守尋,大神　隆行,,,平15. 11. 1,kyushu/000491322.zip
薬局,44,0540823,かまえ調剤薬局,佐伯市蒲江大字蒲江浦字中村２１７３番地,0972-42-5801,株式会社　下川薬局　代表取締役　下川　要二,簗瀬　真伍,,,平17. 7. 1,kyushu/000491322.zip
薬局,44,0540849,佐伯センター調剤,佐伯市中村東町２番１号１０２,0972-22-8001,株式会社下川薬局　代表取締役　下川　要二,松下　日出人,,,平19. 1. 1,kyushu/000491322.zip
薬局,44,0540856,ゆう調剤薬局　佐伯店,佐伯市長島町２丁目２１番１０号,0972-24-1480,株式会社ソメヤ　代表取締役　染矢　将吾,鈴耒　崇,,,平19. 10. 1,kyushu/000491322.zip
薬局,44,0540872,蛇崎調剤薬局,佐伯市池田１９３８番地１,0972-28-7855,株式会社下川薬局　代表取締役　下川　要二,染矢　倫孝,,,平20. 7. 1,kyushu/000491322.zip
薬局,44,0540898,クレイン調剤薬局,佐伯市鶴岡西町２丁目２６７番地,0972-20-3500,株式会社ケンミン　代表取締役社長　大津　龍次,平川　一郎,,,平21. 4. 1,kyushu/000491322.zip
薬局,44,0540922,しろやま調剤薬局,佐伯市城下西町７００番,0972-28-5115,株式会社　下川薬局　代表取締役　下川　要二,工藤　千里,,,平21. 5. 1,kyushu/000491322.zip
薬局,44,0540930,下川薬局長島店,佐伯市長島町４丁目１番６号,0972-28-5301,株式会社下川薬局　代表取締役　下川　要二,賀来　義徳,,,平23. 4. 1,kyushu/000491322.zip
薬局,44,0540948,ファン薬局　長門記念病院前,佐伯市鶴岡町１丁目２００７番７,0972-23-6181,（株）ファンメディカル　代表取締役　脇田　稔夫,黒木　光弘,,,平23. 9. 1,kyushu/000491322.zip
薬局,44,0540955,ゆう調剤薬局佐伯コスモ店,佐伯市鶴岡西町２丁目２１６番,0972-28-7521,株式会社ソメヤ　代表取締役　染矢　将吾,古代　晃士,,,平24. 3. 1,kyushu/000491322.zip
薬局,44,0540989,みつばち薬局,佐伯市鶴岡町１丁目２番３３,0972-24-3281,有限会社上岡調剤薬局　代表取締役　脇田　佳幸,東　豊浩,,,平26. 3. 1,kyushu/000491322.zip
薬局,44,0540997,もみじ薬局,佐伯市中の島一丁目１４番２３号,0972-28-6738,有限会社　直方メディカルサービス　代表取締役　水口　洋輝,新地　裕樹,,,平28. 2. 1,kyushu/000491322.zip
薬局,44,0541003,ゆう調剤薬局　佐伯東店,佐伯市長島町１丁目４番１７号,0972-28-5533,株式会社　ソメヤ　代表取締役　染矢　将吾,木許　琴希,,,平31. 4. 1,kyushu/000491322.zip
薬局,44,0541037,下川薬局光陽台店,佐伯市池田１７１２番３０,0972-28-8585,株式会社下川薬局　代表取締役　下川　要二,梅田　恵子,,,令2. 2. 1,kyushu/000491322.zip
薬局,44,0541052,渡町台調剤薬局,佐伯市長島町２－１３３－２,0972-28-7052,有限会社コスモス　代表取締役　内田　潤哉,宮田　喜仁,,,令2. 9. 1,kyushu/000491322.zip
薬局,44,0541060,佐伯調剤薬局,佐伯市常盤西町７番１３号,0972-22-9789,一般社団法人　佐伯市薬剤師会　会長　下川　要二,小嶋　祐一郎,,,令2. 11. 1,kyushu/000491322.zip
薬局,44,0541078,いちご薬局,佐伯市常盤東町１０番１６号,0972-28-5080,株式会社　コウキ　代表取締役　池邊　裕介,瀬頭　順平,,,令3. 7. 10,kyushu/000491322.zip
薬局,44,0541086,駅前調剤薬局,佐伯市駅前２丁目５番１０号,0972-23-0145,株式会社サニープレイス　代表取締役　河野　芳一,平　賢治,,,令3. 10. 1,kyushu/000491322.zip
薬局,44,0541094,ドラッグセイムス　佐伯中の島薬局,佐伯市中の島１－８－７,0972-28-5020,株式会社九州セイムス　代表取締役　浅井　家康,大賀　修作,,,令7. 6. 2,kyushu/000491322.zip
薬局,44,0640201,有限会社遠藤薬局,臼杵市大字江無田２５６の３,0972-62-3522,有限会社遠藤薬局　代表取締役　遠藤　晃五郎,遠藤　晃五郎,,,平元. 12. 1,kyushu/000491322.zip
薬局,44,0640268,峯薬局,臼杵市大字市浜字堂尻１１４８－６,0972-63-4020,峯　裕之,峯　裕之,,,平8. 7. 1,kyushu/000491322.zip
薬局,44,0640292,（有）萬里薬局,臼杵市大字臼杵６２３番地の２,0972-62-3006,有限会社　萬里薬局　代表取締役　石井　孝憲,本　昭雄,,,平10. 1. 1,kyushu/000491322.zip
薬局,44,0640318,（有）新星薬局,臼杵市大字臼杵２９１番地の１,0972-64-0515,有限会社新星薬局　取締役　正國　光洋,正國　光洋,,,平10. 4. 1,kyushu/000491322.zip
薬局,44,0640334,（有）かんだ薬局田町店,臼杵市大字臼杵字田町３０７番地,0972-64-0500,有限会社かんだ薬局　代表取締役　神田　宏憲,神田　宏憲,,,平10. 4. 1,kyushu/000491322.zip
薬局,44,0640342,（有）萬里薬局洲崎店,臼杵市大字臼杵２の１０７の７１７,0972-64-0138,有限会社萬里薬局　代表取締役　石井　孝憲,神田　秀一郎,,,平10. 9. 1,kyushu/000491322.zip
薬局,44,0640375,そうごう薬局臼杵コスモス店,臼杵市大字江無田１１０９－１,0972-63-8701,総合メディカル株式会社　代表取締役　多田　荘一郎,長野　曲来,,,平15. 11. 1,kyushu/000491322.zip
薬局,44,0640391,（有）友松薬局野津店,臼杵市野津町大字野津市北町１２２－１,0974-32-2899,有限会社友松薬局　代表取締役　友松　茂喜,安福　栄子,,,平10. 5. 1,kyushu/000491322.zip
薬局,44,0640409,赤嶺薬局,臼杵市野津町大字野津市１６４番地の１,0974-32-7617,赤嶺　佳子,赤嶺　佳子,,,平12. 2. 1,kyushu/000491322.zip
薬局,44,0640417,かめや薬局,臼杵市掛町２組,0972-62-2308,久保田　修太郎,久保田　修太郎,,,平20. 8. 1,kyushu/000491322.zip
薬局,44,0640425,森町薬局　臼杵店,臼杵市大字海添４２番地の５,0972-63-8128,株式会社　丸恵　代表取締役　松尾　照代,田中　豪,,,平22. 6. 1,kyushu/000491322.zip
薬局,44,0640433,有限会社　オカハチ薬局,臼杵市大字臼杵字浜１６４番地の７,0972-62-8844,有限会社オカハチ薬局　取締役　宮田　竹代,宮田　竹代,,,平28. 5. 2,kyushu/000491322.zip
薬局,44,0640441,ゆう調剤薬局　臼杵店,臼杵市大字江無田字椚ヶ迫１５３８番６,0972-64-0039,株式会社ソメヤ　代表取締役　染矢　将吾,三浦　直人,,,平29. 2. 1,kyushu/000491322.zip
薬局,44,0640458,市浜薬局,臼杵市大字市浜８６７番地,0972-83-5960,株式会社加納調剤薬局　代表取締役　橋本　朗洋,野﨑　慎,,,令元. 12. 1,kyushu/000491322.zip
薬局,44,0640466,さくら薬局,臼杵市園西１組,0972-63-8739,株式会社はちよん　代表取締役　橋本　朗洋,加納　史也,,,令2. 2. 1,kyushu/000491322.zip
薬局,44,0640474,カイト薬局,臼杵市大字掻懐２の９番地の１,0972-65-3800,株式会社フカイファーマシー　代表取締役　深井　勇次,深井　勇次,,,令4. 4. 1,kyushu/000491322.zip
薬局,44,0640482,サルビア薬局,臼杵市大字市浜７４３番地１７,0972-64-7770,株式会社　Ｕ－さとう　代表取締役　佐藤　英次郎,佐藤　英次郎,,,令6. 7. 1,kyushu/000491322.zip
薬局,44,0640490,永冨調剤薬局　臼杵店,臼杵市大字臼杵字浜２－１０７－７５１,0972-62-3262,株式会社なの花九州　代表取締役　永冨　将寛,足立　和也,,,令7. 4. 1,kyushu/000491322.zip
薬局,44,0640508,永冨調剤薬局　市浜店,臼杵市大字市浜６７０番１,0972-62-2213,株式会社なの花九州　代表取締役　永冨　将寛,多田　貴彦,,,令7. 4. 1,kyushu/000491322.zip
薬局,44,0740175,ローズ薬局,津久見市上宮本町２２番１０号,0972-82-8194,有限会社　ローズ薬局　代表取締役　池邊　裕介,桂原　史代,,,平10. 8. 1,kyushu/000491322.zip
薬局,44,0740225,そうごう薬局津久見店,津久見市大字千怒６１２６番地の２,0972-82-0661,総合メディカル株式会社　代表取締役　多田　荘一郎,松下　可衣,,,平17. 10. 1,kyushu/000491322.zip
薬局,44,0740233,かえで薬局,津久見市宮本町１１３２番１,0972-85-0103,有限会社直方メディカルサービス　代表取締役　水口　洋輝,野口　智裕,,,平19. 12. 1,kyushu/000491322.zip
薬局,44,0740258,そうごう薬局津久見港町店,津久見市港町９－３中津留ビル１階,0972-85-0381,総合メディカル（株）　代表取締役　多田　荘一郎,上村　将平,,,平23. 7. 1,kyushu/000491322.zip
薬局,44,0740274,イルカ薬局,津久見市千怒６０４５－１,0972-83-5700,株式会社ビジョンアンドワーク　代表取締役　幸　徹,河野　裕美子,,,平27. 4. 1,kyushu/000491322.zip
薬局,44,0740308,なつめ薬局,津久見市徳浦本町７番３５号,0972-83-8577,有限会社直方メディカルサービス　代表取締役　水口　洋輝,古谷　伸之助,,,令7. 9. 16,kyushu/000491322.zip
薬局,44,0740316,スギタ薬局日代店,津久見市大字網代９５番地２５,0972-85-3725,Ｐｈａｒｎｅｘｕｓ株式会社　代表取締役　杉田　康,杉田　沙紀,,,令8. 3. 1,kyushu/000491322.zip
薬局,44,0840249,（有）竹田調剤薬局会々店,竹田市大字会々字平３３１３－１０,0974-63-1193,有限会社竹田調剤薬局　代表取締役　村田　敏昭,塩月　厚信,,,平10. 6. 1,kyushu/000491322.zip
薬局,44,0840256,竹田医師会病院前薬局,竹田市大字拝田原字上津留４４９番１１,0974-64-9088,有限会社山田薬局　取締役　山田　佐与子,山田　純弥,,,平14. 3. 1,kyushu/000491322.zip
薬局,44,0840314,上角調剤薬局,竹田市大字竹田字立小野７５５番地,0974-63-0103,有限会社河野調剤　代表取締役　河野　哲治,河村　忠彦,,,平18. 9. 1,kyushu/000491322.zip
薬局,44,0840322,ときは橋調剤薬局,竹田市大字玉来６２０－１,0974-63-0125,有限会社河野調剤　代表取締役　河野　哲治,吉光　宏将,,,平19. 5. 1,kyushu/000491322.zip
薬局,44,0840330,有限会社　竹田調剤薬局,竹田市大字竹田１８９６－２,0974-63-2838,有限会社　竹田調剤薬局　代表取締役　村田　敏昭,高橋　正彦,,,平21. 9. 1,kyushu/000491322.zip
薬局,44,0840355,河野調剤薬局竹田駅前店,竹田市大字竹田浦町１８１９番３,0974-63-1189,有限会社河野調剤　代表取締役　河野　哲治,林　秀行,,,平30. 10. 1,kyushu/000491322.zip
薬局,44,0840363,大信薬局　久住店,竹田市久住町大字栢木６０３０－３,0974-64-7888,株式会社グッドフェローズ　代表取締役　吉村　企右,藤原　涼,,,令5. 3. 1,kyushu/000491322.zip
薬局,44,0940155,ウエガキ調剤薬局,豊後高田市浜町６６８番地の５,0978-22-2682,有限会社エンドル・ウエガキ薬局　代表取締役　宮﨑　雅英,小野本　百合,,,平4. 7. 1,kyushu/000491322.zip
薬局,44,0940171,たかだ調剤薬局,豊後高田市本町１２３７－１,0978-22-3568,株式会社たかだ調剤薬局　代表取締役　酒井　浩一,永石　潤,,,平8. 7. 1,kyushu/000491322.zip
薬局,44,0940189,ウエガキ調剤薬局玉津支店,豊後高田市玉津１３０８番地１号,0978-23-0950,有限会社エンドル・ウエガキ薬局　代表取締役　宮﨑　雅英,菅原　生実,,,平13. 3. 1,kyushu/000491322.zip
薬局,44,0940205,有限会社　友松薬局　真玉店,豊後高田市中真玉２１３５番地２,0978-53-5668,有限会社友松薬局　代表取締役　友松　茂喜,内村　智行,,,平6. 5. 1,kyushu/000491322.zip
薬局,44,0940213,はあとふる薬局,豊後高田市呉崎字新町１５９３番２,0978-24-0045,株式会社ピーズカンパニー　代表取締役　木下　幸治,梶村　哲也,,,平19. 11. 1,kyushu/000491322.zip
薬局,44,0940221,ワタナベ薬局　高田店,豊後高田市大字界３７２－３,0978-25-5955,株式会社ワタナベ　代表取締役　渡辺　幹雄,山本　剛暖,,,平26. 6. 1,kyushu/000491322.zip
薬局,44,0940239,たかだ調剤薬局　香々地店,豊後高田市見目３９３０番地１,0978-25-6677,株式会社　たかだ調剤薬局　代表取締役　酒井　浩一,冨永　賢,,,平28. 3. 1,kyushu/000491322.zip
薬局,44,0940247,藤本調剤薬局玉津店,豊後高田市玉津１１３,0978-25-7455,有限会社藤本調剤薬局　代表取締役　藤本　史郎,河野　英文,,,令8. 1. 1,kyushu/000491322.zip
薬局,44,1040278,（有）永松薬局,杵築市大字南杵築字大手内１９４７－４,0978-62-2137,有限会社永松薬局　代表取締役　永松　恵美子,永松　恵美子,,,平7. 1. 1,kyushu/000491322.zip
薬局,44,1040328,（有）永松薬局　大内店,杵築市大字大内字塩浜７６９６番地３,0978-66-1370,（有）永松薬局　代表取締役　永松　恵美子,佐藤　弘幸,,,平14. 4. 1,kyushu/000491322.zip
薬局,44,1040369,梅田薬局,杵築市山香町大字野原１７６９－７,0977-75-1009,梅田　宜宏,梅田　滋子,,,平10. 7. 1,kyushu/000491322.zip
薬局,44,1040377,山香町立病院前薬局,杵築市山香町大字野原字舟木１６４１,0977-75-0321,株式会社アウラ　代表取締役　山田　雄一,山田　雄一,,,平13. 6. 1,kyushu/000491322.zip
薬局,44,1040385,たていし調剤薬局,杵築市山香町大字立石１２６３－１１,0977-28-6800,株式会社　たかだ調剤薬局　代表取締役　酒井　浩一,酒井　えみ,,,平16. 4. 1,kyushu/000491322.zip
薬局,44,1040393,ワタナベ薬局　山香店,杵築市山香町大字野原１６４３－２番地,0977-28-5757,株式会社ワタナベ　代表取締役　渡辺　幹雄,田口　智康,,,平13. 5. 1,kyushu/000491322.zip
薬局,44,1040419,さとう調剤薬局杵築店,杵築市南杵築字魚町７－１１,0978-69-7373,有限会社さとう調剤薬局　代表取締役　佐藤　英隆,中島　聡子,,,平20. 3. 1,kyushu/000491322.zip
薬局,44,1040435,のぞみ調剤薬局,杵築市杵築１２０－４,0978-66-4113,株式会社のぞみ調剤薬局　代表取締役　佐々木　賢一,佐々木　賢一,,,平21. 2. 1,kyushu/000491322.zip
薬局,44,1040443,ジェイ・エイ薬局,杵築市大字大内７７０７－２,0978-63-2855,株式会社ＪＡいこいの村　代表取締役社長　藤原　洋三,後藤　淳子,,,平22. 5. 1,kyushu/000491322.zip
薬局,44,1040468,つきの薬局,杵築市杵築６６５番地４３２,0978-68-8888,有限会社ハシモト薬局　取締役　橋本　真由美,小路　晃平,,,令2. 4. 1,kyushu/000491322.zip
薬局,44,1040484,城山調剤薬局　北浜店,杵築市大字杵築６６５－７５０,0978-63-1795,株式会社ケンミン　代表取締役社長　大津　龍次,馬場　貴子,,,令3. 7. 1,kyushu/000491322.zip
薬局,44,1040492,城山調剤薬局　中央店,杵築市大字杵築６６５－７８６,0978-63-3788,株式会社ケンミン　代表取締役社長　大津　龍次,矢野　仁美,,,令3. 7. 1,kyushu/000491322.zip
薬局,44,1040500,セイユー堂薬局　杵築店,杵築市大字杵築６６５－９２３，９２４,0978-66-1213,有限会社コスモス　代表取締役　内田　潤哉,吉村　貴秀,,,令6. 6. 3,kyushu/000491322.zip
薬局,44,1140177,有限会社　熊仁寿堂薬局,宇佐市大字尾永井２９３,0978-32-0324,有限会社　熊仁寿堂薬局　代表者　熊　順治,熊　みどり,,,昭49. 3. 1,kyushu/000491322.zip
薬局,44,1140391,（有）友松薬局山本店,宇佐市大字山本字百枝１６６１の１１,0978-32-2420,有限会社友松薬局　代表取締役　友松　茂喜,友松　勇喜,,,平8. 4. 1,kyushu/000491322.zip
薬局,44,1140433,（有）友松薬局　糸口店,宇佐市大字下時枝５６８－３,0978-33-2220,有限会社友松薬局　代表取締役　友松　茂喜,友松　由季子,,,平9. 9. 1,kyushu/000491322.zip
薬局,44,1140466,有限会社　熊仁寿堂熊薬局,宇佐市大字上高家１３９０－１,0978-33-2949,有限会社　熊仁寿堂薬局　代表取締役　熊　順治,熊　佐代子,,,平11. 7. 1,kyushu/000491322.zip
薬局,44,1140474,ウエガキ調剤薬局南敷田支店,宇佐市南敷田７１４番地１号,0978-34-1150,有限会社　エンドル・ウエガキ薬局　代表取締役　宮﨑　雅英,加藤　直美,,,平11. 7. 1,kyushu/000491322.zip
薬局,44,1140482,ワタナベ薬局　本店,宇佐市大字四日市１４４４－４,0978-33-0005,株式会社ワタナベ　代表取締役　渡辺　幹雄,重年　稔,,,平11. 11. 1,kyushu/000491322.zip
薬局,44,1140490,ワタナベ薬局　四日市店,宇佐市大字四日市字瓦塚１０－６,0978-33-1113,株式会社ワタナベ　代表取締役　渡辺　幹雄,小林　聡子,,,平11. 11. 1,kyushu/000491322.zip
薬局,44,1140508,ワタナベ薬局　豊川店,宇佐市中原３４０－６,0978-33-2800,株式会社ワタナベ　代表取締役　渡辺　幹雄,藤川　尚代,,,平11. 11. 1,kyushu/000491322.zip
薬局,44,1140516,ワタナベ薬局　原店,宇佐市大字原字津房７８０－４,0978-33-0020,株式会社ワタナベ　代表取締役　渡辺　幹雄,福光　博敏,,,平11. 11. 1,kyushu/000491322.zip
薬局,44,1140532,ワタナベ薬局　神宮店,宇佐市大字南宇佐７６６－８,0978-37-0210,株式会社ワタナベ　代表取締役　渡辺　幹雄,堀　英次郎,,,平12. 4. 1,kyushu/000491322.zip
薬局,44,1140540,有限会社　友松薬局　柳ケ浦店,宇佐市大字江須賀１９５１ー５,0978-38-2344,有限会社友松薬局　代表取締役　友松　茂喜,大波多　順一郎,,,平13. 4. 1,kyushu/000491322.zip
薬局,44,1140557,サザン薬局　宇佐店,宇佐市大字葛原７７４ー３,0978-34-6789,有限会社サザン薬局　代表取締役　塔筋　智之,塔筋　智之,,,平13. 8. 1,kyushu/000491322.zip
薬局,44,1140565,ワタナベ薬局　宇佐駅前店,宇佐市大字出光１６０－８,0978-37-3334,株式会社ワタナベ　代表取締役　渡辺　幹雄,栗谷　佳代,,,平14. 9. 1,kyushu/000491322.zip
薬局,44,1140599,ワタナベ薬局法鏡寺店,宇佐市大字法鏡寺８０－１,0978-33-0023,株式会社ワタナベ　代表取締役　渡辺　幹雄,溝口　昂,,,平16. 7. 20,kyushu/000491322.zip
薬局,44,1140656,（有）院内町薬局,宇佐市院内町大副４８３－１,0978-34-3836,有限会社　院内町薬局　代表取締役　小澤　大三,小澤　大三,,,平15. 11. 1,kyushu/000491322.zip
薬局,44,1140664,ワタナベ薬局　中央店,宇佐市大字四日市字鬼枝７６番２,0978-34-0222,株式会社　ワタナベ　代表取締役　渡辺　幹雄,大石　惠美子,,,平17. 4. 1,kyushu/000491322.zip
薬局,44,1140672,ワタナベ薬局宇佐店,宇佐市大字北宇佐字前田１６２１番地５,0978-34-7575,株式会社ワタナベ　代表取締役　渡辺　幹雄,有吉　明美,,,平17. 6. 1,kyushu/000491322.zip
薬局,44,1140722,ワタナベ薬局南宇佐店,宇佐市大字南宇佐字椎ノ宮６３５番３,0978-34-7700,株式会社ワタナベ　代表取締役　渡辺　幹雄,末弘　信子,,,平25. 4. 1,kyushu/000491322.zip
薬局,44,1140730,ワタナベ薬局　上田店,宇佐市大字上田１７０－２１,0978-25-5510,株式会社ワタナベ　代表取締役　渡辺　幹雄,奈良　信幸,,,平26. 4. 1,kyushu/000491322.zip
薬局,44,1140789,ワタナベ薬局芝原店,宇佐市大字上田８２－３,0978-32-7150,株式会社ワタナベ　代表取締役　渡辺　幹雄,久家　善英,,,平29. 11. 1,kyushu/000491322.zip
薬局,44,1140797,ワタナベ薬局　本町店,宇佐市大字四日市１５２－２,0978-32-7667,株式会社ワタナベ　代表取締役　渡辺　幹雄,長田　耕一,,,平30. 5. 1,kyushu/000491322.zip
薬局,44,1140805,大信薬局　安心院中央店,宇佐市安心院町下毛香田２２０９－２,0978-44-2380,株式会社グッドフェローズ　代表取締役　吉村　企右,小野本　千穂,,,令3. 12. 1,kyushu/000491322.zip
薬局,44,1140813,大信薬局　安心院本店,宇佐市安心院町下毛２０１７－１,0978-44-0028,株式会社グッドフェローズ　代表取締役　吉村　企右,中島　恵美,,,令3. 12. 1,kyushu/000491322.zip
薬局,44,1140821,ワタナベ薬局安心院店,宇佐市安心院町下毛２０６２－３,0978-44-2600,株式会社ワタナベ　代表取締役　渡辺　幹雄,後藤　秀樹,,,令5. 2. 1,kyushu/000491322.zip
薬局,44,1140839,幸薬局,宇佐市安心院町木裳２３７－２,0978-44-0522,株式会社メタケア　代表取締役　中嶋　秀和,中嶋　秀和,,,令5. 4. 1,kyushu/000491322.zip
薬局,44,1140847,ワタナベ薬局長洲店,宇佐市長洲２１２４番１,0978-34-8880,株式会社ワタナベ　代表取締役　渡辺　幹雄,井上　綾人,,,令6. 4. 1,kyushu/000491322.zip
薬局,44,1140854,ワタナベ薬局江須賀店,宇佐市江須賀４０４０番地の７,0978-38-6582,株式会社ワタナベ　代表取締役　渡辺　幹雄,今戸　英夫,,,令6. 11. 1,kyushu/000491322.zip
薬局,44,1240035,いづみ調剤薬局,豊後大野市三重町秋葉字寺後１００１の３,0974-22-5663,有限会社はたの恒至堂　代表取締役　秦野　恵美,平林　修平,,,平2. 11. 1,kyushu/000491322.zip
薬局,44,1240050,有限会社やの薬局,豊後大野市三重町市場９３１番地１,0974-22-4116,有限会社やの薬局　代表取締役　矢野　憲一,矢野　ことみ,,,平5. 6. 1,kyushu/000491322.zip
薬局,44,1240076,あそう調剤薬局高砂店,豊後大野市三重町市場１３５の１,0974-22-7810,有限会社パルマコン　代表取締役　麻生　広志,麻生　広志,,,平10. 2. 1,kyushu/000491322.zip
薬局,44,1240084,三重調剤薬局,豊後大野市三重町大字小坂４１１０－３６,0974-24-9005,有限会社三重調剤薬局　谷川　徳昭,谷川　徳昭,,,平10. 6. 1,kyushu/000491322.zip
薬局,44,1240100,（有）首藤薬局緒方店,豊後大野市緒方町下自在１５６－７,0974-24-9400,有限会社首藤薬局　代表取締役　首藤　昌宏,堀　英一郎,,,平10. 10. 1,kyushu/000491322.zip
薬局,44,1240159,有限会社おおの調剤薬局おがた店,豊後大野市緒方町馬場３０６番地の１,0974-24-4610,有限会社おおの調剤薬局　代表取締役　赤嶺　佳子,衛藤　英治,,,平16. 4. 1,kyushu/000491322.zip
薬局,44,1240183,わかば薬局,豊後大野市三重町赤嶺字深田１５７１番地,0974-26-4033,株式会社そうりん　代表取締役　藤井　陽生,上里　樹璃亜,,,平16. 9. 1,kyushu/000491322.zip
薬局,44,1240191,みどり調剤薬局,豊後大野市三重町大字市場字高市２０７番１,0974-22-8355,株式会社　博愛中井調剤薬局　代表取締役　安部　律夫,田谷　学,,,平16. 10. 1,kyushu/000491322.zip
薬局,44,1240209,（有）首藤薬局犬飼店,豊後大野市犬飼町田原１１０５－１－５,097-578-5277,（有）首藤薬局　代表取締役　首藤　昌宏,首藤　昌宏,,,平17. 5. 1,kyushu/000491322.zip
薬局,44,1240217,（有）緒方薬局,豊後大野市緒方町馬場２１番地１０,0974-42-2273,有限会社　緒方薬局　取締役　羽田野　雅文,羽田野　雅文,,,平17. 5. 1,kyushu/000491322.zip
薬局,44,1240225,ふるさと薬局,豊後大野市大野町田中２番地１０,0974-24-5400,有限会社はらから　代表取締役　前原　理佳,前原　理佳,,,平18. 4. 1,kyushu/000491322.zip
薬局,44,1240233,あそう調剤薬局　赤嶺店,豊後大野市三重町赤嶺１１６４番地７４,0974-22-6300,有限会社パルマコン　代表取締役　麻生　広志,神田　有子,,,平18. 6. 1,kyushu/000491322.zip
薬局,44,1240241,さくら薬局,豊後大野市大野町田中２６６－２,0974-24-5100,有限会社ＹＨＹ　代表取締役　山本　宏美,山本　宏美,,,平19. 10. 1,kyushu/000491322.zip
薬局,44,1240266,まえはら調剤薬局,豊後大野市緒方町馬場３２番地,0974-42-3377,有限会社はらから　代表取締役　前原　理佳,二ノ宮　綾子,,,平20. 1. 1,kyushu/000491322.zip
薬局,44,1240274,あそう調剤薬局小児科まえ店,豊後大野市三重町赤嶺８６２番地１,0974-22-8900,有限会社パルマコン　代表取締役　麻生　広志,黒田　哲郎,,,平20. 4. 1,kyushu/000491322.zip
薬局,44,1240282,けやき薬局,豊後大野市三重町小坂４１０９－６７,0974-22-5170,株式会社　そうりん　代表取締役　藤井　陽生,岩本　憲樹,,,平22. 9. 1,kyushu/000491322.zip
薬局,44,1240308,みつば薬局,豊後大野市三重町赤嶺１２５０－８,0974-22-0310,株式会社　そうりん　代表取締役　藤井　陽生,内田　康博,,,平23. 4. 1,kyushu/000491322.zip
薬局,44,1240324,あそう調剤薬局　市場三区店,豊後大野市三重町市場１３０５番地,0974-22-8771,有限会社　パルマコン　代表取締役　麻生　広志,兼田　美郷,,,平24. 4. 1,kyushu/000491322.zip
薬局,44,1240340,龜島亀齢堂薬局,豊後大野市犬飼町犬飼字上本町１６番１,097-586-8080,エム・ジェイＰｈａｒｍａ株式会社　代表取締役　児玉　淳,吉　篤郎,,,令4. 5. 30,kyushu/000491322.zip
薬局,44,1340074,杉原薬局　湯布院店,由布市湯布院町川上３０６１－９,0977-28-8866,有限会社杉原薬局　代表取締役　村山　孝,中﨑　崇,,,平14. 4. 1,kyushu/000491322.zip
薬局,44,1340090,輔仁薬局　湯布院店,由布市湯布院町川南字台３０５番１,0977-28-2157,株式会社輔仁薬局　代表取締役　副　守尋,副　守尋,,,平14. 10. 1,kyushu/000491322.zip
薬局,44,1340140,西庄内調剤薬局,由布市庄内町庄内原字前８２８番３,097-586-2181,有限会社河野調剤　代表取締役　河野　哲治,河野　雄太,,,平19. 5. 1,kyushu/000491322.zip
薬局,44,1340165,まごころ調剤薬局　はさま店,由布市挾間町北方２１－１,097-583-2066,株式会社まごころ調剤薬局　代表取締役　副　守尋,髙山　英征,,,平19. 10. 1,kyushu/000491322.zip
薬局,44,1340181,一向堂薬局,由布市庄内町柿原２８１－１０,097-586-2335,有限会社一向堂薬局　代表取締役　伊藤　敏明,伊藤　佳子,,,平21. 1. 1,kyushu/000491322.zip
薬局,44,1340207,庄内調剤薬局,由布市庄内町大龍２３５６－２,097-586-2155,有限会社河野調剤　代表取締役　河野　哲治,野上　良太,,,平23. 2. 16,kyushu/000491322.zip
薬局,44,1340223,みさと薬局　挾間店,由布市挾間町挾間２７０番地１,097-586-3444,株式会社みさと薬局　代表取締役　副　啓子,副　千秋,,,平24. 6. 1,kyushu/000491322.zip
薬局,44,1340231,あい調剤薬局,由布市庄内町大龍２１６８,090-9790-6670,株式会社クレアス　代表取締役　岩田　貴司,高嶋　純一郎,,,平26. 4. 1,kyushu/000491322.zip
薬局,44,1340249,あき調剤薬局　湯布院店,由布市湯布院町川上岩木ヤシキ２４０１番１,0977-84-7233,株式会社薬苑あき　代表取締役　藤原　敬代,藤原　拓司,,,平27. 5. 11,kyushu/000491322.zip
薬局,44,1340256,はさま調剤薬局,由布市挾間町向原３４０－２,097-586-3121,株式会社　ブンゴヤ薬局　代表取締役社長　荘司　晃寿,赤峰　孝史,,,平27. 5. 1,kyushu/000491322.zip
薬局,44,1340264,湯布院調剤薬局,由布市湯布院町川北１１２３－４,0977-84-7272,株式会社若杉　代表取締役　若杉　貴浩,若杉　貴浩,,,平27. 9. 1,kyushu/000491322.zip
薬局,44,1340280,赤松薬局,由布市挾間町向原１４８－１０,097-583-0125,赤松　正子,赤松　政則,,,令元. 6. 1,kyushu/000491322.zip
薬局,44,1340298,ドラッグイレブン薬局大分医大前店,由布市挾間町医大ヶ丘３丁目１２３３－２,097-586-3411,株式会社ドラッグイレブン　代表取締役　半澤　剛,木村　圭佑,,,令5. 10. 1,kyushu/000491322.zip
薬局,44,1340306,永冨調剤薬局はさまイオン前店,由布市挾間町北方字下角５３番地,097-586-3216,株式会社なの花九州　代表取締役　永冨　将寛,一井　亮吉,,,令7. 4. 1,kyushu/000491322.zip
薬局,44,1340314,永冨調剤薬局はさま店,由布市挾間町北方７５６番２,097-586-3781,株式会社なの花九州　代表取締役　永冨　将寛,中尾　翔,,,令7. 4. 1,kyushu/000491322.zip
薬局,44,1440056,コスモス薬局,国東市国東町鶴川１９７番地２,0978-73-0123,株式会社丸恵　代表取締役　松尾　照代,田口　美恵子,,,平12. 4. 1,kyushu/000491322.zip
薬局,44,1440072,国東市民病院前薬局,国東市安岐町下原字原口１４６６番地２,0978-64-7551,株式会社そうりん　代表取締役　藤井　陽生,植田　忠大,,,平15. 4. 1,kyushu/000491322.zip
薬局,44,1440080,ロ・セレーノ調剤薬局,国東市国東町小原２７２１－２,0978-73-2101,有限会社エム・エイチ・エス　取締役　森光　克明,大土　正満,,,平15. 9. 1,kyushu/000491322.zip
薬局,44,1440098,有限会社ハシモト薬局,国東市安岐町塩屋３０８番地の１,0978-67-2621,有限会社ハシモト薬局　取締役　橋本　真由美,橋本　瑞穗,,,平15. 9. 15,kyushu/000491322.zip
薬局,44,1440106,ゑびす家薬局,国東市国東町富来浦１７８８－１１,0978-73-3530,有限会社モリミツ薬局　代表取締役　森光　克明,森光　克明,,,平15. 11. 1,kyushu/000491322.zip
薬局,44,1440114,（有）友松薬局伊美店,国東市国見町伊美２７０２－２,0978-82-0808,有限会社友松薬局　代表取締役　友松　茂喜,定行　秀実,,,平16. 4. 1,kyushu/000491322.zip
薬局,44,1440122,なのはな薬局,国東市武蔵町古市９０番の４,0978-64-8220,株式会社ピーズカンパニー　代表取締役　木下　幸治,児玉　慎一,,,平16. 5. 1,kyushu/000491322.zip
薬局,44,1440130,有限会社たかはし薬局,国東市武蔵町古市１１２－３,0978-68-0005,有限会社たかはし薬局　代表取締役　髙橋　敬惠,岩　明子,,,平18. 2. 1,kyushu/000491322.zip
薬局,44,1440163,あさがお薬局,国東市国東町綱井４４５－５,0978-73-0707,有限会社暘谷駅前薬局　代表取締役　鈴木　勝,関　晃行,,,平20. 7. 1,kyushu/000491322.zip
薬局,44,1440171,むさし調剤薬局,国東市武蔵町糸原２５４５番６,0978-68-1317,古城　晋一,古城　晋一,,,平22. 4. 1,kyushu/000491322.zip
薬局,44,1440189,そうごう薬局　国東店,国東市安岐町下原１２９２,0978-64-7741,総合メディカル株式会社　代表取締役　多田　荘一郎,中島　正博,,,平25. 2. 1,kyushu/000491322.zip
薬局,44,1440197,アイン薬局　国東店,国東市国見町大熊毛字花開１８２－１,0978-73-9555,株式会社アインファーマシーズ　代表取締役　淡路　英広,友綱　達也,,,令2. 10. 1,kyushu/000491322.zip
薬局,44,1440205,プラム薬局安岐店,国東市安岐町塩屋１１３－４,0978-66-7411,株式会社プラム　代表取締役　矢野　彰史,矢野　純也,,,令6. 6. 1,kyushu/000491322.zip
薬局,44,2240109,小向薬局本店,速見郡日出町２９９６番地２,0977-72-2859,有限会社ヘルスランド小向　代表取締役　小向　正幸,小向　三智代,,,平元. 6. 1,kyushu/000491322.zip
薬局,44,2240133,小向調剤薬局,速見郡日出町川崎３番地の２,0977-73-0602,有限会社ヘルスランド小向　代表取締役　小向　正幸,小向　輝,,,平5. 5. 1,kyushu/000491322.zip
薬局,44,2240182,有限会社暘谷駅前薬局,速見郡日出町３１６６番地,0977-72-2351,有限会社暘谷駅前薬局　代表取締役　鈴木　勝,鈴木　則子,,,平11. 3. 1,kyushu/000491322.zip
薬局,44,2240216,さとう調剤薬局,速見郡日出町３８３４－１２,0977-28-0086,有限会社さとう調剤薬局　代表取締役　佐藤　英隆,石橋　和子,,,平12. 10. 1,kyushu/000491322.zip
薬局,44,2240240,タカサキ薬局　日出店,速見郡日出町３９０２－７,0977-72-1158,株式会社フクオカ・クリニカル・ファーマシー　代表取締役　髙崎　政弘,伊藤　慎二,,,平15. 12. 1,kyushu/000491322.zip
薬局,44,2240257,日出調剤薬局,速見郡日出町３８５２番地９,0977-73-1203,有限会社坂ノ市杉原調剤薬局　代表取締役　杉原　正剛,菊池　幸助,,,平16. 1. 1,kyushu/000491322.zip
薬局,44,2240273,有限会社さとう調剤薬局　佐尾店,速見郡日出町３９０４－７,0977-28-0103,有限会社さとう調剤薬局　代表取締役　佐藤　英隆,今枝　勝郎,,,平19. 7. 1,kyushu/000491322.zip
薬局,44,2240281,あゆみ調剤薬局,速見郡日出町３８３９番地の６,0977-28-0788,株式会社エスケイエス　代表取締役　小島　洋司,野尻　優理子,,,平19. 10. 1,kyushu/000491322.zip
薬局,44,2240299,さざんか薬局,速見郡日出町川崎８３７－１,0977-85-8830,株式会社そうりん　代表取締役　藤井　陽生,前田　祥子,,,平23. 9. 1,kyushu/000491322.zip
薬局,44,2240307,ワタナベ薬局日出店,速見郡日出町大字川崎４９４１の８,0977-72-7178,株式会社ワタナベ　代表取締役　渡辺　幹雄,永野　美佐緒,,,平29. 9. 1,kyushu/000491322.zip
薬局,44,2240315,すずかぜ薬局,速見郡日出町３９０２－１,0977-76-5883,有限会社暘谷駅前薬局　代表取締役　鈴木　勝,関　麻依子,,,令2. 4. 1,kyushu/000491322.zip
薬局,44,2240323,ひので薬局,速見郡日出町豊岡辻間６１００－４７３,0977-72-9727,株式会社ひのでファーマシー　代表取締役　佐藤　裕也,佐藤　裕也,,,令6. 4. 1,kyushu/000491322.zip
薬局,44,2840296,有限会社ここのえ薬局,玖珠郡九重町大字町田５６４番地の２,0973-73-2525,有限会社ここのえ薬局　代表取締役　財津　文豪,財津　文豪,,,平11. 10. 1,kyushu/000491322.zip
薬局,44,2840312,タマヤ薬局,玖珠郡九重町大字右田７２５番地の６,0973-77-6833,有限会社タマヤ　代表取締役　大久保　裕二,大久保　裕二,,,平12. 2. 1,kyushu/000491322.zip
薬局,44,2840346,かすが薬局,玖珠郡玖珠町大字帆足２５８番地１２,0973-72-4845,株式会社かすが薬局　代表取締役　小野　哲郎,小野　哲郎,,,平18. 12. 1,kyushu/000491322.zip
薬局,44,2840361,みしま薬局,玖珠郡玖珠町大字森９８７番地の３,0973-72-0918,株式会社淡水　代表取締役　財津　広樹,田中　貴裕,,,平22. 10. 1,kyushu/000491322.zip
薬局,44,2840395,（有）シンエイ調剤薬局,玖珠郡玖珠町大字塚脇４６１番地の３１,0973-73-9222,有限会社シンエイ調剤薬局　代表取締役　古城　稔久,古城　稔久,,,平26. 7. 1,kyushu/000491322.zip
薬局,44,2840403,やまだ薬局,玖珠郡玖珠町大字山田２２８８－１,0973-72-7218,株式会社淡水　代表取締役　財津　広樹,北郷　太門,,,平26. 12. 8,kyushu/000491322.zip
薬局,44,2840429,ひまわり薬局,玖珠郡玖珠町大字塚脇４４１番地の１,0973-77-2203,株式会社くすりの樹　代表取締役　田代　修三,田代　修三,,,令6. 8. 1,kyushu/000491322.zip
薬局,44,2840437,株式会社淡水よつば薬局,玖珠郡玖珠町大字帆足３７１番１７,0973-72-1388,株式会社淡水　代表取締役　財津　広樹,山口　喬広,,,令7. 5. 1,kyushu/000491322.zip
薬局,44,2840445,みやま薬局,玖珠郡玖珠町塚脇１７１－１,0973-72-3885,株式会社ＧＡＴＥ　代表取締役　関　恒彦,帆足　明美,,,令7. 5. 1,kyushu/000491322.zip
